Name,Team,Year,Date,Opp,Role,Dec,ERA,WHIP,IP,NP,R,ER,H,HR,SO,BB,HB,GS,Venue,Stadium,Time,Temp,연투 여부,휴식일 수,연투일,Height,Weight,BirthYear,투심_구사율,포심_구사율,커터_구사율,커브_구사율,슬라_구사율,첸접_구사율,싱커_구사율,포크_구사율,너클_구사율,기타_구사율,투심_피안타율,포심_피안타율,커터_피안타율,커브_피안타율,슬라_피안타율,첸접_피안타율,싱커_피안타율,포크_피안타율,너클_피안타율,기타_피안타율
고영표,KT,2025,2025-03-25,vs. Doosan,SP,,5.79,1.93,4.666666667,94,3,3,8,0,5,1,1,39.0,Home,수원 KT 위즈파크,18:30,12.6,False,0,1,187cm,88kg,1991,31.7,6.7,1.7,7.5,1.8,50.2,0.0,0.0,0.0,0.0,0.344,0.409,0.167,0.455,0.25,0.23,0.0,0.0,0.0,0.0
고영표,KT,2025,2025-03-30,@ Lotte,SP,,3.0,1.5,6.0,102,2,2,7,1,6,2,0,54.0,Away,사직 야구장,14:00,10.2,False,4,1,187cm,88kg,1991,31.7,6.7,1.7,7.5,1.8,50.2,0.0,0.0,0.0,0.0,0.344,0.409,0.167,0.455,0.25,0.23,0.0,0.0,0.0,0.0
고영표,KT,2025,2025-04-08,vs. NC,SP,W,1.29,0.43,7.0,99,1,1,3,0,10,0,0,77.0,Home,수원 KT 위즈파크,18:30,14.8,False,8,1,187cm,88kg,1991,31.7,6.7,1.7,7.5,1.8,50.2,0.0,0.0,0.0,0.0,0.344,0.409,0.167,0.455,0.25,0.23,0.0,0.0,0.0,0.0
고영표,KT,2025,2025-04-15,@ Kia,SP,,0.0,0.83,6.0,99,0,0,3,0,11,2,1,74.0,Away,광주 기아 챔피언스 필드,18:30,13.2,False,6,1,187cm,88kg,1991,31.7,6.7,1.7,7.5,1.8,50.2,0.0,0.0,0.0,0.0,0.344,0.409,0.167,0.455,0.25,0.23,0.0,0.0,0.0,0.0
고영표,KT,2025,2025-04-20,@ Kiwoom,SP,W,0.0,0.33,9.0,100,0,0,3,0,7,0,0,88.0,Away,고척 스카이돔,14:00,25.5,False,4,1,187cm,88kg,1991,31.7,6.7,1.7,7.5,1.8,50.2,0.0,0.0,0.0,0.0,0.344,0.409,0.167,0.455,0.25,0.23,0.0,0.0,0.0,0.0
고영표,KT,2025,2025-04-26,@ Hanwha,SP,L,3.0,1.33,6.0,83,2,2,6,0,4,2,0,54.0,Away,대전 한화생명 볼파크,17:00,20.4,False,5,1,187cm,88kg,1991,31.7,6.7,1.7,7.5,1.8,50.2,0.0,0.0,0.0,0.0,0.344,0.409,0.167,0.455,0.25,0.23,0.0,0.0,0.0,0.0
고영표,KT,2025,2025-05-02,vs. Kiwoom,SP,L,4.5,3.0,6.0,103,5,3,16,0,6,2,0,28.0,Home,수원 KT 위즈파크,18:30,14.5,False,5,1,187cm,88kg,1991,31.7,6.7,1.7,7.5,1.8,50.2,0.0,0.0,0.0,0.0,0.344,0.409,0.167,0.455,0.25,0.23,0.0,0.0,0.0,0.0
고영표,KT,2025,2025-05-10,vs. Lotte,SP,L,11.57,2.79,4.666666667,93,8,6,11,1,3,2,0,15.0,Home,수원 KT 위즈파크,17:00,11.8,False,7,1,187cm,88kg,1991,31.7,6.7,1.7,7.5,1.8,50.2,0.0,0.0,0.0,0.0,0.344,0.409,0.167,0.455,0.25,0.23,0.0,0.0,0.0,0.0
고영표,KT,2025,2025-05-15,@ Samsung,SP,L,9.0,1.75,4.0,78,5,4,6,0,5,1,0,36.0,Away,대구 삼성 라이온즈 파크,18:30,19.0,False,4,1,187cm,88kg,1991,31.7,6.7,1.7,7.5,1.8,50.2,0.0,0.0,0.0,0.0,0.344,0.409,0.167,0.455,0.25,0.23,0.0,0.0,0.0,0.0
고영표,KT,2025,2025-05-21,vs. Kia,SP,W,1.29,1.29,7.0,94,1,1,8,0,4,1,0,60.0,Home,수원 KT 위즈파크,18:30,26.8,False,5,1,187cm,88kg,1991,31.7,6.7,1.7,7.5,1.8,50.2,0.0,0.0,0.0,0.0,0.344,0.409,0.167,0.455,0.25,0.23,0.0,0.0,0.0,0.0
고영표,KT,2025,2025-05-27,vs. Doosan,SP,W,1.17,0.39,7.666666667,92,1,1,3,0,9,0,2,76.0,Home,수원 KT 위즈파크,18:30,22.9,False,5,1,187cm,88kg,1991,31.7,6.7,1.7,7.5,1.8,50.2,0.0,0.0,0.0,0.0,0.344,0.409,0.167,0.455,0.25,0.23,0.0,0.0,0.0,0.0
고영표,KT,2025,2025-06-07,vs. SSG,SP,W,1.5,1.33,6.0,98,1,1,7,0,7,1,1,61.0,Home,수원 KT 위즈파크,17:00,26.6,False,10,1,187cm,88kg,1991,31.7,6.7,1.7,7.5,1.8,50.2,0.0,0.0,0.0,0.0,0.344,0.409,0.167,0.455,0.25,0.23,0.0,0.0,0.0,0.0
고영표,KT,2025,2025-06-15,@ Samsung,SP,W,3.0,2.0,6.0,114,3,2,10,0,4,2,0,44.0,Away,대구 삼성 라이온즈 파크,17:00,25.2,False,7,1,187cm,88kg,1991,31.7,6.7,1.7,7.5,1.8,50.2,0.0,0.0,0.0,0.0,0.344,0.409,0.167,0.455,0.25,0.23,0.0,0.0,0.0,0.0
고영표,KT,2025,2025-06-27,@ Lotte,SP,,23.63,3.75,2.666666667,60,7,7,9,1,3,1,0,14.0,Away,사직 야구장,18:30,25.9,False,11,1,187cm,88kg,1991,31.7,6.7,1.7,7.5,1.8,50.2,0.0,0.0,0.0,0.0,0.344,0.409,0.167,0.455,0.25,0.23,0.0,0.0,0.0,0.0
고영표,KT,2025,2025-07-03,vs. Kiwoom,SP,W,1.5,0.5,6.0,95,1,1,3,1,6,0,1,67.0,Home,수원 KT 위즈파크,18:30,30.9,False,5,1,187cm,88kg,1991,31.7,6.7,1.7,7.5,1.8,50.2,0.0,0.0,0.0,0.0,0.344,0.409,0.167,0.455,0.25,0.23,0.0,0.0,0.0,0.0
고영표,KT,2025,2025-07-10,@ SSG,SP,W,1.5,1.17,6.0,111,2,1,4,1,7,3,0,62.0,Away,인천 SSG 랜더스필드,18:30,33.4,False,6,1,187cm,88kg,1991,31.7,6.7,1.7,7.5,1.8,50.2,0.0,0.0,0.0,0.0,0.344,0.409,0.167,0.455,0.25,0.23,0.0,0.0,0.0,0.0
곽빈,두산,2025,2025-06-03,vs. Kia,SP,L,9.0,1.67,3.0,66,3,3,1,0,6,4,1,46.0,Home,잠실 야구장,18:30,22.8,False,0,1,187cm,95kg,1999,0.0,45.1,0.0,14.8,25.1,14.7,0.0,0.0,0.0,0.0,0.0,0.269,0.0,0.2,0.22,0.129,0.0,0.0,0.0,0.0
곽빈,두산,2025,2025-06-08,vs. Lotte,SP,L,3.6,1.6,5.0,87,2,2,6,0,4,2,0,49.0,Home,잠실 야구장,17:00,28.5,False,4,1,187cm,95kg,1999,0.0,45.1,0.0,14.8,25.1,14.7,0.0,0.0,0.0,0.0,0.0,0.269,0.0,0.2,0.22,0.129,0.0,0.0,0.0,0.0
곽빈,두산,2025,2025-06-15,vs. Kiwoom,SP,W,2.35,0.78,7.666666667,94,2,2,6,1,3,0,0,62.0,Home,잠실 야구장,17:00,30.2,False,6,1,187cm,95kg,1999,0.0,45.1,0.0,14.8,25.1,14.7,0.0,0.0,0.0,0.0,0.0,0.269,0.0,0.2,0.22,0.129,0.0,0.0,0.0,0.0
곽빈,두산,2025,2025-06-21,@ LG,SP,W,6.0,1.5,6.0,102,4,4,7,1,2,2,0,42.0,Away,잠실 야구장,17:00,25.6,False,5,1,187cm,95kg,1999,0.0,45.1,0.0,14.8,25.1,14.7,0.0,0.0,0.0,0.0,0.0,0.269,0.0,0.2,0.22,0.129,0.0,0.0,0.0,0.0
곽빈,두산,2025,2025-06-27,@ NC,SP,,10.13,1.88,5.333333333,89,7,6,9,1,6,1,1,28.0,Away,창원 NC 파크,18:30,29.0,False,5,1,187cm,95kg,1999,0.0,45.1,0.0,14.8,25.1,14.7,0.0,0.0,0.0,0.0,0.0,0.269,0.0,0.2,0.22,0.129,0.0,0.0,0.0,0.0
곽빈,두산,2025,2025-07-03,vs. Samsung,SP,,0.0,0.83,6.0,95,0,0,2,0,5,3,0,70.0,Home,잠실 야구장,18:30,31.2,False,5,1,187cm,95kg,1999,0.0,45.1,0.0,14.8,25.1,14.7,0.0,0.0,0.0,0.0,0.0,0.269,0.0,0.2,0.22,0.129,0.0,0.0,0.0,0.0
곽빈,두산,2025,2025-07-09,@ Lotte,SP,,1.29,1.0,7.0,103,3,1,5,0,5,2,0,62.0,Away,사직 야구장,18:30,29.7,False,5,1,187cm,95kg,1999,0.0,45.1,0.0,14.8,25.1,14.7,0.0,0.0,0.0,0.0,0.0,0.269,0.0,0.2,0.22,0.129,0.0,0.0,0.0,0.0
김광현,SSG,2025,2025-03-23,vs. Doosan,SP,W,3.18,1.59,5.666666667,99,2,2,7,0,8,2,0,53.0,Home,인천 SSG 랜더스필드,14:00,18.1,False,0,1,188cm,88kg,1988,0.0,27.4,0.0,16.1,42.3,0.2,0.0,13.7,0.0,0.0,0.0,0.283,0.0,0.212,0.231,0.0,0.0,0.405,0.0,0.0
김광현,SSG,2025,2025-03-29,@ Kiwoom,SP,L,3.6,1.4,5.0,91,2,2,5,1,4,2,1,50.0,Away,고척 스카이돔,17:00,25.5,False,5,1,188cm,88kg,1988,0.0,27.4,0.0,16.1,42.3,0.2,0.0,13.7,0.0,0.0,0.0,0.283,0.0,0.212,0.231,0.0,0.0,0.405,0.0,0.0
김광현,SSG,2025,2025-04-04,vs. KT,SP,,1.8,1.6,5.0,99,1,1,5,0,3,3,0,53.0,Home,인천 SSG 랜더스필드,18:30,10.4,False,5,1,188cm,88kg,1988,0.0,27.4,0.0,16.1,42.3,0.2,0.0,13.7,0.0,0.0,0.0,0.283,0.0,0.212,0.231,0.0,0.0,0.405,0.0,0.0
김광현,SSG,2025,2025-04-10,@ Samsung,SP,,0.0,0.5,6.0,100,0,0,2,0,8,1,1,74.0,Away,대구 삼성 라이온즈 파크,18:30,14.9,False,5,1,188cm,88kg,1988,0.0,27.4,0.0,16.1,42.3,0.2,0.0,13.7,0.0,0.0,0.0,0.283,0.0,0.212,0.231,0.0,0.0,0.405,0.0,0.0
김광현,SSG,2025,2025-04-16,vs. Hanwha,SP,L,9.0,1.6,5.0,74,5,5,7,2,4,1,0,36.0,Home,인천 SSG 랜더스필드,18:30,18.0,False,5,1,188cm,88kg,1988,0.0,27.4,0.0,16.1,42.3,0.2,0.0,13.7,0.0,0.0,0.0,0.283,0.0,0.212,0.231,0.0,0.0,0.405,0.0,0.0
김광현,SSG,2025,2025-04-22,@ KT,SP,L,6.35,2.47,5.666666667,91,5,4,10,0,5,4,0,32.0,Away,수원 KT 위즈파크,18:30,18.1,False,5,1,188cm,88kg,1988,0.0,27.4,0.0,16.1,42.3,0.2,0.0,13.7,0.0,0.0,0.0,0.283,0.0,0.212,0.231,0.0,0.0,0.405,0.0,0.0
김광현,SSG,2025,2025-04-27,vs. Kiwoom,SP,L,18.9,3.0,3.333333333,84,7,7,9,1,2,1,0,15.0,Home,인천 SSG 랜더스필드,14:00,14.9,False,4,1,188cm,88kg,1988,0.0,27.4,0.0,16.1,42.3,0.2,0.0,13.7,0.0,0.0,0.0,0.283,0.0,0.212,0.231,0.0,0.0,0.405,0.0,0.0
김광현,SSG,2025,2025-05-03,@ LG,SP,L,0.0,1.17,6.0,105,4,0,6,0,7,1,0,58.0,Away,잠실 야구장,17:00,12.8,False,5,1,188cm,88kg,1988,0.0,27.4,0.0,16.1,42.3,0.2,0.0,13.7,0.0,0.0,0.0,0.283,0.0,0.212,0.231,0.0,0.0,0.405,0.0,0.0
김광현,SSG,2025,2025-05-11,vs. Kia,SP,W,1.29,0.29,7.0,96,1,1,1,1,7,1,0,77.0,Home,인천 SSG 랜더스필드,14:00,16.8,False,7,1,188cm,88kg,1988,0.0,27.4,0.0,16.1,42.3,0.2,0.0,13.7,0.0,0.0,0.0,0.283,0.0,0.212,0.231,0.0,0.0,0.405,0.0,0.0
김광현,SSG,2025,2025-05-17,@ Hanwha,SP,L,1.5,1.17,6.0,105,1,1,5,0,4,2,1,59.0,Away,대전 한화생명 볼파크,17:00,23.4,False,5,1,188cm,88kg,1988,0.0,27.4,0.0,16.1,42.3,0.2,0.0,13.7,0.0,0.0,0.0,0.283,0.0,0.212,0.231,0.0,0.0,0.405,0.0,0.0
김광현,SSG,2025,2025-05-22,@ Doosan,SP,,1.5,1.0,6.0,82,1,1,5,0,7,1,0,64.0,Away,잠실 야구장,18:30,26.9,False,4,1,188cm,88kg,1988,0.0,27.4,0.0,16.1,42.3,0.2,0.0,13.7,0.0,0.0,0.0,0.283,0.0,0.212,0.231,0.0,0.0,0.405,0.0,0.0
김광현,SSG,2025,2025-05-28,vs. NC,SP,W,7.2,1.6,5.0,96,4,4,5,0,4,3,0,42.0,Home,인천 SSG 랜더스필드,18:30,21.3,False,5,1,188cm,88kg,1988,0.0,27.4,0.0,16.1,42.3,0.2,0.0,13.7,0.0,0.0,0.0,0.283,0.0,0.212,0.231,0.0,0.0,0.405,0.0,0.0
김광현,SSG,2025,2025-06-03,vs. Samsung,SP,W,4.76,1.24,5.666666667,90,3,3,6,1,8,1,0,52.0,Home,인천 SSG 랜더스필드,18:30,20.9,False,5,1,188cm,88kg,1988,0.0,27.4,0.0,16.1,42.3,0.2,0.0,13.7,0.0,0.0,0.0,0.283,0.0,0.212,0.231,0.0,0.0,0.405,0.0,0.0
김광현,SSG,2025,2025-06-14,vs. Lotte,SP,L,3.0,1.0,6.0,88,2,2,4,1,4,2,0,58.0,Home,인천 SSG 랜더스필드,17:00,29.1,False,10,1,188cm,88kg,1988,0.0,27.4,0.0,16.1,42.3,0.2,0.0,13.7,0.0,0.0,0.0,0.283,0.0,0.212,0.231,0.0,0.0,0.405,0.0,0.0
김광현,SSG,2025,2025-06-21,vs. Kia,SP,,7.71,2.36,4.666666667,95,4,4,6,1,4,5,0,35.0,Home,인천 SSG 랜더스필드,17:00,23.5,False,6,1,188cm,88kg,1988,0.0,27.4,0.0,16.1,42.3,0.2,0.0,13.7,0.0,0.0,0.0,0.283,0.0,0.212,0.231,0.0,0.0,0.405,0.0,0.0
김광현,SSG,2025,2025-07-02,@ Kia,SP,W,7.94,1.76,5.666666667,87,5,5,10,1,8,0,0,37.0,Away,광주 기아 챔피언스 필드,18:30,33.1,False,10,1,188cm,88kg,1988,0.0,27.4,0.0,16.1,42.3,0.2,0.0,13.7,0.0,0.0,0.0,0.283,0.0,0.212,0.231,0.0,0.0,0.405,0.0,0.0
김광현,SSG,2025,2025-07-08,vs. KT,SP,,1.8,0.8,5.0,91,1,1,2,0,3,2,0,60.0,Home,인천 SSG 랜더스필드,18:30,34.9,False,5,1,188cm,88kg,1988,0.0,27.4,0.0,16.1,42.3,0.2,0.0,13.7,0.0,0.0,0.0,0.283,0.0,0.212,0.231,0.0,0.0,0.405,0.0,0.0
김기중,한화,2025,2025-06-11,vs. Doosan,RP,,0.0,2.0,1.0,16,0,0,2,0,0,0,0,,Home,대전 한화생명 볼파크,18:30,25.3,False,0,1,186cm,96kg,2002,0.0,48.8,0.0,14.6,19.5,17.1,0.0,0.0,0.0,0.0,0.0,0.333,0.0,0.0,0.167,0.0,0.0,0.0,0.0,0.0
김기중,한화,2025,2025-06-18,@ Lotte,RP,,0.0,0.75,4.0,57,0,0,3,0,3,0,0,,Away,사직 야구장,18:30,23.1,False,6,1,186cm,96kg,2002,0.0,48.8,0.0,14.6,19.5,17.1,0.0,0.0,0.0,0.0,0.0,0.333,0.0,0.0,0.167,0.0,0.0,0.0,0.0,0.0
김기중,한화,2025,2025-06-25,@ Samsung,RP,,0.0,0.9,3.333333333,50,0,0,2,0,1,1,0,,Away,대구 삼성 라이온즈 파크,18:30,24.9,False,6,1,186cm,96kg,2002,0.0,48.8,0.0,14.6,19.5,17.1,0.0,0.0,0.0,0.0,0.0,0.333,0.0,0.0,0.167,0.0,0.0,0.0,0.0,0.0
김대유,KIA,2025,2025-04-13,vs. SSG,RP,,0.0,,0.0,12,3,3,1,0,0,2,0,,Home,광주 기아 챔피언스 필드,14:00,11.6,False,0,1,187cm,92kg,1991,0.0,48.1,0.0,11.4,35.4,5.1,0.0,0.0,0.0,0.0,0.0,0.25,0.0,0.25,0.2,1.0,0.0,0.0,0.0,0.0
김대유,KIA,2025,2025-04-24,@ Samsung,RP,,6.75,0.75,1.333333333,18,1,1,1,1,1,0,0,,Away,대구 삼성 라이온즈 파크,18:30,16.6,False,10,1,187cm,92kg,1991,0.0,48.1,0.0,11.4,35.4,5.1,0.0,0.0,0.0,0.0,0.0,0.25,0.0,0.25,0.2,1.0,0.0,0.0,0.0,0.0
김대유,KIA,2025,2025-04-26,vs. LG,RP,,54.0,6.0,0.333333333,10,2,2,1,0,0,1,0,,Home,광주 기아 챔피언스 필드,17:00,21.9,False,1,1,187cm,92kg,1991,0.0,48.1,0.0,11.4,35.4,5.1,0.0,0.0,0.0,0.0,0.0,0.25,0.0,0.25,0.2,1.0,0.0,0.0,0.0,0.0
김대유,KIA,2025,2025-06-21,@ SSG,RP,,0.0,,0.0,3,0,0,0,0,0,0,0,,Away,인천 SSG 랜더스필드,17:00,23.5,False,55,1,187cm,92kg,1991,0.0,48.1,0.0,11.4,35.4,5.1,0.0,0.0,0.0,0.0,0.0,0.25,0.0,0.25,0.2,1.0,0.0,0.0,0.0,0.0
김대유,KIA,2025,2025-06-26,@ Kiwoom,RP,,0.0,0.0,0.666666667,8,0,0,0,0,0,0,0,,Away,고척 스카이돔,18:30,25.5,False,4,1,187cm,92kg,1991,0.0,48.1,0.0,11.4,35.4,5.1,0.0,0.0,0.0,0.0,0.0,0.25,0.0,0.25,0.2,1.0,0.0,0.0,0.0,0.0
김대유,KIA,2025,2025-06-27,@ LG,RP,L,9.0,1.0,1.0,8,1,1,1,0,0,0,0,,Away,잠실 야구장,18:30,29.9,True,0,2,187cm,92kg,1991,0.0,48.1,0.0,11.4,35.4,5.1,0.0,0.0,0.0,0.0,0.0,0.25,0.0,0.25,0.2,1.0,0.0,0.0,0.0,0.0
김대유,KIA,2025,2025-06-28,@ LG,RP,,0.0,1.5,0.666666667,12,0,0,1,0,0,0,0,,Away,잠실 야구장,17:00,29.9,True,0,3,187cm,92kg,1991,0.0,48.1,0.0,11.4,35.4,5.1,0.0,0.0,0.0,0.0,0.0,0.25,0.0,0.25,0.2,1.0,0.0,0.0,0.0,0.0
김대유,KIA,2025,2025-07-02,vs. SSG,RP,,0.0,0.0,0.666666667,5,0,0,0,0,1,0,0,,Home,광주 기아 챔피언스 필드,18:30,33.1,False,3,1,187cm,92kg,1991,0.0,48.1,0.0,11.4,35.4,5.1,0.0,0.0,0.0,0.0,0.0,0.25,0.0,0.25,0.2,1.0,0.0,0.0,0.0,0.0
김대유,KIA,2025,2025-07-06,vs. Lotte,RP,H,0.0,0.0,0.333333333,1,0,0,0,0,0,0,0,,Home,광주 기아 챔피언스 필드,17:00,33.2,False,3,1,187cm,92kg,1991,0.0,48.1,0.0,11.4,35.4,5.1,0.0,0.0,0.0,0.0,0.0,0.25,0.0,0.25,0.2,1.0,0.0,0.0,0.0,0.0
김대유,KIA,2025,2025-07-08,@ Hanwha,RP,,27.0,3.0,0.333333333,2,1,1,1,0,0,0,0,,Away,대전 한화생명 볼파크,18:30,33.6,False,1,1,187cm,92kg,1991,0.0,48.1,0.0,11.4,35.4,5.1,0.0,0.0,0.0,0.0,0.0,0.25,0.0,0.25,0.2,1.0,0.0,0.0,0.0,0.0
김대호,삼성,2025,2025-03-27,vs. NC,SP,,7.36,2.45,3.666666667,69,4,3,6,1,4,3,0,36.0,Home,대구 삼성 라이온즈 파크,18:30,17.1,False,0,1,185cm,100kg,2001,0.0,45.2,0.0,3.6,39.9,1.4,0.0,9.6,0.0,0.0,0.0,0.273,0.0,0.0,0.222,0.0,0.0,0.25,0.0,0.0
김대호,삼성,2025,2025-04-19,vs. Lotte,SP,,0.0,1.88,2.666666667,51,0,0,2,0,2,3,0,53.0,Home,대구 삼성 라이온즈 파크,17:00,18.4,False,22,1,185cm,100kg,2001,0.0,45.2,0.0,3.6,39.9,1.4,0.0,9.6,0.0,0.0,0.0,0.273,0.0,0.0,0.222,0.0,0.0,0.25,0.0,0.0
김대호,삼성,2025,2025-04-25,vs. NC,SP,,27.0,6.0,0.666666667,27,2,2,0,0,0,4,1,39.0,Home,대구 삼성 라이온즈 파크,18:30,16.8,False,5,1,185cm,100kg,2001,0.0,45.2,0.0,3.6,39.9,1.4,0.0,9.6,0.0,0.0,0.0,0.273,0.0,0.0,0.222,0.0,0.0,0.25,0.0,0.0
김대호,삼성,2025,2025-06-14,vs. KT,RP,,0.0,1.0,1.0,17,0,0,1,0,0,0,0,,Home,대구 삼성 라이온즈 파크,17:00,24.0,False,49,1,185cm,100kg,2001,0.0,45.2,0.0,3.6,39.9,1.4,0.0,9.6,0.0,0.0,0.0,0.273,0.0,0.0,0.222,0.0,0.0,0.25,0.0,0.0
김대호,삼성,2025,2025-06-15,vs. KT,RP,,3.0,0.67,3.0,41,1,1,2,1,5,0,0,,Home,대구 삼성 라이온즈 파크,17:00,25.2,True,0,2,185cm,100kg,2001,0.0,45.2,0.0,3.6,39.9,1.4,0.0,9.6,0.0,0.0,0.0,0.273,0.0,0.0,0.222,0.0,0.0,0.25,0.0,0.0
김대호,삼성,2025,2025-06-20,@ Lotte,SP,L,4.91,1.36,3.666666667,62,2,2,3,0,1,2,0,46.0,Away,사직 야구장,18:30,26.5,False,4,1,185cm,100kg,2001,0.0,45.2,0.0,3.6,39.9,1.4,0.0,9.6,0.0,0.0,0.0,0.273,0.0,0.0,0.222,0.0,0.0,0.25,0.0,0.0
김대호,삼성,2025,2025-07-08,@ NC,RP,,0.0,0.0,1.0,14,0,0,0,0,2,0,0,,Away,창원 NC 파크,18:30,32.8,False,17,1,185cm,100kg,2001,0.0,45.2,0.0,3.6,39.9,1.4,0.0,9.6,0.0,0.0,0.0,0.273,0.0,0.0,0.222,0.0,0.0,0.25,0.0,0.0
김민,SSG,2025,2025-03-23,vs. Doosan,RP,H,0.0,2.0,1.0,16,0,0,2,0,1,0,0,,Home,인천 SSG 랜더스필드,14:00,18.1,False,0,1,185cm,88kg,1999,52.1,0.2,0.0,0.0,45.1,1.9,0.0,0.5,0.0,0.0,0.324,0.0,0.0,0.0,0.247,0.667,0.0,0.0,0.0,0.0
김민,SSG,2025,2025-03-25,vs. Lotte,RP,,0.0,0.0,0.666666667,7,0,0,0,0,0,0,0,,Home,인천 SSG 랜더스필드,18:30,10.4,False,1,1,185cm,88kg,1999,52.1,0.2,0.0,0.0,45.1,1.9,0.0,0.5,0.0,0.0,0.324,0.0,0.0,0.0,0.247,0.667,0.0,0.0,0.0,0.0
김민,SSG,2025,2025-03-26,vs. Lotte,RP,H,0.0,1.0,1.0,13,0,0,1,0,0,0,0,,Home,인천 SSG 랜더스필드,18:30,20.6,True,0,2,185cm,88kg,1999,52.1,0.2,0.0,0.0,45.1,1.9,0.0,0.5,0.0,0.0,0.324,0.0,0.0,0.0,0.247,0.667,0.0,0.0,0.0,0.0
김민,SSG,2025,2025-03-30,@ Kiwoom,RP,,0.0,3.0,0.333333333,10,0,0,1,0,1,0,0,,Away,고척 스카이돔,14:00,25.5,False,3,1,185cm,88kg,1999,52.1,0.2,0.0,0.0,45.1,1.9,0.0,0.5,0.0,0.0,0.324,0.0,0.0,0.0,0.247,0.667,0.0,0.0,0.0,0.0
김민,SSG,2025,2025-04-04,vs. KT,RP,,0.0,2.0,1.0,15,1,0,2,0,1,0,0,,Home,인천 SSG 랜더스필드,18:30,10.4,False,4,1,185cm,88kg,1999,52.1,0.2,0.0,0.0,45.1,1.9,0.0,0.5,0.0,0.0,0.324,0.0,0.0,0.0,0.247,0.667,0.0,0.0,0.0,0.0
김민,SSG,2025,2025-04-09,@ Samsung,RP,,0.0,1.0,1.0,17,0,0,1,0,2,0,0,,Away,대구 삼성 라이온즈 파크,18:30,14.9,False,4,1,185cm,88kg,1999,52.1,0.2,0.0,0.0,45.1,1.9,0.0,0.5,0.0,0.0,0.324,0.0,0.0,0.0,0.247,0.667,0.0,0.0,0.0,0.0
김민,SSG,2025,2025-04-10,@ Samsung,RP,H,0.0,0.0,1.0,11,0,0,0,0,0,0,0,,Away,대구 삼성 라이온즈 파크,18:30,14.9,True,0,2,185cm,88kg,1999,52.1,0.2,0.0,0.0,45.1,1.9,0.0,0.5,0.0,0.0,0.324,0.0,0.0,0.0,0.247,0.667,0.0,0.0,0.0,0.0
김민,SSG,2025,2025-04-16,vs. Hanwha,RP,,0.0,3.0,0.666666667,15,0,0,1,0,1,1,1,,Home,인천 SSG 랜더스필드,18:30,18.0,False,5,1,185cm,88kg,1999,52.1,0.2,0.0,0.0,45.1,1.9,0.0,0.5,0.0,0.0,0.324,0.0,0.0,0.0,0.247,0.667,0.0,0.0,0.0,0.0
김민,SSG,2025,2025-04-17,vs. Hanwha,RP,,0.0,1.0,1.0,15,0,0,1,0,2,0,0,,Home,인천 SSG 랜더스필드,18:30,16.8,True,0,2,185cm,88kg,1999,52.1,0.2,0.0,0.0,45.1,1.9,0.0,0.5,0.0,0.0,0.324,0.0,0.0,0.0,0.247,0.667,0.0,0.0,0.0,0.0
김민,SSG,2025,2025-04-19,vs. LG,RP,,81.0,9.0,0.333333333,10,3,3,2,0,0,1,0,,Home,인천 SSG 랜더스필드,17:00,10.9,False,1,1,185cm,88kg,1999,52.1,0.2,0.0,0.0,45.1,1.9,0.0,0.5,0.0,0.0,0.324,0.0,0.0,0.0,0.247,0.667,0.0,0.0,0.0,0.0
김민,SSG,2025,2025-04-20,vs. LG,RP,H,0.0,0.0,0.333333333,7,0,0,0,0,1,0,0,,Home,인천 SSG 랜더스필드,14:00,19.5,True,0,2,185cm,88kg,1999,52.1,0.2,0.0,0.0,45.1,1.9,0.0,0.5,0.0,0.0,0.324,0.0,0.0,0.0,0.247,0.667,0.0,0.0,0.0,0.0
김민,SSG,2025,2025-04-24,@ KT,RP,,27.0,3.0,0.666666667,16,3,2,2,0,0,0,0,,Away,수원 KT 위즈파크,18:30,14.9,False,3,1,185cm,88kg,1999,52.1,0.2,0.0,0.0,45.1,1.9,0.0,0.5,0.0,0.0,0.324,0.0,0.0,0.0,0.247,0.667,0.0,0.0,0.0,0.0
김민,SSG,2025,2025-04-26,vs. Kiwoom,RP,,9.0,2.0,1.0,16,1,1,2,0,1,0,0,,Home,인천 SSG 랜더스필드,17:00,14.5,False,1,1,185cm,88kg,1999,52.1,0.2,0.0,0.0,45.1,1.9,0.0,0.5,0.0,0.0,0.324,0.0,0.0,0.0,0.247,0.667,0.0,0.0,0.0,0.0
김민,SSG,2025,2025-04-29,vs. Samsung,RP,,0.0,0.0,1.0,15,0,0,0,0,0,0,0,,Home,인천 SSG 랜더스필드,18:30,14.9,False,2,1,185cm,88kg,1999,52.1,0.2,0.0,0.0,45.1,1.9,0.0,0.5,0.0,0.0,0.324,0.0,0.0,0.0,0.247,0.667,0.0,0.0,0.0,0.0
김민,SSG,2025,2025-04-30,vs. Samsung,RP,,13.5,3.0,0.666666667,17,1,1,2,1,2,0,0,,Home,인천 SSG 랜더스필드,18:30,20.6,True,0,2,185cm,88kg,1999,52.1,0.2,0.0,0.0,45.1,1.9,0.0,0.5,0.0,0.0,0.324,0.0,0.0,0.0,0.247,0.667,0.0,0.0,0.0,0.0
김민,SSG,2025,2025-05-01,vs. Samsung,RP,H,0.0,0.5,2.0,12,0,0,1,0,0,0,0,,Home,인천 SSG 랜더스필드,18:30,11.6,True,0,3,185cm,88kg,1999,52.1,0.2,0.0,0.0,45.1,1.9,0.0,0.5,0.0,0.0,0.324,0.0,0.0,0.0,0.247,0.667,0.0,0.0,0.0,0.0
김민,SSG,2025,2025-05-07,@ Lotte,RP,,0.0,1.0,1.0,15,0,0,1,0,1,0,0,,Away,사직 야구장,18:30,16.4,False,5,1,185cm,88kg,1999,52.1,0.2,0.0,0.0,45.1,1.9,0.0,0.5,0.0,0.0,0.324,0.0,0.0,0.0,0.247,0.667,0.0,0.0,0.0,0.0
김민,SSG,2025,2025-05-10,vs. Kia,RP,,0.0,0.0,1.0,9,0,0,0,0,1,0,0,,Home,인천 SSG 랜더스필드,17:00,11.6,False,2,1,185cm,88kg,1999,52.1,0.2,0.0,0.0,45.1,1.9,0.0,0.5,0.0,0.0,0.324,0.0,0.0,0.0,0.247,0.667,0.0,0.0,0.0,0.0
김민,SSG,2025,2025-05-11,vs. Kia,RP,,0.0,3.0,0.333333333,8,0,0,1,0,1,0,0,,Home,인천 SSG 랜더스필드,14:00,16.8,True,0,2,185cm,88kg,1999,52.1,0.2,0.0,0.0,45.1,1.9,0.0,0.5,0.0,0.0,0.324,0.0,0.0,0.0,0.247,0.667,0.0,0.0,0.0,0.0
김민,SSG,2025,2025-05-15,vs. NC,RP,H,0.0,1.0,1.0,14,0,0,1,0,1,0,0,,Home,인천 SSG 랜더스필드,18:30,18.0,False,3,1,185cm,88kg,1999,52.1,0.2,0.0,0.0,45.1,1.9,0.0,0.5,0.0,0.0,0.324,0.0,0.0,0.0,0.247,0.667,0.0,0.0,0.0,0.0
김민,SSG,2025,2025-05-18,@ Hanwha,RP,,0.0,0.0,0.666666667,8,0,0,0,0,1,0,0,,Away,대전 한화생명 볼파크,14:00,21.7,False,2,1,185cm,88kg,1999,52.1,0.2,0.0,0.0,45.1,1.9,0.0,0.5,0.0,0.0,0.324,0.0,0.0,0.0,0.247,0.667,0.0,0.0,0.0,0.0
김민,SSG,2025,2025-05-20,@ Doosan,RP,H,0.0,0.0,1.0,13,0,0,0,0,2,0,0,,Away,잠실 야구장,18:30,25.2,False,1,1,185cm,88kg,1999,52.1,0.2,0.0,0.0,45.1,1.9,0.0,0.5,0.0,0.0,0.324,0.0,0.0,0.0,0.247,0.667,0.0,0.0,0.0,0.0
김민,SSG,2025,2025-05-22,@ Doosan,RP,L,67.5,7.5,0.666666667,27,5,5,3,1,1,2,0,,Away,잠실 야구장,18:30,26.9,False,1,1,185cm,88kg,1999,52.1,0.2,0.0,0.0,45.1,1.9,0.0,0.5,0.0,0.0,0.324,0.0,0.0,0.0,0.247,0.667,0.0,0.0,0.0,0.0
김민,SSG,2025,2025-05-23,vs. LG,RP,,0.0,,0.0,6,1,1,1,1,0,0,0,,Home,인천 SSG 랜더스필드,18:30,20.8,True,0,2,185cm,88kg,1999,52.1,0.2,0.0,0.0,45.1,1.9,0.0,0.5,0.0,0.0,0.324,0.0,0.0,0.0,0.247,0.667,0.0,0.0,0.0,0.0
김민,SSG,2025,2025-05-25,vs. LG,RP,,0.0,0.0,0.666666667,12,0,0,0,0,2,0,1,,Home,인천 SSG 랜더스필드,14:00,18.2,False,1,1,185cm,88kg,1999,52.1,0.2,0.0,0.0,45.1,1.9,0.0,0.5,0.0,0.0,0.324,0.0,0.0,0.0,0.247,0.667,0.0,0.0,0.0,0.0
김민,SSG,2025,2025-05-27,vs. NC,RP,,0.0,0.0,1.0,7,0,0,0,0,0,0,0,,Home,인천 SSG 랜더스필드,18:30,20.6,False,1,1,185cm,88kg,1999,52.1,0.2,0.0,0.0,45.1,1.9,0.0,0.5,0.0,0.0,0.324,0.0,0.0,0.0,0.247,0.667,0.0,0.0,0.0,0.0
김민,SSG,2025,2025-05-28,vs. NC,RP,,9.0,2.0,1.0,10,1,1,2,0,0,0,1,,Home,인천 SSG 랜더스필드,18:30,21.3,True,0,2,185cm,88kg,1999,52.1,0.2,0.0,0.0,45.1,1.9,0.0,0.5,0.0,0.0,0.324,0.0,0.0,0.0,0.247,0.667,0.0,0.0,0.0,0.0
김민,SSG,2025,2025-05-31,@ Lotte,RP,H,0.0,1.0,1.0,14,0,0,0,0,0,1,0,,Away,사직 야구장,17:00,20.8,False,2,1,185cm,88kg,1999,52.1,0.2,0.0,0.0,45.1,1.9,0.0,0.5,0.0,0.0,0.324,0.0,0.0,0.0,0.247,0.667,0.0,0.0,0.0,0.0
김민,SSG,2025,2025-06-01,@ Lotte,RP,W,0.0,1.0,1.0,5,0,0,0,0,0,1,0,,Away,사직 야구장,17:00,23.7,True,0,2,185cm,88kg,1999,52.1,0.2,0.0,0.0,45.1,1.9,0.0,0.5,0.0,0.0,0.324,0.0,0.0,0.0,0.247,0.667,0.0,0.0,0.0,0.0
김민,SSG,2025,2025-06-04,vs. Samsung,RP,H,0.0,1.0,1.0,13,0,0,1,0,0,0,0,,Home,인천 SSG 랜더스필드,18:30,21.5,False,2,1,185cm,88kg,1999,52.1,0.2,0.0,0.0,45.1,1.9,0.0,0.5,0.0,0.0,0.324,0.0,0.0,0.0,0.247,0.667,0.0,0.0,0.0,0.0
김민,SSG,2025,2025-06-07,@ KT,RP,,0.0,3.0,1.0,17,0,0,3,0,2,0,0,,Away,수원 KT 위즈파크,17:00,26.6,False,2,1,185cm,88kg,1999,52.1,0.2,0.0,0.0,45.1,1.9,0.0,0.5,0.0,0.0,0.324,0.0,0.0,0.0,0.247,0.667,0.0,0.0,0.0,0.0
김민,SSG,2025,2025-06-08,@ KT,RP,H,0.0,0.0,1.0,17,0,0,0,0,3,0,0,,Away,수원 KT 위즈파크,17:00,28.1,True,0,2,185cm,88kg,1999,52.1,0.2,0.0,0.0,45.1,1.9,0.0,0.5,0.0,0.0,0.324,0.0,0.0,0.0,0.247,0.667,0.0,0.0,0.0,0.0
김민,SSG,2025,2025-06-10,@ LG,RP,H,0.0,2.0,1.0,19,0,0,1,0,1,1,0,,Away,잠실 야구장,18:30,24.8,False,1,1,185cm,88kg,1999,52.1,0.2,0.0,0.0,45.1,1.9,0.0,0.5,0.0,0.0,0.324,0.0,0.0,0.0,0.247,0.667,0.0,0.0,0.0,0.0
김민,SSG,2025,2025-06-17,@ Kiwoom,RP,,27.0,6.0,0.333333333,15,1,1,1,0,0,1,0,,Away,고척 스카이돔,18:30,25.5,False,6,1,185cm,88kg,1999,52.1,0.2,0.0,0.0,45.1,1.9,0.0,0.5,0.0,0.0,0.324,0.0,0.0,0.0,0.247,0.667,0.0,0.0,0.0,0.0
김민,SSG,2025,2025-06-19,@ Kiwoom,RP,,0.0,2.0,2.0,25,0,0,3,0,0,1,0,,Away,고척 스카이돔,18:30,25.5,False,1,1,185cm,88kg,1999,52.1,0.2,0.0,0.0,45.1,1.9,0.0,0.5,0.0,0.0,0.324,0.0,0.0,0.0,0.247,0.667,0.0,0.0,0.0,0.0
김민,SSG,2025,2025-06-22,vs. Kia,RP,,27.0,6.0,0.333333333,13,1,1,2,1,0,0,0,,Home,인천 SSG 랜더스필드,17:00,25.0,False,2,1,185cm,88kg,1999,52.1,0.2,0.0,0.0,45.1,1.9,0.0,0.5,0.0,0.0,0.324,0.0,0.0,0.0,0.247,0.667,0.0,0.0,0.0,0.0
김민,SSG,2025,2025-06-26,@ Doosan,RP,H,0.0,0.0,1.0,7,0,0,0,0,1,0,0,,Away,잠실 야구장,18:30,25.9,False,3,1,185cm,88kg,1999,52.1,0.2,0.0,0.0,45.1,1.9,0.0,0.5,0.0,0.0,0.324,0.0,0.0,0.0,0.247,0.667,0.0,0.0,0.0,0.0
김민,SSG,2025,2025-06-27,vs. Hanwha,RP,W,0.0,0.0,0.666666667,5,0,0,0,0,0,0,0,,Home,인천 SSG 랜더스필드,18:30,28.2,True,0,2,185cm,88kg,1999,52.1,0.2,0.0,0.0,45.1,1.9,0.0,0.5,0.0,0.0,0.324,0.0,0.0,0.0,0.247,0.667,0.0,0.0,0.0,0.0
김민,SSG,2025,2025-07-01,@ Kia,RP,,0.0,0.0,1.0,11,0,0,0,0,1,0,0,,Away,광주 기아 챔피언스 필드,18:30,32.6,False,3,1,185cm,88kg,1999,52.1,0.2,0.0,0.0,45.1,1.9,0.0,0.5,0.0,0.0,0.324,0.0,0.0,0.0,0.247,0.667,0.0,0.0,0.0,0.0
김민,SSG,2025,2025-07-06,@ NC,RP,L,9.0,3.0,1.0,27,1,1,2,0,1,1,1,,Away,창원 NC 파크,17:00,32.8,False,4,1,185cm,88kg,1999,52.1,0.2,0.0,0.0,45.1,1.9,0.0,0.5,0.0,0.0,0.324,0.0,0.0,0.0,0.247,0.667,0.0,0.0,0.0,0.0
김민,SSG,2025,2025-07-08,vs. KT,RP,H,0.0,0.0,1.0,18,0,0,0,0,2,0,0,,Home,인천 SSG 랜더스필드,18:30,34.9,False,1,1,185cm,88kg,1999,52.1,0.2,0.0,0.0,45.1,1.9,0.0,0.5,0.0,0.0,0.324,0.0,0.0,0.0,0.247,0.667,0.0,0.0,0.0,0.0
김민,SSG,2025,2025-07-10,vs. KT,RP,,0.0,2.0,1.0,15,0,0,2,0,2,0,0,,Home,인천 SSG 랜더스필드,18:30,33.4,False,1,1,185cm,88kg,1999,52.1,0.2,0.0,0.0,45.1,1.9,0.0,0.5,0.0,0.0,0.324,0.0,0.0,0.0,0.247,0.667,0.0,0.0,0.0,0.0
김민수,KT,2025,2025-03-23,vs. Hanwha,RP,H,0.0,1.0,1.0,6,0,0,1,0,0,0,0,,Home,수원 KT 위즈파크,14:00,22.7,False,0,1,188cm,80kg,1992,0.0,38.8,1.9,1.7,48.5,8.7,0.0,0.0,0.0,0.0,0.0,0.277,0.25,0.25,0.338,0.286,0.0,0.0,0.0,0.0
김민수,KT,2025,2025-03-25,vs. Doosan,RP,W,0.0,0.75,1.333333333,22,0,0,1,0,2,0,0,,Home,수원 KT 위즈파크,18:30,12.6,False,1,1,188cm,80kg,1992,0.0,38.8,1.9,1.7,48.5,8.7,0.0,0.0,0.0,0.0,0.0,0.277,0.25,0.25,0.338,0.286,0.0,0.0,0.0,0.0
김민수,KT,2025,2025-03-27,vs. Doosan,RP,,0.0,2.0,1.0,15,0,0,2,0,1,0,0,,Home,수원 KT 위즈파크,18:30,11.8,False,1,1,188cm,80kg,1992,0.0,38.8,1.9,1.7,48.5,8.7,0.0,0.0,0.0,0.0,0.0,0.277,0.25,0.25,0.338,0.286,0.0,0.0,0.0,0.0
김민수,KT,2025,2025-03-28,@ Lotte,RP,H,0.0,0.0,0.666666667,8,0,0,0,0,0,0,0,,Away,사직 야구장,18:30,8.1,True,0,2,188cm,80kg,1992,0.0,38.8,1.9,1.7,48.5,8.7,0.0,0.0,0.0,0.0,0.0,0.277,0.25,0.25,0.338,0.286,0.0,0.0,0.0,0.0
김민수,KT,2025,2025-03-30,@ Lotte,RP,H,0.0,0.0,1.0,6,0,0,0,0,0,0,0,,Away,사직 야구장,14:00,10.2,False,1,1,188cm,80kg,1992,0.0,38.8,1.9,1.7,48.5,8.7,0.0,0.0,0.0,0.0,0.0,0.277,0.25,0.25,0.338,0.286,0.0,0.0,0.0,0.0
김민수,KT,2025,2025-04-02,vs. LG,RP,W,0.0,1.2,1.666666667,28,0,0,2,0,1,0,1,,Home,수원 KT 위즈파크,18:30,7.9,False,2,1,188cm,80kg,1992,0.0,38.8,1.9,1.7,48.5,8.7,0.0,0.0,0.0,0.0,0.0,0.277,0.25,0.25,0.338,0.286,0.0,0.0,0.0,0.0
김민수,KT,2025,2025-04-04,@ SSG,RP,,0.0,2.0,1.0,21,0,0,0,0,1,2,0,,Away,인천 SSG 랜더스필드,18:30,10.4,False,1,1,188cm,80kg,1992,0.0,38.8,1.9,1.7,48.5,8.7,0.0,0.0,0.0,0.0,0.0,0.277,0.25,0.25,0.338,0.286,0.0,0.0,0.0,0.0
김민수,KT,2025,2025-04-06,@ SSG,RP,,0.0,0.0,1.0,18,0,0,0,0,1,0,0,,Away,인천 SSG 랜더스필드,14:00,11.4,False,1,1,188cm,80kg,1992,0.0,38.8,1.9,1.7,48.5,8.7,0.0,0.0,0.0,0.0,0.0,0.277,0.25,0.25,0.338,0.286,0.0,0.0,0.0,0.0
김민수,KT,2025,2025-04-08,vs. NC,RP,H,9.0,1.0,1.0,13,1,1,1,1,1,0,0,,Home,수원 KT 위즈파크,18:30,14.8,False,1,1,188cm,80kg,1992,0.0,38.8,1.9,1.7,48.5,8.7,0.0,0.0,0.0,0.0,0.0,0.277,0.25,0.25,0.338,0.286,0.0,0.0,0.0,0.0
김민수,KT,2025,2025-04-09,vs. NC,RP,H,0.0,1.0,1.0,14,0,0,1,0,1,0,0,,Home,수원 KT 위즈파크,18:30,14.1,True,0,2,188cm,80kg,1992,0.0,38.8,1.9,1.7,48.5,8.7,0.0,0.0,0.0,0.0,0.0,0.277,0.25,0.25,0.338,0.286,0.0,0.0,0.0,0.0
김민수,KT,2025,2025-04-11,vs. Samsung,RP,,0.0,,0.0,4,2,2,2,0,0,0,0,,Home,수원 KT 위즈파크,18:30,20.5,False,1,1,188cm,80kg,1992,0.0,38.8,1.9,1.7,48.5,8.7,0.0,0.0,0.0,0.0,0.0,0.277,0.25,0.25,0.338,0.286,0.0,0.0,0.0,0.0
김민수,KT,2025,2025-04-13,vs. Samsung,RP,H,27.0,6.0,0.333333333,13,1,1,2,0,0,0,0,,Home,수원 KT 위즈파크,14:00,3.6,False,1,1,188cm,80kg,1992,0.0,38.8,1.9,1.7,48.5,8.7,0.0,0.0,0.0,0.0,0.0,0.277,0.25,0.25,0.338,0.286,0.0,0.0,0.0,0.0
김민수,KT,2025,2025-04-16,@ Kia,RP,H,0.0,0.0,1.333333333,15,0,0,0,0,0,0,0,,Away,광주 기아 챔피언스 필드,18:30,21.7,False,2,1,188cm,80kg,1992,0.0,38.8,1.9,1.7,48.5,8.7,0.0,0.0,0.0,0.0,0.0,0.277,0.25,0.25,0.338,0.286,0.0,0.0,0.0,0.0
김민수,KT,2025,2025-04-18,@ Kiwoom,RP,,0.0,2.0,1.0,13,0,0,2,0,0,0,0,,Away,고척 스카이돔,18:30,25.5,False,1,1,188cm,80kg,1992,0.0,38.8,1.9,1.7,48.5,8.7,0.0,0.0,0.0,0.0,0.0,0.277,0.25,0.25,0.338,0.286,0.0,0.0,0.0,0.0
김민수,KT,2025,2025-04-22,vs. SSG,RP,H,0.0,1.0,1.0,13,0,0,1,0,1,0,0,,Home,수원 KT 위즈파크,18:30,18.1,False,3,1,188cm,80kg,1992,0.0,38.8,1.9,1.7,48.5,8.7,0.0,0.0,0.0,0.0,0.0,0.277,0.25,0.25,0.338,0.286,0.0,0.0,0.0,0.0
김민수,KT,2025,2025-04-26,@ Hanwha,RP,,0.0,0.0,1.0,8,0,0,0,0,0,0,0,,Away,대전 한화생명 볼파크,17:00,20.4,False,3,1,188cm,80kg,1992,0.0,38.8,1.9,1.7,48.5,8.7,0.0,0.0,0.0,0.0,0.0,0.277,0.25,0.25,0.338,0.286,0.0,0.0,0.0,0.0
김민수,KT,2025,2025-04-27,@ Hanwha,RP,,18.0,3.0,1.0,22,2,2,3,0,0,0,0,,Away,대전 한화생명 볼파크,14:00,24.3,True,0,2,188cm,80kg,1992,0.0,38.8,1.9,1.7,48.5,8.7,0.0,0.0,0.0,0.0,0.0,0.277,0.25,0.25,0.338,0.286,0.0,0.0,0.0,0.0
김민수,KT,2025,2025-04-30,@ Doosan,RP,,0.0,0.0,1.0,13,0,0,0,0,2,0,0,,Away,잠실 야구장,18:30,24.1,False,2,1,188cm,80kg,1992,0.0,38.8,1.9,1.7,48.5,8.7,0.0,0.0,0.0,0.0,0.0,0.277,0.25,0.25,0.338,0.286,0.0,0.0,0.0,0.0
김민수,KT,2025,2025-05-02,vs. Kiwoom,RP,,0.0,0.0,1.0,12,0,0,0,0,1,0,0,,Home,수원 KT 위즈파크,18:30,14.5,False,1,1,188cm,80kg,1992,0.0,38.8,1.9,1.7,48.5,8.7,0.0,0.0,0.0,0.0,0.0,0.277,0.25,0.25,0.338,0.286,0.0,0.0,0.0,0.0
김민수,KT,2025,2025-05-04,vs. Kiwoom,RP,W,0.0,1.0,1.0,10,0,0,1,0,0,0,0,,Home,수원 KT 위즈파크,14:00,19.3,False,1,1,188cm,80kg,1992,0.0,38.8,1.9,1.7,48.5,8.7,0.0,0.0,0.0,0.0,0.0,0.277,0.25,0.25,0.338,0.286,0.0,0.0,0.0,0.0
김민수,KT,2025,2025-05-05,vs. NC,RP,,0.0,,0.0,4,1,1,1,0,0,0,0,,Home,수원 KT 위즈파크,14:00,15.5,True,0,2,188cm,80kg,1992,0.0,38.8,1.9,1.7,48.5,8.7,0.0,0.0,0.0,0.0,0.0,0.277,0.25,0.25,0.338,0.286,0.0,0.0,0.0,0.0
김민수,KT,2025,2025-05-06,vs. NC,RP,,9.0,2.0,1.0,15,1,1,1,1,0,1,0,,Home,수원 KT 위즈파크,18:30,16.1,True,0,3,188cm,80kg,1992,0.0,38.8,1.9,1.7,48.5,8.7,0.0,0.0,0.0,0.0,0.0,0.277,0.25,0.25,0.338,0.286,0.0,0.0,0.0,0.0
김민수,KT,2025,2025-05-10,vs. Lotte,RP,,0.0,0.75,1.333333333,20,0,0,1,0,1,0,0,,Home,수원 KT 위즈파크,17:00,11.8,False,3,1,188cm,80kg,1992,0.0,38.8,1.9,1.7,48.5,8.7,0.0,0.0,0.0,0.0,0.0,0.277,0.25,0.25,0.338,0.286,0.0,0.0,0.0,0.0
김민수,KT,2025,2025-05-11,vs. Lotte,RP,,9.0,3.0,1.0,25,1,1,1,0,0,2,0,,Home,수원 KT 위즈파크,14:00,19.4,True,0,2,188cm,80kg,1992,0.0,38.8,1.9,1.7,48.5,8.7,0.0,0.0,0.0,0.0,0.0,0.277,0.25,0.25,0.338,0.286,0.0,0.0,0.0,0.0
김민수,KT,2025,2025-05-13,@ Samsung,RP,,0.0,1.0,1.0,15,0,0,1,0,0,0,0,,Away,대구 삼성 라이온즈 파크,18:30,19.5,False,1,1,188cm,80kg,1992,0.0,38.8,1.9,1.7,48.5,8.7,0.0,0.0,0.0,0.0,0.0,0.277,0.25,0.25,0.338,0.286,0.0,0.0,0.0,0.0
김민수,KT,2025,2025-05-17,@ LG,RP,,13.5,2.25,1.333333333,30,2,2,2,0,3,1,0,,Away,잠실 야구장,17:00,18.9,False,3,1,188cm,80kg,1992,0.0,38.8,1.9,1.7,48.5,8.7,0.0,0.0,0.0,0.0,0.0,0.277,0.25,0.25,0.338,0.286,0.0,0.0,0.0,0.0
김민수,KT,2025,2025-05-20,vs. Kia,RP,H,0.0,0.0,1.0,8,0,0,0,0,0,0,0,,Home,수원 KT 위즈파크,18:30,25.6,False,2,1,188cm,80kg,1992,0.0,38.8,1.9,1.7,48.5,8.7,0.0,0.0,0.0,0.0,0.0,0.277,0.25,0.25,0.338,0.286,0.0,0.0,0.0,0.0
김민수,KT,2025,2025-05-23,@ Kiwoom,RP,,9.0,2.0,1.0,15,1,1,2,0,0,0,0,,Away,고척 스카이돔,18:30,25.5,False,2,1,188cm,80kg,1992,0.0,38.8,1.9,1.7,48.5,8.7,0.0,0.0,0.0,0.0,0.0,0.277,0.25,0.25,0.338,0.286,0.0,0.0,0.0,0.0
김민수,KT,2025,2025-05-24,@ Kiwoom,RP,,0.0,2.0,1.0,17,0,0,2,0,0,0,0,,Away,고척 스카이돔,17:00,25.5,True,0,2,188cm,80kg,1992,0.0,38.8,1.9,1.7,48.5,8.7,0.0,0.0,0.0,0.0,0.0,0.277,0.25,0.25,0.338,0.286,0.0,0.0,0.0,0.0
김민수,KT,2025,2025-05-30,vs. Kia,RP,H,9.0,1.0,1.0,13,1,1,1,1,1,0,0,,Home,수원 KT 위즈파크,18:30,24.2,False,5,1,188cm,80kg,1992,0.0,38.8,1.9,1.7,48.5,8.7,0.0,0.0,0.0,0.0,0.0,0.277,0.25,0.25,0.338,0.286,0.0,0.0,0.0,0.0
김민수,KT,2025,2025-06-01,vs. Kia,RP,,0.0,0.5,2.0,25,0,0,0,0,1,1,0,,Home,수원 KT 위즈파크,17:00,24.4,False,1,1,188cm,80kg,1992,0.0,38.8,1.9,1.7,48.5,8.7,0.0,0.0,0.0,0.0,0.0,0.277,0.25,0.25,0.338,0.286,0.0,0.0,0.0,0.0
김민수,KT,2025,2025-06-04,@ Hanwha,RP,,0.0,1.0,1.0,12,0,0,1,0,1,0,0,,Away,대전 한화생명 볼파크,18:30,22.1,False,2,1,188cm,80kg,1992,0.0,38.8,1.9,1.7,48.5,8.7,0.0,0.0,0.0,0.0,0.0,0.277,0.25,0.25,0.338,0.286,0.0,0.0,0.0,0.0
김민수,KT,2025,2025-06-06,vs. SSG,RP,,0.0,2.0,1.0,21,0,0,1,0,2,1,0,,Home,수원 KT 위즈파크,18:30,24.9,False,1,1,188cm,80kg,1992,0.0,38.8,1.9,1.7,48.5,8.7,0.0,0.0,0.0,0.0,0.0,0.277,0.25,0.25,0.338,0.286,0.0,0.0,0.0,0.0
김민수,KT,2025,2025-06-08,vs. SSG,RP,,0.0,2.0,1.0,15,0,0,1,0,0,1,0,,Home,수원 KT 위즈파크,17:00,28.1,False,1,1,188cm,80kg,1992,0.0,38.8,1.9,1.7,48.5,8.7,0.0,0.0,0.0,0.0,0.0,0.277,0.25,0.25,0.338,0.286,0.0,0.0,0.0,0.0
김민수,KT,2025,2025-06-11,vs. Lotte,RP,L,0.0,,0.0,6,2,2,1,0,0,1,0,,Home,수원 KT 위즈파크,18:30,23.4,False,2,1,188cm,80kg,1992,0.0,38.8,1.9,1.7,48.5,8.7,0.0,0.0,0.0,0.0,0.0,0.277,0.25,0.25,0.338,0.286,0.0,0.0,0.0,0.0
김민수,KT,2025,2025-06-29,@ Lotte,RP,,0.0,6.0,0.333333333,9,0,0,2,0,1,0,0,,Away,사직 야구장,17:00,29.1,False,17,1,188cm,80kg,1992,0.0,38.8,1.9,1.7,48.5,8.7,0.0,0.0,0.0,0.0,0.0,0.277,0.25,0.25,0.338,0.286,0.0,0.0,0.0,0.0
김민수,KT,2025,2025-07-01,vs. Kiwoom,RP,,0.0,1.0,1.0,10,0,0,1,0,0,0,0,,Home,수원 KT 위즈파크,18:30,31.3,False,1,1,188cm,80kg,1992,0.0,38.8,1.9,1.7,48.5,8.7,0.0,0.0,0.0,0.0,0.0,0.277,0.25,0.25,0.338,0.286,0.0,0.0,0.0,0.0
김민수,KT,2025,2025-07-04,@ Doosan,RP,,27.0,3.0,0.666666667,19,2,2,2,0,0,0,0,,Away,잠실 야구장,18:30,30.1,False,2,1,188cm,80kg,1992,0.0,38.8,1.9,1.7,48.5,8.7,0.0,0.0,0.0,0.0,0.0,0.277,0.25,0.25,0.338,0.286,0.0,0.0,0.0,0.0
김민수,KT,2025,2025-07-08,@ SSG,RP,,9.0,2.0,1.0,13,1,1,2,0,0,0,0,,Away,인천 SSG 랜더스필드,18:30,34.9,False,3,1,188cm,80kg,1992,0.0,38.8,1.9,1.7,48.5,8.7,0.0,0.0,0.0,0.0,0.0,0.277,0.25,0.25,0.338,0.286,0.0,0.0,0.0,0.0
김범수,한화,2025,2025-03-25,@ LG,RP,,0.0,,0.0,13,1,0,2,0,0,0,0,,Away,잠실 야구장,18:30,13.3,False,0,1,181cm,92kg,1995,0.0,35.2,0.0,8.9,43.9,0.0,0.0,11.5,0.0,0.0,0.0,0.259,0.0,0.2,0.167,0.0,0.0,0.0,0.0,0.0
김범수,한화,2025,2025-04-05,@ Samsung,RP,,0.0,0.0,0.333333333,5,0,0,0,0,0,0,0,,Away,대구 삼성 라이온즈 파크,17:00,13.4,False,10,1,181cm,92kg,1995,0.0,35.2,0.0,8.9,43.9,0.0,0.0,11.5,0.0,0.0,0.0,0.259,0.0,0.2,0.167,0.0,0.0,0.0,0.0,0.0
김범수,한화,2025,2025-04-06,@ Samsung,RP,,0.0,0.0,0.333333333,5,0,0,0,0,0,0,0,,Away,대구 삼성 라이온즈 파크,14:00,16.6,True,0,2,181cm,92kg,1995,0.0,35.2,0.0,8.9,43.9,0.0,0.0,11.5,0.0,0.0,0.0,0.259,0.0,0.2,0.167,0.0,0.0,0.0,0.0,0.0
김범수,한화,2025,2025-04-08,@ Doosan,RP,,0.0,0.0,1.0,9,0,0,0,0,0,0,0,,Away,잠실 야구장,18:30,16.8,False,1,1,181cm,92kg,1995,0.0,35.2,0.0,8.9,43.9,0.0,0.0,11.5,0.0,0.0,0.0,0.259,0.0,0.2,0.167,0.0,0.0,0.0,0.0,0.0
김범수,한화,2025,2025-04-10,@ Doosan,RP,,0.0,0.0,0.666666667,13,0,0,0,0,2,0,0,,Away,잠실 야구장,18:30,15.8,False,1,1,181cm,92kg,1995,0.0,35.2,0.0,8.9,43.9,0.0,0.0,11.5,0.0,0.0,0.0,0.259,0.0,0.2,0.167,0.0,0.0,0.0,0.0,0.0
김범수,한화,2025,2025-04-12,vs. Kiwoom,RP,,0.0,3.0,0.666666667,20,0,0,0,0,1,2,0,,Home,대전 한화생명 볼파크,17:00,19.3,False,1,1,181cm,92kg,1995,0.0,35.2,0.0,8.9,43.9,0.0,0.0,11.5,0.0,0.0,0.0,0.259,0.0,0.2,0.167,0.0,0.0,0.0,0.0,0.0
김범수,한화,2025,2025-04-13,vs. Kiwoom,RP,,0.0,6.0,0.333333333,12,0,0,1,0,0,1,0,,Home,대전 한화생명 볼파크,14:00,7.9,True,0,2,181cm,92kg,1995,0.0,35.2,0.0,8.9,43.9,0.0,0.0,11.5,0.0,0.0,0.0,0.259,0.0,0.2,0.167,0.0,0.0,0.0,0.0,0.0
김범수,한화,2025,2025-04-16,@ SSG,RP,,54.0,6.0,0.333333333,8,2,2,2,0,1,0,0,,Away,인천 SSG 랜더스필드,18:30,18.0,False,2,1,181cm,92kg,1995,0.0,35.2,0.0,8.9,43.9,0.0,0.0,11.5,0.0,0.0,0.0,0.259,0.0,0.2,0.167,0.0,0.0,0.0,0.0,0.0
김범수,한화,2025,2025-04-18,vs. NC,RP,,0.0,0.0,1.0,11,0,0,0,0,2,0,0,,Home,대전 한화생명 볼파크,18:30,24.9,False,1,1,181cm,92kg,1995,0.0,35.2,0.0,8.9,43.9,0.0,0.0,11.5,0.0,0.0,0.0,0.259,0.0,0.2,0.167,0.0,0.0,0.0,0.0,0.0
김범수,한화,2025,2025-04-24,@ Lotte,RP,,0.0,,0.0,7,0,0,0,0,0,0,1,,Away,사직 야구장,18:30,16.6,False,5,1,181cm,92kg,1995,0.0,35.2,0.0,8.9,43.9,0.0,0.0,11.5,0.0,0.0,0.0,0.259,0.0,0.2,0.167,0.0,0.0,0.0,0.0,0.0
김범수,한화,2025,2025-04-27,vs. KT,RP,SV,0.0,0.0,0.333333333,2,0,0,0,0,0,0,0,,Home,대전 한화생명 볼파크,14:00,24.3,False,2,1,181cm,92kg,1995,0.0,35.2,0.0,8.9,43.9,0.0,0.0,11.5,0.0,0.0,0.0,0.259,0.0,0.2,0.167,0.0,0.0,0.0,0.0,0.0
김범수,한화,2025,2025-05-02,@ Kia,RP,,0.0,0.0,0.333333333,2,0,0,0,0,0,0,0,,Away,광주 기아 챔피언스 필드,18:30,17.3,False,4,1,181cm,92kg,1995,0.0,35.2,0.0,8.9,43.9,0.0,0.0,11.5,0.0,0.0,0.0,0.259,0.0,0.2,0.167,0.0,0.0,0.0,0.0,0.0
김범수,한화,2025,2025-05-06,vs. Samsung,RP,H,0.0,3.0,0.333333333,10,0,0,0,0,0,1,0,,Home,대전 한화생명 볼파크,18:30,16.9,False,3,1,181cm,92kg,1995,0.0,35.2,0.0,8.9,43.9,0.0,0.0,11.5,0.0,0.0,0.0,0.259,0.0,0.2,0.167,0.0,0.0,0.0,0.0,0.0
김범수,한화,2025,2025-05-07,vs. Samsung,RP,H,0.0,0.6,1.666666667,24,0,0,0,0,1,1,0,,Home,대전 한화생명 볼파크,18:30,19.5,True,0,2,181cm,92kg,1995,0.0,35.2,0.0,8.9,43.9,0.0,0.0,11.5,0.0,0.0,0.0,0.259,0.0,0.2,0.167,0.0,0.0,0.0,0.0,0.0
김범수,한화,2025,2025-05-10,@ Kiwoom,RP,,0.0,0.0,0.333333333,5,0,0,0,0,1,0,0,,Away,고척 스카이돔,17:00,25.5,False,2,1,181cm,92kg,1995,0.0,35.2,0.0,8.9,43.9,0.0,0.0,11.5,0.0,0.0,0.0,0.259,0.0,0.2,0.167,0.0,0.0,0.0,0.0,0.0
김범수,한화,2025,2025-05-13,vs. Doosan,RP,,0.0,0.0,0.333333333,1,0,0,0,0,0,0,0,,Home,대전 한화생명 볼파크,18:30,24.2,False,2,1,181cm,92kg,1995,0.0,35.2,0.0,8.9,43.9,0.0,0.0,11.5,0.0,0.0,0.0,0.259,0.0,0.2,0.167,0.0,0.0,0.0,0.0,0.0
김범수,한화,2025,2025-05-15,vs. Doosan,RP,,0.0,0.0,2.0,27,0,0,0,0,4,0,0,,Home,대전 한화생명 볼파크,18:30,22.7,False,1,1,181cm,92kg,1995,0.0,35.2,0.0,8.9,43.9,0.0,0.0,11.5,0.0,0.0,0.0,0.259,0.0,0.2,0.167,0.0,0.0,0.0,0.0,0.0
김범수,한화,2025,2025-05-18,vs. SSG,RP,,0.0,3.0,0.333333333,10,0,0,0,0,1,1,0,,Home,대전 한화생명 볼파크,14:00,21.7,False,2,1,181cm,92kg,1995,0.0,35.2,0.0,8.9,43.9,0.0,0.0,11.5,0.0,0.0,0.0,0.259,0.0,0.2,0.167,0.0,0.0,0.0,0.0,0.0
김범수,한화,2025,2025-05-21,@ NC,RP,,0.0,0.0,0.333333333,4,0,0,0,0,0,0,0,,Away,창원 NC 파크,18:30,23.5,False,2,1,181cm,92kg,1995,0.0,35.2,0.0,8.9,43.9,0.0,0.0,11.5,0.0,0.0,0.0,0.259,0.0,0.2,0.167,0.0,0.0,0.0,0.0,0.0
김범수,한화,2025,2025-05-22,@ NC,RP,,0.0,0.0,0.333333333,5,0,0,0,0,0,0,0,,Away,창원 NC 파크,18:30,18.4,True,0,2,181cm,92kg,1995,0.0,35.2,0.0,8.9,43.9,0.0,0.0,11.5,0.0,0.0,0.0,0.259,0.0,0.2,0.167,0.0,0.0,0.0,0.0,0.0
김범수,한화,2025,2025-05-24,vs. Lotte,RP,,0.0,6.0,0.333333333,8,1,0,2,0,1,0,0,,Home,대전 한화생명 볼파크,17:00,14.4,False,1,1,181cm,92kg,1995,0.0,35.2,0.0,8.9,43.9,0.0,0.0,11.5,0.0,0.0,0.0,0.259,0.0,0.2,0.167,0.0,0.0,0.0,0.0,0.0
김범수,한화,2025,2025-05-27,@ LG,RP,,0.0,1.5,0.666666667,13,0,0,1,0,1,0,0,,Away,잠실 야구장,18:30,24.9,False,2,1,181cm,92kg,1995,0.0,35.2,0.0,8.9,43.9,0.0,0.0,11.5,0.0,0.0,0.0,0.259,0.0,0.2,0.167,0.0,0.0,0.0,0.0,0.0
김범수,한화,2025,2025-05-29,@ LG,RP,,27.0,3.0,0.333333333,6,1,1,1,0,0,0,0,,Away,잠실 야구장,18:30,25.2,False,1,1,181cm,92kg,1995,0.0,35.2,0.0,8.9,43.9,0.0,0.0,11.5,0.0,0.0,0.0,0.259,0.0,0.2,0.167,0.0,0.0,0.0,0.0,0.0
김범수,한화,2025,2025-06-01,@ NC,RP,,13.5,3.0,0.666666667,14,1,1,2,0,1,0,0,,Away,창원 NC 파크,17:00,23.3,False,2,1,181cm,92kg,1995,0.0,35.2,0.0,8.9,43.9,0.0,0.0,11.5,0.0,0.0,0.0,0.259,0.0,0.2,0.167,0.0,0.0,0.0,0.0,0.0
김범수,한화,2025,2025-06-03,vs. KT,RP,,0.0,0.0,1.0,15,0,0,0,0,2,0,0,,Home,대전 한화생명 볼파크,18:30,22.3,False,1,1,181cm,92kg,1995,0.0,35.2,0.0,8.9,43.9,0.0,0.0,11.5,0.0,0.0,0.0,0.259,0.0,0.2,0.167,0.0,0.0,0.0,0.0,0.0
김범수,한화,2025,2025-06-05,vs. KT,RP,,0.0,0.0,1.0,12,0,0,0,0,0,0,0,,Home,대전 한화생명 볼파크,18:30,23.7,False,1,1,181cm,92kg,1995,0.0,35.2,0.0,8.9,43.9,0.0,0.0,11.5,0.0,0.0,0.0,0.259,0.0,0.2,0.167,0.0,0.0,0.0,0.0,0.0
김범수,한화,2025,2025-06-06,@ Kia,RP,,0.0,1.0,1.0,13,0,0,1,0,1,0,0,,Away,광주 기아 챔피언스 필드,18:30,22.6,True,0,2,181cm,92kg,1995,0.0,35.2,0.0,8.9,43.9,0.0,0.0,11.5,0.0,0.0,0.0,0.259,0.0,0.2,0.167,0.0,0.0,0.0,0.0,0.0
김범수,한화,2025,2025-06-07,@ Kia,RP,SV,0.0,0.0,0.333333333,6,0,0,0,0,0,0,0,,Away,광주 기아 챔피언스 필드,17:00,27.2,True,0,3,181cm,92kg,1995,0.0,35.2,0.0,8.9,43.9,0.0,0.0,11.5,0.0,0.0,0.0,0.259,0.0,0.2,0.167,0.0,0.0,0.0,0.0,0.0
김범수,한화,2025,2025-06-10,vs. Doosan,RP,,0.0,0.0,0.666666667,6,0,0,0,0,1,0,0,,Home,대전 한화생명 볼파크,18:30,26.6,False,2,1,181cm,92kg,1995,0.0,35.2,0.0,8.9,43.9,0.0,0.0,11.5,0.0,0.0,0.0,0.259,0.0,0.2,0.167,0.0,0.0,0.0,0.0,0.0
김범수,한화,2025,2025-06-12,vs. Doosan,RP,,0.0,,0.0,6,0,0,0,0,0,1,0,,Home,대전 한화생명 볼파크,18:30,27.0,False,1,1,181cm,92kg,1995,0.0,35.2,0.0,8.9,43.9,0.0,0.0,11.5,0.0,0.0,0.0,0.259,0.0,0.2,0.167,0.0,0.0,0.0,0.0,0.0
김범수,한화,2025,2025-06-14,vs. LG,RP,,0.0,,0.0,8,0,0,0,0,0,1,1,,Home,대전 한화생명 볼파크,17:00,29.9,False,1,1,181cm,92kg,1995,0.0,35.2,0.0,8.9,43.9,0.0,0.0,11.5,0.0,0.0,0.0,0.259,0.0,0.2,0.167,0.0,0.0,0.0,0.0,0.0
김범수,한화,2025,2025-06-15,vs. LG,RP,,0.0,0.0,0.333333333,4,0,0,0,0,0,0,0,,Home,대전 한화생명 볼파크,17:00,30.9,True,0,2,181cm,92kg,1995,0.0,35.2,0.0,8.9,43.9,0.0,0.0,11.5,0.0,0.0,0.0,0.259,0.0,0.2,0.167,0.0,0.0,0.0,0.0,0.0
김범수,한화,2025,2025-06-18,@ Lotte,RP,,0.0,3.0,0.333333333,7,0,0,0,0,0,1,0,,Away,사직 야구장,18:30,23.1,False,2,1,181cm,92kg,1995,0.0,35.2,0.0,8.9,43.9,0.0,0.0,11.5,0.0,0.0,0.0,0.259,0.0,0.2,0.167,0.0,0.0,0.0,0.0,0.0
김범수,한화,2025,2025-06-22,vs. Kiwoom,RP,,0.0,3.0,0.333333333,10,0,0,1,0,1,0,0,,Home,대전 한화생명 볼파크,17:00,28.2,False,3,1,181cm,92kg,1995,0.0,35.2,0.0,8.9,43.9,0.0,0.0,11.5,0.0,0.0,0.0,0.259,0.0,0.2,0.167,0.0,0.0,0.0,0.0,0.0
김범수,한화,2025,2025-06-29,@ SSG,RP,,0.0,0.0,0.333333333,6,0,0,0,0,0,0,0,,Away,인천 SSG 랜더스필드,17:00,29.8,False,6,1,181cm,92kg,1995,0.0,35.2,0.0,8.9,43.9,0.0,0.0,11.5,0.0,0.0,0.0,0.259,0.0,0.2,0.167,0.0,0.0,0.0,0.0,0.0
김범수,한화,2025,2025-07-01,vs. NC,RP,W,0.0,2.0,1.0,16,0,0,1,0,1,1,0,,Home,대전 한화생명 볼파크,18:30,33.2,False,1,1,181cm,92kg,1995,0.0,35.2,0.0,8.9,43.9,0.0,0.0,11.5,0.0,0.0,0.0,0.259,0.0,0.2,0.167,0.0,0.0,0.0,0.0,0.0
김범수,한화,2025,2025-07-03,vs. NC,RP,,0.0,0.75,1.333333333,14,0,0,0,0,1,1,1,,Home,대전 한화생명 볼파크,18:30,32.0,False,1,1,181cm,92kg,1995,0.0,35.2,0.0,8.9,43.9,0.0,0.0,11.5,0.0,0.0,0.0,0.259,0.0,0.2,0.167,0.0,0.0,0.0,0.0,0.0
김범수,한화,2025,2025-07-04,@ Kiwoom,RP,,0.0,0.0,0.666666667,7,0,0,0,0,0,0,0,,Away,고척 스카이돔,18:30,25.5,True,0,2,181cm,92kg,1995,0.0,35.2,0.0,8.9,43.9,0.0,0.0,11.5,0.0,0.0,0.0,0.259,0.0,0.2,0.167,0.0,0.0,0.0,0.0,0.0
김범수,한화,2025,2025-07-06,@ Kiwoom,RP,,0.0,0.0,1.0,11,0,0,0,0,1,0,0,,Away,고척 스카이돔,14:00,25.5,False,1,1,181cm,92kg,1995,0.0,35.2,0.0,8.9,43.9,0.0,0.0,11.5,0.0,0.0,0.0,0.259,0.0,0.2,0.167,0.0,0.0,0.0,0.0,0.0
김범수,한화,2025,2025-07-08,vs. Kia,RP,,0.0,1.0,1.0,13,0,0,1,0,0,0,0,,Home,대전 한화생명 볼파크,18:30,33.6,False,1,1,181cm,92kg,1995,0.0,35.2,0.0,8.9,43.9,0.0,0.0,11.5,0.0,0.0,0.0,0.259,0.0,0.2,0.167,0.0,0.0,0.0,0.0,0.0
김범수,한화,2025,2025-07-10,vs. Kia,RP,,0.0,0.0,0.333333333,4,0,0,0,0,1,0,0,,Home,대전 한화생명 볼파크,18:30,32.1,False,1,1,181cm,92kg,1995,0.0,35.2,0.0,8.9,43.9,0.0,0.0,11.5,0.0,0.0,0.0,0.259,0.0,0.2,0.167,0.0,0.0,0.0,0.0,0.0
김서현,한화,2025,2025-03-23,@ KT,RP,,0.0,1.0,1.0,11,0,0,1,0,0,0,0,,Away,수원 KT 위즈파크,14:00,22.7,False,0,1,188cm,86kg,2004,0.3,59.0,0.0,0.0,35.2,5.5,0.0,0.0,0.0,0.0,1.0,0.275,0.0,0.0,0.061,0.222,0.0,0.0,0.0,0.0
김서현,한화,2025,2025-03-27,@ LG,RP,,0.0,0.0,0.333333333,3,0,0,0,0,0,0,0,,Away,잠실 야구장,18:30,13.6,False,3,1,188cm,86kg,2004,0.3,59.0,0.0,0.0,35.2,5.5,0.0,0.0,0.0,0.0,1.0,0.275,0.0,0.0,0.061,0.222,0.0,0.0,0.0,0.0
김서현,한화,2025,2025-03-28,vs. Kia,RP,,0.0,1.0,1.0,15,0,0,0,0,1,1,0,,Home,대전 한화생명 볼파크,18:30,6.4,True,0,2,188cm,86kg,2004,0.3,59.0,0.0,0.0,35.2,5.5,0.0,0.0,0.0,0.0,1.0,0.275,0.0,0.0,0.061,0.222,0.0,0.0,0.0,0.0
김서현,한화,2025,2025-03-29,vs. Kia,RP,SV,0.0,1.0,1.0,18,0,0,0,0,1,1,0,,Home,대전 한화생명 볼파크,17:00,3.0,True,0,3,188cm,86kg,2004,0.3,59.0,0.0,0.0,35.2,5.5,0.0,0.0,0.0,0.0,1.0,0.275,0.0,0.0,0.061,0.222,0.0,0.0,0.0,0.0
김서현,한화,2025,2025-04-04,@ Samsung,RP,,0.0,0.0,0.333333333,6,0,0,0,0,0,0,0,,Away,대구 삼성 라이온즈 파크,18:30,12.3,False,5,1,188cm,86kg,2004,0.3,59.0,0.0,0.0,35.2,5.5,0.0,0.0,0.0,0.0,1.0,0.275,0.0,0.0,0.061,0.222,0.0,0.0,0.0,0.0
김서현,한화,2025,2025-04-05,@ Samsung,RP,SV,0.0,0.0,1.0,11,0,0,0,0,0,0,0,,Away,대구 삼성 라이온즈 파크,17:00,13.4,True,0,2,188cm,86kg,2004,0.3,59.0,0.0,0.0,35.2,5.5,0.0,0.0,0.0,0.0,1.0,0.275,0.0,0.0,0.061,0.222,0.0,0.0,0.0,0.0
김서현,한화,2025,2025-04-08,@ Doosan,RP,,0.0,0.0,1.0,10,0,0,0,0,1,0,0,,Away,잠실 야구장,18:30,16.8,False,2,1,188cm,86kg,2004,0.3,59.0,0.0,0.0,35.2,5.5,0.0,0.0,0.0,0.0,1.0,0.275,0.0,0.0,0.061,0.222,0.0,0.0,0.0,0.0
김서현,한화,2025,2025-04-09,@ Doosan,RP,SV,0.0,1.0,1.0,16,0,0,1,0,1,0,0,,Away,잠실 야구장,18:30,14.9,True,0,2,188cm,86kg,2004,0.3,59.0,0.0,0.0,35.2,5.5,0.0,0.0,0.0,0.0,1.0,0.275,0.0,0.0,0.061,0.222,0.0,0.0,0.0,0.0
김서현,한화,2025,2025-04-13,vs. Kiwoom,RP,,0.0,0.0,1.0,11,0,0,0,0,3,0,0,,Home,대전 한화생명 볼파크,14:00,7.9,False,3,1,188cm,86kg,2004,0.3,59.0,0.0,0.0,35.2,5.5,0.0,0.0,0.0,0.0,1.0,0.275,0.0,0.0,0.061,0.222,0.0,0.0,0.0,0.0
김서현,한화,2025,2025-04-15,@ SSG,RP,SV,0.0,1.0,1.0,21,0,0,1,0,1,0,0,,Away,인천 SSG 랜더스필드,18:30,5.7,False,1,1,188cm,86kg,2004,0.3,59.0,0.0,0.0,35.2,5.5,0.0,0.0,0.0,0.0,1.0,0.275,0.0,0.0,0.061,0.222,0.0,0.0,0.0,0.0
김서현,한화,2025,2025-04-17,@ SSG,RP,SV,0.0,1.0,1.0,18,0,0,0,0,1,1,0,,Away,인천 SSG 랜더스필드,18:30,16.8,False,1,1,188cm,86kg,2004,0.3,59.0,0.0,0.0,35.2,5.5,0.0,0.0,0.0,0.0,1.0,0.275,0.0,0.0,0.061,0.222,0.0,0.0,0.0,0.0
김서현,한화,2025,2025-04-23,@ Lotte,RP,SV,0.0,2.0,1.0,14,0,0,0,0,0,2,0,,Away,사직 야구장,18:30,13.9,False,5,1,188cm,86kg,2004,0.3,59.0,0.0,0.0,35.2,5.5,0.0,0.0,0.0,0.0,1.0,0.275,0.0,0.0,0.061,0.222,0.0,0.0,0.0,0.0
김서현,한화,2025,2025-04-25,vs. KT,RP,L,9.0,3.0,1.0,21,1,1,1,0,0,2,0,,Home,대전 한화생명 볼파크,18:30,16.9,False,1,1,188cm,86kg,2004,0.3,59.0,0.0,0.0,35.2,5.5,0.0,0.0,0.0,0.0,1.0,0.275,0.0,0.0,0.061,0.222,0.0,0.0,0.0,0.0
김서현,한화,2025,2025-04-26,vs. KT,RP,SV,0.0,0.0,1.0,9,0,0,0,0,2,0,0,,Home,대전 한화생명 볼파크,17:00,20.4,True,0,2,188cm,86kg,2004,0.3,59.0,0.0,0.0,35.2,5.5,0.0,0.0,0.0,0.0,1.0,0.275,0.0,0.0,0.061,0.222,0.0,0.0,0.0,0.0
김서현,한화,2025,2025-04-29,vs. LG,RP,SV,0.0,1.0,1.0,11,0,0,1,0,1,0,0,,Home,대전 한화생명 볼파크,18:30,20.2,False,2,1,188cm,86kg,2004,0.3,59.0,0.0,0.0,35.2,5.5,0.0,0.0,0.0,0.0,1.0,0.275,0.0,0.0,0.061,0.222,0.0,0.0,0.0,0.0
김서현,한화,2025,2025-04-30,vs. LG,RP,SV,0.0,0.0,1.0,15,0,0,0,0,2,0,0,,Home,대전 한화생명 볼파크,18:30,26.7,True,0,2,188cm,86kg,2004,0.3,59.0,0.0,0.0,35.2,5.5,0.0,0.0,0.0,0.0,1.0,0.275,0.0,0.0,0.061,0.222,0.0,0.0,0.0,0.0
김서현,한화,2025,2025-05-02,@ Kia,RP,,0.0,1.0,1.0,11,0,0,0,0,0,1,0,,Away,광주 기아 챔피언스 필드,18:30,17.3,False,1,1,188cm,86kg,2004,0.3,59.0,0.0,0.0,35.2,5.5,0.0,0.0,0.0,0.0,1.0,0.275,0.0,0.0,0.061,0.222,0.0,0.0,0.0,0.0
김서현,한화,2025,2025-05-04,@ Kia,RP,SV,0.0,1.0,1.0,17,0,0,1,0,2,0,0,,Away,광주 기아 챔피언스 필드,14:00,20.3,False,1,1,188cm,86kg,2004,0.3,59.0,0.0,0.0,35.2,5.5,0.0,0.0,0.0,0.0,1.0,0.275,0.0,0.0,0.061,0.222,0.0,0.0,0.0,0.0
김서현,한화,2025,2025-05-05,vs. Samsung,RP,SV,0.0,1.0,1.0,16,0,0,1,0,1,0,0,,Home,대전 한화생명 볼파크,14:00,15.7,True,0,2,188cm,86kg,2004,0.3,59.0,0.0,0.0,35.2,5.5,0.0,0.0,0.0,0.0,1.0,0.275,0.0,0.0,0.061,0.222,0.0,0.0,0.0,0.0
김서현,한화,2025,2025-05-07,vs. Samsung,RP,,0.0,0.0,1.0,11,0,0,0,0,1,0,0,,Home,대전 한화생명 볼파크,18:30,19.5,False,1,1,188cm,86kg,2004,0.3,59.0,0.0,0.0,35.2,5.5,0.0,0.0,0.0,0.0,1.0,0.275,0.0,0.0,0.061,0.222,0.0,0.0,0.0,0.0
김서현,한화,2025,2025-05-09,@ Kiwoom,RP,SV,9.0,1.0,1.0,11,1,1,1,1,1,0,0,,Away,고척 스카이돔,18:30,25.5,False,1,1,188cm,86kg,2004,0.3,59.0,0.0,0.0,35.2,5.5,0.0,0.0,0.0,0.0,1.0,0.275,0.0,0.0,0.061,0.222,0.0,0.0,0.0,0.0
김서현,한화,2025,2025-05-13,vs. Doosan,RP,,0.0,2.0,1.0,19,0,0,1,0,1,1,0,,Home,대전 한화생명 볼파크,18:30,24.2,False,3,1,188cm,86kg,2004,0.3,59.0,0.0,0.0,35.2,5.5,0.0,0.0,0.0,0.0,1.0,0.275,0.0,0.0,0.061,0.222,0.0,0.0,0.0,0.0
김서현,한화,2025,2025-05-17,vs. SSG,RP,SV,0.0,2.0,1.0,23,0,0,2,0,2,0,0,,Home,대전 한화생명 볼파크,17:00,23.4,False,3,1,188cm,86kg,2004,0.3,59.0,0.0,0.0,35.2,5.5,0.0,0.0,0.0,0.0,1.0,0.275,0.0,0.0,0.061,0.222,0.0,0.0,0.0,0.0
김서현,한화,2025,2025-05-20,@ NC,RP,SV,0.0,0.0,1.333333333,18,0,0,0,0,4,0,0,,Away,창원 NC 파크,18:30,22.9,False,2,1,188cm,86kg,2004,0.3,59.0,0.0,0.0,35.2,5.5,0.0,0.0,0.0,0.0,1.0,0.275,0.0,0.0,0.061,0.222,0.0,0.0,0.0,0.0
김서현,한화,2025,2025-05-23,vs. Lotte,RP,SV,0.0,3.0,1.0,24,0,0,2,0,2,1,0,,Home,대전 한화생명 볼파크,18:30,21.1,False,2,1,188cm,86kg,2004,0.3,59.0,0.0,0.0,35.2,5.5,0.0,0.0,0.0,0.0,1.0,0.275,0.0,0.0,0.061,0.222,0.0,0.0,0.0,0.0
김서현,한화,2025,2025-05-24,vs. Lotte,RP,,0.0,0.0,1.0,15,0,0,0,0,1,0,1,,Home,대전 한화생명 볼파크,17:00,14.4,True,0,2,188cm,86kg,2004,0.3,59.0,0.0,0.0,35.2,5.5,0.0,0.0,0.0,0.0,1.0,0.275,0.0,0.0,0.061,0.222,0.0,0.0,0.0,0.0
김서현,한화,2025,2025-05-28,@ LG,RP,,0.0,1.0,1.0,26,0,0,1,0,1,0,0,,Away,잠실 야구장,18:30,23.5,False,3,1,188cm,86kg,2004,0.3,59.0,0.0,0.0,35.2,5.5,0.0,0.0,0.0,0.0,1.0,0.275,0.0,0.0,0.061,0.222,0.0,0.0,0.0,0.0
김서현,한화,2025,2025-05-31,@ NC,RP,W,20.25,3.0,1.333333333,34,3,3,3,0,2,1,0,,Away,창원 NC 파크,17:00,26.8,False,2,1,188cm,86kg,2004,0.3,59.0,0.0,0.0,35.2,5.5,0.0,0.0,0.0,0.0,1.0,0.275,0.0,0.0,0.061,0.222,0.0,0.0,0.0,0.0
김서현,한화,2025,2025-06-04,vs. KT,RP,SV,9.0,3.0,1.0,17,1,1,2,0,0,1,0,,Home,대전 한화생명 볼파크,18:30,22.1,False,3,1,188cm,86kg,2004,0.3,59.0,0.0,0.0,35.2,5.5,0.0,0.0,0.0,0.0,1.0,0.275,0.0,0.0,0.061,0.222,0.0,0.0,0.0,0.0
김서현,한화,2025,2025-06-07,@ Kia,RP,,0.0,1.0,1.0,21,0,0,0,0,2,1,1,,Away,광주 기아 챔피언스 필드,17:00,27.2,False,2,1,188cm,86kg,2004,0.3,59.0,0.0,0.0,35.2,5.5,0.0,0.0,0.0,0.0,1.0,0.275,0.0,0.0,0.061,0.222,0.0,0.0,0.0,0.0
김서현,한화,2025,2025-06-08,@ Kia,RP,,0.0,0.75,1.333333333,17,0,0,1,0,3,0,0,,Away,광주 기아 챔피언스 필드,17:00,28.7,True,0,2,188cm,86kg,2004,0.3,59.0,0.0,0.0,35.2,5.5,0.0,0.0,0.0,0.0,1.0,0.275,0.0,0.0,0.061,0.222,0.0,0.0,0.0,0.0
김서현,한화,2025,2025-06-10,vs. Doosan,RP,SV,0.0,0.0,0.333333333,2,0,0,0,0,0,0,0,,Home,대전 한화생명 볼파크,18:30,26.6,False,1,1,188cm,86kg,2004,0.3,59.0,0.0,0.0,35.2,5.5,0.0,0.0,0.0,0.0,1.0,0.275,0.0,0.0,0.061,0.222,0.0,0.0,0.0,0.0
김서현,한화,2025,2025-06-12,vs. Doosan,RP,SV,0.0,2.25,1.333333333,29,0,0,3,0,2,0,0,,Home,대전 한화생명 볼파크,18:30,27.0,False,1,1,188cm,86kg,2004,0.3,59.0,0.0,0.0,35.2,5.5,0.0,0.0,0.0,0.0,1.0,0.275,0.0,0.0,0.061,0.222,0.0,0.0,0.0,0.0
김서현,한화,2025,2025-06-14,vs. LG,RP,,0.0,0.6,1.666666667,16,0,0,1,0,0,0,0,,Home,대전 한화생명 볼파크,17:00,29.9,False,1,1,188cm,86kg,2004,0.3,59.0,0.0,0.0,35.2,5.5,0.0,0.0,0.0,0.0,1.0,0.275,0.0,0.0,0.061,0.222,0.0,0.0,0.0,0.0
김서현,한화,2025,2025-06-19,@ Lotte,RP,,0.0,0.0,0.333333333,3,0,0,0,0,0,0,0,,Away,사직 야구장,18:30,27.6,False,4,1,188cm,86kg,2004,0.3,59.0,0.0,0.0,35.2,5.5,0.0,0.0,0.0,0.0,1.0,0.275,0.0,0.0,0.061,0.222,0.0,0.0,0.0,0.0
김서현,한화,2025,2025-06-22,vs. Kiwoom,RP,,0.0,6.0,0.333333333,12,0,0,1,0,1,1,0,,Home,대전 한화생명 볼파크,17:00,28.2,False,2,1,188cm,86kg,2004,0.3,59.0,0.0,0.0,35.2,5.5,0.0,0.0,0.0,0.0,1.0,0.275,0.0,0.0,0.061,0.222,0.0,0.0,0.0,0.0
김서현,한화,2025,2025-06-26,@ Samsung,RP,SV,0.0,0.0,1.333333333,19,0,0,0,0,2,0,0,,Away,대구 삼성 라이온즈 파크,18:30,24.9,False,3,1,188cm,86kg,2004,0.3,59.0,0.0,0.0,35.2,5.5,0.0,0.0,0.0,0.0,1.0,0.275,0.0,0.0,0.061,0.222,0.0,0.0,0.0,0.0
김서현,한화,2025,2025-06-28,@ SSG,RP,SV,0.0,3.0,1.0,28,0,0,1,0,2,2,0,,Away,인천 SSG 랜더스필드,17:00,28.1,False,1,1,188cm,86kg,2004,0.3,59.0,0.0,0.0,35.2,5.5,0.0,0.0,0.0,0.0,1.0,0.275,0.0,0.0,0.061,0.222,0.0,0.0,0.0,0.0
김서현,한화,2025,2025-07-03,vs. NC,RP,,13.5,4.5,0.666666667,24,1,1,0,0,1,3,1,,Home,대전 한화생명 볼파크,18:30,32.0,False,4,1,188cm,86kg,2004,0.3,59.0,0.0,0.0,35.2,5.5,0.0,0.0,0.0,0.0,1.0,0.275,0.0,0.0,0.061,0.222,0.0,0.0,0.0,0.0
김서현,한화,2025,2025-07-04,@ Kiwoom,RP,SV,0.0,0.0,1.0,13,0,0,0,0,2,0,0,,Away,고척 스카이돔,18:30,25.5,True,0,2,188cm,86kg,2004,0.3,59.0,0.0,0.0,35.2,5.5,0.0,0.0,0.0,0.0,1.0,0.275,0.0,0.0,0.061,0.222,0.0,0.0,0.0,0.0
김서현,한화,2025,2025-07-09,vs. Kia,RP,SV,0.0,2.0,1.0,24,0,0,1,0,2,1,0,,Home,대전 한화생명 볼파크,18:30,32.1,False,4,1,188cm,86kg,2004,0.3,59.0,0.0,0.0,35.2,5.5,0.0,0.0,0.0,0.0,1.0,0.275,0.0,0.0,0.061,0.222,0.0,0.0,0.0,0.0
김선기,키움,2025,2025-03-23,@ Samsung,RP,,9.0,2.0,1.0,25,1,1,1,0,1,1,0,,Away,대구 삼성 라이온즈 파크,14:00,18.7,False,0,1,187cm,98kg,1991,5.0,45.2,0.0,7.4,35.9,0.0,0.0,6.3,0.0,0.0,0.182,0.319,0.0,0.25,0.338,0.0,0.0,0.2,0.0,0.0
김선기,키움,2025,2025-03-25,@ Kia,RP,,4.5,2.5,2.0,32,1,1,4,0,2,1,0,,Away,광주 기아 챔피언스 필드,18:30,19.9,False,1,1,187cm,98kg,1991,5.0,45.2,0.0,7.4,35.9,0.0,0.0,6.3,0.0,0.0,0.182,0.319,0.0,0.25,0.338,0.0,0.0,0.2,0.0,0.0
김선기,키움,2025,2025-03-28,vs. SSG,RP,,0.0,1.0,1.0,11,0,0,1,0,0,0,0,,Home,고척 스카이돔,18:30,25.5,False,2,1,187cm,98kg,1991,5.0,45.2,0.0,7.4,35.9,0.0,0.0,6.3,0.0,0.0,0.182,0.319,0.0,0.25,0.338,0.0,0.0,0.2,0.0,0.0
김선기,키움,2025,2025-04-02,@ Doosan,RP,,0.0,0.0,1.333333333,17,0,0,0,0,0,0,0,,Away,잠실 야구장,18:30,8.4,False,4,1,187cm,98kg,1991,5.0,45.2,0.0,7.4,35.9,0.0,0.0,6.3,0.0,0.0,0.182,0.319,0.0,0.25,0.338,0.0,0.0,0.2,0.0,0.0
김선기,키움,2025,2025-04-05,vs. NC,RP,,0.0,1.2,1.666666667,28,0,0,2,0,1,0,1,,Home,고척 스카이돔,17:00,25.5,False,2,1,187cm,98kg,1991,5.0,45.2,0.0,7.4,35.9,0.0,0.0,6.3,0.0,0.0,0.182,0.319,0.0,0.25,0.338,0.0,0.0,0.2,0.0,0.0
김선기,키움,2025,2025-04-06,vs. NC,RP,L,27.0,3.0,0.333333333,7,1,1,0,0,1,1,0,,Home,고척 스카이돔,14:00,25.5,True,0,2,187cm,98kg,1991,5.0,45.2,0.0,7.4,35.9,0.0,0.0,6.3,0.0,0.0,0.182,0.319,0.0,0.25,0.338,0.0,0.0,0.2,0.0,0.0
김선기,키움,2025,2025-04-11,@ Hanwha,RP,,0.0,0.75,1.333333333,21,0,0,1,0,2,0,1,,Away,대전 한화생명 볼파크,18:30,24.0,False,4,1,187cm,98kg,1991,5.0,45.2,0.0,7.4,35.9,0.0,0.0,6.3,0.0,0.0,0.182,0.319,0.0,0.25,0.338,0.0,0.0,0.2,0.0,0.0
김선기,키움,2025,2025-04-13,@ Hanwha,RP,,9.0,5.0,1.0,35,1,1,3,0,0,2,0,,Away,대전 한화생명 볼파크,14:00,7.9,False,1,1,187cm,98kg,1991,5.0,45.2,0.0,7.4,35.9,0.0,0.0,6.3,0.0,0.0,0.182,0.319,0.0,0.25,0.338,0.0,0.0,0.2,0.0,0.0
김선기,키움,2025,2025-04-16,@ Lotte,RP,,0.0,2.0,1.0,23,0,0,1,0,0,1,0,,Away,사직 야구장,18:30,16.8,False,2,1,187cm,98kg,1991,5.0,45.2,0.0,7.4,35.9,0.0,0.0,6.3,0.0,0.0,0.182,0.319,0.0,0.25,0.338,0.0,0.0,0.2,0.0,0.0
김선기,키움,2025,2025-04-19,vs. KT,SP,L,22.5,4.0,2.0,67,8,5,4,1,2,4,0,20.0,Home,고척 스카이돔,17:00,25.5,False,2,1,187cm,98kg,1991,5.0,45.2,0.0,7.4,35.9,0.0,0.0,6.3,0.0,0.0,0.182,0.319,0.0,0.25,0.338,0.0,0.0,0.2,0.0,0.0
김선기,키움,2025,2025-04-25,@ SSG,SP,,3.0,2.33,3.0,61,1,1,6,0,4,1,0,46.0,Away,인천 SSG 랜더스필드,18:30,14.2,False,5,1,187cm,98kg,1991,5.0,45.2,0.0,7.4,35.9,0.0,0.0,6.3,0.0,0.0,0.182,0.319,0.0,0.25,0.338,0.0,0.0,0.2,0.0,0.0
김선기,키움,2025,2025-04-30,vs. Lotte,SP,L,14.73,2.73,3.666666667,66,6,6,8,1,2,2,0,21.0,Home,고척 스카이돔,18:30,25.5,False,4,1,187cm,98kg,1991,5.0,45.2,0.0,7.4,35.9,0.0,0.0,6.3,0.0,0.0,0.182,0.319,0.0,0.25,0.338,0.0,0.0,0.2,0.0,0.0
김선기,키움,2025,2025-05-04,@ KT,SP,,2.45,1.36,3.666666667,49,1,1,3,0,2,2,1,50.0,Away,수원 KT 위즈파크,14:00,19.3,False,3,1,187cm,98kg,1991,5.0,45.2,0.0,7.4,35.9,0.0,0.0,6.3,0.0,0.0,0.182,0.319,0.0,0.25,0.338,0.0,0.0,0.2,0.0,0.0
김선기,키움,2025,2025-05-10,vs. Hanwha,SP,L,6.0,2.0,3.0,51,2,2,5,0,1,1,1,40.0,Home,고척 스카이돔,17:00,25.5,False,5,1,187cm,98kg,1991,5.0,45.2,0.0,7.4,35.9,0.0,0.0,6.3,0.0,0.0,0.182,0.319,0.0,0.25,0.338,0.0,0.0,0.2,0.0,0.0
김선기,키움,2025,2025-05-17,@ NC,SP,,4.5,1.75,4.0,89,2,2,4,1,3,3,4,42.0,Away,창원 NC 파크,17:00,22.5,False,6,1,187cm,98kg,1991,5.0,45.2,0.0,7.4,35.9,0.0,0.0,6.3,0.0,0.0,0.182,0.319,0.0,0.25,0.338,0.0,0.0,0.2,0.0,0.0
김선기,키움,2025,2025-05-21,vs. Samsung,RP,,0.0,0.0,0.666666667,3,0,0,0,0,0,0,0,,Home,고척 스카이돔,18:30,25.5,False,3,1,187cm,98kg,1991,5.0,45.2,0.0,7.4,35.9,0.0,0.0,6.3,0.0,0.0,0.182,0.319,0.0,0.25,0.338,0.0,0.0,0.2,0.0,0.0
김선기,키움,2025,2025-05-25,vs. KT,SP,L,2.08,1.15,4.333333333,65,1,1,2,0,1,3,0,53.0,Home,고척 스카이돔,14:00,25.5,False,3,1,187cm,98kg,1991,5.0,45.2,0.0,7.4,35.9,0.0,0.0,6.3,0.0,0.0,0.182,0.319,0.0,0.25,0.338,0.0,0.0,0.2,0.0,0.0
김선기,키움,2025,2025-05-30,vs. Doosan,SP,,3.6,1.6,5.0,95,2,2,4,0,3,4,0,50.0,Home,고척 스카이돔,18:30,25.5,False,4,1,187cm,98kg,1991,5.0,45.2,0.0,7.4,35.9,0.0,0.0,6.3,0.0,0.0,0.182,0.319,0.0,0.25,0.338,0.0,0.0,0.2,0.0,0.0
김선기,키움,2025,2025-06-04,@ Lotte,RP,W,0.0,0.0,1.0,10,0,0,0,0,0,0,0,,Away,사직 야구장,18:30,24.3,False,4,1,187cm,98kg,1991,5.0,45.2,0.0,7.4,35.9,0.0,0.0,6.3,0.0,0.0,0.182,0.319,0.0,0.25,0.338,0.0,0.0,0.2,0.0,0.0
김선기,키움,2025,2025-06-05,@ Lotte,RP,,0.0,2.0,1.0,23,0,0,1,0,1,1,0,,Away,사직 야구장,18:30,20.9,True,0,2,187cm,98kg,1991,5.0,45.2,0.0,7.4,35.9,0.0,0.0,6.3,0.0,0.0,0.182,0.319,0.0,0.25,0.338,0.0,0.0,0.2,0.0,0.0
김선기,키움,2025,2025-06-10,vs. NC,RP,,0.0,1.0,1.0,16,0,0,1,0,1,0,0,,Home,고척 스카이돔,18:30,25.5,False,4,1,187cm,98kg,1991,5.0,45.2,0.0,7.4,35.9,0.0,0.0,6.3,0.0,0.0,0.182,0.319,0.0,0.25,0.338,0.0,0.0,0.2,0.0,0.0
김선기,키움,2025,2025-06-12,vs. NC,RP,,4.5,1.0,2.0,32,1,1,1,1,1,1,0,,Home,고척 스카이돔,18:30,25.5,False,1,1,187cm,98kg,1991,5.0,45.2,0.0,7.4,35.9,0.0,0.0,6.3,0.0,0.0,0.182,0.319,0.0,0.25,0.338,0.0,0.0,0.2,0.0,0.0
김선기,키움,2025,2025-06-14,@ Doosan,RP,,0.0,1.0,1.0,10,0,0,1,0,0,0,0,,Away,잠실 야구장,17:00,31.4,False,1,1,187cm,98kg,1991,5.0,45.2,0.0,7.4,35.9,0.0,0.0,6.3,0.0,0.0,0.182,0.319,0.0,0.25,0.338,0.0,0.0,0.2,0.0,0.0
김선기,키움,2025,2025-06-15,@ Doosan,RP,,0.0,3.0,0.666666667,15,0,0,1,0,1,1,0,,Away,잠실 야구장,17:00,30.2,True,0,2,187cm,98kg,1991,5.0,45.2,0.0,7.4,35.9,0.0,0.0,6.3,0.0,0.0,0.182,0.319,0.0,0.25,0.338,0.0,0.0,0.2,0.0,0.0
김선기,키움,2025,2025-06-17,vs. SSG,RP,,81.0,9.0,0.333333333,14,3,3,3,0,0,0,0,,Home,고척 스카이돔,18:30,25.5,False,1,1,187cm,98kg,1991,5.0,45.2,0.0,7.4,35.9,0.0,0.0,6.3,0.0,0.0,0.182,0.319,0.0,0.25,0.338,0.0,0.0,0.2,0.0,0.0
김선기,키움,2025,2025-06-19,vs. SSG,RP,H,0.0,3.0,1.0,14,0,0,3,0,0,0,0,,Home,고척 스카이돔,18:30,25.5,False,1,1,187cm,98kg,1991,5.0,45.2,0.0,7.4,35.9,0.0,0.0,6.3,0.0,0.0,0.182,0.319,0.0,0.25,0.338,0.0,0.0,0.2,0.0,0.0
김선기,키움,2025,2025-06-25,vs. Kia,RP,,9.0,1.67,3.0,56,3,3,4,0,0,1,0,,Home,고척 스카이돔,18:30,25.5,False,5,1,187cm,98kg,1991,5.0,45.2,0.0,7.4,35.9,0.0,0.0,6.3,0.0,0.0,0.182,0.319,0.0,0.25,0.338,0.0,0.0,0.2,0.0,0.0
김선기,키움,2025,2025-06-29,vs. Samsung,RP,,13.5,6.0,0.666666667,25,1,1,1,0,0,3,0,,Home,고척 스카이돔,14:00,25.5,False,3,1,187cm,98kg,1991,5.0,45.2,0.0,7.4,35.9,0.0,0.0,6.3,0.0,0.0,0.182,0.319,0.0,0.25,0.338,0.0,0.0,0.2,0.0,0.0
김선기,키움,2025,2025-07-03,@ KT,RP,,5.4,1.8,1.666666667,29,1,1,1,0,1,2,1,,Away,수원 KT 위즈파크,18:30,30.9,False,3,1,187cm,98kg,1991,5.0,45.2,0.0,7.4,35.9,0.0,0.0,6.3,0.0,0.0,0.182,0.319,0.0,0.25,0.338,0.0,0.0,0.2,0.0,0.0
김영규,NC,2025,2025-06-14,vs. Kia,RP,,0.0,1.0,1.0,11,0,0,0,0,0,1,0,,Home,창원 NC 파크,17:00,27.3,False,0,1,188cm,86kg,2000,0.0,53.0,0.0,0.0,41.6,0.0,0.0,5.4,0.0,0.0,0.0,0.217,0.0,0.0,0.333,0.0,0.0,0.0,0.0,0.0
김영규,NC,2025,2025-06-17,@ LG,RP,H,0.0,0.0,0.333333333,4,0,0,0,0,0,0,0,,Away,잠실 야구장,18:30,28.6,False,2,1,188cm,86kg,2000,0.0,53.0,0.0,0.0,41.6,0.0,0.0,5.4,0.0,0.0,0.0,0.217,0.0,0.0,0.333,0.0,0.0,0.0,0.0,0.0
김영규,NC,2025,2025-06-19,@ LG,RP,H,0.0,1.0,1.0,19,0,0,1,0,1,0,0,,Away,잠실 야구장,18:30,30.9,False,1,1,188cm,86kg,2000,0.0,53.0,0.0,0.0,41.6,0.0,0.0,5.4,0.0,0.0,0.0,0.217,0.0,0.0,0.333,0.0,0.0,0.0,0.0,0.0
김영규,NC,2025,2025-06-21,@ KT,RP,H,0.0,0.0,1.0,16,0,0,0,0,0,0,0,,Away,수원 KT 위즈파크,17:00,24.3,False,1,1,188cm,86kg,2000,0.0,53.0,0.0,0.0,41.6,0.0,0.0,5.4,0.0,0.0,0.0,0.217,0.0,0.0,0.333,0.0,0.0,0.0,0.0,0.0
김영규,NC,2025,2025-06-25,vs. Lotte,RP,H,0.0,0.0,1.0,14,0,0,0,0,2,0,0,,Home,창원 NC 파크,18:30,25.2,False,3,1,188cm,86kg,2000,0.0,53.0,0.0,0.0,41.6,0.0,0.0,5.4,0.0,0.0,0.0,0.217,0.0,0.0,0.333,0.0,0.0,0.0,0.0,0.0
김영규,NC,2025,2025-06-27,vs. Doosan,RP,,9.0,3.0,1.0,19,2,1,2,0,1,1,0,,Home,창원 NC 파크,18:30,29.0,False,1,1,188cm,86kg,2000,0.0,53.0,0.0,0.0,41.6,0.0,0.0,5.4,0.0,0.0,0.0,0.217,0.0,0.0,0.333,0.0,0.0,0.0,0.0,0.0
김영규,NC,2025,2025-06-29,vs. Doosan,RP,,0.0,0.0,1.0,4,0,0,0,0,0,0,0,,Home,창원 NC 파크,17:00,31.6,False,1,1,188cm,86kg,2000,0.0,53.0,0.0,0.0,41.6,0.0,0.0,5.4,0.0,0.0,0.0,0.217,0.0,0.0,0.333,0.0,0.0,0.0,0.0,0.0
김영규,NC,2025,2025-07-01,@ Hanwha,RP,L,0.0,1.5,0.666666667,17,2,0,1,0,0,0,0,,Away,대전 한화생명 볼파크,18:30,33.2,False,1,1,188cm,86kg,2000,0.0,53.0,0.0,0.0,41.6,0.0,0.0,5.4,0.0,0.0,0.0,0.217,0.0,0.0,0.333,0.0,0.0,0.0,0.0,0.0
김영규,NC,2025,2025-07-03,@ Hanwha,RP,,9.0,2.0,1.0,23,1,1,2,1,1,0,0,,Away,대전 한화생명 볼파크,18:30,32.0,False,1,1,188cm,86kg,2000,0.0,53.0,0.0,0.0,41.6,0.0,0.0,5.4,0.0,0.0,0.0,0.217,0.0,0.0,0.333,0.0,0.0,0.0,0.0,0.0
김영규,NC,2025,2025-07-06,vs. SSG,RP,H,0.0,0.0,1.0,12,0,0,0,0,0,0,0,,Home,창원 NC 파크,17:00,32.8,False,2,1,188cm,86kg,2000,0.0,53.0,0.0,0.0,41.6,0.0,0.0,5.4,0.0,0.0,0.0,0.217,0.0,0.0,0.333,0.0,0.0,0.0,0.0,0.0
김영규,NC,2025,2025-07-08,vs. Samsung,RP,H,0.0,1.0,1.0,13,0,0,1,0,0,0,0,,Home,창원 NC 파크,18:30,32.8,False,1,1,188cm,86kg,2000,0.0,53.0,0.0,0.0,41.6,0.0,0.0,5.4,0.0,0.0,0.0,0.217,0.0,0.0,0.333,0.0,0.0,0.0,0.0,0.0
김영규,NC,2025,2025-07-09,vs. Samsung,RP,H,0.0,3.0,1.0,14,0,0,3,0,0,0,0,,Home,창원 NC 파크,18:30,30.8,True,0,2,188cm,86kg,2000,0.0,53.0,0.0,0.0,41.6,0.0,0.0,5.4,0.0,0.0,0.0,0.217,0.0,0.0,0.333,0.0,0.0,0.0,0.0,0.0
김영우,LG,2025,2025-03-29,@ NC,RP,,0.0,1.0,1.0,11,0,0,1,0,2,0,0,,Away,창원 NC 파크,17:00,8.8,False,0,1,185cm,90kg,2005,0.0,66.6,0.0,21.4,7.1,0.0,0.0,4.9,0.0,0.0,0.0,0.313,0.0,0.261,0.182,0.0,0.0,0.1,0.0,0.0
김영우,LG,2025,2025-04-02,@ KT,RP,,0.0,0.0,1.0,12,0,0,0,0,0,0,0,,Away,수원 KT 위즈파크,18:30,7.9,False,3,1,185cm,90kg,2005,0.0,66.6,0.0,21.4,7.1,0.0,0.0,4.9,0.0,0.0,0.0,0.313,0.0,0.261,0.182,0.0,0.0,0.1,0.0,0.0
김영우,LG,2025,2025-04-04,vs. Kia,RP,,0.0,2.0,1.0,21,0,0,1,0,1,1,0,,Home,잠실 야구장,18:30,13.4,False,1,1,185cm,90kg,2005,0.0,66.6,0.0,21.4,7.1,0.0,0.0,4.9,0.0,0.0,0.0,0.313,0.0,0.261,0.182,0.0,0.0,0.1,0.0,0.0
김영우,LG,2025,2025-04-10,@ Kiwoom,RP,,0.0,1.0,1.0,17,0,0,0,0,1,1,0,,Away,고척 스카이돔,18:30,25.5,False,5,1,185cm,90kg,2005,0.0,66.6,0.0,21.4,7.1,0.0,0.0,4.9,0.0,0.0,0.0,0.313,0.0,0.261,0.182,0.0,0.0,0.1,0.0,0.0
김영우,LG,2025,2025-04-13,vs. Doosan,RP,,0.0,3.0,1.0,27,0,0,1,0,1,2,0,,Home,잠실 야구장,14:00,-0.1,False,2,1,185cm,90kg,2005,0.0,66.6,0.0,21.4,7.1,0.0,0.0,4.9,0.0,0.0,0.0,0.313,0.0,0.261,0.182,0.0,0.0,0.1,0.0,0.0
김영우,LG,2025,2025-04-17,vs. Samsung,RP,,6.75,1.5,1.333333333,25,1,1,1,0,3,1,0,,Home,잠실 야구장,18:30,21.4,False,3,1,185cm,90kg,2005,0.0,66.6,0.0,21.4,7.1,0.0,0.0,4.9,0.0,0.0,0.0,0.313,0.0,0.261,0.182,0.0,0.0,0.1,0.0,0.0
김영우,LG,2025,2025-04-19,@ SSG,RP,H,0.0,0.0,0.333333333,2,0,0,0,0,0,0,0,,Away,인천 SSG 랜더스필드,17:00,10.9,False,1,1,185cm,90kg,2005,0.0,66.6,0.0,21.4,7.1,0.0,0.0,4.9,0.0,0.0,0.0,0.313,0.0,0.261,0.182,0.0,0.0,0.1,0.0,0.0
김영우,LG,2025,2025-04-20,@ SSG,RP,,9.0,1.0,1.0,19,1,1,1,0,3,0,0,,Away,인천 SSG 랜더스필드,14:00,19.5,True,0,2,185cm,90kg,2005,0.0,66.6,0.0,21.4,7.1,0.0,0.0,4.9,0.0,0.0,0.0,0.313,0.0,0.261,0.182,0.0,0.0,0.1,0.0,0.0
김영우,LG,2025,2025-04-22,vs. NC,RP,,27.0,3.0,0.333333333,7,1,1,1,0,1,0,0,,Home,잠실 야구장,18:30,17.5,False,1,1,185cm,90kg,2005,0.0,66.6,0.0,21.4,7.1,0.0,0.0,4.9,0.0,0.0,0.0,0.313,0.0,0.261,0.182,0.0,0.0,0.1,0.0,0.0
김영우,LG,2025,2025-04-24,vs. NC,RP,,0.0,0.0,1.0,12,0,0,0,0,1,0,0,,Home,잠실 야구장,18:30,17.0,False,1,1,185cm,90kg,2005,0.0,66.6,0.0,21.4,7.1,0.0,0.0,4.9,0.0,0.0,0.0,0.313,0.0,0.261,0.182,0.0,0.0,0.1,0.0,0.0
김영우,LG,2025,2025-04-25,@ Kia,RP,W,0.0,1.0,1.0,18,0,0,0,0,3,1,0,,Away,광주 기아 챔피언스 필드,18:30,16.2,True,0,2,185cm,90kg,2005,0.0,66.6,0.0,21.4,7.1,0.0,0.0,4.9,0.0,0.0,0.0,0.313,0.0,0.261,0.182,0.0,0.0,0.1,0.0,0.0
김영우,LG,2025,2025-04-27,@ Kia,RP,,0.0,3.0,0.666666667,10,0,0,1,0,0,1,0,,Away,광주 기아 챔피언스 필드,14:00,24.1,False,1,1,185cm,90kg,2005,0.0,66.6,0.0,21.4,7.1,0.0,0.0,4.9,0.0,0.0,0.0,0.313,0.0,0.261,0.182,0.0,0.0,0.1,0.0,0.0
김영우,LG,2025,2025-05-02,vs. SSG,RP,,0.0,6.0,0.333333333,16,0,0,0,0,1,2,0,,Home,잠실 야구장,18:30,16.2,False,4,1,185cm,90kg,2005,0.0,66.6,0.0,21.4,7.1,0.0,0.0,4.9,0.0,0.0,0.0,0.313,0.0,0.261,0.182,0.0,0.0,0.1,0.0,0.0
김영우,LG,2025,2025-05-04,vs. SSG,RP,,0.0,1.0,1.0,9,0,0,1,0,1,0,0,,Home,잠실 야구장,14:00,19.7,False,1,1,185cm,90kg,2005,0.0,66.6,0.0,21.4,7.1,0.0,0.0,4.9,0.0,0.0,0.0,0.313,0.0,0.261,0.182,0.0,0.0,0.1,0.0,0.0
김영우,LG,2025,2025-05-07,@ Doosan,RP,,0.0,1.5,2.0,31,0,0,1,0,2,2,0,,Away,잠실 야구장,18:30,18.1,False,2,1,185cm,90kg,2005,0.0,66.6,0.0,21.4,7.1,0.0,0.0,4.9,0.0,0.0,0.0,0.313,0.0,0.261,0.182,0.0,0.0,0.1,0.0,0.0
김영우,LG,2025,2025-05-10,@ Samsung,RP,,0.0,,0.0,8,0,0,1,0,0,0,0,,Away,대구 삼성 라이온즈 파크,17:00,17.6,False,2,1,185cm,90kg,2005,0.0,66.6,0.0,21.4,7.1,0.0,0.0,4.9,0.0,0.0,0.0,0.313,0.0,0.261,0.182,0.0,0.0,0.1,0.0,0.0
김영우,LG,2025,2025-05-14,vs. Kiwoom,RP,,0.0,1.0,1.0,8,0,0,1,0,0,0,0,,Home,잠실 야구장,18:30,24.0,False,3,1,185cm,90kg,2005,0.0,66.6,0.0,21.4,7.1,0.0,0.0,4.9,0.0,0.0,0.0,0.313,0.0,0.261,0.182,0.0,0.0,0.1,0.0,0.0
김영우,LG,2025,2025-05-17,vs. KT,RP,L,27.0,6.0,0.333333333,15,1,1,1,0,0,1,0,,Home,잠실 야구장,17:00,18.9,False,2,1,185cm,90kg,2005,0.0,66.6,0.0,21.4,7.1,0.0,0.0,4.9,0.0,0.0,0.0,0.313,0.0,0.261,0.182,0.0,0.0,0.1,0.0,0.0
김영우,LG,2025,2025-05-17,vs. KT,RP,,0.0,1.0,1.0,15,0,0,1,0,2,0,0,,Home,잠실 야구장,17:00,18.9,False,-1,1,185cm,90kg,2005,0.0,66.6,0.0,21.4,7.1,0.0,0.0,4.9,0.0,0.0,0.0,0.313,0.0,0.261,0.182,0.0,0.0,0.1,0.0,0.0
김영우,LG,2025,2025-05-20,@ Lotte,RP,,0.0,2.0,1.0,35,0,0,2,0,1,0,0,,Away,사직 야구장,18:30,22.4,False,2,1,185cm,90kg,2005,0.0,66.6,0.0,21.4,7.1,0.0,0.0,4.9,0.0,0.0,0.0,0.313,0.0,0.261,0.182,0.0,0.0,0.1,0.0,0.0
김영우,LG,2025,2025-05-24,@ SSG,RP,,0.0,0.0,1.333333333,9,0,0,0,0,0,0,0,,Away,인천 SSG 랜더스필드,17:00,18.7,False,3,1,185cm,90kg,2005,0.0,66.6,0.0,21.4,7.1,0.0,0.0,4.9,0.0,0.0,0.0,0.313,0.0,0.261,0.182,0.0,0.0,0.1,0.0,0.0
김영우,LG,2025,2025-05-25,@ SSG,RP,,0.0,3.0,0.333333333,9,0,0,1,0,1,0,0,,Away,인천 SSG 랜더스필드,14:00,18.2,True,0,2,185cm,90kg,2005,0.0,66.6,0.0,21.4,7.1,0.0,0.0,4.9,0.0,0.0,0.0,0.313,0.0,0.261,0.182,0.0,0.0,0.1,0.0,0.0
김영우,LG,2025,2025-05-28,vs. Hanwha,RP,,0.0,0.75,1.333333333,10,0,0,1,0,1,0,0,,Home,잠실 야구장,18:30,23.5,False,2,1,185cm,90kg,2005,0.0,66.6,0.0,21.4,7.1,0.0,0.0,4.9,0.0,0.0,0.0,0.313,0.0,0.261,0.182,0.0,0.0,0.1,0.0,0.0
김영우,LG,2025,2025-05-29,vs. Hanwha,RP,SV,0.0,1.0,1.0,18,0,0,0,0,2,1,0,,Home,잠실 야구장,18:30,25.2,True,0,2,185cm,90kg,2005,0.0,66.6,0.0,21.4,7.1,0.0,0.0,4.9,0.0,0.0,0.0,0.313,0.0,0.261,0.182,0.0,0.0,0.1,0.0,0.0
김영우,LG,2025,2025-05-31,vs. Samsung,RP,,0.0,1.0,1.0,16,0,0,1,0,1,0,0,,Home,잠실 야구장,17:00,25.6,False,1,1,185cm,90kg,2005,0.0,66.6,0.0,21.4,7.1,0.0,0.0,4.9,0.0,0.0,0.0,0.313,0.0,0.261,0.182,0.0,0.0,0.1,0.0,0.0
김영우,LG,2025,2025-06-01,vs. Samsung,RP,,13.5,6.0,0.666666667,13,1,1,3,0,0,1,0,,Home,잠실 야구장,17:00,25.6,True,0,2,185cm,90kg,2005,0.0,66.6,0.0,21.4,7.1,0.0,0.0,4.9,0.0,0.0,0.0,0.313,0.0,0.261,0.182,0.0,0.0,0.1,0.0,0.0
김영우,LG,2025,2025-06-06,@ Kiwoom,RP,L,9.0,1.0,1.0,9,1,1,1,1,1,0,0,,Away,고척 스카이돔,18:30,25.5,False,4,1,185cm,90kg,2005,0.0,66.6,0.0,21.4,7.1,0.0,0.0,4.9,0.0,0.0,0.0,0.313,0.0,0.261,0.182,0.0,0.0,0.1,0.0,0.0
김영우,LG,2025,2025-06-08,@ Kiwoom,RP,,0.0,2.0,1.0,16,0,0,2,0,0,0,0,,Away,고척 스카이돔,14:00,25.5,False,1,1,185cm,90kg,2005,0.0,66.6,0.0,21.4,7.1,0.0,0.0,4.9,0.0,0.0,0.0,0.313,0.0,0.261,0.182,0.0,0.0,0.1,0.0,0.0
김영우,LG,2025,2025-06-11,vs. SSG,RP,,13.5,3.0,0.666666667,15,1,1,2,0,0,0,0,,Home,잠실 야구장,18:30,25.8,False,2,1,185cm,90kg,2005,0.0,66.6,0.0,21.4,7.1,0.0,0.0,4.9,0.0,0.0,0.0,0.313,0.0,0.261,0.182,0.0,0.0,0.1,0.0,0.0
김영우,LG,2025,2025-06-14,@ Hanwha,RP,,0.0,6.0,0.333333333,9,0,0,1,0,1,1,0,,Away,대전 한화생명 볼파크,17:00,29.9,False,2,1,185cm,90kg,2005,0.0,66.6,0.0,21.4,7.1,0.0,0.0,4.9,0.0,0.0,0.0,0.313,0.0,0.261,0.182,0.0,0.0,0.1,0.0,0.0
김영우,LG,2025,2025-06-15,@ Hanwha,RP,,0.0,2.0,1.0,12,0,0,1,0,0,1,0,,Away,대전 한화생명 볼파크,17:00,30.9,True,0,2,185cm,90kg,2005,0.0,66.6,0.0,21.4,7.1,0.0,0.0,4.9,0.0,0.0,0.0,0.313,0.0,0.261,0.182,0.0,0.0,0.1,0.0,0.0
김영우,LG,2025,2025-06-17,vs. NC,RP,,4.5,1.5,2.0,24,1,1,2,0,0,1,0,,Home,잠실 야구장,18:30,28.6,False,1,1,185cm,90kg,2005,0.0,66.6,0.0,21.4,7.1,0.0,0.0,4.9,0.0,0.0,0.0,0.313,0.0,0.261,0.182,0.0,0.0,0.1,0.0,0.0
김영우,LG,2025,2025-06-19,vs. NC,RP,,0.0,,0.0,10,0,0,1,0,0,1,0,,Home,잠실 야구장,18:30,30.9,False,1,1,185cm,90kg,2005,0.0,66.6,0.0,21.4,7.1,0.0,0.0,4.9,0.0,0.0,0.0,0.313,0.0,0.261,0.182,0.0,0.0,0.1,0.0,0.0
김영우,LG,2025,2025-06-21,vs. Doosan,RP,,0.0,0.0,1.0,14,0,0,0,0,1,0,0,,Home,잠실 야구장,17:00,25.6,False,1,1,185cm,90kg,2005,0.0,66.6,0.0,21.4,7.1,0.0,0.0,4.9,0.0,0.0,0.0,0.313,0.0,0.261,0.182,0.0,0.0,0.1,0.0,0.0
김영우,LG,2025,2025-06-24,@ KT,RP,,18.0,2.0,1.0,22,2,2,1,1,1,1,0,,Away,수원 KT 위즈파크,18:30,26.7,False,2,1,185cm,90kg,2005,0.0,66.6,0.0,21.4,7.1,0.0,0.0,4.9,0.0,0.0,0.0,0.313,0.0,0.261,0.182,0.0,0.0,0.1,0.0,0.0
김영우,LG,2025,2025-06-28,vs. Kia,RP,,0.0,1.0,2.0,17,0,0,1,0,2,1,0,,Home,잠실 야구장,17:00,29.9,False,3,1,185cm,90kg,2005,0.0,66.6,0.0,21.4,7.1,0.0,0.0,4.9,0.0,0.0,0.0,0.313,0.0,0.261,0.182,0.0,0.0,0.1,0.0,0.0
김영우,LG,2025,2025-06-29,vs. Kia,RP,,0.0,3.0,0.333333333,6,0,0,1,0,0,0,0,,Home,잠실 야구장,17:00,31.1,True,0,2,185cm,90kg,2005,0.0,66.6,0.0,21.4,7.1,0.0,0.0,4.9,0.0,0.0,0.0,0.313,0.0,0.261,0.182,0.0,0.0,0.1,0.0,0.0
김영우,LG,2025,2025-07-04,@ Samsung,RP,,0.0,3.0,1.0,27,1,0,1,0,1,2,0,,Away,대구 삼성 라이온즈 파크,18:30,30.0,False,4,1,185cm,90kg,2005,0.0,66.6,0.0,21.4,7.1,0.0,0.0,4.9,0.0,0.0,0.0,0.313,0.0,0.261,0.182,0.0,0.0,0.1,0.0,0.0
김원중,롯데,2025,2025-03-25,@ SSG,RP,,9.0,1.0,1.0,21,1,1,1,1,1,0,0,,Away,인천 SSG 랜더스필드,18:30,10.4,False,0,1,192cm,96kg,1993,0.0,42.0,0.0,1.2,6.0,0.0,0.0,50.4,0.0,0.0,0.0,0.214,0.0,1.0,0.0,0.0,0.0,0.176,0.0,0.0
김원중,롯데,2025,2025-03-29,vs. KT,RP,SV,0.0,1.0,1.0,19,0,0,0,0,1,1,0,,Home,사직 야구장,17:00,8.0,False,3,1,192cm,96kg,1993,0.0,42.0,0.0,1.2,6.0,0.0,0.0,50.4,0.0,0.0,0.0,0.214,0.0,1.0,0.0,0.0,0.0,0.176,0.0,0.0
김원중,롯데,2025,2025-03-30,vs. KT,RP,,0.0,3.0,1.666666667,37,1,0,1,0,2,4,0,,Home,사직 야구장,14:00,10.2,True,0,2,192cm,96kg,1993,0.0,42.0,0.0,1.2,6.0,0.0,0.0,50.4,0.0,0.0,0.0,0.214,0.0,1.0,0.0,0.0,0.0,0.176,0.0,0.0
김원중,롯데,2025,2025-04-02,@ Hanwha,RP,,0.0,1.0,1.0,20,0,0,1,0,0,0,0,,Away,대전 한화생명 볼파크,18:30,11.0,False,2,1,192cm,96kg,1993,0.0,42.0,0.0,1.2,6.0,0.0,0.0,50.4,0.0,0.0,0.0,0.214,0.0,1.0,0.0,0.0,0.0,0.176,0.0,0.0
김원중,롯데,2025,2025-04-03,@ Hanwha,RP,SV,0.0,3.0,1.0,20,0,0,1,0,1,2,0,,Away,대전 한화생명 볼파크,18:30,14.9,True,0,2,192cm,96kg,1993,0.0,42.0,0.0,1.2,6.0,0.0,0.0,50.4,0.0,0.0,0.0,0.214,0.0,1.0,0.0,0.0,0.0,0.176,0.0,0.0
김원중,롯데,2025,2025-04-10,vs. Kia,RP,SV,0.0,0.0,1.333333333,18,0,0,0,0,3,0,0,,Home,사직 야구장,18:30,14.9,False,6,1,192cm,96kg,1993,0.0,42.0,0.0,1.2,6.0,0.0,0.0,50.4,0.0,0.0,0.0,0.214,0.0,1.0,0.0,0.0,0.0,0.176,0.0,0.0
김원중,롯데,2025,2025-04-11,@ NC,RP,SV,0.0,1.0,1.0,18,0,0,1,0,1,0,0,,Away,창원 NC 파크,18:30,15.6,True,0,2,192cm,96kg,1993,0.0,42.0,0.0,1.2,6.0,0.0,0.0,50.4,0.0,0.0,0.0,0.214,0.0,1.0,0.0,0.0,0.0,0.176,0.0,0.0
김원중,롯데,2025,2025-04-15,vs. Kiwoom,RP,SV,0.0,0.0,1.0,13,0,0,0,0,1,0,0,,Home,사직 야구장,18:30,12.8,False,3,1,192cm,96kg,1993,0.0,42.0,0.0,1.2,6.0,0.0,0.0,50.4,0.0,0.0,0.0,0.214,0.0,1.0,0.0,0.0,0.0,0.176,0.0,0.0
김원중,롯데,2025,2025-04-16,vs. Kiwoom,RP,SV,0.0,0.0,1.333333333,13,0,0,0,0,1,0,0,,Home,사직 야구장,18:30,16.8,True,0,2,192cm,96kg,1993,0.0,42.0,0.0,1.2,6.0,0.0,0.0,50.4,0.0,0.0,0.0,0.214,0.0,1.0,0.0,0.0,0.0,0.176,0.0,0.0
김원중,롯데,2025,2025-04-20,@ Samsung,RP,SV,0.0,2.0,1.0,23,0,0,1,0,3,1,0,,Away,대구 삼성 라이온즈 파크,14:00,14.7,False,3,1,192cm,96kg,1993,0.0,42.0,0.0,1.2,6.0,0.0,0.0,50.4,0.0,0.0,0.0,0.214,0.0,1.0,0.0,0.0,0.0,0.176,0.0,0.0
김원중,롯데,2025,2025-04-24,vs. Hanwha,RP,SV,0.0,0.0,1.333333333,13,0,0,0,0,3,0,0,,Home,사직 야구장,18:30,16.6,False,3,1,192cm,96kg,1993,0.0,42.0,0.0,1.2,6.0,0.0,0.0,50.4,0.0,0.0,0.0,0.214,0.0,1.0,0.0,0.0,0.0,0.176,0.0,0.0
김원중,롯데,2025,2025-04-26,@ Doosan,RP,,9.0,3.0,1.0,30,1,1,2,0,1,1,0,,Away,잠실 야구장,17:00,17.8,False,1,1,192cm,96kg,1993,0.0,42.0,0.0,1.2,6.0,0.0,0.0,50.4,0.0,0.0,0.0,0.214,0.0,1.0,0.0,0.0,0.0,0.176,0.0,0.0
김원중,롯데,2025,2025-04-30,@ Kiwoom,RP,SV,13.5,1.5,0.666666667,16,1,1,1,1,1,0,0,,Away,고척 스카이돔,18:30,25.5,False,3,1,192cm,96kg,1993,0.0,42.0,0.0,1.2,6.0,0.0,0.0,50.4,0.0,0.0,0.0,0.214,0.0,1.0,0.0,0.0,0.0,0.176,0.0,0.0
김원중,롯데,2025,2025-05-02,vs. NC,RP,W,0.0,4.5,0.666666667,23,0,0,0,0,0,3,0,,Home,사직 야구장,18:30,19.1,False,1,1,192cm,96kg,1993,0.0,42.0,0.0,1.2,6.0,0.0,0.0,50.4,0.0,0.0,0.0,0.214,0.0,1.0,0.0,0.0,0.0,0.176,0.0,0.0
김원중,롯데,2025,2025-05-10,@ KT,RP,SV,0.0,0.75,1.333333333,16,0,0,1,0,1,0,0,,Away,수원 KT 위즈파크,17:00,11.8,False,7,1,192cm,96kg,1993,0.0,42.0,0.0,1.2,6.0,0.0,0.0,50.4,0.0,0.0,0.0,0.214,0.0,1.0,0.0,0.0,0.0,0.176,0.0,0.0
김원중,롯데,2025,2025-05-11,@ KT,RP,,0.0,2.0,1.0,23,0,0,0,0,1,2,0,,Away,수원 KT 위즈파크,14:00,19.4,True,0,2,192cm,96kg,1993,0.0,42.0,0.0,1.2,6.0,0.0,0.0,50.4,0.0,0.0,0.0,0.214,0.0,1.0,0.0,0.0,0.0,0.176,0.0,0.0
김원중,롯데,2025,2025-05-14,@ Kia,RP,,0.0,1.0,1.0,5,0,0,1,0,0,0,0,,Away,광주 기아 챔피언스 필드,18:30,22.3,False,2,1,192cm,96kg,1993,0.0,42.0,0.0,1.2,6.0,0.0,0.0,50.4,0.0,0.0,0.0,0.214,0.0,1.0,0.0,0.0,0.0,0.176,0.0,0.0
김원중,롯데,2025,2025-05-17,vs. Samsung,RP,SV,0.0,0.0,1.0,16,0,0,0,0,2,0,0,,Home,사직 야구장,17:00,20.9,False,2,1,192cm,96kg,1993,0.0,42.0,0.0,1.2,6.0,0.0,0.0,50.4,0.0,0.0,0.0,0.214,0.0,1.0,0.0,0.0,0.0,0.176,0.0,0.0
김원중,롯데,2025,2025-05-17,vs. Samsung,RP,SV,0.0,0.0,1.0,13,0,0,0,0,1,0,0,,Home,사직 야구장,17:00,20.9,False,-1,1,192cm,96kg,1993,0.0,42.0,0.0,1.2,6.0,0.0,0.0,50.4,0.0,0.0,0.0,0.214,0.0,1.0,0.0,0.0,0.0,0.176,0.0,0.0
김원중,롯데,2025,2025-05-18,vs. Samsung,RP,SV,0.0,1.0,1.0,16,0,0,1,0,2,0,0,,Home,사직 야구장,14:00,20.8,True,0,2,192cm,96kg,1993,0.0,42.0,0.0,1.2,6.0,0.0,0.0,50.4,0.0,0.0,0.0,0.214,0.0,1.0,0.0,0.0,0.0,0.176,0.0,0.0
김원중,롯데,2025,2025-05-21,vs. LG,RP,,0.0,2.0,1.0,17,0,0,2,0,1,0,0,,Home,사직 야구장,18:30,23.1,False,2,1,192cm,96kg,1993,0.0,42.0,0.0,1.2,6.0,0.0,0.0,50.4,0.0,0.0,0.0,0.214,0.0,1.0,0.0,0.0,0.0,0.176,0.0,0.0
김원중,롯데,2025,2025-05-24,@ Hanwha,RP,W,0.0,1.0,2.0,35,0,0,2,0,3,0,0,,Away,대전 한화생명 볼파크,17:00,14.4,False,2,1,192cm,96kg,1993,0.0,42.0,0.0,1.2,6.0,0.0,0.0,50.4,0.0,0.0,0.0,0.214,0.0,1.0,0.0,0.0,0.0,0.176,0.0,0.0
김원중,롯데,2025,2025-05-30,vs. SSG,RP,SV,0.0,1.0,1.0,14,0,0,0,0,0,1,0,,Home,사직 야구장,18:30,19.8,False,5,1,192cm,96kg,1993,0.0,42.0,0.0,1.2,6.0,0.0,0.0,50.4,0.0,0.0,0.0,0.214,0.0,1.0,0.0,0.0,0.0,0.176,0.0,0.0
김원중,롯데,2025,2025-06-01,vs. SSG,RP,L,9.0,1.0,1.0,23,1,1,1,0,3,0,0,,Home,사직 야구장,17:00,23.7,False,1,1,192cm,96kg,1993,0.0,42.0,0.0,1.2,6.0,0.0,0.0,50.4,0.0,0.0,0.0,0.214,0.0,1.0,0.0,0.0,0.0,0.176,0.0,0.0
김원중,롯데,2025,2025-06-07,@ Doosan,RP,,0.0,0.0,1.0,21,0,0,0,0,1,0,0,,Away,잠실 야구장,17:00,27.0,False,5,1,192cm,96kg,1993,0.0,42.0,0.0,1.2,6.0,0.0,0.0,50.4,0.0,0.0,0.0,0.214,0.0,1.0,0.0,0.0,0.0,0.176,0.0,0.0
김원중,롯데,2025,2025-06-08,@ Doosan,RP,SV,0.0,1.0,1.0,8,0,0,1,0,0,0,0,,Away,잠실 야구장,17:00,28.5,True,0,2,192cm,96kg,1993,0.0,42.0,0.0,1.2,6.0,0.0,0.0,50.4,0.0,0.0,0.0,0.214,0.0,1.0,0.0,0.0,0.0,0.176,0.0,0.0
김원중,롯데,2025,2025-06-11,@ KT,RP,SV,0.0,1.0,1.0,15,0,0,1,0,0,0,0,,Away,수원 KT 위즈파크,18:30,23.4,False,2,1,192cm,96kg,1993,0.0,42.0,0.0,1.2,6.0,0.0,0.0,50.4,0.0,0.0,0.0,0.214,0.0,1.0,0.0,0.0,0.0,0.176,0.0,0.0
김원중,롯데,2025,2025-06-12,@ KT,RP,W,9.0,4.0,1.0,31,1,1,2,0,1,2,0,,Away,수원 KT 위즈파크,18:30,26.9,True,0,2,192cm,96kg,1993,0.0,42.0,0.0,1.2,6.0,0.0,0.0,50.4,0.0,0.0,0.0,0.214,0.0,1.0,0.0,0.0,0.0,0.176,0.0,0.0
김원중,롯데,2025,2025-06-14,@ SSG,RP,SV,9.0,2.0,1.0,14,1,1,1,0,1,1,0,,Away,인천 SSG 랜더스필드,17:00,29.1,False,1,1,192cm,96kg,1993,0.0,42.0,0.0,1.2,6.0,0.0,0.0,50.4,0.0,0.0,0.0,0.214,0.0,1.0,0.0,0.0,0.0,0.176,0.0,0.0
김원중,롯데,2025,2025-06-18,vs. Hanwha,RP,SV,0.0,0.0,1.333333333,19,0,0,0,0,2,0,0,,Home,사직 야구장,18:30,23.1,False,3,1,192cm,96kg,1993,0.0,42.0,0.0,1.2,6.0,0.0,0.0,50.4,0.0,0.0,0.0,0.214,0.0,1.0,0.0,0.0,0.0,0.176,0.0,0.0
김원중,롯데,2025,2025-06-19,vs. Hanwha,RP,SV,0.0,1.0,1.0,14,0,0,1,0,1,0,0,,Home,사직 야구장,18:30,27.6,True,0,2,192cm,96kg,1993,0.0,42.0,0.0,1.2,6.0,0.0,0.0,50.4,0.0,0.0,0.0,0.214,0.0,1.0,0.0,0.0,0.0,0.176,0.0,0.0
김원중,롯데,2025,2025-06-20,vs. Samsung,RP,SV,0.0,1.0,1.0,17,0,0,0,0,1,1,0,,Home,사직 야구장,18:30,26.5,True,0,3,192cm,96kg,1993,0.0,42.0,0.0,1.2,6.0,0.0,0.0,50.4,0.0,0.0,0.0,0.214,0.0,1.0,0.0,0.0,0.0,0.176,0.0,0.0
김원중,롯데,2025,2025-06-26,@ NC,RP,SV,9.0,3.0,1.0,37,1,1,0,0,2,3,1,,Away,창원 NC 파크,18:30,27.7,False,5,1,192cm,96kg,1993,0.0,42.0,0.0,1.2,6.0,0.0,0.0,50.4,0.0,0.0,0.0,0.214,0.0,1.0,0.0,0.0,0.0,0.176,0.0,0.0
김원중,롯데,2025,2025-07-02,vs. LG,RP,SV,0.0,0.0,0.666666667,4,0,0,0,0,0,0,0,,Home,사직 야구장,18:30,30.0,False,5,1,192cm,96kg,1993,0.0,42.0,0.0,1.2,6.0,0.0,0.0,50.4,0.0,0.0,0.0,0.214,0.0,1.0,0.0,0.0,0.0,0.176,0.0,0.0
김원중,롯데,2025,2025-07-03,vs. LG,RP,SV,0.0,2.0,1.0,19,0,0,1,0,0,1,0,,Home,사직 야구장,18:30,29.8,True,0,2,192cm,96kg,1993,0.0,42.0,0.0,1.2,6.0,0.0,0.0,50.4,0.0,0.0,0.0,0.214,0.0,1.0,0.0,0.0,0.0,0.176,0.0,0.0
김원중,롯데,2025,2025-07-06,@ Kia,RP,SV,0.0,2.0,1.0,20,0,0,2,0,1,0,0,,Away,광주 기아 챔피언스 필드,17:00,33.2,False,2,1,192cm,96kg,1993,0.0,42.0,0.0,1.2,6.0,0.0,0.0,50.4,0.0,0.0,0.0,0.214,0.0,1.0,0.0,0.0,0.0,0.176,0.0,0.0
김재원,KT,2025,2025-05-18,@ LG,RP,,0.0,1.0,1.0,14,0,0,0,0,0,1,0,,Away,잠실 야구장,14:00,20.1,False,0,1,190cm,90kg,2006,0.0,65.7,0.0,33.3,0.0,0.0,0.0,0.0,0.0,0.0,0.0,0.25,0.0,0.167,0.0,0.0,0.0,0.0,0.0,0.0
김재원,KT,2025,2025-05-28,vs. Doosan,RP,,20.25,4.5,1.333333333,51,3,3,2,0,2,4,1,,Home,수원 KT 위즈파크,18:30,22.0,False,9,1,190cm,90kg,2006,0.0,65.7,0.0,33.3,0.0,0.0,0.0,0.0,0.0,0.0,0.0,0.25,0.0,0.167,0.0,0.0,0.0,0.0,0.0,0.0
김재원,KT,2025,2025-06-03,@ Hanwha,RP,,9.0,2.0,1.0,18,1,1,0,0,1,2,0,,Away,대전 한화생명 볼파크,18:30,22.3,False,5,1,190cm,90kg,2006,0.0,65.7,0.0,33.3,0.0,0.0,0.0,0.0,0.0,0.0,0.0,0.25,0.0,0.167,0.0,0.0,0.0,0.0,0.0,0.0
김재원,KT,2025,2025-06-29,@ Lotte,RP,,9.0,2.0,1.0,16,1,1,1,0,1,1,0,,Away,사직 야구장,17:00,29.1,False,25,1,190cm,90kg,2006,0.0,65.7,0.0,33.3,0.0,0.0,0.0,0.0,0.0,0.0,0.0,0.25,0.0,0.167,0.0,0.0,0.0,0.0,0.0,0.0
김재윤,삼성,2025,2025-03-23,vs. Kiwoom,RP,SV,0.0,0.75,1.333333333,8,0,0,1,0,1,0,0,,Home,대구 삼성 라이온즈 파크,14:00,18.7,False,0,1,185cm,91kg,1990,0.0,55.2,0.0,0.9,25.2,0.0,0.0,17.9,0.0,0.0,0.0,0.303,0.0,0.0,0.229,0.0,0.0,0.304,0.0,0.0
김재윤,삼성,2025,2025-03-27,vs. NC,RP,,54.0,6.0,0.666666667,21,4,4,3,0,1,1,0,,Home,대구 삼성 라이온즈 파크,18:30,17.1,False,3,1,185cm,91kg,1990,0.0,55.2,0.0,0.9,25.2,0.0,0.0,17.9,0.0,0.0,0.0,0.303,0.0,0.0,0.229,0.0,0.0,0.304,0.0,0.0
김재윤,삼성,2025,2025-03-30,@ Doosan,RP,SV,0.0,2.0,1.0,16,0,0,1,0,0,1,0,,Away,잠실 야구장,14:00,3.4,False,2,1,185cm,91kg,1990,0.0,55.2,0.0,0.9,25.2,0.0,0.0,17.9,0.0,0.0,0.0,0.303,0.0,0.0,0.229,0.0,0.0,0.304,0.0,0.0
김재윤,삼성,2025,2025-04-02,@ Kia,RP,SV,0.0,0.0,1.0,18,0,0,0,0,1,0,0,,Away,광주 기아 챔피언스 필드,18:30,10.3,False,2,1,185cm,91kg,1990,0.0,55.2,0.0,0.9,25.2,0.0,0.0,17.9,0.0,0.0,0.0,0.303,0.0,0.0,0.229,0.0,0.0,0.304,0.0,0.0
김재윤,삼성,2025,2025-04-05,vs. Hanwha,RP,L,27.0,4.0,1.0,31,3,3,3,1,1,1,0,,Home,대구 삼성 라이온즈 파크,17:00,13.4,False,2,1,185cm,91kg,1990,0.0,55.2,0.0,0.9,25.2,0.0,0.0,17.9,0.0,0.0,0.0,0.303,0.0,0.0,0.229,0.0,0.0,0.304,0.0,0.0
김재윤,삼성,2025,2025-04-09,vs. SSG,RP,,0.0,1.0,1.0,15,0,0,1,0,1,0,0,,Home,대구 삼성 라이온즈 파크,18:30,14.9,False,3,1,185cm,91kg,1990,0.0,55.2,0.0,0.9,25.2,0.0,0.0,17.9,0.0,0.0,0.0,0.303,0.0,0.0,0.229,0.0,0.0,0.304,0.0,0.0
김재윤,삼성,2025,2025-04-10,vs. SSG,RP,W,0.0,0.0,1.0,16,0,0,0,0,0,0,0,,Home,대구 삼성 라이온즈 파크,18:30,14.9,True,0,2,185cm,91kg,1990,0.0,55.2,0.0,0.9,25.2,0.0,0.0,17.9,0.0,0.0,0.0,0.303,0.0,0.0,0.229,0.0,0.0,0.304,0.0,0.0
김재윤,삼성,2025,2025-04-17,@ LG,RP,SV,0.0,1.0,1.0,17,0,0,1,0,1,0,0,,Away,잠실 야구장,18:30,21.4,False,6,1,185cm,91kg,1990,0.0,55.2,0.0,0.9,25.2,0.0,0.0,17.9,0.0,0.0,0.0,0.303,0.0,0.0,0.229,0.0,0.0,0.304,0.0,0.0
김재윤,삼성,2025,2025-04-20,vs. Lotte,RP,,0.0,0.0,1.0,7,0,0,0,0,0,0,0,,Home,대구 삼성 라이온즈 파크,14:00,14.7,False,2,1,185cm,91kg,1990,0.0,55.2,0.0,0.9,25.2,0.0,0.0,17.9,0.0,0.0,0.0,0.303,0.0,0.0,0.229,0.0,0.0,0.304,0.0,0.0
김재윤,삼성,2025,2025-04-25,vs. NC,RP,,9.0,1.0,1.0,16,1,1,1,1,0,0,0,,Home,대구 삼성 라이온즈 파크,18:30,16.8,False,4,1,185cm,91kg,1990,0.0,55.2,0.0,0.9,25.2,0.0,0.0,17.9,0.0,0.0,0.0,0.303,0.0,0.0,0.229,0.0,0.0,0.304,0.0,0.0
김재윤,삼성,2025,2025-04-27,vs. NC,RP,,0.0,0.0,1.0,11,0,0,0,0,1,0,0,,Home,대구 삼성 라이온즈 파크,14:00,20.2,False,1,1,185cm,91kg,1990,0.0,55.2,0.0,0.9,25.2,0.0,0.0,17.9,0.0,0.0,0.0,0.303,0.0,0.0,0.229,0.0,0.0,0.304,0.0,0.0
김재윤,삼성,2025,2025-04-29,@ SSG,RP,SV,0.0,0.0,1.0,6,0,0,0,0,0,0,0,,Away,인천 SSG 랜더스필드,18:30,14.9,False,1,1,185cm,91kg,1990,0.0,55.2,0.0,0.9,25.2,0.0,0.0,17.9,0.0,0.0,0.0,0.303,0.0,0.0,0.229,0.0,0.0,0.304,0.0,0.0
김재윤,삼성,2025,2025-04-30,@ SSG,RP,,27.0,3.0,0.666666667,21,2,2,1,1,1,1,0,,Away,인천 SSG 랜더스필드,18:30,20.6,True,0,2,185cm,91kg,1990,0.0,55.2,0.0,0.9,25.2,0.0,0.0,17.9,0.0,0.0,0.0,0.303,0.0,0.0,0.229,0.0,0.0,0.304,0.0,0.0
김재윤,삼성,2025,2025-05-02,vs. Doosan,RP,,0.0,0.0,1.0,11,0,0,0,0,1,0,0,,Home,대구 삼성 라이온즈 파크,18:30,19.1,False,1,1,185cm,91kg,1990,0.0,55.2,0.0,0.9,25.2,0.0,0.0,17.9,0.0,0.0,0.0,0.303,0.0,0.0,0.229,0.0,0.0,0.304,0.0,0.0
김재윤,삼성,2025,2025-05-06,@ Hanwha,RP,,0.0,1.0,1.0,12,0,0,1,0,0,0,0,,Away,대전 한화생명 볼파크,18:30,16.9,False,3,1,185cm,91kg,1990,0.0,55.2,0.0,0.9,25.2,0.0,0.0,17.9,0.0,0.0,0.0,0.303,0.0,0.0,0.229,0.0,0.0,0.304,0.0,0.0
김재윤,삼성,2025,2025-05-07,@ Hanwha,RP,,81.0,9.0,0.333333333,17,3,3,3,1,0,0,0,,Away,대전 한화생명 볼파크,18:30,19.5,True,0,2,185cm,91kg,1990,0.0,55.2,0.0,0.9,25.2,0.0,0.0,17.9,0.0,0.0,0.0,0.303,0.0,0.0,0.229,0.0,0.0,0.304,0.0,0.0
김재윤,삼성,2025,2025-05-13,vs. KT,RP,,0.0,0.0,1.0,11,0,0,0,0,0,0,0,,Home,대구 삼성 라이온즈 파크,18:30,19.5,False,5,1,185cm,91kg,1990,0.0,55.2,0.0,0.9,25.2,0.0,0.0,17.9,0.0,0.0,0.0,0.303,0.0,0.0,0.229,0.0,0.0,0.304,0.0,0.0
김재윤,삼성,2025,2025-05-15,vs. KT,RP,,0.0,1.0,1.0,13,0,0,1,0,0,0,0,,Home,대구 삼성 라이온즈 파크,18:30,19.0,False,1,1,185cm,91kg,1990,0.0,55.2,0.0,0.9,25.2,0.0,0.0,17.9,0.0,0.0,0.0,0.303,0.0,0.0,0.229,0.0,0.0,0.304,0.0,0.0
김재윤,삼성,2025,2025-05-17,@ Lotte,RP,L,13.5,1.5,0.666666667,11,1,1,1,0,1,0,0,,Away,사직 야구장,17:00,20.9,False,1,1,185cm,91kg,1990,0.0,55.2,0.0,0.9,25.2,0.0,0.0,17.9,0.0,0.0,0.0,0.303,0.0,0.0,0.229,0.0,0.0,0.304,0.0,0.0
김재윤,삼성,2025,2025-05-18,@ Lotte,RP,,0.0,0.0,1.0,14,0,0,0,0,1,0,0,,Away,사직 야구장,14:00,20.8,True,0,2,185cm,91kg,1990,0.0,55.2,0.0,0.9,25.2,0.0,0.0,17.9,0.0,0.0,0.0,0.303,0.0,0.0,0.229,0.0,0.0,0.304,0.0,0.0
김재윤,삼성,2025,2025-05-20,@ Kiwoom,RP,,9.0,2.0,1.0,22,1,1,1,0,1,1,0,,Away,고척 스카이돔,18:30,25.5,False,1,1,185cm,91kg,1990,0.0,55.2,0.0,0.9,25.2,0.0,0.0,17.9,0.0,0.0,0.0,0.303,0.0,0.0,0.229,0.0,0.0,0.304,0.0,0.0
김재윤,삼성,2025,2025-05-21,@ Kiwoom,RP,H,0.0,0.0,1.0,19,0,0,0,0,2,0,0,,Away,고척 스카이돔,18:30,25.5,True,0,2,185cm,91kg,1990,0.0,55.2,0.0,0.9,25.2,0.0,0.0,17.9,0.0,0.0,0.0,0.303,0.0,0.0,0.229,0.0,0.0,0.304,0.0,0.0
김재윤,삼성,2025,2025-05-23,vs. Kia,RP,L,81.0,9.0,0.333333333,20,3,3,3,1,0,0,0,,Home,대구 삼성 라이온즈 파크,18:30,18.4,False,1,1,185cm,91kg,1990,0.0,55.2,0.0,0.9,25.2,0.0,0.0,17.9,0.0,0.0,0.0,0.303,0.0,0.0,0.229,0.0,0.0,0.304,0.0,0.0
김재윤,삼성,2025,2025-05-27,vs. Lotte,RP,,0.0,3.0,0.333333333,11,0,0,1,0,0,0,0,,Home,대구 삼성 라이온즈 파크,18:30,20.1,False,3,1,185cm,91kg,1990,0.0,55.2,0.0,0.9,25.2,0.0,0.0,17.9,0.0,0.0,0.0,0.303,0.0,0.0,0.229,0.0,0.0,0.304,0.0,0.0
김재윤,삼성,2025,2025-05-30,@ LG,RP,W,0.0,1.5,0.666666667,12,0,0,1,0,0,0,0,,Away,잠실 야구장,18:30,27.4,False,2,1,185cm,91kg,1990,0.0,55.2,0.0,0.9,25.2,0.0,0.0,17.9,0.0,0.0,0.0,0.303,0.0,0.0,0.229,0.0,0.0,0.304,0.0,0.0
김재윤,삼성,2025,2025-05-31,@ LG,RP,H,0.0,0.5,2.0,18,0,0,1,0,2,0,0,,Away,잠실 야구장,17:00,25.6,True,0,2,185cm,91kg,1990,0.0,55.2,0.0,0.9,25.2,0.0,0.0,17.9,0.0,0.0,0.0,0.303,0.0,0.0,0.229,0.0,0.0,0.304,0.0,0.0
김재윤,삼성,2025,2025-06-03,@ SSG,RP,,0.0,0.0,1.333333333,17,0,0,0,0,2,0,0,,Away,인천 SSG 랜더스필드,18:30,20.9,False,2,1,185cm,91kg,1990,0.0,55.2,0.0,0.9,25.2,0.0,0.0,17.9,0.0,0.0,0.0,0.303,0.0,0.0,0.229,0.0,0.0,0.304,0.0,0.0
김재윤,삼성,2025,2025-06-07,vs. NC,RP,,27.0,4.5,0.666666667,21,2,2,3,0,1,0,0,,Home,대구 삼성 라이온즈 파크,17:00,23.6,False,3,1,185cm,91kg,1990,0.0,55.2,0.0,0.9,25.2,0.0,0.0,17.9,0.0,0.0,0.0,0.303,0.0,0.0,0.229,0.0,0.0,0.304,0.0,0.0
김재윤,삼성,2025,2025-06-10,@ Kia,RP,,0.0,0.0,1.0,9,0,0,0,0,1,0,0,,Away,광주 기아 챔피언스 필드,18:30,25.4,False,2,1,185cm,91kg,1990,0.0,55.2,0.0,0.9,25.2,0.0,0.0,17.9,0.0,0.0,0.0,0.303,0.0,0.0,0.229,0.0,0.0,0.304,0.0,0.0
김재윤,삼성,2025,2025-06-11,@ Kia,RP,L,0.0,3.0,0.666666667,17,2,0,1,0,0,1,0,,Away,광주 기아 챔피언스 필드,18:30,27.1,True,0,2,185cm,91kg,1990,0.0,55.2,0.0,0.9,25.2,0.0,0.0,17.9,0.0,0.0,0.0,0.303,0.0,0.0,0.229,0.0,0.0,0.304,0.0,0.0
김재윤,삼성,2025,2025-06-17,vs. Doosan,RP,,9.0,1.0,1.0,13,1,1,1,1,1,0,0,,Home,대구 삼성 라이온즈 파크,18:30,25.3,False,5,1,185cm,91kg,1990,0.0,55.2,0.0,0.9,25.2,0.0,0.0,17.9,0.0,0.0,0.0,0.303,0.0,0.0,0.229,0.0,0.0,0.304,0.0,0.0
김재윤,삼성,2025,2025-06-18,vs. Doosan,RP,W,0.0,0.0,0.333333333,10,0,0,0,0,1,0,0,,Home,대구 삼성 라이온즈 파크,18:30,23.1,True,0,2,185cm,91kg,1990,0.0,55.2,0.0,0.9,25.2,0.0,0.0,17.9,0.0,0.0,0.0,0.303,0.0,0.0,0.229,0.0,0.0,0.304,0.0,0.0
김재윤,삼성,2025,2025-06-20,@ Lotte,RP,,9.0,1.0,1.0,17,1,1,1,1,2,0,0,,Away,사직 야구장,18:30,26.5,False,1,1,185cm,91kg,1990,0.0,55.2,0.0,0.9,25.2,0.0,0.0,17.9,0.0,0.0,0.0,0.303,0.0,0.0,0.229,0.0,0.0,0.304,0.0,0.0
김재윤,삼성,2025,2025-06-22,@ Lotte,RP,,0.0,1.5,0.666666667,18,0,0,1,0,0,0,0,,Away,사직 야구장,17:00,23.3,False,1,1,185cm,91kg,1990,0.0,55.2,0.0,0.9,25.2,0.0,0.0,17.9,0.0,0.0,0.0,0.303,0.0,0.0,0.229,0.0,0.0,0.304,0.0,0.0
김재윤,삼성,2025,2025-06-26,vs. Hanwha,RP,,27.0,3.0,0.333333333,7,1,1,1,0,0,0,0,,Home,대구 삼성 라이온즈 파크,18:30,24.9,False,3,1,185cm,91kg,1990,0.0,55.2,0.0,0.9,25.2,0.0,0.0,17.9,0.0,0.0,0.0,0.303,0.0,0.0,0.229,0.0,0.0,0.304,0.0,0.0
김재윤,삼성,2025,2025-07-08,@ NC,RP,,13.5,3.0,0.666666667,16,1,1,2,0,0,0,0,,Away,창원 NC 파크,18:30,32.8,False,11,1,185cm,91kg,1990,0.0,55.2,0.0,0.9,25.2,0.0,0.0,17.9,0.0,0.0,0.0,0.303,0.0,0.0,0.229,0.0,0.0,0.304,0.0,0.0
김재윤,삼성,2025,2025-07-10,@ NC,RP,H,0.0,0.0,0.333333333,4,0,0,0,0,0,0,0,,Away,창원 NC 파크,18:30,30.5,False,1,1,185cm,91kg,1990,0.0,55.2,0.0,0.9,25.2,0.0,0.0,17.9,0.0,0.0,0.0,0.303,0.0,0.0,0.229,0.0,0.0,0.304,0.0,0.0
김종수,한화,2025,2025-03-25,@ LG,RP,,0.0,0.0,1.0,15,0,0,0,0,1,0,0,,Away,잠실 야구장,18:30,13.3,False,0,1,180cm,88kg,1994,0.0,56.6,0.0,14.6,25.2,1.1,0.0,1.8,0.0,0.0,0.0,0.296,0.0,0.231,0.2,0.0,0.0,0.0,0.0,0.0
김종수,한화,2025,2025-03-26,@ LG,RP,,0.0,3.0,1.0,31,0,0,1,0,2,2,0,,Away,잠실 야구장,18:30,22.9,True,0,2,180cm,88kg,1994,0.0,56.6,0.0,14.6,25.2,1.1,0.0,1.8,0.0,0.0,0.0,0.296,0.0,0.231,0.2,0.0,0.0,0.0,0.0,0.0
김종수,한화,2025,2025-03-29,vs. Kia,RP,W,0.0,1.2,1.666666667,20,0,0,0,0,0,2,0,,Home,대전 한화생명 볼파크,17:00,3.0,False,2,1,180cm,88kg,1994,0.0,56.6,0.0,14.6,25.2,1.1,0.0,1.8,0.0,0.0,0.0,0.296,0.0,0.231,0.2,0.0,0.0,0.0,0.0,0.0
김종수,한화,2025,2025-04-02,vs. Lotte,RP,,0.0,0.0,1.666666667,27,0,0,0,0,2,0,1,,Home,대전 한화생명 볼파크,18:30,11.0,False,3,1,180cm,88kg,1994,0.0,56.6,0.0,14.6,25.2,1.1,0.0,1.8,0.0,0.0,0.0,0.296,0.0,0.231,0.2,0.0,0.0,0.0,0.0,0.0
김종수,한화,2025,2025-04-05,@ Samsung,RP,,13.5,3.0,0.666666667,16,1,1,1,0,0,1,0,,Away,대구 삼성 라이온즈 파크,17:00,13.4,False,2,1,180cm,88kg,1994,0.0,56.6,0.0,14.6,25.2,1.1,0.0,1.8,0.0,0.0,0.0,0.296,0.0,0.231,0.2,0.0,0.0,0.0,0.0,0.0
김종수,한화,2025,2025-04-06,@ Samsung,RP,,0.0,3.0,1.0,26,0,0,1,0,2,2,0,,Away,대구 삼성 라이온즈 파크,14:00,16.6,True,0,2,180cm,88kg,1994,0.0,56.6,0.0,14.6,25.2,1.1,0.0,1.8,0.0,0.0,0.0,0.296,0.0,0.231,0.2,0.0,0.0,0.0,0.0,0.0
김종수,한화,2025,2025-04-08,@ Doosan,RP,,0.0,0.6,1.666666667,21,0,0,1,0,3,0,0,,Away,잠실 야구장,18:30,16.8,False,1,1,180cm,88kg,1994,0.0,56.6,0.0,14.6,25.2,1.1,0.0,1.8,0.0,0.0,0.0,0.296,0.0,0.231,0.2,0.0,0.0,0.0,0.0,0.0
김종수,한화,2025,2025-04-10,@ Doosan,RP,,0.0,1.5,0.666666667,13,0,0,0,0,1,1,0,,Away,잠실 야구장,18:30,15.8,False,1,1,180cm,88kg,1994,0.0,56.6,0.0,14.6,25.2,1.1,0.0,1.8,0.0,0.0,0.0,0.296,0.0,0.231,0.2,0.0,0.0,0.0,0.0,0.0
김종수,한화,2025,2025-04-12,vs. Kiwoom,RP,,0.0,1.5,1.333333333,20,0,0,1,0,1,1,0,,Home,대전 한화생명 볼파크,17:00,19.3,False,1,1,180cm,88kg,1994,0.0,56.6,0.0,14.6,25.2,1.1,0.0,1.8,0.0,0.0,0.0,0.296,0.0,0.231,0.2,0.0,0.0,0.0,0.0,0.0
김종수,한화,2025,2025-04-16,@ SSG,RP,,0.0,,0.0,6,0,0,1,0,0,1,0,,Away,인천 SSG 랜더스필드,18:30,18.0,False,3,1,180cm,88kg,1994,0.0,56.6,0.0,14.6,25.2,1.1,0.0,1.8,0.0,0.0,0.0,0.296,0.0,0.231,0.2,0.0,0.0,0.0,0.0,0.0
김종수,한화,2025,2025-04-18,vs. NC,RP,,0.0,0.0,0.333333333,10,0,0,0,0,0,0,1,,Home,대전 한화생명 볼파크,18:30,24.9,False,1,1,180cm,88kg,1994,0.0,56.6,0.0,14.6,25.2,1.1,0.0,1.8,0.0,0.0,0.0,0.296,0.0,0.231,0.2,0.0,0.0,0.0,0.0,0.0
김종수,한화,2025,2025-04-24,@ Lotte,RP,,0.0,2.0,1.0,10,1,0,1,0,0,1,0,,Away,사직 야구장,18:30,16.6,False,5,1,180cm,88kg,1994,0.0,56.6,0.0,14.6,25.2,1.1,0.0,1.8,0.0,0.0,0.0,0.296,0.0,0.231,0.2,0.0,0.0,0.0,0.0,0.0
김종수,한화,2025,2025-04-27,vs. KT,RP,H,0.0,3.0,0.333333333,7,0,0,1,0,0,0,1,,Home,대전 한화생명 볼파크,14:00,24.3,False,2,1,180cm,88kg,1994,0.0,56.6,0.0,14.6,25.2,1.1,0.0,1.8,0.0,0.0,0.0,0.296,0.0,0.231,0.2,0.0,0.0,0.0,0.0,0.0
김종수,한화,2025,2025-05-02,@ Kia,RP,,0.0,3.0,0.333333333,7,0,0,1,0,0,0,0,,Away,광주 기아 챔피언스 필드,18:30,17.3,False,4,1,180cm,88kg,1994,0.0,56.6,0.0,14.6,25.2,1.1,0.0,1.8,0.0,0.0,0.0,0.296,0.0,0.231,0.2,0.0,0.0,0.0,0.0,0.0
김종수,한화,2025,2025-05-07,vs. Samsung,RP,H,0.0,3.0,0.333333333,9,0,0,1,0,0,0,0,,Home,대전 한화생명 볼파크,18:30,19.5,False,4,1,180cm,88kg,1994,0.0,56.6,0.0,14.6,25.2,1.1,0.0,1.8,0.0,0.0,0.0,0.296,0.0,0.231,0.2,0.0,0.0,0.0,0.0,0.0
김종수,한화,2025,2025-05-09,@ Kiwoom,RP,,0.0,0.0,1.333333333,21,0,0,0,0,3,0,0,,Away,고척 스카이돔,18:30,25.5,False,1,1,180cm,88kg,1994,0.0,56.6,0.0,14.6,25.2,1.1,0.0,1.8,0.0,0.0,0.0,0.296,0.0,0.231,0.2,0.0,0.0,0.0,0.0,0.0
김종수,한화,2025,2025-05-11,@ Kiwoom,RP,,0.0,0.0,1.0,12,0,0,0,0,1,0,0,,Away,고척 스카이돔,14:00,25.5,False,1,1,180cm,88kg,1994,0.0,56.6,0.0,14.6,25.2,1.1,0.0,1.8,0.0,0.0,0.0,0.296,0.0,0.231,0.2,0.0,0.0,0.0,0.0,0.0
김종수,한화,2025,2025-05-13,vs. Doosan,RP,L,13.5,3.0,0.666666667,14,1,1,1,0,1,1,0,,Home,대전 한화생명 볼파크,18:30,24.2,False,1,1,180cm,88kg,1994,0.0,56.6,0.0,14.6,25.2,1.1,0.0,1.8,0.0,0.0,0.0,0.296,0.0,0.231,0.2,0.0,0.0,0.0,0.0,0.0
김종수,한화,2025,2025-05-15,vs. Doosan,RP,,0.0,0.0,2.0,21,0,0,0,0,1,0,0,,Home,대전 한화생명 볼파크,18:30,22.7,False,1,1,180cm,88kg,1994,0.0,56.6,0.0,14.6,25.2,1.1,0.0,1.8,0.0,0.0,0.0,0.296,0.0,0.231,0.2,0.0,0.0,0.0,0.0,0.0
김종수,한화,2025,2025-05-17,vs. SSG,RP,,0.0,1.0,1.0,16,0,0,1,0,0,0,0,,Home,대전 한화생명 볼파크,17:00,23.4,False,1,1,180cm,88kg,1994,0.0,56.6,0.0,14.6,25.2,1.1,0.0,1.8,0.0,0.0,0.0,0.296,0.0,0.231,0.2,0.0,0.0,0.0,0.0,0.0
김종수,한화,2025,2025-05-18,vs. SSG,RP,,0.0,0.0,1.0,10,0,0,0,0,1,0,0,,Home,대전 한화생명 볼파크,14:00,21.7,True,0,2,180cm,88kg,1994,0.0,56.6,0.0,14.6,25.2,1.1,0.0,1.8,0.0,0.0,0.0,0.296,0.0,0.231,0.2,0.0,0.0,0.0,0.0,0.0
김종수,한화,2025,2025-05-21,@ NC,RP,L,18.0,3.0,1.0,19,2,2,2,0,1,1,1,,Away,창원 NC 파크,18:30,23.5,False,2,1,180cm,88kg,1994,0.0,56.6,0.0,14.6,25.2,1.1,0.0,1.8,0.0,0.0,0.0,0.296,0.0,0.231,0.2,0.0,0.0,0.0,0.0,0.0
김종수,한화,2025,2025-05-22,@ NC,RP,L,27.0,4.5,0.666666667,19,2,2,3,0,2,0,0,,Away,창원 NC 파크,18:30,18.4,True,0,2,180cm,88kg,1994,0.0,56.6,0.0,14.6,25.2,1.1,0.0,1.8,0.0,0.0,0.0,0.296,0.0,0.231,0.2,0.0,0.0,0.0,0.0,0.0
김종수,한화,2025,2025-05-24,vs. Lotte,RP,L,54.0,9.0,0.333333333,18,2,2,2,0,0,1,0,,Home,대전 한화생명 볼파크,17:00,14.4,False,1,1,180cm,88kg,1994,0.0,56.6,0.0,14.6,25.2,1.1,0.0,1.8,0.0,0.0,0.0,0.296,0.0,0.231,0.2,0.0,0.0,0.0,0.0,0.0
김종수,한화,2025,2025-05-27,@ LG,RP,,0.0,,0.0,3,0,0,1,0,0,0,0,,Away,잠실 야구장,18:30,24.9,False,2,1,180cm,88kg,1994,0.0,56.6,0.0,14.6,25.2,1.1,0.0,1.8,0.0,0.0,0.0,0.296,0.0,0.231,0.2,0.0,0.0,0.0,0.0,0.0
김종수,한화,2025,2025-06-07,@ Kia,RP,W,0.0,2.4,1.666666667,28,0,0,1,0,1,3,0,,Away,광주 기아 챔피언스 필드,17:00,27.2,False,10,1,180cm,88kg,1994,0.0,56.6,0.0,14.6,25.2,1.1,0.0,1.8,0.0,0.0,0.0,0.296,0.0,0.231,0.2,0.0,0.0,0.0,0.0,0.0
김종수,한화,2025,2025-06-08,@ Kia,RP,L,0.0,3.0,0.333333333,7,1,0,1,0,0,0,0,,Away,광주 기아 챔피언스 필드,17:00,28.7,True,0,2,180cm,88kg,1994,0.0,56.6,0.0,14.6,25.2,1.1,0.0,1.8,0.0,0.0,0.0,0.296,0.0,0.231,0.2,0.0,0.0,0.0,0.0,0.0
김종수,한화,2025,2025-06-11,vs. Doosan,RP,,0.0,1.0,1.0,9,0,0,1,0,0,0,0,,Home,대전 한화생명 볼파크,18:30,25.3,False,2,1,180cm,88kg,1994,0.0,56.6,0.0,14.6,25.2,1.1,0.0,1.8,0.0,0.0,0.0,0.296,0.0,0.231,0.2,0.0,0.0,0.0,0.0,0.0
김종수,한화,2025,2025-06-15,vs. LG,RP,,9.0,2.0,1.0,20,1,1,1,1,1,1,0,,Home,대전 한화생명 볼파크,17:00,30.9,False,3,1,180cm,88kg,1994,0.0,56.6,0.0,14.6,25.2,1.1,0.0,1.8,0.0,0.0,0.0,0.296,0.0,0.231,0.2,0.0,0.0,0.0,0.0,0.0
김종수,한화,2025,2025-06-17,@ Lotte,RP,,0.0,1.0,1.0,23,0,0,1,0,0,0,0,,Away,사직 야구장,18:30,25.3,False,1,1,180cm,88kg,1994,0.0,56.6,0.0,14.6,25.2,1.1,0.0,1.8,0.0,0.0,0.0,0.296,0.0,0.231,0.2,0.0,0.0,0.0,0.0,0.0
김종수,한화,2025,2025-06-22,vs. Kiwoom,RP,,0.0,0.0,0.666666667,10,0,0,0,0,0,0,0,,Home,대전 한화생명 볼파크,17:00,28.2,False,4,1,180cm,88kg,1994,0.0,56.6,0.0,14.6,25.2,1.1,0.0,1.8,0.0,0.0,0.0,0.296,0.0,0.231,0.2,0.0,0.0,0.0,0.0,0.0
김종수,한화,2025,2025-06-25,@ Samsung,RP,,9.0,3.0,1.0,28,1,1,1,0,1,2,0,,Away,대구 삼성 라이온즈 파크,18:30,24.9,False,2,1,180cm,88kg,1994,0.0,56.6,0.0,14.6,25.2,1.1,0.0,1.8,0.0,0.0,0.0,0.296,0.0,0.231,0.2,0.0,0.0,0.0,0.0,0.0
김종수,한화,2025,2025-06-29,@ SSG,RP,,0.0,0.0,1.333333333,17,0,0,0,0,1,0,0,,Away,인천 SSG 랜더스필드,17:00,29.8,False,3,1,180cm,88kg,1994,0.0,56.6,0.0,14.6,25.2,1.1,0.0,1.8,0.0,0.0,0.0,0.296,0.0,0.231,0.2,0.0,0.0,0.0,0.0,0.0
김종수,한화,2025,2025-07-01,vs. NC,RP,,0.0,4.5,0.666666667,20,0,0,1,0,2,2,0,,Home,대전 한화생명 볼파크,18:30,33.2,False,1,1,180cm,88kg,1994,0.0,56.6,0.0,14.6,25.2,1.1,0.0,1.8,0.0,0.0,0.0,0.296,0.0,0.231,0.2,0.0,0.0,0.0,0.0,0.0
김종수,한화,2025,2025-07-03,vs. NC,RP,,0.0,0.6,1.666666667,23,0,0,1,0,1,0,0,,Home,대전 한화생명 볼파크,18:30,32.0,False,1,1,180cm,88kg,1994,0.0,56.6,0.0,14.6,25.2,1.1,0.0,1.8,0.0,0.0,0.0,0.296,0.0,0.231,0.2,0.0,0.0,0.0,0.0,0.0
김종수,한화,2025,2025-07-04,@ Kiwoom,RP,W,0.0,0.0,0.333333333,5,0,0,0,0,1,0,0,,Away,고척 스카이돔,18:30,25.5,True,0,2,180cm,88kg,1994,0.0,56.6,0.0,14.6,25.2,1.1,0.0,1.8,0.0,0.0,0.0,0.296,0.0,0.231,0.2,0.0,0.0,0.0,0.0,0.0
김종수,한화,2025,2025-07-06,@ Kiwoom,RP,,0.0,0.0,0.333333333,3,0,0,0,0,0,0,0,,Away,고척 스카이돔,14:00,25.5,False,1,1,180cm,88kg,1994,0.0,56.6,0.0,14.6,25.2,1.1,0.0,1.8,0.0,0.0,0.0,0.296,0.0,0.231,0.2,0.0,0.0,0.0,0.0,0.0
김종수,한화,2025,2025-07-08,vs. Kia,RP,,108.0,12.0,0.333333333,23,5,4,3,1,0,1,0,,Home,대전 한화생명 볼파크,18:30,33.6,False,1,1,180cm,88kg,1994,0.0,56.6,0.0,14.6,25.2,1.1,0.0,1.8,0.0,0.0,0.0,0.296,0.0,0.231,0.2,0.0,0.0,0.0,0.0,0.0
김종수,한화,2025,2025-07-10,vs. Kia,RP,,0.0,1.0,1.0,15,0,0,1,0,1,0,0,,Home,대전 한화생명 볼파크,18:30,32.1,False,1,1,180cm,88kg,1994,0.0,56.6,0.0,14.6,25.2,1.1,0.0,1.8,0.0,0.0,0.0,0.296,0.0,0.231,0.2,0.0,0.0,0.0,0.0,0.0
김진성,LG,2025,2025-03-23,vs. Lotte,RP,H,0.0,1.0,1.0,19,0,0,1,0,1,0,0,,Home,잠실 야구장,14:00,23.3,False,0,1,186cm,90kg,1985,0.0,44.9,0.0,0.0,3.2,0.0,0.0,51.4,0.0,0.0,0.0,0.234,0.0,0.0,0.333,0.0,0.0,0.207,0.0,0.0
김진성,LG,2025,2025-03-25,vs. Hanwha,RP,H,0.0,1.0,1.0,14,0,0,1,0,0,0,0,,Home,잠실 야구장,18:30,13.3,False,1,1,186cm,90kg,1985,0.0,44.9,0.0,0.0,3.2,0.0,0.0,51.4,0.0,0.0,0.0,0.234,0.0,0.0,0.333,0.0,0.0,0.207,0.0,0.0
김진성,LG,2025,2025-03-28,@ NC,RP,,54.0,12.0,0.333333333,24,2,2,2,0,1,2,0,,Away,창원 NC 파크,18:30,12.2,False,2,1,186cm,90kg,1985,0.0,44.9,0.0,0.0,3.2,0.0,0.0,51.4,0.0,0.0,0.0,0.234,0.0,0.0,0.333,0.0,0.0,0.207,0.0,0.0
김진성,LG,2025,2025-04-03,@ KT,RP,H,0.0,0.0,1.0,17,0,0,0,0,1,0,0,,Away,수원 KT 위즈파크,18:30,12.2,False,5,1,186cm,90kg,1985,0.0,44.9,0.0,0.0,3.2,0.0,0.0,51.4,0.0,0.0,0.0,0.234,0.0,0.0,0.333,0.0,0.0,0.207,0.0,0.0
김진성,LG,2025,2025-04-04,vs. Kia,RP,H,0.0,0.0,1.0,13,0,0,0,0,0,0,0,,Home,잠실 야구장,18:30,13.4,True,0,2,186cm,90kg,1985,0.0,44.9,0.0,0.0,3.2,0.0,0.0,51.4,0.0,0.0,0.0,0.234,0.0,0.0,0.333,0.0,0.0,0.207,0.0,0.0
김진성,LG,2025,2025-04-12,vs. Doosan,RP,H,0.0,1.0,1.0,17,0,0,0,0,1,1,0,,Home,잠실 야구장,17:00,17.1,False,7,1,186cm,90kg,1985,0.0,44.9,0.0,0.0,3.2,0.0,0.0,51.4,0.0,0.0,0.0,0.234,0.0,0.0,0.333,0.0,0.0,0.207,0.0,0.0
김진성,LG,2025,2025-04-15,vs. Samsung,RP,H,0.0,0.0,1.0,19,0,0,0,0,3,0,0,,Home,잠실 야구장,18:30,11.5,False,2,1,186cm,90kg,1985,0.0,44.9,0.0,0.0,3.2,0.0,0.0,51.4,0.0,0.0,0.0,0.234,0.0,0.0,0.333,0.0,0.0,0.207,0.0,0.0
김진성,LG,2025,2025-04-18,@ SSG,RP,,0.0,1.0,1.0,18,0,0,0,0,1,1,0,,Away,인천 SSG 랜더스필드,18:30,17.3,False,2,1,186cm,90kg,1985,0.0,44.9,0.0,0.0,3.2,0.0,0.0,51.4,0.0,0.0,0.0,0.234,0.0,0.0,0.333,0.0,0.0,0.207,0.0,0.0
김진성,LG,2025,2025-04-19,@ SSG,RP,H,9.0,2.0,1.0,30,1,1,2,0,2,0,0,,Away,인천 SSG 랜더스필드,17:00,10.9,True,0,2,186cm,90kg,1985,0.0,44.9,0.0,0.0,3.2,0.0,0.0,51.4,0.0,0.0,0.0,0.234,0.0,0.0,0.333,0.0,0.0,0.207,0.0,0.0
김진성,LG,2025,2025-04-22,vs. NC,RP,,0.0,0.0,1.0,15,0,0,0,0,1,0,0,,Home,잠실 야구장,18:30,17.5,False,2,1,186cm,90kg,1985,0.0,44.9,0.0,0.0,3.2,0.0,0.0,51.4,0.0,0.0,0.0,0.234,0.0,0.0,0.333,0.0,0.0,0.207,0.0,0.0
김진성,LG,2025,2025-04-23,vs. NC,RP,H,0.0,0.0,1.0,11,0,0,0,0,3,0,0,,Home,잠실 야구장,18:30,21.9,True,0,2,186cm,90kg,1985,0.0,44.9,0.0,0.0,3.2,0.0,0.0,51.4,0.0,0.0,0.0,0.234,0.0,0.0,0.333,0.0,0.0,0.207,0.0,0.0
김진성,LG,2025,2025-04-25,@ Kia,RP,,0.0,1.2,1.666666667,22,0,0,1,0,2,1,0,,Away,광주 기아 챔피언스 필드,18:30,16.2,False,1,1,186cm,90kg,1985,0.0,44.9,0.0,0.0,3.2,0.0,0.0,51.4,0.0,0.0,0.0,0.234,0.0,0.0,0.333,0.0,0.0,0.207,0.0,0.0
김진성,LG,2025,2025-04-27,@ Kia,RP,,0.0,3.0,0.666666667,10,0,0,1,0,0,1,0,,Away,광주 기아 챔피언스 필드,14:00,24.1,False,1,1,186cm,90kg,1985,0.0,44.9,0.0,0.0,3.2,0.0,0.0,51.4,0.0,0.0,0.0,0.234,0.0,0.0,0.333,0.0,0.0,0.207,0.0,0.0
김진성,LG,2025,2025-04-29,@ Hanwha,RP,,0.0,0.0,1.0,14,0,0,0,0,1,0,0,,Away,대전 한화생명 볼파크,18:30,20.2,False,1,1,186cm,90kg,1985,0.0,44.9,0.0,0.0,3.2,0.0,0.0,51.4,0.0,0.0,0.0,0.234,0.0,0.0,0.333,0.0,0.0,0.207,0.0,0.0
김진성,LG,2025,2025-04-30,@ Hanwha,RP,L,18.0,2.0,1.0,14,2,2,2,1,0,0,0,,Away,대전 한화생명 볼파크,18:30,26.7,True,0,2,186cm,90kg,1985,0.0,44.9,0.0,0.0,3.2,0.0,0.0,51.4,0.0,0.0,0.0,0.234,0.0,0.0,0.333,0.0,0.0,0.207,0.0,0.0
김진성,LG,2025,2025-05-03,vs. SSG,RP,,0.0,9.0,0.333333333,15,0,0,1,0,0,2,0,,Home,잠실 야구장,17:00,12.8,False,2,1,186cm,90kg,1985,0.0,44.9,0.0,0.0,3.2,0.0,0.0,51.4,0.0,0.0,0.0,0.234,0.0,0.0,0.333,0.0,0.0,0.207,0.0,0.0
김진성,LG,2025,2025-05-06,@ Doosan,RP,,0.0,1.0,1.0,23,0,0,1,0,0,0,0,,Away,잠실 야구장,18:30,18.6,False,2,1,186cm,90kg,1985,0.0,44.9,0.0,0.0,3.2,0.0,0.0,51.4,0.0,0.0,0.0,0.234,0.0,0.0,0.333,0.0,0.0,0.207,0.0,0.0
김진성,LG,2025,2025-05-07,@ Doosan,RP,H,0.0,0.0,1.0,12,0,0,0,0,0,0,0,,Away,잠실 야구장,18:30,18.1,True,0,2,186cm,90kg,1985,0.0,44.9,0.0,0.0,3.2,0.0,0.0,51.4,0.0,0.0,0.0,0.234,0.0,0.0,0.333,0.0,0.0,0.207,0.0,0.0
김진성,LG,2025,2025-05-10,@ Samsung,RP,H,0.0,0.0,1.0,20,0,0,0,0,0,0,0,,Away,대구 삼성 라이온즈 파크,17:00,17.6,False,2,1,186cm,90kg,1985,0.0,44.9,0.0,0.0,3.2,0.0,0.0,51.4,0.0,0.0,0.0,0.234,0.0,0.0,0.333,0.0,0.0,0.207,0.0,0.0
김진성,LG,2025,2025-05-10,@ Samsung,RP,H,0.0,2.0,1.0,21,0,0,1,0,1,1,0,,Away,대구 삼성 라이온즈 파크,17:00,17.6,False,-1,1,186cm,90kg,1985,0.0,44.9,0.0,0.0,3.2,0.0,0.0,51.4,0.0,0.0,0.0,0.234,0.0,0.0,0.333,0.0,0.0,0.207,0.0,0.0
김진성,LG,2025,2025-05-13,vs. Kiwoom,RP,W,0.0,0.0,1.333333333,22,0,0,0,0,1,0,0,,Home,잠실 야구장,18:30,24.6,False,2,1,186cm,90kg,1985,0.0,44.9,0.0,0.0,3.2,0.0,0.0,51.4,0.0,0.0,0.0,0.234,0.0,0.0,0.333,0.0,0.0,0.207,0.0,0.0
김진성,LG,2025,2025-05-15,vs. Kiwoom,RP,H,0.0,1.5,0.666666667,11,1,0,1,0,0,0,0,,Home,잠실 야구장,18:30,21.7,False,1,1,186cm,90kg,1985,0.0,44.9,0.0,0.0,3.2,0.0,0.0,51.4,0.0,0.0,0.0,0.234,0.0,0.0,0.333,0.0,0.0,0.207,0.0,0.0
김진성,LG,2025,2025-05-17,vs. KT,RP,H,40.5,4.5,0.666666667,28,3,3,1,0,1,2,0,,Home,잠실 야구장,17:00,18.9,False,1,1,186cm,90kg,1985,0.0,44.9,0.0,0.0,3.2,0.0,0.0,51.4,0.0,0.0,0.0,0.234,0.0,0.0,0.333,0.0,0.0,0.207,0.0,0.0
김진성,LG,2025,2025-05-18,vs. KT,RP,SV,0.0,0.0,1.333333333,11,0,0,0,0,1,0,0,,Home,잠실 야구장,14:00,20.1,True,0,2,186cm,90kg,1985,0.0,44.9,0.0,0.0,3.2,0.0,0.0,51.4,0.0,0.0,0.0,0.234,0.0,0.0,0.333,0.0,0.0,0.207,0.0,0.0
김진성,LG,2025,2025-05-21,@ Lotte,RP,,13.5,1.5,1.333333333,29,2,2,2,1,2,0,0,,Away,사직 야구장,18:30,23.1,False,2,1,186cm,90kg,1985,0.0,44.9,0.0,0.0,3.2,0.0,0.0,51.4,0.0,0.0,0.0,0.234,0.0,0.0,0.333,0.0,0.0,0.207,0.0,0.0
김진성,LG,2025,2025-05-23,@ SSG,RP,H,0.0,1.0,1.0,16,0,0,0,0,2,1,0,,Away,인천 SSG 랜더스필드,18:30,20.8,False,1,1,186cm,90kg,1985,0.0,44.9,0.0,0.0,3.2,0.0,0.0,51.4,0.0,0.0,0.0,0.234,0.0,0.0,0.333,0.0,0.0,0.207,0.0,0.0
김진성,LG,2025,2025-05-24,@ SSG,RP,L,27.0,9.0,0.333333333,16,1,1,2,0,1,1,0,,Away,인천 SSG 랜더스필드,17:00,18.7,True,0,2,186cm,90kg,1985,0.0,44.9,0.0,0.0,3.2,0.0,0.0,51.4,0.0,0.0,0.0,0.234,0.0,0.0,0.333,0.0,0.0,0.207,0.0,0.0
김진성,LG,2025,2025-05-27,vs. Hanwha,RP,H,0.0,0.0,1.0,13,0,0,0,0,1,0,0,,Home,잠실 야구장,18:30,24.9,False,2,1,186cm,90kg,1985,0.0,44.9,0.0,0.0,3.2,0.0,0.0,51.4,0.0,0.0,0.0,0.234,0.0,0.0,0.333,0.0,0.0,0.207,0.0,0.0
김진성,LG,2025,2025-05-28,vs. Hanwha,RP,,0.0,0.0,1.0,14,0,0,0,0,1,0,0,,Home,잠실 야구장,18:30,23.5,True,0,2,186cm,90kg,1985,0.0,44.9,0.0,0.0,3.2,0.0,0.0,51.4,0.0,0.0,0.0,0.234,0.0,0.0,0.333,0.0,0.0,0.207,0.0,0.0
김진성,LG,2025,2025-05-31,vs. Samsung,RP,,0.0,1.0,1.0,12,0,0,1,0,0,0,0,,Home,잠실 야구장,17:00,25.6,False,2,1,186cm,90kg,1985,0.0,44.9,0.0,0.0,3.2,0.0,0.0,51.4,0.0,0.0,0.0,0.234,0.0,0.0,0.333,0.0,0.0,0.207,0.0,0.0
김진성,LG,2025,2025-06-01,vs. Samsung,RP,H,0.0,2.0,1.0,21,0,0,1,0,1,1,0,,Home,잠실 야구장,17:00,25.6,True,0,2,186cm,90kg,1985,0.0,44.9,0.0,0.0,3.2,0.0,0.0,51.4,0.0,0.0,0.0,0.234,0.0,0.0,0.333,0.0,0.0,0.207,0.0,0.0
김진성,LG,2025,2025-06-05,@ NC,RP,H,0.0,1.5,0.666666667,17,0,0,0,0,0,1,0,,Away,창원 NC 파크,18:30,23.5,False,3,1,186cm,90kg,1985,0.0,44.9,0.0,0.0,3.2,0.0,0.0,51.4,0.0,0.0,0.0,0.234,0.0,0.0,0.333,0.0,0.0,0.207,0.0,0.0
김진성,LG,2025,2025-06-06,@ Kiwoom,RP,,9.0,1.0,1.0,14,1,1,1,1,1,0,0,,Away,고척 스카이돔,18:30,25.5,True,0,2,186cm,90kg,1985,0.0,44.9,0.0,0.0,3.2,0.0,0.0,51.4,0.0,0.0,0.0,0.234,0.0,0.0,0.333,0.0,0.0,0.207,0.0,0.0
김진성,LG,2025,2025-06-11,vs. SSG,RP,,0.0,0.75,1.333333333,17,0,0,0,0,0,1,0,,Home,잠실 야구장,18:30,25.8,False,4,1,186cm,90kg,1985,0.0,44.9,0.0,0.0,3.2,0.0,0.0,51.4,0.0,0.0,0.0,0.234,0.0,0.0,0.333,0.0,0.0,0.207,0.0,0.0
김진성,LG,2025,2025-06-12,vs. SSG,RP,H,0.0,2.0,1.0,18,0,0,1,0,2,1,0,,Home,잠실 야구장,18:30,29.0,True,0,2,186cm,90kg,1985,0.0,44.9,0.0,0.0,3.2,0.0,0.0,51.4,0.0,0.0,0.0,0.234,0.0,0.0,0.333,0.0,0.0,0.207,0.0,0.0
김진성,LG,2025,2025-06-14,@ Hanwha,RP,,0.0,0.0,0.666666667,1,0,0,0,0,0,0,0,,Away,대전 한화생명 볼파크,17:00,29.9,False,1,1,186cm,90kg,1985,0.0,44.9,0.0,0.0,3.2,0.0,0.0,51.4,0.0,0.0,0.0,0.234,0.0,0.0,0.333,0.0,0.0,0.207,0.0,0.0
김진성,LG,2025,2025-06-15,@ Hanwha,RP,,27.0,9.0,0.333333333,15,1,1,3,0,1,0,0,,Away,대전 한화생명 볼파크,17:00,30.9,True,0,2,186cm,90kg,1985,0.0,44.9,0.0,0.0,3.2,0.0,0.0,51.4,0.0,0.0,0.0,0.234,0.0,0.0,0.333,0.0,0.0,0.207,0.0,0.0
김진성,LG,2025,2025-06-17,vs. NC,RP,,0.0,0.0,1.0,8,0,0,0,0,0,0,0,,Home,잠실 야구장,18:30,28.6,False,1,1,186cm,90kg,1985,0.0,44.9,0.0,0.0,3.2,0.0,0.0,51.4,0.0,0.0,0.0,0.234,0.0,0.0,0.333,0.0,0.0,0.207,0.0,0.0
김진성,LG,2025,2025-06-18,vs. NC,RP,H,0.0,0.0,0.666666667,9,0,0,0,0,0,0,0,,Home,잠실 야구장,18:30,28.4,True,0,2,186cm,90kg,1985,0.0,44.9,0.0,0.0,3.2,0.0,0.0,51.4,0.0,0.0,0.0,0.234,0.0,0.0,0.333,0.0,0.0,0.207,0.0,0.0
김진성,LG,2025,2025-06-21,vs. Doosan,RP,,0.0,1.5,0.666666667,14,0,0,1,0,0,0,0,,Home,잠실 야구장,17:00,25.6,False,2,1,186cm,90kg,1985,0.0,44.9,0.0,0.0,3.2,0.0,0.0,51.4,0.0,0.0,0.0,0.234,0.0,0.0,0.333,0.0,0.0,0.207,0.0,0.0
김진성,LG,2025,2025-06-24,@ KT,RP,,27.0,6.0,0.666666667,22,2,2,3,0,0,1,0,,Away,수원 KT 위즈파크,18:30,26.7,False,2,1,186cm,90kg,1985,0.0,44.9,0.0,0.0,3.2,0.0,0.0,51.4,0.0,0.0,0.0,0.234,0.0,0.0,0.333,0.0,0.0,0.207,0.0,0.0
김진성,LG,2025,2025-06-26,@ KT,RP,,0.0,0.0,0.333333333,6,0,0,0,0,0,0,0,,Away,수원 KT 위즈파크,18:30,25.8,False,1,1,186cm,90kg,1985,0.0,44.9,0.0,0.0,3.2,0.0,0.0,51.4,0.0,0.0,0.0,0.234,0.0,0.0,0.333,0.0,0.0,0.207,0.0,0.0
김진성,LG,2025,2025-06-27,vs. Kia,RP,W,9.0,1.0,1.0,17,1,1,1,1,2,0,0,,Home,잠실 야구장,18:30,29.9,True,0,2,186cm,90kg,1985,0.0,44.9,0.0,0.0,3.2,0.0,0.0,51.4,0.0,0.0,0.0,0.234,0.0,0.0,0.333,0.0,0.0,0.207,0.0,0.0
김진성,LG,2025,2025-06-29,vs. Kia,RP,,13.5,1.5,0.666666667,15,1,1,1,0,0,0,0,,Home,잠실 야구장,17:00,31.1,False,1,1,186cm,90kg,1985,0.0,44.9,0.0,0.0,3.2,0.0,0.0,51.4,0.0,0.0,0.0,0.234,0.0,0.0,0.333,0.0,0.0,0.207,0.0,0.0
김진성,LG,2025,2025-07-01,@ Lotte,RP,H,0.0,1.0,1.0,12,0,0,1,0,1,0,0,,Away,사직 야구장,18:30,29.8,False,1,1,186cm,90kg,1985,0.0,44.9,0.0,0.0,3.2,0.0,0.0,51.4,0.0,0.0,0.0,0.234,0.0,0.0,0.333,0.0,0.0,0.207,0.0,0.0
김진성,LG,2025,2025-07-05,@ Samsung,RP,,13.5,3.0,0.666666667,22,1,1,1,0,2,1,0,,Away,대구 삼성 라이온즈 파크,18:00,30.5,False,3,1,186cm,90kg,1985,0.0,44.9,0.0,0.0,3.2,0.0,0.0,51.4,0.0,0.0,0.0,0.234,0.0,0.0,0.333,0.0,0.0,0.207,0.0,0.0
김진성,LG,2025,2025-07-06,@ Samsung,RP,H,0.0,0.0,1.0,18,0,0,0,0,1,0,0,,Away,대구 삼성 라이온즈 파크,17:00,29.9,True,0,2,186cm,90kg,1985,0.0,44.9,0.0,0.0,3.2,0.0,0.0,51.4,0.0,0.0,0.0,0.234,0.0,0.0,0.333,0.0,0.0,0.207,0.0,0.0
김진성,LG,2025,2025-07-08,vs. Kiwoom,RP,W,0.0,0.0,1.0,14,0,0,0,0,1,0,0,,Home,잠실 야구장,18:30,36.2,False,1,1,186cm,90kg,1985,0.0,44.9,0.0,0.0,3.2,0.0,0.0,51.4,0.0,0.0,0.0,0.234,0.0,0.0,0.333,0.0,0.0,0.207,0.0,0.0
김진성,LG,2025,2025-07-09,vs. Kiwoom,RP,,0.0,3.0,0.666666667,16,0,0,2,0,1,0,0,,Home,잠실 야구장,18:30,34.5,True,0,2,186cm,90kg,1985,0.0,44.9,0.0,0.0,3.2,0.0,0.0,51.4,0.0,0.0,0.0,0.234,0.0,0.0,0.333,0.0,0.0,0.207,0.0,0.0
김진호,NC,2025,2025-03-26,@ Samsung,RP,,0.0,0.5,2.0,28,0,0,1,0,3,0,0,,Away,대구 삼성 라이온즈 파크,18:30,16.0,False,0,1,183cm,90kg,1998,0.2,51.9,0.0,0.0,3.9,43.8,0.0,0.0,0.0,0.0,0.0,0.181,0.0,0.0,0.0,0.192,0.0,0.0,0.0,0.0
김진호,NC,2025,2025-03-27,@ Samsung,RP,H,0.0,3.0,0.666666667,15,0,0,0,0,0,2,0,,Away,대구 삼성 라이온즈 파크,18:30,17.1,True,0,2,183cm,90kg,1998,0.2,51.9,0.0,0.0,3.9,43.8,0.0,0.0,0.0,0.0,0.0,0.181,0.0,0.0,0.0,0.192,0.0,0.0,0.0,0.0
김진호,NC,2025,2025-04-04,@ Kiwoom,RP,,27.0,6.0,0.333333333,10,1,1,1,1,0,1,0,,Away,고척 스카이돔,18:30,25.5,False,7,1,183cm,90kg,1998,0.2,51.9,0.0,0.0,3.9,43.8,0.0,0.0,0.0,0.0,0.0,0.181,0.0,0.0,0.0,0.192,0.0,0.0,0.0,0.0
김진호,NC,2025,2025-04-06,@ Kiwoom,RP,,0.0,1.0,1.0,12,0,0,0,0,0,1,0,,Away,고척 스카이돔,14:00,25.5,False,1,1,183cm,90kg,1998,0.2,51.9,0.0,0.0,3.9,43.8,0.0,0.0,0.0,0.0,0.0,0.181,0.0,0.0,0.0,0.192,0.0,0.0,0.0,0.0
김진호,NC,2025,2025-04-09,@ KT,RP,,0.0,0.0,1.0,5,0,0,0,0,0,0,0,,Away,수원 KT 위즈파크,18:30,14.1,False,2,1,183cm,90kg,1998,0.2,51.9,0.0,0.0,3.9,43.8,0.0,0.0,0.0,0.0,0.0,0.181,0.0,0.0,0.0,0.192,0.0,0.0,0.0,0.0
김진호,NC,2025,2025-04-11,vs. Lotte,RP,,0.0,0.0,1.333333333,17,0,0,0,0,1,0,0,,Home,창원 NC 파크,18:30,15.6,False,1,1,183cm,90kg,1998,0.2,51.9,0.0,0.0,3.9,43.8,0.0,0.0,0.0,0.0,0.0,0.181,0.0,0.0,0.0,0.192,0.0,0.0,0.0,0.0
김진호,NC,2025,2025-04-13,vs. Lotte,RP,H,0.0,1.0,1.0,24,0,0,0,0,1,1,0,,Home,창원 NC 파크,14:00,12.3,False,1,1,183cm,90kg,1998,0.2,51.9,0.0,0.0,3.9,43.8,0.0,0.0,0.0,0.0,0.0,0.181,0.0,0.0,0.0,0.192,0.0,0.0,0.0,0.0
김진호,NC,2025,2025-04-20,@ Hanwha,RP,,81.0,15.0,0.333333333,18,3,3,4,0,1,1,0,,Away,대전 한화생명 볼파크,14:00,21.5,False,6,1,183cm,90kg,1998,0.2,51.9,0.0,0.0,3.9,43.8,0.0,0.0,0.0,0.0,0.0,0.181,0.0,0.0,0.0,0.192,0.0,0.0,0.0,0.0
김진호,NC,2025,2025-04-22,@ LG,RP,H,0.0,1.0,1.0,15,0,0,0,0,0,1,0,,Away,잠실 야구장,18:30,17.5,False,1,1,183cm,90kg,1998,0.2,51.9,0.0,0.0,3.9,43.8,0.0,0.0,0.0,0.0,0.0,0.181,0.0,0.0,0.0,0.192,0.0,0.0,0.0,0.0
김진호,NC,2025,2025-04-23,@ LG,RP,,27.0,3.0,0.666666667,20,2,2,0,0,0,2,0,,Away,잠실 야구장,18:30,21.9,True,0,2,183cm,90kg,1998,0.2,51.9,0.0,0.0,3.9,43.8,0.0,0.0,0.0,0.0,0.0,0.181,0.0,0.0,0.0,0.192,0.0,0.0,0.0,0.0
김진호,NC,2025,2025-04-25,@ Samsung,RP,,0.0,0.0,1.666666667,27,0,0,0,0,3,0,0,,Away,대구 삼성 라이온즈 파크,18:30,16.8,False,1,1,183cm,90kg,1998,0.2,51.9,0.0,0.0,3.9,43.8,0.0,0.0,0.0,0.0,0.0,0.181,0.0,0.0,0.0,0.192,0.0,0.0,0.0,0.0
김진호,NC,2025,2025-04-27,@ Samsung,RP,,9.0,3.0,1.0,23,1,1,2,1,1,1,0,,Away,대구 삼성 라이온즈 파크,14:00,20.2,False,1,1,183cm,90kg,1998,0.2,51.9,0.0,0.0,3.9,43.8,0.0,0.0,0.0,0.0,0.0,0.181,0.0,0.0,0.0,0.192,0.0,0.0,0.0,0.0
김진호,NC,2025,2025-04-29,@ Kia,RP,,0.0,,0.0,3,1,1,1,0,0,0,0,,Away,광주 기아 챔피언스 필드,18:30,21.6,False,1,1,183cm,90kg,1998,0.2,51.9,0.0,0.0,3.9,43.8,0.0,0.0,0.0,0.0,0.0,0.181,0.0,0.0,0.0,0.192,0.0,0.0,0.0,0.0
김진호,NC,2025,2025-05-03,@ Lotte,RP,,0.0,1.0,1.0,17,0,0,1,0,1,0,0,,Away,사직 야구장,17:00,12.9,False,3,1,183cm,90kg,1998,0.2,51.9,0.0,0.0,3.9,43.8,0.0,0.0,0.0,0.0,0.0,0.181,0.0,0.0,0.0,0.192,0.0,0.0,0.0,0.0
김진호,NC,2025,2025-05-05,@ KT,RP,,0.0,1.0,1.0,17,0,0,1,0,2,0,0,,Away,수원 KT 위즈파크,14:00,15.5,False,1,1,183cm,90kg,1998,0.2,51.9,0.0,0.0,3.9,43.8,0.0,0.0,0.0,0.0,0.0,0.181,0.0,0.0,0.0,0.192,0.0,0.0,0.0,0.0
김진호,NC,2025,2025-05-07,@ KT,RP,H,0.0,0.0,0.666666667,8,0,0,0,0,0,0,0,,Away,수원 KT 위즈파크,18:30,16.1,False,1,1,183cm,90kg,1998,0.2,51.9,0.0,0.0,3.9,43.8,0.0,0.0,0.0,0.0,0.0,0.181,0.0,0.0,0.0,0.192,0.0,0.0,0.0,0.0
김진호,NC,2025,2025-05-10,@ Doosan,RP,,0.0,0.0,0.666666667,11,0,0,0,0,1,0,1,,Away,잠실 야구장,17:00,11.9,False,2,1,183cm,90kg,1998,0.2,51.9,0.0,0.0,3.9,43.8,0.0,0.0,0.0,0.0,0.0,0.181,0.0,0.0,0.0,0.192,0.0,0.0,0.0,0.0
김진호,NC,2025,2025-05-11,@ Doosan,RP,H,0.0,0.0,1.0,17,0,0,0,0,0,0,1,,Away,잠실 야구장,14:00,19.0,True,0,2,183cm,90kg,1998,0.2,51.9,0.0,0.0,3.9,43.8,0.0,0.0,0.0,0.0,0.0,0.181,0.0,0.0,0.0,0.192,0.0,0.0,0.0,0.0
김진호,NC,2025,2025-05-13,@ SSG,RP,H,0.0,3.0,0.666666667,19,0,0,0,0,0,2,0,,Away,인천 SSG 랜더스필드,18:30,22.2,False,1,1,183cm,90kg,1998,0.2,51.9,0.0,0.0,3.9,43.8,0.0,0.0,0.0,0.0,0.0,0.181,0.0,0.0,0.0,0.192,0.0,0.0,0.0,0.0
김진호,NC,2025,2025-05-15,@ SSG,RP,,0.0,0.0,0.666666667,11,0,0,0,0,1,0,0,,Away,인천 SSG 랜더스필드,18:30,18.0,False,1,1,183cm,90kg,1998,0.2,51.9,0.0,0.0,3.9,43.8,0.0,0.0,0.0,0.0,0.0,0.181,0.0,0.0,0.0,0.192,0.0,0.0,0.0,0.0
김진호,NC,2025,2025-05-17,vs. Kiwoom,RP,,13.5,3.0,0.666666667,27,1,1,0,0,1,2,0,,Home,창원 NC 파크,17:00,22.5,False,1,1,183cm,90kg,1998,0.2,51.9,0.0,0.0,3.9,43.8,0.0,0.0,0.0,0.0,0.0,0.181,0.0,0.0,0.0,0.192,0.0,0.0,0.0,0.0
김진호,NC,2025,2025-05-22,vs. Hanwha,RP,W,0.0,0.0,1.333333333,18,0,0,0,0,1,0,0,,Home,창원 NC 파크,18:30,18.4,False,4,1,183cm,90kg,1998,0.2,51.9,0.0,0.0,3.9,43.8,0.0,0.0,0.0,0.0,0.0,0.181,0.0,0.0,0.0,0.192,0.0,0.0,0.0,0.0
김진호,NC,2025,2025-05-25,@ Doosan,RP,,0.0,1.0,1.0,14,0,0,0,0,0,1,0,,Away,잠실 야구장,14:00,22.3,False,2,1,183cm,90kg,1998,0.2,51.9,0.0,0.0,3.9,43.8,0.0,0.0,0.0,0.0,0.0,0.181,0.0,0.0,0.0,0.192,0.0,0.0,0.0,0.0
김진호,NC,2025,2025-05-27,@ SSG,RP,,0.0,0.0,1.0,17,0,0,0,0,2,0,0,,Away,인천 SSG 랜더스필드,18:30,20.6,False,1,1,183cm,90kg,1998,0.2,51.9,0.0,0.0,3.9,43.8,0.0,0.0,0.0,0.0,0.0,0.181,0.0,0.0,0.0,0.192,0.0,0.0,0.0,0.0
김진호,NC,2025,2025-05-29,@ SSG,RP,,0.0,2.0,1.0,10,0,0,1,0,1,1,0,,Away,인천 SSG 랜더스필드,18:30,23.1,False,1,1,183cm,90kg,1998,0.2,51.9,0.0,0.0,3.9,43.8,0.0,0.0,0.0,0.0,0.0,0.181,0.0,0.0,0.0,0.192,0.0,0.0,0.0,0.0
김진호,NC,2025,2025-05-31,vs. Hanwha,RP,,0.0,0.0,0.333333333,1,0,0,0,0,0,0,0,,Home,창원 NC 파크,17:00,26.8,False,1,1,183cm,90kg,1998,0.2,51.9,0.0,0.0,3.9,43.8,0.0,0.0,0.0,0.0,0.0,0.181,0.0,0.0,0.0,0.192,0.0,0.0,0.0,0.0
김진호,NC,2025,2025-06-01,vs. Hanwha,RP,,0.0,0.0,1.333333333,19,0,0,0,0,2,0,0,,Home,창원 NC 파크,17:00,23.3,True,0,2,183cm,90kg,1998,0.2,51.9,0.0,0.0,3.9,43.8,0.0,0.0,0.0,0.0,0.0,0.181,0.0,0.0,0.0,0.192,0.0,0.0,0.0,0.0
김진호,NC,2025,2025-06-04,vs. LG,RP,,13.5,4.5,0.666666667,23,1,1,3,0,2,0,0,,Home,창원 NC 파크,18:30,23.8,False,2,1,183cm,90kg,1998,0.2,51.9,0.0,0.0,3.9,43.8,0.0,0.0,0.0,0.0,0.0,0.181,0.0,0.0,0.0,0.192,0.0,0.0,0.0,0.0
김진호,NC,2025,2025-06-07,@ Samsung,RP,W,0.0,1.5,1.333333333,23,0,0,1,0,1,1,0,,Away,대구 삼성 라이온즈 파크,17:00,23.6,False,2,1,183cm,90kg,1998,0.2,51.9,0.0,0.0,3.9,43.8,0.0,0.0,0.0,0.0,0.0,0.181,0.0,0.0,0.0,0.192,0.0,0.0,0.0,0.0
김진호,NC,2025,2025-06-08,@ Samsung,RP,,0.0,1.0,1.0,16,0,0,0,0,0,1,0,,Away,대구 삼성 라이온즈 파크,17:00,25.5,True,0,2,183cm,90kg,1998,0.2,51.9,0.0,0.0,3.9,43.8,0.0,0.0,0.0,0.0,0.0,0.181,0.0,0.0,0.0,0.192,0.0,0.0,0.0,0.0
김진호,NC,2025,2025-06-10,@ Kiwoom,RP,,0.0,1.0,1.0,17,0,0,1,0,1,0,0,,Away,고척 스카이돔,18:30,25.5,False,1,1,183cm,90kg,1998,0.2,51.9,0.0,0.0,3.9,43.8,0.0,0.0,0.0,0.0,0.0,0.181,0.0,0.0,0.0,0.192,0.0,0.0,0.0,0.0
김진호,NC,2025,2025-06-12,@ Kiwoom,RP,,0.0,0.0,1.0,10,0,0,0,0,1,0,0,,Away,고척 스카이돔,18:30,25.5,False,1,1,183cm,90kg,1998,0.2,51.9,0.0,0.0,3.9,43.8,0.0,0.0,0.0,0.0,0.0,0.181,0.0,0.0,0.0,0.192,0.0,0.0,0.0,0.0
김진호,NC,2025,2025-06-25,vs. Lotte,RP,H,0.0,1.0,1.0,19,0,0,0,0,1,1,0,,Home,창원 NC 파크,18:30,25.2,False,12,1,183cm,90kg,1998,0.2,51.9,0.0,0.0,3.9,43.8,0.0,0.0,0.0,0.0,0.0,0.181,0.0,0.0,0.0,0.192,0.0,0.0,0.0,0.0
김진호,NC,2025,2025-06-27,vs. Doosan,RP,,9.0,3.0,1.0,25,1,1,2,0,1,1,0,,Home,창원 NC 파크,18:30,29.0,False,1,1,183cm,90kg,1998,0.2,51.9,0.0,0.0,3.9,43.8,0.0,0.0,0.0,0.0,0.0,0.181,0.0,0.0,0.0,0.192,0.0,0.0,0.0,0.0
김진호,NC,2025,2025-06-29,vs. Doosan,RP,,0.0,1.0,1.0,6,0,0,1,0,0,0,0,,Home,창원 NC 파크,17:00,31.6,False,1,1,183cm,90kg,1998,0.2,51.9,0.0,0.0,3.9,43.8,0.0,0.0,0.0,0.0,0.0,0.181,0.0,0.0,0.0,0.192,0.0,0.0,0.0,0.0
김진호,NC,2025,2025-07-01,@ Hanwha,RP,,0.0,,0.0,6,2,2,1,1,0,1,0,,Away,대전 한화생명 볼파크,18:30,33.2,False,1,1,183cm,90kg,1998,0.2,51.9,0.0,0.0,3.9,43.8,0.0,0.0,0.0,0.0,0.0,0.181,0.0,0.0,0.0,0.192,0.0,0.0,0.0,0.0
김진호,NC,2025,2025-07-02,@ Hanwha,RP,H,0.0,0.0,1.0,10,0,0,0,0,1,0,0,,Away,대전 한화생명 볼파크,18:30,32.4,True,0,2,183cm,90kg,1998,0.2,51.9,0.0,0.0,3.9,43.8,0.0,0.0,0.0,0.0,0.0,0.181,0.0,0.0,0.0,0.192,0.0,0.0,0.0,0.0
김진호,NC,2025,2025-07-03,@ Hanwha,RP,,0.0,1.0,1.0,22,0,0,0,0,2,1,1,,Away,대전 한화생명 볼파크,18:30,32.0,True,0,3,183cm,90kg,1998,0.2,51.9,0.0,0.0,3.9,43.8,0.0,0.0,0.0,0.0,0.0,0.181,0.0,0.0,0.0,0.192,0.0,0.0,0.0,0.0
김진호,NC,2025,2025-07-06,vs. SSG,RP,H,0.0,1.5,0.666666667,10,0,0,1,0,2,0,0,,Home,창원 NC 파크,17:00,32.8,False,2,1,183cm,90kg,1998,0.2,51.9,0.0,0.0,3.9,43.8,0.0,0.0,0.0,0.0,0.0,0.181,0.0,0.0,0.0,0.192,0.0,0.0,0.0,0.0
김진호,NC,2025,2025-07-09,vs. Samsung,RP,H,0.0,1.0,1.0,22,0,0,1,0,1,0,0,,Home,창원 NC 파크,18:30,30.8,False,2,1,183cm,90kg,1998,0.2,51.9,0.0,0.0,3.9,43.8,0.0,0.0,0.0,0.0,0.0,0.181,0.0,0.0,0.0,0.192,0.0,0.0,0.0,0.0
김진호,NC,2025,2025-07-10,vs. Samsung,RP,,6.75,0.75,1.333333333,17,1,1,0,0,0,1,1,,Home,창원 NC 파크,18:30,30.5,True,0,2,183cm,90kg,1998,0.2,51.9,0.0,0.0,3.9,43.8,0.0,0.0,0.0,0.0,0.0,0.181,0.0,0.0,0.0,0.192,0.0,0.0,0.0,0.0
김태훈,삼성,2025,2025-03-23,vs. Kiwoom,RP,H,0.0,1.0,1.0,19,0,0,1,0,2,0,0,,Home,대구 삼성 라이온즈 파크,14:00,18.7,False,0,1,187cm,101kg,1992,0.7,48.2,0.1,15.7,2.3,0.0,0.0,32.1,0.0,0.0,0.333,0.304,0.0,0.188,0.4,0.0,0.0,0.194,0.0,0.0
김태훈,삼성,2025,2025-03-25,vs. NC,RP,,9.0,2.0,1.0,23,1,1,2,0,2,0,0,,Home,대구 삼성 라이온즈 파크,18:30,15.7,False,1,1,187cm,101kg,1992,0.7,48.2,0.1,15.7,2.3,0.0,0.0,32.1,0.0,0.0,0.333,0.304,0.0,0.188,0.4,0.0,0.0,0.194,0.0,0.0
김태훈,삼성,2025,2025-03-27,vs. NC,RP,,0.0,1.5,1.333333333,19,0,0,2,0,0,0,0,,Home,대구 삼성 라이온즈 파크,18:30,17.1,False,1,1,187cm,101kg,1992,0.7,48.2,0.1,15.7,2.3,0.0,0.0,32.1,0.0,0.0,0.333,0.304,0.0,0.188,0.4,0.0,0.0,0.194,0.0,0.0
김태훈,삼성,2025,2025-03-29,@ Doosan,RP,W,0.0,0.0,1.333333333,14,0,0,0,0,1,0,0,,Away,잠실 야구장,17:00,1.5,False,1,1,187cm,101kg,1992,0.7,48.2,0.1,15.7,2.3,0.0,0.0,32.1,0.0,0.0,0.333,0.304,0.0,0.188,0.4,0.0,0.0,0.194,0.0,0.0
김태훈,삼성,2025,2025-04-04,vs. Hanwha,RP,,0.0,0.0,1.0,17,0,0,0,0,3,0,0,,Home,대구 삼성 라이온즈 파크,18:30,12.3,False,5,1,187cm,101kg,1992,0.7,48.2,0.1,15.7,2.3,0.0,0.0,32.1,0.0,0.0,0.333,0.304,0.0,0.188,0.4,0.0,0.0,0.194,0.0,0.0
김태훈,삼성,2025,2025-04-05,vs. Hanwha,RP,H,0.0,0.0,0.333333333,3,0,0,0,0,0,0,0,,Home,대구 삼성 라이온즈 파크,17:00,13.4,True,0,2,187cm,101kg,1992,0.7,48.2,0.1,15.7,2.3,0.0,0.0,32.1,0.0,0.0,0.333,0.304,0.0,0.188,0.4,0.0,0.0,0.194,0.0,0.0
김태훈,삼성,2025,2025-04-09,vs. SSG,RP,,0.0,0.0,1.0,5,0,0,0,0,0,0,0,,Home,대구 삼성 라이온즈 파크,18:30,14.9,False,3,1,187cm,101kg,1992,0.7,48.2,0.1,15.7,2.3,0.0,0.0,32.1,0.0,0.0,0.333,0.304,0.0,0.188,0.4,0.0,0.0,0.194,0.0,0.0
김태훈,삼성,2025,2025-04-10,vs. SSG,RP,,0.0,2.0,1.0,6,0,0,2,0,0,0,0,,Home,대구 삼성 라이온즈 파크,18:30,14.9,True,0,2,187cm,101kg,1992,0.7,48.2,0.1,15.7,2.3,0.0,0.0,32.1,0.0,0.0,0.333,0.304,0.0,0.188,0.4,0.0,0.0,0.194,0.0,0.0
김태훈,삼성,2025,2025-04-19,vs. Lotte,RP,,0.0,1.0,1.0,15,0,0,1,0,0,0,0,,Home,대구 삼성 라이온즈 파크,17:00,18.4,False,8,1,187cm,101kg,1992,0.7,48.2,0.1,15.7,2.3,0.0,0.0,32.1,0.0,0.0,0.333,0.304,0.0,0.188,0.4,0.0,0.0,0.194,0.0,0.0
김태훈,삼성,2025,2025-04-20,vs. Lotte,RP,,0.0,2.0,1.0,13,0,0,2,0,1,0,0,,Home,대구 삼성 라이온즈 파크,14:00,14.7,True,0,2,187cm,101kg,1992,0.7,48.2,0.1,15.7,2.3,0.0,0.0,32.1,0.0,0.0,0.333,0.304,0.0,0.188,0.4,0.0,0.0,0.194,0.0,0.0
김태훈,삼성,2025,2025-04-23,vs. Kia,RP,,0.0,0.0,1.0,10,0,0,0,0,2,0,0,,Home,대구 삼성 라이온즈 파크,18:30,13.9,False,2,1,187cm,101kg,1992,0.7,48.2,0.1,15.7,2.3,0.0,0.0,32.1,0.0,0.0,0.333,0.304,0.0,0.188,0.4,0.0,0.0,0.194,0.0,0.0
김태훈,삼성,2025,2025-04-25,vs. NC,RP,H,0.0,3.0,0.666666667,19,0,0,2,0,1,0,0,,Home,대구 삼성 라이온즈 파크,18:30,16.8,False,1,1,187cm,101kg,1992,0.7,48.2,0.1,15.7,2.3,0.0,0.0,32.1,0.0,0.0,0.333,0.304,0.0,0.188,0.4,0.0,0.0,0.194,0.0,0.0
김태훈,삼성,2025,2025-04-27,vs. NC,RP,,0.0,1.0,1.0,18,0,0,0,0,1,1,0,,Home,대구 삼성 라이온즈 파크,14:00,20.2,False,1,1,187cm,101kg,1992,0.7,48.2,0.1,15.7,2.3,0.0,0.0,32.1,0.0,0.0,0.333,0.304,0.0,0.188,0.4,0.0,0.0,0.194,0.0,0.0
김태훈,삼성,2025,2025-04-29,@ SSG,RP,H,0.0,1.5,0.666666667,13,0,0,1,0,1,0,0,,Away,인천 SSG 랜더스필드,18:30,14.9,False,1,1,187cm,101kg,1992,0.7,48.2,0.1,15.7,2.3,0.0,0.0,32.1,0.0,0.0,0.333,0.304,0.0,0.188,0.4,0.0,0.0,0.194,0.0,0.0
김태훈,삼성,2025,2025-04-30,@ SSG,RP,,0.0,1.0,1.0,6,0,0,1,0,0,0,0,,Away,인천 SSG 랜더스필드,18:30,20.6,True,0,2,187cm,101kg,1992,0.7,48.2,0.1,15.7,2.3,0.0,0.0,32.1,0.0,0.0,0.333,0.304,0.0,0.188,0.4,0.0,0.0,0.194,0.0,0.0
김태훈,삼성,2025,2025-05-02,vs. Doosan,RP,,0.0,1.5,0.666666667,14,0,0,0,0,0,1,0,,Home,대구 삼성 라이온즈 파크,18:30,19.1,False,1,1,187cm,101kg,1992,0.7,48.2,0.1,15.7,2.3,0.0,0.0,32.1,0.0,0.0,0.333,0.304,0.0,0.188,0.4,0.0,0.0,0.194,0.0,0.0
김태훈,삼성,2025,2025-05-07,@ Hanwha,RP,,0.0,0.0,1.333333333,14,0,0,0,0,1,0,0,,Away,대전 한화생명 볼파크,18:30,19.5,False,4,1,187cm,101kg,1992,0.7,48.2,0.1,15.7,2.3,0.0,0.0,32.1,0.0,0.0,0.333,0.304,0.0,0.188,0.4,0.0,0.0,0.194,0.0,0.0
김태훈,삼성,2025,2025-05-10,vs. LG,RP,,0.0,0.6,1.666666667,29,0,0,0,0,3,1,0,,Home,대구 삼성 라이온즈 파크,17:00,17.6,False,2,1,187cm,101kg,1992,0.7,48.2,0.1,15.7,2.3,0.0,0.0,32.1,0.0,0.0,0.333,0.304,0.0,0.188,0.4,0.0,0.0,0.194,0.0,0.0
김태훈,삼성,2025,2025-05-11,vs. LG,RP,L,13.5,1.5,1.333333333,22,2,2,2,0,1,0,0,,Home,대구 삼성 라이온즈 파크,14:00,17.9,True,0,2,187cm,101kg,1992,0.7,48.2,0.1,15.7,2.3,0.0,0.0,32.1,0.0,0.0,0.333,0.304,0.0,0.188,0.4,0.0,0.0,0.194,0.0,0.0
김태훈,삼성,2025,2025-05-14,vs. KT,RP,,0.0,2.0,1.0,16,0,0,0,0,0,2,0,,Home,대구 삼성 라이온즈 파크,18:30,20.5,False,2,1,187cm,101kg,1992,0.7,48.2,0.1,15.7,2.3,0.0,0.0,32.1,0.0,0.0,0.333,0.304,0.0,0.188,0.4,0.0,0.0,0.194,0.0,0.0
김태훈,삼성,2025,2025-05-17,@ Lotte,RP,,0.0,,0.0,15,2,1,2,0,0,1,0,,Away,사직 야구장,17:00,20.9,False,2,1,187cm,101kg,1992,0.7,48.2,0.1,15.7,2.3,0.0,0.0,32.1,0.0,0.0,0.333,0.304,0.0,0.188,0.4,0.0,0.0,0.194,0.0,0.0
김태훈,삼성,2025,2025-05-18,@ Lotte,RP,,9.0,2.0,1.0,17,1,1,2,0,1,0,0,,Away,사직 야구장,14:00,20.8,True,0,2,187cm,101kg,1992,0.7,48.2,0.1,15.7,2.3,0.0,0.0,32.1,0.0,0.0,0.333,0.304,0.0,0.188,0.4,0.0,0.0,0.194,0.0,0.0
김태훈,삼성,2025,2025-05-21,@ Kiwoom,RP,,0.0,0.0,1.0,8,0,0,0,0,2,0,0,,Away,고척 스카이돔,18:30,25.5,False,2,1,187cm,101kg,1992,0.7,48.2,0.1,15.7,2.3,0.0,0.0,32.1,0.0,0.0,0.333,0.304,0.0,0.188,0.4,0.0,0.0,0.194,0.0,0.0
김태훈,삼성,2025,2025-05-23,vs. Kia,RP,,0.0,2.0,1.0,20,0,0,1,0,2,1,0,,Home,대구 삼성 라이온즈 파크,18:30,18.4,False,1,1,187cm,101kg,1992,0.7,48.2,0.1,15.7,2.3,0.0,0.0,32.1,0.0,0.0,0.333,0.304,0.0,0.188,0.4,0.0,0.0,0.194,0.0,0.0
김태훈,삼성,2025,2025-05-24,vs. Kia,RP,,5.4,0.6,1.666666667,25,1,1,1,1,0,0,0,,Home,대구 삼성 라이온즈 파크,17:00,14.5,True,0,2,187cm,101kg,1992,0.7,48.2,0.1,15.7,2.3,0.0,0.0,32.1,0.0,0.0,0.333,0.304,0.0,0.188,0.4,0.0,0.0,0.194,0.0,0.0
김태훈,삼성,2025,2025-05-27,vs. Lotte,RP,H,0.0,1.0,1.0,10,0,0,1,0,0,0,0,,Home,대구 삼성 라이온즈 파크,18:30,20.1,False,2,1,187cm,101kg,1992,0.7,48.2,0.1,15.7,2.3,0.0,0.0,32.1,0.0,0.0,0.333,0.304,0.0,0.188,0.4,0.0,0.0,0.194,0.0,0.0
김태훈,삼성,2025,2025-05-29,vs. Lotte,RP,,0.0,2.0,1.0,24,0,0,1,0,2,1,0,,Home,대구 삼성 라이온즈 파크,18:30,19.2,False,1,1,187cm,101kg,1992,0.7,48.2,0.1,15.7,2.3,0.0,0.0,32.1,0.0,0.0,0.333,0.304,0.0,0.188,0.4,0.0,0.0,0.194,0.0,0.0
김태훈,삼성,2025,2025-05-31,@ LG,RP,H,0.0,1.0,1.0,12,0,0,1,0,1,0,0,,Away,잠실 야구장,17:00,25.6,False,1,1,187cm,101kg,1992,0.7,48.2,0.1,15.7,2.3,0.0,0.0,32.1,0.0,0.0,0.333,0.304,0.0,0.188,0.4,0.0,0.0,0.194,0.0,0.0
김태훈,삼성,2025,2025-06-01,@ LG,RP,H,0.0,0.0,1.0,16,0,0,0,0,3,0,0,,Away,잠실 야구장,17:00,25.6,True,0,2,187cm,101kg,1992,0.7,48.2,0.1,15.7,2.3,0.0,0.0,32.1,0.0,0.0,0.333,0.304,0.0,0.188,0.4,0.0,0.0,0.194,0.0,0.0
김태훈,삼성,2025,2025-06-05,@ SSG,RP,H,0.0,2.0,1.0,24,0,0,0,0,2,2,0,,Away,인천 SSG 랜더스필드,18:30,20.8,False,3,1,187cm,101kg,1992,0.7,48.2,0.1,15.7,2.3,0.0,0.0,32.1,0.0,0.0,0.333,0.304,0.0,0.188,0.4,0.0,0.0,0.194,0.0,0.0
김태훈,삼성,2025,2025-06-06,vs. NC,RP,,0.0,1.0,1.0,11,0,0,1,0,1,0,0,,Home,대구 삼성 라이온즈 파크,18:30,21.7,True,0,2,187cm,101kg,1992,0.7,48.2,0.1,15.7,2.3,0.0,0.0,32.1,0.0,0.0,0.333,0.304,0.0,0.188,0.4,0.0,0.0,0.194,0.0,0.0
김태훈,삼성,2025,2025-06-10,@ Kia,RP,H,0.0,0.0,1.0,12,0,0,0,0,3,0,0,,Away,광주 기아 챔피언스 필드,18:30,25.4,False,3,1,187cm,101kg,1992,0.7,48.2,0.1,15.7,2.3,0.0,0.0,32.1,0.0,0.0,0.333,0.304,0.0,0.188,0.4,0.0,0.0,0.194,0.0,0.0
김태훈,삼성,2025,2025-06-12,@ Kia,RP,H,0.0,0.75,1.333333333,16,0,0,1,0,2,0,0,,Away,광주 기아 챔피언스 필드,18:30,26.3,False,1,1,187cm,101kg,1992,0.7,48.2,0.1,15.7,2.3,0.0,0.0,32.1,0.0,0.0,0.333,0.304,0.0,0.188,0.4,0.0,0.0,0.194,0.0,0.0
김태훈,삼성,2025,2025-06-18,vs. Doosan,RP,,0.0,3.0,0.666666667,13,0,0,1,0,1,1,0,,Home,대구 삼성 라이온즈 파크,18:30,23.1,False,5,1,187cm,101kg,1992,0.7,48.2,0.1,15.7,2.3,0.0,0.0,32.1,0.0,0.0,0.333,0.304,0.0,0.188,0.4,0.0,0.0,0.194,0.0,0.0
김태훈,삼성,2025,2025-06-20,@ Lotte,RP,,0.0,1.0,1.0,16,0,0,1,0,0,0,0,,Away,사직 야구장,18:30,26.5,False,1,1,187cm,101kg,1992,0.7,48.2,0.1,15.7,2.3,0.0,0.0,32.1,0.0,0.0,0.333,0.304,0.0,0.188,0.4,0.0,0.0,0.194,0.0,0.0
김태훈,삼성,2025,2025-06-22,@ Lotte,RP,L,162.0,18.0,0.333333333,29,6,6,4,0,1,2,0,,Away,사직 야구장,17:00,23.3,False,1,1,187cm,101kg,1992,0.7,48.2,0.1,15.7,2.3,0.0,0.0,32.1,0.0,0.0,0.333,0.304,0.0,0.188,0.4,0.0,0.0,0.194,0.0,0.0
김태훈,삼성,2025,2025-06-26,vs. Hanwha,RP,,0.0,0.0,1.333333333,16,0,0,0,0,3,0,0,,Home,대구 삼성 라이온즈 파크,18:30,24.9,False,3,1,187cm,101kg,1992,0.7,48.2,0.1,15.7,2.3,0.0,0.0,32.1,0.0,0.0,0.333,0.304,0.0,0.188,0.4,0.0,0.0,0.194,0.0,0.0
김태훈,삼성,2025,2025-06-27,@ Kiwoom,RP,,13.5,1.5,0.666666667,8,1,1,1,0,0,0,0,,Away,고척 스카이돔,18:30,25.5,True,0,2,187cm,101kg,1992,0.7,48.2,0.1,15.7,2.3,0.0,0.0,32.1,0.0,0.0,0.333,0.304,0.0,0.188,0.4,0.0,0.0,0.194,0.0,0.0
김태훈,삼성,2025,2025-07-01,@ Doosan,RP,,0.0,0.0,1.0,13,0,0,0,0,2,0,0,,Away,잠실 야구장,18:30,32.3,False,3,1,187cm,101kg,1992,0.7,48.2,0.1,15.7,2.3,0.0,0.0,32.1,0.0,0.0,0.333,0.304,0.0,0.188,0.4,0.0,0.0,0.194,0.0,0.0
김태훈,삼성,2025,2025-07-03,@ Doosan,RP,W,0.0,2.0,1.0,20,0,0,1,0,1,1,0,,Away,잠실 야구장,18:30,31.2,False,1,1,187cm,101kg,1992,0.7,48.2,0.1,15.7,2.3,0.0,0.0,32.1,0.0,0.0,0.333,0.304,0.0,0.188,0.4,0.0,0.0,0.194,0.0,0.0
김태훈,삼성,2025,2025-07-04,vs. LG,RP,,0.0,3.0,0.666666667,28,0,0,1,0,0,1,0,,Home,대구 삼성 라이온즈 파크,18:30,30.0,True,0,2,187cm,101kg,1992,0.7,48.2,0.1,15.7,2.3,0.0,0.0,32.1,0.0,0.0,0.333,0.304,0.0,0.188,0.4,0.0,0.0,0.194,0.0,0.0
김태훈,삼성,2025,2025-07-06,vs. LG,RP,,0.0,1.5,1.333333333,25,0,0,1,0,0,1,0,,Home,대구 삼성 라이온즈 파크,17:00,29.9,False,1,1,187cm,101kg,1992,0.7,48.2,0.1,15.7,2.3,0.0,0.0,32.1,0.0,0.0,0.333,0.304,0.0,0.188,0.4,0.0,0.0,0.194,0.0,0.0
김태훈,삼성,2025,2025-07-08,@ NC,RP,L,81.0,12.0,0.333333333,18,3,3,2,0,0,2,0,,Away,창원 NC 파크,18:30,32.8,False,1,1,187cm,101kg,1992,0.7,48.2,0.1,15.7,2.3,0.0,0.0,32.1,0.0,0.0,0.333,0.304,0.0,0.188,0.4,0.0,0.0,0.194,0.0,0.0
김태훈,삼성,2025,2025-07-10,@ NC,RP,,0.0,3.0,0.666666667,14,0,0,1,0,1,1,1,,Away,창원 NC 파크,18:30,30.5,False,1,1,187cm,101kg,1992,0.7,48.2,0.1,15.7,2.3,0.0,0.0,32.1,0.0,0.0,0.333,0.304,0.0,0.188,0.4,0.0,0.0,0.194,0.0,0.0
김택연,두산,2025,2025-03-26,@ KT,RP,SV,0.0,1.0,1.0,19,0,0,0,0,1,1,0,,Away,수원 KT 위즈파크,18:30,24.1,False,0,1,181cm,88kg,2005,0.0,73.6,0.0,0.5,23.4,0.0,0.0,2.4,0.0,0.0,0.0,0.16,0.0,0.0,0.195,0.0,0.0,0.667,0.0,0.0
김택연,두산,2025,2025-03-28,vs. Samsung,RP,SV,0.0,0.0,1.333333333,19,0,0,0,0,1,0,0,,Home,잠실 야구장,18:30,6.7,False,1,1,181cm,88kg,2005,0.0,73.6,0.0,0.5,23.4,0.0,0.0,2.4,0.0,0.0,0.0,0.16,0.0,0.0,0.195,0.0,0.0,0.667,0.0,0.0
김택연,두산,2025,2025-03-30,vs. Samsung,RP,,0.0,1.0,1.0,14,0,0,1,0,1,0,0,,Home,잠실 야구장,14:00,3.4,False,1,1,181cm,88kg,2005,0.0,73.6,0.0,0.5,23.4,0.0,0.0,2.4,0.0,0.0,0.0,0.16,0.0,0.0,0.195,0.0,0.0,0.667,0.0,0.0
김택연,두산,2025,2025-04-02,vs. Kiwoom,RP,SV,0.0,0.0,1.0,16,0,0,0,0,1,0,0,,Home,잠실 야구장,18:30,8.4,False,2,1,181cm,88kg,2005,0.0,73.6,0.0,0.5,23.4,0.0,0.0,2.4,0.0,0.0,0.0,0.16,0.0,0.0,0.195,0.0,0.0,0.667,0.0,0.0
김택연,두산,2025,2025-04-06,@ Lotte,RP,SV,0.0,0.6,1.666666667,20,0,0,1,0,1,0,0,,Away,사직 야구장,14:00,16.6,False,3,1,181cm,88kg,2005,0.0,73.6,0.0,0.5,23.4,0.0,0.0,2.4,0.0,0.0,0.0,0.16,0.0,0.0,0.195,0.0,0.0,0.667,0.0,0.0
김택연,두산,2025,2025-04-08,vs. Hanwha,RP,,0.0,0.0,2.0,22,0,0,0,0,3,0,0,,Home,잠실 야구장,18:30,16.8,False,1,1,181cm,88kg,2005,0.0,73.6,0.0,0.5,23.4,0.0,0.0,2.4,0.0,0.0,0.0,0.16,0.0,0.0,0.195,0.0,0.0,0.667,0.0,0.0
김택연,두산,2025,2025-04-13,@ LG,RP,,0.0,1.0,1.0,12,0,0,0,0,1,1,0,,Away,잠실 야구장,14:00,-0.1,False,4,1,181cm,88kg,2005,0.0,73.6,0.0,0.5,23.4,0.0,0.0,2.4,0.0,0.0,0.0,0.16,0.0,0.0,0.195,0.0,0.0,0.667,0.0,0.0
김택연,두산,2025,2025-04-20,vs. Kia,RP,,9.0,2.0,1.0,22,3,1,2,0,1,0,0,,Home,잠실 야구장,14:00,22.5,False,6,1,181cm,88kg,2005,0.0,73.6,0.0,0.5,23.4,0.0,0.0,2.4,0.0,0.0,0.0,0.16,0.0,0.0,0.195,0.0,0.0,0.667,0.0,0.0
김택연,두산,2025,2025-04-26,vs. Lotte,RP,,13.5,1.5,1.333333333,25,2,2,1,0,1,1,1,,Home,잠실 야구장,17:00,17.8,False,5,1,181cm,88kg,2005,0.0,73.6,0.0,0.5,23.4,0.0,0.0,2.4,0.0,0.0,0.0,0.16,0.0,0.0,0.195,0.0,0.0,0.667,0.0,0.0
김택연,두산,2025,2025-05-01,vs. KT,RP,,18.0,2.0,1.0,27,2,2,1,1,2,1,0,,Home,잠실 야구장,18:30,14.4,False,4,1,181cm,88kg,2005,0.0,73.6,0.0,0.5,23.4,0.0,0.0,2.4,0.0,0.0,0.0,0.16,0.0,0.0,0.195,0.0,0.0,0.667,0.0,0.0
김택연,두산,2025,2025-05-04,@ Samsung,RP,,9.0,1.0,1.0,16,1,1,1,0,2,0,0,,Away,대구 삼성 라이온즈 파크,14:00,20.7,False,2,1,181cm,88kg,2005,0.0,73.6,0.0,0.5,23.4,0.0,0.0,2.4,0.0,0.0,0.0,0.16,0.0,0.0,0.195,0.0,0.0,0.667,0.0,0.0
김택연,두산,2025,2025-05-05,vs. LG,RP,SV,0.0,1.0,1.0,18,0,0,1,0,2,0,0,,Home,잠실 야구장,14:00,14.8,True,0,2,181cm,88kg,2005,0.0,73.6,0.0,0.5,23.4,0.0,0.0,2.4,0.0,0.0,0.0,0.16,0.0,0.0,0.195,0.0,0.0,0.667,0.0,0.0
김택연,두산,2025,2025-05-07,vs. LG,RP,SV,0.0,1.5,1.333333333,23,0,0,0,0,1,2,0,,Home,잠실 야구장,18:30,18.1,False,1,1,181cm,88kg,2005,0.0,73.6,0.0,0.5,23.4,0.0,0.0,2.4,0.0,0.0,0.0,0.16,0.0,0.0,0.195,0.0,0.0,0.667,0.0,0.0
김택연,두산,2025,2025-05-10,vs. NC,RP,,18.0,2.0,1.0,17,2,2,2,1,1,0,0,,Home,잠실 야구장,17:00,11.9,False,2,1,181cm,88kg,2005,0.0,73.6,0.0,0.5,23.4,0.0,0.0,2.4,0.0,0.0,0.0,0.16,0.0,0.0,0.195,0.0,0.0,0.667,0.0,0.0
김택연,두산,2025,2025-05-11,vs. NC,RP,,0.0,0.0,1.0,18,0,0,0,0,2,0,0,,Home,잠실 야구장,14:00,19.0,True,0,2,181cm,88kg,2005,0.0,73.6,0.0,0.5,23.4,0.0,0.0,2.4,0.0,0.0,0.0,0.16,0.0,0.0,0.195,0.0,0.0,0.667,0.0,0.0
김택연,두산,2025,2025-05-13,@ Hanwha,RP,,0.0,2.0,1.0,26,2,0,1,1,1,1,0,,Away,대전 한화생명 볼파크,18:30,24.2,False,1,1,181cm,88kg,2005,0.0,73.6,0.0,0.5,23.4,0.0,0.0,2.4,0.0,0.0,0.0,0.16,0.0,0.0,0.195,0.0,0.0,0.667,0.0,0.0
김택연,두산,2025,2025-05-14,@ Hanwha,RP,,0.0,1.0,1.0,10,0,0,1,0,1,0,0,,Away,대전 한화생명 볼파크,18:30,26.4,True,0,2,181cm,88kg,2005,0.0,73.6,0.0,0.5,23.4,0.0,0.0,2.4,0.0,0.0,0.0,0.16,0.0,0.0,0.195,0.0,0.0,0.667,0.0,0.0
김택연,두산,2025,2025-05-17,@ Kia,RP,,0.0,1.0,1.0,19,0,0,1,0,1,0,0,,Away,광주 기아 챔피언스 필드,17:00,21.7,False,2,1,181cm,88kg,2005,0.0,73.6,0.0,0.5,23.4,0.0,0.0,2.4,0.0,0.0,0.0,0.16,0.0,0.0,0.195,0.0,0.0,0.667,0.0,0.0
김택연,두산,2025,2025-05-18,@ Kia,RP,,0.0,2.25,1.333333333,28,0,0,2,0,2,1,0,,Away,광주 기아 챔피언스 필드,14:00,22.9,True,0,2,181cm,88kg,2005,0.0,73.6,0.0,0.5,23.4,0.0,0.0,2.4,0.0,0.0,0.0,0.16,0.0,0.0,0.195,0.0,0.0,0.667,0.0,0.0
김택연,두산,2025,2025-05-20,vs. SSG,RP,,0.0,0.0,1.0,11,0,0,0,0,1,0,0,,Home,잠실 야구장,18:30,25.2,False,1,1,181cm,88kg,2005,0.0,73.6,0.0,0.5,23.4,0.0,0.0,2.4,0.0,0.0,0.0,0.16,0.0,0.0,0.195,0.0,0.0,0.667,0.0,0.0
김택연,두산,2025,2025-05-22,vs. SSG,RP,SV,9.0,2.0,1.0,29,1,1,2,0,1,0,0,,Home,잠실 야구장,18:30,26.9,False,1,1,181cm,88kg,2005,0.0,73.6,0.0,0.5,23.4,0.0,0.0,2.4,0.0,0.0,0.0,0.16,0.0,0.0,0.195,0.0,0.0,0.667,0.0,0.0
김택연,두산,2025,2025-05-23,vs. NC,RP,,0.0,,0.0,5,0,0,0,0,0,1,0,,Home,잠실 야구장,18:30,21.1,True,0,2,181cm,88kg,2005,0.0,73.6,0.0,0.5,23.4,0.0,0.0,2.4,0.0,0.0,0.0,0.16,0.0,0.0,0.195,0.0,0.0,0.667,0.0,0.0
김택연,두산,2025,2025-05-25,vs. NC,RP,SV,0.0,0.0,1.666666667,17,0,0,0,0,1,0,0,,Home,잠실 야구장,14:00,22.3,False,1,1,181cm,88kg,2005,0.0,73.6,0.0,0.5,23.4,0.0,0.0,2.4,0.0,0.0,0.0,0.16,0.0,0.0,0.195,0.0,0.0,0.667,0.0,0.0
김택연,두산,2025,2025-05-30,@ Kiwoom,RP,,0.0,1.5,0.666666667,20,0,0,1,0,2,0,0,,Away,고척 스카이돔,18:30,25.5,False,4,1,181cm,88kg,2005,0.0,73.6,0.0,0.5,23.4,0.0,0.0,2.4,0.0,0.0,0.0,0.16,0.0,0.0,0.195,0.0,0.0,0.667,0.0,0.0
김택연,두산,2025,2025-06-01,@ Kiwoom,RP,,0.0,0.0,1.666666667,22,0,0,0,0,3,0,0,,Away,고척 스카이돔,14:00,25.5,False,1,1,181cm,88kg,2005,0.0,73.6,0.0,0.5,23.4,0.0,0.0,2.4,0.0,0.0,0.0,0.16,0.0,0.0,0.195,0.0,0.0,0.667,0.0,0.0
김택연,두산,2025,2025-06-05,vs. Kia,RP,W,0.0,1.0,2.0,32,0,0,2,0,4,0,0,,Home,잠실 야구장,18:30,23.9,False,3,1,181cm,88kg,2005,0.0,73.6,0.0,0.5,23.4,0.0,0.0,2.4,0.0,0.0,0.0,0.16,0.0,0.0,0.195,0.0,0.0,0.667,0.0,0.0
김택연,두산,2025,2025-06-08,vs. Lotte,RP,,0.0,1.0,1.0,22,0,0,0,0,2,1,0,,Home,잠실 야구장,17:00,28.5,False,2,1,181cm,88kg,2005,0.0,73.6,0.0,0.5,23.4,0.0,0.0,2.4,0.0,0.0,0.0,0.16,0.0,0.0,0.195,0.0,0.0,0.667,0.0,0.0
김택연,두산,2025,2025-06-12,@ Hanwha,RP,,0.0,0.0,1.0,17,0,0,0,0,1,0,0,,Away,대전 한화생명 볼파크,18:30,27.0,False,3,1,181cm,88kg,2005,0.0,73.6,0.0,0.5,23.4,0.0,0.0,2.4,0.0,0.0,0.0,0.16,0.0,0.0,0.195,0.0,0.0,0.667,0.0,0.0
김택연,두산,2025,2025-06-14,vs. Kiwoom,RP,SV,0.0,1.0,1.0,18,0,0,1,0,2,0,1,,Home,잠실 야구장,17:00,31.4,False,1,1,181cm,88kg,2005,0.0,73.6,0.0,0.5,23.4,0.0,0.0,2.4,0.0,0.0,0.0,0.16,0.0,0.0,0.195,0.0,0.0,0.667,0.0,0.0
김택연,두산,2025,2025-06-15,vs. Kiwoom,RP,SV,0.0,1.5,1.333333333,24,0,0,0,0,3,2,0,,Home,잠실 야구장,17:00,30.2,True,0,2,181cm,88kg,2005,0.0,73.6,0.0,0.5,23.4,0.0,0.0,2.4,0.0,0.0,0.0,0.16,0.0,0.0,0.195,0.0,0.0,0.667,0.0,0.0
김택연,두산,2025,2025-06-18,@ Samsung,RP,L,20.25,2.25,1.333333333,20,3,3,2,1,0,1,0,,Away,대구 삼성 라이온즈 파크,18:30,23.1,False,2,1,181cm,88kg,2005,0.0,73.6,0.0,0.5,23.4,0.0,0.0,2.4,0.0,0.0,0.0,0.16,0.0,0.0,0.195,0.0,0.0,0.667,0.0,0.0
김택연,두산,2025,2025-06-19,@ Samsung,RP,SV,0.0,3.0,1.0,29,0,0,1,0,1,2,0,,Away,대구 삼성 라이온즈 파크,18:30,27.6,True,0,2,181cm,88kg,2005,0.0,73.6,0.0,0.5,23.4,0.0,0.0,2.4,0.0,0.0,0.0,0.16,0.0,0.0,0.195,0.0,0.0,0.667,0.0,0.0
김택연,두산,2025,2025-06-21,@ LG,RP,SV,9.0,3.0,1.0,27,1,1,1,0,0,2,0,,Away,잠실 야구장,17:00,25.6,False,1,1,181cm,88kg,2005,0.0,73.6,0.0,0.5,23.4,0.0,0.0,2.4,0.0,0.0,0.0,0.16,0.0,0.0,0.195,0.0,0.0,0.667,0.0,0.0
김택연,두산,2025,2025-06-27,@ NC,RP,L,0.0,2.0,1.0,15,1,0,1,0,1,1,0,,Away,창원 NC 파크,18:30,29.0,False,5,1,181cm,88kg,2005,0.0,73.6,0.0,0.5,23.4,0.0,0.0,2.4,0.0,0.0,0.0,0.16,0.0,0.0,0.195,0.0,0.0,0.667,0.0,0.0
김택연,두산,2025,2025-06-29,@ NC,RP,SV,0.0,0.0,1.333333333,23,0,0,0,0,2,0,1,,Away,창원 NC 파크,17:00,31.6,False,1,1,181cm,88kg,2005,0.0,73.6,0.0,0.5,23.4,0.0,0.0,2.4,0.0,0.0,0.0,0.16,0.0,0.0,0.195,0.0,0.0,0.667,0.0,0.0
김택연,두산,2025,2025-07-04,vs. KT,RP,,0.0,0.0,1.0,15,0,0,0,0,2,0,0,,Home,잠실 야구장,18:30,30.1,False,4,1,181cm,88kg,2005,0.0,73.6,0.0,0.5,23.4,0.0,0.0,2.4,0.0,0.0,0.0,0.16,0.0,0.0,0.195,0.0,0.0,0.667,0.0,0.0
김택연,두산,2025,2025-07-05,vs. KT,RP,,0.0,0.0,1.0,10,0,0,0,0,1,0,0,,Home,잠실 야구장,18:00,31.6,True,0,2,181cm,88kg,2005,0.0,73.6,0.0,0.5,23.4,0.0,0.0,2.4,0.0,0.0,0.0,0.16,0.0,0.0,0.195,0.0,0.0,0.667,0.0,0.0
김택연,두산,2025,2025-07-06,vs. KT,RP,SV,9.0,2.0,1.0,22,1,1,1,0,1,1,1,,Home,잠실 야구장,17:00,32.5,True,0,3,181cm,88kg,2005,0.0,73.6,0.0,0.5,23.4,0.0,0.0,2.4,0.0,0.0,0.0,0.16,0.0,0.0,0.195,0.0,0.0,0.667,0.0,0.0
김택연,두산,2025,2025-07-08,@ Lotte,RP,SV,0.0,1.0,1.0,19,0,0,1,0,2,0,0,,Away,사직 야구장,18:30,32.4,False,1,1,181cm,88kg,2005,0.0,73.6,0.0,0.5,23.4,0.0,0.0,2.4,0.0,0.0,0.0,0.16,0.0,0.0,0.195,0.0,0.0,0.667,0.0,0.0
김택연,두산,2025,2025-07-09,@ Lotte,RP,,9.0,1.0,1.0,14,1,1,0,0,0,1,0,,Away,사직 야구장,18:30,29.7,True,0,2,181cm,88kg,2005,0.0,73.6,0.0,0.5,23.4,0.0,0.0,2.4,0.0,0.0,0.0,0.16,0.0,0.0,0.195,0.0,0.0,0.667,0.0,0.0
김택형,SSG,2025,2025-06-11,@ LG,RP,,0.0,0.0,0.666666667,5,0,0,0,0,0,0,0,,Away,잠실 야구장,18:30,25.8,False,0,1,185cm,90kg,1996,0.0,48.7,0.0,0.0,48.7,0.0,0.0,2.6,0.0,0.0,0.0,0.333,0.0,0.0,0.0,0.0,0.0,0.0,0.0,0.0
김택형,SSG,2025,2025-06-12,@ LG,RP,H,0.0,2.0,1.0,21,0,0,0,0,1,2,0,,Away,잠실 야구장,18:30,29.0,True,0,2,185cm,90kg,1996,0.0,48.7,0.0,0.0,48.7,0.0,0.0,2.6,0.0,0.0,0.0,0.333,0.0,0.0,0.0,0.0,0.0,0.0,0.0,0.0
김택형,SSG,2025,2025-06-18,@ Kiwoom,RP,,0.0,1.0,1.0,9,0,0,1,0,1,0,0,,Away,고척 스카이돔,18:30,25.5,False,5,1,185cm,90kg,1996,0.0,48.7,0.0,0.0,48.7,0.0,0.0,2.6,0.0,0.0,0.0,0.333,0.0,0.0,0.0,0.0,0.0,0.0,0.0,0.0
김택형,SSG,2025,2025-06-19,@ Kiwoom,RP,,0.0,1.0,1.0,10,0,0,1,0,0,0,0,,Away,고척 스카이돔,18:30,25.5,True,0,2,185cm,90kg,1996,0.0,48.7,0.0,0.0,48.7,0.0,0.0,2.6,0.0,0.0,0.0,0.333,0.0,0.0,0.0,0.0,0.0,0.0,0.0,0.0
김택형,SSG,2025,2025-06-21,vs. Kia,RP,,0.0,3.0,0.333333333,6,0,0,1,0,1,0,0,,Home,인천 SSG 랜더스필드,17:00,23.5,False,1,1,185cm,90kg,1996,0.0,48.7,0.0,0.0,48.7,0.0,0.0,2.6,0.0,0.0,0.0,0.333,0.0,0.0,0.0,0.0,0.0,0.0,0.0,0.0
김택형,SSG,2025,2025-06-24,@ Doosan,RP,,0.0,,0.0,0,0,0,0,0,0,0,0,,Away,잠실 야구장,18:30,26.8,False,2,1,185cm,90kg,1996,0.0,48.7,0.0,0.0,48.7,0.0,0.0,2.6,0.0,0.0,0.0,0.333,0.0,0.0,0.0,0.0,0.0,0.0,0.0,0.0
김택형,SSG,2025,2025-06-27,vs. Hanwha,RP,,0.0,3.0,0.333333333,7,0,0,0,0,0,1,0,,Home,인천 SSG 랜더스필드,18:30,28.2,False,2,1,185cm,90kg,1996,0.0,48.7,0.0,0.0,48.7,0.0,0.0,2.6,0.0,0.0,0.0,0.333,0.0,0.0,0.0,0.0,0.0,0.0,0.0,0.0
김택형,SSG,2025,2025-07-03,@ Kia,RP,,0.0,1.5,0.666666667,12,0,0,1,0,0,0,0,,Away,광주 기아 챔피언스 필드,18:30,32.6,False,5,1,185cm,90kg,1996,0.0,48.7,0.0,0.0,48.7,0.0,0.0,2.6,0.0,0.0,0.0,0.333,0.0,0.0,0.0,0.0,0.0,0.0,0.0,0.0
김택형,SSG,2025,2025-07-06,@ NC,RP,,0.0,3.0,0.333333333,8,0,0,0,0,0,1,0,,Away,창원 NC 파크,17:00,32.8,False,2,1,185cm,90kg,1996,0.0,48.7,0.0,0.0,48.7,0.0,0.0,2.6,0.0,0.0,0.0,0.333,0.0,0.0,0.0,0.0,0.0,0.0,0.0,0.0
김현수,KIA,2025,2025-05-11,@ SSG,RP,,0.0,2.0,1.0,21,0,0,0,0,0,2,0,,Away,인천 SSG 랜더스필드,14:00,16.8,False,0,1,185cm,90kg,2000,0.0,51.8,0.0,16.4,25.1,6.7,0.0,0.0,0.0,0.0,0.0,0.292,0.0,0.25,0.1,0.333,0.0,0.0,0.0,0.0
김현수,KIA,2025,2025-05-20,@ KT,RP,,0.0,1.0,1.0,15,0,0,0,0,0,1,0,,Away,수원 KT 위즈파크,18:30,25.6,False,8,1,185cm,90kg,2000,0.0,51.8,0.0,16.4,25.1,6.7,0.0,0.0,0.0,0.0,0.0,0.292,0.0,0.25,0.1,0.333,0.0,0.0,0.0,0.0
김현수,KIA,2025,2025-05-28,vs. Kiwoom,RP,,9.0,1.0,1.0,18,1,1,1,1,1,0,0,,Home,광주 기아 챔피언스 필드,18:30,26.5,False,7,1,185cm,90kg,2000,0.0,51.8,0.0,16.4,25.1,6.7,0.0,0.0,0.0,0.0,0.0,0.292,0.0,0.25,0.1,0.333,0.0,0.0,0.0,0.0
김현수,KIA,2025,2025-05-30,@ KT,RP,,0.0,3.0,0.333333333,10,0,0,1,0,0,0,0,,Away,수원 KT 위즈파크,18:30,24.2,False,1,1,185cm,90kg,2000,0.0,51.8,0.0,16.4,25.1,6.7,0.0,0.0,0.0,0.0,0.0,0.292,0.0,0.25,0.1,0.333,0.0,0.0,0.0,0.0
김현수,KIA,2025,2025-05-31,@ KT,RP,,0.0,3.0,0.666666667,11,0,0,1,0,0,1,0,,Away,수원 KT 위즈파크,17:00,22.8,True,0,2,185cm,90kg,2000,0.0,51.8,0.0,16.4,25.1,6.7,0.0,0.0,0.0,0.0,0.0,0.292,0.0,0.25,0.1,0.333,0.0,0.0,0.0,0.0
김현수,KIA,2025,2025-06-04,@ Doosan,RP,,0.0,2.0,1.0,21,0,0,2,0,3,0,0,,Away,잠실 야구장,18:30,22.5,False,3,1,185cm,90kg,2000,0.0,51.8,0.0,16.4,25.1,6.7,0.0,0.0,0.0,0.0,0.0,0.292,0.0,0.25,0.1,0.333,0.0,0.0,0.0,0.0
김현수,KIA,2025,2025-06-10,vs. Samsung,RP,,6.75,0.75,1.333333333,25,1,1,1,1,1,0,0,,Home,광주 기아 챔피언스 필드,18:30,25.4,False,5,1,185cm,90kg,2000,0.0,51.8,0.0,16.4,25.1,6.7,0.0,0.0,0.0,0.0,0.0,0.292,0.0,0.25,0.1,0.333,0.0,0.0,0.0,0.0
김현수,KIA,2025,2025-06-24,@ Kiwoom,RP,,0.0,2.0,1.0,19,0,0,2,0,1,0,0,,Away,고척 스카이돔,18:30,25.5,False,13,1,185cm,90kg,2000,0.0,51.8,0.0,16.4,25.1,6.7,0.0,0.0,0.0,0.0,0.0,0.292,0.0,0.25,0.1,0.333,0.0,0.0,0.0,0.0
김현수,KIA,2025,2025-06-26,@ Kiwoom,RP,,4.5,3.5,2.0,38,1,1,2,0,3,5,0,,Away,고척 스카이돔,18:30,25.5,False,1,1,185cm,90kg,2000,0.0,51.8,0.0,16.4,25.1,6.7,0.0,0.0,0.0,0.0,0.0,0.292,0.0,0.25,0.1,0.333,0.0,0.0,0.0,0.0
김현수,KIA,2025,2025-07-08,@ Hanwha,RP,,0.0,0.0,1.0,17,0,0,0,0,1,0,0,,Away,대전 한화생명 볼파크,18:30,33.6,False,11,1,185cm,90kg,2000,0.0,51.8,0.0,16.4,25.1,6.7,0.0,0.0,0.0,0.0,0.0,0.292,0.0,0.25,0.1,0.333,0.0,0.0,0.0,0.0
나균안,롯데,2025,2025-03-27,@ SSG,SP,,3.86,1.5,4.666666667,86,2,2,4,0,6,3,0,51.0,Away,인천 SSG 랜더스필드,18:30,11.1,False,0,1,186cm,109kg,1998,0.0,39.9,14.7,6.8,0.0,0.0,0.0,38.4,0.0,0.0,0.0,0.314,0.395,0.471,0.0,0.0,0.0,0.229,0.0,0.0
나균안,롯데,2025,2025-04-03,@ Hanwha,SP,,3.38,1.31,5.333333333,98,2,2,5,0,6,2,0,54.0,Away,대전 한화생명 볼파크,18:30,14.9,False,6,1,186cm,109kg,1998,0.0,39.9,14.7,6.8,0.0,0.0,0.0,38.4,0.0,0.0,0.0,0.314,0.395,0.471,0.0,0.0,0.0,0.229,0.0,0.0
나균안,롯데,2025,2025-04-09,vs. Kia,SP,L,4.5,1.5,6.0,102,3,3,6,1,3,3,0,48.0,Home,사직 야구장,18:30,14.9,False,5,1,186cm,109kg,1998,0.0,39.9,14.7,6.8,0.0,0.0,0.0,38.4,0.0,0.0,0.0,0.314,0.395,0.471,0.0,0.0,0.0,0.229,0.0,0.0
나균안,롯데,2025,2025-04-15,vs. Kiwoom,SP,,6.75,1.75,4.0,83,5,3,5,0,3,2,1,36.0,Home,사직 야구장,18:30,12.8,False,5,1,186cm,109kg,1998,0.0,39.9,14.7,6.8,0.0,0.0,0.0,38.4,0.0,0.0,0.0,0.314,0.395,0.471,0.0,0.0,0.0,0.229,0.0,0.0
나균안,롯데,2025,2025-04-20,@ Samsung,SP,,1.69,1.69,5.333333333,88,1,1,5,0,2,4,0,52.0,Away,대구 삼성 라이온즈 파크,14:00,14.7,False,4,1,186cm,109kg,1998,0.0,39.9,14.7,6.8,0.0,0.0,0.0,38.4,0.0,0.0,0.0,0.314,0.395,0.471,0.0,0.0,0.0,0.229,0.0,0.0
나균안,롯데,2025,2025-04-26,@ Doosan,SP,,2.08,2.08,4.333333333,85,3,1,6,0,3,3,1,42.0,Away,잠실 야구장,17:00,17.8,False,5,1,186cm,109kg,1998,0.0,39.9,14.7,6.8,0.0,0.0,0.0,38.4,0.0,0.0,0.0,0.314,0.395,0.471,0.0,0.0,0.0,0.229,0.0,0.0
나균안,롯데,2025,2025-05-02,vs. NC,SP,,0.0,0.79,6.333333333,93,0,0,3,0,4,2,0,69.0,Home,사직 야구장,18:30,19.1,False,5,1,186cm,109kg,1998,0.0,39.9,14.7,6.8,0.0,0.0,0.0,38.4,0.0,0.0,0.0,0.314,0.395,0.471,0.0,0.0,0.0,0.229,0.0,0.0
나균안,롯데,2025,2025-05-10,@ KT,SP,,15.0,3.0,3.0,71,5,5,8,2,1,1,0,23.0,Away,수원 KT 위즈파크,17:00,11.8,False,7,1,186cm,109kg,1998,0.0,39.9,14.7,6.8,0.0,0.0,0.0,38.4,0.0,0.0,0.0,0.314,0.395,0.471,0.0,0.0,0.0,0.229,0.0,0.0
나균안,롯데,2025,2025-05-15,@ Kia,SP,L,9.53,2.12,5.666666667,102,6,6,10,0,3,2,0,26.0,Away,광주 기아 챔피언스 필드,18:30,21.6,False,4,1,186cm,109kg,1998,0.0,39.9,14.7,6.8,0.0,0.0,0.0,38.4,0.0,0.0,0.0,0.314,0.395,0.471,0.0,0.0,0.0,0.229,0.0,0.0
나균안,롯데,2025,2025-05-21,vs. LG,SP,,5.4,2.0,5.0,102,4,3,8,2,6,2,0,41.0,Home,사직 야구장,18:30,23.1,False,5,1,186cm,109kg,1998,0.0,39.9,14.7,6.8,0.0,0.0,0.0,38.4,0.0,0.0,0.0,0.314,0.395,0.471,0.0,0.0,0.0,0.229,0.0,0.0
나균안,롯데,2025,2025-05-31,vs. SSG,SP,L,7.2,2.0,5.0,105,4,4,4,1,4,6,0,41.0,Home,사직 야구장,17:00,20.8,False,9,1,186cm,109kg,1998,0.0,39.9,14.7,6.8,0.0,0.0,0.0,38.4,0.0,0.0,0.0,0.314,0.395,0.471,0.0,0.0,0.0,0.229,0.0,0.0
나균안,롯데,2025,2025-06-06,@ Doosan,SP,L,6.75,1.31,5.333333333,60,4,4,7,3,1,0,0,39.0,Away,잠실 야구장,18:30,25.4,False,5,1,186cm,109kg,1998,0.0,39.9,14.7,6.8,0.0,0.0,0.0,38.4,0.0,0.0,0.0,0.314,0.395,0.471,0.0,0.0,0.0,0.229,0.0,0.0
나균안,롯데,2025,2025-06-11,@ KT,RP,W,0.0,0.6,1.666666667,24,0,0,1,0,1,0,0,,Away,수원 KT 위즈파크,18:30,23.4,False,4,1,186cm,109kg,1998,0.0,39.9,14.7,6.8,0.0,0.0,0.0,38.4,0.0,0.0,0.0,0.314,0.395,0.471,0.0,0.0,0.0,0.229,0.0,0.0
나균안,롯데,2025,2025-06-12,@ KT,RP,,0.0,2.0,1.0,15,0,0,1,0,0,1,0,,Away,수원 KT 위즈파크,18:30,26.9,True,0,2,186cm,109kg,1998,0.0,39.9,14.7,6.8,0.0,0.0,0.0,38.4,0.0,0.0,0.0,0.314,0.395,0.471,0.0,0.0,0.0,0.229,0.0,0.0
나균안,롯데,2025,2025-06-19,vs. Hanwha,SP,W,0.0,1.0,6.0,88,0,0,4,0,6,2,0,68.0,Home,사직 야구장,18:30,27.6,False,6,1,186cm,109kg,1998,0.0,39.9,14.7,6.8,0.0,0.0,0.0,38.4,0.0,0.0,0.0,0.314,0.395,0.471,0.0,0.0,0.0,0.229,0.0,0.0
나균안,롯데,2025,2025-06-28,vs. KT,SP,L,6.75,2.25,5.333333333,105,4,4,10,0,4,2,0,34.0,Home,사직 야구장,17:00,29.3,False,8,1,186cm,109kg,1998,0.0,39.9,14.7,6.8,0.0,0.0,0.0,38.4,0.0,0.0,0.0,0.314,0.395,0.471,0.0,0.0,0.0,0.229,0.0,0.0
나균안,롯데,2025,2025-07-04,@ Kia,SP,,1.5,1.0,6.0,83,2,1,5,0,3,1,0,58.0,Away,광주 기아 챔피언스 필드,18:30,30.7,False,5,1,186cm,109kg,1998,0.0,39.9,14.7,6.8,0.0,0.0,0.0,38.4,0.0,0.0,0.0,0.314,0.395,0.471,0.0,0.0,0.0,0.229,0.0,0.0
나균안,롯데,2025,2025-07-10,vs. Doosan,SP,L,4.05,1.5,6.666666667,103,4,3,9,0,8,1,0,49.0,Home,사직 야구장,18:30,29.2,False,5,1,186cm,109kg,1998,0.0,39.9,14.7,6.8,0.0,0.0,0.0,38.4,0.0,0.0,0.0,0.314,0.395,0.471,0.0,0.0,0.0,0.229,0.0,0.0
네일,KIA,2025,2025-03-28,@ Hanwha,SP,,0.0,0.83,6.0,101,0,0,3,0,5,2,0,69.0,Away,대전 한화생명 볼파크,18:30,6.4,False,0,1,193cm,83kg,1993,39.7,2.0,6.2,1.1,31.9,19.1,0.0,0.0,0.0,0.0,0.25,0.2,0.381,0.143,0.16,0.25,0.0,0.0,0.0,0.0
네일,KIA,2025,2025-04-03,vs. Samsung,SP,W,0.0,0.57,7.0,87,0,0,3,0,2,1,1,71.0,Home,광주 기아 챔피언스 필드,18:30,12.2,False,5,1,193cm,83kg,1993,39.7,2.0,6.2,1.1,31.9,19.1,0.0,0.0,0.0,0.0,0.25,0.2,0.381,0.143,0.16,0.25,0.0,0.0,0.0,0.0
네일,KIA,2025,2025-04-09,@ Lotte,SP,W,1.29,1.14,7.0,92,1,1,6,0,6,2,0,65.0,Away,사직 야구장,18:30,14.9,False,5,1,193cm,83kg,1993,39.7,2.0,6.2,1.1,31.9,19.1,0.0,0.0,0.0,0.0,0.25,0.2,0.381,0.143,0.16,0.25,0.0,0.0,0.0,0.0
네일,KIA,2025,2025-04-15,vs. KT,SP,,0.0,1.0,6.0,91,0,0,5,0,6,1,0,67.0,Home,광주 기아 챔피언스 필드,18:30,13.2,False,5,1,193cm,83kg,1993,39.7,2.0,6.2,1.1,31.9,19.1,0.0,0.0,0.0,0.0,0.25,0.2,0.381,0.143,0.16,0.25,0.0,0.0,0.0,0.0
네일,KIA,2025,2025-04-20,@ Doosan,SP,,3.18,1.76,5.666666667,100,2,2,8,0,7,2,0,50.0,Away,잠실 야구장,14:00,22.5,False,4,1,193cm,83kg,1993,39.7,2.0,6.2,1.1,31.9,19.1,0.0,0.0,0.0,0.0,0.25,0.2,0.381,0.143,0.16,0.25,0.0,0.0,0.0,0.0
네일,KIA,2025,2025-04-27,vs. LG,SP,,3.0,1.33,6.0,89,2,2,4,0,3,4,0,55.0,Home,광주 기아 챔피언스 필드,14:00,24.1,False,6,1,193cm,83kg,1993,39.7,2.0,6.2,1.1,31.9,19.1,0.0,0.0,0.0,0.0,0.25,0.2,0.381,0.143,0.16,0.25,0.0,0.0,0.0,0.0
네일,KIA,2025,2025-05-04,vs. Hanwha,SP,,1.29,0.57,7.0,101,1,1,3,0,10,1,2,74.0,Home,광주 기아 챔피언스 필드,14:00,20.3,False,6,1,193cm,83kg,1993,39.7,2.0,6.2,1.1,31.9,19.1,0.0,0.0,0.0,0.0,0.25,0.2,0.381,0.143,0.16,0.25,0.0,0.0,0.0,0.0
네일,KIA,2025,2025-05-11,@ SSG,SP,L,15.75,2.5,4.0,82,7,7,8,0,4,2,0,20.0,Away,인천 SSG 랜더스필드,14:00,16.8,False,6,1,193cm,83kg,1993,39.7,2.0,6.2,1.1,31.9,19.1,0.0,0.0,0.0,0.0,0.25,0.2,0.381,0.143,0.16,0.25,0.0,0.0,0.0,0.0
네일,KIA,2025,2025-05-17,vs. Doosan,SP,W,2.57,1.14,7.0,102,2,2,6,1,8,2,1,62.0,Home,광주 기아 챔피언스 필드,17:00,21.7,False,5,1,193cm,83kg,1993,39.7,2.0,6.2,1.1,31.9,19.1,0.0,0.0,0.0,0.0,0.25,0.2,0.381,0.143,0.16,0.25,0.0,0.0,0.0,0.0
네일,KIA,2025,2025-05-23,@ Samsung,SP,,5.68,1.26,6.333333333,98,4,4,8,0,8,0,1,48.0,Away,대구 삼성 라이온즈 파크,18:30,18.4,False,5,1,193cm,83kg,1993,39.7,2.0,6.2,1.1,31.9,19.1,0.0,0.0,0.0,0.0,0.25,0.2,0.381,0.143,0.16,0.25,0.0,0.0,0.0,0.0
네일,KIA,2025,2025-05-29,vs. Kiwoom,SP,,3.0,1.5,6.0,96,2,2,8,0,2,1,2,47.0,Home,광주 기아 챔피언스 필드,18:30,25.8,False,5,1,193cm,83kg,1993,39.7,2.0,6.2,1.1,31.9,19.1,0.0,0.0,0.0,0.0,0.25,0.2,0.381,0.143,0.16,0.25,0.0,0.0,0.0,0.0
네일,KIA,2025,2025-06-04,@ Doosan,SP,W,5.4,1.6,5.0,86,3,3,6,1,5,2,1,45.0,Away,잠실 야구장,18:30,22.5,False,5,1,193cm,83kg,1993,39.7,2.0,6.2,1.1,31.9,19.1,0.0,0.0,0.0,0.0,0.25,0.2,0.381,0.143,0.16,0.25,0.0,0.0,0.0,0.0
네일,KIA,2025,2025-06-10,vs. Samsung,SP,L,1.42,1.11,6.333333333,97,3,1,6,1,2,1,1,53.0,Home,광주 기아 챔피언스 필드,18:30,25.4,False,5,1,193cm,83kg,1993,39.7,2.0,6.2,1.1,31.9,19.1,0.0,0.0,0.0,0.0,0.25,0.2,0.381,0.143,0.16,0.25,0.0,0.0,0.0,0.0
네일,KIA,2025,2025-06-15,@ NC,SP,W,1.35,0.3,6.666666667,111,1,1,1,0,9,1,1,75.0,Away,창원 NC 파크,17:00,28.6,False,4,1,193cm,83kg,1993,39.7,2.0,6.2,1.1,31.9,19.1,0.0,0.0,0.0,0.0,0.25,0.2,0.381,0.143,0.16,0.25,0.0,0.0,0.0,0.0
네일,KIA,2025,2025-06-22,@ SSG,SP,,4.26,0.63,6.333333333,95,3,3,3,1,5,1,1,58.0,Away,인천 SSG 랜더스필드,17:00,25.0,False,6,1,193cm,83kg,1993,39.7,2.0,6.2,1.1,31.9,19.1,0.0,0.0,0.0,0.0,0.25,0.2,0.381,0.143,0.16,0.25,0.0,0.0,0.0,0.0
네일,KIA,2025,2025-07-04,vs. Lotte,SP,,0.0,0.5,6.0,90,0,0,3,0,7,0,0,73.0,Home,광주 기아 챔피언스 필드,18:30,30.7,False,11,1,193cm,83kg,1993,39.7,2.0,6.2,1.1,31.9,19.1,0.0,0.0,0.0,0.0,0.25,0.2,0.381,0.143,0.16,0.25,0.0,0.0,0.0,0.0
네일,KIA,2025,2025-07-10,@ Hanwha,SP,,0.0,1.0,6.0,98,0,0,3,0,5,3,0,68.0,Away,대전 한화생명 볼파크,18:30,32.1,False,5,1,193cm,83kg,1993,39.7,2.0,6.2,1.1,31.9,19.1,0.0,0.0,0.0,0.0,0.25,0.2,0.381,0.143,0.16,0.25,0.0,0.0,0.0,0.0
노경은,SSG,2025,2025-03-23,vs. Doosan,RP,H,0.0,0.0,0.333333333,4,0,0,0,0,1,0,0,,Home,인천 SSG 랜더스필드,14:00,18.1,False,0,1,187cm,100kg,1984,8.8,33.1,0.0,8.1,21.0,0.0,0.0,28.2,0.7,0.0,0.235,0.236,0.0,0.4,0.278,0.0,0.0,0.164,0.0,0.0
노경은,SSG,2025,2025-03-25,vs. Lotte,RP,,0.0,1.0,1.0,13,0,0,1,0,0,0,0,,Home,인천 SSG 랜더스필드,18:30,10.4,False,1,1,187cm,100kg,1984,8.8,33.1,0.0,8.1,21.0,0.0,0.0,28.2,0.7,0.0,0.235,0.236,0.0,0.4,0.278,0.0,0.0,0.164,0.0,0.0
노경은,SSG,2025,2025-03-26,vs. Lotte,RP,SV,0.0,0.0,1.0,17,0,0,0,0,0,0,0,,Home,인천 SSG 랜더스필드,18:30,20.6,True,0,2,187cm,100kg,1984,8.8,33.1,0.0,8.1,21.0,0.0,0.0,28.2,0.7,0.0,0.235,0.236,0.0,0.4,0.278,0.0,0.0,0.164,0.0,0.0
노경은,SSG,2025,2025-03-29,@ Kiwoom,RP,,9.0,2.0,1.0,18,1,1,1,1,1,1,0,,Away,고척 스카이돔,17:00,25.5,False,2,1,187cm,100kg,1984,8.8,33.1,0.0,8.1,21.0,0.0,0.0,28.2,0.7,0.0,0.235,0.236,0.0,0.4,0.278,0.0,0.0,0.164,0.0,0.0
노경은,SSG,2025,2025-03-30,@ Kiwoom,RP,H,0.0,1.0,1.0,15,0,0,1,0,0,0,0,,Away,고척 스카이돔,14:00,25.5,True,0,2,187cm,100kg,1984,8.8,33.1,0.0,8.1,21.0,0.0,0.0,28.2,0.7,0.0,0.235,0.236,0.0,0.4,0.278,0.0,0.0,0.164,0.0,0.0
노경은,SSG,2025,2025-04-04,vs. KT,RP,H,0.0,1.0,1.0,13,0,0,0,0,2,1,0,,Home,인천 SSG 랜더스필드,18:30,10.4,False,4,1,187cm,100kg,1984,8.8,33.1,0.0,8.1,21.0,0.0,0.0,28.2,0.7,0.0,0.235,0.236,0.0,0.4,0.278,0.0,0.0,0.164,0.0,0.0
노경은,SSG,2025,2025-04-06,vs. KT,RP,,0.0,0.0,1.0,12,0,0,0,0,1,0,0,,Home,인천 SSG 랜더스필드,14:00,11.4,False,1,1,187cm,100kg,1984,8.8,33.1,0.0,8.1,21.0,0.0,0.0,28.2,0.7,0.0,0.235,0.236,0.0,0.4,0.278,0.0,0.0,0.164,0.0,0.0
노경은,SSG,2025,2025-04-09,@ Samsung,RP,,0.0,0.0,1.0,10,0,0,0,0,0,0,0,,Away,대구 삼성 라이온즈 파크,18:30,14.9,False,2,1,187cm,100kg,1984,8.8,33.1,0.0,8.1,21.0,0.0,0.0,28.2,0.7,0.0,0.235,0.236,0.0,0.4,0.278,0.0,0.0,0.164,0.0,0.0
노경은,SSG,2025,2025-04-10,@ Samsung,RP,,9.0,2.0,1.0,11,1,1,2,0,0,0,0,,Away,대구 삼성 라이온즈 파크,18:30,14.9,True,0,2,187cm,100kg,1984,8.8,33.1,0.0,8.1,21.0,0.0,0.0,28.2,0.7,0.0,0.235,0.236,0.0,0.4,0.278,0.0,0.0,0.164,0.0,0.0
노경은,SSG,2025,2025-04-17,vs. Hanwha,RP,,0.0,1.5,0.666666667,17,0,0,1,0,1,0,0,,Home,인천 SSG 랜더스필드,18:30,16.8,False,6,1,187cm,100kg,1984,8.8,33.1,0.0,8.1,21.0,0.0,0.0,28.2,0.7,0.0,0.235,0.236,0.0,0.4,0.278,0.0,0.0,0.164,0.0,0.0
노경은,SSG,2025,2025-04-19,vs. LG,RP,,0.0,1.0,1.0,12,0,0,1,0,1,0,0,,Home,인천 SSG 랜더스필드,17:00,10.9,False,1,1,187cm,100kg,1984,8.8,33.1,0.0,8.1,21.0,0.0,0.0,28.2,0.7,0.0,0.235,0.236,0.0,0.4,0.278,0.0,0.0,0.164,0.0,0.0
노경은,SSG,2025,2025-04-24,@ KT,RP,H,6.75,3.0,1.333333333,24,1,1,3,0,1,1,0,,Away,수원 KT 위즈파크,18:30,14.9,False,4,1,187cm,100kg,1984,8.8,33.1,0.0,8.1,21.0,0.0,0.0,28.2,0.7,0.0,0.235,0.236,0.0,0.4,0.278,0.0,0.0,0.164,0.0,0.0
노경은,SSG,2025,2025-04-26,vs. Kiwoom,RP,,0.0,0.0,1.0,11,0,0,0,0,1,0,0,,Home,인천 SSG 랜더스필드,17:00,14.5,False,1,1,187cm,100kg,1984,8.8,33.1,0.0,8.1,21.0,0.0,0.0,28.2,0.7,0.0,0.235,0.236,0.0,0.4,0.278,0.0,0.0,0.164,0.0,0.0
노경은,SSG,2025,2025-04-29,vs. Samsung,RP,L,9.0,3.0,1.0,21,1,1,2,0,1,1,0,,Home,인천 SSG 랜더스필드,18:30,14.9,False,2,1,187cm,100kg,1984,8.8,33.1,0.0,8.1,21.0,0.0,0.0,28.2,0.7,0.0,0.235,0.236,0.0,0.4,0.278,0.0,0.0,0.164,0.0,0.0
노경은,SSG,2025,2025-04-30,vs. Samsung,RP,,0.0,2.25,1.333333333,15,0,0,2,0,0,1,0,,Home,인천 SSG 랜더스필드,18:30,20.6,True,0,2,187cm,100kg,1984,8.8,33.1,0.0,8.1,21.0,0.0,0.0,28.2,0.7,0.0,0.235,0.236,0.0,0.4,0.278,0.0,0.0,0.164,0.0,0.0
노경은,SSG,2025,2025-05-02,@ LG,RP,SV,0.0,1.0,1.0,17,0,0,0,0,2,1,0,,Away,잠실 야구장,18:30,16.2,False,1,1,187cm,100kg,1984,8.8,33.1,0.0,8.1,21.0,0.0,0.0,28.2,0.7,0.0,0.235,0.236,0.0,0.4,0.278,0.0,0.0,0.164,0.0,0.0
노경은,SSG,2025,2025-05-07,@ Lotte,RP,,0.0,0.0,1.0,12,0,0,0,0,1,0,0,,Away,사직 야구장,18:30,16.4,False,4,1,187cm,100kg,1984,8.8,33.1,0.0,8.1,21.0,0.0,0.0,28.2,0.7,0.0,0.235,0.236,0.0,0.4,0.278,0.0,0.0,0.164,0.0,0.0
노경은,SSG,2025,2025-05-10,vs. Kia,RP,L,0.0,2.0,1.0,22,2,0,0,0,0,2,0,,Home,인천 SSG 랜더스필드,17:00,11.6,False,2,1,187cm,100kg,1984,8.8,33.1,0.0,8.1,21.0,0.0,0.0,28.2,0.7,0.0,0.235,0.236,0.0,0.4,0.278,0.0,0.0,0.164,0.0,0.0
노경은,SSG,2025,2025-05-11,vs. Kia,RP,,0.0,1.0,2.0,25,0,0,1,0,0,1,0,,Home,인천 SSG 랜더스필드,14:00,16.8,True,0,2,187cm,100kg,1984,8.8,33.1,0.0,8.1,21.0,0.0,0.0,28.2,0.7,0.0,0.235,0.236,0.0,0.4,0.278,0.0,0.0,0.164,0.0,0.0
노경은,SSG,2025,2025-05-13,vs. NC,RP,,9.0,2.0,1.0,18,1,1,2,0,0,0,0,,Home,인천 SSG 랜더스필드,18:30,22.2,False,1,1,187cm,100kg,1984,8.8,33.1,0.0,8.1,21.0,0.0,0.0,28.2,0.7,0.0,0.235,0.236,0.0,0.4,0.278,0.0,0.0,0.164,0.0,0.0
노경은,SSG,2025,2025-05-15,vs. NC,RP,H,0.0,0.0,1.0,14,0,0,0,0,0,0,0,,Home,인천 SSG 랜더스필드,18:30,18.0,False,1,1,187cm,100kg,1984,8.8,33.1,0.0,8.1,21.0,0.0,0.0,28.2,0.7,0.0,0.235,0.236,0.0,0.4,0.278,0.0,0.0,0.164,0.0,0.0
노경은,SSG,2025,2025-05-17,@ Hanwha,RP,,0.0,2.0,1.0,24,0,0,2,0,1,0,0,,Away,대전 한화생명 볼파크,17:00,23.4,False,1,1,187cm,100kg,1984,8.8,33.1,0.0,8.1,21.0,0.0,0.0,28.2,0.7,0.0,0.235,0.236,0.0,0.4,0.278,0.0,0.0,0.164,0.0,0.0
노경은,SSG,2025,2025-05-18,@ Hanwha,RP,H,0.0,0.0,1.0,10,0,0,0,0,0,0,0,,Away,대전 한화생명 볼파크,14:00,21.7,True,0,2,187cm,100kg,1984,8.8,33.1,0.0,8.1,21.0,0.0,0.0,28.2,0.7,0.0,0.235,0.236,0.0,0.4,0.278,0.0,0.0,0.164,0.0,0.0
노경은,SSG,2025,2025-05-20,@ Doosan,RP,H,0.0,0.0,1.0,9,0,0,0,0,2,0,0,,Away,잠실 야구장,18:30,25.2,False,1,1,187cm,100kg,1984,8.8,33.1,0.0,8.1,21.0,0.0,0.0,28.2,0.7,0.0,0.235,0.236,0.0,0.4,0.278,0.0,0.0,0.164,0.0,0.0
노경은,SSG,2025,2025-05-22,@ Doosan,RP,H,0.0,0.0,0.666666667,10,0,0,0,0,1,0,0,,Away,잠실 야구장,18:30,26.9,False,1,1,187cm,100kg,1984,8.8,33.1,0.0,8.1,21.0,0.0,0.0,28.2,0.7,0.0,0.235,0.236,0.0,0.4,0.278,0.0,0.0,0.164,0.0,0.0
노경은,SSG,2025,2025-05-24,vs. LG,RP,,0.0,0.75,1.333333333,18,1,0,1,0,2,0,0,,Home,인천 SSG 랜더스필드,17:00,18.7,False,1,1,187cm,100kg,1984,8.8,33.1,0.0,8.1,21.0,0.0,0.0,28.2,0.7,0.0,0.235,0.236,0.0,0.4,0.278,0.0,0.0,0.164,0.0,0.0
노경은,SSG,2025,2025-05-27,vs. NC,RP,,13.5,4.5,0.666666667,13,1,1,2,0,0,1,0,,Home,인천 SSG 랜더스필드,18:30,20.6,False,2,1,187cm,100kg,1984,8.8,33.1,0.0,8.1,21.0,0.0,0.0,28.2,0.7,0.0,0.235,0.236,0.0,0.4,0.278,0.0,0.0,0.164,0.0,0.0
노경은,SSG,2025,2025-05-29,vs. NC,RP,H,0.0,0.6,1.666666667,22,0,0,1,0,1,0,0,,Home,인천 SSG 랜더스필드,18:30,23.1,False,1,1,187cm,100kg,1984,8.8,33.1,0.0,8.1,21.0,0.0,0.0,28.2,0.7,0.0,0.235,0.236,0.0,0.4,0.278,0.0,0.0,0.164,0.0,0.0
노경은,SSG,2025,2025-05-31,@ Lotte,RP,H,0.0,0.0,1.0,6,0,0,0,0,1,0,0,,Away,사직 야구장,17:00,20.8,False,1,1,187cm,100kg,1984,8.8,33.1,0.0,8.1,21.0,0.0,0.0,28.2,0.7,0.0,0.235,0.236,0.0,0.4,0.278,0.0,0.0,0.164,0.0,0.0
노경은,SSG,2025,2025-06-01,@ Lotte,RP,,0.0,3.0,1.0,17,0,0,2,0,1,1,0,,Away,사직 야구장,17:00,23.7,True,0,2,187cm,100kg,1984,8.8,33.1,0.0,8.1,21.0,0.0,0.0,28.2,0.7,0.0,0.235,0.236,0.0,0.4,0.278,0.0,0.0,0.164,0.0,0.0
노경은,SSG,2025,2025-06-03,vs. Samsung,RP,H,0.0,0.0,1.0,14,0,0,0,0,2,0,0,,Home,인천 SSG 랜더스필드,18:30,20.9,False,1,1,187cm,100kg,1984,8.8,33.1,0.0,8.1,21.0,0.0,0.0,28.2,0.7,0.0,0.235,0.236,0.0,0.4,0.278,0.0,0.0,0.164,0.0,0.0
노경은,SSG,2025,2025-06-04,vs. Samsung,RP,,0.0,2.0,1.0,18,0,0,2,0,0,0,0,,Home,인천 SSG 랜더스필드,18:30,21.5,True,0,2,187cm,100kg,1984,8.8,33.1,0.0,8.1,21.0,0.0,0.0,28.2,0.7,0.0,0.235,0.236,0.0,0.4,0.278,0.0,0.0,0.164,0.0,0.0
노경은,SSG,2025,2025-06-07,@ KT,RP,,0.0,1.0,1.0,17,0,0,0,0,1,1,0,,Away,수원 KT 위즈파크,17:00,26.6,False,2,1,187cm,100kg,1984,8.8,33.1,0.0,8.1,21.0,0.0,0.0,28.2,0.7,0.0,0.235,0.236,0.0,0.4,0.278,0.0,0.0,0.164,0.0,0.0
노경은,SSG,2025,2025-06-08,@ KT,RP,H,0.0,0.0,1.0,11,0,0,0,0,0,0,0,,Away,수원 KT 위즈파크,17:00,28.1,True,0,2,187cm,100kg,1984,8.8,33.1,0.0,8.1,21.0,0.0,0.0,28.2,0.7,0.0,0.235,0.236,0.0,0.4,0.278,0.0,0.0,0.164,0.0,0.0
노경은,SSG,2025,2025-06-10,@ LG,RP,,0.0,0.0,1.0,14,0,0,0,0,1,0,0,,Away,잠실 야구장,18:30,24.8,False,1,1,187cm,100kg,1984,8.8,33.1,0.0,8.1,21.0,0.0,0.0,28.2,0.7,0.0,0.235,0.236,0.0,0.4,0.278,0.0,0.0,0.164,0.0,0.0
노경은,SSG,2025,2025-06-11,@ LG,RP,,0.0,0.0,0.666666667,7,0,0,0,0,0,0,0,,Away,잠실 야구장,18:30,25.8,True,0,2,187cm,100kg,1984,8.8,33.1,0.0,8.1,21.0,0.0,0.0,28.2,0.7,0.0,0.235,0.236,0.0,0.4,0.278,0.0,0.0,0.164,0.0,0.0
노경은,SSG,2025,2025-06-14,vs. Lotte,RP,,27.0,3.0,0.666666667,9,2,2,2,0,0,0,0,,Home,인천 SSG 랜더스필드,17:00,29.1,False,2,1,187cm,100kg,1984,8.8,33.1,0.0,8.1,21.0,0.0,0.0,28.2,0.7,0.0,0.235,0.236,0.0,0.4,0.278,0.0,0.0,0.164,0.0,0.0
노경은,SSG,2025,2025-06-17,@ Kiwoom,RP,H,0.0,1.5,0.666666667,8,0,0,1,0,1,0,0,,Away,고척 스카이돔,18:30,25.5,False,2,1,187cm,100kg,1984,8.8,33.1,0.0,8.1,21.0,0.0,0.0,28.2,0.7,0.0,0.235,0.236,0.0,0.4,0.278,0.0,0.0,0.164,0.0,0.0
노경은,SSG,2025,2025-06-19,@ Kiwoom,RP,W,0.0,0.0,1.0,20,0,0,0,0,2,0,0,,Away,고척 스카이돔,18:30,25.5,False,1,1,187cm,100kg,1984,8.8,33.1,0.0,8.1,21.0,0.0,0.0,28.2,0.7,0.0,0.235,0.236,0.0,0.4,0.278,0.0,0.0,0.164,0.0,0.0
노경은,SSG,2025,2025-06-22,vs. Kia,RP,L,18.0,3.0,1.0,23,2,2,2,1,1,1,0,,Home,인천 SSG 랜더스필드,17:00,25.0,False,2,1,187cm,100kg,1984,8.8,33.1,0.0,8.1,21.0,0.0,0.0,28.2,0.7,0.0,0.235,0.236,0.0,0.4,0.278,0.0,0.0,0.164,0.0,0.0
노경은,SSG,2025,2025-06-26,@ Doosan,RP,H,0.0,1.0,1.0,18,0,0,0,0,1,1,0,,Away,잠실 야구장,18:30,25.9,False,3,1,187cm,100kg,1984,8.8,33.1,0.0,8.1,21.0,0.0,0.0,28.2,0.7,0.0,0.235,0.236,0.0,0.4,0.278,0.0,0.0,0.164,0.0,0.0
노경은,SSG,2025,2025-06-29,vs. Hanwha,RP,H,0.0,0.0,1.0,13,0,0,0,0,2,0,1,,Home,인천 SSG 랜더스필드,17:00,29.8,False,2,1,187cm,100kg,1984,8.8,33.1,0.0,8.1,21.0,0.0,0.0,28.2,0.7,0.0,0.235,0.236,0.0,0.4,0.278,0.0,0.0,0.164,0.0,0.0
노경은,SSG,2025,2025-07-02,@ Kia,RP,H,0.0,1.5,1.333333333,26,0,0,1,0,2,1,0,,Away,광주 기아 챔피언스 필드,18:30,33.1,False,2,1,187cm,100kg,1984,8.8,33.1,0.0,8.1,21.0,0.0,0.0,28.2,0.7,0.0,0.235,0.236,0.0,0.4,0.278,0.0,0.0,0.164,0.0,0.0
노경은,SSG,2025,2025-07-04,@ NC,RP,H,0.0,0.0,1.0,11,0,0,0,0,2,0,0,,Away,창원 NC 파크,18:30,30.2,False,1,1,187cm,100kg,1984,8.8,33.1,0.0,8.1,21.0,0.0,0.0,28.2,0.7,0.0,0.235,0.236,0.0,0.4,0.278,0.0,0.0,0.164,0.0,0.0
노경은,SSG,2025,2025-07-08,vs. KT,RP,W,0.0,1.0,1.0,17,0,0,1,0,0,0,0,,Home,인천 SSG 랜더스필드,18:30,34.9,False,3,1,187cm,100kg,1984,8.8,33.1,0.0,8.1,21.0,0.0,0.0,28.2,0.7,0.0,0.235,0.236,0.0,0.4,0.278,0.0,0.0,0.164,0.0,0.0
노경은,SSG,2025,2025-07-10,vs. KT,RP,L,18.0,2.0,1.0,25,2,2,2,0,0,0,0,,Home,인천 SSG 랜더스필드,18:30,33.4,False,1,1,187cm,100kg,1984,8.8,33.1,0.0,8.1,21.0,0.0,0.0,28.2,0.7,0.0,0.235,0.236,0.0,0.4,0.278,0.0,0.0,0.164,0.0,0.0
로건,NC,2025,2025-03-28,vs. LG,SP,,3.0,1.33,6.0,106,2,2,6,1,5,2,1,54.0,Home,창원 NC 파크,18:30,12.2,False,0,1,186cm,105kg,1997,,,,,,,,,,,,,,,,,,,,
로건,NC,2025,2025-04-04,@ Kiwoom,SP,L,5.68,1.42,6.333333333,115,4,4,5,0,7,4,0,50.0,Away,고척 스카이돔,18:30,25.5,False,6,1,186cm,105kg,1997,,,,,,,,,,,,,,,,,,,,
로건,NC,2025,2025-04-09,@ KT,SP,L,3.0,1.17,6.0,84,2,2,5,1,3,2,1,54.0,Away,수원 KT 위즈파크,18:30,14.1,False,4,1,186cm,105kg,1997,,,,,,,,,,,,,,,,,,,,
로건,NC,2025,2025-04-18,@ Hanwha,SP,L,18.0,3.0,2.0,64,6,4,4,0,2,2,2,26.0,Away,대전 한화생명 볼파크,18:30,24.9,False,8,1,186cm,105kg,1997,,,,,,,,,,,,,,,,,,,,
로건,NC,2025,2025-04-23,@ LG,SP,L,2.08,2.08,4.333333333,99,1,1,5,0,6,4,1,50.0,Away,잠실 야구장,18:30,21.9,False,4,1,186cm,105kg,1997,,,,,,,,,,,,,,,,,,,,
로건,NC,2025,2025-04-29,@ Kia,SP,L,9.0,2.2,5.0,101,5,5,7,0,2,4,0,31.0,Away,광주 기아 챔피언스 필드,18:30,21.6,False,5,1,186cm,105kg,1997,,,,,,,,,,,,,,,,,,,,
로건,NC,2025,2025-05-05,@ KT,SP,W,0.0,0.71,7.0,95,0,0,3,0,3,2,0,72.0,Away,수원 KT 위즈파크,14:00,15.5,False,5,1,186cm,105kg,1997,,,,,,,,,,,,,,,,,,,,
로건,NC,2025,2025-05-11,@ Doosan,SP,W,1.8,1.4,5.0,93,4,1,4,0,0,3,0,46.0,Away,잠실 야구장,14:00,19.0,False,5,1,186cm,105kg,1997,,,,,,,,,,,,,,,,,,,,
로건,NC,2025,2025-05-17,vs. Kiwoom,SP,,0.0,0.83,6.0,99,1,0,4,0,5,1,0,66.0,Home,창원 NC 파크,17:00,22.5,False,5,1,186cm,105kg,1997,,,,,,,,,,,,,,,,,,,,
로건,NC,2025,2025-05-23,@ Doosan,SP,,1.29,1.29,7.0,104,1,1,7,0,6,2,0,63.0,Away,잠실 야구장,18:30,21.1,False,5,1,186cm,105kg,1997,,,,,,,,,,,,,,,,,,,,
로건,NC,2025,2025-05-29,@ SSG,SP,L,9.64,2.14,4.666666667,97,6,5,7,0,1,3,1,25.0,Away,인천 SSG 랜더스필드,18:30,23.1,False,5,1,186cm,105kg,1997,,,,,,,,,,,,,,,,,,,,
로건,NC,2025,2025-06-04,vs. LG,SP,W,3.0,1.67,6.0,113,2,2,6,0,6,4,0,54.0,Home,창원 NC 파크,18:30,23.8,False,5,1,186cm,105kg,1997,,,,,,,,,,,,,,,,,,,,
로건,NC,2025,2025-06-10,@ Kiwoom,SP,,3.0,1.5,6.0,96,2,2,8,1,3,1,0,50.0,Away,고척 스카이돔,18:30,25.5,False,5,1,186cm,105kg,1997,,,,,,,,,,,,,,,,,,,,
로건,NC,2025,2025-06-15,vs. Kia,SP,L,4.5,1.33,6.0,104,3,3,7,1,10,1,0,55.0,Home,창원 NC 파크,17:00,28.6,False,4,1,186cm,105kg,1997,,,,,,,,,,,,,,,,,,,,
로건,NC,2025,2025-06-22,@ KT,SP,W,0.0,1.0,7.0,108,0,0,3,0,6,4,0,73.0,Away,수원 KT 위즈파크,17:00,26.8,False,6,1,186cm,105kg,1997,,,,,,,,,,,,,,,,,,,,
로건,NC,2025,2025-06-28,vs. Doosan,SP,W,0.0,0.5,8.0,104,1,0,3,0,8,1,0,81.0,Home,창원 NC 파크,17:00,30.9,False,5,1,186cm,105kg,1997,,,,,,,,,,,,,,,,,,,,
로건,NC,2025,2025-07-04,vs. SSG,SP,L,1.29,0.71,7.0,102,1,1,3,0,5,2,0,70.0,Home,창원 NC 파크,18:30,30.2,False,5,1,186cm,105kg,1997,,,,,,,,,,,,,,,,,,,,
로건,NC,2025,2025-07-10,vs. Samsung,SP,,7.2,2.2,5.0,115,4,4,9,2,6,2,1,36.0,Home,창원 NC 파크,18:30,30.5,False,5,1,186cm,105kg,1997,,,,,,,,,,,,,,,,,,,,
로그,두산,2025,2025-03-23,@ SSG,SP,L,6.0,1.5,6.0,89,4,4,7,0,5,2,0,45.0,Away,인천 SSG 랜더스필드,14:00,18.1,False,0,1,183cm,84kg,1996,25.0,28.1,13.9,0.0,20.4,12.2,0.0,0.0,0.0,0.0,0.236,0.194,0.319,0.0,0.117,0.286,0.0,0.0,0.0,0.0
로그,두산,2025,2025-03-29,vs. Samsung,SP,L,6.0,1.33,6.0,102,4,4,5,0,8,3,0,51.0,Home,잠실 야구장,17:00,1.5,False,5,1,183cm,84kg,1996,25.0,28.1,13.9,0.0,20.4,12.2,0.0,0.0,0.0,0.0,0.236,0.194,0.319,0.0,0.117,0.286,0.0,0.0,0.0,0.0
로그,두산,2025,2025-04-04,@ Lotte,SP,W,4.5,1.5,6.0,104,3,3,7,0,6,2,0,50.0,Away,사직 야구장,18:30,12.3,False,5,1,183cm,84kg,1996,25.0,28.1,13.9,0.0,20.4,12.2,0.0,0.0,0.0,0.0,0.236,0.194,0.319,0.0,0.117,0.286,0.0,0.0,0.0,0.0
로그,두산,2025,2025-04-10,vs. Hanwha,SP,L,6.35,1.41,5.666666667,97,4,4,6,0,7,2,0,46.0,Home,잠실 야구장,18:30,15.8,False,5,1,183cm,84kg,1996,25.0,28.1,13.9,0.0,20.4,12.2,0.0,0.0,0.0,0.0,0.236,0.194,0.319,0.0,0.117,0.286,0.0,0.0,0.0,0.0
로그,두산,2025,2025-04-20,vs. Kia,SP,,0.0,1.0,5.0,86,0,0,2,0,4,3,0,64.0,Home,잠실 야구장,14:00,22.5,False,9,1,183cm,84kg,1996,25.0,28.1,13.9,0.0,20.4,12.2,0.0,0.0,0.0,0.0,0.236,0.194,0.319,0.0,0.117,0.286,0.0,0.0,0.0,0.0
로그,두산,2025,2025-04-26,vs. Lotte,SP,,2.57,1.14,7.0,93,2,2,7,0,10,1,0,64.0,Home,잠실 야구장,17:00,17.8,False,5,1,183cm,84kg,1996,25.0,28.1,13.9,0.0,20.4,12.2,0.0,0.0,0.0,0.0,0.236,0.194,0.319,0.0,0.117,0.286,0.0,0.0,0.0,0.0
로그,두산,2025,2025-05-02,@ Samsung,SP,,0.0,0.5,6.0,82,1,0,2,0,2,1,2,65.0,Away,대구 삼성 라이온즈 파크,18:30,19.1,False,5,1,183cm,84kg,1996,25.0,28.1,13.9,0.0,20.4,12.2,0.0,0.0,0.0,0.0,0.236,0.194,0.319,0.0,0.117,0.286,0.0,0.0,0.0,0.0
로그,두산,2025,2025-05-07,vs. LG,SP,W,2.57,0.86,7.0,96,2,2,5,0,7,1,0,65.0,Home,잠실 야구장,18:30,18.1,False,4,1,183cm,84kg,1996,25.0,28.1,13.9,0.0,20.4,12.2,0.0,0.0,0.0,0.0,0.236,0.194,0.319,0.0,0.117,0.286,0.0,0.0,0.0,0.0
로그,두산,2025,2025-05-14,@ Hanwha,SP,,0.0,0.6,3.333333333,54,0,0,2,0,5,0,0,61.0,Away,대전 한화생명 볼파크,18:30,26.4,False,6,1,183cm,84kg,1996,25.0,28.1,13.9,0.0,20.4,12.2,0.0,0.0,0.0,0.0,0.236,0.194,0.319,0.0,0.117,0.286,0.0,0.0,0.0,0.0
로그,두산,2025,2025-05-20,vs. SSG,SP,L,2.57,0.86,7.0,100,4,2,4,0,5,2,1,59.0,Home,잠실 야구장,18:30,25.2,False,5,1,183cm,84kg,1996,25.0,28.1,13.9,0.0,20.4,12.2,0.0,0.0,0.0,0.0,0.236,0.194,0.319,0.0,0.117,0.286,0.0,0.0,0.0,0.0
로그,두산,2025,2025-05-25,vs. NC,SP,W,4.5,1.17,6.0,92,3,3,5,0,6,2,2,52.0,Home,잠실 야구장,14:00,22.3,False,4,1,183cm,84kg,1996,25.0,28.1,13.9,0.0,20.4,12.2,0.0,0.0,0.0,0.0,0.236,0.194,0.319,0.0,0.117,0.286,0.0,0.0,0.0,0.0
로그,두산,2025,2025-05-31,@ Kiwoom,SP,L,1.29,0.43,7.0,91,1,1,2,1,7,1,0,75.0,Away,고척 스카이돔,17:00,25.5,False,5,1,183cm,84kg,1996,25.0,28.1,13.9,0.0,20.4,12.2,0.0,0.0,0.0,0.0,0.236,0.194,0.319,0.0,0.117,0.286,0.0,0.0,0.0,0.0
로그,두산,2025,2025-06-06,vs. Lotte,SP,W,0.0,0.33,6.0,90,0,0,2,0,4,0,1,71.0,Home,잠실 야구장,18:30,25.4,False,5,1,183cm,84kg,1996,25.0,28.1,13.9,0.0,20.4,12.2,0.0,0.0,0.0,0.0,0.236,0.194,0.319,0.0,0.117,0.286,0.0,0.0,0.0,0.0
로그,두산,2025,2025-06-12,@ Hanwha,SP,L,4.05,1.05,6.666666667,86,3,3,7,1,2,0,3,47.0,Away,대전 한화생명 볼파크,18:30,27.0,False,5,1,183cm,84kg,1996,25.0,28.1,13.9,0.0,20.4,12.2,0.0,0.0,0.0,0.0,0.236,0.194,0.319,0.0,0.117,0.286,0.0,0.0,0.0,0.0
로그,두산,2025,2025-06-19,@ Samsung,SP,,12.6,1.8,5.0,101,7,7,6,2,6,3,1,29.0,Away,대구 삼성 라이온즈 파크,18:30,27.6,False,6,1,183cm,84kg,1996,25.0,28.1,13.9,0.0,20.4,12.2,0.0,0.0,0.0,0.0,0.236,0.194,0.319,0.0,0.117,0.286,0.0,0.0,0.0,0.0
로그,두산,2025,2025-06-28,@ NC,SP,,1.29,1.0,7.0,97,1,1,6,1,4,1,0,64.0,Away,창원 NC 파크,17:00,30.9,False,8,1,183cm,84kg,1996,25.0,28.1,13.9,0.0,20.4,12.2,0.0,0.0,0.0,0.0,0.236,0.194,0.319,0.0,0.117,0.286,0.0,0.0,0.0,0.0
로그,두산,2025,2025-07-04,vs. KT,SP,L,6.75,2.25,4.0,80,5,3,5,0,1,4,0,33.0,Home,잠실 야구장,18:30,30.1,False,5,1,183cm,84kg,1996,25.0,28.1,13.9,0.0,20.4,12.2,0.0,0.0,0.0,0.0,0.236,0.194,0.319,0.0,0.117,0.286,0.0,0.0,0.0,0.0
로그,두산,2025,2025-07-10,@ Lotte,SP,W,0.0,0.88,8.0,91,0,0,4,0,3,3,0,74.0,Away,사직 야구장,18:30,29.2,False,5,1,183cm,84kg,1996,25.0,28.1,13.9,0.0,20.4,12.2,0.0,0.0,0.0,0.0,0.236,0.194,0.319,0.0,0.117,0.286,0.0,0.0,0.0,0.0
류진욱,NC,2025,2025-03-23,@ Kia,RP,SV,9.0,1.0,1.0,15,1,1,1,1,1,0,0,,Away,광주 기아 챔피언스 필드,14:00,23.6,False,0,1,189cm,88kg,1996,0.0,58.3,0.0,0.0,16.4,0.0,0.0,25.2,0.0,0.0,0.0,0.291,0.0,0.0,0.115,0.0,0.0,0.185,0.0,0.0
류진욱,NC,2025,2025-03-26,@ Samsung,RP,,18.0,2.0,1.0,20,2,2,2,1,0,0,0,,Away,대구 삼성 라이온즈 파크,18:30,16.0,False,2,1,189cm,88kg,1996,0.0,58.3,0.0,0.0,16.4,0.0,0.0,25.2,0.0,0.0,0.0,0.291,0.0,0.0,0.115,0.0,0.0,0.185,0.0,0.0
류진욱,NC,2025,2025-03-28,vs. LG,RP,,9.0,3.0,1.0,22,3,1,2,0,1,1,0,,Home,창원 NC 파크,18:30,12.2,False,1,1,189cm,88kg,1996,0.0,58.3,0.0,0.0,16.4,0.0,0.0,25.2,0.0,0.0,0.0,0.291,0.0,0.0,0.115,0.0,0.0,0.185,0.0,0.0
류진욱,NC,2025,2025-04-05,@ Kiwoom,RP,SV,0.0,0.0,1.0,11,0,0,0,0,0,0,1,,Away,고척 스카이돔,17:00,25.5,False,7,1,189cm,88kg,1996,0.0,58.3,0.0,0.0,16.4,0.0,0.0,25.2,0.0,0.0,0.0,0.291,0.0,0.0,0.115,0.0,0.0,0.185,0.0,0.0
류진욱,NC,2025,2025-04-11,vs. Lotte,RP,,9.0,2.0,1.0,15,1,1,1,0,0,1,0,,Home,창원 NC 파크,18:30,15.6,False,5,1,189cm,88kg,1996,0.0,58.3,0.0,0.0,16.4,0.0,0.0,25.2,0.0,0.0,0.0,0.291,0.0,0.0,0.115,0.0,0.0,0.185,0.0,0.0
류진욱,NC,2025,2025-04-13,vs. Lotte,RP,SV,0.0,0.75,1.333333333,19,0,0,1,0,2,0,0,,Home,창원 NC 파크,14:00,12.3,False,1,1,189cm,88kg,1996,0.0,58.3,0.0,0.0,16.4,0.0,0.0,25.2,0.0,0.0,0.0,0.291,0.0,0.0,0.115,0.0,0.0,0.185,0.0,0.0
류진욱,NC,2025,2025-04-20,@ Hanwha,RP,,0.0,3.0,0.666666667,19,0,0,1,0,0,1,0,,Away,대전 한화생명 볼파크,14:00,21.5,False,6,1,189cm,88kg,1996,0.0,58.3,0.0,0.0,16.4,0.0,0.0,25.2,0.0,0.0,0.0,0.291,0.0,0.0,0.115,0.0,0.0,0.185,0.0,0.0
류진욱,NC,2025,2025-04-22,@ LG,RP,W,9.0,3.0,1.0,25,1,1,2,1,1,1,0,,Away,잠실 야구장,18:30,17.5,False,1,1,189cm,88kg,1996,0.0,58.3,0.0,0.0,16.4,0.0,0.0,25.2,0.0,0.0,0.0,0.291,0.0,0.0,0.115,0.0,0.0,0.185,0.0,0.0
류진욱,NC,2025,2025-04-24,@ LG,RP,SV,0.0,1.0,1.0,13,0,0,1,0,1,0,0,,Away,잠실 야구장,18:30,17.0,False,1,1,189cm,88kg,1996,0.0,58.3,0.0,0.0,16.4,0.0,0.0,25.2,0.0,0.0,0.0,0.291,0.0,0.0,0.115,0.0,0.0,0.185,0.0,0.0
류진욱,NC,2025,2025-04-30,@ Kia,RP,,0.0,0.0,1.0,6,0,0,0,0,0,0,0,,Away,광주 기아 챔피언스 필드,18:30,23.0,False,5,1,189cm,88kg,1996,0.0,58.3,0.0,0.0,16.4,0.0,0.0,25.2,0.0,0.0,0.0,0.291,0.0,0.0,0.115,0.0,0.0,0.185,0.0,0.0
류진욱,NC,2025,2025-05-03,@ Lotte,RP,,0.0,0.0,1.0,12,0,0,0,0,0,0,0,,Away,사직 야구장,17:00,12.9,False,2,1,189cm,88kg,1996,0.0,58.3,0.0,0.0,16.4,0.0,0.0,25.2,0.0,0.0,0.0,0.291,0.0,0.0,0.115,0.0,0.0,0.185,0.0,0.0
류진욱,NC,2025,2025-05-04,@ Lotte,RP,SV,0.0,0.0,1.0,11,0,0,0,0,1,0,0,,Away,사직 야구장,14:00,20.7,True,0,2,189cm,88kg,1996,0.0,58.3,0.0,0.0,16.4,0.0,0.0,25.2,0.0,0.0,0.0,0.291,0.0,0.0,0.115,0.0,0.0,0.185,0.0,0.0
류진욱,NC,2025,2025-05-06,@ KT,RP,SV,0.0,0.75,1.333333333,13,0,0,1,0,0,0,0,,Away,수원 KT 위즈파크,18:30,16.1,False,1,1,189cm,88kg,1996,0.0,58.3,0.0,0.0,16.4,0.0,0.0,25.2,0.0,0.0,0.0,0.291,0.0,0.0,0.115,0.0,0.0,0.185,0.0,0.0
류진욱,NC,2025,2025-05-10,@ Doosan,RP,,5.4,1.8,1.666666667,28,1,1,1,1,0,2,0,,Away,잠실 야구장,17:00,11.9,False,3,1,189cm,88kg,1996,0.0,58.3,0.0,0.0,16.4,0.0,0.0,25.2,0.0,0.0,0.0,0.291,0.0,0.0,0.115,0.0,0.0,0.185,0.0,0.0
류진욱,NC,2025,2025-05-11,@ Doosan,RP,SV,0.0,2.0,1.0,20,0,0,1,0,2,1,0,,Away,잠실 야구장,14:00,19.0,True,0,2,189cm,88kg,1996,0.0,58.3,0.0,0.0,16.4,0.0,0.0,25.2,0.0,0.0,0.0,0.291,0.0,0.0,0.115,0.0,0.0,0.185,0.0,0.0
류진욱,NC,2025,2025-05-14,@ SSG,RP,SV,0.0,1.0,1.0,14,0,0,1,0,1,0,0,,Away,인천 SSG 랜더스필드,18:30,22.2,False,2,1,189cm,88kg,1996,0.0,58.3,0.0,0.0,16.4,0.0,0.0,25.2,0.0,0.0,0.0,0.291,0.0,0.0,0.115,0.0,0.0,0.185,0.0,0.0
류진욱,NC,2025,2025-05-17,vs. Kiwoom,RP,SV,0.0,0.0,1.0,11,0,0,0,0,3,0,0,,Home,창원 NC 파크,17:00,22.5,False,2,1,189cm,88kg,1996,0.0,58.3,0.0,0.0,16.4,0.0,0.0,25.2,0.0,0.0,0.0,0.291,0.0,0.0,0.115,0.0,0.0,0.185,0.0,0.0
류진욱,NC,2025,2025-05-18,vs. Kiwoom,RP,,0.0,0.0,1.0,9,0,0,0,0,0,0,0,,Home,창원 NC 파크,14:00,20.6,True,0,2,189cm,88kg,1996,0.0,58.3,0.0,0.0,16.4,0.0,0.0,25.2,0.0,0.0,0.0,0.291,0.0,0.0,0.115,0.0,0.0,0.185,0.0,0.0
류진욱,NC,2025,2025-05-21,vs. Hanwha,RP,SV,0.0,2.0,1.0,20,0,0,2,0,1,0,0,,Home,창원 NC 파크,18:30,23.5,False,2,1,189cm,88kg,1996,0.0,58.3,0.0,0.0,16.4,0.0,0.0,25.2,0.0,0.0,0.0,0.291,0.0,0.0,0.115,0.0,0.0,0.185,0.0,0.0
류진욱,NC,2025,2025-05-22,vs. Hanwha,RP,SV,0.0,0.0,1.0,12,0,0,0,0,2,0,0,,Home,창원 NC 파크,18:30,18.4,True,0,2,189cm,88kg,1996,0.0,58.3,0.0,0.0,16.4,0.0,0.0,25.2,0.0,0.0,0.0,0.291,0.0,0.0,0.115,0.0,0.0,0.185,0.0,0.0
류진욱,NC,2025,2025-05-24,@ Doosan,RP,,0.0,2.0,1.0,18,0,0,1,0,1,1,0,,Away,잠실 야구장,17:00,18.9,False,1,1,189cm,88kg,1996,0.0,58.3,0.0,0.0,16.4,0.0,0.0,25.2,0.0,0.0,0.0,0.291,0.0,0.0,0.115,0.0,0.0,0.185,0.0,0.0
류진욱,NC,2025,2025-05-27,@ SSG,RP,,0.0,2.0,1.0,20,0,0,1,0,1,1,0,,Away,인천 SSG 랜더스필드,18:30,20.6,False,2,1,189cm,88kg,1996,0.0,58.3,0.0,0.0,16.4,0.0,0.0,25.2,0.0,0.0,0.0,0.291,0.0,0.0,0.115,0.0,0.0,0.185,0.0,0.0
류진욱,NC,2025,2025-05-31,vs. Hanwha,RP,L,0.0,,0.0,24,5,5,3,0,0,2,0,,Home,창원 NC 파크,17:00,26.8,False,3,1,189cm,88kg,1996,0.0,58.3,0.0,0.0,16.4,0.0,0.0,25.2,0.0,0.0,0.0,0.291,0.0,0.0,0.115,0.0,0.0,0.185,0.0,0.0
류진욱,NC,2025,2025-06-04,vs. LG,RP,SV,9.0,2.0,1.0,24,1,1,1,1,2,1,0,,Home,창원 NC 파크,18:30,23.8,False,3,1,189cm,88kg,1996,0.0,58.3,0.0,0.0,16.4,0.0,0.0,25.2,0.0,0.0,0.0,0.291,0.0,0.0,0.115,0.0,0.0,0.185,0.0,0.0
류진욱,NC,2025,2025-06-07,@ Samsung,RP,,0.0,2.0,1.0,20,0,0,2,0,1,0,0,,Away,대구 삼성 라이온즈 파크,17:00,23.6,False,2,1,189cm,88kg,1996,0.0,58.3,0.0,0.0,16.4,0.0,0.0,25.2,0.0,0.0,0.0,0.291,0.0,0.0,0.115,0.0,0.0,0.185,0.0,0.0
류진욱,NC,2025,2025-06-10,@ Kiwoom,RP,,0.0,0.0,1.0,15,0,0,0,0,1,0,0,,Away,고척 스카이돔,18:30,25.5,False,2,1,189cm,88kg,1996,0.0,58.3,0.0,0.0,16.4,0.0,0.0,25.2,0.0,0.0,0.0,0.291,0.0,0.0,0.115,0.0,0.0,0.185,0.0,0.0
류진욱,NC,2025,2025-06-12,@ Kiwoom,RP,W,0.0,0.5,2.0,33,0,0,1,0,2,0,0,,Away,고척 스카이돔,18:30,25.5,False,1,1,189cm,88kg,1996,0.0,58.3,0.0,0.0,16.4,0.0,0.0,25.2,0.0,0.0,0.0,0.291,0.0,0.0,0.115,0.0,0.0,0.185,0.0,0.0
류진욱,NC,2025,2025-06-15,vs. Kia,RP,,0.0,0.0,1.0,13,0,0,0,0,2,0,0,,Home,창원 NC 파크,17:00,28.6,False,2,1,189cm,88kg,1996,0.0,58.3,0.0,0.0,16.4,0.0,0.0,25.2,0.0,0.0,0.0,0.291,0.0,0.0,0.115,0.0,0.0,0.185,0.0,0.0
류진욱,NC,2025,2025-06-17,@ LG,RP,,0.0,0.0,1.0,11,0,0,0,0,1,0,0,,Away,잠실 야구장,18:30,28.6,False,1,1,189cm,88kg,1996,0.0,58.3,0.0,0.0,16.4,0.0,0.0,25.2,0.0,0.0,0.0,0.291,0.0,0.0,0.115,0.0,0.0,0.185,0.0,0.0
류진욱,NC,2025,2025-06-18,@ LG,RP,L,13.5,3.0,0.666666667,18,1,1,1,0,0,1,0,,Away,잠실 야구장,18:30,28.4,True,0,2,189cm,88kg,1996,0.0,58.3,0.0,0.0,16.4,0.0,0.0,25.2,0.0,0.0,0.0,0.291,0.0,0.0,0.115,0.0,0.0,0.185,0.0,0.0
류진욱,NC,2025,2025-06-19,@ LG,RP,SV,0.0,1.0,1.0,8,0,0,1,0,0,0,0,,Away,잠실 야구장,18:30,30.9,True,0,3,189cm,88kg,1996,0.0,58.3,0.0,0.0,16.4,0.0,0.0,25.2,0.0,0.0,0.0,0.291,0.0,0.0,0.115,0.0,0.0,0.185,0.0,0.0
류진욱,NC,2025,2025-06-21,@ KT,RP,,0.0,,0.0,1,1,1,0,0,0,0,1,,Away,수원 KT 위즈파크,17:00,24.3,False,1,1,189cm,88kg,1996,0.0,58.3,0.0,0.0,16.4,0.0,0.0,25.2,0.0,0.0,0.0,0.291,0.0,0.0,0.115,0.0,0.0,0.185,0.0,0.0
류진욱,NC,2025,2025-06-22,@ KT,RP,SV,0.0,0.0,1.0,17,0,0,0,0,1,0,0,,Away,수원 KT 위즈파크,17:00,26.8,True,0,2,189cm,88kg,1996,0.0,58.3,0.0,0.0,16.4,0.0,0.0,25.2,0.0,0.0,0.0,0.291,0.0,0.0,0.115,0.0,0.0,0.185,0.0,0.0
류진욱,NC,2025,2025-06-25,vs. Lotte,RP,,0.0,0.0,1.0,9,0,0,0,0,0,0,0,,Home,창원 NC 파크,18:30,25.2,False,2,1,189cm,88kg,1996,0.0,58.3,0.0,0.0,16.4,0.0,0.0,25.2,0.0,0.0,0.0,0.291,0.0,0.0,0.115,0.0,0.0,0.185,0.0,0.0
류진욱,NC,2025,2025-06-27,vs. Doosan,RP,SV,0.0,0.0,1.0,8,0,0,0,0,0,0,0,,Home,창원 NC 파크,18:30,29.0,False,1,1,189cm,88kg,1996,0.0,58.3,0.0,0.0,16.4,0.0,0.0,25.2,0.0,0.0,0.0,0.291,0.0,0.0,0.115,0.0,0.0,0.185,0.0,0.0
류진욱,NC,2025,2025-06-28,vs. Doosan,RP,SV,0.0,1.0,1.0,6,0,0,1,0,1,0,0,,Home,창원 NC 파크,17:00,30.9,True,0,2,189cm,88kg,1996,0.0,58.3,0.0,0.0,16.4,0.0,0.0,25.2,0.0,0.0,0.0,0.291,0.0,0.0,0.115,0.0,0.0,0.185,0.0,0.0
류진욱,NC,2025,2025-06-29,vs. Doosan,RP,,27.0,4.5,0.666666667,18,2,2,2,0,0,1,0,,Home,창원 NC 파크,17:00,31.6,True,0,3,189cm,88kg,1996,0.0,58.3,0.0,0.0,16.4,0.0,0.0,25.2,0.0,0.0,0.0,0.291,0.0,0.0,0.115,0.0,0.0,0.185,0.0,0.0
류진욱,NC,2025,2025-07-02,@ Hanwha,RP,SV,0.0,0.0,1.333333333,11,0,0,0,0,0,0,1,,Away,대전 한화생명 볼파크,18:30,32.4,False,2,1,189cm,88kg,1996,0.0,58.3,0.0,0.0,16.4,0.0,0.0,25.2,0.0,0.0,0.0,0.291,0.0,0.0,0.115,0.0,0.0,0.185,0.0,0.0
류진욱,NC,2025,2025-07-03,@ Hanwha,RP,,0.0,2.0,2.0,29,1,0,2,0,0,2,0,,Away,대전 한화생명 볼파크,18:30,32.0,True,0,2,189cm,88kg,1996,0.0,58.3,0.0,0.0,16.4,0.0,0.0,25.2,0.0,0.0,0.0,0.291,0.0,0.0,0.115,0.0,0.0,0.185,0.0,0.0
류진욱,NC,2025,2025-07-06,vs. SSG,RP,SV,0.0,0.0,0.666666667,10,0,0,0,0,1,0,0,,Home,창원 NC 파크,17:00,32.8,False,2,1,189cm,88kg,1996,0.0,58.3,0.0,0.0,16.4,0.0,0.0,25.2,0.0,0.0,0.0,0.291,0.0,0.0,0.115,0.0,0.0,0.185,0.0,0.0
류진욱,NC,2025,2025-07-08,vs. Samsung,RP,SV,18.0,3.0,1.0,31,2,2,1,0,2,2,0,,Home,창원 NC 파크,18:30,32.8,False,1,1,189cm,88kg,1996,0.0,58.3,0.0,0.0,16.4,0.0,0.0,25.2,0.0,0.0,0.0,0.291,0.0,0.0,0.115,0.0,0.0,0.185,0.0,0.0
류진욱,NC,2025,2025-07-10,vs. Samsung,RP,W,0.0,1.2,1.666666667,32,0,0,2,0,1,0,0,,Home,창원 NC 파크,18:30,30.5,False,1,1,189cm,88kg,1996,0.0,58.3,0.0,0.0,16.4,0.0,0.0,25.2,0.0,0.0,0.0,0.291,0.0,0.0,0.115,0.0,0.0,0.185,0.0,0.0
박명근,LG,2025,2025-03-27,vs. Hanwha,RP,W,0.0,1.0,1.0,11,0,0,0,0,0,1,0,,Home,잠실 야구장,18:30,13.6,False,0,1,174cm,75kg,2004,0.0,57.6,0.0,21.4,0.0,20.8,0.0,0.0,0.0,0.0,0.0,0.254,0.0,0.176,0.0,0.273,0.0,0.0,0.0,0.0
박명근,LG,2025,2025-04-03,@ KT,RP,SV,0.0,0.0,1.333333333,14,0,0,0,0,0,0,0,,Away,수원 KT 위즈파크,18:30,12.2,False,6,1,174cm,75kg,2004,0.0,57.6,0.0,21.4,0.0,20.8,0.0,0.0,0.0,0.0,0.0,0.254,0.0,0.176,0.0,0.273,0.0,0.0,0.0,0.0
박명근,LG,2025,2025-04-06,vs. Kia,RP,,0.0,1.0,1.0,15,0,0,1,0,1,0,0,,Home,잠실 야구장,14:00,15.2,False,2,1,174cm,75kg,2004,0.0,57.6,0.0,21.4,0.0,20.8,0.0,0.0,0.0,0.0,0.0,0.254,0.0,0.176,0.0,0.273,0.0,0.0,0.0,0.0
박명근,LG,2025,2025-04-11,vs. Doosan,RP,H,0.0,0.0,1.0,13,0,0,0,0,2,0,0,,Home,잠실 야구장,18:30,21.7,False,4,1,174cm,75kg,2004,0.0,57.6,0.0,21.4,0.0,20.8,0.0,0.0,0.0,0.0,0.0,0.254,0.0,0.176,0.0,0.273,0.0,0.0,0.0,0.0
박명근,LG,2025,2025-04-12,vs. Doosan,RP,H,0.0,6.0,0.333333333,14,0,0,1,0,1,1,0,,Home,잠실 야구장,17:00,17.1,True,0,2,174cm,75kg,2004,0.0,57.6,0.0,21.4,0.0,20.8,0.0,0.0,0.0,0.0,0.0,0.254,0.0,0.176,0.0,0.273,0.0,0.0,0.0,0.0
박명근,LG,2025,2025-04-15,vs. Samsung,RP,H,0.0,0.0,1.0,8,0,0,0,0,1,0,0,,Home,잠실 야구장,18:30,11.5,False,2,1,174cm,75kg,2004,0.0,57.6,0.0,21.4,0.0,20.8,0.0,0.0,0.0,0.0,0.0,0.254,0.0,0.176,0.0,0.273,0.0,0.0,0.0,0.0
박명근,LG,2025,2025-04-18,@ SSG,RP,,0.0,1.0,1.0,13,0,0,1,0,1,0,0,,Away,인천 SSG 랜더스필드,18:30,17.3,False,2,1,174cm,75kg,2004,0.0,57.6,0.0,21.4,0.0,20.8,0.0,0.0,0.0,0.0,0.0,0.254,0.0,0.176,0.0,0.273,0.0,0.0,0.0,0.0
박명근,LG,2025,2025-04-23,vs. NC,RP,H,0.0,0.0,1.0,12,0,0,0,0,1,0,0,,Home,잠실 야구장,18:30,21.9,False,4,1,174cm,75kg,2004,0.0,57.6,0.0,21.4,0.0,20.8,0.0,0.0,0.0,0.0,0.0,0.254,0.0,0.176,0.0,0.273,0.0,0.0,0.0,0.0
박명근,LG,2025,2025-04-25,@ Kia,RP,H,0.0,1.0,1.0,18,0,0,1,0,1,0,0,,Away,광주 기아 챔피언스 필드,18:30,16.2,False,1,1,174cm,75kg,2004,0.0,57.6,0.0,21.4,0.0,20.8,0.0,0.0,0.0,0.0,0.0,0.254,0.0,0.176,0.0,0.273,0.0,0.0,0.0,0.0
박명근,LG,2025,2025-04-27,@ Kia,RP,,0.0,0.0,0.666666667,5,0,0,0,0,0,0,0,,Away,광주 기아 챔피언스 필드,14:00,24.1,False,1,1,174cm,75kg,2004,0.0,57.6,0.0,21.4,0.0,20.8,0.0,0.0,0.0,0.0,0.0,0.254,0.0,0.176,0.0,0.273,0.0,0.0,0.0,0.0
박명근,LG,2025,2025-04-29,@ Hanwha,RP,,0.0,0.0,1.0,15,0,0,0,0,0,0,0,,Away,대전 한화생명 볼파크,18:30,20.2,False,1,1,174cm,75kg,2004,0.0,57.6,0.0,21.4,0.0,20.8,0.0,0.0,0.0,0.0,0.0,0.254,0.0,0.176,0.0,0.273,0.0,0.0,0.0,0.0
박명근,LG,2025,2025-05-02,vs. SSG,RP,,0.0,0.6,1.666666667,29,0,0,0,0,1,1,1,,Home,잠실 야구장,18:30,16.2,False,2,1,174cm,75kg,2004,0.0,57.6,0.0,21.4,0.0,20.8,0.0,0.0,0.0,0.0,0.0,0.254,0.0,0.176,0.0,0.273,0.0,0.0,0.0,0.0
박명근,LG,2025,2025-05-07,@ Doosan,RP,L,0.0,,0.0,12,4,4,3,0,0,1,0,,Away,잠실 야구장,18:30,18.1,False,4,1,174cm,75kg,2004,0.0,57.6,0.0,21.4,0.0,20.8,0.0,0.0,0.0,0.0,0.0,0.254,0.0,0.176,0.0,0.273,0.0,0.0,0.0,0.0
박명근,LG,2025,2025-05-10,@ Samsung,RP,H,9.0,1.0,1.0,21,1,1,1,1,2,0,0,,Away,대구 삼성 라이온즈 파크,17:00,17.6,False,2,1,174cm,75kg,2004,0.0,57.6,0.0,21.4,0.0,20.8,0.0,0.0,0.0,0.0,0.0,0.254,0.0,0.176,0.0,0.273,0.0,0.0,0.0,0.0
박명근,LG,2025,2025-05-11,@ Samsung,RP,W,0.0,0.0,1.0,13,0,0,0,0,2,0,0,,Away,대구 삼성 라이온즈 파크,14:00,17.9,True,0,2,174cm,75kg,2004,0.0,57.6,0.0,21.4,0.0,20.8,0.0,0.0,0.0,0.0,0.0,0.254,0.0,0.176,0.0,0.273,0.0,0.0,0.0,0.0
박명근,LG,2025,2025-05-13,vs. Kiwoom,RP,SV,0.0,2.0,1.0,22,0,0,2,0,1,0,1,,Home,잠실 야구장,18:30,24.6,False,1,1,174cm,75kg,2004,0.0,57.6,0.0,21.4,0.0,20.8,0.0,0.0,0.0,0.0,0.0,0.254,0.0,0.176,0.0,0.273,0.0,0.0,0.0,0.0
박명근,LG,2025,2025-05-15,vs. Kiwoom,RP,H,0.0,3.0,0.333333333,7,0,0,1,0,1,0,0,,Home,잠실 야구장,18:30,21.7,False,1,1,174cm,75kg,2004,0.0,57.6,0.0,21.4,0.0,20.8,0.0,0.0,0.0,0.0,0.0,0.254,0.0,0.176,0.0,0.273,0.0,0.0,0.0,0.0
박명근,LG,2025,2025-05-17,vs. KT,RP,H,6.75,1.5,1.333333333,22,1,1,2,1,0,0,0,,Home,잠실 야구장,17:00,18.9,False,1,1,174cm,75kg,2004,0.0,57.6,0.0,21.4,0.0,20.8,0.0,0.0,0.0,0.0,0.0,0.254,0.0,0.176,0.0,0.273,0.0,0.0,0.0,0.0
박명근,LG,2025,2025-05-18,vs. KT,RP,H,0.0,0.0,0.666666667,10,0,0,0,0,1,0,0,,Home,잠실 야구장,14:00,20.1,True,0,2,174cm,75kg,2004,0.0,57.6,0.0,21.4,0.0,20.8,0.0,0.0,0.0,0.0,0.0,0.254,0.0,0.176,0.0,0.273,0.0,0.0,0.0,0.0
박명근,LG,2025,2025-05-20,@ Lotte,RP,,0.0,2.0,1.0,22,0,0,1,0,2,1,0,,Away,사직 야구장,18:30,22.4,False,1,1,174cm,75kg,2004,0.0,57.6,0.0,21.4,0.0,20.8,0.0,0.0,0.0,0.0,0.0,0.254,0.0,0.176,0.0,0.273,0.0,0.0,0.0,0.0
박명근,LG,2025,2025-05-21,@ Lotte,RP,,0.0,1.0,1.0,11,0,0,0,0,0,1,1,,Away,사직 야구장,18:30,23.1,True,0,2,174cm,75kg,2004,0.0,57.6,0.0,21.4,0.0,20.8,0.0,0.0,0.0,0.0,0.0,0.254,0.0,0.176,0.0,0.273,0.0,0.0,0.0,0.0
박명근,LG,2025,2025-05-23,@ SSG,RP,SV,9.0,3.0,1.0,27,1,1,3,0,2,0,0,,Away,인천 SSG 랜더스필드,18:30,20.8,False,1,1,174cm,75kg,2004,0.0,57.6,0.0,21.4,0.0,20.8,0.0,0.0,0.0,0.0,0.0,0.254,0.0,0.176,0.0,0.273,0.0,0.0,0.0,0.0
박명근,LG,2025,2025-05-27,vs. Hanwha,RP,SV,0.0,0.0,1.0,11,0,0,0,0,1,0,0,,Home,잠실 야구장,18:30,24.9,False,3,1,174cm,75kg,2004,0.0,57.6,0.0,21.4,0.0,20.8,0.0,0.0,0.0,0.0,0.0,0.254,0.0,0.176,0.0,0.273,0.0,0.0,0.0,0.0
박명근,LG,2025,2025-05-28,vs. Hanwha,RP,L,27.0,3.0,0.666666667,19,2,2,1,1,1,1,0,,Home,잠실 야구장,18:30,23.5,True,0,2,174cm,75kg,2004,0.0,57.6,0.0,21.4,0.0,20.8,0.0,0.0,0.0,0.0,0.0,0.254,0.0,0.176,0.0,0.273,0.0,0.0,0.0,0.0
박명근,LG,2025,2025-06-01,vs. Samsung,RP,L,18.0,2.0,1.0,21,2,2,2,1,1,0,0,,Home,잠실 야구장,17:00,25.6,False,3,1,174cm,75kg,2004,0.0,57.6,0.0,21.4,0.0,20.8,0.0,0.0,0.0,0.0,0.0,0.254,0.0,0.176,0.0,0.273,0.0,0.0,0.0,0.0
박명근,LG,2025,2025-06-05,@ NC,RP,H,0.0,6.0,0.333333333,11,0,0,1,0,0,1,1,,Away,창원 NC 파크,18:30,23.5,False,3,1,174cm,75kg,2004,0.0,57.6,0.0,21.4,0.0,20.8,0.0,0.0,0.0,0.0,0.0,0.254,0.0,0.176,0.0,0.273,0.0,0.0,0.0,0.0
박명근,LG,2025,2025-06-07,@ Kiwoom,RP,,0.0,1.0,1.0,9,0,0,0,0,0,1,0,,Away,고척 스카이돔,17:00,25.5,False,1,1,174cm,75kg,2004,0.0,57.6,0.0,21.4,0.0,20.8,0.0,0.0,0.0,0.0,0.0,0.254,0.0,0.176,0.0,0.273,0.0,0.0,0.0,0.0
박명근,LG,2025,2025-06-11,vs. SSG,RP,W,0.0,0.0,1.0,14,0,0,0,0,1,0,0,,Home,잠실 야구장,18:30,25.8,False,3,1,174cm,75kg,2004,0.0,57.6,0.0,21.4,0.0,20.8,0.0,0.0,0.0,0.0,0.0,0.254,0.0,0.176,0.0,0.273,0.0,0.0,0.0,0.0
박명근,LG,2025,2025-06-12,vs. SSG,RP,,18.0,3.0,1.0,25,2,2,2,0,1,1,0,,Home,잠실 야구장,18:30,29.0,True,0,2,174cm,75kg,2004,0.0,57.6,0.0,21.4,0.0,20.8,0.0,0.0,0.0,0.0,0.0,0.254,0.0,0.176,0.0,0.273,0.0,0.0,0.0,0.0
박명근,LG,2025,2025-06-14,@ Hanwha,RP,,0.0,1.8,1.666666667,21,0,0,3,0,0,0,0,,Away,대전 한화생명 볼파크,17:00,29.9,False,1,1,174cm,75kg,2004,0.0,57.6,0.0,21.4,0.0,20.8,0.0,0.0,0.0,0.0,0.0,0.254,0.0,0.176,0.0,0.273,0.0,0.0,0.0,0.0
박명근,LG,2025,2025-06-17,vs. NC,RP,,27.0,6.0,0.333333333,11,1,1,1,0,1,1,0,,Home,잠실 야구장,18:30,28.6,False,2,1,174cm,75kg,2004,0.0,57.6,0.0,21.4,0.0,20.8,0.0,0.0,0.0,0.0,0.0,0.254,0.0,0.176,0.0,0.273,0.0,0.0,0.0,0.0
박명근,LG,2025,2025-06-19,vs. NC,RP,,0.0,0.0,1.333333333,16,0,0,0,0,0,0,0,,Home,잠실 야구장,18:30,30.9,False,1,1,174cm,75kg,2004,0.0,57.6,0.0,21.4,0.0,20.8,0.0,0.0,0.0,0.0,0.0,0.254,0.0,0.176,0.0,0.273,0.0,0.0,0.0,0.0
박명근,LG,2025,2025-06-21,vs. Doosan,RP,,0.0,0.0,1.0,3,0,0,0,0,0,0,0,,Home,잠실 야구장,17:00,25.6,False,1,1,174cm,75kg,2004,0.0,57.6,0.0,21.4,0.0,20.8,0.0,0.0,0.0,0.0,0.0,0.254,0.0,0.176,0.0,0.273,0.0,0.0,0.0,0.0
박명근,LG,2025,2025-06-26,@ KT,RP,,0.0,0.0,1.0,7,0,0,0,0,0,0,0,,Away,수원 KT 위즈파크,18:30,25.8,False,4,1,174cm,75kg,2004,0.0,57.6,0.0,21.4,0.0,20.8,0.0,0.0,0.0,0.0,0.0,0.254,0.0,0.176,0.0,0.273,0.0,0.0,0.0,0.0
박명근,LG,2025,2025-06-28,vs. Kia,RP,L,54.0,6.0,0.333333333,15,2,2,1,0,0,1,0,,Home,잠실 야구장,17:00,29.9,False,1,1,174cm,75kg,2004,0.0,57.6,0.0,21.4,0.0,20.8,0.0,0.0,0.0,0.0,0.0,0.254,0.0,0.176,0.0,0.273,0.0,0.0,0.0,0.0
박명근,LG,2025,2025-07-10,vs. Kiwoom,RP,,0.0,6.0,0.333333333,15,0,0,1,0,0,1,0,,Home,잠실 야구장,18:30,33.1,False,11,1,174cm,75kg,2004,0.0,57.6,0.0,21.4,0.0,20.8,0.0,0.0,0.0,0.0,0.0,0.254,0.0,0.176,0.0,0.273,0.0,0.0,0.0,0.0
박상원,한화,2025,2025-03-23,@ KT,RP,,0.0,0.0,1.0,7,0,0,0,0,0,0,0,,Away,수원 KT 위즈파크,14:00,22.7,False,0,1,187cm,98kg,1994,0.0,49.3,0.0,0.0,25.5,0.0,0.0,24.9,0.0,0.0,0.0,0.225,0.0,0.0,0.278,0.0,0.0,0.229,0.0,0.0
박상원,한화,2025,2025-03-25,@ LG,RP,L,9.0,2.0,1.0,23,1,1,0,0,1,2,1,,Away,잠실 야구장,18:30,13.3,False,1,1,187cm,98kg,1994,0.0,49.3,0.0,0.0,25.5,0.0,0.0,24.9,0.0,0.0,0.0,0.225,0.0,0.0,0.278,0.0,0.0,0.229,0.0,0.0
박상원,한화,2025,2025-03-28,vs. Kia,RP,H,0.0,0.0,1.0,13,0,0,0,0,2,0,0,,Home,대전 한화생명 볼파크,18:30,6.4,False,2,1,187cm,98kg,1994,0.0,49.3,0.0,0.0,25.5,0.0,0.0,24.9,0.0,0.0,0.0,0.225,0.0,0.0,0.278,0.0,0.0,0.229,0.0,0.0
박상원,한화,2025,2025-04-03,vs. Lotte,RP,L,9.0,2.0,1.0,13,1,1,2,0,0,0,0,,Home,대전 한화생명 볼파크,18:30,14.9,False,5,1,187cm,98kg,1994,0.0,49.3,0.0,0.0,25.5,0.0,0.0,24.9,0.0,0.0,0.0,0.225,0.0,0.0,0.278,0.0,0.0,0.229,0.0,0.0
박상원,한화,2025,2025-04-05,@ Samsung,RP,W,13.5,3.0,0.666666667,13,1,1,1,1,1,1,0,,Away,대구 삼성 라이온즈 파크,17:00,13.4,False,1,1,187cm,98kg,1994,0.0,49.3,0.0,0.0,25.5,0.0,0.0,24.9,0.0,0.0,0.0,0.225,0.0,0.0,0.278,0.0,0.0,0.229,0.0,0.0
박상원,한화,2025,2025-04-08,@ Doosan,RP,,27.0,3.0,0.333333333,7,1,1,1,0,0,0,0,,Away,잠실 야구장,18:30,16.8,False,2,1,187cm,98kg,1994,0.0,49.3,0.0,0.0,25.5,0.0,0.0,24.9,0.0,0.0,0.0,0.225,0.0,0.0,0.278,0.0,0.0,0.229,0.0,0.0
박상원,한화,2025,2025-04-09,@ Doosan,RP,H,0.0,0.0,1.0,11,0,0,0,0,1,0,0,,Away,잠실 야구장,18:30,14.9,True,0,2,187cm,98kg,1994,0.0,49.3,0.0,0.0,25.5,0.0,0.0,24.9,0.0,0.0,0.0,0.225,0.0,0.0,0.278,0.0,0.0,0.229,0.0,0.0
박상원,한화,2025,2025-04-11,vs. Kiwoom,RP,,0.0,2.0,1.0,24,2,0,1,0,1,1,0,,Home,대전 한화생명 볼파크,18:30,24.0,False,1,1,187cm,98kg,1994,0.0,49.3,0.0,0.0,25.5,0.0,0.0,24.9,0.0,0.0,0.0,0.225,0.0,0.0,0.278,0.0,0.0,0.229,0.0,0.0
박상원,한화,2025,2025-04-13,vs. Kiwoom,RP,,0.0,1.5,0.666666667,16,0,0,1,0,2,0,0,,Home,대전 한화생명 볼파크,14:00,7.9,False,1,1,187cm,98kg,1994,0.0,49.3,0.0,0.0,25.5,0.0,0.0,24.9,0.0,0.0,0.0,0.225,0.0,0.0,0.278,0.0,0.0,0.229,0.0,0.0
박상원,한화,2025,2025-04-16,@ SSG,RP,,0.0,0.0,1.0,15,0,0,0,0,2,0,0,,Away,인천 SSG 랜더스필드,18:30,18.0,False,2,1,187cm,98kg,1994,0.0,49.3,0.0,0.0,25.5,0.0,0.0,24.9,0.0,0.0,0.0,0.225,0.0,0.0,0.278,0.0,0.0,0.229,0.0,0.0
박상원,한화,2025,2025-04-17,@ SSG,RP,H,0.0,1.5,0.666666667,13,0,0,1,0,1,0,0,,Away,인천 SSG 랜더스필드,18:30,16.8,True,0,2,187cm,98kg,1994,0.0,49.3,0.0,0.0,25.5,0.0,0.0,24.9,0.0,0.0,0.0,0.225,0.0,0.0,0.278,0.0,0.0,0.229,0.0,0.0
박상원,한화,2025,2025-04-20,vs. NC,RP,,0.0,0.0,0.666666667,4,0,0,0,0,0,0,0,,Home,대전 한화생명 볼파크,14:00,21.5,False,2,1,187cm,98kg,1994,0.0,49.3,0.0,0.0,25.5,0.0,0.0,24.9,0.0,0.0,0.0,0.225,0.0,0.0,0.278,0.0,0.0,0.229,0.0,0.0
박상원,한화,2025,2025-04-23,@ Lotte,RP,,18.0,4.0,1.0,24,2,2,3,0,0,1,0,,Away,사직 야구장,18:30,13.9,False,2,1,187cm,98kg,1994,0.0,49.3,0.0,0.0,25.5,0.0,0.0,24.9,0.0,0.0,0.0,0.225,0.0,0.0,0.278,0.0,0.0,0.229,0.0,0.0
박상원,한화,2025,2025-04-24,@ Lotte,RP,,0.0,3.0,0.333333333,4,0,0,1,0,0,0,0,,Away,사직 야구장,18:30,16.6,True,0,2,187cm,98kg,1994,0.0,49.3,0.0,0.0,25.5,0.0,0.0,24.9,0.0,0.0,0.0,0.225,0.0,0.0,0.278,0.0,0.0,0.229,0.0,0.0
박상원,한화,2025,2025-04-29,vs. LG,RP,H,0.0,0.0,1.0,13,0,0,0,0,1,0,0,,Home,대전 한화생명 볼파크,18:30,20.2,False,4,1,187cm,98kg,1994,0.0,49.3,0.0,0.0,25.5,0.0,0.0,24.9,0.0,0.0,0.0,0.225,0.0,0.0,0.278,0.0,0.0,0.229,0.0,0.0
박상원,한화,2025,2025-05-02,@ Kia,RP,,0.0,0.6,1.666666667,21,0,0,1,0,0,0,0,,Away,광주 기아 챔피언스 필드,18:30,17.3,False,2,1,187cm,98kg,1994,0.0,49.3,0.0,0.0,25.5,0.0,0.0,24.9,0.0,0.0,0.0,0.225,0.0,0.0,0.278,0.0,0.0,0.229,0.0,0.0
박상원,한화,2025,2025-05-05,vs. Samsung,RP,H,0.0,1.0,1.0,17,0,0,1,0,2,0,0,,Home,대전 한화생명 볼파크,14:00,15.7,False,2,1,187cm,98kg,1994,0.0,49.3,0.0,0.0,25.5,0.0,0.0,24.9,0.0,0.0,0.0,0.225,0.0,0.0,0.278,0.0,0.0,0.229,0.0,0.0
박상원,한화,2025,2025-05-06,vs. Samsung,RP,H,0.0,2.0,1.0,26,0,0,1,0,0,1,0,,Home,대전 한화생명 볼파크,18:30,16.9,True,0,2,187cm,98kg,1994,0.0,49.3,0.0,0.0,25.5,0.0,0.0,24.9,0.0,0.0,0.0,0.225,0.0,0.0,0.278,0.0,0.0,0.229,0.0,0.0
박상원,한화,2025,2025-05-09,@ Kiwoom,RP,,0.0,3.0,1.0,19,0,0,2,0,0,1,0,,Away,고척 스카이돔,18:30,25.5,False,2,1,187cm,98kg,1994,0.0,49.3,0.0,0.0,25.5,0.0,0.0,24.9,0.0,0.0,0.0,0.225,0.0,0.0,0.278,0.0,0.0,0.229,0.0,0.0
박상원,한화,2025,2025-05-10,@ Kiwoom,RP,,0.0,0.6,1.666666667,21,0,0,1,0,2,0,0,,Away,고척 스카이돔,17:00,25.5,True,0,2,187cm,98kg,1994,0.0,49.3,0.0,0.0,25.5,0.0,0.0,24.9,0.0,0.0,0.0,0.225,0.0,0.0,0.278,0.0,0.0,0.229,0.0,0.0
박상원,한화,2025,2025-05-13,vs. Doosan,RP,,0.0,1.5,0.666666667,8,0,0,1,0,0,0,0,,Home,대전 한화생명 볼파크,18:30,24.2,False,2,1,187cm,98kg,1994,0.0,49.3,0.0,0.0,25.5,0.0,0.0,24.9,0.0,0.0,0.0,0.225,0.0,0.0,0.278,0.0,0.0,0.229,0.0,0.0
박상원,한화,2025,2025-05-18,vs. SSG,RP,,0.0,0.6,1.666666667,24,0,0,0,0,0,1,1,,Home,대전 한화생명 볼파크,14:00,21.7,False,4,1,187cm,98kg,1994,0.0,49.3,0.0,0.0,25.5,0.0,0.0,24.9,0.0,0.0,0.0,0.225,0.0,0.0,0.278,0.0,0.0,0.229,0.0,0.0
박상원,한화,2025,2025-05-20,@ NC,RP,,0.0,0.0,1.0,12,0,0,0,0,1,0,0,,Away,창원 NC 파크,18:30,22.9,False,1,1,187cm,98kg,1994,0.0,49.3,0.0,0.0,25.5,0.0,0.0,24.9,0.0,0.0,0.0,0.225,0.0,0.0,0.278,0.0,0.0,0.229,0.0,0.0
박상원,한화,2025,2025-05-22,@ NC,RP,,0.0,3.0,0.333333333,13,0,0,1,0,0,0,1,,Away,창원 NC 파크,18:30,18.4,False,1,1,187cm,98kg,1994,0.0,49.3,0.0,0.0,25.5,0.0,0.0,24.9,0.0,0.0,0.0,0.225,0.0,0.0,0.278,0.0,0.0,0.229,0.0,0.0
박상원,한화,2025,2025-05-24,vs. Lotte,RP,,0.0,,0.0,9,2,2,1,0,0,0,1,,Home,대전 한화생명 볼파크,17:00,14.4,False,1,1,187cm,98kg,1994,0.0,49.3,0.0,0.0,25.5,0.0,0.0,24.9,0.0,0.0,0.0,0.225,0.0,0.0,0.278,0.0,0.0,0.229,0.0,0.0
박상원,한화,2025,2025-05-25,vs. Lotte,RP,H,0.0,2.0,1.0,16,0,0,1,0,1,1,0,,Home,대전 한화생명 볼파크,14:00,23.2,True,0,2,187cm,98kg,1994,0.0,49.3,0.0,0.0,25.5,0.0,0.0,24.9,0.0,0.0,0.0,0.225,0.0,0.0,0.278,0.0,0.0,0.229,0.0,0.0
박상원,한화,2025,2025-05-27,@ LG,RP,,0.0,0.0,1.0,18,0,0,0,0,1,0,0,,Away,잠실 야구장,18:30,24.9,False,1,1,187cm,98kg,1994,0.0,49.3,0.0,0.0,25.5,0.0,0.0,24.9,0.0,0.0,0.0,0.225,0.0,0.0,0.278,0.0,0.0,0.229,0.0,0.0
박상원,한화,2025,2025-05-28,@ LG,RP,W,6.75,1.5,1.333333333,19,1,1,1,1,1,1,0,,Away,잠실 야구장,18:30,23.5,True,0,2,187cm,98kg,1994,0.0,49.3,0.0,0.0,25.5,0.0,0.0,24.9,0.0,0.0,0.0,0.225,0.0,0.0,0.278,0.0,0.0,0.229,0.0,0.0
박상원,한화,2025,2025-05-30,@ NC,RP,,0.0,0.0,1.0,13,0,0,0,0,1,0,0,,Away,창원 NC 파크,18:30,19.5,False,1,1,187cm,98kg,1994,0.0,49.3,0.0,0.0,25.5,0.0,0.0,24.9,0.0,0.0,0.0,0.225,0.0,0.0,0.278,0.0,0.0,0.229,0.0,0.0
박상원,한화,2025,2025-05-31,@ NC,RP,H,0.0,0.0,1.0,13,0,0,0,0,1,0,0,,Away,창원 NC 파크,17:00,26.8,True,0,2,187cm,98kg,1994,0.0,49.3,0.0,0.0,25.5,0.0,0.0,24.9,0.0,0.0,0.0,0.225,0.0,0.0,0.278,0.0,0.0,0.229,0.0,0.0
박상원,한화,2025,2025-06-04,vs. KT,RP,W,0.0,3.0,0.333333333,5,0,0,1,0,0,0,0,,Home,대전 한화생명 볼파크,18:30,22.1,False,3,1,187cm,98kg,1994,0.0,49.3,0.0,0.0,25.5,0.0,0.0,24.9,0.0,0.0,0.0,0.225,0.0,0.0,0.278,0.0,0.0,0.229,0.0,0.0
박상원,한화,2025,2025-06-07,@ Kia,RP,,0.0,0.6,1.666666667,17,0,0,0,0,1,1,0,,Away,광주 기아 챔피언스 필드,17:00,27.2,False,2,1,187cm,98kg,1994,0.0,49.3,0.0,0.0,25.5,0.0,0.0,24.9,0.0,0.0,0.0,0.225,0.0,0.0,0.278,0.0,0.0,0.229,0.0,0.0
박상원,한화,2025,2025-06-08,@ Kia,RP,,0.0,1.0,1.0,18,0,0,1,0,1,0,0,,Away,광주 기아 챔피언스 필드,17:00,28.7,True,0,2,187cm,98kg,1994,0.0,49.3,0.0,0.0,25.5,0.0,0.0,24.9,0.0,0.0,0.0,0.225,0.0,0.0,0.278,0.0,0.0,0.229,0.0,0.0
박상원,한화,2025,2025-06-11,vs. Doosan,RP,,0.0,0.0,1.0,16,0,0,0,0,2,0,0,,Home,대전 한화생명 볼파크,18:30,25.3,False,2,1,187cm,98kg,1994,0.0,49.3,0.0,0.0,25.5,0.0,0.0,24.9,0.0,0.0,0.0,0.225,0.0,0.0,0.278,0.0,0.0,0.229,0.0,0.0
박상원,한화,2025,2025-06-12,vs. Doosan,RP,,0.0,0.0,1.0,9,0,0,0,0,0,0,0,,Home,대전 한화생명 볼파크,18:30,27.0,True,0,2,187cm,98kg,1994,0.0,49.3,0.0,0.0,25.5,0.0,0.0,24.9,0.0,0.0,0.0,0.225,0.0,0.0,0.278,0.0,0.0,0.229,0.0,0.0
박상원,한화,2025,2025-06-14,vs. LG,RP,,0.0,1.0,1.0,20,0,0,1,0,1,0,0,,Home,대전 한화생명 볼파크,17:00,29.9,False,1,1,187cm,98kg,1994,0.0,49.3,0.0,0.0,25.5,0.0,0.0,24.9,0.0,0.0,0.0,0.225,0.0,0.0,0.278,0.0,0.0,0.229,0.0,0.0
박상원,한화,2025,2025-06-15,vs. LG,RP,,0.0,0.0,1.0,12,0,0,0,0,0,0,0,,Home,대전 한화생명 볼파크,17:00,30.9,True,0,2,187cm,98kg,1994,0.0,49.3,0.0,0.0,25.5,0.0,0.0,24.9,0.0,0.0,0.0,0.225,0.0,0.0,0.278,0.0,0.0,0.229,0.0,0.0
박상원,한화,2025,2025-06-19,@ Lotte,RP,,18.0,4.0,1.0,23,2,2,3,0,1,1,0,,Away,사직 야구장,18:30,27.6,False,3,1,187cm,98kg,1994,0.0,49.3,0.0,0.0,25.5,0.0,0.0,24.9,0.0,0.0,0.0,0.225,0.0,0.0,0.278,0.0,0.0,0.229,0.0,0.0
박상원,한화,2025,2025-06-22,vs. Kiwoom,RP,,0.0,3.0,0.333333333,16,0,0,1,0,1,0,0,,Home,대전 한화생명 볼파크,17:00,28.2,False,2,1,187cm,98kg,1994,0.0,49.3,0.0,0.0,25.5,0.0,0.0,24.9,0.0,0.0,0.0,0.225,0.0,0.0,0.278,0.0,0.0,0.229,0.0,0.0
박상원,한화,2025,2025-06-26,@ Samsung,RP,H,0.0,3.0,1.0,22,0,0,3,0,0,0,0,,Away,대구 삼성 라이온즈 파크,18:30,24.9,False,3,1,187cm,98kg,1994,0.0,49.3,0.0,0.0,25.5,0.0,0.0,24.9,0.0,0.0,0.0,0.225,0.0,0.0,0.278,0.0,0.0,0.229,0.0,0.0
박상원,한화,2025,2025-06-27,@ SSG,RP,L,27.0,3.0,0.666666667,11,2,2,1,0,0,1,0,,Away,인천 SSG 랜더스필드,18:30,28.2,True,0,2,187cm,98kg,1994,0.0,49.3,0.0,0.0,25.5,0.0,0.0,24.9,0.0,0.0,0.0,0.225,0.0,0.0,0.278,0.0,0.0,0.229,0.0,0.0
박상원,한화,2025,2025-06-29,@ SSG,RP,,0.0,0.0,0.666666667,5,0,0,0,0,0,0,0,,Away,인천 SSG 랜더스필드,17:00,29.8,False,1,1,187cm,98kg,1994,0.0,49.3,0.0,0.0,25.5,0.0,0.0,24.9,0.0,0.0,0.0,0.225,0.0,0.0,0.278,0.0,0.0,0.229,0.0,0.0
박상원,한화,2025,2025-07-02,vs. NC,RP,,13.5,3.0,0.666666667,17,1,1,2,1,0,0,0,,Home,대전 한화생명 볼파크,18:30,32.4,False,2,1,187cm,98kg,1994,0.0,49.3,0.0,0.0,25.5,0.0,0.0,24.9,0.0,0.0,0.0,0.225,0.0,0.0,0.278,0.0,0.0,0.229,0.0,0.0
박상원,한화,2025,2025-07-03,vs. NC,RP,,9.0,1.0,1.0,14,1,1,0,0,0,1,0,,Home,대전 한화생명 볼파크,18:30,32.0,True,0,2,187cm,98kg,1994,0.0,49.3,0.0,0.0,25.5,0.0,0.0,24.9,0.0,0.0,0.0,0.225,0.0,0.0,0.278,0.0,0.0,0.229,0.0,0.0
박상원,한화,2025,2025-07-05,@ Kiwoom,RP,,0.0,3.0,0.666666667,17,0,0,2,0,0,0,0,,Away,고척 스카이돔,18:00,25.5,False,1,1,187cm,98kg,1994,0.0,49.3,0.0,0.0,25.5,0.0,0.0,24.9,0.0,0.0,0.0,0.225,0.0,0.0,0.278,0.0,0.0,0.229,0.0,0.0
박상원,한화,2025,2025-07-08,vs. Kia,RP,,0.0,1.0,1.0,14,0,0,1,0,0,0,0,,Home,대전 한화생명 볼파크,18:30,33.6,False,2,1,187cm,98kg,1994,0.0,49.3,0.0,0.0,25.5,0.0,0.0,24.9,0.0,0.0,0.0,0.225,0.0,0.0,0.278,0.0,0.0,0.229,0.0,0.0
박상원,한화,2025,2025-07-09,vs. Kia,RP,H,0.0,0.0,1.0,13,0,0,0,0,0,0,0,,Home,대전 한화생명 볼파크,18:30,32.1,True,0,2,187cm,98kg,1994,0.0,49.3,0.0,0.0,25.5,0.0,0.0,24.9,0.0,0.0,0.0,0.225,0.0,0.0,0.278,0.0,0.0,0.229,0.0,0.0
박시후,SSG,2025,2025-04-18,vs. LG,RP,,0.0,1.0,1.0,14,0,0,1,0,1,0,0,,Home,인천 SSG 랜더스필드,18:30,17.3,False,0,1,182cm,88kg,2001,41.8,1.5,0.0,5.2,48.5,3.1,0.0,0.0,0.0,0.0,0.309,0.0,0.0,0.2,0.188,0.5,0.0,0.0,0.0,0.0
박시후,SSG,2025,2025-04-19,vs. LG,RP,,3.38,1.5,2.666666667,50,1,1,4,1,4,0,0,,Home,인천 SSG 랜더스필드,17:00,10.9,True,0,2,182cm,88kg,2001,41.8,1.5,0.0,5.2,48.5,3.1,0.0,0.0,0.0,0.0,0.309,0.0,0.0,0.2,0.188,0.5,0.0,0.0,0.0,0.0
박시후,SSG,2025,2025-04-23,@ KT,RP,,0.0,0.0,1.0,10,0,0,0,0,0,0,0,,Away,수원 KT 위즈파크,18:30,18.7,False,3,1,182cm,88kg,2001,41.8,1.5,0.0,5.2,48.5,3.1,0.0,0.0,0.0,0.0,0.309,0.0,0.0,0.2,0.188,0.5,0.0,0.0,0.0,0.0
박시후,SSG,2025,2025-04-27,vs. Kiwoom,RP,,0.0,3.0,1.0,28,0,0,0,0,0,3,0,,Home,인천 SSG 랜더스필드,14:00,14.9,False,3,1,182cm,88kg,2001,41.8,1.5,0.0,5.2,48.5,3.1,0.0,0.0,0.0,0.0,0.309,0.0,0.0,0.2,0.188,0.5,0.0,0.0,0.0,0.0
박시후,SSG,2025,2025-05-02,@ LG,RP,H,0.0,0.43,2.333333333,30,0,0,1,0,1,0,0,,Away,잠실 야구장,18:30,16.2,False,4,1,182cm,88kg,2001,41.8,1.5,0.0,5.2,48.5,3.1,0.0,0.0,0.0,0.0,0.309,0.0,0.0,0.2,0.188,0.5,0.0,0.0,0.0,0.0
박시후,SSG,2025,2025-05-04,@ LG,RP,,18.0,4.0,1.0,22,2,2,2,0,0,2,0,,Away,잠실 야구장,14:00,19.7,False,1,1,182cm,88kg,2001,41.8,1.5,0.0,5.2,48.5,3.1,0.0,0.0,0.0,0.0,0.309,0.0,0.0,0.2,0.188,0.5,0.0,0.0,0.0,0.0
박시후,SSG,2025,2025-05-06,@ Lotte,RP,,0.0,0.6,1.666666667,26,0,0,0,0,2,1,0,,Away,사직 야구장,18:30,13.3,False,1,1,182cm,88kg,2001,41.8,1.5,0.0,5.2,48.5,3.1,0.0,0.0,0.0,0.0,0.309,0.0,0.0,0.2,0.188,0.5,0.0,0.0,0.0,0.0
박시후,SSG,2025,2025-05-07,@ Lotte,RP,,0.0,0.0,1.0,15,0,0,0,0,1,0,0,,Away,사직 야구장,18:30,16.4,True,0,2,182cm,88kg,2001,41.8,1.5,0.0,5.2,48.5,3.1,0.0,0.0,0.0,0.0,0.309,0.0,0.0,0.2,0.188,0.5,0.0,0.0,0.0,0.0
박시후,SSG,2025,2025-05-14,vs. NC,RP,,0.0,1.29,2.333333333,35,0,0,2,0,1,1,0,,Home,인천 SSG 랜더스필드,18:30,22.2,False,6,1,182cm,88kg,2001,41.8,1.5,0.0,5.2,48.5,3.1,0.0,0.0,0.0,0.0,0.309,0.0,0.0,0.2,0.188,0.5,0.0,0.0,0.0,0.0
박시후,SSG,2025,2025-05-17,@ Hanwha,RP,,0.0,0.0,0.666666667,3,0,0,0,0,0,0,0,,Away,대전 한화생명 볼파크,17:00,23.4,False,2,1,182cm,88kg,2001,41.8,1.5,0.0,5.2,48.5,3.1,0.0,0.0,0.0,0.0,0.309,0.0,0.0,0.2,0.188,0.5,0.0,0.0,0.0,0.0
박시후,SSG,2025,2025-05-20,@ Doosan,RP,H,0.0,6.0,0.333333333,14,0,0,2,0,1,0,0,,Away,잠실 야구장,18:30,25.2,False,2,1,182cm,88kg,2001,41.8,1.5,0.0,5.2,48.5,3.1,0.0,0.0,0.0,0.0,0.309,0.0,0.0,0.2,0.188,0.5,0.0,0.0,0.0,0.0
박시후,SSG,2025,2025-05-22,@ Doosan,RP,,0.0,0.0,0.333333333,4,0,0,0,0,0,0,0,,Away,잠실 야구장,18:30,26.9,False,1,1,182cm,88kg,2001,41.8,1.5,0.0,5.2,48.5,3.1,0.0,0.0,0.0,0.0,0.309,0.0,0.0,0.2,0.188,0.5,0.0,0.0,0.0,0.0
박시후,SSG,2025,2025-05-23,vs. LG,RP,,0.0,0.75,1.333333333,23,0,0,0,0,1,1,0,,Home,인천 SSG 랜더스필드,18:30,20.8,True,0,2,182cm,88kg,2001,41.8,1.5,0.0,5.2,48.5,3.1,0.0,0.0,0.0,0.0,0.309,0.0,0.0,0.2,0.188,0.5,0.0,0.0,0.0,0.0
박시후,SSG,2025,2025-05-24,vs. LG,RP,,18.0,2.0,1.0,20,2,2,2,1,1,0,0,,Home,인천 SSG 랜더스필드,17:00,18.7,True,0,3,182cm,88kg,2001,41.8,1.5,0.0,5.2,48.5,3.1,0.0,0.0,0.0,0.0,0.309,0.0,0.0,0.2,0.188,0.5,0.0,0.0,0.0,0.0
박시후,SSG,2025,2025-05-29,vs. NC,RP,W,6.75,0.75,2.666666667,37,2,2,2,2,0,0,0,,Home,인천 SSG 랜더스필드,18:30,23.1,False,4,1,182cm,88kg,2001,41.8,1.5,0.0,5.2,48.5,3.1,0.0,0.0,0.0,0.0,0.309,0.0,0.0,0.2,0.188,0.5,0.0,0.0,0.0,0.0
박시후,SSG,2025,2025-05-31,@ Lotte,RP,W,0.0,2.0,1.0,20,0,0,1,0,2,1,0,,Away,사직 야구장,17:00,20.8,False,1,1,182cm,88kg,2001,41.8,1.5,0.0,5.2,48.5,3.1,0.0,0.0,0.0,0.0,0.309,0.0,0.0,0.2,0.188,0.5,0.0,0.0,0.0,0.0
박시후,SSG,2025,2025-06-05,vs. Samsung,RP,,0.0,6.0,0.333333333,20,0,0,1,0,1,1,1,,Home,인천 SSG 랜더스필드,18:30,20.8,False,4,1,182cm,88kg,2001,41.8,1.5,0.0,5.2,48.5,3.1,0.0,0.0,0.0,0.0,0.309,0.0,0.0,0.2,0.188,0.5,0.0,0.0,0.0,0.0
박시후,SSG,2025,2025-06-06,@ KT,RP,,0.0,2.0,1.0,13,1,0,2,0,0,0,0,,Away,수원 KT 위즈파크,18:30,24.9,True,0,2,182cm,88kg,2001,41.8,1.5,0.0,5.2,48.5,3.1,0.0,0.0,0.0,0.0,0.309,0.0,0.0,0.2,0.188,0.5,0.0,0.0,0.0,0.0
박시후,SSG,2025,2025-06-08,@ KT,RP,W,0.0,1.0,1.0,19,0,0,1,0,1,0,0,,Away,수원 KT 위즈파크,17:00,28.1,False,1,1,182cm,88kg,2001,41.8,1.5,0.0,5.2,48.5,3.1,0.0,0.0,0.0,0.0,0.309,0.0,0.0,0.2,0.188,0.5,0.0,0.0,0.0,0.0
박시후,SSG,2025,2025-06-10,@ LG,RP,W,0.0,0.6,1.666666667,22,0,0,0,0,1,1,0,,Away,잠실 야구장,18:30,24.8,False,1,1,182cm,88kg,2001,41.8,1.5,0.0,5.2,48.5,3.1,0.0,0.0,0.0,0.0,0.309,0.0,0.0,0.2,0.188,0.5,0.0,0.0,0.0,0.0
박시후,SSG,2025,2025-06-12,@ LG,RP,L,20.25,3.0,1.333333333,28,4,3,4,0,2,0,0,,Away,잠실 야구장,18:30,29.0,False,1,1,182cm,88kg,2001,41.8,1.5,0.0,5.2,48.5,3.1,0.0,0.0,0.0,0.0,0.309,0.0,0.0,0.2,0.188,0.5,0.0,0.0,0.0,0.0
박시후,SSG,2025,2025-06-17,@ Kiwoom,RP,,0.0,1.0,1.0,13,0,0,0,0,0,1,0,,Away,고척 스카이돔,18:30,25.5,False,4,1,182cm,88kg,2001,41.8,1.5,0.0,5.2,48.5,3.1,0.0,0.0,0.0,0.0,0.309,0.0,0.0,0.2,0.188,0.5,0.0,0.0,0.0,0.0
박시후,SSG,2025,2025-06-19,@ Kiwoom,SP,,0.0,3.75,1.333333333,46,1,0,0,0,1,5,0,48.0,Away,고척 스카이돔,18:30,25.5,False,1,1,182cm,88kg,2001,41.8,1.5,0.0,5.2,48.5,3.1,0.0,0.0,0.0,0.0,0.309,0.0,0.0,0.2,0.188,0.5,0.0,0.0,0.0,0.0
박시후,SSG,2025,2025-06-22,vs. Kia,RP,,0.0,1.5,0.666666667,6,0,0,1,0,0,0,0,,Home,인천 SSG 랜더스필드,17:00,25.0,False,2,1,182cm,88kg,2001,41.8,1.5,0.0,5.2,48.5,3.1,0.0,0.0,0.0,0.0,0.309,0.0,0.0,0.2,0.188,0.5,0.0,0.0,0.0,0.0
박시후,SSG,2025,2025-06-26,@ Doosan,RP,,0.0,0.0,1.333333333,16,0,0,0,0,2,0,0,,Away,잠실 야구장,18:30,25.9,False,3,1,182cm,88kg,2001,41.8,1.5,0.0,5.2,48.5,3.1,0.0,0.0,0.0,0.0,0.309,0.0,0.0,0.2,0.188,0.5,0.0,0.0,0.0,0.0
박시후,SSG,2025,2025-06-28,vs. Hanwha,RP,,13.5,4.5,0.666666667,23,1,1,3,0,1,0,0,,Home,인천 SSG 랜더스필드,17:00,28.1,False,1,1,182cm,88kg,2001,41.8,1.5,0.0,5.2,48.5,3.1,0.0,0.0,0.0,0.0,0.309,0.0,0.0,0.2,0.188,0.5,0.0,0.0,0.0,0.0
박시후,SSG,2025,2025-07-01,@ Kia,RP,,0.0,1.5,0.666666667,16,0,0,1,0,0,0,0,,Away,광주 기아 챔피언스 필드,18:30,32.6,False,2,1,182cm,88kg,2001,41.8,1.5,0.0,5.2,48.5,3.1,0.0,0.0,0.0,0.0,0.309,0.0,0.0,0.2,0.188,0.5,0.0,0.0,0.0,0.0
박시후,SSG,2025,2025-07-03,@ Kia,RP,,0.0,3.0,0.666666667,14,0,0,2,0,0,0,0,,Away,광주 기아 챔피언스 필드,18:30,32.6,False,1,1,182cm,88kg,2001,41.8,1.5,0.0,5.2,48.5,3.1,0.0,0.0,0.0,0.0,0.309,0.0,0.0,0.2,0.188,0.5,0.0,0.0,0.0,0.0
박시후,SSG,2025,2025-07-05,@ NC,RP,,0.0,1.0,1.0,15,0,0,0,0,1,1,0,,Away,창원 NC 파크,18:00,31.2,False,1,1,182cm,88kg,2001,41.8,1.5,0.0,5.2,48.5,3.1,0.0,0.0,0.0,0.0,0.309,0.0,0.0,0.2,0.188,0.5,0.0,0.0,0.0,0.0
박시후,SSG,2025,2025-07-09,vs. KT,RP,,0.0,0.0,1.0,9,0,0,0,0,1,0,0,,Home,인천 SSG 랜더스필드,18:30,34.2,False,3,1,182cm,88kg,2001,41.8,1.5,0.0,5.2,48.5,3.1,0.0,0.0,0.0,0.0,0.309,0.0,0.0,0.2,0.188,0.5,0.0,0.0,0.0,0.0
박시후,SSG,2025,2025-07-10,vs. KT,RP,,0.0,0.0,0.333333333,6,0,0,0,0,1,0,0,,Home,인천 SSG 랜더스필드,18:30,33.4,True,0,2,182cm,88kg,2001,41.8,1.5,0.0,5.2,48.5,3.1,0.0,0.0,0.0,0.0,0.309,0.0,0.0,0.2,0.188,0.5,0.0,0.0,0.0,0.0
박신지,두산,2025,2025-03-25,@ KT,RP,,0.0,1.0,2.0,39,0,0,2,0,1,0,0,,Away,수원 KT 위즈파크,18:30,12.6,False,0,1,185cm,75kg,1999,0.0,46.3,0.0,8.8,28.2,16.7,0.0,0.0,0.0,0.0,0.0,0.275,0.0,0.2,0.189,0.28,0.0,0.0,0.0,0.0
박신지,두산,2025,2025-03-27,@ KT,RP,,0.0,1.5,1.333333333,26,0,0,1,0,1,1,0,,Away,수원 KT 위즈파크,18:30,11.8,False,1,1,185cm,75kg,1999,0.0,46.3,0.0,8.8,28.2,16.7,0.0,0.0,0.0,0.0,0.0,0.275,0.0,0.2,0.189,0.28,0.0,0.0,0.0,0.0
박신지,두산,2025,2025-03-29,vs. Samsung,RP,,0.0,,0.0,5,1,0,0,0,0,1,0,,Home,잠실 야구장,17:00,1.5,False,1,1,185cm,75kg,1999,0.0,46.3,0.0,8.8,28.2,16.7,0.0,0.0,0.0,0.0,0.0,0.275,0.0,0.2,0.189,0.28,0.0,0.0,0.0,0.0
박신지,두산,2025,2025-04-20,vs. Kia,RP,,0.0,1.5,1.333333333,29,0,0,1,0,1,1,0,,Home,잠실 야구장,14:00,22.5,False,21,1,185cm,75kg,1999,0.0,46.3,0.0,8.8,28.2,16.7,0.0,0.0,0.0,0.0,0.0,0.275,0.0,0.2,0.189,0.28,0.0,0.0,0.0,0.0
박신지,두산,2025,2025-04-23,@ Kiwoom,RP,,0.0,0.0,1.0,13,0,0,0,0,0,0,0,,Away,고척 스카이돔,18:30,25.5,False,2,1,185cm,75kg,1999,0.0,46.3,0.0,8.8,28.2,16.7,0.0,0.0,0.0,0.0,0.0,0.275,0.0,0.2,0.189,0.28,0.0,0.0,0.0,0.0
박신지,두산,2025,2025-04-25,vs. Lotte,RP,,0.0,2.0,1.0,18,0,0,1,0,1,1,0,,Home,잠실 야구장,18:30,15.5,False,1,1,185cm,75kg,1999,0.0,46.3,0.0,8.8,28.2,16.7,0.0,0.0,0.0,0.0,0.0,0.275,0.0,0.2,0.189,0.28,0.0,0.0,0.0,0.0
박신지,두산,2025,2025-04-27,vs. Lotte,RP,,5.4,1.8,1.666666667,30,1,1,3,0,0,0,0,,Home,잠실 야구장,14:00,18.8,False,1,1,185cm,75kg,1999,0.0,46.3,0.0,8.8,28.2,16.7,0.0,0.0,0.0,0.0,0.0,0.275,0.0,0.2,0.189,0.28,0.0,0.0,0.0,0.0
박신지,두산,2025,2025-05-02,@ Samsung,RP,,9.0,2.0,1.0,14,1,1,2,1,1,0,0,,Away,대구 삼성 라이온즈 파크,18:30,19.1,False,4,1,185cm,75kg,1999,0.0,46.3,0.0,8.8,28.2,16.7,0.0,0.0,0.0,0.0,0.0,0.275,0.0,0.2,0.189,0.28,0.0,0.0,0.0,0.0
박신지,두산,2025,2025-05-04,@ Samsung,RP,,0.0,0.0,1.0,13,0,0,0,0,0,0,0,,Away,대구 삼성 라이온즈 파크,14:00,20.7,False,1,1,185cm,75kg,1999,0.0,46.3,0.0,8.8,28.2,16.7,0.0,0.0,0.0,0.0,0.0,0.275,0.0,0.2,0.189,0.28,0.0,0.0,0.0,0.0
박신지,두산,2025,2025-05-06,vs. LG,RP,,0.0,1.0,1.0,16,0,0,1,0,0,0,0,,Home,잠실 야구장,18:30,18.6,False,1,1,185cm,75kg,1999,0.0,46.3,0.0,8.8,28.2,16.7,0.0,0.0,0.0,0.0,0.0,0.275,0.0,0.2,0.189,0.28,0.0,0.0,0.0,0.0
박신지,두산,2025,2025-05-11,vs. NC,RP,,3.38,1.88,2.666666667,51,1,1,5,0,1,0,0,,Home,잠실 야구장,14:00,19.0,False,4,1,185cm,75kg,1999,0.0,46.3,0.0,8.8,28.2,16.7,0.0,0.0,0.0,0.0,0.0,0.275,0.0,0.2,0.189,0.28,0.0,0.0,0.0,0.0
박신지,두산,2025,2025-05-14,@ Hanwha,RP,,0.0,1.0,1.0,15,0,0,1,0,1,0,0,,Away,대전 한화생명 볼파크,18:30,26.4,False,2,1,185cm,75kg,1999,0.0,46.3,0.0,8.8,28.2,16.7,0.0,0.0,0.0,0.0,0.0,0.275,0.0,0.2,0.189,0.28,0.0,0.0,0.0,0.0
박신지,두산,2025,2025-05-15,@ Hanwha,RP,,0.0,0.0,2.0,19,0,0,0,0,1,0,0,,Away,대전 한화생명 볼파크,18:30,22.7,True,0,2,185cm,75kg,1999,0.0,46.3,0.0,8.8,28.2,16.7,0.0,0.0,0.0,0.0,0.0,0.275,0.0,0.2,0.189,0.28,0.0,0.0,0.0,0.0
박신지,두산,2025,2025-05-17,@ Kia,RP,,0.0,3.0,1.0,27,1,0,2,0,0,1,0,,Away,광주 기아 챔피언스 필드,17:00,21.7,False,1,1,185cm,75kg,1999,0.0,46.3,0.0,8.8,28.2,16.7,0.0,0.0,0.0,0.0,0.0,0.275,0.0,0.2,0.189,0.28,0.0,0.0,0.0,0.0
박신지,두산,2025,2025-05-21,vs. SSG,RP,,9.0,2.0,1.0,20,1,1,2,0,2,0,1,,Home,잠실 야구장,18:30,27.8,False,3,1,185cm,75kg,1999,0.0,46.3,0.0,8.8,28.2,16.7,0.0,0.0,0.0,0.0,0.0,0.275,0.0,0.2,0.189,0.28,0.0,0.0,0.0,0.0
박신지,두산,2025,2025-05-24,vs. NC,RP,,0.0,0.0,1.0,6,0,0,0,0,0,0,0,,Home,잠실 야구장,17:00,18.9,False,2,1,185cm,75kg,1999,0.0,46.3,0.0,8.8,28.2,16.7,0.0,0.0,0.0,0.0,0.0,0.275,0.0,0.2,0.189,0.28,0.0,0.0,0.0,0.0
박신지,두산,2025,2025-05-28,@ KT,RP,,0.0,1.5,0.666666667,8,0,0,1,0,0,0,0,,Away,수원 KT 위즈파크,18:30,22.0,False,3,1,185cm,75kg,1999,0.0,46.3,0.0,8.8,28.2,16.7,0.0,0.0,0.0,0.0,0.0,0.275,0.0,0.2,0.189,0.28,0.0,0.0,0.0,0.0
박신지,두산,2025,2025-05-30,@ Kiwoom,RP,,0.0,3.0,0.666666667,20,0,0,0,0,0,2,0,,Away,고척 스카이돔,18:30,25.5,False,1,1,185cm,75kg,1999,0.0,46.3,0.0,8.8,28.2,16.7,0.0,0.0,0.0,0.0,0.0,0.275,0.0,0.2,0.189,0.28,0.0,0.0,0.0,0.0
박신지,두산,2025,2025-06-03,vs. Kia,RP,,6.0,1.67,3.0,47,2,2,3,0,1,2,0,,Home,잠실 야구장,18:30,22.8,False,3,1,185cm,75kg,1999,0.0,46.3,0.0,8.8,28.2,16.7,0.0,0.0,0.0,0.0,0.0,0.275,0.0,0.2,0.189,0.28,0.0,0.0,0.0,0.0
박신지,두산,2025,2025-06-17,@ Samsung,RP,,9.0,3.0,1.0,21,1,1,2,0,1,1,0,,Away,대구 삼성 라이온즈 파크,18:30,25.3,False,13,1,185cm,75kg,1999,0.0,46.3,0.0,8.8,28.2,16.7,0.0,0.0,0.0,0.0,0.0,0.275,0.0,0.2,0.189,0.28,0.0,0.0,0.0,0.0
박신지,두산,2025,2025-06-22,@ LG,RP,,3.38,1.13,2.666666667,40,1,1,2,0,1,1,0,,Away,잠실 야구장,17:00,27.8,False,4,1,185cm,75kg,1999,0.0,46.3,0.0,8.8,28.2,16.7,0.0,0.0,0.0,0.0,0.0,0.275,0.0,0.2,0.189,0.28,0.0,0.0,0.0,0.0
박신지,두산,2025,2025-06-24,vs. SSG,RP,W,0.0,1.0,3.0,37,0,0,1,0,2,2,0,,Home,잠실 야구장,18:30,26.8,False,1,1,185cm,75kg,1999,0.0,46.3,0.0,8.8,28.2,16.7,0.0,0.0,0.0,0.0,0.0,0.275,0.0,0.2,0.189,0.28,0.0,0.0,0.0,0.0
박신지,두산,2025,2025-06-28,@ NC,RP,L,27.0,6.0,0.333333333,11,2,1,1,0,1,1,0,,Away,창원 NC 파크,17:00,30.9,False,3,1,185cm,75kg,1999,0.0,46.3,0.0,8.8,28.2,16.7,0.0,0.0,0.0,0.0,0.0,0.275,0.0,0.2,0.189,0.28,0.0,0.0,0.0,0.0
박신지,두산,2025,2025-07-03,vs. Samsung,RP,,9.0,2.0,1.0,15,1,1,2,1,0,0,0,,Home,잠실 야구장,18:30,31.2,False,4,1,185cm,75kg,1999,0.0,46.3,0.0,8.8,28.2,16.7,0.0,0.0,0.0,0.0,0.0,0.275,0.0,0.2,0.189,0.28,0.0,0.0,0.0,0.0
박신지,두산,2025,2025-07-04,vs. KT,RP,,0.0,0.0,1.0,12,0,0,0,0,1,0,0,,Home,잠실 야구장,18:30,30.1,True,0,2,185cm,75kg,1999,0.0,46.3,0.0,8.8,28.2,16.7,0.0,0.0,0.0,0.0,0.0,0.275,0.0,0.2,0.189,0.28,0.0,0.0,0.0,0.0
박신지,두산,2025,2025-07-06,vs. KT,RP,,4.5,0.5,2.0,23,1,1,1,0,1,0,1,,Home,잠실 야구장,17:00,32.5,False,1,1,185cm,75kg,1999,0.0,46.3,0.0,8.8,28.2,16.7,0.0,0.0,0.0,0.0,0.0,0.275,0.0,0.2,0.189,0.28,0.0,0.0,0.0,0.0
박신지,두산,2025,2025-07-08,@ Lotte,RP,W,0.0,2.0,1.0,21,1,0,1,0,1,1,0,,Away,사직 야구장,18:30,32.4,False,1,1,185cm,75kg,1999,0.0,46.3,0.0,8.8,28.2,16.7,0.0,0.0,0.0,0.0,0.0,0.275,0.0,0.2,0.189,0.28,0.0,0.0,0.0,0.0
박신지,두산,2025,2025-07-09,@ Lotte,RP,,0.0,0.0,1.0,14,0,0,0,0,0,0,1,,Away,사직 야구장,18:30,29.7,True,0,2,185cm,75kg,1999,0.0,46.3,0.0,8.8,28.2,16.7,0.0,0.0,0.0,0.0,0.0,0.275,0.0,0.2,0.189,0.28,0.0,0.0,0.0,0.0
박영현,KT,2025,2025-03-23,vs. Hanwha,RP,,4.5,2.0,2.0,33,1,1,2,1,2,2,0,,Home,수원 KT 위즈파크,14:00,22.7,False,0,1,183cm,91kg,2003,0.0,70.2,0.0,0.0,5.4,22.9,0.0,0.0,0.0,0.0,0.0,0.25,0.0,0.0,0.143,0.229,0.0,0.0,0.0,1.0
박영현,KT,2025,2025-03-27,vs. Doosan,RP,SV,6.75,1.5,1.333333333,19,1,1,2,1,2,0,0,,Home,수원 KT 위즈파크,18:30,11.8,False,3,1,183cm,91kg,2003,0.0,70.2,0.0,0.0,5.4,22.9,0.0,0.0,0.0,0.0,0.0,0.25,0.0,0.0,0.143,0.229,0.0,0.0,0.0,1.0
박영현,KT,2025,2025-03-28,@ Lotte,RP,SV,0.0,2.0,1.0,24,0,0,1,0,1,1,0,,Away,사직 야구장,18:30,8.1,True,0,2,183cm,91kg,2003,0.0,70.2,0.0,0.0,5.4,22.9,0.0,0.0,0.0,0.0,0.0,0.25,0.0,0.0,0.143,0.229,0.0,0.0,0.0,1.0
박영현,KT,2025,2025-03-30,@ Lotte,RP,,9.0,3.0,1.0,23,1,1,1,0,1,2,0,,Away,사직 야구장,14:00,10.2,False,1,1,183cm,91kg,2003,0.0,70.2,0.0,0.0,5.4,22.9,0.0,0.0,0.0,0.0,0.0,0.25,0.0,0.0,0.143,0.229,0.0,0.0,0.0,1.0
박영현,KT,2025,2025-04-02,vs. LG,RP,,0.0,0.0,1.0,15,0,0,0,0,1,0,0,,Home,수원 KT 위즈파크,18:30,7.9,False,2,1,183cm,91kg,2003,0.0,70.2,0.0,0.0,5.4,22.9,0.0,0.0,0.0,0.0,0.0,0.25,0.0,0.0,0.143,0.229,0.0,0.0,0.0,1.0
박영현,KT,2025,2025-04-04,@ SSG,RP,,0.0,0.0,1.666666667,16,0,0,0,0,1,0,0,,Away,인천 SSG 랜더스필드,18:30,10.4,False,1,1,183cm,91kg,2003,0.0,70.2,0.0,0.0,5.4,22.9,0.0,0.0,0.0,0.0,0.0,0.25,0.0,0.0,0.143,0.229,0.0,0.0,0.0,1.0
박영현,KT,2025,2025-04-06,@ SSG,RP,L,27.0,12.0,0.333333333,21,1,1,2,0,0,2,0,,Away,인천 SSG 랜더스필드,14:00,11.4,False,1,1,183cm,91kg,2003,0.0,70.2,0.0,0.0,5.4,22.9,0.0,0.0,0.0,0.0,0.0,0.25,0.0,0.0,0.143,0.229,0.0,0.0,0.0,1.0
박영현,KT,2025,2025-04-08,vs. NC,RP,SV,0.0,1.0,1.0,21,0,0,0,0,2,1,0,,Home,수원 KT 위즈파크,18:30,14.8,False,1,1,183cm,91kg,2003,0.0,70.2,0.0,0.0,5.4,22.9,0.0,0.0,0.0,0.0,0.0,0.25,0.0,0.0,0.143,0.229,0.0,0.0,0.0,1.0
박영현,KT,2025,2025-04-09,vs. NC,RP,SV,0.0,1.0,1.0,14,0,0,0,0,0,1,0,,Home,수원 KT 위즈파크,18:30,14.1,True,0,2,183cm,91kg,2003,0.0,70.2,0.0,0.0,5.4,22.9,0.0,0.0,0.0,0.0,0.0,0.25,0.0,0.0,0.143,0.229,0.0,0.0,0.0,1.0
박영현,KT,2025,2025-04-11,vs. Samsung,RP,SV,0.0,0.0,1.0,10,0,0,0,0,2,0,0,,Home,수원 KT 위즈파크,18:30,20.5,False,1,1,183cm,91kg,2003,0.0,70.2,0.0,0.0,5.4,22.9,0.0,0.0,0.0,0.0,0.0,0.25,0.0,0.0,0.143,0.229,0.0,0.0,0.0,1.0
박영현,KT,2025,2025-04-13,vs. Samsung,RP,SV,0.0,0.6,1.666666667,23,0,0,1,0,3,0,0,,Home,수원 KT 위즈파크,14:00,3.6,False,1,1,183cm,91kg,2003,0.0,70.2,0.0,0.0,5.4,22.9,0.0,0.0,0.0,0.0,0.0,0.25,0.0,0.0,0.143,0.229,0.0,0.0,0.0,1.0
박영현,KT,2025,2025-04-16,@ Kia,RP,SV,0.0,0.0,1.0,12,0,0,0,0,1,0,0,,Away,광주 기아 챔피언스 필드,18:30,21.7,False,2,1,183cm,91kg,2003,0.0,70.2,0.0,0.0,5.4,22.9,0.0,0.0,0.0,0.0,0.0,0.25,0.0,0.0,0.143,0.229,0.0,0.0,0.0,1.0
박영현,KT,2025,2025-04-17,@ Kia,RP,L,54.0,12.0,0.333333333,18,2,2,3,0,0,1,0,,Away,광주 기아 챔피언스 필드,18:30,22.8,True,0,2,183cm,91kg,2003,0.0,70.2,0.0,0.0,5.4,22.9,0.0,0.0,0.0,0.0,0.0,0.25,0.0,0.0,0.143,0.229,0.0,0.0,0.0,1.0
박영현,KT,2025,2025-04-24,vs. SSG,RP,,0.0,0.0,1.0,12,0,0,0,0,1,0,0,,Home,수원 KT 위즈파크,18:30,14.9,False,6,1,183cm,91kg,2003,0.0,70.2,0.0,0.0,5.4,22.9,0.0,0.0,0.0,0.0,0.0,0.25,0.0,0.0,0.143,0.229,0.0,0.0,0.0,1.0
박영현,KT,2025,2025-04-25,@ Hanwha,RP,SV,0.0,2.0,1.0,26,0,0,2,0,2,0,0,,Away,대전 한화생명 볼파크,18:30,16.9,True,0,2,183cm,91kg,2003,0.0,70.2,0.0,0.0,5.4,22.9,0.0,0.0,0.0,0.0,0.0,0.25,0.0,0.0,0.143,0.229,0.0,0.0,0.0,1.0
박영현,KT,2025,2025-04-29,@ Doosan,RP,SV,18.0,3.0,1.0,29,2,2,3,0,1,0,0,,Away,잠실 야구장,18:30,19.0,False,3,1,183cm,91kg,2003,0.0,70.2,0.0,0.0,5.4,22.9,0.0,0.0,0.0,0.0,0.0,0.25,0.0,0.0,0.143,0.229,0.0,0.0,0.0,1.0
박영현,KT,2025,2025-05-01,@ Doosan,RP,,0.0,1.0,2.0,32,0,0,0,0,4,2,0,,Away,잠실 야구장,18:30,14.4,False,1,1,183cm,91kg,2003,0.0,70.2,0.0,0.0,5.4,22.9,0.0,0.0,0.0,0.0,0.0,0.25,0.0,0.0,0.143,0.229,0.0,0.0,0.0,1.0
박영현,KT,2025,2025-05-04,vs. Kiwoom,RP,SV,0.0,1.0,1.0,12,0,0,1,0,2,0,0,,Home,수원 KT 위즈파크,14:00,19.3,False,2,1,183cm,91kg,2003,0.0,70.2,0.0,0.0,5.4,22.9,0.0,0.0,0.0,0.0,0.0,0.25,0.0,0.0,0.143,0.229,0.0,0.0,0.0,1.0
박영현,KT,2025,2025-05-11,vs. Lotte,RP,,0.0,0.0,1.0,17,0,0,0,0,1,0,0,,Home,수원 KT 위즈파크,14:00,19.4,False,6,1,183cm,91kg,2003,0.0,70.2,0.0,0.0,5.4,22.9,0.0,0.0,0.0,0.0,0.0,0.25,0.0,0.0,0.143,0.229,0.0,0.0,0.0,1.0
박영현,KT,2025,2025-05-14,@ Samsung,RP,SV,0.0,0.0,1.0,9,0,0,0,0,0,0,0,,Away,대구 삼성 라이온즈 파크,18:30,20.5,False,2,1,183cm,91kg,2003,0.0,70.2,0.0,0.0,5.4,22.9,0.0,0.0,0.0,0.0,0.0,0.25,0.0,0.0,0.143,0.229,0.0,0.0,0.0,1.0
박영현,KT,2025,2025-05-17,@ LG,RP,SV,0.0,2.0,1.0,17,0,0,1,0,0,1,0,,Away,잠실 야구장,17:00,18.9,False,2,1,183cm,91kg,2003,0.0,70.2,0.0,0.0,5.4,22.9,0.0,0.0,0.0,0.0,0.0,0.25,0.0,0.0,0.143,0.229,0.0,0.0,0.0,1.0
박영현,KT,2025,2025-05-17,@ LG,RP,SV,0.0,0.0,1.333333333,12,0,0,0,0,1,0,0,,Away,잠실 야구장,17:00,18.9,False,-1,1,183cm,91kg,2003,0.0,70.2,0.0,0.0,5.4,22.9,0.0,0.0,0.0,0.0,0.0,0.25,0.0,0.0,0.143,0.229,0.0,0.0,0.0,1.0
박영현,KT,2025,2025-05-20,vs. Kia,RP,SV,9.0,3.0,1.0,23,1,1,3,0,2,0,0,,Home,수원 KT 위즈파크,18:30,25.6,False,2,1,183cm,91kg,2003,0.0,70.2,0.0,0.0,5.4,22.9,0.0,0.0,0.0,0.0,0.0,0.25,0.0,0.0,0.143,0.229,0.0,0.0,0.0,1.0
박영현,KT,2025,2025-05-21,vs. Kia,RP,SV,0.0,1.0,1.0,19,0,0,1,0,0,0,0,,Home,수원 KT 위즈파크,18:30,26.8,True,0,2,183cm,91kg,2003,0.0,70.2,0.0,0.0,5.4,22.9,0.0,0.0,0.0,0.0,0.0,0.25,0.0,0.0,0.143,0.229,0.0,0.0,0.0,1.0
박영현,KT,2025,2025-05-23,@ Kiwoom,RP,SV,9.0,3.0,1.0,21,1,1,3,0,1,0,0,,Away,고척 스카이돔,18:30,25.5,False,1,1,183cm,91kg,2003,0.0,70.2,0.0,0.0,5.4,22.9,0.0,0.0,0.0,0.0,0.0,0.25,0.0,0.0,0.143,0.229,0.0,0.0,0.0,1.0
박영현,KT,2025,2025-05-25,@ Kiwoom,RP,SV,0.0,2.0,1.0,23,0,0,1,0,1,1,0,,Away,고척 스카이돔,14:00,25.5,False,1,1,183cm,91kg,2003,0.0,70.2,0.0,0.0,5.4,22.9,0.0,0.0,0.0,0.0,0.0,0.25,0.0,0.0,0.143,0.229,0.0,0.0,0.0,1.0
박영현,KT,2025,2025-05-27,vs. Doosan,RP,SV,0.0,0.0,1.333333333,17,0,0,0,0,1,0,0,,Home,수원 KT 위즈파크,18:30,22.9,False,1,1,183cm,91kg,2003,0.0,70.2,0.0,0.0,5.4,22.9,0.0,0.0,0.0,0.0,0.0,0.25,0.0,0.0,0.143,0.229,0.0,0.0,0.0,1.0
박영현,KT,2025,2025-05-30,vs. Kia,RP,SV,0.0,0.0,1.0,15,0,0,0,0,1,0,0,,Home,수원 KT 위즈파크,18:30,24.2,False,2,1,183cm,91kg,2003,0.0,70.2,0.0,0.0,5.4,22.9,0.0,0.0,0.0,0.0,0.0,0.25,0.0,0.0,0.143,0.229,0.0,0.0,0.0,1.0
박영현,KT,2025,2025-05-31,vs. Kia,RP,W,0.0,0.75,1.333333333,21,0,0,0,0,2,1,0,,Home,수원 KT 위즈파크,17:00,22.8,True,0,2,183cm,91kg,2003,0.0,70.2,0.0,0.0,5.4,22.9,0.0,0.0,0.0,0.0,0.0,0.25,0.0,0.0,0.143,0.229,0.0,0.0,0.0,1.0
박영현,KT,2025,2025-06-07,vs. SSG,RP,SV,0.0,0.75,1.333333333,25,0,0,1,0,3,0,0,,Home,수원 KT 위즈파크,17:00,26.6,False,6,1,183cm,91kg,2003,0.0,70.2,0.0,0.0,5.4,22.9,0.0,0.0,0.0,0.0,0.0,0.25,0.0,0.0,0.143,0.229,0.0,0.0,0.0,1.0
박영현,KT,2025,2025-06-08,vs. SSG,RP,,0.0,0.0,0.333333333,2,0,0,0,0,0,0,0,,Home,수원 KT 위즈파크,17:00,28.1,True,0,2,183cm,91kg,2003,0.0,70.2,0.0,0.0,5.4,22.9,0.0,0.0,0.0,0.0,0.0,0.25,0.0,0.0,0.143,0.229,0.0,0.0,0.0,1.0
박영현,KT,2025,2025-06-11,vs. Lotte,RP,,0.0,3.0,0.666666667,22,0,0,1,0,1,1,0,,Home,수원 KT 위즈파크,18:30,23.4,False,2,1,183cm,91kg,2003,0.0,70.2,0.0,0.0,5.4,22.9,0.0,0.0,0.0,0.0,0.0,0.25,0.0,0.0,0.143,0.229,0.0,0.0,0.0,1.0
박영현,KT,2025,2025-06-12,vs. Lotte,RP,L,13.5,9.0,0.666666667,38,5,1,2,0,2,4,0,,Home,수원 KT 위즈파크,18:30,26.9,True,0,2,183cm,91kg,2003,0.0,70.2,0.0,0.0,5.4,22.9,0.0,0.0,0.0,0.0,0.0,0.25,0.0,0.0,0.143,0.229,0.0,0.0,0.0,1.0
박영현,KT,2025,2025-06-19,@ Kia,RP,,0.0,1.0,1.0,20,0,0,1,0,0,0,0,,Away,광주 기아 챔피언스 필드,18:30,29.3,False,6,1,183cm,91kg,2003,0.0,70.2,0.0,0.0,5.4,22.9,0.0,0.0,0.0,0.0,0.0,0.25,0.0,0.0,0.143,0.229,0.0,0.0,0.0,1.0
박영현,KT,2025,2025-06-21,vs. NC,RP,SV,0.0,2.0,1.0,19,0,0,2,0,1,0,0,,Home,수원 KT 위즈파크,17:00,24.3,False,1,1,183cm,91kg,2003,0.0,70.2,0.0,0.0,5.4,22.9,0.0,0.0,0.0,0.0,0.0,0.25,0.0,0.0,0.143,0.229,0.0,0.0,0.0,1.0
박영현,KT,2025,2025-06-22,vs. NC,RP,,0.0,1.5,0.666666667,8,0,0,1,0,1,0,0,,Home,수원 KT 위즈파크,17:00,26.8,True,0,2,183cm,91kg,2003,0.0,70.2,0.0,0.0,5.4,22.9,0.0,0.0,0.0,0.0,0.0,0.25,0.0,0.0,0.143,0.229,0.0,0.0,0.0,1.0
박영현,KT,2025,2025-06-24,vs. LG,RP,,0.0,1.0,1.0,13,0,0,0,0,1,1,0,,Home,수원 KT 위즈파크,18:30,26.7,False,1,1,183cm,91kg,2003,0.0,70.2,0.0,0.0,5.4,22.9,0.0,0.0,0.0,0.0,0.0,0.25,0.0,0.0,0.143,0.229,0.0,0.0,0.0,1.0
박영현,KT,2025,2025-06-26,vs. LG,RP,L,18.0,2.0,1.0,15,2,2,2,0,0,0,1,,Home,수원 KT 위즈파크,18:30,25.8,False,1,1,183cm,91kg,2003,0.0,70.2,0.0,0.0,5.4,22.9,0.0,0.0,0.0,0.0,0.0,0.25,0.0,0.0,0.143,0.229,0.0,0.0,0.0,1.0
박영현,KT,2025,2025-06-27,@ Lotte,RP,SV,0.0,0.0,1.0,11,0,0,0,0,0,0,0,,Away,사직 야구장,18:30,25.9,True,0,2,183cm,91kg,2003,0.0,70.2,0.0,0.0,5.4,22.9,0.0,0.0,0.0,0.0,0.0,0.25,0.0,0.0,0.143,0.229,0.0,0.0,0.0,1.0
박영현,KT,2025,2025-07-02,vs. Kiwoom,RP,SV,0.0,1.2,1.666666667,26,0,0,2,0,0,0,0,,Home,수원 KT 위즈파크,18:30,30.9,False,4,1,183cm,91kg,2003,0.0,70.2,0.0,0.0,5.4,22.9,0.0,0.0,0.0,0.0,0.0,0.25,0.0,0.0,0.143,0.229,0.0,0.0,0.0,1.0
박영현,KT,2025,2025-07-03,vs. Kiwoom,RP,SV,0.0,0.0,0.333333333,11,0,0,0,0,0,0,0,,Home,수원 KT 위즈파크,18:30,30.9,True,0,2,183cm,91kg,2003,0.0,70.2,0.0,0.0,5.4,22.9,0.0,0.0,0.0,0.0,0.0,0.25,0.0,0.0,0.143,0.229,0.0,0.0,0.0,1.0
박영현,KT,2025,2025-07-04,@ Doosan,RP,SV,0.0,1.0,1.0,18,0,0,1,0,2,0,0,,Away,잠실 야구장,18:30,30.1,True,0,3,183cm,91kg,2003,0.0,70.2,0.0,0.0,5.4,22.9,0.0,0.0,0.0,0.0,0.0,0.25,0.0,0.0,0.143,0.229,0.0,0.0,0.0,1.0
박영현,KT,2025,2025-07-10,@ SSG,RP,SV,0.0,3.0,1.0,26,0,0,1,0,1,2,0,,Away,인천 SSG 랜더스필드,18:30,33.4,False,5,1,183cm,91kg,2003,0.0,70.2,0.0,0.0,5.4,22.9,0.0,0.0,0.0,0.0,0.0,0.25,0.0,0.0,0.143,0.229,0.0,0.0,0.0,1.0
박윤성,키움,2025,2025-03-26,@ Kia,RP,,9.0,2.0,1.0,22,1,1,1,0,1,1,0,,Away,광주 기아 챔피언스 필드,18:30,23.3,False,0,1,183cm,96kg,2004,0.0,61.8,0.0,17.9,17.9,0.6,0.0,1.7,0.0,0.0,0.0,0.333,0.0,0.154,0.167,0.0,0.0,0.0,0.0,0.0
박윤성,키움,2025,2025-03-27,@ Kia,RP,SV,0.0,1.0,1.0,24,0,0,1,0,2,0,0,,Away,광주 기아 챔피언스 필드,18:30,14.1,True,0,2,183cm,96kg,2004,0.0,61.8,0.0,17.9,17.9,0.6,0.0,1.7,0.0,0.0,0.0,0.333,0.0,0.154,0.167,0.0,0.0,0.0,0.0,0.0
박윤성,키움,2025,2025-03-29,vs. SSG,RP,H,0.0,0.0,1.0,10,0,0,0,0,1,0,0,,Home,고척 스카이돔,17:00,25.5,False,1,1,183cm,96kg,2004,0.0,61.8,0.0,17.9,17.9,0.6,0.0,1.7,0.0,0.0,0.0,0.333,0.0,0.154,0.167,0.0,0.0,0.0,0.0,0.0
박윤성,키움,2025,2025-04-02,@ Doosan,RP,L,9.0,2.0,1.0,23,2,1,1,0,1,1,0,,Away,잠실 야구장,18:30,8.4,False,3,1,183cm,96kg,2004,0.0,61.8,0.0,17.9,17.9,0.6,0.0,1.7,0.0,0.0,0.0,0.333,0.0,0.154,0.167,0.0,0.0,0.0,0.0,0.0
박윤성,키움,2025,2025-04-05,vs. NC,RP,,0.0,0.0,1.0,13,0,0,0,0,1,0,0,,Home,고척 스카이돔,17:00,25.5,False,2,1,183cm,96kg,2004,0.0,61.8,0.0,17.9,17.9,0.6,0.0,1.7,0.0,0.0,0.0,0.333,0.0,0.154,0.167,0.0,0.0,0.0,0.0,0.0
박윤성,키움,2025,2025-04-06,vs. NC,RP,,0.0,1.5,0.666666667,13,0,0,1,0,0,0,0,,Home,고척 스카이돔,14:00,25.5,True,0,2,183cm,96kg,2004,0.0,61.8,0.0,17.9,17.9,0.6,0.0,1.7,0.0,0.0,0.0,0.333,0.0,0.154,0.167,0.0,0.0,0.0,0.0,0.0
박윤성,키움,2025,2025-04-12,@ Hanwha,RP,H,0.0,1.0,1.0,21,0,0,0,0,2,1,0,,Away,대전 한화생명 볼파크,17:00,19.3,False,5,1,183cm,96kg,2004,0.0,61.8,0.0,17.9,17.9,0.6,0.0,1.7,0.0,0.0,0.0,0.333,0.0,0.154,0.167,0.0,0.0,0.0,0.0,0.0
박윤성,키움,2025,2025-04-15,@ Lotte,RP,L,81.0,9.0,0.333333333,19,3,3,3,1,0,0,0,,Away,사직 야구장,18:30,12.8,False,2,1,183cm,96kg,2004,0.0,61.8,0.0,17.9,17.9,0.6,0.0,1.7,0.0,0.0,0.0,0.333,0.0,0.154,0.167,0.0,0.0,0.0,0.0,0.0
박윤성,키움,2025,2025-04-18,vs. KT,RP,,0.0,0.0,1.333333333,14,0,0,0,0,0,0,0,,Home,고척 스카이돔,18:30,25.5,False,2,1,183cm,96kg,2004,0.0,61.8,0.0,17.9,17.9,0.6,0.0,1.7,0.0,0.0,0.0,0.333,0.0,0.154,0.167,0.0,0.0,0.0,0.0,0.0
박윤성,키움,2025,2025-04-22,vs. Doosan,RP,,0.0,9.0,0.333333333,11,1,0,2,0,0,1,0,,Home,고척 스카이돔,18:30,25.5,False,3,1,183cm,96kg,2004,0.0,61.8,0.0,17.9,17.9,0.6,0.0,1.7,0.0,0.0,0.0,0.333,0.0,0.154,0.167,0.0,0.0,0.0,0.0,0.0
박윤성,키움,2025,2025-04-25,@ SSG,RP,L,9.0,1.0,1.0,11,1,1,1,1,1,0,0,,Away,인천 SSG 랜더스필드,18:30,14.2,False,2,1,183cm,96kg,2004,0.0,61.8,0.0,17.9,17.9,0.6,0.0,1.7,0.0,0.0,0.0,0.333,0.0,0.154,0.167,0.0,0.0,0.0,0.0,0.0
박윤성,키움,2025,2025-04-26,@ SSG,RP,,0.0,0.0,1.0,15,0,0,0,0,2,0,0,,Away,인천 SSG 랜더스필드,17:00,14.5,True,0,2,183cm,96kg,2004,0.0,61.8,0.0,17.9,17.9,0.6,0.0,1.7,0.0,0.0,0.0,0.333,0.0,0.154,0.167,0.0,0.0,0.0,0.0,0.0
박윤성,키움,2025,2025-04-27,@ SSG,RP,,9.0,2.0,1.0,22,1,1,2,0,1,0,0,,Away,인천 SSG 랜더스필드,14:00,14.9,True,0,3,183cm,96kg,2004,0.0,61.8,0.0,17.9,17.9,0.6,0.0,1.7,0.0,0.0,0.0,0.333,0.0,0.154,0.167,0.0,0.0,0.0,0.0,0.0
박윤성,키움,2025,2025-05-01,vs. Lotte,RP,,0.0,0.0,1.0,15,0,0,0,0,1,0,0,,Home,고척 스카이돔,18:30,25.5,False,3,1,183cm,96kg,2004,0.0,61.8,0.0,17.9,17.9,0.6,0.0,1.7,0.0,0.0,0.0,0.333,0.0,0.154,0.167,0.0,0.0,0.0,0.0,0.0
박윤성,키움,2025,2025-05-02,@ KT,RP,H,0.0,1.5,1.333333333,17,0,0,1,0,1,1,0,,Away,수원 KT 위즈파크,18:30,14.5,True,0,2,183cm,96kg,2004,0.0,61.8,0.0,17.9,17.9,0.6,0.0,1.7,0.0,0.0,0.0,0.333,0.0,0.154,0.167,0.0,0.0,0.0,0.0,0.0
박윤성,키움,2025,2025-05-04,@ KT,RP,L,6.75,1.5,1.333333333,16,1,1,2,1,2,0,0,,Away,수원 KT 위즈파크,14:00,19.3,False,1,1,183cm,96kg,2004,0.0,61.8,0.0,17.9,17.9,0.6,0.0,1.7,0.0,0.0,0.0,0.333,0.0,0.154,0.167,0.0,0.0,0.0,0.0,0.0
박윤성,키움,2025,2025-05-06,vs. Kia,RP,L,0.0,,0.0,16,2,2,2,0,0,1,0,,Home,고척 스카이돔,18:30,25.5,False,1,1,183cm,96kg,2004,0.0,61.8,0.0,17.9,17.9,0.6,0.0,1.7,0.0,0.0,0.0,0.333,0.0,0.154,0.167,0.0,0.0,0.0,0.0,0.0
박윤성,키움,2025,2025-05-23,vs. KT,RP,,0.0,1.0,1.0,13,0,0,1,0,0,0,0,,Home,고척 스카이돔,18:30,25.5,False,16,1,183cm,96kg,2004,0.0,61.8,0.0,17.9,17.9,0.6,0.0,1.7,0.0,0.0,0.0,0.333,0.0,0.154,0.167,0.0,0.0,0.0,0.0,0.0
박윤성,키움,2025,2025-05-25,vs. KT,RP,,0.0,0.0,0.666666667,6,0,0,0,0,0,0,0,,Home,고척 스카이돔,14:00,25.5,False,1,1,183cm,96kg,2004,0.0,61.8,0.0,17.9,17.9,0.6,0.0,1.7,0.0,0.0,0.0,0.333,0.0,0.154,0.167,0.0,0.0,0.0,0.0,0.0
박윤성,키움,2025,2025-05-28,@ Kia,RP,,0.0,,0.0,7,1,0,2,0,0,0,0,,Away,광주 기아 챔피언스 필드,18:30,26.5,False,2,1,183cm,96kg,2004,0.0,61.8,0.0,17.9,17.9,0.6,0.0,1.7,0.0,0.0,0.0,0.333,0.0,0.154,0.167,0.0,0.0,0.0,0.0,0.0
박윤성,키움,2025,2025-05-30,vs. Doosan,RP,,0.0,2.0,1.0,15,0,0,1,0,1,1,0,,Home,고척 스카이돔,18:30,25.5,False,1,1,183cm,96kg,2004,0.0,61.8,0.0,17.9,17.9,0.6,0.0,1.7,0.0,0.0,0.0,0.333,0.0,0.154,0.167,0.0,0.0,0.0,0.0,0.0
박윤성,키움,2025,2025-06-08,vs. LG,RP,,0.0,2.0,1.0,25,0,0,1,0,1,1,0,,Home,고척 스카이돔,14:00,25.5,False,8,1,183cm,96kg,2004,0.0,61.8,0.0,17.9,17.9,0.6,0.0,1.7,0.0,0.0,0.0,0.333,0.0,0.154,0.167,0.0,0.0,0.0,0.0,0.0
박윤성,키움,2025,2025-06-10,vs. NC,RP,,0.0,1.0,1.0,15,0,0,1,0,0,0,0,,Home,고척 스카이돔,18:30,25.5,False,1,1,183cm,96kg,2004,0.0,61.8,0.0,17.9,17.9,0.6,0.0,1.7,0.0,0.0,0.0,0.333,0.0,0.154,0.167,0.0,0.0,0.0,0.0,0.0
박윤성,키움,2025,2025-06-12,vs. NC,RP,,0.0,0.0,0.333333333,2,0,0,0,0,0,0,0,,Home,고척 스카이돔,18:30,25.5,False,1,1,183cm,96kg,2004,0.0,61.8,0.0,17.9,17.9,0.6,0.0,1.7,0.0,0.0,0.0,0.333,0.0,0.154,0.167,0.0,0.0,0.0,0.0,0.0
박윤성,키움,2025,2025-06-17,vs. SSG,RP,,0.0,1.0,1.0,16,0,0,1,0,1,0,0,,Home,고척 스카이돔,18:30,25.5,False,4,1,183cm,96kg,2004,0.0,61.8,0.0,17.9,17.9,0.6,0.0,1.7,0.0,0.0,0.0,0.333,0.0,0.154,0.167,0.0,0.0,0.0,0.0,0.0
박윤성,키움,2025,2025-06-19,vs. SSG,RP,,0.0,1.0,1.0,15,0,0,0,0,0,1,0,,Home,고척 스카이돔,18:30,25.5,False,1,1,183cm,96kg,2004,0.0,61.8,0.0,17.9,17.9,0.6,0.0,1.7,0.0,0.0,0.0,0.333,0.0,0.154,0.167,0.0,0.0,0.0,0.0,0.0
박윤성,키움,2025,2025-06-24,vs. Kia,RP,H,0.0,0.0,1.0,9,0,0,0,0,0,0,0,,Home,고척 스카이돔,18:30,25.5,False,4,1,183cm,96kg,2004,0.0,61.8,0.0,17.9,17.9,0.6,0.0,1.7,0.0,0.0,0.0,0.333,0.0,0.154,0.167,0.0,0.0,0.0,0.0,0.0
박윤성,키움,2025,2025-06-25,vs. Kia,RP,,9.0,1.0,1.0,23,1,1,1,1,1,0,0,,Home,고척 스카이돔,18:30,25.5,True,0,2,183cm,96kg,2004,0.0,61.8,0.0,17.9,17.9,0.6,0.0,1.7,0.0,0.0,0.0,0.333,0.0,0.154,0.167,0.0,0.0,0.0,0.0,0.0
박윤성,키움,2025,2025-07-02,@ KT,RP,,0.0,0.0,2.0,29,0,0,0,0,1,0,0,,Away,수원 KT 위즈파크,18:30,30.9,False,6,1,183cm,96kg,2004,0.0,61.8,0.0,17.9,17.9,0.6,0.0,1.7,0.0,0.0,0.0,0.333,0.0,0.154,0.167,0.0,0.0,0.0,0.0,0.0
박윤성,키움,2025,2025-07-05,vs. Hanwha,RP,,0.0,0.0,0.666666667,9,0,0,0,0,1,0,0,,Home,고척 스카이돔,18:00,25.5,False,2,1,183cm,96kg,2004,0.0,61.8,0.0,17.9,17.9,0.6,0.0,1.7,0.0,0.0,0.0,0.333,0.0,0.154,0.167,0.0,0.0,0.0,0.0,0.0
박윤성,키움,2025,2025-07-06,vs. Hanwha,RP,,36.0,4.0,1.0,25,4,4,4,2,1,0,0,,Home,고척 스카이돔,14:00,25.5,True,0,2,183cm,96kg,2004,0.0,61.8,0.0,17.9,17.9,0.6,0.0,1.7,0.0,0.0,0.0,0.333,0.0,0.154,0.167,0.0,0.0,0.0,0.0,0.0
박윤성,키움,2025,2025-07-09,@ LG,RP,,4.5,1.5,2.0,23,1,1,2,0,0,1,0,,Away,잠실 야구장,18:30,34.5,False,2,1,183cm,96kg,2004,0.0,61.8,0.0,17.9,17.9,0.6,0.0,1.7,0.0,0.0,0.0,0.333,0.0,0.154,0.167,0.0,0.0,0.0,0.0,0.0
박정수,두산,2025,2025-03-23,@ SSG,RP,,0.0,0.0,0.666666667,7,0,0,0,0,1,0,0,,Away,인천 SSG 랜더스필드,14:00,18.1,False,0,1,178cm,74kg,1996,3.3,30.6,0.0,16.6,29.0,19.9,0.0,0.0,0.0,0.0,0.0,0.421,0.0,0.333,0.381,0.278,0.0,0.0,0.0,0.0
박정수,두산,2025,2025-03-25,@ KT,RP,,0.0,0.0,0.333333333,5,0,0,0,0,0,0,0,,Away,수원 KT 위즈파크,18:30,12.6,False,1,1,178cm,74kg,1996,3.3,30.6,0.0,16.6,29.0,19.9,0.0,0.0,0.0,0.0,0.0,0.421,0.0,0.333,0.381,0.278,0.0,0.0,0.0,0.0
박정수,두산,2025,2025-03-26,@ KT,RP,H,0.0,0.0,0.666666667,10,0,0,0,0,0,0,0,,Away,수원 KT 위즈파크,18:30,24.1,True,0,2,178cm,74kg,1996,3.3,30.6,0.0,16.6,29.0,19.9,0.0,0.0,0.0,0.0,0.0,0.421,0.0,0.333,0.381,0.278,0.0,0.0,0.0,0.0
박정수,두산,2025,2025-03-29,vs. Samsung,RP,,27.0,3.0,0.333333333,4,1,1,1,0,0,0,0,,Home,잠실 야구장,17:00,1.5,False,2,1,178cm,74kg,1996,3.3,30.6,0.0,16.6,29.0,19.9,0.0,0.0,0.0,0.0,0.0,0.421,0.0,0.333,0.381,0.278,0.0,0.0,0.0,0.0
박정수,두산,2025,2025-04-03,vs. Kiwoom,RP,,0.0,1.0,1.0,13,0,0,1,0,2,0,0,,Home,잠실 야구장,18:30,12.8,False,4,1,178cm,74kg,1996,3.3,30.6,0.0,16.6,29.0,19.9,0.0,0.0,0.0,0.0,0.0,0.421,0.0,0.333,0.381,0.278,0.0,0.0,0.0,0.0
박정수,두산,2025,2025-04-05,@ Lotte,RP,,13.5,4.5,0.666666667,19,2,1,3,0,0,0,0,,Away,사직 야구장,17:00,13.4,False,1,1,178cm,74kg,1996,3.3,30.6,0.0,16.6,29.0,19.9,0.0,0.0,0.0,0.0,0.0,0.421,0.0,0.333,0.381,0.278,0.0,0.0,0.0,0.0
박정수,두산,2025,2025-04-06,@ Lotte,RP,,9.0,3.0,1.0,25,1,1,2,0,2,1,0,,Away,사직 야구장,14:00,16.6,True,0,2,178cm,74kg,1996,3.3,30.6,0.0,16.6,29.0,19.9,0.0,0.0,0.0,0.0,0.0,0.421,0.0,0.333,0.381,0.278,0.0,0.0,0.0,0.0
박정수,두산,2025,2025-04-09,vs. Hanwha,RP,,0.0,6.0,0.333333333,10,0,0,2,0,1,0,0,,Home,잠실 야구장,18:30,14.9,False,2,1,178cm,74kg,1996,3.3,30.6,0.0,16.6,29.0,19.9,0.0,0.0,0.0,0.0,0.0,0.421,0.0,0.333,0.381,0.278,0.0,0.0,0.0,0.0
박정수,두산,2025,2025-04-11,@ LG,RP,,0.0,1.5,0.666666667,7,0,0,1,0,0,0,0,,Away,잠실 야구장,18:30,21.7,False,1,1,178cm,74kg,1996,3.3,30.6,0.0,16.6,29.0,19.9,0.0,0.0,0.0,0.0,0.0,0.421,0.0,0.333,0.381,0.278,0.0,0.0,0.0,0.0
박정수,두산,2025,2025-04-12,@ LG,RP,,27.0,3.0,0.333333333,11,1,1,0,0,0,1,0,,Away,잠실 야구장,17:00,17.1,True,0,2,178cm,74kg,1996,3.3,30.6,0.0,16.6,29.0,19.9,0.0,0.0,0.0,0.0,0.0,0.421,0.0,0.333,0.381,0.278,0.0,0.0,0.0,0.0
박정수,두산,2025,2025-04-19,vs. Kia,RP,,9.0,4.0,1.0,21,1,1,3,0,1,1,0,,Home,잠실 야구장,17:00,14.6,False,6,1,178cm,74kg,1996,3.3,30.6,0.0,16.6,29.0,19.9,0.0,0.0,0.0,0.0,0.0,0.421,0.0,0.333,0.381,0.278,0.0,0.0,0.0,0.0
박정수,두산,2025,2025-05-15,@ Hanwha,RP,W,0.0,0.5,4.0,39,0,0,1,0,0,1,1,,Away,대전 한화생명 볼파크,18:30,22.7,False,25,1,178cm,74kg,1996,3.3,30.6,0.0,16.6,29.0,19.9,0.0,0.0,0.0,0.0,0.0,0.421,0.0,0.333,0.381,0.278,0.0,0.0,0.0,0.0
박정수,두산,2025,2025-05-21,vs. SSG,RP,,0.0,,0.0,11,3,3,1,0,0,2,0,,Home,잠실 야구장,18:30,27.8,False,5,1,178cm,74kg,1996,3.3,30.6,0.0,16.6,29.0,19.9,0.0,0.0,0.0,0.0,0.0,0.421,0.0,0.333,0.381,0.278,0.0,0.0,0.0,0.0
박정수,두산,2025,2025-06-04,vs. Kia,RP,,0.0,,0.0,10,0,0,1,0,0,0,0,,Home,잠실 야구장,18:30,22.5,False,13,1,178cm,74kg,1996,3.3,30.6,0.0,16.6,29.0,19.9,0.0,0.0,0.0,0.0,0.0,0.421,0.0,0.333,0.381,0.278,0.0,0.0,0.0,0.0
박정수,두산,2025,2025-06-07,vs. Lotte,RP,,0.0,1.0,2.0,21,0,0,1,0,1,1,0,,Home,잠실 야구장,17:00,27.0,False,2,1,178cm,74kg,1996,3.3,30.6,0.0,16.6,29.0,19.9,0.0,0.0,0.0,0.0,0.0,0.421,0.0,0.333,0.381,0.278,0.0,0.0,0.0,0.0
박정수,두산,2025,2025-06-10,@ Hanwha,RP,,0.0,0.0,0.666666667,5,0,0,0,0,0,0,0,,Away,대전 한화생명 볼파크,18:30,26.6,False,2,1,178cm,74kg,1996,3.3,30.6,0.0,16.6,29.0,19.9,0.0,0.0,0.0,0.0,0.0,0.421,0.0,0.333,0.381,0.278,0.0,0.0,0.0,0.0
박정수,두산,2025,2025-06-11,@ Hanwha,RP,,9.0,2.0,2.0,38,2,2,4,0,0,0,2,,Away,대전 한화생명 볼파크,18:30,25.3,True,0,2,178cm,74kg,1996,3.3,30.6,0.0,16.6,29.0,19.9,0.0,0.0,0.0,0.0,0.0,0.421,0.0,0.333,0.381,0.278,0.0,0.0,0.0,0.0
박정수,두산,2025,2025-07-04,vs. KT,RP,,0.0,3.0,1.0,22,0,0,3,0,1,0,0,,Home,잠실 야구장,18:30,30.1,False,22,1,178cm,74kg,1996,3.3,30.6,0.0,16.6,29.0,19.9,0.0,0.0,0.0,0.0,0.0,0.421,0.0,0.333,0.381,0.278,0.0,0.0,0.0,0.0
박정수,두산,2025,2025-07-08,@ Lotte,RP,,0.0,1.0,1.0,12,0,0,1,0,0,0,0,,Away,사직 야구장,18:30,32.4,False,3,1,178cm,74kg,1996,3.3,30.6,0.0,16.6,29.0,19.9,0.0,0.0,0.0,0.0,0.0,0.421,0.0,0.333,0.381,0.278,0.0,0.0,0.0,0.0
박정훈,키움,2025,2025-05-21,vs. Samsung,RP,,9.0,2.0,1.0,15,1,1,1,0,0,1,0,,Home,고척 스카이돔,18:30,25.5,False,0,1,192cm,103kg,2006,70.2,2.9,0.0,0.0,19.2,7.7,0.0,0.0,0.0,0.0,0.353,0.5,0.0,0.0,0.0,0.0,0.0,0.0,0.0,0.0
박정훈,키움,2025,2025-05-23,vs. KT,RP,,0.0,1.0,1.0,7,0,0,1,0,0,0,0,,Home,고척 스카이돔,18:30,25.5,False,1,1,192cm,103kg,2006,70.2,2.9,0.0,0.0,19.2,7.7,0.0,0.0,0.0,0.0,0.353,0.5,0.0,0.0,0.0,0.0,0.0,0.0,0.0,0.0
박정훈,키움,2025,2025-05-24,vs. KT,RP,,0.0,3.0,1.0,29,0,0,1,0,0,2,0,,Home,고척 스카이돔,17:00,25.5,True,0,2,192cm,103kg,2006,70.2,2.9,0.0,0.0,19.2,7.7,0.0,0.0,0.0,0.0,0.353,0.5,0.0,0.0,0.0,0.0,0.0,0.0,0.0,0.0
박정훈,키움,2025,2025-07-06,vs. Hanwha,RP,,27.0,4.0,1.0,32,3,3,4,1,1,0,0,,Home,고척 스카이돔,14:00,25.5,False,42,1,192cm,103kg,2006,70.2,2.9,0.0,0.0,19.2,7.7,0.0,0.0,0.0,0.0,0.353,0.5,0.0,0.0,0.0,0.0,0.0,0.0,0.0,0.0
박정훈,키움,2025,2025-07-09,@ LG,RP,,0.0,0.0,1.0,21,0,0,0,0,0,0,0,,Away,잠실 야구장,18:30,34.5,False,2,1,192cm,103kg,2006,70.2,2.9,0.0,0.0,19.2,7.7,0.0,0.0,0.0,0.0,0.353,0.5,0.0,0.0,0.0,0.0,0.0,0.0,0.0,0.0
박치국,두산,2025,2025-03-23,@ SSG,RP,,0.0,,0.0,5,1,1,2,0,0,0,0,,Away,인천 SSG 랜더스필드,14:00,18.1,False,0,1,177cm,78kg,1998,28.0,40.0,0.0,0.0,28.3,2.5,0.0,0.4,0.0,0.0,0.306,0.221,0.0,0.0,0.213,0.167,0.0,0.0,0.0,0.0
박치국,두산,2025,2025-03-27,@ KT,RP,,0.0,0.0,1.0,9,0,0,0,0,1,0,0,,Away,수원 KT 위즈파크,18:30,11.8,False,3,1,177cm,78kg,1998,28.0,40.0,0.0,0.0,28.3,2.5,0.0,0.4,0.0,0.0,0.306,0.221,0.0,0.0,0.213,0.167,0.0,0.0,0.0,0.0
박치국,두산,2025,2025-03-29,vs. Samsung,RP,,18.0,4.0,1.0,31,3,2,3,0,0,1,0,,Home,잠실 야구장,17:00,1.5,False,1,1,177cm,78kg,1998,28.0,40.0,0.0,0.0,28.3,2.5,0.0,0.4,0.0,0.0,0.306,0.221,0.0,0.0,0.213,0.167,0.0,0.0,0.0,0.0
박치국,두산,2025,2025-04-03,vs. Kiwoom,RP,,0.0,1.0,1.0,14,0,0,1,0,1,0,0,,Home,잠실 야구장,18:30,12.8,False,4,1,177cm,78kg,1998,28.0,40.0,0.0,0.0,28.3,2.5,0.0,0.4,0.0,0.0,0.306,0.221,0.0,0.0,0.213,0.167,0.0,0.0,0.0,0.0
박치국,두산,2025,2025-04-05,@ Lotte,RP,,0.0,0.0,1.0,15,0,0,0,0,2,0,0,,Away,사직 야구장,17:00,13.4,False,1,1,177cm,78kg,1998,28.0,40.0,0.0,0.0,28.3,2.5,0.0,0.4,0.0,0.0,0.306,0.221,0.0,0.0,0.213,0.167,0.0,0.0,0.0,0.0
박치국,두산,2025,2025-04-06,@ Lotte,RP,,0.0,1.0,1.0,25,0,0,0,0,1,1,1,,Away,사직 야구장,14:00,16.6,True,0,2,177cm,78kg,1998,28.0,40.0,0.0,0.0,28.3,2.5,0.0,0.4,0.0,0.0,0.306,0.221,0.0,0.0,0.213,0.167,0.0,0.0,0.0,0.0
박치국,두산,2025,2025-04-08,vs. Hanwha,RP,,27.0,6.0,0.333333333,11,1,1,2,0,1,0,0,,Home,잠실 야구장,18:30,16.8,False,1,1,177cm,78kg,1998,28.0,40.0,0.0,0.0,28.3,2.5,0.0,0.4,0.0,0.0,0.306,0.221,0.0,0.0,0.213,0.167,0.0,0.0,0.0,0.0
박치국,두산,2025,2025-04-09,vs. Hanwha,RP,,0.0,1.0,1.0,12,0,0,1,0,1,0,1,,Home,잠실 야구장,18:30,14.9,True,0,2,177cm,78kg,1998,28.0,40.0,0.0,0.0,28.3,2.5,0.0,0.4,0.0,0.0,0.306,0.221,0.0,0.0,0.213,0.167,0.0,0.0,0.0,0.0
박치국,두산,2025,2025-04-12,@ LG,RP,,0.0,0.75,1.333333333,26,0,0,0,0,1,1,0,,Away,잠실 야구장,17:00,17.1,False,2,1,177cm,78kg,1998,28.0,40.0,0.0,0.0,28.3,2.5,0.0,0.4,0.0,0.0,0.306,0.221,0.0,0.0,0.213,0.167,0.0,0.0,0.0,0.0
박치국,두산,2025,2025-04-13,@ LG,RP,W,0.0,0.0,0.333333333,12,0,0,0,0,1,0,1,,Away,잠실 야구장,14:00,-0.1,True,0,2,177cm,78kg,1998,28.0,40.0,0.0,0.0,28.3,2.5,0.0,0.4,0.0,0.0,0.306,0.221,0.0,0.0,0.213,0.167,0.0,0.0,0.0,0.0
박치국,두산,2025,2025-04-20,vs. Kia,RP,,0.0,0.0,0.333333333,6,0,0,0,0,1,0,0,,Home,잠실 야구장,14:00,22.5,False,6,1,177cm,78kg,1998,28.0,40.0,0.0,0.0,28.3,2.5,0.0,0.4,0.0,0.0,0.306,0.221,0.0,0.0,0.213,0.167,0.0,0.0,0.0,0.0
박치국,두산,2025,2025-04-23,@ Kiwoom,RP,,0.0,1.5,1.333333333,23,0,0,2,0,3,0,0,,Away,고척 스카이돔,18:30,25.5,False,2,1,177cm,78kg,1998,28.0,40.0,0.0,0.0,28.3,2.5,0.0,0.4,0.0,0.0,0.306,0.221,0.0,0.0,0.213,0.167,0.0,0.0,0.0,0.0
박치국,두산,2025,2025-04-25,vs. Lotte,RP,,0.0,3.0,0.666666667,15,3,0,2,0,1,0,0,,Home,잠실 야구장,18:30,15.5,False,1,1,177cm,78kg,1998,28.0,40.0,0.0,0.0,28.3,2.5,0.0,0.4,0.0,0.0,0.306,0.221,0.0,0.0,0.213,0.167,0.0,0.0,0.0,0.0
박치국,두산,2025,2025-04-27,vs. Lotte,RP,,0.0,0.0,0.333333333,6,0,0,0,0,0,0,0,,Home,잠실 야구장,14:00,18.8,False,1,1,177cm,78kg,1998,28.0,40.0,0.0,0.0,28.3,2.5,0.0,0.4,0.0,0.0,0.306,0.221,0.0,0.0,0.213,0.167,0.0,0.0,0.0,0.0
박치국,두산,2025,2025-04-29,vs. KT,RP,,0.0,0.75,1.333333333,19,0,0,0,0,1,1,0,,Home,잠실 야구장,18:30,19.0,False,1,1,177cm,78kg,1998,28.0,40.0,0.0,0.0,28.3,2.5,0.0,0.4,0.0,0.0,0.306,0.221,0.0,0.0,0.213,0.167,0.0,0.0,0.0,0.0
박치국,두산,2025,2025-05-01,vs. KT,RP,H,0.0,0.0,1.333333333,19,0,0,0,0,3,0,0,,Home,잠실 야구장,18:30,14.4,False,1,1,177cm,78kg,1998,28.0,40.0,0.0,0.0,28.3,2.5,0.0,0.4,0.0,0.0,0.306,0.221,0.0,0.0,0.213,0.167,0.0,0.0,0.0,0.0
박치국,두산,2025,2025-05-02,@ Samsung,RP,,13.5,4.5,0.666666667,25,1,1,3,0,1,0,0,,Away,대구 삼성 라이온즈 파크,18:30,19.1,True,0,2,177cm,78kg,1998,28.0,40.0,0.0,0.0,28.3,2.5,0.0,0.4,0.0,0.0,0.306,0.221,0.0,0.0,0.213,0.167,0.0,0.0,0.0,0.0
박치국,두산,2025,2025-05-04,@ Samsung,RP,,0.0,2.0,1.0,15,0,0,1,0,0,1,0,,Away,대구 삼성 라이온즈 파크,14:00,20.7,False,1,1,177cm,78kg,1998,28.0,40.0,0.0,0.0,28.3,2.5,0.0,0.4,0.0,0.0,0.306,0.221,0.0,0.0,0.213,0.167,0.0,0.0,0.0,0.0
박치국,두산,2025,2025-05-05,vs. LG,RP,,13.5,3.0,0.666666667,20,1,1,1,0,1,1,0,,Home,잠실 야구장,14:00,14.8,True,0,2,177cm,78kg,1998,28.0,40.0,0.0,0.0,28.3,2.5,0.0,0.4,0.0,0.0,0.306,0.221,0.0,0.0,0.213,0.167,0.0,0.0,0.0,0.0
박치국,두산,2025,2025-05-10,vs. NC,RP,,0.0,0.75,1.333333333,16,0,0,1,0,2,0,0,,Home,잠실 야구장,17:00,11.9,False,4,1,177cm,78kg,1998,28.0,40.0,0.0,0.0,28.3,2.5,0.0,0.4,0.0,0.0,0.306,0.221,0.0,0.0,0.213,0.167,0.0,0.0,0.0,0.0
박치국,두산,2025,2025-05-11,vs. NC,RP,,0.0,0.0,0.666666667,11,0,0,0,0,1,0,0,,Home,잠실 야구장,14:00,19.0,True,0,2,177cm,78kg,1998,28.0,40.0,0.0,0.0,28.3,2.5,0.0,0.4,0.0,0.0,0.306,0.221,0.0,0.0,0.213,0.167,0.0,0.0,0.0,0.0
박치국,두산,2025,2025-05-13,@ Hanwha,RP,SV,0.0,1.0,1.0,9,0,0,1,0,1,0,0,,Away,대전 한화생명 볼파크,18:30,24.2,False,1,1,177cm,78kg,1998,28.0,40.0,0.0,0.0,28.3,2.5,0.0,0.4,0.0,0.0,0.306,0.221,0.0,0.0,0.213,0.167,0.0,0.0,0.0,0.0
박치국,두산,2025,2025-05-14,@ Hanwha,RP,H,0.0,0.0,1.666666667,19,0,0,0,0,1,0,0,,Away,대전 한화생명 볼파크,18:30,26.4,True,0,2,177cm,78kg,1998,28.0,40.0,0.0,0.0,28.3,2.5,0.0,0.4,0.0,0.0,0.306,0.221,0.0,0.0,0.213,0.167,0.0,0.0,0.0,0.0
박치국,두산,2025,2025-05-18,@ Kia,RP,L,27.0,6.0,0.333333333,12,1,1,2,0,0,0,1,,Away,광주 기아 챔피언스 필드,14:00,22.9,False,3,1,177cm,78kg,1998,28.0,40.0,0.0,0.0,28.3,2.5,0.0,0.4,0.0,0.0,0.306,0.221,0.0,0.0,0.213,0.167,0.0,0.0,0.0,0.0
박치국,두산,2025,2025-05-20,vs. SSG,RP,,0.0,,0.0,4,1,1,2,0,0,0,0,,Home,잠실 야구장,18:30,25.2,False,1,1,177cm,78kg,1998,28.0,40.0,0.0,0.0,28.3,2.5,0.0,0.4,0.0,0.0,0.306,0.221,0.0,0.0,0.213,0.167,0.0,0.0,0.0,0.0
박치국,두산,2025,2025-05-22,vs. SSG,RP,,4.5,1.0,2.0,24,1,1,1,1,1,1,0,,Home,잠실 야구장,18:30,26.9,False,1,1,177cm,78kg,1998,28.0,40.0,0.0,0.0,28.3,2.5,0.0,0.4,0.0,0.0,0.306,0.221,0.0,0.0,0.213,0.167,0.0,0.0,0.0,0.0
박치국,두산,2025,2025-05-24,vs. NC,RP,,0.0,0.0,1.0,12,0,0,0,0,0,0,0,,Home,잠실 야구장,17:00,18.9,False,1,1,177cm,78kg,1998,28.0,40.0,0.0,0.0,28.3,2.5,0.0,0.4,0.0,0.0,0.306,0.221,0.0,0.0,0.213,0.167,0.0,0.0,0.0,0.0
박치국,두산,2025,2025-05-25,vs. NC,RP,H,0.0,0.0,0.666666667,9,0,0,0,0,1,0,0,,Home,잠실 야구장,14:00,22.3,True,0,2,177cm,78kg,1998,28.0,40.0,0.0,0.0,28.3,2.5,0.0,0.4,0.0,0.0,0.306,0.221,0.0,0.0,0.213,0.167,0.0,0.0,0.0,0.0
박치국,두산,2025,2025-05-27,@ KT,RP,,0.0,0.0,1.0,11,0,0,0,0,1,0,0,,Away,수원 KT 위즈파크,18:30,22.9,False,1,1,177cm,78kg,1998,28.0,40.0,0.0,0.0,28.3,2.5,0.0,0.4,0.0,0.0,0.306,0.221,0.0,0.0,0.213,0.167,0.0,0.0,0.0,0.0
박치국,두산,2025,2025-05-30,@ Kiwoom,RP,,0.0,0.0,0.666666667,3,0,0,0,0,0,0,0,,Away,고척 스카이돔,18:30,25.5,False,2,1,177cm,78kg,1998,28.0,40.0,0.0,0.0,28.3,2.5,0.0,0.4,0.0,0.0,0.306,0.221,0.0,0.0,0.213,0.167,0.0,0.0,0.0,0.0
박치국,두산,2025,2025-06-03,vs. Kia,RP,,27.0,6.0,0.666666667,26,3,2,4,0,1,0,0,,Home,잠실 야구장,18:30,22.8,False,3,1,177cm,78kg,1998,28.0,40.0,0.0,0.0,28.3,2.5,0.0,0.4,0.0,0.0,0.306,0.221,0.0,0.0,0.213,0.167,0.0,0.0,0.0,0.0
박치국,두산,2025,2025-06-05,vs. Kia,RP,,0.0,0.0,0.666666667,5,0,0,0,0,1,0,0,,Home,잠실 야구장,18:30,23.9,False,1,1,177cm,78kg,1998,28.0,40.0,0.0,0.0,28.3,2.5,0.0,0.4,0.0,0.0,0.306,0.221,0.0,0.0,0.213,0.167,0.0,0.0,0.0,0.0
박치국,두산,2025,2025-06-06,vs. Lotte,RP,,0.0,1.0,1.0,16,0,0,1,0,0,0,0,,Home,잠실 야구장,18:30,25.4,True,0,2,177cm,78kg,1998,28.0,40.0,0.0,0.0,28.3,2.5,0.0,0.4,0.0,0.0,0.306,0.221,0.0,0.0,0.213,0.167,0.0,0.0,0.0,0.0
박치국,두산,2025,2025-06-08,vs. Lotte,RP,,0.0,0.75,1.333333333,17,1,0,1,0,2,0,0,,Home,잠실 야구장,17:00,28.5,False,1,1,177cm,78kg,1998,28.0,40.0,0.0,0.0,28.3,2.5,0.0,0.4,0.0,0.0,0.306,0.221,0.0,0.0,0.213,0.167,0.0,0.0,0.0,0.0
박치국,두산,2025,2025-06-12,@ Hanwha,RP,,0.0,0.0,0.333333333,2,0,0,0,0,0,0,0,,Away,대전 한화생명 볼파크,18:30,27.0,False,3,1,177cm,78kg,1998,28.0,40.0,0.0,0.0,28.3,2.5,0.0,0.4,0.0,0.0,0.306,0.221,0.0,0.0,0.213,0.167,0.0,0.0,0.0,0.0
박치국,두산,2025,2025-06-14,vs. Kiwoom,RP,,13.5,1.5,0.666666667,21,1,1,0,0,1,1,0,,Home,잠실 야구장,17:00,31.4,False,1,1,177cm,78kg,1998,28.0,40.0,0.0,0.0,28.3,2.5,0.0,0.4,0.0,0.0,0.306,0.221,0.0,0.0,0.213,0.167,0.0,0.0,0.0,0.0
박치국,두산,2025,2025-06-18,@ Samsung,RP,,0.0,0.0,0.333333333,3,0,0,0,0,0,0,1,,Away,대구 삼성 라이온즈 파크,18:30,23.1,False,3,1,177cm,78kg,1998,28.0,40.0,0.0,0.0,28.3,2.5,0.0,0.4,0.0,0.0,0.306,0.221,0.0,0.0,0.213,0.167,0.0,0.0,0.0,0.0
박치국,두산,2025,2025-06-19,@ Samsung,RP,H,0.0,0.0,1.0,7,0,0,0,0,0,0,0,,Away,대구 삼성 라이온즈 파크,18:30,27.6,True,0,2,177cm,78kg,1998,28.0,40.0,0.0,0.0,28.3,2.5,0.0,0.4,0.0,0.0,0.306,0.221,0.0,0.0,0.213,0.167,0.0,0.0,0.0,0.0
박치국,두산,2025,2025-06-26,vs. SSG,RP,,0.0,0.0,0.666666667,10,0,0,0,0,2,0,0,,Home,잠실 야구장,18:30,25.9,False,6,1,177cm,78kg,1998,28.0,40.0,0.0,0.0,28.3,2.5,0.0,0.4,0.0,0.0,0.306,0.221,0.0,0.0,0.213,0.167,0.0,0.0,0.0,0.0
박치국,두산,2025,2025-06-27,@ NC,RP,H,0.0,1.5,0.666666667,12,0,0,0,0,1,1,0,,Away,창원 NC 파크,18:30,29.0,True,0,2,177cm,78kg,1998,28.0,40.0,0.0,0.0,28.3,2.5,0.0,0.4,0.0,0.0,0.306,0.221,0.0,0.0,0.213,0.167,0.0,0.0,0.0,0.0
박치국,두산,2025,2025-06-29,@ NC,RP,H,9.0,3.0,1.0,18,1,1,2,0,1,1,0,,Away,창원 NC 파크,17:00,31.6,False,1,1,177cm,78kg,1998,28.0,40.0,0.0,0.0,28.3,2.5,0.0,0.4,0.0,0.0,0.306,0.221,0.0,0.0,0.213,0.167,0.0,0.0,0.0,0.0
박치국,두산,2025,2025-07-02,vs. Samsung,RP,H,0.0,0.0,0.666666667,7,0,0,0,0,2,0,0,,Home,잠실 야구장,18:30,31.3,False,2,1,177cm,78kg,1998,28.0,40.0,0.0,0.0,28.3,2.5,0.0,0.4,0.0,0.0,0.306,0.221,0.0,0.0,0.213,0.167,0.0,0.0,0.0,0.0
박치국,두산,2025,2025-07-03,vs. Samsung,RP,H,0.0,0.75,1.333333333,17,0,0,1,0,0,0,0,,Home,잠실 야구장,18:30,31.2,True,0,2,177cm,78kg,1998,28.0,40.0,0.0,0.0,28.3,2.5,0.0,0.4,0.0,0.0,0.306,0.221,0.0,0.0,0.213,0.167,0.0,0.0,0.0,0.0
박치국,두산,2025,2025-07-05,vs. KT,RP,,0.0,0.0,1.0,11,0,0,0,0,1,0,0,,Home,잠실 야구장,18:00,31.6,False,1,1,177cm,78kg,1998,28.0,40.0,0.0,0.0,28.3,2.5,0.0,0.4,0.0,0.0,0.306,0.221,0.0,0.0,0.213,0.167,0.0,0.0,0.0,0.0
박치국,두산,2025,2025-07-06,vs. KT,RP,W,9.0,2.0,1.0,20,1,1,1,0,0,1,0,,Home,잠실 야구장,17:00,32.5,True,0,2,177cm,78kg,1998,28.0,40.0,0.0,0.0,28.3,2.5,0.0,0.4,0.0,0.0,0.306,0.221,0.0,0.0,0.213,0.167,0.0,0.0,0.0,0.0
박치국,두산,2025,2025-07-08,@ Lotte,RP,H,0.0,0.0,1.0,13,0,0,0,0,2,0,0,,Away,사직 야구장,18:30,32.4,False,1,1,177cm,78kg,1998,28.0,40.0,0.0,0.0,28.3,2.5,0.0,0.4,0.0,0.0,0.306,0.221,0.0,0.0,0.213,0.167,0.0,0.0,0.0,0.0
박치국,두산,2025,2025-07-09,@ Lotte,RP,L,27.0,9.0,0.333333333,15,1,1,2,0,1,1,0,,Away,사직 야구장,18:30,29.7,True,0,2,177cm,78kg,1998,28.0,40.0,0.0,0.0,28.3,2.5,0.0,0.4,0.0,0.0,0.306,0.221,0.0,0.0,0.213,0.167,0.0,0.0,0.0,0.0
배재환,NC,2025,2025-04-18,@ Hanwha,RP,,0.0,0.0,1.333333333,19,0,0,0,0,1,0,0,,Away,대전 한화생명 볼파크,18:30,24.9,False,0,1,186cm,95kg,1995,0.0,50.2,0.0,0.0,26.1,0.0,0.0,23.2,0.0,0.0,0.0,0.2,0.0,0.0,0.192,0.0,0.0,0.135,0.0,0.5
배재환,NC,2025,2025-04-20,@ Hanwha,RP,,0.0,0.0,1.0,13,0,0,0,0,2,0,0,,Away,대전 한화생명 볼파크,14:00,21.5,False,1,1,186cm,95kg,1995,0.0,50.2,0.0,0.0,26.1,0.0,0.0,23.2,0.0,0.0,0.0,0.2,0.0,0.0,0.192,0.0,0.0,0.135,0.0,0.5
배재환,NC,2025,2025-04-22,@ LG,RP,SV,0.0,0.0,1.0,16,0,0,0,0,0,0,0,,Away,잠실 야구장,18:30,17.5,False,1,1,186cm,95kg,1995,0.0,50.2,0.0,0.0,26.1,0.0,0.0,23.2,0.0,0.0,0.0,0.2,0.0,0.0,0.192,0.0,0.0,0.135,0.0,0.5
배재환,NC,2025,2025-04-24,@ LG,RP,,13.5,3.0,0.666666667,19,1,1,1,0,0,1,0,,Away,잠실 야구장,18:30,17.0,False,1,1,186cm,95kg,1995,0.0,50.2,0.0,0.0,26.1,0.0,0.0,23.2,0.0,0.0,0.0,0.2,0.0,0.0,0.192,0.0,0.0,0.135,0.0,0.5
배재환,NC,2025,2025-04-30,@ Kia,RP,,0.0,1.0,1.0,11,0,0,1,0,2,0,0,,Away,광주 기아 챔피언스 필드,18:30,23.0,False,5,1,186cm,95kg,1995,0.0,50.2,0.0,0.0,26.1,0.0,0.0,23.2,0.0,0.0,0.0,0.2,0.0,0.0,0.192,0.0,0.0,0.135,0.0,0.5
배재환,NC,2025,2025-05-02,@ Lotte,RP,,0.0,0.0,0.666666667,5,0,0,0,0,0,0,0,,Away,사직 야구장,18:30,19.1,False,1,1,186cm,95kg,1995,0.0,50.2,0.0,0.0,26.1,0.0,0.0,23.2,0.0,0.0,0.0,0.2,0.0,0.0,0.192,0.0,0.0,0.135,0.0,0.5
배재환,NC,2025,2025-05-03,@ Lotte,RP,,0.0,0.0,1.0,11,0,0,0,0,0,0,0,,Away,사직 야구장,17:00,12.9,True,0,2,186cm,95kg,1995,0.0,50.2,0.0,0.0,26.1,0.0,0.0,23.2,0.0,0.0,0.0,0.2,0.0,0.0,0.192,0.0,0.0,0.135,0.0,0.5
배재환,NC,2025,2025-05-04,@ Lotte,RP,H,0.0,1.0,1.0,14,0,0,1,0,0,0,0,,Away,사직 야구장,14:00,20.7,True,0,3,186cm,95kg,1995,0.0,50.2,0.0,0.0,26.1,0.0,0.0,23.2,0.0,0.0,0.0,0.2,0.0,0.0,0.192,0.0,0.0,0.135,0.0,0.5
배재환,NC,2025,2025-05-06,@ KT,RP,H,13.5,4.5,0.666666667,23,1,1,2,0,1,1,0,,Away,수원 KT 위즈파크,18:30,16.1,False,1,1,186cm,95kg,1995,0.0,50.2,0.0,0.0,26.1,0.0,0.0,23.2,0.0,0.0,0.0,0.2,0.0,0.0,0.192,0.0,0.0,0.135,0.0,0.5
배재환,NC,2025,2025-05-10,@ Doosan,RP,,0.0,4.5,0.666666667,20,2,0,1,0,1,2,0,,Away,잠실 야구장,17:00,11.9,False,3,1,186cm,95kg,1995,0.0,50.2,0.0,0.0,26.1,0.0,0.0,23.2,0.0,0.0,0.0,0.2,0.0,0.0,0.192,0.0,0.0,0.135,0.0,0.5
배재환,NC,2025,2025-05-11,@ Doosan,RP,H,0.0,0.0,1.0,14,0,0,0,0,0,0,0,,Away,잠실 야구장,14:00,19.0,True,0,2,186cm,95kg,1995,0.0,50.2,0.0,0.0,26.1,0.0,0.0,23.2,0.0,0.0,0.0,0.2,0.0,0.0,0.192,0.0,0.0,0.135,0.0,0.5
배재환,NC,2025,2025-05-13,@ SSG,RP,L,108.0,15.0,0.333333333,15,4,4,3,0,1,2,0,,Away,인천 SSG 랜더스필드,18:30,22.2,False,1,1,186cm,95kg,1995,0.0,50.2,0.0,0.0,26.1,0.0,0.0,23.2,0.0,0.0,0.0,0.2,0.0,0.0,0.192,0.0,0.0,0.135,0.0,0.5
배재환,NC,2025,2025-05-17,vs. Kiwoom,RP,H,0.0,1.5,0.666666667,13,0,0,0,0,2,1,0,,Home,창원 NC 파크,17:00,22.5,False,3,1,186cm,95kg,1995,0.0,50.2,0.0,0.0,26.1,0.0,0.0,23.2,0.0,0.0,0.0,0.2,0.0,0.0,0.192,0.0,0.0,0.135,0.0,0.5
배재환,NC,2025,2025-05-21,vs. Hanwha,RP,H,0.0,2.0,1.0,27,0,0,1,0,0,1,0,,Home,창원 NC 파크,18:30,23.5,False,3,1,186cm,95kg,1995,0.0,50.2,0.0,0.0,26.1,0.0,0.0,23.2,0.0,0.0,0.0,0.2,0.0,0.0,0.192,0.0,0.0,0.135,0.0,0.5
배재환,NC,2025,2025-05-22,vs. Hanwha,RP,H,0.0,1.0,1.0,7,0,0,1,0,1,0,0,,Home,창원 NC 파크,18:30,18.4,True,0,2,186cm,95kg,1995,0.0,50.2,0.0,0.0,26.1,0.0,0.0,23.2,0.0,0.0,0.0,0.2,0.0,0.0,0.192,0.0,0.0,0.135,0.0,0.5
배재환,NC,2025,2025-05-24,@ Doosan,RP,,0.0,0.0,1.0,12,0,0,0,0,2,0,0,,Away,잠실 야구장,17:00,18.9,False,1,1,186cm,95kg,1995,0.0,50.2,0.0,0.0,26.1,0.0,0.0,23.2,0.0,0.0,0.0,0.2,0.0,0.0,0.192,0.0,0.0,0.135,0.0,0.5
배재환,NC,2025,2025-05-27,@ SSG,RP,,0.0,0.0,1.0,13,0,0,0,0,1,0,1,,Away,인천 SSG 랜더스필드,18:30,20.6,False,2,1,186cm,95kg,1995,0.0,50.2,0.0,0.0,26.1,0.0,0.0,23.2,0.0,0.0,0.0,0.2,0.0,0.0,0.192,0.0,0.0,0.135,0.0,0.5
배재환,NC,2025,2025-05-31,vs. Hanwha,RP,,0.0,0.6,1.666666667,23,0,0,0,0,1,1,0,,Home,창원 NC 파크,17:00,26.8,False,3,1,186cm,95kg,1995,0.0,50.2,0.0,0.0,26.1,0.0,0.0,23.2,0.0,0.0,0.0,0.2,0.0,0.0,0.192,0.0,0.0,0.135,0.0,0.5
배재환,NC,2025,2025-06-01,vs. Hanwha,RP,H,0.0,0.0,1.666666667,23,0,0,0,0,3,0,0,,Home,창원 NC 파크,17:00,23.3,True,0,2,186cm,95kg,1995,0.0,50.2,0.0,0.0,26.1,0.0,0.0,23.2,0.0,0.0,0.0,0.2,0.0,0.0,0.192,0.0,0.0,0.135,0.0,0.5
배재환,NC,2025,2025-06-04,vs. LG,RP,H,9.0,3.0,1.0,28,1,1,2,0,1,1,1,,Home,창원 NC 파크,18:30,23.8,False,2,1,186cm,95kg,1995,0.0,50.2,0.0,0.0,26.1,0.0,0.0,23.2,0.0,0.0,0.0,0.2,0.0,0.0,0.192,0.0,0.0,0.135,0.0,0.5
배재환,NC,2025,2025-06-07,@ Samsung,RP,H,0.0,0.6,1.666666667,19,0,0,1,0,1,0,0,,Away,대구 삼성 라이온즈 파크,17:00,23.6,False,2,1,186cm,95kg,1995,0.0,50.2,0.0,0.0,26.1,0.0,0.0,23.2,0.0,0.0,0.0,0.2,0.0,0.0,0.192,0.0,0.0,0.135,0.0,0.5
배재환,NC,2025,2025-06-08,@ Samsung,RP,,0.0,0.0,1.0,17,0,0,0,0,0,0,0,,Away,대구 삼성 라이온즈 파크,17:00,25.5,True,0,2,186cm,95kg,1995,0.0,50.2,0.0,0.0,26.1,0.0,0.0,23.2,0.0,0.0,0.0,0.2,0.0,0.0,0.192,0.0,0.0,0.135,0.0,0.5
배재환,NC,2025,2025-06-10,@ Kiwoom,RP,,0.0,0.0,1.0,15,0,0,0,0,1,0,1,,Away,고척 스카이돔,18:30,25.5,False,1,1,186cm,95kg,1995,0.0,50.2,0.0,0.0,26.1,0.0,0.0,23.2,0.0,0.0,0.0,0.2,0.0,0.0,0.192,0.0,0.0,0.135,0.0,0.5
배재환,NC,2025,2025-06-12,@ Kiwoom,RP,,0.0,1.0,1.0,18,0,0,1,0,2,0,0,,Away,고척 스카이돔,18:30,25.5,False,1,1,186cm,95kg,1995,0.0,50.2,0.0,0.0,26.1,0.0,0.0,23.2,0.0,0.0,0.0,0.2,0.0,0.0,0.192,0.0,0.0,0.135,0.0,0.5
배재환,NC,2025,2025-06-15,vs. Kia,RP,,0.0,9.0,0.333333333,18,0,0,0,0,1,3,0,,Home,창원 NC 파크,17:00,28.6,False,2,1,186cm,95kg,1995,0.0,50.2,0.0,0.0,26.1,0.0,0.0,23.2,0.0,0.0,0.0,0.2,0.0,0.0,0.192,0.0,0.0,0.135,0.0,0.5
배재환,NC,2025,2025-06-17,@ LG,RP,H,0.0,1.0,1.0,20,0,0,0,0,1,1,0,,Away,잠실 야구장,18:30,28.6,False,1,1,186cm,95kg,1995,0.0,50.2,0.0,0.0,26.1,0.0,0.0,23.2,0.0,0.0,0.0,0.2,0.0,0.0,0.192,0.0,0.0,0.135,0.0,0.5
배재환,NC,2025,2025-06-18,@ LG,RP,,0.0,0.0,1.0,14,0,0,0,0,0,0,0,,Away,잠실 야구장,18:30,28.4,True,0,2,186cm,95kg,1995,0.0,50.2,0.0,0.0,26.1,0.0,0.0,23.2,0.0,0.0,0.0,0.2,0.0,0.0,0.192,0.0,0.0,0.135,0.0,0.5
배재환,NC,2025,2025-06-21,@ KT,RP,L,108.0,9.0,0.333333333,20,4,4,2,0,1,1,1,,Away,수원 KT 위즈파크,17:00,24.3,False,2,1,186cm,95kg,1995,0.0,50.2,0.0,0.0,26.1,0.0,0.0,23.2,0.0,0.0,0.0,0.2,0.0,0.0,0.192,0.0,0.0,0.135,0.0,0.5
배재환,NC,2025,2025-06-22,@ KT,RP,H,0.0,2.0,1.0,23,0,0,1,0,0,1,0,,Away,수원 KT 위즈파크,17:00,26.8,True,0,2,186cm,95kg,1995,0.0,50.2,0.0,0.0,26.1,0.0,0.0,23.2,0.0,0.0,0.0,0.2,0.0,0.0,0.192,0.0,0.0,0.135,0.0,0.5
배재환,NC,2025,2025-06-27,vs. Doosan,RP,W,0.0,2.0,1.0,19,0,0,0,0,0,2,1,,Home,창원 NC 파크,18:30,29.0,False,4,1,186cm,95kg,1995,0.0,50.2,0.0,0.0,26.1,0.0,0.0,23.2,0.0,0.0,0.0,0.2,0.0,0.0,0.192,0.0,0.0,0.135,0.0,0.5
배재환,NC,2025,2025-06-29,vs. Doosan,RP,,9.0,1.0,1.0,16,1,1,1,1,0,0,0,,Home,창원 NC 파크,17:00,31.6,False,1,1,186cm,95kg,1995,0.0,50.2,0.0,0.0,26.1,0.0,0.0,23.2,0.0,0.0,0.0,0.2,0.0,0.0,0.192,0.0,0.0,0.135,0.0,0.5
배재환,NC,2025,2025-07-01,@ Hanwha,RP,,0.0,,0.0,14,2,1,1,0,0,1,0,,Away,대전 한화생명 볼파크,18:30,33.2,False,1,1,186cm,95kg,1995,0.0,50.2,0.0,0.0,26.1,0.0,0.0,23.2,0.0,0.0,0.0,0.2,0.0,0.0,0.192,0.0,0.0,0.135,0.0,0.5
배재환,NC,2025,2025-07-03,@ Hanwha,RP,,0.0,1.5,0.666666667,9,0,0,0,0,0,1,0,,Away,대전 한화생명 볼파크,18:30,32.0,False,1,1,186cm,95kg,1995,0.0,50.2,0.0,0.0,26.1,0.0,0.0,23.2,0.0,0.0,0.0,0.2,0.0,0.0,0.192,0.0,0.0,0.135,0.0,0.5
배재환,NC,2025,2025-07-06,vs. SSG,RP,H,0.0,0.0,0.333333333,6,0,0,0,0,0,0,0,,Home,창원 NC 파크,17:00,32.8,False,2,1,186cm,95kg,1995,0.0,50.2,0.0,0.0,26.1,0.0,0.0,23.2,0.0,0.0,0.0,0.2,0.0,0.0,0.192,0.0,0.0,0.135,0.0,0.5
배재환,NC,2025,2025-07-09,vs. Samsung,RP,SV,0.0,1.0,1.0,16,0,0,1,0,0,0,0,,Home,창원 NC 파크,18:30,30.8,False,2,1,186cm,95kg,1995,0.0,50.2,0.0,0.0,26.1,0.0,0.0,23.2,0.0,0.0,0.0,0.2,0.0,0.0,0.192,0.0,0.0,0.135,0.0,0.5
배제성,KT,2025,2025-06-19,@ Kia,SP,L,5.4,0.9,3.333333333,52,2,2,2,1,4,1,0,51.0,Away,광주 기아 챔피언스 필드,18:30,29.3,False,0,1,190cm,90kg,1996,0.0,48.1,0.0,1.2,39.0,11.6,0.0,0.0,0.0,0.0,0.0,0.217,0.0,0.0,0.269,0.0,0.0,0.0,0.0,0.0
배제성,KT,2025,2025-06-27,@ Lotte,RP,W,0.0,1.5,3.333333333,49,0,0,3,0,3,2,0,,Away,사직 야구장,18:30,25.9,False,7,1,190cm,90kg,1996,0.0,48.1,0.0,1.2,39.0,11.6,0.0,0.0,0.0,0.0,0.0,0.217,0.0,0.0,0.269,0.0,0.0,0.0,0.0,0.0
배제성,KT,2025,2025-07-03,vs. Kiwoom,RP,,3.38,1.5,2.666666667,58,1,1,4,0,3,0,0,,Home,수원 KT 위즈파크,18:30,30.9,False,5,1,190cm,90kg,1996,0.0,48.1,0.0,1.2,39.0,11.6,0.0,0.0,0.0,0.0,0.0,0.217,0.0,0.0,0.269,0.0,0.0,0.0,0.0,0.0
배제성,KT,2025,2025-07-08,@ SSG,SP,,1.8,1.0,5.0,82,1,1,3,0,5,2,0,60.0,Away,인천 SSG 랜더스필드,18:30,34.9,False,4,1,190cm,90kg,1996,0.0,48.1,0.0,1.2,39.0,11.6,0.0,0.0,0.0,0.0,0.0,0.217,0.0,0.0,0.269,0.0,0.0,0.0,0.0,0.0
배찬승,삼성,2025,2025-03-23,vs. Kiwoom,RP,H,0.0,0.0,1.0,8,0,0,0,0,1,0,0,,Home,대구 삼성 라이온즈 파크,14:00,18.7,False,0,1,180cm,85kg,2006,0.0,66.0,0.0,0.0,33.0,0.5,0.0,0.0,0.0,0.0,0.0,0.308,0.0,0.0,0.269,0.0,0.0,0.0,0.0,0.0
배찬승,삼성,2025,2025-03-27,vs. NC,RP,,13.5,6.0,0.666666667,24,1,1,2,0,1,2,0,,Home,대구 삼성 라이온즈 파크,18:30,17.1,False,3,1,180cm,85kg,2006,0.0,66.0,0.0,0.0,33.0,0.5,0.0,0.0,0.0,0.0,0.0,0.308,0.0,0.0,0.269,0.0,0.0,0.0,0.0,0.0
배찬승,삼성,2025,2025-03-29,@ Doosan,RP,,0.0,1.5,0.666666667,15,0,0,0,0,1,1,0,,Away,잠실 야구장,17:00,1.5,False,1,1,180cm,85kg,2006,0.0,66.0,0.0,0.0,33.0,0.5,0.0,0.0,0.0,0.0,0.0,0.308,0.0,0.0,0.269,0.0,0.0,0.0,0.0,0.0
배찬승,삼성,2025,2025-03-30,@ Doosan,RP,H,0.0,0.0,1.0,10,0,0,0,0,1,0,0,,Away,잠실 야구장,14:00,3.4,True,0,2,180cm,85kg,2006,0.0,66.0,0.0,0.0,33.0,0.5,0.0,0.0,0.0,0.0,0.0,0.308,0.0,0.0,0.269,0.0,0.0,0.0,0.0,0.0
배찬승,삼성,2025,2025-04-05,vs. Hanwha,RP,,0.0,3.0,0.333333333,6,0,0,1,0,1,0,0,,Home,대구 삼성 라이온즈 파크,17:00,13.4,False,5,1,180cm,85kg,2006,0.0,66.0,0.0,0.0,33.0,0.5,0.0,0.0,0.0,0.0,0.0,0.308,0.0,0.0,0.269,0.0,0.0,0.0,0.0,0.0
배찬승,삼성,2025,2025-04-08,vs. SSG,RP,,0.0,0.0,1.0,14,0,0,0,0,1,0,0,,Home,대구 삼성 라이온즈 파크,18:30,17.3,False,2,1,180cm,85kg,2006,0.0,66.0,0.0,0.0,33.0,0.5,0.0,0.0,0.0,0.0,0.0,0.308,0.0,0.0,0.269,0.0,0.0,0.0,0.0,0.0
배찬승,삼성,2025,2025-04-10,vs. SSG,RP,,0.0,0.0,1.0,15,0,0,0,0,0,0,0,,Home,대구 삼성 라이온즈 파크,18:30,14.9,False,1,1,180cm,85kg,2006,0.0,66.0,0.0,0.0,33.0,0.5,0.0,0.0,0.0,0.0,0.0,0.308,0.0,0.0,0.269,0.0,0.0,0.0,0.0,0.0
배찬승,삼성,2025,2025-04-13,@ KT,RP,,0.0,1.0,1.0,13,0,0,0,0,0,1,0,,Away,수원 KT 위즈파크,14:00,3.6,False,2,1,180cm,85kg,2006,0.0,66.0,0.0,0.0,33.0,0.5,0.0,0.0,0.0,0.0,0.0,0.308,0.0,0.0,0.269,0.0,0.0,0.0,0.0,0.0
배찬승,삼성,2025,2025-04-15,@ LG,RP,,54.0,15.0,0.333333333,21,2,2,2,0,0,3,0,,Away,잠실 야구장,18:30,11.5,False,1,1,180cm,85kg,2006,0.0,66.0,0.0,0.0,33.0,0.5,0.0,0.0,0.0,0.0,0.0,0.308,0.0,0.0,0.269,0.0,0.0,0.0,0.0,0.0
배찬승,삼성,2025,2025-04-19,vs. Lotte,RP,,0.0,2.0,1.0,16,0,0,1,0,0,1,0,,Home,대구 삼성 라이온즈 파크,17:00,18.4,False,3,1,180cm,85kg,2006,0.0,66.0,0.0,0.0,33.0,0.5,0.0,0.0,0.0,0.0,0.0,0.308,0.0,0.0,0.269,0.0,0.0,0.0,0.0,0.0
배찬승,삼성,2025,2025-04-23,vs. Kia,RP,H,0.0,0.0,0.666666667,6,0,0,0,0,2,0,0,,Home,대구 삼성 라이온즈 파크,18:30,13.9,False,3,1,180cm,85kg,2006,0.0,66.0,0.0,0.0,33.0,0.5,0.0,0.0,0.0,0.0,0.0,0.308,0.0,0.0,0.269,0.0,0.0,0.0,0.0,0.0
배찬승,삼성,2025,2025-04-25,vs. NC,RP,H,0.0,1.5,0.666666667,12,0,0,0,0,1,1,0,,Home,대구 삼성 라이온즈 파크,18:30,16.8,False,1,1,180cm,85kg,2006,0.0,66.0,0.0,0.0,33.0,0.5,0.0,0.0,0.0,0.0,0.0,0.308,0.0,0.0,0.269,0.0,0.0,0.0,0.0,0.0
배찬승,삼성,2025,2025-04-27,vs. NC,RP,,54.0,9.0,0.333333333,19,2,2,3,0,0,0,0,,Home,대구 삼성 라이온즈 파크,14:00,20.2,False,1,1,180cm,85kg,2006,0.0,66.0,0.0,0.0,33.0,0.5,0.0,0.0,0.0,0.0,0.0,0.308,0.0,0.0,0.269,0.0,0.0,0.0,0.0,0.0
배찬승,삼성,2025,2025-04-29,@ SSG,RP,,0.0,,0.0,4,0,0,0,0,0,1,0,,Away,인천 SSG 랜더스필드,18:30,14.9,False,1,1,180cm,85kg,2006,0.0,66.0,0.0,0.0,33.0,0.5,0.0,0.0,0.0,0.0,0.0,0.308,0.0,0.0,0.269,0.0,0.0,0.0,0.0,0.0
배찬승,삼성,2025,2025-05-04,vs. Doosan,RP,,18.0,3.0,1.0,26,2,2,3,1,1,0,0,,Home,대구 삼성 라이온즈 파크,14:00,20.7,False,4,1,180cm,85kg,2006,0.0,66.0,0.0,0.0,33.0,0.5,0.0,0.0,0.0,0.0,0.0,0.308,0.0,0.0,0.269,0.0,0.0,0.0,0.0,0.0
배찬승,삼성,2025,2025-05-06,@ Hanwha,RP,,0.0,1.0,1.0,17,0,0,1,0,2,0,0,,Away,대전 한화생명 볼파크,18:30,16.9,False,1,1,180cm,85kg,2006,0.0,66.0,0.0,0.0,33.0,0.5,0.0,0.0,0.0,0.0,0.0,0.308,0.0,0.0,0.269,0.0,0.0,0.0,0.0,0.0
배찬승,삼성,2025,2025-05-07,@ Hanwha,RP,,0.0,0.0,1.0,12,0,0,0,0,2,0,0,,Away,대전 한화생명 볼파크,18:30,19.5,True,0,2,180cm,85kg,2006,0.0,66.0,0.0,0.0,33.0,0.5,0.0,0.0,0.0,0.0,0.0,0.308,0.0,0.0,0.269,0.0,0.0,0.0,0.0,0.0
배찬승,삼성,2025,2025-05-10,vs. LG,RP,,0.0,1.5,1.333333333,32,0,0,2,0,1,0,1,,Home,대구 삼성 라이온즈 파크,17:00,17.6,False,2,1,180cm,85kg,2006,0.0,66.0,0.0,0.0,33.0,0.5,0.0,0.0,0.0,0.0,0.0,0.308,0.0,0.0,0.269,0.0,0.0,0.0,0.0,0.0
배찬승,삼성,2025,2025-05-11,vs. LG,RP,,0.0,4.5,0.666666667,16,0,0,1,0,0,2,0,,Home,대구 삼성 라이온즈 파크,14:00,17.9,True,0,2,180cm,85kg,2006,0.0,66.0,0.0,0.0,33.0,0.5,0.0,0.0,0.0,0.0,0.0,0.308,0.0,0.0,0.269,0.0,0.0,0.0,0.0,0.0
배찬승,삼성,2025,2025-05-13,vs. KT,RP,,18.0,2.0,1.0,19,2,2,2,1,2,0,0,,Home,대구 삼성 라이온즈 파크,18:30,19.5,False,1,1,180cm,85kg,2006,0.0,66.0,0.0,0.0,33.0,0.5,0.0,0.0,0.0,0.0,0.0,0.308,0.0,0.0,0.269,0.0,0.0,0.0,0.0,0.0
배찬승,삼성,2025,2025-05-17,@ Lotte,RP,,0.0,1.0,1.0,13,0,0,1,0,0,0,0,,Away,사직 야구장,17:00,20.9,False,3,1,180cm,85kg,2006,0.0,66.0,0.0,0.0,33.0,0.5,0.0,0.0,0.0,0.0,0.0,0.308,0.0,0.0,0.269,0.0,0.0,0.0,0.0,0.0
배찬승,삼성,2025,2025-05-18,@ Lotte,RP,,0.0,0.0,1.0,9,0,0,0,0,0,0,0,,Away,사직 야구장,14:00,20.8,True,0,2,180cm,85kg,2006,0.0,66.0,0.0,0.0,33.0,0.5,0.0,0.0,0.0,0.0,0.0,0.308,0.0,0.0,0.269,0.0,0.0,0.0,0.0,0.0
배찬승,삼성,2025,2025-05-22,@ Kiwoom,RP,H,0.0,0.0,0.333333333,9,0,0,0,0,0,0,0,,Away,고척 스카이돔,18:30,25.5,False,3,1,180cm,85kg,2006,0.0,66.0,0.0,0.0,33.0,0.5,0.0,0.0,0.0,0.0,0.0,0.308,0.0,0.0,0.269,0.0,0.0,0.0,0.0,0.0
배찬승,삼성,2025,2025-05-23,vs. Kia,RP,,0.0,2.4,1.666666667,31,0,0,2,0,2,2,0,,Home,대구 삼성 라이온즈 파크,18:30,18.4,True,0,2,180cm,85kg,2006,0.0,66.0,0.0,0.0,33.0,0.5,0.0,0.0,0.0,0.0,0.0,0.308,0.0,0.0,0.269,0.0,0.0,0.0,0.0,0.0
배찬승,삼성,2025,2025-05-25,vs. Kia,RP,,0.0,0.0,1.0,14,0,0,0,0,1,0,0,,Home,대구 삼성 라이온즈 파크,14:00,19.3,False,1,1,180cm,85kg,2006,0.0,66.0,0.0,0.0,33.0,0.5,0.0,0.0,0.0,0.0,0.0,0.308,0.0,0.0,0.269,0.0,0.0,0.0,0.0,0.0
배찬승,삼성,2025,2025-05-27,vs. Lotte,RP,,27.0,3.0,0.666666667,21,2,2,2,0,2,0,0,,Home,대구 삼성 라이온즈 파크,18:30,20.1,False,1,1,180cm,85kg,2006,0.0,66.0,0.0,0.0,33.0,0.5,0.0,0.0,0.0,0.0,0.0,0.308,0.0,0.0,0.269,0.0,0.0,0.0,0.0,0.0
배찬승,삼성,2025,2025-05-29,vs. Lotte,RP,H,6.75,2.25,1.333333333,20,1,1,3,0,1,0,0,,Home,대구 삼성 라이온즈 파크,18:30,19.2,False,1,1,180cm,85kg,2006,0.0,66.0,0.0,0.0,33.0,0.5,0.0,0.0,0.0,0.0,0.0,0.308,0.0,0.0,0.269,0.0,0.0,0.0,0.0,0.0
배찬승,삼성,2025,2025-05-30,@ LG,RP,H,0.0,0.0,1.0,12,0,0,0,0,0,0,0,,Away,잠실 야구장,18:30,27.4,True,0,2,180cm,85kg,2006,0.0,66.0,0.0,0.0,33.0,0.5,0.0,0.0,0.0,0.0,0.0,0.308,0.0,0.0,0.269,0.0,0.0,0.0,0.0,0.0
배찬승,삼성,2025,2025-06-05,@ SSG,RP,H,13.5,4.5,0.666666667,24,1,1,2,0,1,1,0,,Away,인천 SSG 랜더스필드,18:30,20.8,False,5,1,180cm,85kg,2006,0.0,66.0,0.0,0.0,33.0,0.5,0.0,0.0,0.0,0.0,0.0,0.308,0.0,0.0,0.269,0.0,0.0,0.0,0.0,0.0
배찬승,삼성,2025,2025-06-06,vs. NC,RP,H,0.0,1.0,1.0,19,0,0,1,0,1,0,0,,Home,대구 삼성 라이온즈 파크,18:30,21.7,True,0,2,180cm,85kg,2006,0.0,66.0,0.0,0.0,33.0,0.5,0.0,0.0,0.0,0.0,0.0,0.308,0.0,0.0,0.269,0.0,0.0,0.0,0.0,0.0
배찬승,삼성,2025,2025-06-11,@ Kia,RP,,0.0,6.0,0.333333333,16,2,0,1,0,0,1,0,,Away,광주 기아 챔피언스 필드,18:30,27.1,False,4,1,180cm,85kg,2006,0.0,66.0,0.0,0.0,33.0,0.5,0.0,0.0,0.0,0.0,0.0,0.308,0.0,0.0,0.269,0.0,0.0,0.0,0.0,0.0
배찬승,삼성,2025,2025-06-12,@ Kia,RP,H,0.0,1.0,1.0,13,0,0,1,0,1,0,0,,Away,광주 기아 챔피언스 필드,18:30,26.3,True,0,2,180cm,85kg,2006,0.0,66.0,0.0,0.0,33.0,0.5,0.0,0.0,0.0,0.0,0.0,0.308,0.0,0.0,0.269,0.0,0.0,0.0,0.0,0.0
배찬승,삼성,2025,2025-06-18,vs. Doosan,RP,,0.0,1.0,1.0,12,0,0,0,0,1,1,0,,Home,대구 삼성 라이온즈 파크,18:30,23.1,False,5,1,180cm,85kg,2006,0.0,66.0,0.0,0.0,33.0,0.5,0.0,0.0,0.0,0.0,0.0,0.308,0.0,0.0,0.269,0.0,0.0,0.0,0.0,0.0
배찬승,삼성,2025,2025-06-19,vs. Doosan,RP,L,27.0,4.5,0.666666667,23,2,2,2,0,0,1,1,,Home,대구 삼성 라이온즈 파크,18:30,27.6,True,0,2,180cm,85kg,2006,0.0,66.0,0.0,0.0,33.0,0.5,0.0,0.0,0.0,0.0,0.0,0.308,0.0,0.0,0.269,0.0,0.0,0.0,0.0,0.0
배찬승,삼성,2025,2025-06-22,@ Lotte,RP,,0.0,1.0,1.0,17,0,0,1,0,3,0,0,,Away,사직 야구장,17:00,23.3,False,2,1,180cm,85kg,2006,0.0,66.0,0.0,0.0,33.0,0.5,0.0,0.0,0.0,0.0,0.0,0.308,0.0,0.0,0.269,0.0,0.0,0.0,0.0,0.0
배찬승,삼성,2025,2025-06-25,vs. Hanwha,RP,,0.0,1.0,1.0,7,0,0,1,0,0,0,0,,Home,대구 삼성 라이온즈 파크,18:30,24.9,False,2,1,180cm,85kg,2006,0.0,66.0,0.0,0.0,33.0,0.5,0.0,0.0,0.0,0.0,0.0,0.308,0.0,0.0,0.269,0.0,0.0,0.0,0.0,0.0
배찬승,삼성,2025,2025-06-26,vs. Hanwha,RP,,0.0,3.0,0.333333333,9,0,0,1,0,1,0,0,,Home,대구 삼성 라이온즈 파크,18:30,24.9,True,0,2,180cm,85kg,2006,0.0,66.0,0.0,0.0,33.0,0.5,0.0,0.0,0.0,0.0,0.0,0.308,0.0,0.0,0.269,0.0,0.0,0.0,0.0,0.0
배찬승,삼성,2025,2025-06-29,@ Kiwoom,RP,,0.0,0.0,1.0,15,0,0,0,0,2,0,0,,Away,고척 스카이돔,14:00,25.5,False,2,1,180cm,85kg,2006,0.0,66.0,0.0,0.0,33.0,0.5,0.0,0.0,0.0,0.0,0.0,0.308,0.0,0.0,0.269,0.0,0.0,0.0,0.0,0.0
배찬승,삼성,2025,2025-07-02,@ Doosan,RP,,0.0,0.0,1.0,13,0,0,0,0,2,0,0,,Away,잠실 야구장,18:30,31.3,False,2,1,180cm,85kg,2006,0.0,66.0,0.0,0.0,33.0,0.5,0.0,0.0,0.0,0.0,0.0,0.308,0.0,0.0,0.269,0.0,0.0,0.0,0.0,0.0
배찬승,삼성,2025,2025-07-05,vs. LG,RP,,0.0,,0.0,15,0,0,0,0,0,3,0,,Home,대구 삼성 라이온즈 파크,18:00,30.5,False,2,1,180cm,85kg,2006,0.0,66.0,0.0,0.0,33.0,0.5,0.0,0.0,0.0,0.0,0.0,0.308,0.0,0.0,0.269,0.0,0.0,0.0,0.0,0.0
배찬승,삼성,2025,2025-07-06,vs. LG,RP,,27.0,3.0,0.333333333,7,1,1,1,0,0,0,0,,Home,대구 삼성 라이온즈 파크,17:00,29.9,True,0,2,180cm,85kg,2006,0.0,66.0,0.0,0.0,33.0,0.5,0.0,0.0,0.0,0.0,0.0,0.308,0.0,0.0,0.269,0.0,0.0,0.0,0.0,0.0
배찬승,삼성,2025,2025-07-08,@ NC,RP,,0.0,6.0,0.333333333,9,0,0,1,0,0,1,0,,Away,창원 NC 파크,18:30,32.8,False,1,1,180cm,85kg,2006,0.0,66.0,0.0,0.0,33.0,0.5,0.0,0.0,0.0,0.0,0.0,0.308,0.0,0.0,0.269,0.0,0.0,0.0,0.0,0.0
백승현,LG,2025,2025-03-23,vs. Lotte,RP,,0.0,,0.0,14,1,1,2,0,0,1,0,,Home,잠실 야구장,14:00,23.3,False,0,1,183cm,90kg,1995,0.0,64.5,0.0,0.0,25.9,0.0,0.0,9.4,0.0,0.0,0.0,0.278,0.0,0.0,0.214,0.0,0.0,0.0,0.0,0.0
백승현,LG,2025,2025-03-28,@ NC,RP,W,0.0,1.5,0.666666667,14,0,0,0,0,2,1,0,,Away,창원 NC 파크,18:30,12.2,False,4,1,183cm,90kg,1995,0.0,64.5,0.0,0.0,25.9,0.0,0.0,9.4,0.0,0.0,0.0,0.278,0.0,0.0,0.214,0.0,0.0,0.0,0.0,0.0
백승현,LG,2025,2025-04-03,@ KT,RP,H,0.0,2.0,1.0,20,0,0,0,0,1,2,0,,Away,수원 KT 위즈파크,18:30,12.2,False,5,1,183cm,90kg,1995,0.0,64.5,0.0,0.0,25.9,0.0,0.0,9.4,0.0,0.0,0.0,0.278,0.0,0.0,0.214,0.0,0.0,0.0,0.0,0.0
백승현,LG,2025,2025-04-08,@ Kiwoom,RP,,0.0,3.0,1.0,25,0,0,1,0,1,2,0,,Away,고척 스카이돔,18:30,25.5,False,4,1,183cm,90kg,1995,0.0,64.5,0.0,0.0,25.9,0.0,0.0,9.4,0.0,0.0,0.0,0.278,0.0,0.0,0.214,0.0,0.0,0.0,0.0,0.0
백승현,LG,2025,2025-04-13,vs. Doosan,RP,,0.0,0.5,2.0,29,0,0,1,0,3,0,0,,Home,잠실 야구장,14:00,-0.1,False,4,1,183cm,90kg,1995,0.0,64.5,0.0,0.0,25.9,0.0,0.0,9.4,0.0,0.0,0.0,0.278,0.0,0.0,0.214,0.0,0.0,0.0,0.0,0.0
백승현,LG,2025,2025-04-16,vs. Samsung,RP,,0.0,0.0,1.0,12,0,0,0,0,2,0,0,,Home,잠실 야구장,18:30,21.1,False,2,1,183cm,90kg,1995,0.0,64.5,0.0,0.0,25.9,0.0,0.0,9.4,0.0,0.0,0.0,0.278,0.0,0.0,0.214,0.0,0.0,0.0,0.0,0.0
백승현,LG,2025,2025-04-19,@ SSG,RP,H,0.0,1.5,0.666666667,22,0,0,1,0,1,0,0,,Away,인천 SSG 랜더스필드,17:00,10.9,False,2,1,183cm,90kg,1995,0.0,64.5,0.0,0.0,25.9,0.0,0.0,9.4,0.0,0.0,0.0,0.278,0.0,0.0,0.214,0.0,0.0,0.0,0.0,0.0
백승현,LG,2025,2025-04-20,@ SSG,RP,,9.0,2.0,1.0,15,1,1,1,0,0,1,0,,Away,인천 SSG 랜더스필드,14:00,19.5,True,0,2,183cm,90kg,1995,0.0,64.5,0.0,0.0,25.9,0.0,0.0,9.4,0.0,0.0,0.0,0.278,0.0,0.0,0.214,0.0,0.0,0.0,0.0,0.0
백승현,LG,2025,2025-04-24,vs. NC,RP,,5.4,2.4,1.666666667,26,1,1,2,0,1,2,0,,Home,잠실 야구장,18:30,17.0,False,3,1,183cm,90kg,1995,0.0,64.5,0.0,0.0,25.9,0.0,0.0,9.4,0.0,0.0,0.0,0.278,0.0,0.0,0.214,0.0,0.0,0.0,0.0,0.0
백승현,LG,2025,2025-04-26,@ Kia,RP,,0.0,1.5,1.333333333,22,0,0,1,0,2,1,0,,Away,광주 기아 챔피언스 필드,17:00,21.9,False,1,1,183cm,90kg,1995,0.0,64.5,0.0,0.0,25.9,0.0,0.0,9.4,0.0,0.0,0.0,0.278,0.0,0.0,0.214,0.0,0.0,0.0,0.0,0.0
백승현,LG,2025,2025-04-30,@ Hanwha,RP,,0.0,0.0,0.333333333,4,0,0,0,0,0,0,0,,Away,대전 한화생명 볼파크,18:30,26.7,False,3,1,183cm,90kg,1995,0.0,64.5,0.0,0.0,25.9,0.0,0.0,9.4,0.0,0.0,0.0,0.278,0.0,0.0,0.214,0.0,0.0,0.0,0.0,0.0
백승현,LG,2025,2025-05-05,@ Doosan,RP,,13.5,4.5,0.666666667,23,1,1,2,0,0,1,0,,Away,잠실 야구장,14:00,14.8,False,4,1,183cm,90kg,1995,0.0,64.5,0.0,0.0,25.9,0.0,0.0,9.4,0.0,0.0,0.0,0.278,0.0,0.0,0.214,0.0,0.0,0.0,0.0,0.0
백승현,LG,2025,2025-05-14,vs. Kiwoom,RP,,0.0,0.0,1.0,13,0,0,0,0,2,0,0,,Home,잠실 야구장,18:30,24.0,False,8,1,183cm,90kg,1995,0.0,64.5,0.0,0.0,25.9,0.0,0.0,9.4,0.0,0.0,0.0,0.278,0.0,0.0,0.214,0.0,0.0,0.0,0.0,0.0
백승현,LG,2025,2025-05-17,vs. KT,RP,,0.0,,0.0,10,0,0,1,0,0,1,0,,Home,잠실 야구장,17:00,18.9,False,2,1,183cm,90kg,1995,0.0,64.5,0.0,0.0,25.9,0.0,0.0,9.4,0.0,0.0,0.0,0.278,0.0,0.0,0.214,0.0,0.0,0.0,0.0,0.0
백승현,LG,2025,2025-05-20,@ Lotte,RP,,0.0,1.5,2.0,32,0,0,1,0,0,2,0,,Away,사직 야구장,18:30,22.4,False,2,1,183cm,90kg,1995,0.0,64.5,0.0,0.0,25.9,0.0,0.0,9.4,0.0,0.0,0.0,0.278,0.0,0.0,0.214,0.0,0.0,0.0,0.0,0.0
백승현,LG,2025,2025-05-22,@ Lotte,RP,,0.0,1.5,0.666666667,13,0,0,1,0,0,0,0,,Away,사직 야구장,18:30,17.4,False,1,1,183cm,90kg,1995,0.0,64.5,0.0,0.0,25.9,0.0,0.0,9.4,0.0,0.0,0.0,0.278,0.0,0.0,0.214,0.0,0.0,0.0,0.0,0.0
백승현,LG,2025,2025-05-25,@ SSG,RP,,0.0,0.0,1.0,12,0,0,0,0,1,0,0,,Away,인천 SSG 랜더스필드,14:00,18.2,False,2,1,183cm,90kg,1995,0.0,64.5,0.0,0.0,25.9,0.0,0.0,9.4,0.0,0.0,0.0,0.278,0.0,0.0,0.214,0.0,0.0,0.0,0.0,0.0
백승현,LG,2025,2025-05-28,vs. Hanwha,RP,,0.0,1.2,1.666666667,22,0,0,0,0,1,2,0,,Home,잠실 야구장,18:30,23.5,False,2,1,183cm,90kg,1995,0.0,64.5,0.0,0.0,25.9,0.0,0.0,9.4,0.0,0.0,0.0,0.278,0.0,0.0,0.214,0.0,0.0,0.0,0.0,0.0
백승현,LG,2025,2025-05-30,vs. Samsung,RP,,9.0,2.0,1.0,23,1,1,0,0,1,2,0,,Home,잠실 야구장,18:30,27.4,False,1,1,183cm,90kg,1995,0.0,64.5,0.0,0.0,25.9,0.0,0.0,9.4,0.0,0.0,0.0,0.278,0.0,0.0,0.214,0.0,0.0,0.0,0.0,0.0
백승현,LG,2025,2025-06-03,@ NC,RP,,0.0,1.0,1.0,15,0,0,0,0,1,1,0,,Away,창원 NC 파크,18:30,25.4,False,3,1,183cm,90kg,1995,0.0,64.5,0.0,0.0,25.9,0.0,0.0,9.4,0.0,0.0,0.0,0.278,0.0,0.0,0.214,0.0,0.0,0.0,0.0,0.0
백승현,LG,2025,2025-06-04,@ NC,RP,,9.0,2.0,1.0,14,1,1,1,1,0,1,0,,Away,창원 NC 파크,18:30,23.8,True,0,2,183cm,90kg,1995,0.0,64.5,0.0,0.0,25.9,0.0,0.0,9.4,0.0,0.0,0.0,0.278,0.0,0.0,0.214,0.0,0.0,0.0,0.0,0.0
백승현,LG,2025,2025-06-10,vs. SSG,RP,,27.0,6.0,0.333333333,14,1,1,1,0,0,1,0,,Home,잠실 야구장,18:30,24.8,False,5,1,183cm,90kg,1995,0.0,64.5,0.0,0.0,25.9,0.0,0.0,9.4,0.0,0.0,0.0,0.278,0.0,0.0,0.214,0.0,0.0,0.0,0.0,0.0
성영탁,KIA,2025,2025-05-20,@ KT,RP,,0.0,1.0,2.0,31,0,0,1,0,0,1,0,,Away,수원 KT 위즈파크,18:30,25.6,False,0,1,180cm,89kg,2004,42.6,0.0,0.0,17.0,40.3,0.0,0.0,0.0,0.0,0.0,0.222,0.0,0.0,0.2,0.158,0.0,0.0,0.0,0.0,0.0
성영탁,KIA,2025,2025-05-24,@ Samsung,RP,,0.0,3.0,0.666666667,11,0,0,1,0,0,1,0,,Away,대구 삼성 라이온즈 파크,17:00,14.5,False,3,1,180cm,89kg,2004,42.6,0.0,0.0,17.0,40.3,0.0,0.0,0.0,0.0,0.0,0.222,0.0,0.0,0.2,0.158,0.0,0.0,0.0,0.0,0.0
성영탁,KIA,2025,2025-05-28,vs. Kiwoom,RP,,0.0,3.0,0.333333333,8,0,0,1,0,0,0,0,,Home,광주 기아 챔피언스 필드,18:30,26.5,False,3,1,180cm,89kg,2004,42.6,0.0,0.0,17.0,40.3,0.0,0.0,0.0,0.0,0.0,0.222,0.0,0.0,0.2,0.158,0.0,0.0,0.0,0.0,0.0
성영탁,KIA,2025,2025-05-30,@ KT,RP,,0.0,0.5,2.0,23,0,0,0,0,1,1,0,,Away,수원 KT 위즈파크,18:30,24.2,False,1,1,180cm,89kg,2004,42.6,0.0,0.0,17.0,40.3,0.0,0.0,0.0,0.0,0.0,0.222,0.0,0.0,0.2,0.158,0.0,0.0,0.0,0.0,0.0
성영탁,KIA,2025,2025-06-03,@ Doosan,RP,,0.0,0.0,1.0,15,0,0,0,0,1,0,0,,Away,잠실 야구장,18:30,22.8,False,3,1,180cm,89kg,2004,42.6,0.0,0.0,17.0,40.3,0.0,0.0,0.0,0.0,0.0,0.222,0.0,0.0,0.2,0.158,0.0,0.0,0.0,0.0,0.0
성영탁,KIA,2025,2025-06-04,@ Doosan,RP,H,0.0,0.0,1.0,7,0,0,0,0,0,0,0,,Away,잠실 야구장,18:30,22.5,True,0,2,180cm,89kg,2004,42.6,0.0,0.0,17.0,40.3,0.0,0.0,0.0,0.0,0.0,0.222,0.0,0.0,0.2,0.158,0.0,0.0,0.0,0.0,0.0
성영탁,KIA,2025,2025-06-07,vs. Hanwha,RP,,0.0,0.0,0.333333333,2,0,0,0,0,0,0,0,,Home,광주 기아 챔피언스 필드,17:00,27.2,False,2,1,180cm,89kg,2004,42.6,0.0,0.0,17.0,40.3,0.0,0.0,0.0,0.0,0.0,0.222,0.0,0.0,0.2,0.158,0.0,0.0,0.0,0.0,0.0
성영탁,KIA,2025,2025-06-08,vs. Hanwha,RP,,0.0,0.75,2.666666667,35,0,0,2,0,1,0,0,,Home,광주 기아 챔피언스 필드,17:00,28.7,True,0,2,180cm,89kg,2004,42.6,0.0,0.0,17.0,40.3,0.0,0.0,0.0,0.0,0.0,0.222,0.0,0.0,0.2,0.158,0.0,0.0,0.0,0.0,0.0
성영탁,KIA,2025,2025-06-12,vs. Samsung,RP,,0.0,1.0,1.0,15,0,0,1,0,0,0,0,,Home,광주 기아 챔피언스 필드,18:30,26.3,False,3,1,180cm,89kg,2004,42.6,0.0,0.0,17.0,40.3,0.0,0.0,0.0,0.0,0.0,0.222,0.0,0.0,0.2,0.158,0.0,0.0,0.0,0.0,0.0
성영탁,KIA,2025,2025-06-14,@ NC,RP,,0.0,1.8,1.666666667,31,0,0,1,0,2,2,0,,Away,창원 NC 파크,17:00,27.3,False,1,1,180cm,89kg,2004,42.6,0.0,0.0,17.0,40.3,0.0,0.0,0.0,0.0,0.0,0.222,0.0,0.0,0.2,0.158,0.0,0.0,0.0,0.0,0.0
성영탁,KIA,2025,2025-06-17,vs. KT,RP,,0.0,2.0,1.0,24,0,0,1,0,1,1,0,,Home,광주 기아 챔피언스 필드,18:30,29.8,False,2,1,180cm,89kg,2004,42.6,0.0,0.0,17.0,40.3,0.0,0.0,0.0,0.0,0.0,0.222,0.0,0.0,0.2,0.158,0.0,0.0,0.0,0.0,0.0
성영탁,KIA,2025,2025-06-19,vs. KT,RP,,0.0,0.0,2.0,19,0,0,0,0,2,0,0,,Home,광주 기아 챔피언스 필드,18:30,29.3,False,1,1,180cm,89kg,2004,42.6,0.0,0.0,17.0,40.3,0.0,0.0,0.0,0.0,0.0,0.222,0.0,0.0,0.2,0.158,0.0,0.0,0.0,0.0,0.0
성영탁,KIA,2025,2025-06-21,@ SSG,RP,,0.0,0.6,1.666666667,19,0,0,1,0,1,0,0,,Away,인천 SSG 랜더스필드,17:00,23.5,False,1,1,180cm,89kg,2004,42.6,0.0,0.0,17.0,40.3,0.0,0.0,0.0,0.0,0.0,0.222,0.0,0.0,0.2,0.158,0.0,0.0,0.0,0.0,0.0
성영탁,KIA,2025,2025-06-24,@ Kiwoom,RP,,13.5,1.5,0.666666667,12,1,1,1,1,1,0,0,,Away,고척 스카이돔,18:30,25.5,False,2,1,180cm,89kg,2004,42.6,0.0,0.0,17.0,40.3,0.0,0.0,0.0,0.0,0.0,0.222,0.0,0.0,0.2,0.158,0.0,0.0,0.0,0.0,0.0
성영탁,KIA,2025,2025-06-26,@ Kiwoom,RP,,27.0,9.0,0.333333333,23,3,1,2,0,0,1,0,,Away,고척 스카이돔,18:30,25.5,False,1,1,180cm,89kg,2004,42.6,0.0,0.0,17.0,40.3,0.0,0.0,0.0,0.0,0.0,0.222,0.0,0.0,0.2,0.158,0.0,0.0,0.0,0.0,0.0
성영탁,KIA,2025,2025-06-28,@ LG,RP,W,0.0,1.2,1.666666667,15,0,0,2,0,0,0,0,,Away,잠실 야구장,17:00,29.9,False,1,1,180cm,89kg,2004,42.6,0.0,0.0,17.0,40.3,0.0,0.0,0.0,0.0,0.0,0.222,0.0,0.0,0.2,0.158,0.0,0.0,0.0,0.0,0.0
성영탁,KIA,2025,2025-06-29,@ LG,RP,,0.0,0.0,0.333333333,3,0,0,0,0,0,0,0,,Away,잠실 야구장,17:00,31.1,True,0,2,180cm,89kg,2004,42.6,0.0,0.0,17.0,40.3,0.0,0.0,0.0,0.0,0.0,0.222,0.0,0.0,0.2,0.158,0.0,0.0,0.0,0.0,0.0
성영탁,KIA,2025,2025-07-02,vs. SSG,RP,,0.0,0.0,1.333333333,10,0,0,0,0,0,0,0,,Home,광주 기아 챔피언스 필드,18:30,33.1,False,2,1,180cm,89kg,2004,42.6,0.0,0.0,17.0,40.3,0.0,0.0,0.0,0.0,0.0,0.222,0.0,0.0,0.2,0.158,0.0,0.0,0.0,0.0,0.0
성영탁,KIA,2025,2025-07-04,vs. Lotte,RP,,0.0,0.0,0.666666667,7,0,0,0,0,0,0,0,,Home,광주 기아 챔피언스 필드,18:30,30.7,False,1,1,180cm,89kg,2004,42.6,0.0,0.0,17.0,40.3,0.0,0.0,0.0,0.0,0.0,0.222,0.0,0.0,0.2,0.158,0.0,0.0,0.0,0.0,0.0
성영탁,KIA,2025,2025-07-06,vs. Lotte,RP,,0.0,1.5,1.333333333,19,0,0,1,0,1,1,0,,Home,광주 기아 챔피언스 필드,17:00,33.2,False,1,1,180cm,89kg,2004,42.6,0.0,0.0,17.0,40.3,0.0,0.0,0.0,0.0,0.0,0.222,0.0,0.0,0.2,0.158,0.0,0.0,0.0,0.0,0.0
성영탁,KIA,2025,2025-07-09,@ Hanwha,RP,,0.0,1.2,1.666666667,23,0,0,2,0,0,0,0,,Away,대전 한화생명 볼파크,18:30,32.1,False,2,1,180cm,89kg,2004,42.6,0.0,0.0,17.0,40.3,0.0,0.0,0.0,0.0,0.0,0.222,0.0,0.0,0.2,0.158,0.0,0.0,0.0,0.0,0.0
소형준,KT,2025,2025-03-26,vs. Doosan,SP,L,4.5,1.5,6.0,79,3,3,9,0,4,0,0,46.0,Home,수원 KT 위즈파크,18:30,24.1,False,0,1,189cm,92kg,2001,51.4,0.0,27.4,3.2,0.0,17.7,0.0,0.0,0.0,0.0,0.259,0.0,0.207,0.333,0.0,0.254,0.0,0.0,0.0,0.0
소형준,KT,2025,2025-04-06,@ SSG,SP,,0.0,0.71,7.0,75,0,0,5,0,5,0,0,72.0,Away,인천 SSG 랜더스필드,14:00,11.4,False,10,1,189cm,92kg,2001,51.4,0.0,27.4,3.2,0.0,17.7,0.0,0.0,0.0,0.0,0.259,0.0,0.207,0.333,0.0,0.254,0.0,0.0,0.0,0.0
소형준,KT,2025,2025-04-13,vs. Samsung,SP,W,0.0,1.8,5.0,94,1,0,5,0,5,4,0,56.0,Home,수원 KT 위즈파크,14:00,3.6,False,6,1,189cm,92kg,2001,51.4,0.0,27.4,3.2,0.0,17.7,0.0,0.0,0.0,0.0,0.259,0.0,0.207,0.333,0.0,0.254,0.0,0.0,0.0,0.0
소형준,KT,2025,2025-04-19,@ Kiwoom,SP,W,1.29,0.57,7.0,79,1,1,4,0,11,0,0,76.0,Away,고척 스카이돔,17:00,25.5,False,5,1,189cm,92kg,2001,51.4,0.0,27.4,3.2,0.0,17.7,0.0,0.0,0.0,0.0,0.259,0.0,0.207,0.333,0.0,0.254,0.0,0.0,0.0,0.0
소형준,KT,2025,2025-04-25,@ Hanwha,SP,,0.0,0.33,6.0,97,0,0,1,0,10,1,0,79.0,Away,대전 한화생명 볼파크,18:30,16.9,False,5,1,189cm,92kg,2001,51.4,0.0,27.4,3.2,0.0,17.7,0.0,0.0,0.0,0.0,0.259,0.0,0.207,0.333,0.0,0.254,0.0,0.0,0.0,0.0
소형준,KT,2025,2025-05-01,@ Doosan,SP,,4.5,1.17,6.0,90,3,3,5,0,6,2,1,53.0,Away,잠실 야구장,18:30,14.4,False,5,1,189cm,92kg,2001,51.4,0.0,27.4,3.2,0.0,17.7,0.0,0.0,0.0,0.0,0.259,0.0,0.207,0.333,0.0,0.254,0.0,0.0,0.0,0.0
소형준,KT,2025,2025-05-07,vs. NC,SP,L,11.57,2.36,4.666666667,92,6,6,6,1,5,5,0,28.0,Home,수원 KT 위즈파크,18:30,16.1,False,5,1,189cm,92kg,2001,51.4,0.0,27.4,3.2,0.0,17.7,0.0,0.0,0.0,0.0,0.259,0.0,0.207,0.333,0.0,0.254,0.0,0.0,0.0,0.0
소형준,KT,2025,2025-05-14,@ Samsung,SP,W,3.0,1.17,6.0,102,2,2,5,1,6,2,0,58.0,Away,대구 삼성 라이온즈 파크,18:30,20.5,False,6,1,189cm,92kg,2001,51.4,0.0,27.4,3.2,0.0,17.7,0.0,0.0,0.0,0.0,0.259,0.0,0.207,0.333,0.0,0.254,0.0,0.0,0.0,0.0
소형준,KT,2025,2025-05-25,@ Kiwoom,SP,W,0.0,0.86,7.0,91,0,0,6,0,5,0,0,70.0,Away,고척 스카이돔,14:00,25.5,False,10,1,189cm,92kg,2001,51.4,0.0,27.4,3.2,0.0,17.7,0.0,0.0,0.0,0.0,0.259,0.0,0.207,0.333,0.0,0.254,0.0,0.0,0.0,0.0
소형준,KT,2025,2025-05-31,vs. Kia,SP,,0.0,1.0,6.0,92,1,0,4,0,6,2,0,66.0,Home,수원 KT 위즈파크,17:00,22.8,False,5,1,189cm,92kg,2001,51.4,0.0,27.4,3.2,0.0,17.7,0.0,0.0,0.0,0.0,0.259,0.0,0.207,0.333,0.0,0.254,0.0,0.0,0.0,0.0
소형준,KT,2025,2025-06-06,vs. SSG,SP,W,4.5,1.0,6.0,87,3,3,6,1,6,0,0,54.0,Home,수원 KT 위즈파크,18:30,24.9,False,5,1,189cm,92kg,2001,51.4,0.0,27.4,3.2,0.0,17.7,0.0,0.0,0.0,0.0,0.259,0.0,0.207,0.333,0.0,0.254,0.0,0.0,0.0,0.0
소형준,KT,2025,2025-06-12,vs. Lotte,SP,,10.8,2.0,5.0,97,6,6,9,0,5,1,1,28.0,Home,수원 KT 위즈파크,18:30,26.9,False,5,1,189cm,92kg,2001,51.4,0.0,27.4,3.2,0.0,17.7,0.0,0.0,0.0,0.0,0.259,0.0,0.207,0.333,0.0,0.254,0.0,0.0,0.0,0.0
소형준,KT,2025,2025-06-18,@ Kia,SP,,4.5,1.67,6.0,91,3,3,9,0,4,1,0,45.0,Away,광주 기아 챔피언스 필드,18:30,29.7,False,5,1,189cm,92kg,2001,51.4,0.0,27.4,3.2,0.0,17.7,0.0,0.0,0.0,0.0,0.259,0.0,0.207,0.333,0.0,0.254,0.0,0.0,0.0,0.0
소형준,KT,2025,2025-06-26,vs. LG,SP,,2.84,1.26,6.333333333,94,2,2,6,0,3,2,0,54.0,Home,수원 KT 위즈파크,18:30,25.8,False,7,1,189cm,92kg,2001,51.4,0.0,27.4,3.2,0.0,17.7,0.0,0.0,0.0,0.0,0.259,0.0,0.207,0.333,0.0,0.254,0.0,0.0,0.0,0.0
소형준,KT,2025,2025-07-02,vs. Kiwoom,SP,W,1.42,0.95,6.333333333,93,1,1,6,0,1,0,0,58.0,Home,수원 KT 위즈파크,18:30,30.9,False,5,1,189cm,92kg,2001,51.4,0.0,27.4,3.2,0.0,17.7,0.0,0.0,0.0,0.0,0.259,0.0,0.207,0.333,0.0,0.254,0.0,0.0,0.0,0.0
소형준,KT,2025,2025-07-09,@ SSG,SP,W,1.29,1.14,7.0,92,2,1,8,0,3,0,0,58.0,Away,인천 SSG 랜더스필드,18:30,34.2,False,6,1,189cm,92kg,2001,51.4,0.0,27.4,3.2,0.0,17.7,0.0,0.0,0.0,0.0,0.259,0.0,0.207,0.333,0.0,0.254,0.0,0.0,0.0,0.0
손주영,LG,2025,2025-03-23,vs. Lotte,SP,W,0.0,0.43,7.0,96,0,0,1,0,5,2,0,78.0,Home,잠실 야구장,14:00,23.3,False,0,1,191cm,95kg,1998,0.0,51.2,6.4,23.5,12.5,0.4,0.0,5.4,0.0,0.0,0.0,0.264,0.3,0.266,0.258,0.5,0.0,0.35,0.0,0.0
손주영,LG,2025,2025-03-29,@ NC,SP,W,6.0,1.17,6.0,101,4,4,6,3,6,1,0,49.0,Away,창원 NC 파크,17:00,8.8,False,5,1,191cm,95kg,1998,0.0,51.2,6.4,23.5,12.5,0.4,0.0,5.4,0.0,0.0,0.0,0.264,0.3,0.266,0.258,0.5,0.0,0.35,0.0,0.0
손주영,LG,2025,2025-04-08,@ Kiwoom,SP,W,1.29,0.71,7.0,76,1,1,5,0,5,0,0,68.0,Away,고척 스카이돔,18:30,25.5,False,9,1,191cm,95kg,1998,0.0,51.2,6.4,23.5,12.5,0.4,0.0,5.4,0.0,0.0,0.0,0.264,0.3,0.266,0.258,0.5,0.0,0.35,0.0,0.0
손주영,LG,2025,2025-04-13,vs. Doosan,SP,L,18.0,3.0,3.0,71,6,6,6,0,2,3,0,22.0,Home,잠실 야구장,14:00,-0.1,False,4,1,191cm,95kg,1998,0.0,51.2,6.4,23.5,12.5,0.4,0.0,5.4,0.0,0.0,0.0,0.264,0.3,0.266,0.258,0.5,0.0,0.35,0.0,0.0
손주영,LG,2025,2025-04-19,@ SSG,SP,,0.0,0.33,3.0,38,0,0,1,0,5,0,0,62.0,Away,인천 SSG 랜더스필드,17:00,10.9,False,5,1,191cm,95kg,1998,0.0,51.2,6.4,23.5,12.5,0.4,0.0,5.4,0.0,0.0,0.0,0.264,0.3,0.266,0.258,0.5,0.0,0.35,0.0,0.0
손주영,LG,2025,2025-04-25,@ Kia,SP,,7.36,2.73,3.666666667,77,5,3,7,0,7,3,1,34.0,Away,광주 기아 챔피언스 필드,18:30,16.2,False,5,1,191cm,95kg,1998,0.0,51.2,6.4,23.5,12.5,0.4,0.0,5.4,0.0,0.0,0.0,0.264,0.3,0.266,0.258,0.5,0.0,0.35,0.0,0.0
손주영,LG,2025,2025-05-02,vs. SSG,SP,L,3.6,1.4,5.0,96,2,2,5,1,4,2,0,51.0,Home,잠실 야구장,18:30,16.2,False,6,1,191cm,95kg,1998,0.0,51.2,6.4,23.5,12.5,0.4,0.0,5.4,0.0,0.0,0.0,0.264,0.3,0.266,0.258,0.5,0.0,0.35,0.0,0.0
손주영,LG,2025,2025-05-10,@ Samsung,SP,W,4.5,1.33,6.0,104,3,3,6,0,6,2,0,52.0,Away,대구 삼성 라이온즈 파크,17:00,17.6,False,7,1,191cm,95kg,1998,0.0,51.2,6.4,23.5,12.5,0.4,0.0,5.4,0.0,0.0,0.0,0.264,0.3,0.266,0.258,0.5,0.0,0.35,0.0,0.0
손주영,LG,2025,2025-05-17,vs. KT,SP,L,7.71,2.36,4.666666667,101,4,4,7,0,4,4,0,34.0,Home,잠실 야구장,17:00,18.9,False,6,1,191cm,95kg,1998,0.0,51.2,6.4,23.5,12.5,0.4,0.0,5.4,0.0,0.0,0.0,0.264,0.3,0.266,0.258,0.5,0.0,0.35,0.0,0.0
손주영,LG,2025,2025-05-23,@ SSG,SP,W,1.29,0.57,7.0,99,1,1,2,0,11,2,0,78.0,Away,인천 SSG 랜더스필드,18:30,20.8,False,5,1,191cm,95kg,1998,0.0,51.2,6.4,23.5,12.5,0.4,0.0,5.4,0.0,0.0,0.0,0.264,0.3,0.266,0.258,0.5,0.0,0.35,0.0,0.0
손주영,LG,2025,2025-05-29,vs. Hanwha,SP,W,1.29,0.86,7.0,102,1,1,5,0,6,1,0,68.0,Home,잠실 야구장,18:30,25.2,False,5,1,191cm,95kg,1998,0.0,51.2,6.4,23.5,12.5,0.4,0.0,5.4,0.0,0.0,0.0,0.264,0.3,0.266,0.258,0.5,0.0,0.35,0.0,0.0
손주영,LG,2025,2025-06-04,@ NC,SP,L,7.2,2.2,5.0,95,4,4,9,1,3,2,1,33.0,Away,창원 NC 파크,18:30,23.8,False,5,1,191cm,95kg,1998,0.0,51.2,6.4,23.5,12.5,0.4,0.0,5.4,0.0,0.0,0.0,0.264,0.3,0.266,0.258,0.5,0.0,0.35,0.0,0.0
손주영,LG,2025,2025-06-10,vs. SSG,SP,L,7.71,2.57,4.666666667,101,5,4,10,0,2,2,1,25.0,Home,잠실 야구장,18:30,24.8,False,5,1,191cm,95kg,1998,0.0,51.2,6.4,23.5,12.5,0.4,0.0,5.4,0.0,0.0,0.0,0.264,0.3,0.266,0.258,0.5,0.0,0.35,0.0,0.0
손주영,LG,2025,2025-06-21,vs. Doosan,RP,L,54.0,9.0,0.333333333,14,2,2,3,0,0,0,0,,Home,잠실 야구장,17:00,25.6,False,10,1,191cm,95kg,1998,0.0,51.2,6.4,23.5,12.5,0.4,0.0,5.4,0.0,0.0,0.0,0.264,0.3,0.266,0.258,0.5,0.0,0.35,0.0,0.0
손주영,LG,2025,2025-06-27,vs. Kia,SP,,1.5,0.83,6.0,94,2,1,4,0,3,1,0,60.0,Home,잠실 야구장,18:30,29.9,False,5,1,191cm,95kg,1998,0.0,51.2,6.4,23.5,12.5,0.4,0.0,5.4,0.0,0.0,0.0,0.264,0.3,0.266,0.258,0.5,0.0,0.35,0.0,0.0
손주영,LG,2025,2025-07-03,@ Lotte,SP,,0.0,1.0,6.0,92,0,0,5,0,8,1,0,69.0,Away,사직 야구장,18:30,29.8,False,5,1,191cm,95kg,1998,0.0,51.2,6.4,23.5,12.5,0.4,0.0,5.4,0.0,0.0,0.0,0.264,0.3,0.266,0.258,0.5,0.0,0.35,0.0,0.0
손주영,LG,2025,2025-07-09,vs. Kiwoom,SP,W,6.75,1.69,5.333333333,94,4,4,8,0,2,1,0,37.0,Home,잠실 야구장,18:30,34.5,False,5,1,191cm,95kg,1998,0.0,51.2,6.4,23.5,12.5,0.4,0.0,5.4,0.0,0.0,0.0,0.264,0.3,0.266,0.258,0.5,0.0,0.35,0.0,0.0
송승기,LG,2025,2025-03-27,vs. Hanwha,SP,,0.0,0.29,7.0,94,0,0,1,0,5,1,0,79.0,Home,잠실 야구장,18:30,13.6,False,0,1,181cm,90kg,2002,0.0,54.4,0.0,7.6,18.9,12.7,0.0,6.0,0.0,0.0,0.0,0.264,0.0,0.24,0.211,0.149,0.0,0.172,0.0,0.0
송승기,LG,2025,2025-04-04,vs. Kia,SP,W,3.6,2.0,5.0,87,2,2,7,0,4,3,0,46.0,Home,잠실 야구장,18:30,13.4,False,7,1,181cm,90kg,2002,0.0,54.4,0.0,7.6,18.9,12.7,0.0,6.0,0.0,0.0,0.0,0.264,0.0,0.24,0.211,0.149,0.0,0.172,0.0,0.0
송승기,LG,2025,2025-04-11,vs. Doosan,SP,,3.0,1.17,6.0,89,2,2,4,0,5,3,0,58.0,Home,잠실 야구장,18:30,21.7,False,6,1,181cm,90kg,2002,0.0,54.4,0.0,7.6,18.9,12.7,0.0,6.0,0.0,0.0,0.0,0.264,0.0,0.24,0.211,0.149,0.0,0.172,0.0,0.0
송승기,LG,2025,2025-04-17,vs. Samsung,SP,L,7.71,1.71,4.666666667,84,4,4,6,1,4,2,0,38.0,Home,잠실 야구장,18:30,21.4,False,5,1,181cm,90kg,2002,0.0,54.4,0.0,7.6,18.9,12.7,0.0,6.0,0.0,0.0,0.0,0.264,0.0,0.24,0.211,0.149,0.0,0.172,0.0,0.0
송승기,LG,2025,2025-04-23,vs. NC,SP,W,0.0,0.5,6.0,94,0,0,0,0,7,3,0,76.0,Home,잠실 야구장,18:30,21.9,False,5,1,181cm,90kg,2002,0.0,54.4,0.0,7.6,18.9,12.7,0.0,6.0,0.0,0.0,0.0,0.264,0.0,0.24,0.211,0.149,0.0,0.172,0.0,0.0
송승기,LG,2025,2025-04-29,@ Hanwha,SP,L,5.4,1.6,5.0,86,3,3,6,2,7,2,0,48.0,Away,대전 한화생명 볼파크,18:30,20.2,False,5,1,181cm,90kg,2002,0.0,54.4,0.0,7.6,18.9,12.7,0.0,6.0,0.0,0.0,0.0,0.264,0.0,0.24,0.211,0.149,0.0,0.172,0.0,0.0
송승기,LG,2025,2025-05-05,@ Doosan,SP,L,6.0,1.33,6.0,99,4,4,8,1,5,0,0,45.0,Away,잠실 야구장,14:00,14.8,False,5,1,181cm,90kg,2002,0.0,54.4,0.0,7.6,18.9,12.7,0.0,6.0,0.0,0.0,0.0,0.264,0.0,0.24,0.211,0.149,0.0,0.172,0.0,0.0
송승기,LG,2025,2025-05-14,vs. Kiwoom,SP,W,0.0,1.0,6.0,108,0,0,4,0,5,2,0,67.0,Home,잠실 야구장,18:30,24.0,False,8,1,181cm,90kg,2002,0.0,54.4,0.0,7.6,18.9,12.7,0.0,6.0,0.0,0.0,0.0,0.264,0.0,0.24,0.211,0.149,0.0,0.172,0.0,0.0
송승기,LG,2025,2025-05-20,@ Lotte,SP,W,5.4,1.6,5.0,97,3,3,7,1,4,1,0,44.0,Away,사직 야구장,18:30,22.4,False,5,1,181cm,90kg,2002,0.0,54.4,0.0,7.6,18.9,12.7,0.0,6.0,0.0,0.0,0.0,0.264,0.0,0.24,0.211,0.149,0.0,0.172,0.0,0.0
송승기,LG,2025,2025-05-25,@ SSG,SP,W,0.0,1.05,6.666666667,108,0,0,4,0,9,3,0,72.0,Away,인천 SSG 랜더스필드,14:00,18.2,False,4,1,181cm,90kg,2002,0.0,54.4,0.0,7.6,18.9,12.7,0.0,6.0,0.0,0.0,0.0,0.264,0.0,0.24,0.211,0.149,0.0,0.172,0.0,0.0
송승기,LG,2025,2025-06-03,@ NC,SP,W,0.0,0.33,6.0,79,0,0,1,0,7,1,0,76.0,Away,창원 NC 파크,18:30,25.4,False,8,1,181cm,90kg,2002,0.0,54.4,0.0,7.6,18.9,12.7,0.0,6.0,0.0,0.0,0.0,0.264,0.0,0.24,0.211,0.149,0.0,0.172,0.0,0.0
송승기,LG,2025,2025-06-08,@ Kiwoom,SP,W,0.0,0.57,7.0,97,0,0,2,0,5,2,1,75.0,Away,고척 스카이돔,14:00,25.5,False,4,1,181cm,90kg,2002,0.0,54.4,0.0,7.6,18.9,12.7,0.0,6.0,0.0,0.0,0.0,0.264,0.0,0.24,0.211,0.149,0.0,0.172,0.0,0.0
송승기,LG,2025,2025-06-15,@ Hanwha,SP,L,8.31,2.08,4.333333333,90,5,4,6,0,2,3,0,32.0,Away,대전 한화생명 볼파크,17:00,30.9,False,6,1,181cm,90kg,2002,0.0,54.4,0.0,7.6,18.9,12.7,0.0,6.0,0.0,0.0,0.0,0.264,0.0,0.24,0.211,0.149,0.0,0.172,0.0,0.0
송승기,LG,2025,2025-06-22,vs. Doosan,SP,W,1.5,1.5,6.0,100,1,1,6,1,4,3,0,57.0,Home,잠실 야구장,17:00,27.8,False,6,1,181cm,90kg,2002,0.0,54.4,0.0,7.6,18.9,12.7,0.0,6.0,0.0,0.0,0.0,0.264,0.0,0.24,0.211,0.149,0.0,0.172,0.0,0.0
송승기,LG,2025,2025-06-28,vs. Kia,SP,,27.0,3.43,2.333333333,71,7,7,7,1,2,1,0,16.0,Home,잠실 야구장,17:00,29.9,False,5,1,181cm,90kg,2002,0.0,54.4,0.0,7.6,18.9,12.7,0.0,6.0,0.0,0.0,0.0,0.264,0.0,0.24,0.211,0.149,0.0,0.172,0.0,0.0
송승기,LG,2025,2025-07-04,@ Samsung,SP,L,3.18,1.59,5.666666667,110,2,2,7,1,1,2,0,46.0,Away,대구 삼성 라이온즈 파크,18:30,30.0,False,5,1,181cm,90kg,2002,0.0,54.4,0.0,7.6,18.9,12.7,0.0,6.0,0.0,0.0,0.0,0.264,0.0,0.24,0.211,0.149,0.0,0.172,0.0,0.0
송승기,LG,2025,2025-07-10,vs. Kiwoom,SP,,6.23,2.54,4.333333333,103,3,3,5,0,3,6,0,38.0,Home,잠실 야구장,18:30,33.1,False,5,1,181cm,90kg,2002,0.0,54.4,0.0,7.6,18.9,12.7,0.0,6.0,0.0,0.0,0.0,0.264,0.0,0.24,0.211,0.149,0.0,0.172,0.0,0.0
신민혁,NC,2025,2025-03-26,@ Samsung,SP,W,3.6,0.6,5.0,77,2,2,2,0,5,1,0,59.0,Away,대구 삼성 라이온즈 파크,18:30,16.0,False,0,1,184cm,95kg,1999,0.0,17.5,31.1,2.0,0.0,44.1,0.0,4.9,0.0,0.0,0.0,0.364,0.244,0.0,0.0,0.24,0.0,0.333,0.0,0.0
신민혁,NC,2025,2025-04-06,@ Kiwoom,SP,,3.6,1.0,5.0,85,2,2,3,0,5,2,1,55.0,Away,고척 스카이돔,14:00,25.5,False,10,1,184cm,95kg,1999,0.0,17.5,31.1,2.0,0.0,44.1,0.0,4.9,0.0,0.0,0.0,0.364,0.244,0.0,0.0,0.24,0.0,0.333,0.0,0.0
신민혁,NC,2025,2025-04-12,vs. Lotte,SP,L,3.6,1.8,5.0,91,2,2,7,0,2,2,0,45.0,Home,창원 NC 파크,17:00,13.9,False,5,1,184cm,95kg,1999,0.0,17.5,31.1,2.0,0.0,44.1,0.0,4.9,0.0,0.0,0.0,0.364,0.244,0.0,0.0,0.24,0.0,0.333,0.0,0.0
신민혁,NC,2025,2025-04-22,@ LG,SP,,4.76,1.24,5.666666667,106,3,3,5,1,4,2,0,49.0,Away,잠실 야구장,18:30,17.5,False,9,1,184cm,95kg,1999,0.0,17.5,31.1,2.0,0.0,44.1,0.0,4.9,0.0,0.0,0.0,0.364,0.244,0.0,0.0,0.24,0.0,0.333,0.0,0.0
신민혁,NC,2025,2025-04-27,@ Samsung,SP,L,6.75,2.0,4.0,90,3,3,6,2,3,2,0,39.0,Away,대구 삼성 라이온즈 파크,14:00,20.2,False,4,1,184cm,95kg,1999,0.0,17.5,31.1,2.0,0.0,44.1,0.0,4.9,0.0,0.0,0.0,0.364,0.244,0.0,0.0,0.24,0.0,0.333,0.0,0.0
신민혁,NC,2025,2025-05-03,@ Lotte,SP,,16.2,3.0,1.666666667,44,3,3,4,0,1,1,0,35.0,Away,사직 야구장,17:00,12.9,False,5,1,184cm,95kg,1999,0.0,17.5,31.1,2.0,0.0,44.1,0.0,4.9,0.0,0.0,0.0,0.364,0.244,0.0,0.0,0.24,0.0,0.333,0.0,0.0
신민혁,NC,2025,2025-05-10,@ Doosan,SP,,4.5,1.33,6.0,98,3,3,8,1,1,0,0,45.0,Away,잠실 야구장,17:00,11.9,False,6,1,184cm,95kg,1999,0.0,17.5,31.1,2.0,0.0,44.1,0.0,4.9,0.0,0.0,0.0,0.364,0.244,0.0,0.0,0.24,0.0,0.333,0.0,0.0
신민혁,NC,2025,2025-05-15,@ SSG,SP,L,5.06,1.13,5.333333333,90,3,3,6,1,2,0,0,46.0,Away,인천 SSG 랜더스필드,18:30,18.0,False,4,1,184cm,95kg,1999,0.0,17.5,31.1,2.0,0.0,44.1,0.0,4.9,0.0,0.0,0.0,0.364,0.244,0.0,0.0,0.24,0.0,0.333,0.0,0.0
신민혁,NC,2025,2025-05-21,vs. Hanwha,SP,W,3.0,0.83,6.0,101,2,2,4,0,4,1,0,59.0,Home,창원 NC 파크,18:30,23.5,False,5,1,184cm,95kg,1999,0.0,17.5,31.1,2.0,0.0,44.1,0.0,4.9,0.0,0.0,0.0,0.364,0.244,0.0,0.0,0.24,0.0,0.333,0.0,0.0
신민혁,NC,2025,2025-05-27,@ SSG,SP,,1.5,0.5,6.0,90,1,1,3,0,4,0,0,66.0,Away,인천 SSG 랜더스필드,18:30,20.6,False,5,1,184cm,95kg,1999,0.0,17.5,31.1,2.0,0.0,44.1,0.0,4.9,0.0,0.0,0.0,0.364,0.244,0.0,0.0,0.24,0.0,0.333,0.0,0.0
신민혁,NC,2025,2025-06-07,@ Samsung,SP,,10.8,2.4,1.666666667,43,6,2,3,1,0,1,0,32.0,Away,대구 삼성 라이온즈 파크,17:00,23.6,False,10,1,184cm,95kg,1999,0.0,17.5,31.1,2.0,0.0,44.1,0.0,4.9,0.0,0.0,0.0,0.364,0.244,0.0,0.0,0.24,0.0,0.333,0.0,0.0
신민혁,NC,2025,2025-06-13,vs. Kia,SP,W,1.8,1.2,5.0,77,1,1,5,1,1,1,0,53.0,Home,창원 NC 파크,18:30,24.4,False,5,1,184cm,95kg,1999,0.0,17.5,31.1,2.0,0.0,44.1,0.0,4.9,0.0,0.0,0.0,0.364,0.244,0.0,0.0,0.24,0.0,0.333,0.0,0.0
신민혁,NC,2025,2025-06-19,@ LG,SP,W,0.0,0.57,7.0,91,0,0,3,0,7,1,1,76.0,Away,잠실 야구장,18:30,30.9,False,5,1,184cm,95kg,1999,0.0,17.5,31.1,2.0,0.0,44.1,0.0,4.9,0.0,0.0,0.0,0.364,0.244,0.0,0.0,0.24,0.0,0.333,0.0,0.0
신민혁,NC,2025,2025-06-27,vs. Doosan,SP,,9.0,2.0,5.0,88,5,5,10,3,2,0,0,29.0,Home,창원 NC 파크,18:30,29.0,False,7,1,184cm,95kg,1999,0.0,17.5,31.1,2.0,0.0,44.1,0.0,4.9,0.0,0.0,0.0,0.364,0.244,0.0,0.0,0.24,0.0,0.333,0.0,0.0
신민혁,NC,2025,2025-07-03,@ Hanwha,SP,,13.5,2.4,3.333333333,69,5,5,8,1,2,0,0,26.0,Away,대전 한화생명 볼파크,18:30,32.0,False,5,1,184cm,95kg,1999,0.0,17.5,31.1,2.0,0.0,44.1,0.0,4.9,0.0,0.0,0.0,0.364,0.244,0.0,0.0,0.24,0.0,0.333,0.0,0.0
신민혁,NC,2025,2025-07-09,vs. Samsung,SP,W,0.0,0.67,6.0,90,0,0,3,0,2,1,1,66.0,Home,창원 NC 파크,18:30,30.8,False,5,1,184cm,95kg,1999,0.0,17.5,31.1,2.0,0.0,44.1,0.0,4.9,0.0,0.0,0.0,0.364,0.244,0.0,0.0,0.24,0.0,0.333,0.0,0.0
알칸타라,키움,2025,2025-06-01,vs. Doosan,SP,W,0.0,1.17,6.0,98,0,0,6,0,4,1,1,62.0,Home,고척 스카이돔,14:00,25.5,False,0,1,193cm,100kg,1992,0.0,51.4,0.0,0.0,19.0,0.0,0.0,29.5,0.0,0.0,0.0,0.301,0.0,0.0,0.3,0.0,0.0,0.278,0.0,0.0
알칸타라,키움,2025,2025-06-07,vs. LG,SP,W,1.13,0.38,8.0,101,1,1,3,0,6,0,0,78.0,Home,고척 스카이돔,17:00,25.5,False,5,1,193cm,100kg,1992,0.0,51.4,0.0,0.0,19.0,0.0,0.0,29.5,0.0,0.0,0.0,0.301,0.0,0.0,0.3,0.0,0.0,0.278,0.0,0.0
알칸타라,키움,2025,2025-06-14,@ Doosan,SP,L,3.0,1.67,6.0,94,4,2,9,1,5,1,0,46.0,Away,잠실 야구장,17:00,31.4,False,6,1,193cm,100kg,1992,0.0,51.4,0.0,0.0,19.0,0.0,0.0,29.5,0.0,0.0,0.0,0.301,0.0,0.0,0.3,0.0,0.0,0.278,0.0,0.0
알칸타라,키움,2025,2025-06-22,@ Hanwha,SP,L,15.75,3.25,4.0,74,7,7,13,1,2,0,0,10.0,Away,대전 한화생명 볼파크,17:00,28.2,False,7,1,193cm,100kg,1992,0.0,51.4,0.0,0.0,19.0,0.0,0.0,29.5,0.0,0.0,0.0,0.301,0.0,0.0,0.3,0.0,0.0,0.278,0.0,0.0
알칸타라,키움,2025,2025-06-28,vs. Samsung,SP,W,0.0,0.95,6.333333333,103,0,0,4,0,7,2,0,70.0,Home,고척 스카이돔,17:00,25.5,False,5,1,193cm,100kg,1992,0.0,51.4,0.0,0.0,19.0,0.0,0.0,29.5,0.0,0.0,0.0,0.301,0.0,0.0,0.3,0.0,0.0,0.278,0.0,0.0
알칸타라,키움,2025,2025-07-04,vs. Hanwha,SP,,1.23,1.09,7.333333333,106,1,1,7,0,7,1,0,66.0,Home,고척 스카이돔,18:30,25.5,False,5,1,193cm,100kg,1992,0.0,51.4,0.0,0.0,19.0,0.0,0.0,29.5,0.0,0.0,0.0,0.301,0.0,0.0,0.3,0.0,0.0,0.278,0.0,0.0
알칸타라,키움,2025,2025-07-10,@ LG,SP,,4.26,1.11,6.333333333,94,3,3,6,1,6,1,0,54.0,Away,잠실 야구장,18:30,33.1,False,5,1,193cm,100kg,1992,0.0,51.4,0.0,0.0,19.0,0.0,0.0,29.5,0.0,0.0,0.0,0.301,0.0,0.0,0.3,0.0,0.0,0.278,0.0,0.0
앤더슨,SSG,2025,2025-03-28,@ Kiwoom,SP,L,5.4,1.8,5.0,97,5,3,6,1,6,3,0,42.0,Away,고척 스카이돔,18:30,25.5,False,0,1,194cm,83kg,1994,0.0,53.0,2.9,21.0,3.2,19.8,0.0,0.0,0.0,0.0,0.0,0.207,0.273,0.169,0.25,0.16,0.0,0.0,0.0,0.0
앤더슨,SSG,2025,2025-04-09,@ Samsung,SP,,1.29,0.86,7.0,87,1,1,6,1,13,0,0,74.0,Away,대구 삼성 라이온즈 파크,18:30,14.9,False,11,1,194cm,83kg,1994,0.0,53.0,2.9,21.0,3.2,19.8,0.0,0.0,0.0,0.0,0.0,0.207,0.273,0.169,0.25,0.16,0.0,0.0,0.0,0.0
앤더슨,SSG,2025,2025-04-15,vs. Hanwha,SP,L,1.8,0.8,5.0,88,1,1,3,0,9,1,1,64.0,Home,인천 SSG 랜더스필드,18:30,5.7,False,5,1,194cm,83kg,1994,0.0,53.0,2.9,21.0,3.2,19.8,0.0,0.0,0.0,0.0,0.0,0.207,0.273,0.169,0.25,0.16,0.0,0.0,0.0,0.0
앤더슨,SSG,2025,2025-04-20,vs. LG,SP,W,4.05,0.75,6.666666667,112,3,3,4,1,8,1,1,60.0,Home,인천 SSG 랜더스필드,14:00,19.5,False,4,1,194cm,83kg,1994,0.0,53.0,2.9,21.0,3.2,19.8,0.0,0.0,0.0,0.0,0.0,0.207,0.273,0.169,0.25,0.16,0.0,0.0,0.0,0.0
앤더슨,SSG,2025,2025-04-26,vs. Kiwoom,SP,,0.0,0.47,6.333333333,98,0,0,2,0,14,1,1,81.0,Home,인천 SSG 랜더스필드,17:00,14.5,False,5,1,194cm,83kg,1994,0.0,53.0,2.9,21.0,3.2,19.8,0.0,0.0,0.0,0.0,0.0,0.207,0.273,0.169,0.25,0.16,0.0,0.0,0.0,0.0
앤더슨,SSG,2025,2025-05-02,@ LG,SP,W,0.0,1.4,5.0,96,1,0,5,0,6,2,0,59.0,Away,잠실 야구장,18:30,16.2,False,5,1,194cm,83kg,1994,0.0,53.0,2.9,21.0,3.2,19.8,0.0,0.0,0.0,0.0,0.0,0.207,0.273,0.169,0.25,0.16,0.0,0.0,0.0,0.0
앤더슨,SSG,2025,2025-05-10,vs. Kia,SP,,1.59,0.71,5.666666667,96,2,1,2,0,7,2,0,64.0,Home,인천 SSG 랜더스필드,17:00,11.6,False,7,1,194cm,83kg,1994,0.0,53.0,2.9,21.0,3.2,19.8,0.0,0.0,0.0,0.0,0.0,0.207,0.273,0.169,0.25,0.16,0.0,0.0,0.0,0.0
앤더슨,SSG,2025,2025-05-15,vs. NC,SP,W,0.0,0.5,6.0,94,0,0,2,0,10,1,1,76.0,Home,인천 SSG 랜더스필드,18:30,18.0,False,4,1,194cm,83kg,1994,0.0,53.0,2.9,21.0,3.2,19.8,0.0,0.0,0.0,0.0,0.0,0.207,0.273,0.169,0.25,0.16,0.0,0.0,0.0,0.0
앤더슨,SSG,2025,2025-05-21,@ Doosan,SP,W,0.0,1.17,6.0,95,0,0,5,0,8,2,0,68.0,Away,잠실 야구장,18:30,27.8,False,5,1,194cm,83kg,1994,0.0,53.0,2.9,21.0,3.2,19.8,0.0,0.0,0.0,0.0,0.0,0.207,0.273,0.169,0.25,0.16,0.0,0.0,0.0,0.0
앤더슨,SSG,2025,2025-05-27,vs. NC,SP,,0.0,0.71,7.0,89,0,0,5,0,8,0,0,75.0,Home,인천 SSG 랜더스필드,18:30,20.6,False,5,1,194cm,83kg,1994,0.0,53.0,2.9,21.0,3.2,19.8,0.0,0.0,0.0,0.0,0.0,0.207,0.273,0.169,0.25,0.16,0.0,0.0,0.0,0.0
앤더슨,SSG,2025,2025-06-01,@ Lotte,SP,,4.5,1.17,6.0,101,3,3,4,1,5,3,0,54.0,Away,사직 야구장,17:00,23.7,False,4,1,194cm,83kg,1994,0.0,53.0,2.9,21.0,3.2,19.8,0.0,0.0,0.0,0.0,0.0,0.207,0.273,0.169,0.25,0.16,0.0,0.0,0.0,0.0
앤더슨,SSG,2025,2025-06-07,@ KT,SP,L,4.76,1.41,5.666666667,87,3,3,7,0,10,1,0,52.0,Away,수원 KT 위즈파크,17:00,26.6,False,5,1,194cm,83kg,1994,0.0,53.0,2.9,21.0,3.2,19.8,0.0,0.0,0.0,0.0,0.0,0.207,0.273,0.169,0.25,0.16,0.0,0.0,0.0,0.0
앤더슨,SSG,2025,2025-06-15,vs. Lotte,SP,W,0.0,0.86,7.0,96,0,0,5,0,11,1,0,77.0,Home,인천 SSG 랜더스필드,17:00,26.9,False,7,1,194cm,83kg,1994,0.0,53.0,2.9,21.0,3.2,19.8,0.0,0.0,0.0,0.0,0.0,0.207,0.273,0.169,0.25,0.16,0.0,0.0,0.0,0.0
앤더슨,SSG,2025,2025-06-22,vs. Kia,SP,,0.0,1.5,6.0,108,1,0,5,0,9,4,0,61.0,Home,인천 SSG 랜더스필드,17:00,25.0,False,6,1,194cm,83kg,1994,0.0,53.0,2.9,21.0,3.2,19.8,0.0,0.0,0.0,0.0,0.0,0.207,0.273,0.169,0.25,0.16,0.0,0.0,0.0,0.0
앤더슨,SSG,2025,2025-06-28,vs. Hanwha,SP,L,4.76,0.88,5.666666667,85,4,3,3,1,9,2,1,55.0,Home,인천 SSG 랜더스필드,17:00,28.1,False,5,1,194cm,83kg,1994,0.0,53.0,2.9,21.0,3.2,19.8,0.0,0.0,0.0,0.0,0.0,0.207,0.273,0.169,0.25,0.16,0.0,0.0,0.0,0.0
앤더슨,SSG,2025,2025-07-04,@ NC,SP,W,0.0,0.67,6.0,86,0,0,3,0,6,1,1,70.0,Away,창원 NC 파크,18:30,30.2,False,5,1,194cm,83kg,1994,0.0,53.0,2.9,21.0,3.2,19.8,0.0,0.0,0.0,0.0,0.0,0.207,0.273,0.169,0.25,0.16,0.0,0.0,0.0,0.0
앤더슨,SSG,2025,2025-07-10,vs. KT,SP,,3.6,0.8,5.0,87,2,2,2,0,7,2,0,60.0,Home,인천 SSG 랜더스필드,18:30,33.4,False,5,1,194cm,83kg,1994,0.0,53.0,2.9,21.0,3.2,19.8,0.0,0.0,0.0,0.0,0.0,0.207,0.273,0.169,0.25,0.16,0.0,0.0,0.0,0.0
양창섭,삼성,2025,2025-03-23,vs. Kiwoom,RP,W,9.0,2.0,1.0,23,1,1,2,0,2,0,2,,Home,대구 삼성 라이온즈 파크,14:00,18.7,False,0,1,182cm,85kg,1999,0.2,48.4,0.0,7.4,39.1,0.2,0.0,4.7,0.0,0.0,0.0,0.393,0.0,0.222,0.275,0.0,0.0,0.0,0.0,0.0
양창섭,삼성,2025,2025-03-26,vs. NC,RP,,27.0,3.0,0.333333333,10,1,1,1,0,0,0,1,,Home,대구 삼성 라이온즈 파크,18:30,16.0,False,2,1,182cm,85kg,1999,0.2,48.4,0.0,7.4,39.1,0.2,0.0,4.7,0.0,0.0,0.0,0.393,0.0,0.222,0.275,0.0,0.0,0.0,0.0,0.0
양창섭,삼성,2025,2025-04-11,@ KT,RP,,0.0,1.5,0.666666667,11,0,0,0,0,0,1,0,,Away,수원 KT 위즈파크,18:30,20.5,False,15,1,182cm,85kg,1999,0.2,48.4,0.0,7.4,39.1,0.2,0.0,4.7,0.0,0.0,0.0,0.393,0.0,0.222,0.275,0.0,0.0,0.0,0.0,0.0
양창섭,삼성,2025,2025-04-13,@ KT,RP,,0.0,3.0,0.333333333,10,0,0,1,0,0,0,0,,Away,수원 KT 위즈파크,14:00,3.6,False,1,1,182cm,85kg,1999,0.2,48.4,0.0,7.4,39.1,0.2,0.0,4.7,0.0,0.0,0.0,0.393,0.0,0.222,0.275,0.0,0.0,0.0,0.0,0.0
양창섭,삼성,2025,2025-04-16,@ LG,RP,,3.0,1.33,3.0,44,1,1,3,0,1,1,0,,Away,잠실 야구장,18:30,21.1,False,2,1,182cm,85kg,1999,0.2,48.4,0.0,7.4,39.1,0.2,0.0,4.7,0.0,0.0,0.0,0.393,0.0,0.222,0.275,0.0,0.0,0.0,0.0,0.0
양창섭,삼성,2025,2025-04-18,vs. Lotte,RP,,0.0,1.0,2.0,26,0,0,2,0,2,0,0,,Home,대구 삼성 라이온즈 파크,18:30,19.7,False,1,1,182cm,85kg,1999,0.2,48.4,0.0,7.4,39.1,0.2,0.0,4.7,0.0,0.0,0.0,0.393,0.0,0.222,0.275,0.0,0.0,0.0,0.0,0.0
양창섭,삼성,2025,2025-04-25,vs. NC,RP,,9.0,2.0,2.0,47,2,2,3,0,1,1,0,,Home,대구 삼성 라이온즈 파크,18:30,16.8,False,6,1,182cm,85kg,1999,0.2,48.4,0.0,7.4,39.1,0.2,0.0,4.7,0.0,0.0,0.0,0.393,0.0,0.222,0.275,0.0,0.0,0.0,0.0,0.0
양창섭,삼성,2025,2025-05-01,@ SSG,RP,,9.0,4.0,1.0,21,1,1,3,0,1,1,0,,Away,인천 SSG 랜더스필드,18:30,11.6,False,5,1,182cm,85kg,1999,0.2,48.4,0.0,7.4,39.1,0.2,0.0,4.7,0.0,0.0,0.0,0.393,0.0,0.222,0.275,0.0,0.0,0.0,0.0,0.0
양창섭,삼성,2025,2025-05-03,vs. Doosan,RP,,0.0,1.0,1.0,15,0,0,0,0,2,1,0,,Home,대구 삼성 라이온즈 파크,17:00,12.9,False,1,1,182cm,85kg,1999,0.2,48.4,0.0,7.4,39.1,0.2,0.0,4.7,0.0,0.0,0.0,0.393,0.0,0.222,0.275,0.0,0.0,0.0,0.0,0.0
양창섭,삼성,2025,2025-05-17,@ Lotte,RP,L,0.0,2.0,1.0,23,1,0,2,0,1,0,0,,Away,사직 야구장,17:00,20.9,False,13,1,182cm,85kg,1999,0.2,48.4,0.0,7.4,39.1,0.2,0.0,4.7,0.0,0.0,0.0,0.393,0.0,0.222,0.275,0.0,0.0,0.0,0.0,0.0
양창섭,삼성,2025,2025-05-18,@ Lotte,RP,,27.0,3.0,0.666666667,21,2,2,2,1,1,0,0,,Away,사직 야구장,14:00,20.8,True,0,2,182cm,85kg,1999,0.2,48.4,0.0,7.4,39.1,0.2,0.0,4.7,0.0,0.0,0.0,0.393,0.0,0.222,0.275,0.0,0.0,0.0,0.0,0.0
양창섭,삼성,2025,2025-06-11,@ Kia,SP,,1.8,0.8,5.0,67,1,1,3,1,3,1,1,58.0,Away,광주 기아 챔피언스 필드,18:30,27.1,False,23,1,182cm,85kg,1999,0.2,48.4,0.0,7.4,39.1,0.2,0.0,4.7,0.0,0.0,0.0,0.393,0.0,0.222,0.275,0.0,0.0,0.0,0.0,0.0
양창섭,삼성,2025,2025-06-19,vs. Doosan,SP,,18.0,3.0,2.0,46,4,4,5,0,0,1,0,29.0,Home,대구 삼성 라이온즈 파크,18:30,27.6,False,7,1,182cm,85kg,1999,0.2,48.4,0.0,7.4,39.1,0.2,0.0,4.7,0.0,0.0,0.0,0.393,0.0,0.222,0.275,0.0,0.0,0.0,0.0,0.0
양창섭,삼성,2025,2025-06-28,@ Kiwoom,RP,,0.0,0.5,2.0,19,0,0,1,0,0,0,0,,Away,고척 스카이돔,17:00,25.5,False,8,1,182cm,85kg,1999,0.2,48.4,0.0,7.4,39.1,0.2,0.0,4.7,0.0,0.0,0.0,0.393,0.0,0.222,0.275,0.0,0.0,0.0,0.0,0.0
양창섭,삼성,2025,2025-06-29,@ Kiwoom,RP,,6.75,3.0,1.333333333,24,1,1,4,0,1,0,0,,Away,고척 스카이돔,14:00,25.5,True,0,2,182cm,85kg,1999,0.2,48.4,0.0,7.4,39.1,0.2,0.0,4.7,0.0,0.0,0.0,0.393,0.0,0.222,0.275,0.0,0.0,0.0,0.0,0.0
양창섭,삼성,2025,2025-07-05,vs. LG,SP,,4.5,1.75,4.0,64,2,2,5,0,3,2,0,45.0,Home,대구 삼성 라이온즈 파크,18:00,30.5,False,5,1,182cm,85kg,1999,0.2,48.4,0.0,7.4,39.1,0.2,0.0,4.7,0.0,0.0,0.0,0.393,0.0,0.222,0.275,0.0,0.0,0.0,0.0,0.0
어빈,두산,2025,2025-03-28,vs. Samsung,SP,W,0.0,0.71,7.0,87,0,0,3,0,4,2,0,73.0,Home,잠실 야구장,18:30,6.7,False,0,1,193cm,102kg,1994,22.0,35.0,8.4,17.6,3.4,13.1,0.0,0.0,0.0,0.0,0.367,0.233,0.5,0.197,0.2,0.22,0.0,0.0,0.0,0.0
어빈,두산,2025,2025-04-03,vs. Kiwoom,SP,W,1.5,1.0,6.0,88,1,1,5,0,6,1,0,63.0,Home,잠실 야구장,18:30,12.8,False,5,1,193cm,102kg,1994,22.0,35.0,8.4,17.6,3.4,13.1,0.0,0.0,0.0,0.0,0.367,0.233,0.5,0.197,0.2,0.22,0.0,0.0,0.0,0.0
어빈,두산,2025,2025-04-09,vs. Hanwha,SP,L,3.0,1.33,6.0,103,5,2,5,0,8,3,1,52.0,Home,잠실 야구장,18:30,14.9,False,5,1,193cm,102kg,1994,22.0,35.0,8.4,17.6,3.4,13.1,0.0,0.0,0.0,0.0,0.367,0.233,0.5,0.197,0.2,0.22,0.0,0.0,0.0,0.0
어빈,두산,2025,2025-04-18,vs. Kia,SP,W,1.42,0.79,6.333333333,96,1,1,2,1,4,3,0,66.0,Home,잠실 야구장,18:30,22.4,False,8,1,193cm,102kg,1994,22.0,35.0,8.4,17.6,3.4,13.1,0.0,0.0,0.0,0.0,0.367,0.233,0.5,0.197,0.2,0.22,0.0,0.0,0.0,0.0
어빈,두산,2025,2025-04-24,@ Kiwoom,SP,W,0.0,1.0,6.0,102,0,0,2,0,4,4,1,67.0,Away,고척 스카이돔,18:30,25.5,False,5,1,193cm,102kg,1994,22.0,35.0,8.4,17.6,3.4,13.1,0.0,0.0,0.0,0.0,0.367,0.233,0.5,0.197,0.2,0.22,0.0,0.0,0.0,0.0
어빈,두산,2025,2025-04-30,vs. KT,SP,L,8.53,1.58,6.333333333,89,6,6,8,0,2,2,1,32.0,Home,잠실 야구장,18:30,24.1,False,5,1,193cm,102kg,1994,22.0,35.0,8.4,17.6,3.4,13.1,0.0,0.0,0.0,0.0,0.367,0.233,0.5,0.197,0.2,0.22,0.0,0.0,0.0,0.0
어빈,두산,2025,2025-05-05,vs. LG,SP,W,1.5,1.17,6.0,76,1,1,4,0,5,3,1,61.0,Home,잠실 야구장,14:00,14.8,False,4,1,193cm,102kg,1994,22.0,35.0,8.4,17.6,3.4,13.1,0.0,0.0,0.0,0.0,0.367,0.233,0.5,0.197,0.2,0.22,0.0,0.0,0.0,0.0
어빈,두산,2025,2025-05-11,vs. NC,SP,L,30.86,3.0,2.333333333,65,8,8,3,0,1,4,3,13.0,Home,잠실 야구장,14:00,19.0,False,5,1,193cm,102kg,1994,22.0,35.0,8.4,17.6,3.4,13.1,0.0,0.0,0.0,0.0,0.367,0.233,0.5,0.197,0.2,0.22,0.0,0.0,0.0,0.0
어빈,두산,2025,2025-05-17,@ Kia,SP,L,4.76,1.76,5.666666667,116,3,3,6,1,8,4,0,49.0,Away,광주 기아 챔피언스 필드,17:00,21.7,False,5,1,193cm,102kg,1994,22.0,35.0,8.4,17.6,3.4,13.1,0.0,0.0,0.0,0.0,0.367,0.233,0.5,0.197,0.2,0.22,0.0,0.0,0.0,0.0
어빈,두산,2025,2025-05-23,vs. NC,SP,,0.0,0.67,6.0,97,0,0,1,0,4,3,1,70.0,Home,잠실 야구장,18:30,21.1,False,5,1,193cm,102kg,1994,22.0,35.0,8.4,17.6,3.4,13.1,0.0,0.0,0.0,0.0,0.367,0.233,0.5,0.197,0.2,0.22,0.0,0.0,0.0,0.0
어빈,두산,2025,2025-05-29,@ KT,SP,L,11.57,2.57,4.666666667,91,7,6,7,0,2,5,1,20.0,Away,수원 KT 위즈파크,18:30,22.5,False,5,1,193cm,102kg,1994,22.0,35.0,8.4,17.6,3.4,13.1,0.0,0.0,0.0,0.0,0.367,0.233,0.5,0.197,0.2,0.22,0.0,0.0,0.0,0.0
어빈,두산,2025,2025-06-10,@ Hanwha,SP,L,1.5,0.33,6.0,81,1,1,2,0,6,0,1,69.0,Away,대전 한화생명 볼파크,18:30,26.6,False,11,1,193cm,102kg,1994,22.0,35.0,8.4,17.6,3.4,13.1,0.0,0.0,0.0,0.0,0.367,0.233,0.5,0.197,0.2,0.22,0.0,0.0,0.0,0.0
어빈,두산,2025,2025-06-17,@ Samsung,SP,L,27.0,5.63,2.666666667,96,8,8,13,2,3,2,0,1.0,Away,대구 삼성 라이온즈 파크,18:30,25.3,False,6,1,193cm,102kg,1994,22.0,35.0,8.4,17.6,3.4,13.1,0.0,0.0,0.0,0.0,0.367,0.233,0.5,0.197,0.2,0.22,0.0,0.0,0.0,0.0
어빈,두산,2025,2025-06-26,vs. SSG,SP,,2.7,2.4,3.333333333,71,1,1,7,0,1,1,0,42.0,Home,잠실 야구장,18:30,25.9,False,8,1,193cm,102kg,1994,22.0,35.0,8.4,17.6,3.4,13.1,0.0,0.0,0.0,0.0,0.367,0.233,0.5,0.197,0.2,0.22,0.0,0.0,0.0,0.0
어빈,두산,2025,2025-07-02,vs. Samsung,SP,W,0.0,1.5,5.333333333,95,0,0,6,0,2,2,1,55.0,Home,잠실 야구장,18:30,31.3,False,5,1,193cm,102kg,1994,22.0,35.0,8.4,17.6,3.4,13.1,0.0,0.0,0.0,0.0,0.367,0.233,0.5,0.197,0.2,0.22,0.0,0.0,0.0,0.0
오석주,키움,2025,2025-03-23,@ Samsung,RP,,0.0,0.0,1.0,12,0,0,0,0,2,0,0,,Away,대구 삼성 라이온즈 파크,14:00,18.7,False,0,1,180cm,74kg,1998,0.0,47.0,0.0,40.9,8.1,2.0,0.0,1.7,0.0,0.0,0.0,0.349,0.0,0.324,0.25,0.0,0.0,0.0,0.0,0.0
오석주,키움,2025,2025-03-26,@ Kia,RP,,9.0,3.0,1.0,32,1,1,1,0,1,2,0,,Away,광주 기아 챔피언스 필드,18:30,23.3,False,2,1,180cm,74kg,1998,0.0,47.0,0.0,40.9,8.1,2.0,0.0,1.7,0.0,0.0,0.0,0.349,0.0,0.324,0.25,0.0,0.0,0.0,0.0,0.0
오석주,키움,2025,2025-03-30,vs. SSG,RP,,0.0,1.0,1.0,13,0,0,1,0,0,0,0,,Home,고척 스카이돔,14:00,25.5,False,3,1,180cm,74kg,1998,0.0,47.0,0.0,40.9,8.1,2.0,0.0,1.7,0.0,0.0,0.0,0.349,0.0,0.324,0.25,0.0,0.0,0.0,0.0,0.0
오석주,키움,2025,2025-04-02,@ Doosan,RP,,0.0,0.75,1.333333333,19,0,0,0,0,2,1,0,,Away,잠실 야구장,18:30,8.4,False,2,1,180cm,74kg,1998,0.0,47.0,0.0,40.9,8.1,2.0,0.0,1.7,0.0,0.0,0.0,0.349,0.0,0.324,0.25,0.0,0.0,0.0,0.0,0.0
오석주,키움,2025,2025-04-05,vs. NC,RP,,0.0,1.0,2.0,25,0,0,2,0,1,0,0,,Home,고척 스카이돔,17:00,25.5,False,2,1,180cm,74kg,1998,0.0,47.0,0.0,40.9,8.1,2.0,0.0,1.7,0.0,0.0,0.0,0.349,0.0,0.324,0.25,0.0,0.0,0.0,0.0,0.0
오석주,키움,2025,2025-04-06,vs. NC,RP,,0.0,1.0,1.0,16,0,0,1,0,2,0,0,,Home,고척 스카이돔,14:00,25.5,True,0,2,180cm,74kg,1998,0.0,47.0,0.0,40.9,8.1,2.0,0.0,1.7,0.0,0.0,0.0,0.349,0.0,0.324,0.25,0.0,0.0,0.0,0.0,0.0
오석주,키움,2025,2025-04-12,@ Hanwha,RP,H,0.0,1.0,1.0,17,0,0,1,0,0,0,1,,Away,대전 한화생명 볼파크,17:00,19.3,False,5,1,180cm,74kg,1998,0.0,47.0,0.0,40.9,8.1,2.0,0.0,1.7,0.0,0.0,0.0,0.349,0.0,0.324,0.25,0.0,0.0,0.0,0.0,0.0
오석주,키움,2025,2025-04-15,@ Lotte,RP,,27.0,9.0,0.333333333,12,1,1,2,0,0,1,0,,Away,사직 야구장,18:30,12.8,False,2,1,180cm,74kg,1998,0.0,47.0,0.0,40.9,8.1,2.0,0.0,1.7,0.0,0.0,0.0,0.349,0.0,0.324,0.25,0.0,0.0,0.0,0.0,0.0
오석주,키움,2025,2025-04-18,vs. KT,RP,,0.0,1.5,1.333333333,18,0,0,2,0,0,0,0,,Home,고척 스카이돔,18:30,25.5,False,2,1,180cm,74kg,1998,0.0,47.0,0.0,40.9,8.1,2.0,0.0,1.7,0.0,0.0,0.0,0.349,0.0,0.324,0.25,0.0,0.0,0.0,0.0,0.0
오석주,키움,2025,2025-04-20,vs. KT,RP,,0.0,0.0,1.0,8,0,0,0,0,0,0,0,,Home,고척 스카이돔,14:00,25.5,False,1,1,180cm,74kg,1998,0.0,47.0,0.0,40.9,8.1,2.0,0.0,1.7,0.0,0.0,0.0,0.349,0.0,0.324,0.25,0.0,0.0,0.0,0.0,0.0
오석주,키움,2025,2025-04-22,vs. Doosan,RP,H,18.0,2.0,1.0,15,2,2,2,1,0,0,0,,Home,고척 스카이돔,18:30,25.5,False,1,1,180cm,74kg,1998,0.0,47.0,0.0,40.9,8.1,2.0,0.0,1.7,0.0,0.0,0.0,0.349,0.0,0.324,0.25,0.0,0.0,0.0,0.0,0.0
오석주,키움,2025,2025-04-25,@ SSG,RP,,6.75,0.38,2.666666667,43,2,2,1,0,2,0,1,,Away,인천 SSG 랜더스필드,18:30,14.2,False,2,1,180cm,74kg,1998,0.0,47.0,0.0,40.9,8.1,2.0,0.0,1.7,0.0,0.0,0.0,0.349,0.0,0.324,0.25,0.0,0.0,0.0,0.0,0.0
오석주,키움,2025,2025-04-29,vs. Lotte,RP,,81.0,9.0,0.333333333,16,3,3,3,0,0,0,0,,Home,고척 스카이돔,18:30,25.5,False,3,1,180cm,74kg,1998,0.0,47.0,0.0,40.9,8.1,2.0,0.0,1.7,0.0,0.0,0.0,0.349,0.0,0.324,0.25,0.0,0.0,0.0,0.0,0.0
오석주,키움,2025,2025-05-01,vs. Lotte,RP,,9.0,2.0,1.0,22,1,1,1,0,2,1,0,,Home,고척 스카이돔,18:30,25.5,False,1,1,180cm,74kg,1998,0.0,47.0,0.0,40.9,8.1,2.0,0.0,1.7,0.0,0.0,0.0,0.349,0.0,0.324,0.25,0.0,0.0,0.0,0.0,0.0
오석주,키움,2025,2025-05-02,@ KT,RP,H,0.0,1.5,0.666666667,11,0,0,0,0,0,1,0,,Away,수원 KT 위즈파크,18:30,14.5,True,0,2,180cm,74kg,1998,0.0,47.0,0.0,40.9,8.1,2.0,0.0,1.7,0.0,0.0,0.0,0.349,0.0,0.324,0.25,0.0,0.0,0.0,0.0,0.0
오석주,키움,2025,2025-05-04,@ KT,RP,,0.0,1.2,1.666666667,18,0,0,2,0,2,0,0,,Away,수원 KT 위즈파크,14:00,19.3,False,1,1,180cm,74kg,1998,0.0,47.0,0.0,40.9,8.1,2.0,0.0,1.7,0.0,0.0,0.0,0.349,0.0,0.324,0.25,0.0,0.0,0.0,0.0,0.0
오석주,키움,2025,2025-05-06,vs. Kia,RP,,0.0,2.25,1.333333333,28,0,0,2,0,1,1,0,,Home,고척 스카이돔,18:30,25.5,False,1,1,180cm,74kg,1998,0.0,47.0,0.0,40.9,8.1,2.0,0.0,1.7,0.0,0.0,0.0,0.349,0.0,0.324,0.25,0.0,0.0,0.0,0.0,0.0
오석주,키움,2025,2025-05-09,vs. Hanwha,RP,,0.0,,0.0,14,2,2,3,0,0,0,0,,Home,고척 스카이돔,18:30,25.5,False,2,1,180cm,74kg,1998,0.0,47.0,0.0,40.9,8.1,2.0,0.0,1.7,0.0,0.0,0.0,0.349,0.0,0.324,0.25,0.0,0.0,0.0,0.0,0.0
오석주,키움,2025,2025-05-13,@ LG,RP,,0.0,1.0,1.0,13,0,0,1,0,1,0,0,,Away,잠실 야구장,18:30,24.6,False,3,1,180cm,74kg,1998,0.0,47.0,0.0,40.9,8.1,2.0,0.0,1.7,0.0,0.0,0.0,0.349,0.0,0.324,0.25,0.0,0.0,0.0,0.0,0.0
오석주,키움,2025,2025-05-15,@ LG,RP,,27.0,4.0,1.0,18,3,3,4,1,0,0,0,,Away,잠실 야구장,18:30,21.7,False,1,1,180cm,74kg,1998,0.0,47.0,0.0,40.9,8.1,2.0,0.0,1.7,0.0,0.0,0.0,0.349,0.0,0.324,0.25,0.0,0.0,0.0,0.0,0.0
오석주,키움,2025,2025-05-18,@ NC,RP,,18.0,4.0,1.0,29,2,2,3,0,1,1,0,,Away,창원 NC 파크,14:00,20.6,False,2,1,180cm,74kg,1998,0.0,47.0,0.0,40.9,8.1,2.0,0.0,1.7,0.0,0.0,0.0,0.349,0.0,0.324,0.25,0.0,0.0,0.0,0.0,0.0
오석주,키움,2025,2025-05-29,@ Kia,RP,,0.0,2.0,1.0,34,0,0,1,0,0,1,0,,Away,광주 기아 챔피언스 필드,18:30,25.8,False,10,1,180cm,74kg,1998,0.0,47.0,0.0,40.9,8.1,2.0,0.0,1.7,0.0,0.0,0.0,0.349,0.0,0.324,0.25,0.0,0.0,0.0,0.0,0.0
오석주,키움,2025,2025-05-30,vs. Doosan,RP,,0.0,1.5,0.666666667,14,0,0,1,0,1,0,0,,Home,고척 스카이돔,18:30,25.5,True,0,2,180cm,74kg,1998,0.0,47.0,0.0,40.9,8.1,2.0,0.0,1.7,0.0,0.0,0.0,0.349,0.0,0.324,0.25,0.0,0.0,0.0,0.0,0.0
오석주,키움,2025,2025-06-03,@ Lotte,RP,,18.0,4.0,1.0,33,2,2,2,0,1,2,0,,Away,사직 야구장,18:30,22.9,False,3,1,180cm,74kg,1998,0.0,47.0,0.0,40.9,8.1,2.0,0.0,1.7,0.0,0.0,0.0,0.349,0.0,0.324,0.25,0.0,0.0,0.0,0.0,0.0
오석주,키움,2025,2025-06-08,vs. LG,RP,,0.0,2.0,1.0,21,0,0,1,0,2,1,0,,Home,고척 스카이돔,14:00,25.5,False,4,1,180cm,74kg,1998,0.0,47.0,0.0,40.9,8.1,2.0,0.0,1.7,0.0,0.0,0.0,0.349,0.0,0.324,0.25,0.0,0.0,0.0,0.0,0.0
오석주,키움,2025,2025-06-10,vs. NC,RP,,0.0,1.0,1.0,12,0,0,1,0,0,0,0,,Home,고척 스카이돔,18:30,25.5,False,1,1,180cm,74kg,1998,0.0,47.0,0.0,40.9,8.1,2.0,0.0,1.7,0.0,0.0,0.0,0.349,0.0,0.324,0.25,0.0,0.0,0.0,0.0,0.0
오석주,키움,2025,2025-06-11,vs. NC,RP,,0.0,0.0,1.666666667,26,0,0,0,0,1,0,1,,Home,고척 스카이돔,18:30,25.5,True,0,2,180cm,74kg,1998,0.0,47.0,0.0,40.9,8.1,2.0,0.0,1.7,0.0,0.0,0.0,0.349,0.0,0.324,0.25,0.0,0.0,0.0,0.0,0.0
오석주,키움,2025,2025-06-17,vs. SSG,RP,,9.0,3.0,1.0,29,1,1,2,0,0,1,0,,Home,고척 스카이돔,18:30,25.5,False,5,1,180cm,74kg,1998,0.0,47.0,0.0,40.9,8.1,2.0,0.0,1.7,0.0,0.0,0.0,0.349,0.0,0.324,0.25,0.0,0.0,0.0,0.0,0.0
오석주,키움,2025,2025-06-19,vs. SSG,RP,L,18.0,2.0,1.0,20,2,2,1,1,2,1,0,,Home,고척 스카이돔,18:30,25.5,False,1,1,180cm,74kg,1998,0.0,47.0,0.0,40.9,8.1,2.0,0.0,1.7,0.0,0.0,0.0,0.349,0.0,0.324,0.25,0.0,0.0,0.0,0.0,0.0
오석주,키움,2025,2025-06-22,@ Hanwha,RP,,0.0,1.0,1.0,19,0,0,0,0,1,1,0,,Away,대전 한화생명 볼파크,17:00,28.2,False,2,1,180cm,74kg,1998,0.0,47.0,0.0,40.9,8.1,2.0,0.0,1.7,0.0,0.0,0.0,0.349,0.0,0.324,0.25,0.0,0.0,0.0,0.0,0.0
오석주,키움,2025,2025-06-25,vs. Kia,RP,,0.0,0.0,1.0,16,0,0,0,0,1,0,0,,Home,고척 스카이돔,18:30,25.5,False,2,1,180cm,74kg,1998,0.0,47.0,0.0,40.9,8.1,2.0,0.0,1.7,0.0,0.0,0.0,0.349,0.0,0.324,0.25,0.0,0.0,0.0,0.0,0.0
오석주,키움,2025,2025-06-26,vs. Kia,RP,,9.0,2.0,1.0,24,1,1,1,0,1,1,1,,Home,고척 스카이돔,18:30,25.5,True,0,2,180cm,74kg,1998,0.0,47.0,0.0,40.9,8.1,2.0,0.0,1.7,0.0,0.0,0.0,0.349,0.0,0.324,0.25,0.0,0.0,0.0,0.0,0.0
오석주,키움,2025,2025-07-03,@ KT,RP,,0.0,3.75,1.333333333,32,0,0,3,0,0,2,0,,Away,수원 KT 위즈파크,18:30,30.9,False,6,1,180cm,74kg,1998,0.0,47.0,0.0,40.9,8.1,2.0,0.0,1.7,0.0,0.0,0.0,0.349,0.0,0.324,0.25,0.0,0.0,0.0,0.0,0.0
우규민,KT,2025,2025-03-25,vs. Doosan,RP,,0.0,0.0,1.0,8,0,0,0,0,1,0,0,,Home,수원 KT 위즈파크,18:30,12.6,False,0,1,184cm,75kg,1985,0.0,38.3,0.0,30.2,26.0,5.1,0.0,0.0,0.0,0.0,0.0,0.25,0.0,0.27,0.192,0.333,0.0,0.0,0.0,0.0
우규민,KT,2025,2025-03-26,vs. Doosan,RP,,0.0,1.0,1.0,6,0,0,1,0,0,0,0,,Home,수원 KT 위즈파크,18:30,24.1,True,0,2,184cm,75kg,1985,0.0,38.3,0.0,30.2,26.0,5.1,0.0,0.0,0.0,0.0,0.0,0.25,0.0,0.27,0.192,0.333,0.0,0.0,0.0,0.0
우규민,KT,2025,2025-03-28,@ Lotte,RP,H,0.0,3.0,0.333333333,7,0,0,1,0,0,0,0,,Away,사직 야구장,18:30,8.1,False,1,1,184cm,75kg,1985,0.0,38.3,0.0,30.2,26.0,5.1,0.0,0.0,0.0,0.0,0.0,0.25,0.0,0.27,0.192,0.333,0.0,0.0,0.0,0.0
우규민,KT,2025,2025-03-30,@ Lotte,RP,,9.0,2.0,1.0,23,1,1,1,0,0,1,0,,Away,사직 야구장,14:00,10.2,False,1,1,184cm,75kg,1985,0.0,38.3,0.0,30.2,26.0,5.1,0.0,0.0,0.0,0.0,0.0,0.25,0.0,0.27,0.192,0.333,0.0,0.0,0.0,0.0
우규민,KT,2025,2025-04-02,vs. LG,RP,H,0.0,0.0,0.666666667,3,0,0,0,0,0,0,0,,Home,수원 KT 위즈파크,18:30,7.9,False,2,1,184cm,75kg,1985,0.0,38.3,0.0,30.2,26.0,5.1,0.0,0.0,0.0,0.0,0.0,0.25,0.0,0.27,0.192,0.333,0.0,0.0,0.0,0.0
우규민,KT,2025,2025-04-03,vs. LG,RP,,13.5,2.25,1.333333333,20,2,2,3,0,1,0,0,,Home,수원 KT 위즈파크,18:30,12.2,True,0,2,184cm,75kg,1985,0.0,38.3,0.0,30.2,26.0,5.1,0.0,0.0,0.0,0.0,0.0,0.25,0.0,0.27,0.192,0.333,0.0,0.0,0.0,0.0
우규민,KT,2025,2025-04-09,vs. NC,RP,H,0.0,0.0,1.0,11,0,0,0,0,1,0,0,,Home,수원 KT 위즈파크,18:30,14.1,False,5,1,184cm,75kg,1985,0.0,38.3,0.0,30.2,26.0,5.1,0.0,0.0,0.0,0.0,0.0,0.25,0.0,0.27,0.192,0.333,0.0,0.0,0.0,0.0
우규민,KT,2025,2025-04-16,@ Kia,RP,H,0.0,0.0,0.666666667,5,0,0,0,0,0,0,0,,Away,광주 기아 챔피언스 필드,18:30,21.7,False,6,1,184cm,75kg,1985,0.0,38.3,0.0,30.2,26.0,5.1,0.0,0.0,0.0,0.0,0.0,0.25,0.0,0.27,0.192,0.333,0.0,0.0,0.0,0.0
우규민,KT,2025,2025-04-18,@ Kiwoom,RP,L,13.5,3.0,0.666666667,8,1,1,2,0,0,0,0,,Away,고척 스카이돔,18:30,25.5,False,1,1,184cm,75kg,1985,0.0,38.3,0.0,30.2,26.0,5.1,0.0,0.0,0.0,0.0,0.0,0.25,0.0,0.27,0.192,0.333,0.0,0.0,0.0,0.0
우규민,KT,2025,2025-04-22,vs. SSG,RP,,0.0,0.0,0.666666667,10,0,0,0,0,2,0,0,,Home,수원 KT 위즈파크,18:30,18.1,False,3,1,184cm,75kg,1985,0.0,38.3,0.0,30.2,26.0,5.1,0.0,0.0,0.0,0.0,0.0,0.25,0.0,0.27,0.192,0.333,0.0,0.0,0.0,0.0
우규민,KT,2025,2025-04-24,vs. SSG,RP,,0.0,6.0,0.333333333,8,0,0,1,0,0,1,1,,Home,수원 KT 위즈파크,18:30,14.9,False,1,1,184cm,75kg,1985,0.0,38.3,0.0,30.2,26.0,5.1,0.0,0.0,0.0,0.0,0.0,0.25,0.0,0.27,0.192,0.333,0.0,0.0,0.0,0.0
우규민,KT,2025,2025-05-01,@ Doosan,RP,,0.0,1.0,1.0,11,0,0,1,0,1,0,0,,Away,잠실 야구장,18:30,14.4,False,6,1,184cm,75kg,1985,0.0,38.3,0.0,30.2,26.0,5.1,0.0,0.0,0.0,0.0,0.0,0.25,0.0,0.27,0.192,0.333,0.0,0.0,0.0,0.0
우규민,KT,2025,2025-05-03,vs. Kiwoom,RP,,0.0,2.0,1.0,23,0,0,2,0,1,0,0,,Home,수원 KT 위즈파크,17:00,12.2,False,1,1,184cm,75kg,1985,0.0,38.3,0.0,30.2,26.0,5.1,0.0,0.0,0.0,0.0,0.0,0.25,0.0,0.27,0.192,0.333,0.0,0.0,0.0,0.0
우규민,KT,2025,2025-05-05,vs. NC,RP,,0.0,0.0,1.0,12,0,0,0,0,1,0,0,,Home,수원 KT 위즈파크,14:00,15.5,False,1,1,184cm,75kg,1985,0.0,38.3,0.0,30.2,26.0,5.1,0.0,0.0,0.0,0.0,0.0,0.25,0.0,0.27,0.192,0.333,0.0,0.0,0.0,0.0
우규민,KT,2025,2025-05-06,vs. NC,RP,,0.0,0.6,1.666666667,19,0,0,1,0,0,0,0,,Home,수원 KT 위즈파크,18:30,16.1,True,0,2,184cm,75kg,1985,0.0,38.3,0.0,30.2,26.0,5.1,0.0,0.0,0.0,0.0,0.0,0.25,0.0,0.27,0.192,0.333,0.0,0.0,0.0,0.0
우규민,KT,2025,2025-05-10,vs. Lotte,RP,,0.0,1.0,1.0,16,0,0,1,0,1,0,0,,Home,수원 KT 위즈파크,17:00,11.8,False,3,1,184cm,75kg,1985,0.0,38.3,0.0,30.2,26.0,5.1,0.0,0.0,0.0,0.0,0.0,0.25,0.0,0.27,0.192,0.333,0.0,0.0,0.0,0.0
우규민,KT,2025,2025-05-17,@ LG,RP,W,0.0,1.0,1.0,14,0,0,1,0,1,0,0,,Away,잠실 야구장,17:00,18.9,False,6,1,184cm,75kg,1985,0.0,38.3,0.0,30.2,26.0,5.1,0.0,0.0,0.0,0.0,0.0,0.25,0.0,0.27,0.192,0.333,0.0,0.0,0.0,0.0
우규민,KT,2025,2025-05-17,@ LG,RP,,0.0,3.0,0.666666667,12,0,0,2,0,1,0,0,,Away,잠실 야구장,17:00,18.9,False,-1,1,184cm,75kg,1985,0.0,38.3,0.0,30.2,26.0,5.1,0.0,0.0,0.0,0.0,0.0,0.25,0.0,0.27,0.192,0.333,0.0,0.0,0.0,0.0
우규민,KT,2025,2025-05-22,vs. Kia,RP,,0.0,0.0,1.0,12,0,0,0,0,1,0,0,,Home,수원 KT 위즈파크,18:30,25.5,False,4,1,184cm,75kg,1985,0.0,38.3,0.0,30.2,26.0,5.1,0.0,0.0,0.0,0.0,0.0,0.25,0.0,0.27,0.192,0.333,0.0,0.0,0.0,0.0
우규민,KT,2025,2025-05-24,@ Kiwoom,RP,,0.0,0.0,0.333333333,5,0,0,0,0,0,0,0,,Away,고척 스카이돔,17:00,25.5,False,1,1,184cm,75kg,1985,0.0,38.3,0.0,30.2,26.0,5.1,0.0,0.0,0.0,0.0,0.0,0.25,0.0,0.27,0.192,0.333,0.0,0.0,0.0,0.0
우규민,KT,2025,2025-05-29,vs. Doosan,RP,,9.0,1.0,1.0,16,1,1,1,0,0,0,0,,Home,수원 KT 위즈파크,18:30,22.5,False,4,1,184cm,75kg,1985,0.0,38.3,0.0,30.2,26.0,5.1,0.0,0.0,0.0,0.0,0.0,0.25,0.0,0.27,0.192,0.333,0.0,0.0,0.0,0.0
우규민,KT,2025,2025-05-31,vs. Kia,RP,,0.0,0.0,1.0,8,0,0,0,0,1,0,0,,Home,수원 KT 위즈파크,17:00,22.8,False,1,1,184cm,75kg,1985,0.0,38.3,0.0,30.2,26.0,5.1,0.0,0.0,0.0,0.0,0.0,0.25,0.0,0.27,0.192,0.333,0.0,0.0,0.0,0.0
우규민,KT,2025,2025-06-01,vs. Kia,RP,,0.0,1.0,1.0,9,0,0,1,0,1,0,0,,Home,수원 KT 위즈파크,17:00,24.4,True,0,2,184cm,75kg,1985,0.0,38.3,0.0,30.2,26.0,5.1,0.0,0.0,0.0,0.0,0.0,0.25,0.0,0.27,0.192,0.333,0.0,0.0,0.0,0.0
우규민,KT,2025,2025-06-04,@ Hanwha,RP,,0.0,,0.0,6,0,0,1,0,0,0,0,,Away,대전 한화생명 볼파크,18:30,22.1,False,2,1,184cm,75kg,1985,0.0,38.3,0.0,30.2,26.0,5.1,0.0,0.0,0.0,0.0,0.0,0.25,0.0,0.27,0.192,0.333,0.0,0.0,0.0,0.0
우규민,KT,2025,2025-06-07,vs. SSG,RP,H,0.0,0.0,0.666666667,15,0,0,0,0,0,0,0,,Home,수원 KT 위즈파크,17:00,26.6,False,2,1,184cm,75kg,1985,0.0,38.3,0.0,30.2,26.0,5.1,0.0,0.0,0.0,0.0,0.0,0.25,0.0,0.27,0.192,0.333,0.0,0.0,0.0,0.0
우규민,KT,2025,2025-06-11,vs. Lotte,RP,,0.0,0.0,1.0,16,0,0,0,0,0,0,0,,Home,수원 KT 위즈파크,18:30,23.4,False,3,1,184cm,75kg,1985,0.0,38.3,0.0,30.2,26.0,5.1,0.0,0.0,0.0,0.0,0.0,0.25,0.0,0.27,0.192,0.333,0.0,0.0,0.0,0.0
우규민,KT,2025,2025-06-12,vs. Lotte,RP,,6.75,1.5,1.333333333,20,1,1,2,0,1,0,0,,Home,수원 KT 위즈파크,18:30,26.9,True,0,2,184cm,75kg,1985,0.0,38.3,0.0,30.2,26.0,5.1,0.0,0.0,0.0,0.0,0.0,0.25,0.0,0.27,0.192,0.333,0.0,0.0,0.0,0.0
우규민,KT,2025,2025-06-14,@ Samsung,RP,,0.0,0.0,0.666666667,9,0,0,0,0,0,0,0,,Away,대구 삼성 라이온즈 파크,17:00,24.0,False,1,1,184cm,75kg,1985,0.0,38.3,0.0,30.2,26.0,5.1,0.0,0.0,0.0,0.0,0.0,0.25,0.0,0.27,0.192,0.333,0.0,0.0,0.0,0.0
우규민,KT,2025,2025-06-17,@ Kia,RP,,54.0,9.0,0.333333333,19,2,2,3,0,0,0,1,,Away,광주 기아 챔피언스 필드,18:30,29.8,False,2,1,184cm,75kg,1985,0.0,38.3,0.0,30.2,26.0,5.1,0.0,0.0,0.0,0.0,0.0,0.25,0.0,0.27,0.192,0.333,0.0,0.0,0.0,0.0
우규민,KT,2025,2025-06-22,vs. NC,RP,,0.0,0.0,1.0,12,0,0,0,0,0,0,0,,Home,수원 KT 위즈파크,17:00,26.8,False,4,1,184cm,75kg,1985,0.0,38.3,0.0,30.2,26.0,5.1,0.0,0.0,0.0,0.0,0.0,0.25,0.0,0.27,0.192,0.333,0.0,0.0,0.0,0.0
우규민,KT,2025,2025-06-24,vs. LG,RP,,0.0,1.0,1.0,13,0,0,1,0,1,0,0,,Home,수원 KT 위즈파크,18:30,26.7,False,1,1,184cm,75kg,1985,0.0,38.3,0.0,30.2,26.0,5.1,0.0,0.0,0.0,0.0,0.0,0.25,0.0,0.27,0.192,0.333,0.0,0.0,0.0,0.0
우규민,KT,2025,2025-06-26,vs. LG,RP,H,0.0,0.0,0.666666667,10,0,0,0,0,1,0,0,,Home,수원 KT 위즈파크,18:30,25.8,False,1,1,184cm,75kg,1985,0.0,38.3,0.0,30.2,26.0,5.1,0.0,0.0,0.0,0.0,0.0,0.25,0.0,0.27,0.192,0.333,0.0,0.0,0.0,0.0
우규민,KT,2025,2025-06-28,@ Lotte,RP,,0.0,2.0,1.0,23,0,0,2,0,0,0,0,,Away,사직 야구장,17:00,29.3,False,1,1,184cm,75kg,1985,0.0,38.3,0.0,30.2,26.0,5.1,0.0,0.0,0.0,0.0,0.0,0.25,0.0,0.27,0.192,0.333,0.0,0.0,0.0,0.0
우규민,KT,2025,2025-07-02,vs. Kiwoom,RP,,0.0,3.0,0.333333333,10,0,0,1,0,0,0,1,,Home,수원 KT 위즈파크,18:30,30.9,False,3,1,184cm,75kg,1985,0.0,38.3,0.0,30.2,26.0,5.1,0.0,0.0,0.0,0.0,0.0,0.25,0.0,0.27,0.192,0.333,0.0,0.0,0.0,0.0
우규민,KT,2025,2025-07-04,@ Doosan,RP,,0.0,3.0,0.333333333,7,0,0,1,0,0,0,0,,Away,잠실 야구장,18:30,30.1,False,1,1,184cm,75kg,1985,0.0,38.3,0.0,30.2,26.0,5.1,0.0,0.0,0.0,0.0,0.0,0.25,0.0,0.27,0.192,0.333,0.0,0.0,0.0,0.0
우규민,KT,2025,2025-07-09,@ SSG,RP,,9.0,1.0,1.0,19,1,1,1,1,1,0,0,,Away,인천 SSG 랜더스필드,18:30,34.2,False,4,1,184cm,75kg,1985,0.0,38.3,0.0,30.2,26.0,5.1,0.0,0.0,0.0,0.0,0.0,0.25,0.0,0.27,0.192,0.333,0.0,0.0,0.0,0.0
우규민,KT,2025,2025-07-10,@ SSG,RP,H,0.0,0.0,1.333333333,11,0,0,0,0,1,0,0,,Away,인천 SSG 랜더스필드,18:30,33.4,True,0,2,184cm,75kg,1985,0.0,38.3,0.0,30.2,26.0,5.1,0.0,0.0,0.0,0.0,0.0,0.25,0.0,0.27,0.192,0.333,0.0,0.0,0.0,0.0
원상현,KT,2025,2025-03-23,vs. Hanwha,RP,H,0.0,0.0,0.333333333,3,0,0,0,0,0,0,0,,Home,수원 KT 위즈파크,14:00,22.7,False,0,1,183cm,83kg,2004,0.0,45.8,0.0,15.6,0.5,37.6,0.0,0.0,0.0,0.0,0.0,0.292,0.0,0.143,0.0,0.203,0.0,0.0,0.0,0.0
원상현,KT,2025,2025-03-26,vs. Doosan,RP,,0.0,0.0,2.0,21,0,0,0,0,3,0,0,,Home,수원 KT 위즈파크,18:30,24.1,False,2,1,183cm,83kg,2004,0.0,45.8,0.0,15.6,0.5,37.6,0.0,0.0,0.0,0.0,0.0,0.292,0.0,0.143,0.0,0.203,0.0,0.0,0.0,0.0
원상현,KT,2025,2025-03-27,vs. Doosan,RP,,0.0,1.0,1.0,24,0,0,1,0,1,0,0,,Home,수원 KT 위즈파크,18:30,11.8,True,0,2,183cm,83kg,2004,0.0,45.8,0.0,15.6,0.5,37.6,0.0,0.0,0.0,0.0,0.0,0.292,0.0,0.143,0.0,0.203,0.0,0.0,0.0,0.0
원상현,KT,2025,2025-03-30,@ Lotte,RP,H,0.0,1.0,1.0,9,0,0,1,0,1,0,0,,Away,사직 야구장,14:00,10.2,False,2,1,183cm,83kg,2004,0.0,45.8,0.0,15.6,0.5,37.6,0.0,0.0,0.0,0.0,0.0,0.292,0.0,0.143,0.0,0.203,0.0,0.0,0.0,0.0
원상현,KT,2025,2025-04-02,vs. LG,RP,,0.0,1.0,1.0,19,0,0,1,0,1,0,0,,Home,수원 KT 위즈파크,18:30,7.9,False,2,1,183cm,83kg,2004,0.0,45.8,0.0,15.6,0.5,37.6,0.0,0.0,0.0,0.0,0.0,0.292,0.0,0.143,0.0,0.203,0.0,0.0,0.0,0.0
원상현,KT,2025,2025-04-04,@ SSG,RP,,0.0,2.0,1.0,17,0,0,0,0,0,2,0,,Away,인천 SSG 랜더스필드,18:30,10.4,False,1,1,183cm,83kg,2004,0.0,45.8,0.0,15.6,0.5,37.6,0.0,0.0,0.0,0.0,0.0,0.292,0.0,0.143,0.0,0.203,0.0,0.0,0.0,0.0
원상현,KT,2025,2025-04-09,vs. NC,RP,H,0.0,1.0,1.0,15,0,0,1,0,2,0,0,,Home,수원 KT 위즈파크,18:30,14.1,False,4,1,183cm,83kg,2004,0.0,45.8,0.0,15.6,0.5,37.6,0.0,0.0,0.0,0.0,0.0,0.292,0.0,0.143,0.0,0.203,0.0,0.0,0.0,0.0
원상현,KT,2025,2025-04-11,vs. Samsung,RP,H,0.0,1.0,1.0,15,0,0,1,0,1,0,0,,Home,수원 KT 위즈파크,18:30,20.5,False,1,1,183cm,83kg,2004,0.0,45.8,0.0,15.6,0.5,37.6,0.0,0.0,0.0,0.0,0.0,0.292,0.0,0.143,0.0,0.203,0.0,0.0,0.0,0.0
원상현,KT,2025,2025-04-13,vs. Samsung,RP,,18.0,3.0,1.0,21,3,2,2,0,0,1,0,,Home,수원 KT 위즈파크,14:00,3.6,False,1,1,183cm,83kg,2004,0.0,45.8,0.0,15.6,0.5,37.6,0.0,0.0,0.0,0.0,0.0,0.292,0.0,0.143,0.0,0.203,0.0,0.0,0.0,0.0
원상현,KT,2025,2025-04-15,@ Kia,RP,L,6.75,1.5,1.333333333,18,1,1,2,1,2,0,0,,Away,광주 기아 챔피언스 필드,18:30,13.2,False,1,1,183cm,83kg,2004,0.0,45.8,0.0,15.6,0.5,37.6,0.0,0.0,0.0,0.0,0.0,0.292,0.0,0.143,0.0,0.203,0.0,0.0,0.0,0.0
원상현,KT,2025,2025-04-18,@ Kiwoom,RP,,0.0,0.0,2.333333333,25,0,0,0,0,3,0,0,,Away,고척 스카이돔,18:30,25.5,False,2,1,183cm,83kg,2004,0.0,45.8,0.0,15.6,0.5,37.6,0.0,0.0,0.0,0.0,0.0,0.292,0.0,0.143,0.0,0.203,0.0,0.0,0.0,0.0
원상현,KT,2025,2025-04-24,vs. SSG,RP,,6.75,1.5,1.333333333,24,1,1,1,0,0,1,0,,Home,수원 KT 위즈파크,18:30,14.9,False,5,1,183cm,83kg,2004,0.0,45.8,0.0,15.6,0.5,37.6,0.0,0.0,0.0,0.0,0.0,0.292,0.0,0.143,0.0,0.203,0.0,0.0,0.0,0.0
원상현,KT,2025,2025-04-26,@ Hanwha,RP,,0.0,1.0,1.0,6,0,0,1,0,0,0,0,,Away,대전 한화생명 볼파크,17:00,20.4,False,1,1,183cm,83kg,2004,0.0,45.8,0.0,15.6,0.5,37.6,0.0,0.0,0.0,0.0,0.0,0.292,0.0,0.143,0.0,0.203,0.0,0.0,0.0,0.0
원상현,KT,2025,2025-04-29,@ Doosan,RP,H,0.0,0.0,1.0,15,0,0,0,0,2,0,0,,Away,잠실 야구장,18:30,19.0,False,2,1,183cm,83kg,2004,0.0,45.8,0.0,15.6,0.5,37.6,0.0,0.0,0.0,0.0,0.0,0.292,0.0,0.143,0.0,0.203,0.0,0.0,0.0,0.0
원상현,KT,2025,2025-04-30,@ Doosan,RP,,0.0,1.0,1.0,22,0,0,0,0,1,1,0,,Away,잠실 야구장,18:30,24.1,True,0,2,183cm,83kg,2004,0.0,45.8,0.0,15.6,0.5,37.6,0.0,0.0,0.0,0.0,0.0,0.292,0.0,0.143,0.0,0.203,0.0,0.0,0.0,0.0
원상현,KT,2025,2025-05-02,vs. Kiwoom,RP,,0.0,1.0,1.0,13,0,0,1,0,0,0,0,,Home,수원 KT 위즈파크,18:30,14.5,False,1,1,183cm,83kg,2004,0.0,45.8,0.0,15.6,0.5,37.6,0.0,0.0,0.0,0.0,0.0,0.292,0.0,0.143,0.0,0.203,0.0,0.0,0.0,0.0
원상현,KT,2025,2025-05-05,vs. NC,RP,,0.0,0.0,1.0,12,0,0,0,0,1,0,0,,Home,수원 KT 위즈파크,14:00,15.5,False,2,1,183cm,83kg,2004,0.0,45.8,0.0,15.6,0.5,37.6,0.0,0.0,0.0,0.0,0.0,0.292,0.0,0.143,0.0,0.203,0.0,0.0,0.0,0.0
원상현,KT,2025,2025-05-07,vs. NC,RP,,0.0,0.75,1.333333333,18,0,0,0,0,1,1,0,,Home,수원 KT 위즈파크,18:30,16.1,False,1,1,183cm,83kg,2004,0.0,45.8,0.0,15.6,0.5,37.6,0.0,0.0,0.0,0.0,0.0,0.292,0.0,0.143,0.0,0.203,0.0,0.0,0.0,0.0
원상현,KT,2025,2025-05-11,vs. Lotte,RP,,0.0,2.25,1.333333333,36,0,0,0,0,2,3,0,,Home,수원 KT 위즈파크,14:00,19.4,False,3,1,183cm,83kg,2004,0.0,45.8,0.0,15.6,0.5,37.6,0.0,0.0,0.0,0.0,0.0,0.292,0.0,0.143,0.0,0.203,0.0,0.0,0.0,0.0
원상현,KT,2025,2025-05-14,@ Samsung,RP,H,0.0,0.0,1.0,7,0,0,0,0,0,0,0,,Away,대구 삼성 라이온즈 파크,18:30,20.5,False,2,1,183cm,83kg,2004,0.0,45.8,0.0,15.6,0.5,37.6,0.0,0.0,0.0,0.0,0.0,0.292,0.0,0.143,0.0,0.203,0.0,0.0,0.0,0.0
원상현,KT,2025,2025-05-17,@ LG,RP,,0.0,2.0,1.0,20,0,0,1,0,0,1,0,,Away,잠실 야구장,17:00,18.9,False,2,1,183cm,83kg,2004,0.0,45.8,0.0,15.6,0.5,37.6,0.0,0.0,0.0,0.0,0.0,0.292,0.0,0.143,0.0,0.203,0.0,0.0,0.0,0.0
원상현,KT,2025,2025-05-17,@ LG,RP,,27.0,9.0,0.333333333,21,1,1,1,0,1,2,0,,Away,잠실 야구장,17:00,18.9,False,-1,1,183cm,83kg,2004,0.0,45.8,0.0,15.6,0.5,37.6,0.0,0.0,0.0,0.0,0.0,0.292,0.0,0.143,0.0,0.203,0.0,0.0,0.0,0.0
원상현,KT,2025,2025-05-20,vs. Kia,RP,,13.5,1.5,0.666666667,14,1,1,1,1,0,0,0,,Home,수원 KT 위즈파크,18:30,25.6,False,2,1,183cm,83kg,2004,0.0,45.8,0.0,15.6,0.5,37.6,0.0,0.0,0.0,0.0,0.0,0.292,0.0,0.143,0.0,0.203,0.0,0.0,0.0,0.0
원상현,KT,2025,2025-05-23,@ Kiwoom,RP,,0.0,1.0,1.0,15,0,0,1,0,2,0,0,,Away,고척 스카이돔,18:30,25.5,False,2,1,183cm,83kg,2004,0.0,45.8,0.0,15.6,0.5,37.6,0.0,0.0,0.0,0.0,0.0,0.292,0.0,0.143,0.0,0.203,0.0,0.0,0.0,0.0
원상현,KT,2025,2025-05-25,@ Kiwoom,RP,H,0.0,1.0,1.0,19,0,0,1,0,0,0,0,,Away,고척 스카이돔,14:00,25.5,False,1,1,183cm,83kg,2004,0.0,45.8,0.0,15.6,0.5,37.6,0.0,0.0,0.0,0.0,0.0,0.292,0.0,0.143,0.0,0.203,0.0,0.0,0.0,0.0
원상현,KT,2025,2025-05-31,vs. Kia,RP,,0.0,3.0,0.666666667,12,0,0,1,0,1,1,0,,Home,수원 KT 위즈파크,17:00,22.8,False,5,1,183cm,83kg,2004,0.0,45.8,0.0,15.6,0.5,37.6,0.0,0.0,0.0,0.0,0.0,0.292,0.0,0.143,0.0,0.203,0.0,0.0,0.0,0.0
원상현,KT,2025,2025-06-01,vs. Kia,RP,,0.0,1.5,2.0,34,0,0,1,0,0,2,0,,Home,수원 KT 위즈파크,17:00,24.4,True,0,2,183cm,83kg,2004,0.0,45.8,0.0,15.6,0.5,37.6,0.0,0.0,0.0,0.0,0.0,0.292,0.0,0.143,0.0,0.203,0.0,0.0,0.0,0.0
원상현,KT,2025,2025-06-06,vs. SSG,RP,,0.0,1.0,1.0,15,0,0,1,0,2,0,0,,Home,수원 KT 위즈파크,18:30,24.9,False,4,1,183cm,83kg,2004,0.0,45.8,0.0,15.6,0.5,37.6,0.0,0.0,0.0,0.0,0.0,0.292,0.0,0.143,0.0,0.203,0.0,0.0,0.0,0.0
원상현,KT,2025,2025-06-07,vs. SSG,RP,H,13.5,1.5,0.666666667,10,1,1,1,0,1,0,0,,Home,수원 KT 위즈파크,17:00,26.6,True,0,2,183cm,83kg,2004,0.0,45.8,0.0,15.6,0.5,37.6,0.0,0.0,0.0,0.0,0.0,0.292,0.0,0.143,0.0,0.203,0.0,0.0,0.0,0.0
원상현,KT,2025,2025-06-08,vs. SSG,RP,,0.0,1.0,1.0,16,0,0,0,0,1,1,0,,Home,수원 KT 위즈파크,17:00,28.1,True,0,3,183cm,83kg,2004,0.0,45.8,0.0,15.6,0.5,37.6,0.0,0.0,0.0,0.0,0.0,0.292,0.0,0.143,0.0,0.203,0.0,0.0,0.0,0.0
원상현,KT,2025,2025-06-11,vs. Lotte,RP,H,13.5,3.0,0.666666667,19,1,1,1,0,1,1,0,,Home,수원 KT 위즈파크,18:30,23.4,False,2,1,183cm,83kg,2004,0.0,45.8,0.0,15.6,0.5,37.6,0.0,0.0,0.0,0.0,0.0,0.292,0.0,0.143,0.0,0.203,0.0,0.0,0.0,0.0
원상현,KT,2025,2025-06-14,@ Samsung,RP,,0.0,,0.0,10,3,3,3,2,0,0,0,,Away,대구 삼성 라이온즈 파크,17:00,24.0,False,2,1,183cm,83kg,2004,0.0,45.8,0.0,15.6,0.5,37.6,0.0,0.0,0.0,0.0,0.0,0.292,0.0,0.143,0.0,0.203,0.0,0.0,0.0,0.0
원상현,KT,2025,2025-06-18,@ Kia,RP,,27.0,9.0,0.333333333,19,1,1,1,0,1,2,0,,Away,광주 기아 챔피언스 필드,18:30,29.7,False,3,1,183cm,83kg,2004,0.0,45.8,0.0,15.6,0.5,37.6,0.0,0.0,0.0,0.0,0.0,0.292,0.0,0.143,0.0,0.203,0.0,0.0,0.0,0.0
원상현,KT,2025,2025-06-21,vs. NC,RP,,0.0,1.0,2.0,22,0,0,2,0,0,0,0,,Home,수원 KT 위즈파크,17:00,24.3,False,2,1,183cm,83kg,2004,0.0,45.8,0.0,15.6,0.5,37.6,0.0,0.0,0.0,0.0,0.0,0.292,0.0,0.143,0.0,0.203,0.0,0.0,0.0,0.0
원상현,KT,2025,2025-06-27,@ Lotte,RP,H,0.0,1.0,1.0,19,0,0,1,0,0,0,0,,Away,사직 야구장,18:30,25.9,False,5,1,183cm,83kg,2004,0.0,45.8,0.0,15.6,0.5,37.6,0.0,0.0,0.0,0.0,0.0,0.292,0.0,0.143,0.0,0.203,0.0,0.0,0.0,0.0
원상현,KT,2025,2025-06-28,@ Lotte,RP,,0.0,1.0,2.0,34,0,0,2,0,1,0,0,,Away,사직 야구장,17:00,29.3,True,0,2,183cm,83kg,2004,0.0,45.8,0.0,15.6,0.5,37.6,0.0,0.0,0.0,0.0,0.0,0.292,0.0,0.143,0.0,0.203,0.0,0.0,0.0,0.0
원상현,KT,2025,2025-07-02,vs. Kiwoom,RP,H,0.0,6.0,0.666666667,27,1,0,1,0,0,3,0,,Home,수원 KT 위즈파크,18:30,30.9,False,3,1,183cm,83kg,2004,0.0,45.8,0.0,15.6,0.5,37.6,0.0,0.0,0.0,0.0,0.0,0.292,0.0,0.143,0.0,0.203,0.0,0.0,0.0,0.0
원상현,KT,2025,2025-07-04,@ Doosan,RP,H,0.0,2.0,1.0,21,0,0,1,0,2,1,0,,Away,잠실 야구장,18:30,30.1,False,1,1,183cm,83kg,2004,0.0,45.8,0.0,15.6,0.5,37.6,0.0,0.0,0.0,0.0,0.0,0.292,0.0,0.143,0.0,0.203,0.0,0.0,0.0,0.0
원상현,KT,2025,2025-07-06,@ Doosan,RP,H,9.0,1.0,1.0,12,1,1,0,0,0,1,0,,Away,잠실 야구장,17:00,32.5,False,1,1,183cm,83kg,2004,0.0,45.8,0.0,15.6,0.5,37.6,0.0,0.0,0.0,0.0,0.0,0.292,0.0,0.143,0.0,0.203,0.0,0.0,0.0,0.0
원상현,KT,2025,2025-07-08,@ SSG,RP,L,18.0,3.0,1.0,19,2,2,2,1,1,1,0,,Away,인천 SSG 랜더스필드,18:30,34.9,False,1,1,183cm,83kg,2004,0.0,45.8,0.0,15.6,0.5,37.6,0.0,0.0,0.0,0.0,0.0,0.292,0.0,0.143,0.0,0.203,0.0,0.0,0.0,0.0
원종현,키움,2025,2025-03-23,@ Samsung,RP,,0.0,,0.0,6,2,2,2,1,0,0,0,,Away,대구 삼성 라이온즈 파크,14:00,18.7,False,0,1,182cm,88kg,1987,17.3,45.0,0.2,0.0,28.0,0.0,0.0,9.2,0.0,0.0,0.429,0.314,1.0,0.0,0.244,0.0,0.0,0.222,0.0,0.0
원종현,키움,2025,2025-03-27,@ Kia,RP,,18.0,2.0,1.0,14,2,2,1,1,0,1,0,,Away,광주 기아 챔피언스 필드,18:30,14.1,False,3,1,182cm,88kg,1987,17.3,45.0,0.2,0.0,28.0,0.0,0.0,9.2,0.0,0.0,0.429,0.314,1.0,0.0,0.244,0.0,0.0,0.222,0.0,0.0
원종현,키움,2025,2025-03-30,vs. SSG,RP,,0.0,1.0,1.0,19,0,0,0,0,0,1,0,,Home,고척 스카이돔,14:00,25.5,False,2,1,182cm,88kg,1987,17.3,45.0,0.2,0.0,28.0,0.0,0.0,9.2,0.0,0.0,0.429,0.314,1.0,0.0,0.244,0.0,0.0,0.222,0.0,0.0
원종현,키움,2025,2025-04-04,vs. NC,RP,H,0.0,0.0,1.0,11,0,0,0,0,1,0,0,,Home,고척 스카이돔,18:30,25.5,False,4,1,182cm,88kg,1987,17.3,45.0,0.2,0.0,28.0,0.0,0.0,9.2,0.0,0.0,0.429,0.314,1.0,0.0,0.244,0.0,0.0,0.222,0.0,0.0
원종현,키움,2025,2025-04-05,vs. NC,RP,,0.0,1.0,1.0,14,0,0,1,0,1,0,0,,Home,고척 스카이돔,17:00,25.5,True,0,2,182cm,88kg,1987,17.3,45.0,0.2,0.0,28.0,0.0,0.0,9.2,0.0,0.0,0.429,0.314,1.0,0.0,0.244,0.0,0.0,0.222,0.0,0.0
원종현,키움,2025,2025-04-12,@ Hanwha,RP,H,0.0,0.0,1.0,9,0,0,0,0,1,0,0,,Away,대전 한화생명 볼파크,17:00,19.3,False,6,1,182cm,88kg,1987,17.3,45.0,0.2,0.0,28.0,0.0,0.0,9.2,0.0,0.0,0.429,0.314,1.0,0.0,0.244,0.0,0.0,0.222,0.0,0.0
원종현,키움,2025,2025-04-15,@ Lotte,RP,,0.0,1.5,0.666666667,8,0,0,1,0,0,0,0,,Away,사직 야구장,18:30,12.8,False,2,1,182cm,88kg,1987,17.3,45.0,0.2,0.0,28.0,0.0,0.0,9.2,0.0,0.0,0.429,0.314,1.0,0.0,0.244,0.0,0.0,0.222,0.0,0.0
원종현,키움,2025,2025-04-16,@ Lotte,RP,,0.0,2.0,1.0,15,0,0,1,0,0,1,0,,Away,사직 야구장,18:30,16.8,True,0,2,182cm,88kg,1987,17.3,45.0,0.2,0.0,28.0,0.0,0.0,9.2,0.0,0.0,0.429,0.314,1.0,0.0,0.244,0.0,0.0,0.222,0.0,0.0
원종현,키움,2025,2025-04-18,vs. KT,RP,,5.4,1.2,1.666666667,25,1,1,1,0,1,1,0,,Home,고척 스카이돔,18:30,25.5,False,1,1,182cm,88kg,1987,17.3,45.0,0.2,0.0,28.0,0.0,0.0,9.2,0.0,0.0,0.429,0.314,1.0,0.0,0.244,0.0,0.0,0.222,0.0,0.0
원종현,키움,2025,2025-04-20,vs. KT,RP,,0.0,4.5,0.666666667,18,3,0,2,0,0,1,0,,Home,고척 스카이돔,14:00,25.5,False,1,1,182cm,88kg,1987,17.3,45.0,0.2,0.0,28.0,0.0,0.0,9.2,0.0,0.0,0.429,0.314,1.0,0.0,0.244,0.0,0.0,0.222,0.0,0.0
원종현,키움,2025,2025-04-23,vs. Doosan,RP,,27.0,6.0,0.333333333,8,1,1,2,0,0,0,0,,Home,고척 스카이돔,18:30,25.5,False,2,1,182cm,88kg,1987,17.3,45.0,0.2,0.0,28.0,0.0,0.0,9.2,0.0,0.0,0.429,0.314,1.0,0.0,0.244,0.0,0.0,0.222,0.0,0.0
원종현,키움,2025,2025-05-05,vs. Kia,RP,,9.0,3.0,1.0,20,1,1,1,0,0,2,0,,Home,고척 스카이돔,14:00,25.5,False,11,1,182cm,88kg,1987,17.3,45.0,0.2,0.0,28.0,0.0,0.0,9.2,0.0,0.0,0.429,0.314,1.0,0.0,0.244,0.0,0.0,0.222,0.0,0.0
원종현,키움,2025,2025-05-07,vs. Kia,RP,,0.0,0.0,1.0,16,0,0,0,0,1,0,0,,Home,고척 스카이돔,18:30,25.5,False,1,1,182cm,88kg,1987,17.3,45.0,0.2,0.0,28.0,0.0,0.0,9.2,0.0,0.0,0.429,0.314,1.0,0.0,0.244,0.0,0.0,0.222,0.0,0.0
원종현,키움,2025,2025-05-10,vs. Hanwha,RP,,18.0,3.0,1.0,21,2,2,3,0,2,0,0,,Home,고척 스카이돔,17:00,25.5,False,2,1,182cm,88kg,1987,17.3,45.0,0.2,0.0,28.0,0.0,0.0,9.2,0.0,0.0,0.429,0.314,1.0,0.0,0.244,0.0,0.0,0.222,0.0,0.0
원종현,키움,2025,2025-05-13,@ LG,RP,,0.0,0.0,1.0,16,0,0,0,0,1,0,0,,Away,잠실 야구장,18:30,24.6,False,2,1,182cm,88kg,1987,17.3,45.0,0.2,0.0,28.0,0.0,0.0,9.2,0.0,0.0,0.429,0.314,1.0,0.0,0.244,0.0,0.0,0.222,0.0,0.0
원종현,키움,2025,2025-05-17,@ NC,RP,H,0.0,2.0,1.0,11,0,0,2,0,0,0,0,,Away,창원 NC 파크,17:00,22.5,False,3,1,182cm,88kg,1987,17.3,45.0,0.2,0.0,28.0,0.0,0.0,9.2,0.0,0.0,0.429,0.314,1.0,0.0,0.244,0.0,0.0,0.222,0.0,0.0
원종현,키움,2025,2025-05-17,@ NC,RP,,0.0,1.0,1.0,8,0,0,1,0,1,0,0,,Away,창원 NC 파크,17:00,22.5,False,-1,1,182cm,88kg,1987,17.3,45.0,0.2,0.0,28.0,0.0,0.0,9.2,0.0,0.0,0.429,0.314,1.0,0.0,0.244,0.0,0.0,0.222,0.0,0.0
원종현,키움,2025,2025-05-20,vs. Samsung,RP,,0.0,3.0,0.666666667,12,0,0,2,0,1,0,0,,Home,고척 스카이돔,18:30,25.5,False,2,1,182cm,88kg,1987,17.3,45.0,0.2,0.0,28.0,0.0,0.0,9.2,0.0,0.0,0.429,0.314,1.0,0.0,0.244,0.0,0.0,0.222,0.0,0.0
원종현,키움,2025,2025-05-22,vs. Samsung,RP,,0.0,0.0,1.0,13,0,0,0,0,0,0,1,,Home,고척 스카이돔,18:30,25.5,False,1,1,182cm,88kg,1987,17.3,45.0,0.2,0.0,28.0,0.0,0.0,9.2,0.0,0.0,0.429,0.314,1.0,0.0,0.244,0.0,0.0,0.222,0.0,0.0
원종현,키움,2025,2025-05-23,vs. KT,RP,,54.0,9.0,0.333333333,15,2,2,3,0,0,0,0,,Home,고척 스카이돔,18:30,25.5,True,0,2,182cm,88kg,1987,17.3,45.0,0.2,0.0,28.0,0.0,0.0,9.2,0.0,0.0,0.429,0.314,1.0,0.0,0.244,0.0,0.0,0.222,0.0,0.0
원종현,키움,2025,2025-05-27,@ Kia,RP,,0.0,1.0,1.0,10,0,0,1,0,0,0,0,,Away,광주 기아 챔피언스 필드,18:30,24.9,False,3,1,182cm,88kg,1987,17.3,45.0,0.2,0.0,28.0,0.0,0.0,9.2,0.0,0.0,0.429,0.314,1.0,0.0,0.244,0.0,0.0,0.222,0.0,0.0
원종현,키움,2025,2025-05-28,@ Kia,RP,L,27.0,3.0,1.333333333,32,4,4,4,0,2,0,0,,Away,광주 기아 챔피언스 필드,18:30,26.5,True,0,2,182cm,88kg,1987,17.3,45.0,0.2,0.0,28.0,0.0,0.0,9.2,0.0,0.0,0.429,0.314,1.0,0.0,0.244,0.0,0.0,0.222,0.0,0.0
원종현,키움,2025,2025-05-31,vs. Doosan,RP,SV,0.0,1.0,1.0,15,0,0,1,0,1,0,0,,Home,고척 스카이돔,17:00,25.5,False,2,1,182cm,88kg,1987,17.3,45.0,0.2,0.0,28.0,0.0,0.0,9.2,0.0,0.0,0.429,0.314,1.0,0.0,0.244,0.0,0.0,0.222,0.0,0.0
원종현,키움,2025,2025-06-01,vs. Doosan,RP,SV,0.0,3.0,1.0,16,0,0,2,0,1,1,0,,Home,고척 스카이돔,14:00,25.5,True,0,2,182cm,88kg,1987,17.3,45.0,0.2,0.0,28.0,0.0,0.0,9.2,0.0,0.0,0.429,0.314,1.0,0.0,0.244,0.0,0.0,0.222,0.0,0.0
원종현,키움,2025,2025-06-04,@ Lotte,RP,SV,6.75,2.25,1.333333333,23,1,1,2,1,0,1,0,,Away,사직 야구장,18:30,24.3,False,2,1,182cm,88kg,1987,17.3,45.0,0.2,0.0,28.0,0.0,0.0,9.2,0.0,0.0,0.429,0.314,1.0,0.0,0.244,0.0,0.0,0.222,0.0,0.0
원종현,키움,2025,2025-06-06,vs. LG,RP,,0.0,1.0,1.0,10,0,0,1,0,0,0,0,,Home,고척 스카이돔,18:30,25.5,False,1,1,182cm,88kg,1987,17.3,45.0,0.2,0.0,28.0,0.0,0.0,9.2,0.0,0.0,0.429,0.314,1.0,0.0,0.244,0.0,0.0,0.222,0.0,0.0
원종현,키움,2025,2025-06-10,vs. NC,RP,,0.0,1.0,1.0,18,0,0,0,0,0,1,0,,Home,고척 스카이돔,18:30,25.5,False,3,1,182cm,88kg,1987,17.3,45.0,0.2,0.0,28.0,0.0,0.0,9.2,0.0,0.0,0.429,0.314,1.0,0.0,0.244,0.0,0.0,0.222,0.0,0.0
원종현,키움,2025,2025-06-12,vs. NC,RP,,9.0,2.0,1.0,12,1,1,2,0,0,0,0,,Home,고척 스카이돔,18:30,25.5,False,1,1,182cm,88kg,1987,17.3,45.0,0.2,0.0,28.0,0.0,0.0,9.2,0.0,0.0,0.429,0.314,1.0,0.0,0.244,0.0,0.0,0.222,0.0,0.0
원종현,키움,2025,2025-06-18,vs. SSG,RP,SV,0.0,3.0,1.0,34,0,0,3,0,3,0,0,,Home,고척 스카이돔,18:30,25.5,False,5,1,182cm,88kg,1987,17.3,45.0,0.2,0.0,28.0,0.0,0.0,9.2,0.0,0.0,0.429,0.314,1.0,0.0,0.244,0.0,0.0,0.222,0.0,0.0
원종현,키움,2025,2025-06-19,vs. SSG,RP,H,0.0,2.0,1.0,16,0,0,2,0,1,0,0,,Home,고척 스카이돔,18:30,25.5,True,0,2,182cm,88kg,1987,17.3,45.0,0.2,0.0,28.0,0.0,0.0,9.2,0.0,0.0,0.429,0.314,1.0,0.0,0.244,0.0,0.0,0.222,0.0,0.0
원종현,키움,2025,2025-06-24,vs. Kia,RP,H,0.0,0.0,1.0,13,0,0,0,0,0,0,0,,Home,고척 스카이돔,18:30,25.5,False,4,1,182cm,88kg,1987,17.3,45.0,0.2,0.0,28.0,0.0,0.0,9.2,0.0,0.0,0.429,0.314,1.0,0.0,0.244,0.0,0.0,0.222,0.0,0.0
원종현,키움,2025,2025-06-26,vs. Kia,RP,,0.0,1.0,1.0,22,0,0,1,0,1,0,0,,Home,고척 스카이돔,18:30,25.5,False,1,1,182cm,88kg,1987,17.3,45.0,0.2,0.0,28.0,0.0,0.0,9.2,0.0,0.0,0.429,0.314,1.0,0.0,0.244,0.0,0.0,0.222,0.0,0.0
원종현,키움,2025,2025-06-27,vs. Samsung,RP,,0.0,0.0,1.0,10,0,0,0,0,1,0,0,,Home,고척 스카이돔,18:30,25.5,True,0,2,182cm,88kg,1987,17.3,45.0,0.2,0.0,28.0,0.0,0.0,9.2,0.0,0.0,0.429,0.314,1.0,0.0,0.244,0.0,0.0,0.222,0.0,0.0
원종현,키움,2025,2025-06-29,vs. Samsung,RP,H,0.0,1.0,1.0,13,0,0,1,0,1,0,0,,Home,고척 스카이돔,14:00,25.5,False,1,1,182cm,88kg,1987,17.3,45.0,0.2,0.0,28.0,0.0,0.0,9.2,0.0,0.0,0.429,0.314,1.0,0.0,0.244,0.0,0.0,0.222,0.0,0.0
원종현,키움,2025,2025-07-01,@ KT,RP,,0.0,2.0,1.0,26,0,0,0,0,1,2,0,,Away,수원 KT 위즈파크,18:30,31.3,False,1,1,182cm,88kg,1987,17.3,45.0,0.2,0.0,28.0,0.0,0.0,9.2,0.0,0.0,0.429,0.314,1.0,0.0,0.244,0.0,0.0,0.222,0.0,0.0
원종현,키움,2025,2025-07-04,vs. Hanwha,RP,,0.0,0.0,0.333333333,7,0,0,0,0,0,0,0,,Home,고척 스카이돔,18:30,25.5,False,2,1,182cm,88kg,1987,17.3,45.0,0.2,0.0,28.0,0.0,0.0,9.2,0.0,0.0,0.429,0.314,1.0,0.0,0.244,0.0,0.0,0.222,0.0,0.0
원종현,키움,2025,2025-07-05,vs. Hanwha,RP,H,0.0,0.0,1.0,11,0,0,0,0,0,0,0,,Home,고척 스카이돔,18:00,25.5,True,0,2,182cm,88kg,1987,17.3,45.0,0.2,0.0,28.0,0.0,0.0,9.2,0.0,0.0,0.429,0.314,1.0,0.0,0.244,0.0,0.0,0.222,0.0,0.0
원종현,키움,2025,2025-07-08,@ LG,RP,L,27.0,6.0,0.333333333,16,2,1,1,0,0,1,0,,Away,잠실 야구장,18:30,36.2,False,2,1,182cm,88kg,1987,17.3,45.0,0.2,0.0,28.0,0.0,0.0,9.2,0.0,0.0,0.429,0.314,1.0,0.0,0.244,0.0,0.0,0.222,0.0,0.0
원종현,키움,2025,2025-07-10,@ LG,RP,W,0.0,0.0,1.0,14,0,0,0,0,0,0,0,,Away,잠실 야구장,18:30,33.1,False,1,1,182cm,88kg,1987,17.3,45.0,0.2,0.0,28.0,0.0,0.0,9.2,0.0,0.0,0.429,0.314,1.0,0.0,0.244,0.0,0.0,0.222,0.0,0.0
유영찬,LG,2025,2025-06-01,vs. Samsung,RP,,0.0,0.0,0.666666667,12,0,0,0,0,1,0,0,,Home,잠실 야구장,17:00,25.6,False,0,1,185cm,90kg,1997,0.0,41.8,0.0,0.0,34.7,0.4,0.0,23.1,0.0,0.0,0.0,0.273,0.0,0.0,0.105,0.0,0.0,0.083,0.0,0.0
유영찬,LG,2025,2025-06-05,@ NC,RP,SV,0.0,0.0,1.666666667,21,0,0,0,0,3,0,0,,Away,창원 NC 파크,18:30,23.5,False,3,1,185cm,90kg,1997,0.0,41.8,0.0,0.0,34.7,0.4,0.0,23.1,0.0,0.0,0.0,0.273,0.0,0.0,0.105,0.0,0.0,0.083,0.0,0.0
유영찬,LG,2025,2025-06-08,@ Kiwoom,RP,,18.0,4.0,1.0,18,2,2,3,1,1,1,0,,Away,고척 스카이돔,14:00,25.5,False,2,1,185cm,90kg,1997,0.0,41.8,0.0,0.0,34.7,0.4,0.0,23.1,0.0,0.0,0.0,0.273,0.0,0.0,0.105,0.0,0.0,0.083,0.0,0.0
유영찬,LG,2025,2025-06-14,@ Hanwha,RP,,0.0,0.0,1.666666667,15,0,0,0,0,1,0,0,,Away,대전 한화생명 볼파크,17:00,29.9,False,5,1,185cm,90kg,1997,0.0,41.8,0.0,0.0,34.7,0.4,0.0,23.1,0.0,0.0,0.0,0.273,0.0,0.0,0.105,0.0,0.0,0.083,0.0,0.0
유영찬,LG,2025,2025-06-18,vs. NC,RP,W,0.0,0.0,1.0,11,0,0,0,0,1,0,0,,Home,잠실 야구장,18:30,28.4,False,3,1,185cm,90kg,1997,0.0,41.8,0.0,0.0,34.7,0.4,0.0,23.1,0.0,0.0,0.0,0.273,0.0,0.0,0.105,0.0,0.0,0.083,0.0,0.0
유영찬,LG,2025,2025-06-22,vs. Doosan,RP,,0.0,1.0,1.0,14,0,0,0,0,1,1,0,,Home,잠실 야구장,17:00,27.8,False,3,1,185cm,90kg,1997,0.0,41.8,0.0,0.0,34.7,0.4,0.0,23.1,0.0,0.0,0.0,0.273,0.0,0.0,0.105,0.0,0.0,0.083,0.0,0.0
유영찬,LG,2025,2025-06-26,@ KT,RP,SV,0.0,1.0,1.0,14,0,0,0,0,1,1,0,,Away,수원 KT 위즈파크,18:30,25.8,False,3,1,185cm,90kg,1997,0.0,41.8,0.0,0.0,34.7,0.4,0.0,23.1,0.0,0.0,0.0,0.273,0.0,0.0,0.105,0.0,0.0,0.083,0.0,0.0
유영찬,LG,2025,2025-06-27,vs. Kia,RP,SV,0.0,2.0,1.0,17,0,0,1,0,0,1,0,,Home,잠실 야구장,18:30,29.9,True,0,2,185cm,90kg,1997,0.0,41.8,0.0,0.0,34.7,0.4,0.0,23.1,0.0,0.0,0.0,0.273,0.0,0.0,0.105,0.0,0.0,0.083,0.0,0.0
유영찬,LG,2025,2025-07-01,@ Lotte,RP,SV,0.0,0.75,1.333333333,14,0,0,0,0,1,1,0,,Away,사직 야구장,18:30,29.8,False,3,1,185cm,90kg,1997,0.0,41.8,0.0,0.0,34.7,0.4,0.0,23.1,0.0,0.0,0.0,0.273,0.0,0.0,0.105,0.0,0.0,0.083,0.0,0.0
유영찬,LG,2025,2025-07-03,@ Lotte,RP,,0.0,1.5,0.666666667,12,0,0,1,0,2,0,0,,Away,사직 야구장,18:30,29.8,False,1,1,185cm,90kg,1997,0.0,41.8,0.0,0.0,34.7,0.4,0.0,23.1,0.0,0.0,0.0,0.273,0.0,0.0,0.105,0.0,0.0,0.083,0.0,0.0
유영찬,LG,2025,2025-07-05,@ Samsung,RP,,0.0,1.5,0.666666667,14,0,0,1,0,1,0,0,,Away,대구 삼성 라이온즈 파크,18:00,30.5,False,1,1,185cm,90kg,1997,0.0,41.8,0.0,0.0,34.7,0.4,0.0,23.1,0.0,0.0,0.0,0.273,0.0,0.0,0.105,0.0,0.0,0.083,0.0,0.0
유영찬,LG,2025,2025-07-06,@ Samsung,RP,SV,0.0,0.6,1.666666667,24,0,0,1,0,2,0,0,,Away,대구 삼성 라이온즈 파크,17:00,29.9,True,0,2,185cm,90kg,1997,0.0,41.8,0.0,0.0,34.7,0.4,0.0,23.1,0.0,0.0,0.0,0.273,0.0,0.0,0.105,0.0,0.0,0.083,0.0,0.0
유영찬,LG,2025,2025-07-08,vs. Kiwoom,RP,SV,0.0,1.0,1.0,15,0,0,1,0,1,0,0,,Home,잠실 야구장,18:30,36.2,False,1,1,185cm,90kg,1997,0.0,41.8,0.0,0.0,34.7,0.4,0.0,23.1,0.0,0.0,0.0,0.273,0.0,0.0,0.105,0.0,0.0,0.083,0.0,0.0
유영찬,LG,2025,2025-07-10,vs. Kiwoom,RP,L,0.0,0.6,1.666666667,24,1,0,1,0,1,0,1,,Home,잠실 야구장,18:30,33.1,False,1,1,185cm,90kg,1997,0.0,41.8,0.0,0.0,34.7,0.4,0.0,23.1,0.0,0.0,0.0,0.273,0.0,0.0,0.105,0.0,0.0,0.083,0.0,0.0
육선엽,삼성,2025,2025-03-25,vs. NC,RP,,0.0,0.0,1.0,13,0,0,0,0,1,0,0,,Home,대구 삼성 라이온즈 파크,18:30,15.7,False,0,1,190cm,90kg,2005,0.0,45.2,0.0,6.9,31.7,14.7,0.0,0.3,0.0,0.0,0.0,0.25,0.0,0.0,0.071,0.222,0.0,0.0,0.0,0.0
육선엽,삼성,2025,2025-04-19,vs. Lotte,RP,,0.0,0.0,1.0,8,0,0,0,0,0,0,0,,Home,대구 삼성 라이온즈 파크,17:00,18.4,False,24,1,190cm,90kg,2005,0.0,45.2,0.0,6.9,31.7,14.7,0.0,0.3,0.0,0.0,0.0,0.25,0.0,0.0,0.071,0.222,0.0,0.0,0.0,0.0
육선엽,삼성,2025,2025-04-24,vs. Kia,RP,,0.0,2.0,1.0,22,1,0,1,0,1,1,0,,Home,대구 삼성 라이온즈 파크,18:30,16.6,False,4,1,190cm,90kg,2005,0.0,45.2,0.0,6.9,31.7,14.7,0.0,0.3,0.0,0.0,0.0,0.25,0.0,0.0,0.071,0.222,0.0,0.0,0.0,0.0
육선엽,삼성,2025,2025-04-26,vs. NC,RP,,0.0,0.0,1.0,11,0,0,0,0,1,0,0,,Home,대구 삼성 라이온즈 파크,17:00,17.6,False,1,1,190cm,90kg,2005,0.0,45.2,0.0,6.9,31.7,14.7,0.0,0.3,0.0,0.0,0.0,0.25,0.0,0.0,0.071,0.222,0.0,0.0,0.0,0.0
육선엽,삼성,2025,2025-05-03,vs. Doosan,RP,,0.0,0.0,1.666666667,16,0,0,0,0,2,0,0,,Home,대구 삼성 라이온즈 파크,17:00,12.9,False,6,1,190cm,90kg,2005,0.0,45.2,0.0,6.9,31.7,14.7,0.0,0.3,0.0,0.0,0.0,0.25,0.0,0.0,0.071,0.222,0.0,0.0,0.0,0.0
육선엽,삼성,2025,2025-05-04,vs. Doosan,RP,,10.8,2.4,1.666666667,47,2,2,2,0,1,2,0,,Home,대구 삼성 라이온즈 파크,14:00,20.7,True,0,2,190cm,90kg,2005,0.0,45.2,0.0,6.9,31.7,14.7,0.0,0.3,0.0,0.0,0.0,0.25,0.0,0.0,0.071,0.222,0.0,0.0,0.0,0.0
육선엽,삼성,2025,2025-05-15,vs. KT,RP,,0.0,2.0,1.0,26,0,0,1,0,0,1,0,,Home,대구 삼성 라이온즈 파크,18:30,19.0,False,10,1,190cm,90kg,2005,0.0,45.2,0.0,6.9,31.7,14.7,0.0,0.3,0.0,0.0,0.0,0.25,0.0,0.0,0.071,0.222,0.0,0.0,0.0,0.0
육선엽,삼성,2025,2025-06-07,vs. NC,RP,,0.0,0.0,0.333333333,2,0,0,0,0,0,0,0,,Home,대구 삼성 라이온즈 파크,17:00,23.6,False,22,1,190cm,90kg,2005,0.0,45.2,0.0,6.9,31.7,14.7,0.0,0.3,0.0,0.0,0.0,0.25,0.0,0.0,0.071,0.222,0.0,0.0,0.0,0.0
육선엽,삼성,2025,2025-06-10,@ Kia,RP,,0.0,2.0,1.0,16,0,0,2,0,0,0,0,,Away,광주 기아 챔피언스 필드,18:30,25.4,False,2,1,190cm,90kg,2005,0.0,45.2,0.0,6.9,31.7,14.7,0.0,0.3,0.0,0.0,0.0,0.25,0.0,0.0,0.071,0.222,0.0,0.0,0.0,0.0
육선엽,삼성,2025,2025-06-14,vs. KT,RP,,0.0,0.5,2.0,33,0,0,1,0,1,0,0,,Home,대구 삼성 라이온즈 파크,17:00,24.0,False,3,1,190cm,90kg,2005,0.0,45.2,0.0,6.9,31.7,14.7,0.0,0.3,0.0,0.0,0.0,0.25,0.0,0.0,0.071,0.222,0.0,0.0,0.0,0.0
육선엽,삼성,2025,2025-06-19,vs. Doosan,RP,,0.0,0.67,3.0,50,0,0,0,0,2,2,0,,Home,대구 삼성 라이온즈 파크,18:30,27.6,False,4,1,190cm,90kg,2005,0.0,45.2,0.0,6.9,31.7,14.7,0.0,0.3,0.0,0.0,0.0,0.25,0.0,0.0,0.071,0.222,0.0,0.0,0.0,0.0
육선엽,삼성,2025,2025-06-26,vs. Hanwha,RP,L,0.0,3.0,0.333333333,11,1,0,0,0,1,1,0,,Home,대구 삼성 라이온즈 파크,18:30,24.9,False,6,1,190cm,90kg,2005,0.0,45.2,0.0,6.9,31.7,14.7,0.0,0.3,0.0,0.0,0.0,0.25,0.0,0.0,0.071,0.222,0.0,0.0,0.0,0.0
육선엽,삼성,2025,2025-06-27,@ Kiwoom,RP,H,0.0,0.0,1.666666667,28,0,0,0,0,2,0,0,,Away,고척 스카이돔,18:30,25.5,True,0,2,190cm,90kg,2005,0.0,45.2,0.0,6.9,31.7,14.7,0.0,0.3,0.0,0.0,0.0,0.25,0.0,0.0,0.071,0.222,0.0,0.0,0.0,0.0
육선엽,삼성,2025,2025-06-29,@ Kiwoom,RP,,16.2,3.0,1.666666667,36,3,3,5,1,1,0,0,,Away,고척 스카이돔,14:00,25.5,False,1,1,190cm,90kg,2005,0.0,45.2,0.0,6.9,31.7,14.7,0.0,0.3,0.0,0.0,0.0,0.25,0.0,0.0,0.071,0.222,0.0,0.0,0.0,0.0
육선엽,삼성,2025,2025-07-02,@ Doosan,RP,,54.0,6.0,0.333333333,11,2,2,1,0,0,1,0,,Away,잠실 야구장,18:30,31.3,False,2,1,190cm,90kg,2005,0.0,45.2,0.0,6.9,31.7,14.7,0.0,0.3,0.0,0.0,0.0,0.25,0.0,0.0,0.071,0.222,0.0,0.0,0.0,0.0
육선엽,삼성,2025,2025-07-05,vs. LG,RP,,27.0,3.0,0.333333333,11,2,1,0,0,0,1,0,,Home,대구 삼성 라이온즈 파크,18:00,30.5,False,2,1,190cm,90kg,2005,0.0,45.2,0.0,6.9,31.7,14.7,0.0,0.3,0.0,0.0,0.0,0.25,0.0,0.0,0.071,0.222,0.0,0.0,0.0,0.0
육선엽,삼성,2025,2025-07-09,@ NC,RP,,0.0,3.0,0.333333333,6,0,0,0,0,0,1,0,,Away,창원 NC 파크,18:30,30.8,False,3,1,190cm,90kg,2005,0.0,45.2,0.0,6.9,31.7,14.7,0.0,0.3,0.0,0.0,0.0,0.25,0.0,0.0,0.071,0.222,0.0,0.0,0.0,0.0
윤석원,키움,2025,2025-05-01,vs. Lotte,RP,,0.0,0.0,1.333333333,20,0,0,0,0,0,0,0,,Home,고척 스카이돔,18:30,25.5,False,0,1,185cm,81kg,2003,0.0,57.5,0.0,4.7,33.6,4.2,0.0,0.0,0.0,0.0,0.0,0.345,0.0,1.0,0.286,0.0,0.0,0.0,0.0,0.0
윤석원,키움,2025,2025-05-04,@ KT,RP,,27.0,3.0,0.666666667,22,2,2,1,0,0,1,1,,Away,수원 KT 위즈파크,14:00,19.3,False,2,1,185cm,81kg,2003,0.0,57.5,0.0,4.7,33.6,4.2,0.0,0.0,0.0,0.0,0.0,0.345,0.0,1.0,0.286,0.0,0.0,0.0,0.0,0.0
윤석원,키움,2025,2025-05-05,vs. Kia,RP,,54.0,7.0,1.0,34,6,6,6,1,1,1,0,,Home,고척 스카이돔,14:00,25.5,True,0,2,185cm,81kg,2003,0.0,57.5,0.0,4.7,33.6,4.2,0.0,0.0,0.0,0.0,0.0,0.345,0.0,1.0,0.286,0.0,0.0,0.0,0.0,0.0
윤석원,키움,2025,2025-05-20,vs. Samsung,RP,,27.0,4.0,1.0,29,3,3,2,0,1,2,0,,Home,고척 스카이돔,18:30,25.5,False,14,1,185cm,81kg,2003,0.0,57.5,0.0,4.7,33.6,4.2,0.0,0.0,0.0,0.0,0.0,0.345,0.0,1.0,0.286,0.0,0.0,0.0,0.0,0.0
윤석원,키움,2025,2025-06-22,@ Hanwha,RP,,0.0,0.0,1.0,13,0,0,0,0,0,0,0,,Away,대전 한화생명 볼파크,17:00,28.2,False,32,1,185cm,81kg,2003,0.0,57.5,0.0,4.7,33.6,4.2,0.0,0.0,0.0,0.0,0.0,0.345,0.0,1.0,0.286,0.0,0.0,0.0,0.0,0.0
윤석원,키움,2025,2025-06-25,vs. Kia,RP,,0.0,1.0,1.0,19,0,0,1,0,1,0,0,,Home,고척 스카이돔,18:30,25.5,False,2,1,185cm,81kg,2003,0.0,57.5,0.0,4.7,33.6,4.2,0.0,0.0,0.0,0.0,0.0,0.345,0.0,1.0,0.286,0.0,0.0,0.0,0.0,0.0
윤석원,키움,2025,2025-06-28,vs. Samsung,RP,,0.0,1.0,1.0,8,0,0,1,0,1,0,0,,Home,고척 스카이돔,17:00,25.5,False,2,1,185cm,81kg,2003,0.0,57.5,0.0,4.7,33.6,4.2,0.0,0.0,0.0,0.0,0.0,0.345,0.0,1.0,0.286,0.0,0.0,0.0,0.0,0.0
윤석원,키움,2025,2025-06-29,vs. Samsung,RP,H,0.0,1.0,1.0,14,0,0,0,0,0,1,0,,Home,고척 스카이돔,14:00,25.5,True,0,2,185cm,81kg,2003,0.0,57.5,0.0,4.7,33.6,4.2,0.0,0.0,0.0,0.0,0.0,0.345,0.0,1.0,0.286,0.0,0.0,0.0,0.0,0.0
윤석원,키움,2025,2025-07-06,vs. Hanwha,RP,,0.0,1.0,1.0,15,0,0,0,0,1,1,0,,Home,고척 스카이돔,14:00,25.5,False,6,1,185cm,81kg,2003,0.0,57.5,0.0,4.7,33.6,4.2,0.0,0.0,0.0,0.0,0.0,0.345,0.0,1.0,0.286,0.0,0.0,0.0,0.0,0.0
윤석원,키움,2025,2025-07-09,@ LG,RP,,13.5,3.0,0.666666667,13,1,1,2,0,0,0,0,,Away,잠실 야구장,18:30,34.5,False,2,1,185cm,81kg,2003,0.0,57.5,0.0,4.7,33.6,4.2,0.0,0.0,0.0,0.0,0.0,0.345,0.0,1.0,0.286,0.0,0.0,0.0,0.0,0.0
이로운,SSG,2025,2025-03-25,vs. Lotte,RP,,0.0,2.0,1.0,22,0,0,1,0,1,1,0,,Home,인천 SSG 랜더스필드,18:30,10.4,False,0,1,185cm,105kg,2004,0.0,45.7,0.0,9.0,19.5,25.5,0.0,0.0,0.0,0.0,0.0,0.237,0.0,0.222,0.316,0.15,0.0,0.0,0.0,0.0
이로운,SSG,2025,2025-03-26,vs. Lotte,RP,H,0.0,0.0,0.666666667,1,0,0,0,0,0,0,0,,Home,인천 SSG 랜더스필드,18:30,20.6,True,0,2,185cm,105kg,2004,0.0,45.7,0.0,9.0,19.5,25.5,0.0,0.0,0.0,0.0,0.0,0.237,0.0,0.222,0.316,0.15,0.0,0.0,0.0,0.0
이로운,SSG,2025,2025-03-29,@ Kiwoom,RP,,0.0,2.0,1.0,18,0,0,2,0,0,0,0,,Away,고척 스카이돔,17:00,25.5,False,2,1,185cm,105kg,2004,0.0,45.7,0.0,9.0,19.5,25.5,0.0,0.0,0.0,0.0,0.0,0.237,0.0,0.222,0.316,0.15,0.0,0.0,0.0,0.0
이로운,SSG,2025,2025-04-04,vs. KT,RP,,0.0,3.0,1.0,20,0,0,0,0,2,3,0,,Home,인천 SSG 랜더스필드,18:30,10.4,False,5,1,185cm,105kg,2004,0.0,45.7,0.0,9.0,19.5,25.5,0.0,0.0,0.0,0.0,0.0,0.237,0.0,0.222,0.316,0.15,0.0,0.0,0.0,0.0
이로운,SSG,2025,2025-04-09,@ Samsung,RP,H,0.0,1.5,0.666666667,12,0,0,1,0,0,0,0,,Away,대구 삼성 라이온즈 파크,18:30,14.9,False,4,1,185cm,105kg,2004,0.0,45.7,0.0,9.0,19.5,25.5,0.0,0.0,0.0,0.0,0.0,0.237,0.0,0.222,0.316,0.15,0.0,0.0,0.0,0.0
이로운,SSG,2025,2025-04-15,vs. Hanwha,RP,,0.0,0.0,1.0,14,0,0,0,0,2,0,0,,Home,인천 SSG 랜더스필드,18:30,5.7,False,5,1,185cm,105kg,2004,0.0,45.7,0.0,9.0,19.5,25.5,0.0,0.0,0.0,0.0,0.0,0.237,0.0,0.222,0.316,0.15,0.0,0.0,0.0,0.0
이로운,SSG,2025,2025-04-17,vs. Hanwha,RP,L,13.5,3.0,0.666666667,14,1,1,2,0,2,0,0,,Home,인천 SSG 랜더스필드,18:30,16.8,False,1,1,185cm,105kg,2004,0.0,45.7,0.0,9.0,19.5,25.5,0.0,0.0,0.0,0.0,0.0,0.237,0.0,0.222,0.316,0.15,0.0,0.0,0.0,0.0
이로운,SSG,2025,2025-04-18,vs. LG,RP,,0.0,1.5,0.666666667,7,0,0,1,0,0,0,0,,Home,인천 SSG 랜더스필드,18:30,17.3,True,0,2,185cm,105kg,2004,0.0,45.7,0.0,9.0,19.5,25.5,0.0,0.0,0.0,0.0,0.0,0.237,0.0,0.222,0.316,0.15,0.0,0.0,0.0,0.0
이로운,SSG,2025,2025-04-20,vs. LG,RP,,0.0,2.0,1.0,13,0,0,1,0,0,1,0,,Home,인천 SSG 랜더스필드,14:00,19.5,False,1,1,185cm,105kg,2004,0.0,45.7,0.0,9.0,19.5,25.5,0.0,0.0,0.0,0.0,0.0,0.237,0.0,0.222,0.316,0.15,0.0,0.0,0.0,0.0
이로운,SSG,2025,2025-04-23,@ KT,RP,,0.0,0.5,2.0,18,0,0,1,0,2,0,0,,Away,수원 KT 위즈파크,18:30,18.7,False,2,1,185cm,105kg,2004,0.0,45.7,0.0,9.0,19.5,25.5,0.0,0.0,0.0,0.0,0.0,0.237,0.0,0.222,0.316,0.15,0.0,0.0,0.0,0.0
이로운,SSG,2025,2025-04-26,vs. Kiwoom,RP,H,0.0,0.0,0.666666667,11,0,0,0,0,1,0,0,,Home,인천 SSG 랜더스필드,17:00,14.5,False,2,1,185cm,105kg,2004,0.0,45.7,0.0,9.0,19.5,25.5,0.0,0.0,0.0,0.0,0.0,0.237,0.0,0.222,0.316,0.15,0.0,0.0,0.0,0.0
이로운,SSG,2025,2025-04-29,vs. Samsung,RP,,0.0,0.0,1.0,18,0,0,0,0,2,0,0,,Home,인천 SSG 랜더스필드,18:30,14.9,False,2,1,185cm,105kg,2004,0.0,45.7,0.0,9.0,19.5,25.5,0.0,0.0,0.0,0.0,0.0,0.237,0.0,0.222,0.316,0.15,0.0,0.0,0.0,0.0
이로운,SSG,2025,2025-04-30,vs. Samsung,RP,H,0.0,1.0,1.0,11,0,0,0,0,0,1,0,,Home,인천 SSG 랜더스필드,18:30,20.6,True,0,2,185cm,105kg,2004,0.0,45.7,0.0,9.0,19.5,25.5,0.0,0.0,0.0,0.0,0.0,0.237,0.0,0.222,0.316,0.15,0.0,0.0,0.0,0.0
이로운,SSG,2025,2025-05-01,vs. Samsung,RP,H,0.0,2.0,1.0,20,0,0,1,0,1,1,0,,Home,인천 SSG 랜더스필드,18:30,11.6,True,0,3,185cm,105kg,2004,0.0,45.7,0.0,9.0,19.5,25.5,0.0,0.0,0.0,0.0,0.0,0.237,0.0,0.222,0.316,0.15,0.0,0.0,0.0,0.0
이로운,SSG,2025,2025-05-05,@ Lotte,RP,,0.0,0.0,1.0,9,0,0,0,0,1,0,0,,Away,사직 야구장,14:00,18.1,False,3,1,185cm,105kg,2004,0.0,45.7,0.0,9.0,19.5,25.5,0.0,0.0,0.0,0.0,0.0,0.237,0.0,0.222,0.316,0.15,0.0,0.0,0.0,0.0
이로운,SSG,2025,2025-05-07,@ Lotte,RP,,0.0,4.5,0.666666667,15,0,0,2,0,1,1,0,,Away,사직 야구장,18:30,16.4,False,1,1,185cm,105kg,2004,0.0,45.7,0.0,9.0,19.5,25.5,0.0,0.0,0.0,0.0,0.0,0.237,0.0,0.222,0.316,0.15,0.0,0.0,0.0,0.0
이로운,SSG,2025,2025-05-10,vs. Kia,RP,,9.0,3.0,1.0,24,1,1,1,0,0,2,0,,Home,인천 SSG 랜더스필드,17:00,11.6,False,2,1,185cm,105kg,2004,0.0,45.7,0.0,9.0,19.5,25.5,0.0,0.0,0.0,0.0,0.0,0.237,0.0,0.222,0.316,0.15,0.0,0.0,0.0,0.0
이로운,SSG,2025,2025-05-11,vs. Kia,RP,,0.0,1.0,1.0,15,0,0,0,0,0,1,0,,Home,인천 SSG 랜더스필드,14:00,16.8,True,0,2,185cm,105kg,2004,0.0,45.7,0.0,9.0,19.5,25.5,0.0,0.0,0.0,0.0,0.0,0.237,0.0,0.222,0.316,0.15,0.0,0.0,0.0,0.0
이로운,SSG,2025,2025-05-13,vs. NC,RP,W,0.0,2.0,1.0,17,0,0,1,0,2,1,0,,Home,인천 SSG 랜더스필드,18:30,22.2,False,1,1,185cm,105kg,2004,0.0,45.7,0.0,9.0,19.5,25.5,0.0,0.0,0.0,0.0,0.0,0.237,0.0,0.222,0.316,0.15,0.0,0.0,0.0,0.0
이로운,SSG,2025,2025-05-17,@ Hanwha,RP,,0.0,2.0,1.0,21,0,0,1,0,0,1,0,,Away,대전 한화생명 볼파크,17:00,23.4,False,3,1,185cm,105kg,2004,0.0,45.7,0.0,9.0,19.5,25.5,0.0,0.0,0.0,0.0,0.0,0.237,0.0,0.222,0.316,0.15,0.0,0.0,0.0,0.0
이로운,SSG,2025,2025-05-18,@ Hanwha,RP,H,0.0,2.0,1.0,21,0,0,2,0,1,0,0,,Away,대전 한화생명 볼파크,14:00,21.7,True,0,2,185cm,105kg,2004,0.0,45.7,0.0,9.0,19.5,25.5,0.0,0.0,0.0,0.0,0.0,0.237,0.0,0.222,0.316,0.15,0.0,0.0,0.0,0.0
이로운,SSG,2025,2025-05-20,@ Doosan,RP,W,0.0,0.0,1.333333333,19,0,0,0,0,3,0,0,,Away,잠실 야구장,18:30,25.2,False,1,1,185cm,105kg,2004,0.0,45.7,0.0,9.0,19.5,25.5,0.0,0.0,0.0,0.0,0.0,0.237,0.0,0.222,0.316,0.15,0.0,0.0,0.0,0.0
이로운,SSG,2025,2025-05-22,@ Doosan,RP,,0.0,9.0,0.333333333,19,0,0,3,0,1,0,0,,Away,잠실 야구장,18:30,26.9,False,1,1,185cm,105kg,2004,0.0,45.7,0.0,9.0,19.5,25.5,0.0,0.0,0.0,0.0,0.0,0.237,0.0,0.222,0.316,0.15,0.0,0.0,0.0,0.0
이로운,SSG,2025,2025-05-24,vs. LG,RP,,0.0,1.2,1.666666667,36,0,0,2,0,1,0,0,,Home,인천 SSG 랜더스필드,17:00,18.7,False,1,1,185cm,105kg,2004,0.0,45.7,0.0,9.0,19.5,25.5,0.0,0.0,0.0,0.0,0.0,0.237,0.0,0.222,0.316,0.15,0.0,0.0,0.0,0.0
이로운,SSG,2025,2025-05-27,vs. NC,RP,,0.0,0.75,1.333333333,22,0,0,0,0,1,1,0,,Home,인천 SSG 랜더스필드,18:30,20.6,False,2,1,185cm,105kg,2004,0.0,45.7,0.0,9.0,19.5,25.5,0.0,0.0,0.0,0.0,0.0,0.237,0.0,0.222,0.316,0.15,0.0,0.0,0.0,0.0
이로운,SSG,2025,2025-05-28,vs. NC,RP,,0.0,0.0,1.0,17,0,0,0,0,1,0,0,,Home,인천 SSG 랜더스필드,18:30,21.3,True,0,2,185cm,105kg,2004,0.0,45.7,0.0,9.0,19.5,25.5,0.0,0.0,0.0,0.0,0.0,0.237,0.0,0.222,0.316,0.15,0.0,0.0,0.0,0.0
이로운,SSG,2025,2025-05-30,@ Lotte,RP,L,0.0,2.0,1.0,15,2,0,2,0,1,0,0,,Away,사직 야구장,18:30,19.8,False,1,1,185cm,105kg,2004,0.0,45.7,0.0,9.0,19.5,25.5,0.0,0.0,0.0,0.0,0.0,0.237,0.0,0.222,0.316,0.15,0.0,0.0,0.0,0.0
이로운,SSG,2025,2025-05-31,@ Lotte,RP,H,0.0,0.0,1.0,19,0,0,0,0,0,0,0,,Away,사직 야구장,17:00,20.8,True,0,2,185cm,105kg,2004,0.0,45.7,0.0,9.0,19.5,25.5,0.0,0.0,0.0,0.0,0.0,0.237,0.0,0.222,0.316,0.15,0.0,0.0,0.0,0.0
이로운,SSG,2025,2025-06-03,vs. Samsung,RP,H,0.0,0.75,1.333333333,16,0,0,1,0,1,0,0,,Home,인천 SSG 랜더스필드,18:30,20.9,False,2,1,185cm,105kg,2004,0.0,45.7,0.0,9.0,19.5,25.5,0.0,0.0,0.0,0.0,0.0,0.237,0.0,0.222,0.316,0.15,0.0,0.0,0.0,0.0
이로운,SSG,2025,2025-06-04,vs. Samsung,RP,,0.0,1.0,1.0,23,0,0,1,0,1,0,0,,Home,인천 SSG 랜더스필드,18:30,21.5,True,0,2,185cm,105kg,2004,0.0,45.7,0.0,9.0,19.5,25.5,0.0,0.0,0.0,0.0,0.0,0.237,0.0,0.222,0.316,0.15,0.0,0.0,0.0,0.0
이로운,SSG,2025,2025-06-07,@ KT,RP,,0.0,3.0,0.333333333,8,0,0,1,0,0,0,0,,Away,수원 KT 위즈파크,17:00,26.6,False,2,1,185cm,105kg,2004,0.0,45.7,0.0,9.0,19.5,25.5,0.0,0.0,0.0,0.0,0.0,0.237,0.0,0.222,0.316,0.15,0.0,0.0,0.0,0.0
이로운,SSG,2025,2025-06-08,@ KT,RP,H,9.0,1.0,1.0,14,1,1,1,1,0,0,0,,Away,수원 KT 위즈파크,17:00,28.1,True,0,2,185cm,105kg,2004,0.0,45.7,0.0,9.0,19.5,25.5,0.0,0.0,0.0,0.0,0.0,0.237,0.0,0.222,0.316,0.15,0.0,0.0,0.0,0.0
이로운,SSG,2025,2025-06-10,@ LG,RP,H,0.0,0.0,1.0,9,0,0,0,0,0,0,0,,Away,잠실 야구장,18:30,24.8,False,1,1,185cm,105kg,2004,0.0,45.7,0.0,9.0,19.5,25.5,0.0,0.0,0.0,0.0,0.0,0.237,0.0,0.222,0.316,0.15,0.0,0.0,0.0,0.0
이로운,SSG,2025,2025-06-11,@ LG,RP,L,81.0,9.0,0.333333333,20,3,3,3,1,0,0,0,,Away,잠실 야구장,18:30,25.8,True,0,2,185cm,105kg,2004,0.0,45.7,0.0,9.0,19.5,25.5,0.0,0.0,0.0,0.0,0.0,0.237,0.0,0.222,0.316,0.15,0.0,0.0,0.0,0.0
이로운,SSG,2025,2025-06-14,vs. Lotte,RP,,0.0,0.0,1.0,16,0,0,0,0,2,0,0,,Home,인천 SSG 랜더스필드,17:00,29.1,False,2,1,185cm,105kg,2004,0.0,45.7,0.0,9.0,19.5,25.5,0.0,0.0,0.0,0.0,0.0,0.237,0.0,0.222,0.316,0.15,0.0,0.0,0.0,0.0
이로운,SSG,2025,2025-06-15,vs. Lotte,RP,H,0.0,2.0,1.0,17,0,0,0,0,0,2,0,,Home,인천 SSG 랜더스필드,17:00,26.9,True,0,2,185cm,105kg,2004,0.0,45.7,0.0,9.0,19.5,25.5,0.0,0.0,0.0,0.0,0.0,0.237,0.0,0.222,0.316,0.15,0.0,0.0,0.0,0.0
이로운,SSG,2025,2025-06-18,@ Kiwoom,RP,,0.0,1.0,1.0,21,0,0,0,0,1,1,0,,Away,고척 스카이돔,18:30,25.5,False,2,1,185cm,105kg,2004,0.0,45.7,0.0,9.0,19.5,25.5,0.0,0.0,0.0,0.0,0.0,0.237,0.0,0.222,0.316,0.15,0.0,0.0,0.0,0.0
이로운,SSG,2025,2025-06-19,@ Kiwoom,RP,SV,0.0,0.0,1.0,16,0,0,0,0,0,0,0,,Away,고척 스카이돔,18:30,25.5,True,0,2,185cm,105kg,2004,0.0,45.7,0.0,9.0,19.5,25.5,0.0,0.0,0.0,0.0,0.0,0.237,0.0,0.222,0.316,0.15,0.0,0.0,0.0,0.0
이로운,SSG,2025,2025-06-21,vs. Kia,RP,,0.0,0.0,1.0,12,0,0,0,0,2,0,0,,Home,인천 SSG 랜더스필드,17:00,23.5,False,1,1,185cm,105kg,2004,0.0,45.7,0.0,9.0,19.5,25.5,0.0,0.0,0.0,0.0,0.0,0.237,0.0,0.222,0.316,0.15,0.0,0.0,0.0,0.0
이로운,SSG,2025,2025-06-26,@ Doosan,RP,H,0.0,1.0,1.0,15,0,0,1,0,1,0,0,,Away,잠실 야구장,18:30,25.9,False,4,1,185cm,105kg,2004,0.0,45.7,0.0,9.0,19.5,25.5,0.0,0.0,0.0,0.0,0.0,0.237,0.0,0.222,0.316,0.15,0.0,0.0,0.0,0.0
이로운,SSG,2025,2025-06-27,vs. Hanwha,RP,H,0.0,1.0,1.0,15,0,0,1,0,2,0,0,,Home,인천 SSG 랜더스필드,18:30,28.2,True,0,2,185cm,105kg,2004,0.0,45.7,0.0,9.0,19.5,25.5,0.0,0.0,0.0,0.0,0.0,0.237,0.0,0.222,0.316,0.15,0.0,0.0,0.0,0.0
이로운,SSG,2025,2025-06-29,vs. Hanwha,RP,H,0.0,0.0,1.0,16,0,0,0,0,0,0,0,,Home,인천 SSG 랜더스필드,17:00,29.8,False,1,1,185cm,105kg,2004,0.0,45.7,0.0,9.0,19.5,25.5,0.0,0.0,0.0,0.0,0.0,0.237,0.0,0.222,0.316,0.15,0.0,0.0,0.0,0.0
이로운,SSG,2025,2025-07-01,@ Kia,RP,L,9.0,3.0,1.0,19,1,1,2,0,2,1,0,,Away,광주 기아 챔피언스 필드,18:30,32.6,False,1,1,185cm,105kg,2004,0.0,45.7,0.0,9.0,19.5,25.5,0.0,0.0,0.0,0.0,0.0,0.237,0.0,0.222,0.316,0.15,0.0,0.0,0.0,0.0
이로운,SSG,2025,2025-07-02,@ Kia,RP,H,0.0,0.0,1.0,11,0,0,0,0,1,0,0,,Away,광주 기아 챔피언스 필드,18:30,33.1,True,0,2,185cm,105kg,2004,0.0,45.7,0.0,9.0,19.5,25.5,0.0,0.0,0.0,0.0,0.0,0.237,0.0,0.222,0.316,0.15,0.0,0.0,0.0,0.0
이로운,SSG,2025,2025-07-04,@ NC,RP,,0.0,1.0,1.0,11,0,0,1,0,0,0,0,,Away,창원 NC 파크,18:30,30.2,False,1,1,185cm,105kg,2004,0.0,45.7,0.0,9.0,19.5,25.5,0.0,0.0,0.0,0.0,0.0,0.237,0.0,0.222,0.316,0.15,0.0,0.0,0.0,0.0
이로운,SSG,2025,2025-07-08,vs. KT,RP,H,0.0,2.0,1.0,27,0,0,1,0,2,1,0,,Home,인천 SSG 랜더스필드,18:30,34.9,False,3,1,185cm,105kg,2004,0.0,45.7,0.0,9.0,19.5,25.5,0.0,0.0,0.0,0.0,0.0,0.237,0.0,0.222,0.316,0.15,0.0,0.0,0.0,0.0
이민석,롯데,2025,2025-05-05,vs. SSG,SP,L,10.8,1.8,5.0,89,6,6,7,1,6,2,0,33.0,Home,사직 야구장,14:00,18.1,False,0,1,189cm,95kg,2003,0.0,50.9,0.0,3.2,39.3,6.1,0.0,0.0,0.0,0.0,0.0,0.281,0.0,0.333,0.307,0.0,0.0,0.0,0.0,1.0
이민석,롯데,2025,2025-05-11,@ KT,SP,,1.5,1.17,6.0,104,1,1,5,0,5,2,1,60.0,Away,수원 KT 위즈파크,14:00,19.4,False,5,1,189cm,95kg,2003,0.0,50.9,0.0,3.2,39.3,6.1,0.0,0.0,0.0,0.0,0.0,0.281,0.0,0.333,0.307,0.0,0.0,0.0,0.0,1.0
이민석,롯데,2025,2025-05-17,vs. Samsung,SP,,8.31,1.85,4.333333333,83,4,4,5,1,2,3,0,36.0,Home,사직 야구장,17:00,20.9,False,5,1,189cm,95kg,2003,0.0,50.9,0.0,3.2,39.3,6.1,0.0,0.0,0.0,0.0,0.0,0.281,0.0,0.333,0.307,0.0,0.0,0.0,0.0,1.0
이민석,롯데,2025,2025-05-22,vs. LG,SP,W,7.2,1.6,5.0,87,4,4,6,2,1,2,0,38.0,Home,사직 야구장,18:30,17.4,False,4,1,189cm,95kg,2003,0.0,50.9,0.0,3.2,39.3,6.1,0.0,0.0,0.0,0.0,0.0,0.281,0.0,0.333,0.307,0.0,0.0,0.0,0.0,1.0
이민석,롯데,2025,2025-06-01,vs. SSG,SP,,0.0,1.0,5.0,82,0,0,4,0,2,1,0,60.0,Home,사직 야구장,17:00,23.7,False,9,1,189cm,95kg,2003,0.0,50.9,0.0,3.2,39.3,6.1,0.0,0.0,0.0,0.0,0.0,0.281,0.0,0.333,0.307,0.0,0.0,0.0,0.0,1.0
이민석,롯데,2025,2025-06-07,@ Doosan,SP,W,7.2,1.8,5.0,69,4,4,7,0,4,2,0,39.0,Away,잠실 야구장,17:00,27.0,False,5,1,189cm,95kg,2003,0.0,50.9,0.0,3.2,39.3,6.1,0.0,0.0,0.0,0.0,0.0,0.281,0.0,0.333,0.307,0.0,0.0,0.0,0.0,1.0
이민석,롯데,2025,2025-06-15,@ SSG,SP,L,1.69,1.31,5.333333333,99,1,1,5,1,6,2,0,58.0,Away,인천 SSG 랜더스필드,17:00,26.9,False,7,1,189cm,95kg,2003,0.0,50.9,0.0,3.2,39.3,6.1,0.0,0.0,0.0,0.0,0.0,0.281,0.0,0.333,0.307,0.0,0.0,0.0,0.0,1.0
이민석,롯데,2025,2025-06-27,vs. KT,SP,,3.0,3.33,3.0,75,5,1,8,0,3,2,0,32.0,Home,사직 야구장,18:30,25.9,False,11,1,189cm,95kg,2003,0.0,50.9,0.0,3.2,39.3,6.1,0.0,0.0,0.0,0.0,0.0,0.281,0.0,0.333,0.307,0.0,0.0,0.0,0.0,1.0
이민석,롯데,2025,2025-07-03,vs. LG,SP,,0.0,0.9,6.666666667,96,0,0,4,0,4,2,0,68.0,Home,사직 야구장,18:30,29.8,False,5,1,189cm,95kg,2003,0.0,50.9,0.0,3.2,39.3,6.1,0.0,0.0,0.0,0.0,0.0,0.281,0.0,0.333,0.307,0.0,0.0,0.0,0.0,1.0
이민석,롯데,2025,2025-07-09,vs. Doosan,SP,,1.8,2.2,5.0,100,1,1,6,0,5,5,0,51.0,Home,사직 야구장,18:30,29.7,False,5,1,189cm,95kg,2003,0.0,50.9,0.0,3.2,39.3,6.1,0.0,0.0,0.0,0.0,0.0,0.281,0.0,0.333,0.307,0.0,0.0,0.0,0.0,1.0
이상동,KT,2025,2025-05-11,vs. Lotte,RP,,0.0,1.0,1.0,8,0,0,1,0,0,0,0,,Home,수원 KT 위즈파크,14:00,19.4,False,0,1,181cm,88kg,1995,0.0,57.4,0.0,0.0,16.8,0.0,0.0,25.8,0.0,0.0,0.0,0.214,0.0,0.0,0.0,0.0,0.0,0.071,0.0,0.0
이상동,KT,2025,2025-05-28,vs. Doosan,RP,,0.0,1.5,1.333333333,16,0,0,1,0,2,1,0,,Home,수원 KT 위즈파크,18:30,22.0,False,16,1,181cm,88kg,1995,0.0,57.4,0.0,0.0,16.8,0.0,0.0,25.8,0.0,0.0,0.0,0.214,0.0,0.0,0.0,0.0,0.0,0.071,0.0,0.0
이상동,KT,2025,2025-05-29,vs. Doosan,RP,,0.0,0.0,1.0,16,0,0,0,0,1,0,1,,Home,수원 KT 위즈파크,18:30,22.5,True,0,2,181cm,88kg,1995,0.0,57.4,0.0,0.0,16.8,0.0,0.0,25.8,0.0,0.0,0.0,0.214,0.0,0.0,0.0,0.0,0.0,0.071,0.0,0.0
이상동,KT,2025,2025-06-01,vs. Kia,RP,,0.0,0.0,1.666666667,31,0,0,0,0,1,0,0,,Home,수원 KT 위즈파크,17:00,24.4,False,2,1,181cm,88kg,1995,0.0,57.4,0.0,0.0,16.8,0.0,0.0,25.8,0.0,0.0,0.0,0.214,0.0,0.0,0.0,0.0,0.0,0.071,0.0,0.0
이상동,KT,2025,2025-06-06,vs. SSG,RP,,0.0,1.0,1.0,14,0,0,1,0,0,0,0,,Home,수원 KT 위즈파크,18:30,24.9,False,4,1,181cm,88kg,1995,0.0,57.4,0.0,0.0,16.8,0.0,0.0,25.8,0.0,0.0,0.0,0.214,0.0,0.0,0.0,0.0,0.0,0.071,0.0,0.0
이상동,KT,2025,2025-06-08,vs. SSG,RP,,0.0,0.0,1.0,15,0,0,0,0,0,0,0,,Home,수원 KT 위즈파크,17:00,28.1,False,1,1,181cm,88kg,1995,0.0,57.4,0.0,0.0,16.8,0.0,0.0,25.8,0.0,0.0,0.0,0.214,0.0,0.0,0.0,0.0,0.0,0.071,0.0,0.0
이상동,KT,2025,2025-06-12,vs. Lotte,RP,,0.0,0.0,1.333333333,11,0,0,0,0,1,0,0,,Home,수원 KT 위즈파크,18:30,26.9,False,3,1,181cm,88kg,1995,0.0,57.4,0.0,0.0,16.8,0.0,0.0,25.8,0.0,0.0,0.0,0.214,0.0,0.0,0.0,0.0,0.0,0.071,0.0,0.0
이상동,KT,2025,2025-06-15,@ Samsung,RP,,0.0,2.0,1.0,20,0,0,2,0,1,0,0,,Away,대구 삼성 라이온즈 파크,17:00,25.2,False,2,1,181cm,88kg,1995,0.0,57.4,0.0,0.0,16.8,0.0,0.0,25.8,0.0,0.0,0.0,0.214,0.0,0.0,0.0,0.0,0.0,0.071,0.0,0.0
이상동,KT,2025,2025-06-18,@ Kia,RP,,0.0,0.0,1.0,11,0,0,0,0,2,0,0,,Away,광주 기아 챔피언스 필드,18:30,29.7,False,2,1,181cm,88kg,1995,0.0,57.4,0.0,0.0,16.8,0.0,0.0,25.8,0.0,0.0,0.0,0.214,0.0,0.0,0.0,0.0,0.0,0.071,0.0,0.0
이상동,KT,2025,2025-06-19,@ Kia,RP,,10.8,1.2,1.666666667,19,2,2,2,1,2,0,0,,Away,광주 기아 챔피언스 필드,18:30,29.3,True,0,2,181cm,88kg,1995,0.0,57.4,0.0,0.0,16.8,0.0,0.0,25.8,0.0,0.0,0.0,0.214,0.0,0.0,0.0,0.0,0.0,0.071,0.0,0.0
이상동,KT,2025,2025-07-09,@ SSG,RP,,0.0,0.0,1.0,12,0,0,0,0,2,0,0,,Away,인천 SSG 랜더스필드,18:30,34.2,False,19,1,181cm,88kg,1995,0.0,57.4,0.0,0.0,16.8,0.0,0.0,25.8,0.0,0.0,0.0,0.214,0.0,0.0,0.0,0.0,0.0,0.071,0.0,0.0
이상동,KT,2025,2025-07-10,@ SSG,RP,H,0.0,1.5,0.666666667,17,0,0,0,0,0,1,0,,Away,인천 SSG 랜더스필드,18:30,33.4,True,0,2,181cm,88kg,1995,0.0,57.4,0.0,0.0,16.8,0.0,0.0,25.8,0.0,0.0,0.0,0.214,0.0,0.0,0.0,0.0,0.0,0.071,0.0,0.0
이승민,삼성,2025,2025-04-13,@ KT,RP,,0.0,0.82,3.666666667,57,1,0,3,0,2,0,0,,Away,수원 KT 위즈파크,14:00,3.6,False,0,1,174cm,79kg,2000,0.2,54.2,0.0,5.0,29.7,10.7,0.0,0.0,0.0,0.0,0.0,0.26,0.0,0.5,0.295,0.273,0.0,0.0,0.0,0.0
이승민,삼성,2025,2025-04-19,vs. Lotte,RP,,54.0,6.0,0.333333333,13,2,2,2,1,0,0,0,,Home,대구 삼성 라이온즈 파크,17:00,18.4,False,5,1,174cm,79kg,2000,0.2,54.2,0.0,5.0,29.7,10.7,0.0,0.0,0.0,0.0,0.0,0.26,0.0,0.5,0.295,0.273,0.0,0.0,0.0,0.0
이승민,삼성,2025,2025-04-24,vs. Kia,RP,,18.0,4.0,1.0,17,2,2,4,0,0,0,0,,Home,대구 삼성 라이온즈 파크,18:30,16.6,False,4,1,174cm,79kg,2000,0.2,54.2,0.0,5.0,29.7,10.7,0.0,0.0,0.0,0.0,0.0,0.26,0.0,0.5,0.295,0.273,0.0,0.0,0.0,0.0
이승민,삼성,2025,2025-04-25,vs. NC,RP,W,0.0,0.0,2.0,18,0,0,0,0,1,0,1,,Home,대구 삼성 라이온즈 파크,18:30,16.8,True,0,2,174cm,79kg,2000,0.2,54.2,0.0,5.0,29.7,10.7,0.0,0.0,0.0,0.0,0.0,0.26,0.0,0.5,0.295,0.273,0.0,0.0,0.0,0.0
이승민,삼성,2025,2025-05-01,@ SSG,RP,,0.0,1.5,1.333333333,20,0,0,2,0,2,0,0,,Away,인천 SSG 랜더스필드,18:30,11.6,False,5,1,174cm,79kg,2000,0.2,54.2,0.0,5.0,29.7,10.7,0.0,0.0,0.0,0.0,0.0,0.26,0.0,0.5,0.295,0.273,0.0,0.0,0.0,0.0
이승민,삼성,2025,2025-05-03,vs. Doosan,RP,,13.5,4.5,0.666666667,28,1,1,2,0,2,1,0,,Home,대구 삼성 라이온즈 파크,17:00,12.9,False,1,1,174cm,79kg,2000,0.2,54.2,0.0,5.0,29.7,10.7,0.0,0.0,0.0,0.0,0.0,0.26,0.0,0.5,0.295,0.273,0.0,0.0,0.0,0.0
이승민,삼성,2025,2025-05-04,vs. Doosan,RP,,2.7,0.6,3.333333333,40,1,1,2,1,2,0,0,,Home,대구 삼성 라이온즈 파크,14:00,20.7,True,0,2,174cm,79kg,2000,0.2,54.2,0.0,5.0,29.7,10.7,0.0,0.0,0.0,0.0,0.0,0.26,0.0,0.5,0.295,0.273,0.0,0.0,0.0,0.0
이승민,삼성,2025,2025-05-07,@ Hanwha,RP,,0.0,3.0,0.666666667,14,0,0,1,0,1,1,0,,Away,대전 한화생명 볼파크,18:30,19.5,False,2,1,174cm,79kg,2000,0.2,54.2,0.0,5.0,29.7,10.7,0.0,0.0,0.0,0.0,0.0,0.26,0.0,0.5,0.295,0.273,0.0,0.0,0.0,0.0
이승민,삼성,2025,2025-05-10,vs. LG,RP,,0.0,2.0,1.0,13,0,0,1,0,0,1,0,,Home,대구 삼성 라이온즈 파크,17:00,17.6,False,2,1,174cm,79kg,2000,0.2,54.2,0.0,5.0,29.7,10.7,0.0,0.0,0.0,0.0,0.0,0.26,0.0,0.5,0.295,0.273,0.0,0.0,0.0,0.0
이승민,삼성,2025,2025-05-13,vs. KT,RP,,0.0,0.0,1.0,15,0,0,0,0,2,0,0,,Home,대구 삼성 라이온즈 파크,18:30,19.5,False,2,1,174cm,79kg,2000,0.2,54.2,0.0,5.0,29.7,10.7,0.0,0.0,0.0,0.0,0.0,0.26,0.0,0.5,0.295,0.273,0.0,0.0,0.0,0.0
이승민,삼성,2025,2025-05-14,vs. KT,RP,,0.0,0.0,1.0,12,0,0,0,0,3,0,0,,Home,대구 삼성 라이온즈 파크,18:30,20.5,True,0,2,174cm,79kg,2000,0.2,54.2,0.0,5.0,29.7,10.7,0.0,0.0,0.0,0.0,0.0,0.26,0.0,0.5,0.295,0.273,0.0,0.0,0.0,0.0
이승민,삼성,2025,2025-05-17,@ Lotte,RP,,0.0,,0.0,11,1,1,1,0,0,2,0,,Away,사직 야구장,17:00,20.9,False,2,1,174cm,79kg,2000,0.2,54.2,0.0,5.0,29.7,10.7,0.0,0.0,0.0,0.0,0.0,0.26,0.0,0.5,0.295,0.273,0.0,0.0,0.0,0.0
이승민,삼성,2025,2025-05-18,@ Lotte,RP,,0.0,0.0,0.333333333,6,0,0,0,0,1,0,0,,Away,사직 야구장,14:00,20.8,True,0,2,174cm,79kg,2000,0.2,54.2,0.0,5.0,29.7,10.7,0.0,0.0,0.0,0.0,0.0,0.26,0.0,0.5,0.295,0.273,0.0,0.0,0.0,0.0
이승민,삼성,2025,2025-05-23,vs. Kia,RP,,0.0,2.0,1.0,21,1,0,2,0,2,0,0,,Home,대구 삼성 라이온즈 파크,18:30,18.4,False,4,1,174cm,79kg,2000,0.2,54.2,0.0,5.0,29.7,10.7,0.0,0.0,0.0,0.0,0.0,0.26,0.0,0.5,0.295,0.273,0.0,0.0,0.0,0.0
이승민,삼성,2025,2025-05-24,vs. Kia,RP,,0.0,0.5,2.0,30,0,0,1,0,4,0,0,,Home,대구 삼성 라이온즈 파크,17:00,14.5,True,0,2,174cm,79kg,2000,0.2,54.2,0.0,5.0,29.7,10.7,0.0,0.0,0.0,0.0,0.0,0.26,0.0,0.5,0.295,0.273,0.0,0.0,0.0,0.0
이승민,삼성,2025,2025-06-01,@ LG,RP,,0.0,1.5,0.666666667,17,0,0,1,0,0,0,0,,Away,잠실 야구장,17:00,25.6,False,7,1,174cm,79kg,2000,0.2,54.2,0.0,5.0,29.7,10.7,0.0,0.0,0.0,0.0,0.0,0.26,0.0,0.5,0.295,0.273,0.0,0.0,0.0,0.0
이승민,삼성,2025,2025-06-03,@ SSG,RP,,0.0,0.0,0.333333333,5,0,0,0,0,0,0,1,,Away,인천 SSG 랜더스필드,18:30,20.9,False,1,1,174cm,79kg,2000,0.2,54.2,0.0,5.0,29.7,10.7,0.0,0.0,0.0,0.0,0.0,0.26,0.0,0.5,0.295,0.273,0.0,0.0,0.0,0.0
이승민,삼성,2025,2025-06-07,vs. NC,RP,,0.0,0.6,1.666666667,23,0,0,1,0,3,0,0,,Home,대구 삼성 라이온즈 파크,17:00,23.6,False,3,1,174cm,79kg,2000,0.2,54.2,0.0,5.0,29.7,10.7,0.0,0.0,0.0,0.0,0.0,0.26,0.0,0.5,0.295,0.273,0.0,0.0,0.0,0.0
이승민,삼성,2025,2025-06-11,@ Kia,RP,,9.0,2.0,1.0,15,1,1,1,0,1,1,0,,Away,광주 기아 챔피언스 필드,18:30,27.1,False,3,1,174cm,79kg,2000,0.2,54.2,0.0,5.0,29.7,10.7,0.0,0.0,0.0,0.0,0.0,0.26,0.0,0.5,0.295,0.273,0.0,0.0,0.0,0.0
이승민,삼성,2025,2025-06-12,@ Kia,RP,H,0.0,1.5,0.666666667,7,0,0,1,0,0,0,0,,Away,광주 기아 챔피언스 필드,18:30,26.3,True,0,2,174cm,79kg,2000,0.2,54.2,0.0,5.0,29.7,10.7,0.0,0.0,0.0,0.0,0.0,0.26,0.0,0.5,0.295,0.273,0.0,0.0,0.0,0.0
이승민,삼성,2025,2025-06-15,vs. KT,RP,,31.5,4.0,2.0,49,9,7,7,2,0,1,0,,Home,대구 삼성 라이온즈 파크,17:00,25.2,False,2,1,174cm,79kg,2000,0.2,54.2,0.0,5.0,29.7,10.7,0.0,0.0,0.0,0.0,0.0,0.26,0.0,0.5,0.295,0.273,0.0,0.0,0.0,0.0
이승민,삼성,2025,2025-06-20,@ Lotte,RP,,0.0,1.5,1.333333333,27,0,0,1,0,1,1,0,,Away,사직 야구장,18:30,26.5,False,4,1,174cm,79kg,2000,0.2,54.2,0.0,5.0,29.7,10.7,0.0,0.0,0.0,0.0,0.0,0.26,0.0,0.5,0.295,0.273,0.0,0.0,0.0,0.0
이승민,삼성,2025,2025-06-26,vs. Hanwha,RP,,0.0,0.0,0.333333333,3,0,0,0,0,0,0,0,,Home,대구 삼성 라이온즈 파크,18:30,24.9,False,5,1,174cm,79kg,2000,0.2,54.2,0.0,5.0,29.7,10.7,0.0,0.0,0.0,0.0,0.0,0.26,0.0,0.5,0.295,0.273,0.0,0.0,0.0,0.0
이승민,삼성,2025,2025-06-27,@ Kiwoom,RP,,0.0,6.0,0.333333333,14,2,0,2,0,1,0,0,,Away,고척 스카이돔,18:30,25.5,True,0,2,174cm,79kg,2000,0.2,54.2,0.0,5.0,29.7,10.7,0.0,0.0,0.0,0.0,0.0,0.26,0.0,0.5,0.295,0.273,0.0,0.0,0.0,0.0
이승민,삼성,2025,2025-06-29,@ Kiwoom,RP,,13.5,1.5,0.666666667,8,1,1,1,0,1,0,0,,Away,고척 스카이돔,14:00,25.5,False,1,1,174cm,79kg,2000,0.2,54.2,0.0,5.0,29.7,10.7,0.0,0.0,0.0,0.0,0.0,0.26,0.0,0.5,0.295,0.273,0.0,0.0,0.0,0.0
이승민,삼성,2025,2025-07-02,@ Doosan,RP,,0.0,0.0,1.0,13,0,0,0,0,0,0,0,,Away,잠실 야구장,18:30,31.3,False,2,1,174cm,79kg,2000,0.2,54.2,0.0,5.0,29.7,10.7,0.0,0.0,0.0,0.0,0.0,0.26,0.0,0.5,0.295,0.273,0.0,0.0,0.0,0.0
이승민,삼성,2025,2025-07-03,@ Doosan,RP,,0.0,1.0,1.0,15,0,0,0,0,1,1,0,,Away,잠실 야구장,18:30,31.2,True,0,2,174cm,79kg,2000,0.2,54.2,0.0,5.0,29.7,10.7,0.0,0.0,0.0,0.0,0.0,0.26,0.0,0.5,0.295,0.273,0.0,0.0,0.0,0.0
이승민,삼성,2025,2025-07-05,vs. LG,RP,,9.0,2.0,1.0,17,1,1,2,0,1,0,0,,Home,대구 삼성 라이온즈 파크,18:00,30.5,False,1,1,174cm,79kg,2000,0.2,54.2,0.0,5.0,29.7,10.7,0.0,0.0,0.0,0.0,0.0,0.26,0.0,0.5,0.295,0.273,0.0,0.0,0.0,0.0
이승민,삼성,2025,2025-07-06,vs. LG,RP,,0.0,0.0,0.333333333,5,0,0,0,0,0,0,0,,Home,대구 삼성 라이온즈 파크,17:00,29.9,True,0,2,174cm,79kg,2000,0.2,54.2,0.0,5.0,29.7,10.7,0.0,0.0,0.0,0.0,0.0,0.26,0.0,0.5,0.295,0.273,0.0,0.0,0.0,0.0
이승민,삼성,2025,2025-07-08,@ NC,RP,H,0.0,0.0,0.333333333,3,0,0,0,0,0,0,0,,Away,창원 NC 파크,18:30,32.8,False,1,1,174cm,79kg,2000,0.2,54.2,0.0,5.0,29.7,10.7,0.0,0.0,0.0,0.0,0.0,0.26,0.0,0.5,0.295,0.273,0.0,0.0,0.0,0.0
이승민,삼성,2025,2025-07-09,@ NC,RP,,0.0,0.0,1.666666667,27,0,0,0,0,1,0,0,,Away,창원 NC 파크,18:30,30.8,True,0,2,174cm,79kg,2000,0.2,54.2,0.0,5.0,29.7,10.7,0.0,0.0,0.0,0.0,0.0,0.26,0.0,0.5,0.295,0.273,0.0,0.0,0.0,0.0
이승현_우,삼성,2025,2025-03-23,vs. Kiwoom,RP,,54.0,6.0,0.666666667,26,4,4,3,1,1,1,0,,Home,대구 삼성 라이온즈 파크,14:00,18.7,False,0,1,181cm,92kg,1991,0.0,56.4,0.0,0.0,26.2,14.2,0.0,1.8,0.0,0.0,0.0,0.393,0.0,0.0,0.353,0.25,0.0,0.0,0.0,1.0
이승현_우,삼성,2025,2025-03-26,vs. NC,RP,,10.8,3.0,1.666666667,32,2,2,4,1,1,1,0,,Home,대구 삼성 라이온즈 파크,18:30,16.0,False,2,1,181cm,92kg,1991,0.0,56.4,0.0,0.0,26.2,14.2,0.0,1.8,0.0,0.0,0.0,0.393,0.0,0.0,0.353,0.25,0.0,0.0,0.0,1.0
이승현_우,삼성,2025,2025-03-27,vs. NC,RP,,0.0,3.0,0.333333333,8,0,0,1,0,0,0,0,,Home,대구 삼성 라이온즈 파크,18:30,17.1,True,0,2,181cm,92kg,1991,0.0,56.4,0.0,0.0,26.2,14.2,0.0,1.8,0.0,0.0,0.0,0.393,0.0,0.0,0.353,0.25,0.0,0.0,0.0,1.0
이승현_우,삼성,2025,2025-04-03,@ Kia,RP,,0.0,0.0,1.0,16,0,0,0,0,0,0,0,,Away,광주 기아 챔피언스 필드,18:30,12.2,False,6,1,181cm,92kg,1991,0.0,56.4,0.0,0.0,26.2,14.2,0.0,1.8,0.0,0.0,0.0,0.393,0.0,0.0,0.353,0.25,0.0,0.0,0.0,1.0
이승현_우,삼성,2025,2025-04-05,vs. Hanwha,RP,H,0.0,1.0,1.0,11,0,0,0,0,0,1,0,,Home,대구 삼성 라이온즈 파크,17:00,13.4,False,1,1,181cm,92kg,1991,0.0,56.4,0.0,0.0,26.2,14.2,0.0,1.8,0.0,0.0,0.0,0.393,0.0,0.0,0.353,0.25,0.0,0.0,0.0,1.0
이승현_우,삼성,2025,2025-04-08,vs. SSG,RP,,13.5,1.5,0.666666667,16,1,1,1,1,2,0,0,,Home,대구 삼성 라이온즈 파크,18:30,17.3,False,2,1,181cm,92kg,1991,0.0,56.4,0.0,0.0,26.2,14.2,0.0,1.8,0.0,0.0,0.0,0.393,0.0,0.0,0.353,0.25,0.0,0.0,0.0,1.0
이승현_우,삼성,2025,2025-05-01,@ SSG,RP,,0.0,1.2,1.666666667,20,1,0,1,0,1,1,0,,Away,인천 SSG 랜더스필드,18:30,11.6,False,22,1,181cm,92kg,1991,0.0,56.4,0.0,0.0,26.2,14.2,0.0,1.8,0.0,0.0,0.0,0.393,0.0,0.0,0.353,0.25,0.0,0.0,0.0,1.0
이승현_우,삼성,2025,2025-05-03,vs. Doosan,RP,,27.0,3.0,0.333333333,11,1,1,1,0,1,0,0,,Home,대구 삼성 라이온즈 파크,17:00,12.9,False,1,1,181cm,92kg,1991,0.0,56.4,0.0,0.0,26.2,14.2,0.0,1.8,0.0,0.0,0.0,0.393,0.0,0.0,0.353,0.25,0.0,0.0,0.0,1.0
이승현_우,삼성,2025,2025-05-04,vs. Doosan,RP,,9.0,2.5,2.0,35,2,2,5,0,1,0,0,,Home,대구 삼성 라이온즈 파크,14:00,20.7,True,0,2,181cm,92kg,1991,0.0,56.4,0.0,0.0,26.2,14.2,0.0,1.8,0.0,0.0,0.0,0.393,0.0,0.0,0.353,0.25,0.0,0.0,0.0,1.0
이승현_우,삼성,2025,2025-07-02,@ Doosan,RP,,0.0,1.5,0.666666667,5,0,0,1,0,0,0,0,,Away,잠실 야구장,18:30,31.3,False,58,1,181cm,92kg,1991,0.0,56.4,0.0,0.0,26.2,14.2,0.0,1.8,0.0,0.0,0.0,0.393,0.0,0.0,0.353,0.25,0.0,0.0,0.0,1.0
이승현_우,삼성,2025,2025-07-05,vs. LG,RP,W,5.4,1.2,1.666666667,22,1,1,2,0,3,0,0,,Home,대구 삼성 라이온즈 파크,18:00,30.5,False,2,1,181cm,92kg,1991,0.0,56.4,0.0,0.0,26.2,14.2,0.0,1.8,0.0,0.0,0.0,0.393,0.0,0.0,0.353,0.25,0.0,0.0,0.0,1.0
이승현_우,삼성,2025,2025-07-08,@ NC,RP,H,0.0,0.0,1.0,12,0,0,0,0,1,0,0,,Away,창원 NC 파크,18:30,32.8,False,2,1,181cm,92kg,1991,0.0,56.4,0.0,0.0,26.2,14.2,0.0,1.8,0.0,0.0,0.0,0.393,0.0,0.0,0.353,0.25,0.0,0.0,0.0,1.0
이승현_우,삼성,2025,2025-07-10,@ NC,RP,,27.0,3.0,0.333333333,11,1,1,1,0,0,0,0,,Away,창원 NC 파크,18:30,30.5,False,1,1,181cm,92kg,1991,0.0,56.4,0.0,0.0,26.2,14.2,0.0,1.8,0.0,0.0,0.0,0.393,0.0,0.0,0.353,0.25,0.0,0.0,0.0,1.0
이승현_좌,삼성,2025,2025-03-26,vs. NC,SP,L,12.27,2.73,3.666666667,77,5,5,7,0,1,3,1,24.0,Home,대구 삼성 라이온즈 파크,18:30,16.0,False,0,1,183cm,102kg,2002,0.0,35.1,19.5,16.4,15.7,13.1,0.0,0.0,0.0,0.0,0.0,0.32,0.333,0.154,0.182,0.308,0.0,0.0,0.0,0.0
이승현_좌,삼성,2025,2025-04-05,vs. Hanwha,SP,,0.0,1.0,5.0,85,1,0,1,0,2,4,0,61.0,Home,대구 삼성 라이온즈 파크,17:00,13.4,False,9,1,183cm,102kg,2002,0.0,35.1,19.5,16.4,15.7,13.1,0.0,0.0,0.0,0.0,0.0,0.32,0.333,0.154,0.182,0.308,0.0,0.0,0.0,0.0
이승현_좌,삼성,2025,2025-04-11,@ KT,SP,L,5.4,2.0,5.0,84,3,3,7,0,3,3,0,41.0,Away,수원 KT 위즈파크,18:30,20.5,False,5,1,183cm,102kg,2002,0.0,35.1,19.5,16.4,15.7,13.1,0.0,0.0,0.0,0.0,0.0,0.32,0.333,0.154,0.182,0.308,0.0,0.0,0.0,0.0
이승현_좌,삼성,2025,2025-04-18,vs. Lotte,SP,L,12.6,1.8,5.0,91,7,7,9,2,5,0,0,26.0,Home,대구 삼성 라이온즈 파크,18:30,19.7,False,6,1,183cm,102kg,2002,0.0,35.1,19.5,16.4,15.7,13.1,0.0,0.0,0.0,0.0,0.0,0.32,0.333,0.154,0.182,0.308,0.0,0.0,0.0,0.0
이승현_좌,삼성,2025,2025-05-01,@ SSG,SP,L,4.5,1.0,4.0,78,2,2,3,1,5,1,0,52.0,Away,인천 SSG 랜더스필드,18:30,11.6,False,12,1,183cm,102kg,2002,0.0,35.1,19.5,16.4,15.7,13.1,0.0,0.0,0.0,0.0,0.0,0.32,0.333,0.154,0.182,0.308,0.0,0.0,0.0,0.0
이승현_좌,삼성,2025,2025-05-07,@ Hanwha,SP,L,12.0,2.67,3.0,65,4,4,6,1,1,2,0,30.0,Away,대전 한화생명 볼파크,18:30,19.5,False,5,1,183cm,102kg,2002,0.0,35.1,19.5,16.4,15.7,13.1,0.0,0.0,0.0,0.0,0.0,0.32,0.333,0.154,0.182,0.308,0.0,0.0,0.0,0.0
이승현_좌,삼성,2025,2025-05-13,vs. KT,SP,W,0.0,1.4,5.0,89,0,0,5,0,2,2,1,56.0,Home,대구 삼성 라이온즈 파크,18:30,19.5,False,5,1,183cm,102kg,2002,0.0,35.1,19.5,16.4,15.7,13.1,0.0,0.0,0.0,0.0,0.0,0.32,0.333,0.154,0.182,0.308,0.0,0.0,0.0,0.0
이승현_좌,삼성,2025,2025-05-18,@ Lotte,SP,L,6.75,1.5,4.0,77,3,3,3,0,3,3,1,43.0,Away,사직 야구장,14:00,20.8,False,4,1,183cm,102kg,2002,0.0,35.1,19.5,16.4,15.7,13.1,0.0,0.0,0.0,0.0,0.0,0.32,0.333,0.154,0.182,0.308,0.0,0.0,0.0,0.0
이승현_좌,삼성,2025,2025-05-24,vs. Kia,SP,,6.75,2.0,4.0,73,3,3,7,1,2,1,0,37.0,Home,대구 삼성 라이온즈 파크,17:00,14.5,False,5,1,183cm,102kg,2002,0.0,35.1,19.5,16.4,15.7,13.1,0.0,0.0,0.0,0.0,0.0,0.32,0.333,0.154,0.182,0.308,0.0,0.0,0.0,0.0
이승현_좌,삼성,2025,2025-05-30,@ LG,SP,,1.69,1.31,5.333333333,91,1,1,4,0,4,3,0,57.0,Away,잠실 야구장,18:30,27.4,False,5,1,183cm,102kg,2002,0.0,35.1,19.5,16.4,15.7,13.1,0.0,0.0,0.0,0.0,0.0,0.32,0.333,0.154,0.182,0.308,0.0,0.0,0.0,0.0
이승현_좌,삼성,2025,2025-06-05,@ SSG,SP,W,0.0,0.6,5.0,67,0,0,3,0,4,0,0,65.0,Away,인천 SSG 랜더스필드,18:30,20.8,False,5,1,183cm,102kg,2002,0.0,35.1,19.5,16.4,15.7,13.1,0.0,0.0,0.0,0.0,0.0,0.32,0.333,0.154,0.182,0.308,0.0,0.0,0.0,0.0
이승현_좌,삼성,2025,2025-06-12,@ Kia,SP,W,1.8,2.0,5.0,90,1,1,8,0,5,2,0,50.0,Away,광주 기아 챔피언스 필드,18:30,26.3,False,6,1,183cm,102kg,2002,0.0,35.1,19.5,16.4,15.7,13.1,0.0,0.0,0.0,0.0,0.0,0.32,0.333,0.154,0.182,0.308,0.0,0.0,0.0,0.0
이승현_좌,삼성,2025,2025-06-18,vs. Doosan,SP,,5.4,1.6,5.0,89,3,3,8,0,6,0,0,45.0,Home,대구 삼성 라이온즈 파크,18:30,23.1,False,5,1,183cm,102kg,2002,0.0,35.1,19.5,16.4,15.7,13.1,0.0,0.0,0.0,0.0,0.0,0.32,0.333,0.154,0.182,0.308,0.0,0.0,0.0,0.0
이승현_좌,삼성,2025,2025-06-29,@ Kiwoom,SP,L,20.25,3.75,1.333333333,32,3,3,3,0,1,2,1,34.0,Away,고척 스카이돔,14:00,25.5,False,10,1,183cm,102kg,2002,0.0,35.1,19.5,16.4,15.7,13.1,0.0,0.0,0.0,0.0,0.0,0.32,0.333,0.154,0.182,0.308,0.0,0.0,0.0,0.0
이승현_좌,삼성,2025,2025-07-04,vs. LG,SP,W,1.08,0.36,8.333333333,116,1,1,1,1,6,2,1,80.0,Home,대구 삼성 라이온즈 파크,18:30,30.0,False,4,1,183cm,102kg,2002,0.0,35.1,19.5,16.4,15.7,13.1,0.0,0.0,0.0,0.0,0.0,0.32,0.333,0.154,0.182,0.308,0.0,0.0,0.0,0.0
이승현_좌,삼성,2025,2025-07-10,@ NC,SP,,4.76,1.24,5.666666667,98,3,3,5,0,6,2,0,51.0,Away,창원 NC 파크,18:30,30.5,False,5,1,183cm,102kg,2002,0.0,35.1,19.5,16.4,15.7,13.1,0.0,0.0,0.0,0.0,0.0,0.32,0.333,0.154,0.182,0.308,0.0,0.0,0.0,0.0
이영하,두산,2025,2025-03-26,@ KT,RP,H,0.0,0.6,1.666666667,12,0,0,1,0,1,0,0,,Away,수원 KT 위즈파크,18:30,24.1,False,0,1,192cm,91kg,1997,0.0,48.6,0.0,7.5,42.9,0.0,0.0,0.9,0.0,0.0,0.0,0.286,0.0,0.136,0.183,0.0,0.0,1.0,0.0,0.0
이영하,두산,2025,2025-03-28,vs. Samsung,RP,H,0.0,4.5,0.666666667,11,0,0,3,0,1,0,0,,Home,잠실 야구장,18:30,6.7,False,1,1,192cm,91kg,1997,0.0,48.6,0.0,7.5,42.9,0.0,0.0,0.9,0.0,0.0,0.0,0.286,0.0,0.136,0.183,0.0,0.0,1.0,0.0,0.0
이영하,두산,2025,2025-03-30,vs. Samsung,RP,,0.0,1.0,1.0,14,0,0,0,0,0,1,0,,Home,잠실 야구장,14:00,3.4,False,1,1,192cm,91kg,1997,0.0,48.6,0.0,7.5,42.9,0.0,0.0,0.9,0.0,0.0,0.0,0.286,0.0,0.136,0.183,0.0,0.0,1.0,0.0,0.0
이영하,두산,2025,2025-04-02,vs. Kiwoom,RP,W,0.0,0.5,2.0,29,0,0,1,0,5,0,0,,Home,잠실 야구장,18:30,8.4,False,2,1,192cm,91kg,1997,0.0,48.6,0.0,7.5,42.9,0.0,0.0,0.9,0.0,0.0,0.0,0.286,0.0,0.136,0.183,0.0,0.0,1.0,0.0,0.0
이영하,두산,2025,2025-04-04,@ Lotte,RP,,0.0,1.0,1.0,15,0,0,1,0,2,0,0,,Away,사직 야구장,18:30,12.3,False,1,1,192cm,91kg,1997,0.0,48.6,0.0,7.5,42.9,0.0,0.0,0.9,0.0,0.0,0.0,0.286,0.0,0.136,0.183,0.0,0.0,1.0,0.0,0.0
이영하,두산,2025,2025-04-06,@ Lotte,RP,,18.0,4.0,1.0,41,2,2,2,0,3,2,0,,Away,사직 야구장,14:00,16.6,False,1,1,192cm,91kg,1997,0.0,48.6,0.0,7.5,42.9,0.0,0.0,0.9,0.0,0.0,0.0,0.286,0.0,0.136,0.183,0.0,0.0,1.0,0.0,0.0
이영하,두산,2025,2025-04-08,vs. Hanwha,RP,,0.0,1.5,0.666666667,11,0,0,1,0,1,0,0,,Home,잠실 야구장,18:30,16.8,False,1,1,192cm,91kg,1997,0.0,48.6,0.0,7.5,42.9,0.0,0.0,0.9,0.0,0.0,0.0,0.286,0.0,0.136,0.183,0.0,0.0,1.0,0.0,0.0
이영하,두산,2025,2025-04-09,vs. Hanwha,RP,,0.0,3.0,0.333333333,16,0,0,0,0,1,1,0,,Home,잠실 야구장,18:30,14.9,True,0,2,192cm,91kg,1997,0.0,48.6,0.0,7.5,42.9,0.0,0.0,0.9,0.0,0.0,0.0,0.286,0.0,0.136,0.183,0.0,0.0,1.0,0.0,0.0
이영하,두산,2025,2025-04-10,vs. Hanwha,RP,,0.0,,0.0,7,1,1,2,0,0,0,0,,Home,잠실 야구장,18:30,15.8,True,0,3,192cm,91kg,1997,0.0,48.6,0.0,7.5,42.9,0.0,0.0,0.9,0.0,0.0,0.0,0.286,0.0,0.136,0.183,0.0,0.0,1.0,0.0,0.0
이영하,두산,2025,2025-04-12,@ LG,RP,,0.0,1.5,1.333333333,19,0,0,1,0,0,1,0,,Away,잠실 야구장,17:00,17.1,False,1,1,192cm,91kg,1997,0.0,48.6,0.0,7.5,42.9,0.0,0.0,0.9,0.0,0.0,0.0,0.286,0.0,0.136,0.183,0.0,0.0,1.0,0.0,0.0
이영하,두산,2025,2025-04-18,vs. Kia,RP,,0.0,1.0,1.0,18,0,0,1,0,1,0,0,,Home,잠실 야구장,18:30,22.4,False,5,1,192cm,91kg,1997,0.0,48.6,0.0,7.5,42.9,0.0,0.0,0.9,0.0,0.0,0.0,0.286,0.0,0.136,0.183,0.0,0.0,1.0,0.0,0.0
이영하,두산,2025,2025-04-19,vs. Kia,RP,L,18.0,3.0,1.0,22,2,2,2,0,1,1,0,,Home,잠실 야구장,17:00,14.6,True,0,2,192cm,91kg,1997,0.0,48.6,0.0,7.5,42.9,0.0,0.0,0.9,0.0,0.0,0.0,0.286,0.0,0.136,0.183,0.0,0.0,1.0,0.0,0.0
이영하,두산,2025,2025-04-23,@ Kiwoom,RP,,0.0,1.0,1.0,13,0,0,0,0,0,1,1,,Away,고척 스카이돔,18:30,25.5,False,3,1,192cm,91kg,1997,0.0,48.6,0.0,7.5,42.9,0.0,0.0,0.9,0.0,0.0,0.0,0.286,0.0,0.136,0.183,0.0,0.0,1.0,0.0,0.0
이영하,두산,2025,2025-04-26,vs. Lotte,RP,,13.5,4.5,0.666666667,14,1,1,3,0,0,0,0,,Home,잠실 야구장,17:00,17.8,False,2,1,192cm,91kg,1997,0.0,48.6,0.0,7.5,42.9,0.0,0.0,0.9,0.0,0.0,0.0,0.286,0.0,0.136,0.183,0.0,0.0,1.0,0.0,0.0
이영하,두산,2025,2025-04-29,vs. KT,RP,,0.0,1.0,2.0,27,0,0,1,0,1,1,0,,Home,잠실 야구장,18:30,19.0,False,2,1,192cm,91kg,1997,0.0,48.6,0.0,7.5,42.9,0.0,0.0,0.9,0.0,0.0,0.0,0.286,0.0,0.136,0.183,0.0,0.0,1.0,0.0,0.0
이영하,두산,2025,2025-05-01,vs. KT,RP,,0.0,0.75,1.333333333,26,0,0,0,0,2,1,0,,Home,잠실 야구장,18:30,14.4,False,1,1,192cm,91kg,1997,0.0,48.6,0.0,7.5,42.9,0.0,0.0,0.9,0.0,0.0,0.0,0.286,0.0,0.136,0.183,0.0,0.0,1.0,0.0,0.0
이영하,두산,2025,2025-05-02,@ Samsung,RP,,0.0,0.0,0.333333333,5,0,0,0,0,0,0,0,,Away,대구 삼성 라이온즈 파크,18:30,19.1,True,0,2,192cm,91kg,1997,0.0,48.6,0.0,7.5,42.9,0.0,0.0,0.9,0.0,0.0,0.0,0.286,0.0,0.136,0.183,0.0,0.0,1.0,0.0,0.0
이영하,두산,2025,2025-05-06,vs. LG,RP,,0.0,1.0,1.0,18,0,0,1,0,1,0,0,,Home,잠실 야구장,18:30,18.6,False,3,1,192cm,91kg,1997,0.0,48.6,0.0,7.5,42.9,0.0,0.0,0.9,0.0,0.0,0.0,0.286,0.0,0.136,0.183,0.0,0.0,1.0,0.0,0.0
이영하,두산,2025,2025-05-10,vs. NC,RP,,27.0,6.0,0.333333333,11,1,1,1,0,0,1,0,,Home,잠실 야구장,17:00,11.9,False,3,1,192cm,91kg,1997,0.0,48.6,0.0,7.5,42.9,0.0,0.0,0.9,0.0,0.0,0.0,0.286,0.0,0.136,0.183,0.0,0.0,1.0,0.0,0.0
이영하,두산,2025,2025-05-13,@ Hanwha,RP,W,0.0,1.0,1.0,20,0,0,1,0,2,0,0,,Away,대전 한화생명 볼파크,18:30,24.2,False,2,1,192cm,91kg,1997,0.0,48.6,0.0,7.5,42.9,0.0,0.0,0.9,0.0,0.0,0.0,0.286,0.0,0.136,0.183,0.0,0.0,1.0,0.0,0.0
이영하,두산,2025,2025-05-17,@ Kia,RP,,13.5,1.5,0.666666667,11,1,1,0,0,0,1,0,,Away,광주 기아 챔피언스 필드,17:00,21.7,False,3,1,192cm,91kg,1997,0.0,48.6,0.0,7.5,42.9,0.0,0.0,0.9,0.0,0.0,0.0,0.286,0.0,0.136,0.183,0.0,0.0,1.0,0.0,0.0
이영하,두산,2025,2025-05-18,@ Kia,RP,,0.0,1.5,1.333333333,18,0,0,0,0,1,2,0,,Away,광주 기아 챔피언스 필드,14:00,22.9,True,0,2,192cm,91kg,1997,0.0,48.6,0.0,7.5,42.9,0.0,0.0,0.9,0.0,0.0,0.0,0.286,0.0,0.136,0.183,0.0,0.0,1.0,0.0,0.0
이영하,두산,2025,2025-05-20,vs. SSG,RP,,0.0,1.0,1.0,11,0,0,1,0,1,0,0,,Home,잠실 야구장,18:30,25.2,False,1,1,192cm,91kg,1997,0.0,48.6,0.0,7.5,42.9,0.0,0.0,0.9,0.0,0.0,0.0,0.286,0.0,0.136,0.183,0.0,0.0,1.0,0.0,0.0
이영하,두산,2025,2025-05-22,vs. SSG,RP,,0.0,0.0,1.0,7,0,0,0,0,1,0,0,,Home,잠실 야구장,18:30,26.9,False,1,1,192cm,91kg,1997,0.0,48.6,0.0,7.5,42.9,0.0,0.0,0.9,0.0,0.0,0.0,0.286,0.0,0.136,0.183,0.0,0.0,1.0,0.0,0.0
이영하,두산,2025,2025-05-23,vs. NC,RP,H,0.0,0.0,1.0,12,0,0,0,0,2,0,0,,Home,잠실 야구장,18:30,21.1,True,0,2,192cm,91kg,1997,0.0,48.6,0.0,7.5,42.9,0.0,0.0,0.9,0.0,0.0,0.0,0.286,0.0,0.136,0.183,0.0,0.0,1.0,0.0,0.0
이영하,두산,2025,2025-05-25,vs. NC,RP,H,0.0,3.0,0.666666667,11,0,0,2,0,0,0,0,,Home,잠실 야구장,14:00,22.3,False,1,1,192cm,91kg,1997,0.0,48.6,0.0,7.5,42.9,0.0,0.0,0.9,0.0,0.0,0.0,0.286,0.0,0.136,0.183,0.0,0.0,1.0,0.0,0.0
이영하,두산,2025,2025-05-27,@ KT,RP,,0.0,0.0,1.0,11,0,0,0,0,1,0,0,,Away,수원 KT 위즈파크,18:30,22.9,False,1,1,192cm,91kg,1997,0.0,48.6,0.0,7.5,42.9,0.0,0.0,0.9,0.0,0.0,0.0,0.286,0.0,0.136,0.183,0.0,0.0,1.0,0.0,0.0
이영하,두산,2025,2025-05-30,@ Kiwoom,RP,W,0.0,0.0,1.333333333,12,0,0,0,0,1,0,0,,Away,고척 스카이돔,18:30,25.5,False,2,1,192cm,91kg,1997,0.0,48.6,0.0,7.5,42.9,0.0,0.0,0.9,0.0,0.0,0.0,0.286,0.0,0.136,0.183,0.0,0.0,1.0,0.0,0.0
이영하,두산,2025,2025-06-04,vs. Kia,RP,L,18.0,2.0,1.0,20,2,2,1,1,2,1,0,,Home,잠실 야구장,18:30,22.5,False,4,1,192cm,91kg,1997,0.0,48.6,0.0,7.5,42.9,0.0,0.0,0.9,0.0,0.0,0.0,0.286,0.0,0.136,0.183,0.0,0.0,1.0,0.0,0.0
이영하,두산,2025,2025-06-05,vs. Kia,RP,,0.0,3.0,0.333333333,5,0,0,0,0,0,1,0,,Home,잠실 야구장,18:30,23.9,True,0,2,192cm,91kg,1997,0.0,48.6,0.0,7.5,42.9,0.0,0.0,0.9,0.0,0.0,0.0,0.286,0.0,0.136,0.183,0.0,0.0,1.0,0.0,0.0
이영하,두산,2025,2025-06-06,vs. Lotte,RP,,54.0,6.0,0.333333333,17,2,2,1,1,1,1,0,,Home,잠실 야구장,18:30,25.4,True,0,3,192cm,91kg,1997,0.0,48.6,0.0,7.5,42.9,0.0,0.0,0.9,0.0,0.0,0.0,0.286,0.0,0.136,0.183,0.0,0.0,1.0,0.0,0.0
이영하,두산,2025,2025-06-08,vs. Lotte,RP,,0.0,0.0,1.0,11,0,0,0,0,1,0,0,,Home,잠실 야구장,17:00,28.5,False,1,1,192cm,91kg,1997,0.0,48.6,0.0,7.5,42.9,0.0,0.0,0.9,0.0,0.0,0.0,0.286,0.0,0.136,0.183,0.0,0.0,1.0,0.0,0.0
이영하,두산,2025,2025-06-14,vs. Kiwoom,RP,H,0.0,0.0,1.0,11,0,0,0,0,2,0,0,,Home,잠실 야구장,17:00,31.4,False,5,1,192cm,91kg,1997,0.0,48.6,0.0,7.5,42.9,0.0,0.0,0.9,0.0,0.0,0.0,0.286,0.0,0.136,0.183,0.0,0.0,1.0,0.0,0.0
이영하,두산,2025,2025-06-18,@ Samsung,RP,H,0.0,0.0,1.0,7,0,0,0,0,1,0,0,,Away,대구 삼성 라이온즈 파크,18:30,23.1,False,3,1,192cm,91kg,1997,0.0,48.6,0.0,7.5,42.9,0.0,0.0,0.9,0.0,0.0,0.0,0.286,0.0,0.136,0.183,0.0,0.0,1.0,0.0,0.0
이영하,두산,2025,2025-06-19,@ Samsung,RP,W,4.5,2.5,2.0,33,1,1,3,0,1,2,0,,Away,대구 삼성 라이온즈 파크,18:30,27.6,True,0,2,192cm,91kg,1997,0.0,48.6,0.0,7.5,42.9,0.0,0.0,0.9,0.0,0.0,0.0,0.286,0.0,0.136,0.183,0.0,0.0,1.0,0.0,0.0
이영하,두산,2025,2025-06-21,@ LG,RP,H,0.0,1.0,1.0,19,0,0,0,0,2,1,0,,Away,잠실 야구장,17:00,25.6,False,1,1,192cm,91kg,1997,0.0,48.6,0.0,7.5,42.9,0.0,0.0,0.9,0.0,0.0,0.0,0.286,0.0,0.136,0.183,0.0,0.0,1.0,0.0,0.0
이영하,두산,2025,2025-06-26,vs. SSG,RP,,0.0,2.0,1.0,17,0,0,1,0,1,1,0,,Home,잠실 야구장,18:30,25.9,False,4,1,192cm,91kg,1997,0.0,48.6,0.0,7.5,42.9,0.0,0.0,0.9,0.0,0.0,0.0,0.286,0.0,0.136,0.183,0.0,0.0,1.0,0.0,0.0
이영하,두산,2025,2025-06-27,@ NC,RP,,9.0,3.0,1.0,30,2,1,1,0,0,2,0,,Away,창원 NC 파크,18:30,29.0,True,0,2,192cm,91kg,1997,0.0,48.6,0.0,7.5,42.9,0.0,0.0,0.9,0.0,0.0,0.0,0.286,0.0,0.136,0.183,0.0,0.0,1.0,0.0,0.0
이영하,두산,2025,2025-06-29,@ NC,RP,H,0.0,0.0,1.0,14,0,0,0,0,2,0,1,,Away,창원 NC 파크,17:00,31.6,False,1,1,192cm,91kg,1997,0.0,48.6,0.0,7.5,42.9,0.0,0.0,0.9,0.0,0.0,0.0,0.286,0.0,0.136,0.183,0.0,0.0,1.0,0.0,0.0
이영하,두산,2025,2025-07-02,vs. Samsung,RP,H,0.0,0.0,1.666666667,19,0,0,0,0,3,0,0,,Home,잠실 야구장,18:30,31.3,False,2,1,192cm,91kg,1997,0.0,48.6,0.0,7.5,42.9,0.0,0.0,0.9,0.0,0.0,0.0,0.286,0.0,0.136,0.183,0.0,0.0,1.0,0.0,0.0
이영하,두산,2025,2025-07-03,vs. Samsung,RP,,0.0,3.0,0.666666667,14,1,0,1,0,0,1,0,,Home,잠실 야구장,18:30,31.2,True,0,2,192cm,91kg,1997,0.0,48.6,0.0,7.5,42.9,0.0,0.0,0.9,0.0,0.0,0.0,0.286,0.0,0.136,0.183,0.0,0.0,1.0,0.0,0.0
이영하,두산,2025,2025-07-05,vs. KT,RP,,9.0,2.0,1.0,21,1,1,2,0,2,0,0,,Home,잠실 야구장,18:00,31.6,False,1,1,192cm,91kg,1997,0.0,48.6,0.0,7.5,42.9,0.0,0.0,0.9,0.0,0.0,0.0,0.286,0.0,0.136,0.183,0.0,0.0,1.0,0.0,0.0
이영하,두산,2025,2025-07-06,vs. KT,RP,,0.0,0.0,1.0,12,0,0,0,0,1,0,0,,Home,잠실 야구장,17:00,32.5,True,0,2,192cm,91kg,1997,0.0,48.6,0.0,7.5,42.9,0.0,0.0,0.9,0.0,0.0,0.0,0.286,0.0,0.136,0.183,0.0,0.0,1.0,0.0,0.0
이영하,두산,2025,2025-07-09,@ Lotte,RP,,0.0,1.0,1.0,18,0,0,1,0,0,0,0,,Away,사직 야구장,18:30,29.7,False,2,1,192cm,91kg,1997,0.0,48.6,0.0,7.5,42.9,0.0,0.0,0.9,0.0,0.0,0.0,0.286,0.0,0.136,0.183,0.0,0.0,1.0,0.0,0.0
이정용,LG,2025,2025-06-18,vs. NC,RP,H,0.0,2.0,1.0,18,0,0,0,0,1,2,0,,Home,잠실 야구장,18:30,28.4,False,0,1,185cm,83kg,1996,0.0,38.6,0.0,19.9,18.7,0.0,0.0,22.9,0.0,0.0,0.0,0.357,0.0,0.143,0.0,0.0,0.0,0.167,0.0,0.0
이정용,LG,2025,2025-06-21,vs. Doosan,RP,,0.0,0.0,1.0,10,0,0,0,0,0,0,0,,Home,잠실 야구장,17:00,25.6,False,2,1,185cm,83kg,1996,0.0,38.6,0.0,19.9,18.7,0.0,0.0,22.9,0.0,0.0,0.0,0.357,0.0,0.143,0.0,0.0,0.0,0.167,0.0,0.0
이정용,LG,2025,2025-06-26,@ KT,RP,W,0.0,1.0,1.0,13,0,0,1,0,1,0,0,,Away,수원 KT 위즈파크,18:30,25.8,False,4,1,185cm,83kg,1996,0.0,38.6,0.0,19.9,18.7,0.0,0.0,22.9,0.0,0.0,0.0,0.357,0.0,0.143,0.0,0.0,0.0,0.167,0.0,0.0
이정용,LG,2025,2025-06-27,vs. Kia,RP,H,0.0,0.0,0.666666667,9,0,0,0,0,1,0,0,,Home,잠실 야구장,18:30,29.9,True,0,2,185cm,83kg,1996,0.0,38.6,0.0,19.9,18.7,0.0,0.0,22.9,0.0,0.0,0.0,0.357,0.0,0.143,0.0,0.0,0.0,0.167,0.0,0.0
이정용,LG,2025,2025-06-29,vs. Kia,RP,,16.2,1.8,1.666666667,26,3,3,2,0,1,1,0,,Home,잠실 야구장,17:00,31.1,False,1,1,185cm,83kg,1996,0.0,38.6,0.0,19.9,18.7,0.0,0.0,22.9,0.0,0.0,0.0,0.357,0.0,0.143,0.0,0.0,0.0,0.167,0.0,0.0
이정용,LG,2025,2025-07-01,@ Lotte,RP,W,0.0,0.5,2.0,12,0,0,1,0,0,0,0,,Away,사직 야구장,18:30,29.8,False,1,1,185cm,83kg,1996,0.0,38.6,0.0,19.9,18.7,0.0,0.0,22.9,0.0,0.0,0.0,0.357,0.0,0.143,0.0,0.0,0.0,0.167,0.0,0.0
이정용,LG,2025,2025-07-03,@ Lotte,RP,,0.0,0.0,1.0,10,0,0,0,0,1,0,0,,Away,사직 야구장,18:30,29.8,False,1,1,185cm,83kg,1996,0.0,38.6,0.0,19.9,18.7,0.0,0.0,22.9,0.0,0.0,0.0,0.357,0.0,0.143,0.0,0.0,0.0,0.167,0.0,0.0
이정용,LG,2025,2025-07-05,@ Samsung,RP,L,27.0,9.0,0.333333333,27,1,1,1,0,0,2,0,,Away,대구 삼성 라이온즈 파크,18:00,30.5,False,1,1,185cm,83kg,1996,0.0,38.6,0.0,19.9,18.7,0.0,0.0,22.9,0.0,0.0,0.0,0.357,0.0,0.143,0.0,0.0,0.0,0.167,0.0,0.0
이정용,LG,2025,2025-07-06,@ Samsung,RP,H,0.0,6.0,0.333333333,13,0,0,2,0,0,0,0,,Away,대구 삼성 라이온즈 파크,17:00,29.9,True,0,2,185cm,83kg,1996,0.0,38.6,0.0,19.9,18.7,0.0,0.0,22.9,0.0,0.0,0.0,0.357,0.0,0.143,0.0,0.0,0.0,0.167,0.0,0.0
이정용,LG,2025,2025-07-08,vs. Kiwoom,RP,H,0.0,0.0,1.0,10,0,0,0,0,1,0,0,,Home,잠실 야구장,18:30,36.2,False,1,1,185cm,83kg,1996,0.0,38.6,0.0,19.9,18.7,0.0,0.0,22.9,0.0,0.0,0.0,0.357,0.0,0.143,0.0,0.0,0.0,0.167,0.0,0.0
이정용,LG,2025,2025-07-09,vs. Kiwoom,RP,,9.0,1.0,1.0,18,1,1,1,1,0,0,0,,Home,잠실 야구장,18:30,34.5,True,0,2,185cm,83kg,1996,0.0,38.6,0.0,19.9,18.7,0.0,0.0,22.9,0.0,0.0,0.0,0.357,0.0,0.143,0.0,0.0,0.0,0.167,0.0,0.0
이준영,KIA,2025,2025-03-23,vs. NC,RP,,0.0,1.5,0.666666667,15,0,0,1,0,0,0,0,,Home,광주 기아 챔피언스 필드,14:00,23.6,False,0,1,177cm,85kg,1992,0.0,28.1,0.0,1.4,70.5,0.0,0.0,0.0,0.0,0.0,0.0,0.471,0.0,0.0,0.25,0.0,0.0,0.0,0.0,0.0
이준영,KIA,2025,2025-03-25,vs. Kiwoom,RP,,27.0,6.0,0.666666667,15,2,2,3,0,0,1,0,,Home,광주 기아 챔피언스 필드,18:30,19.9,False,1,1,177cm,85kg,1992,0.0,28.1,0.0,1.4,70.5,0.0,0.0,0.0,0.0,0.0,0.0,0.471,0.0,0.0,0.25,0.0,0.0,0.0,0.0,0.0
이준영,KIA,2025,2025-03-26,vs. Kiwoom,RP,,0.0,1.0,1.0,11,0,0,1,0,0,0,0,,Home,광주 기아 챔피언스 필드,18:30,23.3,True,0,2,177cm,85kg,1992,0.0,28.1,0.0,1.4,70.5,0.0,0.0,0.0,0.0,0.0,0.0,0.471,0.0,0.0,0.25,0.0,0.0,0.0,0.0,0.0
이준영,KIA,2025,2025-03-28,@ Hanwha,RP,,0.0,3.0,0.333333333,5,0,0,1,0,1,0,0,,Away,대전 한화생명 볼파크,18:30,6.4,False,1,1,177cm,85kg,1992,0.0,28.1,0.0,1.4,70.5,0.0,0.0,0.0,0.0,0.0,0.0,0.471,0.0,0.0,0.25,0.0,0.0,0.0,0.0,0.0
이준영,KIA,2025,2025-04-04,@ LG,RP,,9.0,2.0,1.0,15,1,1,2,0,1,0,0,,Away,잠실 야구장,18:30,13.4,False,6,1,177cm,85kg,1992,0.0,28.1,0.0,1.4,70.5,0.0,0.0,0.0,0.0,0.0,0.0,0.471,0.0,0.0,0.25,0.0,0.0,0.0,0.0,0.0
이준영,KIA,2025,2025-04-10,@ Lotte,RP,,0.0,1.5,0.666666667,13,0,0,1,0,2,0,0,,Away,사직 야구장,18:30,14.9,False,5,1,177cm,85kg,1992,0.0,28.1,0.0,1.4,70.5,0.0,0.0,0.0,0.0,0.0,0.0,0.471,0.0,0.0,0.25,0.0,0.0,0.0,0.0,0.0
이준영,KIA,2025,2025-04-11,vs. SSG,RP,,0.0,0.0,1.0,11,0,0,0,0,2,0,0,,Home,광주 기아 챔피언스 필드,18:30,20.6,True,0,2,177cm,85kg,1992,0.0,28.1,0.0,1.4,70.5,0.0,0.0,0.0,0.0,0.0,0.0,0.471,0.0,0.0,0.25,0.0,0.0,0.0,0.0,0.0
이준영,KIA,2025,2025-04-16,vs. KT,RP,,0.0,,0.0,11,0,0,1,0,0,1,0,,Home,광주 기아 챔피언스 필드,18:30,21.7,False,4,1,177cm,85kg,1992,0.0,28.1,0.0,1.4,70.5,0.0,0.0,0.0,0.0,0.0,0.0,0.471,0.0,0.0,0.25,0.0,0.0,0.0,0.0,0.0
이준영,KIA,2025,2025-04-18,@ Doosan,RP,,0.0,1.5,0.666666667,10,0,0,1,0,0,0,0,,Away,잠실 야구장,18:30,22.4,False,1,1,177cm,85kg,1992,0.0,28.1,0.0,1.4,70.5,0.0,0.0,0.0,0.0,0.0,0.0,0.471,0.0,0.0,0.25,0.0,0.0,0.0,0.0,0.0
이준영,KIA,2025,2025-04-23,@ Samsung,RP,,0.0,0.0,1.333333333,13,0,0,0,0,1,0,0,,Away,대구 삼성 라이온즈 파크,18:30,13.9,False,4,1,177cm,85kg,1992,0.0,28.1,0.0,1.4,70.5,0.0,0.0,0.0,0.0,0.0,0.0,0.471,0.0,0.0,0.25,0.0,0.0,0.0,0.0,0.0
이준영,KIA,2025,2025-04-25,vs. LG,RP,,0.0,,0.0,6,0,0,0,0,0,1,0,,Home,광주 기아 챔피언스 필드,18:30,16.2,False,1,1,177cm,85kg,1992,0.0,28.1,0.0,1.4,70.5,0.0,0.0,0.0,0.0,0.0,0.0,0.471,0.0,0.0,0.25,0.0,0.0,0.0,0.0,0.0
이준영,KIA,2025,2025-04-26,vs. LG,RP,,9.0,1.0,1.0,23,1,1,1,1,3,0,0,,Home,광주 기아 챔피언스 필드,17:00,21.9,True,0,2,177cm,85kg,1992,0.0,28.1,0.0,1.4,70.5,0.0,0.0,0.0,0.0,0.0,0.0,0.471,0.0,0.0,0.25,0.0,0.0,0.0,0.0,0.0
이준영,KIA,2025,2025-04-30,vs. NC,RP,,0.0,0.0,0.333333333,3,0,0,0,0,1,0,0,,Home,광주 기아 챔피언스 필드,18:30,23.0,False,3,1,177cm,85kg,1992,0.0,28.1,0.0,1.4,70.5,0.0,0.0,0.0,0.0,0.0,0.0,0.471,0.0,0.0,0.25,0.0,0.0,0.0,0.0,0.0
이준영,KIA,2025,2025-05-04,vs. Hanwha,RP,,0.0,0.0,0.333333333,2,0,0,0,0,0,0,0,,Home,광주 기아 챔피언스 필드,14:00,20.3,False,3,1,177cm,85kg,1992,0.0,28.1,0.0,1.4,70.5,0.0,0.0,0.0,0.0,0.0,0.0,0.471,0.0,0.0,0.25,0.0,0.0,0.0,0.0,0.0
이준영,KIA,2025,2025-05-06,@ Kiwoom,RP,W,0.0,0.0,0.666666667,2,0,0,0,0,0,0,0,,Away,고척 스카이돔,18:30,25.5,False,1,1,177cm,85kg,1992,0.0,28.1,0.0,1.4,70.5,0.0,0.0,0.0,0.0,0.0,0.0,0.471,0.0,0.0,0.25,0.0,0.0,0.0,0.0,0.0
이준영,KIA,2025,2025-05-07,@ Kiwoom,RP,,27.0,3.0,0.333333333,7,1,1,1,1,0,0,0,,Away,고척 스카이돔,18:30,25.5,True,0,2,177cm,85kg,1992,0.0,28.1,0.0,1.4,70.5,0.0,0.0,0.0,0.0,0.0,0.0,0.471,0.0,0.0,0.25,0.0,0.0,0.0,0.0,0.0
이준영,KIA,2025,2025-05-10,@ SSG,RP,,0.0,,0.0,5,1,1,2,0,0,0,0,,Away,인천 SSG 랜더스필드,17:00,11.6,False,2,1,177cm,85kg,1992,0.0,28.1,0.0,1.4,70.5,0.0,0.0,0.0,0.0,0.0,0.0,0.471,0.0,0.0,0.25,0.0,0.0,0.0,0.0,0.0
이준영,KIA,2025,2025-05-11,@ SSG,RP,,0.0,0.0,0.666666667,9,0,0,0,0,1,0,0,,Away,인천 SSG 랜더스필드,14:00,16.8,True,0,2,177cm,85kg,1992,0.0,28.1,0.0,1.4,70.5,0.0,0.0,0.0,0.0,0.0,0.0,0.471,0.0,0.0,0.25,0.0,0.0,0.0,0.0,0.0
이준영,KIA,2025,2025-05-13,vs. Lotte,RP,H,0.0,0.0,0.333333333,2,0,0,0,0,0,0,0,,Home,광주 기아 챔피언스 필드,18:30,24.9,False,1,1,177cm,85kg,1992,0.0,28.1,0.0,1.4,70.5,0.0,0.0,0.0,0.0,0.0,0.0,0.471,0.0,0.0,0.25,0.0,0.0,0.0,0.0,0.0
이준영,KIA,2025,2025-05-15,vs. Lotte,RP,H,0.0,0.0,0.333333333,4,0,0,0,0,1,0,0,,Home,광주 기아 챔피언스 필드,18:30,21.6,False,1,1,177cm,85kg,1992,0.0,28.1,0.0,1.4,70.5,0.0,0.0,0.0,0.0,0.0,0.0,0.471,0.0,0.0,0.25,0.0,0.0,0.0,0.0,0.0
이준영,KIA,2025,2025-05-17,vs. Doosan,RP,H,0.0,0.0,0.666666667,7,0,0,0,0,1,0,0,,Home,광주 기아 챔피언스 필드,17:00,21.7,False,1,1,177cm,85kg,1992,0.0,28.1,0.0,1.4,70.5,0.0,0.0,0.0,0.0,0.0,0.0,0.471,0.0,0.0,0.25,0.0,0.0,0.0,0.0,0.0
이준영,KIA,2025,2025-05-17,vs. Doosan,RP,H,0.0,0.0,0.333333333,2,0,0,0,0,0,0,0,,Home,광주 기아 챔피언스 필드,17:00,21.7,False,-1,1,177cm,85kg,1992,0.0,28.1,0.0,1.4,70.5,0.0,0.0,0.0,0.0,0.0,0.0,0.471,0.0,0.0,0.25,0.0,0.0,0.0,0.0,0.0
이준영,KIA,2025,2025-05-21,@ KT,RP,,9.0,2.0,1.0,18,1,1,2,0,0,0,0,,Away,수원 KT 위즈파크,18:30,26.8,False,3,1,177cm,85kg,1992,0.0,28.1,0.0,1.4,70.5,0.0,0.0,0.0,0.0,0.0,0.0,0.471,0.0,0.0,0.25,0.0,0.0,0.0,0.0,0.0
이준영,KIA,2025,2025-05-24,@ Samsung,RP,,0.0,0.75,1.333333333,23,0,0,0,0,1,1,0,,Away,대구 삼성 라이온즈 파크,17:00,14.5,False,2,1,177cm,85kg,1992,0.0,28.1,0.0,1.4,70.5,0.0,0.0,0.0,0.0,0.0,0.0,0.471,0.0,0.0,0.25,0.0,0.0,0.0,0.0,0.0
이준영,KIA,2025,2025-05-25,@ Samsung,RP,,0.0,0.0,1.0,14,0,0,0,0,2,0,0,,Away,대구 삼성 라이온즈 파크,14:00,19.3,True,0,2,177cm,85kg,1992,0.0,28.1,0.0,1.4,70.5,0.0,0.0,0.0,0.0,0.0,0.0,0.471,0.0,0.0,0.25,0.0,0.0,0.0,0.0,0.0
이준영,KIA,2025,2025-05-27,vs. Kiwoom,RP,W,0.0,1.0,1.0,10,0,0,1,0,0,0,0,,Home,광주 기아 챔피언스 필드,18:30,24.9,False,1,1,177cm,85kg,1992,0.0,28.1,0.0,1.4,70.5,0.0,0.0,0.0,0.0,0.0,0.0,0.471,0.0,0.0,0.25,0.0,0.0,0.0,0.0,0.0
이준영,KIA,2025,2025-05-28,vs. Kiwoom,RP,,0.0,1.5,0.666666667,15,0,0,0,0,1,1,0,,Home,광주 기아 챔피언스 필드,18:30,26.5,True,0,2,177cm,85kg,1992,0.0,28.1,0.0,1.4,70.5,0.0,0.0,0.0,0.0,0.0,0.0,0.471,0.0,0.0,0.25,0.0,0.0,0.0,0.0,0.0
이준영,KIA,2025,2025-05-30,@ KT,RP,,0.0,1.5,0.666666667,6,0,0,0,0,0,1,0,,Away,수원 KT 위즈파크,18:30,24.2,False,1,1,177cm,85kg,1992,0.0,28.1,0.0,1.4,70.5,0.0,0.0,0.0,0.0,0.0,0.0,0.471,0.0,0.0,0.25,0.0,0.0,0.0,0.0,0.0
이준영,KIA,2025,2025-05-31,@ KT,RP,,0.0,,0.0,5,1,1,1,0,0,0,0,,Away,수원 KT 위즈파크,17:00,22.8,True,0,2,177cm,85kg,1992,0.0,28.1,0.0,1.4,70.5,0.0,0.0,0.0,0.0,0.0,0.0,0.471,0.0,0.0,0.25,0.0,0.0,0.0,0.0,0.0
이준영,KIA,2025,2025-06-04,@ Doosan,RP,H,0.0,0.0,1.0,18,0,0,0,0,2,0,0,,Away,잠실 야구장,18:30,22.5,False,3,1,177cm,85kg,1992,0.0,28.1,0.0,1.4,70.5,0.0,0.0,0.0,0.0,0.0,0.0,0.471,0.0,0.0,0.25,0.0,0.0,0.0,0.0,0.0
이준영,KIA,2025,2025-06-06,vs. Hanwha,RP,H,0.0,0.0,1.0,6,0,0,0,0,0,0,0,,Home,광주 기아 챔피언스 필드,18:30,22.6,False,1,1,177cm,85kg,1992,0.0,28.1,0.0,1.4,70.5,0.0,0.0,0.0,0.0,0.0,0.0,0.471,0.0,0.0,0.25,0.0,0.0,0.0,0.0,0.0
이준영,KIA,2025,2025-06-07,vs. Hanwha,RP,,0.0,6.0,0.333333333,15,0,0,1,0,0,1,0,,Home,광주 기아 챔피언스 필드,17:00,27.2,True,0,2,177cm,85kg,1992,0.0,28.1,0.0,1.4,70.5,0.0,0.0,0.0,0.0,0.0,0.0,0.471,0.0,0.0,0.25,0.0,0.0,0.0,0.0,0.0
이준영,KIA,2025,2025-06-11,vs. Samsung,RP,W,0.0,3.0,0.333333333,16,0,0,1,0,0,0,0,,Home,광주 기아 챔피언스 필드,18:30,27.1,False,3,1,177cm,85kg,1992,0.0,28.1,0.0,1.4,70.5,0.0,0.0,0.0,0.0,0.0,0.0,0.471,0.0,0.0,0.25,0.0,0.0,0.0,0.0,0.0
이준영,KIA,2025,2025-06-12,vs. Samsung,RP,,0.0,1.0,1.0,10,0,0,1,0,1,0,0,,Home,광주 기아 챔피언스 필드,18:30,26.3,True,0,2,177cm,85kg,1992,0.0,28.1,0.0,1.4,70.5,0.0,0.0,0.0,0.0,0.0,0.0,0.471,0.0,0.0,0.25,0.0,0.0,0.0,0.0,0.0
이준영,KIA,2025,2025-06-15,@ NC,RP,,0.0,,0.0,7,1,1,1,1,0,1,0,,Away,창원 NC 파크,17:00,28.6,False,2,1,177cm,85kg,1992,0.0,28.1,0.0,1.4,70.5,0.0,0.0,0.0,0.0,0.0,0.0,0.471,0.0,0.0,0.25,0.0,0.0,0.0,0.0,0.0
이준영,KIA,2025,2025-07-09,@ Hanwha,RP,,54.0,6.0,0.333333333,12,2,2,2,0,0,0,0,,Away,대전 한화생명 볼파크,18:30,32.1,False,23,1,177cm,85kg,1992,0.0,28.1,0.0,1.4,70.5,0.0,0.0,0.0,0.0,0.0,0.0,0.471,0.0,0.0,0.25,0.0,0.0,0.0,0.0,0.0
이준우,키움,2025,2025-05-03,@ KT,RP,,0.0,2.0,1.0,17,0,0,1,0,0,1,0,,Away,수원 KT 위즈파크,17:00,12.2,False,0,1,183cm,93kg,2001,0.0,48.7,0.0,22.2,28.1,0.2,0.0,0.0,0.0,0.0,0.0,0.395,0.0,0.238,0.31,0.0,0.0,0.0,0.0,0.0
이준우,키움,2025,2025-05-05,vs. Kia,RP,,0.0,1.0,1.0,16,0,0,1,0,1,0,0,,Home,고척 스카이돔,14:00,25.5,False,1,1,183cm,93kg,2001,0.0,48.7,0.0,22.2,28.1,0.2,0.0,0.0,0.0,0.0,0.0,0.395,0.0,0.238,0.31,0.0,0.0,0.0,0.0,0.0
이준우,키움,2025,2025-05-06,vs. Kia,RP,,0.0,0.0,1.0,13,0,0,0,0,0,0,0,,Home,고척 스카이돔,18:30,25.5,True,0,2,183cm,93kg,2001,0.0,48.7,0.0,22.2,28.1,0.2,0.0,0.0,0.0,0.0,0.0,0.395,0.0,0.238,0.31,0.0,0.0,0.0,0.0,0.0
이준우,키움,2025,2025-05-07,vs. Kia,RP,,0.0,3.0,0.666666667,13,0,0,1,0,0,1,0,,Home,고척 스카이돔,18:30,25.5,True,0,3,183cm,93kg,2001,0.0,48.7,0.0,22.2,28.1,0.2,0.0,0.0,0.0,0.0,0.0,0.395,0.0,0.238,0.31,0.0,0.0,0.0,0.0,0.0
이준우,키움,2025,2025-05-09,vs. Hanwha,RP,,27.0,6.0,0.333333333,15,1,1,2,0,1,0,0,,Home,고척 스카이돔,18:30,25.5,False,1,1,183cm,93kg,2001,0.0,48.7,0.0,22.2,28.1,0.2,0.0,0.0,0.0,0.0,0.0,0.395,0.0,0.238,0.31,0.0,0.0,0.0,0.0,0.0
이준우,키움,2025,2025-05-11,vs. Hanwha,RP,,0.0,2.0,1.0,10,0,0,2,0,0,0,0,,Home,고척 스카이돔,14:00,25.5,False,1,1,183cm,93kg,2001,0.0,48.7,0.0,22.2,28.1,0.2,0.0,0.0,0.0,0.0,0.0,0.395,0.0,0.238,0.31,0.0,0.0,0.0,0.0,0.0
이준우,키움,2025,2025-05-13,@ LG,RP,L,9.0,1.0,1.0,14,1,1,1,1,1,0,0,,Away,잠실 야구장,18:30,24.6,False,1,1,183cm,93kg,2001,0.0,48.7,0.0,22.2,28.1,0.2,0.0,0.0,0.0,0.0,0.0,0.395,0.0,0.238,0.31,0.0,0.0,0.0,0.0,0.0
이준우,키움,2025,2025-05-17,@ NC,RP,L,13.5,3.0,0.666666667,15,1,1,0,0,0,2,0,,Away,창원 NC 파크,17:00,22.5,False,3,1,183cm,93kg,2001,0.0,48.7,0.0,22.2,28.1,0.2,0.0,0.0,0.0,0.0,0.0,0.395,0.0,0.238,0.31,0.0,0.0,0.0,0.0,0.0
이준우,키움,2025,2025-05-18,@ NC,RP,,0.0,1.0,1.0,18,0,0,1,0,1,0,0,,Away,창원 NC 파크,14:00,20.6,True,0,2,183cm,93kg,2001,0.0,48.7,0.0,22.2,28.1,0.2,0.0,0.0,0.0,0.0,0.0,0.395,0.0,0.238,0.31,0.0,0.0,0.0,0.0,0.0
이준우,키움,2025,2025-05-20,vs. Samsung,RP,,0.0,0.0,1.0,13,0,0,0,0,2,0,0,,Home,고척 스카이돔,18:30,25.5,False,1,1,183cm,93kg,2001,0.0,48.7,0.0,22.2,28.1,0.2,0.0,0.0,0.0,0.0,0.0,0.395,0.0,0.238,0.31,0.0,0.0,0.0,0.0,0.0
이준우,키움,2025,2025-05-22,vs. Samsung,RP,,0.0,,0.0,8,0,0,0,0,0,2,0,,Home,고척 스카이돔,18:30,25.5,False,1,1,183cm,93kg,2001,0.0,48.7,0.0,22.2,28.1,0.2,0.0,0.0,0.0,0.0,0.0,0.395,0.0,0.238,0.31,0.0,0.0,0.0,0.0,0.0
이준우,키움,2025,2025-05-23,vs. KT,RP,,0.0,1.0,1.0,17,0,0,1,0,1,0,0,,Home,고척 스카이돔,18:30,25.5,True,0,2,183cm,93kg,2001,0.0,48.7,0.0,22.2,28.1,0.2,0.0,0.0,0.0,0.0,0.0,0.395,0.0,0.238,0.31,0.0,0.0,0.0,0.0,0.0
이준우,키움,2025,2025-05-25,vs. KT,RP,,27.0,6.0,0.333333333,15,1,1,1,0,1,1,0,,Home,고척 스카이돔,14:00,25.5,False,1,1,183cm,93kg,2001,0.0,48.7,0.0,22.2,28.1,0.2,0.0,0.0,0.0,0.0,0.0,0.395,0.0,0.238,0.31,0.0,0.0,0.0,0.0,0.0
이준우,키움,2025,2025-05-27,@ Kia,RP,,0.0,0.0,1.0,13,0,0,0,0,1,0,0,,Away,광주 기아 챔피언스 필드,18:30,24.9,False,1,1,183cm,93kg,2001,0.0,48.7,0.0,22.2,28.1,0.2,0.0,0.0,0.0,0.0,0.0,0.395,0.0,0.238,0.31,0.0,0.0,0.0,0.0,0.0
이준우,키움,2025,2025-05-28,@ Kia,RP,,27.0,6.0,0.333333333,17,1,1,2,0,1,0,1,,Away,광주 기아 챔피언스 필드,18:30,26.5,True,0,2,183cm,93kg,2001,0.0,48.7,0.0,22.2,28.1,0.2,0.0,0.0,0.0,0.0,0.0,0.395,0.0,0.238,0.31,0.0,0.0,0.0,0.0,0.0
이준우,키움,2025,2025-05-30,vs. Doosan,RP,H,0.0,0.0,1.0,13,0,0,0,0,1,0,0,,Home,고척 스카이돔,18:30,25.5,False,1,1,183cm,93kg,2001,0.0,48.7,0.0,22.2,28.1,0.2,0.0,0.0,0.0,0.0,0.0,0.395,0.0,0.238,0.31,0.0,0.0,0.0,0.0,0.0
이준우,키움,2025,2025-06-01,vs. Doosan,RP,H,0.0,1.5,0.666666667,11,0,0,1,0,1,0,0,,Home,고척 스카이돔,14:00,25.5,False,1,1,183cm,93kg,2001,0.0,48.7,0.0,22.2,28.1,0.2,0.0,0.0,0.0,0.0,0.0,0.395,0.0,0.238,0.31,0.0,0.0,0.0,0.0,0.0
이준우,키움,2025,2025-06-04,@ Lotte,RP,,54.0,9.0,0.333333333,10,2,2,3,0,0,0,0,,Away,사직 야구장,18:30,24.3,False,2,1,183cm,93kg,2001,0.0,48.7,0.0,22.2,28.1,0.2,0.0,0.0,0.0,0.0,0.0,0.395,0.0,0.238,0.31,0.0,0.0,0.0,0.0,0.0
이준우,키움,2025,2025-06-05,@ Lotte,RP,,0.0,0.0,0.333333333,4,0,0,0,0,1,0,0,,Away,사직 야구장,18:30,20.9,True,0,2,183cm,93kg,2001,0.0,48.7,0.0,22.2,28.1,0.2,0.0,0.0,0.0,0.0,0.0,0.395,0.0,0.238,0.31,0.0,0.0,0.0,0.0,0.0
이준우,키움,2025,2025-06-06,vs. LG,RP,,0.0,1.0,1.0,15,0,0,1,0,0,0,0,,Home,고척 스카이돔,18:30,25.5,True,0,3,183cm,93kg,2001,0.0,48.7,0.0,22.2,28.1,0.2,0.0,0.0,0.0,0.0,0.0,0.395,0.0,0.238,0.31,0.0,0.0,0.0,0.0,0.0
이준우,키움,2025,2025-06-08,vs. LG,RP,,40.5,4.5,0.666666667,22,3,3,3,1,1,0,0,,Home,고척 스카이돔,14:00,25.5,False,1,1,183cm,93kg,2001,0.0,48.7,0.0,22.2,28.1,0.2,0.0,0.0,0.0,0.0,0.0,0.395,0.0,0.238,0.31,0.0,0.0,0.0,0.0,0.0
이준우,키움,2025,2025-06-24,vs. Kia,RP,W,9.0,1.0,1.0,10,1,1,1,1,1,0,0,,Home,고척 스카이돔,18:30,25.5,False,15,1,183cm,93kg,2001,0.0,48.7,0.0,22.2,28.1,0.2,0.0,0.0,0.0,0.0,0.0,0.395,0.0,0.238,0.31,0.0,0.0,0.0,0.0,0.0
이준우,키움,2025,2025-06-26,vs. Kia,RP,,0.0,2.0,1.0,28,0,0,2,0,2,0,0,,Home,고척 스카이돔,18:30,25.5,False,1,1,183cm,93kg,2001,0.0,48.7,0.0,22.2,28.1,0.2,0.0,0.0,0.0,0.0,0.0,0.395,0.0,0.238,0.31,0.0,0.0,0.0,0.0,0.0
이준우,키움,2025,2025-06-28,vs. Samsung,RP,,0.0,0.6,1.666666667,19,0,0,1,0,1,0,0,,Home,고척 스카이돔,17:00,25.5,False,1,1,183cm,93kg,2001,0.0,48.7,0.0,22.2,28.1,0.2,0.0,0.0,0.0,0.0,0.0,0.395,0.0,0.238,0.31,0.0,0.0,0.0,0.0,0.0
이준우,키움,2025,2025-06-29,vs. Samsung,RP,H,0.0,0.0,0.333333333,3,0,0,0,0,0,0,0,,Home,고척 스카이돔,14:00,25.5,True,0,2,183cm,93kg,2001,0.0,48.7,0.0,22.2,28.1,0.2,0.0,0.0,0.0,0.0,0.0,0.395,0.0,0.238,0.31,0.0,0.0,0.0,0.0,0.0
이준우,키움,2025,2025-07-01,@ KT,RP,,9.0,1.0,1.0,16,1,1,1,1,2,0,0,,Away,수원 KT 위즈파크,18:30,31.3,False,1,1,183cm,93kg,2001,0.0,48.7,0.0,22.2,28.1,0.2,0.0,0.0,0.0,0.0,0.0,0.395,0.0,0.238,0.31,0.0,0.0,0.0,0.0,0.0
이준우,키움,2025,2025-07-05,vs. Hanwha,RP,L,27.0,4.5,0.666666667,20,2,2,2,0,0,1,0,,Home,고척 스카이돔,18:00,25.5,False,3,1,183cm,93kg,2001,0.0,48.7,0.0,22.2,28.1,0.2,0.0,0.0,0.0,0.0,0.0,0.395,0.0,0.238,0.31,0.0,0.0,0.0,0.0,0.0
이준우,키움,2025,2025-07-09,@ LG,RP,,81.0,9.0,0.333333333,17,3,3,2,1,1,1,0,,Away,잠실 야구장,18:30,34.5,False,3,1,183cm,93kg,2001,0.0,48.7,0.0,22.2,28.1,0.2,0.0,0.0,0.0,0.0,0.0,0.395,0.0,0.238,0.31,0.0,0.0,0.0,0.0,0.0
이준혁,NC,2025,2025-05-03,@ Lotte,RP,,5.4,2.4,1.666666667,28,1,1,4,1,0,0,0,,Away,사직 야구장,17:00,12.9,False,0,1,184cm,87kg,2003,0.0,34.5,0.0,14.4,44.2,6.1,0.0,0.0,0.0,0.0,0.0,0.36,0.0,0.333,0.32,0.0,0.0,0.0,0.0,0.0
이준혁,NC,2025,2025-05-05,@ KT,RP,,18.0,3.0,1.0,25,2,2,3,1,0,0,0,,Away,수원 KT 위즈파크,14:00,15.5,False,1,1,184cm,87kg,2003,0.0,34.5,0.0,14.4,44.2,6.1,0.0,0.0,0.0,0.0,0.0,0.36,0.0,0.333,0.32,0.0,0.0,0.0,0.0,0.0
이준혁,NC,2025,2025-06-01,vs. Hanwha,SP,,10.13,1.88,2.666666667,62,3,3,4,1,3,1,1,39.0,Home,창원 NC 파크,17:00,23.3,False,26,1,184cm,87kg,2003,0.0,34.5,0.0,14.4,44.2,6.1,0.0,0.0,0.0,0.0,0.0,0.36,0.0,0.333,0.32,0.0,0.0,0.0,0.0,0.0
이준혁,NC,2025,2025-06-06,@ Samsung,RP,,0.0,0.0,2.0,35,0,0,0,0,1,0,1,,Away,대구 삼성 라이온즈 파크,18:30,21.7,False,4,1,184cm,87kg,2003,0.0,34.5,0.0,14.4,44.2,6.1,0.0,0.0,0.0,0.0,0.0,0.36,0.0,0.333,0.32,0.0,0.0,0.0,0.0,0.0
이준혁,NC,2025,2025-06-12,@ Kiwoom,RP,,0.0,0.6,1.666666667,24,0,0,1,0,2,0,0,,Away,고척 스카이돔,18:30,25.5,False,5,1,184cm,87kg,2003,0.0,34.5,0.0,14.4,44.2,6.1,0.0,0.0,0.0,0.0,0.0,0.36,0.0,0.333,0.32,0.0,0.0,0.0,0.0,0.0
이준혁,NC,2025,2025-06-14,vs. Kia,RP,,9.0,1.0,2.0,41,2,2,1,0,2,1,0,,Home,창원 NC 파크,17:00,27.3,False,1,1,184cm,87kg,2003,0.0,34.5,0.0,14.4,44.2,6.1,0.0,0.0,0.0,0.0,0.0,0.36,0.0,0.333,0.32,0.0,0.0,0.0,0.0,0.0
이준혁,NC,2025,2025-06-18,@ LG,RP,,81.0,9.0,0.333333333,18,3,3,3,0,1,0,0,,Away,잠실 야구장,18:30,28.4,False,3,1,184cm,87kg,2003,0.0,34.5,0.0,14.4,44.2,6.1,0.0,0.0,0.0,0.0,0.0,0.36,0.0,0.333,0.32,0.0,0.0,0.0,0.0,0.0
이준혁,NC,2025,2025-06-21,@ KT,RP,,0.0,0.0,0.666666667,3,0,0,0,0,0,0,0,,Away,수원 KT 위즈파크,17:00,24.3,False,2,1,184cm,87kg,2003,0.0,34.5,0.0,14.4,44.2,6.1,0.0,0.0,0.0,0.0,0.0,0.36,0.0,0.333,0.32,0.0,0.0,0.0,0.0,0.0
이준혁,NC,2025,2025-06-26,vs. Lotte,RP,L,36.0,3.0,1.0,22,4,4,3,2,0,0,1,,Home,창원 NC 파크,18:30,27.7,False,4,1,184cm,87kg,2003,0.0,34.5,0.0,14.4,44.2,6.1,0.0,0.0,0.0,0.0,0.0,0.36,0.0,0.333,0.32,0.0,0.0,0.0,0.0,0.0
이준혁,NC,2025,2025-07-08,vs. Samsung,RP,W,0.0,0.5,2.0,20,0,0,1,0,2,0,0,,Home,창원 NC 파크,18:30,32.8,False,11,1,184cm,87kg,2003,0.0,34.5,0.0,14.4,44.2,6.1,0.0,0.0,0.0,0.0,0.0,0.36,0.0,0.333,0.32,0.0,0.0,0.0,0.0,0.0
이지강,LG,2025,2025-03-28,@ NC,RP,SV,0.0,0.5,2.0,26,0,0,1,0,2,0,0,,Away,창원 NC 파크,18:30,12.2,False,0,1,183cm,85kg,1999,0.0,50.5,0.9,14.5,10.9,11.5,0.0,11.2,0.0,0.0,0.0,0.31,0.5,0.19,0.313,0.25,0.0,0.059,0.0,0.0
이지강,LG,2025,2025-04-02,@ KT,RP,,2.7,0.6,3.333333333,53,1,1,2,0,4,0,0,,Away,수원 KT 위즈파크,18:30,7.9,False,4,1,183cm,85kg,1999,0.0,50.5,0.9,14.5,10.9,11.5,0.0,11.2,0.0,0.0,0.0,0.31,0.5,0.19,0.313,0.25,0.0,0.059,0.0,0.0
이지강,LG,2025,2025-04-09,@ Kiwoom,RP,,0.0,1.2,1.666666667,28,0,0,1,0,1,1,0,,Away,고척 스카이돔,18:30,25.5,False,6,1,183cm,85kg,1999,0.0,50.5,0.9,14.5,10.9,11.5,0.0,11.2,0.0,0.0,0.0,0.31,0.5,0.19,0.313,0.25,0.0,0.059,0.0,0.0
이지강,LG,2025,2025-04-12,vs. Doosan,RP,H,0.0,0.0,0.666666667,12,0,0,0,0,2,0,0,,Home,잠실 야구장,17:00,17.1,False,2,1,183cm,85kg,1999,0.0,50.5,0.9,14.5,10.9,11.5,0.0,11.2,0.0,0.0,0.0,0.31,0.5,0.19,0.313,0.25,0.0,0.059,0.0,0.0
이지강,LG,2025,2025-04-13,vs. Doosan,RP,,9.0,2.0,1.0,17,1,1,1,1,0,1,0,,Home,잠실 야구장,14:00,-0.1,True,0,2,183cm,85kg,1999,0.0,50.5,0.9,14.5,10.9,11.5,0.0,11.2,0.0,0.0,0.0,0.31,0.5,0.19,0.313,0.25,0.0,0.059,0.0,0.0
이지강,LG,2025,2025-04-16,vs. Samsung,RP,,0.0,0.0,1.0,14,0,0,0,0,1,0,0,,Home,잠실 야구장,18:30,21.1,False,2,1,183cm,85kg,1999,0.0,50.5,0.9,14.5,10.9,11.5,0.0,11.2,0.0,0.0,0.0,0.31,0.5,0.19,0.313,0.25,0.0,0.059,0.0,0.0
이지강,LG,2025,2025-04-19,@ SSG,RP,W,13.5,3.0,2.0,54,3,3,2,0,1,4,0,,Away,인천 SSG 랜더스필드,17:00,10.9,False,2,1,183cm,85kg,1999,0.0,50.5,0.9,14.5,10.9,11.5,0.0,11.2,0.0,0.0,0.0,0.31,0.5,0.19,0.313,0.25,0.0,0.059,0.0,0.0
이지강,LG,2025,2025-04-26,@ Kia,SP,L,18.0,3.33,3.0,65,6,6,8,2,1,2,0,18.0,Away,광주 기아 챔피언스 필드,17:00,21.9,False,6,1,183cm,85kg,1999,0.0,50.5,0.9,14.5,10.9,11.5,0.0,11.2,0.0,0.0,0.0,0.31,0.5,0.19,0.313,0.25,0.0,0.059,0.0,0.0
이지강,LG,2025,2025-05-21,@ Lotte,RP,,0.0,1.0,2.0,33,0,0,2,0,2,0,0,,Away,사직 야구장,18:30,23.1,False,24,1,183cm,85kg,1999,0.0,50.5,0.9,14.5,10.9,11.5,0.0,11.2,0.0,0.0,0.0,0.31,0.5,0.19,0.313,0.25,0.0,0.059,0.0,0.0
이지강,LG,2025,2025-05-24,@ SSG,RP,,0.0,2.0,1.0,20,0,0,1,0,1,1,0,,Away,인천 SSG 랜더스필드,17:00,18.7,False,2,1,183cm,85kg,1999,0.0,50.5,0.9,14.5,10.9,11.5,0.0,11.2,0.0,0.0,0.0,0.31,0.5,0.19,0.313,0.25,0.0,0.059,0.0,0.0
이지강,LG,2025,2025-05-28,vs. Hanwha,RP,,0.0,0.0,1.0,16,0,0,0,0,1,0,0,,Home,잠실 야구장,18:30,23.5,False,3,1,183cm,85kg,1999,0.0,50.5,0.9,14.5,10.9,11.5,0.0,11.2,0.0,0.0,0.0,0.31,0.5,0.19,0.313,0.25,0.0,0.059,0.0,0.0
이지강,LG,2025,2025-05-29,vs. Hanwha,RP,H,0.0,1.0,1.0,9,0,0,1,0,0,0,0,,Home,잠실 야구장,18:30,25.2,True,0,2,183cm,85kg,1999,0.0,50.5,0.9,14.5,10.9,11.5,0.0,11.2,0.0,0.0,0.0,0.31,0.5,0.19,0.313,0.25,0.0,0.059,0.0,0.0
이지강,LG,2025,2025-05-31,vs. Samsung,RP,,0.0,0.0,1.0,9,0,0,0,0,0,0,0,,Home,잠실 야구장,17:00,25.6,False,1,1,183cm,85kg,1999,0.0,50.5,0.9,14.5,10.9,11.5,0.0,11.2,0.0,0.0,0.0,0.31,0.5,0.19,0.313,0.25,0.0,0.059,0.0,0.0
이지강,LG,2025,2025-06-01,vs. Samsung,RP,H,0.0,3.0,0.666666667,14,0,0,0,0,0,2,0,,Home,잠실 야구장,17:00,25.6,True,0,2,183cm,85kg,1999,0.0,50.5,0.9,14.5,10.9,11.5,0.0,11.2,0.0,0.0,0.0,0.31,0.5,0.19,0.313,0.25,0.0,0.059,0.0,0.0
이지강,LG,2025,2025-06-04,@ NC,RP,,9.0,3.0,1.0,23,1,1,3,0,0,0,0,,Away,창원 NC 파크,18:30,23.8,False,2,1,183cm,85kg,1999,0.0,50.5,0.9,14.5,10.9,11.5,0.0,11.2,0.0,0.0,0.0,0.31,0.5,0.19,0.313,0.25,0.0,0.059,0.0,0.0
이지강,LG,2025,2025-06-07,@ Kiwoom,RP,,0.0,3.0,0.333333333,7,0,0,1,0,0,0,0,,Away,고척 스카이돔,17:00,25.5,False,2,1,183cm,85kg,1999,0.0,50.5,0.9,14.5,10.9,11.5,0.0,11.2,0.0,0.0,0.0,0.31,0.5,0.19,0.313,0.25,0.0,0.059,0.0,0.0
이지강,LG,2025,2025-06-10,vs. SSG,RP,,0.0,0.43,2.333333333,32,0,0,1,0,2,0,0,,Home,잠실 야구장,18:30,24.8,False,2,1,183cm,85kg,1999,0.0,50.5,0.9,14.5,10.9,11.5,0.0,11.2,0.0,0.0,0.0,0.31,0.5,0.19,0.313,0.25,0.0,0.059,0.0,0.0
이지강,LG,2025,2025-06-12,vs. SSG,RP,H,0.0,0.75,1.333333333,23,0,0,1,0,4,0,0,,Home,잠실 야구장,18:30,29.0,False,1,1,183cm,85kg,1999,0.0,50.5,0.9,14.5,10.9,11.5,0.0,11.2,0.0,0.0,0.0,0.31,0.5,0.19,0.313,0.25,0.0,0.059,0.0,0.0
이지강,LG,2025,2025-06-14,@ Hanwha,RP,,0.0,6.0,0.333333333,23,0,0,0,0,0,2,0,,Away,대전 한화생명 볼파크,17:00,29.9,False,1,1,183cm,85kg,1999,0.0,50.5,0.9,14.5,10.9,11.5,0.0,11.2,0.0,0.0,0.0,0.31,0.5,0.19,0.313,0.25,0.0,0.059,0.0,0.0
이지강,LG,2025,2025-06-15,@ Hanwha,RP,,81.0,9.0,0.333333333,16,3,3,3,0,0,0,0,,Away,대전 한화생명 볼파크,17:00,30.9,True,0,2,183cm,85kg,1999,0.0,50.5,0.9,14.5,10.9,11.5,0.0,11.2,0.0,0.0,0.0,0.31,0.5,0.19,0.313,0.25,0.0,0.059,0.0,0.0
이지강,LG,2025,2025-06-18,vs. NC,RP,,0.0,2.0,1.0,21,1,0,1,0,2,1,0,,Home,잠실 야구장,18:30,28.4,False,2,1,183cm,85kg,1999,0.0,50.5,0.9,14.5,10.9,11.5,0.0,11.2,0.0,0.0,0.0,0.31,0.5,0.19,0.313,0.25,0.0,0.059,0.0,0.0
이지강,LG,2025,2025-06-19,vs. NC,RP,,0.0,1.5,0.666666667,13,0,0,0,0,1,1,0,,Home,잠실 야구장,18:30,30.9,True,0,2,183cm,85kg,1999,0.0,50.5,0.9,14.5,10.9,11.5,0.0,11.2,0.0,0.0,0.0,0.31,0.5,0.19,0.313,0.25,0.0,0.059,0.0,0.0
이지강,LG,2025,2025-06-21,vs. Doosan,RP,,0.0,0.0,1.0,11,0,0,0,0,1,0,0,,Home,잠실 야구장,17:00,25.6,False,1,1,183cm,85kg,1999,0.0,50.5,0.9,14.5,10.9,11.5,0.0,11.2,0.0,0.0,0.0,0.31,0.5,0.19,0.313,0.25,0.0,0.059,0.0,0.0
이지강,LG,2025,2025-06-22,vs. Doosan,RP,,0.0,0.0,1.0,11,0,0,0,0,0,0,0,,Home,잠실 야구장,17:00,27.8,True,0,2,183cm,85kg,1999,0.0,50.5,0.9,14.5,10.9,11.5,0.0,11.2,0.0,0.0,0.0,0.31,0.5,0.19,0.313,0.25,0.0,0.059,0.0,0.0
이지강,LG,2025,2025-06-26,@ KT,RP,,13.5,3.0,0.666666667,18,1,1,1,0,0,1,0,,Away,수원 KT 위즈파크,18:30,25.8,False,3,1,183cm,85kg,1999,0.0,50.5,0.9,14.5,10.9,11.5,0.0,11.2,0.0,0.0,0.0,0.31,0.5,0.19,0.313,0.25,0.0,0.059,0.0,0.0
이지강,LG,2025,2025-06-28,vs. Kia,RP,,0.0,1.5,2.666666667,53,0,0,3,0,3,1,0,,Home,잠실 야구장,17:00,29.9,False,1,1,183cm,85kg,1999,0.0,50.5,0.9,14.5,10.9,11.5,0.0,11.2,0.0,0.0,0.0,0.31,0.5,0.19,0.313,0.25,0.0,0.059,0.0,0.0
이지강,LG,2025,2025-07-02,@ Lotte,RP,,0.0,0.0,0.333333333,13,0,0,0,0,0,0,0,,Away,사직 야구장,18:30,30.0,False,3,1,183cm,85kg,1999,0.0,50.5,0.9,14.5,10.9,11.5,0.0,11.2,0.0,0.0,0.0,0.31,0.5,0.19,0.313,0.25,0.0,0.059,0.0,0.0
이지강,LG,2025,2025-07-04,@ Samsung,RP,,27.0,6.0,0.333333333,10,1,1,2,0,1,0,0,,Away,대구 삼성 라이온즈 파크,18:30,30.0,False,1,1,183cm,85kg,1999,0.0,50.5,0.9,14.5,10.9,11.5,0.0,11.2,0.0,0.0,0.0,0.31,0.5,0.19,0.313,0.25,0.0,0.059,0.0,0.0
이지강,LG,2025,2025-07-09,vs. Kiwoom,RP,,9.0,2.0,1.0,17,1,1,1,0,1,1,0,,Home,잠실 야구장,18:30,34.5,False,4,1,183cm,85kg,1999,0.0,50.5,0.9,14.5,10.9,11.5,0.0,11.2,0.0,0.0,0.0,0.31,0.5,0.19,0.313,0.25,0.0,0.059,0.0,0.0
이형범,KIA,2025,2025-03-28,@ Hanwha,RP,,0.0,2.0,1.0,22,2,0,2,0,0,0,0,,Away,대전 한화생명 볼파크,18:30,6.4,False,0,1,181cm,80kg,1994,53.6,1.5,0.0,1.5,26.0,16.8,0.0,0.0,0.0,0.0,0.52,0.0,0.0,0.0,0.417,0.333,0.0,0.0,0.0,0.0
이형범,KIA,2025,2025-04-04,@ LG,RP,,0.0,1.0,1.0,16,0,0,1,0,1,0,0,,Away,잠실 야구장,18:30,13.4,False,6,1,181cm,80kg,1994,53.6,1.5,0.0,1.5,26.0,16.8,0.0,0.0,0.0,0.0,0.52,0.0,0.0,0.0,0.417,0.333,0.0,0.0,0.0,0.0
이형범,KIA,2025,2025-04-10,@ Lotte,RP,,9.0,2.0,1.0,25,2,1,2,0,1,0,0,,Away,사직 야구장,18:30,14.9,False,5,1,181cm,80kg,1994,53.6,1.5,0.0,1.5,26.0,16.8,0.0,0.0,0.0,0.0,0.52,0.0,0.0,0.0,0.417,0.333,0.0,0.0,0.0,0.0
이형범,KIA,2025,2025-04-11,vs. SSG,RP,,0.0,2.0,1.0,9,0,0,0,0,0,2,0,,Home,광주 기아 챔피언스 필드,18:30,20.6,True,0,2,181cm,80kg,1994,53.6,1.5,0.0,1.5,26.0,16.8,0.0,0.0,0.0,0.0,0.52,0.0,0.0,0.0,0.417,0.333,0.0,0.0,0.0,0.0
이형범,KIA,2025,2025-04-18,@ Doosan,RP,,0.0,,0.0,16,3,3,4,0,0,0,0,,Away,잠실 야구장,18:30,22.4,False,6,1,181cm,80kg,1994,53.6,1.5,0.0,1.5,26.0,16.8,0.0,0.0,0.0,0.0,0.52,0.0,0.0,0.0,0.417,0.333,0.0,0.0,0.0,0.0
이형범,KIA,2025,2025-04-24,@ Samsung,RP,,27.0,4.8,1.666666667,49,5,5,6,0,1,2,0,,Away,대구 삼성 라이온즈 파크,18:30,16.6,False,5,1,181cm,80kg,1994,53.6,1.5,0.0,1.5,26.0,16.8,0.0,0.0,0.0,0.0,0.52,0.0,0.0,0.0,0.417,0.333,0.0,0.0,0.0,0.0
이형범,KIA,2025,2025-07-05,vs. Lotte,RP,,0.0,1.0,1.0,14,0,0,1,0,1,0,0,,Home,광주 기아 챔피언스 필드,18:00,31.5,False,71,1,181cm,80kg,1994,53.6,1.5,0.0,1.5,26.0,16.8,0.0,0.0,0.0,0.0,0.52,0.0,0.0,0.0,0.417,0.333,0.0,0.0,0.0,0.0
이형범,KIA,2025,2025-07-06,vs. Lotte,RP,,0.0,0.75,1.333333333,18,0,0,1,0,0,0,0,,Home,광주 기아 챔피언스 필드,17:00,33.2,True,0,2,181cm,80kg,1994,53.6,1.5,0.0,1.5,26.0,16.8,0.0,0.0,0.0,0.0,0.52,0.0,0.0,0.0,0.417,0.333,0.0,0.0,0.0,0.0
이형범,KIA,2025,2025-07-08,@ Hanwha,RP,,0.0,,0.0,13,4,4,3,0,0,1,0,,Away,대전 한화생명 볼파크,18:30,33.6,False,1,1,181cm,80kg,1994,53.6,1.5,0.0,1.5,26.0,16.8,0.0,0.0,0.0,0.0,0.52,0.0,0.0,0.0,0.417,0.333,0.0,0.0,0.0,0.0
이형범,KIA,2025,2025-07-09,@ Hanwha,RP,,0.0,0.0,1.0,14,0,0,0,0,2,0,0,,Away,대전 한화생명 볼파크,18:30,32.1,True,0,2,181cm,80kg,1994,53.6,1.5,0.0,1.5,26.0,16.8,0.0,0.0,0.0,0.0,0.52,0.0,0.0,0.0,0.417,0.333,0.0,0.0,0.0,0.0
이호성,삼성,2025,2025-03-25,vs. NC,RP,,0.0,0.0,1.0,15,0,0,0,0,2,0,0,,Home,대구 삼성 라이온즈 파크,18:30,15.7,False,0,1,184cm,87kg,2004,0.0,56.5,0.0,12.5,30.3,0.3,0.0,0.0,0.0,0.0,0.0,0.256,0.0,0.0,0.195,0.0,0.0,0.0,0.0,0.0
이호성,삼성,2025,2025-03-26,vs. NC,RP,,0.0,0.0,1.0,12,0,0,0,0,0,0,0,,Home,대구 삼성 라이온즈 파크,18:30,16.0,True,0,2,184cm,87kg,2004,0.0,56.5,0.0,12.5,30.3,0.3,0.0,0.0,0.0,0.0,0.0,0.256,0.0,0.0,0.195,0.0,0.0,0.0,0.0,0.0
이호성,삼성,2025,2025-04-03,@ Kia,RP,,0.0,0.0,1.0,14,0,0,0,0,3,0,0,,Away,광주 기아 챔피언스 필드,18:30,12.2,False,7,1,184cm,87kg,2004,0.0,56.5,0.0,12.5,30.3,0.3,0.0,0.0,0.0,0.0,0.0,0.256,0.0,0.0,0.195,0.0,0.0,0.0,0.0,0.0
이호성,삼성,2025,2025-04-05,vs. Hanwha,RP,,0.0,3.0,0.666666667,20,0,0,0,0,1,2,0,,Home,대구 삼성 라이온즈 파크,17:00,13.4,False,1,1,184cm,87kg,2004,0.0,56.5,0.0,12.5,30.3,0.3,0.0,0.0,0.0,0.0,0.0,0.256,0.0,0.0,0.195,0.0,0.0,0.0,0.0,0.0
이호성,삼성,2025,2025-04-06,vs. Hanwha,RP,,0.0,0.0,1.0,8,0,0,0,0,1,0,0,,Home,대구 삼성 라이온즈 파크,14:00,16.6,True,0,2,184cm,87kg,2004,0.0,56.5,0.0,12.5,30.3,0.3,0.0,0.0,0.0,0.0,0.0,0.256,0.0,0.0,0.195,0.0,0.0,0.0,0.0,0.0
이호성,삼성,2025,2025-04-08,vs. SSG,RP,H,0.0,0.0,1.0,12,0,0,0,0,2,0,0,,Home,대구 삼성 라이온즈 파크,18:30,17.3,False,1,1,184cm,87kg,2004,0.0,56.5,0.0,12.5,30.3,0.3,0.0,0.0,0.0,0.0,0.0,0.256,0.0,0.0,0.195,0.0,0.0,0.0,0.0,0.0
이호성,삼성,2025,2025-04-09,vs. SSG,RP,L,18.0,4.0,1.0,26,2,2,2,0,0,2,0,,Home,대구 삼성 라이온즈 파크,18:30,14.9,True,0,2,184cm,87kg,2004,0.0,56.5,0.0,12.5,30.3,0.3,0.0,0.0,0.0,0.0,0.0,0.256,0.0,0.0,0.195,0.0,0.0,0.0,0.0,0.0
이호성,삼성,2025,2025-04-13,@ KT,RP,,0.0,,0.0,12,0,0,1,0,0,1,0,,Away,수원 KT 위즈파크,14:00,3.6,False,3,1,184cm,87kg,2004,0.0,56.5,0.0,12.5,30.3,0.3,0.0,0.0,0.0,0.0,0.0,0.256,0.0,0.0,0.195,0.0,0.0,0.0,0.0,0.0
이호성,삼성,2025,2025-04-16,@ LG,RP,,27.0,3.0,1.666666667,44,5,5,1,1,2,4,0,,Away,잠실 야구장,18:30,21.1,False,2,1,184cm,87kg,2004,0.0,56.5,0.0,12.5,30.3,0.3,0.0,0.0,0.0,0.0,0.0,0.256,0.0,0.0,0.195,0.0,0.0,0.0,0.0,0.0
이호성,삼성,2025,2025-04-19,vs. Lotte,RP,W,9.0,2.0,1.0,19,1,1,2,0,2,0,0,,Home,대구 삼성 라이온즈 파크,17:00,18.4,False,2,1,184cm,87kg,2004,0.0,56.5,0.0,12.5,30.3,0.3,0.0,0.0,0.0,0.0,0.0,0.256,0.0,0.0,0.195,0.0,0.0,0.0,0.0,0.0
이호성,삼성,2025,2025-04-24,vs. Kia,RP,,0.0,0.0,1.0,14,0,0,0,0,1,0,0,,Home,대구 삼성 라이온즈 파크,18:30,16.6,False,4,1,184cm,87kg,2004,0.0,56.5,0.0,12.5,30.3,0.3,0.0,0.0,0.0,0.0,0.0,0.256,0.0,0.0,0.195,0.0,0.0,0.0,0.0,0.0
이호성,삼성,2025,2025-04-25,vs. NC,RP,H,13.5,1.5,0.666666667,8,1,1,1,0,2,0,0,,Home,대구 삼성 라이온즈 파크,18:30,16.8,True,0,2,184cm,87kg,2004,0.0,56.5,0.0,12.5,30.3,0.3,0.0,0.0,0.0,0.0,0.0,0.256,0.0,0.0,0.195,0.0,0.0,0.0,0.0,0.0
이호성,삼성,2025,2025-04-27,vs. NC,RP,H,18.0,1.0,1.0,13,2,2,1,0,1,0,1,,Home,대구 삼성 라이온즈 파크,14:00,20.2,False,1,1,184cm,87kg,2004,0.0,56.5,0.0,12.5,30.3,0.3,0.0,0.0,0.0,0.0,0.0,0.256,0.0,0.0,0.195,0.0,0.0,0.0,0.0,0.0
이호성,삼성,2025,2025-04-29,@ SSG,RP,W,0.0,1.5,0.666666667,15,0,0,0,0,1,1,0,,Away,인천 SSG 랜더스필드,18:30,14.9,False,1,1,184cm,87kg,2004,0.0,56.5,0.0,12.5,30.3,0.3,0.0,0.0,0.0,0.0,0.0,0.256,0.0,0.0,0.195,0.0,0.0,0.0,0.0,0.0
이호성,삼성,2025,2025-04-30,@ SSG,RP,,0.0,0.0,1.333333333,16,0,0,0,0,3,0,0,,Away,인천 SSG 랜더스필드,18:30,20.6,True,0,2,184cm,87kg,2004,0.0,56.5,0.0,12.5,30.3,0.3,0.0,0.0,0.0,0.0,0.0,0.256,0.0,0.0,0.195,0.0,0.0,0.0,0.0,0.0
이호성,삼성,2025,2025-05-02,vs. Doosan,RP,W,0.0,0.75,1.333333333,11,0,0,1,0,0,0,0,,Home,대구 삼성 라이온즈 파크,18:30,19.1,False,1,1,184cm,87kg,2004,0.0,56.5,0.0,12.5,30.3,0.3,0.0,0.0,0.0,0.0,0.0,0.256,0.0,0.0,0.195,0.0,0.0,0.0,0.0,0.0
이호성,삼성,2025,2025-05-05,@ Hanwha,RP,,0.0,0.0,0.666666667,4,0,0,0,0,0,0,0,,Away,대전 한화생명 볼파크,14:00,15.7,False,2,1,184cm,87kg,2004,0.0,56.5,0.0,12.5,30.3,0.3,0.0,0.0,0.0,0.0,0.0,0.256,0.0,0.0,0.195,0.0,0.0,0.0,0.0,0.0
이호성,삼성,2025,2025-05-07,@ Hanwha,RP,,40.5,4.5,0.666666667,27,3,3,1,0,2,2,0,,Away,대전 한화생명 볼파크,18:30,19.5,False,1,1,184cm,87kg,2004,0.0,56.5,0.0,12.5,30.3,0.3,0.0,0.0,0.0,0.0,0.0,0.256,0.0,0.0,0.195,0.0,0.0,0.0,0.0,0.0
이호성,삼성,2025,2025-05-11,vs. LG,RP,,0.0,0.0,1.333333333,11,0,0,0,0,1,0,0,,Home,대구 삼성 라이온즈 파크,14:00,17.9,False,3,1,184cm,87kg,2004,0.0,56.5,0.0,12.5,30.3,0.3,0.0,0.0,0.0,0.0,0.0,0.256,0.0,0.0,0.195,0.0,0.0,0.0,0.0,0.0
이호성,삼성,2025,2025-05-13,vs. KT,RP,SV,9.0,2.0,1.0,20,1,1,1,0,0,1,0,,Home,대구 삼성 라이온즈 파크,18:30,19.5,False,1,1,184cm,87kg,2004,0.0,56.5,0.0,12.5,30.3,0.3,0.0,0.0,0.0,0.0,0.0,0.256,0.0,0.0,0.195,0.0,0.0,0.0,0.0,0.0
이호성,삼성,2025,2025-05-17,@ Lotte,RP,,0.0,2.0,1.0,16,0,0,2,0,2,0,0,,Away,사직 야구장,17:00,20.9,False,3,1,184cm,87kg,2004,0.0,56.5,0.0,12.5,30.3,0.3,0.0,0.0,0.0,0.0,0.0,0.256,0.0,0.0,0.195,0.0,0.0,0.0,0.0,0.0
이호성,삼성,2025,2025-05-20,@ Kiwoom,RP,,9.0,3.0,1.0,23,1,1,2,0,0,1,0,,Away,고척 스카이돔,18:30,25.5,False,2,1,184cm,87kg,2004,0.0,56.5,0.0,12.5,30.3,0.3,0.0,0.0,0.0,0.0,0.0,0.256,0.0,0.0,0.195,0.0,0.0,0.0,0.0,0.0
이호성,삼성,2025,2025-05-22,@ Kiwoom,RP,SV,0.0,2.0,1.0,13,0,0,2,0,2,0,0,,Away,고척 스카이돔,18:30,25.5,False,1,1,184cm,87kg,2004,0.0,56.5,0.0,12.5,30.3,0.3,0.0,0.0,0.0,0.0,0.0,0.256,0.0,0.0,0.195,0.0,0.0,0.0,0.0,0.0
이호성,삼성,2025,2025-05-24,vs. Kia,RP,W,0.0,0.0,1.333333333,20,0,0,0,0,2,0,0,,Home,대구 삼성 라이온즈 파크,17:00,14.5,False,1,1,184cm,87kg,2004,0.0,56.5,0.0,12.5,30.3,0.3,0.0,0.0,0.0,0.0,0.0,0.256,0.0,0.0,0.195,0.0,0.0,0.0,0.0,0.0
이호성,삼성,2025,2025-05-25,vs. Kia,RP,W,0.0,1.0,1.0,16,0,0,1,0,1,0,0,,Home,대구 삼성 라이온즈 파크,14:00,19.3,True,0,2,184cm,87kg,2004,0.0,56.5,0.0,12.5,30.3,0.3,0.0,0.0,0.0,0.0,0.0,0.256,0.0,0.0,0.195,0.0,0.0,0.0,0.0,0.0
이호성,삼성,2025,2025-05-29,vs. Lotte,RP,,0.0,0.0,1.333333333,15,0,0,0,0,0,0,0,,Home,대구 삼성 라이온즈 파크,18:30,19.2,False,3,1,184cm,87kg,2004,0.0,56.5,0.0,12.5,30.3,0.3,0.0,0.0,0.0,0.0,0.0,0.256,0.0,0.0,0.195,0.0,0.0,0.0,0.0,0.0
이호성,삼성,2025,2025-05-30,@ LG,RP,SV,9.0,3.0,1.0,22,2,1,2,0,0,1,0,,Away,잠실 야구장,18:30,27.4,True,0,2,184cm,87kg,2004,0.0,56.5,0.0,12.5,30.3,0.3,0.0,0.0,0.0,0.0,0.0,0.256,0.0,0.0,0.195,0.0,0.0,0.0,0.0,0.0
이호성,삼성,2025,2025-06-01,@ LG,RP,SV,0.0,0.0,1.0,13,0,0,0,0,1,0,0,,Away,잠실 야구장,17:00,25.6,False,1,1,184cm,87kg,2004,0.0,56.5,0.0,12.5,30.3,0.3,0.0,0.0,0.0,0.0,0.0,0.256,0.0,0.0,0.195,0.0,0.0,0.0,0.0,0.0
이호성,삼성,2025,2025-06-05,@ SSG,RP,SV,0.0,0.43,2.333333333,34,0,0,1,0,5,0,0,,Away,인천 SSG 랜더스필드,18:30,20.8,False,3,1,184cm,87kg,2004,0.0,56.5,0.0,12.5,30.3,0.3,0.0,0.0,0.0,0.0,0.0,0.256,0.0,0.0,0.195,0.0,0.0,0.0,0.0,0.0
이호성,삼성,2025,2025-06-12,@ Kia,RP,SV,0.0,0.0,1.0,11,0,0,0,0,1,0,0,,Away,광주 기아 챔피언스 필드,18:30,26.3,False,6,1,184cm,87kg,2004,0.0,56.5,0.0,12.5,30.3,0.3,0.0,0.0,0.0,0.0,0.0,0.256,0.0,0.0,0.195,0.0,0.0,0.0,0.0,0.0
이호성,삼성,2025,2025-06-18,vs. Doosan,RP,,0.0,0.0,2.0,31,0,0,0,0,2,0,0,,Home,대구 삼성 라이온즈 파크,18:30,23.1,False,5,1,184cm,87kg,2004,0.0,56.5,0.0,12.5,30.3,0.3,0.0,0.0,0.0,0.0,0.0,0.256,0.0,0.0,0.195,0.0,0.0,0.0,0.0,0.0
이호성,삼성,2025,2025-06-25,vs. Hanwha,RP,,9.0,1.0,1.0,13,1,1,1,1,0,0,0,,Home,대구 삼성 라이온즈 파크,18:30,24.9,False,6,1,184cm,87kg,2004,0.0,56.5,0.0,12.5,30.3,0.3,0.0,0.0,0.0,0.0,0.0,0.256,0.0,0.0,0.195,0.0,0.0,0.0,0.0,0.0
이호성,삼성,2025,2025-06-27,@ Kiwoom,RP,L,27.0,3.0,0.333333333,9,1,1,1,1,0,0,0,,Away,고척 스카이돔,18:30,25.5,False,1,1,184cm,87kg,2004,0.0,56.5,0.0,12.5,30.3,0.3,0.0,0.0,0.0,0.0,0.0,0.256,0.0,0.0,0.195,0.0,0.0,0.0,0.0,0.0
이호성,삼성,2025,2025-06-29,@ Kiwoom,RP,,0.0,0.0,1.0,15,0,0,0,0,1,0,0,,Away,고척 스카이돔,14:00,25.5,False,1,1,184cm,87kg,2004,0.0,56.5,0.0,12.5,30.3,0.3,0.0,0.0,0.0,0.0,0.0,0.256,0.0,0.0,0.195,0.0,0.0,0.0,0.0,0.0
이호성,삼성,2025,2025-07-01,@ Doosan,RP,,0.0,3.0,1.0,36,1,0,0,0,1,3,0,,Away,잠실 야구장,18:30,32.3,False,1,1,184cm,87kg,2004,0.0,56.5,0.0,12.5,30.3,0.3,0.0,0.0,0.0,0.0,0.0,0.256,0.0,0.0,0.195,0.0,0.0,0.0,0.0,0.0
이호성,삼성,2025,2025-07-03,@ Doosan,RP,SV,9.0,1.0,1.0,17,1,1,1,1,2,0,0,,Away,잠실 야구장,18:30,31.2,False,1,1,184cm,87kg,2004,0.0,56.5,0.0,12.5,30.3,0.3,0.0,0.0,0.0,0.0,0.0,0.256,0.0,0.0,0.195,0.0,0.0,0.0,0.0,0.0
이호성,삼성,2025,2025-07-05,vs. LG,RP,SV,0.0,1.0,1.0,16,0,0,1,0,1,0,0,,Home,대구 삼성 라이온즈 파크,18:00,30.5,False,1,1,184cm,87kg,2004,0.0,56.5,0.0,12.5,30.3,0.3,0.0,0.0,0.0,0.0,0.0,0.256,0.0,0.0,0.195,0.0,0.0,0.0,0.0,0.0
이호성,삼성,2025,2025-07-10,@ NC,RP,L,27.0,4.0,1.0,27,3,3,3,0,1,1,0,,Away,창원 NC 파크,18:30,30.5,False,4,1,184cm,87kg,2004,0.0,56.5,0.0,12.5,30.3,0.3,0.0,0.0,0.0,0.0,0.0,0.256,0.0,0.0,0.195,0.0,0.0,0.0,0.0,0.0
임찬규,LG,2025,2025-03-26,vs. Hanwha,SP,W,0.0,0.44,9.0,100,0,0,2,0,5,2,0,86.0,Home,잠실 야구장,18:30,22.9,False,0,1,185cm,80kg,1992,0.0,35.6,0.2,28.1,8.2,27.5,0.0,0.0,0.0,0.0,0.0,0.28,0.0,0.264,0.194,0.211,0.0,0.0,0.0,0.0
임찬규,LG,2025,2025-04-03,@ KT,SP,W,1.59,1.76,5.666666667,96,1,1,7,0,5,3,0,53.0,Away,수원 KT 위즈파크,18:30,12.2,False,7,1,185cm,80kg,1992,0.0,35.6,0.2,28.1,8.2,27.5,0.0,0.0,0.0,0.0,0.0,0.28,0.0,0.264,0.194,0.211,0.0,0.0,0.0,0.0
임찬규,LG,2025,2025-04-10,@ Kiwoom,SP,W,1.29,0.71,7.0,80,1,1,5,1,5,0,0,68.0,Away,고척 스카이돔,18:30,25.5,False,6,1,185cm,80kg,1992,0.0,35.6,0.2,28.1,8.2,27.5,0.0,0.0,0.0,0.0,0.0,0.28,0.0,0.264,0.194,0.211,0.0,0.0,0.0,0.0
임찬규,LG,2025,2025-04-16,vs. Samsung,SP,W,3.0,1.33,6.0,103,2,2,7,0,4,1,0,53.0,Home,잠실 야구장,18:30,21.1,False,5,1,185cm,80kg,1992,0.0,35.6,0.2,28.1,8.2,27.5,0.0,0.0,0.0,0.0,0.0,0.28,0.0,0.264,0.194,0.211,0.0,0.0,0.0,0.0
임찬규,LG,2025,2025-04-22,vs. NC,SP,,6.0,1.67,6.0,104,4,4,8,1,4,2,0,42.0,Home,잠실 야구장,18:30,17.5,False,5,1,185cm,80kg,1992,0.0,35.6,0.2,28.1,8.2,27.5,0.0,0.0,0.0,0.0,0.0,0.28,0.0,0.264,0.194,0.211,0.0,0.0,0.0,0.0
임찬규,LG,2025,2025-04-27,@ Kia,SP,L,4.5,1.33,6.0,85,3,3,7,1,6,1,0,51.0,Away,광주 기아 챔피언스 필드,14:00,24.1,False,4,1,185cm,80kg,1992,0.0,35.6,0.2,28.1,8.2,27.5,0.0,0.0,0.0,0.0,0.0,0.28,0.0,0.264,0.194,0.211,0.0,0.0,0.0,0.0
임찬규,LG,2025,2025-05-03,vs. SSG,SP,W,1.5,1.17,6.0,88,1,1,4,0,3,3,0,60.0,Home,잠실 야구장,17:00,12.8,False,5,1,185cm,80kg,1992,0.0,35.6,0.2,28.1,8.2,27.5,0.0,0.0,0.0,0.0,0.0,0.28,0.0,0.264,0.194,0.211,0.0,0.0,0.0,0.0
임찬규,LG,2025,2025-05-10,@ Samsung,SP,W,0.0,1.17,6.0,92,1,0,2,0,5,5,0,66.0,Away,대구 삼성 라이온즈 파크,17:00,17.6,False,6,1,185cm,80kg,1992,0.0,35.6,0.2,28.1,8.2,27.5,0.0,0.0,0.0,0.0,0.0,0.28,0.0,0.264,0.194,0.211,0.0,0.0,0.0,0.0
임찬규,LG,2025,2025-05-15,vs. Kiwoom,SP,W,1.29,0.57,7.0,82,1,1,4,0,6,0,2,69.0,Home,잠실 야구장,18:30,21.7,False,4,1,185cm,80kg,1992,0.0,35.6,0.2,28.1,8.2,27.5,0.0,0.0,0.0,0.0,0.0,0.28,0.0,0.264,0.194,0.211,0.0,0.0,0.0,0.0
임찬규,LG,2025,2025-05-21,@ Lotte,SP,,9.64,2.79,4.666666667,86,5,5,11,0,1,2,0,21.0,Away,사직 야구장,18:30,23.1,False,5,1,185cm,80kg,1992,0.0,35.6,0.2,28.1,8.2,27.5,0.0,0.0,0.0,0.0,0.0,0.28,0.0,0.264,0.194,0.211,0.0,0.0,0.0,0.0
임찬규,LG,2025,2025-05-27,vs. Hanwha,SP,W,1.29,1.0,7.0,90,1,1,5,0,7,2,0,68.0,Home,잠실 야구장,18:30,24.9,False,5,1,185cm,80kg,1992,0.0,35.6,0.2,28.1,8.2,27.5,0.0,0.0,0.0,0.0,0.0,0.28,0.0,0.264,0.194,0.211,0.0,0.0,0.0,0.0
임찬규,LG,2025,2025-06-01,vs. Samsung,SP,,5.4,1.6,5.0,106,3,3,7,0,4,1,0,44.0,Home,잠실 야구장,17:00,25.6,False,4,1,185cm,80kg,1992,0.0,35.6,0.2,28.1,8.2,27.5,0.0,0.0,0.0,0.0,0.0,0.28,0.0,0.264,0.194,0.211,0.0,0.0,0.0,0.0
임찬규,LG,2025,2025-06-07,@ Kiwoom,SP,L,5.4,1.4,5.0,72,3,3,6,0,1,1,0,43.0,Away,고척 스카이돔,17:00,25.5,False,5,1,185cm,80kg,1992,0.0,35.6,0.2,28.1,8.2,27.5,0.0,0.0,0.0,0.0,0.0,0.28,0.0,0.264,0.194,0.211,0.0,0.0,0.0,0.0
임찬규,LG,2025,2025-06-14,@ Hanwha,SP,,0.0,0.67,6.0,89,0,0,2,0,3,2,1,68.0,Away,대전 한화생명 볼파크,17:00,29.9,False,6,1,185cm,80kg,1992,0.0,35.6,0.2,28.1,8.2,27.5,0.0,0.0,0.0,0.0,0.0,0.28,0.0,0.264,0.194,0.211,0.0,0.0,0.0,0.0
임찬규,LG,2025,2025-06-26,@ KT,SP,,3.6,1.2,5.0,90,2,2,5,1,3,1,1,50.0,Away,수원 KT 위즈파크,18:30,25.8,False,11,1,185cm,80kg,1992,0.0,35.6,0.2,28.1,8.2,27.5,0.0,0.0,0.0,0.0,0.0,0.28,0.0,0.264,0.194,0.211,0.0,0.0,0.0,0.0
임찬규,LG,2025,2025-07-02,@ Lotte,SP,L,6.35,1.06,5.666666667,97,5,4,5,1,5,1,0,45.0,Away,사직 야구장,18:30,30.0,False,5,1,185cm,80kg,1992,0.0,35.6,0.2,28.1,8.2,27.5,0.0,0.0,0.0,0.0,0.0,0.28,0.0,0.264,0.194,0.211,0.0,0.0,0.0,0.0
임찬규,LG,2025,2025-07-08,vs. Kiwoom,SP,,3.0,1.17,6.0,93,3,2,6,1,5,1,0,54.0,Home,잠실 야구장,18:30,36.2,False,5,1,185cm,80kg,1992,0.0,35.6,0.2,28.1,8.2,27.5,0.0,0.0,0.0,0.0,0.0,0.28,0.0,0.264,0.194,0.211,0.0,0.0,0.0,0.0
장현식,LG,2025,2025-04-04,vs. Kia,RP,,0.0,0.0,1.0,10,0,0,0,0,1,0,0,,Home,잠실 야구장,18:30,13.4,False,0,1,181cm,91kg,1995,0.0,45.7,0.0,0.0,30.9,0.0,0.0,23.4,0.0,0.0,0.0,0.32,0.0,0.0,0.216,0.0,0.0,0.3,0.0,0.0
장현식,LG,2025,2025-04-06,vs. Kia,RP,,0.0,0.0,1.0,15,0,0,0,0,2,0,0,,Home,잠실 야구장,14:00,15.2,False,1,1,181cm,91kg,1995,0.0,45.7,0.0,0.0,30.9,0.0,0.0,23.4,0.0,0.0,0.0,0.32,0.0,0.0,0.216,0.0,0.0,0.3,0.0,0.0
장현식,LG,2025,2025-04-11,vs. Doosan,RP,SV,0.0,0.0,1.0,16,0,0,0,0,0,0,0,,Home,잠실 야구장,18:30,21.7,False,4,1,181cm,91kg,1995,0.0,45.7,0.0,0.0,30.9,0.0,0.0,23.4,0.0,0.0,0.0,0.32,0.0,0.0,0.216,0.0,0.0,0.3,0.0,0.0
장현식,LG,2025,2025-04-12,vs. Doosan,RP,,0.0,1.0,1.0,6,0,0,1,0,0,0,0,,Home,잠실 야구장,17:00,17.1,True,0,2,181cm,91kg,1995,0.0,45.7,0.0,0.0,30.9,0.0,0.0,23.4,0.0,0.0,0.0,0.32,0.0,0.0,0.216,0.0,0.0,0.3,0.0,0.0
장현식,LG,2025,2025-04-15,vs. Samsung,RP,SV,0.0,2.0,1.0,27,0,0,0,0,0,2,0,,Home,잠실 야구장,18:30,11.5,False,2,1,181cm,91kg,1995,0.0,45.7,0.0,0.0,30.9,0.0,0.0,23.4,0.0,0.0,0.0,0.32,0.0,0.0,0.216,0.0,0.0,0.3,0.0,0.0
장현식,LG,2025,2025-04-20,@ SSG,RP,,6.75,1.5,1.333333333,24,1,1,2,1,4,0,0,,Away,인천 SSG 랜더스필드,14:00,19.5,False,4,1,181cm,91kg,1995,0.0,45.7,0.0,0.0,30.9,0.0,0.0,23.4,0.0,0.0,0.0,0.32,0.0,0.0,0.216,0.0,0.0,0.3,0.0,0.0
장현식,LG,2025,2025-04-22,vs. NC,RP,L,9.0,3.0,1.0,19,1,1,3,0,0,0,0,,Home,잠실 야구장,18:30,17.5,False,1,1,181cm,91kg,1995,0.0,45.7,0.0,0.0,30.9,0.0,0.0,23.4,0.0,0.0,0.0,0.32,0.0,0.0,0.216,0.0,0.0,0.3,0.0,0.0
장현식,LG,2025,2025-04-23,vs. NC,RP,SV,0.0,2.0,1.0,25,0,0,1,0,0,1,0,,Home,잠실 야구장,18:30,21.9,True,0,2,181cm,91kg,1995,0.0,45.7,0.0,0.0,30.9,0.0,0.0,23.4,0.0,0.0,0.0,0.32,0.0,0.0,0.216,0.0,0.0,0.3,0.0,0.0
장현식,LG,2025,2025-04-25,@ Kia,RP,SV,0.0,1.0,1.0,12,0,0,1,0,1,0,0,,Away,광주 기아 챔피언스 필드,18:30,16.2,False,1,1,181cm,91kg,1995,0.0,45.7,0.0,0.0,30.9,0.0,0.0,23.4,0.0,0.0,0.0,0.32,0.0,0.0,0.216,0.0,0.0,0.3,0.0,0.0
장현식,LG,2025,2025-05-02,vs. SSG,RP,,0.0,0.0,1.0,12,0,0,0,0,0,0,0,,Home,잠실 야구장,18:30,16.2,False,6,1,181cm,91kg,1995,0.0,45.7,0.0,0.0,30.9,0.0,0.0,23.4,0.0,0.0,0.0,0.32,0.0,0.0,0.216,0.0,0.0,0.3,0.0,0.0
장현식,LG,2025,2025-05-03,vs. SSG,RP,SV,0.0,1.0,1.0,12,0,0,1,0,2,0,0,,Home,잠실 야구장,17:00,12.8,True,0,2,181cm,91kg,1995,0.0,45.7,0.0,0.0,30.9,0.0,0.0,23.4,0.0,0.0,0.0,0.32,0.0,0.0,0.216,0.0,0.0,0.3,0.0,0.0
장현식,LG,2025,2025-05-06,@ Doosan,RP,,0.0,2.0,1.0,19,0,0,1,0,1,1,0,,Away,잠실 야구장,18:30,18.6,False,2,1,181cm,91kg,1995,0.0,45.7,0.0,0.0,30.9,0.0,0.0,23.4,0.0,0.0,0.0,0.32,0.0,0.0,0.216,0.0,0.0,0.3,0.0,0.0
장현식,LG,2025,2025-05-10,@ Samsung,RP,SV,0.0,1.0,1.0,16,0,0,1,0,2,0,1,,Away,대구 삼성 라이온즈 파크,17:00,17.6,False,3,1,181cm,91kg,1995,0.0,45.7,0.0,0.0,30.9,0.0,0.0,23.4,0.0,0.0,0.0,0.32,0.0,0.0,0.216,0.0,0.0,0.3,0.0,0.0
장현식,LG,2025,2025-05-10,@ Samsung,RP,SV,0.0,0.0,1.0,14,0,0,0,0,0,0,0,,Away,대구 삼성 라이온즈 파크,17:00,17.6,False,-1,1,181cm,91kg,1995,0.0,45.7,0.0,0.0,30.9,0.0,0.0,23.4,0.0,0.0,0.0,0.32,0.0,0.0,0.216,0.0,0.0,0.3,0.0,0.0
장현식,LG,2025,2025-05-11,@ Samsung,RP,SV,0.0,1.0,1.0,8,0,0,1,0,1,0,0,,Away,대구 삼성 라이온즈 파크,14:00,17.9,True,0,2,181cm,91kg,1995,0.0,45.7,0.0,0.0,30.9,0.0,0.0,23.4,0.0,0.0,0.0,0.32,0.0,0.0,0.216,0.0,0.0,0.3,0.0,0.0
장현식,LG,2025,2025-06-07,@ Kiwoom,RP,,0.0,0.0,1.0,13,0,0,0,0,1,0,0,,Away,고척 스카이돔,17:00,25.5,False,26,1,181cm,91kg,1995,0.0,45.7,0.0,0.0,30.9,0.0,0.0,23.4,0.0,0.0,0.0,0.32,0.0,0.0,0.216,0.0,0.0,0.3,0.0,0.0
장현식,LG,2025,2025-06-11,vs. SSG,RP,SV,0.0,2.25,1.333333333,29,0,0,2,0,1,1,0,,Home,잠실 야구장,18:30,25.8,False,3,1,181cm,91kg,1995,0.0,45.7,0.0,0.0,30.9,0.0,0.0,23.4,0.0,0.0,0.0,0.32,0.0,0.0,0.216,0.0,0.0,0.3,0.0,0.0
장현식,LG,2025,2025-06-14,@ Hanwha,RP,,54.0,12.0,0.333333333,23,2,2,4,0,1,0,0,,Away,대전 한화생명 볼파크,17:00,29.9,False,2,1,181cm,91kg,1995,0.0,45.7,0.0,0.0,30.9,0.0,0.0,23.4,0.0,0.0,0.0,0.32,0.0,0.0,0.216,0.0,0.0,0.3,0.0,0.0
장현식,LG,2025,2025-06-15,@ Hanwha,RP,,0.0,1.0,1.0,13,0,0,1,0,0,0,0,,Away,대전 한화생명 볼파크,17:00,30.9,True,0,2,181cm,91kg,1995,0.0,45.7,0.0,0.0,30.9,0.0,0.0,23.4,0.0,0.0,0.0,0.32,0.0,0.0,0.216,0.0,0.0,0.3,0.0,0.0
장현식,LG,2025,2025-06-17,vs. NC,RP,,9.0,2.0,1.0,21,1,1,2,0,1,0,2,,Home,잠실 야구장,18:30,28.6,False,1,1,181cm,91kg,1995,0.0,45.7,0.0,0.0,30.9,0.0,0.0,23.4,0.0,0.0,0.0,0.32,0.0,0.0,0.216,0.0,0.0,0.3,0.0,0.0
장현식,LG,2025,2025-06-18,vs. NC,RP,,13.5,3.0,0.666666667,17,1,1,2,0,0,0,0,,Home,잠실 야구장,18:30,28.4,True,0,2,181cm,91kg,1995,0.0,45.7,0.0,0.0,30.9,0.0,0.0,23.4,0.0,0.0,0.0,0.32,0.0,0.0,0.216,0.0,0.0,0.3,0.0,0.0
장현식,LG,2025,2025-06-22,vs. Doosan,RP,,0.0,1.0,1.0,16,0,0,1,0,2,0,0,,Home,잠실 야구장,17:00,27.8,False,3,1,181cm,91kg,1995,0.0,45.7,0.0,0.0,30.9,0.0,0.0,23.4,0.0,0.0,0.0,0.32,0.0,0.0,0.216,0.0,0.0,0.3,0.0,0.0
장현식,LG,2025,2025-06-24,@ KT,RP,,0.0,3.0,0.333333333,6,0,0,0,0,0,1,0,,Away,수원 KT 위즈파크,18:30,26.7,False,1,1,181cm,91kg,1995,0.0,45.7,0.0,0.0,30.9,0.0,0.0,23.4,0.0,0.0,0.0,0.32,0.0,0.0,0.216,0.0,0.0,0.3,0.0,0.0
장현식,LG,2025,2025-06-27,vs. Kia,RP,H,0.0,6.0,0.333333333,12,0,0,2,0,0,0,0,,Home,잠실 야구장,18:30,29.9,False,2,1,181cm,91kg,1995,0.0,45.7,0.0,0.0,30.9,0.0,0.0,23.4,0.0,0.0,0.0,0.32,0.0,0.0,0.216,0.0,0.0,0.3,0.0,0.0
장현식,LG,2025,2025-06-28,vs. Kia,RP,,0.0,1.5,1.333333333,27,0,0,1,0,2,1,0,,Home,잠실 야구장,17:00,29.9,True,0,2,181cm,91kg,1995,0.0,45.7,0.0,0.0,30.9,0.0,0.0,23.4,0.0,0.0,0.0,0.32,0.0,0.0,0.216,0.0,0.0,0.3,0.0,0.0
장현식,LG,2025,2025-07-01,@ Lotte,RP,H,13.5,1.5,0.666666667,13,1,1,1,0,0,0,1,,Away,사직 야구장,18:30,29.8,False,2,1,181cm,91kg,1995,0.0,45.7,0.0,0.0,30.9,0.0,0.0,23.4,0.0,0.0,0.0,0.32,0.0,0.0,0.216,0.0,0.0,0.3,0.0,0.0
장현식,LG,2025,2025-07-03,@ Lotte,RP,L,27.0,6.0,0.333333333,5,2,1,1,0,0,1,0,,Away,사직 야구장,18:30,29.8,False,1,1,181cm,91kg,1995,0.0,45.7,0.0,0.0,30.9,0.0,0.0,23.4,0.0,0.0,0.0,0.32,0.0,0.0,0.216,0.0,0.0,0.3,0.0,0.0
장현식,LG,2025,2025-07-05,@ Samsung,RP,,9.0,3.0,1.0,18,1,1,3,1,0,0,0,,Away,대구 삼성 라이온즈 파크,18:00,30.5,False,1,1,181cm,91kg,1995,0.0,45.7,0.0,0.0,30.9,0.0,0.0,23.4,0.0,0.0,0.0,0.32,0.0,0.0,0.216,0.0,0.0,0.3,0.0,0.0
장현식,LG,2025,2025-07-09,vs. Kiwoom,RP,,0.0,1.0,1.0,13,0,0,1,0,0,0,0,,Home,잠실 야구장,18:30,34.5,False,3,1,181cm,91kg,1995,0.0,45.7,0.0,0.0,30.9,0.0,0.0,23.4,0.0,0.0,0.0,0.32,0.0,0.0,0.216,0.0,0.0,0.3,0.0,0.0
장현식,LG,2025,2025-07-10,vs. Kiwoom,RP,,0.0,0.0,2.666666667,27,0,0,0,0,2,0,0,,Home,잠실 야구장,18:30,33.1,True,0,2,181cm,91kg,1995,0.0,45.7,0.0,0.0,30.9,0.0,0.0,23.4,0.0,0.0,0.0,0.32,0.0,0.0,0.216,0.0,0.0,0.3,0.0,0.0
전사민,NC,2025,2025-03-23,@ Kia,RP,H,0.0,0.0,1.0,10,0,0,0,0,2,0,0,,Away,광주 기아 챔피언스 필드,14:00,23.6,False,0,1,194cm,85kg,1999,56.0,9.9,0.0,1.7,14.3,0.0,0.0,17.8,0.0,0.0,0.435,0.143,0.0,0.0,0.167,0.0,0.0,0.037,0.0,0.0
전사민,NC,2025,2025-03-26,@ Samsung,RP,,0.0,0.0,1.0,12,0,0,0,0,1,0,0,,Away,대구 삼성 라이온즈 파크,18:30,16.0,False,2,1,194cm,85kg,1999,56.0,9.9,0.0,1.7,14.3,0.0,0.0,17.8,0.0,0.0,0.435,0.143,0.0,0.0,0.167,0.0,0.0,0.037,0.0,0.0
전사민,NC,2025,2025-03-27,@ Samsung,RP,H,0.0,0.0,1.0,14,0,0,0,0,0,0,0,,Away,대구 삼성 라이온즈 파크,18:30,17.1,True,0,2,194cm,85kg,1999,56.0,9.9,0.0,1.7,14.3,0.0,0.0,17.8,0.0,0.0,0.435,0.143,0.0,0.0,0.167,0.0,0.0,0.037,0.0,0.0
전사민,NC,2025,2025-04-05,@ Kiwoom,RP,H,0.0,0.6,1.666666667,16,0,0,1,0,2,0,0,,Away,고척 스카이돔,17:00,25.5,False,8,1,194cm,85kg,1999,56.0,9.9,0.0,1.7,14.3,0.0,0.0,17.8,0.0,0.0,0.435,0.143,0.0,0.0,0.167,0.0,0.0,0.037,0.0,0.0
전사민,NC,2025,2025-04-06,@ Kiwoom,RP,W,0.0,1.5,1.333333333,23,0,0,2,0,0,0,0,,Away,고척 스카이돔,14:00,25.5,True,0,2,194cm,85kg,1999,56.0,9.9,0.0,1.7,14.3,0.0,0.0,17.8,0.0,0.0,0.435,0.143,0.0,0.0,0.167,0.0,0.0,0.037,0.0,0.0
전사민,NC,2025,2025-04-09,@ KT,RP,,27.0,3.0,0.666666667,12,2,2,1,1,0,1,0,,Away,수원 KT 위즈파크,18:30,14.1,False,2,1,194cm,85kg,1999,56.0,9.9,0.0,1.7,14.3,0.0,0.0,17.8,0.0,0.0,0.435,0.143,0.0,0.0,0.167,0.0,0.0,0.037,0.0,0.0
전사민,NC,2025,2025-04-11,vs. Lotte,RP,L,9.0,1.0,1.0,23,1,1,1,0,0,0,1,,Home,창원 NC 파크,18:30,15.6,False,1,1,194cm,85kg,1999,56.0,9.9,0.0,1.7,14.3,0.0,0.0,17.8,0.0,0.0,0.435,0.143,0.0,0.0,0.167,0.0,0.0,0.037,0.0,0.0
전사민,NC,2025,2025-04-13,vs. Lotte,RP,H,0.0,1.8,1.666666667,27,0,0,1,0,0,2,0,,Home,창원 NC 파크,14:00,12.3,False,1,1,194cm,85kg,1999,56.0,9.9,0.0,1.7,14.3,0.0,0.0,17.8,0.0,0.0,0.435,0.143,0.0,0.0,0.167,0.0,0.0,0.037,0.0,0.0
전사민,NC,2025,2025-04-20,@ Hanwha,RP,,0.0,,0.0,21,2,2,2,0,0,2,0,,Away,대전 한화생명 볼파크,14:00,21.5,False,6,1,194cm,85kg,1999,56.0,9.9,0.0,1.7,14.3,0.0,0.0,17.8,0.0,0.0,0.435,0.143,0.0,0.0,0.167,0.0,0.0,0.037,0.0,0.0
전사민,NC,2025,2025-04-22,@ LG,RP,,13.5,3.0,0.666666667,10,1,1,2,0,1,0,0,,Away,잠실 야구장,18:30,17.5,False,1,1,194cm,85kg,1999,56.0,9.9,0.0,1.7,14.3,0.0,0.0,17.8,0.0,0.0,0.435,0.143,0.0,0.0,0.167,0.0,0.0,0.037,0.0,0.0
전사민,NC,2025,2025-04-24,@ LG,RP,H,0.0,0.0,1.0,14,0,0,0,0,0,0,0,,Away,잠실 야구장,18:30,17.0,False,1,1,194cm,85kg,1999,56.0,9.9,0.0,1.7,14.3,0.0,0.0,17.8,0.0,0.0,0.435,0.143,0.0,0.0,0.167,0.0,0.0,0.037,0.0,0.0
전사민,NC,2025,2025-04-27,@ Samsung,RP,,13.5,3.75,1.333333333,29,2,2,4,0,1,1,0,,Away,대구 삼성 라이온즈 파크,14:00,20.2,False,2,1,194cm,85kg,1999,56.0,9.9,0.0,1.7,14.3,0.0,0.0,17.8,0.0,0.0,0.435,0.143,0.0,0.0,0.167,0.0,0.0,0.037,0.0,0.0
전사민,NC,2025,2025-05-02,@ Lotte,RP,L,54.0,9.0,0.333333333,10,2,2,3,0,0,0,1,,Away,사직 야구장,18:30,19.1,False,4,1,194cm,85kg,1999,56.0,9.9,0.0,1.7,14.3,0.0,0.0,17.8,0.0,0.0,0.435,0.143,0.0,0.0,0.167,0.0,0.0,0.037,0.0,0.0
전사민,NC,2025,2025-05-04,@ Lotte,RP,W,0.0,1.5,0.666666667,7,0,0,1,0,0,0,0,,Away,사직 야구장,14:00,20.7,False,1,1,194cm,85kg,1999,56.0,9.9,0.0,1.7,14.3,0.0,0.0,17.8,0.0,0.0,0.435,0.143,0.0,0.0,0.167,0.0,0.0,0.037,0.0,0.0
전사민,NC,2025,2025-05-07,@ KT,RP,,4.5,1.5,2.0,31,1,1,3,1,0,0,0,,Away,수원 KT 위즈파크,18:30,16.1,False,2,1,194cm,85kg,1999,56.0,9.9,0.0,1.7,14.3,0.0,0.0,17.8,0.0,0.0,0.435,0.143,0.0,0.0,0.167,0.0,0.0,0.037,0.0,0.0
전사민,NC,2025,2025-05-11,@ Doosan,RP,SV,0.0,0.67,3.0,38,0,0,2,0,2,0,0,,Away,잠실 야구장,14:00,19.0,False,3,1,194cm,85kg,1999,56.0,9.9,0.0,1.7,14.3,0.0,0.0,17.8,0.0,0.0,0.435,0.143,0.0,0.0,0.167,0.0,0.0,0.037,0.0,0.0
전사민,NC,2025,2025-05-14,@ SSG,RP,,0.0,0.0,1.0,11,0,0,0,0,1,0,0,,Away,인천 SSG 랜더스필드,18:30,22.2,False,2,1,194cm,85kg,1999,56.0,9.9,0.0,1.7,14.3,0.0,0.0,17.8,0.0,0.0,0.435,0.143,0.0,0.0,0.167,0.0,0.0,0.037,0.0,0.0
전사민,NC,2025,2025-05-15,@ SSG,RP,,0.0,2.0,1.0,22,0,0,2,0,0,0,0,,Away,인천 SSG 랜더스필드,18:30,18.0,True,0,2,194cm,85kg,1999,56.0,9.9,0.0,1.7,14.3,0.0,0.0,17.8,0.0,0.0,0.435,0.143,0.0,0.0,0.167,0.0,0.0,0.037,0.0,0.0
전사민,NC,2025,2025-05-17,vs. Kiwoom,RP,,0.0,,0.0,13,0,0,0,0,0,2,0,,Home,창원 NC 파크,17:00,22.5,False,1,1,194cm,85kg,1999,56.0,9.9,0.0,1.7,14.3,0.0,0.0,17.8,0.0,0.0,0.435,0.143,0.0,0.0,0.167,0.0,0.0,0.037,0.0,0.0
전사민,NC,2025,2025-05-23,@ Doosan,RP,,0.0,,0.0,7,0,0,1,0,0,0,0,,Away,잠실 야구장,18:30,21.1,False,5,1,194cm,85kg,1999,56.0,9.9,0.0,1.7,14.3,0.0,0.0,17.8,0.0,0.0,0.435,0.143,0.0,0.0,0.167,0.0,0.0,0.037,0.0,0.0
전사민,NC,2025,2025-05-25,@ Doosan,RP,L,0.0,1.71,2.333333333,33,2,0,3,0,0,1,0,,Away,잠실 야구장,14:00,22.3,False,1,1,194cm,85kg,1999,56.0,9.9,0.0,1.7,14.3,0.0,0.0,17.8,0.0,0.0,0.435,0.143,0.0,0.0,0.167,0.0,0.0,0.037,0.0,0.0
전사민,NC,2025,2025-05-27,@ SSG,RP,,0.0,0.0,0.333333333,2,0,0,0,0,0,0,0,,Away,인천 SSG 랜더스필드,18:30,20.6,False,1,1,194cm,85kg,1999,56.0,9.9,0.0,1.7,14.3,0.0,0.0,17.8,0.0,0.0,0.435,0.143,0.0,0.0,0.167,0.0,0.0,0.037,0.0,0.0
전사민,NC,2025,2025-05-28,@ SSG,RP,,13.5,2.5,2.0,47,3,3,4,0,3,1,0,,Away,인천 SSG 랜더스필드,18:30,21.3,True,0,2,194cm,85kg,1999,56.0,9.9,0.0,1.7,14.3,0.0,0.0,17.8,0.0,0.0,0.435,0.143,0.0,0.0,0.167,0.0,0.0,0.037,0.0,0.0
전사민,NC,2025,2025-06-10,@ Kiwoom,RP,,0.0,0.0,1.0,10,0,0,0,0,1,0,0,,Away,고척 스카이돔,18:30,25.5,False,12,1,194cm,85kg,1999,56.0,9.9,0.0,1.7,14.3,0.0,0.0,17.8,0.0,0.0,0.435,0.143,0.0,0.0,0.167,0.0,0.0,0.037,0.0,0.0
전사민,NC,2025,2025-06-11,@ Kiwoom,RP,,0.0,0.0,1.0,10,0,0,0,0,1,0,0,,Away,고척 스카이돔,18:30,25.5,True,0,2,194cm,85kg,1999,56.0,9.9,0.0,1.7,14.3,0.0,0.0,17.8,0.0,0.0,0.435,0.143,0.0,0.0,0.167,0.0,0.0,0.037,0.0,0.0
전사민,NC,2025,2025-06-12,@ Kiwoom,RP,,9.0,1.0,1.0,17,1,1,1,0,0,0,1,,Away,고척 스카이돔,18:30,25.5,True,0,3,194cm,85kg,1999,56.0,9.9,0.0,1.7,14.3,0.0,0.0,17.8,0.0,0.0,0.435,0.143,0.0,0.0,0.167,0.0,0.0,0.037,0.0,0.0
전사민,NC,2025,2025-06-14,vs. Kia,RP,,0.0,1.0,1.0,17,0,0,0,0,0,1,0,,Home,창원 NC 파크,17:00,27.3,False,1,1,194cm,85kg,1999,56.0,9.9,0.0,1.7,14.3,0.0,0.0,17.8,0.0,0.0,0.435,0.143,0.0,0.0,0.167,0.0,0.0,0.037,0.0,0.0
전사민,NC,2025,2025-06-15,vs. Kia,RP,,27.0,3.0,0.333333333,5,1,1,1,0,0,0,0,,Home,창원 NC 파크,17:00,28.6,True,0,2,194cm,85kg,1999,56.0,9.9,0.0,1.7,14.3,0.0,0.0,17.8,0.0,0.0,0.435,0.143,0.0,0.0,0.167,0.0,0.0,0.037,0.0,0.0
전사민,NC,2025,2025-06-18,@ LG,RP,,0.0,1.2,1.666666667,20,0,0,1,0,2,1,0,,Away,잠실 야구장,18:30,28.4,False,2,1,194cm,85kg,1999,56.0,9.9,0.0,1.7,14.3,0.0,0.0,17.8,0.0,0.0,0.435,0.143,0.0,0.0,0.167,0.0,0.0,0.037,0.0,0.0
전사민,NC,2025,2025-06-21,@ KT,RP,,0.0,,0.0,11,2,2,0,0,0,2,0,,Away,수원 KT 위즈파크,17:00,24.3,False,2,1,194cm,85kg,1999,56.0,9.9,0.0,1.7,14.3,0.0,0.0,17.8,0.0,0.0,0.435,0.143,0.0,0.0,0.167,0.0,0.0,0.037,0.0,0.0
전사민,NC,2025,2025-06-26,vs. Lotte,RP,,0.0,1.0,2.0,22,0,0,1,0,1,1,2,,Home,창원 NC 파크,18:30,27.7,False,4,1,194cm,85kg,1999,56.0,9.9,0.0,1.7,14.3,0.0,0.0,17.8,0.0,0.0,0.435,0.143,0.0,0.0,0.167,0.0,0.0,0.037,0.0,0.0
전사민,NC,2025,2025-06-29,vs. Doosan,RP,,0.0,0.0,1.0,15,0,0,0,0,1,0,0,,Home,창원 NC 파크,17:00,31.6,False,2,1,194cm,85kg,1999,56.0,9.9,0.0,1.7,14.3,0.0,0.0,17.8,0.0,0.0,0.435,0.143,0.0,0.0,0.167,0.0,0.0,0.037,0.0,0.0
전사민,NC,2025,2025-07-02,@ Hanwha,RP,H,0.0,4.0,1.0,13,0,0,2,0,0,2,0,,Away,대전 한화생명 볼파크,18:30,32.4,False,2,1,194cm,85kg,1999,56.0,9.9,0.0,1.7,14.3,0.0,0.0,17.8,0.0,0.0,0.435,0.143,0.0,0.0,0.167,0.0,0.0,0.037,0.0,0.0
전사민,NC,2025,2025-07-03,@ Hanwha,RP,,0.0,0.0,1.0,12,0,0,0,0,0,0,1,,Away,대전 한화생명 볼파크,18:30,32.0,True,0,2,194cm,85kg,1999,56.0,9.9,0.0,1.7,14.3,0.0,0.0,17.8,0.0,0.0,0.435,0.143,0.0,0.0,0.167,0.0,0.0,0.037,0.0,0.0
전사민,NC,2025,2025-07-04,vs. SSG,RP,,27.0,6.0,0.333333333,5,1,1,2,0,0,0,0,,Home,창원 NC 파크,18:30,30.2,True,0,3,194cm,85kg,1999,56.0,9.9,0.0,1.7,14.3,0.0,0.0,17.8,0.0,0.0,0.435,0.143,0.0,0.0,0.167,0.0,0.0,0.037,0.0,0.0
전사민,NC,2025,2025-07-08,vs. Samsung,RP,,0.0,1.5,1.333333333,16,0,0,2,0,1,0,0,,Home,창원 NC 파크,18:30,32.8,False,3,1,194cm,85kg,1999,56.0,9.9,0.0,1.7,14.3,0.0,0.0,17.8,0.0,0.0,0.435,0.143,0.0,0.0,0.167,0.0,0.0,0.037,0.0,0.0
전사민,NC,2025,2025-07-10,vs. Samsung,RP,,0.0,1.0,1.0,18,0,0,1,0,2,0,0,,Home,창원 NC 파크,18:30,30.5,False,1,1,194cm,85kg,1999,56.0,9.9,0.0,1.7,14.3,0.0,0.0,17.8,0.0,0.0,0.435,0.143,0.0,0.0,0.167,0.0,0.0,0.037,0.0,0.0
전상현,KIA,2025,2025-03-27,vs. Kiwoom,RP,,0.0,0.0,1.0,11,0,0,0,0,1,0,0,,Home,광주 기아 챔피언스 필드,18:30,14.1,False,0,1,182cm,88kg,1996,0.0,45.7,0.0,3.7,31.0,0.0,0.0,19.4,0.0,0.0,0.0,0.306,0.0,0.286,0.207,0.0,0.0,0.237,0.0,0.0
전상현,KIA,2025,2025-03-28,@ Hanwha,RP,L,40.5,4.5,0.666666667,27,3,3,1,1,1,2,0,,Away,대전 한화생명 볼파크,18:30,6.4,True,0,2,182cm,88kg,1996,0.0,45.7,0.0,3.7,31.0,0.0,0.0,19.4,0.0,0.0,0.0,0.306,0.0,0.286,0.207,0.0,0.0,0.237,0.0,0.0
전상현,KIA,2025,2025-04-02,vs. Samsung,RP,L,54.0,9.0,0.333333333,15,2,2,1,0,0,2,0,,Home,광주 기아 챔피언스 필드,18:30,10.3,False,4,1,182cm,88kg,1996,0.0,45.7,0.0,3.7,31.0,0.0,0.0,19.4,0.0,0.0,0.0,0.306,0.0,0.286,0.207,0.0,0.0,0.237,0.0,0.0
전상현,KIA,2025,2025-04-08,@ Lotte,RP,H,13.5,3.0,0.666666667,23,1,1,2,0,0,0,0,,Away,사직 야구장,18:30,17.3,False,5,1,182cm,88kg,1996,0.0,45.7,0.0,3.7,31.0,0.0,0.0,19.4,0.0,0.0,0.0,0.306,0.0,0.286,0.207,0.0,0.0,0.237,0.0,0.0
전상현,KIA,2025,2025-04-13,vs. SSG,RP,,0.0,1.0,1.0,8,0,0,1,0,1,0,0,,Home,광주 기아 챔피언스 필드,14:00,11.6,False,4,1,182cm,88kg,1996,0.0,45.7,0.0,3.7,31.0,0.0,0.0,19.4,0.0,0.0,0.0,0.306,0.0,0.286,0.207,0.0,0.0,0.237,0.0,0.0
전상현,KIA,2025,2025-04-16,vs. KT,RP,,0.0,0.0,1.0,11,0,0,0,0,0,0,1,,Home,광주 기아 챔피언스 필드,18:30,21.7,False,2,1,182cm,88kg,1996,0.0,45.7,0.0,3.7,31.0,0.0,0.0,19.4,0.0,0.0,0.0,0.306,0.0,0.286,0.207,0.0,0.0,0.237,0.0,0.0
전상현,KIA,2025,2025-04-17,vs. KT,RP,,0.0,2.0,1.0,12,1,0,2,0,0,0,0,,Home,광주 기아 챔피언스 필드,18:30,22.8,True,0,2,182cm,88kg,1996,0.0,45.7,0.0,3.7,31.0,0.0,0.0,19.4,0.0,0.0,0.0,0.306,0.0,0.286,0.207,0.0,0.0,0.237,0.0,0.0
전상현,KIA,2025,2025-04-19,@ Doosan,RP,H,0.0,0.0,1.0,14,0,0,0,0,0,0,0,,Away,잠실 야구장,17:00,14.6,False,1,1,182cm,88kg,1996,0.0,45.7,0.0,3.7,31.0,0.0,0.0,19.4,0.0,0.0,0.0,0.306,0.0,0.286,0.207,0.0,0.0,0.237,0.0,0.0
전상현,KIA,2025,2025-04-20,@ Doosan,RP,H,0.0,0.0,0.666666667,8,0,0,0,0,1,0,0,,Away,잠실 야구장,14:00,22.5,True,0,2,182cm,88kg,1996,0.0,45.7,0.0,3.7,31.0,0.0,0.0,19.4,0.0,0.0,0.0,0.306,0.0,0.286,0.207,0.0,0.0,0.237,0.0,0.0
전상현,KIA,2025,2025-04-25,vs. LG,RP,,0.0,1.0,1.0,10,0,0,1,0,1,0,0,,Home,광주 기아 챔피언스 필드,18:30,16.2,False,4,1,182cm,88kg,1996,0.0,45.7,0.0,3.7,31.0,0.0,0.0,19.4,0.0,0.0,0.0,0.306,0.0,0.286,0.207,0.0,0.0,0.237,0.0,0.0
전상현,KIA,2025,2025-04-27,vs. LG,RP,W,0.0,0.0,1.0,12,0,0,0,0,0,0,0,,Home,광주 기아 챔피언스 필드,14:00,24.1,False,1,1,182cm,88kg,1996,0.0,45.7,0.0,3.7,31.0,0.0,0.0,19.4,0.0,0.0,0.0,0.306,0.0,0.286,0.207,0.0,0.0,0.237,0.0,0.0
전상현,KIA,2025,2025-04-29,vs. NC,RP,H,0.0,3.0,0.333333333,13,0,0,0,0,0,1,0,,Home,광주 기아 챔피언스 필드,18:30,21.6,False,1,1,182cm,88kg,1996,0.0,45.7,0.0,3.7,31.0,0.0,0.0,19.4,0.0,0.0,0.0,0.306,0.0,0.286,0.207,0.0,0.0,0.237,0.0,0.0
전상현,KIA,2025,2025-04-30,vs. NC,RP,,0.0,2.0,1.0,22,0,0,1,0,0,1,0,,Home,광주 기아 챔피언스 필드,18:30,23.0,True,0,2,182cm,88kg,1996,0.0,45.7,0.0,3.7,31.0,0.0,0.0,19.4,0.0,0.0,0.0,0.306,0.0,0.286,0.207,0.0,0.0,0.237,0.0,0.0
전상현,KIA,2025,2025-05-02,vs. Hanwha,RP,,0.0,2.0,1.0,23,0,0,1,0,0,1,0,,Home,광주 기아 챔피언스 필드,18:30,17.3,False,1,1,182cm,88kg,1996,0.0,45.7,0.0,3.7,31.0,0.0,0.0,19.4,0.0,0.0,0.0,0.306,0.0,0.286,0.207,0.0,0.0,0.237,0.0,0.0
전상현,KIA,2025,2025-05-06,@ Kiwoom,RP,,0.0,3.0,0.333333333,7,0,0,1,0,1,0,0,,Away,고척 스카이돔,18:30,25.5,False,3,1,182cm,88kg,1996,0.0,45.7,0.0,3.7,31.0,0.0,0.0,19.4,0.0,0.0,0.0,0.306,0.0,0.286,0.207,0.0,0.0,0.237,0.0,0.0
전상현,KIA,2025,2025-05-07,@ Kiwoom,RP,H,5.4,1.2,1.666666667,30,1,1,2,0,3,0,0,,Away,고척 스카이돔,18:30,25.5,True,0,2,182cm,88kg,1996,0.0,45.7,0.0,3.7,31.0,0.0,0.0,19.4,0.0,0.0,0.0,0.306,0.0,0.286,0.207,0.0,0.0,0.237,0.0,0.0
전상현,KIA,2025,2025-05-10,@ SSG,RP,H,13.5,1.5,0.666666667,11,1,1,1,0,0,0,0,,Away,인천 SSG 랜더스필드,17:00,11.6,False,2,1,182cm,88kg,1996,0.0,45.7,0.0,3.7,31.0,0.0,0.0,19.4,0.0,0.0,0.0,0.306,0.0,0.286,0.207,0.0,0.0,0.237,0.0,0.0
전상현,KIA,2025,2025-05-11,@ SSG,RP,,0.0,,0.0,10,2,2,2,0,0,1,0,,Away,인천 SSG 랜더스필드,14:00,16.8,True,0,2,182cm,88kg,1996,0.0,45.7,0.0,3.7,31.0,0.0,0.0,19.4,0.0,0.0,0.0,0.306,0.0,0.286,0.207,0.0,0.0,0.237,0.0,0.0
전상현,KIA,2025,2025-05-13,vs. Lotte,RP,H,0.0,0.75,1.333333333,14,0,0,1,0,0,0,0,,Home,광주 기아 챔피언스 필드,18:30,24.9,False,1,1,182cm,88kg,1996,0.0,45.7,0.0,3.7,31.0,0.0,0.0,19.4,0.0,0.0,0.0,0.306,0.0,0.286,0.207,0.0,0.0,0.237,0.0,0.0
전상현,KIA,2025,2025-05-15,vs. Lotte,RP,,54.0,9.0,0.333333333,11,2,2,3,0,1,0,0,,Home,광주 기아 챔피언스 필드,18:30,21.6,False,1,1,182cm,88kg,1996,0.0,45.7,0.0,3.7,31.0,0.0,0.0,19.4,0.0,0.0,0.0,0.306,0.0,0.286,0.207,0.0,0.0,0.237,0.0,0.0
전상현,KIA,2025,2025-05-17,vs. Doosan,RP,,0.0,3.0,0.333333333,8,0,0,1,0,1,0,0,,Home,광주 기아 챔피언스 필드,17:00,21.7,False,1,1,182cm,88kg,1996,0.0,45.7,0.0,3.7,31.0,0.0,0.0,19.4,0.0,0.0,0.0,0.306,0.0,0.286,0.207,0.0,0.0,0.237,0.0,0.0
전상현,KIA,2025,2025-05-18,vs. Doosan,RP,W,0.0,1.0,1.0,24,0,0,1,0,1,0,0,,Home,광주 기아 챔피언스 필드,14:00,22.9,True,0,2,182cm,88kg,1996,0.0,45.7,0.0,3.7,31.0,0.0,0.0,19.4,0.0,0.0,0.0,0.306,0.0,0.286,0.207,0.0,0.0,0.237,0.0,0.0
전상현,KIA,2025,2025-05-21,@ KT,RP,,0.0,2.0,1.0,10,0,0,1,0,0,1,0,,Away,수원 KT 위즈파크,18:30,26.8,False,2,1,182cm,88kg,1996,0.0,45.7,0.0,3.7,31.0,0.0,0.0,19.4,0.0,0.0,0.0,0.306,0.0,0.286,0.207,0.0,0.0,0.237,0.0,0.0
전상현,KIA,2025,2025-05-22,@ KT,RP,,0.0,0.0,0.333333333,3,0,0,0,0,0,0,0,,Away,수원 KT 위즈파크,18:30,25.5,True,0,2,182cm,88kg,1996,0.0,45.7,0.0,3.7,31.0,0.0,0.0,19.4,0.0,0.0,0.0,0.306,0.0,0.286,0.207,0.0,0.0,0.237,0.0,0.0
전상현,KIA,2025,2025-05-24,@ Samsung,RP,,0.0,2.0,1.0,19,1,0,2,0,1,0,0,,Away,대구 삼성 라이온즈 파크,17:00,14.5,False,1,1,182cm,88kg,1996,0.0,45.7,0.0,3.7,31.0,0.0,0.0,19.4,0.0,0.0,0.0,0.306,0.0,0.286,0.207,0.0,0.0,0.237,0.0,0.0
전상현,KIA,2025,2025-05-25,@ Samsung,RP,,0.0,0.75,1.333333333,18,0,0,0,0,0,1,0,,Away,대구 삼성 라이온즈 파크,14:00,19.3,True,0,2,182cm,88kg,1996,0.0,45.7,0.0,3.7,31.0,0.0,0.0,19.4,0.0,0.0,0.0,0.306,0.0,0.286,0.207,0.0,0.0,0.237,0.0,0.0
전상현,KIA,2025,2025-05-27,vs. Kiwoom,RP,,0.0,,0.0,9,1,1,2,0,0,0,0,,Home,광주 기아 챔피언스 필드,18:30,24.9,False,1,1,182cm,88kg,1996,0.0,45.7,0.0,3.7,31.0,0.0,0.0,19.4,0.0,0.0,0.0,0.306,0.0,0.286,0.207,0.0,0.0,0.237,0.0,0.0
전상현,KIA,2025,2025-05-29,vs. Kiwoom,RP,,0.0,1.0,1.0,16,0,0,1,0,1,0,0,,Home,광주 기아 챔피언스 필드,18:30,25.8,False,1,1,182cm,88kg,1996,0.0,45.7,0.0,3.7,31.0,0.0,0.0,19.4,0.0,0.0,0.0,0.306,0.0,0.286,0.207,0.0,0.0,0.237,0.0,0.0
전상현,KIA,2025,2025-05-31,@ KT,RP,,0.0,0.6,1.666666667,27,0,0,0,0,1,1,0,,Away,수원 KT 위즈파크,17:00,22.8,False,1,1,182cm,88kg,1996,0.0,45.7,0.0,3.7,31.0,0.0,0.0,19.4,0.0,0.0,0.0,0.306,0.0,0.286,0.207,0.0,0.0,0.237,0.0,0.0
전상현,KIA,2025,2025-06-01,@ KT,RP,H,0.0,0.0,1.0,10,0,0,0,0,1,0,0,,Away,수원 KT 위즈파크,17:00,24.4,True,0,2,182cm,88kg,1996,0.0,45.7,0.0,3.7,31.0,0.0,0.0,19.4,0.0,0.0,0.0,0.306,0.0,0.286,0.207,0.0,0.0,0.237,0.0,0.0
전상현,KIA,2025,2025-06-03,@ Doosan,RP,,0.0,0.0,1.0,9,0,0,0,0,1,0,0,,Away,잠실 야구장,18:30,22.8,False,1,1,182cm,88kg,1996,0.0,45.7,0.0,3.7,31.0,0.0,0.0,19.4,0.0,0.0,0.0,0.306,0.0,0.286,0.207,0.0,0.0,0.237,0.0,0.0
전상현,KIA,2025,2025-06-05,@ Doosan,RP,,0.0,1.5,0.666666667,14,0,0,1,0,0,0,0,,Away,잠실 야구장,18:30,23.9,False,1,1,182cm,88kg,1996,0.0,45.7,0.0,3.7,31.0,0.0,0.0,19.4,0.0,0.0,0.0,0.306,0.0,0.286,0.207,0.0,0.0,0.237,0.0,0.0
전상현,KIA,2025,2025-06-06,vs. Hanwha,RP,H,9.0,2.0,1.0,14,1,1,2,1,1,0,0,,Home,광주 기아 챔피언스 필드,18:30,22.6,True,0,2,182cm,88kg,1996,0.0,45.7,0.0,3.7,31.0,0.0,0.0,19.4,0.0,0.0,0.0,0.306,0.0,0.286,0.207,0.0,0.0,0.237,0.0,0.0
전상현,KIA,2025,2025-06-08,vs. Hanwha,RP,,4.5,1.5,2.0,20,1,1,3,0,1,0,0,,Home,광주 기아 챔피언스 필드,17:00,28.7,False,1,1,182cm,88kg,1996,0.0,45.7,0.0,3.7,31.0,0.0,0.0,19.4,0.0,0.0,0.0,0.306,0.0,0.286,0.207,0.0,0.0,0.237,0.0,0.0
전상현,KIA,2025,2025-06-11,vs. Samsung,RP,H,0.0,0.0,1.0,14,0,0,0,0,2,0,0,,Home,광주 기아 챔피언스 필드,18:30,27.1,False,2,1,182cm,88kg,1996,0.0,45.7,0.0,3.7,31.0,0.0,0.0,19.4,0.0,0.0,0.0,0.306,0.0,0.286,0.207,0.0,0.0,0.237,0.0,0.0
전상현,KIA,2025,2025-06-12,vs. Samsung,RP,,0.0,0.0,1.0,10,0,0,0,0,0,0,0,,Home,광주 기아 챔피언스 필드,18:30,26.3,True,0,2,182cm,88kg,1996,0.0,45.7,0.0,3.7,31.0,0.0,0.0,19.4,0.0,0.0,0.0,0.306,0.0,0.286,0.207,0.0,0.0,0.237,0.0,0.0
전상현,KIA,2025,2025-06-14,@ NC,RP,H,6.75,1.5,1.333333333,14,1,1,2,0,1,0,0,,Away,창원 NC 파크,17:00,27.3,False,1,1,182cm,88kg,1996,0.0,45.7,0.0,3.7,31.0,0.0,0.0,19.4,0.0,0.0,0.0,0.306,0.0,0.286,0.207,0.0,0.0,0.237,0.0,0.0
전상현,KIA,2025,2025-06-18,vs. KT,RP,W,0.0,0.0,2.0,19,0,0,0,0,0,0,0,,Home,광주 기아 챔피언스 필드,18:30,29.7,False,3,1,182cm,88kg,1996,0.0,45.7,0.0,3.7,31.0,0.0,0.0,19.4,0.0,0.0,0.0,0.306,0.0,0.286,0.207,0.0,0.0,0.237,0.0,0.0
전상현,KIA,2025,2025-06-19,vs. KT,RP,H,0.0,1.0,1.0,5,0,0,1,0,0,0,0,,Home,광주 기아 챔피언스 필드,18:30,29.3,True,0,2,182cm,88kg,1996,0.0,45.7,0.0,3.7,31.0,0.0,0.0,19.4,0.0,0.0,0.0,0.306,0.0,0.286,0.207,0.0,0.0,0.237,0.0,0.0
전상현,KIA,2025,2025-06-21,@ SSG,RP,H,0.0,1.0,1.0,11,0,0,1,0,0,0,0,,Away,인천 SSG 랜더스필드,17:00,23.5,False,1,1,182cm,88kg,1996,0.0,45.7,0.0,3.7,31.0,0.0,0.0,19.4,0.0,0.0,0.0,0.306,0.0,0.286,0.207,0.0,0.0,0.237,0.0,0.0
전상현,KIA,2025,2025-06-22,@ SSG,RP,H,0.0,1.0,1.0,18,0,0,1,0,1,0,0,,Away,인천 SSG 랜더스필드,17:00,25.0,True,0,2,182cm,88kg,1996,0.0,45.7,0.0,3.7,31.0,0.0,0.0,19.4,0.0,0.0,0.0,0.306,0.0,0.286,0.207,0.0,0.0,0.237,0.0,0.0
전상현,KIA,2025,2025-06-25,@ Kiwoom,RP,H,0.0,0.0,1.0,11,0,0,0,0,1,0,0,,Away,고척 스카이돔,18:30,25.5,False,2,1,182cm,88kg,1996,0.0,45.7,0.0,3.7,31.0,0.0,0.0,19.4,0.0,0.0,0.0,0.306,0.0,0.286,0.207,0.0,0.0,0.237,0.0,0.0
전상현,KIA,2025,2025-06-26,@ Kiwoom,RP,,0.0,0.0,1.0,10,0,0,0,0,1,0,0,,Away,고척 스카이돔,18:30,25.5,True,0,2,182cm,88kg,1996,0.0,45.7,0.0,3.7,31.0,0.0,0.0,19.4,0.0,0.0,0.0,0.306,0.0,0.286,0.207,0.0,0.0,0.237,0.0,0.0
전상현,KIA,2025,2025-06-28,@ LG,RP,H,6.75,2.25,1.333333333,20,1,1,2,1,1,1,0,,Away,잠실 야구장,17:00,29.9,False,1,1,182cm,88kg,1996,0.0,45.7,0.0,3.7,31.0,0.0,0.0,19.4,0.0,0.0,0.0,0.306,0.0,0.286,0.207,0.0,0.0,0.237,0.0,0.0
전상현,KIA,2025,2025-07-01,vs. SSG,RP,W,0.0,0.0,1.0,8,0,0,0,0,1,0,0,,Home,광주 기아 챔피언스 필드,18:30,32.6,False,2,1,182cm,88kg,1996,0.0,45.7,0.0,3.7,31.0,0.0,0.0,19.4,0.0,0.0,0.0,0.306,0.0,0.286,0.207,0.0,0.0,0.237,0.0,0.0
전상현,KIA,2025,2025-07-03,vs. SSG,RP,W,0.0,0.0,1.0,9,0,0,0,0,0,0,0,,Home,광주 기아 챔피언스 필드,18:30,32.6,False,1,1,182cm,88kg,1996,0.0,45.7,0.0,3.7,31.0,0.0,0.0,19.4,0.0,0.0,0.0,0.306,0.0,0.286,0.207,0.0,0.0,0.237,0.0,0.0
전상현,KIA,2025,2025-07-04,vs. Lotte,RP,,54.0,9.0,0.333333333,15,2,2,3,0,0,0,0,,Home,광주 기아 챔피언스 필드,18:30,30.7,True,0,2,182cm,88kg,1996,0.0,45.7,0.0,3.7,31.0,0.0,0.0,19.4,0.0,0.0,0.0,0.306,0.0,0.286,0.207,0.0,0.0,0.237,0.0,0.0
전상현,KIA,2025,2025-07-10,@ Hanwha,RP,H,0.0,1.0,1.0,9,0,0,1,0,0,0,0,,Away,대전 한화생명 볼파크,18:30,32.1,False,5,1,182cm,88kg,1996,0.0,45.7,0.0,3.7,31.0,0.0,0.0,19.4,0.0,0.0,0.0,0.306,0.0,0.286,0.207,0.0,0.0,0.237,0.0,0.0
전영준,SSG,2025,2025-05-20,@ Doosan,SP,,6.23,1.62,4.333333333,71,3,3,6,1,4,1,0,42.0,Away,잠실 야구장,18:30,25.2,False,0,1,190cm,100kg,2002,1.4,61.0,0.0,7.4,18.7,0.0,0.0,11.1,0.0,0.0,0.0,0.237,0.0,0.4,0.318,0.0,0.0,0.304,0.0,0.0
전영준,SSG,2025,2025-05-25,vs. LG,SP,L,2.08,1.38,4.333333333,81,1,1,5,0,3,1,0,51.0,Home,인천 SSG 랜더스필드,14:00,18.2,False,4,1,190cm,100kg,2002,1.4,61.0,0.0,7.4,18.7,0.0,0.0,11.1,0.0,0.0,0.0,0.237,0.0,0.4,0.318,0.0,0.0,0.304,0.0,0.0
전영준,SSG,2025,2025-05-31,@ Lotte,SP,,2.25,1.5,4.0,64,1,1,4,0,4,2,0,52.0,Away,사직 야구장,17:00,20.8,False,5,1,190cm,100kg,2002,1.4,61.0,0.0,7.4,18.7,0.0,0.0,11.1,0.0,0.0,0.0,0.237,0.0,0.4,0.318,0.0,0.0,0.304,0.0,0.0
전영준,SSG,2025,2025-06-06,@ KT,SP,L,12.0,2.0,3.0,72,4,4,5,0,5,1,1,36.0,Away,수원 KT 위즈파크,18:30,24.9,False,5,1,190cm,100kg,2002,1.4,61.0,0.0,7.4,18.7,0.0,0.0,11.1,0.0,0.0,0.0,0.237,0.0,0.4,0.318,0.0,0.0,0.304,0.0,0.0
전영준,SSG,2025,2025-06-12,@ LG,SP,,4.5,1.5,2.0,35,1,1,2,0,0,1,1,46.0,Away,잠실 야구장,18:30,29.0,False,5,1,190cm,100kg,2002,1.4,61.0,0.0,7.4,18.7,0.0,0.0,11.1,0.0,0.0,0.0,0.237,0.0,0.4,0.318,0.0,0.0,0.304,0.0,0.0
전영준,SSG,2025,2025-06-18,@ Kiwoom,RP,,3.86,0.86,2.333333333,46,1,1,2,0,5,0,1,,Away,고척 스카이돔,18:30,25.5,False,5,1,190cm,100kg,2002,1.4,61.0,0.0,7.4,18.7,0.0,0.0,11.1,0.0,0.0,0.0,0.237,0.0,0.4,0.318,0.0,0.0,0.304,0.0,0.0
전영준,SSG,2025,2025-06-21,vs. Kia,RP,,0.0,1.5,1.333333333,26,0,0,0,0,1,2,1,,Home,인천 SSG 랜더스필드,17:00,23.5,False,2,1,190cm,100kg,2002,1.4,61.0,0.0,7.4,18.7,0.0,0.0,11.1,0.0,0.0,0.0,0.237,0.0,0.4,0.318,0.0,0.0,0.304,0.0,0.0
전영준,SSG,2025,2025-06-27,vs. Hanwha,RP,,0.0,0.38,2.666666667,34,0,0,1,0,2,0,0,,Home,인천 SSG 랜더스필드,18:30,28.2,False,5,1,190cm,100kg,2002,1.4,61.0,0.0,7.4,18.7,0.0,0.0,11.1,0.0,0.0,0.0,0.237,0.0,0.4,0.318,0.0,0.0,0.304,0.0,0.0
전영준,SSG,2025,2025-07-01,@ Kia,RP,,0.0,0.0,1.0,18,0,0,0,0,0,0,1,,Away,광주 기아 챔피언스 필드,18:30,32.6,False,3,1,190cm,100kg,2002,1.4,61.0,0.0,7.4,18.7,0.0,0.0,11.1,0.0,0.0,0.0,0.237,0.0,0.4,0.318,0.0,0.0,0.304,0.0,0.0
전영준,SSG,2025,2025-07-03,@ Kia,RP,L,27.0,6.0,0.333333333,9,1,1,1,0,0,1,0,,Away,광주 기아 챔피언스 필드,18:30,32.6,False,1,1,190cm,100kg,2002,1.4,61.0,0.0,7.4,18.7,0.0,0.0,11.1,0.0,0.0,0.0,0.237,0.0,0.4,0.318,0.0,0.0,0.304,0.0,0.0
전영준,SSG,2025,2025-07-05,@ NC,RP,,0.0,1.0,1.0,13,0,0,1,0,0,0,0,,Away,창원 NC 파크,18:00,31.2,False,1,1,190cm,100kg,2002,1.4,61.0,0.0,7.4,18.7,0.0,0.0,11.1,0.0,0.0,0.0,0.237,0.0,0.4,0.318,0.0,0.0,0.304,0.0,0.0
전영준,SSG,2025,2025-07-06,@ NC,RP,,0.0,0.0,1.0,7,0,0,0,0,1,0,0,,Away,창원 NC 파크,17:00,32.8,True,0,2,190cm,100kg,2002,1.4,61.0,0.0,7.4,18.7,0.0,0.0,11.1,0.0,0.0,0.0,0.237,0.0,0.4,0.318,0.0,0.0,0.304,0.0,0.0
전영준,SSG,2025,2025-07-09,vs. KT,RP,,13.5,3.0,1.333333333,37,2,2,3,1,1,1,0,,Home,인천 SSG 랜더스필드,18:30,34.2,False,2,1,190cm,100kg,2002,1.4,61.0,0.0,7.4,18.7,0.0,0.0,11.1,0.0,0.0,0.0,0.237,0.0,0.4,0.318,0.0,0.0,0.304,0.0,0.0
정동윤,SSG,2025,2025-03-28,@ Kiwoom,RP,,12.0,2.0,3.0,57,4,4,5,0,4,1,0,,Away,고척 스카이돔,18:30,25.5,False,0,1,193cm,103kg,1997,46.6,7.1,0.0,25.6,10.9,0.0,0.0,8.8,0.0,0.0,0.333,0.5,0.0,0.182,0.571,0.0,0.0,0.2,0.0,1.0
정동윤,SSG,2025,2025-04-11,@ Kia,RP,,0.0,1.0,1.0,16,0,0,0,0,1,1,0,,Away,광주 기아 챔피언스 필드,18:30,20.6,False,13,1,193cm,103kg,1997,46.6,7.1,0.0,25.6,10.9,0.0,0.0,8.8,0.0,0.0,0.333,0.5,0.0,0.182,0.571,0.0,0.0,0.2,0.0,1.0
정동윤,SSG,2025,2025-04-13,@ Kia,RP,,18.0,4.0,1.0,25,2,2,2,0,1,2,0,,Away,광주 기아 챔피언스 필드,14:00,11.6,False,1,1,193cm,103kg,1997,46.6,7.1,0.0,25.6,10.9,0.0,0.0,8.8,0.0,0.0,0.333,0.5,0.0,0.182,0.571,0.0,0.0,0.2,0.0,1.0
정동윤,SSG,2025,2025-04-16,vs. Hanwha,RP,,15.43,2.14,2.333333333,44,4,4,2,1,2,3,0,,Home,인천 SSG 랜더스필드,18:30,18.0,False,2,1,193cm,103kg,1997,46.6,7.1,0.0,25.6,10.9,0.0,0.0,8.8,0.0,0.0,0.333,0.5,0.0,0.182,0.571,0.0,0.0,0.2,0.0,1.0
정동윤,SSG,2025,2025-06-05,vs. Samsung,RP,,0.0,0.0,0.333333333,5,0,0,0,0,1,0,0,,Home,인천 SSG 랜더스필드,18:30,20.8,False,49,1,193cm,103kg,1997,46.6,7.1,0.0,25.6,10.9,0.0,0.0,8.8,0.0,0.0,0.333,0.5,0.0,0.182,0.571,0.0,0.0,0.2,0.0,1.0
정동윤,SSG,2025,2025-06-06,@ KT,RP,,9.0,2.67,3.0,62,3,3,5,0,1,3,0,,Away,수원 KT 위즈파크,18:30,24.9,True,0,2,193cm,103kg,1997,46.6,7.1,0.0,25.6,10.9,0.0,0.0,8.8,0.0,0.0,0.333,0.5,0.0,0.182,0.571,0.0,0.0,0.2,0.0,1.0
정동윤,SSG,2025,2025-07-09,vs. KT,RP,,18.0,3.0,1.0,29,2,2,2,0,1,1,0,,Home,인천 SSG 랜더스필드,18:30,34.2,False,32,1,193cm,103kg,1997,46.6,7.1,0.0,25.6,10.9,0.0,0.0,8.8,0.0,0.0,0.333,0.5,0.0,0.182,0.571,0.0,0.0,0.2,0.0,1.0
정우주,한화,2025,2025-03-23,@ KT,RP,,0.0,0.0,1.0,17,0,0,0,0,1,0,0,,Away,수원 KT 위즈파크,14:00,22.7,False,0,1,184cm,88kg,2006,0.0,82.8,0.0,3.6,12.6,1.0,0.0,0.0,0.0,0.0,0.0,0.162,0.0,0.167,0.286,0.0,0.0,0.0,0.0,0.0
정우주,한화,2025,2025-03-25,@ LG,RP,,0.0,,0.0,17,3,3,1,0,0,1,1,,Away,잠실 야구장,18:30,13.3,False,1,1,184cm,88kg,2006,0.0,82.8,0.0,3.6,12.6,1.0,0.0,0.0,0.0,0.0,0.0,0.162,0.0,0.167,0.286,0.0,0.0,0.0,0.0,0.0
정우주,한화,2025,2025-03-30,vs. Kia,RP,,0.0,1.0,1.0,12,0,0,1,0,1,0,0,,Home,대전 한화생명 볼파크,14:00,5.1,False,4,1,184cm,88kg,2006,0.0,82.8,0.0,3.6,12.6,1.0,0.0,0.0,0.0,0.0,0.0,0.162,0.0,0.167,0.286,0.0,0.0,0.0,0.0,0.0
정우주,한화,2025,2025-04-02,vs. Lotte,RP,,9.0,1.0,1.0,17,1,1,1,1,2,0,0,,Home,대전 한화생명 볼파크,18:30,11.0,False,2,1,184cm,88kg,2006,0.0,82.8,0.0,3.6,12.6,1.0,0.0,0.0,0.0,0.0,0.0,0.162,0.0,0.167,0.286,0.0,0.0,0.0,0.0,0.0
정우주,한화,2025,2025-04-04,@ Samsung,RP,,0.0,1.0,1.0,20,0,0,1,0,2,0,0,,Away,대구 삼성 라이온즈 파크,18:30,12.3,False,1,1,184cm,88kg,2006,0.0,82.8,0.0,3.6,12.6,1.0,0.0,0.0,0.0,0.0,0.0,0.162,0.0,0.167,0.286,0.0,0.0,0.0,0.0,0.0
정우주,한화,2025,2025-04-05,@ Samsung,RP,,0.0,0.0,0.666666667,6,0,0,0,0,1,0,0,,Away,대구 삼성 라이온즈 파크,17:00,13.4,True,0,2,184cm,88kg,2006,0.0,82.8,0.0,3.6,12.6,1.0,0.0,0.0,0.0,0.0,0.0,0.162,0.0,0.167,0.286,0.0,0.0,0.0,0.0,0.0
정우주,한화,2025,2025-04-08,@ Doosan,RP,,0.0,1.0,1.0,19,0,0,0,0,1,1,0,,Away,잠실 야구장,18:30,16.8,False,2,1,184cm,88kg,2006,0.0,82.8,0.0,3.6,12.6,1.0,0.0,0.0,0.0,0.0,0.0,0.162,0.0,0.167,0.286,0.0,0.0,0.0,0.0,0.0
정우주,한화,2025,2025-04-11,vs. Kiwoom,RP,,0.0,0.75,1.333333333,28,0,0,0,0,3,1,0,,Home,대전 한화생명 볼파크,18:30,24.0,False,2,1,184cm,88kg,2006,0.0,82.8,0.0,3.6,12.6,1.0,0.0,0.0,0.0,0.0,0.0,0.162,0.0,0.167,0.286,0.0,0.0,0.0,0.0,0.0
정우주,한화,2025,2025-04-17,@ SSG,RP,H,0.0,0.0,1.0,13,0,0,0,0,2,0,0,,Away,인천 SSG 랜더스필드,18:30,16.8,False,5,1,184cm,88kg,2006,0.0,82.8,0.0,3.6,12.6,1.0,0.0,0.0,0.0,0.0,0.0,0.162,0.0,0.167,0.286,0.0,0.0,0.0,0.0,0.0
정우주,한화,2025,2025-04-18,vs. NC,RP,H,0.0,0.6,1.666666667,25,0,0,1,0,3,0,0,,Home,대전 한화생명 볼파크,18:30,24.9,True,0,2,184cm,88kg,2006,0.0,82.8,0.0,3.6,12.6,1.0,0.0,0.0,0.0,0.0,0.0,0.162,0.0,0.167,0.286,0.0,0.0,0.0,0.0,0.0
정우주,한화,2025,2025-04-24,@ Lotte,RP,,0.0,0.0,0.666666667,11,0,0,0,0,1,0,0,,Away,사직 야구장,18:30,16.6,False,5,1,184cm,88kg,2006,0.0,82.8,0.0,3.6,12.6,1.0,0.0,0.0,0.0,0.0,0.0,0.162,0.0,0.167,0.286,0.0,0.0,0.0,0.0,0.0
정우주,한화,2025,2025-04-25,vs. KT,RP,,0.0,0.0,1.0,11,0,0,0,0,1,0,0,,Home,대전 한화생명 볼파크,18:30,16.9,True,0,2,184cm,88kg,2006,0.0,82.8,0.0,3.6,12.6,1.0,0.0,0.0,0.0,0.0,0.0,0.162,0.0,0.167,0.286,0.0,0.0,0.0,0.0,0.0
정우주,한화,2025,2025-04-27,vs. KT,RP,,81.0,9.0,0.333333333,16,3,3,2,0,0,1,0,,Home,대전 한화생명 볼파크,14:00,24.3,False,1,1,184cm,88kg,2006,0.0,82.8,0.0,3.6,12.6,1.0,0.0,0.0,0.0,0.0,0.0,0.162,0.0,0.167,0.286,0.0,0.0,0.0,0.0,0.0
정우주,한화,2025,2025-05-02,@ Kia,RP,W,0.0,0.75,1.333333333,26,0,0,0,0,3,1,0,,Away,광주 기아 챔피언스 필드,18:30,17.3,False,4,1,184cm,88kg,2006,0.0,82.8,0.0,3.6,12.6,1.0,0.0,0.0,0.0,0.0,0.0,0.162,0.0,0.167,0.286,0.0,0.0,0.0,0.0,0.0
정우주,한화,2025,2025-05-06,vs. Samsung,RP,H,0.0,0.75,1.333333333,21,0,0,0,0,0,1,0,,Home,대전 한화생명 볼파크,18:30,16.9,False,3,1,184cm,88kg,2006,0.0,82.8,0.0,3.6,12.6,1.0,0.0,0.0,0.0,0.0,0.0,0.162,0.0,0.167,0.286,0.0,0.0,0.0,0.0,0.0
정우주,한화,2025,2025-05-10,@ Kiwoom,RP,,0.0,0.0,1.0,15,0,0,0,0,0,0,0,,Away,고척 스카이돔,17:00,25.5,False,3,1,184cm,88kg,2006,0.0,82.8,0.0,3.6,12.6,1.0,0.0,0.0,0.0,0.0,0.0,0.162,0.0,0.167,0.286,0.0,0.0,0.0,0.0,0.0
정우주,한화,2025,2025-05-13,vs. Doosan,RP,,0.0,0.0,1.0,18,0,0,0,0,1,0,0,,Home,대전 한화생명 볼파크,18:30,24.2,False,2,1,184cm,88kg,2006,0.0,82.8,0.0,3.6,12.6,1.0,0.0,0.0,0.0,0.0,0.0,0.162,0.0,0.167,0.286,0.0,0.0,0.0,0.0,0.0
정우주,한화,2025,2025-05-15,vs. Doosan,RP,,10.8,1.2,1.666666667,24,2,2,2,2,1,0,0,,Home,대전 한화생명 볼파크,18:30,22.7,False,1,1,184cm,88kg,2006,0.0,82.8,0.0,3.6,12.6,1.0,0.0,0.0,0.0,0.0,0.0,0.162,0.0,0.167,0.286,0.0,0.0,0.0,0.0,0.0
정우주,한화,2025,2025-05-17,vs. SSG,RP,,0.0,0.0,0.666666667,11,0,0,0,0,2,0,0,,Home,대전 한화생명 볼파크,17:00,23.4,False,1,1,184cm,88kg,2006,0.0,82.8,0.0,3.6,12.6,1.0,0.0,0.0,0.0,0.0,0.0,0.162,0.0,0.167,0.286,0.0,0.0,0.0,0.0,0.0
정우주,한화,2025,2025-05-18,vs. SSG,RP,,27.0,3.0,0.333333333,12,1,1,1,1,1,0,0,,Home,대전 한화생명 볼파크,14:00,21.7,True,0,2,184cm,88kg,2006,0.0,82.8,0.0,3.6,12.6,1.0,0.0,0.0,0.0,0.0,0.0,0.162,0.0,0.167,0.286,0.0,0.0,0.0,0.0,0.0
정우주,한화,2025,2025-05-21,@ NC,RP,,0.0,0.0,0.666666667,11,0,0,0,0,1,0,1,,Away,창원 NC 파크,18:30,23.5,False,2,1,184cm,88kg,2006,0.0,82.8,0.0,3.6,12.6,1.0,0.0,0.0,0.0,0.0,0.0,0.162,0.0,0.167,0.286,0.0,0.0,0.0,0.0,0.0
정우주,한화,2025,2025-05-25,vs. Lotte,RP,W,0.0,0.0,1.0,9,0,0,0,0,1,0,1,,Home,대전 한화생명 볼파크,14:00,23.2,False,3,1,184cm,88kg,2006,0.0,82.8,0.0,3.6,12.6,1.0,0.0,0.0,0.0,0.0,0.0,0.162,0.0,0.167,0.286,0.0,0.0,0.0,0.0,0.0
정우주,한화,2025,2025-05-27,@ LG,RP,,0.0,,0.0,8,0,0,0,0,0,1,1,,Away,잠실 야구장,18:30,24.9,False,1,1,184cm,88kg,2006,0.0,82.8,0.0,3.6,12.6,1.0,0.0,0.0,0.0,0.0,0.0,0.162,0.0,0.167,0.286,0.0,0.0,0.0,0.0,0.0
정우주,한화,2025,2025-05-29,@ LG,RP,,0.0,1.5,0.666666667,21,0,0,0,0,0,1,1,,Away,잠실 야구장,18:30,25.2,False,1,1,184cm,88kg,2006,0.0,82.8,0.0,3.6,12.6,1.0,0.0,0.0,0.0,0.0,0.0,0.162,0.0,0.167,0.286,0.0,0.0,0.0,0.0,0.0
정우주,한화,2025,2025-06-01,@ NC,RP,,0.0,,0.0,13,2,2,2,0,0,0,0,,Away,창원 NC 파크,17:00,23.3,False,2,1,184cm,88kg,2006,0.0,82.8,0.0,3.6,12.6,1.0,0.0,0.0,0.0,0.0,0.0,0.162,0.0,0.167,0.286,0.0,0.0,0.0,0.0,0.0
정우주,한화,2025,2025-06-03,vs. KT,RP,,0.0,1.0,1.0,18,0,0,0,0,0,1,0,,Home,대전 한화생명 볼파크,18:30,22.3,False,1,1,184cm,88kg,2006,0.0,82.8,0.0,3.6,12.6,1.0,0.0,0.0,0.0,0.0,0.0,0.162,0.0,0.167,0.286,0.0,0.0,0.0,0.0,0.0
정우주,한화,2025,2025-06-05,vs. KT,RP,,0.0,1.8,1.666666667,32,0,0,1,0,3,2,0,,Home,대전 한화생명 볼파크,18:30,23.7,False,1,1,184cm,88kg,2006,0.0,82.8,0.0,3.6,12.6,1.0,0.0,0.0,0.0,0.0,0.0,0.162,0.0,0.167,0.286,0.0,0.0,0.0,0.0,0.0
정우주,한화,2025,2025-06-08,@ Kia,RP,,0.0,,0.0,6,0,0,0,0,0,0,1,,Away,광주 기아 챔피언스 필드,17:00,28.7,False,2,1,184cm,88kg,2006,0.0,82.8,0.0,3.6,12.6,1.0,0.0,0.0,0.0,0.0,0.0,0.162,0.0,0.167,0.286,0.0,0.0,0.0,0.0,0.0
정우주,한화,2025,2025-06-10,vs. Doosan,RP,,27.0,9.0,0.333333333,20,2,1,2,0,1,1,0,,Home,대전 한화생명 볼파크,18:30,26.6,False,1,1,184cm,88kg,2006,0.0,82.8,0.0,3.6,12.6,1.0,0.0,0.0,0.0,0.0,0.0,0.162,0.0,0.167,0.286,0.0,0.0,0.0,0.0,0.0
정철원,롯데,2025,2025-03-25,@ SSG,RP,H,0.0,0.0,1.0,9,0,0,0,0,2,0,0,,Away,인천 SSG 랜더스필드,18:30,10.4,False,0,1,192cm,95kg,1999,0.0,45.7,0.0,0.1,44.3,0.0,0.0,9.6,0.0,0.0,0.0,0.313,0.0,0.0,0.205,0.0,0.0,0.294,0.0,0.0
정철원,롯데,2025,2025-03-27,@ SSG,RP,,0.0,0.0,1.0,7,0,0,0,0,1,0,0,,Away,인천 SSG 랜더스필드,18:30,11.1,False,1,1,192cm,95kg,1999,0.0,45.7,0.0,0.1,44.3,0.0,0.0,9.6,0.0,0.0,0.0,0.313,0.0,0.0,0.205,0.0,0.0,0.294,0.0,0.0
정철원,롯데,2025,2025-03-28,vs. KT,RP,,13.5,3.0,0.666666667,18,1,1,2,0,1,0,0,,Home,사직 야구장,18:30,8.1,True,0,2,192cm,95kg,1999,0.0,45.7,0.0,0.1,44.3,0.0,0.0,9.6,0.0,0.0,0.0,0.313,0.0,0.0,0.205,0.0,0.0,0.294,0.0,0.0
정철원,롯데,2025,2025-03-29,vs. KT,RP,H,0.0,2.0,1.0,14,0,0,1,0,1,1,0,,Home,사직 야구장,17:00,8.0,True,0,3,192cm,95kg,1999,0.0,45.7,0.0,0.1,44.3,0.0,0.0,9.6,0.0,0.0,0.0,0.313,0.0,0.0,0.205,0.0,0.0,0.294,0.0,0.0
정철원,롯데,2025,2025-04-02,@ Hanwha,RP,H,0.0,0.0,0.666666667,8,0,0,0,0,1,0,0,,Away,대전 한화생명 볼파크,18:30,11.0,False,3,1,192cm,95kg,1999,0.0,45.7,0.0,0.1,44.3,0.0,0.0,9.6,0.0,0.0,0.0,0.313,0.0,0.0,0.205,0.0,0.0,0.294,0.0,0.0
정철원,롯데,2025,2025-04-03,@ Hanwha,RP,H,0.0,0.0,1.0,10,0,0,0,0,1,0,0,,Away,대전 한화생명 볼파크,18:30,14.9,True,0,2,192cm,95kg,1999,0.0,45.7,0.0,0.1,44.3,0.0,0.0,9.6,0.0,0.0,0.0,0.313,0.0,0.0,0.205,0.0,0.0,0.294,0.0,0.0
정철원,롯데,2025,2025-04-05,vs. Doosan,RP,,0.0,0.0,0.333333333,3,0,0,0,0,0,0,0,,Home,사직 야구장,17:00,13.4,False,1,1,192cm,95kg,1999,0.0,45.7,0.0,0.1,44.3,0.0,0.0,9.6,0.0,0.0,0.0,0.313,0.0,0.0,0.205,0.0,0.0,0.294,0.0,0.0
정철원,롯데,2025,2025-04-06,vs. Doosan,RP,H,27.0,6.0,1.0,33,3,3,4,0,0,2,0,,Home,사직 야구장,14:00,16.6,True,0,2,192cm,95kg,1999,0.0,45.7,0.0,0.1,44.3,0.0,0.0,9.6,0.0,0.0,0.0,0.313,0.0,0.0,0.205,0.0,0.0,0.294,0.0,0.0
정철원,롯데,2025,2025-04-08,vs. Kia,RP,L,54.0,12.0,0.333333333,21,2,2,3,0,0,1,0,,Home,사직 야구장,18:30,17.3,False,1,1,192cm,95kg,1999,0.0,45.7,0.0,0.1,44.3,0.0,0.0,9.6,0.0,0.0,0.0,0.313,0.0,0.0,0.205,0.0,0.0,0.294,0.0,0.0
정철원,롯데,2025,2025-04-10,vs. Kia,RP,H,0.0,0.0,1.0,16,0,0,0,0,2,0,0,,Home,사직 야구장,18:30,14.9,False,1,1,192cm,95kg,1999,0.0,45.7,0.0,0.1,44.3,0.0,0.0,9.6,0.0,0.0,0.0,0.313,0.0,0.0,0.205,0.0,0.0,0.294,0.0,0.0
정철원,롯데,2025,2025-04-11,@ NC,RP,H,0.0,0.0,0.666666667,8,0,0,0,0,1,0,0,,Away,창원 NC 파크,18:30,15.6,True,0,2,192cm,95kg,1999,0.0,45.7,0.0,0.1,44.3,0.0,0.0,9.6,0.0,0.0,0.0,0.313,0.0,0.0,0.205,0.0,0.0,0.294,0.0,0.0
정철원,롯데,2025,2025-04-15,vs. Kiwoom,RP,W,6.75,0.75,1.333333333,17,1,1,1,1,1,0,0,,Home,사직 야구장,18:30,12.8,False,3,1,192cm,95kg,1999,0.0,45.7,0.0,0.1,44.3,0.0,0.0,9.6,0.0,0.0,0.0,0.313,0.0,0.0,0.205,0.0,0.0,0.294,0.0,0.0
정철원,롯데,2025,2025-04-16,vs. Kiwoom,RP,,27.0,4.5,0.666666667,24,2,2,3,0,0,0,0,,Home,사직 야구장,18:30,16.8,True,0,2,192cm,95kg,1999,0.0,45.7,0.0,0.1,44.3,0.0,0.0,9.6,0.0,0.0,0.0,0.313,0.0,0.0,0.205,0.0,0.0,0.294,0.0,0.0
정철원,롯데,2025,2025-04-20,@ Samsung,RP,W,0.0,1.0,2.0,22,0,0,1,0,2,1,0,,Away,대구 삼성 라이온즈 파크,14:00,14.7,False,3,1,192cm,95kg,1999,0.0,45.7,0.0,0.1,44.3,0.0,0.0,9.6,0.0,0.0,0.0,0.313,0.0,0.0,0.205,0.0,0.0,0.294,0.0,0.0
정철원,롯데,2025,2025-04-24,vs. Hanwha,RP,H,0.0,3.0,0.666666667,20,0,0,0,0,0,2,0,,Home,사직 야구장,18:30,16.6,False,3,1,192cm,95kg,1999,0.0,45.7,0.0,0.1,44.3,0.0,0.0,9.6,0.0,0.0,0.0,0.313,0.0,0.0,0.205,0.0,0.0,0.294,0.0,0.0
정철원,롯데,2025,2025-04-26,@ Doosan,RP,H,0.0,0.0,1.0,12,0,0,0,0,1,0,0,,Away,잠실 야구장,17:00,17.8,False,1,1,192cm,95kg,1999,0.0,45.7,0.0,0.1,44.3,0.0,0.0,9.6,0.0,0.0,0.0,0.313,0.0,0.0,0.205,0.0,0.0,0.294,0.0,0.0
정철원,롯데,2025,2025-05-01,@ Kiwoom,RP,,0.0,1.0,1.0,15,0,0,1,0,1,0,0,,Away,고척 스카이돔,18:30,25.5,False,4,1,192cm,95kg,1999,0.0,45.7,0.0,0.1,44.3,0.0,0.0,9.6,0.0,0.0,0.0,0.313,0.0,0.0,0.205,0.0,0.0,0.294,0.0,0.0
정철원,롯데,2025,2025-05-02,vs. NC,RP,,27.0,3.0,0.666666667,21,2,2,1,0,0,1,0,,Home,사직 야구장,18:30,19.1,True,0,2,192cm,95kg,1999,0.0,45.7,0.0,0.1,44.3,0.0,0.0,9.6,0.0,0.0,0.0,0.313,0.0,0.0,0.205,0.0,0.0,0.294,0.0,0.0
정철원,롯데,2025,2025-05-04,vs. NC,RP,,27.0,6.0,0.333333333,15,1,1,2,1,1,0,0,,Home,사직 야구장,14:00,20.7,False,1,1,192cm,95kg,1999,0.0,45.7,0.0,0.1,44.3,0.0,0.0,9.6,0.0,0.0,0.0,0.313,0.0,0.0,0.205,0.0,0.0,0.294,0.0,0.0
정철원,롯데,2025,2025-05-07,vs. SSG,RP,,0.0,1.0,1.0,9,0,0,1,0,1,0,0,,Home,사직 야구장,18:30,16.4,False,2,1,192cm,95kg,1999,0.0,45.7,0.0,0.1,44.3,0.0,0.0,9.6,0.0,0.0,0.0,0.313,0.0,0.0,0.205,0.0,0.0,0.294,0.0,0.0
정철원,롯데,2025,2025-05-10,@ KT,RP,H,0.0,0.6,1.666666667,23,0,0,1,0,1,0,0,,Away,수원 KT 위즈파크,17:00,11.8,False,2,1,192cm,95kg,1999,0.0,45.7,0.0,0.1,44.3,0.0,0.0,9.6,0.0,0.0,0.0,0.313,0.0,0.0,0.205,0.0,0.0,0.294,0.0,0.0
정철원,롯데,2025,2025-05-11,@ KT,RP,,0.0,1.0,1.0,15,0,0,1,0,1,0,0,,Away,수원 KT 위즈파크,14:00,19.4,True,0,2,192cm,95kg,1999,0.0,45.7,0.0,0.1,44.3,0.0,0.0,9.6,0.0,0.0,0.0,0.313,0.0,0.0,0.205,0.0,0.0,0.294,0.0,0.0
정철원,롯데,2025,2025-05-14,@ Kia,RP,H,0.0,0.75,1.333333333,15,0,0,1,0,1,0,0,,Away,광주 기아 챔피언스 필드,18:30,22.3,False,2,1,192cm,95kg,1999,0.0,45.7,0.0,0.1,44.3,0.0,0.0,9.6,0.0,0.0,0.0,0.313,0.0,0.0,0.205,0.0,0.0,0.294,0.0,0.0
정철원,롯데,2025,2025-05-17,vs. Samsung,RP,W,0.0,0.0,0.333333333,6,0,0,0,0,0,0,0,,Home,사직 야구장,17:00,20.9,False,2,1,192cm,95kg,1999,0.0,45.7,0.0,0.1,44.3,0.0,0.0,9.6,0.0,0.0,0.0,0.313,0.0,0.0,0.205,0.0,0.0,0.294,0.0,0.0
정철원,롯데,2025,2025-05-17,vs. Samsung,RP,,0.0,0.75,1.333333333,19,0,0,0,0,1,1,0,,Home,사직 야구장,17:00,20.9,False,-1,1,192cm,95kg,1999,0.0,45.7,0.0,0.1,44.3,0.0,0.0,9.6,0.0,0.0,0.0,0.313,0.0,0.0,0.205,0.0,0.0,0.294,0.0,0.0
정철원,롯데,2025,2025-05-21,vs. LG,RP,,13.5,2.25,1.333333333,23,2,2,2,0,0,1,0,,Home,사직 야구장,18:30,23.1,False,3,1,192cm,95kg,1999,0.0,45.7,0.0,0.1,44.3,0.0,0.0,9.6,0.0,0.0,0.0,0.313,0.0,0.0,0.205,0.0,0.0,0.294,0.0,0.0
정철원,롯데,2025,2025-05-22,vs. LG,RP,,0.0,0.0,1.0,6,0,0,0,0,0,0,0,,Home,사직 야구장,18:30,17.4,True,0,2,192cm,95kg,1999,0.0,45.7,0.0,0.1,44.3,0.0,0.0,9.6,0.0,0.0,0.0,0.313,0.0,0.0,0.205,0.0,0.0,0.294,0.0,0.0
정철원,롯데,2025,2025-05-24,@ Hanwha,RP,,0.0,0.0,0.666666667,7,0,0,0,0,1,0,0,,Away,대전 한화생명 볼파크,17:00,14.4,False,1,1,192cm,95kg,1999,0.0,45.7,0.0,0.1,44.3,0.0,0.0,9.6,0.0,0.0,0.0,0.313,0.0,0.0,0.205,0.0,0.0,0.294,0.0,0.0
정철원,롯데,2025,2025-05-25,@ Hanwha,RP,,0.0,2.0,2.0,37,0,0,2,0,1,2,0,,Away,대전 한화생명 볼파크,14:00,23.2,True,0,2,192cm,95kg,1999,0.0,45.7,0.0,0.1,44.3,0.0,0.0,9.6,0.0,0.0,0.0,0.313,0.0,0.0,0.205,0.0,0.0,0.294,0.0,0.0
정철원,롯데,2025,2025-05-30,vs. SSG,RP,W,0.0,1.8,1.666666667,27,0,0,2,0,1,1,1,,Home,사직 야구장,18:30,19.8,False,4,1,192cm,95kg,1999,0.0,45.7,0.0,0.1,44.3,0.0,0.0,9.6,0.0,0.0,0.0,0.313,0.0,0.0,0.205,0.0,0.0,0.294,0.0,0.0
정철원,롯데,2025,2025-06-01,vs. SSG,RP,,27.0,1.5,0.666666667,19,2,2,1,0,1,0,1,,Home,사직 야구장,17:00,23.7,False,1,1,192cm,95kg,1999,0.0,45.7,0.0,0.1,44.3,0.0,0.0,9.6,0.0,0.0,0.0,0.313,0.0,0.0,0.205,0.0,0.0,0.294,0.0,0.0
정철원,롯데,2025,2025-06-06,@ Doosan,RP,,0.0,1.0,1.0,14,0,0,1,0,2,0,0,,Away,잠실 야구장,18:30,25.4,False,4,1,192cm,95kg,1999,0.0,45.7,0.0,0.1,44.3,0.0,0.0,9.6,0.0,0.0,0.0,0.313,0.0,0.0,0.205,0.0,0.0,0.294,0.0,0.0
정철원,롯데,2025,2025-06-08,@ Doosan,RP,H,0.0,3.0,0.666666667,14,0,0,1,0,0,1,0,,Away,잠실 야구장,17:00,28.5,False,1,1,192cm,95kg,1999,0.0,45.7,0.0,0.1,44.3,0.0,0.0,9.6,0.0,0.0,0.0,0.313,0.0,0.0,0.205,0.0,0.0,0.294,0.0,0.0
정철원,롯데,2025,2025-06-12,@ KT,RP,,0.0,0.5,2.0,30,0,0,1,0,3,0,0,,Away,수원 KT 위즈파크,18:30,26.9,False,3,1,192cm,95kg,1999,0.0,45.7,0.0,0.1,44.3,0.0,0.0,9.6,0.0,0.0,0.0,0.313,0.0,0.0,0.205,0.0,0.0,0.294,0.0,0.0
정철원,롯데,2025,2025-06-14,@ SSG,RP,H,0.0,0.0,1.0,11,0,0,0,0,0,0,0,,Away,인천 SSG 랜더스필드,17:00,29.1,False,1,1,192cm,95kg,1999,0.0,45.7,0.0,0.1,44.3,0.0,0.0,9.6,0.0,0.0,0.0,0.313,0.0,0.0,0.205,0.0,0.0,0.294,0.0,0.0
정철원,롯데,2025,2025-06-18,vs. Hanwha,RP,,27.0,4.5,0.666666667,18,2,2,3,0,0,0,0,,Home,사직 야구장,18:30,23.1,False,3,1,192cm,95kg,1999,0.0,45.7,0.0,0.1,44.3,0.0,0.0,9.6,0.0,0.0,0.0,0.313,0.0,0.0,0.205,0.0,0.0,0.294,0.0,0.0
정철원,롯데,2025,2025-06-19,vs. Hanwha,RP,H,0.0,0.0,0.666666667,7,0,0,0,0,0,0,1,,Home,사직 야구장,18:30,27.6,True,0,2,192cm,95kg,1999,0.0,45.7,0.0,0.1,44.3,0.0,0.0,9.6,0.0,0.0,0.0,0.313,0.0,0.0,0.205,0.0,0.0,0.294,0.0,0.0
정철원,롯데,2025,2025-06-20,vs. Samsung,RP,H,0.0,0.0,1.0,15,0,0,0,0,0,0,0,,Home,사직 야구장,18:30,26.5,True,0,3,192cm,95kg,1999,0.0,45.7,0.0,0.1,44.3,0.0,0.0,9.6,0.0,0.0,0.0,0.313,0.0,0.0,0.205,0.0,0.0,0.294,0.0,0.0
정철원,롯데,2025,2025-06-22,vs. Samsung,RP,H,0.0,0.0,1.0,13,0,0,0,0,1,0,0,,Home,사직 야구장,17:00,23.3,False,1,1,192cm,95kg,1999,0.0,45.7,0.0,0.1,44.3,0.0,0.0,9.6,0.0,0.0,0.0,0.313,0.0,0.0,0.205,0.0,0.0,0.294,0.0,0.0
정철원,롯데,2025,2025-06-25,@ NC,RP,,0.0,3.0,0.333333333,9,0,0,1,0,0,0,0,,Away,창원 NC 파크,18:30,25.2,False,2,1,192cm,95kg,1999,0.0,45.7,0.0,0.1,44.3,0.0,0.0,9.6,0.0,0.0,0.0,0.313,0.0,0.0,0.205,0.0,0.0,0.294,0.0,0.0
정철원,롯데,2025,2025-06-26,@ NC,RP,H,0.0,0.0,1.0,12,0,0,0,0,1,0,1,,Away,창원 NC 파크,18:30,27.7,True,0,2,192cm,95kg,1999,0.0,45.7,0.0,0.1,44.3,0.0,0.0,9.6,0.0,0.0,0.0,0.313,0.0,0.0,0.205,0.0,0.0,0.294,0.0,0.0
정철원,롯데,2025,2025-06-29,vs. KT,RP,,0.0,,0.0,11,2,2,0,0,0,1,2,,Home,사직 야구장,17:00,29.1,False,2,1,192cm,95kg,1999,0.0,45.7,0.0,0.1,44.3,0.0,0.0,9.6,0.0,0.0,0.0,0.313,0.0,0.0,0.205,0.0,0.0,0.294,0.0,0.0
정철원,롯데,2025,2025-07-02,vs. LG,RP,,54.0,9.0,0.333333333,9,2,2,3,0,1,0,0,,Home,사직 야구장,18:30,30.0,False,2,1,192cm,95kg,1999,0.0,45.7,0.0,0.1,44.3,0.0,0.0,9.6,0.0,0.0,0.0,0.313,0.0,0.0,0.205,0.0,0.0,0.294,0.0,0.0
정철원,롯데,2025,2025-07-06,@ Kia,RP,H,0.0,0.6,1.666666667,21,0,0,1,0,0,0,0,,Away,광주 기아 챔피언스 필드,17:00,33.2,False,3,1,192cm,95kg,1999,0.0,45.7,0.0,0.1,44.3,0.0,0.0,9.6,0.0,0.0,0.0,0.313,0.0,0.0,0.205,0.0,0.0,0.294,0.0,0.0
정철원,롯데,2025,2025-07-08,vs. Doosan,RP,H,0.0,0.0,0.666666667,15,0,0,0,0,2,0,0,,Home,사직 야구장,18:30,32.4,False,1,1,192cm,95kg,1999,0.0,45.7,0.0,0.1,44.3,0.0,0.0,9.6,0.0,0.0,0.0,0.313,0.0,0.0,0.205,0.0,0.0,0.294,0.0,0.0
정철원,롯데,2025,2025-07-09,vs. Doosan,RP,H,0.0,1.5,1.333333333,20,0,0,2,0,0,0,0,,Home,사직 야구장,18:30,29.7,True,0,2,192cm,95kg,1999,0.0,45.7,0.0,0.1,44.3,0.0,0.0,9.6,0.0,0.0,0.0,0.313,0.0,0.0,0.205,0.0,0.0,0.294,0.0,0.0
정해영,KIA,2025,2025-03-23,vs. NC,RP,,0.0,1.0,1.0,14,0,0,1,0,2,0,0,,Home,광주 기아 챔피언스 필드,14:00,23.6,False,0,1,189cm,98kg,2001,0.0,54.8,0.0,0.4,29.6,0.0,0.0,14.9,0.0,0.0,0.0,0.326,0.0,1.0,0.258,0.0,0.0,0.24,0.0,0.0
정해영,KIA,2025,2025-03-27,vs. Kiwoom,RP,L,27.0,4.0,1.0,29,3,3,2,0,2,2,0,,Home,광주 기아 챔피언스 필드,18:30,14.1,False,3,1,189cm,98kg,2001,0.0,54.8,0.0,0.4,29.6,0.0,0.0,14.9,0.0,0.0,0.0,0.326,0.0,1.0,0.258,0.0,0.0,0.24,0.0,0.0
정해영,KIA,2025,2025-03-30,@ Hanwha,RP,SV,0.0,1.0,1.0,8,0,0,1,0,0,0,0,,Away,대전 한화생명 볼파크,14:00,5.1,False,2,1,189cm,98kg,2001,0.0,54.8,0.0,0.4,29.6,0.0,0.0,14.9,0.0,0.0,0.0,0.326,0.0,1.0,0.258,0.0,0.0,0.24,0.0,0.0
정해영,KIA,2025,2025-04-03,vs. Samsung,RP,SV,0.0,1.0,1.0,26,1,0,1,0,2,0,1,,Home,광주 기아 챔피언스 필드,18:30,12.2,False,3,1,189cm,98kg,2001,0.0,54.8,0.0,0.4,29.6,0.0,0.0,14.9,0.0,0.0,0.0,0.326,0.0,1.0,0.258,0.0,0.0,0.24,0.0,0.0
정해영,KIA,2025,2025-04-08,@ Lotte,RP,SV,0.0,0.0,1.0,20,0,0,0,0,2,0,0,,Away,사직 야구장,18:30,17.3,False,4,1,189cm,98kg,2001,0.0,54.8,0.0,0.4,29.6,0.0,0.0,14.9,0.0,0.0,0.0,0.326,0.0,1.0,0.258,0.0,0.0,0.24,0.0,0.0
정해영,KIA,2025,2025-04-09,@ Lotte,RP,SV,0.0,2.0,1.0,15,0,0,2,0,0,0,0,,Away,사직 야구장,18:30,14.9,True,0,2,189cm,98kg,2001,0.0,54.8,0.0,0.4,29.6,0.0,0.0,14.9,0.0,0.0,0.0,0.326,0.0,1.0,0.258,0.0,0.0,0.24,0.0,0.0
정해영,KIA,2025,2025-04-15,vs. KT,RP,SV,0.0,0.0,1.0,11,0,0,0,0,1,0,0,,Home,광주 기아 챔피언스 필드,18:30,13.2,False,5,1,189cm,98kg,2001,0.0,54.8,0.0,0.4,29.6,0.0,0.0,14.9,0.0,0.0,0.0,0.326,0.0,1.0,0.258,0.0,0.0,0.24,0.0,0.0
정해영,KIA,2025,2025-04-17,vs. KT,RP,W,0.0,2.0,1.0,14,0,0,2,0,1,0,0,,Home,광주 기아 챔피언스 필드,18:30,22.8,False,1,1,189cm,98kg,2001,0.0,54.8,0.0,0.4,29.6,0.0,0.0,14.9,0.0,0.0,0.0,0.326,0.0,1.0,0.258,0.0,0.0,0.24,0.0,0.0
정해영,KIA,2025,2025-04-19,@ Doosan,RP,SV,0.0,0.0,1.333333333,17,0,0,0,0,2,0,0,,Away,잠실 야구장,17:00,14.6,False,1,1,189cm,98kg,2001,0.0,54.8,0.0,0.4,29.6,0.0,0.0,14.9,0.0,0.0,0.0,0.326,0.0,1.0,0.258,0.0,0.0,0.24,0.0,0.0
정해영,KIA,2025,2025-04-20,@ Doosan,RP,,0.0,3.0,1.0,26,0,0,1,0,2,2,0,,Away,잠실 야구장,14:00,22.5,True,0,2,189cm,98kg,2001,0.0,54.8,0.0,0.4,29.6,0.0,0.0,14.9,0.0,0.0,0.0,0.326,0.0,1.0,0.258,0.0,0.0,0.24,0.0,0.0
정해영,KIA,2025,2025-04-25,vs. LG,RP,,0.0,1.5,1.333333333,29,0,0,1,0,2,1,0,,Home,광주 기아 챔피언스 필드,18:30,16.2,False,4,1,189cm,98kg,2001,0.0,54.8,0.0,0.4,29.6,0.0,0.0,14.9,0.0,0.0,0.0,0.326,0.0,1.0,0.258,0.0,0.0,0.24,0.0,0.0
정해영,KIA,2025,2025-04-27,vs. LG,RP,SV,0.0,1.0,1.0,19,0,0,1,0,1,0,0,,Home,광주 기아 챔피언스 필드,14:00,24.1,False,1,1,189cm,98kg,2001,0.0,54.8,0.0,0.4,29.6,0.0,0.0,14.9,0.0,0.0,0.0,0.326,0.0,1.0,0.258,0.0,0.0,0.24,0.0,0.0
정해영,KIA,2025,2025-05-02,vs. Hanwha,RP,,0.0,0.5,2.0,34,0,0,1,0,3,0,0,,Home,광주 기아 챔피언스 필드,18:30,17.3,False,4,1,189cm,98kg,2001,0.0,54.8,0.0,0.4,29.6,0.0,0.0,14.9,0.0,0.0,0.0,0.326,0.0,1.0,0.258,0.0,0.0,0.24,0.0,0.0
정해영,KIA,2025,2025-05-06,@ Kiwoom,RP,SV,0.0,0.0,1.0,11,0,0,0,0,2,0,0,,Away,고척 스카이돔,18:30,25.5,False,3,1,189cm,98kg,2001,0.0,54.8,0.0,0.4,29.6,0.0,0.0,14.9,0.0,0.0,0.0,0.326,0.0,1.0,0.258,0.0,0.0,0.24,0.0,0.0
정해영,KIA,2025,2025-05-07,@ Kiwoom,RP,L,27.0,6.0,0.333333333,14,1,1,1,0,0,1,0,,Away,고척 스카이돔,18:30,25.5,True,0,2,189cm,98kg,2001,0.0,54.8,0.0,0.4,29.6,0.0,0.0,14.9,0.0,0.0,0.0,0.326,0.0,1.0,0.258,0.0,0.0,0.24,0.0,0.0
정해영,KIA,2025,2025-05-10,@ SSG,RP,SV,6.75,0.75,1.333333333,13,1,1,1,1,0,0,0,,Away,인천 SSG 랜더스필드,17:00,11.6,False,2,1,189cm,98kg,2001,0.0,54.8,0.0,0.4,29.6,0.0,0.0,14.9,0.0,0.0,0.0,0.326,0.0,1.0,0.258,0.0,0.0,0.24,0.0,0.0
정해영,KIA,2025,2025-05-13,vs. Lotte,RP,SV,0.0,3.0,1.0,19,0,0,2,0,1,1,0,,Home,광주 기아 챔피언스 필드,18:30,24.9,False,2,1,189cm,98kg,2001,0.0,54.8,0.0,0.4,29.6,0.0,0.0,14.9,0.0,0.0,0.0,0.326,0.0,1.0,0.258,0.0,0.0,0.24,0.0,0.0
정해영,KIA,2025,2025-05-15,vs. Lotte,RP,SV,0.0,0.75,1.333333333,31,0,0,1,0,2,0,0,,Home,광주 기아 챔피언스 필드,18:30,21.6,False,1,1,189cm,98kg,2001,0.0,54.8,0.0,0.4,29.6,0.0,0.0,14.9,0.0,0.0,0.0,0.326,0.0,1.0,0.258,0.0,0.0,0.24,0.0,0.0
정해영,KIA,2025,2025-05-17,vs. Doosan,RP,SV,0.0,1.0,1.0,15,0,0,1,0,1,0,0,,Home,광주 기아 챔피언스 필드,17:00,21.7,False,1,1,189cm,98kg,2001,0.0,54.8,0.0,0.4,29.6,0.0,0.0,14.9,0.0,0.0,0.0,0.326,0.0,1.0,0.258,0.0,0.0,0.24,0.0,0.0
정해영,KIA,2025,2025-05-17,vs. Doosan,RP,SV,0.0,0.0,1.0,13,0,0,0,0,2,0,0,,Home,광주 기아 챔피언스 필드,17:00,21.7,False,-1,1,189cm,98kg,2001,0.0,54.8,0.0,0.4,29.6,0.0,0.0,14.9,0.0,0.0,0.0,0.326,0.0,1.0,0.258,0.0,0.0,0.24,0.0,0.0
정해영,KIA,2025,2025-05-22,@ KT,RP,,0.0,2.0,1.0,13,0,0,2,0,1,0,0,,Away,수원 KT 위즈파크,18:30,25.5,False,4,1,189cm,98kg,2001,0.0,54.8,0.0,0.4,29.6,0.0,0.0,14.9,0.0,0.0,0.0,0.326,0.0,1.0,0.258,0.0,0.0,0.24,0.0,0.0
정해영,KIA,2025,2025-05-23,@ Samsung,RP,SV,0.0,1.0,1.0,17,0,0,1,0,2,0,0,,Away,대구 삼성 라이온즈 파크,18:30,18.4,True,0,2,189cm,98kg,2001,0.0,54.8,0.0,0.4,29.6,0.0,0.0,14.9,0.0,0.0,0.0,0.326,0.0,1.0,0.258,0.0,0.0,0.24,0.0,0.0
정해영,KIA,2025,2025-05-27,vs. Kiwoom,RP,,18.0,3.0,1.0,24,2,2,3,0,0,0,0,,Home,광주 기아 챔피언스 필드,18:30,24.9,False,3,1,189cm,98kg,2001,0.0,54.8,0.0,0.4,29.6,0.0,0.0,14.9,0.0,0.0,0.0,0.326,0.0,1.0,0.258,0.0,0.0,0.24,0.0,0.0
정해영,KIA,2025,2025-05-29,vs. Kiwoom,RP,,0.0,0.5,2.0,23,0,0,1,0,1,0,0,,Home,광주 기아 챔피언스 필드,18:30,25.8,False,1,1,189cm,98kg,2001,0.0,54.8,0.0,0.4,29.6,0.0,0.0,14.9,0.0,0.0,0.0,0.326,0.0,1.0,0.258,0.0,0.0,0.24,0.0,0.0
정해영,KIA,2025,2025-06-01,@ KT,RP,SV,0.0,0.75,1.333333333,23,0,0,0,0,2,1,0,,Away,수원 KT 위즈파크,17:00,24.4,False,2,1,189cm,98kg,2001,0.0,54.8,0.0,0.4,29.6,0.0,0.0,14.9,0.0,0.0,0.0,0.326,0.0,1.0,0.258,0.0,0.0,0.24,0.0,0.0
정해영,KIA,2025,2025-06-05,@ Doosan,RP,L,0.0,3.0,1.0,15,1,0,3,0,2,0,0,,Away,잠실 야구장,18:30,23.9,False,3,1,189cm,98kg,2001,0.0,54.8,0.0,0.4,29.6,0.0,0.0,14.9,0.0,0.0,0.0,0.326,0.0,1.0,0.258,0.0,0.0,0.24,0.0,0.0
정해영,KIA,2025,2025-06-06,vs. Hanwha,RP,SV,9.0,2.0,1.0,16,1,1,2,1,1,0,0,,Home,광주 기아 챔피언스 필드,18:30,22.6,True,0,2,189cm,98kg,2001,0.0,54.8,0.0,0.4,29.6,0.0,0.0,14.9,0.0,0.0,0.0,0.326,0.0,1.0,0.258,0.0,0.0,0.24,0.0,0.0
정해영,KIA,2025,2025-06-08,vs. Hanwha,RP,W,0.0,2.0,2.0,44,0,0,2,0,1,2,1,,Home,광주 기아 챔피언스 필드,17:00,28.7,False,1,1,189cm,98kg,2001,0.0,54.8,0.0,0.4,29.6,0.0,0.0,14.9,0.0,0.0,0.0,0.326,0.0,1.0,0.258,0.0,0.0,0.24,0.0,0.0
정해영,KIA,2025,2025-06-11,vs. Samsung,RP,,9.0,2.0,1.0,27,1,1,2,0,1,0,0,,Home,광주 기아 챔피언스 필드,18:30,27.1,False,2,1,189cm,98kg,2001,0.0,54.8,0.0,0.4,29.6,0.0,0.0,14.9,0.0,0.0,0.0,0.326,0.0,1.0,0.258,0.0,0.0,0.24,0.0,0.0
정해영,KIA,2025,2025-06-14,@ NC,RP,,18.0,3.0,1.0,21,2,2,3,1,2,0,0,,Away,창원 NC 파크,17:00,27.3,False,2,1,189cm,98kg,2001,0.0,54.8,0.0,0.4,29.6,0.0,0.0,14.9,0.0,0.0,0.0,0.326,0.0,1.0,0.258,0.0,0.0,0.24,0.0,0.0
정해영,KIA,2025,2025-06-15,@ NC,RP,SV,0.0,1.0,1.0,20,0,0,0,0,1,1,0,,Away,창원 NC 파크,17:00,28.6,True,0,2,189cm,98kg,2001,0.0,54.8,0.0,0.4,29.6,0.0,0.0,14.9,0.0,0.0,0.0,0.326,0.0,1.0,0.258,0.0,0.0,0.24,0.0,0.0
정해영,KIA,2025,2025-06-18,vs. KT,RP,SV,0.0,0.0,1.0,13,0,0,0,0,1,0,0,,Home,광주 기아 챔피언스 필드,18:30,29.7,False,2,1,189cm,98kg,2001,0.0,54.8,0.0,0.4,29.6,0.0,0.0,14.9,0.0,0.0,0.0,0.326,0.0,1.0,0.258,0.0,0.0,0.24,0.0,0.0
정해영,KIA,2025,2025-06-21,@ SSG,RP,,54.0,12.0,0.333333333,23,2,2,4,0,0,0,0,,Away,인천 SSG 랜더스필드,17:00,23.5,False,2,1,189cm,98kg,2001,0.0,54.8,0.0,0.4,29.6,0.0,0.0,14.9,0.0,0.0,0.0,0.326,0.0,1.0,0.258,0.0,0.0,0.24,0.0,0.0
정해영,KIA,2025,2025-06-22,@ SSG,RP,SV,9.0,1.0,1.0,15,1,1,1,0,1,0,1,,Away,인천 SSG 랜더스필드,17:00,25.0,True,0,2,189cm,98kg,2001,0.0,54.8,0.0,0.4,29.6,0.0,0.0,14.9,0.0,0.0,0.0,0.326,0.0,1.0,0.258,0.0,0.0,0.24,0.0,0.0
정해영,KIA,2025,2025-06-25,@ Kiwoom,RP,,0.0,1.0,1.0,17,1,0,1,0,2,0,0,,Away,고척 스카이돔,18:30,25.5,False,2,1,189cm,98kg,2001,0.0,54.8,0.0,0.4,29.6,0.0,0.0,14.9,0.0,0.0,0.0,0.326,0.0,1.0,0.258,0.0,0.0,0.24,0.0,0.0
정해영,KIA,2025,2025-06-26,@ Kiwoom,RP,,0.0,1.0,1.0,23,0,0,1,0,0,0,0,,Away,고척 스카이돔,18:30,25.5,True,0,2,189cm,98kg,2001,0.0,54.8,0.0,0.4,29.6,0.0,0.0,14.9,0.0,0.0,0.0,0.326,0.0,1.0,0.258,0.0,0.0,0.24,0.0,0.0
정해영,KIA,2025,2025-06-28,@ LG,RP,SV,0.0,2.0,1.0,15,0,0,2,0,1,0,0,,Away,잠실 야구장,17:00,29.9,False,1,1,189cm,98kg,2001,0.0,54.8,0.0,0.4,29.6,0.0,0.0,14.9,0.0,0.0,0.0,0.326,0.0,1.0,0.258,0.0,0.0,0.24,0.0,0.0
정해영,KIA,2025,2025-07-01,vs. SSG,RP,SV,0.0,0.0,1.0,16,0,0,0,0,2,0,0,,Home,광주 기아 챔피언스 필드,18:30,32.6,False,2,1,189cm,98kg,2001,0.0,54.8,0.0,0.4,29.6,0.0,0.0,14.9,0.0,0.0,0.0,0.326,0.0,1.0,0.258,0.0,0.0,0.24,0.0,0.0
정해영,KIA,2025,2025-07-03,vs. SSG,RP,SV,0.0,1.0,1.0,14,0,0,1,0,0,0,0,,Home,광주 기아 챔피언스 필드,18:30,32.6,False,1,1,189cm,98kg,2001,0.0,54.8,0.0,0.4,29.6,0.0,0.0,14.9,0.0,0.0,0.0,0.326,0.0,1.0,0.258,0.0,0.0,0.24,0.0,0.0
정해영,KIA,2025,2025-07-04,vs. Lotte,RP,SV,0.0,1.0,1.0,15,0,0,1,0,1,0,0,,Home,광주 기아 챔피언스 필드,18:30,30.7,True,0,2,189cm,98kg,2001,0.0,54.8,0.0,0.4,29.6,0.0,0.0,14.9,0.0,0.0,0.0,0.326,0.0,1.0,0.258,0.0,0.0,0.24,0.0,0.0
정해영,KIA,2025,2025-07-10,@ Hanwha,RP,L,18.0,5.0,1.0,38,2,2,3,0,1,2,0,,Away,대전 한화생명 볼파크,18:30,32.1,False,5,1,189cm,98kg,2001,0.0,54.8,0.0,0.4,29.6,0.0,0.0,14.9,0.0,0.0,0.0,0.326,0.0,1.0,0.258,0.0,0.0,0.24,0.0,0.0
정현수,롯데,2025,2025-03-23,@ LG,RP,,6.75,0.75,1.333333333,21,1,1,0,0,1,1,0,,Away,잠실 야구장,14:00,23.3,False,0,1,180cm,84kg,2001,0.0,38.8,0.0,6.9,51.3,2.0,0.0,0.0,0.0,0.0,0.0,0.179,0.0,0.455,0.18,0.0,0.0,0.0,0.0,1.0
정현수,롯데,2025,2025-03-25,@ SSG,RP,,0.0,,0.0,5,0,0,0,0,0,1,0,,Away,인천 SSG 랜더스필드,18:30,10.4,False,1,1,180cm,84kg,2001,0.0,38.8,0.0,6.9,51.3,2.0,0.0,0.0,0.0,0.0,0.0,0.179,0.0,0.455,0.18,0.0,0.0,0.0,0.0,1.0
정현수,롯데,2025,2025-03-26,@ SSG,RP,,0.0,0.0,0.666666667,6,0,0,0,0,0,0,0,,Away,인천 SSG 랜더스필드,18:30,20.6,True,0,2,180cm,84kg,2001,0.0,38.8,0.0,6.9,51.3,2.0,0.0,0.0,0.0,0.0,0.0,0.179,0.0,0.455,0.18,0.0,0.0,0.0,0.0,1.0
정현수,롯데,2025,2025-03-28,vs. KT,RP,,0.0,0.0,0.333333333,3,0,0,0,0,0,0,0,,Home,사직 야구장,18:30,8.1,False,1,1,180cm,84kg,2001,0.0,38.8,0.0,6.9,51.3,2.0,0.0,0.0,0.0,0.0,0.0,0.179,0.0,0.455,0.18,0.0,0.0,0.0,0.0,1.0
정현수,롯데,2025,2025-03-29,vs. KT,RP,H,0.0,0.0,0.333333333,4,0,0,0,0,1,0,0,,Home,사직 야구장,17:00,8.0,True,0,2,180cm,84kg,2001,0.0,38.8,0.0,6.9,51.3,2.0,0.0,0.0,0.0,0.0,0.0,0.179,0.0,0.455,0.18,0.0,0.0,0.0,0.0,1.0
정현수,롯데,2025,2025-03-30,vs. KT,RP,,0.0,0.0,0.666666667,5,0,0,0,0,0,0,0,,Home,사직 야구장,14:00,10.2,True,0,3,180cm,84kg,2001,0.0,38.8,0.0,6.9,51.3,2.0,0.0,0.0,0.0,0.0,0.0,0.179,0.0,0.455,0.18,0.0,0.0,0.0,0.0,1.0
정현수,롯데,2025,2025-04-02,@ Hanwha,RP,,0.0,0.0,1.0,15,0,0,0,0,1,0,0,,Away,대전 한화생명 볼파크,18:30,11.0,False,2,1,180cm,84kg,2001,0.0,38.8,0.0,6.9,51.3,2.0,0.0,0.0,0.0,0.0,0.0,0.179,0.0,0.455,0.18,0.0,0.0,0.0,0.0,1.0
정현수,롯데,2025,2025-04-05,vs. Doosan,RP,,13.5,4.5,0.666666667,19,1,1,3,0,2,0,0,,Home,사직 야구장,17:00,13.4,False,2,1,180cm,84kg,2001,0.0,38.8,0.0,6.9,51.3,2.0,0.0,0.0,0.0,0.0,0.0,0.179,0.0,0.455,0.18,0.0,0.0,0.0,0.0,1.0
정현수,롯데,2025,2025-04-06,vs. Doosan,RP,,27.0,3.0,0.333333333,7,1,1,0,0,1,1,0,,Home,사직 야구장,14:00,16.6,True,0,2,180cm,84kg,2001,0.0,38.8,0.0,6.9,51.3,2.0,0.0,0.0,0.0,0.0,0.0,0.179,0.0,0.455,0.18,0.0,0.0,0.0,0.0,1.0
정현수,롯데,2025,2025-04-08,vs. Kia,RP,,0.0,0.0,0.333333333,4,0,0,0,0,0,0,0,,Home,사직 야구장,18:30,17.3,False,1,1,180cm,84kg,2001,0.0,38.8,0.0,6.9,51.3,2.0,0.0,0.0,0.0,0.0,0.0,0.179,0.0,0.455,0.18,0.0,0.0,0.0,0.0,1.0
정현수,롯데,2025,2025-04-09,vs. Kia,RP,,0.0,0.0,0.333333333,5,0,0,0,0,1,0,0,,Home,사직 야구장,18:30,14.9,True,0,2,180cm,84kg,2001,0.0,38.8,0.0,6.9,51.3,2.0,0.0,0.0,0.0,0.0,0.0,0.179,0.0,0.455,0.18,0.0,0.0,0.0,0.0,1.0
정현수,롯데,2025,2025-04-10,vs. Kia,RP,H,0.0,3.0,0.333333333,8,0,0,1,0,1,0,0,,Home,사직 야구장,18:30,14.9,True,0,3,180cm,84kg,2001,0.0,38.8,0.0,6.9,51.3,2.0,0.0,0.0,0.0,0.0,0.0,0.179,0.0,0.455,0.18,0.0,0.0,0.0,0.0,1.0
정현수,롯데,2025,2025-04-12,@ NC,RP,,0.0,,0.0,3,0,0,1,0,0,0,0,,Away,창원 NC 파크,17:00,13.9,False,1,1,180cm,84kg,2001,0.0,38.8,0.0,6.9,51.3,2.0,0.0,0.0,0.0,0.0,0.0,0.179,0.0,0.455,0.18,0.0,0.0,0.0,0.0,1.0
정현수,롯데,2025,2025-04-13,@ NC,RP,,0.0,3.0,0.666666667,22,0,0,0,0,2,2,0,,Away,창원 NC 파크,14:00,12.3,True,0,2,180cm,84kg,2001,0.0,38.8,0.0,6.9,51.3,2.0,0.0,0.0,0.0,0.0,0.0,0.179,0.0,0.455,0.18,0.0,0.0,0.0,0.0,1.0
정현수,롯데,2025,2025-04-15,vs. Kiwoom,RP,,0.0,2.4,1.666666667,31,0,0,2,0,2,2,0,,Home,사직 야구장,18:30,12.8,False,1,1,180cm,84kg,2001,0.0,38.8,0.0,6.9,51.3,2.0,0.0,0.0,0.0,0.0,0.0,0.179,0.0,0.455,0.18,0.0,0.0,0.0,0.0,1.0
정현수,롯데,2025,2025-04-18,@ Samsung,RP,,0.0,0.0,1.0,13,0,0,0,0,2,0,0,,Away,대구 삼성 라이온즈 파크,18:30,19.7,False,2,1,180cm,84kg,2001,0.0,38.8,0.0,6.9,51.3,2.0,0.0,0.0,0.0,0.0,0.0,0.179,0.0,0.455,0.18,0.0,0.0,0.0,0.0,1.0
정현수,롯데,2025,2025-04-20,@ Samsung,RP,,0.0,3.0,0.333333333,13,0,0,1,0,1,0,1,,Away,대구 삼성 라이온즈 파크,14:00,14.7,False,1,1,180cm,84kg,2001,0.0,38.8,0.0,6.9,51.3,2.0,0.0,0.0,0.0,0.0,0.0,0.179,0.0,0.455,0.18,0.0,0.0,0.0,0.0,1.0
정현수,롯데,2025,2025-04-23,vs. Hanwha,RP,,0.0,1.5,0.666666667,10,0,0,1,0,1,0,0,,Home,사직 야구장,18:30,13.9,False,2,1,180cm,84kg,2001,0.0,38.8,0.0,6.9,51.3,2.0,0.0,0.0,0.0,0.0,0.0,0.179,0.0,0.455,0.18,0.0,0.0,0.0,0.0,1.0
정현수,롯데,2025,2025-04-24,vs. Hanwha,RP,H,0.0,0.0,0.666666667,7,0,0,0,0,0,0,0,,Home,사직 야구장,18:30,16.6,True,0,2,180cm,84kg,2001,0.0,38.8,0.0,6.9,51.3,2.0,0.0,0.0,0.0,0.0,0.0,0.179,0.0,0.455,0.18,0.0,0.0,0.0,0.0,1.0
정현수,롯데,2025,2025-04-25,@ Doosan,RP,H,0.0,0.0,1.0,13,0,0,0,0,1,0,0,,Away,잠실 야구장,18:30,15.5,True,0,3,180cm,84kg,2001,0.0,38.8,0.0,6.9,51.3,2.0,0.0,0.0,0.0,0.0,0.0,0.179,0.0,0.455,0.18,0.0,0.0,0.0,0.0,1.0
정현수,롯데,2025,2025-04-27,@ Doosan,RP,,54.0,6.0,0.333333333,15,2,2,1,0,1,1,0,,Away,잠실 야구장,14:00,18.8,False,1,1,180cm,84kg,2001,0.0,38.8,0.0,6.9,51.3,2.0,0.0,0.0,0.0,0.0,0.0,0.179,0.0,0.455,0.18,0.0,0.0,0.0,0.0,1.0
정현수,롯데,2025,2025-04-30,@ Kiwoom,RP,,0.0,0.0,1.0,18,0,0,0,0,2,0,0,,Away,고척 스카이돔,18:30,25.5,False,2,1,180cm,84kg,2001,0.0,38.8,0.0,6.9,51.3,2.0,0.0,0.0,0.0,0.0,0.0,0.179,0.0,0.455,0.18,0.0,0.0,0.0,0.0,1.0
정현수,롯데,2025,2025-05-02,vs. NC,RP,,27.0,3.0,0.333333333,10,1,1,0,0,0,1,0,,Home,사직 야구장,18:30,19.1,False,1,1,180cm,84kg,2001,0.0,38.8,0.0,6.9,51.3,2.0,0.0,0.0,0.0,0.0,0.0,0.179,0.0,0.455,0.18,0.0,0.0,0.0,0.0,1.0
정현수,롯데,2025,2025-05-04,vs. NC,RP,,6.75,1.5,1.333333333,27,1,1,2,0,0,0,0,,Home,사직 야구장,14:00,20.7,False,1,1,180cm,84kg,2001,0.0,38.8,0.0,6.9,51.3,2.0,0.0,0.0,0.0,0.0,0.0,0.179,0.0,0.455,0.18,0.0,0.0,0.0,0.0,1.0
정현수,롯데,2025,2025-05-06,vs. SSG,RP,,0.0,0.0,1.0,11,0,0,0,0,0,0,0,,Home,사직 야구장,18:30,13.3,False,1,1,180cm,84kg,2001,0.0,38.8,0.0,6.9,51.3,2.0,0.0,0.0,0.0,0.0,0.0,0.179,0.0,0.455,0.18,0.0,0.0,0.0,0.0,1.0
정현수,롯데,2025,2025-05-10,@ KT,RP,,0.0,1.5,0.666666667,17,0,0,0,0,1,1,0,,Away,수원 KT 위즈파크,17:00,11.8,False,3,1,180cm,84kg,2001,0.0,38.8,0.0,6.9,51.3,2.0,0.0,0.0,0.0,0.0,0.0,0.179,0.0,0.455,0.18,0.0,0.0,0.0,0.0,1.0
정현수,롯데,2025,2025-05-11,@ KT,RP,,0.0,0.0,0.333333333,8,0,0,0,0,1,0,0,,Away,수원 KT 위즈파크,14:00,19.4,True,0,2,180cm,84kg,2001,0.0,38.8,0.0,6.9,51.3,2.0,0.0,0.0,0.0,0.0,0.0,0.179,0.0,0.455,0.18,0.0,0.0,0.0,0.0,1.0
정현수,롯데,2025,2025-05-14,@ Kia,RP,W,0.0,0.0,1.666666667,22,0,0,0,0,1,0,0,,Away,광주 기아 챔피언스 필드,18:30,22.3,False,2,1,180cm,84kg,2001,0.0,38.8,0.0,6.9,51.3,2.0,0.0,0.0,0.0,0.0,0.0,0.179,0.0,0.455,0.18,0.0,0.0,0.0,0.0,1.0
정현수,롯데,2025,2025-05-17,vs. Samsung,RP,,0.0,1.5,0.666666667,11,1,0,0,0,0,1,0,,Home,사직 야구장,17:00,20.9,False,2,1,180cm,84kg,2001,0.0,38.8,0.0,6.9,51.3,2.0,0.0,0.0,0.0,0.0,0.0,0.179,0.0,0.455,0.18,0.0,0.0,0.0,0.0,1.0
정현수,롯데,2025,2025-05-17,vs. Samsung,RP,,0.0,3.0,0.333333333,5,0,0,0,0,0,1,0,,Home,사직 야구장,17:00,20.9,False,-1,1,180cm,84kg,2001,0.0,38.8,0.0,6.9,51.3,2.0,0.0,0.0,0.0,0.0,0.0,0.179,0.0,0.455,0.18,0.0,0.0,0.0,0.0,1.0
정현수,롯데,2025,2025-05-18,vs. Samsung,RP,H,0.0,0.0,0.333333333,6,0,0,0,0,1,0,0,,Home,사직 야구장,14:00,20.8,True,0,2,180cm,84kg,2001,0.0,38.8,0.0,6.9,51.3,2.0,0.0,0.0,0.0,0.0,0.0,0.179,0.0,0.455,0.18,0.0,0.0,0.0,0.0,1.0
정현수,롯데,2025,2025-05-21,vs. LG,RP,,13.5,3.0,0.666666667,12,1,1,1,1,0,1,0,,Home,사직 야구장,18:30,23.1,False,2,1,180cm,84kg,2001,0.0,38.8,0.0,6.9,51.3,2.0,0.0,0.0,0.0,0.0,0.0,0.179,0.0,0.455,0.18,0.0,0.0,0.0,0.0,1.0
정현수,롯데,2025,2025-05-22,vs. LG,RP,H,0.0,0.75,1.333333333,24,0,0,1,0,2,0,0,,Home,사직 야구장,18:30,17.4,True,0,2,180cm,84kg,2001,0.0,38.8,0.0,6.9,51.3,2.0,0.0,0.0,0.0,0.0,0.0,0.179,0.0,0.455,0.18,0.0,0.0,0.0,0.0,1.0
정현수,롯데,2025,2025-05-24,@ Hanwha,RP,,0.0,3.0,0.333333333,6,0,0,1,0,0,0,0,,Away,대전 한화생명 볼파크,17:00,14.4,False,1,1,180cm,84kg,2001,0.0,38.8,0.0,6.9,51.3,2.0,0.0,0.0,0.0,0.0,0.0,0.179,0.0,0.455,0.18,0.0,0.0,0.0,0.0,1.0
정현수,롯데,2025,2025-05-25,@ Hanwha,RP,,0.0,1.5,0.666666667,11,0,0,0,0,0,1,0,,Away,대전 한화생명 볼파크,14:00,23.2,True,0,2,180cm,84kg,2001,0.0,38.8,0.0,6.9,51.3,2.0,0.0,0.0,0.0,0.0,0.0,0.179,0.0,0.455,0.18,0.0,0.0,0.0,0.0,1.0
정현수,롯데,2025,2025-05-29,@ Samsung,RP,,27.0,9.0,0.333333333,14,1,1,3,0,1,0,0,,Away,대구 삼성 라이온즈 파크,18:30,19.2,False,3,1,180cm,84kg,2001,0.0,38.8,0.0,6.9,51.3,2.0,0.0,0.0,0.0,0.0,0.0,0.179,0.0,0.455,0.18,0.0,0.0,0.0,0.0,1.0
정현수,롯데,2025,2025-06-03,vs. Kiwoom,RP,,0.0,0.0,0.666666667,3,0,0,0,0,0,0,0,,Home,사직 야구장,18:30,22.9,False,4,1,180cm,84kg,2001,0.0,38.8,0.0,6.9,51.3,2.0,0.0,0.0,0.0,0.0,0.0,0.179,0.0,0.455,0.18,0.0,0.0,0.0,0.0,1.0
정현수,롯데,2025,2025-06-04,vs. Kiwoom,RP,,0.0,0.0,1.0,12,0,0,0,0,1,0,0,,Home,사직 야구장,18:30,24.3,True,0,2,180cm,84kg,2001,0.0,38.8,0.0,6.9,51.3,2.0,0.0,0.0,0.0,0.0,0.0,0.179,0.0,0.455,0.18,0.0,0.0,0.0,0.0,1.0
정현수,롯데,2025,2025-06-06,@ Doosan,RP,,0.0,,0.0,3,0,0,0,0,0,0,1,,Away,잠실 야구장,18:30,25.4,False,1,1,180cm,84kg,2001,0.0,38.8,0.0,6.9,51.3,2.0,0.0,0.0,0.0,0.0,0.0,0.179,0.0,0.455,0.18,0.0,0.0,0.0,0.0,1.0
정현수,롯데,2025,2025-06-07,@ Doosan,RP,,0.0,0.0,1.333333333,24,0,0,0,0,0,0,0,,Away,잠실 야구장,17:00,27.0,True,0,2,180cm,84kg,2001,0.0,38.8,0.0,6.9,51.3,2.0,0.0,0.0,0.0,0.0,0.0,0.179,0.0,0.455,0.18,0.0,0.0,0.0,0.0,1.0
정현수,롯데,2025,2025-06-12,@ KT,RP,,0.0,3.0,0.333333333,5,0,0,1,0,1,0,0,,Away,수원 KT 위즈파크,18:30,26.9,False,4,1,180cm,84kg,2001,0.0,38.8,0.0,6.9,51.3,2.0,0.0,0.0,0.0,0.0,0.0,0.179,0.0,0.455,0.18,0.0,0.0,0.0,0.0,1.0
정현수,롯데,2025,2025-06-15,@ SSG,RP,,0.0,0.0,0.333333333,4,0,0,0,0,1,0,0,,Away,인천 SSG 랜더스필드,17:00,26.9,False,2,1,180cm,84kg,2001,0.0,38.8,0.0,6.9,51.3,2.0,0.0,0.0,0.0,0.0,0.0,0.179,0.0,0.455,0.18,0.0,0.0,0.0,0.0,1.0
정현수,롯데,2025,2025-06-18,vs. Hanwha,RP,,0.0,0.0,0.333333333,4,0,0,0,0,0,0,0,,Home,사직 야구장,18:30,23.1,False,2,1,180cm,84kg,2001,0.0,38.8,0.0,6.9,51.3,2.0,0.0,0.0,0.0,0.0,0.0,0.179,0.0,0.455,0.18,0.0,0.0,0.0,0.0,1.0
정현수,롯데,2025,2025-06-19,vs. Hanwha,RP,H,0.0,0.0,0.333333333,8,0,0,0,0,1,0,0,,Home,사직 야구장,18:30,27.6,True,0,2,180cm,84kg,2001,0.0,38.8,0.0,6.9,51.3,2.0,0.0,0.0,0.0,0.0,0.0,0.179,0.0,0.455,0.18,0.0,0.0,0.0,0.0,1.0
정현수,롯데,2025,2025-06-20,vs. Samsung,RP,H,0.0,1.0,1.0,17,0,0,0,0,0,1,0,,Home,사직 야구장,18:30,26.5,True,0,3,180cm,84kg,2001,0.0,38.8,0.0,6.9,51.3,2.0,0.0,0.0,0.0,0.0,0.0,0.179,0.0,0.455,0.18,0.0,0.0,0.0,0.0,1.0
정현수,롯데,2025,2025-06-25,@ NC,RP,,0.0,,0.0,8,0,0,0,0,0,1,0,,Away,창원 NC 파크,18:30,25.2,False,4,1,180cm,84kg,2001,0.0,38.8,0.0,6.9,51.3,2.0,0.0,0.0,0.0,0.0,0.0,0.179,0.0,0.455,0.18,0.0,0.0,0.0,0.0,1.0
정현수,롯데,2025,2025-06-27,vs. KT,RP,H,0.0,0.0,0.333333333,4,0,0,0,0,0,0,0,,Home,사직 야구장,18:30,25.9,False,1,1,180cm,84kg,2001,0.0,38.8,0.0,6.9,51.3,2.0,0.0,0.0,0.0,0.0,0.0,0.179,0.0,0.455,0.18,0.0,0.0,0.0,0.0,1.0
정현수,롯데,2025,2025-06-28,vs. KT,RP,,0.0,1.0,1.0,19,0,0,1,0,0,0,0,,Home,사직 야구장,17:00,29.3,True,0,2,180cm,84kg,2001,0.0,38.8,0.0,6.9,51.3,2.0,0.0,0.0,0.0,0.0,0.0,0.179,0.0,0.455,0.18,0.0,0.0,0.0,0.0,1.0
정현수,롯데,2025,2025-06-29,vs. KT,RP,,0.0,0.0,0.666666667,6,0,0,0,0,0,0,0,,Home,사직 야구장,17:00,29.1,True,0,3,180cm,84kg,2001,0.0,38.8,0.0,6.9,51.3,2.0,0.0,0.0,0.0,0.0,0.0,0.179,0.0,0.455,0.18,0.0,0.0,0.0,0.0,1.0
정현수,롯데,2025,2025-07-01,vs. LG,RP,,27.0,3.0,0.333333333,4,1,1,1,0,0,0,0,,Home,사직 야구장,18:30,29.8,False,1,1,180cm,84kg,2001,0.0,38.8,0.0,6.9,51.3,2.0,0.0,0.0,0.0,0.0,0.0,0.179,0.0,0.455,0.18,0.0,0.0,0.0,0.0,1.0
정현수,롯데,2025,2025-07-05,@ Kia,RP,,0.0,,0.0,23,5,5,2,1,0,3,0,,Away,광주 기아 챔피언스 필드,18:00,31.5,False,3,1,180cm,84kg,2001,0.0,38.8,0.0,6.9,51.3,2.0,0.0,0.0,0.0,0.0,0.0,0.179,0.0,0.455,0.18,0.0,0.0,0.0,0.0,1.0
정현수,롯데,2025,2025-07-08,vs. Doosan,RP,,13.5,1.5,0.666666667,8,1,1,1,0,1,0,0,,Home,사직 야구장,18:30,32.4,False,2,1,180cm,84kg,2001,0.0,38.8,0.0,6.9,51.3,2.0,0.0,0.0,0.0,0.0,0.0,0.179,0.0,0.455,0.18,0.0,0.0,0.0,0.0,1.0
정현수,롯데,2025,2025-07-09,vs. Doosan,RP,H,0.0,0.0,0.333333333,6,0,0,0,0,0,0,0,,Home,사직 야구장,18:30,29.7,True,0,2,180cm,84kg,2001,0.0,38.8,0.0,6.9,51.3,2.0,0.0,0.0,0.0,0.0,0.0,0.179,0.0,0.455,0.18,0.0,0.0,0.0,0.0,1.0
정현수,롯데,2025,2025-07-10,vs. Doosan,RP,,0.0,3.0,0.333333333,7,0,0,0,0,1,1,0,,Home,사직 야구장,18:30,29.2,True,0,3,180cm,84kg,2001,0.0,38.8,0.0,6.9,51.3,2.0,0.0,0.0,0.0,0.0,0.0,0.179,0.0,0.455,0.18,0.0,0.0,0.0,0.0,1.0
정현우,키움,2025,2025-03-26,@ Kia,SP,W,7.2,3.0,5.0,122,6,4,8,0,4,7,0,28.0,Away,광주 기아 챔피언스 필드,18:30,23.3,False,0,1,181cm,91kg,2006,0.0,52.6,0.0,10.3,24.1,0.9,0.0,11.8,0.0,0.0,0.0,0.289,0.0,0.313,0.343,0.5,0.0,0.059,0.0,0.0
정현우,키움,2025,2025-04-06,vs. NC,SP,,3.6,1.8,5.0,101,2,2,4,1,4,5,0,50.0,Home,고척 스카이돔,14:00,25.5,False,10,1,181cm,91kg,2006,0.0,52.6,0.0,10.3,24.1,0.9,0.0,11.8,0.0,0.0,0.0,0.289,0.0,0.313,0.343,0.5,0.0,0.059,0.0,0.0
정현우,키움,2025,2025-04-12,@ Hanwha,SP,W,3.6,1.6,5.0,84,2,2,7,0,3,1,0,47.0,Away,대전 한화생명 볼파크,17:00,19.3,False,5,1,181cm,91kg,2006,0.0,52.6,0.0,10.3,24.1,0.9,0.0,11.8,0.0,0.0,0.0,0.289,0.0,0.313,0.343,0.5,0.0,0.059,0.0,0.0
정현우,키움,2025,2025-06-08,vs. LG,SP,L,1.8,0.4,5.0,65,1,1,2,0,5,0,0,64.0,Home,고척 스카이돔,14:00,25.5,False,56,1,181cm,91kg,2006,0.0,52.6,0.0,10.3,24.1,0.9,0.0,11.8,0.0,0.0,0.0,0.289,0.0,0.313,0.343,0.5,0.0,0.059,0.0,0.0
정현우,키움,2025,2025-06-15,@ Doosan,SP,L,0.0,1.62,4.333333333,89,3,0,6,0,1,1,0,45.0,Away,잠실 야구장,17:00,30.2,False,6,1,181cm,91kg,2006,0.0,52.6,0.0,10.3,24.1,0.9,0.0,11.8,0.0,0.0,0.0,0.289,0.0,0.313,0.343,0.5,0.0,0.059,0.0,0.0
정현우,키움,2025,2025-06-27,vs. Samsung,SP,,0.0,0.67,6.0,98,4,0,1,0,5,3,1,63.0,Home,고척 스카이돔,18:30,25.5,False,11,1,181cm,91kg,2006,0.0,52.6,0.0,10.3,24.1,0.9,0.0,11.8,0.0,0.0,0.0,0.289,0.0,0.313,0.343,0.5,0.0,0.059,0.0,0.0
정현우,키움,2025,2025-07-03,@ KT,SP,L,9.0,2.0,5.0,97,5,5,5,1,2,5,0,34.0,Away,수원 KT 위즈파크,18:30,30.9,False,5,1,181cm,91kg,2006,0.0,52.6,0.0,10.3,24.1,0.9,0.0,11.8,0.0,0.0,0.0,0.289,0.0,0.313,0.343,0.5,0.0,0.059,0.0,0.0
정현우,키움,2025,2025-07-09,@ LG,SP,L,15.75,3.5,4.0,84,7,7,10,0,2,4,0,12.0,Away,잠실 야구장,18:30,34.5,False,5,1,181cm,91kg,2006,0.0,52.6,0.0,10.3,24.1,0.9,0.0,11.8,0.0,0.0,0.0,0.289,0.0,0.313,0.343,0.5,0.0,0.059,0.0,0.0
조동욱,한화,2025,2025-03-27,@ LG,RP,,0.0,2.4,1.666666667,39,0,0,1,0,0,3,0,,Away,잠실 야구장,18:30,13.6,False,0,1,190cm,82kg,2004,0.0,50.9,0.0,0.8,35.0,13.1,0.0,0.0,0.0,0.0,0.0,0.395,0.0,0.0,0.196,0.2,0.0,0.0,0.0,0.0
조동욱,한화,2025,2025-03-30,vs. Kia,RP,,13.5,3.0,0.666666667,14,1,1,2,0,2,0,0,,Home,대전 한화생명 볼파크,14:00,5.1,False,2,1,190cm,82kg,2004,0.0,50.9,0.0,0.8,35.0,13.1,0.0,0.0,0.0,0.0,0.0,0.395,0.0,0.0,0.196,0.2,0.0,0.0,0.0,0.0
조동욱,한화,2025,2025-04-02,vs. Lotte,RP,,3.86,1.29,2.333333333,37,1,1,2,0,1,1,2,,Home,대전 한화생명 볼파크,18:30,11.0,False,2,1,190cm,82kg,2004,0.0,50.9,0.0,0.8,35.0,13.1,0.0,0.0,0.0,0.0,0.0,0.395,0.0,0.0,0.196,0.2,0.0,0.0,0.0,0.0
조동욱,한화,2025,2025-04-05,@ Samsung,RP,,0.0,0.0,0.666666667,5,0,0,0,0,0,0,0,,Away,대구 삼성 라이온즈 파크,17:00,13.4,False,2,1,190cm,82kg,2004,0.0,50.9,0.0,0.8,35.0,13.1,0.0,0.0,0.0,0.0,0.0,0.395,0.0,0.0,0.196,0.2,0.0,0.0,0.0,0.0
조동욱,한화,2025,2025-04-06,@ Samsung,RP,,4.5,1.0,2.0,23,1,1,2,0,0,0,0,,Away,대구 삼성 라이온즈 파크,14:00,16.6,True,0,2,190cm,82kg,2004,0.0,50.9,0.0,0.8,35.0,13.1,0.0,0.0,0.0,0.0,0.0,0.395,0.0,0.0,0.196,0.2,0.0,0.0,0.0,0.0
조동욱,한화,2025,2025-04-08,@ Doosan,RP,,0.0,3.0,0.333333333,9,0,0,1,0,0,0,1,,Away,잠실 야구장,18:30,16.8,False,1,1,190cm,82kg,2004,0.0,50.9,0.0,0.8,35.0,13.1,0.0,0.0,0.0,0.0,0.0,0.395,0.0,0.0,0.196,0.2,0.0,0.0,0.0,0.0
조동욱,한화,2025,2025-04-11,vs. Kiwoom,RP,,0.0,3.0,0.666666667,22,0,0,2,0,0,0,0,,Home,대전 한화생명 볼파크,18:30,24.0,False,2,1,190cm,82kg,2004,0.0,50.9,0.0,0.8,35.0,13.1,0.0,0.0,0.0,0.0,0.0,0.395,0.0,0.0,0.196,0.2,0.0,0.0,0.0,0.0
조동욱,한화,2025,2025-04-12,vs. Kiwoom,RP,,4.5,2.5,2.0,36,1,1,4,1,2,1,0,,Home,대전 한화생명 볼파크,17:00,19.3,True,0,2,190cm,82kg,2004,0.0,50.9,0.0,0.8,35.0,13.1,0.0,0.0,0.0,0.0,0.0,0.395,0.0,0.0,0.196,0.2,0.0,0.0,0.0,0.0
조동욱,한화,2025,2025-04-16,@ SSG,RP,,0.0,0.0,1.0,8,0,0,0,0,0,0,0,,Away,인천 SSG 랜더스필드,18:30,18.0,False,3,1,190cm,82kg,2004,0.0,50.9,0.0,0.8,35.0,13.1,0.0,0.0,0.0,0.0,0.0,0.395,0.0,0.0,0.196,0.2,0.0,0.0,0.0,0.0
조동욱,한화,2025,2025-04-17,@ SSG,RP,H,0.0,1.0,1.0,8,0,0,1,0,1,0,0,,Away,인천 SSG 랜더스필드,18:30,16.8,True,0,2,190cm,82kg,2004,0.0,50.9,0.0,0.8,35.0,13.1,0.0,0.0,0.0,0.0,0.0,0.395,0.0,0.0,0.196,0.2,0.0,0.0,0.0,0.0
조동욱,한화,2025,2025-04-20,vs. NC,RP,,0.0,,0.0,3,0,0,1,0,0,0,0,,Home,대전 한화생명 볼파크,14:00,21.5,False,2,1,190cm,82kg,2004,0.0,50.9,0.0,0.8,35.0,13.1,0.0,0.0,0.0,0.0,0.0,0.395,0.0,0.0,0.196,0.2,0.0,0.0,0.0,0.0
조동욱,한화,2025,2025-05-02,@ Kia,RP,,0.0,0.0,0.333333333,7,0,0,0,0,0,0,1,,Away,광주 기아 챔피언스 필드,18:30,17.3,False,11,1,190cm,82kg,2004,0.0,50.9,0.0,0.8,35.0,13.1,0.0,0.0,0.0,0.0,0.0,0.395,0.0,0.0,0.196,0.2,0.0,0.0,0.0,0.0
조동욱,한화,2025,2025-05-06,vs. Samsung,RP,H,0.0,0.0,0.333333333,6,0,0,0,0,1,0,0,,Home,대전 한화생명 볼파크,18:30,16.9,False,3,1,190cm,82kg,2004,0.0,50.9,0.0,0.8,35.0,13.1,0.0,0.0,0.0,0.0,0.0,0.395,0.0,0.0,0.196,0.2,0.0,0.0,0.0,0.0
조동욱,한화,2025,2025-05-07,vs. Samsung,RP,,0.0,,0.0,7,0,0,0,0,0,1,0,,Home,대전 한화생명 볼파크,18:30,19.5,True,0,2,190cm,82kg,2004,0.0,50.9,0.0,0.8,35.0,13.1,0.0,0.0,0.0,0.0,0.0,0.395,0.0,0.0,0.196,0.2,0.0,0.0,0.0,0.0
조동욱,한화,2025,2025-05-09,@ Kiwoom,RP,,0.0,4.0,1.0,21,0,0,2,0,0,2,0,,Away,고척 스카이돔,18:30,25.5,False,1,1,190cm,82kg,2004,0.0,50.9,0.0,0.8,35.0,13.1,0.0,0.0,0.0,0.0,0.0,0.395,0.0,0.0,0.196,0.2,0.0,0.0,0.0,0.0
조동욱,한화,2025,2025-05-13,vs. Doosan,RP,,0.0,0.0,0.333333333,8,0,0,0,0,0,0,0,,Home,대전 한화생명 볼파크,18:30,24.2,False,3,1,190cm,82kg,2004,0.0,50.9,0.0,0.8,35.0,13.1,0.0,0.0,0.0,0.0,0.0,0.395,0.0,0.0,0.196,0.2,0.0,0.0,0.0,0.0
조동욱,한화,2025,2025-05-14,vs. Doosan,RP,,0.0,0.6,1.666666667,26,0,0,1,0,2,0,0,,Home,대전 한화생명 볼파크,18:30,26.4,True,0,2,190cm,82kg,2004,0.0,50.9,0.0,0.8,35.0,13.1,0.0,0.0,0.0,0.0,0.0,0.395,0.0,0.0,0.196,0.2,0.0,0.0,0.0,0.0
조동욱,한화,2025,2025-05-17,vs. SSG,RP,,0.0,3.0,0.333333333,10,0,0,1,0,0,0,0,,Home,대전 한화생명 볼파크,17:00,23.4,False,2,1,190cm,82kg,2004,0.0,50.9,0.0,0.8,35.0,13.1,0.0,0.0,0.0,0.0,0.0,0.395,0.0,0.0,0.196,0.2,0.0,0.0,0.0,0.0
조동욱,한화,2025,2025-05-18,vs. SSG,RP,,0.0,1.5,0.666666667,17,2,0,0,0,0,1,0,,Home,대전 한화생명 볼파크,14:00,21.7,True,0,2,190cm,82kg,2004,0.0,50.9,0.0,0.8,35.0,13.1,0.0,0.0,0.0,0.0,0.0,0.395,0.0,0.0,0.196,0.2,0.0,0.0,0.0,0.0
조동욱,한화,2025,2025-05-21,@ NC,RP,,0.0,1.0,1.0,14,0,0,0,0,0,1,0,,Away,창원 NC 파크,18:30,23.5,False,2,1,190cm,82kg,2004,0.0,50.9,0.0,0.8,35.0,13.1,0.0,0.0,0.0,0.0,0.0,0.395,0.0,0.0,0.196,0.2,0.0,0.0,0.0,0.0
조동욱,한화,2025,2025-05-24,vs. Lotte,RP,,0.0,0.0,0.666666667,5,0,0,0,0,0,0,0,,Home,대전 한화생명 볼파크,17:00,14.4,False,2,1,190cm,82kg,2004,0.0,50.9,0.0,0.8,35.0,13.1,0.0,0.0,0.0,0.0,0.0,0.395,0.0,0.0,0.196,0.2,0.0,0.0,0.0,0.0
조동욱,한화,2025,2025-05-25,vs. Lotte,RP,H,0.0,1.0,1.0,20,0,0,1,0,0,0,0,,Home,대전 한화생명 볼파크,14:00,23.2,True,0,2,190cm,82kg,2004,0.0,50.9,0.0,0.8,35.0,13.1,0.0,0.0,0.0,0.0,0.0,0.395,0.0,0.0,0.196,0.2,0.0,0.0,0.0,0.0
조동욱,한화,2025,2025-05-27,@ LG,RP,,0.0,0.0,0.333333333,6,0,0,0,0,0,0,0,,Away,잠실 야구장,18:30,24.9,False,1,1,190cm,82kg,2004,0.0,50.9,0.0,0.8,35.0,13.1,0.0,0.0,0.0,0.0,0.0,0.395,0.0,0.0,0.196,0.2,0.0,0.0,0.0,0.0
조동욱,한화,2025,2025-05-28,@ LG,RP,SV,0.0,3.0,0.666666667,16,0,0,1,0,1,1,0,,Away,잠실 야구장,18:30,23.5,True,0,2,190cm,82kg,2004,0.0,50.9,0.0,0.8,35.0,13.1,0.0,0.0,0.0,0.0,0.0,0.395,0.0,0.0,0.196,0.2,0.0,0.0,0.0,0.0
조동욱,한화,2025,2025-06-01,@ NC,RP,,81.0,9.0,0.333333333,11,3,3,3,0,0,0,0,,Away,창원 NC 파크,17:00,23.3,False,3,1,190cm,82kg,2004,0.0,50.9,0.0,0.8,35.0,13.1,0.0,0.0,0.0,0.0,0.0,0.395,0.0,0.0,0.196,0.2,0.0,0.0,0.0,0.0
조동욱,한화,2025,2025-06-04,vs. KT,RP,,0.0,0.0,0.666666667,10,0,0,0,0,1,0,0,,Home,대전 한화생명 볼파크,18:30,22.1,False,2,1,190cm,82kg,2004,0.0,50.9,0.0,0.8,35.0,13.1,0.0,0.0,0.0,0.0,0.0,0.395,0.0,0.0,0.196,0.2,0.0,0.0,0.0,0.0
조동욱,한화,2025,2025-06-05,vs. KT,RP,,10.13,2.25,2.666666667,58,3,3,5,0,3,1,0,,Home,대전 한화생명 볼파크,18:30,23.7,True,0,2,190cm,82kg,2004,0.0,50.9,0.0,0.8,35.0,13.1,0.0,0.0,0.0,0.0,0.0,0.395,0.0,0.0,0.196,0.2,0.0,0.0,0.0,0.0
조동욱,한화,2025,2025-06-11,vs. Doosan,SP,W,1.8,1.2,5.0,65,1,1,4,1,2,2,0,55.0,Home,대전 한화생명 볼파크,18:30,25.3,False,5,1,190cm,82kg,2004,0.0,50.9,0.0,0.8,35.0,13.1,0.0,0.0,0.0,0.0,0.0,0.395,0.0,0.0,0.196,0.2,0.0,0.0,0.0,0.0
조동욱,한화,2025,2025-06-15,vs. LG,RP,,0.0,3.0,0.666666667,11,0,0,2,0,1,0,0,,Home,대전 한화생명 볼파크,17:00,30.9,False,3,1,190cm,82kg,2004,0.0,50.9,0.0,0.8,35.0,13.1,0.0,0.0,0.0,0.0,0.0,0.395,0.0,0.0,0.196,0.2,0.0,0.0,0.0,0.0
조동욱,한화,2025,2025-06-19,@ Lotte,RP,,0.0,6.0,0.333333333,4,0,0,2,0,0,0,0,,Away,사직 야구장,18:30,27.6,False,3,1,190cm,82kg,2004,0.0,50.9,0.0,0.8,35.0,13.1,0.0,0.0,0.0,0.0,0.0,0.395,0.0,0.0,0.196,0.2,0.0,0.0,0.0,0.0
조동욱,한화,2025,2025-06-22,vs. Kiwoom,RP,,0.0,,0.0,6,0,0,0,0,0,0,0,,Home,대전 한화생명 볼파크,17:00,28.2,False,2,1,190cm,82kg,2004,0.0,50.9,0.0,0.8,35.0,13.1,0.0,0.0,0.0,0.0,0.0,0.395,0.0,0.0,0.196,0.2,0.0,0.0,0.0,0.0
조동욱,한화,2025,2025-06-25,@ Samsung,RP,,13.5,4.5,0.666666667,17,1,1,2,0,0,1,0,,Away,대구 삼성 라이온즈 파크,18:30,24.9,False,2,1,190cm,82kg,2004,0.0,50.9,0.0,0.8,35.0,13.1,0.0,0.0,0.0,0.0,0.0,0.395,0.0,0.0,0.196,0.2,0.0,0.0,0.0,0.0
조동욱,한화,2025,2025-06-27,@ SSG,RP,,0.0,1.5,1.333333333,29,0,0,1,0,1,1,0,,Away,인천 SSG 랜더스필드,18:30,28.2,False,1,1,190cm,82kg,2004,0.0,50.9,0.0,0.8,35.0,13.1,0.0,0.0,0.0,0.0,0.0,0.395,0.0,0.0,0.196,0.2,0.0,0.0,0.0,0.0
조동욱,한화,2025,2025-06-29,@ SSG,RP,,0.0,0.0,0.666666667,6,0,0,0,0,0,0,0,,Away,인천 SSG 랜더스필드,17:00,29.8,False,1,1,190cm,82kg,2004,0.0,50.9,0.0,0.8,35.0,13.1,0.0,0.0,0.0,0.0,0.0,0.395,0.0,0.0,0.196,0.2,0.0,0.0,0.0,0.0
조동욱,한화,2025,2025-07-02,vs. NC,RP,,0.0,2.0,1.0,8,0,0,2,0,0,0,0,,Home,대전 한화생명 볼파크,18:30,32.4,False,2,1,190cm,82kg,2004,0.0,50.9,0.0,0.8,35.0,13.1,0.0,0.0,0.0,0.0,0.0,0.395,0.0,0.0,0.196,0.2,0.0,0.0,0.0,0.0
조동욱,한화,2025,2025-07-03,vs. NC,RP,,13.5,1.5,0.666666667,13,1,1,1,0,0,0,0,,Home,대전 한화생명 볼파크,18:30,32.0,True,0,2,190cm,82kg,2004,0.0,50.9,0.0,0.8,35.0,13.1,0.0,0.0,0.0,0.0,0.0,0.395,0.0,0.0,0.196,0.2,0.0,0.0,0.0,0.0
조동욱,한화,2025,2025-07-06,@ Kiwoom,RP,,0.0,3.0,0.666666667,15,0,0,1,0,1,1,0,,Away,고척 스카이돔,14:00,25.5,False,2,1,190cm,82kg,2004,0.0,50.9,0.0,0.8,35.0,13.1,0.0,0.0,0.0,0.0,0.0,0.395,0.0,0.0,0.196,0.2,0.0,0.0,0.0,0.0
조동욱,한화,2025,2025-07-08,vs. Kia,RP,,0.0,3.0,0.666666667,18,0,0,2,0,1,0,0,,Home,대전 한화생명 볼파크,18:30,33.6,False,1,1,190cm,82kg,2004,0.0,50.9,0.0,0.8,35.0,13.1,0.0,0.0,0.0,0.0,0.0,0.395,0.0,0.0,0.196,0.2,0.0,0.0,0.0,0.0
조동욱,한화,2025,2025-07-09,vs. Kia,RP,W,0.0,0.0,2.333333333,24,0,0,0,0,1,0,0,,Home,대전 한화생명 볼파크,18:30,32.1,True,0,2,190cm,82kg,2004,0.0,50.9,0.0,0.8,35.0,13.1,0.0,0.0,0.0,0.0,0.0,0.395,0.0,0.0,0.196,0.2,0.0,0.0,0.0,0.0
조병현,SSG,2025,2025-03-23,vs. Doosan,RP,SV,0.0,0.0,1.0,10,0,0,0,0,1,0,0,,Home,인천 SSG 랜더스필드,14:00,18.1,False,0,1,182cm,90kg,2002,0.0,72.5,0.3,4.5,0.5,0.0,0.0,21.9,0.0,0.0,0.0,0.165,0.0,0.0,0.0,0.0,0.0,0.195,0.0,0.0
조병현,SSG,2025,2025-03-25,vs. Lotte,RP,L,0.0,2.25,1.333333333,27,1,0,2,0,1,1,0,,Home,인천 SSG 랜더스필드,18:30,10.4,False,1,1,182cm,90kg,2002,0.0,72.5,0.3,4.5,0.5,0.0,0.0,21.9,0.0,0.0,0.0,0.165,0.0,0.0,0.0,0.0,0.0,0.195,0.0,0.0
조병현,SSG,2025,2025-03-27,vs. Lotte,RP,SV,0.0,2.0,1.0,11,0,0,1,0,0,1,0,,Home,인천 SSG 랜더스필드,18:30,11.1,False,1,1,182cm,90kg,2002,0.0,72.5,0.3,4.5,0.5,0.0,0.0,21.9,0.0,0.0,0.0,0.165,0.0,0.0,0.0,0.0,0.0,0.195,0.0,0.0
조병현,SSG,2025,2025-04-04,vs. KT,RP,,0.0,1.0,1.0,18,0,0,1,0,0,0,0,,Home,인천 SSG 랜더스필드,18:30,10.4,False,7,1,182cm,90kg,2002,0.0,72.5,0.3,4.5,0.5,0.0,0.0,21.9,0.0,0.0,0.0,0.165,0.0,0.0,0.0,0.0,0.0,0.195,0.0,0.0
조병현,SSG,2025,2025-04-06,vs. KT,RP,W,0.0,2.0,1.0,18,0,0,2,0,1,0,0,,Home,인천 SSG 랜더스필드,14:00,11.4,False,1,1,182cm,90kg,2002,0.0,72.5,0.3,4.5,0.5,0.0,0.0,21.9,0.0,0.0,0.0,0.165,0.0,0.0,0.0,0.0,0.0,0.195,0.0,0.0
조병현,SSG,2025,2025-04-09,@ Samsung,RP,W,0.0,2.0,1.0,18,0,0,2,0,2,0,0,,Away,대구 삼성 라이온즈 파크,18:30,14.9,False,2,1,182cm,90kg,2002,0.0,72.5,0.3,4.5,0.5,0.0,0.0,21.9,0.0,0.0,0.0,0.165,0.0,0.0,0.0,0.0,0.0,0.195,0.0,0.0
조병현,SSG,2025,2025-04-10,@ Samsung,RP,,9.0,3.0,1.0,28,1,1,2,0,2,1,0,,Away,대구 삼성 라이온즈 파크,18:30,14.9,True,0,2,182cm,90kg,2002,0.0,72.5,0.3,4.5,0.5,0.0,0.0,21.9,0.0,0.0,0.0,0.165,0.0,0.0,0.0,0.0,0.0,0.195,0.0,0.0
조병현,SSG,2025,2025-04-17,vs. Hanwha,RP,,0.0,0.0,1.0,15,0,0,0,0,1,0,0,,Home,인천 SSG 랜더스필드,18:30,16.8,False,6,1,182cm,90kg,2002,0.0,72.5,0.3,4.5,0.5,0.0,0.0,21.9,0.0,0.0,0.0,0.165,0.0,0.0,0.0,0.0,0.0,0.195,0.0,0.0
조병현,SSG,2025,2025-04-20,vs. LG,RP,,0.0,0.0,1.0,10,0,0,0,0,1,0,0,,Home,인천 SSG 랜더스필드,14:00,19.5,False,2,1,182cm,90kg,2002,0.0,72.5,0.3,4.5,0.5,0.0,0.0,21.9,0.0,0.0,0.0,0.165,0.0,0.0,0.0,0.0,0.0,0.195,0.0,0.0
조병현,SSG,2025,2025-04-24,@ KT,RP,SV,0.0,0.0,1.333333333,15,0,0,0,0,0,0,0,,Away,수원 KT 위즈파크,18:30,14.9,False,3,1,182cm,90kg,2002,0.0,72.5,0.3,4.5,0.5,0.0,0.0,21.9,0.0,0.0,0.0,0.165,0.0,0.0,0.0,0.0,0.0,0.195,0.0,0.0
조병현,SSG,2025,2025-04-25,vs. Kiwoom,RP,SV,0.0,0.0,1.0,15,0,0,0,0,1,0,0,,Home,인천 SSG 랜더스필드,18:30,14.2,True,0,2,182cm,90kg,2002,0.0,72.5,0.3,4.5,0.5,0.0,0.0,21.9,0.0,0.0,0.0,0.165,0.0,0.0,0.0,0.0,0.0,0.195,0.0,0.0
조병현,SSG,2025,2025-04-30,vs. Samsung,RP,,13.5,1.5,0.666666667,16,1,1,1,1,1,0,0,,Home,인천 SSG 랜더스필드,18:30,20.6,False,4,1,182cm,90kg,2002,0.0,72.5,0.3,4.5,0.5,0.0,0.0,21.9,0.0,0.0,0.0,0.165,0.0,0.0,0.0,0.0,0.0,0.195,0.0,0.0
조병현,SSG,2025,2025-05-01,vs. Samsung,RP,SV,0.0,0.0,1.0,16,0,0,0,0,0,0,0,,Home,인천 SSG 랜더스필드,18:30,11.6,True,0,2,182cm,90kg,2002,0.0,72.5,0.3,4.5,0.5,0.0,0.0,21.9,0.0,0.0,0.0,0.165,0.0,0.0,0.0,0.0,0.0,0.195,0.0,0.0
조병현,SSG,2025,2025-05-07,@ Lotte,RP,,0.0,1.0,1.0,24,0,0,1,0,2,0,0,,Away,사직 야구장,18:30,16.4,False,5,1,182cm,90kg,2002,0.0,72.5,0.3,4.5,0.5,0.0,0.0,21.9,0.0,0.0,0.0,0.165,0.0,0.0,0.0,0.0,0.0,0.195,0.0,0.0
조병현,SSG,2025,2025-05-11,vs. Kia,RP,,0.0,0.0,1.0,14,0,0,0,0,0,0,0,,Home,인천 SSG 랜더스필드,14:00,16.8,False,3,1,182cm,90kg,2002,0.0,72.5,0.3,4.5,0.5,0.0,0.0,21.9,0.0,0.0,0.0,0.165,0.0,0.0,0.0,0.0,0.0,0.195,0.0,0.0
조병현,SSG,2025,2025-05-13,vs. NC,RP,SV,0.0,0.0,1.0,10,0,0,0,0,1,0,0,,Home,인천 SSG 랜더스필드,18:30,22.2,False,1,1,182cm,90kg,2002,0.0,72.5,0.3,4.5,0.5,0.0,0.0,21.9,0.0,0.0,0.0,0.165,0.0,0.0,0.0,0.0,0.0,0.195,0.0,0.0
조병현,SSG,2025,2025-05-15,vs. NC,RP,,0.0,0.0,1.0,11,0,0,0,0,2,0,0,,Home,인천 SSG 랜더스필드,18:30,18.0,False,1,1,182cm,90kg,2002,0.0,72.5,0.3,4.5,0.5,0.0,0.0,21.9,0.0,0.0,0.0,0.165,0.0,0.0,0.0,0.0,0.0,0.195,0.0,0.0
조병현,SSG,2025,2025-05-17,@ Hanwha,RP,,9.0,2.0,1.0,21,1,1,2,1,0,0,0,,Away,대전 한화생명 볼파크,17:00,23.4,False,1,1,182cm,90kg,2002,0.0,72.5,0.3,4.5,0.5,0.0,0.0,21.9,0.0,0.0,0.0,0.165,0.0,0.0,0.0,0.0,0.0,0.195,0.0,0.0
조병현,SSG,2025,2025-05-18,@ Hanwha,RP,,0.0,1.0,1.0,9,0,0,1,0,1,0,0,,Away,대전 한화생명 볼파크,14:00,21.7,True,0,2,182cm,90kg,2002,0.0,72.5,0.3,4.5,0.5,0.0,0.0,21.9,0.0,0.0,0.0,0.165,0.0,0.0,0.0,0.0,0.0,0.195,0.0,0.0
조병현,SSG,2025,2025-05-20,@ Doosan,RP,SV,0.0,3.0,1.0,20,0,0,2,0,3,1,0,,Away,잠실 야구장,18:30,25.2,False,1,1,182cm,90kg,2002,0.0,72.5,0.3,4.5,0.5,0.0,0.0,21.9,0.0,0.0,0.0,0.165,0.0,0.0,0.0,0.0,0.0,0.195,0.0,0.0
조병현,SSG,2025,2025-05-24,vs. LG,RP,W,0.0,0.0,1.0,16,0,0,0,0,1,0,0,,Home,인천 SSG 랜더스필드,17:00,18.7,False,3,1,182cm,90kg,2002,0.0,72.5,0.3,4.5,0.5,0.0,0.0,21.9,0.0,0.0,0.0,0.165,0.0,0.0,0.0,0.0,0.0,0.195,0.0,0.0
조병현,SSG,2025,2025-05-27,vs. NC,RP,,0.0,0.0,1.0,17,0,0,0,0,2,0,0,,Home,인천 SSG 랜더스필드,18:30,20.6,False,2,1,182cm,90kg,2002,0.0,72.5,0.3,4.5,0.5,0.0,0.0,21.9,0.0,0.0,0.0,0.165,0.0,0.0,0.0,0.0,0.0,0.195,0.0,0.0
조병현,SSG,2025,2025-05-29,vs. NC,RP,SV,0.0,1.0,1.0,10,0,0,1,0,0,0,0,,Home,인천 SSG 랜더스필드,18:30,23.1,False,1,1,182cm,90kg,2002,0.0,72.5,0.3,4.5,0.5,0.0,0.0,21.9,0.0,0.0,0.0,0.165,0.0,0.0,0.0,0.0,0.0,0.195,0.0,0.0
조병현,SSG,2025,2025-05-31,@ Lotte,RP,SV,0.0,0.0,1.0,15,0,0,0,0,0,0,0,,Away,사직 야구장,17:00,20.8,False,1,1,182cm,90kg,2002,0.0,72.5,0.3,4.5,0.5,0.0,0.0,21.9,0.0,0.0,0.0,0.165,0.0,0.0,0.0,0.0,0.0,0.195,0.0,0.0
조병현,SSG,2025,2025-06-01,@ Lotte,RP,SV,0.0,0.0,1.0,12,0,0,0,0,1,0,0,,Away,사직 야구장,17:00,23.7,True,0,2,182cm,90kg,2002,0.0,72.5,0.3,4.5,0.5,0.0,0.0,21.9,0.0,0.0,0.0,0.165,0.0,0.0,0.0,0.0,0.0,0.195,0.0,0.0
조병현,SSG,2025,2025-06-03,vs. Samsung,RP,SV,9.0,1.0,1.0,18,1,1,1,1,1,0,0,,Home,인천 SSG 랜더스필드,18:30,20.9,False,1,1,182cm,90kg,2002,0.0,72.5,0.3,4.5,0.5,0.0,0.0,21.9,0.0,0.0,0.0,0.165,0.0,0.0,0.0,0.0,0.0,0.195,0.0,0.0
조병현,SSG,2025,2025-06-04,vs. Samsung,RP,,9.0,1.0,1.0,25,1,1,1,1,2,0,0,,Home,인천 SSG 랜더스필드,18:30,21.5,True,0,2,182cm,90kg,2002,0.0,72.5,0.3,4.5,0.5,0.0,0.0,21.9,0.0,0.0,0.0,0.165,0.0,0.0,0.0,0.0,0.0,0.195,0.0,0.0
조병현,SSG,2025,2025-06-08,@ KT,RP,SV,0.0,0.0,1.0,13,0,0,0,0,1,0,0,,Away,수원 KT 위즈파크,17:00,28.1,False,3,1,182cm,90kg,2002,0.0,72.5,0.3,4.5,0.5,0.0,0.0,21.9,0.0,0.0,0.0,0.165,0.0,0.0,0.0,0.0,0.0,0.195,0.0,0.0
조병현,SSG,2025,2025-06-10,@ LG,RP,,0.0,0.0,1.0,14,0,0,0,0,1,0,0,,Away,잠실 야구장,18:30,24.8,False,1,1,182cm,90kg,2002,0.0,72.5,0.3,4.5,0.5,0.0,0.0,21.9,0.0,0.0,0.0,0.165,0.0,0.0,0.0,0.0,0.0,0.195,0.0,0.0
조병현,SSG,2025,2025-06-14,vs. Lotte,RP,,0.0,6.0,0.333333333,23,0,0,2,0,1,0,0,,Home,인천 SSG 랜더스필드,17:00,29.1,False,3,1,182cm,90kg,2002,0.0,72.5,0.3,4.5,0.5,0.0,0.0,21.9,0.0,0.0,0.0,0.165,0.0,0.0,0.0,0.0,0.0,0.195,0.0,0.0
조병현,SSG,2025,2025-06-15,vs. Lotte,RP,SV,0.0,0.0,1.0,11,0,0,0,0,0,0,0,,Home,인천 SSG 랜더스필드,17:00,26.9,True,0,2,182cm,90kg,2002,0.0,72.5,0.3,4.5,0.5,0.0,0.0,21.9,0.0,0.0,0.0,0.165,0.0,0.0,0.0,0.0,0.0,0.195,0.0,0.0
조병현,SSG,2025,2025-06-19,@ Kiwoom,RP,,0.0,0.0,1.0,16,0,0,0,0,3,0,0,,Away,고척 스카이돔,18:30,25.5,False,3,1,182cm,90kg,2002,0.0,72.5,0.3,4.5,0.5,0.0,0.0,21.9,0.0,0.0,0.0,0.165,0.0,0.0,0.0,0.0,0.0,0.195,0.0,0.0
조병현,SSG,2025,2025-06-21,vs. Kia,RP,,0.0,0.0,1.0,16,0,0,0,0,2,0,0,,Home,인천 SSG 랜더스필드,17:00,23.5,False,1,1,182cm,90kg,2002,0.0,72.5,0.3,4.5,0.5,0.0,0.0,21.9,0.0,0.0,0.0,0.165,0.0,0.0,0.0,0.0,0.0,0.195,0.0,0.0
조병현,SSG,2025,2025-06-22,vs. Kia,RP,,9.0,2.0,1.0,24,1,1,0,0,1,2,0,,Home,인천 SSG 랜더스필드,17:00,25.0,True,0,2,182cm,90kg,2002,0.0,72.5,0.3,4.5,0.5,0.0,0.0,21.9,0.0,0.0,0.0,0.165,0.0,0.0,0.0,0.0,0.0,0.195,0.0,0.0
조병현,SSG,2025,2025-06-26,@ Doosan,RP,SV,0.0,0.0,1.0,18,0,0,0,0,2,0,0,,Away,잠실 야구장,18:30,25.9,False,3,1,182cm,90kg,2002,0.0,72.5,0.3,4.5,0.5,0.0,0.0,21.9,0.0,0.0,0.0,0.165,0.0,0.0,0.0,0.0,0.0,0.195,0.0,0.0
조병현,SSG,2025,2025-06-27,vs. Hanwha,RP,SV,0.0,0.0,1.0,7,0,0,0,0,0,0,0,,Home,인천 SSG 랜더스필드,18:30,28.2,True,0,2,182cm,90kg,2002,0.0,72.5,0.3,4.5,0.5,0.0,0.0,21.9,0.0,0.0,0.0,0.165,0.0,0.0,0.0,0.0,0.0,0.195,0.0,0.0
조병현,SSG,2025,2025-06-29,vs. Hanwha,RP,SV,0.0,0.0,1.0,11,0,0,0,0,2,0,0,,Home,인천 SSG 랜더스필드,17:00,29.8,False,1,1,182cm,90kg,2002,0.0,72.5,0.3,4.5,0.5,0.0,0.0,21.9,0.0,0.0,0.0,0.165,0.0,0.0,0.0,0.0,0.0,0.195,0.0,0.0
조병현,SSG,2025,2025-07-02,@ Kia,RP,SV,0.0,3.0,1.0,28,0,0,1,0,2,2,0,,Away,광주 기아 챔피언스 필드,18:30,33.1,False,2,1,182cm,90kg,2002,0.0,72.5,0.3,4.5,0.5,0.0,0.0,21.9,0.0,0.0,0.0,0.165,0.0,0.0,0.0,0.0,0.0,0.195,0.0,0.0
조병현,SSG,2025,2025-07-04,@ NC,RP,,0.0,0.0,1.0,15,0,0,0,0,3,0,0,,Away,창원 NC 파크,18:30,30.2,False,1,1,182cm,90kg,2002,0.0,72.5,0.3,4.5,0.5,0.0,0.0,21.9,0.0,0.0,0.0,0.165,0.0,0.0,0.0,0.0,0.0,0.195,0.0,0.0
조병현,SSG,2025,2025-07-10,vs. KT,RP,,0.0,0.0,1.0,10,0,0,0,0,1,0,0,,Home,인천 SSG 랜더스필드,18:30,33.4,False,5,1,182cm,90kg,2002,0.0,72.5,0.3,4.5,0.5,0.0,0.0,21.9,0.0,0.0,0.0,0.165,0.0,0.0,0.0,0.0,0.0,0.195,0.0,0.0
조상우,KIA,2025,2025-03-25,vs. Kiwoom,RP,,0.0,1.0,1.0,15,0,0,1,0,1,0,0,,Home,광주 기아 챔피언스 필드,18:30,19.9,False,0,1,186cm,97kg,1994,20.5,36.8,0.0,0.0,31.5,0.0,0.0,11.2,0.0,0.0,0.385,0.189,0.0,0.0,0.291,0.0,0.0,0.188,0.0,0.0
조상우,KIA,2025,2025-03-27,vs. Kiwoom,RP,H,0.0,3.0,0.333333333,7,0,0,1,0,0,0,0,,Home,광주 기아 챔피언스 필드,18:30,14.1,False,1,1,186cm,97kg,1994,20.5,36.8,0.0,0.0,31.5,0.0,0.0,11.2,0.0,0.0,0.385,0.189,0.0,0.0,0.291,0.0,0.0,0.188,0.0,0.0
조상우,KIA,2025,2025-03-29,@ Hanwha,RP,L,13.5,3.0,0.666666667,23,2,1,2,0,0,0,0,,Away,대전 한화생명 볼파크,17:00,3.0,False,1,1,186cm,97kg,1994,20.5,36.8,0.0,0.0,31.5,0.0,0.0,11.2,0.0,0.0,0.385,0.189,0.0,0.0,0.291,0.0,0.0,0.188,0.0,0.0
조상우,KIA,2025,2025-03-30,@ Hanwha,RP,H,0.0,0.0,1.666666667,23,0,0,0,0,2,0,0,,Away,대전 한화생명 볼파크,14:00,5.1,True,0,2,186cm,97kg,1994,20.5,36.8,0.0,0.0,31.5,0.0,0.0,11.2,0.0,0.0,0.385,0.189,0.0,0.0,0.291,0.0,0.0,0.188,0.0,0.0
조상우,KIA,2025,2025-04-02,vs. Samsung,RP,,0.0,0.0,1.0,13,0,0,0,0,2,0,0,,Home,광주 기아 챔피언스 필드,18:30,10.3,False,2,1,186cm,97kg,1994,20.5,36.8,0.0,0.0,31.5,0.0,0.0,11.2,0.0,0.0,0.385,0.189,0.0,0.0,0.291,0.0,0.0,0.188,0.0,0.0
조상우,KIA,2025,2025-04-03,vs. Samsung,RP,H,0.0,0.0,1.0,15,0,0,0,0,2,0,0,,Home,광주 기아 챔피언스 필드,18:30,12.2,True,0,2,186cm,97kg,1994,20.5,36.8,0.0,0.0,31.5,0.0,0.0,11.2,0.0,0.0,0.385,0.189,0.0,0.0,0.291,0.0,0.0,0.188,0.0,0.0
조상우,KIA,2025,2025-04-08,@ Lotte,RP,W,9.0,2.0,1.0,22,1,1,1,0,2,1,0,,Away,사직 야구장,18:30,17.3,False,4,1,186cm,97kg,1994,20.5,36.8,0.0,0.0,31.5,0.0,0.0,11.2,0.0,0.0,0.385,0.189,0.0,0.0,0.291,0.0,0.0,0.188,0.0,0.0
조상우,KIA,2025,2025-04-09,@ Lotte,RP,H,0.0,6.0,0.333333333,12,0,0,2,0,0,0,0,,Away,사직 야구장,18:30,14.9,True,0,2,186cm,97kg,1994,20.5,36.8,0.0,0.0,31.5,0.0,0.0,11.2,0.0,0.0,0.385,0.189,0.0,0.0,0.291,0.0,0.0,0.188,0.0,0.0
조상우,KIA,2025,2025-04-15,vs. KT,RP,W,0.0,0.0,1.0,13,0,0,0,0,2,0,0,,Home,광주 기아 챔피언스 필드,18:30,13.2,False,5,1,186cm,97kg,1994,20.5,36.8,0.0,0.0,31.5,0.0,0.0,11.2,0.0,0.0,0.385,0.189,0.0,0.0,0.291,0.0,0.0,0.188,0.0,0.0
조상우,KIA,2025,2025-04-17,vs. KT,RP,,0.0,0.0,0.666666667,9,0,0,0,0,1,0,0,,Home,광주 기아 챔피언스 필드,18:30,22.8,False,1,1,186cm,97kg,1994,20.5,36.8,0.0,0.0,31.5,0.0,0.0,11.2,0.0,0.0,0.385,0.189,0.0,0.0,0.291,0.0,0.0,0.188,0.0,0.0
조상우,KIA,2025,2025-04-19,@ Doosan,RP,H,0.0,3.0,1.0,24,0,0,1,0,1,2,0,,Away,잠실 야구장,17:00,14.6,False,1,1,186cm,97kg,1994,20.5,36.8,0.0,0.0,31.5,0.0,0.0,11.2,0.0,0.0,0.385,0.189,0.0,0.0,0.291,0.0,0.0,0.188,0.0,0.0
조상우,KIA,2025,2025-04-20,@ Doosan,RP,H,0.0,1.0,1.0,17,0,0,1,0,1,0,0,,Away,잠실 야구장,14:00,22.5,True,0,2,186cm,97kg,1994,20.5,36.8,0.0,0.0,31.5,0.0,0.0,11.2,0.0,0.0,0.385,0.189,0.0,0.0,0.291,0.0,0.0,0.188,0.0,0.0
조상우,KIA,2025,2025-04-25,vs. LG,RP,L,0.0,0.75,1.333333333,25,1,0,1,0,2,0,0,,Home,광주 기아 챔피언스 필드,18:30,16.2,False,4,1,186cm,97kg,1994,20.5,36.8,0.0,0.0,31.5,0.0,0.0,11.2,0.0,0.0,0.385,0.189,0.0,0.0,0.291,0.0,0.0,0.188,0.0,0.0
조상우,KIA,2025,2025-04-27,vs. LG,RP,H,0.0,1.0,1.0,17,0,0,0,0,1,1,0,,Home,광주 기아 챔피언스 필드,14:00,24.1,False,1,1,186cm,97kg,1994,20.5,36.8,0.0,0.0,31.5,0.0,0.0,11.2,0.0,0.0,0.385,0.189,0.0,0.0,0.291,0.0,0.0,0.188,0.0,0.0
조상우,KIA,2025,2025-05-02,vs. Hanwha,RP,,0.0,2.0,1.0,20,0,0,1,0,1,1,0,,Home,광주 기아 챔피언스 필드,18:30,17.3,False,4,1,186cm,97kg,1994,20.5,36.8,0.0,0.0,31.5,0.0,0.0,11.2,0.0,0.0,0.385,0.189,0.0,0.0,0.291,0.0,0.0,0.188,0.0,0.0
조상우,KIA,2025,2025-05-04,vs. Hanwha,RP,L,27.0,6.0,0.666666667,19,2,2,3,0,1,1,0,,Home,광주 기아 챔피언스 필드,14:00,20.3,False,1,1,186cm,97kg,1994,20.5,36.8,0.0,0.0,31.5,0.0,0.0,11.2,0.0,0.0,0.385,0.189,0.0,0.0,0.291,0.0,0.0,0.188,0.0,0.0
조상우,KIA,2025,2025-05-06,@ Kiwoom,RP,H,0.0,2.0,1.0,15,0,0,2,0,0,0,0,,Away,고척 스카이돔,18:30,25.5,False,1,1,186cm,97kg,1994,20.5,36.8,0.0,0.0,31.5,0.0,0.0,11.2,0.0,0.0,0.385,0.189,0.0,0.0,0.291,0.0,0.0,0.188,0.0,0.0
조상우,KIA,2025,2025-05-07,@ Kiwoom,RP,,54.0,6.0,0.333333333,18,2,2,0,0,1,2,0,,Away,고척 스카이돔,18:30,25.5,True,0,2,186cm,97kg,1994,20.5,36.8,0.0,0.0,31.5,0.0,0.0,11.2,0.0,0.0,0.385,0.189,0.0,0.0,0.291,0.0,0.0,0.188,0.0,0.0
조상우,KIA,2025,2025-05-10,@ SSG,RP,W,9.0,3.0,1.0,33,1,1,2,1,3,1,0,,Away,인천 SSG 랜더스필드,17:00,11.6,False,2,1,186cm,97kg,1994,20.5,36.8,0.0,0.0,31.5,0.0,0.0,11.2,0.0,0.0,0.385,0.189,0.0,0.0,0.291,0.0,0.0,0.188,0.0,0.0
조상우,KIA,2025,2025-05-13,vs. Lotte,RP,H,0.0,2.0,1.0,15,0,0,1,0,0,1,0,,Home,광주 기아 챔피언스 필드,18:30,24.9,False,2,1,186cm,97kg,1994,20.5,36.8,0.0,0.0,31.5,0.0,0.0,11.2,0.0,0.0,0.385,0.189,0.0,0.0,0.291,0.0,0.0,0.188,0.0,0.0
조상우,KIA,2025,2025-05-15,vs. Lotte,RP,H,18.0,2.0,1.0,18,2,2,1,1,0,1,0,,Home,광주 기아 챔피언스 필드,18:30,21.6,False,1,1,186cm,97kg,1994,20.5,36.8,0.0,0.0,31.5,0.0,0.0,11.2,0.0,0.0,0.385,0.189,0.0,0.0,0.291,0.0,0.0,0.188,0.0,0.0
조상우,KIA,2025,2025-05-17,vs. Doosan,RP,H,0.0,1.0,1.0,16,0,0,1,0,1,0,0,,Home,광주 기아 챔피언스 필드,17:00,21.7,False,1,1,186cm,97kg,1994,20.5,36.8,0.0,0.0,31.5,0.0,0.0,11.2,0.0,0.0,0.385,0.189,0.0,0.0,0.291,0.0,0.0,0.188,0.0,0.0
조상우,KIA,2025,2025-05-17,vs. Doosan,RP,H,0.0,1.5,0.666666667,10,0,0,0,0,0,1,0,,Home,광주 기아 챔피언스 필드,17:00,21.7,False,-1,1,186cm,97kg,1994,20.5,36.8,0.0,0.0,31.5,0.0,0.0,11.2,0.0,0.0,0.385,0.189,0.0,0.0,0.291,0.0,0.0,0.188,0.0,0.0
조상우,KIA,2025,2025-05-22,@ KT,RP,,0.0,1.0,1.0,17,0,0,0,0,0,1,0,,Away,수원 KT 위즈파크,18:30,25.5,False,4,1,186cm,97kg,1994,20.5,36.8,0.0,0.0,31.5,0.0,0.0,11.2,0.0,0.0,0.385,0.189,0.0,0.0,0.291,0.0,0.0,0.188,0.0,0.0
조상우,KIA,2025,2025-05-23,@ Samsung,RP,H,0.0,0.0,0.666666667,9,0,0,0,0,2,0,0,,Away,대구 삼성 라이온즈 파크,18:30,18.4,True,0,2,186cm,97kg,1994,20.5,36.8,0.0,0.0,31.5,0.0,0.0,11.2,0.0,0.0,0.385,0.189,0.0,0.0,0.291,0.0,0.0,0.188,0.0,0.0
조상우,KIA,2025,2025-05-25,@ Samsung,RP,L,13.5,3.0,0.666666667,12,1,1,1,1,1,1,0,,Away,대구 삼성 라이온즈 파크,14:00,19.3,False,1,1,186cm,97kg,1994,20.5,36.8,0.0,0.0,31.5,0.0,0.0,11.2,0.0,0.0,0.385,0.189,0.0,0.0,0.291,0.0,0.0,0.188,0.0,0.0
조상우,KIA,2025,2025-05-27,vs. Kiwoom,RP,,0.0,1.0,1.0,18,0,0,1,0,2,0,0,,Home,광주 기아 챔피언스 필드,18:30,24.9,False,1,1,186cm,97kg,1994,20.5,36.8,0.0,0.0,31.5,0.0,0.0,11.2,0.0,0.0,0.385,0.189,0.0,0.0,0.291,0.0,0.0,0.188,0.0,0.0
조상우,KIA,2025,2025-05-29,vs. Kiwoom,RP,,0.0,0.0,1.0,13,0,0,0,0,1,0,0,,Home,광주 기아 챔피언스 필드,18:30,25.8,False,1,1,186cm,97kg,1994,20.5,36.8,0.0,0.0,31.5,0.0,0.0,11.2,0.0,0.0,0.385,0.189,0.0,0.0,0.291,0.0,0.0,0.188,0.0,0.0
조상우,KIA,2025,2025-05-31,@ KT,RP,L,40.5,4.5,0.666666667,27,3,3,1,0,1,2,0,,Away,수원 KT 위즈파크,17:00,22.8,False,1,1,186cm,97kg,1994,20.5,36.8,0.0,0.0,31.5,0.0,0.0,11.2,0.0,0.0,0.385,0.189,0.0,0.0,0.291,0.0,0.0,0.188,0.0,0.0
조상우,KIA,2025,2025-06-01,@ KT,RP,H,0.0,1.5,0.666666667,13,0,0,1,0,1,0,0,,Away,수원 KT 위즈파크,17:00,24.4,True,0,2,186cm,97kg,1994,20.5,36.8,0.0,0.0,31.5,0.0,0.0,11.2,0.0,0.0,0.385,0.189,0.0,0.0,0.291,0.0,0.0,0.188,0.0,0.0
조상우,KIA,2025,2025-06-04,@ Doosan,RP,H,0.0,1.0,1.0,18,0,0,1,0,0,0,0,,Away,잠실 야구장,18:30,22.5,False,2,1,186cm,97kg,1994,20.5,36.8,0.0,0.0,31.5,0.0,0.0,11.2,0.0,0.0,0.385,0.189,0.0,0.0,0.291,0.0,0.0,0.188,0.0,0.0
조상우,KIA,2025,2025-06-05,@ Doosan,RP,,0.0,3.0,0.666666667,15,0,0,1,0,0,1,0,,Away,잠실 야구장,18:30,23.9,True,0,2,186cm,97kg,1994,20.5,36.8,0.0,0.0,31.5,0.0,0.0,11.2,0.0,0.0,0.385,0.189,0.0,0.0,0.291,0.0,0.0,0.188,0.0,0.0
조상우,KIA,2025,2025-06-07,vs. Hanwha,RP,,0.0,0.0,1.333333333,16,0,0,0,0,1,0,0,,Home,광주 기아 챔피언스 필드,17:00,27.2,False,1,1,186cm,97kg,1994,20.5,36.8,0.0,0.0,31.5,0.0,0.0,11.2,0.0,0.0,0.385,0.189,0.0,0.0,0.291,0.0,0.0,0.188,0.0,0.0
조상우,KIA,2025,2025-06-11,vs. Samsung,RP,H,0.0,0.0,1.0,12,0,0,0,0,0,0,0,,Home,광주 기아 챔피언스 필드,18:30,27.1,False,3,1,186cm,97kg,1994,20.5,36.8,0.0,0.0,31.5,0.0,0.0,11.2,0.0,0.0,0.385,0.189,0.0,0.0,0.291,0.0,0.0,0.188,0.0,0.0
조상우,KIA,2025,2025-06-15,@ NC,RP,H,0.0,1.5,1.333333333,31,0,0,1,0,2,1,1,,Away,창원 NC 파크,17:00,28.6,False,3,1,186cm,97kg,1994,20.5,36.8,0.0,0.0,31.5,0.0,0.0,11.2,0.0,0.0,0.385,0.189,0.0,0.0,0.291,0.0,0.0,0.188,0.0,0.0
조상우,KIA,2025,2025-06-18,vs. KT,RP,H,0.0,1.0,1.0,23,0,0,1,0,0,0,1,,Home,광주 기아 챔피언스 필드,18:30,29.7,False,2,1,186cm,97kg,1994,20.5,36.8,0.0,0.0,31.5,0.0,0.0,11.2,0.0,0.0,0.385,0.189,0.0,0.0,0.291,0.0,0.0,0.188,0.0,0.0
조상우,KIA,2025,2025-06-21,@ SSG,RP,H,9.0,4.0,1.0,36,1,1,1,0,1,3,0,,Away,인천 SSG 랜더스필드,17:00,23.5,False,2,1,186cm,97kg,1994,20.5,36.8,0.0,0.0,31.5,0.0,0.0,11.2,0.0,0.0,0.385,0.189,0.0,0.0,0.291,0.0,0.0,0.188,0.0,0.0
조상우,KIA,2025,2025-06-25,@ Kiwoom,RP,H,0.0,1.0,1.0,12,0,0,1,0,0,0,0,,Away,고척 스카이돔,18:30,25.5,False,3,1,186cm,97kg,1994,20.5,36.8,0.0,0.0,31.5,0.0,0.0,11.2,0.0,0.0,0.385,0.189,0.0,0.0,0.291,0.0,0.0,0.188,0.0,0.0
조상우,KIA,2025,2025-06-26,@ Kiwoom,RP,,0.0,2.0,1.0,15,0,0,2,0,1,0,0,,Away,고척 스카이돔,18:30,25.5,True,0,2,186cm,97kg,1994,20.5,36.8,0.0,0.0,31.5,0.0,0.0,11.2,0.0,0.0,0.385,0.189,0.0,0.0,0.291,0.0,0.0,0.188,0.0,0.0
조상우,KIA,2025,2025-06-28,@ LG,RP,H,0.0,1.0,1.0,16,0,0,1,0,3,0,0,,Away,잠실 야구장,17:00,29.9,False,1,1,186cm,97kg,1994,20.5,36.8,0.0,0.0,31.5,0.0,0.0,11.2,0.0,0.0,0.385,0.189,0.0,0.0,0.291,0.0,0.0,0.188,0.0,0.0
조상우,KIA,2025,2025-07-01,vs. SSG,RP,H,0.0,0.0,1.0,8,0,0,0,0,1,0,0,,Home,광주 기아 챔피언스 필드,18:30,32.6,False,2,1,186cm,97kg,1994,20.5,36.8,0.0,0.0,31.5,0.0,0.0,11.2,0.0,0.0,0.385,0.189,0.0,0.0,0.291,0.0,0.0,0.188,0.0,0.0
조상우,KIA,2025,2025-07-03,vs. SSG,RP,H,0.0,0.0,1.0,12,0,0,0,0,2,0,1,,Home,광주 기아 챔피언스 필드,18:30,32.6,False,1,1,186cm,97kg,1994,20.5,36.8,0.0,0.0,31.5,0.0,0.0,11.2,0.0,0.0,0.385,0.189,0.0,0.0,0.291,0.0,0.0,0.188,0.0,0.0
조상우,KIA,2025,2025-07-04,vs. Lotte,RP,,81.0,6.0,0.333333333,11,3,3,2,0,0,0,1,,Home,광주 기아 챔피언스 필드,18:30,30.7,True,0,2,186cm,97kg,1994,20.5,36.8,0.0,0.0,31.5,0.0,0.0,11.2,0.0,0.0,0.385,0.189,0.0,0.0,0.291,0.0,0.0,0.188,0.0,0.0
조상우,KIA,2025,2025-07-10,@ Hanwha,RP,H,13.5,4.5,0.666666667,23,1,1,2,0,0,1,0,,Away,대전 한화생명 볼파크,18:30,32.1,False,5,1,186cm,97kg,1994,20.5,36.8,0.0,0.0,31.5,0.0,0.0,11.2,0.0,0.0,0.385,0.189,0.0,0.0,0.291,0.0,0.0,0.188,0.0,0.0
조영건,키움,2025,2025-04-03,@ Doosan,RP,,5.4,1.8,1.666666667,29,1,1,2,0,2,1,0,,Away,잠실 야구장,18:30,12.8,False,0,1,180cm,85kg,1999,0.0,59.2,0.0,9.9,15.3,0.0,0.0,15.5,0.0,0.0,0.0,0.3,0.0,0.467,0.154,0.0,0.0,0.231,0.0,0.0
조영건,키움,2025,2025-04-06,vs. NC,RP,,18.0,4.0,1.0,23,2,2,4,0,2,0,0,,Home,고척 스카이돔,14:00,25.5,False,2,1,180cm,85kg,1999,0.0,59.2,0.0,9.9,15.3,0.0,0.0,15.5,0.0,0.0,0.0,0.3,0.0,0.467,0.154,0.0,0.0,0.231,0.0,0.0
조영건,키움,2025,2025-04-08,vs. LG,RP,,5.4,0.8,5.0,57,3,3,4,2,3,0,0,,Home,고척 스카이돔,18:30,25.5,False,1,1,180cm,85kg,1999,0.0,59.2,0.0,9.9,15.3,0.0,0.0,15.5,0.0,0.0,0.0,0.3,0.0,0.467,0.154,0.0,0.0,0.231,0.0,0.0
조영건,키움,2025,2025-04-13,@ Hanwha,SP,L,13.5,3.75,1.333333333,31,2,2,2,0,1,3,0,40.0,Away,대전 한화생명 볼파크,14:00,7.9,False,4,1,180cm,85kg,1999,0.0,59.2,0.0,9.9,15.3,0.0,0.0,15.5,0.0,0.0,0.0,0.3,0.0,0.467,0.154,0.0,0.0,0.231,0.0,0.0
조영건,키움,2025,2025-04-24,vs. Doosan,RP,,0.0,1.0,2.0,30,0,0,1,0,3,1,0,,Home,고척 스카이돔,18:30,25.5,False,10,1,180cm,85kg,1999,0.0,59.2,0.0,9.9,15.3,0.0,0.0,15.5,0.0,0.0,0.0,0.3,0.0,0.467,0.154,0.0,0.0,0.231,0.0,0.0
조영건,키움,2025,2025-05-01,vs. Lotte,SP,L,7.36,2.18,3.666666667,67,3,3,6,0,1,2,1,35.0,Home,고척 스카이돔,18:30,25.5,False,6,1,180cm,85kg,1999,0.0,59.2,0.0,9.9,15.3,0.0,0.0,15.5,0.0,0.0,0.0,0.3,0.0,0.467,0.154,0.0,0.0,0.231,0.0,0.0
조영건,키움,2025,2025-05-06,vs. Kia,SP,,5.4,1.4,5.0,78,3,3,4,0,2,3,1,45.0,Home,고척 스카이돔,18:30,25.5,False,4,1,180cm,85kg,1999,0.0,59.2,0.0,9.9,15.3,0.0,0.0,15.5,0.0,0.0,0.0,0.3,0.0,0.467,0.154,0.0,0.0,0.231,0.0,0.0
조영건,키움,2025,2025-05-13,@ LG,SP,,13.5,2.5,4.0,89,6,6,7,3,1,3,0,22.0,Away,잠실 야구장,18:30,24.6,False,6,1,180cm,85kg,1999,0.0,59.2,0.0,9.9,15.3,0.0,0.0,15.5,0.0,0.0,0.0,0.3,0.0,0.467,0.154,0.0,0.0,0.231,0.0,0.0
조영건,키움,2025,2025-05-18,@ NC,SP,,0.0,0.4,5.0,63,0,0,1,0,2,1,0,66.0,Away,창원 NC 파크,14:00,20.6,False,4,1,180cm,85kg,1999,0.0,59.2,0.0,9.9,15.3,0.0,0.0,15.5,0.0,0.0,0.0,0.3,0.0,0.467,0.154,0.0,0.0,0.231,0.0,0.0
조영건,키움,2025,2025-05-24,vs. KT,SP,L,18.0,2.75,4.0,95,8,8,9,1,1,2,0,11.0,Home,고척 스카이돔,17:00,25.5,False,5,1,180cm,85kg,1999,0.0,59.2,0.0,9.9,15.3,0.0,0.0,15.5,0.0,0.0,0.0,0.3,0.0,0.467,0.154,0.0,0.0,0.231,0.0,0.0
조영건,키움,2025,2025-06-06,vs. LG,RP,W,0.0,0.0,1.0,10,0,0,0,0,1,0,0,,Home,고척 스카이돔,18:30,25.5,False,12,1,180cm,85kg,1999,0.0,59.2,0.0,9.9,15.3,0.0,0.0,15.5,0.0,0.0,0.0,0.3,0.0,0.467,0.154,0.0,0.0,0.231,0.0,0.0
조영건,키움,2025,2025-06-08,vs. LG,RP,,9.0,3.0,1.0,15,1,1,1,0,0,2,0,,Home,고척 스카이돔,14:00,25.5,False,1,1,180cm,85kg,1999,0.0,59.2,0.0,9.9,15.3,0.0,0.0,15.5,0.0,0.0,0.0,0.3,0.0,0.467,0.154,0.0,0.0,0.231,0.0,0.0
조영건,키움,2025,2025-06-10,vs. NC,RP,H,0.0,2.0,1.0,24,0,0,1,0,0,1,0,,Home,고척 스카이돔,18:30,25.5,False,1,1,180cm,85kg,1999,0.0,59.2,0.0,9.9,15.3,0.0,0.0,15.5,0.0,0.0,0.0,0.3,0.0,0.467,0.154,0.0,0.0,0.231,0.0,0.0
조영건,키움,2025,2025-06-12,vs. NC,RP,,0.0,0.0,2.0,29,0,0,0,0,3,0,0,,Home,고척 스카이돔,18:30,25.5,False,1,1,180cm,85kg,1999,0.0,59.2,0.0,9.9,15.3,0.0,0.0,15.5,0.0,0.0,0.0,0.3,0.0,0.467,0.154,0.0,0.0,0.231,0.0,0.0
조영건,키움,2025,2025-06-14,@ Doosan,RP,,0.0,1.0,1.0,8,0,0,1,0,0,0,0,,Away,잠실 야구장,17:00,31.4,False,1,1,180cm,85kg,1999,0.0,59.2,0.0,9.9,15.3,0.0,0.0,15.5,0.0,0.0,0.0,0.3,0.0,0.467,0.154,0.0,0.0,0.231,0.0,0.0
조영건,키움,2025,2025-06-15,@ Doosan,RP,,0.0,0.5,2.0,27,0,0,1,0,1,0,0,,Away,잠실 야구장,17:00,30.2,True,0,2,180cm,85kg,1999,0.0,59.2,0.0,9.9,15.3,0.0,0.0,15.5,0.0,0.0,0.0,0.3,0.0,0.467,0.154,0.0,0.0,0.231,0.0,0.0
조영건,키움,2025,2025-06-18,vs. SSG,RP,H,0.0,0.0,1.0,11,0,0,0,0,1,0,0,,Home,고척 스카이돔,18:30,25.5,False,2,1,180cm,85kg,1999,0.0,59.2,0.0,9.9,15.3,0.0,0.0,15.5,0.0,0.0,0.0,0.3,0.0,0.467,0.154,0.0,0.0,0.231,0.0,0.0
조영건,키움,2025,2025-06-19,vs. SSG,RP,H,0.0,0.0,1.0,12,0,0,0,0,0,0,0,,Home,고척 스카이돔,18:30,25.5,True,0,2,180cm,85kg,1999,0.0,59.2,0.0,9.9,15.3,0.0,0.0,15.5,0.0,0.0,0.0,0.3,0.0,0.467,0.154,0.0,0.0,0.231,0.0,0.0
조영건,키움,2025,2025-06-24,vs. Kia,RP,H,0.0,1.0,1.0,17,0,0,0,0,2,1,0,,Home,고척 스카이돔,18:30,25.5,False,4,1,180cm,85kg,1999,0.0,59.2,0.0,9.9,15.3,0.0,0.0,15.5,0.0,0.0,0.0,0.3,0.0,0.467,0.154,0.0,0.0,0.231,0.0,0.0
조영건,키움,2025,2025-06-26,vs. Kia,RP,,0.0,1.0,1.0,16,0,0,1,0,1,0,0,,Home,고척 스카이돔,18:30,25.5,False,1,1,180cm,85kg,1999,0.0,59.2,0.0,9.9,15.3,0.0,0.0,15.5,0.0,0.0,0.0,0.3,0.0,0.467,0.154,0.0,0.0,0.231,0.0,0.0
조영건,키움,2025,2025-06-27,vs. Samsung,RP,W,0.0,0.0,1.0,8,0,0,0,0,1,0,0,,Home,고척 스카이돔,18:30,25.5,True,0,2,180cm,85kg,1999,0.0,59.2,0.0,9.9,15.3,0.0,0.0,15.5,0.0,0.0,0.0,0.3,0.0,0.467,0.154,0.0,0.0,0.231,0.0,0.0
조영건,키움,2025,2025-06-29,vs. Samsung,RP,,0.0,,0.0,18,4,4,3,0,0,2,0,,Home,고척 스카이돔,14:00,25.5,False,1,1,180cm,85kg,1999,0.0,59.2,0.0,9.9,15.3,0.0,0.0,15.5,0.0,0.0,0.0,0.3,0.0,0.467,0.154,0.0,0.0,0.231,0.0,0.0
조영건,키움,2025,2025-07-04,vs. Hanwha,RP,L,6.75,1.5,1.333333333,21,1,1,2,1,1,0,0,,Home,고척 스카이돔,18:30,25.5,False,4,1,180cm,85kg,1999,0.0,59.2,0.0,9.9,15.3,0.0,0.0,15.5,0.0,0.0,0.0,0.3,0.0,0.467,0.154,0.0,0.0,0.231,0.0,0.0
조영건,키움,2025,2025-07-05,vs. Hanwha,RP,,13.5,1.5,0.666666667,13,1,1,1,0,2,0,0,,Home,고척 스카이돔,18:00,25.5,True,0,2,180cm,85kg,1999,0.0,59.2,0.0,9.9,15.3,0.0,0.0,15.5,0.0,0.0,0.0,0.3,0.0,0.467,0.154,0.0,0.0,0.231,0.0,0.0
조영건,키움,2025,2025-07-08,@ LG,RP,,0.0,1.2,1.666666667,18,0,0,2,0,0,0,0,,Away,잠실 야구장,18:30,36.2,False,2,1,180cm,85kg,1999,0.0,59.2,0.0,9.9,15.3,0.0,0.0,15.5,0.0,0.0,0.0,0.3,0.0,0.467,0.154,0.0,0.0,0.231,0.0,0.0
조영건,키움,2025,2025-07-10,@ LG,RP,,0.0,3.0,0.666666667,22,0,0,1,0,1,1,1,,Away,잠실 야구장,18:30,33.1,False,1,1,180cm,85kg,1999,0.0,59.2,0.0,9.9,15.3,0.0,0.0,15.5,0.0,0.0,0.0,0.3,0.0,0.467,0.154,0.0,0.0,0.231,0.0,0.0
주권,KT,2025,2025-04-03,vs. LG,RP,,0.0,0.0,1.0,12,0,0,0,0,0,0,0,,Home,수원 KT 위즈파크,18:30,12.2,False,0,1,181cm,82kg,1995,17.3,29.1,0.0,0.3,8.4,44.9,0.0,0.0,0.0,0.0,0.333,0.25,0.0,0.0,0.333,0.324,0.0,0.0,0.0,0.0
주권,KT,2025,2025-04-10,vs. NC,RP,,0.0,1.0,1.0,15,0,0,1,0,1,0,0,,Home,수원 KT 위즈파크,18:30,14.1,False,6,1,181cm,82kg,1995,17.3,29.1,0.0,0.3,8.4,44.9,0.0,0.0,0.0,0.0,0.333,0.25,0.0,0.0,0.333,0.324,0.0,0.0,0.0,0.0
주권,KT,2025,2025-04-19,@ Kiwoom,RP,,0.0,2.0,1.0,19,0,0,1,0,1,1,0,,Away,고척 스카이돔,17:00,25.5,False,8,1,181cm,82kg,1995,17.3,29.1,0.0,0.3,8.4,44.9,0.0,0.0,0.0,0.0,0.333,0.25,0.0,0.0,0.333,0.324,0.0,0.0,0.0,0.0
주권,KT,2025,2025-04-23,vs. SSG,RP,,0.0,0.0,1.0,15,0,0,0,0,1,0,0,,Home,수원 KT 위즈파크,18:30,18.7,False,3,1,181cm,82kg,1995,17.3,29.1,0.0,0.3,8.4,44.9,0.0,0.0,0.0,0.0,0.333,0.25,0.0,0.0,0.333,0.324,0.0,0.0,0.0,0.0
주권,KT,2025,2025-04-24,vs. SSG,RP,,4.5,1.5,2.0,45,1,1,2,0,1,1,0,,Home,수원 KT 위즈파크,18:30,14.9,True,0,2,181cm,82kg,1995,17.3,29.1,0.0,0.3,8.4,44.9,0.0,0.0,0.0,0.0,0.333,0.25,0.0,0.0,0.333,0.324,0.0,0.0,0.0,0.0
주권,KT,2025,2025-05-03,vs. Kiwoom,RP,,0.0,0.0,1.0,9,0,0,0,0,0,0,0,,Home,수원 KT 위즈파크,17:00,12.2,False,8,1,181cm,82kg,1995,17.3,29.1,0.0,0.3,8.4,44.9,0.0,0.0,0.0,0.0,0.333,0.25,0.0,0.0,0.333,0.324,0.0,0.0,0.0,0.0
주권,KT,2025,2025-05-05,vs. NC,RP,,54.0,6.0,0.333333333,14,2,2,2,0,0,0,0,,Home,수원 KT 위즈파크,14:00,15.5,False,1,1,181cm,82kg,1995,17.3,29.1,0.0,0.3,8.4,44.9,0.0,0.0,0.0,0.0,0.333,0.25,0.0,0.0,0.333,0.324,0.0,0.0,0.0,0.0
주권,KT,2025,2025-05-18,@ LG,RP,,0.0,1.0,1.0,8,0,0,0,0,0,1,0,,Away,잠실 야구장,14:00,20.1,False,12,1,181cm,82kg,1995,17.3,29.1,0.0,0.3,8.4,44.9,0.0,0.0,0.0,0.0,0.333,0.25,0.0,0.0,0.333,0.324,0.0,0.0,0.0,0.0
주권,KT,2025,2025-05-24,@ Kiwoom,RP,,0.0,3.0,1.0,21,0,0,2,0,1,1,0,,Away,고척 스카이돔,17:00,25.5,False,5,1,181cm,82kg,1995,17.3,29.1,0.0,0.3,8.4,44.9,0.0,0.0,0.0,0.0,0.333,0.25,0.0,0.0,0.333,0.324,0.0,0.0,0.0,0.0
주권,KT,2025,2025-05-28,vs. Doosan,RP,,0.0,2.0,1.0,19,0,0,2,0,1,0,0,,Home,수원 KT 위즈파크,18:30,22.0,False,3,1,181cm,82kg,1995,17.3,29.1,0.0,0.3,8.4,44.9,0.0,0.0,0.0,0.0,0.333,0.25,0.0,0.0,0.333,0.324,0.0,0.0,0.0,0.0
주권,KT,2025,2025-05-29,vs. Doosan,RP,,0.0,0.0,1.0,9,0,0,0,0,0,0,0,,Home,수원 KT 위즈파크,18:30,22.5,True,0,2,181cm,82kg,1995,17.3,29.1,0.0,0.3,8.4,44.9,0.0,0.0,0.0,0.0,0.333,0.25,0.0,0.0,0.333,0.324,0.0,0.0,0.0,0.0
주권,KT,2025,2025-06-01,vs. Kia,RP,,27.0,9.0,0.333333333,13,1,1,3,0,0,0,0,,Home,수원 KT 위즈파크,17:00,24.4,False,2,1,181cm,82kg,1995,17.3,29.1,0.0,0.3,8.4,44.9,0.0,0.0,0.0,0.0,0.333,0.25,0.0,0.0,0.333,0.324,0.0,0.0,0.0,0.0
주권,KT,2025,2025-06-10,vs. Lotte,RP,,0.0,1.0,1.0,19,0,0,1,0,3,0,0,,Home,수원 KT 위즈파크,18:30,23.5,False,8,1,181cm,82kg,1995,17.3,29.1,0.0,0.3,8.4,44.9,0.0,0.0,0.0,0.0,0.333,0.25,0.0,0.0,0.333,0.324,0.0,0.0,0.0,0.0
주권,KT,2025,2025-06-14,@ Samsung,RP,,0.0,0.75,1.333333333,23,0,0,1,0,2,0,0,,Away,대구 삼성 라이온즈 파크,17:00,24.0,False,3,1,181cm,82kg,1995,17.3,29.1,0.0,0.3,8.4,44.9,0.0,0.0,0.0,0.0,0.333,0.25,0.0,0.0,0.333,0.324,0.0,0.0,0.0,0.0
주권,KT,2025,2025-06-29,@ Lotte,RP,,9.0,3.0,1.0,22,1,1,2,0,0,1,0,,Away,사직 야구장,17:00,29.1,False,14,1,181cm,82kg,1995,17.3,29.1,0.0,0.3,8.4,44.9,0.0,0.0,0.0,0.0,0.333,0.25,0.0,0.0,0.333,0.324,0.0,0.0,0.0,0.0
주권,KT,2025,2025-07-01,vs. Kiwoom,RP,,0.0,1.5,1.333333333,26,0,0,1,0,1,1,0,,Home,수원 KT 위즈파크,18:30,31.3,False,1,1,181cm,82kg,1995,17.3,29.1,0.0,0.3,8.4,44.9,0.0,0.0,0.0,0.0,0.333,0.25,0.0,0.0,0.333,0.324,0.0,0.0,0.0,0.0
주권,KT,2025,2025-07-05,@ Doosan,RP,,0.0,0.6,1.666666667,15,0,0,1,0,1,0,0,,Away,잠실 야구장,18:00,31.6,False,3,1,181cm,82kg,1995,17.3,29.1,0.0,0.3,8.4,44.9,0.0,0.0,0.0,0.0,0.333,0.25,0.0,0.0,0.333,0.324,0.0,0.0,0.0,0.0
주권,KT,2025,2025-07-06,@ Doosan,RP,L,27.0,4.0,1.0,19,4,3,4,1,0,0,0,,Away,잠실 야구장,17:00,32.5,True,0,2,181cm,82kg,1995,17.3,29.1,0.0,0.3,8.4,44.9,0.0,0.0,0.0,0.0,0.333,0.25,0.0,0.0,0.333,0.324,0.0,0.0,0.0,0.0
주승우,키움,2025,2025-03-27,@ Kia,RP,W,0.0,1.0,1.0,16,0,0,1,0,0,0,0,,Away,광주 기아 챔피언스 필드,18:30,14.1,False,0,1,180cm,82kg,2000,37.5,22.2,0.0,0.4,28.0,0.0,0.0,11.8,0.0,0.0,0.22,0.167,0.0,0.0,0.276,0.0,0.0,0.25,0.0,0.0
주승우,키움,2025,2025-03-29,vs. SSG,RP,SV,0.0,2.0,1.0,11,0,0,2,0,0,0,0,,Home,고척 스카이돔,17:00,25.5,False,1,1,180cm,82kg,2000,37.5,22.2,0.0,0.4,28.0,0.0,0.0,11.8,0.0,0.0,0.22,0.167,0.0,0.0,0.276,0.0,0.0,0.25,0.0,0.0
주승우,키움,2025,2025-04-04,vs. NC,RP,SV,0.0,3.0,0.333333333,9,0,0,0,0,0,1,0,,Home,고척 스카이돔,18:30,25.5,False,5,1,180cm,82kg,2000,37.5,22.2,0.0,0.4,28.0,0.0,0.0,11.8,0.0,0.0,0.22,0.167,0.0,0.0,0.276,0.0,0.0,0.25,0.0,0.0
주승우,키움,2025,2025-04-09,vs. LG,RP,SV,0.0,0.0,1.0,11,0,0,0,0,0,0,0,,Home,고척 스카이돔,18:30,25.5,False,4,1,180cm,82kg,2000,37.5,22.2,0.0,0.4,28.0,0.0,0.0,11.8,0.0,0.0,0.22,0.167,0.0,0.0,0.276,0.0,0.0,0.25,0.0,0.0
주승우,키움,2025,2025-04-12,@ Hanwha,RP,,0.0,1.0,1.0,24,0,0,1,0,1,0,0,,Away,대전 한화생명 볼파크,17:00,19.3,False,2,1,180cm,82kg,2000,37.5,22.2,0.0,0.4,28.0,0.0,0.0,11.8,0.0,0.0,0.22,0.167,0.0,0.0,0.276,0.0,0.0,0.25,0.0,0.0
주승우,키움,2025,2025-04-18,vs. KT,RP,W,0.0,0.0,1.0,12,0,0,0,0,3,0,0,,Home,고척 스카이돔,18:30,25.5,False,5,1,180cm,82kg,2000,37.5,22.2,0.0,0.4,28.0,0.0,0.0,11.8,0.0,0.0,0.22,0.167,0.0,0.0,0.276,0.0,0.0,0.25,0.0,0.0
주승우,키움,2025,2025-04-22,vs. Doosan,RP,SV,13.5,1.5,0.666666667,9,1,1,1,1,0,0,0,,Home,고척 스카이돔,18:30,25.5,False,3,1,180cm,82kg,2000,37.5,22.2,0.0,0.4,28.0,0.0,0.0,11.8,0.0,0.0,0.22,0.167,0.0,0.0,0.276,0.0,0.0,0.25,0.0,0.0
주승우,키움,2025,2025-04-26,@ SSG,RP,SV,0.0,0.0,1.0,14,0,0,0,0,1,0,0,,Away,인천 SSG 랜더스필드,17:00,14.5,False,3,1,180cm,82kg,2000,37.5,22.2,0.0,0.4,28.0,0.0,0.0,11.8,0.0,0.0,0.22,0.167,0.0,0.0,0.276,0.0,0.0,0.25,0.0,0.0
주승우,키움,2025,2025-04-27,@ SSG,RP,,6.75,2.25,1.333333333,20,1,1,2,1,1,1,0,,Away,인천 SSG 랜더스필드,14:00,14.9,True,0,2,180cm,82kg,2000,37.5,22.2,0.0,0.4,28.0,0.0,0.0,11.8,0.0,0.0,0.22,0.167,0.0,0.0,0.276,0.0,0.0,0.25,0.0,0.0
주승우,키움,2025,2025-05-02,@ KT,RP,SV,0.0,0.75,1.333333333,15,0,0,1,0,0,0,0,,Away,수원 KT 위즈파크,18:30,14.5,False,4,1,180cm,82kg,2000,37.5,22.2,0.0,0.4,28.0,0.0,0.0,11.8,0.0,0.0,0.22,0.167,0.0,0.0,0.276,0.0,0.0,0.25,0.0,0.0
주승우,키움,2025,2025-05-07,vs. Kia,RP,SV,0.0,1.0,1.0,18,0,0,0,0,1,1,0,,Home,고척 스카이돔,18:30,25.5,False,4,1,180cm,82kg,2000,37.5,22.2,0.0,0.4,28.0,0.0,0.0,11.8,0.0,0.0,0.22,0.167,0.0,0.0,0.276,0.0,0.0,0.25,0.0,0.0
주승우,키움,2025,2025-05-09,vs. Hanwha,RP,L,13.5,1.5,1.333333333,19,2,2,2,1,1,0,0,,Home,고척 스카이돔,18:30,25.5,False,1,1,180cm,82kg,2000,37.5,22.2,0.0,0.4,28.0,0.0,0.0,11.8,0.0,0.0,0.22,0.167,0.0,0.0,0.276,0.0,0.0,0.25,0.0,0.0
주승우,키움,2025,2025-05-17,@ NC,RP,SV,6.75,0.75,1.333333333,19,1,1,1,1,2,0,0,,Away,창원 NC 파크,17:00,22.5,False,7,1,180cm,82kg,2000,37.5,22.2,0.0,0.4,28.0,0.0,0.0,11.8,0.0,0.0,0.22,0.167,0.0,0.0,0.276,0.0,0.0,0.25,0.0,0.0
주승우,키움,2025,2025-05-20,vs. Samsung,RP,,9.0,2.0,1.0,14,1,1,2,1,0,0,0,,Home,고척 스카이돔,18:30,25.5,False,2,1,180cm,82kg,2000,37.5,22.2,0.0,0.4,28.0,0.0,0.0,11.8,0.0,0.0,0.22,0.167,0.0,0.0,0.276,0.0,0.0,0.25,0.0,0.0
주승우,키움,2025,2025-05-25,vs. KT,RP,,0.0,0.5,2.0,22,0,0,1,0,2,0,0,,Home,고척 스카이돔,14:00,25.5,False,4,1,180cm,82kg,2000,37.5,22.2,0.0,0.4,28.0,0.0,0.0,11.8,0.0,0.0,0.22,0.167,0.0,0.0,0.276,0.0,0.0,0.25,0.0,0.0
주승우,키움,2025,2025-05-29,@ Kia,RP,,0.0,0.0,2.0,20,0,0,0,0,0,0,0,,Away,광주 기아 챔피언스 필드,18:30,25.8,False,3,1,180cm,82kg,2000,37.5,22.2,0.0,0.4,28.0,0.0,0.0,11.8,0.0,0.0,0.22,0.167,0.0,0.0,0.276,0.0,0.0,0.25,0.0,0.0
주승우,키움,2025,2025-05-31,vs. Doosan,RP,H,0.0,3.0,0.666666667,16,0,0,0,0,0,2,0,,Home,고척 스카이돔,17:00,25.5,False,1,1,180cm,82kg,2000,37.5,22.2,0.0,0.4,28.0,0.0,0.0,11.8,0.0,0.0,0.22,0.167,0.0,0.0,0.276,0.0,0.0,0.25,0.0,0.0
주승우,키움,2025,2025-06-01,vs. Doosan,RP,H,0.0,0.0,1.333333333,21,0,0,0,0,3,0,0,,Home,고척 스카이돔,14:00,25.5,True,0,2,180cm,82kg,2000,37.5,22.2,0.0,0.4,28.0,0.0,0.0,11.8,0.0,0.0,0.22,0.167,0.0,0.0,0.276,0.0,0.0,0.25,0.0,0.0
주승우,키움,2025,2025-06-04,@ Lotte,RP,H,0.0,1.5,1.333333333,33,0,0,1,0,2,1,0,,Away,사직 야구장,18:30,24.3,False,2,1,180cm,82kg,2000,37.5,22.2,0.0,0.4,28.0,0.0,0.0,11.8,0.0,0.0,0.22,0.167,0.0,0.0,0.276,0.0,0.0,0.25,0.0,0.0
주승우,키움,2025,2025-06-06,vs. LG,RP,,0.0,2.0,1.0,24,0,0,1,0,1,1,0,,Home,고척 스카이돔,18:30,25.5,False,1,1,180cm,82kg,2000,37.5,22.2,0.0,0.4,28.0,0.0,0.0,11.8,0.0,0.0,0.22,0.167,0.0,0.0,0.276,0.0,0.0,0.25,0.0,0.0
주승우,키움,2025,2025-06-07,vs. LG,RP,SV,0.0,1.0,1.0,5,0,0,1,0,0,0,0,,Home,고척 스카이돔,17:00,25.5,True,0,2,180cm,82kg,2000,37.5,22.2,0.0,0.4,28.0,0.0,0.0,11.8,0.0,0.0,0.22,0.167,0.0,0.0,0.276,0.0,0.0,0.25,0.0,0.0
주승우,키움,2025,2025-06-10,vs. NC,RP,,0.0,3.0,0.666666667,19,0,0,2,0,1,0,0,,Home,고척 스카이돔,18:30,25.5,False,2,1,180cm,82kg,2000,37.5,22.2,0.0,0.4,28.0,0.0,0.0,11.8,0.0,0.0,0.22,0.167,0.0,0.0,0.276,0.0,0.0,0.25,0.0,0.0
주승우,키움,2025,2025-06-12,vs. NC,RP,,0.0,1.0,1.0,15,0,0,1,0,1,0,0,,Home,고척 스카이돔,18:30,25.5,False,1,1,180cm,82kg,2000,37.5,22.2,0.0,0.4,28.0,0.0,0.0,11.8,0.0,0.0,0.22,0.167,0.0,0.0,0.276,0.0,0.0,0.25,0.0,0.0
주승우,키움,2025,2025-06-15,@ Doosan,RP,,0.0,1.0,1.0,15,0,0,0,0,0,1,0,,Away,잠실 야구장,17:00,30.2,False,2,1,180cm,82kg,2000,37.5,22.2,0.0,0.4,28.0,0.0,0.0,11.8,0.0,0.0,0.22,0.167,0.0,0.0,0.276,0.0,0.0,0.25,0.0,0.0
주승우,키움,2025,2025-06-18,vs. SSG,RP,H,9.0,3.0,1.0,17,1,1,3,0,0,0,0,,Home,고척 스카이돔,18:30,25.5,False,2,1,180cm,82kg,2000,37.5,22.2,0.0,0.4,28.0,0.0,0.0,11.8,0.0,0.0,0.22,0.167,0.0,0.0,0.276,0.0,0.0,0.25,0.0,0.0
주승우,키움,2025,2025-06-19,vs. SSG,RP,,9.0,1.0,1.0,14,1,1,1,1,1,0,0,,Home,고척 스카이돔,18:30,25.5,True,0,2,180cm,82kg,2000,37.5,22.2,0.0,0.4,28.0,0.0,0.0,11.8,0.0,0.0,0.22,0.167,0.0,0.0,0.276,0.0,0.0,0.25,0.0,0.0
주승우,키움,2025,2025-06-24,vs. Kia,RP,SV,0.0,1.0,1.0,11,0,0,1,0,1,0,0,,Home,고척 스카이돔,18:30,25.5,False,4,1,180cm,82kg,2000,37.5,22.2,0.0,0.4,28.0,0.0,0.0,11.8,0.0,0.0,0.22,0.167,0.0,0.0,0.276,0.0,0.0,0.25,0.0,0.0
주승우,키움,2025,2025-06-26,vs. Kia,RP,,0.0,1.0,1.0,16,0,0,0,0,1,1,0,,Home,고척 스카이돔,18:30,25.5,False,1,1,180cm,82kg,2000,37.5,22.2,0.0,0.4,28.0,0.0,0.0,11.8,0.0,0.0,0.22,0.167,0.0,0.0,0.276,0.0,0.0,0.25,0.0,0.0
주승우,키움,2025,2025-06-27,vs. Samsung,RP,SV,0.0,0.0,1.0,8,0,0,0,0,0,0,0,,Home,고척 스카이돔,18:30,25.5,True,0,2,180cm,82kg,2000,37.5,22.2,0.0,0.4,28.0,0.0,0.0,11.8,0.0,0.0,0.22,0.167,0.0,0.0,0.276,0.0,0.0,0.25,0.0,0.0
주승우,키움,2025,2025-06-29,vs. Samsung,RP,SV,0.0,0.0,1.0,10,0,0,0,0,0,0,0,,Home,고척 스카이돔,14:00,25.5,False,1,1,180cm,82kg,2000,37.5,22.2,0.0,0.4,28.0,0.0,0.0,11.8,0.0,0.0,0.22,0.167,0.0,0.0,0.276,0.0,0.0,0.25,0.0,0.0
주승우,키움,2025,2025-07-01,@ KT,RP,,0.0,1.0,1.0,8,0,0,1,0,0,0,0,,Away,수원 KT 위즈파크,18:30,31.3,False,1,1,180cm,82kg,2000,37.5,22.2,0.0,0.4,28.0,0.0,0.0,11.8,0.0,0.0,0.22,0.167,0.0,0.0,0.276,0.0,0.0,0.25,0.0,0.0
주승우,키움,2025,2025-07-05,vs. Hanwha,RP,,0.0,,0.0,10,1,1,2,1,0,1,0,,Home,고척 스카이돔,18:00,25.5,False,3,1,180cm,82kg,2000,37.5,22.2,0.0,0.4,28.0,0.0,0.0,11.8,0.0,0.0,0.22,0.167,0.0,0.0,0.276,0.0,0.0,0.25,0.0,0.0
주승우,키움,2025,2025-07-10,@ LG,RP,SV,0.0,1.0,1.0,16,0,0,1,0,1,0,0,,Away,잠실 야구장,18:30,33.1,False,4,1,180cm,82kg,2000,37.5,22.2,0.0,0.4,28.0,0.0,0.0,11.8,0.0,0.0,0.22,0.167,0.0,0.0,0.276,0.0,0.0,0.25,0.0,0.0
주현상,한화,2025,2025-03-23,@ KT,RP,,0.0,,0.0,3,0,0,1,0,0,0,1,,Away,수원 KT 위즈파크,14:00,22.7,False,0,1,177cm,92kg,1992,0.0,47.5,0.0,9.4,23.6,19.5,0.0,0.0,0.0,0.0,0.0,0.321,0.0,0.3,0.273,0.348,0.0,0.0,0.0,0.0
주현상,한화,2025,2025-03-26,@ LG,RP,,54.0,12.0,0.333333333,19,2,2,3,0,0,1,0,,Away,잠실 야구장,18:30,22.9,False,2,1,177cm,92kg,1992,0.0,47.5,0.0,9.4,23.6,19.5,0.0,0.0,0.0,0.0,0.0,0.321,0.0,0.3,0.273,0.348,0.0,0.0,0.0,0.0
주현상,한화,2025,2025-05-15,vs. Doosan,RP,,6.75,2.25,1.333333333,26,1,1,3,0,1,0,0,,Home,대전 한화생명 볼파크,18:30,22.7,False,49,1,177cm,92kg,1992,0.0,47.5,0.0,9.4,23.6,19.5,0.0,0.0,0.0,0.0,0.0,0.321,0.0,0.3,0.273,0.348,0.0,0.0,0.0,0.0
주현상,한화,2025,2025-05-18,vs. SSG,RP,,0.0,3.0,1.0,22,0,0,2,0,1,1,0,,Home,대전 한화생명 볼파크,14:00,21.7,False,2,1,177cm,92kg,1992,0.0,47.5,0.0,9.4,23.6,19.5,0.0,0.0,0.0,0.0,0.0,0.321,0.0,0.3,0.273,0.348,0.0,0.0,0.0,0.0
주현상,한화,2025,2025-05-21,@ NC,RP,,0.0,1.5,1.333333333,21,0,0,1,0,1,1,0,,Away,창원 NC 파크,18:30,23.5,False,2,1,177cm,92kg,1992,0.0,47.5,0.0,9.4,23.6,19.5,0.0,0.0,0.0,0.0,0.0,0.321,0.0,0.3,0.273,0.348,0.0,0.0,0.0,0.0
주현상,한화,2025,2025-05-22,@ NC,RP,,0.0,0.6,1.666666667,25,0,0,1,0,2,0,0,,Away,창원 NC 파크,18:30,18.4,True,0,2,177cm,92kg,1992,0.0,47.5,0.0,9.4,23.6,19.5,0.0,0.0,0.0,0.0,0.0,0.321,0.0,0.3,0.273,0.348,0.0,0.0,0.0,0.0
주현상,한화,2025,2025-05-24,vs. Lotte,RP,H,0.0,0.0,1.0,14,0,0,0,0,0,0,0,,Home,대전 한화생명 볼파크,17:00,14.4,False,1,1,177cm,92kg,1992,0.0,47.5,0.0,9.4,23.6,19.5,0.0,0.0,0.0,0.0,0.0,0.321,0.0,0.3,0.273,0.348,0.0,0.0,0.0,0.0
주현상,한화,2025,2025-05-25,vs. Lotte,RP,,0.0,0.0,1.333333333,21,0,0,0,0,2,0,0,,Home,대전 한화생명 볼파크,14:00,23.2,True,0,2,177cm,92kg,1992,0.0,47.5,0.0,9.4,23.6,19.5,0.0,0.0,0.0,0.0,0.0,0.321,0.0,0.3,0.273,0.348,0.0,0.0,0.0,0.0
주현상,한화,2025,2025-05-27,@ LG,RP,,0.0,0.0,1.0,15,0,0,0,0,1,0,0,,Away,잠실 야구장,18:30,24.9,False,1,1,177cm,92kg,1992,0.0,47.5,0.0,9.4,23.6,19.5,0.0,0.0,0.0,0.0,0.0,0.321,0.0,0.3,0.273,0.348,0.0,0.0,0.0,0.0
주현상,한화,2025,2025-05-29,@ LG,RP,L,9.0,3.0,1.0,26,1,1,2,0,0,1,0,,Away,잠실 야구장,18:30,25.2,False,1,1,177cm,92kg,1992,0.0,47.5,0.0,9.4,23.6,19.5,0.0,0.0,0.0,0.0,0.0,0.321,0.0,0.3,0.273,0.348,0.0,0.0,0.0,0.0
주현상,한화,2025,2025-05-31,@ NC,RP,H,0.0,1.0,1.0,17,0,0,1,0,0,0,0,,Away,창원 NC 파크,17:00,26.8,False,1,1,177cm,92kg,1992,0.0,47.5,0.0,9.4,23.6,19.5,0.0,0.0,0.0,0.0,0.0,0.321,0.0,0.3,0.273,0.348,0.0,0.0,0.0,0.0
주현상,한화,2025,2025-06-01,@ NC,RP,,27.0,3.0,0.333333333,5,1,1,1,1,1,0,0,,Away,창원 NC 파크,17:00,23.3,True,0,2,177cm,92kg,1992,0.0,47.5,0.0,9.4,23.6,19.5,0.0,0.0,0.0,0.0,0.0,0.321,0.0,0.3,0.273,0.348,0.0,0.0,0.0,0.0
주현상,한화,2025,2025-06-04,vs. KT,RP,,0.0,1.0,1.0,12,0,0,1,0,1,0,0,,Home,대전 한화생명 볼파크,18:30,22.1,False,2,1,177cm,92kg,1992,0.0,47.5,0.0,9.4,23.6,19.5,0.0,0.0,0.0,0.0,0.0,0.321,0.0,0.3,0.273,0.348,0.0,0.0,0.0,0.0
주현상,한화,2025,2025-06-06,@ Kia,RP,,9.0,2.0,1.0,23,1,1,2,1,1,0,0,,Away,광주 기아 챔피언스 필드,18:30,22.6,False,1,1,177cm,92kg,1992,0.0,47.5,0.0,9.4,23.6,19.5,0.0,0.0,0.0,0.0,0.0,0.321,0.0,0.3,0.273,0.348,0.0,0.0,0.0,0.0
주현상,한화,2025,2025-06-07,@ Kia,RP,,27.0,6.0,0.333333333,10,1,1,1,0,0,1,0,,Away,광주 기아 챔피언스 필드,17:00,27.2,True,0,2,177cm,92kg,1992,0.0,47.5,0.0,9.4,23.6,19.5,0.0,0.0,0.0,0.0,0.0,0.321,0.0,0.3,0.273,0.348,0.0,0.0,0.0,0.0
주현상,한화,2025,2025-06-11,vs. Doosan,RP,,0.0,0.0,1.0,12,0,0,0,0,2,0,0,,Home,대전 한화생명 볼파크,18:30,25.3,False,3,1,177cm,92kg,1992,0.0,47.5,0.0,9.4,23.6,19.5,0.0,0.0,0.0,0.0,0.0,0.321,0.0,0.3,0.273,0.348,0.0,0.0,0.0,0.0
주현상,한화,2025,2025-06-12,vs. Doosan,RP,W,0.0,0.0,1.0,8,0,0,0,0,2,0,0,,Home,대전 한화생명 볼파크,18:30,27.0,True,0,2,177cm,92kg,1992,0.0,47.5,0.0,9.4,23.6,19.5,0.0,0.0,0.0,0.0,0.0,0.321,0.0,0.3,0.273,0.348,0.0,0.0,0.0,0.0
주현상,한화,2025,2025-06-14,vs. LG,RP,,0.0,0.0,2.0,26,0,0,0,0,2,0,0,,Home,대전 한화생명 볼파크,17:00,29.9,False,1,1,177cm,92kg,1992,0.0,47.5,0.0,9.4,23.6,19.5,0.0,0.0,0.0,0.0,0.0,0.321,0.0,0.3,0.273,0.348,0.0,0.0,0.0,0.0
주현상,한화,2025,2025-06-19,@ Lotte,RP,,0.0,0.75,1.333333333,18,0,0,1,0,2,0,0,,Away,사직 야구장,18:30,27.6,False,4,1,177cm,92kg,1992,0.0,47.5,0.0,9.4,23.6,19.5,0.0,0.0,0.0,0.0,0.0,0.321,0.0,0.3,0.273,0.348,0.0,0.0,0.0,0.0
주현상,한화,2025,2025-06-22,vs. Kiwoom,RP,,27.0,4.5,0.666666667,28,2,2,3,0,1,0,0,,Home,대전 한화생명 볼파크,17:00,28.2,False,2,1,177cm,92kg,1992,0.0,47.5,0.0,9.4,23.6,19.5,0.0,0.0,0.0,0.0,0.0,0.321,0.0,0.3,0.273,0.348,0.0,0.0,0.0,0.0
주현상,한화,2025,2025-06-27,@ SSG,RP,H,9.0,2.0,1.0,19,1,1,2,0,1,0,0,,Away,인천 SSG 랜더스필드,18:30,28.2,False,4,1,177cm,92kg,1992,0.0,47.5,0.0,9.4,23.6,19.5,0.0,0.0,0.0,0.0,0.0,0.321,0.0,0.3,0.273,0.348,0.0,0.0,0.0,0.0
주현상,한화,2025,2025-06-28,@ SSG,RP,,9.0,1.0,1.0,18,1,1,1,1,0,0,0,,Away,인천 SSG 랜더스필드,17:00,28.1,True,0,2,177cm,92kg,1992,0.0,47.5,0.0,9.4,23.6,19.5,0.0,0.0,0.0,0.0,0.0,0.321,0.0,0.3,0.273,0.348,0.0,0.0,0.0,0.0
주현상,한화,2025,2025-07-01,vs. NC,RP,,0.0,1.0,1.0,17,0,0,1,0,2,0,0,,Home,대전 한화생명 볼파크,18:30,33.2,False,2,1,177cm,92kg,1992,0.0,47.5,0.0,9.4,23.6,19.5,0.0,0.0,0.0,0.0,0.0,0.321,0.0,0.3,0.273,0.348,0.0,0.0,0.0,0.0
주현상,한화,2025,2025-07-03,vs. NC,RP,,0.0,,0.0,9,1,1,2,0,0,0,1,,Home,대전 한화생명 볼파크,18:30,32.0,False,1,1,177cm,92kg,1992,0.0,47.5,0.0,9.4,23.6,19.5,0.0,0.0,0.0,0.0,0.0,0.321,0.0,0.3,0.273,0.348,0.0,0.0,0.0,0.0
주현상,한화,2025,2025-07-05,@ Kiwoom,RP,W,9.0,3.0,1.0,26,1,1,3,1,1,0,0,,Away,고척 스카이돔,18:00,25.5,False,1,1,177cm,92kg,1992,0.0,47.5,0.0,9.4,23.6,19.5,0.0,0.0,0.0,0.0,0.0,0.321,0.0,0.3,0.273,0.348,0.0,0.0,0.0,0.0
주현상,한화,2025,2025-07-08,vs. Kia,RP,,0.0,0.0,1.0,7,0,0,0,0,0,0,0,,Home,대전 한화생명 볼파크,18:30,33.6,False,2,1,177cm,92kg,1992,0.0,47.5,0.0,9.4,23.6,19.5,0.0,0.0,0.0,0.0,0.0,0.321,0.0,0.3,0.273,0.348,0.0,0.0,0.0,0.0
주현상,한화,2025,2025-07-09,vs. Kia,RP,,0.0,6.0,0.333333333,13,0,0,0,0,0,2,0,,Home,대전 한화생명 볼파크,18:30,32.1,True,0,2,177cm,92kg,1992,0.0,47.5,0.0,9.4,23.6,19.5,0.0,0.0,0.0,0.0,0.0,0.321,0.0,0.3,0.273,0.348,0.0,0.0,0.0,0.0
최민준,SSG,2025,2025-03-30,@ Kiwoom,RP,,0.0,1.0,1.0,14,0,0,1,0,0,0,0,,Away,고척 스카이돔,14:00,25.5,False,0,1,178cm,83kg,1999,0.0,39.0,5.6,24.9,18.4,0.0,0.0,11.9,0.0,0.0,0.0,0.2,0.0,0.259,0.391,0.0,0.0,0.045,0.0,0.0
최민준,SSG,2025,2025-04-08,@ Samsung,RP,,0.0,0.0,1.333333333,16,0,0,0,0,2,0,0,,Away,대구 삼성 라이온즈 파크,18:30,17.3,False,8,1,178cm,83kg,1999,0.0,39.0,5.6,24.9,18.4,0.0,0.0,11.9,0.0,0.0,0.0,0.2,0.0,0.259,0.391,0.0,0.0,0.045,0.0,0.0
최민준,SSG,2025,2025-04-09,@ Samsung,RP,,0.0,,0.0,4,0,0,0,0,0,1,0,,Away,대구 삼성 라이온즈 파크,18:30,14.9,True,0,2,178cm,83kg,1999,0.0,39.0,5.6,24.9,18.4,0.0,0.0,11.9,0.0,0.0,0.0,0.2,0.0,0.259,0.391,0.0,0.0,0.045,0.0,0.0
최민준,SSG,2025,2025-04-11,@ Kia,RP,W,2.25,0.75,4.0,49,1,1,2,1,2,1,0,,Away,광주 기아 챔피언스 필드,18:30,20.6,False,1,1,178cm,83kg,1999,0.0,39.0,5.6,24.9,18.4,0.0,0.0,11.9,0.0,0.0,0.0,0.2,0.0,0.259,0.391,0.0,0.0,0.045,0.0,0.0
최민준,SSG,2025,2025-04-15,vs. Hanwha,RP,,0.0,0.5,2.0,45,0,0,0,0,3,1,1,,Home,인천 SSG 랜더스필드,18:30,5.7,False,3,1,178cm,83kg,1999,0.0,39.0,5.6,24.9,18.4,0.0,0.0,11.9,0.0,0.0,0.0,0.2,0.0,0.259,0.391,0.0,0.0,0.045,0.0,0.0
최민준,SSG,2025,2025-04-19,vs. LG,RP,,5.4,2.4,1.666666667,40,1,1,1,0,2,3,0,,Home,인천 SSG 랜더스필드,17:00,10.9,False,3,1,178cm,83kg,1999,0.0,39.0,5.6,24.9,18.4,0.0,0.0,11.9,0.0,0.0,0.0,0.2,0.0,0.259,0.391,0.0,0.0,0.045,0.0,0.0
최민준,SSG,2025,2025-04-22,@ KT,RP,,36.0,5.0,1.0,32,4,4,4,1,0,1,0,,Away,수원 KT 위즈파크,18:30,18.1,False,2,1,178cm,83kg,1999,0.0,39.0,5.6,24.9,18.4,0.0,0.0,11.9,0.0,0.0,0.0,0.2,0.0,0.259,0.391,0.0,0.0,0.045,0.0,0.0
최민준,SSG,2025,2025-04-27,vs. Kiwoom,RP,,0.0,0.75,2.666666667,36,0,0,1,0,1,1,1,,Home,인천 SSG 랜더스필드,14:00,14.9,False,4,1,178cm,83kg,1999,0.0,39.0,5.6,24.9,18.4,0.0,0.0,11.9,0.0,0.0,0.0,0.2,0.0,0.259,0.391,0.0,0.0,0.045,0.0,0.0
최민준,SSG,2025,2025-04-30,vs. Samsung,RP,,9.0,2.0,1.0,31,1,1,2,1,1,0,0,,Home,인천 SSG 랜더스필드,18:30,20.6,False,2,1,178cm,83kg,1999,0.0,39.0,5.6,24.9,18.4,0.0,0.0,11.9,0.0,0.0,0.0,0.2,0.0,0.259,0.391,0.0,0.0,0.045,0.0,0.0
최민준,SSG,2025,2025-05-23,vs. LG,RP,,0.0,0.0,0.666666667,13,0,0,0,0,2,0,0,,Home,인천 SSG 랜더스필드,18:30,20.8,False,22,1,178cm,83kg,1999,0.0,39.0,5.6,24.9,18.4,0.0,0.0,11.9,0.0,0.0,0.0,0.2,0.0,0.259,0.391,0.0,0.0,0.045,0.0,0.0
최민준,SSG,2025,2025-05-24,vs. LG,RP,,0.0,1.5,1.333333333,24,0,0,1,0,1,1,0,,Home,인천 SSG 랜더스필드,17:00,18.7,True,0,2,178cm,83kg,1999,0.0,39.0,5.6,24.9,18.4,0.0,0.0,11.9,0.0,0.0,0.0,0.2,0.0,0.259,0.391,0.0,0.0,0.045,0.0,0.0
최민준,SSG,2025,2025-05-28,vs. NC,RP,,0.0,1.0,1.0,11,0,0,1,0,0,0,1,,Home,인천 SSG 랜더스필드,18:30,21.3,False,3,1,178cm,83kg,1999,0.0,39.0,5.6,24.9,18.4,0.0,0.0,11.9,0.0,0.0,0.0,0.2,0.0,0.259,0.391,0.0,0.0,0.045,0.0,0.0
최민준,SSG,2025,2025-05-30,@ Lotte,RP,,0.0,0.0,1.0,13,0,0,0,0,2,0,0,,Away,사직 야구장,18:30,19.8,False,1,1,178cm,83kg,1999,0.0,39.0,5.6,24.9,18.4,0.0,0.0,11.9,0.0,0.0,0.0,0.2,0.0,0.259,0.391,0.0,0.0,0.045,0.0,0.0
최민준,SSG,2025,2025-06-05,vs. Samsung,RP,,13.5,1.5,0.666666667,14,1,1,0,0,0,1,0,,Home,인천 SSG 랜더스필드,18:30,20.8,False,5,1,178cm,83kg,1999,0.0,39.0,5.6,24.9,18.4,0.0,0.0,11.9,0.0,0.0,0.0,0.2,0.0,0.259,0.391,0.0,0.0,0.045,0.0,0.0
최민준,SSG,2025,2025-06-08,@ KT,RP,H,0.0,0.0,1.333333333,20,0,0,0,0,0,0,0,,Away,수원 KT 위즈파크,17:00,28.1,False,2,1,178cm,83kg,1999,0.0,39.0,5.6,24.9,18.4,0.0,0.0,11.9,0.0,0.0,0.0,0.2,0.0,0.259,0.391,0.0,0.0,0.045,0.0,0.0
최민준,SSG,2025,2025-06-11,@ LG,RP,,0.0,1.0,1.0,17,0,0,1,0,2,0,0,,Away,잠실 야구장,18:30,25.8,False,2,1,178cm,83kg,1999,0.0,39.0,5.6,24.9,18.4,0.0,0.0,11.9,0.0,0.0,0.0,0.2,0.0,0.259,0.391,0.0,0.0,0.045,0.0,0.0
최민준,SSG,2025,2025-06-12,@ LG,RP,,5.4,3.0,1.666666667,48,1,1,4,0,1,1,0,,Away,잠실 야구장,18:30,29.0,True,0,2,178cm,83kg,1999,0.0,39.0,5.6,24.9,18.4,0.0,0.0,11.9,0.0,0.0,0.0,0.2,0.0,0.259,0.391,0.0,0.0,0.045,0.0,0.0
최민준,SSG,2025,2025-06-14,vs. Lotte,RP,,0.0,1.0,1.0,11,0,0,1,0,1,0,0,,Home,인천 SSG 랜더스필드,17:00,29.1,False,1,1,178cm,83kg,1999,0.0,39.0,5.6,24.9,18.4,0.0,0.0,11.9,0.0,0.0,0.0,0.2,0.0,0.259,0.391,0.0,0.0,0.045,0.0,0.0
최민준,SSG,2025,2025-06-19,@ Kiwoom,RP,,3.38,1.13,2.666666667,56,1,1,3,0,4,0,0,,Away,고척 스카이돔,18:30,25.5,False,4,1,178cm,83kg,1999,0.0,39.0,5.6,24.9,18.4,0.0,0.0,11.9,0.0,0.0,0.0,0.2,0.0,0.259,0.391,0.0,0.0,0.045,0.0,0.0
최민준,SSG,2025,2025-06-26,@ Doosan,RP,W,0.0,0.5,2.0,23,0,0,0,0,0,1,0,,Away,잠실 야구장,18:30,25.9,False,6,1,178cm,83kg,1999,0.0,39.0,5.6,24.9,18.4,0.0,0.0,11.9,0.0,0.0,0.0,0.2,0.0,0.259,0.391,0.0,0.0,0.045,0.0,0.0
최민준,SSG,2025,2025-06-28,vs. Hanwha,RP,,0.0,0.0,1.333333333,15,0,0,0,0,1,0,0,,Home,인천 SSG 랜더스필드,17:00,28.1,False,1,1,178cm,83kg,1999,0.0,39.0,5.6,24.9,18.4,0.0,0.0,11.9,0.0,0.0,0.0,0.2,0.0,0.259,0.391,0.0,0.0,0.045,0.0,0.0
최민준,SSG,2025,2025-07-01,@ Kia,RP,,54.0,9.0,0.333333333,14,2,2,2,0,0,1,0,,Away,광주 기아 챔피언스 필드,18:30,32.6,False,2,1,178cm,83kg,1999,0.0,39.0,5.6,24.9,18.4,0.0,0.0,11.9,0.0,0.0,0.0,0.2,0.0,0.259,0.391,0.0,0.0,0.045,0.0,0.0
최민준,SSG,2025,2025-07-03,@ Kia,RP,,0.0,0.0,0.333333333,3,0,0,0,0,0,0,0,,Away,광주 기아 챔피언스 필드,18:30,32.6,False,1,1,178cm,83kg,1999,0.0,39.0,5.6,24.9,18.4,0.0,0.0,11.9,0.0,0.0,0.0,0.2,0.0,0.259,0.391,0.0,0.0,0.045,0.0,0.0
최민준,SSG,2025,2025-07-05,@ NC,RP,,0.0,1.0,1.0,15,0,0,1,0,1,0,0,,Away,창원 NC 파크,18:00,31.2,False,1,1,178cm,83kg,1999,0.0,39.0,5.6,24.9,18.4,0.0,0.0,11.9,0.0,0.0,0.0,0.2,0.0,0.259,0.391,0.0,0.0,0.045,0.0,0.0
최민준,SSG,2025,2025-07-06,@ NC,RP,,0.0,0.0,1.0,9,0,0,0,0,0,0,0,,Away,창원 NC 파크,17:00,32.8,True,0,2,178cm,83kg,1999,0.0,39.0,5.6,24.9,18.4,0.0,0.0,11.9,0.0,0.0,0.0,0.2,0.0,0.259,0.391,0.0,0.0,0.045,0.0,0.0
최민준,SSG,2025,2025-07-08,vs. KT,RP,,0.0,0.0,1.0,17,0,0,0,0,1,0,0,,Home,인천 SSG 랜더스필드,18:30,34.9,False,1,1,178cm,83kg,1999,0.0,39.0,5.6,24.9,18.4,0.0,0.0,11.9,0.0,0.0,0.0,0.2,0.0,0.259,0.391,0.0,0.0,0.045,0.0,0.0
최민준,SSG,2025,2025-07-10,vs. KT,RP,,0.0,1.5,0.666666667,13,0,0,1,0,0,0,0,,Home,인천 SSG 랜더스필드,18:30,33.4,False,1,1,178cm,83kg,1999,0.0,39.0,5.6,24.9,18.4,0.0,0.0,11.9,0.0,0.0,0.0,0.2,0.0,0.259,0.391,0.0,0.0,0.045,0.0,0.0
최성영,NC,2025,2025-03-25,@ Samsung,SP,L,27.0,4.2,1.666666667,52,5,5,5,1,0,2,0,23.0,Away,대구 삼성 라이온즈 파크,18:30,15.7,False,0,1,180cm,85kg,1997,0.0,38.4,0.0,1.3,45.9,0.3,0.0,14.1,0.0,0.0,0.0,0.404,0.0,0.5,0.27,0.0,0.0,0.308,0.0,0.0
최성영,NC,2025,2025-04-05,@ Kiwoom,RP,W,0.0,0.6,1.666666667,21,0,0,0,0,1,1,0,,Away,고척 스카이돔,17:00,25.5,False,10,1,180cm,85kg,1997,0.0,38.4,0.0,1.3,45.9,0.3,0.0,14.1,0.0,0.0,0.0,0.404,0.0,0.5,0.27,0.0,0.0,0.308,0.0,0.0
최성영,NC,2025,2025-04-06,@ Kiwoom,RP,H,0.0,0.0,0.666666667,5,0,0,0,0,0,0,0,,Away,고척 스카이돔,14:00,25.5,True,0,2,180cm,85kg,1997,0.0,38.4,0.0,1.3,45.9,0.3,0.0,14.1,0.0,0.0,0.0,0.404,0.0,0.5,0.27,0.0,0.0,0.308,0.0,0.0
최성영,NC,2025,2025-04-11,vs. Lotte,RP,,0.0,1.0,4.0,53,0,0,4,0,1,0,0,,Home,창원 NC 파크,18:30,15.6,False,4,1,180cm,85kg,1997,0.0,38.4,0.0,1.3,45.9,0.3,0.0,14.1,0.0,0.0,0.0,0.404,0.0,0.5,0.27,0.0,0.0,0.308,0.0,0.0
최성영,NC,2025,2025-04-19,@ Hanwha,RP,,0.0,,0.0,11,3,3,3,1,0,0,0,,Away,대전 한화생명 볼파크,17:00,23.2,False,7,1,180cm,85kg,1997,0.0,38.4,0.0,1.3,45.9,0.3,0.0,14.1,0.0,0.0,0.0,0.404,0.0,0.5,0.27,0.0,0.0,0.308,0.0,0.0
최성영,NC,2025,2025-04-22,@ LG,RP,H,0.0,0.0,0.333333333,4,0,0,0,0,0,0,0,,Away,잠실 야구장,18:30,17.5,False,2,1,180cm,85kg,1997,0.0,38.4,0.0,1.3,45.9,0.3,0.0,14.1,0.0,0.0,0.0,0.404,0.0,0.5,0.27,0.0,0.0,0.308,0.0,0.0
최성영,NC,2025,2025-04-23,@ LG,RP,,0.0,3.0,0.333333333,5,0,0,1,0,0,0,0,,Away,잠실 야구장,18:30,21.9,True,0,2,180cm,85kg,1997,0.0,38.4,0.0,1.3,45.9,0.3,0.0,14.1,0.0,0.0,0.0,0.404,0.0,0.5,0.27,0.0,0.0,0.308,0.0,0.0
최성영,NC,2025,2025-04-24,@ LG,RP,,0.0,,0.0,2,0,0,1,0,0,0,0,,Away,잠실 야구장,18:30,17.0,True,0,3,180cm,85kg,1997,0.0,38.4,0.0,1.3,45.9,0.3,0.0,14.1,0.0,0.0,0.0,0.404,0.0,0.5,0.27,0.0,0.0,0.308,0.0,0.0
최성영,NC,2025,2025-04-26,@ Samsung,RP,,0.0,0.0,0.666666667,14,0,0,0,0,2,0,0,,Away,대구 삼성 라이온즈 파크,17:00,17.6,False,1,1,180cm,85kg,1997,0.0,38.4,0.0,1.3,45.9,0.3,0.0,14.1,0.0,0.0,0.0,0.404,0.0,0.5,0.27,0.0,0.0,0.308,0.0,0.0
최성영,NC,2025,2025-05-02,@ Lotte,SP,,3.6,1.0,5.0,77,2,2,4,0,4,1,0,54.0,Away,사직 야구장,18:30,19.1,False,5,1,180cm,85kg,1997,0.0,38.4,0.0,1.3,45.9,0.3,0.0,14.1,0.0,0.0,0.0,0.404,0.0,0.5,0.27,0.0,0.0,0.308,0.0,0.0
최성영,NC,2025,2025-05-11,@ Doosan,SP,W,3.6,1.2,5.0,93,2,2,5,0,3,1,1,50.0,Away,잠실 야구장,14:00,19.0,False,8,1,180cm,85kg,1997,0.0,38.4,0.0,1.3,45.9,0.3,0.0,14.1,0.0,0.0,0.0,0.404,0.0,0.5,0.27,0.0,0.0,0.308,0.0,0.0
최성영,NC,2025,2025-05-17,vs. Kiwoom,SP,L,4.5,1.5,4.0,68,2,2,5,1,4,1,0,47.0,Home,창원 NC 파크,17:00,22.5,False,5,1,180cm,85kg,1997,0.0,38.4,0.0,1.3,45.9,0.3,0.0,14.1,0.0,0.0,0.0,0.404,0.0,0.5,0.27,0.0,0.0,0.308,0.0,0.0
최성영,NC,2025,2025-05-25,@ Doosan,SP,,9.0,4.0,2.0,59,2,2,3,0,2,5,0,39.0,Away,잠실 야구장,14:00,22.3,False,7,1,180cm,85kg,1997,0.0,38.4,0.0,1.3,45.9,0.3,0.0,14.1,0.0,0.0,0.0,0.404,0.0,0.5,0.27,0.0,0.0,0.308,0.0,0.0
최성영,NC,2025,2025-06-05,vs. LG,RP,,0.0,1.8,1.666666667,23,0,0,2,0,1,1,0,,Home,창원 NC 파크,18:30,23.5,False,10,1,180cm,85kg,1997,0.0,38.4,0.0,1.3,45.9,0.3,0.0,14.1,0.0,0.0,0.0,0.404,0.0,0.5,0.27,0.0,0.0,0.308,0.0,0.0
최성영,NC,2025,2025-06-12,@ Kiwoom,RP,,27.0,9.0,0.333333333,14,1,1,2,0,1,1,0,,Away,고척 스카이돔,18:30,25.5,False,6,1,180cm,85kg,1997,0.0,38.4,0.0,1.3,45.9,0.3,0.0,14.1,0.0,0.0,0.0,0.404,0.0,0.5,0.27,0.0,0.0,0.308,0.0,0.0
최성영,NC,2025,2025-06-14,vs. Kia,RP,,0.0,0.0,1.0,14,0,0,0,0,1,0,1,,Home,창원 NC 파크,17:00,27.3,False,1,1,180cm,85kg,1997,0.0,38.4,0.0,1.3,45.9,0.3,0.0,14.1,0.0,0.0,0.0,0.404,0.0,0.5,0.27,0.0,0.0,0.308,0.0,0.0
최성영,NC,2025,2025-06-18,@ LG,RP,,4.5,2.0,2.0,50,1,1,1,0,0,3,0,,Away,잠실 야구장,18:30,28.4,False,3,1,180cm,85kg,1997,0.0,38.4,0.0,1.3,45.9,0.3,0.0,14.1,0.0,0.0,0.0,0.404,0.0,0.5,0.27,0.0,0.0,0.308,0.0,0.0
최성영,NC,2025,2025-06-26,vs. Lotte,SP,,11.57,2.14,2.333333333,45,3,3,4,0,0,1,0,36.0,Home,창원 NC 파크,18:30,27.7,False,7,1,180cm,85kg,1997,0.0,38.4,0.0,1.3,45.9,0.3,0.0,14.1,0.0,0.0,0.0,0.404,0.0,0.5,0.27,0.0,0.0,0.308,0.0,0.0
최성영,NC,2025,2025-06-29,vs. Doosan,RP,,4.5,1.5,2.0,35,1,1,2,1,1,1,0,,Home,창원 NC 파크,17:00,31.6,False,2,1,180cm,85kg,1997,0.0,38.4,0.0,1.3,45.9,0.3,0.0,14.1,0.0,0.0,0.0,0.404,0.0,0.5,0.27,0.0,0.0,0.308,0.0,0.0
최성영,NC,2025,2025-07-02,@ Hanwha,RP,H,0.0,0.0,0.666666667,10,0,0,0,0,0,0,0,,Away,대전 한화생명 볼파크,18:30,32.4,False,2,1,180cm,85kg,1997,0.0,38.4,0.0,1.3,45.9,0.3,0.0,14.1,0.0,0.0,0.0,0.404,0.0,0.5,0.27,0.0,0.0,0.308,0.0,0.0
최성영,NC,2025,2025-07-03,@ Hanwha,RP,,0.0,3.0,0.333333333,5,0,0,1,0,0,0,0,,Away,대전 한화생명 볼파크,18:30,32.0,True,0,2,180cm,85kg,1997,0.0,38.4,0.0,1.3,45.9,0.3,0.0,14.1,0.0,0.0,0.0,0.404,0.0,0.5,0.27,0.0,0.0,0.308,0.0,0.0
최성영,NC,2025,2025-07-05,vs. SSG,RP,,0.0,,0.0,13,1,1,2,0,0,1,0,,Home,창원 NC 파크,18:00,31.2,False,1,1,180cm,85kg,1997,0.0,38.4,0.0,1.3,45.9,0.3,0.0,14.1,0.0,0.0,0.0,0.404,0.0,0.5,0.27,0.0,0.0,0.308,0.0,0.0
최성영,NC,2025,2025-07-08,vs. Samsung,RP,,27.0,4.0,1.0,28,3,3,2,1,0,2,0,,Home,창원 NC 파크,18:30,32.8,False,2,1,180cm,85kg,1997,0.0,38.4,0.0,1.3,45.9,0.3,0.0,14.1,0.0,0.0,0.0,0.404,0.0,0.5,0.27,0.0,0.0,0.308,0.0,0.0
최원태,삼성,2025,2025-03-25,vs. NC,SP,W,7.2,1.8,5.0,83,4,4,6,0,4,3,1,39.0,Home,대구 삼성 라이온즈 파크,18:30,15.7,False,0,1,184cm,104kg,1997,4.8,46.2,2.2,8.5,22.5,15.9,0.0,0.0,0.0,0.0,0.357,0.278,0.2,0.222,0.279,0.146,0.0,0.0,0.0,0.0
최원태,삼성,2025,2025-04-02,@ Kia,SP,,3.0,1.17,6.0,110,2,2,4,1,9,3,0,62.0,Away,광주 기아 챔피언스 필드,18:30,10.3,False,7,1,184cm,104kg,1997,4.8,46.2,2.2,8.5,22.5,15.9,0.0,0.0,0.0,0.0,0.357,0.278,0.2,0.222,0.279,0.146,0.0,0.0,0.0,0.0
최원태,삼성,2025,2025-04-08,vs. SSG,SP,W,3.6,2.2,5.0,104,2,2,6,0,3,5,0,45.0,Home,대구 삼성 라이온즈 파크,18:30,17.3,False,5,1,184cm,104kg,1997,4.8,46.2,2.2,8.5,22.5,15.9,0.0,0.0,0.0,0.0,0.357,0.278,0.2,0.222,0.279,0.146,0.0,0.0,0.0,0.0
최원태,삼성,2025,2025-04-16,@ LG,SP,L,16.2,3.0,3.333333333,73,6,6,6,1,2,4,0,22.0,Away,잠실 야구장,18:30,21.1,False,7,1,184cm,104kg,1997,4.8,46.2,2.2,8.5,22.5,15.9,0.0,0.0,0.0,0.0,0.357,0.278,0.2,0.222,0.279,0.146,0.0,0.0,0.0,0.0
최원태,삼성,2025,2025-04-23,vs. Kia,SP,W,3.38,1.69,5.333333333,96,2,2,7,0,5,2,0,49.0,Home,대구 삼성 라이온즈 파크,18:30,13.9,False,6,1,184cm,104kg,1997,4.8,46.2,2.2,8.5,22.5,15.9,0.0,0.0,0.0,0.0,0.357,0.278,0.2,0.222,0.279,0.146,0.0,0.0,0.0,0.0
최원태,삼성,2025,2025-04-29,@ SSG,SP,,1.42,0.79,6.333333333,96,1,1,3,0,6,2,0,67.0,Away,인천 SSG 랜더스필드,18:30,14.9,False,5,1,184cm,104kg,1997,4.8,46.2,2.2,8.5,22.5,15.9,0.0,0.0,0.0,0.0,0.357,0.278,0.2,0.222,0.279,0.146,0.0,0.0,0.0,0.0
최원태,삼성,2025,2025-05-05,@ Hanwha,SP,L,2.84,1.11,6.333333333,92,2,2,6,1,8,1,0,60.0,Away,대전 한화생명 볼파크,14:00,15.7,False,5,1,184cm,104kg,1997,4.8,46.2,2.2,8.5,22.5,15.9,0.0,0.0,0.0,0.0,0.357,0.278,0.2,0.222,0.279,0.146,0.0,0.0,0.0,0.0
최원태,삼성,2025,2025-05-11,vs. LG,SP,,3.38,1.31,5.333333333,94,3,2,4,0,4,3,0,51.0,Home,대구 삼성 라이온즈 파크,14:00,17.9,False,5,1,184cm,104kg,1997,4.8,46.2,2.2,8.5,22.5,15.9,0.0,0.0,0.0,0.0,0.357,0.278,0.2,0.222,0.279,0.146,0.0,0.0,0.0,0.0
최원태,삼성,2025,2025-05-17,@ Lotte,SP,,15.0,2.0,3.0,55,5,5,5,0,3,1,1,30.0,Away,사직 야구장,17:00,20.9,False,5,1,184cm,104kg,1997,4.8,46.2,2.2,8.5,22.5,15.9,0.0,0.0,0.0,0.0,0.357,0.278,0.2,0.222,0.279,0.146,0.0,0.0,0.0,0.0
최원태,삼성,2025,2025-05-29,vs. Lotte,SP,W,3.6,1.4,5.0,98,2,2,3,2,7,4,1,55.0,Home,대구 삼성 라이온즈 파크,18:30,19.2,False,11,1,184cm,104kg,1997,4.8,46.2,2.2,8.5,22.5,15.9,0.0,0.0,0.0,0.0,0.357,0.278,0.2,0.222,0.279,0.146,0.0,0.0,0.0,0.0
최원태,삼성,2025,2025-06-04,@ SSG,SP,L,6.75,1.5,5.333333333,93,4,4,7,0,6,1,0,43.0,Away,인천 SSG 랜더스필드,18:30,21.5,False,5,1,184cm,104kg,1997,4.8,46.2,2.2,8.5,22.5,15.9,0.0,0.0,0.0,0.0,0.357,0.278,0.2,0.222,0.279,0.146,0.0,0.0,0.0,0.0
최원태,삼성,2025,2025-06-10,@ Kia,SP,W,0.0,0.83,6.0,96,0,0,2,0,7,3,0,72.0,Away,광주 기아 챔피언스 필드,18:30,25.4,False,5,1,184cm,104kg,1997,4.8,46.2,2.2,8.5,22.5,15.9,0.0,0.0,0.0,0.0,0.357,0.278,0.2,0.222,0.279,0.146,0.0,0.0,0.0,0.0
최원태,삼성,2025,2025-06-15,vs. KT,SP,L,13.5,1.75,4.0,79,6,6,6,2,3,1,0,28.0,Home,대구 삼성 라이온즈 파크,17:00,25.2,False,4,1,184cm,104kg,1997,4.8,46.2,2.2,8.5,22.5,15.9,0.0,0.0,0.0,0.0,0.357,0.278,0.2,0.222,0.279,0.146,0.0,0.0,0.0,0.0
최원태,삼성,2025,2025-06-27,@ Kiwoom,SP,,1.8,1.8,5.0,105,1,1,4,0,7,5,0,57.0,Away,고척 스카이돔,18:30,25.5,False,11,1,184cm,104kg,1997,4.8,46.2,2.2,8.5,22.5,15.9,0.0,0.0,0.0,0.0,0.357,0.278,0.2,0.222,0.279,0.146,0.0,0.0,0.0,0.0
최원태,삼성,2025,2025-07-03,@ Doosan,SP,,4.5,1.67,6.0,98,3,3,9,0,3,1,0,46.0,Away,잠실 야구장,18:30,31.2,False,5,1,184cm,104kg,1997,4.8,46.2,2.2,8.5,22.5,15.9,0.0,0.0,0.0,0.0,0.357,0.278,0.2,0.222,0.279,0.146,0.0,0.0,0.0,0.0
최원태,삼성,2025,2025-07-09,@ NC,SP,L,3.0,1.17,6.0,94,3,2,5,0,3,2,1,52.0,Away,창원 NC 파크,18:30,30.8,False,5,1,184cm,104kg,1997,4.8,46.2,2.2,8.5,22.5,15.9,0.0,0.0,0.0,0.0,0.357,0.278,0.2,0.222,0.279,0.146,0.0,0.0,0.0,0.0
최준용,롯데,2025,2025-05-17,vs. Samsung,RP,H,0.0,0.0,1.0,8,0,0,0,0,1,0,0,,Home,사직 야구장,17:00,20.9,False,0,1,185cm,85kg,2001,0.0,62.0,0.0,7.8,23.8,5.8,0.0,0.0,0.0,0.0,0.0,0.222,0.0,0.143,0.273,0.2,0.0,0.0,0.0,0.0
최준용,롯데,2025,2025-05-18,vs. Samsung,RP,,54.0,9.0,0.333333333,17,2,2,2,0,0,1,0,,Home,사직 야구장,14:00,20.8,True,0,2,185cm,85kg,2001,0.0,62.0,0.0,7.8,23.8,5.8,0.0,0.0,0.0,0.0,0.0,0.222,0.0,0.143,0.273,0.2,0.0,0.0,0.0,0.0
최준용,롯데,2025,2025-05-21,vs. LG,RP,,0.0,0.5,2.0,28,0,0,0,0,2,1,0,,Home,사직 야구장,18:30,23.1,False,2,1,185cm,85kg,2001,0.0,62.0,0.0,7.8,23.8,5.8,0.0,0.0,0.0,0.0,0.0,0.222,0.0,0.143,0.273,0.2,0.0,0.0,0.0,0.0
최준용,롯데,2025,2025-05-24,@ Hanwha,RP,,0.0,1.0,1.0,15,0,0,0,0,1,1,0,,Away,대전 한화생명 볼파크,17:00,14.4,False,2,1,185cm,85kg,2001,0.0,62.0,0.0,7.8,23.8,5.8,0.0,0.0,0.0,0.0,0.0,0.222,0.0,0.143,0.273,0.2,0.0,0.0,0.0,0.0
최준용,롯데,2025,2025-05-25,@ Hanwha,RP,,0.0,1.0,1.0,21,0,0,1,0,3,0,0,,Away,대전 한화생명 볼파크,14:00,23.2,True,0,2,185cm,85kg,2001,0.0,62.0,0.0,7.8,23.8,5.8,0.0,0.0,0.0,0.0,0.0,0.222,0.0,0.143,0.273,0.2,0.0,0.0,0.0,0.0
최준용,롯데,2025,2025-05-30,vs. SSG,RP,,13.5,1.5,1.333333333,23,2,2,2,0,2,0,0,,Home,사직 야구장,18:30,19.8,False,4,1,185cm,85kg,2001,0.0,62.0,0.0,7.8,23.8,5.8,0.0,0.0,0.0,0.0,0.0,0.222,0.0,0.143,0.273,0.2,0.0,0.0,0.0,0.0
최준용,롯데,2025,2025-06-01,vs. SSG,RP,H,0.0,1.0,1.0,21,0,0,0,0,2,1,0,,Home,사직 야구장,17:00,23.7,False,1,1,185cm,85kg,2001,0.0,62.0,0.0,7.8,23.8,5.8,0.0,0.0,0.0,0.0,0.0,0.222,0.0,0.143,0.273,0.2,0.0,0.0,0.0,0.0
최준용,롯데,2025,2025-06-04,vs. Kiwoom,RP,,9.0,1.0,1.0,10,1,1,1,1,0,0,0,,Home,사직 야구장,18:30,24.3,False,2,1,185cm,85kg,2001,0.0,62.0,0.0,7.8,23.8,5.8,0.0,0.0,0.0,0.0,0.0,0.222,0.0,0.143,0.273,0.2,0.0,0.0,0.0,0.0
최준용,롯데,2025,2025-06-07,@ Doosan,RP,H,0.0,0.0,1.666666667,20,0,0,0,0,2,0,0,,Away,잠실 야구장,17:00,27.0,False,2,1,185cm,85kg,2001,0.0,62.0,0.0,7.8,23.8,5.8,0.0,0.0,0.0,0.0,0.0,0.222,0.0,0.143,0.273,0.2,0.0,0.0,0.0,0.0
최준용,롯데,2025,2025-06-08,@ Doosan,RP,H,0.0,0.0,0.666666667,7,0,0,0,0,0,0,0,,Away,잠실 야구장,17:00,28.5,True,0,2,185cm,85kg,2001,0.0,62.0,0.0,7.8,23.8,5.8,0.0,0.0,0.0,0.0,0.0,0.222,0.0,0.143,0.273,0.2,0.0,0.0,0.0,0.0
최준용,롯데,2025,2025-06-11,@ KT,RP,H,0.0,0.0,1.0,12,0,0,0,0,1,0,0,,Away,수원 KT 위즈파크,18:30,23.4,False,2,1,185cm,85kg,2001,0.0,62.0,0.0,7.8,23.8,5.8,0.0,0.0,0.0,0.0,0.0,0.222,0.0,0.143,0.273,0.2,0.0,0.0,0.0,0.0
최준용,롯데,2025,2025-06-12,@ KT,RP,H,0.0,0.0,1.0,11,0,0,0,0,1,0,0,,Away,수원 KT 위즈파크,18:30,26.9,True,0,2,185cm,85kg,2001,0.0,62.0,0.0,7.8,23.8,5.8,0.0,0.0,0.0,0.0,0.0,0.222,0.0,0.143,0.273,0.2,0.0,0.0,0.0,0.0
최준용,롯데,2025,2025-06-14,@ SSG,RP,H,0.0,0.0,1.0,10,0,0,0,0,0,0,0,,Away,인천 SSG 랜더스필드,17:00,29.1,False,1,1,185cm,85kg,2001,0.0,62.0,0.0,7.8,23.8,5.8,0.0,0.0,0.0,0.0,0.0,0.222,0.0,0.143,0.273,0.2,0.0,0.0,0.0,0.0
최준용,롯데,2025,2025-06-15,@ SSG,RP,,0.0,1.0,1.0,16,0,0,1,0,2,0,0,,Away,인천 SSG 랜더스필드,17:00,26.9,True,0,2,185cm,85kg,2001,0.0,62.0,0.0,7.8,23.8,5.8,0.0,0.0,0.0,0.0,0.0,0.222,0.0,0.143,0.273,0.2,0.0,0.0,0.0,0.0
최준용,롯데,2025,2025-06-18,vs. Hanwha,RP,,0.0,0.0,1.0,11,0,0,0,0,2,0,0,,Home,사직 야구장,18:30,23.1,False,2,1,185cm,85kg,2001,0.0,62.0,0.0,7.8,23.8,5.8,0.0,0.0,0.0,0.0,0.0,0.222,0.0,0.143,0.273,0.2,0.0,0.0,0.0,0.0
최준용,롯데,2025,2025-06-19,vs. Hanwha,RP,,9.0,3.0,1.0,22,3,1,2,0,1,1,0,,Home,사직 야구장,18:30,27.6,True,0,2,185cm,85kg,2001,0.0,62.0,0.0,7.8,23.8,5.8,0.0,0.0,0.0,0.0,0.0,0.222,0.0,0.143,0.273,0.2,0.0,0.0,0.0,0.0
최준용,롯데,2025,2025-06-22,vs. Samsung,RP,SV,0.0,0.0,1.0,10,0,0,0,0,2,0,0,,Home,사직 야구장,17:00,23.3,False,2,1,185cm,85kg,2001,0.0,62.0,0.0,7.8,23.8,5.8,0.0,0.0,0.0,0.0,0.0,0.222,0.0,0.143,0.273,0.2,0.0,0.0,0.0,0.0
최준용,롯데,2025,2025-06-26,@ NC,RP,H,0.0,0.75,1.333333333,21,0,0,1,0,3,0,0,,Away,창원 NC 파크,18:30,27.7,False,3,1,185cm,85kg,2001,0.0,62.0,0.0,7.8,23.8,5.8,0.0,0.0,0.0,0.0,0.0,0.222,0.0,0.143,0.273,0.2,0.0,0.0,0.0,0.0
최준용,롯데,2025,2025-06-27,vs. KT,RP,L,40.5,7.5,0.666666667,26,3,3,5,0,1,0,0,,Home,사직 야구장,18:30,25.9,True,0,2,185cm,85kg,2001,0.0,62.0,0.0,7.8,23.8,5.8,0.0,0.0,0.0,0.0,0.0,0.222,0.0,0.143,0.273,0.2,0.0,0.0,0.0,0.0
최준용,롯데,2025,2025-06-29,vs. KT,RP,H,0.0,0.0,1.666666667,20,0,0,0,0,2,0,0,,Home,사직 야구장,17:00,29.1,False,1,1,185cm,85kg,2001,0.0,62.0,0.0,7.8,23.8,5.8,0.0,0.0,0.0,0.0,0.0,0.222,0.0,0.143,0.273,0.2,0.0,0.0,0.0,0.0
최준용,롯데,2025,2025-07-02,vs. LG,RP,,0.0,0.75,1.333333333,16,0,0,0,0,1,1,0,,Home,사직 야구장,18:30,30.0,False,2,1,185cm,85kg,2001,0.0,62.0,0.0,7.8,23.8,5.8,0.0,0.0,0.0,0.0,0.0,0.222,0.0,0.143,0.273,0.2,0.0,0.0,0.0,0.0
최준용,롯데,2025,2025-07-03,vs. LG,RP,W,0.0,0.0,1.333333333,6,0,0,0,0,1,0,0,,Home,사직 야구장,18:30,29.8,True,0,2,185cm,85kg,2001,0.0,62.0,0.0,7.8,23.8,5.8,0.0,0.0,0.0,0.0,0.0,0.222,0.0,0.143,0.273,0.2,0.0,0.0,0.0,0.0
최준용,롯데,2025,2025-07-04,@ Kia,RP,L,67.5,7.5,0.666666667,25,5,5,5,1,0,0,0,,Away,광주 기아 챔피언스 필드,18:30,30.7,True,0,3,185cm,85kg,2001,0.0,62.0,0.0,7.8,23.8,5.8,0.0,0.0,0.0,0.0,0.0,0.222,0.0,0.143,0.273,0.2,0.0,0.0,0.0,0.0
최준용,롯데,2025,2025-07-09,vs. Doosan,RP,,16.2,2.4,1.666666667,35,3,3,3,0,1,1,1,,Home,사직 야구장,18:30,29.7,False,4,1,185cm,85kg,2001,0.0,62.0,0.0,7.8,23.8,5.8,0.0,0.0,0.0,0.0,0.0,0.222,0.0,0.143,0.273,0.2,0.0,0.0,0.0,0.0
최지민,KIA,2025,2025-03-25,vs. Kiwoom,RP,,0.0,1.0,1.0,15,0,0,1,0,2,0,0,,Home,광주 기아 챔피언스 필드,18:30,19.9,False,0,1,185cm,100kg,2003,0.0,67.7,0.0,0.0,21.6,10.0,0.0,0.0,0.0,0.0,0.0,0.296,0.0,0.0,0.125,0.2,0.0,0.0,0.0,0.0
최지민,KIA,2025,2025-03-27,vs. Kiwoom,RP,,0.0,,0.0,17,0,0,1,0,0,2,0,,Home,광주 기아 챔피언스 필드,18:30,14.1,False,1,1,185cm,100kg,2003,0.0,67.7,0.0,0.0,21.6,10.0,0.0,0.0,0.0,0.0,0.0,0.296,0.0,0.0,0.125,0.2,0.0,0.0,0.0,0.0
최지민,KIA,2025,2025-03-29,@ Hanwha,RP,H,0.0,1.5,0.666666667,10,0,0,0,0,0,1,0,,Away,대전 한화생명 볼파크,17:00,3.0,False,1,1,185cm,100kg,2003,0.0,67.7,0.0,0.0,21.6,10.0,0.0,0.0,0.0,0.0,0.0,0.296,0.0,0.0,0.125,0.2,0.0,0.0,0.0,0.0
최지민,KIA,2025,2025-03-30,@ Hanwha,RP,,27.0,6.0,0.333333333,19,1,1,1,0,0,1,0,,Away,대전 한화생명 볼파크,14:00,5.1,True,0,2,185cm,100kg,2003,0.0,67.7,0.0,0.0,21.6,10.0,0.0,0.0,0.0,0.0,0.0,0.296,0.0,0.0,0.125,0.2,0.0,0.0,0.0,0.0
최지민,KIA,2025,2025-04-02,vs. Samsung,RP,,0.0,1.0,1.0,13,0,0,1,0,1,0,0,,Home,광주 기아 챔피언스 필드,18:30,10.3,False,2,1,185cm,100kg,2003,0.0,67.7,0.0,0.0,21.6,10.0,0.0,0.0,0.0,0.0,0.0,0.296,0.0,0.0,0.125,0.2,0.0,0.0,0.0,0.0
최지민,KIA,2025,2025-04-06,@ LG,RP,,9.0,2.0,1.0,15,1,1,2,0,1,0,0,,Away,잠실 야구장,14:00,15.2,False,3,1,185cm,100kg,2003,0.0,67.7,0.0,0.0,21.6,10.0,0.0,0.0,0.0,0.0,0.0,0.296,0.0,0.0,0.125,0.2,0.0,0.0,0.0,0.0
최지민,KIA,2025,2025-04-08,@ Lotte,RP,H,0.0,1.5,0.666666667,8,0,0,0,0,0,1,0,,Away,사직 야구장,18:30,17.3,False,1,1,185cm,100kg,2003,0.0,67.7,0.0,0.0,21.6,10.0,0.0,0.0,0.0,0.0,0.0,0.296,0.0,0.0,0.125,0.2,0.0,0.0,0.0,0.0
최지민,KIA,2025,2025-04-10,@ Lotte,RP,,0.0,0.75,1.333333333,25,0,0,1,0,1,0,0,,Away,사직 야구장,18:30,14.9,False,1,1,185cm,100kg,2003,0.0,67.7,0.0,0.0,21.6,10.0,0.0,0.0,0.0,0.0,0.0,0.296,0.0,0.0,0.125,0.2,0.0,0.0,0.0,0.0
최지민,KIA,2025,2025-04-15,vs. KT,RP,H,0.0,1.0,1.0,13,0,0,1,0,1,0,0,,Home,광주 기아 챔피언스 필드,18:30,13.2,False,4,1,185cm,100kg,2003,0.0,67.7,0.0,0.0,21.6,10.0,0.0,0.0,0.0,0.0,0.0,0.296,0.0,0.0,0.125,0.2,0.0,0.0,0.0,0.0
최지민,KIA,2025,2025-04-17,vs. KT,RP,,0.0,1.0,1.0,16,0,0,0,0,1,1,0,,Home,광주 기아 챔피언스 필드,18:30,22.8,False,1,1,185cm,100kg,2003,0.0,67.7,0.0,0.0,21.6,10.0,0.0,0.0,0.0,0.0,0.0,0.296,0.0,0.0,0.125,0.2,0.0,0.0,0.0,0.0
최지민,KIA,2025,2025-04-19,@ Doosan,RP,H,0.0,1.5,0.666666667,18,0,0,0,0,0,1,0,,Away,잠실 야구장,17:00,14.6,False,1,1,185cm,100kg,2003,0.0,67.7,0.0,0.0,21.6,10.0,0.0,0.0,0.0,0.0,0.0,0.296,0.0,0.0,0.125,0.2,0.0,0.0,0.0,0.0
최지민,KIA,2025,2025-04-20,@ Doosan,RP,W,0.0,3.0,0.666666667,16,0,0,1,0,1,1,0,,Away,잠실 야구장,14:00,22.5,True,0,2,185cm,100kg,2003,0.0,67.7,0.0,0.0,21.6,10.0,0.0,0.0,0.0,0.0,0.0,0.296,0.0,0.0,0.125,0.2,0.0,0.0,0.0,0.0
최지민,KIA,2025,2025-04-25,vs. LG,RP,,0.0,6.0,0.333333333,16,0,0,0,0,1,2,0,,Home,광주 기아 챔피언스 필드,18:30,16.2,False,4,1,185cm,100kg,2003,0.0,67.7,0.0,0.0,21.6,10.0,0.0,0.0,0.0,0.0,0.0,0.296,0.0,0.0,0.125,0.2,0.0,0.0,0.0,0.0
최지민,KIA,2025,2025-04-29,vs. NC,RP,,0.0,3.0,0.666666667,18,0,0,1,0,0,1,0,,Home,광주 기아 챔피언스 필드,18:30,21.6,False,3,1,185cm,100kg,2003,0.0,67.7,0.0,0.0,21.6,10.0,0.0,0.0,0.0,0.0,0.0,0.296,0.0,0.0,0.125,0.2,0.0,0.0,0.0,0.0
최지민,KIA,2025,2025-04-30,vs. NC,RP,,0.0,,0.0,18,4,3,2,0,0,1,0,,Home,광주 기아 챔피언스 필드,18:30,23.0,True,0,2,185cm,100kg,2003,0.0,67.7,0.0,0.0,21.6,10.0,0.0,0.0,0.0,0.0,0.0,0.296,0.0,0.0,0.125,0.2,0.0,0.0,0.0,0.0
최지민,KIA,2025,2025-05-02,vs. Hanwha,RP,,0.0,0.0,1.0,10,0,0,0,0,1,0,0,,Home,광주 기아 챔피언스 필드,18:30,17.3,False,1,1,185cm,100kg,2003,0.0,67.7,0.0,0.0,21.6,10.0,0.0,0.0,0.0,0.0,0.0,0.296,0.0,0.0,0.125,0.2,0.0,0.0,0.0,0.0
최지민,KIA,2025,2025-05-04,vs. Hanwha,RP,,0.0,0.0,1.0,16,0,0,0,0,0,0,1,,Home,광주 기아 챔피언스 필드,14:00,20.3,False,1,1,185cm,100kg,2003,0.0,67.7,0.0,0.0,21.6,10.0,0.0,0.0,0.0,0.0,0.0,0.296,0.0,0.0,0.125,0.2,0.0,0.0,0.0,0.0
최지민,KIA,2025,2025-05-07,@ Kiwoom,RP,,0.0,,0.0,9,2,2,0,0,0,2,0,,Away,고척 스카이돔,18:30,25.5,False,2,1,185cm,100kg,2003,0.0,67.7,0.0,0.0,21.6,10.0,0.0,0.0,0.0,0.0,0.0,0.296,0.0,0.0,0.125,0.2,0.0,0.0,0.0,0.0
최지민,KIA,2025,2025-05-11,@ SSG,RP,,0.0,,0.0,9,0,0,0,0,0,2,0,,Away,인천 SSG 랜더스필드,14:00,16.8,False,3,1,185cm,100kg,2003,0.0,67.7,0.0,0.0,21.6,10.0,0.0,0.0,0.0,0.0,0.0,0.296,0.0,0.0,0.125,0.2,0.0,0.0,0.0,0.0
최지민,KIA,2025,2025-05-23,@ Samsung,RP,W,18.0,2.0,1.0,12,2,2,2,1,0,0,0,,Away,대구 삼성 라이온즈 파크,18:30,18.4,False,11,1,185cm,100kg,2003,0.0,67.7,0.0,0.0,21.6,10.0,0.0,0.0,0.0,0.0,0.0,0.296,0.0,0.0,0.125,0.2,0.0,0.0,0.0,0.0
최지민,KIA,2025,2025-05-24,@ Samsung,RP,L,108.0,12.0,0.333333333,25,4,4,1,0,1,3,0,,Away,대구 삼성 라이온즈 파크,17:00,14.5,True,0,2,185cm,100kg,2003,0.0,67.7,0.0,0.0,21.6,10.0,0.0,0.0,0.0,0.0,0.0,0.296,0.0,0.0,0.125,0.2,0.0,0.0,0.0,0.0
최지민,KIA,2025,2025-05-28,vs. Kiwoom,RP,,0.0,0.0,1.0,8,0,0,0,0,1,0,0,,Home,광주 기아 챔피언스 필드,18:30,26.5,False,3,1,185cm,100kg,2003,0.0,67.7,0.0,0.0,21.6,10.0,0.0,0.0,0.0,0.0,0.0,0.296,0.0,0.0,0.125,0.2,0.0,0.0,0.0,0.0
최지민,KIA,2025,2025-05-29,vs. Kiwoom,RP,,0.0,,0.0,11,1,1,0,0,0,2,0,,Home,광주 기아 챔피언스 필드,18:30,25.8,True,0,2,185cm,100kg,2003,0.0,67.7,0.0,0.0,21.6,10.0,0.0,0.0,0.0,0.0,0.0,0.296,0.0,0.0,0.125,0.2,0.0,0.0,0.0,0.0
최지민,KIA,2025,2025-06-03,@ Doosan,RP,,0.0,1.0,1.0,9,0,0,1,0,0,0,0,,Away,잠실 야구장,18:30,22.8,False,4,1,185cm,100kg,2003,0.0,67.7,0.0,0.0,21.6,10.0,0.0,0.0,0.0,0.0,0.0,0.296,0.0,0.0,0.125,0.2,0.0,0.0,0.0,0.0
최지민,KIA,2025,2025-06-05,@ Doosan,RP,,0.0,0.0,0.333333333,1,0,0,0,0,0,0,0,,Away,잠실 야구장,18:30,23.9,False,1,1,185cm,100kg,2003,0.0,67.7,0.0,0.0,21.6,10.0,0.0,0.0,0.0,0.0,0.0,0.296,0.0,0.0,0.125,0.2,0.0,0.0,0.0,0.0
최지민,KIA,2025,2025-06-07,vs. Hanwha,RP,L,5.4,0.6,1.666666667,29,1,1,1,0,3,0,0,,Home,광주 기아 챔피언스 필드,17:00,27.2,False,1,1,185cm,100kg,2003,0.0,67.7,0.0,0.0,21.6,10.0,0.0,0.0,0.0,0.0,0.0,0.296,0.0,0.0,0.125,0.2,0.0,0.0,0.0,0.0
최지민,KIA,2025,2025-06-08,vs. Hanwha,RP,,0.0,0.0,1.0,9,0,0,0,0,0,0,0,,Home,광주 기아 챔피언스 필드,17:00,28.7,True,0,2,185cm,100kg,2003,0.0,67.7,0.0,0.0,21.6,10.0,0.0,0.0,0.0,0.0,0.0,0.296,0.0,0.0,0.125,0.2,0.0,0.0,0.0,0.0
최지민,KIA,2025,2025-06-10,vs. Samsung,RP,,0.0,1.5,0.666666667,12,0,0,0,0,1,1,0,,Home,광주 기아 챔피언스 필드,18:30,25.4,False,1,1,185cm,100kg,2003,0.0,67.7,0.0,0.0,21.6,10.0,0.0,0.0,0.0,0.0,0.0,0.296,0.0,0.0,0.125,0.2,0.0,0.0,0.0,0.0
최지민,KIA,2025,2025-06-12,vs. Samsung,RP,,0.0,0.0,1.0,12,0,0,0,0,1,0,0,,Home,광주 기아 챔피언스 필드,18:30,26.3,False,1,1,185cm,100kg,2003,0.0,67.7,0.0,0.0,21.6,10.0,0.0,0.0,0.0,0.0,0.0,0.296,0.0,0.0,0.125,0.2,0.0,0.0,0.0,0.0
최지민,KIA,2025,2025-06-14,@ NC,RP,,0.0,,0.0,3,0,0,0,0,0,0,1,,Away,창원 NC 파크,17:00,27.3,False,1,1,185cm,100kg,2003,0.0,67.7,0.0,0.0,21.6,10.0,0.0,0.0,0.0,0.0,0.0,0.296,0.0,0.0,0.125,0.2,0.0,0.0,0.0,0.0
최지민,KIA,2025,2025-06-17,vs. KT,RP,,9.0,3.0,1.0,22,1,1,2,1,0,1,0,,Home,광주 기아 챔피언스 필드,18:30,29.8,False,2,1,185cm,100kg,2003,0.0,67.7,0.0,0.0,21.6,10.0,0.0,0.0,0.0,0.0,0.0,0.296,0.0,0.0,0.125,0.2,0.0,0.0,0.0,0.0
최지민,KIA,2025,2025-06-24,@ Kiwoom,RP,L,10.8,1.8,1.666666667,37,2,2,1,0,4,2,0,,Away,고척 스카이돔,18:30,25.5,False,6,1,185cm,100kg,2003,0.0,67.7,0.0,0.0,21.6,10.0,0.0,0.0,0.0,0.0,0.0,0.296,0.0,0.0,0.125,0.2,0.0,0.0,0.0,0.0
최지민,KIA,2025,2025-06-26,@ Kiwoom,RP,H,0.0,2.0,1.0,11,0,0,1,0,1,1,0,,Away,고척 스카이돔,18:30,25.5,False,1,1,185cm,100kg,2003,0.0,67.7,0.0,0.0,21.6,10.0,0.0,0.0,0.0,0.0,0.0,0.296,0.0,0.0,0.125,0.2,0.0,0.0,0.0,0.0
최지민,KIA,2025,2025-06-27,@ LG,RP,,0.0,4.5,0.666666667,23,0,0,1,0,1,2,0,,Away,잠실 야구장,18:30,29.9,True,0,2,185cm,100kg,2003,0.0,67.7,0.0,0.0,21.6,10.0,0.0,0.0,0.0,0.0,0.0,0.296,0.0,0.0,0.125,0.2,0.0,0.0,0.0,0.0
최지민,KIA,2025,2025-06-29,@ LG,RP,H,0.0,2.0,1.0,17,0,0,1,0,0,1,0,,Away,잠실 야구장,17:00,31.1,False,1,1,185cm,100kg,2003,0.0,67.7,0.0,0.0,21.6,10.0,0.0,0.0,0.0,0.0,0.0,0.296,0.0,0.0,0.125,0.2,0.0,0.0,0.0,0.0
최지민,KIA,2025,2025-07-01,vs. SSG,RP,,0.0,0.6,1.666666667,31,0,0,1,0,1,0,0,,Home,광주 기아 챔피언스 필드,18:30,32.6,False,1,1,185cm,100kg,2003,0.0,67.7,0.0,0.0,21.6,10.0,0.0,0.0,0.0,0.0,0.0,0.296,0.0,0.0,0.125,0.2,0.0,0.0,0.0,0.0
최지민,KIA,2025,2025-07-04,vs. Lotte,RP,,0.0,3.0,0.333333333,8,0,0,1,0,1,0,0,,Home,광주 기아 챔피언스 필드,18:30,30.7,False,2,1,185cm,100kg,2003,0.0,67.7,0.0,0.0,21.6,10.0,0.0,0.0,0.0,0.0,0.0,0.296,0.0,0.0,0.125,0.2,0.0,0.0,0.0,0.0
최지민,KIA,2025,2025-07-06,vs. Lotte,RP,,13.5,4.5,0.666666667,22,1,1,1,0,0,2,0,,Home,광주 기아 챔피언스 필드,17:00,33.2,False,1,1,185cm,100kg,2003,0.0,67.7,0.0,0.0,21.6,10.0,0.0,0.0,0.0,0.0,0.0,0.296,0.0,0.0,0.125,0.2,0.0,0.0,0.0,0.0
최지민,KIA,2025,2025-07-09,@ Hanwha,RP,,0.0,1.0,1.0,16,0,0,0,0,0,1,0,,Away,대전 한화생명 볼파크,18:30,32.1,False,2,1,185cm,100kg,2003,0.0,67.7,0.0,0.0,21.6,10.0,0.0,0.0,0.0,0.0,0.0,0.296,0.0,0.0,0.125,0.2,0.0,0.0,0.0,0.0
한승혁,한화,2025,2025-03-23,@ KT,RP,L,27.0,3.0,0.333333333,10,1,1,0,0,0,1,0,,Away,수원 KT 위즈파크,14:00,22.7,False,0,1,185cm,100kg,1993,9.5,37.7,0.0,9.1,29.3,0.0,0.0,14.5,0.0,0.0,0.313,0.254,0.0,0.0,0.25,0.0,0.0,0.063,0.0,0.0
한승혁,한화,2025,2025-03-27,@ LG,RP,L,18.0,4.0,1.0,28,2,2,3,0,1,1,0,,Away,잠실 야구장,18:30,13.6,False,3,1,185cm,100kg,1993,9.5,37.7,0.0,9.1,29.3,0.0,0.0,14.5,0.0,0.0,0.313,0.254,0.0,0.0,0.25,0.0,0.0,0.063,0.0,0.0
한승혁,한화,2025,2025-03-30,vs. Kia,RP,,0.0,0.0,1.0,8,0,0,0,0,0,0,0,,Home,대전 한화생명 볼파크,14:00,5.1,False,2,1,185cm,100kg,1993,9.5,37.7,0.0,9.1,29.3,0.0,0.0,14.5,0.0,0.0,0.313,0.254,0.0,0.0,0.25,0.0,0.0,0.063,0.0,0.0
한승혁,한화,2025,2025-04-03,vs. Lotte,RP,,9.0,3.0,1.0,16,1,1,3,0,0,0,0,,Home,대전 한화생명 볼파크,18:30,14.9,False,3,1,185cm,100kg,1993,9.5,37.7,0.0,9.1,29.3,0.0,0.0,14.5,0.0,0.0,0.313,0.254,0.0,0.0,0.25,0.0,0.0,0.063,0.0,0.0
한승혁,한화,2025,2025-04-06,@ Samsung,RP,,0.0,3.0,0.666666667,15,1,0,2,0,1,0,0,,Away,대구 삼성 라이온즈 파크,14:00,16.6,False,2,1,185cm,100kg,1993,9.5,37.7,0.0,9.1,29.3,0.0,0.0,14.5,0.0,0.0,0.313,0.254,0.0,0.0,0.25,0.0,0.0,0.063,0.0,0.0
한승혁,한화,2025,2025-04-08,@ Doosan,RP,,0.0,3.0,0.666666667,16,0,0,0,0,0,2,0,,Away,잠실 야구장,18:30,16.8,False,1,1,185cm,100kg,1993,9.5,37.7,0.0,9.1,29.3,0.0,0.0,14.5,0.0,0.0,0.313,0.254,0.0,0.0,0.25,0.0,0.0,0.063,0.0,0.0
한승혁,한화,2025,2025-04-09,@ Doosan,RP,H,0.0,0.0,1.0,12,0,0,0,0,0,0,0,,Away,잠실 야구장,18:30,14.9,True,0,2,185cm,100kg,1993,9.5,37.7,0.0,9.1,29.3,0.0,0.0,14.5,0.0,0.0,0.313,0.254,0.0,0.0,0.25,0.0,0.0,0.063,0.0,0.0
한승혁,한화,2025,2025-04-13,vs. Kiwoom,RP,,0.0,1.0,1.0,15,0,0,1,0,1,0,0,,Home,대전 한화생명 볼파크,14:00,7.9,False,3,1,185cm,100kg,1993,9.5,37.7,0.0,9.1,29.3,0.0,0.0,14.5,0.0,0.0,0.313,0.254,0.0,0.0,0.25,0.0,0.0,0.063,0.0,0.0
한승혁,한화,2025,2025-04-15,@ SSG,RP,H,0.0,1.0,1.0,14,0,0,0,0,1,1,0,,Away,인천 SSG 랜더스필드,18:30,5.7,False,1,1,185cm,100kg,1993,9.5,37.7,0.0,9.1,29.3,0.0,0.0,14.5,0.0,0.0,0.313,0.254,0.0,0.0,0.25,0.0,0.0,0.063,0.0,0.0
한승혁,한화,2025,2025-04-16,@ SSG,RP,,0.0,0.0,0.666666667,8,0,0,0,0,1,0,0,,Away,인천 SSG 랜더스필드,18:30,18.0,True,0,2,185cm,100kg,1993,9.5,37.7,0.0,9.1,29.3,0.0,0.0,14.5,0.0,0.0,0.313,0.254,0.0,0.0,0.25,0.0,0.0,0.063,0.0,0.0
한승혁,한화,2025,2025-04-20,vs. NC,RP,,0.0,1.0,1.0,6,0,0,1,0,0,0,0,,Home,대전 한화생명 볼파크,14:00,21.5,False,3,1,185cm,100kg,1993,9.5,37.7,0.0,9.1,29.3,0.0,0.0,14.5,0.0,0.0,0.313,0.254,0.0,0.0,0.25,0.0,0.0,0.063,0.0,0.0
한승혁,한화,2025,2025-04-23,@ Lotte,RP,H,0.0,2.0,1.0,12,0,0,2,0,0,0,0,,Away,사직 야구장,18:30,13.9,False,2,1,185cm,100kg,1993,9.5,37.7,0.0,9.1,29.3,0.0,0.0,14.5,0.0,0.0,0.313,0.254,0.0,0.0,0.25,0.0,0.0,0.063,0.0,0.0
한승혁,한화,2025,2025-04-25,vs. KT,RP,,0.0,1.0,1.0,25,0,0,1,0,1,0,0,,Home,대전 한화생명 볼파크,18:30,16.9,False,1,1,185cm,100kg,1993,9.5,37.7,0.0,9.1,29.3,0.0,0.0,14.5,0.0,0.0,0.313,0.254,0.0,0.0,0.25,0.0,0.0,0.063,0.0,0.0
한승혁,한화,2025,2025-04-26,vs. KT,RP,H,0.0,0.0,0.333333333,7,0,0,0,0,0,0,0,,Home,대전 한화생명 볼파크,17:00,20.4,True,0,2,185cm,100kg,1993,9.5,37.7,0.0,9.1,29.3,0.0,0.0,14.5,0.0,0.0,0.313,0.254,0.0,0.0,0.25,0.0,0.0,0.063,0.0,0.0
한승혁,한화,2025,2025-04-27,vs. KT,RP,,0.0,0.0,1.0,11,0,0,0,0,1,0,0,,Home,대전 한화생명 볼파크,14:00,24.3,True,0,3,185cm,100kg,1993,9.5,37.7,0.0,9.1,29.3,0.0,0.0,14.5,0.0,0.0,0.313,0.254,0.0,0.0,0.25,0.0,0.0,0.063,0.0,0.0
한승혁,한화,2025,2025-04-29,vs. LG,RP,H,0.0,1.0,1.0,14,0,0,1,0,1,0,0,,Home,대전 한화생명 볼파크,18:30,20.2,False,1,1,185cm,100kg,1993,9.5,37.7,0.0,9.1,29.3,0.0,0.0,14.5,0.0,0.0,0.313,0.254,0.0,0.0,0.25,0.0,0.0,0.063,0.0,0.0
한승혁,한화,2025,2025-04-30,vs. LG,RP,H,0.0,0.0,1.0,10,0,0,0,0,1,0,0,,Home,대전 한화생명 볼파크,18:30,26.7,True,0,2,185cm,100kg,1993,9.5,37.7,0.0,9.1,29.3,0.0,0.0,14.5,0.0,0.0,0.313,0.254,0.0,0.0,0.25,0.0,0.0,0.063,0.0,0.0
한승혁,한화,2025,2025-05-02,@ Kia,RP,,0.0,0.0,1.0,16,0,0,0,0,2,0,1,,Away,광주 기아 챔피언스 필드,18:30,17.3,False,1,1,185cm,100kg,1993,9.5,37.7,0.0,9.1,29.3,0.0,0.0,14.5,0.0,0.0,0.313,0.254,0.0,0.0,0.25,0.0,0.0,0.063,0.0,0.0
한승혁,한화,2025,2025-05-04,@ Kia,RP,H,0.0,0.0,1.0,12,0,0,0,0,2,0,0,,Away,광주 기아 챔피언스 필드,14:00,20.3,False,1,1,185cm,100kg,1993,9.5,37.7,0.0,9.1,29.3,0.0,0.0,14.5,0.0,0.0,0.313,0.254,0.0,0.0,0.25,0.0,0.0,0.063,0.0,0.0
한승혁,한화,2025,2025-05-06,vs. Samsung,RP,SV,0.0,1.0,1.0,18,0,0,1,0,1,0,0,,Home,대전 한화생명 볼파크,18:30,16.9,False,1,1,185cm,100kg,1993,9.5,37.7,0.0,9.1,29.3,0.0,0.0,14.5,0.0,0.0,0.313,0.254,0.0,0.0,0.25,0.0,0.0,0.063,0.0,0.0
한승혁,한화,2025,2025-05-09,@ Kiwoom,RP,W,0.0,1.0,1.0,15,0,0,0,0,0,1,0,,Away,고척 스카이돔,18:30,25.5,False,2,1,185cm,100kg,1993,9.5,37.7,0.0,9.1,29.3,0.0,0.0,14.5,0.0,0.0,0.313,0.254,0.0,0.0,0.25,0.0,0.0,0.063,0.0,0.0
한승혁,한화,2025,2025-05-13,vs. Doosan,RP,,18.0,3.0,1.0,27,2,2,3,1,1,0,0,,Home,대전 한화생명 볼파크,18:30,24.2,False,3,1,185cm,100kg,1993,9.5,37.7,0.0,9.1,29.3,0.0,0.0,14.5,0.0,0.0,0.313,0.254,0.0,0.0,0.25,0.0,0.0,0.063,0.0,0.0
한승혁,한화,2025,2025-05-20,@ NC,RP,,13.5,3.0,0.666666667,27,1,1,0,0,1,2,1,,Away,창원 NC 파크,18:30,22.9,False,6,1,185cm,100kg,1993,9.5,37.7,0.0,9.1,29.3,0.0,0.0,14.5,0.0,0.0,0.313,0.254,0.0,0.0,0.25,0.0,0.0,0.063,0.0,0.0
한승혁,한화,2025,2025-05-24,vs. Lotte,RP,,0.0,1.2,1.666666667,29,0,0,1,0,3,1,0,,Home,대전 한화생명 볼파크,17:00,14.4,False,3,1,185cm,100kg,1993,9.5,37.7,0.0,9.1,29.3,0.0,0.0,14.5,0.0,0.0,0.313,0.254,0.0,0.0,0.25,0.0,0.0,0.063,0.0,0.0
한승혁,한화,2025,2025-05-25,vs. Lotte,RP,,9.0,2.0,1.0,27,1,1,1,1,1,1,0,,Home,대전 한화생명 볼파크,14:00,23.2,True,0,2,185cm,100kg,1993,9.5,37.7,0.0,9.1,29.3,0.0,0.0,14.5,0.0,0.0,0.313,0.254,0.0,0.0,0.25,0.0,0.0,0.063,0.0,0.0
한승혁,한화,2025,2025-05-28,@ LG,RP,,0.0,2.0,1.0,11,0,0,2,0,0,0,0,,Away,잠실 야구장,18:30,23.5,False,2,1,185cm,100kg,1993,9.5,37.7,0.0,9.1,29.3,0.0,0.0,14.5,0.0,0.0,0.313,0.254,0.0,0.0,0.25,0.0,0.0,0.063,0.0,0.0
한승혁,한화,2025,2025-05-30,@ NC,RP,,0.0,0.0,1.0,14,0,0,0,0,1,0,0,,Away,창원 NC 파크,18:30,19.5,False,1,1,185cm,100kg,1993,9.5,37.7,0.0,9.1,29.3,0.0,0.0,14.5,0.0,0.0,0.313,0.254,0.0,0.0,0.25,0.0,0.0,0.063,0.0,0.0
한승혁,한화,2025,2025-05-31,@ NC,RP,,0.0,1.5,0.666666667,13,1,0,0,0,0,1,0,,Away,창원 NC 파크,17:00,26.8,True,0,2,185cm,100kg,1993,9.5,37.7,0.0,9.1,29.3,0.0,0.0,14.5,0.0,0.0,0.313,0.254,0.0,0.0,0.25,0.0,0.0,0.063,0.0,0.0
한승혁,한화,2025,2025-06-04,vs. KT,RP,H,0.0,1.0,1.0,13,0,0,1,0,0,0,1,,Home,대전 한화생명 볼파크,18:30,22.1,False,3,1,185cm,100kg,1993,9.5,37.7,0.0,9.1,29.3,0.0,0.0,14.5,0.0,0.0,0.313,0.254,0.0,0.0,0.25,0.0,0.0,0.063,0.0,0.0
한승혁,한화,2025,2025-06-07,@ Kia,RP,,0.0,0.0,1.0,11,0,0,0,0,2,0,0,,Away,광주 기아 챔피언스 필드,17:00,27.2,False,2,1,185cm,100kg,1993,9.5,37.7,0.0,9.1,29.3,0.0,0.0,14.5,0.0,0.0,0.313,0.254,0.0,0.0,0.25,0.0,0.0,0.063,0.0,0.0
한승혁,한화,2025,2025-06-08,@ Kia,RP,,0.0,1.0,1.0,15,0,0,1,0,1,0,1,,Away,광주 기아 챔피언스 필드,17:00,28.7,True,0,2,185cm,100kg,1993,9.5,37.7,0.0,9.1,29.3,0.0,0.0,14.5,0.0,0.0,0.313,0.254,0.0,0.0,0.25,0.0,0.0,0.063,0.0,0.0
한승혁,한화,2025,2025-06-10,vs. Doosan,RP,,0.0,0.0,0.666666667,8,0,0,0,0,0,0,0,,Home,대전 한화생명 볼파크,18:30,26.6,False,1,1,185cm,100kg,1993,9.5,37.7,0.0,9.1,29.3,0.0,0.0,14.5,0.0,0.0,0.313,0.254,0.0,0.0,0.25,0.0,0.0,0.063,0.0,0.0
한승혁,한화,2025,2025-06-12,vs. Doosan,RP,H,0.0,3.0,0.666666667,11,0,0,1,0,0,1,1,,Home,대전 한화생명 볼파크,18:30,27.0,False,1,1,185cm,100kg,1993,9.5,37.7,0.0,9.1,29.3,0.0,0.0,14.5,0.0,0.0,0.313,0.254,0.0,0.0,0.25,0.0,0.0,0.063,0.0,0.0
한승혁,한화,2025,2025-06-14,vs. LG,RP,,27.0,6.0,0.333333333,8,1,1,1,0,0,1,0,,Home,대전 한화생명 볼파크,17:00,29.9,False,1,1,185cm,100kg,1993,9.5,37.7,0.0,9.1,29.3,0.0,0.0,14.5,0.0,0.0,0.313,0.254,0.0,0.0,0.25,0.0,0.0,0.063,0.0,0.0
한승혁,한화,2025,2025-06-15,vs. LG,RP,,0.0,1.0,1.0,12,0,0,1,0,1,0,0,,Home,대전 한화생명 볼파크,17:00,30.9,True,0,2,185cm,100kg,1993,9.5,37.7,0.0,9.1,29.3,0.0,0.0,14.5,0.0,0.0,0.313,0.254,0.0,0.0,0.25,0.0,0.0,0.063,0.0,0.0
한승혁,한화,2025,2025-06-19,@ Lotte,RP,,0.0,1.0,1.0,11,0,0,1,0,0,0,0,,Away,사직 야구장,18:30,27.6,False,3,1,185cm,100kg,1993,9.5,37.7,0.0,9.1,29.3,0.0,0.0,14.5,0.0,0.0,0.313,0.254,0.0,0.0,0.25,0.0,0.0,0.063,0.0,0.0
한승혁,한화,2025,2025-06-22,vs. Kiwoom,RP,,0.0,0.0,1.0,8,0,0,0,0,1,0,0,,Home,대전 한화생명 볼파크,17:00,28.2,False,2,1,185cm,100kg,1993,9.5,37.7,0.0,9.1,29.3,0.0,0.0,14.5,0.0,0.0,0.313,0.254,0.0,0.0,0.25,0.0,0.0,0.063,0.0,0.0
한승혁,한화,2025,2025-06-26,@ Samsung,RP,H,0.0,2.0,1.0,21,0,0,0,0,1,2,0,,Away,대구 삼성 라이온즈 파크,18:30,24.9,False,3,1,185cm,100kg,1993,9.5,37.7,0.0,9.1,29.3,0.0,0.0,14.5,0.0,0.0,0.313,0.254,0.0,0.0,0.25,0.0,0.0,0.063,0.0,0.0
한승혁,한화,2025,2025-06-27,@ SSG,RP,,0.0,,0.0,12,1,1,1,0,0,2,0,,Away,인천 SSG 랜더스필드,18:30,28.2,True,0,2,185cm,100kg,1993,9.5,37.7,0.0,9.1,29.3,0.0,0.0,14.5,0.0,0.0,0.313,0.254,0.0,0.0,0.25,0.0,0.0,0.063,0.0,0.0
한승혁,한화,2025,2025-07-02,vs. NC,RP,,0.0,2.0,1.0,13,0,0,2,0,0,0,0,,Home,대전 한화생명 볼파크,18:30,32.4,False,4,1,185cm,100kg,1993,9.5,37.7,0.0,9.1,29.3,0.0,0.0,14.5,0.0,0.0,0.313,0.254,0.0,0.0,0.25,0.0,0.0,0.063,0.0,0.0
한승혁,한화,2025,2025-07-03,vs. NC,RP,,0.0,0.0,2.0,14,0,0,0,0,1,0,0,,Home,대전 한화생명 볼파크,18:30,32.0,True,0,2,185cm,100kg,1993,9.5,37.7,0.0,9.1,29.3,0.0,0.0,14.5,0.0,0.0,0.313,0.254,0.0,0.0,0.25,0.0,0.0,0.063,0.0,0.0
한승혁,한화,2025,2025-07-05,@ Kiwoom,RP,SV,0.0,2.0,1.0,19,0,0,1,0,0,1,0,,Away,고척 스카이돔,18:00,25.5,False,1,1,185cm,100kg,1993,9.5,37.7,0.0,9.1,29.3,0.0,0.0,14.5,0.0,0.0,0.313,0.254,0.0,0.0,0.25,0.0,0.0,0.063,0.0,0.0
한승혁,한화,2025,2025-07-09,vs. Kia,RP,,9.0,2.0,1.0,18,1,1,2,1,1,0,0,,Home,대전 한화생명 볼파크,18:30,32.1,False,3,1,185cm,100kg,1993,9.5,37.7,0.0,9.1,29.3,0.0,0.0,14.5,0.0,0.0,0.313,0.254,0.0,0.0,0.25,0.0,0.0,0.063,0.0,0.0
한승혁,한화,2025,2025-07-10,vs. Kia,RP,W,0.0,0.0,1.0,13,0,0,0,0,2,0,0,,Home,대전 한화생명 볼파크,18:30,32.1,True,0,2,185cm,100kg,1993,9.5,37.7,0.0,9.1,29.3,0.0,0.0,14.5,0.0,0.0,0.313,0.254,0.0,0.0,0.25,0.0,0.0,0.063,0.0,0.0
함덕주,LG,2025,2025-06-29,vs. Kia,RP,,40.5,4.5,0.666666667,21,3,3,1,0,0,2,0,,Home,잠실 야구장,17:00,31.1,False,0,1,181cm,78kg,1995,0.0,60.9,0.0,0.0,26.1,13.0,0.0,0.0,0.0,0.0,0.0,0.333,0.0,0.0,0.25,0.0,0.0,0.0,0.0,0.0
함덕주,LG,2025,2025-07-02,@ Lotte,RP,,0.0,1.0,1.0,17,0,0,0,0,3,1,0,,Away,사직 야구장,18:30,30.0,False,2,1,181cm,78kg,1995,0.0,60.9,0.0,0.0,26.1,13.0,0.0,0.0,0.0,0.0,0.0,0.333,0.0,0.0,0.25,0.0,0.0,0.0,0.0,0.0
함덕주,LG,2025,2025-07-04,@ Samsung,RP,,0.0,1.0,1.0,8,0,0,1,0,0,0,0,,Away,대구 삼성 라이온즈 파크,18:30,30.0,False,1,1,181cm,78kg,1995,0.0,60.9,0.0,0.0,26.1,13.0,0.0,0.0,0.0,0.0,0.0,0.333,0.0,0.0,0.25,0.0,0.0,0.0,0.0,0.0
홍민기,롯데,2025,2025-05-17,vs. Samsung,RP,,0.0,2.0,1.0,14,0,0,2,0,1,0,0,,Home,사직 야구장,17:00,20.9,False,0,1,185cm,85kg,2001,0.0,64.2,0.0,0.0,35.5,0.0,0.0,0.0,0.0,0.0,0.0,0.237,0.0,0.0,0.1,0.0,0.0,0.0,0.0,0.0
홍민기,롯데,2025,2025-05-22,vs. LG,RP,,0.0,1.0,1.0,11,0,0,0,0,0,1,0,,Home,사직 야구장,18:30,17.4,False,4,1,185cm,85kg,2001,0.0,64.2,0.0,0.0,35.5,0.0,0.0,0.0,0.0,0.0,0.0,0.237,0.0,0.0,0.1,0.0,0.0,0.0,0.0,0.0
홍민기,롯데,2025,2025-06-18,vs. Hanwha,SP,,2.25,1.25,4.0,61,1,1,4,0,4,1,0,53.0,Home,사직 야구장,18:30,23.1,False,26,1,185cm,85kg,2001,0.0,64.2,0.0,0.0,35.5,0.0,0.0,0.0,0.0,0.0,0.0,0.237,0.0,0.0,0.1,0.0,0.0,0.0,0.0,0.0
홍민기,롯데,2025,2025-06-22,vs. Samsung,RP,,0.0,0.33,3.0,44,0,0,1,0,6,0,0,,Home,사직 야구장,17:00,23.3,False,3,1,185cm,85kg,2001,0.0,64.2,0.0,0.0,35.5,0.0,0.0,0.0,0.0,0.0,0.0,0.237,0.0,0.0,0.1,0.0,0.0,0.0,0.0,0.0
홍민기,롯데,2025,2025-06-27,vs. KT,RP,H,9.0,1.0,1.0,18,1,1,0,0,1,1,1,,Home,사직 야구장,18:30,25.9,False,4,1,185cm,85kg,2001,0.0,64.2,0.0,0.0,35.5,0.0,0.0,0.0,0.0,0.0,0.0,0.237,0.0,0.0,0.1,0.0,0.0,0.0,0.0,0.0
홍민기,롯데,2025,2025-06-28,vs. KT,RP,,0.0,1.2,1.666666667,40,0,0,1,0,5,1,0,,Home,사직 야구장,17:00,29.3,True,0,2,185cm,85kg,2001,0.0,64.2,0.0,0.0,35.5,0.0,0.0,0.0,0.0,0.0,0.0,0.237,0.0,0.0,0.1,0.0,0.0,0.0,0.0,0.0
홍민기,롯데,2025,2025-07-01,vs. LG,RP,,0.0,0.6,1.666666667,24,0,0,1,0,2,0,0,,Home,사직 야구장,18:30,29.8,False,2,1,185cm,85kg,2001,0.0,64.2,0.0,0.0,35.5,0.0,0.0,0.0,0.0,0.0,0.0,0.237,0.0,0.0,0.1,0.0,0.0,0.0,0.0,0.0
홍민기,롯데,2025,2025-07-04,@ Kia,RP,,0.0,1.0,1.0,15,0,0,0,0,0,1,0,,Away,광주 기아 챔피언스 필드,18:30,30.7,False,2,1,185cm,85kg,2001,0.0,64.2,0.0,0.0,35.5,0.0,0.0,0.0,0.0,0.0,0.0,0.237,0.0,0.0,0.1,0.0,0.0,0.0,0.0,0.0
홍민기,롯데,2025,2025-07-06,@ Kia,RP,,0.0,0.0,0.666666667,3,0,0,0,0,0,0,0,,Away,광주 기아 챔피언스 필드,17:00,33.2,False,1,1,185cm,85kg,2001,0.0,64.2,0.0,0.0,35.5,0.0,0.0,0.0,0.0,0.0,0.0,0.237,0.0,0.0,0.1,0.0,0.0,0.0,0.0,0.0
홍민기,롯데,2025,2025-07-08,vs. Doosan,SP,,1.8,0.6,5.0,63,1,1,3,0,7,0,0,64.0,Home,사직 야구장,18:30,32.4,False,1,1,185cm,85kg,2001,0.0,64.2,0.0,0.0,35.5,0.0,0.0,0.0,0.0,0.0,0.0,0.237,0.0,0.0,0.1,0.0,0.0,0.0,0.0,0.0
황준서,한화,2025,2025-05-21,@ NC,SP,,2.7,1.2,3.333333333,58,2,1,2,0,4,2,0,52.0,Away,창원 NC 파크,18:30,23.5,False,0,1,185cm,78kg,2005,0.0,53.0,0.0,3.2,1.4,0.0,0.0,42.4,0.0,0.0,0.0,0.207,0.0,0.2,0.0,0.0,0.0,0.185,0.0,0.0
황준서,한화,2025,2025-05-27,@ LG,SP,L,3.6,1.4,5.0,84,2,2,3,0,1,4,0,50.0,Away,잠실 야구장,18:30,24.9,False,5,1,185cm,78kg,2005,0.0,53.0,0.0,3.2,1.4,0.0,0.0,42.4,0.0,0.0,0.0,0.207,0.0,0.2,0.0,0.0,0.0,0.185,0.0,0.0
황준서,한화,2025,2025-06-01,@ NC,SP,L,7.94,1.41,5.666666667,92,5,5,4,1,6,4,1,42.0,Away,창원 NC 파크,17:00,23.3,False,4,1,185cm,78kg,2005,0.0,53.0,0.0,3.2,1.4,0.0,0.0,42.4,0.0,0.0,0.0,0.207,0.0,0.2,0.0,0.0,0.0,0.185,0.0,0.0
황준서,한화,2025,2025-06-07,@ Kia,SP,,0.0,0.8,5.0,86,1,0,1,0,5,3,1,64.0,Away,광주 기아 챔피언스 필드,17:00,27.2,False,5,1,185cm,78kg,2005,0.0,53.0,0.0,3.2,1.4,0.0,0.0,42.4,0.0,0.0,0.0,0.207,0.0,0.2,0.0,0.0,0.0,0.185,0.0,0.0
황준서,한화,2025,2025-06-15,vs. LG,RP,W,0.0,1.5,1.333333333,13,0,0,2,0,0,0,0,,Home,대전 한화생명 볼파크,17:00,30.9,False,7,1,185cm,78kg,2005,0.0,53.0,0.0,3.2,1.4,0.0,0.0,42.4,0.0,0.0,0.0,0.207,0.0,0.2,0.0,0.0,0.0,0.185,0.0,0.0
황준서,한화,2025,2025-06-19,@ Lotte,SP,L,4.5,1.5,4.0,74,2,2,5,0,6,1,0,49.0,Away,사직 야구장,18:30,27.6,False,3,1,185cm,78kg,2005,0.0,53.0,0.0,3.2,1.4,0.0,0.0,42.4,0.0,0.0,0.0,0.207,0.0,0.2,0.0,0.0,0.0,0.185,0.0,0.0
황준서,한화,2025,2025-06-29,@ SSG,RP,,0.0,,0.0,12,1,1,2,1,0,0,0,,Away,인천 SSG 랜더스필드,17:00,29.8,False,9,1,185cm,78kg,2005,0.0,53.0,0.0,3.2,1.4,0.0,0.0,42.4,0.0,0.0,0.0,0.207,0.0,0.2,0.0,0.0,0.0,0.185,0.0,0.0
황준서,한화,2025,2025-07-01,vs. NC,RP,,0.0,1.29,2.333333333,39,0,0,1,0,2,2,0,,Home,대전 한화생명 볼파크,18:30,33.2,False,1,1,185cm,78kg,2005,0.0,53.0,0.0,3.2,1.4,0.0,0.0,42.4,0.0,0.0,0.0,0.207,0.0,0.2,0.0,0.0,0.0,0.185,0.0,0.0
황준서,한화,2025,2025-07-05,@ Kiwoom,RP,,0.0,0.0,1.333333333,16,0,0,0,0,0,0,0,,Away,고척 스카이돔,18:00,25.5,False,3,1,185cm,78kg,2005,0.0,53.0,0.0,3.2,1.4,0.0,0.0,42.4,0.0,0.0,0.0,0.207,0.0,0.2,0.0,0.0,0.0,0.185,0.0,0.0
황준서,한화,2025,2025-07-10,vs. Kia,SP,,1.42,0.47,6.333333333,90,1,1,3,0,6,0,0,69.0,Home,대전 한화생명 볼파크,18:30,32.1,False,4,1,185cm,78kg,2005,0.0,53.0,0.0,3.2,1.4,0.0,0.0,42.4,0.0,0.0,0.0,0.207,0.0,0.2,0.0,0.0,0.0,0.185,0.0,0.0
