선수명,연도,날짜,상대팀,전체구속,2Seam,4Seam,Cutter,Curve,Slider,Changeup,Sinker,Forkball,Knuckle,Other
고효준,2024,2024-03-23,롯데,133.6,,142.6,,121.0,129.8,,,,,
고효준,2024,2024-03-24,롯데,136.1,,141.5,,,129.2,,,,,
고효준,2024,2024-03-30,삼성,131.1,,137.5,,,126.9,,,,,
고효준,2024,2024-03-31,삼성,133.8,,138.6,,,123.2,,,,,
고효준,2024,2024-04-02,두산,135.7,,142.3,,,130.0,,,,,
고효준,2024,2024-04-03,두산,134.5,,142.5,,122.2,130.2,,,,,
고효준,2024,2024-04-06,NC,135.3,,141.4,,119.5,129.4,,,,,
고효준,2024,2024-04-09,키움,135.3,,142.0,,123.0,129.3,,,,,
고효준,2024,2024-04-10,키움,131.9,,140.8,,121.0,127.0,,,,,
고효준,2024,2024-04-13,KT,133.3,,139.8,,,128.7,,,,,
고효준,2024,2024-04-14,KT,136.6,,141.7,,122.5,129.3,,,125.5,,
고효준,2024,2024-04-16,KIA,136.5,,141.7,,121.0,130.4,,,,,
고효준,2024,2024-04-18,KIA,138.0,,143.2,,122.0,131.2,,,,,
고효준,2024,2024-04-21,LG,138.7,,143.0,,,130.7,,,123.0,,
고효준,2024,2024-04-25,롯데,133.9,,142.2,,,128.1,,,127.0,,
고효준,2024,2024-04-30,한화,133.4,,140.2,,,129.7,125.0,,,,
고효준,2024,2024-05-02,한화,134.4,,141.9,,,128.5,,,,,
고효준,2024,2024-05-04,NC,137.0,,143.0,,,126.9,,,127.0,,
고효준,2024,2024-06-04,삼성,133.0,,141.8,,121.7,129.2,,,,,
고효준,2024,2024-06-05,삼성,137.2,,141.4,,121.0,127.8,,,,,
고효준,2024,2024-06-07,롯데,132.5,,140.4,,120.7,128.9,,,,,
고효준,2024,2024-06-09,롯데,136.6,,139.9,,,129.0,,,,,
고효준,2024,2024-06-11,KIA,137.9,,144.2,,,130.9,,,,,
고효준,2024,2024-06-12,KIA,138.5,,143.3,,,132.5,,,,,
고효준,2024,2024-06-25,KT,137.5,,143.0,,,130.4,,,,,
고효준,2024,2024-06-27,KT,132.4,,142.0,,,127.3,129.0,,124.0,,
고효준,2023,2023-04-01,KIA,138.2,,143.6,,,129.6,,,,,
고효준,2023,2023-04-07,한화,130.6,,144.0,,,128.9,,,,,
고효준,2023,2023-04-08,한화,129.2,,144.0,,122.5,129.0,,,,,
고효준,2023,2023-04-09,한화,131.7,,142.0,,122.0,128.4,,,,,
고효준,2023,2023-04-11,삼성,130.0,,141.0,,,128.4,,,,,
고효준,2023,2023-04-13,삼성,130.5,,139.8,,,125.1,,,,,
고효준,2023,2023-04-15,NC,132.5,,142.0,,,129.3,,,,,
고효준,2023,2023-04-16,NC,135.1,,141.3,,121.0,128.1,,,,,
고효준,2023,2023-04-27,LG,140.8,,144.1,,,131.0,,,,,
고효준,2023,2023-04-30,두산,138.5,,144.3,,,131.4,,,,,
고효준,2023,2023-05-02,KT,136.9,,142.6,,,128.5,,,,,
고효준,2023,2023-05-04,KT,139.3,,144.4,,,130.4,,,,,
고효준,2023,2023-05-07,키움,137.6,,143.3,,124.0,130.3,,,127.5,,
고효준,2023,2023-05-10,KIA,137.2,,145.5,,,132.4,,,,,
고효준,2023,2023-05-11,KIA,139.2,,145.2,,,132.0,,,,,
고효준,2023,2023-05-13,한화,137.5,,143.4,,,129.9,,,,,
고효준,2023,2023-05-14,한화,140.3,,144.7,,,131.2,,,,,
고효준,2023,2023-05-17,NC,141.3,,143.9,,,130.5,,,,,
고효준,2023,2023-05-20,롯데,133.7,,142.3,,,130.0,,,,,
고효준,2023,2023-05-21,롯데,136.0,,143.0,,,129.0,,,,,
고효준,2023,2023-05-24,LG,138.8,,143.8,,,132.5,,,,,
고효준,2023,2023-05-26,두산,140.8,,145.3,,,132.6,,,,,
고효준,2023,2023-05-31,삼성,130.7,,,,,130.7,,,,,
고효준,2023,2023-06-02,키움,134.0,,143.9,,,130.4,,,,,
고효준,2023,2023-06-06,KIA,129.8,,,,,129.8,,,,,
고효준,2023,2023-06-07,KIA,135.1,,143.6,,,130.9,,,,,
고효준,2023,2023-06-13,KT,132.1,,142.3,,,128.7,,,,,
고효준,2023,2023-06-15,KT,134.5,,143.1,,,129.4,,,,,
고효준,2023,2023-06-17,롯데,132.9,,144.3,,,130.5,,,,,
고효준,2023,2023-06-21,두산,135.4,,142.3,,,130.3,,,130.0,,
고효준,2023,2023-06-23,삼성,136.9,,144.2,,123.0,131.2,,,,,
고효준,2023,2023-06-25,삼성,136.0,,143.7,,,130.6,,,,,
고효준,2023,2023-06-28,LG,135.2,,143.2,,,131.7,,,,,
고효준,2023,2023-06-30,키움,139.3,,143.5,,,131.0,,,,,
고효준,2023,2023-07-02,키움,139.0,,144.6,,,131.9,,,,,
고효준,2023,2023-07-06,KIA,139.5,,144.7,,,131.8,,,,,
고효준,2023,2023-07-08,한화,138.4,,145.6,,,131.2,,,,,
고효준,2023,2023-07-12,두산,134.1,,143.3,,,131.3,,,,,
고효준,2023,2023-07-21,LG,138.2,,145.0,,,132.5,,,,,
고효준,2023,2023-07-25,삼성,136.5,,144.0,,,131.5,,,,,
고효준,2023,2023-07-26,삼성,134.4,,142.9,,,129.6,,,,,
고효준,2023,2023-07-28,한화,134.2,,143.0,,,130.2,,,,,
고효준,2023,2023-07-29,한화,128.8,,,,,128.8,,,,,
고효준,2023,2023-07-30,한화,134.9,,143.4,,,131.7,,,,,
고효준,2023,2023-08-03,KT,133.1,,140.0,,,128.0,,,,,
고효준,2023,2023-08-04,롯데,137.4,,141.7,,,130.0,,,,,
고효준,2023,2023-08-05,롯데,134.9,,139.7,,,130.0,,,,,
고효준,2023,2023-08-08,NC,136.6,,145.2,,,133.1,,,,,
고효준,2023,2023-08-12,삼성,134.0,,140.5,,,129.7,,,,,
고효준,2023,2023-08-15,롯데,135.9,,143.7,,,131.2,,,,,
고효준,2023,2023-08-17,롯데,138.7,,144.3,,,133.0,,,,,
고효준,2023,2023-08-18,LG,133.3,,142.0,,,130.9,,,,,
고효준,2023,2023-08-26,두산,138.8,,143.0,,,129.6,,,,,
고효준,2023,2023-08-27,두산,138.8,,143.9,,126.5,133.0,,,127.7,,
고효준,2023,2023-08-30,키움,139.1,,144.8,,,131.5,,,,,
고효준,2023,2023-08-31,키움,135.1,,143.3,,,131.6,,,,,
고효준,2023,2023-09-02,KIA,135.3,,144.2,,,131.5,127.0,,,,
고효준,2023,2023-09-03,KIA,135.0,,142.6,,,130.4,,,129.0,,
고효준,2023,2023-09-05,한화,139.6,,144.5,,,133.0,,,,,
고효준,2023,2023-09-06,한화,138.9,,145.0,,,132.2,,,128.5,,
고효준,2023,2023-09-09,KT,139.5,,144.4,,,132.3,,,130.5,,
고효준,2023,2023-09-10,KT,136.2,,141.1,,,128.3,,,125.0,,
고효준,2023,2023-09-12,KT,137.4,,143.9,,,131.3,,,130.0,,
고효준,2023,2023-09-16,LG,136.9,,142.5,,,130.1,,,,,
고효준,2023,2023-09-22,롯데,134.5,,143.7,,,129.6,,,124.8,,
고효준,2023,2023-09-27,두산,138.3,,144.7,,,132.2,,,129.0,,
고효준,2023,2023-10-01,KIA,136.4,,143.2,,,129.6,,,,,
고효준,2023,2023-10-04,NC,136.2,,142.9,,,129.5,,,,,
고효준,2023,2023-10-06,한화,136.9,,144.3,,,131.7,,,,,
고효준,2023,2023-10-07,NC,136.7,,144.5,,,130.9,,,,,
고효준,2023,2023-10-10,KIA,143.5,,143.5,,,,,,,,
고효준,2023,2023-10-13,키움,137.3,,143.3,,,132.8,,,,,
고효준,2023,2023-10-14,삼성,137.6,,144.6,,,132.5,,,,,
고효준,2023,2023-10-23,NC,138.1,,142.3,,,130.8,,,,,
고효준,2023,2023-10-25,NC,138.7,,143.4,,,129.8,,,,,
고효준,2022,2022-04-19,키움,137.0,,145.2,,123.5,135.0,,,,,
고효준,2022,2022-04-22,한화,133.9,,143.0,,,133.0,,,130.8,,
고효준,2022,2022-04-24,한화,137.0,,145.5,,,134.9,,,,,
고효준,2022,2022-04-26,롯데,133.8,,143.0,,119.0,133.8,,,131.0,,
고효준,2022,2022-04-27,롯데,138.6,,147.5,,,137.2,,,132.8,,
고효준,2022,2022-04-29,두산,137.3,,144.6,,123.0,134.1,,,131.0,,
고효준,2022,2022-04-30,두산,137.4,,145.0,,,134.9,,,131.0,,
고효준,2022,2022-05-04,한화,137.2,,144.0,,124.5,136.2,,,135.0,,
고효준,2022,2022-05-07,키움,138.1,,146.1,,126.3,136.4,,,,,
고효준,2022,2022-05-11,삼성,140.3,,144.7,,,136.0,,,,,
고효준,2022,2022-05-13,NC,134.9,,142.6,,124.5,132.3,,,132.5,,
고효준,2022,2022-05-15,NC,135.9,,143.0,,123.5,133.8,,,134.0,,
고효준,2022,2022-05-17,두산,136.6,,145.5,,,135.7,133.0,,,,
고효준,2022,2022-05-18,두산,140.0,,145.7,,126.0,136.0,,,134.0,,
고효준,2022,2022-05-22,LG,136.6,,145.0,,,134.4,,,134.0,,
고효준,2022,2022-05-24,롯데,135.5,,144.2,,123.0,134.0,,,131.0,,
고효준,2022,2022-05-26,롯데,134.8,,143.3,,124.0,133.0,,,,,
고효준,2022,2022-05-27,KIA,139.2,,144.7,,,136.5,,,,,
고효준,2022,2022-05-29,KIA,139.9,,145.5,,,135.0,,,,,
고효준,2022,2022-06-01,KT,136.9,,145.2,,125.0,134.4,,,,,
고효준,2022,2022-06-04,LG,140.3,,146.0,,,135.2,,,,,
고효준,2022,2022-06-05,LG,139.6,,145.0,,,134.2,,,,,
고효준,2022,2022-06-08,NC,136.3,,145.5,,,134.6,,,,,
고효준,2022,2022-06-12,한화,136.3,,144.8,,,133.2,,,,,
고효준,2022,2022-06-14,KT,134.6,,144.7,,123.7,135.6,131.0,,,,
고효준,2022,2022-06-16,KT,136.0,,145.6,,124.0,136.2,,,132.0,,
고효준,2022,2022-06-18,롯데,140.2,,145.9,,124.0,135.3,,,,,
고효준,2022,2022-06-21,두산,137.4,,141.2,,,129.8,,,,,
고효준,2022,2022-08-18,LG,140.3,,145.5,,,135.7,,,,,
고효준,2022,2022-08-26,KT,131.5,,142.2,,122.2,131.9,,,125.5,,
고효준,2022,2022-08-27,롯데,139.7,,146.3,,126.0,135.3,,,,,
고효준,2022,2022-09-01,NC,141.6,,146.6,,,134.7,,,130.0,,
고효준,2022,2022-09-02,NC,143.3,,146.0,,,135.0,,,,,
고효준,2022,2022-09-07,LG,136.1,,145.0,,124.0,133.1,,,,,
고효준,2022,2022-09-08,KIA,137.4,,145.8,,124.0,135.1,,,,,
고효준,2022,2022-09-10,한화,139.7,,145.1,,,134.2,,,,,
고효준,2022,2022-09-15,NC,139.7,,147.5,,124.5,135.5,,,,,
고효준,2022,2022-09-18,두산,139.4,,145.4,,124.0,134.7,,,,,
고효준,2022,2022-09-21,KT,137.2,,142.6,,,131.8,,,,,
고효준,2022,2022-09-24,두산,135.5,,144.6,,120.7,133.5,,,,,
고효준,2022,2022-09-29,키움,141.0,,146.0,,,133.9,,,,,
고효준,2022,2022-09-30,키움,138.0,,145.5,,126.0,135.0,,,,,
고효준,2022,2022-10-01,KIA,139.1,,144.2,,126.0,135.5,,,,,
고효준,2022,2022-10-03,한화,132.4,,144.0,,124.0,132.7,,,,,
고효준,2022,2022-10-05,두산,137.7,,144.8,,124.0,133.7,,,130.0,,
고효준,2022,2022-11-04,키움,143.5,,143.5,,,,,,,,
고효준,2022,2022-11-05,키움,135.6,,143.2,,,131.5,,,,,
고효준,2021,2021-10-17,NC,139.2,,143.1,,124.0,134.0,,,127.0,,
고효준,2021,2021-10-19,키움,140.8,,144.0,,,133.2,,,,,
고효준,2021,2021-10-20,키움,138.9,,142.3,,,128.5,,,,,
고효준,2020,2020-05-13,두산,140.7,,145.5,,126.0,133.5,,,,,
고효준,2020,2020-05-14,두산,136.2,,139.4,,,132.7,,,,,
고효준,2020,2020-05-16,한화,133.8,,140.7,,,123.5,,,,,
고효준,2020,2020-05-17,한화,140.9,,140.9,,,,,,,,
고효준,2020,2020-05-19,KIA,139.9,,142.3,,,131.0,,,,,
고효준,2020,2020-06-03,KIA,141.0,,142.7,,,130.0,,,,,
고효준,2020,2020-06-10,한화,140.9,,143.8,,123.0,135.0,,,,,
고효준,2020,2020-09-11,삼성,139.4,,141.8,,,125.0,,,,,
고효준,2020,2020-09-17,LG,138.8,,143.9,,124.5,130.8,,,,,
고효준,2020,2020-09-18,LG,139.1,,144.5,,,132.0,,,,,
고효준,2020,2020-09-20,NC,136.8,,143.4,,,128.5,,,,,
고효준,2020,2020-09-26,KIA,136.5,,142.8,,122.0,130.8,,,,,
고효준,2020,2020-09-29,LG,138.8,,144.6,,125.0,132.4,,,,,
고효준,2020,2020-10-04,한화,137.1,,142.6,,123.2,131.3,,,,,
고효준,2020,2020-10-08,KT,140.4,,140.4,,,,,,,,
고효준,2020,2020-10-11,삼성,140.0,,140.0,,,,,,,,
고효준,2020,2020-10-15,LG,142.2,,142.2,,,,,,,,
고효준,2020,2020-10-16,NC,138.8,,141.0,,,132.0,,,,,
고효준,2020,2020-10-17,NC,134.6,,141.7,,,129.2,,,,,
고효준,2020,2020-10-18,NC,138.3,,139.6,,,129.0,,,,,
고효준,2020,2020-10-20,두산,136.9,,142.8,,124.0,130.3,,,,,
고효준,2020,2020-10-25,KT,126.7,,140.0,,121.5,126.4,,,,,
고효준,2020,2020-10-28,NC,134.0,,142.0,,123.0,129.7,,,,,
고효준,2020,2020-10-29,NC,136.6,,142.5,,124.3,131.0,,,,,
김명신,2024,2024-03-23,NC,135.6,,140.0,,113.0,,,,127.0,,
김명신,2024,2024-03-24,NC,128.8,,140.5,,112.5,,,,124.0,,
김명신,2024,2024-03-27,KT,126.6,,139.0,,,,,,124.5,,
김명신,2024,2024-03-29,KIA,132.4,,136.6,,,124.2,,,,,
김명신,2024,2024-04-09,한화,129.2,,141.7,,114.4,125.5,,,126.0,,
김명신,2024,2024-04-11,한화,129.3,,140.6,,113.3,128.0,,,124.7,,
김명신,2024,2024-04-13,LG,127.3,,140.5,,114.8,125.0,,,127.0,,
김명신,2024,2024-04-14,LG,131.8,,141.0,,113.5,,,,,,
김명신,2024,2024-04-19,키움,130.9,,141.0,,115.2,128.3,,,129.0,,
김명신,2024,2024-04-23,NC,132.6,,140.2,,114.0,,,,123.8,,
김명신,2024,2024-04-25,NC,131.2,,140.1,,116.0,125.0,,,126.3,,
김명신,2024,2024-04-27,한화,127.5,,138.1,,111.8,124.8,,,123.6,,
김명신,2024,2024-05-01,삼성,132.3,,141.8,,114.8,128.3,,,126.0,,
김명신,2024,2024-05-12,KT,133.8,,142.8,,117.5,129.0,,,132.2,,
김명신,2024,2024-05-14,KIA,132.5,,141.3,,117.0,127.0,,,,,
김명신,2024,2024-05-15,KIA,130.4,,140.8,,115.5,128.0,,,128.3,,
김명신,2024,2024-05-30,KT,131.9,,141.8,,115.9,,,,125.0,,
김명신,2024,2024-06-01,LG,131.9,,141.0,,,124.8,,,127.2,,
김명신,2024,2024-06-08,KIA,131.7,,141.1,,112.6,127.2,118.0,,127.8,,
김명신,2024,2024-06-11,한화,135.2,,142.0,,113.5,130.0,,,129.0,,
김명신,2024,2024-06-13,한화,125.6,,142.0,,114.5,128.5,,,,,
김명신,2024,2024-06-16,키움,131.0,,139.5,,113.5,127.0,,,125.8,,
김명신,2024,2024-06-21,삼성,132.2,,139.8,,112.0,126.9,,,126.0,,
김명신,2024,2024-06-23,삼성,128.8,,140.7,,113.2,128.4,,,125.4,,
김명신,2024,2024-06-26,한화,127.6,,139.3,,113.0,126.7,,,126.0,,
김명신,2024,2024-06-28,SSG,134.4,,142.2,,115.0,131.0,,,128.0,,
김명신,2024,2024-07-11,KT,138.3,,140.6,,,,,,127.0,,
김명신,2024,2024-07-12,삼성,131.2,,142.3,,115.0,128.4,,,126.3,,
김명신,2024,2024-07-16,롯데,127.2,,140.0,,112.0,126.6,,,124.5,,
김명신,2024,2024-07-17,롯데,122.0,,,,116.0,128.0,,,,,
김명신,2024,2024-07-21,LG,127.6,,140.0,,115.0,128.0,,,,,
김명신,2024,2024-07-25,키움,136.8,,141.7,,116.0,131.3,,,129.0,,
김명신,2024,2024-07-28,SSG,129.1,,139.3,,113.0,126.0,,,123.5,,
김명신,2024,2024-08-03,키움,129.7,,141.7,,112.1,128.3,,,126.6,,
김명신,2024,2024-08-29,NC,131.6,,141.5,,111.2,129.2,,,124.6,,
김명신,2023,2023-04-01,롯데,133.2,,142.8,,115.0,129.0,,,129.7,,
김명신,2023,2023-04-05,NC,131.8,,140.8,,114.5,128.8,,,130.4,,
김명신,2023,2023-04-08,KIA,131.0,,136.5,,,123.8,,,126.4,,
김명신,2023,2023-04-13,키움,132.0,,139.9,,112.0,126.4,,,129.7,,
김명신,2023,2023-04-14,LG,135.0,,143.1,,116.0,128.0,,,132.3,,
김명신,2023,2023-04-19,한화,134.5,,140.9,,,129.0,,,127.0,,
김명신,2023,2023-04-21,KT,133.4,,142.0,,,128.0,,,125.7,,
김명신,2023,2023-04-22,KT,131.8,,141.2,,115.5,126.0,,,126.9,,
김명신,2023,2023-04-28,SSG,134.7,,143.9,,,127.8,,,128.7,,
김명신,2023,2023-04-29,SSG,130.4,,141.6,,116.1,124.0,,,127.8,,
김명신,2023,2023-05-03,한화,131.9,,142.8,,116.5,126.3,,,128.2,,
김명신,2023,2023-05-04,한화,134.5,,143.4,,115.0,126.8,,,129.0,,
김명신,2023,2023-05-07,LG,131.8,,142.0,,115.7,125.0,,,126.7,,
김명신,2023,2023-05-10,롯데,131.6,,141.0,,118.0,128.0,,,128.2,,
김명신,2023,2023-05-11,롯데,130.2,,139.2,,116.3,123.1,,,124.9,,
김명신,2023,2023-05-17,키움,130.9,,139.9,,114.5,124.4,,,126.1,,
김명신,2023,2023-05-20,KT,130.7,,142.3,,115.7,125.8,,,126.0,,
김명신,2023,2023-05-21,KT,130.3,,141.7,,116.5,125.0,,,129.0,,
김명신,2023,2023-05-23,삼성,134.2,,141.8,,117.0,127.0,,,128.0,,
김명신,2023,2023-05-24,삼성,133.5,,140.2,,114.0,125.3,,,127.2,,
김명신,2023,2023-05-31,NC,135.6,,142.2,,113.0,125.6,,,129.2,,
김명신,2023,2023-06-04,KT,135.8,,142.0,,116.0,126.8,,,127.7,,
김명신,2023,2023-06-07,한화,130.1,,140.7,,114.7,126.0,,,127.4,,
김명신,2023,2023-06-09,KIA,132.2,,140.7,,114.7,126.5,,,126.3,,
김명신,2023,2023-06-22,SSG,132.2,,141.1,,114.0,124.9,,,126.2,,
김명신,2023,2023-06-23,키움,134.5,,140.7,,115.0,126.0,,,128.0,,
김명신,2023,2023-06-27,NC,134.3,,142.2,,117.0,124.0,,,128.2,,
김명신,2023,2023-06-28,NC,132.8,,141.6,,114.8,126.0,,,128.6,,
김명신,2023,2023-07-01,롯데,135.0,,142.6,,116.0,128.0,,,128.1,,
김명신,2023,2023-07-02,롯데,132.0,,140.7,,117.5,125.0,,,126.4,,
김명신,2023,2023-07-04,삼성,126.0,,134.8,,115.0,124.7,,,121.0,,
김명신,2023,2023-07-05,삼성,134.4,,139.7,,,128.0,,,126.2,,
김명신,2023,2023-07-07,키움,135.5,,142.1,,,128.0,,,129.2,,
김명신,2023,2023-07-08,키움,133.8,,142.2,,,128.0,,,126.0,,
김명신,2023,2023-07-12,SSG,137.4,,143.0,,,,,,128.0,,
김명신,2023,2023-07-21,KIA,134.0,,143.3,,113.7,,,,128.2,,
김명신,2023,2023-07-26,롯데,134.6,,142.6,,115.0,126.0,,,126.7,,
김명신,2023,2023-07-29,LG,136.1,,142.2,,117.0,128.0,,,129.3,,
김명신,2023,2023-08-02,한화,134.0,,143.2,,118.0,126.5,,,129.5,,
김명신,2023,2023-08-04,KT,133.6,,142.7,,116.8,128.0,,,127.0,,
김명신,2023,2023-08-05,KT,130.3,,145.0,,116.0,130.0,,,,,
김명신,2023,2023-08-08,삼성,132.7,,140.7,,112.0,128.0,,,126.4,,
김명신,2023,2023-08-09,삼성,135.4,,143.1,,,,,,129.3,,
김명신,2023,2023-08-12,한화,131.5,,143.0,,117.2,,,,129.0,,
김명신,2023,2023-08-13,한화,134.5,,143.1,,118.2,130.0,,,130.5,,
김명신,2023,2023-08-17,KT,128.6,,142.0,,115.7,127.0,,,128.5,,
김명신,2023,2023-08-19,NC,133.6,,143.4,,117.8,129.0,,,129.8,,
김명신,2023,2023-08-20,NC,134.5,,142.6,,114.5,130.5,,,130.2,,
김명신,2023,2023-08-23,키움,133.6,,143.2,,115.5,129.3,,,129.0,,
김명신,2023,2023-08-24,키움,133.6,,142.6,,118.8,130.0,,,129.2,,
김명신,2023,2023-08-27,SSG,130.0,,140.8,,114.7,128.3,,,128.0,,
김명신,2023,2023-08-31,LG,135.1,,144.2,,116.2,,,,129.7,,
김명신,2023,2023-09-03,롯데,129.1,,141.5,,115.4,,,,127.5,,
김명신,2023,2023-09-07,KIA,131.4,,141.0,,114.5,,,,125.3,,
김명신,2023,2023-09-08,삼성,131.7,,141.1,,116.2,125.8,,,125.5,,
김명신,2023,2023-09-12,한화,134.6,,142.6,,116.2,123.0,,,124.0,,
김명신,2023,2023-09-14,SSG,134.3,,143.1,,115.5,,,,127.3,,
김명신,2023,2023-09-15,KIA,130.5,,141.7,,115.8,126.0,,,123.2,,
김명신,2023,2023-09-17,KIA,129.5,,142.0,,114.0,131.0,,,124.7,,
김명신,2023,2023-09-21,삼성,136.0,,142.0,,115.5,128.0,,,125.0,,
김명신,2023,2023-09-22,삼성,131.6,,142.2,,116.2,126.5,,,124.5,,
김명신,2023,2023-09-24,NC,133.7,,142.6,,117.4,128.8,,,127.0,,
김명신,2023,2023-09-27,SSG,133.2,,143.4,,116.8,128.2,,,127.8,,
김명신,2023,2023-09-30,LG,133.3,,142.7,,115.7,127.6,,,129.0,,
김명신,2023,2023-10-03,키움,129.8,,143.8,,115.3,,,,126.8,,
김명신,2023,2023-10-08,롯데,134.0,,142.8,,115.8,127.7,,,126.0,,
김명신,2023,2023-10-10,KT,133.9,,143.0,,121.5,131.6,,,127.0,,
김명신,2023,2023-10-13,KIA,132.1,,143.5,,116.5,129.0,,,129.5,,
김명신,2023,2023-10-14,LG,137.3,,140.8,,,125.0,,,128.0,,
김명신,2023,2023-10-16,SSG,133.0,,141.8,,,127.2,,,128.0,,
김명신,2023,2023-10-19,NC,134.3,,142.2,,113.0,125.5,,,126.0,,
김명신,2022,2022-04-05,삼성,135.5,,140.2,,,127.0,,,129.0,,
김명신,2022,2022-04-06,삼성,132.9,,139.9,,114.0,127.5,,,129.5,,
김명신,2022,2022-04-10,롯데,124.0,,,,,,,,124.0,,
김명신,2022,2022-04-17,키움,132.9,,138.4,,112.0,126.9,,,126.7,,
김명신,2022,2022-04-22,LG,133.1,,139.3,,117.0,128.7,,,,,
김명신,2022,2022-04-24,LG,132.0,,,,,132.0,,,,,
김명신,2022,2022-04-26,NC,132.4,,140.7,,,128.0,,,128.4,,
김명신,2022,2022-04-28,NC,134.1,,138.7,,,128.0,,,128.1,,
김명신,2022,2022-04-29,SSG,132.9,,137.8,,,127.7,,,127.0,,
김명신,2022,2022-05-05,LG,133.5,,140.1,,112.5,128.2,,,129.2,,
김명신,2022,2022-05-07,KT,133.5,,139.8,,113.0,127.5,,,128.9,,
김명신,2022,2022-05-08,KT,131.1,,138.8,,111.0,127.8,,,128.5,,
김명신,2022,2022-05-12,키움,130.2,,138.0,,,130.0,,,128.2,,
김명신,2022,2022-05-14,삼성,132.3,,137.5,,,124.6,,,126.4,,
김명신,2022,2022-05-17,SSG,138.3,,140.7,,,131.5,,,131.5,,
김명신,2022,2022-05-18,SSG,133.0,,141.0,,,132.0,,,130.8,,
김명신,2022,2022-05-21,롯데,133.3,,139.7,,,130.0,,,129.2,,
김명신,2022,2022-05-22,롯데,136.1,,139.4,,,,,,130.2,,
김명신,2022,2022-05-26,한화,131.2,,139.6,,110.0,127.9,,,129.1,,
김명신,2022,2022-05-27,NC,134.9,,140.5,,,130.0,,,130.0,,
김명신,2022,2022-05-29,NC,132.6,,139.0,,,131.0,,,128.9,,
김명신,2022,2022-05-31,KIA,133.3,,139.8,,,130.0,,,130.0,,
김명신,2022,2022-06-01,KIA,132.2,,140.2,,118.5,129.3,,,128.8,,
김명신,2022,2022-06-04,삼성,136.2,,141.9,,,131.2,,,131.0,,
김명신,2022,2022-06-08,한화,133.6,,139.7,,,128.7,,,130.0,,
김명신,2022,2022-06-09,한화,133.6,,139.0,,,127.2,,,128.4,,
김명신,2022,2022-06-11,LG,136.7,,141.6,,,128.0,,,132.0,,
김명신,2022,2022-06-17,KT,135.6,,142.4,,116.0,131.4,,,131.6,,
김명신,2022,2022-06-22,SSG,133.9,,141.0,,,127.0,,,131.3,,
김명신,2022,2022-06-24,KIA,133.3,,141.3,,,123.5,,,131.7,,
김명신,2022,2022-06-25,KIA,133.4,,140.1,,116.0,126.6,,,129.2,,
김명신,2022,2022-06-30,롯데,132.5,,139.2,,109.0,129.3,,,128.0,,
김명신,2022,2022-07-01,KT,136.5,,141.9,,113.0,131.0,,,130.2,,
김명신,2022,2022-07-03,KT,132.5,,141.1,,113.5,126.0,,,130.0,,
김명신,2022,2022-07-05,키움,134.3,,142.0,,,,,,130.5,,
김명신,2022,2022-07-08,LG,131.3,,140.6,,112.0,121.0,,,128.7,,
김명신,2022,2022-07-12,NC,133.9,,141.1,,,127.0,,,128.0,,
김명신,2022,2022-07-13,NC,132.2,,139.2,,,126.5,,,128.0,,
김명신,2022,2022-07-22,SSG,134.5,,142.5,,,129.0,,,129.8,,
김명신,2022,2022-07-24,SSG,135.3,,142.7,,114.0,128.5,,,129.3,,
김명신,2022,2022-07-28,롯데,138.5,,143.2,,,132.0,,,130.9,,
김명신,2022,2022-07-29,한화,133.5,,141.5,,,129.0,,,129.7,,
김명신,2022,2022-08-05,KIA,132.0,,141.2,,117.0,127.0,,,130.0,,
김명신,2022,2022-08-07,KIA,134.6,,141.3,,,124.5,,,,,
김명신,2022,2022-08-11,NC,136.4,,142.3,,,131.4,,,132.3,,
김명신,2022,2022-08-13,SSG,134.2,,141.4,,114.7,130.0,,,130.1,,
김명신,2022,2022-08-14,SSG,136.5,,141.6,,119.0,,,,130.8,,
김명신,2022,2022-08-17,롯데,132.1,,139.7,,111.0,127.5,,,127.5,,
김명신,2022,2022-08-20,LG,137.3,,142.4,,,,,,132.2,,
김명신,2022,2022-08-23,KT,135.4,,142.9,,115.3,129.0,,,132.9,,
김명신,2022,2022-08-25,한화,133.7,,139.0,,,127.0,,,128.6,,
김명신,2022,2022-08-28,KIA,136.4,,140.5,,,,,,130.0,,
김명신,2022,2022-08-31,KT,131.5,,138.8,,113.0,127.0,,,127.7,,
김명신,2022,2022-09-01,롯데,135.4,,141.7,,118.0,,,,132.6,,
김명신,2022,2022-09-03,삼성,135.7,,141.8,,114.0,130.0,,,131.4,,
김명신,2022,2022-09-06,NC,135.6,,142.0,,,,,,131.3,,
김명신,2022,2022-09-08,한화,133.6,,141.1,,114.0,127.7,,,129.8,,
김명신,2022,2022-09-09,한화,132.7,,142.0,,,128.3,,,130.0,,
김명신,2022,2022-09-11,KIA,135.2,,142.5,,112.0,127.2,,,132.0,,
김명신,2022,2022-09-16,삼성,132.2,,141.0,,115.8,127.8,,,129.8,,
김명신,2022,2022-09-18,SSG,135.9,,140.4,,,122.0,,,127.0,,
김명신,2022,2022-09-20,NC,138.5,,142.8,,,128.2,,,132.2,,
김명신,2022,2022-09-22,키움,135.2,,140.8,,114.0,127.7,,,129.4,,
김명신,2022,2022-09-29,한화,135.6,,142.1,,117.0,127.0,,,131.3,,
김명신,2022,2022-10-03,롯데,134.7,,142.0,,,128.0,,,130.0,,
김명신,2022,2022-10-06,삼성,135.0,,142.1,,118.0,130.0,,,131.3,,
김명신,2022,2022-10-07,삼성,134.5,,140.3,,,127.0,,,128.7,,
김명신,2022,2022-10-08,키움,133.9,,141.8,,116.0,127.2,,,131.2,,
김명신,2021,2021-04-08,삼성,129.8,,140.5,,113.0,127.3,124.0,,124.6,,
김명신,2021,2021-04-10,한화,130.3,,139.3,,112.5,127.0,122.5,,,,
김명신,2021,2021-04-13,KT,127.8,,138.0,,109.4,126.0,124.0,,,,
김명신,2021,2021-04-15,KT,129.9,,140.5,,109.7,127.1,,,127.0,,
김명신,2021,2021-04-18,LG,133.1,,141.2,,112.0,127.2,,,125.7,,
김명신,2021,2021-04-21,롯데,133.1,,140.1,,,128.4,,,122.7,,
김명신,2021,2021-04-27,키움,136.3,,141.2,,,128.0,,,125.0,,
김명신,2021,2021-04-28,키움,134.9,,140.9,,,128.7,127.0,,125.7,,
김명신,2021,2021-04-30,SSG,135.1,,141.9,,,127.4,,,127.0,,
김명신,2021,2021-05-01,SSG,134.7,,139.3,,,126.0,,,123.4,,
김명신,2021,2021-05-05,LG,131.6,,138.0,,,124.3,,,123.0,,
김명신,2021,2021-05-09,KIA,135.2,,141.3,,125.0,128.0,,,125.6,,
김명신,2021,2021-05-13,키움,134.3,,142.3,,119.0,128.9,,,131.3,,
김명신,2021,2021-05-21,롯데,133.4,,140.6,,116.5,127.0,,,130.0,,
김명신,2021,2021-05-26,한화,134.5,,140.9,,113.0,124.7,,,129.8,,
김명신,2021,2021-05-28,삼성,135.8,,141.2,,,130.2,,,,,
김명신,2021,2021-05-29,삼성,134.6,,141.6,,,129.4,122.0,,125.3,,
김명신,2021,2021-06-02,NC,130.3,,139.0,,,128.0,,,122.3,,
김명신,2021,2021-06-05,SSG,135.8,,142.6,,,129.5,,,125.0,,
김명신,2021,2021-06-08,롯데,129.8,,142.6,,114.5,130.0,,,128.0,,
김명신,2021,2021-06-09,롯데,131.9,,139.7,,,128.2,,,125.0,,
김명신,2021,2021-06-11,LG,132.1,,140.5,,112.0,128.1,,,123.9,,
김명신,2021,2021-06-13,LG,129.5,,139.6,,113.0,125.5,123.2,,,,
김명신,2021,2021-06-15,삼성,132.5,,140.6,,108.5,129.0,,,125.0,,
김명신,2021,2021-06-19,KT,133.3,,140.1,,,127.3,,,121.8,,
김명신,2021,2021-07-02,KIA,132.8,,142.5,,,128.0,,,,,
김명신,2021,2021-07-06,NC,132.3,,140.9,,114.5,127.5,,,125.3,,
김명신,2021,2021-08-11,삼성,133.0,,139.8,,109.0,127.0,,,123.3,,
김명신,2021,2021-08-13,키움,130.1,,139.4,,110.5,127.0,,,123.3,,
김명신,2021,2021-08-20,한화,133.5,,140.0,,,127.0,,,,,
김명신,2021,2021-08-24,한화,131.8,,138.7,,111.0,126.0,,,122.6,,
김명신,2021,2021-08-28,롯데,131.8,,139.6,,,125.0,,,123.3,,
김명신,2021,2021-08-29,롯데,132.8,,139.7,,104.0,128.7,,,125.0,,
김명신,2021,2021-09-01,KIA,132.1,,138.0,,,125.0,,,122.7,,
김명신,2021,2021-09-04,삼성,134.3,,140.2,,,129.6,,,,,
김명신,2021,2021-09-10,NC,134.4,,141.2,,,128.7,126.5,,124.0,,
김명신,2021,2021-09-12,LG,135.0,,141.2,,,129.5,,,125.0,,
김명신,2021,2021-09-17,SSG,137.7,,144.1,,,129.8,,,124.0,,
김명신,2021,2021-09-21,NC,133.1,,140.0,,,128.0,,,123.3,,
김명신,2021,2021-09-22,NC,133.3,,140.1,,,130.0,,,125.0,,
김명신,2021,2021-09-24,KIA,131.4,,139.3,,110.0,128.0,,,124.6,,
김명신,2021,2021-09-29,KT,130.8,,140.4,,110.0,128.2,,,125.7,,
김명신,2021,2021-09-30,LG,135.2,,141.2,,,128.0,,,128.0,,
김명신,2021,2021-10-03,삼성,133.3,,139.5,,,128.8,,,124.8,,
김명신,2021,2021-10-05,한화,130.7,,138.1,,,126.6,,,124.3,,
김명신,2021,2021-10-06,한화,129.8,,138.5,,113.0,126.7,,,124.3,,
김명신,2021,2021-10-07,롯데,130.9,,138.8,,,126.4,,,123.0,,
김명신,2021,2021-10-10,NC,129.4,,138.0,,111.5,,,,122.0,,
김명신,2021,2021-10-12,KT,130.4,,137.2,,119.3,126.7,,,122.2,,
김명신,2021,2021-10-14,KT,129.2,,138.0,,,127.0,,,122.5,,
김명신,2021,2021-10-16,KIA,132.0,,138.6,,115.0,125.9,,,124.0,,
김명신,2021,2021-10-17,KIA,128.7,,137.8,,123.0,125.0,,,123.0,,
김명신,2021,2021-10-22,SSG,136.3,,140.2,,,,,,126.5,,
김명신,2021,2021-10-23,LG,138.0,,140.2,,,,,,127.0,,
김명신,2021,2021-10-24,LG,131.7,,140.9,,116.0,128.3,,,124.9,,
김명신,2021,2021-10-26,키움,133.9,,140.0,,,128.0,,,124.5,,
김명신,2021,2021-10-27,SSG,131.4,,139.8,,115.0,127.0,,,125.4,,
김명신,2021,2021-10-29,KIA,131.0,,138.8,,115.0,127.6,,,124.4,,
김명신,2021,2021-11-02,키움,132.1,,139.2,,113.0,125.0,,,123.7,,
김명신,2021,2021-11-10,삼성,131.2,,140.1,,113.0,126.8,,,125.3,,
김명신,2021,2021-11-14,KT,134.2,,138.0,,,125.0,,,128.0,,
김명신,2021,2021-11-18,KT,129.7,,137.7,,112.5,127.1,,,122.6,,
김명신,2020,2020-07-18,KIA,134.4,,140.4,,121.0,130.0,,,124.8,,
김명신,2020,2020-07-21,키움,130.9,,139.6,,113.0,128.8,,,123.8,,
김명신,2020,2020-08-29,LG,132.0,,140.4,,,126.8,,,124.0,,
김명신,2020,2020-08-30,LG,129.4,,137.6,,,124.5,,,122.2,,
김명신,2020,2020-09-04,삼성,135.4,,140.6,,113.0,126.0,,,125.5,,
김명신,2020,2020-09-06,SK,134.2,,140.9,,,127.5,,,124.7,,
김명신,2020,2020-09-09,KT,135.4,,139.0,,,127.0,,,123.5,,
김명신,2020,2020-09-12,키움,128.1,,138.7,,,127.0,,,122.0,,
김명신,2020,2020-09-13,키움,129.3,,138.9,,,126.1,,,124.6,,
김명신,2020,2020-09-16,NC,134.9,,142.1,,,130.0,,,128.2,,
김명신,2020,2020-09-18,KT,132.3,,140.0,,,127.0,,,126.7,,
김명신,2020,2020-09-19,LG,130.5,,140.0,,112.0,127.5,,,125.7,,
김명신,2020,2020-09-22,한화,130.4,,137.8,,111.0,123.7,,,133.0,,
김명신,2020,2020-09-23,한화,129.9,,138.3,,121.0,124.0,,,124.8,,
김명신,2020,2020-10-01,한화,128.1,,138.9,,,120.0,,,122.5,,
김명신,2020,2020-10-07,SK,130.2,,137.0,,,123.3,,,122.0,,
김민규,2024,2024-08-07,롯데,132.7,137.0,137.4,,,123.7,131.0,,,,
김민규,2024,2024-08-10,LG,129.9,138.7,,,,122.2,132.0,,,,
김민규,2024,2024-08-15,SSG,137.6,138.1,138.7,,,131.0,,,,,
김민규,2024,2024-09-03,키움,131.8,137.8,,,122.0,123.0,128.3,,,,
김민규,2024,2024-09-06,KT,133.5,137.6,,,,126.3,129.6,,,,
김민규,2024,2024-09-14,LG,134.9,137.0,,,,122.0,,,,,
김민규,2024,2024-09-30,KIA,137.3,139.2,,,,122.5,130.5,,,,
김시훈,2024,2024-03-29,롯데,129.4,,138.2,,114.3,126.7,,,129.5,,
김시훈,2024,2024-04-04,LG,129.4,,139.1,,114.3,128.0,,,128.4,,
김시훈,2024,2024-04-10,KT,131.6,,138.8,,113.5,128.6,,,131.1,,
김시훈,2024,2024-04-16,한화,132.7,,141.4,,116.9,130.5,,,132.5,,133.0
김시훈,2024,2024-04-21,KIA,130.9,,140.3,,114.9,129.5,,,130.1,,
김시훈,2024,2024-04-27,롯데,130.4,,140.5,,115.1,130.3,,,131.2,,
김시훈,2024,2024-05-03,SSG,130.0,,140.0,,115.7,127.8,,,130.8,,
김시훈,2024,2024-05-11,삼성,129.2,,139.6,,114.3,128.6,,,130.1,,
김시훈,2024,2024-05-17,KIA,131.9,,140.4,,115.2,128.9,,,129.8,,
김시훈,2024,2024-05-23,키움,131.3,,140.5,,114.1,129.2,,,129.4,,
김시훈,2024,2024-05-30,KIA,133.4,,140.9,,117.9,129.3,,,130.6,,
김시훈,2024,2024-06-05,두산,131.3,,139.8,,116.5,128.4,,,129.6,,
김시훈,2024,2024-06-11,KT,134.4,,142.0,,118.2,130.8,,,130.6,,132.0
김시훈,2024,2024-06-16,삼성,134.8,,144.1,,116.8,132.6,,,134.8,,
김시훈,2024,2024-06-22,SSG,135.6,,141.2,,117.0,131.3,,,132.0,,
김시훈,2024,2024-06-26,키움,129.2,,141.3,,116.2,132.5,,,131.5,,
김시훈,2024,2024-06-30,LG,139.7,,144.2,,117.0,131.0,,,131.3,,
김시훈,2024,2024-07-21,KT,132.3,,140.6,,114.7,131.5,,,130.4,,
김시훈,2024,2024-07-27,롯데,132.3,,142.5,,116.0,133.4,,,132.6,,
김시훈,2024,2024-08-02,KT,135.8,,142.6,,116.4,132.5,,,132.3,,
김시훈,2024,2024-08-15,SSG,130.7,,140.7,,114.3,133.2,,,132.3,,
김시훈,2024,2024-08-16,삼성,136.0,,142.8,,112.0,135.0,,,134.0,,
김시훈,2024,2024-08-18,삼성,135.1,,144.1,,116.6,137.0,,,135.2,,
김시훈,2024,2024-08-20,한화,129.0,,138.2,,113.8,132.0,,,130.5,,
김시훈,2024,2024-08-21,한화,125.6,,139.2,,112.7,130.3,,,127.4,,
김시훈,2024,2024-08-23,KIA,134.5,,143.1,,113.8,136.3,,,134.7,,
김시훈,2024,2024-08-25,KIA,138.2,,145.2,,116.7,135.0,,,136.3,,
김시훈,2024,2024-08-27,두산,137.4,,143.5,,115.0,136.5,,,137.3,,
김시훈,2024,2024-08-28,두산,135.8,,143.1,,111.0,135.0,,,134.4,,
김시훈,2024,2024-08-31,SSG,134.6,,143.8,,118.0,135.0,,,133.6,,
김시훈,2024,2024-09-01,SSG,133.2,,141.8,,116.0,131.7,,,133.2,,
김시훈,2024,2024-09-03,키움,137.0,,144.0,,118.0,131.0,,,132.0,,
김시훈,2024,2024-09-05,키움,137.8,,143.9,,118.0,134.4,,,132.0,,
김시훈,2024,2024-09-10,KT,136.3,,142.4,,116.0,133.8,,,131.8,,
김시훈,2024,2024-09-15,LG,136.0,,141.8,,,131.0,,,132.4,,
김시훈,2024,2024-09-17,한화,132.2,,143.3,,117.3,136.0,,,134.7,,
김시훈,2024,2024-09-18,한화,131.2,,142.3,,114.5,132.0,,,131.0,,
김시훈,2024,2024-09-28,두산,134.6,,144.8,,119.0,,,,132.8,,
김시훈,2024,2024-10-01,롯데,132.4,,143.0,,118.0,132.3,,,131.8,,
김시훈,2023,2023-04-04,두산,133.8,,143.7,,118.0,134.0,,,134.2,,
김시훈,2023,2023-04-08,키움,132.1,,146.0,,119.4,134.8,,,137.0,,
김시훈,2023,2023-04-11,KT,134.9,,146.6,,121.0,136.7,,,,,
김시훈,2023,2023-04-13,KT,135.0,,144.0,,118.2,135.5,,,135.2,,
김시훈,2023,2023-04-18,LG,139.2,,144.6,,119.0,136.3,,,135.0,,
김시훈,2023,2023-04-21,롯데,142.4,,143.5,,,138.0,,,,,
김시훈,2023,2023-04-22,롯데,136.3,,142.7,,,133.4,,,131.9,,
김시훈,2023,2023-04-25,KIA,137.3,,146.0,,123.0,,,,134.0,,
김시훈,2023,2023-04-27,KIA,134.8,,145.5,,121.5,137.5,,,,,
김시훈,2023,2023-04-28,한화,133.5,,144.1,,118.5,135.5,,,133.7,,
김시훈,2023,2023-04-30,한화,135.2,,143.7,,119.5,140.0,,,137.0,,
김시훈,2023,2023-05-03,LG,137.0,,147.2,,121.0,140.0,,,138.0,,
김시훈,2023,2023-05-11,KT,134.7,,140.7,,120.0,134.5,,,128.5,,
김시훈,2023,2023-05-12,키움,133.7,,144.3,,119.7,134.4,,,137.0,,
김시훈,2023,2023-05-14,키움,138.9,,144.1,,119.5,135.5,,,134.0,,
김시훈,2023,2023-05-16,SSG,137.1,,143.9,,115.5,135.0,,,135.6,,
김시훈,2023,2023-05-21,삼성,136.4,,140.7,,121.0,135.0,,,134.7,,
김시훈,2023,2023-05-24,롯데,135.1,,143.5,,117.8,133.5,,,136.5,,
김시훈,2023,2023-05-27,한화,135.0,,145.1,,117.8,134.2,,,137.0,,
김시훈,2023,2023-05-30,두산,139.4,,147.8,,122.0,141.0,,,,,
김시훈,2023,2023-06-04,LG,135.1,,143.2,,120.2,135.0,,,134.0,,
김시훈,2023,2023-06-07,삼성,137.8,,144.5,,120.7,137.0,,,,,
김시훈,2023,2023-06-09,SSG,137.0,,145.8,,118.0,135.5,,,135.5,,
김시훈,2023,2023-06-11,SSG,139.5,,148.4,,117.5,136.3,,,135.2,,
김시훈,2023,2023-06-14,두산,137.5,,146.3,,121.3,133.8,,,137.0,,
김시훈,2023,2023-06-16,KIA,134.9,,143.5,,114.0,130.3,,,135.0,,
김시훈,2023,2023-06-18,KIA,134.6,,145.8,,119.8,137.3,,,138.0,,
김시훈,2023,2023-06-20,LG,133.0,,143.8,,120.0,134.8,,,133.6,,
김시훈,2023,2023-06-21,LG,139.0,,144.8,,119.0,,,,137.0,,
김시훈,2023,2023-06-24,한화,132.6,,144.8,,119.4,137.0,,,137.3,,
김시훈,2023,2023-06-28,두산,133.9,,145.2,,119.3,134.2,,,132.7,,
김시훈,2023,2023-06-30,KT,135.2,,144.5,,118.8,138.0,,,136.1,,
김시훈,2023,2023-07-01,KT,135.1,,146.3,,119.8,137.0,,,137.4,,
김시훈,2023,2023-07-05,키움,136.7,,145.3,,118.0,134.0,,,135.0,,
김시훈,2023,2023-07-06,키움,134.1,,146.0,,115.5,,,,136.0,,
김시훈,2023,2023-07-12,롯데,134.3,,144.1,,120.6,134.2,,,134.5,,
김시훈,2023,2023-07-22,한화,134.5,,141.0,,118.0,,,,133.4,,
김시훈,2023,2023-07-28,KT,133.9,,144.2,,120.3,,,,133.8,,
김시훈,2023,2023-07-30,KT,131.3,,142.5,,119.6,131.7,,,132.5,,
김시훈,2023,2023-08-02,롯데,132.1,,142.2,,116.7,,,,133.3,,
김시훈,2023,2023-08-04,키움,131.6,,144.4,,118.8,,,,134.2,,
김시훈,2023,2023-08-06,키움,137.1,,144.1,,119.5,136.0,,,134.3,,
김시훈,2023,2023-08-09,SSG,131.6,,145.5,,116.7,,,,134.5,,
김시훈,2023,2023-08-11,KT,131.6,,139.8,,114.5,,,,130.1,,
김시훈,2023,2023-08-15,한화,133.0,,142.0,,117.3,,,,133.5,,
김시훈,2023,2023-08-16,한화,131.1,,141.4,,114.3,130.0,,,131.0,,
김시훈,2023,2023-08-20,두산,138.3,,142.7,,,131.0,,,132.2,,
김시훈,2023,2023-09-02,삼성,134.2,,142.5,,120.0,,,,133.6,,
김시훈,2023,2023-09-06,키움,138.4,,144.4,,118.0,136.5,,,137.5,,
김시훈,2023,2023-09-07,키움,135.0,,141.9,,117.0,,,,134.7,,
김시훈,2023,2023-09-09,롯데,136.3,,143.2,,118.0,133.9,,,134.6,,
김시훈,2023,2023-09-13,KT,137.3,,141.9,,117.5,133.0,,,134.0,,
김시훈,2023,2023-09-22,LG,131.2,,140.2,,116.0,134.7,,,130.5,,
김시훈,2023,2023-09-23,두산,136.8,,142.0,,,,,,131.7,,
김시훈,2023,2023-09-24,두산,133.3,,140.7,,114.0,132.0,,,133.8,,
김시훈,2023,2023-09-27,KIA,135.3,,140.1,,114.5,,,,132.0,,
김시훈,2023,2023-10-08,SSG,132.7,,143.2,,116.0,,,,138.0,,
김시훈,2023,2023-10-09,한화,137.8,,144.4,,121.0,129.0,,,136.3,,
김시훈,2023,2023-10-12,두산,130.6,,142.2,,115.0,,,,,,
김시훈,2023,2023-10-16,KIA,133.7,,142.0,,117.0,131.5,,,132.8,,
김시훈,2023,2023-10-30,KT,130.7,,139.6,,115.6,134.0,,,130.8,,
김시훈,2023,2023-11-03,KT,141.5,,144.9,,119.0,134.0,,,,,
김시훈,2022,2022-04-03,SSG,138.3,,147.7,,118.0,136.5,,,140.2,,
김시훈,2022,2022-04-05,롯데,138.3,,148.5,,117.5,,,,140.0,,
김시훈,2022,2022-04-06,롯데,144.9,,148.9,,123.0,,,,139.0,,
김시훈,2022,2022-04-10,LG,139.2,,148.2,,121.6,137.0,,,139.2,,
김시훈,2022,2022-04-13,키움,142.0,,148.6,,120.8,138.5,,,,,
김시훈,2022,2022-04-15,KIA,138.7,,148.8,,121.2,136.6,,,,,
김시훈,2022,2022-04-17,KIA,135.7,,146.8,,120.3,133.3,,,137.7,,
김시훈,2022,2022-04-19,삼성,138.6,,148.9,,120.5,136.2,,,139.0,,
김시훈,2022,2022-04-22,KT,140.9,,149.1,,121.1,135.9,,,138.5,,
김시훈,2022,2022-04-28,두산,134.7,,145.7,,118.6,130.9,,,136.8,,
김시훈,2022,2022-05-04,삼성,134.1,,143.9,,118.3,133.2,,,136.2,,
김시훈,2022,2022-05-10,롯데,134.8,,145.1,,119.0,133.8,,,134.1,,
김시훈,2022,2022-05-15,SSG,138.1,,146.1,,119.5,133.1,,,132.9,,
김시훈,2022,2022-05-21,KIA,137.1,,147.6,,120.4,135.1,,,136.1,,
김시훈,2022,2022-05-27,두산,138.0,,146.9,,121.2,134.2,,,136.2,,
김시훈,2022,2022-06-02,한화,134.9,,144.9,,119.1,135.7,,,132.2,,
김시훈,2022,2022-06-08,SSG,138.5,,147.6,,120.8,138.6,,,136.0,,
김시훈,2022,2022-06-09,SSG,133.3,,147.3,,118.2,137.5,,,137.0,,
김시훈,2022,2022-06-11,삼성,141.2,,145.2,,121.0,,,,,,
김시훈,2022,2022-06-15,KIA,136.2,,146.1,,119.5,136.7,,,,,
김시훈,2022,2022-06-16,KIA,130.2,,147.3,,117.2,,,,130.3,,
김시훈,2022,2022-06-18,한화,136.1,,148.5,,120.9,136.4,,,141.0,,
김시훈,2022,2022-06-22,KT,142.6,,147.1,,125.0,136.0,,,139.0,,
김시훈,2022,2022-06-26,SSG,139.8,,146.2,,121.0,137.8,,,135.0,,
김시훈,2022,2022-06-28,LG,137.3,,146.7,,122.5,138.5,,,,,
김시훈,2022,2022-07-03,삼성,138.6,,147.5,,119.7,140.0,,,138.5,,
김시훈,2022,2022-07-05,한화,144.5,,149.7,,120.5,141.0,,,140.0,,
김시훈,2022,2022-07-07,한화,133.9,,147.1,,118.6,135.7,,,135.5,,
김시훈,2022,2022-07-10,키움,133.9,,148.1,,119.6,137.7,,,141.0,,
김시훈,2022,2022-07-12,두산,141.1,,146.8,,,138.4,,,136.0,,
김시훈,2022,2022-07-13,두산,133.4,,145.3,,119.0,133.0,,,133.7,,
김시훈,2022,2022-07-26,KIA,140.1,,147.0,,117.5,137.0,,,,,
김시훈,2022,2022-07-28,KIA,137.7,,146.5,,120.4,138.0,,,136.0,,
김시훈,2022,2022-07-30,키움,140.5,,148.2,,121.5,139.3,,,137.7,,
김시훈,2022,2022-08-06,롯데,141.8,,147.4,,122.0,137.6,,,131.0,,
김시훈,2022,2022-08-10,두산,140.6,,145.9,,115.0,,,,135.0,,
김시훈,2022,2022-08-11,두산,140.0,,146.0,,,137.7,,,135.0,,
김시훈,2022,2022-08-17,한화,131.9,,146.0,,118.7,135.5,,,136.0,,
김시훈,2022,2022-08-18,KIA,141.0,,145.6,,118.0,135.8,,,136.0,,
김시훈,2022,2022-08-21,삼성,135.4,,145.5,,118.0,134.0,,,,,
김시훈,2022,2022-08-25,키움,139.5,,146.9,,120.0,137.0,,,134.9,,
김시훈,2022,2022-08-27,KT,141.9,,146.7,,119.0,,,,136.0,,
김시훈,2022,2022-08-28,KT,139.9,,146.1,,120.7,136.0,,,135.0,,
김시훈,2022,2022-09-01,SSG,138.1,,148.5,,121.5,140.0,,,140.8,,
김시훈,2022,2022-09-06,두산,134.6,,146.0,,117.5,,,,,,
김시훈,2022,2022-09-08,KT,141.0,,148.2,,120.5,137.0,,,139.3,,
김시훈,2022,2022-09-10,롯데,141.1,,147.0,,120.5,137.5,,,139.8,,
김시훈,2022,2022-09-11,롯데,134.2,,144.2,,120.2,131.0,,,134.0,,
김시훈,2022,2022-09-14,삼성,139.1,,148.1,,123.8,138.7,,,,,
김시훈,2022,2022-09-18,키움,138.1,,147.1,,122.0,134.5,,,,,
김시훈,2022,2022-09-21,두산,138.4,,147.5,,122.0,138.0,,,136.0,,
김시훈,2022,2022-09-22,KIA,138.9,,144.9,,122.0,131.5,,,140.0,,
김시훈,2022,2022-09-27,키움,138.1,,146.8,,119.0,132.5,,,138.0,,
김시훈,2022,2022-09-30,LG,140.1,,147.9,,121.0,136.0,,,136.2,,
김시훈,2022,2022-10-01,LG,142.3,,146.1,,118.0,136.0,,,,,
김시훈,2022,2022-10-02,LG,142.2,,146.5,,120.0,136.7,,,137.5,,
김시훈,2022,2022-10-05,롯데,134.6,,146.1,,119.3,,,,,,
김시훈,2022,2022-10-07,LG,140.3,,146.6,,121.0,134.0,,,134.0,,
김시훈,2022,2022-10-08,한화,136.7,,145.9,,121.2,134.0,,,136.0,,
김영규,2024,2024-04-13,삼성,138.5,,143.1,,123.0,132.8,,,126.0,,
김영규,2024,2024-04-16,한화,139.4,,143.7,,,134.0,,,129.0,,
김영규,2024,2024-04-19,KIA,136.4,,144.8,,,133.6,,,130.0,,
김영규,2024,2024-04-21,KIA,138.8,,143.6,,,132.5,,,135.0,,
김영규,2024,2024-04-24,두산,138.9,,143.3,,,132.2,,,,,
김영규,2024,2024-04-27,롯데,134.6,,142.0,,,131.6,,,,,
김영규,2024,2024-04-28,롯데,139.6,,144.3,,,133.2,,,132.0,,
김영규,2024,2024-05-02,LG,137.4,,145.5,,,133.4,,,133.4,,
김영규,2024,2024-05-04,SSG,136.5,,145.0,,125.0,134.0,,,134.5,,
김영규,2024,2024-05-08,KT,133.0,,140.5,,,130.2,,,128.7,,
김영규,2024,2024-05-11,삼성,135.4,,145.2,,,133.0,,,133.2,,
김영규,2024,2024-05-12,삼성,133.5,,142.0,,,130.7,,,,,
김영규,2024,2024-05-14,한화,135.2,,141.2,,,132.1,,,,,
김영규,2024,2024-05-16,한화,130.7,,139.0,,,126.5,,,,,
김영규,2024,2024-05-17,KIA,137.5,,144.3,,,133.5,,,134.8,,
김영규,2024,2024-05-19,KIA,140.9,,143.8,,,134.8,,,133.0,,
김영규,2024,2024-05-21,키움,140.4,,145.4,,,134.7,,,135.0,,
김영규,2024,2024-05-22,키움,140.5,,145.6,,,135.4,,,,,
김영규,2024,2024-05-26,LG,138.3,,143.0,,,135.9,,,133.0,,
김영규,2024,2024-05-29,KIA,141.9,,144.8,,,138.0,,,,,
김영규,2024,2024-06-01,롯데,139.0,,145.0,,,133.7,,,137.0,,
김영규,2024,2024-06-05,두산,139.0,,145.5,,,135.5,,,132.5,,
김영규,2024,2024-06-07,한화,137.9,,142.5,,,132.6,,,134.3,,
김영규,2024,2024-06-08,한화,139.2,,144.4,,,134.0,,,,,
김영규,2024,2024-06-11,KT,138.7,,144.8,,,134.4,,,129.0,,
김영규,2024,2024-06-13,KT,136.5,,146.0,,,134.4,,,,,
김영규,2024,2024-06-15,삼성,140.9,,145.2,,,135.1,,,138.0,,
김영규,2024,2024-06-16,삼성,137.4,,144.8,,,134.9,,,131.8,,
김영규,2024,2024-06-19,두산,137.1,,144.0,,,133.1,,,131.2,,
김영규,2024,2024-06-21,SSG,137.3,,144.6,,,132.0,,,,,
김영규,2024,2024-06-23,SSG,133.2,,143.7,,,132.2,,,129.7,,
김영규,2024,2024-06-25,키움,140.5,,144.9,,,134.1,,,,,
김영규,2024,2024-06-27,키움,138.2,,142.9,,,134.0,,,,,
김영규,2024,2024-06-28,LG,137.6,,143.0,,,132.2,,,132.5,,
김영규,2024,2024-07-03,SSG,139.6,,145.1,,,136.0,,,133.7,,
김영규,2024,2024-07-04,SSG,142.2,,144.9,,,136.0,,,130.0,,
김영규,2024,2024-07-11,삼성,135.9,,142.5,,,132.5,,,131.0,,
김영규,2024,2024-07-18,한화,139.5,,144.9,,,134.1,,,,,
김영규,2024,2024-07-21,KT,137.8,,142.9,,,131.2,,,133.2,,
김영규,2024,2024-07-25,KIA,138.1,,142.5,,,133.4,,,133.3,,
김영규,2024,2024-08-01,키움,137.9,,143.4,,,134.6,,,133.5,,
김영규,2024,2024-08-02,KT,134.7,,143.0,,,131.6,,,129.5,,
김영규,2023,2023-04-04,두산,142.6,,147.0,,,137.0,,,139.0,,
김영규,2023,2023-04-08,키움,144.4,,146.7,,,136.5,,,140.0,,
김영규,2023,2023-04-09,키움,138.4,,143.0,,,134.0,,,133.7,,
김영규,2023,2023-04-12,KT,138.6,,144.5,,,135.3,,,133.6,,
김영규,2023,2023-04-14,SSG,140.1,,145.8,,,136.4,,,137.3,,
김영규,2023,2023-04-16,SSG,138.7,,144.7,,,134.9,,,135.0,,
김영규,2023,2023-04-18,LG,140.3,,145.0,,,135.6,,,,,
김영규,2023,2023-04-19,LG,139.1,,145.3,,,134.6,,,136.7,,
김영규,2023,2023-04-21,롯데,139.5,,144.8,,,135.8,,,135.3,,
김영규,2023,2023-04-27,KIA,138.5,,143.2,,,133.0,,,132.0,,
김영규,2023,2023-04-28,한화,140.3,,144.2,,,133.0,,,135.0,,
김영규,2023,2023-04-29,한화,136.0,,144.5,,,133.0,,,132.5,,
김영규,2023,2023-05-02,LG,139.7,,144.8,,,134.9,,,139.5,,
김영규,2023,2023-05-12,키움,137.0,,141.7,,,133.7,,,135.0,,
김영규,2023,2023-05-14,키움,140.9,,144.0,,,134.0,,,135.0,,
김영규,2023,2023-05-16,SSG,139.3,,145.2,,,136.8,,,136.8,,
김영규,2023,2023-05-17,SSG,140.3,,144.1,,,135.4,,,136.2,,
김영규,2023,2023-05-31,두산,141.1,,144.3,,,135.5,,,,,
김영규,2023,2023-06-03,LG,139.0,,142.5,,,133.9,,,,,
김영규,2023,2023-06-04,LG,137.9,,142.1,,,133.8,,,133.0,,
김영규,2023,2023-06-07,삼성,138.2,,144.8,,,136.2,,,135.2,,
김영규,2023,2023-06-08,삼성,139.1,,146.5,,,136.6,,,134.8,,
김영규,2023,2023-06-11,SSG,140.2,,145.2,,126.0,136.3,,,137.8,,
김영규,2023,2023-06-14,두산,140.0,,143.7,,,,,,137.2,,
김영규,2023,2023-06-16,KIA,141.3,,144.3,,,136.2,,,,,
김영규,2023,2023-06-17,KIA,138.8,,145.0,,,135.9,,,133.5,,
김영규,2023,2023-06-20,LG,142.6,,146.2,,,137.6,,,138.0,,
김영규,2023,2023-06-21,LG,141.7,,144.7,,,138.7,,,,,
김영규,2023,2023-06-28,두산,140.3,,145.5,,,135.0,,,,,
김영규,2023,2023-07-01,KT,140.3,,144.8,,,137.0,,,137.5,,
김영규,2023,2023-07-02,KT,137.8,,146.0,,,134.5,,,132.4,,
김영규,2023,2023-07-04,키움,138.9,,144.4,,,135.5,,,,,
김영규,2023,2023-07-06,키움,137.6,,142.8,,,135.0,,,132.5,,
김영규,2023,2023-07-12,롯데,137.4,,143.5,,,135.0,,,130.0,,
김영규,2023,2023-07-13,롯데,140.2,,145.8,,,134.0,,,135.5,,
김영규,2023,2023-07-21,한화,139.2,,143.5,,,132.8,,,,,
김영규,2023,2023-07-27,KIA,138.8,,149.0,,,135.3,,,,,
김영규,2023,2023-07-28,KT,144.5,,144.5,,,,,,,,
김영규,2023,2023-07-30,KT,139.6,,146.0,,,134.7,,,135.2,,
김영규,2023,2023-08-01,롯데,137.2,,144.0,,,132.7,,,,,
김영규,2023,2023-08-03,롯데,140.8,,146.0,,,133.5,,,130.0,,
김영규,2023,2023-08-04,키움,141.3,,145.8,,,137.1,,,,,
김영규,2023,2023-08-06,키움,142.3,,144.8,,,136.4,,,139.0,,
김영규,2023,2023-08-09,SSG,142.0,,147.2,,132.0,135.7,,,139.8,,
김영규,2023,2023-08-11,KT,139.0,,143.8,,,132.0,,,134.0,,
김영규,2023,2023-08-15,한화,139.8,,145.8,,,135.8,,,,,
김영규,2023,2023-08-16,한화,137.6,,146.0,,,134.2,,,131.1,,
김영규,2023,2023-08-19,두산,140.3,,146.2,,,135.6,,,,,
김영규,2023,2023-08-20,두산,141.9,,147.8,,,137.7,,,133.8,,
김영규,2023,2023-08-26,LG,138.8,,145.2,,,136.3,,,135.3,,
김영규,2023,2023-08-27,LG,139.6,,147.3,,,133.2,,,129.0,,
김영규,2023,2023-09-02,삼성,141.3,,146.7,,,136.7,,,135.0,,
김영규,2023,2023-09-05,키움,142.2,,148.3,,,138.0,,,132.5,,
김영규,2023,2023-09-07,키움,138.5,,145.8,,,134.3,,,,,
김영규,2023,2023-09-09,롯데,141.2,,146.4,,,136.0,,,130.8,,
김영규,2023,2023-09-12,롯데,137.7,,144.6,,,134.4,,,133.0,,
김영규,2023,2023-09-15,삼성,142.3,,145.6,,,135.8,,,,,
김영규,2023,2023-09-19,두산,141.9,,146.0,,,138.0,,,137.0,,
김영규,2023,2023-10-09,한화,139.2,,144.0,,,133.4,,,130.9,,
김영규,2023,2023-10-13,LG,140.4,,142.3,,,129.0,,,,,
김영규,2023,2023-10-15,삼성,134.7,,143.8,,,131.5,,,129.4,,
김영규,2023,2023-10-16,KIA,136.5,,143.8,,,133.0,,,131.0,,
김영규,2023,2023-10-19,두산,137.3,,144.4,,,134.4,,,129.5,,
김영규,2023,2023-10-22,SSG,138.3,,145.1,,,133.3,,,128.5,,
김영규,2023,2023-10-23,SSG,137.3,,145.2,,,133.1,,,130.0,,
김영규,2023,2023-10-25,SSG,137.8,,145.2,,,135.7,,,131.7,,
김영규,2023,2023-10-30,KT,131.8,,140.3,,,129.0,,,127.0,,
김영규,2023,2023-11-02,KT,138.8,,143.6,,,130.7,,,129.0,,
김영규,2023,2023-11-05,KT,138.7,,143.8,,,131.8,,,128.0,,
김영규,2022,2022-04-02,SSG,137.5,,142.2,,,134.7,,,,,
김영규,2022,2022-04-05,롯데,140.3,,143.8,,,135.5,,,132.0,,
김영규,2022,2022-04-07,롯데,139.1,,143.2,,,134.8,,135.0,133.0,,
김영규,2022,2022-04-09,LG,139.7,,144.3,,,135.0,,,,,
김영규,2022,2022-04-10,LG,139.3,,145.0,,,135.7,,,,,
김영규,2022,2022-04-13,키움,138.8,,145.2,,,134.9,,,138.0,,
김영규,2022,2022-04-14,키움,140.8,,145.6,,,136.0,,,133.5,,
김영규,2022,2022-04-17,KIA,139.0,,144.5,,,135.4,,,,,
김영규,2022,2022-04-23,KT,138.2,,143.4,,,133.7,,,132.5,,
김영규,2022,2022-04-24,KT,141.2,,145.5,,,136.0,,,135.0,,
김영규,2022,2022-04-27,두산,138.8,,145.1,,117.0,133.7,,,,,
김영규,2022,2022-04-28,두산,137.7,,144.5,,,134.5,,,132.0,,
김영규,2022,2022-04-30,한화,136.8,,144.8,,,133.2,,,,,
김영규,2022,2022-05-03,삼성,139.4,,144.0,,,133.8,,,,,
김영규,2022,2022-05-04,삼성,135.4,,140.2,,,134.2,,,131.3,,
김영규,2022,2022-05-08,LG,141.2,,145.7,,,136.2,,,,,
김영규,2022,2022-05-11,롯데,141.5,,143.2,,,134.0,,,,,
김영규,2022,2022-05-12,롯데,140.5,,144.2,,,135.4,,,131.0,,
김영규,2022,2022-05-14,SSG,135.4,,142.8,,,132.7,,,,,
김영규,2022,2022-05-15,SSG,136.2,,145.0,,,134.4,,,,,
김영규,2022,2022-05-18,키움,138.2,,145.5,,,133.3,,,,,
김영규,2022,2022-05-20,KIA,137.7,,143.2,,,134.1,,,135.0,,
김영규,2022,2022-05-24,KT,139.1,,146.2,,,134.2,,,135.0,,
김영규,2022,2022-05-25,KT,138.1,,144.7,,,135.2,,,132.0,,
김영규,2022,2022-05-28,두산,138.7,,144.6,,,136.6,,,132.5,,
김영규,2022,2022-05-29,두산,142.8,,144.5,,,137.0,,,,,
김영규,2022,2022-06-01,한화,136.6,,143.9,,,132.7,,,131.5,,
김영규,2022,2022-06-02,한화,137.3,,143.5,,,132.0,,,130.0,,
김영규,2022,2022-06-04,롯데,137.5,,145.0,,,134.2,,,130.5,,
김영규,2022,2022-06-07,SSG,145.1,,146.7,,,136.0,,,,,
김영규,2022,2022-06-08,SSG,139.9,,146.2,,,136.5,,,,,
김영규,2022,2022-06-11,삼성,140.0,,146.0,,,134.0,,,,,
김영규,2022,2022-06-12,삼성,135.1,,140.0,,,133.5,,,,,
김영규,2022,2022-06-16,KIA,139.8,,144.4,,,135.0,,,131.8,,
김영규,2022,2022-06-17,한화,140.4,,145.0,,,134.3,,,,,
김영규,2022,2022-06-22,KT,137.7,,143.2,,,132.2,,,,,
김영규,2022,2022-06-26,SSG,139.9,,145.7,,,136.8,,,130.5,,
김영규,2022,2022-07-05,한화,138.6,,146.3,,,136.3,,,,,
김영규,2022,2022-07-06,한화,138.9,,147.2,,,135.8,,,,,
김영규,2022,2022-07-08,키움,138.1,,145.5,,,133.6,,,,,
김영규,2022,2022-07-10,키움,139.9,,145.3,,,135.8,,,,,
김영규,2022,2022-07-12,두산,139.2,,145.9,,,134.0,,,,,
김영규,2022,2022-07-24,LG,139.5,,142.6,,,135.3,,,131.0,,
김영규,2022,2022-07-27,KIA,138.7,,146.3,,119.0,134.3,,,,,
김영규,2022,2022-07-29,키움,138.5,,143.6,,,135.5,,,,,
김영규,2022,2022-07-30,키움,138.2,,144.2,,,134.9,,,,,
김영규,2022,2022-08-03,KT,137.0,,144.8,,118.0,131.0,,,,,
김영규,2022,2022-08-06,롯데,140.3,,146.0,,,135.8,,,130.0,,
김영규,2022,2022-08-07,롯데,137.4,,143.5,,121.0,134.0,,,135.8,,
김영규,2022,2022-08-11,두산,140.2,,143.8,,,137.8,,,,,
김영규,2022,2022-08-14,LG,138.9,,143.0,,118.0,134.3,,,,,
김영규,2022,2022-08-17,한화,138.6,,143.3,,,133.2,,,132.0,,
김영규,2022,2022-08-18,KIA,143.1,,146.4,,,138.8,,,,,
김영규,2022,2022-08-19,KIA,137.6,,147.0,,120.0,137.4,,,,,
김영규,2022,2022-08-24,롯데,142.1,,144.2,,,137.0,,,,,
김영규,2022,2022-08-25,키움,139.9,,144.5,,,136.0,,,130.8,,
김영규,2022,2022-08-31,LG,140.2,,148.0,,,136.6,,,,,
김영규,2022,2022-09-01,SSG,139.5,,145.3,,,135.0,,,132.3,,
김영규,2022,2022-09-07,두산,139.6,,144.2,,,135.0,,,130.5,,
김영규,2022,2022-09-08,KT,137.2,,143.0,,,136.5,,,130.3,,
김영규,2022,2022-09-11,롯데,140.5,,143.9,,,138.0,,,131.0,,
김영규,2022,2022-09-13,삼성,138.5,,146.5,,,136.7,,,,,
김영규,2022,2022-09-15,SSG,139.7,,144.9,,,137.0,,,129.7,,
김영규,2022,2022-09-18,키움,140.7,,145.0,,,136.4,,,,,
김영규,2022,2022-09-22,KIA,142.3,,145.2,,,139.0,,,132.0,,
김영규,2022,2022-09-24,KIA,138.8,,144.4,,,136.0,,,134.5,,
김영규,2022,2022-09-27,키움,141.0,,144.8,,,136.9,,,131.0,,
김영규,2022,2022-09-30,LG,143.5,,145.5,,,137.0,,,,,
김영규,2022,2022-10-01,LG,140.1,,143.8,,,134.0,,,,,
김영규,2022,2022-10-02,LG,136.0,,,,,136.0,,,,,
김영규,2022,2022-10-06,SSG,139.6,,144.5,,,134.0,,,129.5,,
김영규,2022,2022-10-08,한화,138.3,,143.0,,,136.0,,,,,
김영규,2021,2021-04-08,롯데,133.2,,139.8,,111.0,130.8,,,129.4,,
김영규,2021,2021-04-15,SSG,130.0,,138.6,,,128.0,,,125.7,,
김영규,2021,2021-04-21,KT,131.5,,138.4,,110.0,130.1,,,125.7,,
김영규,2021,2021-04-27,삼성,131.5,,137.8,,,129.5,,,124.4,,
김영규,2021,2021-05-13,한화,133.2,,139.0,,115.0,130.7,,,128.6,,
김영규,2021,2021-05-20,LG,133.3,,138.3,,124.0,128.8,,,124.0,,
김영규,2021,2021-05-30,롯데,134.6,,140.5,,,131.0,,,129.0,,
김영규,2021,2021-06-09,LG,134.2,,138.4,,,130.0,125.0,,,,
김영규,2021,2021-08-11,롯데,133.2,,141.7,,,131.5,,,129.3,,
김영규,2021,2021-08-14,한화,134.0,,140.0,,124.0,129.1,,,128.0,,
김영규,2021,2021-08-20,LG,138.2,,142.0,,,133.8,,,132.0,,
김영규,2021,2021-08-22,LG,134.9,,140.0,,,132.0,,,132.0,,
김영규,2021,2021-08-27,두산,133.4,,139.9,,,130.9,,,130.1,,
김영규,2021,2021-08-29,한화,137.4,,140.6,,,131.8,,,130.0,,
김영규,2021,2021-09-01,SSG,133.9,,140.8,,,131.4,,,131.2,,
김영규,2021,2021-09-05,롯데,134.4,,139.1,,,130.0,,,128.5,,
김영규,2021,2021-09-08,한화,134.7,,140.3,,,130.7,,,131.3,,
김영규,2021,2021-09-11,KIA,135.7,,141.2,,,132.0,,,131.3,,
김영규,2021,2021-09-12,KIA,134.6,,139.9,,,131.5,,,131.3,,
김영규,2021,2021-09-16,LG,132.7,,141.0,,,131.5,,,131.0,,
김영규,2021,2021-09-17,LG,135.9,,141.0,,,133.6,,,131.5,,
김영규,2021,2021-09-19,KT,134.8,,139.6,,,132.5,,,128.3,,
김영규,2021,2021-09-23,키움,137.7,,141.4,,,133.9,,,,,
김영규,2021,2021-09-26,삼성,142.5,,142.5,,,,,,,,
김영규,2021,2021-09-28,KIA,137.3,,141.4,,,133.9,,,132.0,,
김영규,2021,2021-09-30,SSG,137.9,,142.0,,,133.8,,,130.0,,
김영규,2021,2021-10-01,SSG,136.1,,140.9,,,133.8,,,129.0,,
김영규,2021,2021-10-03,롯데,134.7,,139.4,,,133.5,,,130.5,,
김영규,2021,2021-10-06,KT,135.7,,140.8,,,132.0,,,129.0,,
김영규,2021,2021-10-07,삼성,134.0,,139.0,,,133.3,,,,,
김영규,2021,2021-10-13,키움,141.5,,141.5,,,,,,,,
김영규,2021,2021-10-16,LG,133.1,,141.0,,,133.0,,,128.0,,
김영규,2021,2021-10-17,LG,132.6,,138.8,,,131.7,,,127.2,,
김영규,2021,2021-10-22,KIA,133.9,,138.5,,,131.2,,,133.0,,
김영규,2021,2021-10-23,KIA,134.5,,136.8,,,132.0,,,133.0,,
김영규,2021,2021-10-27,KT,137.4,,140.7,,,132.5,,,128.7,,
김영규,2021,2021-10-28,KT,133.6,,139.3,,,129.6,,,131.0,,
김영규,2020,2020-05-10,LG,132.7,,138.6,,,128.9,127.6,,,,
김영규,2020,2020-05-16,SK,132.2,,139.3,,,130.2,127.1,,,,
김영규,2020,2020-05-22,한화,130.7,,137.0,,119.6,128.9,125.7,,,,
김영규,2020,2020-05-28,키움,131.5,,138.7,,116.3,129.9,127.5,,,,
김영규,2020,2020-06-21,한화,136.8,,141.2,,,133.1,132.5,,,,
김영규,2020,2020-06-25,KT,134.5,,138.3,,,130.7,,,,,
김영규,2020,2020-06-27,두산,137.0,,139.7,,,132.6,,,,,
김영규,2020,2020-07-03,KIA,134.7,,138.4,,,129.8,131.5,,,,
김영규,2020,2020-07-09,SK,138.2,,141.7,,,134.2,,,,,
김영규,2020,2020-07-11,LG,135.7,,140.3,,,133.3,130.3,,,,
김영규,2020,2020-08-29,SK,135.8,,140.7,,,132.8,127.5,,,,
김영규,2020,2020-09-03,LG,131.9,131.0,139.0,,118.3,128.0,129.5,,,,
김영규,2020,2020-09-10,KT,131.5,,136.5,,,129.3,127.6,,,,
김영규,2020,2020-09-16,두산,138.3,,141.9,,,132.8,130.7,,,,
김영규,2020,2020-09-22,삼성,132.6,,138.7,,117.0,128.3,128.2,,,,
김영규,2020,2020-09-30,SK,134.2,,139.7,,,130.0,129.9,,,,
김영규,2020,2020-10-06,키움,133.1,,141.1,,118.8,129.9,132.0,,,,
김영규,2020,2020-10-11,LG,133.7,,140.4,,119.5,129.8,129.9,,,,
김영규,2020,2020-10-17,롯데,131.2,,138.9,,111.7,128.0,126.1,,,,
김영규,2020,2020-10-27,삼성,132.7,,139.1,,118.9,128.2,130.2,,,,
김영규,2020,2020-11-20,두산,135.3,,141.7,,,131.7,,,,,
김재열,2024,2024-03-24,두산,131.5,,144.0,,120.6,126.0,,,136.5,,
김재열,2024,2024-03-29,롯데,132.0,,142.5,,122.7,126.2,,,126.0,,
김재열,2024,2024-03-30,롯데,140.8,,144.6,,,128.5,,,135.0,,
김재열,2024,2024-04-02,LG,137.2,,143.7,,,129.0,,,133.6,,
김재열,2024,2024-04-04,LG,134.7,,143.9,,120.0,129.0,,,132.0,,
김재열,2024,2024-04-07,SSG,136.2,,144.9,,120.5,127.0,,,132.9,,
김재열,2024,2024-04-09,KT,136.2,,145.6,,122.0,128.8,,,133.0,,
김재열,2024,2024-04-10,KT,129.3,,145.0,,116.0,127.6,,,132.2,,
김재열,2024,2024-04-12,삼성,131.3,,141.8,,116.0,127.3,,,132.0,,
김재열,2024,2024-04-13,삼성,132.0,,143.0,,,124.2,,,130.0,,
김재열,2024,2024-04-16,한화,132.2,,143.6,,123.5,126.2,,,128.2,,
김재열,2024,2024-04-17,한화,135.4,,144.9,,122.0,125.0,,,132.1,,
김재열,2024,2024-04-21,KIA,134.2,,146.8,,117.7,129.0,,,133.0,,
김재열,2024,2024-04-23,두산,136.0,,143.9,,,126.0,,,131.2,,
김재열,2024,2024-04-27,롯데,138.6,,144.2,,,127.3,,,134.7,,
김재열,2024,2024-04-28,롯데,133.8,,143.8,,,126.0,,,131.8,,
김재열,2024,2024-05-02,LG,133.3,,144.8,,117.5,127.0,,,132.0,,
김재열,2024,2024-05-03,SSG,131.6,,141.0,,,124.1,,,132.5,,
김재열,2024,2024-05-08,KT,129.2,,142.8,,119.0,128.6,,,127.4,,
김재열,2024,2024-05-10,삼성,132.1,,142.5,,122.0,,,,131.8,,
김재열,2024,2024-05-11,삼성,132.1,,142.2,,117.5,126.0,,,130.3,,
김재열,2024,2024-05-14,한화,125.5,,140.3,,120.7,127.0,,,126.5,,
김재열,2024,2024-05-17,KIA,132.1,,141.0,,122.0,,,,127.0,,
김재열,2024,2024-05-21,키움,127.0,,143.0,,122.8,,,,127.5,,
김재열,2024,2024-05-23,키움,132.1,,145.0,,117.0,,,,130.3,,
김재열,2024,2024-05-25,LG,131.8,,140.3,,121.8,130.0,,,130.9,,
김재열,2024,2024-05-26,LG,131.7,,141.8,,123.0,,,,130.7,,
김재열,2024,2024-05-29,KIA,135.3,,146.2,,118.5,123.7,,,131.5,,
김재열,2024,2024-05-31,롯데,133.1,,141.7,,122.2,127.0,,,131.2,,
김재열,2024,2024-06-01,롯데,133.3,,143.5,,123.0,129.4,,,129.7,,
김재열,2024,2024-06-04,두산,130.4,,143.0,,123.3,127.7,,,129.8,,
김재열,2024,2024-06-05,두산,133.9,,143.4,,121.5,127.0,,,131.0,,
김재열,2024,2024-06-07,한화,130.9,,142.3,,118.0,123.0,,,127.5,,
김재열,2024,2024-06-09,한화,131.3,,142.5,,120.0,126.2,,,130.5,,
김재열,2024,2024-06-11,KT,133.7,,145.3,,,125.5,,,133.5,,
김재열,2024,2024-06-14,삼성,130.0,,142.8,,119.5,127.5,,,128.5,,
김재열,2024,2024-06-15,삼성,131.5,,144.7,,121.5,129.2,,,129.8,,
김재열,2024,2024-06-19,두산,131.6,,144.5,,123.5,,,,130.0,,
김재열,2024,2024-06-21,SSG,127.1,,147.0,,114.0,124.7,,,131.0,,
김재열,2024,2024-06-23,SSG,134.6,,142.1,,117.5,128.0,,,129.5,,
김재열,2024,2024-06-25,키움,131.1,,143.6,,119.8,128.0,,,130.7,,
김재열,2024,2024-06-27,키움,135.9,,144.1,,118.7,125.0,,,129.8,,
김재열,2024,2024-06-28,LG,135.4,,143.9,,116.0,123.5,,,130.0,,
김재열,2024,2024-06-30,LG,129.1,,142.0,,121.5,126.0,,,125.5,,
김재열,2024,2024-07-03,SSG,125.7,,,,122.0,126.0,,,129.0,,
김재열,2024,2024-07-04,SSG,129.8,,143.5,,120.4,126.0,,,130.4,,
김재열,2024,2024-07-11,삼성,127.6,,140.3,,119.4,125.7,,,130.3,,
김재열,2024,2024-07-13,키움,129.4,,142.5,,120.5,,,,126.7,,
김재열,2024,2024-07-18,한화,130.4,,145.5,,118.5,124.6,,,130.2,,
김재열,2024,2024-07-25,KIA,132.8,,146.8,,120.5,125.5,,,131.5,,
김재열,2024,2024-07-28,롯데,133.3,,146.4,,120.0,128.0,,,130.3,,
김재열,2024,2024-08-01,키움,134.8,,146.0,,119.5,126.0,,,130.5,,
김재열,2024,2024-08-02,KT,133.6,,145.8,,,125.3,,,131.0,,
김재열,2024,2024-08-04,KT,132.7,,141.6,,120.0,122.0,,,128.5,,
김재열,2024,2024-08-06,롯데,129.4,,142.3,,119.8,125.5,,,130.4,,
김재열,2024,2024-08-17,삼성,133.3,,145.7,,122.0,122.5,,,130.3,,
김재열,2024,2024-08-20,한화,122.8,,,,110.0,,,,127.0,,
김재열,2024,2024-08-24,KIA,133.2,,143.9,,122.1,128.7,,,130.3,,
김재열,2024,2024-08-25,KIA,143.4,,144.7,,,,,,136.0,,
김재열,2024,2024-08-27,두산,135.9,,145.4,,,122.5,,,130.8,,
김재열,2024,2024-08-29,두산,137.9,,144.0,,121.0,,,,129.3,,
김재열,2024,2024-08-31,SSG,139.0,,146.0,,124.0,127.0,,,,,
김재열,2024,2024-09-05,키움,131.3,,143.0,,118.5,126.2,,,129.6,,
김재열,2024,2024-09-11,KT,131.1,,141.8,,116.5,124.5,,,127.3,,
김재열,2024,2024-09-15,LG,130.6,,146.0,,122.5,,,,131.0,,
김재열,2024,2024-09-18,한화,132.4,,142.2,,120.0,124.0,,,128.0,,
김재열,2024,2024-09-19,한화,128.5,,144.0,,121.7,126.2,,,130.0,,
김재열,2024,2024-09-28,두산,132.0,,142.5,,119.0,124.0,,,129.5,,
김재열,2024,2024-10-01,롯데,134.6,,143.7,,119.3,,,,128.7,,
김재열,2023,2023-06-02,롯데,134.7,,142.7,,120.8,125.8,,,135.4,,
김재열,2023,2023-07-05,SSG,144.9,,146.6,,121.0,,,,,,
김재열,2023,2023-07-07,KT,131.0,,141.7,,120.6,125.0,,,131.0,,
김재열,2023,2023-08-16,키움,142.6,,144.9,,122.0,126.0,,,134.0,,
김재열,2023,2023-08-18,삼성,136.6,,141.7,,121.0,126.0,,,133.1,,
김재열,2023,2023-08-20,삼성,139.3,,143.2,,114.0,,,,133.8,,
김재열,2023,2023-08-22,KT,132.8,,141.5,,117.0,,,,131.8,,
김재열,2023,2023-09-15,두산,138.2,,145.0,,128.0,127.5,,,133.6,,
김재열,2023,2023-09-28,NC,138.0,,144.4,,121.7,127.3,,,134.7,,
김재열,2022,2022-04-15,NC,137.7,,146.7,,,124.1,,,,,
김재열,2022,2022-04-16,NC,139.2,,145.9,,,121.3,,,,,
김재열,2022,2022-05-25,삼성,135.1,,141.8,,116.8,121.0,,,,,
김재열,2022,2022-05-27,SSG,136.0,,146.3,,120.5,,,,,,
김재열,2022,2022-05-29,SSG,134.1,,143.4,,117.8,,,,135.0,,
김재열,2022,2022-05-31,두산,145.0,,145.0,,,,,,,,
김재열,2022,2022-06-05,KT,136.6,,142.2,,115.4,,,,,,
김재열,2022,2022-06-08,LG,136.5,,143.2,,117.5,137.0,,,,,
김재열,2022,2022-06-10,키움,138.5,,144.5,,118.3,135.6,,,137.0,,
김재열,2022,2022-06-12,키움,139.5,,146.2,,120.3,134.6,,,,,
김재열,2022,2022-06-15,NC,142.4,,146.3,,118.5,125.0,,,138.0,,
김재열,2022,2022-06-18,삼성,137.2,,143.9,,118.5,,,,133.2,,
김재열,2022,2022-06-19,삼성,137.0,,146.6,,121.6,,,,134.2,,
김재열,2022,2022-06-23,롯데,134.2,,146.6,,120.0,,,,133.8,,
김재열,2022,2022-06-24,두산,140.3,,145.5,,119.0,134.0,,,,,
김재열,2022,2022-06-26,두산,141.1,,144.4,,120.0,131.0,,,135.2,,
김재열,2022,2022-06-28,키움,136.6,,144.8,,117.8,,,,133.0,,
김재열,2022,2022-07-01,SSG,137.1,,143.5,,119.0,,,,132.0,,
김재열,2022,2022-07-02,SSG,129.3,,144.0,,120.0,,,,133.0,,
김재열,2022,2022-07-10,한화,136.8,,146.3,,118.8,,,,138.5,,
김재열,2022,2022-07-12,LG,141.1,,147.0,,123.0,136.0,,,,,
김재열,2022,2022-07-14,LG,138.5,,145.6,,119.8,,,,137.8,,
김재열,2022,2022-07-22,롯데,142.0,,144.8,,,,,,136.5,,
김재열,2022,2022-07-26,NC,143.0,,143.9,,,,,,136.0,,
김재열,2022,2022-07-27,NC,138.3,,143.8,,117.5,,,,134.7,,
김재열,2022,2022-08-12,삼성,132.5,,144.3,,116.7,,,,134.5,,
김재열,2022,2022-08-14,롯데,135.4,,146.0,,120.3,,,,138.0,,
김재열,2022,2022-08-17,SSG,136.1,,144.0,,117.0,,,,135.5,,
김재열,2022,2022-08-19,NC,136.7,,146.3,,118.4,,,,135.4,,
김재열,2022,2022-08-23,키움,141.6,,145.6,,121.5,,,,,,
김재열,2022,2022-08-25,LG,135.0,,147.0,,122.0,,,,137.0,,
김재열,2022,2022-08-26,LG,137.2,,147.6,,122.6,,,,,,
김재열,2022,2022-08-28,두산,132.5,,146.0,,119.0,,,,,,
김재열,2022,2022-08-31,한화,135.0,,144.3,,114.0,,,,128.0,,
김재열,2022,2022-09-02,삼성,140.6,,148.5,,120.7,,,,137.0,,
김재열,2022,2022-09-03,KT,140.7,,146.3,,118.3,,,,,,
김재열,2022,2022-09-06,롯데,138.8,,143.2,,117.0,,,,129.0,,
김재열,2022,2022-09-08,SSG,137.9,,146.9,,119.0,,,,133.0,,
김재열,2022,2022-09-11,두산,132.6,,145.7,,119.0,,,,134.0,,
김재열,2022,2022-09-13,키움,141.3,,146.7,,117.0,,,,133.0,,
김재열,2022,2022-09-15,한화,140.5,,146.3,,119.0,,,,135.2,,
김재열,2022,2022-09-17,삼성,128.6,,140.3,,117.8,,,,131.3,,
김재열,2022,2022-09-18,삼성,133.6,,141.5,,115.2,,,,130.0,,
김재열,2022,2022-09-20,LG,139.7,,145.7,,119.2,,,,131.0,,
김재열,2022,2022-09-23,NC,139.1,,146.2,,122.5,,,,136.0,,
김재열,2022,2022-10-05,LG,137.3,,145.3,,119.0,,,,132.8,,
김재열,2022,2022-10-08,KT,140.0,,144.7,,116.7,,,,,,
김재열,2021,2021-04-08,키움,135.0,,143.7,,119.6,127.1,,,,,
김재열,2021,2021-04-09,NC,136.7,,140.5,,117.2,124.3,,,133.5,,
김재열,2021,2021-05-11,LG,144.2,,146.0,,123.0,,,,,,
김재열,2021,2021-05-13,LG,138.9,,143.7,,122.7,127.3,,,,,
김재열,2021,2021-05-15,NC,137.8,,144.0,,123.0,128.0,,,137.0,,
김재열,2021,2021-05-19,SSG,136.5,,142.6,,119.2,129.9,,,136.5,,
김재열,2021,2021-05-27,키움,138.0,,144.9,,122.7,127.0,,,,,
김재열,2021,2021-05-29,KT,138.0,,146.2,,120.5,126.7,,,,,
김재열,2021,2021-06-16,SSG,138.5,,141.6,,122.2,124.7,,,,,
김재열,2021,2021-06-19,LG,135.0,,146.4,,122.6,,,,,,
김재열,2021,2021-06-22,KT,136.1,,142.5,,120.0,125.7,,,,,
김재열,2021,2021-06-25,키움,135.2,,142.6,,118.0,122.5,,,134.0,,
김재열,2021,2021-06-29,NC,136.6,,145.6,,119.8,127.0,,,,,
김재열,2021,2021-07-09,KT,138.9,,144.5,,121.0,131.0,,,,,
김재열,2021,2021-08-13,SSG,142.7,,145.4,,121.0,127.0,,,,,
김재열,2021,2021-08-15,SSG,143.7,,147.0,,122.0,133.0,,,,,
김재열,2021,2021-08-22,키움,139.4,,145.5,,121.0,132.5,,,136.0,,
김재열,2021,2021-08-24,키움,142.1,,145.2,,122.0,125.0,,,,,
김재열,2021,2021-08-25,롯데,142.3,,145.2,,119.0,,,,,,
김재열,2021,2021-09-01,두산,137.2,,144.3,,119.7,126.2,,133.0,132.0,,
김재열,2021,2021-09-03,삼성,139.4,,143.7,,123.2,135.0,,,,,
김재열,2021,2021-09-10,키움,142.6,,144.0,,,127.0,,,,,
김재열,2021,2021-09-12,NC,142.6,,146.1,,,126.2,,,,,
김재열,2021,2021-09-14,롯데,135.6,,142.0,,120.5,127.0,,,136.0,,
김재열,2020,2020-09-06,한화,134.5,,143.1,,120.6,134.0,,,,,
김재열,2020,2020-09-15,SK,135.6,,144.5,,121.0,130.9,,,136.0,,
김재열,2020,2020-09-17,삼성,134.6,,142.3,,117.8,125.2,,,134.0,,
김재열,2020,2020-09-20,한화,137.5,,142.8,,119.0,126.6,,,,,
김재열,2020,2020-09-23,키움,136.7,,143.2,,120.2,130.8,,,133.0,,
김재열,2020,2020-10-03,두산,141.4,,144.5,,,129.3,,,,,
김재열,2020,2020-10-07,한화,139.6,,145.9,,121.5,132.7,,,,,
김재열,2020,2020-10-11,SK,138.9,,142.0,,120.0,126.5,,,,,
김재열,2020,2020-10-13,NC,140.6,,141.8,,119.0,,,,,,
김재열,2020,2020-10-17,LG,135.3,,144.8,,120.8,125.7,,,,,
김재열,2020,2020-10-23,LG,135.4,,142.1,,118.8,124.6,,,132.0,,
김재열,2020,2020-10-27,KT,134.2,,144.5,,122.3,127.4,,,,,
김재열,2020,2020-10-28,KT,132.3,,141.6,,121.4,125.3,,,,,
김재열,2020,2020-10-31,NC,131.8,,146.0,,122.3,,,,,,
김진호,2024,2024-09-25,SSG,137.1,,141.2,,,,126.4,,,,
김진호,2024,2024-09-30,KIA,138.9,,144.6,,,134.0,130.1,,,,
김진호,2023,2023-04-01,삼성,141.5,,148.1,,,128.0,128.7,,,,
김진호,2023,2023-04-02,삼성,139.1,,147.2,,,126.3,129.5,,,,
김진호,2023,2023-04-04,두산,137.1,,149.0,,,130.0,127.7,,,,
김진호,2023,2023-04-08,키움,146.8,151.3,150.5,,,,133.2,,,,
김진호,2023,2023-04-11,KT,142.3,,149.9,,,,129.5,,,,
김진호,2023,2023-04-12,KT,142.5,,147.6,,,,128.0,,,,
김진호,2023,2023-04-14,SSG,135.8,,147.8,,,,127.1,,,,
김진호,2023,2023-04-16,SSG,143.9,,148.9,,,,128.8,,,,
김진호,2023,2023-04-19,LG,144.3,,148.1,,,,131.0,,,,
김진호,2023,2023-04-21,롯데,144.8,,149.4,,,129.7,,,,,
김진호,2023,2023-04-23,롯데,142.7,,149.4,,,127.0,131.0,,,,
김진호,2023,2023-04-25,KIA,140.9,,147.1,,,,128.4,,,,
김진호,2023,2023-04-28,한화,136.7,,146.5,,,,125.9,,,,
김진호,2023,2023-04-29,한화,137.0,,145.2,,,128.0,128.7,,,,
김진호,2023,2023-05-02,LG,139.5,,147.0,,,,127.0,,,,
김진호,2023,2023-05-10,KT,134.3,,144.7,,,,126.2,,,,
김진호,2023,2023-05-11,KT,137.8,,144.1,,,,126.8,,,,
김진호,2023,2023-05-16,SSG,138.9,,147.3,,,,129.2,,,,
김진호,2023,2023-05-21,삼성,135.9,,146.2,,,,127.1,,,,
김진호,2022,2022-05-07,LG,138.7,,144.1,,,,129.0,,,,
김진호,2022,2022-05-10,롯데,139.1,,143.7,,,,127.9,,,,
김진호,2022,2022-05-15,SSG,134.1,,141.6,,,130.8,125.7,,,,
김진호,2022,2022-05-18,키움,139.4,,144.0,,,132.5,127.7,,,,
김진호,2022,2022-05-21,KIA,132.4,,142.8,,,130.0,126.6,,,,
김진호,2022,2022-05-26,KT,137.8,,145.1,,,133.0,128.9,,,,
김진호,2022,2022-06-01,한화,138.2,,144.0,,,132.0,126.7,,,,
김진호,2022,2022-06-02,한화,140.5,,143.9,,,,127.0,,,,
김진호,2022,2022-06-04,롯데,136.4,,146.0,,,133.0,127.5,,,,
김진호,2022,2022-06-08,SSG,136.8,,144.8,,,131.9,128.4,,,,
김진호,2022,2022-06-10,삼성,142.7,,147.2,,,133.0,132.3,,,,
김진호,2022,2022-06-11,삼성,144.8,,146.5,,,,135.0,,,,
김진호,2022,2022-06-15,KIA,137.4,148.0,146.2,,,132.0,127.5,,,,
김진호,2022,2022-06-17,한화,137.6,,145.0,,,129.5,128.2,,,,
김진호,2022,2022-06-22,KT,133.9,,143.9,,,,125.9,,,,
김진호,2022,2022-06-25,SSG,133.4,,143.1,,,,125.7,,,,
김진호,2022,2022-07-03,삼성,135.0,,145.0,,,132.3,127.6,,,,
김진호,2022,2022-07-06,한화,140.3,,146.5,,,,129.0,,,,
김진호,2022,2022-07-08,키움,136.6,,148.3,,,,130.2,,,,
김진호,2022,2022-07-10,키움,141.5,,148.0,,,134.0,128.8,,,,
김진호,2022,2022-07-12,두산,136.7,,146.0,,,,129.0,,,,
김진호,2022,2022-07-13,두산,142.0,,146.1,,,,131.0,,,,
김진호,2022,2022-07-23,LG,136.5,,145.0,,,,127.1,,,,
김진호,2022,2022-07-26,KIA,137.3,,144.0,,,130.0,129.4,,,,
김진호,2022,2022-07-29,키움,135.6,,146.0,,,,133.0,,,,
김진호,2022,2022-07-30,키움,135.1,,145.0,,,135.0,128.2,,,,
김진호,2022,2022-08-05,롯데,137.4,,145.1,,,129.5,128.0,,,,
김진호,2022,2022-08-12,두산,139.7,,147.1,,,,130.3,,,,
김진호,2022,2022-08-26,키움,139.3,,145.2,,,,130.1,,,,
김진호,2022,2022-09-02,SSG,142.4,,149.0,,,,134.4,,,,
김진호,2022,2022-09-04,한화,140.4,,147.0,,,,129.8,,,,
김진호,2022,2022-09-07,두산,139.1,,144.9,,,132.7,130.5,,,,
김진호,2022,2022-09-13,삼성,143.3,,147.5,,,133.0,128.0,,,,
김진호,2022,2022-09-16,SSG,138.4,,144.1,,,,127.0,,,,
김진호,2022,2022-09-20,두산,139.6,,147.7,,,,129.9,,,,
김진호,2022,2022-09-25,KT,143.4,,147.4,,,,132.7,,,,
김진호,2021,2021-05-09,KT,132.7,,139.4,,116.0,,122.7,,,,
김진호,2020,2020-06-14,키움,129.7,137.8,140.8,,114.1,,119.8,,,,
김진호,2020,2020-06-21,한화,131.1,140.6,140.2,,112.0,,119.8,,,,
김진호,2020,2020-08-28,두산,131.1,140.0,138.8,,119.2,,119.8,,,,
김택연,2024,2024-03-23,NC,143.5,,147.3,,118.0,134.7,,,,,
김택연,2024,2024-03-27,KT,141.2,,146.9,,119.5,132.1,,,,,
김택연,2024,2024-03-29,KIA,144.0,,145.2,,,131.0,,,,,
김택연,2024,2024-04-11,한화,141.8,,147.4,,120.0,134.3,,,,,
김택연,2024,2024-04-13,LG,143.9,,145.5,,,132.0,133.0,,,,
김택연,2024,2024-04-14,LG,143.2,,145.0,,117.0,131.0,,,,,
김택연,2024,2024-04-16,삼성,141.6,,145.4,,,131.0,,,135.0,,
김택연,2024,2024-04-18,삼성,139.6,,145.2,,118.0,,,,131.7,,
김택연,2024,2024-04-24,NC,145.0,,148.0,,,,133.0,,,,
김택연,2024,2024-04-26,한화,141.1,,146.7,,121.0,131.2,,,,,
김택연,2024,2024-04-28,한화,141.1,,145.8,,118.8,132.0,130.8,,,,
김택연,2024,2024-05-02,삼성,145.1,,147.2,,,132.5,,,,,
김택연,2024,2024-05-04,LG,142.2,,146.7,,118.0,133.0,132.0,,,,
김택연,2024,2024-05-08,키움,143.0,,148.2,,121.0,134.0,,,,,
김택연,2024,2024-05-09,키움,142.3,,148.5,,122.5,131.0,135.0,,,,
김택연,2024,2024-05-10,KT,145.8,,148.5,,,131.2,,,,,
김택연,2024,2024-05-14,KIA,146.8,,150.8,,,131.0,,,,,
김택연,2024,2024-05-16,KIA,143.7,,147.6,,122.0,133.7,,,,,
김택연,2024,2024-05-18,롯데,146.0,,149.2,,124.0,135.5,137.0,,,,
김택연,2024,2024-05-19,롯데,146.8,,148.3,,,134.5,,,,,
김택연,2024,2024-05-21,SSG,148.0,,148.0,,,,,,,,
김택연,2024,2024-05-22,SSG,141.4,,148.9,,121.0,133.7,,,,,
김택연,2024,2024-05-24,KIA,146.6,,148.7,,,134.0,,,,,
김택연,2024,2024-05-29,KT,142.9,,147.6,,,132.9,,,,,
김택연,2024,2024-06-01,LG,146.0,,147.8,,,132.0,,,,,
김택연,2024,2024-06-04,NC,143.8,,147.7,,119.0,132.2,,,,,
김택연,2024,2024-06-05,NC,142.2,,146.5,,117.0,133.0,,,,,
김택연,2024,2024-06-07,KIA,144.5,,147.6,,,130.5,,,,,
김택연,2024,2024-06-08,KIA,145.2,,149.0,,,133.3,,,135.0,,
김택연,2024,2024-06-12,한화,143.2,,149.6,,120.5,133.0,,,,,
김택연,2024,2024-06-13,한화,139.8,,149.0,,,130.5,,,,,
김택연,2024,2024-06-14,키움,145.3,,147.7,,,134.5,,,,,
김택연,2024,2024-06-18,NC,148.8,,150.6,,,137.0,135.0,,,,
김택연,2024,2024-06-20,NC,145.7,,150.9,,,136.8,,,,,
김택연,2024,2024-06-26,한화,144.3,,148.9,,,134.2,,,139.0,,
김택연,2024,2024-06-30,SSG,143.7,,149.5,,122.5,135.0,,,,,
김택연,2024,2024-07-03,롯데,145.5,,148.8,,,134.5,,,137.0,,
김택연,2024,2024-07-04,롯데,145.7,,149.2,,,133.0,,,,,
김택연,2024,2024-07-10,KT,144.4,,149.4,,,135.5,,,141.5,,
김택연,2024,2024-07-13,삼성,144.9,,149.6,,,135.8,140.0,,,,
김택연,2024,2024-07-17,롯데,145.7,,147.1,,,135.7,,,140.0,,
김택연,2024,2024-07-18,롯데,141.3,,146.1,,,134.5,138.0,,,,
김택연,2024,2024-07-23,키움,143.5,,147.7,,,131.8,,,,,
김택연,2024,2024-07-24,키움,144.1,,147.9,,,133.0,,,139.0,,
김택연,2024,2024-07-30,KIA,145.5,,148.9,,,136.3,,,,,
김택연,2024,2024-08-01,KIA,148.1,,150.5,,,135.6,,,,,
김택연,2024,2024-08-06,LG,147.8,,150.0,,,132.7,,,139.0,,
김택연,2024,2024-08-09,SSG,144.6,,148.9,,,133.8,,,141.0,,
김택연,2024,2024-08-15,롯데,146.8,,150.7,,,136.1,,,,,
김택연,2024,2024-08-17,KT,144.5,,149.9,,,133.0,,,,,
김택연,2024,2024-08-18,KT,145.6,,148.1,,,133.0,,,139.0,,
김택연,2024,2024-08-21,삼성,140.1,,146.0,,,133.3,,,137.5,,
김택연,2024,2024-08-24,한화,143.8,,147.4,,,132.8,,,,,
김택연,2024,2024-08-27,NC,146.7,,148.9,,,132.7,,,,,
김택연,2024,2024-09-01,롯데,144.3,,148.8,,,134.9,,,,,
김택연,2024,2024-09-10,키움,143.3,,147.1,,,130.0,,,,,
김택연,2024,2024-09-14,KT,145.3,,148.5,,,133.2,,,,,
김택연,2024,2024-09-16,키움,145.5,,148.7,,,132.5,,,135.7,,
김택연,2024,2024-09-23,SSG,148.7,,148.7,,,,,,,,
김택연,2024,2024-09-26,롯데,144.4,,147.4,,,133.0,,,138.7,,
김택연,2024,2024-10-03,KT,146.3,,148.9,,,136.8,,,136.3,,
류진욱,2024,2024-03-23,두산,140.3,,147.0,,,138.2,,,136.4,,
류진욱,2024,2024-03-26,키움,141.9,,145.6,,,137.8,,,135.3,,
류진욱,2024,2024-03-27,키움,144.6,,145.7,,,,,,135.0,,
류진욱,2024,2024-03-31,롯데,140.5,,144.4,,,140.0,,,134.6,,
류진욱,2024,2024-04-02,LG,142.5,,144.6,,,140.0,,,134.0,,
류진욱,2024,2024-04-04,LG,142.4,,145.8,,,138.5,,,134.2,,
류진욱,2024,2024-04-05,SSG,143.3,,144.1,,,137.5,,,,,
류진욱,2024,2024-04-28,롯데,141.2,,146.3,,,139.0,,,136.4,,
류진욱,2024,2024-05-02,LG,138.3,,144.4,,,137.0,,,134.1,,
류진욱,2024,2024-05-04,SSG,139.3,,144.9,,,136.0,,,135.8,,
류진욱,2024,2024-05-08,KT,139.5,,144.0,,,136.2,,,134.7,,
류진욱,2024,2024-05-09,KT,139.1,,143.8,,,,,,133.0,,
류진욱,2024,2024-05-11,삼성,140.9,,145.4,,,136.0,,,135.5,,
류진욱,2024,2024-05-14,한화,134.3,,142.0,,,131.3,,,133.2,,
류진욱,2024,2024-05-16,한화,139.7,,145.0,,,139.0,,,135.0,,
류진욱,2024,2024-05-21,키움,142.6,,145.6,,,139.5,,,134.7,,
류진욱,2024,2024-05-22,키움,137.8,,146.0,,,,,,136.2,,
류진욱,2024,2024-05-26,LG,142.4,,145.9,,,138.5,,,136.5,,
류진욱,2024,2024-05-29,KIA,143.7,,147.5,,,140.5,,,137.4,,
류진욱,2024,2024-06-02,롯데,142.7,,145.5,,,135.0,,,134.0,,
류진욱,2024,2024-06-04,두산,140.2,,146.0,,,138.8,,,135.0,,
류진욱,2024,2024-07-19,KT,140.3,,145.2,,,139.5,,,135.8,,
류진욱,2024,2024-07-23,KIA,145.1,,147.2,,,141.0,,,,,
류진욱,2024,2024-07-26,롯데,144.4,,145.4,,,,,,137.0,,
류진욱,2024,2024-07-28,롯데,142.8,,145.9,,,139.5,,,136.7,,
류진욱,2024,2024-07-30,키움,143.7,,145.9,,,139.0,,,137.5,,
류진욱,2024,2024-08-01,키움,142.6,,145.5,,,138.0,,,136.6,,
류진욱,2024,2024-08-02,KT,143.0,,145.6,,,135.3,,,137.6,,
류진욱,2024,2024-08-04,KT,143.2,,145.7,,,138.8,,,,,
류진욱,2024,2024-08-06,롯데,144.4,,144.4,,,,,,,,
류진욱,2024,2024-08-09,LG,140.0,,146.2,,,,,,136.9,,
류진욱,2024,2024-08-13,SSG,142.5,,146.3,,,140.6,,,138.2,,
류진욱,2024,2024-08-15,SSG,142.5,,145.3,,,141.5,,,136.7,,
류진욱,2024,2024-08-17,삼성,144.3,,146.9,,,,,,140.2,,
류진욱,2024,2024-08-20,한화,138.0,,142.8,,,139.0,,,133.6,,
류진욱,2024,2024-08-23,KIA,145.5,,147.0,,,140.3,,,,,
류진욱,2024,2024-08-24,KIA,142.9,,146.0,,,139.0,,,136.3,,
류진욱,2024,2024-08-27,두산,143.9,,147.1,,,141.0,,,138.2,,
류진욱,2024,2024-08-28,두산,143.1,,146.0,,,142.0,,,137.7,,
류진욱,2024,2024-08-29,두산,144.2,,146.7,,,142.0,,,136.5,,
류진욱,2024,2024-09-01,SSG,144.8,,146.1,,,136.0,,,,,
류진욱,2024,2024-09-05,키움,141.8,,146.3,,,137.0,,,136.3,,
류진욱,2024,2024-09-08,삼성,142.8,,144.6,,,139.5,,,136.0,,
류진욱,2024,2024-09-10,KT,143.6,,145.0,,,136.5,,,141.0,,
류진욱,2024,2024-09-11,KT,142.1,,144.2,,,,,,137.4,,
류진욱,2024,2024-09-15,LG,143.3,,146.3,,,,,,138.2,,
류진욱,2024,2024-09-18,한화,143.8,,146.8,,,140.5,,,138.0,,
류진욱,2024,2024-09-19,한화,140.6,,147.0,,,139.4,,,138.3,,
류진욱,2024,2024-09-26,SSG,143.1,,145.6,,,140.0,,,138.5,,
류진욱,2024,2024-09-28,두산,142.8,,145.3,,,139.0,,,138.8,,
류진욱,2023,2023-04-01,삼성,142.8,,145.4,,,137.3,,,138.0,,
류진욱,2023,2023-04-02,삼성,143.0,,146.0,,,140.0,,,,,
류진욱,2023,2023-04-06,두산,145.9,,148.2,,,139.0,,,139.8,,
류진욱,2023,2023-04-08,키움,146.5,,148.4,,,141.0,,,140.0,,
류진욱,2023,2023-04-12,KT,145.5,,149.0,,,141.5,,,141.5,,
류진욱,2023,2023-04-18,LG,145.8,,148.3,,,128.0,,,,,
류진욱,2023,2023-04-20,LG,145.4,,148.8,,,140.0,,,139.8,,
류진욱,2023,2023-04-26,KIA,145.9,,148.5,,,140.3,,,140.0,,
류진욱,2023,2023-05-20,삼성,147.2,,149.6,,,140.0,,,,,
류진욱,2023,2023-05-21,삼성,143.3,,148.9,,,138.9,,,139.0,,
류진욱,2023,2023-05-23,롯데,143.3,,147.5,,,137.5,,,141.0,,
류진욱,2023,2023-05-24,롯데,147.0,,148.8,,,143.5,,,,,
류진욱,2023,2023-05-30,두산,148.5,,150.1,,,146.0,,,141.5,,
류진욱,2023,2023-05-31,두산,144.4,,148.8,,,140.5,,,139.0,,
류진욱,2023,2023-06-02,LG,141.5,,148.0,,,138.5,,,134.0,,
류진욱,2023,2023-06-03,LG,143.8,,148.1,,,139.0,,,138.5,,
류진욱,2023,2023-06-07,삼성,144.9,,147.7,,,140.4,,,137.0,,
류진욱,2023,2023-06-08,삼성,144.8,,146.5,,,,,,139.6,,
류진욱,2023,2023-06-10,SSG,145.9,,147.3,139.0,,137.0,,,141.0,,
류진욱,2023,2023-06-14,두산,146.4,,149.7,,,140.0,,,141.0,,
류진욱,2023,2023-06-16,KIA,144.8,,147.9,,,139.0,,,140.0,,
류진욱,2023,2023-06-17,KIA,143.3,,147.8,,,140.0,,,141.0,,
류진욱,2023,2023-06-18,KIA,145.5,,148.8,,,141.4,,,,,
류진욱,2023,2023-06-21,LG,143.7,,149.4,,,141.8,,,140.7,,
류진욱,2023,2023-06-22,LG,144.6,,148.3,,,142.0,,,139.5,,
류진욱,2023,2023-06-27,두산,144.2,,149.2,,,141.7,,,140.1,,
류진욱,2023,2023-06-28,두산,144.9,,149.0,,,141.8,,,,,
류진욱,2023,2023-06-30,KT,143.9,,148.0,,,141.5,,,138.5,,
류진욱,2023,2023-07-02,KT,146.0,,149.7,,,141.0,,,141.8,,
류진욱,2023,2023-07-05,키움,145.0,,148.2,,,141.3,,,139.7,,
류진욱,2023,2023-07-06,키움,144.8,,147.9,,,142.7,,,139.2,,
류진욱,2023,2023-07-21,한화,141.7,,144.1,,,135.0,,,132.0,,
류진욱,2023,2023-07-22,한화,140.3,,145.1,,,137.0,,,134.2,,
류진욱,2023,2023-07-25,KIA,146.2,,148.3,,,140.3,,,139.0,,
류진욱,2023,2023-07-27,KIA,143.2,,148.3,,,142.0,,,136.4,,
류진욱,2023,2023-07-30,KT,142.9,,147.6,,,138.3,,,138.0,,
류진욱,2023,2023-08-01,롯데,141.4,,147.5,,,139.5,,,138.8,,
류진욱,2023,2023-08-03,롯데,142.8,,147.1,,,138.0,,,136.5,,
류진욱,2023,2023-08-04,키움,144.1,,147.4,,,139.0,,,137.3,,
류진욱,2023,2023-08-06,키움,144.1,,147.8,,,,,,135.0,,
류진욱,2023,2023-08-08,SSG,143.1,,150.1,,,141.5,,,138.5,,
류진욱,2023,2023-08-09,SSG,140.8,,148.0,,,,,,138.3,,
류진욱,2023,2023-08-11,KT,140.3,,145.6,138.2,,,,,134.6,,
류진욱,2023,2023-08-12,KT,140.9,,145.4,,,138.8,,,136.9,,
류진욱,2023,2023-08-15,한화,140.6,,148.4,,,141.0,,,135.6,,
류진욱,2023,2023-08-17,한화,141.9,,147.8,,,139.0,,,138.5,,
류진욱,2023,2023-08-20,두산,145.8,,148.2,,,,,,139.4,,
류진욱,2023,2023-08-26,LG,144.2,,148.2,,,137.0,,,138.7,,
류진욱,2023,2023-08-27,LG,141.6,,148.2,,,,,,138.9,,
류진욱,2023,2023-09-01,삼성,142.9,,146.6,,,139.5,,,137.0,,
류진욱,2023,2023-09-02,삼성,142.7,,144.0,,,,,,140.0,,
류진욱,2023,2023-09-06,키움,142.6,,148.6,,,137.0,,,138.3,,
류진욱,2023,2023-09-08,롯데,144.3,,149.2,,,140.5,,,140.0,,
류진욱,2023,2023-09-09,롯데,145.3,,147.6,,,141.5,,,141.0,,
류진욱,2023,2023-09-12,롯데,142.5,,145.7,,,139.7,,,137.8,,
류진욱,2023,2023-09-15,삼성,145.0,,149.0,,,138.5,,,137.5,,
류진욱,2023,2023-09-19,두산,142.6,,149.0,,,,,,138.6,,
류진욱,2023,2023-09-21,키움,145.5,,149.0,,,136.0,,,138.0,,
류진욱,2023,2023-09-22,LG,140.9,,147.6,,,,,,136.0,,
류진욱,2023,2023-09-24,두산,143.9,,145.5,,,,,,137.3,,
류진욱,2023,2023-09-26,KIA,142.7,,146.9,,,141.8,,,138.9,,
류진욱,2023,2023-09-30,삼성,143.3,,148.3,,,141.0,,,134.7,,
류진욱,2023,2023-10-04,SSG,145.9,,147.0,,,138.0,,,,,
류진욱,2023,2023-10-05,SSG,144.7,,148.7,,,140.0,,,138.1,,
류진욱,2023,2023-10-07,SSG,144.0,,148.7,,,140.0,,,139.2,,
류진욱,2023,2023-10-08,SSG,145.0,,148.2,,,141.5,,,138.8,,
류진욱,2023,2023-10-10,한화,141.3,,147.0,,,,,,136.5,,
류진욱,2023,2023-10-13,LG,141.8,,145.8,,,,,,136.8,,
류진욱,2023,2023-10-15,삼성,141.5,,146.9,,,135.5,,,136.2,,
류진욱,2023,2023-10-16,KIA,140.3,,147.2,,,138.3,,,134.3,,
류진욱,2023,2023-10-19,두산,145.4,,148.9,,,139.2,,,138.9,,
류진욱,2023,2023-10-22,SSG,142.0,,147.5,,,138.3,,,138.3,,
류진욱,2023,2023-10-23,SSG,142.5,,146.4,,,136.4,,,138.4,,
류진욱,2023,2023-10-25,SSG,143.5,,147.7,,,139.4,,,137.7,,
류진욱,2023,2023-10-30,KT,139.8,,145.0,,,136.0,,,135.0,,
류진욱,2023,2023-10-31,KT,138.7,,145.5,,,136.0,,,134.0,,
류진욱,2023,2023-11-05,KT,140.3,,145.2,,,136.7,,,134.8,,
류진욱,2022,2022-04-02,SSG,141.2,,144.7,,,138.4,,,135.0,,
류진욱,2022,2022-04-06,롯데,143.3,,147.2,,,140.0,,,137.7,,
류진욱,2022,2022-04-08,LG,143.2,,147.2,,,138.0,,,139.0,,
류진욱,2022,2022-04-09,LG,145.3,,146.6,,,141.5,,,138.0,,
류진욱,2022,2022-04-13,키움,143.0,,145.3,,,140.9,,,139.3,,
류진욱,2022,2022-04-15,KIA,144.7,,146.7,,,138.2,,,,,
류진욱,2022,2022-04-17,KIA,143.1,,146.1,,,141.2,,,138.3,,
류진욱,2022,2022-04-20,삼성,140.8,,145.0,,,137.0,,,138.3,,
류진욱,2022,2022-04-22,KT,143.0,,145.9,,,138.0,,,138.2,,
류진욱,2022,2022-04-24,KT,140.6,,146.5,,,140.2,,,136.2,,
류진욱,2022,2022-04-27,두산,140.8,,146.0,,,140.0,,,136.0,,
류진욱,2022,2022-04-28,두산,139.8,,146.3,,,136.9,,,133.8,,
류진욱,2022,2022-04-30,한화,143.2,,146.7,,,138.5,,,137.2,,
류진욱,2022,2022-05-01,한화,143.8,,146.3,,,,,,135.0,,
류진욱,2022,2022-05-04,삼성,140.1,,143.6,,,138.4,,,134.0,,
류진욱,2022,2022-05-05,삼성,141.8,,144.5,,,137.5,,,134.0,,
류진욱,2022,2022-05-08,LG,142.7,,145.4,,,,,,137.4,,
류진욱,2022,2022-05-11,롯데,142.5,,145.6,,,139.0,,,135.5,,
류진욱,2022,2022-05-27,두산,144.1,,146.7,,,141.2,,,138.0,,
류진욱,2022,2022-06-01,한화,142.2,,146.0,,,136.7,,,136.4,,
류진욱,2022,2022-06-09,SSG,143.7,,146.0,,,136.0,,,137.7,,
류진욱,2022,2022-06-12,삼성,146.6,,148.5,,,140.0,,,142.0,,
류진욱,2022,2022-06-15,KIA,143.5,,145.8,,,139.6,,,140.0,,
류진욱,2022,2022-06-17,한화,144.1,,146.4,,,137.0,,,140.0,,
류진욱,2022,2022-06-19,한화,142.9,,146.7,139.0,,136.0,,,138.0,,
류진욱,2022,2022-06-24,SSG,142.0,,146.2,,,136.2,,,136.0,,
류진욱,2022,2022-06-26,SSG,144.0,,146.5,,,136.3,,,140.2,,
류진욱,2022,2022-06-28,LG,142.5,,145.7,,,138.8,,,136.0,,
류진욱,2022,2022-07-02,삼성,147.7,,147.7,,,,,,,,
류진욱,2022,2022-07-07,한화,141.3,,147.4,137.8,,130.5,,,137.0,,
류진욱,2022,2022-07-09,키움,143.0,,146.5,,,140.8,,,135.2,,
류진욱,2022,2022-08-04,KT,142.6,,145.5,,,135.0,,,133.0,,
류진욱,2022,2022-08-19,KIA,143.5,,147.0,,,138.2,,,135.8,,
류진욱,2022,2022-08-23,롯데,144.0,,148.4,,,137.0,,,137.8,,
류진욱,2022,2022-08-25,키움,145.2,,148.3,,,,,,140.5,,
류진욱,2022,2022-08-27,KT,145.1,,148.4,,,141.0,,,,,
류진욱,2022,2022-08-31,LG,145.6,,149.3,,,140.5,,,141.3,,
류진욱,2022,2022-09-02,SSG,144.3,,149.6,,,139.7,,,138.0,,
류진욱,2022,2022-09-04,한화,146.0,,148.0,,,140.0,,,,,
류진욱,2022,2022-09-07,두산,147.4,,148.5,,,142.0,,,139.0,,
류진욱,2022,2022-09-09,KT,145.8,,147.7,,,140.0,,,140.0,,
류진욱,2022,2022-09-11,롯데,143.6,,148.6,,,141.2,,,137.2,,
류진욱,2022,2022-09-16,SSG,147.7,,148.6,,,140.0,,,,,
류진욱,2022,2022-09-20,두산,141.1,,148.5,,,139.5,,,137.8,,
류진욱,2022,2022-09-22,KIA,143.0,,147.8,,,139.2,,,,,
류진욱,2022,2022-09-24,KIA,141.7,,147.8,,,139.4,,,136.0,,
류진욱,2022,2022-09-25,KT,144.2,,146.3,,,137.5,,,135.8,,
류진욱,2022,2022-09-27,키움,145.1,,148.7,,,138.7,,,139.0,,
류진욱,2022,2022-10-02,LG,147.3,,147.3,,,,,,,,
류진욱,2022,2022-10-07,LG,145.8,,148.5,,,143.0,,,137.0,,
류진욱,2022,2022-10-08,한화,145.7,,147.3,,,140.0,,,137.0,,
류진욱,2021,2021-04-06,롯데,140.8,,144.5,,,137.4,136.5,,,,
류진욱,2021,2021-04-08,롯데,139.6,,144.7,,,138.1,135.8,,,,
류진욱,2021,2021-04-10,KIA,143.4,,145.6,,,137.3,,,,,
류진욱,2021,2021-04-15,SSG,140.5,,143.2,,,137.3,135.0,,,,
류진욱,2021,2021-04-16,한화,139.3,,143.9,,,134.9,134.0,,,,
류진욱,2021,2021-04-20,KT,141.1,,144.2,,,136.5,136.5,,,,
류진욱,2021,2021-04-22,KT,142.7,,145.4,,,135.0,136.0,,,,
류진욱,2021,2021-04-23,두산,139.6,,144.0,,,136.1,136.0,,,,
류진욱,2021,2021-04-25,두산,142.7,,144.2,,,,134.7,,,,
류진욱,2021,2021-04-27,삼성,142.9,,145.3,,,137.0,137.0,,,,
류진욱,2021,2021-05-01,키움,141.8,,144.0,,,137.7,134.0,,,,
류진욱,2021,2021-05-06,SSG,141.4,,143.4,,,,133.5,,,,
류진욱,2021,2021-05-26,삼성,141.3,,144.0,,,138.6,135.7,,,,
류진욱,2021,2021-05-29,롯데,144.8,,146.3,,,139.0,,,,,
류진욱,2021,2021-05-30,롯데,144.1,,146.4,,,134.0,136.0,,,,
류진욱,2021,2021-06-06,한화,142.3,,145.0,,,137.8,136.0,,,,
류진욱,2021,2021-06-09,LG,140.0,,145.0,136.5,,,135.5,,,,
류진욱,2021,2021-06-25,SSG,139.7,,143.8,,,136.8,132.0,,,,
류진욱,2021,2021-06-26,SSG,141.4,,145.3,,,139.0,136.5,,137.7,,
류진욱,2021,2021-06-27,SSG,142.0,,145.8,,,,133.0,,140.5,,
류진욱,2021,2021-07-01,KIA,143.3,,146.4,,,137.8,135.5,,138.0,,
류진욱,2021,2021-07-02,삼성,141.0,,144.1,,,137.0,132.0,,,,
류진욱,2021,2021-07-07,두산,144.1,,145.2,,,137.0,,,,,
류진욱,2021,2021-08-10,롯데,138.4,,144.2,,,134.8,134.5,,137.0,,
류진욱,2021,2021-08-14,한화,140.9,,145.4,,,135.7,133.3,,138.0,,
류진욱,2021,2021-08-19,SSG,143.8,,144.3,,,138.5,,,,,
류진욱,2021,2021-08-20,LG,142.6,,144.6,,,137.5,,,,,
류진욱,2021,2021-08-26,두산,141.5,,144.4,,,137.4,141.0,,,,
류진욱,2021,2021-08-27,두산,140.5,,143.9,,,136.0,140.0,,,,
류진욱,2021,2021-09-01,SSG,138.9,,143.2,,,132.8,,,138.0,,
류진욱,2021,2021-09-03,LG,142.4,,145.6,,,140.0,,,139.0,,
류진욱,2021,2021-09-05,롯데,139.1,,143.4,,,134.8,,,139.0,,
류진욱,2021,2021-09-08,한화,141.8,,145.3,,,,,,136.4,,
류진욱,2021,2021-09-11,KIA,141.4,,145.3,,,137.2,134.0,,139.5,,
류진욱,2021,2021-09-12,KIA,141.0,,145.3,,,,,,136.1,,
류진욱,2021,2021-09-17,LG,142.7,,145.8,,,137.8,132.0,,,,
류진욱,2021,2021-09-19,KT,141.6,,145.8,,,139.0,134.5,,,,
류진욱,2021,2021-09-23,키움,142.9,,145.3,,,139.0,128.0,,138.0,,
류진욱,2021,2021-09-28,KIA,140.8,,146.0,,,137.4,,,138.0,,
류진욱,2021,2021-10-22,KIA,141.0,,144.1,,,137.3,134.0,,,,
류진욱,2021,2021-10-24,KIA,140.6,,143.4,,,136.0,135.5,,,,
류진욱,2021,2021-10-27,KT,143.0,,144.8,,,140.7,136.3,,138.0,,
류진욱,2021,2021-10-29,삼성,137.7,,145.0,,,139.5,,,134.7,,
류진욱,2021,2021-10-30,삼성,142.0,,143.4,,,136.5,,,,,
류진욱,2020,2020-10-27,삼성,142.0,,145.5,,,131.5,,,,,
류진욱,2020,2020-10-29,롯데,140.3,,143.9,,,128.2,136.0,,134.0,,
류진욱,2020,2020-10-31,KIA,141.0,,145.0,,,131.8,135.0,,,,
목지훈,2024,2024-08-04,KT,141.6,143.5,146.0,,122.0,136.1,135.3,,,,
목지훈,2024,2024-08-10,LG,138.7,144.0,146.4,,123.0,131.7,129.0,,,,
목지훈,2024,2024-08-16,삼성,139.7,145.7,146.2,,122.9,134.5,132.3,,,,
박신지,2024,2024-04-02,SSG,132.4,,142.4,,122.0,129.6,124.5,,,,
박신지,2024,2024-04-03,SSG,135.9,,143.5,,113.0,131.5,124.0,,,,
박신지,2024,2024-04-07,롯데,135.8,,141.8,,,127.0,122.2,,,,
박신지,2024,2024-04-18,삼성,130.1,,142.8,,109.0,130.0,124.2,,,,
박신지,2024,2024-04-19,키움,127.0,,141.2,,117.2,122.0,124.0,,,,
박신지,2024,2024-04-21,키움,131.9,,140.5,,111.7,126.6,121.8,,,,
박신지,2023,2023-04-08,KIA,132.6,,140.6,,,125.0,122.5,,,,
박신지,2023,2023-04-13,키움,134.0,,141.2,,,126.3,124.1,,,,
박신지,2023,2023-06-07,한화,134.6,,141.9,,,129.9,124.7,,,,
박신지,2023,2023-06-21,SSG,133.7,,143.9,,,131.5,122.0,,,,
박신지,2023,2023-06-22,SSG,131.0,,141.4,,,126.7,123.1,,,,
박신지,2023,2023-06-25,키움,136.3,,143.4,,,129.2,119.0,,,,
박신지,2023,2023-09-06,KIA,134.2,,145.5,,114.0,131.0,126.8,,,,
박신지,2023,2023-09-09,삼성,135.2,,145.4,,115.0,130.5,127.2,,,,
박신지,2023,2023-09-18,KIA,139.0,,145.4,,,131.8,124.7,,,,
박신지,2023,2023-09-27,SSG,136.3,,145.5,,117.3,131.7,128.0,,,,
박신지,2023,2023-10-01,LG,132.7,,145.6,,113.5,133.2,128.7,,,,
박신지,2023,2023-10-07,롯데,133.5,,143.2,,,129.0,125.2,,,,
박신지,2023,2023-10-11,롯데,130.5,,141.9,,112.6,128.1,125.3,,,,
박신지,2023,2023-10-15,LG,135.1,,143.4,,119.0,130.4,125.0,,,,
박신지,2023,2023-10-17,SSG,134.3,,143.0,,115.0,133.5,127.1,,,,
박신지,2022,2022-04-07,삼성,136.5,,142.3,,122.1,125.1,,,,,
박신지,2022,2022-04-15,키움,134.1,,143.4,,121.8,,121.0,,,,
박신지,2022,2022-04-17,키움,131.0,,140.0,,119.0,,119.0,,,,
박신지,2022,2022-05-12,키움,134.7,,146.1,,113.9,126.2,124.4,,,,
박신지,2022,2022-05-17,SSG,137.6,,146.5,,114.0,124.3,127.4,,,,
박신지,2022,2022-05-18,SSG,140.8,,147.1,,106.0,131.0,,,,,
박신지,2022,2022-05-19,SSG,134.8,,144.1,,120.3,127.0,,,,,
박신지,2022,2022-05-24,한화,135.4,,142.9,,111.5,130.3,125.8,,,,
박신지,2022,2022-05-25,한화,132.3,,143.1,,,125.7,125.8,,,,
박신지,2022,2022-05-28,NC,135.1,,145.5,,115.0,130.8,128.0,,,,
박신지,2022,2022-05-31,KIA,138.4,,145.0,,112.0,128.5,128.5,,,,
박신지,2022,2022-06-03,삼성,134.4,,146.1,,120.0,130.4,125.7,,,,
박신지,2022,2022-06-08,한화,135.5,,143.9,,118.0,126.7,123.5,,,,
박신지,2022,2022-06-09,한화,140.8,,142.8,,,124.0,121.0,,,,
박신지,2022,2022-06-14,키움,134.1,,142.7,,112.3,128.5,127.6,,,,
박신지,2022,2022-06-19,KT,135.2,,144.6,,111.7,128.1,123.0,,,,
박신지,2022,2022-06-25,KIA,135.1,,145.1,,112.5,129.5,124.3,,,,
박신지,2022,2022-07-03,KT,134.4,,144.5,,115.0,129.5,120.9,,,,
박신지,2022,2022-07-09,LG,135.4,,143.2,,,126.4,122.8,,,,
박신지,2022,2022-07-30,한화,133.2,,142.4,,115.0,130.0,124.5,,,,
박신지,2022,2022-08-04,삼성,133.4,,143.0,,118.0,130.6,122.9,,,,
박신지,2022,2022-08-10,NC,130.9,,140.2,,,126.4,119.4,,,,
박신지,2022,2022-09-02,롯데,134.5,,145.3,,114.0,129.4,122.4,,,,
박신지,2022,2022-09-07,NC,135.9,,145.1,,110.0,131.4,123.7,,,,
박신지,2022,2022-09-10,KIA,132.4,,144.5,,109.0,128.6,122.2,,,,
박신지,2022,2022-09-13,LG,130.7,,144.4,,111.5,128.0,123.0,,,,
박신지,2022,2022-09-18,SSG,132.3,,145.1,,110.5,127.9,121.0,,,,
박신지,2022,2022-09-24,SSG,132.0,,144.1,,110.1,125.6,120.7,,,,
박신지,2022,2022-10-07,삼성,136.9,,145.1,,112.0,131.3,,,,,
박신지,2020,2020-05-08,KT,136.9,,143.2,,116.0,124.6,,,,,
박신지,2020,2020-05-16,KIA,136.3,,143.2,,120.6,127.8,,,,,
박정수,2024,2024-03-24,NC,124.8,,,,118.5,129.0,,,,,
박정수,2024,2024-03-28,KT,123.0,,,,119.8,128.3,121.5,,,,
박정수,2024,2024-03-30,KIA,128.7,,139.6,,118.9,129.2,124.7,,,,
박정수,2024,2024-04-02,SSG,129.6,,140.9,,121.6,130.3,125.2,,,,
박정수,2024,2024-04-03,SSG,124.5,,139.7,,119.9,,124.6,,,,
박정수,2024,2024-04-07,롯데,129.7,,140.3,,120.2,131.0,124.4,,,,
박정수,2024,2024-04-10,한화,133.3,,140.5,,120.3,127.0,,,,,
박정수,2024,2024-04-12,LG,123.0,,,,120.3,131.0,,,,,
박정수,2024,2024-04-14,LG,133.1,,142.0,,120.8,133.0,126.5,,,,
박정수,2024,2024-04-17,삼성,129.0,,,,,129.0,,,,,
박정수,2024,2024-04-19,키움,127.8,,141.0,,118.5,130.0,129.3,,,,
박정수,2024,2024-04-23,NC,124.8,,138.0,,118.0,132.0,,,,,
박정수,2024,2024-04-24,NC,128.3,,139.3,,118.7,130.0,126.2,,,,
박정수,2024,2024-04-27,한화,129.7,,138.5,,117.6,129.7,123.1,,,,
박정수,2024,2024-05-02,삼성,126.7,,138.3,,117.3,129.1,123.1,,,,
박정수,2024,2024-05-19,롯데,119.5,,,,118.0,121.0,,,,,
박정수,2024,2024-05-21,SSG,132.2,,139.2,,118.2,130.1,124.0,,,,
박정수,2024,2024-06-06,NC,132.0,,141.5,,121.0,130.9,120.0,,,,
박정수,2024,2024-06-08,KIA,124.2,,141.0,,120.1,130.0,,,,,
박정수,2024,2024-06-11,한화,133.1,,140.2,,119.0,131.0,,,,,
박정수,2024,2024-06-25,한화,135.0,,140.0,,,128.3,,,,,
박정수,2024,2024-06-27,한화,132.7,,139.7,,117.5,126.3,122.5,,,,
박정수,2024,2024-06-28,SSG,128.5,,139.7,,120.0,131.0,123.6,,,,
박정수,2024,2024-07-11,KT,131.0,,141.4,,120.8,131.7,127.8,,,,
박정수,2024,2024-07-14,삼성,129.6,,141.8,,122.1,132.3,126.2,,,,
박정수,2024,2024-07-19,LG,127.8,,139.6,,121.0,129.2,125.4,,,,
박정수,2024,2024-07-25,키움,132.8,,140.5,,122.0,,124.0,,,,
박정수,2024,2024-07-26,SSG,128.4,,138.8,,117.8,131.3,125.3,,,,
박정수,2024,2024-09-28,NC,130.8,,141.0,,,,125.8,,,,
박정수,2023,2023-04-14,LG,131.5,,139.8,,121.2,130.7,128.8,,,,
박정수,2023,2023-05-07,LG,132.0,,139.6,,119.7,132.0,124.0,,,,
박정수,2023,2023-05-19,KT,130.9,,141.8,,122.6,132.7,131.8,,,,
박정수,2023,2023-05-25,삼성,129.4,,140.0,,122.0,,125.9,,,,
박정수,2023,2023-05-26,SSG,130.3,,141.0,,120.8,131.7,126.3,,,,
박정수,2023,2023-06-02,KT,136.8,,141.3,,124.5,133.5,,,,,
박정수,2023,2023-06-03,KT,131.9,,140.6,,120.9,130.8,126.7,,,,
박정수,2023,2023-06-07,한화,131.7,,139.7,,122.4,131.8,126.5,,,,
박정수,2023,2023-06-09,KIA,124.4,,,,123.0,,124.8,,,,
박정수,2023,2023-06-10,KIA,130.1,,140.8,,119.7,128.8,125.0,,,,
박정수,2023,2023-06-15,NC,132.5,,141.6,,122.2,132.0,127.9,,,,
박정수,2023,2023-06-18,LG,129.8,,138.8,,119.0,129.9,124.4,,,,
박정수,2023,2023-06-22,SSG,133.8,,139.6,,121.0,130.4,125.0,,,,
박정수,2023,2023-06-24,키움,126.0,,138.0,,120.4,129.5,123.0,,,,
박정수,2023,2023-06-28,NC,133.0,,139.0,,,,127.0,,,,
박정수,2023,2023-07-05,삼성,127.4,,137.2,,118.5,128.0,122.7,,,,
박정수,2023,2023-07-09,키움,131.3,,140.0,,121.5,131.0,125.5,,,,
박정수,2023,2023-07-25,롯데,137.3,,137.2,,,,,,,,
박정수,2023,2023-07-26,롯데,132.5,,139.7,,121.0,130.4,126.7,,,,
박정수,2023,2023-07-27,롯데,129.5,,139.4,,120.4,128.8,125.8,,,,
박정수,2023,2023-09-06,KIA,133.3,,139.7,,122.7,132.0,128.0,,,,
박정수,2023,2023-09-27,SSG,131.3,,140.0,,121.4,132.0,127.7,,,,
박정수,2023,2023-10-02,키움,132.8,,140.4,,122.3,132.1,126.6,,,,
박정수,2023,2023-10-11,롯데,137.1,,139.0,,123.0,131.0,132.0,,,,
박정수,2023,2023-10-17,SSG,134.6,,142.5,,122.0,134.3,128.7,,,,
박정수,2022,2022-04-05,삼성,134.1,,139.2,,120.5,131.0,,,,,
박정수,2022,2022-05-17,SSG,134.4,,143.9,,120.8,132.5,131.2,,129.0,,
박정수,2022,2022-05-19,SSG,135.0,,144.2,,123.7,133.5,,,,,
박정수,2022,2022-06-12,LG,123.8,,,,121.6,,,141.0,,,
박정수,2022,2022-06-14,키움,127.9,,139.7,,119.1,129.5,125.5,,,,
박정수,2022,2022-06-17,KT,132.7,,140.5,,122.2,132.3,127.2,,,,
박정수,2022,2022-06-19,KT,131.8,,141.9,,122.0,128.5,129.0,,,,
박정수,2022,2022-06-30,롯데,132.5,,139.4,,122.0,130.6,126.8,,,,
박정수,2022,2022-07-01,KT,128.8,,138.3,,121.1,130.5,126.1,,,,
박정수,2022,2022-07-07,키움,131.6,,140.3,,122.8,132.6,,,,,
박정수,2022,2022-07-09,LG,128.0,,137.0,,,,125.8,,,,
박정수,2022,2022-07-10,LG,130.9,,137.9,,122.2,129.9,126.0,,,,
박정수,2022,2022-07-28,롯데,137.0,,138.6,,,130.0,,,,,
박정수,2021,2021-05-02,키움,130.5,140.5,141.2,,117.2,129.3,127.7,,,,
박정수,2021,2021-05-09,KT,129.2,,137.9,,115.9,126.3,125.2,,,,
박정수,2021,2021-05-15,KIA,130.1,,140.8,,115.1,129.8,126.5,,,,
박정수,2021,2021-05-29,삼성,133.8,,141.0,,117.0,129.3,127.8,,,,
박정수,2021,2021-06-08,롯데,133.0,,141.5,,116.1,129.9,128.3,,,,
박정수,2021,2021-06-15,삼성,134.5,,141.4,,119.6,129.7,128.4,,,,
박정수,2021,2021-06-27,롯데,134.0,,141.2,,121.0,133.0,,,,,
박정수,2021,2021-07-01,한화,130.4,,141.8,,120.8,129.7,128.0,,,,
박정수,2021,2021-07-02,KIA,134.0,,141.7,,120.5,,,,,,
박정수,2021,2021-09-02,SSG,130.5,,138.7,,116.3,128.0,125.6,,,,
박정수,2021,2021-09-10,NC,134.4,,140.1,,121.0,,127.8,,,,
박정수,2021,2021-09-17,SSG,134.8,,141.6,,120.3,,127.2,,,,
박정수,2020,2020-07-08,KT,128.9,,137.4,,117.3,,124.3,,,,
박정수,2020,2020-07-10,키움,125.4,,141.2,,120.1,,126.0,,,,
박정수,2020,2020-07-14,삼성,133.7,,141.7,,121.5,133.0,126.0,,,,
박정수,2020,2020-07-16,삼성,124.5,,141.0,,119.0,,,,,,
박정수,2020,2020-07-18,두산,125.8,,142.5,,118.8,127.5,127.0,,,,
박정수,2020,2020-07-21,한화,135.4,,139.6,,120.0,,126.0,,,,
박정수,2020,2020-08-11,LG,130.8,,141.1,,121.3,,127.5,,,,
박정수,2020,2020-08-16,LG,126.3,,141.0,,120.0,,129.8,,,,
박정수,2020,2020-08-19,키움,128.2,,138.1,,120.2,127.5,125.9,,,,
박정수,2020,2020-08-23,KT,133.8,,141.8,,121.0,131.2,127.0,,,,
박정수,2020,2020-08-26,한화,128.2,,140.6,,118.8,126.7,125.2,,,,
박정수,2020,2020-09-02,키움,126.5,,139.0,,118.6,129.0,126.2,,,,
박정수,2020,2020-09-04,LG,133.0,,142.7,,122.2,132.5,129.5,,,,
박정수,2020,2020-09-06,삼성,129.6,,137.7,,119.0,129.0,125.3,,,,
박정수,2020,2020-09-10,KT,136.0,,141.8,,120.0,132.8,,,,,
박정수,2020,2020-09-12,KIA,132.4,,143.3,,122.0,133.4,127.8,,,,
박정수,2020,2020-09-19,롯데,132.6,,141.0,,118.6,132.7,127.7,,,,
박정수,2020,2020-10-03,삼성,130.8,,139.5,,116.5,130.1,126.1,138.5,,,
박정수,2020,2020-10-10,LG,133.3,,140.7,,118.0,131.4,125.0,,,,
박정수,2020,2020-10-15,KIA,130.0,,140.5,,115.5,131.0,125.9,139.5,,,
박정수,2020,2020-10-18,롯데,129.9,,141.0,,116.6,130.0,,,,,
박정수,2020,2020-10-20,KIA,132.9,,142.1,,117.0,131.0,127.0,,,,
박치국,2024,2024-03-23,NC,134.2,,142.1,,121.6,,,,,,
박치국,2024,2024-03-24,NC,138.7,,140.8,,,128.0,,,,,
박치국,2024,2024-03-26,KT,136.5,,139.1,,120.0,,126.5,,,,
박치국,2024,2024-03-27,KT,138.7,,138.7,,,,,,,,
박치국,2024,2024-03-28,KT,130.8,,139.2,,118.5,,127.2,,,,
박치국,2024,2024-04-03,SSG,129.6,,142.0,,120.2,,127.7,,,,
박치국,2024,2024-04-04,SSG,133.4,,141.6,,120.0,,127.5,,,,
박치국,2024,2024-04-07,롯데,135.1,,143.8,,120.2,,130.3,,,,
박치국,2024,2024-04-10,한화,139.5,,141.5,,,,129.5,,,,
박치국,2024,2024-04-13,LG,130.5,,142.0,,119.0,,,,,,
박치국,2024,2024-04-16,삼성,133.5,,139.5,,118.0,,129.0,,,,
박치국,2024,2024-04-17,삼성,133.3,,142.7,,124.7,127.7,130.5,,,,
박치국,2024,2024-04-24,NC,137.4,,145.0,,,128.0,132.3,,,,
박치국,2024,2024-04-25,NC,136.2,,141.0,,120.0,128.0,129.0,,,,
박치국,2024,2024-04-27,한화,135.9,,144.1,,122.5,126.7,129.7,,,,
박치국,2024,2024-04-28,한화,143.5,,144.7,,,130.0,,,,,
박치국,2024,2024-05-01,삼성,144.4,,145.8,,,130.0,,,,,
박치국,2024,2024-05-03,LG,143.6,,143.6,,,,,,,,
박치국,2024,2024-05-07,키움,141.3,,144.5,,,,131.5,,,,
박치국,2024,2024-05-10,KT,146.1,,146.1,,,,,,,,
박치국,2024,2024-05-12,KT,139.8,,145.4,,,128.0,135.0,,,,
박치국,2024,2024-05-16,KIA,141.9,,145.6,,,129.5,135.0,,,,
박치국,2024,2024-05-17,롯데,141.9,,143.0,,,,133.0,,,,
박치국,2024,2024-05-19,롯데,135.7,,144.7,,,126.7,,,,,
박치국,2024,2024-05-23,SSG,142.6,,145.6,,,,135.5,,,,
박치국,2024,2024-05-25,KIA,132.4,,145.0,,122.0,126.1,133.4,,,,
박치국,2024,2024-05-28,KT,132.4,,146.2,,124.0,128.6,126.0,,,,
박치국,2024,2024-05-30,KT,134.1,,143.1,,123.0,126.7,,,,,
박치국,2024,2024-06-01,LG,142.1,,145.1,,,128.5,,,,,
박치국,2024,2024-06-02,LG,141.3,,145.1,,,131.0,134.0,,,,
박치국,2024,2024-06-30,SSG,145.5,,145.5,,,,,,,,
박치국,2024,2024-07-03,롯데,140.8,,146.0,,,125.0,,,,,
박치국,2024,2024-07-04,롯데,140.7,144.9,145.8,,122.7,,,,,,
박치국,2024,2024-07-10,KT,135.6,143.7,,,121.0,124.5,,,,,
박치국,2024,2024-07-12,삼성,132.7,145.0,144.4,,123.0,126.9,125.0,,,,
박치국,2024,2024-07-16,롯데,139.9,,144.2,,,128.0,132.5,,,,
박치국,2024,2024-07-28,SSG,131.6,,145.7,,123.5,125.0,,,,,
박치국,2024,2024-07-30,KIA,137.7,,146.5,,123.3,126.0,135.5,,,,
박치국,2024,2024-08-03,키움,139.9,,144.6,,,127.6,133.0,,,,
박치국,2024,2024-08-06,LG,126.3,,,,,126.3,,,,,
박치국,2024,2024-08-09,SSG,138.1,,146.9,,,126.7,134.8,,,,
박치국,2024,2024-08-10,SSG,137.0,143.8,145.7,,124.5,125.8,134.3,,,,
박치국,2024,2024-08-20,삼성,129.2,,139.5,,122.0,124.0,,,,,
박치국,2024,2024-08-23,한화,141.3,,146.2,,,131.5,,,,,
박치국,2024,2024-08-28,NC,138.3,,146.6,,,130.0,,,,,
박치국,2024,2024-08-29,NC,137.4,142.3,144.6,,124.0,128.9,133.0,,,,
박치국,2024,2024-09-01,롯데,144.2,,147.4,,,,136.7,,,,
박치국,2024,2024-09-07,KT,137.3,141.7,145.1,,,129.9,132.9,,,,
박치국,2024,2024-09-19,KIA,134.3,141.2,141.6,,124.1,130.0,,,,,
박치국,2024,2024-09-22,LG,134.8,,140.7,,,,129.0,,,,
박치국,2024,2024-09-24,NC,131.3,,139.3,,,124.1,131.0,,,,
박치국,2024,2024-09-28,NC,132.0,,139.6,,123.3,,,,,,
박치국,2023,2023-04-01,롯데,144.8,,146.4,,,,131.5,,,,
박치국,2023,2023-04-02,롯데,138.5,,143.0,,,131.0,132.0,,,,
박치국,2023,2023-04-06,NC,143.1,,146.5,,,,131.0,,,,
박치국,2023,2023-04-07,KIA,137.7,,141.8,,,128.0,130.0,,,,
박치국,2023,2023-04-09,KIA,134.8,,142.8,,,129.0,,,,,
박치국,2023,2023-04-11,키움,139.3,,143.7,,,128.4,132.0,,,,
박치국,2023,2023-04-15,LG,139.4,,145.0,,,131.0,131.0,,,,
박치국,2023,2023-04-16,LG,135.4,,145.3,,,131.3,130.0,,,,
박치국,2023,2023-04-19,한화,136.6,,143.4,,,129.2,129.0,,,,
박치국,2023,2023-04-21,KT,136.0,,143.1,,,128.0,129.2,,,,
박치국,2023,2023-04-23,KT,131.1,,140.8,,,126.2,126.2,,,,
박치국,2023,2023-04-26,삼성,142.3,,142.2,,,,,,,,
박치국,2023,2023-04-27,삼성,137.5,,140.5,,,125.0,126.0,,,,
박치국,2023,2023-04-30,SSG,137.0,,146.2,,,128.8,133.0,,,,
박치국,2023,2023-05-03,한화,144.0,,144.0,,,,,,,,
박치국,2023,2023-05-11,롯데,140.1,,145.8,,,129.0,134.0,,,,
박치국,2023,2023-05-13,KIA,134.2,,143.7,,,129.5,131.4,,,,
박치국,2023,2023-05-17,키움,134.8,,144.0,,,128.2,132.5,,,,
박치국,2023,2023-05-18,키움,138.4,,143.5,,,128.0,131.0,,,,
박치국,2023,2023-05-21,KT,136.8,,146.6,,,133.0,133.0,,,,
박치국,2023,2023-05-23,삼성,140.4,,143.9,,,131.8,131.7,,,,
박치국,2023,2023-05-24,삼성,140.4,,143.1,,,,131.3,,,,
박치국,2023,2023-05-25,삼성,134.9,,139.9,,,,129.2,,,,
박치국,2023,2023-05-31,NC,136.6,,144.0,,123.0,130.0,132.1,,,,
박치국,2023,2023-06-04,KT,135.8,,143.8,,124.0,131.0,131.7,,,,
박치국,2023,2023-06-06,한화,136.3,,140.4,,122.0,131.0,131.0,,,,
박치국,2023,2023-06-08,한화,138.0,,143.0,,123.0,,,,,,
박치국,2023,2023-06-10,KIA,131.6,,140.9,,120.6,124.0,130.7,,,,
박치국,2023,2023-06-16,LG,133.9,,142.2,,122.0,130.0,131.2,,,,
박치국,2023,2023-06-17,LG,129.3,,142.5,,120.3,,129.5,,,,
박치국,2023,2023-06-21,SSG,133.6,,141.7,,121.3,121.0,131.5,,,,
박치국,2023,2023-06-22,SSG,133.3,,140.0,,118.0,129.0,129.2,,,,
박치국,2023,2023-06-24,키움,133.3,,140.8,,120.7,127.0,132.0,,,,
박치국,2023,2023-06-27,NC,134.7,,145.0,,122.3,,133.3,,,,
박치국,2023,2023-06-28,NC,136.6,,145.0,,124.5,132.0,134.0,,,,
박치국,2023,2023-06-30,롯데,134.6,,146.5,,125.8,,136.0,,,,
박치국,2023,2023-07-02,롯데,137.5,,142.8,,122.0,132.0,,,,,
박치국,2023,2023-07-04,삼성,128.9,,144.0,,122.2,132.0,,,,,
박치국,2023,2023-07-06,삼성,138.9,,145.2,,122.0,125.5,134.7,,,,
박치국,2023,2023-07-07,키움,137.3,,144.4,,122.0,,133.2,,,,
박치국,2023,2023-07-21,KIA,140.9,,145.8,,122.5,,134.5,,,,
박치국,2023,2023-07-25,롯데,140.5,,143.3,,,,132.0,,,,
박치국,2023,2023-08-01,한화,133.3,,146.0,,124.5,132.0,135.3,,,,
박치국,2023,2023-08-02,한화,137.4,,144.5,,124.0,131.5,135.0,,,,
박치국,2023,2023-08-04,KT,136.1,,146.3,,126.0,132.0,134.3,,,,
박치국,2023,2023-08-06,KT,139.7,,145.6,,125.0,130.0,133.0,,,,
박치국,2023,2023-08-09,삼성,129.0,,,,,129.0,,,,,
박치국,2023,2023-08-13,한화,135.5,,144.9,,,127.0,131.1,,,,
박치국,2023,2023-08-15,KT,140.6,,144.0,,124.0,,133.0,,,,
박치국,2023,2023-08-17,KT,137.0,,147.2,,,132.6,133.8,,,,
박치국,2023,2023-08-19,NC,137.6,,147.4,,123.3,134.6,134.6,,,,
박치국,2023,2023-08-20,NC,136.8,,145.0,,,134.0,131.5,,,,
박치국,2023,2023-08-24,키움,136.7,,146.5,,117.0,130.3,132.2,,,,
박치국,2023,2023-08-26,SSG,137.7,,143.9,,119.0,128.5,131.3,,,,
박치국,2023,2023-08-31,LG,135.5,,144.3,,121.0,124.0,135.0,,,,
박치국,2023,2023-09-03,롯데,138.1,,144.5,,,131.0,132.8,,,,
박치국,2023,2023-09-07,KIA,137.4,,143.3,,120.5,,129.5,,,,
박치국,2023,2023-09-10,삼성,137.4,,144.2,,122.0,128.8,132.0,,,,
박치국,2023,2023-09-24,NC,135.3,,142.2,,,125.6,130.8,,,,
박치국,2023,2023-10-07,롯데,135.4,,142.6,,124.0,129.2,130.7,,,,
박치국,2023,2023-10-12,NC,137.3,,143.3,,,129.3,131.0,,,,
박치국,2023,2023-10-15,LG,137.9,,144.6,,,131.0,131.5,,,,
박치국,2022,2022-06-15,키움,131.7,,146.0,,121.0,128.0,,,,,
박치국,2022,2022-06-16,키움,134.1,,143.3,,120.2,127.3,129.0,,,,
박치국,2022,2022-06-22,SSG,138.9,,145.0,,123.3,,131.0,,,,
박치국,2022,2022-06-24,KIA,134.0,,144.7,,121.0,128.0,,,,,
박치국,2022,2022-06-25,KIA,135.3,,141.4,,120.7,,131.0,,,,
박치국,2022,2022-06-30,롯데,134.2,,142.7,,122.0,,131.0,,,,
박치국,2022,2022-07-02,KT,136.7,,144.0,,119.0,,130.3,,,,
박치국,2022,2022-07-07,키움,136.5,,145.1,,125.4,131.0,132.5,,,,
박치국,2022,2022-07-09,LG,135.2,,141.1,,122.0,129.0,129.8,,,,
박치국,2022,2022-07-10,LG,141.4,,143.9,,122.0,,130.0,,,,
박치국,2022,2022-07-12,NC,139.6,,143.8,,,128.5,129.0,,,,
박치국,2022,2022-07-22,SSG,140.4,,146.3,,,131.5,,,,,
박치국,2022,2022-07-24,SSG,140.8,,148.0,,,133.3,134.0,,,,
박치국,2022,2022-07-27,롯데,143.2,,147.0,,,131.0,135.7,,,,
박치국,2022,2022-07-29,한화,136.6,,144.7,,,130.0,132.0,,,,
박치국,2021,2021-04-04,KIA,136.3,,144.7,,,128.5,127.6,,,,
박치국,2021,2021-04-06,삼성,137.3,,144.5,,,133.0,129.4,,,,
박치국,2021,2021-04-07,삼성,139.2,,144.2,,,,128.3,,,,
박치국,2021,2021-04-11,한화,130.4,,142.1,,121.0,127.0,125.5,,,,
박치국,2021,2021-04-14,KT,133.4,,141.2,,,133.0,125.6,,,,
박치국,2021,2021-04-16,LG,133.6,,143.0,,,,127.3,,,,
박치국,2021,2021-04-17,LG,134.9,,142.0,,,131.0,126.2,,,,
박치국,2021,2021-04-21,롯데,134.5,,141.3,,,128.5,125.6,,,,
박치국,2021,2021-05-23,롯데,139.4,,142.8,,,127.5,129.0,,,,
박치국,2021,2021-05-27,한화,139.2,,145.1,,,129.5,127.8,,,,
박치국,2021,2021-05-30,삼성,138.5,,145.1,,,127.3,128.5,,,,
박치국,2021,2021-06-01,NC,135.1,,145.2,,,129.2,129.3,,,,
박치국,2021,2021-06-02,NC,134.1,,142.7,,,127.8,,,,,
박치국,2021,2021-06-04,SSG,140.5,,144.5,,,127.0,128.3,,,,
박치국,2021,2021-06-05,SSG,140.5,,145.2,,,128.5,127.0,,,,
박치국,2021,2021-06-09,롯데,142.8,,145.2,,,130.5,,,,,
박치국,2021,2021-06-12,LG,133.7,,144.5,,,130.3,128.0,,,,
박치국,2021,2021-06-16,삼성,142.9,,147.6,,,132.0,130.0,,,,
박치국,2021,2021-06-17,삼성,141.5,,146.1,,,130.7,130.3,,,,
박치국,2021,2021-06-19,KT,135.4,,142.7,,,123.0,126.9,,,,
박치국,2021,2021-06-20,KT,136.1,,141.9,,,129.0,126.2,,,,
박치국,2021,2021-06-23,키움,137.6,,146.6,,,129.4,129.0,142.0,,,
박치국,2021,2021-06-24,키움,139.5,,143.4,,,128.0,127.5,,,,
박치국,2020,2020-05-07,LG,137.9,,142.4,,,130.0,130.5,,,,
박치국,2020,2020-05-10,KT,132.8,,142.3,,119.4,,,,,,
박치국,2020,2020-05-12,롯데,131.8,,140.7,,118.0,,128.0,,,,
박치국,2020,2020-05-15,KIA,136.0,,141.3,,123.0,125.0,128.0,,,,
박치국,2020,2020-05-16,KIA,133.8,,141.0,,122.5,124.8,127.0,,,,
박치국,2020,2020-05-19,NC,132.9,,141.1,,120.1,127.0,131.8,,,,
박치국,2020,2020-05-21,NC,132.2,,140.7,,119.5,,,,,,
박치국,2020,2020-05-22,삼성,137.0,,142.6,,121.0,,129.0,,,,
박치국,2020,2020-05-24,삼성,136.6,,140.8,,118.5,,127.0,,,,
박치국,2020,2020-05-26,SK,135.9,,142.6,,119.5,,131.3,,,,
박치국,2020,2020-05-27,SK,137.4,,140.5,,125.0,,,,,,
박치국,2020,2020-05-31,롯데,136.7,,142.4,,121.1,127.0,129.7,,,,
박치국,2020,2020-06-04,KT,142.6,,142.6,,,,,,,,
박치국,2020,2020-06-05,KIA,137.1,,143.9,,126.0,130.0,133.0,,,,
박치국,2020,2020-06-06,KIA,140.2,,143.0,,129.0,,129.0,,,,
박치국,2020,2020-06-10,NC,134.3,,141.6,,119.3,,128.0,,,,
박치국,2020,2020-06-12,한화,134.4,,140.6,,,124.5,124.3,,,,
박치국,2020,2020-06-13,한화,137.7,,142.3,,126.0,128.0,127.2,,,,
박치국,2020,2020-06-16,삼성,136.4,,141.4,,123.0,126.5,128.3,,,,
박치국,2020,2020-06-18,삼성,138.0,,145.2,,,127.0,129.0,,,,
박치국,2020,2020-06-20,LG,138.7,,143.6,,120.0,127.0,129.0,,,,
박치국,2020,2020-06-26,NC,137.4,,142.2,,,128.0,132.0,,,,
박치국,2020,2020-07-08,LG,138.7,,142.4,,120.0,129.0,128.0,,,,
박치국,2020,2020-07-11,롯데,135.9,,143.2,,,126.6,128.0,,,,
박치국,2020,2020-07-16,SK,136.2,,140.1,,122.0,125.6,127.5,,,,
박치국,2020,2020-07-24,LG,133.8,,142.9,,,127.1,128.1,,,,
박치국,2020,2020-07-30,키움,136.2,,141.7,,122.0,128.0,128.5,,,,
박치국,2020,2020-08-01,NC,135.7,,141.4,,122.7,127.0,127.5,,,,
박치국,2020,2020-08-04,삼성,138.1,,145.5,,126.0,126.8,131.1,,,,
박치국,2020,2020-08-07,롯데,138.0,,144.0,,,127.2,130.7,,,,
박치국,2020,2020-08-11,삼성,136.7,,143.6,,,127.5,129.3,,,,
박치국,2020,2020-08-13,삼성,132.1,,143.6,,123.0,128.1,127.0,,,,
박치국,2020,2020-08-14,KT,133.2,,142.2,,121.5,125.0,124.0,,,,
박치국,2020,2020-08-16,KT,138.8,,143.7,,,124.0,,,,,
박치국,2020,2020-08-20,롯데,134.6,,142.4,,,128.0,128.5,,,,
박치국,2020,2020-08-21,롯데,141.5,,144.9,,,126.5,,,,,
박치국,2020,2020-08-22,SK,139.6,,145.2,,,127.3,130.8,,,,
박치국,2020,2020-08-25,KIA,137.2,,143.3,,124.5,128.0,128.7,,,,
박치국,2020,2020-08-29,LG,136.8,,144.8,,,125.8,128.5,,,,
박치국,2020,2020-09-01,한화,138.1,,142.3,,,125.0,129.7,,,,
박치국,2020,2020-09-03,삼성,139.8,,143.7,,,127.5,128.3,,,,
박치국,2020,2020-09-08,KT,141.3,,142.5,,,,127.0,,,,
박치국,2020,2020-09-10,KIA,138.1,,145.1,,,126.7,129.7,,,,
박치국,2020,2020-09-13,키움,136.8,,144.7,,,127.6,128.8,,,,
박치국,2020,2020-09-15,NC,139.9,,146.8,,,128.5,128.0,,,,
박치국,2020,2020-09-18,KT,142.2,,145.0,,,128.0,,,,,
박치국,2020,2020-09-19,LG,138.7,,144.4,,,127.5,127.0,,,,
박치국,2020,2020-09-20,LG,133.8,,142.2,,,127.2,128.0,,,,
박치국,2020,2020-09-23,한화,139.2,,144.8,,,130.0,130.7,,,,
박치국,2020,2020-09-25,삼성,139.4,,147.3,,,129.0,132.5,,,,
박치국,2020,2020-09-27,키움,139.1,,144.7,,,130.0,127.5,,,,
박치국,2020,2020-09-29,한화,138.4,,147.3,,,130.3,130.3,,,,
박치국,2020,2020-10-03,KIA,140.4,,146.1,,,130.0,130.3,,,,
박치국,2020,2020-10-04,KIA,136.6,,143.7,,,128.2,126.2,,,,
박치국,2020,2020-10-06,SK,136.1,,142.7,,,127.5,127.5,,,,
박치국,2020,2020-10-08,SK,144.6,,144.6,,,,,,,,
박치국,2020,2020-10-10,KT,134.4,,143.2,,,125.2,125.9,,,,
박치국,2020,2020-10-16,키움,137.6,,144.8,,121.0,127.0,128.0,,,,
박치국,2020,2020-10-17,키움,134.2,,146.2,,122.7,129.5,130.6,,,,
박치국,2020,2020-10-20,롯데,139.1,,147.2,,,,129.0,,,,
박치국,2020,2020-10-23,키움,140.2,,145.5,,,129.0,131.2,,,,
박치국,2020,2020-10-24,롯데,142.5,,146.6,,,128.0,133.0,,,,
박치국,2020,2020-10-29,KIA,139.7,,143.7,,,129.0,129.5,,,,
박치국,2020,2020-11-05,LG,139.4,,146.3,,,129.0,,,,,
박치국,2020,2020-11-10,KT,138.3,,143.0,,,130.0,128.6,,,,
박치국,2020,2020-11-12,KT,138.3,,144.5,,,126.0,,,,,
박치국,2020,2020-11-17,NC,134.6,,142.7,,120.0,127.4,126.6,,,,
박치국,2020,2020-11-18,NC,136.4,,144.5,,121.0,,128.0,,,,
박치국,2020,2020-11-20,NC,138.0,,144.3,,122.0,124.0,128.9,,,,
박치국,2020,2020-11-21,NC,132.6,,142.5,,,,125.1,,,,
박치국,2020,2020-11-24,NC,134.3,,141.6,,,,126.0,,,,
배재환,2024,2024-06-02,롯데,140.8,138.0,145.5,,,131.0,,,127.0,,
배재환,2024,2024-06-09,한화,140.7,,145.0,,,132.5,,,,,
배재환,2024,2024-06-11,KT,143.1,,146.3,,,137.8,,,138.0,,
배재환,2024,2024-06-12,KT,140.2,,145.2,,,135.2,,,137.5,,
배재환,2024,2024-06-14,삼성,141.1,,145.1,,,133.8,,,,,
배재환,2024,2024-06-15,삼성,139.4,,145.1,,,134.0,,,135.0,,
배재환,2024,2024-06-18,두산,138.7,,142.8,,,133.0,,,136.0,,
배재환,2024,2024-06-22,SSG,141.5,,145.2,,,134.0,,,138.0,,
배재환,2024,2024-06-23,SSG,140.7,,145.7,,,132.8,,,137.0,,
배재환,2024,2024-06-26,키움,139.2,,144.0,,,130.2,,,135.6,,
배재환,2024,2024-06-30,LG,141.3,,145.1,,,132.3,,,137.0,,
배재환,2024,2024-07-10,삼성,138.5,,144.6,,,131.2,,,137.7,,
배재환,2024,2024-07-12,키움,140.9,,143.8,,,134.0,,,138.5,,
배재환,2024,2024-07-23,KIA,142.8,,146.5,,,136.5,136.0,,139.3,,
배재환,2024,2024-07-27,롯데,142.1,,145.9,,,138.6,,,134.0,,
배재환,2024,2024-08-16,삼성,143.0,,143.0,,,,,,,,
배재환,2024,2024-09-05,키움,142.1,,144.3,,,132.7,,,,,
배재환,2024,2024-09-07,삼성,143.1,,143.7,,,136.5,,,,,
배재환,2024,2024-09-10,KT,142.9,,145.9,,,135.7,,,,,
배재환,2024,2024-09-24,두산,143.5,,143.5,,,,,,,,
배재환,2020,2020-05-05,삼성,141.1,,146.5,,116.0,132.5,,,,,
배재환,2020,2020-05-08,LG,142.8,,144.7,,,130.5,,,,,
배재환,2020,2020-05-10,LG,138.6,,146.0,,,130.9,,,138.0,,
배재환,2020,2020-05-12,KT,138.2,,145.5,,,130.7,,,139.0,,
배재환,2020,2020-05-16,SK,138.6,,145.5,,,131.5,,,139.0,,
배재환,2020,2020-05-17,SK,144.1,,146.7,,,135.3,,,,,
배재환,2020,2020-05-19,두산,143.3,,145.3,,,134.3,,,,,
배재환,2020,2020-05-21,두산,143.1,,145.5,,,133.7,,,139.0,,
배재환,2020,2020-05-24,한화,140.8,,145.2,,,132.0,,,,,
배재환,2020,2020-05-27,키움,142.3,,149.0,,,129.0,,,,,
배재환,2020,2020-05-28,키움,144.5,,146.6,,,132.7,,,139.5,,
배재환,2020,2020-05-30,삼성,149.0,,151.1,,,,,,142.0,,
배재환,2020,2020-06-03,SK,145.7,,147.3,,,135.5,,,,,
배재환,2020,2020-06-06,한화,140.8,,146.4,,,131.0,,,,,
배재환,2020,2020-06-09,두산,144.1,,148.0,,,132.2,,,,,
배재환,2020,2020-06-11,두산,143.6,,148.7,,,132.0,,,142.0,,
배재환,2020,2020-06-12,키움,141.4,,145.4,,,132.2,,,140.8,,
배재환,2020,2020-06-14,키움,145.4,,147.5,,,129.0,,,,,
배재환,2020,2020-06-17,KIA,146.5,,147.8,,,130.0,,,,,
배재환,2020,2020-06-19,한화,149.0,,149.0,,,,,,,,
배재환,2020,2020-06-21,한화,146.6,,148.9,,,134.0,,,,,
배재환,2020,2020-06-23,KT,145.6,,148.2,,,137.0,,,,,
배재환,2020,2020-06-25,KT,146.3,,147.3,,,134.0,,,,,
배재환,2020,2020-06-26,두산,148.9,,148.9,,,,,,,,
배재환,2020,2020-06-27,두산,144.3,,147.7,,,132.5,,,,,
배재환,2020,2020-06-30,롯데,145.3,,147.2,,,134.0,,,,,
배재환,2020,2020-07-01,롯데,146.8,,146.8,,,,,,,,
배재환,2020,2020-07-05,KIA,136.9,,146.0,,,131.7,,,140.0,,
배재환,2020,2020-07-07,SK,147.8,,148.9,,,134.0,,,,,
배재환,2020,2020-07-15,키움,144.9,,147.0,,,133.0,,,142.0,,
배재환,2020,2020-07-17,KT,141.8,,146.7,,,133.0,,,142.0,,
배재환,2020,2020-07-19,KT,140.2,,144.6,,,130.5,,,,,
배재환,2020,2020-07-21,삼성,142.3,,147.8,,,133.7,,,141.5,,
배재환,2020,2020-07-24,KT,143.4,,146.0,,,131.2,,,,,
배재환,2020,2020-07-26,KT,140.0,,144.9,,,130.8,,,,,
배재환,2020,2020-07-28,롯데,145.2,,146.9,,,132.0,,,,,
배재환,2020,2020-08-01,두산,142.3,,145.3,,,131.0,,,139.7,,
배재환,2020,2020-08-02,두산,137.4,,145.5,,,132.0,,,,,
배재환,2020,2020-08-06,한화,144.8,,148.1,,,134.6,,,,,
배재환,2020,2020-08-09,KIA,144.0,,148.0,,,133.3,,,134.0,,
배재환,2020,2020-08-14,LG,140.1,,145.0,,,133.2,,,,,
배재환,2020,2020-08-16,LG,140.2,,146.1,,,133.2,,,,,
배재환,2020,2020-08-19,키움,143.3,,147.4,,,132.0,,,,,
배재환,2020,2020-08-21,KIA,143.3,,146.5,,,137.0,,,,,
배재환,2020,2020-08-23,KT,142.2,,146.7,,,130.0,140.0,,,,
배재환,2020,2020-08-26,한화,141.7,,145.6,,,131.3,,,142.0,,
배재환,2020,2020-08-28,두산,140.8,,144.9,,,130.8,,,140.0,,
배재환,2020,2020-09-02,키움,146.2,,148.3,,,135.3,,,,,
배재환,2020,2020-09-04,LG,143.7,,149.0,,,133.0,,,,,
배재환,2020,2020-09-09,롯데,143.5,,146.8,,,130.5,,,140.0,,
배재환,2020,2020-09-11,KT,142.9,,146.3,,,130.6,,,,,
배재환,2020,2020-09-12,KIA,141.5,,145.5,,,130.2,,,139.0,,
배재환,2020,2020-10-10,LG,142.3,,146.6,,,131.9,,,143.0,,
신민혁,2024,2024-03-24,두산,132.1,,139.7,134.6,104.0,,126.2,,,,
신민혁,2024,2024-03-30,롯데,130.4,,138.6,132.5,102.5,,124.4,,,,129.0
신민혁,2024,2024-04-05,SSG,128.8,,139.5,133.2,104.8,,123.3,,,,
신민혁,2024,2024-04-11,KT,130.1,,139.4,133.5,103.5,,125.1,,,,
신민혁,2024,2024-04-17,한화,129.1,136.0,139.0,133.0,106.3,,124.2,,,,
신민혁,2024,2024-04-23,두산,130.1,,138.5,132.8,106.5,,122.7,,,,
신민혁,2024,2024-04-28,롯데,126.6,134.0,137.4,131.8,106.0,,121.4,,,,
신민혁,2024,2024-05-09,KT,129.4,,138.5,133.2,103.0,,120.5,,,,
신민혁,2024,2024-05-15,한화,125.0,,137.5,130.3,104.0,,119.2,,,,
신민혁,2024,2024-05-21,키움,127.7,,138.2,131.7,,,120.2,,,,
신민혁,2024,2024-05-28,KIA,129.9,,138.5,132.5,,,121.6,,,,
신민혁,2024,2024-06-02,롯데,129.4,132.5,138.4,130.9,,,120.6,,,,
신민혁,2024,2024-06-08,한화,128.1,,138.5,132.8,102.5,,119.2,,,,
신민혁,2024,2024-06-14,삼성,129.2,,138.6,133.2,,,122.2,,,,
신민혁,2024,2024-06-20,두산,129.8,,139.0,132.8,,,120.7,,,,
신민혁,2024,2024-06-27,키움,130.3,,137.8,132.3,,,122.0,,,,
신민혁,2024,2024-07-04,SSG,131.1,137.0,134.5,133.5,,,125.3,,,,
신민혁,2024,2024-07-11,삼성,128.1,,137.9,130.1,,126.3,119.0,,,,
신민혁,2024,2024-07-18,한화,131.3,,139.7,134.0,108.0,,124.2,,,,
신민혁,2024,2024-07-24,KIA,129.4,,138.7,131.4,,,118.4,,,,
신민혁,2024,2024-08-06,롯데,128.7,,138.2,130.6,,123.3,120.9,,,,
신민혁,2024,2024-08-11,LG,126.7,,136.6,129.8,,,118.6,,,,
신민혁,2024,2024-08-17,삼성,128.3,,137.1,132.2,,,122.2,,,,
신민혁,2024,2024-08-24,KIA,128.0,,136.3,130.5,95.5,129.0,120.5,,,,
신민혁,2024,2024-08-31,SSG,126.9,,136.2,130.6,,,119.4,,,,
신민혁,2023,2023-04-05,두산,134.5,,143.2,,,135.8,128.7,,,,
신민혁,2023,2023-04-11,KT,134.0,139.0,142.5,138.5,115.0,130.8,128.2,,,,
신민혁,2023,2023-04-16,SSG,133.5,,141.0,136.7,,125.0,127.0,,,,
신민혁,2023,2023-04-22,롯데,132.0,139.0,140.1,,116.8,135.6,125.7,,,,
신민혁,2023,2023-04-28,한화,134.2,,141.7,,117.0,136.5,127.5,,,,
신민혁,2023,2023-05-10,KT,132.3,,139.9,,119.6,135.6,126.0,,,,
신민혁,2023,2023-05-16,SSG,134.5,,143.0,,,137.2,128.2,,,,
신민혁,2023,2023-05-23,롯데,133.3,,141.6,,117.0,136.6,127.3,,,,
신민혁,2023,2023-06-15,두산,135.6,,143.1,,114.3,135.9,128.6,,,,
신민혁,2023,2023-06-21,LG,134.9,,143.1,138.6,115.7,135.9,128.5,,,,
신민혁,2023,2023-06-27,두산,133.6,,143.6,,114.4,136.7,128.3,,,,
신민혁,2023,2023-07-02,KT,135.0,,144.2,141.0,,137.9,128.8,,,,
신민혁,2023,2023-07-08,삼성,134.2,,142.9,,,137.8,128.6,,,,
신민혁,2023,2023-07-13,롯데,134.0,,143.7,138.0,,,125.8,,,,
신민혁,2023,2023-07-25,KIA,135.0,,142.8,,,138.3,127.4,,,,
신민혁,2023,2023-07-30,KT,133.6,139.8,140.7,,118.8,136.9,127.2,,,,
신민혁,2023,2023-08-05,키움,133.4,,141.1,136.0,112.0,135.5,126.8,,,,
신민혁,2023,2023-08-11,KT,129.5,,139.3,133.2,109.7,129.8,124.2,,,,
신민혁,2023,2023-08-17,한화,131.9,,140.8,,103.5,134.0,126.5,,,,
신민혁,2023,2023-08-24,SSG,131.1,,139.4,,108.0,132.2,125.4,,,,
신민혁,2023,2023-08-31,KIA,129.6,,137.6,,,132.4,123.5,,,,
신민혁,2023,2023-09-06,키움,131.8,,140.3,,109.7,135.5,126.5,,,,
신민혁,2023,2023-09-12,롯데,131.7,134.0,140.5,,111.7,132.3,126.0,,,,
신민혁,2023,2023-09-21,키움,131.5,,140.0,,,138.0,127.9,128.0,,,
신민혁,2023,2023-09-24,두산,131.9,,139.2,,116.6,134.3,126.7,,,,
신민혁,2023,2023-10-03,SSG,129.9,,138.5,,110.0,131.5,126.3,,,,
신민혁,2023,2023-10-09,한화,130.2,,140.2,138.0,115.8,133.5,125.7,,,,
신민혁,2023,2023-10-12,두산,132.7,,139.2,,113.0,132.6,124.6,,,,130.0
신민혁,2023,2023-10-17,KIA,131.6,,140.2,,,133.5,126.6,,,,
신민혁,2023,2023-10-22,SSG,133.4,,140.1,,115.5,135.3,127.4,,,,
신민혁,2023,2023-10-31,KT,130.8,,140.1,,112.0,133.9,125.7,,,,
신민혁,2023,2023-11-05,KT,131.8,,139.9,,110.0,134.6,126.7,,,,
신민혁,2022,2022-04-05,롯데,134.2,,143.5,,120.8,133.8,127.1,,129.7,,
신민혁,2022,2022-04-10,LG,133.2,,144.5,,115.0,134.6,127.5,,132.5,,
신민혁,2022,2022-04-16,KIA,129.2,,140.1,,117.7,130.7,124.4,,122.8,,
신민혁,2022,2022-04-22,KT,132.5,,140.6,,112.0,131.7,126.7,,,,
신민혁,2022,2022-05-12,롯데,133.5,138.7,143.5,137.6,113.0,132.1,126.8,,127.2,,
신민혁,2022,2022-05-18,키움,133.2,,142.4,,,135.0,126.6,,,,
신민혁,2022,2022-05-24,KT,136.1,141.5,144.8,,120.0,137.6,128.2,,,,
신민혁,2022,2022-05-29,두산,134.7,142.8,145.2,,119.7,138.7,128.4,,,,
신민혁,2022,2022-06-04,롯데,135.0,142.0,145.2,138.4,117.5,132.8,128.9,,,,
신민혁,2022,2022-06-11,삼성,136.4,140.7,144.7,,,138.3,130.0,,,,
신민혁,2022,2022-06-19,한화,134.5,137.5,140.4,,118.5,137.4,127.2,,,,
신민혁,2022,2022-06-26,SSG,131.2,139.0,140.6,,110.0,131.6,127.2,,,,
신민혁,2022,2022-07-06,한화,134.4,141.0,143.8,,114.0,135.5,127.7,,131.0,,
신민혁,2022,2022-07-12,두산,131.4,138.5,141.4,,109.8,135.1,127.3,,,,
신민혁,2022,2022-07-26,KIA,133.4,138.2,141.0,,112.0,135.9,127.6,,,,
신민혁,2022,2022-08-05,롯데,133.0,138.0,141.2,,113.3,134.8,127.4,,,,
신민혁,2022,2022-08-11,두산,135.2,140.0,143.5,,,136.5,127.1,,,,
신민혁,2022,2022-08-17,한화,136.6,,143.5,,,135.0,126.0,,,,
신민혁,2022,2022-08-23,롯데,132.9,142.2,143.3,136.9,116.0,133.1,126.8,,,,
신민혁,2022,2022-08-28,KT,132.7,137.7,141.0,,,134.9,124.9,,,,
신민혁,2022,2022-09-04,한화,132.9,139.7,142.1,,,134.4,127.3,,,,
신민혁,2022,2022-09-10,롯데,135.7,140.7,143.2,,105.0,135.5,126.1,,,,
신민혁,2022,2022-09-16,SSG,133.3,,141.9,,110.0,135.0,127.3,,,,
신민혁,2022,2022-09-27,키움,136.7,139.9,143.4,,,136.3,128.2,,132.5,,
신민혁,2022,2022-10-08,한화,134.5,,143.0,,,136.5,127.9,,,,
신민혁,2022,2022-10-10,KT,132.1,136.7,138.4,,,132.1,123.6,,,,
신민혁,2021,2021-04-09,KIA,129.1,,141.6,,115.5,130.2,128.1,,,,
신민혁,2021,2021-04-15,SSG,126.1,,140.0,,111.5,129.2,126.3,,,,
신민혁,2021,2021-04-17,한화,135.1,,138.6,,,128.0,125.0,,,,
신민혁,2021,2021-04-18,한화,129.1,,138.2,,112.0,126.6,125.2,,,,
신민혁,2021,2021-04-22,KT,130.2,,138.4,,,123.2,124.4,,122.0,,
신민혁,2021,2021-04-24,두산,131.3,,140.6,,112.0,128.0,127.2,,,,
신민혁,2021,2021-04-29,삼성,131.0,,141.1,,112.2,130.1,126.3,,,,
신민혁,2021,2021-05-06,SSG,131.3,,140.6,,,130.0,126.7,,120.0,,
신민혁,2021,2021-05-12,한화,131.1,,138.5,,109.6,129.0,123.8,,121.0,,
신민혁,2021,2021-05-19,LG,129.7,,141.8,,109.7,130.1,126.5,,,,
신민혁,2021,2021-05-26,삼성,131.0,,139.6,,113.0,129.4,124.1,,,,
신민혁,2021,2021-06-01,두산,130.4,,140.9,,111.3,130.8,123.8,,,,
신민혁,2021,2021-06-06,한화,132.4,,141.5,,113.7,132.7,125.5,,,,
신민혁,2021,2021-06-12,삼성,131.1,,140.8,,113.7,130.9,126.9,,,,
신민혁,2021,2021-06-19,키움,129.4,,139.6,,108.4,130.0,123.6,,,,
신민혁,2021,2021-06-25,SSG,130.0,,141.0,,111.8,132.5,125.6,,,,
신민혁,2021,2021-07-04,삼성,130.7,,139.6,,113.1,132.8,123.9,,,,
신민혁,2021,2021-08-12,롯데,131.7,,140.5,,115.0,130.5,125.7,,,,
신민혁,2021,2021-08-19,SSG,132.2,,140.2,,114.3,130.9,125.8,,,,
신민혁,2021,2021-08-26,두산,131.6,,139.8,,113.8,130.9,125.7,,,,
신민혁,2021,2021-09-02,LG,129.5,,141.1,,109.9,133.3,126.5,,,,
신민혁,2021,2021-09-09,두산,130.1,,140.2,,111.2,130.3,124.8,,,,
신민혁,2021,2021-09-15,키움,130.9,,141.0,,116.0,131.9,124.5,,,,
신민혁,2021,2021-09-21,두산,125.8,,138.3,,110.0,127.1,122.5,,,,
신민혁,2021,2021-09-26,삼성,130.5,,138.9,,113.0,128.6,123.4,,121.3,,
신민혁,2021,2021-10-02,롯데,131.1,,140.1,,112.0,129.8,124.5,,121.0,,
신민혁,2021,2021-10-08,삼성,132.7,,140.2,,117.9,130.9,125.2,,,,
신민혁,2021,2021-10-14,키움,130.6,,141.1,,120.0,132.4,125.9,,,,
신민혁,2021,2021-10-20,SSG,132.0,,141.5,,116.5,132.5,127.1,,,,
신민혁,2021,2021-10-26,SSG,131.3,,140.5,,117.1,132.5,126.9,,,,
신민혁,2020,2020-07-28,롯데,129.2,135.5,139.4,,,123.9,119.1,,,,
신민혁,2020,2020-08-02,두산,129.5,,138.4,,109.0,123.5,118.2,,,,
신민혁,2020,2020-08-13,롯데,131.3,139.0,140.1,,110.2,126.5,121.7,,,,
신민혁,2020,2020-08-19,키움,130.4,133.0,137.1,,108.0,123.9,120.5,,,,
신민혁,2020,2020-08-25,한화,128.0,139.0,138.5,,118.4,126.3,120.5,,,,
신민혁,2020,2020-08-30,SK,131.0,138.0,139.7,,112.3,127.2,122.0,,,,
신민혁,2020,2020-09-06,삼성,130.6,,138.8,,111.0,126.1,121.6,,,,
신민혁,2020,2020-09-12,KIA,128.9,,139.5,,115.4,126.0,123.0,,,,
신민혁,2020,2020-09-24,LG,130.5,,139.2,,,124.2,121.5,,,,
신민혁,2020,2020-09-30,SK,129.5,,140.0,,117.0,123.9,,,,,
신민혁,2020,2020-10-02,삼성,127.7,,136.7,,120.0,126.6,120.9,,,,
신민혁,2020,2020-10-03,삼성,130.2,,137.0,,119.0,125.5,,,,,
신민혁,2020,2020-10-08,키움,125.2,,138.4,,112.3,124.5,120.4,,,,
신민혁,2020,2020-10-09,LG,129.9,,139.2,,116.5,125.6,121.2,,,,
신민혁,2020,2020-10-23,한화,126.9,,137.2,,,126.5,118.7,,120.5,,
신민혁,2020,2020-10-27,삼성,129.4,,140.2,,111.0,127.0,122.0,,,,
신민혁,2020,2020-10-31,KIA,129.4,,139.9,,113.0,127.9,121.1,,120.5,,
이영하,2024,2024-03-26,KT,137.8,,144.4,,,133.0,,,133.0,,
이영하,2024,2024-03-28,KT,138.6,,146.8,,,130.9,,,131.2,,
이영하,2024,2024-03-31,KIA,136.3,,147.1,,,133.2,,,126.3,,
이영하,2024,2024-04-13,LG,136.0,,147.0,,,133.2,,,128.1,,
이영하,2024,2024-04-26,한화,0.0,,,,,,,,,,
이영하,2024,2024-04-27,한화,129.7,,146.4,,115.2,132.2,,,124.0,,
이영하,2024,2024-05-01,삼성,136.1,,147.0,,119.5,135.0,,,127.8,,
이영하,2024,2024-05-07,키움,136.9,,147.2,,118.0,131.0,,,128.3,,
이영하,2024,2024-05-10,KT,137.4,,146.9,,114.8,132.6,,,130.4,,
이영하,2024,2024-05-12,KT,142.6,,149.1,,,132.0,,,128.0,,
이영하,2024,2024-05-14,KIA,140.4,,151.6,,,140.3,,,129.2,,
이영하,2024,2024-05-15,KIA,138.7,,149.4,,,138.6,,,128.0,,
이영하,2024,2024-05-17,롯데,142.8,,149.0,,,137.3,,,126.0,,
이영하,2024,2024-05-18,롯데,141.3,,147.5,,,137.2,,,130.0,,
이영하,2024,2024-05-21,SSG,136.0,,,,,136.0,,,,,
이영하,2024,2024-05-23,SSG,142.6,,150.4,,120.0,137.2,,,,,
이영하,2024,2024-05-25,KIA,139.4,,150.1,,125.2,137.6,,,129.0,,
이영하,2024,2024-05-26,KIA,140.0,,149.8,,114.0,138.0,,,131.0,,
이영하,2024,2024-05-28,KT,141.6,,150.0,,116.0,137.5,,,126.0,,
이영하,2024,2024-05-30,KT,141.8,,149.4,,,136.9,,,128.0,,
이영하,2024,2024-05-31,LG,142.0,,149.4,,,137.9,,,131.0,,
이영하,2024,2024-06-04,NC,144.1,,150.7,,110.0,137.8,,,,,
이영하,2024,2024-06-05,NC,143.4,,150.0,,,136.3,,,128.5,,
이영하,2024,2024-06-06,NC,141.1,,149.3,,,137.0,,,,,
이영하,2024,2024-06-08,KIA,142.4,,149.6,,,137.7,,,132.7,,
이영하,2024,2024-06-13,한화,144.1,,148.5,,,135.8,,,124.0,,
이영하,2024,2024-06-15,키움,137.4,,148.5,,125.0,136.9,,,130.2,,
이영하,2024,2024-06-18,NC,143.0,,147.6,,,135.0,,,,,
이영하,2024,2024-06-19,NC,140.5,,146.9,,,136.7,,,,,
이영하,2024,2024-06-21,삼성,136.7,,147.5,,113.5,134.8,,,127.8,,
이영하,2024,2024-06-23,삼성,135.9,,144.5,,,134.0,,,128.3,,
이영하,2024,2024-06-25,한화,140.3,,148.8,,,135.1,,,,,
이영하,2024,2024-06-28,SSG,144.4,,149.2,,,136.5,,,134.0,,
이영하,2024,2024-07-03,롯데,141.2,,147.8,,,135.7,,,136.0,,
이영하,2024,2024-07-04,롯데,139.5,,144.3,,,137.5,,,137.3,,
이영하,2024,2024-07-10,KT,139.3,,150.7,,,136.2,,,,,
이영하,2024,2024-07-12,삼성,144.7,,149.7,,,136.7,,,140.0,,
이영하,2024,2024-07-13,삼성,142.5,,150.1,,,135.3,,,137.2,,
이영하,2024,2024-07-14,삼성,139.4,,147.3,,,133.7,,,135.5,,
이영하,2024,2024-07-16,롯데,130.3,,,,,130.3,,,,,
이영하,2024,2024-07-18,롯데,140.1,,148.5,,,135.6,,,135.0,,
이영하,2024,2024-07-21,LG,142.6,,149.3,,,136.2,,,133.0,,
이영하,2024,2024-07-23,키움,135.4,,149.0,,109.0,136.3,,,134.9,,
이영하,2024,2024-07-24,키움,140.2,,148.1,,,132.5,,,132.0,,
이영하,2024,2024-08-23,한화,143.6,,148.0,,,132.3,,,134.0,,
이영하,2024,2024-08-24,한화,139.6,,147.9,,,133.6,,,135.8,,
이영하,2024,2024-08-27,NC,137.2,,148.5,,120.0,134.8,,,137.5,,
이영하,2024,2024-08-28,NC,141.1,,148.0,,,135.9,,,135.0,,
이영하,2024,2024-08-31,롯데,142.8,,148.3,,,137.2,,,,,
이영하,2024,2024-09-01,롯데,141.1,,146.4,,,134.5,,,134.5,,
이영하,2024,2024-09-04,삼성,140.7,,147.6,,118.0,135.0,,,139.0,,
이영하,2024,2024-09-10,키움,138.4,,147.0,,,130.3,,,133.5,,
이영하,2024,2024-09-14,KT,143.9,,148.5,,,138.2,,,,,
이영하,2024,2024-09-16,키움,142.6,,149.0,,,136.7,,,134.5,,
이영하,2024,2024-09-17,삼성,142.3,,147.7,,122.0,137.6,,,136.7,,
이영하,2024,2024-09-21,LG,144.3,,150.2,,125.0,138.7,,,,,
이영하,2024,2024-09-23,SSG,141.5,,149.1,,119.5,135.0,,,136.0,,
이영하,2024,2024-09-26,롯데,146.3,144.0,148.1,,,136.0,,,,,
이영하,2024,2024-09-28,NC,138.9,,149.9,,123.3,136.0,,,135.0,,
이영하,2024,2024-10-02,KT,140.8,,148.3,,,135.1,,,,,
이영하,2024,2024-10-03,KT,137.7,,146.5,,,133.2,,,,,
이영하,2023,2023-06-03,KT,144.1,,147.7,,,135.2,,,,,
이영하,2023,2023-06-04,KT,142.2,,147.3,,,135.1,,,,,
이영하,2023,2023-06-06,한화,137.2,,147.0,,,132.8,,,132.4,,
이영하,2023,2023-06-07,한화,138.0,,144.8,,,132.9,,,,,
이영하,2023,2023-06-11,KIA,136.1,,145.3,,,132.4,,,132.6,,
이영하,2023,2023-06-14,NC,139.6,,146.8,,,133.8,,,,,
이영하,2023,2023-06-16,LG,140.0,,146.1,,,135.2,,,132.3,,
이영하,2023,2023-06-17,LG,141.8,,144.7,,,133.0,,,,,
이영하,2023,2023-06-20,SSG,140.6,,146.5,,,134.9,,,133.0,,
이영하,2023,2023-06-23,키움,139.6,,147.9,,,133.7,,,131.0,,
이영하,2023,2023-06-24,키움,140.4,,147.0,,,134.0,,,126.0,,
이영하,2023,2023-06-28,NC,137.7,,145.0,,,134.0,,,,,
이영하,2023,2023-07-04,삼성,136.9,,144.7,,114.0,133.9,,,131.8,,
이영하,2023,2023-07-05,삼성,139.4,,146.2,,,133.4,,,128.0,,
이영하,2023,2023-07-09,키움,140.4,,147.4,,,136.5,,,130.5,,
이영하,2023,2023-07-25,롯데,142.5,,149.6,,,138.0,,,129.8,,
이영하,2023,2023-07-27,롯데,140.4,,146.8,,,136.9,,,130.5,,
이영하,2023,2023-07-30,LG,142.4,,148.6,,122.7,137.1,,,131.0,,
이영하,2023,2023-08-03,한화,143.9,,149.0,,,138.1,,,137.3,,
이영하,2023,2023-08-20,NC,141.1,,147.3,,,135.1,,,132.0,,
이영하,2023,2023-08-23,키움,142.7,,148.4,,,136.3,,,129.5,,
이영하,2023,2023-08-24,키움,142.6,,148.6,,,137.1,,,133.0,,
이영하,2023,2023-08-26,SSG,144.4,,148.5,,,135.6,,,,,
이영하,2023,2023-08-31,LG,144.7,,151.0,,,139.0,,,137.0,,
이영하,2023,2023-09-04,롯데,141.0,,149.3,,,135.8,,,135.2,,
이영하,2023,2023-09-08,삼성,142.5,,148.1,,,137.3,,,134.5,,
이영하,2023,2023-09-14,SSG,145.9,,150.6,,,140.0,,,,,
이영하,2023,2023-09-15,KIA,143.8,,149.5,,,136.2,,,132.0,,
이영하,2023,2023-09-18,KIA,144.9,,153.0,,,140.2,,,130.0,,
이영하,2023,2023-09-22,삼성,143.7,,153.0,,127.0,140.4,,,,,
이영하,2023,2023-09-23,NC,138.9,,149.5,,,136.6,,,127.6,,
이영하,2023,2023-09-27,SSG,143.0,,150.5,,128.5,139.8,,,133.5,,
이영하,2023,2023-10-01,LG,146.7,,149.6,,,132.0,,,,,
이영하,2023,2023-10-03,키움,141.5,,149.3,,124.0,137.3,,,,,
이영하,2023,2023-10-12,NC,142.5,,148.5,,124.8,135.5,,,134.0,,
이영하,2023,2023-10-16,SSG,137.0,,151.3,,122.3,135.5,,,,,
이영하,2023,2023-10-19,NC,145.2,,151.6,,124.0,140.2,,,,,
이영하,2022,2022-04-05,삼성,137.6,,143.8,,,132.5,,,127.4,,
이영하,2022,2022-04-10,롯데,138.6,,146.1,,117.3,135.2,,,130.7,,
이영하,2022,2022-04-16,키움,136.5,,146.2,,118.0,134.1,,,131.1,,
이영하,2022,2022-04-22,LG,137.6,,147.3,,116.4,132.6,,,130.7,,
이영하,2022,2022-04-28,NC,136.0,,144.7,,116.0,132.1,,,128.8,,
이영하,2022,2022-05-04,LG,140.7,,147.6,,125.0,135.8,,,131.3,,
이영하,2022,2022-05-10,키움,138.9,,147.1,,119.2,134.4,,,133.0,,
이영하,2022,2022-05-17,SSG,140.5,,147.3,,120.0,136.2,,,134.0,,
이영하,2022,2022-05-22,롯데,140.3,,147.2,,119.0,135.6,,,132.2,,
이영하,2022,2022-05-28,NC,139.2,,146.7,,,133.9,,,132.1,,
이영하,2022,2022-06-03,삼성,141.3,,147.9,,115.0,136.8,,,134.0,,
이영하,2022,2022-06-09,한화,139.8,,145.9,,118.0,135.7,,,132.2,,
이영하,2022,2022-06-15,키움,139.8,,146.3,,116.0,135.0,,,133.4,,
이영하,2022,2022-06-21,SSG,141.1,,148.2,,118.0,136.5,,,134.2,,
이영하,2022,2022-06-28,롯데,137.6,,145.3,,115.2,134.5,,,129.4,,
이영하,2022,2022-07-05,키움,139.8,,147.7,,118.0,133.5,,,132.2,,
이영하,2022,2022-07-10,LG,136.4,,145.3,,123.5,131.6,,,130.5,,
이영하,2022,2022-07-24,SSG,141.2,,150.0,,,135.7,,,133.8,,
이영하,2022,2022-07-27,롯데,141.4,,147.3,,117.0,135.4,,,132.4,,
이영하,2022,2022-08-04,삼성,140.3,,144.9,,116.0,133.1,,,134.5,,
이영하,2022,2022-08-13,SSG,139.9,,146.0,,120.0,134.3,,,132.4,,
이영하,2021,2021-04-08,삼성,139.1,,144.0,,,133.6,,,126.2,,
이영하,2021,2021-04-14,KT,137.7,,142.2,,122.0,131.0,,,126.3,,
이영하,2021,2021-04-20,롯데,139.4,,143.3,,,132.4,,,128.7,,
이영하,2021,2021-04-25,NC,139.4,,143.3,,,133.6,,,131.0,,
이영하,2021,2021-06-09,롯데,140.2,,146.6,,118.2,133.3,,,133.0,,
이영하,2021,2021-06-16,삼성,141.0,,146.1,,115.0,133.6,,,129.5,,
이영하,2021,2021-06-22,키움,141.2,,145.4,,112.0,133.4,127.0,,,,
이영하,2021,2021-06-27,롯데,139.2,,143.2,,,129.7,,,124.0,,
이영하,2021,2021-08-11,삼성,141.0,,146.5,,120.5,135.9,129.0,,131.0,,
이영하,2021,2021-08-22,한화,140.5,,146.5,,122.7,133.9,131.2,,130.7,,
이영하,2021,2021-08-28,롯데,143.5,,146.3,,,135.0,,,134.0,,
이영하,2021,2021-09-09,NC,148.8,,149.8,,,138.0,,,,,
이영하,2021,2021-09-12,LG,144.8,,148.7,,125.0,136.5,,,135.0,,
이영하,2021,2021-09-15,KT,143.1,,146.3,,,135.0,,,132.5,,
이영하,2021,2021-09-16,SSG,146.4,,146.4,,,,,,,,
이영하,2021,2021-09-18,키움,144.5,,148.7,,,133.5,,,132.0,,
이영하,2021,2021-09-19,키움,144.0,,147.1,,,135.0,,,131.0,,
이영하,2021,2021-09-24,KIA,142.2,,147.4,,,135.4,,,133.0,,
이영하,2021,2021-09-26,한화,140.7,,147.2,,,136.4,,,133.0,,
이영하,2021,2021-09-29,KT,140.9,,147.9,,,137.0,,,133.6,,
이영하,2021,2021-10-02,삼성,141.5,,148.0,,,135.0,,,,,
이영하,2021,2021-10-05,한화,141.0,,147.3,,,136.0,,,134.5,,
이영하,2021,2021-10-06,한화,142.5,,148.5,,,134.6,,,,,
이영하,2021,2021-10-08,롯데,141.7,,146.4,,,135.2,,,132.0,,
이영하,2021,2021-10-12,KT,142.1,,146.6,,,135.6,,,135.0,,
이영하,2021,2021-10-16,KIA,142.5,,145.7,,,134.6,,,,,
이영하,2021,2021-10-17,KIA,141.2,,145.7,,,131.9,,,131.1,,
이영하,2021,2021-10-23,LG,141.7,,146.9,,,136.5,,,133.0,,
이영하,2021,2021-10-24,LG,144.4,,148.7,,,134.7,,,133.7,,
이영하,2021,2021-10-26,키움,142.3,,147.1,,,136.1,,,131.0,,
이영하,2021,2021-10-28,SSG,142.0,,149.0,,,135.3,,,134.0,,
이영하,2021,2021-10-29,KIA,140.6,,147.2,,,134.3,,,133.5,,
이영하,2021,2021-11-01,키움,142.3,,149.1,,,136.4,,,134.0,,
이영하,2021,2021-11-02,키움,139.2,,146.8,,,135.1,,,134.0,,
이영하,2021,2021-11-04,LG,144.1,,148.1,,,134.5,,,133.0,,
이영하,2021,2021-11-07,LG,141.0,,147.3,,,133.3,,,132.0,,
이영하,2021,2021-11-10,삼성,141.9,,147.1,,,134.4,,,133.0,,
이영하,2021,2021-11-14,KT,140.0,,147.2,,,132.6,,,133.2,,
이영하,2021,2021-11-17,KT,142.4,,148.2,,,133.3,,,133.3,,
이영하,2020,2020-05-06,LG,138.2,,144.9,,108.6,136.3,,,134.6,,
이영하,2020,2020-05-13,롯데,139.9,,146.3,,115.3,135.8,,,132.0,,
이영하,2020,2020-05-19,NC,138.3,,144.8,,114.8,136.8,,,,,
이영하,2020,2020-05-24,삼성,137.6,,143.1,,116.7,135.2,,,,,
이영하,2020,2020-05-30,롯데,141.7,,147.0,,117.7,138.9,,,132.7,,
이영하,2020,2020-06-05,KIA,138.9,,146.3,,120.0,137.9,,,129.5,,
이영하,2020,2020-06-11,NC,138.6,,146.0,,117.2,135.7,,,131.5,,
이영하,2020,2020-06-19,LG,139.6,,145.4,,117.6,136.1,,,131.0,,
이영하,2020,2020-06-25,SK,138.4,,143.9,,115.8,135.6,,,129.2,,
이영하,2020,2020-07-01,키움,139.4,,143.8,,116.3,134.8,,,130.7,,
이영하,2020,2020-07-07,LG,139.7,,145.7,,116.0,136.3,,,130.7,,
이영하,2020,2020-07-14,SK,139.5,,144.9,,114.5,135.6,,,129.9,,
이영하,2020,2020-07-19,KIA,140.0,,144.8,,116.0,137.1,,,131.1,,
이영하,2020,2020-07-26,LG,140.5,,145.4,,117.0,136.0,,,130.5,,
이영하,2020,2020-08-01,NC,141.5,,145.4,,113.0,134.7,,,130.0,,
이영하,2020,2020-08-07,롯데,140.5,,145.5,,114.5,135.0,,,131.8,,
이영하,2020,2020-08-13,삼성,138.5,,146.0,133.0,116.8,135.9,,,131.4,,
이영하,2020,2020-08-19,롯데,143.2,,147.8,,121.0,138.2,,,130.0,,
이영하,2020,2020-08-25,KIA,140.8,,145.4,138.0,,132.8,,,129.0,,
이영하,2020,2020-08-29,LG,145.8,,149.0,,,139.3,,,,,
이영하,2020,2020-09-01,한화,146.1,,147.4,,,138.0,,,,,
이영하,2020,2020-09-03,삼성,147.0,,148.3,139.0,,,,,,,
이영하,2020,2020-09-05,SK,144.8,,149.2,,,139.9,,,,,
이영하,2020,2020-09-09,KT,143.9,,147.6,,,136.0,,,,,
이영하,2020,2020-09-10,KIA,141.4,,147.9,,,138.0,,,128.5,,
이영하,2020,2020-09-13,키움,143.9,,147.7,,,137.1,,,130.8,,
이영하,2020,2020-09-18,KT,144.3,,148.3,,,135.0,,,128.0,,
이영하,2020,2020-09-20,LG,143.1,,147.3,,,134.2,,,132.0,,
이영하,2020,2020-09-24,삼성,144.4,,150.3,,,135.5,,,,,
이영하,2020,2020-09-26,키움,144.1,,147.9,,,134.0,,,130.0,,
이영하,2020,2020-09-29,한화,145.0,,148.5,,,131.0,,,,,
이영하,2020,2020-10-03,KIA,143.9,,148.8,,,132.2,,,,,
이영하,2020,2020-10-04,KIA,138.4,,141.6,,,132.8,,,,,
이영하,2020,2020-10-07,SK,141.7,,147.3,,,136.0,,,131.0,,
이영하,2020,2020-10-09,KT,143.0,,146.2,,,134.0,,,131.5,,
이영하,2020,2020-10-11,KT,141.0,,144.4,,,134.0,,,,,
이영하,2020,2020-10-14,한화,146.0,,150.1,,,139.2,,,,,
이영하,2020,2020-10-17,키움,139.6,,145.2,,,132.9,,,,,
이영하,2020,2020-10-18,키움,138.8,,143.9,,,134.4,,,129.0,,
이영하,2020,2020-10-24,롯데,144.4,,148.4,,,134.5,,,,,
이영하,2020,2020-10-27,한화,145.8,,148.8,,,135.0,,,,,
이영하,2020,2020-10-30,키움,142.7,,148.6,,,133.8,,,,,
이영하,2020,2020-11-04,LG,143.9,,146.5,,,134.0,,,,,
이영하,2020,2020-11-05,LG,144.2,,148.2,,,136.4,,,131.7,,
이영하,2020,2020-11-09,KT,144.6,,148.9,,,135.5,,,,,
이영하,2020,2020-11-10,KT,142.6,,147.0,,,136.4,,,127.0,,
이영하,2020,2020-11-18,NC,144.4,,147.2,,,134.4,,,,,
이영하,2020,2020-11-21,NC,139.2,,146.1,,,132.2,,,125.0,,
이용찬,2024,2024-03-24,두산,138.9,,145.2,,,135.0,,,129.2,,
이용찬,2024,2024-03-26,키움,136.4,,144.6,,,,,,128.2,,
이용찬,2024,2024-03-27,키움,136.1,,144.8,,,131.0,,,130.2,,
이용찬,2024,2024-03-31,롯데,137.4,,144.9,,,132.0,,,128.9,,
이용찬,2024,2024-04-02,LG,139.0,,144.7,,,,,,128.8,,
이용찬,2024,2024-04-04,LG,139.2,,144.8,,,,,,128.8,,
이용찬,2024,2024-04-10,KT,135.7,,145.2,,,133.0,,,129.0,,
이용찬,2024,2024-04-11,KT,142.7,,147.4,,,,,,132.0,,
이용찬,2024,2024-04-13,삼성,132.6,,143.3,,,,,,127.7,,
이용찬,2024,2024-04-16,한화,131.9,,147.0,,,,,,129.3,,
이용찬,2024,2024-04-17,한화,138.8,,147.0,,,,,,129.0,,
이용찬,2024,2024-04-19,KIA,137.6,,146.5,,,,,,129.7,,
이용찬,2024,2024-04-24,두산,135.3,,145.8,,,132.0,,,129.7,,
이용찬,2024,2024-04-26,롯데,135.6,,145.8,,,133.0,,,129.3,,
이용찬,2024,2024-04-27,롯데,134.1,,146.2,,,,,,129.2,,
이용찬,2024,2024-04-28,롯데,133.5,,146.2,,,133.0,,,128.5,,
이용찬,2024,2024-05-02,LG,133.6,,145.4,,,131.0,,,127.7,,
이용찬,2024,2024-05-04,SSG,136.7,,147.9,,,130.0,,,130.5,,
이용찬,2024,2024-05-08,KT,135.7,,144.2,,,,,,128.4,,
이용찬,2024,2024-05-11,삼성,138.0,,146.4,,,130.0,,,129.5,,
이용찬,2024,2024-05-14,한화,133.7,,144.6,,,124.0,,,127.4,,
이용찬,2024,2024-05-16,한화,134.3,,145.0,,,132.0,,,128.4,,
이용찬,2024,2024-05-19,KIA,137.0,,147.5,,,135.0,,,129.0,,
이용찬,2024,2024-05-21,키움,134.0,,145.9,,,,,,129.5,,
이용찬,2024,2024-05-22,키움,134.6,,145.9,,,130.0,,,129.2,,
이용찬,2024,2024-06-04,두산,138.9,,146.3,,,135.7,,,128.6,,
이용찬,2024,2024-06-05,두산,135.9,,146.5,,,134.5,,,129.3,,
이용찬,2024,2024-06-07,한화,136.0,,145.2,,,,,,128.6,,
이용찬,2024,2024-06-08,한화,136.3,,144.8,,,133.0,,,129.1,,
이용찬,2024,2024-06-11,KT,139.6,,147.6,,,134.0,,,131.3,,
이용찬,2024,2024-06-13,KT,139.9,,147.3,,121.0,132.0,,,131.0,,
이용찬,2024,2024-06-15,삼성,136.0,,146.3,,,,,,128.2,,
이용찬,2024,2024-06-19,두산,136.8,,146.4,,,,,,129.1,,
이용찬,2024,2024-06-21,SSG,135.7,,146.0,,,,,,130.1,,
이용찬,2024,2024-06-25,키움,135.4,,143.6,,,,,,127.3,,
이용찬,2024,2024-06-30,LG,135.2,,143.8,,,131.0,,,126.5,,
이용찬,2024,2024-07-03,SSG,144.6,,146.5,,,,,,129.0,,
이용찬,2024,2024-07-04,SSG,135.0,,145.8,,,131.8,,,129.6,,
이용찬,2024,2024-07-13,키움,134.7,,146.0,,122.0,132.0,,,128.9,,
이용찬,2024,2024-07-17,한화,135.5,,146.5,,,130.8,,,130.4,,
이용찬,2024,2024-07-18,한화,139.4,,146.4,,,132.0,,,129.9,,
이용찬,2024,2024-07-21,KT,135.3,,145.0,,,129.0,,,128.2,,
이용찬,2024,2024-07-25,KIA,136.2,,144.9,,,,,,128.6,,
이용찬,2024,2024-07-28,롯데,136.9,,146.7,,123.0,,,,129.1,,
이용찬,2024,2024-08-01,키움,136.3,,145.0,,,,,,129.2,,
이용찬,2024,2024-08-02,KT,138.4,,145.9,,,131.0,,,130.2,,
이용찬,2024,2024-08-07,롯데,133.7,,141.0,,115.5,,,,,,
이용찬,2024,2024-08-11,LG,138.4,,146.3,,126.0,,,,129.5,,
이용찬,2024,2024-08-16,삼성,138.1,,145.8,,,127.6,,,130.4,,
이용찬,2024,2024-08-27,두산,136.3,,146.1,,125.0,127.0,,,129.1,,
이용찬,2024,2024-08-28,두산,134.4,,143.1,,121.0,131.0,,,127.0,,
이용찬,2024,2024-09-10,KT,134.1,,142.6,,122.7,131.0,,,128.4,,
이용찬,2024,2024-09-14,LG,135.0,,144.7,,125.3,133.5,,,129.8,,
이용찬,2024,2024-09-17,한화,137.3,,144.0,,126.0,132.0,,,,,
이용찬,2024,2024-09-19,한화,134.0,,143.6,,123.9,131.0,,,127.7,,
이용찬,2024,2024-09-26,SSG,134.7,,143.5,,124.8,129.0,,,128.0,,
이용찬,2023,2023-04-05,두산,140.1,,146.5,,,,,,130.5,,
이용찬,2023,2023-04-07,키움,137.7,,146.8,,125.0,,,,130.7,,
이용찬,2023,2023-04-09,키움,133.2,,145.7,,119.8,132.0,,,128.4,,
이용찬,2023,2023-04-11,KT,137.1,,147.7,,126.0,,,,130.3,,
이용찬,2023,2023-04-15,SSG,136.3,,148.0,,,138.0,,,131.3,,
이용찬,2023,2023-04-16,SSG,135.9,,146.3,,,,,,130.2,,
이용찬,2023,2023-04-18,LG,136.1,,148.0,,,,,,132.2,,
이용찬,2023,2023-04-21,롯데,136.9,,146.6,,122.0,134.5,,,131.0,,
이용찬,2023,2023-04-23,롯데,134.8,,144.8,,,,,,129.0,,
이용찬,2023,2023-04-28,한화,136.2,,145.7,,123.0,,,,128.9,,
이용찬,2023,2023-04-29,한화,134.4,,145.2,,121.0,,,,129.0,,
이용찬,2023,2023-05-10,KT,137.0,,143.6,,121.0,,,,127.0,,
이용찬,2023,2023-05-11,KT,132.1,,142.4,,120.0,,,,126.0,,
이용찬,2023,2023-05-14,키움,133.1,,144.2,,120.7,130.5,,,128.7,,
이용찬,2023,2023-05-16,SSG,137.8,,146.5,,,,,,130.8,,
이용찬,2023,2023-05-19,삼성,135.9,,145.3,,125.5,,,,131.5,,
이용찬,2023,2023-05-21,삼성,137.0,,145.7,,122.0,,,,130.8,,
이용찬,2023,2023-05-24,롯데,137.4,,145.8,,,,,,129.0,,
이용찬,2023,2023-05-30,두산,137.3,,147.7,,120.0,136.0,,,132.2,,
이용찬,2023,2023-06-14,두산,136.7,,145.4,,,,,,131.6,,
이용찬,2023,2023-06-17,KIA,136.9,,148.3,,124.5,136.0,,,132.2,,
이용찬,2023,2023-06-18,KIA,136.5,,147.5,,124.0,134.0,,,131.5,,
이용찬,2023,2023-06-20,LG,135.4,,146.2,,121.0,,,,130.3,,
이용찬,2023,2023-06-21,LG,138.2,,146.2,,,,,,131.8,,
이용찬,2023,2023-06-22,LG,135.8,,146.6,,,132.0,,,131.1,,
이용찬,2023,2023-06-28,두산,138.7,,147.7,,125.0,135.5,,,130.0,,
이용찬,2023,2023-07-01,KT,137.3,,146.5,,123.0,,,,130.2,,
이용찬,2023,2023-07-06,키움,136.6,,147.0,,126.0,135.0,,,130.6,,
이용찬,2023,2023-07-13,롯데,140.6,,146.7,,,134.0,,,130.7,,
이용찬,2023,2023-07-21,한화,135.5,,143.7,,,,,,127.3,,
이용찬,2023,2023-07-22,한화,135.8,,143.5,,122.5,,,,128.6,,
이용찬,2023,2023-07-25,KIA,142.2,,147.8,,,138.0,,,131.8,,
이용찬,2023,2023-07-27,KIA,136.3,,146.4,,,,,,131.2,,
이용찬,2023,2023-08-01,롯데,135.6,,145.0,,,,,,128.0,,
이용찬,2023,2023-08-04,키움,144.7,,147.4,,126.0,,,,131.0,,
이용찬,2023,2023-08-05,키움,140.8,,146.7,,127.5,,,,132.0,,
이용찬,2023,2023-08-08,SSG,142.0,,148.2,,,,,,131.7,,
이용찬,2023,2023-08-11,KT,133.8,,144.6,,123.0,,,,128.3,,
이용찬,2023,2023-08-12,KT,133.9,,143.7,,,,,,128.6,,
이용찬,2023,2023-08-15,한화,136.7,,144.9,,,,,,129.1,,
이용찬,2023,2023-08-17,한화,138.2,,146.1,,127.0,,,,130.2,,
이용찬,2023,2023-08-20,두산,143.4,,148.2,,,,,,131.2,,
이용찬,2023,2023-08-27,LG,141.1,,147.6,,,,,,130.2,,
이용찬,2023,2023-09-02,삼성,144.7,,148.5,,126.0,,,,133.0,,
이용찬,2023,2023-09-05,키움,139.1,,147.2,,123.0,,,,131.0,,
이용찬,2023,2023-09-08,롯데,138.4,,146.1,,,132.0,,,130.6,,
이용찬,2023,2023-09-09,롯데,139.5,,147.0,,,,,,130.8,,
이용찬,2023,2023-09-10,롯데,135.4,,145.7,,125.0,,,,130.2,,
이용찬,2023,2023-09-12,롯데,140.1,,146.4,,124.0,,,,130.0,,
이용찬,2023,2023-09-19,두산,138.3,,148.1,,126.0,,,,131.1,,
이용찬,2023,2023-09-22,LG,145.4,,146.9,,,,,,132.0,,
이용찬,2023,2023-09-24,두산,140.8,,146.4,,,,,,130.2,,
이용찬,2023,2023-10-02,한화,145.2,,145.2,,,,,,,,
이용찬,2023,2023-10-05,SSG,143.8,,147.8,,,,,,132.0,,
이용찬,2023,2023-10-07,SSG,141.8,,147.6,,,,,,130.8,,
이용찬,2023,2023-10-08,SSG,139.3,,146.0,,,,,,129.7,,
이용찬,2023,2023-10-10,한화,142.6,,147.8,,,,,,131.0,,
이용찬,2023,2023-10-13,LG,138.2,,146.9,,122.0,,,,130.6,,
이용찬,2023,2023-10-15,삼성,136.5,,146.0,,,,,,130.6,,
이용찬,2023,2023-10-17,KIA,129.0,,,,,,,,129.0,,
이용찬,2023,2023-10-19,두산,141.6,,147.8,,125.5,,,,132.1,,
이용찬,2023,2023-10-22,SSG,143.1,,147.6,,,,,,130.5,,
이용찬,2023,2023-10-23,SSG,139.3,,147.9,,127.0,135.4,,,132.2,,
이용찬,2023,2023-10-25,SSG,142.4,,146.4,,,136.0,,,131.5,,
이용찬,2023,2023-10-30,KT,144.3,,144.3,,,,,,,,
이용찬,2023,2023-10-31,KT,133.6,,144.5,,,132.7,,,129.7,,
이용찬,2023,2023-11-05,KT,144.4,,146.2,,,,,,134.0,,
이용찬,2022,2022-04-02,SSG,136.4,,145.8,,128.0,,,,132.8,,
이용찬,2022,2022-04-03,SSG,134.3,,146.8,,121.7,,,,131.2,,
이용찬,2022,2022-04-08,LG,144.4,,149.3,,130.0,,,,134.5,,
이용찬,2022,2022-04-09,LG,136.9,,148.0,,128.0,137.0,,,133.4,,
이용찬,2022,2022-04-13,키움,136.4,,146.0,,,,,,131.2,,
이용찬,2022,2022-04-17,KIA,136.5,,146.6,,125.3,135.0,,,130.5,,
이용찬,2022,2022-04-19,삼성,138.8,,148.0,,,,,,132.7,,
이용찬,2022,2022-04-20,삼성,137.9,,147.8,,123.5,137.0,,,131.9,,
이용찬,2022,2022-04-24,KT,137.0,,147.9,,128.0,137.5,,,132.5,,
이용찬,2022,2022-04-28,두산,138.8,,146.9,,124.5,137.5,,,132.0,,
이용찬,2022,2022-05-01,한화,137.3,,146.6,,124.5,,,,131.8,,
이용찬,2022,2022-05-03,삼성,134.4,,144.2,,122.0,,,,128.8,,
이용찬,2022,2022-05-08,LG,136.5,,146.2,,,137.0,,,131.1,,
이용찬,2022,2022-05-11,롯데,137.8,,146.2,,,,,,131.6,,
이용찬,2022,2022-05-12,롯데,138.5,,146.8,,129.0,,,,131.8,,
이용찬,2022,2022-05-13,SSG,137.2,,146.2,,,,,,131.6,,
이용찬,2022,2022-05-28,두산,140.1,,148.3,,127.0,,,,132.2,,
이용찬,2022,2022-05-29,두산,139.3,,146.4,,,135.0,,,133.4,,
이용찬,2022,2022-05-31,한화,137.5,,147.0,,,,,,128.0,,
이용찬,2022,2022-06-02,한화,135.6,,145.9,,128.0,,,,130.1,,
이용찬,2022,2022-06-03,롯데,139.5,,148.0,,,,,,131.0,,
이용찬,2022,2022-06-08,SSG,137.2,,148.6,,128.0,,,,131.6,,
이용찬,2022,2022-06-09,SSG,138.7,,147.4,,,,,,131.9,,
이용찬,2022,2022-06-11,삼성,138.8,,149.6,,130.8,,,,134.2,,
이용찬,2022,2022-06-17,한화,139.4,,146.7,,123.5,137.0,,,131.1,,
이용찬,2022,2022-06-19,한화,140.1,,147.2,,130.0,,,,131.0,,
이용찬,2022,2022-06-25,SSG,136.3,,145.0,,127.5,,,,,,
이용찬,2022,2022-07-03,삼성,137.8,,148.9,,119.0,,,,129.1,,
이용찬,2022,2022-07-05,한화,139.3,,148.2,,,,,,131.3,,
이용찬,2022,2022-07-06,한화,136.5,,147.2,,125.0,,,,132.8,,
이용찬,2022,2022-07-12,두산,140.8,,147.7,,,134.5,,,132.4,,
이용찬,2022,2022-07-13,두산,135.0,,146.3,,125.0,136.0,,,130.5,,
이용찬,2022,2022-07-22,LG,140.1,,148.7,,128.0,,,,132.0,,
이용찬,2022,2022-07-28,KIA,139.0,,147.5,,127.0,137.0,,,133.0,,
이용찬,2022,2022-07-29,키움,135.4,,148.0,,125.0,,,,132.4,,
이용찬,2022,2022-07-30,키움,137.5,,147.2,,123.5,138.0,,,130.0,,
이용찬,2022,2022-08-04,KT,140.1,,147.5,,,137.0,,,130.2,,
이용찬,2022,2022-08-07,롯데,134.1,,147.5,,121.3,133.0,,,129.3,,
이용찬,2022,2022-08-11,두산,143.3,,149.5,,,138.0,,,132.8,,
이용찬,2022,2022-08-14,LG,137.2,,147.2,,123.0,133.0,,,131.8,,
이용찬,2022,2022-08-17,한화,140.3,,146.9,,121.0,,,,131.3,,
이용찬,2022,2022-08-19,KIA,136.2,,148.1,,,133.0,,,130.4,,
이용찬,2022,2022-08-21,삼성,140.4,,144.3,,,134.0,,,130.0,,
이용찬,2022,2022-08-24,롯데,135.6,,148.0,,,137.0,,,129.8,,
이용찬,2022,2022-08-28,KT,139.9,,146.6,,,135.0,,,128.8,,
이용찬,2022,2022-09-01,SSG,140.1,,149.2,,,,,,132.5,,
이용찬,2022,2022-09-06,두산,134.9,,148.0,,,136.5,,,130.8,,
이용찬,2022,2022-09-08,KT,138.1,,148.2,,126.3,135.0,,,131.7,,
이용찬,2022,2022-09-10,롯데,136.9,,148.3,,,,,,131.2,,
이용찬,2022,2022-09-11,롯데,137.3,,146.4,,116.0,136.0,,,130.5,,
이용찬,2022,2022-09-18,키움,132.5,,146.0,,119.0,134.0,,,129.6,,
이용찬,2022,2022-09-21,두산,141.5,,148.9,,,137.7,,,133.5,,
이용찬,2022,2022-09-23,KIA,137.9,,146.8,,123.0,134.5,,,130.9,,
이용찬,2022,2022-09-27,키움,140.4,,149.1,,120.0,,,,130.6,,
이용찬,2022,2022-09-28,삼성,135.7,,148.2,,,134.0,,,129.6,,
이용찬,2022,2022-10-01,LG,134.6,,148.0,,121.0,,,,131.5,,
이용찬,2022,2022-10-02,LG,134.4,,147.7,,121.5,136.0,,,130.5,,
이용찬,2022,2022-10-05,롯데,134.7,,146.5,,,133.5,,,129.1,,
이용찬,2022,2022-10-08,한화,137.7,,146.9,,127.0,,,,129.7,,
이용찬,2021,2021-06-17,KT,136.9,,143.8,,127.7,133.0,,,131.0,,
이용찬,2021,2021-06-22,롯데,135.2,,145.3,,122.0,,,,128.8,,
이용찬,2021,2021-06-24,롯데,133.3,,144.7,,123.3,131.0,,,129.2,,
이용찬,2021,2021-06-26,SSG,135.7,,145.5,,125.8,,,,131.3,,
이용찬,2021,2021-07-06,두산,139.0,,147.0,,127.3,137.0,,,131.5,,
이용찬,2021,2021-08-11,롯데,136.6,,146.1,,118.0,,,,129.7,,
이용찬,2021,2021-08-12,롯데,139.3,,145.4,,126.7,,,,128.0,,
이용찬,2021,2021-08-14,한화,135.5,,145.8,,122.0,,,,129.2,,
이용찬,2021,2021-08-19,SSG,141.1,,148.4,,,,,,130.8,,
이용찬,2021,2021-08-20,LG,139.9,,144.6,,,,,,128.0,,
이용찬,2021,2021-08-22,LG,139.3,,146.7,,127.0,,,,130.0,,
이용찬,2021,2021-08-26,두산,134.6,,143.6,,123.8,134.0,,,129.3,,
이용찬,2021,2021-09-01,SSG,140.4,,147.2,,,,,,131.3,,
이용찬,2021,2021-09-03,LG,146.1,,148.1,,128.0,,,,,,
이용찬,2021,2021-09-05,롯데,138.3,,145.6,,117.5,127.0,,,126.0,,
이용찬,2021,2021-09-12,KIA,134.1,,146.6,,120.0,,,,130.0,,
이용찬,2021,2021-09-14,키움,135.4,,145.2,,121.0,,,,129.1,,
이용찬,2021,2021-09-16,LG,137.8,,147.2,,125.8,139.0,,,130.6,,
이용찬,2021,2021-09-17,LG,141.4,,146.0,,125.0,,,,130.5,,
이용찬,2021,2021-09-23,키움,145.0,,145.0,,,,,,,,
이용찬,2021,2021-09-24,키움,139.1,,146.0,,127.5,136.0,,,131.8,,
이용찬,2021,2021-09-26,삼성,139.3,,146.2,,127.5,,,,130.2,,
이용찬,2021,2021-09-28,KIA,138.4,,146.6,,126.0,,,,131.8,,
이용찬,2021,2021-09-30,SSG,141.3,,146.0,,,,,,132.0,,
이용찬,2021,2021-10-01,SSG,139.4,,148.6,,131.0,,,,130.0,,
이용찬,2021,2021-10-02,롯데,137.6,,145.9,,127.5,136.5,,,130.3,,
이용찬,2021,2021-10-05,KT,139.0,,146.3,,127.0,,,,131.4,,
이용찬,2021,2021-10-06,KT,136.6,,144.1,,125.0,,,,130.6,,
이용찬,2021,2021-10-10,두산,139.4,,147.4,,124.8,,,,132.0,,
이용찬,2021,2021-10-14,키움,138.1,,147.7,,119.7,,,,131.0,,
이용찬,2021,2021-10-16,LG,134.9,,146.7,,119.0,,,,130.0,,
이용찬,2021,2021-10-17,LG,137.0,,146.9,,126.4,,,,131.8,,
이용찬,2021,2021-10-19,KT,138.6,,146.3,,121.0,134.0,,,128.7,,
이용찬,2021,2021-10-20,SSG,136.4,,146.3,,127.0,,,,130.6,,
이용찬,2021,2021-10-23,KIA,135.8,,145.3,,122.8,,,,131.0,,
이용찬,2021,2021-10-24,KIA,138.2,,145.7,,123.5,,,,130.3,,
이용찬,2021,2021-10-27,KT,138.7,,147.5,,125.7,136.0,,,132.3,,
이용찬,2021,2021-10-28,KT,134.2,,145.5,,129.0,135.0,,,131.0,,
이용찬,2021,2021-10-29,삼성,141.6,,145.4,,126.0,,,,130.5,,
이용찬,2020,2020-05-10,KT,135.3,,143.7,,123.8,133.0,,,131.1,,
이용찬,2020,2020-05-16,KIA,135.0,140.0,141.5,,122.1,131.2,133.0,,128.7,,
이용찬,2020,2020-05-22,삼성,133.0,,142.2,,124.0,129.1,,,130.0,,
이용찬,2020,2020-05-28,SK,131.3,,140.7,,119.8,128.1,,,126.1,,
이용찬,2020,2020-06-03,KT,128.2,,137.8,,115.8,127.1,126.7,,124.3,,
이재학,2024,2024-03-27,키움,129.3,,139.7,128.0,119.0,,120.8,,,,
이재학,2024,2024-04-03,LG,130.2,,139.3,126.6,,,122.0,,,,
이재학,2024,2024-04-09,KT,131.1,,140.7,127.0,,128.0,122.6,,,,
이재학,2024,2024-04-14,삼성,129.1,,138.4,125.0,,,120.6,,,,
이재학,2024,2024-04-24,두산,128.8,,138.3,126.7,116.5,,121.5,,,,
이재학,2024,2024-04-30,LG,129.4,,140.6,127.9,118.0,,122.1,,,,
이재학,2024,2024-05-12,삼성,126.7,,138.8,126.3,116.0,,121.7,,,,
이재학,2024,2024-05-18,KIA,127.7,,137.9,126.2,116.0,,120.5,,,,
이재학,2024,2024-06-25,키움,128.7,,139.1,,,125.2,121.2,,,,
이재학,2024,2024-06-30,LG,130.4,,141.3,,118.0,127.8,122.3,,,,
이재학,2024,2024-07-13,키움,132.4,,140.5,128.0,,,122.5,,,,
이재학,2024,2024-07-26,롯데,131.2,,140.4,126.7,,,121.2,,,,
이재학,2024,2024-08-01,키움,127.9,,139.9,132.5,,,121.9,,,,
이재학,2024,2024-08-07,롯데,131.5,,139.3,,,126.0,120.4,,,,
이재학,2024,2024-08-13,SSG,131.6,,142.2,129.8,,,123.1,,,,
이재학,2024,2024-08-18,삼성,131.2,,141.3,127.9,118.0,,122.1,,,,
이재학,2024,2024-09-05,키움,130.0,,139.5,130.7,,,121.2,,,,
이재학,2024,2024-09-11,KT,128.5,,139.6,127.0,,125.0,120.1,,,,
이재학,2024,2024-09-17,한화,132.7,,141.6,126.0,,,121.5,,,,
이재학,2024,2024-09-24,두산,130.8,,139.3,126.7,,,120.7,,,,
이재학,2024,2024-10-01,롯데,130.8,,141.4,127.2,118.0,129.0,122.7,,,,
이재학,2023,2023-05-21,삼성,129.6,,140.4,,,123.6,123.6,,,,
이재학,2023,2023-05-27,한화,131.7,,140.6,,,130.6,123.2,,,,
이재학,2023,2023-06-04,LG,132.1,,140.4,,121.5,131.5,122.3,,,,
이재학,2023,2023-06-10,SSG,131.2,,141.0,,121.4,130.4,123.1,,,,
이재학,2023,2023-06-16,KIA,131.0,,140.9,,121.5,131.2,123.0,,,,
이재학,2023,2023-06-22,LG,133.4,,142.9,,120.5,131.0,124.4,,,,
이재학,2023,2023-08-24,SSG,130.7,,140.0,127.0,,129.9,120.9,,,,
이재학,2023,2023-09-02,삼성,131.0,,141.1,,,132.6,122.2,,,,
이재학,2023,2023-09-08,롯데,131.0,,139.8,,,131.2,121.6,,,,
이재학,2023,2023-09-15,삼성,135.3,,141.3,,,132.0,120.5,,,,
이재학,2023,2023-09-23,두산,129.3,,139.2,,,131.5,121.3,,,,
이재학,2023,2023-09-30,삼성,130.2,,141.7,,117.0,132.7,122.4,,,,
이재학,2023,2023-10-05,SSG,128.9,,139.3,130.0,,125.4,120.7,,,,
이재학,2023,2023-10-12,두산,129.6,,140.2,,119.3,132.0,121.7,,,,
이재학,2023,2023-10-15,삼성,129.5,,140.4,,,131.6,120.5,,,,
이재학,2023,2023-10-19,두산,128.0,,140.5,,,,122.4,,,,
이재학,2023,2023-10-23,SSG,128.6,,141.2,,,,122.3,,,,
이재학,2023,2023-10-25,SSG,131.8,,139.0,,,130.0,122.8,,,,
이재학,2023,2023-11-02,KT,125.3,,137.5,,,127.0,121.4,,,,
이재학,2023,2023-11-03,KT,129.4,,138.3,,,128.9,121.6,,,,
이재학,2022,2022-04-07,롯데,130.8,,138.7,,,131.2,125.0,132.0,,,
이재학,2022,2022-04-13,키움,131.3,,138.1,,,,125.0,,,,
이재학,2022,2022-04-19,삼성,132.7,,138.2,,,130.0,125.0,,,,
이재학,2022,2022-04-30,한화,130.3,,138.6,,,128.5,123.8,,,,
이재학,2022,2022-05-06,LG,131.2,,139.6,,,127.0,124.3,,,,
이재학,2022,2022-05-20,KIA,131.1,,139.1,,,130.0,124.2,,,,
이재학,2022,2022-05-26,KT,133.5,,139.2,,,,126.1,,,,
이재학,2022,2022-06-01,한화,130.0,,139.1,,,129.0,124.1,,,,
이재학,2022,2022-06-09,SSG,133.3,,139.7,,119.0,130.2,125.7,,,,
이재학,2022,2022-06-15,KIA,132.8,,139.1,,,130.3,125.5,,,,
이재학,2022,2022-06-21,KT,129.6,,136.5,,,129.0,123.0,,,,
이재학,2022,2022-07-07,한화,132.8,,141.0,,,,125.3,,,,
이재학,2022,2022-07-13,두산,133.6,,141.2,,,,125.7,,,,
이재학,2022,2022-07-27,KIA,129.6,,139.9,,,130.0,123.7,,,,
이재학,2022,2022-07-30,키움,130.6,,138.9,,,,124.9,,,,
이재학,2022,2022-08-03,KT,130.4,,140.0,,,,124.9,,,,
이재학,2022,2022-08-05,롯데,135.1,,139.5,,,,125.7,,,,
이재학,2022,2022-08-10,두산,133.3,,139.9,,,131.4,125.4,,,,
이재학,2022,2022-08-17,한화,132.6,,140.6,,,131.6,124.9,,,,
이재학,2022,2022-08-23,롯데,131.3,,139.4,,,130.6,124.5,,,,
이재학,2022,2022-08-26,키움,130.7,,137.0,,,130.5,123.8,,,,
이재학,2022,2022-09-04,한화,131.3,,139.8,,,131.0,124.4,,,,
이재학,2022,2022-09-07,두산,132.3,,139.8,,,,124.8,,,,
이재학,2022,2022-09-16,SSG,133.1,,139.9,,,,124.7,,,,
이재학,2022,2022-09-24,KIA,133.2,,139.6,,,131.0,125.0,,,,
이재학,2022,2022-10-08,한화,133.0,,139.2,,,133.0,123.6,,,,
이재학,2021,2021-04-07,롯데,128.5,,137.1,,,123.0,124.3,,,,
이재학,2021,2021-04-18,한화,128.7,,137.1,,,123.0,124.6,,,,
이재학,2021,2021-06-16,KT,129.3,,138.0,,,127.6,123.0,,,,
이재학,2021,2021-06-22,롯데,129.8,,137.8,,,128.0,123.8,,,,
이재학,2021,2021-06-27,SSG,130.5,,139.3,,,129.0,124.3,135.0,,,
이재학,2021,2021-08-13,한화,130.9,,139.8,,,132.3,124.5,,,,
이재학,2021,2021-08-22,LG,131.4,,139.6,,,,125.0,136.0,,,
이재학,2021,2021-08-29,한화,131.9,,140.3,,,,125.1,132.5,,,
이재학,2021,2021-09-04,롯데,133.5,,138.5,,,131.6,124.0,,,,
이재학,2021,2021-09-11,KIA,131.0,,139.9,,,,125.4,138.6,,,
이재학,2021,2021-09-17,LG,132.2,,140.2,,,132.2,125.6,,,,
이재학,2021,2021-09-23,키움,133.5,,140.1,,,,126.5,140.2,,,
이재학,2021,2021-09-29,KIA,131.3,,139.0,,,134.0,125.8,,,,
이재학,2021,2021-10-05,KT,131.7,,138.2,,,126.5,124.5,,,,
이재학,2021,2021-10-15,두산,131.7,,139.1,,,,124.5,,,,
이재학,2021,2021-10-22,KIA,129.7,,136.6,,,131.0,123.6,,,,
이재학,2021,2021-10-27,KT,131.5,,137.9,,,,125.5,,,,
이재학,2020,2020-05-08,LG,128.1,,135.0,,,123.3,120.9,,,,
이재학,2020,2020-05-15,SK,126.9,,134.5,,,,119.6,,,,
이재학,2020,2020-05-21,두산,125.9,,133.5,,,119.0,118.8,,,,
이재학,2020,2020-05-27,키움,127.7,,134.5,,,,119.0,,,,
이재학,2020,2020-06-02,SK,125.4,,133.0,,,,118.6,,,,
이재학,2020,2020-06-07,한화,124.7,,133.9,,,119.0,118.1,,,,
이재학,2020,2020-06-13,키움,126.3,,134.6,,,,119.9,,,,
이재학,2020,2020-06-20,한화,125.9,,135.6,,,,120.7,,,,
이재학,2020,2020-06-26,두산,126.5,,134.3,,,,119.3,,,,
이재학,2020,2020-07-02,롯데,126.8,,135.5,,,123.9,120.8,,,,
이재학,2020,2020-07-08,SK,127.8,139.0,136.6,,,125.2,119.6,,,,
이재학,2020,2020-07-14,키움,127.0,,135.3,,,125.0,119.8,,,,
이재학,2020,2020-07-19,KT,128.8,,136.6,,,119.0,121.4,,,,
이재학,2020,2020-07-28,롯데,129.6,,135.7,,,,121.7,,,,
이재학,2020,2020-08-05,한화,130.0,,135.5,,,125.0,121.2,,,,
이재학,2020,2020-08-15,LG,126.6,,133.9,,,,119.9,,,,
이재학,2020,2020-09-18,SK,129.0,,135.9,,,,121.8,,,,
이재학,2020,2020-09-27,한화,128.9,,134.4,,,,121.1,,,,
이재학,2020,2020-10-03,삼성,127.0,,133.9,,,122.0,120.9,,,,
임상현,2024,2024-06-06,두산,138.4,,145.4,,119.7,129.5,,,134.7,,
임상현,2024,2024-06-12,KT,135.5,,144.9,,119.5,129.1,,,134.2,,
임상현,2024,2024-06-18,두산,141.0,,146.6,,,130.7,,,139.0,,
임상현,2024,2024-08-07,롯데,132.8,,143.9,,118.4,128.5,,,,,
임상현,2024,2024-08-10,LG,139.7,,145.9,,121.0,129.3,,,,,
임상현,2024,2024-08-16,삼성,139.4,,145.4,,121.2,130.6,,,,,
임상현,2024,2024-08-28,두산,137.3,,144.8,,117.8,129.8,,,132.0,,
임상현,2024,2024-09-04,키움,139.0,,144.4,,119.5,129.8,,,,,
임상현,2024,2024-09-06,KT,139.4,,145.2,,119.7,129.5,,,133.0,,
임상현,2024,2024-09-12,KT,135.8,,142.1,,116.7,126.7,,,129.7,,
임상현,2024,2024-09-18,한화,135.4,,143.4,,115.4,126.7,,,131.1,,
임상현,2024,2024-09-27,롯데,133.0,,142.7,,117.9,128.9,,,133.3,,
임정호,2024,2024-03-23,두산,129.3,135.5,,,116.0,129.0,129.5,,,,
임정호,2024,2024-03-27,키움,129.5,136.0,,,117.0,129.2,,,,,
임정호,2024,2024-03-29,롯데,128.2,134.0,,,116.5,128.5,132.0,,,,
임정호,2024,2024-03-31,롯데,128.1,133.9,,,114.8,126.5,,,,,
임정호,2024,2024-04-02,LG,125.3,134.8,,,114.6,127.8,129.0,,,,
임정호,2024,2024-04-04,LG,129.5,134.5,,,115.7,126.4,130.0,,,,
임정호,2024,2024-04-05,SSG,128.1,135.0,,,116.0,127.9,128.0,,,,
임정호,2024,2024-04-10,KT,130.3,135.8,,,117.0,128.4,,,,,
임정호,2024,2024-04-11,KT,126.1,137.0,,,114.8,128.4,133.0,,,,
임정호,2024,2024-04-13,삼성,127.1,134.0,,,117.5,129.0,,,,,
임정호,2024,2024-04-16,한화,128.3,132.4,,,117.0,126.4,,,,,
임정호,2024,2024-04-17,한화,136.0,136.0,,,,,,,,,
임정호,2024,2024-04-21,KIA,132.1,136.6,,,,128.2,131.5,,,,
임정호,2024,2024-04-23,두산,126.7,133.0,,,115.0,126.5,126.0,,,,
임정호,2024,2024-04-30,LG,131.8,136.0,,,118.5,128.8,,,,,
임정호,2024,2024-05-17,KIA,128.2,134.5,,,115.5,129.4,,,,,
임정호,2024,2024-05-19,KIA,131.1,135.2,,,116.0,128.5,,,,,
임정호,2024,2024-05-21,키움,126.3,133.7,,,115.0,129.2,,,,,
임정호,2024,2024-05-22,키움,122.0,,,,116.0,128.0,,,,,
임정호,2024,2024-05-25,LG,127.2,133.3,,,116.3,128.1,131.0,,,,
임정호,2024,2024-05-28,KIA,128.6,135.8,,,115.6,129.2,129.8,,,,
임정호,2024,2024-05-30,KIA,130.9,134.5,,,113.0,128.6,,,,,
임정호,2024,2024-05-31,롯데,127.8,132.3,,,116.0,126.8,,,,,
임정호,2024,2024-06-02,롯데,127.5,,,,,127.5,,,,,
임정호,2024,2024-06-14,삼성,130.0,139.3,,,119.3,131.3,,,,,
임정호,2024,2024-06-16,삼성,128.9,137.8,,,118.0,129.6,130.2,,,,
임정호,2024,2024-06-20,두산,128.8,136.0,,,116.8,129.8,130.0,,,,
임정호,2024,2024-06-21,SSG,124.8,,,,118.0,130.7,129.5,,,,
임정호,2024,2024-06-23,SSG,129.4,138.0,,,120.0,131.7,131.0,,,,
임정호,2024,2024-06-25,키움,128.7,134.0,,,117.3,129.7,,,,,
임정호,2024,2024-06-27,키움,128.7,135.1,,,117.5,128.6,129.0,,,,
임정호,2024,2024-06-30,LG,134.1,139.0,,,,131.2,,,,,
임정호,2024,2024-07-04,SSG,129.5,136.0,,,118.0,130.0,130.2,,,,
임정호,2024,2024-07-11,삼성,129.5,136.0,,,118.0,128.7,,,,,
임정호,2024,2024-07-13,키움,130.7,136.7,,,118.5,129.0,,,,,
임정호,2024,2024-07-18,한화,130.7,137.4,,,117.5,129.5,,,,,
임정호,2024,2024-07-19,KT,130.9,137.0,,,,130.3,128.2,,,,
임정호,2024,2024-07-26,롯데,127.7,,,,119.7,131.2,131.0,,,,
임정호,2024,2024-07-28,롯데,130.3,133.8,,,119.7,129.9,129.4,,,,
임정호,2024,2024-07-30,키움,132.0,135.3,,,120.0,130.4,,,,,
임정호,2024,2024-08-01,키움,129.3,135.8,,,117.3,130.0,132.0,,,,
임정호,2024,2024-08-04,KT,129.2,137.0,,,118.8,130.4,,,,,
임정호,2024,2024-08-06,롯데,128.8,135.0,,,117.0,129.4,128.0,,,,
임정호,2024,2024-08-09,LG,131.7,136.5,,,,130.3,,,,,
임정호,2024,2024-08-11,LG,127.4,135.2,,,116.5,129.0,,,,,
임정호,2024,2024-08-13,SSG,127.2,133.3,,,118.7,130.1,129.0,,,,
임정호,2024,2024-08-15,SSG,131.3,137.0,,,,130.2,,,,,
임정호,2024,2024-08-16,삼성,129.7,139.0,,,121.0,129.7,,,,,
임정호,2024,2024-08-17,삼성,129.0,137.0,,,118.5,129.5,,,,,
임정호,2024,2024-08-20,한화,127.7,132.5,,,117.2,128.3,,,,,
임정호,2024,2024-08-21,한화,128.6,134.7,,,117.7,126.9,127.2,,,,
임정호,2024,2024-08-24,KIA,129.7,136.3,,,118.5,130.0,,,,,
임정호,2024,2024-08-25,KIA,131.3,136.0,,,120.0,130.4,,,,,
임정호,2024,2024-08-27,두산,132.8,137.0,,,,132.2,132.0,,,,
임정호,2024,2024-08-28,두산,131.0,136.3,,,118.0,130.2,,,,,
임정호,2024,2024-09-01,SSG,129.1,,,,120.0,130.8,130.0,,,,
임정호,2024,2024-09-03,키움,129.4,137.5,,,119.2,130.4,,,,,
임정호,2024,2024-09-05,키움,129.5,135.3,,,120.0,130.7,,,,,
임정호,2024,2024-09-10,KT,130.8,135.8,,,118.0,129.7,130.0,,,,
임정호,2024,2024-09-14,LG,128.3,132.8,,,118.0,124.5,,,,,
임정호,2024,2024-09-15,LG,131.1,137.1,,,118.7,130.3,,,,,
임정호,2024,2024-09-17,한화,131.5,138.1,,,119.0,131.2,,,,,
임정호,2024,2024-09-19,한화,130.1,137.0,,,118.5,129.7,,,,,
임정호,2024,2024-09-29,한화,128.2,135.3,,,117.8,128.4,,,,,
임정호,2024,2024-10-01,롯데,130.0,135.5,,,117.5,129.1,,,,,
임정호,2023,2023-04-02,삼성,131.4,135.0,,,116.5,128.2,,,,,
임정호,2023,2023-04-05,두산,136.3,137.8,,,117.0,,,,,,
임정호,2023,2023-04-08,키움,131.0,137.0,,,117.0,131.5,,,,,
임정호,2023,2023-04-09,키움,130.8,136.8,,,115.0,127.7,,,132.0,,
임정호,2023,2023-04-12,KT,133.1,137.8,,,116.0,127.0,,,133.2,,
임정호,2023,2023-04-14,SSG,130.0,135.4,,,115.0,127.6,,,,,
임정호,2023,2023-04-16,SSG,130.9,137.1,,,117.0,128.6,,,,,
임정호,2023,2023-04-18,LG,130.2,139.2,,,115.5,128.5,,,,,
임정호,2023,2023-04-21,롯데,134.1,136.5,,,,129.7,,,,,
임정호,2023,2023-04-23,롯데,136.4,136.9,,,,129.0,,,,,
임정호,2023,2023-04-28,한화,138.1,138.1,,,,,,,,,
임정호,2023,2023-04-30,한화,133.7,136.6,,,118.0,131.0,,,,,
임정호,2023,2023-05-03,LG,131.6,136.8,,,115.0,128.3,,,,,
임정호,2023,2023-05-11,KT,134.4,135.1,,,,129.0,,,,,
임정호,2023,2023-05-12,키움,131.1,135.6,,,115.0,126.8,,,133.0,,
임정호,2023,2023-05-17,SSG,134.8,138.4,,,119.0,129.0,,,132.0,,
임정호,2023,2023-05-19,삼성,128.1,138.8,,,115.5,127.7,,,,,
임정호,2023,2023-05-21,삼성,130.6,136.0,,,115.0,125.0,,,,,
임정호,2023,2023-05-24,롯데,125.0,132.0,,,119.0,124.5,,,,,
임정호,2023,2023-05-27,한화,133.2,137.0,,,118.0,,,,133.0,,
임정호,2023,2023-05-31,두산,130.1,138.5,,,,126.8,,,,,
임정호,2023,2023-06-02,LG,132.8,136.4,,,,126.5,,,,,
임정호,2023,2023-06-03,LG,131.2,136.1,,,117.0,128.5,,,,,
임정호,2023,2023-06-07,삼성,136.5,140.8,,,121.0,133.0,,,,,
임정호,2023,2023-06-08,삼성,130.8,137.8,,,117.3,127.8,,,133.7,,
임정호,2023,2023-06-15,두산,136.0,138.7,,,117.0,128.0,,,,,
임정호,2023,2023-06-16,KIA,132.4,136.5,138.8,,116.5,128.6,,,,,
임정호,2023,2023-06-18,KIA,131.3,139.5,,,120.0,129.7,,,,,
임정호,2023,2023-06-20,LG,131.4,138.6,140.0,,118.7,127.8,,,,,
임정호,2023,2023-06-21,LG,128.3,137.0,,,117.0,127.0,,,,,
임정호,2023,2023-06-27,두산,130.7,136.0,,,,128.0,,,,,
임정호,2023,2023-06-28,두산,132.1,138.7,,,117.5,127.8,,,,,
임정호,2023,2023-07-02,KT,134.6,139.2,,,,128.3,,,,,
임정호,2023,2023-07-04,키움,131.1,136.0,,,117.0,129.1,,,,,
임정호,2023,2023-07-06,키움,127.8,135.0,,,117.0,127.7,,,,,
임정호,2023,2023-07-29,KT,131.1,139.4,,,118.4,130.8,133.3,,,,
임정호,2023,2023-08-01,롯데,129.5,135.0,,,116.0,127.4,,,,,
임정호,2023,2023-08-05,키움,131.4,137.9,,,116.0,129.8,,,,,
임정호,2023,2023-08-06,키움,132.3,136.9,,,114.0,,129.0,,,,
임정호,2023,2023-08-09,SSG,130.8,140.0,,,120.0,131.0,131.0,,,,
임정호,2023,2023-08-13,KT,132.6,136.8,,,,130.0,128.2,,,,
임정호,2023,2023-08-15,한화,130.2,139.0,,,119.0,131.0,,,,,
임정호,2023,2023-08-17,한화,132.1,138.3,,,118.7,130.5,133.0,,,,
임정호,2023,2023-08-20,두산,137.0,139.3,,,,130.0,,,,,
임정호,2023,2023-08-26,LG,130.6,136.3,,,117.5,128.0,,,,,
임정호,2023,2023-08-27,LG,134.1,138.5,,,,128.8,,,,,
임정호,2023,2023-09-02,삼성,136.0,140.0,,,,132.0,,,,,
임정호,2023,2023-09-06,키움,132.7,139.0,,,120.6,131.3,,,,,
임정호,2023,2023-09-08,롯데,133.1,138.5,,,121.0,131.8,,,135.0,,
임정호,2023,2023-09-09,롯데,128.9,137.0,,,119.5,130.2,130.5,,,,
임정호,2023,2023-09-12,롯데,130.0,137.5,,,120.0,129.3,130.2,,,,
임정호,2023,2023-09-15,삼성,128.3,138.8,,,119.9,131.6,,,,,129.0
임정호,2023,2023-09-19,두산,133.0,,,,,133.0,,,,,
임정호,2023,2023-09-21,키움,130.0,139.7,,,121.0,130.7,,,,,
임정호,2023,2023-09-22,LG,129.2,137.2,,,119.2,129.2,132.0,,,,
임정호,2023,2023-09-24,두산,135.5,138.6,,,,130.3,,,,,
임정호,2023,2023-09-27,KIA,121.0,,,,121.0,,,,,,
임정호,2023,2023-10-01,한화,128.9,136.6,,,117.2,129.1,131.0,,,,
임정호,2023,2023-10-04,SSG,132.2,138.0,,,119.3,132.4,133.0,,,,
임정호,2023,2023-10-05,SSG,129.0,138.0,,,117.0,129.5,134.0,,,,
임정호,2023,2023-10-07,SSG,135.6,140.0,,,120.0,133.2,134.0,,,,
임정호,2023,2023-10-08,SSG,134.5,139.0,,,,133.4,133.0,,,,
임정호,2023,2023-10-10,한화,130.3,138.2,,,118.8,131.0,131.0,,,,
임정호,2023,2023-10-15,삼성,130.0,140.0,,,119.0,130.5,,,,,
임정호,2023,2023-10-16,KIA,133.5,138.6,,,,131.3,,,,,
임정호,2023,2023-10-19,두산,125.0,,,,120.0,128.3,,,,,
임정호,2023,2023-10-25,SSG,131.1,138.0,,,118.5,130.0,132.1,,,,
임정호,2023,2023-10-31,KT,133.5,135.0,,,,,132.0,,,,
임정호,2022,2022-04-03,SSG,137.5,137.0,137.7,,,,,,,,
임정호,2022,2022-04-21,삼성,128.6,139.5,139.0,,116.0,128.7,131.5,,,,
임정호,2022,2022-04-27,두산,131.1,139.2,,,118.0,130.4,,,,,
임정호,2022,2022-04-30,한화,129.8,,,,,129.8,,,,,
임정호,2022,2022-05-01,한화,125.0,,,,,125.0,,,,,
임정호,2022,2022-07-12,두산,132.4,139.8,,,116.0,131.4,,,,,
임정호,2022,2022-07-22,LG,129.5,139.5,,,117.8,130.4,,,,,
임정호,2022,2022-07-24,LG,132.4,139.6,,,117.5,131.7,,,,,
임정호,2022,2022-07-28,KIA,129.7,136.5,,,120.3,132.2,,,,,
임정호,2022,2022-07-29,키움,133.3,138.7,,,118.0,130.0,,,,,
임정호,2022,2022-08-04,KT,133.1,140.2,,,117.5,132.5,,,,,
임정호,2022,2022-08-06,롯데,128.2,136.7,,,117.2,129.8,,,,,
임정호,2022,2022-08-10,두산,133.4,139.4,,,116.0,131.6,,,,,
임정호,2022,2022-08-11,두산,130.0,,,,,130.0,,,,,
임정호,2022,2022-08-14,LG,134.9,138.9,,,120.0,130.2,,,,,
임정호,2022,2022-08-17,한화,131.3,139.8,,,119.7,131.6,,,,,
임정호,2022,2022-08-18,KIA,128.6,138.0,,,117.3,130.3,,,,,
임정호,2022,2022-08-21,삼성,129.6,137.0,,,116.0,130.0,,,,,
임정호,2022,2022-08-24,롯데,128.3,137.2,,,117.2,130.2,,,,,
임정호,2022,2022-08-25,키움,129.3,137.0,,,118.7,129.6,,,,,
임정호,2022,2022-09-06,두산,130.6,138.7,,,116.8,129.9,,,134.3,,
임정호,2022,2022-09-10,롯데,131.6,137.8,,,117.0,129.6,,,,,
임정호,2022,2022-09-14,삼성,127.4,135.2,,,117.0,131.2,,,,,
임정호,2022,2022-09-17,키움,131.1,137.2,,,114.5,130.7,,,,,
임정호,2022,2022-09-21,두산,129.0,137.8,,,117.2,131.0,,,,,
임정호,2022,2022-09-23,KIA,127.7,136.8,,,115.3,128.0,,,,,
임정호,2022,2022-09-27,키움,133.9,138.8,,,116.0,132.5,,,,,
임정호,2022,2022-09-28,삼성,133.9,137.9,,,116.0,129.3,,,,,
임정호,2022,2022-09-30,LG,134.7,139.1,,,119.0,130.3,,,,,
임정호,2022,2022-10-01,LG,131.8,138.5,,,116.5,129.2,,,,,
임정호,2022,2022-10-06,SSG,133.8,139.6,,,117.0,127.0,134.0,,,,
임정호,2022,2022-10-08,한화,135.7,138.7,,,,130.6,,,,,
임정호,2022,2022-10-10,KT,128.8,134.7,,,115.0,125.2,125.0,,,,
임정호,2021,2021-04-04,LG,126.3,134.0,134.0,,115.0,123.9,,,,,
임정호,2021,2021-04-06,롯데,122.3,,,,,122.3,,,,,
임정호,2021,2021-04-09,KIA,125.9,135.3,,,115.4,125.4,,,,,
임정호,2021,2021-04-13,SSG,123.2,133.0,,,116.0,124.7,,,,,
임정호,2021,2021-04-14,SSG,125.0,131.5,,,,123.1,,,,,
임정호,2021,2021-04-17,한화,124.8,134.5,,,112.0,125.4,,,,,
임정호,2021,2021-04-20,KT,133.0,134.7,,,,128.0,,,,,
임정호,2021,2021-04-21,KT,124.3,,,,115.0,127.3,,,,,
임정호,2021,2021-04-23,두산,131.8,135.6,,,117.0,128.0,,,,,
임정호,2021,2021-04-29,삼성,131.5,134.8,,,117.0,126.3,,,,,
임정호,2021,2021-05-01,키움,128.0,136.2,,,114.0,126.2,129.5,,,,
임정호,2021,2021-05-02,키움,133.5,135.9,,,,128.0,,,,,
임정호,2021,2021-05-05,SSG,127.4,136.0,134.0,,114.0,126.0,,,,,
임정호,2021,2021-05-08,KT,126.0,133.0,,,113.0,124.7,,,,,
임정호,2021,2021-05-11,한화,130.1,135.6,,,115.0,126.0,,,,,
임정호,2021,2021-05-12,한화,132.0,133.8,,,,125.0,,,,,
임정호,2021,2021-05-13,한화,127.7,137.7,,,116.0,128.2,,,,,
임정호,2021,2021-05-15,KIA,128.3,136.0,,,113.0,127.0,,,,,
임정호,2021,2021-05-18,LG,124.7,,,,115.0,126.3,,,,,
임정호,2021,2021-05-19,LG,125.8,135.0,,,115.0,127.6,,,,,
임정호,2021,2021-05-23,키움,126.4,138.0,,,116.7,127.9,,,,,
임정호,2021,2021-05-27,삼성,131.1,137.1,,,116.5,128.4,,,,,
임정호,2021,2021-05-30,롯데,132.5,137.0,,,,128.0,,,,,
임정호,2021,2021-06-01,두산,125.4,133.2,136.5,,115.3,127.7,,,,,
임정호,2021,2021-06-02,두산,127.8,136.0,,,,126.8,124.0,,,,
임정호,2021,2021-06-04,한화,131.0,137.0,,,118.0,128.2,,,,,
임정호,2021,2021-06-06,한화,127.3,137.0,,,115.0,127.7,,,,,
임정호,2021,2021-06-08,LG,131.7,137.2,,,115.0,130.1,,,,,
임정호,2021,2021-06-10,LG,129.2,137.7,,,117.7,130.4,,,,,
임정호,2021,2021-06-11,삼성,127.8,,,,118.0,130.2,,,,,
임정호,2021,2021-06-13,삼성,129.0,,,,,129.0,,,,,
임정호,2021,2021-06-18,키움,125.8,136.0,,,113.0,126.7,,,,,
임정호,2021,2021-06-19,키움,131.2,135.0,137.0,,,128.0,,,,,
임정호,2021,2021-06-22,롯데,127.4,137.0,,,115.5,128.0,,,,,
임정호,2021,2021-06-25,SSG,128.9,137.0,,,115.0,126.9,127.5,,,,
임정호,2021,2021-06-26,SSG,126.4,138.5,,,114.0,127.0,,,,,
임정호,2021,2021-07-02,삼성,128.9,136.5,,,116.0,125.9,,,,,
임정호,2021,2021-07-06,두산,136.3,139.6,,,,128.0,,,,,
임정호,2021,2021-08-13,한화,133.6,138.0,,,117.0,127.8,,,,,
임정호,2021,2021-08-15,한화,133.7,138.3,,,,129.0,,,,,
임정호,2021,2021-08-19,SSG,132.6,137.5,,,,127.0,128.5,,,,
임정호,2021,2021-08-22,LG,132.4,136.2,,,,127.8,,,,,
임정호,2021,2021-08-26,두산,134.5,136.4,,,,127.0,,,,,
임정호,2021,2021-08-28,한화,126.6,134.3,,,116.3,127.3,,,,,
임정호,2021,2021-09-01,SSG,132.5,138.3,,,115.0,128.0,,,,,
임정호,2021,2021-09-03,LG,134.6,138.3,,,,129.4,,,,,
임정호,2021,2021-09-08,한화,127.3,135.8,,,116.7,126.8,,,,,
임정호,2021,2021-09-11,KIA,128.3,138.0,,,115.0,127.0,,,,,
임정호,2021,2021-09-12,KIA,133.2,137.3,,,,128.5,,,,,
임정호,2021,2021-09-17,LG,129.1,136.6,,,117.2,127.9,,,,,
임정호,2021,2021-09-23,키움,129.5,136.2,,,116.0,126.6,129.5,,,,
임정호,2021,2021-10-05,KT,130.5,137.2,,,115.0,126.8,,,,,
임정호,2021,2021-10-07,삼성,125.4,136.5,,,116.0,127.0,,,,,
임정호,2021,2021-10-10,두산,131.5,138.3,,,118.0,129.8,,,,,
임정호,2021,2021-10-16,LG,128.8,137.0,,,,126.8,,,,,
임정호,2021,2021-10-20,SSG,127.3,135.0,136.0,,115.0,126.0,,,,,
임정호,2021,2021-10-22,KIA,130.5,135.5,,,,125.5,,,,,
임정호,2021,2021-10-23,KIA,125.8,132.0,,,116.0,126.5,,,,,
임정호,2021,2021-10-26,SSG,132.6,135.5,,,,128.9,,,,,
임정호,2021,2021-10-29,삼성,129.4,135.7,,,114.7,126.8,,,,,
임정호,2020,2020-05-06,삼성,127.8,,135.7,,115.0,128.3,128.0,,,,
임정호,2020,2020-05-10,LG,124.9,,135.2,,114.2,125.3,,,,,
임정호,2020,2020-05-13,KT,127.0,,141.0,,114.0,126.7,127.0,,,,
임정호,2020,2020-05-14,KT,122.4,,,,113.0,125.5,,,,,
임정호,2020,2020-05-16,SK,126.4,,134.0,,115.0,126.2,131.0,,,,
임정호,2020,2020-05-19,두산,125.7,,137.0,,116.5,126.2,,,,,
임정호,2020,2020-05-20,두산,127.1,,135.4,,115.3,126.1,,,,,
임정호,2020,2020-05-24,한화,128.3,,136.3,,114.0,125.0,,,,,
임정호,2020,2020-05-26,키움,126.0,134.0,135.0,,115.0,123.0,,,,,
임정호,2020,2020-05-28,키움,127.0,135.0,133.0,,114.5,125.3,,,,,
임정호,2020,2020-05-29,삼성,130.8,138.0,135.0,,117.0,128.0,,,,,
임정호,2020,2020-06-03,SK,130.6,136.7,137.0,,114.5,127.0,,,,,
임정호,2020,2020-06-07,한화,131.0,136.0,,,116.0,,,,,,
임정호,2020,2020-06-09,두산,124.9,134.0,135.4,,114.2,125.4,,,,,
임정호,2020,2020-06-11,두산,128.7,133.0,135.7,,117.0,126.6,,,,,
임정호,2020,2020-06-12,키움,126.6,,133.3,,113.0,125.2,,,,,
임정호,2020,2020-06-14,키움,125.2,,135.1,,113.6,124.0,,,,,
임정호,2020,2020-06-16,KIA,127.4,,136.6,,114.8,126.4,,137.0,,,
임정호,2020,2020-06-21,한화,129.0,136.5,135.7,,116.0,124.6,,,,,
임정호,2020,2020-06-25,KT,128.2,135.9,,,115.2,127.2,,,,,
임정호,2020,2020-06-26,두산,129.8,136.5,135.0,,114.5,125.7,,,,,
임정호,2020,2020-06-30,롯데,131.0,135.0,,,,127.0,,,,,
임정호,2020,2020-07-01,롯데,127.8,136.5,,,118.0,124.0,,,,,
임정호,2020,2020-07-05,KIA,124.8,,136.0,,113.5,126.1,,,,,
임정호,2020,2020-07-07,SK,125.2,,,,116.0,127.5,,,,,
임정호,2020,2020-07-09,SK,128.8,140.0,138.0,,114.0,127.7,,,,,
임정호,2020,2020-07-11,LG,126.9,136.0,137.7,,115.0,127.9,,,,,
임정호,2020,2020-07-15,키움,128.6,137.8,,,116.3,127.2,,,,,
임정호,2020,2020-07-17,KT,130.3,137.1,,,115.5,125.4,,,,,
임정호,2020,2020-07-21,삼성,129.7,137.0,,,,126.0,,,,,
임정호,2020,2020-07-28,롯데,126.0,,137.0,,116.0,125.7,,,,,
임정호,2020,2020-07-31,두산,131.6,137.0,139.3,,117.3,130.0,,,,,
임정호,2020,2020-08-01,두산,126.1,136.4,,,114.2,127.0,,,,,
임정호,2020,2020-08-02,두산,125.2,133.8,,,114.7,124.9,,,,,
임정호,2020,2020-08-06,한화,128.1,137.0,137.5,,116.0,128.1,,,,,
임정호,2020,2020-08-09,KIA,129.8,138.3,137.0,,116.5,128.3,,,,,
임정호,2020,2020-08-14,LG,130.5,131.2,139.5,,117.0,128.5,,,,,
임정호,2020,2020-08-16,LG,121.9,129.0,132.5,,114.8,,,,,,
임정호,2020,2020-08-21,KIA,132.4,138.0,,,114.0,127.5,,,,,
임정호,2020,2020-08-25,한화,121.5,,,,115.0,128.0,,,,,
임정호,2020,2020-08-26,한화,129.5,135.0,,,,127.7,,,,,
임정호,2020,2020-08-27,두산,137.6,139.0,139.7,,,130.0,,,,,
임정호,2020,2020-08-30,SK,128.5,,,,,128.5,,,,,
임정호,2020,2020-09-01,키움,130.7,138.0,,,116.0,,,,,,
임정호,2020,2020-09-03,LG,131.9,,138.5,,,129.2,,,,,
임정호,2020,2020-09-04,LG,131.1,,137.3,,117.0,129.7,,,,,
임정호,2020,2020-09-09,롯데,131.0,138.2,,,116.0,128.7,,,,,
임정호,2020,2020-09-10,KT,130.2,134.3,134.7,,114.0,127.0,,,,,
임정호,2020,2020-09-12,KIA,127.1,,136.0,,115.0,126.7,,,,,
임정호,2020,2020-09-16,두산,131.9,137.0,,,116.0,129.5,,,,,
임정호,2020,2020-09-18,SK,126.3,130.3,,,114.5,127.8,,,,,
임정호,2020,2020-09-20,롯데,125.1,136.5,136.0,,114.8,126.0,,,,,
임정호,2020,2020-09-23,삼성,128.6,136.7,,,116.0,128.8,127.0,,,,
임정호,2020,2020-09-24,LG,127.9,136.0,137.5,,114.7,127.0,,,,,
임정호,2020,2020-09-29,SK,130.3,136.0,,,,128.0,,,,,
임정호,2020,2020-10-03,삼성,128.8,137.0,,,115.0,127.6,,,,,
임정호,2020,2020-10-04,삼성,123.0,138.0,,,113.3,127.7,,,,,
임정호,2020,2020-10-06,키움,126.1,137.0,138.5,,115.8,127.9,,,,,
임정호,2020,2020-10-07,키움,128.8,136.0,139.0,,115.0,127.7,,,,,
임정호,2020,2020-10-10,LG,129.9,138.2,138.0,,116.0,128.6,,,,,
임정호,2020,2020-10-11,LG,129.5,137.0,,,,127.0,,,,,
임정호,2020,2020-10-14,KIA,127.3,136.3,,,114.0,127.3,,,,,
임정호,2020,2020-10-15,KIA,130.3,133.7,,,112.0,125.0,,,,,
임정호,2020,2020-10-16,롯데,125.0,,,,,125.0,,,,,
임정호,2020,2020-10-24,LG,130.7,134.0,,,,124.0,,,,,
임정호,2020,2020-10-28,롯데,130.3,136.0,,,,124.7,,,,,
임정호,2020,2020-10-30,삼성,123.8,135.0,,,112.0,124.0,,,,,
임정호,2020,2020-11-17,두산,127.5,134.0,137.0,,115.0,126.8,,,,,
임정호,2020,2020-11-18,두산,126.5,134.5,135.0,,113.5,125.2,,,,,
임정호,2020,2020-11-20,두산,124.1,134.0,,,114.7,124.8,,,,,
임정호,2020,2020-11-21,두산,121.8,,,,114.0,123.8,,,,,
임정호,2020,2020-11-24,두산,126.0,,,,,126.0,,,,,
전루건,2024,2024-07-10,삼성,134.7,,141.6,,,128.8,,,124.0,,
전루건,2024,2024-08-04,KT,142.6,,145.4,,,132.7,,,,,
전루건,2024,2024-08-07,롯데,139.5,,144.8,,,133.0,,,132.0,,
전루건,2024,2024-08-10,LG,138.7,,144.9,,,134.0,,,129.5,,
전루건,2024,2024-09-27,롯데,140.8,,144.8,,,134.2,,,129.5,,
전루건,2024,2024-09-30,KIA,139.9,,143.7,,,133.6,,,,,
전루건,2022,2022-09-02,롯데,140.6,,146.0,,,134.0,,,135.0,,
전루건,2022,2022-09-07,NC,141.4,,144.3,,,130.7,,,,,
전루건,2022,2022-09-13,LG,139.3,,145.6,,114.0,133.0,,,135.0,,
전루건,2022,2022-09-15,삼성,137.5,,146.4,,118.5,135.0,,,132.9,,
전루건,2022,2022-09-18,SSG,130.9,,145.0,,113.0,130.0,,,130.6,,
전루건,2022,2022-09-21,NC,142.9,,146.8,,,136.3,,,,,
전루건,2022,2022-09-24,SSG,141.4,,146.9,,,135.4,,,134.7,,
전루건,2022,2022-09-28,KT,135.9,,141.2,,112.0,132.2,,,126.7,,
전루건,2022,2022-09-30,삼성,137.6,,142.8,,,131.8,,,129.0,,
전사민,2024,2024-05-03,SSG,141.2,,146.6,,,136.0,132.5,,,,
전사민,2024,2024-05-09,KT,135.4,142.4,,,,130.2,,,125.5,,
전사민,2024,2024-05-12,삼성,140.6,144.8,,,,134.2,,,,,
전사민,2024,2024-05-18,KIA,141.0,146.2,,,,135.3,,,132.0,,
전사민,2024,2024-05-24,LG,143.2,145.9,,,,137.8,,,,,
전사민,2024,2024-05-28,KIA,142.8,145.9,146.0,,,135.1,,,,,
전사민,2024,2024-05-30,KIA,143.3,145.3,146.5,,,137.4,135.0,,,,
전사민,2024,2024-06-02,롯데,138.7,143.7,143.8,,,132.6,,,131.0,,
전사민,2024,2024-06-06,두산,140.1,144.6,,,,134.7,131.0,,132.0,,
전사민,2024,2024-06-12,KT,139.2,142.5,145.0,,,132.1,,,134.0,,
전사민,2024,2024-06-18,두산,136.3,143.5,,,,134.1,,,130.6,,
전사민,2024,2024-06-22,SSG,138.3,142.5,144.0,,,133.3,,,131.2,,
전사민,2024,2024-06-26,키움,139.5,143.0,144.0,,,133.4,,,130.0,,
전사민,2024,2024-07-27,롯데,137.3,142.9,144.0,,,134.7,,,131.0,,
전사민,2024,2024-08-01,키움,141.8,141.7,142.2,,,,,,,,
전사민,2024,2024-09-27,롯데,139.5,142.0,144.0,,,132.5,,,132.2,,
전사민,2024,2024-09-30,KIA,140.5,143.9,,,,132.3,,,132.7,,
전사민,2023,2023-05-25,롯데,138.6,142.0,144.0,,,133.8,,,,,
전사민,2023,2023-05-26,한화,137.8,141.1,141.4,,,132.5,,,,,
전사민,2023,2023-06-16,KIA,145.0,145.0,,,,,,,,,
전사민,2023,2023-06-18,KIA,138.3,143.3,146.5,,,132.5,,,,,
전사민,2023,2023-06-21,LG,138.9,141.6,,,,132.7,,,,,
전사민,2023,2023-06-22,LG,137.4,141.1,144.2,,,130.2,,,,,
전사민,2023,2023-07-04,키움,140.9,144.3,,,,133.2,,,,,
전사민,2023,2023-07-09,삼성,139.2,143.0,145.1,,,130.4,,,,,
전사민,2023,2023-07-26,KIA,140.1,144.0,145.2,,,128.1,129.0,,,,
전사민,2022,2022-08-23,롯데,141.8,142.0,144.0,,,133.7,,,,,
전사민,2022,2022-09-03,한화,140.1,,144.1,,,132.7,,,,,
전사민,2022,2022-09-04,한화,139.8,,142.1,,,133.7,,,,,
전사민,2022,2022-09-09,KT,142.6,,146.1,,,136.4,,,,,
전사민,2022,2022-09-16,SSG,142.6,,144.2,,,133.3,,,,,
전사민,2022,2022-09-20,두산,141.8,,145.0,,,133.8,,,,,
전사민,2022,2022-09-25,KT,141.8,,143.2,,,134.7,,,,,
최성영,2024,2024-03-26,키움,130.4,,139.1,,,126.6,125.0,,,,
최성영,2024,2024-03-30,롯데,130.8,,137.2,,,123.5,121.0,,,,
최성영,2024,2024-03-31,롯데,140.0,,140.0,,,,,,,,
최성영,2024,2024-04-04,LG,134.7,,138.5,,,125.1,124.8,,,,
최성영,2024,2024-04-09,KT,136.6,,139.8,,,126.5,127.0,,,,
최성영,2024,2024-04-11,KT,131.4,,138.0,,,125.2,124.2,,,,
최성영,2024,2024-04-14,삼성,131.4,,136.8,,,125.0,122.3,,,,
최성영,2024,2024-04-20,KIA,136.3,,140.7,,,128.5,129.6,,,,
최성영,2024,2024-05-15,한화,131.6,,136.2,,,125.0,122.3,,,,
최성영,2024,2024-05-18,KIA,133.7,,138.6,,,127.7,123.6,,,,
최성영,2024,2024-05-24,LG,130.2,,137.8,,,126.5,124.5,,,,
최성영,2024,2024-05-28,KIA,136.1,,139.8,,,127.6,126.8,,,,
최성영,2024,2024-05-31,롯데,130.8,,138.1,,,125.6,123.0,,,,
최성영,2024,2024-06-23,SSG,131.0,,137.7,,,124.4,124.1,,,,
최성영,2024,2024-07-10,삼성,130.0,,139.6,,,124.5,122.5,,,,
최성영,2024,2024-07-12,키움,138.0,,138.0,,,,,,,,
최성영,2024,2024-07-23,KIA,134.8,,141.5,,113.0,127.7,127.0,,,,
최성영,2024,2024-07-28,롯데,132.3,,139.1,,,125.5,124.6,,,,
최성영,2024,2024-08-09,LG,131.9,,139.4,,,127.8,125.0,,,,
최성영,2024,2024-08-10,LG,131.8,,138.6,,,126.2,124.0,,,,
최성영,2024,2024-08-15,SSG,134.6,,139.5,,,128.0,127.0,,,,
최성영,2024,2024-09-15,LG,131.6,,138.4,,114.0,125.9,125.2,,,,
최성영,2024,2024-09-26,SSG,129.0,,136.8,,,,122.5,,,,
최성영,2024,2024-09-29,한화,128.7,,135.3,,,124.1,122.4,,,,
최성영,2023,2023-05-16,SSG,131.8,,138.0,,,125.8,125.0,,,,
최성영,2023,2023-05-19,삼성,134.2,,139.5,,,127.8,126.6,,,,
최성영,2023,2023-05-24,롯데,128.5,,135.6,,114.0,124.5,122.8,,,,
최성영,2023,2023-06-02,LG,129.6,,135.8,,,125.1,123.4,,,,
최성영,2023,2023-06-08,삼성,128.7,,135.9,,,124.3,123.6,,,,
최성영,2023,2023-06-14,두산,131.0,,137.9,,,126.9,125.2,,,,
최성영,2023,2023-06-20,LG,131.4,,137.7,,,124.5,125.0,,,,
최성영,2023,2023-08-09,SSG,131.6,,139.9,,,127.6,126.4,,,,
최성영,2023,2023-08-16,한화,131.8,,138.1,,,126.8,125.7,,,,
최성영,2023,2023-08-27,LG,132.1,,138.2,,,125.9,126.6,,,,
최성영,2023,2023-09-03,삼성,128.8,,135.4,,,123.6,122.7,,,,
최성영,2023,2023-09-09,롯데,132.4,,138.1,,,127.0,125.0,,,,
최성영,2023,2023-09-15,삼성,131.6,,137.0,,,125.2,124.8,,,,
최성영,2023,2023-09-22,LG,131.5,,137.1,,,125.9,123.5,,,,
최성영,2023,2023-09-28,KIA,131.0,,136.9,,,126.0,123.9,,,,
최성영,2023,2023-10-04,SSG,131.1,,138.1,,,125.9,124.4,,,,
최성영,2023,2023-10-09,한화,129.4,,137.5,,,126.6,125.2,,,,
최성영,2023,2023-10-17,KIA,134.4,,138.0,,,127.5,123.0,,,,
최성영,2023,2023-10-23,SSG,134.6,,141.1,,,128.5,126.3,,,,
최성영,2023,2023-11-02,KT,134.0,,140.5,,,,127.5,,,,
최성영,2020,2020-05-28,키움,128.0,,136.9,,107.0,123.1,120.4,,,,
최성영,2020,2020-06-03,SK,127.7,,135.8,,,122.4,118.0,,,,
최성영,2020,2020-06-09,두산,127.6,,135.7,,106.5,121.4,120.0,,,,
최성영,2020,2020-06-27,두산,131.4,,138.3,,,125.5,120.7,,,,
최성영,2020,2020-07-03,KIA,127.6,,134.9,,,124.7,117.8,,,,
최성영,2020,2020-07-09,SK,125.6,,137.2,,,123.0,117.2,,,,
최성영,2020,2020-07-15,키움,128.8,,138.6,,107.7,123.8,119.4,,,,
최성영,2020,2020-07-21,삼성,127.6,,136.1,,106.0,120.6,119.0,,,,
최성영,2020,2020-08-02,두산,130.2,,136.6,,,120.9,119.3,,,,
최성영,2020,2020-08-09,KIA,130.8,,138.4,,106.0,122.6,122.1,,,,
최성영,2020,2020-08-16,LG,129.3,,136.5,,107.3,123.0,120.4,,,,
최성영,2020,2020-08-23,KT,130.9,,137.9,,108.0,121.8,122.0,,,,
최성영,2020,2020-09-24,LG,123.6,,135.0,,113.0,120.5,116.8,,,,
최성영,2020,2020-10-09,LG,131.8,,138.1,,,121.5,119.0,,,,
최우석,2024,2024-05-24,LG,143.6,,146.7,,,136.2,136.5,,,,
최우석,2024,2024-06-06,두산,140.7,,145.3,,,134.3,137.0,,,,
최우석,2024,2024-06-12,KT,141.7,,145.2,,,133.0,134.0,,,,
최우석,2024,2024-08-28,두산,141.5,,144.2,,,136.0,,,,,
최우석,2024,2024-09-06,KT,144.9,,147.5,,,138.0,,,,,
최우석,2024,2024-09-12,KT,139.8,,144.6,,,134.0,,,,,
최우석,2024,2024-09-24,두산,143.8,,146.4,,,134.5,,,,,
최우석,2024,2024-09-26,SSG,137.4,,143.2,,,131.7,,,,,
최우석,2024,2024-09-29,한화,139.8,,142.3,,,131.0,,,,,
최원준,2024,2024-03-27,KT,129.7,,135.0,,112.5,124.2,122.4,,,,
최원준,2024,2024-04-02,SSG,131.3,,137.4,,115.0,124.2,119.0,,,,
최원준,2024,2024-04-19,키움,130.0,,137.0,,112.0,124.4,121.5,,,,
최원준,2024,2024-04-25,NC,130.7,,136.2,,113.0,125.3,124.1,,,,
최원준,2024,2024-05-02,삼성,129.4,,136.3,,111.0,125.1,,,122.6,,
최원준,2024,2024-05-09,키움,127.7,,135.5,,111.3,125.6,,,121.8,,
최원준,2024,2024-05-15,KIA,130.2,,137.2,,115.0,128.6,,,124.1,,
최원준,2024,2024-05-21,SSG,130.5,,136.7,,114.8,126.4,,,121.4,,
최원준,2024,2024-05-28,KT,130.8,,136.2,,117.0,128.0,,,123.4,,
최원준,2024,2024-06-13,한화,130.3,,137.6,,113.8,128.1,,,122.9,,
최원준,2024,2024-06-19,NC,130.2,,137.0,,115.0,127.2,,,122.7,,
최원준,2024,2024-06-25,한화,129.9,,136.2,,113.8,128.5,,,123.7,,
최원준,2024,2024-06-30,SSG,131.1,,139.4,,113.3,129.8,,,124.7,,
최원준,2024,2024-07-16,롯데,129.6,,137.4,,,128.4,,,123.3,,
최원준,2024,2024-07-21,LG,130.2,,138.7,,97.0,128.1,,,125.9,,
최원준,2024,2024-07-27,SSG,131.5,,138.6,,114.0,128.8,,,125.8,,
최원준,2024,2024-08-02,키움,130.0,,137.8,,116.7,127.1,,,125.2,,
최원준,2024,2024-08-09,SSG,131.0,,138.2,,117.0,128.7,,,124.2,,
최원준,2024,2024-08-15,롯데,132.8,,138.8,,117.3,130.4,,,126.2,,
최원준,2024,2024-08-21,삼성,128.6,,136.5,,116.1,128.4,,,124.5,,
최원준,2024,2024-08-27,NC,134.4,,140.4,,,131.2,,,125.8,,
최원준,2024,2024-09-03,한화,132.1,,138.1,,117.0,129.7,,,124.7,,
최원준,2024,2024-09-17,삼성,132.5,,139.4,134.4,116.1,130.3,,,128.1,,
최원준,2024,2024-09-23,SSG,134.1,,139.6,,,130.9,,,125.9,,
최원준,2024,2024-10-02,KT,134.1,,140.8,,,131.3,,,126.3,,
최원준,2023,2023-04-02,롯데,131.1,,138.5,,112.8,129.0,,,122.0,,
최원준,2023,2023-04-08,KIA,128.1,,134.5,,109.0,123.2,,,121.0,,
최원준,2023,2023-04-18,한화,129.3,,135.9,,111.2,124.8,,,121.3,,
최원준,2023,2023-04-23,KT,127.1,,135.9,,110.9,124.8,120.9,,,,
최원준,2023,2023-04-29,SSG,126.7,,136.3,,109.7,124.8,119.3,,,,
최원준,2023,2023-05-10,롯데,132.2,,138.0,,111.0,127.1,119.0,,120.0,,
최원준,2023,2023-05-16,키움,127.6,,136.1,,111.8,126.7,120.2,,,,
최원준,2023,2023-05-21,KT,131.2,,137.3,,113.1,129.2,123.3,,,,
최원준,2023,2023-05-30,NC,134.4,,139.1,,111.5,129.3,123.8,,,,
최원준,2023,2023-06-15,NC,131.5,,138.2,,112.2,128.2,123.6,,,,
최원준,2023,2023-06-21,SSG,131.5,,138.1,,112.2,128.1,124.5,,,,
최원준,2023,2023-06-27,NC,132.9,,139.6,,112.3,128.3,,,,,
최원준,2023,2023-07-04,삼성,130.4,,137.7,,111.9,126.9,,,,,
최원준,2023,2023-07-09,키움,133.7,,138.5,,115.0,127.9,122.5,,,,
최원준,2023,2023-07-27,롯데,130.6,,138.5,,113.2,126.2,122.3,,122.5,,
최원준,2023,2023-08-02,한화,133.6,,139.7,,118.5,127.2,,,,,
최원준,2023,2023-08-13,한화,133.3,,139.6,,117.7,129.0,127.5,,,,
최원준,2023,2023-08-17,KT,135.0,,140.1,,119.7,129.1,127.0,,,,
최원준,2023,2023-08-20,NC,135.8,,140.8,,,128.5,127.5,,,,
최원준,2023,2023-08-24,키움,135.0,,140.0,,,130.6,126.3,,,,
최원준,2023,2023-08-26,SSG,139.0,,139.0,,,,,,,,
최원준,2023,2023-09-07,KIA,131.7,,138.9,,115.2,130.1,123.6,,,,
최원준,2023,2023-09-19,NC,133.0,,139.7,,116.7,131.7,124.5,,,,
최원준,2023,2023-09-24,NC,133.6,,137.8,,115.0,129.4,126.5,,,,
최원준,2023,2023-09-29,LG,131.7,,137.3,,111.5,128.6,121.0,,,,
최원준,2023,2023-10-11,롯데,131.8,,136.4,,111.2,125.6,,,,,
최원준,2022,2022-04-03,한화,134.0,,139.7,,117.5,126.7,121.0,,,,
최원준,2022,2022-04-09,롯데,131.6,,137.6,,113.0,125.8,124.0,,,,
최원준,2022,2022-04-15,키움,129.7,,136.7,,108.5,125.7,122.2,,,,
최원준,2022,2022-04-21,KIA,133.8,,138.4,,115.0,127.0,,,124.0,,
최원준,2022,2022-04-27,NC,130.6,,136.7,,110.0,125.4,,,124.0,,
최원준,2022,2022-05-03,LG,134.2,,139.3,,112.5,128.7,127.2,,,,
최원준,2022,2022-05-08,KT,130.8,,137.8,,113.7,126.8,127.0,,,,
최원준,2022,2022-05-15,삼성,127.5,,135.8,,109.7,124.3,121.0,,,,
최원준,2022,2022-05-21,롯데,133.6,,139.7,,110.3,125.9,124.3,,,,
최원준,2022,2022-05-27,NC,131.2,,138.5,,111.7,125.9,,,123.1,,
최원준,2022,2022-06-02,KIA,130.9,,137.0,,108.0,123.4,,,123.4,,
최원준,2022,2022-06-08,한화,129.1,,136.4,,108.5,123.5,,,121.2,,
최원준,2022,2022-06-19,KT,131.5,,139.7,,110.5,126.4,,,120.5,,
최원준,2022,2022-06-26,KIA,130.4,,138.1,,107.5,126.9,,,120.2,,
최원준,2022,2022-07-02,KT,132.8,,138.8,,111.5,128.3,,,122.6,,
최원준,2022,2022-07-08,LG,131.0,,138.7,,111.5,126.2,,,122.7,,
최원준,2022,2022-07-14,NC,133.6,,138.9,,,128.7,,,122.3,,
최원준,2022,2022-07-26,롯데,134.3,,139.9,,110.0,129.9,,,121.8,,
최원준,2022,2022-08-03,삼성,133.5,,138.7,,111.0,129.1,,,122.6,,
최원준,2022,2022-08-10,NC,131.7,,136.6,,,128.5,,,120.9,,
최원준,2022,2022-08-17,롯데,132.8,,138.0,,112.0,129.1,,,125.3,,
최원준,2022,2022-08-23,KT,133.5,,140.1,,111.8,130.2,123.2,,,,
최원준,2022,2022-08-28,KIA,132.6,,138.0,,109.0,128.9,119.6,,,,
최원준,2022,2022-09-03,삼성,131.5,,138.1,,110.5,128.9,121.7,,,,
최원준,2022,2022-09-09,한화,131.8,,137.8,,111.5,129.0,121.7,,,,
최원준,2022,2022-09-15,삼성,133.0,,140.1,,117.0,131.6,124.3,,,,
최원준,2022,2022-09-21,NC,132.3,,137.5,,109.0,127.4,122.8,,,,
최원준,2022,2022-09-27,KT,131.0,,139.9,,109.3,128.5,122.9,,,,
최원준,2022,2022-10-02,롯데,131.3,,138.1,,108.4,127.2,123.9,,121.0,,
최원준,2022,2022-10-08,키움,131.4,,137.3,,107.0,126.0,123.5,,,,
최원준,2021,2021-04-06,삼성,132.4,,138.2,,117.5,122.1,121.3,,,,
최원준,2021,2021-04-11,한화,130.9,,138.2,,114.0,123.0,123.0,,,,
최원준,2021,2021-04-17,LG,133.7,,140.3,,,123.5,123.3,,,,
최원준,2021,2021-04-23,NC,136.1,,140.1,,,122.4,122.0,,,,
최원준,2021,2021-04-29,키움,133.1,,139.4,,119.3,123.9,122.9,,,,
최원준,2021,2021-05-08,KIA,134.2,,138.1,,,124.6,125.2,,,,
최원준,2021,2021-05-17,SSG,134.4,,140.0,,107.0,124.0,124.3,,,,
최원준,2021,2021-05-22,롯데,132.4,,139.1,,113.2,122.0,120.5,,,,
최원준,2021,2021-05-28,삼성,133.6,,139.5,,106.5,124.6,123.7,,,,
최원준,2021,2021-06-04,SSG,134.3,,139.7,,109.3,125.1,124.5,,,,
최원준,2021,2021-06-10,롯데,134.9,,140.4,,107.0,125.8,124.8,,,,
최원준,2021,2021-06-17,삼성,132.9,,139.4,,113.7,124.2,124.5,,,,
최원준,2021,2021-06-23,키움,133.8,,139.9,,109.3,129.5,125.6,,,,
최원준,2021,2021-06-30,한화,130.8,,137.2,,104.0,126.3,122.4,,,,
최원준,2021,2021-07-06,NC,129.7,,136.7,,109.0,125.8,122.1,,,,
최원준,2021,2021-08-13,키움,132.4,,138.9,,110.3,128.9,124.4,,,,
최원준,2021,2021-08-19,KIA,133.9,,139.7,,112.0,127.9,123.4,,,,
최원준,2021,2021-08-26,NC,133.7,,138.5,,107.0,128.1,123.8,,,,
최원준,2021,2021-09-02,SSG,132.5,,139.2,,113.3,128.6,122.7,,,,
최원준,2021,2021-09-09,NC,134.7,,138.2,,113.5,128.0,122.5,,,,
최원준,2021,2021-09-15,KT,132.8,,137.4,,112.0,127.0,126.5,,,,
최원준,2021,2021-09-21,NC,131.8,,136.9,,110.0,128.5,121.8,,,,
최원준,2021,2021-09-26,한화,133.5,,138.9,,113.0,129.4,122.7,,,,
최원준,2021,2021-10-02,삼성,132.4,,137.4,,108.0,126.7,122.0,,,,
최원준,2021,2021-10-08,롯데,127.5,,135.3,,106.2,126.5,119.6,,,,
최원준,2021,2021-10-14,KT,130.8,,137.8,,108.6,127.4,122.8,,,,
최원준,2021,2021-10-21,SSG,132.7,,137.8,,111.0,127.4,125.8,,,,
최원준,2021,2021-10-26,키움,131.8,,137.3,,110.3,129.1,123.7,,,,
최원준,2021,2021-10-30,한화,131.2,,138.8,,110.0,127.8,124.1,,,,
최원준,2021,2021-11-04,LG,132.9,,137.3,,111.0,128.2,125.0,,,,
최원준,2021,2021-11-09,삼성,130.8,,135.7,,109.7,127.0,121.8,,,,
최원준,2021,2021-11-15,KT,131.1,,136.9,,111.4,129.5,120.6,,,,
최원준,2020,2020-05-05,LG,133.3,,143.1,,121.0,,126.1,,,,
최원준,2020,2020-05-07,LG,130.5,,140.6,,118.0,,124.2,,,,
최원준,2020,2020-05-08,KT,132.8,,138.9,,115.3,,125.1,,,,
최원준,2020,2020-05-13,롯데,129.2,,139.4,,115.0,,122.0,,,,
최원준,2020,2020-05-15,KIA,135.9,,140.6,,117.0,,125.5,,,,
최원준,2020,2020-05-19,NC,131.8,,139.8,,116.0,,122.9,,123.0,,
최원준,2020,2020-05-21,NC,128.4,,138.6,,114.2,127.0,125.6,,,,
최원준,2020,2020-05-23,삼성,136.7,,140.5,,120.0,,126.0,,,,
최원준,2020,2020-05-24,삼성,128.4,,137.9,,116.4,,123.0,,,,
최원준,2020,2020-05-28,SK,134.9,,140.8,,126.8,,125.0,,,,
최원준,2020,2020-05-31,롯데,137.7,,140.3,,,127.3,125.0,,,,
최원준,2020,2020-06-02,KT,136.1,,140.5,,121.0,131.0,124.5,,,,
최원준,2020,2020-06-04,KT,130.1,,143.0,,,126.1,122.3,,,,
최원준,2020,2020-06-06,KIA,134.6,,140.5,,124.5,128.8,126.5,,,,
최원준,2020,2020-06-09,NC,131.8,,140.0,,124.0,126.7,122.0,,,,
최원준,2020,2020-06-12,한화,130.6,,137.8,,108.8,126.0,120.9,,,,
최원준,2020,2020-06-17,삼성,134.0,,141.9,,,126.5,125.6,,,,
최원준,2020,2020-06-19,LG,130.2,,137.6,,116.5,126.0,120.5,,,,
최원준,2020,2020-06-25,SK,132.8,,138.9,,122.1,128.0,122.9,,,,
최원준,2020,2020-06-28,NC,135.2,,140.4,,122.7,128.5,126.5,,,,
최원준,2020,2020-06-30,키움,131.6,,140.0,,115.0,,123.0,,,,
최원준,2020,2020-07-03,한화,139.2,,143.0,,,,124.0,,,,
최원준,2020,2020-07-04,한화,143.1,,144.2,,,130.0,,,,,
최원준,2020,2020-07-08,LG,136.0,,140.4,,122.0,128.0,,,,,
최원준,2020,2020-07-18,KIA,133.8,,139.9,,116.4,126.1,123.5,,,,
최원준,2020,2020-07-25,LG,129.8,,138.2,,111.0,123.2,122.9,,,,
최원준,2020,2020-07-31,NC,131.6,,138.2,,114.5,125.5,122.1,,,,
최원준,2020,2020-08-06,삼성,133.6,,140.5,,108.0,129.1,124.1,,,,
최원준,2020,2020-08-12,삼성,129.4,,137.7,,112.8,126.4,122.9,,,,
최원준,2020,2020-08-18,롯데,133.2,,139.9,,105.7,128.2,121.2,,,,
최원준,2020,2020-08-23,SK,131.2,,139.2,,108.8,127.5,124.6,,,,
최원준,2020,2020-08-29,LG,133.3,,140.2,,106.0,127.2,124.8,,,,
최원준,2020,2020-09-05,SK,133.7,,140.0,,118.5,127.2,122.9,,,,
최원준,2020,2020-09-12,키움,131.5,,139.8,,106.8,130.9,125.6,,,,
최원준,2020,2020-09-18,KT,133.5,,138.4,,112.5,127.5,124.4,,,,
최원준,2020,2020-09-24,삼성,133.3,,140.7,,116.5,125.4,126.5,,,,
최원준,2020,2020-09-29,한화,131.7,,139.6,,,126.1,124.9,,,,
최원준,2020,2020-10-06,SK,130.8,,138.2,,,125.0,125.1,,,,
최원준,2020,2020-10-11,KT,134.7,,137.9,,119.0,125.2,125.0,,,,
최원준,2020,2020-10-17,키움,131.2,,138.3,,108.0,124.3,124.3,,,,
최원준,2020,2020-10-23,키움,133.2,,139.2,,,125.2,124.7,,,,
최원준,2020,2020-10-29,KIA,132.4,,138.8,,,126.7,124.0,,,,
최원준,2020,2020-11-04,LG,135.6,,140.8,,,127.8,,,,,
최원준,2020,2020-11-05,LG,134.5,,140.8,,,125.4,125.0,,,,
최원준,2020,2020-11-10,KT,133.3,,137.9,,,124.8,121.8,,,,
최원준,2020,2020-11-20,NC,132.8,,138.3,,,126.4,123.6,,,,
최원준,2020,2020-11-23,NC,132.6,,137.3,,,123.0,,,,,
최지강,2024,2024-03-24,NC,142.5,,148.4,,,133.3,,,,,
최지강,2024,2024-03-26,KT,146.5,146.5,,,,,,,,,
최지강,2024,2024-03-27,KT,145.5,146.2,,,,135.0,,,,,
최지강,2024,2024-03-29,KIA,142.8,146.6,,,,134.0,135.0,,,,
최지강,2024,2024-03-31,KIA,138.6,147.0,,,,134.0,134.8,,,,
최지강,2024,2024-04-02,SSG,140.6,146.6,,,,134.6,,,,,
최지강,2024,2024-04-04,SSG,139.8,146.5,,,,132.4,134.0,,,,
최지강,2024,2024-04-05,롯데,138.3,144.5,,,,132.3,133.0,,,,
최지강,2024,2024-04-07,롯데,143.3,145.4,,,,,133.0,,,,
최지강,2024,2024-04-09,한화,141.3,145.3,,,,133.3,,,,,
최지강,2024,2024-04-13,LG,140.8,149.0,,,,132.5,,,,,
최지강,2024,2024-04-14,LG,142.4,148.9,147.7,,,134.9,137.0,,,,
최지강,2024,2024-04-19,키움,141.0,148.0,148.7,,,135.1,136.8,,,,
최지강,2024,2024-04-21,키움,146.1,146.7,149.3,,,133.0,,,,,
최지강,2024,2024-04-23,NC,143.7,149.4,151.0,,,137.1,137.0,,,,
최지강,2024,2024-04-26,한화,139.3,145.7,,,,134.3,136.0,,,,
최지강,2024,2024-04-30,삼성,141.2,151.0,151.5,,,134.6,137.0,,,,
최지강,2024,2024-05-01,삼성,148.0,,148.0,,,,,,,,
최지강,2024,2024-05-03,LG,143.2,149.4,,,,133.3,138.2,,,,
최지강,2024,2024-05-04,LG,146.0,149.4,,,,135.7,,,,,
최지강,2024,2024-05-09,키움,140.6,147.9,,,,134.4,,,,,
최지강,2024,2024-05-10,KT,142.5,147.3,,,,136.4,139.0,,,,
최지강,2024,2024-05-12,KT,142.3,144.3,,,,,136.0,,,,
최지강,2024,2024-05-16,KIA,144.9,150.5,,,,142.0,140.0,,,,
최지강,2024,2024-05-18,롯데,143.8,148.0,,,,141.2,135.0,,,,
최지강,2024,2024-05-19,롯데,144.1,146.9,,,,140.3,139.0,,,,
최지강,2024,2024-05-22,SSG,141.4,147.3,,,,140.9,136.5,,,,
최지강,2024,2024-05-24,KIA,142.5,149.0,,,,140.3,,,,,
최지강,2024,2024-05-29,KT,144.1,149.5,,,,134.2,,,,,
최지강,2024,2024-06-01,LG,142.6,149.2,,,,138.9,,,,,
최지강,2024,2024-06-02,LG,141.6,145.9,146.5,,,136.2,135.0,,,,
최지강,2024,2024-06-04,NC,142.1,146.8,,,,137.4,,,,,
최지강,2024,2024-06-05,NC,143.4,146.8,150.0,,,137.0,,,,,
최지강,2024,2024-06-07,KIA,142.3,148.2,,,,136.9,,,,,
최지강,2024,2024-06-08,KIA,143.9,149.3,,,,135.8,,,,,
최지강,2024,2024-06-12,한화,139.0,144.0,,,,136.5,,,,,
최지강,2024,2024-06-14,키움,139.3,145.8,,,,133.8,137.3,,,,
최지강,2024,2024-06-15,키움,135.8,146.0,,,,132.5,133.5,,,,
최지강,2024,2024-06-19,NC,142.0,147.0,,,,133.2,,,,,
최지강,2024,2024-06-25,한화,141.3,144.6,,,,130.0,135.0,,,,
최지강,2024,2024-06-26,한화,136.4,143.4,,,,131.9,134.0,,,,
최지강,2024,2024-06-30,SSG,143.7,149.2,,,,136.8,,,,,
최지강,2024,2024-07-03,롯데,140.1,148.3,,,,135.6,137.0,,,,
최지강,2024,2024-07-10,KT,139.4,145.6,,,,132.3,138.0,,,,
최지강,2024,2024-07-13,삼성,140.6,146.7,,144.5,,133.8,135.0,,,,
최지강,2024,2024-08-18,KT,139.4,144.9,,,,132.6,,,,,
최지강,2024,2024-08-20,삼성,137.0,143.4,,,,130.6,,,,,
최지강,2024,2024-08-21,삼성,136.3,142.5,,,,128.8,129.0,,,,
최지강,2024,2024-08-24,한화,138.9,146.0,,,,133.9,,,,,
최지강,2024,2024-08-25,한화,137.3,144.6,,,,131.4,133.0,,,,
최지강,2024,2024-08-27,NC,139.3,147.0,,,,134.2,,,,,
최지강,2024,2024-09-01,롯데,142.8,147.8,,,,133.0,,,,,
최지강,2024,2024-09-04,삼성,139.2,145.6,,,,132.0,,,,,
최지강,2024,2024-09-07,KT,136.9,140.8,,,,127.0,,,,,
최지강,2024,2024-09-10,키움,135.6,140.5,144.0,,,132.0,130.5,,,,
최지강,2023,2023-04-01,롯데,139.4,,148.3,,,135.0,,,,,
최지강,2023,2023-04-02,롯데,136.8,,145.0,,,134.8,132.0,,,,
최지강,2023,2023-04-06,NC,140.5,,146.4,,,134.2,130.5,,,,
최지강,2023,2023-04-08,KIA,135.0,,146.0,,,134.3,132.0,,,,
최지강,2023,2023-04-09,KIA,139.0,,142.4,,,130.5,,,,,
최지강,2023,2023-04-13,키움,140.8,,146.2,,,135.3,133.2,,,,
최지강,2023,2023-04-15,LG,142.0,,146.7,,,139.0,131.0,,,,
최지강,2023,2023-04-19,한화,139.8,,143.0,,,133.0,134.0,,,,
최지강,2023,2023-04-21,KT,141.2,,145.5,,,135.0,133.0,,,,
최지강,2023,2023-04-22,KT,138.0,,143.4,,,131.2,,,,,
최지강,2023,2023-04-23,KT,136.1,,143.0,,,132.2,131.5,,,,
최지강,2023,2023-04-26,삼성,138.5,,141.7,,,131.8,130.0,,,,
최지강,2023,2023-05-03,한화,135.6,,143.1,,,132.1,126.5,,,,
최지강,2023,2023-05-04,한화,140.3,,145.5,,,135.0,133.5,,,,
최지강,2023,2023-05-07,LG,137.3,,143.0,,,131.4,133.0,,,,
최지강,2023,2023-05-30,NC,137.8,,144.0,,,135.4,129.0,,,,
최지강,2023,2023-06-03,KT,137.9,,141.9,,,133.2,131.5,,,,
최지강,2023,2023-09-06,KIA,146.3,,148.7,,,138.0,,,,,
최지강,2023,2023-09-09,삼성,139.0,,145.3,,,135.5,133.2,,,,
최지강,2023,2023-09-10,삼성,136.9,,145.0,,,135.5,132.7,,,,
최지강,2023,2023-09-12,한화,140.6,,145.4,,,135.0,133.5,,,,
최지강,2023,2023-09-14,SSG,134.7,,145.0,,,134.9,132.7,,,,
최지강,2023,2023-09-18,KIA,141.9,,145.2,,,134.7,134.0,,,,
최지강,2023,2023-09-27,SSG,138.7,,144.7,,,135.8,132.5,,,,
최지강,2023,2023-10-12,NC,138.8,,145.0,,,133.9,,,,,
최지강,2022,2022-08-25,한화,136.7,,142.9,,,131.2,127.7,,,,
최지강,2022,2022-09-02,롯데,137.5,,142.3,,122.0,131.6,130.2,,,,
한재승,2024,2024-03-24,두산,136.9,,144.8,,,132.8,,,128.3,,
한재승,2024,2024-03-26,키움,140.0,,146.0,,,132.5,,,131.0,,
한재승,2024,2024-03-29,롯데,137.1,,145.2,,,132.7,,,129.7,,
한재승,2024,2024-03-31,롯데,134.4,,144.0,,,131.8,,,127.0,,
한재승,2024,2024-04-03,LG,139.8,,145.6,,,131.6,,,130.5,,
한재승,2024,2024-04-06,SSG,143.4,,147.0,,,134.2,,,,,
한재승,2024,2024-04-07,SSG,142.8,,147.6,,,134.5,,,,,
한재승,2024,2024-04-09,KT,141.6,,148.5,,,137.0,,,,,
한재승,2024,2024-04-10,KT,137.5,,146.0,,,129.0,,,,,
한재승,2024,2024-04-12,삼성,138.9,,144.3,,,132.3,,,129.0,,
한재승,2024,2024-04-16,한화,146.7,,148.9,,,137.0,,,134.0,,
한재승,2024,2024-04-17,한화,140.2,,147.3,,,134.9,,,,,
한재승,2024,2024-04-19,KIA,139.6,,149.3,,,134.7,,,,,
한재승,2024,2024-04-21,KIA,142.3,,147.2,,,133.4,,,133.0,,
한재승,2024,2024-04-26,롯데,144.0,,150.0,,,136.4,,,134.0,,
한재승,2024,2024-04-27,롯데,145.6,,148.1,,,134.5,,,,,
한재승,2024,2024-05-04,SSG,137.9,,147.0,,,134.2,,,135.3,,
한재승,2024,2024-05-08,KT,141.4,,145.7,,,135.6,,,132.0,,
한재승,2024,2024-05-10,삼성,145.6,,149.0,,,135.3,,,,,
한재승,2024,2024-05-11,삼성,142.1,,147.6,,,135.0,,,,,
한재승,2024,2024-05-14,한화,138.4,,145.6,,,133.2,,,134.0,,
한재승,2024,2024-05-16,한화,140.7,,145.7,,,133.6,,,,,
한재승,2024,2024-05-17,KIA,142.9,,147.1,,,132.8,,,,,
한재승,2024,2024-05-19,KIA,144.1,,148.4,,,137.4,,,,,
한재승,2024,2024-05-23,키움,141.9,,145.9,,,136.0,,,,,
한재승,2024,2024-05-25,LG,141.1,,146.6,,,135.7,,,135.0,,
한재승,2024,2024-05-29,KIA,141.9,,147.1,,,136.0,,,135.0,,
한재승,2024,2024-06-01,롯데,143.1,,148.0,,,136.9,,,,,
한재승,2024,2024-06-02,롯데,141.1,,145.9,,,134.0,,,132.2,,
한재승,2024,2024-06-05,두산,141.9,,147.2,,,134.8,,,137.0,,
한재승,2024,2024-06-09,한화,140.1,,144.7,,,132.9,,,131.5,,
한재승,2024,2024-06-11,KT,145.2,,148.9,,,136.2,,,137.0,,
한재승,2024,2024-06-15,삼성,143.3,,144.7,,,135.0,,,,,
한재승,2024,2024-06-16,삼성,136.0,,,,,136.0,,,,,
한재승,2024,2024-06-18,두산,141.6,,147.0,,,136.1,,,,,
한재승,2024,2024-06-22,SSG,143.5,,146.1,,,134.5,,,136.0,,
한재승,2024,2024-07-26,롯데,144.6,,147.4,,,134.7,,,,,
한재승,2024,2024-07-28,롯데,141.0,,144.6,,,133.0,,,,,
한재승,2024,2024-07-31,키움,143.2,,146.1,,,134.3,,,,,
한재승,2024,2024-08-02,KT,143.0,,146.5,,,134.5,,,134.0,,
한재승,2024,2024-08-18,삼성,138.5,,146.0,,,131.0,,,,,
한재승,2024,2024-08-23,KIA,137.6,,144.5,,,130.6,,,131.5,,
한재승,2024,2024-08-27,두산,136.5,,143.5,,,129.5,,,,,
한재승,2024,2024-09-04,키움,142.4,,146.3,,,134.7,,,,,
한재승,2024,2024-09-05,키움,140.0,,144.8,,,131.3,,,,,
한재승,2024,2024-09-07,삼성,139.4,,140.6,,,131.0,,,,,
한재승,2024,2024-09-08,삼성,137.1,,143.2,,,132.1,,,,,
한재승,2024,2024-09-10,KT,138.9,,143.5,,,131.6,,,,,
한재승,2024,2024-09-17,한화,137.7,,145.0,,,131.2,,,,,
한재승,2024,2024-09-25,SSG,138.0,,146.3,,,133.0,,,,,
한재승,2024,2024-09-28,두산,142.0,,146.5,,,133.7,,,,,
한재승,2023,2023-09-03,삼성,141.0,,144.8,,,129.5,,,134.0,,
한재승,2023,2023-09-09,롯데,142.3,,145.8,,,131.8,,,134.0,,
한재승,2023,2023-09-13,KT,144.9,,147.0,,,134.5,,,,,
한재승,2023,2023-09-23,두산,141.2,,146.4,,,133.0,,,133.0,,
한재승,2023,2023-09-24,두산,137.4,,146.1,,,131.1,,,132.0,,
한재승,2023,2023-09-26,KIA,135.4,,145.6,,,130.4,,,134.5,,
한재승,2023,2023-09-28,KIA,144.2,,146.8,,,129.3,,,,,
한재승,2023,2023-09-30,삼성,143.3,,147.2,,,131.5,,,133.5,,
한재승,2023,2023-10-01,한화,135.7,,141.6,,,126.8,,,,,
한재승,2023,2023-10-03,SSG,139.6,,144.8,,,129.0,,,,,
한재승,2023,2023-10-17,KIA,141.7,,145.9,,,133.4,,,135.0,,
한재승,2022,2022-05-07,LG,137.5,,145.4,,117.9,134.0,,,,,
한재승,2022,2022-05-10,롯데,142.3,,145.1,,,134.0,,,,,
한재승,2022,2022-05-13,SSG,141.3,,144.3,,116.0,134.0,,,,,
한재승,2022,2022-05-15,SSG,139.9,,144.7,,118.0,133.2,,,,,
한재승,2022,2022-05-18,키움,137.0,,145.1,,117.6,132.0,,,,,
한재승,2022,2022-05-21,KIA,138.4,,146.9,,119.2,134.5,,,,,
한재승,2022,2022-05-26,KT,137.1,,146.3,,116.5,134.8,,,,,
한재승,2022,2022-05-31,한화,138.2,,144.3,,116.3,130.6,,,,,
한재승,2022,2022-07-12,두산,142.8,,144.0,,,134.0,,,,,
한재승,2022,2022-07-14,두산,142.6,,145.6,,,135.0,,,,,
한재승,2022,2022-07-23,LG,139.3,,146.6,,119.8,135.6,,,,,
한재승,2022,2022-07-27,KIA,136.7,,145.8,,116.7,137.0,,,,,
