선수명,연도,날짜,상대팀,전체구속,2Seam,4Seam,Cutter,Curve,Slider,Changeup,Sinker,Forkball,Knuckle,Other
김건우,2022,2022-06-09,NC,134.7,,145.1,,118.0,129.8,126.1,,,,
김건우,2022,2022-07-06,롯데,136.1,,138.7,,,130.0,122.5,,,,
김건우,2021,2021-09-05,키움,139.5,,142.7,,117.0,133.5,123.3,,,,
김건우,2021,2021-09-11,KT,137.0,,142.0,,,132.0,122.6,,,,
김건우,2021,2021-10-17,롯데,142.3,,145.7,,,132.0,,,,,
김건우,2021,2021-10-19,KIA,139.4,,144.8,,119.0,133.9,130.0,,,,
김건우,2021,2021-10-24,삼성,139.2,,143.8,,,134.2,125.1,,,,
김건우,2021,2021-10-30,KT,145.0,,145.6,,,134.0,,,,,
김광현,2024,2024-03-23,롯데,136.0,,145.1,,108.5,131.8,,,129.2,,
김광현,2024,2024-03-29,삼성,132.6,,140.9,,112.4,129.0,,,125.7,,
김광현,2024,2024-04-04,두산,134.1,,144.8,,113.3,135.6,,,129.2,,
김광현,2024,2024-04-10,키움,134.0,,145.9,,111.5,133.7,,,125.5,,
김광현,2024,2024-04-16,KIA,134.8,,144.9,,112.8,133.5,,,128.4,,
김광현,2024,2024-04-21,LG,136.5,,145.9,,114.2,132.8,,,127.9,,
김광현,2024,2024-04-27,KT,133.5,,144.6,,115.8,132.9,,,129.0,,
김광현,2024,2024-05-03,NC,135.7,,143.8,,113.2,132.7,,,126.8,,
김광현,2024,2024-05-09,LG,131.3,,143.1,,113.8,133.0,,,124.1,,
김광현,2024,2024-05-16,삼성,135.0,,143.3,,113.7,133.2,,,126.1,,
김광현,2024,2024-05-22,두산,129.5,,143.1,,113.2,132.1,,,125.1,,
김광현,2024,2024-05-28,LG,132.9,,142.2,,112.1,131.7,,,126.8,,
김광현,2024,2024-06-09,롯데,131.4,,142.8,,112.8,130.3,,,125.3,,
김광현,2024,2024-06-15,한화,130.5,,141.4,,110.5,132.0,,,124.6,,
김광현,2024,2024-06-22,NC,128.8,,143.1,,109.2,130.5,,,127.5,,
김광현,2024,2024-06-28,두산,129.4,,143.1,,112.3,130.5,,,126.7,,
김광현,2024,2024-07-04,NC,130.6,,145.3,,113.1,134.8,128.0,,127.9,,
김광현,2024,2024-07-10,롯데,134.8,,145.9,,113.1,134.2,,,128.3,,
김광현,2024,2024-07-17,LG,131.3,,143.1,,111.4,130.8,,,127.1,,
김광현,2024,2024-07-24,KT,127.2,,143.5,,109.8,130.0,,,125.3,,
김광현,2024,2024-07-30,롯데,132.2,,144.5,,113.2,132.8,,,125.9,,
김광현,2024,2024-08-04,삼성,127.4,,142.3,,110.7,129.4,,,124.6,,
김광현,2024,2024-08-10,두산,130.1,,144.0,,110.2,134.4,113.0,,124.7,,
김광현,2024,2024-08-17,한화,134.3,,145.1,,112.2,132.5,,,125.2,,
김광현,2024,2024-08-23,KT,130.4,,144.4,,112.2,132.2,,,126.0,,
김광현,2024,2024-08-29,KIA,130.9,,144.5,137.0,111.2,133.9,,,128.3,,
김광현,2024,2024-09-05,LG,133.2,,144.1,,111.8,134.4,122.0,,125.6,,
김광현,2024,2024-09-11,롯데,134.0,,143.7,,114.4,134.4,,,128.2,,
김광현,2024,2024-09-17,KIA,131.0,,144.2,,112.6,134.7,128.0,,128.0,,
김광현,2024,2024-09-22,KT,133.1,,144.5,,114.7,135.3,,,132.3,,
김광현,2024,2024-09-28,한화,131.6,,143.3,,113.8,135.0,,,131.5,,
김광현,2023,2023-04-01,KIA,131.5,,143.6,,108.8,132.9,,,127.3,,
김광현,2023,2023-04-08,한화,129.2,,140.5,,109.3,131.7,,,127.5,,
김광현,2023,2023-04-21,키움,133.1,,143.3,,112.1,134.9,,,127.1,,
김광현,2023,2023-04-27,LG,133.2,,144.2,,114.4,133.4,,,129.1,,
김광현,2023,2023-05-03,KT,131.3,,142.0,,112.1,129.5,,,127.8,,
김광현,2023,2023-05-09,KIA,129.0,,141.3,,109.8,130.1,,,126.8,,
김광현,2023,2023-05-14,한화,132.6,,144.7,,111.8,131.9,,,128.2,,
김광현,2023,2023-05-20,롯데,129.6,,141.8,,113.4,131.9,,,126.8,,
김광현,2023,2023-06-11,NC,131.1,,144.7,,113.2,133.2,,,129.5,,
김광현,2023,2023-06-17,롯데,133.0,,146.0,,114.2,135.0,,,130.8,,
김광현,2023,2023-06-23,삼성,133.2,,145.7,,111.3,132.7,,,129.6,,
김광현,2023,2023-06-30,키움,132.1,,146.4,,110.4,131.9,,,130.1,,
김광현,2023,2023-07-06,KIA,134.8,,145.8,,110.5,133.4,,,130.5,,
김광현,2023,2023-07-12,두산,134.0,,145.2,,110.7,133.4,128.0,,129.2,,
김광현,2023,2023-07-21,LG,135.5,,144.7,,110.2,134.6,,,128.8,,
김광현,2023,2023-07-27,삼성,131.4,,143.4,,112.9,132.7,,,127.4,,
김광현,2023,2023-08-02,KT,129.0,,142.5,,107.7,128.8,,,127.7,,
김광현,2023,2023-08-08,NC,134.3,,144.3,,110.0,132.0,,,127.9,,
김광현,2023,2023-08-13,삼성,133.3,,143.8,,109.3,131.1,,,127.4,,
김광현,2023,2023-08-19,LG,132.8,,142.5,,112.2,129.4,,,128.5,,
김광현,2023,2023-08-25,두산,133.2,,144.1,,112.6,134.1,,,128.0,,132.0
김광현,2023,2023-08-31,키움,133.3,,145.1,,114.0,134.8,129.1,,,,
김광현,2023,2023-09-06,한화,133.2,,146.0,,110.1,132.4,,,130.2,,
김광현,2023,2023-09-12,KT,131.6,,144.2,,113.2,129.4,123.0,,126.6,,
김광현,2023,2023-09-17,LG,133.4,,145.0,,117.4,132.1,,,128.9,,
김광현,2023,2023-09-22,롯데,133.4,,144.1,,112.5,132.2,,,127.4,,
김광현,2023,2023-09-27,두산,134.5,,144.4,,115.4,133.2,,,129.9,131.0,
김광현,2023,2023-10-04,NC,130.6,,144.2,,115.4,131.9,,,126.5,,
김광현,2023,2023-10-10,KIA,131.8,,144.4,,115.5,132.9,,,129.1,,
김광현,2023,2023-10-17,두산,131.3,,143.8,,114.9,132.2,,,127.4,,
김광현,2023,2023-10-23,NC,131.8,,144.3,,113.8,130.2,131.0,,127.4,,
김광현,2022,2022-04-09,KIA,137.5,,147.0,,116.9,135.5,,,131.2,,
김광현,2022,2022-04-15,삼성,137.9,142.0,146.3,,118.8,136.3,132.3,,,,
김광현,2022,2022-04-21,키움,136.1,,144.6,,116.0,134.8,131.0,,130.8,,
김광현,2022,2022-04-27,롯데,136.4,,146.3,,116.2,137.5,131.2,,130.6,,
김광현,2022,2022-05-03,한화,136.0,,145.5,,115.7,135.6,130.7,,129.0,,
김광현,2022,2022-05-08,키움,133.8,,146.4,,115.6,136.6,131.6,,131.4,,
김광현,2022,2022-05-14,NC,134.8,,143.4,,115.9,134.5,,,128.8,,
김광현,2022,2022-05-20,LG,134.6,,146.1,,115.5,135.9,,,128.8,,
김광현,2022,2022-05-26,롯데,131.2,,143.4,,116.1,134.8,,,128.8,,
김광현,2022,2022-06-01,KT,136.0,141.0,145.9,,114.7,137.5,,,130.3,,
김광현,2022,2022-06-07,NC,134.0,,145.3,,115.3,136.9,,,129.5,,
김광현,2022,2022-06-18,롯데,134.4,,146.2,,114.7,136.3,,,130.4,,
김광현,2022,2022-06-25,NC,132.1,,142.9,,115.1,133.8,,,129.1,,
김광현,2022,2022-07-02,KIA,135.4,,145.3,,115.8,136.0,,,130.4,,
김광현,2022,2022-07-08,삼성,133.3,,143.8,,112.4,132.9,,,127.8,,
김광현,2022,2022-07-22,두산,135.0,,146.2,,114.9,134.5,,,129.1,,
김광현,2022,2022-07-28,LG,132.8,,145.7,,114.6,135.7,,,129.5,,
김광현,2022,2022-08-03,키움,133.4,,144.5,,113.5,134.8,,,128.8,,
김광현,2022,2022-08-10,KT,133.8,,144.5,,111.5,136.7,,,129.7,,
김광현,2022,2022-08-17,KIA,133.7,,146.2,,113.2,133.9,,,130.7,,
김광현,2022,2022-08-23,삼성,136.8,,145.8,,114.6,136.6,,,131.0,,133.0
김광현,2022,2022-08-28,롯데,134.7,,146.6,,116.4,136.3,,,130.1,,
김광현,2022,2022-09-06,LG,134.4,,146.3,,113.3,135.4,,,129.7,,
김광현,2022,2022-09-11,한화,129.8,,144.3,,111.5,132.6,,,129.2,,
김광현,2022,2022-09-17,두산,131.7,,146.0,,113.7,134.8,,,127.9,,
김광현,2022,2022-09-23,한화,130.2,,143.0,,111.2,129.2,,,128.9,,
김광현,2022,2022-09-29,키움,135.3,,145.6,,113.8,134.3,,,130.1,,
김광현,2022,2022-10-05,두산,130.6,,147.0,,114.9,134.1,,,130.5,,
김광현,2022,2022-11-01,키움,136.1,,146.8,,117.1,135.3,,,128.2,,
김광현,2022,2022-11-07,키움,136.6,,144.8,,116.7,136.6,,,128.8,,
김광현,2022,2022-11-08,키움,140.6,,150.0,,,134.3,,,,,
김민,2024,2024-04-07,LG,138.0,143.2,147.8,,,130.3,134.1,,,,
김민,2024,2024-04-21,롯데,141.8,148.3,147.0,,,131.7,,,,,
김민,2024,2024-04-23,한화,140.5,147.4,148.7,,,132.0,,,,,
김민,2024,2024-04-25,한화,142.2,146.6,,,,130.5,135.0,,,,
김민,2024,2024-04-27,SSG,147.1,149.1,150.3,,,132.0,,,,,
김민,2024,2024-04-30,KIA,142.1,149.6,,,,130.3,,,,,
김민,2024,2024-05-02,KIA,139.6,150.1,151.0,,,133.4,,,141.0,,
김민,2024,2024-05-04,키움,140.3,147.7,145.7,,,131.1,,,,,
김민,2024,2024-05-08,NC,135.9,147.0,,,,129.0,,,,,
김민,2024,2024-05-09,NC,142.8,147.4,144.0,,,131.0,,,,,
김민,2024,2024-05-12,두산,144.5,147.6,149.5,,,129.7,,,,,
김민,2024,2024-05-14,롯데,139.1,147.2,148.0,,,130.6,,,,,130.0
김민,2024,2024-05-16,롯데,145.4,147.0,148.0,,,133.3,,,,,
김민,2024,2024-05-18,LG,137.7,147.0,149.0,,,130.2,,,,,
김민,2024,2024-05-19,LG,137.4,146.5,148.0,,,128.0,,,,,
김민,2024,2024-05-21,삼성,141.0,147.1,,,,130.4,,,,,
김민,2024,2024-05-23,삼성,140.6,146.6,146.5,,,130.5,,,,,
김민,2024,2024-05-25,키움,143.6,147.6,148.7,,,133.0,,,,,
김민,2024,2024-05-30,두산,138.7,147.3,147.0,,,131.8,,,,,
김민,2024,2024-05-31,KIA,144.6,149.6,151.0,,,134.7,,,,,
김민,2024,2024-06-02,KIA,145.4,150.1,,,,133.2,,,,,
김민,2024,2024-06-05,한화,138.9,149.2,,,,133.1,,,,,
김민,2024,2024-06-06,한화,139.3,147.4,,,,132.5,,,,,
김민,2024,2024-06-09,LG,143.9,147.7,148.2,,,133.7,,,,,
김민,2024,2024-06-12,NC,146.9,152.0,148.0,,,135.5,,,,,
김민,2024,2024-06-15,KIA,143.4,149.3,149.9,,,133.5,,,,,
김민,2024,2024-06-16,KIA,140.8,148.7,,,,132.9,,,,,
김민,2024,2024-06-18,롯데,142.9,147.5,148.2,,,132.7,,,,,
김민,2024,2024-06-20,롯데,144.2,149.8,151.0,,,134.9,,,,,
김민,2024,2024-06-21,LG,146.0,149.0,,,,134.0,,,,,
김민,2024,2024-06-23,LG,143.3,149.3,,,,133.3,,,,,
김민,2024,2024-06-25,SSG,146.7,150.8,,,,136.0,,,,,
김민,2024,2024-06-28,삼성,141.1,145.8,147.4,,,134.1,,,,,
김민,2024,2024-06-30,삼성,141.6,148.7,,,,134.4,,,,,
김민,2024,2024-07-02,한화,140.2,146.3,,,,131.4,,,,,
김민,2024,2024-07-03,한화,139.9,146.4,,,,133.4,,,,,
김민,2024,2024-07-10,두산,142.1,148.1,147.7,,,133.7,,,,,
김민,2024,2024-07-12,롯데,142.1,148.2,148.0,,,135.2,,,,,
김민,2024,2024-07-13,롯데,144.9,147.8,,,,133.5,,,,,
김민,2024,2024-07-16,키움,137.2,147.5,,,117.0,133.7,,,,,
김민,2024,2024-07-18,키움,141.3,147.4,,,,134.3,,,,,
김민,2024,2024-07-24,SSG,144.1,148.1,150.3,,,134.2,,,,,
김민,2024,2024-07-26,삼성,138.4,147.3,,,,134.0,,,,,
김민,2024,2024-07-28,삼성,138.3,147.2,,,,133.3,,,,,
김민,2024,2024-08-02,NC,143.1,148.3,,,,135.9,,,,,
김민,2024,2024-08-06,KIA,141.0,148.3,,,,136.6,,,,,
김민,2024,2024-08-08,KIA,140.3,149.0,,,,134.9,,,,,
김민,2024,2024-08-09,롯데,142.1,148.0,148.3,,,134.3,,,135.0,,
김민,2024,2024-08-11,롯데,142.4,147.7,147.7,,126.0,135.0,,,,,
김민,2024,2024-08-14,삼성,140.9,146.7,148.0,,,132.8,,,,,
김민,2024,2024-08-15,삼성,137.1,147.8,,,,133.5,,,,,
김민,2024,2024-08-17,두산,141.7,146.9,,,,133.9,,,,,
김민,2024,2024-08-18,두산,140.9,147.5,,,,133.0,,,,,
김민,2024,2024-08-20,키움,138.6,147.5,,,,132.0,,,,,
김민,2024,2024-08-21,키움,143.2,145.5,,,,134.0,,,,,
김민,2024,2024-08-22,키움,136.8,146.7,,,,131.8,,,,,
김민,2024,2024-08-24,SSG,136.9,147.5,150.0,,,132.2,,,,,
김민,2024,2024-08-25,SSG,140.9,148.7,,,,131.8,,,,,
김민,2024,2024-08-28,LG,137.3,147.1,,,,131.3,,,,,
김민,2024,2024-08-29,LG,145.9,148.0,,,,131.0,,,,,
김민,2024,2024-08-31,한화,139.9,146.5,,,,131.9,,,,,
김민,2024,2024-09-04,롯데,141.1,147.4,,,,132.2,,,,,
김민,2024,2024-09-06,NC,142.8,149.6,,,,135.0,,,,,
김민,2024,2024-09-10,NC,138.3,147.5,,,,133.7,,,,,
김민,2024,2024-09-11,NC,134.1,144.3,,,,129.0,,,,,
김민,2024,2024-09-16,KIA,139.3,147.0,148.0,,,132.6,,,,,
김민,2024,2024-09-17,키움,137.3,145.3,,,,131.2,,,,,
김민,2024,2024-09-19,삼성,136.1,147.0,,,,132.5,,,,,
김민,2024,2024-09-21,SSG,143.2,146.4,150.0,,,132.3,,,,,
김민,2024,2024-09-27,키움,136.7,148.7,,,,134.1,,,,,
김민,2024,2024-10-02,두산,135.8,148.5,,,,133.3,,,,,
김민,2024,2024-10-06,LG,140.1,145.4,,,,132.6,,,,,
김민,2024,2024-10-08,LG,138.1,146.0,,,,135.1,,,,,
김민,2023,2023-04-01,LG,140.1,145.0,149.2,,,130.8,,,,,
김민,2023,2023-04-02,LG,139.9,144.0,148.0,,,132.5,,,,,
김민,2023,2023-04-12,NC,142.1,,148.7,,,132.8,,,,,
김민,2023,2023-04-14,한화,136.1,141.0,145.6,,,129.9,,,,,
김민,2023,2023-04-15,한화,139.4,142.8,144.2,,,124.5,,,,,
김민,2023,2023-04-27,키움,143.6,,149.5,,,131.7,,,,,
김민,2023,2023-05-04,SSG,141.3,146.2,148.4,,,128.7,,,,,
김민,2023,2023-05-09,NC,137.3,140.0,143.4,,,128.7,,,,,
김민,2023,2023-07-13,키움,139.9,,145.9,,,132.1,,,,,
김민,2023,2023-07-28,NC,139.3,,145.7,,,133.0,,,,,
김민,2023,2023-08-05,두산,140.8,,146.1,,,133.8,,,,,
김민,2023,2023-08-18,한화,134.7,,142.7,,,128.8,,,,,
김민,2023,2023-09-03,키움,136.8,141.2,145.3,,,131.1,,,,,
김민,2023,2023-09-09,SSG,139.9,142.9,145.9,,,133.4,,,136.0,,
김민,2023,2023-09-18,한화,137.3,142.8,145.0,,,130.7,,,133.5,,
김민,2023,2023-10-07,한화,137.4,143.0,145.6,,124.0,130.5,135.2,,,,
김민,2023,2023-10-30,NC,136.2,143.0,144.7,,,128.7,132.0,,,,
김민,2023,2023-11-11,LG,137.3,143.0,144.0,,,129.0,,,,,
김민,2022,2022-09-25,NC,143.3,,151.6,,,133.0,,,,,
김민,2022,2022-09-28,두산,145.3,,150.3,,,130.0,,,,,
김민,2022,2022-09-29,LG,146.1,,151.2,,,134.3,,,,,
김민,2022,2022-10-04,삼성,145.5,,148.3,,,130.0,139.0,,,,
김민,2022,2022-10-07,KIA,151.5,,151.5,,,,,,,,
김민,2022,2022-10-11,LG,144.2,,149.5,,,132.8,,,,,
김민,2022,2022-10-19,키움,143.8,,149.4,,,130.9,,,,,
김민,2020,2020-05-10,두산,140.7,144.5,147.1,,,128.8,135.5,,,,
김민,2020,2020-05-16,삼성,134.1,142.8,144.2,,,128.8,131.0,,,,
김민,2020,2020-05-23,LG,140.0,146.2,147.9,,,131.5,132.5,,,,
김민,2020,2020-05-29,키움,140.2,144.5,146.5,,,129.8,127.0,,,,
김민,2020,2020-06-04,두산,134.9,145.0,146.4,,,129.2,134.3,,,,
김민,2020,2020-06-10,KIA,136.9,143.9,147.1,,,130.5,,,134.7,,
김민,2020,2020-07-18,NC,142.6,146.4,147.6,,,130.0,,,,,
김민,2020,2020-07-21,LG,144.8,,148.7,,,133.0,,,,,
김민,2020,2020-07-26,NC,146.8,145.0,147.2,,,,,,,,
김민,2020,2020-07-31,SK,144.4,,146.3,,,130.0,,,,,
김민,2020,2020-08-05,키움,143.1,143.0,148.4,,,131.4,,,,,
김민,2020,2020-08-12,SK,136.8,143.1,143.6,,123.5,130.0,,,,,
김민,2020,2020-08-21,한화,143.4,,150.0,,,131.8,,,,,
김민,2020,2020-08-24,NC,141.9,,148.2,,,132.0,,,135.0,,
김민,2020,2020-09-01,롯데,141.6,,147.0,,,130.8,,,,,
김민,2020,2020-09-06,키움,140.5,,149.0,,,133.5,,,129.0,,
김민,2020,2020-09-08,두산,142.0,,147.5,,,131.0,,,,,
김민,2020,2020-09-10,NC,143.9,147.0,148.8,,,132.8,,,,,
김민,2020,2020-09-11,NC,144.3,146.5,148.4,,,132.0,,,,,
김민,2020,2020-09-15,삼성,139.5,145.0,146.8,,127.0,129.3,,,,,
김민,2020,2020-09-22,롯데,144.9,,148.7,,,131.5,,,,,
김민,2020,2020-09-26,LG,142.4,145.5,146.7,,,130.0,,,,,
김민,2020,2020-09-30,삼성,141.2,144.0,146.2,,,128.8,,,,,
김민,2020,2020-10-07,롯데,139.1,,147.0,,,129.2,,,,,
김택형,2024,2024-07-17,LG,136.2,,140.7,,,126.5,,,,,
김택형,2024,2024-07-25,KT,132.6,,140.1,,,125.6,,,127.5,,
김택형,2024,2024-07-31,롯데,136.3,,139.6,,,126.7,,,,,
김택형,2024,2024-08-03,삼성,134.7,,138.4,,,125.0,,,,,
김택형,2024,2024-08-04,삼성,133.0,,135.6,,,123.4,,,,,
김택형,2024,2024-08-09,두산,137.9,,140.1,,,127.3,,,,,
김택형,2022,2022-04-02,NC,132.5,,139.2,,,124.5,,,127.5,,
김택형,2022,2022-04-03,NC,135.4,,142.0,,,127.2,,,130.0,,
김택형,2022,2022-04-05,KT,135.0,,139.6,,,127.7,,,125.5,,
김택형,2022,2022-04-06,KT,138.4,,138.4,,,,,,,,
김택형,2022,2022-04-08,KIA,136.9,,144.0,,,129.0,,,132.0,,
김택형,2022,2022-04-12,LG,139.5,,142.9,,,128.0,,,132.0,,
김택형,2022,2022-04-13,LG,136.1,,142.9,,,129.4,,,,,
김택형,2022,2022-04-17,삼성,137.4,,145.6,,,130.1,,,132.0,,
김택형,2022,2022-04-21,키움,133.9,,144.0,,,127.3,,,130.0,,
김택형,2022,2022-04-24,한화,136.5,,145.1,,,128.9,,,132.8,,
김택형,2022,2022-04-27,롯데,140.5,,144.2,,,128.0,,,130.5,,
김택형,2022,2022-04-29,두산,142.4,,145.1,,,,,,130.0,,
김택형,2022,2022-04-30,두산,142.7,,144.4,,,126.0,,,,,
김택형,2022,2022-05-03,한화,137.0,,144.2,,,128.9,,,132.0,,
김택형,2022,2022-05-04,한화,139.3,,142.7,,,128.0,,,131.0,,
김택형,2022,2022-05-07,키움,139.2,,145.2,,,126.0,,,130.0,,
김택형,2022,2022-05-08,키움,135.3,,145.0,,,131.0,,,134.0,,
김택형,2022,2022-05-10,삼성,141.9,,145.1,,,129.5,,,131.5,,
김택형,2022,2022-05-11,삼성,138.8,,145.7,,,129.3,,,132.0,,
김택형,2022,2022-05-14,NC,134.6,,141.8,,,127.2,,,130.0,,
김택형,2022,2022-05-15,NC,137.5,,142.4,,,128.0,,,131.0,,
김택형,2022,2022-06-07,NC,137.8,,145.7,,,130.8,,,128.7,,
김택형,2022,2022-06-08,NC,134.7,,143.5,,,129.0,,,128.2,,
김택형,2022,2022-06-11,한화,138.2,,144.4,,,127.7,,,126.3,,
김택형,2022,2022-06-12,한화,137.4,,144.6,,,128.6,,,,,
김택형,2022,2022-06-16,KT,137.8,,143.8,,,128.4,,,133.5,,
김택형,2022,2022-06-19,롯데,133.2,,142.2,,,127.5,,,132.8,,
김택형,2022,2022-06-22,두산,143.7,,143.7,,,,,,,,
김택형,2022,2022-06-25,NC,140.3,,142.1,,,127.0,,,,,
김택형,2022,2022-06-26,NC,139.1,,141.7,,,127.0,,,,,
김택형,2022,2022-06-28,한화,134.7,,145.0,,,129.5,,,,,
김택형,2022,2022-07-01,KIA,136.8,,141.6,,,125.6,,,128.5,,
김택형,2022,2022-07-02,KIA,139.6,,141.4,,,130.0,,,128.0,,
김택형,2022,2022-07-07,롯데,134.7,,139.6,,,127.5,,,127.8,,
김택형,2022,2022-07-09,삼성,136.4,,141.7,,,126.7,,,127.5,,
김택형,2022,2022-07-10,삼성,134.5,,140.1,,,125.3,,,128.0,,
김택형,2022,2022-07-12,키움,139.6,,144.0,,,129.2,,,,,
김택형,2022,2022-07-24,두산,136.9,,146.9,,,130.8,,,132.8,,
김택형,2022,2022-07-28,LG,139.1,,144.4,,,129.8,,,,,
김택형,2022,2022-07-31,KIA,137.8,,144.6,,,131.0,,,134.5,,
김택형,2022,2022-08-02,키움,140.4,,144.5,,,129.3,,,,,
김택형,2022,2022-08-03,키움,141.9,,145.1,,,131.0,,,133.7,,
김택형,2022,2022-08-05,삼성,135.4,,142.0,,,128.8,,,129.0,,
김택형,2022,2022-08-06,삼성,136.9,,142.3,,,128.4,,,131.0,,
김택형,2022,2022-08-12,KT,136.7,,143.9,,,128.1,,,134.0,,
김택형,2022,2022-08-13,두산,138.6,,144.7,,,131.5,,,,,
김택형,2022,2022-08-18,LG,138.3,,145.7,,,132.9,,,132.5,,
김택형,2022,2022-08-23,삼성,137.9,,144.7,,,130.7,,,130.7,,
김택형,2022,2022-08-24,삼성,135.4,,145.5,,,130.8,,,132.0,,
김택형,2022,2022-08-28,롯데,134.6,,145.8,,,130.2,,,130.3,,
김택형,2022,2022-08-31,삼성,136.4,,142.6,,,128.0,,,131.5,,
김택형,2022,2022-09-01,NC,140.2,,143.2,,,128.0,,,,,
김택형,2022,2022-09-03,키움,142.0,,146.1,,,130.8,,,,,
김택형,2022,2022-09-06,LG,139.9,,146.8,,,131.0,,,132.0,,
김택형,2022,2022-09-07,LG,137.9,,145.5,,,130.2,,,133.3,,
김택형,2022,2022-09-11,한화,144.6,,144.6,,,,,,,,
김택형,2022,2022-09-13,롯데,137.9,,144.3,,,128.0,,,131.8,,
김택형,2022,2022-09-18,두산,139.4,,144.1,,,128.8,,,132.0,,
김택형,2022,2022-09-20,KT,137.6,,142.3,,,126.7,,,,,
김택형,2022,2022-09-21,KT,134.9,,141.5,,,127.0,,,128.7,,
김택형,2022,2022-09-23,한화,135.4,,142.8,,,128.8,,,130.2,,
김택형,2022,2022-09-25,LG,139.8,,144.4,,,129.2,,,131.0,,
김택형,2022,2022-09-29,키움,135.4,,143.0,,,129.0,,,,,
김택형,2022,2022-09-30,키움,142.9,,144.7,,,129.5,,,,,
김택형,2022,2022-11-01,키움,137.0,,143.2,,,128.7,,,,,
김택형,2022,2022-11-02,키움,132.7,,141.8,,,127.1,,,128.0,,
김택형,2022,2022-11-04,키움,138.0,,142.5,,,126.3,,,126.0,,
김택형,2022,2022-11-07,키움,137.3,,141.8,,,126.4,,,127.0,,
김택형,2022,2022-11-08,키움,130.5,,144.0,,,126.0,,,,,
김택형,2021,2021-04-07,한화,136.9,,142.1,,,127.0,129.0,,,,
김택형,2021,2021-04-21,삼성,139.0,,145.4,,,130.0,,,,,
김택형,2021,2021-04-27,KT,140.1,,144.2,,,128.9,132.0,,,,
김택형,2021,2021-04-30,두산,139.3,,143.8,,,129.3,132.0,,,,
김택형,2021,2021-05-06,NC,142.1,,144.7,,,129.0,,,,,
김택형,2021,2021-05-08,키움,142.6,,145.0,,,130.2,,,,,
김택형,2021,2021-05-17,두산,140.2,,143.6,,124.0,131.8,,,,,
김택형,2021,2021-05-23,LG,137.3,,143.1,,,129.2,,,129.5,,
김택형,2021,2021-05-26,KT,131.0,,144.0,,,126.7,,,,,
김택형,2021,2021-05-27,KT,135.8,,141.3,,,127.5,,,,,
김택형,2021,2021-06-02,삼성,139.1,,145.5,,,130.2,,,,,
김택형,2021,2021-06-04,두산,138.2,,147.5,,,130.1,,,,,
김택형,2021,2021-06-08,KT,139.2,,144.4,,,130.5,,,,,
김택형,2021,2021-06-09,KT,138.5,,143.4,,,128.6,,,132.3,,
김택형,2021,2021-06-12,키움,139.9,,145.9,,,129.2,,,131.5,,
김택형,2021,2021-06-16,KIA,138.4,145.0,144.7,,,128.8,,,,,
김택형,2021,2021-06-17,KIA,136.2,,143.0,,,128.8,,,130.5,,
김택형,2021,2021-06-18,한화,139.7,,145.4,,,129.0,,,130.8,,
김택형,2021,2021-06-20,한화,139.5,,145.4,,,129.3,,,129.0,,
김택형,2021,2021-06-23,LG,138.9,,144.1,,,126.5,,,131.7,,
김택형,2021,2021-06-24,LG,139.5,,145.2,,,127.0,,,132.3,,
김택형,2021,2021-06-26,NC,139.0,,144.5,,,129.5,,,131.3,,
김택형,2021,2021-06-27,NC,137.3,,143.2,,,132.0,,,129.6,,
김택형,2021,2021-06-30,삼성,136.9,,143.8,,,129.7,,,130.0,,
김택형,2021,2021-07-01,삼성,140.5,,144.2,,,129.5,,,131.0,,
김택형,2021,2021-07-04,롯데,136.5,,144.6,,,129.7,,,131.2,,
김택형,2021,2021-07-08,키움,141.2,,146.4,,,130.6,,,135.0,,
김택형,2021,2021-07-10,한화,143.8,,145.3,,,129.0,,,135.0,,
김택형,2021,2021-07-11,한화,140.1,,145.4,,,129.8,,,132.3,,
김택형,2021,2021-08-10,LG,138.6,,147.1,,,131.1,,,136.5,,
김택형,2021,2021-08-13,KIA,141.6,,145.7,,,130.5,,,134.0,,
김택형,2021,2021-08-15,KIA,139.5,,145.6,,,129.3,,,128.0,,
김택형,2021,2021-08-18,NC,140.7,,145.4,,,129.0,,,,,
김택형,2021,2021-08-20,삼성,139.5,,146.9,,,132.5,,,136.0,,
김택형,2021,2021-08-22,삼성,137.0,,142.9,,,132.2,133.0,,,,
김택형,2021,2021-08-27,KT,138.1,,144.4,,,131.7,,,133.9,,
김택형,2021,2021-08-28,KIA,139.3,,145.2,,,129.3,,,,,
김택형,2021,2021-09-01,NC,139.7,,145.7,,,130.8,,,,,
김택형,2021,2021-09-03,두산,141.6,,144.8,,,131.0,,,133.5,,
김택형,2021,2021-09-05,키움,139.8,,146.3,,,132.3,,,,,
김택형,2021,2021-09-08,LG,140.0,,145.3,,,130.8,,,133.8,,
김택형,2021,2021-09-11,KT,137.6,,142.9,,,129.6,,,133.0,,
김택형,2021,2021-09-15,한화,141.1,,146.8,,,131.5,,,133.0,,
김택형,2021,2021-09-16,두산,140.0,,146.5,,,133.0,,,134.5,,
김택형,2021,2021-09-19,삼성,141.1,,145.9,,,133.0,,,133.9,135.0,
김택형,2021,2021-09-22,키움,133.6,,143.7,,,128.2,,,,,
김택형,2021,2021-09-23,롯데,141.1,,145.5,,,132.9,,,,,
김택형,2021,2021-09-24,롯데,136.6,,146.7,,,131.2,,,132.0,,
김택형,2021,2021-10-01,NC,139.7,,145.5,,,131.4,,,132.5,,
김택형,2021,2021-10-02,KT,138.5,,143.4,,,130.5,,,132.3,,
김택형,2021,2021-10-07,한화,141.5,,145.6,,,130.8,,,131.0,,
김택형,2021,2021-10-09,롯데,141.9,,145.2,,,131.0,,,133.0,,
김택형,2021,2021-10-12,LG,137.6,,144.5,,,129.3,,,131.8,,
김택형,2021,2021-10-16,롯데,140.8,,144.4,,,133.0,,,131.7,,
김택형,2021,2021-10-20,NC,139.6,,144.7,,,129.0,,,131.3,,
김택형,2021,2021-10-22,두산,139.8,,144.1,,,130.7,,,,,
김택형,2021,2021-10-24,삼성,136.6,,141.7,,,128.0,,,,,
김택형,2021,2021-10-26,NC,139.9,,143.5,,,,,,130.8,,
김택형,2021,2021-10-28,두산,138.5,,144.0,,,129.8,,,132.0,,
김택형,2020,2020-05-07,한화,136.3,,145.2,,,128.8,,,,,
김택형,2020,2020-05-12,LG,140.8,,142.6,,,128.5,,,,,
김택형,2020,2020-05-13,LG,134.9,,139.5,,,124.6,,,,,
김택형,2020,2020-05-30,한화,140.2,,145.4,,,131.7,132.5,,,,
김택형,2020,2020-06-02,NC,139.3,,144.2,,,130.4,,,,,
김택형,2020,2020-06-03,NC,132.1,,139.4,,,123.0,,,,,
김택형,2020,2020-06-21,키움,143.8,,145.8,,,134.0,,,,,
김택형,2020,2020-06-23,두산,141.1,,145.9,,,129.2,,,,,
김택형,2020,2020-06-25,두산,136.5,,144.1,,,128.0,,,,,
김택형,2020,2020-06-26,LG,144.9,,147.0,,,130.0,,,,,
김택형,2020,2020-06-30,삼성,135.6,,144.7,,,128.3,129.0,,,,
김택형,2020,2020-07-04,롯데,145.3,,147.2,,,131.5,,,,,
김택형,2020,2020-07-07,NC,141.2,,146.2,,,132.9,,,,,
김택형,2020,2020-07-08,NC,143.8,,145.9,,,132.7,,,,,
김택형,2020,2020-07-11,한화,143.1,,146.4,,,131.5,,,,,
김택형,2020,2020-09-15,KIA,144.3,,147.2,,,132.2,129.0,,,,
김택형,2020,2020-09-17,NC,142.2,,147.5,,,132.5,,,,,
김택형,2020,2020-09-19,KT,142.5,,144.7,,,130.0,131.0,,,,
김택형,2020,2020-09-20,KT,139.4,,143.9,,,129.7,130.0,,,,
김택형,2020,2020-09-25,키움,141.5,,145.0,,,131.0,,,,,
김택형,2020,2020-09-29,NC,139.6,,145.0,,,128.5,129.0,,,,
김택형,2020,2020-10-02,키움,136.0,,143.9,,,128.6,,,,,
김택형,2020,2020-10-06,두산,136.8,,144.9,,,130.9,,,,,
김택형,2020,2020-10-07,두산,137.7,,143.9,,,127.8,,,,,
김택형,2020,2020-10-11,KIA,136.5,,142.6,,112.0,128.0,,,,,
김택형,2020,2020-10-14,삼성,133.3,,143.0,,,127.4,,,,,
김택형,2020,2020-10-16,KT,140.3,,145.0,,,126.0,,,,,
김택형,2020,2020-10-17,KT,140.6,,143.8,,,128.0,,,,,
김택형,2020,2020-10-18,KT,134.5,,143.2,,,128.1,,,,,
김택형,2020,2020-10-21,롯데,135.7,,143.5,,,125.3,,,,,
김택형,2020,2020-10-22,롯데,137.2,,143.0,,,124.0,,,,,
노경은,2024,2024-03-23,롯데,137.7,140.5,143.9,,113.0,136.2,,,131.4,,
노경은,2024,2024-03-24,롯데,134.8,,144.6,,115.8,136.0,,,126.0,106.0,
노경은,2024,2024-03-29,삼성,137.6,139.0,142.2,,110.0,133.5,,,126.3,,
노경은,2024,2024-03-30,삼성,133.4,140.5,139.0,,,133.5,,,129.0,,
노경은,2024,2024-04-02,두산,134.4,,144.6,,114.7,135.5,,,131.2,,
노경은,2024,2024-04-03,두산,137.2,,143.6,,,132.0,,,131.8,,
노경은,2024,2024-04-10,키움,136.1,,142.0,,,134.0,,,129.0,,
노경은,2024,2024-04-13,KT,136.8,,144.4,,111.0,135.4,,,128.0,,
노경은,2024,2024-04-14,KT,134.5,,141.2,,112.5,133.3,,,129.3,,
노경은,2024,2024-04-16,KIA,138.4,,146.0,,,136.2,,,130.3,,
노경은,2024,2024-04-18,KIA,139.1,142.5,144.4,,,137.2,,,131.2,,
노경은,2024,2024-04-21,LG,140.0,143.0,144.9,,,139.1,,,132.6,,
노경은,2024,2024-04-24,롯데,135.3,,143.4,,110.0,130.5,,,130.3,,
노경은,2024,2024-04-26,KT,137.1,,146.2,,110.0,136.0,,,133.0,,
노경은,2024,2024-05-01,한화,137.4,,142.6,,,135.0,,,131.2,,
노경은,2024,2024-05-02,한화,140.5,,143.8,,,129.0,,,132.0,,
노경은,2024,2024-05-04,NC,138.0,,145.0,,,136.4,,,132.5,,
노경은,2024,2024-05-07,LG,134.8,,141.8,,,133.8,,,131.8,,
노경은,2024,2024-05-09,LG,137.5,,143.3,,,137.5,,,132.4,,
노경은,2024,2024-05-10,KIA,136.1,,144.6,,111.0,137.6,,,131.9,,
노경은,2024,2024-05-12,KIA,137.0,143.0,145.0,,110.5,135.8,,,131.3,,
노경은,2024,2024-05-16,삼성,138.4,,145.2,,,136.0,,,131.0,,
노경은,2024,2024-05-17,키움,133.7,,143.0,,110.0,136.3,,,132.5,,141.0
노경은,2024,2024-05-19,키움,135.8,,145.2,,,138.0,,,131.3,,
노경은,2024,2024-05-22,두산,136.9,,143.6,,112.0,133.8,,,133.8,,
노경은,2024,2024-05-24,한화,137.2,,144.1,,112.0,136.1,,,132.5,,
노경은,2024,2024-05-25,한화,136.4,,143.6,,,134.4,,,130.8,95.0,
노경은,2024,2024-05-30,LG,139.9,,144.0,,,136.7,,,131.5,,
노경은,2024,2024-05-31,키움,140.2,,143.5,,,137.0,,,133.5,,
노경은,2024,2024-06-02,키움,134.4,,145.3,,114.5,138.0,,,,,
노경은,2024,2024-06-04,삼성,128.5,,146.3,,114.2,136.0,,,132.0,,
노경은,2024,2024-06-05,삼성,138.1,,142.6,,,137.2,,,132.6,,
노경은,2024,2024-06-09,롯데,125.3,,145.0,,109.0,130.0,,,,,
노경은,2024,2024-06-11,KIA,137.6,,142.2,,,136.2,,,131.7,,
노경은,2024,2024-06-12,KIA,136.7,,141.3,,,136.7,,,132.0,,
노경은,2024,2024-06-16,한화,140.9,141.0,142.5,,,,,,130.5,,
노경은,2024,2024-06-18,삼성,138.5,,141.1,,,134.2,,,134.0,,
노경은,2024,2024-06-21,NC,139.7,,143.7,139.5,,,,,134.0,,
노경은,2024,2024-06-23,NC,135.9,142.0,143.9,,112.0,136.0,,,132.4,,
노경은,2024,2024-06-26,KT,136.1,,146.2,,110.5,138.0,,,134.1,101.0,
노경은,2024,2024-06-30,두산,137.0,,141.8,,,135.2,,,132.1,,
노경은,2024,2024-07-04,NC,134.7,142.0,145.2,139.0,116.0,135.0,,,135.5,,
노경은,2024,2024-07-09,롯데,134.8,141.0,144.0,141.0,113.5,134.6,,,131.9,,
노경은,2024,2024-07-11,롯데,135.9,140.0,144.8,,115.5,135.6,,,133.0,,
노경은,2024,2024-07-13,KIA,137.1,,145.1,,115.2,135.8,,,134.0,,
노경은,2024,2024-07-14,KIA,137.0,140.5,140.6,,,134.0,,,131.8,,
노경은,2024,2024-07-19,키움,138.3,,145.6,,116.0,138.0,,,132.0,,
노경은,2024,2024-07-24,KT,138.2,,144.2,138.0,,135.9,,,131.0,,
노경은,2024,2024-07-26,두산,137.2,,145.9,,114.0,135.0,,,134.2,,
노경은,2024,2024-07-27,두산,136.4,143.0,144.8,,113.0,135.0,,,132.8,,
노경은,2024,2024-07-28,두산,138.4,,145.0,,,137.7,,,133.0,,
노경은,2024,2024-07-31,롯데,137.5,,146.2,,116.0,136.8,,,134.0,,
노경은,2024,2024-08-01,롯데,138.6,,146.0,,,137.6,,,136.0,,
노경은,2024,2024-08-02,삼성,130.4,,142.8,,113.2,133.6,,,131.0,,
노경은,2024,2024-08-06,키움,137.9,,145.2,,114.0,136.0,,,132.5,,
노경은,2024,2024-08-07,키움,134.2,141.0,143.4,,114.3,134.8,,,132.3,,
노경은,2024,2024-08-09,두산,136.8,141.0,144.4,,114.5,135.7,,,133.4,,
노경은,2024,2024-08-11,두산,137.5,142.5,144.0,,,136.2,,,133.5,,
노경은,2024,2024-08-13,NC,137.5,,143.0,,,,,,134.2,,
노경은,2024,2024-08-15,NC,136.6,,146.0,,116.0,141.0,,,134.8,,
노경은,2024,2024-08-20,LG,138.0,,143.3,,,136.7,,,133.1,,
노경은,2024,2024-08-21,LG,135.6,,143.0,,115.0,134.5,,,132.0,,
노경은,2024,2024-08-23,KT,137.1,147.0,144.9,,114.7,135.3,,,134.3,,
노경은,2024,2024-08-25,KT,136.9,143.5,145.1,,114.7,136.5,,,131.6,,
노경은,2024,2024-08-29,KIA,140.0,,146.6,,114.0,136.5,,,,,
노경은,2024,2024-09-01,NC,138.9,144.0,143.4,,,137.2,,,133.5,,
노경은,2024,2024-09-05,LG,134.2,,146.0,,116.0,136.0,,,133.5,101.0,
노경은,2024,2024-09-07,롯데,132.0,,144.7,,112.0,132.5,,,130.5,100.0,
노경은,2024,2024-09-10,한화,138.4,,145.0,,113.0,136.3,,,131.3,,
노경은,2024,2024-09-14,삼성,137.1,,146.0,,,136.7,,,132.7,,
노경은,2024,2024-09-15,삼성,134.1,,144.8,,108.0,135.2,,,135.0,,
노경은,2024,2024-09-17,KIA,138.5,,143.2,,,137.6,,,133.8,,
노경은,2024,2024-09-21,KT,132.2,,144.0,,115.0,135.0,,,133.5,,
노경은,2024,2024-09-25,NC,141.1,,145.4,,107.0,136.0,,,134.0,,
노경은,2024,2024-09-28,한화,140.4,143.0,144.4,,,137.3,,,134.4,,
노경은,2023,2023-04-01,KIA,139.8,,145.3,,112.0,131.0,,,132.8,,
노경은,2023,2023-04-07,한화,135.4,,140.8,,,,,,130.1,,
노경은,2023,2023-04-08,한화,131.1,,143.8,,,134.0,,,128.8,109.0,
노경은,2023,2023-04-09,한화,136.3,140.3,142.4,,112.0,133.0,,,129.9,,
노경은,2023,2023-04-11,삼성,132.5,142.5,145.0,,110.0,135.3,,,130.7,120.0,
노경은,2023,2023-04-14,NC,139.3,,146.8,,116.0,138.8,,,137.0,,
노경은,2023,2023-04-15,NC,131.6,,146.0,141.0,114.8,135.2,,,131.7,,
노경은,2023,2023-04-20,KT,143.5,,146.8,,,136.7,,,134.0,,
노경은,2023,2023-04-21,키움,137.4,143.4,146.3,,112.5,139.8,132.0,,134.7,105.0,
노경은,2023,2023-04-23,키움,140.7,144.9,146.0,,113.0,139.7,,,133.0,,
노경은,2023,2023-04-25,LG,136.3,,145.8,,,,,,131.9,,
노경은,2023,2023-04-28,두산,142.1,143.7,146.1,,112.0,139.2,,,136.0,,
노경은,2023,2023-05-03,KT,137.9,143.0,143.4,,,137.2,,,132.4,,
노경은,2023,2023-05-05,키움,135.9,144.5,146.0,,109.0,139.2,,,132.3,100.0,
노경은,2023,2023-05-06,키움,133.5,144.5,144.5,,114.5,138.0,,,131.7,,
노경은,2023,2023-05-10,KIA,138.6,144.3,146.8,137.0,,137.0,,,131.6,,
노경은,2023,2023-05-11,KIA,141.5,144.0,147.5,,,139.0,,,132.2,,
노경은,2023,2023-05-13,한화,138.9,143.0,144.9,,111.0,137.0,,,132.8,,
노경은,2023,2023-05-14,한화,135.4,144.3,,,110.0,133.5,,,131.2,,
노경은,2023,2023-05-17,NC,140.2,145.0,146.6,,,139.3,,,134.0,,
노경은,2023,2023-05-20,롯데,137.7,143.6,145.2,,111.0,131.0,,,,,
노경은,2023,2023-05-21,롯데,140.1,147.0,147.1,,111.0,137.0,,,131.7,,
노경은,2023,2023-05-24,LG,137.0,144.0,145.7,,112.5,137.3,,,133.0,,
노경은,2023,2023-05-30,삼성,141.3,144.6,146.2,,,137.5,,,133.4,,
노경은,2023,2023-06-02,키움,134.7,145.3,147.0,,116.5,138.5,,,,107.0,
노경은,2023,2023-06-03,키움,139.8,144.5,146.5,,,137.8,,,132.5,,
노경은,2023,2023-06-06,KIA,137.8,143.5,147.5,,113.0,139.0,,,135.0,,
노경은,2023,2023-06-07,KIA,136.9,145.5,149.7,143.0,113.0,139.3,,,132.8,,
노경은,2023,2023-06-11,NC,138.7,144.6,,,115.0,139.1,,,133.3,,
노경은,2023,2023-06-15,KT,143.9,146.5,147.4,,,138.0,,,,,
노경은,2023,2023-06-20,두산,140.3,143.3,145.5,,,135.5,,,,,
노경은,2023,2023-06-21,두산,139.8,142.5,145.4,,,135.6,,,132.0,,
노경은,2023,2023-06-24,삼성,140.9,146.7,147.8,,,135.7,,,131.7,,
노경은,2023,2023-06-28,LG,137.0,141.7,146.5,,111.0,136.5,,,130.8,,
노경은,2023,2023-06-30,키움,142.2,144.7,146.5,,,140.8,,,133.0,,
노경은,2023,2023-07-02,키움,141.4,144.0,146.0,,,133.0,,,132.5,,
노경은,2023,2023-07-06,KIA,138.8,144.4,147.0,,,132.7,,,132.5,,
노경은,2023,2023-07-08,한화,138.9,145.0,145.4,,,139.1,,,133.9,,
노경은,2023,2023-07-12,두산,133.5,111.0,146.5,,,137.4,,,134.8,,
노경은,2023,2023-07-25,삼성,141.1,145.0,148.8,,,136.7,,,132.7,,
노경은,2023,2023-07-26,삼성,136.8,142.0,144.0,,,135.7,,,130.9,,
노경은,2023,2023-07-28,한화,139.2,143.5,143.8,,,138.5,,,132.8,,
노경은,2023,2023-07-29,한화,137.6,,145.2,,,135.6,,,129.7,,
노경은,2023,2023-08-03,KT,136.3,140.5,143.7,,,134.8,,,131.2,,
노경은,2023,2023-08-04,롯데,135.4,142.0,144.8,,112.0,136.4,,,131.7,,
노경은,2023,2023-08-05,롯데,136.0,142.2,145.2,,,134.6,,,131.9,,
노경은,2023,2023-08-08,NC,133.8,142.8,146.0,,110.0,133.3,,,130.9,,
노경은,2023,2023-08-09,NC,138.7,,146.0,,,136.3,,,133.7,,
노경은,2023,2023-08-12,삼성,137.1,142.5,145.2,,116.0,136.6,,,131.8,,
노경은,2023,2023-08-13,삼성,137.3,144.0,145.0,,114.0,136.2,,,,,
노경은,2023,2023-08-17,롯데,133.6,140.7,144.0,,,135.3,,,130.5,,
노경은,2023,2023-08-18,LG,136.7,143.5,144.0,,,135.3,,,131.9,,
노경은,2023,2023-08-24,NC,140.0,,146.0,,,137.0,,,,,
노경은,2023,2023-08-26,두산,139.7,143.8,145.0,,,137.4,,,132.1,,
노경은,2023,2023-08-27,두산,138.7,142.0,143.0,,,132.5,,,131.0,,
노경은,2023,2023-08-30,키움,134.7,140.3,142.0,,,134.5,,,129.5,,
노경은,2023,2023-08-31,키움,136.2,142.5,144.5,,110.5,137.3,,,133.1,,
노경은,2023,2023-09-03,KIA,136.3,142.5,144.7,,115.5,138.5,,,134.8,,
노경은,2023,2023-09-05,한화,132.8,,146.5,,113.0,129.6,,,133.0,,
노경은,2023,2023-09-06,한화,136.9,,143.6,,,136.0,,,132.7,,
노경은,2023,2023-09-07,한화,136.4,,144.3,,,137.6,,,132.1,,
노경은,2023,2023-09-09,KT,137.2,,146.0,,116.0,135.4,,,132.0,,
노경은,2023,2023-09-12,KT,137.5,,146.1,,111.0,135.1,,,,,
노경은,2023,2023-09-17,LG,137.4,,144.9,,,137.5,,,130.8,,
노경은,2023,2023-09-22,롯데,136.3,141.5,143.0,,,135.4,,,128.7,,
노경은,2023,2023-09-27,두산,140.6,145.0,147.1,,115.5,139.0,,,130.3,,
노경은,2023,2023-09-30,KIA,133.8,,144.3,,111.0,134.8,,,131.0,,
노경은,2023,2023-10-01,KIA,128.3,,144.0,,109.5,,,,130.3,,
노경은,2023,2023-10-03,NC,137.0,,145.0,140.0,112.0,131.6,,,133.8,,
노경은,2023,2023-10-05,NC,137.9,144.0,147.7,,,137.8,,,132.1,,
노경은,2023,2023-10-07,NC,138.8,,147.2,,,139.0,,,133.2,,
노경은,2023,2023-10-08,NC,140.7,,147.4,,115.0,141.0,,,133.9,,
노경은,2023,2023-10-10,KIA,136.2,,144.9,,113.5,136.1,,,132.1,,
노경은,2023,2023-10-13,키움,132.3,,145.3,,110.8,135.0,,,130.5,,
노경은,2023,2023-10-14,삼성,136.7,144.3,145.3,,112.0,132.0,,,132.1,,
노경은,2023,2023-10-16,두산,139.3,146.7,,,127.0,136.0,,,,,
노경은,2023,2023-10-22,NC,133.6,,143.8,,,,,,131.2,97.0,
노경은,2023,2023-10-25,NC,132.9,143.0,142.5,,109.7,134.5,,,131.1,,
노경은,2022,2022-04-03,NC,135.0,142.0,143.4,,111.3,135.8,125.0,,131.2,,
노경은,2022,2022-04-10,KIA,135.3,139.0,143.1,,114.0,136.6,,,130.9,,
노경은,2022,2022-04-16,삼성,136.7,142.1,143.4,,113.4,135.7,129.0,,130.0,102.0,
노경은,2022,2022-04-22,한화,136.7,140.2,144.1,,111.4,137.0,131.0,,129.7,105.5,
노경은,2022,2022-04-28,롯데,134.8,142.9,143.8,,114.5,136.7,123.0,,133.1,,
노경은,2022,2022-06-29,한화,136.0,143.0,145.0,,114.0,137.0,132.5,,132.0,108.0,
노경은,2022,2022-07-06,롯데,133.3,141.8,142.9,,110.9,135.2,131.8,,130.5,,
노경은,2022,2022-07-12,키움,136.4,142.9,145.7,,113.2,137.1,135.5,,132.1,,
노경은,2022,2022-07-22,두산,136.4,145.8,145.0,,115.8,140.0,,,131.8,,
노경은,2022,2022-07-24,두산,134.7,145.0,144.0,,115.0,137.0,,,133.5,,
노경은,2022,2022-07-27,LG,135.7,144.0,144.0,,112.8,138.3,,,132.4,,
노경은,2022,2022-07-30,KIA,135.0,,145.9,140.0,117.8,138.4,,,132.8,109.0,
노경은,2022,2022-08-02,키움,139.4,143.7,144.3,,,135.5,,,133.5,,
노경은,2022,2022-08-04,키움,137.1,,145.3,,115.0,140.2,,,134.0,,
노경은,2022,2022-08-05,삼성,139.1,,145.0,,,137.6,,,133.0,,
노경은,2022,2022-08-06,삼성,134.1,140.0,143.2,,,136.6,,,130.3,109.0,
노경은,2022,2022-08-10,KT,137.3,144.0,145.3,,118.0,136.5,,,135.0,108.0,
노경은,2022,2022-08-11,KT,136.7,141.0,143.0,138.5,114.0,137.2,,,130.2,,
노경은,2022,2022-08-14,두산,134.5,142.5,144.0,,112.7,137.9,,,131.0,,
노경은,2022,2022-08-17,KIA,141.2,145.0,145.6,140.0,,138.0,,,134.0,,
노경은,2022,2022-08-20,키움,135.7,,143.5,,112.0,138.1,,,133.0,,
노경은,2022,2022-08-21,키움,138.7,,144.0,,113.0,134.5,,,130.0,,
노경은,2022,2022-08-23,삼성,136.3,142.0,144.5,,113.0,138.1,,,131.3,,
노경은,2022,2022-08-25,KT,128.9,140.8,,,111.6,135.0,,,129.1,,
노경은,2022,2022-08-27,롯데,140.0,,146.8,,120.5,134.0,,,131.0,,
노경은,2022,2022-09-01,NC,134.7,141.0,147.9,,118.3,139.5,,,135.6,111.0,
노경은,2022,2022-09-02,NC,137.6,144.0,,,,141.3,,,133.2,,
노경은,2022,2022-09-06,LG,141.2,147.0,147.2,,117.0,138.5,,,135.0,,
노경은,2022,2022-09-07,LG,138.1,,146.7,,118.0,142.3,,,135.0,,
노경은,2022,2022-09-11,한화,140.1,143.0,147.0,,117.0,138.0,,,135.0,,
노경은,2022,2022-09-13,롯데,141.5,141.0,148.0,,,135.5,,,135.0,,
노경은,2022,2022-09-14,롯데,138.8,147.0,148.0,,116.5,142.0,,,,,
노경은,2022,2022-09-17,두산,136.6,144.0,146.3,,114.5,139.2,,,132.9,,
노경은,2022,2022-09-18,두산,141.1,,144.8,,,140.0,,,134.5,,
노경은,2022,2022-09-21,KT,137.6,142.2,142.5,,115.0,135.6,,,,,
노경은,2022,2022-09-22,한화,140.7,,147.3,,,139.0,,,134.0,,
노경은,2022,2022-09-23,한화,141.5,,146.7,,116.0,137.7,,,,,
노경은,2022,2022-09-25,LG,135.9,,144.7,,116.0,139.1,,,133.8,,
노경은,2022,2022-09-29,키움,143.0,143.8,146.1,,,139.5,,,132.5,,
노경은,2022,2022-09-30,키움,141.9,144.5,146.7,,113.0,139.0,,,135.8,,
노경은,2022,2022-10-01,KIA,135.0,142.5,141.8,,115.0,138.0,,,132.0,,
노경은,2022,2022-11-01,키움,144.2,,146.1,,,137.5,,,,,
노경은,2022,2022-11-05,키움,136.5,142.0,142.2,,110.0,135.6,,,132.2,,
노경은,2022,2022-11-07,키움,136.9,,146.0,,118.3,,,,135.4,,
노경은,2021,2021-04-20,두산,134.0,139.7,140.6,,112.9,134.6,130.7,,,115.0,
노경은,2021,2021-04-27,LG,132.7,137.0,140.1,,111.9,134.8,127.7,,,111.0,
노경은,2021,2021-05-02,한화,129.8,135.9,139.4,,111.3,132.3,126.8,,,104.0,
노경은,2021,2021-05-09,삼성,130.1,135.6,137.5,,108.3,132.1,126.2,,,100.0,
노경은,2021,2021-05-14,KT,134.3,139.2,141.2,,110.8,133.9,128.2,,,,
노경은,2021,2021-05-19,한화,130.8,135.8,138.0,,110.0,128.9,125.2,,,100.0,
노경은,2021,2021-06-05,KT,129.8,135.7,136.9,,109.0,129.9,125.4,,,,130.0
노경은,2021,2021-06-16,한화,131.9,138.6,140.0,,111.7,135.0,126.4,,,102.0,
노경은,2021,2021-06-23,NC,130.8,136.8,139.6,,111.0,134.1,126.8,,128.5,104.5,
노경은,2021,2021-06-29,키움,132.2,137.0,139.7,,109.2,133.8,127.3,,,,
노경은,2021,2021-07-05,SSG,133.6,137.6,140.5,,112.2,133.3,128.5,,,111.0,
노경은,2021,2021-08-28,두산,135.3,138.2,141.2,,110.0,135.3,129.0,,128.0,,
노경은,2021,2021-08-31,LG,136.5,139.2,141.4,,111.5,133.0,129.7,,128.3,,
노경은,2021,2021-09-05,NC,133.3,138.0,138.0,,111.0,,124.5,,135.0,,
노경은,2020,2020-05-08,SK,132.4,140.4,142.0,,111.5,135.5,130.6,,,,
노경은,2020,2020-05-16,한화,129.5,137.7,141.0,,113.2,133.5,128.7,,,,
노경은,2020,2020-05-22,키움,135.0,140.3,142.0,,115.0,135.0,131.4,,,,
노경은,2020,2020-05-29,두산,129.7,140.3,141.1,,113.5,135.4,131.6,,,110.8,
노경은,2020,2020-06-04,KIA,131.9,140.6,140.9,,114.2,134.4,129.0,,,107.0,
노경은,2020,2020-06-10,한화,130.7,141.5,143.0,,115.1,135.7,129.4,,,107.0,
노경은,2020,2020-06-16,키움,130.2,140.0,140.5,,114.0,134.8,128.2,,,105.0,
노경은,2020,2020-06-21,KT,129.6,137.4,139.4,,113.5,131.9,127.8,,,105.7,
노경은,2020,2020-07-21,SK,132.3,139.7,140.8,,112.0,131.2,127.6,,,,
노경은,2020,2020-07-28,NC,131.2,140.0,140.9,,113.1,134.3,129.3,,,105.8,
노경은,2020,2020-08-02,KIA,131.0,141.6,142.4,,115.7,134.9,129.5,,,106.3,
노경은,2020,2020-08-08,두산,128.2,139.2,140.2,,114.5,131.5,128.9,,,107.3,
노경은,2020,2020-08-15,키움,131.1,140.3,144.1,,114.0,133.0,128.3,,,103.8,
노경은,2020,2020-08-21,두산,130.1,141.2,143.6,,114.6,136.1,130.0,,,107.8,
노경은,2020,2020-08-27,키움,128.4,138.7,140.8,,112.0,130.6,128.5,,,106.2,
노경은,2020,2020-09-03,KIA,129.6,139.7,142.4,,114.1,134.4,126.6,,,108.1,
노경은,2020,2020-09-09,NC,129.6,138.9,141.2,,111.8,133.5,125.8,,,103.5,
노경은,2020,2020-09-15,키움,129.6,136.8,139.7,,112.2,132.9,127.4,,,,
노경은,2020,2020-09-20,NC,130.4,139.5,139.8,,112.6,134.0,129.1,,,107.0,
노경은,2020,2020-09-25,한화,126.4,137.4,137.9,,110.9,131.9,125.9,,,104.5,
노경은,2020,2020-10-01,LG,134.9,142.5,144.6,,113.2,137.0,130.7,,,106.0,
노경은,2020,2020-10-08,KT,130.1,137.8,139.6,,110.2,132.4,127.5,,,105.9,
노경은,2020,2020-10-15,LG,130.4,137.5,141.1,,111.6,134.5,129.3,,,107.5,
노경은,2020,2020-10-21,SK,130.3,138.6,138.7,,109.4,134.1,128.2,,,107.3,
노경은,2020,2020-10-27,SK,127.3,136.9,140.4,,112.1,133.6,129.8,,,107.5,
박성빈,2024,2024-08-24,KT,133.2,,142.3,,,124.0,,,,,
박성빈,2024,2024-08-28,KIA,139.7,,142.3,,,125.5,,,,,
박성빈,2024,2024-09-26,NC,141.3,,141.3,,,,,,,,
박시후,2024,2024-05-21,두산,132.7,,141.5,,,130.5,,,,,
박시후,2024,2024-05-23,두산,131.9,,140.8,,119.3,130.7,,,,,
박시후,2024,2024-05-28,LG,136.6,,141.6,,,131.5,,,,,
박시후,2024,2024-05-29,LG,133.4,,139.7,,120.0,131.3,,,,,
박시후,2024,2024-06-28,두산,134.1,,141.6,,119.0,130.2,,,,,
박시후,2024,2024-08-22,LG,133.9,,140.3,,120.0,130.4,,,,,
박시후,2024,2024-09-11,롯데,136.8,,142.7,,,132.2,,,,,
박시후,2024,2024-09-23,두산,133.0,,141.2,,,128.9,,,,,
박시후,2024,2024-09-24,LG,132.3,,140.0,,122.0,129.2,,,,,
박시후,2024,2024-09-26,NC,136.0,,143.2,,,131.1,,,,,
박시후,2024,2024-09-30,키움,135.2,,142.5,,,130.3,,,,,
박시후,2022,2022-06-24,NC,139.4,,143.5,,124.0,135.0,,,,,
박시후,2022,2022-06-29,한화,139.3,,142.8,,,132.3,,,,,
박종훈,2024,2024-03-27,한화,127.5,132.4,132.5,,120.3,,,,,,
박종훈,2024,2024-04-07,NC,130.9,133.3,134.2,,120.6,,,,,,
박종훈,2024,2024-04-13,KT,127.0,131.9,132.0,,119.8,,121.0,,,,
박종훈,2024,2024-04-19,LG,130.1,134.9,135.0,,122.0,,123.0,,,,
박종훈,2024,2024-04-25,롯데,127.8,132.1,131.9,,119.8,,,,,,
박종훈,2024,2024-05-01,한화,125.9,132.1,132.4,,119.6,,,,,,
박종훈,2024,2024-05-28,LG,126.0,,132.8,,119.2,,,,,,
박종훈,2024,2024-06-02,키움,124.6,131.3,131.7,,119.8,,,,,,
박종훈,2024,2024-06-16,한화,127.5,131.0,133.4,,119.4,,,,,,
박종훈,2024,2024-09-25,NC,125.0,132.2,135.1,,120.4,,123.0,,,,
박종훈,2023,2023-04-07,한화,126.8,,,,120.8,,125.5,130.2,,,
박종훈,2023,2023-04-13,삼성,125.9,,134.3,,119.2,,122.6,129.1,,,
박종훈,2023,2023-04-19,KT,130.0,,137.3,,123.0,,126.0,133.3,,,
박종훈,2023,2023-04-30,두산,130.4,,135.3,,122.4,,123.0,132.2,,,
박종훈,2023,2023-05-06,키움,126.7,,133.3,,119.4,,,129.1,,,
박종훈,2023,2023-05-12,한화,128.7,,,,122.4,,,132.3,,,
박종훈,2023,2023-05-19,롯데,128.2,,,,120.3,,,130.3,,,
박종훈,2023,2023-05-26,두산,129.1,,136.5,,122.4,,119.0,132.8,,,
박종훈,2023,2023-06-02,키움,126.4,,,,119.9,,127.0,132.0,,,
박종훈,2023,2023-06-08,KIA,131.4,,137.0,,121.6,,,133.4,,,
박종훈,2023,2023-06-14,KT,131.8,,137.0,,122.2,,,133.7,,,
박종훈,2023,2023-06-28,LG,128.8,,137.0,,123.5,,121.0,134.6,,,
박종훈,2023,2023-07-05,KIA,131.1,,137.2,,122.8,,,134.4,,,
박종훈,2023,2023-07-29,한화,128.3,,,,122.0,,,133.3,,,
박종훈,2023,2023-08-04,롯데,129.4,,136.4,,121.2,,125.0,132.6,,,
박종훈,2023,2023-08-16,롯데,132.0,,134.6,,122.8,,,134.9,,,
박종훈,2023,2023-09-08,KT,133.1,,138.8,,122.5,,,134.6,,,
박종훈,2023,2023-09-24,롯데,132.2,,134.8,,122.0,,,132.2,,,
박종훈,2022,2022-07-31,KIA,128.3,,134.3,,118.5,,,130.8,,,
박종훈,2022,2022-08-06,삼성,127.7,,138.5,,119.7,,121.0,131.7,,,
박종훈,2022,2022-08-13,두산,127.8,,134.8,,120.8,,,130.8,,,
박종훈,2022,2022-08-20,키움,128.4,,137.0,,120.8,,124.0,130.2,,,
박종훈,2022,2022-08-26,KT,123.7,,,,117.1,,,127.1,,,
박종훈,2022,2022-09-01,NC,127.6,,134.7,,121.0,,121.0,132.0,,,
박종훈,2022,2022-09-10,한화,127.1,,,,115.8,,115.5,128.6,,,
박종훈,2022,2022-09-16,NC,129.0,,,,120.0,,119.5,132.1,,,
박종훈,2022,2022-09-22,한화,129.8,,135.0,,120.7,,119.7,132.0,,,
박종훈,2022,2022-10-03,한화,132.2,,,,121.5,,,133.7,,,
박종훈,2022,2022-10-08,삼성,128.2,,135.0,,119.3,,119.7,130.5,,,
박종훈,2022,2022-11-04,키움,125.7,,,,120.4,,,131.6,,,
박종훈,2022,2022-11-05,키움,126.5,,,,118.7,,,129.8,,,
박종훈,2022,2022-11-08,키움,134.0,,,,,,,134.0,,,
박종훈,2021,2021-04-06,한화,129.5,,135.4,,122.8,,125.3,132.1,,,
박종훈,2021,2021-04-11,LG,130.2,,135.9,,123.8,,126.0,132.8,,,
박종훈,2021,2021-04-17,KIA,127.3,,132.8,,121.8,,123.4,130.9,,,
박종훈,2021,2021-04-23,키움,128.6,,135.8,,122.9,,125.2,132.0,,,
박종훈,2021,2021-04-29,KT,127.9,,135.8,,122.4,,126.0,130.6,,,
박종훈,2021,2021-05-06,NC,125.7,,129.2,,120.5,,119.5,129.3,,,
박종훈,2021,2021-05-12,롯데,128.4,,132.7,,121.9,,125.5,131.2,,,
박종훈,2021,2021-05-22,LG,128.4,,133.1,,121.1,,125.1,129.9,,,
박종훈,2021,2021-05-28,한화,126.4,,,,119.9,,123.2,129.1,,,
박종훈,2020,2020-05-07,한화,126.9,,134.1,,120.3,,122.8,132.3,,,
박종훈,2020,2020-05-14,LG,128.4,,135.6,,122.5,,124.5,132.7,,,
박종훈,2020,2020-05-20,키움,125.1,,130.9,,119.4,,120.6,130.2,,,
박종훈,2020,2020-05-26,두산,128.1,,135.7,,121.1,,123.2,131.4,,,
박종훈,2020,2020-05-31,한화,126.4,,131.6,,120.5,,122.5,133.2,,,
박종훈,2020,2020-06-06,삼성,126.1,,135.8,,119.1,,121.2,132.1,,,
박종훈,2020,2020-06-12,KIA,125.5,,134.0,,120.3,,121.7,132.9,,,
박종훈,2020,2020-06-18,KT,126.4,,133.7,,119.9,,122.8,130.7,,,
박종훈,2020,2020-06-25,두산,126.5,129.5,130.5,,118.4,,120.2,129.3,,,
박종훈,2020,2020-06-30,삼성,124.4,,132.6,,120.2,,124.3,130.4,,,
박종훈,2020,2020-07-05,롯데,128.8,,136.2,,120.3,,123.0,130.8,,,
박종훈,2020,2020-07-11,한화,127.0,131.7,135.1,,120.3,,124.0,131.1,,,
박종훈,2020,2020-07-18,키움,126.8,,133.9,,119.8,,123.7,130.5,,,
박종훈,2020,2020-07-24,한화,127.5,,135.3,,120.0,,122.3,131.8,,,
박종훈,2020,2020-07-30,LG,126.8,,134.0,,119.9,,123.6,131.7,,,
박종훈,2020,2020-08-12,KT,127.3,,133.8,,118.8,,124.0,131.3,,,
박종훈,2020,2020-08-18,한화,125.5,,131.9,,118.8,,123.4,130.7,,,
박종훈,2020,2020-08-23,두산,128.5,,134.6,,119.9,,125.7,132.0,,,
박종훈,2020,2020-08-29,NC,126.9,,134.3,,120.4,,123.7,132.0,,,
박종훈,2020,2020-09-04,KT,128.2,,136.0,,121.0,,125.0,134.1,,,
박종훈,2020,2020-09-10,한화,128.8,132.0,135.2,,121.4,125.0,120.5,132.6,,,
박종훈,2020,2020-09-16,KIA,128.8,,135.5,,120.2,,124.0,132.8,,,
박종훈,2020,2020-09-22,LG,129.0,,135.1,,121.8,,125.0,132.2,,,
박종훈,2020,2020-09-27,삼성,128.7,132.0,134.1,,122.3,,126.0,132.1,,,
박종훈,2020,2020-10-03,키움,124.5,,133.0,,117.9,,123.2,130.4,,,
박종훈,2020,2020-10-09,KIA,126.4,,133.2,,119.4,,123.5,131.0,,,
박종훈,2020,2020-10-15,삼성,128.7,,136.5,,121.0,,125.0,133.0,,,
박종훈,2020,2020-10-21,롯데,128.2,,132.4,,119.8,,,131.2,,,
박종훈,2020,2020-10-30,LG,129.0,,134.5,,120.5,,126.0,130.9,,,
백승건,2024,2024-06-22,NC,139.0,,145.4,,,133.0,129.3,,,,
백승건,2024,2024-06-25,KT,139.4,,143.8,,,133.7,,,,,
백승건,2024,2024-06-27,KT,137.3,,143.4,,,131.2,129.0,,,,
백승건,2024,2024-07-10,롯데,140.7,,145.1,,,133.9,,,,,
백승건,2024,2024-07-12,KIA,139.6,,145.2,,,132.5,,,,,
백승건,2024,2024-07-14,KIA,137.9,,142.3,,,131.2,,,,,
백승건,2024,2024-08-10,두산,137.7,,144.8,,,131.4,130.0,,,,
백승건,2024,2024-08-11,두산,137.9,,144.6,,,132.2,129.0,,,,
백승건,2024,2024-08-23,KT,132.0,,143.5,,,129.9,128.0,,,,
백승건,2024,2024-08-24,KT,138.5,,143.6,,,128.9,,,,,
백승건,2023,2023-04-02,KIA,136.6,,141.9,,114.0,133.0,128.8,,,,
백승건,2023,2023-04-08,한화,137.5,,142.2,,,134.0,130.3,,,,
백승건,2023,2023-04-14,NC,133.9,,142.0,,115.0,133.5,129.6,,,,
백승건,2023,2023-04-15,NC,133.6,,140.2,,,131.6,129.4,,,,
백승건,2023,2023-04-18,KT,139.3,,143.1,,,133.8,,,,,
백승건,2023,2023-04-20,KT,136.8,,144.0,,117.0,134.0,130.0,,,,
백승건,2023,2023-04-23,키움,139.3,,143.5,,,133.0,131.2,,,,
백승건,2023,2023-04-25,LG,137.5,,145.8,,,133.9,131.0,,,,
백승건,2023,2023-04-26,LG,139.5,,143.5,,,133.0,,,,,
백승건,2023,2023-04-29,두산,137.2,,142.3,,,131.6,131.0,,,,
백승건,2023,2023-05-02,KT,134.6,,142.2,,,130.4,129.9,,,,
백승건,2023,2023-05-04,KT,134.8,,142.8,,117.0,132.0,131.8,,,,
백승건,2023,2023-05-07,키움,136.4,,142.8,,,134.8,129.2,,,,
백승건,2023,2023-05-10,KIA,137.3,,143.1,,,131.8,129.8,,,,
백승건,2023,2023-05-14,한화,138.9,,143.6,,,132.8,130.3,,,,
백승건,2023,2023-05-16,NC,139.6,,143.5,,,132.0,130.0,,,,
백승건,2023,2023-05-19,롯데,137.0,,143.2,,,132.7,129.6,,,,
백승건,2023,2023-05-23,LG,136.4,,143.8,,,133.3,130.0,,,,
백승건,2023,2023-05-25,LG,130.9,,143.8,,117.8,130.8,129.8,,,,
백승건,2023,2023-06-01,삼성,135.1,,141.9,,117.8,130.0,131.4,,,,
백승건,2023,2023-06-07,KIA,132.1,,141.7,,114.0,129.2,128.2,,,,
백승건,2023,2023-06-14,KT,133.2,,141.0,,,129.0,127.8,,,,
백승건,2023,2023-06-18,롯데,133.1,,142.5,,114.7,129.9,130.1,,,,
백승건,2023,2023-07-05,KIA,134.1,,143.1,,116.0,131.7,131.5,,,,
백승건,2023,2023-07-27,삼성,134.9,,144.4,,,134.3,128.7,,,,
백승건,2020,2020-05-17,NC,131.8,,139.1,,117.3,123.6,124.5,,,,
백승건,2020,2020-06-04,NC,129.3,125.0,134.5,,113.6,121.2,129.0,,,,
백승건,2020,2020-06-25,두산,134.0,,138.9,,119.0,125.8,125.0,,,,
백승건,2020,2020-07-16,두산,130.8,,137.9,,121.8,124.4,125.2,,,,
백승건,2020,2020-07-29,LG,131.5,,138.4,,116.0,124.8,124.2,,,,
백승건,2020,2020-08-20,삼성,130.7,,137.6,,114.5,124.6,122.4,,,,
백승건,2020,2020-08-26,롯데,131.8,,139.3,,122.0,125.4,124.9,,,,
백승건,2020,2020-09-01,LG,130.9,,137.4,,115.0,124.5,125.2,,,,
백승건,2020,2020-09-09,키움,132.2,,137.1,,119.0,122.8,123.0,,,,
백승건,2020,2020-09-15,KIA,132.1,,138.9,,114.0,124.2,,,,,
서진용,2024,2024-04-25,롯데,132.7,,139.7,,,,,,124.4,,
서진용,2024,2024-04-27,KT,137.3,,140.9,,,,,,125.0,,
서진용,2024,2024-04-30,한화,134.1,,138.4,,,,,,124.0,,
서진용,2024,2024-05-03,NC,134.4,,140.9,,,127.0,,,124.6,,
서진용,2024,2024-05-08,LG,134.4,,139.8,,,124.0,,,125.1,,
서진용,2024,2024-06-09,롯데,134.2,,141.0,,,,,,126.6,,
서진용,2024,2024-06-11,KIA,131.6,,142.3,,,,,,128.0,,
서진용,2024,2024-06-12,KIA,131.9,,142.7,,,,,,127.3,,
서진용,2024,2024-06-14,한화,135.8,,139.9,,,,,,126.3,,
서진용,2024,2024-06-16,한화,133.2,,139.5,,,,,,124.4,,
서진용,2024,2024-06-19,삼성,134.1,,140.0,,,,,,124.3,,
서진용,2024,2024-06-20,삼성,127.4,,137.0,,,,,,124.2,,
서진용,2024,2024-06-22,NC,131.6,,141.4,,,,,,123.5,,
서진용,2024,2024-06-25,KT,134.8,,143.0,,,,,,128.2,,
서진용,2024,2024-06-27,KT,134.0,,141.0,,,128.0,,,125.2,,
서진용,2024,2024-07-10,롯데,134.0,,142.5,,,,,,126.7,,
서진용,2024,2024-07-12,KIA,131.1,,139.9,,,,,,126.4,,
서진용,2024,2024-07-14,KIA,136.3,,142.0,,,,,,127.8,,
서진용,2024,2024-07-17,LG,131.3,,141.3,,,125.0,,,125.3,,
서진용,2024,2024-07-25,KT,132.2,,142.0,,,,,,125.7,,
서진용,2024,2024-07-27,두산,132.8,,140.9,,,125.0,,,126.0,,
서진용,2024,2024-07-30,롯데,135.6,,142.6,,,124.0,,,127.4,,
서진용,2024,2024-07-31,롯데,135.6,,141.7,,,,,,126.5,,
서진용,2024,2024-08-01,롯데,137.0,,141.0,,,,,,125.0,,
서진용,2024,2024-08-04,삼성,131.4,,137.7,,,125.0,,,124.2,,
서진용,2024,2024-08-07,키움,135.4,,141.7,,,,,,127.8,,
서진용,2024,2024-08-09,두산,137.7,,142.4,,,,,,128.2,,
서진용,2024,2024-08-10,두산,136.5,,141.3,,,,,,127.8,,
서진용,2024,2024-08-13,NC,139.6,,144.6,,,,,,128.0,,
서진용,2024,2024-08-15,NC,136.7,,143.0,,,,,,129.2,,
서진용,2024,2024-08-16,한화,130.0,,142.5,,,,,,126.9,,
서진용,2024,2024-08-17,한화,134.3,,142.9,,,,,,128.4,,
서진용,2024,2024-08-20,LG,141.6,,142.7,,,,,,128.0,,
서진용,2024,2024-08-22,LG,138.0,,142.1,,,,,,127.8,,
서진용,2024,2024-08-23,KT,130.3,,142.2,,,,,,127.2,,
서진용,2024,2024-08-25,KT,140.4,,144.3,,,,,,130.8,,
서진용,2024,2024-08-28,KIA,135.4,,142.8,,,,,,129.3,,
서진용,2024,2024-08-31,NC,130.5,,141.0,,,,,,127.0,,
서진용,2024,2024-09-05,LG,142.4,,144.8,,,,,,128.0,,
서진용,2024,2024-09-07,롯데,134.1,,142.4,,,,,,128.4,,
서진용,2024,2024-09-08,롯데,131.8,,142.0,,,,,,126.0,,
서진용,2024,2024-09-10,한화,135.2,,144.3,,,,,,128.4,,
서진용,2024,2024-09-14,삼성,133.0,,145.3,,,,,,127.7,,
서진용,2024,2024-09-15,삼성,133.5,,144.4,,,,,,126.8,,
서진용,2024,2024-09-17,KIA,137.6,,143.1,,,,,,129.8,,
서진용,2024,2024-09-19,키움,137.7,,141.8,,,,,,129.5,,
서진용,2024,2024-09-22,KT,136.8,,143.1,,,,,,127.9,,
서진용,2024,2024-09-23,두산,132.9,,142.2,,,,,,128.6,,
서진용,2024,2024-09-25,NC,134.3,,142.6,,,,,,127.0,,
서진용,2024,2024-09-28,한화,131.8,,140.6,,,,,,127.8,,
서진용,2024,2024-09-30,키움,133.3,,141.9,,,123.0,,,127.1,,
서진용,2023,2023-04-01,KIA,142.1,,145.7,,,,,,133.3,,
서진용,2023,2023-04-07,한화,137.3,,140.9,,,,,,129.1,,
서진용,2023,2023-04-08,한화,130.7,,141.0,,,,,,128.8,,
서진용,2023,2023-04-11,삼성,135.5,,141.8,,,,,,128.3,,
서진용,2023,2023-04-12,삼성,133.9,,141.5,,,125.0,,,128.5,,
서진용,2023,2023-04-14,NC,139.8,,144.0,,,137.0,,,132.0,,
서진용,2023,2023-04-15,NC,133.2,,140.0,,,132.0,,,129.4,,
서진용,2023,2023-04-20,KT,144.0,,145.0,,,,,,133.0,,
서진용,2023,2023-04-21,키움,144.5,,144.5,,,,,,,,
서진용,2023,2023-04-22,키움,141.5,,145.1,,,,,,132.0,,
서진용,2023,2023-04-26,LG,139.0,,145.6,,,,,,130.8,,
서진용,2023,2023-04-28,두산,138.5,,144.8,,,,,,131.0,,
서진용,2023,2023-05-03,KT,140.3,,145.7,,,,,,134.2,,
서진용,2023,2023-05-05,키움,140.3,,142.2,,,,,,129.0,,
서진용,2023,2023-05-06,키움,138.5,,144.6,,,,,,130.9,,
서진용,2023,2023-05-10,KIA,138.7,,146.6,,,,,,132.2,,
서진용,2023,2023-05-11,KIA,143.2,,145.8,,,,,,132.8,,
서진용,2023,2023-05-13,한화,138.5,,145.1,,,,,,132.6,,
서진용,2023,2023-05-14,한화,140.5,,143.8,,,,,,131.5,,
서진용,2023,2023-05-17,NC,141.7,,145.8,,,,,,131.5,,
서진용,2023,2023-05-21,롯데,137.4,,141.2,,,128.0,,,128.9,,
서진용,2023,2023-05-24,LG,138.1,,144.3,,,,,,131.1,,
서진용,2023,2023-05-30,삼성,139.0,,143.9,,,,,,132.3,,
서진용,2023,2023-06-03,키움,133.9,,142.4,,126.0,,,,129.6,,
서진용,2023,2023-06-06,KIA,133.4,,144.8,,,,,,131.3,,
서진용,2023,2023-06-07,KIA,138.9,,144.7,,,,,,132.2,,
서진용,2023,2023-06-14,KT,139.7,,143.5,,,,,,129.7,,
서진용,2023,2023-06-17,롯데,139.4,,144.3,,,,,,130.8,,
서진용,2023,2023-06-20,두산,133.5,,140.0,,,,,,126.1,,
서진용,2023,2023-06-21,두산,136.0,,142.7,,,,,,129.9,,
서진용,2023,2023-06-24,삼성,139.2,,143.0,,,,,,128.8,,
서진용,2023,2023-06-28,LG,127.3,,,,,,,,127.3,,
서진용,2023,2023-06-30,키움,131.0,,143.0,,,,,,128.0,,
서진용,2023,2023-07-02,키움,134.5,,144.6,,,,,,129.4,,
서진용,2023,2023-07-06,KIA,136.0,,144.3,,,,,,130.2,,
서진용,2023,2023-07-08,한화,139.9,,145.9,,,,,,130.3,,
서진용,2023,2023-07-12,두산,131.6,,142.2,,,,,,128.9,,
서진용,2023,2023-07-21,LG,136.3,,144.2,,,,,,128.2,,
서진용,2023,2023-07-26,삼성,132.1,,145.0,,,,,,131.5,,
서진용,2023,2023-07-28,한화,131.3,,142.0,,,,,,130.0,126.0,
서진용,2023,2023-07-29,한화,134.1,,143.5,,,,,,126.6,,
서진용,2023,2023-08-04,롯데,136.2,,142.5,,,,,,128.4,,
서진용,2023,2023-08-05,롯데,137.4,,142.2,,,,,,127.7,,
서진용,2023,2023-08-09,NC,137.4,,144.2,,,,,,129.2,,
서진용,2023,2023-08-11,삼성,136.0,,144.1,,,,,,130.4,,
서진용,2023,2023-08-12,삼성,132.4,,140.5,,,,,,127.0,,
서진용,2023,2023-08-18,LG,133.6,,142.0,,,,,,129.0,,
서진용,2023,2023-08-20,LG,137.7,,144.3,,,,,,130.5,,
서진용,2023,2023-08-24,NC,136.6,,143.3,,,,,,129.9,,
서진용,2023,2023-08-26,두산,136.4,,142.5,,,,,,128.2,,
서진용,2023,2023-08-27,두산,133.4,,141.1,,,,,,126.6,,
서진용,2023,2023-08-30,키움,139.2,,142.9,,,,,,128.0,,
서진용,2023,2023-08-31,키움,134.7,,142.8,,,,,,129.6,,
서진용,2023,2023-09-03,KIA,134.3,,143.0,,,,,,127.8,,
서진용,2023,2023-09-06,한화,138.9,,144.8,,,,,,131.2,,
서진용,2023,2023-09-09,KT,132.6,,143.4,,,,,,129.7,,
서진용,2023,2023-09-10,KT,136.9,,144.2,,,,,,130.3,,
서진용,2023,2023-09-14,두산,134.8,,145.5,,,,,,130.5,,
서진용,2023,2023-09-19,한화,138.9,,143.6,,,,,,128.5,,
서진용,2023,2023-09-23,롯데,136.9,,143.8,,,,,,128.6,,
서진용,2023,2023-09-27,두산,135.8,,144.2,,,,,,128.3,,
서진용,2023,2023-09-30,KIA,137.4,,143.1,,,,,,128.9,,
서진용,2023,2023-10-01,KIA,136.7,,143.7,,,,,,130.2,,
서진용,2023,2023-10-03,NC,134.5,,142.6,,,,,,129.0,,
서진용,2023,2023-10-05,NC,138.4,,144.4,,,,,,130.4,,
서진용,2023,2023-10-08,NC,138.9,,145.5,,,,,,129.6,,
서진용,2023,2023-10-10,KIA,136.8,,144.0,,,,,,130.4,,
서진용,2023,2023-10-13,키움,134.0,,141.7,,,,,,128.0,,
서진용,2023,2023-10-16,두산,143.0,,147.7,,,,,,134.2,,
서진용,2023,2023-10-22,NC,138.6,,144.0,,,,,,128.8,,
서진용,2023,2023-10-25,NC,138.4,,144.6,,,,,,130.6,,
서진용,2022,2022-04-03,NC,137.7,,143.1,,,,,,130.7,,
서진용,2022,2022-04-05,KT,131.7,,138.0,,,,,,126.7,,
서진용,2022,2022-04-07,KT,135.6,,139.8,,,131.0,,,128.0,,
서진용,2022,2022-04-08,KIA,134.3,,141.0,,,,,,129.8,,
서진용,2022,2022-04-12,LG,137.1,,142.0,,,,,,131.6,,
서진용,2022,2022-04-16,삼성,133.1,,138.7,,,129.0,,,128.5,,
서진용,2022,2022-04-17,삼성,136.8,,143.5,,,132.0,,,130.6,,
서진용,2022,2022-04-20,키움,133.6,,140.0,,,129.5,,,128.8,,
서진용,2022,2022-04-21,키움,135.6,,140.9,,,133.0,,,129.2,,
서진용,2022,2022-04-24,한화,135.3,,145.0,,,,,,134.2,,
서진용,2022,2022-04-27,롯데,136.6,,142.6,,,131.7,,,131.2,,
서진용,2022,2022-04-29,두산,136.1,,141.5,,,131.0,,,130.6,,
서진용,2022,2022-04-30,두산,138.3,,142.6,,,131.0,,,129.3,,
서진용,2022,2022-05-04,한화,136.6,,141.5,,,130.2,,,132.0,,
서진용,2022,2022-05-08,키움,140.0,,144.6,,,133.0,,,133.9,,
서진용,2022,2022-05-10,삼성,139.2,,144.3,,,135.0,,,133.5,,
서진용,2022,2022-05-11,삼성,138.9,,146.5,,,134.5,,,135.1,,
서진용,2022,2022-05-13,NC,140.6,,144.8,,,,,,131.7,,
서진용,2022,2022-05-15,NC,140.7,,143.9,,,,,,131.0,,
서진용,2022,2022-05-17,두산,142.3,,146.2,,,133.0,,,134.0,,
서진용,2022,2022-05-19,두산,137.0,,144.1,,,129.0,,,130.0,,
서진용,2022,2022-05-20,LG,134.5,,144.7,,,,,,130.8,,
서진용,2022,2022-05-22,LG,137.3,,144.6,,,,,,132.0,,
서진용,2022,2022-05-24,롯데,133.7,,140.6,,,,,,130.5,,
서진용,2022,2022-05-26,롯데,142.1,,145.0,,,,,,132.5,,
서진용,2022,2022-05-29,KIA,141.2,,145.1,,,,,,132.9,,
서진용,2022,2022-06-01,KT,140.0,,145.0,,,132.5,,,135.0,,
서진용,2022,2022-06-05,LG,138.7,,145.0,,,133.0,,,135.0,,
서진용,2022,2022-06-08,NC,137.3,,144.8,,,132.8,,,133.8,,
서진용,2022,2022-06-09,NC,139.1,,145.2,,,130.0,,,132.6,,
서진용,2022,2022-06-11,한화,136.6,,144.0,,,,,,132.2,,
서진용,2022,2022-06-12,한화,136.7,,145.3,,,,,,133.2,,
서진용,2022,2022-06-17,롯데,140.9,,146.3,,,,,,132.8,,
서진용,2022,2022-06-21,두산,145.0,,145.0,,,,,,,,
서진용,2022,2022-06-22,두산,135.9,,145.1,,,,,,130.8,,
서진용,2022,2022-06-26,NC,139.7,,143.6,,,,,,129.5,,
서진용,2022,2022-07-01,KIA,140.9,,144.3,,,,,,130.0,,
서진용,2022,2022-07-02,KIA,138.5,,143.6,,,,,,129.0,,
서진용,2022,2022-07-03,KIA,134.8,,144.8,,,132.0,,,130.2,,
서진용,2022,2022-07-05,롯데,138.8,,143.6,,,,,,130.8,,
서진용,2022,2022-07-08,삼성,136.8,,142.7,,,,,,130.0,,
서진용,2022,2022-07-12,키움,136.3,,143.9,,,,,,131.7,,
서진용,2022,2022-07-14,키움,136.6,,143.5,,,,,,129.8,,
서진용,2022,2022-07-22,두산,140.3,,146.0,,,,,,129.0,,
서진용,2022,2022-07-24,두산,139.1,,147.7,,,130.0,,,130.6,,
서진용,2022,2022-07-27,LG,135.7,,143.6,,,,,,128.4,,
서진용,2022,2022-07-28,LG,135.5,,144.0,,,,,,129.6,,
서진용,2022,2022-07-30,KIA,135.6,,144.4,,,131.0,,,130.2,,
서진용,2022,2022-08-02,키움,138.3,,145.4,,,,,,131.1,,
서진용,2022,2022-08-04,키움,137.7,,143.9,,,,,,130.0,,
서진용,2022,2022-08-05,삼성,137.1,,143.1,,,,,,130.0,,
서진용,2022,2022-08-07,삼성,137.3,,142.6,,,,,,129.0,,
서진용,2022,2022-08-10,KT,137.2,,142.6,,,,,,131.0,,
서진용,2022,2022-08-11,KT,139.3,,141.2,,,,,,127.0,,
서진용,2022,2022-08-14,두산,138.0,,144.8,,,130.0,,,130.9,,
서진용,2022,2022-08-21,키움,138.2,,143.7,,,,,,129.0,,
서진용,2022,2022-08-23,삼성,136.5,,142.9,,,,,,128.5,,
서진용,2022,2022-08-24,삼성,135.5,,142.7,,,,,,127.0,,
서진용,2022,2022-08-25,KT,133.1,,139.7,,,,,,126.5,,
서진용,2022,2022-08-31,삼성,141.2,,145.0,,,,,,132.5,,
서진용,2022,2022-09-02,NC,139.6,,144.9,,,,,,130.7,,
서진용,2022,2022-09-08,KIA,137.3,,144.5,,,,,,131.0,,
서진용,2022,2022-09-15,NC,137.0,,143.1,,,,,,129.6,,
서진용,2022,2022-09-22,한화,141.0,,142.6,,,,,,128.5,,
서진용,2022,2022-09-25,LG,131.7,,142.5,,,,,,126.2,,
서진용,2022,2022-09-29,키움,138.1,,146.1,,,,,,131.0,,
서진용,2022,2022-09-30,키움,136.7,,142.6,,,130.0,,,128.6,,
서진용,2022,2022-10-01,KIA,140.4,,141.9,,,,,,130.0,,
서진용,2022,2022-11-02,키움,139.1,,142.7,,,,,,130.6,,
서진용,2022,2022-11-04,키움,137.2,,141.8,,,,,,131.1,,
서진용,2021,2021-04-07,한화,138.0,,142.1,,,,,,129.8,,
서진용,2021,2021-04-08,한화,138.4,,142.4,,,,,,130.2,,
서진용,2021,2021-04-10,LG,139.8,,142.9,,,,,,130.3,,
서진용,2021,2021-04-15,NC,140.0,,141.8,,,,,,129.0,,
서진용,2021,2021-04-16,KIA,139.9,,142.5,,,,,,131.8,,
서진용,2021,2021-04-20,삼성,139.3,,145.6,,,,,,133.7,,
서진용,2021,2021-04-22,삼성,139.1,,144.8,,,131.0,,,131.2,,
서진용,2021,2021-04-23,키움,141.3,,145.7,,,132.0,,,135.2,,
서진용,2021,2021-04-25,키움,134.5,,145.5,,,131.5,,,130.5,,
서진용,2021,2021-04-28,KT,141.3,,145.5,,,,,,133.4,,
서진용,2021,2021-05-01,두산,141.3,,144.6,,,,,,131.2,,
서진용,2021,2021-05-02,두산,136.2,,142.0,,,,,,128.7,,
서진용,2021,2021-05-05,NC,140.4,,146.1,,,,,,132.6,,
서진용,2021,2021-05-09,키움,141.2,,146.1,,,,,,132.0,,
서진용,2021,2021-05-11,롯데,137.7,,147.3,,,,,,134.4,,
서진용,2021,2021-05-18,KIA,138.9,,145.1,,,,,,132.6,,
서진용,2021,2021-05-21,LG,142.4,,146.6,,,,,,131.4,,
서진용,2021,2021-05-26,KT,137.6,,143.0,,,131.0,,,130.2,,
서진용,2021,2021-05-29,한화,144.5,,144.5,,,,,,,,
서진용,2021,2021-05-30,한화,141.2,,144.0,,,,,,128.5,,
서진용,2021,2021-06-01,삼성,134.0,,145.0,,,,,,129.6,,
서진용,2021,2021-06-06,두산,137.9,,148.0,,,,,,132.8,,
서진용,2021,2021-06-11,키움,138.7,,145.1,,,,,,132.3,,
서진용,2021,2021-06-12,키움,135.0,,144.0,,,,,,130.5,,
서진용,2021,2021-06-17,KIA,137.7,,140.6,,,,,,128.0,,
서진용,2021,2021-06-18,한화,139.9,,145.9,,,,,,130.9,,
서진용,2021,2021-06-20,한화,143.2,,146.0,,,,,,133.0,,
서진용,2021,2021-06-23,LG,139.4,,146.3,,,131.5,,,132.8,,
서진용,2021,2021-06-24,LG,137.3,,144.4,,,130.0,,,130.2,,
서진용,2021,2021-06-26,NC,137.4,,144.3,,,130.0,,,131.4,,
서진용,2021,2021-06-30,삼성,138.4,,146.2,,,,,,131.4,,
서진용,2021,2021-07-01,삼성,136.3,,145.5,,,130.0,,,130.8,,
서진용,2021,2021-07-04,롯데,138.3,,143.8,,,,,,130.8,,
서진용,2021,2021-07-10,한화,138.0,,143.6,,,132.0,,,128.9,,
서진용,2021,2021-08-11,LG,142.2,,146.0,,,,,,134.5,,
서진용,2021,2021-08-14,KIA,136.7,,143.8,,,,,,130.4,,
서진용,2021,2021-08-22,삼성,139.3,,147.6,,,138.0,,,134.5,,
서진용,2021,2021-08-24,삼성,140.8,,146.6,,,136.5,,,133.9,,
서진용,2021,2021-08-28,KIA,144.8,,144.8,,,,,,,,
서진용,2021,2021-09-01,NC,140.0,,145.0,,,,,,133.3,,
서진용,2021,2021-09-05,키움,138.9,,143.6,,,,,,131.2,,
서진용,2021,2021-09-08,LG,137.3,,143.0,,,130.0,,,129.9,,
서진용,2021,2021-09-11,KT,134.9,,140.5,,,129.5,,,128.2,,
서진용,2021,2021-09-12,KT,132.6,,141.0,,,,,,128.9,,
서진용,2021,2021-09-15,한화,135.9,,143.9,,,132.0,,,128.6,,
서진용,2021,2021-09-19,삼성,136.1,,143.3,,,,,,130.8,,
서진용,2021,2021-09-21,키움,138.8,,144.0,,,133.0,,,132.3,,
서진용,2021,2021-09-22,키움,136.3,,143.2,,,132.5,,,129.5,,
서진용,2021,2021-09-23,롯데,135.4,,145.0,,,,,,132.7,,
서진용,2021,2021-09-26,KIA,139.0,,142.8,,,133.0,,,133.0,,
서진용,2021,2021-09-28,삼성,139.1,,144.4,,,129.0,,,131.2,,
서진용,2021,2021-10-01,NC,136.2,,145.0,,,134.0,,,131.6,,
서진용,2021,2021-10-02,KT,140.0,,143.0,,,,,,129.5,,
서진용,2021,2021-10-05,LG,140.9,,145.2,,,,,,131.4,,
서진용,2021,2021-10-07,한화,134.3,,145.5,,,,,,130.6,,
서진용,2021,2021-10-08,한화,139.9,,143.7,,,134.0,,,131.3,,
서진용,2021,2021-10-09,롯데,137.5,,142.5,,,135.0,,,130.0,,
서진용,2021,2021-10-16,롯데,139.0,,145.0,,,133.0,,,131.0,,
서진용,2021,2021-10-17,롯데,134.9,,144.0,,,132.0,,,130.1,,
서진용,2021,2021-10-19,KIA,135.9,,143.9,,,131.0,,,129.3,,
서진용,2021,2021-10-21,두산,136.8,,142.9,,,,,,128.7,,
서진용,2021,2021-10-24,삼성,134.3,,141.1,,,131.6,,,128.1,,
서진용,2021,2021-10-26,NC,134.9,,142.7,,,132.0,,,130.2,,
서진용,2021,2021-10-28,두산,138.0,,144.1,,,,,,130.4,,
서진용,2020,2020-05-06,한화,138.4,,143.1,,,,,,130.0,,
서진용,2020,2020-05-08,롯데,135.8,,142.8,,,130.0,,,130.0,,
서진용,2020,2020-05-10,롯데,139.6,,144.3,,,,,,129.0,,
서진용,2020,2020-05-14,LG,134.0,,142.7,,,131.0,,,129.9,,
서진용,2020,2020-05-15,NC,136.7,,141.6,,,,,,129.2,,
서진용,2020,2020-05-17,NC,146.5,,146.5,,,,,,,,
서진용,2020,2020-05-20,키움,138.5,,144.2,,124.0,129.0,,,131.0,,
서진용,2020,2020-05-21,키움,135.5,,143.8,,,133.0,,,129.2,,
서진용,2020,2020-05-24,KIA,137.0,,143.9,,,132.0,,,129.5,,
서진용,2020,2020-05-26,두산,134.2,,141.8,,,,,,128.5,,
서진용,2020,2020-05-28,두산,141.5,,144.6,,,,,,130.0,,
서진용,2020,2020-05-29,한화,138.0,,145.0,,,,,,131.0,,
서진용,2020,2020-05-31,한화,138.6,,144.2,,,130.0,,,128.6,,
서진용,2020,2020-06-05,삼성,139.4,,146.4,,,,,,132.4,,
서진용,2020,2020-06-06,삼성,140.9,,145.1,,,133.0,,,127.0,,
서진용,2020,2020-06-09,LG,139.4,,146.4,,,134.0,,,131.2,,
서진용,2020,2020-06-11,LG,135.3,,142.5,,,,,,128.2,,
서진용,2020,2020-06-13,KIA,135.2,,142.0,,,130.0,,,128.8,,
서진용,2020,2020-06-14,KIA,136.3,,142.6,,,134.0,,,130.3,,
서진용,2020,2020-06-16,KT,138.1,,144.9,,,131.5,,,127.8,,
서진용,2020,2020-06-20,키움,134.1,,143.0,,,,,,128.4,,
서진용,2020,2020-06-27,LG,136.3,,142.6,,,,,,126.8,,
서진용,2020,2020-06-28,LG,137.4,,143.7,,,,,,127.0,,
서진용,2020,2020-07-02,삼성,141.1,,144.2,,,127.5,,,131.0,,
서진용,2020,2020-07-03,롯데,139.3,,143.0,,,132.5,,,123.0,,
서진용,2020,2020-07-05,롯데,137.8,,146.6,,,133.5,,,131.1,,
서진용,2020,2020-07-08,NC,140.8,,143.8,,,,,,132.5,,
서진용,2020,2020-07-11,한화,137.1,,142.8,,,,,,129.1,,
서진용,2020,2020-07-13,한화,138.1,,142.7,,,,,,127.3,,
서진용,2020,2020-07-17,키움,139.4,,144.0,,,,,,130.2,,
서진용,2020,2020-07-18,키움,137.3,,143.0,,,,,,130.0,,
서진용,2020,2020-07-19,키움,142.5,,144.1,,,,,,130.5,,
서진용,2020,2020-07-24,한화,135.2,,140.4,,,128.5,,,129.2,,
서진용,2020,2020-07-26,한화,136.2,,146.4,,,,,,130.6,,
서진용,2020,2020-07-27,한화,131.0,,138.8,,,,,,124.8,,
서진용,2020,2020-08-07,삼성,138.3,,141.8,,,134.0,,,129.2,,
서진용,2020,2020-08-13,KT,136.5,,143.0,,,,,,128.8,,
서진용,2020,2020-08-14,KIA,142.0,,144.3,,,130.0,,,131.0,,
서진용,2020,2020-08-21,삼성,137.7,,142.0,,,,,,129.8,,
서진용,2020,2020-08-25,롯데,141.3,,145.1,,,,,,133.7,,
서진용,2020,2020-08-26,롯데,141.3,,141.3,,,,,,,,
서진용,2020,2020-08-30,NC,131.9,,140.4,,,,,,126.2,,
서진용,2020,2020-09-04,KT,139.1,,143.7,,,134.0,,,132.4,,
서진용,2020,2020-09-08,키움,140.4,,144.8,,,,,,132.8,,
서진용,2020,2020-09-10,한화,139.3,,144.3,,,,,,129.3,,
서진용,2020,2020-09-11,한화,139.9,,142.8,,,131.3,,,131.0,,
서진용,2020,2020-09-12,롯데,140.2,,142.4,,,132.7,,,130.0,,
서진용,2020,2020-09-16,KIA,137.1,,144.0,,,130.0,,,130.3,,
서진용,2020,2020-09-17,NC,137.3,,143.3,,,,,,131.3,,
서진용,2020,2020-09-25,키움,137.1,,142.0,,,131.5,,,127.5,,
서진용,2020,2020-09-26,삼성,135.1,,141.9,,,126.0,,,127.8,,
서진용,2020,2020-09-29,NC,133.1,,140.4,,,130.0,,,125.2,,
서진용,2020,2020-10-03,키움,137.1,,142.4,,,,,,128.9,,
서진용,2020,2020-10-04,키움,140.3,,142.7,,,,,,128.8,,
서진용,2020,2020-10-07,두산,138.8,,143.1,,,,,,131.6,,
서진용,2020,2020-10-10,KIA,138.7,,144.0,,,,,,128.2,,
서진용,2020,2020-10-11,KIA,137.2,,142.9,,,128.0,,,131.6,,
서진용,2020,2020-10-13,삼성,137.4,,144.4,,,131.5,,,129.7,,
서진용,2020,2020-10-17,KT,136.4,,144.2,,,,,,129.7,,
서진용,2020,2020-10-18,KT,134.6,,144.0,,,128.3,,,129.1,,
서진용,2020,2020-10-22,롯데,134.3,,143.8,,,125.0,,,128.0,,
서진용,2020,2020-10-23,롯데,138.1,,143.2,,,,,,129.8,,
서진용,2020,2020-10-30,LG,139.6,,143.2,,,130.3,,,130.0,,
송영진,2024,2024-03-27,한화,133.8,,142.5,,117.0,130.6,,,131.5,,
송영진,2024,2024-04-02,두산,135.4,,142.7,139.7,116.3,129.4,,,130.0,,
송영진,2024,2024-04-07,NC,137.3,,142.2,140.2,116.2,129.5,,,128.5,,
송영진,2024,2024-04-11,키움,133.4,,145.7,,120.0,132.5,,,132.0,,
송영진,2024,2024-04-12,KT,134.1,,141.5,139.5,116.6,131.1,,,128.5,,
송영진,2024,2024-04-19,LG,136.6,,143.0,,118.0,134.0,,,132.6,,
송영진,2024,2024-05-07,LG,136.7,,142.1,140.2,117.2,131.1,,,129.5,,
송영진,2024,2024-05-12,KIA,136.6,,142.8,137.8,120.0,132.6,,,129.6,,
송영진,2024,2024-05-23,두산,137.0,,143.8,,120.0,130.8,,,130.9,,
송영진,2024,2024-05-29,LG,135.5,,141.7,,118.0,131.9,,,128.2,,
송영진,2024,2024-06-04,삼성,134.3,,143.2,,118.6,132.8,,,130.8,,
송영진,2024,2024-06-09,롯데,136.1,,141.8,,116.0,132.6,,,131.0,,
송영진,2024,2024-06-14,한화,131.7,,139.9,,114.7,128.2,,,130.0,,
송영진,2024,2024-06-20,삼성,132.4,,138.6,,114.5,128.8,,,130.8,,
송영진,2024,2024-06-26,KT,131.3,,142.0,,118.8,132.0,,,131.2,,
송영진,2024,2024-07-13,KIA,134.1,,141.6,,117.2,133.1,,,130.9,,
송영진,2024,2024-07-21,키움,131.5,,142.3,,117.5,133.1,,,133.0,,
송영진,2024,2024-07-28,두산,132.1,,140.9,,115.3,133.1,,,130.8,,
송영진,2024,2024-08-03,삼성,130.8,,138.3,,110.6,128.2,,,128.3,,
송영진,2024,2024-08-09,두산,130.6,,140.6,,115.5,130.9,,,130.0,,
송영진,2024,2024-08-16,한화,131.9,,140.2,,114.9,130.8,,,129.5,,
송영진,2024,2024-08-22,LG,132.7,,139.2,,113.0,130.7,,,130.4,,
송영진,2024,2024-08-28,KIA,132.1,,141.3,,116.5,132.4,,,129.0,,
송영진,2024,2024-09-04,LG,131.4,,139.8,,115.2,130.0,,,129.9,,
송영진,2024,2024-09-10,한화,130.9,,141.6,,116.2,132.1,,,131.5,,
송영진,2024,2024-09-23,두산,132.8,,139.8,,114.1,130.7,,,128.7,,
송영진,2023,2023-04-02,KIA,139.0,,147.4,,119.7,131.4,,,,,
송영진,2023,2023-04-08,한화,137.4,,145.4,,119.2,131.8,,,132.0,,
송영진,2023,2023-04-14,NC,139.2,,147.2,,120.2,131.0,,,134.7,,
송영진,2023,2023-04-20,KT,139.9,,145.8,,118.5,129.8,,,134.2,,
송영진,2023,2023-04-26,LG,143.1,144.5,146.2,,119.0,135.7,,,136.0,,
송영진,2023,2023-05-07,키움,135.6,,142.6,,117.4,127.7,,,129.3,,
송영진,2023,2023-05-13,한화,138.5,,147.2,,119.0,130.3,,,133.0,,
송영진,2023,2023-05-25,LG,137.0,,144.2,,117.3,127.4,,,133.0,,
송영진,2023,2023-07-01,키움,132.8,,142.9,,114.3,130.7,,,,,
송영진,2023,2023-09-01,KIA,128.9,,145.5,,115.5,131.0,,,,,
송영진,2023,2023-09-05,한화,134.6,,146.0,,113.2,134.5,,,131.0,,
송영진,2023,2023-09-07,한화,133.2,,147.0,,116.0,135.8,,,,,
송영진,2023,2023-09-10,KT,134.9,,146.3,,118.0,130.9,,,,,
송영진,2023,2023-09-17,LG,133.1,,144.8,144.2,116.9,130.4,,,136.0,,
송영진,2023,2023-09-21,LG,138.9,,145.1,,118.0,131.8,,,130.0,,
송영진,2023,2023-10-01,KIA,135.0,,143.6,,115.9,133.1,,,,,
송영진,2023,2023-10-07,NC,135.4,,144.3,,118.7,134.4,,,133.0,,
앤더슨,2024,2024-05-10,KIA,149.2,,152.5,,126.5,137.5,144.4,,,,
앤더슨,2024,2024-05-17,키움,143.9,,151.1,,126.1,133.9,142.2,,,,
앤더슨,2024,2024-05-24,한화,142.2,,151.4,,126.0,133.9,140.9,,,,
앤더슨,2024,2024-05-30,LG,143.3,,152.6,,126.6,134.8,143.7,,,,
앤더슨,2024,2024-06-05,삼성,145.0,,152.4,,125.7,137.2,142.8,,,,
앤더슨,2024,2024-06-11,KIA,144.8,,151.9,142.5,124.7,135.9,144.0,,,,
앤더슨,2024,2024-06-18,삼성,138.7,,148.2,138.8,122.8,134.0,142.1,,,,
앤더슨,2024,2024-06-23,NC,141.1,,148.9,139.0,123.4,135.3,140.8,,,,
앤더슨,2024,2024-06-29,두산,138.2,,148.0,137.8,123.8,134.1,138.1,,,,
앤더슨,2024,2024-07-04,NC,147.5,,155.1,,127.7,135.8,,,,,
앤더슨,2024,2024-07-11,롯데,143.0,,151.4,140.8,126.4,135.2,141.2,,,,
앤더슨,2024,2024-07-19,키움,144.9,,152.0,143.2,127.4,136.0,142.4,,,,
앤더슨,2024,2024-07-26,두산,143.5,,152.1,142.6,127.6,137.0,137.5,,,,
앤더슨,2024,2024-08-01,롯데,144.8,,151.4,142.7,126.9,137.1,,,,,
앤더슨,2024,2024-08-07,키움,142.0,,149.9,140.7,125.3,133.3,139.3,,,,
앤더슨,2024,2024-08-13,NC,143.5,,150.9,140.2,127.7,135.6,142.3,,,,
앤더슨,2024,2024-08-20,LG,144.9,,151.1,139.9,126.4,133.2,138.0,,,,
앤더슨,2024,2024-08-25,KT,141.9,,150.8,141.4,125.8,133.9,141.5,,,,
앤더슨,2024,2024-08-31,NC,145.0,,152.2,142.6,127.9,134.5,143.0,,,,
앤더슨,2024,2024-09-07,롯데,139.3,,148.0,139.3,125.1,132.8,137.0,,,,
앤더슨,2024,2024-09-14,삼성,146.6,,153.7,143.5,129.0,132.6,146.0,,,,
앤더슨,2024,2024-09-19,키움,139.0,,148.8,142.9,123.5,132.9,136.7,,,,
앤더슨,2024,2024-09-24,LG,135.7,,144.3,140.0,123.0,132.2,138.4,,,,
앤더슨,2024,2024-09-30,키움,145.1,,152.5,143.1,127.7,134.1,,,,,
윤태현,2022,2022-05-13,NC,137.5,,137.5,,,,,,,,
윤태현,2022,2022-05-17,두산,130.9,,,,,122.2,,137.1,,,
윤태현,2022,2022-05-21,LG,128.6,,138.8,,117.0,120.4,,135.6,,,
이건욱,2024,2024-03-28,한화,138.8,,142.0,134.6,,132.1,132.0,,,,
이건욱,2024,2024-04-02,두산,135.9,,142.1,132.2,123.5,132.8,,,132.3,,
이건욱,2024,2024-04-05,NC,137.1,,142.2,133.2,,124.9,133.0,,132.8,,
이건욱,2024,2024-04-19,LG,140.3,,144.8,133.7,,125.0,,,,,
이건욱,2024,2024-04-25,롯데,138.8,,142.4,136.0,,130.0,,,132.0,,
이건욱,2024,2024-05-21,두산,135.9,,141.4,135.1,124.6,126.7,133.0,,131.9,,
이건욱,2024,2024-06-28,두산,141.3,,143.0,137.0,,126.3,,,,,
이건욱,2024,2024-08-03,삼성,137.2,,142.0,135.0,,132.1,,,130.5,,
이건욱,2024,2024-08-10,두산,139.5,,142.7,,,132.3,,,132.5,,
이건욱,2024,2024-09-24,LG,139.0,,143.8,137.0,126.2,127.9,,,131.0,,
이건욱,2023,2023-05-10,KIA,139.6,,142.3,,,127.2,132.4,,,,
이건욱,2023,2023-05-26,두산,144.6,,145.9,,,137.0,,,,,
이건욱,2023,2023-06-01,삼성,143.9,,145.5,,,129.0,131.0,,,,
이건욱,2023,2023-06-09,NC,141.6,,146.5,,,134.0,136.3,,,,
이건욱,2023,2023-06-10,NC,139.8,,145.3,,,128.7,136.5,,,,
이건욱,2023,2023-06-25,삼성,141.7,,145.4,,,137.8,135.0,,,,
이건욱,2023,2023-07-01,키움,142.3,,146.7,,,136.9,,,,,
이건욱,2023,2023-07-05,KIA,143.2,,145.9,,,138.0,134.2,,,,
이건욱,2023,2023-07-27,삼성,140.2,,145.5,,,136.5,135.7,,,,
이건욱,2023,2023-07-30,한화,141.5,,144.9,,,137.5,,,,,
이건욱,2023,2023-08-03,KT,139.8,,144.0,,,134.5,,,,,
이건욱,2023,2023-08-08,NC,140.7,,144.0,,,139.0,,,,,
이건욱,2023,2023-08-15,롯데,142.0,,146.6,,,137.1,134.0,,,,
이건욱,2023,2023-08-17,롯데,140.9,,144.9,,,135.9,135.8,,,,
이건욱,2023,2023-08-19,LG,143.4,,146.4,,,137.6,137.0,,,,
이건욱,2023,2023-08-25,두산,140.3,,144.4,,128.0,136.1,136.0,,,,
이건욱,2023,2023-09-01,KIA,139.4,,144.7,,128.5,135.3,136.0,,,,
이건욱,2023,2023-09-02,KIA,137.6,,144.4,,,136.3,134.9,,,,
이건욱,2023,2023-09-05,한화,144.3,,146.3,,,137.5,134.0,,,,
이건욱,2023,2023-09-06,한화,142.3,,145.5,,,139.0,135.4,,,,
이건욱,2023,2023-09-09,KT,140.6,,145.7,,,135.6,136.0,,,,
이건욱,2023,2023-09-17,LG,140.6,,145.4,,,134.5,127.0,,,,
이건욱,2023,2023-09-22,롯데,138.9,,143.8,,,136.2,135.5,,,,
이건욱,2023,2023-09-23,롯데,141.1,,146.2,,,136.0,,,,,
이건욱,2023,2023-09-27,두산,139.4,,144.8,,,135.2,,,,,
이건욱,2023,2023-10-03,NC,138.6,,143.5,,,135.0,133.4,,,,
이건욱,2023,2023-10-08,NC,136.8,,144.2,,,135.0,132.7,,,,
이건욱,2022,2022-06-21,두산,137.9,,142.4,,117.3,132.9,133.7,,,,
이건욱,2021,2021-04-09,LG,139.3,,141.7,,,129.2,134.0,,,,
이건욱,2021,2021-04-15,NC,134.6,,140.1,,117.8,131.8,130.9,,,,
이건욱,2021,2021-04-21,삼성,136.2,,139.8,,118.5,130.4,131.3,,,,
이건욱,2021,2021-06-05,두산,141.1,,144.1,,120.0,131.7,,,,,
이건욱,2021,2021-06-09,KT,133.5,,140.1,,114.8,128.3,132.0,,,,
이건욱,2020,2020-05-12,LG,139.4,,141.5,,,129.0,,,,,
이건욱,2020,2020-05-13,LG,140.0,,143.1,,,130.3,134.0,,,,
이건욱,2020,2020-05-28,두산,139.0,,143.1,,,128.8,133.7,,,,
이건욱,2020,2020-06-03,NC,134.9,,141.0,,,129.3,,,,,
이건욱,2020,2020-06-09,LG,137.2,,143.5,,,130.8,132.4,,,,
이건욱,2020,2020-06-14,KIA,136.6,,141.6,,,131.1,131.5,,,,
이건욱,2020,2020-06-20,키움,137.1,,141.3,,,131.3,129.9,,,,
이건욱,2020,2020-06-26,LG,136.1,,140.4,,,131.2,129.9,,,,
이건욱,2020,2020-07-02,삼성,134.7,,139.9,,119.0,127.2,128.4,,,,
이건욱,2020,2020-07-08,NC,137.4,,142.1,,118.2,132.1,131.0,,,,
이건욱,2020,2020-07-14,두산,136.3,,141.7,,117.8,130.0,130.8,,,,
이건욱,2020,2020-07-27,한화,135.2,,140.4,,118.0,128.6,130.2,,,,
이건욱,2020,2020-08-01,KT,134.2,,140.4,,116.0,127.4,130.5,,,,
이건욱,2020,2020-08-07,삼성,134.5,,141.4,,117.7,128.8,132.1,,,,
이건욱,2020,2020-08-13,KT,133.3,,139.6,,115.8,127.7,128.2,,,,
이건욱,2020,2020-08-19,한화,135.5,,141.7,,118.6,129.6,131.3,,,,
이건욱,2020,2020-08-25,롯데,137.6,,142.7,,117.5,130.3,131.0,,,,
이건욱,2020,2020-08-30,NC,134.0,,140.0,,116.0,128.1,130.7,,,,
이건욱,2020,2020-09-05,두산,138.8,,142.9,,119.7,130.0,132.2,,,,
이건욱,2020,2020-09-12,롯데,137.6,,141.8,,119.0,129.3,131.7,,,,
이건욱,2020,2020-09-18,NC,136.7,,142.2,,117.3,130.0,129.2,,,,
이건욱,2020,2020-09-24,키움,135.0,,140.6,,116.0,128.3,129.8,,,,
이건욱,2020,2020-09-30,NC,135.2,,140.3,,111.7,128.2,129.8,,,,
이건욱,2020,2020-10-06,두산,135.3,,140.1,,,126.5,128.6,,,,
이건욱,2020,2020-10-11,KIA,133.9,,139.5,,115.0,126.3,129.4,,,,
이건욱,2020,2020-10-17,KT,137.3,,141.8,,115.0,131.0,129.4,,,,
이건욱,2020,2020-10-23,롯데,136.4,,142.2,,116.5,129.2,130.9,,,,
이로운,2024,2024-03-24,롯데,145.5,,148.5,,,134.0,120.0,,,,
이로운,2024,2024-03-27,한화,134.0,,147.3,,,131.0,119.2,,,,
이로운,2024,2024-03-28,한화,139.0,,148.5,,,130.4,118.8,,,,
이로운,2024,2024-03-31,삼성,141.0,,146.7,,,,119.5,,,,
이로운,2024,2024-04-02,두산,142.9,,148.2,,,,121.5,,,,
이로운,2024,2024-04-04,두산,148.7,,148.7,,,,,,,,
이로운,2024,2024-04-06,NC,140.6,,149.5,,,,122.7,,,,
이로운,2024,2024-04-10,키움,142.8,,151.2,,,134.0,120.3,,,,
이로운,2024,2024-04-12,KT,145.4,,148.3,,,132.7,122.0,,,,
이로운,2024,2024-04-16,KIA,134.8,,148.0,,,,121.5,,,,
이로운,2024,2024-04-19,LG,140.6,,149.8,,,131.5,122.0,,,,
이로운,2024,2024-04-21,LG,144.1,,150.4,,,132.6,120.0,,,,
이로운,2024,2024-04-24,롯데,138.1,,148.8,,,130.6,126.0,,,,
이로운,2024,2024-04-26,KT,139.9,,150.2,,,131.6,,,,,
이로운,2024,2024-04-27,KT,141.1,,147.9,,,129.3,124.0,,,,
이로운,2024,2024-05-02,한화,140.7,,147.6,,,127.0,120.0,,,,
이로운,2024,2024-05-04,NC,139.3,,148.5,,,131.3,121.2,,,,
이로운,2024,2024-05-07,LG,146.3,,149.1,,,135.0,121.0,,,,
이로운,2024,2024-05-08,LG,129.3,,145.8,,,130.0,119.3,,,,
이로운,2024,2024-05-10,KIA,140.5,,147.3,,,131.0,122.0,,,,
이로운,2024,2024-05-12,KIA,138.8,,147.8,,,130.0,120.8,,,,
이로운,2024,2024-05-17,키움,140.3,,146.3,,,129.7,121.9,,,,
이로운,2024,2024-05-18,키움,136.3,,147.4,,120.0,129.0,122.0,,,,
이로운,2024,2024-05-24,한화,137.4,,147.1,,,129.7,122.5,,,,
이로운,2024,2024-05-29,LG,134.5,,147.9,,,134.3,119.3,,,,
이로운,2024,2024-06-01,키움,143.3,,147.7,,,,122.7,,,,
이로운,2024,2024-06-06,삼성,130.5,,146.9,,122.0,125.1,121.3,,,,
이로운,2024,2024-06-09,롯데,136.2,,147.9,,119.3,123.0,118.7,,,,
이로운,2024,2024-06-11,KIA,137.9,,149.6,,,128.0,120.4,,,,
이로운,2024,2024-06-12,KIA,139.1,,148.5,,,128.0,117.7,,,,
이로운,2024,2024-06-14,한화,131.1,,146.8,,118.0,,117.2,,,,
이로운,2024,2024-06-16,한화,136.5,,147.5,,116.5,,119.6,,,,
이로운,2024,2024-06-18,삼성,136.6,,146.0,,,127.0,117.8,,,,
이로운,2024,2024-06-20,삼성,133.3,,145.8,,118.6,124.0,120.0,,,,
이로운,2024,2024-06-22,NC,139.5,,148.2,,,,122.0,,,,
이로운,2024,2024-06-23,NC,137.7,,149.3,,117.3,127.8,119.2,,,,
이로운,2024,2024-06-30,두산,137.6,,148.3,,124.5,,120.5,,,,
이로운,2024,2024-07-03,NC,130.0,,148.0,,,126.5,119.0,,,,
이로운,2024,2024-07-04,NC,137.6,,149.3,,,,120.0,,,,
이로운,2024,2024-07-13,KIA,138.6,,145.7,,,129.3,122.6,,,,
이로운,2024,2024-07-14,KIA,135.8,,147.8,,,129.0,122.7,,,,
이로운,2024,2024-07-17,LG,139.4,,148.1,,115.0,130.5,121.3,,,,
이로운,2024,2024-07-24,KT,129.3,,146.5,,,130.0,120.2,,,,
이로운,2024,2024-07-25,KT,129.1,,147.8,,,129.5,120.5,,,,
이로운,2024,2024-07-27,두산,133.2,,148.1,,,131.7,120.4,,,,
이로운,2024,2024-07-30,롯데,139.3,,149.4,,,132.5,121.0,,,,
이로운,2024,2024-07-31,롯데,133.0,,147.4,,117.5,131.8,119.9,,,,
이로운,2024,2024-08-02,삼성,127.0,,144.5,,,,118.2,,,,
이로운,2024,2024-08-04,삼성,138.8,,145.0,,,,121.8,,,,
이로운,2024,2024-08-09,두산,138.8,,146.3,,,130.0,122.3,,131.3,,
이로운,2024,2024-08-10,두산,139.1,,148.0,,,133.7,125.5,,131.8,,
이로운,2024,2024-08-22,LG,141.8,,146.5,,120.5,132.5,,,,,
이로운,2024,2024-08-23,KT,139.1,,147.9,,,132.0,122.3,,,,
이로운,2024,2024-08-27,KIA,145.3,,147.2,,,,125.0,,,,
이로운,2024,2024-08-28,KIA,141.2,,146.6,,118.0,131.0,127.0,,,,
이로운,2024,2024-08-31,NC,141.8,,148.2,,120.0,137.0,126.5,,,,
이로운,2024,2024-09-01,NC,139.2,,145.6,,,,123.2,,,,
이로운,2024,2024-09-08,롯데,140.1,,145.3,,,126.0,123.5,,,,
이로운,2024,2024-09-11,롯데,139.1,,148.3,,121.0,130.0,124.0,,,,
이로운,2024,2024-09-19,키움,144.4,,146.1,,,129.0,,,,,
이로운,2023,2023-04-02,KIA,140.8,,149.5,,,130.9,129.5,,,,
이로운,2023,2023-04-13,삼성,139.4,,144.6,,,127.4,,,,,
이로운,2023,2023-04-16,NC,142.5,,147.8,,,127.0,130.2,,,,
이로운,2023,2023-04-20,KT,148.7,,150.7,,,131.0,,,,,
이로운,2023,2023-04-21,키움,145.5,,148.4,,,129.0,127.0,,,,
이로운,2023,2023-04-23,키움,147.9,,150.6,,,129.0,,,,,
이로운,2023,2023-04-25,LG,140.9,,148.8,,,129.5,128.5,,,,
이로운,2023,2023-04-29,두산,143.9,,149.6,,,130.3,,,,,
이로운,2023,2023-05-12,한화,142.6,,148.5,,,130.5,128.5,,,,
이로운,2023,2023-05-16,NC,138.1,,150.7,,,131.0,129.2,,,,
이로운,2023,2023-05-19,롯데,139.2,,147.0,,,128.5,124.4,,,,
이로운,2023,2023-05-23,LG,140.0,,148.4,,,130.1,132.0,,,,
이로운,2023,2023-05-26,두산,140.3,,147.2,,,127.8,,,,,
이로운,2023,2023-06-01,삼성,140.8,149.0,149.4,,,129.3,135.0,,,,
이로운,2023,2023-06-07,KIA,137.6,,146.6,,,129.0,127.0,,,,
이로운,2023,2023-06-08,KIA,142.1,,147.9,,,130.4,133.0,,,,
이로운,2023,2023-06-10,NC,136.5,,148.0,,,128.2,134.0,,,,
이로운,2023,2023-06-14,KT,142.2,,148.1,,,127.5,,,,,
이로운,2023,2023-06-17,롯데,147.1,,150.6,,,138.5,133.0,,,,
이로운,2023,2023-06-21,두산,147.3,,149.2,,,138.5,,,,,
이로운,2023,2023-06-22,두산,141.5,,147.5,,128.0,136.7,130.0,,,,
이로운,2023,2023-06-24,삼성,143.8,,150.0,,,138.8,133.0,,,,
이로운,2023,2023-06-27,LG,140.5,,147.2,,,134.8,132.2,,,,
이로운,2023,2023-07-05,KIA,144.0,,148.3,,,137.6,133.3,,,,
이로운,2023,2023-07-09,한화,141.3,,147.8,,128.0,136.8,131.0,,,,
이로운,2023,2023-07-25,삼성,137.2,,147.3,,,131.0,127.7,,,,
이로운,2023,2023-07-30,한화,141.1,,147.6,,,139.0,128.0,,,,
이로운,2023,2023-08-01,KT,139.4,,146.9,,,134.5,127.2,,,,
이로운,2023,2023-08-05,롯데,138.5,,147.0,,,137.9,127.2,,,,
이로운,2023,2023-08-16,롯데,136.4,,147.8,,,138.6,128.4,,,,
이로운,2023,2023-08-17,롯데,133.3,,146.7,,,137.4,124.6,,,,
이로운,2023,2023-08-18,LG,142.6,,148.3,,,134.0,,,,,
이로운,2023,2023-08-25,두산,139.5,,145.9,,,140.0,124.3,,,,
이로운,2023,2023-08-27,두산,146.2,,147.4,,,140.0,,,,,
이로운,2023,2023-08-31,키움,136.8,,147.7,138.6,,,123.1,,,,
이로운,2023,2023-09-03,KIA,136.3,,147.6,,119.0,,123.3,,,,
이로운,2023,2023-09-05,한화,135.4,,146.2,138.4,,,123.4,,,,
이로운,2023,2023-09-06,한화,139.0,,149.9,,,135.2,121.6,,,,
이로운,2023,2023-09-09,KT,143.8,,149.6,,,137.2,,,,,
이로운,2023,2023-09-10,KT,140.9,,147.6,,,137.3,120.0,,,,
이로운,2023,2023-09-12,KT,141.9,,148.7,,,136.3,,,,,
이로운,2023,2023-09-17,LG,133.7,,146.3,,,136.5,123.3,,,,
이로운,2023,2023-09-24,롯데,136.5,,146.5,,,138.7,124.8,,,,
이로운,2023,2023-09-27,두산,138.5,,148.6,,,137.0,121.0,,121.0,,
이로운,2023,2023-09-28,키움,139.9,,148.1,,,,120.7,,,,
이로운,2023,2023-10-01,KIA,130.9,,147.7,,,136.0,120.8,,,,
이로운,2023,2023-10-04,NC,136.1,,148.3,,122.0,,120.2,,119.0,,
이로운,2023,2023-10-06,한화,138.0,,149.8,,,,118.3,,,,
이로운,2023,2023-10-07,NC,138.0,,149.6,,,,120.1,,,,
이로운,2023,2023-10-17,두산,142.3,,149.5,,,,122.5,,,,
장지훈,2024,2024-07-30,롯데,134.2,,138.6,,,,125.2,,,,
장지훈,2024,2024-07-31,롯데,127.9,134.0,135.5,,119.0,,124.0,,,,
장지훈,2024,2024-08-03,삼성,125.4,130.5,133.8,,114.8,,121.8,,,,
장지훈,2024,2024-08-04,삼성,128.7,,133.5,,117.5,,123.7,,,,
장지훈,2024,2024-08-08,키움,130.6,,133.6,,,,123.7,,,,
장지훈,2024,2024-08-09,두산,122.2,,133.0,,118.7,,122.0,,,,
장지훈,2024,2024-08-11,두산,128.5,137.0,136.6,,120.5,,124.0,,,,
장지훈,2024,2024-08-15,NC,133.0,,136.0,,123.3,,124.5,,,,
장지훈,2024,2024-08-18,한화,128.3,,134.6,,118.3,,121.9,,,,
장지훈,2024,2024-08-22,LG,129.8,,134.0,,120.5,,121.4,,,,
장지훈,2024,2024-08-24,KT,131.7,,136.8,,119.5,,124.1,,,,
장지훈,2024,2024-08-27,KIA,131.3,,136.3,,121.7,,123.6,,,,
장지훈,2024,2024-08-31,NC,131.6,,136.6,,120.5,,122.5,,,,
장지훈,2024,2024-09-01,NC,124.5,,132.9,,115.6,125.2,123.8,,,,
장지훈,2024,2024-09-11,롯데,129.6,,135.1,,,123.0,122.7,,,,
장지훈,2024,2024-09-19,키움,131.1,,137.6,,114.0,,123.0,,,,
장지훈,2024,2024-09-23,두산,130.1,,136.5,,120.0,,123.3,,,,
장지훈,2024,2024-09-24,LG,128.5,,136.0,,118.5,,122.8,,,,
장지훈,2022,2022-04-03,NC,131.1,,139.3,,,,128.8,,,,
장지훈,2022,2022-04-05,KT,129.7,,134.7,,,,127.1,135.0,,,
장지훈,2022,2022-04-07,KT,131.0,,,,,126.0,126.0,135.3,,,
장지훈,2022,2022-04-08,KIA,130.1,,139.0,,,132.0,128.6,,,,
장지훈,2022,2022-04-10,KIA,133.8,,141.3,,,130.0,128.4,140.0,,,
장지훈,2022,2022-04-13,LG,129.7,,,,,,128.2,139.0,,,
장지훈,2022,2022-04-16,삼성,131.3,,,,,128.0,127.3,136.9,,,
장지훈,2022,2022-04-20,키움,129.3,,,,,,126.2,137.0,,,
장지훈,2022,2022-04-22,한화,131.9,,137.4,,,131.0,125.7,,,,
장지훈,2022,2022-04-23,한화,132.8,,,,,129.0,127.4,137.8,,,
장지훈,2022,2022-04-28,롯데,133.5,,139.0,,,129.0,127.4,138.2,,,
장지훈,2022,2022-05-01,두산,132.2,,138.3,,,,127.1,137.5,,,
장지훈,2022,2022-05-05,한화,130.6,,136.7,,,,125.9,136.3,,,
장지훈,2022,2022-05-12,삼성,133.7,,137.9,,,128.0,129.0,,,,
장지훈,2022,2022-05-15,NC,135.0,,138.8,,,129.0,128.0,139.0,,,
장지훈,2022,2022-05-18,두산,133.8,,,,,,129.0,138.6,,,
장지훈,2022,2022-06-03,LG,130.4,,137.4,,,125.0,126.8,137.0,,,
장지훈,2022,2022-06-09,NC,132.7,,138.6,,,,127.4,136.0,,,
장지훈,2022,2022-06-12,한화,130.8,,138.7,,,124.9,128.2,,,,
장지훈,2022,2022-06-15,KT,131.7,,,,,127.1,127.7,141.3,,,
장지훈,2022,2022-06-18,롯데,132.2,,138.9,,,,127.0,,,,
장지훈,2022,2022-06-21,두산,131.3,,138.5,,126.0,125.0,126.0,139.0,,,
장지훈,2022,2022-06-25,NC,139.0,,141.2,,,131.0,131.0,,,,
장지훈,2022,2022-06-29,한화,133.1,,140.1,,,126.6,129.5,138.4,,,
장지훈,2022,2022-07-02,KIA,134.9,,139.9,,,127.0,126.8,139.0,,,
장지훈,2022,2022-07-05,롯데,136.8,,141.2,,,,128.8,,,,
장지훈,2022,2022-07-09,삼성,136.9,,140.2,,,130.0,130.5,,,,
장지훈,2022,2022-07-10,삼성,132.4,,138.4,,,126.9,127.6,,,,
장지훈,2022,2022-07-26,LG,131.9,,139.5,,,124.0,124.3,,,,
장지훈,2022,2022-07-29,KIA,138.0,,142.4,,,129.8,129.0,,,,
장지훈,2022,2022-08-03,키움,132.5,,139.7,,,125.2,125.5,,,,
장지훈,2022,2022-08-07,삼성,136.4,,140.1,,,127.0,127.0,,,,
장지훈,2022,2022-08-12,KT,131.4,,139.2,,,125.5,126.7,135.5,,,
장지훈,2022,2022-08-26,KT,133.6,,138.4,,120.0,124.3,124.5,,,,
장지훈,2022,2022-08-28,롯데,135.1,,140.3,,,127.0,128.0,,,,
장지훈,2022,2022-09-09,KIA,132.3,,138.4,,118.3,124.5,125.7,135.0,,,
장지훈,2022,2022-09-15,NC,135.3,,141.0,,,122.0,125.8,,,,
장지훈,2022,2022-09-24,두산,134.8,,139.4,,,125.0,124.5,,,,
장지훈,2022,2022-10-05,두산,134.4,,141.2,,,124.2,125.8,,,,
장지훈,2022,2022-10-06,NC,133.8,,139.0,,121.0,,124.5,,,,
장지훈,2021,2021-04-29,KT,135.2,,141.0,,,,129.3,141.0,,,
장지훈,2021,2021-04-30,두산,132.3,,137.7,,,127.9,127.8,135.5,,,
장지훈,2021,2021-05-05,NC,133.4,,141.2,,,128.5,129.4,,,,
장지훈,2021,2021-05-09,키움,135.7,141.0,139.3,,,131.0,130.1,,,,
장지훈,2021,2021-05-11,롯데,135.2,,142.5,,,131.7,130.5,,,,
장지훈,2021,2021-05-12,롯데,137.7,,142.3,,,131.0,130.7,,,,
장지훈,2021,2021-05-14,두산,136.1,,142.7,,,131.4,132.0,140.0,,,
장지훈,2021,2021-05-19,KIA,137.4,,140.7,,,129.0,131.0,141.4,,,
장지훈,2021,2021-05-21,LG,138.5,,142.2,,,,131.0,,,,
장지훈,2021,2021-05-22,LG,136.3,,142.5,,,126.5,130.4,141.0,,,
장지훈,2021,2021-05-26,KT,133.6,,140.0,,,,128.4,,,,
장지훈,2021,2021-05-27,KT,132.8,,138.3,,,126.2,126.8,137.3,,,
장지훈,2021,2021-05-29,한화,135.3,,139.0,,,,128.1,136.9,,,
장지훈,2021,2021-06-02,삼성,135.3,,142.2,,,130.0,130.2,,,,
장지훈,2021,2021-06-08,KT,134.1,,140.4,,,133.0,129.3,,,,
장지훈,2021,2021-06-09,KT,133.3,,140.1,,,130.6,128.3,,,,
장지훈,2021,2021-06-16,KIA,136.6,,141.2,,,133.5,127.8,141.0,,,
장지훈,2021,2021-06-19,한화,139.3,,144.2,,,,131.4,,,,
장지훈,2021,2021-06-20,한화,134.9,,140.6,,,129.0,128.4,140.0,,,
장지훈,2021,2021-06-24,LG,135.7,,141.6,,,130.0,130.2,140.7,,,
장지훈,2021,2021-06-25,NC,134.8,,140.8,,,131.8,129.6,138.8,,,
장지훈,2021,2021-06-27,NC,136.6,,142.3,,,131.5,129.0,140.5,,,
장지훈,2021,2021-06-30,삼성,135.6,,140.3,,,131.8,130.3,,,,
장지훈,2021,2021-07-02,롯데,135.5,,141.1,,,134.0,129.5,140.5,,,
장지훈,2021,2021-07-04,롯데,133.4,,140.4,,,132.0,127.2,,,,
장지훈,2021,2021-07-08,키움,134.1,,141.8,,,133.0,129.5,,,,
장지훈,2021,2021-07-10,한화,134.5,,140.2,,,130.6,128.3,139.0,,,
장지훈,2021,2021-07-11,한화,134.6,,140.3,,,131.0,128.4,,,,
장지훈,2021,2021-08-11,LG,134.4,,141.5,,,129.7,,,,,
장지훈,2021,2021-08-13,KIA,139.2,,139.2,,,,,,,,
장지훈,2021,2021-08-14,KIA,134.6,,139.4,,,127.0,128.6,,,,
장지훈,2021,2021-08-18,NC,132.8,,140.7,,,130.6,129.0,140.0,,,
장지훈,2021,2021-08-20,삼성,132.2,,141.0,,,126.0,128.8,,,,
장지훈,2021,2021-08-22,삼성,131.2,,142.0,,,130.0,129.8,,,,
장지훈,2021,2021-08-24,삼성,134.7,,140.7,,,130.0,128.0,,,,
장지훈,2021,2021-08-26,KT,133.5,,141.4,,,131.0,128.6,,,,
장지훈,2021,2021-08-27,KT,132.9,,142.0,,,128.0,127.8,141.0,,,
장지훈,2021,2021-08-29,KIA,138.4,,140.3,,,,128.3,141.5,,,
장지훈,2021,2021-09-01,NC,134.1,,141.2,,,131.6,128.3,141.0,,,
장지훈,2021,2021-09-05,키움,133.8,,138.6,,,129.8,127.5,139.0,,,
장지훈,2021,2021-09-08,LG,134.6,,139.5,,,130.0,129.6,,,,
장지훈,2021,2021-09-11,KT,128.3,,136.5,,,126.6,125.8,,,,
장지훈,2021,2021-09-12,KT,132.0,,137.9,,,128.0,126.1,,,,
장지훈,2021,2021-09-15,한화,133.5,,141.6,,,130.9,130.4,,,,
장지훈,2021,2021-09-16,두산,132.8,,141.0,,,132.0,129.4,,,,
장지훈,2021,2021-09-19,삼성,133.3,,139.2,,,132.2,128.8,,,,
장지훈,2021,2021-09-22,키움,134.0,,141.2,,,135.0,130.3,,,,
장지훈,2021,2021-09-23,롯데,135.1,,140.3,,,132.9,129.9,,,,
장지훈,2021,2021-09-26,KIA,139.0,,141.1,,,135.0,131.3,,,,
장지훈,2021,2021-09-28,삼성,132.6,,137.8,,,,128.4,,,,
장지훈,2021,2021-10-01,NC,134.3,,140.6,,,131.6,128.9,,,,
장지훈,2021,2021-10-03,KT,133.0,,141.1,,,131.6,129.5,,,,
장지훈,2021,2021-10-07,한화,132.4,,140.5,,,127.2,128.6,,,,
장지훈,2021,2021-10-09,롯데,135.5,,140.6,,,130.0,130.0,138.0,,,
장지훈,2021,2021-10-16,롯데,132.0,,142.0,,,131.0,128.8,,,,
장지훈,2021,2021-10-17,롯데,133.2,,139.0,,,126.5,127.8,,,,
장지훈,2021,2021-10-20,NC,135.2,,138.5,,,132.0,128.5,,,,
장지훈,2021,2021-10-22,두산,133.8,,138.9,,,127.8,125.5,,,,
장지훈,2021,2021-10-26,NC,133.5,,139.2,,,130.5,127.3,,,,
장지훈,2021,2021-10-30,KT,134.7,,140.3,,,130.2,128.3,,,,
전영준,2022,2022-05-28,KIA,140.8,,144.5,,120.0,134.0,124.0,,,,
전영준,2022,2022-06-12,한화,138.1,,143.6,,118.5,132.2,129.0,,129.5,,
전영준,2022,2022-07-06,롯데,135.3,,141.0,,116.0,131.7,,,124.7,,
전영준,2022,2022-10-08,삼성,139.6,,146.1,,121.5,132.5,131.0,,,,
정동윤,2024,2024-09-24,LG,131.4,,143.9,,119.7,,126.0,,,,
정동윤,2024,2024-09-25,NC,131.5,,143.0,,120.0,,,,,,
정동윤,2024,2024-09-30,키움,128.8,,142.5,,117.0,,,,,,
정동윤,2021,2021-09-25,KIA,137.1,,141.6,,,125.0,129.1,,,,
조병현,2024,2024-03-26,한화,145.0,,147.7,,125.0,,,,135.3,,
조병현,2024,2024-03-27,한화,145.3,,146.3,,,,,,134.0,,
조병현,2024,2024-03-29,삼성,137.3,,145.3,,125.3,,,,133.3,,
조병현,2024,2024-03-30,삼성,140.4,,144.4,,126.0,,,,132.0,,
조병현,2024,2024-04-03,두산,142.1,,146.9,,125.7,,,,133.0,,
조병현,2024,2024-04-04,두산,140.6,,145.7,,127.8,,,,133.0,,
조병현,2024,2024-04-09,키움,141.1,,145.8,,124.8,,,,132.0,,
조병현,2024,2024-04-10,키움,143.0,,146.6,,125.0,,,,,,
조병현,2024,2024-04-14,KT,141.3,,146.8,142.0,127.2,,,,135.0,,
조병현,2024,2024-04-16,KIA,145.9,,148.3,135.0,127.0,,,,,,
조병현,2024,2024-04-18,KIA,142.8,,148.6,,127.0,,,,134.7,,
조병현,2024,2024-04-21,LG,143.5,,147.5,,,,,,133.9,,
조병현,2024,2024-04-24,롯데,139.6,,145.7,,126.0,131.0,,,131.4,,
조병현,2024,2024-04-26,KT,136.8,,146.8,,127.8,,,,133.6,,
조병현,2024,2024-05-01,한화,139.7,,146.0,,,128.0,,,133.0,,
조병현,2024,2024-05-02,한화,137.6,,145.4,140.0,123.5,,,,130.8,,
조병현,2024,2024-05-04,NC,140.4,,144.7,,124.0,,,,131.5,,
조병현,2024,2024-05-07,LG,143.1,,147.2,,,,,,134.8,,
조병현,2024,2024-05-09,LG,141.8,,145.6,,,125.0,,,133.0,,
조병현,2024,2024-05-10,KIA,143.6,,145.4,,,,,,132.7,,
조병현,2024,2024-05-12,KIA,139.8,,144.5,,,,,,132.0,,
조병현,2024,2024-05-16,삼성,144.5,,147.3,,,,,,134.2,,
조병현,2024,2024-05-17,키움,143.3,,146.9,142.0,,,,,135.3,,
조병현,2024,2024-05-19,키움,136.1,,147.2,,127.0,,,,135.0,,
조병현,2024,2024-05-22,두산,130.0,,,,128.0,,,,136.0,,
조병현,2024,2024-05-24,한화,135.8,,144.8,,125.8,,,,132.0,,
조병현,2024,2024-05-25,한화,137.8,,144.8,,124.0,,,,132.2,,
조병현,2024,2024-05-30,LG,139.9,,145.4,,125.5,,,,135.0,,
조병현,2024,2024-05-31,키움,139.9,,147.5,,124.3,,,,135.0,,
조병현,2024,2024-06-04,삼성,137.8,,147.2,,127.0,,,,135.0,,
조병현,2024,2024-06-07,롯데,138.3,,146.3,,126.0,,,,133.6,,
조병현,2024,2024-06-09,롯데,138.6,,146.0,,125.4,,,,133.5,,
조병현,2024,2024-06-11,KIA,140.3,,147.8,,125.0,,,,133.7,,
조병현,2024,2024-06-13,KIA,137.5,,147.8,,122.5,,,,133.4,,
조병현,2024,2024-06-15,한화,144.5,,145.6,,,,,,132.0,,
조병현,2024,2024-06-18,삼성,135.5,,145.3,,125.5,,,,131.9,,
조병현,2024,2024-06-20,삼성,137.5,,145.6,,,,,,132.4,,
조병현,2024,2024-06-21,NC,139.9,,147.8,,123.0,,,,133.5,,
조병현,2024,2024-06-23,NC,141.6,,147.4,,,,,,133.7,,
조병현,2024,2024-06-26,KT,140.1,,148.4,,128.5,,,,134.0,,
조병현,2024,2024-06-29,두산,141.1,,147.3,,128.0,,,,135.2,,
조병현,2024,2024-06-30,두산,136.9,,149.4,,127.2,,,,134.6,,
조병현,2024,2024-07-03,NC,137.0,,149.0,,128.0,,,,133.4,,
조병현,2024,2024-07-04,NC,140.7,,149.0,,125.0,,,,134.0,,
조병현,2024,2024-07-09,롯데,143.2,,149.9,,128.0,,,,134.5,,
조병현,2024,2024-07-11,롯데,137.0,,150.0,,,,,,135.1,,
조병현,2024,2024-07-13,KIA,144.0,,149.6,,130.5,133.0,,,135.2,,
조병현,2024,2024-07-21,키움,143.7,,149.0,,125.5,,,,135.5,,
조병현,2024,2024-07-24,KT,141.0,,146.2,,127.0,,,,133.0,,
조병현,2024,2024-07-27,두산,142.2,,147.6,,128.0,,,,134.3,,
조병현,2024,2024-07-28,두산,139.1,,148.8,,127.0,,,,133.9,,
조병현,2024,2024-07-31,롯데,141.6,,148.3,,126.0,,,,135.8,,
조병현,2024,2024-08-01,롯데,141.1,,146.6,,127.0,,,,134.0,,
조병현,2024,2024-08-02,삼성,136.4,,144.7,,126.5,132.0,,,132.9,,
조병현,2024,2024-08-06,키움,139.1,,144.9,,126.0,,,,133.3,,
조병현,2024,2024-08-09,두산,141.8,,148.6,,128.0,,,,135.6,,
조병현,2024,2024-08-11,두산,142.4,,147.3,,127.0,,,,135.2,,
조병현,2024,2024-08-13,NC,146.4,,147.8,,,,,,135.0,,
조병현,2024,2024-08-18,한화,142.8,,148.9,,126.5,,,,135.3,,
조병현,2024,2024-08-21,LG,143.8,,146.2,,,,,,133.3,,
조병현,2024,2024-08-25,KT,142.2,,147.3,,,,,,133.4,,
조병현,2024,2024-08-29,KIA,142.5,,146.8,,,,,,133.4,,
조병현,2024,2024-09-05,LG,150.1,,150.1,,,,,,,,
조병현,2024,2024-09-07,롯데,140.2,,146.2,,,,,,133.5,,
조병현,2024,2024-09-10,한화,145.4,,147.8,,,,,,131.5,,
조병현,2024,2024-09-14,삼성,147.3,,149.3,,,,,,134.5,,
조병현,2024,2024-09-15,삼성,146.8,,148.9,,,,,,135.0,,
조병현,2024,2024-09-17,KIA,144.8,,148.5,,,,,,135.0,,
조병현,2024,2024-09-19,키움,148.3,,148.3,,,,,,,,
조병현,2024,2024-09-21,KT,144.7,,146.4,,,,,,132.0,,
조병현,2024,2024-09-22,KT,145.2,,146.4,,,,,,131.0,,
조병현,2024,2024-09-25,NC,143.1,,145.0,,,,,,130.5,,
조병현,2024,2024-09-28,한화,142.9,,143.7,,,,,,129.0,,
조병현,2024,2024-09-30,키움,146.7,,146.7,,,,,,,,
조병현,2021,2021-09-24,롯데,134.1,,140.7,,114.7,130.8,133.0,,,,
조병현,2021,2021-10-01,NC,133.5,,139.3,,115.0,128.9,126.0,,,,
조병현,2021,2021-10-07,한화,139.0,,142.6,,111.0,132.0,,,,,
조요한,2022,2022-04-23,한화,150.5,,153.4,,,147.0,,,,,
조요한,2022,2022-04-26,롯데,144.7,,148.1,,130.5,145.0,,,,,
조요한,2022,2022-04-27,롯데,146.3,,151.8,,129.0,145.8,,,,,
조요한,2022,2022-04-29,두산,149.3,,153.2,,129.5,145.4,,,,,
조요한,2022,2022-05-03,한화,147.5,,153.6,,129.0,146.3,,,,,
조요한,2022,2022-05-04,한화,149.5,,154.2,,129.0,147.3,,,,,
조요한,2022,2022-05-08,키움,147.4,,155.0,,,146.5,,,,,
조요한,2022,2022-05-10,삼성,153.8,,154.5,,,148.0,,,,,
조요한,2022,2022-05-11,삼성,151.4,,153.6,,131.0,148.0,,,,,
조요한,2022,2022-05-14,NC,149.6,,150.5,,135.0,148.8,,,,,
조요한,2022,2022-05-15,NC,152.0,,152.0,,,,,,,,
조요한,2022,2022-05-17,두산,150.2,,154.7,,,148.3,,,,,
조요한,2022,2022-05-18,두산,151.5,,153.0,,,150.2,,,,,
조요한,2022,2022-05-21,LG,150.5,,156.1,,132.5,143.0,,,,,
조요한,2022,2022-05-22,LG,149.5,,154.0,,,145.0,,,,,
조요한,2022,2022-05-24,롯데,154.2,,154.9,,,149.0,,,,,
조요한,2022,2022-05-29,KIA,151.6,,156.0,,,150.8,,,,,
조요한,2022,2022-06-02,KT,152.2,,155.9,,,149.6,,,,,
조요한,2022,2022-08-06,삼성,151.7,,152.8,,,145.0,,,,,
조요한,2022,2022-08-07,삼성,150.9,,152.0,,,147.5,,,,,
조요한,2022,2022-09-09,KIA,152.5,,155.1,149.0,,,,,,,
조요한,2022,2022-10-06,NC,150.9,,155.2,,,148.2,,,,,
조요한,2022,2022-10-08,삼성,151.0,,156.7,148.2,,,,,,,
조요한,2021,2021-08-13,KIA,152.6,,153.8,,,145.5,,,,,
조요한,2021,2021-08-19,NC,152.0,,154.2,,,132.7,,,,,
조요한,2021,2021-08-24,삼성,151.3,,152.9,,,132.0,,,,,
조요한,2021,2021-08-25,KT,147.0,,152.1,,132.4,140.1,,,,,
조요한,2021,2021-09-02,두산,147.0,,153.0,,132.8,145.0,,,,,
조요한,2021,2021-09-12,KT,145.6,,148.2,,,134.4,,,,,
최민준,2024,2024-03-26,한화,137.1,,142.5,,124.4,137.6,,,,,
최민준,2024,2024-03-28,한화,136.2,,144.1,,123.8,137.8,,,,,
최민준,2024,2024-03-31,삼성,133.1,,140.9,,122.4,136.4,,,133.0,,
최민준,2024,2024-04-04,두산,137.9,,142.9,138.1,122.9,134.0,,,134.2,,
최민준,2024,2024-04-06,NC,135.1,,143.5,,123.8,138.0,,,134.7,,
최민준,2024,2024-04-11,키움,135.5,,140.8,140.5,122.5,,,,134.2,,
최민준,2024,2024-04-13,KT,134.0,,142.2,137.5,122.6,135.0,,,134.6,,
최민준,2024,2024-04-17,KIA,134.0,,143.0,139.8,123.1,,,,134.9,,
최민준,2024,2024-04-30,한화,133.1,,140.6,137.3,118.6,134.6,,,130.7,,
최민준,2024,2024-05-01,한화,133.6,,140.0,,120.4,135.8,,,135.0,,
최민준,2024,2024-05-04,NC,135.3,,141.7,,122.9,139.0,,,129.7,,
최민준,2024,2024-05-08,LG,130.9,,142.0,,121.5,137.7,,,,,
최민준,2024,2024-05-10,KIA,135.1,,142.1,,123.8,138.0,,,134.0,,
최민준,2024,2024-05-12,KIA,138.0,,142.2,138.8,,136.2,,,133.7,,
최민준,2024,2024-05-14,삼성,139.7,,142.8,,120.0,139.3,,,133.0,,
최민준,2024,2024-05-16,삼성,129.8,,,,121.5,138.0,,,,,
최민준,2024,2024-05-17,키움,135.7,,141.7,137.8,122.5,133.0,,,131.4,134.0,
최민준,2024,2024-05-19,키움,135.8,,142.2,139.2,118.0,,,,134.3,,
최민준,2024,2024-05-23,두산,134.9,,143.0,136.0,120.5,125.5,,,133.3,,
최민준,2024,2024-05-25,한화,135.5,,142.2,137.5,122.0,132.0,,,133.3,,
최민준,2024,2024-05-28,LG,135.9,,144.5,136.2,115.3,133.5,,,,,
최민준,2024,2024-05-29,LG,137.8,,142.2,137.3,124.0,135.1,,,,,
최민준,2024,2024-06-01,키움,136.0,,143.4,137.0,116.5,,,,,,
최민준,2024,2024-06-07,롯데,131.8,,140.5,137.8,120.2,134.7,,,131.5,,
최민준,2024,2024-06-11,KIA,135.6,,141.8,138.0,119.8,133.5,,,134.8,,
최민준,2024,2024-06-13,KIA,133.7,,142.2,,121.8,133.8,,,132.0,,
최민준,2024,2024-06-15,한화,133.0,,140.4,,116.7,133.1,,,131.5,,
최민준,2024,2024-06-16,한화,133.2,,140.6,,120.8,134.5,,,131.4,,
최민준,2024,2024-06-19,삼성,134.0,,140.5,138.3,114.0,132.0,,,130.8,,
최민준,2024,2024-06-23,NC,133.4,,141.8,138.0,123.6,131.8,,,134.0,,
최민준,2024,2024-07-12,KIA,135.5,,142.2,139.2,121.2,136.0,,,129.0,,
최민준,2023,2023-04-01,KIA,141.9,,145.1,,124.5,141.4,,,,,
최민준,2023,2023-04-07,한화,136.7,,141.4,,123.0,139.0,,,,,
최민준,2023,2023-04-08,한화,138.8,,142.1,,124.0,140.0,,,,,
최민준,2023,2023-04-09,한화,135.7,,143.8,,123.0,139.7,,,,,
최민준,2023,2023-04-11,삼성,133.8,,142.3,,122.3,138.3,,,131.5,,
최민준,2023,2023-04-13,삼성,137.9,,141.1,,122.0,139.8,,,,,
최민준,2023,2023-04-15,NC,135.4,,141.8,,123.4,140.0,,,,,
최민준,2023,2023-04-18,KT,142.3,,145.3,,123.0,142.4,,,,,
최민준,2023,2023-04-20,KT,141.5,,144.6,,123.5,140.6,136.0,,,,
최민준,2023,2023-04-22,키움,137.3,,142.6,,125.3,140.0,,,133.0,,
최민준,2023,2023-04-23,키움,141.1,,144.5,,125.3,141.9,,,138.0,,
최민준,2023,2023-04-26,LG,138.4,,145.0,,125.5,141.5,135.0,,,,
최민준,2023,2023-04-27,LG,139.5,,143.7,,125.7,140.9,132.0,,,,
최민준,2023,2023-04-29,두산,139.3,,144.5,,123.0,137.7,,,,,
최민준,2023,2023-05-03,KT,136.7,,144.0,,123.5,139.8,,,,,
최민준,2023,2023-05-07,키움,137.9,,143.2,,123.2,140.0,,,,,
최민준,2023,2023-05-19,롯데,136.6,,141.8,,122.2,139.3,,,124.0,,
최민준,2023,2023-05-21,롯데,138.2,,143.8,,122.0,137.4,,,,,
최민준,2023,2023-05-24,LG,135.2,,144.2,,124.3,139.5,,,,,
최민준,2023,2023-05-26,두산,137.8,,144.2,,123.2,138.0,,,,,
최민준,2023,2023-05-31,삼성,137.4,,143.6,,125.0,136.4,,,,,
최민준,2023,2023-06-02,키움,135.9,,145.0,,124.4,138.8,,,,,
최민준,2023,2023-06-04,키움,136.2,,143.4,,122.7,139.6,,,,,
최민준,2023,2023-06-08,KIA,135.4,,144.8,,124.8,139.4,,,,,
최민준,2023,2023-06-11,NC,134.3,,143.0,,123.2,138.0,,,136.0,,
최민준,2023,2023-06-15,KT,133.6,,143.2,,123.7,138.8,,,,,
최민준,2023,2023-06-17,롯데,136.9,,145.1,,124.2,139.4,,,,,
최민준,2023,2023-06-20,두산,133.8,,143.2,,123.3,138.1,,,134.0,,
최민준,2023,2023-06-22,두산,134.1,,143.3,,119.8,134.9,,,,,
최민준,2023,2023-08-08,NC,131.2,,143.0,,121.0,137.7,,,,,
최민준,2023,2023-08-09,NC,133.2,,143.0,,119.0,137.5,,,,,
최민준,2023,2023-08-11,삼성,131.3,,141.0,,121.0,138.3,,,,,
최민준,2023,2023-08-13,삼성,132.7,,143.0,,121.8,139.5,,,,,
최민준,2023,2023-08-15,롯데,132.0,140.0,142.5,,121.0,137.5,,,,,
최민준,2023,2023-08-16,롯데,134.9,,141.8,,119.0,138.0,,,133.0,,
최민준,2023,2023-08-18,LG,135.0,,141.9,,122.4,137.4,,,133.5,,
최민준,2023,2023-08-26,두산,132.1,,142.0,,120.3,137.2,,,,,
최민준,2023,2023-08-27,두산,137.1,,142.0,,123.0,137.4,,,135.7,,
최민준,2023,2023-08-30,키움,134.7,,142.2,,120.8,138.6,133.0,,,,
최민준,2023,2023-08-31,키움,136.6,,141.5,138.0,124.0,,,,,,
최민준,2023,2023-09-16,LG,132.3,,140.7,,120.8,136.8,131.5,,,,
최민준,2023,2023-09-24,롯데,133.9,,142.5,,123.6,139.0,,,,,
최민준,2023,2023-09-27,두산,139.7,,142.4,,122.0,136.0,,,,,
최민준,2023,2023-09-28,키움,133.6,,144.0,,123.6,139.9,,,,,
최민준,2023,2023-10-01,KIA,135.5,,142.4,,123.7,138.6,,,,,
최민준,2023,2023-10-03,NC,133.8,,140.8,,121.8,137.2,,,,,
최민준,2023,2023-10-04,NC,134.9,,142.2,,122.8,138.8,,,,,
최민준,2023,2023-10-05,NC,135.7,,144.0,,123.7,139.7,,,135.0,,
최민준,2023,2023-10-07,NC,134.9,,145.2,,123.9,141.0,,,134.0,,
최민준,2023,2023-10-08,NC,134.7,,144.0,,121.0,137.4,,,,,
최민준,2023,2023-10-10,KIA,133.5,,144.0,,123.8,139.2,,,,,
최민준,2023,2023-10-14,삼성,135.0,,144.3,,124.8,139.6,,,135.0,,
최민준,2023,2023-10-17,두산,136.3,,143.2,,124.2,139.5,,,,,
최민준,2023,2023-10-23,NC,136.0,,142.7,,124.4,138.6,,,,,
최민준,2023,2023-10-25,NC,132.5,,142.5,,122.7,138.0,,,,,
최민준,2022,2022-04-09,KIA,135.2,,138.8,,121.0,135.2,134.0,,,,
최민준,2022,2022-04-10,KIA,130.3,,138.4,,120.2,133.1,,,,,
최민준,2022,2022-04-14,LG,130.5,,140.6,,119.8,133.4,132.8,,,,
최민준,2022,2022-04-19,키움,132.3,,137.9,,117.2,133.7,,,,,
최민준,2022,2022-04-22,한화,131.5,,138.6,,121.7,134.0,,,,,
최민준,2022,2022-05-06,키움,133.0,,142.2,,122.4,134.3,,,,,
최민준,2022,2022-05-17,두산,137.2,,143.2,,125.2,138.4,,,,,
최민준,2022,2022-05-20,LG,136.5,,140.2,,124.0,136.7,,,,,
최민준,2022,2022-05-21,LG,134.4,,139.2,,121.5,135.5,,,,,
최민준,2022,2022-05-26,롯데,132.9,,141.4,,122.4,135.9,,,,,
최민준,2022,2022-05-29,KIA,138.1,,142.8,,123.0,135.4,133.0,,,,
최민준,2022,2022-05-31,KT,137.3,,142.0,,123.5,137.9,,,,,
최민준,2022,2022-06-01,KT,138.9,,141.4,,,137.1,,,,,
최민준,2022,2022-06-08,NC,138.6,,139.0,,,138.3,,,,,
최민준,2022,2022-06-09,NC,134.5,,140.2,,123.2,136.4,,,,,
최민준,2022,2022-06-12,한화,136.9,,141.4,,124.9,139.1,,,,,
최민준,2022,2022-06-14,KT,136.8,,139.3,,,133.0,,,,,
최민준,2022,2022-06-16,KT,138.9,,140.7,,,136.2,,,,,
최민준,2022,2022-06-18,롯데,136.2,,142.8,,123.0,136.2,,,,,
최민준,2022,2022-06-19,롯데,136.5,,141.4,,123.7,136.9,,,,,
최민준,2022,2022-06-21,두산,137.6,,142.5,,125.0,138.2,,,,,
최민준,2022,2022-06-22,두산,136.9,,143.7,,126.0,137.5,,,,,
최민준,2022,2022-06-25,NC,137.0,,140.2,,124.0,,,,,,
최민준,2022,2022-06-28,한화,141.3,,141.3,,,,,,,,
최민준,2022,2022-06-29,한화,132.5,,142.7,,124.4,135.4,,,,,
최민준,2022,2022-07-01,KIA,131.4,,141.0,,123.0,132.5,,,,,
최민준,2022,2022-07-06,롯데,130.0,,140.4,,121.8,132.0,,,,,
최민준,2022,2022-07-09,삼성,131.3,,140.4,,120.2,134.8,,,,,
최민준,2022,2022-07-10,삼성,133.3,,139.3,,119.8,136.7,,,,,
최민준,2022,2022-07-26,LG,131.6,,141.6,,121.4,135.0,134.2,,,,
최민준,2022,2022-07-29,KIA,132.7,,141.8,,122.6,137.6,133.0,,,,
최민준,2022,2022-07-31,KIA,137.2,,141.3,,118.0,136.4,,,,,
최민준,2022,2022-08-02,키움,131.4,,140.0,,119.0,134.2,,,,,
최민준,2022,2022-08-04,키움,134.1,,142.8,,124.7,132.0,,,,,
최민준,2022,2022-08-05,삼성,129.1,,141.5,,122.0,131.7,,,,,
최민준,2022,2022-08-06,삼성,132.5,,140.3,,120.2,135.5,,,,,
최민준,2022,2022-08-11,KT,128.5,,,,120.8,133.0,,,,,
최민준,2022,2022-08-12,KT,133.8,,140.0,,119.5,135.3,,,,,
최민준,2022,2022-08-18,LG,134.1,,139.4,,120.5,135.0,,,,,
최민준,2022,2022-08-20,키움,136.9,,140.7,,123.3,139.3,,,,,
최민준,2022,2022-08-24,삼성,132.6,,139.0,,120.9,135.5,,,,,
최민준,2022,2022-08-26,KT,132.9,,136.3,,117.0,133.9,,,,,
최민준,2022,2022-08-27,롯데,135.4,,140.5,,123.5,136.9,,,,,
최민준,2022,2022-09-08,KIA,134.0,,141.2,,121.7,137.4,135.0,,,,
최민준,2022,2022-09-10,한화,133.9,,139.6,,118.7,135.1,,,,,
최민준,2022,2022-09-16,NC,138.5,,143.0,,124.0,140.2,,,,,
최민준,2022,2022-09-21,KT,136.6,,141.5,,122.5,137.0,,,,,
최민준,2022,2022-09-23,한화,136.7,,143.0,,123.5,139.2,,,,,
최민준,2022,2022-09-24,두산,137.0,,142.7,,124.7,139.4,,,,,
최민준,2022,2022-10-03,한화,133.8,,141.0,,121.5,140.2,,,,,
최민준,2022,2022-10-06,NC,134.8,,139.4,,122.4,136.5,133.0,,128.7,,
최민준,2021,2021-04-27,KT,136.4,,142.8,,121.4,131.7,134.8,,,,
최민준,2021,2021-04-30,두산,134.9,,144.1,,123.0,133.1,,,,,
최민준,2021,2021-05-02,두산,136.2,,144.6,,122.0,134.5,134.0,,,,
최민준,2021,2021-05-05,NC,133.5,,143.8,,121.3,132.3,133.0,,,,
최민준,2021,2021-05-06,NC,135.0,,142.8,,121.0,132.0,131.0,,,,
최민준,2021,2021-05-09,키움,133.9,,143.5,,122.9,131.8,132.0,,,,
최민준,2021,2021-05-11,롯데,135.3,,143.4,,122.2,132.6,,,,,
최민준,2021,2021-05-14,두산,138.3,,142.4,,121.0,134.0,,,,,
최민준,2021,2021-05-17,두산,137.1,,143.2,,120.0,135.0,134.5,,,,
최민준,2021,2021-05-18,KIA,137.3,,142.2,,122.5,132.6,,,,,
최민준,2021,2021-05-21,LG,139.4,,142.8,,120.0,134.7,,,,,
최민준,2021,2021-05-22,LG,138.1,,143.9,,122.0,134.1,135.0,,,,
최민준,2021,2021-05-26,KT,136.5,,140.8,,121.0,134.8,,,,,
최민준,2021,2021-05-27,KT,137.5,,140.1,,,134.3,129.0,,,,
최민준,2021,2021-05-29,한화,136.1,,141.4,,121.0,134.4,132.0,,,,
최민준,2021,2021-06-02,삼성,138.1,,142.9,,120.0,135.0,,,,,
최민준,2021,2021-06-04,두산,137.7,,143.9,,123.3,137.8,,,,,
최민준,2021,2021-06-08,KT,133.5,,139.8,,120.8,133.7,,,,,
최민준,2021,2021-06-11,키움,136.6,,143.4,,123.0,133.0,133.0,,,,
최민준,2021,2021-06-13,키움,134.4,,141.8,,121.7,133.3,133.0,,,,
최민준,2021,2021-06-16,KIA,136.2,,142.1,,119.0,131.7,,,,,
최민준,2021,2021-06-19,한화,139.9,,144.4,,121.2,137.0,,,,,
최민준,2021,2021-06-25,NC,137.9,,143.6,,118.0,138.7,135.0,,,,
최민준,2021,2021-06-26,NC,138.2,,143.9,,121.2,139.5,132.7,,,,
최민준,2021,2021-07-01,삼성,137.6,,142.7,,122.6,137.6,134.0,,,,
최민준,2021,2021-07-08,키움,135.4,,141.8,,121.8,136.3,133.8,,,,
최민준,2021,2021-08-18,NC,134.3,,141.8,,122.6,131.4,134.1,,,,
최민준,2021,2021-08-25,KT,135.5,,140.4,,121.9,133.5,133.7,,,,
최민준,2021,2021-09-01,NC,134.7,,141.0,,121.2,132.1,136.0,,,,
최민준,2021,2021-09-08,LG,134.6,,141.3,,122.5,131.4,133.8,,,,
최민준,2021,2021-09-14,한화,133.7,,140.1,,121.2,132.1,131.8,,,,
최민준,2021,2021-09-19,삼성,135.9,,141.5,,122.9,136.9,,,,,
최민준,2021,2021-09-25,KIA,133.2,,139.5,,121.1,135.0,132.0,,,,
최민준,2021,2021-10-05,LG,137.1,,142.2,,122.2,137.4,137.0,,,,
최민준,2021,2021-10-12,LG,134.9,,140.4,,121.9,134.8,132.4,,,,
최민준,2021,2021-10-19,KIA,136.0,,139.6,,122.0,134.7,133.2,,,,
최민준,2021,2021-10-26,NC,132.9,,139.9,,120.9,133.6,132.0,,,,
최민준,2021,2021-10-30,KT,135.1,,140.2,,122.6,134.6,,,,,
최현석,2024,2024-05-14,삼성,137.6,,141.1,,,129.0,128.0,,,,
최현석,2024,2024-08-15,NC,140.9,,145.4,,117.0,133.4,,,,,
한두솔,2024,2024-03-26,한화,134.8,,145.3,,118.0,131.0,,,,,
한두솔,2024,2024-03-27,한화,137.5,,145.0,,,132.5,,,,,
한두솔,2024,2024-03-31,삼성,135.7,,142.2,,,130.4,,,,,
한두솔,2024,2024-04-02,두산,137.5,,144.8,,,130.2,,,,,
한두솔,2024,2024-04-04,두산,134.7,,145.0,,,129.5,,,,,
한두솔,2024,2024-04-05,NC,136.5,,144.9,,,130.9,,,,,
한두솔,2024,2024-04-07,NC,136.5,,145.0,,119.0,130.2,,,,,
한두솔,2024,2024-04-11,키움,137.6,,146.0,,,130.7,,,,,
한두솔,2024,2024-04-12,KT,135.0,,142.9,,,129.3,,,,,
한두솔,2024,2024-04-16,KIA,131.8,,142.3,,,126.5,,,,,
한두솔,2024,2024-04-19,LG,138.4,,145.7,,116.0,129.9,,,,,
한두솔,2024,2024-04-21,LG,139.7,,144.5,,,125.0,,,,,
한두솔,2024,2024-04-24,롯데,137.9,,146.5,,,129.2,,,,,
한두솔,2024,2024-04-25,롯데,133.1,,144.8,,116.0,129.0,,,,,
한두솔,2024,2024-04-27,KT,134.6,,146.6,,112.0,127.9,,,,,
한두솔,2024,2024-04-28,KT,136.1,,145.7,,,132.0,,,,,
한두솔,2024,2024-04-30,한화,138.4,,142.8,,,129.0,,,,,
한두솔,2024,2024-05-03,NC,141.2,,146.4,,,130.2,,,,,
한두솔,2024,2024-05-07,LG,138.3,,142.3,,,126.0,,,,,
한두솔,2024,2024-05-12,KIA,138.6,,144.4,,,130.6,,,,,
한두솔,2024,2024-05-14,삼성,133.5,,145.9,,118.5,131.8,,,,,
한두솔,2024,2024-05-16,삼성,134.6,,145.2,,,131.9,,,,,
한두솔,2024,2024-05-18,키움,131.9,,145.8,,112.0,129.8,,,,,
한두솔,2024,2024-05-21,두산,132.1,,146.5,,,129.5,,,,,
한두솔,2024,2024-05-23,두산,132.6,,147.5,,,130.1,,,,,
한두솔,2024,2024-05-24,한화,136.7,,148.0,,,131.0,,,,,
한두솔,2024,2024-05-28,LG,133.4,,146.7,,,128.4,,,,,
한두솔,2024,2024-05-29,LG,138.8,,144.6,,,129.0,,,,,
한두솔,2024,2024-06-01,키움,133.8,,146.6,,,128.9,,,,,
한두솔,2024,2024-06-02,키움,136.3,,146.9,,121.0,129.0,,,,,
한두솔,2024,2024-06-05,삼성,135.5,,145.5,,,130.5,,,,,
한두솔,2024,2024-06-06,삼성,134.1,,147.0,,117.0,132.0,,,,,
한두솔,2024,2024-06-09,롯데,132.4,,145.0,,,128.9,,,,,
한두솔,2024,2024-06-12,KIA,133.7,,148.2,,116.5,129.7,,,,,
한두솔,2024,2024-06-14,한화,131.9,,146.2,,114.0,129.3,122.0,,,,
한두솔,2024,2024-06-15,한화,132.9,,145.8,,115.0,129.1,116.0,,,,
한두솔,2024,2024-06-20,삼성,135.4,,144.5,,,130.1,,,,,
한두솔,2024,2024-06-23,NC,116.8,,,,105.5,128.0,,,,,
한두솔,2024,2024-06-25,KT,136.7,,147.2,,112.0,133.3,,135.0,,,
한두솔,2024,2024-06-27,KT,138.0,,146.5,,,132.3,,,,,
한두솔,2024,2024-07-10,롯데,143.7,,147.5,,,132.2,,,,,
한두솔,2024,2024-07-12,KIA,133.2,,146.9,,,127.9,,,,,
한두솔,2024,2024-07-14,KIA,138.2,,145.3,,,129.2,,,,,
한두솔,2024,2024-07-17,LG,141.6,,145.5,,,130.7,,,,,
한두솔,2024,2024-07-19,키움,134.9,,146.0,,121.0,131.7,,,,,
한두솔,2024,2024-07-25,KT,138.4,,147.4,,122.0,131.5,,,,,
한두솔,2024,2024-07-30,롯데,135.3,,146.7,,,130.4,,,,,
한두솔,2024,2024-07-31,롯데,139.2,,146.0,,120.0,128.5,,,,,
한두솔,2024,2024-08-01,롯데,133.0,,145.0,,113.0,129.8,,,,,
한두솔,2024,2024-08-03,삼성,134.9,,142.4,,114.5,126.9,,,,,
한두솔,2024,2024-08-04,삼성,133.6,,143.4,,110.0,128.0,,,,,
한두솔,2024,2024-08-09,두산,135.4,,145.0,,114.5,130.4,,,,,
한두솔,2024,2024-08-11,두산,139.2,,145.2,,,130.6,,,,,
한두솔,2024,2024-08-15,NC,136.3,,145.8,,,129.6,,,,,
한두솔,2024,2024-08-16,한화,132.6,,146.0,,,130.9,,,,,
한두솔,2024,2024-08-17,한화,136.4,,148.0,,,131.2,,,,,
한두솔,2024,2024-08-22,LG,139.6,,144.6,,,131.3,,,,,
한두솔,2024,2024-08-23,KT,136.9,,145.5,,,133.1,,,,,
한두솔,2024,2024-08-28,KIA,140.0,,145.8,,,132.2,,,,,
한두솔,2024,2024-08-31,NC,136.4,,144.3,,,129.8,,,,,
한두솔,2024,2024-09-08,롯데,139.6,,145.9,,,132.2,,,,,
한두솔,2024,2024-09-11,롯데,145.4,,147.4,,,130.0,,,,,
한두솔,2024,2024-09-15,삼성,146.0,,146.0,,,,,,,,
한두솔,2024,2024-09-19,키움,140.6,,145.8,,,132.0,,,,,
한두솔,2024,2024-09-22,KT,138.8,,145.0,,,132.7,,,,,
한두솔,2024,2024-09-23,두산,137.1,,144.2,,,130.0,,,,,
한두솔,2024,2024-09-25,NC,137.0,,142.8,,,128.2,,,,,
한두솔,2024,2024-09-30,키움,142.1,,147.1,,,129.1,,,,,
한두솔,2023,2023-04-16,NC,132.2,,142.5,,111.0,130.1,,,,,
한두솔,2022,2022-05-06,키움,145.0,,147.0,,,137.0,,,,,
한두솔,2022,2022-05-12,삼성,142.7,,146.3,,,136.5,,,,,
한두솔,2022,2022-05-17,두산,145.6,,147.0,,,136.0,,,,,
한두솔,2022,2022-06-03,LG,139.3,,147.0,,,134.9,,,,,
한두솔,2022,2022-06-08,NC,142.3,,146.1,,,135.8,,,,,
한두솔,2022,2022-06-12,한화,141.9,,147.0,,,136.9,,,,,
한두솔,2022,2022-06-15,KT,138.0,,147.0,,,135.0,,,,,
한두솔,2022,2022-06-21,두산,141.4,,145.5,,,134.9,,,,,
백정현,2024,2024.3.26,LG,127.9,,136.9,,114.0,125.9,129.5,,,,
백정현,2024,2024.3.31,SSG,128.7,,135.9,,115.3,124.1,124.8,,,,
백정현,2024,2024.6.23,두산,128.8,,137.6,,114.2,127.8,125.0,,,,
백정현,2024,2024.7.4,KIA,129.6,,138.8,,115.5,127.4,128.0,,,,
백정현,2024,2024.7.12,두산,130.2,,137.0,,114.8,128.1,125.5,,,,
백정현,2024,2024.7.19,롯데,129.0,,137.4,,117.0,125.9,125.5,,,,
백정현,2024,2024.7.26,KT,131.0,130.0,136.8,,116.3,126.9,124.7,,,,
백정현,2024,2024.8.1,LG,132.7,,138.6,,116.2,125.8,127.4,,,,
백정현,2024,2024.8.7,한화,130.4,,136.9,,117.2,125.0,124.3,,,,
백정현,2024,2024.8.13,KT,131.0,,137.2,,116.0,127.5,124.4,,,,
백정현,2024,2024.8.18,NC,133.7,,139.7,,117.4,125.7,127.0,,,,
백정현,2024,2024.8.24,롯데,130.2,,136.9,,118.3,125.7,123.0,,,,
백정현,2024,2024.8.31,KIA,132.0,,138.0,,116.0,126.1,129.1,,,,
백정현,2024,2024.9.7,NC,131.7,,137.4,,118.1,126.4,128.4,,,,
백정현,2024,2024.9.14,SSG,132.5,,139.0,,,127.3,127.7,,,,
백정현,2024,2024.9.19,KT,135.2,134.5,140.3,,122.0,131.8,127.2,,,,
백정현,2024,2024.9.23,KIA,131.0,,140.7,,114.8,130.0,127.0,,,,
백정현,2023,2023.4.6,한화,127.8,132.3,134.6,,119.1,125.1,124.2,,,,
백정현,2023,2023.4.12,SSG,127.4,131.6,133.9,,116.5,123.2,125.5,,,,
백정현,2023,2023.4.18,키움,128.9,,134.3,,117.0,123.5,124.3,,,,
백정현,2023,2023.4.23,KIA,128.4,,133.9,,117.7,123.4,122.4,,,,
백정현,2023,2023.4.30,KT,127.9,,134.1,,116.1,123.1,122.8,,,,
백정현,2023,2023.5.12,LG,130.9,,138.8,,119.8,125.9,125.4,,,,
백정현,2023,2023.5.19,NC,130.5,,138.0,,118.3,124.7,124.7,,,,
백정현,2023,2023.5.25,두산,129.8,,137.0,,118.0,124.3,124.3,,,,
백정현,2023,2023.5.31,SSG,131.7,,138.3,,120.3,126.3,126.7,,,,
백정현,2023,2023.6.6,NC,130.0,,135.6,,122.0,126.2,124.8,,,,
백정현,2023,2023.6.11,롯데,128.8,,136.1,,119.5,126.1,123.4,,,,
백정현,2023,2023.6.17,KT,129.0,,135.5,,,123.9,124.0,,,,
백정현,2023,2023.6.23,SSG,128.9,,136.3,,122.2,126.2,126.0,,,,
백정현,2023,2023.7.30,키움,128.8,,137.1,,118.5,124.2,126.1,,,,
백정현,2023,2023.8.5,LG,130.7,,138.1,,121.0,126.2,125.5,,,,
백정현,2023,2023.8.12,SSG,127.7,,137.7,,119.2,125.4,124.8,,,,
백정현,2023,2023.8.17,LG,129.8,,138.6,,120.4,126.4,127.6,,,,
백정현,2023,2023.8.26,키움,127.3,,136.1,,117.8,124.0,124.5,,,,
백정현,2022,2022.4.10,키움,132.8,134.8,137.3,,119.3,129.6,129.0,,126.5,,
백정현,2022,2022.4.16,SSG,130.7,132.5,135.3,,118.0,127.9,123.9,,126.3,,
백정현,2022,2022.4.22,롯데,129.3,133.5,134.4,,115.8,126.1,126.5,,125.0,,
백정현,2022,2022.4.28,LG,130.5,133.1,135.3,,115.8,126.3,127.4,,,,
백정현,2022,2022.5.4,NC,130.6,133.3,136.0,,113.0,126.1,127.5,,,,
백정현,2022,2022.5.10,SSG,132.5,,137.5,,117.2,130.4,129.4,,,,
백정현,2022,2022.5.17,한화,132.4,,137.7,,119.4,130.6,129.8,,,,
백정현,2022,2022.5.22,KT,130.8,132.7,134.8,,113.5,129.0,127.5,,,,
백정현,2022,2022.5.28,LG,134.1,135.5,137.6,,121.0,131.9,130.8,,,,
백정현,2022,2022.6.16,LG,133.7,137.8,139.8,,119.2,131.2,129.5,,,,
백정현,2022,2022.6.22,키움,131.0,133.6,136.6,,121.4,130.0,128.4,,,,
백정현,2022,2022.6.28,KT,128.8,132.6,135.1,,116.5,126.4,124.8,,,,
백정현,2022,2022.7.5,LG,128.0,132.7,135.1,,119.3,126.8,126.0,,,,
백정현,2022,2022.7.10,SSG,130.5,134.7,136.1,,120.4,127.7,126.0,,,,
백정현,2022,2022.7.26,한화,130.2,134.1,135.8,,120.2,129.6,127.5,,,,
백정현,2022,2022.8.14,KT,132.5,133.4,138.2,,,126.9,128.1,,,,
백정현,2022,2022.8.21,NC,127.7,131.4,134.6,,118.1,126.3,125.9,,,,
백정현,2022,2022.8.27,한화,129.4,131.7,135.6,,119.7,128.4,126.6,,,,
백정현,2022,2022.9.3,두산,131.5,132.7,138.3,,120.7,128.6,130.1,,,,
백정현,2022,2022.9.9,롯데,131.6,132.9,138.4,,119.3,128.5,129.9,,,,
백정현,2022,2022.9.15,두산,131.1,132.4,136.0,,120.6,128.7,130.2,,,,
백정현,2022,2022.9.21,키움,130.9,131.3,134.7,,118.0,130.4,128.1,,,,
백정현,2022,2022.9.30,두산,127.9,130.5,134.9,,117.6,127.5,126.4,,,,
백정현,2022,2022.10.6,두산,129.9,131.4,135.9,,116.7,126.0,128.1,,,,
백정현,2021,2021.4.6,두산,127.8,,134.6,,112.4,125.8,126.0,,,,
백정현,2021,2021.4.11,KT,129.6,,136.2,,113.8,125.4,127.2,,,,
백정현,2021,2021.4.17,롯데,128.9,,134.2,,113.6,123.4,126.2,,,,
백정현,2021,2021.4.23,KIA,128.6,134.1,137.6,,112.9,127.2,128.3,,,,
백정현,2021,2021.4.29,NC,128.8,,135.0,,111.2,126.4,126.9,,,,
백정현,2021,2021.5.6,한화,129.6,135.8,136.1,,111.7,126.7,128.2,,,,
백정현,2021,2021.5.12,KT,127.3,130.9,134.2,,109.4,123.0,125.0,,,,
백정현,2021,2021.5.18,키움,130.4,,136.7,,114.2,125.8,128.8,,,,
백정현,2021,2021.5.26,NC,132.9,,136.8,,113.7,126.8,129.2,,,,
백정현,2021,2021.6.1,SSG,132.5,136.0,138.7,,117.6,129.4,130.6,,,,
백정현,2021,2021.6.8,KIA,132.2,131.2,136.4,,117.5,127.6,130.1,,,,
백정현,2021,2021.6.13,NC,131.8,,136.3,,116.7,127.8,129.9,,,,
백정현,2021,2021.6.19,롯데,132.9,132.3,137.6,,116.8,129.1,130.7,,,,
백정현,2021,2021.6.26,LG,131.2,134.5,135.8,,116.2,126.1,129.3,,,,
백정현,2021,2021.7.2,NC,133.7,134.0,137.5,,116.0,128.2,131.7,,,,
백정현,2021,2021.7.11,롯데,131.6,131.0,135.9,,115.5,126.4,130.0,,,,
백정현,2021,2021.8.12,두산,131.3,133.6,137.4,,118.3,128.8,129.7,,,,
백정현,2021,2021.8.18,한화,132.6,132.3,136.7,,116.7,127.2,130.6,,,,
백정현,2021,2021.8.25,LG,133.1,132.0,137.3,,116.5,128.3,126.3,,,,
백정현,2021,2021.8.31,키움,131.3,132.0,136.8,,118.0,128.0,125.0,,,,
백정현,2021,2021.9.5,두산,130.6,133.6,135.2,,118.2,127.4,129.3,,,,
백정현,2021,2021.9.11,한화,133.8,135.0,137.9,,120.7,129.4,131.8,,,,
백정현,2021,2021.9.17,KIA,135.3,136.3,139.3,,,130.3,132.5,,,,
백정현,2021,2021.9.23,LG,134.7,133.8,137.9,,120.0,128.7,132.1,,,,
백정현,2021,2021.10.16,키움,132.9,135.1,136.7,,118.0,127.6,129.4,,,,
백정현,2021,2021.10.23,KT,134.0,133.9,136.8,,120.0,129.8,129.4,,,,
백정현,2021,2021.10.29,NC,130.5,132.3,135.5,,,126.1,128.0,,,,
백정현,2021,2021.11.10,두산,134.0,134.5,138.1,,,127.0,131.7,,,,
백정현,2020,2020.5.5,NC,133.0,,138.1,,118.2,132.1,131.8,,,,
백정현,2020,2020.5.10,KIA,134.6,,137.8,,116.7,131.7,131.6,,,,
백정현,2020,2020.6.4,LG,136.8,,141.0,,117.8,133.3,133.0,,,,
백정현,2020,2020.6.10,키움,133.1,,138.5,,116.3,130.5,131.4,,,,
백정현,2020,2020.6.16,두산,134.4,,140.0,,115.9,132.1,132.4,,,,
백정현,2020,2020.6.21,KIA,131.3,,138.5,,114.6,129.3,129.2,,,,
백정현,2020,2020.6.27,롯데,133.0,,140.2,,116.0,130.4,130.9,,,,
백정현,2020,2020.7.3,LG,131.8,,138.4,,115.4,128.8,130.3,,,,
백정현,2020,2020.7.9,키움,134.1,,138.9,,118.1,132.1,130.2,,,,
백정현,2020,2020.7.15,KIA,135.3,,140.2,,119.4,132.7,132.1,,,,
백정현,2020,2020.7.21,NC,131.4,,136.6,,112.0,129.0,128.2,,,,
홍원표,2024,2024.4.12,NC,130.9,,137.7,,112.0,125.8,130.0,,,,
홍원표,2024,2024.4.17,두산,129.6,,138.9,,120.0,126.0,,,,,
홍원표,2024,2024.5.26,롯데,134.9,,139.9,,,128.2,,,,,
홍원표,2024,2024.5.29,키움,132.0,,141.5,,116.8,129.9,131.0,,,,
홍원표,2023,2023.9.27,한화,129.2,,140.5,,112.5,,,,129.0,,
홍원표,2023,2023.10.3,롯데,133.2,,140.8,,119.0,128.5,,,121.5,,
홍원표,2023,2023.10.4,한화,133.2,,138.8,,,122.4,,,123.5,,
홍원표,2020,2020.10.27,NC,130.7,,135.8,,110.0,126.3,121.0,,,,
김태훈,2024,2024.3.24,KT,133.3,,141.0,,122.0,133.0,,,,,
김태훈,2024,2024.3.27,LG,131.3,140.2,,,120.9,135.0,,,128.0,,
김태훈,2024,2024.3.28,LG,132.4,138.0,141.0,,123.0,136.0,,,128.0,,
김태훈,2024,2024.3.30,SSG,131.9,138.3,140.2,,120.0,124.0,,,126.3,,
김태훈,2024,2024.4.2,키움,135.3,140.0,141.2,,122.0,,,,125.8,,
김태훈,2024,2024.4.5,KIA,133.5,140.2,140.5,,124.0,,,,126.9,,
김태훈,2024,2024.4.7,KIA,132.9,144.0,143.0,,124.0,128.0,,,128.7,,
김태훈,2024,2024.4.9,롯데,137.5,141.0,141.2,,122.0,135.3,,,,,
김태훈,2024,2024.4.10,롯데,131.6,137.5,139.6,,122.0,,,,127.2,,
김태훈,2024,2024.4.13,NC,135.7,140.8,141.5,,123.0,,,,131.7,,
김태훈,2024,2024.4.14,NC,140.0,140.0,140.0,,,,,,,,
김태훈,2024,2024.4.18,두산,133.1,140.0,141.2,,120.0,125.3,,,130.7,,
김태훈,2024,2024.4.19,한화,134.3,141.0,139.9,,120.7,127.0,,,126.7,,
김태훈,2024,2024.4.21,한화,136.7,139.5,140.0,,121.0,,,,,,
김태훈,2024,2024.4.24,LG,138.2,141.0,143.0,,,,,,130.7,,
김태훈,2024,2024.4.27,키움,131.8,,143.5,,125.4,,,,132.7,,
김태훈,2024,2024.5.17,한화,135.1,141.0,141.8,,123.7,126.0,,,128.0,,
김태훈,2024,2024.5.18,한화,130.6,,140.0,,121.4,130.0,,,129.0,,
김태훈,2024,2024.5.22,KT,130.6,142.0,140.3,,122.5,134.0,,,126.7,,
김태훈,2024,2024.5.24,롯데,127.8,,142.0,,124.8,,,,127.0,,
김태훈,2024,2024.5.25,롯데,135.1,141.0,141.6,,125.0,,,,129.0,,
김태훈,2024,2024.5.28,키움,135.4,141.0,143.0,,123.0,,,,127.0,,
김태훈,2024,2024.5.30,키움,132.5,,142.0,,,,,,128.4,,
김태훈,2024,2024.5.31,한화,134.3,139.0,141.2,,122.7,,,,128.7,,
김태훈,2024,2024.6.2,한화,133.5,140.7,142.0,,123.8,122.0,,,131.7,,
김태훈,2024,2024.6.7,키움,136.2,,143.9,,124.0,,,,133.3,,
김태훈,2024,2024.6.9,키움,132.8,,143.7,,121.2,,,,129.5,,
김태훈,2024,2024.6.11,LG,132.7,139.0,141.2,,122.0,128.7,,,125.5,,
김태훈,2024,2024.6.12,LG,139.4,140.3,141.7,,,,,,130.0,,
김태훈,2024,2024.6.13,LG,131.7,138.5,140.7,,121.7,130.0,,,128.0,,
김태훈,2024,2024.6.16,NC,139.4,144.0,145.0,,,128.5,,,132.0,,
김태훈,2024,2024.6.19,SSG,139.1,140.5,142.6,,122.0,,,,131.0,,
김태훈,2024,2024.6.21,두산,134.0,142.0,142.3,,124.6,127.0,,,130.0,,
김태훈,2024,2024.6.23,두산,134.8,,141.6,,121.2,124.0,,,126.5,,
김태훈,2024,2024.6.26,LG,138.5,141.0,142.0,,,136.3,,,125.0,,
김태훈,2024,2024.6.28,KT,134.0,,142.1,,123.0,133.5,,,128.2,,
김태훈,2024,2024.6.30,KT,132.3,,141.6,,,124.0,,,126.9,,
김태훈,2024,2024.8.15,KT,136.6,141.0,140.0,,121.0,,,,,,
김태훈,2024,2024.8.16,NC,135.9,,143.8,,123.0,129.3,,,132.7,,
김태훈,2024,2024.8.18,NC,137.7,,143.7,,,125.0,,,132.5,,
김태훈,2024,2024.8.21,두산,131.9,139.2,139.2,,122.0,,,,127.1,,
김태훈,2024,2024.8.24,롯데,134.4,138.0,141.6,,121.5,125.0,,,127.9,,
김태훈,2024,2024.8.28,키움,138.0,143.2,144.5,,,125.3,,,131.2,,
김태훈,2024,2024.8.31,KIA,134.4,138.0,141.7,,124.0,131.0,,,128.0,,
김태훈,2024,2024.9.3,롯데,134.0,,142.2,,,125.0,,,126.3,,
김태훈,2024,2024.9.4,두산,132.1,,143.2,,,127.3,,,126.1,,
김태훈,2024,2024.9.6,롯데,136.6,,143.6,,123.5,133.2,,,128.5,,
김태훈,2024,2024.9.8,NC,132.4,,140.2,,123.7,134.0,,,128.3,,
김태훈,2024,2024.9.14,SSG,137.7,,142.7,,126.0,133.0,,,129.2,,
김태훈,2024,2024.9.15,SSG,134.0,,142.6,,123.5,136.7,,,129.5,,
김태훈,2024,2024.9.18,KT,134.0,,142.5,,,125.5,,,,,
김태훈,2024,2024.9.19,KT,130.0,141.0,141.2,136.5,120.0,124.3,,,126.3,,
김태훈,2024,2024.9.22,키움,140.5,,140.5,,,,,,,,
김태훈,2024,2024.9.25,키움,135.8,,142.7,,,127.5,,,129.3,,
김태훈,2024,2024.9.28,LG,130.1,142.5,,,124.0,,,,130.0,,
김태훈,2024,2024.10.13,LG,136.2,140.7,141.5,136.0,122.0,128.5,,,121.0,,
김태훈,2024,2024.10.15,LG,132.4,141.0,140.8,,122.0,126.7,,,,,
김태훈,2024,2024.10.17,LG,135.9,,140.5,,,126.8,,,,,
김태훈,2024,2024.10.21,KIA,138.0,,140.7,,,135.3,,,,,
김태훈,2024,2024.10.23,KIA,128.6,,138.5,,121.0,128.4,,,125.0,,
김태훈,2024,2024.10.28,KIA,134.0,139.5,140.6,138.3,123.9,131.0,,,131.0,,
김태훈,2023,2023.4.1,한화,141.4,145.2,145.5,,,131.0,,,139.1,,
김태훈,2023,2023.4.2,한화,145.4,146.8,147.0,,,,,,140.2,,
김태훈,2023,2023.4.5,LG,138.6,145.0,,,,128.2,,,140.0,,
김태훈,2023,2023.4.7,NC,141.3,144.0,,,,129.0,,,139.0,,
김태훈,2023,2023.4.15,KIA,140.3,147.4,147.0,,,132.0,,,136.0,,
김태훈,2023,2023.4.16,KIA,143.1,144.7,,,,,,,136.0,,
김태훈,2023,2023.4.19,삼성,141.9,144.3,145.5,,,128.0,,,136.5,,
김태훈,2023,2023.4.23,SSG,142.4,146.7,145.2,,,131.6,,,137.7,,
김태훈,2023,2023.4.27,두산,137.6,144.0,,,,128.0,,,134.0,,
김태훈,2023,2023.4.28,KT,133.3,140.8,,,,126.4,,,132.6,,
김태훈,2023,2023.4.30,KT,139.6,143.6,,,,,,,134.3,,
김태훈,2023,2023.5.2,키움,137.8,143.3,145.0,,,128.7,,,134.2,,
김태훈,2023,2023.5.9,한화,138.0,142.8,144.0,,,128.0,,,133.7,,
김태훈,2023,2023.5.12,LG,143.8,145.1,,,,,,,132.0,,
김태훈,2023,2023.5.14,LG,142.2,145.5,145.7,,,132.0,,,134.4,,
김태훈,2023,2023.5.16,KIA,137.9,142.9,144.2,,,128.3,,,133.3,,
김태훈,2023,2023.5.19,NC,140.7,144.0,143.9,,,,,,132.0,,
김태훈,2023,2023.5.23,두산,138.3,143.9,,,119.0,138.0,,,135.9,,
김태훈,2023,2023.5.26,KT,140.5,141.9,143.9,,,135.5,,,135.2,,
김태훈,2023,2023.5.28,KT,137.5,,142.0,,,135.5,,,134.0,,
김태훈,2023,2023.5.31,SSG,136.8,145.2,,,120.5,,,,136.6,,
김태훈,2023,2023.6.2,한화,135.7,,142.8,,121.0,134.0,,,135.0,,
김태훈,2023,2023.6.4,한화,141.5,,143.8,,,136.0,,,135.0,,
김태훈,2023,2023.6.6,NC,140.7,143.2,144.0,,,138.3,,,137.2,,
김태훈,2023,2023.6.7,NC,141.9,143.2,144.8,,,,,,135.3,,
김태훈,2023,2023.6.10,롯데,139.1,142.0,142.4,,,134.0,,,132.8,,
김태훈,2023,2023.6.23,SSG,141.8,145.2,145.0,,,,,,131.5,,
김태훈,2023,2023.6.24,SSG,140.0,145.2,,,,,,,134.8,,
김태훈,2023,2023.6.25,SSG,139.8,144.2,,,121.0,137.3,,,132.3,,
김태훈,2023,2023.6.28,롯데,138.4,141.8,,,,134.5,,,130.5,,
김태훈,2023,2023.6.30,한화,137.8,142.2,,,,135.0,,,127.5,,
김태훈,2023,2023.7.1,한화,138.9,141.5,,,,,,,129.0,,
김태훈,2023,2023.7.4,두산,137.1,139.2,140.5,,,130.5,,,127.0,,
김태훈,2023,2023.7.6,두산,141.3,145.4,144.0,,118.0,135.0,,,128.5,,
김태훈,2023,2023.7.9,NC,138.4,144.2,143.0,,118.0,139.0,,,130.5,,
김태훈,2023,2023.7.12,KIA,143.0,143.0,,,,,,,,,
김태훈,2023,2023.7.21,KT,143.6,144.4,145.0,,,,,,135.0,,
김태훈,2023,2023.7.22,KT,141.1,143.4,144.0,,,138.0,,,136.3,,
김태훈,2023,2023.7.23,KT,140.1,144.7,146.0,,,,,,136.2,,
김태훈,2023,2023.7.26,SSG,139.2,142.1,143.0,,,135.0,,,135.2,,
김태훈,2023,2023.7.28,키움,136.3,143.8,,,,,,,130.9,,
김태훈,2023,2023.7.30,키움,136.4,143.2,,,119.5,129.0,,,130.7,,
김태훈,2023,2023.8.1,KIA,139.3,144.9,,,,,,,129.2,,
김태훈,2023,2023.8.3,KIA,136.9,143.9,,,,,,,128.8,,
김태훈,2023,2023.8.4,LG,142.0,143.7,145.0,,,,,,131.0,,
김태훈,2023,2023.8.6,LG,143.4,146.5,147.8,,,139.7,,,134.0,,
김태훈,2023,2023.8.9,두산,144.4,144.4,,,,,,,,,
김태훈,2023,2023.8.11,SSG,139.3,145.4,,,,137.0,,,130.0,,
김태훈,2023,2023.8.12,SSG,140.3,145.3,,,,,,,131.2,,
김태훈,2023,2023.8.15,LG,141.1,146.8,147.0,,,139.6,,,134.9,,
김태훈,2023,2023.8.17,LG,142.5,146.3,146.7,,,138.5,,,133.3,,
김태훈,2023,2023.8.19,KIA,139.4,143.5,,,,134.0,,,128.2,,
김태훈,2023,2023.8.26,키움,140.2,145.3,,,,,,,131.7,,
김태훈,2023,2023.8.27,키움,143.5,143.5,,,,,,,,,
김태훈,2023,2023.8.31,KT,137.9,142.5,,,,,,,129.7,,
김태훈,2023,2023.9.2,NC,139.4,143.8,146.0,,,,,,131.4,,
김태훈,2023,2023.9.6,롯데,140.3,144.1,145.8,,,,,,131.2,,
김태훈,2023,2023.9.7,롯데,141.9,144.0,144.0,,,,,,133.7,,
김태훈,2023,2023.9.8,두산,139.4,143.3,,,,,,,129.0,,
김태훈,2023,2023.9.12,KIA,135.1,144.7,,,115.0,138.3,,,131.1,,
김태훈,2023,2023.9.14,KT,136.5,143.2,,,115.0,128.8,,,128.0,,
김태훈,2023,2023.9.19,KT,138.9,144.8,144.7,,97.0,,,,132.4,,
김태훈,2023,2023.9.27,한화,138.7,141.6,142.0,,,133.0,,,131.7,,
김태훈,2023,2023.10.1,롯데,138.1,141.0,142.8,,,,,,128.9,,
김태훈,2023,2023.10.2,롯데,139.0,,142.6,,,136.0,,,134.4,,
김태훈,2023,2023.10.4,한화,135.5,143.0,,,117.0,137.5,,,134.7,,
김태훈,2023,2023.10.6,KT,135.9,140.7,141.2,,118.0,133.0,,,134.7,,
김태훈,2023,2023.10.8,KIA,141.7,142.3,,,,,,,136.0,,
김태훈,2023,2023.10.9,KIA,139.4,143.0,144.0,,,135.0,,,137.0,,
김태훈,2023,2023.10.10,키움,142.4,145.0,139.4,,,134.0,,,135.0,,
김태훈,2023,2023.10.15,NC,134.1,144.0,,,114.0,,,,129.8,,
김태훈,2022,2022.4.3,롯데,137.8,142.6,,,113.0,133.5,,,133.1,,
김태훈,2022,2022.4.8,삼성,140.9,144.5,,,119.0,138.0,,,136.5,,
김태훈,2022,2022.4.9,삼성,136.1,144.3,,,121.0,137.0,,,133.0,,
김태훈,2022,2022.4.10,삼성,139.7,144.2,,,,137.0,,,133.0,,
김태훈,2022,2022.4.13,NC,140.6,144.6,,,121.0,136.7,,,133.7,,
김태훈,2022,2022.4.14,NC,138.4,144.2,,,121.0,,,,132.5,,
김태훈,2022,2022.4.15,두산,137.4,141.9,,,,134.7,,,131.6,,
김태훈,2022,2022.4.19,SSG,139.3,143.0,,,119.0,135.0,,,133.8,,
김태훈,2022,2022.4.23,KIA,138.6,143.8,,,119.0,135.8,,,,,
김태훈,2022,2022.4.28,한화,140.6,146.0,,,,136.2,,,133.2,,
김태훈,2022,2022.6.1,삼성,140.5,143.5,,,,132.0,,,132.7,,
김태훈,2022,2022.6.2,삼성,137.3,141.2,,,,133.7,,,130.8,,
김태훈,2022,2022.6.4,한화,133.2,141.0,,,,,,,128.9,,
김태훈,2022,2022.6.8,KT,139.5,144.6,,,,137.0,,,132.8,,
김태훈,2022,2022.6.10,KIA,139.0,143.5,143.0,,,134.9,,,132.8,,
김태훈,2022,2022.6.14,두산,137.8,142.8,,,117.0,,,,134.7,,
김태훈,2022,2022.6.16,두산,137.0,141.8,,,,135.0,,,132.8,,
김태훈,2022,2022.6.17,LG,142.4,144.4,,,,,,,135.5,,
김태훈,2022,2022.6.19,LG,140.3,144.9,,,119.0,131.0,,,136.8,,
김태훈,2022,2022.6.22,삼성,141.5,144.9,,,,135.0,,,134.3,,
김태훈,2022,2022.6.23,삼성,142.4,143.6,,,,,,,132.0,,
김태훈,2022,2022.6.25,롯데,134.9,141.8,,,,125.7,,,133.2,,
김태훈,2022,2022.6.26,롯데,138.3,142.5,,,124.0,132.0,,,134.0,,
김태훈,2022,2022.6.28,KIA,138.4,144.0,,,,132.0,,,135.4,,
김태훈,2022,2022.7.2,한화,136.0,144.0,,,,135.0,,,133.0,,
김태훈,2022,2022.7.3,한화,134.8,144.4,,,118.0,,,,131.8,,
김태훈,2022,2022.7.6,두산,141.3,145.7,,,,137.7,,,134.7,,
김태훈,2022,2022.7.12,SSG,136.7,143.2,,,117.3,137.2,,,133.8,,
김태훈,2022,2022.7.23,삼성,138.9,144.1,,,122.0,136.0,,,133.5,,
김태훈,2022,2022.7.26,KT,136.2,145.7,,,112.0,135.0,,,133.7,,
김태훈,2022,2022.7.27,KT,141.9,145.7,,,,135.7,,,137.2,,
김태훈,2022,2022.7.30,NC,137.8,144.8,,,120.0,,,,132.4,,
김태훈,2022,2022.8.4,SSG,144.1,146.5,,,,136.5,,,133.0,,
김태훈,2022,2022.8.20,SSG,140.4,146.3,,,,131.2,,,137.3,,
김태훈,2022,2022.8.24,KIA,141.4,143.6,,,,139.0,,,134.8,,
김태훈,2022,2022.8.25,NC,143.9,146.4,,,,138.0,,,138.3,,
김태훈,2022,2022.8.26,NC,135.6,143.6,,,118.0,,,,133.0,,
김태훈,2022,2022.8.30,롯데,145.9,145.9,,,,,,,,,
김태훈,2022,2022.8.31,롯데,143.8,143.9,146.4,,,139.0,,,135.0,,
김태훈,2022,2022.9.2,한화,139.1,142.2,,,,,,,134.5,,
김태훈,2022,2022.9.3,SSG,142.0,146.5,,,,,,,139.8,,
김태훈,2022,2022.9.7,삼성,139.6,142.4,,,,,,,136.0,,
김태훈,2022,2022.9.8,LG,139.2,143.6,,,120.0,137.0,,,136.3,,
김태훈,2022,2022.10.16,KT,142.6,144.4,,,,138.0,,,,,
김태훈,2022,2022.10.19,KT,140.2,143.4,,,119.0,137.0,,,136.8,,
김태훈,2022,2022.10.24,LG,141.1,143.0,,,,,,,136.5,,
김태훈,2022,2022.11.1,SSG,137.7,141.5,,,,,,,135.8,,
김태훈,2022,2022.11.2,SSG,140.3,145.1,,,126.0,137.0,,,137.1,,
김태훈,2022,2022.11.4,SSG,140.7,144.5,,,121.0,138.5,,,136.3,,
김태훈,2021,2021.4.3,삼성,137.3,143.2,145.0,,120.0,138.5,,,131.5,,
김태훈,2021,2021.4.4,삼성,138.4,144.7,,,,130.7,,,128.0,,
김태훈,2021,2021.4.6,KIA,137.2,144.3,,,119.5,138.8,,,130.9,,
김태훈,2021,2021.4.8,KIA,136.6,142.4,,,123.0,139.0,,,132.0,,
김태훈,2021,2021.4.11,롯데,133.1,143.2,,,118.0,135.0,,,129.3,,
김태훈,2021,2021.4.15,LG,134.9,143.7,145.0,,120.5,134.5,,,131.3,,
김태훈,2021,2021.4.16,KT,135.0,141.7,142.0,,,136.6,,,130.1,,
김태훈,2021,2021.4.21,한화,137.0,141.8,,,,124.5,,,128.3,,
김태훈,2021,2021.4.22,한화,143.5,144.9,,,,,,,131.0,,
김태훈,2021,2021.4.24,SSG,138.1,142.6,,,120.0,,,,132.5,,
김태훈,2021,2021.4.25,SSG,139.7,141.5,,,,,,,129.2,,
김태훈,2021,2021.4.27,두산,143.8,143.8,,,,,,,,,
김태훈,2021,2021.4.28,두산,140.4,142.8,,,,140.0,,,131.2,,
김태훈,2021,2021.4.30,NC,141.2,143.8,,,,,,,131.7,,
김태훈,2021,2021.5.6,KT,137.3,143.9,,,,137.0,,,131.5,,
김태훈,2021,2021.5.9,SSG,142.7,144.5,145.0,,,139.0,,,132.0,,
김태훈,2021,2021.5.11,두산,143.6,145.5,,,,,,,136.0,,
김태훈,2021,2021.5.12,두산,137.9,141.3,,,,,,,133.8,,
김태훈,2021,2021.5.14,한화,142.6,143.3,,,,135.0,,,,,
김태훈,2021,2021.5.18,삼성,140.3,142.3,144.0,,,,,,132.5,,
김태훈,2021,2021.5.22,NC,140.7,143.0,,,,138.8,,,132.0,,
김태훈,2021,2021.5.23,NC,141.6,143.8,,,,,,,136.0,,
김태훈,2021,2021.5.26,KIA,142.1,144.2,,,,,,,135.7,,
김태훈,2021,2021.5.28,LG,139.9,144.9,,,118.0,138.0,,,135.0,,
김태훈,2021,2021.5.29,LG,141.2,144.6,,,,138.5,,,132.5,,
김태훈,2021,2021.6.3,롯데,141.2,143.1,,,,,,,134.5,,
김태훈,2021,2021.6.6,삼성,137.6,141.5,,,118.0,134.0,,,,,
김태훈,2021,2021.6.9,한화,137.4,140.4,,,,,,,130.3,,
김태훈,2021,2021.6.10,한화,140.7,141.9,,,,,,,131.0,,
김태훈,2021,2021.6.12,SSG,140.2,142.9,,,,132.0,,,133.5,,
김태훈,2021,2021.6.13,SSG,136.0,142.4,,,114.0,135.0,,,134.2,,
김태훈,2021,2021.6.16,LG,138.7,143.9,,,117.0,136.0,,,134.0,,
김태훈,2021,2021.6.17,LG,137.4,142.4,,,119.0,,,,133.0,,
김태훈,2021,2021.6.19,NC,137.5,141.7,,,,134.6,,,131.8,,
김태훈,2021,2021.6.20,NC,139.5,141.9,,,,136.0,,,134.4,,
김태훈,2021,2021.6.23,두산,138.6,143.2,,,,140.7,,,133.5,,
김태훈,2021,2021.6.26,KIA,137.3,141.6,,,118.0,132.0,,,132.7,,
김태훈,2021,2021.6.27,KIA,137.2,142.8,,,119.0,136.0,,,132.3,,
김태훈,2021,2021.6.30,롯데,137.8,142.0,,,120.0,136.5,,,131.5,,
김태훈,2021,2021.7.4,KT,131.2,138.2,,,117.7,125.0,,,129.0,,
김태훈,2021,2021.7.6,SSG,142.6,144.5,,,124.0,138.0,,,135.0,,
김태훈,2021,2021.7.8,SSG,142.1,143.1,,,,135.0,,,,,
김태훈,2021,2021.8.10,KT,137.6,144.5,,,118.0,136.5,,,132.7,,
김태훈,2021,2021.8.11,KT,138.5,143.5,,,117.0,137.7,,,132.9,,
김태훈,2021,2021.8.14,두산,135.1,140.4,,,115.0,137.0,,,134.3,,
김태훈,2021,2021.8.20,KIA,134.9,141.3,,,,135.0,,,131.0,,
김태훈,2021,2021.8.24,KIA,136.1,141.0,,,,,,,128.0,,
김태훈,2021,2021.8.26,한화,138.8,144.4,,,120.0,,,,131.4,,
김태훈,2021,2021.8.28,LG,138.2,143.8,,,119.0,137.3,,,133.2,,
김태훈,2021,2021.9.2,KT,140.9,144.4,,,,134.0,,,135.9,,
김태훈,2021,2021.9.5,SSG,138.4,143.6,,,119.0,,,,135.0,,
김태훈,2021,2021.9.9,KIA,139.2,143.2,,,119.0,,,,133.8,,
김태훈,2021,2021.9.10,KIA,139.0,142.5,,,121.0,,,,132.5,,
김태훈,2021,2021.9.12,롯데,135.9,143.8,,,119.0,,,,133.2,,
김태훈,2021,2021.9.18,두산,138.5,143.1,,,,134.0,,,133.5,,
김태훈,2021,2021.9.22,SSG,136.6,141.8,,,117.0,,,,130.8,,
김태훈,2021,2021.9.23,NC,134.1,141.9,,,118.2,134.2,,,,,
김태훈,2021,2021.9.24,NC,138.3,143.2,,,120.0,136.5,,,134.0,,
김태훈,2021,2021.9.28,한화,140.1,144.9,,,,134.0,,,131.3,,
김태훈,2021,2021.9.30,KIA,134.7,142.8,,,116.0,136.5,,,136.0,,
김태훈,2021,2021.10.19,LG,141.2,144.1,,,,139.0,,,134.6,,
김태훈,2021,2021.10.20,LG,139.1,141.9,,,,136.0,,,133.6,,
김태훈,2021,2021.10.21,LG,135.0,141.0,,,118.0,134.0,,,133.0,,
김태훈,2021,2021.10.27,삼성,138.7,142.3,,,122.0,133.5,,,134.9,,
김태훈,2021,2021.10.29,KT,141.5,145.6,,,122.0,,,,134.5,,
김태훈,2021,2021.10.30,KIA,135.5,142.3,,,,131.3,,,133.5,,
김태훈,2021,2021.11.1,두산,135.0,142.5,,,,135.0,,,130.0,,
김태훈,2020,2020.5.10,한화,139.2,142.3,142.2,,119.5,127.0,,,133.0,,
김태훈,2020,2020.5.14,삼성,135.4,142.0,142.9,,118.5,131.0,,,129.2,,
김태훈,2020,2020.5.16,LG,133.2,144.0,,,119.0,130.0,,,128.0,,
김태훈,2020,2020.5.19,SK,134.3,142.7,142.4,,118.3,131.0,,,130.3,,
김태훈,2020,2020.5.23,롯데,135.8,143.0,146.0,,119.0,131.5,,,131.7,,
김태훈,2020,2020.5.24,롯데,135.5,144.8,146.0,,119.5,133.0,,,128.6,,
김태훈,2020,2020.5.28,NC,133.2,142.6,142.5,,120.0,131.5,,,129.6,,
김태훈,2020,2020.5.31,KT,138.6,143.8,144.7,,118.7,134.0,,,128.5,,
김태훈,2020,2020.6.3,한화,140.4,144.0,145.8,,120.0,,,,129.7,,
김태훈,2020,2020.6.4,한화,137.6,143.6,145.7,,120.3,,,,131.2,,
김태훈,2020,2020.6.9,삼성,137.3,143.3,145.4,,119.0,134.0,,,132.0,,
김태훈,2020,2020.6.12,NC,135.2,141.9,144.0,,118.5,131.7,,,131.4,,
김태훈,2020,2020.6.14,NC,130.5,143.0,143.0,,117.8,134.0,,,130.0,,
김태훈,2020,2020.6.16,롯데,136.0,143.9,145.0,,119.0,131.0,,,127.6,,
김태훈,2020,2020.6.19,SK,135.8,143.3,143.0,,121.0,134.0,,,131.0,,
김태훈,2020,2020.6.20,SK,137.1,144.2,144.0,,,132.5,,,130.3,,
김태훈,2020,2020.6.25,LG,139.2,146.6,147.5,,123.0,135.6,,,131.3,,
김태훈,2020,2020.6.30,두산,136.1,144.3,145.0,,120.5,,,,134.0,,
김태훈,2020,2020.7.2,두산,135.7,144.8,143.5,,120.0,133.5,,,129.9,,
김태훈,2020,2020.7.4,KT,134.6,142.0,144.0,,120.3,133.0,,,130.7,,
김태훈,2020,2020.7.8,삼성,134.5,144.3,143.3,,117.5,134.7,,,130.1,,
김태훈,2020,2020.7.10,KIA,129.7,142.7,,,119.0,,,,128.4,,
김태훈,2020,2020.7.15,NC,136.9,143.9,,,119.0,130.0,,,130.5,,
김태훈,2020,2020.7.17,SK,134.8,143.2,144.0,,118.0,135.7,,,131.8,,
김태훈,2020,2020.7.18,SK,134.1,142.5,145.0,,120.5,,,,132.0,,
김태훈,2020,2020.7.24,롯데,138.3,143.1,,,118.7,137.3,,,133.8,,
김태훈,2020,2020.7.26,롯데,136.7,144.0,,,121.5,134.0,,,134.0,,
김태훈,2020,2020.7.28,두산,139.4,146.0,,,123.0,136.0,,,,,
김태훈,2020,2020.7.30,두산,138.1,144.0,,,,,,,134.7,,
김태훈,2020,2020.7.31,삼성,139.0,145.7,145.0,,,136.0,,,131.3,,
김태훈,2020,2020.8.2,삼성,136.3,142.8,146.0,,117.5,,,,134.0,,
김태훈,2020,2020.8.4,KT,135.3,143.0,143.5,,121.0,134.0,,,131.0,,
김태훈,2020,2020.8.20,LG,137.9,143.0,145.3,,120.0,135.0,,,133.9,,
김태훈,2020,2020.8.22,KIA,137.8,143.4,144.8,,118.2,133.3,,,133.0,,
김태훈,2020,2020.8.27,롯데,137.6,142.5,144.1,,116.3,132.3,,,130.7,,
김태훈,2020,2020.9.1,NC,135.2,144.0,,,,133.5,,,132.5,,
김태훈,2020,2020.9.3,한화,138.9,145.0,146.0,,118.0,134.3,,,133.7,,
김태훈,2020,2020.9.6,KT,137.6,142.1,,,121.5,135.2,,,133.5,,
김태훈,2020,2020.9.9,SK,136.0,143.8,142.5,,112.0,132.0,,,132.0,,
김태훈,2020,2020.9.10,LG,134.2,143.0,144.0,,,,,,131.9,,
김태훈,2020,2020.9.13,두산,136.3,144.0,,,118.0,132.0,,,131.7,,
김태훈,2020,2020.9.16,롯데,134.6,143.0,,,120.0,134.5,,,132.0,,
김태훈,2020,2020.9.20,삼성,132.0,139.6,,,119.3,,,,128.2,,
김태훈,2020,2020.9.25,SK,138.3,142.5,,,,,,,130.0,,
김태훈,2020,2020.9.27,두산,135.7,143.2,,,,,,,128.9,,
김태훈,2020,2020.9.29,KIA,135.8,140.6,,,119.0,134.0,,,129.7,,
김태훈,2020,2020.10.1,KIA,133.7,143.5,,,119.0,132.0,,,131.0,,
김태훈,2020,2020.10.2,SK,136.2,142.5,,,119.0,132.0,,,129.0,,
김태훈,2020,2020.10.8,NC,133.9,141.0,142.0,,115.0,130.0,,,128.7,,
김태훈,2020,2020.10.9,한화,136.1,139.7,142.0,,116.0,130.5,,,126.0,,
김태훈,2020,2020.10.11,한화,132.5,139.0,,,,,,,129.2,,
김태훈,2020,2020.10.15,KT,138.2,142.6,,,121.2,133.0,,,130.3,,
김태훈,2020,2020.10.18,두산,134.9,141.0,,,,,,,128.8,,
김태훈,2020,2020.11.2,LG,138.3,144.5,,,118.0,140.0,,,133.2,,
최하늘,2024,2024.3.27,LG,127.8,,138.3,,,123.5,125.4,,,,
최하늘,2024,2024.3.29,SSG,126.6,,136.7,,,124.0,122.6,,,,
최하늘,2024,2024.3.30,SSG,124.3,,134.8,,,121.1,121.9,,,,
최하늘,2024,2024.3.31,SSG,127.7,,133.0,,,119.8,,,,,
최하늘,2024,2024.4.4,키움,124.8,,135.4,,,120.0,121.5,,,,
최하늘,2024,2024.4.6,KIA,130.0,,136.8,,,120.0,123.2,,,,
최하늘,2024,2024.4.7,KIA,127.5,,138.2,,,124.0,124.2,,,,
최하늘,2024,2024.4.10,롯데,127.5,,137.2,,,120.0,122.4,,,,
최하늘,2024,2024.4.13,NC,125.6,,135.3,,,119.5,121.7,,,,
최하늘,2024,2024.4.16,두산,123.3,,135.0,,,119.5,119.0,,,,
최하늘,2024,2024.4.19,한화,122.7,,133.5,,,118.0,118.9,,,,
최하늘,2024,2024.4.23,LG,128.1,,133.2,,,121.0,120.7,,,,
최하늘,2024,2024.4.30,두산,126.7,,136.0,,,,121.2,,,,
최하늘,2024,2024.5.4,롯데,125.6,,136.0,,,123.0,120.8,,,,
최하늘,2024,2024.5.8,KIA,119.3,,,,,,119.3,,,,
최하늘,2024,2024.5.9,KIA,128.8,,136.0,,,,121.5,,,,
최하늘,2024,2024.5.10,NC,130.2,,136.9,,,,122.3,,,,
최하늘,2024,2024.5.12,NC,132.5,,137.1,,,123.0,120.3,,,,
최하늘,2024,2024.5.17,한화,127.8,,134.5,,,120.0,122.0,,,,
최하늘,2024,2024.5.19,한화,123.4,,134.8,,,120.0,120.1,,,,
최하늘,2024,2024.5.21,KT,126.3,,136.1,,,120.5,120.9,,,,
최하늘,2024,2024.5.23,KT,131.7,,136.0,,,,120.2,,,,
최하늘,2024,2024.5.25,롯데,127.4,,134.8,,,121.0,121.3,,,,
최하늘,2024,2024.5.29,키움,124.8,,134.5,,,,120.7,,,,
최하늘,2024,2024.6.6,SSG,127.5,,136.3,,,,122.6,,,,
최하늘,2024,2024.6.8,키움,127.0,,136.1,,,,121.9,,,,
최하늘,2024,2024.8.11,KIA,131.0,,138.7,,,,123.3,,,,
최하늘,2023,2023.5.20,NC,127.0,,132.2,,,117.5,121.6,,,,
최하늘,2023,2023.9.9,두산,125.5,,133.4,,,124.3,118.6,,,,
최하늘,2023,2023.9.15,NC,123.9,,133.0,,,124.1,118.3,,,,
최하늘,2022,2022.5.25,KIA,126.2,,133.9,,,121.0,121.0,,,,
최하늘,2022,2022.6.30,KT,129.6,,136.4,,,124.4,126.7,,,,
최하늘,2022,2022.7.2,NC,130.8,,135.7,,,121.0,126.0,,,,
최하늘,2022,2022.7.5,LG,126.2,,135.0,,,122.5,123.8,,,,
최하늘,2022,2022.7.7,LG,129.8,,133.7,,,122.5,125.3,,,,
최하늘,2022,2022.7.10,SSG,129.5,,136.0,,,121.0,123.5,,,,
최하늘,2022,2022.7.26,한화,126.4,,136.1,,120.7,124.3,122.2,,,,
최하늘,2022,2022.7.31,롯데,127.1,,132.9,,,122.7,121.8,,,,
최하늘,2022,2022.8.6,SSG,127.5,,136.2,,,125.3,124.4,,,,
최하늘,2022,2022.8.14,KT,129.7,,136.8,,,125.1,124.7,,,,
최하늘,2022,2022.8.19,한화,129.9,,135.6,,,123.9,124.9,,,,
최하늘,2022,2022.8.26,롯데,130.3,,136.0,,,124.6,124.8,,,,
최하늘,2022,2022.9.2,KIA,128.8,,134.6,,,123.2,123.4,,,,
최하늘,2022,2022.9.10,LG,129.0,,135.2,,,121.3,123.0,,,,
양창섭,2023,2023.4.7,LG,134.7,,139.8,,121.3,126.6,124.1,,,,
양창섭,2023,2023.4.13,SSG,133.4,,141.5,,115.5,127.1,124.9,,,,
양창섭,2023,2023.4.19,키움,137.9,,144.8,,,129.6,126.0,,,,
양창섭,2023,2023.5.26,KT,136.9,,143.3,,120.4,131.3,128.5,,,,
양창섭,2023,2023.6.1,SSG,138.0,,144.0,,120.0,131.9,128.5,,131.7,,
양창섭,2023,2023.6.18,KT,138.8,,143.4,,,128.2,,,,,
양창섭,2023,2023.6.22,키움,137.5,,144.0,,124.0,135.0,,,131.5,,
양창섭,2023,2023.6.24,SSG,143.4,,146.6,,,134.7,134.3,,133.0,,
양창섭,2023,2023.6.28,롯데,137.4,,144.2,,,131.5,129.5,,,,
양창섭,2023,2023.6.30,한화,138.7,,143.0,,,131.3,,,131.0,,
양창섭,2023,2023.7.2,한화,139.2,,144.0,,,131.0,,,132.3,,
양창섭,2023,2023.7.4,두산,132.0,,135.1,,,128.9,,,,,
양창섭,2023,2023.7.5,두산,141.7,,143.8,,,133.0,,,,,
양창섭,2023,2023.7.21,KT,139.4,,145.2,,,134.1,,,,,
양창섭,2023,2023.7.23,KT,144.3,,146.3,,,132.0,,,,,
임창민,2024,2024.3.23,KT,138.4,,141.0,,,128.0,,,,,
임창민,2024,2024.3.26,LG,136.1,,139.6,,,130.0,,,130.0,,
임창민,2024,2024.3.27,LG,137.1,,140.1,,,132.0,,,129.0,,
임창민,2024,2024.3.29,SSG,136.6,,139.6,,,129.0,,,,,
임창민,2024,2024.3.31,SSG,135.2,,137.9,,,131.3,,,126.0,,
임창민,2024,2024.4.6,KIA,135.3,,142.3,,,131.1,,,131.2,,
임창민,2024,2024.4.7,KIA,135.3,,140.8,,,129.0,,,133.0,,
임창민,2024,2024.4.9,롯데,139.5,,142.4,,,130.0,,,134.0,,
임창민,2024,2024.4.11,롯데,138.1,,142.5,,,131.0,,,132.2,,
임창민,2024,2024.4.13,NC,135.7,,140.8,,,133.3,,,132.1,,
임창민,2024,2024.4.16,두산,133.8,,140.0,,,130.3,,,130.3,,
임창민,2024,2024.4.20,한화,136.0,,141.3,,,127.0,,,131.3,,
임창민,2024,2024.4.21,한화,136.5,,140.1,,,129.0,,,133.0,,
임창민,2024,2024.4.27,키움,136.6,,143.2,,,131.0,,,133.2,,
임창민,2024,2024.5.2,두산,137.9,,143.7,,,132.5,,,131.7,,
임창민,2024,2024.5.3,롯데,133.9,,140.0,,,131.2,,,130.2,,
임창민,2024,2024.5.8,KIA,133.0,,139.8,,,129.4,,,128.6,,
임창민,2024,2024.5.11,NC,136.7,,142.4,,,131.3,,,131.8,,
임창민,2024,2024.5.12,NC,134.5,,139.0,,,130.0,,,,,
임창민,2024,2024.5.17,한화,135.6,,140.2,,,131.7,,,129.8,,
임창민,2024,2024.5.18,한화,135.7,,138.8,,,130.0,,,129.2,,
임창민,2024,2024.5.22,KT,135.1,,139.4,,,130.3,,,130.0,,
임창민,2024,2024.5.24,롯데,133.6,,140.4,,,130.0,,,133.1,,
임창민,2024,2024.5.26,롯데,136.4,,139.5,,,132.0,,,131.0,,
임창민,2024,2024.5.28,키움,134.7,,139.8,,,129.8,,,129.0,,
임창민,2024,2024.5.31,한화,135.5,,138.8,,,130.0,,,130.0,,
임창민,2024,2024.6.1,한화,130.7,,137.6,,,126.1,,,128.0,,
임창민,2024,2024.6.7,키움,136.1,,143.5,,,131.5,,,132.4,,
임창민,2024,2024.6.9,키움,138.9,,142.7,,,132.2,,,133.7,,
임창민,2024,2024.6.11,LG,136.1,,139.6,,,130.5,,,129.5,,
임창민,2024,2024.6.12,LG,134.2,,140.0,,,128.4,,,129.8,,
임창민,2024,2024.6.14,NC,136.2,,141.9,,,132.8,,,133.2,,
임창민,2024,2024.6.26,LG,136.2,,142.5,,,132.0,,,132.0,,
임창민,2024,2024.6.27,LG,135.1,,141.2,,,131.0,,,130.0,,
임창민,2024,2024.6.30,KT,136.9,,140.8,,,131.8,129.0,,132.0,,
임창민,2024,2024.7.2,KIA,135.2,,139.1,,,130.6,,,126.0,,
임창민,2024,2024.7.4,KIA,137.5,,140.9,,,130.8,,,130.4,,
임창민,2024,2024.7.11,NC,138.3,,140.8,,,133.8,,,130.0,,
임창민,2024,2024.7.19,롯데,136.5,,141.2,,,131.5,,,130.9,,
임창민,2024,2024.7.26,KT,134.6,,140.1,,,129.1,,,,,
임창민,2024,2024.8.1,LG,135.9,,141.2,,,129.0,,,135.0,,
임창민,2024,2024.8.6,한화,136.1,,139.8,,,129.9,,,128.0,,
임창민,2024,2024.8.9,KIA,140.6,,142.3,,,134.5,,,,,
임창민,2024,2024.8.11,KIA,137.8,,141.5,,,130.5,,,,,
임창민,2024,2024.8.13,KT,137.2,,140.0,,,129.7,,,,,
임창민,2024,2024.8.16,NC,139.5,,142.5,,,132.8,,,133.7,,
임창민,2024,2024.8.17,NC,135.0,,145.0,,,133.2,,,134.5,,
임창민,2024,2024.8.20,두산,133.4,,138.4,,,128.2,,,126.0,,
임창민,2024,2024.8.25,롯데,134.4,,138.6,,,129.2,,,130.2,,
임창민,2024,2024.8.28,키움,134.4,,141.2,,,131.2,,,132.6,,
임창민,2024,2024.8.29,키움,136.6,,140.1,,,129.2,,,132.8,,
임창민,2024,2024.9.1,KIA,136.8,,139.1,,,130.0,,,129.3,,
임창민,2024,2024.9.3,롯데,133.9,,140.5,,,132.5,,,131.2,,
임창민,2024,2024.9.4,두산,136.1,,140.2,,,130.0,,,128.0,,
임창민,2024,2024.9.12,한화,136.0,,139.3,,,128.8,,,129.5,,
임창민,2024,2024.9.14,SSG,137.1,,140.9,,,132.5,,,132.4,,
임창민,2024,2024.9.15,SSG,134.8,,140.0,,,131.3,,,,,
임창민,2024,2024.9.18,KT,134.8,,139.7,,,132.8,,,131.8,,
임창민,2024,2024.9.22,키움,134.1,,139.9,,,130.0,,,132.0,,
임창민,2024,2024.10.13,LG,136.1,,140.0,,,,,,132.2,,
임창민,2024,2024.10.17,LG,137.4,,141.0,,,131.0,,,133.5,,
임창민,2024,2024.10.19,LG,138.6,,142.4,,,131.0,,,134.2,,
임창민,2024,2024.10.21,KIA,136.8,,142.8,,,,,,133.9,,
임창민,2024,2024.10.25,KIA,133.7,,138.0,,,129.5,,,130.7,,
임창민,2024,2024.10.28,KIA,135.6,,141.0,,,133.8,,,131.7,,
임창민,2023,2023.4.2,한화,138.3,,140.0,,,135.0,,,,,
임창민,2023,2023.4.4,LG,135.6,,140.0,,,132.5,,,133.0,,
임창민,2023,2023.4.9,NC,135.5,,140.8,,,130.4,,,133.2,,
임창민,2023,2023.4.15,KIA,137.5,,142.0,,,129.8,,,132.5,,
임창민,2023,2023.4.19,삼성,138.0,,142.2,,,131.8,,,131.0,,
임창민,2023,2023.4.20,삼성,136.3,,139.9,,,132.1,,,130.0,,
임창민,2023,2023.4.22,SSG,137.9,,142.4,,,133.7,,,131.3,,
임창민,2023,2023.4.27,KT,137.2,,144.0,,,134.2,,,133.8,,
임창민,2023,2023.5.2,삼성,137.6,,140.0,,,131.3,,,,,
임창민,2023,2023.5.5,SSG,136.6,,140.0,,,131.0,,,132.0,,
임창민,2023,2023.5.7,SSG,137.6,,141.4,,,131.2,,,135.0,,
임창민,2023,2023.5.12,NC,136.2,,142.3,,,133.2,,,134.6,,
임창민,2023,2023.5.21,KIA,140.1,,142.8,,,133.3,,,135.5,,
임창민,2023,2023.5.23,KT,135.1,,139.2,,,131.4,,,129.5,,126.0
임창민,2023,2023.5.28,롯데,138.1,,141.4,,,132.4,,,133.0,,
임창민,2023,2023.6.2,SSG,139.2,,142.3,,,132.4,,,,,
임창민,2023,2023.6.4,SSG,137.1,,142.0,,,134.4,,,131.7,,
임창민,2023,2023.6.7,LG,136.0,,139.3,,,133.3,,,129.0,,
임창민,2023,2023.6.10,KT,134.2,,138.0,,,129.5,,,129.5,,
임창민,2023,2023.6.13,KIA,134.4,,141.6,,,130.6,,,131.5,,
임창민,2023,2023.6.14,KIA,135.7,,141.2,,,130.6,,,127.0,,
임창민,2023,2023.6.16,한화,135.9,,145.0,,,132.0,,,133.5,,
임창민,2023,2023.6.17,한화,133.3,,143.0,,,132.0,,,131.7,,
임창민,2023,2023.6.18,한화,138.0,,140.8,,,133.6,,,,,
임창민,2023,2023.6.21,삼성,136.7,,143.0,,,132.2,,,133.0,,
임창민,2023,2023.6.22,삼성,136.1,,142.5,,,132.5,,,137.0,,
임창민,2023,2023.6.24,두산,134.0,,141.0,,,130.0,,,132.0,,
임창민,2023,2023.6.28,KIA,135.4,,143.0,,,131.2,,,133.8,,
임창민,2023,2023.7.1,SSG,138.5,,142.9,,,133.0,,,135.6,,
임창민,2023,2023.7.5,NC,138.1,,143.2,,,131.0,,,133.5,,
임창민,2023,2023.7.6,NC,136.7,,143.0,,,131.0,,,133.7,,
임창민,2023,2023.7.12,KT,137.6,,141.2,,,129.7,,,133.5,,
임창민,2023,2023.7.22,롯데,134.1,,140.2,,,130.5,,,133.7,,
임창민,2023,2023.7.23,롯데,135.2,,140.0,,,129.0,,,131.0,,
임창민,2023,2023.7.26,한화,136.6,,140.1,,,130.5,,,132.3,,
임창민,2023,2023.7.27,한화,133.6,,142.3,,,130.8,,,133.2,,
임창민,2023,2023.8.3,LG,138.5,,143.2,,,133.1,,,132.3,,
임창민,2023,2023.8.8,롯데,138.2,,141.4,,,130.5,,,132.7,,
임창민,2023,2023.8.9,롯데,137.5,,141.3,,,130.0,,,133.0,,
임창민,2023,2023.8.15,KIA,137.0,,144.0,,,132.2,,,135.4,,
임창민,2023,2023.8.18,롯데,138.4,,143.7,,,134.5,,,137.2,,
임창민,2023,2023.8.19,롯데,134.5,,143.5,,,131.6,,,134.0,,
임창민,2023,2023.8.20,롯데,136.9,,143.6,,,130.6,,,133.0,,
임창민,2023,2023.8.25,삼성,132.8,,140.5,,,130.2,,,,,
임창민,2023,2023.8.31,SSG,136.5,,143.6,,,132.6,,,133.2,,
임창민,2023,2023.9.8,한화,137.4,,141.8,,,129.5,,,133.5,,
임창민,2023,2023.9.9,한화,136.1,,140.5,,,132.5,,,132.0,,
임창민,2023,2023.9.19,롯데,135.1,,143.7,,,130.0,,,131.7,,
임창민,2023,2023.9.28,SSG,136.0,,141.8,,,132.6,,,133.8,,
임창민,2023,2023.10.3,두산,137.6,,142.1,,,131.0,,,132.3,,
임창민,2023,2023.10.10,삼성,136.8,,142.8,,,131.6,,,132.5,,
임창민,2022,2022.4.2,한화,135.0,,139.8,,,130.2,,,133.3,,
임창민,2022,2022.4.3,한화,135.2,,139.2,,,130.3,,,132.5,,
임창민,2022,2022.4.7,삼성,137.3,,140.1,,,130.2,,,,,
임창민,2022,2022.4.9,롯데,133.5,,139.4,,,130.0,,,132.9,,
임창민,2022,2022.4.10,롯데,133.7,,140.0,,,130.4,,,133.2,,
임창민,2022,2022.4.12,KT,136.7,,141.4,,,131.5,,,133.8,,
임창민,2022,2022.4.14,KT,134.6,,139.8,,,129.8,,,134.0,,
임창민,2022,2022.4.16,키움,133.5,,139.4,,,127.4,,,133.7,,
임창민,2022,2022.4.19,KIA,135.7,,140.5,,,128.0,,,134.4,,
임창민,2022,2022.4.20,KIA,134.1,,139.4,,,126.0,,,131.5,,
임창민,2022,2022.4.23,LG,139.0,,145.0,,,,,,136.8,,
임창민,2022,2022.4.24,LG,137.6,,143.5,,,133.3,,,135.4,,
임창민,2022,2022.4.27,NC,133.0,,140.0,,,127.4,,,,,
임창민,2022,2022.4.29,SSG,134.5,,141.5,,,128.0,,,133.4,,
임창민,2022,2022.6.8,한화,137.8,,140.5,,,128.0,,,134.0,,
임창민,2022,2022.6.11,LG,142.3,,145.6,,,133.7,,,139.0,,
임창민,2022,2022.6.12,LG,137.8,,145.1,,,133.7,,,132.9,,
임창민,2022,2022.6.14,키움,137.8,,140.5,,,130.0,,,131.0,,
임창민,2022,2022.6.17,KT,138.8,,143.3,,,135.0,,,133.8,,
임창민,2022,2022.6.21,SSG,136.4,,142.5,,,131.8,,,133.2,,
임창민,2022,2022.6.24,KIA,135.4,,142.5,,,131.8,,,135.5,,
임창민,2022,2022.6.25,KIA,136.1,,141.0,,,130.0,,,133.3,,
임창민,2022,2022.7.1,KT,137.1,,143.3,,,131.3,,,132.8,,
임창민,2022,2022.7.3,KT,132.0,,,,,134.0,,,130.0,,
임창민,2022,2022.7.5,키움,140.5,,143.8,,,133.0,,,134.3,,
임창민,2022,2022.7.8,LG,137.7,,143.1,,,130.2,,,133.5,,
임창민,2022,2022.8.31,KT,130.1,,139.0,,,128.1,,,128.7,,
임창민,2022,2022.9.2,롯데,132.8,,139.0,,,130.3,,,129.0,,
임창민,2022,2022.9.8,한화,138.4,,140.8,,,131.0,,,,,
임창민,2022,2022.9.9,한화,134.5,,137.5,,,130.0,,,128.5,,
임창민,2022,2022.9.15,삼성,140.3,,143.3,,,134.6,,,,,
임창민,2022,2022.9.18,SSG,139.2,,142.7,,,132.0,,,134.7,,
임창민,2021,2021.4.4,LG,138.2,,142.2,,,133.6,,,135.7,,
임창민,2021,2021.4.6,롯데,136.6,,141.4,,,131.0,,,132.7,,
임창민,2021,2021.4.8,롯데,134.6,,138.6,,,131.4,,,133.6,,
임창민,2021,2021.4.11,KIA,132.6,,141.0,,126.0,131.0,,,132.5,,
임창민,2021,2021.4.13,SSG,135.3,,139.4,,,128.0,,,133.5,,
임창민,2021,2021.4.18,한화,137.3,,140.9,,,128.3,,,133.8,,
임창민,2021,2021.4.20,KT,133.4,,142.5,,,129.0,,,133.0,,
임창민,2021,2021.4.21,KT,140.1,,142.4,,,131.5,,,136.0,,
임창민,2021,2021.4.24,두산,139.3,,143.8,,,133.7,,,133.0,,
임창민,2021,2021.4.29,삼성,139.3,,143.0,,,134.0,,,134.0,,
임창민,2021,2021.5.1,키움,137.6,,140.9,,,132.7,,,135.0,,
임창민,2021,2021.5.6,SSG,139.9,,142.4,,,133.7,,,134.0,,
임창민,2021,2021.5.8,KT,130.4,,137.0,,,127.7,,,128.7,,
임창민,2021,2021.5.12,한화,134.3,,138.1,,,129.5,,,132.5,,
임창민,2021,2021.5.13,한화,131.7,,143.0,,,129.9,,,132.5,,
임창민,2021,2021.5.15,KIA,135.0,,141.4,,,130.7,,,131.2,,
임창민,2021,2021.5.18,LG,133.8,,142.8,,,129.8,,,132.0,,
임창민,2021,2021.5.19,LG,138.7,,142.5,,,130.0,,,132.0,,
임창민,2021,2021.5.23,키움,138.4,,143.1,,,132.0,,,131.1,,
임창민,2021,2021.5.27,삼성,140.4,,144.0,,,134.0,,,134.5,,
임창민,2021,2021.5.30,롯데,136.8,,144.2,,,132.9,,,135.0,,
임창민,2021,2021.6.1,두산,137.4,,143.7,,,131.2,,,134.0,,
임창민,2021,2021.6.4,한화,139.6,,144.9,,,133.0,,,136.0,,
임창민,2021,2021.6.6,한화,140.0,,145.8,,,133.7,,,135.0,,
임창민,2021,2021.6.8,LG,141.1,145.5,145.1,,,132.0,,,134.0,,
임창민,2021,2021.6.10,LG,138.1,,143.1,,,128.5,,,131.0,,
임창민,2021,2021.6.13,삼성,137.1,,142.4,,,134.3,,,134.0,,
임창민,2021,2021.6.18,키움,137.1,,142.8,,,129.7,,,134.0,,
임창민,2021,2021.6.19,키움,135.7,,142.9,,,130.6,,,132.8,,
임창민,2021,2021.6.22,롯데,136.3,,143.6,,,130.0,,,130.5,,
임창민,2021,2021.6.25,SSG,136.1,,145.2,,,131.4,,,134.0,,
임창민,2021,2021.6.26,SSG,139.9,,142.7,,,131.5,,,,,
임창민,2021,2021.6.27,SSG,136.3,,142.9,,,131.3,,,133.0,,
임창민,2021,2021.6.29,KIA,138.1,,143.1,,,129.0,,,131.6,,
임창민,2021,2021.7.2,삼성,135.0,,142.3,,,129.2,,,131.0,,
임창민,2021,2021.7.6,두산,140.3,,142.4,,,,,,132.0,,
임창민,2021,2021.9.30,SSG,140.5,,142.5,,,132.0,,,134.0,,
임창민,2021,2021.10.1,SSG,140.8,,144.4,,,,,,135.6,,
임창민,2021,2021.10.3,롯데,136.6,,142.6,,,130.8,,,134.3,,
임창민,2021,2021.10.6,KT,137.1,,141.8,,,130.0,,,133.5,,
임창민,2021,2021.10.7,삼성,135.1,,140.2,,,129.0,,,133.0,,
임창민,2021,2021.10.16,LG,137.4,,142.2,,,129.0,,,132.3,,
임창민,2021,2021.10.17,LG,133.4,,142.0,,,130.5,,,132.3,,
임창민,2021,2021.10.20,SSG,132.6,,140.0,,,129.5,,,131.7,,
임창민,2021,2021.10.26,SSG,133.2,,140.0,,,127.9,,,132.0,,
임창민,2021,2021.10.28,KT,134.5,,142.2,,,129.7,,,132.6,,
임창민,2020,2020.5.5,삼성,139.0,,142.6,,127.0,130.0,,,135.0,,
임창민,2020,2020.5.6,삼성,128.0,,,,,128.0,,,,,
임창민,2020,2020.5.8,LG,138.0,,142.2,,,129.5,,,,,
임창민,2020,2020.5.10,LG,138.8,,143.5,,,131.7,,,134.0,,
임창민,2020,2020.5.13,KT,134.8,,138.3,,,126.0,,,131.0,,
임창민,2020,2020.5.15,SK,135.5,,142.5,,,128.4,,,133.2,,
임창민,2020,2020.6.13,키움,134.9,,143.3,,,131.3,,,133.0,,
임창민,2020,2020.6.14,키움,134.7,,141.8,,,130.0,,,132.1,,
임창민,2020,2020.6.16,KIA,136.2,,139.7,,,129.0,,,134.0,,
임창민,2020,2020.6.20,한화,138.9,,144.0,,,126.0,,,134.0,,
임창민,2020,2020.6.21,한화,137.0,,142.0,,,129.7,,,133.0,,
임창민,2020,2020.6.25,KT,138.6,,141.0,,,134.0,,,133.5,,
임창민,2020,2020.6.26,두산,137.3,,138.4,,,129.0,,,,,
임창민,2020,2020.6.30,롯데,139.2,,142.8,,,130.0,,,134.0,,
임창민,2020,2020.7.3,KIA,133.5,,140.4,,,129.1,,,132.2,,
임창민,2020,2020.8.19,키움,137.7,,141.2,,,128.7,,,132.7,,
임창민,2020,2020.8.21,KIA,133.7,,138.5,,,131.2,,,133.0,,
임창민,2020,2020.8.25,한화,135.8,,142.6,,,131.2,,,133.2,,
임창민,2020,2020.8.27,두산,137.7,,143.4,,,130.0,,,133.3,,
임창민,2020,2020.8.30,SK,136.2,,142.6,,,131.6,,,132.7,,
임창민,2020,2020.9.1,키움,136.1,,142.2,,,132.2,,,132.7,,
임창민,2020,2020.9.3,LG,134.8,,143.5,,,130.0,,,132.7,,
임창민,2020,2020.9.4,LG,139.7,,142.6,,,130.5,,,132.0,,
임창민,2020,2020.9.9,롯데,137.1,,141.7,,,130.8,,,132.0,,
임창민,2020,2020.9.10,KT,135.1,,141.1,,,131.0,,,131.1,,
임창민,2020,2020.9.13,KIA,137.6,,141.0,,,133.0,,,133.0,,
임창민,2020,2020.9.16,두산,140.0,,145.7,,,133.5,,,134.6,,
임창민,2020,2020.9.17,SK,137.5,,142.7,,,134.0,,,131.5,,
임창민,2020,2020.9.20,롯데,136.6,,142.2,,,130.1,,,132.9,,
임창민,2020,2020.9.22,삼성,134.1,,141.4,,,129.6,,,132.2,,
임창민,2020,2020.9.25,LG,134.8,,141.3,,,132.0,,,132.4,,
임창민,2020,2020.9.27,한화,133.2,,138.8,,,128.2,,,131.1,,
임창민,2020,2020.10.3,삼성,138.4,,142.1,,,131.8,,,133.5,,
임창민,2020,2020.10.4,삼성,135.9,,140.4,,,129.7,,,132.0,,
임창민,2020,2020.10.6,키움,133.1,,142.0,,,132.2,,,131.3,,
임창민,2020,2020.10.8,키움,136.8,,142.2,,,133.8,,,133.0,,
임창민,2020,2020.10.10,LG,137.6,,140.9,,,131.5,,,133.8,,
임창민,2020,2020.10.11,LG,135.9,,140.0,,,130.0,,,131.5,,
임창민,2020,2020.10.15,KIA,134.8,,141.3,,,132.3,,,133.2,,
임창민,2020,2020.10.17,롯데,135.9,,141.4,,,132.0,,,131.9,,
임창민,2020,2020.10.23,한화,136.3,,139.1,,,128.0,,,131.7,,
임창민,2020,2020.10.24,LG,138.5,,141.0,,,132.5,,,130.0,,
임창민,2020,2020.10.28,롯데,140.1,,142.3,,,,,,133.5,,
임창민,2020,2020.10.30,삼성,137.3,,141.6,,,131.4,,,135.3,,
임창민,2020,2020.11.17,두산,138.5,,144.0,,,,,,136.0,,
임창민,2020,2020.11.18,두산,133.0,,,,,133.0,,,133.0,,
원태인,2024,2024.3.27,LG,131.5,,144.6,,106.8,135.3,123.5,,,,
원태인,2024,2024.4.2,키움,131.5,,142.4,,112.8,131.4,123.4,,,,
원태인,2024,2024.4.9,롯데,131.4,,143.8,,113.1,132.1,123.2,,,,
원태인,2024,2024.4.14,NC,133.6,,143.6,135.0,116.4,132.0,123.5,,,,
원태인,2024,2024.4.20,한화,132.2,,142.8,134.3,115.8,131.4,122.0,,,,
원태인,2024,2024.4.26,키움,134.1,,144.6,137.2,118.0,133.6,123.6,,,,
원태인,2024,2024.5.2,두산,134.7,,145.0,136.5,118.0,132.7,125.9,,,,
원태인,2024,2024.5.8,KIA,133.6,,143.5,,115.8,134.1,123.3,,,,
원태인,2024,2024.5.14,SSG,135.8,,144.3,,117.7,135.1,125.3,,,,
원태인,2024,2024.5.21,KT,135.2,,142.1,136.0,113.5,134.0,124.0,,,,
원태인,2024,2024.5.26,롯데,133.7,,144.5,138.7,114.2,134.2,124.7,,,,
원태인,2024,2024.6.1,한화,138.3,,144.2,137.0,118.0,133.5,126.5,,,,
원태인,2024,2024.6.7,키움,137.0,,145.1,138.2,115.7,135.2,124.7,,,,
원태인,2024,2024.6.19,SSG,136.5,,143.3,138.4,122.0,134.8,126.2,,,,
원태인,2024,2024.6.25,LG,135.1,,143.4,137.6,115.6,133.6,125.4,,,,
원태인,2024,2024.6.30,KT,136.7,,142.7,137.8,125.0,134.3,124.9,,,,
원태인,2024,2024.7.13,두산,134.3,,143.6,137.5,120.7,133.0,127.0,,,,
원태인,2024,2024.7.20,롯데,138.2,,144.1,137.8,120.5,134.2,127.4,,,,
원태인,2024,2024.7.27,KT,138.3,,143.7,,,136.1,126.4,,,,
원태인,2024,2024.8.2,SSG,136.3,,143.0,138.9,116.5,132.4,125.5,,,,
원태인,2024,2024.8.8,한화,137.2,,143.4,,109.5,135.5,124.6,,,,
원태인,2024,2024.8.14,KT,138.5,,143.5,137.7,,134.1,125.3,,,,
원태인,2024,2024.8.20,두산,134.8,,141.4,,104.0,131.5,124.6,,,,
원태인,2024,2024.8.25,롯데,137.7,,144.3,137.6,,133.7,125.6,,,,
원태인,2024,2024.9.1,KIA,135.5,,144.3,,118.5,134.5,125.3,,,,
원태인,2024,2024.9.8,NC,136.4,,143.6,137.0,,134.0,125.6,,,,
원태인,2024,2024.9.15,SSG,137.0,,144.1,138.0,114.0,132.7,125.1,,,,
원태인,2024,2024.9.22,키움,134.8,,143.4,,112.0,132.5,124.0,,,,
원태인,2024,2024.10.15,LG,136.0,,144.4,137.0,117.5,136.3,124.6,,,,
원태인,2024,2024.10.21,KIA,134.9,,144.9,138.4,116.8,134.9,125.4,,,,
원태인,2024,2024.10.26,KIA,133.6,,143.1,135.0,120.5,133.1,124.4,,,,
원태인,2023,2023.4.4,한화,134.4,,144.1,,118.5,133.0,124.2,,,,
원태인,2023,2023.4.11,SSG,134.4,,143.3,,116.3,131.7,124.8,,,,
원태인,2023,2023.4.16,롯데,134.0,,143.1,,120.4,126.4,123.8,,,,
원태인,2023,2023.4.22,KIA,135.9,,145.1,,121.0,132.7,126.0,,,,
원태인,2023,2023.4.29,KT,134.2,,141.5,,117.0,125.8,123.2,,,,
원태인,2023,2023.5.10,한화,132.1,,142.8,,113.3,131.1,123.1,,,,
원태인,2023,2023.5.16,KIA,135.0,,143.6,,119.0,131.2,125.3,,,,
원태인,2023,2023.5.23,두산,134.7,,144.4,,117.5,133.7,125.4,,,,
원태인,2023,2023.5.28,KT,137.3,,143.9,,,133.8,126.4,,,,
원태인,2023,2023.6.3,한화,135.8,,144.3,,118.0,134.3,124.7,,,,
원태인,2023,2023.6.9,롯데,136.9,,144.2,,113.0,136.7,124.7,,,,
원태인,2023,2023.6.21,키움,135.9,,147.1,,111.8,138.7,125.5,,,,
원태인,2023,2023.6.27,롯데,134.7,,144.8,,113.8,133.9,123.9,,,,
원태인,2023,2023.7.2,한화,133.7,,143.4,136.1,114.6,132.0,123.9,,,,
원태인,2023,2023.7.12,KIA,136.9,,145.2,,110.5,134.8,125.8,,,,
원태인,2023,2023.7.22,KT,136.8,,146.0,,111.4,136.6,126.4,,,,
원태인,2023,2023.7.28,키움,133.4,,146.1,,111.9,135.5,125.4,,,,
원태인,2023,2023.8.3,KIA,137.3,,146.6,,109.8,136.3,124.9,,,,
원태인,2023,2023.8.9,두산,136.5,,145.9,,110.7,135.1,125.2,,,,
원태인,2023,2023.8.15,LG,136.4,,147.4,138.7,110.0,136.0,126.0,,,,
원태인,2023,2023.8.20,KIA,125.9,,142.9,,96.4,133.2,122.9,,,,
원태인,2023,2023.8.27,키움,133.4,,143.5,137.0,113.5,132.1,122.4,,,,
원태인,2023,2023.9.2,NC,137.0,,146.6,140.3,120.0,134.3,125.8,,,,
원태인,2023,2023.9.7,롯데,135.3,,146.1,140.0,115.6,134.8,125.2,,,,
원태인,2023,2023.9.14,KT,134.3,,143.5,137.3,109.5,134.1,122.4,,,,
원태인,2023,2023.10.15,NC,133.0,,145.0,137.4,106.1,133.6,123.2,,,,
원태인,2022,2022.4.5,두산,134.8,,143.5,,120.8,129.2,125.5,,,,
원태인,2022,2022.4.12,한화,135.9,,144.5,,121.2,128.2,124.7,,,,
원태인,2022,2022.4.17,SSG,136.9,147.0,145.6,,122.0,133.1,127.2,,,,
원태인,2022,2022.4.30,KIA,134.8,,145.4,,119.6,127.9,125.6,,,,
원태인,2022,2022.5.6,롯데,135.2,,144.8,,118.0,133.2,125.3,,,,
원태인,2022,2022.5.12,SSG,134.6,,144.6,,122.0,132.0,127.6,,,,
원태인,2022,2022.5.19,한화,133.8,,145.3,,115.0,131.3,126.5,,,,
원태인,2022,2022.5.25,KIA,134.4,,142.6,,115.0,129.3,124.2,,,,
원태인,2022,2022.5.31,키움,134.6,,143.7,,122.0,128.6,124.8,,,,
원태인,2022,2022.6.11,NC,138.5,,146.8,,118.3,136.1,128.8,,,,
원태인,2022,2022.6.17,KIA,136.6,,145.8,,115.0,133.8,127.1,,,,
원태인,2022,2022.6.23,키움,135.8,,146.0,,118.8,131.1,127.3,,,,
원태인,2022,2022.6.29,KT,132.9,,143.6,,117.2,127.4,125.1,,,,
원태인,2022,2022.7.6,LG,131.9,,143.1,,115.7,133.5,125.0,,,,
원태인,2022,2022.7.12,KT,131.8,,140.1,,118.2,128.6,123.1,,,,
원태인,2022,2022.7.22,키움,133.9,,144.3,,110.5,130.0,123.7,,,,
원태인,2022,2022.7.28,한화,134.3,,144.3,,118.0,131.5,125.1,,,,
원태인,2022,2022.8.4,두산,136.5,,146.0,,115.8,133.4,124.9,,,,
원태인,2022,2022.8.12,KIA,132.5,,143.4,,112.0,129.0,122.9,,,,
원태인,2022,2022.8.18,한화,135.5,,146.9,,117.1,133.6,125.8,,,,
원태인,2022,2022.8.25,롯데,133.8,,146.2,,117.3,130.9,124.6,,,,
원태인,2022,2022.9.1,KIA,133.6,,146.2,,113.8,132.7,123.8,,,,
원태인,2022,2022.9.8,롯데,137.8,143.0,147.6,,115.6,133.2,124.0,,,,
원태인,2022,2022.9.14,NC,136.6,,146.2,,115.7,136.3,123.4,,,,
원태인,2022,2022.9.20,키움,135.9,,147.7,,118.2,135.9,126.4,,,,
원태인,2022,2022.9.28,NC,136.3,,145.6,,115.2,136.2,125.0,,,,
원태인,2022,2022.10.4,KT,131.9,,142.8,,114.9,130.1,122.8,,,,
원태인,2021,2021.4.7,두산,134.9,,145.0,,112.2,130.6,125.9,,,,
원태인,2021,2021.4.13,한화,129.8,,142.1,,111.2,124.9,122.1,,,,
원태인,2021,2021.4.18,롯데,131.3,,145.5,,116.4,127.7,124.3,,,,
원태인,2021,2021.4.24,KIA,136.5,,146.8,,122.6,128.5,126.6,,,,
원태인,2021,2021.4.30,LG,133.6,,144.1,,117.4,127.6,123.6,,,,
원태인,2021,2021.5.7,롯데,135.1,,146.5,,115.6,131.6,126.9,,,,
원태인,2021,2021.5.13,KT,132.0,,143.8,,114.8,124.6,123.3,,,,
원태인,2021,2021.5.19,키움,134.0,,144.7,,116.4,128.0,125.7,,,,
원태인,2021,2021.5.27,NC,135.6,,146.1,,116.8,133.2,123.9,,,,
원태인,2021,2021.6.6,키움,135.2,,146.6,,117.5,133.0,126.3,,,,
원태인,2021,2021.6.12,NC,135.4,,146.6,,121.5,128.4,127.3,,,,
원태인,2021,2021.6.18,롯데,136.7,,146.5,,119.0,127.5,126.5,,,,
원태인,2021,2021.6.24,한화,133.3,,143.8,,118.6,126.2,124.0,,,,
원태인,2021,2021.6.30,SSG,135.6,,145.9,,115.0,128.6,126.3,,,,
원태인,2021,2021.7.10,롯데,134.1,,144.1,,116.5,124.8,123.5,,,,
원태인,2021,2021.8.20,SSG,135.3,,144.2,,117.8,130.0,124.7,,,,
원태인,2021,2021.8.27,LG,131.4,137.0,144.2,,118.9,129.8,123.9,,,,
원태인,2021,2021.9.2,KIA,133.1,,142.1,,117.3,125.2,122.8,,,,
원태인,2021,2021.9.8,롯데,131.1,138.5,142.0,,117.0,126.7,122.1,,,,
원태인,2021,2021.9.14,LG,135.8,,144.6,,116.0,131.0,126.3,,,,
원태인,2021,2021.9.19,SSG,133.3,,144.1,,116.8,131.0,125.1,,,,
원태인,2021,2021.9.25,NC,133.0,,142.0,,114.6,128.0,123.2,,,,
원태인,2021,2021.10.1,한화,132.7,,142.2,,117.0,127.4,124.4,,,,
원태인,2021,2021.10.7,NC,133.4,,143.5,,115.3,127.8,123.1,,,,
원태인,2021,2021.10.14,KIA,133.6,,143.2,,114.5,126.5,125.5,,,,
원태인,2021,2021.10.22,KT,135.9,,145.0,,118.4,129.9,125.4,,,,
원태인,2021,2021.11.10,두산,135.4,,143.3,,,126.6,123.6,,,,
원태인,2020,2020.5.5,NC,140.9,,143.2,,,134.0,134.0,,,,
원태인,2020,2020.5.9,KIA,133.4,,142.2,,114.2,130.2,123.8,,,,
원태인,2020,2020.5.15,KT,135.0,,142.7,136.5,112.9,132.4,124.1,,,,
원태인,2020,2020.5.21,LG,134.5,,142.8,,111.3,130.5,124.0,,,,
원태인,2020,2020.5.27,롯데,133.4,,143.2,,112.0,130.2,123.2,,,,
원태인,2020,2020.6.2,LG,134.8,,145.1,,111.6,129.5,123.4,,,,
원태인,2020,2020.6.9,키움,135.0,,142.2,,108.7,127.2,122.9,,,,
원태인,2020,2020.6.14,KT,132.5,,143.7,,111.6,127.8,123.8,,,,
원태인,2020,2020.6.20,KIA,131.1,,141.4,,106.0,128.6,120.9,,,,
원태인,2020,2020.6.26,롯데,134.8,,144.4,,109.6,132.6,123.1,,,,
원태인,2020,2020.7.2,SK,133.3,,142.6,,109.9,130.5,121.4,,,,
원태인,2020,2020.7.8,키움,135.2,,142.5,,106.5,129.4,123.1,,,,
원태인,2020,2020.7.29,한화,133.3,,143.3,,115.3,133.2,123.5,,,,
원태인,2020,2020.8.4,두산,133.7,,145.9,,113.4,129.8,123.4,,,,
원태인,2020,2020.8.11,두산,132.2,,141.5,,112.9,128.7,122.1,,,,
원태인,2020,2020.8.16,한화,130.7,,141.5,,108.9,127.4,121.4,,,,
원태인,2020,2020.8.22,롯데,134.7,,141.7,,110.0,128.5,123.3,,,,
원태인,2020,2020.9.3,두산,134.1,,143.2,,110.0,130.7,124.2,,,,
원태인,2020,2020.9.9,한화,132.9,,142.3,,115.0,129.9,122.8,,,,
원태인,2020,2020.9.16,KT,133.5,,141.5,,114.2,131.4,123.0,,,,
원태인,2020,2020.9.22,NC,134.0,,142.6,,114.9,132.6,123.1,,,,
원태인,2020,2020.9.27,SK,133.8,,142.0,,112.7,131.0,124.4,,,,
원태인,2020,2020.10.3,NC,132.1,,143.3,,116.8,128.7,124.9,,,,
원태인,2020,2020.10.9,롯데,129.2,,139.5,,111.4,128.2,121.3,,,,
원태인,2020,2020.10.15,SK,134.8,,141.9,,115.8,131.9,126.3,,,,
원태인,2020,2020.10.21,KT,137.3,,143.2,,120.0,128.2,127.4,,,,
원태인,2020,2020.10.30,NC,134.4,,142.6,,119.0,130.1,126.7,,,,
김대호,2024,2024.9.24,KIA,133.4,,141.3,,115.2,128.5,,,131.8,,
최성훈,2024,2024.3.27,LG,128.9,,135.3,,,126.3,,,,,
최성훈,2024,2024.3.29,SSG,128.5,,132.0,,,125.0,,,,,
최성훈,2024,2024.3.30,SSG,121.4,,132.0,,112.0,123.2,,,,,
최성훈,2024,2024.3.31,SSG,129.3,,132.0,,,124.0,,,,,
최성훈,2024,2024.4.4,키움,126.8,,132.0,,,122.6,,,,,
최성훈,2024,2024.4.5,KIA,129.8,,135.3,,,125.3,,,,,
최성훈,2024,2024.4.7,KIA,128.0,,135.0,,,125.7,,,,,
최성훈,2024,2024.4.10,롯데,127.9,,134.4,,,124.7,,,,,
최성훈,2024,2024.4.12,NC,128.9,,133.8,,,124.9,,,,,
최성훈,2024,2024.4.14,NC,124.0,,,,,124.0,,,,,
최성훈,2024,2024.4.19,한화,124.3,,132.0,,,123.4,,,,,
최성훈,2024,2024.4.25,LG,127.3,,131.2,,,125.9,,,,,
최성훈,2024,2024.4.27,키움,128.7,,133.8,,,126.2,,,,,
최성훈,2024,2024.5.3,롯데,126.8,,132.0,,,124.9,,,,,
최성훈,2024,2024.5.8,KIA,126.4,131.0,,,,122.4,,,,,
최성훈,2024,2024.5.9,KIA,123.8,133.0,,,,122.0,,,,,
최성훈,2024,2024.5.10,NC,127.6,133.0,,,,125.4,,,,,
최성훈,2024,2024.5.17,한화,129.5,,132.8,,,123.0,,,,,
최성훈,2024,2024.5.21,KT,131.9,,134.8,,,124.5,,,,,
최성훈,2024,2024.5.23,KT,130.6,,134.0,,,125.5,,,,,
최성훈,2024,2024.6.15,NC,136.9,,138.3,,,128.0,,,,,
최성훈,2024,2024.6.16,NC,132.2,,136.3,,,126.0,,,,,
최성훈,2024,2024.6.18,SSG,126.3,,133.3,,115.0,126.8,,,,,
최성훈,2024,2024.6.21,두산,130.4,,136.0,,,126.7,,,,,
최성훈,2024,2024.6.23,두산,126.0,,,,,126.0,,,,,
최성훈,2024,2024.6.25,LG,133.0,135.0,137.8,,,127.8,,,,,
최성훈,2024,2024.6.30,KT,129.3,,136.5,,,125.8,,,,,
최성훈,2024,2024.7.3,KIA,131.7,,134.0,,,127.0,,,,,
최성훈,2023,2023.5.9,키움,133.3,,137.8,,,127.3,,,,,
최성훈,2023,2023.5.10,키움,131.7,,137.3,,116.0,128.9,,,,,
최성훈,2023,2023.6.8,키움,130.2,132.5,138.0,,118.0,127.8,,,,,
최성훈,2023,2023.10.5,롯데,125.5,,,,,125.5,,,,,
최성훈,2023,2023.10.7,키움,131.0,,135.2,,,128.4,,,,,
최성훈,2022,2022.4.2,KIA,130.0,,138.0,,,124.7,,,,,
최성훈,2022,2022.4.6,키움,125.4,,138.0,,115.5,129.0,,,,,
최성훈,2022,2022.4.7,키움,132.1,,136.6,,,124.2,,,,,
최성훈,2022,2022.5.19,KT,127.5,,133.3,,,121.7,,,,,
최성훈,2022,2022.5.21,SSG,128.0,,139.0,,116.0,126.0,,,,,
최성훈,2022,2022.5.22,SSG,132.8,,137.6,,,124.7,,,,,
최성훈,2022,2022.5.24,키움,131.8,,138.2,,,126.1,,,,,
최성훈,2022,2022.5.26,키움,133.4,,137.0,,,127.3,,,,,
최성훈,2022,2022.5.29,삼성,127.3,,137.0,,118.0,127.2,,,,,
최성훈,2022,2022.5.31,롯데,132.2,,136.7,,,127.7,,,,,
최성훈,2022,2022.6.1,롯데,131.8,,136.0,,124.0,128.4,,,,,
최성훈,2022,2022.6.3,SSG,130.2,136.5,138.8,,115.0,126.0,,,,,
최성훈,2022,2022.6.4,SSG,121.0,,,,,121.0,,,,,
최성훈,2022,2022.6.8,KIA,128.0,,137.0,,,126.2,,,,,
최성훈,2022,2022.6.10,두산,131.6,,139.0,,,125.6,,,,,
최성훈,2022,2022.6.12,두산,129.3,134.0,137.5,,118.0,127.3,,,,,
최성훈,2022,2022.6.18,키움,133.6,,137.7,,115.0,126.8,,,,,
최성훈,2022,2022.6.21,한화,130.2,,139.0,,,128.0,,,,,
최성훈,2022,2022.6.28,NC,128.5,,137.8,,110.0,124.7,,,,,
최성훈,2022,2022.7.2,롯데,131.1,,138.9,,,123.2,,,,,
최성훈,2022,2022.7.7,삼성,129.5,,138.0,,,126.7,,,,,
최성훈,2022,2022.7.8,두산,128.7,,133.7,,,125.0,,,,,
최성훈,2022,2022.7.10,두산,131.9,135.0,137.9,,,125.6,,,,,
최성훈,2022,2022.7.12,KIA,131.1,,138.4,,,126.5,,,,,
최성훈,2022,2022.7.14,KIA,134.5,,140.0,,,129.0,,,,,
최성훈,2022,2022.7.23,NC,133.3,,138.6,,,128.7,,,,,
최성훈,2022,2022.7.26,SSG,134.7,,138.0,,,126.0,,,,,
최성훈,2022,2022.7.29,KT,130.7,,137.5,,,127.2,,,,,
최성훈,2022,2022.8.4,롯데,131.0,,136.1,,,125.0,,,,,
최성훈,2022,2022.8.5,키움,133.0,,140.0,,119.0,128.3,,,,,
최성훈,2022,2022.8.14,NC,128.3,,134.0,,,126.3,,,,,
최성훈,2022,2022.8.17,삼성,130.9,,138.2,,,126.7,,,,,
최성훈,2022,2022.8.18,SSG,132.1,,137.7,,,126.6,,,,,
최성훈,2022,2022.8.24,한화,132.4,,137.6,,,127.9,,,,,
최성훈,2022,2022.8.27,키움,131.4,,138.7,,,127.0,,,,,
최성훈,2022,2022.8.31,NC,133.7,,138.0,,,125.0,,,,,
최성훈,2022,2022.9.6,SSG,128.8,,139.0,,,125.3,,,,,
최성훈,2022,2022.9.8,키움,130.0,135.0,138.8,,115.0,127.6,,,,,
최성훈,2022,2022.9.11,삼성,132.2,,139.0,,,129.2,,,,,
최성훈,2022,2022.9.15,KT,129.0,,138.0,,114.0,128.2,,,,,
최성훈,2022,2022.9.18,한화,129.3,,138.0,,118.0,127.4,,,,,
최성훈,2022,2022.9.20,KIA,130.7,,135.7,,,125.7,,,,,
최성훈,2022,2022.9.22,롯데,130.6,,136.8,,119.0,127.2,,,,,
최성훈,2022,2022.9.25,SSG,131.0,,137.4,,113.0,126.7,,,,,
최성훈,2022,2022.9.28,한화,127.8,,135.5,,,125.6,,,,,
최성훈,2022,2022.10.24,키움,130.7,,135.0,,,126.3,,,,,
최성훈,2021,2021.4.22,KIA,131.6,,141.0,,,126.9,,,,,
최성훈,2021,2021.4.24,한화,133.1,,138.8,,,125.9,,,,,
최성훈,2021,2021.4.28,롯데,133.9,,138.8,,,126.7,,,,,
최성훈,2021,2021.4.30,삼성,129.6,,134.0,,,126.7,,,,,
최성훈,2021,2021.5.1,삼성,128.9,,133.5,,,123.4,,,,,
최성훈,2021,2021.5.8,한화,130.1,,139.8,,,126.4,,,,,
최성훈,2021,2021.5.9,한화,136.3,,138.8,,,122.5,,,,,
최성훈,2021,2021.5.11,KIA,131.6,,139.7,,116.7,126.7,,,,,
최성훈,2021,2021.5.15,삼성,132.2,,138.8,,,127.0,,,,,
최성훈,2021,2021.5.20,NC,132.9,,138.0,,116.0,125.5,,,,,
최성훈,2021,2021.5.26,롯데,135.0,,140.5,,,129.5,,,,,
최성훈,2021,2021.5.29,키움,130.8,,138.5,,,127.0,,,,,
최성훈,2021,2021.5.30,키움,134.3,,141.6,,,128.7,,,,,
최성훈,2021,2021.6.1,KT,133.9,,139.1,,,127.1,,,,,
최성훈,2021,2021.6.5,KIA,133.1,,140.8,,,128.5,,,,,
최성훈,2021,2021.6.9,NC,133.8,143.0,142.0,,,130.0,,,,,
최성훈,2021,2021.6.12,두산,132.6,,139.8,,,125.3,,,,,
최성훈,2021,2021.6.30,KT,136.1,,140.5,,,127.3,,,,,
최성훈,2021,2021.7.2,한화,131.0,,139.0,,,128.3,,,,,
최성훈,2021,2021.7.5,한화,135.3,,140.6,,,128.6,,,,,
최성훈,2021,2021.8.11,SSG,136.7,,140.2,,,129.5,,,,,
최성훈,2021,2021.8.14,롯데,132.1,,138.9,,,126.2,,,,,
최성훈,2021,2021.8.18,KT,129.9,,135.8,,,124.0,,,,,
최성훈,2021,2021.8.20,NC,133.4,136.0,138.0,,,126.4,,,,,
최성훈,2021,2021.8.29,키움,133.5,,139.9,,117.7,131.0,132.0,,,,
최성훈,2021,2021.8.31,롯데,135.7,,139.2,,117.0,127.0,,,,,
최성훈,2021,2021.9.3,NC,132.0,137.0,140.0,,,127.5,,,,,
최성훈,2021,2021.9.9,한화,135.2,,140.4,,,129.0,,,,,
최성훈,2021,2021.9.11,두산,137.0,,140.2,,,127.5,,,,,
최성훈,2021,2021.9.12,두산,135.3,139.0,140.0,,,128.9,,,,,
최성훈,2021,2021.9.15,삼성,131.2,,137.5,,,127.0,,,,,
최성훈,2021,2021.9.17,NC,129.1,,138.0,,,127.7,,,,,
최성훈,2021,2021.9.18,KIA,131.7,,138.2,,118.0,127.5,,,,,
최성훈,2021,2021.9.22,한화,134.6,,140.8,,,128.4,,,,,
최성훈,2021,2021.9.23,삼성,131.2,,139.0,,117.0,128.5,,,,,
최성훈,2021,2021.9.30,두산,131.3,,140.2,,,126.9,,,,,
최성훈,2021,2021.10.1,두산,131.9,,138.8,,,126.0,,,,,
최성훈,2021,2021.10.3,키움,129.5,,137.5,,116.5,125.0,,,,,
최성훈,2021,2021.10.6,SSG,129.6,,136.4,,117.0,124.6,,,,,
최성훈,2021,2021.10.9,KT,134.3,,137.4,,,126.5,,,,,
최성훈,2021,2021.10.11,KT,132.6,,139.0,,116.5,129.2,,,,,
최성훈,2021,2021.10.13,롯데,129.3,,138.0,,,126.3,,,,,
최성훈,2021,2021.10.17,NC,128.8,,137.0,,119.0,127.0,,,,,
최성훈,2021,2021.10.20,키움,132.4,,137.2,,118.0,123.0,,,,,
최성훈,2021,2021.10.23,두산,133.3,,138.7,,119.0,124.5,,,,,
최성훈,2021,2021.10.24,두산,130.2,,137.0,,,126.8,,,,,
최성훈,2021,2021.11.5,두산,128.7,,137.0,,117.0,124.3,,,,,
최성훈,2020,2020.6.5,키움,129.3,,137.0,,,126.7,,,,,
최성훈,2020,2020.6.7,키움,132.5,,140.1,,119.5,125.4,,,,,
최성훈,2020,2020.6.13,롯데,133.5,,140.6,,121.0,125.3,,,,,
최성훈,2020,2020.6.16,한화,134.1,,140.3,,,126.8,,,,,
최성훈,2020,2020.6.17,한화,138.0,,140.6,,,125.0,,,,,
최성훈,2020,2020.6.19,두산,133.1,,140.6,,118.5,125.2,,,,,
최성훈,2020,2020.6.20,두산,136.5,,139.0,,,124.0,,,,,
최성훈,2020,2020.6.21,두산,134.6,,140.7,,,125.5,,,,,
최성훈,2020,2020.6.25,키움,133.6,,139.9,,,124.6,130.0,,,,
최성훈,2020,2020.6.26,SK,130.8,,139.7,,,124.7,,,,,
최성훈,2020,2020.6.30,KT,131.8,,140.5,,,123.0,,,,,
최성훈,2020,2020.7.2,KT,132.5,,143.3,,,126.0,,,,,
최성훈,2020,2020.7.3,삼성,126.3,137.0,138.0,,123.0,123.5,,,,,
최성훈,2020,2020.7.4,삼성,128.6,,138.0,,,126.2,,,,,
최성훈,2020,2020.7.7,두산,128.5,,138.2,,,123.0,,,,,
최성훈,2020,2020.7.9,두산,132.9,,139.8,,,126.1,,,,,
최성훈,2020,2020.7.16,롯데,130.4,,135.3,,,123.0,,,,,
최성훈,2020,2020.7.17,한화,136.0,,141.7,,123.5,129.0,135.0,,,,
최성훈,2020,2020.7.21,KT,133.3,,138.2,,,123.5,,,,,
최성훈,2020,2020.7.24,두산,132.2,,139.6,,,124.8,,,,,
최성훈,2020,2020.7.28,SK,130.1,,139.8,,121.5,125.8,,,,,
최성훈,2020,2020.7.29,SK,129.0,,140.0,,,125.3,,,,,
최성훈,2020,2020.7.31,한화,133.2,,139.3,,,127.0,,,,,
최성훈,2020,2020.8.4,KIA,133.7,,138.6,,,121.5,,,,,
최성훈,2020,2020.8.8,키움,132.5,,138.8,,,126.2,,,,,
최성훈,2020,2020.8.11,KIA,130.5,,137.7,,,123.3,,,,,
최성훈,2020,2020.8.15,NC,133.9,,138.4,,116.0,129.0,,,,,
최성훈,2020,2020.8.16,NC,129.8,,,,,129.8,,,,,
최성훈,2020,2020.8.18,KIA,131.2,,138.1,,121.0,125.3,,,,,
최성훈,2020,2020.8.20,키움,132.0,,139.0,,,125.0,,,,,
최성훈,2020,2020.8.23,한화,130.9,,138.4,,,125.6,,,,,
최성훈,2020,2020.8.28,KT,133.0,,140.0,,,130.2,,,,,
최성훈,2020,2020.8.30,두산,131.8,,137.0,,,126.5,,,,,
최성훈,2020,2020.9.1,SK,129.3,,136.8,,,125.5,,,,,
최성훈,2020,2020.9.3,NC,131.8,,140.0,,,127.8,,,,,
최성훈,2020,2020.9.4,NC,134.6,,140.8,,,125.2,,,,,
최성훈,2020,2020.9.7,롯데,131.5,,138.3,,,123.2,,,,,
최성훈,2020,2020.9.12,삼성,130.8,,139.3,,,124.4,,,,,
최성훈,2020,2020.9.15,한화,132.7,,138.2,,,125.8,,,,,
최성훈,2020,2020.9.19,두산,130.4,,137.8,,122.6,125.1,131.0,,,,
최성훈,2020,2020.9.26,KT,130.2,,137.5,,,125.3,,,,,
최성훈,2020,2020.9.29,롯데,130.6,,137.9,,117.0,126.1,,,,,
최성훈,2020,2020.10.3,KT,131.3,,137.8,,120.0,124.0,,,,,
최성훈,2020,2020.10.6,삼성,127.6,,137.5,,,123.6,,,,,
최성훈,2020,2020.10.7,삼성,127.9,,139.0,,,126.0,,,,,
최성훈,2020,2020.10.13,롯데,133.0,,136.3,,,125.0,130.7,,,,
최성훈,2020,2020.10.16,KIA,132.9,,137.8,,,126.6,,,,,
최성훈,2020,2020.10.18,KIA,134.2,134.0,140.7,,,126.4,,,,,
최성훈,2020,2020.11.4,두산,130.9,,138.7,,,124.8,,,,,
양현,2024,2024.3.29,SSG,119.5,128.5,,,117.7,,,,,,
양현,2024,2024.3.31,SSG,123.8,127.1,,,118.0,,,,,,
양현,2024,2024.4.5,KIA,125.8,131.5,,,120.0,,,,,,
양현,2024,2024.4.7,KIA,126.7,132.0,,,121.3,,,,,,
양현,2024,2024.4.9,롯데,122.0,128.0,,,118.1,,,,,,
양현,2024,2024.4.14,NC,123.3,128.5,,,118.8,,,,,,
양현,2024,2024.4.17,두산,123.8,127.8,,,118.5,,,,,,
양현,2024,2024.4.18,두산,121.5,126.4,,,117.2,,,,,,
양현,2024,2024.6.12,LG,122.8,129.2,,,119.6,,,,,,
양현,2024,2024.6.13,LG,118.5,,,,118.5,,,,,,
양현,2024,2024.6.15,NC,125.5,132.0,,,121.7,,,,,,
양현,2024,2024.6.18,SSG,127.1,130.0,,,120.2,,,,,,
양현,2024,2024.6.23,두산,117.5,,,,117.5,,,,,,
양현,2024,2024.6.25,LG,126.7,130.5,,,119.0,,,,,,
양현,2024,2024.6.30,KT,125.2,128.8,,,118.0,,,,,,
양현,2024,2024.7.3,KIA,127.9,130.2,,,118.7,,,,,,
양현,2024,2024.8.21,두산,121.4,126.5,,,116.8,,,,,,
양현,2024,2024.8.24,롯데,124.8,129.2,,,118.4,,,,,,
양현,2023,2023.4.9,NC,128.3,,,,,,,128.3,,,
양현,2023,2023.4.11,두산,124.1,,,,116.5,,,129.2,,,
양현,2023,2023.4.13,두산,123.4,,,,116.3,,,127.0,,,
양현,2023,2023.4.18,삼성,121.0,,,,115.6,,,126.7,,,
양현,2023,2023.4.21,SSG,126.3,,,,118.5,,,130.1,,,
양현,2023,2023.4.22,SSG,123.4,,,,119.5,,,130.5,,,
양현,2023,2023.4.26,KT,128.6,,,,,,,128.6,,,
양현,2023,2023.4.27,KT,127.3,,,,119.8,,,129.3,,,
양현,2023,2023.4.30,롯데,126.0,,,,116.0,,,128.5,,,
양현,2023,2023.5.2,삼성,123.8,,,,116.0,,,127.6,,,
양현,2023,2023.5.5,SSG,125.3,,,,116.7,,,129.0,,,
양현,2023,2023.5.9,LG,123.1,,,,118.8,,,129.9,,,
양현,2023,2023.5.10,LG,122.8,,,,116.0,,,127.7,,,
양현,2023,2023.5.14,NC,122.8,,,,115.5,,,128.6,,,
양현,2023,2023.5.16,두산,124.7,,,,117.3,,,127.1,,,
양현,2023,2023.5.18,두산,124.8,,,,116.7,,,127.9,,,
양현,2023,2023.5.20,KIA,126.0,,,,118.0,,,129.4,,,
양현,2023,2023.5.24,KT,121.5,,,,115.2,,,126.2,,,
양현,2023,2023.5.28,롯데,124.8,,,,118.2,,,129.7,,,
양현,2023,2023.5.30,한화,123.4,,,,118.4,,,129.4,,,
양현,2023,2023.6.1,한화,124.4,,,,119.5,,,125.9,,,
양현,2023,2023.6.3,SSG,127.4,,,,120.4,,,131.9,,,
양현,2023,2023.6.7,LG,126.0,,,,116.0,,,129.3,,,
양현,2023,2023.6.11,KT,125.0,,,,114.7,,,126.6,,,
양현,2023,2023.6.13,KIA,131.0,,,,,,,131.0,,,
양현,2023,2023.6.15,KIA,128.0,,,,119.0,,,129.8,,,
양현,2023,2023.6.16,한화,129.3,,,,,,,129.2,,,
양현,2023,2023.6.17,한화,126.4,,,,118.8,,,129.8,,,
양현,2023,2023.6.20,삼성,128.0,,,,121.5,,,131.7,,,
양현,2023,2023.6.23,두산,124.5,,,,117.5,,,128.6,,,
양현,2023,2023.6.25,두산,127.7,,,,119.0,,,128.9,,,
양현,2023,2023.6.28,KIA,125.8,,,,120.4,,,132.0,,,
양현,2023,2023.7.2,SSG,126.8,,,,122.0,,,133.3,,,
양현,2023,2023.7.4,NC,126.9,,,,120.0,,,131.2,,,
양현,2023,2023.7.5,NC,125.8,,,,120.1,,,131.4,,,
양현,2023,2023.7.6,NC,129.7,,,,121.0,,,131.4,,,
양현,2023,2023.7.11,KT,126.6,,,,120.5,,,131.4,,,
양현,2023,2023.7.22,롯데,122.6,,,,118.8,,121.0,130.5,,,
양현,2023,2023.7.25,한화,126.9,,,,118.0,,,128.0,,,
양현,2023,2023.7.28,삼성,123.3,,,,119.8,,,130.1,,,
양현,2023,2023.7.29,삼성,123.2,,,,117.5,,,128.9,,,
양현,2023,2023.8.3,LG,126.3,,,,121.0,,,131.7,,,
양현,2023,2023.8.6,NC,122.2,,,,119.7,,,131.5,,,
양현,2023,2023.8.9,롯데,128.4,,,,,,,128.4,,,
양현,2023,2023.8.10,롯데,125.6,,,,120.0,,,129.3,,,
양현,2023,2023.8.13,LG,123.8,,,,118.3,,,129.7,,,
양현,2023,2023.8.16,KIA,125.2,,,,117.3,,,129.6,,,
양현,2023,2023.8.22,두산,124.3,,,,119.9,,,131.3,,,
양현,2023,2023.8.24,두산,123.5,,,,119.2,,,129.8,,,
양현,2023,2023.8.30,SSG,123.0,,,,119.8,,,131.3,,,
양현,2023,2023.9.6,NC,126.2,,,,121.1,,,132.4,,,
양현,2023,2023.9.9,한화,123.7,,,,116.4,,,127.0,,,
양현,2023,2023.9.10,한화,124.8,,,,116.6,,,127.3,,,
양현,2023,2023.9.29,KIA,122.5,,,,116.7,,,127.5,,,
양현,2022,2022.6.12,KIA,122.4,,,,116.4,,,128.4,,,
양현,2022,2022.6.19,LG,119.7,,,,115.5,,,128.0,,,
양현,2022,2022.6.21,삼성,125.8,,,,119.4,,,131.4,,,
양현,2022,2022.6.26,롯데,122.1,,,,115.4,,,126.5,,,
양현,2022,2022.6.30,KIA,121.6,,,,116.0,,,127.9,,,
양현,2022,2022.7.9,NC,122.6,,,,117.0,,,128.1,,,
양현,2022,2022.7.22,삼성,123.4,,,,116.7,,,125.7,,,
양현,2022,2022.7.24,삼성,120.2,,,,116.9,,,127.2,,,
양현,2022,2022.8.4,SSG,122.9,,,,116.5,,,127.8,,,
양현,2022,2022.8.5,LG,123.0,,,,119.1,,,129.2,,,
양현,2022,2022.8.7,LG,122.9,,,,117.4,,,128.4,,,
양현,2022,2022.8.10,롯데,120.9,,,,116.8,,,126.3,,,
양현,2022,2022.8.14,한화,126.8,,,,117.0,,,128.2,,,
양현,2022,2022.8.16,KT,122.9,,,,115.0,,,125.6,,,
양현,2022,2022.8.23,KIA,121.6,,,,115.8,,,125.4,,,
양현,2022,2022.8.25,NC,123.6,,,,118.0,,,128.0,,,
양현,2022,2022.9.3,SSG,127.4,,,,121.0,,,131.3,,,
양현,2022,2022.9.6,삼성,120.5,,,,116.9,,,128.0,,,
양현,2022,2022.9.10,KT,125.1,,,,120.8,,,129.0,,,
양현,2022,2022.9.16,롯데,118.9,,,,115.9,,,126.1,,,
양현,2022,2022.9.22,두산,122.6,,,,119.3,,,130.3,,,
양현,2022,2022.9.29,SSG,120.5,,,,118.7,,,130.2,,,
양현,2022,2022.9.30,SSG,120.7,,,,119.4,,,131.5,,,
양현,2022,2022.10.6,한화,121.8,,,,120.3,,,130.0,,,
양현,2022,2022.10.8,두산,121.7,,,,120.0,,,126.3,,,
양현,2022,2022.10.16,KT,122.5,,,,119.5,,,129.7,,,
양현,2022,2022.10.20,KT,125.1,,,,119.4,,,129.1,,,
양현,2022,2022.10.22,KT,123.8,,,,117.2,,,129.4,,,
양현,2022,2022.10.24,LG,126.6,,,,118.0,,,127.2,,,
양현,2022,2022.10.25,LG,127.8,,,,118.3,,,129.6,,,
양현,2022,2022.11.1,SSG,126.5,,,,117.0,,,128.0,,,
양현,2022,2022.11.5,SSG,125.2,,,,117.0,,,126.2,,,
양현,2022,2022.11.7,SSG,128.3,,,,119.3,,,130.1,,,
양현,2021,2021.4.4,삼성,121.5,,,,116.1,,,127.7,,,
양현,2021,2021.4.6,KIA,121.0,,,,116.7,,,126.1,,,
양현,2021,2021.4.7,KIA,121.5,,,,118.0,,,125.8,,,
양현,2021,2021.4.9,롯데,118.9,,,,116.2,,,121.0,,,
양현,2021,2021.4.11,롯데,118.7,,,,115.5,,,123.7,,,
양현,2021,2021.4.16,KT,122.6,,,,115.2,,,126.2,,,
양현,2021,2021.4.21,한화,121.6,,,,113.1,,,124.5,,,
양현,2021,2021.4.22,한화,126.3,,,,,,,126.2,,,
양현,2021,2021.4.25,SSG,125.4,,,,,,,125.4,,,
양현,2021,2021.4.27,두산,125.1,,,,115.0,,,126.8,,,
양현,2021,2021.4.28,두산,126.8,,,,118.7,,,128.1,,,
양현,2021,2021.4.30,NC,123.4,,,,116.0,,,126.6,,,
양현,2021,2021.5.6,KT,120.9,,,,115.8,,,124.3,,,
양현,2021,2021.5.9,SSG,122.7,,,,113.2,,,125.4,,,
양현,2021,2021.5.11,두산,123.0,,,,113.0,,,126.3,,,
양현,2021,2021.5.13,두산,122.8,,,,117.3,,,128.1,,,
양현,2021,2021.5.19,삼성,124.7,,,,118.0,,,127.8,,,
양현,2021,2021.5.23,NC,117.9,,,,112.7,,,124.0,,,
양현,2021,2021.6.5,삼성,123.7,,,,115.8,,,128.6,,,
양현,2021,2021.6.6,삼성,122.0,,,,117.3,,,129.0,,,
양현,2021,2021.6.9,한화,122.4,,,,112.7,,,125.1,,,
양현,2021,2021.6.11,SSG,116.2,,,,113.6,,,124.6,,,
양현,2021,2021.6.15,LG,124.4,,,,116.0,,,126.4,,,
양현,2021,2021.6.18,NC,121.1,,,,114.0,,,124.2,,,
양현,2021,2021.6.19,NC,122.2,,,,114.8,,,126.2,,,
양현,2021,2021.6.22,두산,123.2,,,,115.5,,,125.4,,,
양현,2021,2021.6.25,KIA,118.2,,,,113.1,,,125.2,,,
양현,2021,2021.6.29,롯데,122.2,,,,117.3,,,127.5,,,
양현,2021,2021.7.2,KT,117.0,,,,112.4,,,124.4,,,
양현,2021,2021.7.5,KT,117.9,,,,112.2,,,122.6,,,
양현,2021,2021.7.7,SSG,121.1,,,,114.8,,,127.4,,,
양현,2021,2021.8.12,KT,122.0,,,,114.6,,,125.7,,,
양현,2021,2021.8.25,한화,117.6,,,,113.3,,,122.5,,,
양현,2021,2021.8.27,한화,117.8,,,,112.3,,,123.6,,,
양현,2021,2021.8.29,LG,124.3,,,,114.0,,,125.1,,,
양현,2021,2021.9.3,KT,120.7,,,,113.8,,,125.2,,,
양현,2021,2021.9.8,두산,123.3,,,,115.0,,,126.3,,,
양현,2021,2021.9.12,롯데,123.8,,,,114.3,,,126.6,,,
양현,2021,2021.9.14,NC,121.2,,,,115.0,,,125.6,,,
양현,2021,2021.9.16,한화,120.2,,,,115.0,,,126.6,,,
양현,2021,2021.9.21,SSG,121.4,,,,116.3,,117.7,126.3,,,
양현,2021,2021.9.26,롯데,119.0,,,,114.2,,,126.6,,,
양현,2021,2021.10.2,LG,119.3,,,,114.3,,115.0,125.7,,,
양현,2021,2021.10.6,삼성,119.4,,,,114.3,,,127.0,,,
양현,2020,2020.5.5,KIA,119.6,,,,114.3,,,125.5,,,
양현,2020,2020.5.7,KIA,124.4,,,,117.5,,,127.4,,,
양현,2020,2020.5.9,한화,127.2,,,,117.0,,,129.2,,,
양현,2020,2020.5.10,한화,125.6,,,,116.8,,,129.2,,,
양현,2020,2020.5.16,LG,125.5,,,,118.0,,,128.0,,,
양현,2020,2020.5.17,LG,122.7,,,,117.2,,,127.0,,,
양현,2020,2020.5.20,SK,122.5,,,,118.6,,,128.3,,,
양현,2020,2020.5.21,SK,124.1,,,,118.0,,,127.1,,,
양현,2020,2020.6.2,한화,120.5,,,,117.3,,,130.0,,,
양현,2020,2020.6.4,한화,123.7,134.0,,,117.0,,,132.0,,,
양현,2020,2020.6.6,LG,123.0,,,,117.5,,,131.2,,,
양현,2020,2020.6.9,삼성,122.8,,,,118.6,,,129.9,,,
양현,2020,2020.6.11,삼성,120.5,,,,117.0,,,128.8,,,
양현,2020,2020.6.14,NC,121.7,,,,115.3,,,128.0,,,
양현,2020,2020.6.16,롯데,122.8,,,,118.2,,,130.0,,,
양현,2020,2020.6.17,롯데,125.0,,,,118.4,,,131.6,,,
양현,2020,2020.6.20,SK,123.3,,,,115.3,,,129.2,,,
양현,2020,2020.6.25,LG,122.5,,131.0,,117.5,,,130.5,,,
양현,2020,2020.7.1,두산,122.7,,,,117.7,,,129.6,,,
양현,2020,2020.7.2,두산,125.0,,,,119.7,,,130.8,,,
양현,2020,2020.7.7,삼성,124.1,,,,118.8,,,129.0,,,
양현,2020,2020.7.10,KIA,122.3,,,,117.3,,,129.6,,,
양현,2020,2020.7.14,NC,123.8,,,,118.4,,,129.1,,,
양현,2020,2020.7.17,SK,122.6,,,,117.9,,,129.1,,,
양현,2020,2020.7.19,SK,117.3,,,,117.3,,,,,,
양현,2020,2020.7.24,롯데,120.9,,,,117.3,,,128.6,,,
양현,2020,2020.7.26,롯데,120.8,,,,117.1,,,127.3,,,
양현,2020,2020.7.30,두산,125.4,,,,117.6,,,128.5,,,
양현,2020,2020.8.1,삼성,122.8,,,,117.5,,,127.1,,,
양현,2020,2020.8.5,KT,122.6,,,,118.0,,,129.5,,,
양현,2020,2020.8.9,LG,125.2,,,,117.7,,,129.0,,,
양현,2020,2020.8.11,한화,122.8,,,,120.3,,,130.0,,,
양현,2020,2020.8.12,한화,126.7,,,,,,,126.7,,,
양현,2020,2020.8.14,롯데,126.0,,,,119.7,,,128.9,,,
양현,2020,2020.8.19,NC,122.1,,,,116.5,,,126.6,,,
양현,2020,2020.8.22,KIA,121.5,,,,115.4,,,125.1,,,
양현,2020,2020.8.23,KIA,120.8,,,,115.4,,,127.2,,,
양현,2020,2020.8.28,롯데,119.9,,,,114.3,,,126.7,,,
양현,2020,2020.8.30,삼성,120.8,,,,115.2,,,126.5,,,
양현,2020,2020.9.3,한화,122.0,,,,116.8,,,127.3,,,
양현,2020,2020.9.6,KT,121.0,,,,116.2,,,125.2,,,
양현,2020,2020.9.8,SK,121.6,,,,116.3,,,128.0,,,
양현,2020,2020.9.12,두산,127.8,,,,,,,127.8,,,
양현,2020,2020.9.13,두산,127.2,,,,118.8,,,129.4,,,
양현,2020,2020.9.16,롯데,125.1,,,,118.9,,,130.0,,,
양현,2020,2020.9.19,삼성,123.8,,,,117.8,,,126.4,,,
양현,2020,2020.9.24,SK,127.8,,,,,,,127.8,,,
양현,2020,2020.9.25,SK,128.0,,,,,,,128.0,,,
양현,2020,2020.9.27,두산,127.0,,,,,,,127.0,,,
양현,2020,2020.9.30,KIA,120.2,,,,114.0,,,122.5,,,
양현,2020,2020.10.2,SK,125.3,,,,118.0,,,126.5,,,
양현,2020,2020.10.4,SK,123.6,,,,120.0,,,125.0,,,
양현,2020,2020.10.7,NC,124.4,,,,118.0,,,126.0,,,
양현,2020,2020.10.8,NC,126.0,,,,,,,126.0,,,
양현,2020,2020.10.9,한화,121.5,,,,116.0,,,125.4,,,
양현,2020,2020.10.13,KT,120.7,,,,118.6,,,124.3,,,
양현,2020,2020.10.15,KT,124.4,,,,116.0,,,125.7,,,
양현,2020,2020.10.16,두산,123.4,,,,118.8,,,126.0,,,
양현,2020,2020.11.2,LG,124.0,,,,118.9,,,129.1,,,
이호성,2024,2024.4.7,KIA,133.4,,142.2,,117.2,131.5,128.9,,,,
이호성,2024,2024.4.13,NC,132.2,,140.2,,114.6,131.7,128.2,,,,
이호성,2024,2024.4.19,한화,130.9,,138.0,,114.3,128.9,123.0,,,,
이호성,2024,2024.4.25,LG,131.6,,139.7,,114.7,131.2,125.4,,,,
이호성,2024,2024.5.1,두산,132.2,,140.6,,115.5,129.7,127.5,,,,
이호성,2024,2024.5.11,NC,133.1,,141.2,,116.8,131.2,127.9,,,,
이호성,2024,2024.5.19,한화,132.9,,139.1,,114.3,130.7,125.8,,,,
이호성,2024,2024.5.25,롯데,133.0,,141.7,,117.4,131.9,126.7,,,,
이호성,2024,2024.5.29,키움,131.4,,142.0,,117.3,131.3,127.8,,,,
이호성,2024,2024.5.31,한화,134.5,,141.4,,116.5,131.3,130.0,,,,
이호성,2024,2024.6.6,SSG,134.3,,142.0,,117.9,134.1,126.8,,,,
이호성,2024,2024.6.13,LG,133.0,,140.8,,116.6,132.7,129.8,,,,
이호성,2024,2024.6.18,SSG,134.1,,138.5,,114.5,133.1,126.7,,,,
이호성,2024,2024.6.21,두산,130.4,,138.0,,115.0,129.8,126.0,,,,
이호성,2024,2024.8.17,NC,133.7,,142.2,,120.0,130.3,124.7,,,,123.0
이호성,2024,2024.9.19,KT,135.5,,144.1,,119.1,133.8,126.0,,,,
이호성,2023,2023.4.1,NC,141.3,,143.3,,,129.0,,,,,
이호성,2023,2023.4.6,한화,134.9,,141.0,,114.7,124.8,128.6,,,,
이호성,2023,2023.4.12,SSG,132.0,,140.2,,118.2,125.1,129.0,,,,
이호성,2023,2023.10.1,롯데,132.3,,141.0,,113.4,127.9,128.7,,,,
이호성,2023,2023.10.6,KT,130.7,,139.8,,114.6,125.7,126.4,,,,
최충연,2023,2023.4.1,NC,136.1,,142.3,,,131.7,,,,,
최충연,2023,2023.4.6,한화,140.2,,143.5,,,134.4,,,,,
최충연,2023,2023.4.15,롯데,133.2,,141.1,,112.5,130.1,,,133.0,,
최충연,2023,2023.4.20,키움,136.0,139.0,145.3,,,130.6,,,133.3,,
최충연,2023,2023.5.3,키움,138.4,,142.5,,,133.0,,,132.3,,
최충연,2023,2023.5.13,LG,140.5,,145.6,,122.0,133.3,,,137.7,,
최충연,2023,2023.5.20,NC,142.4,,147.4,,124.0,135.0,,,136.7,,
최충연,2022,2022.4.3,KT,140.1,,143.7,,,129.5,,,,,
최충연,2022,2022.5.27,LG,145.8,,148.0,,,135.0,,,,,
최충연,2022,2022.5.28,LG,139.7,,147.7,,,133.8,,,,,
최충연,2022,2022.6.3,두산,145.8,,148.7,,,135.5,,,,,
최충연,2022,2022.6.4,두산,144.5,,146.4,,,131.7,,,143.0,,
최충연,2022,2022.6.9,롯데,140.8,,144.2,,,131.4,,,,,
최충연,2022,2022.6.10,NC,143.8,,146.3,,,134.6,,,,,
최충연,2022,2022.6.14,LG,147.9,,149.1,,,136.0,,,,,
최충연,2022,2022.6.16,LG,138.9,,148.3,,122.0,135.2,,,,,
최충연,2022,2022.6.19,KIA,143.0,,147.4,,,130.6,,,,,
최충연,2022,2022.6.21,키움,138.3,,146.5,,,132.7,,,133.5,,
최충연,2022,2022.6.23,키움,140.0,,146.3,,,132.7,,,133.7,,
최충연,2022,2022.6.28,KT,140.8,,146.5,,113.5,127.0,,,,,
최충연,2022,2022.6.30,KT,134.1,,145.3,,119.8,127.8,,,,,
최충연,2022,2022.7.2,NC,138.5,,146.6,,115.0,131.4,,,,,
최충연,2022,2022.7.5,LG,131.8,,143.0,,122.7,127.2,128.3,,,,
최충연,2022,2022.7.7,LG,134.2,145.0,144.2,,,126.7,132.0,,,,
최충연,2022,2022.7.8,SSG,143.3,,143.3,,,,,,,,
최충연,2022,2022.7.9,SSG,131.6,,143.8,,113.3,125.7,,,131.0,,
최충연,2022,2022.7.23,키움,140.7,,144.1,,,127.0,,,,,
최충연,2022,2022.7.28,한화,131.6,,140.0,,121.0,128.6,,,,,
최충연,2022,2022.7.29,롯데,134.3,,145.0,,,129.7,,,,,
최충연,2022,2022.7.31,롯데,134.7,,143.7,,,128.5,,,133.0,,
최충연,2022,2022.8.3,두산,137.3,,145.2,,,129.2,,,,,
최충연,2022,2022.8.5,SSG,133.8,,142.6,,,127.4,,,,,
최충연,2022,2022.8.6,SSG,142.3,,142.2,,,,,,,,
최충연,2022,2022.8.13,KT,144.3,,147.2,,,135.7,,,,,
최충연,2022,2022.8.16,LG,146.2,,148.9,,,137.0,,,,,
최충연,2022,2022.8.17,LG,139.9,,146.4,,,135.3,,,,,
최충연,2022,2022.8.19,한화,137.6,,144.4,,,130.1,,,,,
최충연,2022,2022.8.26,롯데,139.4,,144.9,,,130.6,,,,,
최충연,2022,2022.9.2,KIA,141.8,,146.2,,,130.2,,,,,
최충연,2022,2022.9.3,두산,133.9,,144.3,,,131.2,,,,,
최충연,2022,2022.9.10,LG,137.9,,145.5,,120.0,131.8,,,134.4,,
최충연,2022,2022.9.14,NC,138.6,,147.1,,,129.0,,,133.0,,
최충연,2022,2022.9.16,두산,133.3,,146.3,,,129.4,,,136.0,,
최충연,2022,2022.9.21,키움,135.0,,145.5,,,128.4,,,134.0,,
최충연,2022,2022.9.25,KIA,135.1,,139.1,,,126.4,,,,,
이재익,2024,2024.3.24,KT,131.0,136.2,,,117.3,120.5,,,,,
이재익,2024,2024.3.27,LG,133.0,138.5,,,116.5,,,,,,
이재익,2024,2024.3.28,LG,128.3,135.0,,,116.2,122.0,,,,,
이재익,2024,2024.7.31,LG,132.5,138.4,,,116.2,124.1,,,,,
이재익,2024,2024.9.6,롯데,136.5,138.5,,,120.0,123.0,,,,,
이재익,2024,2024.9.11,한화,132.3,139.2,136.5,,117.8,123.5,,,,,
이재익,2024,2024.9.14,SSG,138.4,141.3,,,122.0,131.3,,,,,
이재익,2024,2024.9.17,두산,132.6,138.5,,,119.0,124.0,,,,,
이재익,2024,2024.9.19,KT,131.2,138.4,,,119.7,124.3,,,,,
이재익,2023,2023.4.21,KIA,131.4,138.1,140.6,,121.7,126.0,,,,,
이재익,2023,2023.4.28,KT,131.3,133.0,,,119.0,123.0,,,,,
이재익,2023,2023.5.23,두산,129.1,141.5,,,120.0,126.0,,,,,
이재익,2023,2023.5.26,KT,134.9,139.6,,,118.7,127.0,,,,,
이재익,2023,2023.5.27,KT,135.1,137.5,142.0,,,124.3,,,,,
이재익,2023,2023.6.1,SSG,138.3,142.5,,,120.3,,,,,,
이재익,2023,2023.6.2,한화,137.8,142.7,142.0,,120.0,,,,,,
이재익,2023,2023.6.7,NC,133.4,140.5,142.7,,119.0,131.0,,,,,
이재익,2023,2023.6.8,NC,135.4,138.8,,,121.8,127.0,,,,,
이재익,2023,2023.6.15,LG,137.5,139.5,142.5,,119.0,120.0,,,,,
이재익,2023,2023.6.20,키움,138.1,140.4,,,,129.0,,,,,
이재익,2023,2023.6.22,키움,129.8,138.6,,,117.7,126.0,,,,,
이재익,2023,2023.6.23,SSG,141.4,141.4,,,,,,,,,
이재익,2023,2023.6.30,한화,130.8,137.9,,,119.3,123.2,,,,,
이재익,2023,2023.7.4,두산,137.3,137.3,,,,,,,,,
이재익,2023,2023.7.5,두산,136.6,137.1,,,,124.0,,,,,
이재익,2023,2023.7.8,NC,139.0,140.9,,,126.0,,,,,,
이재익,2023,2023.7.12,KIA,134.5,140.8,,,122.0,,,,,,
이재익,2023,2023.7.21,KT,132.5,135.6,,,119.5,124.0,,,,,
이재익,2023,2023.7.27,SSG,132.4,140.9,,,115.0,126.5,,,,,
이재익,2023,2023.7.28,키움,126.5,137.8,,,119.0,123.1,,,,,
이재익,2023,2023.8.1,KIA,138.3,139.8,,,119.0,,,,,,
이재익,2023,2023.8.2,KIA,134.5,136.0,,,115.0,,,,,,
이재익,2023,2023.8.3,KIA,136.7,137.7,,,,124.0,,,,,
이재익,2023,2023.8.5,LG,137.7,139.3,143.0,,119.0,,,,,,
이재익,2023,2023.8.6,LG,133.8,136.0,,,119.0,124.7,,,,,
이재익,2023,2023.8.9,두산,133.9,137.9,,,116.0,,,,,,
이재익,2023,2023.8.11,SSG,135.0,136.4,,,,124.0,,,,,
이재익,2023,2023.8.12,SSG,134.3,136.4,,,118.0,,,,,,
이재익,2023,2023.8.15,LG,136.0,139.0,,,120.0,125.0,,,,,
이재익,2023,2023.8.18,KIA,129.9,135.3,,,113.5,,,,,,
이재익,2023,2023.8.19,KIA,134.0,134.0,,,,,,,,,
이재익,2023,2023.9.1,NC,131.1,137.4,,,,124.8,,,,,
이재익,2023,2023.9.2,NC,136.0,139.3,,,,124.9,,,,,
이재익,2023,2023.9.6,롯데,134.9,138.6,,,121.0,132.5,,,,,
이재익,2023,2023.9.7,롯데,131.5,138.0,,,,125.0,,,,,
이재익,2023,2023.9.9,두산,134.3,139.7,,,122.0,124.7,,,,,
이재익,2023,2023.9.10,두산,135.5,137.0,,,121.5,,,,,,
이재익,2023,2023.9.12,KIA,130.4,136.7,,,119.0,123.0,,,,,
이재익,2023,2023.9.17,롯데,129.2,134.0,138.5,,116.7,,,,,,
이재익,2023,2023.9.21,두산,134.9,141.7,143.0,,121.5,124.0,,,,,
이재익,2023,2023.9.22,두산,136.3,137.8,,,120.0,,,,,,
이재익,2023,2023.9.27,한화,129.3,136.7,,,119.0,124.2,,,,,
이재익,2023,2023.10.1,롯데,126.0,133.5,,,119.0,122.0,,,,,
이재익,2023,2023.10.2,롯데,132.9,136.4,,,118.7,,,,,,
이재익,2023,2023.10.6,KT,136.7,136.7,,,,,,,,,
이재익,2023,2023.10.8,KIA,138.7,138.7,,,,,,,,,
이재익,2023,2023.10.9,KIA,131.2,140.0,,,,129.0,,,,,
이재익,2023,2023.10.14,SSG,131.7,137.2,,,117.0,128.0,,,,,
이재익,2023,2023.10.15,NC,130.6,136.0,,,119.0,124.0,,,,,
이재익,2022,2022.4.2,KT,135.9,,135.9,,,,,,,,
이재익,2022,2022.4.3,KT,132.2,,138.5,,,124.2,,,,,
이재익,2022,2022.4.5,두산,132.9,,137.6,,115.0,124.2,,,,,
이재익,2022,2022.4.6,두산,131.3,,133.4,,,121.0,,,,,
이재익,2022,2022.4.9,키움,131.5,138.0,144.0,,123.0,126.2,,,,,
이재익,2022,2022.4.13,한화,133.9,,136.9,,,122.0,,,,,
이재익,2022,2022.4.15,SSG,133.4,140.0,139.5,,123.5,134.0,,,,,
이재익,2022,2022.4.17,SSG,135.4,136.4,140.5,,,126.5,,,,,
이재익,2022,2022.4.19,NC,133.6,135.9,141.7,,115.0,126.7,,,,,
이재익,2022,2022.4.20,NC,135.8,136.5,142.0,,,127.0,,,,,
이재익,2022,2022.4.23,롯데,137.5,136.8,141.0,,,130.0,,,,,
이재익,2022,2022.4.24,롯데,133.8,137.8,138.2,,118.0,122.7,,,,,
이재익,2022,2022.4.27,LG,134.6,134.7,138.4,,,125.3,,,,,
이재익,2022,2022.4.29,KIA,134.9,139.0,143.0,,117.5,125.0,,,,,
이재익,2022,2022.4.30,KIA,126.7,136.0,,,,122.0,,,,,
이재익,2022,2022.5.3,NC,122.5,138.0,,,115.7,125.0,,,,,
이재익,2022,2022.5.4,NC,130.2,136.1,,,120.3,130.0,,,,,
이재익,2022,2022.5.10,SSG,130.8,138.0,141.0,,121.0,126.5,,,,,
이재익,2022,2022.5.11,SSG,129.7,135.7,138.0,,118.0,125.8,,,,,
이재익,2022,2022.5.17,한화,134.5,137.5,,,120.0,126.5,,,,,
이재익,2022,2022.5.20,KT,138.0,138.0,,,,,,,,,
이재익,2022,2022.5.21,KT,141.1,141.1,,,,,,,,,
이재익,2022,2022.6.1,키움,133.9,139.0,,,,125.3,124.0,,,,
이재익,2022,2022.6.2,키움,134.0,138.0,,,,126.0,,,,,
이재익,2022,2022.6.4,두산,130.9,136.0,138.7,,117.0,123.9,,,,,
이재익,2022,2022.7.2,NC,132.7,139.4,,,118.8,125.5,,,,,
이재익,2022,2022.8.24,SSG,137.2,141.8,144.5,,119.2,128.7,,,,,
이재익,2022,2022.8.25,롯데,137.3,,143.2,,121.0,130.0,,,,,
이재익,2022,2022.8.27,한화,132.5,140.1,,,121.5,127.6,,,,,
이재익,2022,2022.8.28,한화,129.9,136.2,,,118.0,124.3,,,,,
이재익,2022,2022.8.31,SSG,135.8,143.0,,,,128.7,,,,,
이재익,2022,2022.9.2,KIA,136.0,140.7,,,117.0,127.0,,,,,
이재익,2022,2022.9.9,롯데,142.4,142.4,,,,,,,,,
이재익,2022,2022.9.13,NC,138.3,139.0,141.5,,,128.0,,,,,
이재익,2022,2022.9.18,KIA,134.7,138.7,141.2,,116.5,127.5,,,,,
이재익,2022,2022.9.21,키움,137.7,141.8,143.0,,119.5,,,,,,
이재익,2022,2022.9.22,KT,129.5,139.0,144.0,,115.9,125.0,,,,,
이재익,2022,2022.9.28,NC,140.4,140.4,,,,,,,,,
이재익,2022,2022.10.1,두산,138.4,141.5,,,,126.0,,,,,
이재익,2022,2022.10.4,KT,129.9,136.7,,,114.5,124.0,,,,,
이재익,2022,2022.10.6,두산,138.2,139.0,,,,132.0,,,,,
이재익,2022,2022.10.7,두산,137.1,138.8,,,,126.0,,,,,
이재익,2021,2021.6.5,키움,137.2,,143.6,,115.0,128.0,130.0,,,,
이재익,2021,2021.6.9,KIA,134.0,,141.8,,122.0,129.1,,,,,
이재익,2021,2021.6.13,NC,137.3,,141.3,,,128.0,,,,,
이재익,2021,2021.6.15,두산,132.7,,141.0,,118.3,126.1,,,,,
이재익,2021,2021.6.19,롯데,134.9,,142.1,,117.7,127.8,,,,,
이재익,2021,2021.6.26,LG,130.6,,136.3,,,123.4,,,,,
이재익,2021,2021.6.30,SSG,132.7,141.5,140.9,,117.0,127.3,128.0,,,,
이재익,2021,2021.7.9,롯데,130.4,,139.0,,113.0,124.0,,,,,
이재익,2021,2021.9.24,LG,134.2,,138.8,,119.0,125.5,,,,,
이재익,2021,2021.9.28,SSG,134.2,,137.4,,121.0,130.7,124.0,,,,
이재익,2021,2021.10.5,키움,136.7,,141.0,,121.5,128.0,,,,,
이재익,2020,2020.7.10,KT,134.8,,141.8,,115.0,126.8,131.0,,,,
이재익,2020,2020.7.26,KIA,134.0,,140.5,,121.0,,,,,,
이재익,2020,2020.7.31,키움,133.6,,138.9,,118.0,128.0,,,,,
이재익,2020,2020.8.1,키움,130.6,,134.9,,117.6,122.0,,,,,
후라도,2024,2024.3.23,KIA,140.0,144.2,145.9,,129.3,137.5,132.8,,,,136.0
후라도,2024,2024.3.29,LG,137.1,145.0,146.0,,128.6,137.0,132.5,,,,
후라도,2024,2024.4.4,삼성,137.9,141.1,143.7,,127.6,135.6,129.6,,,,
후라도,2024,2024.4.10,SSG,139.5,144.6,146.3,,130.0,137.2,131.6,,,,
후라도,2024,2024.4.16,KT,138.7,144.0,145.9,,127.8,134.0,132.2,,,,
후라도,2024,2024.4.21,두산,140.0,144.5,145.8,,126.7,133.3,133.2,,,,
후라도,2024,2024.4.27,삼성,141.0,144.0,146.0,,129.3,134.2,132.6,,,,
후라도,2024,2024.5.3,KT,139.7,143.2,145.1,,127.5,135.2,133.5,,,,
후라도,2024,2024.5.9,두산,141.2,144.1,146.3,,132.9,137.9,132.2,,,,
후라도,2024,2024.5.16,LG,138.8,143.1,145.5,,130.5,135.0,130.8,,,,
후라도,2024,2024.5.22,NC,140.7,144.6,146.8,,130.0,137.1,134.1,,,,
후라도,2024,2024.5.28,삼성,140.2,144.1,145.7,,128.3,135.9,133.2,,,,
후라도,2024,2024.6.8,삼성,141.7,144.4,146.8,139.6,130.0,135.5,132.8,,,,
후라도,2024,2024.6.14,두산,140.9,144.3,146.0,,129.4,136.2,132.5,,,,
후라도,2024,2024.6.20,한화,138.5,141.6,143.7,137.0,129.0,133.6,131.2,,,,
후라도,2024,2024.6.26,NC,139.4,143.4,145.7,,129.0,135.3,131.1,,,,132.5
후라도,2024,2024.7.2,LG,139.7,144.4,145.9,,128.2,136.7,131.6,,,,
후라도,2024,2024.7.9,한화,139.8,144.3,145.6,,130.9,136.7,132.3,,,,
후라도,2024,2024.7.16,KT,137.7,143.1,144.7,,129.7,136.5,131.6,,,,
후라도,2024,2024.7.21,SSG,139.3,144.0,146.6,137.8,,133.4,133.2,,,,
후라도,2024,2024.7.27,KIA,140.1,144.6,146.5,139.5,130.6,135.0,134.4,,,,
후라도,2024,2024.8.2,두산,139.3,144.7,145.9,,130.1,135.7,134.2,,,,
후라도,2024,2024.8.8,SSG,141.0,145.1,147.1,138.0,130.1,133.9,135.7,,,,
후라도,2024,2024.8.14,KIA,140.1,144.0,146.1,139.0,130.1,134.8,134.8,,,,
후라도,2024,2024.8.20,KT,139.5,144.5,147.0,139.3,128.9,135.3,135.2,,,,
후라도,2024,2024.8.25,LG,140.2,144.4,146.2,139.7,130.4,136.6,134.3,,,,
후라도,2024,2024.9.3,NC,140.5,144.2,145.5,140.0,129.0,134.0,135.0,,,,
후라도,2024,2024.9.8,KIA,140.1,145.0,146.9,140.5,130.4,134.7,134.9,,,,
후라도,2024,2024.9.14,KIA,141.2,145.4,146.8,,130.7,135.3,134.9,,,,
후라도,2024,2024.9.22,삼성,137.2,143.2,143.9,137.8,127.3,133.8,132.6,,,,
후라도,2023,2023.4.4,LG,140.8,145.2,148.6,,127.8,136.6,134.0,,,,
후라도,2023,2023.4.9,NC,138.9,144.6,145.5,,129.4,136.1,132.3,,,,
후라도,2023,2023.4.15,KIA,140.1,147.8,148.9,,129.3,138.9,135.1,,,,
후라도,2023,2023.4.21,SSG,140.7,149.1,149.5,,128.4,138.5,135.6,,,,
후라도,2023,2023.4.27,KT,140.7,145.5,147.6,,128.6,136.8,134.0,,,,
후라도,2023,2023.5.3,삼성,138.2,144.0,143.8,,126.6,134.6,130.8,,,,132.0
후라도,2023,2023.5.9,LG,139.4,144.8,146.1,,128.4,138.5,132.5,,,,
후라도,2023,2023.5.14,NC,139.2,144.5,145.9,,128.3,138.5,133.1,,,,146.0
후라도,2023,2023.5.20,KIA,139.7,144.8,146.7,,128.0,135.8,133.5,,,,
후라도,2023,2023.5.26,롯데,139.9,145.9,146.7,,130.4,137.3,133.1,,,,
후라도,2023,2023.6.1,한화,138.1,143.8,145.3,,128.8,135.7,132.3,,,,
후라도,2023,2023.6.7,LG,140.1,144.3,146.1,,129.4,137.8,133.2,,,,
후라도,2023,2023.6.13,KIA,139.2,144.0,145.2,138.2,130.1,135.3,131.8,,,,
후라도,2023,2023.6.18,한화,141.6,146.3,147.5,,130.8,139.2,134.8,,,,
후라도,2023,2023.6.24,두산,140.0,144.7,146.0,,129.8,134.9,132.9,,,,
후라도,2023,2023.6.30,SSG,141.6,145.3,146.6,,131.2,138.2,133.0,,,,
후라도,2023,2023.7.6,NC,141.6,145.0,146.3,,130.9,138.0,132.0,,,,
후라도,2023,2023.7.12,KT,138.5,141.9,143.4,134.6,129.4,133.0,129.8,,,,
후라도,2023,2023.7.22,롯데,139.3,143.2,144.1,,128.9,136.9,131.6,,,,
후라도,2023,2023.7.28,삼성,139.1,145.0,146.0,138.9,130.7,,133.0,,,,
후라도,2023,2023.8.3,LG,141.0,146.0,147.3,,131.4,140.0,133.0,,,,
후라도,2023,2023.8.9,롯데,139.4,144.0,145.0,,130.8,138.6,132.4,,,,
후라도,2023,2023.8.15,KIA,139.0,144.6,146.1,,129.6,138.8,132.0,,,,133.0
후라도,2023,2023.8.26,삼성,139.1,144.3,144.8,139.0,129.1,132.0,132.4,,,,
후라도,2023,2023.9.3,KT,141.3,146.3,147.0,,127.0,136.7,133.8,,,,
후라도,2023,2023.9.15,롯데,139.2,144.3,145.0,,131.0,134.6,132.8,,,,
후라도,2023,2023.9.21,NC,140.8,145.7,146.6,,130.0,135.6,133.4,,,,
후라도,2023,2023.9.28,SSG,139.6,144.7,146.4,,128.8,136.1,132.5,,,,
후라도,2023,2023.10.7,LG,140.2,146.1,147.5,,131.2,137.7,133.8,,,,
후라도,2023,2023.10.13,SSG,141.5,145.5,146.4,141.7,130.1,139.0,134.2,,,,145.0
레예스,2024,2024.3.24,KT,134.5,,144.3,135.7,,123.4,131.3,,,,
레예스,2024,2024.3.30,SSG,134.1,142.4,143.0,134.0,,122.8,131.5,,,,
레예스,2024,2024.4.5,KIA,132.3,143.8,144.5,136.3,,124.4,132.4,,,,
레예스,2024,2024.4.11,롯데,134.2,142.4,143.6,135.4,123.0,124.6,131.4,,,,
레예스,2024,2024.4.17,두산,133.6,141.9,142.9,133.4,,122.5,129.2,,,,
레예스,2024,2024.4.23,LG,135.0,142.3,142.8,134.6,,122.7,131.6,,,,
레예스,2024,2024.4.28,키움,133.6,143.8,145.3,137.0,,125.9,133.5,,,,
레예스,2024,2024.5.4,롯데,131.8,142.4,144.2,138.0,,123.0,131.1,,,,
레예스,2024,2024.5.12,NC,133.5,145.2,147.3,137.6,132.0,124.8,133.7,,,,
레예스,2024,2024.5.18,한화,135.8,142.8,143.8,135.7,,124.1,132.6,,,,
레예스,2024,2024.5.24,롯데,134.8,145.0,145.8,137.8,,125.5,133.0,,,,
레예스,2024,2024.5.30,키움,130.2,143.2,143.8,134.0,121.0,123.3,130.6,,,,
레예스,2024,2024.6.5,SSG,134.7,144.1,144.7,138.0,,125.3,134.2,,,,
레예스,2024,2024.6.11,LG,136.0,144.2,145.8,137.6,,124.9,132.2,,,,
레예스,2024,2024.6.16,NC,138.3,147.3,147.8,139.9,124.0,127.2,133.9,,,,
레예스,2024,2024.6.23,두산,133.0,142.2,143.9,137.3,,123.1,131.7,,,,
레예스,2024,2024.6.28,KT,134.2,144.2,146.1,138.0,,125.3,133.1,,,,
레예스,2024,2024.7.10,NC,135.2,143.4,144.2,137.5,,124.5,130.9,,,,
레예스,2024,2024.7.17,KIA,137.1,145.6,146.5,139.8,,126.7,134.1,,,,
레예스,2024,2024.7.23,한화,135.3,141.7,146.2,137.3,,124.2,131.8,,,,
레예스,2024,2024.7.28,KT,136.5,143.6,145.0,137.1,,125.3,131.9,,,,
레예스,2024,2024.8.3,SSG,135.4,141.1,144.5,,,125.4,129.5,,,,
레예스,2024,2024.8.11,KIA,140.5,145.9,146.3,137.0,,127.4,131.7,,,,
레예스,2024,2024.9.12,한화,132.2,139.9,142.0,134.7,,122.1,127.5,,,,
레예스,2024,2024.9.18,KT,133.3,142.4,144.4,136.3,,123.7,129.7,,,,
레예스,2024,2024.9.25,키움,130.6,141.4,142.8,135.0,,123.1,129.6,,,,
레예스,2024,2024.10.13,LG,134.6,141.5,143.2,134.6,,123.9,129.7,,,,
레예스,2024,2024.10.19,LG,136.4,142.8,145.2,136.8,,124.6,130.6,,,,
레예스,2024,2024.10.25,KIA,134.9,142.1,143.2,135.6,,126.0,130.5,,,,
이승민,2024,2024.3.28,LG,126.6,,135.6,,110.0,122.4,121.1,,,,
이승민,2024,2024.4.6,KIA,127.9,,136.7,,111.2,124.3,121.9,,,,
이승민,2024,2024.4.12,NC,125.5,,133.5,,111.2,120.4,119.4,,,,
이승민,2024,2024.4.23,LG,131.8,,137.7,,118.3,125.5,124.0,,,,
이승민,2024,2024.4.25,LG,134.1,,138.7,,,126.0,122.3,,,,
이승민,2024,2024.4.27,키움,134.6,,139.0,,,130.0,124.3,,,,
이승민,2024,2024.4.30,두산,131.2,,139.4,,115.7,127.0,126.0,,,,
이승민,2024,2024.5.4,롯데,128.6,,136.0,,113.0,123.3,123.0,,,,
이승민,2024,2024.5.8,KIA,136.0,,137.4,,,126.0,,,,,
이승민,2024,2024.5.11,NC,134.2,,140.2,,,125.2,,,,,
이승민,2024,2024.5.14,SSG,131.8,,138.2,,112.5,125.0,124.6,,,,
이승민,2024,2024.5.19,한화,130.2,,138.7,,111.7,126.0,126.0,,,,
이승민,2024,2024.5.21,KT,131.3,,138.5,,,126.7,124.0,,,,
이승민,2024,2024.5.24,롯데,130.4,,138.9,,116.0,127.6,125.9,,,,
이승민,2024,2024.5.26,롯데,134.7,,140.9,,121.0,128.4,126.5,,,,
이승민,2024,2024.5.29,키움,138.0,,138.0,,,,,,,,
이승민,2024,2024.6.5,SSG,136.8,,140.7,,,128.0,125.7,,,,
이승민,2024,2024.6.6,SSG,138.0,,141.6,,,128.0,126.0,,,,
이승민,2024,2024.6.12,LG,128.7,,137.2,,114.1,123.6,124.4,,,,
이승민,2024,2024.6.18,SSG,128.7,,136.2,,115.1,125.0,118.8,,,,
이승민,2024,2024.8.9,KIA,134.3,,139.7,,119.0,129.0,124.1,,,,
이승민,2024,2024.8.24,롯데,131.6,,139.5,,118.0,125.8,121.0,,,,
이승민,2024,2024.8.28,키움,131.6,,138.4,,117.3,127.0,120.6,,,,
이승민,2024,2024.9.23,KIA,131.1,,138.7,,116.2,128.2,121.8,,,,
이승민,2024,2024.9.28,LG,131.6,,138.8,,119.0,129.7,119.0,,,,
이승민,2024,2024.10.23,KIA,133.3,,140.4,,119.5,127.8,122.2,,,,
이승민,2024,2024.10.26,KIA,132.3,,138.3,,117.0,126.5,119.0,,,,
이승민,2022,2022.4.15,SSG,129.6,,137.3,,115.0,123.2,123.5,,,,
이승민,2022,2022.4.19,NC,130.5,,138.8,,,123.9,123.9,,,,
이승민,2021,2021.4.8,두산,127.0,,134.0,,113.4,120.2,123.2,,,,
이승민,2021,2021.4.14,한화,123.0,,130.3,,109.4,115.6,117.6,,,,
이승민,2021,2021.4.20,SSG,126.4,,134.4,,112.8,119.8,120.4,,,,
이승민,2021,2021.4.25,KIA,127.7,,133.7,,111.7,118.4,120.8,,,,
이승민,2021,2021.5.17,LG,127.6,,135.0,,111.8,120.2,121.8,,,,
이승민,2021,2021.5.23,KIA,127.0,,134.9,,112.2,119.6,121.4,,,,
이승민,2021,2021.5.30,두산,127.2,,134.4,,111.7,118.9,121.5,,,,
이승민,2021,2021.6.20,롯데,129.0,,135.1,,110.5,121.3,122.5,,,,
이승민,2021,2021.6.26,LG,124.6,,131.7,,109.1,118.4,117.8,,,,
이승민,2021,2021.6.30,SSG,126.0,,133.4,,110.0,119.0,118.4,,,,
이승민,2021,2021.10.3,두산,126.3,,133.8,,103.0,117.2,119.6,,,,
이승민,2020,2020.6.13,KT,125.2,,131.6,,107.3,116.7,117.5,,,,
이승민,2020,2020.8.11,두산,128.3,,133.8,,112.3,118.8,116.5,,,,
이승민,2020,2020.8.27,한화,128.7,,133.7,,113.5,120.0,120.7,,,,
이승민,2020,2020.9.23,NC,125.3,,132.8,,110.2,118.9,120.4,,,,
이승민,2020,2020.9.29,KT,120.4,,131.5,,107.4,,116.6,,,,
이승민,2020,2020.10.18,한화,123.3,,131.6,,106.6,117.1,118.0,,,,
이승민,2020,2020.10.25,KIA,123.3,,131.7,,108.1,116.4,120.1,,,,
양창섭,2022,2022.4.6,두산,136.0,,143.0,,114.0,129.9,,,134.2,,
양창섭,2022,2022.4.13,한화,131.4,,138.7,,109.8,125.8,,,128.0,,
양창섭,2022,2022.4.19,NC,135.1,,141.4,,110.0,127.7,,,133.0,,
양창섭,2022,2022.4.24,롯데,133.3,,139.7,,120.3,126.7,,,128.0,,
양창섭,2022,2022.8.17,LG,139.1,,144.5,,117.0,130.0,,,,,
양창섭,2022,2022.8.24,SSG,135.4,,142.4,,113.8,128.6,,,134.1,,
양창섭,2021,2021.4.6,두산,143.0,,143.0,,,,,,,,
양창섭,2021,2021.4.20,SSG,137.7,,145.3,,116.0,129.8,,,136.2,,
양창섭,2021,2021.4.25,KIA,140.0,,145.2,,114.0,130.5,,,132.7,,
양창섭,2021,2021.5.1,LG,133.1,,141.2,,112.2,127.2,,,131.1,,
양창섭,2021,2021.5.6,한화,140.1,,143.7,,,128.2,,,,,
양창섭,2021,2021.5.8,롯데,138.8,,147.1,,,130.6,,,135.8,,
양창섭,2021,2021.5.9,롯데,130.9,,143.2,,111.5,127.3,,,134.3,,
양창섭,2021,2021.5.11,KT,131.1,,140.0,,107.5,125.2,,,131.0,,
양창섭,2021,2021.5.15,LG,135.7,,141.5,,,127.7,,,126.0,,
양창섭,2020,2020.10.7,LG,131.1,,139.4,,115.0,128.0,,,,,
양창섭,2020,2020.10.13,SK,126.8,,,,,126.8,,,,,
양창섭,2020,2020.10.15,SK,133.2,,143.0,,112.0,129.6,,,133.0,,
양창섭,2020,2020.10.20,SK,137.2,,138.9,,,130.3,,,,,
양창섭,2020,2020.10.24,KIA,133.3,,142.1,,107.5,130.0,133.0,,,,
양창섭,2020,2020.10.27,NC,135.4,,143.6,,116.0,132.5,,,131.0,,
양창섭,2020,2020.10.30,NC,139.2,,143.5,,120.0,131.2,,,,,
최원태,2024,2024.3.27,삼성,138.1,144.8,147.1,137.4,121.7,,126.5,,,,
최원태,2024,2024.4.2,NC,136.6,144.8,146.2,137.0,120.9,133.0,123.2,,,,
최원태,2024,2024.4.7,KT,135.2,143.1,144.3,135.2,118.7,,125.8,,,,
최원태,2024,2024.4.13,두산,136.8,141.8,144.3,136.9,120.1,134.4,127.9,,,,
최원태,2024,2024.4.19,SSG,137.1,144.0,145.0,139.5,121.3,137.2,128.6,,,,
최원태,2024,2024.4.25,삼성,132.5,141.3,142.5,136.6,119.2,134.3,125.8,,,,
최원태,2024,2024.5.1,NC,132.6,142.2,144.6,138.2,121.5,134.6,122.0,,,,
최원태,2024,2024.5.7,SSG,134.1,142.7,142.9,136.3,120.8,131.8,126.3,,,,
최원태,2024,2024.5.18,KT,134.4,141.0,142.0,136.6,120.6,134.7,125.6,,,,
최원태,2024,2024.5.24,NC,136.0,142.0,142.9,139.0,120.7,136.4,126.1,,,,
최원태,2024,2024.5.30,SSG,136.3,142.0,144.0,137.8,120.9,135.2,127.6,,,,
최원태,2024,2024.6.5,키움,134.9,142.7,145.1,138.2,119.4,134.8,127.6,,,,
최원태,2024,2024.7.12,한화,136.8,141.0,143.1,139.2,120.5,137.4,125.8,,,,
최원태,2024,2024.7.25,롯데,134.8,144.0,144.0,138.0,122.2,137.0,131.0,,,,
최원태,2024,2024.7.28,한화,137.7,143.6,143.9,140.0,121.7,137.7,130.5,,,,
최원태,2024,2024.8.3,롯데,137.1,144.1,144.6,140.0,122.6,137.9,128.0,,,,
최원태,2024,2024.8.10,NC,136.4,143.3,144.7,138.4,121.2,135.8,125.6,,,,
최원태,2024,2024.8.16,KIA,136.8,142.3,144.3,140.0,121.8,136.5,125.8,,,,
최원태,2024,2024.8.22,SSG,135.9,142.7,143.6,139.0,122.2,135.5,129.2,,,,
최원태,2024,2024.8.28,KT,136.1,143.3,144.1,,121.4,135.1,127.7,,,,
최원태,2024,2024.9.5,SSG,134.1,141.3,143.2,137.1,119.5,134.2,126.7,,,,
최원태,2024,2024.9.11,키움,136.0,142.9,144.7,137.3,120.6,136.5,127.6,,,,
최원태,2024,2024.9.19,롯데,132.6,141.4,143.9,,120.9,136.1,126.1,,,,
최원태,2024,2024.9.25,한화,134.5,142.4,143.9,140.0,120.2,135.2,126.8,,,,
최원태,2024,2024.10.8,KT,137.1,144.0,143.8,137.8,122.6,135.3,126.9,,,,
최원태,2024,2024.10.13,삼성,132.3,140.9,141.8,135.0,119.4,132.0,123.2,,,,
최원태,2023,2023.4.5,LG,139.0,148.4,,,126.9,139.6,131.3,,,,
최원태,2023,2023.4.11,두산,137.1,145.2,148.0,,124.2,135.9,129.9,,,,
최원태,2023,2023.4.16,KIA,137.6,144.3,145.0,,123.0,137.0,127.5,,,,
최원태,2023,2023.4.22,SSG,139.6,146.5,147.7,,126.4,139.7,130.6,,,,
최원태,2023,2023.4.28,롯데,136.5,143.6,,,123.6,136.1,128.9,,,,
최원태,2023,2023.5.4,삼성,133.9,141.7,141.8,,121.4,134.6,129.1,,,,
최원태,2023,2023.5.10,LG,137.7,145.2,146.2,,125.3,137.5,129.9,,,,
최원태,2023,2023.5.16,두산,136.5,144.6,146.1,,123.8,136.8,129.9,,,,
최원태,2023,2023.5.21,KIA,136.1,144.9,147.4,,123.9,136.7,127.6,,,,
최원태,2023,2023.5.27,롯데,137.3,145.2,146.8,,124.2,137.7,128.1,,,,
최원태,2023,2023.6.2,SSG,134.9,144.2,146.2,,122.2,137.3,128.3,,,,
최원태,2023,2023.6.8,LG,136.3,144.5,145.2,,124.3,137.8,129.9,,,,
최원태,2023,2023.6.14,KIA,135.5,144.1,145.4,,122.8,136.9,128.5,,,,
최원태,2023,2023.6.20,삼성,135.9,144.2,147.5,,122.6,136.8,129.5,,,,
최원태,2023,2023.7.2,SSG,138.0,144.2,146.3,,124.3,137.5,130.2,,,,
최원태,2023,2023.7.8,두산,133.3,142.5,142.2,,121.2,134.9,126.9,,,,
최원태,2023,2023.7.23,롯데,136.3,142.5,143.9,,122.3,136.0,129.6,,,,
최원태,2023,2023.7.30,두산,139.1,145.3,147.1,,125.5,137.8,130.4,,,,
최원태,2023,2023.8.5,삼성,136.4,143.6,145.7,,122.8,137.4,130.4,,,,
최원태,2023,2023.8.12,키움,134.5,142.1,144.0,,121.7,136.4,130.8,,,,
최원태,2023,2023.8.18,SSG,139.3,145.0,146.4,,124.5,139.7,131.7,,,,
최원태,2023,2023.8.25,NC,135.3,144.6,145.5,,122.3,137.9,132.7,,,,
최원태,2023,2023.9.5,KT,136.9,142.6,144.4,,123.2,137.6,129.3,,,,
최원태,2023,2023.9.10,KIA,139.0,146.2,147.8,,125.2,141.0,132.7,,,,
최원태,2023,2023.9.24,한화,138.4,144.0,146.2,,123.3,137.5,132.0,,,,
최원태,2023,2023.9.30,두산,135.3,143.2,144.6,,121.6,137.5,129.1,,,,
최원태,2023,2023.11.8,KT,139.5,144.0,145.8,,123.0,137.5,130.3,,,,
최원태,2023,2023.11.11,KT,139.0,141.1,141.8,,120.0,135.3,130.0,,,,
최원태,2022,2022.4.6,LG,133.4,141.3,,,121.6,135.5,124.4,,,,
최원태,2022,2022.4.12,NC,133.6,142.8,,,120.7,135.6,124.9,,,,
최원태,2022,2022.4.17,두산,132.7,140.8,,,117.9,135.5,124.4,,,,
최원태,2022,2022.4.23,KIA,134.7,143.0,,,120.2,134.7,125.6,,,,
최원태,2022,2022.4.29,KT,137.9,143.5,,,120.0,136.4,128.4,,,,
최원태,2022,2022.5.11,두산,136.1,140.2,,,117.2,133.8,128.0,,,,
최원태,2022,2022.5.17,NC,133.1,139.6,,,117.9,134.2,125.9,,,,
최원태,2022,2022.5.22,한화,136.6,142.3,,,120.2,137.1,127.6,,,,
최원태,2022,2022.5.28,롯데,133.3,139.5,,,118.1,134.1,127.0,,,,
최원태,2022,2022.6.3,한화,135.0,140.2,,,117.8,135.0,127.6,,,,
최원태,2022,2022.6.10,KIA,133.6,141.1,,,119.0,134.0,129.1,,,,
최원태,2022,2022.6.16,두산,136.8,144.6,,,121.0,134.8,126.7,,,,
최원태,2022,2022.6.22,삼성,136.8,142.7,,,122.0,135.0,127.6,,,,
최원태,2022,2022.6.28,KIA,135.4,144.8,,,120.2,135.5,128.3,,,,
최원태,2022,2022.7.3,한화,135.1,143.1,,,120.4,132.7,128.0,,,,
최원태,2022,2022.7.9,NC,133.7,141.3,,,120.6,133.2,126.0,,,,
최원태,2022,2022.7.23,삼성,136.1,142.7,,,120.3,135.0,130.2,,,,
최원태,2022,2022.7.30,NC,137.1,143.8,,,122.5,135.5,130.3,,,,
최원태,2022,2022.8.5,LG,139.7,145.8,,,123.5,137.5,131.3,,,,
최원태,2022,2022.8.12,롯데,136.4,144.0,,,123.5,137.2,130.5,,,,
최원태,2022,2022.8.18,두산,137.8,144.1,147.0,,122.8,135.0,128.5,,,,
최원태,2022,2022.9.23,두산,148.6,148.5,149.0,,,,,,,,
최원태,2022,2022.9.24,롯데,142.5,146.5,,,125.0,141.0,131.0,,,,
최원태,2022,2022.9.27,NC,142.5,147.4,,,126.0,142.0,134.3,,,,
최원태,2022,2022.9.29,SSG,139.4,147.4,,,125.7,141.0,130.0,,,,
최원태,2022,2022.10.6,한화,146.0,147.0,,,,142.0,,,,,
최원태,2022,2022.10.16,KT,143.6,146.4,,,123.0,140.5,,,,,
최원태,2022,2022.10.17,KT,145.1,146.2,,,,140.5,,,,,
최원태,2022,2022.10.20,KT,139.7,144.9,,,122.5,141.0,125.0,,,,
최원태,2022,2022.10.25,LG,140.2,147.5,,,125.5,142.9,133.7,,,,
최원태,2022,2022.10.28,LG,143.5,145.4,,,,140.3,,,,,
최원태,2022,2022.11.1,SSG,139.4,146.9,,,122.0,140.0,132.0,,,,
최원태,2022,2022.11.4,SSG,138.2,147.0,,,126.3,141.7,132.2,,,,
최원태,2022,2022.11.5,SSG,141.0,145.9,,,125.5,140.8,134.8,,,,
최원태,2022,2022.11.7,SSG,141.1,145.8,,,123.0,142.4,134.5,,,,
최원태,2021,2021.4.6,KIA,135.3,143.6,,,121.9,135.1,129.0,,,,
최원태,2021,2021.4.11,롯데,134.9,142.0,,,119.2,134.6,127.2,,,,
최원태,2021,2021.4.18,KT,136.5,142.8,,,120.5,134.5,129.0,,,,
최원태,2021,2021.4.24,SSG,138.3,143.2,,,123.2,135.6,130.5,,,,
최원태,2021,2021.4.30,NC,138.6,143.4,,,,135.6,131.0,,,,
최원태,2021,2021.5.8,SSG,137.6,142.8,,,,135.9,129.4,,,,
최원태,2021,2021.5.14,한화,138.7,142.9,,,120.0,136.2,129.1,,,,
최원태,2021,2021.5.23,NC,138.2,143.5,,,119.0,137.1,129.0,,,,
최원태,2021,2021.5.30,LG,138.6,143.8,,146.0,122.0,137.2,132.2,,,,
최원태,2021,2021.6.5,삼성,137.2,144.1,,,122.5,136.6,131.8,,,,
최원태,2021,2021.6.11,SSG,134.5,141.5,,,120.0,135.4,128.3,,,,
최원태,2021,2021.6.17,LG,135.9,143.0,,,120.8,136.5,130.1,,,,
최원태,2021,2021.6.23,두산,135.2,142.1,,,120.8,135.4,130.0,,,,
최원태,2021,2021.6.29,롯데,137.1,142.9,,,119.5,135.8,130.8,,,,
최원태,2021,2021.7.5,KT,132.7,139.4,,,116.3,131.2,125.6,,,,
최원태,2021,2021.8.11,KT,134.8,140.7,,142.0,119.0,132.3,129.2,,,,
최원태,2021,2021.8.17,롯데,136.8,142.4,,,120.6,133.6,130.3,,,,
최원태,2021,2021.8.24,KIA,132.4,139.7,,,118.6,130.9,128.4,,,,
최원태,2021,2021.8.29,LG,137.6,142.7,,,119.5,135.6,132.1,,,,
최원태,2021,2021.9.4,SSG,138.0,142.9,,,121.5,131.6,133.0,,,,
최원태,2021,2021.9.11,롯데,139.6,143.2,,,120.8,135.3,131.2,,,,
최원태,2021,2021.9.17,한화,135.9,142.2,,,119.6,133.5,131.8,,,,
최원태,2021,2021.9.24,NC,135.1,142.7,,,119.6,135.0,130.6,,,,
최원태,2021,2021.10.1,KIA,136.5,141.0,,,119.0,134.6,128.8,,,,
최원태,2021,2021.10.7,KT,135.3,141.8,,,121.0,134.8,127.3,,,,
최원태,2021,2021.10.14,NC,134.3,142.3,,,119.9,134.6,127.8,,,,
최원태,2021,2021.10.20,LG,135.8,142.5,,,118.4,135.2,126.8,,,,
최원태,2021,2021.10.26,두산,133.8,140.8,,,116.5,134.8,125.9,,,,
최원태,2021,2021.11.2,두산,131.0,140.4,,,116.2,133.8,125.0,,,,
최원태,2020,2020.5.7,KIA,136.8,143.8,,,120.9,134.9,129.0,,,,
최원태,2020,2020.5.13,삼성,137.0,143.7,,,122.0,133.9,130.1,,,,
최원태,2020,2020.5.19,SK,137.0,143.3,,,120.8,133.0,129.4,,,,
최원태,2020,2020.5.24,롯데,138.9,144.0,,,121.5,,131.5,,,,
최원태,2020,2020.5.30,KT,137.7,143.1,,,121.5,133.8,128.1,,,,
최원태,2020,2020.6.5,LG,137.4,144.3,,,123.2,135.4,128.3,,,,
최원태,2020,2020.6.11,삼성,134.5,141.8,,,120.2,134.0,129.0,,,,
최원태,2020,2020.6.17,롯데,137.0,142.9,,,121.9,134.5,128.9,,,,
최원태,2020,2020.6.23,LG,138.0,145.1,,,124.6,135.2,130.2,,,,
최원태,2020,2020.6.28,KIA,136.3,143.9,,,122.4,134.2,129.5,,,,
최원태,2020,2020.7.4,KT,136.4,143.2,147.0,,122.4,134.4,129.2,,,,
최원태,2020,2020.7.10,KIA,135.3,141.4,,,118.9,131.3,129.4,,,,
최원태,2020,2020.7.24,롯데,138.5,143.1,,,121.7,133.7,129.7,,,,
최원태,2020,2020.7.30,두산,132.5,139.8,,,119.0,132.8,126.6,,,,
최원태,2020,2020.8.5,KT,134.3,140.7,,,118.1,131.0,127.6,,,,
최원태,2020,2020.8.11,한화,133.7,140.2,,,121.5,129.7,126.0,,,,
최원태,2020,2020.8.16,롯데,135.0,142.1,,,121.0,132.2,126.9,,,,
최원태,2020,2020.9.25,SK,137.5,142.6,,,121.5,132.2,129.8,,,,
최원태,2020,2020.10.1,KIA,134.2,140.6,,,117.8,131.6,129.5,,,,
최원태,2020,2020.10.7,NC,136.2,141.6,,,119.0,133.0,129.8,,,,
최원태,2020,2020.10.14,KT,136.2,142.1,,,120.6,133.6,131.1,,,,
이상민,2024,2024.3.27,LG,131.4,,136.6,,114.0,126.6,,,,,
이상민,2024,2024.3.28,LG,128.9,,137.3,,109.3,126.8,128.8,,,,
이상민,2024,2024.3.30,SSG,128.9,,134.7,,112.5,126.3,127.5,,,,
이상민,2024,2024.4.2,키움,129.1,,137.1,,110.5,123.2,127.5,,,,
이상민,2024,2024.6.21,두산,131.3,,139.5,,115.5,130.0,131.0,,,,
이상민,2024,2024.6.23,두산,129.9,,138.3,,118.0,126.0,128.0,,,,
이상민,2024,2024.6.25,LG,126.5,,,,,126.5,,,,,
이상민,2024,2024.7.3,KIA,133.6,,138.2,,117.0,126.7,,,,,
이상민,2024,2024.7.4,KIA,131.0,,136.5,,,125.5,,,,,
이상민,2024,2024.7.11,NC,129.3,,138.0,,112.0,,,,,,
이상민,2024,2024.7.13,두산,127.6,,139.5,,108.0,125.5,,,,,
이상민,2024,2024.7.18,KIA,131.4,,137.4,,113.8,126.5,129.5,,,,
이상민,2024,2024.7.19,롯데,122.3,,,,109.0,126.7,,,,,
이상민,2024,2024.7.20,롯데,126.8,,136.7,,111.0,125.4,125.5,,,,
이상민,2024,2024.7.26,KT,138.0,,138.0,,,,,,,,
이상민,2024,2024.7.27,KT,131.0,,140.0,,116.0,130.2,132.0,,,,
이상민,2024,2024.7.28,KT,139.0,,139.0,,,,,,,,
이상민,2024,2024.8.4,SSG,133.6,,139.8,,118.0,128.2,,,,,
이상민,2024,2024.8.6,한화,133.0,,138.1,,,127.1,,,,,
이상민,2024,2024.8.8,한화,132.6,,136.0,,,124.0,,,,,
이상민,2024,2024.8.11,KIA,137.4,,141.2,,120.0,132.0,,,,,
이상민,2024,2024.8.13,KT,127.8,,138.3,,114.0,128.0,125.5,,,,
이상민,2024,2024.8.17,NC,131.8,,141.2,,115.4,129.3,,,,,
이상민,2024,2024.8.20,두산,128.3,,135.5,,,124.8,,,,,
이상민,2024,2024.8.23,롯데,129.3,,138.6,,115.0,127.5,129.0,,,,
이상민,2024,2024.8.25,롯데,129.6,,139.5,,113.7,128.2,127.0,,,,
이상민,2024,2024.8.31,KIA,130.4,,139.6,,114.0,126.3,129.8,,,,
이상민,2024,2024.9.3,롯데,128.9,,138.0,,117.0,128.0,125.0,,,,
이상민,2024,2024.9.4,두산,128.0,,,,,128.0,,,,,
이상민,2024,2024.9.6,롯데,131.8,,137.8,,120.0,128.0,131.0,,,,
이상민,2024,2024.9.8,NC,129.0,,139.2,,113.5,127.5,126.7,,,,
이상민,2024,2024.9.14,SSG,130.4,,140.5,,112.0,129.5,,,,,
이상민,2024,2024.9.15,SSG,127.7,,141.0,,114.7,128.9,131.0,,,,
이상민,2024,2024.9.17,두산,129.4,,137.0,,115.0,128.5,130.0,,,,
이상민,2024,2024.9.18,KT,132.1,,139.7,,113.0,,131.0,,,,
이상민,2024,2024.9.25,키움,130.5,,136.4,,122.0,125.5,126.7,,,,
이상민,2024,2024.9.28,LG,131.4,,138.6,,110.5,,129.2,,,,
이상민,2024,2024.10.17,LG,127.1,,138.8,,113.2,126.0,,,,,
이상민,2024,2024.10.21,KIA,124.6,,137.0,,113.3,126.0,127.5,,,,
이상민,2024,2024.10.26,KIA,130.4,,137.0,,,126.5,125.8,,,,
이상민,2024,2024.10.28,KIA,132.5,,139.0,,,126.0,126.0,,,,
이상민,2023,2023.4.11,SSG,130.5,,137.5,,112.5,124.4,127.5,,,,
이상민,2023,2023.4.13,SSG,125.6,,134.7,,113.2,125.3,125.5,,,,
이상민,2023,2023.4.15,롯데,129.5,,135.7,,109.5,124.3,,,,,
이상민,2023,2023.4.19,키움,131.1,,138.7,,117.0,128.7,,,,,
이상민,2023,2023.4.21,KIA,137.1,,138.6,,,128.0,,,,,
이상민,2023,2023.4.22,KIA,127.0,,137.0,,114.0,127.0,129.7,,,,
이상민,2023,2023.4.27,두산,126.6,,137.0,,110.5,126.3,128.5,,,,
이상민,2023,2023.4.28,KT,129.0,,132.7,,,123.8,127.0,,,,
이상민,2023,2023.4.30,KT,125.6,,136.0,,117.0,125.0,,,,,
이상민,2023,2023.5.2,키움,129.8,,136.8,,112.0,127.7,129.0,,,,
이상민,2023,2023.5.10,한화,129.6,,137.9,,114.0,124.4,127.6,,,,
이상민,2023,2023.5.13,LG,128.7,,139.7,,117.0,125.2,125.0,,,,
이상민,2023,2023.6.3,한화,124.8,,138.5,,112.0,124.6,,,,,
이상민,2023,2023.6.4,한화,133.0,,137.0,,116.0,125.0,131.5,,,,
이상민,2023,2023.6.7,NC,131.0,,137.9,,112.0,123.7,128.7,,,,
이상민,2023,2023.6.8,NC,129.4,,138.5,,,125.6,128.0,,,,
이상민,2023,2023.8.8,두산,129.9,,138.0,,118.0,124.9,130.0,,,,
이상민,2023,2023.8.13,SSG,125.5,,139.0,,113.0,125.0,,,,,
이상민,2023,2023.8.16,LG,129.4,,140.0,,111.0,124.0,,,,,
이상민,2023,2023.8.19,KIA,127.3,,138.0,,114.5,125.8,,,,,
이상민,2023,2023.8.25,키움,131.5,,138.5,,,125.0,129.0,,,,
이상민,2023,2023.8.27,키움,126.7,,137.0,,114.0,124.0,129.5,,,,
이상민,2023,2023.10.9,KIA,131.4,,140.7,,116.0,129.3,,,,,
이상민,2022,2022.5.22,KT,128.0,,134.8,,114.0,124.8,,,,,
이상민,2022,2022.5.24,KIA,128.0,,136.0,,,124.8,,,,,
이상민,2022,2022.5.25,KIA,122.0,,,,114.0,124.7,,,,,
이상민,2022,2022.5.26,KIA,126.8,,134.5,,113.3,123.2,,,,,
이상민,2022,2022.5.29,LG,130.0,,138.0,,116.8,129.0,,,,,
이상민,2022,2022.5.31,키움,130.4,,135.0,,,129.2,,,,,
이상민,2022,2022.6.1,키움,133.7,,137.5,,,128.7,,,,,
이상민,2022,2022.6.2,키움,132.1,,137.3,,118.0,127.0,127.7,,,,
이상민,2022,2022.6.10,NC,132.4,,137.4,,117.0,129.4,130.0,,,,
이상민,2022,2022.6.14,LG,130.2,,138.0,,117.0,128.5,,,,,
이상민,2022,2022.6.15,LG,135.2,,138.5,,,128.5,,,,,
이상민,2022,2022.6.22,키움,130.6,,138.2,,118.2,128.5,133.0,,,,
이상민,2022,2022.7.9,SSG,127.0,,137.0,,115.0,131.0,,,,,
이상민,2022,2022.7.10,SSG,129.3,,137.6,,114.8,126.3,132.5,,,,
이상민,2022,2022.7.12,KT,124.0,,135.0,,112.5,125.0,,,,,
이상민,2022,2022.7.22,키움,131.2,,138.4,,117.0,127.5,,,,,
이상민,2022,2022.7.23,키움,129.3,,135.7,,117.0,126.0,,,,,
이상민,2022,2022.7.26,한화,130.9,,137.0,,118.7,126.7,,,,,
이상민,2022,2022.7.30,롯데,130.4,,139.5,,118.0,128.5,132.0,,,,
이상민,2022,2022.7.31,롯데,130.5,,140.0,,117.5,129.6,,,,,
이상민,2022,2022.8.3,두산,133.4,,138.8,,,128.0,,,,,
이상민,2022,2022.8.5,SSG,126.0,,137.0,,118.0,124.5,,,,,
이상민,2022,2022.8.6,SSG,133.8,,139.3,,118.0,129.6,131.3,,,,
이상민,2022,2022.8.7,SSG,131.0,,138.8,,119.0,127.8,,,,,
이상민,2022,2022.8.10,KIA,130.7,,137.5,,115.3,127.1,130.0,,,,
이상민,2022,2022.8.12,KIA,129.0,,139.0,,112.0,,126.0,,,,
이상민,2022,2022.8.14,KT,132.8,,139.0,,113.0,129.0,133.7,,,,
이상민,2022,2022.8.16,LG,142.0,,142.0,,,,,,,,
이상민,2022,2022.8.17,LG,134.3,,139.8,,120.5,130.2,129.0,,,,
이상민,2022,2022.8.19,한화,134.2,,141.4,,116.0,128.0,134.3,,,,
이상민,2022,2022.8.23,SSG,133.2,,141.0,,,128.0,130.5,,,,
이상민,2022,2022.8.25,롯데,133.4,,140.0,,122.0,130.6,133.0,,,,
이상민,2022,2022.8.27,한화,132.5,,138.1,,117.0,124.3,133.0,,,,
이상민,2022,2022.8.31,SSG,132.0,,137.7,,,128.6,,,,,
이상민,2022,2022.9.1,KIA,133.2,,140.0,,,129.0,132.0,,,,
이상민,2022,2022.9.8,롯데,134.2,,140.4,,119.0,127.0,130.0,,,,
이상민,2022,2022.9.16,두산,134.0,,138.9,,115.0,127.9,,,,,
이상민,2022,2022.9.17,KIA,130.1,,138.5,,112.0,125.4,,,,,
이상민,2022,2022.9.18,KIA,125.8,,138.0,,114.7,126.2,132.0,,,,
이상민,2022,2022.9.22,KT,134.7,,141.0,,119.3,127.8,134.3,,,,
이상민,2022,2022.9.23,KT,131.0,,138.6,,117.5,128.5,130.8,,,,
이상민,2022,2022.9.25,KIA,129.1,,137.2,,113.3,128.7,129.0,,,,
이상민,2022,2022.10.1,두산,131.5,,141.0,,116.5,127.5,,,,,
이상민,2022,2022.10.5,KT,132.2,,136.6,,111.0,125.0,,,,,
이상민,2022,2022.10.7,두산,128.7,,137.0,,,124.5,,,,,
이상민,2022,2022.10.8,SSG,129.7,,136.8,,111.0,125.6,131.5,,,,
이상민,2021,2021.5.19,키움,132.0,,139.4,,118.5,130.9,,,,,
이상민,2021,2021.5.22,KIA,134.1,,137.6,,,130.6,,,,,
이상민,2021,2021.5.28,두산,134.0,138.0,137.4,,118.0,127.8,130.0,,,,
이상민,2021,2021.7.11,롯데,131.4,,139.0,,114.3,,129.6,,,,
이상민,2021,2021.8.13,KT,133.1,,138.7,,,128.1,,,,,
이상민,2021,2021.8.14,KT,132.8,,137.6,,116.0,129.6,,,,,
이상민,2021,2021.8.15,KT,136.7,,136.5,,,137.0,,,,,
이상민,2021,2021.8.24,SSG,130.5,,139.5,,113.0,130.0,,,,,
이상민,2021,2021.8.25,LG,130.9,,139.4,,113.0,125.0,131.0,,,,
이상민,2021,2021.8.26,LG,135.3,,138.5,,,129.0,,,,,
이상민,2021,2021.8.29,KT,131.8,,138.5,,110.5,129.0,129.5,,,,
이상민,2021,2021.9.1,키움,128.2,,136.0,,110.0,125.5,,,,,
이상민,2021,2021.9.5,두산,131.3,,140.0,,116.7,130.0,,,,,
이상민,2021,2021.9.11,한화,134.1,,140.4,,116.0,130.0,134.0,,,,
이상민,2021,2021.9.12,한화,135.0,,141.6,,121.0,,128.7,,,,
이상민,2021,2021.9.14,LG,133.2,,139.8,,118.0,131.8,,,,,
이상민,2021,2021.9.16,KIA,132.1,,138.1,,117.0,128.8,130.2,,,,
이상민,2021,2021.9.19,SSG,129.8,,139.5,,113.0,129.0,,,,,
이상민,2021,2021.9.22,롯데,136.4,,140.9,,,129.8,131.0,,,,
이상민,2021,2021.9.24,LG,129.7,,138.9,,117.4,127.0,130.5,,,,
이상민,2021,2021.9.28,SSG,131.8,,138.5,,117.3,126.8,125.0,,,,
이상민,2021,2021.10.1,한화,130.5,,138.6,,113.0,,128.5,,,,
이상민,2021,2021.10.3,두산,133.5,,140.1,,115.7,128.0,131.2,,,,
이상민,2021,2021.10.5,키움,131.3,,140.2,,117.8,131.3,132.0,,,,
이상민,2021,2021.10.14,KIA,138.3,,138.3,,,,,,,,
이상민,2021,2021.10.16,키움,130.8,,137.2,,115.2,128.8,,,,,
이상민,2021,2021.10.17,키움,132.3,,137.7,,110.0,127.5,,,,,
이상민,2021,2021.10.24,SSG,127.6,,138.0,,114.0,128.7,,,,,
이상민,2021,2021.10.27,키움,128.2,,137.9,,113.6,131.3,126.0,,,,
이상민,2021,2021.11.10,두산,134.0,,139.5,,116.0,130.0,,,,,
이상민,2020,2020.8.26,LG,131.6,,139.2,,114.5,129.5,,,,,
이상민,2020,2020.9.1,KIA,133.6,,137.3,,108.0,,,,,,
이상민,2020,2020.9.9,한화,128.8,,138.2,,113.8,125.5,126.0,,,,
이상민,2020,2020.9.11,롯데,131.1,,139.0,,112.2,127.0,126.6,,,,
이상민,2020,2020.9.17,KIA,128.9,,137.0,,116.7,123.7,128.0,,,,
이상민,2020,2020.9.19,키움,135.6,,140.3,,,128.5,,,,,
이상민,2020,2020.9.23,NC,132.8,,140.2,,119.0,123.0,128.6,,,,
이상민,2020,2020.9.25,두산,130.0,,142.0,,118.0,130.0,,,,,
이상민,2020,2020.9.27,SK,131.5,,137.6,,115.8,127.3,130.4,,,,
이상민,2020,2020.9.29,KT,132.0,,138.6,,114.0,128.7,,,,,
이상민,2020,2020.10.2,NC,126.5,,137.8,,110.0,131.0,,,,,
이상민,2020,2020.10.3,NC,125.8,,139.3,,112.2,130.0,127.0,,,,
이상민,2020,2020.10.4,NC,134.4,,138.9,,115.0,131.5,128.0,,,,
이상민,2020,2020.10.7,LG,132.6,,139.9,,118.3,130.0,130.0,,,,
이상민,2020,2020.10.8,LG,131.5,,137.5,,114.0,129.3,,,,,
이상민,2020,2020.10.13,SK,133.4,,137.0,,,123.5,121.0,,,,
이상민,2020,2020.10.21,KT,134.6,,136.0,,,,125.0,,,,
김무신,2022,2022.4.8,키움,151.6,,154.0,,,142.0,,,,,
김무신,2022,2022.4.10,키움,148.9,,151.8,,,139.3,,,,,
김무신,2022,2022.4.14,한화,150.3,,151.3,,,140.0,,,,,
김무신,2022,2022.4.17,SSG,148.8,,150.8,,,139.0,,,,,
김무신,2022,2022.4.19,NC,145.8,,150.5,,,139.0,,,,,
김무신,2022,2022.4.21,NC,147.0,,149.7,,,135.0,,,,,
김무신,2022,2022.4.23,롯데,146.4,,149.8,,,139.7,,,,,
김무신,2022,2022.4.27,LG,143.6,,146.0,,,134.5,,,,,
김무신,2022,2022.4.29,KIA,145.5,,149.4,,,139.5,,,,,
김무신,2022,2022.5.3,NC,143.0,,147.9,,,136.4,,,,,
김무신,2022,2022.6.2,키움,146.4,,151.9,,127.5,,,,,,
김무신,2022,2022.6.3,두산,148.9,,153.4,,131.0,142.2,,,,,
김무신,2022,2022.6.7,롯데,143.9,,152.2,,128.0,141.3,,,,,
김무신,2022,2022.6.8,롯데,140.4,,152.0,,128.7,140.5,,,,,
김무신,2022,2022.6.9,롯데,145.8,,152.0,,131.2,138.8,,,,,
김무신,2022,2022.6.11,NC,153.5,,155.6,,,144.5,,,,,
김무신,2022,2022.6.12,NC,149.4,,154.4,,131.0,143.0,,,,,
김무신,2022,2022.6.18,KIA,146.9,,153.2,,128.2,,,,,,
김무신,2022,2022.6.19,KIA,146.9,,152.2,,129.3,141.0,,,,,
김무신,2022,2022.6.25,한화,147.6,,152.8,,128.0,138.0,,,,,
김무신,2022,2022.6.26,한화,153.7,,155.1,,133.0,,,,,,
김무신,2022,2022.7.2,NC,151.2,,152.9,,130.0,140.0,,,,,
김무신,2022,2022.7.3,NC,139.7,,152.6,,128.6,137.8,,,,,
김무신,2022,2022.7.6,LG,142.1,,148.8,,,136.1,,,,,
김무신,2022,2022.7.8,SSG,140.9,,147.3,,124.0,135.6,,,,,
김무신,2022,2022.7.9,SSG,151.3,,151.2,,,,,,,,
김무신,2022,2022.7.10,SSG,145.3,,150.3,,,137.7,,,,,
김무신,2022,2022.7.12,KT,142.6,,148.3,,125.0,137.0,,,,,
김무신,2022,2022.7.26,한화,148.8,,151.8,,127.0,140.0,,,,,
김무신,2022,2022.7.29,롯데,140.9,,148.7,,125.9,142.0,,,,,
김무신,2022,2022.8.6,SSG,146.0,,148.6,,,137.0,,,,,
김무신,2022,2022.8.7,SSG,141.8,,148.8,,125.7,138.0,,,,,
김무신,2022,2022.8.13,KT,149.5,150.0,152.6,,126.0,144.0,,,,,
김무신,2022,2022.9.17,KIA,144.3,,146.8,,,137.7,,,,,
김무신,2022,2022.9.23,KT,153.5,,153.5,,,,,,,,
김무신,2022,2022.9.30,두산,143.3,,149.3,,127.5,140.0,,,,,
김무신,2022,2022.10.7,두산,143.6,,151.0,,128.5,140.7,,,,,
김대우,2024,2024.3.24,KT,124.1,131.5,134.0,,121.1,120.0,,,,,
김대우,2024,2024.4.14,NC,126.6,130.3,131.5,,120.3,120.5,,,,,
김대우,2024,2024.4.19,한화,124.5,130.5,130.5,,117.7,119.4,,,,,
김대우,2024,2024.4.24,LG,124.1,129.2,129.7,,118.1,,,,,,
김대우,2024,2024.4.25,LG,124.8,129.2,128.7,,118.0,,122.0,,,,
김대우,2024,2024.4.28,키움,125.1,132.0,130.8,,120.6,120.6,,,,,
김대우,2024,2024.5.1,두산,124.4,131.0,131.8,,121.8,125.5,,,,,
김대우,2024,2024.5.8,KIA,120.3,,129.0,,116.0,,,,,,
김대우,2024,2024.5.10,NC,126.7,,133.1,,122.3,,,,,,
김대우,2024,2024.5.19,한화,125.1,131.5,131.4,,120.1,120.2,121.0,,,,
김대우,2024,2024.5.21,KT,126.3,,131.0,,,121.5,,,,,
김대우,2024,2024.5.23,KT,124.4,131.9,131.5,,119.2,121.1,,,,,
김대우,2024,2024.5.31,한화,125.7,130.0,131.3,,118.9,120.5,,,,,
김대우,2024,2024.6.5,SSG,126.3,134.0,134.0,,121.0,123.3,,,,,
김대우,2024,2024.6.6,SSG,127.8,,131.5,,,124.0,,,,,
김대우,2024,2024.6.8,키움,128.5,133.3,,,123.2,123.0,,,,,
김대우,2024,2024.6.13,LG,125.7,,130.8,,121.6,,,,,,
김대우,2024,2024.6.14,NC,133.0,133.0,,,,,,,,,
김대우,2024,2024.6.15,NC,130.5,129.4,134.2,,,126.0,,,,,
김대우,2024,2024.6.18,SSG,126.6,131.7,131.5,,122.2,125.4,124.0,,,,
김대우,2024,2024.6.30,KT,127.0,131.4,,,121.5,,,,,,
김대우,2024,2024.7.13,두산,127.1,133.0,132.7,,121.0,123.7,,,,,
김대우,2024,2024.7.17,KIA,130.8,134.2,,,123.3,126.0,,,,,
김대우,2024,2024.7.19,롯데,124.1,131.0,131.0,,119.4,,,,,,
김대우,2024,2024.8.17,NC,127.5,132.4,131.0,,122.0,125.0,,,,,
김대우,2024,2024.8.20,두산,121.7,,,,121.7,,,,,,
김대우,2024,2024.8.31,KIA,127.6,131.5,131.8,,120.7,126.0,,,,,
김대우,2024,2024.9.4,두산,124.8,,132.0,,121.2,,,,,,
김대우,2024,2024.9.7,NC,127.9,132.3,,,120.2,,,,,,
김대우,2024,2024.9.8,NC,133.5,133.5,,,,,,,,,
김대우,2024,2024.9.17,두산,127.6,,134.5,,,124.8,,,,,
김대우,2024,2024.9.19,KT,127.4,134.0,133.0,,,125.0,,,,,
김대우,2023,2023.4.6,한화,123.1,,130.2,,118.9,121.0,127.0,,,,
김대우,2023,2023.4.14,롯데,122.8,,130.0,,,119.2,,128.8,,,
김대우,2023,2023.4.19,키움,124.2,,130.5,,119.8,,,128.8,,,
김대우,2023,2023.4.21,KIA,129.4,,135.0,,,122.2,,132.5,,,
김대우,2023,2023.4.23,KIA,124.9,,133.0,,,122.9,,132.0,,,
김대우,2023,2023.4.30,KT,122.9,,,,,119.1,,128.5,,,
김대우,2023,2023.5.2,키움,124.7,,130.5,,118.9,,,130.0,,,
김대우,2023,2023.5.10,한화,126.3,,131.6,,,119.9,,130.5,,,
김대우,2023,2023.5.13,LG,127.9,,134.2,,,123.6,,132.3,,,
김대우,2023,2023.5.17,KIA,125.8,,132.2,,,121.0,,131.0,,,
김대우,2023,2023.5.20,NC,125.2,,134.1,,,121.8,,128.0,,,
김대우,2023,2023.5.23,두산,124.2,,130.6,,,120.8,,125.3,,,
김대우,2023,2023.5.24,두산,124.8,,132.8,,,122.8,,129.0,,,
김대우,2023,2023.5.27,KT,126.0,,132.7,,,122.7,,,,,
김대우,2023,2023.6.1,SSG,127.5,,136.2,,,123.8,,131.9,,,
김대우,2023,2023.6.7,NC,128.0,,134.0,,119.8,122.6,,131.1,,,
김대우,2023,2023.6.13,LG,127.7,,132.9,,121.0,123.2,,130.5,,,
김대우,2023,2023.6.16,KT,130.3,,130.3,,,,,130.3,,,
김대우,2023,2023.6.17,KT,123.5,,,,,119.7,,130.2,,,
김대우,2023,2023.6.18,KT,122.6,,,,120.5,,,131.0,,,
김대우,2023,2023.6.20,키움,129.0,,,,,124.5,,133.5,,,
김대우,2023,2023.6.21,키움,128.2,,135.0,,,123.8,,133.8,,,
김대우,2023,2023.6.24,SSG,127.7,,,,,124.9,,134.3,,,
김대우,2023,2023.6.30,한화,127.1,,134.0,,,123.6,,130.2,,,
김대우,2023,2023.7.1,한화,127.1,,131.8,,,121.0,,130.7,,,
김대우,2023,2023.7.27,SSG,128.0,,134.0,,,123.1,,131.0,,,
김대우,2023,2023.8.2,KIA,131.3,,133.2,,,124.3,,,,,
김대우,2023,2023.8.3,KIA,128.2,,131.5,,110.0,120.0,,,,,
김대우,2023,2023.8.6,LG,129.9,,136.3,,,123.4,,133.0,,,
김대우,2023,2023.8.8,두산,132.2,133.0,133.7,,,122.5,,,,,
김대우,2023,2023.8.12,SSG,131.1,,,,,123.5,,133.7,,,
김대우,2023,2023.8.13,SSG,132.0,,136.0,,,123.0,,133.0,,,
김대우,2023,2023.8.16,LG,131.6,,135.8,,,124.7,,136.0,,,
김대우,2023,2023.8.20,KIA,125.9,,132.5,,118.8,122.2,,129.5,,,
김대우,2023,2023.8.25,키움,127.3,134.3,133.5,,,120.8,,,,,
김대우,2023,2023.8.31,KT,128.0,,132.7,,122.0,123.0,,133.0,,,
김대우,2023,2023.9.2,NC,124.5,,132.0,,,122.0,,,,,
김대우,2023,2023.9.8,두산,128.6,,132.5,,,122.1,,132.8,,,
김대우,2023,2023.9.17,롯데,130.0,,135.5,,121.0,,,133.1,,,
김대우,2023,2023.9.19,KT,130.9,,135.9,,122.3,124.0,,,,,
김대우,2023,2023.9.21,두산,130.1,,135.0,,123.8,,,137.0,,,
김대우,2023,2023.9.27,한화,127.6,,132.0,,,126.8,,,,,
김대우,2023,2023.10.2,롯데,127.7,,132.2,,119.3,,,126.2,,,
김대우,2023,2023.10.9,KIA,129.7,,133.0,,119.6,122.4,,123.6,,,
김대우,2022,2022.9.30,두산,118.1,,128.3,,115.5,,,,,,
김대우,2022,2022.10.1,두산,125.2,,131.9,,120.4,,,,,,
김대우,2022,2022.10.6,두산,127.8,,132.7,,120.8,,,,,,
김대우,2022,2022.10.8,SSG,123.9,,131.0,,119.5,,,,,,
김대우,2021,2021.4.7,두산,124.8,,133.2,,,120.1,,128.0,,,
김대우,2021,2021.4.14,한화,120.2,,130.5,,,118.0,,123.0,,,
김대우,2021,2021.4.17,롯데,125.2,,132.3,,,119.3,,,,,
김대우,2021,2021.4.20,SSG,125.6,,,,,121.7,,132.6,,,
김대우,2021,2021.4.23,KIA,126.9,,135.0,,,121.6,,129.5,,,
김대우,2021,2021.4.25,KIA,127.7,,133.3,,,121.1,,134.0,,,
김대우,2021,2021.4.29,NC,124.7,,132.4,,,118.9,,126.0,,,
김대우,2021,2021.5.6,한화,125.6,,132.1,,,119.1,,,,,
김대우,2021,2021.5.11,KT,124.0,,130.4,,,118.2,,127.7,,,
김대우,2021,2021.5.18,키움,128.1,,135.5,,,122.9,,125.0,,,
김대우,2021,2021.5.19,키움,128.6,,135.2,,,122.2,,,,,
김대우,2021,2021.5.23,KIA,127.3,,133.2,,,122.3,,130.5,,,
김대우,2021,2021.5.28,두산,126.0,,133.5,,,121.3,,130.0,,,
김대우,2021,2021.6.2,SSG,125.5,,134.6,,,122.6,,134.0,,,
김대우,2021,2021.6.9,KIA,129.0,,134.3,,,123.5,,125.6,,,
김대우,2021,2021.6.15,두산,127.0,,134.1,,,121.7,,130.0,,,
김대우,2021,2021.7.1,SSG,124.6,,132.6,,,120.0,,130.6,,,
김대우,2021,2021.7.9,롯데,124.1,,134.0,,,119.9,,128.0,,,
김대우,2021,2021.7.11,롯데,114.5,,,,,114.5,,,,,
김대우,2021,2021.8.14,KT,125.2,,,,,120.4,,130.8,,,
김대우,2021,2021.8.24,SSG,136.0,,,,,,,136.0,,,
김대우,2021,2021.8.29,KT,128.8,,134.1,,,120.2,,,,,
김대우,2021,2021.8.31,키움,122.2,,129.0,,,117.7,,,,,
김대우,2021,2021.9.4,두산,131.5,,134.3,,,123.0,,,,,
김대우,2021,2021.9.8,롯데,123.1,,129.5,,,118.1,,130.0,,,
김대우,2021,2021.9.12,한화,127.3,,133.2,,,121.8,,132.0,,,
김대우,2021,2021.9.16,KIA,132.4,,134.8,,,123.0,,,,,
김대우,2021,2021.9.22,롯데,127.5,,134.8,,,121.9,,134.5,,,
김대우,2021,2021.9.24,LG,125.3,,133.2,,,119.7,,126.5,,,
김대우,2021,2021.10.2,두산,126.2,,133.6,,115.0,120.8,,131.0,,,
김대우,2021,2021.10.3,두산,125.0,,131.7,,,120.0,,,,,
김대우,2020,2020.5.7,NC,122.5,,129.9,,117.0,,,,,,
김대우,2020,2020.5.9,KIA,124.7,,131.2,,,118.9,,127.0,,,
김대우,2020,2020.5.10,KIA,122.3,,130.1,,,118.1,,124.5,,,
김대우,2020,2020.5.16,KT,128.1,,132.6,,118.0,122.0,,131.8,,,
김대우,2020,2020.5.19,LG,124.4,,132.8,,118.0,,,,,,
김대우,2020,2020.5.23,두산,126.1,,132.9,,,119.8,,131.0,,,
김대우,2020,2020.5.29,NC,124.7,,131.1,,115.8,117.7,,129.0,,,
김대우,2020,2020.6.5,SK,126.7,,133.3,,,119.8,,128.0,,,
김대우,2020,2020.6.11,키움,126.0,,131.1,,,118.1,,,,,
김대우,2020,2020.6.17,두산,127.7,133.0,133.4,,,120.0,,130.4,,,
김대우,2020,2020.6.23,한화,126.2,,132.1,,,120.6,,,,,
김대우,2020,2020.6.28,롯데,126.2,,132.4,,,119.2,,128.6,,,
김대우,2020,2020.7.4,LG,126.2,,133.2,,,120.2,,,,,
김대우,2020,2020.7.10,KT,126.4,,134.8,,,120.7,,130.9,,,
김대우,2020,2020.7.16,KIA,126.6,,133.6,,,121.3,,127.3,,,
김대우,2020,2020.7.29,한화,128.2,134.0,133.8,,,119.3,,130.8,,,
김대우,2020,2020.8.5,두산,126.4,,134.1,,,121.4,,134.2,,,
김대우,2020,2020.8.11,두산,127.4,,132.7,,,121.7,,131.0,,,
김대우,2020,2020.8.19,KT,125.2,,132.3,,115.0,118.6,,,,,
김대우,2020,2020.8.21,SK,128.1,,133.8,,,120.6,,,,,
김대우,2020,2020.8.23,롯데,126.3,,134.7,,,118.5,,123.0,,,
김대우,2020,2020.8.27,한화,127.0,,132.6,,,120.7,,130.5,,,
김대우,2020,2020.9.10,롯데,125.5,,132.2,,,118.9,,127.8,,,
김대우,2020,2020.9.17,KIA,124.3,,130.0,,116.0,119.3,,129.5,,,
김대우,2020,2020.9.23,NC,127.0,,132.6,,,119.5,,131.0,,,
김대우,2020,2020.10.3,NC,125.3,,132.9,,,119.6,,130.0,,,
김대우,2020,2020.10.11,롯데,123.2,,131.7,,,118.9,,,,,
김대우,2020,2020.10.13,SK,126.6,,134.6,,,121.2,,132.0,,,
이승현 (좌),2024,2024.4.18,두산,132.9,,141.2,,114.8,132.7,125.1,,,,
이승현 (좌),2024,2024.4.24,LG,134.8,,140.2,,113.3,132.9,129.0,,,,
이승현 (좌),2024,2024.4.30,두산,134.2,,140.1,,112.2,132.5,127.2,,,,
이승현 (좌),2024,2024.5.9,KIA,132.6,,137.9,,111.3,131.6,122.9,,,,
이승현 (좌),2024,2024.5.17,한화,129.6,,138.7,,109.8,130.1,124.6,,,,
이승현 (좌),2024,2024.5.23,KT,129.8,,139.1,,111.9,131.6,123.4,,,,
이승현 (좌),2024,2024.5.29,키움,130.8,,138.6,132.6,112.6,130.1,124.7,,,,
이승현 (좌),2024,2024.6.4,SSG,135.7,,142.1,,117.9,134.3,124.5,,,,
이승현 (좌),2024,2024.6.9,키움,133.3,,139.5,135.8,115.0,133.0,122.4,,,,
이승현 (좌),2024,2024.6.15,NC,134.8,,142.0,136.4,116.3,132.1,126.4,,,,
이승현 (좌),2024,2024.6.21,두산,132.4,,140.6,136.4,113.4,132.0,125.0,,,,
이승현 (좌),2024,2024.6.27,LG,134.2,,141.1,137.2,115.9,130.2,126.8,,,,
이승현 (좌),2024,2024.7.3,KIA,129.8,,138.1,134.1,113.4,129.5,123.3,,,,
이승현 (좌),2024,2024.7.14,두산,132.7,,140.9,134.6,115.4,131.6,125.7,,,,
이승현 (좌),2024,2024.7.21,롯데,132.2,,138.8,135.6,113.9,131.0,125.0,,,,
이승현 (좌),2024,2024.7.31,LG,133.6,,139.4,134.2,114.6,130.6,123.8,,,,
이승현 (좌),2024,2024.8.6,한화,129.1,,137.4,,113.4,129.3,122.1,,,,
이승현 (좌),2024,2024.10.13,LG,137.9,,140.8,135.0,,,,,,,
이승현 (좌),2024,2024.10.15,LG,133.6,,138.8,134.3,120.0,131.2,,,,,
이승현 (좌),2024,2024.10.17,LG,136.8,,142.3,137.0,118.2,133.0,133.0,,,,
이승현 (좌),2024,2024.10.21,KIA,134.3,,142.2,135.5,119.9,132.0,128.0,,,,
이승현 (좌),2024,2024.10.28,KIA,130.2,,141.3,137.2,116.0,130.7,124.7,,,,
이승현 (좌),2023,2023.4.2,NC,134.7,,142.2,,117.6,131.5,,,,,
이승현 (좌),2023,2023.4.4,한화,132.4,,140.8,,114.6,129.8,,,,,
이승현 (좌),2023,2023.4.9,LG,140.1,,142.4,,124.0,133.0,,,,,
이승현 (좌),2023,2023.4.11,SSG,135.9,,142.9,,117.0,127.3,125.0,,,,
이승현 (좌),2023,2023.4.13,SSG,133.7,,142.6,,117.2,128.0,,,,,
이승현 (좌),2023,2023.4.16,롯데,136.8,,142.3,,117.0,127.5,,,,,
이승현 (좌),2023,2023.4.19,키움,138.8,,144.6,,120.0,132.0,,,,,
이승현 (좌),2023,2023.4.21,KIA,141.6,,144.0,,,132.0,,,,,
이승현 (좌),2023,2023.4.26,두산,135.8,,141.6,,114.0,129.9,,,,,
이승현 (좌),2023,2023.4.28,KT,130.4,,136.6,,114.0,126.7,,,,,
이승현 (좌),2023,2023.4.29,KT,133.8,,139.5,,116.0,126.8,,,,,
이승현 (좌),2023,2023.5.2,키움,131.6,,144.0,,116.5,127.8,,,,,
이승현 (좌),2023,2023.5.11,한화,139.7,,143.8,,117.0,130.0,,,,,
이승현 (좌),2023,2023.5.12,LG,140.7,,143.4,,,127.0,,,,,
이승현 (좌),2023,2023.5.14,LG,140.5,,145.9,,,131.1,,,,,
이승현 (좌),2023,2023.5.27,KT,134.8,,142.2,,123.0,126.6,,,,,
이승현 (좌),2023,2023.5.28,KT,132.1,,140.1,,114.0,123.9,,,,,
이승현 (좌),2023,2023.6.2,한화,135.8,,144.6,,119.0,129.5,,,,,
이승현 (좌),2023,2023.6.6,NC,138.8,,143.4,,,128.0,,,,,
이승현 (좌),2023,2023.6.9,롯데,136.2,,140.6,,117.0,126.2,,,,,
이승현 (좌),2023,2023.6.10,롯데,137.8,,142.8,,115.5,,,,,,
이승현 (좌),2023,2023.6.11,롯데,138.1,,144.6,,118.5,128.5,,,,,
이승현 (좌),2023,2023.6.13,LG,142.4,,144.7,,119.0,,,,,,
이승현 (좌),2023,2023.6.16,KT,133.0,,141.6,,114.0,126.0,,,,,
이승현 (좌),2023,2023.6.18,KT,129.5,,142.1,,114.6,123.0,,,,,
이승현 (좌),2023,2023.6.21,키움,139.0,,144.4,,117.0,128.5,,,,,
이승현 (좌),2023,2023.6.22,키움,137.1,,145.0,,119.0,128.0,,,,,
이승현 (좌),2023,2023.6.25,SSG,142.0,,146.7,,119.0,130.1,,,,,
이승현 (좌),2023,2023.6.27,롯데,131.3,,140.5,,115.4,124.9,,,,,
이승현 (좌),2023,2023.7.2,한화,135.3,,143.1,,119.5,128.5,,,,,
이승현 (좌),2023,2023.7.4,두산,130.2,,137.5,,115.6,131.8,,,,,
이승현 (좌),2023,2023.7.5,두산,133.3,,139.8,,114.0,127.0,,,,,
이승현 (좌),2023,2023.7.9,NC,136.7,,142.2,,,128.5,,,,,
이승현 (좌),2023,2023.7.21,KT,135.7,,145.0,,117.0,128.6,,,,,
이승현 (좌),2023,2023.7.23,KT,137.2,,142.8,,115.0,127.0,,,,,
이승현 (좌),2023,2023.7.26,SSG,131.2,,143.6,,118.0,125.3,,,,,
이승현 (좌),2023,2023.7.27,SSG,136.5,,146.0,,,127.0,,,,,
이승현 (좌),2023,2023.7.29,키움,136.9,,143.8,,117.0,124.8,,,,,
이승현 (좌),2023,2023.8.1,KIA,131.6,,143.7,,,125.5,,,,,
이승현 (좌),2023,2023.8.2,KIA,135.8,,144.2,,118.0,127.7,,,,,
이승현 (좌),2023,2023.8.4,LG,134.6,,146.5,,120.0,128.6,,,,,
이승현 (좌),2023,2023.8.6,LG,134.6,,143.9,,121.3,126.3,,,,,
이승현 (좌),2023,2023.8.11,SSG,131.8,,142.0,,,128.3,,,,,
이승현 (좌),2023,2023.8.31,KT,135.6,,140.6,,115.3,130.8,,,,,
이승현 (좌),2023,2023.9.2,NC,133.2,,141.1,,116.2,130.0,,,,,
이승현 (좌),2023,2023.9.5,롯데,135.7,,143.1,,113.7,128.0,,,,,
이승현 (좌),2023,2023.9.8,두산,134.2,,141.8,,116.5,125.1,,,,,
이승현 (좌),2023,2023.9.9,두산,131.3,,139.5,,,123.0,,,,,
이승현 (좌),2022,2022.4.2,KT,136.0,,141.2,,115.0,,,,,,
이승현 (좌),2022,2022.4.5,두산,139.3,,142.1,,120.0,129.0,,,,,
이승현 (좌),2022,2022.4.7,두산,139.1,,145.4,,121.0,132.7,,,,,
이승현 (좌),2022,2022.4.8,키움,135.6,,141.8,,118.7,131.2,,,,,
이승현 (좌),2022,2022.4.10,키움,133.6,,144.5,,118.0,130.5,,,,,
이승현 (좌),2022,2022.4.12,한화,140.9,,144.1,,,129.3,,,,,
이승현 (좌),2022,2022.4.14,한화,135.5,,143.9,,120.7,129.8,,,,,
이승현 (좌),2022,2022.4.17,SSG,136.5,,145.8,,123.0,131.5,,,,,
이승현 (좌),2022,2022.4.23,롯데,135.8,,143.5,,121.0,130.3,,,,,
이승현 (좌),2022,2022.4.24,롯데,136.6,,142.3,,121.0,128.8,,,,,
이승현 (좌),2022,2022.4.26,LG,135.4,,142.3,,119.0,130.0,,,,,
이승현 (좌),2022,2022.4.28,LG,134.8,,141.6,,118.0,128.0,,,,,
이승현 (좌),2022,2022.4.29,KIA,135.7,,144.0,,,131.5,,,,,
이승현 (좌),2022,2022.5.3,NC,135.8,,141.2,,,129.5,,,,,
이승현 (좌),2022,2022.5.5,NC,137.3,,144.4,,120.0,128.0,,,,,
이승현 (좌),2022,2022.5.7,롯데,137.4,,146.8,,123.5,132.5,,,,,
이승현 (좌),2022,2022.5.8,롯데,139.4,,145.4,,,131.0,133.0,,,,
이승현 (좌),2022,2022.5.12,SSG,137.9,,146.0,,121.0,132.3,,,,,
이승현 (좌),2022,2022.5.15,두산,137.2,,143.4,,118.5,132.0,,,,,
이승현 (좌),2022,2022.5.19,한화,137.0,,143.7,,121.0,131.9,,,,,
이승현 (좌),2022,2022.5.20,KT,140.2,,141.5,,,130.0,,,,,
이승현 (좌),2022,2022.5.21,KT,136.0,,146.0,,121.3,132.8,,,,,
이승현 (좌),2022,2022.5.24,KIA,135.2,,141.4,,121.0,129.4,,,,,
이승현 (좌),2022,2022.5.25,KIA,137.8,,140.3,,,130.0,,,,,
이승현 (좌),2022,2022.5.26,KIA,140.0,,140.0,,,,,,,,
이승현 (좌),2022,2022.6.15,LG,132.5,,141.2,,119.2,129.8,,,,,
이승현 (좌),2022,2022.6.17,KIA,133.0,,142.0,,,129.4,,,,,
이승현 (좌),2022,2022.6.21,키움,135.4,,143.8,,121.0,132.3,,,,,
이승현 (좌),2022,2022.6.23,키움,133.4,,144.3,,122.0,131.4,,,,,
이승현 (좌),2022,2022.6.25,한화,134.7,,145.4,,121.3,132.0,,,,,
이승현 (좌),2022,2022.6.26,한화,135.8,,144.2,,120.5,130.0,,,,,
이승현 (좌),2022,2022.6.29,KT,135.6,,140.5,,118.5,128.2,,,,,
이승현 (좌),2022,2022.7.3,NC,134.9,,144.2,,116.8,128.3,,,,,
이승현 (좌),2022,2022.7.5,LG,132.9,,141.7,,119.0,127.8,,,,,
이승현 (좌),2022,2022.7.6,LG,133.3,,135.6,,,123.0,,,,,
이승현 (좌),2022,2022.7.8,SSG,133.3,,137.5,,,125.0,,,,,
이승현 (좌),2022,2022.7.22,키움,137.2,,142.8,,119.0,130.8,,,,,
이승현 (좌),2022,2022.7.24,키움,143.9,,143.9,,,,,,,,
이승현 (좌),2022,2022.7.26,한화,134.3,,143.5,,,129.8,,,,,
이승현 (좌),2022,2022.7.27,한화,130.2,,142.1,,117.2,136.5,,,,,
이승현 (좌),2022,2022.7.29,롯데,134.5,,141.4,,118.0,127.2,,,,,
이승현 (좌),2022,2022.7.31,롯데,133.4,,141.7,,120.0,128.8,,,,,
이승현 (좌),2022,2022.8.3,두산,131.1,,141.3,,119.0,129.7,,,,,
이승현 (좌),2022,2022.8.5,SSG,134.1,,142.6,,122.0,132.0,,,,,
이승현 (좌),2022,2022.8.6,SSG,135.0,,143.4,,120.0,129.6,,,,,
이승현 (좌),2022,2022.8.12,KIA,135.6,,141.5,,120.0,127.8,,,,,
이승현 (좌),2022,2022.8.14,KT,134.2,,141.0,,119.0,126.6,,,,,
이승현 (좌),2022,2022.8.17,LG,143.8,,147.6,,122.5,133.0,,,,,
이승현 (좌),2022,2022.8.18,한화,137.0,,142.7,,119.0,129.5,,,,,
이승현 (좌),2022,2022.8.21,NC,138.7,,144.3,,122.0,130.0,,,,,
이승현 (좌),2022,2022.8.23,SSG,139.3,,144.3,,124.0,129.5,,,,,
이승현 (좌),2022,2022.8.24,SSG,135.5,,145.1,,121.0,130.6,,,,,
이승현 (좌),2022,2022.8.26,롯데,134.8,,143.7,,120.7,132.2,,,,,
이승현 (좌),2022,2022.8.28,한화,137.4,,141.9,,120.8,129.2,,,,,
이승현 (좌),2022,2022.9.1,KIA,135.1,,144.2,,119.7,130.1,,,,,
이승현 (좌),2022,2022.9.6,키움,134.8,,140.3,,,126.5,,,,,
이승현 (좌),2022,2022.9.8,롯데,136.3,,144.5,,,128.0,,,,,
이승현 (좌),2022,2022.9.14,NC,136.8,,143.8,,120.7,129.5,,,,,
이승현 (좌),2021,2021.5.14,LG,142.5,,151.1,,124.0,136.5,,,,,
이승현 (좌),2021,2021.5.17,LG,140.3,,147.2,,122.4,133.5,,,,,
이승현 (좌),2021,2021.5.18,키움,141.4,,148.9,,123.5,133.3,,,,,
이승현 (좌),2021,2021.5.21,KIA,138.6,,147.1,,120.0,137.0,,,,,
이승현 (좌),2021,2021.5.23,KIA,141.7,,147.2,,120.2,134.0,,,,,
이승현 (좌),2021,2021.5.26,NC,135.6,,146.0,,120.0,132.0,,,,,
이승현 (좌),2021,2021.5.29,두산,142.0,,146.3,,118.7,133.0,,,,,
이승현 (좌),2021,2021.5.30,두산,137.4,,144.0,,120.0,133.0,,,,,
이승현 (좌),2021,2021.6.2,SSG,138.0,,145.5,,120.0,131.3,,,,,
이승현 (좌),2021,2021.6.5,키움,140.6,,146.7,,121.5,131.8,,,,,
이승현 (좌),2021,2021.6.6,키움,143.0,,146.2,,125.5,,,,,,
이승현 (좌),2021,2021.6.9,KIA,138.4,,142.8,,118.7,130.5,,,,,
이승현 (좌),2021,2021.6.11,NC,138.3,,145.9,,123.5,133.1,,,,,
이승현 (좌),2021,2021.6.12,NC,138.4,,144.5,,122.0,131.5,,,,,
이승현 (좌),2021,2021.6.15,두산,142.0,,146.7,,121.7,133.8,,,,,
이승현 (좌),2021,2021.6.18,롯데,137.0,,145.5,,118.0,129.9,,,,,
이승현 (좌),2021,2021.6.22,한화,134.8,,145.0,,119.7,129.7,,,,,
이승현 (좌),2021,2021.6.26,LG,139.6,,144.4,,119.8,134.0,,,,,
이승현 (좌),2021,2021.6.27,LG,134.5,,142.7,,117.0,131.8,,,,,
이승현 (좌),2021,2021.6.30,SSG,138.0,,146.1,,120.3,134.0,,,,,
이승현 (좌),2021,2021.7.1,SSG,136.9,,146.6,,122.5,133.2,,,,,
이승현 (좌),2021,2021.7.8,KT,141.2,,146.6,,123.5,,,,,,
이승현 (좌),2021,2021.7.10,롯데,136.9,,142.9,,119.8,,,,,,
이승현 (좌),2021,2021.8.11,두산,142.6,,146.4,,124.0,138.5,,,,,
이승현 (좌),2021,2021.8.13,KT,136.1,,143.9,,117.7,133.2,,,,,
이승현 (좌),2021,2021.8.15,KT,139.3,,145.7,,121.0,135.2,,,,,
이승현 (좌),2021,2021.8.19,한화,139.6,,146.0,,124.5,135.0,,,,,
이승현 (좌),2021,2021.8.20,SSG,138.7,,148.2,,124.5,136.2,,,,,
이승현 (좌),2021,2021.8.22,SSG,133.4,,,,126.0,134.4,,,,,
이승현 (좌),2021,2021.8.24,SSG,144.5,,147.8,,,136.8,,,,,
이승현 (좌),2021,2021.8.26,LG,143.3,,147.3,,,134.0,,,,,
이승현 (좌),2021,2021.8.27,LG,142.9,,146.0,,124.0,,,,,,
이승현 (좌),2021,2021.8.31,키움,139.6,,145.6,,123.0,132.3,,,,,
이승현 (좌),2021,2021.9.2,KIA,139.0,,142.4,,122.0,133.0,131.0,,,,
이승현 (좌),2021,2021.9.5,두산,139.2,,143.5,,122.0,133.2,134.0,,,,
이승현 (좌),2021,2021.9.8,롯데,136.2,,143.0,,119.2,129.6,127.0,,,,
이승현 (좌),2021,2021.9.10,KT,141.1,,144.9,,121.0,134.8,,,,,
이승현 (좌),2021,2021.9.12,한화,141.7,,145.1,,125.0,134.0,,,,,
이승현 (좌),2021,2021.9.14,LG,136.3,,145.4,,122.7,134.7,,,,,
이승현 (좌),2021,2021.9.17,KIA,141.0,,144.3,,123.0,135.6,,,,,
이승현 (좌),2021,2021.9.23,LG,137.4,,143.9,,118.5,131.7,,,,,
이재희,2023,2023.4.19,키움,135.8,,140.5,,,133.2,130.4,,,,
이재희,2023,2023.4.27,두산,135.7,,139.7,,,134.1,132.2,,,,
이재희,2021,2021.8.15,KT,135.1,,142.8,138.4,119.9,132.1,,,133.0,,
이재희,2021,2021.9.16,KIA,134.2,,139.9,,115.6,131.6,125.4,,,,
이재희,2021,2021.9.22,롯데,131.6,,139.2,,113.7,131.9,123.2,,,,
이재희,2021,2021.9.28,SSG,132.3,,138.8,137.0,113.0,129.8,123.2,,,,
이재희,2021,2021.10.16,키움,129.7,,136.2,,112.8,128.1,124.0,,,,
이승현 (우),2024,2024.4.2,키움,131.9,,139.0,,,127.4,121.0,,124.0,,
이승현 (우),2024,2024.4.10,롯데,138.0,,141.7,,,,121.5,,,,
이승현 (우),2024,2024.4.12,NC,135.4,,141.3,,,130.4,117.3,,129.7,,129.0
이승현 (우),2024,2024.4.14,NC,135.8,,140.1,,,131.0,120.0,,,,
이승현 (우),2024,2024.4.17,두산,130.3,,139.5,,,128.1,118.0,,,,
이승현 (우),2024,2024.4.18,두산,134.3,,138.8,,,127.2,,,132.0,,
이승현 (우),2024,2024.4.24,LG,134.6,,140.2,,,129.8,119.5,,,,
이승현 (우),2024,2024.4.25,LG,131.9,,140.8,,,129.3,122.0,,,,
이승현 (우),2024,2024.4.28,키움,134.0,,141.4,,,130.6,121.8,,132.0,,
이승현 (우),2024,2024.5.1,두산,139.0,,143.0,,,131.0,,,,,
이승현 (우),2024,2024.5.3,롯데,135.7,,140.9,,118.0,131.7,119.0,,,,
이승현 (우),2024,2024.5.4,롯데,131.8,,136.8,,,129.2,119.5,,,,
이승현 (우),2024,2024.5.8,KIA,134.3,,138.9,,,129.7,120.0,,,,
이승현 (우),2024,2024.5.9,KIA,139.8,,139.8,,,,,,,,
이승현 (우),2024,2024.5.11,NC,136.1,,142.5,,,128.8,,,131.0,,
이승현 (우),2024,2024.5.17,한화,136.7,,140.2,,,130.2,,,,,
이승현 (우),2024,2024.5.18,한화,134.8,,140.6,,,130.3,119.0,,,,
이승현 (우),2024,2024.5.21,KT,136.0,,141.8,,,129.1,122.0,,,,
이승현 (우),2024,2024.5.24,롯데,137.5,,143.2,,,132.0,120.0,,,,
이승현 (우),2024,2024.5.25,롯데,137.5,,142.6,,,132.5,120.3,,,,
이승현 (우),2024,2024.5.28,키움,138.6,,142.3,,,132.7,,,,,
이승현 (우),2024,2024.5.31,한화,139.1,,142.6,,,130.5,,,,,
이승현 (우),2024,2024.6.1,한화,137.3,,142.6,,,131.0,124.0,,,,
이승현 (우),2024,2024.6.4,SSG,139.7,,144.0,,,132.0,125.0,,,,
이승현 (우),2024,2024.6.6,SSG,139.8,,142.0,,,131.0,,,,,
이승현 (우),2024,2024.6.9,키움,138.9,,144.2,,,133.2,121.7,,,,
이승현 (우),2024,2024.6.11,LG,137.6,,142.8,,,132.5,121.0,,,,
이승현 (우),2024,2024.6.13,LG,133.9,,142.5,,,129.3,120.8,,,,
이승현 (우),2024,2024.6.15,NC,139.1,,143.6,,,132.1,,,,,
이승현 (우),2024,2024.6.16,NC,134.3,,143.5,,,132.5,124.0,,130.0,,
이승현 (우),2024,2024.6.19,SSG,139.0,,143.2,,,134.0,121.0,,,,
이승현 (우),2024,2024.6.20,SSG,133.2,,140.3,,,130.0,128.0,,,,
이승현 (우),2024,2024.6.23,두산,134.0,,141.3,,,131.3,122.0,,,,
이승현 (우),2024,2024.6.28,KT,135.0,,141.7,,,131.3,122.0,,130.7,,
이승현 (우),2024,2024.7.11,NC,138.8,,140.9,,,131.5,,,,,
이승현 (우),2024,2024.7.12,두산,139.5,,143.2,,,132.8,123.0,,,,
이승현 (우),2024,2024.7.14,두산,131.6,,142.7,,,130.6,119.6,,,,
이승현 (우),2024,2024.7.18,KIA,130.6,,139.4,,,128.8,120.0,,,,
이승현 (우),2024,2024.7.19,롯데,135.6,,140.2,,,129.5,118.3,,,,
이승현 (우),2024,2024.7.26,KT,136.1,,140.8,,,129.3,118.5,,,,
이승현 (우),2024,2024.8.1,LG,133.6,,143.0,,,130.8,121.8,,,,
이승현 (우),2024,2024.8.3,SSG,134.9,,141.0,,,130.4,132.0,,,,
이승현 (우),2024,2024.8.6,한화,136.7,,140.3,,,129.9,,,,,
이승현 (우),2024,2024.8.8,한화,134.4,,140.2,,,131.4,120.6,,,,
이승현 (우),2024,2024.8.11,KIA,137.7,,143.5,,,133.3,123.3,,,,
이승현 (우),2024,2024.8.13,KT,137.6,,140.9,,,130.6,121.0,,,,
이승현 (우),2024,2024.8.16,NC,139.1,,143.3,,,133.0,124.0,,,,
이승현 (우),2024,2024.8.17,NC,138.6,,143.7,,,132.9,,,,,
이승현 (우),2024,2024.8.23,롯데,132.8,,141.3,,,130.3,121.3,,,,
이승현 (우),2024,2024.8.25,롯데,129.8,,140.8,,,131.0,119.8,,,,
이승현 (우),2024,2024.8.28,키움,134.5,,143.0,,,131.3,120.0,,,,
이승현 (우),2024,2024.8.31,KIA,130.0,,138.9,,,129.2,117.5,,,,
이승현 (우),2024,2024.9.4,두산,136.8,,140.0,,,127.0,,,,,
이승현 (우),2024,2024.9.6,롯데,138.2,,142.4,,,132.2,120.0,,,,
이승현 (우),2024,2024.9.11,한화,130.4,,138.6,,,128.9,118.8,,,,
이승현 (우),2024,2024.9.14,SSG,136.4,,143.0,,,132.5,119.7,,,,
이승현 (우),2024,2024.9.15,SSG,126.6,,140.0,,,127.5,119.0,,,,
이승현 (우),2024,2024.9.17,두산,138.3,,141.3,,,129.0,,,,,
이승현 (우),2024,2024.9.19,KT,132.0,,140.4,,,131.0,119.0,,,,
이승현 (우),2024,2024.9.28,LG,131.0,,141.8,,,130.5,119.2,,,,
이승현 (우),2024,2024.10.15,LG,134.0,,142.0,,,129.3,,,133.0,,
이승현 (우),2024,2024.10.21,KIA,136.7,,140.5,,,129.0,,,,,
이승현 (우),2024,2024.10.23,KIA,135.2,,140.1,,,127.5,122.0,,,,
이승현 (우),2024,2024.10.26,KIA,131.7,,138.3,,,128.1,120.0,,,,
이승현 (우),2023,2023.4.2,NC,136.5,,142.2,,,132.1,119.0,,132.0,,
이승현 (우),2023,2023.4.4,한화,134.9,,139.8,,,128.9,,,128.0,,
이승현 (우),2023,2023.4.9,LG,139.6,,142.8,,,,,,131.8,,
이승현 (우),2023,2023.4.11,SSG,140.0,,142.1,,,132.5,,,130.0,,
이승현 (우),2023,2023.4.13,SSG,133.8,,139.8,,,129.0,,,129.3,,
이승현 (우),2023,2023.4.18,키움,141.1,,143.8,,,132.0,,,129.0,,
이승현 (우),2023,2023.4.19,키움,136.4,,143.0,,,131.8,,,132.2,,
이승현 (우),2023,2023.4.22,KIA,139.3,,144.1,,,134.8,,,132.3,,
이승현 (우),2023,2023.4.26,두산,136.8,,142.0,,,130.1,,,131.0,,
이승현 (우),2023,2023.4.27,두산,136.1,,142.5,,,131.5,,,130.5,,
이승현 (우),2023,2023.4.29,KT,135.7,,140.4,,,128.2,,,,,
이승현 (우),2023,2023.4.30,KT,133.7,,141.5,,,128.9,,,129.2,,
이승현 (우),2023,2023.5.4,키움,136.2,,142.0,,,131.2,,,130.0,,
이승현 (우),2023,2023.5.10,한화,131.5,,,,,131.5,,,,,
이승현 (우),2023,2023.5.13,LG,138.5,,144.6,,,128.6,,,130.5,,
이승현 (우),2023,2023.5.14,LG,136.3,,143.6,,,131.8,,,,,
이승현 (우),2023,2023.5.16,KIA,136.5,,142.1,,,130.8,,,130.1,,
이승현 (우),2023,2023.5.19,NC,135.2,,143.7,,,,121.7,,131.4,,
이승현 (우),2023,2023.5.21,NC,135.0,,143.7,,,132.0,122.2,,131.4,,
이승현 (우),2023,2023.5.24,두산,133.0,,140.9,,,129.0,115.0,,130.0,,
이승현 (우),2023,2023.5.26,KT,126.4,,140.0,,,127.0,115.3,,128.0,,
이승현 (우),2023,2023.5.31,SSG,138.2,,144.8,,,130.5,,,133.5,,
이승현 (우),2023,2023.6.2,한화,132.9,,143.0,,,133.5,117.0,,132.0,,
이승현 (우),2023,2023.6.3,한화,132.1,,142.8,,,132.0,116.5,,129.5,,
이승현 (우),2023,2023.6.9,롯데,134.5,,140.9,,,131.0,115.5,,132.0,,
이승현 (우),2023,2023.6.10,롯데,132.5,,140.1,,115.5,,122.5,,,,
이승현 (우),2023,2023.6.11,롯데,137.6,,141.0,,,130.5,118.0,,,,
이승현 (우),2023,2023.6.13,LG,139.2,,144.5,,,136.0,121.0,,,,
이승현 (우),2023,2023.6.15,LG,136.0,,140.9,,,,116.5,,130.2,,
이승현 (우),2023,2023.6.18,KT,137.0,,141.3,,,133.6,,,132.5,,
이승현 (우),2023,2023.6.21,키움,138.6,,143.6,,,131.3,123.0,,133.7,,
이승현 (우),2023,2023.6.24,SSG,135.7,,143.0,,,135.0,119.0,,131.5,,
이승현 (우),2023,2023.6.28,롯데,139.0,,141.4,,,133.3,,,,,
이승현 (우),2023,2023.7.1,한화,130.4,,137.7,,,128.4,120.0,,,,
이승현 (우),2023,2023.7.29,키움,135.9,,143.2,,,134.0,120.8,,132.0,,
이승현 (우),2023,2023.8.1,KIA,136.6,,141.5,,,135.0,120.0,,,,
이승현 (우),2023,2023.8.2,KIA,132.3,,142.0,,,133.4,,,122.8,,
이승현 (우),2023,2023.8.6,LG,135.4,,143.9,,,135.9,122.1,,131.0,,
이승현 (우),2023,2023.8.11,SSG,134.5,,141.8,,,135.0,121.2,,,,
이승현 (우),2023,2023.8.13,SSG,138.4,,141.0,,,,,,128.0,,
이승현 (우),2023,2023.8.16,LG,135.1,,142.9,,,133.8,114.0,,126.3,,
이승현 (우),2023,2023.8.19,KIA,139.3,,140.9,,,132.0,,,,,
이승현 (우),2023,2023.8.20,KIA,133.6,,141.1,,,132.7,121.1,,,,
이승현 (우),2023,2023.8.22,한화,131.6,,139.4,,,131.0,119.3,,,,
이승현 (우),2023,2023.8.26,키움,130.0,,138.7,,,129.8,120.4,,,,
이승현 (우),2023,2023.8.27,키움,132.3,,138.4,,,130.1,118.0,,,,
이승현 (우),2023,2023.9.2,NC,134.7,,143.0,,,132.4,123.3,,,,
이승현 (우),2023,2023.9.6,롯데,130.5,,141.7,,,133.3,120.0,,,,
이승현 (우),2023,2023.9.7,롯데,132.2,,141.6,,,131.9,121.0,,128.0,,
이승현 (우),2023,2023.9.9,두산,133.4,,140.7,,,129.8,120.5,,,,
이승현 (우),2023,2023.9.12,KIA,137.4,,144.3,,,132.1,,,,,
이승현 (우),2023,2023.9.14,KT,133.9,,138.0,,,130.5,,,,,
이승현 (우),2023,2023.9.17,롯데,138.0,,141.6,,,133.0,120.5,,,,
이승현 (우),2023,2023.9.21,두산,139.2,,142.6,,,133.5,118.0,,,,
이승현 (우),2023,2023.9.22,두산,133.1,,140.4,,,132.8,121.3,,,,
이승현 (우),2023,2023.9.27,한화,128.8,,138.1,,,130.0,116.2,,,,
이승현 (우),2023,2023.9.30,NC,134.8,,142.2,,,130.0,119.2,,,,
이승현 (우),2023,2023.10.2,롯데,134.9,,140.6,,,133.6,120.3,,,,
이승현 (우),2023,2023.10.6,KT,133.2,,139.4,,,131.7,118.0,,128.0,,
이승현 (우),2023,2023.10.9,KIA,133.8,,141.5,,,131.5,121.1,,,,
이승현 (우),2022,2022.4.2,KT,139.8,,141.8,,,,129.5,,,,
이승현 (우),2022,2022.4.6,두산,140.9,,142.5,,,,132.0,,,,
이승현 (우),2022,2022.4.7,두산,137.0,,145.6,,106.0,129.3,131.9,,,,
이승현 (우),2022,2022.4.9,키움,138.3,,143.9,,100.0,132.0,,,132.0,,
이승현 (우),2022,2022.4.15,SSG,137.4,,142.3,,,,,,127.7,,
이승현 (우),2022,2022.4.16,SSG,133.1,,140.5,,,128.5,126.0,,127.0,,
이승현 (우),2022,2022.4.20,NC,137.6,,143.4,,,127.7,,,132.0,,
이승현 (우),2022,2022.4.22,롯데,130.2,,140.5,,106.0,124.6,,,128.3,,
이승현 (우),2022,2022.4.29,KIA,140.4,,142.2,,,130.0,,,,,
이승현 (우),2022,2022.5.4,NC,138.0,,142.0,,,130.3,,,136.0,,
이승현 (우),2022,2022.5.11,SSG,141.5,,144.2,,,134.0,132.0,,133.5,,
이승현 (우),2022,2022.5.17,한화,134.9,,145.0,,,132.7,,,,,
이승현 (우),2022,2022.5.21,KT,139.2,,143.6,,,130.3,,,136.0,,
이승현 (우),2022,2022.5.22,KT,139.3,,141.8,,,128.0,118.0,,,,
이승현 (우),2022,2022.5.24,KIA,133.8,,140.8,,,131.0,,,130.5,,
이승현 (우),2022,2022.5.26,KIA,134.2,,139.1,,,126.2,,,128.8,,
이승현 (우),2022,2022.5.27,LG,142.4,,145.4,,,,,,134.8,,
이승현 (우),2022,2022.6.1,키움,142.4,,144.0,,,,,,133.0,,
이승현 (우),2022,2022.6.2,키움,139.4,,143.5,,,134.7,,,131.7,,
이승현 (우),2022,2022.6.3,두산,139.9,,144.0,,,132.7,,,132.0,,
이승현 (우),2022,2022.6.8,롯데,139.5,,142.0,,,,,,133.2,,
이승현 (우),2022,2022.6.9,롯데,139.0,,141.8,,,132.0,,,131.5,,
이승현 (우),2022,2022.6.11,NC,135.8,,142.4,,,133.0,120.0,,130.0,,
이승현 (우),2022,2022.6.15,LG,140.1,,144.6,,,128.0,,,130.5,,
이승현 (우),2022,2022.6.21,키움,134.6,,142.7,,,131.6,,,133.7,,
이승현 (우),2022,2022.6.22,키움,139.8,,139.8,,,,,,,,
이승현 (우),2022,2022.6.28,KT,134.3,,139.8,,101.7,,,,128.7,,
이승현 (우),2022,2022.6.30,KT,133.9,,138.7,,,129.8,,,128.7,,
이승현 (우),2022,2022.7.12,KT,139.9,,141.3,,,131.0,,,,,
이승현 (우),2022,2022.7.23,키움,134.7,,140.7,,,,,,130.2,,
이승현 (우),2022,2022.7.24,키움,133.5,,141.7,,,131.2,,,129.3,,
이승현 (우),2022,2022.7.27,한화,133.8,,138.0,,,,,,127.5,,
이승현 (우),2022,2022.7.30,롯데,135.6,,141.2,,108.0,132.2,,,129.3,,
이승현 (우),2022,2022.8.4,두산,140.5,,142.8,,,136.0,,,133.3,,
이승현 (우),2022,2022.8.6,SSG,136.5,,141.3,,,133.0,,,132.2,,
이승현 (우),2022,2022.8.12,KIA,140.1,,142.6,,,134.0,,,132.7,,
이승현 (우),2022,2022.8.17,LG,138.4,,146.3,,121.0,136.9,,,133.2,,
이승현 (우),2022,2022.8.18,한화,140.4,,144.6,,,,,,132.4,,
이승현 (우),2022,2022.8.21,NC,135.9,,140.0,,,,,,129.8,,
이승현 (우),2022,2022.8.24,SSG,137.0,,144.2,,,,,,133.1,,
이승현 (우),2022,2022.8.27,한화,137.2,,140.9,,,,,,130.8,,
이승현 (우),2022,2022.8.28,한화,134.6,,138.2,,,,,,126.1,,
이승현 (우),2022,2022.8.31,SSG,135.2,,141.5,,,131.0,,,,,
이승현 (우),2022,2022.9.3,두산,139.5,,141.4,,,133.0,,,,,
이승현 (우),2022,2022.9.8,롯데,139.3,,142.4,,,133.2,,,,,
이승현 (우),2022,2022.9.13,NC,141.6,,142.3,,,135.0,,,,,
이승현 (우),2022,2022.9.15,두산,140.1,,141.0,,,132.0,,,,,
이승현 (우),2022,2022.9.21,키움,138.7,,142.4,,,135.3,117.0,,132.0,,
이승현 (우),2022,2022.9.22,KT,138.3,,141.0,,,130.3,,,,,
이승현 (우),2022,2022.9.23,KT,137.8,,141.8,,,132.7,,,129.0,,
이승현 (우),2022,2022.9.25,KIA,129.8,,136.1,,,126.0,,,129.0,,
이승현 (우),2022,2022.10.1,두산,138.2,,142.1,,,132.0,,,,,
이승현 (우),2022,2022.10.5,KT,138.4,,140.1,,,130.5,,,130.0,,
이승현 (우),2022,2022.10.6,두산,137.8,,142.3,,,131.0,,,132.5,,
이승현 (우),2021,2021.4.4,키움,135.0,,142.6,,,130.8,125.3,,129.5,,
이승현 (우),2021,2021.4.7,두산,137.9,,143.7,,,,124.0,,132.5,,
이승현 (우),2021,2021.4.8,두산,137.7,,143.5,,,131.0,123.5,,129.0,,
이승현 (우),2021,2021.4.10,KT,136.6,,140.4,,,,,,128.0,,
이승현 (우),2021,2021.4.11,KT,136.2,,142.7,,,,124.0,,129.0,,
이승현 (우),2021,2021.4.14,한화,131.3,,138.0,,,128.2,123.0,,,,
이승현 (우),2021,2021.4.16,롯데,138.3,,143.4,,,132.8,125.0,,,,
이승현 (우),2021,2021.5.6,한화,135.8,,143.4,,,129.9,,,129.0,,
이승현 (우),2021,2021.5.8,롯데,134.5,,143.7,,,129.8,,,129.0,,
이승현 (우),2021,2021.5.13,KT,131.4,,142.0,,,126.2,,,,,
이승현 (우),2021,2021.5.15,LG,136.2,,141.9,,,129.3,125.0,,128.6,,
이승현 (우),2021,2021.6.9,KIA,142.1,,147.9,,,,,,132.4,,
이승현 (우),2021,2021.6.17,두산,141.1,,147.1,,,132.3,,,134.5,,
이승현 (우),2021,2021.6.18,롯데,138.4,,145.4,,,129.8,,,127.0,,
이승현 (우),2021,2021.6.20,롯데,135.6,,143.7,,,129.9,,,131.7,,
이승현 (우),2021,2021.6.26,LG,134.4,,141.0,,,127.8,,,,,
이승현 (우),2021,2021.6.29,SSG,134.7,,144.2,,,130.0,,,,,
이승현 (우),2021,2021.7.4,NC,139.1,,144.0,,,131.3,127.0,,134.0,,
이승현 (우),2021,2021.7.9,롯데,134.9,,142.3,,,128.3,,,,,
이승현 (우),2021,2021.8.12,두산,141.2,,144.4,,,134.3,,,132.0,,
이승현 (우),2021,2021.8.14,KT,135.5,,142.7,,,131.0,,,132.0,,
이승현 (우),2020,2020.5.5,NC,139.9,,143.4,,,134.8,,,137.0,,
이승현 (우),2020,2020.5.8,KIA,140.7,,143.7,,,137.2,,,137.0,,
이승현 (우),2020,2020.5.12,키움,137.1,,143.5,,,137.5,123.5,,136.0,,
이승현 (우),2020,2020.5.14,키움,139.8,,143.8,,,137.0,,,136.5,,
이승현 (우),2020,2020.5.17,KT,137.7,,143.3,,,134.8,123.8,,135.9,,
이승현 (우),2020,2020.5.19,LG,138.2,,143.1,,,133.8,123.0,,135.5,,
이승현 (우),2020,2020.5.20,LG,141.7,,143.5,,,138.0,,,138.0,,
이승현 (우),2020,2020.5.22,두산,138.5,,143.4,,,136.5,124.3,,135.5,,
이승현 (우),2020,2020.5.26,롯데,140.1,,143.2,,,136.0,125.0,,136.5,,
이승현 (우),2020,2020.5.28,롯데,140.7,,144.4,,,138.1,124.0,,135.0,,
이승현 (우),2020,2020.6.3,LG,140.5,,144.8,,,136.5,128.5,,,,
이승현 (우),2020,2020.6.5,SK,143.8,,143.8,,,,,,,,
이승현 (우),2020,2020.6.7,SK,138.9,,143.8,,,133.0,121.0,,,,
이승현 (우),2020,2020.6.9,키움,137.8,,141.9,,,132.9,131.0,,,,
이승현 (우),2020,2020.6.11,키움,138.8,,142.9,,122.0,132.5,,,135.0,,
이승현 (우),2020,2020.6.13,KT,136.7,,145.2,,,135.0,127.5,,,,
이승현 (우),2020,2020.6.14,KT,140.1,,145.0,,,135.0,127.0,,,,
이승현 (우),2020,2020.6.16,두산,138.1,,142.6,,,135.8,,,136.0,,
이승현 (우),2020,2020.6.18,두산,138.8,,143.9,,,136.6,124.3,,137.0,,
이승현 (우),2020,2020.6.19,KIA,138.2,,141.0,,,130.5,,,133.0,,
이승현 (우),2020,2020.7.3,LG,137.2,,142.7,,124.0,137.0,123.0,,138.5,,
이승현 (우),2020,2020.7.4,LG,140.2,,142.7,,,138.5,124.0,,138.0,,
이승현 (우),2020,2020.7.7,키움,141.3,,144.4,,,133.0,121.0,,137.5,,
이승현 (우),2020,2020.7.9,키움,137.8,,142.9,,,130.5,124.0,,135.0,,
이승현 (우),2020,2020.7.17,롯데,140.3,,143.8,,,137.6,,,,,
이승현 (우),2020,2020.7.21,NC,137.3,,143.3,,,133.6,122.0,,,,
이승현 (우),2020,2020.7.26,KIA,136.4,,141.9,,,133.2,127.0,,,,
이승현 (우),2020,2020.7.29,한화,137.6,,142.7,,,134.1,,,135.7,,
이승현 (우),2020,2020.7.31,키움,135.7,,142.5,,,136.0,124.8,,123.0,,
이승현 (우),2020,2020.8.2,키움,136.2,,141.0,,,133.8,,,,,
이승현 (우),2020,2020.8.4,두산,141.3,,144.6,,,139.0,,,,,
이승현 (우),2020,2020.8.6,두산,139.2,,144.4,,,138.5,125.5,,136.5,,
이승현 (우),2020,2020.8.11,두산,139.6,,144.2,,,133.0,,,136.3,,
이승현 (우),2020,2020.8.14,한화,134.1,,143.1,,,132.0,122.8,,134.0,,
이승현 (우),2020,2020.8.15,한화,136.6,,142.3,,,,122.0,,130.0,,
이승현 (우),2020,2020.8.19,KT,140.5,,142.0,,,,,,135.0,,
이승현 (우),2020,2020.8.20,SK,138.5,,143.2,,,133.8,133.0,,135.0,,
이승현 (우),2020,2020.8.22,롯데,140.4,,143.0,,,134.2,,,137.0,,
이승현 (우),2020,2020.8.23,롯데,136.3,,140.8,,,134.4,,,132.0,,
이승현 (우),2020,2020.8.25,LG,142.0,,143.7,,,134.5,,,,,
이승현 (우),2020,2020.8.26,LG,141.3,,143.5,,,137.0,,,137.0,,
이승현 (우),2020,2020.8.30,키움,130.7,,141.0,,,136.0,124.3,,134.0,,
이승현 (우),2020,2020.9.1,KIA,136.2,,140.0,,,134.0,,,132.0,,
이승현 (우),2020,2020.9.3,두산,136.6,,141.5,,,132.3,,,135.0,,
이승현 (우),2020,2020.9.8,한화,135.4,,139.0,,,136.0,124.0,,,,
이승현 (우),2020,2020.9.10,롯데,138.5,,142.4,,,136.0,124.5,,135.0,,
이승현 (우),2020,2020.9.15,KT,138.7,,141.5,,,134.1,,,135.5,,
이승현 (우),2020,2020.9.18,KIA,138.6,,140.5,,,133.7,,,134.0,,
이승현 (우),2020,2020.9.20,키움,138.3,,143.4,,,134.0,126.5,,134.7,,
이승현 (우),2020,2020.9.22,NC,138.1,,140.9,,,134.7,,,133.5,,
이승현 (우),2020,2020.9.24,두산,136.4,,144.0,,,135.0,126.0,,135.3,,
이승현 (우),2020,2020.9.25,두산,137.3,,143.0,,,,,,126.0,,
이승현 (우),2020,2020.9.29,KT,141.2,,142.8,,,,,,135.0,,
이승현 (우),2020,2020.9.30,KT,140.6,,143.0,,,134.0,,,135.0,,
이승현 (우),2020,2020.10.1,KT,138.0,,139.6,,,134.0,,,,,
이승현 (우),2020,2020.10.3,NC,139.2,,139.3,,,136.0,,,,,
이승현 (우),2020,2020.10.6,LG,137.5,,142.2,,,,,,134.1,,
이승현 (우),2020,2020.10.8,LG,135.7,,142.3,,,136.0,125.5,,136.0,,
이승현 (우),2020,2020.10.9,롯데,136.6,,141.0,,,134.0,,,,,
이승현 (우),2020,2020.10.14,SK,138.5,,142.0,,,136.0,,,134.0,,
이승현 (우),2020,2020.10.16,한화,136.7,,141.6,,,133.2,131.0,,132.8,,
이승현 (우),2020,2020.10.17,한화,135.5,,138.4,,,131.6,,,130.0,,
이승현 (우),2020,2020.10.20,SK,135.5,,138.5,,,132.5,,,,,
이승현 (우),2020,2020.10.24,KIA,136.4,,139.9,,,134.0,,,132.4,,
오승환,2024,2024.3.23,KT,133.7,,142.3,,118.0,133.2,,,133.0,,
오승환,2024,2024.3.24,KT,136.0,,141.0,,,132.7,,,,,
오승환,2024,2024.3.26,LG,134.1,,141.7,,116.0,133.0,,,133.0,,
오승환,2024,2024.3.30,SSG,136.6,,140.8,,,132.4,,,133.5,,
오승환,2024,2024.3.31,SSG,131.4,,140.5,,116.4,130.5,,,130.6,,
오승환,2024,2024.4.6,KIA,134.4,141.0,143.0,,119.3,135.0,136.0,,,,
오승환,2024,2024.4.7,KIA,130.4,,,,114.0,131.8,136.0,,,,
오승환,2024,2024.4.10,롯데,131.6,,142.0,,113.7,133.4,,,,,
오승환,2024,2024.4.11,롯데,135.5,,142.5,,116.5,133.8,138.0,,,,
오승환,2024,2024.4.16,두산,134.1,,142.9,,113.5,130.8,,,134.0,,
오승환,2024,2024.4.18,두산,133.0,,141.2,,117.3,130.8,,,,,
오승환,2024,2024.4.20,한화,133.8,,141.6,,113.5,135.0,,,,,
오승환,2024,2024.4.21,한화,132.8,,144.0,,117.0,132.5,,,,,
오승환,2024,2024.4.26,키움,138.2,,144.2,,119.5,132.5,,,,,
오승환,2024,2024.5.2,두산,136.5,,144.3,,117.0,133.8,,,135.0,,
오승환,2024,2024.5.8,KIA,135.4,,140.6,,116.0,132.2,130.0,,136.0,,
오승환,2024,2024.5.9,KIA,133.2,,141.7,,117.5,133.0,,,136.5,,
오승환,2024,2024.5.11,NC,138.7,,143.8,,117.0,133.3,,,138.0,,
오승환,2024,2024.5.16,SSG,139.6,141.0,143.8,,119.0,135.2,,,138.5,,
오승환,2024,2024.5.17,한화,137.0,,141.8,,117.0,132.4,,,134.0,,
오승환,2024,2024.5.21,KT,131.7,142.0,141.0,,112.0,129.7,,,,,
오승환,2024,2024.5.22,KT,138.8,,143.4,,118.0,134.5,,,138.2,,
오승환,2024,2024.5.28,키움,133.5,142.0,141.7,,113.3,132.2,139.0,,135.0,,
오승환,2024,2024.5.30,키움,137.6,,141.5,,,133.8,134.0,,134.0,,
오승환,2024,2024.5.31,한화,137.2,,142.9,,120.0,132.5,,,137.0,,
오승환,2024,2024.6.1,한화,138.9,,142.8,,,134.3,,,137.0,,
오승환,2024,2024.6.4,SSG,139.3,,144.2,,,136.3,,,138.0,,
오승환,2024,2024.6.11,LG,137.0,,142.4,,116.0,134.0,,,135.8,,
오승환,2024,2024.6.12,LG,135.7,,142.4,,115.0,133.5,,,134.0,,
오승환,2024,2024.6.14,NC,140.6,140.0,144.8,,121.0,137.5,,,137.5,,
오승환,2024,2024.6.16,NC,140.3,140.0,143.7,,,135.8,,,138.0,,
오승환,2024,2024.6.21,두산,140.7,141.0,141.8,,,,,,137.7,,
오승환,2024,2024.6.23,두산,136.4,143.0,143.8,,115.5,134.6,,,137.2,,
오승환,2024,2024.6.27,LG,138.3,141.2,143.5,,120.0,134.5,,,139.3,,
오승환,2024,2024.6.28,KT,136.9,,139.8,,,133.7,,,135.0,,
오승환,2024,2024.7.2,KIA,137.4,,142.2,,,134.6,,,136.0,,
오승환,2024,2024.7.4,KIA,130.2,,140.4,,114.0,133.3,,,134.0,,
오승환,2024,2024.7.11,NC,138.6,,142.4,,117.0,134.0,,,137.0,,
오승환,2024,2024.7.14,두산,135.5,,143.0,,120.5,135.0,,,133.5,,
오승환,2024,2024.7.19,롯데,134.4,,140.5,,120.0,132.2,,,135.0,,
오승환,2024,2024.7.21,롯데,135.7,,140.9,,115.5,134.0,,,134.0,,
오승환,2024,2024.7.23,한화,138.7,,142.0,,,,,,132.0,,
오승환,2024,2024.7.24,한화,136.9,,141.1,,118.0,135.0,,,132.7,,
오승환,2024,2024.7.27,KT,134.3,,143.5,,115.0,135.0,,,,,
오승환,2024,2024.8.7,한화,138.4,,142.4,,118.5,135.0,,,,,
오승환,2024,2024.8.9,KIA,142.4,141.0,145.4,,117.0,137.5,,,139.5,,
오승환,2024,2024.8.11,KIA,137.9,,143.0,,123.0,134.8,,,135.0,,
오승환,2024,2024.8.15,KT,135.7,,141.4,,,132.9,,,135.0,,
오승환,2024,2024.8.28,키움,142.0,,145.8,,124.0,136.7,,,,,
오승환,2024,2024.8.29,키움,136.7,,145.0,,120.0,135.0,,,136.0,,
오승환,2024,2024.8.31,KIA,137.7,,143.5,,120.0,132.8,,,134.5,,
오승환,2024,2024.9.1,KIA,135.2,,141.6,,119.0,133.2,,,129.0,,
오승환,2024,2024.9.4,두산,137.1,,144.0,,120.0,136.0,,,,,
오승환,2024,2024.9.6,롯데,136.2,,144.0,,117.0,132.0,,,132.5,,
오승환,2024,2024.9.12,한화,133.0,,141.6,,117.0,131.6,,,132.0,,
오승환,2024,2024.9.14,SSG,138.9,,145.8,,116.0,134.2,,,,,
오승환,2024,2024.9.15,SSG,139.5,,147.2,,117.8,139.0,,,134.5,,
오승환,2024,2024.9.22,키움,133.5,,142.0,,112.0,131.9,,,131.6,,
오승환,2023,2023.4.2,NC,137.3,,142.9,,,131.8,133.7,,,,
오승환,2023,2023.4.4,한화,136.0,,142.6,,115.5,129.7,133.4,,,,
오승환,2023,2023.4.8,LG,136.4,,144.2,,117.5,132.8,129.0,,,,
오승환,2023,2023.4.13,SSG,131.4,,141.4,,115.6,132.0,132.5,,,,
오승환,2023,2023.4.14,롯데,136.7,,142.9,,116.0,132.4,,,132.5,,
오승환,2023,2023.4.18,키움,133.0,,139.2,,,128.0,,,,,
오승환,2023,2023.4.19,키움,134.3,,142.8,,114.3,130.6,132.0,,,,124.0
오승환,2023,2023.4.21,KIA,136.9,,144.6,,,132.7,,,,,
오승환,2023,2023.4.23,KIA,136.3,,143.4,,110.0,128.8,129.0,,,,
오승환,2023,2023.4.26,두산,135.2,,140.0,,,129.4,132.0,,,,
오승환,2023,2023.5.3,키움,137.7,139.5,144.2,,117.5,133.9,135.4,,,,
오승환,2023,2023.5.16,KIA,135.7,141.0,142.3,,116.0,131.7,134.8,,,,
오승환,2023,2023.5.19,NC,142.3,,145.7,,,139.0,139.0,,,,
오승환,2023,2023.5.21,NC,137.2,,144.1,,118.6,134.3,136.3,,,,
오승환,2023,2023.5.25,두산,137.8,,143.1,,119.0,133.0,136.0,,,,
오승환,2023,2023.5.28,KT,135.8,,140.6,,111.0,133.0,,,,,
오승환,2023,2023.5.31,SSG,141.1,,146.3,,,136.7,140.3,,,,
오승환,2023,2023.6.2,한화,137.9,,145.0,,120.0,135.3,136.0,,,,
오승환,2023,2023.6.6,NC,137.2,,144.1,,116.0,133.7,,,136.3,,
오승환,2023,2023.6.10,롯데,139.5,,144.0,,,135.3,136.3,,,,
오승환,2023,2023.6.11,롯데,134.2,,144.0,,115.7,131.8,,,135.2,,
오승환,2023,2023.6.14,LG,139.7,,144.6,,126.0,136.3,,,138.2,,
오승환,2023,2023.6.16,KT,138.1,,142.5,,,132.3,,,,,
오승환,2023,2023.7.2,한화,139.4,,142.9,,120.0,135.0,,,,,
오승환,2023,2023.7.4,두산,139.8,,145.4,,,135.8,135.0,,136.3,,
오승환,2023,2023.7.6,두산,139.3,,145.0,,107.0,136.0,,,138.0,,
오승환,2023,2023.7.22,KT,142.5,,146.2,,,135.6,,,,,
오승환,2023,2023.7.23,KT,138.0,,146.7,,111.0,138.0,,,138.5,,
오승환,2023,2023.7.25,SSG,141.3,,146.5,,,134.0,,,138.0,,
오승환,2023,2023.7.27,SSG,140.2,,147.2,,,137.3,,,133.7,,
오승환,2023,2023.7.28,키움,138.9,,145.1,,117.0,136.2,,,135.5,,
오승환,2023,2023.7.30,키움,141.1,,144.5,,115.0,136.5,,,136.3,,
오승환,2023,2023.8.2,KIA,137.3,,145.9,,118.0,133.0,135.5,,,,
오승환,2023,2023.8.4,LG,137.4,,148.0,,120.3,137.9,141.0,,,,
오승환,2023,2023.8.5,LG,133.6,144.0,146.3,,117.7,133.5,,,,,
오승환,2023,2023.8.9,두산,139.7,,144.9,,120.3,135.5,,,138.2,,
오승환,2023,2023.8.11,SSG,135.2,,145.0,,121.5,136.7,,,139.5,,
오승환,2023,2023.8.12,SSG,140.3,,145.0,,117.0,135.4,138.0,,138.8,,
오승환,2023,2023.8.15,LG,139.7,,146.3,,126.0,136.0,134.0,,139.5,,
오승환,2023,2023.8.17,LG,138.0,,147.0,,122.5,135.3,,,141.0,,
오승환,2023,2023.8.19,KIA,133.6,,142.4,,114.7,134.0,,,136.5,,
오승환,2023,2023.8.20,KIA,139.6,,144.4,,122.0,137.0,,,138.3,,
오승환,2023,2023.8.22,한화,134.0,,142.2,,119.3,135.0,,,137.5,,
오승환,2023,2023.8.26,키움,140.5,,144.8,,120.0,135.0,,,137.7,,
오승환,2023,2023.8.27,키움,138.8,,143.7,,121.0,134.3,,,139.0,,
오승환,2023,2023.9.3,NC,132.7,,143.0,,121.5,133.0,,,,,
오승환,2023,2023.9.6,롯데,138.0,,145.0,,119.0,134.2,,,,,
오승환,2023,2023.9.7,롯데,135.7,,144.0,,118.0,134.0,135.0,,,,
오승환,2023,2023.9.9,두산,135.0,,143.0,,121.0,,,,133.0,,
오승환,2023,2023.9.12,KIA,141.7,,145.9,,120.5,136.0,,,139.8,,
오승환,2023,2023.9.22,두산,132.5,,145.4,,112.0,133.0,,,130.7,,
오승환,2023,2023.9.27,한화,135.3,,143.4,,117.8,133.8,,,133.2,,
오승환,2023,2023.9.30,NC,136.8,,145.7,,122.4,135.8,,,134.5,,
오승환,2023,2023.10.2,롯데,137.2,,144.0,,120.2,135.7,137.0,,133.5,,
오승환,2023,2023.10.5,한화,134.8,,141.3,,116.5,129.7,,,132.3,,
오승환,2023,2023.10.6,KT,134.5,,143.4,,118.0,132.4,,,135.7,,
오승환,2023,2023.10.14,SSG,139.7,,146.1,,123.3,134.7,,,136.5,,
오승환,2022,2022.4.3,KT,134.9,,142.0,,124.0,132.5,132.0,,,,
오승환,2022,2022.4.5,두산,138.5,,140.7,,,136.0,,,132.0,,
오승환,2022,2022.4.12,한화,137.3,,142.0,,,131.8,128.6,,,,
오승환,2022,2022.4.21,NC,140.0,,144.7,,,133.2,132.5,,,,
오승환,2022,2022.4.24,롯데,135.7,,142.8,,,132.2,,,,,
오승환,2022,2022.4.26,LG,138.6,140.0,142.1,,,132.0,130.5,,,,
오승환,2022,2022.4.29,KIA,140.3,,145.7,,,135.0,134.8,,,,
오승환,2022,2022.4.30,KIA,135.7,,145.5,,,135.2,126.5,,135.7,,
오승환,2022,2022.5.1,KIA,139.6,,144.5,,,138.0,130.2,,,,
오승환,2022,2022.5.5,NC,138.6,,144.0,,,134.3,130.0,,132.2,,
오승환,2022,2022.5.7,롯데,143.2,,146.8,,,138.8,,,,,
오승환,2022,2022.5.8,롯데,141.8,,146.7,,124.0,137.2,,,135.5,,
오승환,2022,2022.5.11,SSG,139.9,,147.4,,,134.0,128.0,,,,
오승환,2022,2022.5.12,SSG,140.4,,147.6,,,134.6,133.2,,138.0,,
오승환,2022,2022.5.15,두산,136.4,,141.2,,,133.6,,,131.4,,
오승환,2022,2022.5.18,한화,140.2,,146.9,,117.0,132.0,138.5,,,,
오승환,2022,2022.5.19,한화,143.6,,146.7,,,137.5,134.0,,,,
오승환,2022,2022.5.21,KT,142.6,,146.3,,119.0,136.5,134.0,,,,
오승환,2022,2022.5.29,LG,138.2,,146.2,,,132.0,134.0,,,,
오승환,2022,2022.6.1,키움,135.4,,142.1,,116.0,132.2,128.0,,135.0,,
오승환,2022,2022.6.3,두산,136.5,142.0,144.6,,,133.6,,,133.0,,
오승환,2022,2022.6.7,롯데,135.7,,142.0,,115.0,134.4,130.5,,131.0,,
오승환,2022,2022.6.8,롯데,140.2,,143.5,,,135.3,135.0,,128.0,,
오승환,2022,2022.6.11,NC,141.4,,147.8,,,138.8,135.0,,138.0,,
오승환,2022,2022.6.12,NC,139.7,,144.2,,,135.0,133.5,,,,
오승환,2022,2022.6.15,LG,143.8,,143.8,,,,,,,,
오승환,2022,2022.6.18,KIA,140.5,,145.7,,,134.0,131.3,,,,
오승환,2022,2022.6.25,한화,139.8,,145.3,,,136.5,132.2,,133.0,,
오승환,2022,2022.6.26,한화,139.1,,144.9,,,133.5,,,132.0,,
오승환,2022,2022.7.6,LG,135.7,,142.8,,113.0,133.0,130.3,,,,
오승환,2022,2022.7.9,SSG,137.6,,143.0,,117.0,133.8,,,129.7,,
오승환,2022,2022.7.12,KT,139.1,,142.0,,,133.3,,,,,
오승환,2022,2022.7.22,키움,136.5,,142.2,,,133.6,131.0,,,,
오승환,2022,2022.7.27,한화,136.3,,143.8,,117.0,,131.8,,,,
오승환,2022,2022.7.28,한화,136.0,,145.0,,,131.6,133.2,,,,
오승환,2022,2022.7.31,롯데,138.5,,143.0,,,131.0,132.8,,,,
오승환,2022,2022.8.5,SSG,142.9,,145.0,,,136.0,135.0,,,,
오승환,2022,2022.8.7,SSG,130.9,,143.0,,115.5,134.0,129.3,,,,
오승환,2022,2022.8.10,KIA,136.5,,144.6,,117.5,135.0,130.5,,,,
오승환,2022,2022.8.12,KIA,137.2,,144.4,,110.0,133.6,133.3,,,,
오승환,2022,2022.8.14,KT,139.7,,146.0,,,136.5,,,,,
오승환,2022,2022.8.18,한화,142.7,,148.4,,118.0,138.3,133.0,,,,
오승환,2022,2022.8.19,한화,141.3,,146.7,,117.5,135.9,135.0,,,,
오승환,2022,2022.8.25,롯데,140.9,,148.5,,115.0,135.0,,,138.3,,
오승환,2022,2022.8.27,한화,133.6,,142.3,,116.0,133.0,132.2,,,,
오승환,2022,2022.8.31,SSG,141.8,,148.8,,120.0,138.0,,,138.0,,
오승환,2022,2022.9.1,KIA,137.7,,145.7,,116.0,134.5,,,,,
오승환,2022,2022.9.3,두산,138.8,,147.2,,117.0,135.8,,,,,
오승환,2022,2022.9.7,키움,133.9,,141.3,,110.0,131.5,131.0,,,,
오승환,2022,2022.9.9,롯데,135.6,,147.0,,119.0,139.0,136.0,,,,
오승환,2022,2022.9.11,LG,135.2,,144.9,,116.7,132.8,133.7,,,,
오승환,2022,2022.9.13,NC,132.5,,147.0,,117.2,138.0,133.0,,,,
오승환,2022,2022.9.18,KIA,135.5,,142.6,,114.0,132.6,,,,,
오승환,2022,2022.9.22,KT,138.5,,146.7,,121.2,137.1,137.0,,,,
오승환,2022,2022.9.29,NC,136.0,,141.5,,,132.3,,,,,
오승환,2022,2022.10.5,KT,135.5,,140.0,,,131.6,127.0,,,,
오승환,2022,2022.10.8,SSG,132.6,,142.8,,116.0,132.0,,,130.0,,
오승환,2021,2021.4.6,두산,138.2,,143.8,,,131.8,132.0,,134.5,,
오승환,2021,2021.4.9,KT,140.1,,146.6,,132.0,134.0,131.0,,133.0,,
오승환,2021,2021.4.10,KT,135.4,,140.3,,108.0,129.7,,,,,
오승환,2021,2021.4.11,KT,137.5,,145.4,,115.0,132.8,,,135.0,,
오승환,2021,2021.4.13,한화,133.7,,141.7,,116.0,130.7,,,135.0,,
오승환,2021,2021.4.20,SSG,146.8,,146.8,,,,,,,,
오승환,2021,2021.4.24,KIA,139.7,,146.8,,112.0,135.8,,,135.3,,
오승환,2021,2021.4.25,KIA,144.3,,146.6,,,135.0,,,136.0,,
오승환,2021,2021.4.28,NC,142.6,,148.1,,118.0,137.2,,,138.0,,
오승환,2021,2021.4.30,LG,131.7,,142.7,,118.5,129.7,,,134.5,,
오승환,2021,2021.5.2,LG,136.4,,144.8,,119.0,131.0,,,135.0,,
오승환,2021,2021.5.5,한화,142.4,,146.6,,,135.2,,,135.0,,
오승환,2021,2021.5.7,롯데,146.2,,148.1,,,135.0,,,,,
오승환,2021,2021.5.8,롯데,141.8,,147.7,,121.0,136.1,130.0,,,,
오승환,2021,2021.5.12,KT,138.1,,144.8,,114.0,132.0,,,132.0,,
오승환,2021,2021.5.13,KT,134.9,,142.3,,118.0,134.0,,,131.0,,
오승환,2021,2021.5.17,LG,142.0,,147.4,,118.0,138.0,,,140.0,,
오승환,2021,2021.5.21,KIA,141.2,,147.3,,,135.3,136.2,,,,
오승환,2021,2021.5.23,KIA,139.4,,148.4,,123.0,133.8,137.3,,,,
오승환,2021,2021.5.30,두산,139.5,,146.0,,119.0,134.5,129.0,,135.0,,
오승환,2021,2021.6.2,SSG,138.9,,146.4,,109.0,136.0,126.0,,137.0,,
오승환,2021,2021.6.4,키움,138.9,,144.9,,,131.6,,,134.0,,
오승환,2021,2021.6.6,키움,140.9,,146.1,,120.0,130.7,,,,,
오승환,2021,2021.6.8,KIA,139.1,,146.5,,121.5,139.2,,,134.5,,
오승환,2021,2021.6.10,KIA,140.4,,147.2,,123.0,133.4,136.5,,,,
오승환,2021,2021.6.11,NC,143.1,,147.3,,,138.7,,,135.0,,
오승환,2021,2021.6.13,NC,143.7,,147.7,,,136.9,136.0,,,,
오승환,2021,2021.6.15,두산,135.0,,146.0,,116.0,135.8,,,136.7,,
오승환,2021,2021.6.16,두산,144.1,,147.6,,,135.0,138.0,,137.0,,
오승환,2021,2021.6.23,한화,136.1,,144.9,,113.0,132.8,131.0,,129.0,,
오승환,2021,2021.6.24,한화,133.3,,142.2,,119.0,132.5,,,133.5,,
오승환,2021,2021.6.26,LG,139.5,,144.5,,116.0,135.2,,,132.5,,
오승환,2021,2021.6.30,SSG,141.5,,147.4,,121.0,135.7,134.0,,,,
오승환,2021,2021.7.1,SSG,141.6,,146.0,,,132.0,136.5,,,,
오승환,2021,2021.7.2,NC,139.0,,148.5,,108.0,137.2,,,139.0,,
오승환,2021,2021.7.9,롯데,140.6,,143.9,,,135.0,,,,,
오승환,2021,2021.7.10,롯데,132.5,,144.0,,119.7,133.0,,,133.0,,
오승환,2021,2021.8.15,KT,140.2,,144.7,,,133.5,,,,,
오승환,2021,2021.8.18,한화,135.5,,144.5,,116.5,133.3,,,,,
오승환,2021,2021.8.20,SSG,140.1,,147.0,,119.0,135.0,,,137.0,,
오승환,2021,2021.8.22,SSG,138.1,,147.2,,120.0,133.8,135.0,,141.0,,
오승환,2021,2021.8.25,LG,141.4,,146.7,,,137.6,,,137.2,,
오승환,2021,2021.8.28,KT,139.7,,147.5,,122.0,137.4,,,,,
오승환,2021,2021.8.31,키움,134.8,,142.9,,115.0,131.4,,,131.0,,
오승환,2021,2021.9.5,두산,137.8,,146.0,,124.0,138.0,,,135.0,,
오승환,2021,2021.9.9,KT,139.6,,144.6,,121.0,135.5,,,,,
오승환,2021,2021.9.10,KT,136.9,,142.8,,112.0,135.0,,,134.0,,
오승환,2021,2021.9.11,한화,140.8,,148.0,,125.0,140.0,,,137.0,,
오승환,2021,2021.9.17,KIA,142.6,,144.7,,,133.7,,,,,
오승환,2021,2021.9.19,SSG,138.2,,143.7,,114.0,136.7,,,134.0,,
오승환,2021,2021.9.21,롯데,140.1,,145.5,,,136.7,,,131.3,,
오승환,2021,2021.9.23,LG,138.2,,143.7,,121.0,135.0,,,129.0,,
오승환,2021,2021.9.25,NC,132.5,,141.0,,118.7,132.5,,,131.5,,
오승환,2021,2021.9.30,한화,137.2,,144.2,,121.0,132.1,,,135.0,,
오승환,2021,2021.10.3,두산,144.3,,144.2,,,,,,,,
오승환,2021,2021.10.7,NC,137.1,,145.7,,122.0,135.0,,,,,
오승환,2021,2021.10.12,KIA,138.4,,146.0,,,133.5,,,135.2,,
오승환,2021,2021.10.13,KIA,139.2,,146.8,,121.0,135.7,,,136.3,,
오승환,2021,2021.10.16,키움,137.7,,144.0,,119.0,130.0,,,135.3,,
오승환,2021,2021.10.17,키움,134.0,,142.9,,116.7,131.8,,,131.5,,
오승환,2021,2021.10.22,KT,143.1,,147.7,,,136.1,134.0,,,,
오승환,2021,2021.10.23,KT,137.8,,142.6,,,134.0,133.0,,134.5,,
오승환,2021,2021.10.30,NC,140.8,,145.1,,120.0,135.0,,,134.0,,
오승환,2021,2021.11.9,두산,136.8,,142.2,,,132.8,,,130.0,,
오승환,2020,2020.6.9,키움,142.7,,145.0,,,133.5,,,,,
오승환,2020,2020.6.10,키움,140.5,,145.0,,,134.3,133.0,,,,
오승환,2020,2020.6.13,KT,138.5,,145.4,,118.0,134.4,131.5,,,,
오승환,2020,2020.6.16,두산,142.8,,147.1,,,135.3,135.8,,,,
오승환,2020,2020.6.17,두산,138.7,,147.7,,119.0,139.5,135.7,,,,
오승환,2020,2020.6.24,한화,141.1,,145.1,,121.0,135.0,,,,,
오승환,2020,2020.6.26,롯데,142.6,,148.3,,125.0,139.0,,,,,
오승환,2020,2020.6.30,SK,143.4,,144.2,,,135.0,,,,,
오승환,2020,2020.7.3,LG,141.3,,144.3,,,135.3,,,,,
오승환,2020,2020.7.4,LG,140.8,,145.3,,,134.9,,,134.8,,
오승환,2020,2020.7.11,KT,139.7,,143.1,,,134.0,135.0,,,,
오승환,2020,2020.7.14,KIA,138.6,,145.6,,122.0,134.2,132.5,,,,
오승환,2020,2020.7.15,KIA,140.6,,145.4,,,135.9,133.2,,,,
오승환,2020,2020.7.17,롯데,139.6,,146.6,,,134.6,,,,,
오승환,2020,2020.7.18,롯데,140.2,,147.7,,118.0,132.7,,,,,
오승환,2020,2020.7.29,한화,140.2,,145.2,,,134.2,,,,,
오승환,2020,2020.7.30,한화,139.9,,147.2,,120.3,136.8,131.0,,134.0,,
오승환,2020,2020.8.2,키움,140.1,,147.4,,116.0,135.6,130.5,,,,
오승환,2020,2020.8.4,두산,142.4,,148.7,,116.0,140.2,,,,,
오승환,2020,2020.8.7,SK,139.7,,146.8,,,133.3,130.0,,134.0,,
오승환,2020,2020.8.13,두산,141.7,,147.6,,,135.2,,,136.0,,
오승환,2020,2020.8.15,한화,140.9,,146.9,,,135.3,,,134.0,,
오승환,2020,2020.8.20,SK,141.8,,145.4,,,135.8,,,135.0,,
오승환,2020,2020.8.25,LG,143.1,,148.7,,,137.7,,,138.7,,
오승환,2020,2020.8.29,키움,142.1,,148.2,,,138.9,,,138.5,,
오승환,2020,2020.9.3,두산,139.0,,147.9,,116.5,135.7,,,136.0,,
오승환,2020,2020.9.6,NC,139.4,,146.0,,,134.5,,,,,
오승환,2020,2020.9.8,한화,138.5,,146.5,,123.0,138.3,133.3,,,,
오승환,2020,2020.9.12,LG,149.0,,150.0,,,141.0,,,,,
오승환,2020,2020.9.18,KIA,141.2,,145.4,,,135.2,,,,,
오승환,2020,2020.9.22,NC,140.2,,146.1,,115.0,135.0,136.0,,133.0,,
오승환,2020,2020.9.25,두산,143.4,,147.9,,127.0,139.0,134.0,,138.5,,
오승환,2020,2020.9.30,KT,142.2,,146.2,,,135.1,134.0,,,,
오승환,2020,2020.10.1,KT,133.6,,142.8,,118.7,135.0,132.8,,,,
오승환,2020,2020.10.3,NC,139.9,,146.5,,120.0,134.5,131.5,,137.0,,
오승환,2020,2020.10.6,LG,139.7,,146.5,,116.0,134.0,130.0,,,,
오승환,2020,2020.10.9,롯데,134.8,,144.8,,113.0,131.4,130.0,,133.0,,
오승환,2020,2020.10.10,롯데,136.0,,141.8,,,132.1,,,,,
오승환,2020,2020.10.11,롯데,132.1,,145.6,,114.0,135.3,,,130.0,,
오승환,2020,2020.10.14,SK,140.3,,145.5,,,133.3,,,132.0,,
오승환,2020,2020.10.16,한화,134.3,,143.3,,114.0,132.5,,,,,
오승환,2020,2020.10.17,한화,140.0,,146.0,,118.0,134.2,,,134.0,,
오승환,2020,2020.10.18,한화,136.1,,146.0,,117.5,134.5,,,,,
오승환,2020,2020.10.30,NC,135.6,,147.1,,116.0,133.3,,,133.0,,
육선엽,2024,2024.5.1,두산,138.9,,143.1,,124.2,,,,,,
육선엽,2024,2024.5.4,롯데,132.8,,141.2,,122.1,134.5,,,,,
육선엽,2024,2024.5.10,NC,138.9,,144.3,,123.7,136.1,,,,,
육선엽,2024,2024.6.18,SSG,136.5,,141.9,,124.1,133.0,,,,,
육선엽,2024,2024.8.8,한화,137.5,,146.0,,127.2,,,,,,
육선엽,2024,2024.9.6,롯데,136.2,,142.0,138.8,124.4,135.5,135.0,,,,
육선엽,2024,2024.9.11,한화,137.9,,142.6,138.0,124.5,131.8,,,,,
육선엽,2024,2024.9.17,두산,141.4,,144.6,,127.7,,,,,,
육선엽,2024,2024.9.19,KT,138.8,,145.8,138.6,128.8,,,,,,
육선엽,2024,2024.9.23,KIA,135.8,,142.4,138.5,125.5,133.7,,,,,
육선엽,2024,2024.9.28,LG,137.8,,142.3,,127.4,137.0,,,,,
김재윤,2024,2024.3.23,KT,135.5,,142.7,,,127.5,,,128.0,,
김재윤,2024,2024.3.26,LG,134.3,,140.7,,,125.0,,,129.0,,
김재윤,2024,2024.3.27,LG,134.4,,141.2,,,125.2,,,129.5,,
김재윤,2024,2024.3.30,SSG,133.4,,139.9,,,124.6,,,126.7,,
김재윤,2024,2024.3.31,SSG,133.4,,139.6,,,121.3,,,128.4,,
김재윤,2024,2024.4.6,KIA,136.1,,140.8,,,126.5,,,129.0,,
김재윤,2024,2024.4.7,KIA,137.5,,143.4,,,126.7,,,129.4,,
김재윤,2024,2024.4.10,롯데,137.3,,140.4,,,124.5,,,130.0,,
김재윤,2024,2024.4.13,NC,133.9,,139.5,,,122.6,,,,,
김재윤,2024,2024.4.14,NC,127.0,,136.0,,,118.0,,,,,
김재윤,2024,2024.4.16,두산,131.4,,139.6,,,125.6,,,,,
김재윤,2024,2024.4.20,한화,131.5,,138.8,,,124.6,,,129.0,,
김재윤,2024,2024.4.21,한화,136.4,,140.8,,,126.8,,,,,
김재윤,2024,2024.4.26,키움,135.5,,141.7,,,125.4,,,128.2,,
김재윤,2024,2024.5.2,두산,136.5,,142.3,,,126.2,,,,,
김재윤,2024,2024.5.3,롯데,135.3,,141.1,,,125.6,,,126.0,,
김재윤,2024,2024.5.8,KIA,134.0,,140.5,,,123.5,,,128.2,,
김재윤,2024,2024.5.11,NC,139.5,,144.5,,,127.0,,,,,
김재윤,2024,2024.5.12,NC,138.2,,143.5,,,130.7,,,129.2,,
김재윤,2024,2024.5.16,SSG,137.1,,143.0,,,127.4,,,133.0,,
김재윤,2024,2024.5.18,한화,134.7,,139.9,,,122.0,,,124.6,,
김재윤,2024,2024.5.21,KT,135.2,,141.5,,,127.6,,,127.4,,
김재윤,2024,2024.5.24,롯데,134.5,,143.0,,,,,,126.0,,
김재윤,2024,2024.5.25,롯데,136.8,,140.9,,,127.0,,,129.2,,
김재윤,2024,2024.5.30,키움,136.8,,142.0,,,125.0,,,129.3,,
김재윤,2024,2024.5.31,한화,135.3,,140.2,,,126.4,,,126.0,,
김재윤,2024,2024.6.2,한화,135.0,,142.5,,,126.0,,,132.0,,
김재윤,2024,2024.6.4,SSG,140.3,,143.6,,,128.0,,,132.5,,
김재윤,2024,2024.6.7,키움,132.6,,141.4,,122.5,126.0,,,128.8,,
김재윤,2024,2024.6.9,키움,139.3,,141.3,,,,,,133.0,,
김재윤,2024,2024.6.11,LG,133.1,,141.0,,,123.9,,,130.0,,
김재윤,2024,2024.6.14,NC,138.7,,145.0,,,129.2,,,,,
김재윤,2024,2024.6.15,NC,139.1,,143.6,,,130.5,,,130.7,,
김재윤,2024,2024.6.20,SSG,134.4,,141.2,,,127.7,,,128.7,,
김재윤,2024,2024.6.23,두산,135.8,,141.1,,,127.8,,,128.7,,
김재윤,2024,2024.6.26,LG,131.6,,141.0,,,125.3,,,,,
김재윤,2024,2024.6.27,LG,136.8,,143.5,,,129.0,,,133.0,,
김재윤,2024,2024.6.30,KT,137.5,,144.5,,,126.8,,,133.3,,
김재윤,2024,2024.7.2,KIA,134.8,,141.2,,,127.0,,,129.0,,
김재윤,2024,2024.7.4,KIA,129.2,,140.8,,,123.4,,,,,
김재윤,2024,2024.7.11,NC,137.2,,142.1,,,126.0,,,,,
김재윤,2024,2024.7.12,두산,135.4,,144.0,,,128.3,,,132.5,,
김재윤,2024,2024.7.14,두산,141.2,,144.5,,,129.0,,,134.0,,
김재윤,2024,2024.7.19,롯데,131.8,,142.8,,,124.5,,,124.0,,
김재윤,2024,2024.7.21,롯데,135.0,,142.2,,,126.0,,,127.7,,
김재윤,2024,2024.7.23,한화,137.7,,143.0,,,124.4,,,131.7,,
김재윤,2024,2024.7.27,KT,137.2,,140.8,,,119.0,,,,,
김재윤,2024,2024.7.28,KT,134.8,,140.8,,,126.5,,,130.2,,
김재윤,2024,2024.8.4,SSG,138.4,,142.4,,,131.0,,,129.5,,
김재윤,2024,2024.8.7,한화,140.4,,143.3,,,130.0,,,128.0,,
김재윤,2024,2024.8.9,KIA,137.4,,143.9,,,131.8,,,131.5,,
김재윤,2024,2024.8.11,KIA,137.8,,143.4,,,134.0,,,128.1,,
김재윤,2024,2024.8.14,KT,131.9,,140.5,,,127.3,,,129.4,,
김재윤,2024,2024.8.17,NC,139.7,,144.6,,,133.0,,,132.0,,
김재윤,2024,2024.8.18,NC,138.5,,144.1,,,133.6,,,131.0,,
김재윤,2024,2024.8.20,두산,132.6,,138.6,,,128.0,,,126.0,,
김재윤,2024,2024.8.23,롯데,132.4,,141.5,,,131.3,,,128.3,,
김재윤,2024,2024.8.28,키움,137.1,,141.5,,,132.0,,,129.7,,
김재윤,2024,2024.8.29,키움,135.7,,142.4,,,131.2,,,130.8,,
김재윤,2024,2024.9.3,롯데,139.4,,141.5,,,,,,131.0,,
김재윤,2024,2024.9.4,두산,137.3,,141.6,,,131.3,,,131.0,,
김재윤,2024,2024.9.15,SSG,138.5,,143.8,,,135.0,,,132.7,,
김재윤,2024,2024.9.18,KT,140.8,,145.5,,,135.5,,,132.0,,
김재윤,2024,2024.9.22,키움,133.4,,139.8,,,128.3,,,128.5,,
김재윤,2024,2024.9.25,키움,137.8,,140.1,,,134.0,,,130.7,,
김재윤,2024,2024.10.13,LG,138.5,,138.5,,,,,,,,
김재윤,2024,2024.10.19,LG,141.8,,145.2,,,135.0,,,,,
김재윤,2024,2024.10.25,KIA,137.0,,141.8,,,131.2,,,131.3,,
김재윤,2024,2024.10.28,KIA,136.3,,143.2,,,131.8,,,130.7,,
김재윤,2023,2023.4.2,LG,138.2,,144.2,,,130.0,,,132.1,,
김재윤,2023,2023.4.8,롯데,133.4,,140.0,,,125.4,,,128.1,,
김재윤,2023,2023.4.13,NC,139.6,,143.4,,,,,,129.7,,
김재윤,2023,2023.4.14,한화,137.5,,141.1,,,124.2,,,126.0,,
김재윤,2023,2023.4.18,SSG,142.5,,146.6,,,130.5,,,134.0,,
김재윤,2023,2023.4.19,SSG,123.0,,,,,123.0,,,,,
김재윤,2023,2023.4.23,두산,138.6,,143.4,,,127.5,,,131.8,,
김재윤,2023,2023.4.28,삼성,131.7,,136.7,,120.0,121.2,,,129.3,,
김재윤,2023,2023.4.30,삼성,135.3,,141.5,,,124.9,,,131.0,,
김재윤,2023,2023.5.10,NC,135.2,,141.0,,,125.3,,,128.6,,
김재윤,2023,2023.5.12,롯데,135.8,,141.3,,,126.1,,,130.0,,
김재윤,2023,2023.5.16,LG,140.8,,145.3,,,125.0,,,,,
김재윤,2023,2023.5.21,두산,138.8,,145.2,,,126.0,,,,,
김재윤,2023,2023.5.24,키움,137.6,,140.8,,,123.8,,,,,
김재윤,2023,2023.5.25,키움,135.2,,140.8,,,123.0,,,,,
김재윤,2023,2023.5.26,삼성,135.7,,143.0,,,124.3,,,126.0,,
김재윤,2023,2023.6.4,두산,138.4,,147.0,,,125.8,,,133.0,,
김재윤,2023,2023.6.6,롯데,146.7,,146.7,,,,,,,,
김재윤,2023,2023.6.7,롯데,142.4,,143.2,,,,,,131.0,,
김재윤,2023,2023.6.8,롯데,138.1,,143.0,,,124.0,,,131.5,,
김재윤,2023,2023.6.16,삼성,142.3,,142.3,,,,,,,,
김재윤,2023,2023.6.17,삼성,137.8,,141.1,,,125.2,,,130.7,,
김재윤,2023,2023.6.20,롯데,143.1,,143.1,,,,,,,,
김재윤,2023,2023.6.22,롯데,133.1,,141.4,,,122.9,,,127.5,,
김재윤,2023,2023.6.30,NC,136.5,,146.2,,,123.3,,,134.2,,
김재윤,2023,2023.7.1,NC,136.6,,144.2,,,126.0,,,130.0,,
김재윤,2023,2023.7.5,LG,138.7,,141.3,,,121.0,,,127.5,,
김재윤,2023,2023.7.7,KIA,138.4,,140.2,,,,,,128.0,,
김재윤,2023,2023.7.11,키움,139.0,,144.7,,,122.0,,,,,
김재윤,2023,2023.7.12,키움,139.3,,144.3,,118.0,127.5,,,127.7,,
김재윤,2023,2023.7.23,삼성,141.5,,146.7,,,125.8,,,134.0,,
김재윤,2023,2023.7.25,LG,133.9,,140.6,,,119.2,,,,,
김재윤,2023,2023.7.26,LG,135.2,,138.2,,,123.0,,,135.0,,
김재윤,2023,2023.7.30,NC,141.9,,145.7,,,125.0,,,,,
김재윤,2023,2023.8.2,SSG,141.4,,144.3,,,125.5,,,,,
김재윤,2023,2023.8.3,SSG,143.0,,143.0,,,,,,,,
김재윤,2023,2023.8.6,두산,137.2,,145.7,,,127.2,,,,,
김재윤,2023,2023.8.13,NC,137.1,,142.6,,,128.0,,,121.5,,
김재윤,2023,2023.8.15,두산,141.1,,146.3,,,128.3,,,132.0,,
김재윤,2023,2023.8.16,두산,135.9,,144.1,,,125.8,,,,,
김재윤,2023,2023.8.19,한화,142.8,,147.4,,,127.6,,,131.5,,
김재윤,2023,2023.8.20,한화,139.0,,144.7,,,125.7,,,,,
김재윤,2023,2023.8.22,KIA,138.5,,142.3,,119.0,124.2,,,,,
김재윤,2023,2023.8.24,KIA,139.3,,143.0,,,124.0,,,128.3,,
김재윤,2023,2023.8.25,롯데,135.6,,143.6,,,124.1,,,129.0,,
김재윤,2023,2023.8.27,롯데,138.1,,144.5,,,126.2,,,,,
김재윤,2023,2023.8.31,삼성,138.6,,142.5,,,123.0,,,,,
김재윤,2023,2023.9.9,SSG,142.7,,147.0,,,126.7,,,133.0,,
김재윤,2023,2023.9.10,SSG,142.6,,144.8,,,126.0,,,134.0,,
김재윤,2023,2023.9.12,SSG,142.8,,142.8,,,,,,,,
김재윤,2023,2023.9.17,한화,143.8,,147.1,,,124.5,,,135.0,,
김재윤,2023,2023.9.23,KIA,136.7,,145.9,,,124.3,,,131.4,,
김재윤,2023,2023.9.24,KIA,144.4,,145.0,,,,,,132.0,,
김재윤,2023,2023.9.27,LG,141.5,,143.8,,,124.0,,,131.0,,
김재윤,2023,2023.10.1,키움,139.9,,146.4,,,125.9,,,135.0,,
김재윤,2023,2023.10.3,KIA,145.3,,145.3,,,,,,,,
김재윤,2023,2023.10.4,KIA,146.0,,146.0,,,,,,,,
김재윤,2023,2023.10.5,KIA,140.5,,144.0,,,,,,123.0,,
김재윤,2023,2023.10.10,두산,143.2,,147.1,,,127.0,,,131.0,,
김재윤,2023,2023.11.2,NC,143.3,,144.3,,,126.0,,,,,
김재윤,2023,2023.11.5,NC,140.3,,144.3,,,125.5,,,133.0,,
김재윤,2023,2023.11.8,LG,137.3,,140.4,,,123.0,,,130.0,,
김재윤,2023,2023.11.10,LG,137.7,,142.8,,,123.7,,,129.7,,
김재윤,2023,2023.11.11,LG,138.4,,140.2,,,119.0,,,127.0,,
김재윤,2022,2022.4.2,삼성,138.3,,141.5,,,126.0,,,125.0,,
김재윤,2022,2022.4.3,삼성,137.9,,143.5,,,130.8,,,,,
김재윤,2022,2022.4.8,한화,141.1,,145.7,,,132.0,,,,,
김재윤,2022,2022.4.14,두산,136.9,,144.7,,,130.0,,,133.7,,
김재윤,2022,2022.4.17,롯데,139.0,,144.7,,,129.6,,,137.0,,
김재윤,2022,2022.4.20,LG,140.0,,145.2,,,132.0,,,133.3,,
김재윤,2022,2022.4.22,NC,140.2,,145.6,,,131.3,,,133.8,,
김재윤,2022,2022.4.23,NC,141.8,,143.7,,,129.0,,,135.0,,
김재윤,2022,2022.4.27,KIA,137.8,,142.9,,,129.2,,,133.0,,
김재윤,2022,2022.4.28,KIA,138.2,,141.2,,,127.0,,,131.0,,
김재윤,2022,2022.5.3,롯데,136.4,,141.8,,,125.6,,,,,
김재윤,2022,2022.5.8,두산,138.9,,145.0,,,127.0,,,132.8,,
김재윤,2022,2022.5.10,KIA,135.9,,144.4,,,131.7,,,132.6,,
김재윤,2022,2022.5.15,키움,136.1,,141.1,,,128.0,,,132.5,,
김재윤,2022,2022.5.17,LG,134.9,,142.6,,,127.2,,,,,
김재윤,2022,2022.5.20,삼성,140.3,,143.5,,,131.0,,,133.0,,
김재윤,2022,2022.5.21,삼성,140.8,,146.3,,,131.2,,,135.0,,
김재윤,2022,2022.5.24,NC,138.3,,146.0,,,132.1,,,131.0,,
김재윤,2022,2022.5.25,NC,141.0,,145.8,,,131.5,,,,,
김재윤,2022,2022.5.28,한화,138.1,,143.6,,,129.2,,,,,
김재윤,2022,2022.5.29,한화,135.3,,143.0,,,130.0,,,130.2,,
김재윤,2022,2022.5.31,SSG,141.5,,146.6,,,132.3,,,134.5,,
김재윤,2022,2022.6.3,KIA,139.5,,142.7,,,130.0,,,,,
김재윤,2022,2022.6.5,KIA,134.4,,142.2,,,128.5,,,130.3,,
김재윤,2022,2022.6.14,SSG,137.4,,145.2,,,131.2,,,,,
김재윤,2022,2022.6.15,SSG,141.4,,143.9,,,132.0,,,134.0,,
김재윤,2022,2022.6.17,두산,142.7,,146.8,,,130.5,,,,,
김재윤,2022,2022.6.24,LG,140.0,,146.5,,,132.3,,,,,
김재윤,2022,2022.7.1,두산,144.8,,144.8,,,,,,,,
김재윤,2022,2022.7.8,롯데,146.1,,146.1,,,,,,,,
김재윤,2022,2022.7.9,롯데,139.0,,147.1,,,130.8,,,,,
김재윤,2022,2022.7.12,삼성,138.3,,143.7,,,128.8,,,,,
김재윤,2022,2022.7.14,삼성,143.4,,145.0,,,127.0,,,132.0,,
김재윤,2022,2022.7.24,한화,141.2,,143.7,,,128.5,,,,,
김재윤,2022,2022.7.29,LG,141.0,,145.2,,,131.5,,,130.2,,
김재윤,2022,2022.7.30,LG,141.7,,143.4,,,129.0,,,128.0,,
김재윤,2022,2022.8.4,NC,144.1,147.0,147.6,,,129.7,,,132.0,,
김재윤,2022,2022.8.6,한화,135.3,,141.9,,,127.0,,,129.6,,
김재윤,2022,2022.8.7,한화,138.7,,142.9,,,126.2,,,125.0,,
김재윤,2022,2022.8.12,SSG,137.9,,140.0,,,123.0,,,,,
김재윤,2022,2022.8.14,삼성,140.1,,146.5,,,131.4,,,132.7,,
김재윤,2022,2022.8.16,키움,136.5,,140.3,,,125.0,,,,,
김재윤,2022,2022.8.17,키움,134.9,,141.8,,,128.0,,,128.0,,
김재윤,2022,2022.8.19,롯데,139.2,,144.7,,,131.4,,,131.4,,
김재윤,2022,2022.8.23,두산,140.2,,145.2,,,126.0,,,134.0,,
김재윤,2022,2022.8.24,두산,137.8,,143.3,,,,,,132.3,,
김재윤,2022,2022.8.25,SSG,132.3,,141.4,,,127.4,,,129.5,,
김재윤,2022,2022.8.31,두산,137.9,,140.0,,,125.0,,,,,
김재윤,2022,2022.9.1,LG,145.3,,147.3,,,131.3,,,,,
김재윤,2022,2022.9.3,KIA,137.5,,143.5,,,127.8,,,,,
김재윤,2022,2022.9.6,한화,143.1,,147.9,,,132.8,,,135.0,,
김재윤,2022,2022.9.7,한화,140.9,,146.5,,,130.5,,,136.7,,
김재윤,2022,2022.9.10,키움,143.6,,147.9,,,135.0,,,136.7,,
김재윤,2022,2022.9.13,한화,143.2,,145.6,,,133.7,,,,,
김재윤,2022,2022.9.18,롯데,143.6,,148.2,,,136.0,,,135.0,,
김재윤,2022,2022.9.21,SSG,141.1,,145.9,,,132.0,,,134.2,,
김재윤,2022,2022.9.22,삼성,142.0,,146.0,,,135.0,,,135.5,,
김재윤,2022,2022.9.29,LG,139.2,,143.3,,,129.5,,,134.0,,
김재윤,2022,2022.10.5,삼성,135.2,,141.0,,,129.0,,,127.0,,
김재윤,2022,2022.10.10,NC,140.7,,141.4,,,,,,130.0,,
김재윤,2022,2022.10.11,LG,143.0,,145.1,,,130.3,,,133.0,,
김재윤,2022,2022.10.13,KIA,138.6,,141.2,,,128.5,,,131.0,,
김재윤,2022,2022.10.16,키움,140.5,,142.8,,,129.0,,,,,
김재윤,2022,2022.10.20,키움,140.8,143.0,143.1,,,129.0,,,,,
김재윤,2021,2021.4.4,한화,132.3,,142.0,,,127.7,,,131.3,,
김재윤,2021,2021.4.7,LG,137.4,,140.8,,,128.0,,,126.4,,
김재윤,2021,2021.4.11,삼성,137.9,,142.7,,,132.0,,,127.6,,
김재윤,2021,2021.4.13,두산,136.6,,142.0,,,129.8,,,131.4,,
김재윤,2021,2021.4.16,키움,138.2,,142.1,,,131.0,,,128.0,,
김재윤,2021,2021.4.17,키움,138.9,,142.9,,,130.7,,,130.2,,
김재윤,2021,2021.4.20,NC,138.6,,142.1,,,128.0,,,,,
김재윤,2021,2021.4.24,롯데,139.2,,142.6,,,131.8,,,,,
김재윤,2021,2021.4.25,롯데,139.8,,144.8,,,131.8,,,132.0,,
김재윤,2021,2021.4.29,SSG,141.0,,142.6,,,130.0,,,,,
김재윤,2021,2021.5.1,KIA,138.8,,143.8,,,,,,131.9,,
김재윤,2021,2021.5.8,NC,135.6,,141.3,,,129.4,,,127.3,,
김재윤,2021,2021.5.11,삼성,136.1,,141.1,,,131.3,,,130.0,,
김재윤,2021,2021.5.15,롯데,139.7,,146.1,,,133.5,,,134.2,,
김재윤,2021,2021.5.18,두산,138.4,,144.9,,,131.4,,,133.0,,
김재윤,2021,2021.5.19,두산,138.3,,142.0,,,132.8,,,131.0,,
김재윤,2021,2021.5.23,한화,142.3,,143.6,,,132.0,,,,,
김재윤,2021,2021.5.26,SSG,135.3,,141.1,,,130.4,,,129.9,,
김재윤,2021,2021.5.27,SSG,134.2,,140.2,,,127.9,,,127.0,,
김재윤,2021,2021.5.29,KIA,140.8,,144.9,,,133.0,,,132.3,,
김재윤,2021,2021.5.30,KIA,136.6,,142.5,,,132.6,,,133.0,,
김재윤,2021,2021.6.5,롯데,137.1,,141.7,,,129.4,,,129.0,,
김재윤,2021,2021.6.6,롯데,134.9,,142.2,,,129.6,,,129.0,,
김재윤,2021,2021.6.8,SSG,144.0,,146.4,,,133.7,,,,,
김재윤,2021,2021.6.9,SSG,135.2,,144.0,,,130.8,,,131.0,,
김재윤,2021,2021.6.11,한화,141.3,,144.3,,,133.5,,,132.0,,
김재윤,2021,2021.6.13,한화,141.0,,144.4,,,134.0,,,132.0,,
김재윤,2021,2021.6.16,NC,138.9,,144.4,,,133.4,,,,,
김재윤,2021,2021.6.19,두산,138.9,,144.8,,,131.8,,,,,
김재윤,2021,2021.6.20,두산,139.9,,143.8,,,,,,132.8,,
김재윤,2021,2021.6.22,KIA,141.3,,145.8,,,134.6,,,133.7,,
김재윤,2021,2021.6.24,KIA,141.4,,144.6,,,133.0,,,132.0,,
김재윤,2021,2021.6.30,LG,141.4,,148.5,,,,,,136.7,,
김재윤,2021,2021.7.2,키움,135.6,,143.5,,,129.5,,,129.9,,
김재윤,2021,2021.7.8,삼성,143.2,,148.9,,,135.5,,,134.3,,
김재윤,2021,2021.7.11,KIA,138.4,,145.4,,,130.0,,,129.0,,
김재윤,2021,2021.8.12,키움,143.3,,143.3,,,,,,,,
김재윤,2021,2021.8.13,삼성,139.6,,144.6,,,133.2,,,131.9,,
김재윤,2021,2021.8.15,삼성,142.3,,144.6,,,,,,131.0,,
김재윤,2021,2021.8.19,LG,137.2,,141.7,,,132.0,,,130.2,,
김재윤,2021,2021.8.20,롯데,139.5,,145.1,,,131.0,,,133.0,,
김재윤,2021,2021.8.22,롯데,140.2,,145.5,,,132.2,,,133.3,,
김재윤,2021,2021.8.27,SSG,137.4,,144.6,,,133.0,,,131.2,,
김재윤,2021,2021.8.28,삼성,138.9,,143.9,,,131.5,,,132.3,,
김재윤,2021,2021.9.2,키움,137.8,,144.4,,,132.4,,,134.0,,
김재윤,2021,2021.9.8,KIA,134.7,,143.0,,,,,,130.5,,
김재윤,2021,2021.9.9,삼성,139.1,,143.6,,,131.8,,,131.3,,
김재윤,2021,2021.9.11,SSG,134.8,,141.3,,,128.0,,,128.5,,
김재윤,2021,2021.9.14,두산,143.1,,146.6,,,134.5,,,132.5,,
김재윤,2021,2021.9.16,롯데,136.5,,141.7,,,128.8,,,130.3,,
김재윤,2021,2021.9.23,한화,138.1,,143.9,,,129.7,,,,,
김재윤,2021,2021.9.28,두산,138.0,,146.0,,,132.0,,,,,
김재윤,2021,2021.10.1,롯데,139.3,,148.2,,,134.3,,,136.0,,
김재윤,2021,2021.10.2,SSG,136.3,,143.5,,,132.5,,,131.5,,
김재윤,2021,2021.10.3,SSG,139.9,,145.4,,,132.0,,,133.5,,
김재윤,2021,2021.10.5,NC,136.7,,143.8,,,133.1,,,130.5,,
김재윤,2021,2021.10.11,LG,144.5,,146.2,,,,,,132.5,,
김재윤,2021,2021.10.14,두산,140.1,,143.6,,,128.3,,,129.0,,
김재윤,2021,2021.10.15,KIA,138.2,,140.4,,,127.0,,,,,
김재윤,2021,2021.10.17,한화,135.2,,142.6,,,128.3,,,130.0,,
김재윤,2021,2021.10.22,삼성,141.4,,146.3,,,131.7,,,,,
김재윤,2021,2021.10.24,키움,138.2,,141.9,,,129.0,,,129.0,,
김재윤,2021,2021.10.28,NC,138.9,,145.6,,,131.2,,,132.2,,
김재윤,2021,2021.10.30,SSG,142.9,,145.0,,,,,,130.3,,
김재윤,2021,2021.11.14,두산,141.7,,145.6,,,132.3,,,134.0,,
김재윤,2021,2021.11.15,두산,138.5,,144.6,,,132.4,,,,,
김재윤,2021,2021.11.17,두산,140.4,,146.9,,,133.9,,,,,
김재윤,2021,2021.11.18,두산,140.3,,145.4,,,133.0,,,133.0,,
김재윤,2020,2020.5.5,롯데,138.8,,143.7,,,131.2,,,130.0,,
김재윤,2020,2020.5.7,롯데,136.3,,141.8,,,129.3,,,129.0,,
김재윤,2020,2020.5.10,두산,140.8,,143.8,,,130.7,,,132.0,,
김재윤,2020,2020.5.22,LG,144.6,,146.1,,,131.0,,,,,
김재윤,2020,2020.5.23,LG,144.4,,146.8,,,134.0,,,133.5,,
김재윤,2020,2020.5.27,KIA,141.2,,143.1,,,130.7,,,,,
김재윤,2020,2020.5.28,KIA,135.9,,144.0,,,131.0,,,135.0,,
김재윤,2020,2020.5.31,키움,140.4,,144.3,,,131.3,,,131.5,,
김재윤,2020,2020.6.6,롯데,137.4,,143.7,,,130.3,,,129.0,,
김재윤,2020,2020.6.7,롯데,134.5,,141.0,,,128.0,,,,,
김재윤,2020,2020.6.11,KIA,139.7,,144.0,,,133.0,,,133.3,,
김재윤,2020,2020.6.13,삼성,142.2,,145.3,,,133.0,,,133.7,,
김재윤,2020,2020.6.16,SK,139.6,,143.4,,,131.6,,,130.0,,
김재윤,2020,2020.6.17,SK,141.7,,143.7,,,129.0,,,128.0,,
김재윤,2020,2020.6.18,SK,143.5,,145.4,,,132.0,,,,,
김재윤,2020,2020.6.21,롯데,140.3,,143.6,,,132.0,,,132.0,,
김재윤,2020,2020.6.27,한화,141.0,,143.7,,,133.3,,,130.5,,
김재윤,2020,2020.6.28,한화,138.8,,143.6,,,132.2,,,130.5,,
김재윤,2020,2020.6.30,LG,141.0,,145.7,,,133.0,,,135.0,,
김재윤,2020,2020.7.2,LG,141.4,,147.0,,,134.0,,,136.8,,
김재윤,2020,2020.7.5,키움,140.4,,144.5,,,135.6,,,135.1,,
김재윤,2020,2020.7.8,KIA,142.2,,145.5,,,135.0,,,134.0,,
김재윤,2020,2020.7.11,삼성,142.5,,145.5,,,134.0,,,134.5,,
김재윤,2020,2020.7.16,한화,139.0,,143.2,,,132.5,,,132.0,,
김재윤,2020,2020.7.17,NC,138.4,,143.1,,,132.7,,,,,
김재윤,2020,2020.7.21,LG,145.5,,147.4,,,135.3,,,,,
김재윤,2020,2020.7.24,NC,136.5,,142.8,,,130.2,,,,,
김재윤,2020,2020.8.1,SK,143.5,,143.5,,,,,,,,
김재윤,2020,2020.8.4,키움,143.7,,146.5,,,131.0,,,134.8,,
김재윤,2020,2020.8.9,한화,141.4,,146.9,,,131.5,,,132.8,,
김재윤,2020,2020.8.13,SK,138.9,,142.0,,,131.0,,,132.0,,
김재윤,2020,2020.8.14,두산,139.3,,144.7,,,131.8,,,131.4,,
김재윤,2020,2020.8.16,두산,144.6,,144.6,,,,,,,,
김재윤,2020,2020.8.18,삼성,141.0,,144.9,,,132.2,,,,,
김재윤,2020,2020.8.19,삼성,142.3,,145.8,,,131.3,,,133.0,,
김재윤,2020,2020.8.25,키움,137.4,,141.0,,,128.5,,,,,
김재윤,2020,2020.8.26,키움,140.4,,145.2,,,133.4,,,131.5,,
김재윤,2020,2020.8.28,LG,140.8,,145.4,,,132.0,,,133.0,,
김재윤,2020,2020.8.30,KIA,141.2,,146.2,,,133.2,,,131.7,,
김재윤,2020,2020.9.4,SK,138.2,,143.7,,,129.0,,,131.0,,
김재윤,2020,2020.9.6,키움,141.9,,146.5,,,131.5,,,132.4,,
김재윤,2020,2020.9.9,두산,138.3,,142.8,,,130.0,,,128.0,,
김재윤,2020,2020.9.12,한화,137.2,,139.1,,,125.0,,,128.0,,
김재윤,2020,2020.9.17,두산,143.3,,143.3,,,,,,,,
김재윤,2020,2020.9.18,두산,137.8,,143.4,,,130.7,,,129.9,,
김재윤,2020,2020.9.23,롯데,140.4,,142.3,,,130.0,,,,,
김재윤,2020,2020.9.25,KIA,138.2,,142.5,,,130.0,,,128.9,,
김재윤,2020,2020.9.26,LG,133.8,,138.3,,,128.0,,,126.0,,
김재윤,2020,2020.10.9,두산,134.5,,139.9,,,127.3,,,126.5,,
김재윤,2020,2020.10.13,키움,138.2,,143.4,,,133.5,,,,,
김재윤,2020,2020.10.17,SK,145.0,,145.0,,,,,,,,
김재윤,2020,2020.10.18,SK,140.6,,144.5,,,131.4,,,,,
김재윤,2020,2020.10.21,삼성,142.8,,143.6,,,132.5,,,,,
김재윤,2020,2020.10.25,롯데,143.3,,143.3,,,,,,,,
김재윤,2020,2020.10.27,KIA,138.3,,144.9,,,130.3,,,129.6,,
김재윤,2020,2020.10.28,KIA,136.8,,142.5,,,132.0,,,128.0,,
김재윤,2020,2020.11.9,두산,141.5,,144.1,,,132.0,,,131.0,,
김재윤,2020,2020.11.10,두산,142.5,,144.2,,,133.5,,,,,
김재윤,2020,2020.11.13,두산,140.1,,143.9,,,132.0,,,129.0,,
최지광,2024,2024.6.5,SSG,136.5,,145.0,,121.2,136.4,,,,,
최지광,2024,2024.6.6,SSG,136.0,,143.2,,120.9,132.3,130.5,,,,
최지광,2024,2024.6.12,LG,130.6,,142.3,,120.1,133.0,,,,,
최지광,2024,2024.6.13,LG,135.0,,142.1,,119.5,132.7,,,,,
최지광,2024,2024.6.19,SSG,134.3,,145.2,,117.7,133.1,,,,,
최지광,2024,2024.6.21,두산,133.4,,143.7,,117.5,133.6,,,,,
최지광,2024,2024.6.23,두산,135.8,,144.2,,117.0,133.6,,,,,
최지광,2024,2024.6.30,KT,132.5,,143.5,,118.3,133.1,,,,,
최지광,2024,2024.7.3,KIA,132.9,,143.9,,117.8,132.8,,,,,
최지광,2024,2024.7.12,두산,136.5,,145.4,,119.5,135.7,,,,,
최지광,2024,2024.7.13,두산,133.6,,144.1,,118.1,131.6,,,,,
최지광,2024,2024.7.18,KIA,133.0,,143.3,,119.0,132.2,,,,,
최지광,2024,2024.7.21,롯데,129.6,,142.7,,117.3,130.6,,,,,
최지광,2024,2024.7.23,한화,126.7,,,,117.0,131.5,,,,,
최지광,2024,2024.7.24,한화,126.5,,142.0,,116.5,131.0,,,,,
최지광,2024,2024.7.27,KT,133.7,,143.3,,118.8,132.6,,,,,
최지광,2024,2024.7.28,KT,133.9,,144.0,,117.5,134.5,,,,,
최지광,2024,2024.8.4,SSG,131.6,,142.2,,119.7,132.4,,,,,
최지광,2024,2024.8.6,한화,128.2,,141.7,,118.7,130.6,,,,,
최지광,2024,2024.8.7,한화,134.5,,142.4,,118.0,132.3,,,,,
최지광,2024,2024.8.9,KIA,135.9,,145.0,,120.3,133.9,,,,,
최지광,2024,2024.8.11,KIA,138.9,,147.4,,123.3,131.7,,,,,
최지광,2024,2024.8.14,KT,133.3,,141.5,,117.0,130.0,,,,,
최지광,2024,2024.8.15,KT,128.0,,142.0,,118.0,129.7,,,,,
최지광,2024,2024.8.17,NC,139.8,,145.5,,122.0,133.2,,,,,
최지광,2024,2024.8.18,NC,134.1,,144.3,,122.3,135.7,,,,,
최지광,2024,2024.8.20,두산,127.8,,140.5,,116.2,131.2,,,,,
최지광,2024,2024.8.23,롯데,134.0,,141.6,,118.0,130.3,,,,,
최지광,2024,2024.8.28,키움,133.3,,143.2,,118.0,132.6,,,,,
최지광,2024,2024.8.29,키움,131.1,,143.2,,121.3,132.6,,,,,
최지광,2024,2024.8.31,KIA,127.7,,143.3,,115.8,132.6,,,,,
최지광,2024,2024.9.1,KIA,137.3,,143.5,,120.0,134.7,,,,,
최지광,2024,2024.9.7,NC,127.5,,141.0,,114.0,,,,,,
최지광,2024,2024.9.8,NC,128.9,,143.5,,116.5,130.9,,,,,
최지광,2024,2024.9.14,SSG,134.4,,145.4,,121.0,131.5,,,,,
최지광,2023,2023.6.16,KT,134.1,,139.8,,115.0,132.1,,,,,
최지광,2023,2023.6.20,키움,139.4,,142.9,,,134.0,,,,,
최지광,2023,2023.6.22,키움,139.3,,143.0,,,134.3,,,139.4,,
최지광,2023,2023.6.23,SSG,137.2,,142.7,,120.0,135.2,,,,,
최지광,2023,2023.7.6,두산,140.9,,142.6,,,134.7,,,,,
최지광,2023,2023.7.9,NC,134.2,,142.7,,120.5,134.6,,,,,
최지광,2023,2023.7.21,KT,139.9,,146.4,,122.0,136.7,,,,,
최지광,2023,2023.7.22,KT,135.4,,145.0,,123.0,135.8,,,,,
최지광,2023,2023.7.25,SSG,139.1,,145.5,,119.7,137.0,,,,,
최지광,2023,2023.7.27,SSG,135.7,,144.7,,121.2,136.2,,,,,
최지광,2023,2023.7.28,키움,137.6,,143.6,,119.0,134.8,,,,,
최지광,2023,2023.9.9,두산,135.4,,143.9,,119.0,135.2,,,126.0,,
최지광,2023,2023.9.12,KIA,132.9,,146.0,,121.8,136.6,,,,,
최지광,2023,2023.9.17,롯데,138.4,,143.8,,118.0,135.0,,,,,
최지광,2023,2023.9.19,KT,136.5,,144.5,,120.0,136.7,,,,,
최지광,2023,2023.9.27,한화,137.7,,142.3,,,135.3,,,,,
최지광,2023,2023.9.28,LG,133.5,,143.8,,118.6,135.0,,,,,
최지광,2023,2023.10.1,롯데,134.7,,143.2,,120.0,135.5,,,,,
최지광,2023,2023.10.2,롯데,133.8,,141.4,,116.3,133.5,,,,,
최지광,2023,2023.10.4,한화,133.4,,141.8,,117.8,132.8,,,,,
최지광,2023,2023.10.9,KIA,136.8,,145.0,,119.0,137.5,,,,,
최지광,2023,2023.10.15,NC,144.8,,144.8,,,,,,,,
최지광,2020,2020.5.6,NC,139.9,,146.2,,119.0,135.6,,,,,
최지광,2020,2020.5.8,KIA,141.2,,146.0,,118.0,133.2,,,,,
최지광,2020,2020.5.9,KIA,135.2,,145.2,,118.5,134.4,,,,,
최지광,2020,2020.5.12,키움,140.5,,144.2,,,133.0,,,,,
최지광,2020,2020.5.13,키움,137.0,,144.5,,117.3,134.6,,,,,
최지광,2020,2020.5.17,KT,140.5,,147.5,,121.0,137.3,,,,,
최지광,2020,2020.5.20,LG,143.3,,147.8,,,139.5,,,,,
최지광,2020,2020.5.24,두산,140.8,,147.9,,120.5,137.6,,,,,
최지광,2020,2020.5.28,롯데,147.1,,148.3,,,140.5,,,,,
최지광,2020,2020.5.29,NC,145.5,,148.2,,,139.8,,,,,
최지광,2020,2020.6.2,LG,143.3,,149.2,,123.0,140.8,,,,,
최지광,2020,2020.6.5,SK,141.2,,145.0,,120.0,135.3,,,,,
최지광,2020,2020.6.7,SK,141.4,,146.0,,,138.1,,,,,
최지광,2020,2020.6.10,키움,140.1,,146.0,,,136.1,,,,,
최지광,2020,2020.6.11,키움,134.2,,146.0,,119.5,137.1,,,,,
최지광,2020,2020.6.13,KT,139.3,,143.3,,,136.2,,,,,
최지광,2020,2020.6.16,두산,143.5,,145.6,,,134.5,,,,,
최지광,2020,2020.6.17,두산,141.0,,146.5,,116.0,136.3,,,,,
최지광,2020,2020.6.19,KIA,138.7,,143.7,,124.0,135.0,,,,,
최지광,2020,2020.6.23,한화,139.9,,144.3,,,137.7,,,,,
최지광,2020,2020.6.24,한화,140.6,,144.5,,116.0,134.0,,,,,
최지광,2020,2020.6.26,롯데,142.8,,145.4,,,137.5,,,,,
최지광,2020,2020.7.9,키움,144.3,,146.7,,,138.2,,,,,
최지광,2020,2020.7.11,KT,138.4,,142.8,,143.0,135.8,,,,,
최지광,2020,2020.7.14,KIA,140.1,,147.4,,122.0,137.9,,,,,
최지광,2020,2020.7.15,KIA,140.6,,146.2,,120.0,138.3,,,,,
최지광,2020,2020.7.17,롯데,136.8,,146.0,,,135.0,,,,,
최지광,2020,2020.7.18,롯데,138.9,,146.4,,117.0,137.8,,,,,
최지광,2020,2020.7.21,NC,141.1,,145.0,,,136.2,,,,,
최지광,2020,2020.7.25,KIA,142.1,,145.2,,,137.3,,,,,
최지광,2020,2020.7.26,KIA,138.1,,145.7,,120.0,137.2,,,,,
최지광,2020,2020.7.30,한화,141.5,,144.8,,,140.3,,,,,
최지광,2020,2020.8.1,키움,141.1,,145.1,,122.0,138.2,,,,,
최지광,2020,2020.8.2,키움,140.7,,143.4,,,137.5,,,,,
최지광,2020,2020.8.4,두산,136.4,,147.2,,121.8,140.2,,,,,
최지광,2020,2020.8.5,두산,140.0,,146.8,,125.7,141.0,,,,,
최지광,2020,2020.8.7,SK,139.9,,144.4,,119.0,137.0,,,,,
최지광,2020,2020.8.13,두산,143.2,,146.7,,122.0,142.2,,,,,
최지광,2020,2020.8.16,한화,132.6,,142.5,,117.5,134.6,,,,,
최지광,2020,2020.8.18,KT,137.9,,145.8,,117.5,138.0,,,,,
최지광,2020,2020.8.20,SK,138.0,,143.3,,120.0,135.6,,,,,
최지광,2020,2020.8.21,SK,140.3,,144.2,,120.0,137.1,,,,,
최지광,2020,2020.8.25,LG,145.1,,146.0,,,139.0,,,,,
최지광,2020,2020.8.26,LG,144.9,,147.0,,,140.3,,,,,
최지광,2020,2020.8.29,키움,143.0,,143.0,,,,,,,,
최지광,2020,2020.9.3,두산,139.4,,144.8,,120.0,137.2,,,,,
최지광,2020,2020.9.6,NC,137.1,,146.3,,120.0,139.3,,,,,
최지광,2020,2020.9.8,한화,136.4,,143.5,,120.0,136.8,,,,,
최지광,2020,2020.9.10,롯데,136.0,,145.4,,119.4,137.4,,,,,
최지광,2020,2020.9.15,KT,136.0,,143.2,,120.8,137.0,,,,,
최지광,2020,2020.9.18,KIA,136.2,,144.1,,120.0,136.4,,,,,
김무신,2024,2024.7.17,KIA,143.9,,149.9,,122.0,138.3,,,,,
김무신,2024,2024.7.18,KIA,141.9,,148.0,,,137.6,,,,,
김무신,2024,2024.9.24,KIA,145.2,,152.9,,126.8,142.4,,,,,
김무신,2024,2024.9.28,LG,143.1,,151.2,,126.7,139.8,,,,,
김무신,2024,2024.10.13,LG,144.8,,149.8,,125.0,,,,,,
김무신,2024,2024.10.15,LG,143.3,,151.5,,127.0,,,,,,
김무신,2024,2024.10.17,LG,154.0,,154.0,,,,,,,,
김무신,2024,2024.10.21,KIA,142.8,,151.5,,125.5,,,,,,
김무신,2024,2024.10.23,KIA,142.5,,151.1,,122.7,139.3,,,,,
김무신,2024,2024.10.26,KIA,133.0,,151.0,,121.0,139.0,,,,,
김무신,2024,2024.10.28,KIA,142.1,,151.8,,127.4,140.4,,,,,
김무신,2021,2021.4.4,키움,147.2,,150.8,,125.0,133.0,,,,,
김무신,2021,2021.4.8,두산,148.8,,149.9,,,134.0,,,,,
김무신,2021,2021.4.9,KT,145.6,,147.0,,,130.5,,,,,
김무신,2021,2021.4.14,한화,140.6,,145.5,,,130.8,,,,,
김무신,2021,2021.4.16,롯데,145.3,,149.3,,,132.7,,,,,
김무신,2021,2021.4.20,SSG,142.1,,149.3,,,132.0,,,,,
김무신,2021,2021.4.21,SSG,148.7,,148.7,,,,,,,,
김무신,2021,2021.4.27,NC,143.7,,149.5,,,134.6,,,,,
김무신,2021,2021.4.29,NC,143.0,,147.9,,,134.4,,,,,
김무신,2021,2021.5.1,LG,142.4,,146.1,,,130.5,,,,,
김무신,2021,2021.6.26,LG,141.4,,144.0,,,130.4,,,,,
김무신,2021,2021.6.29,SSG,148.1,,152.2,,,137.0,,,,,
김무신,2021,2021.6.30,SSG,143.6,,149.8,,125.5,134.2,,,,,
김무신,2021,2021.7.9,롯데,142.7,,147.6,,,132.4,,,,,
김무신,2021,2021.10.6,키움,144.1,,153.2,,130.0,139.7,,,,,
김무신,2021,2021.10.8,NC,143.1,,150.8,,,138.0,,,,,
김무신,2021,2021.10.14,KIA,147.6,,152.9,,132.0,140.7,,,,,
김무신,2021,2021.10.16,키움,146.5,,149.7,,,137.7,,,,,
김무신,2021,2021.10.24,SSG,141.8,,150.0,,,139.0,,,,,
김무신,2021,2021.11.10,두산,149.1,,152.5,,,138.3,,,,,
김무신,2020,2020.5.15,KT,143.0,,146.1,,121.0,131.0,,,134.0,,
김무신,2020,2020.5.16,KT,143.2,,149.2,,124.0,134.2,,,132.0,,
김무신,2020,2020.5.19,LG,142.2,,150.3,,125.5,132.6,,,,,
김무신,2020,2020.5.21,LG,145.2,,152.0,,,136.2,,,,,
김무신,2020,2020.5.22,두산,145.0,,148.8,,128.0,133.4,,,,,
김무신,2020,2020.5.24,두산,147.1,,148.3,,,135.0,,,,,
김무신,2020,2020.5.30,NC,150.4,,152.2,,,131.0,,,,,
김무신,2020,2020.5.31,NC,143.2,,148.4,,123.0,133.8,,,,,
김무신,2020,2020.6.3,LG,142.0,,148.0,,,137.7,,,,,
김무신,2020,2020.6.6,SK,146.3,,150.0,,,132.5,,,,,
김무신,2020,2020.6.9,키움,150.5,,150.5,,,,,,,,
김무신,2020,2020.6.11,키움,145.6,,150.2,,,133.3,,,,,
김무신,2020,2020.6.13,KT,146.3,,151.2,,,135.6,,,,,
김무신,2020,2020.6.14,KT,143.5,,150.0,,126.5,135.3,,,,,
김무신,2020,2020.6.17,두산,152.3,,152.3,,,,,,,,
김무신,2020,2020.6.18,두산,147.0,,151.8,,,137.4,,,,,
김무신,2020,2020.6.20,KIA,139.3,,150.1,,125.5,132.7,,,,,
김무신,2020,2020.6.23,한화,145.0,,150.2,,,135.7,,,,,
김무신,2020,2020.6.27,롯데,142.5,,152.0,,126.7,,,,,,
김무신,2020,2020.6.28,롯데,140.8,,148.2,,125.0,133.9,,,,,
김무신,2020,2020.6.30,SK,145.2,,148.0,,123.0,,,,,,
김무신,2020,2020.7.3,LG,143.4,,148.6,,,130.8,,,,,
김무신,2020,2020.7.4,LG,144.3,,151.5,,128.0,138.0,,,,,
김무신,2020,2020.7.8,키움,150.9,,150.9,,151.0,,,,,,
김무신,2020,2020.7.9,키움,145.7,,149.5,,,135.7,,,,,
김무신,2020,2020.7.11,KT,147.4,,148.9,,,134.0,,,,,
김무신,2020,2020.7.16,KIA,143.8,,149.5,,124.5,134.9,,,,,
김무신,2020,2020.7.18,롯데,144.0,,151.6,,120.0,135.8,,,,,
김무신,2020,2020.7.21,NC,143.2,,147.1,,126.0,134.0,,,,,
김무신,2020,2020.7.25,KIA,141.3,,147.7,,,134.9,,,,,
김무신,2020,2020.7.29,한화,142.6,,149.5,,126.0,134.8,,,,,
김무신,2020,2020.7.30,한화,140.8,,148.8,,,134.4,,,,,
김무신,2020,2020.8.1,키움,142.4,,147.6,,125.0,133.8,,,,,
김무신,2020,2020.8.2,키움,143.1,,148.5,,123.0,134.2,,,,,
김무신,2020,2020.8.4,두산,144.1,,151.0,,,135.5,,,,,
김무신,2020,2020.8.6,두산,142.0,,150.5,,,135.2,,,,,
김무신,2020,2020.8.11,두산,139.8,,147.0,,,134.0,,,,,
김무신,2020,2020.8.13,두산,139.9,,149.4,,130.0,135.2,,,,,
김무신,2020,2020.8.15,한화,140.1,,147.7,,128.0,134.7,,,,,
김무신,2020,2020.8.18,KT,141.7,,147.0,,,133.4,,,,,
김무신,2020,2020.8.21,SK,139.7,,148.0,,124.0,135.0,,,,,
김무신,2020,2020.8.26,LG,143.6,,150.0,,130.0,138.6,,,,,
김무신,2020,2020.8.30,키움,137.2,,149.0,,128.0,136.3,,,,,
김무신,2020,2020.9.3,두산,139.5,,147.8,,129.3,135.7,,,,,
김무신,2020,2020.9.6,NC,146.7,,149.9,,,137.0,,,,,
김무신,2020,2020.9.8,한화,141.2,,148.9,,129.0,136.0,,,,,
김무신,2020,2020.9.10,롯데,142.2,,150.3,,126.0,133.5,,,,,
김무신,2020,2020.9.16,KT,139.0,,146.0,,124.0,134.4,,,,,
김무신,2020,2020.9.17,KIA,142.8,,144.9,,,132.7,,,,,
김무신,2020,2020.9.19,키움,143.0,,151.2,,130.0,138.0,,,,,
김무신,2020,2020.9.23,NC,139.0,,148.1,,126.5,134.7,,,,,
김무신,2020,2020.9.24,두산,149.5,,150.9,,,132.0,,,,,
김무신,2020,2020.9.27,SK,141.6,,148.2,,124.0,134.0,,,,,
김무신,2020,2020.9.29,KT,139.6,,146.9,,124.7,133.4,,,,,
김무신,2020,2020.10.1,KT,141.0,,148.8,,127.0,136.0,,,,,
김무신,2020,2020.10.3,NC,144.8,,149.6,,126.0,138.2,,,,,
김무신,2020,2020.10.4,NC,137.3,,149.0,,129.0,136.5,,,,,
김무신,2020,2020.10.6,LG,152.1,,152.1,,,,,,,,
김무신,2020,2020.10.8,LG,142.9,,151.8,,129.7,138.3,,,,,
김무신,2020,2020.10.10,롯데,143.4,,149.5,,,134.2,,,,,
김무신,2020,2020.10.13,SK,144.4,,149.9,,129.2,137.8,,,,,
송은범,2024,2024.8.31,KIA,138.2,139.2,,,,133.0,,,,,
송은범,2024,2024.9.6,롯데,134.1,138.0,,,115.0,130.0,,,,,
송은범,2024,2024.9.7,NC,133.7,138.5,,,,130.5,,,,,
송은범,2024,2024.9.11,한화,133.1,137.1,,,111.0,129.1,,,,,
송은범,2024,2024.9.14,SSG,138.1,141.2,,,,131.8,,,,,
송은범,2024,2024.9.17,두산,133.7,140.2,,,,131.1,,,,,
송은범,2024,2024.9.18,KT,131.8,137.3,,,,129.0,,,,,
송은범,2024,2024.9.22,키움,133.9,136.2,,,,130.0,,,,,
송은범,2024,2024.9.25,키움,133.8,140.0,,,,132.0,,,,,
송은범,2024,2024.10.13,LG,130.0,137.0,,,116.0,,,,,,
송은범,2024,2024.10.17,LG,137.0,140.5,,,,133.5,,,,,
송은범,2024,2024.10.23,KIA,132.5,140.3,,,116.7,135.0,,,,,
송은범,2024,2024.10.26,KIA,135.0,137.8,,,,131.3,,,,,
송은범,2023,2023.5.12,삼성,136.0,141.7,,,115.0,134.0,,,,,
송은범,2023,2023.6.27,SSG,139.1,140.0,,,,133.0,,,,,
송은범,2023,2023.6.28,SSG,138.1,143.0,,,,136.1,,,,,
송은범,2023,2023.7.8,롯데,136.0,139.8,,,118.0,132.0,,,,,
송은범,2022,2022.7.24,NC,137.4,143.8,,,116.3,135.8,,,,,
송은범,2022,2022.7.27,SSG,135.5,142.3,,,106.0,133.9,,,,,
송은범,2022,2022.7.29,KT,138.0,141.8,,,,133.8,,,,,
송은범,2022,2022.8.4,롯데,135.7,140.1,,,112.0,134.2,,,,,
송은범,2022,2022.8.6,키움,138.0,143.1,,,113.0,134.9,,,,,
송은범,2022,2022.8.12,한화,137.6,144.0,,,107.0,137.0,,,,,
송은범,2022,2022.8.14,NC,136.6,141.2,,,109.0,133.9,,,,,
송은범,2022,2022.8.17,삼성,140.3,143.4,,,112.0,135.9,,,,,
송은범,2022,2022.8.20,두산,140.2,142.5,,,,136.3,,,,,
송은범,2022,2022.8.21,두산,134.7,143.5,,,112.0,135.3,128.5,,,,
송은범,2022,2022.8.24,한화,134.8,139.3,,,112.0,135.0,,,,,
송은범,2022,2022.8.31,NC,139.8,143.6,,,,136.0,,,,,
송은범,2022,2022.9.4,롯데,139.3,142.9,,,119.0,136.4,127.0,,,,
송은범,2022,2022.9.6,SSG,135.0,142.8,,,115.0,136.0,,,,,
송은범,2022,2022.9.9,키움,136.7,141.1,,,114.0,134.1,,,,,
송은범,2022,2022.9.10,삼성,135.8,140.8,,,116.5,135.7,,,,,
송은범,2022,2022.9.13,두산,142.4,142.4,,,,,,,,,
송은범,2022,2022.9.18,한화,138.0,142.2,,,,135.0,,,,,
송은범,2022,2022.9.20,KIA,137.8,140.8,,,116.0,134.4,,,,,
송은범,2022,2022.9.22,롯데,134.1,142.6,,,116.0,135.9,,,,,
송은범,2022,2022.9.24,한화,137.5,142.4,,,117.0,134.9,,,,,
송은범,2022,2022.9.28,한화,137.4,138.1,,,,135.0,,,,,
송은범,2022,2022.9.29,KT,133.9,139.4,,,116.2,133.7,,,,,
송은범,2022,2022.10.1,NC,133.9,138.3,,,,131.2,,,,,
송은범,2022,2022.10.4,KIA,134.8,138.5,,,115.0,133.5,,,,,
송은범,2021,2021.4.7,KT,135.4,139.3,,,111.0,133.7,,,,,
송은범,2021,2021.4.9,SSG,139.5,143.6,,,116.0,136.7,,,,,
송은범,2021,2021.4.14,키움,133.9,144.3,,,112.0,137.6,128.0,,,,
송은범,2021,2021.4.17,두산,140.8,144.6,,,121.0,137.8,130.0,,,,
송은범,2021,2021.4.20,KIA,140.7,145.6,,,114.0,139.7,,,,,
송은범,2021,2021.4.21,KIA,140.3,144.9,,,116.0,139.0,134.0,,,,
송은범,2021,2021.4.23,한화,136.3,142.7,,,117.0,136.3,,,,,
송은범,2021,2021.4.27,롯데,141.5,144.3,,,,139.3,,,,,
송은범,2021,2021.4.30,삼성,133.4,139.1,,,116.0,134.8,127.0,,,,
송은범,2021,2021.5.2,삼성,134.7,141.3,,,117.6,136.6,125.0,,,,
송은범,2021,2021.5.5,두산,136.5,142.0,,,119.0,137.0,,,,,
송은범,2021,2021.5.9,한화,137.9,143.7,,,118.2,137.0,129.0,,,,
송은범,2021,2021.5.12,KIA,138.6,142.8,,,115.0,138.4,,,,,
송은범,2021,2021.5.13,KIA,137.0,141.6,,,113.0,136.6,128.0,,,,
송은범,2021,2021.5.19,NC,133.4,140.3,,,115.7,133.9,,,,,
송은범,2021,2021.5.21,SSG,137.1,141.3,,,116.0,135.8,,,,,
송은범,2021,2021.5.23,SSG,136.8,142.0,,,116.0,136.7,,,,,
송은범,2021,2021.5.28,키움,138.4,144.3,,,120.0,138.7,,,,,
송은범,2021,2021.5.30,키움,136.8,143.8,,,115.0,137.5,128.0,,,,
송은범,2021,2021.6.2,KT,137.9,142.6,,,118.0,136.2,,,,,
송은범,2021,2021.6.4,KIA,136.6,141.9,,,114.0,135.9,127.0,,,,
송은범,2021,2021.6.5,KIA,135.6,140.5,,,114.5,136.0,,,,,
송은범,2021,2021.6.9,NC,140.0,143.4,147.0,,117.0,138.0,,,,,
송은범,2021,2021.6.11,두산,140.5,145.1,,,114.0,137.6,,,,,
송은범,2021,2021.6.12,두산,137.3,142.3,,,114.7,137.0,,,,,
송은범,2021,2021.6.15,키움,137.5,141.3,,,112.5,139.5,,,,,
송은범,2021,2021.6.16,키움,136.9,141.0,,,108.0,134.6,,,,,
송은범,2021,2021.6.18,KIA,135.4,142.5,,,117.0,136.8,,,,,
송은범,2021,2021.6.20,KIA,136.0,142.8,,,113.0,138.4,,,,,
송은범,2021,2021.6.24,SSG,140.0,142.7,,,,138.0,,,,,
송은범,2021,2021.6.26,삼성,135.1,139.5,,,112.0,135.8,,,,,
송은범,2021,2021.6.30,KT,134.4,142.0,,,113.0,137.5,,,,,
송은범,2021,2021.7.5,한화,139.4,145.2,,,117.0,139.2,,,,,
송은범,2021,2021.8.10,SSG,142.8,145.0,,,,138.0,,,,,
송은범,2021,2021.8.14,롯데,143.0,143.0,,,,,,,,,
송은범,2020,2020.5.6,두산,137.7,142.2,143.0,,114.5,136.2,126.0,,,,
송은범,2020,2020.5.13,SK,136.4,143.5,,,116.3,134.0,,,129.0,,
송은범,2020,2020.5.16,키움,136.7,144.0,,,116.0,130.0,,,,,
송은범,2020,2020.5.19,삼성,138.8,143.0,,,114.0,135.7,,,,,
송은범,2020,2020.5.23,KT,141.8,145.4,146.4,,,138.5,,,,,
송은범,2020,2020.5.29,KIA,138.8,143.0,145.0,,,135.8,,,,,
송은범,2020,2020.5.31,KIA,136.9,141.8,143.0,,111.0,134.2,,,,,
송은범,2020,2020.6.2,삼성,144.1,146.0,,,,140.2,,,,,
송은범,2020,2020.6.11,SK,143.6,145.3,145.0,,,137.7,,,,,
송은범,2020,2020.6.12,롯데,138.8,142.5,,,,137.4,131.0,,,,
송은범,2020,2020.6.14,롯데,141.1,144.2,,,,137.4,,,,,
송은범,2020,2020.6.16,한화,135.9,141.4,,,119.0,134.0,129.0,,,,
송은범,2020,2020.6.18,한화,140.0,144.2,,,,137.2,,,,,
송은범,2020,2020.6.20,두산,139.2,143.5,,,,136.3,,,,,
송은범,2020,2020.6.21,두산,132.6,144.0,,,122.7,136.2,,,,,
송은범,2020,2020.6.25,키움,137.1,143.5,,,120.0,135.9,,,,,
송은범,2020,2020.7.1,KT,143.1,147.5,148.0,,,137.2,,,,,
송은범,2020,2020.7.2,KT,140.7,146.7,148.0,,123.0,136.0,,,,,
송은범,2020,2020.7.4,삼성,141.0,142.6,,,,133.0,,,,,
송은범,2020,2020.7.31,한화,139.4,142.7,,,,137.8,,,,,
송은범,2020,2020.8.6,KIA,139.2,145.0,,,120.0,138.0,,,,,
송은범,2020,2020.8.8,키움,141.2,143.5,,,,137.8,,,,,
송은범,2020,2020.8.11,KIA,136.0,142.9,,,116.3,138.0,,,,,
송은범,2020,2020.8.12,KIA,140.1,144.4,,,118.0,139.5,129.0,,,,
송은범,2020,2020.8.14,NC,137.4,144.6,,,119.0,137.2,,,,,
송은범,2020,2020.8.15,NC,137.5,142.8,,,114.0,135.9,,,,,
송은범,2020,2020.8.18,KIA,136.4,143.7,,,117.0,136.0,,,,,
송은범,2020,2020.8.20,키움,141.1,144.0,,,,138.0,128.0,,,,
송은범,2020,2020.8.23,한화,134.8,143.2,,,117.5,135.4,131.0,,,,
송은범,2020,2020.8.25,삼성,136.7,141.7,,,116.0,135.2,,,,,
송은범,2020,2020.8.28,KT,135.4,144.7,,,117.0,136.2,,,,,
송은범,2020,2020.8.29,두산,135.2,143.5,,,119.0,135.0,,,,,
송은범,2020,2020.8.30,두산,137.2,142.5,,,114.0,135.5,131.0,,,,
송은범,2020,2020.9.1,SK,136.0,142.5,,,112.5,134.8,130.0,,,,
송은범,2020,2020.9.4,NC,141.2,145.6,,,117.5,137.2,,,,,
송은범,2020,2020.9.6,롯데,131.5,139.8,,,110.5,130.7,130.0,,,,
송은범,2020,2020.9.10,키움,137.6,143.3,,,,133.8,128.0,,,,
송은범,2020,2020.9.13,삼성,138.6,145.3,,,120.0,135.4,133.0,,,,
송은범,2020,2020.9.16,한화,139.0,143.5,,,117.0,135.4,,,,,
송은범,2020,2020.9.18,롯데,139.2,143.2,,,,135.8,,,,,
송은범,2020,2020.9.22,SK,133.5,142.2,,,116.0,133.4,,,,,
송은범,2020,2020.9.24,NC,138.0,143.6,,,,133.3,,,,,
송은범,2020,2020.9.29,롯데,136.1,145.0,148.0,,121.2,139.0,,,,,
송은범,2020,2020.10.1,롯데,141.6,146.4,,,122.0,137.0,,,,,
송은범,2020,2020.10.2,KT,136.3,139.8,,,,133.6,,,,,
송은범,2020,2020.10.4,KT,132.3,139.5,,,,130.1,128.0,,,,
송은범,2020,2020.10.6,삼성,138.8,143.9,,,,134.0,130.0,,,,
송은범,2020,2020.10.8,삼성,135.6,143.3,,,119.5,137.2,,,,,
송은범,2020,2020.10.10,NC,140.8,146.2,,,122.0,138.0,,,,,
송은범,2020,2020.10.11,NC,134.1,143.0,,,113.0,129.1,131.0,,,,
송은범,2020,2020.10.14,롯데,137.7,142.7,,,116.0,133.6,,,,,
송은범,2020,2020.10.17,KIA,135.6,140.7,,,115.0,132.9,,,,,
송은범,2020,2020.10.18,KIA,141.0,144.4,,,118.0,137.4,,,,,
송은범,2020,2020.10.20,KT,135.4,142.3,,,,133.7,,,,,
송은범,2020,2020.10.23,KIA,136.3,141.6,,,,132.3,128.0,,,,
송은범,2020,2020.10.30,SK,141.5,143.3,,,,136.0,,,,,
송은범,2020,2020.11.2,키움,140.4,145.8,,,122.0,136.3,,,,,
송은범,2020,2020.11.4,두산,138.2,144.0,,,,137.0,,,,,
황동재,2024,2024.6.30,KT,135.6,,144.3,,121.2,133.3,,,131.6,,
황동재,2024,2024.7.10,NC,138.9,,143.4,,117.5,132.7,,,131.5,,
황동재,2024,2024.7.13,두산,137.3,,143.4,,,132.1,,,131.5,,
황동재,2024,2024.7.17,KIA,137.4,,144.3,,120.0,133.5,,,132.0,,
황동재,2024,2024.7.21,롯데,137.0,,142.3,,119.0,130.2,,,131.2,,
황동재,2024,2024.7.24,한화,139.0,,145.3,,,133.5,,,132.5,,
황동재,2024,2024.7.28,KT,137.8,,142.6,,,131.8,,,,,
황동재,2024,2024.7.30,LG,136.5,,145.7,,,133.8,,,133.0,,
황동재,2024,2024.8.6,한화,137.9,,143.5,,,131.8,,,127.5,,
황동재,2024,2024.8.16,NC,138.2,,144.0,,,132.3,,,132.4,,
황동재,2024,2024.8.23,롯데,135.3,,141.4,,118.0,130.7,,,129.7,,
황동재,2024,2024.8.29,키움,135.9,,143.0,,,131.1,,,131.8,,
황동재,2024,2024.9.4,두산,135.1,,141.0,,,129.3,,,129.2,,
황동재,2024,2024.9.12,한화,132.1,,140.6,,,128.8,,,129.7,,
황동재,2024,2024.9.17,두산,135.0,139.5,140.3,,,130.5,,,130.7,,
황동재,2024,2024.10.17,LG,136.1,,142.3,,126.3,132.5,,,131.2,,
황동재,2024,2024.10.23,KIA,139.2,,143.8,,,132.6,,,,,
황동재,2023,2023.6.8,NC,134.1,,142.7,,114.8,128.5,,,128.0,,
황동재,2023,2023.6.15,LG,138.0,,143.6,,,135.8,,,130.1,,
황동재,2023,2023.7.5,두산,135.6,,139.9,,105.0,131.6,,,128.0,,
황동재,2023,2023.9.19,KT,136.9,,142.1,,114.0,133.1,,,132.2,,
황동재,2023,2023.9.27,한화,130.0,,137.5,,113.1,128.8,,,126.1,,
황동재,2023,2023.10.3,롯데,132.1,,138.9,,112.8,130.4,,,127.2,,
황동재,2023,2023.10.10,키움,132.8,,139.6,,115.5,126.6,,,127.3,,
황동재,2022,2022.4.9,키움,134.5,,140.6,,,133.0,,,131.6,,
황동재,2022,2022.4.23,롯데,132.1,,137.8,,,124.8,,,129.0,,
황동재,2022,2022.4.29,KIA,132.3,,139.1,,,125.4,,,128.1,,
황동재,2022,2022.5.5,NC,134.0,,139.2,,,126.0,,,127.1,,
황동재,2022,2022.5.11,SSG,133.4,,139.3,,,125.9,,,127.3,,
황동재,2022,2022.5.18,한화,131.7,,139.2,,,126.0,,,128.6,,
황동재,2022,2022.5.24,KIA,128.8,,135.6,,,122.7,,,123.8,,
황동재,2022,2022.5.29,LG,133.4,,138.8,,,124.8,,,127.1,,
황동재,2022,2022.6.4,두산,132.0,,138.9,,,125.7,,,127.7,,
황동재,2022,2022.6.10,NC,132.5,,139.5,,,125.2,,,128.1,,
황동재,2022,2022.6.24,한화,134.9,,143.2,,,126.8,,,131.8,,
황동재,2022,2022.6.28,KT,131.7,,138.7,,,122.6,,,126.0,,
황동재,2022,2022.7.29,롯데,131.9,,139.5,,,123.6,,,127.3,,
황동재,2022,2022.8.5,SSG,134.3,,140.7,,,124.1,,,129.4,,
황동재,2022,2022.8.13,KT,135.0,,140.6,,117.4,128.0,,,129.8,,
황동재,2022,2022.9.22,KT,134.2,,142.3,,114.0,130.7,,,130.4,,
황동재,2020,2020.5.23,두산,135.2,,143.2,,123.4,130.5,,,130.2,,
