선수명,연도,날짜,상대팀,전체구속,2Seam,4Seam,Cutter,Curve,Slider,Changeup,Sinker,Forkball,Knuckle,Other
김강률,2024,2024-04-28,한화,137.3,,143.9,,116.0,132.7,,,134.0,,
김강률,2024,2024-04-30,삼성,140.4,,146.4,,121.0,129.8,,,136.0,,
김강률,2024,2024-05-02,삼성,137.7,,144.6,,118.0,133.0,,,133.0,,
김강률,2024,2024-05-03,LG,140.7,,144.6,,116.0,133.0,,,135.5,,
김강률,2024,2024-05-08,키움,133.3,,145.5,,116.0,131.0,,,,,
김강률,2024,2024-05-09,키움,136.6,,142.1,,119.0,129.7,,,,,
김강률,2024,2024-05-12,KT,137.8,,142.4,,,129.3,,,,,
김강률,2024,2024-05-14,KIA,136.3,,144.5,,116.8,133.1,,,,,
김강률,2024,2024-05-16,KIA,137.7,,144.3,,117.0,131.7,,,,,
김강률,2024,2024-05-17,롯데,137.1,,143.3,,117.5,134.5,,,131.5,,
김강률,2024,2024-05-22,SSG,133.5,,144.7,,117.0,133.0,,,,,
김강률,2024,2024-05-26,KIA,135.8,,144.1,,113.0,131.6,,,130.0,,
김강률,2024,2024-05-28,KT,140.9,,144.0,,,130.3,,,135.0,,
김강률,2024,2024-05-29,KT,136.8,,143.7,,121.3,131.3,,,131.0,,
김강률,2024,2024-06-01,LG,136.9,,144.1,,114.0,129.5,,,133.0,,
김강률,2024,2024-06-02,LG,134.6,,143.9,,118.3,130.8,,,134.0,,
김강률,2024,2024-06-04,NC,140.9,,145.4,,119.0,131.8,,,,,
김강률,2024,2024-06-05,NC,137.6,,143.9,,117.5,134.0,,,,,
김강률,2024,2024-06-08,KIA,131.9,,140.8,,115.5,129.5,,,134.0,,
김강률,2024,2024-06-12,한화,136.3,,141.4,,116.5,125.0,,,,,
김강률,2024,2024-06-15,키움,130.3,,144.0,,117.0,130.0,,,,,
김강률,2024,2024-06-16,키움,135.7,,143.8,,118.2,131.6,,,133.2,,
김강률,2024,2024-06-18,NC,142.8,,145.2,,,132.0,,,,,
김강률,2024,2024-06-20,NC,140.9,,146.5,,,129.7,,,,,
김강률,2024,2024-06-23,삼성,137.2,,145.0,,116.7,132.2,,,,,
김강률,2024,2024-06-26,한화,138.1,,142.4,,114.0,128.0,,,,,
김강률,2024,2024-06-30,SSG,139.9,,144.6,,116.0,128.0,,,134.0,,
김강률,2024,2024-07-03,롯데,141.1,,144.8,,,132.0,,,,,
김강률,2024,2024-07-10,KT,138.9,,144.2,,117.0,129.6,,,,,
김강률,2024,2024-07-11,KT,134.0,,141.3,,,128.5,,,,,
김강률,2024,2024-07-24,키움,138.9,,143.1,,118.5,132.0,,,,,
김강률,2024,2024-07-27,SSG,140.5,,146.5,,,134.5,,,,,
김강률,2024,2024-07-28,SSG,137.8,,144.2,,120.0,133.2,,,,,
김강률,2024,2024-07-30,KIA,138.5,,145.7,,118.0,132.9,,,133.3,,
김강률,2024,2024-08-02,키움,139.0,,141.7,,,130.2,,,,,
김강률,2024,2024-08-07,LG,138.6,,144.4,,120.5,132.7,,,135.0,,
김강률,2024,2024-08-09,SSG,138.7,,146.7,,,132.8,,,,,
김강률,2024,2024-08-10,SSG,136.7,,144.7,,118.7,132.9,,,,,
김강률,2024,2024-08-15,롯데,138.7,,145.7,,119.0,133.2,,,,,
김강률,2024,2024-08-16,KT,135.6,,143.2,,118.0,132.3,,,132.0,,
김강률,2024,2024-08-18,KT,141.1,,145.3,,,132.7,,,,,
김강률,2024,2024-08-20,삼성,140.5,,140.5,,,,,,,,
김강률,2024,2024-08-23,한화,135.8,,143.8,,121.0,133.7,,,132.0,,
김강률,2024,2024-08-25,한화,141.6,,145.3,,,136.0,,,,,
김강률,2024,2024-08-27,NC,137.9,,143.7,,120.5,133.2,,,136.0,,
김강률,2024,2024-08-28,NC,137.4,,144.7,,119.7,132.8,,,,,
김강률,2024,2024-08-31,롯데,137.9,,142.6,,118.0,128.7,,,,,
김강률,2024,2024-09-03,한화,135.1,,140.3,,118.0,128.0,,,129.0,,
김강률,2024,2024-09-16,키움,136.5,,144.0,,,129.8,,,135.0,,
김강률,2024,2024-09-17,삼성,136.8,,143.0,,,129.5,,,133.0,,
김강률,2024,2024-09-21,LG,136.7,,146.0,,118.0,,,,,,
김강률,2024,2024-09-23,SSG,139.1,,143.7,,118.7,130.2,,,,,
김강률,2024,2024-09-26,롯데,139.4,,142.8,,119.0,133.0,,,,,
김강률,2024,2024-10-02,KT,137.8,,143.0,,119.5,133.0,,,133.0,,
김강률,2024,2024-10-03,KT,135.6,,143.2,,115.5,132.2,,,130.0,,
김강률,2023,2023-05-13,KIA,136.2,,144.3,,120.3,131.0,,,137.0,,
김강률,2023,2023-05-14,KIA,136.2,,142.7,,118.0,133.0,,,137.0,,
김강률,2023,2023-05-17,키움,130.6,,140.8,,117.0,128.8,,,,,
김강률,2023,2023-05-18,키움,133.9,,141.5,,117.5,132.2,,,,,
김강률,2023,2023-07-05,삼성,142.0,,144.5,,,,,,137.0,,
김강률,2023,2023-07-07,키움,139.2,,142.8,,,131.8,,,,,
김강률,2023,2023-07-26,롯데,137.0,,143.6,,118.7,135.0,,,,,
김강률,2023,2023-07-28,LG,134.8,,143.5,,120.2,131.3,,,135.7,,
김강률,2023,2023-08-03,한화,141.2,,146.4,,121.0,135.3,,,136.3,,
김강률,2023,2023-08-05,KT,134.5,,142.4,,119.8,134.0,,,133.0,,
김강률,2023,2023-08-12,한화,139.6,,147.3,,122.2,137.7,,,,,
김강률,2023,2023-08-13,한화,142.5,,145.8,,122.0,135.0,,,,,
김강률,2023,2023-08-16,KT,138.9,,146.9,,120.8,136.0,,,,,
김강률,2023,2023-08-20,NC,138.9,,147.7,,122.4,134.3,,,,,
김강률,2023,2023-08-22,키움,141.6,,146.9,,122.5,138.0,,,,,
김강률,2023,2023-08-24,키움,140.7,,147.2,,121.5,134.0,,,,,
김강률,2023,2023-09-07,KIA,142.3,,146.0,,,135.0,,,,,
김강률,2023,2023-09-08,삼성,141.7,,146.1,,,135.8,,,136.0,,
김강률,2023,2023-09-10,삼성,132.6,,145.3,,122.0,133.5,,,135.0,,
김강률,2023,2023-09-12,한화,134.7,,143.7,,121.5,136.0,,,132.5,,
김강률,2023,2023-09-15,KIA,138.0,,147.2,,119.5,134.4,,,,,
김강률,2023,2023-09-17,KIA,141.8,,145.8,,,134.0,,,137.0,,
김강률,2023,2023-09-19,NC,134.1,,146.5,,121.0,133.0,,,,,
김강률,2023,2023-09-21,삼성,136.6,,146.7,,123.0,132.7,,,135.0,,
김강률,2023,2023-09-22,삼성,136.1,,146.8,,120.0,131.5,,,135.7,,
김강률,2023,2023-09-24,NC,142.4,,145.6,,,134.5,,,,,
김강률,2023,2023-09-29,LG,138.7,,144.9,,121.3,137.0,,,,,
김강률,2023,2023-09-30,LG,134.7,,146.0,,120.7,134.6,,,132.0,,
김강률,2023,2023-10-08,롯데,138.8,,148.0,,,136.5,,,,,
김강률,2023,2023-10-10,KT,140.8,,148.3,,122.0,134.0,,,,,
김강률,2023,2023-10-13,KIA,139.5,,147.2,,120.0,135.2,,,,,
김강률,2023,2023-10-14,LG,138.1,,143.7,,,132.0,,,136.0,,
김강률,2023,2023-10-19,NC,144.1,,147.5,,,134.0,,,,,
김강률,2022,2022-04-02,한화,138.4,,144.8,,123.8,133.0,,,,,
김강률,2022,2022-04-03,한화,137.3,,148.8,,123.0,,,,,,
김강률,2022,2022-04-07,삼성,137.7,,147.7,,124.5,136.7,,,,,
김강률,2022,2022-04-09,롯데,146.5,,146.5,,,,,,,,
김강률,2022,2022-04-10,롯데,141.6,,147.0,,121.7,134.5,,,,,
김강률,2022,2022-04-12,KT,142.9,,147.6,,122.0,134.5,,,,,
김강률,2022,2022-04-14,KT,136.5,,147.6,,121.8,135.8,,,,,
김강률,2022,2022-04-16,키움,143.0,,146.8,,125.0,134.7,,,,,
김강률,2022,2022-04-20,KIA,140.2,,148.0,,118.0,138.0,,,,,
김강률,2022,2022-04-21,KIA,142.1,,147.8,,121.0,135.5,,,135.0,,
김강률,2022,2022-04-23,LG,142.5,,149.6,,125.0,135.0,,,,,
김강률,2022,2022-04-27,NC,140.3,,146.1,,119.0,134.0,,,,,
김강률,2022,2022-04-29,SSG,145.5,,147.1,,124.0,,,,,,
김강률,2022,2022-05-03,LG,139.4,,148.3,,122.8,137.3,,,,,
김강률,2022,2022-05-04,LG,143.8,,147.3,,121.0,138.0,138.0,,,,
김강률,2022,2022-05-07,KT,142.3,,146.9,,121.0,133.5,,,,,
김강률,2022,2022-05-22,롯데,143.3,,148.9,,121.0,135.7,,,,,
김강률,2022,2022-05-26,한화,138.8,,143.8,,118.7,131.0,,,,,
김강률,2022,2022-05-31,KIA,140.9,,148.3,,125.5,134.0,,,,,
김강률,2022,2022-06-04,삼성,144.9,,149.2,,123.0,136.7,,,,,
김강률,2022,2022-09-20,NC,141.3,,144.2,,123.0,136.0,,,,,
김강률,2022,2022-09-22,키움,141.4,,143.4,,,131.0,,,132.0,,
김강률,2022,2022-09-28,KT,141.3,,142.4,,,131.0,,,,,
김강률,2022,2022-10-01,삼성,139.3,,145.8,,122.0,135.3,,,,,
김강률,2022,2022-10-07,삼성,135.5,,143.3,,117.0,133.0,,,,,
김강률,2022,2022-10-08,키움,137.5,,144.6,,120.0,133.0,,,,,
김강률,2021,2021-04-04,KIA,142.6,,147.9,,122.5,,,,,,
김강률,2021,2021-04-06,삼성,146.3,,146.2,,,,,,,,
김강률,2021,2021-04-07,삼성,143.9,,147.8,,125.0,,,,139.0,,
김강률,2021,2021-04-11,한화,143.9,,147.7,,121.0,,,,,,
김강률,2021,2021-04-14,KT,143.9,,146.8,,123.0,,,,139.0,,
김강률,2021,2021-04-17,LG,145.5,,147.0,,122.0,,,,,,
김강률,2021,2021-04-23,NC,143.0,,147.6,,123.8,,,,138.0,,
김강률,2021,2021-04-24,NC,146.4,,147.8,,122.0,,,,,,
김강률,2021,2021-04-28,키움,145.9,,147.6,,126.5,,,,137.0,,
김강률,2021,2021-05-01,SSG,140.7,,145.3,,123.2,138.7,,,,,
김강률,2021,2021-05-02,SSG,146.5,,148.3,,121.0,139.0,,,,,
김강률,2021,2021-05-08,KIA,143.8,,147.6,,124.0,137.0,,,,,
김강률,2021,2021-05-09,KIA,144.3,,146.3,,,138.2,,,,,
김강률,2021,2021-05-11,키움,143.8,,148.3,,125.5,140.0,,,,,
김강률,2021,2021-05-13,키움,148.0,,148.0,,,,,,,,
김강률,2021,2021-05-14,SSG,141.5,,146.1,,125.5,,,,136.0,,
김강률,2021,2021-05-17,SSG,137.8,,145.6,,123.5,135.5,,,135.7,,
김강률,2021,2021-05-22,롯데,144.1,,146.6,,123.5,136.5,,,,,
김강률,2021,2021-05-23,롯데,145.7,,146.8,,,139.0,,,,,
김강률,2021,2021-05-27,한화,148.4,,150.0,,,139.5,,,,,
김강률,2021,2021-05-30,삼성,147.4,,150.0,,124.0,141.0,,,,,
김강률,2021,2021-06-01,NC,141.7,,147.0,,122.5,138.0,,,141.0,,
김강률,2021,2021-06-27,롯데,138.2,,147.0,,124.0,138.0,,,,,
김강률,2021,2021-08-11,삼성,146.0,,149.4,,123.5,139.0,,,,,
김강률,2021,2021-08-19,KIA,144.1,,149.2,,122.5,140.0,,,,,
김강률,2021,2021-08-24,한화,141.3,,147.6,,122.5,,,,,,
김강률,2021,2021-08-26,NC,143.9,,146.8,,121.0,138.0,,,,,
김강률,2021,2021-08-28,롯데,144.3,,146.6,,,137.6,,,,,
김강률,2021,2021-09-01,KIA,137.4,,144.6,,119.5,,,,,,
김강률,2021,2021-09-05,삼성,150.0,,150.0,,,,,,,,
김강률,2021,2021-09-11,LG,142.8,,148.4,,122.0,137.3,,,,,
김강률,2021,2021-09-12,LG,144.5,,147.5,,124.3,136.7,,,140.0,,
김강률,2021,2021-09-15,KT,143.3,,147.1,,123.0,137.2,,,,,
김강률,2021,2021-09-16,SSG,142.4,,149.8,,124.0,,,,,,
김강률,2021,2021-09-18,키움,144.5,,148.1,,126.0,139.7,,,,,
김강률,2021,2021-09-19,키움,142.1,,149.9,,124.0,140.0,,,141.0,,
김강률,2021,2021-09-23,KIA,146.0,,147.9,,,137.6,,,,,
김강률,2021,2021-09-26,한화,148.1,,148.1,,,,,,,,
김강률,2021,2021-10-01,LG,147.2,,149.3,,,139.7,,,,,
김강률,2021,2021-10-06,한화,138.2,,146.8,,122.0,137.2,,,,,
김강률,2021,2021-10-12,KT,143.2,,149.1,,121.0,137.0,,,,,
김강률,2021,2021-10-13,KT,143.3,,147.1,,123.0,138.0,,,,,
김강률,2021,2021-10-16,KIA,144.8,,147.1,,124.0,,,,,,
김강률,2021,2021-10-17,KIA,144.8,,147.0,,,135.5,,,,,
김강률,2021,2021-10-19,삼성,142.4,,146.9,,123.0,136.5,,,,,
김강률,2021,2021-10-23,LG,142.9,,146.7,,117.0,136.6,,,,,
김강률,2021,2021-10-24,LG,144.6,,146.7,,,137.0,,,,,
김강률,2021,2021-10-27,SSG,139.1,,147.2,,122.2,136.0,,,,,
김강률,2021,2021-10-30,한화,139.0,,147.0,,121.0,134.0,,,,,
김강률,2021,2021-11-01,키움,143.6,,146.8,,,134.3,,,,,
김강률,2021,2021-11-04,LG,143.8,,144.7,,,130.0,,,,,
김강률,2021,2021-11-07,LG,144.4,,149.0,,122.0,135.0,,,,,
김강률,2021,2021-11-09,삼성,144.9,,146.3,,,135.0,,,,,
김강률,2021,2021-11-10,삼성,138.7,,144.5,,122.2,133.3,,,,,
김강률,2021,2021-11-17,KT,138.4,,146.7,,122.7,135.6,,,,,
김강률,2021,2021-11-18,KT,140.1,,146.8,,124.8,137.0,,,,,
김강률,2020,2020-06-09,NC,135.0,,141.4,,118.4,130.0,132.0,,,,
김강률,2020,2020-06-13,한화,138.4,,142.5,,119.5,,131.0,,,,
김강률,2020,2020-06-14,한화,139.4,,143.0,,,,134.0,,,,
김강률,2020,2020-06-16,삼성,138.0,,143.4,,121.0,131.0,,,133.6,,
김강률,2020,2020-06-18,삼성,137.2,,143.2,,120.0,134.7,,,135.3,,
김강률,2020,2020-06-19,LG,142.3,,142.3,,,,,,,,
김강률,2020,2020-06-23,SK,138.0,,142.1,,119.5,134.0,134.0,,132.3,,
김강률,2020,2020-06-25,SK,133.9,,140.6,,118.3,,,,132.0,,
김강률,2020,2020-06-26,NC,141.6,,142.4,,,,,,133.0,,
김강률,2020,2020-07-01,키움,138.5,,141.6,,117.0,,,,133.0,,
김강률,2020,2020-07-03,한화,140.5,,143.1,,,,,,134.5,,
김강률,2020,2020-07-24,LG,142.1,,142.6,,,,,,134.0,,
김강률,2020,2020-07-30,키움,143.5,,145.5,,121.0,136.0,,,138.0,,
김강률,2020,2020-08-02,NC,138.8,,142.4,,118.3,,,,135.0,,
김강률,2020,2020-08-07,롯데,136.9,,142.8,,120.0,,,,135.0,,
김강률,2020,2020-08-12,삼성,135.1,,146.3,,123.9,,,,,,
김강률,2020,2020-08-13,삼성,136.9,,142.0,,123.3,,,,,,
김강률,2020,2020-08-14,KT,132.8,,143.8,,121.7,,,,133.0,,
김강률,2020,2020-08-16,KT,131.0,,146.0,,123.5,,,,,,
김강률,2020,2020-09-17,KT,141.5,,143.6,,124.0,,,,135.0,,
김강률,2020,2020-09-20,LG,140.9,,145.2,,124.0,136.0,,,,,
김강률,2020,2020-09-22,한화,141.3,,145.6,,123.0,,,,135.5,,
김강률,2020,2020-09-27,키움,143.5,,146.8,,126.0,131.0,,,140.2,,
김강률,2020,2020-10-01,한화,135.6,,143.8,,121.6,,,,134.0,,
김강률,2020,2020-10-04,KIA,144.1,,147.2,,124.0,,,,,,
김강률,2020,2020-10-08,SK,142.7,,145.1,,123.0,,,,,,
김강률,2020,2020-10-10,KT,140.6,,144.4,,119.8,,,,131.4,,
김강률,2020,2020-10-13,한화,142.0,,146.0,,124.0,,,,,,
김강률,2020,2020-10-16,키움,135.7,,145.1,,119.2,,,,,,
김강률,2020,2020-10-22,KT,139.9,,143.7,,122.0,,,,,,
김강률,2020,2020-11-12,KT,142.7,,146.4,,119.0,,,,137.0,,
김강률,2020,2020-11-20,NC,137.6,,143.9,,121.5,,,,135.2,,
김강률,2020,2020-11-21,NC,138.6,,144.8,,120.0,,,,136.7,,
김대현,2024,2024-04-07,KT,143.9,,145.8,,,,,,135.5,,
김대현,2024,2024-04-11,KIA,140.0,,146.6,,,133.0,,,134.8,,
김대현,2024,2024-04-13,두산,142.5,,146.3,,,134.5,,,134.0,,
김대현,2024,2024-04-14,두산,140.8,,146.8,,,,,,133.6,,
김대현,2024,2024-04-18,롯데,143.4,,147.9,,,132.7,,,136.8,,
김대현,2024,2024-04-21,SSG,139.0,,147.7,,,137.0,,,134.0,,
김대현,2024,2024-04-23,삼성,138.5,,141.4,,,124.0,,,,,
김대현,2024,2024-04-24,삼성,135.8,,143.8,,,128.8,,,133.0,,
김대현,2024,2024-04-26,KIA,138.0,,145.4,,,126.0,,,131.4,,
김대현,2024,2024-04-27,KIA,136.0,,145.6,,,127.0,,,129.5,,
김대현,2024,2024-05-02,NC,141.2,,145.9,,,,,,132.2,,
김대현,2024,2024-05-07,SSG,140.9,,145.5,,,129.0,,,135.2,,
김대현,2024,2024-05-10,롯데,137.4,,144.8,,,121.0,,,131.0,,
김대현,2024,2024-05-12,롯데,135.2,,143.7,,,123.0,,,129.7,,
김대현,2024,2024-05-14,키움,139.0,,147.0,,,,,,131.0,,
김대현,2024,2024-05-16,키움,138.3,,144.4,,,126.5,,,130.5,,
김대현,2024,2024-05-17,KT,134.7,,141.0,,,,,,129.1,,
김대현,2024,2024-05-22,한화,134.4,,143.2,,,123.2,,,127.4,,
김대현,2024,2024-05-24,NC,143.1,,145.4,,,,,,127.0,,
김대현,2024,2024-05-25,NC,140.5,,145.6,,,127.5,,,129.0,,
김대현,2024,2024-05-29,SSG,146.6,,148.6,,,,,,134.5,,
김대현,2024,2024-05-30,SSG,139.4,,146.8,,,130.0,,,132.2,,
김대현,2024,2024-06-01,두산,134.3,,144.8,,,128.8,,,129.3,,
김대현,2024,2024-06-02,두산,139.3,,145.8,,,131.0,,,130.3,,
김대현,2024,2024-06-05,키움,139.2,,143.5,,,,,,130.7,,
김대현,2024,2024-06-07,KT,135.8,,145.1,,,129.0,,,131.5,,
김대현,2024,2024-06-09,KT,138.9,,144.1,,,129.0,,,129.3,,
김대현,2024,2024-06-15,롯데,139.3,,146.5,,,128.0,,,131.9,,
김대현,2024,2024-06-16,롯데,138.5,,143.5,,,126.0,,,131.4,,
김대현,2024,2024-06-21,KT,139.4,,145.0,,,128.5,,,128.0,,
김대현,2024,2024-06-23,KT,135.4,,144.0,,,128.5,,,129.0,,
김대현,2024,2024-06-27,삼성,133.6,,143.5,,,125.4,,,127.3,,
김대현,2024,2024-06-30,NC,142.0,,142.0,,,,,,,,
김대현,2024,2024-07-25,롯데,132.4,,142.0,,,126.0,,,128.5,,
김대현,2024,2024-07-28,한화,143.5,,143.5,,,,,,,,
김대현,2024,2024-09-25,한화,142.4,,147.0,,,133.5,,,128.0,,
김대현,2024,2024-09-28,삼성,143.6,,145.7,,,131.0,,,,,
김대현,2024,2024-10-13,삼성,138.3,,144.5,,,130.0,,,127.5,,
김대현,2023,2023-05-16,KT,142.9,,148.7,,,136.0,,,136.5,,
김대현,2023,2023-05-28,KIA,141.4,145.0,147.6,,124.0,,,,,,
김대현,2023,2023-09-28,삼성,136.5,,146.0,,,130.4,,,129.0,,
김대현,2023,2023-09-30,두산,130.7,,142.5,,,129.0,,,127.0,,
김대현,2023,2023-10-02,KT,139.7,,144.4,,,134.7,,,131.0,,
김대현,2021,2021-04-24,한화,135.8,,143.2,,,126.1,,,124.0,,
김대현,2021,2021-04-28,롯데,139.7,,142.5,,,134.0,,,,,
김대현,2021,2021-04-30,삼성,135.6,,143.0,,117.0,130.5,,,129.0,,
김대현,2021,2021-05-01,삼성,136.7,,142.0,,,129.0,,,131.0,,
김대현,2020,2020-05-08,NC,132.2,140.0,140.1,,118.0,127.8,,,125.9,,
김대현,2020,2020-05-20,삼성,134.4,,141.9,,,130.0,,,129.2,,
김대현,2020,2020-05-22,KT,134.6,143.0,143.0,,,131.0,,,,,
김대현,2020,2020-05-24,KT,135.8,143.0,143.5,,,131.7,,,129.0,,
김대현,2020,2020-05-29,KIA,136.0,143.0,143.0,,122.0,129.8,,,125.0,,
김대현,2020,2020-05-31,KIA,139.8,,140.9,,,,,,122.0,,
김대현,2020,2020-06-03,삼성,137.9,,144.9,,,130.9,,,128.7,,
김대현,2020,2020-06-05,키움,136.1,140.0,140.0,,,128.3,,,,,
김대현,2020,2020-06-11,SK,133.7,,142.0,,,129.5,,,,,
김대현,2020,2020-06-12,롯데,132.2,,144.0,,,130.7,,,125.0,,
김대현,2020,2020-06-14,롯데,139.6,,142.8,,,,,,127.0,,
김대현,2020,2020-06-17,한화,137.0,,143.1,,,128.9,,,127.0,,
김대현,2020,2020-06-19,두산,137.5,,142.6,,,129.5,,,127.7,,
김대현,2020,2020-06-21,두산,134.1,,142.9,,,129.0,,,126.2,,
김대현,2020,2020-06-25,키움,136.0,,144.6,,,130.9,,,127.0,,
김대현,2020,2020-06-28,SK,130.7,,141.0,,,126.0,,,125.0,,
김대현,2020,2020-06-30,KT,131.2,,141.8,,,126.2,,,128.0,,
김대현,2020,2020-07-02,KT,140.0,,145.5,,,132.6,,,125.0,,
김대현,2020,2020-07-04,삼성,135.8,,143.9,,,128.2,,,126.8,,
김대현,2020,2020-07-05,삼성,137.7,,142.7,,,127.8,,,,,
김대현,2020,2020-07-08,두산,137.9,,143.2,,,128.5,,,125.0,,
김대현,2020,2020-07-11,NC,139.7,,144.6,,,127.8,,,129.0,,
김대현,2020,2020-07-15,롯데,135.8,,142.6,,,131.0,,,,,
김대현,2020,2020-07-19,한화,138.3,,144.8,,,132.0,,,131.5,,
김대현,2020,2020-07-21,KT,136.5,,142.0,,,131.0,,,,,
김대현,2020,2020-08-18,KIA,133.3,,141.2,,,126.1,,,123.0,,
김대현,2020,2020-08-24,한화,134.7,,141.6,,,129.1,,,126.2,,
김대현,2020,2020-08-28,KT,124.5,,,,,,,,124.5,,
김대현,2020,2020-09-04,NC,137.0,,143.2,,,126.8,,,127.9,,
김대현,2020,2020-09-07,롯데,138.6,,144.2,,,126.5,,,128.0,,
김대현,2020,2020-09-11,키움,141.1,,143.8,,,130.5,,,,,
김대현,2020,2020-09-13,삼성,137.9,144.0,143.5,,,127.8,,,128.5,,
김대현,2020,2020-09-20,두산,134.5,,142.0,,,126.5,,,127.3,,
김영준,2024,2024-06-16,롯데,135.1,,142.2,,117.5,131.2,131.8,,131.0,,
김영준,2024,2024-06-28,NC,140.0,,145.4,,,130.8,,,134.2,,
김영준,2024,2024-07-03,키움,139.5,,142.2,,,134.6,,,,,
김영준,2024,2024-07-09,KIA,136.3,,141.2,,,133.6,,,130.5,,
김영준,2024,2024-07-11,KIA,135.3,,141.4,,114.0,133.0,,,,,
김영준,2024,2024-07-25,롯데,136.7,,143.6,,,131.4,131.4,,,,
김영준,2024,2024-07-28,한화,136.6,,143.4,,119.0,134.0,,,,,
김영준,2024,2024-07-30,삼성,133.5,,142.2,,115.5,131.1,,,,,
김영준,2024,2024-08-01,삼성,137.8,,143.2,,121.0,136.1,,,,,
김영준,2024,2024-08-07,두산,134.7,,142.3,135.0,118.3,131.0,,,,,
김영준,2024,2024-08-08,두산,137.3,,142.8,135.8,119.0,135.0,133.0,,,,
김영준,2024,2024-08-10,NC,137.6,,142.7,,117.0,133.8,,,,,
김영준,2024,2024-08-14,한화,137.3,,142.9,,118.5,134.2,126.0,,,,
김영준,2024,2024-08-17,KIA,137.0,,141.3,,117.5,133.0,,,,,
김영준,2023,2023-04-12,롯데,139.8,,143.3,,,129.0,,,,,
김영준,2022,2022-10-02,NC,131.7,,139.8,,118.8,129.5,130.1,,132.5,,
김영준,2022,2022-10-08,롯데,133.9,,141.4,,121.4,131.5,129.0,,133.5,,
김유영,2024,2024-03-24,한화,132.8,,141.4,,119.0,127.7,126.0,,,,
김유영,2024,2024-03-28,삼성,134.3,,141.1,,121.0,131.2,,,,,
김유영,2024,2024-03-31,키움,134.6,,142.2,,123.0,132.4,,,,,
김유영,2024,2024-04-04,NC,132.5,,140.8,,119.7,130.9,130.8,,,,
김유영,2024,2024-04-07,KT,138.9,,142.5,,,131.7,,,,,
김유영,2024,2024-04-11,KIA,138.2,,143.0,,,130.4,,,,,
김유영,2024,2024-04-18,롯데,139.4,,142.8,,,132.6,132.0,,,,
김유영,2024,2024-04-21,SSG,135.4,,143.6,,,132.0,129.0,,,,
김유영,2024,2024-04-25,삼성,131.8,,140.9,,,128.4,,,,,
김유영,2024,2024-04-27,KIA,133.9,,142.0,,,129.8,131.3,,,,
김유영,2024,2024-05-01,NC,140.3,,144.0,,,131.0,,,,,
김유영,2024,2024-05-02,NC,137.3,,144.3,,,133.4,133.5,,,,
김유영,2024,2024-05-04,두산,133.1,,142.0,,,129.4,132.0,,,,
김유영,2024,2024-05-07,SSG,133.2,,141.9,,124.0,129.5,133.0,,,,
김유영,2024,2024-05-08,SSG,129.0,,141.0,,,125.6,,,,,
김유영,2024,2024-05-11,롯데,137.7,,143.7,,,131.8,131.0,,,,
김유영,2024,2024-05-12,롯데,131.3,,141.8,,,128.0,129.5,,,,
김유영,2024,2024-05-16,키움,133.3,,143.4,,,128.7,,,,,
김유영,2024,2024-05-17,KT,133.8,,140.9,,,130.0,130.0,,,,
김유영,2024,2024-05-19,KT,132.0,,141.6,,,127.7,126.0,,,,
김유영,2024,2024-05-22,한화,138.8,,141.2,,,131.5,,,,,
김유영,2024,2024-05-24,NC,135.0,,142.2,,,127.8,,,,,
김유영,2024,2024-05-28,SSG,135.6,,142.0,,,127.6,,,,,
김유영,2024,2024-05-31,두산,138.4,,142.2,,,128.0,128.0,,,,
김유영,2024,2024-06-02,두산,129.4,,142.0,,,126.2,,,,,
김유영,2024,2024-06-04,키움,134.2,,141.7,,,127.0,127.7,,,,
김유영,2024,2024-06-07,KT,132.8,,141.0,,,126.0,,,,,
김유영,2024,2024-06-08,KT,136.0,,138.6,,,127.0,,,,,
김유영,2024,2024-06-11,삼성,130.4,,140.3,,120.6,127.8,127.2,,,,
김유영,2024,2024-06-15,롯데,133.9,,141.8,,123.0,131.8,127.3,,,,
김유영,2024,2024-06-16,롯데,130.3,,138.8,,122.0,128.0,124.5,,,,
김유영,2024,2024-06-20,KIA,135.5,,141.2,,,128.8,129.0,,,,
김유영,2024,2024-06-21,KT,134.8,,141.5,,,131.5,,,,,
김유영,2024,2024-06-23,KT,129.6,,138.0,,122.0,129.5,,,,,
김유영,2024,2024-07-19,두산,133.1,,141.1,,,126.9,,,,,
김유영,2024,2024-07-23,롯데,135.2,,141.2,,,130.4,,,,,
김유영,2024,2024-07-25,롯데,133.3,,141.5,,,129.0,127.5,,,,
김유영,2024,2024-07-28,한화,131.5,,138.8,,,127.5,,,,,
김유영,2024,2024-08-01,삼성,132.1,,140.4,,122.2,129.0,,,,,
김유영,2024,2024-08-06,두산,131.8,,140.2,,,128.6,127.5,,,,
김유영,2024,2024-08-08,두산,132.2,,141.3,,,129.2,127.5,,,,
김유영,2024,2024-08-09,NC,133.3,,140.8,,121.0,128.6,,,,,
김유영,2024,2024-08-10,NC,133.8,,141.3,,,128.2,128.0,,,,
김유영,2024,2024-08-14,한화,132.4,,140.0,,,129.1,125.0,,,,
김유영,2024,2024-08-18,KIA,132.9,,139.7,,,129.1,125.5,,,,
김유영,2024,2024-08-20,SSG,131.3,,139.0,,,127.5,,,,,
김유영,2024,2024-08-21,SSG,129.0,,138.5,,,125.8,,,,,
김유영,2024,2024-08-23,키움,131.6,,139.6,,123.8,130.5,,,,,
김유영,2024,2024-09-04,SSG,131.3,,140.4,,122.0,128.8,128.7,,,,
김유영,2024,2024-09-14,NC,131.8,,144.0,,,127.0,129.0,,,,
김유영,2024,2024-09-21,두산,135.2,,141.3,,,127.5,127.0,,,,
김유영,2024,2024-09-25,한화,134.5,,142.0,,,130.0,121.0,,,,
김유영,2024,2024-09-28,삼성,132.0,,137.8,,,126.5,120.0,,,,
김유영,2024,2024-10-13,삼성,131.9,,138.2,,,128.4,,,,,
김유영,2024,2024-10-15,삼성,135.8,,140.3,,,129.0,,,,,
김유영,2022,2022-04-02,키움,139.3,,143.5,,,129.5,132.0,,,,
김유영,2022,2022-04-03,키움,141.7,,145.7,,,132.8,,,,,
김유영,2022,2022-04-07,NC,140.0,,147.0,,,133.0,,,,,
김유영,2022,2022-04-09,두산,133.6,,145.0,,,131.8,129.0,,,,
김유영,2022,2022-04-10,두산,136.1,,144.2,,,132.8,,,,,
김유영,2022,2022-04-12,KIA,135.6,,147.5,,,134.3,131.0,,,,
김유영,2022,2022-04-14,KIA,138.4,,146.0,,,134.9,134.0,,,,
김유영,2022,2022-04-21,한화,134.2,,141.9,,,131.6,128.0,,,,
김유영,2022,2022-04-23,삼성,137.1,,143.0,,,131.1,,,,,
김유영,2022,2022-04-24,삼성,138.4,,144.3,,,133.2,134.0,,,,
김유영,2022,2022-04-27,SSG,139.6,,146.0,,,134.5,124.0,,,,
김유영,2022,2022-04-29,LG,139.2,,144.3,,,132.4,,,,,
김유영,2022,2022-05-01,LG,139.8,,144.7,,,132.7,,,,,
김유영,2022,2022-05-03,KT,134.1,,141.8,,,131.4,,,,,
김유영,2022,2022-05-06,삼성,138.1,,144.7,,,133.2,,,,,
김유영,2022,2022-05-07,삼성,138.0,,144.0,,,132.5,128.5,,,,
김유영,2022,2022-05-08,삼성,140.6,,142.5,,,133.0,,,,,
김유영,2022,2022-05-11,NC,138.0,,142.6,,,134.2,,,,,
김유영,2022,2022-05-14,한화,141.7,,144.8,,,134.5,129.0,,,,
김유영,2022,2022-05-17,KIA,138.5,,141.8,,,133.0,,,,,
김유영,2022,2022-05-18,KIA,137.9,,143.0,,,133.7,130.0,,,,
김유영,2022,2022-05-19,KIA,137.9,,142.4,,,132.2,,,,,
김유영,2022,2022-05-24,SSG,144.0,,144.0,,,,,,,,
김유영,2022,2022-05-26,SSG,138.3,,143.4,,,132.0,,,,,
김유영,2022,2022-05-27,키움,137.7,,142.0,,,132.2,,,,,
김유영,2022,2022-06-02,LG,139.8,,145.1,,,135.2,130.0,,,,
김유영,2022,2022-06-04,NC,138.4,,143.9,,,135.7,127.3,,,,
김유영,2022,2022-06-07,삼성,138.8,,140.6,,,132.5,,,,,
김유영,2022,2022-06-09,삼성,136.4,,142.1,,,132.9,128.5,,,,
김유영,2022,2022-06-16,한화,135.5,,141.8,,,131.0,126.5,,,,
김유영,2022,2022-06-17,SSG,135.6,,143.0,,,133.8,,,,,
김유영,2022,2022-06-19,SSG,134.0,,142.5,,,132.6,127.0,,,,
김유영,2022,2022-06-22,KIA,140.0,,144.6,,,134.0,130.3,,,,
김유영,2022,2022-06-23,KIA,138.2,,145.0,,,135.3,,,,,
김유영,2022,2022-06-25,키움,135.0,,140.6,,,130.9,127.5,,,,
김유영,2022,2022-07-01,LG,137.7,,143.0,,,127.0,,,,,
김유영,2022,2022-07-02,LG,137.4,,142.7,,,131.2,128.0,,,,
김유영,2022,2022-07-06,SSG,136.8,,141.2,,,132.2,,,,,
김유영,2022,2022-07-07,SSG,137.1,,140.7,,,128.7,,,,,
김유영,2022,2022-07-14,한화,134.9,,141.6,,,130.1,,,,,
김유영,2022,2022-07-22,KIA,141.1,,143.3,,,134.3,,,,,
김유영,2022,2022-07-23,KIA,136.4,,143.5,,,131.0,,,,,
김유영,2022,2022-07-27,두산,138.1,,144.0,,,133.0,130.0,,,,
김유영,2022,2022-07-30,삼성,136.1,,141.5,,,129.0,,,,,
김유영,2022,2022-07-31,삼성,134.7,,140.1,,,129.5,127.3,,,,
김유영,2022,2022-08-02,LG,132.8,,140.3,,,129.1,128.0,,,,
김유영,2022,2022-08-03,LG,134.1,,140.7,,,129.2,,,,,
김유영,2022,2022-08-05,NC,135.1,,142.1,,,129.7,130.5,,,,
김유영,2022,2022-08-07,NC,132.6,,142.4,,121.5,130.1,128.0,,,,
김유영,2022,2022-08-10,키움,131.3,,143.0,,121.2,133.2,,,,,
김유영,2022,2022-08-11,키움,135.7,,144.3,,123.3,133.1,,,,,
김유영,2022,2022-08-14,KIA,138.8,,144.3,,118.0,133.2,133.0,,,,
김유영,2022,2022-08-19,KT,139.2,,142.3,,,133.0,129.0,,,,
김유영,2022,2022-08-20,한화,134.5,,139.0,,,130.0,,,,,
김유영,2022,2022-08-26,삼성,137.5,,144.6,,122.0,132.4,,,,,
김유영,2022,2022-08-27,SSG,135.8,,144.2,,123.3,131.6,130.8,,,,
김유영,2022,2022-08-30,키움,135.0,,145.2,,128.0,131.0,131.7,,,,
김유영,2022,2022-09-04,LG,135.0,,143.7,,123.0,131.9,130.0,,,,
김유영,2022,2022-09-09,삼성,137.6,,143.1,,,133.1,134.0,,,,
김유영,2022,2022-09-11,NC,135.5,,142.8,,126.0,131.9,133.0,,,,
김유영,2022,2022-09-13,SSG,134.8,,144.5,,124.8,132.9,132.5,,,,
김유영,2022,2022-09-15,키움,130.6,,142.5,,122.0,131.5,,,,,
김유영,2022,2022-09-18,KT,131.0,,143.0,,123.0,135.0,,,,,
김유영,2022,2022-09-21,한화,137.0,,143.5,,123.3,132.2,132.0,,,,
김유영,2022,2022-09-23,LG,137.0,,147.2,,125.7,135.8,,,,,
김유영,2022,2022-09-24,키움,134.6,,144.3,,,131.5,130.0,,,,
김유영,2022,2022-10-03,두산,134.9,,144.0,,124.0,133.0,,,,,
김유영,2022,2022-10-05,NC,135.8,,143.2,,,131.5,131.0,,,,
김유영,2021,2021-04-07,NC,138.3,,141.4,,,132.5,128.0,,,,
김유영,2021,2021-05-05,KIA,136.7,,143.2,,,131.8,132.3,,,,
김유영,2021,2021-05-07,삼성,140.3,,146.0,,,134.5,,,,,
김유영,2021,2021-05-08,삼성,136.0,,143.2,,,130.7,125.0,,,,
김유영,2021,2021-05-12,SSG,135.7,,143.1,,,129.1,,,,,
김유영,2021,2021-05-13,SSG,144.0,,144.0,,,,,,,,
김유영,2021,2021-05-14,KT,136.0,,141.5,,,129.7,129.0,,,,
김유영,2021,2021-09-11,키움,139.5,,144.0,,,135.0,,,,,
김유영,2021,2021-09-12,키움,137.1,,142.7,,121.0,132.8,,,,,
김유영,2021,2021-09-14,KIA,142.1,,145.8,,,134.8,,,,,
김유영,2021,2021-09-18,한화,137.2,,142.7,,,132.5,138.0,,,,
김유영,2021,2021-09-22,삼성,136.7,,142.4,,,132.0,130.0,,,,
김유영,2021,2021-09-24,SSG,133.9,,142.0,,120.0,132.2,,,,,
김유영,2021,2021-09-25,키움,138.4,,144.6,,,133.3,137.0,,,,
김유영,2021,2021-10-02,NC,136.7,,140.0,,,130.0,,,,,
김유영,2021,2021-10-03,NC,135.4,,144.5,,,131.0,135.0,,,,
김유영,2021,2021-10-05,KIA,134.6,,145.3,,123.0,132.7,137.0,,,,
김유영,2021,2021-10-06,KIA,138.4,,143.2,,,132.0,,,,,
김유영,2021,2021-10-08,두산,139.5,,142.2,,,132.0,,,,,
김유영,2021,2021-10-13,LG,133.8,,143.2,,122.3,131.2,132.0,,,,
김유영,2021,2021-10-14,LG,135.0,,142.9,,123.3,132.2,130.5,,,,
김유영,2021,2021-10-16,SSG,133.4,,143.7,,124.0,133.6,132.3,,,,
김유영,2021,2021-10-23,한화,134.7,,140.8,,122.3,131.1,,,,,
김유영,2021,2021-10-24,한화,131.5,,142.0,,122.0,130.8,,,,,
김유영,2021,2021-10-27,KIA,136.5,,143.0,,,130.0,,,,,
김유영,2021,2021-10-29,LG,134.3,,144.5,,116.5,131.1,,,,,
김유영,2020,2020-06-30,NC,138.0,,143.0,,,,133.0,,,,
김유영,2020,2020-07-01,NC,139.3,,143.8,,,131.0,131.2,,,,
김유영,2020,2020-07-02,NC,138.4,,144.5,,,132.2,,,,,
김유영,2020,2020-07-18,삼성,131.5,,,,,131.5,,,,,
김유영,2020,2020-07-21,SK,136.0,,142.2,,,131.8,128.0,,,,
김유영,2020,2020-07-25,키움,139.4,,140.4,,,129.0,,,,,
김유영,2020,2020-07-26,키움,137.7,,141.8,,,130.7,130.0,,,,
김유영,2020,2020-10-24,두산,137.2,,144.5,,,132.3,,,,,
김유영,2020,2020-10-25,KT,128.5,,,,,128.5,,,,,
김유영,2020,2020-10-28,NC,144.1,,144.1,,,,,,,,
김유영,2020,2020-10-29,NC,135.8,,143.8,,,131.4,132.7,,,,
김유영,2020,2020-10-30,KIA,138.1,,145.2,,,133.0,,,,,
김주온,2024,2024-05-03,NC,138.3,143.5,,,,132.7,,,,,
김주온,2024,2024-05-19,키움,137.6,146.0,145.0,,123.3,135.5,,,,,
김주온,2023,2023-08-25,두산,137.5,146.0,,,,136.1,,,,,
김주온,2022,2022-05-01,두산,141.8,,145.1,,,130.0,,,,,
김주온,2022,2022-06-03,LG,137.5,,147.0,,,129.9,,,,,
김주온,2022,2022-06-04,LG,138.0,,146.0,,,131.6,,,,,
김주온,2022,2022-06-10,한화,137.7,,148.3,,,130.6,,,,,
김주온,2022,2022-06-21,두산,141.5,,145.1,,,131.8,,,,,
김주온,2021,2021-09-14,한화,141.0,,148.1,,127.0,134.4,,,,,
김주온,2021,2021-09-17,두산,146.8,,149.0,,,137.2,,,,,
김주온,2020,2020-05-07,한화,138.6,,146.8,,,128.2,,,,,
김주온,2020,2020-05-10,롯데,139.9,,147.4,,,128.5,,,,,
김주온,2020,2020-05-14,LG,141.7,,146.2,,,130.2,136.0,,,,
김주온,2020,2020-05-16,NC,140.5,,147.0,,,129.0,,,,,
김주온,2020,2020-05-17,NC,140.1,,144.7,,,127.0,134.0,,,,
김주온,2020,2020-05-21,키움,144.0,,144.0,,,,,,,,
김주온,2020,2020-05-22,KIA,137.0,,144.5,,,128.0,,,,,
김주온,2020,2020-06-03,NC,139.7,,143.2,,,126.5,,,,,
김주온,2020,2020-06-04,NC,137.7,,142.0,,,124.7,132.0,,,,
김주온,2020,2020-06-12,KIA,140.1,,143.2,,,130.7,,,,,
김주온,2020,2020-07-10,한화,140.2,,147.3,,,127.4,,,,,
김주온,2020,2020-07-15,두산,140.1,,145.3,,,129.5,,,,,
김주온,2020,2020-07-16,두산,136.5,,144.2,,,128.2,,,,,
김주온,2020,2020-07-28,LG,137.8,,144.2,,,126.5,,,,,
김주온,2020,2020-08-11,KT,133.9,,140.9,,,126.1,131.0,,,,
김주온,2020,2020-08-15,KIA,147.9,,147.9,,,,,,,,
김주온,2020,2020-08-16,KIA,141.6,,146.7,,,129.9,133.4,,,,
김주온,2020,2020-08-19,한화,139.5,,143.9,,,128.0,,,,,
김주온,2020,2020-08-20,삼성,139.8,,145.8,,,130.4,,,,,
김주온,2020,2020-08-23,두산,141.0,,145.3,,,129.0,,,,,
김주온,2020,2020-08-28,KIA,140.4,,144.1,,,129.0,134.0,,,,
김주온,2020,2020-08-29,NC,141.2,,144.9,,,128.2,,,,,
김주온,2020,2020-09-01,LG,138.5,,144.3,,,127.5,131.0,,,,
김주온,2020,2020-09-04,KT,139.9,,144.5,,,129.1,,,,,
김주온,2020,2020-09-06,두산,138.9,,143.2,,,128.2,128.0,,,,
김주온,2020,2020-09-26,삼성,140.1,,144.8,,,128.5,,,,,
김주온,2020,2020-09-30,NC,140.9,,145.0,,,130.0,130.0,,,,
김주온,2020,2020-10-02,키움,135.8,,143.2,,,127.1,130.0,,,,
김주온,2020,2020-10-08,두산,138.3,,141.5,,,127.1,,,,,
김진성,2024,2024-03-23,한화,133.4,,140.0,,,,,,125.2,,
김진성,2024,2024-03-24,한화,135.1,,141.0,,,,,,125.6,,
김진성,2024,2024-03-27,삼성,129.1,,141.0,,,,,,122.3,,
김진성,2024,2024-03-29,키움,130.1,,139.2,,,,,,123.0,,
김진성,2024,2024-03-31,키움,129.2,,138.8,,,,,,123.1,,
김진성,2024,2024-04-02,NC,129.6,,140.4,,,,,,123.3,,
김진성,2024,2024-04-04,NC,129.8,,139.4,,,,,,123.2,,
김진성,2024,2024-04-05,KT,133.9,,138.8,,,,,,124.0,,
김진성,2024,2024-04-07,KT,132.4,,139.3,,,130.0,,,123.2,,
김진성,2024,2024-04-10,KIA,133.9,,140.1,,,,,,123.1,,
김진성,2024,2024-04-13,두산,132.1,,140.1,,,,,,125.0,,
김진성,2024,2024-04-25,삼성,133.0,,138.8,,,,,,123.4,,
김진성,2024,2024-04-26,KIA,129.8,,140.8,,,,,,122.5,,
김진성,2024,2024-04-28,KIA,127.3,,140.0,,,,,,124.8,,
김진성,2024,2024-05-02,NC,133.3,,142.6,,,,,,126.7,,
김진성,2024,2024-05-04,두산,130.0,,138.8,,,,,,123.4,,
김진성,2024,2024-05-08,SSG,131.5,,141.6,,,,,,124.5,,
김진성,2024,2024-05-09,SSG,130.0,,141.0,,,,,,124.5,,
김진성,2024,2024-05-11,롯데,132.9,,140.2,,,,,,123.2,,
김진성,2024,2024-05-12,롯데,131.9,,139.8,,,,,,124.1,,
김진성,2024,2024-05-16,키움,130.2,,141.3,,,128.0,,,123.7,,
김진성,2024,2024-05-17,KT,129.3,,140.2,,,,,,124.9,,
김진성,2024,2024-05-18,KT,127.4,,140.0,,,,,,123.2,,
김진성,2024,2024-05-22,한화,131.3,,138.9,,,,,,124.6,,
김진성,2024,2024-05-23,한화,133.0,,138.4,,,,,,124.6,,
김진성,2024,2024-05-26,NC,134.3,,141.2,,,,,,125.9,,
김진성,2024,2024-05-31,두산,135.7,,141.9,,,,,,125.9,,
김진성,2024,2024-06-01,두산,131.0,,141.2,,,,,,123.7,,
김진성,2024,2024-06-05,키움,131.7,,140.3,,,,,,123.0,,
김진성,2024,2024-06-06,키움,132.6,,141.2,,,,,,124.0,,
김진성,2024,2024-06-11,삼성,131.3,,140.5,,,,,,123.4,,
김진성,2024,2024-06-12,삼성,129.4,,139.0,,,,,,122.2,,
김진성,2024,2024-06-14,롯데,135.6,,142.6,,,,,,126.8,,
김진성,2024,2024-06-15,롯데,130.4,,140.7,,,,,,123.5,,
김진성,2024,2024-06-19,KIA,133.9,,142.3,,,,,,125.4,,
김진성,2024,2024-06-20,KIA,132.1,,141.1,,,,,,124.5,,
김진성,2024,2024-06-23,KT,133.1,,141.3,,,,,,125.0,,
김진성,2024,2024-06-26,삼성,132.7,,141.4,,,,,,125.4,,
김진성,2024,2024-06-30,NC,133.4,,141.5,,,,,,127.5,,
김진성,2024,2024-07-02,키움,132.9,,140.9,,,,,,123.7,,
김진성,2024,2024-07-04,키움,136.2,,140.4,,,,,,121.5,,
김진성,2024,2024-07-10,KIA,129.8,,140.7,,,,,,125.1,,
김진성,2024,2024-07-12,한화,132.4,,139.6,,,,,,125.9,,
김진성,2024,2024-07-13,한화,127.8,,139.0,,,,,,124.0,,
김진성,2024,2024-07-14,한화,132.2,,138.2,,,,,,124.8,,
김진성,2024,2024-07-17,SSG,126.7,,140.0,,,,,,123.3,,
김진성,2024,2024-07-21,두산,132.1,,140.5,,,,,,125.9,,
김진성,2024,2024-08-03,롯데,134.4,,141.6,,,,,,125.5,,
김진성,2024,2024-08-06,두산,134.1,,141.1,,,131.0,,,125.4,,
김진성,2024,2024-08-08,두산,134.1,,141.2,,,,,,127.0,,
김진성,2024,2024-08-09,NC,135.1,,140.2,,,,,,126.0,,
김진성,2024,2024-08-11,NC,133.9,,140.6,,,,,,125.7,,
김진성,2024,2024-08-13,한화,132.3,,138.8,,,,,,122.5,,
김진성,2024,2024-08-14,한화,128.0,,137.9,,,,,,123.1,,
김진성,2024,2024-08-16,KIA,132.7,,140.7,,,,,,125.9,,
김진성,2024,2024-08-20,SSG,132.6,,142.6,,,,,,125.6,,
김진성,2024,2024-08-23,키움,131.1,,139.3,,,,,,123.9,,
김진성,2024,2024-08-25,키움,135.4,,141.2,,,,,,125.3,,
김진성,2024,2024-08-27,KT,134.3,,142.3,,,,,,126.3,,
김진성,2024,2024-08-28,KT,135.3,,141.8,,,,,,124.0,,
김진성,2024,2024-09-05,SSG,131.0,,142.6,,,,,,127.4,,
김진성,2024,2024-09-07,한화,133.5,,140.8,,,,,,124.0,,
김진성,2024,2024-09-10,롯데,130.5,,142.7,,,,,,126.4,,
김진성,2024,2024-09-11,키움,127.3,,143.0,,,,,,125.4,,
김진성,2024,2024-09-14,NC,129.8,,140.5,,,,,,124.5,,
김진성,2024,2024-09-17,롯데,131.6,,139.0,,,,,,123.4,,
김진성,2024,2024-09-18,롯데,127.3,,139.3,,,,,,124.3,,
김진성,2024,2024-09-21,두산,131.6,,140.0,,,128.0,,,123.8,,
김진성,2024,2024-09-22,두산,131.4,,141.2,,,,,,126.0,,
김진성,2024,2024-09-24,SSG,136.7,,141.4,,,,,,125.0,,
김진성,2024,2024-09-26,키움,132.1,,141.8,,,,,,126.0,,
김진성,2024,2024-10-05,KT,132.5,,140.8,,,,,,127.9,,
김진성,2024,2024-10-06,KT,131.4,,141.0,,,,,,125.9,,
김진성,2024,2024-10-09,KT,134.3,,142.2,,,133.5,,,126.5,,
김진성,2024,2024-10-13,삼성,130.1,,140.2,,,,,,123.3,,
김진성,2024,2024-10-15,삼성,133.9,,141.9,,,,,,127.0,,
김진성,2024,2024-10-19,삼성,131.8,,142.0,,,135.5,,,126.1,,
김진성,2023,2023-04-02,KT,141.2,,144.9,,,,,,128.5,,
김진성,2023,2023-04-06,키움,141.8,,144.5,,,,,,128.5,,
김진성,2023,2023-04-08,삼성,134.3,,141.0,,,,,,125.4,,122.0
김진성,2023,2023-04-09,삼성,130.0,,142.0,,,,,,126.0,,
김진성,2023,2023-04-12,롯데,133.8,,143.1,,,,,,125.3,,
김진성,2023,2023-04-15,두산,139.1,,143.4,,,,,,127.7,,
김진성,2023,2023-04-16,두산,136.1,,143.0,,,,,,126.1,,
김진성,2023,2023-04-18,NC,132.6,,142.4,,,,,,126.6,,
김진성,2023,2023-04-20,NC,140.1,,143.3,,,,,,127.4,,
김진성,2023,2023-04-21,한화,130.5,,139.4,,,,,,125.0,,
김진성,2023,2023-04-23,한화,133.3,,142.4,,,,,,125.7,,
김진성,2023,2023-04-26,SSG,133.6,,142.6,,,,,,126.9,,
김진성,2023,2023-04-28,KIA,137.4,,145.3,,,,,,128.5,,
김진성,2023,2023-04-30,KIA,138.1,,145.4,,,,,,128.6,,
김진성,2023,2023-05-09,키움,133.1,,142.3,,,,,,125.1,,
김진성,2023,2023-05-16,KT,138.0,,143.0,,,,,,127.4,,
김진성,2023,2023-05-18,KT,136.3,,142.4,,,,,,127.8,,
김진성,2023,2023-05-20,한화,134.8,,143.5,,,,,,129.0,,
김진성,2023,2023-05-21,한화,136.8,,141.7,,,,,,127.0,,
김진성,2023,2023-05-24,SSG,132.7,,142.6,,,,,,127.4,,
김진성,2023,2023-05-25,SSG,135.8,,142.3,,,,,,126.8,,
김진성,2023,2023-05-28,KIA,134.2,,141.7,,,,,,126.7,,
김진성,2023,2023-05-30,롯데,133.9,,143.0,,,132.0,,,127.0,,
김진성,2023,2023-05-31,롯데,131.7,,142.3,,,,,,126.3,,
김진성,2023,2023-06-02,NC,135.1,,142.7,,,135.0,,,129.1,,
김진성,2023,2023-06-03,NC,134.9,,141.1,,,134.0,,,124.9,,
김진성,2023,2023-06-06,키움,137.0,,142.6,,,,,,127.2,,
김진성,2023,2023-06-07,키움,128.9,,140.3,,,,,,124.6,,
김진성,2023,2023-06-09,한화,123.0,,,,,,,,123.0,,
김진성,2023,2023-06-11,한화,133.9,,143.3,,,,,,126.8,,
김진성,2023,2023-06-14,삼성,135.1,,144.0,,,,,,128.1,,
김진성,2023,2023-06-15,삼성,137.1,,141.3,,,,,,126.5,,
김진성,2023,2023-06-20,NC,135.7,,145.0,,,,,,128.2,,
김진성,2023,2023-06-24,롯데,138.6,,144.4,,,137.0,,,127.8,,
김진성,2023,2023-06-25,롯데,135.3,,144.0,,,,,,126.6,,
김진성,2023,2023-06-27,SSG,136.5,,142.1,,,,,,125.2,,
김진성,2023,2023-06-30,KIA,134.8,,143.5,,,,,,127.3,,
김진성,2023,2023-07-01,KIA,129.1,,142.0,,,,,,125.4,,
김진성,2023,2023-07-05,KT,134.0,,141.9,,,135.0,,,125.5,,
김진성,2023,2023-07-08,롯데,134.4,,143.1,,,136.5,,,126.9,,
김진성,2023,2023-07-09,롯데,131.3,,142.3,,,,,,125.8,,
김진성,2023,2023-07-21,SSG,132.5,,142.9,,,,,,125.9,,
김진성,2023,2023-07-26,KT,129.8,,140.5,,,,,,122.7,,
김진성,2023,2023-07-27,KT,128.7,,137.5,,,,,,119.8,,
김진성,2023,2023-07-29,두산,131.4,,146.0,,,,,,127.8,,
김진성,2023,2023-08-01,키움,136.0,,144.0,,,,,,128.0,,
김진성,2023,2023-08-02,키움,135.9,,142.7,,,,,,127.5,,
김진성,2023,2023-08-04,삼성,132.2,,142.0,,,,,,125.9,,
김진성,2023,2023-08-06,삼성,137.5,,145.2,,,,,,128.6,,
김진성,2023,2023-08-09,KIA,136.6,,143.6,,,137.0,,,128.3,,
김진성,2023,2023-08-11,키움,134.6,,141.7,,,,,,124.0,,
김진성,2023,2023-08-12,키움,132.0,,143.0,,,,,,126.5,,
김진성,2023,2023-08-16,삼성,139.6,,145.0,,,,,,128.7,,
김진성,2023,2023-08-18,SSG,138.8,,142.7,,,,,,127.2,,
김진성,2023,2023-08-19,SSG,135.0,,140.7,,,135.0,,,129.3,,
김진성,2023,2023-08-25,NC,136.8,,143.2,,,138.0,,,129.6,,
김진성,2023,2023-08-26,NC,139.3,,142.6,,,,,,126.0,,
김진성,2023,2023-08-27,NC,131.0,,142.0,,,,,,123.7,,
김진성,2023,2023-08-31,두산,135.6,,144.8,,,136.5,,,126.2,,
김진성,2023,2023-09-02,한화,137.0,,141.6,,,,,,124.7,,
김진성,2023,2023-09-03,한화,135.5,,142.4,,,,,,126.3,,
김진성,2023,2023-09-05,KT,132.4,,142.0,,,,,,125.6,,
김진성,2023,2023-09-06,KT,135.8,,140.8,,,,,,125.8,,
김진성,2023,2023-09-09,KIA,136.6,,144.3,,,,,,127.4,,
김진성,2023,2023-09-10,KIA,132.8,,142.1,,,,,,124.6,,
김진성,2023,2023-09-15,한화,135.5,,142.5,,,,,,124.4,,
김진성,2023,2023-09-16,SSG,133.0,,142.0,,,,,,124.0,,
김진성,2023,2023-09-17,SSG,136.3,,142.9,,,,,,127.2,,
김진성,2023,2023-09-19,KIA,142.5,,144.4,,,,,,129.0,,
김진성,2023,2023-09-21,SSG,136.3,,142.3,,,,,,126.3,,
김진성,2023,2023-09-23,한화,130.9,,143.0,,,,,,126.0,,
김진성,2023,2023-09-24,한화,134.5,,142.0,,,,,,127.0,,
김진성,2023,2023-09-27,KT,133.2,,144.5,,,,,,127.5,,
김진성,2023,2023-09-29,두산,137.1,,142.8,,,,,,125.8,,
김진성,2023,2023-10-01,두산,135.0,,143.4,,,,,,126.6,,
김진성,2023,2023-10-02,KT,136.6,,143.7,,,,,,126.6,,
김진성,2023,2023-10-05,롯데,130.0,,142.0,,,,,,124.0,,
김진성,2023,2023-10-10,롯데,139.6,,143.8,,,,,,129.0,,
김진성,2023,2023-10-15,두산,137.4,,143.6,,,,,,126.4,,
김진성,2023,2023-11-08,KT,132.3,,140.0,,,,,,123.3,,
김진성,2023,2023-11-10,KT,129.6,,139.0,,,,,,121.6,,
김진성,2022,2022-04-05,키움,137.5,,143.2,,,,,,129.0,,
김진성,2022,2022-04-06,키움,133.8,,141.3,,,131.5,,,127.9,,
김진성,2022,2022-04-09,NC,137.6,,145.0,,,137.0,,,129.0,,
김진성,2022,2022-04-13,SSG,137.8,,143.1,,,,,,130.4,,
김진성,2022,2022-04-16,한화,130.5,,142.0,,,,,,126.7,,
김진성,2022,2022-04-19,KT,136.8,,143.8,,,,,,130.7,,
김진성,2022,2022-04-21,KT,140.7,,145.4,,,,,,129.7,,
김진성,2022,2022-04-22,두산,143.6,,146.2,,,133.0,,,,,
김진성,2022,2022-04-24,두산,139.9,,144.5,,,,,,128.5,,
김진성,2022,2022-04-26,삼성,133.6,,141.2,,,131.0,,,125.8,,
김진성,2022,2022-04-29,롯데,137.6,,143.6,,,134.7,,,129.0,,
김진성,2022,2022-05-01,롯데,133.6,,142.3,,,,,,125.8,,
김진성,2022,2022-05-03,두산,137.8,,144.5,,,,,,127.8,,
김진성,2022,2022-05-06,NC,138.4,,145.1,,,,,,128.9,,
김진성,2022,2022-05-08,NC,136.5,,143.3,,,,,,126.2,,
김진성,2022,2022-05-12,한화,134.0,,142.9,,,,,,128.5,,
김진성,2022,2022-05-13,KIA,138.5,,145.2,,,134.5,,,132.0,,
김진성,2022,2022-05-17,KT,132.6,,140.5,,,,,,124.8,,
김진성,2022,2022-05-18,KT,137.1,,140.8,,,131.0,,,124.7,,
김진성,2022,2022-05-21,SSG,133.4,,144.7,,,,,,126.7,,
김진성,2022,2022-05-22,SSG,133.2,,143.8,,,133.0,,,127.1,,
김진성,2022,2022-05-24,키움,128.0,,,,,,,,128.0,,
김진성,2022,2022-05-26,키움,134.6,,145.0,,,135.0,,,129.2,,
김진성,2022,2022-05-27,삼성,136.2,,143.8,,,,,,127.8,,
김진성,2022,2022-05-29,삼성,135.2,,145.9,,,,,,128.6,,
김진성,2022,2022-05-31,롯데,137.0,,145.2,,,,,,130.2,,
김진성,2022,2022-06-02,롯데,136.8,,143.2,,,128.0,,,127.5,,
김진성,2022,2022-06-04,SSG,128.6,,142.7,,,,,,126.0,,
김진성,2022,2022-06-11,두산,136.3,,144.4,,,,,,129.1,,
김진성,2022,2022-06-12,두산,136.4,,144.8,,,,,,128.0,,
김진성,2022,2022-06-17,키움,133.0,,142.8,,,,,,126.5,,
김진성,2022,2022-06-24,KT,135.5,,143.6,,,,,,127.4,,
김진성,2022,2022-06-28,NC,137.6,,142.7,,,,,,127.3,,
김진성,2022,2022-07-01,롯데,135.9,,143.0,,,,,,127.4,,
김진성,2022,2022-07-03,롯데,137.1,,142.8,,,,,,127.5,,
김진성,2022,2022-07-06,삼성,136.2,,139.9,,,,,,124.0,,
김진성,2022,2022-07-07,삼성,135.7,,142.0,,,,,,125.6,,
김진성,2022,2022-07-09,두산,130.9,,141.8,,,,,,125.5,,
김진성,2022,2022-07-14,KIA,137.1,,143.9,,,,,,127.0,,
김진성,2022,2022-07-23,NC,136.2,,143.2,,,133.0,,,126.6,,
김진성,2022,2022-07-26,SSG,137.6,,143.0,,,,,,128.7,,
김진성,2022,2022-07-29,KT,134.9,,143.4,,,,,,127.4,,
김진성,2022,2022-07-30,KT,142.0,,142.0,,,,,,,,
김진성,2022,2022-08-02,롯데,134.7,,142.8,,,,,,124.5,,
김진성,2022,2022-08-03,롯데,136.1,,141.5,,,,,,125.2,,
김진성,2022,2022-08-05,키움,133.4,,141.1,,,,,,125.8,,
김진성,2022,2022-08-12,한화,137.1,,143.2,,,,,,126.2,,
김진성,2022,2022-08-16,삼성,137.5,,143.4,,,133.0,,,127.6,,
김진성,2022,2022-08-17,삼성,126.0,,,,,,,,126.0,,
김진성,2022,2022-08-18,SSG,135.5,,142.9,,,,,,125.7,,
김진성,2022,2022-08-21,두산,136.4,,144.6,,,,,127.0,128.5,,
김진성,2022,2022-08-24,한화,136.7,,143.8,,,,,,127.3,,
김진성,2022,2022-08-27,키움,131.9,,144.6,,,,,,126.2,,
김진성,2022,2022-09-04,롯데,137.0,,144.0,,,,,,130.0,,
김진성,2022,2022-09-06,SSG,134.0,,142.1,,,,,,125.9,,
김진성,2022,2022-09-07,SSG,140.3,,144.3,,,,,,128.0,,
김진성,2022,2022-09-09,키움,134.5,,142.8,,,,,,127.6,,
김진성,2022,2022-09-11,삼성,137.8,,144.6,,,,,,127.0,,
김진성,2022,2022-09-13,두산,130.4,,141.4,,,,,,124.3,,
김진성,2022,2022-09-15,KT,139.9,,144.2,,,,,,129.0,,
김진성,2022,2022-09-17,한화,133.7,,142.7,,,,,,124.7,,
김진성,2022,2022-09-22,롯데,126.0,,,,,,,,126.0,,
김진성,2022,2022-09-23,롯데,133.0,,143.0,,,,,,127.0,,
김진성,2022,2022-09-25,SSG,139.3,,143.0,,,,,,130.0,,
김진성,2022,2022-09-28,한화,134.3,,141.3,,,,,,124.6,,
김진성,2022,2022-09-29,KT,135.3,,141.3,,,,,,126.2,,
김진성,2022,2022-10-01,NC,132.0,,140.9,,,128.0,,,125.5,,
김진성,2022,2022-10-24,키움,136.3,,142.6,,,134.0,,,127.3,,
김진성,2022,2022-10-25,키움,134.3,,140.7,,,128.0,,,125.2,,
김진성,2022,2022-10-28,키움,135.0,,140.4,,,,,,125.2,,
김진성,2021,2021-04-04,LG,134.9,,141.6,,,130.0,,,128.0,,
김진성,2021,2021-04-07,롯데,137.8,,142.2,,,,,,127.8,,
김진성,2021,2021-04-09,KIA,135.9,,140.2,,,,,,125.0,,
김진성,2021,2021-04-11,KIA,134.7,,142.6,,,132.0,,,127.1,,
김진성,2021,2021-04-13,SSG,130.6,,140.0,,,128.5,,,124.4,,
김진성,2021,2021-04-14,SSG,133.2,,141.2,,,,,,125.9,,
김진성,2021,2021-04-18,한화,138.3,,142.1,,,,,,126.8,,
김진성,2021,2021-04-20,KT,135.5,,142.1,,,130.8,,,126.3,,
김진성,2021,2021-04-21,KT,134.6,,141.0,,,131.0,,,127.5,,
김진성,2021,2021-04-24,두산,145.0,,145.0,,,,,,,,
김진성,2021,2021-04-28,삼성,133.4,,142.1,,,,,,127.7,,
김진성,2021,2021-04-30,키움,138.5,,142.4,,,,,,126.0,,
김진성,2021,2021-05-02,키움,139.7,,142.4,,,,,,126.0,,
김진성,2021,2021-05-05,SSG,134.3,,141.7,,,128.4,,,126.6,,
김진성,2021,2021-05-08,KT,129.7,,138.8,,,127.9,,,123.0,,
김진성,2021,2021-05-09,KT,132.5,,138.1,,,127.8,,,124.0,,
김진성,2021,2021-05-12,한화,131.5,,139.2,,,128.0,,,123.6,,
김진성,2021,2021-05-13,한화,130.6,,141.5,,,131.4,,,126.2,,
김진성,2021,2021-05-15,KIA,130.0,,139.0,,,,,,127.0,,
김진성,2021,2021-05-18,LG,131.1,,141.5,,,,,,124.2,,
김진성,2021,2021-05-19,LG,130.3,,139.0,,,127.0,,,125.1,,
김진성,2021,2021-06-09,LG,136.2,,143.1,,,132.5,,,127.0,,
김진성,2021,2021-06-12,삼성,133.1,,143.5,,,133.4,,,127.0,,
김진성,2021,2021-06-13,삼성,134.8,,143.5,,,132.0,,,127.5,,
김진성,2021,2021-06-16,KT,136.0,,142.3,,,131.5,,,126.3,,
김진성,2021,2021-06-19,키움,135.0,,143.0,,,131.0,,,,,
김진성,2021,2021-09-24,키움,135.6,,140.7,,,,,,126.3,,
김진성,2021,2021-09-28,KIA,135.7,,142.6,,,131.0,,,127.4,,
김진성,2021,2021-09-30,SSG,136.2,,142.2,,,131.2,,,128.6,,
김진성,2021,2021-10-02,롯데,135.9,,141.2,,,129.0,,,128.6,,
김진성,2021,2021-10-03,롯데,134.4,,141.3,,,130.0,,,128.7,,
김진성,2021,2021-10-07,삼성,133.5,,141.8,,,128.0,,,129.0,,
김진성,2021,2021-10-08,삼성,134.4,,140.6,,,,,,127.2,,
김진성,2021,2021-10-10,두산,142.5,,142.5,,,,,,,,
김진성,2021,2021-10-14,키움,135.6,,141.8,,,,,,127.8,,
김진성,2021,2021-10-16,LG,135.6,,142.6,,,131.0,,,129.6,,
김진성,2021,2021-10-17,LG,132.6,,141.0,,,130.0,,,128.1,,
김진성,2021,2021-10-19,KT,138.2,,142.7,,,131.0,,,130.3,,
김진성,2021,2021-10-20,SSG,135.2,,143.2,,,129.5,,,128.0,,
김진성,2021,2021-10-22,KIA,134.6,,141.4,,,132.0,,,127.7,,
김진성,2021,2021-10-26,SSG,136.5,,143.0,,,,,,130.0,,
김진성,2021,2021-10-28,KT,136.2,,142.3,,,,,,127.0,,
김진성,2020,2020-06-09,두산,138.6,,142.3,,,133.0,,,130.8,,
김진성,2020,2020-06-11,두산,136.5,,140.9,,,129.8,,,129.0,,
김진성,2020,2020-07-10,LG,138.8,,140.4,,,,,,127.0,,
김진성,2020,2020-07-11,LG,133.9,,141.0,,,131.0,,,127.2,,
김진성,2020,2020-07-14,키움,133.5,,141.2,,,130.0,,,127.4,,
김진성,2020,2020-07-16,키움,135.6,,142.5,,,131.0,,,128.5,,
김진성,2020,2020-07-19,KT,139.8,,141.9,,,132.7,,,133.0,,
김진성,2020,2020-07-25,KT,132.7,,140.7,,,,,,124.7,,
김진성,2020,2020-08-01,두산,136.3,,143.2,,,132.0,,,127.0,,
김진성,2020,2020-08-02,두산,136.5,,141.8,,,130.0,,,126.5,,
김진성,2020,2020-08-05,한화,136.6,,142.8,,,133.0,,,127.7,,
김진성,2020,2020-08-09,KIA,140.0,,144.2,,,131.5,,,129.5,,
김진성,2020,2020-08-12,롯데,138.1,,144.5,,,130.0,,,128.5,,
김진성,2020,2020-08-14,LG,134.3,,142.3,,,131.0,,,128.5,,
김진성,2020,2020-08-19,키움,131.1,,142.6,,,,,,126.7,,
김진성,2020,2020-08-20,KIA,140.9,,141.9,,,,,,129.0,,
김진성,2020,2020-08-23,KT,137.9,,142.7,,,130.0,,,129.0,,
김진성,2020,2020-08-25,한화,136.4,,143.6,,,133.3,,,129.6,,
김진성,2020,2020-08-27,두산,140.5,,144.2,,,132.5,,,130.5,,
김진성,2020,2020-09-02,키움,138.0,,143.4,,,134.5,,,128.3,,
김진성,2020,2020-09-04,LG,136.5,,144.5,,,,,,129.7,,
김진성,2020,2020-09-06,삼성,133.5,,142.2,,,131.0,,,129.6,,
김진성,2020,2020-09-09,롯데,135.3,,143.5,,,131.7,,,129.8,,
김진성,2020,2020-09-10,KT,135.8,,143.2,,,132.0,,,129.2,,
김진성,2020,2020-09-12,KIA,135.9,,143.4,,,130.2,,,128.6,,
김진성,2020,2020-09-13,KIA,136.4,,142.2,,,131.5,,,129.0,,
김진성,2020,2020-09-15,두산,137.4,,143.6,,,,,,128.8,,
김진성,2020,2020-09-18,SK,135.9,,144.5,,,129.0,,,129.6,,
김진성,2020,2020-09-20,롯데,135.6,,142.1,,,129.0,,,126.6,,
김진성,2020,2020-09-22,삼성,133.3,,142.3,,,129.0,,,127.5,,
김진성,2020,2020-09-24,LG,135.3,,142.3,,,,,,129.5,,
김진성,2020,2020-09-27,한화,127.8,,141.0,,,,,,124.5,,
김진성,2020,2020-10-01,SK,137.2,,143.2,,,130.0,,,130.0,,
김진성,2020,2020-10-03,삼성,136.8,,143.8,,,131.0,,,128.0,,
김진성,2020,2020-10-04,삼성,133.3,,142.5,,,,,,128.8,,
김진성,2020,2020-10-06,키움,135.6,,143.6,,,,,,127.7,,
김진성,2020,2020-10-07,키움,134.7,,141.0,,,,,,128.4,,
김진성,2020,2020-10-09,LG,135.2,,143.0,,,132.0,,,129.0,,
김진성,2020,2020-10-10,LG,137.9,,144.8,,,,,,128.7,,
김진성,2020,2020-10-11,LG,139.1,,143.5,,,131.5,,,127.7,,
김진성,2020,2020-10-14,KIA,139.3,,142.9,,,132.0,,,129.0,,
김진성,2020,2020-10-15,KIA,142.0,,142.0,,,,,,,,
김진성,2020,2020-10-16,롯데,134.4,,143.3,,,,,,129.0,,
김진성,2020,2020-10-23,한화,133.9,,140.8,,,130.0,,,126.8,,
김진성,2020,2020-10-24,LG,135.4,,142.5,,,132.0,,,128.0,,
김진성,2020,2020-10-30,삼성,137.1,,143.8,,,,,,129.5,,
김진성,2020,2020-11-17,두산,136.5,,143.9,,,,,,128.0,,
김진성,2020,2020-11-18,두산,136.1,,142.4,,,,,,128.2,,
김진성,2020,2020-11-20,두산,137.9,,143.1,,,130.5,,,126.7,,
김진성,2020,2020-11-21,두산,137.9,,143.1,,,130.0,,,126.7,,
김진성,2020,2020-11-23,두산,138.8,,144.0,,,,,,130.0,,
김진성,2020,2020-11-24,두산,135.1,,143.2,,,,,,128.1,,
김진수,2024,2024-06-09,KT,132.7,,141.6,,121.4,129.0,132.3,,,,
김진수,2024,2024-06-12,삼성,129.5,,137.4,,118.8,,128.5,,,,
김진수,2024,2024-06-15,롯데,129.2,,141.0,,123.2,128.0,131.0,,,,
김진수,2024,2024-06-18,KIA,129.7,,141.1,,120.7,128.5,129.4,,,,
김진수,2024,2024-06-27,삼성,128.3,,140.0,,121.3,130.0,132.0,,,,
김진수,2024,2024-06-28,NC,130.0,,141.4,,121.0,128.0,128.6,,,,
김진수,2024,2024-07-09,KIA,127.2,,139.7,,119.3,,129.5,,,,
김진수,2021,2021-04-25,한화,133.6,,138.4,,118.0,130.0,129.0,,,,
김진수,2021,2021-04-28,롯데,129.5,,138.1,,117.3,126.2,,,,,
김진수,2021,2021-04-30,삼성,129.0,,133.2,,,120.5,,,,,
박명근,2024,2024-03-23,한화,138.0,,143.6,,121.0,127.0,,,,,
박명근,2024,2024-03-26,삼성,136.4,,143.2,,123.7,,128.8,,,,
박명근,2024,2024-03-29,키움,134.1,,142.3,,118.0,126.0,124.2,,,,
박명근,2024,2024-03-31,키움,135.5,,142.7,,,124.3,126.0,,,,
박명근,2024,2024-04-02,NC,133.3,,142.4,,120.4,,,,,,
박명근,2024,2024-04-03,NC,132.8,,141.4,,121.2,,125.5,,,,
박명근,2024,2024-04-05,KT,139.3,,144.5,,122.7,,132.0,,,,
박명근,2024,2024-04-07,KT,132.8,,142.0,,119.0,,128.0,,,,
박명근,2024,2024-04-09,KIA,139.3,,144.6,,,,126.0,,,,
박명근,2024,2024-04-14,두산,135.4,,144.7,,123.0,127.0,,,,,
박명근,2024,2024-04-16,롯데,140.1,,145.6,,122.8,,133.0,,,,
박명근,2024,2024-04-17,롯데,130.2,,143.9,,119.5,,125.0,,,,
박명근,2024,2024-04-19,SSG,139.8,,146.4,,120.8,,131.0,,,,
박명근,2024,2024-04-21,SSG,142.2,,146.5,,125.0,,129.0,,,,
박명근,2024,2024-04-28,KIA,133.5,,144.4,,120.3,,121.8,,,,
박명근,2024,2024-05-02,NC,137.5,,144.3,,122.5,,126.5,,,,
박명근,2024,2024-05-04,두산,141.5,,145.5,,123.0,128.0,,,,,
박명근,2024,2024-05-09,SSG,135.4,,143.9,,121.3,124.5,128.0,,,,
박명근,2024,2024-05-12,롯데,134.2,,143.0,,123.5,,127.8,,,,
박명근,2024,2024-05-16,키움,137.8,,145.1,,118.0,127.5,129.0,,,,
박명근,2024,2024-05-17,KT,135.3,,140.1,,116.0,,124.3,,,,
박명근,2024,2024-05-22,한화,137.5,,141.1,,112.0,,,,,,
박명근,2024,2024-05-25,NC,132.0,,144.6,,121.0,,123.2,,,,
박명근,2024,2024-05-26,NC,134.0,,142.6,,116.3,127.0,,,,,
박명근,2024,2024-05-28,SSG,125.0,,144.0,,117.0,128.0,119.0,,,,
박명근,2024,2024-05-31,두산,131.0,,145.0,,119.0,,123.0,,,,
박명근,2024,2024-08-15,한화,133.6,,139.4,,115.0,,125.7,,,,
박명근,2024,2024-08-17,KIA,128.7,,142.0,,112.8,,126.0,,,,
박명근,2024,2024-08-20,SSG,137.4,,143.5,,114.0,,124.0,,,,
박명근,2024,2024-08-24,키움,139.0,,143.3,,123.0,,127.5,,,,
박명근,2024,2024-08-28,KT,128.7,,142.0,,122.0,,,,,,
박명근,2024,2024-09-08,한화,137.2,,145.5,,116.0,,130.0,,,,
박명근,2024,2024-09-14,NC,130.7,,142.1,,121.8,,125.2,,,,
박명근,2023,2023-04-01,KT,135.6,,143.8,,118.0,130.0,,,,,
박명근,2023,2023-04-02,KT,137.1,,145.7,,121.0,127.5,128.0,,,,
박명근,2023,2023-04-04,키움,140.0,,146.8,,125.0,131.0,134.0,,,,
박명근,2023,2023-04-11,롯데,137.7,,145.6,,121.0,126.0,132.4,,,,
박명근,2023,2023-04-14,두산,137.5,,147.7,,117.0,129.5,133.5,,,,
박명근,2023,2023-04-16,두산,138.8,,144.9,,119.0,,131.8,,,,
박명근,2023,2023-04-18,NC,131.9,,147.3,,121.2,130.0,131.0,,,,
박명근,2023,2023-04-23,한화,143.3,,146.9,,122.0,,134.0,,,,
박명근,2023,2023-04-25,SSG,135.5,,145.3,,118.7,,129.7,,,,
박명근,2023,2023-04-28,KIA,134.8,,147.5,,122.0,,,,,,
박명근,2023,2023-04-30,KIA,135.8,,147.0,,121.8,,132.3,,,,
박명근,2023,2023-05-02,NC,141.3,,147.2,,121.7,,,,,,
박명근,2023,2023-05-03,NC,136.8,,146.6,,122.7,,130.0,,,,
박명근,2023,2023-05-09,키움,135.9,,145.4,,117.7,,128.0,,,,
박명근,2023,2023-05-11,키움,137.5,,146.0,,121.2,128.0,130.2,,,,
박명근,2023,2023-05-14,삼성,141.4,,148.2,,124.0,,132.7,,,,
박명근,2023,2023-05-17,KT,142.6,,147.3,,119.0,,133.0,,,,
박명근,2023,2023-05-18,KT,137.3,,144.5,,119.2,,130.0,,,,
박명근,2023,2023-05-20,한화,133.1,,145.5,,120.0,,131.0,,,,
박명근,2023,2023-05-21,한화,133.0,,144.9,,118.6,,131.2,,,,
박명근,2023,2023-05-25,SSG,140.3,,146.6,,120.0,,130.0,,,,
박명근,2023,2023-05-26,KIA,141.0,,146.7,,,,129.7,,,,
박명근,2023,2023-05-30,롯데,135.8,,146.2,,119.5,,131.0,,,,
박명근,2023,2023-06-04,NC,134.8,,142.2,,116.7,,129.0,,,,
박명근,2023,2023-06-07,키움,133.4,,144.1,,117.6,,128.8,,,,
박명근,2023,2023-06-09,한화,135.9,,146.8,,120.0,,130.1,,,,
박명근,2023,2023-06-11,한화,137.8,,147.8,,121.8,129.0,132.1,,,,
박명근,2023,2023-06-14,삼성,137.8,,145.9,,120.0,,132.0,,,,
박명근,2023,2023-06-16,두산,130.8,,144.8,,117.0,,127.0,,,,
박명근,2023,2023-06-17,두산,135.9,,144.9,,115.8,,,,,,
박명근,2023,2023-06-21,NC,135.1,,146.0,,118.2,,127.5,,,,
박명근,2023,2023-06-22,NC,137.1,,147.6,,118.9,,128.8,,,,
박명근,2023,2023-06-25,롯데,134.9,,146.1,,117.3,,126.8,,,,
박명근,2023,2023-06-28,SSG,137.4,,147.2,,118.5,,127.4,,,,
박명근,2023,2023-06-30,KIA,130.8,,145.0,,118.0,,126.2,,,,
박명근,2023,2023-07-06,KT,134.8,,143.5,,117.5,,129.0,,,,
박명근,2023,2023-08-15,삼성,138.4,,145.8,,116.0,,124.0,,,,
박명근,2023,2023-08-17,삼성,138.7,,144.8,,,,126.3,,,,
박명근,2023,2023-08-19,SSG,136.5,,144.4,,117.0,,126.5,,,,
박명근,2023,2023-08-20,SSG,138.4,,145.9,,119.5,,131.0,,,,
박명근,2023,2023-08-25,NC,133.0,,144.3,,118.3,,128.8,,,,
박명근,2023,2023-08-27,NC,133.3,,142.9,,117.3,,126.3,,,,
박명근,2023,2023-09-02,한화,137.8,,143.4,,115.5,,,,,,
박명근,2023,2023-09-05,KT,134.2,,143.0,,118.5,,123.5,,,,
박명근,2023,2023-09-08,KIA,146.3,,146.3,,,,,,,,
박명근,2023,2023-09-09,KIA,133.6,,146.2,,118.7,,132.2,,,,
박명근,2023,2023-09-10,KIA,134.3,,145.1,,118.5,129.0,133.5,,,,
박명근,2023,2023-09-17,SSG,141.2,,144.5,,114.0,,133.3,,,,
박명근,2023,2023-09-24,한화,143.5,,145.8,,,,124.5,,,,
박명근,2023,2023-09-27,KT,142.9,,146.7,,,131.0,132.0,,,,
박명근,2023,2023-09-29,두산,140.7,,144.0,,,126.0,,,,,
박명근,2023,2023-09-30,두산,137.7,,142.8,,114.5,124.5,134.0,,,,
박명근,2023,2023-10-02,KT,134.2,,147.5,,119.3,129.8,135.0,,,,
박명근,2023,2023-10-04,롯데,140.3,,146.7,,,129.0,130.6,,,,
박명근,2023,2023-10-06,KIA,134.5,,145.3,,121.0,126.8,,,,,
박명근,2023,2023-10-09,롯데,129.8,,142.6,,118.6,,,,,,
배재준,2023,2023-05-10,키움,135.2,,142.9,,117.0,131.5,131.0,,,,
배재준,2022,2022-05-07,NC,134.4,138.3,142.0,,117.6,132.1,,,129.6,,
배재준,2022,2022-05-12,한화,133.6,140.6,140.8,,116.3,131.3,,,126.2,,
배재준,2022,2022-05-19,KT,131.9,135.0,138.0,,118.0,127.8,,,134.0,,
배재준,2022,2022-05-24,키움,136.7,,142.5,,,133.5,,,133.0,,
배재준,2022,2022-05-25,키움,136.5,139.0,140.6,,123.0,132.5,,,132.0,,
배재준,2022,2022-07-24,NC,132.8,139.2,142.6,,115.3,132.7,,,130.1,,
배재준,2022,2022-07-30,KT,131.5,136.8,140.5,,114.6,128.7,,,128.8,,
배재준,2022,2022-08-06,키움,141.2,142.0,142.0,,,,,,135.5,,
배재준,2022,2022-08-14,NC,138.2,141.1,143.0,,,131.2,,,132.0,,
배재준,2022,2022-09-06,SSG,139.8,,144.8,,,131.7,,,134.0,,
배재준,2022,2022-09-10,삼성,139.6,144.7,145.3,,118.0,132.0,,,136.0,,
배재준,2022,2022-09-14,두산,137.0,138.5,141.1,,,131.0,,,130.0,,
배재준,2022,2022-09-21,KIA,140.1,142.0,143.2,,,,,,130.0,,
배재준,2022,2022-09-22,롯데,139.6,142.0,144.2,,120.0,135.2,,,130.5,,
배재준,2022,2022-09-25,SSG,136.6,140.8,145.0,,116.0,130.0,,,134.0,,
배재준,2022,2022-10-01,NC,135.7,139.1,142.0,,117.5,129.8,,,128.6,,
배재준,2022,2022-10-11,KT,132.7,140.0,143.5,,118.0,130.3,,,,,
배재준,2021,2021-04-10,SSG,133.6,138.8,143.8,,117.0,130.0,,,125.2,,
배재준,2021,2021-04-13,키움,134.3,141.0,142.8,,115.5,130.1,121.7,,,,
배재준,2021,2021-04-15,키움,131.8,137.5,141.0,,111.0,126.9,120.1,,130.0,,
배재준,2021,2021-04-18,두산,132.9,139.9,143.6,,115.2,131.1,122.0,,123.6,,
배재준,2021,2021-04-22,KIA,138.5,,144.5,,,132.5,,,,,
배재준,2021,2021-04-24,한화,130.3,136.1,140.9,,114.5,127.4,130.2,,121.0,,
배재준,2021,2021-05-01,삼성,129.5,136.7,140.8,,112.2,130.0,130.0,,,,
배재준,2021,2021-05-09,한화,132.3,134.0,140.8,,110.0,128.4,,,,,
배재준,2021,2021-06-18,KIA,131.9,,144.1,,116.2,125.0,,,126.5,,
배재준,2021,2021-06-19,KIA,135.3,138.8,141.2,,112.0,130.0,,,122.0,,
배재준,2021,2021-09-17,NC,135.6,141.8,144.0,,115.4,133.7,,,131.2,,
배재준,2021,2021-09-22,한화,136.7,140.6,143.5,,116.5,133.2,,,132.4,,
배재준,2021,2021-09-28,롯데,135.5,139.0,142.7,,115.2,130.9,,,128.3,,
배재준,2021,2021-10-07,KIA,133.4,141.0,142.0,,114.7,131.1,122.0,,130.6,,
배재준,2021,2021-10-15,롯데,136.0,140.6,142.1,,116.5,131.2,,,124.7,,
백승현,2024,2024-03-24,한화,138.7,,143.8,,,134.0,,,131.3,,
백승현,2024,2024-03-27,삼성,137.2,,142.7,,,131.7,,,,,
백승현,2024,2024-03-31,키움,138.8,,145.2,,,135.2,,,131.5,,
백승현,2024,2024-04-13,두산,145.0,,146.5,,,136.0,,,,,
백승현,2024,2024-04-14,두산,142.4,,145.2,,,137.0,,,137.5,,
백승현,2024,2024-04-16,롯데,140.4,,144.1,,,134.7,,,128.0,,
백승현,2024,2024-05-16,키움,144.4,,145.7,,,137.0,,,,,
백승현,2024,2024-05-18,KT,142.3,,144.0,,,134.2,,,,,
백승현,2024,2024-06-04,키움,141.0,,143.6,,,,,,129.0,,
백승현,2024,2024-06-07,KT,138.9,,144.6,,,137.0,,,130.0,,
백승현,2024,2024-06-08,KT,139.5,,143.7,,,135.6,,,128.5,,
백승현,2024,2024-06-11,삼성,134.6,,141.4,,,133.8,,,128.1,,
백승현,2024,2024-06-15,롯데,138.0,,144.8,,,137.0,,,129.3,,
백승현,2024,2024-06-16,롯데,136.1,,145.5,,,,,,130.7,,
백승현,2024,2024-06-19,KIA,140.9,,144.3,,,137.0,,,131.0,,
백승현,2024,2024-06-21,KT,141.4,,144.1,,,,,,132.0,,
백승현,2024,2024-06-23,KT,141.2,,143.8,,,136.0,,,128.0,,
백승현,2024,2024-06-27,삼성,139.4,,142.7,,,137.4,,,,,
백승현,2024,2024-06-30,NC,143.5,,146.3,,,138.5,,,,,
백승현,2024,2024-07-02,키움,142.6,,145.4,,,136.3,,,132.5,,
백승현,2024,2024-07-10,KIA,138.2,,143.0,,,130.5,,,130.5,,
백승현,2024,2024-07-13,한화,137.9,,142.7,,,134.5,,,128.0,,
백승현,2024,2024-07-19,두산,144.9,,146.2,,,137.0,,,,,
백승현,2024,2024-07-23,롯데,141.5,,144.9,,,,,,132.3,,
백승현,2024,2024-07-25,롯데,141.2,,143.5,,,135.0,,,126.5,,
백승현,2024,2024-07-28,한화,141.3,,144.7,,,136.0,,,128.0,,
백승현,2024,2024-08-01,삼성,141.8,,144.7,,,136.2,,,127.0,,
백승현,2024,2024-08-03,롯데,136.0,,144.5,,,137.0,,,127.9,,
백승현,2024,2024-09-07,한화,143.2,,146.5,,,138.0,,,130.0,,
백승현,2024,2024-09-11,키움,142.3,,146.6,,,135.0,,,,,
백승현,2024,2024-09-15,NC,142.6,,145.9,,,137.4,,,,,
백승현,2024,2024-09-17,롯데,141.1,,145.5,,,136.0,,,129.0,,
백승현,2024,2024-09-21,두산,137.7,,145.3,,,135.5,,,129.4,,
백승현,2024,2024-09-24,SSG,145.2,,147.7,,,136.5,,,128.0,,
백승현,2024,2024-09-26,키움,141.4,,144.8,,,137.6,,,,,
백승현,2024,2024-09-28,삼성,138.2,,144.0,,,135.2,,,,,
백승현,2024,2024-10-09,KT,141.8,,144.3,,,136.8,,,,,
백승현,2024,2024-10-13,삼성,141.3,,143.1,,,135.0,,,131.0,,
백승현,2024,2024-10-15,삼성,138.9,,142.0,,,134.7,,,127.0,,
백승현,2023,2023-04-01,KT,148.0,,148.0,,,,,,,,
백승현,2023,2023-04-02,KT,145.3,,148.1,,,139.2,,,,,
백승현,2023,2023-04-06,키움,142.8,,145.4,,,136.5,,,135.0,,
백승현,2023,2023-06-04,NC,140.7,,146.2,,,137.9,,,,,
백승현,2023,2023-06-07,키움,141.9,,147.0,,,139.5,,,135.0,,
백승현,2023,2023-06-09,한화,142.6,,147.0,,,139.4,,,,,
백승현,2023,2023-06-11,한화,145.0,,148.0,,,138.9,,,,,
백승현,2023,2023-06-14,삼성,139.8,,149.0,,,139.1,,,,,
백승현,2023,2023-06-15,삼성,143.9,,147.5,,,137.0,,,135.2,,
백승현,2023,2023-07-26,KT,140.9,,142.7,,,135.8,,,,,
백승현,2023,2023-07-28,두산,148.4,,148.4,,,,,,,,
백승현,2023,2023-07-30,두산,145.6,,149.0,,,140.4,,,137.0,,
백승현,2023,2023-08-01,키움,145.6,,148.8,,,139.3,,,136.0,,
백승현,2023,2023-08-03,키움,145.6,,148.4,,,139.5,,,136.3,,
백승현,2023,2023-08-05,삼성,144.4,,148.3,,,140.8,,,137.7,,
백승현,2023,2023-08-09,KIA,140.6,,146.7,,,137.5,,,,,
백승현,2023,2023-08-11,키움,142.0,,145.9,,,138.3,,,133.5,,
백승현,2023,2023-08-13,키움,143.0,,145.6,,,135.5,,,132.0,,
백승현,2023,2023-08-16,삼성,147.3,,148.3,,,,,,137.0,,
백승현,2023,2023-08-18,SSG,144.8,,147.1,,,138.5,,,,,
백승현,2023,2023-08-20,SSG,143.4,,147.1,,,138.7,,,140.0,,
백승현,2023,2023-08-26,NC,143.5,,147.5,,,138.5,,,136.0,,
백승현,2023,2023-08-27,NC,141.4,,146.6,,,139.9,,,133.5,,
백승현,2023,2023-08-31,두산,145.6,,148.1,,,142.0,,,135.0,,
백승현,2023,2023-09-03,한화,142.0,,146.1,,,138.7,,,132.5,,
백승현,2023,2023-09-05,KT,139.6,,145.5,,,137.2,,,132.7,,
백승현,2023,2023-09-06,KT,141.0,,146.0,,,138.0,,,,,
백승현,2023,2023-09-08,KIA,143.3,,147.2,,,140.1,,,131.5,,
백승현,2023,2023-09-10,KIA,140.8,,147.0,,,140.8,,,131.0,,
백승현,2023,2023-09-16,SSG,142.9,,145.6,,,139.2,,,,,
백승현,2023,2023-09-17,SSG,141.7,,145.5,,,137.8,,,131.0,,
백승현,2023,2023-09-19,KIA,142.6,,146.0,,,137.5,,,132.0,,
백승현,2023,2023-09-21,SSG,143.1,,146.7,,,138.8,,,131.5,,
백승현,2023,2023-09-23,한화,142.0,,145.6,,,138.8,,,134.0,,
백승현,2023,2023-09-27,KT,143.8,,145.9,,,,,,133.0,,
백승현,2023,2023-09-29,두산,142.2,,145.9,,,138.0,,,,,
백승현,2023,2023-10-01,두산,143.0,,146.5,,,137.0,,,135.0,,
백승현,2023,2023-10-02,KT,144.3,,146.6,,,141.0,,,,,
백승현,2023,2023-10-04,롯데,139.7,,145.5,,,138.7,,,133.2,,
백승현,2023,2023-10-06,KIA,144.7,,147.2,,,139.6,,,,,
백승현,2023,2023-10-10,롯데,143.7,,145.5,,,137.7,,,,,
백승현,2023,2023-10-15,두산,144.1,,145.4,,,138.0,,,,,
백승현,2023,2023-11-08,KT,140.6,,144.6,,,137.8,,,,,
백승현,2023,2023-11-10,KT,134.3,,143.0,,,136.0,,,126.7,,
백승현,2023,2023-11-11,KT,138.8,,142.4,,,135.2,,,,,
백승현,2022,2022-04-23,두산,149.0,,149.0,,,,,,,,
백승현,2022,2022-04-26,삼성,138.7,,142.6,,,133.2,,,,,
백승현,2022,2022-05-28,삼성,146.0,,148.4,,,137.0,,,,,
백승현,2022,2022-06-01,롯데,145.4,,146.9,,,135.8,,,,,
백승현,2022,2022-06-04,SSG,142.3,,144.8,,,134.8,,,,,
백승현,2022,2022-06-10,두산,147.9,,149.3,,,138.0,,,,,
백승현,2022,2022-09-29,KT,143.9,,146.8,,,138.4,,,135.0,,
백승현,2022,2022-10-01,NC,143.1,,147.0,,,139.0,,,135.5,,
백승현,2022,2022-10-04,KIA,143.0,,146.3,,,138.0,,,,,
백승현,2022,2022-10-06,KIA,143.4,,148.1,,,138.9,,,135.5,,
백승현,2022,2022-10-08,롯데,144.4,,146.4,,,,,,137.5,,
백승현,2022,2022-10-11,KT,143.0,,146.1,,,138.4,,,134.0,,
백승현,2021,2021-06-05,KIA,149.4,,150.9,,,138.0,,,,,
백승현,2021,2021-09-23,삼성,142.8,,147.8,,,136.4,,,,,
백승현,2021,2021-09-30,두산,149.0,,149.0,,,,,,,,
백승현,2021,2021-10-01,두산,144.5,,150.1,,,139.6,,,,,
백승현,2021,2021-10-05,SSG,145.3,,150.2,,,139.3,,,,,
백승현,2021,2021-10-06,SSG,142.7,,149.0,,,137.0,,,,,
백승현,2021,2021-10-11,KT,146.9,,149.8,,,138.8,,,,,
백승현,2021,2021-10-13,롯데,147.8,,151.1,,,140.0,,,,,
백승현,2021,2021-10-15,롯데,145.0,,149.6,,,138.5,,,,,
백승현,2021,2021-10-17,NC,144.1,,149.2,,,137.4,,,,,
백승현,2021,2021-10-19,키움,145.0,,151.0,,,139.0,,,,,
백승현,2021,2021-10-21,키움,144.0,,148.7,,,137.4,,,,,
백승현,2021,2021-10-24,두산,144.8,,150.4,,,138.3,,,140.0,,
백승현,2021,2021-10-25,롯데,145.0,,148.4,,,135.3,,,,,
백승현,2021,2021-10-27,한화,141.8,,147.4,,,134.9,,,,,
백승현,2021,2021-10-30,롯데,146.3,,149.4,,,137.8,,,,,
백승현,2021,2021-11-04,두산,144.4,,148.8,,,136.6,,,,,
백승현,2021,2021-11-07,두산,141.0,,146.1,,,135.5,,,,,
성동현,2024,2024-05-21,한화,139.5,,146.0,,,128.3,,,136.0,,
성동현,2024,2024-05-30,SSG,144.0,,144.9,,,,,,132.0,,
성동현,2023,2023-05-31,롯데,141.5,,148.2,,,134.7,,,,,
손주영,2024,2024-03-28,삼성,135.4,,143.1,,114.3,128.3,,,129.2,,
손주영,2024,2024-04-03,NC,135.8,,143.4,,116.9,128.6,,,129.3,,
손주영,2024,2024-04-09,KIA,136.2,,144.2,,118.0,131.3,,,130.8,,
손주영,2024,2024-04-14,두산,137.3,,143.8,,116.8,129.8,,,129.9,,
손주영,2024,2024-04-21,SSG,135.0,,143.0,,115.6,131.1,,,129.4,,
손주영,2024,2024-04-28,KIA,136.4,,143.6,,116.7,131.3,,,130.6,,
손주영,2024,2024-05-04,두산,134.5,,143.7,,118.5,129.5,,,130.5,,
손주영,2024,2024-05-11,롯데,134.3,,143.9,,115.6,129.5,,,130.3,,
손주영,2024,2024-05-19,KT,134.8,,144.6,,116.3,130.1,,,129.9,,
손주영,2024,2024-05-25,NC,135.4,,143.6,,114.9,128.4,,,130.7,,
손주영,2024,2024-05-31,두산,133.2,,143.4,,114.2,127.8,,,129.2,,
손주영,2024,2024-06-06,키움,134.0,,144.0,,113.2,126.8,,,129.4,,
손주영,2024,2024-06-12,삼성,132.8,,142.3,,113.6,126.6,,,128.8,,
손주영,2024,2024-06-18,KIA,133.8,,145.0,,115.3,132.7,,,129.9,,
손주영,2024,2024-06-23,KT,137.2,,145.1,,116.3,130.9,,,131.3,,
손주영,2024,2024-06-30,NC,138.3,,146.0,,119.0,133.5,,,131.2,,
손주영,2024,2024-07-13,한화,133.6,,143.9,,118.9,127.4,,,129.5,,
손주영,2024,2024-07-21,두산,135.0,,143.6,,116.7,129.0,,,131.2,,
손주영,2024,2024-07-31,삼성,133.9,,143.2,,118.5,126.8,,,129.2,,
손주영,2024,2024-08-06,두산,137.5,,144.0,,121.3,130.4,,,129.6,,
손주영,2024,2024-08-11,NC,134.1,,142.0,,119.0,129.5,,,127.8,,
손주영,2024,2024-08-17,KIA,134.7,,143.5,,119.8,129.7,,,130.5,,
손주영,2024,2024-08-23,키움,136.2,,144.7,,121.5,131.9,,,129.0,,
손주영,2024,2024-08-29,KT,137.4,,143.6,,120.5,132.8,,,130.3,,
손주영,2024,2024-09-06,한화,135.0,,143.7,,118.9,132.7,,,128.8,,
손주영,2024,2024-09-15,NC,136.1,,144.2,,120.1,134.1,,,131.0,,
손주영,2024,2024-09-21,두산,135.6,,144.9,,120.0,133.1,,,133.2,,
손주영,2024,2024-09-26,키움,141.5,,146.6,,117.0,127.7,,,,,
손주영,2024,2024-10-08,KT,138.7,,145.1,,119.2,133.1,,,134.6,,
손주영,2024,2024-10-11,KT,139.7,,146.9,,121.0,135.6,,,135.5,,
손주영,2024,2024-10-15,삼성,134.0,,143.0,,118.3,127.1,,,133.3,,
손주영,2024,2024-10-19,삼성,138.6,,145.4,,119.0,133.0,,,132.2,,
손주영,2023,2023-09-09,KIA,141.5,,145.4,,117.5,134.3,,,,,
손주영,2023,2023-09-28,삼성,138.4,,142.5,,116.2,129.3,133.0,,,,
손주영,2023,2023-10-10,롯데,136.0,,142.5,,116.2,128.6,128.0,,,,
손주영,2022,2022-04-06,키움,138.4,,143.8,,117.1,132.4,127.3,,,,
손주영,2022,2022-04-13,SSG,136.3,,141.1,,113.7,131.0,129.2,,,,
손주영,2022,2022-04-21,KT,135.0,,141.4,,117.0,131.1,131.4,,,,
손주영,2021,2021-06-10,NC,138.3,,142.4,,117.0,130.4,128.0,,,,
손주영,2021,2021-08-14,롯데,133.8,,140.0,,111.3,127.7,125.9,,127.0,,
손주영,2021,2021-08-20,NC,135.7,,140.1,,112.0,127.5,,,127.0,,
손주영,2021,2021-08-29,키움,135.6,,141.9,,114.9,130.5,,,,,
손주영,2021,2021-09-04,KT,134.3,,140.7,,111.7,128.9,,,127.6,,
손주영,2021,2021-09-12,두산,135.5,,142.3,,115.7,130.8,,,133.2,,
손주영,2021,2021-10-03,키움,134.3,,140.4,,114.1,128.8,,,131.3,,
송승기,2023,2023-04-01,KT,141.0,,144.6,,,132.0,131.3,,,,
송승기,2022,2022-04-21,KT,136.1,,140.1,,110.3,127.6,128.5,,,,
송승기,2022,2022-05-26,키움,142.2,,143.5,,,132.0,130.0,,,,
송승기,2022,2022-07-24,NC,136.6,,142.6,,114.0,129.8,129.0,,,,
송승기,2022,2022-10-02,NC,135.4,,142.3,,118.0,130.7,128.8,,,,
송승기,2022,2022-10-04,KIA,139.3,,142.5,,120.0,130.0,,,,,
송승기,2022,2022-10-06,KIA,137.3,,141.1,,118.0,129.5,,,,,
송승기,2022,2022-10-08,롯데,139.3,,140.3,,,129.0,,,,,
심창민,2023,2023-04-01,삼성,130.5,,141.3,,121.0,128.2,,,,,
심창민,2023,2023-04-02,삼성,130.3,,139.1,,121.8,126.5,128.4,,,,
심창민,2023,2023-04-04,두산,130.3,,140.0,,,128.4,,,,,
심창민,2023,2023-05-03,LG,130.9,,138.4,,,127.2,,,,,
심창민,2023,2023-05-09,KT,128.8,,138.4,,119.2,123.4,128.5,,,,
심창민,2022,2022-04-02,SSG,136.2,,140.0,,,128.7,,,,,
심창민,2022,2022-04-05,롯데,139.6,,142.8,,,130.5,129.0,,,,
심창민,2022,2022-04-24,KT,142.9,,144.6,,,132.5,,,,,
심창민,2022,2022-04-26,두산,138.9,,142.7,,121.0,131.0,131.0,,,,
심창민,2022,2022-04-29,한화,136.1,,142.9,,124.2,131.0,130.0,,,,
심창민,2022,2022-05-03,삼성,127.3,,139.5,,120.6,128.2,,,,,
심창민,2022,2022-05-04,삼성,134.1,,140.2,,,126.0,,,,,
심창민,2022,2022-05-05,삼성,135.8,,141.6,,121.5,130.6,,,,,
심창민,2022,2022-05-07,LG,137.7,,142.6,,,130.2,130.3,,,,
심창민,2022,2022-05-11,롯데,130.9,,141.0,,118.0,126.5,,,,,
심창민,2022,2022-05-14,SSG,130.1,,140.5,,122.0,128.7,,,,,
심창민,2021,2021-04-04,키움,136.8,,145.4,,,125.8,132.0,,,,
심창민,2021,2021-04-06,두산,128.2,,141.2,,119.0,126.0,,,,,
심창민,2021,2021-04-08,두산,135.8,,143.8,,121.0,126.5,,,,,
심창민,2021,2021-04-10,KT,128.6,,140.4,,115.5,126.1,,,,,
심창민,2021,2021-04-13,한화,130.9,,141.4,,118.3,126.6,,,,,
심창민,2021,2021-04-18,롯데,143.3,,145.1,,,130.0,,,,,
심창민,2021,2021-04-21,SSG,133.8,,141.7,,122.5,130.1,,,,,
심창민,2021,2021-04-22,SSG,135.3,,142.5,,122.0,129.3,,,,,
심창민,2021,2021-04-27,NC,137.5,,144.5,,121.0,129.5,134.0,,,,
심창민,2021,2021-04-29,NC,138.5,,145.2,,124.0,133.0,,,,,
심창민,2021,2021-05-01,LG,131.2,,141.5,,116.0,127.7,130.7,,,,
심창민,2021,2021-05-05,한화,126.3,,,,120.0,128.3,,,,,
심창민,2021,2021-05-06,한화,132.1,,141.7,,118.3,126.6,133.0,,,,
심창민,2021,2021-05-08,롯데,127.5,,142.0,,120.0,128.0,,,,,
심창민,2021,2021-05-09,롯데,137.2,,144.4,,118.5,127.8,,,,,
심창민,2021,2021-05-12,KT,129.7,,139.8,,116.8,126.0,128.2,,,,
심창민,2021,2021-05-17,LG,136.4,,144.2,,120.8,130.5,132.3,,,,
심창민,2021,2021-05-21,KIA,134.0,,145.5,,121.9,130.8,130.0,,,,
심창민,2021,2021-05-26,NC,135.0,,142.7,,118.3,127.1,134.0,,,,
심창민,2021,2021-05-29,두산,132.7,,143.2,,118.3,130.5,132.0,,,,
심창민,2021,2021-05-30,두산,134.9,,144.2,,120.8,128.7,134.0,,,,
심창민,2021,2021-06-02,SSG,130.7,,143.4,,120.4,127.8,,,,,
심창민,2021,2021-06-04,키움,136.0,,142.2,,,129.8,,,,,
심창민,2021,2021-06-06,키움,133.3,,142.0,,119.0,132.5,,,,,
심창민,2021,2021-06-08,KIA,133.2,,144.5,,120.0,126.2,,,,,
심창민,2021,2021-06-09,KIA,134.6,,146.5,,121.3,130.4,132.0,,,,
심창민,2021,2021-06-10,KIA,136.5,,146.5,,122.0,130.6,133.0,,,,
심창민,2021,2021-06-12,NC,130.8,,,,125.0,132.7,,,,,
심창민,2021,2021-06-13,NC,138.3,,144.7,,122.6,132.1,,,,,
심창민,2021,2021-06-15,두산,134.4,,143.8,,120.0,129.8,134.0,,,,
심창민,2021,2021-06-16,두산,136.4,,145.1,,123.0,129.8,133.7,,,,
심창민,2021,2021-06-18,롯데,141.3,,143.3,,,128.5,,,,,
심창민,2021,2021-06-23,한화,130.3,,139.7,,117.0,127.4,130.0,,,,
심창민,2021,2021-06-26,LG,130.0,,141.8,,118.0,127.6,129.5,,,,
심창민,2021,2021-06-27,LG,131.2,,141.1,,118.5,128.4,129.7,,,,
심창민,2021,2021-06-30,SSG,133.5,,145.3,,119.8,127.7,131.0,,,,
심창민,2021,2021-07-08,KT,136.9,,144.4,,119.3,129.3,,,,,
심창민,2021,2021-07-10,롯데,122.0,,140.0,,118.4,,,,,,
심창민,2021,2021-08-12,두산,134.7,,143.5,,119.7,129.1,131.0,,,,
심창민,2021,2021-08-14,KT,134.7,,141.4,,118.0,129.4,,,,,
심창민,2021,2021-08-15,KT,134.1,,143.7,,116.7,126.0,131.0,,,,
심창민,2021,2021-08-17,한화,133.1,,139.0,,,126.0,,,,,
심창민,2021,2021-08-24,SSG,128.3,,142.7,,116.5,127.7,128.3,,,,
심창민,2021,2021-08-28,KT,135.8,,140.5,,,126.5,,,,,
심창민,2021,2021-09-11,한화,135.5,,144.6,,118.5,131.0,,,,,
심창민,2021,2021-09-12,한화,133.8,,144.2,,117.7,130.3,,,,,
심창민,2021,2021-09-15,LG,122.4,,137.0,,117.2,126.5,,,,,
심창민,2021,2021-09-17,KIA,134.3,,143.3,,,128.0,132.0,,,,
심창민,2021,2021-09-19,SSG,133.6,,144.0,,116.0,126.3,131.0,,,,
심창민,2021,2021-09-21,롯데,131.9,,141.0,,121.0,130.0,,,,,
심창민,2021,2021-09-23,LG,133.4,,139.9,,118.0,127.8,,,,,
심창민,2021,2021-09-25,NC,133.0,,140.2,,116.0,,129.0,,,,
심창민,2021,2021-09-30,한화,134.1,,138.8,,,126.6,,,,,
심창민,2021,2021-10-03,두산,132.6,,139.6,,118.0,125.7,,,,,
심창민,2021,2021-10-06,키움,133.7,,141.8,,120.0,129.2,133.3,,,,
심창민,2021,2021-10-14,KIA,134.6,,141.8,,118.0,126.5,129.3,,,,
심창민,2021,2021-10-16,키움,134.3,,139.1,,120.0,125.4,125.0,,,,
심창민,2021,2021-10-19,두산,127.7,,137.0,,117.0,125.8,,,,,
심창민,2021,2021-10-27,키움,133.0,,141.0,,116.0,127.5,,,,,
심창민,2021,2021-11-10,두산,133.2,,140.4,,119.0,127.4,128.0,,,,
심창민,2020,2020-08-29,키움,138.8,,146.2,,,131.5,131.0,,,,
심창민,2020,2020-09-01,KIA,134.8,,144.7,,123.1,133.2,,,,,
심창민,2020,2020-09-04,두산,137.2,,143.7,,120.8,131.6,131.7,,,,
심창민,2020,2020-09-08,한화,135.4,,142.8,,119.0,131.0,129.6,,,,
심창민,2020,2020-09-09,한화,133.7,,141.6,,120.7,129.7,129.0,,,,
심창민,2020,2020-09-11,롯데,139.8,,145.7,,122.0,132.0,,,,,
심창민,2020,2020-09-15,KT,137.1,,143.9,,118.0,130.5,121.0,,,,
심창민,2020,2020-09-18,KIA,136.6,,142.1,,117.3,129.0,,,,,
심창민,2020,2020-09-20,키움,135.5,,142.8,,121.3,130.0,131.0,,,,
심창민,2020,2020-09-22,NC,134.3,,143.0,,,128.5,,,,,
심창민,2020,2020-09-26,SK,132.4,,142.6,,120.0,128.5,129.5,,,,
심창민,2020,2020-09-29,KT,135.0,,142.5,,120.0,129.4,,,,,
심창민,2020,2020-10-01,KT,134.9,,142.0,,117.0,128.0,,,,,
심창민,2020,2020-10-03,NC,136.7,,144.5,,122.0,130.1,,,,,
심창민,2020,2020-10-04,NC,138.8,,142.3,,120.5,130.5,,,,,
심창민,2020,2020-10-08,LG,133.7,,143.3,,119.5,129.8,,,,,
심창민,2020,2020-10-09,롯데,131.4,,139.0,,116.0,123.8,,,,,
심창민,2020,2020-10-11,롯데,131.9,,139.3,,118.0,127.5,132.0,,,,
심창민,2020,2020-10-15,SK,132.8,,143.4,,120.2,130.0,,,,,
심창민,2020,2020-10-17,한화,132.6,,143.0,,,130.0,,,,,
심창민,2020,2020-10-18,한화,136.2,,140.5,,,126.2,,,,,
심창민,2020,2020-10-25,KIA,129.7,,141.7,,119.3,128.0,,,,,
심창민,2020,2020-10-30,NC,128.7,,144.3,,120.0,128.6,135.0,,,,
에르난데스,2024,2024-08-08,두산,138.7,145.1,145.9,138.8,117.4,130.7,134.5,,,,
에르난데스,2024,2024-08-14,한화,137.5,144.2,144.9,139.2,119.9,130.4,134.4,,,,
에르난데스,2024,2024-08-20,SSG,139.5,144.1,146.5,135.9,121.9,130.7,134.6,,,,
에르난데스,2024,2024-08-25,키움,139.0,144.5,146.0,139.0,119.0,130.0,134.8,,,,
에르난데스,2024,2024-08-29,KT,138.8,,147.9,,,129.1,134.0,,,,
에르난데스,2024,2024-09-03,KIA,137.4,145.0,147.1,138.0,121.3,130.2,135.7,,,,
에르난데스,2024,2024-09-08,한화,137.4,142.9,144.7,138.5,118.3,129.9,133.3,,,,
에르난데스,2024,2024-09-14,NC,138.9,144.7,146.8,138.0,120.8,131.1,133.5,,,,
에르난데스,2024,2024-09-21,두산,143.9,,148.0,,122.3,129.5,135.5,,,,
에르난데스,2024,2024-09-26,키움,140.3,145.0,148.0,138.2,122.5,132.9,136.2,,,,
에르난데스,2024,2024-10-05,KT,141.0,,149.6,,122.5,132.2,137.0,,,,
에르난데스,2024,2024-10-06,KT,141.3,,148.0,139.0,116.0,128.6,136.0,,,,
에르난데스,2024,2024-10-08,KT,145.0,,148.7,,,,134.0,,,,
에르난데스,2024,2024-10-09,KT,143.3,,150.0,140.0,,130.6,138.0,,,,
에르난데스,2024,2024-10-11,KT,137.5,,146.0,136.0,121.0,126.5,133.7,,,,
에르난데스,2024,2024-10-17,삼성,142.4,,149.4,138.0,121.5,131.3,136.2,,,,
우강훈,2024,2024-03-24,SSG,146.2,,147.5,,,130.0,,,,,
우강훈,2024,2024-04-05,KT,145.9,,148.0,,,129.0,,,,,
우강훈,2024,2024-04-21,SSG,146.2,,148.7,,,131.0,,,,,
우강훈,2024,2024-04-23,삼성,135.6,,142.7,,120.8,,131.0,,,,
우강훈,2024,2024-04-26,KIA,138.1,,145.9,,123.2,126.0,133.0,,,,
우강훈,2024,2024-04-28,KIA,141.5,,145.9,,,125.3,130.5,,,,
우강훈,2024,2024-04-30,NC,143.8,,146.0,,120.0,,,,,,
우강훈,2024,2024-05-07,SSG,141.8,,146.7,,,124.5,,,,,
우강훈,2024,2024-05-14,키움,145.3,,147.0,,,,132.3,,,,
우강훈,2024,2024-05-19,KT,142.7,,145.8,,121.0,,132.0,,,,
우강훈,2024,2024-06-09,KT,141.2,,145.5,,,127.4,133.0,,,,
우강훈,2024,2024-06-11,삼성,139.2,,145.6,,,125.0,,,,,
우강훈,2024,2024-09-21,두산,137.8,,144.6,,126.3,,,,,,
우강훈,2023,2023-10-05,LG,138.9,,146.9,,121.8,132.0,125.0,,,,
우강훈,2023,2023-10-09,LG,140.6,,147.5,,123.0,,126.0,,,,
우강훈,2023,2023-10-12,KIA,138.2,,144.2,,119.5,,126.7,,,,
유영찬,2024,2024-03-24,한화,140.1,,146.5,,,135.0,,,135.0,,
유영찬,2024,2024-03-26,삼성,140.5,,145.8,,,135.2,,,,,
유영찬,2024,2024-03-27,삼성,141.9,,146.0,,,,,,135.0,,
유영찬,2024,2024-03-29,키움,142.4,,146.4,,,135.0,,,,,
유영찬,2024,2024-04-03,NC,141.7,,145.7,,,132.8,,,,,
유영찬,2024,2024-04-04,NC,141.6,,147.5,,,136.0,,,137.5,,
유영찬,2024,2024-04-06,KT,139.5,,146.9,,,133.4,,,135.2,,
유영찬,2024,2024-04-10,KIA,147.6,,149.1,,,137.0,,,,,
유영찬,2024,2024-04-12,두산,141.2,,148.4,,,135.7,,,138.0,,
유영찬,2024,2024-04-17,롯데,142.7,,147.7,,,135.7,,,136.4,,
유영찬,2024,2024-04-19,SSG,143.2,,147.3,,,136.6,,,135.0,,
유영찬,2024,2024-04-21,SSG,140.1,,148.2,,,135.3,,,137.2,,
유영찬,2024,2024-04-26,KIA,142.3,,147.6,,,134.5,,,135.8,,
유영찬,2024,2024-04-27,KIA,141.0,,145.9,,,136.2,,,135.2,,
유영찬,2024,2024-05-02,NC,140.1,,148.9,,,136.8,,,136.2,,
유영찬,2024,2024-05-08,SSG,144.0,,147.9,,,134.0,,,137.0,,
유영찬,2024,2024-05-09,SSG,145.8,,147.8,,,136.0,,,,,
유영찬,2024,2024-05-11,롯데,143.0,,148.5,,,136.4,,,136.5,,
유영찬,2024,2024-05-12,롯데,142.5,,148.4,,,135.2,,,136.0,,
유영찬,2024,2024-05-18,KT,142.3,,147.8,,,134.3,,,136.3,,
유영찬,2024,2024-05-22,한화,136.4,,146.7,,,133.0,,,134.5,,
유영찬,2024,2024-05-23,한화,141.9,,146.7,,,132.2,,,137.0,,
유영찬,2024,2024-05-26,NC,145.3,,148.6,,,,,,137.0,,
유영찬,2024,2024-05-28,SSG,144.3,,148.8,,,,,,137.5,,
유영찬,2024,2024-05-31,두산,142.8,,149.7,,,136.6,,,137.8,,
유영찬,2024,2024-06-01,두산,145.9,,150.0,,,133.0,,,137.8,,
유영찬,2024,2024-06-05,키움,147.3,,150.1,,,,,,137.0,,
유영찬,2024,2024-06-06,키움,146.1,,148.5,,,134.0,,,,,
유영찬,2024,2024-06-14,롯데,143.6,,149.1,,,135.0,,,136.0,,
유영찬,2024,2024-06-15,롯데,140.6,,149.3,,,,,,136.5,,
유영찬,2024,2024-06-19,KIA,143.6,,150.1,,,135.9,,,138.4,,
유영찬,2024,2024-06-21,KT,142.8,,149.3,,,136.3,,,136.4,,
유영찬,2024,2024-06-23,KT,140.5,,148.5,,,134.5,,,137.0,,
유영찬,2024,2024-06-26,삼성,141.2,,148.4,,,132.4,,,134.0,,
유영찬,2024,2024-06-30,NC,143.8,,148.6,,,134.0,,,135.2,,
유영찬,2024,2024-07-04,키움,145.4,,149.2,,,135.0,,,136.6,,
유영찬,2024,2024-07-10,KIA,143.7,,149.0,,,134.5,,,137.3,,
유영찬,2024,2024-07-13,한화,141.6,,146.2,,,132.2,,,133.0,,
유영찬,2024,2024-07-14,한화,139.4,,145.6,,,130.2,,,132.5,,
유영찬,2024,2024-07-17,SSG,143.2,,147.7,,,132.5,,,136.2,,
유영찬,2024,2024-07-21,두산,141.2,,148.8,,,132.0,,,136.4,,
유영찬,2024,2024-07-23,롯데,141.5,,146.5,,,133.4,,,134.8,,
유영찬,2024,2024-07-25,롯데,142.9,,146.9,,,136.0,,,134.7,,
유영찬,2024,2024-08-08,두산,142.0,,149.0,,,135.0,,,,,
유영찬,2024,2024-08-09,NC,139.9,,148.1,,,133.3,,,,,
유영찬,2024,2024-08-11,NC,142.3,,148.6,,,135.1,,,,,
유영찬,2024,2024-08-13,한화,137.4,,144.5,,,130.6,,,132.8,,
유영찬,2024,2024-08-16,KIA,143.4,,148.0,,,134.6,,,136.0,,
유영찬,2024,2024-08-20,SSG,140.3,,147.5,,,133.0,,,,,
유영찬,2024,2024-08-28,KT,139.1,,147.5,,,134.4,,,135.0,,
유영찬,2024,2024-08-29,KT,139.9,,147.3,,,134.0,,,135.8,,
유영찬,2024,2024-09-06,한화,141.4,,148.2,,,134.8,,,136.7,,
유영찬,2024,2024-09-10,롯데,146.1,,149.3,,,,,,136.5,,
유영찬,2024,2024-09-11,키움,144.6,,150.2,,,,,,138.0,,
유영찬,2024,2024-09-14,NC,142.2,,149.0,,,134.5,,,137.0,,
유영찬,2024,2024-09-18,롯데,141.1,,146.5,,,132.5,,,136.2,,
유영찬,2024,2024-09-19,롯데,139.3,,146.3,,,133.5,,,136.7,,
유영찬,2024,2024-09-22,두산,144.5,,147.2,,,131.0,,,,,
유영찬,2024,2024-09-24,SSG,140.0,,148.2,,,134.9,,,135.7,,
유영찬,2024,2024-09-26,키움,142.8,,147.0,,,131.7,,,134.0,,
유영찬,2024,2024-09-28,삼성,136.6,,145.8,,,131.5,,,134.2,,
유영찬,2024,2024-10-06,KT,142.5,,147.7,,,132.5,,,137.7,,
유영찬,2024,2024-10-08,KT,142.0,,145.9,,,134.2,,,,,
유영찬,2024,2024-10-09,KT,139.0,,146.3,,,134.6,,,137.0,,
유영찬,2024,2024-10-13,삼성,140.8,,145.0,,,132.0,,,133.0,,
유영찬,2024,2024-10-15,삼성,137.4,,145.2,,,130.4,,,133.0,,
유영찬,2024,2024-10-19,삼성,141.4,,149.5,,,136.0,,,,,
유영찬,2023,2023-04-01,KT,141.3,,149.5,,,138.5,,,,,
유영찬,2023,2023-04-04,키움,146.8,,147.8,,,135.0,,,,,
유영찬,2023,2023-04-07,삼성,143.4,,146.7,,,136.0,,,132.8,,
유영찬,2023,2023-04-11,롯데,145.2,,147.1,,,137.7,,,134.0,,
유영찬,2023,2023-04-13,롯데,140.5,,147.3,,,138.2,,,133.8,,
유영찬,2023,2023-04-16,두산,143.4,,147.7,,,136.6,,,134.5,,
유영찬,2023,2023-04-18,NC,143.0,,146.5,,,138.0,,,132.0,,
유영찬,2023,2023-04-20,NC,144.1,,147.2,,,134.3,,,134.0,,
유영찬,2023,2023-04-23,한화,143.2,,145.4,,,136.0,,,132.0,,
유영찬,2023,2023-04-26,SSG,142.5,,147.9,,,136.1,,,134.8,,
유영찬,2023,2023-04-28,KIA,143.0,,148.6,,,135.2,,,136.3,,
유영찬,2023,2023-04-29,KIA,143.0,,146.7,,,136.2,,,136.0,,
유영찬,2023,2023-05-02,NC,145.6,,147.8,,,,,,136.0,,
유영찬,2023,2023-05-03,NC,142.3,,148.0,,,136.7,,,136.0,,
유영찬,2023,2023-05-10,키움,141.0,,147.0,,,136.8,,,136.0,,
유영찬,2023,2023-05-11,키움,140.9,,147.0,,,135.3,,,136.5,,
유영찬,2023,2023-05-14,삼성,146.6,,149.2,,,139.0,,,,,
유영찬,2023,2023-05-17,KT,144.1,,149.0,,,138.5,,,136.7,,
유영찬,2023,2023-05-20,한화,146.6,,147.9,,,,,,136.0,,
유영찬,2023,2023-05-23,SSG,146.2,,149.4,,,,,,137.7,,
유영찬,2023,2023-05-24,SSG,145.0,,149.3,,,,,,137.5,,
유영찬,2023,2023-05-26,KIA,146.3,,148.8,,,137.0,,,135.5,,
유영찬,2023,2023-05-27,KIA,139.2,,149.0,,,137.2,,,,,
유영찬,2023,2023-05-30,롯데,144.4,,147.4,,,139.0,,,134.5,,
유영찬,2023,2023-06-02,NC,141.0,,148.1,,,135.9,,,137.0,,
유영찬,2023,2023-06-04,NC,140.9,,146.6,,,132.8,,,136.0,,
유영찬,2023,2023-06-06,키움,141.3,,147.3,,,132.8,,,135.0,,
유영찬,2023,2023-06-07,키움,140.6,,147.7,,,133.2,,,136.0,,
유영찬,2023,2023-06-11,한화,141.6,,148.8,,,130.4,,,135.2,,
유영찬,2023,2023-06-14,삼성,145.4,,147.8,,,138.0,,,136.0,,
유영찬,2023,2023-06-16,두산,141.3,,146.5,,,131.7,,,132.4,,
유영찬,2023,2023-06-20,NC,138.5,,147.4,,120.8,130.2,,,136.1,,
유영찬,2023,2023-07-25,KT,139.6,,143.9,,,132.3,,,132.7,,
유영찬,2023,2023-07-26,KT,138.9,,143.3,,,133.9,,,132.5,,
유영찬,2023,2023-07-29,두산,139.3,,146.2,,,134.7,,,136.0,,
유영찬,2023,2023-08-01,키움,144.8,,146.8,,,135.0,,,,,
유영찬,2023,2023-08-03,키움,137.8,,146.7,,,134.6,,,136.0,,
유영찬,2023,2023-08-04,삼성,140.2,,146.0,,,136.8,,,137.0,,
유영찬,2023,2023-08-06,삼성,141.4,,147.7,,,136.8,,,,,
유영찬,2023,2023-08-09,KIA,137.8,,146.0,,,133.8,,,,,
유영찬,2023,2023-08-11,키움,141.0,,146.0,,,,,,136.7,,
유영찬,2023,2023-08-12,키움,141.1,,145.2,,120.0,133.5,,,136.0,,
유영찬,2023,2023-08-15,삼성,143.1,,148.0,,,137.0,,,138.4,,
유영찬,2023,2023-08-18,SSG,141.4,,147.1,,,134.7,,,136.2,,
유영찬,2023,2023-08-19,SSG,140.0,,146.1,,,133.0,,,134.8,,
유영찬,2023,2023-08-24,롯데,140.5,,147.0,,,134.5,,,136.8,,
유영찬,2023,2023-08-26,NC,141.3,,147.1,,,137.7,,,136.5,,
유영찬,2023,2023-08-27,NC,141.1,,147.7,,124.0,137.6,,,137.3,,
유영찬,2023,2023-08-31,두산,141.2,,148.0,,,138.7,,,136.0,,
유영찬,2023,2023-09-02,한화,140.9,,147.1,,,137.8,,,135.8,,
유영찬,2023,2023-09-05,KT,142.2,,146.0,,,139.3,,,136.0,,
유영찬,2023,2023-09-09,KIA,145.1,,149.1,,,141.5,,,138.8,,
유영찬,2023,2023-09-10,KIA,143.8,,149.0,,,140.0,,,136.4,,
유영찬,2023,2023-09-16,SSG,143.9,,146.9,,,135.5,,,136.0,,
유영찬,2023,2023-09-17,SSG,143.7,,146.7,,,137.5,,,136.5,,
유영찬,2023,2023-09-21,SSG,145.0,,148.6,,,138.5,,,137.7,,
유영찬,2023,2023-09-24,한화,144.5,,149.1,,,138.0,,,137.0,,
유영찬,2023,2023-09-27,KT,144.1,,148.2,,,136.3,,,,,
유영찬,2023,2023-09-29,두산,142.0,,147.4,,,136.9,,,134.7,,
유영찬,2023,2023-10-01,두산,143.6,,148.6,,,135.2,,,137.0,,
유영찬,2023,2023-10-04,롯데,140.9,,148.1,,,134.4,,,136.8,,
유영찬,2023,2023-10-06,KIA,137.7,,146.0,,,132.2,,,136.0,,
유영찬,2023,2023-10-10,롯데,138.0,,145.5,,,133.0,,,133.0,,
유영찬,2023,2023-10-14,두산,141.4,,146.2,,,132.0,,,134.0,,
유영찬,2023,2023-10-15,두산,138.2,,147.0,,,133.9,,,135.5,,
유영찬,2023,2023-11-08,KT,140.6,,146.8,,,136.4,,,,,
유영찬,2023,2023-11-10,KT,142.4,,145.8,,,136.9,,,136.2,,
유영찬,2023,2023-11-13,KT,139.2,,145.1,,,135.7,,,133.0,,
이믿음,2024,2024-06-04,키움,133.9,139.2,,,,123.3,127.5,,,,
이상영,2024,2024-06-16,롯데,132.8,138.5,138.5,,,129.2,,,125.9,,
이상영,2024,2024-06-21,KT,134.5,139.3,138.6,,,128.3,,,127.5,,
이상영,2024,2024-06-27,삼성,133.2,139.2,139.9,,,128.5,,,126.3,,
이상영,2024,2024-07-03,키움,135.7,142.0,141.8,,,130.3,,,127.0,,
이상영,2024,2024-07-04,키움,134.6,139.4,141.0,,,127.0,,,,,
이상영,2024,2024-07-09,KIA,130.7,140.5,142.0,,,125.5,,,,,
이상영,2024,2024-07-11,KIA,137.6,141.3,142.3,,,129.6,,,130.0,,
이상영,2024,2024-07-30,삼성,132.6,137.4,141.0,,,128.4,,,124.0,,
이상영,2023,2023-06-14,삼성,131.1,,138.0,,,126.2,123.9,,,,
이상영,2023,2023-06-20,NC,132.1,,137.8,,113.0,126.8,122.7,,,,
이상영,2023,2023-09-16,SSG,140.0,,140.9,,,,133.0,,,,
이상영,2023,2023-10-07,키움,139.4,,142.2,,,135.0,131.0,,,,
이상영,2023,2023-10-09,롯데,136.3,,141.1,,,134.6,128.9,,,,
이상영,2023,2023-10-13,NC,141.0,,143.0,,,136.2,132.8,,,,
이상영,2021,2021-04-08,KT,129.3,,136.0,,111.5,126.0,123.9,,,,
이상영,2021,2021-05-02,삼성,134.1,,139.1,,,129.1,127.3,,,,
이상영,2021,2021-05-13,KIA,131.1,,136.9,,113.8,128.3,126.2,,,,
이상영,2021,2021-05-19,NC,131.4,131.8,137.5,,108.0,129.0,126.4,,,,
이상영,2021,2021-05-26,롯데,135.7,,140.9,,116.5,128.5,130.5,,,,
이상영,2021,2021-06-01,KT,133.8,,138.6,,110.0,128.7,127.2,,,,
이상영,2021,2021-06-06,KIA,140.6,,142.5,,,134.3,133.0,,,,
이상영,2021,2021-06-09,NC,137.0,141.0,142.7,,115.0,132.9,130.3,,,,
이상영,2021,2021-06-12,두산,138.6,,144.7,,,132.5,131.0,,,,
이상영,2021,2021-06-16,키움,134.5,,140.7,,113.7,129.1,129.9,,,,
이상영,2021,2021-06-23,SSG,137.3,,140.1,,,130.8,127.8,,,,
이상영,2021,2021-08-20,NC,136.1,,142.4,,,130.8,127.0,,,,
이상영,2021,2021-08-29,키움,143.9,,146.4,,,133.0,132.5,,,,
이상영,2021,2021-08-31,롯데,137.6,,142.7,,117.0,133.1,131.6,,,,
이상영,2021,2021-09-12,두산,141.6,,144.5,,115.0,134.7,132.7,,,,
이상영,2021,2021-09-18,KIA,139.0,,143.8,,,131.2,132.0,,,,
이상영,2021,2021-09-21,한화,140.0,,142.5,,,132.8,130.0,,,,
이상영,2021,2021-09-30,두산,141.3,,144.3,,,135.5,135.5,,,,
이상영,2021,2021-10-05,SSG,138.1,,145.3,,,135.2,131.5,,,,
이상영,2021,2021-10-06,SSG,136.8,,142.1,,,133.2,129.2,,,,
이상영,2021,2021-10-24,두산,137.3,,141.9,,118.7,134.2,130.2,,,,
이우찬,2024,2024-03-23,한화,137.3,,145.6,,122.0,131.5,,,131.0,,
이우찬,2024,2024-03-26,삼성,135.0,,141.5,,,126.4,,,,,
이우찬,2024,2024-03-27,삼성,136.6,,143.5,,116.0,129.7,,,132.0,,
이우찬,2024,2024-03-29,키움,133.8,,144.0,,,127.0,,,,,
이우찬,2024,2024-04-02,NC,137.4,,145.1,,,132.9,,,133.5,,
이우찬,2024,2024-04-03,NC,139.6,,142.3,,,127.5,,,,,
이우찬,2024,2024-04-05,KT,137.1,,143.2,,,126.8,,,132.4,,
이우찬,2024,2024-04-06,KT,134.5,,142.9,,118.0,128.4,,,133.0,,
이우찬,2024,2024-04-10,KIA,136.3,,145.1,,121.5,128.5,,,135.5,,
이우찬,2024,2024-04-12,두산,142.2,,144.8,,,130.0,,,136.0,,
이우찬,2024,2024-04-14,두산,137.4,,142.9,,119.0,,,,132.0,,
이우찬,2024,2024-04-16,롯데,138.7,,145.4,,,128.0,,,134.7,,
이우찬,2024,2024-04-17,롯데,138.3,,143.0,,,129.0,,,,,
이우찬,2024,2024-04-21,SSG,135.2,,146.0,,,129.4,,,133.5,,
이우찬,2024,2024-04-23,삼성,133.2,,140.7,,,123.5,,,129.8,,
이우찬,2024,2024-04-26,KIA,137.1,,145.2,,,129.3,,,132.8,,
이우찬,2024,2024-04-27,KIA,138.4,,144.6,,,131.0,,,131.8,,
이우찬,2024,2024-05-02,NC,138.8,,145.3,,,133.4,,,131.0,,
이우찬,2024,2024-05-03,두산,140.8,,143.4,,,129.5,,,136.4,,
이우찬,2024,2024-05-08,SSG,138.9,,142.5,,,131.6,,,,,
이우찬,2024,2024-05-09,SSG,136.8,,141.8,117.0,,130.2,,,,,
이우찬,2024,2024-05-12,롯데,139.3,,143.5,,,135.7,,,132.4,,
이우찬,2024,2024-05-14,키움,139.8,,143.9,,,133.2,,,127.0,,
이우찬,2024,2024-05-16,키움,137.9,,142.9,,123.5,134.8,,,135.3,,
이우찬,2024,2024-05-18,KT,137.0,,143.8,,,123.7,,,136.5,,
이우찬,2024,2024-05-19,KT,138.8,,143.4,,124.0,,,,133.4,,
이우찬,2024,2024-05-23,한화,136.6,,142.5,,121.0,,,,134.5,,
이우찬,2024,2024-05-25,NC,140.8,,143.9,,118.5,133.7,,,,,
이우찬,2024,2024-05-28,SSG,142.6,,146.2,,124.0,,,,136.0,,
이우찬,2024,2024-06-09,KT,141.2,,146.6,,,,,,135.0,,
이우찬,2024,2024-06-11,삼성,138.9,,141.6,,,130.2,,,,,
이우찬,2024,2024-06-15,롯데,140.1,,145.1,,121.0,134.0,,,135.0,,
이우찬,2024,2024-06-27,삼성,137.3,,143.5,,121.5,133.2,,,130.0,,
이우찬,2024,2024-06-28,NC,136.2,,146.0,,120.0,131.8,,,,,
이우찬,2024,2024-06-30,NC,139.8,,140.7,,,,,,130.0,,
이우찬,2024,2024-08-06,두산,139.5,,145.1,,121.0,,,,,,
이우찬,2024,2024-08-07,두산,143.1,,143.1,,,,,,,,
이우찬,2024,2024-08-21,SSG,143.3,,144.7,,,133.0,,,,,
이우찬,2024,2024-08-23,키움,140.0,,142.8,,,131.5,,,,,
이우찬,2024,2024-09-08,한화,140.4,,143.8,,,133.0,,,135.3,,
이우찬,2024,2024-09-21,두산,139.8,,140.9,,,131.5,,,,,
이우찬,2023,2023-04-12,롯데,137.1,,143.4,,122.5,132.5,,,,,
이우찬,2023,2023-04-14,두산,141.2,,145.0,,124.0,134.5,,,,,
이우찬,2023,2023-04-16,두산,140.0,,143.4,,,130.4,,,,,
이우찬,2023,2023-04-18,NC,142.2,,142.2,,,,,,,,
이우찬,2023,2023-04-19,NC,142.9,,144.2,,,134.5,,,,,
이우찬,2023,2023-04-22,한화,142.1,,145.0,,119.0,136.0,,,,,
이우찬,2023,2023-04-23,한화,135.7,,140.4,,117.0,130.2,,,133.0,,
이우찬,2023,2023-04-26,SSG,139.8,,142.8,,,131.8,,,132.8,,
이우찬,2023,2023-04-29,KIA,137.0,,141.8,,119.2,131.3,,,133.5,,
이우찬,2023,2023-05-27,KIA,135.9,,145.4,,119.0,131.0,,,133.0,,
이우찬,2023,2023-05-31,롯데,137.1,,142.9,,121.3,127.0,,,136.0,,
이우찬,2023,2023-06-02,NC,139.8,,142.2,,,132.0,,,,,
이우찬,2023,2023-06-03,NC,135.3,,141.6,,119.5,130.0,,,132.0,,
이우찬,2023,2023-06-24,롯데,143.4,,144.8,,,,,,135.5,,
이우찬,2023,2023-06-25,롯데,137.9,,143.1,,118.0,132.0,,,,,
이우찬,2023,2023-07-02,KIA,137.0,,142.5,,116.5,131.6,,,132.0,,
이우찬,2023,2023-07-08,롯데,136.4,,142.0,,121.0,131.3,,,132.0,,
이우찬,2023,2023-07-09,롯데,136.9,,144.0,,115.5,133.0,,,133.7,,
이우찬,2023,2023-07-21,SSG,133.5,,142.5,,116.0,133.0,,,,,
이우찬,2023,2023-07-27,KT,135.3,,139.5,,119.0,131.0,,,,,
이우찬,2023,2023-07-30,두산,138.7,,144.4,,123.0,134.8,,,,,
이우찬,2023,2023-08-03,키움,140.1,,145.6,,124.3,136.5,,,,,
이우찬,2023,2023-08-04,삼성,141.1,,146.2,,126.5,137.8,,,,,
이우찬,2023,2023-08-13,키움,135.4,,141.3,,119.0,134.6,,,,,
이우찬,2023,2023-08-17,삼성,136.1,,143.0,,120.0,137.0,,,133.0,,
이우찬,2023,2023-09-02,한화,134.6,,143.0,,120.0,133.5,,,,,
이우찬,2023,2023-09-07,KT,131.0,,142.7,,119.5,133.2,,,133.0,,
이우찬,2023,2023-09-09,KIA,142.9,,145.2,,,136.0,,,,,
이우찬,2023,2023-09-10,KIA,137.1,,143.8,,118.0,133.0,,,133.8,,
이우찬,2023,2023-09-16,SSG,137.5,,144.4,,120.5,132.0,,,134.0,,
이우찬,2023,2023-09-17,SSG,138.3,,144.2,,121.3,133.8,,,135.0,,
이우찬,2023,2023-09-28,삼성,137.5,,144.7,,124.7,130.0,,,132.0,,
이우찬,2023,2023-09-30,두산,137.3,,143.3,,,132.5,,,133.6,,
이우찬,2023,2023-10-02,KT,136.6,,143.8,,124.7,,,,,,
이우찬,2023,2023-10-05,롯데,136.4,,144.0,,121.7,129.0,,,135.0,,
이우찬,2023,2023-10-06,KIA,137.1,,145.2,,125.0,129.7,,,134.0,,
이우찬,2023,2023-10-09,롯데,136.4,,143.0,,123.2,127.5,,,134.0,,
이우찬,2023,2023-10-13,NC,138.2,,146.6,,124.7,,,,135.6,,
이우찬,2023,2023-11-11,KT,135.9,,140.3,,122.0,,,,129.5,,
이우찬,2022,2022-04-23,두산,138.6,,147.3,,123.2,135.7,,,138.0,,
이우찬,2022,2022-04-30,롯데,139.6,,143.2,,124.0,,,,137.0,,
이우찬,2022,2022-05-01,롯데,138.2,,142.5,,,135.3,,,,,
이우찬,2022,2022-05-04,두산,139.6,,146.7,,125.8,138.2,,,,,
이우찬,2022,2022-05-06,NC,139.0,,146.5,,122.6,137.0,,,138.2,,
이우찬,2022,2022-05-12,한화,137.8,,145.6,,121.5,135.4,,,133.0,,
이우찬,2022,2022-05-15,KIA,136.9,,146.7,,123.7,134.0,,,135.0,,
이우찬,2022,2022-05-18,KT,131.2,,143.5,,119.4,132.0,,,134.5,,
이우찬,2022,2022-07-06,삼성,134.8,,142.8,,121.3,130.8,,,131.0,,
이우찬,2022,2022-07-08,두산,139.1,,146.1,,122.7,134.2,,,138.0,,
이우찬,2022,2022-07-10,두산,140.5,,145.6,,124.5,133.5,,,,,
이우찬,2022,2022-07-12,KIA,140.0,,147.8,,125.2,137.5,,,136.7,,
이우찬,2022,2022-07-23,NC,138.8,,146.4,,123.4,135.9,,,138.0,,
이우찬,2022,2022-07-27,SSG,139.3,,146.0,,123.5,135.0,,,,,
이우찬,2022,2022-08-02,롯데,139.2,,145.6,,126.0,136.3,,,137.0,,
이우찬,2022,2022-08-05,키움,141.7,,145.8,,121.5,136.2,,,136.0,,
이우찬,2022,2022-08-12,한화,140.4,,147.0,,,136.0,,,,,
이우찬,2022,2022-08-14,NC,138.4,,145.5,,119.8,134.5,,,133.0,,
이우찬,2022,2022-08-17,삼성,142.4,,147.1,,125.0,138.0,,,138.0,,
이우찬,2022,2022-08-20,두산,138.9,,147.2,,125.0,135.0,,,,,
이우찬,2022,2022-08-21,두산,140.1,,145.7,,119.5,131.7,,,,,
이우찬,2022,2022-08-28,키움,140.5,,147.4,,122.8,140.0,,,136.0,,
이우찬,2022,2022-08-31,NC,140.7,,145.8,,124.3,134.6,,,,,
이우찬,2022,2022-09-06,SSG,138.8,,144.9,,122.2,131.6,,,,,
이우찬,2022,2022-09-09,키움,140.8,,144.5,,121.0,134.0,,,137.0,,
이우찬,2022,2022-09-11,삼성,142.0,,145.0,,,133.0,,,,,
이우찬,2022,2022-09-14,두산,139.9,,144.4,,120.0,132.5,,,137.0,,
이우찬,2022,2022-09-18,한화,143.7,,146.6,,122.0,127.0,,,,,
이우찬,2022,2022-09-21,KIA,141.3,,146.5,,123.0,,,,139.0,,
이우찬,2022,2022-09-24,한화,140.2,,145.8,,123.0,136.5,,,,,
이우찬,2022,2022-09-25,SSG,136.0,,144.5,,124.5,130.5,,,,,
이우찬,2022,2022-09-29,KT,137.7,,144.7,,123.3,130.7,,,138.5,,
이우찬,2022,2022-10-01,NC,141.1,,145.1,,122.7,131.0,,,136.0,,
이우찬,2022,2022-10-05,KIA,141.1,,145.5,,122.7,138.0,,,,,
이우찬,2022,2022-10-07,NC,144.4,,145.5,,,,,,136.0,,
이우찬,2022,2022-10-11,KT,138.4,,145.6,,122.8,133.7,,,137.2,,
이우찬,2022,2022-10-25,키움,136.9,,144.0,,123.8,132.6,,,134.5,,
이우찬,2021,2021-05-21,SSG,134.9,,142.8,,114.3,128.8,,,126.6,,
이우찬,2021,2021-05-29,키움,134.8,,145.5,,116.2,130.5,,,133.9,,
이우찬,2021,2021-06-01,KT,133.4,,142.9,,118.7,128.0,,,130.5,,
이우찬,2021,2021-06-05,KIA,135.6,,145.2,,120.0,133.4,,,132.0,,
이우찬,2021,2021-06-09,NC,135.1,143.3,143.9,,117.8,131.3,,,130.3,,
이우찬,2021,2021-06-26,삼성,133.3,,140.6,,113.0,127.8,,,132.3,,
이우찬,2021,2021-07-01,KT,136.8,,144.5,,119.8,131.2,,,136.7,,
이우찬,2021,2021-09-04,KT,135.1,,140.6,,117.8,128.6,,,130.6,,
이우찬,2021,2021-09-11,두산,131.5,,141.8,,113.8,129.0,,,131.5,,
이우찬,2021,2021-09-12,두산,130.6,,139.1,,115.0,126.7,,,130.7,,
이우찬,2021,2021-09-18,KIA,132.3,,139.4,,116.2,127.1,,,128.5,,
이우찬,2021,2021-09-24,삼성,134.2,,141.1,,119.0,129.6,,,132.3,,
이우찬,2021,2021-09-30,두산,135.1,,141.3,,119.3,129.1,,,136.6,,
이우찬,2021,2021-10-06,SSG,133.1,,139.8,,119.7,126.8,,,,,
이우찬,2021,2021-10-27,한화,135.4,,139.3,,116.0,126.4,,,128.0,,
이우찬,2020,2020-06-16,한화,134.7,,139.3,,,126.1,,,,,
이우찬,2020,2020-06-19,두산,129.5,,135.3,,111.0,126.6,,,,,
이우찬,2020,2020-07-17,한화,136.8,,137.5,,,,,,130.0,,
이우찬,2020,2020-09-20,두산,131.8,,139.7,,112.9,125.6,,,132.8,,
이종준,2024,2024-04-18,롯데,138.9,,145.0,,,131.8,,,,,
이종준,2024,2024-04-21,SSG,142.5,,147.1,,,136.0,134.0,,,,
이종준,2024,2024-04-24,삼성,138.9,,143.1,,,128.0,128.7,,,,
이종준,2024,2024-04-28,KIA,140.7,,145.3,,,134.4,,,,,
이종준,2024,2024-04-30,NC,141.8,,146.2,,,136.9,133.0,,,,
이종준,2024,2024-05-03,두산,140.9,,145.8,,,135.9,132.0,,,,
이종준,2024,2024-05-10,롯데,137.7,,147.2,,122.3,134.0,,,,,
이종준,2024,2024-05-14,키움,137.1,,146.5,,123.6,,,,,,
이종준,2024,2024-05-17,KT,139.4,,144.2,,121.0,133.0,134.0,,,,
이종준,2024,2024-05-21,한화,132.7,,141.4,,119.1,129.7,129.0,,,,
이종준,2024,2024-08-10,NC,144.4,,147.1,,125.0,137.0,,,,,
이종준,2024,2024-08-15,한화,141.8,,144.1,,,132.0,127.0,,,,
이종준,2024,2024-08-17,KIA,142.1,,146.1,,,132.2,,,,,
이종준,2024,2024-08-21,SSG,135.0,,145.0,,,130.0,,,,,
이종준,2024,2024-08-22,SSG,136.6,,145.5,,117.8,133.0,132.0,,,,
이종준,2024,2024-08-24,키움,138.0,,145.8,,116.8,134.0,,,,,
이종준,2024,2024-08-29,KT,134.2,,146.5,,118.0,133.0,130.5,,,,
이종준,2024,2024-08-30,KT,136.3,,144.8,,115.3,134.0,,,128.0,,
이종준,2024,2024-09-04,SSG,141.6,,145.7,,113.5,128.0,,,,,
이종준,2024,2024-09-06,한화,132.4,,147.0,,117.2,132.8,,,,,
이종준,2024,2024-09-10,롯데,140.1,,146.9,,,132.9,,,128.0,,
이종준,2024,2024-09-15,NC,133.6,,146.1,,114.0,128.4,,,131.0,,
이종준,2024,2024-09-17,롯데,136.4,,145.3,,116.6,133.3,,,129.0,,
이종준,2024,2024-09-19,롯데,144.9,,147.2,,118.0,133.0,,,,,
이종준,2024,2024-09-21,두산,142.8,,147.1,,,133.2,,,,,
이종준,2024,2024-09-24,SSG,142.2,,149.1,,119.0,,,,133.0,,
이종준,2024,2024-09-28,삼성,136.8,,142.9,,116.7,133.0,,,,,
이종준,2024,2024-10-13,삼성,140.6,,143.9,,114.0,,,,,,
이종준,2024,2024-10-15,삼성,137.6,,143.4,,115.5,136.5,,,,,
이지강,2024,2024-03-27,삼성,130.9,,141.3,,116.1,134.0,126.6,,,,
이지강,2024,2024-03-30,키움,132.4,,140.6,,117.0,132.1,126.6,,,,
이지강,2024,2024-04-02,NC,138.4,,142.5,,117.0,134.0,128.0,,,,
이지강,2024,2024-04-03,NC,136.0,,141.3,,118.0,133.7,127.0,,,,
이지강,2024,2024-04-05,KT,130.4,,142.2,,116.0,131.0,127.3,,,,
이지강,2024,2024-04-07,KT,136.0,,141.8,,120.0,133.7,128.0,,,,
이지강,2024,2024-04-09,KIA,137.4,,143.7,,120.0,134.0,127.2,,,,
이지강,2024,2024-06-05,키움,137.5,,143.4,,121.0,135.0,130.0,,,,
이지강,2024,2024-06-07,KT,138.9,,143.4,,,134.0,128.5,,,,
이지강,2024,2024-06-09,KT,133.7,,143.2,,120.7,135.2,130.0,,,,
이지강,2024,2024-06-11,삼성,130.7,,140.0,,117.0,130.0,,,,,
이지강,2024,2024-06-12,삼성,127.1,,140.8,,116.7,128.5,124.8,,,,
이지강,2024,2024-06-14,롯데,135.3,,142.3,,,135.0,128.3,,,,
이지강,2024,2024-06-15,롯데,135.0,,143.1,,120.3,132.7,130.1,,,,
이지강,2024,2024-06-18,KIA,132.8,,143.2,,120.3,132.4,129.0,,,,
이지강,2024,2024-06-19,KIA,139.3,,143.6,,120.0,,,,,,
이지강,2024,2024-06-21,KT,130.3,,142.0,,120.8,132.2,129.0,,,,
이지강,2024,2024-06-23,KT,136.5,,142.2,,118.3,131.3,130.2,,,,
이지강,2024,2024-06-28,NC,132.3,,142.2,,117.3,132.0,129.8,,,,
이지강,2024,2024-07-09,KIA,131.8,,141.5,,115.8,133.0,127.3,,,,
이지강,2024,2024-07-25,롯데,133.8,,140.9,,120.4,132.7,129.9,,,,
이지강,2024,2024-07-28,한화,134.4,,143.2,,118.8,134.0,130.8,,,,
이지강,2024,2024-07-30,삼성,131.1,,143.0,,122.0,129.8,131.0,,,,
이지강,2024,2024-07-31,삼성,142.5,,144.5,,,133.7,,,,,
이지강,2024,2024-08-03,롯데,138.7,,145.8,,119.0,130.0,133.0,,,,
이지강,2024,2024-08-06,두산,136.4,,144.1,,123.0,132.0,,,,,
이지강,2024,2024-08-08,두산,132.7,,141.8,,118.2,129.9,129.0,,,,
이지강,2024,2024-08-09,NC,135.5,,143.1,,122.2,131.1,130.7,,,,
이지강,2024,2024-08-13,한화,136.5,,142.1,,122.0,129.3,,,,,
이지강,2024,2024-08-14,한화,138.7,,142.0,,,132.0,,,,,
이지강,2024,2024-08-17,KIA,135.5,,143.2,,121.0,130.0,131.0,,,,
이지강,2024,2024-08-18,KIA,138.7,,142.4,,,130.0,129.0,,,,
이지강,2024,2024-08-20,SSG,138.8,,143.9,,120.0,132.0,130.5,,,,
이지강,2024,2024-08-21,SSG,131.1,,141.4,,119.3,129.0,127.8,,,,
이지강,2024,2024-08-23,키움,136.0,,143.6,,123.3,128.0,128.5,,,,
이지강,2024,2024-08-27,KT,134.6,,143.1,,122.0,129.8,129.0,,,,
이지강,2024,2024-08-28,KT,133.6,,144.7,,124.2,129.2,130.0,,,,
이지강,2024,2024-09-03,KIA,132.5,,144.0,,119.0,,129.0,,,,
이지강,2024,2024-09-05,SSG,132.6,,142.6,,120.5,129.2,128.0,,,,
이지강,2024,2024-09-07,한화,135.0,,144.3,,122.3,130.0,129.6,,,,
이지강,2024,2024-09-11,키움,131.9,,143.0,,118.5,131.0,127.0,,,,
이지강,2024,2024-09-14,NC,136.4,,144.0,,119.0,131.0,129.0,,,,
이지강,2024,2024-09-15,NC,139.8,,144.2,,121.0,131.5,,,,,
이지강,2024,2024-09-18,롯데,126.0,,,,,,126.0,,,,
이지강,2024,2024-09-21,두산,136.6,,143.6,,118.2,133.8,130.4,,,,
이지강,2024,2024-09-28,삼성,134.2,,141.0,,120.6,133.0,128.7,,,,
이지강,2024,2024-10-13,삼성,136.9,,142.1,,124.0,137.7,130.5,,,,
이지강,2023,2023-04-12,롯데,138.1,,144.0,,117.0,131.0,,,,,
이지강,2023,2023-04-14,두산,139.3,,144.7,,,133.3,132.5,,,,
이지강,2023,2023-05-02,NC,132.4,,141.5,,115.4,126.2,128.2,,,,
이지강,2023,2023-05-12,삼성,133.5,,144.3,,118.1,131.5,131.0,,,,
이지강,2023,2023-05-18,KT,134.9,,143.5,,117.8,126.5,127.8,,,,
이지강,2023,2023-05-24,SSG,137.3,,144.0,,120.6,132.0,129.6,,,,
이지강,2023,2023-06-04,NC,134.2,,142.8,,120.0,130.9,129.6,,,,
이지강,2023,2023-06-08,키움,133.2,,142.1,,118.2,129.9,128.6,,,,
이지강,2023,2023-06-22,NC,136.7,,145.1,,120.2,131.8,130.0,,,,
이지강,2023,2023-06-28,SSG,134.6,,144.7,,119.9,132.7,128.2,,,,
이지강,2023,2023-07-05,KT,135.6,,143.8,,118.0,132.0,127.4,,,,
이지강,2023,2023-07-29,두산,135.2,,144.6,,121.8,133.5,132.2,,,,
이지강,2023,2023-08-04,삼성,136.6,,144.7,,120.0,135.0,131.8,,,,
이지강,2023,2023-08-13,키움,134.0,,141.2,,116.8,132.8,129.0,,,,
이지강,2023,2023-09-01,한화,133.1,,141.7,,115.0,137.0,127.4,,,,
이지강,2023,2023-09-08,KIA,141.8,,144.9,,117.0,137.2,,,,,
이지강,2023,2023-09-09,KIA,133.9,,142.5,,115.8,134.2,128.0,,,,
이지강,2023,2023-09-19,KIA,137.5,,143.1,,117.5,134.3,130.1,,,,
이지강,2023,2023-09-27,KT,134.3,,141.8,,,133.2,125.7,,,,
이지강,2023,2023-10-01,두산,135.7,,143.9,,118.6,135.0,129.0,,,,
이지강,2023,2023-10-07,키움,136.0,,141.1,,117.0,132.8,126.0,,,,
이지강,2023,2023-10-13,NC,133.8,,141.4,,117.6,129.0,128.6,,,,
이지강,2022,2022-05-10,한화,142.6,,144.6,,121.0,,134.7,,,,
이지강,2022,2022-05-13,KIA,138.7,,143.9,,120.5,130.0,131.0,,,,
이지강,2022,2022-06-15,삼성,138.6,,144.8,,118.0,129.0,128.5,,,,
이지강,2022,2022-10-06,KIA,139.3,,142.8,,121.5,131.9,130.8,,,,
임준형,2024,2024-07-17,SSG,139.7,,143.4,,,133.0,127.0,,,,
임준형,2024,2024-07-25,롯데,139.3,,146.0,,,135.1,,,,,
임준형,2024,2024-07-28,한화,136.3,,144.2,,123.0,132.7,130.0,,,,
임준형,2024,2024-07-30,삼성,137.9,,143.5,,,133.4,,,,,
임준형,2024,2024-07-31,삼성,134.1,,143.4,,,129.5,,,,,
임준형,2024,2024-08-03,롯데,137.6,,143.2,,,132.5,128.5,,,,
임준형,2024,2024-08-10,NC,138.6,,143.7,,122.0,133.0,122.5,,,,
임준형,2024,2024-08-22,SSG,134.6,,143.0,,123.5,131.8,,,,,
임준형,2024,2024-08-24,키움,138.8,,144.1,,,127.0,,,,,
임준형,2024,2024-08-29,KT,135.6,,142.5,,,131.0,,,,,
임준형,2024,2024-09-03,KIA,132.2,,144.0,,122.0,131.7,,,,,
임준형,2024,2024-09-05,SSG,137.2,,144.9,,120.0,133.5,125.0,,,,
임준형,2024,2024-09-08,한화,139.8,,144.8,,,134.8,,,,,
임준형,2024,2024-09-11,키움,142.8,,145.6,,,137.2,,,,,
임준형,2024,2024-09-17,롯데,133.5,,143.3,,122.0,135.5,126.5,,,,
임준형,2024,2024-09-19,롯데,136.4,,144.9,,123.3,135.0,129.8,,,,
임준형,2024,2024-09-21,두산,132.9,,142.6,,120.3,132.8,125.2,,,,
임준형,2024,2024-09-28,삼성,133.7,,142.7,,122.5,132.2,129.3,,,,
임준형,2022,2022-04-07,키움,131.1,,140.5,,119.0,133.0,127.3,,,,
임준형,2022,2022-04-09,NC,131.8,,139.8,,117.7,131.1,124.3,,,,
임준형,2022,2022-04-15,한화,132.4,,141.1,,117.5,133.6,125.0,,,,
임준형,2022,2022-04-17,한화,128.8,,138.9,,114.1,130.3,122.6,,,,
임준형,2022,2022-04-23,두산,133.1,,138.9,,117.2,130.6,123.0,,,,
임준형,2022,2022-04-29,롯데,130.7,,138.6,,116.1,129.4,124.0,,,,
임준형,2022,2022-05-31,롯데,134.7,,140.9,,120.2,126.2,130.6,,,,
임준형,2022,2022-06-05,SSG,131.8,,138.9,,119.3,131.8,127.6,,,,
임준형,2022,2022-06-12,두산,135.8,,140.8,,121.3,132.8,130.0,,,,
임준형,2022,2022-10-07,NC,132.6,,141.1,,117.1,132.8,128.7,,,,
임준형,2021,2021-09-03,NC,134.2,137.5,142.3,,117.0,121.0,130.5,,,,
임준형,2021,2021-09-05,KT,133.9,,142.1,,118.1,134.6,130.2,,,,
임준형,2021,2021-10-09,KT,131.4,,141.3,,115.2,131.3,129.0,,,,
임준형,2021,2021-10-16,NC,131.2,,139.5,,117.0,132.1,129.2,,,,
임준형,2021,2021-10-21,키움,132.5,,139.0,,116.6,132.5,126.4,,,,
임준형,2021,2021-10-26,한화,133.9,,140.5,,116.3,133.2,128.0,,,,
임준형,2021,2021-11-07,두산,133.6,,140.1,,119.1,133.7,129.0,,,,
임찬규,2024,2024-03-24,한화,128.6,,140.8,134.0,109.6,,126.3,,,,
임찬규,2024,2024-03-30,키움,128.4,,140.3,134.1,108.6,,126.6,,,,
임찬규,2024,2024-04-05,KT,127.7,,138.6,132.3,108.8,,124.5,,,,
임찬규,2024,2024-04-11,KIA,130.3,,142.6,133.8,111.2,,129.5,,,,
임찬규,2024,2024-04-17,롯데,128.2,,139.1,132.8,110.5,,126.8,,,,
임찬규,2024,2024-04-23,삼성,123.8,,139.2,133.0,109.6,,125.5,,,,
임찬규,2024,2024-04-28,KIA,130.4,,143.2,138.0,113.6,,130.3,,,,
임찬규,2024,2024-05-02,NC,125.8,,142.8,134.5,112.9,,129.1,,,,
임찬규,2024,2024-05-09,SSG,124.8,,139.7,131.8,109.9,,124.9,,,,
임찬규,2024,2024-05-17,KT,125.9,,141.8,135.0,111.4,,126.2,,,,
임찬규,2024,2024-05-23,한화,125.3,,140.4,131.7,107.9,,125.9,,,,
임찬규,2024,2024-05-29,SSG,127.6,,143.2,135.7,109.1,,128.6,,,,
임찬규,2024,2024-06-23,KT,127.1,,140.2,,108.8,,125.0,,,,
임찬규,2024,2024-07-04,키움,128.3,,141.0,132.0,108.4,,126.4,,,,
임찬규,2024,2024-07-11,KIA,124.8,,140.4,133.0,108.9,,127.6,,,,
임찬규,2024,2024-07-19,두산,126.7,,140.9,133.0,110.2,,125.2,,,,
임찬규,2024,2024-08-01,삼성,129.1,,141.2,134.0,110.6,,128.4,,,,
임찬규,2024,2024-08-09,NC,132.4,,141.3,133.5,111.1,,128.9,,,,
임찬규,2024,2024-08-15,한화,127.5,,138.5,128.2,108.2,,125.5,,,,
임찬규,2024,2024-08-21,SSG,126.5,,139.6,134.1,108.5,,126.9,,,,
임찬규,2024,2024-08-27,KT,128.3,,139.9,131.4,111.5,,127.8,,,,
임찬규,2024,2024-09-04,SSG,122.1,,137.4,130.0,107.1,,123.8,,,,
임찬규,2024,2024-09-10,롯데,128.0,,140.4,131.5,108.9,,125.7,,,,
임찬규,2024,2024-09-18,롯데,126.4,,139.9,130.0,107.3,,127.4,,,,
임찬규,2024,2024-09-24,SSG,130.0,,141.5,131.8,109.3,,127.9,,,,
임찬규,2024,2024-10-06,KT,127.6,,140.6,134.0,110.0,,127.7,,,,
임찬규,2024,2024-10-11,KT,130.0,,141.0,132.5,111.2,,127.9,,,,
임찬규,2024,2024-10-17,삼성,129.5,,141.3,,109.3,132.0,127.2,,,,
임찬규,2023,2023-04-02,KT,131.2,,140.1,,110.5,132.9,125.2,,,,
임찬규,2023,2023-04-05,키움,129.2,,140.0,,110.4,134.5,128.2,,,,
임찬규,2023,2023-04-09,삼성,130.5,,141.0,,110.0,132.5,125.7,,,,
임찬규,2023,2023-04-11,롯데,129.4,,141.8,,111.3,130.0,126.8,,,,
임찬규,2023,2023-04-16,두산,130.9,,139.9,,108.5,129.5,125.4,,,,
임찬규,2023,2023-04-22,한화,129.7,,138.4,,107.8,125.0,124.9,,,,
임찬규,2023,2023-04-28,KIA,128.9,,141.2,,109.6,133.0,126.3,,,,
임찬규,2023,2023-05-11,키움,127.2,,140.8,,110.6,126.9,125.9,,,,
임찬규,2023,2023-05-17,KT,130.0,,140.6,,110.1,129.0,127.3,,,,
임찬규,2023,2023-05-23,SSG,132.2,,143.4,,112.1,130.3,129.7,,,,
임찬규,2023,2023-05-28,KIA,130.1,,143.9,,110.0,131.5,128.0,,,,
임찬규,2023,2023-06-03,NC,126.7,,141.7,,109.7,128.0,124.7,,,,
임찬규,2023,2023-06-09,한화,127.0,,143.7,,110.2,131.7,127.9,,,,
임찬규,2023,2023-06-15,삼성,128.1,,141.0,,110.7,125.0,126.7,,,,
임찬규,2023,2023-06-21,NC,129.9,,143.6,,111.5,133.2,128.4,,,,
임찬규,2023,2023-06-27,SSG,132.5,,144.1,,112.8,131.9,129.0,,,,
임찬규,2023,2023-07-05,KT,130.4,,140.7,,110.7,133.6,126.2,,,,
임찬규,2023,2023-07-26,KT,129.3,,138.7,,109.7,132.2,126.0,,,,
임찬규,2023,2023-08-01,키움,131.7,,142.2,,109.1,128.5,129.3,,,,
임찬규,2023,2023-08-06,삼성,129.1,,141.9,,112.3,127.5,128.9,,,,
임찬규,2023,2023-08-13,키움,128.3,,140.8,,111.1,131.0,127.0,,,,
임찬규,2023,2023-08-19,SSG,127.6,,141.6,,112.5,129.7,128.1,,,,
임찬규,2023,2023-08-27,NC,130.7,,144.3,,111.5,,130.0,,,,
임찬규,2023,2023-09-03,한화,127.3,,139.9,,109.7,127.8,126.0,,,,
임찬규,2023,2023-09-09,KIA,130.5,,142.6,,113.6,131.1,129.2,,,,
임찬규,2023,2023-09-17,SSG,128.7,,141.5,,111.7,129.0,129.5,,,,
임찬규,2023,2023-09-23,한화,127.6,,142.6,,110.7,,128.4,,,,
임찬규,2023,2023-09-29,두산,130.6,,141.1,,111.2,128.9,128.3,,,,
임찬규,2023,2023-10-05,롯데,126.8,,139.8,,110.0,129.0,127.3,,,,
임찬규,2023,2023-10-15,두산,126.9,,140.6,,109.3,130.0,128.3,,,,
임찬규,2023,2023-11-10,KT,128.4,,140.0,,110.6,129.0,126.2,,,,
임찬규,2022,2022-04-05,키움,132.3,,142.5,,116.6,130.9,128.0,,,,
임찬규,2022,2022-04-12,SSG,130.5,,141.6,,112.6,130.1,127.2,,,,
임찬규,2022,2022-04-17,한화,131.1,,139.0,,111.8,128.8,123.5,,,,
임찬규,2022,2022-04-24,두산,136.1,,143.9,,115.8,131.8,127.6,,,,
임찬규,2022,2022-05-01,롯데,129.7,,140.8,,110.9,128.6,123.6,,,,
임찬규,2022,2022-05-13,KIA,129.6,140.0,140.8,,112.5,129.1,122.4,,,,
임찬규,2022,2022-05-19,KT,128.2,,135.3,,110.1,126.0,123.3,,,,
임찬규,2022,2022-05-25,키움,129.6,,140.1,,111.8,129.8,124.9,,,,
임찬규,2022,2022-06-18,키움,131.6,,140.9,,112.5,129.5,125.2,,,,
임찬규,2022,2022-06-24,KT,133.4,,142.7,,113.7,129.7,127.8,,,,
임찬규,2022,2022-07-03,롯데,130.6,,141.6,,111.5,130.5,123.2,,,,
임찬규,2022,2022-07-09,두산,127.4,,139.9,,112.1,128.9,124.9,,,,
임찬규,2022,2022-07-27,SSG,129.5,,140.9,,112.2,130.8,125.0,,,,
임찬규,2022,2022-08-03,롯데,131.6,,141.2,,112.1,129.4,127.3,,,,
임찬규,2022,2022-08-14,NC,131.7,,142.4,,113.4,131.1,127.8,,,,
임찬규,2022,2022-08-21,두산,131.5,,141.2,,113.2,131.0,127.5,,,,
임찬규,2022,2022-08-27,키움,131.1,,142.4,,114.2,129.3,127.4,,,,
임찬규,2022,2022-09-08,키움,129.9,,142.7,,114.8,130.0,125.4,,,,
임찬규,2022,2022-09-14,두산,129.9,,140.8,,113.9,128.3,124.3,,,,
임찬규,2022,2022-09-22,롯데,132.1,,143.4,,114.4,135.2,125.9,,,,
임찬규,2022,2022-09-28,한화,130.6,,140.6,,110.7,,124.8,,,,
임찬규,2022,2022-10-04,KIA,128.3,,140.0,,111.8,131.8,124.9,,,,
임찬규,2022,2022-10-11,KT,133.6,,140.1,,111.0,130.0,124.9,,,,
임찬규,2022,2022-10-27,키움,130.8,,142.4,,114.5,,127.6,,,,
임찬규,2021,2021-04-13,키움,129.9,,139.6,,111.4,,126.3,,,,
임찬규,2021,2021-04-24,한화,126.5,,137.9,,110.1,,123.7,,,,
임찬규,2021,2021-06-22,SSG,134.1,,142.9,,112.4,133.1,126.9,,,,
임찬규,2021,2021-07-01,KT,132.9,,144.2,,112.7,135.4,127.2,,,,
임찬규,2021,2021-08-13,롯데,134.0,,142.9,,113.2,132.7,129.9,,,,
임찬규,2021,2021-08-19,KT,129.4,,141.2,,111.3,129.0,127.4,,,,
임찬규,2021,2021-08-26,삼성,133.0,,143.9,,113.6,132.7,126.9,,,,
임찬규,2021,2021-09-08,SSG,134.0,,143.9,,114.4,132.9,127.5,,,,
임찬규,2021,2021-09-14,삼성,134.7,,143.8,,114.6,132.3,127.1,,,,
임찬규,2021,2021-09-19,KIA,133.6,,143.5,,113.3,132.6,127.7,,,,
임찬규,2021,2021-09-25,KT,132.7,,143.8,,113.4,130.2,126.5,,,,
임찬규,2021,2021-10-01,두산,133.2,,144.9,,114.9,133.5,126.6,,,,
임찬규,2021,2021-10-06,SSG,133.1,,144.0,,113.4,132.6,127.7,,,,
임찬규,2021,2021-10-13,롯데,132.9,,143.2,,114.0,131.5,124.3,,,,
임찬규,2021,2021-10-19,키움,135.4,,145.0,,115.0,133.4,126.7,,,,
임찬규,2021,2021-10-24,두산,133.0,,142.8,,112.9,131.7,123.1,,,,
임찬규,2021,2021-10-29,롯데,132.7,,143.3,,115.1,132.9,125.2,,,,
임찬규,2021,2021-11-07,두산,134.9,,145.7,,115.2,134.0,127.5,,,,
임찬규,2020,2020-05-13,SK,128.6,,139.8,,111.6,128.0,124.3,,,,
임찬규,2020,2020-05-19,삼성,129.4,,140.7,,110.2,127.2,126.5,,,,
임찬규,2020,2020-05-24,KT,130.8,,142.0,,111.4,,127.3,,,,
임찬규,2020,2020-05-30,KIA,125.9,,139.5,,108.9,131.2,124.4,,,,
임찬규,2020,2020-06-05,키움,129.5,,140.8,,110.4,133.0,127.1,,,,
임찬규,2020,2020-06-11,SK,125.7,,140.0,,109.1,125.8,125.2,,,,
임찬규,2020,2020-06-17,한화,126.4,,140.2,,107.4,,123.2,,,,
임찬규,2020,2020-06-28,SK,124.9,,139.4,,109.4,126.9,122.9,,,,
임찬규,2020,2020-07-04,삼성,125.2,,139.0,,109.2,128.0,124.7,,,,
임찬규,2020,2020-07-10,NC,124.8,,138.5,,109.2,126.0,125.4,,,,
임찬규,2020,2020-07-17,한화,128.9,,141.0,,111.0,130.0,127.9,,,,
임찬규,2020,2020-07-24,두산,126.4,,136.3,,108.1,,123.4,,,,
임찬규,2020,2020-07-30,SK,125.8,,138.0,,107.9,,124.2,,,,
임찬규,2020,2020-08-06,KIA,127.8,,138.7,,108.9,122.7,125.4,,,,
임찬규,2020,2020-08-12,KIA,126.0,,138.3,,108.9,126.0,124.4,,,,
임찬규,2020,2020-08-18,KIA,127.1,,138.6,,108.8,,126.4,,,,
임찬규,2020,2020-08-23,한화,131.1,,138.6,,108.6,,126.3,,,,
임찬규,2020,2020-08-29,두산,125.6,,138.8,,110.4,124.5,126.2,,,,
임찬규,2020,2020-09-06,롯데,125.9,,137.8,,107.7,125.0,124.4,,,,
임찬규,2020,2020-09-12,삼성,129.7,,140.8,,110.8,,127.0,,,,
임찬규,2020,2020-09-19,두산,127.7,,139.1,,109.7,134.0,124.3,,,,
임찬규,2020,2020-09-25,NC,124.2,,135.9,,108.1,,123.0,,,,
임찬규,2020,2020-10-01,롯데,125.7,,139.2,,109.5,,124.9,,,,
임찬규,2020,2020-10-07,삼성,125.4,,137.8,,109.4,,124.7,,,,
임찬규,2020,2020-10-14,롯데,125.3,,137.4,,108.0,,123.0,,,,
임찬규,2020,2020-10-20,KT,126.5,,138.8,,109.2,,123.8,,,,
임찬규,2020,2020-10-28,한화,128.1,,137.6,,110.9,,125.5,,,,
임찬규,2020,2020-11-02,키움,131.7,,141.8,,112.2,,129.2,,,,
장현식,2024,2024-03-27,롯데,144.9,,148.2,,,136.0,,,140.5,,
장현식,2024,2024-03-29,두산,144.8,,148.8,,,134.3,,,139.7,,
장현식,2024,2024-03-31,두산,142.6,,148.5,,,134.7,,,,,
장현식,2024,2024-04-03,KT,136.8,,145.3,,,132.1,,,,,
장현식,2024,2024-04-04,KT,142.7,,145.5,,,131.3,,,,,
장현식,2024,2024-04-06,삼성,142.9,,148.7,,,136.1,,,140.3,,
장현식,2024,2024-04-07,삼성,140.3,,146.4,,,132.5,,,137.2,,
장현식,2024,2024-04-10,LG,141.2,,147.2,,,135.8,,,136.5,,
장현식,2024,2024-04-12,한화,139.7,,147.5,,,134.0,,,139.0,,
장현식,2024,2024-04-13,한화,134.9,,143.0,,,129.8,,,130.0,,
장현식,2024,2024-04-16,SSG,142.8,,147.9,,,136.4,,,139.9,,
장현식,2024,2024-04-18,SSG,145.4,,149.1,,,137.0,,,,,
장현식,2024,2024-04-19,NC,141.2,,147.5,,,134.0,,,,,
장현식,2024,2024-04-21,NC,140.2,,147.0,,,133.8,,,137.0,,
장현식,2024,2024-04-24,키움,141.4,,145.0,,,123.0,,,138.0,,
장현식,2024,2024-04-26,LG,146.6,,148.6,,,135.5,,,142.0,,
장현식,2024,2024-04-28,LG,139.3,,146.7,,,133.8,,,,,
장현식,2024,2024-05-02,KT,144.8,,147.8,,,134.0,,,136.5,,
장현식,2024,2024-05-03,한화,139.8,,148.0,,,133.0,,,139.0,,
장현식,2024,2024-05-08,삼성,134.3,,144.8,,,130.1,,,,,
장현식,2024,2024-05-10,SSG,146.1,,149.5,,,135.8,,,,,
장현식,2024,2024-05-12,SSG,143.3,,149.1,,,135.9,,,136.0,,
장현식,2024,2024-05-15,두산,142.7,,149.1,,,137.3,,,138.0,,
장현식,2024,2024-05-16,두산,142.7,,147.8,,,135.1,,,140.0,,
장현식,2024,2024-05-18,NC,146.7,,149.6,,,133.5,,,142.3,,
장현식,2024,2024-05-19,NC,142.3,,148.8,,,135.6,,,143.0,,
장현식,2024,2024-05-21,롯데,144.0,,148.2,,,137.0,,,138.6,,
장현식,2024,2024-05-24,두산,142.1,,148.7,,,135.8,,,140.2,,
장현식,2024,2024-05-26,두산,140.5,,147.7,,,136.7,,,141.5,,
장현식,2024,2024-05-29,NC,140.5,,149.5,,,136.3,,,141.6,,
장현식,2024,2024-06-05,롯데,145.8,,149.6,,,134.3,,,138.5,,
장현식,2024,2024-06-07,두산,145.4,,149.9,,,137.2,,,143.0,,
장현식,2024,2024-06-08,두산,141.8,,147.9,,,135.3,,,141.5,,
장현식,2024,2024-06-11,SSG,148.2,,151.0,,,138.0,,,145.5,,
장현식,2024,2024-06-12,SSG,147.0,,148.8,,,136.0,,,142.5,,
장현식,2024,2024-06-15,KT,146.7,,149.1,,,136.2,,,143.0,,
장현식,2024,2024-06-16,KT,140.2,,146.3,,,134.0,,,,,
장현식,2024,2024-06-18,LG,137.9,,148.3,,,134.0,,,137.8,,
장현식,2024,2024-06-19,LG,135.5,,,,,135.5,,,,,
장현식,2024,2024-06-20,LG,137.0,,148.0,,,134.2,,,,,
장현식,2024,2024-06-23,한화,144.9,,149.5,,,136.0,,,142.3,,
장현식,2024,2024-06-25,롯데,144.5,,149.0,,,135.9,,,141.8,,
장현식,2024,2024-07-02,삼성,140.0,,146.4,,,132.9,,,140.8,,
장현식,2024,2024-07-03,삼성,138.1,,145.7,,,131.3,,,138.6,,
장현식,2024,2024-07-10,LG,144.3,,148.2,,,134.0,,,141.0,,
장현식,2024,2024-07-11,LG,140.1,,147.0,,,133.9,,,141.6,,
장현식,2024,2024-07-13,SSG,143.0,,148.7,,,135.2,,,141.5,,
장현식,2024,2024-07-14,SSG,145.9,,148.1,,,136.0,,,140.8,,
장현식,2024,2024-07-19,한화,140.6,,145.9,,,132.6,,,137.5,,
장현식,2024,2024-07-25,NC,140.1,,148.0,,,134.6,,,139.5,,
장현식,2024,2024-07-26,키움,144.7,,148.1,,,135.0,,,141.8,,
장현식,2024,2024-07-31,두산,143.6,,148.8,,,135.7,,,144.0,,
장현식,2024,2024-08-01,두산,144.2,,148.0,,,136.0,,,143.0,,
장현식,2024,2024-08-03,한화,140.4,,147.6,,,133.9,,,139.7,,
장현식,2024,2024-08-06,KT,141.9,,148.3,,,136.2,,,143.4,,
장현식,2024,2024-08-08,KT,142.7,,150.5,,,136.9,,,145.0,,
장현식,2024,2024-08-09,삼성,141.9,,146.3,,,136.0,,,145.1,,
장현식,2024,2024-08-11,삼성,140.1,,148.0,,,136.2,,,145.0,,
장현식,2024,2024-08-13,키움,137.5,,148.0,,,135.0,,,142.5,,
장현식,2024,2024-08-14,키움,142.9,,147.2,,,136.0,,,141.7,,
장현식,2024,2024-08-16,LG,144.3,,146.7,,,136.0,,,146.1,,
장현식,2024,2024-08-18,LG,142.9,,146.8,,,135.0,,,143.0,,
장현식,2024,2024-08-21,롯데,142.0,,147.6,,,133.8,,,142.6,,
장현식,2024,2024-09-04,한화,141.6,,148.8,,,134.6,,,142.8,,
장현식,2024,2024-09-05,한화,141.5,,148.4,,,135.0,,,141.9,,
장현식,2024,2024-09-07,키움,143.4,,146.0,,,134.5,,,,,
장현식,2024,2024-09-08,키움,140.0,,147.5,,,133.6,,,143.4,,
장현식,2024,2024-09-12,롯데,142.4,,147.5,,,135.3,,,143.0,,
장현식,2024,2024-09-14,키움,141.7,,146.2,,,134.6,,,140.2,,
장현식,2024,2024-09-16,KT,144.3,,147.6,,,135.0,,,139.3,,
장현식,2024,2024-09-17,SSG,140.7,,147.4,,,135.2,,,141.9,,
장현식,2024,2024-09-23,삼성,138.3,,,,,133.0,,,140.0,,
장현식,2024,2024-09-28,롯데,143.8,,147.3,,,133.7,,,142.7,,
장현식,2024,2024-09-30,NC,145.2,,148.3,,,135.0,,,145.0,,
장현식,2024,2024-10-21,삼성,145.3,,146.8,,,,,,142.5,,
장현식,2024,2024-10-23,삼성,141.9,,148.3,,,134.0,,,141.8,,
장현식,2024,2024-10-25,삼성,142.5,,146.3,,,131.0,,,,,
장현식,2024,2024-10-26,삼성,139.3,,144.2,,,131.0,,,138.2,,
장현식,2024,2024-10-28,삼성,144.9,,147.2,,,134.0,,,140.5,,
장현식,2023,2023-04-23,삼성,143.9,,148.4,,,132.5,,,,,
장현식,2023,2023-04-27,NC,143.4,,148.5,,,133.0,,,140.0,,
장현식,2023,2023-04-29,LG,143.8,,148.5,,,134.0,,,139.2,,
장현식,2023,2023-05-03,롯데,143.8,,146.8,,,132.2,,,140.2,,
장현식,2023,2023-05-10,SSG,141.6,,146.2,,,132.3,,,,,
장현식,2023,2023-05-13,두산,144.3,,147.9,,,130.0,,,140.0,,
장현식,2023,2023-05-14,두산,140.3,,143.4,,,130.8,,,,,
장현식,2023,2023-05-16,삼성,142.9,,142.9,,,,,,,,
장현식,2023,2023-05-19,키움,145.7,,147.0,,,,,,138.0,,
장현식,2023,2023-05-21,키움,143.1,,148.4,,,133.6,,,136.0,,
장현식,2023,2023-05-25,한화,144.2,,148.5,,,134.0,,,,,
장현식,2023,2023-05-28,LG,138.8,,146.6,,,133.3,,,,,
장현식,2023,2023-06-02,롯데,143.9,,147.5,,,132.7,,,139.8,,
장현식,2023,2023-06-03,롯데,142.3,,145.8,,,130.0,,,139.0,,
장현식,2023,2023-06-07,SSG,142.6,,147.2,,,132.5,,,,,
장현식,2023,2023-06-09,두산,143.1,,147.2,,,133.6,,,136.2,,
장현식,2023,2023-06-10,두산,143.4,,145.9,,,133.7,,,130.0,,
장현식,2023,2023-06-13,키움,141.2,,144.3,,,130.7,,,,,
장현식,2023,2023-06-15,키움,138.6,,144.3,,,130.3,,,134.0,,
장현식,2023,2023-06-17,NC,140.0,,144.7,,,134.0,,,137.3,,
장현식,2023,2023-06-18,NC,141.3,,146.0,,,134.6,,,136.5,,
장현식,2023,2023-06-21,한화,137.7,,145.0,,,134.0,,,136.8,,
장현식,2023,2023-06-28,키움,141.7,,147.7,,,137.0,,,,,
장현식,2023,2023-06-30,LG,142.7,,147.2,,,135.8,,,,,
장현식,2023,2023-07-05,SSG,146.4,,148.0,,,139.0,,,,,
장현식,2023,2023-07-06,SSG,145.1,,148.7,,,135.7,,,140.3,,
장현식,2023,2023-07-08,KT,141.6,,144.1,,,132.7,,,,,
장현식,2023,2023-07-12,삼성,143.4,,146.3,,,135.2,,,140.0,,
장현식,2023,2023-07-26,NC,140.9,,145.5,,,133.3,,,,,
장현식,2023,2023-07-30,롯데,142.7,,146.0,,,132.3,,,140.2,,
장현식,2023,2023-08-03,삼성,144.2,,147.0,,,130.0,,,,,
장현식,2023,2023-08-05,한화,144.8,,146.2,,,133.0,,,,,
장현식,2023,2023-08-06,한화,143.1,,147.0,,,133.6,,,,,
장현식,2023,2023-08-11,롯데,148.3,,148.7,,,,,,144.0,,
장현식,2023,2023-08-15,키움,144.1,,145.8,,,132.0,,,138.5,,
장현식,2023,2023-08-18,삼성,139.9,,145.1,,,131.8,,,,,
장현식,2023,2023-08-22,KT,141.1,,144.3,,,133.2,,,,,
장현식,2023,2023-08-24,KT,143.4,,149.3,,,136.2,,,,,
장현식,2023,2023-08-27,한화,144.5,,147.5,,,136.7,,,,,
장현식,2023,2023-08-31,NC,144.9,,147.7,,,133.7,,,,,
장현식,2023,2023-09-02,SSG,147.0,,148.5,,,,,,139.5,,
장현식,2023,2023-09-03,SSG,143.2,,146.3,,,136.0,,,132.5,,
장현식,2023,2023-09-07,두산,140.4,,149.3,,,133.0,,,142.0,,
장현식,2023,2023-09-09,LG,147.0,,148.6,,,134.0,,,,,
장현식,2023,2023-09-10,LG,143.8,,146.0,,,,,,139.8,,
장현식,2023,2023-09-15,두산,141.5,,148.4,,,135.2,,,139.0,,
장현식,2023,2023-09-17,두산,141.9,,147.3,,,132.5,,,,,
장현식,2023,2023-09-18,두산,143.9,,147.8,,,136.0,,,140.0,,
장현식,2023,2023-09-21,한화,140.1,,144.0,,,131.3,,,136.0,,
장현식,2023,2023-09-23,KT,141.6,,146.4,,,133.5,,,,,
장현식,2023,2023-09-26,NC,140.3,,146.3,,,133.0,,,135.0,,
장현식,2023,2023-09-27,NC,142.2,,146.3,,,133.2,,,137.0,,
장현식,2023,2023-09-29,키움,144.5,,147.1,,,134.5,,,138.0,,
장현식,2023,2023-10-04,KT,145.4,,147.4,,,135.0,,,,,
장현식,2023,2023-10-10,SSG,145.0,,148.3,,,136.5,,,138.5,,
장현식,2023,2023-10-13,두산,147.5,,148.5,,,136.0,,,,,
장현식,2022,2022-04-03,LG,134.7,,147.0,,,132.2,,,142.0,,
장현식,2022,2022-04-06,한화,143.2,,145.7,,,130.0,,,138.0,,
장현식,2022,2022-04-07,한화,140.1,,144.1,,,128.7,,,138.3,,
장현식,2022,2022-04-14,롯데,135.7,,144.7,,,130.3,,,138.3,,
장현식,2022,2022-04-17,NC,145.1,,148.1,,,132.0,,,140.6,,
장현식,2022,2022-04-19,두산,143.8,,145.2,,,142.0,,,138.0,,
장현식,2022,2022-04-20,두산,139.8,,144.3,,,128.5,,,137.2,,
장현식,2022,2022-04-22,키움,137.7,,146.4,,,132.1,,,129.0,,
장현식,2022,2022-04-26,KT,140.6,,143.5,,,128.3,,,,,
장현식,2022,2022-04-29,삼성,143.1,,147.6,,,132.7,,,141.7,,
장현식,2022,2022-04-30,삼성,138.6,,146.6,,,130.5,,,139.9,,
장현식,2022,2022-05-04,키움,142.1,,147.1,,,130.0,,,140.5,,
장현식,2022,2022-05-07,한화,141.8,,146.6,,,128.7,,,142.0,,
장현식,2022,2022-05-08,한화,138.9,,145.3,,,128.2,,,134.0,,
장현식,2022,2022-05-10,KT,139.0,,146.9,,,129.8,,,,,
장현식,2022,2022-05-12,KT,142.0,,147.6,,,131.2,,,,,
장현식,2022,2022-05-14,LG,142.2,,149.8,,,133.7,,,142.5,,
장현식,2022,2022-05-17,롯데,140.4,,146.9,,,131.9,,,,,
장현식,2022,2022-05-18,롯데,143.6,,146.3,,,128.0,,,132.0,,
장현식,2022,2022-05-20,NC,144.6,,147.8,,,131.0,,,140.0,,
장현식,2022,2022-05-25,삼성,141.9,,146.3,,,130.8,,,,,
장현식,2022,2022-05-26,삼성,134.3,,145.4,,,128.7,,,129.0,,
장현식,2022,2022-05-28,SSG,137.9,,146.0,,,127.0,,,138.0,,
장현식,2022,2022-05-29,SSG,138.3,,147.0,,,131.0,,,140.0,,
장현식,2022,2022-05-31,두산,144.5,,149.7,,,134.5,,,141.5,,
장현식,2022,2022-06-01,두산,141.6,,149.2,,,132.5,,,140.0,,
장현식,2022,2022-06-04,KT,138.7,,145.8,,,130.2,,,138.2,,
장현식,2022,2022-06-05,KT,137.6,,144.8,,,129.6,,,138.0,,
장현식,2022,2022-06-09,LG,139.1,,147.4,,,131.4,,,140.5,,
장현식,2022,2022-06-11,키움,143.8,,148.5,,,132.8,,,141.0,,
장현식,2022,2022-06-16,NC,144.5,,148.4,,,133.0,,,143.0,,
장현식,2022,2022-06-17,삼성,139.6,,147.5,,,129.9,,,139.3,,
장현식,2022,2022-06-21,롯데,142.2,,149.5,,,133.4,,,140.5,,
장현식,2022,2022-06-22,롯데,137.3,,148.6,,,131.8,,,141.0,,
장현식,2022,2022-06-24,두산,144.5,,149.6,,,132.0,,,141.3,,
장현식,2022,2022-06-25,두산,147.0,,148.9,,,130.0,,,143.0,,
장현식,2022,2022-07-10,한화,142.0,,149.0,,,134.2,,,134.0,,
장현식,2022,2022-07-12,LG,143.6,,145.5,,,132.0,,,136.0,,
장현식,2022,2022-07-22,롯데,140.4,,146.6,,,131.4,,,136.7,,
장현식,2022,2022-07-23,롯데,140.5,,147.7,,,132.2,,,138.4,,
장현식,2022,2022-07-28,NC,140.3,,146.0,,,135.5,,,134.3,,
장현식,2022,2022-09-10,두산,146.6,,147.9,,,136.0,,,,,
장현식,2022,2022-09-15,한화,137.4,,144.2,,,130.5,,,,,
장현식,2022,2022-09-16,한화,139.7,,144.0,,,132.8,,,136.7,,
장현식,2022,2022-09-18,삼성,138.2,,142.8,,,130.7,,,130.0,,
장현식,2022,2022-09-20,LG,141.2,,145.6,,,132.7,,,137.8,,
장현식,2022,2022-09-22,NC,139.5,,145.6,,,129.7,,,134.8,,
장현식,2022,2022-09-24,NC,138.6,,146.0,,,133.0,,,138.5,,
장현식,2022,2022-09-25,삼성,130.5,,143.0,,,126.3,,,,,
장현식,2022,2022-09-29,롯데,135.8,,144.0,,,130.3,,,,,
장현식,2022,2022-10-02,한화,137.1,,142.6,,,130.5,,,133.5,,
장현식,2022,2022-10-05,LG,136.5,,144.2,,,129.0,,,134.8,,
장현식,2022,2022-10-06,LG,136.6,,144.4,,,130.0,,,136.8,,
장현식,2022,2022-10-07,KT,136.3,,143.2,,,129.4,,,133.0,,
장현식,2022,2022-10-13,KT,136.3,,145.0,,,131.4,,,135.0,,
장현식,2021,2021-04-04,두산,142.8,,146.4,,126.0,133.0,,,,,
장현식,2021,2021-04-06,키움,142.3,,147.7,,127.0,132.4,,,136.7,,
장현식,2021,2021-04-07,키움,142.6,,145.7,,,131.0,,,136.8,,
장현식,2021,2021-04-10,NC,143.9,,145.7,,,132.0,,,136.5,,
장현식,2021,2021-04-13,롯데,142.4,,145.4,,,127.5,,,136.2,,
장현식,2021,2021-04-14,롯데,141.7,,145.4,,,129.0,,,135.0,,
장현식,2021,2021-04-16,SSG,142.5,,146.4,,,131.2,,,139.3,,
장현식,2021,2021-04-17,SSG,140.3,,146.2,,,128.4,,,130.0,,
장현식,2021,2021-04-20,LG,144.3,,148.7,,,131.8,,,132.0,,
장현식,2021,2021-04-22,LG,145.6,,149.4,,,132.8,,,137.0,,
장현식,2021,2021-04-23,삼성,144.9,,149.9,,,133.3,,,,,
장현식,2021,2021-04-25,삼성,143.7,,148.6,,,132.3,,,139.8,,
장현식,2021,2021-04-27,한화,141.6,,148.8,,,132.0,,,,,
장현식,2021,2021-04-29,한화,145.9,,150.5,,131.5,133.8,,,141.2,,
장현식,2021,2021-05-05,롯데,145.5,,148.2,,,130.0,,,141.0,,
장현식,2021,2021-05-08,두산,144.0,,147.7,,,133.0,,,,,
장현식,2021,2021-05-09,두산,146.7,,148.3,,,131.0,,,,,
장현식,2021,2021-05-12,LG,145.7,,149.2,,,131.5,,,138.7,,
장현식,2021,2021-05-14,NC,144.7,,147.8,,,129.0,,,135.5,,
장현식,2021,2021-05-19,SSG,144.8,,148.6,,,132.8,,,139.3,,
장현식,2021,2021-05-21,삼성,143.2,,149.1,,,133.9,,,,,
장현식,2021,2021-05-23,삼성,142.9,,149.2,,,133.4,,,139.5,,
장현식,2021,2021-05-26,키움,145.9,,148.5,,,132.0,,,140.8,,
장현식,2021,2021-05-27,키움,145.3,,147.4,,,132.0,,,142.0,,
장현식,2021,2021-05-28,KT,143.5,,148.5,,,132.3,,,142.0,,
장현식,2021,2021-05-30,KT,142.0,,147.4,,,132.9,,,,,
장현식,2021,2021-06-02,한화,146.5,,150.5,,,131.5,,,143.0,,
장현식,2021,2021-06-04,LG,143.8,,147.4,,,128.0,,,138.0,,
장현식,2021,2021-06-09,삼성,143.4,,148.6,,,132.4,,,138.0,,
장현식,2021,2021-06-13,롯데,143.7,,148.8,,,129.7,,,141.0,,
장현식,2021,2021-06-16,SSG,140.8,,145.8,,,130.7,,,,,
장현식,2021,2021-06-20,LG,149.6,,150.8,,,136.0,,,,,
장현식,2021,2021-06-23,KT,143.3,,148.1,,,134.2,,,138.0,,
장현식,2021,2021-06-27,키움,142.2,,148.1,,,132.7,,,137.5,,
장현식,2021,2021-07-01,NC,143.9,,148.0,,,132.8,,,135.7,,
장현식,2021,2021-07-02,두산,142.5,,148.0,,,132.0,,,138.0,,
장현식,2021,2021-07-07,한화,144.2,,148.5,,,134.6,,,134.5,,
장현식,2021,2021-07-11,KT,141.6,,148.8,,,131.6,,,136.0,,
장현식,2021,2021-08-10,한화,148.0,,149.0,,,134.0,,,,,
장현식,2021,2021-08-11,한화,141.1,,146.8,,,131.3,,,136.0,,
장현식,2021,2021-08-14,SSG,146.9,,148.5,,,136.0,,,,,
장현식,2021,2021-08-18,두산,143.3,,148.0,,,132.2,,,136.0,,
장현식,2021,2021-08-19,두산,140.8,,148.4,,,131.8,,,,,
장현식,2021,2021-08-20,키움,141.4,,146.5,,,132.0,,,138.0,,
장현식,2021,2021-08-25,롯데,141.8,,145.5,,,132.7,,,136.0,,
장현식,2021,2021-08-26,롯데,142.6,,146.8,,,132.0,,,,,
장현식,2021,2021-09-01,두산,146.3,,148.9,,,133.0,,,,,
장현식,2021,2021-09-05,한화,144.5,,149.6,,,133.8,,,139.0,,
장현식,2021,2021-09-08,KT,142.3,,147.3,,,133.1,,,,,
장현식,2021,2021-09-09,키움,143.1,,146.7,,,131.0,,,138.0,,
장현식,2021,2021-09-11,NC,141.9,,145.7,,,124.0,,,137.5,,
장현식,2021,2021-09-15,롯데,143.7,,148.9,,,133.9,,,136.0,,
장현식,2021,2021-09-16,삼성,137.3,,149.3,,,132.7,,,139.0,,
장현식,2021,2021-09-19,LG,145.3,,147.3,,,129.0,,,136.0,,
장현식,2021,2021-09-25,SSG,138.1,,147.2,,,131.4,,,135.2,,
장현식,2021,2021-09-26,SSG,143.1,,147.2,,,130.0,,,138.8,,
장현식,2021,2021-10-02,한화,141.6,,146.8,,,130.2,,,137.2,,
장현식,2021,2021-10-03,한화,147.5,,147.5,,,,,,,,
장현식,2021,2021-10-06,롯데,140.4,,148.7,,,131.0,,,141.2,,
장현식,2021,2021-10-08,LG,136.7,,144.9,,123.0,130.1,,,137.7,,
장현식,2021,2021-10-09,한화,139.9,,146.8,,,130.8,,,140.0,,
장현식,2021,2021-10-10,한화,141.2,,148.4,,,133.0,,,140.5,,
장현식,2021,2021-10-14,삼성,137.9,,148.0,,,132.8,,,,,
장현식,2021,2021-10-16,두산,146.2,,147.9,,,131.0,,,141.0,,
장현식,2021,2021-10-19,SSG,140.2,,146.3,,,131.0,,,140.0,,
장현식,2021,2021-10-20,KT,138.0,,145.0,,,128.0,,,137.5,,
장현식,2021,2021-10-22,NC,142.1,,147.9,,,130.5,,,,,
장현식,2021,2021-10-23,NC,140.0,,146.9,,,130.6,,,139.0,,
장현식,2020,2020-05-21,두산,142.6,,147.4,,,133.6,132.0,,137.0,,
장현식,2020,2020-05-24,한화,144.5,,147.4,,,133.0,,,139.0,,
장현식,2020,2020-05-27,키움,143.3,,145.8,,,129.0,,,132.0,,
장현식,2020,2020-05-31,삼성,141.0,,145.5,,,131.2,,,131.0,,
장현식,2020,2020-06-02,SK,140.1,,146.5,,,129.7,,,133.0,,
장현식,2020,2020-06-04,SK,141.8,,145.7,,,131.0,,,,,
장현식,2020,2020-06-06,한화,143.1,,147.5,,132.0,132.8,,,,,
장현식,2020,2020-06-10,두산,140.6,,146.2,,,131.2,136.0,,133.8,,
장현식,2020,2020-06-13,키움,139.9,,143.7,,,130.2,,,133.6,,
장현식,2020,2020-08-13,LG,139.2,,145.0,,,133.0,,,137.5,,
장현식,2020,2020-08-15,SK,142.3,,145.9,,,131.5,,,134.0,,
장현식,2020,2020-08-18,LG,141.5,,146.8,,,134.5,,,,,
장현식,2020,2020-08-22,키움,139.8,,144.4,,,133.1,,,131.0,,
장현식,2020,2020-08-23,키움,138.3,,145.0,,,133.2,,,133.7,,
장현식,2020,2020-08-25,두산,139.7,,144.7,,,,,,136.0,,
장현식,2020,2020-08-28,SK,137.5,,144.0,,,131.0,,,,,
장현식,2020,2020-08-30,KT,138.9,,143.4,,,130.9,,,133.5,,
장현식,2020,2020-09-04,롯데,137.4,,145.1,,,132.2,,,,,
장현식,2020,2020-09-08,LG,140.5,,144.6,,,130.2,,,136.0,,
장현식,2020,2020-09-10,두산,137.2,,145.0,,,130.0,,,139.5,,
장현식,2020,2020-09-12,NC,142.8,,147.1,,,132.5,,,140.3,,
장현식,2020,2020-09-16,SK,137.3,,144.6,,,130.0,,,133.2,,
장현식,2020,2020-09-18,삼성,140.1,,143.2,,,129.7,,,,,
장현식,2020,2020-09-20,한화,139.0,,145.5,,,131.7,,,138.6,,
장현식,2020,2020-09-25,KT,139.6,,145.4,,121.0,132.7,,,132.9,,
장현식,2020,2020-09-29,키움,137.5,,144.8,,,133.5,,,135.5,,
장현식,2020,2020-10-01,키움,140.5,,147.9,,,133.9,,,,,
장현식,2020,2020-10-02,두산,138.6,,147.0,,,134.6,,,137.0,,
장현식,2020,2020-10-04,두산,140.9,,146.3,,,133.0,,,134.8,,
장현식,2020,2020-10-06,한화,139.6,,145.7,,,131.7,,,,,
장현식,2020,2020-10-08,한화,139.9,,146.2,,,133.3,,,137.0,,
장현식,2020,2020-10-11,SK,137.9,,142.2,,,130.5,,,134.2,,
장현식,2020,2020-10-13,NC,146.9,,146.9,,,,,,,,
장현식,2020,2020-10-15,NC,144.7,,147.1,,123.0,134.0,,,138.0,,
장현식,2020,2020-10-20,NC,142.1,,147.4,,,133.6,,,136.0,,
장현식,2020,2020-10-27,KT,139.0,,146.7,,,131.0,,,136.7,,
정우영,2024,2024-04-26,KIA,146.7,148.2,,,,134.5,,,,,
정우영,2024,2024-04-28,KIA,147.2,148.3,,,,135.0,,,,,
정우영,2024,2024-05-01,NC,147.1,147.7,,,,135.0,,,,,
정우영,2024,2024-05-03,두산,143.8,147.1,,,,131.7,,,,,
정우영,2024,2024-05-07,SSG,142.6,145.3,,,,130.0,,,,,
정우영,2024,2024-05-10,롯데,146.3,146.3,,,,,,,,,
정우영,2024,2024-06-21,KT,144.2,145.7,,,,131.0,,,,,
정우영,2024,2024-06-23,KT,146.8,146.8,,,,,,,,,
정우영,2024,2024-06-26,삼성,144.2,147.0,,,,129.0,,,,,
정우영,2024,2024-06-28,NC,144.7,145.9,,,,132.5,,,,,
정우영,2024,2024-06-30,NC,144.9,146.2,,,,132.0,,,,,
정우영,2024,2024-07-02,키움,145.3,145.3,,,,,,,,,
정우영,2024,2024-07-10,KIA,142.1,144.3,,,,127.0,,,,,
정우영,2024,2024-07-12,한화,140.3,143.6,,,,127.3,,,,,
정우영,2024,2024-07-13,한화,144.6,144.6,,,,,,,,,
정우영,2024,2024-07-17,SSG,146.0,146.0,,,,,,,,,
정우영,2024,2024-07-23,롯데,142.3,144.1,,,,128.0,,,,,
정우영,2024,2024-07-25,롯데,140.8,142.7,,,,127.7,,,,,
정우영,2024,2024-07-28,한화,144.1,144.1,,,,,,,,,
정우영,2024,2024-08-06,두산,140.0,145.1,,,127.8,129.0,,,,,
정우영,2024,2024-08-08,두산,140.3,145.4,,,127.0,131.0,,,,,
정우영,2024,2024-08-09,NC,142.0,144.9,,,127.5,130.0,,,,,
정우영,2024,2024-08-17,KIA,138.4,144.1,,,,127.2,,,,,
정우영,2024,2024-09-03,KIA,143.8,147.1,,,127.0,131.0,,,,,
정우영,2024,2024-09-08,한화,142.7,144.9,,,129.7,,,,,,
정우영,2024,2024-09-21,두산,141.1,143.2,,,128.3,133.0,,,,,
정우영,2024,2024-09-25,한화,146.0,146.0,,,,,,,,,
정우영,2024,2024-10-09,KT,144.9,144.9,,,,,,,,,
정우영,2024,2024-10-13,삼성,139.1,141.4,,,127.5,,,,,,
정우영,2024,2024-10-15,삼성,141.7,141.7,,,,,,,,,
정우영,2023,2023-04-02,KT,147.4,,,,,137.5,,148.6,,,
정우영,2023,2023-04-04,키움,146.4,,,,,141.0,,146.6,,,
정우영,2023,2023-04-08,삼성,145.4,,,,,139.0,,145.9,,,
정우영,2023,2023-04-09,삼성,146.3,,,,,137.0,,147.6,,,
정우영,2023,2023-04-11,롯데,146.5,,,,,138.0,,147.9,,,
정우영,2023,2023-04-15,두산,147.0,,,,,135.0,,148.7,,,
정우영,2023,2023-04-16,두산,147.3,,,,,,,147.3,,,
정우영,2023,2023-04-19,NC,146.6,,,,,133.0,,148.6,,,
정우영,2023,2023-04-20,NC,147.7,,,,,,,147.7,,,
정우영,2023,2023-04-22,한화,141.6,,,,,129.8,,145.2,,,
정우영,2023,2023-04-23,한화,145.6,,,,,,,145.6,,,
정우영,2023,2023-04-28,KIA,145.5,,,,,132.0,,148.2,,,
정우영,2023,2023-04-30,KIA,137.9,,,,,131.3,140.0,147.2,,,
정우영,2023,2023-05-07,두산,143.9,,,,128.0,132.0,,147.6,,,
정우영,2023,2023-05-10,키움,144.2,,,,128.7,,,146.9,136.0,,
정우영,2023,2023-05-13,삼성,142.4,,,,,132.6,,148.5,,,
정우영,2023,2023-05-16,KT,145.6,,,,132.6,,,149.2,,,
정우영,2023,2023-05-18,KT,145.3,,,,,131.5,,147.6,,,
정우영,2023,2023-05-19,한화,145.8,,,,,131.5,,147.4,,,
정우영,2023,2023-05-21,한화,144.5,,,,,131.7,,147.5,,,
정우영,2023,2023-05-24,SSG,149.8,,,,,,,149.8,,,
정우영,2023,2023-05-26,KIA,148.4,,,,,135.0,,150.1,,,
정우영,2023,2023-05-28,KIA,144.6,,,,,133.2,,150.2,,,
정우영,2023,2023-05-30,롯데,147.8,,,,,133.0,,149.9,,,
정우영,2023,2023-06-01,롯데,146.2,,,,132.5,143.2,,148.6,,,
정우영,2023,2023-06-02,NC,146.2,,,,,138.2,,148.4,,,
정우영,2023,2023-06-04,NC,145.8,,,,,137.5,,147.7,,,
정우영,2023,2023-06-06,키움,146.5,,,,,133.3,,149.3,,,
정우영,2023,2023-06-07,키움,145.1,,,,,134.0,,149.4,,,
정우영,2023,2023-06-11,한화,150.3,,,,,134.0,,151.7,,,
정우영,2023,2023-06-13,삼성,148.4,,,,,135.3,,151.2,,,
정우영,2023,2023-06-14,삼성,148.2,,,,,133.5,,150.1,,,
정우영,2023,2023-06-16,두산,147.2,,,,,134.0,,148.9,,,
정우영,2023,2023-06-18,두산,145.6,,,,,134.2,,150.6,,,
정우영,2023,2023-06-22,NC,151.3,,,,,133.0,,152.1,,,
정우영,2023,2023-06-25,롯데,147.5,,,144.8,,132.0,,149.7,,,
정우영,2023,2023-06-28,SSG,149.9,,,,,139.0,,150.8,,,
정우영,2023,2023-07-01,KIA,145.3,,,141.5,,135.8,,150.7,,,
정우영,2023,2023-07-02,KIA,142.1,,,140.0,,132.4,,150.3,137.0,,
정우영,2023,2023-07-06,KT,143.1,,,141.0,,134.5,,148.4,,,
정우영,2023,2023-07-09,롯데,143.3,,,,,130.7,,150.8,,,
정우영,2023,2023-07-21,SSG,143.0,,,,,125.7,,146.7,,,
정우영,2023,2023-07-26,KT,141.8,,,,,137.6,,145.5,,,
정우영,2023,2023-07-27,KT,143.0,,,140.0,,137.3,,145.7,136.0,,
정우영,2023,2023-07-29,두산,148.6,,,145.0,,132.0,,150.9,,,
정우영,2023,2023-08-02,키움,146.1,,,145.6,,135.2,,150.5,,,
정우영,2023,2023-08-03,키움,150.5,,,144.0,,,,150.9,,,
정우영,2023,2023-08-05,삼성,150.3,,,,,,,150.3,,,
정우영,2023,2023-08-06,삼성,149.3,,,145.7,,135.0,,151.8,,,
정우영,2023,2023-08-12,키움,149.3,,,,,,,149.3,,,
정우영,2023,2023-08-25,NC,142.4,,,,,134.0,,150.6,139.4,,
정우영,2023,2023-08-27,NC,144.7,,,,,131.8,,150.1,138.5,,
정우영,2023,2023-09-01,한화,143.4,,,,,132.0,,148.1,136.0,,
정우영,2023,2023-09-05,KT,145.7,,,,,131.0,,147.0,,,
정우영,2023,2023-09-07,KT,147.4,,,,,,,147.4,,,
정우영,2023,2023-09-09,KIA,149.4,,,,,130.0,,150.8,,,
정우영,2023,2023-09-10,KIA,149.0,,,145.7,,,,150.8,145.0,,
정우영,2023,2023-10-10,롯데,147.1,,,,,139.0,,150.1,,,
정우영,2023,2023-10-14,두산,146.2,,,,,131.8,,149.2,,,
정우영,2023,2023-10-15,두산,149.0,,,,,,,149.0,,,
정우영,2023,2023-11-08,KT,143.0,,,,,130.5,,146.8,,,
정우영,2023,2023-11-10,KT,147.0,,,,,,,147.0,,,
정우영,2022,2022-04-02,KIA,149.5,,,,,139.0,,150.0,,,
정우영,2022,2022-04-03,KIA,151.2,,,,,,,151.2,,,
정우영,2022,2022-04-05,키움,149.7,,,,,,,149.7,,,
정우영,2022,2022-04-10,NC,152.8,,,,,,,152.8,,,
정우영,2022,2022-04-13,SSG,148.3,,,,,137.5,,150.1,,,
정우영,2022,2022-04-17,한화,150.2,,,,,,,150.2,,,
정우영,2022,2022-04-22,두산,152.3,,,,,142.0,,153.1,,,
정우영,2022,2022-04-24,두산,153.4,,,,,,,153.4,,,
정우영,2022,2022-04-27,삼성,148.3,,,,,,,148.3,,,
정우영,2022,2022-04-28,삼성,149.4,,,,,,,149.4,,,
정우영,2022,2022-04-30,롯데,150.6,,,,,,,150.6,,,
정우영,2022,2022-05-03,두산,152.4,,,,,141.0,,152.9,,,
정우영,2022,2022-05-06,NC,152.9,,,,,,,152.8,,,
정우영,2022,2022-05-08,NC,149.3,,,,,132.0,,150.6,,,
정우영,2022,2022-05-11,한화,150.9,,,,,,,150.9,,,
정우영,2022,2022-05-14,KIA,154.9,,,,,,,154.9,,,
정우영,2022,2022-05-15,KIA,154.7,,,,,,,154.7,,,
정우영,2022,2022-05-17,KT,148.0,,,,,137.0,,148.5,,,
정우영,2022,2022-05-19,KT,150.0,,,,,,,150.0,,,
정우영,2022,2022-05-20,SSG,152.4,,,,,144.0,,152.8,,,
정우영,2022,2022-05-22,SSG,152.9,,,,,,,152.9,,,
정우영,2022,2022-05-27,삼성,152.6,,,,,136.0,,153.5,,,
정우영,2022,2022-05-29,삼성,153.3,,,,,144.0,,154.3,,,
정우영,2022,2022-06-02,롯데,150.6,,,,,139.0,,151.3,,,
정우영,2022,2022-06-05,SSG,149.0,,,,,139.0,,149.8,,,
정우영,2022,2022-06-08,KIA,151.9,,,,,138.0,,152.9,,,
정우영,2022,2022-06-11,두산,154.2,,,,,,,154.2,,,
정우영,2022,2022-06-12,두산,151.3,,,,,138.0,,153.0,,,
정우영,2022,2022-06-16,삼성,153.2,,,,,,,153.2,,,
정우영,2022,2022-06-22,한화,151.4,,,,,141.0,,151.8,,,
정우영,2022,2022-06-24,KT,150.2,,,,,139.3,,152.4,,,
정우영,2022,2022-06-25,KT,152.8,,,,,,,152.8,,,
정우영,2022,2022-06-26,KT,151.3,,,,,140.0,,151.9,,,
정우영,2022,2022-07-01,롯데,151.5,,,,,,,151.5,,,
정우영,2022,2022-07-03,롯데,151.3,,,,,,,151.3,,,
정우영,2022,2022-07-05,삼성,148.8,,,,,,,148.8,,,
정우영,2022,2022-07-09,두산,151.7,,,,,140.0,,152.6,,,
정우영,2022,2022-07-14,KIA,152.9,,,,,,,152.9,,,
정우영,2022,2022-07-22,NC,149.7,,,,,,,149.7,,,
정우영,2022,2022-07-24,NC,148.6,,,,,142.0,,149.7,,,
정우영,2022,2022-07-29,KT,149.3,,,,,143.0,,150.6,,,
정우영,2022,2022-07-30,KT,145.5,,,,,142.0,,149.8,,,
정우영,2022,2022-08-02,롯데,147.3,,,,,139.5,,148.8,,,
정우영,2022,2022-08-05,키움,152.0,,,,,,,152.0,,,
정우영,2022,2022-08-07,키움,152.3,,,,,,,152.3,,,
정우영,2022,2022-08-12,한화,150.6,,,,,144.5,,151.6,,,
정우영,2022,2022-08-16,삼성,152.5,,,,,,,152.5,,,
정우영,2022,2022-08-17,삼성,149.6,,,,,145.8,,152.6,,,
정우영,2022,2022-08-21,두산,146.9,,,,,144.3,,152.0,,,
정우영,2022,2022-08-23,한화,148.3,,,,,143.0,,149.5,,,
정우영,2022,2022-08-27,키움,151.7,,,,,,,151.7,,,
정우영,2022,2022-08-28,키움,149.6,,,,,144.0,,150.4,,,
정우영,2022,2022-08-31,NC,151.2,,,,,,,151.2,,,
정우영,2022,2022-09-02,KT,149.0,,,,,144.7,,151.2,,,
정우영,2022,2022-09-07,SSG,152.7,,,,,146.0,,153.2,,,
정우영,2022,2022-09-08,키움,149.6,,,,,,,149.6,,,
정우영,2022,2022-09-14,두산,148.6,,,,,144.0,,149.5,,,
정우영,2022,2022-09-15,KT,141.9,,,,,137.6,,152.5,,,
정우영,2022,2022-09-17,한화,149.6,,,,,137.0,,150.2,,,
정우영,2022,2022-09-20,KIA,152.7,,,,,,,152.7,,,
정우영,2022,2022-09-23,롯데,153.6,,,,,,,153.6,,,
정우영,2022,2022-09-25,SSG,151.4,,,,,,,151.4,,,
정우영,2022,2022-09-27,한화,150.5,,,,,147.0,,150.8,,,
정우영,2022,2022-09-30,NC,153.0,,,,,,,153.0,,,
정우영,2022,2022-10-01,NC,152.1,,,,,,,152.1,,,
정우영,2022,2022-10-05,KIA,151.1,,,,,,,151.1,,,
정우영,2022,2022-10-11,KT,152.2,,,,,,,152.2,,,
정우영,2022,2022-10-24,키움,151.5,,,,,,,151.5,,,
정우영,2022,2022-10-25,키움,148.5,,,,,139.0,,149.3,,,
정우영,2022,2022-10-27,키움,150.3,,,,,,,150.2,,,
정우영,2022,2022-10-28,키움,148.0,,,,,143.5,,148.9,,,
정우영,2021,2021-04-04,NC,143.4,,,,,131.0,,145.1,,,
정우영,2021,2021-04-06,KT,139.0,,,,,130.0,,142.5,,,
정우영,2021,2021-04-07,KT,136.1,,,,,125.2,,142.1,,,
정우영,2021,2021-04-09,SSG,145.9,,,,,132.0,,146.7,,,
정우영,2021,2021-04-10,SSG,141.4,,,,,130.0,,144.2,,,
정우영,2021,2021-04-15,키움,142.4,,,,,131.8,,145.7,,,
정우영,2021,2021-04-16,두산,142.4,,,,,132.0,,145.8,,,
정우영,2021,2021-04-21,KIA,142.8,,,,,132.3,,146.2,,,
정우영,2021,2021-04-23,한화,139.0,,,,,128.5,,140.9,,,
정우영,2021,2021-04-27,롯데,141.1,,,,,128.8,,145.4,,,
정우영,2021,2021-04-29,롯데,144.1,,,,,132.0,,146.2,,,
정우영,2021,2021-05-02,삼성,142.6,,,,,128.0,,143.5,,,
정우영,2021,2021-05-05,두산,145.9,,,,,130.0,,146.7,,,
정우영,2021,2021-05-09,한화,146.4,,,,,130.0,,147.7,,,
정우영,2021,2021-05-13,KIA,147.0,,,,,,,147.0,,,
정우영,2021,2021-05-14,삼성,148.8,,,,,,,148.8,,,
정우영,2021,2021-05-17,삼성,146.9,,,,,,,146.9,,,
정우영,2021,2021-05-18,NC,145.9,,,,,,,145.9,,,
정우영,2021,2021-05-23,SSG,147.0,,,,,,,147.0,,,
정우영,2021,2021-05-26,롯데,147.8,,,,,138.0,,148.6,,,
정우영,2021,2021-05-27,롯데,146.1,,,,,132.0,,147.7,,,
정우영,2021,2021-05-28,키움,144.9,,,,,129.8,,147.8,,,
정우영,2021,2021-06-04,KIA,145.8,,,,,132.0,,147.2,,,
정우영,2021,2021-06-06,KIA,145.1,,,,,127.0,,146.0,,,
정우영,2021,2021-06-09,NC,147.7,,,,,,,147.7,,,
정우영,2021,2021-06-11,두산,146.5,,,,,,,146.5,,,
정우영,2021,2021-06-12,두산,145.4,,,,,131.0,,147.4,,,
정우영,2021,2021-06-13,두산,145.3,,,,,128.0,,146.8,,,
정우영,2021,2021-06-16,키움,143.9,,,,,126.0,,145.9,,,
정우영,2021,2021-06-17,키움,144.9,,,,,133.0,,145.4,,,
정우영,2021,2021-06-22,SSG,145.5,,,,,125.0,,146.9,,,
정우영,2021,2021-06-24,SSG,142.8,,,,,126.5,,146.9,,,
정우영,2021,2021-06-26,삼성,143.5,,,,,124.5,,145.3,,,
정우영,2021,2021-06-27,삼성,143.9,,,,,,,143.9,,,
정우영,2021,2021-06-30,KT,147.8,,,,,,,147.8,,,
정우영,2021,2021-07-04,한화,144.2,,,,,128.5,,147.7,,,
정우영,2021,2021-07-05,한화,148.0,,,,,,,148.0,,,
정우영,2021,2021-08-10,SSG,146.7,,,,,,,146.7,,,
정우영,2021,2021-08-14,롯데,146.6,,,,,,,146.6,,,
정우영,2021,2021-08-17,KT,139.3,,,,,128.3,,142.3,,,
정우영,2021,2021-08-19,KT,143.7,,,,,,,143.7,,,
정우영,2021,2021-08-22,NC,146.1,,145.8,,,,,146.5,,,
정우영,2021,2021-08-25,삼성,141.2,,,,,131.5,,147.7,,,
정우영,2021,2021-08-26,삼성,148.4,,,,,,,148.4,,,
정우영,2021,2021-08-28,키움,144.8,,,,,130.7,,148.6,,,
정우영,2021,2021-09-02,NC,146.4,,,,,132.0,,150.0,,,
정우영,2021,2021-09-03,NC,147.3,,,,,131.0,,148.6,,,
정우영,2021,2021-09-08,SSG,143.3,,,,,131.0,,147.3,,,
정우영,2021,2021-09-10,한화,148.8,,,,,131.0,,149.7,,,
정우영,2021,2021-09-14,삼성,144.5,,,,,131.0,,148.6,,,
정우영,2021,2021-09-15,삼성,146.8,,,,,130.0,,148.5,,,
정우영,2021,2021-09-19,KIA,148.3,,,,,139.0,,148.9,,,
정우영,2021,2021-09-24,삼성,145.0,,,,,139.0,,147.4,,,
정우영,2021,2021-09-25,KT,146.5,,,,,138.5,,147.5,,,
정우영,2021,2021-09-28,롯데,148.6,,,,,140.0,,149.6,,,
정우영,2021,2021-10-01,두산,147.8,,,,,140.0,,149.4,,,
정우영,2021,2021-10-03,키움,146.3,,,,,137.0,,147.6,,,
정우영,2021,2021-10-06,SSG,147.0,,,,,137.5,,148.7,,,
정우영,2021,2021-10-08,KIA,146.5,,,,,135.5,,148.7,,,
정우영,2021,2021-10-09,KT,146.6,,,,,133.3,,148.5,,,
정우영,2021,2021-10-12,SSG,145.1,,,,,132.5,,147.7,,,
정우영,2021,2021-10-16,NC,145.6,,,,,137.0,,147.8,,,
정우영,2021,2021-10-17,NC,142.2,,,,,131.3,,146.8,,,
정우영,2021,2021-10-21,키움,141.4,,,,,128.0,,147.5,,,
정우영,2021,2021-10-23,두산,148.2,,,,,,,148.2,,,
정우영,2021,2021-10-24,두산,145.8,,,,,132.5,,147.2,,,
정우영,2021,2021-10-26,한화,146.4,,,,,,,146.4,,,
정우영,2021,2021-10-28,한화,145.1,,,,,132.5,,148.7,,,
정우영,2021,2021-10-29,롯데,141.8,,,,,130.0,,143.5,,,
정우영,2021,2021-10-30,롯데,145.9,,,,,133.0,,148.8,,,
정우영,2021,2021-11-04,두산,144.3,,,,,132.7,,148.1,,,
정우영,2021,2021-11-05,두산,144.5,,,,,134.8,,148.1,,,
정우영,2020,2020-05-05,두산,142.8,,,,,131.0,,144.0,,,
정우영,2020,2020-05-10,NC,141.1,,,,,131.5,,142.4,,,
정우영,2020,2020-05-14,SK,141.8,,,,,132.3,,144.4,,,
정우영,2020,2020-05-16,키움,143.7,,,,,134.0,135.0,146.2,,,
정우영,2020,2020-05-21,삼성,141.1,,,,,132.0,,143.8,,,
정우영,2020,2020-05-24,KT,144.5,,,,,135.7,133.0,147.2,,,
정우영,2020,2020-05-26,한화,141.2,,,,,132.5,,143.9,,,
정우영,2020,2020-05-28,한화,139.2,,,,,131.5,,143.6,,,
정우영,2020,2020-05-29,KIA,141.3,145.0,,,,134.0,,145.0,,,
정우영,2020,2020-06-04,삼성,148.4,,,,,,,148.4,,,
정우영,2020,2020-06-06,키움,144.0,,,,,134.0,,145.1,,,
정우영,2020,2020-06-07,키움,143.8,,,,,,,143.8,,,
정우영,2020,2020-06-09,SK,141.8,,,,,134.2,,144.1,,,
정우영,2020,2020-06-11,SK,145.8,,,,,,,145.8,,,
정우영,2020,2020-06-12,롯데,142.7,,,,,135.8,,144.6,,,
정우영,2020,2020-06-14,롯데,142.6,,,,,136.7,,143.9,,,
정우영,2020,2020-06-16,한화,143.8,,,,,136.0,,145.8,,,
정우영,2020,2020-06-18,한화,144.8,,,,,136.0,,145.0,,,
정우영,2020,2020-06-25,키움,144.8,,,,,134.5,,146.3,,,
정우영,2020,2020-06-28,SK,140.8,,,,,136.8,,144.9,,,
정우영,2020,2020-06-30,KT,143.9,,,,,137.2,,146.5,,,
정우영,2020,2020-07-02,KT,140.9,,,,,136.2,,147.0,,,
정우영,2020,2020-07-04,삼성,143.7,,,,,133.3,,145.6,,,
정우영,2020,2020-07-05,삼성,141.9,,,,,132.5,,144.0,,,
정우영,2020,2020-07-08,두산,144.7,,,,,135.5,,146.8,,,
정우영,2020,2020-07-11,NC,142.8,,,,,131.2,,144.6,,,
정우영,2020,2020-07-18,한화,146.7,,,,,134.0,,147.1,,,
정우영,2020,2020-07-21,KT,138.9,,,,,131.8,,145.9,,,
정우영,2020,2020-07-26,두산,139.5,,,,,130.4,,145.1,,,
정우영,2020,2020-07-29,SK,144.8,,,,,132.0,,147.1,,,
정우영,2020,2020-08-01,한화,138.8,,,,,132.0,134.0,144.2,,,
정우영,2020,2020-08-05,KIA,142.0,,,,,130.7,,146.9,,,
정우영,2020,2020-08-07,키움,138.8,,,,,129.8,,146.0,,,
정우영,2020,2020-08-09,키움,138.1,,,,,129.6,128.0,144.3,,,
정우영,2020,2020-08-12,KIA,139.7,,,,,130.3,,146.7,,,
정우영,2020,2020-08-13,KIA,140.5,,,,,127.7,,146.0,,,
정우영,2020,2020-08-15,NC,141.7,,,,,130.5,,146.2,,,
정우영,2020,2020-08-18,KIA,141.3,,,,,127.5,,144.3,,,
정우영,2020,2020-08-20,키움,139.6,,,,,129.7,,145.9,,,
정우영,2020,2020-08-25,삼성,139.8,,,,,133.0,,150.0,,,
정우영,2020,2020-08-26,삼성,143.2,,,,,132.8,,147.9,,,
정우영,2020,2020-08-27,KT,139.6,,,,,131.7,,144.7,,,
정우영,2020,2020-09-01,SK,140.7,,,,,128.0,,146.1,,,
정우영,2020,2020-09-04,NC,143.1,,,,,128.5,,148.4,,,
정우영,2020,2020-09-08,KIA,141.3,,,,,134.0,,146.6,,,
정우영,2020,2020-09-10,키움,143.2,,,,,132.3,,146.4,,,
정우영,2020,2020-09-15,한화,142.4,,,,,131.2,,146.4,,,
정우영,2020,2020-09-18,롯데,140.5,,,,,132.5,,145.4,,,
정우영,2020,2020-09-20,두산,142.2,,,,,135.0,,145.8,,,
정우영,2020,2020-09-23,SK,144.1,,,,,132.0,,145.4,,,
정우영,2020,2020-09-24,NC,140.1,,,,,130.0,,141.4,,,
정우영,2020,2020-09-26,KT,136.6,,,,,129.2,,141.8,,,
정우영,2020,2020-09-27,KT,139.3,,,,,126.0,,141.1,,,
정우영,2020,2020-09-30,롯데,139.5,,,,,126.8,,142.5,,,
정우영,2020,2020-10-02,KT,134.6,,,,,122.7,,139.7,,,
정우영,2020,2020-10-04,KT,135.6,,,,,126.2,,139.9,,,
정우영,2020,2020-10-06,삼성,143.0,,,,,131.0,,144.3,,,
정우영,2020,2020-10-08,삼성,145.0,,,,,,,145.0,,,
정우영,2020,2020-10-10,NC,138.6,,,,,125.8,,143.1,,,
정우영,2020,2020-10-15,롯데,139.0,,,,,125.2,,142.8,,,
정우영,2020,2020-10-20,KT,141.8,,,,,127.8,,144.0,,,
정우영,2020,2020-10-23,KIA,143.4,,,,,,,143.4,,,
정우영,2020,2020-10-24,NC,141.1,,,,,127.7,,143.0,,,
정우영,2020,2020-10-28,한화,146.5,,,,,,,146.5,,,
정우영,2020,2020-10-30,SK,144.0,,,,,128.0,,144.9,,,
정우영,2020,2020-11-02,키움,147.1,,,,,,,147.1,,,
정지헌,2024,2024-04-18,롯데,138.7,,142.5,,,127.0,127.0,,,,
정지헌,2024,2024-05-30,SSG,131.0,,144.0,,,,126.7,,,,
정지헌,2024,2024-06-02,두산,135.5,,145.5,,,,126.9,,,,
정지헌,2024,2024-06-04,키움,137.7,,144.0,,,127.5,129.2,,,,
정지헌,2024,2024-06-08,KT,138.6,,143.3,,,126.0,127.3,,,,
정지헌,2024,2024-06-09,KT,134.0,,141.5,,,126.0,125.7,,,,
정지헌,2024,2024-06-11,삼성,134.2,,141.5,,,129.0,125.9,,,,
정지헌,2024,2024-06-15,롯데,121.3,,,,,117.0,123.5,,,,
정지헌,2024,2024-06-16,롯데,133.4,,140.2,,,120.0,125.0,,,,
정지헌,2024,2024-07-11,KIA,140.8,,145.7,,,132.0,129.0,,,,
정지헌,2024,2024-07-13,한화,138.3,,143.0,,,131.0,128.5,,,,
정지헌,2024,2024-07-14,한화,136.7,,143.5,,,129.5,128.0,,,,
정지헌,2024,2024-07-17,SSG,139.7,,143.6,,,,130.0,,,,
정지헌,2024,2024-07-30,삼성,135.8,,143.7,,,131.5,132.0,,,,
정지헌,2024,2024-07-31,삼성,137.4,,142.5,,,128.0,127.7,,,,
정지헌,2024,2024-08-07,두산,136.1,,141.5,,,128.0,123.0,,,,
정지헌,2024,2024-08-10,NC,139.2,,143.1,,,132.0,128.0,,,,
진우영,2024,2024-04-09,KIA,131.9,,140.3,,118.7,124.0,,,124.8,,
진우영,2024,2024-04-30,NC,135.8,,142.6,,,129.5,,,129.7,,
진우영,2024,2024-05-24,NC,137.7,,142.9,,,,,,128.6,,
진우영,2024,2024-07-09,KIA,134.9,,143.1,,,,,,129.2,,
진우영,2024,2024-07-12,한화,141.1,,142.8,,,,,,130.5,,
진우영,2024,2024-07-19,두산,143.7,,144.6,,,,,,132.0,,
최채흥,2024,2024-07-02,KIA,132.8,,137.1,,,127.8,,,,,
최채흥,2024,2024-07-13,두산,128.9,,136.9,,112.2,126.8,122.8,,,,
최채흥,2024,2024-07-17,KIA,129.2,,139.1,,112.8,128.0,124.5,,,,
최채흥,2024,2024-07-18,KIA,130.5,,138.9,,110.0,130.2,123.9,,,,
최채흥,2024,2024-07-26,KT,126.7,,136.0,,110.0,127.4,121.3,,,,
최채흥,2024,2024-07-31,LG,132.7,,138.3,,114.0,129.6,122.5,,,,
최채흥,2024,2024-08-03,SSG,131.8,,137.8,,113.0,129.9,121.5,,,,
최채흥,2024,2024-08-13,KT,131.6,,137.9,,111.0,129.8,123.5,,,,
최채흥,2024,2024-08-16,NC,134.1,,137.0,,,129.8,,,,,
최채흥,2024,2024-08-17,NC,132.9,,138.7,,109.0,130.4,124.5,,,,
최채흥,2024,2024-08-21,두산,123.5,,134.5,,112.0,123.6,120.0,,,,
최채흥,2024,2024-08-28,키움,132.3,,137.7,,,128.2,,,,,
최채흥,2024,2024-09-24,KIA,132.9,,138.1,,110.0,129.5,123.2,,,,
최채흥,2024,2024-09-28,LG,128.3,,135.5,,109.0,128.2,121.3,,,,
최채흥,2024,2024-10-26,KIA,128.5,132.5,135.1,,,126.6,120.7,,,,
최채흥,2023,2023-06-13,LG,132.4,,139.3,,111.2,130.9,123.8,,,,
최채흥,2023,2023-06-18,KT,129.3,,135.9,,108.0,128.0,120.7,,,,
최채흥,2023,2023-06-24,SSG,130.5,,139.1,,109.0,130.5,122.2,,,,
최채흥,2023,2023-06-30,한화,128.9,,135.2,,107.3,128.7,121.6,,,,
최채흥,2023,2023-07-06,두산,131.7,,138.2,,108.0,130.2,123.8,,,,
최채흥,2023,2023-07-26,SSG,129.7,,139.2,,110.6,128.1,123.8,,,,
최채흥,2023,2023-08-02,KIA,129.1,,137.2,,113.0,126.8,121.8,,,,
최채흥,2023,2023-08-08,두산,125.4,,136.1,,110.2,126.4,120.9,,,,
최채흥,2023,2023-08-19,KIA,129.2,,136.4,,109.2,127.1,120.8,,,,
최채흥,2023,2023-09-01,NC,128.2,,136.0,,108.0,125.9,119.8,,,,
최채흥,2023,2023-09-05,롯데,127.8,,137.6,,109.3,128.3,121.5,,,,
최채흥,2023,2023-09-10,두산,130.4,,138.3,,108.2,128.5,120.6,,,,
최채흥,2023,2023-09-15,NC,131.0,,138.2,,108.0,129.8,120.5,,,,
최채흥,2023,2023-09-22,두산,132.1,,139.2,,110.0,128.8,123.9,,,,
최채흥,2023,2023-09-28,LG,128.1,,137.1,,109.6,128.2,121.9,,,,
최채흥,2021,2021-05-09,롯데,129.0,,137.9,,108.5,129.1,121.4,,,,
최채흥,2021,2021-05-15,LG,129.5,,136.6,,109.1,126.9,121.7,,,,
최채흥,2021,2021-05-22,KIA,129.0,,138.6,,109.9,127.0,123.4,,,,
최채흥,2021,2021-05-29,두산,131.3,,138.7,,110.4,128.3,122.9,,,,
최채흥,2021,2021-06-05,키움,129.7,,137.1,,107.9,128.4,122.0,,,,
최채흥,2021,2021-06-11,NC,129.8,,136.8,,109.0,128.2,122.2,,,,
최채흥,2021,2021-06-17,두산,131.9,,139.4,,111.3,132.0,124.2,,,,
최채흥,2021,2021-06-23,한화,129.2,131.0,135.3,,108.5,127.1,121.8,,,,
최채흥,2021,2021-06-29,SSG,130.7,,138.2,,110.1,128.4,122.7,,,,
최채흥,2021,2021-07-09,롯데,127.7,,135.3,,108.0,125.5,121.3,,,,
최채흥,2021,2021-08-14,KT,129.4,,135.6,,108.6,128.0,121.1,,,,
최채흥,2021,2021-08-22,SSG,130.8,,138.0,,111.3,131.0,124.6,,,,
최채흥,2021,2021-08-28,KT,132.5,,137.9,,110.8,129.0,124.7,,,,
최채흥,2021,2021-09-03,KIA,131.0,,135.9,,110.5,128.7,121.7,,,,
최채흥,2021,2021-09-09,KT,129.2,,135.1,,108.4,127.7,121.4,,,,
최채흥,2021,2021-09-15,LG,131.4,,137.8,,109.8,129.5,122.9,,,,
최채흥,2021,2021-09-21,롯데,130.2,,137.2,,109.8,128.9,121.6,,,,
최채흥,2021,2021-09-26,NC,126.9,,134.1,,106.3,125.1,119.2,,,,
최채흥,2021,2021-10-02,두산,130.8,,136.9,,109.4,127.8,121.4,,,,
최채흥,2021,2021-10-08,NC,129.0,,134.8,,107.5,127.9,122.9,,,,
최채흥,2021,2021-10-15,키움,131.6,,136.8,,114.6,129.0,123.2,,,,
최채흥,2021,2021-10-19,두산,129.0,,135.1,,107.0,127.3,122.5,,,,
최채흥,2021,2021-10-22,KT,138.4,,142.0,,,133.0,,,,,
최채흥,2021,2021-10-23,KT,131.0,,137.2,,,128.4,121.8,,,,
최채흥,2021,2021-10-29,NC,134.5,,138.2,,,130.8,,,,,
최채흥,2021,2021-10-30,NC,130.4,,135.0,,,127.3,123.3,,,,
최채흥,2021,2021-11-09,두산,135.3,,137.0,,,130.0,,,,,
최채흥,2021,2021-11-10,두산,132.6,,138.9,,110.5,128.8,,,,,
최채흥,2020,2020-05-08,KIA,134.0,,139.5,,115.4,130.3,127.5,,,,
최채흥,2020,2020-05-14,키움,134.1,,140.4,,111.8,131.3,125.0,,,,
최채흥,2020,2020-05-20,LG,131.5,,138.9,,113.3,129.7,123.8,,,,
최채흥,2020,2020-05-26,롯데,131.6,,138.0,,114.8,130.2,124.3,,,,
최채흥,2020,2020-05-31,NC,131.3,,137.6,,111.4,129.7,123.9,,,,
최채흥,2020,2020-06-06,SK,134.6,,139.4,,111.7,129.4,125.4,,,,
최채흥,2020,2020-06-23,한화,133.7,,140.2,,112.8,131.1,125.2,,,,
최채흥,2020,2020-06-30,SK,131.2,,139.3,,113.7,129.1,125.4,,,,
최채흥,2020,2020-07-05,LG,135.1,,141.0,,114.0,130.3,126.7,,,,
최채흥,2020,2020-07-11,KT,129.8,,138.2,,112.0,128.2,124.5,,,,
최채흥,2020,2020-07-17,롯데,131.0,,139.2,,112.0,128.2,124.2,,,,
최채흥,2020,2020-07-30,한화,131.1,,139.2,,114.8,128.6,124.3,,,,
최채흥,2020,2020-08-05,두산,134.5,,141.9,,114.0,133.0,126.5,,,,
최채흥,2020,2020-08-12,두산,131.3,,139.7,,113.2,128.7,125.2,,,,
최채흥,2020,2020-08-18,KT,130.4,,138.2,,114.5,128.3,123.3,,,,
최채흥,2020,2020-08-23,롯데,130.0,,138.5,,110.0,127.8,122.8,,,,
최채흥,2020,2020-09-01,KIA,133.1,,137.5,,112.0,128.5,123.7,,,,
최채흥,2020,2020-09-08,한화,129.9,,137.8,,112.2,128.0,123.1,,,,
최채흥,2020,2020-09-13,LG,132.9,,140.0,,112.5,131.3,122.7,,,,
최채흥,2020,2020-09-19,키움,131.4,,138.3,,111.0,129.6,124.8,,,,
최채흥,2020,2020-09-25,두산,133.8,,140.6,,113.6,130.5,125.1,,,,
최채흥,2020,2020-10-02,NC,131.6,,137.5,,111.8,130.5,122.0,,,,
최채흥,2020,2020-10-08,LG,129.8,,138.9,,112.5,128.1,123.0,,,,
최채흥,2020,2020-10-14,SK,129.1,,138.3,,109.6,127.4,123.1,,,,
최채흥,2020,2020-10-20,SK,129.7,,136.5,,111.5,127.9,121.4,,,,
최채흥,2020,2020-10-27,NC,127.2,,135.5,,109.1,128.0,121.0,,,,
함덕주,2024,2024-08-13,한화,125.9,,135.2,,,123.6,120.6,,,,
함덕주,2024,2024-08-18,KIA,130.5,,136.5,,,123.0,122.3,,,,
함덕주,2024,2024-08-20,SSG,130.8,,136.5,,116.0,124.2,122.0,,,,
함덕주,2024,2024-08-24,키움,136.0,,136.0,,,,,,,,
함덕주,2024,2024-08-27,KT,132.4,,138.2,,119.0,,124.5,,,,
함덕주,2024,2024-08-29,KT,132.8,,136.0,,,123.3,,,,,
함덕주,2024,2024-08-30,KT,127.2,,136.0,,,123.0,122.7,,,,
함덕주,2024,2024-09-05,SSG,129.2,,137.8,,117.0,122.0,123.0,,,,
함덕주,2024,2024-09-10,롯데,126.5,,137.7,,,116.0,123.3,,,,
함덕주,2024,2024-09-11,키움,131.7,,136.5,,,,123.7,,,,
함덕주,2024,2024-09-15,NC,126.6,,134.5,,115.0,125.0,121.0,,,,
함덕주,2024,2024-09-19,롯데,126.7,,136.0,,,,122.0,,,,
함덕주,2024,2024-09-22,두산,131.5,,137.4,,,,124.5,,,,
함덕주,2024,2024-09-25,한화,131.0,,136.3,,,122.0,123.3,,,,
함덕주,2024,2024-09-28,삼성,127.8,,135.2,,,124.8,123.0,,,,
함덕주,2024,2024-10-09,KT,131.3,,138.3,,,129.0,124.7,,,,
함덕주,2024,2024-10-15,삼성,127.7,,133.2,,118.0,,120.0,,,,
함덕주,2023,2023-04-02,KT,135.1,,142.2,,113.0,129.0,128.2,,,,
함덕주,2023,2023-04-04,키움,134.4,,139.4,,,127.0,126.3,,,,
함덕주,2023,2023-04-06,키움,135.9,,139.1,,,125.0,124.0,,,,
함덕주,2023,2023-04-08,삼성,133.1,,139.1,,,127.7,124.7,,,,
함덕주,2023,2023-04-09,삼성,128.0,,139.0,,,124.3,,,,,
함덕주,2023,2023-04-11,롯데,132.5,,140.1,,,125.8,,,,,
함덕주,2023,2023-04-12,롯데,132.8,,140.0,,,126.0,125.6,,,,
함덕주,2023,2023-04-15,두산,136.5,,141.4,,,125.0,127.3,,,,
함덕주,2023,2023-04-18,NC,131.3,,139.3,,,122.5,124.3,,,,
함덕주,2023,2023-04-20,NC,133.8,,139.5,,,125.0,120.0,,,,
함덕주,2023,2023-04-21,한화,134.2,,138.4,,,128.0,122.5,,,,
함덕주,2023,2023-04-23,한화,128.4,,137.7,,101.0,,124.3,,,,
함덕주,2023,2023-04-25,SSG,135.1,,139.8,,,,125.8,,,,
함덕주,2023,2023-04-27,SSG,134.1,,139.1,,,119.0,124.0,,,,
함덕주,2023,2023-04-29,KIA,132.4,,140.3,,,127.7,125.2,,,,
함덕주,2023,2023-05-02,NC,135.1,,140.6,,,,125.8,,,,
함덕주,2023,2023-05-09,키움,130.4,,139.8,,,125.5,123.5,,,,
함덕주,2023,2023-05-11,키움,132.0,,138.8,,,123.0,123.7,,,,
함덕주,2023,2023-05-14,삼성,133.9,,142.1,,,129.3,126.4,,,,
함덕주,2023,2023-05-17,KT,139.3,,142.6,,,125.0,127.0,,,,
함덕주,2023,2023-05-19,한화,135.5,,141.9,,,,125.8,,,,
함덕주,2023,2023-05-20,한화,134.2,,140.1,,,127.7,125.3,,,,
함덕주,2023,2023-05-25,SSG,133.6,,142.3,,,128.0,128.7,,,,
함덕주,2023,2023-05-26,KIA,137.1,,141.2,,,126.8,126.0,,,,
함덕주,2023,2023-05-30,롯데,135.4,,139.6,,,,124.0,,,,
함덕주,2023,2023-06-01,롯데,132.7,,140.6,,,,125.8,,,,
함덕주,2023,2023-06-04,NC,130.8,,139.3,,,123.7,123.8,,,,
함덕주,2023,2023-06-09,한화,134.6,,140.8,,,125.9,125.7,,,,
함덕주,2023,2023-06-11,한화,133.1,,141.8,,,121.8,125.3,,,,
함덕주,2023,2023-06-13,삼성,136.9,,140.2,,,124.0,130.0,,,,
함덕주,2023,2023-06-14,삼성,136.6,,140.0,,,122.0,127.5,,,,
함덕주,2023,2023-06-16,두산,125.0,,,,,,125.0,,,,
함덕주,2023,2023-06-17,두산,133.7,,139.2,,,122.0,126.7,,,,
함덕주,2023,2023-06-21,NC,132.8,,142.0,,,123.5,126.7,,,,
함덕주,2023,2023-06-22,NC,132.9,,142.4,,,125.0,127.9,,,,
함덕주,2023,2023-06-25,롯데,131.4,,139.9,,,121.4,125.4,,,,
함덕주,2023,2023-06-28,SSG,129.7,,139.5,,,122.2,126.7,,,,
함덕주,2023,2023-06-30,KIA,131.6,,141.5,,,122.0,127.7,,,,
함덕주,2023,2023-07-02,KIA,131.4,,140.6,,,121.3,126.9,,,,
함덕주,2023,2023-07-06,KT,131.1,,139.9,,,119.8,125.4,,,,
함덕주,2023,2023-07-09,롯데,130.7,,141.0,,,120.1,127.0,,,,
함덕주,2023,2023-07-12,한화,135.8,,140.5,,,,126.9,,,,
함덕주,2023,2023-07-21,SSG,133.2,,140.9,,,122.0,127.2,,,,
함덕주,2023,2023-07-26,KT,132.8,,137.2,,,122.7,124.3,,,,
함덕주,2023,2023-07-27,KT,132.7,,139.5,,,122.5,127.0,,,,
함덕주,2023,2023-07-29,두산,133.5,,142.4,,,125.5,127.8,,,,
함덕주,2023,2023-08-02,키움,134.6,,141.5,,,124.3,127.4,,,,
함덕주,2023,2023-08-03,키움,135.1,,140.3,,,123.3,127.7,,,,
함덕주,2023,2023-08-06,삼성,135.6,,142.0,,,123.5,128.8,,,,
함덕주,2023,2023-08-09,KIA,129.8,,139.8,,119.0,,125.7,,,,
함덕주,2023,2023-08-11,키움,128.9,,139.5,,,121.8,126.2,,,,
함덕주,2023,2023-08-12,키움,129.0,,139.2,,,118.8,,,,,
함덕주,2023,2023-08-15,삼성,130.0,,139.0,,,121.0,,,,,
함덕주,2023,2023-08-18,SSG,132.8,,141.1,,,121.3,128.1,,,,
함덕주,2023,2023-08-19,SSG,133.3,,140.2,,,120.7,125.3,,,,
함덕주,2023,2023-08-24,롯데,135.1,,140.6,,,,125.6,,,,
함덕주,2023,2023-08-26,NC,134.8,,140.2,,,121.8,126.0,,,,
함덕주,2023,2023-11-07,KT,130.0,,137.0,,,123.0,124.4,,,,
함덕주,2023,2023-11-08,KT,130.8,,136.7,,,,123.8,,,,
함덕주,2023,2023-11-10,KT,128.6,,135.7,,,121.5,125.0,,,,
함덕주,2023,2023-11-13,KT,129.2,,138.8,,,122.0,125.2,,,,
함덕주,2022,2022-04-03,KIA,136.3,,140.6,,,,126.3,,,,
함덕주,2022,2022-04-05,키움,136.9,,138.4,,,126.0,124.0,,,,
함덕주,2022,2022-04-08,NC,136.4,,140.5,,,127.0,125.2,,,,
함덕주,2022,2022-04-12,SSG,136.7,,139.8,,,129.0,127.3,,,,
함덕주,2022,2022-04-14,SSG,134.5,,137.8,,,,126.4,,,,
함덕주,2022,2022-04-16,한화,138.7,,140.2,,,,125.5,,,,
함덕주,2022,2022-04-20,KT,135.4,,140.1,,107.0,,126.0,,,,
함덕주,2022,2022-04-23,두산,135.7,,140.2,,,123.5,124.0,,,,
함덕주,2022,2022-04-27,삼성,131.0,,136.2,,,,123.6,,,,
함덕주,2022,2022-04-29,롯데,132.6,,139.1,,,,125.6,,,,
함덕주,2022,2022-05-01,롯데,133.2,,137.5,,107.0,,125.0,,,,
함덕주,2022,2022-05-04,두산,134.5,,139.0,,,123.5,120.0,,,,
함덕주,2022,2022-05-05,두산,131.8,,136.8,,108.0,118.5,122.0,,,,
함덕주,2021,2021-04-04,NC,131.4,,138.8,,103.0,124.5,124.5,,,,
함덕주,2021,2021-04-09,SSG,131.0,,137.8,,106.0,122.5,124.9,,,,
함덕주,2021,2021-04-15,키움,133.4,,137.7,,,124.4,125.9,,,,
함덕주,2021,2021-04-21,KIA,131.2,,137.8,,103.0,122.2,123.6,,,,
함덕주,2021,2021-05-02,삼성,133.3,,139.0,,,124.0,126.0,,,,
함덕주,2021,2021-05-06,두산,136.1,,140.9,,,,127.4,,,,
함덕주,2021,2021-05-09,한화,136.1,,139.7,,,126.0,128.7,,,,
함덕주,2021,2021-09-14,삼성,132.5,,139.8,,110.0,126.0,128.0,,,,
함덕주,2021,2021-09-17,NC,129.3,,139.8,,108.0,123.0,124.7,,,,
함덕주,2021,2021-09-21,한화,134.9,,138.8,,,123.0,125.0,,,,
함덕주,2021,2021-10-11,KT,133.2,,137.8,,,,125.8,,,,
함덕주,2021,2021-10-14,롯데,129.1,,139.4,,107.0,127.0,127.5,,,,
함덕주,2021,2021-10-17,NC,130.6,,138.3,,113.0,123.0,125.0,,,,
함덕주,2021,2021-10-20,키움,133.1,,136.8,,,126.0,122.3,,,,
함덕주,2021,2021-10-24,두산,131.7,,139.8,,,124.5,126.8,,,,
함덕주,2021,2021-10-25,롯데,132.3,,136.5,,,,124.0,,,,
함덕주,2020,2020-05-06,LG,132.3,,140.5,,108.0,126.0,127.8,,,,
함덕주,2020,2020-05-10,KT,136.0,,140.6,,,126.5,122.5,,,,
함덕주,2020,2020-05-12,롯데,136.6,,141.3,,,129.0,126.0,,,,
함덕주,2020,2020-05-13,롯데,132.7,,141.1,,,127.0,125.6,,,,
함덕주,2020,2020-05-17,KIA,132.8,,139.5,,,123.0,122.7,,,,
함덕주,2020,2020-05-20,NC,133.9,,140.3,,,123.0,127.2,,,,
함덕주,2020,2020-05-22,삼성,137.6,,140.5,,,123.0,126.5,,,,
함덕주,2020,2020-05-23,삼성,134.8,,140.8,,,126.0,126.6,,,,
함덕주,2020,2020-05-27,SK,134.0,,140.7,,,126.3,127.0,,,,
함덕주,2020,2020-05-29,롯데,133.4,,141.8,,,126.7,129.0,,,,
함덕주,2020,2020-05-30,롯데,132.4,,140.8,,,126.0,126.8,,,,
함덕주,2020,2020-06-02,KT,127.5,,136.9,,,,119.4,,,,
함덕주,2020,2020-06-05,KIA,134.4,,143.0,,117.0,127.0,126.8,,,,
함덕주,2020,2020-06-07,KIA,132.4,,141.0,,,,123.8,,,,
함덕주,2020,2020-06-12,한화,135.9,,141.1,,,125.0,125.6,,,,
함덕주,2020,2020-06-13,한화,135.1,,140.4,,,125.8,,,,,
함덕주,2020,2020-06-18,삼성,136.4,,142.8,,,,126.8,,,,
함덕주,2020,2020-06-20,LG,135.8,,141.1,,109.5,,125.8,,,,
함덕주,2020,2020-06-27,NC,133.4,,140.0,,,125.0,126.0,,,,
함덕주,2020,2020-07-03,한화,132.1,,142.0,,,126.0,127.0,,,,
함덕주,2020,2020-07-05,한화,134.9,,144.8,,,,130.0,,,,
함덕주,2020,2020-07-07,LG,137.8,,141.6,,,129.5,128.8,,,,
함덕주,2020,2020-07-15,SK,136.9,,141.4,,,127.2,129.0,,,,
함덕주,2020,2020-07-16,SK,139.2,,142.3,,,129.7,,,,,
함덕주,2020,2020-07-19,KIA,135.7,,142.2,,,124.0,126.6,,,,
함덕주,2020,2020-07-25,LG,137.6,,143.2,,,,129.7,,,,
함덕주,2020,2020-07-31,NC,129.8,,141.2,,,124.3,125.0,,,,
함덕주,2020,2020-08-01,NC,133.6,,140.2,,,122.0,125.9,,,,
함덕주,2020,2020-08-20,롯데,139.0,,139.0,,,,,,,,
함덕주,2020,2020-09-06,SK,131.4,,136.8,,114.0,123.8,124.8,,,,
함덕주,2020,2020-09-13,키움,129.4,,136.7,,108.6,119.6,124.6,,,,
함덕주,2020,2020-09-19,LG,131.7,,137.5,119.0,105.3,124.3,125.9,,,,
함덕주,2020,2020-09-27,키움,131.8,,138.1,,109.5,119.9,126.0,,,,
함덕주,2020,2020-10-04,KIA,130.7,,138.0,,113.8,124.0,126.7,,,,
함덕주,2020,2020-10-10,KT,131.8,,135.5,,,124.2,123.4,,,,
함덕주,2020,2020-10-29,KIA,132.8,,138.0,,,,124.9,,,,
함덕주,2020,2020-11-12,KT,129.7,,138.5,,,121.7,126.0,,,,
함덕주,2020,2020-11-21,NC,133.4,,137.0,,,122.0,123.0,,,,
허준혁,2022,2022-05-04,두산,137.5,,143.0,,,,,,132.0,,
허준혁,2022,2022-05-05,두산,138.8,,144.0,,,128.0,,,131.5,,
허준혁,2022,2022-05-06,NC,139.5,,144.5,,,130.2,,,129.7,,
허준혁,2022,2022-05-12,한화,138.6,,142.7,,,131.0,,,131.5,,
허준혁,2022,2022-05-26,키움,140.7,,145.1,,,130.0,,,130.6,,
허준혁,2022,2022-08-04,롯데,137.9,,141.2,,,127.5,,,128.5,,
