선수명,연도,날짜,상대팀,전체구속,2Seam,4Seam,Cutter,Curve,Slider,Changeup,Sinker,Forkball,Knuckle,Other
김기중,2024,2024-03-23,LG,134.2,,140.7,,112.0,132.3,,,,,
김기중,2024,2024-03-30,KT,132.0,,139.8,,115.4,129.7,128.0,,,,
김기중,2024,2024-04-05,키움,132.5,,140.0,,113.5,132.0,127.0,,,,
김기중,2024,2024-05-11,키움,137.8,,143.0,,116.0,133.0,,,,,
김기중,2024,2024-05-14,NC,133.1,,143.5,,113.7,132.2,,,,,
김기중,2024,2024-05-15,NC,131.3,,138.9,,114.6,130.0,126.5,,,,
김기중,2024,2024-05-22,LG,129.7,,139.4,,112.5,128.8,123.9,,,,
김기중,2024,2024-05-30,롯데,131.9,,139.2,,112.8,128.5,126.7,,,,
김기중,2024,2024-06-05,KT,128.2,,141.3,,112.8,129.2,128.5,,,,
김기중,2024,2024-06-07,NC,131.0,,141.2,,111.5,128.5,128.7,,,,
김기중,2024,2024-06-14,SSG,128.8,,139.2,,114.5,128.0,127.3,,,,
김기중,2024,2024-06-19,키움,130.8,,138.5,,114.2,126.4,126.5,,,,
김기중,2024,2024-06-27,두산,130.3,,139.3,,114.2,129.0,127.2,,,,
김기중,2024,2024-07-04,KT,134.5,,140.4,,114.5,130.9,129.0,,,,
김기중,2024,2024-07-13,LG,128.0,,138.6,,112.1,126.1,129.0,,,,
김기중,2024,2024-07-20,KIA,132.0,,138.7,,113.2,129.9,125.6,,,,
김기중,2024,2024-08-02,KIA,127.8,,138.4,,113.9,127.9,127.0,,,,
김기중,2024,2024-08-09,키움,129.2,,139.5,,114.3,128.0,125.7,,,,
김기중,2024,2024-08-15,LG,127.3,,138.1,,112.2,128.4,127.2,,,,
김기중,2024,2024-09-07,LG,134.1,,143.5,,115.7,133.9,,,,,
김기중,2024,2024-09-08,LG,131.4,,141.7,,116.1,131.0,,,,,
김기중,2024,2024-09-12,삼성,132.1,,138.5,,113.8,129.0,130.0,,,,
김기중,2024,2024-09-14,롯데,132.5,,142.0,,117.0,127.9,132.0,,,,
김기중,2024,2024-09-18,NC,129.8,,144.0,,114.0,130.5,,,,,
김기중,2024,2024-09-23,롯데,134.3,,140.4,,113.0,130.0,131.0,,,,
김기중,2024,2024-09-24,키움,129.1,,141.0,,114.0,130.5,132.2,,,,
김기중,2024,2024-09-28,SSG,130.3,,138.8,,112.2,128.4,128.0,,,,
김기중,2023,2023-04-09,SSG,135.4,,143.5,,119.2,132.4,,,,,
김기중,2023,2023-04-12,KIA,136.2,,143.7,,119.7,130.6,,,,,
김기중,2023,2023-04-14,KT,132.7,,141.8,,114.0,128.2,,,,,
김기중,2023,2023-04-15,KT,129.3,,139.8,,115.5,128.0,,,,,
김기중,2023,2023-04-19,두산,139.8,,143.0,,,130.0,,,,,
김기중,2023,2023-04-21,LG,131.7,,,,,131.7,,,,,
김기중,2023,2023-04-22,LG,133.1,,142.0,,117.8,131.3,,,,,
김기중,2023,2023-04-26,롯데,136.5,,141.2,,115.0,127.5,,,,,
김기중,2023,2023-04-28,NC,132.7,,143.5,,119.3,131.7,,,,,
김기중,2023,2023-04-30,NC,134.3,,141.0,,,128.7,,,,,
김기중,2023,2023-05-04,두산,135.8,,143.7,,121.2,131.6,,,,,
김기중,2023,2023-05-09,삼성,129.1,,140.0,,116.2,129.4,,,,,
김기중,2023,2023-05-13,SSG,131.7,,143.2,,117.9,130.6,,,,,
김기중,2023,2023-05-16,롯데,138.2,,142.9,,,132.4,135.0,,,,
김기중,2023,2023-05-18,롯데,133.0,,141.7,,116.6,130.4,,,,,
김기중,2023,2023-05-20,LG,135.2,,142.2,,118.0,132.3,,,,,
김기중,2023,2023-05-21,LG,135.5,,141.4,,115.3,131.8,130.0,,,,
김기중,2023,2023-05-23,KIA,136.0,,144.2,,118.5,133.0,131.7,,,,
김기중,2023,2023-05-26,NC,134.1,,141.5,,115.5,130.1,130.0,,,,
김기중,2023,2023-05-31,키움,133.9,,141.8,,116.8,130.3,132.0,,,,
김기중,2023,2023-06-03,삼성,130.3,,142.6,,114.5,131.4,127.0,,,,
김기중,2023,2023-06-06,두산,136.9,,140.2,,,131.0,131.0,,,,
김기중,2023,2023-06-08,두산,130.6,,140.4,,116.3,129.7,,,,,
김기중,2023,2023-06-11,LG,134.7,,142.8,,118.2,131.9,,,,,
김기중,2023,2023-06-13,롯데,139.4,,143.2,,,130.8,,,,,
김기중,2023,2023-06-14,롯데,129.2,,143.0,,114.5,130.0,,,,,
김기중,2023,2023-06-16,키움,133.9,,145.0,,117.3,130.3,129.4,,,,
김기중,2023,2023-06-18,키움,138.3,,142.6,,,131.0,,,,,
김기중,2023,2023-06-20,KIA,134.9,,142.1,,118.0,131.2,129.5,,,,
김기중,2023,2023-06-23,NC,133.7,,142.6,,116.5,129.7,,,,,
김기중,2023,2023-09-05,SSG,135.3,,144.5,,117.4,135.9,129.0,,,,
김기중,2023,2023-09-09,키움,134.3,,141.2,,113.7,132.6,126.4,,,,
김기중,2023,2023-09-19,SSG,130.4,,139.9,,113.9,129.7,126.1,,,,
김기중,2023,2023-09-27,삼성,131.1,,138.6,,115.9,130.0,126.9,,,,
김기중,2023,2023-10-05,삼성,129.6,,137.7,,113.1,128.3,127.6,,,,
김기중,2023,2023-10-10,NC,130.4,,140.9,,114.2,129.4,128.0,,,,
김기중,2023,2023-10-16,롯데,131.7,,141.4,,116.3,130.7,128.6,,,,
김기중,2022,2022-05-19,삼성,138.6,,143.5,,,128.8,,,,,
김기중,2022,2022-05-21,키움,137.0,,140.7,,,127.4,129.7,,,,
김기중,2022,2022-09-17,LG,133.7,,140.5,,116.3,130.8,126.2,,,,
김기중,2022,2022-09-23,SSG,129.9,,140.6,,115.1,130.0,127.5,,,,
김기중,2022,2022-09-29,두산,130.9,,138.4,,109.9,129.8,126.2,,,,
김기중,2021,2021-06-05,NC,134.8,,141.5,,120.0,126.8,128.4,,,,
김기중,2021,2021-06-11,KT,135.1,,140.4,,121.5,125.7,128.0,,,,
김기중,2021,2021-06-17,롯데,134.1,,139.1,,,125.0,125.1,,,,
김기중,2021,2021-06-23,삼성,133.5,,139.0,,117.3,124.8,127.1,,,,
김기중,2021,2021-06-30,두산,137.8,,141.0,,,128.9,,,,,
김기중,2021,2021-07-05,LG,137.0,,143.0,,112.7,129.0,130.6,,,,
김기중,2021,2021-07-11,SSG,136.3,,141.8,,116.5,129.0,132.0,,,,
김기중,2021,2021-08-14,NC,134.3,,143.5,,118.2,129.4,129.8,,,,
김기중,2021,2021-08-19,삼성,131.3,,139.3,,116.0,125.3,125.2,,,,
김기중,2021,2021-08-25,키움,134.0,,141.8,,117.3,128.5,128.3,,,,
김기중,2021,2021-08-31,KT,133.0,,139.3,,115.5,128.0,125.4,,,,
김기중,2021,2021-09-05,KIA,135.9,,141.0,,114.8,128.8,128.9,,,,
김기중,2021,2021-09-11,삼성,134.4,,141.2,,117.0,129.4,127.8,,,,
김기중,2021,2021-09-17,키움,134.9,,141.2,,115.3,128.8,127.0,,,,
김기중,2021,2021-09-25,두산,135.7,,140.8,,118.5,129.0,130.0,,,,
김도빈,2024,2024-08-21,NC,124.5,,139.3,,,,116.5,,,,
김민우,2024,2024-03-26,SSG,137.3,,142.4,,119.2,128.3,,,133.8,,
김민우,2024,2024-04-07,키움,134.3,,140.9,,110.6,,,,130.8,,
김민우,2024,2024-04-13,KIA,137.8,,137.8,,,,,,,,
김민우,2023,2023-04-02,키움,133.8,,141.7,,117.5,130.3,,,132.1,,
김민우,2023,2023-04-08,SSG,134.2,,140.0,,118.2,131.3,,,131.2,,
김민우,2023,2023-04-14,KT,131.6,,137.7,,116.6,128.5,,,129.0,,
김민우,2023,2023-04-20,두산,134.3,,141.0,,115.5,125.7,,,131.4,,
김민우,2023,2023-04-27,롯데,132.0,,139.1,,112.4,134.0,,,131.3,,
김민우,2023,2023-05-03,두산,132.5,,142.2,,115.8,126.0,,,133.4,,
김민우,2023,2023-05-09,삼성,134.5,,140.2,,118.4,,,,133.0,,
김민우,2023,2023-05-14,SSG,131.8,,140.2,,115.3,128.0,,,130.8,,
김민우,2023,2023-05-26,NC,132.2,,139.1,,116.4,128.7,,,130.8,,
김민우,2023,2023-06-02,삼성,132.0,,140.2,,118.4,126.0,,,129.3,,
김민우,2023,2023-06-08,두산,133.5,,138.0,,115.9,125.2,,,129.8,,
김민우,2023,2023-06-14,롯데,134.2,,137.3,,112.0,,,,131.3,,
김민우,2022,2022-04-02,두산,131.4,,139.3,,113.2,124.9,,,131.3,,
김민우,2022,2022-04-08,KT,134.3,,143.5,,115.5,128.7,134.6,,134.0,,
김민우,2022,2022-04-13,삼성,131.4,,140.4,,114.1,123.4,,,131.8,,
김민우,2022,2022-04-19,롯데,132.3,,141.3,,113.6,125.2,,,130.4,,
김민우,2022,2022-04-24,SSG,133.7,,141.7,,115.0,126.5,,,133.2,,
김민우,2022,2022-04-30,NC,132.5,,140.9,,114.6,125.0,129.0,,134.2,,
김민우,2022,2022-05-06,KIA,131.9,,139.2,,110.3,123.0,,,131.0,,
김민우,2022,2022-05-12,LG,132.2,,141.1,,116.5,127.4,,,135.2,,
김민우,2022,2022-05-18,삼성,136.6,,144.9,,118.8,126.5,,,135.9,,
김민우,2022,2022-05-24,두산,132.0,,141.5,,111.7,123.0,,,129.5,,
김민우,2022,2022-05-29,KT,132.1,,140.8,,109.6,124.1,,,129.8,,
김민우,2022,2022-06-04,키움,130.5,,140.7,,113.5,122.4,,,130.4,,
김민우,2022,2022-06-11,SSG,135.4,,143.0,,115.5,127.5,,,133.4,,
김민우,2022,2022-06-17,NC,134.8,,143.4,,116.3,126.9,,,133.1,,
김민우,2022,2022-06-25,삼성,133.2,,141.4,,114.7,128.3,,,129.6,,
김민우,2022,2022-07-02,키움,128.8,,139.1,,112.1,125.4,,,129.9,,
김민우,2022,2022-07-08,KIA,132.1,,140.7,,117.6,128.0,,,132.3,,
김민우,2022,2022-07-23,KT,130.2,,138.9,,112.8,,,,129.9,,
김민우,2022,2022-07-29,두산,131.6,,141.0,,113.5,126.5,,,132.5,,
김민우,2022,2022-08-05,KT,129.9,,138.9,,110.6,119.7,,,130.2,,
김민우,2022,2022-08-17,NC,133.5,,140.5,,114.2,126.3,,,132.8,,
김민우,2022,2022-08-23,LG,130.3,,142.1,,115.0,126.2,,,133.2,,
김민우,2022,2022-08-28,삼성,132.9,,140.8,,113.6,124.7,,,131.5,,
김민우,2022,2022-09-04,NC,134.3,,142.3,,116.3,125.8,,,133.6,,
김민우,2022,2022-09-10,SSG,134.0,,141.6,,116.4,124.0,,,130.6,,
김민우,2022,2022-09-16,KIA,135.7,,143.4,,117.8,,,,133.9,,
김민우,2022,2022-09-22,SSG,135.6,,142.4,,116.6,127.0,,,131.9,,
김민우,2022,2022-09-28,LG,132.4,,140.4,,113.6,125.7,,,131.1,,
김민우,2022,2022-10-06,키움,135.1,,142.7,,115.4,128.1,,,133.7,,
김민우,2021,2021-04-04,KT,133.3,,143.0,,112.4,128.3,,,133.0,,
김민우,2021,2021-04-09,두산,130.7,,140.5,,109.6,127.6,,,129.6,,
김민우,2021,2021-04-15,삼성,129.1,,136.6,,110.6,128.4,,,129.2,,
김민우,2021,2021-04-21,키움,135.0,,140.8,,111.8,129.9,,,132.1,,
김민우,2021,2021-04-27,KIA,132.1,,141.5,,113.9,128.9,,,130.8,,
김민우,2021,2021-05-02,롯데,130.2,,139.4,,111.2,128.0,,,129.3,,
김민우,2021,2021-05-09,LG,136.4,,142.6,,115.2,128.3,,,132.7,,
김민우,2021,2021-05-14,키움,134.0,,143.8,,113.5,130.2,,,134.3,,
김민우,2021,2021-05-21,KT,132.6,,140.5,,115.4,127.7,,,131.2,,
김민우,2021,2021-05-27,두산,132.8,,140.3,,112.7,127.0,,,131.4,,
김민우,2021,2021-06-02,KIA,133.6,,141.0,,111.3,124.8,,,133.0,,
김민우,2021,2021-06-08,키움,132.5,,140.4,,110.6,123.4,,,131.2,,
김민우,2021,2021-06-13,KT,128.9,,140.4,,111.3,123.4,,,129.7,,
김민우,2021,2021-06-19,SSG,132.2,,139.8,,108.8,123.4,,,130.3,,
김민우,2021,2021-07-02,LG,136.8,,143.1,,111.0,129.4,,,133.6,,
김민우,2021,2021-07-10,SSG,132.7,,141.6,,111.6,131.7,,,133.9,,
김민우,2021,2021-08-13,NC,133.7,,139.4,,111.2,129.3,,,130.4,,
김민우,2021,2021-08-18,삼성,133.6,,140.6,,114.3,127.2,,,132.5,,
김민우,2021,2021-08-29,NC,129.8,,139.4,,114.3,126.4,,,128.4,,
김민우,2021,2021-09-04,KIA,132.7,,138.8,,114.3,129.8,,,129.5,,
김민우,2021,2021-09-10,LG,136.3,,142.1,,115.8,130.8,,,133.4,,
김민우,2021,2021-09-15,SSG,131.4,,139.6,,114.6,,,,131.4,,
김민우,2021,2021-09-21,LG,131.2,,138.8,,112.0,,,,129.8,,
김민우,2021,2021-09-26,두산,131.9,,140.3,,111.9,,,,130.9,,
김민우,2021,2021-10-01,삼성,132.2,,138.1,,112.8,,,,130.2,,
김민우,2021,2021-10-07,SSG,131.7,,141.4,,117.2,132.7,,,132.6,,
김민우,2021,2021-10-17,KT,129.9,,138.2,,115.0,,,,130.8,,
김민우,2021,2021-10-21,KIA,132.3,,139.2,,114.6,127.5,,,132.2,,
김민우,2021,2021-10-26,LG,134.4,,139.8,,114.6,127.0,,,133.1,,
김민우,2020,2020-05-06,SK,135.0,,146.7,,115.8,129.0,,,130.8,,
김민우,2020,2020-05-12,KIA,131.1,,143.2,,112.6,130.0,,,126.8,,
김민우,2020,2020-05-17,롯데,134.0,140.8,144.2,,111.0,126.8,,,127.3,,
김민우,2020,2020-05-23,NC,132.4,143.0,143.3,,114.0,128.0,,,129.8,,
김민우,2020,2020-05-29,SK,132.8,,142.5,,114.0,,,,127.3,,
김민우,2020,2020-06-04,키움,132.4,136.0,145.2,,112.7,,,,129.7,,
김민우,2020,2020-06-10,롯데,133.7,,144.9,,114.8,134.0,,,130.1,,
김민우,2020,2020-06-21,NC,137.8,144.5,144.9,,114.9,129.9,,,128.2,,
김민우,2020,2020-06-27,KT,132.8,,143.7,,112.3,128.5,,,128.7,,
김민우,2020,2020-07-04,두산,136.4,143.0,146.0,,114.4,131.2,,,130.5,,
김민우,2020,2020-07-10,SK,133.8,,141.7,,112.0,,,,128.1,,
김민우,2020,2020-07-16,KT,134.1,,140.8,,113.8,129.0,,,128.7,,
김민우,2020,2020-07-22,KIA,135.0,,141.6,,111.0,,,,130.3,,
김민우,2020,2020-07-30,삼성,131.7,,142.3,,116.7,,,,130.3,,
김민우,2020,2020-08-05,NC,131.5,,141.4,,115.1,127.3,,,130.5,,
김민우,2020,2020-08-12,키움,133.9,,140.7,,116.2,,,,129.9,,
김민우,2020,2020-08-18,SK,132.9,,140.3,,113.3,,,,129.8,,
김민우,2020,2020-08-23,LG,134.5,,142.8,,115.8,128.0,,,131.0,,
김민우,2020,2020-09-04,키움,133.6,,143.1,,115.2,,,,132.2,,
김민우,2020,2020-09-09,삼성,132.8,,140.8,,114.5,,,,130.3,,
김민우,2020,2020-09-15,LG,132.9,,142.9,,113.0,,,,131.5,,
김민우,2020,2020-09-20,KIA,129.5,,139.8,,109.6,,,,128.9,,
김민우,2020,2020-09-26,NC,131.3,,138.9,,109.1,,,,126.9,,
김민우,2020,2020-10-02,롯데,135.2,,143.0,,114.3,134.5,,,131.8,,
김민우,2020,2020-10-08,KIA,132.5,,139.6,,113.6,,,,129.7,,
김민우,2020,2020-10-14,두산,134.9,,141.3,,116.1,,,,131.6,,
김범수,2024,2024-03-24,LG,138.8,,147.3,,,136.7,,,,,
김범수,2024,2024-03-26,SSG,139.3,,146.6,,120.0,135.1,134.0,,,,
김범수,2024,2024-03-28,SSG,139.1,,145.6,,120.5,137.1,,,,,
김범수,2024,2024-03-31,KT,138.4,,144.6,,122.0,133.5,,,136.0,,
김범수,2024,2024-04-02,롯데,137.7,,144.5,,124.0,,,,,,
김범수,2024,2024-04-04,롯데,136.9,,145.2,,121.0,133.0,,,135.8,,
김범수,2024,2024-04-06,키움,136.6,,145.3,,119.0,134.5,,,,,
김범수,2024,2024-04-09,두산,146.5,,146.5,,,,,,,,
김범수,2024,2024-04-21,삼성,140.5,,144.5,,,134.9,136.0,,,,
김범수,2024,2024-04-23,KT,139.8,,146.0,,,134.8,135.0,,136.0,,
김범수,2024,2024-04-25,KT,137.3,,145.8,,,134.2,136.0,,136.0,,
김범수,2024,2024-04-26,두산,135.6,,144.4,,121.0,131.6,,,135.3,,
김범수,2024,2024-04-28,두산,142.3,,144.1,,,134.0,,,,,
김범수,2024,2024-05-01,SSG,138.1,,144.4,,,133.3,,,136.7,,
김범수,2024,2024-05-04,KIA,135.5,,147.2,,117.0,134.2,,,137.5,,
김범수,2024,2024-05-08,롯데,138.2,,147.0,,,134.2,,,138.6,,
김범수,2024,2024-05-09,롯데,136.3,,146.0,,,134.4,,,135.8,,
김범수,2024,2024-05-11,키움,140.1,,146.0,,,133.6,,,136.0,,
김범수,2024,2024-05-14,NC,138.4,,146.6,,118.0,134.6,,,134.7,,
김범수,2024,2024-05-16,NC,137.7,,145.5,,116.2,133.9,134.0,,133.0,,
김범수,2024,2024-05-18,삼성,134.6,,142.4,,118.5,132.1,,,136.2,,
김범수,2024,2024-05-21,LG,136.2,,145.5,,120.0,133.2,,,,,
김범수,2024,2024-05-22,LG,140.4,,144.3,,,136.0,,,134.0,,
김범수,2024,2024-05-24,SSG,140.4,,146.4,,120.0,136.2,,,137.5,,
김범수,2024,2024-05-25,SSG,139.4,,147.7,,,135.2,,,138.0,,
김범수,2024,2024-05-31,삼성,136.6,,144.6,,122.0,133.0,,,135.0,,
김범수,2024,2024-06-01,삼성,135.9,,144.7,,,132.0,,,133.6,,133.0
김범수,2024,2024-06-04,KT,139.0,,146.9,,126.0,133.0,,,133.0,,
김범수,2024,2024-06-07,NC,141.6,,146.3,,,133.5,,,,,
김범수,2024,2024-06-09,NC,142.3,,146.6,,,137.2,,,136.5,,
김범수,2024,2024-06-11,두산,136.7,,146.2,,121.0,134.5,,,135.0,,
김범수,2024,2024-06-14,SSG,140.9,,144.5,,,130.3,,,137.0,,
김범수,2024,2024-06-19,키움,139.9,,144.6,,,136.0,,,134.4,,
김범수,2024,2024-06-21,KIA,139.2,,147.1,,117.0,135.1,,,138.0,,
김범수,2024,2024-06-23,KIA,144.0,,147.5,,,137.0,,,,,
김범수,2024,2024-08-02,KIA,133.5,,143.6,,117.5,129.6,,,133.8,,
김범수,2024,2024-08-06,삼성,139.6,,144.9,,,132.9,,,,,
김범수,2024,2024-08-08,삼성,138.2,,144.6,,,132.4,,,,,
김범수,2024,2024-08-09,키움,136.9,,143.2,,122.0,132.4,,,,,
김범수,2023,2023-04-01,키움,141.7,,146.9,,,137.5,,,,,
김범수,2023,2023-04-02,키움,141.3,,147.0,,,140.6,,,,,
김범수,2023,2023-04-06,삼성,135.8,,145.3,,113.5,134.3,134.0,,,,
김범수,2023,2023-04-07,SSG,134.7,,146.7,,118.5,134.3,,,,,
김범수,2023,2023-04-11,KIA,138.4,,146.8,,121.4,135.2,137.0,,,,
김범수,2023,2023-04-14,KT,132.4,,142.4,,115.0,130.8,129.0,,,,
김범수,2023,2023-04-18,두산,138.0,,145.2,,118.7,134.2,136.0,,,,
김범수,2023,2023-04-19,두산,146.3,,147.4,,,138.0,,,,,
김범수,2023,2023-04-22,LG,137.8,,146.7,,121.5,140.0,,,,,
김범수,2023,2023-04-23,LG,136.8,,144.8,,121.0,134.9,134.0,,,,
김범수,2023,2023-04-26,롯데,139.9,,145.2,,,135.6,,,,,
김범수,2023,2023-04-29,NC,135.9,,145.9,,118.0,134.5,,,,,
김범수,2023,2023-05-02,두산,136.8,,149.0,,120.0,139.0,,,,,
김범수,2023,2023-05-07,KT,138.8,,147.1,,121.5,136.9,135.0,,,,
김범수,2023,2023-05-12,SSG,145.6,,150.4,,,139.5,,,,,
김범수,2023,2023-05-14,SSG,138.3,,148.3,,122.0,138.5,127.0,,,,
김범수,2023,2023-05-17,롯데,143.4,,148.5,,,137.0,136.0,,,,
김범수,2023,2023-05-19,LG,141.2,,149.0,,114.5,137.2,,,,,
김범수,2023,2023-05-20,LG,140.0,,148.0,,,138.0,,,,,
김범수,2023,2023-05-25,KIA,138.7,,151.0,,121.0,137.9,,,,,
김범수,2023,2023-05-27,NC,139.3,,,,,139.2,,,,,
김범수,2023,2023-06-01,키움,142.6,,149.5,,,138.0,,,,,
김범수,2023,2023-06-02,삼성,137.5,,149.3,,121.2,137.3,,,,,
김범수,2023,2023-06-04,삼성,141.6,,149.2,,124.0,137.0,,,,,
김범수,2023,2023-06-07,두산,140.4,,149.4,,121.0,138.0,,,,,
김범수,2023,2023-06-09,LG,141.5,,149.2,,126.0,136.3,,,,,
김범수,2023,2023-06-14,롯데,139.0,,148.0,,120.5,133.0,133.5,,,,
김범수,2023,2023-06-15,롯데,139.9,,147.8,,112.0,137.4,127.5,,,,
김범수,2023,2023-06-16,키움,138.4,,150.7,,126.0,139.0,,,,,
김범수,2023,2023-06-18,키움,144.2,,150.8,,126.0,137.0,132.0,,,,
김범수,2023,2023-06-21,KIA,137.0,,,,,137.0,,,,,
김범수,2023,2023-06-22,KIA,141.1,,149.4,,117.0,135.3,,,,,
김범수,2023,2023-06-28,KT,139.8,,147.1,,124.0,136.5,,,,,
김범수,2023,2023-07-01,삼성,136.5,,147.2,,119.7,134.0,138.2,,,,
김범수,2023,2023-07-05,롯데,140.7,,147.7,,119.0,138.0,137.8,,,,
김범수,2023,2023-07-09,SSG,143.0,,149.7,,,137.3,,,,,
김범수,2023,2023-07-12,LG,147.8,,150.9,,,140.8,,,,,
김범수,2023,2023-07-22,NC,140.1,,146.9,,,137.0,134.6,,,,
김범수,2023,2023-07-25,키움,139.1,,148.0,,,135.6,,,,,
김범수,2023,2023-07-26,키움,138.8,,147.8,,121.5,135.3,,,,,
김범수,2023,2023-07-28,SSG,141.0,,148.8,,,137.9,,,,,
김범수,2023,2023-07-30,SSG,141.1,,148.1,,120.8,138.0,,,,,
김범수,2023,2023-08-02,두산,141.8,,149.4,,122.0,136.4,139.0,,,,
김범수,2023,2023-08-03,두산,146.3,,148.8,,,142.0,141.0,,,,
김범수,2023,2023-08-05,KIA,143.7,,148.2,,,139.7,141.0,,,,
김범수,2023,2023-08-06,KIA,142.2,,148.3,,,139.6,,,,,
김범수,2023,2023-08-12,두산,142.2,,149.9,,126.5,139.0,134.0,,,,
김범수,2023,2023-08-13,두산,138.3,,150.8,,123.3,137.5,137.0,,,,
김범수,2023,2023-08-15,NC,139.6,,149.0,,122.0,137.1,,,,,
김범수,2023,2023-08-16,NC,141.7,,149.3,,124.5,139.5,137.0,,,,
김범수,2023,2023-08-18,KT,136.4,,147.1,,120.0,137.0,131.0,,,,
김범수,2023,2023-08-20,KT,143.7,,150.3,,121.0,140.2,,,,,
김범수,2023,2023-08-22,삼성,141.4,,148.3,,,136.7,133.5,,,,
김범수,2023,2023-08-26,KIA,141.9,,151.5,,125.0,138.3,,,,,
김범수,2023,2023-08-27,KIA,142.9,,150.7,,,139.0,,,,,
김범수,2023,2023-08-31,롯데,139.8,,148.8,,122.0,134.0,136.0,,,,
김범수,2023,2023-09-02,LG,144.9,,149.1,,124.0,139.5,,,,,
김범수,2023,2023-09-03,LG,143.1,,149.8,,,138.8,,,,,
김범수,2023,2023-09-05,SSG,144.1,,150.2,,,139.0,139.2,,,,
김범수,2023,2023-09-06,SSG,143.0,,149.5,,125.0,139.7,138.7,,,,
김범수,2023,2023-09-08,키움,139.3,,147.7,,121.5,135.8,,,,,
김범수,2023,2023-09-09,키움,143.0,,148.0,,125.0,137.5,,,,,
김범수,2023,2023-09-10,키움,138.7,,147.8,,125.0,137.1,,,,,
김범수,2023,2023-09-15,LG,142.0,,149.3,,127.0,138.5,,,,,
김범수,2023,2023-09-17,KT,141.1,,149.2,,132.0,139.7,135.0,,,,
김범수,2023,2023-09-19,SSG,134.8,,145.0,,119.0,131.6,,,,,
김범수,2023,2023-09-22,키움,134.3,,145.2,,125.5,132.2,,,,,
김범수,2023,2023-09-23,LG,137.9,,145.6,,128.2,140.2,,,,,
김범수,2023,2023-09-27,삼성,137.3,,146.2,,120.0,133.8,136.0,,,,
김범수,2023,2023-09-29,롯데,140.7,,148.6,,122.0,137.6,140.0,,,,
김범수,2023,2023-10-05,삼성,138.0,,145.7,,118.0,132.2,,,,,
김범수,2023,2023-10-09,NC,140.9,,147.4,,128.0,132.2,138.0,,,,
김범수,2023,2023-10-14,롯데,141.8,,149.5,,126.0,138.0,,,,,
김범수,2023,2023-10-15,롯데,144.5,,144.5,,,,,,,,
김범수,2023,2023-10-16,롯데,143.7,,148.0,,,135.0,,,,,
김범수,2022,2022-04-03,두산,140.9,,149.0,,122.5,134.8,138.0,,,,
김범수,2022,2022-04-05,KIA,141.0,,147.6,,,133.2,,,,,
김범수,2022,2022-04-07,KIA,139.7,,146.8,,117.3,133.0,133.5,,,,
김범수,2022,2022-04-10,KT,140.7,,149.3,,120.5,129.0,,,,,
김범수,2022,2022-04-14,삼성,139.6,,143.7,,109.0,,128.5,,,,
김범수,2022,2022-04-16,LG,138.8,,148.6,,118.0,132.1,,,,,
김범수,2022,2022-04-17,LG,138.4,,146.0,,,130.8,,,,,
김범수,2022,2022-04-19,롯데,139.8,,146.6,,116.0,129.7,,,,,
김범수,2022,2022-04-21,롯데,139.8,,146.3,,,130.6,,,,,
김범수,2022,2022-04-22,SSG,139.2,,147.6,,118.0,133.4,133.7,,,,
김범수,2022,2022-04-26,키움,141.9,,147.5,,,134.3,,,,,
김범수,2022,2022-04-28,키움,139.9,,149.2,,,133.7,,,,,
김범수,2022,2022-04-30,NC,135.5,,146.8,,,131.8,,,,,
김범수,2022,2022-05-01,NC,140.4,,148.1,,119.0,132.4,,,,,
김범수,2022,2022-05-03,SSG,138.4,,147.3,,,129.6,129.0,,,,
김범수,2022,2022-05-07,KIA,134.6,,146.0,,,129.9,,,,,
김범수,2022,2022-05-10,LG,136.5,,148.2,,121.0,131.6,,,,,
김범수,2022,2022-05-13,롯데,138.3,,150.3,,118.0,130.0,129.0,,,,
김범수,2022,2022-05-14,롯데,136.6,,150.6,,115.0,132.5,135.0,,,,
김범수,2022,2022-05-17,삼성,137.2,,151.2,,116.0,132.7,,,,,
김범수,2022,2022-05-19,삼성,139.5,,151.2,,,134.5,135.0,,,,
김범수,2022,2022-05-22,키움,146.8,,151.9,,,136.0,134.5,,,,
김범수,2022,2022-05-27,KT,141.9,,146.5,,,129.0,132.0,,,,
김범수,2022,2022-05-28,KT,143.1,,147.9,,,133.2,131.0,,,,
김범수,2022,2022-06-01,NC,144.6,,148.7,,,130.0,,,,,
김범수,2022,2022-06-02,NC,140.0,,148.8,,114.0,131.2,,,,,
김범수,2022,2022-06-04,키움,141.6,,147.7,,,131.5,,,,,
김범수,2022,2022-06-08,두산,137.1,,150.0,,,129.7,131.0,,,,
김범수,2022,2022-06-11,SSG,134.3,,148.0,,,132.2,133.0,,,,
김범수,2022,2022-06-12,SSG,139.8,,147.7,,120.0,132.6,,,,,
김범수,2022,2022-06-16,롯데,137.9,,148.8,,,130.4,140.0,,,,
김범수,2022,2022-06-17,NC,144.5,,150.0,,,134.0,140.7,,,,
김범수,2022,2022-06-18,NC,145.6,,150.4,,122.0,135.8,,,,,
김범수,2022,2022-06-22,LG,132.7,,149.5,,123.6,136.7,,,,,
김범수,2022,2022-06-24,삼성,142.6,,150.4,,,136.4,,,,,
김범수,2022,2022-06-26,삼성,142.0,,150.2,,126.0,137.8,,,,,
김범수,2022,2022-06-28,SSG,140.1,,150.6,,124.0,136.7,,,,,
김범수,2022,2022-07-01,키움,141.7,,150.0,,,134.8,,,,,
김범수,2022,2022-07-03,키움,139.6,,150.6,,119.0,136.2,,,,,
김범수,2022,2022-07-05,NC,142.4,,151.4,,122.5,137.0,,,,,
김범수,2022,2022-07-06,NC,134.7,,150.2,,119.4,134.5,,,,,
김범수,2022,2022-07-08,KIA,138.8,,147.0,,119.0,135.2,,,,,
김범수,2022,2022-07-10,KIA,140.8,,149.0,,,134.0,140.0,,,,
김범수,2022,2022-07-12,롯데,138.5,,148.6,,119.5,135.2,,,,,
김범수,2022,2022-07-14,롯데,133.7,,148.0,,122.8,135.0,135.0,,,,
김범수,2022,2022-07-24,KT,134.1,,146.7,,112.7,133.5,133.2,,,,
김범수,2022,2022-07-26,삼성,135.0,,147.5,,113.0,133.8,136.0,,,,
김범수,2022,2022-07-27,삼성,141.2,,147.2,,120.0,134.4,136.0,,,,
김범수,2022,2022-07-28,삼성,141.6,,146.3,,,133.5,135.5,,,,
김범수,2022,2022-08-02,KIA,135.0,,148.5,,117.0,134.5,136.0,,,,
김범수,2022,2022-08-03,KIA,142.9,,149.5,,115.0,136.5,131.0,,,,
김범수,2022,2022-08-07,KT,132.3,,145.1,,115.4,131.7,,,,,
김범수,2022,2022-08-12,LG,135.1,,149.8,,116.2,133.5,133.5,,,,
김범수,2022,2022-08-13,키움,139.9,,147.6,,,134.0,,,,,
김범수,2022,2022-08-17,NC,140.2,,147.9,,119.0,137.0,137.0,,,,
김범수,2022,2022-08-19,삼성,140.4,,150.5,,120.0,136.4,,,,,
김범수,2022,2022-08-20,롯데,134.7,,144.0,,,132.8,,,,,
김범수,2022,2022-08-23,LG,135.7,,147.4,,118.8,136.3,,,,,
김범수,2022,2022-08-25,두산,132.3,,147.5,,116.7,134.4,,,,,
김범수,2022,2022-08-26,두산,139.0,,147.0,,,136.3,,,,,
김범수,2022,2022-08-28,삼성,135.9,,145.0,,115.0,135.5,,,,,
김범수,2022,2022-08-31,KIA,136.5,,146.9,,114.3,135.0,,,,,
김범수,2022,2022-09-02,키움,140.5,,149.2,,118.7,139.1,137.0,,,,
김범수,2022,2022-09-03,NC,138.9,,148.7,,120.0,136.7,135.0,,,,
김범수,2022,2022-09-08,두산,143.8,,149.0,,,137.2,135.0,,,,
김범수,2022,2022-09-10,SSG,134.8,,148.3,,119.7,135.5,132.0,,,,
김범수,2022,2022-09-13,KT,136.3,,150.5,,120.7,138.3,,,,,
김범수,2022,2022-09-14,KT,139.7,,150.5,,118.0,137.9,138.5,,,,
김범수,2022,2022-09-16,KIA,141.6,,150.0,,124.0,138.2,,,,,
김범수,2022,2022-09-18,LG,141.0,,149.4,,121.7,138.3,,,,,
김범수,2022,2022-09-21,롯데,133.0,,149.0,,118.0,135.3,,,,,
김범수,2022,2022-09-24,LG,128.0,,,,120.0,136.0,,,,,
김범수,2022,2022-09-27,LG,140.4,,148.6,,119.0,136.6,138.0,,,,
김범수,2022,2022-09-29,두산,133.4,,148.0,,121.5,136.8,129.5,,,,
김범수,2022,2022-09-30,롯데,137.1,,146.7,,118.0,136.2,128.0,,,,
김범수,2022,2022-10-03,SSG,138.5,,150.0,,123.0,137.2,135.0,,,,
김범수,2022,2022-10-06,키움,137.5,,150.0,,118.2,137.8,,,,,
김범수,2022,2022-10-08,NC,134.1,,148.0,,114.0,135.4,,,,,
김범수,2021,2021-04-04,KT,145.0,,148.8,,,133.2,,,,,
김범수,2021,2021-04-08,SSG,136.3,,146.0,,114.2,133.2,127.8,,,,
김범수,2021,2021-04-11,두산,137.3,,147.2,,113.5,130.7,126.0,,,,
김범수,2021,2021-04-14,삼성,138.3,,143.1,,,129.0,130.5,,,,
김범수,2021,2021-04-17,NC,139.2,,146.9,,116.5,132.7,131.8,,,,
김범수,2021,2021-04-21,키움,145.2,,148.9,,120.0,132.5,,,,,
김범수,2021,2021-04-24,LG,144.4,,148.4,,,133.5,132.3,,,,
김범수,2021,2021-04-27,KIA,140.7,,147.8,,,133.1,,,,,
김범수,2021,2021-04-29,KIA,143.2,,148.1,,,134.5,,,,,
김범수,2021,2021-04-30,롯데,136.6,,148.0,,116.8,131.6,130.3,,,,
김범수,2021,2021-05-05,삼성,139.8,,146.3,,,130.3,129.0,,,,
김범수,2021,2021-05-06,삼성,141.3,,147.9,,,135.8,129.0,,,,
김범수,2021,2021-05-09,LG,145.4,,150.1,,112.5,135.9,132.0,,,,
김범수,2021,2021-05-12,NC,142.4,,145.9,,118.0,135.0,132.5,,,,
김범수,2021,2021-05-18,롯데,140.6,,147.0,,119.5,132.8,133.5,,,,
김범수,2021,2021-05-21,KT,143.8,,148.2,,,134.0,134.3,,,,
김범수,2021,2021-05-23,KT,143.2,,149.0,,120.0,,137.5,,,,
김범수,2021,2021-05-26,두산,141.9,,148.9,,121.9,135.4,133.0,,,,
김범수,2021,2021-05-29,SSG,141.5,,148.2,,117.2,134.3,133.0,,,,
김범수,2021,2021-06-01,KIA,142.2,,147.0,,119.0,133.8,133.0,,,,
김범수,2021,2021-06-05,NC,147.5,,148.9,,,133.0,,,,,
김범수,2021,2021-06-10,키움,144.8,,146.4,,,137.0,,,,,
김범수,2021,2021-06-12,KT,147.2,,149.7,,118.0,140.0,137.0,,,,
김범수,2021,2021-06-13,KT,140.7,,149.2,,120.5,,133.0,,,,
김범수,2021,2021-06-16,롯데,144.6,,149.3,,123.0,135.5,136.0,,,,
김범수,2021,2021-06-18,SSG,148.9,,151.2,,129.0,,139.0,,,,
김범수,2021,2021-06-22,삼성,142.0,,145.0,,121.0,135.7,,,,,
김범수,2021,2021-06-24,삼성,138.0,,146.2,,111.3,134.3,133.0,,,,
김범수,2021,2021-06-27,KT,142.5,,146.8,,,134.6,135.3,,,,
김범수,2021,2021-07-01,두산,143.4,,148.4,,117.0,135.9,123.0,,,,
김범수,2021,2021-07-05,LG,142.9,,148.9,,120.0,136.3,137.0,,,,
김범수,2021,2021-07-09,SSG,143.9,,148.4,,120.0,137.7,133.0,,,,
김범수,2021,2021-07-11,SSG,145.2,,149.1,,,136.0,,,,,
김범수,2021,2021-08-10,KIA,144.0,,148.0,,123.0,135.0,137.3,,,,
김범수,2021,2021-08-11,KIA,143.0,,148.4,,122.0,136.8,,,,,
김범수,2021,2021-08-14,NC,138.3,,149.2,,,135.2,133.0,,,,
김범수,2021,2021-08-15,NC,139.8,,149.1,,122.0,135.8,128.0,,,,
김범수,2021,2021-08-17,삼성,144.8,,148.1,,,138.0,130.5,,,,
김범수,2021,2021-08-20,두산,142.3,,149.5,,122.0,132.5,130.0,,,,
김범수,2021,2021-08-21,두산,140.1,,149.2,,,135.5,,,,,
김범수,2021,2021-08-25,키움,140.7,,148.9,,,134.5,133.3,,,,
김범수,2021,2021-08-26,키움,145.0,,149.8,,,137.0,,,,,
김범수,2021,2021-08-29,NC,144.2,,148.7,,,135.9,134.0,,,,
김범수,2021,2021-08-31,KT,143.3,,149.3,,123.0,,132.0,,,,
김범수,2021,2021-09-03,롯데,140.2,,148.2,,123.0,135.2,135.3,,,,
김범수,2021,2021-09-05,KIA,140.3,,148.0,,124.0,137.0,140.0,,,,
김범수,2021,2021-09-08,NC,136.7,,149.3,,123.0,134.2,139.0,,,,
김범수,2021,2021-09-11,삼성,143.3,,151.1,,122.7,137.7,140.3,,,,
김범수,2021,2021-09-12,삼성,139.8,,151.0,,,137.0,,,,,
김범수,2021,2021-09-15,SSG,140.4,,149.5,,120.2,133.9,135.0,,,,
김범수,2021,2021-09-19,롯데,141.5,,151.0,,119.0,133.0,136.0,,,,
김범수,2021,2021-09-21,LG,138.8,,146.4,,122.0,134.1,,,,,
김범수,2021,2021-09-23,KT,138.3,,147.7,,,132.8,135.5,,,,
김범수,2021,2021-09-25,두산,136.4,,148.8,,117.5,,125.0,,,,
김범수,2021,2021-09-26,두산,140.8,,148.3,,,129.5,,,,,
김범수,2021,2021-10-07,SSG,142.6,,148.5,,110.0,133.9,,,,,
김범수,2020,2020-05-08,키움,145.4,,147.4,,126.0,140.0,133.0,,,,
김범수,2020,2020-05-09,키움,146.3,,147.7,,,138.0,,,,,
김범수,2020,2020-05-21,KT,142.0,,145.2,,,130.5,132.0,,,,
김범수,2020,2020-05-23,NC,141.8,,145.8,,,131.4,,,,,
김범수,2020,2020-05-24,NC,141.6,,147.8,,,134.6,,,,,
김범수,2020,2020-05-27,LG,140.8,,145.2,,,132.0,,,,,
김범수,2020,2020-05-28,LG,137.6,,147.2,,,130.5,132.0,,,,
김범수,2020,2020-05-30,SK,137.5,,147.1,,111.0,133.0,128.8,,,,
김범수,2020,2020-05-31,SK,135.2,,147.2,,,,123.1,,,,
김범수,2020,2020-06-03,키움,141.3,,149.4,,120.0,132.5,,,,,
김범수,2020,2020-06-04,키움,141.4,,146.1,,,133.7,127.0,,,,
김범수,2020,2020-06-06,NC,145.4,,147.2,,,,127.0,,,,
김범수,2020,2020-06-07,NC,143.1,,147.2,,,128.0,128.0,,,,
김범수,2020,2020-06-10,롯데,138.4,,147.9,,,131.0,125.0,,,,
김범수,2020,2020-06-11,롯데,141.8,,148.8,,113.3,134.7,127.0,,,,
김범수,2020,2020-06-13,두산,133.7,,144.9,,113.0,131.0,125.6,,,,
김범수,2020,2020-06-19,NC,136.3,,145.3,,116.7,133.6,129.5,,,,
김범수,2020,2020-06-25,삼성,137.9,,145.9,,114.2,132.8,127.2,,,,
김범수,2020,2020-07-03,두산,138.6,,148.2,,114.1,135.6,132.0,,,,
김범수,2020,2020-07-09,롯데,138.1,,146.1,,116.3,134.5,129.2,,,,
김범수,2020,2020-07-15,KT,140.1,,144.9,,114.8,134.8,127.8,,,,
김범수,2020,2020-07-21,KIA,132.6,,144.2,,112.7,132.8,127.6,,,,
김범수,2020,2020-07-29,삼성,140.0,,145.7,,119.0,135.5,131.0,,,,
김범수,2020,2020-10-30,KT,141.5,,146.2,,120.0,136.4,130.3,,,,
김서현,2024,2024-03-31,KT,144.1,,146.8,,,,138.0,,,,
김서현,2024,2024-04-05,키움,143.3,,144.7,,,,133.0,,,,
김서현,2024,2024-04-06,키움,134.8,,146.5,,,124.3,136.8,,,,
김서현,2024,2024-04-10,두산,142.9,,148.6,,,,139.1,,,,
김서현,2024,2024-04-12,KIA,139.7,,143.6,,,126.0,133.7,,,,
김서현,2024,2024-05-19,삼성,147.7,,149.0,,,132.0,,,,,
김서현,2024,2024-07-03,KT,144.3,,150.2,,,126.5,,,,,
김서현,2024,2024-07-11,키움,145.7,,150.5,,,,133.0,,,,
김서현,2024,2024-07-13,LG,141.7,,149.7,,,132.5,,,,,
김서현,2024,2024-07-17,NC,149.2,,154.8,,,138.0,,,,,
김서현,2024,2024-07-19,KIA,146.1,,153.8,,,136.4,,,,,
김서현,2024,2024-07-21,KIA,148.3,,151.0,,,132.0,,,,,
김서현,2024,2024-07-24,삼성,147.7,,151.8,,,132.7,,,,,
김서현,2024,2024-07-28,LG,147.5,,153.3,,,135.2,134.0,,,,
김서현,2024,2024-07-31,KT,140.4,,151.8,,,134.4,131.0,,,,
김서현,2024,2024-08-01,KT,143.7,,152.1,,,131.8,,,,,
김서현,2024,2024-08-03,KIA,143.4,,152.2,,,134.6,,,,,
김서현,2024,2024-08-06,삼성,145.6,,152.0,,,138.3,138.0,,,,
김서현,2024,2024-08-08,삼성,145.6,,150.9,,,136.5,135.0,,,,
김서현,2024,2024-08-09,키움,143.6,,149.7,,,135.0,,,,,
김서현,2024,2024-08-13,LG,142.0,,148.7,,,135.2,139.0,,,,
김서현,2024,2024-08-17,SSG,140.9,,153.2,,,137.2,138.0,,,,
김서현,2024,2024-08-20,NC,140.8,,148.0,,,133.6,,,,,
김서현,2024,2024-08-23,두산,141.5,,151.0,,,135.2,135.3,,,,
김서현,2024,2024-08-24,두산,147.5,,150.0,,,140.0,138.2,,,,
김서현,2024,2024-08-27,롯데,145.8,,152.0,,,138.0,138.0,,,,
김서현,2024,2024-08-31,KT,145.3,,149.9,,,136.2,,,,,
김서현,2024,2024-09-05,KIA,144.3,,153.4,,,137.3,136.0,,,,
김서현,2024,2024-09-07,LG,146.5,,152.3,,,135.4,136.0,,,,
김서현,2024,2024-09-13,롯데,145.7,,151.5,,,138.0,,,,,
김서현,2024,2024-09-15,롯데,148.1,,151.7,,,135.4,,,,,
김서현,2024,2024-09-17,NC,148.4,,153.9,,,141.0,,,,,
김서현,2024,2024-09-19,NC,150.0,,153.8,,,138.1,,,,,
김서현,2024,2024-09-22,롯데,143.0,,150.0,,,134.2,,,,,
김서현,2024,2024-09-24,키움,143.4,,150.2,,,135.9,137.0,,,,
김서현,2024,2024-09-27,KIA,145.3,,151.7,,,138.1,,,,,
김서현,2024,2024-09-28,SSG,145.6,,152.2,,,137.6,,,,,
김서현,2023,2023-04-19,두산,150.0,,155.8,,,138.2,,,145.0,,138.0
김서현,2023,2023-04-21,LG,148.1,,154.1,,,134.0,,,,,
김서현,2023,2023-04-23,LG,145.8,,153.6,,,135.4,,,144.5,,
김서현,2023,2023-04-28,NC,145.8,,151.9,,129.0,137.0,,,,,
김서현,2023,2023-04-30,NC,143.3,,153.5,,132.0,134.0,,,,,
김서현,2023,2023-05-03,두산,146.2,,151.7,,,135.3,,,140.0,,
김서현,2023,2023-05-07,KT,147.9,,151.3,,,132.8,,,,,
김서현,2023,2023-05-11,삼성,149.1,,156.0,,,136.6,,,,,
김서현,2023,2023-05-12,SSG,145.8,,156.3,,,137.9,,,146.0,,
김서현,2023,2023-05-14,SSG,143.4,,156.2,,,136.8,142.0,,,,
김서현,2023,2023-05-17,롯데,140.3,,153.2,,,134.4,,,,,
김서현,2023,2023-05-20,LG,140.7,,153.3,,128.0,133.8,139.0,,,,
김서현,2023,2023-05-23,KIA,147.2,,156.7,,124.0,135.1,144.0,,147.3,,
김서현,2023,2023-05-27,NC,145.3,157.0,155.0,,,132.5,142.5,,,,
김서현,2023,2023-06-01,키움,141.5,,152.2,,118.0,132.5,,,134.0,,
김서현,2023,2023-06-03,삼성,140.7,,151.5,,131.0,,139.5,,,,
김서현,2023,2023-06-04,삼성,141.3,,151.0,,,133.2,,,,,
김서현,2023,2023-06-07,두산,146.0,,149.3,,,136.0,,,,,
김서현,2023,2023-08-11,두산,145.5,,151.5,,,132.2,142.2,,,,
김서현,2023,2023-08-17,NC,144.4,149.7,147.4,,129.0,132.0,,,,,
김승일,2024,2024-09-18,NC,135.4,,143.1,,124.3,,,,,,
김승일,2024,2024-09-27,KIA,132.5,,140.8,,123.6,,127.0,,,,
김승일,2024,2024-09-28,SSG,132.5,,138.9,,122.8,,,,,,
김종수,2022,2022-04-02,두산,139.4,,141.7,,,130.7,,,,,
김종수,2022,2022-04-05,KIA,140.6,,142.1,,,132.5,,,,,
김종수,2022,2022-04-07,KIA,141.5,,143.3,,121.0,132.5,,,,,
김종수,2022,2022-04-10,KT,139.5,,145.3,,121.0,132.5,,,,,
김종수,2022,2022-04-14,삼성,135.8,,140.8,,119.0,129.0,,,,,
김종수,2022,2022-04-17,LG,138.0,,142.5,,118.7,132.0,,,,,
김종수,2022,2022-04-22,SSG,136.6,,143.3,,121.8,132.0,,,,,
김종수,2022,2022-04-24,SSG,134.8,,145.2,,129.5,131.0,,,,,
김종수,2022,2022-04-28,키움,142.0,,146.5,,,133.0,,,,,
김종수,2022,2022-04-29,NC,138.9,,142.8,,120.0,131.0,,,,,
김종수,2022,2022-05-03,SSG,137.9,,143.8,,123.0,133.0,,,,,
김종수,2022,2022-05-04,SSG,135.3,,143.8,,121.0,132.6,,,,,
김종수,2022,2022-05-07,KIA,139.5,,141.9,,120.0,132.7,,,,,
김종수,2022,2022-05-08,KIA,134.7,,141.8,,118.7,130.8,,,,,
김종수,2022,2022-05-11,LG,134.0,,143.6,,120.9,132.9,,,,,
김종수,2022,2022-05-13,롯데,137.1,,143.5,,121.0,135.5,,,,,
김종수,2022,2022-05-15,롯데,140.3,,145.7,,121.0,136.0,,,,,
김종수,2022,2022-05-17,삼성,140.8,,146.5,,126.0,138.0,,,,,
김종수,2022,2022-05-18,삼성,142.2,,145.5,,123.0,136.7,,,,,
김종수,2022,2022-05-22,키움,139.0,,144.9,,122.4,134.4,,,,,
김종수,2022,2022-05-25,두산,139.7,,143.4,,120.0,132.5,,,,,
김종수,2022,2022-05-27,KT,137.3,,141.6,,121.0,133.8,,,,,
김종수,2022,2022-05-28,KT,138.2,,142.1,,121.0,132.4,,,,,
김종수,2022,2022-06-02,NC,139.0,,143.7,,120.5,134.0,,,,,
김종수,2022,2022-06-04,키움,139.3,,143.4,,121.0,133.6,,,,,
김종수,2022,2022-06-11,SSG,140.2,,146.1,,122.0,135.0,,,,,
김종수,2022,2022-06-12,SSG,138.7,,144.6,,124.7,136.0,,,,,
김종수,2022,2022-06-16,롯데,137.3,,144.0,,122.5,136.0,,,,,
김종수,2022,2022-06-17,NC,138.3,,145.7,,120.0,136.5,,,,,
김종수,2022,2022-06-18,NC,143.6,,146.2,,,137.0,,,,,
김종수,2022,2022-06-22,LG,140.4,,145.7,,120.0,135.8,,,,,
김종수,2022,2022-06-25,삼성,139.8,,144.6,,120.5,136.0,,,,,
김종수,2022,2022-06-26,삼성,139.3,,145.6,,121.0,136.7,,,,,
김종수,2022,2022-06-28,SSG,139.3,,147.0,,124.0,,,,,,
김종수,2022,2022-07-01,키움,143.3,,146.5,,,137.0,,,,,
김종수,2022,2022-07-05,NC,136.1,,145.0,,123.0,136.0,,,,,
김종수,2022,2022-07-07,NC,138.4,,146.5,,124.8,136.8,,,,,
김종수,2022,2022-07-09,KIA,140.3,,146.2,,124.0,137.8,,,,,
김종수,2022,2022-07-14,롯데,139.8,,144.3,,126.0,135.3,,,,,
김종수,2022,2022-07-23,KT,135.9,,142.0,,117.5,,,,,,
김종수,2022,2022-07-28,삼성,139.4,,142.9,,,130.8,,,,,
김종수,2022,2022-08-02,KIA,141.0,,145.0,,120.0,134.0,,,,,
김종수,2022,2022-08-03,KIA,136.3,,144.0,,121.0,,,,,,
김종수,2022,2022-08-04,KIA,135.4,,144.0,,,134.1,,,,,
김종수,2022,2022-08-06,KT,136.8,,140.6,,,131.6,,,,,
김종수,2022,2022-08-14,키움,136.8,,140.9,,117.3,132.5,,,,,
김종수,2022,2022-08-19,삼성,134.5,,144.3,,120.0,134.0,,,,,
김종수,2022,2022-08-21,롯데,131.8,,141.4,,118.2,131.8,,,,,
김종수,2022,2022-08-24,LG,138.9,,143.8,,122.0,132.0,,,,,
김종수,2022,2022-08-27,삼성,135.7,,139.8,,111.0,,,,,,
김종수,2022,2022-09-03,NC,138.1,,143.6,,119.8,135.0,,,,,
김종수,2022,2022-09-07,KT,138.8,,143.0,,120.0,137.0,,,,,
김종수,2021,2021-04-06,SSG,137.9,,143.1,,124.5,,133.2,,,,
김종수,2021,2021-04-10,두산,135.7,,142.9,,121.5,129.0,131.6,,,,
김종수,2021,2021-04-15,삼성,138.4,,141.2,,,129.6,,,,,
김종수,2021,2021-04-17,NC,137.0,,143.6,,120.4,134.2,131.0,,,,
김종수,2021,2021-05-08,LG,145.1,,147.4,,,135.7,,,,,
김종수,2021,2021-05-11,NC,139.9,,142.8,,,130.7,130.0,,,,
김종수,2021,2021-05-12,NC,137.5,,142.1,,,132.5,131.0,,,,
김종수,2021,2021-05-15,키움,138.0,,144.5,,119.9,132.9,,,,,
김종수,2021,2021-05-23,KT,139.1,,144.9,,120.0,132.0,,,,,
김종수,2021,2021-05-26,두산,140.2,,145.2,,122.0,133.6,,,,,
김종수,2021,2021-05-29,SSG,137.2,,144.2,,122.2,132.2,,,,,
김종수,2021,2021-06-01,KIA,143.0,,146.2,,124.0,136.3,,,,,
김종수,2021,2021-06-04,NC,141.2,,144.4,,,134.0,132.0,,,,
김종수,2021,2021-06-30,두산,141.3,,144.5,,120.5,,,,,,
김종수,2021,2021-07-04,LG,139.3,,146.4,,,125.2,,,,,
김종수,2021,2021-07-05,LG,143.7,,146.8,,,128.0,,,,,
김종수,2021,2021-07-07,KIA,143.8,,146.1,,125.0,,,,,,
김종수,2021,2021-07-09,SSG,141.8,,146.4,,124.3,127.8,,,,,
김종수,2021,2021-07-11,SSG,143.6,,146.7,,125.0,131.0,,,,,
김종수,2021,2021-08-11,KIA,143.1,,146.1,,123.5,132.0,,,,,
김종수,2021,2021-08-13,NC,137.3,,145.6,,125.6,,,,,,
김종수,2021,2021-08-19,삼성,138.2,,143.3,,121.5,133.0,136.0,,,,
김종수,2021,2021-08-22,두산,137.1,,145.1,,124.7,133.8,,,,,
김종수,2021,2021-08-24,두산,140.4,,145.1,,,132.8,,,,,
김종수,2021,2021-08-27,키움,141.2,,146.7,,,135.7,,,,,
김종수,2021,2021-08-31,KT,139.1,,146.5,,123.5,133.6,,,,,
김종수,2021,2021-09-01,KT,137.4,,144.3,,,133.2,,,,,
김종수,2021,2021-09-03,롯데,138.5,,145.4,,124.0,134.6,,,,,
김종수,2021,2021-09-05,KIA,144.1,,146.0,,121.0,134.0,,,,,
김종수,2021,2021-09-10,LG,141.7,,146.1,,,136.6,,,,,
김종수,2021,2021-09-12,삼성,142.5,,146.2,,120.5,136.8,,,,,
김종수,2021,2021-09-15,SSG,146.2,,146.2,,,,,,,,
김종수,2021,2021-09-17,키움,136.4,,144.2,,120.0,134.0,,,,,
김종수,2021,2021-09-19,롯데,141.6,,144.6,,,134.0,,,,,
김종수,2021,2021-09-21,LG,144.1,,146.8,,,136.0,,,,,
김종수,2021,2021-09-23,KT,139.0,,144.0,,,134.0,,,,,
김종수,2021,2021-09-25,두산,136.6,,144.7,,119.0,135.2,,,,,
김종수,2021,2021-09-28,키움,142.8,,146.2,,,136.0,,,,,
김종수,2021,2021-10-02,KIA,140.7,,144.9,,121.0,136.0,,,,,
김종수,2021,2021-10-05,두산,140.0,,144.8,,122.0,134.0,,,,,
김종수,2021,2021-10-06,두산,137.0,,145.2,,122.0,134.0,,,,,
김종수,2021,2021-10-09,KIA,138.4,,143.9,,120.0,133.8,,,,,
김종수,2021,2021-10-10,KIA,141.4,,146.3,,124.0,136.2,,,,,
김종수,2021,2021-10-22,롯데,139.5,,144.0,,122.0,133.8,,,,,
김종수,2021,2021-10-23,롯데,140.5,,144.8,,123.0,134.3,,,,,
김종수,2021,2021-10-26,LG,140.1,,142.7,,,132.6,,,,,
김종수,2021,2021-10-28,LG,136.8,,145.7,,124.6,136.0,,,,,
김종수,2021,2021-10-30,두산,141.7,,144.2,,,132.0,,,,,
김종수,2020,2020-05-16,롯데,141.4,,143.0,,,,132.0,,,,
김종수,2020,2020-05-19,KT,134.7,,142.6,,117.7,,130.7,,,,
김종수,2020,2020-05-23,NC,135.9,,143.5,,120.0,133.0,,,,,
김종수,2020,2020-05-27,LG,134.4,,141.4,,118.6,,127.3,,,,
김종수,2020,2020-06-28,KT,143.7,,143.7,,,,,,,,
김종수,2020,2020-07-04,두산,145.1,,146.6,,124.0,,,,,,
김종수,2020,2020-07-05,두산,144.2,,146.5,,,133.0,133.0,,,,
김종수,2020,2020-07-07,롯데,137.8,,143.3,,119.5,129.8,,,,,
김종수,2020,2020-07-09,롯데,139.2,,142.2,,,,,,133.0,,
김종수,2020,2020-07-10,SK,139.8,,143.0,,129.0,,,,134.2,,
김종수,2020,2020-07-13,SK,138.4,,141.8,,119.5,,133.5,,129.0,,
김종수,2020,2020-07-15,KT,140.4,,141.3,,,,,,134.0,,
김종수,2020,2020-07-18,LG,141.7,,144.8,,,128.5,,,132.0,,
김종수,2020,2020-07-19,LG,138.8,,144.4,,121.0,133.0,135.7,,,,
김종수,2020,2020-07-22,KIA,139.2,,143.8,,119.0,133.5,134.2,,,,
김종수,2020,2020-07-26,SK,139.6,,144.8,,119.5,,130.3,,,,
김종수,2020,2020-07-29,삼성,140.4,,144.3,,121.0,,135.0,,,,
김종수,2020,2020-07-30,삼성,140.6,,144.5,,,,,,132.8,,
김종수,2020,2020-08-01,LG,141.5,,143.2,,,,133.0,,,,
김종수,2020,2020-08-05,NC,140.2,,142.4,,,129.0,,,,,
김종수,2020,2020-08-09,KT,142.1,,145.3,,,135.5,135.2,,132.0,,
김종수,2020,2020-08-11,키움,143.3,,145.4,,,136.0,136.0,,,,
김종수,2020,2020-08-12,키움,139.7,,146.3,,,134.0,137.0,,,,
김종수,2020,2020-08-15,삼성,137.3,,144.2,,120.7,134.0,134.0,,133.0,,
김종수,2020,2020-08-16,삼성,135.2,,143.2,,124.3,131.0,135.5,,,,
김종수,2020,2020-08-20,KT,141.4,,144.5,,,133.8,136.5,,,,
김종수,2020,2020-08-21,KT,142.4,,145.4,,,135.5,137.7,,,,
김종수,2020,2020-08-23,LG,139.4,,144.1,,122.0,134.3,134.5,,,,
김종수,2020,2020-08-24,LG,132.4,,143.0,,118.3,,,,,,
김종수,2020,2020-08-30,롯데,138.2,,144.8,,122.0,134.6,135.3,,,,
김종수,2020,2020-09-03,키움,140.3,,144.2,,121.0,,,,,,
김종수,2020,2020-09-05,KIA,140.4,,146.0,,123.0,135.0,134.8,,,,
김종수,2020,2020-09-08,삼성,140.6,,144.5,,,132.8,,,,,
김종수,2020,2020-09-09,삼성,138.5,,144.4,,,133.8,134.7,,,,
김종수,2020,2020-09-12,KT,131.9,,141.6,,117.3,125.3,131.0,,,,
김종수,2020,2020-09-13,KT,138.7,,143.6,,123.0,131.4,,,,,
김종수,2020,2020-09-16,LG,138.6,,144.9,,122.7,134.0,136.0,,,,
김종수,2020,2020-09-17,키움,140.1,,144.0,,,133.2,133.0,,134.0,,
김종수,2020,2020-09-19,KIA,137.6,,144.2,,123.0,134.6,134.6,,,,
김종수,2020,2020-09-24,롯데,138.8,,142.2,,,132.1,131.5,,,,
김종수,2020,2020-09-26,NC,135.0,,140.7,,118.0,127.1,130.8,,,,
김종수,2020,2020-09-29,두산,143.1,,146.2,,124.0,137.0,137.0,,,,
김종수,2020,2020-10-01,두산,139.9,,143.2,,,133.0,134.2,,,,
김종수,2020,2020-10-04,롯데,138.3,,144.7,,123.0,133.9,135.8,,,,
김종수,2020,2020-10-07,KIA,139.4,,143.9,,121.0,,131.0,,,,
김종수,2020,2020-10-08,KIA,140.1,,144.6,,123.5,133.5,,,,,
김종수,2020,2020-10-10,키움,138.2,,141.9,,119.0,131.0,131.0,,,,
김종수,2020,2020-10-15,두산,141.7,,145.8,,,135.7,128.7,,,,
김종수,2020,2020-10-17,삼성,144.0,,144.0,,,,,,,,
김종수,2020,2020-10-18,삼성,134.5,,143.5,,121.0,,134.0,,,,
김종수,2020,2020-10-22,KIA,137.2,,144.1,,122.3,133.0,,,,,
김종수,2020,2020-10-27,두산,140.4,,146.7,,121.7,,,,,,
김종수,2020,2020-10-28,LG,142.0,,145.0,,,124.0,,,,,
김종수,2020,2020-10-30,KT,141.1,,145.7,,122.8,134.4,134.5,,,,
라이언 와이스,2024,2024-06-25,두산,139.2,,146.3,,121.1,131.2,139.8,,,,
라이언 와이스,2024,2024-07-02,KT,142.0,,147.4,,122.6,135.3,138.2,,,,
라이언 와이스,2024,2024-07-09,키움,137.8,,149.0,,125.3,134.6,140.8,,,,
라이언 와이스,2024,2024-07-14,LG,136.8,,146.6,,124.1,134.2,136.7,,,,
라이언 와이스,2024,2024-07-21,KIA,137.3,,148.1,,123.6,133.7,139.0,,,,
라이언 와이스,2024,2024-07-28,LG,141.1,,148.3,,123.3,135.0,,,,,
라이언 와이스,2024,2024-08-03,KIA,138.6,,148.4,,124.2,134.2,139.3,,,,
라이언 와이스,2024,2024-08-10,키움,136.7,,147.2,,125.2,134.3,,,139.0,,
라이언 와이스,2024,2024-08-16,SSG,140.1,,149.6,,126.9,135.1,139.3,,,,
라이언 와이스,2024,2024-08-23,두산,139.9,,149.9,,126.4,134.2,,,,,
라이언 와이스,2024,2024-08-28,롯데,138.2,,148.3,,126.3,132.8,133.5,,137.2,,
라이언 와이스,2024,2024-09-04,KIA,140.7,,150.0,,127.6,134.8,139.0,,,,
라이언 와이스,2024,2024-09-10,SSG,140.4,,150.7,,129.1,134.7,,,140.0,,
라이언 와이스,2024,2024-09-15,롯데,138.9,,149.1,,125.8,133.5,,,141.0,,
라이언 와이스,2024,2024-09-22,롯데,137.6,,145.3,,123.2,131.0,,,132.4,,
라이언 와이스,2024,2024-09-27,KIA,138.2,,147.7,,126.0,132.3,135.5,,,,
류현진,2024,2024-03-23,LG,132.6,,143.6,136.0,110.7,,126.8,,,,
류현진,2024,2024-03-29,KT,132.9,,141.0,134.4,110.4,127.2,125.8,,,,
류현진,2024,2024-04-05,키움,134.0,,142.6,136.2,107.2,,125.2,,,,
류현진,2024,2024-04-11,두산,133.2,,144.2,137.1,114.7,,131.8,,,,
류현진,2024,2024-04-17,NC,132.3,,141.8,137.6,110.8,,129.0,,,,
류현진,2024,2024-04-24,KT,131.7,,139.8,135.2,112.1,,127.2,,,,
류현진,2024,2024-04-30,SSG,133.8,,142.3,135.7,112.8,,129.1,,,,
류현진,2024,2024-05-08,롯데,134.0,,143.1,134.1,111.2,,128.7,,,,
류현진,2024,2024-05-14,NC,134.1,,142.7,134.0,113.6,128.8,129.3,,,,
류현진,2024,2024-05-19,삼성,129.7,,142.7,133.0,109.3,,126.3,,,,
류현진,2024,2024-05-25,SSG,132.8,,143.3,134.2,108.2,128.3,128.2,,,,
류현진,2024,2024-06-06,KT,132.4,,144.3,135.9,110.0,129.5,126.6,,,,
류현진,2024,2024-06-12,두산,132.3,,143.3,135.2,109.9,,126.8,,,,
류현진,2024,2024-06-18,키움,130.1,,141.8,132.8,110.3,,126.5,,,,
류현진,2024,2024-06-23,KIA,134.0,,143.2,135.2,111.1,,126.7,,,,
류현진,2024,2024-07-03,KT,129.8,,140.9,134.0,108.0,,126.0,,,,
류현진,2024,2024-07-11,키움,133.2,,143.3,135.0,111.3,,126.1,,,,
류현진,2024,2024-07-18,NC,130.2,,141.1,133.8,111.4,129.0,125.2,,,,
류현진,2024,2024-07-24,삼성,133.8,,142.8,135.1,109.6,,126.5,,,,
류현진,2024,2024-07-31,KT,133.4,,142.5,134.8,109.6,,126.0,,,,
류현진,2024,2024-08-07,삼성,133.5,,142.3,135.4,110.0,,127.1,,,,
류현진,2024,2024-08-13,LG,129.1,,140.8,133.6,107.6,,122.5,,,,
류현진,2024,2024-08-18,SSG,133.8,,144.6,134.6,110.7,,126.0,,,,
류현진,2024,2024-08-25,두산,136.1,142.0,143.8,135.1,113.9,125.0,126.2,,,,
류현진,2024,2024-08-31,KT,131.2,140.7,140.8,133.4,111.1,122.3,122.4,,,,
류현진,2024,2024-09-06,LG,130.1,141.0,143.7,134.7,112.8,128.1,126.7,,,,
류현진,2024,2024-09-13,롯데,133.3,142.9,142.4,135.7,112.0,127.5,125.3,,,,
류현진,2024,2024-09-19,NC,131.0,,142.1,136.5,110.6,124.0,125.9,,,,
문동주,2024,2024-03-28,SSG,142.4,,150.3,,121.7,136.8,137.0,,,,
문동주,2024,2024-04-04,롯데,136.7,143.6,147.7,,119.0,133.9,131.7,,,,
문동주,2024,2024-04-10,두산,138.7,146.0,148.6,,121.1,134.0,,,,,
문동주,2024,2024-04-16,NC,142.6,153.5,152.7,,123.3,139.3,138.7,,,,
문동주,2024,2024-04-23,KT,138.9,,147.7,,123.2,133.6,133.4,,,,
문동주,2024,2024-04-28,두산,140.3,,146.8,,120.1,133.5,132.2,,,,
문동주,2024,2024-05-21,LG,139.3,,149.0,,122.9,,135.8,,,,
문동주,2024,2024-05-28,롯데,137.9,,147.8,,121.4,134.9,135.1,,,,
문동주,2024,2024-06-02,삼성,137.4,142.9,150.0,,120.5,137.4,134.0,,,,
문동주,2024,2024-06-08,NC,138.7,142.0,148.6,,122.6,136.9,134.9,,,,
문동주,2024,2024-06-14,SSG,140.0,,150.1,,124.3,142.0,136.8,,,,
문동주,2024,2024-06-20,키움,138.9,,150.5,,120.9,135.8,133.7,,,,
문동주,2024,2024-06-26,두산,136.0,,148.6,,121.1,133.8,135.0,,,,
문동주,2024,2024-07-12,LG,143.5,,152.9,,125.0,140.3,134.5,,,,
문동주,2024,2024-07-19,KIA,140.6,,153.0,,123.9,136.4,139.5,,,,
문동주,2024,2024-08-01,KT,143.8,,151.9,,122.4,138.1,133.2,,137.8,,
문동주,2024,2024-08-08,삼성,138.8,,152.5,,124.2,135.9,137.2,,134.0,,
문동주,2024,2024-08-14,LG,138.2,,151.6,,123.6,135.1,137.7,,,,
문동주,2024,2024-08-20,NC,139.9,,149.6,,119.8,132.9,138.0,,,,
문동주,2024,2024-08-27,롯데,142.4,,153.3,,125.3,135.5,137.0,,135.1,,
문동주,2024,2024-09-03,두산,140.5,,150.9,,121.8,133.0,,,135.7,,
문동주,2023,2023-04-06,삼성,141.2,,152.3,,127.2,143.1,143.0,,,,
문동주,2023,2023-04-12,KIA,145.1,,153.4,,126.7,143.7,142.7,,,,
문동주,2023,2023-04-18,두산,144.3,,151.0,,124.2,139.8,142.2,,,,
문동주,2023,2023-04-30,NC,139.3,,150.4,,123.3,137.5,139.2,,,,
문동주,2023,2023-05-07,KT,142.2,,150.5,,123.3,141.7,138.8,,,,
문동주,2023,2023-05-13,SSG,144.7,,154.2,,127.7,144.9,143.3,,,,
문동주,2023,2023-05-19,LG,147.5,,153.9,,128.1,147.0,147.5,,,,
문동주,2023,2023-05-25,KIA,144.5,,154.4,,127.4,137.5,139.6,,,,
문동주,2023,2023-06-01,키움,144.3,,151.2,,125.9,138.8,138.0,,,,
문동주,2023,2023-06-07,두산,142.8,,152.4,,127.1,142.5,143.0,,,,
문동주,2023,2023-06-13,롯데,139.0,,150.9,,122.1,137.4,130.0,,,,
문동주,2023,2023-06-18,키움,144.2,,153.8,,126.1,140.9,141.3,,,,
문동주,2023,2023-06-24,NC,143.8,,152.8,,125.9,141.5,,,,,
문동주,2023,2023-06-30,삼성,140.8,,150.1,,123.2,137.3,,,,,
문동주,2023,2023-07-06,롯데,142.7,,150.6,,121.4,137.7,143.5,,,,
문동주,2023,2023-07-12,LG,142.5,,152.7,,126.1,141.2,137.0,,,,
문동주,2023,2023-07-26,키움,140.6,,149.4,,124.8,137.0,,,,,
문동주,2023,2023-08-01,두산,144.1,,151.8,,129.0,140.9,142.7,,,,
문동주,2023,2023-08-06,KIA,142.4,,151.5,,127.0,140.9,,,,,
문동주,2023,2023-08-12,두산,142.9,,150.4,,126.0,138.4,132.0,,,,
문동주,2023,2023-08-18,KT,139.8,,147.9,,123.2,137.6,,,,,
문동주,2023,2023-08-27,KIA,142.9,,152.2,,126.8,142.1,141.0,,,,
문동주,2023,2023-09-03,LG,140.7,,149.6,,123.9,135.6,134.9,,,,
문동주,2022,2022-05-10,LG,145.3,,150.9,,124.5,137.3,,,,,
문동주,2022,2022-05-13,롯데,144.9,,155.6,,128.0,140.0,143.0,,,,
문동주,2022,2022-05-15,롯데,146.6,,153.2,,,137.1,,,,,
문동주,2022,2022-05-18,삼성,146.3,,154.5,,132.3,142.5,,,,,
문동주,2022,2022-05-20,키움,149.6,,154.6,,132.0,132.0,,,,,
문동주,2022,2022-05-22,키움,153.5,,154.8,,,128.0,,,,,
문동주,2022,2022-05-26,두산,144.1,,151.1,,126.5,137.2,,,,,
문동주,2022,2022-05-31,NC,142.2,,150.8,,124.8,138.1,138.0,,,,
문동주,2022,2022-06-03,키움,144.9,,151.1,,126.8,137.8,141.3,,,,
문동주,2022,2022-06-09,두산,142.2,,151.1,,126.6,136.0,139.6,,,,
문동주,2022,2022-09-21,롯데,142.8,144.0,150.1,,125.1,136.8,136.0,,,,
문동주,2022,2022-09-27,LG,142.9,,150.8,,126.8,136.6,138.0,,,,
문동주,2022,2022-10-03,SSG,140.8,,152.2,,125.2,135.5,136.2,,,,
박상원,2024,2024-03-24,LG,139.6,,147.2,,,132.0,,,132.0,,
박상원,2024,2024-03-27,SSG,140.0,,147.2,,123.7,135.0,,,133.4,,
박상원,2024,2024-03-28,SSG,138.6,,145.8,,121.7,134.0,,,132.0,,
박상원,2024,2024-04-02,롯데,137.6,,145.5,,,,,,132.0,,
박상원,2024,2024-04-04,롯데,139.5,,144.6,,,,,,132.4,,
박상원,2024,2024-04-06,키움,138.1,,145.8,,,132.6,,,131.7,,
박상원,2024,2024-04-10,두산,144.3,,146.0,,,,,,134.0,,
박상원,2024,2024-04-12,KIA,136.2,,145.4,,,,,,132.1,,
박상원,2024,2024-04-23,KT,138.2,,145.0,,,131.5,,,132.6,,
박상원,2024,2024-04-27,두산,140.7,,145.5,,,,,,131.2,,
박상원,2024,2024-05-01,SSG,140.4,,145.5,,,,,,131.0,,
박상원,2024,2024-05-04,KIA,142.3,,148.0,,,,,,135.7,,
박상원,2024,2024-05-09,롯데,141.4,,146.9,,,,,,133.6,,
박상원,2024,2024-05-11,키움,141.1,,147.0,,,135.0,,,133.1,,
박상원,2024,2024-05-28,롯데,143.2,,147.2,,,,,,133.0,,
박상원,2024,2024-05-30,롯데,142.0,,146.3,,,132.0,,,134.2,,
박상원,2024,2024-05-31,삼성,139.3,,145.8,,,,,,133.3,,
박상원,2024,2024-06-02,삼성,133.5,,143.0,,,132.3,,,130.5,,
박상원,2024,2024-06-04,KT,142.5,,147.2,,,,,,133.0,,
박상원,2024,2024-06-05,KT,139.5,,145.7,,,133.0,,,134.5,,
박상원,2024,2024-06-08,NC,141.4,,145.8,,,133.8,,,130.5,,
박상원,2024,2024-06-09,NC,138.9,,145.0,,,133.1,,,132.3,,
박상원,2024,2024-06-11,두산,146.7,,148.6,,,132.0,,,137.0,,
박상원,2024,2024-06-14,SSG,141.7,,146.7,,,135.3,,,133.5,,
박상원,2024,2024-06-19,키움,138.9,,145.4,,,134.0,,,132.2,,
박상원,2024,2024-06-23,KIA,141.9,,147.7,,,135.0,,,135.8,,
박상원,2024,2024-06-25,두산,138.8,,146.5,,,134.5,,,132.0,,
박상원,2024,2024-06-26,두산,137.3,,145.2,,,,,,133.4,,
박상원,2024,2024-06-28,롯데,140.7,,146.2,,,131.0,,,134.8,,
박상원,2024,2024-07-02,KT,139.6,,146.3,,,134.8,,,136.0,,
박상원,2024,2024-07-11,키움,146.5,,146.5,,,,,,,,
박상원,2024,2024-07-13,LG,139.6,,144.8,,,134.2,,,131.4,,
박상원,2024,2024-07-18,NC,139.8,,147.3,,,134.0,,,135.0,,
박상원,2024,2024-07-20,KIA,138.9,145.0,144.6,,,131.4,,,131.9,,
박상원,2024,2024-07-23,삼성,142.7,,145.9,,,134.0,,,134.3,,
박상원,2024,2024-07-28,LG,136.4,,144.0,,,131.7,,,134.1,,
박상원,2024,2024-07-30,KT,143.1,,147.1,,,137.0,,,134.1,,
박상원,2024,2024-07-31,KT,139.4,,145.9,,,133.0,,,131.6,,
박상원,2024,2024-08-02,KIA,137.2,,144.5,,,130.5,,,133.8,,
박상원,2024,2024-08-06,삼성,138.9,,145.0,,,130.0,,,133.3,,
박상원,2024,2024-08-07,삼성,138.0,,144.7,,,131.5,,,133.5,,
박상원,2024,2024-08-09,키움,138.7,,144.3,,,132.0,,,131.6,,
박상원,2024,2024-08-13,LG,138.4,,145.3,,,132.3,,,132.5,,
박상원,2024,2024-08-14,LG,140.0,,145.8,,,133.0,,,133.8,,
박상원,2024,2024-08-17,SSG,142.0,,147.8,,,134.0,,,136.2,,
박상원,2024,2024-08-18,SSG,141.0,,146.7,,,132.0,,,133.2,,
박상원,2024,2024-08-20,NC,137.3,,144.0,,,131.0,,,130.0,,
박상원,2024,2024-08-24,두산,142.0,,147.1,,,135.0,,,129.5,,
박상원,2024,2024-08-25,두산,143.6,,146.7,,,133.7,,,134.5,,
박상원,2024,2024-08-27,롯데,137.8,,146.8,,,134.3,,,134.5,,
박상원,2024,2024-08-28,롯데,133.3,,,,,,,,133.3,,
박상원,2024,2024-08-31,KT,138.9,,144.0,,,132.5,,,133.0,,
박상원,2024,2024-09-03,두산,140.6,,145.4,,,132.5,,,133.0,,
박상원,2024,2024-09-04,KIA,143.3,,148.8,,,135.0,,,136.4,,
박상원,2024,2024-09-06,LG,138.7,,145.7,,,132.0,,,134.0,,
박상원,2024,2024-09-10,SSG,141.1,,148.4,,,134.4,,,137.0,,
박상원,2024,2024-09-13,롯데,139.8,,145.9,,,135.2,,,133.2,,
박상원,2024,2024-09-17,NC,141.4,,147.6,,,133.0,,,134.5,,
박상원,2024,2024-09-19,NC,141.2,,146.9,,,132.8,,,133.9,,
박상원,2024,2024-09-22,롯데,140.9,,145.1,,,133.0,,,133.5,,
박상원,2024,2024-09-23,롯데,140.8,,144.7,,,131.0,,,132.5,,
박상원,2024,2024-09-25,LG,139.9,,146.0,,,132.8,,,135.0,,
박상원,2024,2024-09-28,SSG,136.0,,142.7,,,133.0,,,130.5,,
박상원,2024,2024-09-29,NC,138.6,,145.2,,,133.6,,,132.2,,
박상원,2023,2023-04-19,두산,147.0,,147.0,,,,,,,,
박상원,2023,2023-04-23,LG,141.2,,146.7,,,133.8,,,133.4,,
박상원,2023,2023-04-29,NC,142.6,,146.4,,,134.5,,,131.5,,
박상원,2023,2023-05-03,두산,144.6,,148.1,,,136.5,,,136.0,,
박상원,2023,2023-05-07,KT,142.0,,147.1,,,133.3,,,134.2,,
박상원,2023,2023-05-10,삼성,142.9,,147.0,,,135.0,,,134.7,,
박상원,2023,2023-05-11,삼성,145.1,,148.0,,,132.0,,,135.0,,
박상원,2023,2023-05-14,SSG,144.5,,149.3,,,136.7,,,135.2,,
박상원,2023,2023-05-16,롯데,141.5,,146.4,,,132.5,,,132.9,,
박상원,2023,2023-05-20,LG,137.7,,143.1,,,132.5,,,130.8,,
박상원,2023,2023-05-23,KIA,141.7,,148.8,,,133.0,,,136.0,,
박상원,2023,2023-05-25,KIA,143.8,,149.8,,,136.5,,,136.0,,
박상원,2023,2023-05-27,NC,140.3,,149.6,,,133.5,,,135.6,,
박상원,2023,2023-06-01,키움,137.5,,149.0,,,,,,133.7,,
박상원,2023,2023-06-03,삼성,141.6,,149.7,,,135.4,,,135.7,,
박상원,2023,2023-06-04,삼성,141.5,,147.8,,,,,,136.1,,
박상원,2023,2023-06-09,LG,146.1,,149.9,,,135.5,,,137.2,,
박상원,2023,2023-06-14,롯데,144.9,,149.3,,,,,,136.0,,
박상원,2023,2023-06-15,롯데,140.2,,147.6,,,133.0,,,134.3,,
박상원,2023,2023-06-17,키움,145.9,,150.0,,,,,,136.8,,
박상원,2023,2023-06-18,키움,144.9,,149.5,,,135.0,,,135.8,,
박상원,2023,2023-06-21,KIA,142.0,,147.9,,,135.0,,,134.5,,
박상원,2023,2023-06-22,KIA,139.5,,147.7,,,133.0,,,134.8,,
박상원,2023,2023-06-27,KT,142.0,,148.6,,,132.2,,,135.2,,
박상원,2023,2023-06-28,KT,142.2,,146.0,,,133.0,,,131.5,,
박상원,2023,2023-07-02,삼성,139.1,,145.3,,,132.0,,,132.1,,
박상원,2023,2023-07-05,롯데,138.9,,148.0,,,130.3,,,134.5,,
박상원,2023,2023-07-12,LG,140.5,,149.3,,,135.6,,,135.5,,
박상원,2023,2023-07-22,NC,138.5,,145.3,,,,,,131.3,,
박상원,2023,2023-07-26,키움,139.5,,146.1,,,133.0,,,131.6,,
박상원,2023,2023-07-28,SSG,141.8,,148.4,,,132.5,,,136.0,,
박상원,2023,2023-08-02,두산,140.4,,150.6,,,135.3,,,136.6,,
박상원,2023,2023-08-03,두산,147.2,,150.4,,,,,,136.0,,
박상원,2023,2023-08-06,KIA,141.8,,148.6,,,136.3,,,135.2,,
박상원,2023,2023-08-12,두산,148.3,,150.2,,,134.0,,,137.5,,
박상원,2023,2023-08-15,NC,144.1,,147.7,,,,,,136.0,,
박상원,2023,2023-08-16,NC,138.5,,146.5,,,133.3,,,133.0,,
박상원,2023,2023-08-19,KT,142.4,,150.6,,,134.8,,,137.8,,
박상원,2023,2023-08-22,삼성,138.9,,147.6,,,131.5,,,132.8,,
박상원,2023,2023-09-02,LG,143.2,,149.0,,,,,,134.5,,
박상원,2023,2023-09-03,LG,143.2,,149.3,,,133.5,,,136.0,,
박상원,2023,2023-09-06,SSG,144.0,,149.8,,,,,,137.1,,
박상원,2023,2023-09-07,SSG,144.4,,151.1,,,,,,137.8,,
박상원,2023,2023-09-09,키움,141.9,,147.4,,,,,,134.1,,
박상원,2023,2023-09-10,키움,141.5,,146.8,,,131.0,,,133.5,,
박상원,2023,2023-09-18,KT,146.8,,149.8,,,,,,135.8,,
박상원,2023,2023-09-22,키움,141.4,,146.1,,,131.2,,,,,
박상원,2023,2023-09-27,삼성,139.5,,147.0,,,135.0,,,132.7,,
박상원,2023,2023-10-01,NC,138.5,,147.5,,,,,,134.0,,
박상원,2023,2023-10-04,삼성,142.9,,146.8,,,,,,133.0,,
박상원,2023,2023-10-09,NC,143.2,,148.2,,,135.2,,,132.8,,
박상원,2023,2023-10-10,NC,148.0,,148.0,,,,,,,,
박상원,2023,2023-10-15,롯데,140.9,,147.2,,,,,,132.3,,
박상원,2023,2023-10-16,롯데,139.9,,148.8,,,134.0,,,134.4,,
박상원,2022,2022-08-12,LG,144.0,,149.2,,,136.0,,,136.8,,
박상원,2022,2022-08-14,키움,139.8,,146.3,,,128.0,,,132.0,,
박상원,2022,2022-08-19,삼성,140.8,,149.6,,,134.5,,,136.6,,
박상원,2022,2022-08-20,롯데,134.6,,143.3,,,128.0,,,131.2,,
박상원,2022,2022-08-23,LG,144.8,,147.9,,,136.0,,,135.5,,
박상원,2022,2022-08-25,두산,138.4,,145.8,,,132.5,,,134.2,,
박상원,2022,2022-08-28,삼성,142.9,,145.8,,,132.0,,,134.7,,
박상원,2022,2022-08-31,KIA,136.0,,145.0,,,131.8,,,132.0,,
박상원,2022,2022-09-03,NC,148.0,,148.0,,,,,,,,
박상원,2022,2022-09-06,KT,142.5,,149.8,,,136.0,,,136.5,,
박상원,2022,2022-09-08,두산,142.5,,148.6,,,136.3,,,135.4,,
박상원,2022,2022-09-14,KT,141.6,,149.0,,,,,,136.7,,
박상원,2022,2022-09-15,KIA,144.5,,149.5,,,137.3,,,135.8,,
박상원,2022,2022-09-18,LG,141.4,,147.0,,,134.7,,,132.5,,
박상원,2020,2020-05-07,SK,141.3,,147.0,,,138.8,,,137.7,,
박상원,2020,2020-05-09,키움,141.4,,144.3,,,137.0,,,134.5,,
박상원,2020,2020-05-10,키움,137.3,,144.4,,,137.9,,,133.3,,
박상원,2020,2020-05-12,KIA,139.6,,144.0,,,136.9,,,132.0,,
박상원,2020,2020-05-15,롯데,137.3,,145.2,,,134.6,,,136.5,,
박상원,2020,2020-05-17,롯데,137.5,,142.8,,,137.5,,,133.0,,
박상원,2020,2020-05-21,KT,139.7,,143.5,,,136.0,,,135.5,,
박상원,2020,2020-05-22,NC,136.5,,143.0,,,136.0,,,133.5,,
박상원,2020,2020-05-31,SK,138.2,,144.7,,,136.3,,,133.4,,
박상원,2020,2020-06-04,키움,139.3,,143.4,,,135.0,,,133.5,,
박상원,2020,2020-06-06,NC,137.5,,144.0,,,135.5,,,134.0,,
박상원,2020,2020-06-07,NC,140.0,,145.4,,,137.5,,,134.2,,
박상원,2020,2020-06-10,롯데,140.9,,146.3,,,139.4,,,135.0,,
박상원,2020,2020-06-11,롯데,134.0,,,,,134.0,,,,,
박상원,2020,2020-06-12,두산,139.5,,144.0,,,136.0,,,134.7,,
박상원,2020,2020-06-14,두산,140.2,,145.9,,,123.0,,,135.9,,
박상원,2020,2020-06-18,LG,142.7,,146.2,,,140.5,,,136.6,,
박상원,2020,2020-06-19,NC,136.4,,144.0,,125.0,136.8,,,134.0,,
박상원,2020,2020-06-21,NC,137.6,,144.5,,,136.5,,,134.0,,
박상원,2020,2020-06-24,삼성,139.5,,145.7,,,136.0,,,135.5,,
박상원,2020,2020-06-26,KT,141.5,,146.3,,,136.4,,,134.0,,
박상원,2020,2020-07-01,KIA,143.9,,146.4,,,135.0,,,133.0,,
박상원,2020,2020-07-03,두산,142.8,,147.1,,,139.5,,,134.7,,
박상원,2020,2020-07-04,두산,143.3,,148.1,,,139.5,,,136.4,,
박상원,2020,2020-07-07,롯데,139.5,,146.0,,127.0,138.0,,,135.0,,
박상원,2020,2020-07-10,SK,138.9,,145.0,,,134.2,,,133.6,,
박상원,2020,2020-07-14,KT,143.0,,143.0,,,,,,,,
박상원,2020,2020-07-15,KT,138.9,,142.9,,,133.6,,,132.2,,
박상원,2020,2020-07-21,KIA,140.8,,145.7,,,137.2,,,132.6,,
박상원,2020,2020-07-24,SK,140.8,,144.4,,,136.0,,,134.0,,
박상원,2020,2020-07-26,SK,140.6,,147.4,,,137.5,,,135.2,,
박상원,2020,2020-07-27,SK,135.5,,142.0,,,135.7,,,131.0,,
박상원,2020,2020-08-18,SK,137.9,,145.2,,119.0,133.3,,,132.5,,
박상원,2020,2020-08-20,KT,142.9,,146.5,,,139.0,,,133.7,,
박상원,2020,2020-08-24,LG,142.7,,146.6,,,140.0,,,135.5,,
박상원,2020,2020-08-26,NC,136.3,,145.2,,,136.5,,,131.0,,
박상원,2020,2020-08-29,롯데,132.0,,,,,132.0,,,132.0,,
박상원,2020,2020-09-01,두산,143.2,,147.1,,,133.3,,,134.0,,
박상원,2020,2020-09-03,키움,139.1,,145.5,,,134.3,,,129.0,,
박상원,2020,2020-09-05,KIA,141.2,,147.9,,,136.0,,,135.1,,
박상원,2020,2020-09-06,KIA,139.5,,145.3,,,138.0,,,133.1,,
박상원,2020,2020-09-09,삼성,141.3,,145.7,,,135.9,,,136.0,,
박상원,2020,2020-09-11,SK,141.5,,145.2,,121.0,136.5,,,,,
박상원,2020,2020-09-13,KT,139.9,,144.4,,,134.7,,,129.0,,
박상원,2020,2020-09-15,LG,140.3,,148.7,,,137.9,,,139.0,,
박상원,2020,2020-09-17,키움,140.3,,147.0,,,137.0,,,135.0,,
박상원,2020,2020-09-18,키움,143.8,,145.7,,,135.0,,,138.5,,
박상원,2020,2020-09-20,KIA,140.1,,146.5,,,137.2,,,134.4,,
박상원,2020,2020-09-23,두산,136.1,,145.2,,,132.2,,,132.3,,
박상원,2020,2020-09-24,롯데,143.6,,145.0,,,,,,132.0,,
박상원,2020,2020-09-27,NC,137.8,,141.9,,,134.0,,,131.2,,
박상원,2020,2020-09-29,두산,138.4,,146.8,,122.0,134.5,,,135.3,,
박상원,2020,2020-10-02,롯데,145.1,,147.5,,,141.0,,,134.0,,
박상원,2020,2020-10-07,KIA,141.7,,146.6,,,139.0,,,137.0,,
박상원,2020,2020-10-09,키움,141.0,,143.0,,,134.3,,,,,
박상원,2020,2020-10-11,키움,141.2,,143.6,,,136.0,,,132.5,,
박상원,2020,2020-10-15,두산,141.4,,147.6,,,139.8,,,136.8,,
박상원,2020,2020-10-17,삼성,138.3,,145.2,,,135.7,,,133.2,,
박상원,2020,2020-10-27,두산,145.9,,147.5,,,137.0,,,136.5,,
박상원,2020,2020-10-28,LG,142.5,,145.9,,120.0,137.7,,,,,
박상원,2020,2020-10-30,KT,141.4,,144.0,,,,,,135.0,,
박성웅,2021,2021-04-07,SSG,127.8,,138.2,,114.8,127.3,123.5,,,,
박성웅,2021,2021-04-13,삼성,130.6,,137.0,,111.0,124.1,123.4,,,,
박성웅,2020,2020-05-20,KT,130.7,,139.1,,114.0,127.1,121.8,,,,
박성웅,2020,2020-05-23,NC,124.0,,,,,,124.0,,,,
박성웅,2020,2020-05-24,NC,134.5,,141.0,,,128.0,,,,,
박성웅,2020,2020-08-13,키움,131.0,,141.8,,116.0,130.8,120.7,,,,
박성웅,2020,2020-08-19,SK,129.6,,141.1,,113.5,118.6,122.1,,,,
박성웅,2020,2020-09-27,NC,132.5,,141.2,,,,115.0,,,,
박성웅,2020,2020-09-30,두산,132.9,,141.1,,114.0,133.0,119.0,,,,
박성웅,2020,2020-10-04,롯데,130.6,,141.3,,117.5,129.7,122.6,,,,
박성웅,2020,2020-10-10,키움,127.9,,136.8,,114.2,124.5,118.5,,,,
박성웅,2020,2020-10-16,삼성,129.2,,137.2,,113.8,122.0,123.0,,,,
박성웅,2020,2020-10-29,KT,130.0,,139.8,,114.3,126.7,121.4,,,,
박준영,2023,2023-09-09,키움,138.2,,144.4,,115.3,130.5,,,132.8,,
박준영,2023,2023-09-12,두산,132.8,,146.8,,118.8,,,,,,
박준영,2023,2023-09-21,KIA,136.7,,140.8,,116.0,131.0,,,,,
박준영,2023,2023-09-27,삼성,133.3,,141.1,,114.3,,,,,,
박준영,2022,2022-05-26,두산,138.5,,141.8,,114.0,134.6,,,132.5,,
박준영,2022,2022-05-31,NC,140.5,,142.8,,,138.5,,,131.0,,
박준영,2022,2022-06-07,두산,141.8,,143.8,,,134.5,,,130.0,,
박준영,2022,2022-10-02,KIA,137.5,,141.3,,116.5,,,,129.0,,
박준영,2022,2022-10-08,NC,135.6,,142.9,,116.4,,,,130.7,,
배동현,2021,2021-04-22,키움,132.9,,139.4,,,125.0,123.0,,129.2,,
배동현,2021,2021-04-24,LG,134.3,,137.6,,114.5,122.0,122.8,,,,
배동현,2021,2021-04-28,KIA,131.4,,136.8,,112.2,126.8,122.6,,124.3,,
배동현,2021,2021-05-06,삼성,130.1,,136.5,,114.1,122.3,119.6,,,,
배동현,2021,2021-05-12,NC,125.2,,131.4,,109.0,119.0,123.2,,125.6,,
배동현,2021,2021-05-18,롯데,130.0,,135.3,,111.2,120.7,125.2,,124.5,,
배동현,2021,2021-05-23,KT,130.0,,137.1,,109.7,123.0,123.5,,125.8,,
배동현,2021,2021-05-29,SSG,127.4,,134.9,,108.6,123.2,119.5,,124.0,,
배동현,2021,2021-06-05,NC,135.3,,136.5,,,123.0,125.0,,,,
배동현,2021,2021-09-14,SSG,134.2,,140.3,,110.0,121.2,125.0,,,,
배동현,2021,2021-09-18,롯데,136.9,,140.4,,,123.0,124.0,,129.3,,
배동현,2021,2021-09-22,LG,134.7,,140.1,,114.0,126.0,,,129.4,,
배동현,2021,2021-09-26,두산,137.0,,137.0,,,,,,,,
배동현,2021,2021-09-30,삼성,134.7,,138.5,,,125.5,,,128.5,,
배동현,2021,2021-10-05,두산,131.7,,138.6,,109.2,120.0,,,127.0,,
배동현,2021,2021-10-09,KIA,131.4,,138.1,,111.0,126.0,,,127.1,,
배동현,2021,2021-10-10,KIA,129.4,,140.2,,112.0,,,,126.7,,
배동현,2021,2021-10-23,롯데,136.9,,141.2,,,,,,129.2,,
배동현,2021,2021-10-24,롯데,137.0,,141.0,,,,,,131.0,,
배동현,2021,2021-10-30,두산,136.2,,140.3,,,123.0,,,128.6,,
배민서,2024,2024-04-13,KIA,132.8,,138.2,,,127.6,128.9,,,,
배민서,2023,2023-06-21,LG,139.2,,143.9,,,133.8,,142.3,134.8,,
배민서,2023,2023-06-23,한화,134.6,,141.8,,,129.8,132.5,141.2,131.0,,131.0
배민서,2023,2023-06-24,한화,137.4,,144.0,,,132.0,132.0,142.3,,,
배민서,2023,2023-07-02,KT,138.8,,146.2,,,135.2,137.1,,,,
배민서,2023,2023-07-04,키움,135.3,,146.0,,,133.4,135.0,,,,
배민서,2023,2023-07-08,삼성,137.7,,143.2,,,132.2,134.0,,,,
배민서,2021,2021-04-08,롯데,137.9,,143.3,,,136.1,134.8,143.0,,,
배민서,2021,2021-04-10,KIA,136.2,,143.7,,,131.0,133.5,142.0,,,
배민서,2021,2021-04-15,SSG,142.3,,142.3,,,,,,,,
배민서,2021,2021-04-16,한화,135.1,,143.0,,,133.3,132.8,,,,
배민서,2021,2021-04-22,KT,138.3,,143.4,,,136.0,134.3,,,,
배민서,2021,2021-04-23,두산,143.8,,145.5,,,139.0,135.0,,,,
배민서,2021,2021-04-25,두산,141.4,,143.1,,,136.0,134.8,,,,
배민서,2021,2021-04-27,삼성,141.9,,144.1,,,136.0,135.2,141.0,,,
배민서,2021,2021-04-30,키움,138.0,,142.5,,,134.2,133.9,,,,
배민서,2021,2021-05-06,SSG,139.5,,142.3,,,129.0,133.0,,,,
배민서,2021,2021-05-09,KT,137.8,,139.2,,,129.5,130.0,,,,
배민서,2021,2021-05-11,한화,138.3,,141.8,,,132.7,133.2,141.7,,,
배민서,2021,2021-05-21,키움,141.7,,145.4,,,134.3,138.0,,,,
배민서,2021,2021-05-22,키움,137.3,,144.3,,,132.0,134.5,,,,
배민서,2021,2021-06-20,키움,136.9,,142.9,,,128.7,131.4,,,,
배민서,2021,2021-06-22,롯데,139.0,,144.3,,,131.0,,,,,
배민서,2021,2021-06-25,SSG,137.4,,143.8,,,132.3,133.0,,,,
배민서,2021,2021-06-26,SSG,139.0,,146.0,,,134.5,131.0,,,,
배민서,2021,2021-06-29,KIA,141.1,,147.6,,,135.5,133.3,,,,
배민서,2021,2021-07-01,KIA,137.7,,145.0,,,131.4,,140.0,,,
배민서,2021,2021-07-07,두산,140.4,142.8,145.1,,,134.6,134.0,,,,
배민서,2021,2021-08-10,롯데,138.7,,144.4,,,133.6,132.6,142.0,,,
배민서,2021,2021-08-14,한화,141.5,,145.7,,,135.0,132.5,138.5,,,
배민서,2021,2021-08-18,SSG,138.5,,143.0,,,132.6,132.0,141.0,,,
배민서,2021,2021-08-26,두산,137.9,,141.5,,,132.0,132.5,138.3,,,
배민서,2021,2021-09-01,SSG,139.0,,143.2,,,135.6,133.5,,,,
배민서,2021,2021-09-05,롯데,138.3,,141.7,,,133.2,135.0,,,,
배민서,2021,2021-09-08,한화,138.1,,142.6,,,132.8,128.5,,,,
배민서,2021,2021-09-12,KIA,138.5,,141.8,,,134.3,132.0,136.4,,,
배민서,2021,2021-09-21,두산,140.5,,143.9,,,134.0,134.7,,,,
배민서,2021,2021-09-22,두산,137.5,,143.1,,,132.3,132.8,,,,
배민서,2020,2020-06-10,두산,140.1,143.6,144.9,,,134.1,,,133.5,,
배민서,2020,2020-08-24,KT,144.2,140.3,146.3,,,,,,,,
배민서,2020,2020-08-28,두산,139.9,144.0,143.2,,,134.0,136.0,,,,
배민서,2020,2020-09-09,롯데,138.0,,145.0,,,135.5,137.0,,,,
배민서,2020,2020-09-11,KT,139.8,142.0,145.0,,,133.0,135.0,,,,
배민서,2020,2020-09-12,KIA,138.1,143.2,144.0,,,135.0,135.3,,,,
배민서,2020,2020-09-19,롯데,135.6,,145.0,,,133.0,133.3,,,,
배민서,2020,2020-09-20,롯데,138.8,144.0,145.0,,,132.0,133.0,,,,
배민서,2020,2020-09-26,한화,137.6,,142.8,,,133.7,134.8,,,,
배민서,2020,2020-10-01,SK,138.7,,143.0,,,134.0,135.2,139.0,,,
배민서,2020,2020-10-03,삼성,140.0,,143.6,,,134.0,134.3,,,,
배민서,2020,2020-10-08,키움,138.9,,144.7,,,134.5,,,,,
배민서,2020,2020-10-20,KIA,141.4,144.5,144.7,,,135.2,134.0,,,,
엄상백,2024,2024-03-24,삼성,134.4,,142.4,136.7,,132.0,127.4,,,,
엄상백,2024,2024-03-30,한화,134.9,,140.1,135.0,,130.8,127.6,,,,
엄상백,2024,2024-04-03,KIA,134.9,,143.2,134.5,,134.0,129.5,,,,
엄상백,2024,2024-04-09,NC,136.6,,143.3,135.3,,129.9,130.0,,,,
엄상백,2024,2024-04-14,SSG,134.5,,142.5,133.5,,131.0,128.5,,,,
엄상백,2024,2024-04-21,롯데,137.7,,143.2,135.1,,127.0,130.8,,,,
엄상백,2024,2024-04-26,SSG,139.1,,144.6,135.2,,133.9,131.2,,,,
엄상백,2024,2024-05-02,KIA,136.7,,144.5,136.4,,133.0,131.1,,,,
엄상백,2024,2024-05-08,NC,134.4,,142.1,133.1,,,129.3,,,,
엄상백,2024,2024-05-14,롯데,134.7,,141.9,133.8,,,127.9,,,,129.0
엄상백,2024,2024-05-25,키움,134.8,,143.2,135.2,,132.5,129.9,,,,
엄상백,2024,2024-05-31,KIA,136.1,,144.1,133.1,,,130.0,,,,
엄상백,2024,2024-06-06,한화,136.7,,145.8,135.1,,128.0,130.1,,,,
엄상백,2024,2024-06-12,NC,136.0,,144.1,135.2,,,129.2,,,,
엄상백,2024,2024-06-18,롯데,134.6,,143.0,134.7,,,128.2,,,,
엄상백,2024,2024-06-23,LG,133.9,,144.8,132.8,,128.0,127.4,,,,
엄상백,2024,2024-07-04,한화,134.2,,142.2,133.4,,131.5,128.3,,,,
엄상백,2024,2024-07-13,롯데,135.0,,142.6,134.4,,,128.7,,,,
엄상백,2024,2024-07-19,NC,134.1,,142.5,132.1,,128.3,128.8,,,,
엄상백,2024,2024-07-26,삼성,133.0,,141.6,132.4,,127.5,126.5,,,,
엄상백,2024,2024-08-01,한화,132.9,,139.8,131.8,,,125.9,,,,
엄상백,2024,2024-08-07,KIA,134.9,,142.8,135.8,,132.3,128.5,,,,
엄상백,2024,2024-08-13,삼성,133.2,,141.4,134.1,,130.9,127.1,,,,
엄상백,2024,2024-08-18,두산,134.8,,143.4,134.9,,131.9,127.2,,,,
엄상백,2024,2024-08-24,SSG,135.6,,143.7,135.9,,132.6,129.7,,,,
엄상백,2024,2024-08-30,LG,135.8,,141.9,136.7,,132.5,128.3,,,,
엄상백,2024,2024-09-11,NC,137.0,,143.2,134.6,,130.6,128.2,,,,
엄상백,2024,2024-09-17,키움,135.3,,143.4,134.9,,128.0,129.1,,,,
엄상백,2024,2024-09-24,롯데,135.2,,143.1,135.1,122.0,130.9,128.7,,,,
엄상백,2024,2024-10-06,LG,135.7,,143.4,135.8,,,130.1,,,,
엄상백,2024,2024-10-11,LG,133.0,,144.8,135.2,125.0,,129.7,,,,
엄상백,2023,2023-04-19,SSG,138.0,,145.0,,,140.8,131.3,,,,
엄상백,2023,2023-04-25,키움,134.4,,143.0,,,132.0,129.9,,,,
엄상백,2023,2023-04-30,삼성,135.2,,142.7,,,134.5,127.7,,,,
엄상백,2023,2023-05-07,한화,135.9,,142.6,,,138.9,128.7,,,,
엄상백,2023,2023-05-13,롯데,135.3,,142.0,138.8,,131.8,127.8,,,,
엄상백,2023,2023-05-19,두산,138.6,,146.5,,,135.1,131.3,,,,
엄상백,2023,2023-05-25,키움,132.7,,143.6,,,133.4,128.1,,,,
엄상백,2023,2023-05-31,KIA,135.1,,145.8,,,140.8,129.7,,,,
엄상백,2023,2023-06-07,롯데,135.5,,144.3,,126.0,139.2,129.4,,,,
엄상백,2023,2023-06-13,SSG,135.6,,145.7,,,135.7,130.3,,,,
엄상백,2023,2023-06-18,삼성,134.9,,143.3,,,136.0,127.6,,,,
엄상백,2023,2023-06-24,KIA,136.2,,145.9,139.5,127.0,135.9,130.6,,,,132.5
엄상백,2023,2023-06-30,NC,136.2,,144.7,,,,130.6,,,,
엄상백,2023,2023-07-07,KIA,132.5,,142.6,,,133.6,127.9,,,,
엄상백,2023,2023-07-22,삼성,135.9,,145.7,,,136.0,130.6,,,,
엄상백,2023,2023-07-28,NC,135.3,,144.7,,,134.3,130.3,,,,
엄상백,2023,2023-08-03,SSG,132.8,,142.4,,,133.2,128.2,,,,131.0
엄상백,2023,2023-08-09,한화,133.7,,143.0,,,133.9,127.9,,,,
엄상백,2023,2023-08-16,두산,134.0,,144.6,,,137.2,128.9,,,,
엄상백,2023,2023-08-22,KIA,134.0,,142.3,,,134.4,127.2,,,,
엄상백,2023,2023-10-30,NC,131.1,,139.0,,,,124.8,,,,
엄상백,2023,2023-11-03,NC,136.1,,144.4,,,128.0,128.9,,,,
엄상백,2023,2023-11-11,LG,133.9,,141.7,,,134.9,127.8,,,,
엄상백,2022,2022-04-05,SSG,133.6,,142.4,,119.0,131.8,127.3,,,,
엄상백,2022,2022-04-07,SSG,140.5,,143.1,,,134.9,,,,,
엄상백,2022,2022-04-09,한화,141.4,,146.7,,,137.2,131.8,145.0,,,
엄상백,2022,2022-04-17,롯데,137.3,,143.7,,121.0,135.3,128.3,,,,
엄상백,2022,2022-04-23,NC,140.1,,145.8,,126.0,135.0,131.8,,,,
엄상백,2022,2022-04-29,키움,139.3,,146.0,,125.0,136.9,130.8,,,,
엄상백,2022,2022-05-05,롯데,140.1,,146.4,,127.0,136.4,132.0,,,,
엄상백,2022,2022-05-11,KIA,142.9,,146.2,,125.0,136.3,133.2,,,,
엄상백,2022,2022-05-18,LG,135.9,,143.9,,121.0,133.7,129.2,,,,
엄상백,2022,2022-05-24,NC,139.7,,148.2,,,138.7,133.0,,,,
엄상백,2022,2022-05-29,한화,140.4,,144.3,,,135.9,129.0,,,,
엄상백,2022,2022-06-04,KIA,137.8,,143.5,,127.0,134.8,127.0,,,,
엄상백,2022,2022-06-08,키움,141.8,,149.2,,,136.2,130.0,146.8,,,
엄상백,2022,2022-06-09,키움,141.0,,147.2,,,139.3,131.2,,,,
엄상백,2022,2022-06-15,SSG,142.1,,148.5,,,138.7,132.1,,,,
엄상백,2022,2022-06-21,NC,136.3,,144.6,,,132.9,128.0,,,,
엄상백,2022,2022-06-26,LG,141.7,,150.2,,,136.2,132.7,,,,
엄상백,2022,2022-06-30,삼성,143.7,,147.1,,,,128.5,,,,
엄상백,2022,2022-07-01,두산,142.6,,151.3,,,136.3,134.9,,,,
엄상백,2022,2022-07-06,KIA,144.2,,150.0,,,142.5,132.0,148.0,,,
엄상백,2022,2022-07-10,롯데,139.6,,147.5,,,140.2,130.9,,,,
엄상백,2022,2022-07-27,키움,139.2,,148.7,,,141.3,132.9,,,,
엄상백,2022,2022-08-03,NC,145.4,,148.4,,,140.0,134.0,,,,
엄상백,2022,2022-08-07,한화,134.7,,144.2,,,139.1,128.6,,,,
엄상백,2022,2022-08-13,삼성,138.9,,148.5,,,141.8,131.6,146.3,,,
엄상백,2022,2022-08-19,롯데,136.7,,146.6,,,138.8,129.4,,,,
엄상백,2022,2022-08-25,SSG,137.9,,144.4,,,138.3,127.7,,,,
엄상백,2022,2022-09-01,LG,141.3,,149.2,,,142.7,134.0,,,,
엄상백,2022,2022-09-07,한화,139.6,,148.9,,,141.8,132.6,,,,
엄상백,2022,2022-09-13,한화,137.7,,147.1,,,140.6,130.4,,,,
엄상백,2022,2022-09-18,롯데,139.8,,147.2,,,140.5,129.7,,,,
엄상백,2022,2022-09-25,NC,136.0,,145.0,,,139.1,129.8,,,,
엄상백,2022,2022-10-08,KIA,136.2,,146.0,,,139.8,128.8,,,,
엄상백,2022,2022-10-16,키움,134.1,,144.9,,,140.3,129.5,,,,
엄상백,2022,2022-10-22,키움,137.7,,146.7,,,,131.7,,,,
엄상백,2021,2021-08-12,키움,140.2,,146.9,,120.3,132.1,132.3,,,,
엄상백,2021,2021-08-20,롯데,140.3,,147.9,,124.8,134.2,134.0,,,,
엄상백,2021,2021-08-26,SSG,141.9,,148.0,,126.0,133.8,133.8,,,,
엄상백,2021,2021-09-01,한화,141.5,,146.8,,,133.5,134.0,,,,
엄상백,2021,2021-09-10,삼성,139.7,,145.2,,123.5,131.4,130.2,,,,
엄상백,2021,2021-09-16,롯데,137.9,,144.1,,124.6,130.9,130.5,,,,
엄상백,2021,2021-09-22,KIA,143.1,,147.8,,,140.9,137.8,,,,
엄상백,2021,2021-10-01,롯데,144.9,,148.6,,,142.8,138.5,,,,
엄상백,2021,2021-10-07,키움,140.6,,147.1,,129.6,140.8,134.9,,,,
엄상백,2021,2021-10-15,KIA,137.1,,143.4,,125.2,137.2,131.6,,,,
윤대경,2024,2024-05-16,NC,126.4,,136.9,,117.9,121.5,122.5,,,,
윤대경,2024,2024-05-18,삼성,127.4,,136.5,,116.0,,120.9,,,,
윤대경,2024,2024-05-19,삼성,129.6,,138.4,,,,120.7,,,,
윤대경,2024,2024-05-21,LG,129.3,,136.5,,118.7,,120.7,,,,
윤대경,2024,2024-05-23,LG,130.4,,136.1,,,,120.8,,,,
윤대경,2024,2024-09-11,삼성,130.0,,136.0,,122.0,,121.5,,,,
윤대경,2024,2024-09-15,롯데,134.2,,139.6,,125.0,,124.7,,,,
윤대경,2023,2023-04-09,SSG,137.2,,143.5,,114.0,,129.0,,,,
윤대경,2023,2023-04-14,KT,131.4,,140.4,,113.3,,125.8,,,,
윤대경,2023,2023-04-15,KT,136.5,,140.0,,112.0,,,,,,
윤대경,2023,2023-04-16,KT,132.9,,136.8,,107.0,,122.3,,,,
윤대경,2023,2023-04-20,두산,132.7,,140.7,,113.8,127.8,124.7,,,,
윤대경,2023,2023-04-23,LG,135.5,,141.0,,113.0,,126.0,,,,
윤대경,2023,2023-04-27,롯데,132.4,,139.0,,109.0,,124.7,,,,
윤대경,2023,2023-04-29,NC,132.6,,140.0,,114.0,,,,,,
윤대경,2023,2023-05-02,두산,132.5,,141.7,,111.9,,125.0,,,,
윤대경,2023,2023-05-04,두산,139.3,,141.6,,114.0,125.0,131.0,,,,
윤대경,2023,2023-05-09,삼성,126.5,,139.7,,110.8,127.0,127.0,,,,
윤대경,2023,2023-05-12,SSG,137.9,,142.8,,113.3,,,,,,
윤대경,2023,2023-05-13,SSG,139.0,,143.0,,,,131.0,,,,
윤대경,2023,2023-05-14,SSG,138.7,,143.6,,115.0,,134.3,,,,
윤대경,2023,2023-05-17,롯데,131.8,,139.5,,,,125.3,,,,
윤대경,2023,2023-05-19,LG,134.1,,140.3,,111.0,,125.0,,,,
윤대경,2023,2023-05-20,LG,133.3,,139.2,,113.0,,125.0,,,,
윤대경,2023,2023-05-25,KIA,133.3,,142.7,,116.0,,126.8,,,,
윤대경,2023,2023-05-30,키움,127.3,,139.3,,110.5,,124.5,,,,
윤대경,2023,2023-06-17,키움,137.8,,142.7,,113.5,,128.0,,,,
윤대경,2023,2023-06-18,키움,135.0,,143.0,,112.0,,125.0,,,,
윤대경,2023,2023-06-22,KIA,128.8,,141.4,,111.7,126.0,126.0,,,,
윤대경,2023,2023-06-23,NC,133.1,,141.3,,113.0,,127.3,,,,
윤대경,2023,2023-06-30,삼성,129.5,,138.1,,107.5,,122.2,,,,
윤대경,2023,2023-07-06,롯데,130.3,,139.2,,109.0,,122.5,,,,
윤대경,2023,2023-07-08,SSG,130.0,,140.8,,110.7,,125.9,,,,
윤대경,2023,2023-07-21,NC,132.9,,137.4,,109.0,,124.7,,,,
윤대경,2023,2023-07-29,SSG,137.2,,140.6,,,,125.2,,,,
윤대경,2023,2023-08-01,두산,138.2,,140.2,,,127.0,125.5,,,,
윤대경,2023,2023-09-06,SSG,134.3,,140.1,,,128.2,126.0,,,,
윤대경,2023,2023-09-07,SSG,133.2,,139.3,,,127.0,124.0,,,,
윤대경,2023,2023-09-09,키움,127.6,,138.0,,,122.8,121.5,,,,
윤대경,2023,2023-09-10,키움,129.3,,136.8,,,121.7,122.0,,,,
윤대경,2023,2023-09-12,두산,132.4,,138.4,,,124.8,122.8,,,,
윤대경,2023,2023-09-17,KT,130.4,,140.2,,119.0,126.0,123.5,,,,
윤대경,2023,2023-09-19,SSG,129.9,,135.8,,118.3,,118.0,,,,
윤대경,2023,2023-09-21,KIA,128.3,,136.6,,118.5,125.0,123.0,,,,
윤대경,2023,2023-09-23,LG,131.1,,138.2,,123.0,,120.8,,,,
윤대경,2023,2023-09-27,삼성,129.6,,135.3,,,,121.0,,,,
윤대경,2023,2023-09-29,롯데,128.0,,137.9,,121.5,,121.5,,,,
윤대경,2023,2023-10-02,NC,125.4,,136.0,,,,118.3,,,,
윤대경,2023,2023-10-04,삼성,128.7,,138.0,,,125.5,123.2,,,,
윤대경,2023,2023-10-06,SSG,132.1,134.0,139.6,,,127.0,122.7,,,,
윤대경,2023,2023-10-08,KT,127.5,,135.6,,123.5,122.7,119.0,,,,
윤대경,2023,2023-10-10,NC,125.8,,138.5,,117.0,123.0,123.0,,,,
윤대경,2023,2023-10-14,롯데,132.1,,139.5,,121.3,,123.7,,,,
윤대경,2023,2023-10-16,롯데,137.6,,137.6,,,,,,,,
윤대경,2022,2022-04-05,KIA,132.2,,140.6,,112.6,127.4,127.4,,,,
윤대경,2022,2022-04-09,KT,137.0,,144.0,,115.6,132.7,,,,,
윤대경,2022,2022-04-15,LG,130.9,,138.8,,109.8,123.9,126.2,,,,
윤대경,2022,2022-04-21,롯데,129.1,,138.9,,110.4,124.7,121.9,,,,
윤대경,2022,2022-04-27,키움,132.8,,140.6,,111.5,125.6,125.7,,,,
윤대경,2022,2022-05-03,SSG,131.3,,141.0,,109.7,126.3,124.1,,,,
윤대경,2022,2022-05-08,KIA,128.8,,138.1,,107.7,124.4,123.2,,,,
윤대경,2022,2022-05-14,롯데,131.8,,140.8,,110.6,131.1,127.0,,,,
윤대경,2022,2022-05-20,키움,133.1,,142.4,,108.9,132.8,128.2,,,,
윤대경,2022,2022-05-26,두산,130.7,,138.9,,106.8,131.1,124.9,,,,
윤대경,2022,2022-06-01,NC,130.6,,139.3,,107.2,128.9,125.2,,,,
윤대경,2022,2022-06-08,두산,133.9,,141.2,,109.4,131.4,123.8,,,,
윤대경,2022,2022-06-15,롯데,132.1,,138.3,,106.8,130.4,121.3,,,,
윤대경,2022,2022-06-22,LG,134.4,,141.8,,112.9,129.2,126.8,,,,
윤대경,2022,2022-06-29,SSG,132.2,,141.1,,111.4,126.6,127.0,,,,
윤대경,2022,2022-07-12,롯데,137.0,,143.0,,111.0,131.0,127.0,,,,
윤대경,2022,2022-07-14,롯데,131.2,,143.0,,110.5,130.3,126.3,,,,
윤대경,2022,2022-07-24,KT,127.7,,140.7,,109.8,128.5,124.0,,,,
윤대경,2022,2022-07-27,삼성,133.1,,143.6,,112.0,131.0,127.7,,,,
윤대경,2022,2022-07-30,두산,136.6,,143.2,,114.0,128.4,128.0,,,,
윤대경,2022,2022-08-04,KIA,132.6,,142.7,,110.0,127.3,127.0,,,,
윤대경,2022,2022-08-07,KT,134.3,,140.0,,111.0,130.0,,,,,
윤대경,2022,2022-10-02,KIA,130.6,,140.1,,110.7,126.5,124.2,,,,
윤대경,2022,2022-10-06,키움,138.9,,143.8,,114.0,129.5,130.2,,,,
윤대경,2022,2022-10-08,NC,136.7,,141.3,,113.0,,127.5,,,,
윤대경,2021,2021-04-06,SSG,133.3,,141.1,,111.0,,125.0,,,,
윤대경,2021,2021-04-09,두산,136.0,,141.7,,111.0,,121.0,,,,
윤대경,2021,2021-04-10,두산,133.3,,141.3,,111.7,,126.2,,,,
윤대경,2021,2021-04-14,삼성,135.4,,140.3,,114.0,,127.0,,,,
윤대경,2021,2021-04-15,삼성,131.7,,138.5,,,123.7,124.3,,,,
윤대경,2021,2021-04-17,NC,127.1,,141.0,,113.6,124.8,126.8,,,,
윤대경,2021,2021-04-21,키움,132.8,,140.8,,115.0,,126.1,,,,
윤대경,2021,2021-04-23,LG,128.7,,134.8,,,127.0,120.3,,,,
윤대경,2021,2021-04-25,LG,130.7,,139.6,,113.2,,124.3,,,,
윤대경,2021,2021-04-29,KIA,128.4,,137.5,,115.5,128.7,124.7,,,,
윤대경,2021,2021-05-02,롯데,133.5,,141.7,,114.2,125.5,126.0,,,,
윤대경,2021,2021-05-06,삼성,135.3,,140.2,,112.0,,125.9,,,,
윤대경,2021,2021-05-09,LG,133.7,,140.6,,123.0,128.0,126.0,,,,
윤대경,2021,2021-05-12,NC,131.4,,138.4,,114.0,,123.9,,,,
윤대경,2021,2021-05-14,키움,131.7,,139.9,,,,125.6,,,,
윤대경,2021,2021-05-18,롯데,132.5,,141.1,,113.0,,124.2,,,,
윤대경,2021,2021-05-21,KT,130.4,,140.4,,,124.7,123.8,,,,
윤대경,2021,2021-05-22,KT,132.5,,140.6,,114.0,124.0,125.0,,,,
윤대경,2021,2021-05-28,SSG,124.4,,139.5,,112.0,,121.9,,,,
윤대경,2021,2021-05-29,SSG,134.6,,140.2,,112.0,,,,,,
윤대경,2021,2021-06-01,KIA,133.6,,141.4,,113.7,126.0,125.9,,,,
윤대경,2021,2021-06-05,NC,134.1,,141.6,,115.0,128.0,125.1,,,,
윤대경,2021,2021-06-10,키움,130.3,,139.8,,111.4,124.0,125.3,,,,
윤대경,2021,2021-06-16,롯데,130.5,,138.7,,108.4,126.0,123.4,,,,
윤대경,2021,2021-06-22,삼성,130.8,,139.5,,111.5,123.8,122.0,,,,
윤대경,2021,2021-06-27,KT,133.3,,141.8,,110.3,130.2,124.4,,,,
윤대경,2021,2021-07-04,LG,132.2,,141.5,,112.0,126.8,126.4,,,,
윤대경,2021,2021-07-11,SSG,134.0,,142.4,,112.5,128.4,126.7,,,,
윤대경,2021,2021-09-07,NC,131.4,,139.3,,111.3,,122.3,,,,
윤대경,2021,2021-09-09,LG,136.1,,140.9,,113.3,125.0,126.0,,,,
윤대경,2021,2021-09-12,삼성,132.7,,137.9,,,123.3,123.8,,,,
윤대경,2021,2021-09-16,키움,131.5,,139.2,,117.2,,124.2,,,,
윤대경,2021,2021-09-18,롯데,135.1,,139.4,,117.0,,125.4,,,,
윤대경,2021,2021-09-23,KT,128.7,,135.5,,108.0,,123.5,,,,
윤대경,2021,2021-09-24,KT,128.2,,136.2,,108.5,,122.7,,,,
윤대경,2021,2021-10-01,삼성,126.9,,137.4,,109.8,,126.0,,,,
윤대경,2021,2021-10-03,KIA,133.9,,139.3,,,,125.8,,,,
윤대경,2021,2021-10-05,두산,131.3,,139.2,,115.0,,124.7,,,,
윤대경,2021,2021-10-07,SSG,128.0,,139.4,,108.4,,124.6,,,,
윤대경,2021,2021-10-10,KIA,131.9,,139.4,,111.6,,125.4,,,,
윤대경,2021,2021-10-23,롯데,134.6,,141.2,,112.0,,125.6,,,,
윤대경,2021,2021-10-25,키움,133.0,,138.0,,110.8,125.5,126.3,,,,
윤대경,2021,2021-10-30,두산,135.0,,141.5,,,,128.5,,,,
윤대경,2020,2020-06-03,키움,137.2,,146.0,,115.2,,,,,,
윤대경,2020,2020-06-05,NC,138.6,,145.4,,117.2,,131.2,,,,
윤대경,2020,2020-06-06,NC,130.7,,143.2,,111.0,,130.0,,129.0,,
윤대경,2020,2020-06-11,롯데,132.3,,143.4,,112.7,,125.0,,126.8,,
윤대경,2020,2020-06-16,LG,132.2,,143.8,,113.5,,128.4,,128.3,,
윤대경,2020,2020-06-18,LG,135.4,,144.5,,114.0,,129.0,,131.9,,
윤대경,2020,2020-06-23,삼성,135.6,,143.9,,114.3,,133.0,,,,
윤대경,2020,2020-06-24,삼성,134.5,,143.2,,,,133.0,,129.0,,
윤대경,2020,2020-06-27,KT,136.4,,140.2,,,,,,126.8,,
윤대경,2020,2020-07-02,KIA,138.0,,142.9,,114.0,,,,125.5,,
윤대경,2020,2020-07-05,두산,133.7,,143.5,,114.0,,,,,,
윤대경,2020,2020-07-07,롯데,131.9,,142.7,,112.5,,,,130.2,,
윤대경,2020,2020-07-11,SK,126.8,,141.2,,110.7,,,,125.8,,
윤대경,2020,2020-07-15,KT,132.4,,139.8,,110.0,,,,,,
윤대경,2020,2020-07-17,LG,133.1,,143.6,,113.0,,129.4,,,,
윤대경,2020,2020-07-21,KIA,133.0,,141.8,,111.0,,127.1,,,,
윤대경,2020,2020-07-24,SK,133.1,,139.3,,112.0,,126.0,,,,
윤대경,2020,2020-07-27,SK,131.7,,138.9,,113.0,,126.9,,,,
윤대경,2020,2020-07-30,삼성,134.3,,142.2,,114.5,,129.0,,129.8,,
윤대경,2020,2020-08-01,LG,133.3,,141.2,,111.0,126.8,128.5,,,,
윤대경,2020,2020-08-06,NC,138.7,,145.0,,126.0,,,,,,
윤대경,2020,2020-08-09,KT,130.9,,143.1,,115.5,,131.0,,129.3,,
윤대경,2020,2020-08-11,키움,131.4,,143.1,,115.2,125.5,127.3,,,,
윤대경,2020,2020-08-13,키움,133.5,,140.7,,,121.0,124.8,,,,
윤대경,2020,2020-08-18,SK,132.8,,139.7,,121.0,128.0,126.0,,,,
윤대경,2020,2020-08-23,LG,137.2,,144.0,,,131.0,129.0,,,,
윤대경,2020,2020-08-24,LG,134.3,,142.2,,114.0,,128.0,,,,
윤대경,2020,2020-08-26,NC,134.1,,141.6,,112.0,131.0,126.2,,,,
윤대경,2020,2020-08-30,롯데,132.7,,141.7,,,128.2,125.0,,,,
윤대경,2020,2020-09-01,두산,134.6,,142.0,,,127.0,124.8,,,,
윤대경,2020,2020-09-03,키움,130.7,,141.5,,,128.0,124.7,,127.0,,
윤대경,2020,2020-09-04,키움,135.5,,142.5,,,129.5,126.6,,,,
윤대경,2020,2020-09-08,삼성,129.9,,139.4,,112.0,127.0,122.1,,,,
윤대경,2020,2020-09-10,SK,132.3,,141.9,,111.0,133.0,123.0,,126.0,,
윤대경,2020,2020-09-12,KT,130.3,,139.2,,,,121.3,,,,
윤대경,2020,2020-09-13,KT,132.3,,140.0,,108.0,,120.0,,,,
윤대경,2020,2020-09-15,LG,134.6,,143.9,,114.0,131.0,128.0,,131.0,,
윤대경,2020,2020-09-17,키움,133.0,,140.8,,111.0,126.0,122.9,,,,
윤대경,2020,2020-09-18,키움,134.3,,141.0,,,,125.3,,,,
윤대경,2020,2020-09-20,KIA,134.4,,140.7,,111.0,,123.3,,,,
윤대경,2020,2020-09-22,두산,137.6,,142.4,,124.0,130.0,128.0,,,,
윤대경,2020,2020-09-23,두산,134.6,,141.6,,114.0,128.0,126.0,,128.0,,
윤대경,2020,2020-09-25,롯데,132.3,,139.2,,114.0,125.0,121.0,,,,
윤대경,2020,2020-09-29,두산,133.4,,143.5,,109.7,,127.9,,,,
윤대경,2020,2020-10-01,두산,126.8,,138.6,,111.0,,121.1,,,,
윤대경,2020,2020-10-06,KIA,133.0,,141.4,,116.5,124.0,121.7,,,,
윤대경,2020,2020-10-09,키움,134.1,,140.2,,,,123.0,,,,
윤대경,2020,2020-10-11,키움,133.1,,139.4,,112.0,,121.5,,,,
윤대경,2020,2020-10-14,두산,133.8,,144.4,,111.0,,,,124.3,,
윤대경,2020,2020-10-16,삼성,132.8,,140.2,,,,118.0,,,,
윤대경,2020,2020-10-17,삼성,134.1,,140.4,,115.0,,125.7,,,,
윤대경,2020,2020-10-23,NC,130.4,,139.4,,110.0,,122.3,,,,
윤대경,2020,2020-10-27,두산,139.6,,145.1,,,,124.5,,,,
윤대경,2020,2020-10-28,LG,134.7,,143.4,,114.3,,125.6,,126.7,,
윤대경,2020,2020-10-30,KT,135.9,,142.9,,114.0,,122.7,,,,
이민우,2024,2024-03-23,LG,136.2,,142.8,,121.3,136.8,,,135.0,,
이민우,2024,2024-03-27,SSG,133.8,,145.5,,124.5,138.3,,,,,
이민우,2024,2024-03-28,SSG,137.3,,144.3,,123.8,138.4,,,,,
이민우,2024,2024-03-30,KT,133.7,,141.3,,119.2,135.9,,,134.0,,
이민우,2024,2024-04-02,롯데,136.3,,142.3,,122.0,135.0,,,,,
이민우,2024,2024-04-04,롯데,129.4,,,,118.5,136.7,,,,,
이민우,2024,2024-04-06,키움,135.2,,143.4,,120.3,139.0,,,,,
이민우,2024,2024-04-09,두산,135.6,,143.8,,121.0,136.6,,,,,
이민우,2024,2024-04-12,KIA,133.7,,,,121.0,137.2,,,136.3,,
이민우,2024,2024-04-13,KIA,137.3,,143.0,,121.0,137.0,,,,,
이민우,2024,2024-04-16,NC,138.6,,145.0,,,139.0,,,137.2,,
이민우,2024,2024-04-19,삼성,133.0,,143.2,,121.5,136.0,,,136.0,,
이민우,2024,2024-04-21,삼성,136.0,,144.1,,122.0,137.7,,,135.5,,
이민우,2024,2024-04-26,두산,136.7,,142.6,,119.5,135.1,,,,,
이민우,2024,2024-04-27,두산,131.7,,140.8,,120.3,134.9,,,,,
이민우,2024,2024-04-30,SSG,133.6,,141.0,,120.0,135.5,,,,,
이민우,2024,2024-05-02,SSG,134.2,,144.0,,120.0,136.2,,,,,
이민우,2024,2024-05-03,KIA,136.7,,144.7,,122.3,139.7,,,135.5,,
이민우,2024,2024-05-10,키움,133.1,,143.0,,121.2,137.2,,,134.0,,
이민우,2024,2024-05-12,키움,137.3,,142.3,,121.0,133.5,,,136.3,,
이민우,2024,2024-05-14,NC,136.3,,140.2,,,133.7,,,,,
이민우,2024,2024-05-16,NC,133.9,,142.5,,118.5,136.2,,,,,
이민우,2024,2024-05-18,삼성,133.9,,141.7,,119.4,134.9,,,136.0,,
이민우,2024,2024-05-22,LG,136.3,,142.0,,120.0,136.6,,,,,
이민우,2024,2024-05-24,SSG,131.6,,142.0,,119.5,136.2,,,,,
이민우,2024,2024-05-25,SSG,135.3,,144.3,,122.7,138.0,,,135.0,,
이민우,2024,2024-05-29,롯데,133.3,,142.3,,120.2,135.4,,,,,
이민우,2024,2024-06-01,삼성,130.8,,142.2,,119.0,135.2,,,,,
이민우,2024,2024-06-02,삼성,135.9,,142.0,,120.0,134.6,,,135.5,,
이민우,2024,2024-06-06,KT,133.4,,141.7,,115.0,132.2,,,,,
이민우,2024,2024-06-19,키움,135.5,,140.3,,117.5,134.0,,,134.0,,
이민우,2024,2024-06-23,KIA,136.0,,141.2,,120.0,134.0,,,,,
이민우,2024,2024-06-25,두산,135.9,,138.0,,,132.8,,,,,
이민우,2024,2024-06-27,두산,130.9,,138.7,,118.0,132.0,,,,,
이민우,2024,2024-06-28,롯데,135.8,,142.7,,117.3,135.2,,,136.0,,
이민우,2024,2024-07-02,KT,128.9,,139.7,,114.8,132.0,,,132.0,,
이민우,2024,2024-07-03,KT,131.8,,141.5,,116.0,133.2,,,,,
이민우,2024,2024-07-10,키움,132.0,,139.0,,112.0,133.5,,,,,
이민우,2024,2024-07-12,LG,132.9,,141.4,,117.5,133.2,,,,,
이민우,2024,2024-07-14,LG,132.3,,141.2,,118.3,133.8,,,,,
이민우,2024,2024-07-18,NC,135.7,,142.0,,118.0,134.2,,,,,
이민우,2024,2024-07-21,KIA,133.3,,139.3,,119.0,133.0,,,131.0,,
이민우,2024,2024-07-23,삼성,136.2,,141.0,,116.5,135.7,,,,,
이민우,2024,2024-07-28,LG,130.6,,140.2,,117.0,133.0,,,,,
이민우,2024,2024-07-31,KT,133.4,,139.7,,115.5,131.4,,,126.0,,
이민우,2024,2024-08-01,KT,131.4,,141.3,,115.5,132.0,,,,,
이민우,2024,2024-08-03,KIA,135.5,,141.2,,121.5,133.6,,,,,
이민우,2024,2024-08-06,삼성,133.0,,,,,133.0,,,,,
이민우,2024,2024-08-07,삼성,128.9,,139.0,,116.0,132.8,,,,,
이민우,2024,2024-08-09,키움,131.7,,138.0,,,128.5,,,,,
이민우,2024,2024-08-24,두산,136.8,,139.7,,,128.0,,,,,
이민우,2024,2024-08-29,롯데,131.1,,140.1,,114.9,131.4,,,,,
이민우,2024,2024-08-31,KT,135.4,,139.8,,,131.0,,,,,
이민우,2024,2024-09-05,KIA,136.4,,144.1,,120.4,136.5,,,,,
이민우,2024,2024-09-07,LG,131.1,,141.0,,116.2,131.8,,,,,
이민우,2024,2024-09-10,SSG,132.4,,140.6,,118.6,133.1,,,133.0,,
이민우,2024,2024-09-12,삼성,134.2,,141.0,,120.0,132.5,,,,,
이민우,2024,2024-09-14,롯데,136.5,,141.4,,119.0,135.4,,,,,
이민우,2024,2024-09-15,롯데,136.7,,139.7,,,133.0,,,132.0,,
이민우,2024,2024-09-18,NC,133.6,,142.5,,118.0,135.3,,,137.0,,
이민우,2024,2024-09-22,롯데,125.8,,138.5,,112.3,128.7,,,132.0,,
이민우,2024,2024-09-23,롯데,133.6,,139.2,,117.0,132.4,,,,,
이민우,2024,2024-09-25,LG,133.2,,140.9,,116.5,133.1,,,,,
이민우,2024,2024-09-28,SSG,136.1,,140.6,,118.0,133.0,,,134.2,,
이민우,2023,2023-09-08,키움,137.4,,143.5,,125.0,138.0,,,137.0,,
이민우,2023,2023-09-09,키움,136.5,,143.3,,122.0,137.5,,,,,
이민우,2023,2023-09-10,키움,140.3,,143.1,,123.0,139.5,,,,,
이민우,2023,2023-09-12,두산,133.5,,143.1,,122.5,136.2,,,,,
이민우,2023,2023-09-17,KT,138.4,,144.3,,125.7,140.9,,,,,
이민우,2023,2023-09-18,KT,142.5,143.3,147.0,,,139.4,,,,,
이민우,2023,2023-09-19,SSG,133.7,,141.5,,122.0,136.3,,,,,
이민우,2023,2023-09-23,LG,138.2,,144.2,,123.0,139.2,,,,,
이민우,2023,2023-09-24,LG,137.0,,145.0,,123.0,139.0,,,,,
이민우,2023,2023-09-27,삼성,135.4,,141.0,137.5,120.0,,,,,,
이민우,2023,2023-09-28,롯데,135.8,,143.5,,122.8,138.9,,,,,
이민우,2023,2023-10-01,NC,139.3,,143.2,,122.0,137.8,,,,,
이민우,2023,2023-10-04,삼성,134.6,,142.6,,120.0,135.2,,,,,
이민우,2023,2023-10-09,NC,137.7,,145.4,,123.2,138.5,,,137.0,,
이민우,2023,2023-10-10,NC,137.9,,143.9,,120.5,136.8,,,133.2,,
이민우,2023,2023-10-14,롯데,139.3,,141.8,,,135.5,,,,,
이민우,2023,2023-10-16,롯데,136.7,,142.8,,121.3,136.5,,,,,
이민우,2022,2022-04-09,SSG,136.8,140.0,141.4,,120.7,137.4,,,136.8,,
이민우,2022,2022-04-27,키움,135.0,141.0,143.6,,123.5,136.0,,,,,
이민우,2022,2022-04-29,NC,131.7,,141.7,,120.7,,,,135.0,,
이민우,2022,2022-05-01,NC,134.6,,142.5,,119.0,136.5,,,133.3,,
이민우,2022,2022-05-05,SSG,135.1,142.0,143.8,,119.0,135.3,,,135.0,,
이민우,2022,2022-05-10,LG,135.4,,143.7,,123.0,134.0,,,137.0,,
이민우,2022,2022-05-12,LG,135.9,141.3,143.7,,120.0,136.5,,,,,
이민우,2022,2022-05-17,삼성,138.7,143.2,145.4,,123.8,139.0,,,139.0,,
이민우,2022,2022-05-22,키움,138.1,140.9,144.9,,119.3,138.2,,,136.6,,
이민우,2022,2022-05-28,KT,134.8,138.2,139.9,,119.2,134.3,,,132.7,,
이민우,2022,2022-06-03,키움,136.0,141.3,142.5,,120.4,136.8,,,133.3,,
이민우,2022,2022-06-09,두산,137.4,,143.7,,123.2,137.3,,,,,
이민우,2022,2022-06-19,NC,136.3,144.4,144.0,,124.1,141.0,,,139.0,,
이민우,2022,2022-06-25,삼성,138.7,,144.1,,123.7,135.0,,,,,
이민우,2022,2022-06-29,SSG,137.4,142.5,144.1,,123.8,138.6,,,136.0,,
이민우,2022,2022-07-01,키움,141.4,142.6,,,,,,,133.0,,
이민우,2022,2022-07-07,NC,139.9,,145.3,,125.5,140.9,,,,,
이민우,2022,2022-07-09,KIA,144.1,146.0,146.9,,128.0,140.5,,,,,
이민우,2022,2022-07-27,삼성,143.4,,144.1,,,142.0,136.0,,,,
이민우,2022,2022-07-29,두산,145.3,,146.6,,,141.0,,,,,
이민우,2022,2022-07-30,두산,140.9,146.0,145.1,,126.0,140.5,,,137.0,,
이민우,2022,2022-08-05,KT,137.2,,142.8,,125.0,140.0,,,,,
이민우,2022,2022-08-07,KT,137.7,,142.0,,123.0,132.4,,,,,
이민우,2022,2022-09-09,두산,141.8,143.5,145.6,,125.0,139.0,,,136.0,,
이민우,2022,2022-09-11,SSG,138.8,,145.1,,122.8,139.3,,,,,
이민우,2021,2021-04-07,키움,137.4,137.0,142.7,,122.2,136.1,134.5,,,,
이민우,2021,2021-04-13,롯데,133.4,,139.1,,117.3,132.8,128.5,,131.8,,
이민우,2021,2021-04-24,삼성,137.8,139.3,141.4,,118.4,135.0,138.3,,132.0,,
이민우,2021,2021-05-30,KT,137.9,141.0,143.0,,120.7,138.7,134.0,,132.0,,
이민우,2021,2021-06-06,LG,137.4,,142.7,,120.5,138.0,,,133.7,,
이민우,2021,2021-06-13,롯데,138.2,,141.8,,121.0,137.4,136.8,,133.0,,
이민우,2021,2021-06-19,LG,139.9,,143.5,,121.2,138.4,136.6,,140.0,,
이민우,2021,2021-06-25,키움,134.3,,139.5,,114.8,134.9,131.9,,,,
이민우,2021,2021-09-12,NC,137.1,,140.0,,,134.5,131.0,,,,
이민우,2021,2021-09-15,롯데,135.6,,141.5,,122.5,137.2,,,,,
이민우,2021,2021-09-21,KT,132.7,,140.4,,121.6,135.9,,,135.0,,
이민우,2021,2021-09-29,NC,138.7,,142.7,138.9,120.4,128.0,136.7,,,,
이민우,2021,2021-10-05,롯데,139.8,,143.3,,121.7,138.3,,,,,
이민우,2021,2021-10-10,한화,135.7,145.1,141.4,,122.2,133.4,,,,,
이민우,2021,2021-10-17,두산,136.6,,141.3,,119.6,136.3,,,,,
이민우,2021,2021-10-23,NC,136.4,141.7,144.3,,122.4,135.6,136.0,,,,
이민우,2020,2020-05-07,키움,140.5,,144.8,,120.0,137.9,135.7,,137.8,,
이민우,2020,2020-05-13,한화,137.8,,142.4,,115.3,135.0,136.0,,,,
이민우,2020,2020-05-19,롯데,135.4,,140.9,,111.8,133.1,131.3,,133.7,,
이민우,2020,2020-05-24,SK,138.0,,142.4,,110.0,136.1,135.3,,135.0,,
이민우,2020,2020-05-30,LG,136.2,,140.8,,111.3,134.5,132.3,,137.4,,
이민우,2020,2020-06-05,두산,135.9,,144.5,,115.8,138.0,135.1,,137.0,,
이민우,2020,2020-06-11,KT,135.2,,140.5,,116.0,134.6,131.8,,,,
이민우,2020,2020-06-17,NC,137.7,,143.1,138.0,,135.9,133.6,,134.9,,
이민우,2020,2020-07-02,한화,137.4,,141.5,,112.5,136.7,132.0,,136.3,,
이민우,2020,2020-07-08,KT,137.3,,141.1,,115.0,137.0,131.8,,137.0,,
이민우,2020,2020-07-14,삼성,136.5,,141.1,,119.0,136.1,132.7,,131.9,,
이민우,2020,2020-07-19,두산,137.6,,142.4,,117.0,135.7,135.5,,132.5,,
이민우,2020,2020-08-04,LG,137.3,,141.5,,117.2,137.3,133.5,,139.0,,
이민우,2020,2020-08-13,LG,134.9,,142.0,,119.6,136.2,134.4,,134.7,,
이민우,2020,2020-08-19,LG,136.1,,143.4,,123.0,138.0,135.7,,,,
이민우,2020,2020-08-25,두산,139.3,,142.2,,121.0,137.1,136.0,,,,
이민우,2020,2020-08-30,KT,134.7,,140.5,,120.3,134.9,133.3,,,,
이민우,2020,2020-09-05,한화,138.7,,141.4,,120.8,137.4,135.2,,,,
이민우,2020,2020-09-15,SK,135.1,135.0,138.6,,118.3,134.1,129.2,,,,
이민우,2020,2020-09-26,롯데,137.6,,141.2,,116.5,136.5,134.7,,,,
이민우,2020,2020-10-03,두산,135.9,,141.2,,119.5,135.5,134.0,,,,
이민우,2020,2020-10-08,한화,136.8,,141.8,,120.0,135.3,131.6,,,,
이상규,2024,2024-06-21,KIA,138.0,,145.7,,,137.8,125.7,,,,
이상규,2024,2024-06-26,두산,134.7,,142.4,,112.3,135.2,122.0,,,,
이상규,2024,2024-08-03,KIA,134.7,,144.8,,114.0,135.5,122.5,,,,
이상규,2024,2024-08-07,삼성,136.9,,144.4,,120.3,135.2,128.0,,,,
이상규,2024,2024-08-10,키움,138.5,,144.8,,,132.5,125.5,,,,
이상규,2024,2024-08-11,키움,133.9,,142.9,,123.0,138.0,121.4,,,,
이상규,2024,2024-08-13,LG,132.7,142.5,143.0,,118.0,128.0,125.7,,,,
이상규,2024,2024-08-15,LG,141.1,144.9,143.5,,120.0,138.7,126.5,,,,
이상규,2024,2024-08-18,SSG,139.7,147.2,148.4,,,138.1,128.2,,,,
이상규,2024,2024-08-21,NC,138.3,144.5,145.3,,120.5,136.3,128.5,,,,
이상규,2024,2024-08-24,두산,142.4,144.8,147.1,,,137.8,133.0,,,,
이상규,2024,2024-08-28,롯데,134.2,143.5,145.6,,115.2,137.2,122.0,,,,
이상규,2024,2024-08-29,롯데,138.2,141.6,142.6,,115.0,136.7,127.5,,,,
이상규,2024,2024-09-05,KIA,143.2,147.0,148.3,,,137.5,,,,,
이상규,2024,2024-09-07,LG,136.1,142.4,144.7,137.3,116.0,135.0,125.3,,,,
이상규,2024,2024-09-11,삼성,135.6,141.1,143.8,139.0,110.5,134.1,123.5,,,,
이상규,2024,2024-09-14,롯데,138.5,142.7,145.1,135.2,116.5,124.0,126.0,,,,
이상규,2024,2024-09-18,NC,136.7,143.0,147.2,138.8,117.4,133.8,129.0,,,,
이상규,2024,2024-09-24,키움,135.4,141.9,143.6,135.6,113.7,,126.9,,,,
이상규,2024,2024-09-28,SSG,134.6,,142.5,,110.7,132.4,125.8,,,,
이상규,2024,2024-09-29,NC,135.5,,144.0,136.6,113.5,,123.5,,,,
이상규,2023,2023-05-20,한화,138.3,143.1,146.0,,124.3,,,,,,
이상규,2023,2023-05-23,SSG,138.1,143.5,,,125.0,133.8,,,130.0,,
이상규,2023,2023-05-27,KIA,134.1,144.9,,,112.2,131.7,,,,,
이상규,2023,2023-05-31,롯데,133.7,142.2,,,114.0,127.0,,,,,
이상규,2023,2023-06-03,NC,133.8,141.8,,,116.0,130.0,,,129.0,,
이상규,2023,2023-06-20,NC,133.0,142.9,,,116.0,136.8,,,131.0,,
이상규,2023,2023-06-24,롯데,137.4,140.3,,,,134.0,,,,,
이상규,2023,2023-10-09,롯데,137.4,141.0,,,120.0,135.5,,,,,
이상규,2021,2021-05-09,한화,140.6,,144.8,,,136.0,,,,,
이상규,2021,2021-07-01,KT,149.5,149.5,,,,,,,,,
이상규,2021,2021-07-02,한화,144.4,146.4,148.0,,,137.5,,,,,
이상규,2021,2021-08-11,SSG,142.6,143.0,147.3,,,135.0,,,,,
이상규,2021,2021-10-07,KIA,140.4,143.1,145.7,,114.0,138.0,,,,,
이상규,2021,2021-10-11,KT,140.8,142.8,146.4,,116.0,138.0,,,,,
이상규,2021,2021-10-14,롯데,138.0,139.7,144.2,,116.0,136.4,,,,,
이상규,2020,2020-05-06,두산,139.0,,145.8,,,130.3,,,,,
이상규,2020,2020-05-08,NC,132.6,,145.0,,111.0,134.0,125.0,,,,
이상규,2020,2020-05-10,NC,140.2,,146.2,,111.0,134.0,,,,,
이상규,2020,2020-05-12,SK,140.3,,144.4,,,131.1,,,,,
이상규,2020,2020-05-14,SK,138.2,,146.0,,,132.8,,,,,
이상규,2020,2020-05-16,키움,141.6,,146.5,,,132.4,,,128.0,,
이상규,2020,2020-05-19,삼성,138.5,,144.9,,,132.0,,,,,
이상규,2020,2020-05-21,삼성,139.9,,146.2,,,133.0,,,129.7,,
이상규,2020,2020-05-24,KT,140.7,,148.0,,,135.8,,,,,
이상규,2020,2020-05-26,한화,137.6,,144.4,,,130.0,,,129.0,,
이상규,2020,2020-05-28,한화,138.1,,145.4,,,132.8,,,133.0,,
이상규,2020,2020-05-29,KIA,136.3,,143.3,,,131.0,,,,,
이상규,2020,2020-06-04,삼성,142.1,,147.6,,,132.8,,,132.0,,
이상규,2020,2020-06-06,키움,137.0,,143.7,,,130.2,122.0,,126.3,,
이상규,2020,2020-06-09,SK,138.1,,143.8,,,131.6,,,,,
이상규,2020,2020-06-11,SK,139.3,,146.0,,,130.7,,,128.5,,
이상규,2020,2020-06-25,키움,136.0,,142.9,,,133.0,,,130.0,,
이상규,2020,2020-07-01,KT,141.9,,146.1,,115.0,135.2,,,,,
이상규,2020,2020-07-04,삼성,134.5,,145.2,,,129.1,,,,,
이상규,2020,2020-07-07,두산,138.8,,145.5,,112.0,133.5,,,128.7,,
이상규,2020,2020-07-10,NC,136.0,,141.0,,114.0,129.8,,,129.5,,
이상규,2020,2020-09-25,NC,139.7,,146.5,,116.0,135.0,,,131.3,,
이상규,2020,2020-09-29,롯데,140.9,,146.1,,115.0,133.4,,,131.0,,
이상규,2020,2020-10-01,롯데,144.9,,146.9,,,135.0,,,,,
이상규,2020,2020-10-03,KT,136.9,,143.0,,,126.7,,,,,
이상규,2020,2020-10-04,KT,140.1,,140.8,,,135.0,,,,,
이상규,2020,2020-10-06,삼성,140.5,,144.2,,,132.5,,,132.0,,
이상규,2020,2020-10-13,롯데,135.8,,140.9,,108.0,127.7,,,129.2,,
이충호,2024,2024-05-02,SSG,135.5,141.3,140.0,,,122.3,,,,,
이충호,2024,2024-05-04,KIA,135.0,141.0,,,,124.0,124.3,,,,
이충호,2024,2024-05-09,롯데,136.9,137.7,,,,121.0,,,,,
이충호,2023,2023-07-09,SSG,143.1,,144.7,,,127.0,,,,,
이충호,2023,2023-08-04,KIA,131.5,140.0,141.8,,,125.4,,,,,
이충호,2023,2023-08-08,KT,135.9,139.0,143.2,,,126.0,,,,,
이충호,2023,2023-08-09,KT,135.8,141.0,,,,120.0,,,,,
이충호,2023,2023-08-11,두산,134.7,142.7,146.4,,,127.8,,,,,
이충호,2023,2023-08-17,NC,131.7,142.4,,,,125.0,,,,,
이충호,2023,2023-08-18,KT,135.2,142.6,,,,124.7,,,,,
이충호,2023,2023-08-25,KIA,137.0,,142.2,,,126.5,,,,,
이충호,2023,2023-08-31,롯데,126.7,,142.0,,,124.2,,,,,
이충호,2023,2023-09-01,LG,136.0,141.8,,,,124.6,,,,,
이충호,2023,2023-09-05,SSG,139.3,146.0,146.0,,,130.1,,,,,
이충호,2022,2022-05-28,KT,136.6,,137.6,,,124.7,,,,,
이충호,2022,2022-05-31,NC,130.8,,138.7,,,124.1,,,,,
이충호,2022,2022-06-02,NC,127.1,,139.0,,,125.9,,,,,
이충호,2022,2022-06-03,키움,134.8,139.7,139.2,,,125.7,,,,,
이충호,2022,2022-09-22,SSG,135.3,,141.5,,,123.0,,,,,
이충호,2021,2021-05-29,SSG,135.3,,139.6,,122.5,124.5,122.5,,,,
이충호,2021,2021-05-30,SSG,132.3,,140.0,,,124.7,,,,,
이충호,2021,2021-06-01,KIA,138.0,,139.8,,,126.5,,,,,
이충호,2021,2021-06-06,NC,135.1,,140.8,,,128.2,125.0,,,,
이충호,2021,2021-06-09,키움,134.6,,139.9,,,125.0,,,,,
이충호,2021,2021-06-12,KT,135.5,,140.6,,,127.0,126.5,,,,
이충호,2021,2021-06-16,롯데,132.4,,138.8,,,124.2,123.8,,,,
이충호,2021,2021-06-18,SSG,132.3,,139.7,,,124.8,127.7,,,,
이충호,2021,2021-06-20,SSG,130.9,,138.0,,,123.8,,,,,
이충호,2021,2021-06-23,삼성,124.2,,134.4,,,120.1,119.0,,,,
이충호,2021,2021-08-24,두산,130.0,,136.2,,,121.8,122.0,,,,
이충호,2021,2021-09-07,NC,132.0,,137.9,,,124.9,123.2,,,,
이충호,2021,2021-09-12,삼성,134.0,,137.0,,,125.0,,,,,
이충호,2021,2021-10-16,KT,130.0,,134.9,,,122.4,119.0,,,,
이충호,2021,2021-10-21,KIA,135.2,,136.2,,,124.0,,,,,
이충호,2021,2021-10-25,키움,135.1,,138.3,,,124.0,122.0,,,,
이충호,2021,2021-10-27,LG,133.2,,137.4,,,126.3,124.0,,,,
이태양,2024,2024-03-23,LG,126.9,,137.0,,114.5,130.7,,,124.9,,
이태양,2024,2024-03-26,SSG,134.2,,138.3,,,132.2,,,125.5,,
이태양,2024,2024-03-28,SSG,130.8,,139.7,,114.5,136.0,,,125.9,,
이태양,2024,2024-03-31,KT,127.0,,135.7,,116.0,128.5,,,122.1,,
이태양,2024,2024-04-05,키움,129.0,,137.1,,103.0,131.1,,,124.8,,
이태양,2024,2024-04-07,키움,135.0,,137.2,,,,,,130.5,,
이태양,2024,2024-04-10,두산,129.1,,138.0,,112.5,132.0,,,124.7,,
이태양,2024,2024-04-28,두산,128.1,,139.0,,116.0,129.3,,,122.5,,
이태양,2024,2024-05-02,SSG,136.6,,138.0,,,131.0,,,,,
이태양,2024,2024-05-04,KIA,130.1,,139.6,,115.0,132.0,,,123.9,,
이태양,2023,2023-04-01,키움,134.2,,140.6,,119.0,131.7,,,126.6,,
이태양,2023,2023-04-06,삼성,128.4,,140.0,,114.7,,,,126.2,,
이태양,2023,2023-04-08,SSG,132.8,,140.6,,119.0,,,,127.1,,
이태양,2023,2023-04-13,KIA,133.3,,141.6,,,132.0,,,128.0,,
이태양,2023,2023-04-15,KT,125.8,,137.7,,114.3,126.5,,,125.4,,
이태양,2023,2023-04-16,KT,127.9,,135.3,,112.2,127.6,,,124.5,,
이태양,2023,2023-04-20,두산,135.4,,140.8,,,,,,128.9,,
이태양,2023,2023-04-23,LG,131.1,,140.3,,115.7,131.2,,,128.2,,
이태양,2023,2023-04-28,NC,130.5,,139.9,,116.6,131.0,,,127.4,,
이태양,2023,2023-05-04,두산,135.9,,142.3,,119.0,130.0,,,132.7,,
이태양,2023,2023-05-12,SSG,136.4,,143.4,,119.0,134.5,,,130.8,,
이태양,2023,2023-05-14,SSG,135.4,,138.9,,119.0,132.0,,,127.8,,
이태양,2023,2023-05-16,롯데,132.9,,140.3,,117.0,130.0,,,128.1,,
이태양,2023,2023-05-20,LG,132.0,,139.5,,117.4,130.0,,,128.9,,
이태양,2023,2023-05-24,KIA,133.8,,143.2,,,134.0,,,129.0,,
이태양,2023,2023-05-26,NC,132.6,,139.4,,117.2,131.0,,,127.6,,
이태양,2023,2023-05-30,키움,129.0,,140.6,,116.5,132.2,,,126.6,,
이태양,2023,2023-06-02,삼성,130.5,,138.2,,115.7,130.4,,,124.8,,
이태양,2023,2023-06-06,두산,126.2,,136.0,,,127.0,,,123.5,,
이태양,2023,2023-06-09,LG,133.1,,141.0,,118.0,,,,131.0,,
이태양,2023,2023-06-11,LG,132.3,,140.8,,119.5,132.0,,,130.6,,
이태양,2023,2023-06-13,롯데,131.0,,137.7,,,129.0,,,125.6,,
이태양,2023,2023-06-16,키움,133.0,,140.7,,117.8,133.5,,,127.1,,
이태양,2023,2023-06-18,키움,134.0,,141.9,,116.0,133.0,,,127.2,,
이태양,2023,2023-06-22,KIA,131.6,,138.8,,115.0,131.8,,,126.0,,
이태양,2023,2023-06-24,NC,132.4,,140.6,,,133.0,,,126.9,,
이태양,2023,2023-06-28,KT,134.4,,140.4,,118.5,135.0,,,126.0,,
이태양,2023,2023-06-30,삼성,132.5,,138.9,,,130.0,,,125.8,,
이태양,2023,2023-07-02,삼성,132.0,,139.3,,116.0,,,,125.0,,
이태양,2023,2023-07-05,롯데,132.8,,140.7,,118.0,133.0,,,127.3,,
이태양,2023,2023-07-06,롯데,133.1,,141.0,,,131.7,,,129.3,,
이태양,2023,2023-07-21,NC,133.3,,139.4,,,130.5,,,127.0,,
이태양,2023,2023-07-25,키움,132.3,,139.9,,120.0,,,,127.1,,
이태양,2023,2023-07-27,키움,134.4,,140.8,,,,,,128.0,,
이태양,2023,2023-07-29,SSG,134.7,,139.7,,,133.2,,,127.5,,
이태양,2023,2023-08-01,두산,133.7,,142.3,,126.3,134.7,,,128.9,,
이태양,2023,2023-08-04,KIA,132.9,,140.3,,119.0,130.0,,,128.0,,
이태양,2023,2023-08-06,KIA,133.7,,141.6,,122.0,133.5,,,128.7,,
이태양,2023,2023-08-09,KT,128.6,,138.0,,,129.0,,,122.1,,
이태양,2023,2023-08-11,두산,132.3,,142.7,,121.5,134.2,,,126.7,,
이태양,2023,2023-08-16,NC,131.7,,141.4,,115.4,132.4,,,126.1,,
이태양,2023,2023-08-22,삼성,131.7,,139.6,,112.6,131.2,,,125.1,,
이태양,2023,2023-08-31,롯데,132.1,,138.7,,114.2,130.2,,,125.2,,
이태양,2023,2023-09-06,SSG,135.5,,142.2,,118.6,135.1,,,127.8,,
이태양,2023,2023-09-12,두산,130.8,,139.5,,116.3,132.9,,,125.1,,
이태양,2023,2023-09-18,KT,135.2,,141.1,,112.0,132.2,,,127.1,,
이태양,2023,2023-09-24,LG,132.8,,140.5,,115.0,134.0,,,125.5,,
이태양,2023,2023-10-01,NC,130.1,,138.0,,113.6,130.9,,,124.3,,
이태양,2023,2023-10-06,SSG,131.8,,140.7,,117.6,134.0,,,126.3,,
이태양,2023,2023-10-15,롯데,129.8,,138.0,,116.4,130.2,,,123.8,,
이태양,2022,2022-04-07,KT,129.5,,137.3,,110.5,126.2,,,124.9,,
이태양,2022,2022-04-13,LG,134.4,,142.6,,115.3,,,,130.2,,
이태양,2022,2022-04-16,삼성,131.9,,139.4,,113.0,130.0,,,129.0,,
이태양,2022,2022-04-19,키움,130.3,,140.5,,115.7,131.0,,,127.9,,
이태양,2022,2022-04-24,한화,136.5,,143.0,,118.0,131.5,,,130.5,,
이태양,2022,2022-04-27,롯데,140.4,,145.0,,,132.7,,,,,
이태양,2022,2022-04-28,롯데,132.5,,141.4,,117.4,131.2,,,130.7,,
이태양,2022,2022-05-04,한화,134.6,,143.1,,117.3,133.5,,,130.6,,
이태양,2022,2022-05-10,삼성,134.7,,142.9,,116.0,132.4,,,131.2,,
이태양,2022,2022-05-15,NC,133.1,,140.8,,117.0,131.6,,,129.5,,
이태양,2022,2022-05-21,LG,132.1,,141.3,,115.6,133.8,,,129.5,,
이태양,2022,2022-05-27,KIA,134.3,,142.4,,115.3,132.8,,,129.1,,
이태양,2022,2022-06-02,KT,132.0,,139.8,,114.2,129.9,119.0,,127.3,,
이태양,2022,2022-06-08,NC,131.6,,140.9,,114.6,129.8,,,128.6,,
이태양,2022,2022-06-14,KT,132.8,,141.1,,115.2,131.2,,,128.8,,
이태양,2022,2022-06-19,롯데,131.2,,139.0,,115.6,129.6,,,127.9,,
이태양,2022,2022-06-26,NC,133.3,,140.3,,116.4,130.4,123.0,,128.4,,
이태양,2022,2022-07-03,KIA,131.3,,139.4,,112.7,128.6,,,127.4,,
이태양,2022,2022-07-09,삼성,126.8,,137.0,,112.0,127.4,,,125.0,,
이태양,2022,2022-07-29,KIA,132.0,,140.0,,115.0,129.7,,,127.1,,
이태양,2022,2022-08-04,키움,134.5,,140.2,,,133.0,,,129.1,,
이태양,2022,2022-08-24,삼성,128.8,,139.2,,116.0,131.5,,,128.1,,
이태양,2022,2022-09-08,KIA,129.3,,141.0,,117.5,133.2,,,128.5,,
이태양,2022,2022-09-09,KIA,130.0,,137.8,,117.1,131.2,,,126.7,,
이태양,2022,2022-09-16,NC,139.3,,141.6,,,,,,128.0,,
이태양,2022,2022-09-17,두산,134.5,,141.1,,117.0,,,,,,
이태양,2022,2022-09-21,KT,129.4,,138.0,,,130.8,,,126.0,,
이태양,2022,2022-09-24,두산,127.5,,139.1,,115.6,129.5,,,126.6,,
이태양,2022,2022-09-29,키움,131.6,,138.9,,116.5,,,,125.1,,
이태양,2022,2022-10-06,NC,132.2,,138.4,,116.0,,,,126.0,,
이태양,2022,2022-11-05,키움,134.5,,138.3,,,131.5,,,127.7,,
이태양,2021,2021-04-04,롯데,135.0,,143.0,,,132.5,,,131.3,,
이태양,2021,2021-04-06,한화,140.0,,142.8,,,,,,129.7,,
이태양,2021,2021-04-08,한화,136.7,,142.4,,,130.5,,,129.2,,
이태양,2021,2021-04-09,LG,135.0,,141.4,,,131.1,,,129.4,,
이태양,2021,2021-04-13,NC,134.4,,140.9,,,129.3,,,129.3,,
이태양,2021,2021-04-16,KIA,133.9,,142.3,,,131.0,,,129.0,,
이태양,2021,2021-04-17,KIA,136.9,,142.2,,144.0,130.0,,,129.5,,
이태양,2021,2021-04-20,삼성,139.0,,142.5,,,,,,132.0,,
이태양,2021,2021-04-23,키움,137.1,,143.8,,,132.5,,,130.8,,
이태양,2021,2021-04-24,키움,134.8,,142.8,,,,,,130.8,,
이태양,2021,2021-04-29,KT,136.6,,143.6,,,130.7,,,130.4,,
이태양,2021,2021-05-01,두산,136.9,,143.8,,116.0,133.0,,,131.4,,
이태양,2021,2021-05-02,두산,137.2,,143.2,,,,,,131.2,,
이태양,2021,2021-05-05,NC,137.8,,142.7,,,,,,129.0,,
이태양,2021,2021-05-09,키움,136.5,,143.0,,116.0,,,,131.7,,
이태양,2021,2021-05-13,롯데,135.4,,141.8,,,,,,130.4,,
이태양,2021,2021-05-14,두산,135.8,,142.3,,,129.7,,,131.2,,
이태양,2021,2021-05-18,KIA,137.9,,142.5,,,132.0,,,129.9,,
이태양,2021,2021-05-19,KIA,136.8,,142.6,,119.0,131.0,,,130.8,,
이태양,2021,2021-05-22,LG,141.9,,144.4,,,,,,133.0,,
이태양,2021,2021-05-26,KT,134.0,,140.6,,,125.8,,,,,
이태양,2021,2021-06-08,KT,136.5,,143.2,,118.0,129.7,,,131.9,,
이태양,2021,2021-06-16,KIA,135.6,,141.8,,114.0,129.1,,,128.8,,
이태양,2021,2021-06-22,LG,135.0,,140.9,,114.0,128.8,,,129.1,,
이태양,2021,2021-06-27,NC,133.6,,142.4,,115.0,129.0,,,131.2,,
이태양,2021,2021-07-04,롯데,131.7,,141.2,,114.9,126.9,,,129.1,,
이태양,2021,2021-07-09,한화,134.6,,142.2,,113.0,128.2,,,130.3,,
이태양,2021,2021-08-14,KIA,134.8,,142.6,,114.0,129.3,,,130.4,,
이태양,2021,2021-08-20,삼성,135.1,,142.5,,114.2,129.7,,,130.3,,
이태양,2021,2021-08-26,KT,133.8,,141.4,,113.7,129.4,,,129.9,,
이태양,2021,2021-09-01,NC,132.1,,141.0,,113.4,129.3,,,129.3,,
이태양,2021,2021-09-12,KT,131.7,,139.2,,111.9,128.5,,,128.4,,
이태양,2021,2021-09-18,삼성,133.9,,140.8,,114.0,130.2,,,129.9,,
이태양,2021,2021-09-24,롯데,135.4,,142.1,,116.0,131.4,,,130.8,,
이태양,2021,2021-09-30,NC,135.4,,142.2,,114.7,130.9,,,129.8,,
이태양,2021,2021-10-06,LG,134.2,,142.7,,114.8,132.2,,,131.7,,
이태양,2021,2021-10-17,롯데,133.0,,141.3,,113.5,130.8,,,130.4,,
이태양,2021,2021-10-20,NC,132.7,,139.3,,114.0,130.2,,,128.8,,
이태양,2021,2021-10-30,KT,133.6,,140.4,,116.5,132.2,,,130.5,,
이태양,2020,2020-05-07,SK,134.6,,141.6,,,129.0,,,127.6,,
이태양,2020,2020-05-09,키움,133.6,,141.3,,,129.0,,,128.2,,
이태양,2020,2020-05-28,LG,132.6,,142.3,,115.0,127.0,,,126.8,,
이태양,2020,2020-05-30,SK,133.0,,141.4,,,127.6,,,127.6,,
이태양,2020,2020-06-02,키움,134.5,,142.1,,120.0,,,,126.6,,
이태양,2020,2020-06-04,키움,134.5,,141.6,,,128.0,,,126.2,,
이태양,2020,2020-06-06,NC,133.0,,140.5,,,126.5,,,126.5,,
이태양,2020,2020-06-18,KT,133.2,,141.4,,,125.0,,,126.6,,
이태양,2020,2020-06-23,두산,133.5,,138.7,,,,,,125.3,,
이태양,2020,2020-06-25,두산,136.8,,139.8,,,,,,125.7,,
이태양,2020,2020-06-27,LG,132.9,,140.4,,,124.8,,,126.7,,
이태양,2020,2020-06-28,LG,132.3,,140.1,,115.0,127.0,,,127.2,,
이태양,2020,2020-07-02,삼성,135.4,,141.2,,112.0,,,,,,
이태양,2020,2020-07-03,롯데,130.2,,142.0,,,,,,127.2,,
이태양,2020,2020-07-07,NC,136.2,,141.5,,,,,,127.7,,
이태양,2020,2020-07-09,NC,136.2,,142.3,,,128.5,,,129.0,,
이태양,2020,2020-07-10,한화,137.9,,141.0,,,,,,128.5,,
이태양,2020,2020-07-27,한화,134.9,,140.5,,,128.3,,,128.0,,
이태양,2020,2020-07-28,LG,134.3,,140.8,,,126.9,,,127.1,,
이태양,2020,2020-07-31,KT,134.5,,139.9,,111.0,124.0,,,126.1,,
이태양,2020,2020-08-04,롯데,134.3,,142.0,,,128.2,,,127.3,,
이태양,2020,2020-08-06,롯데,134.5,,142.2,,,126.5,,,129.0,,
이태양,2020,2020-08-13,KT,132.0,,139.5,,112.0,,,,123.7,,
이태양,2020,2020-08-15,KIA,135.9,,142.2,,,128.0,,,127.3,,
이태양,2020,2020-08-16,KIA,135.1,,143.5,,,130.0,,,129.4,,
이태양,2020,2020-08-18,한화,138.8,,143.4,,,,,,128.5,,
이태양,2020,2020-08-20,삼성,134.4,,140.3,,,,,,127.9,,
이태양,2020,2020-08-23,두산,138.5,,142.4,,,128.0,,,128.0,,
이태양,2020,2020-08-25,롯데,136.4,,143.3,,,130.8,,,128.6,,
이태양,2020,2020-08-27,KIA,136.1,,142.5,,,130.3,,,129.2,,
이태양,2020,2020-09-01,LG,135.0,,143.5,,,129.0,,,127.0,,
이태양,2020,2020-09-03,KT,135.8,,142.0,,,129.8,,,128.5,,
이태양,2020,2020-09-05,두산,137.3,,143.1,,114.0,130.0,,,128.3,,
이태양,2020,2020-09-08,키움,137.5,,142.3,,,130.0,,,127.0,,
이태양,2020,2020-09-09,키움,138.0,,141.3,,,128.0,,,,,
이태양,2020,2020-09-12,롯데,136.1,,142.8,,,131.7,,,129.3,,
이태양,2020,2020-09-16,KIA,140.2,,144.4,,,132.0,,,132.4,,
이태양,2020,2020-09-18,NC,137.3,,142.0,,,133.0,,,130.6,,
이태양,2020,2020-09-23,LG,141.3,,145.0,,,133.0,,,132.5,,
이태양,2020,2020-09-25,키움,138.6,,142.1,,,131.5,,,128.0,,
이태양,2020,2020-09-27,삼성,139.5,,143.0,,115.0,132.0,,,131.0,,
이태양,2020,2020-10-02,키움,136.4,,140.4,,,,,,127.8,,
이태양,2020,2020-10-03,키움,134.1,,140.6,,,129.5,130.0,,126.5,,
이태양,2020,2020-10-06,두산,135.7,,143.1,,117.7,132.7,,,130.2,,
이태양,2020,2020-10-10,KIA,134.3,,141.2,,115.5,130.6,,,129.8,,
이태양,2020,2020-10-13,삼성,137.7,,143.3,,,131.4,,,130.5,,
이태양,2020,2020-10-15,삼성,136.1,,144.1,,116.5,130.8,,,129.8,,
이태양,2020,2020-10-17,KT,135.5,,140.3,,,131.2,,,,,
이태양,2020,2020-10-18,KT,131.6,,140.8,,115.0,127.5,,,127.7,,
이태양,2020,2020-10-21,롯데,134.4,,141.4,,,128.2,,,128.5,,
이태양,2020,2020-10-23,롯데,133.3,,140.7,,,129.3,,,127.9,,
이태양,2020,2020-10-27,롯데,133.8,,141.4,,114.5,132.0,,,128.8,,
이태양,2020,2020-10-30,LG,137.1,,141.8,,116.0,,,,130.0,,
장민재,2024,2024-04-20,삼성,126.2,,135.0,,,,,,123.5,,
장민재,2024,2024-04-24,KT,127.1,,135.2,,112.0,128.5,121.5,,123.9,,
장민재,2024,2024-04-28,두산,127.2,,134.8,,109.0,125.6,,,123.8,,
장민재,2024,2024-05-02,SSG,129.5,,134.2,,,,,,125.5,,
장민재,2024,2024-05-04,KIA,128.6,,138.3,,,127.0,,,126.1,,
장민재,2024,2024-05-08,롯데,127.8,,135.8,,,,,,125.1,,
장민재,2024,2024-05-09,롯데,128.9,,136.1,,112.0,,,,124.2,,
장민재,2024,2024-05-11,키움,127.3,,134.0,,,,,,124.0,,
장민재,2024,2024-05-14,NC,126.8,,136.0,,,136.0,,,125.2,,
장민재,2024,2024-05-15,NC,126.5,,134.7,,,123.0,,,124.2,,
장민재,2024,2024-05-17,삼성,125.8,,135.8,,110.5,,,,124.9,,
장민재,2024,2024-05-19,삼성,127.8,,135.4,,,125.0,121.3,,125.8,,
장민재,2024,2024-05-22,LG,126.9,,134.2,,,,,,124.6,,
장민재,2024,2024-05-23,LG,129.1,,134.7,,,,,,125.0,,
장민재,2024,2024-05-30,롯데,130.2,,135.5,,,124.0,,,123.5,,
장민재,2024,2024-05-31,삼성,127.3,,135.5,,111.5,125.0,121.5,,124.8,,
장민재,2024,2024-06-04,KT,127.5,,136.7,,111.5,126.6,,,125.8,,
장민재,2024,2024-06-07,NC,125.5,,135.7,,109.5,124.6,,,124.5,,
장민재,2024,2024-06-13,두산,132.3,,138.0,,,130.8,,,125.7,,
장민재,2024,2024-06-15,SSG,129.0,,135.4,,,127.5,117.0,,125.6,,
장민재,2024,2024-09-11,삼성,130.6,,135.9,,,124.5,,,122.2,,
장민재,2024,2024-09-12,삼성,129.5,,136.5,,,124.2,,,122.0,,
장민재,2024,2024-09-14,롯데,127.8,,136.8,,110.0,125.0,,,122.9,,
장민재,2024,2024-09-18,NC,129.6,,136.3,,,,,,123.0,,
장민재,2024,2024-09-24,키움,130.4,,136.0,,,,,,123.8,,
장민재,2024,2024-09-29,NC,131.1,,136.8,,,123.5,,,124.5,,
장민재,2023,2023-04-07,SSG,128.4,,135.5,,114.0,124.7,,,123.4,,
장민재,2023,2023-04-13,KIA,129.4,,138.6,,116.2,127.5,,,125.8,,
장민재,2023,2023-04-19,두산,126.5,,135.1,,112.2,125.5,,,123.0,,
장민재,2023,2023-04-26,롯데,128.0,,134.9,,115.8,122.5,,,122.6,,
장민재,2023,2023-05-02,두산,127.6,,137.1,,114.7,125.2,,,124.6,,
장민재,2023,2023-05-12,SSG,129.0,,136.6,,114.7,125.7,128.0,,124.8,,
장민재,2023,2023-05-18,롯데,125.6,,133.9,,112.6,124.6,,,122.0,,
장민재,2023,2023-05-24,KIA,129.4,,136.9,,113.7,126.0,,,125.1,,
장민재,2023,2023-05-31,키움,126.7,,133.5,,111.4,124.5,,,122.3,,
장민재,2023,2023-06-06,두산,126.0,,134.0,,111.8,124.7,,,122.7,,
장민재,2023,2023-06-11,LG,129.0,,137.0,,113.0,,,,125.1,,
장민재,2023,2023-07-29,SSG,129.7,,137.8,,116.9,,,,127.5,,
장민재,2023,2023-08-04,KIA,128.6,,137.5,,114.5,125.5,,,125.1,,
장민재,2023,2023-09-07,SSG,132.0,,,,,132.0,,,,,
장민재,2023,2023-09-08,키움,128.6,,135.7,,110.0,131.0,,,124.7,,
장민재,2023,2023-09-12,두산,128.3,,137.2,,114.5,128.0,,,126.8,,
장민재,2023,2023-09-17,KT,131.5,,139.1,,,129.0,,,126.9,,
장민재,2023,2023-09-19,SSG,130.8,,135.0,,,,,,123.7,,
장민재,2023,2023-09-21,KIA,128.1,,135.1,,,,,,123.8,,
장민재,2023,2023-09-27,삼성,128.3,,135.6,,114.0,123.0,,,123.2,,
장민재,2023,2023-09-29,롯데,129.0,,138.0,,,,,,126.4,,
장민재,2023,2023-10-06,SSG,129.6,,137.4,,115.7,,,,126.5,,
장민재,2023,2023-10-07,KT,130.4,,138.0,,,128.3,,,125.6,,
장민재,2023,2023-10-14,롯데,132.5,,137.6,,,,,,127.4,,
장민재,2023,2023-10-16,롯데,130.2,,136.5,,,128.0,,,125.0,,
장민재,2022,2022-04-06,KIA,135.5,,138.9,,115.0,,,,128.5,,
장민재,2022,2022-04-07,KIA,127.7,,136.0,,,,,,123.5,,
장민재,2022,2022-04-08,KT,125.5,,137.0,,113.0,,,,125.8,,
장민재,2022,2022-04-10,KT,132.5,,138.8,,,126.0,,,126.2,,
장민재,2022,2022-04-13,삼성,127.9,,134.7,,,124.4,,,123.0,,
장민재,2022,2022-04-16,LG,126.7,,,,,126.0,,,128.0,,
장민재,2022,2022-04-22,SSG,129.0,,137.9,,112.6,126.5,,,126.6,,
장민재,2022,2022-04-28,키움,131.5,,138.0,,112.8,127.6,,,126.7,,
장민재,2022,2022-05-04,SSG,128.2,,138.0,,112.6,124.0,,,125.4,,
장민재,2022,2022-05-10,LG,128.5,,137.3,,110.4,125.0,,,124.9,,
장민재,2022,2022-05-15,롯데,129.5,,138.5,,113.6,126.0,,,126.5,,
장민재,2022,2022-05-21,키움,129.1,,137.6,,113.7,126.0,,,125.6,,
장민재,2022,2022-05-27,KT,125.6,,135.1,,111.7,123.7,,,123.8,,
장민재,2022,2022-06-02,NC,127.2,,136.4,,112.7,124.7,,,124.2,,
장민재,2022,2022-06-10,SSG,126.8,,136.5,,113.2,123.0,,,123.9,,
장민재,2022,2022-06-16,롯데,127.8,,135.4,,112.4,123.8,,,123.6,,
장민재,2022,2022-06-24,삼성,129.6,,138.6,,114.0,127.5,,,125.8,,
장민재,2022,2022-07-01,키움,125.5,,137.6,,112.4,124.4,,,124.7,,
장민재,2022,2022-07-07,NC,130.6,,137.8,,110.0,125.5,,,124.5,,
장민재,2022,2022-07-12,롯데,127.0,,135.7,,111.0,122.5,,,122.2,,
장민재,2022,2022-07-26,삼성,124.7,,134.9,,110.3,122.0,,,123.5,,
장민재,2022,2022-08-02,KIA,126.3,,136.8,,114.0,126.0,,,123.5,,
장민재,2022,2022-08-07,KT,124.8,,133.4,,110.8,121.4,,,121.0,,
장민재,2022,2022-08-13,키움,126.0,,134.2,,111.0,,,,122.3,,
장민재,2022,2022-08-19,삼성,127.7,,137.0,,112.5,123.7,,,124.3,,
장민재,2022,2022-08-25,두산,126.3,,135.0,,111.1,122.3,,,122.0,,
장민재,2022,2022-09-01,키움,130.6,,135.9,,112.0,,,,123.5,,
장민재,2022,2022-09-07,KT,130.3,,138.5,,114.5,128.5,,,125.2,,
장민재,2022,2022-09-13,KT,128.9,,137.1,,114.8,,,,123.6,,
장민재,2022,2022-09-18,LG,129.7,,137.1,,114.8,126.5,,,124.0,,
장민재,2022,2022-09-24,LG,131.8,,139.1,,114.1,,,,126.5,,
장민재,2022,2022-09-30,롯데,124.7,,134.2,,110.1,124.7,,,121.4,,
장민재,2021,2021-05-01,롯데,129.0,,135.0,,,127.0,,,124.3,,
장민재,2021,2021-05-08,LG,130.1,,138.3,,113.0,127.6,,,125.2,,
장민재,2021,2021-05-09,LG,131.9,,137.3,,,125.0,,,124.8,,
장민재,2021,2021-05-15,키움,129.9,,137.0,,111.5,125.8,,,124.7,,
장민재,2021,2021-09-12,삼성,128.5,133.8,136.1,,112.0,124.7,,,124.1,,
장민재,2021,2021-09-18,롯데,130.1,,135.0,,110.0,,,,123.8,,
장민재,2021,2021-09-21,LG,135.5,,138.7,,,123.0,,,126.0,,
장민재,2021,2021-09-22,LG,131.1,,138.0,,,125.0,,,126.0,,
장민재,2021,2021-10-05,두산,126.5,,136.2,,110.5,123.1,,,124.3,,
장민재,2021,2021-10-10,KIA,130.8,,137.2,,113.9,123.5,,,125.4,,
장민재,2021,2021-10-24,롯데,127.9,,136.5,,113.7,123.6,,,125.2,,
장민재,2021,2021-10-30,두산,128.5,,137.2,,114.5,124.0,,,125.5,,
장민재,2020,2020-05-08,키움,128.5,,136.0,,109.0,121.6,,,122.1,,
장민재,2020,2020-05-14,KIA,127.8,,135.4,,109.5,121.2,,,121.7,,
장민재,2020,2020-05-20,KT,127.9,,133.2,,108.0,119.7,,,120.4,,
장민재,2020,2020-05-27,LG,126.4,,134.3,,108.5,120.3,,,120.7,,
장민재,2020,2020-06-11,롯데,127.5,,135.7,,108.0,122.0,,,121.4,,
장민재,2020,2020-06-16,LG,125.0,,135.1,,108.9,121.0,,,121.4,,
장민재,2020,2020-07-04,두산,133.9,,139.8,,,,,,126.0,,
장민재,2020,2020-07-05,두산,128.2,,139.0,,,,,,125.5,,
장민재,2020,2020-07-07,롯데,130.3,,137.7,,,,,,123.6,,
장민재,2020,2020-07-08,롯데,130.1,,137.3,,110.5,122.8,,,123.3,,
장민재,2020,2020-08-25,NC,130.7,,137.8,,,,,,124.4,,
장민재,2020,2020-08-27,삼성,133.2,,137.0,,,122.0,,,125.7,,
장민재,2020,2020-09-01,두산,130.8,,138.5,,110.0,124.5,,,126.3,,
장민재,2020,2020-09-06,KIA,132.7,,139.0,,,135.7,,,125.8,,
장민재,2020,2020-09-09,삼성,132.6,,137.0,,,125.0,,,124.0,,
장민재,2020,2020-09-10,SK,129.8,,137.2,,,,,,126.1,,
장민재,2020,2020-09-19,KIA,125.8,,135.8,,110.3,125.0,,,123.9,,
장민재,2020,2020-09-25,롯데,124.4,,131.9,,106.5,121.0,,,121.4,,
장민재,2020,2020-09-27,NC,123.7,,131.5,,,121.0,,,120.5,,
장민재,2020,2020-09-29,두산,126.4,,136.4,,109.7,125.0,,,124.2,,
장민재,2020,2020-10-03,롯데,128.3,,136.2,,,125.0,,,123.3,,
장민재,2020,2020-10-07,KIA,124.0,,134.6,,109.5,122.3,,,122.3,,
장민재,2020,2020-10-15,두산,128.0,,137.6,,112.8,,,,125.2,,
장민재,2020,2020-10-22,KIA,126.5,,134.2,,109.2,122.0,,,122.2,,
장시환,2024,2024-04-09,두산,130.7,,143.9,,119.9,135.1,,,,,
장시환,2024,2024-04-11,두산,132.5,146.0,144.0,,119.4,135.5,,,,,
장시환,2024,2024-04-13,KIA,130.8,,142.3,,120.8,136.0,,,,,
장시환,2024,2024-04-14,KIA,136.2,,145.0,,121.0,136.5,,,,,
장시환,2024,2024-04-16,NC,137.5,,144.5,,122.6,138.3,,,136.0,,
장시환,2024,2024-04-17,NC,135.0,,144.0,,120.0,136.8,,,134.0,,
장시환,2024,2024-04-20,삼성,135.5,,142.7,,116.8,133.5,,,,,
장시환,2024,2024-04-23,KT,133.2,,144.5,,118.0,134.8,,,,,
장시환,2024,2024-04-27,두산,128.9,,142.2,,118.9,133.6,,,,,
장시환,2024,2024-05-01,SSG,131.4,,141.4,,118.3,134.2,,,,,
장시환,2024,2024-05-04,KIA,137.0,,145.5,,122.2,139.0,,,137.3,,
장시환,2024,2024-05-09,롯데,140.2,,144.7,,119.0,137.5,,,,,
장시환,2024,2024-05-11,키움,136.9,,144.8,,120.8,137.0,,,,,
장시환,2024,2024-05-14,NC,138.3,,144.1,,117.0,135.9,,,136.0,,
장시환,2024,2024-05-16,NC,135.3,,145.9,,122.0,137.2,,,,,
장시환,2024,2024-05-18,삼성,135.9,,144.7,,121.0,136.4,,,,,
장시환,2024,2024-05-19,삼성,131.7,,145.0,,121.0,,,,137.0,,
장시환,2024,2024-05-22,LG,131.3,,144.4,,120.4,135.6,,,135.7,,
장시환,2024,2024-05-23,LG,136.2,,144.7,,121.1,137.2,,,134.0,,
장시환,2024,2024-05-29,롯데,136.0,,144.7,,120.3,136.8,,,136.2,,
장시환,2024,2024-05-31,삼성,132.6,,144.7,,120.9,137.5,,,,,
장시환,2024,2024-06-05,KT,142.1,,145.9,,120.0,137.0,,,,,
장시환,2024,2024-06-07,NC,134.6,,144.2,,119.7,138.3,,,134.0,,
장시환,2024,2024-06-09,NC,136.9,,143.8,,119.3,135.4,,,,,
장시환,2024,2024-06-13,두산,137.1,,143.9,,120.8,135.2,,,,,
장시환,2024,2024-06-15,SSG,136.0,,142.5,,118.0,136.8,,,,,
장시환,2024,2024-06-19,키움,134.8,,143.4,,119.8,132.9,,,133.5,,
장시환,2024,2024-06-21,KIA,134.3,,143.8,,118.5,135.2,,,133.5,,
장시환,2024,2024-08-18,SSG,136.8,,145.1,,121.2,135.8,,,,,
장시환,2024,2024-08-21,NC,135.5,,141.9,,118.0,132.8,,,,,
장시환,2023,2023-04-01,키움,140.5,,145.5,,121.7,139.3,,,,,
장시환,2023,2023-04-06,삼성,135.8,,143.1,,118.9,136.3,,,,,
장시환,2023,2023-04-07,SSG,141.5,,144.1,,118.0,,,,,,
장시환,2023,2023-07-06,롯데,144.4,,148.3,,123.5,139.0,,,,,
장시환,2023,2023-07-08,SSG,140.3,,150.4,,123.8,139.4,,,,,
장시환,2023,2023-07-21,NC,133.9,,146.6,,121.1,,,,,,
장시환,2023,2023-07-25,키움,132.0,,147.7,,119.3,123.0,,,,,
장시환,2023,2023-07-26,키움,142.9,,148.2,,122.0,140.5,,,137.3,,
장시환,2023,2023-07-29,SSG,142.0,,146.8,,123.0,,,,,,
장시환,2023,2023-07-30,SSG,137.0,,147.8,,122.0,139.0,,,,,
장시환,2023,2023-08-02,두산,136.0,,149.9,,123.4,141.5,,,136.0,,
장시환,2023,2023-08-05,KIA,136.2,,147.1,,122.1,138.3,,,,,
장시환,2023,2023-08-06,KIA,138.8,,146.5,,121.7,137.5,,,136.0,,
장시환,2023,2023-08-12,두산,135.7,,148.7,,124.6,,,,,,
장시환,2023,2023-08-13,두산,142.2,,149.1,,122.0,137.3,,,,,
장시환,2023,2023-08-15,NC,137.6,,147.8,,122.5,139.2,,,,,
장시환,2023,2023-08-16,NC,134.1,,147.8,,122.7,138.7,,,,,
장시환,2023,2023-08-18,KT,134.3,,145.5,,122.6,138.3,,,136.0,,
장시환,2023,2023-08-19,KT,138.6,,149.0,,125.2,139.6,,,,,
장시환,2023,2023-08-22,삼성,133.2,,143.6,,119.0,,,,132.0,,
장시환,2023,2023-08-27,KIA,133.9,,147.0,,121.3,136.8,,,,,
장시환,2023,2023-08-31,롯데,134.9,,143.5,,119.0,135.2,,,137.0,,
장시환,2023,2023-09-02,LG,129.3,,147.0,,119.7,135.0,,,,,
장시환,2023,2023-09-05,SSG,140.9,,148.5,,124.8,141.6,,,136.0,,
장시환,2023,2023-09-06,SSG,132.8,,146.7,,121.9,,,,,,
장시환,2023,2023-09-08,키움,135.4,,144.2,,120.2,137.7,,,135.6,,
장시환,2023,2023-09-17,KT,137.5,,146.9,,122.0,137.8,,,,,
장시환,2023,2023-09-18,KT,135.8,,146.2,,121.1,137.5,,,134.3,,
장시환,2023,2023-09-22,키움,134.3,,142.8,,119.0,,,,,,
장시환,2023,2023-09-24,LG,137.8,,145.6,,121.5,136.4,,,,,
장시환,2023,2023-09-27,삼성,134.3,,143.7,,119.5,135.5,,,,,
장시환,2023,2023-09-29,롯데,135.6,,146.5,,121.4,137.6,,,138.0,,
장시환,2023,2023-10-02,NC,134.0,,143.2,,119.3,,,,,,
장시환,2023,2023-10-04,삼성,132.4,,145.5,,119.2,,,,,,
장시환,2023,2023-10-06,SSG,136.2,,147.7,,122.7,,,,136.5,,
장시환,2023,2023-10-08,KT,134.3,,143.2,,117.8,134.8,,,,,
장시환,2023,2023-10-14,롯데,131.0,,140.0,,122.0,,,,,,
장시환,2023,2023-10-15,롯데,135.8,,144.2,,119.0,,,,,,
장시환,2022,2022-04-03,두산,135.1,,145.9,,120.8,,,,,,
장시환,2022,2022-04-05,KIA,134.1,,147.1,,120.4,138.0,,,,,
장시환,2022,2022-04-08,KT,136.7,,146.8,,123.2,140.0,,,,,
장시환,2022,2022-04-10,KT,142.6,,148.3,,122.3,,,,,,
장시환,2022,2022-04-15,LG,136.3,,145.8,,120.2,,,,,,
장시환,2022,2022-04-17,LG,137.7,,145.2,,119.0,,,,,,
장시환,2022,2022-04-19,롯데,140.7,,146.7,,120.8,138.6,,,,,
장시환,2022,2022-04-21,롯데,132.0,,144.8,,119.6,137.5,,,,,
장시환,2022,2022-04-22,SSG,146.9,,146.9,,,,,,,,
장시환,2022,2022-04-26,키움,140.3,,148.1,,124.5,,,,,,
장시환,2022,2022-04-30,NC,143.4,,146.9,,122.5,,,,,,
장시환,2022,2022-05-01,NC,137.3,,146.4,,122.0,,,,,,
장시환,2022,2022-05-04,SSG,148.0,,148.0,,,,,,,,
장시환,2022,2022-05-07,KIA,137.4,,146.5,,120.5,140.0,,,,,
장시환,2022,2022-05-12,LG,141.8,,146.7,,121.3,,,,139.0,,
장시환,2022,2022-05-14,롯데,141.5,,147.5,,119.0,,,,141.0,,
장시환,2022,2022-05-15,롯데,140.8,,147.2,,121.8,140.5,,,,,
장시환,2022,2022-05-17,삼성,137.3,,148.9,,121.6,,,,,,
장시환,2022,2022-05-19,삼성,139.4,,149.2,,122.6,,,,,,
장시환,2022,2022-05-22,키움,139.4,,147.6,,123.2,,,,,,
장시환,2022,2022-05-24,두산,141.3,,146.2,,121.5,,,,,,
장시환,2022,2022-05-27,KT,140.4,,143.8,,120.5,,,,,,
장시환,2022,2022-05-28,KT,132.8,,143.2,,117.6,137.2,,,,,
장시환,2022,2022-06-01,NC,142.0,,147.6,,123.3,,,,,,
장시환,2022,2022-06-04,키움,137.4,,146.0,,121.0,140.0,,,,,
장시환,2022,2022-06-08,두산,139.6,,145.4,,120.5,,,,141.0,,
장시환,2022,2022-06-12,SSG,142.4,,147.1,,121.8,141.0,,,,,
장시환,2022,2022-06-16,롯데,137.6,,145.5,,121.5,138.9,,,,,
장시환,2022,2022-06-17,NC,141.1,,146.4,,122.0,140.5,,,,,
장시환,2022,2022-06-19,NC,140.1,,147.6,,122.7,,,,,,
장시환,2022,2022-06-24,삼성,147.4,,148.9,,127.0,,,,,,
장시환,2022,2022-06-28,SSG,145.8,,150.1,,124.0,,,,,,
장시환,2022,2022-07-03,키움,142.2,,147.4,,122.8,,,,,,
장시환,2022,2022-07-05,NC,139.8,,149.8,,124.4,143.0,,,,,
장시환,2022,2022-07-06,NC,141.9,,148.3,,122.5,140.5,,,,,
장시환,2022,2022-07-10,KIA,142.8,,147.8,,124.0,138.5,,,,,
장시환,2022,2022-07-24,KT,137.3,,145.8,,120.7,138.8,,,,,
장시환,2022,2022-07-26,삼성,137.5,,147.0,,123.0,137.0,,,,,
장시환,2022,2022-07-28,삼성,137.4,,145.6,,122.2,140.5,,,135.3,,
장시환,2022,2022-07-29,두산,133.8,,146.3,,121.8,138.0,,,,,
장시환,2022,2022-08-04,KIA,138.9,,147.5,,122.8,140.0,,,,,
장시환,2022,2022-08-06,KT,134.0,,141.0,,118.0,135.0,,,,,
장시환,2022,2022-08-07,KT,136.1,,144.7,,124.4,135.6,,,,,
장시환,2022,2022-08-12,LG,141.6,,146.4,,119.0,136.3,,,,,
장시환,2022,2022-08-14,키움,134.2,,146.3,,120.3,138.2,,,,,
장시환,2022,2022-08-19,삼성,138.2,,147.7,,122.3,141.0,,,141.0,,
장시환,2022,2022-08-20,롯데,132.4,,143.2,,119.8,135.3,,,135.0,,
장시환,2022,2022-08-26,두산,136.0,,145.2,,123.4,140.0,,,,,
장시환,2022,2022-08-28,삼성,139.3,,144.8,,121.8,137.8,,,,,
장시환,2022,2022-08-31,KIA,138.8,,144.0,,122.7,138.3,,,,,
장시환,2022,2022-09-03,NC,140.4,,145.5,,123.3,140.0,,,,,
장시환,2022,2022-09-06,KT,141.6,,148.9,,123.8,141.3,,,,,
장시환,2022,2022-09-10,SSG,137.8,,145.6,,124.0,139.0,,,,,
장시환,2022,2022-09-14,KT,135.3,,147.3,,121.7,140.0,,,,,
장시환,2022,2022-09-15,KIA,141.8,,147.1,,123.0,,,,,,
장시환,2022,2022-09-16,KIA,136.1,,146.8,,123.7,141.3,,,,,
장시환,2022,2022-09-20,롯데,136.9,,146.7,,122.9,138.6,,,,,
장시환,2022,2022-09-22,SSG,137.9,,147.7,,122.5,142.0,,,,,
장시환,2022,2022-09-24,LG,139.2,,148.8,,123.6,142.0,,,,,
장시환,2022,2022-09-29,두산,140.4,,147.6,,121.0,141.0,,,,,
장시환,2022,2022-09-30,롯데,141.5,,145.1,,,138.9,,,,,
장시환,2022,2022-10-03,SSG,140.1,,148.1,,124.0,,,,,,
장시환,2022,2022-10-06,키움,143.5,,149.9,,125.8,,,,,,
장시환,2022,2022-10-08,NC,140.6,,147.2,,123.0,,,,,,
장시환,2021,2021-04-10,두산,134.3,,141.6,,116.0,133.9,,,132.7,,
장시환,2021,2021-04-16,NC,136.6,,142.4,,118.1,135.8,,,133.8,,
장시환,2021,2021-04-22,키움,133.4,,141.2,,114.9,133.3,,,132.3,,
장시환,2021,2021-04-28,KIA,135.2,,141.7,,117.0,132.7,,,138.0,,
장시환,2021,2021-05-01,롯데,139.3,,139.3,,,,,,,,
장시환,2021,2021-05-09,LG,138.2,,144.6,,120.1,136.0,,,135.4,,
장시환,2021,2021-05-30,SSG,135.9,,142.0,,118.6,133.2,,,132.2,,
장시환,2021,2021-06-06,NC,137.4,,144.3,,119.7,136.9,,,134.4,,
장시환,2021,2021-06-12,KT,138.9,,144.7,,119.1,136.6,,,134.9,,
장시환,2021,2021-06-18,SSG,134.3,,143.5,,119.6,126.7,,,133.4,,
장시환,2021,2021-06-25,KT,139.7,,145.3,,120.2,136.1,,,133.7,,
장시환,2021,2021-07-01,두산,134.4,,143.3,,118.0,133.4,,,135.7,,
장시환,2021,2021-08-14,NC,139.9,,145.5,,119.5,137.4,,,134.0,,
장시환,2021,2021-08-20,두산,138.4,,146.4,,119.8,137.0,,,136.7,,
장시환,2021,2021-08-26,키움,135.0,,143.2,,117.6,133.8,,,133.6,,
장시환,2021,2021-09-01,KT,140.2,,146.2,,122.8,136.8,,,136.2,,
장시환,2021,2021-09-07,NC,139.9,,145.2,,120.9,130.4,,,133.7,,
장시환,2021,2021-09-12,삼성,139.1,,143.1,,118.0,136.2,,,,,
장시환,2021,2021-09-16,키움,135.1,,145.0,,119.0,136.5,,,,,
장시환,2020,2020-05-07,SK,135.8,,145.4,,119.1,136.2,,,137.0,,
장시환,2020,2020-05-13,KIA,135.6,,144.4,,119.0,134.1,,,133.1,,
장시환,2020,2020-05-19,KT,136.5,,143.5,,117.2,134.6,,,134.6,,
장시환,2020,2020-05-24,NC,136.0,,144.7,,119.3,135.7,,,134.2,,
장시환,2020,2020-05-30,SK,132.3,,144.0,,118.5,134.5,,,135.8,,
장시환,2020,2020-06-05,NC,135.5,,144.2,,117.9,134.3,,,135.2,,
장시환,2020,2020-06-18,LG,135.0,,145.0,,119.8,136.3,,,134.2,,
장시환,2020,2020-06-24,삼성,134.8,,143.6,,119.9,135.0,,,132.2,,
장시환,2020,2020-07-01,KIA,135.2,,144.4,,119.9,133.4,,,133.3,,
장시환,2020,2020-07-07,롯데,135.2,,144.2,,118.5,134.6,,,134.2,,
장시환,2020,2020-07-13,SK,132.1,,141.2,,116.5,133.4,,,130.1,,
장시환,2020,2020-07-18,LG,136.8,,144.8,,120.0,136.5,,,134.4,,
장시환,2020,2020-07-24,SK,133.4,,144.1,,119.0,134.7,,,133.8,,
장시환,2020,2020-07-31,LG,138.0,,146.1,,121.3,139.1,,,136.0,,
장시환,2020,2020-08-06,NC,135.7,,143.0,,119.7,136.6,,,134.0,,
장시환,2020,2020-08-14,삼성,132.4,,142.2,,117.8,135.2,,,132.0,,
장시환,2020,2020-08-20,KT,132.2,,141.3,,116.3,134.8,,,131.5,,
장시환,2020,2020-08-26,NC,133.2,,143.2,,118.5,135.9,,,138.0,,
장시환,2020,2020-09-01,두산,135.0,,143.7,,118.8,135.3,,,132.4,,
장시환,2020,2020-09-06,KIA,136.2,,144.7,,119.2,136.9,,,134.6,,
장시환,2020,2020-09-11,SK,133.1,,143.9,,118.6,136.0,,,,,
장시환,2020,2020-09-17,키움,133.1,,144.0,,118.2,136.2,,,135.2,,
장시환,2020,2020-09-22,두산,135.0,,142.9,,117.0,135.7,,,134.1,,
장시환,2020,2020-09-27,NC,129.9,,139.0,,114.8,131.7,,,131.6,,
장시환,2020,2020-10-03,롯데,133.2,,143.6,,118.0,135.2,,,134.8,,
장시환,2020,2020-10-09,키움,134.7,,141.5,,116.7,133.4,,,132.3,,
장지수,2024,2024-04-14,KIA,132.3,,141.5,,111.5,127.7,,,,,
장지수,2024,2024-04-20,삼성,126.7,,140.5,,113.4,128.5,,,,,
장지수,2024,2024-04-23,KT,132.8,,142.0,,114.0,133.0,,,,,
장지수,2024,2024-04-25,KT,135.3,,142.1,,115.2,131.1,135.0,,,,
장지수,2024,2024-04-28,두산,132.2,,141.6,,113.3,130.6,,,,,
장지수,2024,2024-04-30,SSG,134.0,,142.1,,117.0,132.0,,,,,
장지수,2024,2024-05-01,SSG,128.3,,141.5,,115.2,129.6,,,,,
장지수,2024,2024-05-04,KIA,131.7,,143.9,,115.7,130.8,,,,,
장지수,2024,2024-05-09,롯데,131.9,,142.6,,116.2,131.4,,,,,
장지수,2024,2024-06-23,KIA,142.9,,147.1,,,134.5,,,,,
장지수,2024,2024-06-26,두산,136.6,,142.8,,,130.5,,,,,
장지수,2024,2024-08-11,키움,132.6,,142.0,,113.5,130.0,,,,,
장지수,2024,2024-08-15,LG,136.3,,142.9,,115.2,130.5,,,,,
장지수,2023,2023-04-16,KT,128.6,,139.8,,113.2,126.5,,,,,
장지수,2022,2022-10-08,KT,138.1,,143.5,,119.0,132.8,,,,,
장지수,2021,2021-09-02,삼성,137.1,,142.0,,115.0,,,,,,
장지수,2021,2021-09-04,한화,141.6,,145.7,,118.3,136.5,,,,,
장지수,2021,2021-09-10,키움,137.1,,142.9,,114.5,132.1,,,,,
장지수,2021,2021-09-14,롯데,140.5,,143.9,,119.0,133.3,,,,,
장지수,2021,2021-10-07,LG,140.2,,142.9,,119.5,,,,,,
장지수,2021,2021-10-15,KT,135.5,,139.8,,117.0,131.0,,,,,
장지수,2021,2021-10-17,두산,137.8,,142.6,,118.0,134.0,,,,,
장지수,2021,2021-10-21,한화,134.7,,140.4,,116.6,131.2,,,,,
장지수,2021,2021-10-29,두산,138.3,,141.7,,117.5,130.5,,,,,
조동욱,2024,2024-05-12,키움,132.9,,139.7,,,121.4,123.6,,,,
조동욱,2024,2024-05-18,삼성,127.8,,138.8,,,121.5,121.4,,,,
조동욱,2024,2024-05-24,SSG,131.8,,140.4,,,123.3,124.2,,,,
조동욱,2024,2024-06-01,삼성,127.8,,138.4,,,121.6,122.0,,,,
조동욱,2024,2024-06-09,NC,132.0,,138.5,,,123.5,122.2,,,,
조동욱,2024,2024-06-27,두산,131.1,,140.1,,,122.3,119.5,,,,
조동욱,2024,2024-07-02,KT,127.8,,141.0,,,122.9,123.0,,,,
조동욱,2024,2024-07-04,KT,134.7,,141.5,,,123.2,124.7,,,,
조동욱,2024,2024-07-10,키움,132.4,,141.0,,,121.2,120.5,,,,
조동욱,2024,2024-07-12,LG,130.5,,141.1,,,122.2,122.3,,,,
조동욱,2024,2024-07-14,LG,135.9,,140.5,,,122.2,,,,,
조동욱,2024,2024-07-17,NC,131.1,,140.6,,,122.0,121.5,,,,
조동욱,2024,2024-07-19,KIA,135.4,,138.7,,,122.8,123.0,,,,
조동욱,2024,2024-07-20,KIA,130.0,,139.4,,,120.5,120.8,119.0,,,
조동욱,2024,2024-07-31,KT,134.4,,139.6,,,124.0,121.5,,,,
조동욱,2024,2024-08-01,KT,134.6,,139.9,,,123.0,122.0,,,,
조동욱,2024,2024-09-08,LG,127.4,,139.3,,113.4,120.6,119.5,,,,
조동욱,2024,2024-09-12,삼성,128.5,,138.4,,,118.8,117.6,,,,
조동욱,2024,2024-09-18,NC,134.4,,141.7,,,123.5,124.0,,,,
조동욱,2024,2024-09-25,LG,134.3,,142.0,,115.0,125.1,125.0,,,,
조동욱,2024,2024-09-28,SSG,130.9,,138.9,,,122.0,122.0,,,,
주현상,2024,2024-03-24,LG,136.8,,143.0,,123.0,,128.2,,,,
주현상,2024,2024-03-26,SSG,136.5,,145.2,,123.8,136.0,,,,,
주현상,2024,2024-03-27,SSG,139.4,,143.1,,,135.3,128.5,,,,
주현상,2024,2024-03-29,KT,136.2,,142.0,,124.0,135.0,127.0,,,,
주현상,2024,2024-03-30,KT,134.6,,142.1,,,,127.1,,,,
주현상,2024,2024-04-02,롯데,137.4,,142.2,,124.0,133.2,126.0,,,,
주현상,2024,2024-04-04,롯데,136.5,,141.1,,120.0,132.0,126.5,,,,
주현상,2024,2024-04-07,키움,137.0,,143.3,,121.0,134.7,126.2,,,,
주현상,2024,2024-04-11,두산,136.5,,142.5,,124.0,136.0,131.0,,,,
주현상,2024,2024-04-13,KIA,140.0,,142.6,,,134.0,127.5,,,,
주현상,2024,2024-04-14,KIA,140.9,,143.7,,,132.5,,,,,
주현상,2024,2024-04-16,NC,138.7,,145.5,,124.0,137.0,129.0,,,,
주현상,2024,2024-04-19,삼성,135.9,,142.9,,121.0,134.0,131.3,,,,
주현상,2024,2024-04-27,두산,138.9,,143.1,,121.0,134.2,,,,,
주현상,2024,2024-05-02,SSG,138.0,,144.0,,119.0,,128.3,,,,
주현상,2024,2024-05-03,KIA,138.0,,145.2,,121.0,138.0,128.5,,,,
주현상,2024,2024-05-10,키움,135.3,,143.5,,122.6,128.2,128.8,,,,
주현상,2024,2024-05-12,키움,138.4,,143.7,,123.0,135.0,128.0,,,,
주현상,2024,2024-05-14,NC,141.1,,144.1,,123.0,136.3,,,,,
주현상,2024,2024-05-18,삼성,136.2,,140.3,,,131.0,129.0,,,,
주현상,2024,2024-05-21,LG,138.8,,142.9,,,134.5,128.5,,,,
주현상,2024,2024-05-22,LG,138.1,,144.5,,123.0,137.0,128.6,,,,
주현상,2024,2024-05-24,SSG,140.9,,146.5,,124.0,136.2,130.0,,,,
주현상,2024,2024-05-25,SSG,138.6,,145.7,,,136.8,131.0,,,,
주현상,2024,2024-05-29,롯데,138.5,,144.3,,,134.7,128.7,,,,
주현상,2024,2024-06-06,KT,139.9,,146.8,,124.0,137.0,,,,,
주현상,2024,2024-06-08,NC,135.5,,145.4,,124.0,,128.8,,,,
주현상,2024,2024-06-09,NC,135.8,,143.2,,122.3,134.6,130.0,,,,
주현상,2024,2024-06-12,두산,137.0,,144.1,,122.0,134.5,128.5,,,,
주현상,2024,2024-06-16,SSG,140.7,,144.4,,124.0,137.0,128.0,,,,
주현상,2024,2024-06-18,키움,135.1,,143.0,,122.5,133.5,127.8,,,,
주현상,2024,2024-06-19,키움,135.4,,143.4,,121.0,133.0,126.4,,,,
주현상,2024,2024-06-23,KIA,137.7,,144.8,,,134.0,132.0,,,,
주현상,2024,2024-06-25,두산,136.6,,142.7,,,134.0,126.0,,,,
주현상,2024,2024-06-27,두산,133.3,,143.5,,124.0,134.0,129.0,,,,
주현상,2024,2024-07-02,KT,134.1,,143.2,,,135.0,127.8,,,,
주현상,2024,2024-07-11,키움,135.7,,145.5,,122.7,,128.5,,,,
주현상,2024,2024-07-14,LG,134.7,,144.3,,122.0,,128.0,,,,
주현상,2024,2024-07-20,KIA,135.3,,143.0,,,135.0,128.0,,,,
주현상,2024,2024-07-21,KIA,137.5,,143.2,,,132.8,128.4,,,,
주현상,2024,2024-07-23,삼성,138.7,,143.0,,,134.2,128.5,,,,
주현상,2024,2024-07-24,삼성,141.0,,143.3,,,133.3,,,,,
주현상,2024,2024-07-28,LG,140.7,,144.7,,121.0,135.2,,,,,
주현상,2024,2024-07-30,KT,138.9,,143.4,,,134.3,,,,,
주현상,2024,2024-08-01,KT,139.8,,143.2,,,134.2,,,,,
주현상,2024,2024-08-06,삼성,137.0,,142.8,,122.0,134.0,128.5,,,,
주현상,2024,2024-08-08,삼성,136.2,,143.2,,,134.7,128.3,,,,
주현상,2024,2024-08-09,키움,136.5,,142.8,,,132.6,128.3,,,,
주현상,2024,2024-08-13,LG,138.4,,142.1,,121.0,133.0,,,,,
주현상,2024,2024-08-16,SSG,141.9,,146.4,,,137.4,,,,,
주현상,2024,2024-08-17,SSG,138.8,,144.7,,,135.0,127.7,,,,
주현상,2024,2024-08-20,NC,136.1,,140.2,,119.0,132.7,125.5,,,,
주현상,2024,2024-08-23,두산,138.2,,144.2,,119.0,135.0,129.0,,,,
주현상,2024,2024-08-24,두산,138.9,,144.1,,,134.2,,,,,
주현상,2024,2024-08-29,롯데,137.0,,141.5,,,132.5,,,,,
주현상,2024,2024-09-03,두산,141.7,,143.9,,,,129.5,,,,
주현상,2024,2024-09-04,KIA,138.4,,145.9,,122.0,136.0,130.0,,,,
주현상,2024,2024-09-06,LG,137.0,,147.0,,123.0,135.0,130.3,,,,
주현상,2024,2024-09-13,롯데,142.1,,145.2,,,136.0,130.0,,,,
주현상,2024,2024-09-17,NC,143.9,,147.1,,,135.0,133.0,,,,
주현상,2024,2024-09-19,NC,138.8,,145.8,,,135.7,130.8,,,,
주현상,2024,2024-09-22,롯데,139.3,,145.1,,,129.7,127.5,,,,
주현상,2024,2024-09-23,롯데,138.7,,143.8,,,131.8,126.0,,,,
주현상,2024,2024-09-25,LG,135.9,,143.0,,,134.0,128.0,,,,
주현상,2024,2024-09-29,NC,132.9,,143.3,,119.3,132.3,128.2,,,,
주현상,2023,2023-04-01,키움,138.1,,144.6,,124.5,135.7,132.5,,,,
주현상,2023,2023-04-02,키움,138.2,,144.2,,121.0,134.5,131.0,,,,
주현상,2023,2023-04-07,SSG,138.1,,142.0,,,131.0,130.6,,,,
주현상,2023,2023-05-18,롯데,137.1,,142.9,,120.0,131.8,129.8,,,,
주현상,2023,2023-05-21,LG,136.3,,142.0,,116.0,132.3,129.5,,,,
주현상,2023,2023-05-24,KIA,139.8,,146.1,,,134.8,130.8,,,,
주현상,2023,2023-06-16,키움,137.4,,146.2,,122.5,134.0,132.3,,,,
주현상,2023,2023-06-18,키움,138.5,,146.9,,121.2,135.7,131.0,,,,
주현상,2023,2023-06-20,KIA,134.6,,142.6,,118.0,131.0,128.5,,,,
주현상,2023,2023-06-22,KIA,139.9,,144.4,,119.5,,129.5,,,,
주현상,2023,2023-06-23,NC,135.9,,143.6,,121.0,134.6,,,,,
주현상,2023,2023-06-28,KT,135.2,,144.3,,121.3,136.3,129.5,,,,
주현상,2023,2023-07-01,삼성,138.7,,143.2,,121.0,133.7,130.0,,,,
주현상,2023,2023-07-05,롯데,139.4,,144.0,,122.5,,131.0,,,,
주현상,2023,2023-07-06,롯데,142.6,,146.6,,123.0,134.0,,,,,
주현상,2023,2023-07-08,SSG,144.0,,146.8,,,135.7,,,,,
주현상,2023,2023-07-22,NC,119.0,,,,119.0,,,,,,
주현상,2023,2023-07-25,키움,139.0,,144.0,,122.0,,131.0,,,,
주현상,2023,2023-07-26,키움,139.5,,144.7,,125.3,134.3,,,,,
주현상,2023,2023-07-28,SSG,142.2,,147.2,,,139.0,134.2,,,,
주현상,2023,2023-07-30,SSG,138.9,,144.8,,124.0,136.8,132.3,,,,
주현상,2023,2023-08-02,두산,139.0,,145.3,,122.0,137.0,131.5,,,,
주현상,2023,2023-08-03,두산,140.5,,145.9,,124.0,136.7,132.7,,,,
주현상,2023,2023-08-05,KIA,138.5,,145.7,,125.0,136.1,132.0,,,,
주현상,2023,2023-08-06,KIA,143.2,,145.0,,,134.0,,,,,
주현상,2023,2023-08-09,KT,137.0,,143.0,,121.0,132.3,,,,,
주현상,2023,2023-08-13,두산,143.6,,148.3,,,136.5,,,,,
주현상,2023,2023-08-15,NC,139.1,,144.9,,123.5,136.5,131.3,,,,
주현상,2023,2023-08-16,NC,138.8,,145.4,,122.0,135.1,,,,,
주현상,2023,2023-08-19,KT,139.8,,147.8,,124.0,137.6,,,,,
주현상,2023,2023-08-20,KT,141.3,,147.7,,128.0,139.5,130.5,,,,
주현상,2023,2023-08-22,삼성,137.9,,143.0,,120.0,135.3,128.0,,,,
주현상,2023,2023-08-27,KIA,138.4,,147.0,,123.3,137.6,134.3,,,,
주현상,2023,2023-08-31,롯데,135.1,,142.4,,119.0,131.3,131.0,,,,
주현상,2023,2023-09-02,LG,138.1,,145.7,,123.0,136.6,132.5,,,,
주현상,2023,2023-09-03,LG,138.4,,144.3,,121.0,135.1,132.0,,,,
주현상,2023,2023-09-05,SSG,141.0,,147.0,,,137.4,132.3,,,,
주현상,2023,2023-09-06,SSG,140.6,,147.6,,128.0,138.0,134.0,,,,
주현상,2023,2023-09-08,키움,137.5,,143.8,,122.0,134.7,,,,,
주현상,2023,2023-09-09,키움,140.2,,144.1,,,135.5,,,,,
주현상,2023,2023-09-10,키움,134.4,,145.0,,,134.7,129.0,,,,
주현상,2023,2023-09-15,LG,141.7,,146.2,,121.0,137.0,132.0,,,,
주현상,2023,2023-09-17,KT,140.9,,145.5,,,138.0,133.0,,,,
주현상,2023,2023-09-18,KT,140.5,,145.7,,,134.5,,,,,
주현상,2023,2023-09-23,LG,137.9,,146.0,,123.7,134.5,133.0,,,,
주현상,2023,2023-09-24,LG,141.2,,147.8,,125.0,138.3,135.0,,,,
주현상,2023,2023-09-27,삼성,139.3,,145.1,,123.0,136.2,130.0,,,,
주현상,2023,2023-10-01,NC,140.4,,146.4,,122.0,136.0,133.0,,,,
주현상,2023,2023-10-04,삼성,142.2,,144.0,,,136.0,132.0,,,,
주현상,2023,2023-10-09,NC,142.5,,147.3,,125.0,137.3,132.5,,,,
주현상,2023,2023-10-10,NC,139.2,,146.5,,124.0,137.2,133.5,,,,
주현상,2023,2023-10-14,롯데,143.9,,146.4,,,136.5,,,,,
주현상,2023,2023-10-15,롯데,138.7,,144.3,,,134.8,132.0,,,,
주현상,2023,2023-10-16,롯데,144.6,,146.4,,125.0,,,,,,
주현상,2022,2022-04-02,두산,129.5,,140.4,,117.8,,126.9,,,,
주현상,2022,2022-04-07,KIA,137.6,,142.3,,,130.0,127.0,,,,
주현상,2022,2022-04-08,KT,144.0,,145.7,,,134.0,129.0,,,,
주현상,2022,2022-04-10,KT,137.7,,143.0,,118.5,,128.0,,,,
주현상,2022,2022-04-12,삼성,135.4,,141.3,,116.0,134.5,128.0,,,,
주현상,2022,2022-04-14,삼성,131.1,,136.2,,115.0,129.0,,,,,
주현상,2022,2022-04-15,LG,136.6,,140.5,,,,127.3,,,,
주현상,2022,2022-04-17,LG,136.7,,141.9,,118.5,137.5,128.0,,,,
주현상,2022,2022-04-19,롯데,138.4,,142.0,,,130.0,,,,,
주현상,2022,2022-04-21,롯데,135.3,,141.6,,,133.6,127.4,,,,
주현상,2022,2022-04-23,SSG,138.5,,141.7,,,132.0,126.3,,,,
주현상,2022,2022-04-28,키움,135.8,,145.6,,121.0,133.0,140.0,,,,
주현상,2022,2022-04-30,NC,139.8,,143.8,,120.0,135.0,,,,,
주현상,2022,2022-05-04,SSG,136.4,,143.9,,118.5,137.3,128.8,,,,
주현상,2022,2022-05-06,KIA,140.0,,143.1,,,132.0,127.0,,,,
주현상,2022,2022-05-08,KIA,133.7,,140.2,,118.0,131.5,126.3,,,,
주현상,2022,2022-05-11,LG,137.4,,143.1,,115.0,134.0,127.2,,,,
주현상,2022,2022-05-13,롯데,138.0,,143.8,,119.0,133.9,130.0,,,,
주현상,2022,2022-05-17,삼성,143.7,,148.2,,,137.0,,,,,
주현상,2022,2022-05-18,삼성,138.6,,144.2,,123.0,134.0,131.0,,,,
주현상,2022,2022-05-21,키움,134.8,,142.0,,119.0,132.7,129.0,,,,
주현상,2022,2022-05-26,두산,135.7,,142.5,,119.2,136.6,129.0,,,,
주현상,2022,2022-05-29,KT,141.5,,143.2,,,134.0,,,,,
주현상,2022,2022-06-02,NC,135.6,,141.8,,,130.0,129.2,,,,
주현상,2022,2022-06-07,두산,132.5,,142.2,,119.0,133.0,126.5,,,,
주현상,2022,2022-06-12,SSG,132.3,,142.5,,,128.8,129.0,,,,
주현상,2022,2022-06-15,롯데,142.0,,142.9,,,131.0,,,,,
주현상,2022,2022-06-21,LG,139.6,,145.0,,121.8,131.3,127.3,,,,
주현상,2022,2022-06-25,삼성,136.6,,143.6,,125.0,,130.0,,,,
주현상,2022,2022-06-29,SSG,137.5,,145.4,,121.5,129.0,130.2,,,,
주현상,2022,2022-07-06,NC,139.4,,146.8,,126.0,,134.0,,,,
주현상,2022,2022-07-07,NC,140.9,,147.5,,125.0,135.3,134.1,,,,
주현상,2022,2022-07-09,KIA,138.1,,145.2,,123.0,131.0,132.0,,,,
주현상,2022,2022-08-12,LG,139.4,,145.3,,121.0,,131.7,,,,
주현상,2022,2022-08-14,키움,142.3,,146.4,,,128.0,131.0,,,,
주현상,2022,2022-08-17,NC,138.6,,144.9,,120.0,130.0,132.0,,,,
주현상,2022,2022-08-21,롯데,134.8,,143.8,,,131.1,129.9,,,,
주현상,2022,2022-08-24,LG,143.1,,147.5,,,134.0,133.2,,,,
주현상,2022,2022-09-01,키움,136.4,,144.8,,,131.3,130.3,,,,
주현상,2022,2022-09-09,두산,136.6,,143.3,,120.0,134.0,128.5,,,,
주현상,2022,2022-09-11,SSG,143.9,,147.6,,,124.0,134.0,,,,
주현상,2022,2022-09-13,KT,140.2,,145.2,,120.0,131.5,128.0,,,,
주현상,2022,2022-09-16,KIA,140.6,,146.8,,,134.2,135.0,,,,
주현상,2022,2022-09-21,롯데,137.2,,143.0,,,132.0,132.6,,,,
주현상,2022,2022-09-24,LG,139.7,,145.7,,,135.0,131.0,,,,
주현상,2022,2022-09-25,두산,135.5,,144.0,,,132.7,,,,,
주현상,2022,2022-09-28,LG,133.6,,142.9,,119.1,129.7,130.8,,,,
주현상,2022,2022-10-06,키움,146.6,,148.0,,,,134.0,,,,
주현상,2022,2022-10-08,NC,133.4,,144.5,,120.5,130.9,133.0,,,,
주현상,2021,2021-04-07,SSG,137.1,,142.6,,118.0,128.0,129.0,,,,
주현상,2021,2021-04-09,두산,134.9,,142.5,,,131.2,125.6,,,,
주현상,2021,2021-04-13,삼성,134.2,,141.0,,116.0,128.0,,,,,
주현상,2021,2021-04-16,NC,135.2,,141.0,,,131.2,125.5,,,,
주현상,2021,2021-04-22,키움,139.9,,142.8,,,131.0,,,,,
주현상,2021,2021-04-24,LG,136.5,,142.0,,114.0,125.0,127.0,,,,
주현상,2021,2021-04-30,롯데,133.8,,143.8,,116.7,126.1,128.4,,131.2,,
주현상,2021,2021-05-08,LG,135.8,,143.9,,119.5,128.5,130.0,,,,
주현상,2021,2021-05-11,NC,134.7,,140.6,,117.8,127.4,125.1,,,,
주현상,2021,2021-05-15,키움,136.1,,142.5,,119.5,132.0,126.9,,,,
주현상,2021,2021-05-19,롯데,138.5,,143.2,,120.5,129.7,129.7,,,,
주현상,2021,2021-05-23,KT,139.5,,144.2,,121.5,130.0,129.3,,,,
주현상,2021,2021-05-26,두산,136.6,,143.6,,,129.3,128.4,,,,
주현상,2021,2021-05-29,SSG,135.2,,142.5,,116.5,131.2,129.2,,,,
주현상,2021,2021-05-30,SSG,132.3,,141.0,,,132.0,126.7,,,,
주현상,2021,2021-06-01,KIA,136.9,,143.4,,,132.8,131.0,,,,
주현상,2021,2021-06-06,NC,142.0,,142.0,,,,,,,,
주현상,2021,2021-06-09,키움,135.5,,142.9,,117.0,131.0,129.8,,,,
주현상,2021,2021-06-11,KT,135.0,,144.7,,,130.0,130.2,,,,
주현상,2021,2021-06-16,롯데,136.3,,141.4,,116.3,130.5,125.8,,,,
주현상,2021,2021-06-19,SSG,135.1,,143.8,,117.0,,125.5,,,,
주현상,2021,2021-06-22,삼성,135.1,,139.2,,113.0,129.7,126.0,,,,
주현상,2021,2021-06-26,KT,136.5,,142.5,,117.0,132.1,127.2,,,,
주현상,2021,2021-07-04,LG,134.4,,144.4,,119.0,128.0,127.0,,,,
주현상,2021,2021-07-05,LG,138.9,,143.9,,120.0,,128.5,,,,
주현상,2021,2021-07-07,KIA,139.5,,145.1,,119.0,124.0,130.0,,,,
주현상,2021,2021-07-10,SSG,136.5,,144.1,,118.0,131.0,129.2,,,,
주현상,2021,2021-09-07,NC,139.0,,144.0,,,131.0,128.3,,,,
주현상,2021,2021-09-09,LG,138.6,,142.3,,,130.5,127.7,,,,
주현상,2021,2021-09-12,삼성,136.9,,141.9,,121.0,133.0,127.0,,,,
주현상,2021,2021-09-14,SSG,136.6,,141.9,,,133.7,126.8,,,,
주현상,2021,2021-09-17,키움,135.5,,142.3,,121.0,134.8,127.6,,,,
주현상,2021,2021-09-19,롯데,141.5,,143.4,,,135.0,128.0,,,,
주현상,2021,2021-09-28,키움,139.0,,144.0,,,,129.0,,,,
주현상,2021,2021-10-02,KIA,137.7,,142.3,,,132.5,127.1,,,,
주현상,2021,2021-10-06,두산,132.2,,141.0,,,,126.3,,,,
주현상,2021,2021-10-07,SSG,134.5,,142.0,,,,127.0,,,,
주현상,2021,2021-10-10,KIA,136.4,,143.7,,120.7,,130.1,,,,
주현상,2021,2021-10-17,KT,134.7,,141.4,,,,126.2,,,,
주현상,2021,2021-10-22,롯데,133.3,,144.0,,,,128.0,,,,
주현상,2021,2021-10-25,키움,136.6,,141.1,,117.0,131.3,127.7,,,,
주현상,2021,2021-10-28,LG,137.8,,142.5,,,134.2,128.6,,,,
주현상,2021,2021-10-30,두산,136.8,,144.2,,123.0,133.2,128.0,,,,
한승혁,2024,2024-03-23,LG,149.0,,152.3,,,139.0,,,,,
한승혁,2024,2024-03-26,SSG,138.2,,151.8,,120.2,136.0,,,137.5,,
한승혁,2024,2024-03-27,SSG,135.8,,153.0,,120.2,,,,138.5,,
한승혁,2024,2024-03-29,KT,139.5,,149.5,,117.2,135.0,,,135.5,,
한승혁,2024,2024-03-30,KT,139.1,,147.2,,116.0,134.5,,,135.5,,
한승혁,2024,2024-04-02,롯데,144.3,,150.3,,,136.0,,,134.7,,
한승혁,2024,2024-04-04,롯데,143.1,,148.3,,117.0,134.0,,,134.5,,
한승혁,2024,2024-04-07,키움,140.5,,150.6,,120.5,137.5,,,134.9,,
한승혁,2024,2024-04-09,두산,144.0,,152.1,,119.0,139.0,,,,,
한승혁,2024,2024-04-11,두산,146.6,,151.5,,121.0,136.5,,,139.0,,
한승혁,2024,2024-04-14,KIA,141.0,,150.1,,117.2,137.3,,,135.3,,
한승혁,2024,2024-04-16,NC,143.3,,149.7,,120.0,137.5,,,136.0,,
한승혁,2024,2024-04-19,삼성,139.1,,148.7,,115.2,,,,,,
한승혁,2024,2024-04-21,삼성,141.4,,148.2,,120.0,133.4,,,132.0,,
한승혁,2024,2024-04-23,KT,134.3,,146.3,,116.6,130.7,,,133.4,,
한승혁,2024,2024-04-26,두산,137.4,,145.5,,116.5,132.5,,,132.8,,
한승혁,2024,2024-05-15,NC,137.1,,144.0,,116.0,132.2,,,132.0,,
한승혁,2024,2024-05-17,삼성,133.9,,147.0,,115.3,132.7,,,134.2,,
한승혁,2024,2024-05-23,LG,134.8,145.0,146.2,,118.2,134.1,,,134.0,,
한승혁,2024,2024-05-28,롯데,138.1,,147.1,,115.5,134.2,,,134.0,,
한승혁,2024,2024-05-30,롯데,141.5,,145.8,,,134.0,,,133.5,,
한승혁,2024,2024-05-31,삼성,131.6,,145.0,,115.4,131.5,,,131.6,,
한승혁,2024,2024-06-04,KT,137.5,,146.4,,117.0,136.0,,,137.0,,
한승혁,2024,2024-06-05,KT,134.3,,146.6,,115.6,135.0,,,135.2,,
한승혁,2024,2024-06-07,NC,134.3,,146.8,,114.5,134.7,,,135.0,,
한승혁,2024,2024-06-09,NC,132.5,,146.0,,114.7,132.2,,,132.7,,
한승혁,2024,2024-06-11,두산,140.6,,146.6,,112.0,133.5,,,135.0,,
한승혁,2024,2024-06-12,두산,142.2,,150.7,,117.0,138.8,,,136.0,,
한승혁,2024,2024-06-15,SSG,138.4,,143.5,,,133.9,,,,,
한승혁,2024,2024-06-16,SSG,137.0,,143.9,,115.0,132.5,,,,,
한승혁,2024,2024-06-19,키움,138.2,,145.4,,112.0,135.0,,,,,
한승혁,2024,2024-06-23,KIA,138.5,,147.8,,117.2,135.8,,,136.3,,
한승혁,2024,2024-06-25,두산,140.3,,145.1,,114.0,134.0,,,,,
한승혁,2024,2024-06-27,두산,135.9,,146.2,,117.0,134.0,,,134.0,,
한승혁,2024,2024-06-28,롯데,139.4,,145.5,,117.0,131.5,,,135.7,,
한승혁,2024,2024-07-02,KT,135.6,,144.4,,116.0,130.8,,,132.5,,
한승혁,2024,2024-07-04,KT,139.4,,146.7,,117.5,134.0,,,,,
한승혁,2024,2024-07-09,키움,134.3,,148.4,,117.0,136.5,,,,,
한승혁,2024,2024-07-11,키움,133.8,,149.6,,116.6,136.5,,,134.0,,
한승혁,2024,2024-07-14,LG,139.1,,145.9,,116.0,134.5,,,134.0,,
한승혁,2024,2024-07-18,NC,144.1,,147.3,,,140.7,,,137.0,,
한승혁,2024,2024-07-21,KIA,135.4,,144.7,,118.2,133.0,,,137.3,,
한승혁,2024,2024-07-23,삼성,140.8,,145.7,,115.0,136.7,,,134.0,,
한승혁,2024,2024-07-28,LG,141.3,147.5,148.0,,118.0,137.8,,,136.0,,
한승혁,2024,2024-07-30,KT,145.5,,148.3,,,138.0,,,135.0,,
한승혁,2024,2024-08-02,KIA,137.0,,145.8,,114.0,133.6,,,133.0,,
한승혁,2024,2024-08-06,삼성,135.3,,145.6,,115.4,133.2,,,134.4,,
한승혁,2024,2024-08-08,삼성,135.0,,145.3,,115.0,132.4,,,133.0,,
한승혁,2024,2024-08-09,키움,140.7,,145.5,,118.0,131.5,,,134.2,,
한승혁,2024,2024-08-14,LG,137.2,,144.2,,114.5,133.4,,,138.0,,
한승혁,2024,2024-08-16,SSG,142.4,,147.0,,117.0,135.8,,,135.0,,
한승혁,2024,2024-08-17,SSG,141.5,,148.9,,119.0,138.0,,,136.9,,
한승혁,2024,2024-08-20,NC,141.0,,141.0,,,,,,,,
한승혁,2024,2024-08-23,두산,138.3,,146.5,,117.7,133.4,,,135.0,,
한승혁,2024,2024-08-24,두산,136.9,,144.7,,113.0,133.2,,,,,
한승혁,2024,2024-08-27,롯데,139.3,,145.4,,,133.7,,,134.2,,
한승혁,2024,2024-08-28,롯데,141.6,,145.7,,,134.0,,,133.0,,
한승혁,2024,2024-08-31,KT,138.1,,145.7,,116.0,133.1,,,134.2,,
한승혁,2024,2024-09-03,두산,134.1,,146.1,,114.8,137.3,,,137.0,,
한승혁,2024,2024-09-05,KIA,140.2,,148.1,,117.3,138.0,,,,,
한승혁,2024,2024-09-06,LG,132.1,,145.3,,116.2,134.5,,,135.0,,
한승혁,2024,2024-09-14,롯데,138.3,,144.8,,116.5,,,,135.7,,
한승혁,2024,2024-09-15,롯데,142.8,,145.5,,,132.0,,,,,
한승혁,2024,2024-09-17,NC,138.2,,144.9,,115.0,131.8,,,135.5,,
한승혁,2024,2024-09-19,NC,137.5,,149.3,,116.0,136.1,,,,,
한승혁,2024,2024-09-22,롯데,137.9,,145.4,,,132.8,,,134.6,,
한승혁,2024,2024-09-25,LG,143.7,,148.8,,117.0,136.0,,,135.5,,
한승혁,2024,2024-09-27,KIA,138.8,,145.8,,111.0,133.2,,,135.5,,
한승혁,2024,2024-09-29,NC,141.4,,146.8,,,132.8,,,133.5,,
한승혁,2023,2023-04-02,키움,143.3,,151.6,,125.0,139.8,,,141.0,,
한승혁,2023,2023-04-04,삼성,137.2,143.0,146.0,,118.3,134.0,,,,,
한승혁,2023,2023-04-07,SSG,142.3,145.0,146.8,,,133.5,,,134.0,,
한승혁,2023,2023-04-09,SSG,149.3,149.0,150.0,,,,,,,,
한승혁,2023,2023-04-12,KIA,141.4,152.0,151.1,,122.0,138.0,,,,,
한승혁,2023,2023-04-14,KT,139.5,146.0,145.8,,114.0,136.3,,,,,
한승혁,2023,2023-04-16,KT,139.4,144.1,146.5,,118.0,131.0,,,134.1,,
한승혁,2023,2023-04-19,두산,139.4,147.0,150.0,,121.0,137.5,,,134.0,,
한승혁,2023,2023-04-21,LG,141.8,148.0,148.3,,119.0,137.5,,,137.8,,
한승혁,2023,2023-04-26,롯데,138.5,145.4,147.2,,115.8,132.4,,,135.0,,
한승혁,2023,2023-06-06,두산,138.4,145.7,149.1,,119.0,136.8,,,137.3,,
한승혁,2023,2023-06-08,두산,141.5,147.5,148.2,,121.0,137.5,,,140.0,,
한승혁,2023,2023-06-11,LG,142.9,147.1,148.8,,123.0,138.6,,,138.2,,
한승혁,2023,2023-06-17,키움,140.9,147.0,148.9,,121.0,135.8,,,137.5,,
한승혁,2023,2023-06-22,KIA,140.1,146.2,147.5,,120.7,135.1,,,137.2,,
한승혁,2023,2023-06-28,KT,138.0,144.7,146.4,,118.3,134.4,,,135.0,,
한승혁,2023,2023-07-21,NC,137.4,143.0,144.0,,,132.5,,,132.0,,
한승혁,2023,2023-07-25,키움,136.3,144.5,145.9,,120.0,133.1,,,137.7,,
한승혁,2023,2023-07-30,SSG,136.9,145.7,147.0,,121.2,135.5,,,138.2,,
한승혁,2023,2023-08-05,KIA,137.0,145.6,147.8,,120.9,136.7,,,135.1,,
한승혁,2023,2023-08-11,두산,138.4,145.7,147.9,,119.1,134.4,,,137.4,,
한승혁,2022,2022-04-07,한화,142.1,144.9,147.4,,119.9,135.0,,,137.1,,
한승혁,2022,2022-04-19,두산,143.2,147.5,149.9,,120.0,138.8,,,138.9,,
한승혁,2022,2022-04-24,키움,139.8,144.9,147.8,,121.4,137.2,,,137.9,,
한승혁,2022,2022-04-30,삼성,140.4,147.4,148.7,,121.2,136.9,,,137.1,,
한승혁,2022,2022-05-06,한화,142.2,146.9,149.7,,120.1,137.2,,,137.1,,
한승혁,2022,2022-05-12,KT,142.2,147.3,150.9,,121.0,138.4,,,138.1,,
한승혁,2022,2022-05-18,롯데,139.0,144.5,146.8,,119.5,135.3,,,137.0,,
한승혁,2022,2022-05-24,삼성,139.7,146.2,145.7,,119.1,137.0,,,135.2,,
한승혁,2022,2022-05-29,SSG,140.5,146.9,147.2,,118.8,137.0,,,137.4,,
한승혁,2022,2022-06-12,키움,141.8,146.6,150.0,,119.0,137.2,,,137.2,,
한승혁,2022,2022-06-18,삼성,140.8,146.6,148.6,,119.0,137.1,,,138.3,,
한승혁,2022,2022-06-24,두산,141.1,147.8,148.4,,120.0,138.4,,,137.3,,
한승혁,2022,2022-06-30,키움,140.7,145.7,148.3,,120.0,137.6,,,136.4,,
한승혁,2022,2022-07-10,한화,139.6,147.1,148.4,,121.0,137.4,,,137.0,,
한승혁,2022,2022-07-27,NC,140.7,146.1,,,116.7,135.2,,,133.5,,
한승혁,2022,2022-07-30,SSG,142.1,147.4,,,118.0,139.5,,,136.3,,
한승혁,2022,2022-08-03,한화,140.5,147.5,148.9,,120.5,136.6,,,137.2,,
한승혁,2022,2022-08-05,두산,139.0,147.7,150.0,,120.0,137.1,,,135.2,,
한승혁,2022,2022-08-07,두산,141.1,146.4,147.7,,,136.4,,,135.1,,
한승혁,2022,2022-08-10,삼성,142.6,143.3,,,,,,,135.0,,
한승혁,2022,2022-09-07,롯데,136.7,142.5,142.7,,116.2,134.1,,,131.8,,
한승혁,2022,2022-09-23,NC,142.6,145.4,145.7,,,136.0,,,136.5,,
한승혁,2022,2022-10-05,LG,140.3,145.1,146.2,,117.0,134.8,,,135.3,,
한승혁,2022,2022-10-08,KT,137.1,144.5,147.2,,118.8,136.3,,,137.0,,
한승혁,2021,2021-09-01,두산,142.4,,149.7,,120.0,135.3,,,,,
한승혁,2021,2021-09-03,삼성,141.2,,149.6,,118.0,136.5,,,,,
한승혁,2021,2021-09-05,한화,146.6,,151.3,,,138.3,,,138.5,,
한승혁,2021,2021-09-12,NC,141.7,149.7,150.4,,120.2,136.6,,,137.8,,
한승혁,2021,2021-09-17,삼성,141.6,146.3,150.5,,121.3,136.7,,,139.6,,
한승혁,2021,2021-09-23,두산,140.1,146.5,149.6,,120.9,136.3,,,137.4,,
한승혁,2021,2021-10-03,한화,141.3,145.7,147.6,,117.8,135.6,,,138.1,,
한승혁,2021,2021-10-09,한화,138.6,144.4,146.9,,120.0,134.1,,,136.5,,
황준서,2024,2024-03-31,KT,132.3,,141.7,,110.8,,,,126.9,,
황준서,2024,2024-04-06,키움,136.4,,144.5,,111.0,,,,127.2,,
황준서,2024,2024-04-10,두산,136.4,,140.9,,,,,,123.6,,
황준서,2024,2024-04-12,KIA,132.4,,140.6,,108.0,,,,124.7,,
황준서,2024,2024-04-14,KIA,129.8,,142.6,,109.0,,,,124.4,,
황준서,2024,2024-04-20,삼성,131.5,,140.4,,109.3,,,,124.4,,
황준서,2024,2024-04-26,두산,134.1,,140.0,,110.0,,,,124.8,,
황준서,2024,2024-05-02,SSG,132.9,,139.2,,109.2,,,,124.9,,
황준서,2024,2024-05-11,키움,131.5,,140.6,,109.0,,,,125.1,,
황준서,2024,2024-05-17,삼성,131.5,,140.0,,109.2,,,,123.6,,
황준서,2024,2024-05-23,LG,128.9,,137.7,,109.0,,,,123.2,,
황준서,2024,2024-05-29,롯데,131.1,,137.2,,111.3,,,,121.6,,
황준서,2024,2024-06-04,KT,133.1,,138.6,,106.0,,,,123.0,,
황준서,2024,2024-06-15,SSG,130.5,,136.7,,106.3,,,,121.5,,
황준서,2024,2024-06-21,KIA,134.4,,140.5,,110.7,,,,125.7,,
황준서,2024,2024-06-26,두산,135.5,,136.9,,,,,,123.0,,
황준서,2024,2024-07-04,KT,133.8,,140.4,,107.0,,,,123.2,,
황준서,2024,2024-07-09,키움,135.8,,138.6,,,,,,122.0,,
황준서,2024,2024-07-13,LG,131.8,,139.8,,107.5,,,,120.8,,
황준서,2024,2024-07-17,NC,133.9,,144.2,,,,,,125.3,,
황준서,2024,2024-07-19,KIA,133.0,,138.8,,,,,,121.4,,
황준서,2024,2024-07-20,KIA,132.2,,140.5,,109.0,,,,124.8,,
황준서,2024,2024-07-28,LG,132.0,,141.0,,,,,,123.8,,
황준서,2024,2024-08-01,KT,132.3,,140.5,,,,,,124.2,,
황준서,2024,2024-08-21,NC,131.5,,140.2,,109.0,,,,123.2,,
황준서,2024,2024-08-24,두산,133.0,,138.4,,,,,,120.3,,
황준서,2024,2024-08-29,롯데,129.8,,141.7,,109.5,,,,125.1,,
황준서,2024,2024-08-31,KT,133.9,,140.4,,,,,,124.8,,
황준서,2024,2024-09-07,LG,133.6,,140.3,,108.0,,,,122.0,,
황준서,2024,2024-09-08,LG,132.8,,140.1,,107.0,,,,124.8,,
황준서,2024,2024-09-11,삼성,128.1,,136.7,,106.0,,,,121.9,,
황준서,2024,2024-09-12,삼성,129.2,,138.7,,,,,,122.1,,
황준서,2024,2024-09-14,롯데,131.5,,142.0,,111.3,,,,125.4,,
황준서,2024,2024-09-18,NC,133.5,,142.0,,,,,,125.0,,
황준서,2024,2024-09-24,키움,128.8,,141.5,,,,,,124.5,,
황준서,2024,2024-09-29,NC,140.0,,140.0,,,,,,,,
