Name,Team,Year,Date,Opp,Role,Dec,ERA,WHIP,IP,NP,R,ER,H,HR,SO,BB,HB,GS,Venue,Stadium,Time,Temp
배찬승,Samsung,2025,2025-07-08,@ NC,RP,,0.0,6.0,0 ⅓,9,0,0,1,0,0,1,0,,Away,창원 NC 파크,18:30,32.8
배찬승,Samsung,2025,2025-07-06,vs. LG,RP,,27.0,3.0,0 ⅓,7,1,1,1,0,0,0,0,,Home,대구 삼성 라이온즈 파크,17:00,29.9
배찬승,Samsung,2025,2025-07-05,vs. LG,RP,,0.0,,0,15,0,0,0,0,0,3,0,,Home,대구 삼성 라이온즈 파크,18:00,30.5
배찬승,Samsung,2025,2025-07-02,@ Doosan,RP,,0.0,0.0,1,13,0,0,0,0,2,0,0,,Away,잠실 야구장,18:30,31.3
배찬승,Samsung,2025,2025-06-29,@ Kiwoom,RP,,0.0,0.0,1,15,0,0,0,0,2,0,0,,Away,고척 스카이돔,14:00,25.5
배찬승,Samsung,2025,2025-06-26,vs. Hanwha,RP,,0.0,3.0,0 ⅓,9,0,0,1,0,1,0,0,,Home,대구 삼성 라이온즈 파크,18:30,24.9
배찬승,Samsung,2025,2025-06-25,vs. Hanwha,RP,,0.0,1.0,1,7,0,0,1,0,0,0,0,,Home,대구 삼성 라이온즈 파크,18:30,24.9
배찬승,Samsung,2025,2025-06-22,@ Lotte,RP,,0.0,1.0,1,17,0,0,1,0,3,0,0,,Away,사직 야구장,17:00,23.3
배찬승,Samsung,2025,2025-06-19,vs. Doosan,RP,L,27.0,4.5,0 ⅔,23,2,2,2,0,0,1,1,,Home,대구 삼성 라이온즈 파크,18:30,27.6
배찬승,Samsung,2025,2025-06-18,vs. Doosan,RP,,0.0,1.0,1,12,0,0,0,0,1,1,0,,Home,대구 삼성 라이온즈 파크,18:30,23.1
배찬승,Samsung,2025,2025-06-12,@ Kia,RP,H,0.0,1.0,1,13,0,0,1,0,1,0,0,,Away,광주 기아 챔피언스 필드,18:30,26.3
배찬승,Samsung,2025,2025-06-11,@ Kia,RP,,0.0,6.0,0 ⅓,16,2,0,1,0,0,1,0,,Away,광주 기아 챔피언스 필드,18:30,27.1
배찬승,Samsung,2025,2025-06-06,vs. NC,RP,H,0.0,1.0,1,19,0,0,1,0,1,0,0,,Home,대구 삼성 라이온즈 파크,18:30,21.7
배찬승,Samsung,2025,2025-06-05,@ SSG,RP,H,13.5,4.5,0 ⅔,24,1,1,2,0,1,1,0,,Away,인천 SSG 랜더스필드,18:30,20.8
배찬승,Samsung,2025,2025-05-30,@ LG,RP,H,0.0,0.0,1,12,0,0,0,0,0,0,0,,Away,잠실 야구장,18:30,27.4
배찬승,Samsung,2025,2025-05-29,vs. Lotte,RP,H,6.75,2.25,1 ⅓,20,1,1,3,0,1,0,0,,Home,대구 삼성 라이온즈 파크,18:30,19.2
배찬승,Samsung,2025,2025-05-27,vs. Lotte,RP,,27.0,3.0,0 ⅔,21,2,2,2,0,2,0,0,,Home,대구 삼성 라이온즈 파크,18:30,20.1
배찬승,Samsung,2025,2025-05-25,vs. Kia,RP,,0.0,0.0,1,14,0,0,0,0,1,0,0,,Home,대구 삼성 라이온즈 파크,14:00,19.3
배찬승,Samsung,2025,2025-05-23,vs. Kia,RP,,0.0,2.4,1 ⅔,31,0,0,2,0,2,2,0,,Home,대구 삼성 라이온즈 파크,18:30,18.4
배찬승,Samsung,2025,2025-05-22,@ Kiwoom,RP,H,0.0,0.0,0 ⅓,9,0,0,0,0,0,0,0,,Away,고척 스카이돔,18:30,25.5
배찬승,Samsung,2025,2025-05-18,@ Lotte,RP,,0.0,0.0,1,9,0,0,0,0,0,0,0,,Away,사직 야구장,14:00,20.8
배찬승,Samsung,2025,2025-05-17,@ Lotte,RP,,0.0,1.0,1,13,0,0,1,0,0,0,0,,Away,사직 야구장,17:00,20.9
배찬승,Samsung,2025,2025-05-13,vs. KT,RP,,18.0,2.0,1,19,2,2,2,1,2,0,0,,Home,대구 삼성 라이온즈 파크,18:30,19.5
배찬승,Samsung,2025,2025-05-11,vs. LG,RP,,0.0,4.5,0 ⅔,16,0,0,1,0,0,2,0,,Home,대구 삼성 라이온즈 파크,14:00,17.9
배찬승,Samsung,2025,2025-05-10,vs. LG,RP,,0.0,1.5,1 ⅓,32,0,0,2,0,1,0,1,,Home,대구 삼성 라이온즈 파크,17:00,17.6
배찬승,Samsung,2025,2025-05-07,@ Hanwha,RP,,0.0,0.0,1,12,0,0,0,0,2,0,0,,Away,대전 한화생명 볼파크,18:30,19.5
배찬승,Samsung,2025,2025-05-06,@ Hanwha,RP,,0.0,1.0,1,17,0,0,1,0,2,0,0,,Away,대전 한화생명 볼파크,18:30,16.9
배찬승,Samsung,2025,2025-05-04,vs. Doosan,RP,,18.0,3.0,1,26,2,2,3,1,1,0,0,,Home,대구 삼성 라이온즈 파크,14:00,20.7
배찬승,Samsung,2025,2025-04-29,@ SSG,RP,,0.0,,0,4,0,0,0,0,0,1,0,,Away,인천 SSG 랜더스필드,18:30,14.9
배찬승,Samsung,2025,2025-04-27,vs. NC,RP,,54.0,9.0,0 ⅓,19,2,2,3,0,0,0,0,,Home,대구 삼성 라이온즈 파크,14:00,20.2
배찬승,Samsung,2025,2025-04-25,vs. NC,RP,H,0.0,1.5,0 ⅔,12,0,0,0,0,1,1,0,,Home,대구 삼성 라이온즈 파크,18:30,16.8
배찬승,Samsung,2025,2025-04-23,vs. Kia,RP,H,0.0,0.0,0 ⅔,6,0,0,0,0,2,0,0,,Home,대구 삼성 라이온즈 파크,18:30,13.9
배찬승,Samsung,2025,2025-04-19,vs. Lotte,RP,,0.0,2.0,1,16,0,0,1,0,0,1,0,,Home,대구 삼성 라이온즈 파크,17:00,18.4
배찬승,Samsung,2025,2025-04-15,@ LG,RP,,54.0,15.0,0 ⅓,21,2,2,2,0,0,3,0,,Away,잠실 야구장,18:30,11.5
배찬승,Samsung,2025,2025-04-13,@ KT,RP,,0.0,1.0,1,13,0,0,0,0,0,1,0,,Away,수원 KT 위즈파크,14:00,3.6
배찬승,Samsung,2025,2025-04-10,vs. SSG,RP,,0.0,0.0,1,15,0,0,0,0,0,0,0,,Home,대구 삼성 라이온즈 파크,18:30,14.9
배찬승,Samsung,2025,2025-04-08,vs. SSG,RP,,0.0,0.0,1,14,0,0,0,0,1,0,0,,Home,대구 삼성 라이온즈 파크,18:30,17.3
배찬승,Samsung,2025,2025-04-05,vs. Hanwha,RP,,0.0,3.0,0 ⅓,6,0,0,1,0,1,0,0,,Home,대구 삼성 라이온즈 파크,17:00,13.4
배찬승,Samsung,2025,2025-03-30,@ Doosan,RP,H,0.0,0.0,1,10,0,0,0,0,1,0,0,,Away,잠실 야구장,14:00,3.4
배찬승,Samsung,2025,2025-03-29,@ Doosan,RP,,0.0,1.5,0 ⅔,15,0,0,0,0,1,1,0,,Away,잠실 야구장,17:00,1.5
배찬승,Samsung,2025,2025-03-27,vs. NC,RP,,13.5,6.0,0 ⅔,24,1,1,2,0,1,2,0,,Home,대구 삼성 라이온즈 파크,18:30,17.1
배찬승,Samsung,2025,2025-03-23,vs. Kiwoom,RP,H,0.0,0.0,1,8,0,0,0,0,1,0,0,,Home,대구 삼성 라이온즈 파크,14:00,18.7
최원태,Samsung,2025,2025-07-09,@ NC,SP,L,3.0,1.17,6,94,3,2,5,0,3,2,1,52.0,Away,창원 NC 파크,18:30,30.8
최원태,Samsung,2025,2025-07-03,@ Doosan,SP,,4.5,1.67,6,98,3,3,9,0,3,1,0,46.0,Away,잠실 야구장,18:30,31.2
최원태,Samsung,2025,2025-06-27,@ Kiwoom,SP,,1.8,1.8,5,105,1,1,4,0,7,5,0,57.0,Away,고척 스카이돔,18:30,25.5
최원태,Samsung,2025,2025-06-15,vs. KT,SP,L,13.5,1.75,4,79,6,6,6,2,3,1,0,28.0,Home,대구 삼성 라이온즈 파크,17:00,25.2
최원태,Samsung,2025,2025-06-10,@ Kia,SP,W,0.0,0.83,6,96,0,0,2,0,7,3,0,72.0,Away,광주 기아 챔피언스 필드,18:30,25.4
최원태,Samsung,2025,2025-06-04,@ SSG,SP,L,6.75,1.5,5 ⅓,93,4,4,7,0,6,1,0,43.0,Away,인천 SSG 랜더스필드,18:30,21.5
최원태,Samsung,2025,2025-05-29,vs. Lotte,SP,W,3.6,1.4,5,98,2,2,3,2,7,4,1,55.0,Home,대구 삼성 라이온즈 파크,18:30,19.2
최원태,Samsung,2025,2025-05-17,@ Lotte,SP,,15.0,2.0,3,55,5,5,5,0,3,1,1,30.0,Away,사직 야구장,17:00,20.9
최원태,Samsung,2025,2025-05-11,vs. LG,SP,,3.38,1.31,5 ⅓,94,3,2,4,0,4,3,0,51.0,Home,대구 삼성 라이온즈 파크,14:00,17.9
최원태,Samsung,2025,2025-05-05,@ Hanwha,SP,L,2.84,1.11,6 ⅓,92,2,2,6,1,8,1,0,60.0,Away,대전 한화생명 볼파크,14:00,15.7
최원태,Samsung,2025,2025-04-29,@ SSG,SP,,1.42,0.79,6 ⅓,96,1,1,3,0,6,2,0,67.0,Away,인천 SSG 랜더스필드,18:30,14.9
최원태,Samsung,2025,2025-04-23,vs. Kia,SP,W,3.38,1.69,5 ⅓,96,2,2,7,0,5,2,0,49.0,Home,대구 삼성 라이온즈 파크,18:30,13.9
최원태,Samsung,2025,2025-04-16,@ LG,SP,L,16.2,3.0,3 ⅓,73,6,6,6,1,2,4,0,22.0,Away,잠실 야구장,18:30,21.1
최원태,Samsung,2025,2025-04-08,vs. SSG,SP,W,3.6,2.2,5,104,2,2,6,0,3,5,0,45.0,Home,대구 삼성 라이온즈 파크,18:30,17.3
최원태,Samsung,2025,2025-04-02,@ Kia,SP,,3.0,1.17,6,110,2,2,4,1,9,3,0,62.0,Away,광주 기아 챔피언스 필드,18:30,10.3
최원태,Samsung,2025,2025-03-25,vs. NC,SP,W,7.2,1.8,5,83,4,4,6,0,4,3,1,39.0,Home,대구 삼성 라이온즈 파크,18:30,15.7
김대호,Samsung,2025,2025-07-08,@ NC,RP,,0.0,0.0,1,14,0,0,0,0,2,0,0,,Away,창원 NC 파크,18:30,32.8
김대호,Samsung,2025,2025-06-20,@ Lotte,SP,L,4.91,1.36,3 ⅔,62,2,2,3,0,1,2,0,46.0,Away,사직 야구장,18:30,26.5
김대호,Samsung,2025,2025-06-15,vs. KT,RP,,3.0,0.67,3,41,1,1,2,1,5,0,0,,Home,대구 삼성 라이온즈 파크,17:00,25.2
김대호,Samsung,2025,2025-06-14,vs. KT,RP,,0.0,1.0,1,17,0,0,1,0,0,0,0,,Home,대구 삼성 라이온즈 파크,17:00,24.0
김대호,Samsung,2025,2025-04-25,vs. NC,SP,,27.0,6.0,0 ⅔,27,2,2,0,0,0,4,1,39.0,Home,대구 삼성 라이온즈 파크,18:30,16.8
김대호,Samsung,2025,2025-04-19,vs. Lotte,SP,,0.0,1.88,2 ⅔,51,0,0,2,0,2,3,0,53.0,Home,대구 삼성 라이온즈 파크,17:00,18.4
김대호,Samsung,2025,2025-03-27,vs. NC,SP,,7.36,2.45,3 ⅔,69,4,3,6,1,4,3,0,36.0,Home,대구 삼성 라이온즈 파크,18:30,17.1
김재윤,Samsung,2025,2025-07-10,@ NC,RP,H,0.0,0.0,0 ⅓,4,0,0,0,0,0,0,0,,Away,창원 NC 파크,18:30,30.5
김재윤,Samsung,2025,2025-07-08,@ NC,RP,,13.5,3.0,0 ⅔,16,1,1,2,0,0,0,0,,Away,창원 NC 파크,18:30,32.8
김재윤,Samsung,2025,2025-06-26,vs. Hanwha,RP,,27.0,3.0,0 ⅓,7,1,1,1,0,0,0,0,,Home,대구 삼성 라이온즈 파크,18:30,24.9
김재윤,Samsung,2025,2025-06-22,@ Lotte,RP,,0.0,1.5,0 ⅔,18,0,0,1,0,0,0,0,,Away,사직 야구장,17:00,23.3
김재윤,Samsung,2025,2025-06-20,@ Lotte,RP,,9.0,1.0,1,17,1,1,1,1,2,0,0,,Away,사직 야구장,18:30,26.5
김재윤,Samsung,2025,2025-06-18,vs. Doosan,RP,W,0.0,0.0,0 ⅓,10,0,0,0,0,1,0,0,,Home,대구 삼성 라이온즈 파크,18:30,23.1
김재윤,Samsung,2025,2025-06-17,vs. Doosan,RP,,9.0,1.0,1,13,1,1,1,1,1,0,0,,Home,대구 삼성 라이온즈 파크,18:30,25.3
김재윤,Samsung,2025,2025-06-11,@ Kia,RP,L,0.0,3.0,0 ⅔,17,2,0,1,0,0,1,0,,Away,광주 기아 챔피언스 필드,18:30,27.1
김재윤,Samsung,2025,2025-06-10,@ Kia,RP,,0.0,0.0,1,9,0,0,0,0,1,0,0,,Away,광주 기아 챔피언스 필드,18:30,25.4
김재윤,Samsung,2025,2025-06-07,vs. NC,RP,,27.0,4.5,0 ⅔,21,2,2,3,0,1,0,0,,Home,대구 삼성 라이온즈 파크,17:00,23.6
김재윤,Samsung,2025,2025-06-03,@ SSG,RP,,0.0,0.0,1 ⅓,17,0,0,0,0,2,0,0,,Away,인천 SSG 랜더스필드,18:30,20.9
김재윤,Samsung,2025,2025-05-31,@ LG,RP,H,0.0,0.5,2,18,0,0,1,0,2,0,0,,Away,잠실 야구장,17:00,25.6
김재윤,Samsung,2025,2025-05-30,@ LG,RP,W,0.0,1.5,0 ⅔,12,0,0,1,0,0,0,0,,Away,잠실 야구장,18:30,27.4
김재윤,Samsung,2025,2025-05-27,vs. Lotte,RP,,0.0,3.0,0 ⅓,11,0,0,1,0,0,0,0,,Home,대구 삼성 라이온즈 파크,18:30,20.1
김재윤,Samsung,2025,2025-05-23,vs. Kia,RP,L,81.0,9.0,0 ⅓,20,3,3,3,1,0,0,0,,Home,대구 삼성 라이온즈 파크,18:30,18.4
김재윤,Samsung,2025,2025-05-21,@ Kiwoom,RP,H,0.0,0.0,1,19,0,0,0,0,2,0,0,,Away,고척 스카이돔,18:30,25.5
김재윤,Samsung,2025,2025-05-20,@ Kiwoom,RP,,9.0,2.0,1,22,1,1,1,0,1,1,0,,Away,고척 스카이돔,18:30,25.5
김재윤,Samsung,2025,2025-05-18,@ Lotte,RP,,0.0,0.0,1,14,0,0,0,0,1,0,0,,Away,사직 야구장,14:00,20.8
김재윤,Samsung,2025,2025-05-17,@ Lotte,RP,L,13.5,1.5,0 ⅔,11,1,1,1,0,1,0,0,,Away,사직 야구장,17:00,20.9
김재윤,Samsung,2025,2025-05-15,vs. KT,RP,,0.0,1.0,1,13,0,0,1,0,0,0,0,,Home,대구 삼성 라이온즈 파크,18:30,19.0
김재윤,Samsung,2025,2025-05-13,vs. KT,RP,,0.0,0.0,1,11,0,0,0,0,0,0,0,,Home,대구 삼성 라이온즈 파크,18:30,19.5
김재윤,Samsung,2025,2025-05-07,@ Hanwha,RP,,81.0,9.0,0 ⅓,17,3,3,3,1,0,0,0,,Away,대전 한화생명 볼파크,18:30,19.5
김재윤,Samsung,2025,2025-05-06,@ Hanwha,RP,,0.0,1.0,1,12,0,0,1,0,0,0,0,,Away,대전 한화생명 볼파크,18:30,16.9
김재윤,Samsung,2025,2025-05-02,vs. Doosan,RP,,0.0,0.0,1,11,0,0,0,0,1,0,0,,Home,대구 삼성 라이온즈 파크,18:30,19.1
김재윤,Samsung,2025,2025-04-30,@ SSG,RP,,27.0,3.0,0 ⅔,21,2,2,1,1,1,1,0,,Away,인천 SSG 랜더스필드,18:30,20.6
김재윤,Samsung,2025,2025-04-29,@ SSG,RP,SV,0.0,0.0,1,6,0,0,0,0,0,0,0,,Away,인천 SSG 랜더스필드,18:30,14.9
김재윤,Samsung,2025,2025-04-27,vs. NC,RP,,0.0,0.0,1,11,0,0,0,0,1,0,0,,Home,대구 삼성 라이온즈 파크,14:00,20.2
김재윤,Samsung,2025,2025-04-25,vs. NC,RP,,9.0,1.0,1,16,1,1,1,1,0,0,0,,Home,대구 삼성 라이온즈 파크,18:30,16.8
김재윤,Samsung,2025,2025-04-20,vs. Lotte,RP,,0.0,0.0,1,7,0,0,0,0,0,0,0,,Home,대구 삼성 라이온즈 파크,14:00,14.7
김재윤,Samsung,2025,2025-04-17,@ LG,RP,SV,0.0,1.0,1,17,0,0,1,0,1,0,0,,Away,잠실 야구장,18:30,21.4
김재윤,Samsung,2025,2025-04-10,vs. SSG,RP,W,0.0,0.0,1,16,0,0,0,0,0,0,0,,Home,대구 삼성 라이온즈 파크,18:30,14.9
김재윤,Samsung,2025,2025-04-09,vs. SSG,RP,,0.0,1.0,1,15,0,0,1,0,1,0,0,,Home,대구 삼성 라이온즈 파크,18:30,14.9
김재윤,Samsung,2025,2025-04-05,vs. Hanwha,RP,L,27.0,4.0,1,31,3,3,3,1,1,1,0,,Home,대구 삼성 라이온즈 파크,17:00,13.4
김재윤,Samsung,2025,2025-04-02,@ Kia,RP,SV,0.0,0.0,1,18,0,0,0,0,1,0,0,,Away,광주 기아 챔피언스 필드,18:30,10.3
김재윤,Samsung,2025,2025-03-30,@ Doosan,RP,SV,0.0,2.0,1,16,0,0,1,0,0,1,0,,Away,잠실 야구장,14:00,3.4
김재윤,Samsung,2025,2025-03-27,vs. NC,RP,,54.0,6.0,0 ⅔,21,4,4,3,0,1,1,0,,Home,대구 삼성 라이온즈 파크,18:30,17.1
김재윤,Samsung,2025,2025-03-23,vs. Kiwoom,RP,SV,0.0,0.75,1 ⅓,8,0,0,1,0,1,0,0,,Home,대구 삼성 라이온즈 파크,14:00,18.7
김태훈,Samsung,2025,2025-07-10,@ NC,RP,,0.0,3.0,0 ⅔,14,0,0,1,0,1,1,1,,Away,창원 NC 파크,18:30,30.5
김태훈,Samsung,2025,2025-07-08,@ NC,RP,L,81.0,12.0,0 ⅓,18,3,3,2,0,0,2,0,,Away,창원 NC 파크,18:30,32.8
김태훈,Samsung,2025,2025-07-06,vs. LG,RP,,0.0,1.5,1 ⅓,25,0,0,1,0,0,1,0,,Home,대구 삼성 라이온즈 파크,17:00,29.9
김태훈,Samsung,2025,2025-07-04,vs. LG,RP,,0.0,3.0,0 ⅔,28,0,0,1,0,0,1,0,,Home,대구 삼성 라이온즈 파크,18:30,30.0
김태훈,Samsung,2025,2025-07-03,@ Doosan,RP,W,0.0,2.0,1,20,0,0,1,0,1,1,0,,Away,잠실 야구장,18:30,31.2
김태훈,Samsung,2025,2025-07-01,@ Doosan,RP,,0.0,0.0,1,13,0,0,0,0,2,0,0,,Away,잠실 야구장,18:30,32.3
김태훈,Samsung,2025,2025-06-27,@ Kiwoom,RP,,13.5,1.5,0 ⅔,8,1,1,1,0,0,0,0,,Away,고척 스카이돔,18:30,25.5
김태훈,Samsung,2025,2025-06-26,vs. Hanwha,RP,,0.0,0.0,1 ⅓,16,0,0,0,0,3,0,0,,Home,대구 삼성 라이온즈 파크,18:30,24.9
김태훈,Samsung,2025,2025-06-22,@ Lotte,RP,L,162.0,18.0,0 ⅓,29,6,6,4,0,1,2,0,,Away,사직 야구장,17:00,23.3
김태훈,Samsung,2025,2025-06-20,@ Lotte,RP,,0.0,1.0,1,16,0,0,1,0,0,0,0,,Away,사직 야구장,18:30,26.5
김태훈,Samsung,2025,2025-06-18,vs. Doosan,RP,,0.0,3.0,0 ⅔,13,0,0,1,0,1,1,0,,Home,대구 삼성 라이온즈 파크,18:30,23.1
김태훈,Samsung,2025,2025-06-12,@ Kia,RP,H,0.0,0.75,1 ⅓,16,0,0,1,0,2,0,0,,Away,광주 기아 챔피언스 필드,18:30,26.3
김태훈,Samsung,2025,2025-06-10,@ Kia,RP,H,0.0,0.0,1,12,0,0,0,0,3,0,0,,Away,광주 기아 챔피언스 필드,18:30,25.4
김태훈,Samsung,2025,2025-06-06,vs. NC,RP,,0.0,1.0,1,11,0,0,1,0,1,0,0,,Home,대구 삼성 라이온즈 파크,18:30,21.7
김태훈,Samsung,2025,2025-06-05,@ SSG,RP,H,0.0,2.0,1,24,0,0,0,0,2,2,0,,Away,인천 SSG 랜더스필드,18:30,20.8
김태훈,Samsung,2025,2025-06-01,@ LG,RP,H,0.0,0.0,1,16,0,0,0,0,3,0,0,,Away,잠실 야구장,17:00,25.6
김태훈,Samsung,2025,2025-05-31,@ LG,RP,H,0.0,1.0,1,12,0,0,1,0,1,0,0,,Away,잠실 야구장,17:00,25.6
김태훈,Samsung,2025,2025-05-29,vs. Lotte,RP,,0.0,2.0,1,24,0,0,1,0,2,1,0,,Home,대구 삼성 라이온즈 파크,18:30,19.2
김태훈,Samsung,2025,2025-05-27,vs. Lotte,RP,H,0.0,1.0,1,10,0,0,1,0,0,0,0,,Home,대구 삼성 라이온즈 파크,18:30,20.1
김태훈,Samsung,2025,2025-05-24,vs. Kia,RP,,5.4,0.6,1 ⅔,25,1,1,1,1,0,0,0,,Home,대구 삼성 라이온즈 파크,17:00,14.5
김태훈,Samsung,2025,2025-05-23,vs. Kia,RP,,0.0,2.0,1,20,0,0,1,0,2,1,0,,Home,대구 삼성 라이온즈 파크,18:30,18.4
김태훈,Samsung,2025,2025-05-21,@ Kiwoom,RP,,0.0,0.0,1,8,0,0,0,0,2,0,0,,Away,고척 스카이돔,18:30,25.5
김태훈,Samsung,2025,2025-05-18,@ Lotte,RP,,9.0,2.0,1,17,1,1,2,0,1,0,0,,Away,사직 야구장,14:00,20.8
김태훈,Samsung,2025,2025-05-17,@ Lotte,RP,,0.0,,0,15,2,1,2,0,0,1,0,,Away,사직 야구장,17:00,20.9
김태훈,Samsung,2025,2025-05-14,vs. KT,RP,,0.0,2.0,1,16,0,0,0,0,0,2,0,,Home,대구 삼성 라이온즈 파크,18:30,20.5
김태훈,Samsung,2025,2025-05-11,vs. LG,RP,L,13.5,1.5,1 ⅓,22,2,2,2,0,1,0,0,,Home,대구 삼성 라이온즈 파크,14:00,17.9
김태훈,Samsung,2025,2025-05-10,vs. LG,RP,,0.0,0.6,1 ⅔,29,0,0,0,0,3,1,0,,Home,대구 삼성 라이온즈 파크,17:00,17.6
김태훈,Samsung,2025,2025-05-07,@ Hanwha,RP,,0.0,0.0,1 ⅓,14,0,0,0,0,1,0,0,,Away,대전 한화생명 볼파크,18:30,19.5
김태훈,Samsung,2025,2025-05-02,vs. Doosan,RP,,0.0,1.5,0 ⅔,14,0,0,0,0,0,1,0,,Home,대구 삼성 라이온즈 파크,18:30,19.1
김태훈,Samsung,2025,2025-04-30,@ SSG,RP,,0.0,1.0,1,6,0,0,1,0,0,0,0,,Away,인천 SSG 랜더스필드,18:30,20.6
김태훈,Samsung,2025,2025-04-29,@ SSG,RP,H,0.0,1.5,0 ⅔,13,0,0,1,0,1,0,0,,Away,인천 SSG 랜더스필드,18:30,14.9
김태훈,Samsung,2025,2025-04-27,vs. NC,RP,,0.0,1.0,1,18,0,0,0,0,1,1,0,,Home,대구 삼성 라이온즈 파크,14:00,20.2
김태훈,Samsung,2025,2025-04-25,vs. NC,RP,H,0.0,3.0,0 ⅔,19,0,0,2,0,1,0,0,,Home,대구 삼성 라이온즈 파크,18:30,16.8
김태훈,Samsung,2025,2025-04-23,vs. Kia,RP,,0.0,0.0,1,10,0,0,0,0,2,0,0,,Home,대구 삼성 라이온즈 파크,18:30,13.9
김태훈,Samsung,2025,2025-04-20,vs. Lotte,RP,,0.0,2.0,1,13,0,0,2,0,1,0,0,,Home,대구 삼성 라이온즈 파크,14:00,14.7
김태훈,Samsung,2025,2025-04-19,vs. Lotte,RP,,0.0,1.0,1,15,0,0,1,0,0,0,0,,Home,대구 삼성 라이온즈 파크,17:00,18.4
김태훈,Samsung,2025,2025-04-10,vs. SSG,RP,,0.0,2.0,1,6,0,0,2,0,0,0,0,,Home,대구 삼성 라이온즈 파크,18:30,14.9
김태훈,Samsung,2025,2025-04-09,vs. SSG,RP,,0.0,0.0,1,5,0,0,0,0,0,0,0,,Home,대구 삼성 라이온즈 파크,18:30,14.9
김태훈,Samsung,2025,2025-04-05,vs. Hanwha,RP,H,0.0,0.0,0 ⅓,3,0,0,0,0,0,0,0,,Home,대구 삼성 라이온즈 파크,17:00,13.4
김태훈,Samsung,2025,2025-04-04,vs. Hanwha,RP,,0.0,0.0,1,17,0,0,0,0,3,0,0,,Home,대구 삼성 라이온즈 파크,18:30,12.3
김태훈,Samsung,2025,2025-03-29,@ Doosan,RP,W,0.0,0.0,1 ⅓,14,0,0,0,0,1,0,0,,Away,잠실 야구장,17:00,1.5
김태훈,Samsung,2025,2025-03-27,vs. NC,RP,,0.0,1.5,1 ⅓,19,0,0,2,0,0,0,0,,Home,대구 삼성 라이온즈 파크,18:30,17.1
김태훈,Samsung,2025,2025-03-25,vs. NC,RP,,9.0,2.0,1,23,1,1,2,0,2,0,0,,Home,대구 삼성 라이온즈 파크,18:30,15.7
김태훈,Samsung,2025,2025-03-23,vs. Kiwoom,RP,H,0.0,1.0,1,19,0,0,1,0,2,0,0,,Home,대구 삼성 라이온즈 파크,14:00,18.7
이호성,Samsung,2025,2025-07-10,@ NC,RP,L,27.0,4.0,1,27,3,3,3,0,1,1,0,,Away,창원 NC 파크,18:30,30.5
이호성,Samsung,2025,2025-07-05,vs. LG,RP,SV,0.0,1.0,1,16,0,0,1,0,1,0,0,,Home,대구 삼성 라이온즈 파크,18:00,30.5
이호성,Samsung,2025,2025-07-03,@ Doosan,RP,SV,9.0,1.0,1,17,1,1,1,1,2,0,0,,Away,잠실 야구장,18:30,31.2
이호성,Samsung,2025,2025-07-01,@ Doosan,RP,,0.0,3.0,1,36,1,0,0,0,1,3,0,,Away,잠실 야구장,18:30,32.3
이호성,Samsung,2025,2025-06-29,@ Kiwoom,RP,,0.0,0.0,1,15,0,0,0,0,1,0,0,,Away,고척 스카이돔,14:00,25.5
이호성,Samsung,2025,2025-06-27,@ Kiwoom,RP,L,27.0,3.0,0 ⅓,9,1,1,1,1,0,0,0,,Away,고척 스카이돔,18:30,25.5
이호성,Samsung,2025,2025-06-25,vs. Hanwha,RP,,9.0,1.0,1,13,1,1,1,1,0,0,0,,Home,대구 삼성 라이온즈 파크,18:30,24.9
이호성,Samsung,2025,2025-06-18,vs. Doosan,RP,,0.0,0.0,2,31,0,0,0,0,2,0,0,,Home,대구 삼성 라이온즈 파크,18:30,23.1
이호성,Samsung,2025,2025-06-12,@ Kia,RP,SV,0.0,0.0,1,11,0,0,0,0,1,0,0,,Away,광주 기아 챔피언스 필드,18:30,26.3
이호성,Samsung,2025,2025-06-05,@ SSG,RP,SV,0.0,0.43,2 ⅓,34,0,0,1,0,5,0,0,,Away,인천 SSG 랜더스필드,18:30,20.8
이호성,Samsung,2025,2025-06-01,@ LG,RP,SV,0.0,0.0,1,13,0,0,0,0,1,0,0,,Away,잠실 야구장,17:00,25.6
이호성,Samsung,2025,2025-05-30,@ LG,RP,SV,9.0,3.0,1,22,2,1,2,0,0,1,0,,Away,잠실 야구장,18:30,27.4
이호성,Samsung,2025,2025-05-29,vs. Lotte,RP,,0.0,0.0,1 ⅓,15,0,0,0,0,0,0,0,,Home,대구 삼성 라이온즈 파크,18:30,19.2
이호성,Samsung,2025,2025-05-25,vs. Kia,RP,W,0.0,1.0,1,16,0,0,1,0,1,0,0,,Home,대구 삼성 라이온즈 파크,14:00,19.3
이호성,Samsung,2025,2025-05-24,vs. Kia,RP,W,0.0,0.0,1 ⅓,20,0,0,0,0,2,0,0,,Home,대구 삼성 라이온즈 파크,17:00,14.5
이호성,Samsung,2025,2025-05-22,@ Kiwoom,RP,SV,0.0,2.0,1,13,0,0,2,0,2,0,0,,Away,고척 스카이돔,18:30,25.5
이호성,Samsung,2025,2025-05-20,@ Kiwoom,RP,,9.0,3.0,1,23,1,1,2,0,0,1,0,,Away,고척 스카이돔,18:30,25.5
이호성,Samsung,2025,2025-05-17,@ Lotte,RP,,0.0,2.0,1,16,0,0,2,0,2,0,0,,Away,사직 야구장,17:00,20.9
이호성,Samsung,2025,2025-05-13,vs. KT,RP,SV,9.0,2.0,1,20,1,1,1,0,0,1,0,,Home,대구 삼성 라이온즈 파크,18:30,19.5
이호성,Samsung,2025,2025-05-11,vs. LG,RP,,0.0,0.0,1 ⅓,11,0,0,0,0,1,0,0,,Home,대구 삼성 라이온즈 파크,14:00,17.9
이호성,Samsung,2025,2025-05-07,@ Hanwha,RP,,40.5,4.5,0 ⅔,27,3,3,1,0,2,2,0,,Away,대전 한화생명 볼파크,18:30,19.5
이호성,Samsung,2025,2025-05-05,@ Hanwha,RP,,0.0,0.0,0 ⅔,4,0,0,0,0,0,0,0,,Away,대전 한화생명 볼파크,14:00,15.7
이호성,Samsung,2025,2025-05-02,vs. Doosan,RP,W,0.0,0.75,1 ⅓,11,0,0,1,0,0,0,0,,Home,대구 삼성 라이온즈 파크,18:30,19.1
이호성,Samsung,2025,2025-04-30,@ SSG,RP,,0.0,0.0,1 ⅓,16,0,0,0,0,3,0,0,,Away,인천 SSG 랜더스필드,18:30,20.6
이호성,Samsung,2025,2025-04-29,@ SSG,RP,W,0.0,1.5,0 ⅔,15,0,0,0,0,1,1,0,,Away,인천 SSG 랜더스필드,18:30,14.9
이호성,Samsung,2025,2025-04-27,vs. NC,RP,H,18.0,1.0,1,13,2,2,1,0,1,0,1,,Home,대구 삼성 라이온즈 파크,14:00,20.2
이호성,Samsung,2025,2025-04-25,vs. NC,RP,H,13.5,1.5,0 ⅔,8,1,1,1,0,2,0,0,,Home,대구 삼성 라이온즈 파크,18:30,16.8
이호성,Samsung,2025,2025-04-24,vs. Kia,RP,,0.0,0.0,1,14,0,0,0,0,1,0,0,,Home,대구 삼성 라이온즈 파크,18:30,16.6
이호성,Samsung,2025,2025-04-19,vs. Lotte,RP,W,9.0,2.0,1,19,1,1,2,0,2,0,0,,Home,대구 삼성 라이온즈 파크,17:00,18.4
이호성,Samsung,2025,2025-04-16,@ LG,RP,,27.0,3.0,1 ⅔,44,5,5,1,1,2,4,0,,Away,잠실 야구장,18:30,21.1
이호성,Samsung,2025,2025-04-13,@ KT,RP,,0.0,,0,12,0,0,1,0,0,1,0,,Away,수원 KT 위즈파크,14:00,3.6
이호성,Samsung,2025,2025-04-09,vs. SSG,RP,L,18.0,4.0,1,26,2,2,2,0,0,2,0,,Home,대구 삼성 라이온즈 파크,18:30,14.9
이호성,Samsung,2025,2025-04-08,vs. SSG,RP,H,0.0,0.0,1,12,0,0,0,0,2,0,0,,Home,대구 삼성 라이온즈 파크,18:30,17.3
이호성,Samsung,2025,2025-04-06,vs. Hanwha,RP,,0.0,0.0,1,8,0,0,0,0,1,0,0,,Home,대구 삼성 라이온즈 파크,14:00,16.6
이호성,Samsung,2025,2025-04-05,vs. Hanwha,RP,,0.0,3.0,0 ⅔,20,0,0,0,0,1,2,0,,Home,대구 삼성 라이온즈 파크,17:00,13.4
이호성,Samsung,2025,2025-04-03,@ Kia,RP,,0.0,0.0,1,14,0,0,0,0,3,0,0,,Away,광주 기아 챔피언스 필드,18:30,12.2
이호성,Samsung,2025,2025-03-26,vs. NC,RP,,0.0,0.0,1,12,0,0,0,0,0,0,0,,Home,대구 삼성 라이온즈 파크,18:30,16.0
이호성,Samsung,2025,2025-03-25,vs. NC,RP,,0.0,0.0,1,15,0,0,0,0,2,0,0,,Home,대구 삼성 라이온즈 파크,18:30,15.7
이승현_우,Samsung,2025,2025-07-10,@ NC,RP,,27.0,3.0,0 ⅓,11,1,1,1,0,0,0,0,,Away,창원 NC 파크,18:30,30.5
이승현_우,Samsung,2025,2025-07-08,@ NC,RP,H,0.0,0.0,1,12,0,0,0,0,1,0,0,,Away,창원 NC 파크,18:30,32.8
이승현_우,Samsung,2025,2025-07-05,vs. LG,RP,W,5.4,1.2,1 ⅔,22,1,1,2,0,3,0,0,,Home,대구 삼성 라이온즈 파크,18:00,30.5
이승현_우,Samsung,2025,2025-07-02,@ Doosan,RP,,0.0,1.5,0 ⅔,5,0,0,1,0,0,0,0,,Away,잠실 야구장,18:30,31.3
이승현_우,Samsung,2025,2025-05-04,vs. Doosan,RP,,9.0,2.5,2,35,2,2,5,0,1,0,0,,Home,대구 삼성 라이온즈 파크,14:00,20.7
이승현_우,Samsung,2025,2025-05-03,vs. Doosan,RP,,27.0,3.0,0 ⅓,11,1,1,1,0,1,0,0,,Home,대구 삼성 라이온즈 파크,17:00,12.9
이승현_우,Samsung,2025,2025-05-01,@ SSG,RP,,0.0,1.2,1 ⅔,20,1,0,1,0,1,1,0,,Away,인천 SSG 랜더스필드,18:30,11.6
이승현_우,Samsung,2025,2025-04-08,vs. SSG,RP,,13.5,1.5,0 ⅔,16,1,1,1,1,2,0,0,,Home,대구 삼성 라이온즈 파크,18:30,17.3
이승현_우,Samsung,2025,2025-04-05,vs. Hanwha,RP,H,0.0,1.0,1,11,0,0,0,0,0,1,0,,Home,대구 삼성 라이온즈 파크,17:00,13.4
이승현_우,Samsung,2025,2025-04-03,@ Kia,RP,,0.0,0.0,1,16,0,0,0,0,0,0,0,,Away,광주 기아 챔피언스 필드,18:30,12.2
이승현_우,Samsung,2025,2025-03-27,vs. NC,RP,,0.0,3.0,0 ⅓,8,0,0,1,0,0,0,0,,Home,대구 삼성 라이온즈 파크,18:30,17.1
이승현_우,Samsung,2025,2025-03-26,vs. NC,RP,,10.8,3.0,1 ⅔,32,2,2,4,1,1,1,0,,Home,대구 삼성 라이온즈 파크,18:30,16.0
이승현_우,Samsung,2025,2025-03-23,vs. Kiwoom,RP,,54.0,6.0,0 ⅔,26,4,4,3,1,1,1,0,,Home,대구 삼성 라이온즈 파크,14:00,18.7
이승현_좌,Samsung,2025,2025-07-10,@ NC,SP,,4.76,1.24,5 ⅔,98,3,3,5,0,6,2,0,51.0,Away,창원 NC 파크,18:30,30.5
이승현_좌,Samsung,2025,2025-07-04,vs. LG,SP,W,1.08,0.36,8 ⅓,116,1,1,1,1,6,2,1,80.0,Home,대구 삼성 라이온즈 파크,18:30,30.0
이승현_좌,Samsung,2025,2025-06-29,@ Kiwoom,SP,L,20.25,3.75,1 ⅓,32,3,3,3,0,1,2,1,34.0,Away,고척 스카이돔,14:00,25.5
이승현_좌,Samsung,2025,2025-06-18,vs. Doosan,SP,,5.4,1.6,5,89,3,3,8,0,6,0,0,45.0,Home,대구 삼성 라이온즈 파크,18:30,23.1
이승현_좌,Samsung,2025,2025-06-12,@ Kia,SP,W,1.8,2.0,5,90,1,1,8,0,5,2,0,50.0,Away,광주 기아 챔피언스 필드,18:30,26.3
이승현_좌,Samsung,2025,2025-06-05,@ SSG,SP,W,0.0,0.6,5,67,0,0,3,0,4,0,0,65.0,Away,인천 SSG 랜더스필드,18:30,20.8
이승현_좌,Samsung,2025,2025-05-30,@ LG,SP,,1.69,1.31,5 ⅓,91,1,1,4,0,4,3,0,57.0,Away,잠실 야구장,18:30,27.4
이승현_좌,Samsung,2025,2025-05-24,vs. Kia,SP,,6.75,2.0,4,73,3,3,7,1,2,1,0,37.0,Home,대구 삼성 라이온즈 파크,17:00,14.5
이승현_좌,Samsung,2025,2025-05-18,@ Lotte,SP,L,6.75,1.5,4,77,3,3,3,0,3,3,1,43.0,Away,사직 야구장,14:00,20.8
이승현_좌,Samsung,2025,2025-05-13,vs. KT,SP,W,0.0,1.4,5,89,0,0,5,0,2,2,1,56.0,Home,대구 삼성 라이온즈 파크,18:30,19.5
이승현_좌,Samsung,2025,2025-05-07,@ Hanwha,SP,L,12.0,2.67,3,65,4,4,6,1,1,2,0,30.0,Away,대전 한화생명 볼파크,18:30,19.5
이승현_좌,Samsung,2025,2025-05-01,@ SSG,SP,L,4.5,1.0,4,78,2,2,3,1,5,1,0,52.0,Away,인천 SSG 랜더스필드,18:30,11.6
이승현_좌,Samsung,2025,2025-04-18,vs. Lotte,SP,L,12.6,1.8,5,91,7,7,9,2,5,0,0,26.0,Home,대구 삼성 라이온즈 파크,18:30,19.7
이승현_좌,Samsung,2025,2025-04-11,@ KT,SP,L,5.4,2.0,5,84,3,3,7,0,3,3,0,41.0,Away,수원 KT 위즈파크,18:30,20.5
이승현_좌,Samsung,2025,2025-04-05,vs. Hanwha,SP,,0.0,1.0,5,85,1,0,1,0,2,4,0,61.0,Home,대구 삼성 라이온즈 파크,17:00,13.4
이승현_좌,Samsung,2025,2025-03-26,vs. NC,SP,L,12.27,2.73,3 ⅔,77,5,5,7,0,1,3,1,24.0,Home,대구 삼성 라이온즈 파크,18:30,16.0
이승민,Samsung,2025,2025-07-09,@ NC,RP,,0.0,0.0,1 ⅔,27,0,0,0,0,1,0,0,,Away,창원 NC 파크,18:30,30.8
이승민,Samsung,2025,2025-07-08,@ NC,RP,H,0.0,0.0,0 ⅓,3,0,0,0,0,0,0,0,,Away,창원 NC 파크,18:30,32.8
이승민,Samsung,2025,2025-07-06,vs. LG,RP,,0.0,0.0,0 ⅓,5,0,0,0,0,0,0,0,,Home,대구 삼성 라이온즈 파크,17:00,29.9
이승민,Samsung,2025,2025-07-05,vs. LG,RP,,9.0,2.0,1,17,1,1,2,0,1,0,0,,Home,대구 삼성 라이온즈 파크,18:00,30.5
이승민,Samsung,2025,2025-07-03,@ Doosan,RP,,0.0,1.0,1,15,0,0,0,0,1,1,0,,Away,잠실 야구장,18:30,31.2
이승민,Samsung,2025,2025-07-02,@ Doosan,RP,,0.0,0.0,1,13,0,0,0,0,0,0,0,,Away,잠실 야구장,18:30,31.3
이승민,Samsung,2025,2025-06-29,@ Kiwoom,RP,,13.5,1.5,0 ⅔,8,1,1,1,0,1,0,0,,Away,고척 스카이돔,14:00,25.5
이승민,Samsung,2025,2025-06-27,@ Kiwoom,RP,,0.0,6.0,0 ⅓,14,2,0,2,0,1,0,0,,Away,고척 스카이돔,18:30,25.5
이승민,Samsung,2025,2025-06-26,vs. Hanwha,RP,,0.0,0.0,0 ⅓,3,0,0,0,0,0,0,0,,Home,대구 삼성 라이온즈 파크,18:30,24.9
이승민,Samsung,2025,2025-06-20,@ Lotte,RP,,0.0,1.5,1 ⅓,27,0,0,1,0,1,1,0,,Away,사직 야구장,18:30,26.5
이승민,Samsung,2025,2025-06-15,vs. KT,RP,,31.5,4.0,2,49,9,7,7,2,0,1,0,,Home,대구 삼성 라이온즈 파크,17:00,25.2
이승민,Samsung,2025,2025-06-12,@ Kia,RP,H,0.0,1.5,0 ⅔,7,0,0,1,0,0,0,0,,Away,광주 기아 챔피언스 필드,18:30,26.3
이승민,Samsung,2025,2025-06-11,@ Kia,RP,,9.0,2.0,1,15,1,1,1,0,1,1,0,,Away,광주 기아 챔피언스 필드,18:30,27.1
이승민,Samsung,2025,2025-06-07,vs. NC,RP,,0.0,0.6,1 ⅔,23,0,0,1,0,3,0,0,,Home,대구 삼성 라이온즈 파크,17:00,23.6
이승민,Samsung,2025,2025-06-03,@ SSG,RP,,0.0,0.0,0 ⅓,5,0,0,0,0,0,0,1,,Away,인천 SSG 랜더스필드,18:30,20.9
이승민,Samsung,2025,2025-06-01,@ LG,RP,,0.0,1.5,0 ⅔,17,0,0,1,0,0,0,0,,Away,잠실 야구장,17:00,25.6
이승민,Samsung,2025,2025-05-24,vs. Kia,RP,,0.0,0.5,2,30,0,0,1,0,4,0,0,,Home,대구 삼성 라이온즈 파크,17:00,14.5
이승민,Samsung,2025,2025-05-23,vs. Kia,RP,,0.0,2.0,1,21,1,0,2,0,2,0,0,,Home,대구 삼성 라이온즈 파크,18:30,18.4
이승민,Samsung,2025,2025-05-18,@ Lotte,RP,,0.0,0.0,0 ⅓,6,0,0,0,0,1,0,0,,Away,사직 야구장,14:00,20.8
이승민,Samsung,2025,2025-05-17,@ Lotte,RP,,0.0,,0,11,1,1,1,0,0,2,0,,Away,사직 야구장,17:00,20.9
이승민,Samsung,2025,2025-05-14,vs. KT,RP,,0.0,0.0,1,12,0,0,0,0,3,0,0,,Home,대구 삼성 라이온즈 파크,18:30,20.5
이승민,Samsung,2025,2025-05-13,vs. KT,RP,,0.0,0.0,1,15,0,0,0,0,2,0,0,,Home,대구 삼성 라이온즈 파크,18:30,19.5
이승민,Samsung,2025,2025-05-10,vs. LG,RP,,0.0,2.0,1,13,0,0,1,0,0,1,0,,Home,대구 삼성 라이온즈 파크,17:00,17.6
이승민,Samsung,2025,2025-05-07,@ Hanwha,RP,,0.0,3.0,0 ⅔,14,0,0,1,0,1,1,0,,Away,대전 한화생명 볼파크,18:30,19.5
이승민,Samsung,2025,2025-05-04,vs. Doosan,RP,,2.7,0.6,3 ⅓,40,1,1,2,1,2,0,0,,Home,대구 삼성 라이온즈 파크,14:00,20.7
이승민,Samsung,2025,2025-05-03,vs. Doosan,RP,,13.5,4.5,0 ⅔,28,1,1,2,0,2,1,0,,Home,대구 삼성 라이온즈 파크,17:00,12.9
이승민,Samsung,2025,2025-05-01,@ SSG,RP,,0.0,1.5,1 ⅓,20,0,0,2,0,2,0,0,,Away,인천 SSG 랜더스필드,18:30,11.6
이승민,Samsung,2025,2025-04-25,vs. NC,RP,W,0.0,0.0,2,18,0,0,0,0,1,0,1,,Home,대구 삼성 라이온즈 파크,18:30,16.8
이승민,Samsung,2025,2025-04-24,vs. Kia,RP,,18.0,4.0,1,17,2,2,4,0,0,0,0,,Home,대구 삼성 라이온즈 파크,18:30,16.6
이승민,Samsung,2025,2025-04-19,vs. Lotte,RP,,54.0,6.0,0 ⅓,13,2,2,2,1,0,0,0,,Home,대구 삼성 라이온즈 파크,17:00,18.4
이승민,Samsung,2025,2025-04-13,@ KT,RP,,0.0,0.82,3 ⅔,57,1,0,3,0,2,0,0,,Away,수원 KT 위즈파크,14:00,3.6
양창섭,Samsung,2025,2025-07-05,vs. LG,SP,,4.5,1.75,4,64,2,2,5,0,3,2,0,45.0,Home,대구 삼성 라이온즈 파크,18:00,30.5
양창섭,Samsung,2025,2025-06-29,@ Kiwoom,RP,,6.75,3.0,1 ⅓,24,1,1,4,0,1,0,0,,Away,고척 스카이돔,14:00,25.5
양창섭,Samsung,2025,2025-06-28,@ Kiwoom,RP,,0.0,0.5,2,19,0,0,1,0,0,0,0,,Away,고척 스카이돔,17:00,25.5
양창섭,Samsung,2025,2025-06-19,vs. Doosan,SP,,18.0,3.0,2,46,4,4,5,0,0,1,0,29.0,Home,대구 삼성 라이온즈 파크,18:30,27.6
양창섭,Samsung,2025,2025-06-11,@ Kia,SP,,1.8,0.8,5,67,1,1,3,1,3,1,1,58.0,Away,광주 기아 챔피언스 필드,18:30,27.1
양창섭,Samsung,2025,2025-05-18,@ Lotte,RP,,27.0,3.0,0 ⅔,21,2,2,2,1,1,0,0,,Away,사직 야구장,14:00,20.8
양창섭,Samsung,2025,2025-05-17,@ Lotte,RP,L,0.0,2.0,1,23,1,0,2,0,1,0,0,,Away,사직 야구장,17:00,20.9
양창섭,Samsung,2025,2025-05-03,vs. Doosan,RP,,0.0,1.0,1,15,0,0,0,0,2,1,0,,Home,대구 삼성 라이온즈 파크,17:00,12.9
양창섭,Samsung,2025,2025-05-01,@ SSG,RP,,9.0,4.0,1,21,1,1,3,0,1,1,0,,Away,인천 SSG 랜더스필드,18:30,11.6
양창섭,Samsung,2025,2025-04-25,vs. NC,RP,,9.0,2.0,2,47,2,2,3,0,1,1,0,,Home,대구 삼성 라이온즈 파크,18:30,16.8
양창섭,Samsung,2025,2025-04-18,vs. Lotte,RP,,0.0,1.0,2,26,0,0,2,0,2,0,0,,Home,대구 삼성 라이온즈 파크,18:30,19.7
양창섭,Samsung,2025,2025-04-16,@ LG,RP,,3.0,1.33,3,44,1,1,3,0,1,1,0,,Away,잠실 야구장,18:30,21.1
양창섭,Samsung,2025,2025-04-13,@ KT,RP,,0.0,3.0,0 ⅓,10,0,0,1,0,0,0,0,,Away,수원 KT 위즈파크,14:00,3.6
양창섭,Samsung,2025,2025-04-11,@ KT,RP,,0.0,1.5,0 ⅔,11,0,0,0,0,0,1,0,,Away,수원 KT 위즈파크,18:30,20.5
양창섭,Samsung,2025,2025-03-26,vs. NC,RP,,27.0,3.0,0 ⅓,10,1,1,1,0,0,0,1,,Home,대구 삼성 라이온즈 파크,18:30,16.0
양창섭,Samsung,2025,2025-03-23,vs. Kiwoom,RP,W,9.0,2.0,1,23,1,1,2,0,2,0,2,,Home,대구 삼성 라이온즈 파크,14:00,18.7
육선엽,Samsung,2025,2025-07-09,@ NC,RP,,0.0,3.0,0 ⅓,6,0,0,0,0,0,1,0,,Away,창원 NC 파크,18:30,30.8
육선엽,Samsung,2025,2025-07-05,vs. LG,RP,,27.0,3.0,0 ⅓,11,2,1,0,0,0,1,0,,Home,대구 삼성 라이온즈 파크,18:00,30.5
육선엽,Samsung,2025,2025-07-02,@ Doosan,RP,,54.0,6.0,0 ⅓,11,2,2,1,0,0,1,0,,Away,잠실 야구장,18:30,31.3
육선엽,Samsung,2025,2025-06-29,@ Kiwoom,RP,,16.2,3.0,1 ⅔,36,3,3,5,1,1,0,0,,Away,고척 스카이돔,14:00,25.5
육선엽,Samsung,2025,2025-06-27,@ Kiwoom,RP,H,0.0,0.0,1 ⅔,28,0,0,0,0,2,0,0,,Away,고척 스카이돔,18:30,25.5
육선엽,Samsung,2025,2025-06-26,vs. Hanwha,RP,L,0.0,3.0,0 ⅓,11,1,0,0,0,1,1,0,,Home,대구 삼성 라이온즈 파크,18:30,24.9
육선엽,Samsung,2025,2025-06-19,vs. Doosan,RP,,0.0,0.67,3,50,0,0,0,0,2,2,0,,Home,대구 삼성 라이온즈 파크,18:30,27.6
육선엽,Samsung,2025,2025-06-14,vs. KT,RP,,0.0,0.5,2,33,0,0,1,0,1,0,0,,Home,대구 삼성 라이온즈 파크,17:00,24.0
육선엽,Samsung,2025,2025-06-10,@ Kia,RP,,0.0,2.0,1,16,0,0,2,0,0,0,0,,Away,광주 기아 챔피언스 필드,18:30,25.4
육선엽,Samsung,2025,2025-06-07,vs. NC,RP,,0.0,0.0,0 ⅓,2,0,0,0,0,0,0,0,,Home,대구 삼성 라이온즈 파크,17:00,23.6
육선엽,Samsung,2025,2025-05-15,vs. KT,RP,,0.0,2.0,1,26,0,0,1,0,0,1,0,,Home,대구 삼성 라이온즈 파크,18:30,19.0
육선엽,Samsung,2025,2025-05-04,vs. Doosan,RP,,10.8,2.4,1 ⅔,47,2,2,2,0,1,2,0,,Home,대구 삼성 라이온즈 파크,14:00,20.7
육선엽,Samsung,2025,2025-05-03,vs. Doosan,RP,,0.0,0.0,1 ⅔,16,0,0,0,0,2,0,0,,Home,대구 삼성 라이온즈 파크,17:00,12.9
육선엽,Samsung,2025,2025-04-26,vs. NC,RP,,0.0,0.0,1,11,0,0,0,0,1,0,0,,Home,대구 삼성 라이온즈 파크,17:00,17.6
육선엽,Samsung,2025,2025-04-24,vs. Kia,RP,,0.0,2.0,1,22,1,0,1,0,1,1,0,,Home,대구 삼성 라이온즈 파크,18:30,16.6
육선엽,Samsung,2025,2025-04-19,vs. Lotte,RP,,0.0,0.0,1,8,0,0,0,0,0,0,0,,Home,대구 삼성 라이온즈 파크,17:00,18.4
육선엽,Samsung,2025,2025-03-25,vs. NC,RP,,0.0,0.0,1,13,0,0,0,0,1,0,0,,Home,대구 삼성 라이온즈 파크,18:30,15.7
최준용,Lotte,2025,2025-07-09,vs. Doosan,RP,,16.2,2.4,1 ⅔,35,3,3,3,0,1,1,1,,Home,사직 야구장,18:30,29.7
최준용,Lotte,2025,2025-07-04,@ Kia,RP,L,67.5,7.5,0 ⅔,25,5,5,5,1,0,0,0,,Away,광주 기아 챔피언스 필드,18:30,30.7
최준용,Lotte,2025,2025-07-03,vs. LG,RP,W,0.0,0.0,1 ⅓,6,0,0,0,0,1,0,0,,Home,사직 야구장,18:30,29.8
최준용,Lotte,2025,2025-07-02,vs. LG,RP,,0.0,0.75,1 ⅓,16,0,0,0,0,1,1,0,,Home,사직 야구장,18:30,30.0
최준용,Lotte,2025,2025-06-29,vs. KT,RP,H,0.0,0.0,1 ⅔,20,0,0,0,0,2,0,0,,Home,사직 야구장,17:00,29.1
최준용,Lotte,2025,2025-06-27,vs. KT,RP,L,40.5,7.5,0 ⅔,26,3,3,5,0,1,0,0,,Home,사직 야구장,18:30,25.9
최준용,Lotte,2025,2025-06-26,@ NC,RP,H,0.0,0.75,1 ⅓,21,0,0,1,0,3,0,0,,Away,창원 NC 파크,18:30,27.7
최준용,Lotte,2025,2025-06-22,vs. Samsung,RP,SV,0.0,0.0,1,10,0,0,0,0,2,0,0,,Home,사직 야구장,17:00,23.3
최준용,Lotte,2025,2025-06-19,vs. Hanwha,RP,,9.0,3.0,1,22,3,1,2,0,1,1,0,,Home,사직 야구장,18:30,27.6
최준용,Lotte,2025,2025-06-18,vs. Hanwha,RP,,0.0,0.0,1,11,0,0,0,0,2,0,0,,Home,사직 야구장,18:30,23.1
최준용,Lotte,2025,2025-06-15,@ SSG,RP,,0.0,1.0,1,16,0,0,1,0,2,0,0,,Away,인천 SSG 랜더스필드,17:00,26.9
최준용,Lotte,2025,2025-06-14,@ SSG,RP,H,0.0,0.0,1,10,0,0,0,0,0,0,0,,Away,인천 SSG 랜더스필드,17:00,29.1
최준용,Lotte,2025,2025-06-12,@ KT,RP,H,0.0,0.0,1,11,0,0,0,0,1,0,0,,Away,수원 KT 위즈파크,18:30,26.9
최준용,Lotte,2025,2025-06-11,@ KT,RP,H,0.0,0.0,1,12,0,0,0,0,1,0,0,,Away,수원 KT 위즈파크,18:30,23.4
최준용,Lotte,2025,2025-06-08,@ Doosan,RP,H,0.0,0.0,0 ⅔,7,0,0,0,0,0,0,0,,Away,잠실 야구장,17:00,28.5
최준용,Lotte,2025,2025-06-07,@ Doosan,RP,H,0.0,0.0,1 ⅔,20,0,0,0,0,2,0,0,,Away,잠실 야구장,17:00,27.0
최준용,Lotte,2025,2025-06-04,vs. Kiwoom,RP,,9.0,1.0,1,10,1,1,1,1,0,0,0,,Home,사직 야구장,18:30,24.3
최준용,Lotte,2025,2025-06-01,vs. SSG,RP,H,0.0,1.0,1,21,0,0,0,0,2,1,0,,Home,사직 야구장,17:00,23.7
최준용,Lotte,2025,2025-05-30,vs. SSG,RP,,13.5,1.5,1 ⅓,23,2,2,2,0,2,0,0,,Home,사직 야구장,18:30,19.8
최준용,Lotte,2025,2025-05-25,@ Hanwha,RP,,0.0,1.0,1,21,0,0,1,0,3,0,0,,Away,대전 한화생명 볼파크,14:00,23.2
최준용,Lotte,2025,2025-05-24,@ Hanwha,RP,,0.0,1.0,1,15,0,0,0,0,1,1,0,,Away,대전 한화생명 볼파크,17:00,14.4
최준용,Lotte,2025,2025-05-21,vs. LG,RP,,0.0,0.5,2,28,0,0,0,0,2,1,0,,Home,사직 야구장,18:30,23.1
최준용,Lotte,2025,2025-05-18,vs. Samsung,RP,,54.0,9.0,0 ⅓,17,2,2,2,0,0,1,0,,Home,사직 야구장,14:00,20.8
최준용,Lotte,2025,2025-05-17,vs. Samsung,RP,H,0.0,0.0,1,8,0,0,0,0,1,0,0,,Home,사직 야구장,17:00,20.9
홍민기,Lotte,2025,2025-07-08,vs. Doosan,SP,,1.8,0.6,5,63,1,1,3,0,7,0,0,64.0,Home,사직 야구장,18:30,32.4
홍민기,Lotte,2025,2025-07-06,@ Kia,RP,,0.0,0.0,0 ⅔,3,0,0,0,0,0,0,0,,Away,광주 기아 챔피언스 필드,17:00,33.2
홍민기,Lotte,2025,2025-07-04,@ Kia,RP,,0.0,1.0,1,15,0,0,0,0,0,1,0,,Away,광주 기아 챔피언스 필드,18:30,30.7
홍민기,Lotte,2025,2025-07-01,vs. LG,RP,,0.0,0.6,1 ⅔,24,0,0,1,0,2,0,0,,Home,사직 야구장,18:30,29.8
홍민기,Lotte,2025,2025-06-28,vs. KT,RP,,0.0,1.2,1 ⅔,40,0,0,1,0,5,1,0,,Home,사직 야구장,17:00,29.3
홍민기,Lotte,2025,2025-06-27,vs. KT,RP,H,9.0,1.0,1,18,1,1,0,0,1,1,1,,Home,사직 야구장,18:30,25.9
홍민기,Lotte,2025,2025-06-22,vs. Samsung,RP,,0.0,0.33,3,44,0,0,1,0,6,0,0,,Home,사직 야구장,17:00,23.3
홍민기,Lotte,2025,2025-06-18,vs. Hanwha,SP,,2.25,1.25,4,61,1,1,4,0,4,1,0,53.0,Home,사직 야구장,18:30,23.1
홍민기,Lotte,2025,2025-05-22,vs. LG,RP,,0.0,1.0,1,11,0,0,0,0,0,1,0,,Home,사직 야구장,18:30,17.4
홍민기,Lotte,2025,2025-05-17,vs. Samsung,RP,,0.0,2.0,1,14,0,0,2,0,1,0,0,,Home,사직 야구장,17:00,20.9
정철원,Lotte,2025,2025-07-09,vs. Doosan,RP,H,0.0,1.5,1 ⅓,20,0,0,2,0,0,0,0,,Home,사직 야구장,18:30,29.7
정철원,Lotte,2025,2025-07-08,vs. Doosan,RP,H,0.0,0.0,0 ⅔,15,0,0,0,0,2,0,0,,Home,사직 야구장,18:30,32.4
정철원,Lotte,2025,2025-07-06,@ Kia,RP,H,0.0,0.6,1 ⅔,21,0,0,1,0,0,0,0,,Away,광주 기아 챔피언스 필드,17:00,33.2
정철원,Lotte,2025,2025-07-02,vs. LG,RP,,54.0,9.0,0 ⅓,9,2,2,3,0,1,0,0,,Home,사직 야구장,18:30,30.0
정철원,Lotte,2025,2025-06-29,vs. KT,RP,,0.0,,0,11,2,2,0,0,0,1,2,,Home,사직 야구장,17:00,29.1
정철원,Lotte,2025,2025-06-26,@ NC,RP,H,0.0,0.0,1,12,0,0,0,0,1,0,1,,Away,창원 NC 파크,18:30,27.7
정철원,Lotte,2025,2025-06-25,@ NC,RP,,0.0,3.0,0 ⅓,9,0,0,1,0,0,0,0,,Away,창원 NC 파크,18:30,25.2
정철원,Lotte,2025,2025-06-22,vs. Samsung,RP,H,0.0,0.0,1,13,0,0,0,0,1,0,0,,Home,사직 야구장,17:00,23.3
정철원,Lotte,2025,2025-06-20,vs. Samsung,RP,H,0.0,0.0,1,15,0,0,0,0,0,0,0,,Home,사직 야구장,18:30,26.5
정철원,Lotte,2025,2025-06-19,vs. Hanwha,RP,H,0.0,0.0,0 ⅔,7,0,0,0,0,0,0,1,,Home,사직 야구장,18:30,27.6
정철원,Lotte,2025,2025-06-18,vs. Hanwha,RP,,27.0,4.5,0 ⅔,18,2,2,3,0,0,0,0,,Home,사직 야구장,18:30,23.1
정철원,Lotte,2025,2025-06-14,@ SSG,RP,H,0.0,0.0,1,11,0,0,0,0,0,0,0,,Away,인천 SSG 랜더스필드,17:00,29.1
정철원,Lotte,2025,2025-06-12,@ KT,RP,,0.0,0.5,2,30,0,0,1,0,3,0,0,,Away,수원 KT 위즈파크,18:30,26.9
정철원,Lotte,2025,2025-06-08,@ Doosan,RP,H,0.0,3.0,0 ⅔,14,0,0,1,0,0,1,0,,Away,잠실 야구장,17:00,28.5
정철원,Lotte,2025,2025-06-06,@ Doosan,RP,,0.0,1.0,1,14,0,0,1,0,2,0,0,,Away,잠실 야구장,18:30,25.4
정철원,Lotte,2025,2025-06-01,vs. SSG,RP,,27.0,1.5,0 ⅔,19,2,2,1,0,1,0,1,,Home,사직 야구장,17:00,23.7
정철원,Lotte,2025,2025-05-30,vs. SSG,RP,W,0.0,1.8,1 ⅔,27,0,0,2,0,1,1,1,,Home,사직 야구장,18:30,19.8
정철원,Lotte,2025,2025-05-25,@ Hanwha,RP,,0.0,2.0,2,37,0,0,2,0,1,2,0,,Away,대전 한화생명 볼파크,14:00,23.2
정철원,Lotte,2025,2025-05-24,@ Hanwha,RP,,0.0,0.0,0 ⅔,7,0,0,0,0,1,0,0,,Away,대전 한화생명 볼파크,17:00,14.4
정철원,Lotte,2025,2025-05-22,vs. LG,RP,,0.0,0.0,1,6,0,0,0,0,0,0,0,,Home,사직 야구장,18:30,17.4
정철원,Lotte,2025,2025-05-21,vs. LG,RP,,13.5,2.25,1 ⅓,23,2,2,2,0,0,1,0,,Home,사직 야구장,18:30,23.1
정철원,Lotte,2025,2025-05-17,vs. Samsung,RP,W,0.0,0.0,0 ⅓,6,0,0,0,0,0,0,0,,Home,사직 야구장,17:00,20.9
정철원,Lotte,2025,2025-05-17,vs. Samsung,RP,,0.0,0.75,1 ⅓,19,0,0,0,0,1,1,0,,Home,사직 야구장,17:00,20.9
정철원,Lotte,2025,2025-05-14,@ Kia,RP,H,0.0,0.75,1 ⅓,15,0,0,1,0,1,0,0,,Away,광주 기아 챔피언스 필드,18:30,22.3
정철원,Lotte,2025,2025-05-11,@ KT,RP,,0.0,1.0,1,15,0,0,1,0,1,0,0,,Away,수원 KT 위즈파크,14:00,19.4
정철원,Lotte,2025,2025-05-10,@ KT,RP,H,0.0,0.6,1 ⅔,23,0,0,1,0,1,0,0,,Away,수원 KT 위즈파크,17:00,11.8
정철원,Lotte,2025,2025-05-07,vs. SSG,RP,,0.0,1.0,1,9,0,0,1,0,1,0,0,,Home,사직 야구장,18:30,16.4
정철원,Lotte,2025,2025-05-04,vs. NC,RP,,27.0,6.0,0 ⅓,15,1,1,2,1,1,0,0,,Home,사직 야구장,14:00,20.7
정철원,Lotte,2025,2025-05-02,vs. NC,RP,,27.0,3.0,0 ⅔,21,2,2,1,0,0,1,0,,Home,사직 야구장,18:30,19.1
정철원,Lotte,2025,2025-05-01,@ Kiwoom,RP,,0.0,1.0,1,15,0,0,1,0,1,0,0,,Away,고척 스카이돔,18:30,25.5
정철원,Lotte,2025,2025-04-26,@ Doosan,RP,H,0.0,0.0,1,12,0,0,0,0,1,0,0,,Away,잠실 야구장,17:00,17.8
정철원,Lotte,2025,2025-04-24,vs. Hanwha,RP,H,0.0,3.0,0 ⅔,20,0,0,0,0,0,2,0,,Home,사직 야구장,18:30,16.6
정철원,Lotte,2025,2025-04-20,@ Samsung,RP,W,0.0,1.0,2,22,0,0,1,0,2,1,0,,Away,대구 삼성 라이온즈 파크,14:00,14.7
정철원,Lotte,2025,2025-04-16,vs. Kiwoom,RP,,27.0,4.5,0 ⅔,24,2,2,3,0,0,0,0,,Home,사직 야구장,18:30,16.8
정철원,Lotte,2025,2025-04-15,vs. Kiwoom,RP,W,6.75,0.75,1 ⅓,17,1,1,1,1,1,0,0,,Home,사직 야구장,18:30,12.8
정철원,Lotte,2025,2025-04-11,@ NC,RP,H,0.0,0.0,0 ⅔,8,0,0,0,0,1,0,0,,Away,창원 NC 파크,18:30,15.6
정철원,Lotte,2025,2025-04-10,vs. Kia,RP,H,0.0,0.0,1,16,0,0,0,0,2,0,0,,Home,사직 야구장,18:30,14.9
정철원,Lotte,2025,2025-04-08,vs. Kia,RP,L,54.0,12.0,0 ⅓,21,2,2,3,0,0,1,0,,Home,사직 야구장,18:30,17.3
정철원,Lotte,2025,2025-04-06,vs. Doosan,RP,H,27.0,6.0,1,33,3,3,4,0,0,2,0,,Home,사직 야구장,14:00,16.6
정철원,Lotte,2025,2025-04-05,vs. Doosan,RP,,0.0,0.0,0 ⅓,3,0,0,0,0,0,0,0,,Home,사직 야구장,17:00,13.4
정철원,Lotte,2025,2025-04-03,@ Hanwha,RP,H,0.0,0.0,1,10,0,0,0,0,1,0,0,,Away,대전 한화생명 볼파크,18:30,14.9
정철원,Lotte,2025,2025-04-02,@ Hanwha,RP,H,0.0,0.0,0 ⅔,8,0,0,0,0,1,0,0,,Away,대전 한화생명 볼파크,18:30,11.0
정철원,Lotte,2025,2025-03-29,vs. KT,RP,H,0.0,2.0,1,14,0,0,1,0,1,1,0,,Home,사직 야구장,17:00,8.0
정철원,Lotte,2025,2025-03-28,vs. KT,RP,,13.5,3.0,0 ⅔,18,1,1,2,0,1,0,0,,Home,사직 야구장,18:30,8.1
정철원,Lotte,2025,2025-03-27,@ SSG,RP,,0.0,0.0,1,7,0,0,0,0,1,0,0,,Away,인천 SSG 랜더스필드,18:30,11.1
정철원,Lotte,2025,2025-03-25,@ SSG,RP,H,0.0,0.0,1,9,0,0,0,0,2,0,0,,Away,인천 SSG 랜더스필드,18:30,10.4
정현수,Lotte,2025,2025-07-10,vs. Doosan,RP,,0.0,3.0,0 ⅓,7,0,0,0,0,1,1,0,,Home,사직 야구장,18:30,29.2
정현수,Lotte,2025,2025-07-09,vs. Doosan,RP,H,0.0,0.0,0 ⅓,6,0,0,0,0,0,0,0,,Home,사직 야구장,18:30,29.7
정현수,Lotte,2025,2025-07-08,vs. Doosan,RP,,13.5,1.5,0 ⅔,8,1,1,1,0,1,0,0,,Home,사직 야구장,18:30,32.4
정현수,Lotte,2025,2025-07-05,@ Kia,RP,,0.0,,0,23,5,5,2,1,0,3,0,,Away,광주 기아 챔피언스 필드,18:00,31.5
정현수,Lotte,2025,2025-07-01,vs. LG,RP,,27.0,3.0,0 ⅓,4,1,1,1,0,0,0,0,,Home,사직 야구장,18:30,29.8
정현수,Lotte,2025,2025-06-29,vs. KT,RP,,0.0,0.0,0 ⅔,6,0,0,0,0,0,0,0,,Home,사직 야구장,17:00,29.1
정현수,Lotte,2025,2025-06-28,vs. KT,RP,,0.0,1.0,1,19,0,0,1,0,0,0,0,,Home,사직 야구장,17:00,29.3
정현수,Lotte,2025,2025-06-27,vs. KT,RP,H,0.0,0.0,0 ⅓,4,0,0,0,0,0,0,0,,Home,사직 야구장,18:30,25.9
정현수,Lotte,2025,2025-06-25,@ NC,RP,,0.0,,0,8,0,0,0,0,0,1,0,,Away,창원 NC 파크,18:30,25.2
정현수,Lotte,2025,2025-06-20,vs. Samsung,RP,H,0.0,1.0,1,17,0,0,0,0,0,1,0,,Home,사직 야구장,18:30,26.5
정현수,Lotte,2025,2025-06-19,vs. Hanwha,RP,H,0.0,0.0,0 ⅓,8,0,0,0,0,1,0,0,,Home,사직 야구장,18:30,27.6
정현수,Lotte,2025,2025-06-18,vs. Hanwha,RP,,0.0,0.0,0 ⅓,4,0,0,0,0,0,0,0,,Home,사직 야구장,18:30,23.1
정현수,Lotte,2025,2025-06-15,@ SSG,RP,,0.0,0.0,0 ⅓,4,0,0,0,0,1,0,0,,Away,인천 SSG 랜더스필드,17:00,26.9
정현수,Lotte,2025,2025-06-12,@ KT,RP,,0.0,3.0,0 ⅓,5,0,0,1,0,1,0,0,,Away,수원 KT 위즈파크,18:30,26.9
정현수,Lotte,2025,2025-06-07,@ Doosan,RP,,0.0,0.0,1 ⅓,24,0,0,0,0,0,0,0,,Away,잠실 야구장,17:00,27.0
정현수,Lotte,2025,2025-06-06,@ Doosan,RP,,0.0,,0,3,0,0,0,0,0,0,1,,Away,잠실 야구장,18:30,25.4
정현수,Lotte,2025,2025-06-04,vs. Kiwoom,RP,,0.0,0.0,1,12,0,0,0,0,1,0,0,,Home,사직 야구장,18:30,24.3
정현수,Lotte,2025,2025-06-03,vs. Kiwoom,RP,,0.0,0.0,0 ⅔,3,0,0,0,0,0,0,0,,Home,사직 야구장,18:30,22.9
정현수,Lotte,2025,2025-05-29,@ Samsung,RP,,27.0,9.0,0 ⅓,14,1,1,3,0,1,0,0,,Away,대구 삼성 라이온즈 파크,18:30,19.2
정현수,Lotte,2025,2025-05-25,@ Hanwha,RP,,0.0,1.5,0 ⅔,11,0,0,0,0,0,1,0,,Away,대전 한화생명 볼파크,14:00,23.2
정현수,Lotte,2025,2025-05-24,@ Hanwha,RP,,0.0,3.0,0 ⅓,6,0,0,1,0,0,0,0,,Away,대전 한화생명 볼파크,17:00,14.4
정현수,Lotte,2025,2025-05-22,vs. LG,RP,H,0.0,0.75,1 ⅓,24,0,0,1,0,2,0,0,,Home,사직 야구장,18:30,17.4
정현수,Lotte,2025,2025-05-21,vs. LG,RP,,13.5,3.0,0 ⅔,12,1,1,1,1,0,1,0,,Home,사직 야구장,18:30,23.1
정현수,Lotte,2025,2025-05-18,vs. Samsung,RP,H,0.0,0.0,0 ⅓,6,0,0,0,0,1,0,0,,Home,사직 야구장,14:00,20.8
정현수,Lotte,2025,2025-05-17,vs. Samsung,RP,,0.0,1.5,0 ⅔,11,1,0,0,0,0,1,0,,Home,사직 야구장,17:00,20.9
정현수,Lotte,2025,2025-05-17,vs. Samsung,RP,,0.0,3.0,0 ⅓,5,0,0,0,0,0,1,0,,Home,사직 야구장,17:00,20.9
정현수,Lotte,2025,2025-05-14,@ Kia,RP,W,0.0,0.0,1 ⅔,22,0,0,0,0,1,0,0,,Away,광주 기아 챔피언스 필드,18:30,22.3
정현수,Lotte,2025,2025-05-11,@ KT,RP,,0.0,0.0,0 ⅓,8,0,0,0,0,1,0,0,,Away,수원 KT 위즈파크,14:00,19.4
정현수,Lotte,2025,2025-05-10,@ KT,RP,,0.0,1.5,0 ⅔,17,0,0,0,0,1,1,0,,Away,수원 KT 위즈파크,17:00,11.8
정현수,Lotte,2025,2025-05-06,vs. SSG,RP,,0.0,0.0,1,11,0,0,0,0,0,0,0,,Home,사직 야구장,18:30,13.3
정현수,Lotte,2025,2025-05-04,vs. NC,RP,,6.75,1.5,1 ⅓,27,1,1,2,0,0,0,0,,Home,사직 야구장,14:00,20.7
정현수,Lotte,2025,2025-05-02,vs. NC,RP,,27.0,3.0,0 ⅓,10,1,1,0,0,0,1,0,,Home,사직 야구장,18:30,19.1
정현수,Lotte,2025,2025-04-30,@ Kiwoom,RP,,0.0,0.0,1,18,0,0,0,0,2,0,0,,Away,고척 스카이돔,18:30,25.5
정현수,Lotte,2025,2025-04-27,@ Doosan,RP,,54.0,6.0,0 ⅓,15,2,2,1,0,1,1,0,,Away,잠실 야구장,14:00,18.8
정현수,Lotte,2025,2025-04-25,@ Doosan,RP,H,0.0,0.0,1,13,0,0,0,0,1,0,0,,Away,잠실 야구장,18:30,15.5
정현수,Lotte,2025,2025-04-24,vs. Hanwha,RP,H,0.0,0.0,0 ⅔,7,0,0,0,0,0,0,0,,Home,사직 야구장,18:30,16.6
정현수,Lotte,2025,2025-04-23,vs. Hanwha,RP,,0.0,1.5,0 ⅔,10,0,0,1,0,1,0,0,,Home,사직 야구장,18:30,13.9
정현수,Lotte,2025,2025-04-20,@ Samsung,RP,,0.0,3.0,0 ⅓,13,0,0,1,0,1,0,1,,Away,대구 삼성 라이온즈 파크,14:00,14.7
정현수,Lotte,2025,2025-04-18,@ Samsung,RP,,0.0,0.0,1,13,0,0,0,0,2,0,0,,Away,대구 삼성 라이온즈 파크,18:30,19.7
정현수,Lotte,2025,2025-04-15,vs. Kiwoom,RP,,0.0,2.4,1 ⅔,31,0,0,2,0,2,2,0,,Home,사직 야구장,18:30,12.8
정현수,Lotte,2025,2025-04-13,@ NC,RP,,0.0,3.0,0 ⅔,22,0,0,0,0,2,2,0,,Away,창원 NC 파크,14:00,12.3
정현수,Lotte,2025,2025-04-12,@ NC,RP,,0.0,,0,3,0,0,1,0,0,0,0,,Away,창원 NC 파크,17:00,13.9
정현수,Lotte,2025,2025-04-10,vs. Kia,RP,H,0.0,3.0,0 ⅓,8,0,0,1,0,1,0,0,,Home,사직 야구장,18:30,14.9
정현수,Lotte,2025,2025-04-09,vs. Kia,RP,,0.0,0.0,0 ⅓,5,0,0,0,0,1,0,0,,Home,사직 야구장,18:30,14.9
정현수,Lotte,2025,2025-04-08,vs. Kia,RP,,0.0,0.0,0 ⅓,4,0,0,0,0,0,0,0,,Home,사직 야구장,18:30,17.3
정현수,Lotte,2025,2025-04-06,vs. Doosan,RP,,27.0,3.0,0 ⅓,7,1,1,0,0,1,1,0,,Home,사직 야구장,14:00,16.6
정현수,Lotte,2025,2025-04-05,vs. Doosan,RP,,13.5,4.5,0 ⅔,19,1,1,3,0,2,0,0,,Home,사직 야구장,17:00,13.4
정현수,Lotte,2025,2025-04-02,@ Hanwha,RP,,0.0,0.0,1,15,0,0,0,0,1,0,0,,Away,대전 한화생명 볼파크,18:30,11.0
정현수,Lotte,2025,2025-03-30,vs. KT,RP,,0.0,0.0,0 ⅔,5,0,0,0,0,0,0,0,,Home,사직 야구장,14:00,10.2
정현수,Lotte,2025,2025-03-29,vs. KT,RP,H,0.0,0.0,0 ⅓,4,0,0,0,0,1,0,0,,Home,사직 야구장,17:00,8.0
정현수,Lotte,2025,2025-03-28,vs. KT,RP,,0.0,0.0,0 ⅓,3,0,0,0,0,0,0,0,,Home,사직 야구장,18:30,8.1
정현수,Lotte,2025,2025-03-26,@ SSG,RP,,0.0,0.0,0 ⅔,6,0,0,0,0,0,0,0,,Away,인천 SSG 랜더스필드,18:30,20.6
정현수,Lotte,2025,2025-03-25,@ SSG,RP,,0.0,,0,5,0,0,0,0,0,1,0,,Away,인천 SSG 랜더스필드,18:30,10.4
정현수,Lotte,2025,2025-03-23,@ LG,RP,,6.75,0.75,1 ⅓,21,1,1,0,0,1,1,0,,Away,잠실 야구장,14:00,23.3
김원중,Lotte,2025,2025-07-06,@ Kia,RP,SV,0.0,2.0,1,20,0,0,2,0,1,0,0,,Away,광주 기아 챔피언스 필드,17:00,33.2
김원중,Lotte,2025,2025-07-03,vs. LG,RP,SV,0.0,2.0,1,19,0,0,1,0,0,1,0,,Home,사직 야구장,18:30,29.8
김원중,Lotte,2025,2025-07-02,vs. LG,RP,SV,0.0,0.0,0 ⅔,4,0,0,0,0,0,0,0,,Home,사직 야구장,18:30,30.0
김원중,Lotte,2025,2025-06-26,@ NC,RP,SV,9.0,3.0,1,37,1,1,0,0,2,3,1,,Away,창원 NC 파크,18:30,27.7
김원중,Lotte,2025,2025-06-20,vs. Samsung,RP,SV,0.0,1.0,1,17,0,0,0,0,1,1,0,,Home,사직 야구장,18:30,26.5
김원중,Lotte,2025,2025-06-19,vs. Hanwha,RP,SV,0.0,1.0,1,14,0,0,1,0,1,0,0,,Home,사직 야구장,18:30,27.6
김원중,Lotte,2025,2025-06-18,vs. Hanwha,RP,SV,0.0,0.0,1 ⅓,19,0,0,0,0,2,0,0,,Home,사직 야구장,18:30,23.1
김원중,Lotte,2025,2025-06-14,@ SSG,RP,SV,9.0,2.0,1,14,1,1,1,0,1,1,0,,Away,인천 SSG 랜더스필드,17:00,29.1
김원중,Lotte,2025,2025-06-12,@ KT,RP,W,9.0,4.0,1,31,1,1,2,0,1,2,0,,Away,수원 KT 위즈파크,18:30,26.9
김원중,Lotte,2025,2025-06-11,@ KT,RP,SV,0.0,1.0,1,15,0,0,1,0,0,0,0,,Away,수원 KT 위즈파크,18:30,23.4
김원중,Lotte,2025,2025-06-08,@ Doosan,RP,SV,0.0,1.0,1,8,0,0,1,0,0,0,0,,Away,잠실 야구장,17:00,28.5
김원중,Lotte,2025,2025-06-07,@ Doosan,RP,,0.0,0.0,1,21,0,0,0,0,1,0,0,,Away,잠실 야구장,17:00,27.0
김원중,Lotte,2025,2025-06-01,vs. SSG,RP,L,9.0,1.0,1,23,1,1,1,0,3,0,0,,Home,사직 야구장,17:00,23.7
김원중,Lotte,2025,2025-05-30,vs. SSG,RP,SV,0.0,1.0,1,14,0,0,0,0,0,1,0,,Home,사직 야구장,18:30,19.8
김원중,Lotte,2025,2025-05-24,@ Hanwha,RP,W,0.0,1.0,2,35,0,0,2,0,3,0,0,,Away,대전 한화생명 볼파크,17:00,14.4
김원중,Lotte,2025,2025-05-21,vs. LG,RP,,0.0,2.0,1,17,0,0,2,0,1,0,0,,Home,사직 야구장,18:30,23.1
김원중,Lotte,2025,2025-05-18,vs. Samsung,RP,SV,0.0,1.0,1,16,0,0,1,0,2,0,0,,Home,사직 야구장,14:00,20.8
김원중,Lotte,2025,2025-05-17,vs. Samsung,RP,SV,0.0,0.0,1,16,0,0,0,0,2,0,0,,Home,사직 야구장,17:00,20.9
김원중,Lotte,2025,2025-05-17,vs. Samsung,RP,SV,0.0,0.0,1,13,0,0,0,0,1,0,0,,Home,사직 야구장,17:00,20.9
김원중,Lotte,2025,2025-05-14,@ Kia,RP,,0.0,1.0,1,5,0,0,1,0,0,0,0,,Away,광주 기아 챔피언스 필드,18:30,22.3
김원중,Lotte,2025,2025-05-11,@ KT,RP,,0.0,2.0,1,23,0,0,0,0,1,2,0,,Away,수원 KT 위즈파크,14:00,19.4
김원중,Lotte,2025,2025-05-10,@ KT,RP,SV,0.0,0.75,1 ⅓,16,0,0,1,0,1,0,0,,Away,수원 KT 위즈파크,17:00,11.8
김원중,Lotte,2025,2025-05-02,vs. NC,RP,W,0.0,4.5,0 ⅔,23,0,0,0,0,0,3,0,,Home,사직 야구장,18:30,19.1
김원중,Lotte,2025,2025-04-30,@ Kiwoom,RP,SV,13.5,1.5,0 ⅔,16,1,1,1,1,1,0,0,,Away,고척 스카이돔,18:30,25.5
김원중,Lotte,2025,2025-04-26,@ Doosan,RP,,9.0,3.0,1,30,1,1,2,0,1,1,0,,Away,잠실 야구장,17:00,17.8
김원중,Lotte,2025,2025-04-24,vs. Hanwha,RP,SV,0.0,0.0,1 ⅓,13,0,0,0,0,3,0,0,,Home,사직 야구장,18:30,16.6
김원중,Lotte,2025,2025-04-20,@ Samsung,RP,SV,0.0,2.0,1,23,0,0,1,0,3,1,0,,Away,대구 삼성 라이온즈 파크,14:00,14.7
김원중,Lotte,2025,2025-04-16,vs. Kiwoom,RP,SV,0.0,0.0,1 ⅓,13,0,0,0,0,1,0,0,,Home,사직 야구장,18:30,16.8
김원중,Lotte,2025,2025-04-15,vs. Kiwoom,RP,SV,0.0,0.0,1,13,0,0,0,0,1,0,0,,Home,사직 야구장,18:30,12.8
김원중,Lotte,2025,2025-04-11,@ NC,RP,SV,0.0,1.0,1,18,0,0,1,0,1,0,0,,Away,창원 NC 파크,18:30,15.6
김원중,Lotte,2025,2025-04-10,vs. Kia,RP,SV,0.0,0.0,1 ⅓,18,0,0,0,0,3,0,0,,Home,사직 야구장,18:30,14.9
김원중,Lotte,2025,2025-04-03,@ Hanwha,RP,SV,0.0,3.0,1,20,0,0,1,0,1,2,0,,Away,대전 한화생명 볼파크,18:30,14.9
김원중,Lotte,2025,2025-04-02,@ Hanwha,RP,,0.0,1.0,1,20,0,0,1,0,0,0,0,,Away,대전 한화생명 볼파크,18:30,11.0
김원중,Lotte,2025,2025-03-30,vs. KT,RP,,0.0,3.0,1 ⅔,37,1,0,1,0,2,4,0,,Home,사직 야구장,14:00,10.2
김원중,Lotte,2025,2025-03-29,vs. KT,RP,SV,0.0,1.0,1,19,0,0,0,0,1,1,0,,Home,사직 야구장,17:00,8.0
김원중,Lotte,2025,2025-03-25,@ SSG,RP,,9.0,1.0,1,21,1,1,1,1,1,0,0,,Away,인천 SSG 랜더스필드,18:30,10.4
이민석,Lotte,2025,2025-07-09,vs. Doosan,SP,,1.8,2.2,5,100,1,1,6,0,5,5,0,51.0,Home,사직 야구장,18:30,29.7
이민석,Lotte,2025,2025-07-03,vs. LG,SP,,0.0,0.9,6 ⅔,96,0,0,4,0,4,2,0,68.0,Home,사직 야구장,18:30,29.8
이민석,Lotte,2025,2025-06-27,vs. KT,SP,,3.0,3.33,3,75,5,1,8,0,3,2,0,32.0,Home,사직 야구장,18:30,25.9
이민석,Lotte,2025,2025-06-15,@ SSG,SP,L,1.69,1.31,5 ⅓,99,1,1,5,1,6,2,0,58.0,Away,인천 SSG 랜더스필드,17:00,26.9
이민석,Lotte,2025,2025-06-07,@ Doosan,SP,W,7.2,1.8,5,69,4,4,7,0,4,2,0,39.0,Away,잠실 야구장,17:00,27.0
이민석,Lotte,2025,2025-06-01,vs. SSG,SP,,0.0,1.0,5,82,0,0,4,0,2,1,0,60.0,Home,사직 야구장,17:00,23.7
이민석,Lotte,2025,2025-05-22,vs. LG,SP,W,7.2,1.6,5,87,4,4,6,2,1,2,0,38.0,Home,사직 야구장,18:30,17.4
이민석,Lotte,2025,2025-05-17,vs. Samsung,SP,,8.31,1.85,4 ⅓,83,4,4,5,1,2,3,0,36.0,Home,사직 야구장,17:00,20.9
이민석,Lotte,2025,2025-05-11,@ KT,SP,,1.5,1.17,6,104,1,1,5,0,5,2,1,60.0,Away,수원 KT 위즈파크,14:00,19.4
이민석,Lotte,2025,2025-05-05,vs. SSG,SP,L,10.8,1.8,5,89,6,6,7,1,6,2,0,33.0,Home,사직 야구장,14:00,18.1
나균안,Lotte,2025,2025-07-10,vs. Doosan,SP,L,4.05,1.5,6 ⅔,103,4,3,9,0,8,1,0,49.0,Home,사직 야구장,18:30,29.2
나균안,Lotte,2025,2025-07-04,@ Kia,SP,,1.5,1.0,6,83,2,1,5,0,3,1,0,58.0,Away,광주 기아 챔피언스 필드,18:30,30.7
나균안,Lotte,2025,2025-06-28,vs. KT,SP,L,6.75,2.25,5 ⅓,105,4,4,10,0,4,2,0,34.0,Home,사직 야구장,17:00,29.3
나균안,Lotte,2025,2025-06-19,vs. Hanwha,SP,W,0.0,1.0,6,88,0,0,4,0,6,2,0,68.0,Home,사직 야구장,18:30,27.6
나균안,Lotte,2025,2025-06-12,@ KT,RP,,0.0,2.0,1,15,0,0,1,0,0,1,0,,Away,수원 KT 위즈파크,18:30,26.9
나균안,Lotte,2025,2025-06-11,@ KT,RP,W,0.0,0.6,1 ⅔,24,0,0,1,0,1,0,0,,Away,수원 KT 위즈파크,18:30,23.4
나균안,Lotte,2025,2025-06-06,@ Doosan,SP,L,6.75,1.31,5 ⅓,60,4,4,7,3,1,0,0,39.0,Away,잠실 야구장,18:30,25.4
나균안,Lotte,2025,2025-05-31,vs. SSG,SP,L,7.2,2.0,5,105,4,4,4,1,4,6,0,41.0,Home,사직 야구장,17:00,20.8
나균안,Lotte,2025,2025-05-21,vs. LG,SP,,5.4,2.0,5,102,4,3,8,2,6,2,0,41.0,Home,사직 야구장,18:30,23.1
나균안,Lotte,2025,2025-05-15,@ Kia,SP,L,9.53,2.12,5 ⅔,102,6,6,10,0,3,2,0,26.0,Away,광주 기아 챔피언스 필드,18:30,21.6
나균안,Lotte,2025,2025-05-10,@ KT,SP,,15.0,3.0,3,71,5,5,8,2,1,1,0,23.0,Away,수원 KT 위즈파크,17:00,11.8
나균안,Lotte,2025,2025-05-02,vs. NC,SP,,0.0,0.79,6 ⅓,93,0,0,3,0,4,2,0,69.0,Home,사직 야구장,18:30,19.1
나균안,Lotte,2025,2025-04-26,@ Doosan,SP,,2.08,2.08,4 ⅓,85,3,1,6,0,3,3,1,42.0,Away,잠실 야구장,17:00,17.8
나균안,Lotte,2025,2025-04-20,@ Samsung,SP,,1.69,1.69,5 ⅓,88,1,1,5,0,2,4,0,52.0,Away,대구 삼성 라이온즈 파크,14:00,14.7
나균안,Lotte,2025,2025-04-15,vs. Kiwoom,SP,,6.75,1.75,4,83,5,3,5,0,3,2,1,36.0,Home,사직 야구장,18:30,12.8
나균안,Lotte,2025,2025-04-09,vs. Kia,SP,L,4.5,1.5,6,102,3,3,6,1,3,3,0,48.0,Home,사직 야구장,18:30,14.9
나균안,Lotte,2025,2025-04-03,@ Hanwha,SP,,3.38,1.31,5 ⅓,98,2,2,5,0,6,2,0,54.0,Away,대전 한화생명 볼파크,18:30,14.9
나균안,Lotte,2025,2025-03-27,@ SSG,SP,,3.86,1.5,4 ⅔,86,2,2,4,0,6,3,0,51.0,Away,인천 SSG 랜더스필드,18:30,11.1
조상우,Kia,2025,2025-07-10,@ Hanwha,RP,H,13.5,4.5,0 ⅔,23,1,1,2,0,0,1,0,,Away,대전 한화생명 볼파크,18:30,32.1
조상우,Kia,2025,2025-07-04,vs. Lotte,RP,,81.0,6.0,0 ⅓,11,3,3,2,0,0,0,1,,Home,광주 기아 챔피언스 필드,18:30,30.7
조상우,Kia,2025,2025-07-03,vs. SSG,RP,H,0.0,0.0,1,12,0,0,0,0,2,0,1,,Home,광주 기아 챔피언스 필드,18:30,32.6
조상우,Kia,2025,2025-07-01,vs. SSG,RP,H,0.0,0.0,1,8,0,0,0,0,1,0,0,,Home,광주 기아 챔피언스 필드,18:30,32.6
조상우,Kia,2025,2025-06-28,@ LG,RP,H,0.0,1.0,1,16,0,0,1,0,3,0,0,,Away,잠실 야구장,17:00,29.9
조상우,Kia,2025,2025-06-26,@ Kiwoom,RP,,0.0,2.0,1,15,0,0,2,0,1,0,0,,Away,고척 스카이돔,18:30,25.5
조상우,Kia,2025,2025-06-25,@ Kiwoom,RP,H,0.0,1.0,1,12,0,0,1,0,0,0,0,,Away,고척 스카이돔,18:30,25.5
조상우,Kia,2025,2025-06-21,@ SSG,RP,H,9.0,4.0,1,36,1,1,1,0,1,3,0,,Away,인천 SSG 랜더스필드,17:00,23.5
조상우,Kia,2025,2025-06-18,vs. KT,RP,H,0.0,1.0,1,23,0,0,1,0,0,0,1,,Home,광주 기아 챔피언스 필드,18:30,29.7
조상우,Kia,2025,2025-06-15,@ NC,RP,H,0.0,1.5,1 ⅓,31,0,0,1,0,2,1,1,,Away,창원 NC 파크,17:00,28.6
조상우,Kia,2025,2025-06-11,vs. Samsung,RP,H,0.0,0.0,1,12,0,0,0,0,0,0,0,,Home,광주 기아 챔피언스 필드,18:30,27.1
조상우,Kia,2025,2025-06-07,vs. Hanwha,RP,,0.0,0.0,1 ⅓,16,0,0,0,0,1,0,0,,Home,광주 기아 챔피언스 필드,17:00,27.2
조상우,Kia,2025,2025-06-05,@ Doosan,RP,,0.0,3.0,0 ⅔,15,0,0,1,0,0,1,0,,Away,잠실 야구장,18:30,23.9
조상우,Kia,2025,2025-06-04,@ Doosan,RP,H,0.0,1.0,1,18,0,0,1,0,0,0,0,,Away,잠실 야구장,18:30,22.5
조상우,Kia,2025,2025-06-01,@ KT,RP,H,0.0,1.5,0 ⅔,13,0,0,1,0,1,0,0,,Away,수원 KT 위즈파크,17:00,24.4
조상우,Kia,2025,2025-05-31,@ KT,RP,L,40.5,4.5,0 ⅔,27,3,3,1,0,1,2,0,,Away,수원 KT 위즈파크,17:00,22.8
조상우,Kia,2025,2025-05-29,vs. Kiwoom,RP,,0.0,0.0,1,13,0,0,0,0,1,0,0,,Home,광주 기아 챔피언스 필드,18:30,25.8
조상우,Kia,2025,2025-05-27,vs. Kiwoom,RP,,0.0,1.0,1,18,0,0,1,0,2,0,0,,Home,광주 기아 챔피언스 필드,18:30,24.9
조상우,Kia,2025,2025-05-25,@ Samsung,RP,L,13.5,3.0,0 ⅔,12,1,1,1,1,1,1,0,,Away,대구 삼성 라이온즈 파크,14:00,19.3
조상우,Kia,2025,2025-05-23,@ Samsung,RP,H,0.0,0.0,0 ⅔,9,0,0,0,0,2,0,0,,Away,대구 삼성 라이온즈 파크,18:30,18.4
조상우,Kia,2025,2025-05-22,@ KT,RP,,0.0,1.0,1,17,0,0,0,0,0,1,0,,Away,수원 KT 위즈파크,18:30,25.5
조상우,Kia,2025,2025-05-17,vs. Doosan,RP,H,0.0,1.0,1,16,0,0,1,0,1,0,0,,Home,광주 기아 챔피언스 필드,17:00,21.7
조상우,Kia,2025,2025-05-17,vs. Doosan,RP,H,0.0,1.5,0 ⅔,10,0,0,0,0,0,1,0,,Home,광주 기아 챔피언스 필드,17:00,21.7
조상우,Kia,2025,2025-05-15,vs. Lotte,RP,H,18.0,2.0,1,18,2,2,1,1,0,1,0,,Home,광주 기아 챔피언스 필드,18:30,21.6
조상우,Kia,2025,2025-05-13,vs. Lotte,RP,H,0.0,2.0,1,15,0,0,1,0,0,1,0,,Home,광주 기아 챔피언스 필드,18:30,24.9
조상우,Kia,2025,2025-05-10,@ SSG,RP,W,9.0,3.0,1,33,1,1,2,1,3,1,0,,Away,인천 SSG 랜더스필드,17:00,11.6
조상우,Kia,2025,2025-05-07,@ Kiwoom,RP,,54.0,6.0,0 ⅓,18,2,2,0,0,1,2,0,,Away,고척 스카이돔,18:30,25.5
조상우,Kia,2025,2025-05-06,@ Kiwoom,RP,H,0.0,2.0,1,15,0,0,2,0,0,0,0,,Away,고척 스카이돔,18:30,25.5
조상우,Kia,2025,2025-05-04,vs. Hanwha,RP,L,27.0,6.0,0 ⅔,19,2,2,3,0,1,1,0,,Home,광주 기아 챔피언스 필드,14:00,20.3
조상우,Kia,2025,2025-05-02,vs. Hanwha,RP,,0.0,2.0,1,20,0,0,1,0,1,1,0,,Home,광주 기아 챔피언스 필드,18:30,17.3
조상우,Kia,2025,2025-04-27,vs. LG,RP,H,0.0,1.0,1,17,0,0,0,0,1,1,0,,Home,광주 기아 챔피언스 필드,14:00,24.1
조상우,Kia,2025,2025-04-25,vs. LG,RP,L,0.0,0.75,1 ⅓,25,1,0,1,0,2,0,0,,Home,광주 기아 챔피언스 필드,18:30,16.2
조상우,Kia,2025,2025-04-20,@ Doosan,RP,H,0.0,1.0,1,17,0,0,1,0,1,0,0,,Away,잠실 야구장,14:00,22.5
조상우,Kia,2025,2025-04-19,@ Doosan,RP,H,0.0,3.0,1,24,0,0,1,0,1,2,0,,Away,잠실 야구장,17:00,14.6
조상우,Kia,2025,2025-04-17,vs. KT,RP,,0.0,0.0,0 ⅔,9,0,0,0,0,1,0,0,,Home,광주 기아 챔피언스 필드,18:30,22.8
조상우,Kia,2025,2025-04-15,vs. KT,RP,W,0.0,0.0,1,13,0,0,0,0,2,0,0,,Home,광주 기아 챔피언스 필드,18:30,13.2
조상우,Kia,2025,2025-04-09,@ Lotte,RP,H,0.0,6.0,0 ⅓,12,0,0,2,0,0,0,0,,Away,사직 야구장,18:30,14.9
조상우,Kia,2025,2025-04-08,@ Lotte,RP,W,9.0,2.0,1,22,1,1,1,0,2,1,0,,Away,사직 야구장,18:30,17.3
조상우,Kia,2025,2025-04-03,vs. Samsung,RP,H,0.0,0.0,1,15,0,0,0,0,2,0,0,,Home,광주 기아 챔피언스 필드,18:30,12.2
조상우,Kia,2025,2025-04-02,vs. Samsung,RP,,0.0,0.0,1,13,0,0,0,0,2,0,0,,Home,광주 기아 챔피언스 필드,18:30,10.3
조상우,Kia,2025,2025-03-30,@ Hanwha,RP,H,0.0,0.0,1 ⅔,23,0,0,0,0,2,0,0,,Away,대전 한화생명 볼파크,14:00,5.1
조상우,Kia,2025,2025-03-29,@ Hanwha,RP,L,13.5,3.0,0 ⅔,23,2,1,2,0,0,0,0,,Away,대전 한화생명 볼파크,17:00,3.0
조상우,Kia,2025,2025-03-27,vs. Kiwoom,RP,H,0.0,3.0,0 ⅓,7,0,0,1,0,0,0,0,,Home,광주 기아 챔피언스 필드,18:30,14.1
조상우,Kia,2025,2025-03-25,vs. Kiwoom,RP,,0.0,1.0,1,15,0,0,1,0,1,0,0,,Home,광주 기아 챔피언스 필드,18:30,19.9
최지민,Kia,2025,2025-07-09,@ Hanwha,RP,,0.0,1.0,1,16,0,0,0,0,0,1,0,,Away,대전 한화생명 볼파크,18:30,32.1
최지민,Kia,2025,2025-07-06,vs. Lotte,RP,,13.5,4.5,0 ⅔,22,1,1,1,0,0,2,0,,Home,광주 기아 챔피언스 필드,17:00,33.2
최지민,Kia,2025,2025-07-04,vs. Lotte,RP,,0.0,3.0,0 ⅓,8,0,0,1,0,1,0,0,,Home,광주 기아 챔피언스 필드,18:30,30.7
최지민,Kia,2025,2025-07-01,vs. SSG,RP,,0.0,0.6,1 ⅔,31,0,0,1,0,1,0,0,,Home,광주 기아 챔피언스 필드,18:30,32.6
최지민,Kia,2025,2025-06-29,@ LG,RP,H,0.0,2.0,1,17,0,0,1,0,0,1,0,,Away,잠실 야구장,17:00,31.1
최지민,Kia,2025,2025-06-27,@ LG,RP,,0.0,4.5,0 ⅔,23,0,0,1,0,1,2,0,,Away,잠실 야구장,18:30,29.9
최지민,Kia,2025,2025-06-26,@ Kiwoom,RP,H,0.0,2.0,1,11,0,0,1,0,1,1,0,,Away,고척 스카이돔,18:30,25.5
최지민,Kia,2025,2025-06-24,@ Kiwoom,RP,L,10.8,1.8,1 ⅔,37,2,2,1,0,4,2,0,,Away,고척 스카이돔,18:30,25.5
최지민,Kia,2025,2025-06-17,vs. KT,RP,,9.0,3.0,1,22,1,1,2,1,0,1,0,,Home,광주 기아 챔피언스 필드,18:30,29.8
최지민,Kia,2025,2025-06-14,@ NC,RP,,0.0,,0,3,0,0,0,0,0,0,1,,Away,창원 NC 파크,17:00,27.3
최지민,Kia,2025,2025-06-12,vs. Samsung,RP,,0.0,0.0,1,12,0,0,0,0,1,0,0,,Home,광주 기아 챔피언스 필드,18:30,26.3
최지민,Kia,2025,2025-06-10,vs. Samsung,RP,,0.0,1.5,0 ⅔,12,0,0,0,0,1,1,0,,Home,광주 기아 챔피언스 필드,18:30,25.4
최지민,Kia,2025,2025-06-08,vs. Hanwha,RP,,0.0,0.0,1,9,0,0,0,0,0,0,0,,Home,광주 기아 챔피언스 필드,17:00,28.7
최지민,Kia,2025,2025-06-07,vs. Hanwha,RP,L,5.4,0.6,1 ⅔,29,1,1,1,0,3,0,0,,Home,광주 기아 챔피언스 필드,17:00,27.2
최지민,Kia,2025,2025-06-05,@ Doosan,RP,,0.0,0.0,0 ⅓,1,0,0,0,0,0,0,0,,Away,잠실 야구장,18:30,23.9
최지민,Kia,2025,2025-06-03,@ Doosan,RP,,0.0,1.0,1,9,0,0,1,0,0,0,0,,Away,잠실 야구장,18:30,22.8
최지민,Kia,2025,2025-05-29,vs. Kiwoom,RP,,0.0,,0,11,1,1,0,0,0,2,0,,Home,광주 기아 챔피언스 필드,18:30,25.8
최지민,Kia,2025,2025-05-28,vs. Kiwoom,RP,,0.0,0.0,1,8,0,0,0,0,1,0,0,,Home,광주 기아 챔피언스 필드,18:30,26.5
최지민,Kia,2025,2025-05-24,@ Samsung,RP,L,108.0,12.0,0 ⅓,25,4,4,1,0,1,3,0,,Away,대구 삼성 라이온즈 파크,17:00,14.5
최지민,Kia,2025,2025-05-23,@ Samsung,RP,W,18.0,2.0,1,12,2,2,2,1,0,0,0,,Away,대구 삼성 라이온즈 파크,18:30,18.4
최지민,Kia,2025,2025-05-11,@ SSG,RP,,0.0,,0,9,0,0,0,0,0,2,0,,Away,인천 SSG 랜더스필드,14:00,16.8
최지민,Kia,2025,2025-05-07,@ Kiwoom,RP,,0.0,,0,9,2,2,0,0,0,2,0,,Away,고척 스카이돔,18:30,25.5
최지민,Kia,2025,2025-05-04,vs. Hanwha,RP,,0.0,0.0,1,16,0,0,0,0,0,0,1,,Home,광주 기아 챔피언스 필드,14:00,20.3
최지민,Kia,2025,2025-05-02,vs. Hanwha,RP,,0.0,0.0,1,10,0,0,0,0,1,0,0,,Home,광주 기아 챔피언스 필드,18:30,17.3
최지민,Kia,2025,2025-04-30,vs. NC,RP,,0.0,,0,18,4,3,2,0,0,1,0,,Home,광주 기아 챔피언스 필드,18:30,23.0
최지민,Kia,2025,2025-04-29,vs. NC,RP,,0.0,3.0,0 ⅔,18,0,0,1,0,0,1,0,,Home,광주 기아 챔피언스 필드,18:30,21.6
최지민,Kia,2025,2025-04-25,vs. LG,RP,,0.0,6.0,0 ⅓,16,0,0,0,0,1,2,0,,Home,광주 기아 챔피언스 필드,18:30,16.2
최지민,Kia,2025,2025-04-20,@ Doosan,RP,W,0.0,3.0,0 ⅔,16,0,0,1,0,1,1,0,,Away,잠실 야구장,14:00,22.5
최지민,Kia,2025,2025-04-19,@ Doosan,RP,H,0.0,1.5,0 ⅔,18,0,0,0,0,0,1,0,,Away,잠실 야구장,17:00,14.6
최지민,Kia,2025,2025-04-17,vs. KT,RP,,0.0,1.0,1,16,0,0,0,0,1,1,0,,Home,광주 기아 챔피언스 필드,18:30,22.8
최지민,Kia,2025,2025-04-15,vs. KT,RP,H,0.0,1.0,1,13,0,0,1,0,1,0,0,,Home,광주 기아 챔피언스 필드,18:30,13.2
최지민,Kia,2025,2025-04-10,@ Lotte,RP,,0.0,0.75,1 ⅓,25,0,0,1,0,1,0,0,,Away,사직 야구장,18:30,14.9
최지민,Kia,2025,2025-04-08,@ Lotte,RP,H,0.0,1.5,0 ⅔,8,0,0,0,0,0,1,0,,Away,사직 야구장,18:30,17.3
최지민,Kia,2025,2025-04-06,@ LG,RP,,9.0,2.0,1,15,1,1,2,0,1,0,0,,Away,잠실 야구장,14:00,15.2
최지민,Kia,2025,2025-04-02,vs. Samsung,RP,,0.0,1.0,1,13,0,0,1,0,1,0,0,,Home,광주 기아 챔피언스 필드,18:30,10.3
최지민,Kia,2025,2025-03-30,@ Hanwha,RP,,27.0,6.0,0 ⅓,19,1,1,1,0,0,1,0,,Away,대전 한화생명 볼파크,14:00,5.1
최지민,Kia,2025,2025-03-29,@ Hanwha,RP,H,0.0,1.5,0 ⅔,10,0,0,0,0,0,1,0,,Away,대전 한화생명 볼파크,17:00,3.0
최지민,Kia,2025,2025-03-27,vs. Kiwoom,RP,,0.0,,0,17,0,0,1,0,0,2,0,,Home,광주 기아 챔피언스 필드,18:30,14.1
최지민,Kia,2025,2025-03-25,vs. Kiwoom,RP,,0.0,1.0,1,15,0,0,1,0,2,0,0,,Home,광주 기아 챔피언스 필드,18:30,19.9
전상현,Kia,2025,2025-07-10,@ Hanwha,RP,H,0.0,1.0,1,9,0,0,1,0,0,0,0,,Away,대전 한화생명 볼파크,18:30,32.1
전상현,Kia,2025,2025-07-04,vs. Lotte,RP,,54.0,9.0,0 ⅓,15,2,2,3,0,0,0,0,,Home,광주 기아 챔피언스 필드,18:30,30.7
전상현,Kia,2025,2025-07-03,vs. SSG,RP,W,0.0,0.0,1,9,0,0,0,0,0,0,0,,Home,광주 기아 챔피언스 필드,18:30,32.6
전상현,Kia,2025,2025-07-01,vs. SSG,RP,W,0.0,0.0,1,8,0,0,0,0,1,0,0,,Home,광주 기아 챔피언스 필드,18:30,32.6
전상현,Kia,2025,2025-06-28,@ LG,RP,H,6.75,2.25,1 ⅓,20,1,1,2,1,1,1,0,,Away,잠실 야구장,17:00,29.9
전상현,Kia,2025,2025-06-26,@ Kiwoom,RP,,0.0,0.0,1,10,0,0,0,0,1,0,0,,Away,고척 스카이돔,18:30,25.5
전상현,Kia,2025,2025-06-25,@ Kiwoom,RP,H,0.0,0.0,1,11,0,0,0,0,1,0,0,,Away,고척 스카이돔,18:30,25.5
전상현,Kia,2025,2025-06-22,@ SSG,RP,H,0.0,1.0,1,18,0,0,1,0,1,0,0,,Away,인천 SSG 랜더스필드,17:00,25.0
전상현,Kia,2025,2025-06-21,@ SSG,RP,H,0.0,1.0,1,11,0,0,1,0,0,0,0,,Away,인천 SSG 랜더스필드,17:00,23.5
전상현,Kia,2025,2025-06-19,vs. KT,RP,H,0.0,1.0,1,5,0,0,1,0,0,0,0,,Home,광주 기아 챔피언스 필드,18:30,29.3
전상현,Kia,2025,2025-06-18,vs. KT,RP,W,0.0,0.0,2,19,0,0,0,0,0,0,0,,Home,광주 기아 챔피언스 필드,18:30,29.7
전상현,Kia,2025,2025-06-14,@ NC,RP,H,6.75,1.5,1 ⅓,14,1,1,2,0,1,0,0,,Away,창원 NC 파크,17:00,27.3
전상현,Kia,2025,2025-06-12,vs. Samsung,RP,,0.0,0.0,1,10,0,0,0,0,0,0,0,,Home,광주 기아 챔피언스 필드,18:30,26.3
전상현,Kia,2025,2025-06-11,vs. Samsung,RP,H,0.0,0.0,1,14,0,0,0,0,2,0,0,,Home,광주 기아 챔피언스 필드,18:30,27.1
전상현,Kia,2025,2025-06-08,vs. Hanwha,RP,,4.5,1.5,2,20,1,1,3,0,1,0,0,,Home,광주 기아 챔피언스 필드,17:00,28.7
전상현,Kia,2025,2025-06-06,vs. Hanwha,RP,H,9.0,2.0,1,14,1,1,2,1,1,0,0,,Home,광주 기아 챔피언스 필드,18:30,22.6
전상현,Kia,2025,2025-06-05,@ Doosan,RP,,0.0,1.5,0 ⅔,14,0,0,1,0,0,0,0,,Away,잠실 야구장,18:30,23.9
전상현,Kia,2025,2025-06-03,@ Doosan,RP,,0.0,0.0,1,9,0,0,0,0,1,0,0,,Away,잠실 야구장,18:30,22.8
전상현,Kia,2025,2025-06-01,@ KT,RP,H,0.0,0.0,1,10,0,0,0,0,1,0,0,,Away,수원 KT 위즈파크,17:00,24.4
전상현,Kia,2025,2025-05-31,@ KT,RP,,0.0,0.6,1 ⅔,27,0,0,0,0,1,1,0,,Away,수원 KT 위즈파크,17:00,22.8
전상현,Kia,2025,2025-05-29,vs. Kiwoom,RP,,0.0,1.0,1,16,0,0,1,0,1,0,0,,Home,광주 기아 챔피언스 필드,18:30,25.8
전상현,Kia,2025,2025-05-27,vs. Kiwoom,RP,,0.0,,0,9,1,1,2,0,0,0,0,,Home,광주 기아 챔피언스 필드,18:30,24.9
전상현,Kia,2025,2025-05-25,@ Samsung,RP,,0.0,0.75,1 ⅓,18,0,0,0,0,0,1,0,,Away,대구 삼성 라이온즈 파크,14:00,19.3
전상현,Kia,2025,2025-05-24,@ Samsung,RP,,0.0,2.0,1,19,1,0,2,0,1,0,0,,Away,대구 삼성 라이온즈 파크,17:00,14.5
전상현,Kia,2025,2025-05-22,@ KT,RP,,0.0,0.0,0 ⅓,3,0,0,0,0,0,0,0,,Away,수원 KT 위즈파크,18:30,25.5
전상현,Kia,2025,2025-05-21,@ KT,RP,,0.0,2.0,1,10,0,0,1,0,0,1,0,,Away,수원 KT 위즈파크,18:30,26.8
전상현,Kia,2025,2025-05-18,vs. Doosan,RP,W,0.0,1.0,1,24,0,0,1,0,1,0,0,,Home,광주 기아 챔피언스 필드,14:00,22.9
전상현,Kia,2025,2025-05-17,vs. Doosan,RP,,0.0,3.0,0 ⅓,8,0,0,1,0,1,0,0,,Home,광주 기아 챔피언스 필드,17:00,21.7
전상현,Kia,2025,2025-05-15,vs. Lotte,RP,,54.0,9.0,0 ⅓,11,2,2,3,0,1,0,0,,Home,광주 기아 챔피언스 필드,18:30,21.6
전상현,Kia,2025,2025-05-13,vs. Lotte,RP,H,0.0,0.75,1 ⅓,14,0,0,1,0,0,0,0,,Home,광주 기아 챔피언스 필드,18:30,24.9
전상현,Kia,2025,2025-05-11,@ SSG,RP,,0.0,,0,10,2,2,2,0,0,1,0,,Away,인천 SSG 랜더스필드,14:00,16.8
전상현,Kia,2025,2025-05-10,@ SSG,RP,H,13.5,1.5,0 ⅔,11,1,1,1,0,0,0,0,,Away,인천 SSG 랜더스필드,17:00,11.6
전상현,Kia,2025,2025-05-07,@ Kiwoom,RP,H,5.4,1.2,1 ⅔,30,1,1,2,0,3,0,0,,Away,고척 스카이돔,18:30,25.5
전상현,Kia,2025,2025-05-06,@ Kiwoom,RP,,0.0,3.0,0 ⅓,7,0,0,1,0,1,0,0,,Away,고척 스카이돔,18:30,25.5
전상현,Kia,2025,2025-05-02,vs. Hanwha,RP,,0.0,2.0,1,23,0,0,1,0,0,1,0,,Home,광주 기아 챔피언스 필드,18:30,17.3
전상현,Kia,2025,2025-04-30,vs. NC,RP,,0.0,2.0,1,22,0,0,1,0,0,1,0,,Home,광주 기아 챔피언스 필드,18:30,23.0
전상현,Kia,2025,2025-04-29,vs. NC,RP,H,0.0,3.0,0 ⅓,13,0,0,0,0,0,1,0,,Home,광주 기아 챔피언스 필드,18:30,21.6
전상현,Kia,2025,2025-04-27,vs. LG,RP,W,0.0,0.0,1,12,0,0,0,0,0,0,0,,Home,광주 기아 챔피언스 필드,14:00,24.1
전상현,Kia,2025,2025-04-25,vs. LG,RP,,0.0,1.0,1,10,0,0,1,0,1,0,0,,Home,광주 기아 챔피언스 필드,18:30,16.2
전상현,Kia,2025,2025-04-20,@ Doosan,RP,H,0.0,0.0,0 ⅔,8,0,0,0,0,1,0,0,,Away,잠실 야구장,14:00,22.5
전상현,Kia,2025,2025-04-19,@ Doosan,RP,H,0.0,0.0,1,14,0,0,0,0,0,0,0,,Away,잠실 야구장,17:00,14.6
전상현,Kia,2025,2025-04-17,vs. KT,RP,,0.0,2.0,1,12,1,0,2,0,0,0,0,,Home,광주 기아 챔피언스 필드,18:30,22.8
전상현,Kia,2025,2025-04-16,vs. KT,RP,,0.0,0.0,1,11,0,0,0,0,0,0,1,,Home,광주 기아 챔피언스 필드,18:30,21.7
전상현,Kia,2025,2025-04-13,vs. SSG,RP,,0.0,1.0,1,8,0,0,1,0,1,0,0,,Home,광주 기아 챔피언스 필드,14:00,11.6
전상현,Kia,2025,2025-04-08,@ Lotte,RP,H,13.5,3.0,0 ⅔,23,1,1,2,0,0,0,0,,Away,사직 야구장,18:30,17.3
전상현,Kia,2025,2025-04-02,vs. Samsung,RP,L,54.0,9.0,0 ⅓,15,2,2,1,0,0,2,0,,Home,광주 기아 챔피언스 필드,18:30,10.3
전상현,Kia,2025,2025-03-28,@ Hanwha,RP,L,40.5,4.5,0 ⅔,27,3,3,1,1,1,2,0,,Away,대전 한화생명 볼파크,18:30,6.4
전상현,Kia,2025,2025-03-27,vs. Kiwoom,RP,,0.0,0.0,1,11,0,0,0,0,1,0,0,,Home,광주 기아 챔피언스 필드,18:30,14.1
정해영,Kia,2025,2025-07-10,@ Hanwha,RP,L,18.0,5.0,1,38,2,2,3,0,1,2,0,,Away,대전 한화생명 볼파크,18:30,32.1
정해영,Kia,2025,2025-07-04,vs. Lotte,RP,SV,0.0,1.0,1,15,0,0,1,0,1,0,0,,Home,광주 기아 챔피언스 필드,18:30,30.7
정해영,Kia,2025,2025-07-03,vs. SSG,RP,SV,0.0,1.0,1,14,0,0,1,0,0,0,0,,Home,광주 기아 챔피언스 필드,18:30,32.6
정해영,Kia,2025,2025-07-01,vs. SSG,RP,SV,0.0,0.0,1,16,0,0,0,0,2,0,0,,Home,광주 기아 챔피언스 필드,18:30,32.6
정해영,Kia,2025,2025-06-28,@ LG,RP,SV,0.0,2.0,1,15,0,0,2,0,1,0,0,,Away,잠실 야구장,17:00,29.9
정해영,Kia,2025,2025-06-26,@ Kiwoom,RP,,0.0,1.0,1,23,0,0,1,0,0,0,0,,Away,고척 스카이돔,18:30,25.5
정해영,Kia,2025,2025-06-25,@ Kiwoom,RP,,0.0,1.0,1,17,1,0,1,0,2,0,0,,Away,고척 스카이돔,18:30,25.5
정해영,Kia,2025,2025-06-22,@ SSG,RP,SV,9.0,1.0,1,15,1,1,1,0,1,0,1,,Away,인천 SSG 랜더스필드,17:00,25.0
정해영,Kia,2025,2025-06-21,@ SSG,RP,,54.0,12.0,0 ⅓,23,2,2,4,0,0,0,0,,Away,인천 SSG 랜더스필드,17:00,23.5
정해영,Kia,2025,2025-06-18,vs. KT,RP,SV,0.0,0.0,1,13,0,0,0,0,1,0,0,,Home,광주 기아 챔피언스 필드,18:30,29.7
정해영,Kia,2025,2025-06-15,@ NC,RP,SV,0.0,1.0,1,20,0,0,0,0,1,1,0,,Away,창원 NC 파크,17:00,28.6
정해영,Kia,2025,2025-06-14,@ NC,RP,,18.0,3.0,1,21,2,2,3,1,2,0,0,,Away,창원 NC 파크,17:00,27.3
정해영,Kia,2025,2025-06-11,vs. Samsung,RP,,9.0,2.0,1,27,1,1,2,0,1,0,0,,Home,광주 기아 챔피언스 필드,18:30,27.1
정해영,Kia,2025,2025-06-08,vs. Hanwha,RP,W,0.0,2.0,2,44,0,0,2,0,1,2,1,,Home,광주 기아 챔피언스 필드,17:00,28.7
정해영,Kia,2025,2025-06-06,vs. Hanwha,RP,SV,9.0,2.0,1,16,1,1,2,1,1,0,0,,Home,광주 기아 챔피언스 필드,18:30,22.6
정해영,Kia,2025,2025-06-05,@ Doosan,RP,L,0.0,3.0,1,15,1,0,3,0,2,0,0,,Away,잠실 야구장,18:30,23.9
정해영,Kia,2025,2025-06-01,@ KT,RP,SV,0.0,0.75,1 ⅓,23,0,0,0,0,2,1,0,,Away,수원 KT 위즈파크,17:00,24.4
정해영,Kia,2025,2025-05-29,vs. Kiwoom,RP,,0.0,0.5,2,23,0,0,1,0,1,0,0,,Home,광주 기아 챔피언스 필드,18:30,25.8
정해영,Kia,2025,2025-05-27,vs. Kiwoom,RP,,18.0,3.0,1,24,2,2,3,0,0,0,0,,Home,광주 기아 챔피언스 필드,18:30,24.9
정해영,Kia,2025,2025-05-23,@ Samsung,RP,SV,0.0,1.0,1,17,0,0,1,0,2,0,0,,Away,대구 삼성 라이온즈 파크,18:30,18.4
정해영,Kia,2025,2025-05-22,@ KT,RP,,0.0,2.0,1,13,0,0,2,0,1,0,0,,Away,수원 KT 위즈파크,18:30,25.5
정해영,Kia,2025,2025-05-17,vs. Doosan,RP,SV,0.0,1.0,1,15,0,0,1,0,1,0,0,,Home,광주 기아 챔피언스 필드,17:00,21.7
정해영,Kia,2025,2025-05-17,vs. Doosan,RP,SV,0.0,0.0,1,13,0,0,0,0,2,0,0,,Home,광주 기아 챔피언스 필드,17:00,21.7
정해영,Kia,2025,2025-05-15,vs. Lotte,RP,SV,0.0,0.75,1 ⅓,31,0,0,1,0,2,0,0,,Home,광주 기아 챔피언스 필드,18:30,21.6
정해영,Kia,2025,2025-05-13,vs. Lotte,RP,SV,0.0,3.0,1,19,0,0,2,0,1,1,0,,Home,광주 기아 챔피언스 필드,18:30,24.9
정해영,Kia,2025,2025-05-10,@ SSG,RP,SV,6.75,0.75,1 ⅓,13,1,1,1,1,0,0,0,,Away,인천 SSG 랜더스필드,17:00,11.6
정해영,Kia,2025,2025-05-07,@ Kiwoom,RP,L,27.0,6.0,0 ⅓,14,1,1,1,0,0,1,0,,Away,고척 스카이돔,18:30,25.5
정해영,Kia,2025,2025-05-06,@ Kiwoom,RP,SV,0.0,0.0,1,11,0,0,0,0,2,0,0,,Away,고척 스카이돔,18:30,25.5
정해영,Kia,2025,2025-05-02,vs. Hanwha,RP,,0.0,0.5,2,34,0,0,1,0,3,0,0,,Home,광주 기아 챔피언스 필드,18:30,17.3
정해영,Kia,2025,2025-04-27,vs. LG,RP,SV,0.0,1.0,1,19,0,0,1,0,1,0,0,,Home,광주 기아 챔피언스 필드,14:00,24.1
정해영,Kia,2025,2025-04-25,vs. LG,RP,,0.0,1.5,1 ⅓,29,0,0,1,0,2,1,0,,Home,광주 기아 챔피언스 필드,18:30,16.2
정해영,Kia,2025,2025-04-20,@ Doosan,RP,,0.0,3.0,1,26,0,0,1,0,2,2,0,,Away,잠실 야구장,14:00,22.5
정해영,Kia,2025,2025-04-19,@ Doosan,RP,SV,0.0,0.0,1 ⅓,17,0,0,0,0,2,0,0,,Away,잠실 야구장,17:00,14.6
정해영,Kia,2025,2025-04-17,vs. KT,RP,W,0.0,2.0,1,14,0,0,2,0,1,0,0,,Home,광주 기아 챔피언스 필드,18:30,22.8
정해영,Kia,2025,2025-04-15,vs. KT,RP,SV,0.0,0.0,1,11,0,0,0,0,1,0,0,,Home,광주 기아 챔피언스 필드,18:30,13.2
정해영,Kia,2025,2025-04-09,@ Lotte,RP,SV,0.0,2.0,1,15,0,0,2,0,0,0,0,,Away,사직 야구장,18:30,14.9
정해영,Kia,2025,2025-04-08,@ Lotte,RP,SV,0.0,0.0,1,20,0,0,0,0,2,0,0,,Away,사직 야구장,18:30,17.3
정해영,Kia,2025,2025-04-03,vs. Samsung,RP,SV,0.0,1.0,1,26,1,0,1,0,2,0,1,,Home,광주 기아 챔피언스 필드,18:30,12.2
정해영,Kia,2025,2025-03-30,@ Hanwha,RP,SV,0.0,1.0,1,8,0,0,1,0,0,0,0,,Away,대전 한화생명 볼파크,14:00,5.1
정해영,Kia,2025,2025-03-27,vs. Kiwoom,RP,L,27.0,4.0,1,29,3,3,2,0,2,2,0,,Home,광주 기아 챔피언스 필드,18:30,14.1
정해영,Kia,2025,2025-03-23,vs. NC,RP,,0.0,1.0,1,14,0,0,1,0,2,0,0,,Home,광주 기아 챔피언스 필드,14:00,23.6
김대유,Kia,2025,2025-07-08,@ Hanwha,RP,,27.0,3.0,0 ⅓,2,1,1,1,0,0,0,0,,Away,대전 한화생명 볼파크,18:30,33.6
김대유,Kia,2025,2025-07-06,vs. Lotte,RP,H,0.0,0.0,0 ⅓,1,0,0,0,0,0,0,0,,Home,광주 기아 챔피언스 필드,17:00,33.2
김대유,Kia,2025,2025-07-02,vs. SSG,RP,,0.0,0.0,0 ⅔,5,0,0,0,0,1,0,0,,Home,광주 기아 챔피언스 필드,18:30,33.1
김대유,Kia,2025,2025-06-28,@ LG,RP,,0.0,1.5,0 ⅔,12,0,0,1,0,0,0,0,,Away,잠실 야구장,17:00,29.9
김대유,Kia,2025,2025-06-27,@ LG,RP,L,9.0,1.0,1,8,1,1,1,0,0,0,0,,Away,잠실 야구장,18:30,29.9
김대유,Kia,2025,2025-06-26,@ Kiwoom,RP,,0.0,0.0,0 ⅔,8,0,0,0,0,0,0,0,,Away,고척 스카이돔,18:30,25.5
김대유,Kia,2025,2025-06-21,@ SSG,RP,,0.0,,0,3,0,0,0,0,0,0,0,,Away,인천 SSG 랜더스필드,17:00,23.5
김대유,Kia,2025,2025-04-26,vs. LG,RP,,54.0,6.0,0 ⅓,10,2,2,1,0,0,1,0,,Home,광주 기아 챔피언스 필드,17:00,21.9
김대유,Kia,2025,2025-04-24,@ Samsung,RP,,6.75,0.75,1 ⅓,18,1,1,1,1,1,0,0,,Away,대구 삼성 라이온즈 파크,18:30,16.6
김대유,Kia,2025,2025-04-13,vs. SSG,RP,,0.0,,0,12,3,3,1,0,0,2,0,,Home,광주 기아 챔피언스 필드,14:00,11.6
김현수,Kia,2025,2025-07-08,@ Hanwha,RP,,0.0,0.0,1,17,0,0,0,0,1,0,0,,Away,대전 한화생명 볼파크,18:30,33.6
김현수,Kia,2025,2025-06-26,@ Kiwoom,RP,,4.5,3.5,2,38,1,1,2,0,3,5,0,,Away,고척 스카이돔,18:30,25.5
김현수,Kia,2025,2025-06-24,@ Kiwoom,RP,,0.0,2.0,1,19,0,0,2,0,1,0,0,,Away,고척 스카이돔,18:30,25.5
김현수,Kia,2025,2025-06-10,vs. Samsung,RP,,6.75,0.75,1 ⅓,25,1,1,1,1,1,0,0,,Home,광주 기아 챔피언스 필드,18:30,25.4
김현수,Kia,2025,2025-06-04,@ Doosan,RP,,0.0,2.0,1,21,0,0,2,0,3,0,0,,Away,잠실 야구장,18:30,22.5
김현수,Kia,2025,2025-05-31,@ KT,RP,,0.0,3.0,0 ⅔,11,0,0,1,0,0,1,0,,Away,수원 KT 위즈파크,17:00,22.8
김현수,Kia,2025,2025-05-30,@ KT,RP,,0.0,3.0,0 ⅓,10,0,0,1,0,0,0,0,,Away,수원 KT 위즈파크,18:30,24.2
김현수,Kia,2025,2025-05-28,vs. Kiwoom,RP,,9.0,1.0,1,18,1,1,1,1,1,0,0,,Home,광주 기아 챔피언스 필드,18:30,26.5
김현수,Kia,2025,2025-05-20,@ KT,RP,,0.0,1.0,1,15,0,0,0,0,0,1,0,,Away,수원 KT 위즈파크,18:30,25.6
김현수,Kia,2025,2025-05-11,@ SSG,RP,,0.0,2.0,1,21,0,0,0,0,0,2,0,,Away,인천 SSG 랜더스필드,14:00,16.8
이형범,Kia,2025,2025-07-09,@ Hanwha,RP,,0.0,0.0,1,14,0,0,0,0,2,0,0,,Away,대전 한화생명 볼파크,18:30,32.1
이형범,Kia,2025,2025-07-08,@ Hanwha,RP,,0.0,,0,13,4,4,3,0,0,1,0,,Away,대전 한화생명 볼파크,18:30,33.6
이형범,Kia,2025,2025-07-06,vs. Lotte,RP,,0.0,0.75,1 ⅓,18,0,0,1,0,0,0,0,,Home,광주 기아 챔피언스 필드,17:00,33.2
이형범,Kia,2025,2025-07-05,vs. Lotte,RP,,0.0,1.0,1,14,0,0,1,0,1,0,0,,Home,광주 기아 챔피언스 필드,18:00,31.5
이형범,Kia,2025,2025-04-24,@ Samsung,RP,,27.0,4.8,1 ⅔,49,5,5,6,0,1,2,0,,Away,대구 삼성 라이온즈 파크,18:30,16.6
이형범,Kia,2025,2025-04-18,@ Doosan,RP,,0.0,,0,16,3,3,4,0,0,0,0,,Away,잠실 야구장,18:30,22.4
이형범,Kia,2025,2025-04-11,vs. SSG,RP,,0.0,2.0,1,9,0,0,0,0,0,2,0,,Home,광주 기아 챔피언스 필드,18:30,20.6
이형범,Kia,2025,2025-04-10,@ Lotte,RP,,9.0,2.0,1,25,2,1,2,0,1,0,0,,Away,사직 야구장,18:30,14.9
이형범,Kia,2025,2025-04-04,@ LG,RP,,0.0,1.0,1,16,0,0,1,0,1,0,0,,Away,잠실 야구장,18:30,13.4
이형범,Kia,2025,2025-03-28,@ Hanwha,RP,,0.0,2.0,1,22,2,0,2,0,0,0,0,,Away,대전 한화생명 볼파크,18:30,6.4
이준영,Kia,2025,2025-07-09,@ Hanwha,RP,,54.0,6.0,0 ⅓,12,2,2,2,0,0,0,0,,Away,대전 한화생명 볼파크,18:30,32.1
이준영,Kia,2025,2025-06-15,@ NC,RP,,0.0,,0,7,1,1,1,1,0,1,0,,Away,창원 NC 파크,17:00,28.6
이준영,Kia,2025,2025-06-12,vs. Samsung,RP,,0.0,1.0,1,10,0,0,1,0,1,0,0,,Home,광주 기아 챔피언스 필드,18:30,26.3
이준영,Kia,2025,2025-06-11,vs. Samsung,RP,W,0.0,3.0,0 ⅓,16,0,0,1,0,0,0,0,,Home,광주 기아 챔피언스 필드,18:30,27.1
이준영,Kia,2025,2025-06-07,vs. Hanwha,RP,,0.0,6.0,0 ⅓,15,0,0,1,0,0,1,0,,Home,광주 기아 챔피언스 필드,17:00,27.2
이준영,Kia,2025,2025-06-06,vs. Hanwha,RP,H,0.0,0.0,1,6,0,0,0,0,0,0,0,,Home,광주 기아 챔피언스 필드,18:30,22.6
이준영,Kia,2025,2025-06-04,@ Doosan,RP,H,0.0,0.0,1,18,0,0,0,0,2,0,0,,Away,잠실 야구장,18:30,22.5
이준영,Kia,2025,2025-05-31,@ KT,RP,,0.0,,0,5,1,1,1,0,0,0,0,,Away,수원 KT 위즈파크,17:00,22.8
이준영,Kia,2025,2025-05-30,@ KT,RP,,0.0,1.5,0 ⅔,6,0,0,0,0,0,1,0,,Away,수원 KT 위즈파크,18:30,24.2
이준영,Kia,2025,2025-05-28,vs. Kiwoom,RP,,0.0,1.5,0 ⅔,15,0,0,0,0,1,1,0,,Home,광주 기아 챔피언스 필드,18:30,26.5
이준영,Kia,2025,2025-05-27,vs. Kiwoom,RP,W,0.0,1.0,1,10,0,0,1,0,0,0,0,,Home,광주 기아 챔피언스 필드,18:30,24.9
이준영,Kia,2025,2025-05-25,@ Samsung,RP,,0.0,0.0,1,14,0,0,0,0,2,0,0,,Away,대구 삼성 라이온즈 파크,14:00,19.3
이준영,Kia,2025,2025-05-24,@ Samsung,RP,,0.0,0.75,1 ⅓,23,0,0,0,0,1,1,0,,Away,대구 삼성 라이온즈 파크,17:00,14.5
이준영,Kia,2025,2025-05-21,@ KT,RP,,9.0,2.0,1,18,1,1,2,0,0,0,0,,Away,수원 KT 위즈파크,18:30,26.8
이준영,Kia,2025,2025-05-17,vs. Doosan,RP,H,0.0,0.0,0 ⅔,7,0,0,0,0,1,0,0,,Home,광주 기아 챔피언스 필드,17:00,21.7
이준영,Kia,2025,2025-05-17,vs. Doosan,RP,H,0.0,0.0,0 ⅓,2,0,0,0,0,0,0,0,,Home,광주 기아 챔피언스 필드,17:00,21.7
이준영,Kia,2025,2025-05-15,vs. Lotte,RP,H,0.0,0.0,0 ⅓,4,0,0,0,0,1,0,0,,Home,광주 기아 챔피언스 필드,18:30,21.6
이준영,Kia,2025,2025-05-13,vs. Lotte,RP,H,0.0,0.0,0 ⅓,2,0,0,0,0,0,0,0,,Home,광주 기아 챔피언스 필드,18:30,24.9
이준영,Kia,2025,2025-05-11,@ SSG,RP,,0.0,0.0,0 ⅔,9,0,0,0,0,1,0,0,,Away,인천 SSG 랜더스필드,14:00,16.8
이준영,Kia,2025,2025-05-10,@ SSG,RP,,0.0,,0,5,1,1,2,0,0,0,0,,Away,인천 SSG 랜더스필드,17:00,11.6
이준영,Kia,2025,2025-05-07,@ Kiwoom,RP,,27.0,3.0,0 ⅓,7,1,1,1,1,0,0,0,,Away,고척 스카이돔,18:30,25.5
이준영,Kia,2025,2025-05-06,@ Kiwoom,RP,W,0.0,0.0,0 ⅔,2,0,0,0,0,0,0,0,,Away,고척 스카이돔,18:30,25.5
이준영,Kia,2025,2025-05-04,vs. Hanwha,RP,,0.0,0.0,0 ⅓,2,0,0,0,0,0,0,0,,Home,광주 기아 챔피언스 필드,14:00,20.3
이준영,Kia,2025,2025-04-30,vs. NC,RP,,0.0,0.0,0 ⅓,3,0,0,0,0,1,0,0,,Home,광주 기아 챔피언스 필드,18:30,23.0
이준영,Kia,2025,2025-04-26,vs. LG,RP,,9.0,1.0,1,23,1,1,1,1,3,0,0,,Home,광주 기아 챔피언스 필드,17:00,21.9
이준영,Kia,2025,2025-04-25,vs. LG,RP,,0.0,,0,6,0,0,0,0,0,1,0,,Home,광주 기아 챔피언스 필드,18:30,16.2
이준영,Kia,2025,2025-04-23,@ Samsung,RP,,0.0,0.0,1 ⅓,13,0,0,0,0,1,0,0,,Away,대구 삼성 라이온즈 파크,18:30,13.9
이준영,Kia,2025,2025-04-18,@ Doosan,RP,,0.0,1.5,0 ⅔,10,0,0,1,0,0,0,0,,Away,잠실 야구장,18:30,22.4
이준영,Kia,2025,2025-04-16,vs. KT,RP,,0.0,,0,11,0,0,1,0,0,1,0,,Home,광주 기아 챔피언스 필드,18:30,21.7
이준영,Kia,2025,2025-04-11,vs. SSG,RP,,0.0,0.0,1,11,0,0,0,0,2,0,0,,Home,광주 기아 챔피언스 필드,18:30,20.6
이준영,Kia,2025,2025-04-10,@ Lotte,RP,,0.0,1.5,0 ⅔,13,0,0,1,0,2,0,0,,Away,사직 야구장,18:30,14.9
이준영,Kia,2025,2025-04-04,@ LG,RP,,9.0,2.0,1,15,1,1,2,0,1,0,0,,Away,잠실 야구장,18:30,13.4
이준영,Kia,2025,2025-03-28,@ Hanwha,RP,,0.0,3.0,0 ⅓,5,0,0,1,0,1,0,0,,Away,대전 한화생명 볼파크,18:30,6.4
이준영,Kia,2025,2025-03-26,vs. Kiwoom,RP,,0.0,1.0,1,11,0,0,1,0,0,0,0,,Home,광주 기아 챔피언스 필드,18:30,23.3
이준영,Kia,2025,2025-03-25,vs. Kiwoom,RP,,27.0,6.0,0 ⅔,15,2,2,3,0,0,1,0,,Home,광주 기아 챔피언스 필드,18:30,19.9
이준영,Kia,2025,2025-03-23,vs. NC,RP,,0.0,1.5,0 ⅔,15,0,0,1,0,0,0,0,,Home,광주 기아 챔피언스 필드,14:00,23.6
네일,Kia,2025,2025-07-10,@ Hanwha,SP,,0.0,1.0,6,98,0,0,3,0,5,3,0,68.0,Away,대전 한화생명 볼파크,18:30,32.1
네일,Kia,2025,2025-07-04,vs. Lotte,SP,,0.0,0.5,6,90,0,0,3,0,7,0,0,73.0,Home,광주 기아 챔피언스 필드,18:30,30.7
네일,Kia,2025,2025-06-22,@ SSG,SP,,4.26,0.63,6 ⅓,95,3,3,3,1,5,1,1,58.0,Away,인천 SSG 랜더스필드,17:00,25.0
네일,Kia,2025,2025-06-15,@ NC,SP,W,1.35,0.3,6 ⅔,111,1,1,1,0,9,1,1,75.0,Away,창원 NC 파크,17:00,28.6
네일,Kia,2025,2025-06-10,vs. Samsung,SP,L,1.42,1.11,6 ⅓,97,3,1,6,1,2,1,1,53.0,Home,광주 기아 챔피언스 필드,18:30,25.4
네일,Kia,2025,2025-06-04,@ Doosan,SP,W,5.4,1.6,5,86,3,3,6,1,5,2,1,45.0,Away,잠실 야구장,18:30,22.5
네일,Kia,2025,2025-05-29,vs. Kiwoom,SP,,3.0,1.5,6,96,2,2,8,0,2,1,2,47.0,Home,광주 기아 챔피언스 필드,18:30,25.8
네일,Kia,2025,2025-05-23,@ Samsung,SP,,5.68,1.26,6 ⅓,98,4,4,8,0,8,0,1,48.0,Away,대구 삼성 라이온즈 파크,18:30,18.4
네일,Kia,2025,2025-05-17,vs. Doosan,SP,W,2.57,1.14,7,102,2,2,6,1,8,2,1,62.0,Home,광주 기아 챔피언스 필드,17:00,21.7
네일,Kia,2025,2025-05-11,@ SSG,SP,L,15.75,2.5,4,82,7,7,8,0,4,2,0,20.0,Away,인천 SSG 랜더스필드,14:00,16.8
네일,Kia,2025,2025-05-04,vs. Hanwha,SP,,1.29,0.57,7,101,1,1,3,0,10,1,2,74.0,Home,광주 기아 챔피언스 필드,14:00,20.3
네일,Kia,2025,2025-04-27,vs. LG,SP,,3.0,1.33,6,89,2,2,4,0,3,4,0,55.0,Home,광주 기아 챔피언스 필드,14:00,24.1
네일,Kia,2025,2025-04-20,@ Doosan,SP,,3.18,1.76,5 ⅔,100,2,2,8,0,7,2,0,50.0,Away,잠실 야구장,14:00,22.5
네일,Kia,2025,2025-04-15,vs. KT,SP,,0.0,1.0,6,91,0,0,5,0,6,1,0,67.0,Home,광주 기아 챔피언스 필드,18:30,13.2
네일,Kia,2025,2025-04-09,@ Lotte,SP,W,1.29,1.14,7,92,1,1,6,0,6,2,0,65.0,Away,사직 야구장,18:30,14.9
네일,Kia,2025,2025-04-03,vs. Samsung,SP,W,0.0,0.57,7,87,0,0,3,0,2,1,1,71.0,Home,광주 기아 챔피언스 필드,18:30,12.2
네일,Kia,2025,2025-03-28,@ Hanwha,SP,,0.0,0.83,6,101,0,0,3,0,5,2,0,69.0,Away,대전 한화생명 볼파크,18:30,6.4
성영탁,Kia,2025,2025-07-09,@ Hanwha,RP,,0.0,1.2,1 ⅔,23,0,0,2,0,0,0,0,,Away,대전 한화생명 볼파크,18:30,32.1
성영탁,Kia,2025,2025-07-06,vs. Lotte,RP,,0.0,1.5,1 ⅓,19,0,0,1,0,1,1,0,,Home,광주 기아 챔피언스 필드,17:00,33.2
성영탁,Kia,2025,2025-07-04,vs. Lotte,RP,,0.0,0.0,0 ⅔,7,0,0,0,0,0,0,0,,Home,광주 기아 챔피언스 필드,18:30,30.7
성영탁,Kia,2025,2025-07-02,vs. SSG,RP,,0.0,0.0,1 ⅓,10,0,0,0,0,0,0,0,,Home,광주 기아 챔피언스 필드,18:30,33.1
성영탁,Kia,2025,2025-06-29,@ LG,RP,,0.0,0.0,0 ⅓,3,0,0,0,0,0,0,0,,Away,잠실 야구장,17:00,31.1
성영탁,Kia,2025,2025-06-28,@ LG,RP,W,0.0,1.2,1 ⅔,15,0,0,2,0,0,0,0,,Away,잠실 야구장,17:00,29.9
성영탁,Kia,2025,2025-06-26,@ Kiwoom,RP,,27.0,9.0,0 ⅓,23,3,1,2,0,0,1,0,,Away,고척 스카이돔,18:30,25.5
성영탁,Kia,2025,2025-06-24,@ Kiwoom,RP,,13.5,1.5,0 ⅔,12,1,1,1,1,1,0,0,,Away,고척 스카이돔,18:30,25.5
성영탁,Kia,2025,2025-06-21,@ SSG,RP,,0.0,0.6,1 ⅔,19,0,0,1,0,1,0,0,,Away,인천 SSG 랜더스필드,17:00,23.5
성영탁,Kia,2025,2025-06-19,vs. KT,RP,,0.0,0.0,2,19,0,0,0,0,2,0,0,,Home,광주 기아 챔피언스 필드,18:30,29.3
성영탁,Kia,2025,2025-06-17,vs. KT,RP,,0.0,2.0,1,24,0,0,1,0,1,1,0,,Home,광주 기아 챔피언스 필드,18:30,29.8
성영탁,Kia,2025,2025-06-14,@ NC,RP,,0.0,1.8,1 ⅔,31,0,0,1,0,2,2,0,,Away,창원 NC 파크,17:00,27.3
성영탁,Kia,2025,2025-06-12,vs. Samsung,RP,,0.0,1.0,1,15,0,0,1,0,0,0,0,,Home,광주 기아 챔피언스 필드,18:30,26.3
성영탁,Kia,2025,2025-06-08,vs. Hanwha,RP,,0.0,0.75,2 ⅔,35,0,0,2,0,1,0,0,,Home,광주 기아 챔피언스 필드,17:00,28.7
성영탁,Kia,2025,2025-06-07,vs. Hanwha,RP,,0.0,0.0,0 ⅓,2,0,0,0,0,0,0,0,,Home,광주 기아 챔피언스 필드,17:00,27.2
성영탁,Kia,2025,2025-06-04,@ Doosan,RP,H,0.0,0.0,1,7,0,0,0,0,0,0,0,,Away,잠실 야구장,18:30,22.5
성영탁,Kia,2025,2025-06-03,@ Doosan,RP,,0.0,0.0,1,15,0,0,0,0,1,0,0,,Away,잠실 야구장,18:30,22.8
성영탁,Kia,2025,2025-05-30,@ KT,RP,,0.0,0.5,2,23,0,0,0,0,1,1,0,,Away,수원 KT 위즈파크,18:30,24.2
성영탁,Kia,2025,2025-05-28,vs. Kiwoom,RP,,0.0,3.0,0 ⅓,8,0,0,1,0,0,0,0,,Home,광주 기아 챔피언스 필드,18:30,26.5
성영탁,Kia,2025,2025-05-24,@ Samsung,RP,,0.0,3.0,0 ⅔,11,0,0,1,0,0,1,0,,Away,대구 삼성 라이온즈 파크,17:00,14.5
성영탁,Kia,2025,2025-05-20,@ KT,RP,,0.0,1.0,2,31,0,0,1,0,0,1,0,,Away,수원 KT 위즈파크,18:30,25.6
배제성,KT,2025,2025-07-08,@ SSG,SP,,1.8,1.0,5,82,1,1,3,0,5,2,0,60.0,Away,인천 SSG 랜더스필드,18:30,34.9
배제성,KT,2025,2025-07-03,vs. Kiwoom,RP,,3.38,1.5,2 ⅔,58,1,1,4,0,3,0,0,,Home,수원 KT 위즈파크,18:30,30.9
배제성,KT,2025,2025-06-27,@ Lotte,RP,W,0.0,1.5,3 ⅓,49,0,0,3,0,3,2,0,,Away,사직 야구장,18:30,25.9
배제성,KT,2025,2025-06-19,@ Kia,SP,L,5.4,0.9,3 ⅓,52,2,2,2,1,4,1,0,51.0,Away,광주 기아 챔피언스 필드,18:30,29.3
주권,KT,2025,2025-07-06,@ Doosan,RP,L,27.0,4.0,1,19,4,3,4,1,0,0,0,,Away,잠실 야구장,17:00,32.5
주권,KT,2025,2025-07-05,@ Doosan,RP,,0.0,0.6,1 ⅔,15,0,0,1,0,1,0,0,,Away,잠실 야구장,18:00,31.6
주권,KT,2025,2025-07-01,vs. Kiwoom,RP,,0.0,1.5,1 ⅓,26,0,0,1,0,1,1,0,,Home,수원 KT 위즈파크,18:30,31.3
주권,KT,2025,2025-06-29,@ Lotte,RP,,9.0,3.0,1,22,1,1,2,0,0,1,0,,Away,사직 야구장,17:00,29.1
주권,KT,2025,2025-06-14,@ Samsung,RP,,0.0,0.75,1 ⅓,23,0,0,1,0,2,0,0,,Away,대구 삼성 라이온즈 파크,17:00,24.0
주권,KT,2025,2025-06-10,vs. Lotte,RP,,0.0,1.0,1,19,0,0,1,0,3,0,0,,Home,수원 KT 위즈파크,18:30,23.5
주권,KT,2025,2025-06-01,vs. Kia,RP,,27.0,9.0,0 ⅓,13,1,1,3,0,0,0,0,,Home,수원 KT 위즈파크,17:00,24.4
주권,KT,2025,2025-05-29,vs. Doosan,RP,,0.0,0.0,1,9,0,0,0,0,0,0,0,,Home,수원 KT 위즈파크,18:30,22.5
주권,KT,2025,2025-05-28,vs. Doosan,RP,,0.0,2.0,1,19,0,0,2,0,1,0,0,,Home,수원 KT 위즈파크,18:30,22.0
주권,KT,2025,2025-05-24,@ Kiwoom,RP,,0.0,3.0,1,21,0,0,2,0,1,1,0,,Away,고척 스카이돔,17:00,25.5
주권,KT,2025,2025-05-18,@ LG,RP,,0.0,1.0,1,8,0,0,0,0,0,1,0,,Away,잠실 야구장,14:00,20.1
주권,KT,2025,2025-05-05,vs. NC,RP,,54.0,6.0,0 ⅓,14,2,2,2,0,0,0,0,,Home,수원 KT 위즈파크,14:00,15.5
주권,KT,2025,2025-05-03,vs. Kiwoom,RP,,0.0,0.0,1,9,0,0,0,0,0,0,0,,Home,수원 KT 위즈파크,17:00,12.2
주권,KT,2025,2025-04-24,vs. SSG,RP,,4.5,1.5,2,45,1,1,2,0,1,1,0,,Home,수원 KT 위즈파크,18:30,14.9
주권,KT,2025,2025-04-23,vs. SSG,RP,,0.0,0.0,1,15,0,0,0,0,1,0,0,,Home,수원 KT 위즈파크,18:30,18.7
주권,KT,2025,2025-04-19,@ Kiwoom,RP,,0.0,2.0,1,19,0,0,1,0,1,1,0,,Away,고척 스카이돔,17:00,25.5
주권,KT,2025,2025-04-10,vs. NC,RP,,0.0,1.0,1,15,0,0,1,0,1,0,0,,Home,수원 KT 위즈파크,18:30,14.1
주권,KT,2025,2025-04-03,vs. LG,RP,,0.0,0.0,1,12,0,0,0,0,0,0,0,,Home,수원 KT 위즈파크,18:30,12.2
김재원,KT,2025,2025-06-29,@ Lotte,RP,,9.0,2.0,1,16,1,1,1,0,1,1,0,,Away,사직 야구장,17:00,29.1
김재원,KT,2025,2025-06-03,@ Hanwha,RP,,9.0,2.0,1,18,1,1,0,0,1,2,0,,Away,대전 한화생명 볼파크,18:30,22.3
김재원,KT,2025,2025-05-28,vs. Doosan,RP,,20.25,4.5,1 ⅓,51,3,3,2,0,2,4,1,,Home,수원 KT 위즈파크,18:30,22.0
김재원,KT,2025,2025-05-18,@ LG,RP,,0.0,1.0,1,14,0,0,0,0,0,1,0,,Away,잠실 야구장,14:00,20.1
김민수,KT,2025,2025-07-08,@ SSG,RP,,9.0,2.0,1,13,1,1,2,0,0,0,0,,Away,인천 SSG 랜더스필드,18:30,34.9
김민수,KT,2025,2025-07-04,@ Doosan,RP,,27.0,3.0,0 ⅔,19,2,2,2,0,0,0,0,,Away,잠실 야구장,18:30,30.1
김민수,KT,2025,2025-07-01,vs. Kiwoom,RP,,0.0,1.0,1,10,0,0,1,0,0,0,0,,Home,수원 KT 위즈파크,18:30,31.3
김민수,KT,2025,2025-06-29,@ Lotte,RP,,0.0,6.0,0 ⅓,9,0,0,2,0,1,0,0,,Away,사직 야구장,17:00,29.1
김민수,KT,2025,2025-06-11,vs. Lotte,RP,L,0.0,,0,6,2,2,1,0,0,1,0,,Home,수원 KT 위즈파크,18:30,23.4
김민수,KT,2025,2025-06-08,vs. SSG,RP,,0.0,2.0,1,15,0,0,1,0,0,1,0,,Home,수원 KT 위즈파크,17:00,28.1
김민수,KT,2025,2025-06-06,vs. SSG,RP,,0.0,2.0,1,21,0,0,1,0,2,1,0,,Home,수원 KT 위즈파크,18:30,24.9
김민수,KT,2025,2025-06-04,@ Hanwha,RP,,0.0,1.0,1,12,0,0,1,0,1,0,0,,Away,대전 한화생명 볼파크,18:30,22.1
김민수,KT,2025,2025-06-01,vs. Kia,RP,,0.0,0.5,2,25,0,0,0,0,1,1,0,,Home,수원 KT 위즈파크,17:00,24.4
김민수,KT,2025,2025-05-30,vs. Kia,RP,H,9.0,1.0,1,13,1,1,1,1,1,0,0,,Home,수원 KT 위즈파크,18:30,24.2
김민수,KT,2025,2025-05-24,@ Kiwoom,RP,,0.0,2.0,1,17,0,0,2,0,0,0,0,,Away,고척 스카이돔,17:00,25.5
김민수,KT,2025,2025-05-23,@ Kiwoom,RP,,9.0,2.0,1,15,1,1,2,0,0,0,0,,Away,고척 스카이돔,18:30,25.5
김민수,KT,2025,2025-05-20,vs. Kia,RP,H,0.0,0.0,1,8,0,0,0,0,0,0,0,,Home,수원 KT 위즈파크,18:30,25.6
김민수,KT,2025,2025-05-17,@ LG,RP,,13.5,2.25,1 ⅓,30,2,2,2,0,3,1,0,,Away,잠실 야구장,17:00,18.9
김민수,KT,2025,2025-05-13,@ Samsung,RP,,0.0,1.0,1,15,0,0,1,0,0,0,0,,Away,대구 삼성 라이온즈 파크,18:30,19.5
김민수,KT,2025,2025-05-11,vs. Lotte,RP,,9.0,3.0,1,25,1,1,1,0,0,2,0,,Home,수원 KT 위즈파크,14:00,19.4
김민수,KT,2025,2025-05-10,vs. Lotte,RP,,0.0,0.75,1 ⅓,20,0,0,1,0,1,0,0,,Home,수원 KT 위즈파크,17:00,11.8
김민수,KT,2025,2025-05-06,vs. NC,RP,,9.0,2.0,1,15,1,1,1,1,0,1,0,,Home,수원 KT 위즈파크,18:30,16.1
김민수,KT,2025,2025-05-05,vs. NC,RP,,0.0,,0,4,1,1,1,0,0,0,0,,Home,수원 KT 위즈파크,14:00,15.5
김민수,KT,2025,2025-05-04,vs. Kiwoom,RP,W,0.0,1.0,1,10,0,0,1,0,0,0,0,,Home,수원 KT 위즈파크,14:00,19.3
김민수,KT,2025,2025-05-02,vs. Kiwoom,RP,,0.0,0.0,1,12,0,0,0,0,1,0,0,,Home,수원 KT 위즈파크,18:30,14.5
김민수,KT,2025,2025-04-30,@ Doosan,RP,,0.0,0.0,1,13,0,0,0,0,2,0,0,,Away,잠실 야구장,18:30,24.1
김민수,KT,2025,2025-04-27,@ Hanwha,RP,,18.0,3.0,1,22,2,2,3,0,0,0,0,,Away,대전 한화생명 볼파크,14:00,24.3
김민수,KT,2025,2025-04-26,@ Hanwha,RP,,0.0,0.0,1,8,0,0,0,0,0,0,0,,Away,대전 한화생명 볼파크,17:00,20.4
김민수,KT,2025,2025-04-22,vs. SSG,RP,H,0.0,1.0,1,13,0,0,1,0,1,0,0,,Home,수원 KT 위즈파크,18:30,18.1
김민수,KT,2025,2025-04-18,@ Kiwoom,RP,,0.0,2.0,1,13,0,0,2,0,0,0,0,,Away,고척 스카이돔,18:30,25.5
김민수,KT,2025,2025-04-16,@ Kia,RP,H,0.0,0.0,1 ⅓,15,0,0,0,0,0,0,0,,Away,광주 기아 챔피언스 필드,18:30,21.7
김민수,KT,2025,2025-04-13,vs. Samsung,RP,H,27.0,6.0,0 ⅓,13,1,1,2,0,0,0,0,,Home,수원 KT 위즈파크,14:00,3.6
김민수,KT,2025,2025-04-11,vs. Samsung,RP,,0.0,,0,4,2,2,2,0,0,0,0,,Home,수원 KT 위즈파크,18:30,20.5
김민수,KT,2025,2025-04-09,vs. NC,RP,H,0.0,1.0,1,14,0,0,1,0,1,0,0,,Home,수원 KT 위즈파크,18:30,14.1
김민수,KT,2025,2025-04-08,vs. NC,RP,H,9.0,1.0,1,13,1,1,1,1,1,0,0,,Home,수원 KT 위즈파크,18:30,14.8
김민수,KT,2025,2025-04-06,@ SSG,RP,,0.0,0.0,1,18,0,0,0,0,1,0,0,,Away,인천 SSG 랜더스필드,14:00,11.4
김민수,KT,2025,2025-04-04,@ SSG,RP,,0.0,2.0,1,21,0,0,0,0,1,2,0,,Away,인천 SSG 랜더스필드,18:30,10.4
김민수,KT,2025,2025-04-02,vs. LG,RP,W,0.0,1.2,1 ⅔,28,0,0,2,0,1,0,1,,Home,수원 KT 위즈파크,18:30,7.9
김민수,KT,2025,2025-03-30,@ Lotte,RP,H,0.0,0.0,1,6,0,0,0,0,0,0,0,,Away,사직 야구장,14:00,10.2
김민수,KT,2025,2025-03-28,@ Lotte,RP,H,0.0,0.0,0 ⅔,8,0,0,0,0,0,0,0,,Away,사직 야구장,18:30,8.1
김민수,KT,2025,2025-03-27,vs. Doosan,RP,,0.0,2.0,1,15,0,0,2,0,1,0,0,,Home,수원 KT 위즈파크,18:30,11.8
김민수,KT,2025,2025-03-25,vs. Doosan,RP,W,0.0,0.75,1 ⅓,22,0,0,1,0,2,0,0,,Home,수원 KT 위즈파크,18:30,12.6
김민수,KT,2025,2025-03-23,vs. Hanwha,RP,H,0.0,1.0,1,6,0,0,1,0,0,0,0,,Home,수원 KT 위즈파크,14:00,22.7
고영표,KT,2025,2025-07-10,@ SSG,SP,W,1.5,1.17,6,111,2,1,4,1,7,3,0,62.0,Away,인천 SSG 랜더스필드,18:30,33.4
고영표,KT,2025,2025-07-03,vs. Kiwoom,SP,W,1.5,0.5,6,95,1,1,3,1,6,0,1,67.0,Home,수원 KT 위즈파크,18:30,30.9
고영표,KT,2025,2025-06-27,@ Lotte,SP,,23.63,3.75,2 ⅔,60,7,7,9,1,3,1,0,14.0,Away,사직 야구장,18:30,25.9
고영표,KT,2025,2025-06-15,@ Samsung,SP,W,3.0,2.0,6,114,3,2,10,0,4,2,0,44.0,Away,대구 삼성 라이온즈 파크,17:00,25.2
고영표,KT,2025,2025-06-07,vs. SSG,SP,W,1.5,1.33,6,98,1,1,7,0,7,1,1,61.0,Home,수원 KT 위즈파크,17:00,26.6
고영표,KT,2025,2025-05-27,vs. Doosan,SP,W,1.17,0.39,7 ⅔,92,1,1,3,0,9,0,2,76.0,Home,수원 KT 위즈파크,18:30,22.9
고영표,KT,2025,2025-05-21,vs. Kia,SP,W,1.29,1.29,7,94,1,1,8,0,4,1,0,60.0,Home,수원 KT 위즈파크,18:30,26.8
고영표,KT,2025,2025-05-15,@ Samsung,SP,L,9.0,1.75,4,78,5,4,6,0,5,1,0,36.0,Away,대구 삼성 라이온즈 파크,18:30,19.0
고영표,KT,2025,2025-05-10,vs. Lotte,SP,L,11.57,2.79,4 ⅔,93,8,6,11,1,3,2,0,15.0,Home,수원 KT 위즈파크,17:00,11.8
고영표,KT,2025,2025-05-02,vs. Kiwoom,SP,L,4.5,3.0,6,103,5,3,16,0,6,2,0,28.0,Home,수원 KT 위즈파크,18:30,14.5
고영표,KT,2025,2025-04-26,@ Hanwha,SP,L,3.0,1.33,6,83,2,2,6,0,4,2,0,54.0,Away,대전 한화생명 볼파크,17:00,20.4
고영표,KT,2025,2025-04-20,@ Kiwoom,SP,W,0.0,0.33,9,100,0,0,3,0,7,0,0,88.0,Away,고척 스카이돔,14:00,25.5
고영표,KT,2025,2025-04-15,@ Kia,SP,,0.0,0.83,6,99,0,0,3,0,11,2,1,74.0,Away,광주 기아 챔피언스 필드,18:30,13.2
고영표,KT,2025,2025-04-08,vs. NC,SP,W,1.29,0.43,7,99,1,1,3,0,10,0,0,77.0,Home,수원 KT 위즈파크,18:30,14.8
고영표,KT,2025,2025-03-30,@ Lotte,SP,,3.0,1.5,6,102,2,2,7,1,6,2,0,54.0,Away,사직 야구장,14:00,10.2
고영표,KT,2025,2025-03-25,vs. Doosan,SP,,5.79,1.93,4 ⅔,94,3,3,8,0,5,1,1,39.0,Home,수원 KT 위즈파크,18:30,12.6
이상동,KT,2025,2025-07-10,@ SSG,RP,H,0.0,1.5,0 ⅔,17,0,0,0,0,0,1,0,,Away,인천 SSG 랜더스필드,18:30,33.4
이상동,KT,2025,2025-07-09,@ SSG,RP,,0.0,0.0,1,12,0,0,0,0,2,0,0,,Away,인천 SSG 랜더스필드,18:30,34.2
이상동,KT,2025,2025-06-19,@ Kia,RP,,10.8,1.2,1 ⅔,19,2,2,2,1,2,0,0,,Away,광주 기아 챔피언스 필드,18:30,29.3
이상동,KT,2025,2025-06-18,@ Kia,RP,,0.0,0.0,1,11,0,0,0,0,2,0,0,,Away,광주 기아 챔피언스 필드,18:30,29.7
이상동,KT,2025,2025-06-15,@ Samsung,RP,,0.0,2.0,1,20,0,0,2,0,1,0,0,,Away,대구 삼성 라이온즈 파크,17:00,25.2
이상동,KT,2025,2025-06-12,vs. Lotte,RP,,0.0,0.0,1 ⅓,11,0,0,0,0,1,0,0,,Home,수원 KT 위즈파크,18:30,26.9
이상동,KT,2025,2025-06-08,vs. SSG,RP,,0.0,0.0,1,15,0,0,0,0,0,0,0,,Home,수원 KT 위즈파크,17:00,28.1
이상동,KT,2025,2025-06-06,vs. SSG,RP,,0.0,1.0,1,14,0,0,1,0,0,0,0,,Home,수원 KT 위즈파크,18:30,24.9
이상동,KT,2025,2025-06-01,vs. Kia,RP,,0.0,0.0,1 ⅔,31,0,0,0,0,1,0,0,,Home,수원 KT 위즈파크,17:00,24.4
이상동,KT,2025,2025-05-29,vs. Doosan,RP,,0.0,0.0,1,16,0,0,0,0,1,0,1,,Home,수원 KT 위즈파크,18:30,22.5
이상동,KT,2025,2025-05-28,vs. Doosan,RP,,0.0,1.5,1 ⅓,16,0,0,1,0,2,1,0,,Home,수원 KT 위즈파크,18:30,22.0
이상동,KT,2025,2025-05-11,vs. Lotte,RP,,0.0,1.0,1,8,0,0,1,0,0,0,0,,Home,수원 KT 위즈파크,14:00,19.4
박영현,KT,2025,2025-07-10,@ SSG,RP,SV,0.0,3.0,1,26,0,0,1,0,1,2,0,,Away,인천 SSG 랜더스필드,18:30,33.4
박영현,KT,2025,2025-07-04,@ Doosan,RP,SV,0.0,1.0,1,18,0,0,1,0,2,0,0,,Away,잠실 야구장,18:30,30.1
박영현,KT,2025,2025-07-03,vs. Kiwoom,RP,SV,0.0,0.0,0 ⅓,11,0,0,0,0,0,0,0,,Home,수원 KT 위즈파크,18:30,30.9
박영현,KT,2025,2025-07-02,vs. Kiwoom,RP,SV,0.0,1.2,1 ⅔,26,0,0,2,0,0,0,0,,Home,수원 KT 위즈파크,18:30,30.9
박영현,KT,2025,2025-06-27,@ Lotte,RP,SV,0.0,0.0,1,11,0,0,0,0,0,0,0,,Away,사직 야구장,18:30,25.9
박영현,KT,2025,2025-06-26,vs. LG,RP,L,18.0,2.0,1,15,2,2,2,0,0,0,1,,Home,수원 KT 위즈파크,18:30,25.8
박영현,KT,2025,2025-06-24,vs. LG,RP,,0.0,1.0,1,13,0,0,0,0,1,1,0,,Home,수원 KT 위즈파크,18:30,26.7
박영현,KT,2025,2025-06-22,vs. NC,RP,,0.0,1.5,0 ⅔,8,0,0,1,0,1,0,0,,Home,수원 KT 위즈파크,17:00,26.8
박영현,KT,2025,2025-06-21,vs. NC,RP,SV,0.0,2.0,1,19,0,0,2,0,1,0,0,,Home,수원 KT 위즈파크,17:00,24.3
박영현,KT,2025,2025-06-19,@ Kia,RP,,0.0,1.0,1,20,0,0,1,0,0,0,0,,Away,광주 기아 챔피언스 필드,18:30,29.3
박영현,KT,2025,2025-06-12,vs. Lotte,RP,L,13.5,9.0,0 ⅔,38,5,1,2,0,2,4,0,,Home,수원 KT 위즈파크,18:30,26.9
박영현,KT,2025,2025-06-11,vs. Lotte,RP,,0.0,3.0,0 ⅔,22,0,0,1,0,1,1,0,,Home,수원 KT 위즈파크,18:30,23.4
박영현,KT,2025,2025-06-08,vs. SSG,RP,,0.0,0.0,0 ⅓,2,0,0,0,0,0,0,0,,Home,수원 KT 위즈파크,17:00,28.1
박영현,KT,2025,2025-06-07,vs. SSG,RP,SV,0.0,0.75,1 ⅓,25,0,0,1,0,3,0,0,,Home,수원 KT 위즈파크,17:00,26.6
박영현,KT,2025,2025-05-31,vs. Kia,RP,W,0.0,0.75,1 ⅓,21,0,0,0,0,2,1,0,,Home,수원 KT 위즈파크,17:00,22.8
박영현,KT,2025,2025-05-30,vs. Kia,RP,SV,0.0,0.0,1,15,0,0,0,0,1,0,0,,Home,수원 KT 위즈파크,18:30,24.2
박영현,KT,2025,2025-05-27,vs. Doosan,RP,SV,0.0,0.0,1 ⅓,17,0,0,0,0,1,0,0,,Home,수원 KT 위즈파크,18:30,22.9
박영현,KT,2025,2025-05-25,@ Kiwoom,RP,SV,0.0,2.0,1,23,0,0,1,0,1,1,0,,Away,고척 스카이돔,14:00,25.5
박영현,KT,2025,2025-05-23,@ Kiwoom,RP,SV,9.0,3.0,1,21,1,1,3,0,1,0,0,,Away,고척 스카이돔,18:30,25.5
박영현,KT,2025,2025-05-21,vs. Kia,RP,SV,0.0,1.0,1,19,0,0,1,0,0,0,0,,Home,수원 KT 위즈파크,18:30,26.8
박영현,KT,2025,2025-05-20,vs. Kia,RP,SV,9.0,3.0,1,23,1,1,3,0,2,0,0,,Home,수원 KT 위즈파크,18:30,25.6
박영현,KT,2025,2025-05-17,@ LG,RP,SV,0.0,2.0,1,17,0,0,1,0,0,1,0,,Away,잠실 야구장,17:00,18.9
박영현,KT,2025,2025-05-17,@ LG,RP,SV,0.0,0.0,1 ⅓,12,0,0,0,0,1,0,0,,Away,잠실 야구장,17:00,18.9
박영현,KT,2025,2025-05-14,@ Samsung,RP,SV,0.0,0.0,1,9,0,0,0,0,0,0,0,,Away,대구 삼성 라이온즈 파크,18:30,20.5
박영현,KT,2025,2025-05-11,vs. Lotte,RP,,0.0,0.0,1,17,0,0,0,0,1,0,0,,Home,수원 KT 위즈파크,14:00,19.4
박영현,KT,2025,2025-05-04,vs. Kiwoom,RP,SV,0.0,1.0,1,12,0,0,1,0,2,0,0,,Home,수원 KT 위즈파크,14:00,19.3
박영현,KT,2025,2025-05-01,@ Doosan,RP,,0.0,1.0,2,32,0,0,0,0,4,2,0,,Away,잠실 야구장,18:30,14.4
박영현,KT,2025,2025-04-29,@ Doosan,RP,SV,18.0,3.0,1,29,2,2,3,0,1,0,0,,Away,잠실 야구장,18:30,19.0
박영현,KT,2025,2025-04-25,@ Hanwha,RP,SV,0.0,2.0,1,26,0,0,2,0,2,0,0,,Away,대전 한화생명 볼파크,18:30,16.9
박영현,KT,2025,2025-04-24,vs. SSG,RP,,0.0,0.0,1,12,0,0,0,0,1,0,0,,Home,수원 KT 위즈파크,18:30,14.9
박영현,KT,2025,2025-04-17,@ Kia,RP,L,54.0,12.0,0 ⅓,18,2,2,3,0,0,1,0,,Away,광주 기아 챔피언스 필드,18:30,22.8
박영현,KT,2025,2025-04-16,@ Kia,RP,SV,0.0,0.0,1,12,0,0,0,0,1,0,0,,Away,광주 기아 챔피언스 필드,18:30,21.7
박영현,KT,2025,2025-04-13,vs. Samsung,RP,SV,0.0,0.6,1 ⅔,23,0,0,1,0,3,0,0,,Home,수원 KT 위즈파크,14:00,3.6
박영현,KT,2025,2025-04-11,vs. Samsung,RP,SV,0.0,0.0,1,10,0,0,0,0,2,0,0,,Home,수원 KT 위즈파크,18:30,20.5
박영현,KT,2025,2025-04-09,vs. NC,RP,SV,0.0,1.0,1,14,0,0,0,0,0,1,0,,Home,수원 KT 위즈파크,18:30,14.1
박영현,KT,2025,2025-04-08,vs. NC,RP,SV,0.0,1.0,1,21,0,0,0,0,2,1,0,,Home,수원 KT 위즈파크,18:30,14.8
박영현,KT,2025,2025-04-06,@ SSG,RP,L,27.0,12.0,0 ⅓,21,1,1,2,0,0,2,0,,Away,인천 SSG 랜더스필드,14:00,11.4
박영현,KT,2025,2025-04-04,@ SSG,RP,,0.0,0.0,1 ⅔,16,0,0,0,0,1,0,0,,Away,인천 SSG 랜더스필드,18:30,10.4
박영현,KT,2025,2025-04-02,vs. LG,RP,,0.0,0.0,1,15,0,0,0,0,1,0,0,,Home,수원 KT 위즈파크,18:30,7.9
박영현,KT,2025,2025-03-30,@ Lotte,RP,,9.0,3.0,1,23,1,1,1,0,1,2,0,,Away,사직 야구장,14:00,10.2
박영현,KT,2025,2025-03-28,@ Lotte,RP,SV,0.0,2.0,1,24,0,0,1,0,1,1,0,,Away,사직 야구장,18:30,8.1
박영현,KT,2025,2025-03-27,vs. Doosan,RP,SV,6.75,1.5,1 ⅓,19,1,1,2,1,2,0,0,,Home,수원 KT 위즈파크,18:30,11.8
박영현,KT,2025,2025-03-23,vs. Hanwha,RP,,4.5,2.0,2,33,1,1,2,1,2,2,0,,Home,수원 KT 위즈파크,14:00,22.7
소형준,KT,2025,2025-07-09,@ SSG,SP,W,1.29,1.14,7,92,2,1,8,0,3,0,0,58.0,Away,인천 SSG 랜더스필드,18:30,34.2
소형준,KT,2025,2025-07-02,vs. Kiwoom,SP,W,1.42,0.95,6 ⅓,93,1,1,6,0,1,0,0,58.0,Home,수원 KT 위즈파크,18:30,30.9
소형준,KT,2025,2025-06-26,vs. LG,SP,,2.84,1.26,6 ⅓,94,2,2,6,0,3,2,0,54.0,Home,수원 KT 위즈파크,18:30,25.8
소형준,KT,2025,2025-06-18,@ Kia,SP,,4.5,1.67,6,91,3,3,9,0,4,1,0,45.0,Away,광주 기아 챔피언스 필드,18:30,29.7
소형준,KT,2025,2025-06-12,vs. Lotte,SP,,10.8,2.0,5,97,6,6,9,0,5,1,1,28.0,Home,수원 KT 위즈파크,18:30,26.9
소형준,KT,2025,2025-06-06,vs. SSG,SP,W,4.5,1.0,6,87,3,3,6,1,6,0,0,54.0,Home,수원 KT 위즈파크,18:30,24.9
소형준,KT,2025,2025-05-31,vs. Kia,SP,,0.0,1.0,6,92,1,0,4,0,6,2,0,66.0,Home,수원 KT 위즈파크,17:00,22.8
소형준,KT,2025,2025-05-25,@ Kiwoom,SP,W,0.0,0.86,7,91,0,0,6,0,5,0,0,70.0,Away,고척 스카이돔,14:00,25.5
소형준,KT,2025,2025-05-14,@ Samsung,SP,W,3.0,1.17,6,102,2,2,5,1,6,2,0,58.0,Away,대구 삼성 라이온즈 파크,18:30,20.5
소형준,KT,2025,2025-05-07,vs. NC,SP,L,11.57,2.36,4 ⅔,92,6,6,6,1,5,5,0,28.0,Home,수원 KT 위즈파크,18:30,16.1
소형준,KT,2025,2025-05-01,@ Doosan,SP,,4.5,1.17,6,90,3,3,5,0,6,2,1,53.0,Away,잠실 야구장,18:30,14.4
소형준,KT,2025,2025-04-25,@ Hanwha,SP,,0.0,0.33,6,97,0,0,1,0,10,1,0,79.0,Away,대전 한화생명 볼파크,18:30,16.9
소형준,KT,2025,2025-04-19,@ Kiwoom,SP,W,1.29,0.57,7,79,1,1,4,0,11,0,0,76.0,Away,고척 스카이돔,17:00,25.5
소형준,KT,2025,2025-04-13,vs. Samsung,SP,W,0.0,1.8,5,94,1,0,5,0,5,4,0,56.0,Home,수원 KT 위즈파크,14:00,3.6
소형준,KT,2025,2025-04-06,@ SSG,SP,,0.0,0.71,7,75,0,0,5,0,5,0,0,72.0,Away,인천 SSG 랜더스필드,14:00,11.4
소형준,KT,2025,2025-03-26,vs. Doosan,SP,L,4.5,1.5,6,79,3,3,9,0,4,0,0,46.0,Home,수원 KT 위즈파크,18:30,24.1
원상현,KT,2025,2025-07-08,@ SSG,RP,L,18.0,3.0,1,19,2,2,2,1,1,1,0,,Away,인천 SSG 랜더스필드,18:30,34.9
원상현,KT,2025,2025-07-06,@ Doosan,RP,H,9.0,1.0,1,12,1,1,0,0,0,1,0,,Away,잠실 야구장,17:00,32.5
원상현,KT,2025,2025-07-04,@ Doosan,RP,H,0.0,2.0,1,21,0,0,1,0,2,1,0,,Away,잠실 야구장,18:30,30.1
원상현,KT,2025,2025-07-02,vs. Kiwoom,RP,H,0.0,6.0,0 ⅔,27,1,0,1,0,0,3,0,,Home,수원 KT 위즈파크,18:30,30.9
원상현,KT,2025,2025-06-28,@ Lotte,RP,,0.0,1.0,2,34,0,0,2,0,1,0,0,,Away,사직 야구장,17:00,29.3
원상현,KT,2025,2025-06-27,@ Lotte,RP,H,0.0,1.0,1,19,0,0,1,0,0,0,0,,Away,사직 야구장,18:30,25.9
원상현,KT,2025,2025-06-21,vs. NC,RP,,0.0,1.0,2,22,0,0,2,0,0,0,0,,Home,수원 KT 위즈파크,17:00,24.3
원상현,KT,2025,2025-06-18,@ Kia,RP,,27.0,9.0,0 ⅓,19,1,1,1,0,1,2,0,,Away,광주 기아 챔피언스 필드,18:30,29.7
원상현,KT,2025,2025-06-14,@ Samsung,RP,,0.0,,0,10,3,3,3,2,0,0,0,,Away,대구 삼성 라이온즈 파크,17:00,24.0
원상현,KT,2025,2025-06-11,vs. Lotte,RP,H,13.5,3.0,0 ⅔,19,1,1,1,0,1,1,0,,Home,수원 KT 위즈파크,18:30,23.4
원상현,KT,2025,2025-06-08,vs. SSG,RP,,0.0,1.0,1,16,0,0,0,0,1,1,0,,Home,수원 KT 위즈파크,17:00,28.1
원상현,KT,2025,2025-06-07,vs. SSG,RP,H,13.5,1.5,0 ⅔,10,1,1,1,0,1,0,0,,Home,수원 KT 위즈파크,17:00,26.6
원상현,KT,2025,2025-06-06,vs. SSG,RP,,0.0,1.0,1,15,0,0,1,0,2,0,0,,Home,수원 KT 위즈파크,18:30,24.9
원상현,KT,2025,2025-06-01,vs. Kia,RP,,0.0,1.5,2,34,0,0,1,0,0,2,0,,Home,수원 KT 위즈파크,17:00,24.4
원상현,KT,2025,2025-05-31,vs. Kia,RP,,0.0,3.0,0 ⅔,12,0,0,1,0,1,1,0,,Home,수원 KT 위즈파크,17:00,22.8
원상현,KT,2025,2025-05-25,@ Kiwoom,RP,H,0.0,1.0,1,19,0,0,1,0,0,0,0,,Away,고척 스카이돔,14:00,25.5
원상현,KT,2025,2025-05-23,@ Kiwoom,RP,,0.0,1.0,1,15,0,0,1,0,2,0,0,,Away,고척 스카이돔,18:30,25.5
원상현,KT,2025,2025-05-20,vs. Kia,RP,,13.5,1.5,0 ⅔,14,1,1,1,1,0,0,0,,Home,수원 KT 위즈파크,18:30,25.6
원상현,KT,2025,2025-05-17,@ LG,RP,,0.0,2.0,1,20,0,0,1,0,0,1,0,,Away,잠실 야구장,17:00,18.9
원상현,KT,2025,2025-05-17,@ LG,RP,,27.0,9.0,0 ⅓,21,1,1,1,0,1,2,0,,Away,잠실 야구장,17:00,18.9
원상현,KT,2025,2025-05-14,@ Samsung,RP,H,0.0,0.0,1,7,0,0,0,0,0,0,0,,Away,대구 삼성 라이온즈 파크,18:30,20.5
원상현,KT,2025,2025-05-11,vs. Lotte,RP,,0.0,2.25,1 ⅓,36,0,0,0,0,2,3,0,,Home,수원 KT 위즈파크,14:00,19.4
원상현,KT,2025,2025-05-07,vs. NC,RP,,0.0,0.75,1 ⅓,18,0,0,0,0,1,1,0,,Home,수원 KT 위즈파크,18:30,16.1
원상현,KT,2025,2025-05-05,vs. NC,RP,,0.0,0.0,1,12,0,0,0,0,1,0,0,,Home,수원 KT 위즈파크,14:00,15.5
원상현,KT,2025,2025-05-02,vs. Kiwoom,RP,,0.0,1.0,1,13,0,0,1,0,0,0,0,,Home,수원 KT 위즈파크,18:30,14.5
원상현,KT,2025,2025-04-30,@ Doosan,RP,,0.0,1.0,1,22,0,0,0,0,1,1,0,,Away,잠실 야구장,18:30,24.1
원상현,KT,2025,2025-04-29,@ Doosan,RP,H,0.0,0.0,1,15,0,0,0,0,2,0,0,,Away,잠실 야구장,18:30,19.0
원상현,KT,2025,2025-04-26,@ Hanwha,RP,,0.0,1.0,1,6,0,0,1,0,0,0,0,,Away,대전 한화생명 볼파크,17:00,20.4
원상현,KT,2025,2025-04-24,vs. SSG,RP,,6.75,1.5,1 ⅓,24,1,1,1,0,0,1,0,,Home,수원 KT 위즈파크,18:30,14.9
원상현,KT,2025,2025-04-18,@ Kiwoom,RP,,0.0,0.0,2 ⅓,25,0,0,0,0,3,0,0,,Away,고척 스카이돔,18:30,25.5
원상현,KT,2025,2025-04-15,@ Kia,RP,L,6.75,1.5,1 ⅓,18,1,1,2,1,2,0,0,,Away,광주 기아 챔피언스 필드,18:30,13.2
원상현,KT,2025,2025-04-13,vs. Samsung,RP,,18.0,3.0,1,21,3,2,2,0,0,1,0,,Home,수원 KT 위즈파크,14:00,3.6
원상현,KT,2025,2025-04-11,vs. Samsung,RP,H,0.0,1.0,1,15,0,0,1,0,1,0,0,,Home,수원 KT 위즈파크,18:30,20.5
원상현,KT,2025,2025-04-09,vs. NC,RP,H,0.0,1.0,1,15,0,0,1,0,2,0,0,,Home,수원 KT 위즈파크,18:30,14.1
원상현,KT,2025,2025-04-04,@ SSG,RP,,0.0,2.0,1,17,0,0,0,0,0,2,0,,Away,인천 SSG 랜더스필드,18:30,10.4
원상현,KT,2025,2025-04-02,vs. LG,RP,,0.0,1.0,1,19,0,0,1,0,1,0,0,,Home,수원 KT 위즈파크,18:30,7.9
원상현,KT,2025,2025-03-30,@ Lotte,RP,H,0.0,1.0,1,9,0,0,1,0,1,0,0,,Away,사직 야구장,14:00,10.2
원상현,KT,2025,2025-03-27,vs. Doosan,RP,,0.0,1.0,1,24,0,0,1,0,1,0,0,,Home,수원 KT 위즈파크,18:30,11.8
원상현,KT,2025,2025-03-26,vs. Doosan,RP,,0.0,0.0,2,21,0,0,0,0,3,0,0,,Home,수원 KT 위즈파크,18:30,24.1
원상현,KT,2025,2025-03-23,vs. Hanwha,RP,H,0.0,0.0,0 ⅓,3,0,0,0,0,0,0,0,,Home,수원 KT 위즈파크,14:00,22.7
우규민,KT,2025,2025-07-10,@ SSG,RP,H,0.0,0.0,1 ⅓,11,0,0,0,0,1,0,0,,Away,인천 SSG 랜더스필드,18:30,33.4
우규민,KT,2025,2025-07-09,@ SSG,RP,,9.0,1.0,1,19,1,1,1,1,1,0,0,,Away,인천 SSG 랜더스필드,18:30,34.2
우규민,KT,2025,2025-07-04,@ Doosan,RP,,0.0,3.0,0 ⅓,7,0,0,1,0,0,0,0,,Away,잠실 야구장,18:30,30.1
우규민,KT,2025,2025-07-02,vs. Kiwoom,RP,,0.0,3.0,0 ⅓,10,0,0,1,0,0,0,1,,Home,수원 KT 위즈파크,18:30,30.9
우규민,KT,2025,2025-06-28,@ Lotte,RP,,0.0,2.0,1,23,0,0,2,0,0,0,0,,Away,사직 야구장,17:00,29.3
우규민,KT,2025,2025-06-26,vs. LG,RP,H,0.0,0.0,0 ⅔,10,0,0,0,0,1,0,0,,Home,수원 KT 위즈파크,18:30,25.8
우규민,KT,2025,2025-06-24,vs. LG,RP,,0.0,1.0,1,13,0,0,1,0,1,0,0,,Home,수원 KT 위즈파크,18:30,26.7
우규민,KT,2025,2025-06-22,vs. NC,RP,,0.0,0.0,1,12,0,0,0,0,0,0,0,,Home,수원 KT 위즈파크,17:00,26.8
우규민,KT,2025,2025-06-17,@ Kia,RP,,54.0,9.0,0 ⅓,19,2,2,3,0,0,0,1,,Away,광주 기아 챔피언스 필드,18:30,29.8
우규민,KT,2025,2025-06-14,@ Samsung,RP,,0.0,0.0,0 ⅔,9,0,0,0,0,0,0,0,,Away,대구 삼성 라이온즈 파크,17:00,24.0
우규민,KT,2025,2025-06-12,vs. Lotte,RP,,6.75,1.5,1 ⅓,20,1,1,2,0,1,0,0,,Home,수원 KT 위즈파크,18:30,26.9
우규민,KT,2025,2025-06-11,vs. Lotte,RP,,0.0,0.0,1,16,0,0,0,0,0,0,0,,Home,수원 KT 위즈파크,18:30,23.4
우규민,KT,2025,2025-06-07,vs. SSG,RP,H,0.0,0.0,0 ⅔,15,0,0,0,0,0,0,0,,Home,수원 KT 위즈파크,17:00,26.6
우규민,KT,2025,2025-06-04,@ Hanwha,RP,,0.0,,0,6,0,0,1,0,0,0,0,,Away,대전 한화생명 볼파크,18:30,22.1
우규민,KT,2025,2025-06-01,vs. Kia,RP,,0.0,1.0,1,9,0,0,1,0,1,0,0,,Home,수원 KT 위즈파크,17:00,24.4
우규민,KT,2025,2025-05-31,vs. Kia,RP,,0.0,0.0,1,8,0,0,0,0,1,0,0,,Home,수원 KT 위즈파크,17:00,22.8
우규민,KT,2025,2025-05-29,vs. Doosan,RP,,9.0,1.0,1,16,1,1,1,0,0,0,0,,Home,수원 KT 위즈파크,18:30,22.5
우규민,KT,2025,2025-05-24,@ Kiwoom,RP,,0.0,0.0,0 ⅓,5,0,0,0,0,0,0,0,,Away,고척 스카이돔,17:00,25.5
우규민,KT,2025,2025-05-22,vs. Kia,RP,,0.0,0.0,1,12,0,0,0,0,1,0,0,,Home,수원 KT 위즈파크,18:30,25.5
우규민,KT,2025,2025-05-17,@ LG,RP,W,0.0,1.0,1,14,0,0,1,0,1,0,0,,Away,잠실 야구장,17:00,18.9
우규민,KT,2025,2025-05-17,@ LG,RP,,0.0,3.0,0 ⅔,12,0,0,2,0,1,0,0,,Away,잠실 야구장,17:00,18.9
우규민,KT,2025,2025-05-10,vs. Lotte,RP,,0.0,1.0,1,16,0,0,1,0,1,0,0,,Home,수원 KT 위즈파크,17:00,11.8
우규민,KT,2025,2025-05-06,vs. NC,RP,,0.0,0.6,1 ⅔,19,0,0,1,0,0,0,0,,Home,수원 KT 위즈파크,18:30,16.1
우규민,KT,2025,2025-05-05,vs. NC,RP,,0.0,0.0,1,12,0,0,0,0,1,0,0,,Home,수원 KT 위즈파크,14:00,15.5
우규민,KT,2025,2025-05-03,vs. Kiwoom,RP,,0.0,2.0,1,23,0,0,2,0,1,0,0,,Home,수원 KT 위즈파크,17:00,12.2
우규민,KT,2025,2025-05-01,@ Doosan,RP,,0.0,1.0,1,11,0,0,1,0,1,0,0,,Away,잠실 야구장,18:30,14.4
우규민,KT,2025,2025-04-24,vs. SSG,RP,,0.0,6.0,0 ⅓,8,0,0,1,0,0,1,1,,Home,수원 KT 위즈파크,18:30,14.9
우규민,KT,2025,2025-04-22,vs. SSG,RP,,0.0,0.0,0 ⅔,10,0,0,0,0,2,0,0,,Home,수원 KT 위즈파크,18:30,18.1
우규민,KT,2025,2025-04-18,@ Kiwoom,RP,L,13.5,3.0,0 ⅔,8,1,1,2,0,0,0,0,,Away,고척 스카이돔,18:30,25.5
우규민,KT,2025,2025-04-16,@ Kia,RP,H,0.0,0.0,0 ⅔,5,0,0,0,0,0,0,0,,Away,광주 기아 챔피언스 필드,18:30,21.7
우규민,KT,2025,2025-04-09,vs. NC,RP,H,0.0,0.0,1,11,0,0,0,0,1,0,0,,Home,수원 KT 위즈파크,18:30,14.1
우규민,KT,2025,2025-04-03,vs. LG,RP,,13.5,2.25,1 ⅓,20,2,2,3,0,1,0,0,,Home,수원 KT 위즈파크,18:30,12.2
우규민,KT,2025,2025-04-02,vs. LG,RP,H,0.0,0.0,0 ⅔,3,0,0,0,0,0,0,0,,Home,수원 KT 위즈파크,18:30,7.9
우규민,KT,2025,2025-03-30,@ Lotte,RP,,9.0,2.0,1,23,1,1,1,0,0,1,0,,Away,사직 야구장,14:00,10.2
우규민,KT,2025,2025-03-28,@ Lotte,RP,H,0.0,3.0,0 ⅓,7,0,0,1,0,0,0,0,,Away,사직 야구장,18:30,8.1
우규민,KT,2025,2025-03-26,vs. Doosan,RP,,0.0,1.0,1,6,0,0,1,0,0,0,0,,Home,수원 KT 위즈파크,18:30,24.1
우규민,KT,2025,2025-03-25,vs. Doosan,RP,,0.0,0.0,1,8,0,0,0,0,1,0,0,,Home,수원 KT 위즈파크,18:30,12.6
앤더슨,SSG,2025,2025-07-10,vs. KT,SP,,3.6,0.8,5,87,2,2,2,0,7,2,0,60.0,Home,인천 SSG 랜더스필드,18:30,33.4
앤더슨,SSG,2025,2025-07-04,@ NC,SP,W,0.0,0.67,6,86,0,0,3,0,6,1,1,70.0,Away,창원 NC 파크,18:30,30.2
앤더슨,SSG,2025,2025-06-28,vs. Hanwha,SP,L,4.76,0.88,5 ⅔,85,4,3,3,1,9,2,1,55.0,Home,인천 SSG 랜더스필드,17:00,28.1
앤더슨,SSG,2025,2025-06-22,vs. Kia,SP,,0.0,1.5,6,108,1,0,5,0,9,4,0,61.0,Home,인천 SSG 랜더스필드,17:00,25.0
앤더슨,SSG,2025,2025-06-15,vs. Lotte,SP,W,0.0,0.86,7,96,0,0,5,0,11,1,0,77.0,Home,인천 SSG 랜더스필드,17:00,26.9
앤더슨,SSG,2025,2025-06-07,@ KT,SP,L,4.76,1.41,5 ⅔,87,3,3,7,0,10,1,0,52.0,Away,수원 KT 위즈파크,17:00,26.6
앤더슨,SSG,2025,2025-06-01,@ Lotte,SP,,4.5,1.17,6,101,3,3,4,1,5,3,0,54.0,Away,사직 야구장,17:00,23.7
앤더슨,SSG,2025,2025-05-27,vs. NC,SP,,0.0,0.71,7,89,0,0,5,0,8,0,0,75.0,Home,인천 SSG 랜더스필드,18:30,20.6
앤더슨,SSG,2025,2025-05-21,@ Doosan,SP,W,0.0,1.17,6,95,0,0,5,0,8,2,0,68.0,Away,잠실 야구장,18:30,27.8
앤더슨,SSG,2025,2025-05-15,vs. NC,SP,W,0.0,0.5,6,94,0,0,2,0,10,1,1,76.0,Home,인천 SSG 랜더스필드,18:30,18.0
앤더슨,SSG,2025,2025-05-10,vs. Kia,SP,,1.59,0.71,5 ⅔,96,2,1,2,0,7,2,0,64.0,Home,인천 SSG 랜더스필드,17:00,11.6
앤더슨,SSG,2025,2025-05-02,@ LG,SP,W,0.0,1.4,5,96,1,0,5,0,6,2,0,59.0,Away,잠실 야구장,18:30,16.2
앤더슨,SSG,2025,2025-04-26,vs. Kiwoom,SP,,0.0,0.47,6 ⅓,98,0,0,2,0,14,1,1,81.0,Home,인천 SSG 랜더스필드,17:00,14.5
앤더슨,SSG,2025,2025-04-20,vs. LG,SP,W,4.05,0.75,6 ⅔,112,3,3,4,1,8,1,1,60.0,Home,인천 SSG 랜더스필드,14:00,19.5
앤더슨,SSG,2025,2025-04-15,vs. Hanwha,SP,L,1.8,0.8,5,88,1,1,3,0,9,1,1,64.0,Home,인천 SSG 랜더스필드,18:30,5.7
앤더슨,SSG,2025,2025-04-09,@ Samsung,SP,,1.29,0.86,7,87,1,1,6,1,13,0,0,74.0,Away,대구 삼성 라이온즈 파크,18:30,14.9
앤더슨,SSG,2025,2025-03-28,@ Kiwoom,SP,L,5.4,1.8,5,97,5,3,6,1,6,3,0,42.0,Away,고척 스카이돔,18:30,25.5
최민준,SSG,2025,2025-07-10,vs. KT,RP,,0.0,1.5,0 ⅔,13,0,0,1,0,0,0,0,,Home,인천 SSG 랜더스필드,18:30,33.4
최민준,SSG,2025,2025-07-08,vs. KT,RP,,0.0,0.0,1,17,0,0,0,0,1,0,0,,Home,인천 SSG 랜더스필드,18:30,34.9
최민준,SSG,2025,2025-07-06,@ NC,RP,,0.0,0.0,1,9,0,0,0,0,0,0,0,,Away,창원 NC 파크,17:00,32.8
최민준,SSG,2025,2025-07-05,@ NC,RP,,0.0,1.0,1,15,0,0,1,0,1,0,0,,Away,창원 NC 파크,18:00,31.2
최민준,SSG,2025,2025-07-03,@ Kia,RP,,0.0,0.0,0 ⅓,3,0,0,0,0,0,0,0,,Away,광주 기아 챔피언스 필드,18:30,32.6
최민준,SSG,2025,2025-07-01,@ Kia,RP,,54.0,9.0,0 ⅓,14,2,2,2,0,0,1,0,,Away,광주 기아 챔피언스 필드,18:30,32.6
최민준,SSG,2025,2025-06-28,vs. Hanwha,RP,,0.0,0.0,1 ⅓,15,0,0,0,0,1,0,0,,Home,인천 SSG 랜더스필드,17:00,28.1
최민준,SSG,2025,2025-06-26,@ Doosan,RP,W,0.0,0.5,2,23,0,0,0,0,0,1,0,,Away,잠실 야구장,18:30,25.9
최민준,SSG,2025,2025-06-19,@ Kiwoom,RP,,3.38,1.13,2 ⅔,56,1,1,3,0,4,0,0,,Away,고척 스카이돔,18:30,25.5
최민준,SSG,2025,2025-06-14,vs. Lotte,RP,,0.0,1.0,1,11,0,0,1,0,1,0,0,,Home,인천 SSG 랜더스필드,17:00,29.1
최민준,SSG,2025,2025-06-12,@ LG,RP,,5.4,3.0,1 ⅔,48,1,1,4,0,1,1,0,,Away,잠실 야구장,18:30,29.0
최민준,SSG,2025,2025-06-11,@ LG,RP,,0.0,1.0,1,17,0,0,1,0,2,0,0,,Away,잠실 야구장,18:30,25.8
최민준,SSG,2025,2025-06-08,@ KT,RP,H,0.0,0.0,1 ⅓,20,0,0,0,0,0,0,0,,Away,수원 KT 위즈파크,17:00,28.1
최민준,SSG,2025,2025-06-05,vs. Samsung,RP,,13.5,1.5,0 ⅔,14,1,1,0,0,0,1,0,,Home,인천 SSG 랜더스필드,18:30,20.8
최민준,SSG,2025,2025-05-30,@ Lotte,RP,,0.0,0.0,1,13,0,0,0,0,2,0,0,,Away,사직 야구장,18:30,19.8
최민준,SSG,2025,2025-05-28,vs. NC,RP,,0.0,1.0,1,11,0,0,1,0,0,0,1,,Home,인천 SSG 랜더스필드,18:30,21.3
최민준,SSG,2025,2025-05-24,vs. LG,RP,,0.0,1.5,1 ⅓,24,0,0,1,0,1,1,0,,Home,인천 SSG 랜더스필드,17:00,18.7
최민준,SSG,2025,2025-05-23,vs. LG,RP,,0.0,0.0,0 ⅔,13,0,0,0,0,2,0,0,,Home,인천 SSG 랜더스필드,18:30,20.8
최민준,SSG,2025,2025-04-30,vs. Samsung,RP,,9.0,2.0,1,31,1,1,2,1,1,0,0,,Home,인천 SSG 랜더스필드,18:30,20.6
최민준,SSG,2025,2025-04-27,vs. Kiwoom,RP,,0.0,0.75,2 ⅔,36,0,0,1,0,1,1,1,,Home,인천 SSG 랜더스필드,14:00,14.9
최민준,SSG,2025,2025-04-22,@ KT,RP,,36.0,5.0,1,32,4,4,4,1,0,1,0,,Away,수원 KT 위즈파크,18:30,18.1
최민준,SSG,2025,2025-04-19,vs. LG,RP,,5.4,2.4,1 ⅔,40,1,1,1,0,2,3,0,,Home,인천 SSG 랜더스필드,17:00,10.9
최민준,SSG,2025,2025-04-15,vs. Hanwha,RP,,0.0,0.5,2,45,0,0,0,0,3,1,1,,Home,인천 SSG 랜더스필드,18:30,5.7
최민준,SSG,2025,2025-04-11,@ Kia,RP,W,2.25,0.75,4,49,1,1,2,1,2,1,0,,Away,광주 기아 챔피언스 필드,18:30,20.6
최민준,SSG,2025,2025-04-09,@ Samsung,RP,,0.0,,0,4,0,0,0,0,0,1,0,,Away,대구 삼성 라이온즈 파크,18:30,14.9
최민준,SSG,2025,2025-04-08,@ Samsung,RP,,0.0,0.0,1 ⅓,16,0,0,0,0,2,0,0,,Away,대구 삼성 라이온즈 파크,18:30,17.3
최민준,SSG,2025,2025-03-30,@ Kiwoom,RP,,0.0,1.0,1,14,0,0,1,0,0,0,0,,Away,고척 스카이돔,14:00,25.5
정동윤,SSG,2025,2025-07-09,vs. KT,RP,,18.0,3.0,1,29,2,2,2,0,1,1,0,,Home,인천 SSG 랜더스필드,18:30,34.2
정동윤,SSG,2025,2025-06-06,@ KT,RP,,9.0,2.67,3,62,3,3,5,0,1,3,0,,Away,수원 KT 위즈파크,18:30,24.9
정동윤,SSG,2025,2025-06-05,vs. Samsung,RP,,0.0,0.0,0 ⅓,5,0,0,0,0,1,0,0,,Home,인천 SSG 랜더스필드,18:30,20.8
정동윤,SSG,2025,2025-04-16,vs. Hanwha,RP,,15.43,2.14,2 ⅓,44,4,4,2,1,2,3,0,,Home,인천 SSG 랜더스필드,18:30,18.0
정동윤,SSG,2025,2025-04-13,@ Kia,RP,,18.0,4.0,1,25,2,2,2,0,1,2,0,,Away,광주 기아 챔피언스 필드,14:00,11.6
정동윤,SSG,2025,2025-04-11,@ Kia,RP,,0.0,1.0,1,16,0,0,0,0,1,1,0,,Away,광주 기아 챔피언스 필드,18:30,20.6
정동윤,SSG,2025,2025-03-28,@ Kiwoom,RP,,12.0,2.0,3,57,4,4,5,0,4,1,0,,Away,고척 스카이돔,18:30,25.5
전영준,SSG,2025,2025-07-09,vs. KT,RP,,13.5,3.0,1 ⅓,37,2,2,3,1,1,1,0,,Home,인천 SSG 랜더스필드,18:30,34.2
전영준,SSG,2025,2025-07-06,@ NC,RP,,0.0,0.0,1,7,0,0,0,0,1,0,0,,Away,창원 NC 파크,17:00,32.8
전영준,SSG,2025,2025-07-05,@ NC,RP,,0.0,1.0,1,13,0,0,1,0,0,0,0,,Away,창원 NC 파크,18:00,31.2
전영준,SSG,2025,2025-07-03,@ Kia,RP,L,27.0,6.0,0 ⅓,9,1,1,1,0,0,1,0,,Away,광주 기아 챔피언스 필드,18:30,32.6
전영준,SSG,2025,2025-07-01,@ Kia,RP,,0.0,0.0,1,18,0,0,0,0,0,0,1,,Away,광주 기아 챔피언스 필드,18:30,32.6
전영준,SSG,2025,2025-06-27,vs. Hanwha,RP,,0.0,0.38,2 ⅔,34,0,0,1,0,2,0,0,,Home,인천 SSG 랜더스필드,18:30,28.2
전영준,SSG,2025,2025-06-21,vs. Kia,RP,,0.0,1.5,1 ⅓,26,0,0,0,0,1,2,1,,Home,인천 SSG 랜더스필드,17:00,23.5
전영준,SSG,2025,2025-06-18,@ Kiwoom,RP,,3.86,0.86,2 ⅓,46,1,1,2,0,5,0,1,,Away,고척 스카이돔,18:30,25.5
전영준,SSG,2025,2025-06-12,@ LG,SP,,4.5,1.5,2,35,1,1,2,0,0,1,1,46.0,Away,잠실 야구장,18:30,29.0
전영준,SSG,2025,2025-06-06,@ KT,SP,L,12.0,2.0,3,72,4,4,5,0,5,1,1,36.0,Away,수원 KT 위즈파크,18:30,24.9
전영준,SSG,2025,2025-05-31,@ Lotte,SP,,2.25,1.5,4,64,1,1,4,0,4,2,0,52.0,Away,사직 야구장,17:00,20.8
전영준,SSG,2025,2025-05-25,vs. LG,SP,L,2.08,1.38,4 ⅓,81,1,1,5,0,3,1,0,51.0,Home,인천 SSG 랜더스필드,14:00,18.2
전영준,SSG,2025,2025-05-20,@ Doosan,SP,,6.23,1.62,4 ⅓,71,3,3,6,1,4,1,0,42.0,Away,잠실 야구장,18:30,25.2
조병현,SSG,2025,2025-07-10,vs. KT,RP,,0.0,0.0,1,10,0,0,0,0,1,0,0,,Home,인천 SSG 랜더스필드,18:30,33.4
조병현,SSG,2025,2025-07-04,@ NC,RP,,0.0,0.0,1,15,0,0,0,0,3,0,0,,Away,창원 NC 파크,18:30,30.2
조병현,SSG,2025,2025-07-02,@ Kia,RP,SV,0.0,3.0,1,28,0,0,1,0,2,2,0,,Away,광주 기아 챔피언스 필드,18:30,33.1
조병현,SSG,2025,2025-06-29,vs. Hanwha,RP,SV,0.0,0.0,1,11,0,0,0,0,2,0,0,,Home,인천 SSG 랜더스필드,17:00,29.8
조병현,SSG,2025,2025-06-27,vs. Hanwha,RP,SV,0.0,0.0,1,7,0,0,0,0,0,0,0,,Home,인천 SSG 랜더스필드,18:30,28.2
조병현,SSG,2025,2025-06-26,@ Doosan,RP,SV,0.0,0.0,1,18,0,0,0,0,2,0,0,,Away,잠실 야구장,18:30,25.9
조병현,SSG,2025,2025-06-22,vs. Kia,RP,,9.0,2.0,1,24,1,1,0,0,1,2,0,,Home,인천 SSG 랜더스필드,17:00,25.0
조병현,SSG,2025,2025-06-21,vs. Kia,RP,,0.0,0.0,1,16,0,0,0,0,2,0,0,,Home,인천 SSG 랜더스필드,17:00,23.5
조병현,SSG,2025,2025-06-19,@ Kiwoom,RP,,0.0,0.0,1,16,0,0,0,0,3,0,0,,Away,고척 스카이돔,18:30,25.5
조병현,SSG,2025,2025-06-15,vs. Lotte,RP,SV,0.0,0.0,1,11,0,0,0,0,0,0,0,,Home,인천 SSG 랜더스필드,17:00,26.9
조병현,SSG,2025,2025-06-14,vs. Lotte,RP,,0.0,6.0,0 ⅓,23,0,0,2,0,1,0,0,,Home,인천 SSG 랜더스필드,17:00,29.1
조병현,SSG,2025,2025-06-10,@ LG,RP,,0.0,0.0,1,14,0,0,0,0,1,0,0,,Away,잠실 야구장,18:30,24.8
조병현,SSG,2025,2025-06-08,@ KT,RP,SV,0.0,0.0,1,13,0,0,0,0,1,0,0,,Away,수원 KT 위즈파크,17:00,28.1
조병현,SSG,2025,2025-06-04,vs. Samsung,RP,,9.0,1.0,1,25,1,1,1,1,2,0,0,,Home,인천 SSG 랜더스필드,18:30,21.5
조병현,SSG,2025,2025-06-03,vs. Samsung,RP,SV,9.0,1.0,1,18,1,1,1,1,1,0,0,,Home,인천 SSG 랜더스필드,18:30,20.9
조병현,SSG,2025,2025-06-01,@ Lotte,RP,SV,0.0,0.0,1,12,0,0,0,0,1,0,0,,Away,사직 야구장,17:00,23.7
조병현,SSG,2025,2025-05-31,@ Lotte,RP,SV,0.0,0.0,1,15,0,0,0,0,0,0,0,,Away,사직 야구장,17:00,20.8
조병현,SSG,2025,2025-05-29,vs. NC,RP,SV,0.0,1.0,1,10,0,0,1,0,0,0,0,,Home,인천 SSG 랜더스필드,18:30,23.1
조병현,SSG,2025,2025-05-27,vs. NC,RP,,0.0,0.0,1,17,0,0,0,0,2,0,0,,Home,인천 SSG 랜더스필드,18:30,20.6
조병현,SSG,2025,2025-05-24,vs. LG,RP,W,0.0,0.0,1,16,0,0,0,0,1,0,0,,Home,인천 SSG 랜더스필드,17:00,18.7
조병현,SSG,2025,2025-05-20,@ Doosan,RP,SV,0.0,3.0,1,20,0,0,2,0,3,1,0,,Away,잠실 야구장,18:30,25.2
조병현,SSG,2025,2025-05-18,@ Hanwha,RP,,0.0,1.0,1,9,0,0,1,0,1,0,0,,Away,대전 한화생명 볼파크,14:00,21.7
조병현,SSG,2025,2025-05-17,@ Hanwha,RP,,9.0,2.0,1,21,1,1,2,1,0,0,0,,Away,대전 한화생명 볼파크,17:00,23.4
조병현,SSG,2025,2025-05-15,vs. NC,RP,,0.0,0.0,1,11,0,0,0,0,2,0,0,,Home,인천 SSG 랜더스필드,18:30,18.0
조병현,SSG,2025,2025-05-13,vs. NC,RP,SV,0.0,0.0,1,10,0,0,0,0,1,0,0,,Home,인천 SSG 랜더스필드,18:30,22.2
조병현,SSG,2025,2025-05-11,vs. Kia,RP,,0.0,0.0,1,14,0,0,0,0,0,0,0,,Home,인천 SSG 랜더스필드,14:00,16.8
조병현,SSG,2025,2025-05-07,@ Lotte,RP,,0.0,1.0,1,24,0,0,1,0,2,0,0,,Away,사직 야구장,18:30,16.4
조병현,SSG,2025,2025-05-01,vs. Samsung,RP,SV,0.0,0.0,1,16,0,0,0,0,0,0,0,,Home,인천 SSG 랜더스필드,18:30,11.6
조병현,SSG,2025,2025-04-30,vs. Samsung,RP,,13.5,1.5,0 ⅔,16,1,1,1,1,1,0,0,,Home,인천 SSG 랜더스필드,18:30,20.6
조병현,SSG,2025,2025-04-25,vs. Kiwoom,RP,SV,0.0,0.0,1,15,0,0,0,0,1,0,0,,Home,인천 SSG 랜더스필드,18:30,14.2
조병현,SSG,2025,2025-04-24,@ KT,RP,SV,0.0,0.0,1 ⅓,15,0,0,0,0,0,0,0,,Away,수원 KT 위즈파크,18:30,14.9
조병현,SSG,2025,2025-04-20,vs. LG,RP,,0.0,0.0,1,10,0,0,0,0,1,0,0,,Home,인천 SSG 랜더스필드,14:00,19.5
조병현,SSG,2025,2025-04-17,vs. Hanwha,RP,,0.0,0.0,1,15,0,0,0,0,1,0,0,,Home,인천 SSG 랜더스필드,18:30,16.8
조병현,SSG,2025,2025-04-10,@ Samsung,RP,,9.0,3.0,1,28,1,1,2,0,2,1,0,,Away,대구 삼성 라이온즈 파크,18:30,14.9
조병현,SSG,2025,2025-04-09,@ Samsung,RP,W,0.0,2.0,1,18,0,0,2,0,2,0,0,,Away,대구 삼성 라이온즈 파크,18:30,14.9
조병현,SSG,2025,2025-04-06,vs. KT,RP,W,0.0,2.0,1,18,0,0,2,0,1,0,0,,Home,인천 SSG 랜더스필드,14:00,11.4
조병현,SSG,2025,2025-04-04,vs. KT,RP,,0.0,1.0,1,18,0,0,1,0,0,0,0,,Home,인천 SSG 랜더스필드,18:30,10.4
조병현,SSG,2025,2025-03-27,vs. Lotte,RP,SV,0.0,2.0,1,11,0,0,1,0,0,1,0,,Home,인천 SSG 랜더스필드,18:30,11.1
조병현,SSG,2025,2025-03-25,vs. Lotte,RP,L,0.0,2.25,1 ⅓,27,1,0,2,0,1,1,0,,Home,인천 SSG 랜더스필드,18:30,10.4
조병현,SSG,2025,2025-03-23,vs. Doosan,RP,SV,0.0,0.0,1,10,0,0,0,0,1,0,0,,Home,인천 SSG 랜더스필드,14:00,18.1
김광현,SSG,2025,2025-07-08,vs. KT,SP,,1.8,0.8,5,91,1,1,2,0,3,2,0,60.0,Home,인천 SSG 랜더스필드,18:30,34.9
김광현,SSG,2025,2025-07-02,@ Kia,SP,W,7.94,1.76,5 ⅔,87,5,5,10,1,8,0,0,37.0,Away,광주 기아 챔피언스 필드,18:30,33.1
김광현,SSG,2025,2025-06-21,vs. Kia,SP,,7.71,2.36,4 ⅔,95,4,4,6,1,4,5,0,35.0,Home,인천 SSG 랜더스필드,17:00,23.5
김광현,SSG,2025,2025-06-14,vs. Lotte,SP,L,3.0,1.0,6,88,2,2,4,1,4,2,0,58.0,Home,인천 SSG 랜더스필드,17:00,29.1
김광현,SSG,2025,2025-06-03,vs. Samsung,SP,W,4.76,1.24,5 ⅔,90,3,3,6,1,8,1,0,52.0,Home,인천 SSG 랜더스필드,18:30,20.9
김광현,SSG,2025,2025-05-28,vs. NC,SP,W,7.2,1.6,5,96,4,4,5,0,4,3,0,42.0,Home,인천 SSG 랜더스필드,18:30,21.3
김광현,SSG,2025,2025-05-22,@ Doosan,SP,,1.5,1.0,6,82,1,1,5,0,7,1,0,64.0,Away,잠실 야구장,18:30,26.9
김광현,SSG,2025,2025-05-17,@ Hanwha,SP,L,1.5,1.17,6,105,1,1,5,0,4,2,1,59.0,Away,대전 한화생명 볼파크,17:00,23.4
김광현,SSG,2025,2025-05-11,vs. Kia,SP,W,1.29,0.29,7,96,1,1,1,1,7,1,0,77.0,Home,인천 SSG 랜더스필드,14:00,16.8
김광현,SSG,2025,2025-05-03,@ LG,SP,L,0.0,1.17,6,105,4,0,6,0,7,1,0,58.0,Away,잠실 야구장,17:00,12.8
김광현,SSG,2025,2025-04-27,vs. Kiwoom,SP,L,18.9,3.0,3 ⅓,84,7,7,9,1,2,1,0,15.0,Home,인천 SSG 랜더스필드,14:00,14.9
김광현,SSG,2025,2025-04-22,@ KT,SP,L,6.35,2.47,5 ⅔,91,5,4,10,0,5,4,0,32.0,Away,수원 KT 위즈파크,18:30,18.1
김광현,SSG,2025,2025-04-16,vs. Hanwha,SP,L,9.0,1.6,5,74,5,5,7,2,4,1,0,36.0,Home,인천 SSG 랜더스필드,18:30,18.0
김광현,SSG,2025,2025-04-10,@ Samsung,SP,,0.0,0.5,6,100,0,0,2,0,8,1,1,74.0,Away,대구 삼성 라이온즈 파크,18:30,14.9
김광현,SSG,2025,2025-04-04,vs. KT,SP,,1.8,1.6,5,99,1,1,5,0,3,3,0,53.0,Home,인천 SSG 랜더스필드,18:30,10.4
김광현,SSG,2025,2025-03-29,@ Kiwoom,SP,L,3.6,1.4,5,91,2,2,5,1,4,2,1,50.0,Away,고척 스카이돔,17:00,25.5
김광현,SSG,2025,2025-03-23,vs. Doosan,SP,W,3.18,1.59,5 ⅔,99,2,2,7,0,8,2,0,53.0,Home,인천 SSG 랜더스필드,14:00,18.1
김민,SSG,2025,2025-07-10,vs. KT,RP,,0.0,2.0,1,15,0,0,2,0,2,0,0,,Home,인천 SSG 랜더스필드,18:30,33.4
김민,SSG,2025,2025-07-08,vs. KT,RP,H,0.0,0.0,1,18,0,0,0,0,2,0,0,,Home,인천 SSG 랜더스필드,18:30,34.9
김민,SSG,2025,2025-07-06,@ NC,RP,L,9.0,3.0,1,27,1,1,2,0,1,1,1,,Away,창원 NC 파크,17:00,32.8
김민,SSG,2025,2025-07-01,@ Kia,RP,,0.0,0.0,1,11,0,0,0,0,1,0,0,,Away,광주 기아 챔피언스 필드,18:30,32.6
김민,SSG,2025,2025-06-27,vs. Hanwha,RP,W,0.0,0.0,0 ⅔,5,0,0,0,0,0,0,0,,Home,인천 SSG 랜더스필드,18:30,28.2
김민,SSG,2025,2025-06-26,@ Doosan,RP,H,0.0,0.0,1,7,0,0,0,0,1,0,0,,Away,잠실 야구장,18:30,25.9
김민,SSG,2025,2025-06-22,vs. Kia,RP,,27.0,6.0,0 ⅓,13,1,1,2,1,0,0,0,,Home,인천 SSG 랜더스필드,17:00,25.0
김민,SSG,2025,2025-06-19,@ Kiwoom,RP,,0.0,2.0,2,25,0,0,3,0,0,1,0,,Away,고척 스카이돔,18:30,25.5
김민,SSG,2025,2025-06-17,@ Kiwoom,RP,,27.0,6.0,0 ⅓,15,1,1,1,0,0,1,0,,Away,고척 스카이돔,18:30,25.5
김민,SSG,2025,2025-06-10,@ LG,RP,H,0.0,2.0,1,19,0,0,1,0,1,1,0,,Away,잠실 야구장,18:30,24.8
김민,SSG,2025,2025-06-08,@ KT,RP,H,0.0,0.0,1,17,0,0,0,0,3,0,0,,Away,수원 KT 위즈파크,17:00,28.1
김민,SSG,2025,2025-06-07,@ KT,RP,,0.0,3.0,1,17,0,0,3,0,2,0,0,,Away,수원 KT 위즈파크,17:00,26.6
김민,SSG,2025,2025-06-04,vs. Samsung,RP,H,0.0,1.0,1,13,0,0,1,0,0,0,0,,Home,인천 SSG 랜더스필드,18:30,21.5
김민,SSG,2025,2025-06-01,@ Lotte,RP,W,0.0,1.0,1,5,0,0,0,0,0,1,0,,Away,사직 야구장,17:00,23.7
김민,SSG,2025,2025-05-31,@ Lotte,RP,H,0.0,1.0,1,14,0,0,0,0,0,1,0,,Away,사직 야구장,17:00,20.8
김민,SSG,2025,2025-05-28,vs. NC,RP,,9.0,2.0,1,10,1,1,2,0,0,0,1,,Home,인천 SSG 랜더스필드,18:30,21.3
김민,SSG,2025,2025-05-27,vs. NC,RP,,0.0,0.0,1,7,0,0,0,0,0,0,0,,Home,인천 SSG 랜더스필드,18:30,20.6
김민,SSG,2025,2025-05-25,vs. LG,RP,,0.0,0.0,0 ⅔,12,0,0,0,0,2,0,1,,Home,인천 SSG 랜더스필드,14:00,18.2
김민,SSG,2025,2025-05-23,vs. LG,RP,,0.0,,0,6,1,1,1,1,0,0,0,,Home,인천 SSG 랜더스필드,18:30,20.8
김민,SSG,2025,2025-05-22,@ Doosan,RP,L,67.5,7.5,0 ⅔,27,5,5,3,1,1,2,0,,Away,잠실 야구장,18:30,26.9
김민,SSG,2025,2025-05-20,@ Doosan,RP,H,0.0,0.0,1,13,0,0,0,0,2,0,0,,Away,잠실 야구장,18:30,25.2
김민,SSG,2025,2025-05-18,@ Hanwha,RP,,0.0,0.0,0 ⅔,8,0,0,0,0,1,0,0,,Away,대전 한화생명 볼파크,14:00,21.7
김민,SSG,2025,2025-05-15,vs. NC,RP,H,0.0,1.0,1,14,0,0,1,0,1,0,0,,Home,인천 SSG 랜더스필드,18:30,18.0
김민,SSG,2025,2025-05-11,vs. Kia,RP,,0.0,3.0,0 ⅓,8,0,0,1,0,1,0,0,,Home,인천 SSG 랜더스필드,14:00,16.8
김민,SSG,2025,2025-05-10,vs. Kia,RP,,0.0,0.0,1,9,0,0,0,0,1,0,0,,Home,인천 SSG 랜더스필드,17:00,11.6
김민,SSG,2025,2025-05-07,@ Lotte,RP,,0.0,1.0,1,15,0,0,1,0,1,0,0,,Away,사직 야구장,18:30,16.4
김민,SSG,2025,2025-05-01,vs. Samsung,RP,H,0.0,0.5,2,12,0,0,1,0,0,0,0,,Home,인천 SSG 랜더스필드,18:30,11.6
김민,SSG,2025,2025-04-30,vs. Samsung,RP,,13.5,3.0,0 ⅔,17,1,1,2,1,2,0,0,,Home,인천 SSG 랜더스필드,18:30,20.6
김민,SSG,2025,2025-04-29,vs. Samsung,RP,,0.0,0.0,1,15,0,0,0,0,0,0,0,,Home,인천 SSG 랜더스필드,18:30,14.9
김민,SSG,2025,2025-04-26,vs. Kiwoom,RP,,9.0,2.0,1,16,1,1,2,0,1,0,0,,Home,인천 SSG 랜더스필드,17:00,14.5
김민,SSG,2025,2025-04-24,@ KT,RP,,27.0,3.0,0 ⅔,16,3,2,2,0,0,0,0,,Away,수원 KT 위즈파크,18:30,14.9
김민,SSG,2025,2025-04-20,vs. LG,RP,H,0.0,0.0,0 ⅓,7,0,0,0,0,1,0,0,,Home,인천 SSG 랜더스필드,14:00,19.5
김민,SSG,2025,2025-04-19,vs. LG,RP,,81.0,9.0,0 ⅓,10,3,3,2,0,0,1,0,,Home,인천 SSG 랜더스필드,17:00,10.9
김민,SSG,2025,2025-04-17,vs. Hanwha,RP,,0.0,1.0,1,15,0,0,1,0,2,0,0,,Home,인천 SSG 랜더스필드,18:30,16.8
김민,SSG,2025,2025-04-16,vs. Hanwha,RP,,0.0,3.0,0 ⅔,15,0,0,1,0,1,1,1,,Home,인천 SSG 랜더스필드,18:30,18.0
김민,SSG,2025,2025-04-10,@ Samsung,RP,H,0.0,0.0,1,11,0,0,0,0,0,0,0,,Away,대구 삼성 라이온즈 파크,18:30,14.9
김민,SSG,2025,2025-04-09,@ Samsung,RP,,0.0,1.0,1,17,0,0,1,0,2,0,0,,Away,대구 삼성 라이온즈 파크,18:30,14.9
김민,SSG,2025,2025-04-04,vs. KT,RP,,0.0,2.0,1,15,1,0,2,0,1,0,0,,Home,인천 SSG 랜더스필드,18:30,10.4
김민,SSG,2025,2025-03-30,@ Kiwoom,RP,,0.0,3.0,0 ⅓,10,0,0,1,0,1,0,0,,Away,고척 스카이돔,14:00,25.5
김민,SSG,2025,2025-03-26,vs. Lotte,RP,H,0.0,1.0,1,13,0,0,1,0,0,0,0,,Home,인천 SSG 랜더스필드,18:30,20.6
김민,SSG,2025,2025-03-25,vs. Lotte,RP,,0.0,0.0,0 ⅔,7,0,0,0,0,0,0,0,,Home,인천 SSG 랜더스필드,18:30,10.4
김민,SSG,2025,2025-03-23,vs. Doosan,RP,H,0.0,2.0,1,16,0,0,2,0,1,0,0,,Home,인천 SSG 랜더스필드,14:00,18.1
김택형,SSG,2025,2025-07-06,@ NC,RP,,0.0,3.0,0 ⅓,8,0,0,0,0,0,1,0,,Away,창원 NC 파크,17:00,32.8
김택형,SSG,2025,2025-07-03,@ Kia,RP,,0.0,1.5,0 ⅔,12,0,0,1,0,0,0,0,,Away,광주 기아 챔피언스 필드,18:30,32.6
김택형,SSG,2025,2025-06-27,vs. Hanwha,RP,,0.0,3.0,0 ⅓,7,0,0,0,0,0,1,0,,Home,인천 SSG 랜더스필드,18:30,28.2
김택형,SSG,2025,2025-06-24,@ Doosan,RP,,0.0,,0,0,0,0,0,0,0,0,0,,Away,잠실 야구장,18:30,26.8
김택형,SSG,2025,2025-06-21,vs. Kia,RP,,0.0,3.0,0 ⅓,6,0,0,1,0,1,0,0,,Home,인천 SSG 랜더스필드,17:00,23.5
김택형,SSG,2025,2025-06-19,@ Kiwoom,RP,,0.0,1.0,1,10,0,0,1,0,0,0,0,,Away,고척 스카이돔,18:30,25.5
김택형,SSG,2025,2025-06-18,@ Kiwoom,RP,,0.0,1.0,1,9,0,0,1,0,1,0,0,,Away,고척 스카이돔,18:30,25.5
김택형,SSG,2025,2025-06-12,@ LG,RP,H,0.0,2.0,1,21,0,0,0,0,1,2,0,,Away,잠실 야구장,18:30,29.0
김택형,SSG,2025,2025-06-11,@ LG,RP,,0.0,0.0,0 ⅔,5,0,0,0,0,0,0,0,,Away,잠실 야구장,18:30,25.8
이로운,SSG,2025,2025-07-08,vs. KT,RP,H,0.0,2.0,1,27,0,0,1,0,2,1,0,,Home,인천 SSG 랜더스필드,18:30,34.9
이로운,SSG,2025,2025-07-04,@ NC,RP,,0.0,1.0,1,11,0,0,1,0,0,0,0,,Away,창원 NC 파크,18:30,30.2
이로운,SSG,2025,2025-07-02,@ Kia,RP,H,0.0,0.0,1,11,0,0,0,0,1,0,0,,Away,광주 기아 챔피언스 필드,18:30,33.1
이로운,SSG,2025,2025-07-01,@ Kia,RP,L,9.0,3.0,1,19,1,1,2,0,2,1,0,,Away,광주 기아 챔피언스 필드,18:30,32.6
이로운,SSG,2025,2025-06-29,vs. Hanwha,RP,H,0.0,0.0,1,16,0,0,0,0,0,0,0,,Home,인천 SSG 랜더스필드,17:00,29.8
이로운,SSG,2025,2025-06-27,vs. Hanwha,RP,H,0.0,1.0,1,15,0,0,1,0,2,0,0,,Home,인천 SSG 랜더스필드,18:30,28.2
이로운,SSG,2025,2025-06-26,@ Doosan,RP,H,0.0,1.0,1,15,0,0,1,0,1,0,0,,Away,잠실 야구장,18:30,25.9
이로운,SSG,2025,2025-06-21,vs. Kia,RP,,0.0,0.0,1,12,0,0,0,0,2,0,0,,Home,인천 SSG 랜더스필드,17:00,23.5
이로운,SSG,2025,2025-06-19,@ Kiwoom,RP,SV,0.0,0.0,1,16,0,0,0,0,0,0,0,,Away,고척 스카이돔,18:30,25.5
이로운,SSG,2025,2025-06-18,@ Kiwoom,RP,,0.0,1.0,1,21,0,0,0,0,1,1,0,,Away,고척 스카이돔,18:30,25.5
이로운,SSG,2025,2025-06-15,vs. Lotte,RP,H,0.0,2.0,1,17,0,0,0,0,0,2,0,,Home,인천 SSG 랜더스필드,17:00,26.9
이로운,SSG,2025,2025-06-14,vs. Lotte,RP,,0.0,0.0,1,16,0,0,0,0,2,0,0,,Home,인천 SSG 랜더스필드,17:00,29.1
이로운,SSG,2025,2025-06-11,@ LG,RP,L,81.0,9.0,0 ⅓,20,3,3,3,1,0,0,0,,Away,잠실 야구장,18:30,25.8
이로운,SSG,2025,2025-06-10,@ LG,RP,H,0.0,0.0,1,9,0,0,0,0,0,0,0,,Away,잠실 야구장,18:30,24.8
이로운,SSG,2025,2025-06-08,@ KT,RP,H,9.0,1.0,1,14,1,1,1,1,0,0,0,,Away,수원 KT 위즈파크,17:00,28.1
이로운,SSG,2025,2025-06-07,@ KT,RP,,0.0,3.0,0 ⅓,8,0,0,1,0,0,0,0,,Away,수원 KT 위즈파크,17:00,26.6
이로운,SSG,2025,2025-06-04,vs. Samsung,RP,,0.0,1.0,1,23,0,0,1,0,1,0,0,,Home,인천 SSG 랜더스필드,18:30,21.5
이로운,SSG,2025,2025-06-03,vs. Samsung,RP,H,0.0,0.75,1 ⅓,16,0,0,1,0,1,0,0,,Home,인천 SSG 랜더스필드,18:30,20.9
이로운,SSG,2025,2025-05-31,@ Lotte,RP,H,0.0,0.0,1,19,0,0,0,0,0,0,0,,Away,사직 야구장,17:00,20.8
이로운,SSG,2025,2025-05-30,@ Lotte,RP,L,0.0,2.0,1,15,2,0,2,0,1,0,0,,Away,사직 야구장,18:30,19.8
이로운,SSG,2025,2025-05-28,vs. NC,RP,,0.0,0.0,1,17,0,0,0,0,1,0,0,,Home,인천 SSG 랜더스필드,18:30,21.3
이로운,SSG,2025,2025-05-27,vs. NC,RP,,0.0,0.75,1 ⅓,22,0,0,0,0,1,1,0,,Home,인천 SSG 랜더스필드,18:30,20.6
이로운,SSG,2025,2025-05-24,vs. LG,RP,,0.0,1.2,1 ⅔,36,0,0,2,0,1,0,0,,Home,인천 SSG 랜더스필드,17:00,18.7
이로운,SSG,2025,2025-05-22,@ Doosan,RP,,0.0,9.0,0 ⅓,19,0,0,3,0,1,0,0,,Away,잠실 야구장,18:30,26.9
이로운,SSG,2025,2025-05-20,@ Doosan,RP,W,0.0,0.0,1 ⅓,19,0,0,0,0,3,0,0,,Away,잠실 야구장,18:30,25.2
이로운,SSG,2025,2025-05-18,@ Hanwha,RP,H,0.0,2.0,1,21,0,0,2,0,1,0,0,,Away,대전 한화생명 볼파크,14:00,21.7
이로운,SSG,2025,2025-05-17,@ Hanwha,RP,,0.0,2.0,1,21,0,0,1,0,0,1,0,,Away,대전 한화생명 볼파크,17:00,23.4
이로운,SSG,2025,2025-05-13,vs. NC,RP,W,0.0,2.0,1,17,0,0,1,0,2,1,0,,Home,인천 SSG 랜더스필드,18:30,22.2
이로운,SSG,2025,2025-05-11,vs. Kia,RP,,0.0,1.0,1,15,0,0,0,0,0,1,0,,Home,인천 SSG 랜더스필드,14:00,16.8
이로운,SSG,2025,2025-05-10,vs. Kia,RP,,9.0,3.0,1,24,1,1,1,0,0,2,0,,Home,인천 SSG 랜더스필드,17:00,11.6
이로운,SSG,2025,2025-05-07,@ Lotte,RP,,0.0,4.5,0 ⅔,15,0,0,2,0,1,1,0,,Away,사직 야구장,18:30,16.4
이로운,SSG,2025,2025-05-05,@ Lotte,RP,,0.0,0.0,1,9,0,0,0,0,1,0,0,,Away,사직 야구장,14:00,18.1
이로운,SSG,2025,2025-05-01,vs. Samsung,RP,H,0.0,2.0,1,20,0,0,1,0,1,1,0,,Home,인천 SSG 랜더스필드,18:30,11.6
이로운,SSG,2025,2025-04-30,vs. Samsung,RP,H,0.0,1.0,1,11,0,0,0,0,0,1,0,,Home,인천 SSG 랜더스필드,18:30,20.6
이로운,SSG,2025,2025-04-29,vs. Samsung,RP,,0.0,0.0,1,18,0,0,0,0,2,0,0,,Home,인천 SSG 랜더스필드,18:30,14.9
이로운,SSG,2025,2025-04-26,vs. Kiwoom,RP,H,0.0,0.0,0 ⅔,11,0,0,0,0,1,0,0,,Home,인천 SSG 랜더스필드,17:00,14.5
이로운,SSG,2025,2025-04-23,@ KT,RP,,0.0,0.5,2,18,0,0,1,0,2,0,0,,Away,수원 KT 위즈파크,18:30,18.7
이로운,SSG,2025,2025-04-20,vs. LG,RP,,0.0,2.0,1,13,0,0,1,0,0,1,0,,Home,인천 SSG 랜더스필드,14:00,19.5
이로운,SSG,2025,2025-04-18,vs. LG,RP,,0.0,1.5,0 ⅔,7,0,0,1,0,0,0,0,,Home,인천 SSG 랜더스필드,18:30,17.3
이로운,SSG,2025,2025-04-17,vs. Hanwha,RP,L,13.5,3.0,0 ⅔,14,1,1,2,0,2,0,0,,Home,인천 SSG 랜더스필드,18:30,16.8
이로운,SSG,2025,2025-04-15,vs. Hanwha,RP,,0.0,0.0,1,14,0,0,0,0,2,0,0,,Home,인천 SSG 랜더스필드,18:30,5.7
이로운,SSG,2025,2025-04-09,@ Samsung,RP,H,0.0,1.5,0 ⅔,12,0,0,1,0,0,0,0,,Away,대구 삼성 라이온즈 파크,18:30,14.9
이로운,SSG,2025,2025-04-04,vs. KT,RP,,0.0,3.0,1,20,0,0,0,0,2,3,0,,Home,인천 SSG 랜더스필드,18:30,10.4
이로운,SSG,2025,2025-03-29,@ Kiwoom,RP,,0.0,2.0,1,18,0,0,2,0,0,0,0,,Away,고척 스카이돔,17:00,25.5
이로운,SSG,2025,2025-03-26,vs. Lotte,RP,H,0.0,0.0,0 ⅔,1,0,0,0,0,0,0,0,,Home,인천 SSG 랜더스필드,18:30,20.6
이로운,SSG,2025,2025-03-25,vs. Lotte,RP,,0.0,2.0,1,22,0,0,1,0,1,1,0,,Home,인천 SSG 랜더스필드,18:30,10.4
노경은,SSG,2025,2025-07-10,vs. KT,RP,L,18.0,2.0,1,25,2,2,2,0,0,0,0,,Home,인천 SSG 랜더스필드,18:30,33.4
노경은,SSG,2025,2025-07-08,vs. KT,RP,W,0.0,1.0,1,17,0,0,1,0,0,0,0,,Home,인천 SSG 랜더스필드,18:30,34.9
노경은,SSG,2025,2025-07-04,@ NC,RP,H,0.0,0.0,1,11,0,0,0,0,2,0,0,,Away,창원 NC 파크,18:30,30.2
노경은,SSG,2025,2025-07-02,@ Kia,RP,H,0.0,1.5,1 ⅓,26,0,0,1,0,2,1,0,,Away,광주 기아 챔피언스 필드,18:30,33.1
노경은,SSG,2025,2025-06-29,vs. Hanwha,RP,H,0.0,0.0,1,13,0,0,0,0,2,0,1,,Home,인천 SSG 랜더스필드,17:00,29.8
노경은,SSG,2025,2025-06-26,@ Doosan,RP,H,0.0,1.0,1,18,0,0,0,0,1,1,0,,Away,잠실 야구장,18:30,25.9
노경은,SSG,2025,2025-06-22,vs. Kia,RP,L,18.0,3.0,1,23,2,2,2,1,1,1,0,,Home,인천 SSG 랜더스필드,17:00,25.0
노경은,SSG,2025,2025-06-19,@ Kiwoom,RP,W,0.0,0.0,1,20,0,0,0,0,2,0,0,,Away,고척 스카이돔,18:30,25.5
노경은,SSG,2025,2025-06-17,@ Kiwoom,RP,H,0.0,1.5,0 ⅔,8,0,0,1,0,1,0,0,,Away,고척 스카이돔,18:30,25.5
노경은,SSG,2025,2025-06-14,vs. Lotte,RP,,27.0,3.0,0 ⅔,9,2,2,2,0,0,0,0,,Home,인천 SSG 랜더스필드,17:00,29.1
노경은,SSG,2025,2025-06-11,@ LG,RP,,0.0,0.0,0 ⅔,7,0,0,0,0,0,0,0,,Away,잠실 야구장,18:30,25.8
노경은,SSG,2025,2025-06-10,@ LG,RP,,0.0,0.0,1,14,0,0,0,0,1,0,0,,Away,잠실 야구장,18:30,24.8
노경은,SSG,2025,2025-06-08,@ KT,RP,H,0.0,0.0,1,11,0,0,0,0,0,0,0,,Away,수원 KT 위즈파크,17:00,28.1
노경은,SSG,2025,2025-06-07,@ KT,RP,,0.0,1.0,1,17,0,0,0,0,1,1,0,,Away,수원 KT 위즈파크,17:00,26.6
노경은,SSG,2025,2025-06-04,vs. Samsung,RP,,0.0,2.0,1,18,0,0,2,0,0,0,0,,Home,인천 SSG 랜더스필드,18:30,21.5
노경은,SSG,2025,2025-06-03,vs. Samsung,RP,H,0.0,0.0,1,14,0,0,0,0,2,0,0,,Home,인천 SSG 랜더스필드,18:30,20.9
노경은,SSG,2025,2025-06-01,@ Lotte,RP,,0.0,3.0,1,17,0,0,2,0,1,1,0,,Away,사직 야구장,17:00,23.7
노경은,SSG,2025,2025-05-31,@ Lotte,RP,H,0.0,0.0,1,6,0,0,0,0,1,0,0,,Away,사직 야구장,17:00,20.8
노경은,SSG,2025,2025-05-29,vs. NC,RP,H,0.0,0.6,1 ⅔,22,0,0,1,0,1,0,0,,Home,인천 SSG 랜더스필드,18:30,23.1
노경은,SSG,2025,2025-05-27,vs. NC,RP,,13.5,4.5,0 ⅔,13,1,1,2,0,0,1,0,,Home,인천 SSG 랜더스필드,18:30,20.6
노경은,SSG,2025,2025-05-24,vs. LG,RP,,0.0,0.75,1 ⅓,18,1,0,1,0,2,0,0,,Home,인천 SSG 랜더스필드,17:00,18.7
노경은,SSG,2025,2025-05-22,@ Doosan,RP,H,0.0,0.0,0 ⅔,10,0,0,0,0,1,0,0,,Away,잠실 야구장,18:30,26.9
노경은,SSG,2025,2025-05-20,@ Doosan,RP,H,0.0,0.0,1,9,0,0,0,0,2,0,0,,Away,잠실 야구장,18:30,25.2
노경은,SSG,2025,2025-05-18,@ Hanwha,RP,H,0.0,0.0,1,10,0,0,0,0,0,0,0,,Away,대전 한화생명 볼파크,14:00,21.7
노경은,SSG,2025,2025-05-17,@ Hanwha,RP,,0.0,2.0,1,24,0,0,2,0,1,0,0,,Away,대전 한화생명 볼파크,17:00,23.4
노경은,SSG,2025,2025-05-15,vs. NC,RP,H,0.0,0.0,1,14,0,0,0,0,0,0,0,,Home,인천 SSG 랜더스필드,18:30,18.0
노경은,SSG,2025,2025-05-13,vs. NC,RP,,9.0,2.0,1,18,1,1,2,0,0,0,0,,Home,인천 SSG 랜더스필드,18:30,22.2
노경은,SSG,2025,2025-05-11,vs. Kia,RP,,0.0,1.0,2,25,0,0,1,0,0,1,0,,Home,인천 SSG 랜더스필드,14:00,16.8
노경은,SSG,2025,2025-05-10,vs. Kia,RP,L,0.0,2.0,1,22,2,0,0,0,0,2,0,,Home,인천 SSG 랜더스필드,17:00,11.6
노경은,SSG,2025,2025-05-07,@ Lotte,RP,,0.0,0.0,1,12,0,0,0,0,1,0,0,,Away,사직 야구장,18:30,16.4
노경은,SSG,2025,2025-05-02,@ LG,RP,SV,0.0,1.0,1,17,0,0,0,0,2,1,0,,Away,잠실 야구장,18:30,16.2
노경은,SSG,2025,2025-04-30,vs. Samsung,RP,,0.0,2.25,1 ⅓,15,0,0,2,0,0,1,0,,Home,인천 SSG 랜더스필드,18:30,20.6
노경은,SSG,2025,2025-04-29,vs. Samsung,RP,L,9.0,3.0,1,21,1,1,2,0,1,1,0,,Home,인천 SSG 랜더스필드,18:30,14.9
노경은,SSG,2025,2025-04-26,vs. Kiwoom,RP,,0.0,0.0,1,11,0,0,0,0,1,0,0,,Home,인천 SSG 랜더스필드,17:00,14.5
노경은,SSG,2025,2025-04-24,@ KT,RP,H,6.75,3.0,1 ⅓,24,1,1,3,0,1,1,0,,Away,수원 KT 위즈파크,18:30,14.9
노경은,SSG,2025,2025-04-19,vs. LG,RP,,0.0,1.0,1,12,0,0,1,0,1,0,0,,Home,인천 SSG 랜더스필드,17:00,10.9
노경은,SSG,2025,2025-04-17,vs. Hanwha,RP,,0.0,1.5,0 ⅔,17,0,0,1,0,1,0,0,,Home,인천 SSG 랜더스필드,18:30,16.8
노경은,SSG,2025,2025-04-10,@ Samsung,RP,,9.0,2.0,1,11,1,1,2,0,0,0,0,,Away,대구 삼성 라이온즈 파크,18:30,14.9
노경은,SSG,2025,2025-04-09,@ Samsung,RP,,0.0,0.0,1,10,0,0,0,0,0,0,0,,Away,대구 삼성 라이온즈 파크,18:30,14.9
노경은,SSG,2025,2025-04-06,vs. KT,RP,,0.0,0.0,1,12,0,0,0,0,1,0,0,,Home,인천 SSG 랜더스필드,14:00,11.4
노경은,SSG,2025,2025-04-04,vs. KT,RP,H,0.0,1.0,1,13,0,0,0,0,2,1,0,,Home,인천 SSG 랜더스필드,18:30,10.4
노경은,SSG,2025,2025-03-30,@ Kiwoom,RP,H,0.0,1.0,1,15,0,0,1,0,0,0,0,,Away,고척 스카이돔,14:00,25.5
노경은,SSG,2025,2025-03-29,@ Kiwoom,RP,,9.0,2.0,1,18,1,1,1,1,1,1,0,,Away,고척 스카이돔,17:00,25.5
노경은,SSG,2025,2025-03-26,vs. Lotte,RP,SV,0.0,0.0,1,17,0,0,0,0,0,0,0,,Home,인천 SSG 랜더스필드,18:30,20.6
노경은,SSG,2025,2025-03-25,vs. Lotte,RP,,0.0,1.0,1,13,0,0,1,0,0,0,0,,Home,인천 SSG 랜더스필드,18:30,10.4
노경은,SSG,2025,2025-03-23,vs. Doosan,RP,H,0.0,0.0,0 ⅓,4,0,0,0,0,1,0,0,,Home,인천 SSG 랜더스필드,14:00,18.1
박시후,SSG,2025,2025-07-10,vs. KT,RP,,0.0,0.0,0 ⅓,6,0,0,0,0,1,0,0,,Home,인천 SSG 랜더스필드,18:30,33.4
박시후,SSG,2025,2025-07-09,vs. KT,RP,,0.0,0.0,1,9,0,0,0,0,1,0,0,,Home,인천 SSG 랜더스필드,18:30,34.2
박시후,SSG,2025,2025-07-05,@ NC,RP,,0.0,1.0,1,15,0,0,0,0,1,1,0,,Away,창원 NC 파크,18:00,31.2
박시후,SSG,2025,2025-07-03,@ Kia,RP,,0.0,3.0,0 ⅔,14,0,0,2,0,0,0,0,,Away,광주 기아 챔피언스 필드,18:30,32.6
박시후,SSG,2025,2025-07-01,@ Kia,RP,,0.0,1.5,0 ⅔,16,0,0,1,0,0,0,0,,Away,광주 기아 챔피언스 필드,18:30,32.6
박시후,SSG,2025,2025-06-28,vs. Hanwha,RP,,13.5,4.5,0 ⅔,23,1,1,3,0,1,0,0,,Home,인천 SSG 랜더스필드,17:00,28.1
박시후,SSG,2025,2025-06-26,@ Doosan,RP,,0.0,0.0,1 ⅓,16,0,0,0,0,2,0,0,,Away,잠실 야구장,18:30,25.9
박시후,SSG,2025,2025-06-22,vs. Kia,RP,,0.0,1.5,0 ⅔,6,0,0,1,0,0,0,0,,Home,인천 SSG 랜더스필드,17:00,25.0
박시후,SSG,2025,2025-06-19,@ Kiwoom,SP,,0.0,3.75,1 ⅓,46,1,0,0,0,1,5,0,48.0,Away,고척 스카이돔,18:30,25.5
박시후,SSG,2025,2025-06-17,@ Kiwoom,RP,,0.0,1.0,1,13,0,0,0,0,0,1,0,,Away,고척 스카이돔,18:30,25.5
박시후,SSG,2025,2025-06-12,@ LG,RP,L,20.25,3.0,1 ⅓,28,4,3,4,0,2,0,0,,Away,잠실 야구장,18:30,29.0
박시후,SSG,2025,2025-06-10,@ LG,RP,W,0.0,0.6,1 ⅔,22,0,0,0,0,1,1,0,,Away,잠실 야구장,18:30,24.8
박시후,SSG,2025,2025-06-08,@ KT,RP,W,0.0,1.0,1,19,0,0,1,0,1,0,0,,Away,수원 KT 위즈파크,17:00,28.1
박시후,SSG,2025,2025-06-06,@ KT,RP,,0.0,2.0,1,13,1,0,2,0,0,0,0,,Away,수원 KT 위즈파크,18:30,24.9
박시후,SSG,2025,2025-06-05,vs. Samsung,RP,,0.0,6.0,0 ⅓,20,0,0,1,0,1,1,1,,Home,인천 SSG 랜더스필드,18:30,20.8
박시후,SSG,2025,2025-05-31,@ Lotte,RP,W,0.0,2.0,1,20,0,0,1,0,2,1,0,,Away,사직 야구장,17:00,20.8
박시후,SSG,2025,2025-05-29,vs. NC,RP,W,6.75,0.75,2 ⅔,37,2,2,2,2,0,0,0,,Home,인천 SSG 랜더스필드,18:30,23.1
박시후,SSG,2025,2025-05-24,vs. LG,RP,,18.0,2.0,1,20,2,2,2,1,1,0,0,,Home,인천 SSG 랜더스필드,17:00,18.7
박시후,SSG,2025,2025-05-23,vs. LG,RP,,0.0,0.75,1 ⅓,23,0,0,0,0,1,1,0,,Home,인천 SSG 랜더스필드,18:30,20.8
박시후,SSG,2025,2025-05-22,@ Doosan,RP,,0.0,0.0,0 ⅓,4,0,0,0,0,0,0,0,,Away,잠실 야구장,18:30,26.9
박시후,SSG,2025,2025-05-20,@ Doosan,RP,H,0.0,6.0,0 ⅓,14,0,0,2,0,1,0,0,,Away,잠실 야구장,18:30,25.2
박시후,SSG,2025,2025-05-17,@ Hanwha,RP,,0.0,0.0,0 ⅔,3,0,0,0,0,0,0,0,,Away,대전 한화생명 볼파크,17:00,23.4
박시후,SSG,2025,2025-05-14,vs. NC,RP,,0.0,1.29,2 ⅓,35,0,0,2,0,1,1,0,,Home,인천 SSG 랜더스필드,18:30,22.2
박시후,SSG,2025,2025-05-07,@ Lotte,RP,,0.0,0.0,1,15,0,0,0,0,1,0,0,,Away,사직 야구장,18:30,16.4
박시후,SSG,2025,2025-05-06,@ Lotte,RP,,0.0,0.6,1 ⅔,26,0,0,0,0,2,1,0,,Away,사직 야구장,18:30,13.3
박시후,SSG,2025,2025-05-04,@ LG,RP,,18.0,4.0,1,22,2,2,2,0,0,2,0,,Away,잠실 야구장,14:00,19.7
박시후,SSG,2025,2025-05-02,@ LG,RP,H,0.0,0.43,2 ⅓,30,0,0,1,0,1,0,0,,Away,잠실 야구장,18:30,16.2
박시후,SSG,2025,2025-04-27,vs. Kiwoom,RP,,0.0,3.0,1,28,0,0,0,0,0,3,0,,Home,인천 SSG 랜더스필드,14:00,14.9
박시후,SSG,2025,2025-04-23,@ KT,RP,,0.0,0.0,1,10,0,0,0,0,0,0,0,,Away,수원 KT 위즈파크,18:30,18.7
박시후,SSG,2025,2025-04-19,vs. LG,RP,,3.38,1.5,2 ⅔,50,1,1,4,1,4,0,0,,Home,인천 SSG 랜더스필드,17:00,10.9
박시후,SSG,2025,2025-04-18,vs. LG,RP,,0.0,1.0,1,14,0,0,1,0,1,0,0,,Home,인천 SSG 랜더스필드,18:30,17.3
로건,NC,2025,2025-07-10,vs. Samsung,SP,,7.2,2.2,5,115,4,4,9,2,6,2,1,36.0,Home,창원 NC 파크,18:30,30.5
로건,NC,2025,2025-07-04,vs. SSG,SP,L,1.29,0.71,7,102,1,1,3,0,5,2,0,70.0,Home,창원 NC 파크,18:30,30.2
로건,NC,2025,2025-06-28,vs. Doosan,SP,W,0.0,0.5,8,104,1,0,3,0,8,1,0,81.0,Home,창원 NC 파크,17:00,30.9
로건,NC,2025,2025-06-22,@ KT,SP,W,0.0,1.0,7,108,0,0,3,0,6,4,0,73.0,Away,수원 KT 위즈파크,17:00,26.8
로건,NC,2025,2025-06-15,vs. Kia,SP,L,4.5,1.33,6,104,3,3,7,1,10,1,0,55.0,Home,창원 NC 파크,17:00,28.6
로건,NC,2025,2025-06-10,@ Kiwoom,SP,,3.0,1.5,6,96,2,2,8,1,3,1,0,50.0,Away,고척 스카이돔,18:30,25.5
로건,NC,2025,2025-06-04,vs. LG,SP,W,3.0,1.67,6,113,2,2,6,0,6,4,0,54.0,Home,창원 NC 파크,18:30,23.8
로건,NC,2025,2025-05-29,@ SSG,SP,L,9.64,2.14,4 ⅔,97,6,5,7,0,1,3,1,25.0,Away,인천 SSG 랜더스필드,18:30,23.1
로건,NC,2025,2025-05-23,@ Doosan,SP,,1.29,1.29,7,104,1,1,7,0,6,2,0,63.0,Away,잠실 야구장,18:30,21.1
로건,NC,2025,2025-05-17,vs. Kiwoom,SP,,0.0,0.83,6,99,1,0,4,0,5,1,0,66.0,Home,창원 NC 파크,17:00,22.5
로건,NC,2025,2025-05-11,@ Doosan,SP,W,1.8,1.4,5,93,4,1,4,0,0,3,0,46.0,Away,잠실 야구장,14:00,19.0
로건,NC,2025,2025-05-05,@ KT,SP,W,0.0,0.71,7,95,0,0,3,0,3,2,0,72.0,Away,수원 KT 위즈파크,14:00,15.5
로건,NC,2025,2025-04-29,@ Kia,SP,L,9.0,2.2,5,101,5,5,7,0,2,4,0,31.0,Away,광주 기아 챔피언스 필드,18:30,21.6
로건,NC,2025,2025-04-23,@ LG,SP,L,2.08,2.08,4 ⅓,99,1,1,5,0,6,4,1,50.0,Away,잠실 야구장,18:30,21.9
로건,NC,2025,2025-04-18,@ Hanwha,SP,L,18.0,3.0,2,64,6,4,4,0,2,2,2,26.0,Away,대전 한화생명 볼파크,18:30,24.9
로건,NC,2025,2025-04-09,@ KT,SP,L,3.0,1.17,6,84,2,2,5,1,3,2,1,54.0,Away,수원 KT 위즈파크,18:30,14.1
로건,NC,2025,2025-04-04,@ Kiwoom,SP,L,5.68,1.42,6 ⅓,115,4,4,5,0,7,4,0,50.0,Away,고척 스카이돔,18:30,25.5
로건,NC,2025,2025-03-28,vs. LG,SP,,3.0,1.33,6,106,2,2,6,1,5,2,1,54.0,Home,창원 NC 파크,18:30,12.2
배재환,NC,2025,2025-07-09,vs. Samsung,RP,SV,0.0,1.0,1,16,0,0,1,0,0,0,0,,Home,창원 NC 파크,18:30,30.8
배재환,NC,2025,2025-07-06,vs. SSG,RP,H,0.0,0.0,0 ⅓,6,0,0,0,0,0,0,0,,Home,창원 NC 파크,17:00,32.8
배재환,NC,2025,2025-07-03,@ Hanwha,RP,,0.0,1.5,0 ⅔,9,0,0,0,0,0,1,0,,Away,대전 한화생명 볼파크,18:30,32.0
배재환,NC,2025,2025-07-01,@ Hanwha,RP,,0.0,,0,14,2,1,1,0,0,1,0,,Away,대전 한화생명 볼파크,18:30,33.2
배재환,NC,2025,2025-06-29,vs. Doosan,RP,,9.0,1.0,1,16,1,1,1,1,0,0,0,,Home,창원 NC 파크,17:00,31.6
배재환,NC,2025,2025-06-27,vs. Doosan,RP,W,0.0,2.0,1,19,0,0,0,0,0,2,1,,Home,창원 NC 파크,18:30,29.0
배재환,NC,2025,2025-06-22,@ KT,RP,H,0.0,2.0,1,23,0,0,1,0,0,1,0,,Away,수원 KT 위즈파크,17:00,26.8
배재환,NC,2025,2025-06-21,@ KT,RP,L,108.0,9.0,0 ⅓,20,4,4,2,0,1,1,1,,Away,수원 KT 위즈파크,17:00,24.3
배재환,NC,2025,2025-06-18,@ LG,RP,,0.0,0.0,1,14,0,0,0,0,0,0,0,,Away,잠실 야구장,18:30,28.4
배재환,NC,2025,2025-06-17,@ LG,RP,H,0.0,1.0,1,20,0,0,0,0,1,1,0,,Away,잠실 야구장,18:30,28.6
배재환,NC,2025,2025-06-15,vs. Kia,RP,,0.0,9.0,0 ⅓,18,0,0,0,0,1,3,0,,Home,창원 NC 파크,17:00,28.6
배재환,NC,2025,2025-06-12,@ Kiwoom,RP,,0.0,1.0,1,18,0,0,1,0,2,0,0,,Away,고척 스카이돔,18:30,25.5
배재환,NC,2025,2025-06-10,@ Kiwoom,RP,,0.0,0.0,1,15,0,0,0,0,1,0,1,,Away,고척 스카이돔,18:30,25.5
배재환,NC,2025,2025-06-08,@ Samsung,RP,,0.0,0.0,1,17,0,0,0,0,0,0,0,,Away,대구 삼성 라이온즈 파크,17:00,25.5
배재환,NC,2025,2025-06-07,@ Samsung,RP,H,0.0,0.6,1 ⅔,19,0,0,1,0,1,0,0,,Away,대구 삼성 라이온즈 파크,17:00,23.6
배재환,NC,2025,2025-06-04,vs. LG,RP,H,9.0,3.0,1,28,1,1,2,0,1,1,1,,Home,창원 NC 파크,18:30,23.8
배재환,NC,2025,2025-06-01,vs. Hanwha,RP,H,0.0,0.0,1 ⅔,23,0,0,0,0,3,0,0,,Home,창원 NC 파크,17:00,23.3
배재환,NC,2025,2025-05-31,vs. Hanwha,RP,,0.0,0.6,1 ⅔,23,0,0,0,0,1,1,0,,Home,창원 NC 파크,17:00,26.8
배재환,NC,2025,2025-05-27,@ SSG,RP,,0.0,0.0,1,13,0,0,0,0,1,0,1,,Away,인천 SSG 랜더스필드,18:30,20.6
배재환,NC,2025,2025-05-24,@ Doosan,RP,,0.0,0.0,1,12,0,0,0,0,2,0,0,,Away,잠실 야구장,17:00,18.9
배재환,NC,2025,2025-05-22,vs. Hanwha,RP,H,0.0,1.0,1,7,0,0,1,0,1,0,0,,Home,창원 NC 파크,18:30,18.4
배재환,NC,2025,2025-05-21,vs. Hanwha,RP,H,0.0,2.0,1,27,0,0,1,0,0,1,0,,Home,창원 NC 파크,18:30,23.5
배재환,NC,2025,2025-05-17,vs. Kiwoom,RP,H,0.0,1.5,0 ⅔,13,0,0,0,0,2,1,0,,Home,창원 NC 파크,17:00,22.5
배재환,NC,2025,2025-05-13,@ SSG,RP,L,108.0,15.0,0 ⅓,15,4,4,3,0,1,2,0,,Away,인천 SSG 랜더스필드,18:30,22.2
배재환,NC,2025,2025-05-11,@ Doosan,RP,H,0.0,0.0,1,14,0,0,0,0,0,0,0,,Away,잠실 야구장,14:00,19.0
배재환,NC,2025,2025-05-10,@ Doosan,RP,,0.0,4.5,0 ⅔,20,2,0,1,0,1,2,0,,Away,잠실 야구장,17:00,11.9
배재환,NC,2025,2025-05-06,@ KT,RP,H,13.5,4.5,0 ⅔,23,1,1,2,0,1,1,0,,Away,수원 KT 위즈파크,18:30,16.1
배재환,NC,2025,2025-05-04,@ Lotte,RP,H,0.0,1.0,1,14,0,0,1,0,0,0,0,,Away,사직 야구장,14:00,20.7
배재환,NC,2025,2025-05-03,@ Lotte,RP,,0.0,0.0,1,11,0,0,0,0,0,0,0,,Away,사직 야구장,17:00,12.9
배재환,NC,2025,2025-05-02,@ Lotte,RP,,0.0,0.0,0 ⅔,5,0,0,0,0,0,0,0,,Away,사직 야구장,18:30,19.1
배재환,NC,2025,2025-04-30,@ Kia,RP,,0.0,1.0,1,11,0,0,1,0,2,0,0,,Away,광주 기아 챔피언스 필드,18:30,23.0
배재환,NC,2025,2025-04-24,@ LG,RP,,13.5,3.0,0 ⅔,19,1,1,1,0,0,1,0,,Away,잠실 야구장,18:30,17.0
배재환,NC,2025,2025-04-22,@ LG,RP,SV,0.0,0.0,1,16,0,0,0,0,0,0,0,,Away,잠실 야구장,18:30,17.5
배재환,NC,2025,2025-04-20,@ Hanwha,RP,,0.0,0.0,1,13,0,0,0,0,2,0,0,,Away,대전 한화생명 볼파크,14:00,21.5
배재환,NC,2025,2025-04-18,@ Hanwha,RP,,0.0,0.0,1 ⅓,19,0,0,0,0,1,0,0,,Away,대전 한화생명 볼파크,18:30,24.9
최성영,NC,2025,2025-07-08,vs. Samsung,RP,,27.0,4.0,1,28,3,3,2,1,0,2,0,,Home,창원 NC 파크,18:30,32.8
최성영,NC,2025,2025-07-05,vs. SSG,RP,,0.0,,0,13,1,1,2,0,0,1,0,,Home,창원 NC 파크,18:00,31.2
최성영,NC,2025,2025-07-03,@ Hanwha,RP,,0.0,3.0,0 ⅓,5,0,0,1,0,0,0,0,,Away,대전 한화생명 볼파크,18:30,32.0
최성영,NC,2025,2025-07-02,@ Hanwha,RP,H,0.0,0.0,0 ⅔,10,0,0,0,0,0,0,0,,Away,대전 한화생명 볼파크,18:30,32.4
최성영,NC,2025,2025-06-29,vs. Doosan,RP,,4.5,1.5,2,35,1,1,2,1,1,1,0,,Home,창원 NC 파크,17:00,31.6
최성영,NC,2025,2025-06-26,vs. Lotte,SP,,11.57,2.14,2 ⅓,45,3,3,4,0,0,1,0,36.0,Home,창원 NC 파크,18:30,27.7
최성영,NC,2025,2025-06-18,@ LG,RP,,4.5,2.0,2,50,1,1,1,0,0,3,0,,Away,잠실 야구장,18:30,28.4
최성영,NC,2025,2025-06-14,vs. Kia,RP,,0.0,0.0,1,14,0,0,0,0,1,0,1,,Home,창원 NC 파크,17:00,27.3
최성영,NC,2025,2025-06-12,@ Kiwoom,RP,,27.0,9.0,0 ⅓,14,1,1,2,0,1,1,0,,Away,고척 스카이돔,18:30,25.5
최성영,NC,2025,2025-06-05,vs. LG,RP,,0.0,1.8,1 ⅔,23,0,0,2,0,1,1,0,,Home,창원 NC 파크,18:30,23.5
최성영,NC,2025,2025-05-25,@ Doosan,SP,,9.0,4.0,2,59,2,2,3,0,2,5,0,39.0,Away,잠실 야구장,14:00,22.3
최성영,NC,2025,2025-05-17,vs. Kiwoom,SP,L,4.5,1.5,4,68,2,2,5,1,4,1,0,47.0,Home,창원 NC 파크,17:00,22.5
최성영,NC,2025,2025-05-11,@ Doosan,SP,W,3.6,1.2,5,93,2,2,5,0,3,1,1,50.0,Away,잠실 야구장,14:00,19.0
최성영,NC,2025,2025-05-02,@ Lotte,SP,,3.6,1.0,5,77,2,2,4,0,4,1,0,54.0,Away,사직 야구장,18:30,19.1
최성영,NC,2025,2025-04-26,@ Samsung,RP,,0.0,0.0,0 ⅔,14,0,0,0,0,2,0,0,,Away,대구 삼성 라이온즈 파크,17:00,17.6
최성영,NC,2025,2025-04-24,@ LG,RP,,0.0,,0,2,0,0,1,0,0,0,0,,Away,잠실 야구장,18:30,17.0
최성영,NC,2025,2025-04-23,@ LG,RP,,0.0,3.0,0 ⅓,5,0,0,1,0,0,0,0,,Away,잠실 야구장,18:30,21.9
최성영,NC,2025,2025-04-22,@ LG,RP,H,0.0,0.0,0 ⅓,4,0,0,0,0,0,0,0,,Away,잠실 야구장,18:30,17.5
최성영,NC,2025,2025-04-19,@ Hanwha,RP,,0.0,,0,11,3,3,3,1,0,0,0,,Away,대전 한화생명 볼파크,17:00,23.2
최성영,NC,2025,2025-04-11,vs. Lotte,RP,,0.0,1.0,4,53,0,0,4,0,1,0,0,,Home,창원 NC 파크,18:30,15.6
최성영,NC,2025,2025-04-06,@ Kiwoom,RP,H,0.0,0.0,0 ⅔,5,0,0,0,0,0,0,0,,Away,고척 스카이돔,14:00,25.5
최성영,NC,2025,2025-04-05,@ Kiwoom,RP,W,0.0,0.6,1 ⅔,21,0,0,0,0,1,1,0,,Away,고척 스카이돔,17:00,25.5
최성영,NC,2025,2025-03-25,@ Samsung,SP,L,27.0,4.2,1 ⅔,52,5,5,5,1,0,2,0,23.0,Away,대구 삼성 라이온즈 파크,18:30,15.7
전사민,NC,2025,2025-07-10,vs. Samsung,RP,,0.0,1.0,1,18,0,0,1,0,2,0,0,,Home,창원 NC 파크,18:30,30.5
전사민,NC,2025,2025-07-08,vs. Samsung,RP,,0.0,1.5,1 ⅓,16,0,0,2,0,1,0,0,,Home,창원 NC 파크,18:30,32.8
전사민,NC,2025,2025-07-04,vs. SSG,RP,,27.0,6.0,0 ⅓,5,1,1,2,0,0,0,0,,Home,창원 NC 파크,18:30,30.2
전사민,NC,2025,2025-07-03,@ Hanwha,RP,,0.0,0.0,1,12,0,0,0,0,0,0,1,,Away,대전 한화생명 볼파크,18:30,32.0
전사민,NC,2025,2025-07-02,@ Hanwha,RP,H,0.0,4.0,1,13,0,0,2,0,0,2,0,,Away,대전 한화생명 볼파크,18:30,32.4
전사민,NC,2025,2025-06-29,vs. Doosan,RP,,0.0,0.0,1,15,0,0,0,0,1,0,0,,Home,창원 NC 파크,17:00,31.6
전사민,NC,2025,2025-06-26,vs. Lotte,RP,,0.0,1.0,2,22,0,0,1,0,1,1,2,,Home,창원 NC 파크,18:30,27.7
전사민,NC,2025,2025-06-21,@ KT,RP,,0.0,,0,11,2,2,0,0,0,2,0,,Away,수원 KT 위즈파크,17:00,24.3
전사민,NC,2025,2025-06-18,@ LG,RP,,0.0,1.2,1 ⅔,20,0,0,1,0,2,1,0,,Away,잠실 야구장,18:30,28.4
전사민,NC,2025,2025-06-15,vs. Kia,RP,,27.0,3.0,0 ⅓,5,1,1,1,0,0,0,0,,Home,창원 NC 파크,17:00,28.6
전사민,NC,2025,2025-06-14,vs. Kia,RP,,0.0,1.0,1,17,0,0,0,0,0,1,0,,Home,창원 NC 파크,17:00,27.3
전사민,NC,2025,2025-06-12,@ Kiwoom,RP,,9.0,1.0,1,17,1,1,1,0,0,0,1,,Away,고척 스카이돔,18:30,25.5
전사민,NC,2025,2025-06-11,@ Kiwoom,RP,,0.0,0.0,1,10,0,0,0,0,1,0,0,,Away,고척 스카이돔,18:30,25.5
전사민,NC,2025,2025-06-10,@ Kiwoom,RP,,0.0,0.0,1,10,0,0,0,0,1,0,0,,Away,고척 스카이돔,18:30,25.5
전사민,NC,2025,2025-05-28,@ SSG,RP,,13.5,2.5,2,47,3,3,4,0,3,1,0,,Away,인천 SSG 랜더스필드,18:30,21.3
전사민,NC,2025,2025-05-27,@ SSG,RP,,0.0,0.0,0 ⅓,2,0,0,0,0,0,0,0,,Away,인천 SSG 랜더스필드,18:30,20.6
전사민,NC,2025,2025-05-25,@ Doosan,RP,L,0.0,1.71,2 ⅓,33,2,0,3,0,0,1,0,,Away,잠실 야구장,14:00,22.3
전사민,NC,2025,2025-05-23,@ Doosan,RP,,0.0,,0,7,0,0,1,0,0,0,0,,Away,잠실 야구장,18:30,21.1
전사민,NC,2025,2025-05-17,vs. Kiwoom,RP,,0.0,,0,13,0,0,0,0,0,2,0,,Home,창원 NC 파크,17:00,22.5
전사민,NC,2025,2025-05-15,@ SSG,RP,,0.0,2.0,1,22,0,0,2,0,0,0,0,,Away,인천 SSG 랜더스필드,18:30,18.0
전사민,NC,2025,2025-05-14,@ SSG,RP,,0.0,0.0,1,11,0,0,0,0,1,0,0,,Away,인천 SSG 랜더스필드,18:30,22.2
전사민,NC,2025,2025-05-11,@ Doosan,RP,SV,0.0,0.67,3,38,0,0,2,0,2,0,0,,Away,잠실 야구장,14:00,19.0
전사민,NC,2025,2025-05-07,@ KT,RP,,4.5,1.5,2,31,1,1,3,1,0,0,0,,Away,수원 KT 위즈파크,18:30,16.1
전사민,NC,2025,2025-05-04,@ Lotte,RP,W,0.0,1.5,0 ⅔,7,0,0,1,0,0,0,0,,Away,사직 야구장,14:00,20.7
전사민,NC,2025,2025-05-02,@ Lotte,RP,L,54.0,9.0,0 ⅓,10,2,2,3,0,0,0,1,,Away,사직 야구장,18:30,19.1
전사민,NC,2025,2025-04-27,@ Samsung,RP,,13.5,3.75,1 ⅓,29,2,2,4,0,1,1,0,,Away,대구 삼성 라이온즈 파크,14:00,20.2
전사민,NC,2025,2025-04-24,@ LG,RP,H,0.0,0.0,1,14,0,0,0,0,0,0,0,,Away,잠실 야구장,18:30,17.0
전사민,NC,2025,2025-04-22,@ LG,RP,,13.5,3.0,0 ⅔,10,1,1,2,0,1,0,0,,Away,잠실 야구장,18:30,17.5
전사민,NC,2025,2025-04-20,@ Hanwha,RP,,0.0,,0,21,2,2,2,0,0,2,0,,Away,대전 한화생명 볼파크,14:00,21.5
전사민,NC,2025,2025-04-13,vs. Lotte,RP,H,0.0,1.8,1 ⅔,27,0,0,1,0,0,2,0,,Home,창원 NC 파크,14:00,12.3
전사민,NC,2025,2025-04-11,vs. Lotte,RP,L,9.0,1.0,1,23,1,1,1,0,0,0,1,,Home,창원 NC 파크,18:30,15.6
전사민,NC,2025,2025-04-09,@ KT,RP,,27.0,3.0,0 ⅔,12,2,2,1,1,0,1,0,,Away,수원 KT 위즈파크,18:30,14.1
전사민,NC,2025,2025-04-06,@ Kiwoom,RP,W,0.0,1.5,1 ⅓,23,0,0,2,0,0,0,0,,Away,고척 스카이돔,14:00,25.5
전사민,NC,2025,2025-04-05,@ Kiwoom,RP,H,0.0,0.6,1 ⅔,16,0,0,1,0,2,0,0,,Away,고척 스카이돔,17:00,25.5
전사민,NC,2025,2025-03-27,@ Samsung,RP,H,0.0,0.0,1,14,0,0,0,0,0,0,0,,Away,대구 삼성 라이온즈 파크,18:30,17.1
전사민,NC,2025,2025-03-26,@ Samsung,RP,,0.0,0.0,1,12,0,0,0,0,1,0,0,,Away,대구 삼성 라이온즈 파크,18:30,16.0
전사민,NC,2025,2025-03-23,@ Kia,RP,H,0.0,0.0,1,10,0,0,0,0,2,0,0,,Away,광주 기아 챔피언스 필드,14:00,23.6
김진호,NC,2025,2025-07-10,vs. Samsung,RP,,6.75,0.75,1 ⅓,17,1,1,0,0,0,1,1,,Home,창원 NC 파크,18:30,30.5
김진호,NC,2025,2025-07-09,vs. Samsung,RP,H,0.0,1.0,1,22,0,0,1,0,1,0,0,,Home,창원 NC 파크,18:30,30.8
김진호,NC,2025,2025-07-06,vs. SSG,RP,H,0.0,1.5,0 ⅔,10,0,0,1,0,2,0,0,,Home,창원 NC 파크,17:00,32.8
김진호,NC,2025,2025-07-03,@ Hanwha,RP,,0.0,1.0,1,22,0,0,0,0,2,1,1,,Away,대전 한화생명 볼파크,18:30,32.0
김진호,NC,2025,2025-07-02,@ Hanwha,RP,H,0.0,0.0,1,10,0,0,0,0,1,0,0,,Away,대전 한화생명 볼파크,18:30,32.4
김진호,NC,2025,2025-07-01,@ Hanwha,RP,,0.0,,0,6,2,2,1,1,0,1,0,,Away,대전 한화생명 볼파크,18:30,33.2
김진호,NC,2025,2025-06-29,vs. Doosan,RP,,0.0,1.0,1,6,0,0,1,0,0,0,0,,Home,창원 NC 파크,17:00,31.6
김진호,NC,2025,2025-06-27,vs. Doosan,RP,,9.0,3.0,1,25,1,1,2,0,1,1,0,,Home,창원 NC 파크,18:30,29.0
김진호,NC,2025,2025-06-25,vs. Lotte,RP,H,0.0,1.0,1,19,0,0,0,0,1,1,0,,Home,창원 NC 파크,18:30,25.2
김진호,NC,2025,2025-06-12,@ Kiwoom,RP,,0.0,0.0,1,10,0,0,0,0,1,0,0,,Away,고척 스카이돔,18:30,25.5
김진호,NC,2025,2025-06-10,@ Kiwoom,RP,,0.0,1.0,1,17,0,0,1,0,1,0,0,,Away,고척 스카이돔,18:30,25.5
김진호,NC,2025,2025-06-08,@ Samsung,RP,,0.0,1.0,1,16,0,0,0,0,0,1,0,,Away,대구 삼성 라이온즈 파크,17:00,25.5
김진호,NC,2025,2025-06-07,@ Samsung,RP,W,0.0,1.5,1 ⅓,23,0,0,1,0,1,1,0,,Away,대구 삼성 라이온즈 파크,17:00,23.6
김진호,NC,2025,2025-06-04,vs. LG,RP,,13.5,4.5,0 ⅔,23,1,1,3,0,2,0,0,,Home,창원 NC 파크,18:30,23.8
김진호,NC,2025,2025-06-01,vs. Hanwha,RP,,0.0,0.0,1 ⅓,19,0,0,0,0,2,0,0,,Home,창원 NC 파크,17:00,23.3
김진호,NC,2025,2025-05-31,vs. Hanwha,RP,,0.0,0.0,0 ⅓,1,0,0,0,0,0,0,0,,Home,창원 NC 파크,17:00,26.8
김진호,NC,2025,2025-05-29,@ SSG,RP,,0.0,2.0,1,10,0,0,1,0,1,1,0,,Away,인천 SSG 랜더스필드,18:30,23.1
김진호,NC,2025,2025-05-27,@ SSG,RP,,0.0,0.0,1,17,0,0,0,0,2,0,0,,Away,인천 SSG 랜더스필드,18:30,20.6
김진호,NC,2025,2025-05-25,@ Doosan,RP,,0.0,1.0,1,14,0,0,0,0,0,1,0,,Away,잠실 야구장,14:00,22.3
김진호,NC,2025,2025-05-22,vs. Hanwha,RP,W,0.0,0.0,1 ⅓,18,0,0,0,0,1,0,0,,Home,창원 NC 파크,18:30,18.4
김진호,NC,2025,2025-05-17,vs. Kiwoom,RP,,13.5,3.0,0 ⅔,27,1,1,0,0,1,2,0,,Home,창원 NC 파크,17:00,22.5
김진호,NC,2025,2025-05-15,@ SSG,RP,,0.0,0.0,0 ⅔,11,0,0,0,0,1,0,0,,Away,인천 SSG 랜더스필드,18:30,18.0
김진호,NC,2025,2025-05-13,@ SSG,RP,H,0.0,3.0,0 ⅔,19,0,0,0,0,0,2,0,,Away,인천 SSG 랜더스필드,18:30,22.2
김진호,NC,2025,2025-05-11,@ Doosan,RP,H,0.0,0.0,1,17,0,0,0,0,0,0,1,,Away,잠실 야구장,14:00,19.0
김진호,NC,2025,2025-05-10,@ Doosan,RP,,0.0,0.0,0 ⅔,11,0,0,0,0,1,0,1,,Away,잠실 야구장,17:00,11.9
김진호,NC,2025,2025-05-07,@ KT,RP,H,0.0,0.0,0 ⅔,8,0,0,0,0,0,0,0,,Away,수원 KT 위즈파크,18:30,16.1
김진호,NC,2025,2025-05-05,@ KT,RP,,0.0,1.0,1,17,0,0,1,0,2,0,0,,Away,수원 KT 위즈파크,14:00,15.5
김진호,NC,2025,2025-05-03,@ Lotte,RP,,0.0,1.0,1,17,0,0,1,0,1,0,0,,Away,사직 야구장,17:00,12.9
김진호,NC,2025,2025-04-29,@ Kia,RP,,0.0,,0,3,1,1,1,0,0,0,0,,Away,광주 기아 챔피언스 필드,18:30,21.6
김진호,NC,2025,2025-04-27,@ Samsung,RP,,9.0,3.0,1,23,1,1,2,1,1,1,0,,Away,대구 삼성 라이온즈 파크,14:00,20.2
김진호,NC,2025,2025-04-25,@ Samsung,RP,,0.0,0.0,1 ⅔,27,0,0,0,0,3,0,0,,Away,대구 삼성 라이온즈 파크,18:30,16.8
김진호,NC,2025,2025-04-23,@ LG,RP,,27.0,3.0,0 ⅔,20,2,2,0,0,0,2,0,,Away,잠실 야구장,18:30,21.9
김진호,NC,2025,2025-04-22,@ LG,RP,H,0.0,1.0,1,15,0,0,0,0,0,1,0,,Away,잠실 야구장,18:30,17.5
김진호,NC,2025,2025-04-20,@ Hanwha,RP,,81.0,15.0,0 ⅓,18,3,3,4,0,1,1,0,,Away,대전 한화생명 볼파크,14:00,21.5
김진호,NC,2025,2025-04-13,vs. Lotte,RP,H,0.0,1.0,1,24,0,0,0,0,1,1,0,,Home,창원 NC 파크,14:00,12.3
김진호,NC,2025,2025-04-11,vs. Lotte,RP,,0.0,0.0,1 ⅓,17,0,0,0,0,1,0,0,,Home,창원 NC 파크,18:30,15.6
김진호,NC,2025,2025-04-09,@ KT,RP,,0.0,0.0,1,5,0,0,0,0,0,0,0,,Away,수원 KT 위즈파크,18:30,14.1
김진호,NC,2025,2025-04-06,@ Kiwoom,RP,,0.0,1.0,1,12,0,0,0,0,0,1,0,,Away,고척 스카이돔,14:00,25.5
김진호,NC,2025,2025-04-04,@ Kiwoom,RP,,27.0,6.0,0 ⅓,10,1,1,1,1,0,1,0,,Away,고척 스카이돔,18:30,25.5
김진호,NC,2025,2025-03-27,@ Samsung,RP,H,0.0,3.0,0 ⅔,15,0,0,0,0,0,2,0,,Away,대구 삼성 라이온즈 파크,18:30,17.1
김진호,NC,2025,2025-03-26,@ Samsung,RP,,0.0,0.5,2,28,0,0,1,0,3,0,0,,Away,대구 삼성 라이온즈 파크,18:30,16.0
김영규,NC,2025,2025-07-09,vs. Samsung,RP,H,0.0,3.0,1,14,0,0,3,0,0,0,0,,Home,창원 NC 파크,18:30,30.8
김영규,NC,2025,2025-07-08,vs. Samsung,RP,H,0.0,1.0,1,13,0,0,1,0,0,0,0,,Home,창원 NC 파크,18:30,32.8
김영규,NC,2025,2025-07-06,vs. SSG,RP,H,0.0,0.0,1,12,0,0,0,0,0,0,0,,Home,창원 NC 파크,17:00,32.8
김영규,NC,2025,2025-07-03,@ Hanwha,RP,,9.0,2.0,1,23,1,1,2,1,1,0,0,,Away,대전 한화생명 볼파크,18:30,32.0
김영규,NC,2025,2025-07-01,@ Hanwha,RP,L,0.0,1.5,0 ⅔,17,2,0,1,0,0,0,0,,Away,대전 한화생명 볼파크,18:30,33.2
김영규,NC,2025,2025-06-29,vs. Doosan,RP,,0.0,0.0,1,4,0,0,0,0,0,0,0,,Home,창원 NC 파크,17:00,31.6
김영규,NC,2025,2025-06-27,vs. Doosan,RP,,9.0,3.0,1,19,2,1,2,0,1,1,0,,Home,창원 NC 파크,18:30,29.0
김영규,NC,2025,2025-06-25,vs. Lotte,RP,H,0.0,0.0,1,14,0,0,0,0,2,0,0,,Home,창원 NC 파크,18:30,25.2
김영규,NC,2025,2025-06-21,@ KT,RP,H,0.0,0.0,1,16,0,0,0,0,0,0,0,,Away,수원 KT 위즈파크,17:00,24.3
김영규,NC,2025,2025-06-19,@ LG,RP,H,0.0,1.0,1,19,0,0,1,0,1,0,0,,Away,잠실 야구장,18:30,30.9
김영규,NC,2025,2025-06-17,@ LG,RP,H,0.0,0.0,0 ⅓,4,0,0,0,0,0,0,0,,Away,잠실 야구장,18:30,28.6
김영규,NC,2025,2025-06-14,vs. Kia,RP,,0.0,1.0,1,11,0,0,0,0,0,1,0,,Home,창원 NC 파크,17:00,27.3
이준혁,NC,2025,2025-07-08,vs. Samsung,RP,W,0.0,0.5,2,20,0,0,1,0,2,0,0,,Home,창원 NC 파크,18:30,32.8
이준혁,NC,2025,2025-06-26,vs. Lotte,RP,L,36.0,3.0,1,22,4,4,3,2,0,0,1,,Home,창원 NC 파크,18:30,27.7
이준혁,NC,2025,2025-06-21,@ KT,RP,,0.0,0.0,0 ⅔,3,0,0,0,0,0,0,0,,Away,수원 KT 위즈파크,17:00,24.3
이준혁,NC,2025,2025-06-18,@ LG,RP,,81.0,9.0,0 ⅓,18,3,3,3,0,1,0,0,,Away,잠실 야구장,18:30,28.4
이준혁,NC,2025,2025-06-14,vs. Kia,RP,,9.0,1.0,2,41,2,2,1,0,2,1,0,,Home,창원 NC 파크,17:00,27.3
이준혁,NC,2025,2025-06-12,@ Kiwoom,RP,,0.0,0.6,1 ⅔,24,0,0,1,0,2,0,0,,Away,고척 스카이돔,18:30,25.5
이준혁,NC,2025,2025-06-06,@ Samsung,RP,,0.0,0.0,2,35,0,0,0,0,1,0,1,,Away,대구 삼성 라이온즈 파크,18:30,21.7
이준혁,NC,2025,2025-06-01,vs. Hanwha,SP,,10.13,1.88,2 ⅔,62,3,3,4,1,3,1,1,39.0,Home,창원 NC 파크,17:00,23.3
이준혁,NC,2025,2025-05-05,@ KT,RP,,18.0,3.0,1,25,2,2,3,1,0,0,0,,Away,수원 KT 위즈파크,14:00,15.5
이준혁,NC,2025,2025-05-03,@ Lotte,RP,,5.4,2.4,1 ⅔,28,1,1,4,1,0,0,0,,Away,사직 야구장,17:00,12.9
류진욱,NC,2025,2025-07-10,vs. Samsung,RP,W,0.0,1.2,1 ⅔,32,0,0,2,0,1,0,0,,Home,창원 NC 파크,18:30,30.5
류진욱,NC,2025,2025-07-08,vs. Samsung,RP,SV,18.0,3.0,1,31,2,2,1,0,2,2,0,,Home,창원 NC 파크,18:30,32.8
류진욱,NC,2025,2025-07-06,vs. SSG,RP,SV,0.0,0.0,0 ⅔,10,0,0,0,0,1,0,0,,Home,창원 NC 파크,17:00,32.8
류진욱,NC,2025,2025-07-03,@ Hanwha,RP,,0.0,2.0,2,29,1,0,2,0,0,2,0,,Away,대전 한화생명 볼파크,18:30,32.0
류진욱,NC,2025,2025-07-02,@ Hanwha,RP,SV,0.0,0.0,1 ⅓,11,0,0,0,0,0,0,1,,Away,대전 한화생명 볼파크,18:30,32.4
류진욱,NC,2025,2025-06-29,vs. Doosan,RP,,27.0,4.5,0 ⅔,18,2,2,2,0,0,1,0,,Home,창원 NC 파크,17:00,31.6
류진욱,NC,2025,2025-06-28,vs. Doosan,RP,SV,0.0,1.0,1,6,0,0,1,0,1,0,0,,Home,창원 NC 파크,17:00,30.9
류진욱,NC,2025,2025-06-27,vs. Doosan,RP,SV,0.0,0.0,1,8,0,0,0,0,0,0,0,,Home,창원 NC 파크,18:30,29.0
류진욱,NC,2025,2025-06-25,vs. Lotte,RP,,0.0,0.0,1,9,0,0,0,0,0,0,0,,Home,창원 NC 파크,18:30,25.2
류진욱,NC,2025,2025-06-22,@ KT,RP,SV,0.0,0.0,1,17,0,0,0,0,1,0,0,,Away,수원 KT 위즈파크,17:00,26.8
류진욱,NC,2025,2025-06-21,@ KT,RP,,0.0,,0,1,1,1,0,0,0,0,1,,Away,수원 KT 위즈파크,17:00,24.3
류진욱,NC,2025,2025-06-19,@ LG,RP,SV,0.0,1.0,1,8,0,0,1,0,0,0,0,,Away,잠실 야구장,18:30,30.9
류진욱,NC,2025,2025-06-18,@ LG,RP,L,13.5,3.0,0 ⅔,18,1,1,1,0,0,1,0,,Away,잠실 야구장,18:30,28.4
류진욱,NC,2025,2025-06-17,@ LG,RP,,0.0,0.0,1,11,0,0,0,0,1,0,0,,Away,잠실 야구장,18:30,28.6
류진욱,NC,2025,2025-06-15,vs. Kia,RP,,0.0,0.0,1,13,0,0,0,0,2,0,0,,Home,창원 NC 파크,17:00,28.6
류진욱,NC,2025,2025-06-12,@ Kiwoom,RP,W,0.0,0.5,2,33,0,0,1,0,2,0,0,,Away,고척 스카이돔,18:30,25.5
류진욱,NC,2025,2025-06-10,@ Kiwoom,RP,,0.0,0.0,1,15,0,0,0,0,1,0,0,,Away,고척 스카이돔,18:30,25.5
류진욱,NC,2025,2025-06-07,@ Samsung,RP,,0.0,2.0,1,20,0,0,2,0,1,0,0,,Away,대구 삼성 라이온즈 파크,17:00,23.6
류진욱,NC,2025,2025-06-04,vs. LG,RP,SV,9.0,2.0,1,24,1,1,1,1,2,1,0,,Home,창원 NC 파크,18:30,23.8
류진욱,NC,2025,2025-05-31,vs. Hanwha,RP,L,0.0,,0,24,5,5,3,0,0,2,0,,Home,창원 NC 파크,17:00,26.8
류진욱,NC,2025,2025-05-27,@ SSG,RP,,0.0,2.0,1,20,0,0,1,0,1,1,0,,Away,인천 SSG 랜더스필드,18:30,20.6
류진욱,NC,2025,2025-05-24,@ Doosan,RP,,0.0,2.0,1,18,0,0,1,0,1,1,0,,Away,잠실 야구장,17:00,18.9
류진욱,NC,2025,2025-05-22,vs. Hanwha,RP,SV,0.0,0.0,1,12,0,0,0,0,2,0,0,,Home,창원 NC 파크,18:30,18.4
류진욱,NC,2025,2025-05-21,vs. Hanwha,RP,SV,0.0,2.0,1,20,0,0,2,0,1,0,0,,Home,창원 NC 파크,18:30,23.5
류진욱,NC,2025,2025-05-18,vs. Kiwoom,RP,,0.0,0.0,1,9,0,0,0,0,0,0,0,,Home,창원 NC 파크,14:00,20.6
류진욱,NC,2025,2025-05-17,vs. Kiwoom,RP,SV,0.0,0.0,1,11,0,0,0,0,3,0,0,,Home,창원 NC 파크,17:00,22.5
류진욱,NC,2025,2025-05-14,@ SSG,RP,SV,0.0,1.0,1,14,0,0,1,0,1,0,0,,Away,인천 SSG 랜더스필드,18:30,22.2
류진욱,NC,2025,2025-05-11,@ Doosan,RP,SV,0.0,2.0,1,20,0,0,1,0,2,1,0,,Away,잠실 야구장,14:00,19.0
류진욱,NC,2025,2025-05-10,@ Doosan,RP,,5.4,1.8,1 ⅔,28,1,1,1,1,0,2,0,,Away,잠실 야구장,17:00,11.9
류진욱,NC,2025,2025-05-06,@ KT,RP,SV,0.0,0.75,1 ⅓,13,0,0,1,0,0,0,0,,Away,수원 KT 위즈파크,18:30,16.1
류진욱,NC,2025,2025-05-04,@ Lotte,RP,SV,0.0,0.0,1,11,0,0,0,0,1,0,0,,Away,사직 야구장,14:00,20.7
류진욱,NC,2025,2025-05-03,@ Lotte,RP,,0.0,0.0,1,12,0,0,0,0,0,0,0,,Away,사직 야구장,17:00,12.9
류진욱,NC,2025,2025-04-30,@ Kia,RP,,0.0,0.0,1,6,0,0,0,0,0,0,0,,Away,광주 기아 챔피언스 필드,18:30,23.0
류진욱,NC,2025,2025-04-24,@ LG,RP,SV,0.0,1.0,1,13,0,0,1,0,1,0,0,,Away,잠실 야구장,18:30,17.0
류진욱,NC,2025,2025-04-22,@ LG,RP,W,9.0,3.0,1,25,1,1,2,1,1,1,0,,Away,잠실 야구장,18:30,17.5
류진욱,NC,2025,2025-04-20,@ Hanwha,RP,,0.0,3.0,0 ⅔,19,0,0,1,0,0,1,0,,Away,대전 한화생명 볼파크,14:00,21.5
류진욱,NC,2025,2025-04-13,vs. Lotte,RP,SV,0.0,0.75,1 ⅓,19,0,0,1,0,2,0,0,,Home,창원 NC 파크,14:00,12.3
류진욱,NC,2025,2025-04-11,vs. Lotte,RP,,9.0,2.0,1,15,1,1,1,0,0,1,0,,Home,창원 NC 파크,18:30,15.6
류진욱,NC,2025,2025-04-05,@ Kiwoom,RP,SV,0.0,0.0,1,11,0,0,0,0,0,0,1,,Away,고척 스카이돔,17:00,25.5
류진욱,NC,2025,2025-03-28,vs. LG,RP,,9.0,3.0,1,22,3,1,2,0,1,1,0,,Home,창원 NC 파크,18:30,12.2
류진욱,NC,2025,2025-03-26,@ Samsung,RP,,18.0,2.0,1,20,2,2,2,1,0,0,0,,Away,대구 삼성 라이온즈 파크,18:30,16.0
류진욱,NC,2025,2025-03-23,@ Kia,RP,SV,9.0,1.0,1,15,1,1,1,1,1,0,0,,Away,광주 기아 챔피언스 필드,14:00,23.6
신민혁,NC,2025,2025-07-09,vs. Samsung,SP,W,0.0,0.67,6,90,0,0,3,0,2,1,1,66.0,Home,창원 NC 파크,18:30,30.8
신민혁,NC,2025,2025-07-03,@ Hanwha,SP,,13.5,2.4,3 ⅓,69,5,5,8,1,2,0,0,26.0,Away,대전 한화생명 볼파크,18:30,32.0
신민혁,NC,2025,2025-06-27,vs. Doosan,SP,,9.0,2.0,5,88,5,5,10,3,2,0,0,29.0,Home,창원 NC 파크,18:30,29.0
신민혁,NC,2025,2025-06-19,@ LG,SP,W,0.0,0.57,7,91,0,0,3,0,7,1,1,76.0,Away,잠실 야구장,18:30,30.9
신민혁,NC,2025,2025-06-13,vs. Kia,SP,W,1.8,1.2,5,77,1,1,5,1,1,1,0,53.0,Home,창원 NC 파크,18:30,24.4
신민혁,NC,2025,2025-06-07,@ Samsung,SP,,10.8,2.4,1 ⅔,43,6,2,3,1,0,1,0,32.0,Away,대구 삼성 라이온즈 파크,17:00,23.6
신민혁,NC,2025,2025-05-27,@ SSG,SP,,1.5,0.5,6,90,1,1,3,0,4,0,0,66.0,Away,인천 SSG 랜더스필드,18:30,20.6
신민혁,NC,2025,2025-05-21,vs. Hanwha,SP,W,3.0,0.83,6,101,2,2,4,0,4,1,0,59.0,Home,창원 NC 파크,18:30,23.5
신민혁,NC,2025,2025-05-15,@ SSG,SP,L,5.06,1.13,5 ⅓,90,3,3,6,1,2,0,0,46.0,Away,인천 SSG 랜더스필드,18:30,18.0
신민혁,NC,2025,2025-05-10,@ Doosan,SP,,4.5,1.33,6,98,3,3,8,1,1,0,0,45.0,Away,잠실 야구장,17:00,11.9
신민혁,NC,2025,2025-05-03,@ Lotte,SP,,16.2,3.0,1 ⅔,44,3,3,4,0,1,1,0,35.0,Away,사직 야구장,17:00,12.9
신민혁,NC,2025,2025-04-27,@ Samsung,SP,L,6.75,2.0,4,90,3,3,6,2,3,2,0,39.0,Away,대구 삼성 라이온즈 파크,14:00,20.2
신민혁,NC,2025,2025-04-22,@ LG,SP,,4.76,1.24,5 ⅔,106,3,3,5,1,4,2,0,49.0,Away,잠실 야구장,18:30,17.5
신민혁,NC,2025,2025-04-12,vs. Lotte,SP,L,3.6,1.8,5,91,2,2,7,0,2,2,0,45.0,Home,창원 NC 파크,17:00,13.9
신민혁,NC,2025,2025-04-06,@ Kiwoom,SP,,3.6,1.0,5,85,2,2,3,0,5,2,1,55.0,Away,고척 스카이돔,14:00,25.5
신민혁,NC,2025,2025-03-26,@ Samsung,SP,W,3.6,0.6,5,77,2,2,2,0,5,1,0,59.0,Away,대구 삼성 라이온즈 파크,18:30,16.0
곽빈,Doosan,2025,2025-07-09,@ Lotte,SP,,1.29,1.0,7,103,3,1,5,0,5,2,0,62.0,Away,사직 야구장,18:30,29.7
곽빈,Doosan,2025,2025-07-03,vs. Samsung,SP,,0.0,0.83,6,95,0,0,2,0,5,3,0,70.0,Home,잠실 야구장,18:30,31.2
곽빈,Doosan,2025,2025-06-27,@ NC,SP,,10.13,1.88,5 ⅓,89,7,6,9,1,6,1,1,28.0,Away,창원 NC 파크,18:30,29.0
곽빈,Doosan,2025,2025-06-21,@ LG,SP,W,6.0,1.5,6,102,4,4,7,1,2,2,0,42.0,Away,잠실 야구장,17:00,25.6
곽빈,Doosan,2025,2025-06-15,vs. Kiwoom,SP,W,2.35,0.78,7 ⅔,94,2,2,6,1,3,0,0,62.0,Home,잠실 야구장,17:00,30.2
곽빈,Doosan,2025,2025-06-08,vs. Lotte,SP,L,3.6,1.6,5,87,2,2,6,0,4,2,0,49.0,Home,잠실 야구장,17:00,28.5
곽빈,Doosan,2025,2025-06-03,vs. Kia,SP,L,9.0,1.67,3,66,3,3,1,0,6,4,1,46.0,Home,잠실 야구장,18:30,22.8
어빈,Doosan,2025,2025-07-02,vs. Samsung,SP,W,0.0,1.5,5 ⅓,95,0,0,6,0,2,2,1,55.0,Home,잠실 야구장,18:30,31.3
어빈,Doosan,2025,2025-06-26,vs. SSG,SP,,2.7,2.4,3 ⅓,71,1,1,7,0,1,1,0,42.0,Home,잠실 야구장,18:30,25.9
어빈,Doosan,2025,2025-06-17,@ Samsung,SP,L,27.0,5.63,2 ⅔,96,8,8,13,2,3,2,0,1.0,Away,대구 삼성 라이온즈 파크,18:30,25.3
어빈,Doosan,2025,2025-06-10,@ Hanwha,SP,L,1.5,0.33,6,81,1,1,2,0,6,0,1,69.0,Away,대전 한화생명 볼파크,18:30,26.6
어빈,Doosan,2025,2025-05-29,@ KT,SP,L,11.57,2.57,4 ⅔,91,7,6,7,0,2,5,1,20.0,Away,수원 KT 위즈파크,18:30,22.5
어빈,Doosan,2025,2025-05-23,vs. NC,SP,,0.0,0.67,6,97,0,0,1,0,4,3,1,70.0,Home,잠실 야구장,18:30,21.1
어빈,Doosan,2025,2025-05-17,@ Kia,SP,L,4.76,1.76,5 ⅔,116,3,3,6,1,8,4,0,49.0,Away,광주 기아 챔피언스 필드,17:00,21.7
어빈,Doosan,2025,2025-05-11,vs. NC,SP,L,30.86,3.0,2 ⅓,65,8,8,3,0,1,4,3,13.0,Home,잠실 야구장,14:00,19.0
어빈,Doosan,2025,2025-05-05,vs. LG,SP,W,1.5,1.17,6,76,1,1,4,0,5,3,1,61.0,Home,잠실 야구장,14:00,14.8
어빈,Doosan,2025,2025-04-30,vs. KT,SP,L,8.53,1.58,6 ⅓,89,6,6,8,0,2,2,1,32.0,Home,잠실 야구장,18:30,24.1
어빈,Doosan,2025,2025-04-24,@ Kiwoom,SP,W,0.0,1.0,6,102,0,0,2,0,4,4,1,67.0,Away,고척 스카이돔,18:30,25.5
어빈,Doosan,2025,2025-04-18,vs. Kia,SP,W,1.42,0.79,6 ⅓,96,1,1,2,1,4,3,0,66.0,Home,잠실 야구장,18:30,22.4
어빈,Doosan,2025,2025-04-09,vs. Hanwha,SP,L,3.0,1.33,6,103,5,2,5,0,8,3,1,52.0,Home,잠실 야구장,18:30,14.9
어빈,Doosan,2025,2025-04-03,vs. Kiwoom,SP,W,1.5,1.0,6,88,1,1,5,0,6,1,0,63.0,Home,잠실 야구장,18:30,12.8
어빈,Doosan,2025,2025-03-28,vs. Samsung,SP,W,0.0,0.71,7,87,0,0,3,0,4,2,0,73.0,Home,잠실 야구장,18:30,6.7
김택연,Doosan,2025,2025-07-09,@ Lotte,RP,,9.0,1.0,1,14,1,1,0,0,0,1,0,,Away,사직 야구장,18:30,29.7
김택연,Doosan,2025,2025-07-08,@ Lotte,RP,SV,0.0,1.0,1,19,0,0,1,0,2,0,0,,Away,사직 야구장,18:30,32.4
김택연,Doosan,2025,2025-07-06,vs. KT,RP,SV,9.0,2.0,1,22,1,1,1,0,1,1,1,,Home,잠실 야구장,17:00,32.5
김택연,Doosan,2025,2025-07-05,vs. KT,RP,,0.0,0.0,1,10,0,0,0,0,1,0,0,,Home,잠실 야구장,18:00,31.6
김택연,Doosan,2025,2025-07-04,vs. KT,RP,,0.0,0.0,1,15,0,0,0,0,2,0,0,,Home,잠실 야구장,18:30,30.1
김택연,Doosan,2025,2025-06-29,@ NC,RP,SV,0.0,0.0,1 ⅓,23,0,0,0,0,2,0,1,,Away,창원 NC 파크,17:00,31.6
김택연,Doosan,2025,2025-06-27,@ NC,RP,L,0.0,2.0,1,15,1,0,1,0,1,1,0,,Away,창원 NC 파크,18:30,29.0
김택연,Doosan,2025,2025-06-21,@ LG,RP,SV,9.0,3.0,1,27,1,1,1,0,0,2,0,,Away,잠실 야구장,17:00,25.6
김택연,Doosan,2025,2025-06-19,@ Samsung,RP,SV,0.0,3.0,1,29,0,0,1,0,1,2,0,,Away,대구 삼성 라이온즈 파크,18:30,27.6
김택연,Doosan,2025,2025-06-18,@ Samsung,RP,L,20.25,2.25,1 ⅓,20,3,3,2,1,0,1,0,,Away,대구 삼성 라이온즈 파크,18:30,23.1
김택연,Doosan,2025,2025-06-15,vs. Kiwoom,RP,SV,0.0,1.5,1 ⅓,24,0,0,0,0,3,2,0,,Home,잠실 야구장,17:00,30.2
김택연,Doosan,2025,2025-06-14,vs. Kiwoom,RP,SV,0.0,1.0,1,18,0,0,1,0,2,0,1,,Home,잠실 야구장,17:00,31.4
김택연,Doosan,2025,2025-06-12,@ Hanwha,RP,,0.0,0.0,1,17,0,0,0,0,1,0,0,,Away,대전 한화생명 볼파크,18:30,27.0
김택연,Doosan,2025,2025-06-08,vs. Lotte,RP,,0.0,1.0,1,22,0,0,0,0,2,1,0,,Home,잠실 야구장,17:00,28.5
김택연,Doosan,2025,2025-06-05,vs. Kia,RP,W,0.0,1.0,2,32,0,0,2,0,4,0,0,,Home,잠실 야구장,18:30,23.9
김택연,Doosan,2025,2025-06-01,@ Kiwoom,RP,,0.0,0.0,1 ⅔,22,0,0,0,0,3,0,0,,Away,고척 스카이돔,14:00,25.5
김택연,Doosan,2025,2025-05-30,@ Kiwoom,RP,,0.0,1.5,0 ⅔,20,0,0,1,0,2,0,0,,Away,고척 스카이돔,18:30,25.5
김택연,Doosan,2025,2025-05-25,vs. NC,RP,SV,0.0,0.0,1 ⅔,17,0,0,0,0,1,0,0,,Home,잠실 야구장,14:00,22.3
김택연,Doosan,2025,2025-05-23,vs. NC,RP,,0.0,,0,5,0,0,0,0,0,1,0,,Home,잠실 야구장,18:30,21.1
김택연,Doosan,2025,2025-05-22,vs. SSG,RP,SV,9.0,2.0,1,29,1,1,2,0,1,0,0,,Home,잠실 야구장,18:30,26.9
김택연,Doosan,2025,2025-05-20,vs. SSG,RP,,0.0,0.0,1,11,0,0,0,0,1,0,0,,Home,잠실 야구장,18:30,25.2
김택연,Doosan,2025,2025-05-18,@ Kia,RP,,0.0,2.25,1 ⅓,28,0,0,2,0,2,1,0,,Away,광주 기아 챔피언스 필드,14:00,22.9
김택연,Doosan,2025,2025-05-17,@ Kia,RP,,0.0,1.0,1,19,0,0,1,0,1,0,0,,Away,광주 기아 챔피언스 필드,17:00,21.7
김택연,Doosan,2025,2025-05-14,@ Hanwha,RP,,0.0,1.0,1,10,0,0,1,0,1,0,0,,Away,대전 한화생명 볼파크,18:30,26.4
김택연,Doosan,2025,2025-05-13,@ Hanwha,RP,,0.0,2.0,1,26,2,0,1,1,1,1,0,,Away,대전 한화생명 볼파크,18:30,24.2
김택연,Doosan,2025,2025-05-11,vs. NC,RP,,0.0,0.0,1,18,0,0,0,0,2,0,0,,Home,잠실 야구장,14:00,19.0
김택연,Doosan,2025,2025-05-10,vs. NC,RP,,18.0,2.0,1,17,2,2,2,1,1,0,0,,Home,잠실 야구장,17:00,11.9
김택연,Doosan,2025,2025-05-07,vs. LG,RP,SV,0.0,1.5,1 ⅓,23,0,0,0,0,1,2,0,,Home,잠실 야구장,18:30,18.1
김택연,Doosan,2025,2025-05-05,vs. LG,RP,SV,0.0,1.0,1,18,0,0,1,0,2,0,0,,Home,잠실 야구장,14:00,14.8
김택연,Doosan,2025,2025-05-04,@ Samsung,RP,,9.0,1.0,1,16,1,1,1,0,2,0,0,,Away,대구 삼성 라이온즈 파크,14:00,20.7
김택연,Doosan,2025,2025-05-01,vs. KT,RP,,18.0,2.0,1,27,2,2,1,1,2,1,0,,Home,잠실 야구장,18:30,14.4
김택연,Doosan,2025,2025-04-26,vs. Lotte,RP,,13.5,1.5,1 ⅓,25,2,2,1,0,1,1,1,,Home,잠실 야구장,17:00,17.8
김택연,Doosan,2025,2025-04-20,vs. Kia,RP,,9.0,2.0,1,22,3,1,2,0,1,0,0,,Home,잠실 야구장,14:00,22.5
김택연,Doosan,2025,2025-04-13,@ LG,RP,,0.0,1.0,1,12,0,0,0,0,1,1,0,,Away,잠실 야구장,14:00,-0.1
김택연,Doosan,2025,2025-04-08,vs. Hanwha,RP,,0.0,0.0,2,22,0,0,0,0,3,0,0,,Home,잠실 야구장,18:30,16.8
김택연,Doosan,2025,2025-04-06,@ Lotte,RP,SV,0.0,0.6,1 ⅔,20,0,0,1,0,1,0,0,,Away,사직 야구장,14:00,16.6
김택연,Doosan,2025,2025-04-02,vs. Kiwoom,RP,SV,0.0,0.0,1,16,0,0,0,0,1,0,0,,Home,잠실 야구장,18:30,8.4
김택연,Doosan,2025,2025-03-30,vs. Samsung,RP,,0.0,1.0,1,14,0,0,1,0,1,0,0,,Home,잠실 야구장,14:00,3.4
김택연,Doosan,2025,2025-03-28,vs. Samsung,RP,SV,0.0,0.0,1 ⅓,19,0,0,0,0,1,0,0,,Home,잠실 야구장,18:30,6.7
김택연,Doosan,2025,2025-03-26,@ KT,RP,SV,0.0,1.0,1,19,0,0,0,0,1,1,0,,Away,수원 KT 위즈파크,18:30,24.1
이영하,Doosan,2025,2025-07-09,@ Lotte,RP,,0.0,1.0,1,18,0,0,1,0,0,0,0,,Away,사직 야구장,18:30,29.7
이영하,Doosan,2025,2025-07-06,vs. KT,RP,,0.0,0.0,1,12,0,0,0,0,1,0,0,,Home,잠실 야구장,17:00,32.5
이영하,Doosan,2025,2025-07-05,vs. KT,RP,,9.0,2.0,1,21,1,1,2,0,2,0,0,,Home,잠실 야구장,18:00,31.6
이영하,Doosan,2025,2025-07-03,vs. Samsung,RP,,0.0,3.0,0 ⅔,14,1,0,1,0,0,1,0,,Home,잠실 야구장,18:30,31.2
이영하,Doosan,2025,2025-07-02,vs. Samsung,RP,H,0.0,0.0,1 ⅔,19,0,0,0,0,3,0,0,,Home,잠실 야구장,18:30,31.3
이영하,Doosan,2025,2025-06-29,@ NC,RP,H,0.0,0.0,1,14,0,0,0,0,2,0,1,,Away,창원 NC 파크,17:00,31.6
이영하,Doosan,2025,2025-06-27,@ NC,RP,,9.0,3.0,1,30,2,1,1,0,0,2,0,,Away,창원 NC 파크,18:30,29.0
이영하,Doosan,2025,2025-06-26,vs. SSG,RP,,0.0,2.0,1,17,0,0,1,0,1,1,0,,Home,잠실 야구장,18:30,25.9
이영하,Doosan,2025,2025-06-21,@ LG,RP,H,0.0,1.0,1,19,0,0,0,0,2,1,0,,Away,잠실 야구장,17:00,25.6
이영하,Doosan,2025,2025-06-19,@ Samsung,RP,W,4.5,2.5,2,33,1,1,3,0,1,2,0,,Away,대구 삼성 라이온즈 파크,18:30,27.6
이영하,Doosan,2025,2025-06-18,@ Samsung,RP,H,0.0,0.0,1,7,0,0,0,0,1,0,0,,Away,대구 삼성 라이온즈 파크,18:30,23.1
이영하,Doosan,2025,2025-06-14,vs. Kiwoom,RP,H,0.0,0.0,1,11,0,0,0,0,2,0,0,,Home,잠실 야구장,17:00,31.4
이영하,Doosan,2025,2025-06-08,vs. Lotte,RP,,0.0,0.0,1,11,0,0,0,0,1,0,0,,Home,잠실 야구장,17:00,28.5
이영하,Doosan,2025,2025-06-06,vs. Lotte,RP,,54.0,6.0,0 ⅓,17,2,2,1,1,1,1,0,,Home,잠실 야구장,18:30,25.4
이영하,Doosan,2025,2025-06-05,vs. Kia,RP,,0.0,3.0,0 ⅓,5,0,0,0,0,0,1,0,,Home,잠실 야구장,18:30,23.9
이영하,Doosan,2025,2025-06-04,vs. Kia,RP,L,18.0,2.0,1,20,2,2,1,1,2,1,0,,Home,잠실 야구장,18:30,22.5
이영하,Doosan,2025,2025-05-30,@ Kiwoom,RP,W,0.0,0.0,1 ⅓,12,0,0,0,0,1,0,0,,Away,고척 스카이돔,18:30,25.5
이영하,Doosan,2025,2025-05-27,@ KT,RP,,0.0,0.0,1,11,0,0,0,0,1,0,0,,Away,수원 KT 위즈파크,18:30,22.9
이영하,Doosan,2025,2025-05-25,vs. NC,RP,H,0.0,3.0,0 ⅔,11,0,0,2,0,0,0,0,,Home,잠실 야구장,14:00,22.3
이영하,Doosan,2025,2025-05-23,vs. NC,RP,H,0.0,0.0,1,12,0,0,0,0,2,0,0,,Home,잠실 야구장,18:30,21.1
이영하,Doosan,2025,2025-05-22,vs. SSG,RP,,0.0,0.0,1,7,0,0,0,0,1,0,0,,Home,잠실 야구장,18:30,26.9
이영하,Doosan,2025,2025-05-20,vs. SSG,RP,,0.0,1.0,1,11,0,0,1,0,1,0,0,,Home,잠실 야구장,18:30,25.2
이영하,Doosan,2025,2025-05-18,@ Kia,RP,,0.0,1.5,1 ⅓,18,0,0,0,0,1,2,0,,Away,광주 기아 챔피언스 필드,14:00,22.9
이영하,Doosan,2025,2025-05-17,@ Kia,RP,,13.5,1.5,0 ⅔,11,1,1,0,0,0,1,0,,Away,광주 기아 챔피언스 필드,17:00,21.7
이영하,Doosan,2025,2025-05-13,@ Hanwha,RP,W,0.0,1.0,1,20,0,0,1,0,2,0,0,,Away,대전 한화생명 볼파크,18:30,24.2
이영하,Doosan,2025,2025-05-10,vs. NC,RP,,27.0,6.0,0 ⅓,11,1,1,1,0,0,1,0,,Home,잠실 야구장,17:00,11.9
이영하,Doosan,2025,2025-05-06,vs. LG,RP,,0.0,1.0,1,18,0,0,1,0,1,0,0,,Home,잠실 야구장,18:30,18.6
이영하,Doosan,2025,2025-05-02,@ Samsung,RP,,0.0,0.0,0 ⅓,5,0,0,0,0,0,0,0,,Away,대구 삼성 라이온즈 파크,18:30,19.1
이영하,Doosan,2025,2025-05-01,vs. KT,RP,,0.0,0.75,1 ⅓,26,0,0,0,0,2,1,0,,Home,잠실 야구장,18:30,14.4
이영하,Doosan,2025,2025-04-29,vs. KT,RP,,0.0,1.0,2,27,0,0,1,0,1,1,0,,Home,잠실 야구장,18:30,19.0
이영하,Doosan,2025,2025-04-26,vs. Lotte,RP,,13.5,4.5,0 ⅔,14,1,1,3,0,0,0,0,,Home,잠실 야구장,17:00,17.8
이영하,Doosan,2025,2025-04-23,@ Kiwoom,RP,,0.0,1.0,1,13,0,0,0,0,0,1,1,,Away,고척 스카이돔,18:30,25.5
이영하,Doosan,2025,2025-04-19,vs. Kia,RP,L,18.0,3.0,1,22,2,2,2,0,1,1,0,,Home,잠실 야구장,17:00,14.6
이영하,Doosan,2025,2025-04-18,vs. Kia,RP,,0.0,1.0,1,18,0,0,1,0,1,0,0,,Home,잠실 야구장,18:30,22.4
이영하,Doosan,2025,2025-04-12,@ LG,RP,,0.0,1.5,1 ⅓,19,0,0,1,0,0,1,0,,Away,잠실 야구장,17:00,17.1
이영하,Doosan,2025,2025-04-10,vs. Hanwha,RP,,0.0,,0,7,1,1,2,0,0,0,0,,Home,잠실 야구장,18:30,15.8
이영하,Doosan,2025,2025-04-09,vs. Hanwha,RP,,0.0,3.0,0 ⅓,16,0,0,0,0,1,1,0,,Home,잠실 야구장,18:30,14.9
이영하,Doosan,2025,2025-04-08,vs. Hanwha,RP,,0.0,1.5,0 ⅔,11,0,0,1,0,1,0,0,,Home,잠실 야구장,18:30,16.8
이영하,Doosan,2025,2025-04-06,@ Lotte,RP,,18.0,4.0,1,41,2,2,2,0,3,2,0,,Away,사직 야구장,14:00,16.6
이영하,Doosan,2025,2025-04-04,@ Lotte,RP,,0.0,1.0,1,15,0,0,1,0,2,0,0,,Away,사직 야구장,18:30,12.3
이영하,Doosan,2025,2025-04-02,vs. Kiwoom,RP,W,0.0,0.5,2,29,0,0,1,0,5,0,0,,Home,잠실 야구장,18:30,8.4
이영하,Doosan,2025,2025-03-30,vs. Samsung,RP,,0.0,1.0,1,14,0,0,0,0,0,1,0,,Home,잠실 야구장,14:00,3.4
이영하,Doosan,2025,2025-03-28,vs. Samsung,RP,H,0.0,4.5,0 ⅔,11,0,0,3,0,1,0,0,,Home,잠실 야구장,18:30,6.7
이영하,Doosan,2025,2025-03-26,@ KT,RP,H,0.0,0.6,1 ⅔,12,0,0,1,0,1,0,0,,Away,수원 KT 위즈파크,18:30,24.1
로그,Doosan,2025,2025-07-10,@ Lotte,SP,W,0.0,0.88,8,91,0,0,4,0,3,3,0,74.0,Away,사직 야구장,18:30,29.2
로그,Doosan,2025,2025-07-04,vs. KT,SP,L,6.75,2.25,4,80,5,3,5,0,1,4,0,33.0,Home,잠실 야구장,18:30,30.1
로그,Doosan,2025,2025-06-28,@ NC,SP,,1.29,1.0,7,97,1,1,6,1,4,1,0,64.0,Away,창원 NC 파크,17:00,30.9
로그,Doosan,2025,2025-06-19,@ Samsung,SP,,12.6,1.8,5,101,7,7,6,2,6,3,1,29.0,Away,대구 삼성 라이온즈 파크,18:30,27.6
로그,Doosan,2025,2025-06-12,@ Hanwha,SP,L,4.05,1.05,6 ⅔,86,3,3,7,1,2,0,3,47.0,Away,대전 한화생명 볼파크,18:30,27.0
로그,Doosan,2025,2025-06-06,vs. Lotte,SP,W,0.0,0.33,6,90,0,0,2,0,4,0,1,71.0,Home,잠실 야구장,18:30,25.4
로그,Doosan,2025,2025-05-31,@ Kiwoom,SP,L,1.29,0.43,7,91,1,1,2,1,7,1,0,75.0,Away,고척 스카이돔,17:00,25.5
로그,Doosan,2025,2025-05-25,vs. NC,SP,W,4.5,1.17,6,92,3,3,5,0,6,2,2,52.0,Home,잠실 야구장,14:00,22.3
로그,Doosan,2025,2025-05-20,vs. SSG,SP,L,2.57,0.86,7,100,4,2,4,0,5,2,1,59.0,Home,잠실 야구장,18:30,25.2
로그,Doosan,2025,2025-05-14,@ Hanwha,SP,,0.0,0.6,3 ⅓,54,0,0,2,0,5,0,0,61.0,Away,대전 한화생명 볼파크,18:30,26.4
로그,Doosan,2025,2025-05-07,vs. LG,SP,W,2.57,0.86,7,96,2,2,5,0,7,1,0,65.0,Home,잠실 야구장,18:30,18.1
로그,Doosan,2025,2025-05-02,@ Samsung,SP,,0.0,0.5,6,82,1,0,2,0,2,1,2,65.0,Away,대구 삼성 라이온즈 파크,18:30,19.1
로그,Doosan,2025,2025-04-26,vs. Lotte,SP,,2.57,1.14,7,93,2,2,7,0,10,1,0,64.0,Home,잠실 야구장,17:00,17.8
로그,Doosan,2025,2025-04-20,vs. Kia,SP,,0.0,1.0,5,86,0,0,2,0,4,3,0,64.0,Home,잠실 야구장,14:00,22.5
로그,Doosan,2025,2025-04-10,vs. Hanwha,SP,L,6.35,1.41,5 ⅔,97,4,4,6,0,7,2,0,46.0,Home,잠실 야구장,18:30,15.8
로그,Doosan,2025,2025-04-04,@ Lotte,SP,W,4.5,1.5,6,104,3,3,7,0,6,2,0,50.0,Away,사직 야구장,18:30,12.3
로그,Doosan,2025,2025-03-29,vs. Samsung,SP,L,6.0,1.33,6,102,4,4,5,0,8,3,0,51.0,Home,잠실 야구장,17:00,1.5
로그,Doosan,2025,2025-03-23,@ SSG,SP,L,6.0,1.5,6,89,4,4,7,0,5,2,0,45.0,Away,인천 SSG 랜더스필드,14:00,18.1
박치국,Doosan,2025,2025-07-09,@ Lotte,RP,L,27.0,9.0,0 ⅓,15,1,1,2,0,1,1,0,,Away,사직 야구장,18:30,29.7
박치국,Doosan,2025,2025-07-08,@ Lotte,RP,H,0.0,0.0,1,13,0,0,0,0,2,0,0,,Away,사직 야구장,18:30,32.4
박치국,Doosan,2025,2025-07-06,vs. KT,RP,W,9.0,2.0,1,20,1,1,1,0,0,1,0,,Home,잠실 야구장,17:00,32.5
박치국,Doosan,2025,2025-07-05,vs. KT,RP,,0.0,0.0,1,11,0,0,0,0,1,0,0,,Home,잠실 야구장,18:00,31.6
박치국,Doosan,2025,2025-07-03,vs. Samsung,RP,H,0.0,0.75,1 ⅓,17,0,0,1,0,0,0,0,,Home,잠실 야구장,18:30,31.2
박치국,Doosan,2025,2025-07-02,vs. Samsung,RP,H,0.0,0.0,0 ⅔,7,0,0,0,0,2,0,0,,Home,잠실 야구장,18:30,31.3
박치국,Doosan,2025,2025-06-29,@ NC,RP,H,9.0,3.0,1,18,1,1,2,0,1,1,0,,Away,창원 NC 파크,17:00,31.6
박치국,Doosan,2025,2025-06-27,@ NC,RP,H,0.0,1.5,0 ⅔,12,0,0,0,0,1,1,0,,Away,창원 NC 파크,18:30,29.0
박치국,Doosan,2025,2025-06-26,vs. SSG,RP,,0.0,0.0,0 ⅔,10,0,0,0,0,2,0,0,,Home,잠실 야구장,18:30,25.9
박치국,Doosan,2025,2025-06-19,@ Samsung,RP,H,0.0,0.0,1,7,0,0,0,0,0,0,0,,Away,대구 삼성 라이온즈 파크,18:30,27.6
박치국,Doosan,2025,2025-06-18,@ Samsung,RP,,0.0,0.0,0 ⅓,3,0,0,0,0,0,0,1,,Away,대구 삼성 라이온즈 파크,18:30,23.1
박치국,Doosan,2025,2025-06-14,vs. Kiwoom,RP,,13.5,1.5,0 ⅔,21,1,1,0,0,1,1,0,,Home,잠실 야구장,17:00,31.4
박치국,Doosan,2025,2025-06-12,@ Hanwha,RP,,0.0,0.0,0 ⅓,2,0,0,0,0,0,0,0,,Away,대전 한화생명 볼파크,18:30,27.0
박치국,Doosan,2025,2025-06-08,vs. Lotte,RP,,0.0,0.75,1 ⅓,17,1,0,1,0,2,0,0,,Home,잠실 야구장,17:00,28.5
박치국,Doosan,2025,2025-06-06,vs. Lotte,RP,,0.0,1.0,1,16,0,0,1,0,0,0,0,,Home,잠실 야구장,18:30,25.4
박치국,Doosan,2025,2025-06-05,vs. Kia,RP,,0.0,0.0,0 ⅔,5,0,0,0,0,1,0,0,,Home,잠실 야구장,18:30,23.9
박치국,Doosan,2025,2025-06-03,vs. Kia,RP,,27.0,6.0,0 ⅔,26,3,2,4,0,1,0,0,,Home,잠실 야구장,18:30,22.8
박치국,Doosan,2025,2025-05-30,@ Kiwoom,RP,,0.0,0.0,0 ⅔,3,0,0,0,0,0,0,0,,Away,고척 스카이돔,18:30,25.5
박치국,Doosan,2025,2025-05-27,@ KT,RP,,0.0,0.0,1,11,0,0,0,0,1,0,0,,Away,수원 KT 위즈파크,18:30,22.9
박치국,Doosan,2025,2025-05-25,vs. NC,RP,H,0.0,0.0,0 ⅔,9,0,0,0,0,1,0,0,,Home,잠실 야구장,14:00,22.3
박치국,Doosan,2025,2025-05-24,vs. NC,RP,,0.0,0.0,1,12,0,0,0,0,0,0,0,,Home,잠실 야구장,17:00,18.9
박치국,Doosan,2025,2025-05-22,vs. SSG,RP,,4.5,1.0,2,24,1,1,1,1,1,1,0,,Home,잠실 야구장,18:30,26.9
박치국,Doosan,2025,2025-05-20,vs. SSG,RP,,0.0,,0,4,1,1,2,0,0,0,0,,Home,잠실 야구장,18:30,25.2
박치국,Doosan,2025,2025-05-18,@ Kia,RP,L,27.0,6.0,0 ⅓,12,1,1,2,0,0,0,1,,Away,광주 기아 챔피언스 필드,14:00,22.9
박치국,Doosan,2025,2025-05-14,@ Hanwha,RP,H,0.0,0.0,1 ⅔,19,0,0,0,0,1,0,0,,Away,대전 한화생명 볼파크,18:30,26.4
박치국,Doosan,2025,2025-05-13,@ Hanwha,RP,SV,0.0,1.0,1,9,0,0,1,0,1,0,0,,Away,대전 한화생명 볼파크,18:30,24.2
박치국,Doosan,2025,2025-05-11,vs. NC,RP,,0.0,0.0,0 ⅔,11,0,0,0,0,1,0,0,,Home,잠실 야구장,14:00,19.0
박치국,Doosan,2025,2025-05-10,vs. NC,RP,,0.0,0.75,1 ⅓,16,0,0,1,0,2,0,0,,Home,잠실 야구장,17:00,11.9
박치국,Doosan,2025,2025-05-05,vs. LG,RP,,13.5,3.0,0 ⅔,20,1,1,1,0,1,1,0,,Home,잠실 야구장,14:00,14.8
박치국,Doosan,2025,2025-05-04,@ Samsung,RP,,0.0,2.0,1,15,0,0,1,0,0,1,0,,Away,대구 삼성 라이온즈 파크,14:00,20.7
박치국,Doosan,2025,2025-05-02,@ Samsung,RP,,13.5,4.5,0 ⅔,25,1,1,3,0,1,0,0,,Away,대구 삼성 라이온즈 파크,18:30,19.1
박치국,Doosan,2025,2025-05-01,vs. KT,RP,H,0.0,0.0,1 ⅓,19,0,0,0,0,3,0,0,,Home,잠실 야구장,18:30,14.4
박치국,Doosan,2025,2025-04-29,vs. KT,RP,,0.0,0.75,1 ⅓,19,0,0,0,0,1,1,0,,Home,잠실 야구장,18:30,19.0
박치국,Doosan,2025,2025-04-27,vs. Lotte,RP,,0.0,0.0,0 ⅓,6,0,0,0,0,0,0,0,,Home,잠실 야구장,14:00,18.8
박치국,Doosan,2025,2025-04-25,vs. Lotte,RP,,0.0,3.0,0 ⅔,15,3,0,2,0,1,0,0,,Home,잠실 야구장,18:30,15.5
박치국,Doosan,2025,2025-04-23,@ Kiwoom,RP,,0.0,1.5,1 ⅓,23,0,0,2,0,3,0,0,,Away,고척 스카이돔,18:30,25.5
박치국,Doosan,2025,2025-04-20,vs. Kia,RP,,0.0,0.0,0 ⅓,6,0,0,0,0,1,0,0,,Home,잠실 야구장,14:00,22.5
박치국,Doosan,2025,2025-04-13,@ LG,RP,W,0.0,0.0,0 ⅓,12,0,0,0,0,1,0,1,,Away,잠실 야구장,14:00,-0.1
박치국,Doosan,2025,2025-04-12,@ LG,RP,,0.0,0.75,1 ⅓,26,0,0,0,0,1,1,0,,Away,잠실 야구장,17:00,17.1
박치국,Doosan,2025,2025-04-09,vs. Hanwha,RP,,0.0,1.0,1,12,0,0,1,0,1,0,1,,Home,잠실 야구장,18:30,14.9
박치국,Doosan,2025,2025-04-08,vs. Hanwha,RP,,27.0,6.0,0 ⅓,11,1,1,2,0,1,0,0,,Home,잠실 야구장,18:30,16.8
박치국,Doosan,2025,2025-04-06,@ Lotte,RP,,0.0,1.0,1,25,0,0,0,0,1,1,1,,Away,사직 야구장,14:00,16.6
박치국,Doosan,2025,2025-04-05,@ Lotte,RP,,0.0,0.0,1,15,0,0,0,0,2,0,0,,Away,사직 야구장,17:00,13.4
박치국,Doosan,2025,2025-04-03,vs. Kiwoom,RP,,0.0,1.0,1,14,0,0,1,0,1,0,0,,Home,잠실 야구장,18:30,12.8
박치국,Doosan,2025,2025-03-29,vs. Samsung,RP,,18.0,4.0,1,31,3,2,3,0,0,1,0,,Home,잠실 야구장,17:00,1.5
박치국,Doosan,2025,2025-03-27,@ KT,RP,,0.0,0.0,1,9,0,0,0,0,1,0,0,,Away,수원 KT 위즈파크,18:30,11.8
박치국,Doosan,2025,2025-03-23,@ SSG,RP,,0.0,,0,5,1,1,2,0,0,0,0,,Away,인천 SSG 랜더스필드,14:00,18.1
박정수,Doosan,2025,2025-07-08,@ Lotte,RP,,0.0,1.0,1,12,0,0,1,0,0,0,0,,Away,사직 야구장,18:30,32.4
박정수,Doosan,2025,2025-07-04,vs. KT,RP,,0.0,3.0,1,22,0,0,3,0,1,0,0,,Home,잠실 야구장,18:30,30.1
박정수,Doosan,2025,2025-06-11,@ Hanwha,RP,,9.0,2.0,2,38,2,2,4,0,0,0,2,,Away,대전 한화생명 볼파크,18:30,25.3
박정수,Doosan,2025,2025-06-10,@ Hanwha,RP,,0.0,0.0,0 ⅔,5,0,0,0,0,0,0,0,,Away,대전 한화생명 볼파크,18:30,26.6
박정수,Doosan,2025,2025-06-07,vs. Lotte,RP,,0.0,1.0,2,21,0,0,1,0,1,1,0,,Home,잠실 야구장,17:00,27.0
박정수,Doosan,2025,2025-06-04,vs. Kia,RP,,0.0,,0,10,0,0,1,0,0,0,0,,Home,잠실 야구장,18:30,22.5
박정수,Doosan,2025,2025-05-21,vs. SSG,RP,,0.0,,0,11,3,3,1,0,0,2,0,,Home,잠실 야구장,18:30,27.8
박정수,Doosan,2025,2025-05-15,@ Hanwha,RP,W,0.0,0.5,4,39,0,0,1,0,0,1,1,,Away,대전 한화생명 볼파크,18:30,22.7
박정수,Doosan,2025,2025-04-19,vs. Kia,RP,,9.0,4.0,1,21,1,1,3,0,1,1,0,,Home,잠실 야구장,17:00,14.6
박정수,Doosan,2025,2025-04-12,@ LG,RP,,27.0,3.0,0 ⅓,11,1,1,0,0,0,1,0,,Away,잠실 야구장,17:00,17.1
박정수,Doosan,2025,2025-04-11,@ LG,RP,,0.0,1.5,0 ⅔,7,0,0,1,0,0,0,0,,Away,잠실 야구장,18:30,21.7
박정수,Doosan,2025,2025-04-09,vs. Hanwha,RP,,0.0,6.0,0 ⅓,10,0,0,2,0,1,0,0,,Home,잠실 야구장,18:30,14.9
박정수,Doosan,2025,2025-04-06,@ Lotte,RP,,9.0,3.0,1,25,1,1,2,0,2,1,0,,Away,사직 야구장,14:00,16.6
박정수,Doosan,2025,2025-04-05,@ Lotte,RP,,13.5,4.5,0 ⅔,19,2,1,3,0,0,0,0,,Away,사직 야구장,17:00,13.4
박정수,Doosan,2025,2025-04-03,vs. Kiwoom,RP,,0.0,1.0,1,13,0,0,1,0,2,0,0,,Home,잠실 야구장,18:30,12.8
박정수,Doosan,2025,2025-03-29,vs. Samsung,RP,,27.0,3.0,0 ⅓,4,1,1,1,0,0,0,0,,Home,잠실 야구장,17:00,1.5
박정수,Doosan,2025,2025-03-26,@ KT,RP,H,0.0,0.0,0 ⅔,10,0,0,0,0,0,0,0,,Away,수원 KT 위즈파크,18:30,24.1
박정수,Doosan,2025,2025-03-25,@ KT,RP,,0.0,0.0,0 ⅓,5,0,0,0,0,0,0,0,,Away,수원 KT 위즈파크,18:30,12.6
박정수,Doosan,2025,2025-03-23,@ SSG,RP,,0.0,0.0,0 ⅔,7,0,0,0,0,1,0,0,,Away,인천 SSG 랜더스필드,14:00,18.1
박신지,Doosan,2025,2025-07-09,@ Lotte,RP,,0.0,0.0,1,14,0,0,0,0,0,0,1,,Away,사직 야구장,18:30,29.7
박신지,Doosan,2025,2025-07-08,@ Lotte,RP,W,0.0,2.0,1,21,1,0,1,0,1,1,0,,Away,사직 야구장,18:30,32.4
박신지,Doosan,2025,2025-07-06,vs. KT,RP,,4.5,0.5,2,23,1,1,1,0,1,0,1,,Home,잠실 야구장,17:00,32.5
박신지,Doosan,2025,2025-07-04,vs. KT,RP,,0.0,0.0,1,12,0,0,0,0,1,0,0,,Home,잠실 야구장,18:30,30.1
박신지,Doosan,2025,2025-07-03,vs. Samsung,RP,,9.0,2.0,1,15,1,1,2,1,0,0,0,,Home,잠실 야구장,18:30,31.2
박신지,Doosan,2025,2025-06-28,@ NC,RP,L,27.0,6.0,0 ⅓,11,2,1,1,0,1,1,0,,Away,창원 NC 파크,17:00,30.9
박신지,Doosan,2025,2025-06-24,vs. SSG,RP,W,0.0,1.0,3,37,0,0,1,0,2,2,0,,Home,잠실 야구장,18:30,26.8
박신지,Doosan,2025,2025-06-22,@ LG,RP,,3.38,1.13,2 ⅔,40,1,1,2,0,1,1,0,,Away,잠실 야구장,17:00,27.8
박신지,Doosan,2025,2025-06-17,@ Samsung,RP,,9.0,3.0,1,21,1,1,2,0,1,1,0,,Away,대구 삼성 라이온즈 파크,18:30,25.3
박신지,Doosan,2025,2025-06-03,vs. Kia,RP,,6.0,1.67,3,47,2,2,3,0,1,2,0,,Home,잠실 야구장,18:30,22.8
박신지,Doosan,2025,2025-05-30,@ Kiwoom,RP,,0.0,3.0,0 ⅔,20,0,0,0,0,0,2,0,,Away,고척 스카이돔,18:30,25.5
박신지,Doosan,2025,2025-05-28,@ KT,RP,,0.0,1.5,0 ⅔,8,0,0,1,0,0,0,0,,Away,수원 KT 위즈파크,18:30,22.0
박신지,Doosan,2025,2025-05-24,vs. NC,RP,,0.0,0.0,1,6,0,0,0,0,0,0,0,,Home,잠실 야구장,17:00,18.9
박신지,Doosan,2025,2025-05-21,vs. SSG,RP,,9.0,2.0,1,20,1,1,2,0,2,0,1,,Home,잠실 야구장,18:30,27.8
박신지,Doosan,2025,2025-05-17,@ Kia,RP,,0.0,3.0,1,27,1,0,2,0,0,1,0,,Away,광주 기아 챔피언스 필드,17:00,21.7
박신지,Doosan,2025,2025-05-15,@ Hanwha,RP,,0.0,0.0,2,19,0,0,0,0,1,0,0,,Away,대전 한화생명 볼파크,18:30,22.7
박신지,Doosan,2025,2025-05-14,@ Hanwha,RP,,0.0,1.0,1,15,0,0,1,0,1,0,0,,Away,대전 한화생명 볼파크,18:30,26.4
박신지,Doosan,2025,2025-05-11,vs. NC,RP,,3.38,1.88,2 ⅔,51,1,1,5,0,1,0,0,,Home,잠실 야구장,14:00,19.0
박신지,Doosan,2025,2025-05-06,vs. LG,RP,,0.0,1.0,1,16,0,0,1,0,0,0,0,,Home,잠실 야구장,18:30,18.6
박신지,Doosan,2025,2025-05-04,@ Samsung,RP,,0.0,0.0,1,13,0,0,0,0,0,0,0,,Away,대구 삼성 라이온즈 파크,14:00,20.7
박신지,Doosan,2025,2025-05-02,@ Samsung,RP,,9.0,2.0,1,14,1,1,2,1,1,0,0,,Away,대구 삼성 라이온즈 파크,18:30,19.1
박신지,Doosan,2025,2025-04-27,vs. Lotte,RP,,5.4,1.8,1 ⅔,30,1,1,3,0,0,0,0,,Home,잠실 야구장,14:00,18.8
박신지,Doosan,2025,2025-04-25,vs. Lotte,RP,,0.0,2.0,1,18,0,0,1,0,1,1,0,,Home,잠실 야구장,18:30,15.5
박신지,Doosan,2025,2025-04-23,@ Kiwoom,RP,,0.0,0.0,1,13,0,0,0,0,0,0,0,,Away,고척 스카이돔,18:30,25.5
박신지,Doosan,2025,2025-04-20,vs. Kia,RP,,0.0,1.5,1 ⅓,29,0,0,1,0,1,1,0,,Home,잠실 야구장,14:00,22.5
박신지,Doosan,2025,2025-03-29,vs. Samsung,RP,,0.0,,0,5,1,0,0,0,0,1,0,,Home,잠실 야구장,17:00,1.5
박신지,Doosan,2025,2025-03-27,@ KT,RP,,0.0,1.5,1 ⅓,26,0,0,1,0,1,1,0,,Away,수원 KT 위즈파크,18:30,11.8
박신지,Doosan,2025,2025-03-25,@ KT,RP,,0.0,1.0,2,39,0,0,2,0,1,0,0,,Away,수원 KT 위즈파크,18:30,12.6
알칸타라,Kiwoom,2025,2025-07-10,@ LG,SP,,4.26,1.11,6 ⅓,94,3,3,6,1,6,1,0,54.0,Away,잠실 야구장,18:30,33.1
알칸타라,Kiwoom,2025,2025-07-04,vs. Hanwha,SP,,1.23,1.09,7 ⅓,106,1,1,7,0,7,1,0,66.0,Home,고척 스카이돔,18:30,25.5
알칸타라,Kiwoom,2025,2025-06-28,vs. Samsung,SP,W,0.0,0.95,6 ⅓,103,0,0,4,0,7,2,0,70.0,Home,고척 스카이돔,17:00,25.5
알칸타라,Kiwoom,2025,2025-06-22,@ Hanwha,SP,L,15.75,3.25,4,74,7,7,13,1,2,0,0,10.0,Away,대전 한화생명 볼파크,17:00,28.2
알칸타라,Kiwoom,2025,2025-06-14,@ Doosan,SP,L,3.0,1.67,6,94,4,2,9,1,5,1,0,46.0,Away,잠실 야구장,17:00,31.4
알칸타라,Kiwoom,2025,2025-06-07,vs. LG,SP,W,1.13,0.38,8,101,1,1,3,0,6,0,0,78.0,Home,고척 스카이돔,17:00,25.5
알칸타라,Kiwoom,2025,2025-06-01,vs. Doosan,SP,W,0.0,1.17,6,98,0,0,6,0,4,1,1,62.0,Home,고척 스카이돔,14:00,25.5
조영건,Kiwoom,2025,2025-07-10,@ LG,RP,,0.0,3.0,0 ⅔,22,0,0,1,0,1,1,1,,Away,잠실 야구장,18:30,33.1
조영건,Kiwoom,2025,2025-07-08,@ LG,RP,,0.0,1.2,1 ⅔,18,0,0,2,0,0,0,0,,Away,잠실 야구장,18:30,36.2
조영건,Kiwoom,2025,2025-07-05,vs. Hanwha,RP,,13.5,1.5,0 ⅔,13,1,1,1,0,2,0,0,,Home,고척 스카이돔,18:00,25.5
조영건,Kiwoom,2025,2025-07-04,vs. Hanwha,RP,L,6.75,1.5,1 ⅓,21,1,1,2,1,1,0,0,,Home,고척 스카이돔,18:30,25.5
조영건,Kiwoom,2025,2025-06-29,vs. Samsung,RP,,0.0,,0,18,4,4,3,0,0,2,0,,Home,고척 스카이돔,14:00,25.5
조영건,Kiwoom,2025,2025-06-27,vs. Samsung,RP,W,0.0,0.0,1,8,0,0,0,0,1,0,0,,Home,고척 스카이돔,18:30,25.5
조영건,Kiwoom,2025,2025-06-26,vs. Kia,RP,,0.0,1.0,1,16,0,0,1,0,1,0,0,,Home,고척 스카이돔,18:30,25.5
조영건,Kiwoom,2025,2025-06-24,vs. Kia,RP,H,0.0,1.0,1,17,0,0,0,0,2,1,0,,Home,고척 스카이돔,18:30,25.5
조영건,Kiwoom,2025,2025-06-19,vs. SSG,RP,H,0.0,0.0,1,12,0,0,0,0,0,0,0,,Home,고척 스카이돔,18:30,25.5
조영건,Kiwoom,2025,2025-06-18,vs. SSG,RP,H,0.0,0.0,1,11,0,0,0,0,1,0,0,,Home,고척 스카이돔,18:30,25.5
조영건,Kiwoom,2025,2025-06-15,@ Doosan,RP,,0.0,0.5,2,27,0,0,1,0,1,0,0,,Away,잠실 야구장,17:00,30.2
조영건,Kiwoom,2025,2025-06-14,@ Doosan,RP,,0.0,1.0,1,8,0,0,1,0,0,0,0,,Away,잠실 야구장,17:00,31.4
조영건,Kiwoom,2025,2025-06-12,vs. NC,RP,,0.0,0.0,2,29,0,0,0,0,3,0,0,,Home,고척 스카이돔,18:30,25.5
조영건,Kiwoom,2025,2025-06-10,vs. NC,RP,H,0.0,2.0,1,24,0,0,1,0,0,1,0,,Home,고척 스카이돔,18:30,25.5
조영건,Kiwoom,2025,2025-06-08,vs. LG,RP,,9.0,3.0,1,15,1,1,1,0,0,2,0,,Home,고척 스카이돔,14:00,25.5
조영건,Kiwoom,2025,2025-06-06,vs. LG,RP,W,0.0,0.0,1,10,0,0,0,0,1,0,0,,Home,고척 스카이돔,18:30,25.5
조영건,Kiwoom,2025,2025-05-24,vs. KT,SP,L,18.0,2.75,4,95,8,8,9,1,1,2,0,11.0,Home,고척 스카이돔,17:00,25.5
조영건,Kiwoom,2025,2025-05-18,@ NC,SP,,0.0,0.4,5,63,0,0,1,0,2,1,0,66.0,Away,창원 NC 파크,14:00,20.6
조영건,Kiwoom,2025,2025-05-13,@ LG,SP,,13.5,2.5,4,89,6,6,7,3,1,3,0,22.0,Away,잠실 야구장,18:30,24.6
조영건,Kiwoom,2025,2025-05-06,vs. Kia,SP,,5.4,1.4,5,78,3,3,4,0,2,3,1,45.0,Home,고척 스카이돔,18:30,25.5
조영건,Kiwoom,2025,2025-05-01,vs. Lotte,SP,L,7.36,2.18,3 ⅔,67,3,3,6,0,1,2,1,35.0,Home,고척 스카이돔,18:30,25.5
조영건,Kiwoom,2025,2025-04-24,vs. Doosan,RP,,0.0,1.0,2,30,0,0,1,0,3,1,0,,Home,고척 스카이돔,18:30,25.5
조영건,Kiwoom,2025,2025-04-13,@ Hanwha,SP,L,13.5,3.75,1 ⅓,31,2,2,2,0,1,3,0,40.0,Away,대전 한화생명 볼파크,14:00,7.9
조영건,Kiwoom,2025,2025-04-08,vs. LG,RP,,5.4,0.8,5,57,3,3,4,2,3,0,0,,Home,고척 스카이돔,18:30,25.5
조영건,Kiwoom,2025,2025-04-06,vs. NC,RP,,18.0,4.0,1,23,2,2,4,0,2,0,0,,Home,고척 스카이돔,14:00,25.5
조영건,Kiwoom,2025,2025-04-03,@ Doosan,RP,,5.4,1.8,1 ⅔,29,1,1,2,0,2,1,0,,Away,잠실 야구장,18:30,12.8
주승우,Kiwoom,2025,2025-07-10,@ LG,RP,SV,0.0,1.0,1,16,0,0,1,0,1,0,0,,Away,잠실 야구장,18:30,33.1
주승우,Kiwoom,2025,2025-07-05,vs. Hanwha,RP,,0.0,,0,10,1,1,2,1,0,1,0,,Home,고척 스카이돔,18:00,25.5
주승우,Kiwoom,2025,2025-07-01,@ KT,RP,,0.0,1.0,1,8,0,0,1,0,0,0,0,,Away,수원 KT 위즈파크,18:30,31.3
주승우,Kiwoom,2025,2025-06-29,vs. Samsung,RP,SV,0.0,0.0,1,10,0,0,0,0,0,0,0,,Home,고척 스카이돔,14:00,25.5
주승우,Kiwoom,2025,2025-06-27,vs. Samsung,RP,SV,0.0,0.0,1,8,0,0,0,0,0,0,0,,Home,고척 스카이돔,18:30,25.5
주승우,Kiwoom,2025,2025-06-26,vs. Kia,RP,,0.0,1.0,1,16,0,0,0,0,1,1,0,,Home,고척 스카이돔,18:30,25.5
주승우,Kiwoom,2025,2025-06-24,vs. Kia,RP,SV,0.0,1.0,1,11,0,0,1,0,1,0,0,,Home,고척 스카이돔,18:30,25.5
주승우,Kiwoom,2025,2025-06-19,vs. SSG,RP,,9.0,1.0,1,14,1,1,1,1,1,0,0,,Home,고척 스카이돔,18:30,25.5
주승우,Kiwoom,2025,2025-06-18,vs. SSG,RP,H,9.0,3.0,1,17,1,1,3,0,0,0,0,,Home,고척 스카이돔,18:30,25.5
주승우,Kiwoom,2025,2025-06-15,@ Doosan,RP,,0.0,1.0,1,15,0,0,0,0,0,1,0,,Away,잠실 야구장,17:00,30.2
주승우,Kiwoom,2025,2025-06-12,vs. NC,RP,,0.0,1.0,1,15,0,0,1,0,1,0,0,,Home,고척 스카이돔,18:30,25.5
주승우,Kiwoom,2025,2025-06-10,vs. NC,RP,,0.0,3.0,0 ⅔,19,0,0,2,0,1,0,0,,Home,고척 스카이돔,18:30,25.5
주승우,Kiwoom,2025,2025-06-07,vs. LG,RP,SV,0.0,1.0,1,5,0,0,1,0,0,0,0,,Home,고척 스카이돔,17:00,25.5
주승우,Kiwoom,2025,2025-06-06,vs. LG,RP,,0.0,2.0,1,24,0,0,1,0,1,1,0,,Home,고척 스카이돔,18:30,25.5
주승우,Kiwoom,2025,2025-06-04,@ Lotte,RP,H,0.0,1.5,1 ⅓,33,0,0,1,0,2,1,0,,Away,사직 야구장,18:30,24.3
주승우,Kiwoom,2025,2025-06-01,vs. Doosan,RP,H,0.0,0.0,1 ⅓,21,0,0,0,0,3,0,0,,Home,고척 스카이돔,14:00,25.5
주승우,Kiwoom,2025,2025-05-31,vs. Doosan,RP,H,0.0,3.0,0 ⅔,16,0,0,0,0,0,2,0,,Home,고척 스카이돔,17:00,25.5
주승우,Kiwoom,2025,2025-05-29,@ Kia,RP,,0.0,0.0,2,20,0,0,0,0,0,0,0,,Away,광주 기아 챔피언스 필드,18:30,25.8
주승우,Kiwoom,2025,2025-05-25,vs. KT,RP,,0.0,0.5,2,22,0,0,1,0,2,0,0,,Home,고척 스카이돔,14:00,25.5
주승우,Kiwoom,2025,2025-05-20,vs. Samsung,RP,,9.0,2.0,1,14,1,1,2,1,0,0,0,,Home,고척 스카이돔,18:30,25.5
주승우,Kiwoom,2025,2025-05-17,@ NC,RP,SV,6.75,0.75,1 ⅓,19,1,1,1,1,2,0,0,,Away,창원 NC 파크,17:00,22.5
주승우,Kiwoom,2025,2025-05-09,vs. Hanwha,RP,L,13.5,1.5,1 ⅓,19,2,2,2,1,1,0,0,,Home,고척 스카이돔,18:30,25.5
주승우,Kiwoom,2025,2025-05-07,vs. Kia,RP,SV,0.0,1.0,1,18,0,0,0,0,1,1,0,,Home,고척 스카이돔,18:30,25.5
주승우,Kiwoom,2025,2025-05-02,@ KT,RP,SV,0.0,0.75,1 ⅓,15,0,0,1,0,0,0,0,,Away,수원 KT 위즈파크,18:30,14.5
주승우,Kiwoom,2025,2025-04-27,@ SSG,RP,,6.75,2.25,1 ⅓,20,1,1,2,1,1,1,0,,Away,인천 SSG 랜더스필드,14:00,14.9
주승우,Kiwoom,2025,2025-04-26,@ SSG,RP,SV,0.0,0.0,1,14,0,0,0,0,1,0,0,,Away,인천 SSG 랜더스필드,17:00,14.5
주승우,Kiwoom,2025,2025-04-22,vs. Doosan,RP,SV,13.5,1.5,0 ⅔,9,1,1,1,1,0,0,0,,Home,고척 스카이돔,18:30,25.5
주승우,Kiwoom,2025,2025-04-18,vs. KT,RP,W,0.0,0.0,1,12,0,0,0,0,3,0,0,,Home,고척 스카이돔,18:30,25.5
주승우,Kiwoom,2025,2025-04-12,@ Hanwha,RP,,0.0,1.0,1,24,0,0,1,0,1,0,0,,Away,대전 한화생명 볼파크,17:00,19.3
주승우,Kiwoom,2025,2025-04-09,vs. LG,RP,SV,0.0,0.0,1,11,0,0,0,0,0,0,0,,Home,고척 스카이돔,18:30,25.5
주승우,Kiwoom,2025,2025-04-04,vs. NC,RP,SV,0.0,3.0,0 ⅓,9,0,0,0,0,0,1,0,,Home,고척 스카이돔,18:30,25.5
주승우,Kiwoom,2025,2025-03-29,vs. SSG,RP,SV,0.0,2.0,1,11,0,0,2,0,0,0,0,,Home,고척 스카이돔,17:00,25.5
주승우,Kiwoom,2025,2025-03-27,@ Kia,RP,W,0.0,1.0,1,16,0,0,1,0,0,0,0,,Away,광주 기아 챔피언스 필드,18:30,14.1
정현우,Kiwoom,2025,2025-07-09,@ LG,SP,L,15.75,3.5,4,84,7,7,10,0,2,4,0,12.0,Away,잠실 야구장,18:30,34.5
정현우,Kiwoom,2025,2025-07-03,@ KT,SP,L,9.0,2.0,5,97,5,5,5,1,2,5,0,34.0,Away,수원 KT 위즈파크,18:30,30.9
정현우,Kiwoom,2025,2025-06-27,vs. Samsung,SP,,0.0,0.67,6,98,4,0,1,0,5,3,1,63.0,Home,고척 스카이돔,18:30,25.5
정현우,Kiwoom,2025,2025-06-15,@ Doosan,SP,L,0.0,1.62,4 ⅓,89,3,0,6,0,1,1,0,45.0,Away,잠실 야구장,17:00,30.2
정현우,Kiwoom,2025,2025-06-08,vs. LG,SP,L,1.8,0.4,5,65,1,1,2,0,5,0,0,64.0,Home,고척 스카이돔,14:00,25.5
정현우,Kiwoom,2025,2025-04-12,@ Hanwha,SP,W,3.6,1.6,5,84,2,2,7,0,3,1,0,47.0,Away,대전 한화생명 볼파크,17:00,19.3
정현우,Kiwoom,2025,2025-04-06,vs. NC,SP,,3.6,1.8,5,101,2,2,4,1,4,5,0,50.0,Home,고척 스카이돔,14:00,25.5
정현우,Kiwoom,2025,2025-03-26,@ Kia,SP,W,7.2,3.0,5,122,6,4,8,0,4,7,0,28.0,Away,광주 기아 챔피언스 필드,18:30,23.3
김선기,Kiwoom,2025,2025-07-03,@ KT,RP,,5.4,1.8,1 ⅔,29,1,1,1,0,1,2,1,,Away,수원 KT 위즈파크,18:30,30.9
김선기,Kiwoom,2025,2025-06-29,vs. Samsung,RP,,13.5,6.0,0 ⅔,25,1,1,1,0,0,3,0,,Home,고척 스카이돔,14:00,25.5
김선기,Kiwoom,2025,2025-06-25,vs. Kia,RP,,9.0,1.67,3,56,3,3,4,0,0,1,0,,Home,고척 스카이돔,18:30,25.5
김선기,Kiwoom,2025,2025-06-19,vs. SSG,RP,H,0.0,3.0,1,14,0,0,3,0,0,0,0,,Home,고척 스카이돔,18:30,25.5
김선기,Kiwoom,2025,2025-06-17,vs. SSG,RP,,81.0,9.0,0 ⅓,14,3,3,3,0,0,0,0,,Home,고척 스카이돔,18:30,25.5
김선기,Kiwoom,2025,2025-06-15,@ Doosan,RP,,0.0,3.0,0 ⅔,15,0,0,1,0,1,1,0,,Away,잠실 야구장,17:00,30.2
김선기,Kiwoom,2025,2025-06-14,@ Doosan,RP,,0.0,1.0,1,10,0,0,1,0,0,0,0,,Away,잠실 야구장,17:00,31.4
김선기,Kiwoom,2025,2025-06-12,vs. NC,RP,,4.5,1.0,2,32,1,1,1,1,1,1,0,,Home,고척 스카이돔,18:30,25.5
김선기,Kiwoom,2025,2025-06-10,vs. NC,RP,,0.0,1.0,1,16,0,0,1,0,1,0,0,,Home,고척 스카이돔,18:30,25.5
김선기,Kiwoom,2025,2025-06-05,@ Lotte,RP,,0.0,2.0,1,23,0,0,1,0,1,1,0,,Away,사직 야구장,18:30,20.9
김선기,Kiwoom,2025,2025-06-04,@ Lotte,RP,W,0.0,0.0,1,10,0,0,0,0,0,0,0,,Away,사직 야구장,18:30,24.3
김선기,Kiwoom,2025,2025-05-30,vs. Doosan,SP,,3.6,1.6,5,95,2,2,4,0,3,4,0,50.0,Home,고척 스카이돔,18:30,25.5
김선기,Kiwoom,2025,2025-05-25,vs. KT,SP,L,2.08,1.15,4 ⅓,65,1,1,2,0,1,3,0,53.0,Home,고척 스카이돔,14:00,25.5
김선기,Kiwoom,2025,2025-05-21,vs. Samsung,RP,,0.0,0.0,0 ⅔,3,0,0,0,0,0,0,0,,Home,고척 스카이돔,18:30,25.5
김선기,Kiwoom,2025,2025-05-17,@ NC,SP,,4.5,1.75,4,89,2,2,4,1,3,3,4,42.0,Away,창원 NC 파크,17:00,22.5
김선기,Kiwoom,2025,2025-05-10,vs. Hanwha,SP,L,6.0,2.0,3,51,2,2,5,0,1,1,1,40.0,Home,고척 스카이돔,17:00,25.5
김선기,Kiwoom,2025,2025-05-04,@ KT,SP,,2.45,1.36,3 ⅔,49,1,1,3,0,2,2,1,50.0,Away,수원 KT 위즈파크,14:00,19.3
김선기,Kiwoom,2025,2025-04-30,vs. Lotte,SP,L,14.73,2.73,3 ⅔,66,6,6,8,1,2,2,0,21.0,Home,고척 스카이돔,18:30,25.5
김선기,Kiwoom,2025,2025-04-25,@ SSG,SP,,3.0,2.33,3,61,1,1,6,0,4,1,0,46.0,Away,인천 SSG 랜더스필드,18:30,14.2
김선기,Kiwoom,2025,2025-04-19,vs. KT,SP,L,22.5,4.0,2,67,8,5,4,1,2,4,0,20.0,Home,고척 스카이돔,17:00,25.5
김선기,Kiwoom,2025,2025-04-16,@ Lotte,RP,,0.0,2.0,1,23,0,0,1,0,0,1,0,,Away,사직 야구장,18:30,16.8
김선기,Kiwoom,2025,2025-04-13,@ Hanwha,RP,,9.0,5.0,1,35,1,1,3,0,0,2,0,,Away,대전 한화생명 볼파크,14:00,7.9
김선기,Kiwoom,2025,2025-04-11,@ Hanwha,RP,,0.0,0.75,1 ⅓,21,0,0,1,0,2,0,1,,Away,대전 한화생명 볼파크,18:30,24.0
김선기,Kiwoom,2025,2025-04-06,vs. NC,RP,L,27.0,3.0,0 ⅓,7,1,1,0,0,1,1,0,,Home,고척 스카이돔,14:00,25.5
김선기,Kiwoom,2025,2025-04-05,vs. NC,RP,,0.0,1.2,1 ⅔,28,0,0,2,0,1,0,1,,Home,고척 스카이돔,17:00,25.5
김선기,Kiwoom,2025,2025-04-02,@ Doosan,RP,,0.0,0.0,1 ⅓,17,0,0,0,0,0,0,0,,Away,잠실 야구장,18:30,8.4
김선기,Kiwoom,2025,2025-03-28,vs. SSG,RP,,0.0,1.0,1,11,0,0,1,0,0,0,0,,Home,고척 스카이돔,18:30,25.5
김선기,Kiwoom,2025,2025-03-25,@ Kia,RP,,4.5,2.5,2,32,1,1,4,0,2,1,0,,Away,광주 기아 챔피언스 필드,18:30,19.9
김선기,Kiwoom,2025,2025-03-23,@ Samsung,RP,,9.0,2.0,1,25,1,1,1,0,1,1,0,,Away,대구 삼성 라이온즈 파크,14:00,18.7
이준우,Kiwoom,2025,2025-07-09,@ LG,RP,,81.0,9.0,0 ⅓,17,3,3,2,1,1,1,0,,Away,잠실 야구장,18:30,34.5
이준우,Kiwoom,2025,2025-07-05,vs. Hanwha,RP,L,27.0,4.5,0 ⅔,20,2,2,2,0,0,1,0,,Home,고척 스카이돔,18:00,25.5
이준우,Kiwoom,2025,2025-07-01,@ KT,RP,,9.0,1.0,1,16,1,1,1,1,2,0,0,,Away,수원 KT 위즈파크,18:30,31.3
이준우,Kiwoom,2025,2025-06-29,vs. Samsung,RP,H,0.0,0.0,0 ⅓,3,0,0,0,0,0,0,0,,Home,고척 스카이돔,14:00,25.5
이준우,Kiwoom,2025,2025-06-28,vs. Samsung,RP,,0.0,0.6,1 ⅔,19,0,0,1,0,1,0,0,,Home,고척 스카이돔,17:00,25.5
이준우,Kiwoom,2025,2025-06-26,vs. Kia,RP,,0.0,2.0,1,28,0,0,2,0,2,0,0,,Home,고척 스카이돔,18:30,25.5
이준우,Kiwoom,2025,2025-06-24,vs. Kia,RP,W,9.0,1.0,1,10,1,1,1,1,1,0,0,,Home,고척 스카이돔,18:30,25.5
이준우,Kiwoom,2025,2025-06-08,vs. LG,RP,,40.5,4.5,0 ⅔,22,3,3,3,1,1,0,0,,Home,고척 스카이돔,14:00,25.5
이준우,Kiwoom,2025,2025-06-06,vs. LG,RP,,0.0,1.0,1,15,0,0,1,0,0,0,0,,Home,고척 스카이돔,18:30,25.5
이준우,Kiwoom,2025,2025-06-05,@ Lotte,RP,,0.0,0.0,0 ⅓,4,0,0,0,0,1,0,0,,Away,사직 야구장,18:30,20.9
이준우,Kiwoom,2025,2025-06-04,@ Lotte,RP,,54.0,9.0,0 ⅓,10,2,2,3,0,0,0,0,,Away,사직 야구장,18:30,24.3
이준우,Kiwoom,2025,2025-06-01,vs. Doosan,RP,H,0.0,1.5,0 ⅔,11,0,0,1,0,1,0,0,,Home,고척 스카이돔,14:00,25.5
이준우,Kiwoom,2025,2025-05-30,vs. Doosan,RP,H,0.0,0.0,1,13,0,0,0,0,1,0,0,,Home,고척 스카이돔,18:30,25.5
이준우,Kiwoom,2025,2025-05-28,@ Kia,RP,,27.0,6.0,0 ⅓,17,1,1,2,0,1,0,1,,Away,광주 기아 챔피언스 필드,18:30,26.5
이준우,Kiwoom,2025,2025-05-27,@ Kia,RP,,0.0,0.0,1,13,0,0,0,0,1,0,0,,Away,광주 기아 챔피언스 필드,18:30,24.9
이준우,Kiwoom,2025,2025-05-25,vs. KT,RP,,27.0,6.0,0 ⅓,15,1,1,1,0,1,1,0,,Home,고척 스카이돔,14:00,25.5
이준우,Kiwoom,2025,2025-05-23,vs. KT,RP,,0.0,1.0,1,17,0,0,1,0,1,0,0,,Home,고척 스카이돔,18:30,25.5
이준우,Kiwoom,2025,2025-05-22,vs. Samsung,RP,,0.0,,0,8,0,0,0,0,0,2,0,,Home,고척 스카이돔,18:30,25.5
이준우,Kiwoom,2025,2025-05-20,vs. Samsung,RP,,0.0,0.0,1,13,0,0,0,0,2,0,0,,Home,고척 스카이돔,18:30,25.5
이준우,Kiwoom,2025,2025-05-18,@ NC,RP,,0.0,1.0,1,18,0,0,1,0,1,0,0,,Away,창원 NC 파크,14:00,20.6
이준우,Kiwoom,2025,2025-05-17,@ NC,RP,L,13.5,3.0,0 ⅔,15,1,1,0,0,0,2,0,,Away,창원 NC 파크,17:00,22.5
이준우,Kiwoom,2025,2025-05-13,@ LG,RP,L,9.0,1.0,1,14,1,1,1,1,1,0,0,,Away,잠실 야구장,18:30,24.6
이준우,Kiwoom,2025,2025-05-11,vs. Hanwha,RP,,0.0,2.0,1,10,0,0,2,0,0,0,0,,Home,고척 스카이돔,14:00,25.5
이준우,Kiwoom,2025,2025-05-09,vs. Hanwha,RP,,27.0,6.0,0 ⅓,15,1,1,2,0,1,0,0,,Home,고척 스카이돔,18:30,25.5
이준우,Kiwoom,2025,2025-05-07,vs. Kia,RP,,0.0,3.0,0 ⅔,13,0,0,1,0,0,1,0,,Home,고척 스카이돔,18:30,25.5
이준우,Kiwoom,2025,2025-05-06,vs. Kia,RP,,0.0,0.0,1,13,0,0,0,0,0,0,0,,Home,고척 스카이돔,18:30,25.5
이준우,Kiwoom,2025,2025-05-05,vs. Kia,RP,,0.0,1.0,1,16,0,0,1,0,1,0,0,,Home,고척 스카이돔,14:00,25.5
이준우,Kiwoom,2025,2025-05-03,@ KT,RP,,0.0,2.0,1,17,0,0,1,0,0,1,0,,Away,수원 KT 위즈파크,17:00,12.2
오석주,Kiwoom,2025,2025-07-03,@ KT,RP,,0.0,3.75,1 ⅓,32,0,0,3,0,0,2,0,,Away,수원 KT 위즈파크,18:30,30.9
오석주,Kiwoom,2025,2025-06-26,vs. Kia,RP,,9.0,2.0,1,24,1,1,1,0,1,1,1,,Home,고척 스카이돔,18:30,25.5
오석주,Kiwoom,2025,2025-06-25,vs. Kia,RP,,0.0,0.0,1,16,0,0,0,0,1,0,0,,Home,고척 스카이돔,18:30,25.5
오석주,Kiwoom,2025,2025-06-22,@ Hanwha,RP,,0.0,1.0,1,19,0,0,0,0,1,1,0,,Away,대전 한화생명 볼파크,17:00,28.2
오석주,Kiwoom,2025,2025-06-19,vs. SSG,RP,L,18.0,2.0,1,20,2,2,1,1,2,1,0,,Home,고척 스카이돔,18:30,25.5
오석주,Kiwoom,2025,2025-06-17,vs. SSG,RP,,9.0,3.0,1,29,1,1,2,0,0,1,0,,Home,고척 스카이돔,18:30,25.5
오석주,Kiwoom,2025,2025-06-11,vs. NC,RP,,0.0,0.0,1 ⅔,26,0,0,0,0,1,0,1,,Home,고척 스카이돔,18:30,25.5
오석주,Kiwoom,2025,2025-06-10,vs. NC,RP,,0.0,1.0,1,12,0,0,1,0,0,0,0,,Home,고척 스카이돔,18:30,25.5
오석주,Kiwoom,2025,2025-06-08,vs. LG,RP,,0.0,2.0,1,21,0,0,1,0,2,1,0,,Home,고척 스카이돔,14:00,25.5
오석주,Kiwoom,2025,2025-06-03,@ Lotte,RP,,18.0,4.0,1,33,2,2,2,0,1,2,0,,Away,사직 야구장,18:30,22.9
오석주,Kiwoom,2025,2025-05-30,vs. Doosan,RP,,0.0,1.5,0 ⅔,14,0,0,1,0,1,0,0,,Home,고척 스카이돔,18:30,25.5
오석주,Kiwoom,2025,2025-05-29,@ Kia,RP,,0.0,2.0,1,34,0,0,1,0,0,1,0,,Away,광주 기아 챔피언스 필드,18:30,25.8
오석주,Kiwoom,2025,2025-05-18,@ NC,RP,,18.0,4.0,1,29,2,2,3,0,1,1,0,,Away,창원 NC 파크,14:00,20.6
오석주,Kiwoom,2025,2025-05-15,@ LG,RP,,27.0,4.0,1,18,3,3,4,1,0,0,0,,Away,잠실 야구장,18:30,21.7
오석주,Kiwoom,2025,2025-05-13,@ LG,RP,,0.0,1.0,1,13,0,0,1,0,1,0,0,,Away,잠실 야구장,18:30,24.6
오석주,Kiwoom,2025,2025-05-09,vs. Hanwha,RP,,0.0,,0,14,2,2,3,0,0,0,0,,Home,고척 스카이돔,18:30,25.5
오석주,Kiwoom,2025,2025-05-06,vs. Kia,RP,,0.0,2.25,1 ⅓,28,0,0,2,0,1,1,0,,Home,고척 스카이돔,18:30,25.5
오석주,Kiwoom,2025,2025-05-04,@ KT,RP,,0.0,1.2,1 ⅔,18,0,0,2,0,2,0,0,,Away,수원 KT 위즈파크,14:00,19.3
오석주,Kiwoom,2025,2025-05-02,@ KT,RP,H,0.0,1.5,0 ⅔,11,0,0,0,0,0,1,0,,Away,수원 KT 위즈파크,18:30,14.5
오석주,Kiwoom,2025,2025-05-01,vs. Lotte,RP,,9.0,2.0,1,22,1,1,1,0,2,1,0,,Home,고척 스카이돔,18:30,25.5
오석주,Kiwoom,2025,2025-04-29,vs. Lotte,RP,,81.0,9.0,0 ⅓,16,3,3,3,0,0,0,0,,Home,고척 스카이돔,18:30,25.5
오석주,Kiwoom,2025,2025-04-25,@ SSG,RP,,6.75,0.38,2 ⅔,43,2,2,1,0,2,0,1,,Away,인천 SSG 랜더스필드,18:30,14.2
오석주,Kiwoom,2025,2025-04-22,vs. Doosan,RP,H,18.0,2.0,1,15,2,2,2,1,0,0,0,,Home,고척 스카이돔,18:30,25.5
오석주,Kiwoom,2025,2025-04-20,vs. KT,RP,,0.0,0.0,1,8,0,0,0,0,0,0,0,,Home,고척 스카이돔,14:00,25.5
오석주,Kiwoom,2025,2025-04-18,vs. KT,RP,,0.0,1.5,1 ⅓,18,0,0,2,0,0,0,0,,Home,고척 스카이돔,18:30,25.5
오석주,Kiwoom,2025,2025-04-15,@ Lotte,RP,,27.0,9.0,0 ⅓,12,1,1,2,0,0,1,0,,Away,사직 야구장,18:30,12.8
오석주,Kiwoom,2025,2025-04-12,@ Hanwha,RP,H,0.0,1.0,1,17,0,0,1,0,0,0,1,,Away,대전 한화생명 볼파크,17:00,19.3
오석주,Kiwoom,2025,2025-04-06,vs. NC,RP,,0.0,1.0,1,16,0,0,1,0,2,0,0,,Home,고척 스카이돔,14:00,25.5
오석주,Kiwoom,2025,2025-04-05,vs. NC,RP,,0.0,1.0,2,25,0,0,2,0,1,0,0,,Home,고척 스카이돔,17:00,25.5
오석주,Kiwoom,2025,2025-04-02,@ Doosan,RP,,0.0,0.75,1 ⅓,19,0,0,0,0,2,1,0,,Away,잠실 야구장,18:30,8.4
오석주,Kiwoom,2025,2025-03-30,vs. SSG,RP,,0.0,1.0,1,13,0,0,1,0,0,0,0,,Home,고척 스카이돔,14:00,25.5
오석주,Kiwoom,2025,2025-03-26,@ Kia,RP,,9.0,3.0,1,32,1,1,1,0,1,2,0,,Away,광주 기아 챔피언스 필드,18:30,23.3
오석주,Kiwoom,2025,2025-03-23,@ Samsung,RP,,0.0,0.0,1,12,0,0,0,0,2,0,0,,Away,대구 삼성 라이온즈 파크,14:00,18.7
박정훈,Kiwoom,2025,2025-07-09,@ LG,RP,,0.0,0.0,1,21,0,0,0,0,0,0,0,,Away,잠실 야구장,18:30,34.5
박정훈,Kiwoom,2025,2025-07-06,vs. Hanwha,RP,,27.0,4.0,1,32,3,3,4,1,1,0,0,,Home,고척 스카이돔,14:00,25.5
박정훈,Kiwoom,2025,2025-05-24,vs. KT,RP,,0.0,3.0,1,29,0,0,1,0,0,2,0,,Home,고척 스카이돔,17:00,25.5
박정훈,Kiwoom,2025,2025-05-23,vs. KT,RP,,0.0,1.0,1,7,0,0,1,0,0,0,0,,Home,고척 스카이돔,18:30,25.5
박정훈,Kiwoom,2025,2025-05-21,vs. Samsung,RP,,9.0,2.0,1,15,1,1,1,0,0,1,0,,Home,고척 스카이돔,18:30,25.5
박윤성,Kiwoom,2025,2025-07-09,@ LG,RP,,4.5,1.5,2,23,1,1,2,0,0,1,0,,Away,잠실 야구장,18:30,34.5
박윤성,Kiwoom,2025,2025-07-06,vs. Hanwha,RP,,36.0,4.0,1,25,4,4,4,2,1,0,0,,Home,고척 스카이돔,14:00,25.5
박윤성,Kiwoom,2025,2025-07-05,vs. Hanwha,RP,,0.0,0.0,0 ⅔,9,0,0,0,0,1,0,0,,Home,고척 스카이돔,18:00,25.5
박윤성,Kiwoom,2025,2025-07-02,@ KT,RP,,0.0,0.0,2,29,0,0,0,0,1,0,0,,Away,수원 KT 위즈파크,18:30,30.9
박윤성,Kiwoom,2025,2025-06-25,vs. Kia,RP,,9.0,1.0,1,23,1,1,1,1,1,0,0,,Home,고척 스카이돔,18:30,25.5
박윤성,Kiwoom,2025,2025-06-24,vs. Kia,RP,H,0.0,0.0,1,9,0,0,0,0,0,0,0,,Home,고척 스카이돔,18:30,25.5
박윤성,Kiwoom,2025,2025-06-19,vs. SSG,RP,,0.0,1.0,1,15,0,0,0,0,0,1,0,,Home,고척 스카이돔,18:30,25.5
박윤성,Kiwoom,2025,2025-06-17,vs. SSG,RP,,0.0,1.0,1,16,0,0,1,0,1,0,0,,Home,고척 스카이돔,18:30,25.5
박윤성,Kiwoom,2025,2025-06-12,vs. NC,RP,,0.0,0.0,0 ⅓,2,0,0,0,0,0,0,0,,Home,고척 스카이돔,18:30,25.5
박윤성,Kiwoom,2025,2025-06-10,vs. NC,RP,,0.0,1.0,1,15,0,0,1,0,0,0,0,,Home,고척 스카이돔,18:30,25.5
박윤성,Kiwoom,2025,2025-06-08,vs. LG,RP,,0.0,2.0,1,25,0,0,1,0,1,1,0,,Home,고척 스카이돔,14:00,25.5
박윤성,Kiwoom,2025,2025-05-30,vs. Doosan,RP,,0.0,2.0,1,15,0,0,1,0,1,1,0,,Home,고척 스카이돔,18:30,25.5
박윤성,Kiwoom,2025,2025-05-28,@ Kia,RP,,0.0,,0,7,1,0,2,0,0,0,0,,Away,광주 기아 챔피언스 필드,18:30,26.5
박윤성,Kiwoom,2025,2025-05-25,vs. KT,RP,,0.0,0.0,0 ⅔,6,0,0,0,0,0,0,0,,Home,고척 스카이돔,14:00,25.5
박윤성,Kiwoom,2025,2025-05-23,vs. KT,RP,,0.0,1.0,1,13,0,0,1,0,0,0,0,,Home,고척 스카이돔,18:30,25.5
박윤성,Kiwoom,2025,2025-05-06,vs. Kia,RP,L,0.0,,0,16,2,2,2,0,0,1,0,,Home,고척 스카이돔,18:30,25.5
박윤성,Kiwoom,2025,2025-05-04,@ KT,RP,L,6.75,1.5,1 ⅓,16,1,1,2,1,2,0,0,,Away,수원 KT 위즈파크,14:00,19.3
박윤성,Kiwoom,2025,2025-05-02,@ KT,RP,H,0.0,1.5,1 ⅓,17,0,0,1,0,1,1,0,,Away,수원 KT 위즈파크,18:30,14.5
박윤성,Kiwoom,2025,2025-05-01,vs. Lotte,RP,,0.0,0.0,1,15,0,0,0,0,1,0,0,,Home,고척 스카이돔,18:30,25.5
박윤성,Kiwoom,2025,2025-04-27,@ SSG,RP,,9.0,2.0,1,22,1,1,2,0,1,0,0,,Away,인천 SSG 랜더스필드,14:00,14.9
박윤성,Kiwoom,2025,2025-04-26,@ SSG,RP,,0.0,0.0,1,15,0,0,0,0,2,0,0,,Away,인천 SSG 랜더스필드,17:00,14.5
박윤성,Kiwoom,2025,2025-04-25,@ SSG,RP,L,9.0,1.0,1,11,1,1,1,1,1,0,0,,Away,인천 SSG 랜더스필드,18:30,14.2
박윤성,Kiwoom,2025,2025-04-22,vs. Doosan,RP,,0.0,9.0,0 ⅓,11,1,0,2,0,0,1,0,,Home,고척 스카이돔,18:30,25.5
박윤성,Kiwoom,2025,2025-04-18,vs. KT,RP,,0.0,0.0,1 ⅓,14,0,0,0,0,0,0,0,,Home,고척 스카이돔,18:30,25.5
박윤성,Kiwoom,2025,2025-04-15,@ Lotte,RP,L,81.0,9.0,0 ⅓,19,3,3,3,1,0,0,0,,Away,사직 야구장,18:30,12.8
박윤성,Kiwoom,2025,2025-04-12,@ Hanwha,RP,H,0.0,1.0,1,21,0,0,0,0,2,1,0,,Away,대전 한화생명 볼파크,17:00,19.3
박윤성,Kiwoom,2025,2025-04-06,vs. NC,RP,,0.0,1.5,0 ⅔,13,0,0,1,0,0,0,0,,Home,고척 스카이돔,14:00,25.5
박윤성,Kiwoom,2025,2025-04-05,vs. NC,RP,,0.0,0.0,1,13,0,0,0,0,1,0,0,,Home,고척 스카이돔,17:00,25.5
박윤성,Kiwoom,2025,2025-04-02,@ Doosan,RP,L,9.0,2.0,1,23,2,1,1,0,1,1,0,,Away,잠실 야구장,18:30,8.4
박윤성,Kiwoom,2025,2025-03-29,vs. SSG,RP,H,0.0,0.0,1,10,0,0,0,0,1,0,0,,Home,고척 스카이돔,17:00,25.5
박윤성,Kiwoom,2025,2025-03-27,@ Kia,RP,SV,0.0,1.0,1,24,0,0,1,0,2,0,0,,Away,광주 기아 챔피언스 필드,18:30,14.1
박윤성,Kiwoom,2025,2025-03-26,@ Kia,RP,,9.0,2.0,1,22,1,1,1,0,1,1,0,,Away,광주 기아 챔피언스 필드,18:30,23.3
원종현,Kiwoom,2025,2025-07-10,@ LG,RP,W,0.0,0.0,1,14,0,0,0,0,0,0,0,,Away,잠실 야구장,18:30,33.1
원종현,Kiwoom,2025,2025-07-08,@ LG,RP,L,27.0,6.0,0 ⅓,16,2,1,1,0,0,1,0,,Away,잠실 야구장,18:30,36.2
원종현,Kiwoom,2025,2025-07-05,vs. Hanwha,RP,H,0.0,0.0,1,11,0,0,0,0,0,0,0,,Home,고척 스카이돔,18:00,25.5
원종현,Kiwoom,2025,2025-07-04,vs. Hanwha,RP,,0.0,0.0,0 ⅓,7,0,0,0,0,0,0,0,,Home,고척 스카이돔,18:30,25.5
원종현,Kiwoom,2025,2025-07-01,@ KT,RP,,0.0,2.0,1,26,0,0,0,0,1,2,0,,Away,수원 KT 위즈파크,18:30,31.3
원종현,Kiwoom,2025,2025-06-29,vs. Samsung,RP,H,0.0,1.0,1,13,0,0,1,0,1,0,0,,Home,고척 스카이돔,14:00,25.5
원종현,Kiwoom,2025,2025-06-27,vs. Samsung,RP,,0.0,0.0,1,10,0,0,0,0,1,0,0,,Home,고척 스카이돔,18:30,25.5
원종현,Kiwoom,2025,2025-06-26,vs. Kia,RP,,0.0,1.0,1,22,0,0,1,0,1,0,0,,Home,고척 스카이돔,18:30,25.5
원종현,Kiwoom,2025,2025-06-24,vs. Kia,RP,H,0.0,0.0,1,13,0,0,0,0,0,0,0,,Home,고척 스카이돔,18:30,25.5
원종현,Kiwoom,2025,2025-06-19,vs. SSG,RP,H,0.0,2.0,1,16,0,0,2,0,1,0,0,,Home,고척 스카이돔,18:30,25.5
원종현,Kiwoom,2025,2025-06-18,vs. SSG,RP,SV,0.0,3.0,1,34,0,0,3,0,3,0,0,,Home,고척 스카이돔,18:30,25.5
원종현,Kiwoom,2025,2025-06-12,vs. NC,RP,,9.0,2.0,1,12,1,1,2,0,0,0,0,,Home,고척 스카이돔,18:30,25.5
원종현,Kiwoom,2025,2025-06-10,vs. NC,RP,,0.0,1.0,1,18,0,0,0,0,0,1,0,,Home,고척 스카이돔,18:30,25.5
원종현,Kiwoom,2025,2025-06-06,vs. LG,RP,,0.0,1.0,1,10,0,0,1,0,0,0,0,,Home,고척 스카이돔,18:30,25.5
원종현,Kiwoom,2025,2025-06-04,@ Lotte,RP,SV,6.75,2.25,1 ⅓,23,1,1,2,1,0,1,0,,Away,사직 야구장,18:30,24.3
원종현,Kiwoom,2025,2025-06-01,vs. Doosan,RP,SV,0.0,3.0,1,16,0,0,2,0,1,1,0,,Home,고척 스카이돔,14:00,25.5
원종현,Kiwoom,2025,2025-05-31,vs. Doosan,RP,SV,0.0,1.0,1,15,0,0,1,0,1,0,0,,Home,고척 스카이돔,17:00,25.5
원종현,Kiwoom,2025,2025-05-28,@ Kia,RP,L,27.0,3.0,1 ⅓,32,4,4,4,0,2,0,0,,Away,광주 기아 챔피언스 필드,18:30,26.5
원종현,Kiwoom,2025,2025-05-27,@ Kia,RP,,0.0,1.0,1,10,0,0,1,0,0,0,0,,Away,광주 기아 챔피언스 필드,18:30,24.9
원종현,Kiwoom,2025,2025-05-23,vs. KT,RP,,54.0,9.0,0 ⅓,15,2,2,3,0,0,0,0,,Home,고척 스카이돔,18:30,25.5
원종현,Kiwoom,2025,2025-05-22,vs. Samsung,RP,,0.0,0.0,1,13,0,0,0,0,0,0,1,,Home,고척 스카이돔,18:30,25.5
원종현,Kiwoom,2025,2025-05-20,vs. Samsung,RP,,0.0,3.0,0 ⅔,12,0,0,2,0,1,0,0,,Home,고척 스카이돔,18:30,25.5
원종현,Kiwoom,2025,2025-05-17,@ NC,RP,H,0.0,2.0,1,11,0,0,2,0,0,0,0,,Away,창원 NC 파크,17:00,22.5
원종현,Kiwoom,2025,2025-05-17,@ NC,RP,,0.0,1.0,1,8,0,0,1,0,1,0,0,,Away,창원 NC 파크,17:00,22.5
원종현,Kiwoom,2025,2025-05-13,@ LG,RP,,0.0,0.0,1,16,0,0,0,0,1,0,0,,Away,잠실 야구장,18:30,24.6
원종현,Kiwoom,2025,2025-05-10,vs. Hanwha,RP,,18.0,3.0,1,21,2,2,3,0,2,0,0,,Home,고척 스카이돔,17:00,25.5
원종현,Kiwoom,2025,2025-05-07,vs. Kia,RP,,0.0,0.0,1,16,0,0,0,0,1,0,0,,Home,고척 스카이돔,18:30,25.5
원종현,Kiwoom,2025,2025-05-05,vs. Kia,RP,,9.0,3.0,1,20,1,1,1,0,0,2,0,,Home,고척 스카이돔,14:00,25.5
원종현,Kiwoom,2025,2025-04-23,vs. Doosan,RP,,27.0,6.0,0 ⅓,8,1,1,2,0,0,0,0,,Home,고척 스카이돔,18:30,25.5
원종현,Kiwoom,2025,2025-04-20,vs. KT,RP,,0.0,4.5,0 ⅔,18,3,0,2,0,0,1,0,,Home,고척 스카이돔,14:00,25.5
원종현,Kiwoom,2025,2025-04-18,vs. KT,RP,,5.4,1.2,1 ⅔,25,1,1,1,0,1,1,0,,Home,고척 스카이돔,18:30,25.5
원종현,Kiwoom,2025,2025-04-16,@ Lotte,RP,,0.0,2.0,1,15,0,0,1,0,0,1,0,,Away,사직 야구장,18:30,16.8
원종현,Kiwoom,2025,2025-04-15,@ Lotte,RP,,0.0,1.5,0 ⅔,8,0,0,1,0,0,0,0,,Away,사직 야구장,18:30,12.8
원종현,Kiwoom,2025,2025-04-12,@ Hanwha,RP,H,0.0,0.0,1,9,0,0,0,0,1,0,0,,Away,대전 한화생명 볼파크,17:00,19.3
원종현,Kiwoom,2025,2025-04-05,vs. NC,RP,,0.0,1.0,1,14,0,0,1,0,1,0,0,,Home,고척 스카이돔,17:00,25.5
원종현,Kiwoom,2025,2025-04-04,vs. NC,RP,H,0.0,0.0,1,11,0,0,0,0,1,0,0,,Home,고척 스카이돔,18:30,25.5
원종현,Kiwoom,2025,2025-03-30,vs. SSG,RP,,0.0,1.0,1,19,0,0,0,0,0,1,0,,Home,고척 스카이돔,14:00,25.5
원종현,Kiwoom,2025,2025-03-27,@ Kia,RP,,18.0,2.0,1,14,2,2,1,1,0,1,0,,Away,광주 기아 챔피언스 필드,18:30,14.1
원종현,Kiwoom,2025,2025-03-23,@ Samsung,RP,,0.0,,0,6,2,2,2,1,0,0,0,,Away,대구 삼성 라이온즈 파크,14:00,18.7
윤석원,Kiwoom,2025,2025-07-09,@ LG,RP,,13.5,3.0,0 ⅔,13,1,1,2,0,0,0,0,,Away,잠실 야구장,18:30,34.5
윤석원,Kiwoom,2025,2025-07-06,vs. Hanwha,RP,,0.0,1.0,1,15,0,0,0,0,1,1,0,,Home,고척 스카이돔,14:00,25.5
윤석원,Kiwoom,2025,2025-06-29,vs. Samsung,RP,H,0.0,1.0,1,14,0,0,0,0,0,1,0,,Home,고척 스카이돔,14:00,25.5
윤석원,Kiwoom,2025,2025-06-28,vs. Samsung,RP,,0.0,1.0,1,8,0,0,1,0,1,0,0,,Home,고척 스카이돔,17:00,25.5
윤석원,Kiwoom,2025,2025-06-25,vs. Kia,RP,,0.0,1.0,1,19,0,0,1,0,1,0,0,,Home,고척 스카이돔,18:30,25.5
윤석원,Kiwoom,2025,2025-06-22,@ Hanwha,RP,,0.0,0.0,1,13,0,0,0,0,0,0,0,,Away,대전 한화생명 볼파크,17:00,28.2
윤석원,Kiwoom,2025,2025-05-20,vs. Samsung,RP,,27.0,4.0,1,29,3,3,2,0,1,2,0,,Home,고척 스카이돔,18:30,25.5
윤석원,Kiwoom,2025,2025-05-05,vs. Kia,RP,,54.0,7.0,1,34,6,6,6,1,1,1,0,,Home,고척 스카이돔,14:00,25.5
윤석원,Kiwoom,2025,2025-05-04,@ KT,RP,,27.0,3.0,0 ⅔,22,2,2,1,0,0,1,1,,Away,수원 KT 위즈파크,14:00,19.3
윤석원,Kiwoom,2025,2025-05-01,vs. Lotte,RP,,0.0,0.0,1 ⅓,20,0,0,0,0,0,0,0,,Home,고척 스카이돔,18:30,25.5
백승현,LG,2025,2025-06-10,vs. SSG,RP,,27.0,6.0,0 ⅓,14,1,1,1,0,0,1,0,,Home,잠실 야구장,18:30,24.8
백승현,LG,2025,2025-06-04,@ NC,RP,,9.0,2.0,1,14,1,1,1,1,0,1,0,,Away,창원 NC 파크,18:30,23.8
백승현,LG,2025,2025-06-03,@ NC,RP,,0.0,1.0,1,15,0,0,0,0,1,1,0,,Away,창원 NC 파크,18:30,25.4
백승현,LG,2025,2025-05-30,vs. Samsung,RP,,9.0,2.0,1,23,1,1,0,0,1,2,0,,Home,잠실 야구장,18:30,27.4
백승현,LG,2025,2025-05-28,vs. Hanwha,RP,,0.0,1.2,1 ⅔,22,0,0,0,0,1,2,0,,Home,잠실 야구장,18:30,23.5
백승현,LG,2025,2025-05-25,@ SSG,RP,,0.0,0.0,1,12,0,0,0,0,1,0,0,,Away,인천 SSG 랜더스필드,14:00,18.2
백승현,LG,2025,2025-05-22,@ Lotte,RP,,0.0,1.5,0 ⅔,13,0,0,1,0,0,0,0,,Away,사직 야구장,18:30,17.4
백승현,LG,2025,2025-05-20,@ Lotte,RP,,0.0,1.5,2,32,0,0,1,0,0,2,0,,Away,사직 야구장,18:30,22.4
백승현,LG,2025,2025-05-17,vs. KT,RP,,0.0,,0,10,0,0,1,0,0,1,0,,Home,잠실 야구장,17:00,18.9
백승현,LG,2025,2025-05-14,vs. Kiwoom,RP,,0.0,0.0,1,13,0,0,0,0,2,0,0,,Home,잠실 야구장,18:30,24.0
백승현,LG,2025,2025-05-05,@ Doosan,RP,,13.5,4.5,0 ⅔,23,1,1,2,0,0,1,0,,Away,잠실 야구장,14:00,14.8
백승현,LG,2025,2025-04-30,@ Hanwha,RP,,0.0,0.0,0 ⅓,4,0,0,0,0,0,0,0,,Away,대전 한화생명 볼파크,18:30,26.7
백승현,LG,2025,2025-04-26,@ Kia,RP,,0.0,1.5,1 ⅓,22,0,0,1,0,2,1,0,,Away,광주 기아 챔피언스 필드,17:00,21.9
백승현,LG,2025,2025-04-24,vs. NC,RP,,5.4,2.4,1 ⅔,26,1,1,2,0,1,2,0,,Home,잠실 야구장,18:30,17.0
백승현,LG,2025,2025-04-20,@ SSG,RP,,9.0,2.0,1,15,1,1,1,0,0,1,0,,Away,인천 SSG 랜더스필드,14:00,19.5
백승현,LG,2025,2025-04-19,@ SSG,RP,H,0.0,1.5,0 ⅔,22,0,0,1,0,1,0,0,,Away,인천 SSG 랜더스필드,17:00,10.9
백승현,LG,2025,2025-04-16,vs. Samsung,RP,,0.0,0.0,1,12,0,0,0,0,2,0,0,,Home,잠실 야구장,18:30,21.1
백승현,LG,2025,2025-04-13,vs. Doosan,RP,,0.0,0.5,2,29,0,0,1,0,3,0,0,,Home,잠실 야구장,14:00,-0.1
백승현,LG,2025,2025-04-08,@ Kiwoom,RP,,0.0,3.0,1,25,0,0,1,0,1,2,0,,Away,고척 스카이돔,18:30,25.5
백승현,LG,2025,2025-04-03,@ KT,RP,H,0.0,2.0,1,20,0,0,0,0,1,2,0,,Away,수원 KT 위즈파크,18:30,12.2
백승현,LG,2025,2025-03-28,@ NC,RP,W,0.0,1.5,0 ⅔,14,0,0,0,0,2,1,0,,Away,창원 NC 파크,18:30,12.2
백승현,LG,2025,2025-03-23,vs. Lotte,RP,,0.0,,0,14,1,1,2,0,0,1,0,,Home,잠실 야구장,14:00,23.3
함덕주,LG,2025,2025-07-04,@ Samsung,RP,,0.0,1.0,1,8,0,0,1,0,0,0,0,,Away,대구 삼성 라이온즈 파크,18:30,30.0
함덕주,LG,2025,2025-07-02,@ Lotte,RP,,0.0,1.0,1,17,0,0,0,0,3,1,0,,Away,사직 야구장,18:30,30.0
함덕주,LG,2025,2025-06-29,vs. Kia,RP,,40.5,4.5,0 ⅔,21,3,3,1,0,0,2,0,,Home,잠실 야구장,17:00,31.1
임찬규,LG,2025,2025-07-08,vs. Kiwoom,SP,,3.0,1.17,6,93,3,2,6,1,5,1,0,54.0,Home,잠실 야구장,18:30,36.2
임찬규,LG,2025,2025-07-02,@ Lotte,SP,L,6.35,1.06,5 ⅔,97,5,4,5,1,5,1,0,45.0,Away,사직 야구장,18:30,30.0
임찬규,LG,2025,2025-06-26,@ KT,SP,,3.6,1.2,5,90,2,2,5,1,3,1,1,50.0,Away,수원 KT 위즈파크,18:30,25.8
임찬규,LG,2025,2025-06-14,@ Hanwha,SP,,0.0,0.67,6,89,0,0,2,0,3,2,1,68.0,Away,대전 한화생명 볼파크,17:00,29.9
임찬규,LG,2025,2025-06-07,@ Kiwoom,SP,L,5.4,1.4,5,72,3,3,6,0,1,1,0,43.0,Away,고척 스카이돔,17:00,25.5
임찬규,LG,2025,2025-06-01,vs. Samsung,SP,,5.4,1.6,5,106,3,3,7,0,4,1,0,44.0,Home,잠실 야구장,17:00,25.6
임찬규,LG,2025,2025-05-27,vs. Hanwha,SP,W,1.29,1.0,7,90,1,1,5,0,7,2,0,68.0,Home,잠실 야구장,18:30,24.9
임찬규,LG,2025,2025-05-21,@ Lotte,SP,,9.64,2.79,4 ⅔,86,5,5,11,0,1,2,0,21.0,Away,사직 야구장,18:30,23.1
임찬규,LG,2025,2025-05-15,vs. Kiwoom,SP,W,1.29,0.57,7,82,1,1,4,0,6,0,2,69.0,Home,잠실 야구장,18:30,21.7
임찬규,LG,2025,2025-05-10,@ Samsung,SP,W,0.0,1.17,6,92,1,0,2,0,5,5,0,66.0,Away,대구 삼성 라이온즈 파크,17:00,17.6
임찬규,LG,2025,2025-05-03,vs. SSG,SP,W,1.5,1.17,6,88,1,1,4,0,3,3,0,60.0,Home,잠실 야구장,17:00,12.8
임찬규,LG,2025,2025-04-27,@ Kia,SP,L,4.5,1.33,6,85,3,3,7,1,6,1,0,51.0,Away,광주 기아 챔피언스 필드,14:00,24.1
임찬규,LG,2025,2025-04-22,vs. NC,SP,,6.0,1.67,6,104,4,4,8,1,4,2,0,42.0,Home,잠실 야구장,18:30,17.5
임찬규,LG,2025,2025-04-16,vs. Samsung,SP,W,3.0,1.33,6,103,2,2,7,0,4,1,0,53.0,Home,잠실 야구장,18:30,21.1
임찬규,LG,2025,2025-04-10,@ Kiwoom,SP,W,1.29,0.71,7,80,1,1,5,1,5,0,0,68.0,Away,고척 스카이돔,18:30,25.5
임찬규,LG,2025,2025-04-03,@ KT,SP,W,1.59,1.76,5 ⅔,96,1,1,7,0,5,3,0,53.0,Away,수원 KT 위즈파크,18:30,12.2
임찬규,LG,2025,2025-03-26,vs. Hanwha,SP,W,0.0,0.44,9,100,0,0,2,0,5,2,0,86.0,Home,잠실 야구장,18:30,22.9
장현식,LG,2025,2025-07-10,vs. Kiwoom,RP,,0.0,0.0,2 ⅔,27,0,0,0,0,2,0,0,,Home,잠실 야구장,18:30,33.1
장현식,LG,2025,2025-07-09,vs. Kiwoom,RP,,0.0,1.0,1,13,0,0,1,0,0,0,0,,Home,잠실 야구장,18:30,34.5
장현식,LG,2025,2025-07-05,@ Samsung,RP,,9.0,3.0,1,18,1,1,3,1,0,0,0,,Away,대구 삼성 라이온즈 파크,18:00,30.5
장현식,LG,2025,2025-07-03,@ Lotte,RP,L,27.0,6.0,0 ⅓,5,2,1,1,0,0,1,0,,Away,사직 야구장,18:30,29.8
장현식,LG,2025,2025-07-01,@ Lotte,RP,H,13.5,1.5,0 ⅔,13,1,1,1,0,0,0,1,,Away,사직 야구장,18:30,29.8
장현식,LG,2025,2025-06-28,vs. Kia,RP,,0.0,1.5,1 ⅓,27,0,0,1,0,2,1,0,,Home,잠실 야구장,17:00,29.9
장현식,LG,2025,2025-06-27,vs. Kia,RP,H,0.0,6.0,0 ⅓,12,0,0,2,0,0,0,0,,Home,잠실 야구장,18:30,29.9
장현식,LG,2025,2025-06-24,@ KT,RP,,0.0,3.0,0 ⅓,6,0,0,0,0,0,1,0,,Away,수원 KT 위즈파크,18:30,26.7
장현식,LG,2025,2025-06-22,vs. Doosan,RP,,0.0,1.0,1,16,0,0,1,0,2,0,0,,Home,잠실 야구장,17:00,27.8
장현식,LG,2025,2025-06-18,vs. NC,RP,,13.5,3.0,0 ⅔,17,1,1,2,0,0,0,0,,Home,잠실 야구장,18:30,28.4
장현식,LG,2025,2025-06-17,vs. NC,RP,,9.0,2.0,1,21,1,1,2,0,1,0,2,,Home,잠실 야구장,18:30,28.6
장현식,LG,2025,2025-06-15,@ Hanwha,RP,,0.0,1.0,1,13,0,0,1,0,0,0,0,,Away,대전 한화생명 볼파크,17:00,30.9
장현식,LG,2025,2025-06-14,@ Hanwha,RP,,54.0,12.0,0 ⅓,23,2,2,4,0,1,0,0,,Away,대전 한화생명 볼파크,17:00,29.9
장현식,LG,2025,2025-06-11,vs. SSG,RP,SV,0.0,2.25,1 ⅓,29,0,0,2,0,1,1,0,,Home,잠실 야구장,18:30,25.8
장현식,LG,2025,2025-06-07,@ Kiwoom,RP,,0.0,0.0,1,13,0,0,0,0,1,0,0,,Away,고척 스카이돔,17:00,25.5
장현식,LG,2025,2025-05-11,@ Samsung,RP,SV,0.0,1.0,1,8,0,0,1,0,1,0,0,,Away,대구 삼성 라이온즈 파크,14:00,17.9
장현식,LG,2025,2025-05-10,@ Samsung,RP,SV,0.0,1.0,1,16,0,0,1,0,2,0,1,,Away,대구 삼성 라이온즈 파크,17:00,17.6
장현식,LG,2025,2025-05-10,@ Samsung,RP,SV,0.0,0.0,1,14,0,0,0,0,0,0,0,,Away,대구 삼성 라이온즈 파크,17:00,17.6
장현식,LG,2025,2025-05-06,@ Doosan,RP,,0.0,2.0,1,19,0,0,1,0,1,1,0,,Away,잠실 야구장,18:30,18.6
장현식,LG,2025,2025-05-03,vs. SSG,RP,SV,0.0,1.0,1,12,0,0,1,0,2,0,0,,Home,잠실 야구장,17:00,12.8
장현식,LG,2025,2025-05-02,vs. SSG,RP,,0.0,0.0,1,12,0,0,0,0,0,0,0,,Home,잠실 야구장,18:30,16.2
장현식,LG,2025,2025-04-25,@ Kia,RP,SV,0.0,1.0,1,12,0,0,1,0,1,0,0,,Away,광주 기아 챔피언스 필드,18:30,16.2
장현식,LG,2025,2025-04-23,vs. NC,RP,SV,0.0,2.0,1,25,0,0,1,0,0,1,0,,Home,잠실 야구장,18:30,21.9
장현식,LG,2025,2025-04-22,vs. NC,RP,L,9.0,3.0,1,19,1,1,3,0,0,0,0,,Home,잠실 야구장,18:30,17.5
장현식,LG,2025,2025-04-20,@ SSG,RP,,6.75,1.5,1 ⅓,24,1,1,2,1,4,0,0,,Away,인천 SSG 랜더스필드,14:00,19.5
장현식,LG,2025,2025-04-15,vs. Samsung,RP,SV,0.0,2.0,1,27,0,0,0,0,0,2,0,,Home,잠실 야구장,18:30,11.5
장현식,LG,2025,2025-04-12,vs. Doosan,RP,,0.0,1.0,1,6,0,0,1,0,0,0,0,,Home,잠실 야구장,17:00,17.1
장현식,LG,2025,2025-04-11,vs. Doosan,RP,SV,0.0,0.0,1,16,0,0,0,0,0,0,0,,Home,잠실 야구장,18:30,21.7
장현식,LG,2025,2025-04-06,vs. Kia,RP,,0.0,0.0,1,15,0,0,0,0,2,0,0,,Home,잠실 야구장,14:00,15.2
장현식,LG,2025,2025-04-04,vs. Kia,RP,,0.0,0.0,1,10,0,0,0,0,1,0,0,,Home,잠실 야구장,18:30,13.4
김진성,LG,2025,2025-07-09,vs. Kiwoom,RP,,0.0,3.0,0 ⅔,16,0,0,2,0,1,0,0,,Home,잠실 야구장,18:30,34.5
김진성,LG,2025,2025-07-08,vs. Kiwoom,RP,W,0.0,0.0,1,14,0,0,0,0,1,0,0,,Home,잠실 야구장,18:30,36.2
김진성,LG,2025,2025-07-06,@ Samsung,RP,H,0.0,0.0,1,18,0,0,0,0,1,0,0,,Away,대구 삼성 라이온즈 파크,17:00,29.9
김진성,LG,2025,2025-07-05,@ Samsung,RP,,13.5,3.0,0 ⅔,22,1,1,1,0,2,1,0,,Away,대구 삼성 라이온즈 파크,18:00,30.5
김진성,LG,2025,2025-07-01,@ Lotte,RP,H,0.0,1.0,1,12,0,0,1,0,1,0,0,,Away,사직 야구장,18:30,29.8
김진성,LG,2025,2025-06-29,vs. Kia,RP,,13.5,1.5,0 ⅔,15,1,1,1,0,0,0,0,,Home,잠실 야구장,17:00,31.1
김진성,LG,2025,2025-06-27,vs. Kia,RP,W,9.0,1.0,1,17,1,1,1,1,2,0,0,,Home,잠실 야구장,18:30,29.9
김진성,LG,2025,2025-06-26,@ KT,RP,,0.0,0.0,0 ⅓,6,0,0,0,0,0,0,0,,Away,수원 KT 위즈파크,18:30,25.8
김진성,LG,2025,2025-06-24,@ KT,RP,,27.0,6.0,0 ⅔,22,2,2,3,0,0,1,0,,Away,수원 KT 위즈파크,18:30,26.7
김진성,LG,2025,2025-06-21,vs. Doosan,RP,,0.0,1.5,0 ⅔,14,0,0,1,0,0,0,0,,Home,잠실 야구장,17:00,25.6
김진성,LG,2025,2025-06-18,vs. NC,RP,H,0.0,0.0,0 ⅔,9,0,0,0,0,0,0,0,,Home,잠실 야구장,18:30,28.4
김진성,LG,2025,2025-06-17,vs. NC,RP,,0.0,0.0,1,8,0,0,0,0,0,0,0,,Home,잠실 야구장,18:30,28.6
김진성,LG,2025,2025-06-15,@ Hanwha,RP,,27.0,9.0,0 ⅓,15,1,1,3,0,1,0,0,,Away,대전 한화생명 볼파크,17:00,30.9
김진성,LG,2025,2025-06-14,@ Hanwha,RP,,0.0,0.0,0 ⅔,1,0,0,0,0,0,0,0,,Away,대전 한화생명 볼파크,17:00,29.9
김진성,LG,2025,2025-06-12,vs. SSG,RP,H,0.0,2.0,1,18,0,0,1,0,2,1,0,,Home,잠실 야구장,18:30,29.0
김진성,LG,2025,2025-06-11,vs. SSG,RP,,0.0,0.75,1 ⅓,17,0,0,0,0,0,1,0,,Home,잠실 야구장,18:30,25.8
김진성,LG,2025,2025-06-06,@ Kiwoom,RP,,9.0,1.0,1,14,1,1,1,1,1,0,0,,Away,고척 스카이돔,18:30,25.5
김진성,LG,2025,2025-06-05,@ NC,RP,H,0.0,1.5,0 ⅔,17,0,0,0,0,0,1,0,,Away,창원 NC 파크,18:30,23.5
김진성,LG,2025,2025-06-01,vs. Samsung,RP,H,0.0,2.0,1,21,0,0,1,0,1,1,0,,Home,잠실 야구장,17:00,25.6
김진성,LG,2025,2025-05-31,vs. Samsung,RP,,0.0,1.0,1,12,0,0,1,0,0,0,0,,Home,잠실 야구장,17:00,25.6
김진성,LG,2025,2025-05-28,vs. Hanwha,RP,,0.0,0.0,1,14,0,0,0,0,1,0,0,,Home,잠실 야구장,18:30,23.5
김진성,LG,2025,2025-05-27,vs. Hanwha,RP,H,0.0,0.0,1,13,0,0,0,0,1,0,0,,Home,잠실 야구장,18:30,24.9
김진성,LG,2025,2025-05-24,@ SSG,RP,L,27.0,9.0,0 ⅓,16,1,1,2,0,1,1,0,,Away,인천 SSG 랜더스필드,17:00,18.7
김진성,LG,2025,2025-05-23,@ SSG,RP,H,0.0,1.0,1,16,0,0,0,0,2,1,0,,Away,인천 SSG 랜더스필드,18:30,20.8
김진성,LG,2025,2025-05-21,@ Lotte,RP,,13.5,1.5,1 ⅓,29,2,2,2,1,2,0,0,,Away,사직 야구장,18:30,23.1
김진성,LG,2025,2025-05-18,vs. KT,RP,SV,0.0,0.0,1 ⅓,11,0,0,0,0,1,0,0,,Home,잠실 야구장,14:00,20.1
김진성,LG,2025,2025-05-17,vs. KT,RP,H,40.5,4.5,0 ⅔,28,3,3,1,0,1,2,0,,Home,잠실 야구장,17:00,18.9
김진성,LG,2025,2025-05-15,vs. Kiwoom,RP,H,0.0,1.5,0 ⅔,11,1,0,1,0,0,0,0,,Home,잠실 야구장,18:30,21.7
김진성,LG,2025,2025-05-13,vs. Kiwoom,RP,W,0.0,0.0,1 ⅓,22,0,0,0,0,1,0,0,,Home,잠실 야구장,18:30,24.6
김진성,LG,2025,2025-05-10,@ Samsung,RP,H,0.0,0.0,1,20,0,0,0,0,0,0,0,,Away,대구 삼성 라이온즈 파크,17:00,17.6
김진성,LG,2025,2025-05-10,@ Samsung,RP,H,0.0,2.0,1,21,0,0,1,0,1,1,0,,Away,대구 삼성 라이온즈 파크,17:00,17.6
김진성,LG,2025,2025-05-07,@ Doosan,RP,H,0.0,0.0,1,12,0,0,0,0,0,0,0,,Away,잠실 야구장,18:30,18.1
김진성,LG,2025,2025-05-06,@ Doosan,RP,,0.0,1.0,1,23,0,0,1,0,0,0,0,,Away,잠실 야구장,18:30,18.6
김진성,LG,2025,2025-05-03,vs. SSG,RP,,0.0,9.0,0 ⅓,15,0,0,1,0,0,2,0,,Home,잠실 야구장,17:00,12.8
김진성,LG,2025,2025-04-30,@ Hanwha,RP,L,18.0,2.0,1,14,2,2,2,1,0,0,0,,Away,대전 한화생명 볼파크,18:30,26.7
김진성,LG,2025,2025-04-29,@ Hanwha,RP,,0.0,0.0,1,14,0,0,0,0,1,0,0,,Away,대전 한화생명 볼파크,18:30,20.2
김진성,LG,2025,2025-04-27,@ Kia,RP,,0.0,3.0,0 ⅔,10,0,0,1,0,0,1,0,,Away,광주 기아 챔피언스 필드,14:00,24.1
김진성,LG,2025,2025-04-25,@ Kia,RP,,0.0,1.2,1 ⅔,22,0,0,1,0,2,1,0,,Away,광주 기아 챔피언스 필드,18:30,16.2
김진성,LG,2025,2025-04-23,vs. NC,RP,H,0.0,0.0,1,11,0,0,0,0,3,0,0,,Home,잠실 야구장,18:30,21.9
김진성,LG,2025,2025-04-22,vs. NC,RP,,0.0,0.0,1,15,0,0,0,0,1,0,0,,Home,잠실 야구장,18:30,17.5
김진성,LG,2025,2025-04-19,@ SSG,RP,H,9.0,2.0,1,30,1,1,2,0,2,0,0,,Away,인천 SSG 랜더스필드,17:00,10.9
김진성,LG,2025,2025-04-18,@ SSG,RP,,0.0,1.0,1,18,0,0,0,0,1,1,0,,Away,인천 SSG 랜더스필드,18:30,17.3
김진성,LG,2025,2025-04-15,vs. Samsung,RP,H,0.0,0.0,1,19,0,0,0,0,3,0,0,,Home,잠실 야구장,18:30,11.5
김진성,LG,2025,2025-04-12,vs. Doosan,RP,H,0.0,1.0,1,17,0,0,0,0,1,1,0,,Home,잠실 야구장,17:00,17.1
김진성,LG,2025,2025-04-04,vs. Kia,RP,H,0.0,0.0,1,13,0,0,0,0,0,0,0,,Home,잠실 야구장,18:30,13.4
김진성,LG,2025,2025-04-03,@ KT,RP,H,0.0,0.0,1,17,0,0,0,0,1,0,0,,Away,수원 KT 위즈파크,18:30,12.2
김진성,LG,2025,2025-03-28,@ NC,RP,,54.0,12.0,0 ⅓,24,2,2,2,0,1,2,0,,Away,창원 NC 파크,18:30,12.2
김진성,LG,2025,2025-03-25,vs. Hanwha,RP,H,0.0,1.0,1,14,0,0,1,0,0,0,0,,Home,잠실 야구장,18:30,13.3
김진성,LG,2025,2025-03-23,vs. Lotte,RP,H,0.0,1.0,1,19,0,0,1,0,1,0,0,,Home,잠실 야구장,14:00,23.3
김영우,LG,2025,2025-07-04,@ Samsung,RP,,0.0,3.0,1,27,1,0,1,0,1,2,0,,Away,대구 삼성 라이온즈 파크,18:30,30.0
김영우,LG,2025,2025-06-29,vs. Kia,RP,,0.0,3.0,0 ⅓,6,0,0,1,0,0,0,0,,Home,잠실 야구장,17:00,31.1
김영우,LG,2025,2025-06-28,vs. Kia,RP,,0.0,1.0,2,17,0,0,1,0,2,1,0,,Home,잠실 야구장,17:00,29.9
김영우,LG,2025,2025-06-24,@ KT,RP,,18.0,2.0,1,22,2,2,1,1,1,1,0,,Away,수원 KT 위즈파크,18:30,26.7
김영우,LG,2025,2025-06-21,vs. Doosan,RP,,0.0,0.0,1,14,0,0,0,0,1,0,0,,Home,잠실 야구장,17:00,25.6
김영우,LG,2025,2025-06-19,vs. NC,RP,,0.0,,0,10,0,0,1,0,0,1,0,,Home,잠실 야구장,18:30,30.9
김영우,LG,2025,2025-06-17,vs. NC,RP,,4.5,1.5,2,24,1,1,2,0,0,1,0,,Home,잠실 야구장,18:30,28.6
김영우,LG,2025,2025-06-15,@ Hanwha,RP,,0.0,2.0,1,12,0,0,1,0,0,1,0,,Away,대전 한화생명 볼파크,17:00,30.9
김영우,LG,2025,2025-06-14,@ Hanwha,RP,,0.0,6.0,0 ⅓,9,0,0,1,0,1,1,0,,Away,대전 한화생명 볼파크,17:00,29.9
김영우,LG,2025,2025-06-11,vs. SSG,RP,,13.5,3.0,0 ⅔,15,1,1,2,0,0,0,0,,Home,잠실 야구장,18:30,25.8
김영우,LG,2025,2025-06-08,@ Kiwoom,RP,,0.0,2.0,1,16,0,0,2,0,0,0,0,,Away,고척 스카이돔,14:00,25.5
김영우,LG,2025,2025-06-06,@ Kiwoom,RP,L,9.0,1.0,1,9,1,1,1,1,1,0,0,,Away,고척 스카이돔,18:30,25.5
김영우,LG,2025,2025-06-01,vs. Samsung,RP,,13.5,6.0,0 ⅔,13,1,1,3,0,0,1,0,,Home,잠실 야구장,17:00,25.6
김영우,LG,2025,2025-05-31,vs. Samsung,RP,,0.0,1.0,1,16,0,0,1,0,1,0,0,,Home,잠실 야구장,17:00,25.6
김영우,LG,2025,2025-05-29,vs. Hanwha,RP,SV,0.0,1.0,1,18,0,0,0,0,2,1,0,,Home,잠실 야구장,18:30,25.2
김영우,LG,2025,2025-05-28,vs. Hanwha,RP,,0.0,0.75,1 ⅓,10,0,0,1,0,1,0,0,,Home,잠실 야구장,18:30,23.5
김영우,LG,2025,2025-05-25,@ SSG,RP,,0.0,3.0,0 ⅓,9,0,0,1,0,1,0,0,,Away,인천 SSG 랜더스필드,14:00,18.2
김영우,LG,2025,2025-05-24,@ SSG,RP,,0.0,0.0,1 ⅓,9,0,0,0,0,0,0,0,,Away,인천 SSG 랜더스필드,17:00,18.7
김영우,LG,2025,2025-05-20,@ Lotte,RP,,0.0,2.0,1,35,0,0,2,0,1,0,0,,Away,사직 야구장,18:30,22.4
김영우,LG,2025,2025-05-17,vs. KT,RP,L,27.0,6.0,0 ⅓,15,1,1,1,0,0,1,0,,Home,잠실 야구장,17:00,18.9
김영우,LG,2025,2025-05-17,vs. KT,RP,,0.0,1.0,1,15,0,0,1,0,2,0,0,,Home,잠실 야구장,17:00,18.9
김영우,LG,2025,2025-05-14,vs. Kiwoom,RP,,0.0,1.0,1,8,0,0,1,0,0,0,0,,Home,잠실 야구장,18:30,24.0
김영우,LG,2025,2025-05-10,@ Samsung,RP,,0.0,,0,8,0,0,1,0,0,0,0,,Away,대구 삼성 라이온즈 파크,17:00,17.6
김영우,LG,2025,2025-05-07,@ Doosan,RP,,0.0,1.5,2,31,0,0,1,0,2,2,0,,Away,잠실 야구장,18:30,18.1
김영우,LG,2025,2025-05-04,vs. SSG,RP,,0.0,1.0,1,9,0,0,1,0,1,0,0,,Home,잠실 야구장,14:00,19.7
김영우,LG,2025,2025-05-02,vs. SSG,RP,,0.0,6.0,0 ⅓,16,0,0,0,0,1,2,0,,Home,잠실 야구장,18:30,16.2
김영우,LG,2025,2025-04-27,@ Kia,RP,,0.0,3.0,0 ⅔,10,0,0,1,0,0,1,0,,Away,광주 기아 챔피언스 필드,14:00,24.1
김영우,LG,2025,2025-04-25,@ Kia,RP,W,0.0,1.0,1,18,0,0,0,0,3,1,0,,Away,광주 기아 챔피언스 필드,18:30,16.2
김영우,LG,2025,2025-04-24,vs. NC,RP,,0.0,0.0,1,12,0,0,0,0,1,0,0,,Home,잠실 야구장,18:30,17.0
김영우,LG,2025,2025-04-22,vs. NC,RP,,27.0,3.0,0 ⅓,7,1,1,1,0,1,0,0,,Home,잠실 야구장,18:30,17.5
김영우,LG,2025,2025-04-20,@ SSG,RP,,9.0,1.0,1,19,1,1,1,0,3,0,0,,Away,인천 SSG 랜더스필드,14:00,19.5
김영우,LG,2025,2025-04-19,@ SSG,RP,H,0.0,0.0,0 ⅓,2,0,0,0,0,0,0,0,,Away,인천 SSG 랜더스필드,17:00,10.9
김영우,LG,2025,2025-04-17,vs. Samsung,RP,,6.75,1.5,1 ⅓,25,1,1,1,0,3,1,0,,Home,잠실 야구장,18:30,21.4
김영우,LG,2025,2025-04-13,vs. Doosan,RP,,0.0,3.0,1,27,0,0,1,0,1,2,0,,Home,잠실 야구장,14:00,-0.1
김영우,LG,2025,2025-04-10,@ Kiwoom,RP,,0.0,1.0,1,17,0,0,0,0,1,1,0,,Away,고척 스카이돔,18:30,25.5
김영우,LG,2025,2025-04-04,vs. Kia,RP,,0.0,2.0,1,21,0,0,1,0,1,1,0,,Home,잠실 야구장,18:30,13.4
김영우,LG,2025,2025-04-02,@ KT,RP,,0.0,0.0,1,12,0,0,0,0,0,0,0,,Away,수원 KT 위즈파크,18:30,7.9
김영우,LG,2025,2025-03-29,@ NC,RP,,0.0,1.0,1,11,0,0,1,0,2,0,0,,Away,창원 NC 파크,17:00,8.8
이지강,LG,2025,2025-07-09,vs. Kiwoom,RP,,9.0,2.0,1,17,1,1,1,0,1,1,0,,Home,잠실 야구장,18:30,34.5
이지강,LG,2025,2025-07-04,@ Samsung,RP,,27.0,6.0,0 ⅓,10,1,1,2,0,1,0,0,,Away,대구 삼성 라이온즈 파크,18:30,30.0
이지강,LG,2025,2025-07-02,@ Lotte,RP,,0.0,0.0,0 ⅓,13,0,0,0,0,0,0,0,,Away,사직 야구장,18:30,30.0
이지강,LG,2025,2025-06-28,vs. Kia,RP,,0.0,1.5,2 ⅔,53,0,0,3,0,3,1,0,,Home,잠실 야구장,17:00,29.9
이지강,LG,2025,2025-06-26,@ KT,RP,,13.5,3.0,0 ⅔,18,1,1,1,0,0,1,0,,Away,수원 KT 위즈파크,18:30,25.8
이지강,LG,2025,2025-06-22,vs. Doosan,RP,,0.0,0.0,1,11,0,0,0,0,0,0,0,,Home,잠실 야구장,17:00,27.8
이지강,LG,2025,2025-06-21,vs. Doosan,RP,,0.0,0.0,1,11,0,0,0,0,1,0,0,,Home,잠실 야구장,17:00,25.6
이지강,LG,2025,2025-06-19,vs. NC,RP,,0.0,1.5,0 ⅔,13,0,0,0,0,1,1,0,,Home,잠실 야구장,18:30,30.9
이지강,LG,2025,2025-06-18,vs. NC,RP,,0.0,2.0,1,21,1,0,1,0,2,1,0,,Home,잠실 야구장,18:30,28.4
이지강,LG,2025,2025-06-15,@ Hanwha,RP,,81.0,9.0,0 ⅓,16,3,3,3,0,0,0,0,,Away,대전 한화생명 볼파크,17:00,30.9
이지강,LG,2025,2025-06-14,@ Hanwha,RP,,0.0,6.0,0 ⅓,23,0,0,0,0,0,2,0,,Away,대전 한화생명 볼파크,17:00,29.9
이지강,LG,2025,2025-06-12,vs. SSG,RP,H,0.0,0.75,1 ⅓,23,0,0,1,0,4,0,0,,Home,잠실 야구장,18:30,29.0
이지강,LG,2025,2025-06-10,vs. SSG,RP,,0.0,0.43,2 ⅓,32,0,0,1,0,2,0,0,,Home,잠실 야구장,18:30,24.8
이지강,LG,2025,2025-06-07,@ Kiwoom,RP,,0.0,3.0,0 ⅓,7,0,0,1,0,0,0,0,,Away,고척 스카이돔,17:00,25.5
이지강,LG,2025,2025-06-04,@ NC,RP,,9.0,3.0,1,23,1,1,3,0,0,0,0,,Away,창원 NC 파크,18:30,23.8
이지강,LG,2025,2025-06-01,vs. Samsung,RP,H,0.0,3.0,0 ⅔,14,0,0,0,0,0,2,0,,Home,잠실 야구장,17:00,25.6
이지강,LG,2025,2025-05-31,vs. Samsung,RP,,0.0,0.0,1,9,0,0,0,0,0,0,0,,Home,잠실 야구장,17:00,25.6
이지강,LG,2025,2025-05-29,vs. Hanwha,RP,H,0.0,1.0,1,9,0,0,1,0,0,0,0,,Home,잠실 야구장,18:30,25.2
이지강,LG,2025,2025-05-28,vs. Hanwha,RP,,0.0,0.0,1,16,0,0,0,0,1,0,0,,Home,잠실 야구장,18:30,23.5
이지강,LG,2025,2025-05-24,@ SSG,RP,,0.0,2.0,1,20,0,0,1,0,1,1,0,,Away,인천 SSG 랜더스필드,17:00,18.7
이지강,LG,2025,2025-05-21,@ Lotte,RP,,0.0,1.0,2,33,0,0,2,0,2,0,0,,Away,사직 야구장,18:30,23.1
이지강,LG,2025,2025-04-26,@ Kia,SP,L,18.0,3.33,3,65,6,6,8,2,1,2,0,18.0,Away,광주 기아 챔피언스 필드,17:00,21.9
이지강,LG,2025,2025-04-19,@ SSG,RP,W,13.5,3.0,2,54,3,3,2,0,1,4,0,,Away,인천 SSG 랜더스필드,17:00,10.9
이지강,LG,2025,2025-04-16,vs. Samsung,RP,,0.0,0.0,1,14,0,0,0,0,1,0,0,,Home,잠실 야구장,18:30,21.1
이지강,LG,2025,2025-04-13,vs. Doosan,RP,,9.0,2.0,1,17,1,1,1,1,0,1,0,,Home,잠실 야구장,14:00,-0.1
이지강,LG,2025,2025-04-12,vs. Doosan,RP,H,0.0,0.0,0 ⅔,12,0,0,0,0,2,0,0,,Home,잠실 야구장,17:00,17.1
이지강,LG,2025,2025-04-09,@ Kiwoom,RP,,0.0,1.2,1 ⅔,28,0,0,1,0,1,1,0,,Away,고척 스카이돔,18:30,25.5
이지강,LG,2025,2025-04-02,@ KT,RP,,2.7,0.6,3 ⅓,53,1,1,2,0,4,0,0,,Away,수원 KT 위즈파크,18:30,7.9
이지강,LG,2025,2025-03-28,@ NC,RP,SV,0.0,0.5,2,26,0,0,1,0,2,0,0,,Away,창원 NC 파크,18:30,12.2
박명근,LG,2025,2025-07-10,vs. Kiwoom,RP,,0.0,6.0,0 ⅓,15,0,0,1,0,0,1,0,,Home,잠실 야구장,18:30,33.1
박명근,LG,2025,2025-06-28,vs. Kia,RP,L,54.0,6.0,0 ⅓,15,2,2,1,0,0,1,0,,Home,잠실 야구장,17:00,29.9
박명근,LG,2025,2025-06-26,@ KT,RP,,0.0,0.0,1,7,0,0,0,0,0,0,0,,Away,수원 KT 위즈파크,18:30,25.8
박명근,LG,2025,2025-06-21,vs. Doosan,RP,,0.0,0.0,1,3,0,0,0,0,0,0,0,,Home,잠실 야구장,17:00,25.6
박명근,LG,2025,2025-06-19,vs. NC,RP,,0.0,0.0,1 ⅓,16,0,0,0,0,0,0,0,,Home,잠실 야구장,18:30,30.9
박명근,LG,2025,2025-06-17,vs. NC,RP,,27.0,6.0,0 ⅓,11,1,1,1,0,1,1,0,,Home,잠실 야구장,18:30,28.6
박명근,LG,2025,2025-06-14,@ Hanwha,RP,,0.0,1.8,1 ⅔,21,0,0,3,0,0,0,0,,Away,대전 한화생명 볼파크,17:00,29.9
박명근,LG,2025,2025-06-12,vs. SSG,RP,,18.0,3.0,1,25,2,2,2,0,1,1,0,,Home,잠실 야구장,18:30,29.0
박명근,LG,2025,2025-06-11,vs. SSG,RP,W,0.0,0.0,1,14,0,0,0,0,1,0,0,,Home,잠실 야구장,18:30,25.8
박명근,LG,2025,2025-06-07,@ Kiwoom,RP,,0.0,1.0,1,9,0,0,0,0,0,1,0,,Away,고척 스카이돔,17:00,25.5
박명근,LG,2025,2025-06-05,@ NC,RP,H,0.0,6.0,0 ⅓,11,0,0,1,0,0,1,1,,Away,창원 NC 파크,18:30,23.5
박명근,LG,2025,2025-06-01,vs. Samsung,RP,L,18.0,2.0,1,21,2,2,2,1,1,0,0,,Home,잠실 야구장,17:00,25.6
박명근,LG,2025,2025-05-28,vs. Hanwha,RP,L,27.0,3.0,0 ⅔,19,2,2,1,1,1,1,0,,Home,잠실 야구장,18:30,23.5
박명근,LG,2025,2025-05-27,vs. Hanwha,RP,SV,0.0,0.0,1,11,0,0,0,0,1,0,0,,Home,잠실 야구장,18:30,24.9
박명근,LG,2025,2025-05-23,@ SSG,RP,SV,9.0,3.0,1,27,1,1,3,0,2,0,0,,Away,인천 SSG 랜더스필드,18:30,20.8
박명근,LG,2025,2025-05-21,@ Lotte,RP,,0.0,1.0,1,11,0,0,0,0,0,1,1,,Away,사직 야구장,18:30,23.1
박명근,LG,2025,2025-05-20,@ Lotte,RP,,0.0,2.0,1,22,0,0,1,0,2,1,0,,Away,사직 야구장,18:30,22.4
박명근,LG,2025,2025-05-18,vs. KT,RP,H,0.0,0.0,0 ⅔,10,0,0,0,0,1,0,0,,Home,잠실 야구장,14:00,20.1
박명근,LG,2025,2025-05-17,vs. KT,RP,H,6.75,1.5,1 ⅓,22,1,1,2,1,0,0,0,,Home,잠실 야구장,17:00,18.9
박명근,LG,2025,2025-05-15,vs. Kiwoom,RP,H,0.0,3.0,0 ⅓,7,0,0,1,0,1,0,0,,Home,잠실 야구장,18:30,21.7
박명근,LG,2025,2025-05-13,vs. Kiwoom,RP,SV,0.0,2.0,1,22,0,0,2,0,1,0,1,,Home,잠실 야구장,18:30,24.6
박명근,LG,2025,2025-05-11,@ Samsung,RP,W,0.0,0.0,1,13,0,0,0,0,2,0,0,,Away,대구 삼성 라이온즈 파크,14:00,17.9
박명근,LG,2025,2025-05-10,@ Samsung,RP,H,9.0,1.0,1,21,1,1,1,1,2,0,0,,Away,대구 삼성 라이온즈 파크,17:00,17.6
박명근,LG,2025,2025-05-07,@ Doosan,RP,L,0.0,,0,12,4,4,3,0,0,1,0,,Away,잠실 야구장,18:30,18.1
박명근,LG,2025,2025-05-02,vs. SSG,RP,,0.0,0.6,1 ⅔,29,0,0,0,0,1,1,1,,Home,잠실 야구장,18:30,16.2
박명근,LG,2025,2025-04-29,@ Hanwha,RP,,0.0,0.0,1,15,0,0,0,0,0,0,0,,Away,대전 한화생명 볼파크,18:30,20.2
박명근,LG,2025,2025-04-27,@ Kia,RP,,0.0,0.0,0 ⅔,5,0,0,0,0,0,0,0,,Away,광주 기아 챔피언스 필드,14:00,24.1
박명근,LG,2025,2025-04-25,@ Kia,RP,H,0.0,1.0,1,18,0,0,1,0,1,0,0,,Away,광주 기아 챔피언스 필드,18:30,16.2
박명근,LG,2025,2025-04-23,vs. NC,RP,H,0.0,0.0,1,12,0,0,0,0,1,0,0,,Home,잠실 야구장,18:30,21.9
박명근,LG,2025,2025-04-18,@ SSG,RP,,0.0,1.0,1,13,0,0,1,0,1,0,0,,Away,인천 SSG 랜더스필드,18:30,17.3
박명근,LG,2025,2025-04-15,vs. Samsung,RP,H,0.0,0.0,1,8,0,0,0,0,1,0,0,,Home,잠실 야구장,18:30,11.5
박명근,LG,2025,2025-04-12,vs. Doosan,RP,H,0.0,6.0,0 ⅓,14,0,0,1,0,1,1,0,,Home,잠실 야구장,17:00,17.1
박명근,LG,2025,2025-04-11,vs. Doosan,RP,H,0.0,0.0,1,13,0,0,0,0,2,0,0,,Home,잠실 야구장,18:30,21.7
박명근,LG,2025,2025-04-06,vs. Kia,RP,,0.0,1.0,1,15,0,0,1,0,1,0,0,,Home,잠실 야구장,14:00,15.2
박명근,LG,2025,2025-04-03,@ KT,RP,SV,0.0,0.0,1 ⅓,14,0,0,0,0,0,0,0,,Away,수원 KT 위즈파크,18:30,12.2
박명근,LG,2025,2025-03-27,vs. Hanwha,RP,W,0.0,1.0,1,11,0,0,0,0,0,1,0,,Home,잠실 야구장,18:30,13.6
손주영,LG,2025,2025-07-09,vs. Kiwoom,SP,W,6.75,1.69,5 ⅓,94,4,4,8,0,2,1,0,37.0,Home,잠실 야구장,18:30,34.5
손주영,LG,2025,2025-07-03,@ Lotte,SP,,0.0,1.0,6,92,0,0,5,0,8,1,0,69.0,Away,사직 야구장,18:30,29.8
손주영,LG,2025,2025-06-27,vs. Kia,SP,,1.5,0.83,6,94,2,1,4,0,3,1,0,60.0,Home,잠실 야구장,18:30,29.9
손주영,LG,2025,2025-06-21,vs. Doosan,RP,L,54.0,9.0,0 ⅓,14,2,2,3,0,0,0,0,,Home,잠실 야구장,17:00,25.6
손주영,LG,2025,2025-06-10,vs. SSG,SP,L,7.71,2.57,4 ⅔,101,5,4,10,0,2,2,1,25.0,Home,잠실 야구장,18:30,24.8
손주영,LG,2025,2025-06-04,@ NC,SP,L,7.2,2.2,5,95,4,4,9,1,3,2,1,33.0,Away,창원 NC 파크,18:30,23.8
손주영,LG,2025,2025-05-29,vs. Hanwha,SP,W,1.29,0.86,7,102,1,1,5,0,6,1,0,68.0,Home,잠실 야구장,18:30,25.2
손주영,LG,2025,2025-05-23,@ SSG,SP,W,1.29,0.57,7,99,1,1,2,0,11,2,0,78.0,Away,인천 SSG 랜더스필드,18:30,20.8
손주영,LG,2025,2025-05-17,vs. KT,SP,L,7.71,2.36,4 ⅔,101,4,4,7,0,4,4,0,34.0,Home,잠실 야구장,17:00,18.9
손주영,LG,2025,2025-05-10,@ Samsung,SP,W,4.5,1.33,6,104,3,3,6,0,6,2,0,52.0,Away,대구 삼성 라이온즈 파크,17:00,17.6
손주영,LG,2025,2025-05-02,vs. SSG,SP,L,3.6,1.4,5,96,2,2,5,1,4,2,0,51.0,Home,잠실 야구장,18:30,16.2
손주영,LG,2025,2025-04-25,@ Kia,SP,,7.36,2.73,3 ⅔,77,5,3,7,0,7,3,1,34.0,Away,광주 기아 챔피언스 필드,18:30,16.2
손주영,LG,2025,2025-04-19,@ SSG,SP,,0.0,0.33,3,38,0,0,1,0,5,0,0,62.0,Away,인천 SSG 랜더스필드,17:00,10.9
손주영,LG,2025,2025-04-13,vs. Doosan,SP,L,18.0,3.0,3,71,6,6,6,0,2,3,0,22.0,Home,잠실 야구장,14:00,-0.1
손주영,LG,2025,2025-04-08,@ Kiwoom,SP,W,1.29,0.71,7,76,1,1,5,0,5,0,0,68.0,Away,고척 스카이돔,18:30,25.5
손주영,LG,2025,2025-03-29,@ NC,SP,W,6.0,1.17,6,101,4,4,6,3,6,1,0,49.0,Away,창원 NC 파크,17:00,8.8
손주영,LG,2025,2025-03-23,vs. Lotte,SP,W,0.0,0.43,7,96,0,0,1,0,5,2,0,78.0,Home,잠실 야구장,14:00,23.3
이정용,LG,2025,2025-07-09,vs. Kiwoom,RP,,9.0,1.0,1,18,1,1,1,1,0,0,0,,Home,잠실 야구장,18:30,34.5
이정용,LG,2025,2025-07-08,vs. Kiwoom,RP,H,0.0,0.0,1,10,0,0,0,0,1,0,0,,Home,잠실 야구장,18:30,36.2
이정용,LG,2025,2025-07-06,@ Samsung,RP,H,0.0,6.0,0 ⅓,13,0,0,2,0,0,0,0,,Away,대구 삼성 라이온즈 파크,17:00,29.9
이정용,LG,2025,2025-07-05,@ Samsung,RP,L,27.0,9.0,0 ⅓,27,1,1,1,0,0,2,0,,Away,대구 삼성 라이온즈 파크,18:00,30.5
이정용,LG,2025,2025-07-03,@ Lotte,RP,,0.0,0.0,1,10,0,0,0,0,1,0,0,,Away,사직 야구장,18:30,29.8
이정용,LG,2025,2025-07-01,@ Lotte,RP,W,0.0,0.5,2,12,0,0,1,0,0,0,0,,Away,사직 야구장,18:30,29.8
이정용,LG,2025,2025-06-29,vs. Kia,RP,,16.2,1.8,1 ⅔,26,3,3,2,0,1,1,0,,Home,잠실 야구장,17:00,31.1
이정용,LG,2025,2025-06-27,vs. Kia,RP,H,0.0,0.0,0 ⅔,9,0,0,0,0,1,0,0,,Home,잠실 야구장,18:30,29.9
이정용,LG,2025,2025-06-26,@ KT,RP,W,0.0,1.0,1,13,0,0,1,0,1,0,0,,Away,수원 KT 위즈파크,18:30,25.8
이정용,LG,2025,2025-06-21,vs. Doosan,RP,,0.0,0.0,1,10,0,0,0,0,0,0,0,,Home,잠실 야구장,17:00,25.6
이정용,LG,2025,2025-06-18,vs. NC,RP,H,0.0,2.0,1,18,0,0,0,0,1,2,0,,Home,잠실 야구장,18:30,28.4
유영찬,LG,2025,2025-07-10,vs. Kiwoom,RP,L,0.0,0.6,1 ⅔,24,1,0,1,0,1,0,1,,Home,잠실 야구장,18:30,33.1
유영찬,LG,2025,2025-07-08,vs. Kiwoom,RP,SV,0.0,1.0,1,15,0,0,1,0,1,0,0,,Home,잠실 야구장,18:30,36.2
유영찬,LG,2025,2025-07-06,@ Samsung,RP,SV,0.0,0.6,1 ⅔,24,0,0,1,0,2,0,0,,Away,대구 삼성 라이온즈 파크,17:00,29.9
유영찬,LG,2025,2025-07-05,@ Samsung,RP,,0.0,1.5,0 ⅔,14,0,0,1,0,1,0,0,,Away,대구 삼성 라이온즈 파크,18:00,30.5
유영찬,LG,2025,2025-07-03,@ Lotte,RP,,0.0,1.5,0 ⅔,12,0,0,1,0,2,0,0,,Away,사직 야구장,18:30,29.8
유영찬,LG,2025,2025-07-01,@ Lotte,RP,SV,0.0,0.75,1 ⅓,14,0,0,0,0,1,1,0,,Away,사직 야구장,18:30,29.8
유영찬,LG,2025,2025-06-27,vs. Kia,RP,SV,0.0,2.0,1,17,0,0,1,0,0,1,0,,Home,잠실 야구장,18:30,29.9
유영찬,LG,2025,2025-06-26,@ KT,RP,SV,0.0,1.0,1,14,0,0,0,0,1,1,0,,Away,수원 KT 위즈파크,18:30,25.8
유영찬,LG,2025,2025-06-22,vs. Doosan,RP,,0.0,1.0,1,14,0,0,0,0,1,1,0,,Home,잠실 야구장,17:00,27.8
유영찬,LG,2025,2025-06-18,vs. NC,RP,W,0.0,0.0,1,11,0,0,0,0,1,0,0,,Home,잠실 야구장,18:30,28.4
유영찬,LG,2025,2025-06-14,@ Hanwha,RP,,0.0,0.0,1 ⅔,15,0,0,0,0,1,0,0,,Away,대전 한화생명 볼파크,17:00,29.9
유영찬,LG,2025,2025-06-08,@ Kiwoom,RP,,18.0,4.0,1,18,2,2,3,1,1,1,0,,Away,고척 스카이돔,14:00,25.5
유영찬,LG,2025,2025-06-05,@ NC,RP,SV,0.0,0.0,1 ⅔,21,0,0,0,0,3,0,0,,Away,창원 NC 파크,18:30,23.5
유영찬,LG,2025,2025-06-01,vs. Samsung,RP,,0.0,0.0,0 ⅔,12,0,0,0,0,1,0,0,,Home,잠실 야구장,17:00,25.6
송승기,LG,2025,2025-07-10,vs. Kiwoom,SP,,6.23,2.54,4 ⅓,103,3,3,5,0,3,6,0,38.0,Home,잠실 야구장,18:30,33.1
송승기,LG,2025,2025-07-04,@ Samsung,SP,L,3.18,1.59,5 ⅔,110,2,2,7,1,1,2,0,46.0,Away,대구 삼성 라이온즈 파크,18:30,30.0
송승기,LG,2025,2025-06-28,vs. Kia,SP,,27.0,3.43,2 ⅓,71,7,7,7,1,2,1,0,16.0,Home,잠실 야구장,17:00,29.9
송승기,LG,2025,2025-06-22,vs. Doosan,SP,W,1.5,1.5,6,100,1,1,6,1,4,3,0,57.0,Home,잠실 야구장,17:00,27.8
송승기,LG,2025,2025-06-15,@ Hanwha,SP,L,8.31,2.08,4 ⅓,90,5,4,6,0,2,3,0,32.0,Away,대전 한화생명 볼파크,17:00,30.9
송승기,LG,2025,2025-06-08,@ Kiwoom,SP,W,0.0,0.57,7,97,0,0,2,0,5,2,1,75.0,Away,고척 스카이돔,14:00,25.5
송승기,LG,2025,2025-06-03,@ NC,SP,W,0.0,0.33,6,79,0,0,1,0,7,1,0,76.0,Away,창원 NC 파크,18:30,25.4
송승기,LG,2025,2025-05-25,@ SSG,SP,W,0.0,1.05,6 ⅔,108,0,0,4,0,9,3,0,72.0,Away,인천 SSG 랜더스필드,14:00,18.2
송승기,LG,2025,2025-05-20,@ Lotte,SP,W,5.4,1.6,5,97,3,3,7,1,4,1,0,44.0,Away,사직 야구장,18:30,22.4
송승기,LG,2025,2025-05-14,vs. Kiwoom,SP,W,0.0,1.0,6,108,0,0,4,0,5,2,0,67.0,Home,잠실 야구장,18:30,24.0
송승기,LG,2025,2025-05-05,@ Doosan,SP,L,6.0,1.33,6,99,4,4,8,1,5,0,0,45.0,Away,잠실 야구장,14:00,14.8
송승기,LG,2025,2025-04-29,@ Hanwha,SP,L,5.4,1.6,5,86,3,3,6,2,7,2,0,48.0,Away,대전 한화생명 볼파크,18:30,20.2
송승기,LG,2025,2025-04-23,vs. NC,SP,W,0.0,0.5,6,94,0,0,0,0,7,3,0,76.0,Home,잠실 야구장,18:30,21.9
송승기,LG,2025,2025-04-17,vs. Samsung,SP,L,7.71,1.71,4 ⅔,84,4,4,6,1,4,2,0,38.0,Home,잠실 야구장,18:30,21.4
송승기,LG,2025,2025-04-11,vs. Doosan,SP,,3.0,1.17,6,89,2,2,4,0,5,3,0,58.0,Home,잠실 야구장,18:30,21.7
송승기,LG,2025,2025-04-04,vs. Kia,SP,W,3.6,2.0,5,87,2,2,7,0,4,3,0,46.0,Home,잠실 야구장,18:30,13.4
송승기,LG,2025,2025-03-27,vs. Hanwha,SP,,0.0,0.29,7,94,0,0,1,0,5,1,0,79.0,Home,잠실 야구장,18:30,13.6
조동욱,Hanwha,2025,2025-07-09,vs. Kia,RP,W,0.0,0.0,2 ⅓,24,0,0,0,0,1,0,0,,Home,대전 한화생명 볼파크,18:30,32.1
조동욱,Hanwha,2025,2025-07-08,vs. Kia,RP,,0.0,3.0,0 ⅔,18,0,0,2,0,1,0,0,,Home,대전 한화생명 볼파크,18:30,33.6
조동욱,Hanwha,2025,2025-07-06,@ Kiwoom,RP,,0.0,3.0,0 ⅔,15,0,0,1,0,1,1,0,,Away,고척 스카이돔,14:00,25.5
조동욱,Hanwha,2025,2025-07-03,vs. NC,RP,,13.5,1.5,0 ⅔,13,1,1,1,0,0,0,0,,Home,대전 한화생명 볼파크,18:30,32.0
조동욱,Hanwha,2025,2025-07-02,vs. NC,RP,,0.0,2.0,1,8,0,0,2,0,0,0,0,,Home,대전 한화생명 볼파크,18:30,32.4
조동욱,Hanwha,2025,2025-06-29,@ SSG,RP,,0.0,0.0,0 ⅔,6,0,0,0,0,0,0,0,,Away,인천 SSG 랜더스필드,17:00,29.8
조동욱,Hanwha,2025,2025-06-27,@ SSG,RP,,0.0,1.5,1 ⅓,29,0,0,1,0,1,1,0,,Away,인천 SSG 랜더스필드,18:30,28.2
조동욱,Hanwha,2025,2025-06-25,@ Samsung,RP,,13.5,4.5,0 ⅔,17,1,1,2,0,0,1,0,,Away,대구 삼성 라이온즈 파크,18:30,24.9
조동욱,Hanwha,2025,2025-06-22,vs. Kiwoom,RP,,0.0,,0,6,0,0,0,0,0,0,0,,Home,대전 한화생명 볼파크,17:00,28.2
조동욱,Hanwha,2025,2025-06-19,@ Lotte,RP,,0.0,6.0,0 ⅓,4,0,0,2,0,0,0,0,,Away,사직 야구장,18:30,27.6
조동욱,Hanwha,2025,2025-06-15,vs. LG,RP,,0.0,3.0,0 ⅔,11,0,0,2,0,1,0,0,,Home,대전 한화생명 볼파크,17:00,30.9
조동욱,Hanwha,2025,2025-06-11,vs. Doosan,SP,W,1.8,1.2,5,65,1,1,4,1,2,2,0,55.0,Home,대전 한화생명 볼파크,18:30,25.3
조동욱,Hanwha,2025,2025-06-05,vs. KT,RP,,10.13,2.25,2 ⅔,58,3,3,5,0,3,1,0,,Home,대전 한화생명 볼파크,18:30,23.7
조동욱,Hanwha,2025,2025-06-04,vs. KT,RP,,0.0,0.0,0 ⅔,10,0,0,0,0,1,0,0,,Home,대전 한화생명 볼파크,18:30,22.1
조동욱,Hanwha,2025,2025-06-01,@ NC,RP,,81.0,9.0,0 ⅓,11,3,3,3,0,0,0,0,,Away,창원 NC 파크,17:00,23.3
조동욱,Hanwha,2025,2025-05-28,@ LG,RP,SV,0.0,3.0,0 ⅔,16,0,0,1,0,1,1,0,,Away,잠실 야구장,18:30,23.5
조동욱,Hanwha,2025,2025-05-27,@ LG,RP,,0.0,0.0,0 ⅓,6,0,0,0,0,0,0,0,,Away,잠실 야구장,18:30,24.9
조동욱,Hanwha,2025,2025-05-25,vs. Lotte,RP,H,0.0,1.0,1,20,0,0,1,0,0,0,0,,Home,대전 한화생명 볼파크,14:00,23.2
조동욱,Hanwha,2025,2025-05-24,vs. Lotte,RP,,0.0,0.0,0 ⅔,5,0,0,0,0,0,0,0,,Home,대전 한화생명 볼파크,17:00,14.4
조동욱,Hanwha,2025,2025-05-21,@ NC,RP,,0.0,1.0,1,14,0,0,0,0,0,1,0,,Away,창원 NC 파크,18:30,23.5
조동욱,Hanwha,2025,2025-05-18,vs. SSG,RP,,0.0,1.5,0 ⅔,17,2,0,0,0,0,1,0,,Home,대전 한화생명 볼파크,14:00,21.7
조동욱,Hanwha,2025,2025-05-17,vs. SSG,RP,,0.0,3.0,0 ⅓,10,0,0,1,0,0,0,0,,Home,대전 한화생명 볼파크,17:00,23.4
조동욱,Hanwha,2025,2025-05-14,vs. Doosan,RP,,0.0,0.6,1 ⅔,26,0,0,1,0,2,0,0,,Home,대전 한화생명 볼파크,18:30,26.4
조동욱,Hanwha,2025,2025-05-13,vs. Doosan,RP,,0.0,0.0,0 ⅓,8,0,0,0,0,0,0,0,,Home,대전 한화생명 볼파크,18:30,24.2
조동욱,Hanwha,2025,2025-05-09,@ Kiwoom,RP,,0.0,4.0,1,21,0,0,2,0,0,2,0,,Away,고척 스카이돔,18:30,25.5
조동욱,Hanwha,2025,2025-05-07,vs. Samsung,RP,,0.0,,0,7,0,0,0,0,0,1,0,,Home,대전 한화생명 볼파크,18:30,19.5
조동욱,Hanwha,2025,2025-05-06,vs. Samsung,RP,H,0.0,0.0,0 ⅓,6,0,0,0,0,1,0,0,,Home,대전 한화생명 볼파크,18:30,16.9
조동욱,Hanwha,2025,2025-05-02,@ Kia,RP,,0.0,0.0,0 ⅓,7,0,0,0,0,0,0,1,,Away,광주 기아 챔피언스 필드,18:30,17.3
조동욱,Hanwha,2025,2025-04-20,vs. NC,RP,,0.0,,0,3,0,0,1,0,0,0,0,,Home,대전 한화생명 볼파크,14:00,21.5
조동욱,Hanwha,2025,2025-04-17,@ SSG,RP,H,0.0,1.0,1,8,0,0,1,0,1,0,0,,Away,인천 SSG 랜더스필드,18:30,16.8
조동욱,Hanwha,2025,2025-04-16,@ SSG,RP,,0.0,0.0,1,8,0,0,0,0,0,0,0,,Away,인천 SSG 랜더스필드,18:30,18.0
조동욱,Hanwha,2025,2025-04-12,vs. Kiwoom,RP,,4.5,2.5,2,36,1,1,4,1,2,1,0,,Home,대전 한화생명 볼파크,17:00,19.3
조동욱,Hanwha,2025,2025-04-11,vs. Kiwoom,RP,,0.0,3.0,0 ⅔,22,0,0,2,0,0,0,0,,Home,대전 한화생명 볼파크,18:30,24.0
조동욱,Hanwha,2025,2025-04-08,@ Doosan,RP,,0.0,3.0,0 ⅓,9,0,0,1,0,0,0,1,,Away,잠실 야구장,18:30,16.8
조동욱,Hanwha,2025,2025-04-06,@ Samsung,RP,,4.5,1.0,2,23,1,1,2,0,0,0,0,,Away,대구 삼성 라이온즈 파크,14:00,16.6
조동욱,Hanwha,2025,2025-04-05,@ Samsung,RP,,0.0,0.0,0 ⅔,5,0,0,0,0,0,0,0,,Away,대구 삼성 라이온즈 파크,17:00,13.4
조동욱,Hanwha,2025,2025-04-02,vs. Lotte,RP,,3.86,1.29,2 ⅓,37,1,1,2,0,1,1,2,,Home,대전 한화생명 볼파크,18:30,11.0
조동욱,Hanwha,2025,2025-03-30,vs. Kia,RP,,13.5,3.0,0 ⅔,14,1,1,2,0,2,0,0,,Home,대전 한화생명 볼파크,14:00,5.1
조동욱,Hanwha,2025,2025-03-27,@ LG,RP,,0.0,2.4,1 ⅔,39,0,0,1,0,0,3,0,,Away,잠실 야구장,18:30,13.6
한승혁,Hanwha,2025,2025-07-10,vs. Kia,RP,W,0.0,0.0,1,13,0,0,0,0,2,0,0,,Home,대전 한화생명 볼파크,18:30,32.1
한승혁,Hanwha,2025,2025-07-09,vs. Kia,RP,,9.0,2.0,1,18,1,1,2,1,1,0,0,,Home,대전 한화생명 볼파크,18:30,32.1
한승혁,Hanwha,2025,2025-07-05,@ Kiwoom,RP,SV,0.0,2.0,1,19,0,0,1,0,0,1,0,,Away,고척 스카이돔,18:00,25.5
한승혁,Hanwha,2025,2025-07-03,vs. NC,RP,,0.0,0.0,2,14,0,0,0,0,1,0,0,,Home,대전 한화생명 볼파크,18:30,32.0
한승혁,Hanwha,2025,2025-07-02,vs. NC,RP,,0.0,2.0,1,13,0,0,2,0,0,0,0,,Home,대전 한화생명 볼파크,18:30,32.4
한승혁,Hanwha,2025,2025-06-27,@ SSG,RP,,0.0,,0,12,1,1,1,0,0,2,0,,Away,인천 SSG 랜더스필드,18:30,28.2
한승혁,Hanwha,2025,2025-06-26,@ Samsung,RP,H,0.0,2.0,1,21,0,0,0,0,1,2,0,,Away,대구 삼성 라이온즈 파크,18:30,24.9
한승혁,Hanwha,2025,2025-06-22,vs. Kiwoom,RP,,0.0,0.0,1,8,0,0,0,0,1,0,0,,Home,대전 한화생명 볼파크,17:00,28.2
한승혁,Hanwha,2025,2025-06-19,@ Lotte,RP,,0.0,1.0,1,11,0,0,1,0,0,0,0,,Away,사직 야구장,18:30,27.6
한승혁,Hanwha,2025,2025-06-15,vs. LG,RP,,0.0,1.0,1,12,0,0,1,0,1,0,0,,Home,대전 한화생명 볼파크,17:00,30.9
한승혁,Hanwha,2025,2025-06-14,vs. LG,RP,,27.0,6.0,0 ⅓,8,1,1,1,0,0,1,0,,Home,대전 한화생명 볼파크,17:00,29.9
한승혁,Hanwha,2025,2025-06-12,vs. Doosan,RP,H,0.0,3.0,0 ⅔,11,0,0,1,0,0,1,1,,Home,대전 한화생명 볼파크,18:30,27.0
한승혁,Hanwha,2025,2025-06-10,vs. Doosan,RP,,0.0,0.0,0 ⅔,8,0,0,0,0,0,0,0,,Home,대전 한화생명 볼파크,18:30,26.6
한승혁,Hanwha,2025,2025-06-08,@ Kia,RP,,0.0,1.0,1,15,0,0,1,0,1,0,1,,Away,광주 기아 챔피언스 필드,17:00,28.7
한승혁,Hanwha,2025,2025-06-07,@ Kia,RP,,0.0,0.0,1,11,0,0,0,0,2,0,0,,Away,광주 기아 챔피언스 필드,17:00,27.2
한승혁,Hanwha,2025,2025-06-04,vs. KT,RP,H,0.0,1.0,1,13,0,0,1,0,0,0,1,,Home,대전 한화생명 볼파크,18:30,22.1
한승혁,Hanwha,2025,2025-05-31,@ NC,RP,,0.0,1.5,0 ⅔,13,1,0,0,0,0,1,0,,Away,창원 NC 파크,17:00,26.8
한승혁,Hanwha,2025,2025-05-30,@ NC,RP,,0.0,0.0,1,14,0,0,0,0,1,0,0,,Away,창원 NC 파크,18:30,19.5
한승혁,Hanwha,2025,2025-05-28,@ LG,RP,,0.0,2.0,1,11,0,0,2,0,0,0,0,,Away,잠실 야구장,18:30,23.5
한승혁,Hanwha,2025,2025-05-25,vs. Lotte,RP,,9.0,2.0,1,27,1,1,1,1,1,1,0,,Home,대전 한화생명 볼파크,14:00,23.2
한승혁,Hanwha,2025,2025-05-24,vs. Lotte,RP,,0.0,1.2,1 ⅔,29,0,0,1,0,3,1,0,,Home,대전 한화생명 볼파크,17:00,14.4
한승혁,Hanwha,2025,2025-05-20,@ NC,RP,,13.5,3.0,0 ⅔,27,1,1,0,0,1,2,1,,Away,창원 NC 파크,18:30,22.9
한승혁,Hanwha,2025,2025-05-13,vs. Doosan,RP,,18.0,3.0,1,27,2,2,3,1,1,0,0,,Home,대전 한화생명 볼파크,18:30,24.2
한승혁,Hanwha,2025,2025-05-09,@ Kiwoom,RP,W,0.0,1.0,1,15,0,0,0,0,0,1,0,,Away,고척 스카이돔,18:30,25.5
한승혁,Hanwha,2025,2025-05-06,vs. Samsung,RP,SV,0.0,1.0,1,18,0,0,1,0,1,0,0,,Home,대전 한화생명 볼파크,18:30,16.9
한승혁,Hanwha,2025,2025-05-04,@ Kia,RP,H,0.0,0.0,1,12,0,0,0,0,2,0,0,,Away,광주 기아 챔피언스 필드,14:00,20.3
한승혁,Hanwha,2025,2025-05-02,@ Kia,RP,,0.0,0.0,1,16,0,0,0,0,2,0,1,,Away,광주 기아 챔피언스 필드,18:30,17.3
한승혁,Hanwha,2025,2025-04-30,vs. LG,RP,H,0.0,0.0,1,10,0,0,0,0,1,0,0,,Home,대전 한화생명 볼파크,18:30,26.7
한승혁,Hanwha,2025,2025-04-29,vs. LG,RP,H,0.0,1.0,1,14,0,0,1,0,1,0,0,,Home,대전 한화생명 볼파크,18:30,20.2
한승혁,Hanwha,2025,2025-04-27,vs. KT,RP,,0.0,0.0,1,11,0,0,0,0,1,0,0,,Home,대전 한화생명 볼파크,14:00,24.3
한승혁,Hanwha,2025,2025-04-26,vs. KT,RP,H,0.0,0.0,0 ⅓,7,0,0,0,0,0,0,0,,Home,대전 한화생명 볼파크,17:00,20.4
한승혁,Hanwha,2025,2025-04-25,vs. KT,RP,,0.0,1.0,1,25,0,0,1,0,1,0,0,,Home,대전 한화생명 볼파크,18:30,16.9
한승혁,Hanwha,2025,2025-04-23,@ Lotte,RP,H,0.0,2.0,1,12,0,0,2,0,0,0,0,,Away,사직 야구장,18:30,13.9
한승혁,Hanwha,2025,2025-04-20,vs. NC,RP,,0.0,1.0,1,6,0,0,1,0,0,0,0,,Home,대전 한화생명 볼파크,14:00,21.5
한승혁,Hanwha,2025,2025-04-16,@ SSG,RP,,0.0,0.0,0 ⅔,8,0,0,0,0,1,0,0,,Away,인천 SSG 랜더스필드,18:30,18.0
한승혁,Hanwha,2025,2025-04-15,@ SSG,RP,H,0.0,1.0,1,14,0,0,0,0,1,1,0,,Away,인천 SSG 랜더스필드,18:30,5.7
한승혁,Hanwha,2025,2025-04-13,vs. Kiwoom,RP,,0.0,1.0,1,15,0,0,1,0,1,0,0,,Home,대전 한화생명 볼파크,14:00,7.9
한승혁,Hanwha,2025,2025-04-09,@ Doosan,RP,H,0.0,0.0,1,12,0,0,0,0,0,0,0,,Away,잠실 야구장,18:30,14.9
한승혁,Hanwha,2025,2025-04-08,@ Doosan,RP,,0.0,3.0,0 ⅔,16,0,0,0,0,0,2,0,,Away,잠실 야구장,18:30,16.8
한승혁,Hanwha,2025,2025-04-06,@ Samsung,RP,,0.0,3.0,0 ⅔,15,1,0,2,0,1,0,0,,Away,대구 삼성 라이온즈 파크,14:00,16.6
한승혁,Hanwha,2025,2025-04-03,vs. Lotte,RP,,9.0,3.0,1,16,1,1,3,0,0,0,0,,Home,대전 한화생명 볼파크,18:30,14.9
한승혁,Hanwha,2025,2025-03-30,vs. Kia,RP,,0.0,0.0,1,8,0,0,0,0,0,0,0,,Home,대전 한화생명 볼파크,14:00,5.1
한승혁,Hanwha,2025,2025-03-27,@ LG,RP,L,18.0,4.0,1,28,2,2,3,0,1,1,0,,Away,잠실 야구장,18:30,13.6
한승혁,Hanwha,2025,2025-03-23,@ KT,RP,L,27.0,3.0,0 ⅓,10,1,1,0,0,0,1,0,,Away,수원 KT 위즈파크,14:00,22.7
황준서,Hanwha,2025,2025-07-10,vs. Kia,SP,,1.42,0.47,6 ⅓,90,1,1,3,0,6,0,0,69.0,Home,대전 한화생명 볼파크,18:30,32.1
황준서,Hanwha,2025,2025-07-05,@ Kiwoom,RP,,0.0,0.0,1 ⅓,16,0,0,0,0,0,0,0,,Away,고척 스카이돔,18:00,25.5
황준서,Hanwha,2025,2025-07-01,vs. NC,RP,,0.0,1.29,2 ⅓,39,0,0,1,0,2,2,0,,Home,대전 한화생명 볼파크,18:30,33.2
황준서,Hanwha,2025,2025-06-29,@ SSG,RP,,0.0,,0,12,1,1,2,1,0,0,0,,Away,인천 SSG 랜더스필드,17:00,29.8
황준서,Hanwha,2025,2025-06-19,@ Lotte,SP,L,4.5,1.5,4,74,2,2,5,0,6,1,0,49.0,Away,사직 야구장,18:30,27.6
황준서,Hanwha,2025,2025-06-15,vs. LG,RP,W,0.0,1.5,1 ⅓,13,0,0,2,0,0,0,0,,Home,대전 한화생명 볼파크,17:00,30.9
황준서,Hanwha,2025,2025-06-07,@ Kia,SP,,0.0,0.8,5,86,1,0,1,0,5,3,1,64.0,Away,광주 기아 챔피언스 필드,17:00,27.2
황준서,Hanwha,2025,2025-06-01,@ NC,SP,L,7.94,1.41,5 ⅔,92,5,5,4,1,6,4,1,42.0,Away,창원 NC 파크,17:00,23.3
황준서,Hanwha,2025,2025-05-27,@ LG,SP,L,3.6,1.4,5,84,2,2,3,0,1,4,0,50.0,Away,잠실 야구장,18:30,24.9
황준서,Hanwha,2025,2025-05-21,@ NC,SP,,2.7,1.2,3 ⅓,58,2,1,2,0,4,2,0,52.0,Away,창원 NC 파크,18:30,23.5
정우주,Hanwha,2025,2025-06-10,vs. Doosan,RP,,27.0,9.0,0 ⅓,20,2,1,2,0,1,1,0,,Home,대전 한화생명 볼파크,18:30,26.6
정우주,Hanwha,2025,2025-06-08,@ Kia,RP,,0.0,,0,6,0,0,0,0,0,0,1,,Away,광주 기아 챔피언스 필드,17:00,28.7
정우주,Hanwha,2025,2025-06-05,vs. KT,RP,,0.0,1.8,1 ⅔,32,0,0,1,0,3,2,0,,Home,대전 한화생명 볼파크,18:30,23.7
정우주,Hanwha,2025,2025-06-03,vs. KT,RP,,0.0,1.0,1,18,0,0,0,0,0,1,0,,Home,대전 한화생명 볼파크,18:30,22.3
정우주,Hanwha,2025,2025-06-01,@ NC,RP,,0.0,,0,13,2,2,2,0,0,0,0,,Away,창원 NC 파크,17:00,23.3
정우주,Hanwha,2025,2025-05-29,@ LG,RP,,0.0,1.5,0 ⅔,21,0,0,0,0,0,1,1,,Away,잠실 야구장,18:30,25.2
정우주,Hanwha,2025,2025-05-27,@ LG,RP,,0.0,,0,8,0,0,0,0,0,1,1,,Away,잠실 야구장,18:30,24.9
정우주,Hanwha,2025,2025-05-25,vs. Lotte,RP,W,0.0,0.0,1,9,0,0,0,0,1,0,1,,Home,대전 한화생명 볼파크,14:00,23.2
정우주,Hanwha,2025,2025-05-21,@ NC,RP,,0.0,0.0,0 ⅔,11,0,0,0,0,1,0,1,,Away,창원 NC 파크,18:30,23.5
정우주,Hanwha,2025,2025-05-18,vs. SSG,RP,,27.0,3.0,0 ⅓,12,1,1,1,1,1,0,0,,Home,대전 한화생명 볼파크,14:00,21.7
정우주,Hanwha,2025,2025-05-17,vs. SSG,RP,,0.0,0.0,0 ⅔,11,0,0,0,0,2,0,0,,Home,대전 한화생명 볼파크,17:00,23.4
정우주,Hanwha,2025,2025-05-15,vs. Doosan,RP,,10.8,1.2,1 ⅔,24,2,2,2,2,1,0,0,,Home,대전 한화생명 볼파크,18:30,22.7
정우주,Hanwha,2025,2025-05-13,vs. Doosan,RP,,0.0,0.0,1,18,0,0,0,0,1,0,0,,Home,대전 한화생명 볼파크,18:30,24.2
정우주,Hanwha,2025,2025-05-10,@ Kiwoom,RP,,0.0,0.0,1,15,0,0,0,0,0,0,0,,Away,고척 스카이돔,17:00,25.5
정우주,Hanwha,2025,2025-05-06,vs. Samsung,RP,H,0.0,0.75,1 ⅓,21,0,0,0,0,0,1,0,,Home,대전 한화생명 볼파크,18:30,16.9
정우주,Hanwha,2025,2025-05-02,@ Kia,RP,W,0.0,0.75,1 ⅓,26,0,0,0,0,3,1,0,,Away,광주 기아 챔피언스 필드,18:30,17.3
정우주,Hanwha,2025,2025-04-27,vs. KT,RP,,81.0,9.0,0 ⅓,16,3,3,2,0,0,1,0,,Home,대전 한화생명 볼파크,14:00,24.3
정우주,Hanwha,2025,2025-04-25,vs. KT,RP,,0.0,0.0,1,11,0,0,0,0,1,0,0,,Home,대전 한화생명 볼파크,18:30,16.9
정우주,Hanwha,2025,2025-04-24,@ Lotte,RP,,0.0,0.0,0 ⅔,11,0,0,0,0,1,0,0,,Away,사직 야구장,18:30,16.6
정우주,Hanwha,2025,2025-04-18,vs. NC,RP,H,0.0,0.6,1 ⅔,25,0,0,1,0,3,0,0,,Home,대전 한화생명 볼파크,18:30,24.9
정우주,Hanwha,2025,2025-04-17,@ SSG,RP,H,0.0,0.0,1,13,0,0,0,0,2,0,0,,Away,인천 SSG 랜더스필드,18:30,16.8
정우주,Hanwha,2025,2025-04-11,vs. Kiwoom,RP,,0.0,0.75,1 ⅓,28,0,0,0,0,3,1,0,,Home,대전 한화생명 볼파크,18:30,24.0
정우주,Hanwha,2025,2025-04-08,@ Doosan,RP,,0.0,1.0,1,19,0,0,0,0,1,1,0,,Away,잠실 야구장,18:30,16.8
정우주,Hanwha,2025,2025-04-05,@ Samsung,RP,,0.0,0.0,0 ⅔,6,0,0,0,0,1,0,0,,Away,대구 삼성 라이온즈 파크,17:00,13.4
정우주,Hanwha,2025,2025-04-04,@ Samsung,RP,,0.0,1.0,1,20,0,0,1,0,2,0,0,,Away,대구 삼성 라이온즈 파크,18:30,12.3
정우주,Hanwha,2025,2025-04-02,vs. Lotte,RP,,9.0,1.0,1,17,1,1,1,1,2,0,0,,Home,대전 한화생명 볼파크,18:30,11.0
정우주,Hanwha,2025,2025-03-30,vs. Kia,RP,,0.0,1.0,1,12,0,0,1,0,1,0,0,,Home,대전 한화생명 볼파크,14:00,5.1
정우주,Hanwha,2025,2025-03-25,@ LG,RP,,0.0,,0,17,3,3,1,0,0,1,1,,Away,잠실 야구장,18:30,13.3
정우주,Hanwha,2025,2025-03-23,@ KT,RP,,0.0,0.0,1,17,0,0,0,0,1,0,0,,Away,수원 KT 위즈파크,14:00,22.7
주현상,Hanwha,2025,2025-07-09,vs. Kia,RP,,0.0,6.0,0 ⅓,13,0,0,0,0,0,2,0,,Home,대전 한화생명 볼파크,18:30,32.1
주현상,Hanwha,2025,2025-07-08,vs. Kia,RP,,0.0,0.0,1,7,0,0,0,0,0,0,0,,Home,대전 한화생명 볼파크,18:30,33.6
주현상,Hanwha,2025,2025-07-05,@ Kiwoom,RP,W,9.0,3.0,1,26,1,1,3,1,1,0,0,,Away,고척 스카이돔,18:00,25.5
주현상,Hanwha,2025,2025-07-03,vs. NC,RP,,0.0,,0,9,1,1,2,0,0,0,1,,Home,대전 한화생명 볼파크,18:30,32.0
주현상,Hanwha,2025,2025-07-01,vs. NC,RP,,0.0,1.0,1,17,0,0,1,0,2,0,0,,Home,대전 한화생명 볼파크,18:30,33.2
주현상,Hanwha,2025,2025-06-28,@ SSG,RP,,9.0,1.0,1,18,1,1,1,1,0,0,0,,Away,인천 SSG 랜더스필드,17:00,28.1
주현상,Hanwha,2025,2025-06-27,@ SSG,RP,H,9.0,2.0,1,19,1,1,2,0,1,0,0,,Away,인천 SSG 랜더스필드,18:30,28.2
주현상,Hanwha,2025,2025-06-22,vs. Kiwoom,RP,,27.0,4.5,0 ⅔,28,2,2,3,0,1,0,0,,Home,대전 한화생명 볼파크,17:00,28.2
주현상,Hanwha,2025,2025-06-19,@ Lotte,RP,,0.0,0.75,1 ⅓,18,0,0,1,0,2,0,0,,Away,사직 야구장,18:30,27.6
주현상,Hanwha,2025,2025-06-14,vs. LG,RP,,0.0,0.0,2,26,0,0,0,0,2,0,0,,Home,대전 한화생명 볼파크,17:00,29.9
주현상,Hanwha,2025,2025-06-12,vs. Doosan,RP,W,0.0,0.0,1,8,0,0,0,0,2,0,0,,Home,대전 한화생명 볼파크,18:30,27.0
주현상,Hanwha,2025,2025-06-11,vs. Doosan,RP,,0.0,0.0,1,12,0,0,0,0,2,0,0,,Home,대전 한화생명 볼파크,18:30,25.3
주현상,Hanwha,2025,2025-06-07,@ Kia,RP,,27.0,6.0,0 ⅓,10,1,1,1,0,0,1,0,,Away,광주 기아 챔피언스 필드,17:00,27.2
주현상,Hanwha,2025,2025-06-06,@ Kia,RP,,9.0,2.0,1,23,1,1,2,1,1,0,0,,Away,광주 기아 챔피언스 필드,18:30,22.6
주현상,Hanwha,2025,2025-06-04,vs. KT,RP,,0.0,1.0,1,12,0,0,1,0,1,0,0,,Home,대전 한화생명 볼파크,18:30,22.1
주현상,Hanwha,2025,2025-06-01,@ NC,RP,,27.0,3.0,0 ⅓,5,1,1,1,1,1,0,0,,Away,창원 NC 파크,17:00,23.3
주현상,Hanwha,2025,2025-05-31,@ NC,RP,H,0.0,1.0,1,17,0,0,1,0,0,0,0,,Away,창원 NC 파크,17:00,26.8
주현상,Hanwha,2025,2025-05-29,@ LG,RP,L,9.0,3.0,1,26,1,1,2,0,0,1,0,,Away,잠실 야구장,18:30,25.2
주현상,Hanwha,2025,2025-05-27,@ LG,RP,,0.0,0.0,1,15,0,0,0,0,1,0,0,,Away,잠실 야구장,18:30,24.9
주현상,Hanwha,2025,2025-05-25,vs. Lotte,RP,,0.0,0.0,1 ⅓,21,0,0,0,0,2,0,0,,Home,대전 한화생명 볼파크,14:00,23.2
주현상,Hanwha,2025,2025-05-24,vs. Lotte,RP,H,0.0,0.0,1,14,0,0,0,0,0,0,0,,Home,대전 한화생명 볼파크,17:00,14.4
주현상,Hanwha,2025,2025-05-22,@ NC,RP,,0.0,0.6,1 ⅔,25,0,0,1,0,2,0,0,,Away,창원 NC 파크,18:30,18.4
주현상,Hanwha,2025,2025-05-21,@ NC,RP,,0.0,1.5,1 ⅓,21,0,0,1,0,1,1,0,,Away,창원 NC 파크,18:30,23.5
주현상,Hanwha,2025,2025-05-18,vs. SSG,RP,,0.0,3.0,1,22,0,0,2,0,1,1,0,,Home,대전 한화생명 볼파크,14:00,21.7
주현상,Hanwha,2025,2025-05-15,vs. Doosan,RP,,6.75,2.25,1 ⅓,26,1,1,3,0,1,0,0,,Home,대전 한화생명 볼파크,18:30,22.7
주현상,Hanwha,2025,2025-03-26,@ LG,RP,,54.0,12.0,0 ⅓,19,2,2,3,0,0,1,0,,Away,잠실 야구장,18:30,22.9
주현상,Hanwha,2025,2025-03-23,@ KT,RP,,0.0,,0,3,0,0,1,0,0,0,1,,Away,수원 KT 위즈파크,14:00,22.7
김범수,Hanwha,2025,2025-07-10,vs. Kia,RP,,0.0,0.0,0 ⅓,4,0,0,0,0,1,0,0,,Home,대전 한화생명 볼파크,18:30,32.1
김범수,Hanwha,2025,2025-07-08,vs. Kia,RP,,0.0,1.0,1,13,0,0,1,0,0,0,0,,Home,대전 한화생명 볼파크,18:30,33.6
김범수,Hanwha,2025,2025-07-06,@ Kiwoom,RP,,0.0,0.0,1,11,0,0,0,0,1,0,0,,Away,고척 스카이돔,14:00,25.5
김범수,Hanwha,2025,2025-07-04,@ Kiwoom,RP,,0.0,0.0,0 ⅔,7,0,0,0,0,0,0,0,,Away,고척 스카이돔,18:30,25.5
김범수,Hanwha,2025,2025-07-03,vs. NC,RP,,0.0,0.75,1 ⅓,14,0,0,0,0,1,1,1,,Home,대전 한화생명 볼파크,18:30,32.0
김범수,Hanwha,2025,2025-07-01,vs. NC,RP,W,0.0,2.0,1,16,0,0,1,0,1,1,0,,Home,대전 한화생명 볼파크,18:30,33.2
김범수,Hanwha,2025,2025-06-29,@ SSG,RP,,0.0,0.0,0 ⅓,6,0,0,0,0,0,0,0,,Away,인천 SSG 랜더스필드,17:00,29.8
김범수,Hanwha,2025,2025-06-22,vs. Kiwoom,RP,,0.0,3.0,0 ⅓,10,0,0,1,0,1,0,0,,Home,대전 한화생명 볼파크,17:00,28.2
김범수,Hanwha,2025,2025-06-18,@ Lotte,RP,,0.0,3.0,0 ⅓,7,0,0,0,0,0,1,0,,Away,사직 야구장,18:30,23.1
김범수,Hanwha,2025,2025-06-15,vs. LG,RP,,0.0,0.0,0 ⅓,4,0,0,0,0,0,0,0,,Home,대전 한화생명 볼파크,17:00,30.9
김범수,Hanwha,2025,2025-06-14,vs. LG,RP,,0.0,,0,8,0,0,0,0,0,1,1,,Home,대전 한화생명 볼파크,17:00,29.9
김범수,Hanwha,2025,2025-06-12,vs. Doosan,RP,,0.0,,0,6,0,0,0,0,0,1,0,,Home,대전 한화생명 볼파크,18:30,27.0
김범수,Hanwha,2025,2025-06-10,vs. Doosan,RP,,0.0,0.0,0 ⅔,6,0,0,0,0,1,0,0,,Home,대전 한화생명 볼파크,18:30,26.6
김범수,Hanwha,2025,2025-06-07,@ Kia,RP,SV,0.0,0.0,0 ⅓,6,0,0,0,0,0,0,0,,Away,광주 기아 챔피언스 필드,17:00,27.2
김범수,Hanwha,2025,2025-06-06,@ Kia,RP,,0.0,1.0,1,13,0,0,1,0,1,0,0,,Away,광주 기아 챔피언스 필드,18:30,22.6
김범수,Hanwha,2025,2025-06-05,vs. KT,RP,,0.0,0.0,1,12,0,0,0,0,0,0,0,,Home,대전 한화생명 볼파크,18:30,23.7
김범수,Hanwha,2025,2025-06-03,vs. KT,RP,,0.0,0.0,1,15,0,0,0,0,2,0,0,,Home,대전 한화생명 볼파크,18:30,22.3
김범수,Hanwha,2025,2025-06-01,@ NC,RP,,13.5,3.0,0 ⅔,14,1,1,2,0,1,0,0,,Away,창원 NC 파크,17:00,23.3
김범수,Hanwha,2025,2025-05-29,@ LG,RP,,27.0,3.0,0 ⅓,6,1,1,1,0,0,0,0,,Away,잠실 야구장,18:30,25.2
김범수,Hanwha,2025,2025-05-27,@ LG,RP,,0.0,1.5,0 ⅔,13,0,0,1,0,1,0,0,,Away,잠실 야구장,18:30,24.9
김범수,Hanwha,2025,2025-05-24,vs. Lotte,RP,,0.0,6.0,0 ⅓,8,1,0,2,0,1,0,0,,Home,대전 한화생명 볼파크,17:00,14.4
김범수,Hanwha,2025,2025-05-22,@ NC,RP,,0.0,0.0,0 ⅓,5,0,0,0,0,0,0,0,,Away,창원 NC 파크,18:30,18.4
김범수,Hanwha,2025,2025-05-21,@ NC,RP,,0.0,0.0,0 ⅓,4,0,0,0,0,0,0,0,,Away,창원 NC 파크,18:30,23.5
김범수,Hanwha,2025,2025-05-18,vs. SSG,RP,,0.0,3.0,0 ⅓,10,0,0,0,0,1,1,0,,Home,대전 한화생명 볼파크,14:00,21.7
김범수,Hanwha,2025,2025-05-15,vs. Doosan,RP,,0.0,0.0,2,27,0,0,0,0,4,0,0,,Home,대전 한화생명 볼파크,18:30,22.7
김범수,Hanwha,2025,2025-05-13,vs. Doosan,RP,,0.0,0.0,0 ⅓,1,0,0,0,0,0,0,0,,Home,대전 한화생명 볼파크,18:30,24.2
김범수,Hanwha,2025,2025-05-10,@ Kiwoom,RP,,0.0,0.0,0 ⅓,5,0,0,0,0,1,0,0,,Away,고척 스카이돔,17:00,25.5
김범수,Hanwha,2025,2025-05-07,vs. Samsung,RP,H,0.0,0.6,1 ⅔,24,0,0,0,0,1,1,0,,Home,대전 한화생명 볼파크,18:30,19.5
김범수,Hanwha,2025,2025-05-06,vs. Samsung,RP,H,0.0,3.0,0 ⅓,10,0,0,0,0,0,1,0,,Home,대전 한화생명 볼파크,18:30,16.9
김범수,Hanwha,2025,2025-05-02,@ Kia,RP,,0.0,0.0,0 ⅓,2,0,0,0,0,0,0,0,,Away,광주 기아 챔피언스 필드,18:30,17.3
김범수,Hanwha,2025,2025-04-27,vs. KT,RP,SV,0.0,0.0,0 ⅓,2,0,0,0,0,0,0,0,,Home,대전 한화생명 볼파크,14:00,24.3
김범수,Hanwha,2025,2025-04-24,@ Lotte,RP,,0.0,,0,7,0,0,0,0,0,0,1,,Away,사직 야구장,18:30,16.6
김범수,Hanwha,2025,2025-04-18,vs. NC,RP,,0.0,0.0,1,11,0,0,0,0,2,0,0,,Home,대전 한화생명 볼파크,18:30,24.9
김범수,Hanwha,2025,2025-04-16,@ SSG,RP,,54.0,6.0,0 ⅓,8,2,2,2,0,1,0,0,,Away,인천 SSG 랜더스필드,18:30,18.0
김범수,Hanwha,2025,2025-04-13,vs. Kiwoom,RP,,0.0,6.0,0 ⅓,12,0,0,1,0,0,1,0,,Home,대전 한화생명 볼파크,14:00,7.9
김범수,Hanwha,2025,2025-04-12,vs. Kiwoom,RP,,0.0,3.0,0 ⅔,20,0,0,0,0,1,2,0,,Home,대전 한화생명 볼파크,17:00,19.3
김범수,Hanwha,2025,2025-04-10,@ Doosan,RP,,0.0,0.0,0 ⅔,13,0,0,0,0,2,0,0,,Away,잠실 야구장,18:30,15.8
김범수,Hanwha,2025,2025-04-08,@ Doosan,RP,,0.0,0.0,1,9,0,0,0,0,0,0,0,,Away,잠실 야구장,18:30,16.8
김범수,Hanwha,2025,2025-04-06,@ Samsung,RP,,0.0,0.0,0 ⅓,5,0,0,0,0,0,0,0,,Away,대구 삼성 라이온즈 파크,14:00,16.6
김범수,Hanwha,2025,2025-04-05,@ Samsung,RP,,0.0,0.0,0 ⅓,5,0,0,0,0,0,0,0,,Away,대구 삼성 라이온즈 파크,17:00,13.4
김범수,Hanwha,2025,2025-03-25,@ LG,RP,,0.0,,0,13,1,0,2,0,0,0,0,,Away,잠실 야구장,18:30,13.3
김종수,Hanwha,2025,2025-07-10,vs. Kia,RP,,0.0,1.0,1,15,0,0,1,0,1,0,0,,Home,대전 한화생명 볼파크,18:30,32.1
김종수,Hanwha,2025,2025-07-08,vs. Kia,RP,,108.0,12.0,0 ⅓,23,5,4,3,1,0,1,0,,Home,대전 한화생명 볼파크,18:30,33.6
김종수,Hanwha,2025,2025-07-06,@ Kiwoom,RP,,0.0,0.0,0 ⅓,3,0,0,0,0,0,0,0,,Away,고척 스카이돔,14:00,25.5
김종수,Hanwha,2025,2025-07-04,@ Kiwoom,RP,W,0.0,0.0,0 ⅓,5,0,0,0,0,1,0,0,,Away,고척 스카이돔,18:30,25.5
김종수,Hanwha,2025,2025-07-03,vs. NC,RP,,0.0,0.6,1 ⅔,23,0,0,1,0,1,0,0,,Home,대전 한화생명 볼파크,18:30,32.0
김종수,Hanwha,2025,2025-07-01,vs. NC,RP,,0.0,4.5,0 ⅔,20,0,0,1,0,2,2,0,,Home,대전 한화생명 볼파크,18:30,33.2
김종수,Hanwha,2025,2025-06-29,@ SSG,RP,,0.0,0.0,1 ⅓,17,0,0,0,0,1,0,0,,Away,인천 SSG 랜더스필드,17:00,29.8
김종수,Hanwha,2025,2025-06-25,@ Samsung,RP,,9.0,3.0,1,28,1,1,1,0,1,2,0,,Away,대구 삼성 라이온즈 파크,18:30,24.9
김종수,Hanwha,2025,2025-06-22,vs. Kiwoom,RP,,0.0,0.0,0 ⅔,10,0,0,0,0,0,0,0,,Home,대전 한화생명 볼파크,17:00,28.2
김종수,Hanwha,2025,2025-06-17,@ Lotte,RP,,0.0,1.0,1,23,0,0,1,0,0,0,0,,Away,사직 야구장,18:30,25.3
김종수,Hanwha,2025,2025-06-15,vs. LG,RP,,9.0,2.0,1,20,1,1,1,1,1,1,0,,Home,대전 한화생명 볼파크,17:00,30.9
김종수,Hanwha,2025,2025-06-11,vs. Doosan,RP,,0.0,1.0,1,9,0,0,1,0,0,0,0,,Home,대전 한화생명 볼파크,18:30,25.3
김종수,Hanwha,2025,2025-06-08,@ Kia,RP,L,0.0,3.0,0 ⅓,7,1,0,1,0,0,0,0,,Away,광주 기아 챔피언스 필드,17:00,28.7
김종수,Hanwha,2025,2025-06-07,@ Kia,RP,W,0.0,2.4,1 ⅔,28,0,0,1,0,1,3,0,,Away,광주 기아 챔피언스 필드,17:00,27.2
김종수,Hanwha,2025,2025-05-27,@ LG,RP,,0.0,,0,3,0,0,1,0,0,0,0,,Away,잠실 야구장,18:30,24.9
김종수,Hanwha,2025,2025-05-24,vs. Lotte,RP,L,54.0,9.0,0 ⅓,18,2,2,2,0,0,1,0,,Home,대전 한화생명 볼파크,17:00,14.4
김종수,Hanwha,2025,2025-05-22,@ NC,RP,L,27.0,4.5,0 ⅔,19,2,2,3,0,2,0,0,,Away,창원 NC 파크,18:30,18.4
김종수,Hanwha,2025,2025-05-21,@ NC,RP,L,18.0,3.0,1,19,2,2,2,0,1,1,1,,Away,창원 NC 파크,18:30,23.5
김종수,Hanwha,2025,2025-05-18,vs. SSG,RP,,0.0,0.0,1,10,0,0,0,0,1,0,0,,Home,대전 한화생명 볼파크,14:00,21.7
김종수,Hanwha,2025,2025-05-17,vs. SSG,RP,,0.0,1.0,1,16,0,0,1,0,0,0,0,,Home,대전 한화생명 볼파크,17:00,23.4
김종수,Hanwha,2025,2025-05-15,vs. Doosan,RP,,0.0,0.0,2,21,0,0,0,0,1,0,0,,Home,대전 한화생명 볼파크,18:30,22.7
김종수,Hanwha,2025,2025-05-13,vs. Doosan,RP,L,13.5,3.0,0 ⅔,14,1,1,1,0,1,1,0,,Home,대전 한화생명 볼파크,18:30,24.2
김종수,Hanwha,2025,2025-05-11,@ Kiwoom,RP,,0.0,0.0,1,12,0,0,0,0,1,0,0,,Away,고척 스카이돔,14:00,25.5
김종수,Hanwha,2025,2025-05-09,@ Kiwoom,RP,,0.0,0.0,1 ⅓,21,0,0,0,0,3,0,0,,Away,고척 스카이돔,18:30,25.5
김종수,Hanwha,2025,2025-05-07,vs. Samsung,RP,H,0.0,3.0,0 ⅓,9,0,0,1,0,0,0,0,,Home,대전 한화생명 볼파크,18:30,19.5
김종수,Hanwha,2025,2025-05-02,@ Kia,RP,,0.0,3.0,0 ⅓,7,0,0,1,0,0,0,0,,Away,광주 기아 챔피언스 필드,18:30,17.3
김종수,Hanwha,2025,2025-04-27,vs. KT,RP,H,0.0,3.0,0 ⅓,7,0,0,1,0,0,0,1,,Home,대전 한화생명 볼파크,14:00,24.3
김종수,Hanwha,2025,2025-04-24,@ Lotte,RP,,0.0,2.0,1,10,1,0,1,0,0,1,0,,Away,사직 야구장,18:30,16.6
김종수,Hanwha,2025,2025-04-18,vs. NC,RP,,0.0,0.0,0 ⅓,10,0,0,0,0,0,0,1,,Home,대전 한화생명 볼파크,18:30,24.9
김종수,Hanwha,2025,2025-04-16,@ SSG,RP,,0.0,,0,6,0,0,1,0,0,1,0,,Away,인천 SSG 랜더스필드,18:30,18.0
김종수,Hanwha,2025,2025-04-12,vs. Kiwoom,RP,,0.0,1.5,1 ⅓,20,0,0,1,0,1,1,0,,Home,대전 한화생명 볼파크,17:00,19.3
김종수,Hanwha,2025,2025-04-10,@ Doosan,RP,,0.0,1.5,0 ⅔,13,0,0,0,0,1,1,0,,Away,잠실 야구장,18:30,15.8
김종수,Hanwha,2025,2025-04-08,@ Doosan,RP,,0.0,0.6,1 ⅔,21,0,0,1,0,3,0,0,,Away,잠실 야구장,18:30,16.8
김종수,Hanwha,2025,2025-04-06,@ Samsung,RP,,0.0,3.0,1,26,0,0,1,0,2,2,0,,Away,대구 삼성 라이온즈 파크,14:00,16.6
김종수,Hanwha,2025,2025-04-05,@ Samsung,RP,,13.5,3.0,0 ⅔,16,1,1,1,0,0,1,0,,Away,대구 삼성 라이온즈 파크,17:00,13.4
김종수,Hanwha,2025,2025-04-02,vs. Lotte,RP,,0.0,0.0,1 ⅔,27,0,0,0,0,2,0,1,,Home,대전 한화생명 볼파크,18:30,11.0
김종수,Hanwha,2025,2025-03-29,vs. Kia,RP,W,0.0,1.2,1 ⅔,20,0,0,0,0,0,2,0,,Home,대전 한화생명 볼파크,17:00,3.0
김종수,Hanwha,2025,2025-03-26,@ LG,RP,,0.0,3.0,1,31,0,0,1,0,2,2,0,,Away,잠실 야구장,18:30,22.9
김종수,Hanwha,2025,2025-03-25,@ LG,RP,,0.0,0.0,1,15,0,0,0,0,1,0,0,,Away,잠실 야구장,18:30,13.3
김기중,Hanwha,2025,2025-06-25,@ Samsung,RP,,0.0,0.9,3 ⅓,50,0,0,2,0,1,1,0,,Away,대구 삼성 라이온즈 파크,18:30,24.9
김기중,Hanwha,2025,2025-06-18,@ Lotte,RP,,0.0,0.75,4,57,0,0,3,0,3,0,0,,Away,사직 야구장,18:30,23.1
김기중,Hanwha,2025,2025-06-11,vs. Doosan,RP,,0.0,2.0,1,16,0,0,2,0,0,0,0,,Home,대전 한화생명 볼파크,18:30,25.3
김서현,Hanwha,2025,2025-07-09,vs. Kia,RP,SV,0.0,2.0,1,24,0,0,1,0,2,1,0,,Home,대전 한화생명 볼파크,18:30,32.1
김서현,Hanwha,2025,2025-07-04,@ Kiwoom,RP,SV,0.0,0.0,1,13,0,0,0,0,2,0,0,,Away,고척 스카이돔,18:30,25.5
김서현,Hanwha,2025,2025-07-03,vs. NC,RP,,13.5,4.5,0 ⅔,24,1,1,0,0,1,3,1,,Home,대전 한화생명 볼파크,18:30,32.0
김서현,Hanwha,2025,2025-06-28,@ SSG,RP,SV,0.0,3.0,1,28,0,0,1,0,2,2,0,,Away,인천 SSG 랜더스필드,17:00,28.1
김서현,Hanwha,2025,2025-06-26,@ Samsung,RP,SV,0.0,0.0,1 ⅓,19,0,0,0,0,2,0,0,,Away,대구 삼성 라이온즈 파크,18:30,24.9
김서현,Hanwha,2025,2025-06-22,vs. Kiwoom,RP,,0.0,6.0,0 ⅓,12,0,0,1,0,1,1,0,,Home,대전 한화생명 볼파크,17:00,28.2
김서현,Hanwha,2025,2025-06-19,@ Lotte,RP,,0.0,0.0,0 ⅓,3,0,0,0,0,0,0,0,,Away,사직 야구장,18:30,27.6
김서현,Hanwha,2025,2025-06-14,vs. LG,RP,,0.0,0.6,1 ⅔,16,0,0,1,0,0,0,0,,Home,대전 한화생명 볼파크,17:00,29.9
김서현,Hanwha,2025,2025-06-12,vs. Doosan,RP,SV,0.0,2.25,1 ⅓,29,0,0,3,0,2,0,0,,Home,대전 한화생명 볼파크,18:30,27.0
김서현,Hanwha,2025,2025-06-10,vs. Doosan,RP,SV,0.0,0.0,0 ⅓,2,0,0,0,0,0,0,0,,Home,대전 한화생명 볼파크,18:30,26.6
김서현,Hanwha,2025,2025-06-08,@ Kia,RP,,0.0,0.75,1 ⅓,17,0,0,1,0,3,0,0,,Away,광주 기아 챔피언스 필드,17:00,28.7
김서현,Hanwha,2025,2025-06-07,@ Kia,RP,,0.0,1.0,1,21,0,0,0,0,2,1,1,,Away,광주 기아 챔피언스 필드,17:00,27.2
김서현,Hanwha,2025,2025-06-04,vs. KT,RP,SV,9.0,3.0,1,17,1,1,2,0,0,1,0,,Home,대전 한화생명 볼파크,18:30,22.1
김서현,Hanwha,2025,2025-05-31,@ NC,RP,W,20.25,3.0,1 ⅓,34,3,3,3,0,2,1,0,,Away,창원 NC 파크,17:00,26.8
김서현,Hanwha,2025,2025-05-28,@ LG,RP,,0.0,1.0,1,26,0,0,1,0,1,0,0,,Away,잠실 야구장,18:30,23.5
김서현,Hanwha,2025,2025-05-24,vs. Lotte,RP,,0.0,0.0,1,15,0,0,0,0,1,0,1,,Home,대전 한화생명 볼파크,17:00,14.4
김서현,Hanwha,2025,2025-05-23,vs. Lotte,RP,SV,0.0,3.0,1,24,0,0,2,0,2,1,0,,Home,대전 한화생명 볼파크,18:30,21.1
김서현,Hanwha,2025,2025-05-20,@ NC,RP,SV,0.0,0.0,1 ⅓,18,0,0,0,0,4,0,0,,Away,창원 NC 파크,18:30,22.9
김서현,Hanwha,2025,2025-05-17,vs. SSG,RP,SV,0.0,2.0,1,23,0,0,2,0,2,0,0,,Home,대전 한화생명 볼파크,17:00,23.4
김서현,Hanwha,2025,2025-05-13,vs. Doosan,RP,,0.0,2.0,1,19,0,0,1,0,1,1,0,,Home,대전 한화생명 볼파크,18:30,24.2
김서현,Hanwha,2025,2025-05-09,@ Kiwoom,RP,SV,9.0,1.0,1,11,1,1,1,1,1,0,0,,Away,고척 스카이돔,18:30,25.5
김서현,Hanwha,2025,2025-05-07,vs. Samsung,RP,,0.0,0.0,1,11,0,0,0,0,1,0,0,,Home,대전 한화생명 볼파크,18:30,19.5
김서현,Hanwha,2025,2025-05-05,vs. Samsung,RP,SV,0.0,1.0,1,16,0,0,1,0,1,0,0,,Home,대전 한화생명 볼파크,14:00,15.7
김서현,Hanwha,2025,2025-05-04,@ Kia,RP,SV,0.0,1.0,1,17,0,0,1,0,2,0,0,,Away,광주 기아 챔피언스 필드,14:00,20.3
김서현,Hanwha,2025,2025-05-02,@ Kia,RP,,0.0,1.0,1,11,0,0,0,0,0,1,0,,Away,광주 기아 챔피언스 필드,18:30,17.3
김서현,Hanwha,2025,2025-04-30,vs. LG,RP,SV,0.0,0.0,1,15,0,0,0,0,2,0,0,,Home,대전 한화생명 볼파크,18:30,26.7
김서현,Hanwha,2025,2025-04-29,vs. LG,RP,SV,0.0,1.0,1,11,0,0,1,0,1,0,0,,Home,대전 한화생명 볼파크,18:30,20.2
김서현,Hanwha,2025,2025-04-26,vs. KT,RP,SV,0.0,0.0,1,9,0,0,0,0,2,0,0,,Home,대전 한화생명 볼파크,17:00,20.4
김서현,Hanwha,2025,2025-04-25,vs. KT,RP,L,9.0,3.0,1,21,1,1,1,0,0,2,0,,Home,대전 한화생명 볼파크,18:30,16.9
김서현,Hanwha,2025,2025-04-23,@ Lotte,RP,SV,0.0,2.0,1,14,0,0,0,0,0,2,0,,Away,사직 야구장,18:30,13.9
김서현,Hanwha,2025,2025-04-17,@ SSG,RP,SV,0.0,1.0,1,18,0,0,0,0,1,1,0,,Away,인천 SSG 랜더스필드,18:30,16.8
김서현,Hanwha,2025,2025-04-15,@ SSG,RP,SV,0.0,1.0,1,21,0,0,1,0,1,0,0,,Away,인천 SSG 랜더스필드,18:30,5.7
김서현,Hanwha,2025,2025-04-13,vs. Kiwoom,RP,,0.0,0.0,1,11,0,0,0,0,3,0,0,,Home,대전 한화생명 볼파크,14:00,7.9
김서현,Hanwha,2025,2025-04-09,@ Doosan,RP,SV,0.0,1.0,1,16,0,0,1,0,1,0,0,,Away,잠실 야구장,18:30,14.9
김서현,Hanwha,2025,2025-04-08,@ Doosan,RP,,0.0,0.0,1,10,0,0,0,0,1,0,0,,Away,잠실 야구장,18:30,16.8
김서현,Hanwha,2025,2025-04-05,@ Samsung,RP,SV,0.0,0.0,1,11,0,0,0,0,0,0,0,,Away,대구 삼성 라이온즈 파크,17:00,13.4
김서현,Hanwha,2025,2025-04-04,@ Samsung,RP,,0.0,0.0,0 ⅓,6,0,0,0,0,0,0,0,,Away,대구 삼성 라이온즈 파크,18:30,12.3
김서현,Hanwha,2025,2025-03-29,vs. Kia,RP,SV,0.0,1.0,1,18,0,0,0,0,1,1,0,,Home,대전 한화생명 볼파크,17:00,3.0
김서현,Hanwha,2025,2025-03-28,vs. Kia,RP,,0.0,1.0,1,15,0,0,0,0,1,1,0,,Home,대전 한화생명 볼파크,18:30,6.4
김서현,Hanwha,2025,2025-03-27,@ LG,RP,,0.0,0.0,0 ⅓,3,0,0,0,0,0,0,0,,Away,잠실 야구장,18:30,13.6
김서현,Hanwha,2025,2025-03-23,@ KT,RP,,0.0,1.0,1,11,0,0,1,0,0,0,0,,Away,수원 KT 위즈파크,14:00,22.7
박상원,Hanwha,2025,2025-07-09,vs. Kia,RP,H,0.0,0.0,1,13,0,0,0,0,0,0,0,,Home,대전 한화생명 볼파크,18:30,32.1
박상원,Hanwha,2025,2025-07-08,vs. Kia,RP,,0.0,1.0,1,14,0,0,1,0,0,0,0,,Home,대전 한화생명 볼파크,18:30,33.6
박상원,Hanwha,2025,2025-07-05,@ Kiwoom,RP,,0.0,3.0,0 ⅔,17,0,0,2,0,0,0,0,,Away,고척 스카이돔,18:00,25.5
박상원,Hanwha,2025,2025-07-03,vs. NC,RP,,9.0,1.0,1,14,1,1,0,0,0,1,0,,Home,대전 한화생명 볼파크,18:30,32.0
박상원,Hanwha,2025,2025-07-02,vs. NC,RP,,13.5,3.0,0 ⅔,17,1,1,2,1,0,0,0,,Home,대전 한화생명 볼파크,18:30,32.4
박상원,Hanwha,2025,2025-06-29,@ SSG,RP,,0.0,0.0,0 ⅔,5,0,0,0,0,0,0,0,,Away,인천 SSG 랜더스필드,17:00,29.8
박상원,Hanwha,2025,2025-06-27,@ SSG,RP,L,27.0,3.0,0 ⅔,11,2,2,1,0,0,1,0,,Away,인천 SSG 랜더스필드,18:30,28.2
박상원,Hanwha,2025,2025-06-26,@ Samsung,RP,H,0.0,3.0,1,22,0,0,3,0,0,0,0,,Away,대구 삼성 라이온즈 파크,18:30,24.9
박상원,Hanwha,2025,2025-06-22,vs. Kiwoom,RP,,0.0,3.0,0 ⅓,16,0,0,1,0,1,0,0,,Home,대전 한화생명 볼파크,17:00,28.2
박상원,Hanwha,2025,2025-06-19,@ Lotte,RP,,18.0,4.0,1,23,2,2,3,0,1,1,0,,Away,사직 야구장,18:30,27.6
박상원,Hanwha,2025,2025-06-15,vs. LG,RP,,0.0,0.0,1,12,0,0,0,0,0,0,0,,Home,대전 한화생명 볼파크,17:00,30.9
박상원,Hanwha,2025,2025-06-14,vs. LG,RP,,0.0,1.0,1,20,0,0,1,0,1,0,0,,Home,대전 한화생명 볼파크,17:00,29.9
박상원,Hanwha,2025,2025-06-12,vs. Doosan,RP,,0.0,0.0,1,9,0,0,0,0,0,0,0,,Home,대전 한화생명 볼파크,18:30,27.0
박상원,Hanwha,2025,2025-06-11,vs. Doosan,RP,,0.0,0.0,1,16,0,0,0,0,2,0,0,,Home,대전 한화생명 볼파크,18:30,25.3
박상원,Hanwha,2025,2025-06-08,@ Kia,RP,,0.0,1.0,1,18,0,0,1,0,1,0,0,,Away,광주 기아 챔피언스 필드,17:00,28.7
박상원,Hanwha,2025,2025-06-07,@ Kia,RP,,0.0,0.6,1 ⅔,17,0,0,0,0,1,1,0,,Away,광주 기아 챔피언스 필드,17:00,27.2
박상원,Hanwha,2025,2025-06-04,vs. KT,RP,W,0.0,3.0,0 ⅓,5,0,0,1,0,0,0,0,,Home,대전 한화생명 볼파크,18:30,22.1
박상원,Hanwha,2025,2025-05-31,@ NC,RP,H,0.0,0.0,1,13,0,0,0,0,1,0,0,,Away,창원 NC 파크,17:00,26.8
박상원,Hanwha,2025,2025-05-30,@ NC,RP,,0.0,0.0,1,13,0,0,0,0,1,0,0,,Away,창원 NC 파크,18:30,19.5
박상원,Hanwha,2025,2025-05-28,@ LG,RP,W,6.75,1.5,1 ⅓,19,1,1,1,1,1,1,0,,Away,잠실 야구장,18:30,23.5
박상원,Hanwha,2025,2025-05-27,@ LG,RP,,0.0,0.0,1,18,0,0,0,0,1,0,0,,Away,잠실 야구장,18:30,24.9
박상원,Hanwha,2025,2025-05-25,vs. Lotte,RP,H,0.0,2.0,1,16,0,0,1,0,1,1,0,,Home,대전 한화생명 볼파크,14:00,23.2
박상원,Hanwha,2025,2025-05-24,vs. Lotte,RP,,0.0,,0,9,2,2,1,0,0,0,1,,Home,대전 한화생명 볼파크,17:00,14.4
박상원,Hanwha,2025,2025-05-22,@ NC,RP,,0.0,3.0,0 ⅓,13,0,0,1,0,0,0,1,,Away,창원 NC 파크,18:30,18.4
박상원,Hanwha,2025,2025-05-20,@ NC,RP,,0.0,0.0,1,12,0,0,0,0,1,0,0,,Away,창원 NC 파크,18:30,22.9
박상원,Hanwha,2025,2025-05-18,vs. SSG,RP,,0.0,0.6,1 ⅔,24,0,0,0,0,0,1,1,,Home,대전 한화생명 볼파크,14:00,21.7
박상원,Hanwha,2025,2025-05-13,vs. Doosan,RP,,0.0,1.5,0 ⅔,8,0,0,1,0,0,0,0,,Home,대전 한화생명 볼파크,18:30,24.2
박상원,Hanwha,2025,2025-05-10,@ Kiwoom,RP,,0.0,0.6,1 ⅔,21,0,0,1,0,2,0,0,,Away,고척 스카이돔,17:00,25.5
박상원,Hanwha,2025,2025-05-09,@ Kiwoom,RP,,0.0,3.0,1,19,0,0,2,0,0,1,0,,Away,고척 스카이돔,18:30,25.5
박상원,Hanwha,2025,2025-05-06,vs. Samsung,RP,H,0.0,2.0,1,26,0,0,1,0,0,1,0,,Home,대전 한화생명 볼파크,18:30,16.9
박상원,Hanwha,2025,2025-05-05,vs. Samsung,RP,H,0.0,1.0,1,17,0,0,1,0,2,0,0,,Home,대전 한화생명 볼파크,14:00,15.7
박상원,Hanwha,2025,2025-05-02,@ Kia,RP,,0.0,0.6,1 ⅔,21,0,0,1,0,0,0,0,,Away,광주 기아 챔피언스 필드,18:30,17.3
박상원,Hanwha,2025,2025-04-29,vs. LG,RP,H,0.0,0.0,1,13,0,0,0,0,1,0,0,,Home,대전 한화생명 볼파크,18:30,20.2
박상원,Hanwha,2025,2025-04-24,@ Lotte,RP,,0.0,3.0,0 ⅓,4,0,0,1,0,0,0,0,,Away,사직 야구장,18:30,16.6
박상원,Hanwha,2025,2025-04-23,@ Lotte,RP,,18.0,4.0,1,24,2,2,3,0,0,1,0,,Away,사직 야구장,18:30,13.9
박상원,Hanwha,2025,2025-04-20,vs. NC,RP,,0.0,0.0,0 ⅔,4,0,0,0,0,0,0,0,,Home,대전 한화생명 볼파크,14:00,21.5
박상원,Hanwha,2025,2025-04-17,@ SSG,RP,H,0.0,1.5,0 ⅔,13,0,0,1,0,1,0,0,,Away,인천 SSG 랜더스필드,18:30,16.8
박상원,Hanwha,2025,2025-04-16,@ SSG,RP,,0.0,0.0,1,15,0,0,0,0,2,0,0,,Away,인천 SSG 랜더스필드,18:30,18.0
박상원,Hanwha,2025,2025-04-13,vs. Kiwoom,RP,,0.0,1.5,0 ⅔,16,0,0,1,0,2,0,0,,Home,대전 한화생명 볼파크,14:00,7.9
박상원,Hanwha,2025,2025-04-11,vs. Kiwoom,RP,,0.0,2.0,1,24,2,0,1,0,1,1,0,,Home,대전 한화생명 볼파크,18:30,24.0
박상원,Hanwha,2025,2025-04-09,@ Doosan,RP,H,0.0,0.0,1,11,0,0,0,0,1,0,0,,Away,잠실 야구장,18:30,14.9
박상원,Hanwha,2025,2025-04-08,@ Doosan,RP,,27.0,3.0,0 ⅓,7,1,1,1,0,0,0,0,,Away,잠실 야구장,18:30,16.8
박상원,Hanwha,2025,2025-04-05,@ Samsung,RP,W,13.5,3.0,0 ⅔,13,1,1,1,1,1,1,0,,Away,대구 삼성 라이온즈 파크,17:00,13.4
박상원,Hanwha,2025,2025-04-03,vs. Lotte,RP,L,9.0,2.0,1,13,1,1,2,0,0,0,0,,Home,대전 한화생명 볼파크,18:30,14.9
박상원,Hanwha,2025,2025-03-28,vs. Kia,RP,H,0.0,0.0,1,13,0,0,0,0,2,0,0,,Home,대전 한화생명 볼파크,18:30,6.4
박상원,Hanwha,2025,2025-03-25,@ LG,RP,L,9.0,2.0,1,23,1,1,0,0,1,2,1,,Away,잠실 야구장,18:30,13.3
박상원,Hanwha,2025,2025-03-23,@ KT,RP,,0.0,0.0,1,7,0,0,0,0,0,0,0,,Away,수원 KT 위즈파크,14:00,22.7
