PlayerName,Year,Team,Date,Opp,Role,Dec,ERA,WHIP,IP,NP,R,ER,H,HR,SO,BB,HB,GS,Venue,Stadium,Time,Temp
고영표,2024,KT,2024-09-28,vs. Kiwoom,RP,W,1.8,0.2,5,48,1,1,1,0,4,0,0,,Home,수원 KT 위즈파크,17:00,26.4
고영표,2024,KT,2024-09-21,vs. SSG,SP,L,3.0,1.33,6,86,2,2,6,2,4,2,0,54.0,Home,수원 KT 위즈파크,17:00,23.4
고영표,2024,KT,2024-09-14,@ Doosan,SP,L,1.5,0.83,6,86,2,1,4,0,4,1,0,61.0,Away,잠실 야구장,17:00,31.7
고영표,2024,KT,2024-09-06,@ NC,SP,W,4.5,1.33,6,94,3,3,8,0,5,0,3,46.0,Away,창원 NC 파크,18:30,28.7
고영표,2024,KT,2024-08-29,@ LG,SP,,9.64,2.14,4 ⅔,100,5,5,9,0,7,1,1,31.0,Away,잠실 야구장,18:30,31.7
고영표,2024,KT,2024-08-23,@ SSG,SP,W,4.5,1.67,6,95,3,3,10,0,9,0,1,48.0,Away,인천 SSG 랜더스필드,18:30,30.1
고영표,2024,KT,2024-08-17,vs. Doosan,SP,L,3.6,1.8,5,83,2,2,9,0,6,0,2,45.0,Home,수원 KT 위즈파크,18:00,32.0
고영표,2024,KT,2024-08-11,vs. Lotte,SP,L,18.0,3.25,4,92,8,8,12,2,2,1,0,7.0,Home,수원 KT 위즈파크,17:00,33.0
고영표,2024,KT,2024-08-06,@ Kia,SP,L,1.42,1.11,6 ⅓,93,2,1,5,0,2,2,0,57.0,Away,광주 기아 챔피언스 필드,18:30,32.6
고영표,2024,KT,2024-07-31,vs. Hanwha,SP,L,7.2,2.2,5,95,7,4,11,2,4,0,1,26.0,Home,수원 KT 위즈파크,18:30,32.7
고영표,2024,KT,2024-07-25,vs. SSG,SP,W,1.29,0.86,7,94,1,1,6,0,4,0,2,63.0,Home,수원 KT 위즈파크,18:30,33.3
고영표,2024,KT,2024-07-18,@ Kiwoom,SP,,9.0,2.6,5,93,5,5,11,0,2,2,0,25.0,Away,고척 스카이돔,18:30,25.5
고영표,2024,KT,2024-07-12,@ Lotte,SP,,6.35,2.47,5 ⅔,96,4,4,12,0,6,2,1,32.0,Away,사직 야구장,18:30,27.3
고영표,2024,KT,2024-06-30,vs. Samsung,SP,,0.0,1.26,6 ⅓,93,1,0,6,0,5,2,0,62.0,Home,수원 KT 위즈파크,17:00,26.3
고영표,2024,KT,2024-06-25,@ SSG,SP,W,0.0,0.29,7,83,0,0,2,0,5,0,0,78.0,Away,인천 SSG 랜더스필드,18:30,25.3
고영표,2024,KT,2024-06-19,vs. Lotte,SP,L,10.8,1.8,5,89,6,6,9,0,4,0,0,29.0,Home,수원 KT 위즈파크,18:30,32.0
고영표,2024,KT,2024-04-02,vs. Kia,SP,W,0.0,1.17,6,85,0,0,7,0,4,0,0,62.0,Home,수원 KT 위즈파크,18:30,19.8
고영표,2024,KT,2024-03-27,vs. Doosan,SP,L,20.25,3.5,4,86,9,9,13,0,2,1,0,1.0,Home,수원 KT 위즈파크,18:30,12.2
고영표,2023,KT,2023-10-03,vs. Kia,SP,,1.8,0.6,5,57,1,1,3,0,3,0,0,60.0,Home,수원 KT 위즈파크,18:30,21.0
고영표,2023,KT,2023-09-24,@ Kia,SP,,0.0,1.14,7,90,0,0,6,0,2,2,0,65.0,Away,광주 기아 챔피언스 필드,14:00,26.7
고영표,2023,KT,2023-09-19,vs. Samsung,SP,W,1.5,1.83,6,101,1,1,9,0,4,2,0,52.0,Home,수원 KT 위즈파크,18:30,26.6
고영표,2023,KT,2023-09-13,@ NC,SP,W,3.0,1.67,6,111,2,2,9,0,7,1,0,52.0,Away,창원 NC 파크,18:30,28.9
고영표,2023,KT,2023-09-07,vs. LG,SP,L,9.0,1.83,6,103,6,6,10,1,3,1,0,30.0,Home,수원 KT 위즈파크,18:30,28.3
고영표,2023,KT,2023-09-01,@ Kiwoom,SP,L,10.8,2.0,5,81,6,6,9,1,3,1,0,27.0,Away,고척 스카이돔,18:30,25.5
고영표,2023,KT,2023-08-24,vs. Kia,SP,,1.29,1.0,7,99,2,1,6,0,5,1,1,62.0,Home,수원 KT 위즈파크,18:30,30.0
고영표,2023,KT,2023-08-12,vs. NC,SP,,3.86,2.0,7,106,3,3,13,0,1,1,1,38.0,Home,수원 KT 위즈파크,18:00,27.7
고영표,2023,KT,2023-08-06,@ Doosan,SP,W,1.29,1.0,7,103,1,1,6,0,5,1,0,65.0,Away,잠실 야구장,17:00,30.3
고영표,2023,KT,2023-08-01,vs. SSG,SP,W,0.0,0.75,8,97,0,0,6,0,4,0,0,74.0,Home,수원 KT 위즈파크,18:30,32.8
고영표,2023,KT,2023-07-26,vs. LG,SP,,1.29,0.57,7,97,1,1,4,0,4,0,1,68.0,Home,수원 KT 위즈파크,18:30,29.0
고영표,2023,KT,2023-07-13,@ Kiwoom,SP,W,0.0,0.71,7,87,0,0,5,0,9,0,0,76.0,Away,고척 스카이돔,18:30,25.5
고영표,2023,KT,2023-07-08,vs. Kia,SP,L,3.86,0.86,7,88,3,3,6,1,2,0,0,55.0,Home,수원 KT 위즈파크,18:00,29.5
고영표,2023,KT,2023-07-02,vs. NC,SP,W,0.0,1.05,6 ⅔,98,0,0,7,0,7,0,1,66.0,Home,수원 KT 위즈파크,17:00,31.2
고영표,2023,KT,2023-06-27,@ Hanwha,SP,L,4.5,1.17,6,92,3,3,6,0,7,1,1,53.0,Away,대전 한화생명 볼파크,18:30,29.2
고영표,2023,KT,2023-06-21,vs. Lotte,SP,W,0.0,0.57,7,92,1,0,4,0,5,0,0,72.0,Home,수원 KT 위즈파크,18:30,24.5
고영표,2023,KT,2023-06-15,@ SSG,SP,W,3.86,1.0,7,98,3,3,7,1,4,0,0,55.0,Away,인천 SSG 랜더스필드,18:30,24.7
고영표,2023,KT,2023-06-06,@ Lotte,SP,W,1.29,0.71,7,87,1,1,4,0,3,1,0,67.0,Away,사직 야구장,18:30,21.9
고영표,2023,KT,2023-05-30,@ Kia,SP,L,9.0,2.5,2,36,3,2,4,0,3,1,1,39.0,Away,광주 기아 챔피언스 필드,18:30,22.5
고영표,2023,KT,2023-05-24,vs. Kiwoom,SP,W,0.0,0.57,7,88,0,0,4,0,5,0,0,74.0,Home,수원 KT 위즈파크,18:30,22.5
고영표,2023,KT,2023-05-18,@ LG,SP,L,15.43,3.21,4 ⅔,82,8,8,12,0,3,3,0,8.0,Away,잠실 야구장,18:30,22.5
고영표,2023,KT,2023-05-12,vs. Lotte,SP,,1.13,0.63,8,97,1,1,5,0,5,0,0,73.0,Home,수원 KT 위즈파크,18:30,22.3
고영표,2023,KT,2023-04-29,vs. Samsung,SP,,2.57,1.43,7,104,2,2,9,0,2,1,0,52.0,Home,수원 KT 위즈파크,17:00,11.7
고영표,2023,KT,2023-04-23,@ Doosan,SP,,1.29,1.0,7,95,1,1,7,0,3,0,0,62.0,Away,잠실 야구장,14:00,22.0
고영표,2023,KT,2023-04-18,vs. SSG,SP,W,2.57,1.29,7,91,2,2,7,0,4,2,2,55.0,Home,수원 KT 위즈파크,18:30,17.3
고영표,2023,KT,2023-04-12,@ NC,SP,L,7.94,1.41,5 ⅔,85,5,5,8,2,6,0,1,38.0,Away,창원 NC 파크,18:30,16.0
고영표,2023,KT,2023-04-07,@ Lotte,SP,W,1.29,0.57,7,80,1,1,4,1,4,0,0,69.0,Away,사직 야구장,18:30,16.9
고영표,2023,KT,2023-04-02,vs. LG,RP,,0.0,1.5,0 ⅔,8,0,0,1,0,1,0,0,,Home,수원 KT 위즈파크,14:00,23.1
고영표,2022,KT,2022-10-11,@ LG,SP,,12.0,2.0,3,55,4,4,6,0,3,0,2,32.0,Away,잠실 야구장,18:30,14.4
고영표,2022,KT,2022-10-05,vs. Samsung,SP,L,9.0,1.6,5,71,5,5,8,0,5,0,0,36.0,Home,수원 KT 위즈파크,18:30,17.3
고영표,2022,KT,2022-09-23,@ Samsung,SP,,3.86,1.14,7,89,3,3,7,0,4,1,0,54.0,Away,대구 삼성 라이온즈 파크,18:30,24.8
고영표,2022,KT,2022-09-17,vs. Lotte,SP,L,1.29,0.86,7,89,2,1,6,0,9,0,0,68.0,Home,수원 KT 위즈파크,17:00,29.8
고영표,2022,KT,2022-09-11,@ Kiwoom,SP,L,4.5,1.67,6,101,3,3,10,1,4,0,0,44.0,Away,고척 스카이돔,14:00,25.5
고영표,2022,KT,2022-09-06,vs. Hanwha,SP,,4.5,1.33,6,97,4,3,7,1,4,1,0,47.0,Home,수원 KT 위즈파크,18:30,25.1
고영표,2022,KT,2022-08-31,vs. Doosan,SP,W,3.0,1.67,6,89,2,2,9,1,6,1,0,51.0,Home,수원 KT 위즈파크,18:30,25.1
고영표,2022,KT,2022-08-24,@ Doosan,SP,W,1.08,0.72,8 ⅓,98,1,1,6,1,6,0,0,73.0,Away,잠실 야구장,18:30,26.9
고영표,2022,KT,2022-08-12,@ SSG,SP,W,6.43,1.43,7,100,5,5,9,0,4,1,1,41.0,Away,인천 SSG 랜더스필드,18:30,29.1
고영표,2022,KT,2022-08-05,vs. Hanwha,SP,W,0.0,1.17,6,91,0,0,5,0,2,2,0,62.0,Home,수원 KT 위즈파크,18:30,32.5
고영표,2022,KT,2022-07-29,@ LG,SP,W,1.5,1.5,6,100,1,1,6,0,3,3,0,56.0,Away,잠실 야구장,18:30,33.5
고영표,2022,KT,2022-07-23,@ Hanwha,SP,W,4.26,1.26,6 ⅓,80,3,3,8,1,5,0,0,50.0,Away,대전 한화생명 볼파크,18:00,27.8
고영표,2022,KT,2022-07-14,vs. Samsung,SP,W,0.0,0.57,7,92,0,0,3,0,6,1,0,76.0,Home,수원 KT 위즈파크,18:30,28.5
고영표,2022,KT,2022-07-01,vs. Doosan,SP,W,7.5,1.83,6,89,5,5,11,0,7,0,1,36.0,Home,수원 KT 위즈파크,18:30,31.2
고영표,2022,KT,2022-06-24,vs. LG,SP,,9.64,2.36,4 ⅔,103,5,5,11,0,5,0,2,25.0,Home,수원 KT 위즈파크,18:30,25.6
고영표,2022,KT,2022-06-17,@ Doosan,SP,W,2.25,1.0,8,104,2,2,6,0,5,2,0,65.0,Away,잠실 야구장,18:30,27.3
고영표,2022,KT,2022-06-11,@ Lotte,SP,W,0.0,0.56,9,100,0,0,5,0,9,0,0,86.0,Away,사직 야구장,17:00,26.0
고영표,2022,KT,2022-06-05,vs. Kia,SP,,2.57,1.14,7,104,2,2,6,0,9,2,1,63.0,Home,수원 KT 위즈파크,17:00,21.2
고영표,2022,KT,2022-05-31,@ SSG,SP,W,0.0,0.86,7,90,0,0,6,0,5,0,0,70.0,Away,인천 SSG 랜더스필드,18:30,20.6
고영표,2022,KT,2022-05-25,@ NC,SP,,2.57,1.29,7,100,2,2,8,0,5,1,2,55.0,Away,창원 NC 파크,18:30,23.5
고영표,2022,KT,2022-05-19,vs. LG,SP,L,8.44,2.06,5 ⅓,100,5,5,9,0,5,2,1,32.0,Home,수원 KT 위즈파크,18:30,22.1
고영표,2022,KT,2022-05-13,vs. Kiwoom,SP,L,9.53,1.94,5 ⅔,95,6,6,10,1,5,1,0,29.0,Home,수원 KT 위즈파크,18:30,21.0
고영표,2022,KT,2022-05-06,@ Doosan,SP,W,0.0,0.75,8,106,0,0,4,0,5,2,0,77.0,Away,잠실 야구장,18:30,22.9
고영표,2022,KT,2022-04-30,@ Kiwoom,SP,L,3.0,1.67,6,95,3,2,10,0,7,0,1,48.0,Away,고척 스카이돔,17:00,25.5
고영표,2022,KT,2022-04-24,vs. NC,SP,,1.29,0.57,7,92,1,1,4,0,6,0,2,69.0,Home,수원 KT 위즈파크,14:00,23.5
고영표,2022,KT,2022-04-19,@ LG,SP,W,0.0,0.29,7,89,0,0,1,0,5,1,2,77.0,Away,잠실 야구장,18:30,18.9
고영표,2022,KT,2022-04-12,vs. Doosan,SP,L,3.0,1.17,6,99,2,2,5,0,7,2,0,59.0,Home,수원 KT 위즈파크,18:30,16.2
고영표,2022,KT,2022-04-06,vs. SSG,SP,L,3.38,0.63,8,99,3,3,5,1,10,0,1,69.0,Home,수원 KT 위즈파크,18:30,12.7
고영표,2021,KT,2021-10-30,@ SSG,RP,H,3.0,1.33,3,42,1,1,4,1,4,0,0,,Away,인천 SSG 랜더스필드,17:00,17.3
고영표,2021,KT,2021-10-28,vs. NC,SP,,1.23,1.23,7 ⅓,109,1,1,8,0,11,1,0,68.0,Home,수원 KT 위즈파크,18:30,16.2
고영표,2021,KT,2021-10-22,@ Samsung,SP,L,6.0,1.83,6,99,4,4,9,0,7,2,0,43.0,Away,대구 삼성 라이온즈 파크,18:30,14.6
고영표,2021,KT,2021-10-09,@ LG,SP,L,4.5,1.33,6,84,3,3,8,2,5,0,0,49.0,Away,잠실 야구장,17:00,24.0
고영표,2021,KT,2021-10-01,@ Lotte,SP,,0.0,1.5,6,103,3,0,9,0,5,0,1,52.0,Away,사직 야구장,18:30,23.1
고영표,2021,KT,2021-09-25,vs. LG,SP,,0.0,0.63,8,105,0,0,3,0,6,2,0,80.0,Home,수원 KT 위즈파크,17:00,24.5
고영표,2021,KT,2021-09-18,@ NC,SP,W,1.08,0.72,8 ⅓,107,1,1,6,0,2,0,0,69.0,Away,창원 NC 파크,17:00,25.5
고영표,2021,KT,2021-09-12,vs. SSG,SP,W,0.0,0.78,9,103,0,0,7,0,7,0,0,80.0,Home,수원 KT 위즈파크,14:00,28.4
고영표,2021,KT,2021-09-04,@ LG,SP,W,0.0,0.5,8,90,1,0,4,0,4,0,0,76.0,Away,잠실 야구장,17:00,26.8
고영표,2021,KT,2021-08-27,vs. SSG,SP,,4.5,1.5,6,98,3,3,6,0,7,3,0,52.0,Home,수원 KT 위즈파크,18:30,24.5
고영표,2021,KT,2021-08-22,@ Lotte,SP,W,0.0,0.43,7,97,0,0,2,0,4,1,1,75.0,Away,사직 야구장,17:00,29.3
고영표,2021,KT,2021-08-15,vs. Samsung,SP,,6.0,1.33,6,96,4,4,5,0,2,3,1,44.0,Home,수원 KT 위즈파크,17:00,30.4
고영표,2021,KT,2021-07-09,@ Kia,SP,L,16.2,3.0,3 ⅓,75,6,6,8,0,2,2,0,20.0,Away,광주 기아 챔피언스 필드,18:30,30.3
고영표,2021,KT,2021-06-30,@ LG,SP,W,3.86,0.71,7,87,3,3,4,1,1,1,0,57.0,Away,잠실 야구장,18:30,28.5
고영표,2021,KT,2021-06-23,vs. Kia,SP,L,2.57,0.57,7,95,2,2,3,0,4,1,1,65.0,Home,수원 KT 위즈파크,18:30,25.6
고영표,2021,KT,2021-06-16,@ NC,SP,W,4.5,1.0,6,97,3,3,5,1,7,1,0,56.0,Away,창원 NC 파크,18:30,23.1
고영표,2021,KT,2021-06-08,@ SSG,SP,W,0.0,0.83,6,95,0,0,4,0,5,1,2,66.0,Away,인천 SSG 랜더스필드,18:30,24.2
고영표,2021,KT,2021-06-01,@ LG,SP,W,1.35,0.75,6 ⅔,98,1,1,3,0,6,2,1,67.0,Away,잠실 야구장,18:30,23.5
고영표,2021,KT,2021-05-26,vs. SSG,SP,,1.29,0.71,7,100,1,1,4,1,8,1,0,72.0,Home,수원 KT 위즈파크,18:30,21.9
고영표,2021,KT,2021-05-12,vs. Samsung,SP,L,9.0,1.17,6,84,6,6,7,1,3,0,2,35.0,Home,수원 KT 위즈파크,18:30,26.3
고영표,2021,KT,2021-05-06,@ Kiwoom,SP,,4.5,1.33,6,90,4,3,7,0,3,1,2,44.0,Away,고척 스카이돔,18:30,25.5
고영표,2021,KT,2021-04-30,vs. Kia,SP,W,3.86,1.14,7,97,3,3,7,1,8,1,1,57.0,Home,수원 KT 위즈파크,18:30,12.0
고영표,2021,KT,2021-04-24,vs. Lotte,SP,L,4.5,1.83,6,86,3,3,11,0,2,0,0,40.0,Home,수원 KT 위즈파크,17:00,22.8
고영표,2021,KT,2021-04-18,vs. Kiwoom,SP,W,3.0,0.83,6,91,2,2,5,1,5,0,0,59.0,Home,수원 KT 위즈파크,14:00,13.2
고영표,2021,KT,2021-04-13,@ Doosan,SP,W,4.5,1.17,6,95,3,3,6,0,7,1,0,54.0,Away,잠실 야구장,18:30,10.2
고영표,2021,KT,2021-04-07,vs. LG,SP,,1.5,0.83,6,88,1,1,2,0,5,3,2,64.0,Home,수원 KT 위즈파크,18:30,16.7
이채호,2024,KT,2024-07-04,@ Hanwha,RP,,0.0,1.5,0 ⅔,13,0,0,1,0,0,0,0,,Away,대전 한화생명 볼파크,18:30,31.8
이채호,2024,KT,2024-06-28,vs. Samsung,RP,,0.0,0.0,0 ⅓,6,0,0,0,0,1,0,0,,Home,수원 KT 위즈파크,18:30,27.4
이채호,2024,KT,2024-06-26,@ SSG,RP,,13.5,2.5,2,48,3,3,5,2,2,0,0,,Away,인천 SSG 랜더스필드,18:30,26.4
이채호,2024,KT,2024-04-19,@ Lotte,RP,,0.0,,0,6,0,0,0,0,0,1,0,,Away,사직 야구장,18:30,18.6
이채호,2024,KT,2024-04-17,@ Kiwoom,RP,,81.0,9.0,0 ⅓,16,3,3,2,0,0,1,0,,Away,고척 스카이돔,18:30,25.5
이채호,2024,KT,2024-04-14,vs. SSG,RP,,0.0,0.0,1,9,0,0,0,0,0,0,0,,Home,수원 KT 위즈파크,14:00,27.3
이채호,2024,KT,2024-04-12,vs. SSG,RP,,0.0,2.0,1,15,0,0,1,0,1,1,0,,Home,수원 KT 위즈파크,18:30,20.6
이채호,2024,KT,2024-04-10,@ NC,RP,,13.5,3.0,0 ⅔,15,1,1,2,0,1,0,1,,Away,창원 NC 파크,18:30,13.5
이채호,2024,KT,2024-04-09,@ NC,RP,,0.0,3.0,0 ⅔,23,0,0,2,0,0,0,0,,Away,창원 NC 파크,18:30,15.0
이채호,2023,KT,2023-10-06,vs. Samsung,RP,L,15.43,1.71,2 ⅓,42,4,4,2,0,2,2,2,,Home,수원 KT 위즈파크,18:30,17.6
이채호,2023,KT,2023-10-03,vs. Kia,RP,,0.0,0.75,1 ⅓,18,0,0,1,0,0,0,0,,Home,수원 KT 위즈파크,18:30,21.0
이채호,2023,KT,2023-10-02,vs. LG,RP,,0.0,1.0,1,9,0,0,1,0,0,0,0,,Home,수원 KT 위즈파크,18:30,20.8
이채호,2023,KT,2023-09-27,@ LG,RP,,0.0,0.0,2,34,0,0,0,0,1,0,0,,Away,잠실 야구장,18:30,25.0
이채호,2023,KT,2023-09-27,@ LG,RP,,0.0,,0,9,0,0,0,0,0,1,0,,Away,잠실 야구장,18:30,25.0
이채호,2023,KT,2023-09-18,@ Hanwha,RP,,0.0,1.0,1,9,0,0,0,0,0,1,0,,Away,대전 한화생명 볼파크,18:30,27.4
이채호,2023,KT,2023-09-14,@ Samsung,RP,,13.5,1.5,1 ⅓,12,2,2,2,0,0,0,0,,Away,대구 삼성 라이온즈 파크,18:30,25.6
이채호,2023,KT,2023-08-18,@ Hanwha,RP,,9.0,2.0,1,20,1,1,2,1,1,0,0,,Away,대전 한화생명 볼파크,18:30,32.2
이채호,2023,KT,2023-06-02,vs. Doosan,RP,,67.5,7.5,0 ⅔,22,5,5,4,3,0,1,0,,Home,수원 KT 위즈파크,18:30,22.8
이채호,2023,KT,2023-05-30,@ Kia,RP,,9.0,1.0,1,15,1,1,1,1,0,0,0,,Away,광주 기아 챔피언스 필드,18:30,22.5
이채호,2023,KT,2023-05-27,@ Samsung,RP,H,0.0,0.0,1,11,0,0,0,0,1,0,0,,Away,대구 삼성 라이온즈 파크,17:00,23.3
이채호,2023,KT,2023-05-23,vs. Kiwoom,RP,,0.0,1.5,0 ⅔,13,0,0,1,0,0,0,0,,Home,수원 KT 위즈파크,18:30,22.8
이채호,2023,KT,2023-05-20,vs. Doosan,RP,,9.0,1.0,1,15,1,1,1,0,0,0,0,,Home,수원 KT 위즈파크,17:00,23.4
이채호,2023,KT,2023-05-18,@ LG,RP,,5.4,1.2,1 ⅔,25,1,1,2,0,0,0,0,,Away,잠실 야구장,18:30,22.5
이채호,2023,KT,2023-05-17,@ LG,RP,,27.0,3.0,0 ⅓,4,1,1,1,0,0,0,0,,Away,잠실 야구장,18:30,25.3
이채호,2023,KT,2023-05-14,vs. Lotte,RP,,0.0,1.0,1,11,0,0,1,0,1,0,0,,Home,수원 KT 위즈파크,14:00,22.6
이채호,2023,KT,2023-05-13,vs. Lotte,RP,,0.0,1.2,1 ⅔,22,0,0,1,0,0,1,0,,Home,수원 KT 위즈파크,17:00,20.7
이채호,2023,KT,2023-05-11,vs. NC,RP,,0.0,0.0,1,8,0,0,0,0,0,0,1,,Home,수원 KT 위즈파크,18:30,21.8
이채호,2023,KT,2023-04-26,@ Kiwoom,RP,,0.0,,0,15,2,2,0,0,0,2,0,,Away,고척 스카이돔,18:30,25.5
이채호,2023,KT,2023-04-21,@ Doosan,RP,,0.0,0.0,1,12,0,0,0,0,0,0,0,,Away,잠실 야구장,18:30,20.8
이채호,2023,KT,2023-04-20,vs. SSG,RP,,0.0,1.0,1,8,0,0,1,0,0,0,0,,Home,수원 KT 위즈파크,18:30,15.8
이채호,2023,KT,2023-04-15,vs. Hanwha,RP,,0.0,1.0,2,32,0,0,2,0,2,0,0,,Home,수원 KT 위즈파크,17:00,13.8
이채호,2023,KT,2023-04-14,vs. Hanwha,RP,,0.0,,0,4,0,0,0,0,0,1,0,,Home,수원 KT 위즈파크,18:30,19.5
이채호,2023,KT,2023-04-13,@ NC,RP,,0.0,,0,5,1,1,1,1,0,0,0,,Away,창원 NC 파크,18:30,17.5
이채호,2023,KT,2023-04-01,vs. LG,RP,,0.0,3.0,0 ⅔,15,0,0,2,0,0,0,0,,Home,수원 KT 위즈파크,14:00,24.0
이채호,2022,KT,2022-10-08,@ Kia,RP,,18.0,3.0,1,33,2,2,2,0,1,1,1,,Away,광주 기아 챔피언스 필드,17:00,19.8
이채호,2022,KT,2022-10-05,vs. Samsung,RP,,9.0,1.0,1,17,1,1,1,0,1,0,0,,Home,수원 KT 위즈파크,18:30,17.3
이채호,2022,KT,2022-09-25,@ NC,RP,,9.0,2.0,1,17,1,1,1,0,0,1,0,,Away,창원 NC 파크,14:00,21.1
이채호,2022,KT,2022-09-22,@ Samsung,RP,,27.0,12.0,0 ⅓,14,2,1,3,0,0,1,0,,Away,대구 삼성 라이온즈 파크,18:30,23.4
이채호,2022,KT,2022-09-17,vs. Lotte,RP,,0.0,0.0,0 ⅔,12,0,0,0,0,1,0,0,,Home,수원 KT 위즈파크,17:00,29.8
이채호,2022,KT,2022-09-15,@ LG,RP,,0.0,0.0,1,11,0,0,0,0,1,0,0,,Away,잠실 야구장,18:30,27.9
이채호,2022,KT,2022-09-11,@ Kiwoom,RP,,0.0,,0,6,2,2,1,0,0,1,0,,Away,고척 스카이돔,14:00,25.5
이채호,2022,KT,2022-09-07,vs. Hanwha,RP,H,0.0,0.0,1,13,0,0,0,0,1,0,0,,Home,수원 KT 위즈파크,18:30,25.5
이채호,2022,KT,2022-09-04,@ Kia,RP,W,4.5,0.5,2,28,1,1,1,0,2,0,1,,Away,광주 기아 챔피언스 필드,14:00,31.7
이채호,2022,KT,2022-09-02,vs. LG,RP,,0.0,0.0,0 ⅓,4,0,0,0,0,1,0,0,,Home,수원 KT 위즈파크,18:30,27.5
이채호,2022,KT,2022-08-27,@ NC,RP,,0.0,3.0,0 ⅓,8,0,0,1,0,0,0,0,,Away,창원 NC 파크,18:00,25.2
이채호,2022,KT,2022-08-23,@ Doosan,RP,W,0.0,0.0,0 ⅓,3,0,0,0,0,0,0,0,,Away,잠실 야구장,18:30,29.0
이채호,2022,KT,2022-08-21,vs. Kia,RP,,0.0,1.0,1,17,0,0,1,0,1,0,0,,Home,수원 KT 위즈파크,17:00,32.1
이채호,2022,KT,2022-08-19,@ Lotte,RP,H,0.0,3.0,1,28,0,0,2,0,2,1,0,,Away,사직 야구장,18:30,30.3
이채호,2022,KT,2022-08-16,vs. Kiwoom,RP,,0.0,1.5,0 ⅔,13,0,0,0,0,0,1,0,,Home,수원 KT 위즈파크,18:30,29.5
이채호,2022,KT,2022-08-14,vs. Samsung,RP,,0.0,0.6,1 ⅔,31,0,0,0,0,2,1,1,,Home,수원 KT 위즈파크,17:00,29.8
이채호,2022,KT,2022-08-13,vs. Samsung,RP,,0.0,0.0,1,18,0,0,0,0,0,0,1,,Home,수원 KT 위즈파크,18:00,29.4
이채호,2022,KT,2022-08-10,@ SSG,RP,,0.0,0.0,1,14,0,0,0,0,1,0,0,,Away,인천 SSG 랜더스필드,18:30,25.9
이채호,2022,KT,2022-08-07,vs. Hanwha,RP,,0.0,0.75,1 ⅓,18,0,0,0,0,1,1,0,,Home,수원 KT 위즈파크,17:00,32.4
이채호,2022,KT,2022-08-05,vs. Hanwha,RP,,0.0,0.0,1,9,0,0,0,0,0,0,0,,Home,수원 KT 위즈파크,18:30,32.5
이채호,2022,KT,2022-07-30,@ LG,RP,,0.0,1.5,0 ⅔,6,0,0,1,0,0,0,1,,Away,잠실 야구장,18:00,33.0
이채호,2022,KT,2022-07-27,vs. Kiwoom,RP,W,0.0,0.0,2,20,0,0,0,0,1,0,0,,Home,수원 KT 위즈파크,18:30,30.7
이채호,2022,KT,2022-07-26,vs. Kiwoom,RP,,0.0,0.75,1 ⅓,18,0,0,0,0,1,1,0,,Home,수원 KT 위즈파크,18:30,31.7
이채호,2022,KT,2022-07-22,@ Hanwha,RP,,9.0,2.0,1,22,1,1,2,0,1,0,0,,Away,대전 한화생명 볼파크,18:30,28.7
이채호,2022,KT,2022-07-10,vs. Lotte,RP,,0.0,0.0,1,11,0,0,0,0,3,0,0,,Home,수원 KT 위즈파크,17:00,34.3
이채호,2022,KT,2022-07-03,vs. Doosan,RP,,0.0,2.0,1,9,0,0,2,0,0,0,0,,Home,수원 KT 위즈파크,17:00,30.9
이채호,2022,KT,2022-06-28,@ Samsung,RP,,4.5,2.0,2,33,1,1,3,0,2,1,0,,Away,대구 삼성 라이온즈 파크,18:30,26.9
이채호,2022,KT,2022-06-25,vs. LG,RP,,54.0,6.0,0 ⅓,15,2,2,2,0,0,0,0,,Home,수원 KT 위즈파크,17:00,29.5
이채호,2022,KT,2022-06-21,vs. NC,RP,,0.0,1.0,1,14,0,0,0,0,0,1,1,,Home,수원 KT 위즈파크,18:30,26.8
이채호,2022,KT,2022-06-18,@ Doosan,RP,,0.0,0.0,1,15,0,0,0,0,2,0,0,,Away,잠실 야구장,17:00,26.5
이채호,2022,KT,2022-06-15,vs. SSG,RP,W,0.0,1.0,1,12,0,0,1,0,1,0,0,,Home,수원 KT 위즈파크,18:30,23.3
이채호,2022,KT,2022-06-14,vs. SSG,RP,W,0.0,0.0,0 ⅓,4,0,0,0,0,1,0,0,,Home,수원 KT 위즈파크,18:30,20.8
이채호,2022,KT,2022-06-12,@ Lotte,RP,,0.0,1.5,0 ⅔,18,0,0,1,0,2,0,0,,Away,사직 야구장,17:00,22.9
이채호,2022,KT,2022-06-09,@ Kiwoom,RP,,0.0,2.0,1,17,0,0,2,0,0,0,0,,Away,고척 스카이돔,18:30,25.5
이채호,2022,KT,2022-06-07,@ Kiwoom,RP,,0.0,1.0,2,30,0,0,1,0,2,1,0,,Away,고척 스카이돔,18:30,25.5
이채호,2022,KT,2022-06-05,vs. Kia,RP,,0.0,0.0,0 ⅓,5,0,0,0,0,0,0,0,,Home,수원 KT 위즈파크,17:00,21.2
이채호,2022,KT,2022-06-04,vs. Kia,RP,H,0.0,0.75,1 ⅓,17,0,0,0,0,0,1,0,,Home,수원 KT 위즈파크,17:00,27.0
이채호,2022,KT,2022-06-02,@ SSG,RP,,0.0,0.0,1,10,0,0,0,0,1,0,0,,Away,인천 SSG 랜더스필드,18:30,23.0
이채호,2021,SSG,2021-05-08,vs. Kiwoom,RP,,27.0,3.0,1,26,3,3,3,2,1,0,0,,Home,인천 SSG 랜더스필드,17:00,15.1
이채호,2021,SSG,2021-04-27,vs. KT,RP,,5.4,2.4,1 ⅔,41,1,1,2,0,1,2,0,,Home,인천 SSG 랜더스필드,18:30,14.3
이채호,2021,SSG,2021-04-21,@ Samsung,RP,,0.0,1.71,2 ⅓,47,3,0,3,0,1,1,0,,Away,대구 삼성 라이온즈 파크,18:30,20.4
소형준,2024,KT,2024-09-27,vs. Kiwoom,RP,,13.5,1.5,1 ⅓,23,2,2,2,0,0,0,0,,Home,수원 KT 위즈파크,18:30,26.0
소형준,2024,KT,2024-09-24,vs. Lotte,RP,W,0.0,0.0,2,27,0,0,0,0,1,0,0,,Home,수원 KT 위즈파크,18:30,23.7
소형준,2024,KT,2024-09-22,vs. SSG,RP,,0.0,0.0,1,14,0,0,0,0,1,0,0,,Home,수원 KT 위즈파크,14:00,25.0
소형준,2024,KT,2024-09-19,vs. Samsung,RP,W,0.0,3.0,1,26,0,0,2,0,1,1,0,,Home,수원 KT 위즈파크,18:30,32.1
소형준,2024,KT,2024-09-16,vs. Kia,RP,,0.0,1.0,2,19,0,0,2,0,0,0,0,,Home,수원 KT 위즈파크,18:30,31.3
소형준,2024,KT,2024-09-12,vs. NC,RP,,9.0,1.0,1,11,1,1,1,1,0,0,1,,Home,수원 KT 위즈파크,18:30,29.3
소형준,2023,KT,2023-05-10,vs. NC,SP,,9.82,2.18,3 ⅔,84,4,4,7,0,2,1,2,30.0,Home,수원 KT 위즈파크,18:30,22.1
소형준,2023,KT,2023-05-03,@ SSG,SP,,1.8,1.2,5,72,1,1,5,1,1,1,0,53.0,Away,인천 SSG 랜더스필드,18:30,20.6
소형준,2023,KT,2023-04-02,vs. LG,SP,,34.71,4.71,2 ⅓,74,9,9,10,0,1,1,1,0.0,Home,수원 KT 위즈파크,14:00,23.1
소형준,2022,KT,2022-10-07,@ Kia,SP,L,1.8,1.6,5,86,4,1,7,1,3,1,0,45.0,Away,광주 기아 챔피언스 필드,18:30,16.6
소형준,2022,KT,2022-09-28,vs. Doosan,SP,W,0.0,0.86,7,90,0,0,4,0,5,2,1,71.0,Home,수원 KT 위즈파크,18:30,23.9
소형준,2022,KT,2022-09-22,@ Samsung,SP,,4.5,1.17,6,86,4,3,7,1,2,0,0,46.0,Away,대구 삼성 라이온즈 파크,18:30,23.4
소형준,2022,KT,2022-09-15,@ LG,SP,L,0.0,1.0,6,103,2,0,4,0,3,2,1,60.0,Away,잠실 야구장,18:30,27.9
소형준,2022,KT,2022-09-08,vs. NC,SP,L,17.18,3.27,3 ⅔,76,7,7,10,1,1,2,0,12.0,Home,수원 KT 위즈파크,18:30,26.1
소형준,2022,KT,2022-09-02,vs. LG,SP,,1.29,0.71,7,78,1,1,4,1,5,1,0,69.0,Home,수원 KT 위즈파크,18:30,27.5
소형준,2022,KT,2022-08-26,vs. SSG,SP,W,3.52,0.78,7 ⅔,97,3,3,4,0,4,2,0,61.0,Home,수원 KT 위즈파크,18:30,26.5
소형준,2022,KT,2022-08-20,vs. Kia,SP,L,9.0,2.4,5,105,5,5,9,0,2,3,0,28.0,Home,수원 KT 위즈파크,18:00,30.4
소형준,2022,KT,2022-08-06,vs. Hanwha,SP,,3.0,0.83,6,91,2,2,4,1,3,1,0,58.0,Home,수원 KT 위즈파크,18:00,33.0
소형준,2022,KT,2022-07-30,@ LG,SP,,6.43,1.71,7,94,5,5,9,0,8,3,0,44.0,Away,잠실 야구장,18:00,33.0
소형준,2022,KT,2022-07-24,@ Hanwha,SP,W,1.8,1.4,5,91,1,1,4,0,4,3,0,56.0,Away,대전 한화생명 볼파크,17:00,28.5
소형준,2022,KT,2022-07-09,vs. Lotte,SP,W,1.5,1.17,6,87,1,1,7,0,3,0,0,57.0,Home,수원 KT 위즈파크,18:00,30.4
소형준,2022,KT,2022-07-03,vs. Doosan,SP,W,0.0,0.43,7,94,0,0,3,0,10,0,0,81.0,Home,수원 KT 위즈파크,17:00,30.9
소형준,2022,KT,2022-06-28,@ Samsung,SP,W,4.5,1.67,6,85,3,3,9,0,2,1,0,43.0,Away,대구 삼성 라이온즈 파크,18:30,26.9
소형준,2022,KT,2022-06-19,@ Doosan,SP,W,1.13,0.63,8,88,1,1,5,0,6,0,0,74.0,Away,잠실 야구장,17:00,26.6
소형준,2022,KT,2022-06-14,vs. SSG,SP,,2.84,1.58,6 ⅓,96,4,2,9,0,5,1,0,47.0,Home,수원 KT 위즈파크,18:30,20.8
소형준,2022,KT,2022-06-08,@ Kiwoom,SP,,7.2,2.6,5,104,5,4,10,0,1,3,0,27.0,Away,고척 스카이돔,18:30,25.5
소형준,2022,KT,2022-06-01,@ SSG,SP,,1.29,0.86,7,93,1,1,5,0,7,1,0,69.0,Away,인천 SSG 랜더스필드,18:30,21.0
소형준,2022,KT,2022-05-26,@ NC,SP,W,1.29,0.86,7,104,1,1,3,0,5,3,1,68.0,Away,창원 NC 파크,18:30,24.2
소형준,2022,KT,2022-05-20,@ Samsung,SP,W,1.13,0.38,8,86,1,1,3,1,5,0,0,77.0,Away,대구 삼성 라이온즈 파크,18:30,21.1
소형준,2022,KT,2022-05-14,vs. Kiwoom,SP,L,3.0,1.17,6,94,3,2,5,0,4,2,0,54.0,Home,수원 KT 위즈파크,17:00,16.7
소형준,2022,KT,2022-05-08,@ Doosan,SP,W,0.0,0.57,7,97,0,0,2,0,5,2,0,76.0,Away,잠실 야구장,14:00,17.8
소형준,2022,KT,2022-05-03,vs. Lotte,SP,W,6.0,1.17,6,100,4,4,6,2,7,1,1,49.0,Home,수원 KT 위즈파크,18:30,18.8
소형준,2022,KT,2022-04-27,vs. Kia,SP,W,1.29,0.86,7,87,1,1,5,0,4,1,1,65.0,Home,수원 KT 위즈파크,18:30,17.9
소형준,2022,KT,2022-04-20,@ LG,SP,W,1.29,1.0,7,98,1,1,4,0,3,3,0,65.0,Away,잠실 야구장,18:30,20.2
소형준,2022,KT,2022-04-14,vs. Doosan,SP,,5.4,1.05,6 ⅔,102,4,4,6,0,6,1,0,51.0,Home,수원 KT 위즈파크,18:30,13.7
소형준,2022,KT,2022-04-07,vs. SSG,SP,L,6.0,1.67,6,87,4,4,10,0,4,0,0,40.0,Home,수원 KT 위즈파크,18:30,11.2
소형준,2021,KT,2021-10-30,@ SSG,SP,W,3.6,1.4,5,93,2,2,4,0,6,3,0,54.0,Away,인천 SSG 랜더스필드,17:00,17.3
소형준,2021,KT,2021-10-20,@ Kia,SP,L,1.29,1.0,7,98,3,1,4,0,3,3,0,61.0,Away,광주 기아 챔피언스 필드,18:30,12.1
소형준,2021,KT,2021-10-14,@ Doosan,SP,W,3.0,1.5,6,106,2,2,7,0,3,2,0,51.0,Away,잠실 야구장,18:30,20.6
소형준,2021,KT,2021-10-03,@ SSG,SP,,3.38,1.13,5 ⅓,85,2,2,2,0,2,4,0,54.0,Away,인천 SSG 랜더스필드,14:00,26.6
소형준,2021,KT,2021-09-28,vs. Doosan,SP,W,0.0,1.4,5,98,1,0,6,0,2,1,0,54.0,Home,수원 KT 위즈파크,18:30,23.9
소형준,2021,KT,2021-09-22,@ Kia,SP,L,135.0,18.0,0 ⅓,36,7,5,5,0,1,1,0,17.0,Away,광주 기아 챔피언스 필드,18:30,26.5
소형준,2021,KT,2021-09-12,vs. SSG,SP,,1.23,0.68,7 ⅓,97,1,1,5,0,3,0,0,67.0,Home,수원 KT 위즈파크,14:00,28.4
소형준,2021,KT,2021-08-31,@ Hanwha,SP,L,12.27,2.18,3 ⅔,102,5,5,8,0,5,0,0,30.0,Away,대전 한화생명 볼파크,18:30,26.9
소형준,2021,KT,2021-08-25,vs. SSG,SP,W,0.0,0.67,6,87,1,0,4,0,5,0,0,67.0,Home,수원 KT 위즈파크,18:30,27.9
소형준,2021,KT,2021-08-19,vs. LG,SP,,0.0,0.8,5,89,0,0,3,0,6,1,1,65.0,Home,수원 KT 위즈파크,18:30,29.2
소형준,2021,KT,2021-08-11,@ Kiwoom,SP,L,5.4,2.1,3 ⅓,78,4,2,4,2,1,3,1,37.0,Away,고척 스카이돔,18:30,25.5
소형준,2021,KT,2021-07-05,vs. Kiwoom,SP,L,30.86,4.29,2 ⅓,78,10,8,8,2,0,2,0,3.0,Home,수원 KT 위즈파크,18:30,27.8
소형준,2021,KT,2021-06-26,@ Hanwha,SP,W,3.6,1.2,5,83,2,2,4,0,5,2,0,54.0,Away,대전 한화생명 볼파크,17:00,27.2
소형준,2021,KT,2021-06-20,vs. Doosan,SP,,0.0,1.29,7,82,1,0,7,0,0,2,0,59.0,Home,수원 KT 위즈파크,17:00,27.6
소형준,2021,KT,2021-06-11,vs. Hanwha,SP,,0.0,1.4,5,98,0,0,5,0,5,2,1,59.0,Home,수원 KT 위즈파크,18:30,26.0
소형준,2021,KT,2021-06-05,vs. Lotte,SP,W,0.0,0.57,7,91,0,0,3,0,9,1,0,79.0,Home,수원 KT 위즈파크,17:00,25.1
소형준,2021,KT,2021-05-28,@ Kia,SP,,3.0,1.67,6,96,2,2,7,0,2,3,1,48.0,Away,광주 기아 챔피언스 필드,18:30,21.3
소형준,2021,KT,2021-05-22,@ Hanwha,SP,L,3.6,1.4,5,91,3,2,3,2,5,4,0,52.0,Away,대전 한화생명 볼파크,17:00,25.1
소형준,2021,KT,2021-05-15,@ Lotte,SP,,7.2,2.0,5,87,4,4,8,0,2,2,0,35.0,Away,사직 야구장,17:00,19.2
소형준,2021,KT,2021-05-09,vs. NC,SP,L,31.5,4.5,2,64,7,7,6,0,1,3,0,14.0,Home,수원 KT 위즈파크,14:00,20.1
소형준,2021,KT,2021-04-29,@ SSG,SP,W,1.5,1.17,6,89,1,1,3,0,6,4,0,64.0,Away,인천 SSG 랜더스필드,18:30,16.1
소형준,2021,KT,2021-04-16,vs. Kiwoom,SP,,5.4,1.4,5,91,3,3,6,0,4,1,0,46.0,Home,수원 KT 위즈파크,18:30,13.6
소형준,2021,KT,2021-04-10,@ Samsung,SP,,9.0,2.75,4,87,4,4,6,0,2,5,0,31.0,Away,대구 삼성 라이온즈 파크,17:00,13.6
소형준,2021,KT,2021-04-04,vs. Hanwha,SP,,3.18,1.24,5 ⅔,91,2,2,5,0,7,2,0,56.0,Home,수원 KT 위즈파크,14:00,15.4
소형준,2020,KT,2020-10-29,@ Hanwha,SP,W,0.0,0.83,6,81,1,0,3,0,8,2,0,70.0,Away,대전 한화생명 볼파크,18:30,12.7
소형준,2020,KT,2020-10-25,vs. Lotte,RP,,0.0,1.5,1 ⅓,16,0,0,2,0,1,0,0,,Home,수원 KT 위즈파크,14:00,17.0
소형준,2020,KT,2020-10-22,@ Doosan,RP,,9.0,3.0,1,28,1,1,2,0,0,1,0,,Away,잠실 야구장,18:30,14.4
소형준,2020,KT,2020-10-17,@ SK,SP,W,3.6,2.0,5,89,2,2,8,0,3,2,1,43.0,Away,인천 SSG 랜더스필드,17:00,16.7
소형준,2020,KT,2020-10-09,vs. Doosan,SP,L,3.18,1.41,5 ⅔,94,2,2,6,0,4,2,0,51.0,Home,수원 KT 위즈파크,18:30,21.0
소형준,2020,KT,2020-10-03,vs. LG,SP,W,1.5,1.0,6,91,1,1,5,0,7,1,0,64.0,Home,수원 KT 위즈파크,17:00,21.7
소형준,2020,KT,2020-09-24,vs. Kia,SP,,3.6,1.8,5,89,2,2,7,0,3,2,0,46.0,Home,수원 KT 위즈파크,18:30,23.4
소형준,2020,KT,2020-09-18,vs. Doosan,SP,,3.6,1.4,5,89,2,2,6,0,3,1,0,49.0,Home,수원 KT 위즈파크,18:30,24.0
소형준,2020,KT,2020-09-12,vs. Hanwha,SP,W,2.84,1.11,6 ⅓,94,2,2,6,0,9,1,0,61.0,Home,수원 KT 위즈파크,17:00,24.5
소형준,2020,KT,2020-09-03,vs. SK,SP,W,3.6,2.0,5,81,2,2,6,0,2,4,0,45.0,Home,수원 KT 위즈파크,18:30,26.0
소형준,2020,KT,2020-08-28,@ LG,SP,,4.5,0.83,6,87,3,3,5,0,4,0,0,54.0,Away,잠실 야구장,18:30,30.9
소형준,2020,KT,2020-08-23,vs. NC,SP,W,1.8,2.2,5,101,1,1,8,0,5,3,1,48.0,Home,수원 KT 위즈파크,17:00,30.0
소형준,2020,KT,2020-08-16,@ Doosan,SP,W,1.8,1.6,5,100,1,1,2,0,4,6,1,56.0,Away,잠실 야구장,17:00,31.1
소형준,2020,KT,2020-08-11,vs. SK,SP,W,0.0,0.83,6,91,0,0,2,0,6,3,0,71.0,Home,수원 KT 위즈파크,18:30,28.6
소형준,2020,KT,2020-08-01,vs. SK,SP,W,0.0,0.45,6 ⅔,80,0,0,3,0,5,0,0,73.0,Home,수원 KT 위즈파크,18:00,29.5
소형준,2020,KT,2020-07-17,@ NC,SP,,3.0,1.17,6,91,2,2,5,0,4,2,0,56.0,Away,창원 NC 파크,18:30,25.3
소형준,2020,KT,2020-07-11,vs. Samsung,SP,,3.0,1.17,6,87,3,2,5,0,2,2,1,51.0,Home,수원 KT 위즈파크,18:00,29.0
소형준,2020,KT,2020-06-26,@ Hanwha,SP,L,16.88,3.75,2 ⅔,60,6,5,9,0,2,1,0,19.0,Away,대전 한화생명 볼파크,18:30,27.2
소형준,2020,KT,2020-06-20,vs. Lotte,SP,L,3.6,1.4,5,89,2,2,5,0,5,2,0,52.0,Home,수원 KT 위즈파크,17:00,28.1
소형준,2020,KT,2020-06-14,@ Samsung,SP,L,13.5,1.93,4 ⅔,93,7,7,8,2,2,1,2,19.0,Away,대구 삼성 라이온즈 파크,17:00,28.6
소형준,2020,KT,2020-06-09,vs. Kia,SP,L,5.4,1.2,5,97,3,3,4,1,3,2,0,48.0,Home,수원 KT 위즈파크,18:30,29.0
소형준,2020,KT,2020-06-03,vs. Doosan,SP,W,0.0,0.71,7,96,0,0,2,0,2,3,0,72.0,Home,수원 KT 위즈파크,18:30,27.2
소형준,2020,KT,2020-05-28,vs. Kia,SP,W,9.0,2.0,5,90,5,5,9,2,2,1,0,30.0,Home,수원 KT 위즈파크,18:30,21.6
소형준,2020,KT,2020-05-21,vs. Hanwha,SP,L,13.5,2.06,5 ⅓,85,8,8,9,1,2,2,0,18.0,Home,수원 KT 위즈파크,18:30,21.7
소형준,2020,KT,2020-05-15,vs. Samsung,SP,W,2.84,1.42,6 ⅓,89,5,2,9,0,2,0,0,43.0,Home,수원 KT 위즈파크,18:30,15.9
소형준,2020,KT,2020-05-08,@ Doosan,SP,W,3.6,1.2,5,84,2,2,5,0,2,1,0,50.0,Away,잠실 야구장,18:30,20.5
원상현,2024,KT,2024-09-16,vs. Kia,RP,,0.0,0.0,0 ⅓,7,0,0,0,0,0,0,0,,Home,수원 KT 위즈파크,18:30,31.3
원상현,2024,KT,2024-09-07,vs. Doosan,RP,,36.0,6.0,1,27,4,4,4,0,1,2,0,,Home,수원 KT 위즈파크,17:00,30.0
원상현,2024,KT,2024-09-05,@ Lotte,RP,,0.0,2.0,1,23,0,0,1,0,1,1,0,,Away,사직 야구장,18:30,30.3
원상현,2024,KT,2024-08-28,@ LG,RP,,2.7,1.8,3 ⅓,63,1,1,5,0,2,1,0,,Away,잠실 야구장,18:30,31.7
원상현,2024,KT,2024-08-23,@ SSG,RP,H,0.0,4.0,1,36,1,0,1,0,2,3,0,,Away,인천 SSG 랜더스필드,18:30,30.1
원상현,2024,KT,2024-08-16,vs. Doosan,RP,,0.0,1.0,5,69,0,0,4,0,6,1,0,,Home,수원 KT 위즈파크,18:30,32.6
원상현,2024,KT,2024-08-13,@ Samsung,RP,,2.7,1.8,3 ⅓,56,1,1,6,0,2,0,0,,Away,대구 삼성 라이온즈 파크,18:30,31.7
원상현,2024,KT,2024-08-10,vs. Lotte,RP,,0.0,1.5,2,34,0,0,2,0,3,1,0,,Home,수원 KT 위즈파크,18:00,32.5
원상현,2024,KT,2024-08-07,@ Kia,RP,,9.0,2.0,1,18,1,1,1,1,2,1,0,,Away,광주 기아 챔피언스 필드,18:30,32.4
원상현,2024,KT,2024-08-04,@ NC,RP,,22.5,4.0,2,53,5,5,7,0,0,1,0,,Away,창원 NC 파크,17:00,32.6
원상현,2024,KT,2024-08-01,vs. Hanwha,RP,,0.0,1.2,1 ⅔,31,0,0,2,0,4,0,0,,Home,수원 KT 위즈파크,18:30,33.1
원상현,2024,KT,2024-05-29,@ Doosan,SP,L,18.0,2.67,3,69,6,6,5,1,1,3,1,22.0,Away,잠실 야구장,18:30,25.4
원상현,2024,KT,2024-05-23,@ Samsung,SP,W,1.8,1.4,5,79,1,1,5,0,4,2,0,55.0,Away,대구 삼성 라이온즈 파크,18:30,22.8
원상현,2024,KT,2024-05-17,vs. LG,SP,L,10.38,2.31,4 ⅓,101,5,5,7,0,5,3,1,30.0,Home,수원 KT 위즈파크,18:30,22.1
원상현,2024,KT,2024-05-10,@ Doosan,SP,L,6.0,2.0,6,85,5,4,11,1,3,1,0,34.0,Away,잠실 야구장,18:30,21.4
원상현,2024,KT,2024-05-01,@ Kia,SP,L,24.3,3.9,3 ⅓,73,9,9,11,2,2,2,0,2.0,Away,광주 기아 챔피언스 필드,18:30,17.1
원상현,2024,KT,2024-04-25,vs. Hanwha,SP,W,0.0,0.83,6,83,0,0,3,0,3,2,0,67.0,Home,수원 KT 위즈파크,18:30,19.4
원상현,2024,KT,2024-04-19,@ Lotte,SP,,1.8,2.2,5,87,1,1,8,0,3,3,0,47.0,Away,사직 야구장,18:30,18.6
원상현,2024,KT,2024-04-13,vs. SSG,SP,L,31.5,4.5,2,57,7,7,9,0,1,0,0,11.0,Home,수원 KT 위즈파크,17:00,23.5
원상현,2024,KT,2024-04-05,@ LG,SP,,6.75,2.0,4,97,4,3,6,0,6,2,0,40.0,Away,잠실 야구장,18:30,16.4
원상현,2024,KT,2024-03-31,@ Hanwha,RP,,0.0,1.5,2,39,0,0,2,0,4,1,0,,Away,대전 한화생명 볼파크,14:00,17.9
원상현,2024,KT,2024-03-28,vs. Doosan,SP,,9.0,2.0,3,61,3,3,5,1,4,1,0,40.0,Home,수원 KT 위즈파크,18:30,11.3
우규민,2024,KT,2024-09-27,vs. Kiwoom,RP,W,0.0,0.0,0 ⅓,1,0,0,0,0,0,0,0,,Home,수원 KT 위즈파크,18:30,26.0
우규민,2024,KT,2024-09-19,vs. Samsung,RP,,27.0,3.0,0 ⅓,20,1,1,1,0,0,0,1,,Home,수원 KT 위즈파크,18:30,32.1
우규민,2024,KT,2024-09-16,vs. Kia,RP,,0.0,6.0,0 ⅓,15,0,0,2,0,0,0,0,,Home,수원 KT 위즈파크,18:30,31.3
우규민,2024,KT,2024-09-11,vs. NC,RP,H,0.0,1.5,0 ⅔,18,0,0,1,0,0,0,0,,Home,수원 KT 위즈파크,18:30,29.8
우규민,2024,KT,2024-09-05,@ Lotte,RP,,9.0,3.0,1,26,1,1,3,0,0,0,0,,Away,사직 야구장,18:30,30.3
우규민,2024,KT,2024-08-29,@ LG,RP,W,0.0,1.0,1,19,0,0,1,0,1,0,0,,Away,잠실 야구장,18:30,31.7
우규민,2024,KT,2024-08-28,@ LG,RP,,0.0,0.0,1,15,0,0,0,0,1,0,0,,Away,잠실 야구장,18:30,31.7
우규민,2024,KT,2024-08-27,@ LG,RP,,0.0,1.0,1,7,0,0,1,0,0,0,0,,Away,잠실 야구장,18:30,29.6
우규민,2024,KT,2024-08-24,@ SSG,RP,,0.0,0.0,1,7,0,0,0,0,1,0,0,,Away,인천 SSG 랜더스필드,18:00,30.9
우규민,2024,KT,2024-08-22,vs. Kiwoom,RP,H,0.0,0.0,1,13,0,0,0,0,2,0,0,,Home,수원 KT 위즈파크,18:30,30.4
우규민,2024,KT,2024-08-21,vs. Kiwoom,RP,,0.0,1.0,1,11,0,0,1,0,2,0,0,,Home,수원 KT 위즈파크,18:30,31.8
우규민,2024,KT,2024-08-17,vs. Doosan,RP,,0.0,3.0,0 ⅓,10,0,0,1,0,1,0,0,,Home,수원 KT 위즈파크,18:00,32.0
우규민,2024,KT,2024-08-15,@ Samsung,RP,,0.0,0.0,1 ⅔,19,0,0,0,0,2,0,0,,Away,대구 삼성 라이온즈 파크,18:30,31.4
우규민,2024,KT,2024-08-10,vs. Lotte,RP,,0.0,3.0,0 ⅔,15,0,0,2,0,1,0,0,,Home,수원 KT 위즈파크,18:00,32.5
우규민,2024,KT,2024-08-08,@ Kia,RP,SV,0.0,1.0,1,23,0,0,1,0,1,0,0,,Away,광주 기아 챔피언스 필드,18:30,31.1
우규민,2024,KT,2024-08-07,@ Kia,RP,,9.0,3.0,1,24,1,1,2,0,1,1,0,,Away,광주 기아 챔피언스 필드,18:30,32.4
우규민,2024,KT,2024-08-04,@ NC,RP,,0.0,0.0,1,16,0,0,0,0,3,0,1,,Away,창원 NC 파크,17:00,32.6
우규민,2024,KT,2024-07-30,vs. Hanwha,RP,,0.0,1.0,1,18,0,0,1,0,0,0,0,,Home,수원 KT 위즈파크,18:30,32.4
우규민,2024,KT,2024-07-28,@ Samsung,RP,,0.0,0.75,1 ⅓,16,0,0,1,0,0,0,0,,Away,대구 삼성 라이온즈 파크,17:00,33.1
우규민,2024,KT,2024-07-25,vs. SSG,RP,H,9.0,2.0,1,24,1,1,2,0,1,0,0,,Home,수원 KT 위즈파크,18:30,33.3
우규민,2024,KT,2024-07-21,vs. NC,RP,,0.0,0.0,1 ⅔,17,0,0,0,0,1,0,0,,Home,수원 KT 위즈파크,17:00,31.7
우규민,2024,KT,2024-07-19,vs. NC,RP,W,0.0,1.0,1,15,0,0,1,0,0,0,0,,Home,수원 KT 위즈파크,18:30,30.7
우규민,2024,KT,2024-07-17,@ Kiwoom,RP,,0.0,1.0,1,7,0,0,1,0,0,0,0,,Away,고척 스카이돔,18:30,25.5
우규민,2024,KT,2024-07-10,vs. Doosan,RP,W,0.0,0.0,1,14,0,0,0,0,2,0,0,,Home,수원 KT 위즈파크,18:30,29.1
우규민,2024,KT,2024-07-04,@ Hanwha,RP,,0.0,0.0,1 ⅓,15,0,0,0,0,1,0,0,,Away,대전 한화생명 볼파크,18:30,31.8
우규민,2024,KT,2024-06-19,vs. Lotte,RP,,18.0,2.0,1,18,3,2,2,1,1,0,0,,Home,수원 KT 위즈파크,18:30,32.0
우규민,2024,KT,2024-06-14,vs. Kia,RP,,0.0,0.0,1,11,0,0,0,0,0,0,0,,Home,수원 KT 위즈파크,18:30,25.8
우규민,2024,KT,2024-06-13,@ NC,RP,,0.0,0.0,2,17,0,0,0,0,3,0,0,,Away,창원 NC 파크,18:30,27.7
우규민,2024,KT,2024-06-11,@ NC,RP,,0.0,1.0,1,21,0,0,1,0,2,0,0,,Away,창원 NC 파크,18:30,26.6
우규민,2024,KT,2024-06-08,vs. LG,RP,,0.0,0.75,1 ⅓,14,0,0,0,0,0,1,0,,Home,수원 KT 위즈파크,17:00,25.1
우규민,2024,KT,2024-06-05,vs. Hanwha,RP,,0.0,2.0,1,26,0,0,2,0,2,0,0,,Home,수원 KT 위즈파크,18:30,22.8
우규민,2024,KT,2024-05-29,@ Doosan,RP,,0.0,0.0,1,12,0,0,0,0,2,0,0,,Away,잠실 야구장,18:30,25.4
우규민,2024,KT,2024-05-28,@ Doosan,RP,,0.0,2.0,1,13,0,0,2,0,1,0,0,,Away,잠실 야구장,18:30,25.5
우규민,2024,KT,2024-05-17,vs. LG,RP,,0.0,1.0,1,22,1,0,1,0,0,0,0,,Home,수원 KT 위즈파크,18:30,22.1
우규민,2024,KT,2024-05-12,@ Doosan,RP,,0.0,1.5,1 ⅓,20,0,0,2,0,0,0,0,,Away,잠실 야구장,14:00,20.5
우규민,2024,KT,2024-05-08,vs. NC,RP,,0.0,3.0,0 ⅓,8,0,0,1,0,1,0,0,,Home,수원 KT 위즈파크,18:30,17.6
우규민,2024,KT,2024-05-01,@ Kia,RP,,0.0,2.0,1,18,0,0,2,0,1,0,0,,Away,광주 기아 챔피언스 필드,18:30,17.1
우규민,2024,KT,2024-04-28,@ SSG,RP,,0.0,,0,8,2,2,2,0,0,0,0,,Away,인천 SSG 랜더스필드,14:00,21.6
우규민,2024,KT,2024-04-24,vs. Hanwha,RP,,0.0,1.0,1,15,0,0,1,0,1,0,0,,Home,수원 KT 위즈파크,18:30,14.0
우규민,2024,KT,2024-04-21,@ Lotte,RP,,0.0,2.0,1,14,0,0,2,0,2,0,0,,Away,사직 야구장,14:00,17.6
우규민,2024,KT,2024-04-03,vs. Kia,RP,,0.0,2.0,1,14,0,0,2,0,0,0,0,,Home,수원 KT 위즈파크,18:30,16.1
우규민,2024,KT,2024-03-30,@ Hanwha,RP,,0.0,0.0,1,13,0,0,0,0,0,0,0,,Away,대전 한화생명 볼파크,17:00,16.1
우규민,2024,KT,2024-03-27,vs. Doosan,RP,,4.5,1.0,2,24,1,1,2,0,2,0,0,,Home,수원 KT 위즈파크,18:30,12.2
우규민,2024,KT,2024-03-26,vs. Doosan,RP,L,0.0,,0,15,3,3,3,0,0,0,0,,Home,수원 KT 위즈파크,18:30,10.8
우규민,2024,KT,2024-03-23,vs. Samsung,RP,H,0.0,0.0,0 ⅔,7,0,0,0,0,0,0,0,,Home,수원 KT 위즈파크,14:00,18.1
우규민,2023,Samsung,2023-10-09,@ Kia,RP,,0.0,,0,6,1,1,1,0,0,0,0,,Away,광주 기아 챔피언스 필드,18:30,20.3
우규민,2023,Samsung,2023-10-08,@ Kia,RP,,0.0,0.0,0 ⅓,6,0,0,0,0,0,0,0,,Away,광주 기아 챔피언스 필드,14:00,20.7
우규민,2023,Samsung,2023-10-06,@ KT,RP,H,0.0,0.0,0 ⅓,4,0,0,0,0,0,0,0,,Away,수원 KT 위즈파크,18:30,17.6
우규민,2023,Samsung,2023-10-04,vs. Hanwha,RP,,0.0,1.0,1,16,0,0,1,0,0,0,0,,Home,대구 삼성 라이온즈 파크,18:30,22.8
우규민,2023,Samsung,2023-09-19,@ KT,RP,,0.0,0.0,0 ⅔,6,0,0,0,0,1,0,0,,Away,수원 KT 위즈파크,18:30,26.6
우규민,2023,Samsung,2023-09-14,vs. KT,RP,H,0.0,3.0,0 ⅔,19,0,0,2,0,1,0,0,,Home,대구 삼성 라이온즈 파크,18:30,25.6
우규민,2023,Samsung,2023-09-08,@ Doosan,RP,H,13.5,4.5,0 ⅔,20,1,1,2,0,0,1,0,,Away,잠실 야구장,18:30,28.5
우규민,2023,Samsung,2023-09-07,@ Lotte,RP,,0.0,1.0,1,15,0,0,1,0,1,0,0,,Away,사직 야구장,18:30,26.6
우규민,2023,Samsung,2023-09-05,@ Lotte,RP,,0.0,6.0,0 ⅓,8,0,0,2,0,0,0,0,,Away,사직 야구장,18:30,27.3
우규민,2023,Samsung,2023-09-03,vs. NC,RP,,0.0,0.0,1 ⅓,17,0,0,0,0,2,0,0,,Home,대구 삼성 라이온즈 파크,14:00,31.0
우규민,2023,Samsung,2023-09-01,vs. NC,RP,,13.5,3.0,0 ⅔,19,1,1,1,0,0,1,0,,Home,대구 삼성 라이온즈 파크,18:30,26.3
우규민,2023,Samsung,2023-08-31,@ KT,RP,,0.0,0.0,1 ⅔,17,0,0,0,0,0,0,0,,Away,수원 KT 위즈파크,18:30,26.5
우규민,2023,Samsung,2023-08-26,vs. Kiwoom,RP,,0.0,,0,3,0,0,2,0,0,0,0,,Home,대구 삼성 라이온즈 파크,18:00,29.1
우규민,2023,Samsung,2023-08-20,vs. Kia,RP,W,0.0,1.5,1 ⅓,20,0,0,2,0,0,0,0,,Home,대구 삼성 라이온즈 파크,17:00,31.5
우규민,2023,Samsung,2023-08-17,vs. LG,RP,,0.0,0.0,0 ⅓,2,0,0,0,0,0,0,0,,Home,대구 삼성 라이온즈 파크,18:30,28.4
우규민,2023,Samsung,2023-08-15,vs. LG,RP,H,27.0,3.0,0 ⅓,10,1,1,1,0,0,0,0,,Home,대구 삼성 라이온즈 파크,18:30,30.0
우규민,2023,Samsung,2023-08-12,@ SSG,RP,,27.0,6.0,0 ⅓,14,1,1,1,1,1,1,0,,Away,인천 SSG 랜더스필드,18:00,28.1
우규민,2023,Samsung,2023-08-09,@ Doosan,RP,,0.0,1.0,1,9,0,0,1,0,0,0,0,,Away,잠실 야구장,18:30,30.8
우규민,2023,Samsung,2023-08-06,vs. LG,RP,,18.0,3.0,1,25,2,2,2,0,0,1,0,,Home,대구 삼성 라이온즈 파크,17:00,33.0
우규민,2023,Samsung,2023-08-05,vs. LG,RP,H,0.0,0.0,1,11,0,0,0,0,1,0,0,,Home,대구 삼성 라이온즈 파크,18:00,31.9
우규민,2023,Samsung,2023-08-03,vs. Kia,RP,,0.0,2.0,1,21,0,0,2,0,1,0,0,,Home,대구 삼성 라이온즈 파크,18:30,32.2
우규민,2023,Samsung,2023-08-01,vs. Kia,RP,L,81.0,6.0,0 ⅓,11,3,3,2,0,0,0,1,,Home,대구 삼성 라이온즈 파크,18:30,30.7
우규민,2023,Samsung,2023-07-30,@ Kiwoom,RP,H,0.0,1.0,1,21,0,0,1,0,0,0,0,,Away,고척 스카이돔,14:00,25.5
우규민,2023,Samsung,2023-07-28,@ Kiwoom,RP,,0.0,1.0,1,11,0,0,1,0,0,0,0,,Away,고척 스카이돔,18:30,25.5
우규민,2023,Samsung,2023-07-27,vs. SSG,RP,H,0.0,0.0,0 ⅔,5,0,0,0,0,0,0,0,,Home,대구 삼성 라이온즈 파크,18:30,30.6
우규민,2023,Samsung,2023-07-26,vs. SSG,RP,,0.0,0.75,1 ⅓,13,0,0,1,0,0,0,0,,Home,대구 삼성 라이온즈 파크,18:30,30.7
우규민,2023,Samsung,2023-07-23,vs. KT,RP,,0.0,0.0,1,17,0,0,0,0,1,0,0,,Home,대구 삼성 라이온즈 파크,17:00,28.9
우규민,2023,Samsung,2023-07-12,@ Kia,RP,,0.0,0.0,0 ⅓,1,0,0,0,0,0,0,0,,Away,광주 기아 챔피언스 필드,18:30,30.3
우규민,2023,Samsung,2023-07-06,vs. Doosan,RP,,0.0,2.0,1,15,0,0,2,0,1,0,0,,Home,대구 삼성 라이온즈 파크,18:30,26.6
우규민,2023,Samsung,2023-07-04,vs. Doosan,RP,,0.0,1.5,0 ⅔,10,0,0,1,0,0,0,0,,Home,대구 삼성 라이온즈 파크,18:30,26.3
우규민,2023,Samsung,2023-07-01,vs. Hanwha,RP,,9.0,3.0,1,24,1,1,3,0,2,0,0,,Home,대구 삼성 라이온즈 파크,18:00,26.1
우규민,2023,Samsung,2023-06-28,@ Lotte,RP,,0.0,0.0,0 ⅔,7,0,0,0,0,1,0,0,,Away,사직 야구장,18:30,26.3
우규민,2023,Samsung,2023-06-15,@ LG,RP,,27.0,6.0,0 ⅓,6,2,1,2,0,0,0,0,,Away,잠실 야구장,18:30,26.9
우규민,2023,Samsung,2023-06-10,vs. Lotte,RP,H,0.0,0.0,0 ⅓,1,0,0,0,0,0,0,0,,Home,대구 삼성 라이온즈 파크,17:00,26.2
우규민,2023,Samsung,2023-06-09,vs. Lotte,RP,,9.0,1.0,1,23,1,1,1,1,2,0,0,,Home,대구 삼성 라이온즈 파크,18:30,23.9
우규민,2023,Samsung,2023-06-07,vs. NC,RP,,5.4,1.2,1 ⅔,34,1,1,2,0,0,0,0,,Home,대구 삼성 라이온즈 파크,18:30,22.9
우규민,2023,Samsung,2023-06-04,@ Hanwha,RP,,6.75,1.5,1 ⅓,30,1,1,2,1,1,0,1,,Away,대전 한화생명 볼파크,17:00,24.7
우규민,2023,Samsung,2023-05-31,@ SSG,RP,W,0.0,1.0,1,20,0,0,1,0,1,0,0,,Away,인천 SSG 랜더스필드,18:30,22.6
우규민,2023,Samsung,2023-05-28,vs. KT,RP,,0.0,0.0,1,10,0,0,0,0,1,0,0,,Home,대구 삼성 라이온즈 파크,14:00,20.6
우규민,2023,Samsung,2023-05-26,vs. KT,RP,,0.0,1.5,0 ⅔,16,1,0,1,0,1,0,0,,Home,대구 삼성 라이온즈 파크,18:30,19.9
우규민,2023,Samsung,2023-05-21,@ NC,RP,,0.0,0.0,0 ⅔,4,0,0,0,0,0,0,0,,Away,창원 NC 파크,14:00,26.3
우규민,2023,Samsung,2023-05-19,@ NC,RP,H,0.0,0.0,0 ⅔,5,0,0,0,0,0,0,0,,Away,창원 NC 파크,18:30,21.1
우규민,2023,Samsung,2023-05-16,vs. Kia,RP,,0.0,,0,7,2,2,2,0,0,0,0,,Home,대구 삼성 라이온즈 파크,18:30,20.9
우규민,2023,Samsung,2023-05-14,vs. LG,RP,,0.0,1.5,0 ⅔,13,0,0,1,0,1,0,0,,Home,대구 삼성 라이온즈 파크,14:00,20.6
우규민,2023,Samsung,2023-05-12,vs. LG,RP,,0.0,0.0,1,9,0,0,0,0,0,0,0,,Home,대구 삼성 라이온즈 파크,18:30,18.1
우규민,2023,Samsung,2023-05-02,vs. Kiwoom,RP,,0.0,1.0,1,14,0,0,1,0,1,0,0,,Home,대구 삼성 라이온즈 파크,18:30,17.6
우규민,2023,Samsung,2023-04-30,@ KT,RP,W,0.0,2.0,1,17,0,0,1,0,0,1,0,,Away,수원 KT 위즈파크,14:00,18.3
우규민,2023,Samsung,2023-04-28,@ KT,RP,,54.0,6.0,0 ⅓,12,2,2,2,0,0,0,0,,Away,수원 KT 위즈파크,18:30,18.1
우규민,2023,Samsung,2023-04-23,@ Kia,RP,,0.0,1.0,1,16,0,0,1,0,2,0,0,,Away,광주 기아 챔피언스 필드,14:00,20.2
우규민,2023,Samsung,2023-04-21,@ Kia,RP,H,0.0,0.0,1,9,0,0,0,0,0,0,0,,Away,광주 기아 챔피언스 필드,18:30,21.0
우규민,2023,Samsung,2023-04-19,@ Kiwoom,RP,H,0.0,1.5,0 ⅔,11,0,0,1,0,0,0,0,,Away,고척 스카이돔,18:30,25.5
우규민,2023,Samsung,2023-04-14,vs. Lotte,RP,,0.0,,0,10,1,1,1,0,0,0,1,,Home,대구 삼성 라이온즈 파크,18:30,14.5
우규민,2023,Samsung,2023-04-13,vs. SSG,RP,,40.5,4.5,0 ⅔,18,3,3,3,0,0,0,0,,Home,대구 삼성 라이온즈 파크,18:30,16.9
우규민,2023,Samsung,2023-04-09,@ LG,RP,,0.0,0.0,1 ⅓,15,0,0,0,0,2,0,0,,Away,잠실 야구장,14:00,17.4
우규민,2023,Samsung,2023-04-04,vs. Hanwha,RP,H,0.0,0.0,1,16,0,0,0,0,1,0,0,,Home,대구 삼성 라이온즈 파크,18:30,16.5
우규민,2023,Samsung,2023-04-02,vs. NC,RP,H,0.0,1.5,0 ⅔,14,0,0,1,0,2,0,0,,Home,대구 삼성 라이온즈 파크,14:00,20.3
우규민,2022,Samsung,2022-10-07,@ Doosan,RP,W,0.0,0.0,1 ⅓,19,0,0,0,0,1,0,0,,Away,잠실 야구장,18:30,16.7
우규민,2022,Samsung,2022-10-05,@ KT,RP,,0.0,1.0,1,15,0,0,1,0,1,0,0,,Away,수원 KT 위즈파크,18:30,17.3
우규민,2022,Samsung,2022-09-25,vs. Kia,RP,,54.0,6.0,0 ⅓,15,2,2,2,0,0,0,0,,Home,대구 삼성 라이온즈 파크,14:00,22.8
우규민,2022,Samsung,2022-09-22,vs. KT,RP,H,0.0,1.0,1,16,0,0,1,0,0,0,1,,Home,대구 삼성 라이온즈 파크,18:30,23.4
우규민,2022,Samsung,2022-09-21,@ Kiwoom,RP,,0.0,0.0,1,10,0,0,0,0,1,0,1,,Away,고척 스카이돔,18:30,25.5
우규민,2022,Samsung,2022-09-18,vs. Kia,RP,W,0.0,0.0,0 ⅔,6,0,0,0,0,1,0,0,,Home,대구 삼성 라이온즈 파크,14:00,30.9
우규민,2022,Samsung,2022-09-16,vs. Doosan,RP,,0.0,1.5,1 ⅓,20,0,0,2,0,2,0,0,,Home,대구 삼성 라이온즈 파크,18:30,29.0
우규민,2022,Samsung,2022-09-08,vs. Lotte,RP,L,13.5,1.5,0 ⅔,17,1,1,1,1,0,0,0,,Home,대구 삼성 라이온즈 파크,18:30,25.2
우규민,2022,Samsung,2022-09-03,@ Doosan,RP,,27.0,3.0,0 ⅓,10,1,1,1,0,0,0,0,,Away,잠실 야구장,17:00,27.6
우규민,2022,Samsung,2022-09-01,@ Kia,RP,,0.0,0.0,0 ⅓,5,0,0,0,0,1,0,0,,Away,광주 기아 챔피언스 필드,18:30,27.1
우규민,2022,Samsung,2022-08-28,vs. Hanwha,RP,W,0.0,0.0,1 ⅔,17,0,0,0,0,2,0,0,,Home,대구 삼성 라이온즈 파크,17:00,25.5
우규민,2022,Samsung,2022-08-27,vs. Hanwha,RP,H,0.0,0.0,0 ⅓,6,0,0,0,0,0,0,0,,Home,대구 삼성 라이온즈 파크,18:00,26.6
우규민,2022,Samsung,2022-08-25,@ Lotte,RP,H,0.0,0.0,0 ⅔,6,0,0,0,0,0,0,0,,Away,사직 야구장,18:30,27.1
우규민,2022,Samsung,2022-08-23,@ SSG,RP,L,81.0,9.0,0 ⅓,12,3,3,2,0,0,1,0,,Away,인천 SSG 랜더스필드,18:30,26.8
우규민,2022,Samsung,2022-08-21,vs. NC,RP,,13.5,4.5,0 ⅔,13,1,1,3,0,0,0,0,,Home,대구 삼성 라이온즈 파크,17:00,28.5
우규민,2022,Samsung,2022-08-18,@ Hanwha,RP,,0.0,0.0,1,18,0,0,0,0,1,0,0,,Away,대전 한화생명 볼파크,18:30,28.6
우규민,2022,Samsung,2022-08-16,@ LG,RP,,0.0,1.5,0 ⅔,11,0,0,1,0,0,0,0,,Away,잠실 야구장,18:30,30.0
우규민,2022,Samsung,2022-08-14,@ KT,RP,,27.0,4.5,0 ⅔,10,2,2,3,1,0,0,0,,Away,수원 KT 위즈파크,17:00,29.8
우규민,2022,Samsung,2022-08-12,vs. Kia,RP,H,0.0,0.0,1,8,0,0,0,0,0,0,0,,Home,대구 삼성 라이온즈 파크,18:30,29.9
우규민,2022,Samsung,2022-08-10,vs. Kia,RP,,13.5,3.0,0 ⅔,13,1,1,2,0,0,0,0,,Home,대구 삼성 라이온즈 파크,18:30,30.1
우규민,2022,Samsung,2022-08-06,@ SSG,RP,,13.5,1.5,0 ⅔,10,1,1,1,1,1,0,0,,Away,인천 SSG 랜더스필드,18:00,31.3
우규민,2022,Samsung,2022-07-31,vs. Lotte,RP,H,0.0,2.0,1,9,0,0,2,0,0,0,0,,Home,대구 삼성 라이온즈 파크,17:00,29.8
우규민,2022,Samsung,2022-07-28,vs. Hanwha,RP,,0.0,0.0,1,9,0,0,0,0,1,0,0,,Home,대구 삼성 라이온즈 파크,18:30,30.7
우규민,2022,Samsung,2022-07-27,vs. Hanwha,RP,W,0.0,0.0,1,14,0,0,0,0,1,0,0,,Home,대구 삼성 라이온즈 파크,18:30,29.0
우규민,2022,Samsung,2022-07-24,@ Kiwoom,RP,,0.0,2.0,1,16,0,0,2,0,0,0,0,,Away,고척 스카이돔,14:00,25.5
우규민,2022,Samsung,2022-07-14,@ KT,RP,,0.0,2.0,1,20,0,0,2,0,0,0,0,,Away,수원 KT 위즈파크,18:30,28.5
우규민,2022,Samsung,2022-07-12,@ KT,RP,H,0.0,2.0,1,24,0,0,1,0,1,1,0,,Away,수원 KT 위즈파크,18:30,30.9
우규민,2022,Samsung,2022-07-09,vs. SSG,RP,H,0.0,0.0,0 ⅔,7,0,0,0,0,0,0,0,,Home,대구 삼성 라이온즈 파크,18:00,30.1
우규민,2022,Samsung,2022-07-08,vs. SSG,RP,,0.0,3.0,0 ⅔,23,1,0,1,0,1,1,0,,Home,대구 삼성 라이온즈 파크,18:30,29.5
우규민,2022,Samsung,2022-07-06,vs. LG,RP,,0.0,0.0,1,10,0,0,0,0,1,0,0,,Home,대구 삼성 라이온즈 파크,18:30,30.6
우규민,2022,Samsung,2022-07-05,vs. LG,RP,,9.0,3.0,1,20,1,1,3,0,1,0,0,,Home,대구 삼성 라이온즈 파크,18:30,28.6
우규민,2022,Samsung,2022-07-03,@ NC,RP,H,0.0,0.0,0 ⅓,3,0,0,0,0,1,0,0,,Away,창원 NC 파크,17:00,32.2
우규민,2022,Samsung,2022-06-29,vs. KT,RP,,0.0,2.0,1,17,1,0,2,0,2,0,0,,Home,대구 삼성 라이온즈 파크,18:30,27.6
우규민,2022,Samsung,2022-06-26,@ Hanwha,RP,H,0.0,2.0,1,11,0,0,2,0,0,0,0,,Away,대전 한화생명 볼파크,17:00,31.4
우규민,2022,Samsung,2022-06-25,@ Hanwha,RP,H,0.0,3.0,0 ⅓,8,0,0,1,0,0,0,0,,Away,대전 한화생명 볼파크,17:00,31.7
우규민,2022,Samsung,2022-06-21,vs. Kiwoom,RP,,0.0,,0,10,1,1,2,0,0,1,0,,Home,대구 삼성 라이온즈 파크,18:30,28.3
우규민,2022,Samsung,2022-06-19,@ Kia,RP,,0.0,1.0,1,11,0,0,1,0,0,0,0,,Away,광주 기아 챔피언스 필드,17:00,30.8
우규민,2022,Samsung,2022-06-18,@ Kia,RP,,0.0,0.0,1,12,0,0,0,0,0,0,0,,Away,광주 기아 챔피언스 필드,17:00,28.3
우규민,2022,Samsung,2022-06-16,@ LG,RP,,0.0,0.0,1,11,0,0,0,0,1,0,0,,Away,잠실 야구장,18:30,24.6
우규민,2022,Samsung,2022-06-12,vs. NC,RP,,0.0,0.0,0 ⅔,14,0,0,0,0,1,0,1,,Home,대구 삼성 라이온즈 파크,17:00,22.9
우규민,2022,Samsung,2022-05-29,@ LG,RP,,0.0,0.0,1,13,0,0,0,0,1,0,0,,Away,잠실 야구장,14:00,28.1
우규민,2022,Samsung,2022-05-24,vs. Kia,RP,,0.0,0.0,1,9,0,0,0,0,0,0,0,,Home,대구 삼성 라이온즈 파크,18:30,24.1
우규민,2022,Samsung,2022-05-22,vs. KT,RP,SV,0.0,0.6,1 ⅔,19,0,0,1,0,2,0,0,,Home,대구 삼성 라이온즈 파크,14:00,24.6
우규민,2022,Samsung,2022-05-21,vs. KT,RP,,0.0,6.0,0 ⅓,13,0,0,1,0,0,1,0,,Home,대구 삼성 라이온즈 파크,17:00,23.3
우규민,2022,Samsung,2022-05-20,vs. KT,RP,,0.0,0.0,1,21,0,0,0,0,0,0,0,,Home,대구 삼성 라이온즈 파크,18:30,21.1
우규민,2022,Samsung,2022-05-15,vs. Doosan,RP,H,0.0,3.0,0 ⅓,9,0,0,1,0,0,0,0,,Home,대구 삼성 라이온즈 파크,14:00,19.1
우규민,2022,Samsung,2022-05-12,vs. SSG,RP,H,0.0,0.0,0 ⅓,7,0,0,0,0,0,0,0,,Home,대구 삼성 라이온즈 파크,18:30,19.6
우규민,2022,Samsung,2022-05-11,vs. SSG,RP,,0.0,1.5,0 ⅔,13,0,0,1,0,1,0,0,,Home,대구 삼성 라이온즈 파크,18:30,19.4
우규민,2022,Samsung,2022-05-07,@ Lotte,RP,H,0.0,0.0,1,12,0,0,0,0,0,0,0,,Away,사직 야구장,17:00,20.0
우규민,2022,Samsung,2022-05-06,@ Lotte,RP,,0.0,0.0,1,9,0,0,0,0,0,0,0,,Away,사직 야구장,18:30,20.8
우규민,2022,Samsung,2022-05-05,vs. NC,RP,H,0.0,0.0,0 ⅔,14,0,0,0,0,0,0,0,,Home,대구 삼성 라이온즈 파크,14:00,20.6
우규민,2022,Samsung,2022-04-30,@ Kia,RP,H,0.0,3.0,0 ⅔,13,0,0,2,0,1,0,0,,Away,광주 기아 챔피언스 필드,17:00,16.1
우규민,2022,Samsung,2022-04-28,vs. LG,RP,,9.0,3.0,1,31,1,1,2,0,1,1,0,,Home,대구 삼성 라이온즈 파크,18:30,16.6
우규민,2022,Samsung,2022-04-24,vs. Lotte,RP,,0.0,0.0,1,9,0,0,0,0,1,0,0,,Home,대구 삼성 라이온즈 파크,14:00,21.2
우규민,2022,Samsung,2022-04-23,vs. Lotte,RP,,0.0,3.0,0 ⅔,18,1,0,2,0,0,0,0,,Home,대구 삼성 라이온즈 파크,17:00,17.7
우규민,2022,Samsung,2022-04-19,@ NC,RP,,0.0,3.0,0 ⅔,17,1,0,2,0,1,0,0,,Away,창원 NC 파크,18:30,19.5
우규민,2022,Samsung,2022-04-15,@ SSG,RP,,0.0,0.0,0 ⅓,8,0,0,0,0,0,0,1,,Away,인천 SSG 랜더스필드,18:30,12.6
우규민,2022,Samsung,2022-04-10,vs. Kiwoom,RP,,0.0,0.0,0 ⅔,10,0,0,0,0,0,0,0,,Home,대구 삼성 라이온즈 파크,14:00,21.5
우규민,2022,Samsung,2022-04-07,@ Doosan,RP,L,27.0,4.5,0 ⅔,15,2,2,3,0,1,0,0,,Away,잠실 야구장,18:30,12.2
우규민,2022,Samsung,2022-04-05,@ Doosan,RP,H,0.0,3.0,0 ⅓,12,0,0,1,0,0,0,0,,Away,잠실 야구장,18:30,13.3
우규민,2021,Samsung,2021-10-23,vs. KT,RP,H,0.0,0.0,0 ⅓,4,0,0,0,0,1,0,0,,Home,대구 삼성 라이온즈 파크,17:00,17.2
우규민,2021,Samsung,2021-10-17,vs. Kiwoom,RP,H,0.0,1.0,1,7,0,0,1,0,0,0,0,,Home,대구 삼성 라이온즈 파크,14:00,15.9
우규민,2021,Samsung,2021-10-16,vs. Kiwoom,RP,H,0.0,1.0,1,12,0,0,1,0,0,0,0,,Home,대구 삼성 라이온즈 파크,17:00,14.8
우규민,2021,Samsung,2021-10-13,@ Kia,RP,H,0.0,9.0,0 ⅓,10,0,0,2,0,0,1,0,,Away,광주 기아 챔피언스 필드,18:30,21.9
우규민,2021,Samsung,2021-10-12,@ Kia,RP,H,0.0,0.0,1,8,0,0,0,0,0,0,0,,Away,광주 기아 챔피언스 필드,18:30,17.8
우규민,2021,Samsung,2021-10-03,@ Doosan,RP,,0.0,3.0,0 ⅔,13,0,0,2,0,1,0,0,,Away,잠실 야구장,14:00,28.6
우규민,2021,Samsung,2021-09-25,vs. NC,RP,,0.0,,0,5,0,0,1,0,0,0,0,,Home,대구 삼성 라이온즈 파크,17:00,24.3
우규민,2021,Samsung,2021-09-23,@ LG,RP,,0.0,0.0,0 ⅓,5,0,0,0,0,1,0,0,,Away,잠실 야구장,18:30,23.8
우규민,2021,Samsung,2021-09-21,@ Lotte,RP,,0.0,,0,10,1,1,3,0,0,0,0,,Away,사직 야구장,18:30,26.3
우규민,2021,Samsung,2021-09-14,vs. LG,RP,,0.0,0.0,1,14,0,0,0,0,0,0,0,,Home,대구 삼성 라이온즈 파크,18:30,24.4
우규민,2021,Samsung,2021-09-12,@ Hanwha,RP,,9.0,2.0,1,18,1,1,2,0,1,0,0,,Away,대전 한화생명 볼파크,14:00,28.7
우규민,2021,Samsung,2021-09-09,vs. KT,RP,,0.0,,0,9,2,2,2,1,0,0,0,,Home,대구 삼성 라이온즈 파크,18:30,26.1
우규민,2021,Samsung,2021-09-08,vs. Lotte,RP,,6.75,1.5,1 ⅓,25,1,1,2,1,1,0,0,,Home,대구 삼성 라이온즈 파크,18:30,26.4
우규민,2021,Samsung,2021-09-05,vs. Doosan,RP,,0.0,3.0,0 ⅓,8,0,0,1,0,0,0,0,,Home,대구 삼성 라이온즈 파크,14:00,25.4
우규민,2021,Samsung,2021-09-04,vs. Doosan,RP,,0.0,1.0,1,16,0,0,1,0,3,0,0,,Home,대구 삼성 라이온즈 파크,17:00,25.6
우규민,2021,Samsung,2021-09-02,@ Kia,RP,,0.0,1.0,1,16,0,0,0,0,1,1,0,,Away,광주 기아 챔피언스 필드,18:30,24.6
우규민,2021,Samsung,2021-08-28,@ KT,RP,H,0.0,1.0,1,11,0,0,1,0,0,0,0,,Away,수원 KT 위즈파크,18:00,27.0
우규민,2021,Samsung,2021-08-26,@ LG,RP,,13.5,3.0,0 ⅔,18,1,1,2,0,0,0,0,,Away,잠실 야구장,18:30,29.5
우규민,2021,Samsung,2021-08-20,vs. SSG,RP,H,0.0,0.0,0 ⅓,4,0,0,0,0,0,0,0,,Home,대구 삼성 라이온즈 파크,18:30,29.0
우규민,2021,Samsung,2021-08-18,@ Hanwha,RP,,9.0,3.0,1,24,1,1,3,0,1,0,0,,Away,대전 한화생명 볼파크,18:30,27.8
우규민,2021,Samsung,2021-08-15,@ KT,RP,,0.0,1.5,0 ⅔,14,0,0,1,0,2,0,0,,Away,수원 KT 위즈파크,17:00,30.4
우규민,2021,Samsung,2021-08-13,@ KT,RP,L,0.0,6.0,0 ⅓,10,3,0,2,1,1,0,0,,Away,수원 KT 위즈파크,18:30,29.8
우규민,2021,Samsung,2021-08-11,vs. Doosan,RP,,0.0,0.0,0 ⅔,3,0,0,0,0,0,0,0,,Home,대구 삼성 라이온즈 파크,18:30,27.6
우규민,2021,Samsung,2021-07-10,vs. Lotte,RP,H,0.0,0.0,1,13,0,0,0,0,2,0,0,,Home,대구 삼성 라이온즈 파크,18:00,28.6
우규민,2021,Samsung,2021-07-09,vs. Lotte,RP,L,40.5,6.0,0 ⅔,19,3,3,2,0,0,2,0,,Home,대구 삼성 라이온즈 파크,18:30,28.5
우규민,2021,Samsung,2021-07-02,@ NC,RP,,9.0,2.0,1,26,1,1,2,0,0,0,1,,Away,창원 NC 파크,18:30,28.5
우규민,2021,Samsung,2021-07-01,@ SSG,RP,,0.0,1.0,1,9,0,0,1,0,0,0,0,,Away,인천 SSG 랜더스필드,18:30,28.6
우규민,2021,Samsung,2021-06-26,vs. LG,RP,H,0.0,3.0,0 ⅔,17,0,0,2,0,0,0,0,,Home,대구 삼성 라이온즈 파크,17:00,26.6
우규민,2021,Samsung,2021-06-24,vs. Hanwha,RP,H,0.0,3.0,0 ⅓,6,0,0,1,0,0,0,0,,Home,대구 삼성 라이온즈 파크,18:30,24.0
우규민,2021,Samsung,2021-06-23,vs. Hanwha,RP,H,0.0,0.0,1,11,0,0,0,0,0,0,0,,Home,대구 삼성 라이온즈 파크,18:30,23.0
우규민,2021,Samsung,2021-06-20,@ Lotte,RP,,9.0,2.0,1,15,1,1,1,0,0,1,0,,Away,사직 야구장,17:00,25.7
우규민,2021,Samsung,2021-06-16,@ Doosan,RP,H,0.0,0.0,0 ⅓,1,0,0,0,0,0,0,0,,Away,잠실 야구장,18:30,27.2
우규민,2021,Samsung,2021-06-15,@ Doosan,RP,,18.0,2.0,1,16,2,2,2,1,2,0,0,,Away,잠실 야구장,18:30,26.4
우규민,2021,Samsung,2021-06-12,vs. NC,RP,SV,0.0,2.0,1,22,0,0,2,0,2,0,0,,Home,대구 삼성 라이온즈 파크,17:00,24.6
우규민,2021,Samsung,2021-06-11,vs. NC,RP,,18.0,3.0,1,15,2,2,3,0,0,0,0,,Home,대구 삼성 라이온즈 파크,18:30,23.9
우규민,2021,Samsung,2021-06-08,vs. Kia,RP,H,0.0,2.0,1,25,0,0,1,0,0,1,0,,Home,대구 삼성 라이온즈 파크,18:30,24.4
우규민,2021,Samsung,2021-06-06,@ Kiwoom,RP,H,0.0,0.0,1,16,0,0,0,0,1,0,0,,Away,고척 스카이돔,14:00,25.5
우규민,2021,Samsung,2021-06-02,@ SSG,RP,H,9.0,2.0,1,21,1,1,2,1,0,0,0,,Away,인천 SSG 랜더스필드,18:30,24.2
우규민,2021,Samsung,2021-06-01,@ SSG,RP,L,13.5,4.5,0 ⅔,14,1,1,2,0,0,1,0,,Away,인천 SSG 랜더스필드,18:30,21.6
우규민,2021,Samsung,2021-05-30,vs. Doosan,RP,,0.0,1.0,1,15,0,0,1,0,0,0,0,,Home,대구 삼성 라이온즈 파크,14:00,23.5
우규민,2021,Samsung,2021-05-23,vs. Kia,RP,H,0.0,1.0,1,19,0,0,1,0,0,0,1,,Home,대구 삼성 라이온즈 파크,14:00,23.5
우규민,2021,Samsung,2021-05-21,vs. Kia,RP,H,0.0,1.0,1,20,0,0,0,0,0,1,0,,Home,대구 삼성 라이온즈 파크,18:30,20.1
우규민,2021,Samsung,2021-05-13,@ KT,RP,H,0.0,0.0,1,11,0,0,0,0,0,0,0,,Away,수원 KT 위즈파크,18:30,25.3
우규민,2021,Samsung,2021-05-12,@ KT,RP,H,0.0,0.0,1 ⅓,14,0,0,0,0,3,0,0,,Away,수원 KT 위즈파크,18:30,26.3
우규민,2021,Samsung,2021-05-09,vs. Lotte,RP,SV,0.0,0.0,1,10,0,0,0,0,0,0,0,,Home,대구 삼성 라이온즈 파크,14:00,20.5
우규민,2021,Samsung,2021-05-08,vs. Lotte,RP,H,0.0,1.0,1,16,0,0,1,0,2,0,0,,Home,대구 삼성 라이온즈 파크,17:00,18.1
우규민,2021,Samsung,2021-05-07,vs. Lotte,RP,H,0.0,0.0,1,14,0,0,0,0,0,0,0,,Home,대구 삼성 라이온즈 파크,18:30,18.8
우규민,2021,Samsung,2021-05-05,@ Hanwha,RP,H,0.0,0.0,1,11,0,0,0,0,2,0,0,,Away,대전 한화생명 볼파크,14:00,20.2
우규민,2021,Samsung,2021-05-02,vs. LG,RP,W,0.0,0.0,1 ⅓,15,0,0,0,0,0,0,0,,Home,대구 삼성 라이온즈 파크,14:00,14.1
우규민,2021,Samsung,2021-05-01,vs. LG,RP,,0.0,1.0,1,15,0,0,1,0,1,0,0,,Home,대구 삼성 라이온즈 파크,17:00,14.9
우규민,2021,Samsung,2021-04-28,vs. NC,RP,W,0.0,2.0,1,22,0,0,1,0,2,1,0,,Home,대구 삼성 라이온즈 파크,18:30,17.2
우규민,2021,Samsung,2021-04-25,@ Kia,RP,W,0.0,1.0,1,14,0,0,1,0,3,0,0,,Away,광주 기아 챔피언스 필드,14:00,25.7
우규민,2021,Samsung,2021-04-24,@ Kia,RP,,0.0,0.0,1,7,0,0,0,0,0,0,0,,Away,광주 기아 챔피언스 필드,17:00,21.9
우규민,2021,Samsung,2021-04-22,vs. SSG,RP,,0.0,2.0,1,14,1,0,2,0,1,0,0,,Home,대구 삼성 라이온즈 파크,18:30,19.4
우규민,2021,Samsung,2021-04-18,@ Lotte,RP,,0.0,0.0,1,9,0,0,0,0,1,0,0,,Away,사직 야구장,14:00,16.2
우규민,2021,Samsung,2021-04-13,vs. Hanwha,RP,H,0.0,0.0,0 ⅓,3,0,0,0,0,0,0,0,,Home,대구 삼성 라이온즈 파크,18:30,19.0
우규민,2021,Samsung,2021-04-11,vs. KT,RP,H,0.0,0.0,0 ⅔,5,0,0,0,0,0,0,0,,Home,대구 삼성 라이온즈 파크,14:00,18.4
우규민,2021,Samsung,2021-04-09,vs. KT,RP,,0.0,2.0,1,22,0,0,2,0,0,0,0,,Home,대구 삼성 라이온즈 파크,18:30,11.7
우규민,2021,Samsung,2021-04-07,@ Doosan,RP,,0.0,0.0,0 ⅔,10,0,0,0,0,0,0,0,,Away,잠실 야구장,18:30,17.5
우규민,2021,Samsung,2021-04-03,@ Kiwoom,RP,,0.0,0.0,1,10,0,0,0,0,0,0,0,,Away,고척 스카이돔,14:00,25.5
우규민,2020,Samsung,2020-10-21,@ KT,RP,,0.0,0.0,0 ⅔,7,0,0,0,0,0,0,0,,Away,수원 KT 위즈파크,18:30,16.0
우규민,2020,Samsung,2020-10-18,@ Hanwha,RP,H,0.0,3.0,0 ⅔,15,0,0,2,0,1,0,0,,Away,대전 한화생명 볼파크,14:00,19.6
우규민,2020,Samsung,2020-10-17,@ Hanwha,RP,,0.0,2.0,1,23,0,0,2,0,0,0,0,,Away,대전 한화생명 볼파크,17:00,17.7
우규민,2020,Samsung,2020-10-16,@ Hanwha,RP,,0.0,0.0,1,6,0,0,0,0,0,0,0,,Away,대전 한화생명 볼파크,18:30,14.0
우규민,2020,Samsung,2020-10-11,vs. Lotte,RP,H,0.0,1.0,1,21,0,0,1,0,0,0,0,,Home,대구 삼성 라이온즈 파크,14:00,20.3
우규민,2020,Samsung,2020-10-08,@ LG,RP,L,27.0,3.0,0 ⅓,13,1,1,1,0,0,0,1,,Away,잠실 야구장,18:30,20.2
우규민,2020,Samsung,2020-10-06,@ LG,RP,W,0.0,0.5,2,21,0,0,1,0,0,0,0,,Away,잠실 야구장,18:30,17.1
우규민,2020,Samsung,2020-10-03,@ NC,RP,H,27.0,3.0,0 ⅓,6,1,1,1,1,0,0,0,,Away,창원 NC 파크,17:00,23.2
우규민,2020,Samsung,2020-10-02,@ NC,RP,,0.0,0.0,1,10,0,0,0,0,1,0,0,,Away,창원 NC 파크,18:30,21.8
우규민,2020,Samsung,2020-09-30,vs. KT,RP,,0.0,6.0,0 ⅓,10,0,0,2,0,0,0,0,,Home,대구 삼성 라이온즈 파크,18:30,21.5
우규민,2020,Samsung,2020-09-29,vs. KT,RP,,0.0,1.0,1,10,0,0,0,0,1,1,0,,Home,대구 삼성 라이온즈 파크,18:30,21.5
우규민,2020,Samsung,2020-09-16,@ KT,RP,,0.0,,0,2,1,1,1,0,0,0,0,,Away,수원 KT 위즈파크,18:30,24.0
우규민,2020,Samsung,2020-09-11,@ Lotte,RP,L,72.0,10.0,1,44,8,8,9,0,1,1,0,,Away,사직 야구장,18:30,25.1
우규민,2020,Samsung,2020-09-09,vs. Hanwha,RP,,3.86,1.71,2 ⅓,41,1,1,3,0,3,1,0,,Home,대구 삼성 라이온즈 파크,18:30,26.0
우규민,2020,Samsung,2020-09-03,vs. Doosan,RP,,0.0,,0,8,2,2,2,0,0,0,0,,Home,대구 삼성 라이온즈 파크,18:30,27.9
우규민,2020,Samsung,2020-08-30,@ Kiwoom,RP,,0.0,0.0,1 ⅓,18,0,0,0,0,1,0,0,,Away,고척 스카이돔,14:00,25.5
우규민,2020,Samsung,2020-08-26,vs. LG,RP,H,0.0,0.0,1,12,0,0,0,0,1,0,0,,Home,대구 삼성 라이온즈 파크,18:30,30.9
우규민,2020,Samsung,2020-08-22,vs. Lotte,RP,,0.0,1.5,1 ⅓,16,0,0,2,0,2,0,0,,Home,대구 삼성 라이온즈 파크,18:00,28.5
우규민,2020,Samsung,2020-08-18,vs. KT,RP,,27.0,3.0,0 ⅔,21,2,2,1,0,1,1,0,,Home,대구 삼성 라이온즈 파크,18:30,30.7
우규민,2020,Samsung,2020-08-15,@ Hanwha,RP,,0.0,2.0,1,19,0,0,2,0,1,0,0,,Away,대전 한화생명 볼파크,18:00,32.7
우규민,2020,Samsung,2020-08-13,vs. Doosan,RP,H,0.0,1.0,1,16,0,0,0,0,1,1,0,,Home,대구 삼성 라이온즈 파크,18:30,30.5
우규민,2020,Samsung,2020-08-05,@ Doosan,RP,,0.0,0.0,1,9,0,0,0,0,0,0,0,,Away,잠실 야구장,18:30,30.0
우규민,2020,Samsung,2020-08-02,vs. Kiwoom,RP,,54.0,6.0,0 ⅓,6,2,2,2,0,0,0,0,,Home,대구 삼성 라이온즈 파크,17:00,29.6
우규민,2020,Samsung,2020-08-01,vs. Kiwoom,RP,,27.0,4.5,0 ⅔,21,2,2,3,0,1,0,0,,Home,대구 삼성 라이온즈 파크,18:00,29.0
우규민,2020,Samsung,2020-07-30,vs. Hanwha,RP,,0.0,1.0,1,18,0,0,0,0,1,1,0,,Home,대구 삼성 라이온즈 파크,18:30,26.0
우규민,2020,Samsung,2020-07-26,@ Kia,RP,,13.5,1.5,0 ⅔,10,1,1,1,0,0,0,0,,Away,광주 기아 챔피언스 필드,17:00,28.0
우규민,2020,Samsung,2020-07-25,@ Kia,RP,L,0.0,,0,17,4,4,4,0,0,0,0,,Away,광주 기아 챔피언스 필드,18:00,27.0
우규민,2020,Samsung,2020-07-21,@ NC,RP,,0.0,1.0,1,16,0,0,1,0,0,0,0,,Away,창원 NC 파크,18:30,28.4
우규민,2020,Samsung,2020-07-19,vs. Lotte,RP,,0.0,0.0,1,18,0,0,0,0,0,0,0,,Home,대구 삼성 라이온즈 파크,17:00,27.3
우규민,2020,Samsung,2020-07-18,vs. Lotte,RP,H,0.0,0.0,1,11,0,0,0,0,0,0,0,,Home,대구 삼성 라이온즈 파크,18:00,25.0
우규민,2020,Samsung,2020-07-15,vs. Kia,RP,H,0.0,0.75,1 ⅓,15,0,0,1,0,0,0,0,,Home,대구 삼성 라이온즈 파크,18:30,21.7
우규민,2020,Samsung,2020-07-08,@ Kiwoom,RP,,0.0,1.5,0 ⅔,7,0,0,0,0,0,1,0,,Away,고척 스카이돔,18:30,25.5
우규민,2020,Samsung,2020-07-05,vs. LG,RP,H,0.0,0.0,0 ⅓,7,0,0,0,0,0,0,0,,Home,대구 삼성 라이온즈 파크,17:00,24.9
우규민,2020,Samsung,2020-07-03,vs. LG,RP,H,9.0,3.0,1,25,1,1,3,1,1,0,0,,Home,대구 삼성 라이온즈 파크,18:30,23.2
우규민,2020,Samsung,2020-07-02,vs. SK,RP,,0.0,2.0,1,16,0,0,2,0,2,0,0,,Home,대구 삼성 라이온즈 파크,18:30,23.4
우규민,2020,Samsung,2020-06-30,vs. SK,RP,H,0.0,0.0,1,7,0,0,0,0,0,0,0,,Home,대구 삼성 라이온즈 파크,18:30,25.2
우규민,2020,Samsung,2020-06-26,@ Lotte,RP,W,0.0,1.2,1 ⅔,20,0,0,2,0,0,0,0,,Away,사직 야구장,18:30,25.7
우규민,2020,Samsung,2020-06-24,vs. Hanwha,RP,,0.0,0.0,1,10,0,0,0,0,0,0,0,,Home,대구 삼성 라이온즈 파크,18:30,25.2
우규민,2020,Samsung,2020-06-21,@ Kia,RP,,27.0,5.0,1,27,4,3,5,0,0,0,0,,Away,광주 기아 챔피언스 필드,17:00,28.9
우규민,2020,Samsung,2020-06-16,@ Doosan,RP,H,0.0,2.0,1,15,0,0,0,0,0,2,0,,Away,잠실 야구장,18:30,27.8
우규민,2020,Samsung,2020-06-13,vs. KT,RP,SV,0.0,0.0,1,14,0,0,0,0,1,0,0,,Home,대구 삼성 라이온즈 파크,17:00,25.0
우규민,2020,Samsung,2020-06-11,vs. Kiwoom,RP,SV,0.0,0.0,1,8,0,0,0,0,0,0,0,,Home,대구 삼성 라이온즈 파크,18:30,26.1
우규민,2020,Samsung,2020-06-10,vs. Kiwoom,RP,SV,0.0,0.0,1,10,0,0,0,0,2,0,0,,Home,대구 삼성 라이온즈 파크,18:30,26.0
우규민,2020,Samsung,2020-06-07,@ SK,RP,SV,0.0,1.0,1,12,0,0,1,0,0,0,0,,Away,인천 SSG 랜더스필드,17:00,23.7
우규민,2020,Samsung,2020-06-02,@ LG,RP,SV,0.0,0.0,1,14,0,0,0,0,1,0,0,,Away,잠실 야구장,18:30,21.0
우규민,2020,Samsung,2020-05-29,vs. NC,RP,W,0.0,0.0,1,12,0,0,0,0,1,0,0,,Home,대구 삼성 라이온즈 파크,18:30,21.5
우규민,2020,Samsung,2020-05-28,@ Lotte,RP,SV,0.0,0.0,1 ⅓,25,0,0,0,0,3,0,0,,Away,사직 야구장,18:30,21.1
우규민,2020,Samsung,2020-05-22,vs. Doosan,RP,,27.0,4.0,1,25,3,3,4,0,0,0,0,,Home,대구 삼성 라이온즈 파크,18:30,17.4
우규민,2020,Samsung,2020-05-20,vs. LG,RP,SV,0.0,0.0,1,12,0,0,0,0,1,0,0,,Home,대구 삼성 라이온즈 파크,18:30,15.1
우규민,2020,Samsung,2020-05-14,@ Kiwoom,RP,,9.0,1.0,1,12,1,1,1,1,0,0,0,,Away,고척 스카이돔,18:30,25.5
우규민,2020,Samsung,2020-05-13,@ Kiwoom,RP,,0.0,0.0,1,13,0,0,0,0,1,0,0,,Away,고척 스카이돔,18:30,25.5
우규민,2020,Samsung,2020-05-08,vs. Kia,RP,,0.0,1.0,1,9,0,0,1,0,1,0,0,,Home,대구 삼성 라이온즈 파크,18:30,19.3
오원석,2024,SSG,2024-09-14,vs. Samsung,RP,,0.0,2.0,1,18,0,0,2,0,0,0,0,,Home,인천 SSG 랜더스필드,17:00,30.7
오원석,2024,SSG,2024-09-11,vs. Lotte,RP,,0.0,4.5,0 ⅔,23,1,0,1,0,0,2,0,,Home,인천 SSG 랜더스필드,18:30,30.8
오원석,2024,SSG,2024-09-04,@ LG,SP,L,9.0,2.5,2,66,4,2,4,0,1,1,2,34.0,Away,잠실 야구장,18:30,31.7
오원석,2024,SSG,2024-08-24,vs. KT,SP,L,7.2,2.0,5,89,4,4,5,0,4,5,0,40.0,Home,인천 SSG 랜더스필드,18:00,30.9
오원석,2024,SSG,2024-08-18,vs. Hanwha,SP,L,10.8,2.0,5,97,6,6,5,3,6,5,0,34.0,Home,인천 SSG 랜더스필드,17:00,32.3
오원석,2024,SSG,2024-08-11,vs. Doosan,SP,W,9.0,2.0,5,98,5,5,7,1,8,3,0,38.0,Home,인천 SSG 랜더스필드,17:00,32.6
오원석,2024,SSG,2024-08-06,@ Kiwoom,SP,,3.18,1.41,5 ⅔,100,2,2,6,1,2,2,1,48.0,Away,고척 스카이돔,18:30,25.5
오원석,2024,SSG,2024-07-31,vs. Lotte,SP,,13.5,3.3,3 ⅓,86,5,5,9,2,4,2,0,24.0,Home,인천 SSG 랜더스필드,18:30,31.8
오원석,2024,SSG,2024-07-25,@ KT,SP,L,9.0,2.75,4,76,4,4,9,2,2,2,0,28.0,Away,수원 KT 위즈파크,18:30,33.3
오원석,2024,SSG,2024-07-19,vs. Kiwoom,RP,,0.0,0.0,1,10,0,0,0,0,0,0,1,,Home,인천 SSG 랜더스필드,18:30,29.0
오원석,2024,SSG,2024-07-12,@ Kia,SP,,0.0,0.43,2 ⅓,33,0,0,0,0,2,1,1,57.0,Away,광주 기아 챔피언스 필드,18:30,30.6
오원석,2024,SSG,2024-06-30,@ Doosan,SP,,0.0,1.0,5,96,0,0,3,0,4,2,1,62.0,Away,잠실 야구장,17:00,26.9
오원석,2024,SSG,2024-06-25,vs. KT,SP,L,5.4,1.2,5,94,3,3,5,1,8,1,1,51.0,Home,인천 SSG 랜더스필드,18:30,25.3
오원석,2024,SSG,2024-06-19,@ Samsung,SP,L,5.06,1.13,5 ⅓,81,4,3,3,0,4,3,0,49.0,Away,대구 삼성 라이온즈 파크,18:30,26.6
오원석,2024,SSG,2024-06-12,vs. Kia,SP,,3.6,1.4,5,92,2,2,3,0,6,4,1,54.0,Home,인천 SSG 랜더스필드,18:30,23.9
오원석,2024,SSG,2024-06-06,vs. Samsung,SP,W,0.0,1.2,5,95,0,0,1,0,6,5,1,65.0,Home,인천 SSG 랜더스필드,18:30,23.5
오원석,2024,SSG,2024-05-31,@ Kiwoom,SP,W,3.0,0.67,6,80,2,2,3,1,8,1,0,65.0,Away,고척 스카이돔,18:30,25.5
오원석,2024,SSG,2024-05-25,vs. Hanwha,SP,,2.08,1.38,4 ⅓,91,1,1,4,0,2,2,0,51.0,Home,인천 SSG 랜더스필드,17:00,19.6
오원석,2024,SSG,2024-05-19,@ Kiwoom,SP,L,7.2,1.6,5,89,4,4,5,1,4,3,0,42.0,Away,고척 스카이돔,14:00,25.5
오원석,2024,SSG,2024-05-14,vs. Samsung,SP,W,0.0,0.67,6,88,0,0,2,0,7,2,0,73.0,Home,인천 SSG 랜더스필드,18:30,19.2
오원석,2024,SSG,2024-05-08,@ LG,SP,L,10.8,1.2,5,84,6,6,3,0,3,3,2,35.0,Away,잠실 야구장,18:30,18.6
오원석,2024,SSG,2024-05-02,@ Hanwha,SP,,6.75,1.75,4,79,3,3,4,1,3,3,1,41.0,Away,대전 한화생명 볼파크,18:30,22.4
오원석,2024,SSG,2024-04-26,vs. KT,SP,W,3.38,1.69,5 ⅓,81,2,2,8,0,7,1,0,50.0,Home,인천 SSG 랜더스필드,18:30,20.5
오원석,2024,SSG,2024-04-21,vs. LG,SP,,5.4,1.8,5,93,3,3,7,0,4,2,1,42.0,Home,인천 SSG 랜더스필드,14:00,19.8
오원석,2024,SSG,2024-04-14,@ KT,SP,W,1.59,1.06,5 ⅔,97,1,1,5,0,4,1,0,58.0,Away,수원 KT 위즈파크,14:00,27.3
오원석,2024,SSG,2024-04-09,vs. Kiwoom,SP,,9.0,1.6,5,80,5,5,6,1,5,2,0,38.0,Home,인천 SSG 랜더스필드,18:30,17.8
오원석,2024,SSG,2024-04-03,vs. Doosan,SP,,5.4,1.6,5,85,3,3,6,2,5,2,0,46.0,Home,인천 SSG 랜더스필드,18:30,16.8
오원석,2024,SSG,2024-03-28,vs. Hanwha,SP,L,4.5,2.0,4,81,2,2,5,1,2,3,0,43.0,Home,인천 SSG 랜더스필드,18:30,10.9
오원석,2024,SSG,2024-03-23,vs. Lotte,RP,H,0.0,3.0,1,26,0,0,1,0,1,2,0,,Home,인천 SSG 랜더스필드,14:00,14.9
오원석,2023,SSG,2023-10-13,vs. Kiwoom,SP,,1.5,1.5,6,88,1,1,5,0,2,4,0,56.0,Home,인천 SSG 랜더스필드,18:30,19.1
오원석,2023,SSG,2023-10-05,vs. NC,SP,W,4.5,1.17,6,91,3,3,5,0,1,2,0,49.0,Home,인천 SSG 랜더스필드,18:30,16.5
오원석,2023,SSG,2023-09-28,@ Kiwoom,SP,L,4.26,1.11,6 ⅓,105,4,3,6,0,2,1,2,46.0,Away,고척 스카이돔,18:30,25.5
오원석,2023,SSG,2023-09-23,vs. Lotte,RP,W,3.18,1.59,5 ⅔,90,2,2,5,0,3,4,0,,Home,인천 SSG 랜더스필드,17:00,24.8
오원석,2023,SSG,2023-09-16,@ LG,SP,L,7.94,1.76,5 ⅔,92,5,5,9,0,1,1,0,31.0,Away,잠실 야구장,17:00,27.7
오원석,2023,SSG,2023-09-09,@ KT,SP,,9.0,3.67,3,85,6,3,7,0,2,4,0,25.0,Away,수원 KT 위즈파크,17:00,28.9
오원석,2023,SSG,2023-09-03,vs. Kia,SP,,7.5,1.83,6,107,5,5,7,1,4,4,0,38.0,Home,인천 SSG 랜더스필드,14:00,29.7
오원석,2023,SSG,2023-08-17,@ Lotte,SP,L,13.5,3.3,3 ⅓,81,5,5,7,0,3,4,0,25.0,Away,사직 야구장,18:30,28.4
오원석,2023,SSG,2023-08-11,vs. Samsung,SP,,7.2,1.2,5,84,4,4,6,1,5,0,1,43.0,Home,인천 SSG 랜더스필드,18:30,27.2
오원석,2023,SSG,2023-08-05,@ Lotte,SP,,15.0,3.0,3,75,5,5,7,1,2,2,1,24.0,Away,사직 야구장,18:00,31.9
오원석,2023,SSG,2023-07-30,vs. Hanwha,SP,W,1.8,1.0,5,96,1,1,3,0,5,2,1,59.0,Home,인천 SSG 랜더스필드,17:00,33.6
오원석,2023,SSG,2023-07-25,@ Samsung,SP,L,1.8,2.0,5,93,1,1,5,0,2,5,0,50.0,Away,대구 삼성 라이온즈 파크,18:30,29.8
오원석,2023,SSG,2023-07-09,@ Hanwha,SP,L,6.75,2.0,4,62,3,3,6,1,1,2,1,36.0,Away,대전 한화생명 볼파크,17:00,31.5
오원석,2023,SSG,2023-07-02,@ Kiwoom,SP,,11.25,2.75,4,83,5,5,8,1,2,3,0,25.0,Away,고척 스카이돔,14:00,25.5
오원석,2023,SSG,2023-06-27,vs. LG,SP,L,14.4,2.0,5,95,8,8,9,2,3,1,1,18.0,Home,인천 SSG 랜더스필드,18:30,27.8
오원석,2023,SSG,2023-06-21,@ Doosan,SP,W,0.0,1.8,5,109,0,0,4,0,2,5,0,56.0,Away,잠실 야구장,18:30,24.3
오원석,2023,SSG,2023-06-15,vs. KT,SP,L,6.75,1.5,4,88,5,3,5,1,2,1,0,37.0,Home,인천 SSG 랜더스필드,18:30,24.7
오원석,2023,SSG,2023-06-09,@ NC,SP,L,7.5,1.5,6,96,5,5,6,0,1,3,1,37.0,Away,창원 NC 파크,18:30,25.2
오원석,2023,SSG,2023-06-03,vs. Kiwoom,SP,,1.5,0.83,6,99,1,1,3,0,3,2,0,63.0,Home,인천 SSG 랜더스필드,17:00,23.5
오원석,2023,SSG,2023-05-23,vs. LG,SP,L,10.8,2.2,5,87,6,6,6,1,2,5,0,28.0,Home,인천 SSG 랜더스필드,18:30,21.8
오원석,2023,SSG,2023-05-17,@ NC,SP,W,0.0,1.41,5 ⅔,105,0,0,5,0,4,3,0,60.0,Away,창원 NC 파크,18:30,23.8
오원석,2023,SSG,2023-05-11,@ Kia,SP,,3.0,1.0,6,101,2,2,5,0,4,1,0,57.0,Away,광주 기아 챔피언스 필드,18:30,22.5
오원석,2023,SSG,2023-05-05,@ Kiwoom,SP,W,1.29,0.71,7,85,1,1,5,0,6,0,0,69.0,Away,고척 스카이돔,14:00,25.5
오원석,2023,SSG,2023-04-29,vs. Doosan,SP,W,1.8,1.2,5,104,1,1,4,0,6,2,1,58.0,Home,인천 SSG 랜더스필드,17:00,11.4
오원석,2023,SSG,2023-04-23,vs. Kiwoom,SP,,3.6,1.4,5,80,2,2,6,0,2,1,0,48.0,Home,인천 SSG 랜더스필드,14:00,20.5
오원석,2023,SSG,2023-04-16,vs. NC,SP,L,9.0,2.5,4,96,6,4,7,0,5,3,0,30.0,Home,인천 SSG 랜더스필드,14:00,13.4
오원석,2023,SSG,2023-04-11,@ Samsung,SP,,6.0,1.17,6,93,4,4,5,2,7,2,0,51.0,Away,대구 삼성 라이온즈 파크,18:30,17.6
오원석,2023,SSG,2023-04-04,vs. Lotte,SP,W,1.29,0.57,7,94,1,1,2,0,6,2,0,73.0,Home,인천 SSG 랜더스필드,18:30,20.3
오원석,2022,SSG,2022-10-08,@ Samsung,RP,,18.0,4.0,1,24,2,2,4,0,1,0,0,,Away,대구 삼성 라이온즈 파크,17:00,18.9
오원석,2022,SSG,2022-10-03,@ Hanwha,RP,,2.08,1.62,4 ⅓,88,2,1,6,0,3,1,0,,Away,대전 한화생명 볼파크,18:30,25.2
오원석,2022,SSG,2022-09-30,vs. Kiwoom,RP,,9.0,2.0,1,18,1,1,1,0,2,1,0,,Home,인천 SSG 랜더스필드,18:30,23.2
오원석,2022,SSG,2022-09-29,vs. Kiwoom,RP,,40.5,7.5,0 ⅔,35,3,3,4,1,1,1,0,,Home,인천 SSG 랜더스필드,18:30,22.3
오원석,2022,SSG,2022-09-21,vs. KT,SP,,1.5,1.17,6,101,1,1,4,0,4,3,0,61.0,Home,인천 SSG 랜더스필드,18:30,21.2
오원석,2022,SSG,2022-09-15,@ NC,SP,L,6.75,1.69,5 ⅓,99,5,4,7,1,5,2,0,39.0,Away,창원 NC 파크,18:30,27.1
오원석,2022,SSG,2022-09-09,vs. Kia,SP,L,6.75,2.75,4,98,4,3,7,0,3,4,0,33.0,Home,인천 SSG 랜더스필드,18:30,26.9
오원석,2022,SSG,2022-09-03,vs. Kiwoom,SP,L,2.7,1.05,6 ⅔,102,2,2,5,1,3,2,0,57.0,Home,인천 SSG 랜더스필드,17:00,27.4
오원석,2022,SSG,2022-08-25,@ KT,SP,,0.0,1.06,5 ⅔,106,1,0,4,0,5,2,0,62.0,Away,수원 KT 위즈파크,18:30,24.4
오원석,2022,SSG,2022-08-20,@ Kiwoom,RP,,40.5,4.5,0 ⅔,20,3,3,3,0,0,0,0,,Away,고척 스카이돔,18:00,25.5
오원석,2022,SSG,2022-08-11,vs. KT,SP,,3.0,1.17,6,101,2,2,7,1,3,0,0,53.0,Home,인천 SSG 랜더스필드,18:30,27.0
오원석,2022,SSG,2022-08-04,@ Kiwoom,RP,,1.59,0.53,5 ⅔,81,1,1,2,1,5,1,0,,Away,고척 스카이돔,18:30,25.5
오원석,2022,SSG,2022-07-31,@ Kia,RP,W,6.0,2.67,3,61,2,2,6,0,1,2,0,,Away,광주 기아 챔피언스 필드,17:00,30.4
오원석,2022,SSG,2022-07-26,vs. LG,SP,L,27.0,4.0,2,54,8,6,7,3,2,1,0,15.0,Home,인천 SSG 랜더스필드,18:30,30.2
오원석,2022,SSG,2022-07-10,@ Samsung,SP,,0.0,3.0,0 ⅓,11,0,0,1,0,0,0,0,49.0,Away,대구 삼성 라이온즈 파크,17:00,29.9
오원석,2022,SSG,2022-07-05,vs. Lotte,SP,,4.5,1.0,6,105,3,3,4,1,4,2,1,53.0,Home,인천 SSG 랜더스필드,18:30,30.1
오원석,2022,SSG,2022-06-28,@ Hanwha,SP,,4.5,1.83,6,100,3,3,10,0,4,1,0,43.0,Away,대전 한화생명 볼파크,18:30,30.4
오원석,2022,SSG,2022-06-22,vs. Doosan,SP,,2.57,1.43,7,102,3,2,8,1,4,2,0,53.0,Home,인천 SSG 랜더스필드,18:30,25.9
오원석,2022,SSG,2022-06-16,@ KT,SP,W,0.0,0.67,6,97,0,0,2,0,6,2,0,72.0,Away,수원 KT 위즈파크,18:30,23.3
오원석,2022,SSG,2022-06-10,vs. Hanwha,SP,W,1.29,0.57,7,92,1,1,3,0,4,1,0,70.0,Home,인천 SSG 랜더스필드,18:30,21.7
오원석,2022,SSG,2022-06-04,@ LG,SP,L,9.0,2.2,5,99,5,5,9,0,4,2,0,31.0,Away,잠실 야구장,17:00,28.4
오원석,2022,SSG,2022-05-29,@ Kia,SP,,9.0,1.8,5,103,5,5,6,2,6,3,0,38.0,Away,광주 기아 챔피언스 필드,14:00,29.3
오원석,2022,SSG,2022-05-24,vs. Lotte,SP,,1.42,1.26,6 ⅓,90,1,1,4,0,3,4,0,60.0,Home,인천 SSG 랜더스필드,18:30,23.8
오원석,2022,SSG,2022-05-18,@ Doosan,SP,,1.42,1.11,6 ⅓,101,1,1,4,0,4,3,0,62.0,Away,잠실 야구장,18:30,23.9
오원석,2022,SSG,2022-05-12,@ Samsung,SP,L,6.35,1.76,5 ⅔,98,4,4,7,1,3,3,0,39.0,Away,대구 삼성 라이온즈 파크,18:30,19.6
오원석,2022,SSG,2022-05-06,@ Kiwoom,SP,L,10.8,1.8,5,84,6,6,8,0,5,1,1,30.0,Away,고척 스카이돔,18:30,25.5
오원석,2022,SSG,2022-04-30,vs. Doosan,SP,W,1.8,1.6,5,100,1,1,3,0,3,5,1,54.0,Home,인천 SSG 랜더스필드,17:00,11.9
오원석,2022,SSG,2022-04-24,@ Hanwha,SP,W,1.8,2.0,5,99,1,1,6,0,6,4,0,53.0,Away,대전 한화생명 볼파크,14:00,26.5
오원석,2022,SSG,2022-04-19,vs. Kiwoom,SP,L,11.57,1.71,4 ⅔,79,6,6,7,2,5,1,0,30.0,Home,인천 SSG 랜더스필드,18:30,13.8
오원석,2022,SSG,2022-04-13,@ LG,SP,,3.18,1.41,5 ⅔,85,2,2,6,1,5,2,0,52.0,Away,잠실 야구장,18:30,12.3
오원석,2022,SSG,2022-04-06,@ KT,SP,W,0.0,0.83,6,98,0,0,3,0,8,2,0,72.0,Away,수원 KT 위즈파크,18:30,12.7
오원석,2021,SSG,2021-10-27,vs. Doosan,RP,,0.0,1.5,2,31,0,0,1,0,0,2,0,,Home,인천 SSG 랜더스필드,18:30,15.4
오원석,2021,SSG,2021-10-24,@ Samsung,RP,H,0.0,3.0,0 ⅓,3,0,0,1,0,0,0,0,,Away,대구 삼성 라이온즈 파크,14:00,20.1
오원석,2021,SSG,2021-10-20,vs. NC,SP,,45.0,7.0,1,45,5,5,5,0,2,2,0,23.0,Home,인천 SSG 랜더스필드,18:30,11.3
오원석,2021,SSG,2021-10-12,vs. LG,RP,,10.8,1.8,1 ⅔,38,2,2,3,0,3,0,0,,Home,인천 SSG 랜더스필드,18:30,18.9
오원석,2021,SSG,2021-10-06,@ LG,SP,W,3.0,0.67,6,78,2,2,4,0,8,0,0,64.0,Away,잠실 야구장,18:30,19.2
오원석,2021,SSG,2021-10-01,@ NC,RP,,3.86,1.71,2 ⅓,34,1,1,4,0,3,0,0,,Away,창원 NC 파크,18:30,22.4
오원석,2021,SSG,2021-09-30,@ NC,RP,,0.0,1.0,1,17,0,0,1,0,2,0,0,,Away,창원 NC 파크,18:30,24.3
오원석,2021,SSG,2021-09-23,vs. Lotte,SP,,21.6,5.4,1 ⅔,55,4,4,5,0,0,4,0,25.0,Home,인천 SSG 랜더스필드,18:30,23.4
오원석,2021,SSG,2021-09-17,@ Doosan,SP,L,6.75,1.5,4,78,4,3,4,1,3,2,1,40.0,Away,잠실 야구장,18:30,25.9
오원석,2021,SSG,2021-09-04,@ Kiwoom,SP,L,13.5,3.25,4,103,8,6,8,1,4,5,0,17.0,Away,고척 스카이돔,17:00,25.5
오원석,2021,SSG,2021-08-29,vs. Kia,SP,W,0.0,1.33,6,95,0,0,3,0,5,5,0,66.0,Home,인천 SSG 랜더스필드,17:00,26.0
오원석,2021,SSG,2021-08-24,@ Samsung,SP,,6.75,3.0,2 ⅔,57,2,2,4,1,2,4,1,39.0,Away,대구 삼성 라이온즈 파크,18:30,29.5
오원석,2021,SSG,2021-08-11,@ LG,SP,L,22.5,3.75,4,105,10,10,13,3,2,2,1,-5.0,Away,잠실 야구장,18:30,30.7
오원석,2021,SSG,2021-07-10,vs. Hanwha,SP,L,4.5,1.5,4,85,2,2,1,0,4,5,0,51.0,Home,인천 SSG 랜더스필드,18:00,27.2
오원석,2021,SSG,2021-07-05,vs. Lotte,SP,,6.75,2.25,4,78,3,3,5,0,2,4,0,38.0,Home,인천 SSG 랜더스필드,18:30,25.1
오원석,2021,SSG,2021-06-29,vs. Samsung,SP,,6.23,2.08,4 ⅓,90,3,3,7,1,2,2,1,36.0,Home,인천 SSG 랜더스필드,18:30,26.2
오원석,2021,SSG,2021-06-23,vs. LG,SP,W,3.6,1.8,5,93,4,2,4,1,6,5,0,48.0,Home,인천 SSG 랜더스필드,18:30,24.2
오원석,2021,SSG,2021-06-17,@ Kia,SP,,5.4,0.6,5,64,3,3,3,0,1,0,1,49.0,Away,광주 기아 챔피언스 필드,18:30,25.0
오원석,2021,SSG,2021-06-11,vs. Kiwoom,SP,W,1.8,1.4,5,96,1,1,4,0,4,3,0,56.0,Home,인천 SSG 랜더스필드,18:30,23.3
오원석,2021,SSG,2021-06-04,@ Doosan,SP,L,1.5,1.33,6,98,3,1,6,0,3,2,0,53.0,Away,잠실 야구장,18:30,21.8
오원석,2021,SSG,2021-05-28,@ Hanwha,RP,W,2.7,1.8,3 ⅓,75,1,1,3,0,2,3,1,,Away,대전 한화생명 볼파크,18:30,19.6
오원석,2021,SSG,2021-05-23,vs. LG,SP,W,0.0,1.17,6,101,0,0,5,0,6,2,1,65.0,Home,인천 SSG 랜더스필드,14:00,21.4
오원석,2021,SSG,2021-05-17,vs. Doosan,SP,L,1.8,1.8,5,96,4,1,4,1,2,5,1,45.0,Home,인천 SSG 랜더스필드,18:30,17.4
오원석,2021,SSG,2021-05-11,@ Lotte,SP,,7.71,2.14,4 ⅔,98,4,4,4,0,4,6,0,38.0,Away,사직 야구장,18:30,17.2
오원석,2021,SSG,2021-05-05,@ NC,SP,,31.5,4.5,2,54,7,7,6,1,2,3,1,14.0,Away,창원 NC 파크,14:00,23.7
오원석,2021,SSG,2021-04-28,vs. KT,SP,,3.0,1.0,6,97,2,2,4,1,9,2,0,63.0,Home,인천 SSG 랜더스필드,18:30,14.4
오원석,2021,SSG,2021-04-22,@ Samsung,SP,,5.79,1.71,4 ⅔,94,5,3,6,0,2,2,0,36.0,Away,대구 삼성 라이온즈 파크,18:30,19.4
오원석,2021,SSG,2021-04-18,vs. Kia,RP,H,0.0,1.0,1,21,0,0,0,0,2,1,1,,Home,인천 SSG 랜더스필드,14:00,13.3
오원석,2021,SSG,2021-04-15,vs. NC,RP,W,0.0,0.25,4,44,0,0,1,0,5,0,0,,Home,인천 SSG 랜더스필드,18:30,12.8
오원석,2021,SSG,2021-04-14,vs. NC,RP,,0.0,0.0,1,12,0,0,0,0,3,0,0,,Home,인천 SSG 랜더스필드,18:30,7.7
오원석,2021,SSG,2021-04-11,@ LG,RP,,0.0,0.0,1,14,0,0,0,0,0,0,0,,Away,잠실 야구장,14:00,20.8
오원석,2021,SSG,2021-04-09,@ LG,RP,,0.0,6.0,0 ⅓,16,0,0,2,0,1,0,0,,Away,잠실 야구장,18:30,18.0
오원석,2021,SSG,2021-04-07,vs. Hanwha,RP,,36.0,6.0,1,33,4,4,4,0,1,2,0,,Home,인천 SSG 랜더스필드,18:30,15.3
오원석,2020,SK,2020-09-24,@ Kiwoom,RP,,0.0,0.0,1,12,0,0,0,0,2,0,0,,Away,고척 스카이돔,18:30,25.5
오원석,2020,SK,2020-09-20,vs. KT,RP,,27.0,5.0,1,30,3,3,2,0,1,3,1,,Home,인천 SSG 랜더스필드,14:00,22.0
오원석,2020,SK,2020-09-15,@ Kia,RP,,0.0,1.0,1,17,0,0,0,0,1,1,0,,Away,광주 기아 챔피언스 필드,18:30,25.8
오원석,2020,SK,2020-09-06,@ Doosan,SP,L,13.5,2.5,2,44,4,3,4,1,1,1,0,34.0,Away,잠실 야구장,14:00,24.7
오원석,2020,SK,2020-08-28,vs. Kia,RP,,0.0,1.2,1 ⅔,29,0,0,2,0,2,0,0,,Home,인천 SSG 랜더스필드,18:30,29.7
오원석,2020,SK,2020-08-22,vs. Doosan,RP,,0.0,2.0,1,24,2,0,2,0,1,0,0,,Home,인천 SSG 랜더스필드,18:00,27.8
오원석,2020,SK,2020-08-20,vs. Samsung,RP,,0.0,0.0,1,9,0,0,0,0,0,0,0,,Home,인천 SSG 랜더스필드,18:30,29.0
오원석,2020,SK,2020-08-19,vs. Hanwha,RP,,0.0,3.0,1,22,1,0,2,0,1,1,0,,Home,인천 SSG 랜더스필드,18:30,29.2
박영현,2024,KT,2024-09-28,vs. Kiwoom,RP,,0.0,3.0,0 ⅓,8,0,0,1,0,0,0,0,,Home,수원 KT 위즈파크,17:00,26.4
박영현,2024,KT,2024-09-27,vs. Kiwoom,RP,,0.0,1.2,1 ⅔,24,0,0,2,0,1,0,0,,Home,수원 KT 위즈파크,18:30,26.0
박영현,2024,KT,2024-09-24,vs. Lotte,RP,,0.0,1.0,1,14,0,0,0,0,1,1,0,,Home,수원 KT 위즈파크,18:30,23.7
박영현,2024,KT,2024-09-21,vs. SSG,RP,,0.0,1.5,0 ⅔,10,0,0,1,0,0,0,0,,Home,수원 KT 위즈파크,17:00,23.4
박영현,2024,KT,2024-09-19,vs. Samsung,RP,,0.0,2.0,1,23,0,0,0,0,1,2,0,,Home,수원 KT 위즈파크,18:30,32.1
박영현,2024,KT,2024-09-17,@ Kiwoom,RP,SV,0.0,0.6,1 ⅔,20,0,0,1,0,2,0,0,,Away,고척 스카이돔,18:30,25.5
박영현,2024,KT,2024-09-16,vs. Kia,RP,,81.0,9.0,0 ⅓,13,3,3,3,0,0,0,0,,Home,수원 KT 위즈파크,18:30,31.3
박영현,2024,KT,2024-09-11,vs. NC,RP,SV,9.0,1.0,1,17,1,1,1,1,0,0,0,,Home,수원 KT 위즈파크,18:30,29.8
박영현,2024,KT,2024-09-10,vs. NC,RP,SV,6.75,1.5,1 ⅓,24,1,1,1,1,2,1,0,,Home,수원 KT 위즈파크,18:30,31.5
박영현,2024,KT,2024-09-06,@ NC,RP,,0.0,1.0,1,20,0,0,1,0,1,0,0,,Away,창원 NC 파크,18:30,28.7
박영현,2024,KT,2024-08-31,@ Hanwha,RP,,0.0,0.0,1,12,0,0,0,0,2,0,0,,Away,대전 한화생명 볼파크,18:00,29.7
박영현,2024,KT,2024-08-29,@ LG,RP,SV,18.0,2.0,1,15,2,2,2,0,0,0,0,,Away,잠실 야구장,18:30,31.7
박영현,2024,KT,2024-08-28,@ LG,RP,W,0.0,0.0,1 ⅓,13,0,0,0,0,1,0,0,,Away,잠실 야구장,18:30,31.7
박영현,2024,KT,2024-08-23,@ SSG,RP,SV,0.0,0.0,1 ⅔,20,0,0,0,0,3,0,0,,Away,인천 SSG 랜더스필드,18:30,30.1
박영현,2024,KT,2024-08-22,vs. Kiwoom,RP,SV,0.0,0.0,1,11,0,0,0,0,1,0,0,,Home,수원 KT 위즈파크,18:30,30.4
박영현,2024,KT,2024-08-20,vs. Kiwoom,RP,,0.0,0.0,1,11,0,0,0,0,0,0,0,,Home,수원 KT 위즈파크,18:30,33.8
박영현,2024,KT,2024-08-18,vs. Doosan,RP,W,0.0,1.5,1 ⅓,22,0,0,2,0,1,0,0,,Home,수원 KT 위즈파크,17:00,29.9
박영현,2024,KT,2024-08-17,vs. Doosan,RP,,0.0,0.0,1 ⅓,18,0,0,0,0,1,0,0,,Home,수원 KT 위즈파크,18:00,32.0
박영현,2024,KT,2024-08-15,@ Samsung,RP,SV,9.0,1.0,1,8,1,1,1,1,1,0,0,,Away,대구 삼성 라이온즈 파크,18:30,31.4
박영현,2024,KT,2024-08-11,vs. Lotte,RP,,0.0,0.0,1,15,0,0,0,0,0,0,0,,Home,수원 KT 위즈파크,17:00,33.0
박영현,2024,KT,2024-08-08,@ Kia,RP,,0.0,0.75,1 ⅓,21,0,0,1,0,3,0,0,,Away,광주 기아 챔피언스 필드,18:30,31.1
박영현,2024,KT,2024-08-02,@ NC,RP,W,0.0,1.0,2,42,0,0,1,0,4,1,0,,Away,창원 NC 파크,18:30,34.2
박영현,2024,KT,2024-07-28,@ Samsung,RP,SV,0.0,2.0,1,18,0,0,1,0,0,1,0,,Away,대구 삼성 라이온즈 파크,17:00,33.1
박영현,2024,KT,2024-07-26,@ Samsung,RP,SV,0.0,0.0,1,8,0,0,0,0,0,0,0,,Away,대구 삼성 라이온즈 파크,18:30,31.5
박영현,2024,KT,2024-07-25,vs. SSG,RP,SV,0.0,0.0,1,12,0,0,0,0,1,0,0,,Home,수원 KT 위즈파크,18:30,33.3
박영현,2024,KT,2024-07-24,vs. SSG,RP,SV,0.0,0.0,1 ⅓,19,0,0,0,0,1,0,0,,Home,수원 KT 위즈파크,18:30,31.2
박영현,2024,KT,2024-07-18,@ Kiwoom,RP,W,0.0,1.5,1 ⅓,17,0,0,2,0,1,0,0,,Away,고척 스카이돔,18:30,25.5
박영현,2024,KT,2024-07-16,@ Kiwoom,RP,SV,0.0,0.0,1 ⅔,21,0,0,0,0,4,0,0,,Away,고척 스카이돔,18:30,25.5
박영현,2024,KT,2024-07-13,@ Lotte,RP,SV,0.0,3.0,1,31,0,0,1,0,2,2,0,,Away,사직 야구장,18:00,27.2
박영현,2024,KT,2024-07-12,@ Lotte,RP,SV,0.0,2.0,1,20,0,0,1,0,1,1,0,,Away,사직 야구장,18:30,27.3
박영현,2024,KT,2024-07-10,vs. Doosan,RP,,0.0,0.0,1 ⅓,18,0,0,0,0,1,0,0,,Home,수원 KT 위즈파크,18:30,29.1
박영현,2024,KT,2024-07-03,@ Hanwha,RP,SV,0.0,0.0,1 ⅓,11,0,0,0,0,2,0,0,,Away,대전 한화생명 볼파크,18:30,28.2
박영현,2024,KT,2024-07-02,@ Hanwha,RP,W,0.0,0.0,1 ⅔,23,0,0,0,0,2,0,0,,Away,대전 한화생명 볼파크,18:30,27.6
박영현,2024,KT,2024-06-30,vs. Samsung,RP,SV,0.0,1.0,1,24,0,0,0,0,1,1,0,,Home,수원 KT 위즈파크,17:00,26.3
박영현,2024,KT,2024-06-30,vs. Samsung,RP,,0.0,2.0,1,24,1,0,1,0,2,1,0,,Home,수원 KT 위즈파크,17:00,26.3
박영현,2024,KT,2024-06-23,@ LG,RP,SV,0.0,0.0,1,12,0,0,0,0,0,0,0,,Away,잠실 야구장,17:00,28.6
박영현,2024,KT,2024-06-21,@ LG,RP,SV,0.0,2.0,1,25,0,0,0,0,1,2,0,,Away,잠실 야구장,18:30,29.5
박영현,2024,KT,2024-06-20,vs. Lotte,RP,W,18.0,4.0,1,32,2,2,3,2,2,1,0,,Home,수원 KT 위즈파크,18:30,29.6
박영현,2024,KT,2024-06-18,vs. Lotte,RP,SV,0.0,1.0,1,14,0,0,1,0,0,0,0,,Home,수원 KT 위즈파크,18:30,27.2
박영현,2024,KT,2024-06-16,vs. Kia,RP,,9.0,2.0,1,20,1,1,2,1,2,0,0,,Home,수원 KT 위즈파크,17:00,26.9
박영현,2024,KT,2024-06-15,vs. Kia,RP,,0.0,0.0,1,10,0,0,0,0,2,0,0,,Home,수원 KT 위즈파크,17:00,26.4
박영현,2024,KT,2024-06-12,@ NC,RP,,27.0,3.0,1,20,3,3,3,1,2,0,0,,Away,창원 NC 파크,18:30,28.3
박영현,2024,KT,2024-06-06,vs. Hanwha,RP,,81.0,9.0,0 ⅓,16,3,3,3,1,0,0,0,,Home,수원 KT 위즈파크,18:30,25.6
박영현,2024,KT,2024-06-02,@ Kia,RP,,9.0,3.0,1,18,1,1,2,0,1,1,0,,Away,광주 기아 챔피언스 필드,17:00,22.9
박영현,2024,KT,2024-05-31,@ Kia,RP,SV,0.0,1.0,1,10,0,0,1,0,0,0,0,,Away,광주 기아 챔피언스 필드,18:30,24.8
박영현,2024,KT,2024-05-24,vs. Kiwoom,RP,W,0.0,0.5,2,33,0,0,1,0,3,0,0,,Home,수원 KT 위즈파크,18:30,22.5
박영현,2024,KT,2024-05-23,@ Samsung,RP,SV,0.0,0.75,1 ⅓,14,0,0,1,0,1,0,0,,Away,대구 삼성 라이온즈 파크,18:30,22.8
박영현,2024,KT,2024-05-21,@ Samsung,RP,,5.4,1.8,1 ⅔,36,1,1,3,1,3,0,0,,Away,대구 삼성 라이온즈 파크,18:30,19.0
박영현,2024,KT,2024-05-18,vs. LG,RP,,0.0,0.0,0 ⅓,3,0,0,0,0,1,0,0,,Home,수원 KT 위즈파크,17:00,24.1
박영현,2024,KT,2024-05-14,vs. Lotte,RP,SV,0.0,0.0,1,6,0,0,0,0,1,0,0,,Home,수원 KT 위즈파크,18:30,21.7
박영현,2024,KT,2024-05-09,vs. NC,RP,,0.0,1.0,1,17,0,0,1,0,1,0,0,,Home,수원 KT 위즈파크,18:30,19.3
박영현,2024,KT,2024-05-08,vs. NC,RP,,0.0,1.5,2,32,0,0,2,0,2,1,0,,Home,수원 KT 위즈파크,18:30,17.6
박영현,2024,KT,2024-05-04,vs. Kiwoom,RP,,0.0,1.0,1,11,0,0,1,0,1,0,0,,Home,수원 KT 위즈파크,17:00,24.3
박영현,2024,KT,2024-05-03,vs. Kiwoom,RP,W,0.0,1.0,2,25,0,0,2,0,2,0,0,,Home,수원 KT 위즈파크,18:30,21.8
박영현,2024,KT,2024-04-27,@ SSG,RP,,9.0,1.0,1,14,1,1,1,1,1,0,0,,Away,인천 SSG 랜더스필드,17:00,20.2
박영현,2024,KT,2024-04-23,vs. Hanwha,RP,SV,0.0,1.0,1,16,0,0,1,0,3,0,0,,Home,수원 KT 위즈파크,18:30,19.2
박영현,2024,KT,2024-04-21,@ Lotte,RP,,0.0,0.75,1 ⅓,24,0,0,1,0,1,0,0,,Away,사직 야구장,14:00,17.6
박영현,2024,KT,2024-04-18,@ Kiwoom,RP,SV,0.0,0.0,1,11,0,0,0,0,0,0,0,,Away,고척 스카이돔,18:30,25.5
박영현,2024,KT,2024-04-17,@ Kiwoom,RP,SV,0.0,1.0,1,29,0,0,0,0,2,1,0,,Away,고척 스카이돔,18:30,25.5
박영현,2024,KT,2024-04-11,@ NC,RP,,0.0,0.6,1 ⅔,26,0,0,0,0,4,1,0,,Away,창원 NC 파크,18:30,16.4
박영현,2024,KT,2024-04-06,@ LG,RP,L,36.0,6.0,1,24,4,4,4,1,0,2,0,,Away,잠실 야구장,17:00,16.7
박영현,2024,KT,2024-04-05,@ LG,RP,W,0.0,0.0,2,19,0,0,0,0,2,0,0,,Away,잠실 야구장,18:30,16.4
박영현,2024,KT,2024-04-02,vs. Kia,RP,,0.0,0.0,0 ⅔,10,0,0,0,0,2,0,0,,Home,수원 KT 위즈파크,18:30,19.8
박영현,2024,KT,2024-03-31,@ Hanwha,RP,,13.5,3.0,0 ⅔,21,1,1,2,0,1,0,0,,Away,대전 한화생명 볼파크,14:00,17.9
박영현,2024,KT,2024-03-28,vs. Doosan,RP,W,5.4,0.6,1 ⅔,24,1,1,1,1,2,0,0,,Home,수원 KT 위즈파크,18:30,11.3
박영현,2024,KT,2024-03-23,vs. Samsung,RP,L,27.0,3.75,1 ⅓,23,4,4,3,0,1,2,0,,Home,수원 KT 위즈파크,14:00,18.1
박영현,2023,KT,2023-10-10,vs. Doosan,RP,,0.0,0.5,2,30,0,0,1,0,1,0,0,,Home,수원 KT 위즈파크,18:30,18.3
박영현,2023,KT,2023-09-22,@ Kia,RP,,0.0,1.0,2,29,0,0,2,0,3,0,0,,Away,광주 기아 챔피언스 필드,18:30,25.0
박영현,2023,KT,2023-09-19,vs. Samsung,RP,H,0.0,1.0,1,19,0,0,1,0,0,0,0,,Home,수원 KT 위즈파크,18:30,26.6
박영현,2023,KT,2023-09-17,@ Hanwha,RP,H,0.0,0.0,2,19,0,0,0,0,1,0,0,,Away,대전 한화생명 볼파크,14:00,29.3
박영현,2023,KT,2023-09-13,@ NC,RP,H,0.0,0.0,1,18,0,0,0,0,2,0,0,,Away,창원 NC 파크,18:30,28.9
박영현,2023,KT,2023-09-10,vs. SSG,RP,H,0.0,2.0,1,26,0,0,2,0,2,0,0,,Home,수원 KT 위즈파크,14:00,28.7
박영현,2023,KT,2023-09-09,vs. SSG,RP,,5.4,1.8,1 ⅔,36,1,1,3,0,2,0,0,,Home,수원 KT 위즈파크,17:00,28.9
박영현,2023,KT,2023-09-05,vs. LG,RP,,0.0,0.75,1 ⅓,18,0,0,1,0,1,0,0,,Home,수원 KT 위즈파크,18:30,31.2
박영현,2023,KT,2023-08-31,vs. Samsung,RP,H,13.5,4.5,0 ⅔,22,1,1,2,1,0,1,0,,Home,수원 KT 위즈파크,18:30,26.5
박영현,2023,KT,2023-08-26,@ Lotte,RP,SV,0.0,2.0,1,20,0,0,0,0,2,2,0,,Away,사직 야구장,18:00,29.1
박영현,2023,KT,2023-08-25,@ Lotte,RP,H,0.0,1.0,1,13,0,0,1,0,0,0,0,,Away,사직 야구장,18:30,29.6
박영현,2023,KT,2023-08-24,vs. Kia,RP,,9.0,2.0,1,25,1,1,1,0,2,1,0,,Home,수원 KT 위즈파크,18:30,30.0
박영현,2023,KT,2023-08-22,vs. Kia,RP,H,0.0,0.0,1,9,0,0,0,0,2,0,0,,Home,수원 KT 위즈파크,18:30,30.5
박영현,2023,KT,2023-08-20,@ Hanwha,RP,H,0.0,0.0,1,10,0,0,0,0,1,0,0,,Away,대전 한화생명 볼파크,17:00,32.9
박영현,2023,KT,2023-08-17,@ Doosan,RP,SV,18.0,4.0,1,34,2,2,4,0,2,0,0,,Away,잠실 야구장,18:30,31.4
박영현,2023,KT,2023-08-16,@ Doosan,RP,H,0.0,1.0,1,17,0,0,1,0,0,0,0,,Away,잠실 야구장,18:30,30.3
박영현,2023,KT,2023-08-15,@ Doosan,RP,H,0.0,0.0,1,12,0,0,0,0,0,0,0,,Away,잠실 야구장,18:30,31.4
박영현,2023,KT,2023-08-13,vs. NC,RP,H,0.0,0.0,1,15,0,0,0,0,1,0,0,,Home,수원 KT 위즈파크,17:00,31.0
박영현,2023,KT,2023-08-12,vs. NC,RP,W,0.0,0.0,2,18,0,0,0,0,2,0,0,,Home,수원 KT 위즈파크,18:00,27.7
박영현,2023,KT,2023-08-06,@ Doosan,RP,H,0.0,0.0,1,11,0,0,0,0,1,0,0,,Away,잠실 야구장,17:00,30.3
박영현,2023,KT,2023-08-04,@ Doosan,RP,SV,0.0,2.25,1 ⅓,27,0,0,1,0,2,2,0,,Away,잠실 야구장,18:30,33.4
박영현,2023,KT,2023-08-03,vs. SSG,RP,H,0.0,1.0,1,14,0,0,1,0,0,0,0,,Home,수원 KT 위즈파크,18:30,32.2
박영현,2023,KT,2023-08-02,vs. SSG,RP,H,0.0,3.0,1,17,0,0,1,0,2,2,0,,Home,수원 KT 위즈파크,18:30,31.6
박영현,2023,KT,2023-07-30,@ NC,RP,H,0.0,1.0,1,13,0,0,1,0,2,0,0,,Away,창원 NC 파크,17:00,32.4
박영현,2023,KT,2023-07-26,vs. LG,RP,,18.0,3.0,1,20,2,2,2,0,0,1,0,,Home,수원 KT 위즈파크,18:30,29.0
박영현,2023,KT,2023-07-23,@ Samsung,RP,H,40.5,6.0,0 ⅔,20,3,3,4,0,0,0,0,,Away,대구 삼성 라이온즈 파크,17:00,28.9
박영현,2023,KT,2023-07-22,@ Samsung,RP,L,54.0,12.0,0 ⅓,24,2,2,3,0,0,1,0,,Away,대구 삼성 라이온즈 파크,18:00,27.1
박영현,2023,KT,2023-07-12,@ Kiwoom,RP,H,0.0,0.75,1 ⅓,10,0,0,1,0,1,0,0,,Away,고척 스카이돔,18:30,25.5
박영현,2023,KT,2023-07-11,@ Kiwoom,RP,H,0.0,3.0,0 ⅓,9,0,0,0,0,1,1,0,,Away,고척 스카이돔,18:30,25.5
박영현,2023,KT,2023-07-09,vs. Kia,RP,,27.0,3.0,0 ⅓,8,1,1,1,1,0,0,0,,Home,수원 KT 위즈파크,17:00,28.2
박영현,2023,KT,2023-07-06,@ LG,RP,,9.0,1.0,1,16,1,1,1,1,1,0,0,,Away,잠실 야구장,18:30,30.9
박영현,2023,KT,2023-07-05,@ LG,RP,,0.0,0.0,0 ⅓,5,0,0,0,0,1,0,0,,Away,잠실 야구장,18:30,27.5
박영현,2023,KT,2023-07-02,vs. NC,RP,H,0.0,1.5,1 ⅓,20,0,0,1,0,1,1,0,,Home,수원 KT 위즈파크,17:00,31.2
박영현,2023,KT,2023-07-01,vs. NC,RP,,0.0,2.0,1,20,0,0,2,0,1,0,0,,Home,수원 KT 위즈파크,18:00,30.5
박영현,2023,KT,2023-06-30,vs. NC,RP,W,0.0,1.5,0 ⅔,12,0,0,1,0,0,0,0,,Home,수원 KT 위즈파크,18:30,29.5
박영현,2023,KT,2023-06-28,@ Hanwha,RP,,6.75,0.75,1 ⅓,24,1,1,0,0,0,1,1,,Away,대전 한화생명 볼파크,18:30,28.0
박영현,2023,KT,2023-06-22,vs. Lotte,RP,H,0.0,1.5,1 ⅓,25,0,0,1,0,1,1,0,,Home,수원 KT 위즈파크,18:30,24.5
박영현,2023,KT,2023-06-20,vs. Lotte,RP,H,0.0,1.0,2,26,0,0,0,0,2,2,0,,Home,수원 KT 위즈파크,18:30,25.2
박영현,2023,KT,2023-06-17,vs. Samsung,RP,H,0.0,1.0,1,20,0,0,1,0,0,0,0,,Home,수원 KT 위즈파크,17:00,25.1
박영현,2023,KT,2023-06-16,vs. Samsung,RP,,0.0,6.0,0 ⅓,7,1,0,2,0,0,0,0,,Home,수원 KT 위즈파크,18:30,26.4
박영현,2023,KT,2023-06-15,@ SSG,RP,,0.0,0.0,1 ⅓,13,0,0,0,0,0,0,0,,Away,인천 SSG 랜더스필드,18:30,24.7
박영현,2023,KT,2023-06-08,@ Lotte,RP,SV,0.0,0.0,1,13,0,0,0,0,1,0,0,,Away,사직 야구장,18:30,24.1
박영현,2023,KT,2023-06-07,@ Lotte,RP,,0.0,1.0,1,22,1,0,1,0,0,0,0,,Away,사직 야구장,18:30,22.9
박영현,2023,KT,2023-06-06,@ Lotte,RP,H,0.0,0.0,1,16,0,0,0,0,2,0,0,,Away,사직 야구장,18:30,21.9
박영현,2023,KT,2023-06-04,vs. Doosan,RP,H,0.0,0.5,2,28,0,0,1,0,3,0,0,,Home,수원 KT 위즈파크,17:00,24.4
박영현,2023,KT,2023-06-03,vs. Doosan,RP,W,0.0,0.0,1 ⅔,13,0,0,0,0,2,0,0,,Home,수원 KT 위즈파크,17:00,23.6
박영현,2023,KT,2023-05-26,@ Samsung,RP,H,0.0,1.0,1,16,0,0,1,0,3,0,0,,Away,대구 삼성 라이온즈 파크,18:30,19.9
박영현,2023,KT,2023-05-25,vs. Kiwoom,RP,H,0.0,0.0,2,11,0,0,0,0,0,0,0,,Home,수원 KT 위즈파크,18:30,21.9
박영현,2023,KT,2023-05-24,vs. Kiwoom,RP,,0.0,0.0,1,11,0,0,0,0,2,0,0,,Home,수원 KT 위즈파크,18:30,22.5
박영현,2023,KT,2023-05-21,vs. Doosan,RP,H,0.0,0.6,1 ⅔,36,0,0,0,0,2,1,0,,Home,수원 KT 위즈파크,14:00,20.0
박영현,2023,KT,2023-05-19,vs. Doosan,RP,,0.0,1.0,1,18,0,0,1,0,2,0,0,,Home,수원 KT 위즈파크,18:30,24.9
박영현,2023,KT,2023-05-12,vs. Lotte,RP,,0.0,0.0,1,10,0,0,0,0,2,0,0,,Home,수원 KT 위즈파크,18:30,22.3
박영현,2023,KT,2023-05-10,vs. NC,RP,H,0.0,0.0,1,12,0,0,0,0,3,0,0,,Home,수원 KT 위즈파크,18:30,22.1
박영현,2023,KT,2023-05-03,@ SSG,RP,,13.5,3.0,1 ⅓,28,2,2,3,0,2,1,0,,Away,인천 SSG 랜더스필드,18:30,20.6
박영현,2023,KT,2023-04-30,vs. Samsung,RP,,0.0,0.0,1,15,0,0,0,0,2,0,0,,Home,수원 KT 위즈파크,14:00,18.3
박영현,2023,KT,2023-04-28,vs. Samsung,RP,L,18.0,3.0,1,18,2,2,1,0,0,2,1,,Home,수원 KT 위즈파크,18:30,18.1
박영현,2023,KT,2023-04-27,@ Kiwoom,RP,,0.0,0.0,1,10,0,0,0,0,0,0,0,,Away,고척 스카이돔,18:30,25.5
박영현,2023,KT,2023-04-25,@ Kiwoom,RP,,0.0,1.2,1 ⅔,32,0,0,2,0,3,0,0,,Away,고척 스카이돔,18:30,25.5
박영현,2023,KT,2023-04-23,@ Doosan,RP,,0.0,2.0,1,18,0,0,1,0,1,1,0,,Away,잠실 야구장,14:00,22.0
박영현,2023,KT,2023-04-19,vs. SSG,RP,H,18.0,3.0,1,23,2,2,2,0,1,1,0,,Home,수원 KT 위즈파크,18:30,20.9
박영현,2023,KT,2023-04-18,vs. SSG,RP,H,0.0,0.0,1,9,0,0,0,0,1,0,0,,Home,수원 KT 위즈파크,18:30,17.3
박영현,2023,KT,2023-04-14,vs. Hanwha,RP,,0.0,,0,3,0,0,1,0,0,0,0,,Home,수원 KT 위즈파크,18:30,19.5
박영현,2023,KT,2023-04-13,@ NC,RP,H,6.75,1.5,1 ⅓,25,1,1,2,0,2,0,0,,Away,창원 NC 파크,18:30,17.5
박영현,2023,KT,2023-04-11,@ NC,RP,,0.0,0.0,1,10,0,0,0,0,1,0,0,,Away,창원 NC 파크,18:30,18.1
박영현,2023,KT,2023-04-08,@ Lotte,RP,H,0.0,0.6,1 ⅔,26,0,0,0,0,1,1,0,,Away,사직 야구장,17:00,16.3
박영현,2023,KT,2023-04-07,@ Lotte,RP,,0.0,1.0,1,21,0,0,1,0,2,0,0,,Away,사직 야구장,18:30,16.9
박영현,2023,KT,2023-04-02,vs. LG,RP,L,13.5,3.0,0 ⅔,11,1,1,2,0,1,0,0,,Home,수원 KT 위즈파크,14:00,23.1
박영현,2023,KT,2023-04-01,vs. LG,RP,,0.0,1.5,0 ⅔,14,0,0,1,0,0,0,0,,Home,수원 KT 위즈파크,14:00,24.0
박영현,2022,KT,2022-10-11,@ LG,RP,,0.0,1.0,1,13,0,0,1,0,1,0,0,,Away,잠실 야구장,18:30,14.4
박영현,2022,KT,2022-10-08,@ Kia,RP,,0.0,0.0,1,15,0,0,0,0,1,0,0,,Away,광주 기아 챔피언스 필드,17:00,19.8
박영현,2022,KT,2022-10-05,vs. Samsung,RP,,0.0,3.0,0 ⅓,13,0,0,1,0,0,0,0,,Home,수원 KT 위즈파크,18:30,17.3
박영현,2022,KT,2022-10-04,vs. Samsung,RP,,0.0,0.0,1,13,0,0,0,0,2,0,0,,Home,수원 KT 위즈파크,18:30,18.0
박영현,2022,KT,2022-09-29,@ LG,RP,,0.0,,0,9,0,0,1,0,0,0,0,,Away,잠실 야구장,18:30,24.3
박영현,2022,KT,2022-09-27,vs. Doosan,RP,,27.0,4.0,1,22,3,3,4,0,0,0,0,,Home,수원 KT 위즈파크,18:30,24.4
박영현,2022,KT,2022-09-23,@ Samsung,RP,,0.0,2.0,1,21,0,0,1,0,2,1,0,,Away,대구 삼성 라이온즈 파크,18:30,24.8
박영현,2022,KT,2022-09-22,@ Samsung,RP,,0.0,0.5,2,21,0,0,1,0,3,0,0,,Away,대구 삼성 라이온즈 파크,18:30,23.4
박영현,2022,KT,2022-09-18,vs. Lotte,RP,H,0.0,1.0,1,15,0,0,1,0,1,0,0,,Home,수원 KT 위즈파크,14:00,31.7
박영현,2022,KT,2022-09-14,@ Hanwha,RP,,0.0,0.0,0 ⅓,7,1,0,0,0,0,0,0,,Away,대전 한화생명 볼파크,18:30,25.3
박영현,2022,KT,2022-09-11,@ Kiwoom,RP,,0.0,0.0,1,16,0,0,0,0,2,0,0,,Away,고척 스카이돔,14:00,25.5
박영현,2022,KT,2022-09-09,vs. NC,RP,,9.0,1.0,1,18,1,1,1,1,1,0,0,,Home,수원 KT 위즈파크,18:30,26.0
박영현,2022,KT,2022-09-04,@ Kia,RP,,0.0,0.0,1 ⅔,19,0,0,0,0,2,0,0,,Away,광주 기아 챔피언스 필드,14:00,31.7
박영현,2022,KT,2022-09-02,vs. LG,RP,L,9.0,2.0,1,26,1,1,2,1,2,0,0,,Home,수원 KT 위즈파크,18:30,27.5
박영현,2022,KT,2022-08-31,vs. Doosan,RP,H,0.0,0.0,1,11,0,0,0,0,0,0,0,,Home,수원 KT 위즈파크,18:30,25.1
박영현,2022,KT,2022-08-28,@ NC,RP,,13.5,2.25,1 ⅓,20,2,2,2,0,1,1,0,,Away,창원 NC 파크,17:00,25.7
박영현,2022,KT,2022-08-25,vs. SSG,RP,,0.0,3.0,0 ⅔,14,0,0,2,0,0,0,0,,Home,수원 KT 위즈파크,18:30,24.4
박영현,2022,KT,2022-08-23,@ Doosan,RP,,0.0,1.2,1 ⅔,31,0,0,0,0,0,2,0,,Away,잠실 야구장,18:30,29.0
박영현,2022,KT,2022-08-20,vs. Kia,RP,,0.0,0.0,1 ⅓,20,0,0,0,0,1,0,0,,Home,수원 KT 위즈파크,18:00,30.4
박영현,2022,KT,2022-08-18,@ Lotte,RP,,0.0,0.6,1 ⅔,28,0,0,1,0,1,0,0,,Away,사직 야구장,18:30,28.1
박영현,2022,KT,2022-08-14,vs. Samsung,RP,,0.0,3.0,1,21,0,0,2,0,2,1,0,,Home,수원 KT 위즈파크,17:00,29.8
박영현,2022,KT,2022-08-11,@ SSG,RP,,9.0,2.0,1,24,1,1,1,1,2,1,0,,Away,인천 SSG 랜더스필드,18:30,27.0
박영현,2022,KT,2022-08-10,@ SSG,RP,,0.0,0.75,1 ⅓,20,0,0,1,0,2,0,0,,Away,인천 SSG 랜더스필드,18:30,25.9
박영현,2022,KT,2022-08-07,vs. Hanwha,RP,,0.0,1.0,1,8,0,0,0,0,0,1,0,,Home,수원 KT 위즈파크,17:00,32.4
박영현,2022,KT,2022-08-05,vs. Hanwha,RP,,0.0,1.5,0 ⅔,12,0,0,1,0,0,0,0,,Home,수원 KT 위즈파크,18:30,32.5
박영현,2022,KT,2022-08-03,@ NC,RP,,0.0,0.0,1,14,0,0,0,0,2,0,0,,Away,창원 NC 파크,18:30,31.5
박영현,2022,KT,2022-07-27,vs. Kiwoom,RP,,27.0,4.0,1,30,3,3,3,0,1,1,0,,Home,수원 KT 위즈파크,18:30,30.7
박영현,2022,KT,2022-07-26,vs. Kiwoom,RP,,0.0,0.0,1,12,0,0,0,0,2,0,0,,Home,수원 KT 위즈파크,18:30,31.7
박영현,2022,KT,2022-07-22,@ Hanwha,RP,,18.0,2.0,1,29,2,2,1,0,3,1,0,,Away,대전 한화생명 볼파크,18:30,28.7
박영현,2022,KT,2022-07-06,@ Kia,RP,,0.0,1.0,1,14,0,0,0,0,2,1,0,,Away,광주 기아 챔피언스 필드,18:30,33.1
박영현,2022,KT,2022-07-03,vs. Doosan,RP,,0.0,0.0,1,11,0,0,0,0,1,0,0,,Home,수원 KT 위즈파크,17:00,30.9
박영현,2022,KT,2022-06-30,@ Samsung,RP,,0.0,0.0,1,12,0,0,0,0,0,0,0,,Away,대구 삼성 라이온즈 파크,18:30,29.0
박영현,2022,KT,2022-06-28,@ Samsung,RP,,0.0,2.0,1,25,0,0,1,0,2,1,0,,Away,대구 삼성 라이온즈 파크,18:30,26.9
박영현,2022,KT,2022-06-25,vs. LG,RP,,13.5,1.5,0 ⅔,14,1,1,1,1,1,0,0,,Home,수원 KT 위즈파크,17:00,29.5
박영현,2022,KT,2022-06-21,vs. NC,RP,,0.0,1.0,1,23,0,0,1,0,1,0,0,,Home,수원 KT 위즈파크,18:30,26.8
박영현,2022,KT,2022-06-18,@ Doosan,RP,,9.0,2.0,1,25,1,1,1,0,1,1,0,,Away,잠실 야구장,17:00,26.5
박영현,2022,KT,2022-06-16,vs. SSG,RP,,0.0,2.0,1,21,0,0,1,0,0,1,0,,Home,수원 KT 위즈파크,18:30,23.3
박영현,2022,KT,2022-06-10,@ Lotte,RP,,0.0,1.5,0 ⅔,13,0,0,1,0,0,0,0,,Away,사직 야구장,18:30,22.4
박영현,2022,KT,2022-06-08,@ Kiwoom,RP,,0.0,2.0,1,22,0,0,0,0,0,2,0,,Away,고척 스카이돔,18:30,25.5
박영현,2022,KT,2022-06-07,@ Kiwoom,RP,,9.0,2.0,1,26,1,1,0,0,1,2,0,,Away,고척 스카이돔,18:30,25.5
박영현,2022,KT,2022-06-05,vs. Kia,RP,,0.0,0.0,1,13,0,0,0,0,1,0,0,,Home,수원 KT 위즈파크,17:00,21.2
박영현,2022,KT,2022-06-02,@ SSG,RP,,0.0,0.0,1,16,0,0,0,0,2,0,0,,Away,인천 SSG 랜더스필드,18:30,23.0
박영현,2022,KT,2022-05-28,vs. Hanwha,RP,,0.0,0.0,1,15,0,0,0,0,2,0,0,,Home,수원 KT 위즈파크,17:00,27.1
박영현,2022,KT,2022-05-27,vs. Hanwha,RP,,0.0,2.0,1,17,0,0,1,0,1,1,0,,Home,수원 KT 위즈파크,18:30,21.3
박영현,2022,KT,2022-05-19,vs. LG,RP,,0.0,0.0,1,14,0,0,0,0,1,0,0,,Home,수원 KT 위즈파크,18:30,22.1
박영현,2022,KT,2022-05-18,vs. LG,RP,,27.0,4.0,1,29,3,3,3,0,1,1,0,,Home,수원 KT 위즈파크,18:30,24.3
박영현,2022,KT,2022-04-26,vs. Kia,RP,,0.0,6.0,0 ⅓,14,0,0,1,0,0,1,0,,Home,수원 KT 위즈파크,18:30,20.9
박영현,2022,KT,2022-04-16,@ Lotte,RP,,0.0,1.0,1,12,0,0,1,0,0,0,0,,Away,사직 야구장,17:00,14.9
박영현,2022,KT,2022-04-15,@ Lotte,RP,,9.0,1.0,1,14,1,1,1,1,2,0,0,,Away,사직 야구장,18:30,12.2
박영현,2022,KT,2022-04-09,@ Hanwha,RP,,0.0,1.5,1 ⅓,26,1,0,2,0,2,0,0,,Away,대전 한화생명 볼파크,17:00,24.9
박영현,2022,KT,2022-04-06,vs. SSG,RP,,0.0,1.0,1,16,0,0,1,0,0,0,0,,Home,수원 KT 위즈파크,18:30,12.7
박영현,2022,KT,2022-04-03,vs. Samsung,RP,,13.5,4.5,0 ⅔,12,1,1,3,0,0,0,0,,Home,수원 KT 위즈파크,14:00,15.5
이상동,2024,KT,2024-09-18,vs. Samsung,RP,,9.0,4.0,1,24,1,1,3,0,0,1,0,,Home,수원 KT 위즈파크,18:30,32.3
이상동,2024,KT,2024-09-16,vs. Kia,RP,,0.0,0.0,1 ⅓,14,0,0,0,0,1,0,0,,Home,수원 KT 위즈파크,18:30,31.3
이상동,2024,KT,2024-09-12,vs. NC,RP,,9.0,2.0,1,10,1,1,2,0,1,0,0,,Home,수원 KT 위즈파크,18:30,29.3
이상동,2024,KT,2024-09-07,vs. Doosan,RP,,4.5,1.0,2,35,1,1,2,1,3,0,0,,Home,수원 KT 위즈파크,17:00,30.0
이상동,2024,KT,2024-09-05,@ Lotte,RP,,0.0,0.5,2,14,0,0,1,0,0,0,0,,Away,사직 야구장,18:30,30.3
이상동,2024,KT,2024-08-11,vs. Lotte,RP,,0.0,1.0,1,12,0,0,1,0,1,0,0,,Home,수원 KT 위즈파크,17:00,33.0
이상동,2024,KT,2024-08-09,vs. Lotte,RP,,0.0,,0,5,1,1,2,0,0,0,0,,Home,수원 KT 위즈파크,18:30,31.9
이상동,2024,KT,2024-08-04,@ NC,RP,,0.0,0.0,1,23,0,0,0,0,3,0,1,,Away,창원 NC 파크,17:00,32.6
이상동,2024,KT,2024-08-01,vs. Hanwha,RP,,0.0,3.0,1,30,1,0,2,0,3,1,0,,Home,수원 KT 위즈파크,18:30,33.1
이상동,2024,KT,2024-07-31,vs. Hanwha,RP,,0.0,0.5,2,23,0,0,1,0,2,0,0,,Home,수원 KT 위즈파크,18:30,32.7
이상동,2024,KT,2024-07-18,@ Kiwoom,RP,,54.0,9.0,0 ⅓,19,2,2,2,1,1,1,0,,Away,고척 스카이돔,18:30,25.5
이상동,2024,KT,2024-07-17,@ Kiwoom,RP,,0.0,3.0,0 ⅓,6,0,0,1,0,0,0,0,,Away,고척 스카이돔,18:30,25.5
이상동,2024,KT,2024-06-06,vs. Hanwha,RP,,27.0,6.0,0 ⅔,16,2,2,4,0,1,0,0,,Home,수원 KT 위즈파크,18:30,25.6
이상동,2024,KT,2024-06-04,vs. Hanwha,RP,,0.0,1.8,1 ⅔,36,0,0,1,0,2,2,0,,Home,수원 KT 위즈파크,18:30,23.2
이상동,2024,KT,2024-06-01,@ Kia,RP,,0.0,2.0,1,20,0,0,1,0,1,1,0,,Away,광주 기아 챔피언스 필드,17:00,22.7
이상동,2024,KT,2024-05-29,@ Doosan,RP,,13.5,1.5,2,21,3,3,3,1,1,0,0,,Away,잠실 야구장,18:30,25.4
이상동,2024,KT,2024-05-25,vs. Kiwoom,RP,,13.5,4.5,0 ⅔,12,1,1,3,0,0,0,0,,Home,수원 KT 위즈파크,17:00,23.3
이상동,2024,KT,2024-05-24,vs. Kiwoom,RP,,0.0,1.0,1,20,0,0,0,0,0,1,0,,Home,수원 KT 위즈파크,18:30,22.5
이상동,2024,KT,2024-05-22,@ Samsung,RP,,0.0,0.0,1,13,0,0,0,0,1,0,0,,Away,대구 삼성 라이온즈 파크,18:30,19.8
이상동,2024,KT,2024-05-19,vs. LG,RP,,4.5,0.5,2,35,1,1,1,0,0,0,2,,Home,수원 KT 위즈파크,14:00,26.5
이상동,2024,KT,2024-04-12,vs. SSG,RP,H,9.0,3.0,1,25,1,1,2,0,1,1,0,,Home,수원 KT 위즈파크,18:30,20.6
이상동,2024,KT,2024-04-11,@ NC,RP,H,27.0,4.5,0 ⅔,27,2,2,1,0,0,2,0,,Away,창원 NC 파크,18:30,16.4
이상동,2024,KT,2024-04-09,@ NC,RP,,0.0,3.0,1,17,0,0,1,0,1,2,0,,Away,창원 NC 파크,18:30,15.0
이상동,2024,KT,2024-04-05,@ LG,RP,,6.75,3.0,1 ⅓,37,1,1,3,0,1,1,0,,Away,잠실 야구장,18:30,16.4
이상동,2024,KT,2024-04-02,vs. Kia,RP,,0.0,1.0,1,13,0,0,1,0,1,0,0,,Home,수원 KT 위즈파크,18:30,19.8
이상동,2024,KT,2024-03-29,@ Hanwha,RP,L,5.4,1.8,1 ⅔,32,1,1,2,0,2,1,0,,Away,대전 한화생명 볼파크,18:30,11.7
이상동,2024,KT,2024-03-28,vs. Doosan,RP,H,0.0,0.0,1,11,0,0,0,0,2,0,0,,Home,수원 KT 위즈파크,18:30,11.3
이상동,2024,KT,2024-03-26,vs. Doosan,RP,,0.0,1.0,1,8,0,0,1,0,1,0,0,,Home,수원 KT 위즈파크,18:30,10.8
이상동,2024,KT,2024-03-23,vs. Samsung,RP,,27.0,3.0,0 ⅓,10,1,1,1,0,0,0,0,,Home,수원 KT 위즈파크,14:00,18.1
이상동,2023,KT,2023-10-10,vs. Doosan,RP,,0.0,0.86,2 ⅓,27,0,0,2,0,1,0,0,,Home,수원 KT 위즈파크,18:30,18.3
이상동,2023,KT,2023-10-08,vs. Hanwha,RP,,0.0,0.0,0 ⅔,8,0,0,0,0,1,0,0,,Home,수원 KT 위즈파크,14:00,19.4
이상동,2023,KT,2023-10-07,vs. Hanwha,RP,,0.0,0.0,0 ⅓,4,0,0,0,0,1,0,0,,Home,수원 KT 위즈파크,17:00,19.7
이상동,2023,KT,2023-10-05,vs. Kia,RP,H,9.0,2.0,1,26,1,1,1,0,2,1,0,,Home,수원 KT 위즈파크,18:30,16.3
이상동,2023,KT,2023-10-04,vs. Kia,RP,W,0.0,0.0,2 ⅓,23,0,0,0,0,3,0,0,,Home,수원 KT 위즈파크,18:30,20.4
이상동,2023,KT,2023-10-02,vs. LG,RP,,0.0,3.0,1,28,0,0,0,0,1,3,0,,Home,수원 KT 위즈파크,18:30,20.8
이상동,2023,KT,2023-09-27,@ LG,RP,,0.0,0.43,2 ⅓,30,0,0,1,0,3,0,0,,Away,잠실 야구장,18:30,25.0
이상동,2023,KT,2023-09-21,vs. Lotte,RP,,0.0,2.0,1,16,0,0,1,0,1,1,0,,Home,수원 KT 위즈파크,18:30,21.8
이상동,2023,KT,2023-09-19,vs. Samsung,RP,,0.0,0.0,1,12,0,0,0,0,1,0,0,,Home,수원 KT 위즈파크,18:30,26.6
이상동,2023,KT,2023-09-17,@ Hanwha,RP,,0.0,0.0,2,18,0,0,0,0,3,0,0,,Away,대전 한화생명 볼파크,14:00,29.3
이상동,2023,KT,2023-09-14,@ Samsung,RP,,27.0,9.0,0 ⅓,14,1,1,3,0,0,0,0,,Away,대구 삼성 라이온즈 파크,18:30,25.6
이상동,2023,KT,2023-09-13,@ NC,RP,,0.0,1.0,1,17,0,0,1,0,2,0,0,,Away,창원 NC 파크,18:30,28.9
이상동,2023,KT,2023-09-10,vs. SSG,RP,,0.0,1.5,0 ⅔,13,0,0,1,0,1,0,0,,Home,수원 KT 위즈파크,14:00,28.7
이상동,2023,KT,2023-09-08,vs. SSG,RP,,9.0,2.0,2,35,2,2,3,0,3,1,0,,Home,수원 KT 위즈파크,18:30,27.5
이상동,2023,KT,2023-09-05,vs. LG,RP,,0.0,1.8,1 ⅔,27,0,0,3,0,1,0,0,,Home,수원 KT 위즈파크,18:30,31.2
이상동,2023,KT,2023-09-02,@ Kiwoom,RP,,0.0,1.0,1,14,0,0,1,0,2,0,0,,Away,고척 스카이돔,17:00,25.5
이상동,2023,KT,2023-09-01,@ Kiwoom,RP,,0.0,0.0,1,12,0,0,0,0,2,0,0,,Away,고척 스카이돔,18:30,25.5
이상동,2023,KT,2023-08-05,@ Doosan,RP,,18.0,2.0,1,24,2,2,2,1,0,0,0,,Away,잠실 야구장,18:00,34.3
이상동,2023,KT,2023-08-01,vs. SSG,RP,,0.0,2.0,1,18,0,0,2,0,0,0,0,,Home,수원 KT 위즈파크,18:30,32.8
이상동,2023,KT,2023-07-29,@ NC,RP,,0.0,1.0,1,14,0,0,1,0,1,0,0,,Away,창원 NC 파크,18:00,31.7
이상동,2023,KT,2023-07-27,vs. LG,RP,L,13.5,3.0,1 ⅓,31,3,2,4,0,1,0,0,,Home,수원 KT 위즈파크,18:30,32.5
이상동,2023,KT,2023-07-23,@ Samsung,RP,W,0.0,3.0,0 ⅔,17,0,0,2,0,1,0,0,,Away,대구 삼성 라이온즈 파크,17:00,28.9
이상동,2023,KT,2023-07-08,vs. Kia,RP,,54.0,6.0,0 ⅔,16,4,4,4,1,0,0,0,,Home,수원 KT 위즈파크,18:00,29.5
이상동,2023,KT,2023-07-06,@ LG,RP,,13.5,1.5,0 ⅔,21,1,1,1,0,0,0,0,,Away,잠실 야구장,18:30,30.9
이상동,2023,KT,2023-07-05,@ LG,RP,,0.0,0.6,1 ⅔,13,0,0,0,0,1,1,0,,Away,잠실 야구장,18:30,27.5
이상동,2023,KT,2023-07-01,vs. NC,RP,,6.75,0.75,1 ⅓,23,1,1,1,1,2,0,0,,Home,수원 KT 위즈파크,18:00,30.5
이상동,2023,KT,2023-06-28,@ Hanwha,RP,,0.0,0.0,0 ⅓,4,0,0,0,0,0,0,0,,Away,대전 한화생명 볼파크,18:30,28.0
이상동,2023,KT,2023-06-27,@ Hanwha,RP,,0.0,0.0,1,11,0,0,0,0,0,0,0,,Away,대전 한화생명 볼파크,18:30,29.2
이상동,2023,KT,2023-06-23,@ Kia,RP,,54.0,12.0,0 ⅓,16,2,2,3,1,0,1,0,,Away,광주 기아 챔피언스 필드,18:30,30.8
이상동,2023,KT,2023-06-18,vs. Samsung,RP,,0.0,2.0,1,20,0,0,1,0,1,1,0,,Home,수원 KT 위즈파크,17:00,27.6
이상동,2023,KT,2023-06-17,vs. Samsung,RP,W,0.0,0.0,0 ⅔,9,0,0,0,0,1,0,0,,Home,수원 KT 위즈파크,17:00,25.1
이상동,2023,KT,2023-06-16,vs. Samsung,RP,,0.0,1.5,0 ⅔,12,0,0,0,0,2,1,0,,Home,수원 KT 위즈파크,18:30,26.4
이상동,2023,KT,2023-06-13,@ SSG,RP,,0.0,3.0,1 ⅓,23,0,0,2,0,0,2,0,,Away,인천 SSG 랜더스필드,18:30,23.7
이상동,2023,KT,2023-06-11,vs. Kiwoom,RP,,9.0,2.5,2,29,2,2,4,0,1,1,0,,Home,수원 KT 위즈파크,17:00,26.9
이상동,2023,KT,2023-06-09,vs. Kiwoom,RP,,0.0,1.5,1 ⅓,26,0,0,1,0,2,1,0,,Home,수원 KT 위즈파크,18:30,25.5
이상동,2023,KT,2023-06-08,@ Lotte,RP,W,0.0,1.0,1,21,0,0,0,0,2,1,0,,Away,사직 야구장,18:30,24.1
이상동,2021,KT,2021-05-26,vs. SSG,RP,L,54.0,6.0,0 ⅔,19,4,4,2,0,0,2,0,,Home,수원 KT 위즈파크,18:30,21.9
이상동,2021,KT,2021-05-21,@ Hanwha,RP,,9.0,3.0,1,34,1,1,2,0,1,1,0,,Away,대전 한화생명 볼파크,18:30,16.2
이상동,2021,KT,2021-05-19,vs. Doosan,RP,H,0.0,0.0,0 ⅔,4,0,0,0,0,0,0,0,,Home,수원 KT 위즈파크,18:30,24.5
이상동,2021,KT,2021-05-13,vs. Samsung,RP,,5.4,1.8,1 ⅔,31,1,1,3,0,1,0,0,,Home,수원 KT 위즈파크,18:30,25.3
이상동,2021,KT,2021-05-12,vs. Samsung,RP,,0.0,0.0,1 ⅓,17,0,0,0,0,2,0,0,,Home,수원 KT 위즈파크,18:30,26.3
이상동,2021,KT,2021-04-27,@ SSG,RP,,0.0,0.0,1,13,0,0,0,0,1,0,0,,Away,인천 SSG 랜더스필드,18:30,14.3
이상동,2020,KT,2020-10-16,@ SK,RP,,0.0,0.0,1,17,0,0,0,0,1,0,0,,Away,인천 SSG 랜더스필드,18:30,14.3
이상동,2020,KT,2020-10-14,vs. Kiwoom,RP,,0.0,0.0,0 ⅔,9,0,0,0,0,0,0,0,,Home,수원 KT 위즈파크,18:30,13.8
이상동,2020,KT,2020-09-01,vs. Lotte,RP,,0.0,1.0,1,16,0,0,0,0,0,1,0,,Home,수원 KT 위즈파크,18:30,29.7
이상동,2020,KT,2020-06-20,vs. Lotte,RP,,7.71,3.43,2 ⅓,45,2,2,6,0,1,2,0,,Home,수원 KT 위즈파크,17:00,28.1
이상동,2020,KT,2020-06-14,@ Samsung,RP,,36.0,5.0,1,26,4,4,5,0,1,0,0,,Away,대구 삼성 라이온즈 파크,17:00,28.6
문용익,2024,KT,2024-09-07,vs. Doosan,RP,,0.0,1.0,1,18,0,0,1,0,3,0,0,,Home,수원 KT 위즈파크,17:00,30.0
문용익,2024,KT,2024-08-30,vs. LG,RP,,8.1,1.8,3 ⅓,49,3,3,6,0,2,0,0,,Home,수원 KT 위즈파크,18:30,30.1
문용익,2024,KT,2024-07-11,vs. Doosan,RP,,9.0,4.5,2,69,5,2,1,0,2,8,0,,Home,수원 KT 위즈파크,18:30,27.8
문용익,2024,KT,2024-07-04,@ Hanwha,RP,,27.0,4.0,1,31,3,3,2,0,1,2,0,,Away,대전 한화생명 볼파크,18:30,31.8
문용익,2024,KT,2024-05-17,vs. LG,RP,,0.0,,0,16,3,2,1,0,0,2,0,,Home,수원 KT 위즈파크,18:30,22.1
문용익,2024,KT,2024-05-12,@ Doosan,RP,,20.25,3.0,1 ⅓,32,3,3,1,0,2,3,1,,Away,잠실 야구장,14:00,20.5
문용익,2024,KT,2024-05-01,@ Kia,RP,,0.0,1.8,1 ⅔,32,0,0,1,0,2,2,0,,Away,광주 기아 챔피언스 필드,18:30,17.1
문용익,2024,KT,2024-04-28,@ SSG,RP,,6.75,1.5,2 ⅔,38,2,2,4,1,3,0,0,,Away,인천 SSG 랜더스필드,14:00,21.6
문용익,2024,KT,2024-04-25,vs. Hanwha,RP,,0.0,1.0,1,15,0,0,0,0,2,1,0,,Home,수원 KT 위즈파크,18:30,19.4
문용익,2024,KT,2024-04-07,@ LG,RP,,72.0,7.0,1,35,8,8,5,1,0,2,1,,Away,잠실 야구장,14:00,22.0
문용익,2024,KT,2024-04-03,vs. Kia,RP,,0.0,2.0,1,21,0,0,1,0,0,1,0,,Home,수원 KT 위즈파크,18:30,16.1
문용익,2024,KT,2024-03-31,@ Hanwha,RP,,0.0,1.0,1,21,0,0,0,0,0,1,0,,Away,대전 한화생명 볼파크,14:00,17.9
문용익,2023,Samsung,2023-07-26,vs. SSG,RP,,0.0,,0,15,3,3,0,0,0,2,1,,Home,대구 삼성 라이온즈 파크,18:30,30.7
문용익,2023,Samsung,2023-07-21,vs. KT,RP,,0.0,2.0,1,26,0,0,0,0,2,2,0,,Home,대구 삼성 라이온즈 파크,18:30,27.6
문용익,2023,Samsung,2023-06-20,vs. Kiwoom,RP,,0.0,,0,15,1,1,1,0,0,2,0,,Home,대구 삼성 라이온즈 파크,18:30,23.7
문용익,2023,Samsung,2023-06-18,@ KT,RP,W,0.0,0.75,1 ⅓,20,0,0,0,0,1,1,0,,Away,수원 KT 위즈파크,17:00,27.6
문용익,2023,Samsung,2023-06-17,@ KT,RP,,0.0,1.0,1,8,0,0,1,0,0,0,0,,Away,수원 KT 위즈파크,17:00,25.1
문용익,2023,Samsung,2023-06-15,@ LG,RP,,0.0,0.0,1,10,0,0,0,0,1,0,1,,Away,잠실 야구장,18:30,26.9
문용익,2023,Samsung,2023-05-27,vs. KT,RP,,0.0,1.0,1,6,0,0,1,0,0,0,0,,Home,대구 삼성 라이온즈 파크,17:00,23.3
문용익,2023,Samsung,2023-05-20,@ NC,RP,,9.0,3.0,1,22,1,1,3,0,1,0,0,,Away,창원 NC 파크,17:00,20.1
문용익,2023,Samsung,2023-05-16,vs. Kia,RP,,0.0,1.0,1,18,0,0,0,0,1,1,0,,Home,대구 삼성 라이온즈 파크,18:30,20.9
문용익,2023,Samsung,2023-05-14,vs. LG,RP,,0.0,1.5,0 ⅔,8,0,0,1,0,0,0,0,,Home,대구 삼성 라이온즈 파크,14:00,20.6
문용익,2023,Samsung,2023-05-13,vs. LG,RP,,0.0,0.0,1,9,0,0,0,0,1,0,0,,Home,대구 삼성 라이온즈 파크,17:00,15.6
문용익,2023,Samsung,2023-05-04,vs. Kiwoom,RP,,9.0,3.0,1,23,1,1,1,0,2,2,0,,Home,대구 삼성 라이온즈 파크,18:30,16.5
문용익,2023,Samsung,2023-05-03,vs. Kiwoom,RP,,0.0,1.0,2,34,0,0,0,0,3,2,0,,Home,대구 삼성 라이온즈 파크,18:30,18.5
문용익,2023,Samsung,2023-04-16,vs. Lotte,RP,,0.0,0.0,1,8,0,0,0,0,0,0,0,,Home,대구 삼성 라이온즈 파크,14:00,18.0
문용익,2022,Samsung,2022-10-07,@ Doosan,RP,,0.0,0.0,1 ⅔,15,0,0,0,0,1,0,0,,Away,잠실 야구장,18:30,16.7
문용익,2022,Samsung,2022-09-30,vs. Doosan,RP,,0.0,2.0,1,25,0,0,1,0,0,1,0,,Home,대구 삼성 라이온즈 파크,18:30,24.4
문용익,2022,Samsung,2022-08-25,@ Lotte,RP,,0.0,,0,9,0,0,1,0,0,1,0,,Away,사직 야구장,18:30,27.1
문용익,2022,Samsung,2022-08-21,vs. NC,RP,,0.0,0.0,1,8,0,0,0,0,0,0,0,,Home,대구 삼성 라이온즈 파크,17:00,28.5
문용익,2022,Samsung,2022-08-19,@ Hanwha,RP,,0.0,3.0,0 ⅔,25,3,0,1,0,0,1,0,,Away,대전 한화생명 볼파크,18:30,30.7
문용익,2022,Samsung,2022-08-17,@ LG,RP,,9.0,2.0,1,20,1,1,1,0,1,1,0,,Away,잠실 야구장,18:30,29.3
문용익,2022,Samsung,2022-08-16,@ LG,RP,,0.0,1.0,1,18,0,0,0,0,2,1,0,,Away,잠실 야구장,18:30,30.0
문용익,2022,Samsung,2022-08-12,vs. Kia,RP,,27.0,6.0,0 ⅓,18,2,1,1,0,0,1,0,,Home,대구 삼성 라이온즈 파크,18:30,29.9
문용익,2022,Samsung,2022-08-10,vs. Kia,RP,,0.0,0.75,1 ⅓,20,0,0,0,0,0,1,0,,Home,대구 삼성 라이온즈 파크,18:30,30.1
문용익,2022,Samsung,2022-08-07,@ SSG,RP,,0.0,0.0,1 ⅔,15,0,0,0,0,0,0,1,,Away,인천 SSG 랜더스필드,17:00,31.0
문용익,2022,Samsung,2022-08-05,@ SSG,RP,SV,0.0,1.5,0 ⅔,7,0,0,0,0,0,1,0,,Away,인천 SSG 랜더스필드,18:30,31.2
문용익,2022,Samsung,2022-08-04,@ Doosan,RP,,0.0,1.0,1,17,0,0,0,0,1,1,0,,Away,잠실 야구장,18:30,32.6
문용익,2022,Samsung,2022-07-31,vs. Lotte,RP,H,0.0,0.0,2,26,0,0,0,0,1,0,0,,Home,대구 삼성 라이온즈 파크,17:00,29.8
문용익,2022,Samsung,2022-07-29,vs. Lotte,RP,,0.0,1.0,1,23,0,0,1,0,1,0,0,,Home,대구 삼성 라이온즈 파크,18:30,31.9
문용익,2022,Samsung,2022-07-28,vs. Hanwha,RP,,0.0,0.0,1,6,0,0,0,0,1,0,0,,Home,대구 삼성 라이온즈 파크,18:30,30.7
문용익,2022,Samsung,2022-07-26,vs. Hanwha,RP,,0.0,0.0,1 ⅔,18,0,0,0,0,0,0,0,,Home,대구 삼성 라이온즈 파크,18:30,28.6
문용익,2022,Samsung,2022-07-22,@ Kiwoom,RP,L,27.0,9.0,0 ⅓,10,1,1,2,0,0,1,0,,Away,고척 스카이돔,18:30,25.5
문용익,2022,Samsung,2022-07-12,@ KT,RP,H,0.0,1.0,1,19,0,0,0,0,2,1,0,,Away,수원 KT 위즈파크,18:30,30.9
문용익,2022,Samsung,2022-07-10,vs. SSG,RP,,9.0,2.0,1,19,1,1,2,0,2,0,0,,Home,대구 삼성 라이온즈 파크,17:00,29.9
문용익,2022,Samsung,2022-07-08,vs. SSG,RP,,0.0,0.0,1,10,0,0,0,0,1,0,0,,Home,대구 삼성 라이온즈 파크,18:30,29.5
문용익,2022,Samsung,2022-07-07,vs. LG,RP,,0.0,1.0,1,14,0,0,1,0,1,0,0,,Home,대구 삼성 라이온즈 파크,18:30,30.6
문용익,2022,Samsung,2022-07-03,@ NC,RP,,6.75,2.25,1 ⅓,31,1,1,1,0,1,2,0,,Away,창원 NC 파크,17:00,32.2
문용익,2022,Samsung,2022-05-26,vs. Kia,RP,,0.0,1.0,1,17,0,0,1,0,1,0,0,,Home,대구 삼성 라이온즈 파크,18:30,20.9
문용익,2022,Samsung,2022-05-25,vs. Kia,RP,,18.0,4.0,1,26,4,2,3,0,0,1,0,,Home,대구 삼성 라이온즈 파크,18:30,22.3
문용익,2022,Samsung,2022-05-21,vs. KT,RP,L,27.0,3.0,0 ⅔,28,2,2,0,0,2,2,0,,Home,대구 삼성 라이온즈 파크,17:00,23.3
문용익,2022,Samsung,2022-05-20,vs. KT,RP,,0.0,1.5,0 ⅔,10,0,0,0,0,0,1,0,,Home,대구 삼성 라이온즈 파크,18:30,21.1
문용익,2022,Samsung,2022-05-11,vs. SSG,RP,,0.0,2.0,1,17,0,0,1,0,0,1,0,,Home,대구 삼성 라이온즈 파크,18:30,19.4
문용익,2022,Samsung,2022-05-03,vs. NC,RP,,13.5,3.0,0 ⅔,9,1,1,2,1,0,0,0,,Home,대구 삼성 라이온즈 파크,18:30,16.8
문용익,2022,Samsung,2022-04-30,@ Kia,RP,,9.0,1.0,1,10,1,1,1,0,0,0,0,,Away,광주 기아 챔피언스 필드,17:00,16.1
문용익,2022,Samsung,2022-04-29,@ Kia,RP,W,0.0,1.0,1,14,0,0,0,0,1,1,0,,Away,광주 기아 챔피언스 필드,18:30,17.4
문용익,2022,Samsung,2022-04-24,vs. Lotte,RP,,0.0,2.0,1,16,0,0,1,0,1,1,0,,Home,대구 삼성 라이온즈 파크,14:00,21.2
문용익,2022,Samsung,2022-04-22,vs. Lotte,RP,,0.0,1.2,1 ⅔,31,0,0,2,0,1,0,1,,Home,대구 삼성 라이온즈 파크,18:30,18.4
문용익,2022,Samsung,2022-04-19,@ NC,RP,,6.75,2.25,1 ⅓,20,1,1,2,0,0,1,0,,Away,창원 NC 파크,18:30,19.5
문용익,2022,Samsung,2022-04-17,@ SSG,RP,,0.0,1.5,0 ⅔,14,0,0,1,0,1,0,0,,Away,인천 SSG 랜더스필드,14:00,13.7
문용익,2022,Samsung,2022-04-15,@ SSG,RP,,0.0,1.0,1,16,0,0,1,0,0,0,0,,Away,인천 SSG 랜더스필드,18:30,12.6
문용익,2022,Samsung,2022-04-13,vs. Hanwha,RP,,0.0,0.0,1,16,0,0,0,0,1,0,0,,Home,대구 삼성 라이온즈 파크,18:30,12.0
문용익,2022,Samsung,2022-04-07,@ Doosan,RP,,0.0,3.0,0 ⅓,7,0,0,1,0,0,0,0,,Away,잠실 야구장,18:30,12.2
문용익,2022,Samsung,2022-04-06,@ Doosan,RP,,9.0,1.0,1,17,1,1,1,1,0,0,0,,Away,잠실 야구장,18:30,14.8
문용익,2022,Samsung,2022-04-02,@ KT,RP,,0.0,,0,15,1,1,2,0,0,1,0,,Away,수원 KT 위즈파크,14:00,13.7
문용익,2021,Samsung,2021-10-27,@ Kiwoom,RP,,0.0,1.0,1,11,0,0,1,0,0,0,0,,Away,고척 스카이돔,18:30,25.5
문용익,2021,Samsung,2021-10-19,vs. Doosan,RP,,0.0,,0,1,0,0,1,0,0,0,0,,Home,대구 삼성 라이온즈 파크,18:30,14.9
문용익,2021,Samsung,2021-10-16,vs. Kiwoom,RP,H,0.0,0.0,1,18,0,0,0,0,1,0,1,,Home,대구 삼성 라이온즈 파크,17:00,14.8
문용익,2021,Samsung,2021-10-13,@ Kia,RP,H,13.5,3.0,0 ⅔,18,1,1,1,0,0,1,0,,Away,광주 기아 챔피언스 필드,18:30,21.9
문용익,2021,Samsung,2021-10-08,@ NC,RP,,9.0,1.0,1,14,1,1,1,1,1,0,0,,Away,창원 NC 파크,18:30,23.4
문용익,2021,Samsung,2021-10-07,@ NC,RP,W,18.0,3.0,1,19,2,2,3,1,1,0,0,,Away,창원 NC 파크,18:30,23.5
문용익,2021,Samsung,2021-10-03,@ Doosan,RP,W,0.0,0.43,2 ⅓,33,0,0,0,0,0,1,0,,Away,잠실 야구장,14:00,28.6
문용익,2021,Samsung,2021-10-01,vs. Hanwha,RP,,27.0,4.0,1,27,3,3,2,0,0,2,0,,Home,대구 삼성 라이온즈 파크,18:30,23.1
문용익,2021,Samsung,2021-09-28,vs. SSG,RP,,0.0,0.75,1 ⅓,20,0,0,1,0,2,0,0,,Home,대구 삼성 라이온즈 파크,18:30,25.0
문용익,2021,Samsung,2021-09-24,@ LG,RP,,0.0,0.0,1,16,0,0,0,0,1,0,0,,Away,잠실 야구장,18:30,25.5
문용익,2021,Samsung,2021-09-21,@ Lotte,RP,,40.5,6.0,0 ⅔,23,3,3,3,0,1,1,0,,Away,사직 야구장,18:30,26.3
문용익,2021,Samsung,2021-09-18,@ SSG,RP,,0.0,1.0,1,20,0,0,0,0,2,1,0,,Away,인천 SSG 랜더스필드,17:00,26.1
문용익,2021,Samsung,2021-09-17,vs. Kia,RP,,0.0,1.0,1,27,0,0,1,0,1,0,0,,Home,대구 삼성 라이온즈 파크,18:30,21.8
문용익,2021,Samsung,2021-09-14,vs. LG,RP,,0.0,1.5,0 ⅔,17,0,0,0,0,2,1,0,,Home,대구 삼성 라이온즈 파크,18:30,24.4
문용익,2021,Samsung,2021-09-12,@ Hanwha,RP,,0.0,2.0,1,28,0,0,0,0,1,2,0,,Away,대전 한화생명 볼파크,14:00,28.7
문용익,2021,Samsung,2021-09-10,vs. KT,RP,,9.0,2.0,1,17,1,1,2,1,1,0,0,,Home,대구 삼성 라이온즈 파크,18:30,24.4
문용익,2021,Samsung,2021-09-09,vs. KT,RP,,0.0,0.75,1 ⅓,16,0,0,1,0,2,0,0,,Home,대구 삼성 라이온즈 파크,18:30,26.1
문용익,2021,Samsung,2021-09-07,vs. Lotte,RP,,0.0,2.0,1,17,0,0,1,0,0,1,0,,Home,대구 삼성 라이온즈 파크,18:30,28.4
문용익,2021,Samsung,2021-09-05,vs. Doosan,RP,,0.0,0.75,1 ⅓,20,0,0,1,0,1,0,0,,Home,대구 삼성 라이온즈 파크,14:00,25.4
문용익,2021,Samsung,2021-09-03,@ Kia,RP,,0.0,1.0,1,17,0,0,1,0,0,0,0,,Away,광주 기아 챔피언스 필드,18:30,27.6
문용익,2021,Samsung,2021-08-29,@ KT,RP,,0.0,1.0,1,21,0,0,1,0,1,0,0,,Away,수원 KT 위즈파크,17:00,27.6
문용익,2021,Samsung,2021-08-11,vs. Doosan,RP,,0.0,0.0,0 ⅔,12,0,0,0,0,1,0,0,,Home,대구 삼성 라이온즈 파크,18:30,27.6
최동환,2024,LG,2024-08-21,vs. SSG,RP,,54.0,12.0,0 ⅓,14,2,2,3,1,0,1,0,,Home,잠실 야구장,18:30,31.8
최동환,2024,LG,2024-08-01,vs. Samsung,RP,,0.0,0.75,1 ⅓,11,0,0,0,0,0,1,0,,Home,잠실 야구장,18:30,33.7
최동환,2024,LG,2024-07-31,vs. Samsung,RP,,108.0,12.0,0 ⅓,18,4,4,3,2,1,1,0,,Home,잠실 야구장,18:30,33.1
최동환,2024,LG,2024-07-17,vs. SSG,RP,,0.0,,0,9,4,4,4,1,0,0,0,,Home,잠실 야구장,18:30,27.6
최동환,2024,LG,2024-07-14,@ Hanwha,RP,,0.0,1.5,0 ⅔,12,0,0,1,0,1,0,0,,Away,대전 한화생명 볼파크,17:00,28.7
최동환,2024,LG,2024-07-12,@ Hanwha,RP,,0.0,1.5,0 ⅔,15,0,0,1,0,0,0,0,,Away,대전 한화생명 볼파크,18:30,30.4
최동환,2024,LG,2024-07-09,vs. Kia,RP,,0.0,1.5,0 ⅔,11,0,0,0,0,1,1,0,,Home,잠실 야구장,18:30,27.4
최동환,2024,LG,2024-06-08,@ KT,RP,,0.0,2.0,1,16,0,0,1,0,1,1,0,,Away,수원 KT 위즈파크,17:00,25.1
최동환,2024,LG,2024-06-06,vs. Kiwoom,RP,,13.5,4.5,0 ⅔,16,1,1,3,0,0,0,0,,Home,잠실 야구장,18:30,26.7
최동환,2024,LG,2024-06-02,@ Doosan,RP,,0.0,6.0,0 ⅓,15,0,0,2,0,1,0,0,,Away,잠실 야구장,17:00,23.9
최동환,2024,LG,2024-06-01,@ Doosan,RP,,0.0,1.5,1 ⅓,22,0,0,2,0,0,0,0,,Away,잠실 야구장,17:00,23.7
최동환,2024,LG,2024-05-29,@ SSG,RP,,18.0,3.0,1,24,2,2,2,0,0,1,0,,Away,인천 SSG 랜더스필드,18:30,22.4
최동환,2023,LG,2023-10-13,@ NC,RP,,0.0,0.0,1,11,0,0,0,0,1,0,0,,Away,창원 NC 파크,18:30,19.8
최동환,2023,LG,2023-10-09,vs. Lotte,RP,,9.0,2.0,1,20,1,1,1,0,0,1,0,,Home,잠실 야구장,18:30,19.8
최동환,2023,LG,2023-10-07,@ Kiwoom,RP,,54.0,6.0,0 ⅓,7,2,2,1,0,0,1,0,,Away,고척 스카이돔,17:00,25.5
최동환,2023,LG,2023-10-05,@ Lotte,RP,,0.0,4.5,0 ⅔,31,2,0,3,0,0,0,0,,Away,사직 야구장,18:30,18.8
최동환,2023,LG,2023-10-04,@ Lotte,RP,SV,0.0,1.5,0 ⅔,12,0,0,0,0,0,1,0,,Away,사직 야구장,18:30,22.8
최동환,2023,LG,2023-10-02,@ KT,RP,H,0.0,2.0,1,15,0,0,2,0,0,0,0,,Away,수원 KT 위즈파크,18:30,20.8
최동환,2023,LG,2023-09-30,@ Doosan,RP,,0.0,1.0,1,17,0,0,1,0,0,0,0,,Away,잠실 야구장,17:00,23.9
최동환,2023,LG,2023-09-28,vs. Samsung,RP,,0.0,0.0,1,7,0,0,0,0,1,0,0,,Home,잠실 야구장,18:30,25.3
최동환,2023,LG,2023-09-19,@ Kia,RP,,0.0,,0,12,2,2,3,0,0,0,0,,Away,광주 기아 챔피언스 필드,18:30,28.0
최동환,2023,LG,2023-09-17,vs. SSG,RP,,6.75,0.75,1 ⅓,26,1,1,1,0,0,0,0,,Home,잠실 야구장,14:00,28.1
최동환,2023,LG,2023-09-16,vs. SSG,RP,,0.0,2.0,1,11,0,0,2,0,0,0,0,,Home,잠실 야구장,17:00,27.7
최동환,2023,LG,2023-09-09,@ Kia,RP,,0.0,1.0,2,36,0,0,2,0,1,0,0,,Away,광주 기아 챔피언스 필드,17:00,29.1
최동환,2023,LG,2023-09-07,@ KT,RP,,0.0,,0,14,1,1,3,0,0,1,0,,Away,수원 KT 위즈파크,18:30,28.3
최동환,2023,LG,2023-08-27,@ NC,RP,,0.0,0.5,2,30,0,0,0,0,0,1,0,,Away,창원 NC 파크,17:00,30.8
최동환,2023,LG,2023-08-25,@ NC,RP,,0.0,1.0,1,11,0,0,0,0,1,1,0,,Away,창원 NC 파크,18:30,29.8
최동환,2023,LG,2023-08-15,@ Samsung,RP,,0.0,3.0,0 ⅔,17,0,0,1,0,0,1,0,,Away,대구 삼성 라이온즈 파크,18:30,30.0
최동환,2023,LG,2023-08-13,vs. Kiwoom,RP,,0.0,3.0,0 ⅔,13,1,0,2,0,1,0,0,,Home,잠실 야구장,17:00,31.2
최동환,2023,LG,2023-08-05,@ Samsung,RP,,0.0,1.0,1,7,0,0,1,0,0,0,0,,Away,대구 삼성 라이온즈 파크,18:00,31.9
최동환,2023,LG,2023-08-03,vs. Kiwoom,RP,,0.0,0.0,1,14,0,0,0,0,0,0,0,,Home,잠실 야구장,18:30,32.8
최동환,2023,LG,2023-07-29,@ Doosan,RP,,0.0,0.75,1 ⅓,13,0,0,0,0,1,1,0,,Away,잠실 야구장,18:00,32.3
최동환,2023,LG,2023-07-27,@ KT,RP,,27.0,3.0,0 ⅔,6,2,2,2,0,0,0,0,,Away,수원 KT 위즈파크,18:30,32.5
최동환,2023,LG,2023-07-26,@ KT,RP,,0.0,2.0,1,19,0,0,1,0,0,1,0,,Away,수원 KT 위즈파크,18:30,29.0
최동환,2023,LG,2023-07-21,vs. SSG,RP,,0.0,1.5,0 ⅔,15,0,0,0,0,0,1,0,,Home,잠실 야구장,18:30,33.3
최동환,2023,LG,2023-07-09,@ Lotte,RP,,0.0,1.5,0 ⅔,15,0,0,1,0,0,0,0,,Away,사직 야구장,17:00,28.2
최동환,2023,LG,2023-07-05,vs. KT,RP,,0.0,0.0,1,18,0,0,0,0,0,0,0,,Home,잠실 야구장,18:30,27.5
최동환,2023,LG,2023-07-02,vs. Kia,RP,,27.0,6.0,0 ⅓,12,1,1,2,0,1,0,0,,Home,잠실 야구장,17:00,31.3
최동환,2023,LG,2023-07-01,vs. Kia,RP,,0.0,4.5,0 ⅔,13,0,0,2,0,1,1,0,,Home,잠실 야구장,18:00,31.6
최동환,2023,LG,2023-06-25,vs. Lotte,RP,,54.0,6.0,0 ⅓,18,2,2,1,0,0,1,1,,Home,잠실 야구장,17:00,31.2
최동환,2023,LG,2023-06-24,vs. Lotte,RP,,0.0,0.0,1,8,0,0,0,0,0,0,1,,Home,잠실 야구장,17:00,30.9
최동환,2023,LG,2023-06-22,@ NC,RP,,0.0,0.0,1,14,0,0,0,0,1,0,0,,Away,창원 NC 파크,18:30,27.3
최동환,2023,LG,2023-06-20,@ NC,RP,,0.0,0.6,1 ⅔,26,0,0,0,0,1,1,0,,Away,창원 NC 파크,18:30,24.3
최동환,2023,LG,2023-06-18,vs. Doosan,RP,,0.0,0.0,1,7,0,0,0,0,0,0,0,,Home,잠실 야구장,17:00,30.8
최동환,2023,LG,2023-06-17,vs. Doosan,RP,,0.0,0.0,1,12,0,0,0,0,0,0,0,,Home,잠실 야구장,17:00,27.7
최동환,2023,LG,2023-06-15,vs. Samsung,RP,,0.0,0.0,1 ⅔,10,0,0,0,0,0,0,0,,Home,잠실 야구장,18:30,26.9
최동환,2023,LG,2023-06-10,@ Hanwha,RP,,0.0,1.0,2,32,0,0,1,0,2,1,0,,Away,대전 한화생명 볼파크,17:00,27.1
최동환,2023,LG,2023-06-08,@ Kiwoom,RP,,0.0,1.5,1 ⅓,32,0,0,2,0,3,0,1,,Away,고척 스카이돔,18:30,25.5
최동환,2023,LG,2023-06-06,@ Kiwoom,RP,,0.0,0.0,1,11,0,0,0,0,0,0,0,,Away,고척 스카이돔,18:30,25.5
최동환,2023,LG,2023-06-02,vs. NC,RP,,9.0,2.0,1,28,1,1,2,0,2,0,0,,Home,잠실 야구장,18:30,25.1
최동환,2023,LG,2023-05-27,@ Kia,RP,,27.0,6.0,0 ⅓,9,1,1,1,0,0,1,0,,Away,광주 기아 챔피언스 필드,17:00,24.1
최동환,2023,LG,2023-05-20,vs. Hanwha,RP,,0.0,0.0,0 ⅓,6,0,0,0,0,0,0,0,,Home,잠실 야구장,17:00,23.9
최동환,2023,LG,2023-05-18,vs. KT,RP,,9.0,1.0,1,17,1,1,1,1,0,0,0,,Home,잠실 야구장,18:30,22.5
최동환,2023,LG,2023-05-16,vs. KT,RP,,0.0,0.0,0 ⅔,9,0,0,0,0,1,0,0,,Home,잠실 야구장,18:30,28.8
최동환,2023,LG,2023-05-12,@ Samsung,RP,,0.0,1.0,1,15,0,0,1,0,0,0,0,,Away,대구 삼성 라이온즈 파크,18:30,18.1
최동환,2023,LG,2023-04-16,vs. Doosan,RP,,0.0,0.75,1 ⅓,14,0,0,1,0,0,0,0,,Home,잠실 야구장,14:00,14.4
최동환,2023,LG,2023-04-13,@ Lotte,RP,,0.0,3.0,1,25,0,0,1,0,2,2,0,,Away,사직 야구장,18:30,16.9
최동환,2022,LG,2022-10-08,@ Lotte,RP,L,6.75,2.25,1 ⅓,35,1,1,1,0,2,2,0,,Away,사직 야구장,17:00,18.9
최동환,2022,LG,2022-10-07,@ NC,RP,,0.0,9.0,0 ⅓,24,0,0,1,0,0,2,0,,Away,창원 NC 파크,18:30,18.0
최동환,2022,LG,2022-10-06,@ Kia,RP,,0.0,1.5,0 ⅔,15,0,0,0,0,0,1,0,,Away,광주 기아 챔피언스 필드,18:30,17.5
최동환,2022,LG,2022-10-04,vs. Kia,RP,,0.0,0.0,1,15,0,0,0,0,0,0,0,,Home,잠실 야구장,18:30,17.4
최동환,2022,LG,2022-10-02,vs. NC,RP,,9.0,2.0,1,20,1,1,2,0,1,0,0,,Home,잠실 야구장,14:00,21.3
최동환,2022,LG,2022-09-29,vs. KT,RP,,0.0,1.0,2,23,0,0,1,0,1,1,0,,Home,잠실 야구장,18:30,24.3
최동환,2022,LG,2022-09-25,@ SSG,RP,,0.0,,0,2,0,0,1,0,0,0,0,,Away,인천 SSG 랜더스필드,14:00,22.5
최동환,2022,LG,2022-09-21,@ Kia,RP,,10.8,2.4,1 ⅔,30,2,2,3,1,0,1,0,,Away,광주 기아 챔피언스 필드,18:30,22.1
최동환,2022,LG,2022-09-18,vs. Hanwha,RP,,0.0,0.0,1,12,0,0,0,0,0,0,0,,Home,잠실 야구장,14:00,31.6
최동환,2022,LG,2022-09-13,@ Doosan,RP,,0.0,0.0,1,10,0,0,0,0,1,0,0,,Away,잠실 야구장,18:30,26.9
최동환,2022,LG,2022-09-10,@ Samsung,RP,,0.0,1.0,1,11,0,0,1,0,1,0,0,,Away,대구 삼성 라이온즈 파크,17:00,24.8
최동환,2022,LG,2022-09-04,@ Lotte,RP,,0.0,1.0,1,14,0,0,1,0,0,0,0,,Away,사직 야구장,14:00,30.9
최동환,2022,LG,2022-07-23,@ NC,RP,,9.0,1.5,2,35,2,2,3,1,2,0,0,,Away,창원 NC 파크,18:00,26.2
최동환,2022,LG,2022-07-12,vs. Kia,RP,,0.0,3.0,0 ⅓,7,0,0,1,0,0,0,0,,Home,잠실 야구장,18:30,30.5
최동환,2022,LG,2022-07-10,@ Doosan,RP,,0.0,0.0,1,9,0,0,0,0,0,0,0,,Away,잠실 야구장,17:00,33.5
최동환,2022,LG,2022-07-07,@ Samsung,RP,,27.0,3.0,0 ⅔,14,2,2,2,1,1,0,0,,Away,대구 삼성 라이온즈 파크,18:30,30.6
최동환,2022,LG,2022-07-06,@ Samsung,RP,,9.0,2.0,1,22,1,1,2,0,1,0,0,,Away,대구 삼성 라이온즈 파크,18:30,30.6
최동환,2022,LG,2022-07-02,vs. Lotte,RP,,9.0,2.0,1,15,1,1,2,0,1,0,0,,Home,잠실 야구장,18:00,33.3
최동환,2022,LG,2022-06-24,@ KT,RP,,0.0,0.0,1,18,0,0,0,0,1,0,0,,Away,수원 KT 위즈파크,18:30,25.6
최동환,2022,LG,2022-06-21,vs. Hanwha,RP,,27.0,4.5,0 ⅔,20,2,2,1,0,0,2,0,,Home,잠실 야구장,18:30,30.9
최동환,2022,LG,2022-06-18,@ Kiwoom,RP,,0.0,0.0,1,8,0,0,0,0,0,0,0,,Away,고척 스카이돔,17:00,25.5
최동환,2022,LG,2022-06-15,vs. Samsung,RP,,0.0,1.0,1,8,0,0,1,0,0,0,0,,Home,잠실 야구장,18:30,22.2
최동환,2022,LG,2022-06-14,vs. Samsung,RP,,0.0,0.0,0 ⅔,2,0,0,0,0,0,0,0,,Home,잠실 야구장,18:30,22.4
최동환,2022,LG,2022-06-12,vs. Doosan,RP,,9.0,2.0,1,13,1,1,1,0,0,1,0,,Home,잠실 야구장,17:00,28.6
최동환,2022,LG,2022-06-10,vs. Doosan,RP,,54.0,6.0,0 ⅓,11,2,2,1,0,0,1,0,,Home,잠실 야구장,18:30,23.4
최동환,2022,LG,2022-06-08,@ Kia,RP,,0.0,,0,10,3,3,3,1,0,0,0,,Away,광주 기아 챔피언스 필드,18:30,23.5
최동환,2022,LG,2022-06-05,vs. SSG,RP,,0.0,0.0,1,6,0,0,0,0,0,0,0,,Home,잠실 야구장,17:00,22.8
최동환,2022,LG,2022-06-03,vs. SSG,RP,,0.0,0.75,1 ⅓,13,0,0,1,0,0,0,0,,Home,잠실 야구장,18:30,27.9
최동환,2022,LG,2022-06-02,@ Lotte,RP,,0.0,1.0,1,15,0,0,1,0,0,0,0,,Away,사직 야구장,18:30,22.6
최동환,2022,LG,2022-05-31,@ Lotte,RP,,0.0,1.0,1,10,0,0,1,0,2,0,0,,Away,사직 야구장,18:30,23.9
최동환,2022,LG,2022-05-29,vs. Samsung,RP,,13.5,3.0,0 ⅔,10,1,1,2,0,0,0,0,,Home,잠실 야구장,14:00,28.1
최동환,2022,LG,2022-05-27,vs. Samsung,RP,,0.0,0.0,0 ⅔,15,0,0,0,0,0,0,0,,Home,잠실 야구장,18:30,22.8
최동환,2022,LG,2022-05-25,vs. Kiwoom,RP,,0.0,0.0,1,14,0,0,0,0,0,0,1,,Home,잠실 야구장,18:30,22.5
최동환,2022,LG,2022-05-24,vs. Kiwoom,RP,,0.0,0.0,1 ⅓,22,0,0,0,0,1,0,0,,Home,잠실 야구장,18:30,27.2
최동환,2022,LG,2022-05-19,@ KT,RP,,0.0,2.0,1,27,0,0,1,0,1,1,0,,Away,수원 KT 위즈파크,18:30,22.1
최동환,2022,LG,2022-05-18,@ KT,RP,,0.0,0.0,1,14,0,0,0,0,0,0,0,,Away,수원 KT 위즈파크,18:30,24.3
최동환,2022,LG,2022-05-13,vs. Kia,RP,,3.38,1.5,2 ⅔,45,1,1,4,0,3,0,0,,Home,잠실 야구장,18:30,21.6
최동환,2022,LG,2022-05-12,vs. Hanwha,RP,,0.0,0.0,1,10,0,0,0,0,0,0,0,,Home,잠실 야구장,18:30,25.2
최동환,2022,LG,2022-05-05,vs. Doosan,RP,,0.0,1.0,2,27,0,0,1,0,0,1,0,,Home,잠실 야구장,14:00,24.8
최동환,2022,LG,2022-04-29,vs. Lotte,RP,,27.0,4.0,1,24,3,3,3,1,2,1,0,,Home,잠실 야구장,18:30,15.0
최동환,2022,LG,2022-04-23,@ Doosan,RP,,0.0,3.0,0 ⅓,5,0,0,1,0,0,0,0,,Away,잠실 야구장,17:00,24.7
최동환,2022,LG,2022-04-21,vs. KT,RP,,0.0,0.6,1 ⅔,27,0,0,0,0,3,1,0,,Home,잠실 야구장,18:30,18.8
최동환,2022,LG,2022-04-19,vs. KT,RP,,0.0,0.0,2,22,0,0,0,0,2,0,0,,Home,잠실 야구장,18:30,18.9
최동환,2022,LG,2022-04-15,@ Hanwha,RP,,0.0,0.5,2,24,0,0,1,0,1,0,0,,Away,대전 한화생명 볼파크,18:30,16.9
최동환,2022,LG,2022-04-12,vs. SSG,RP,,0.0,0.0,1,7,0,0,0,0,0,0,0,,Home,잠실 야구장,18:30,17.9
최동환,2022,LG,2022-04-08,vs. NC,RP,,0.0,0.5,2,34,0,0,0,0,2,1,0,,Home,잠실 야구장,18:30,18.4
최동환,2022,LG,2022-04-06,@ Kiwoom,RP,,0.0,3.0,0 ⅔,18,0,0,1,0,1,1,0,,Away,고척 스카이돔,18:30,25.5
최동환,2021,LG,2021-09-11,@ Doosan,RP,,0.0,0.0,1,15,0,0,0,0,0,0,2,,Away,잠실 야구장,17:00,27.9
최동환,2021,LG,2021-09-08,@ SSG,RP,,0.0,0.0,1,18,0,0,0,0,0,0,0,,Away,인천 SSG 랜더스필드,18:30,25.2
최동환,2021,LG,2021-09-04,vs. KT,RP,,18.0,3.0,1,28,2,2,1,0,2,2,0,,Home,잠실 야구장,17:00,26.8
최동환,2021,LG,2021-09-02,vs. NC,RP,,0.0,1.5,0 ⅔,9,0,0,1,0,0,0,0,,Home,잠실 야구장,18:30,26.3
최동환,2021,LG,2021-05-29,vs. Kiwoom,RP,,27.0,6.0,0 ⅓,9,1,1,1,0,0,1,0,,Home,잠실 야구장,17:00,15.8
최동환,2021,LG,2021-05-26,@ Lotte,RP,,0.0,0.0,1 ⅓,12,0,0,0,0,0,0,0,,Away,사직 야구장,18:30,18.7
최동환,2021,LG,2021-04-10,vs. SSG,RP,,0.0,,0,9,1,1,2,0,0,0,0,,Home,잠실 야구장,17:00,17.0
최동환,2021,LG,2021-04-07,@ KT,RP,,54.0,6.0,0 ⅓,15,2,2,1,0,0,1,0,,Away,수원 KT 위즈파크,18:30,16.7
최동환,2020,LG,2020-10-30,@ SK,RP,,0.0,0.0,1,12,0,0,0,0,2,0,1,,Away,인천 SSG 랜더스필드,18:30,13.9
최동환,2020,LG,2020-10-24,@ NC,RP,,0.0,0.0,1,10,0,0,0,0,1,0,0,,Away,창원 NC 파크,17:00,15.7
최동환,2020,LG,2020-10-16,vs. Kia,RP,,0.0,2.0,1,22,0,0,2,0,0,0,0,,Home,잠실 야구장,18:30,14.4
최동환,2020,LG,2020-10-14,@ Lotte,RP,,0.0,0.0,0 ⅔,8,0,0,0,0,0,0,0,,Away,사직 야구장,18:30,18.2
최동환,2020,LG,2020-10-11,vs. NC,RP,,0.0,0.0,1 ⅓,15,0,0,0,0,0,0,0,,Home,잠실 야구장,14:00,20.3
최동환,2020,LG,2020-10-10,vs. NC,RP,,0.0,1.0,1,19,0,0,1,0,1,0,0,,Home,잠실 야구장,17:00,20.1
최동환,2020,LG,2020-10-07,vs. Samsung,RP,W,0.0,1.0,1,12,0,0,1,0,0,0,0,,Home,잠실 야구장,18:30,19.7
최동환,2020,LG,2020-10-06,vs. Samsung,RP,H,0.0,0.0,1,8,0,0,0,0,0,0,0,,Home,잠실 야구장,18:30,17.1
최동환,2020,LG,2020-10-04,@ KT,RP,,18.0,3.0,1,20,2,2,3,1,0,0,0,,Away,수원 KT 위즈파크,14:00,21.7
최동환,2020,LG,2020-10-03,@ KT,RP,,0.0,0.5,2,19,0,0,1,0,0,0,0,,Away,수원 KT 위즈파크,17:00,21.7
최동환,2020,LG,2020-09-30,vs. Lotte,RP,W,0.0,0.0,0 ⅓,2,0,0,0,0,0,0,0,,Home,잠실 야구장,18:30,22.7
최동환,2020,LG,2020-09-26,@ KT,RP,W,0.0,3.0,0 ⅓,7,0,0,0,0,0,1,0,,Away,수원 KT 위즈파크,17:00,23.0
최동환,2020,LG,2020-09-24,@ NC,RP,L,0.0,,0,10,2,2,2,0,0,0,0,,Away,창원 NC 파크,18:30,23.1
최동환,2020,LG,2020-09-23,vs. SK,RP,H,0.0,1.0,1,22,0,0,1,0,2,0,0,,Home,잠실 야구장,18:30,21.2
최동환,2020,LG,2020-09-20,@ Doosan,RP,H,0.0,0.75,1 ⅓,24,0,0,0,0,0,1,0,,Away,잠실 야구장,14:00,23.8
최동환,2020,LG,2020-09-17,vs. Lotte,RP,,4.5,1.0,2,24,1,1,2,0,3,0,0,,Home,잠실 야구장,18:30,22.2
최동환,2020,LG,2020-09-16,@ Hanwha,RP,,0.0,1.0,1,17,0,0,0,0,3,1,0,,Away,대전 한화생명 볼파크,18:30,25.2
최동환,2020,LG,2020-09-12,vs. Samsung,RP,,0.0,0.0,0 ⅓,6,0,0,0,0,0,0,0,,Home,잠실 야구장,17:00,24.5
최동환,2020,LG,2020-09-06,@ Lotte,RP,,0.0,0.0,1,9,0,0,0,0,0,0,0,,Away,사직 야구장,14:00,23.8
최동환,2020,LG,2020-09-04,vs. NC,RP,,0.0,1.2,1 ⅔,23,0,0,2,0,2,0,0,,Home,잠실 야구장,18:30,25.5
최동환,2020,LG,2020-09-03,vs. NC,RP,,0.0,6.0,0 ⅓,8,0,0,2,0,0,0,0,,Home,잠실 야구장,18:30,25.9
최동환,2020,LG,2020-09-01,@ SK,RP,,0.0,0.0,1,13,0,0,0,0,2,0,0,,Away,인천 SSG 랜더스필드,18:30,29.0
최동환,2020,LG,2020-08-28,vs. KT,RP,,0.0,0.0,1,10,0,0,0,0,2,0,0,,Home,잠실 야구장,18:30,30.9
최동환,2020,LG,2020-08-23,vs. Hanwha,RP,,0.0,0.0,0 ⅓,2,0,0,0,0,0,0,0,,Home,잠실 야구장,17:00,30.1
최동환,2020,LG,2020-08-19,vs. Kia,RP,,0.0,0.0,0 ⅓,5,0,0,0,0,0,0,0,,Home,잠실 야구장,18:30,30.6
최동환,2020,LG,2020-08-18,vs. Kia,RP,,0.0,0.0,1,7,0,0,0,0,0,0,0,,Home,잠실 야구장,18:30,31.1
최동환,2020,LG,2020-08-14,@ NC,RP,,0.0,0.0,1,13,0,0,0,0,1,0,0,,Away,창원 NC 파크,18:30,30.8
최동환,2020,LG,2020-08-11,vs. Kia,RP,,0.0,,0,16,4,4,3,0,0,1,0,,Home,잠실 야구장,18:30,28.5
최동환,2020,LG,2020-08-08,@ Kiwoom,RP,,0.0,0.0,1,7,0,0,0,0,1,0,0,,Away,고척 스카이돔,18:00,25.5
최동환,2020,LG,2020-08-05,@ Kia,RP,H,0.0,0.0,0 ⅔,3,0,0,0,0,0,0,0,,Away,광주 기아 챔피언스 필드,18:30,31.6
최동환,2020,LG,2020-08-04,@ Kia,RP,,0.0,1.0,1,15,0,0,0,0,3,1,0,,Away,광주 기아 챔피언스 필드,18:30,31.4
최동환,2020,LG,2020-07-31,vs. Hanwha,RP,,0.0,0.0,0 ⅔,11,0,0,0,0,0,0,0,,Home,잠실 야구장,18:30,29.7
최동환,2020,LG,2020-07-29,@ SK,RP,,0.0,0.0,0 ⅔,7,0,0,0,0,0,0,0,,Away,인천 SSG 랜더스필드,18:30,27.1
최동환,2020,LG,2020-07-28,@ SK,RP,,0.0,2.0,1,17,0,0,1,0,0,1,0,,Away,인천 SSG 랜더스필드,18:30,27.3
최동환,2020,LG,2020-07-25,@ Doosan,RP,,13.5,3.0,0 ⅔,15,1,1,2,0,1,0,0,,Away,잠실 야구장,18:00,26.9
최동환,2020,LG,2020-07-21,@ KT,RP,,0.0,,0,5,1,1,1,1,0,0,0,,Away,수원 KT 위즈파크,18:30,28.1
최동환,2020,LG,2020-07-17,vs. Hanwha,RP,,0.0,0.0,1,11,0,0,0,0,1,0,0,,Home,잠실 야구장,18:30,29.3
최동환,2020,LG,2020-07-15,@ Lotte,RP,,5.4,1.8,1 ⅔,29,1,1,2,1,1,1,0,,Away,사직 야구장,18:30,21.7
최동환,2020,LG,2020-07-11,vs. NC,RP,,0.0,0.0,1,10,0,0,0,0,1,0,0,,Home,잠실 야구장,18:00,28.6
최동환,2020,LG,2020-07-07,@ Doosan,RP,,13.5,3.0,0 ⅔,13,1,1,2,1,0,0,0,,Away,잠실 야구장,18:30,28.0
최동환,2020,LG,2020-07-03,@ Samsung,RP,,0.0,0.0,0 ⅔,3,0,0,0,0,0,0,0,,Away,대구 삼성 라이온즈 파크,18:30,23.2
최동환,2020,LG,2020-06-30,vs. KT,RP,W,0.0,0.0,2,20,0,0,0,0,1,0,0,,Home,잠실 야구장,18:30,22.6
최동환,2020,LG,2020-06-25,vs. Kiwoom,RP,,0.0,0.0,0 ⅔,9,0,0,0,0,0,0,0,,Home,잠실 야구장,18:30,24.4
최동환,2020,LG,2020-06-23,vs. Kiwoom,RP,,9.0,2.0,3,42,3,3,5,2,4,1,0,,Home,잠실 야구장,18:30,28.1
최동환,2020,LG,2020-06-19,vs. Doosan,RP,,4.91,2.18,3 ⅔,59,2,2,7,0,2,1,0,,Home,잠실 야구장,18:30,28.7
최동환,2020,LG,2020-06-13,vs. Lotte,RP,,0.0,3.0,1,19,0,0,2,0,1,1,0,,Home,잠실 야구장,17:00,30.7
최동환,2020,LG,2020-06-12,vs. Lotte,RP,,0.0,1.5,2,20,0,0,2,0,0,1,0,,Home,잠실 야구장,18:30,26.8
최동환,2020,LG,2020-06-03,vs. Samsung,RP,,4.5,1.5,2,28,2,1,3,0,2,0,0,,Home,잠실 야구장,18:30,26.6
최동환,2020,LG,2020-05-30,@ Kia,RP,,0.0,0.0,1,11,0,0,0,0,0,0,0,,Away,광주 기아 챔피언스 필드,17:00,24.8
최동환,2020,LG,2020-05-22,vs. KT,RP,,0.0,,0,1,0,0,0,0,0,0,1,,Home,잠실 야구장,18:30,19.9
최동환,2020,LG,2020-05-17,vs. Kiwoom,RP,,9.0,2.0,2,29,2,2,4,0,3,0,0,,Home,잠실 야구장,14:00,22.0
최동환,2020,LG,2020-05-13,vs. SK,RP,,4.5,2.0,2,19,1,1,3,0,1,1,0,,Home,잠실 야구장,18:30,20.0
최동환,2020,LG,2020-05-08,@ NC,RP,,0.0,0.0,0 ⅔,15,0,0,0,0,0,0,0,,Away,창원 NC 파크,18:30,19.9
최동환,2020,LG,2020-05-06,vs. Doosan,RP,,0.0,0.0,1 ⅓,9,0,0,0,0,1,0,0,,Home,잠실 야구장,18:30,25.9
쿠에바스,2024,KT,2024-09-27,vs. Kiwoom,SP,,10.8,2.1,3 ⅓,57,4,4,5,1,1,2,0,33.0,Home,수원 KT 위즈파크,18:30,26.0
쿠에바스,2024,KT,2024-09-19,vs. Samsung,SP,,9.0,2.75,4,82,4,4,8,1,4,3,0,31.0,Home,수원 KT 위즈파크,18:30,32.1
쿠에바스,2024,KT,2024-09-12,vs. NC,SP,W,3.0,1.33,6,88,2,2,6,0,6,2,0,56.0,Home,수원 KT 위즈파크,18:30,29.3
쿠에바스,2024,KT,2024-09-07,vs. Doosan,SP,L,9.0,1.67,3,60,4,3,4,1,2,1,2,36.0,Home,수원 KT 위즈파크,17:00,30.0
쿠에바스,2024,KT,2024-08-31,@ Hanwha,SP,W,1.5,0.67,6,100,1,1,3,1,9,1,0,70.0,Away,대전 한화생명 볼파크,18:00,29.7
쿠에바스,2024,KT,2024-08-25,@ SSG,SP,L,4.05,1.2,6 ⅔,112,4,3,8,1,4,0,0,48.0,Away,인천 SSG 랜더스필드,17:00,32.8
쿠에바스,2024,KT,2024-08-20,vs. Kiwoom,SP,,0.0,0.57,7,104,1,0,3,0,7,1,1,74.0,Home,수원 KT 위즈파크,18:30,33.8
쿠에바스,2024,KT,2024-08-14,@ Samsung,SP,,1.5,1.17,6,100,1,1,4,0,9,3,0,66.0,Away,대구 삼성 라이온즈 파크,18:30,31.9
쿠에바스,2024,KT,2024-08-08,@ Kia,SP,,0.0,0.71,7,95,0,0,3,0,2,2,0,71.0,Away,광주 기아 챔피언스 필드,18:30,31.1
쿠에바스,2024,KT,2024-08-04,@ NC,SP,L,36.0,5.0,1,36,4,4,3,0,0,2,0,29.0,Away,창원 NC 파크,17:00,32.6
쿠에바스,2024,KT,2024-07-30,vs. Hanwha,SP,L,9.0,1.67,6,94,6,6,8,0,1,2,0,31.0,Home,수원 KT 위즈파크,18:30,32.4
쿠에바스,2024,KT,2024-07-24,vs. SSG,SP,,0.0,1.2,5,94,1,0,5,0,3,1,1,56.0,Home,수원 KT 위즈파크,18:30,31.2
쿠에바스,2024,KT,2024-07-17,@ Kiwoom,SP,W,0.0,1.17,6,107,1,0,3,0,5,4,0,65.0,Away,고척 스카이돔,18:30,25.5
쿠에바스,2024,KT,2024-07-11,vs. Doosan,SP,L,9.0,2.0,5,86,5,5,8,2,3,2,1,31.0,Home,수원 KT 위즈파크,18:30,27.8
쿠에바스,2024,KT,2024-07-02,@ Hanwha,SP,,4.5,1.33,6,100,3,3,7,0,4,1,1,48.0,Away,대전 한화생명 볼파크,18:30,27.6
쿠에바스,2024,KT,2024-06-20,vs. Lotte,SP,,6.0,2.0,6,105,4,4,9,1,4,3,0,39.0,Home,수원 KT 위즈파크,18:30,29.6
쿠에바스,2024,KT,2024-06-14,vs. Kia,SP,L,36.0,6.5,2,91,8,8,6,1,2,7,0,7.0,Home,수원 KT 위즈파크,18:30,25.8
쿠에바스,2024,KT,2024-06-08,vs. LG,SP,L,12.6,2.2,5,98,7,7,8,1,3,3,0,23.0,Home,수원 KT 위즈파크,17:00,25.1
쿠에바스,2024,KT,2024-06-02,@ Kia,SP,W,0.0,0.43,7,95,0,0,2,0,5,1,0,77.0,Away,광주 기아 챔피언스 필드,17:00,22.9
쿠에바스,2024,KT,2024-05-28,@ Doosan,SP,W,1.5,0.67,6,91,1,1,3,0,7,1,1,67.0,Away,잠실 야구장,18:30,25.5
쿠에바스,2024,KT,2024-05-22,@ Samsung,SP,L,3.86,0.86,7,104,3,3,5,1,9,1,0,63.0,Away,대구 삼성 라이온즈 파크,18:30,19.8
쿠에바스,2024,KT,2024-05-16,vs. Lotte,SP,L,1.29,0.71,7,95,2,1,3,0,6,2,0,69.0,Home,수원 KT 위즈파크,18:30,18.5
쿠에바스,2024,KT,2024-05-09,vs. NC,SP,W,1.5,0.67,6,94,1,1,3,0,6,1,0,67.0,Home,수원 KT 위즈파크,18:30,19.3
쿠에바스,2024,KT,2024-05-03,vs. Kiwoom,SP,,1.29,0.43,7,98,1,1,2,1,6,1,0,74.0,Home,수원 KT 위즈파크,18:30,21.8
쿠에바스,2024,KT,2024-04-27,@ SSG,SP,W,1.5,1.17,6,102,1,1,5,0,11,2,0,67.0,Away,인천 SSG 랜더스필드,17:00,20.2
쿠에바스,2024,KT,2024-04-21,@ Lotte,SP,,4.26,1.26,6 ⅓,102,3,3,6,2,3,2,0,50.0,Away,사직 야구장,14:00,17.6
쿠에바스,2024,KT,2024-04-16,@ Kiwoom,SP,L,4.5,1.5,6,101,4,3,5,1,8,4,0,52.0,Away,고척 스카이돔,18:30,25.5
쿠에바스,2024,KT,2024-04-10,@ NC,SP,L,3.0,1.0,6,99,2,2,6,1,4,0,0,56.0,Away,창원 NC 파크,18:30,13.5
쿠에바스,2024,KT,2024-04-04,vs. Kia,SP,L,7.5,2.0,6,108,5,5,10,0,5,2,0,35.0,Home,수원 KT 위즈파크,18:30,16.5
쿠에바스,2024,KT,2024-03-29,@ Hanwha,SP,,2.57,0.57,7,83,2,2,4,0,8,0,0,69.0,Away,대전 한화생명 볼파크,18:30,11.7
쿠에바스,2024,KT,2024-03-23,vs. Samsung,SP,,1.8,1.0,5,75,1,1,3,1,7,2,0,62.0,Home,수원 KT 위즈파크,14:00,18.1
쿠에바스,2023,KT,2023-10-08,vs. Hanwha,SP,W,0.0,0.57,7,98,0,0,2,0,8,2,0,79.0,Home,수원 KT 위즈파크,14:00,19.4
쿠에바스,2023,KT,2023-10-01,vs. Kiwoom,SP,W,3.52,0.91,7 ⅔,110,3,3,6,1,6,1,1,59.0,Home,수원 KT 위즈파크,14:00,22.3
쿠에바스,2023,KT,2023-09-23,@ Kia,SP,W,1.08,0.48,8 ⅓,112,1,1,1,0,7,3,1,80.0,Away,광주 기아 챔피언스 필드,17:00,24.6
쿠에바스,2023,KT,2023-09-17,@ Hanwha,SP,W,0.0,1.29,7,94,0,0,7,0,5,2,0,66.0,Away,대전 한화생명 볼파크,14:00,29.3
쿠에바스,2023,KT,2023-09-10,vs. SSG,SP,,4.5,1.83,6,101,3,3,10,1,4,1,0,43.0,Home,수원 KT 위즈파크,14:00,28.7
쿠에바스,2023,KT,2023-09-05,vs. LG,SP,,12.0,3.0,3,56,4,4,7,1,0,2,0,27.0,Home,수원 KT 위즈파크,18:30,31.2
쿠에바스,2023,KT,2023-08-27,@ Lotte,SP,W,1.13,0.88,8,103,1,1,6,0,6,1,0,71.0,Away,사직 야구장,17:00,30.3
쿠에바스,2023,KT,2023-08-20,@ Hanwha,SP,W,0.0,0.43,7,97,0,0,3,0,11,0,0,82.0,Away,대전 한화생명 볼파크,17:00,32.9
쿠에바스,2023,KT,2023-08-15,@ Doosan,SP,W,0.0,0.57,7,100,0,0,2,0,7,2,0,78.0,Away,잠실 야구장,18:30,31.4
쿠에바스,2023,KT,2023-08-08,vs. Hanwha,SP,W,1.29,0.71,7,99,1,1,5,0,8,0,0,71.0,Home,수원 KT 위즈파크,18:30,34.1
쿠에바스,2023,KT,2023-08-02,vs. SSG,SP,W,0.0,0.86,7,89,0,0,6,0,5,0,0,70.0,Home,수원 KT 위즈파크,18:30,31.6
쿠에바스,2023,KT,2023-07-27,vs. LG,SP,,18.0,3.0,3,72,6,6,7,1,0,2,0,19.0,Home,수원 KT 위즈파크,18:30,32.5
쿠에바스,2023,KT,2023-07-21,@ Samsung,SP,W,1.13,0.63,8,98,1,1,5,0,10,0,0,78.0,Away,대구 삼성 라이온즈 파크,18:30,27.6
쿠에바스,2023,KT,2023-07-12,@ Kiwoom,SP,W,4.05,1.5,6 ⅔,99,3,3,7,0,7,3,0,52.0,Away,고척 스카이돔,18:30,25.5
쿠에바스,2023,KT,2023-07-06,@ LG,SP,,7.2,1.8,5,87,4,4,7,0,3,2,0,38.0,Away,잠실 야구장,18:30,30.9
쿠에바스,2023,KT,2023-06-30,vs. NC,SP,,3.0,1.0,6,92,2,2,5,0,4,1,0,57.0,Home,수원 KT 위즈파크,18:30,29.5
쿠에바스,2023,KT,2023-06-23,@ Kia,SP,W,1.5,0.83,6,79,1,1,4,0,6,1,0,65.0,Away,광주 기아 챔피언스 필드,18:30,30.8
쿠에바스,2023,KT,2023-06-17,vs. Samsung,SP,,5.79,1.29,4 ⅔,80,3,3,5,0,3,1,0,44.0,Home,수원 KT 위즈파크,17:00,25.1
쿠에바스,2022,KT,2022-04-08,@ Hanwha,SP,,3.6,1.0,5,97,2,2,1,1,5,4,1,57.0,Away,대전 한화생명 볼파크,18:30,20.8
쿠에바스,2022,KT,2022-04-02,vs. Samsung,SP,W,1.5,0.33,6,70,1,1,1,0,3,1,0,68.0,Home,수원 KT 위즈파크,14:00,13.7
쿠에바스,2021,KT,2021-10-28,vs. NC,SP,W,2.57,1.57,7,108,2,2,9,0,12,2,0,61.0,Home,수원 KT 위즈파크,18:30,16.2
쿠에바스,2021,KT,2021-10-23,@ Samsung,SP,L,4.26,1.58,6 ⅓,94,3,3,9,2,3,1,0,45.0,Away,대구 삼성 라이온즈 파크,17:00,17.2
쿠에바스,2021,KT,2021-10-17,vs. Hanwha,SP,,1.29,0.71,7,112,1,1,5,0,10,0,0,73.0,Home,수원 KT 위즈파크,14:00,8.4
쿠에바스,2021,KT,2021-10-12,@ Doosan,SP,,1.5,1.17,6,105,1,1,5,0,8,2,1,63.0,Away,잠실 야구장,18:30,19.3
쿠에바스,2021,KT,2021-10-02,@ SSG,SP,,1.29,1.0,7,109,1,1,4,0,12,3,0,74.0,Away,인천 SSG 랜더스필드,17:00,24.0
쿠에바스,2021,KT,2021-09-21,@ Kia,SP,W,5.14,1.57,7,110,5,4,7,1,4,4,0,45.0,Away,광주 기아 챔피언스 필드,18:30,26.5
쿠에바스,2021,KT,2021-09-15,@ Doosan,SP,L,16.2,2.4,3 ⅓,66,6,6,8,1,2,0,1,21.0,Away,잠실 야구장,18:30,25.4
쿠에바스,2021,KT,2021-09-09,@ Samsung,SP,,6.0,1.33,6,99,4,4,7,1,7,1,0,48.0,Away,대구 삼성 라이온즈 파크,18:30,26.1
쿠에바스,2021,KT,2021-09-03,@ Kiwoom,SP,W,0.0,0.67,6,82,1,0,2,0,7,2,0,71.0,Away,고척 스카이돔,18:30,25.5
쿠에바스,2021,KT,2021-08-14,vs. Samsung,SP,W,1.5,0.5,6,83,1,1,3,0,7,0,0,69.0,Home,수원 KT 위즈파크,18:00,29.1
쿠에바스,2021,KT,2021-07-08,@ Samsung,SP,W,0.0,0.71,7,97,0,0,4,0,7,1,0,75.0,Away,대구 삼성 라이온즈 파크,18:30,25.3
쿠에바스,2021,KT,2021-07-02,vs. Kiwoom,SP,W,1.17,1.04,7 ⅔,107,1,1,4,0,5,4,0,68.0,Home,수원 KT 위즈파크,18:30,30.1
쿠에바스,2021,KT,2021-06-25,@ Hanwha,SP,W,0.0,0.6,5,73,0,0,2,0,7,1,0,69.0,Away,대전 한화생명 볼파크,18:30,29.4
쿠에바스,2021,KT,2021-06-19,vs. Doosan,SP,L,8.53,2.21,6 ⅓,110,6,6,9,2,6,5,0,32.0,Home,수원 KT 위즈파크,17:00,26.7
쿠에바스,2021,KT,2021-06-13,vs. Hanwha,SP,W,4.5,1.5,6,100,3,3,7,0,6,2,0,50.0,Home,수원 KT 위즈파크,17:00,27.4
쿠에바스,2021,KT,2021-06-06,vs. Lotte,SP,,3.6,1.8,5,92,2,2,4,0,6,5,0,52.0,Home,수원 KT 위즈파크,17:00,27.2
쿠에바스,2021,KT,2021-05-30,@ Kia,SP,,4.05,1.2,6 ⅔,102,3,3,4,0,5,4,0,55.0,Away,광주 기아 챔피언스 필드,14:00,28.7
쿠에바스,2021,KT,2021-05-19,vs. Doosan,SP,W,9.0,1.6,5,92,5,5,6,1,4,2,1,36.0,Home,수원 KT 위즈파크,18:30,24.5
쿠에바스,2021,KT,2021-05-11,vs. Samsung,SP,,3.6,1.8,5,110,6,2,6,1,6,3,0,42.0,Home,수원 KT 위즈파크,18:30,22.8
쿠에바스,2021,KT,2021-05-05,@ Kiwoom,SP,L,19.29,2.57,4 ⅔,100,10,10,10,2,4,2,0,6.0,Away,고척 스카이돔,14:00,25.5
쿠에바스,2021,KT,2021-04-28,@ SSG,SP,,0.0,1.6,5,87,0,0,5,0,2,3,0,56.0,Away,인천 SSG 랜더스필드,18:30,14.4
쿠에바스,2021,KT,2021-04-21,@ NC,SP,L,8.31,2.31,4 ⅓,79,4,4,8,0,3,2,0,32.0,Away,창원 NC 파크,18:30,19.9
쿠에바스,2021,KT,2021-04-15,@ Doosan,SP,,4.5,1.25,4,74,3,2,3,0,4,2,0,48.0,Away,잠실 야구장,18:30,15.9
쿠에바스,2020,KT,2020-10-28,@ Kia,SP,,3.38,0.88,8,99,3,3,7,1,4,0,0,60.0,Away,광주 기아 챔피언스 필드,18:30,16.2
쿠에바스,2020,KT,2020-10-22,@ Doosan,SP,,6.0,2.0,3,46,2,2,4,0,1,2,0,42.0,Away,잠실 야구장,18:30,14.4
쿠에바스,2020,KT,2020-10-15,vs. Kiwoom,SP,L,1.5,1.0,6,99,4,1,5,0,7,1,0,58.0,Home,수원 KT 위즈파크,18:30,13.4
쿠에바스,2020,KT,2020-10-10,vs. Doosan,SP,L,16.2,2.4,3 ⅓,51,6,6,4,2,1,4,0,25.0,Home,수원 KT 위즈파크,17:00,19.6
쿠에바스,2020,KT,2020-10-04,vs. LG,SP,,7.5,1.33,6,99,6,5,6,1,4,2,1,39.0,Home,수원 KT 위즈파크,14:00,21.7
쿠에바스,2020,KT,2020-09-29,@ Samsung,SP,W,1.13,1.13,8,109,1,1,9,0,7,0,0,67.0,Away,대구 삼성 라이온즈 파크,18:30,21.5
쿠에바스,2020,KT,2020-09-23,@ Lotte,SP,W,5.4,2.2,5,98,3,3,8,1,3,3,0,39.0,Away,사직 야구장,18:30,21.7
쿠에바스,2020,KT,2020-09-17,vs. Doosan,SP,W,0.0,0.75,8,98,0,0,6,0,4,0,0,74.0,Home,수원 KT 위즈파크,18:30,22.6
쿠에바스,2020,KT,2020-09-11,@ NC,SP,L,15.43,2.57,4 ⅔,107,8,8,10,2,4,2,0,14.0,Away,창원 NC 파크,18:30,25.2
쿠에바스,2020,KT,2020-09-05,@ Kiwoom,SP,W,1.04,0.58,8 ⅔,118,1,1,5,0,7,0,0,77.0,Away,고척 스카이돔,17:00,25.5
쿠에바스,2020,KT,2020-08-30,@ Kia,SP,L,4.5,1.83,6,92,6,3,9,1,1,2,0,35.0,Away,광주 기아 챔피언스 필드,17:00,32.5
쿠에바스,2020,KT,2020-08-24,vs. NC,SP,W,0.0,1.0,6,87,0,0,5,0,2,1,1,62.0,Home,수원 KT 위즈파크,18:30,31.3
쿠에바스,2020,KT,2020-08-18,@ Samsung,SP,,1.5,1.17,6,103,2,1,4,0,3,3,1,57.0,Away,대구 삼성 라이온즈 파크,18:30,30.7
쿠에바스,2020,KT,2020-08-12,vs. SK,SP,L,15.0,1.67,3,56,5,5,3,1,1,2,0,32.0,Home,수원 KT 위즈파크,18:30,31.0
쿠에바스,2020,KT,2020-08-06,@ Kiwoom,SP,L,4.76,1.59,5 ⅔,102,3,3,6,1,2,3,0,44.0,Away,고척 스카이돔,18:30,25.5
쿠에바스,2020,KT,2020-07-31,vs. SK,SP,,0.0,1.88,2 ⅔,70,0,0,1,0,2,4,0,54.0,Home,수원 KT 위즈파크,18:30,29.6
쿠에바스,2020,KT,2020-07-24,vs. NC,SP,,1.29,0.57,7,106,1,1,3,1,9,1,0,75.0,Home,수원 KT 위즈파크,18:30,26.0
쿠에바스,2020,KT,2020-07-16,vs. Hanwha,SP,W,1.29,0.71,7,97,1,1,5,0,7,0,0,70.0,Home,수원 KT 위즈파크,18:30,26.8
쿠에바스,2020,KT,2020-07-10,vs. Samsung,SP,W,1.5,1.5,6,115,1,1,5,0,6,4,0,60.0,Home,수원 KT 위즈파크,18:30,29.4
쿠에바스,2020,KT,2020-07-04,vs. Kiwoom,SP,,7.11,1.26,6 ⅓,93,5,5,7,1,3,1,0,41.0,Home,수원 KT 위즈파크,18:00,26.2
쿠에바스,2020,KT,2020-06-27,@ Hanwha,SP,W,3.0,1.33,6,102,2,2,5,0,4,3,0,55.0,Away,대전 한화생명 볼파크,17:00,29.8
쿠에바스,2020,KT,2020-06-21,vs. Lotte,SP,W,0.0,0.71,7,85,0,0,5,0,5,0,0,72.0,Home,수원 KT 위즈파크,17:00,28.8
쿠에바스,2020,KT,2020-05-30,@ Kiwoom,SP,L,10.38,2.31,4 ⅓,93,5,5,8,2,2,2,0,27.0,Away,고척 스카이돔,17:00,25.5
쿠에바스,2020,KT,2020-05-24,@ LG,SP,,5.14,1.43,7,105,4,4,7,0,5,3,1,48.0,Away,잠실 야구장,14:00,19.5
쿠에바스,2020,KT,2020-05-19,vs. Hanwha,SP,W,5.68,0.95,6 ⅓,102,4,4,5,0,7,1,2,51.0,Home,수원 KT 위즈파크,18:30,16.0
쿠에바스,2020,KT,2020-05-13,@ NC,SP,,1.5,1.0,6,105,1,1,4,1,4,2,2,60.0,Away,창원 NC 파크,18:30,22.2
쿠에바스,2020,KT,2020-05-06,vs. Lotte,SP,L,10.8,1.2,5,81,6,6,6,1,5,0,1,35.0,Home,수원 KT 위즈파크,18:30,23.1
헤이수스,2024,Kiwoom,2024-09-24,vs. Hanwha,SP,,3.0,1.5,6,97,2,2,7,1,5,2,0,53.0,Home,고척 스카이돔,18:30,25.5
헤이수스,2024,Kiwoom,2024-09-15,@ Kia,SP,W,5.4,2.0,5,99,3,3,10,1,5,0,0,40.0,Away,광주 기아 챔피언스 필드,14:00,33.5
헤이수스,2024,Kiwoom,2024-09-10,vs. Doosan,SP,W,0.0,0.57,7,107,0,0,3,0,8,1,0,78.0,Home,고척 스카이돔,18:30,25.5
헤이수스,2024,Kiwoom,2024-09-04,@ NC,SP,L,18.0,3.0,4,95,8,8,8,2,4,4,2,16.0,Away,창원 NC 파크,18:30,28.6
헤이수스,2024,Kiwoom,2024-08-27,vs. Samsung,SP,L,1.5,0.83,6,97,1,1,5,0,5,0,1,62.0,Home,고척 스카이돔,18:30,25.5
헤이수스,2024,Kiwoom,2024-08-21,@ KT,SP,L,3.0,1.17,6,95,2,2,5,1,9,2,0,61.0,Away,수원 KT 위즈파크,18:30,31.8
헤이수스,2024,Kiwoom,2024-08-15,vs. Kia,SP,L,9.0,1.6,5,100,5,5,8,2,7,0,1,37.0,Home,고척 스카이돔,18:30,25.5
헤이수스,2024,Kiwoom,2024-08-09,@ Hanwha,SP,,4.5,1.33,6,102,4,3,6,2,8,2,0,52.0,Away,대전 한화생명 볼파크,18:30,32.4
헤이수스,2024,Kiwoom,2024-08-03,@ Doosan,SP,W,1.5,1.17,6,101,1,1,7,1,6,0,2,58.0,Away,잠실 야구장,18:00,34.1
헤이수스,2024,Kiwoom,2024-07-28,vs. Kia,SP,,0.0,0.86,7,96,0,0,5,0,5,1,0,71.0,Home,고척 스카이돔,14:00,25.5
헤이수스,2024,Kiwoom,2024-07-23,@ Doosan,SP,L,7.94,2.12,5 ⅔,100,5,5,9,1,3,3,0,31.0,Away,잠실 야구장,18:30,29.6
헤이수스,2024,Kiwoom,2024-07-17,vs. KT,SP,L,8.31,1.85,4 ⅓,100,5,4,7,1,6,1,0,36.0,Home,고척 스카이돔,18:30,25.5
헤이수스,2024,Kiwoom,2024-07-10,vs. Hanwha,SP,L,3.0,1.0,6,94,2,2,5,0,5,1,0,58.0,Home,고척 스카이돔,18:30,25.5
헤이수스,2024,Kiwoom,2024-07-03,vs. LG,SP,W,0.0,1.0,6,91,0,0,4,0,8,2,0,70.0,Home,고척 스카이돔,18:30,25.5
헤이수스,2024,Kiwoom,2024-06-27,vs. NC,SP,W,4.5,1.67,6,104,7,3,10,2,10,0,1,41.0,Home,고척 스카이돔,18:30,25.5
헤이수스,2024,Kiwoom,2024-06-21,vs. Lotte,SP,W,0.0,0.67,6,97,0,0,2,0,6,2,0,72.0,Home,고척 스카이돔,18:30,25.5
헤이수스,2024,Kiwoom,2024-06-15,vs. Doosan,SP,,1.5,1.5,6,96,1,1,6,0,5,3,0,58.0,Home,고척 스카이돔,17:00,25.5
헤이수스,2024,Kiwoom,2024-06-09,vs. Samsung,SP,L,6.75,1.5,5 ⅓,91,4,4,5,0,9,3,1,47.0,Home,고척 스카이돔,14:00,25.5
헤이수스,2024,Kiwoom,2024-06-04,@ LG,SP,W,0.0,0.67,6,106,1,0,3,0,5,1,0,68.0,Away,잠실 야구장,18:30,25.9
헤이수스,2024,Kiwoom,2024-05-29,@ Samsung,SP,W,7.2,1.4,5,71,4,4,6,3,4,1,0,42.0,Away,대구 삼성 라이온즈 파크,18:30,21.3
헤이수스,2024,Kiwoom,2024-05-23,vs. NC,SP,,2.84,0.79,6 ⅓,90,2,2,3,2,4,2,1,60.0,Home,고척 스카이돔,18:30,25.5
헤이수스,2024,Kiwoom,2024-05-17,vs. SSG,SP,,7.71,2.36,4 ⅔,98,4,4,7,0,6,4,1,35.0,Home,고척 스카이돔,18:30,25.5
헤이수스,2024,Kiwoom,2024-05-11,@ Hanwha,SP,W,0.0,0.83,6,103,0,0,3,0,3,2,0,67.0,Away,대전 한화생명 볼파크,17:00,23.9
헤이수스,2024,Kiwoom,2024-04-30,@ Lotte,SP,W,4.05,1.2,6 ⅔,96,3,3,8,0,5,0,2,49.0,Away,사직 야구장,18:30,16.7
헤이수스,2024,Kiwoom,2024-04-24,vs. Kia,SP,L,4.5,0.83,6,84,3,3,5,0,7,0,0,57.0,Home,고척 스카이돔,18:30,25.5
헤이수스,2024,Kiwoom,2024-04-18,vs. KT,SP,L,5.4,2.2,5,90,3,3,9,0,4,2,0,39.0,Home,고척 스카이돔,18:30,25.5
헤이수스,2024,Kiwoom,2024-04-12,vs. Lotte,SP,W,0.0,0.17,6,77,0,0,1,0,10,0,0,80.0,Home,고척 스카이돔,18:30,25.5
헤이수스,2024,Kiwoom,2024-04-06,vs. Hanwha,SP,W,4.5,1.0,6,84,3,3,4,2,3,2,0,53.0,Home,고척 스카이돔,17:00,25.5
헤이수스,2024,Kiwoom,2024-03-31,vs. LG,SP,W,0.0,0.57,7,85,0,0,4,0,7,0,0,76.0,Home,고척 스카이돔,14:00,25.5
헤이수스,2024,Kiwoom,2024-03-26,@ NC,SP,L,10.8,2.7,3 ⅓,86,5,4,6,1,6,3,2,31.0,Away,창원 NC 파크,18:30,11.2
김민수,2024,KT,2024-09-27,vs. Kiwoom,RP,,5.4,0.6,1 ⅔,20,1,1,1,0,2,0,0,,Home,수원 KT 위즈파크,18:30,26.0
김민수,2024,KT,2024-09-24,vs. Lotte,RP,,0.0,2.0,1,12,0,0,0,0,0,2,0,,Home,수원 KT 위즈파크,18:30,23.7
김민수,2024,KT,2024-09-22,vs. SSG,RP,,6.75,0.75,1 ⅓,22,1,1,1,1,2,0,0,,Home,수원 KT 위즈파크,14:00,25.0
김민수,2024,KT,2024-09-21,vs. SSG,RP,,0.0,0.0,1,12,0,0,0,0,0,0,0,,Home,수원 KT 위즈파크,17:00,23.4
김민수,2024,KT,2024-09-19,vs. Samsung,RP,,0.0,0.0,0 ⅓,4,0,0,0,0,0,0,0,,Home,수원 KT 위즈파크,18:30,32.1
김민수,2024,KT,2024-09-18,vs. Samsung,RP,,6.75,2.25,1 ⅓,28,1,1,2,0,1,1,0,,Home,수원 KT 위즈파크,18:30,32.3
김민수,2024,KT,2024-09-16,vs. Kia,RP,,27.0,6.0,0 ⅓,13,2,1,2,1,1,0,0,,Home,수원 KT 위즈파크,18:30,31.3
김민수,2024,KT,2024-09-12,vs. NC,RP,,0.0,2.0,1,13,0,0,1,0,0,1,0,,Home,수원 KT 위즈파크,18:30,29.3
김민수,2024,KT,2024-09-10,vs. NC,RP,,13.5,6.0,0 ⅔,35,1,1,2,0,0,2,0,,Home,수원 KT 위즈파크,18:30,31.5
김민수,2024,KT,2024-09-06,@ NC,RP,,0.0,0.0,0 ⅓,3,0,0,0,0,0,0,0,,Away,창원 NC 파크,18:30,28.7
김민수,2024,KT,2024-09-04,@ Lotte,RP,,0.0,1.0,1,14,0,0,0,0,0,1,0,,Away,사직 야구장,18:30,28.5
김민수,2024,KT,2024-08-31,@ Hanwha,RP,H,27.0,6.0,0 ⅓,14,1,1,1,0,1,1,0,,Away,대전 한화생명 볼파크,18:00,29.7
김민수,2024,KT,2024-08-29,@ LG,RP,,0.0,0.0,0 ⅔,7,0,0,0,0,1,0,0,,Away,잠실 야구장,18:30,31.7
김민수,2024,KT,2024-08-28,@ LG,RP,,18.0,2.0,1,26,2,2,1,0,1,1,0,,Away,잠실 야구장,18:30,31.7
김민수,2024,KT,2024-08-23,@ SSG,RP,,54.0,6.0,0 ⅓,12,2,2,2,1,1,0,0,,Away,인천 SSG 랜더스필드,18:30,30.1
김민수,2024,KT,2024-08-22,vs. Kiwoom,RP,W,0.0,1.0,1,12,0,0,1,0,2,0,0,,Home,수원 KT 위즈파크,18:30,30.4
김민수,2024,KT,2024-08-21,vs. Kiwoom,RP,H,0.0,0.0,2,13,0,0,0,0,1,0,0,,Home,수원 KT 위즈파크,18:30,31.8
김민수,2024,KT,2024-08-18,vs. Doosan,RP,,13.5,1.5,0 ⅔,13,1,1,1,0,0,0,0,,Home,수원 KT 위즈파크,17:00,29.9
김민수,2024,KT,2024-08-17,vs. Doosan,RP,,0.0,0.75,1 ⅓,21,0,0,0,0,1,1,0,,Home,수원 KT 위즈파크,18:00,32.0
김민수,2024,KT,2024-08-14,@ Samsung,RP,L,0.0,1.0,1,25,2,0,0,0,2,1,0,,Away,대구 삼성 라이온즈 파크,18:30,31.9
김민수,2024,KT,2024-08-10,vs. Lotte,RP,,6.75,3.0,1 ⅓,25,1,1,2,0,1,2,0,,Home,수원 KT 위즈파크,18:00,32.5
김민수,2024,KT,2024-08-08,@ Kia,RP,W,0.0,1.0,2,24,0,0,1,0,3,1,0,,Away,광주 기아 챔피언스 필드,18:30,31.1
김민수,2024,KT,2024-08-06,@ Kia,RP,,0.0,0.0,1,13,0,0,0,0,2,0,0,,Away,광주 기아 챔피언스 필드,18:30,32.6
김민수,2024,KT,2024-08-02,@ NC,RP,,0.0,0.0,1,13,0,0,0,0,3,0,0,,Away,창원 NC 파크,18:30,34.2
김민수,2024,KT,2024-07-31,vs. Hanwha,RP,,27.0,3.0,1,22,3,3,2,1,2,1,0,,Home,수원 KT 위즈파크,18:30,32.7
김민수,2024,KT,2024-07-30,vs. Hanwha,RP,,0.0,2.0,1,19,0,0,2,0,1,0,0,,Home,수원 KT 위즈파크,18:30,32.4
김민수,2024,KT,2024-07-27,@ Samsung,RP,,0.0,0.0,1 ⅓,14,0,0,0,0,1,0,0,,Away,대구 삼성 라이온즈 파크,18:00,31.3
김민수,2024,KT,2024-07-24,vs. SSG,RP,,13.5,1.5,0 ⅔,11,2,1,1,0,1,0,0,,Home,수원 KT 위즈파크,18:30,31.2
김민수,2024,KT,2024-07-21,vs. NC,RP,,0.0,1.0,1,10,0,0,1,0,0,0,0,,Home,수원 KT 위즈파크,17:00,31.7
김민수,2024,KT,2024-07-17,@ Kiwoom,RP,,5.4,1.8,1 ⅔,25,1,1,3,1,2,0,0,,Away,고척 스카이돔,18:30,25.5
김민수,2024,KT,2024-07-12,@ Lotte,RP,,0.0,0.0,1,12,0,0,0,0,1,0,0,,Away,사직 야구장,18:30,27.3
김민수,2024,KT,2024-07-10,vs. Doosan,RP,,0.0,1.5,0 ⅔,15,0,0,0,0,0,1,0,,Home,수원 KT 위즈파크,18:30,29.1
김민수,2024,KT,2024-07-04,@ Hanwha,RP,L,27.0,5.0,1,20,5,3,5,0,0,0,0,,Away,대전 한화생명 볼파크,18:30,31.8
김민수,2024,KT,2024-07-02,@ Hanwha,RP,,0.0,0.0,1,15,0,0,0,0,2,0,0,,Away,대전 한화생명 볼파크,18:30,27.6
김민수,2024,KT,2024-06-30,vs. Samsung,RP,,0.0,0.86,2 ⅓,34,0,0,2,0,1,0,0,,Home,수원 KT 위즈파크,17:00,26.3
김민수,2024,KT,2024-06-27,@ SSG,RP,,0.0,0.6,1 ⅔,31,0,0,0,0,2,1,0,,Away,인천 SSG 랜더스필드,18:30,27.0
김민수,2024,KT,2024-06-25,@ SSG,RP,,0.0,2.0,1,22,0,0,1,0,2,1,0,,Away,인천 SSG 랜더스필드,18:30,25.3
김민수,2024,KT,2024-06-23,@ LG,RP,H,13.5,1.5,0 ⅔,14,1,1,1,0,0,0,0,,Away,잠실 야구장,17:00,28.6
김민수,2024,KT,2024-06-19,vs. Lotte,RP,,0.0,0.0,1,16,0,0,0,0,1,0,0,,Home,수원 KT 위즈파크,18:30,32.0
김민수,2024,KT,2024-06-16,vs. Kia,RP,,0.0,2.0,1,27,0,0,1,0,2,1,0,,Home,수원 KT 위즈파크,17:00,26.9
김민수,2024,KT,2024-06-14,vs. Kia,RP,,0.0,1.0,2,20,0,0,2,0,2,0,0,,Home,수원 KT 위즈파크,18:30,25.8
김민수,2024,KT,2024-06-11,@ NC,RP,,0.0,2.0,1,23,3,0,2,0,1,0,0,,Away,창원 NC 파크,18:30,26.6
김민수,2024,KT,2024-06-09,vs. LG,RP,,18.0,3.0,1,19,2,2,2,0,0,1,0,,Home,수원 KT 위즈파크,17:00,25.8
김민수,2024,KT,2024-06-07,vs. LG,RP,H,9.0,1.0,1,7,1,1,1,0,1,0,0,,Home,수원 KT 위즈파크,18:30,25.1
김민수,2024,KT,2024-06-04,vs. Hanwha,RP,,19.29,3.43,2 ⅓,44,5,5,6,0,2,2,0,,Home,수원 KT 위즈파크,18:30,23.2
김민수,2024,KT,2024-06-01,@ Kia,RP,,18.0,4.0,1,29,2,2,3,0,1,1,0,,Away,광주 기아 챔피언스 필드,17:00,22.7
김민수,2024,KT,2024-05-31,@ Kia,RP,,18.0,2.0,1,17,2,2,2,1,0,0,0,,Away,광주 기아 챔피언스 필드,18:30,24.8
김민수,2024,KT,2024-05-24,vs. Kiwoom,RP,,0.0,0.0,2,15,0,0,0,0,0,0,0,,Home,수원 KT 위즈파크,18:30,22.5
김민수,2024,KT,2024-05-23,@ Samsung,RP,,9.0,2.0,1,13,1,1,2,0,1,0,0,,Away,대구 삼성 라이온즈 파크,18:30,22.8
김민수,2024,KT,2024-05-21,@ Samsung,RP,H,0.0,0.0,1,9,0,0,0,0,1,0,0,,Away,대구 삼성 라이온즈 파크,18:30,19.0
김민수,2024,KT,2024-05-19,vs. LG,RP,W,0.0,3.0,0 ⅓,6,0,0,0,0,0,1,0,,Home,수원 KT 위즈파크,14:00,26.5
김민수,2024,KT,2024-05-18,vs. LG,RP,,0.0,0.0,1 ⅔,22,0,0,0,0,2,0,0,,Home,수원 KT 위즈파크,17:00,24.1
김민수,2024,KT,2024-05-16,vs. Lotte,RP,,0.0,2.0,1,14,0,0,2,0,1,0,0,,Home,수원 KT 위즈파크,18:30,18.5
김민수,2024,KT,2024-05-14,vs. Lotte,RP,,9.0,2.0,1,23,1,1,1,0,0,1,0,,Home,수원 KT 위즈파크,18:30,21.7
김민수,2024,KT,2024-05-12,@ Doosan,RP,,9.0,1.0,1,19,1,1,1,1,1,0,0,,Away,잠실 야구장,14:00,20.5
김민수,2024,KT,2024-05-09,vs. NC,RP,H,0.0,3.0,1,31,0,0,1,0,1,2,0,,Home,수원 KT 위즈파크,18:30,19.3
김민수,2024,KT,2024-05-08,vs. NC,RP,,0.0,0.0,0 ⅔,14,0,0,0,0,0,0,0,,Home,수원 KT 위즈파크,18:30,17.6
김민수,2024,KT,2024-05-04,vs. Kiwoom,RP,,9.0,2.0,1,19,1,1,2,0,1,0,0,,Home,수원 KT 위즈파크,17:00,24.3
김민수,2024,KT,2024-05-02,@ Kia,RP,H,0.0,0.0,1,13,0,0,0,0,1,0,0,,Away,광주 기아 챔피언스 필드,18:30,21.0
김민수,2024,KT,2024-04-27,@ SSG,RP,,0.0,3.0,0 ⅓,11,0,0,0,0,1,1,0,,Away,인천 SSG 랜더스필드,17:00,20.2
김민수,2024,KT,2024-04-26,@ SSG,RP,,0.0,1.0,1,18,0,0,1,0,2,0,0,,Away,인천 SSG 랜더스필드,18:30,20.5
김민수,2024,KT,2024-04-23,vs. Hanwha,RP,W,9.0,1.0,1,14,1,1,1,1,1,0,0,,Home,수원 KT 위즈파크,18:30,19.2
김민수,2024,KT,2024-04-21,@ Lotte,RP,,0.0,2.0,1,16,0,0,2,0,0,0,0,,Away,사직 야구장,14:00,17.6
김민수,2024,KT,2024-04-19,@ Lotte,RP,L,20.25,2.25,1 ⅓,20,3,3,2,0,1,1,0,,Away,사직 야구장,18:30,18.6
김민수,2024,KT,2024-04-17,@ Kiwoom,RP,W,0.0,1.0,1,13,0,0,1,0,0,0,0,,Away,고척 스카이돔,18:30,25.5
김민수,2024,KT,2024-04-16,@ Kiwoom,RP,,13.5,2.25,1 ⅓,22,2,2,2,0,1,1,0,,Away,고척 스카이돔,18:30,25.5
김민수,2024,KT,2024-04-12,vs. SSG,RP,H,0.0,1.0,1,9,0,0,1,0,0,0,0,,Home,수원 KT 위즈파크,18:30,20.6
김민수,2024,KT,2024-04-11,@ NC,RP,H,0.0,1.8,1 ⅔,31,0,0,3,0,2,0,0,,Away,창원 NC 파크,18:30,16.4
김민수,2024,KT,2024-04-09,@ NC,RP,H,0.0,0.0,1 ⅓,18,0,0,0,0,4,0,0,,Away,창원 NC 파크,18:30,15.0
김민수,2024,KT,2024-04-06,@ LG,RP,H,9.0,3.0,1,24,1,1,3,0,0,0,0,,Away,잠실 야구장,17:00,16.7
김민수,2024,KT,2024-04-05,@ LG,RP,,10.8,1.2,1 ⅔,24,2,2,1,0,1,1,0,,Away,잠실 야구장,18:30,16.4
김민수,2024,KT,2024-04-02,vs. Kia,RP,,13.5,3.0,0 ⅔,20,1,1,1,0,0,1,0,,Home,수원 KT 위즈파크,18:30,19.8
김민수,2024,KT,2024-03-28,vs. Doosan,RP,H,0.0,0.75,1 ⅓,23,0,0,1,0,2,0,1,,Home,수원 KT 위즈파크,18:30,11.3
김민수,2024,KT,2024-03-26,vs. Doosan,RP,,0.0,0.0,1,13,0,0,0,0,1,0,0,,Home,수원 KT 위즈파크,18:30,10.8
김민수,2024,KT,2024-03-24,vs. Samsung,RP,,0.0,2.0,1,17,0,0,1,0,0,1,0,,Home,수원 KT 위즈파크,14:00,20.8
김민수,2023,KT,2023-07-23,@ Samsung,RP,,0.0,1.5,1 ⅓,16,0,0,2,0,0,0,0,,Away,대구 삼성 라이온즈 파크,17:00,28.9
김민수,2023,KT,2023-07-06,@ LG,RP,L,9.0,2.0,1,17,1,1,2,0,0,0,0,,Away,잠실 야구장,18:30,30.9
김민수,2023,KT,2023-06-23,@ Kia,RP,,0.0,0.75,1 ⅓,16,0,0,0,0,1,1,0,,Away,광주 기아 챔피언스 필드,18:30,30.8
김민수,2023,KT,2023-06-18,vs. Samsung,RP,,27.0,3.0,0 ⅓,5,1,1,1,0,0,0,0,,Home,수원 KT 위즈파크,17:00,27.6
김민수,2023,KT,2023-06-14,@ SSG,RP,,0.0,1.0,1,12,0,0,1,0,0,0,0,,Away,인천 SSG 랜더스필드,18:30,24.0
김민수,2023,KT,2023-06-13,@ SSG,RP,,45.0,7.0,1,31,5,5,6,0,0,1,0,,Away,인천 SSG 랜더스필드,18:30,23.7
김민수,2023,KT,2023-06-10,vs. Kiwoom,RP,,0.0,0.0,1,8,0,0,0,0,1,0,0,,Home,수원 KT 위즈파크,17:00,24.0
김민수,2023,KT,2023-06-09,vs. Kiwoom,RP,H,0.0,0.0,0 ⅓,7,0,0,0,0,1,0,0,,Home,수원 KT 위즈파크,18:30,25.5
김민수,2023,KT,2023-06-08,@ Lotte,RP,,54.0,6.0,0 ⅓,15,2,2,1,0,0,1,0,,Away,사직 야구장,18:30,24.1
김민수,2023,KT,2023-06-03,vs. Doosan,RP,,0.0,1.0,1,17,0,0,1,0,0,0,0,,Home,수원 KT 위즈파크,17:00,23.6
김민수,2023,KT,2023-05-31,@ Kia,RP,,4.5,1.5,2,31,1,1,2,1,1,1,0,,Away,광주 기아 챔피언스 필드,18:30,26.7
김민수,2023,KT,2023-05-30,@ Kia,RP,,0.0,2.0,1,15,0,0,1,0,0,1,0,,Away,광주 기아 챔피언스 필드,18:30,22.5
김민수,2023,KT,2023-05-27,@ Samsung,RP,H,0.0,0.0,1,12,0,0,0,0,0,0,0,,Away,대구 삼성 라이온즈 파크,17:00,23.3
김민수,2023,KT,2023-05-26,@ Samsung,RP,H,0.0,0.0,0 ⅓,1,0,0,0,0,0,0,0,,Away,대구 삼성 라이온즈 파크,18:30,19.9
김민수,2022,KT,2022-10-11,@ LG,RP,H,0.0,0.75,2 ⅔,31,0,0,1,0,2,1,0,,Away,잠실 야구장,18:30,14.4
김민수,2022,KT,2022-10-10,vs. NC,RP,H,5.4,1.8,1 ⅔,23,1,1,3,0,2,0,0,,Home,수원 KT 위즈파크,18:30,10.2
김민수,2022,KT,2022-10-08,@ Kia,RP,H,0.0,1.2,1 ⅔,34,0,0,2,0,2,0,0,,Away,광주 기아 챔피언스 필드,17:00,19.8
김민수,2022,KT,2022-09-29,@ LG,RP,H,0.0,0.0,1,15,0,0,0,0,2,0,2,,Away,잠실 야구장,18:30,24.3
김민수,2022,KT,2022-09-27,vs. Doosan,RP,W,0.0,2.0,1,11,0,0,1,0,0,1,0,,Home,수원 KT 위즈파크,18:30,24.4
김민수,2022,KT,2022-09-23,@ Samsung,RP,L,54.0,6.0,0 ⅓,11,2,2,2,1,1,0,0,,Away,대구 삼성 라이온즈 파크,18:30,24.8
김민수,2022,KT,2022-09-22,@ Samsung,RP,,0.0,0.0,0 ⅔,6,0,0,0,0,0,0,0,,Away,대구 삼성 라이온즈 파크,18:30,23.4
김민수,2022,KT,2022-09-21,@ SSG,RP,W,0.0,0.0,1 ⅓,19,0,0,0,0,1,0,0,,Away,인천 SSG 랜더스필드,18:30,21.2
김민수,2022,KT,2022-09-18,vs. Lotte,RP,W,0.0,1.5,0 ⅔,10,0,0,1,0,0,0,0,,Home,수원 KT 위즈파크,14:00,31.7
김민수,2022,KT,2022-09-17,vs. Lotte,RP,,0.0,2.25,1 ⅓,14,0,0,3,0,1,0,0,,Home,수원 KT 위즈파크,17:00,29.8
김민수,2022,KT,2022-09-13,@ Hanwha,RP,H,0.0,0.0,1,9,0,0,0,0,1,0,0,,Away,대전 한화생명 볼파크,18:30,26.8
김민수,2022,KT,2022-09-10,@ Kiwoom,RP,H,0.0,0.0,1,15,0,0,0,0,1,0,0,,Away,고척 스카이돔,17:00,25.5
김민수,2022,KT,2022-09-07,vs. Hanwha,RP,H,0.0,0.0,1,17,0,0,0,0,1,0,0,,Home,수원 KT 위즈파크,18:30,25.5
김민수,2022,KT,2022-09-06,vs. Hanwha,RP,H,0.0,1.0,1,12,0,0,1,0,1,0,0,,Home,수원 KT 위즈파크,18:30,25.1
김민수,2022,KT,2022-09-04,@ Kia,RP,H,0.0,0.0,1,11,0,0,0,0,1,0,0,,Away,광주 기아 챔피언스 필드,14:00,31.7
김민수,2022,KT,2022-09-03,@ Kia,RP,H,0.0,1.0,1,19,0,0,0,0,1,1,0,,Away,광주 기아 챔피언스 필드,17:00,28.5
김민수,2022,KT,2022-09-01,vs. LG,RP,H,0.0,1.0,1,14,0,0,1,0,1,0,0,,Home,수원 KT 위즈파크,18:30,28.7
김민수,2022,KT,2022-08-31,vs. Doosan,RP,H,0.0,2.0,1,15,0,0,2,0,2,0,1,,Home,수원 KT 위즈파크,18:30,25.1
김민수,2022,KT,2022-08-28,@ NC,RP,,0.0,,0,8,1,1,2,0,0,0,0,,Away,창원 NC 파크,17:00,25.7
김민수,2022,KT,2022-08-25,vs. SSG,RP,,6.75,2.25,1 ⅓,24,1,1,2,0,2,1,0,,Home,수원 KT 위즈파크,18:30,24.4
김민수,2022,KT,2022-08-23,@ Doosan,RP,,0.0,0.0,1 ⅔,22,0,0,0,0,5,0,0,,Away,잠실 야구장,18:30,29.0
김민수,2022,KT,2022-08-21,vs. Kia,RP,H,0.0,1.0,1,19,0,0,0,0,1,1,0,,Home,수원 KT 위즈파크,17:00,32.1
김민수,2022,KT,2022-08-20,vs. Kia,RP,,0.0,0.0,0 ⅓,6,0,0,0,0,0,0,0,,Home,수원 KT 위즈파크,18:00,30.4
김민수,2022,KT,2022-08-16,vs. Kiwoom,RP,,54.0,9.0,0 ⅓,14,2,2,3,0,1,0,1,,Home,수원 KT 위즈파크,18:30,29.5
김민수,2022,KT,2022-08-14,vs. Samsung,RP,,0.0,0.5,2,31,0,0,0,0,2,1,0,,Home,수원 KT 위즈파크,17:00,29.8
김민수,2022,KT,2022-08-12,@ SSG,RP,H,0.0,0.0,1,10,0,0,0,0,2,0,0,,Away,인천 SSG 랜더스필드,18:30,29.1
김민수,2022,KT,2022-08-11,@ SSG,RP,L,9.0,3.0,1,18,1,1,2,0,0,1,0,,Away,인천 SSG 랜더스필드,18:30,27.0
김민수,2022,KT,2022-08-06,vs. Hanwha,RP,W,0.0,0.0,2,23,0,0,0,0,2,0,0,,Home,수원 KT 위즈파크,18:00,33.0
김민수,2022,KT,2022-08-05,vs. Hanwha,RP,,0.0,0.0,1,5,0,0,0,0,0,0,0,,Home,수원 KT 위즈파크,18:30,32.5
김민수,2022,KT,2022-08-04,@ NC,RP,H,0.0,0.0,0 ⅔,10,0,0,0,0,1,0,0,,Away,창원 NC 파크,18:30,30.8
김민수,2022,KT,2022-07-29,@ LG,RP,H,0.0,0.0,1,13,0,0,0,0,3,0,0,,Away,잠실 야구장,18:30,33.5
김민수,2022,KT,2022-07-28,vs. Kiwoom,RP,,0.0,0.0,0 ⅔,9,0,0,0,0,2,0,0,,Home,수원 KT 위즈파크,18:30,32.7
김민수,2022,KT,2022-07-26,vs. Kiwoom,RP,,0.0,2.0,1,27,1,0,2,0,1,0,0,,Home,수원 KT 위즈파크,18:30,31.7
김민수,2022,KT,2022-07-24,@ Hanwha,RP,H,0.0,0.6,1 ⅔,21,0,0,1,0,5,0,0,,Away,대전 한화생명 볼파크,17:00,28.5
김민수,2022,KT,2022-07-23,@ Hanwha,RP,SV,0.0,1.5,0 ⅔,7,0,0,1,0,0,0,0,,Away,대전 한화생명 볼파크,18:00,27.8
김민수,2022,KT,2022-07-14,vs. Samsung,RP,H,0.0,3.0,0 ⅓,5,0,0,1,0,0,0,0,,Home,수원 KT 위즈파크,18:30,28.5
김민수,2022,KT,2022-07-12,vs. Samsung,RP,,0.0,0.0,2,29,0,0,0,0,1,0,0,,Home,수원 KT 위즈파크,18:30,30.9
김민수,2022,KT,2022-07-09,vs. Lotte,RP,H,0.0,0.0,0 ⅔,9,0,0,0,0,1,0,0,,Home,수원 KT 위즈파크,18:00,30.4
김민수,2022,KT,2022-07-08,vs. Lotte,RP,W,9.0,2.0,1,16,1,1,2,0,0,0,0,,Home,수원 KT 위즈파크,18:30,30.2
김민수,2022,KT,2022-07-06,@ Kia,RP,H,0.0,1.5,1 ⅓,30,0,0,1,0,1,1,0,,Away,광주 기아 챔피언스 필드,18:30,33.1
김민수,2022,KT,2022-07-02,vs. Doosan,RP,H,0.0,1.0,1,11,0,0,1,0,1,0,0,,Home,수원 KT 위즈파크,18:00,30.8
김민수,2022,KT,2022-06-30,@ Samsung,RP,,0.0,3.0,0 ⅓,13,0,0,0,0,1,1,1,,Away,대구 삼성 라이온즈 파크,18:30,29.0
김민수,2022,KT,2022-06-26,vs. LG,RP,,0.0,0.5,2,25,0,0,1,0,2,0,0,,Home,수원 KT 위즈파크,17:00,29.1
김민수,2022,KT,2022-06-24,vs. LG,RP,,0.0,0.0,1 ⅓,12,0,0,0,0,1,0,0,,Home,수원 KT 위즈파크,18:30,25.6
김민수,2022,KT,2022-06-19,@ Doosan,RP,,0.0,2.0,1,24,0,0,2,0,3,0,0,,Away,잠실 야구장,17:00,26.6
김민수,2022,KT,2022-06-15,vs. SSG,RP,H,0.0,0.75,1 ⅓,15,0,0,1,0,1,0,0,,Home,수원 KT 위즈파크,18:30,23.3
김민수,2022,KT,2022-06-14,vs. SSG,RP,H,0.0,0.0,1,13,0,0,0,0,2,0,0,,Home,수원 KT 위즈파크,18:30,20.8
김민수,2022,KT,2022-06-10,@ Lotte,RP,H,0.0,0.75,1 ⅓,19,0,0,1,0,2,0,0,,Away,사직 야구장,18:30,22.4
김민수,2022,KT,2022-06-08,@ Kiwoom,RP,,0.0,0.5,2,25,0,0,0,0,1,1,0,,Away,고척 스카이돔,18:30,25.5
김민수,2022,KT,2022-06-04,vs. Kia,RP,SV,9.0,2.0,1,17,1,1,1,0,1,1,0,,Home,수원 KT 위즈파크,17:00,27.0
김민수,2022,KT,2022-06-03,vs. Kia,RP,H,0.0,1.0,1,21,0,0,1,0,1,0,0,,Home,수원 KT 위즈파크,18:30,25.5
김민수,2022,KT,2022-06-01,@ SSG,RP,L,27.0,3.0,0 ⅓,7,1,1,1,1,0,0,0,,Away,인천 SSG 랜더스필드,18:30,21.0
김민수,2022,KT,2022-05-31,@ SSG,RP,H,0.0,1.0,1,13,0,0,1,0,1,0,0,,Away,인천 SSG 랜더스필드,18:30,20.6
김민수,2022,KT,2022-05-29,vs. Hanwha,RP,,0.0,0.6,1 ⅔,27,0,0,1,0,3,0,0,,Home,수원 KT 위즈파크,14:00,26.6
김민수,2022,KT,2022-05-28,vs. Hanwha,RP,,0.0,0.0,2,17,0,0,0,0,2,0,0,,Home,수원 KT 위즈파크,17:00,27.1
김민수,2022,KT,2022-05-26,@ NC,RP,SV,0.0,0.0,1 ⅔,15,0,0,0,0,2,0,0,,Away,창원 NC 파크,18:30,24.2
김민수,2022,KT,2022-05-24,@ NC,RP,H,0.0,1.0,1,15,0,0,1,0,0,0,0,,Away,창원 NC 파크,18:30,25.6
김민수,2022,KT,2022-05-22,@ Samsung,RP,,0.0,3.0,1,15,0,0,1,0,2,2,0,,Away,대구 삼성 라이온즈 파크,14:00,24.6
김민수,2022,KT,2022-05-21,@ Samsung,RP,,0.0,1.5,1 ⅓,15,0,0,2,0,1,0,0,,Away,대구 삼성 라이온즈 파크,17:00,23.3
김민수,2022,KT,2022-05-15,vs. Kiwoom,RP,,0.0,1.0,1,20,0,0,1,0,0,0,0,,Home,수원 KT 위즈파크,14:00,20.3
김민수,2022,KT,2022-05-14,vs. Kiwoom,RP,,0.0,2.0,1,20,0,0,2,0,2,0,0,,Home,수원 KT 위즈파크,17:00,16.7
김민수,2022,KT,2022-05-12,@ Kia,RP,L,9.0,2.0,1,12,1,1,2,0,1,0,0,,Away,광주 기아 챔피언스 필드,18:30,22.5
김민수,2022,KT,2022-05-11,@ Kia,RP,,0.0,2.0,1,22,0,0,1,0,1,1,0,,Away,광주 기아 챔피언스 필드,18:30,23.5
김민수,2022,KT,2022-05-07,@ Doosan,RP,,27.0,9.0,0 ⅓,12,2,1,3,0,0,0,0,,Away,잠실 야구장,17:00,21.9
김민수,2022,KT,2022-05-05,vs. Lotte,RP,,0.0,0.0,1 ⅔,21,0,0,0,0,2,0,0,,Home,수원 KT 위즈파크,14:00,23.9
김민수,2022,KT,2022-05-04,vs. Lotte,RP,,0.0,0.0,1,10,0,0,0,0,1,0,0,,Home,수원 KT 위즈파크,18:30,21.5
김민수,2022,KT,2022-05-01,@ Kiwoom,RP,,0.0,0.0,0 ⅔,15,0,0,0,0,1,0,0,,Away,고척 스카이돔,14:00,25.5
김민수,2022,KT,2022-04-30,@ Kiwoom,RP,,0.0,3.0,0 ⅓,12,0,0,0,0,1,1,1,,Away,고척 스카이돔,17:00,25.5
김민수,2022,KT,2022-04-26,vs. Kia,RP,,27.0,3.0,0 ⅓,7,1,1,1,1,1,0,0,,Home,수원 KT 위즈파크,18:30,20.9
김민수,2022,KT,2022-04-21,@ LG,RP,,13.5,1.5,0 ⅔,16,1,1,1,0,1,0,0,,Away,잠실 야구장,18:30,18.8
김민수,2022,KT,2022-04-17,@ Lotte,RP,,0.0,0.0,0 ⅔,6,0,0,0,0,0,0,0,,Away,사직 야구장,14:00,19.1
김민수,2022,KT,2022-04-15,@ Lotte,RP,,27.0,6.0,0 ⅔,21,2,2,4,0,0,0,0,,Away,사직 야구장,18:30,12.2
김민수,2022,KT,2022-04-14,vs. Doosan,RP,,0.0,0.0,0 ⅔,12,0,0,0,0,0,0,0,,Home,수원 KT 위즈파크,18:30,13.7
김민수,2022,KT,2022-04-08,@ Hanwha,RP,H,0.0,1.0,1,16,0,0,1,0,2,0,0,,Away,대전 한화생명 볼파크,18:30,20.8
김민수,2022,KT,2022-04-03,vs. Samsung,RP,H,0.0,0.0,1,12,0,0,0,0,0,0,0,,Home,수원 KT 위즈파크,14:00,15.5
김민수,2022,KT,2022-04-02,vs. Samsung,RP,H,0.0,0.75,1 ⅓,18,0,0,1,0,1,0,0,,Home,수원 KT 위즈파크,14:00,13.7
김민수,2021,KT,2021-10-27,vs. NC,RP,,0.0,1.5,1 ⅓,17,0,0,2,0,1,0,0,,Home,수원 KT 위즈파크,18:30,14.4
김민수,2021,KT,2021-10-09,@ LG,RP,,18.0,4.0,1,22,2,2,1,0,0,3,0,,Away,잠실 야구장,17:00,24.0
김민수,2021,KT,2021-10-03,@ SSG,RP,,0.0,,0,2,1,1,1,1,0,0,0,,Away,인천 SSG 랜더스필드,14:00,26.6
김민수,2021,KT,2021-09-30,@ Lotte,RP,,0.0,1.0,1,12,0,0,1,0,1,0,0,,Away,사직 야구장,18:30,24.9
김민수,2021,KT,2021-09-29,vs. Doosan,RP,,0.0,0.0,1,18,0,0,0,0,2,0,1,,Home,수원 KT 위즈파크,18:30,23.1
김민수,2021,KT,2021-09-22,@ Kia,RP,,0.0,1.0,1,6,0,0,1,0,1,0,0,,Away,광주 기아 챔피언스 필드,18:30,26.5
김민수,2021,KT,2021-09-19,@ NC,RP,,0.0,1.0,1,12,0,0,1,0,0,0,0,,Away,창원 NC 파크,14:00,26.5
김민수,2021,KT,2021-09-17,vs. Lotte,RP,,0.0,2.0,1,18,0,0,1,0,0,1,0,,Home,수원 KT 위즈파크,18:30,26.2
김민수,2021,KT,2021-09-15,@ Doosan,RP,,0.0,2.0,1,16,0,0,1,0,2,1,0,,Away,잠실 야구장,18:30,25.4
김민수,2021,KT,2021-09-11,vs. SSG,RP,,0.0,1.0,1,13,0,0,1,0,0,0,0,,Home,수원 KT 위즈파크,17:00,29.1
김민수,2021,KT,2021-09-10,@ Samsung,RP,,0.0,0.6,1 ⅔,23,0,0,1,0,1,0,0,,Away,대구 삼성 라이온즈 파크,18:30,24.4
김민수,2021,KT,2021-09-03,@ Kiwoom,RP,,0.0,1.0,1,15,0,0,0,0,0,1,0,,Away,고척 스카이돔,18:30,25.5
김민수,2021,KT,2021-09-01,@ Hanwha,RP,W,0.0,0.0,1,9,0,0,0,0,0,0,0,,Away,대전 한화생명 볼파크,18:30,26.4
김민수,2021,KT,2021-08-31,@ Hanwha,RP,,0.0,0.0,2,23,0,0,0,0,3,0,0,,Away,대전 한화생명 볼파크,18:30,26.9
김민수,2021,KT,2021-08-29,vs. Samsung,RP,,0.0,0.0,1,7,0,0,0,0,1,0,0,,Home,수원 KT 위즈파크,17:00,27.6
김민수,2021,KT,2021-08-25,vs. SSG,RP,,0.0,0.0,1,12,0,0,0,0,1,0,0,,Home,수원 KT 위즈파크,18:30,27.9
김민수,2021,KT,2021-08-23,@ Lotte,RP,,0.0,0.0,1,9,0,0,0,0,0,0,1,,Away,사직 야구장,18:30,25.9
김민수,2021,KT,2021-08-18,vs. LG,RP,,0.0,0.0,1,10,0,0,0,0,0,0,0,,Home,수원 KT 위즈파크,18:30,27.1
김민수,2021,KT,2021-08-14,vs. Samsung,RP,,0.0,3.0,0 ⅓,7,0,0,1,0,1,0,0,,Home,수원 KT 위즈파크,18:00,29.1
김민수,2021,KT,2021-08-13,vs. Samsung,RP,,0.0,0.6,1 ⅔,18,0,0,0,0,1,1,0,,Home,수원 KT 위즈파크,18:30,29.8
김민수,2021,KT,2021-08-11,@ Kiwoom,RP,,0.0,1.0,2,23,0,0,2,0,2,0,0,,Away,고척 스카이돔,18:30,25.5
김민수,2021,KT,2021-07-05,vs. Kiwoom,RP,,0.0,0.0,1,9,0,0,0,0,1,0,0,,Home,수원 KT 위즈파크,18:30,27.8
김민수,2021,KT,2021-07-04,vs. Kiwoom,RP,,0.0,3.0,0 ⅔,11,0,0,1,0,1,1,0,,Home,수원 KT 위즈파크,17:00,24.3
김민수,2021,KT,2021-06-27,@ Hanwha,RP,,0.0,1.0,1,17,1,0,1,0,1,0,0,,Away,대전 한화생명 볼파크,17:00,29.4
김민수,2021,KT,2021-06-22,vs. Kia,RP,,27.0,3.0,0 ⅔,18,2,2,2,0,0,0,0,,Home,수원 KT 위즈파크,18:30,26.5
김민수,2021,KT,2021-06-19,vs. Doosan,RP,,0.0,,0,11,1,1,1,0,0,1,0,,Home,수원 KT 위즈파크,17:00,26.7
김민수,2021,KT,2021-06-18,vs. Doosan,RP,,13.5,3.0,0 ⅔,18,2,1,2,0,2,0,0,,Home,수원 KT 위즈파크,18:30,23.4
김민수,2021,KT,2021-06-16,@ NC,RP,,0.0,0.0,1,13,0,0,0,0,2,0,0,,Away,창원 NC 파크,18:30,23.1
김민수,2021,KT,2021-06-13,vs. Hanwha,RP,H,0.0,1.0,1,13,0,0,1,0,1,0,0,,Home,수원 KT 위즈파크,17:00,27.4
김민수,2021,KT,2021-06-12,vs. Hanwha,RP,H,0.0,1.0,1,18,0,0,1,0,2,0,0,,Home,수원 KT 위즈파크,17:00,28.5
김민수,2021,KT,2021-06-11,vs. Hanwha,RP,,0.0,1.0,1,13,0,0,1,0,0,0,0,,Home,수원 KT 위즈파크,18:30,26.0
김민수,2021,KT,2021-06-06,vs. Lotte,RP,,0.0,3.0,0 ⅔,15,0,0,0,0,1,2,0,,Home,수원 KT 위즈파크,17:00,27.2
김민수,2021,KT,2021-06-05,vs. Lotte,RP,,0.0,1.0,1,21,0,0,0,0,0,1,0,,Home,수원 KT 위즈파크,17:00,25.1
김민수,2021,KT,2021-06-02,@ LG,RP,H,0.0,0.0,0 ⅓,2,0,0,0,0,0,0,0,,Away,잠실 야구장,18:30,27.3
김민수,2021,KT,2021-05-28,@ Kia,RP,L,9.0,4.0,1,26,1,1,2,0,1,2,0,,Away,광주 기아 챔피언스 필드,18:30,21.3
김민수,2021,KT,2021-05-27,vs. SSG,RP,,13.5,4.5,0 ⅔,19,1,1,2,0,0,1,0,,Home,수원 KT 위즈파크,18:30,16.9
김민수,2021,KT,2021-05-26,vs. SSG,RP,H,13.5,1.5,0 ⅔,17,1,1,0,0,1,1,0,,Home,수원 KT 위즈파크,18:30,21.9
김민수,2021,KT,2021-05-22,@ Hanwha,RP,,18.0,3.0,1,18,2,2,2,0,1,1,0,,Away,대전 한화생명 볼파크,17:00,25.1
김민수,2021,KT,2021-05-19,vs. Doosan,RP,H,0.0,1.5,0 ⅔,17,0,0,1,0,0,0,0,,Home,수원 KT 위즈파크,18:30,24.5
김민수,2021,KT,2021-05-18,vs. Doosan,RP,H,0.0,0.0,1,11,0,0,0,0,1,0,0,,Home,수원 KT 위즈파크,18:30,21.6
김민수,2021,KT,2021-05-15,@ Lotte,RP,W,0.0,2.0,1,12,0,0,2,0,0,0,0,,Away,사직 야구장,17:00,19.2
김민수,2021,KT,2021-05-13,vs. Samsung,RP,,0.0,1.5,0 ⅔,17,0,0,1,0,2,0,0,,Home,수원 KT 위즈파크,18:30,25.3
김민수,2021,KT,2021-05-11,vs. Samsung,RP,H,0.0,0.0,1,15,0,0,0,0,1,0,0,,Home,수원 KT 위즈파크,18:30,22.8
김민수,2021,KT,2021-05-09,vs. NC,RP,,9.0,5.0,1,23,4,1,4,0,0,1,0,,Home,수원 KT 위즈파크,14:00,20.1
김민수,2021,KT,2021-05-08,vs. NC,RP,,0.0,1.0,1,13,0,0,0,0,0,1,0,,Home,수원 KT 위즈파크,17:00,18.9
김민수,2021,KT,2021-05-02,vs. Kia,RP,,9.0,1.0,1,12,1,1,1,0,1,0,1,,Home,수원 KT 위즈파크,14:00,17.3
김민수,2021,KT,2021-04-29,@ SSG,RP,H,0.0,6.0,0 ⅓,17,0,0,2,0,0,0,0,,Away,인천 SSG 랜더스필드,18:30,16.1
김민수,2021,KT,2021-04-28,@ SSG,RP,H,0.0,1.0,1,14,0,0,0,0,0,1,0,,Away,인천 SSG 랜더스필드,18:30,14.4
김민수,2021,KT,2021-04-25,vs. Lotte,RP,,0.0,1.8,1 ⅔,31,1,0,3,0,3,0,0,,Home,수원 KT 위즈파크,14:00,22.5
김민수,2021,KT,2021-04-24,vs. Lotte,RP,,0.0,3.0,0 ⅔,16,0,0,1,0,0,1,0,,Home,수원 KT 위즈파크,17:00,22.8
김민수,2021,KT,2021-04-20,@ NC,RP,H,0.0,1.0,1,18,0,0,1,0,2,0,0,,Away,창원 NC 파크,18:30,20.0
김민수,2021,KT,2021-04-16,vs. Kiwoom,RP,W,13.5,3.0,0 ⅔,24,1,1,1,1,2,1,0,,Home,수원 KT 위즈파크,18:30,13.6
김민수,2021,KT,2021-04-15,@ Doosan,RP,W,0.0,0.5,2,23,0,0,1,0,0,0,0,,Away,잠실 야구장,18:30,15.9
김민수,2021,KT,2021-04-13,@ Doosan,RP,H,27.0,3.0,0 ⅔,16,2,2,2,0,1,0,0,,Away,잠실 야구장,18:30,10.2
김민수,2021,KT,2021-04-09,@ Samsung,SP,L,3.6,1.4,5,78,2,2,5,0,8,2,0,55.0,Away,대구 삼성 라이온즈 파크,18:30,11.7
김민수,2021,KT,2021-04-04,vs. Hanwha,RP,,0.0,0.75,1 ⅓,17,0,0,1,0,3,0,0,,Home,수원 KT 위즈파크,14:00,15.4
김민수,2020,KT,2020-10-29,@ Hanwha,RP,,0.0,1.0,1,15,0,0,1,0,2,0,0,,Away,대전 한화생명 볼파크,18:30,12.7
김민수,2020,KT,2020-10-22,@ Doosan,RP,,9.0,3.0,1,19,1,1,2,0,1,1,0,,Away,잠실 야구장,18:30,14.4
김민수,2020,KT,2020-10-16,@ SK,RP,,0.0,2.0,1,16,1,0,2,0,1,0,0,,Away,인천 SSG 랜더스필드,18:30,14.3
김민수,2020,KT,2020-10-14,vs. Kiwoom,RP,,0.0,0.86,2 ⅓,28,0,0,2,0,1,0,0,,Home,수원 KT 위즈파크,18:30,13.8
김민수,2020,KT,2020-10-10,vs. Doosan,RP,,27.0,4.5,0 ⅔,9,2,2,3,0,0,0,0,,Home,수원 KT 위즈파크,17:00,19.6
김민수,2020,KT,2020-10-07,@ Lotte,RP,,18.0,6.0,1,28,2,2,5,0,1,1,0,,Away,사직 야구장,18:30,19.5
김민수,2020,KT,2020-10-03,vs. LG,SP,L,7.2,1.4,5,82,5,4,6,0,2,1,0,38.0,Home,수원 KT 위즈파크,17:00,21.7
김민수,2020,KT,2020-09-27,vs. LG,SP,,6.23,1.15,4 ⅓,69,3,3,5,1,3,0,1,43.0,Home,수원 KT 위즈파크,14:00,24.6
김민수,2020,KT,2020-09-22,@ Lotte,SP,L,5.06,1.31,5 ⅓,83,3,3,6,2,3,1,0,46.0,Away,사직 야구장,18:30,21.0
김민수,2020,KT,2020-09-16,vs. Samsung,SP,W,1.8,2.2,5,78,1,1,7,0,1,4,0,46.0,Home,수원 KT 위즈파크,18:30,24.0
김민수,2020,KT,2020-09-10,@ NC,SP,,12.27,2.18,3 ⅔,66,5,5,6,1,2,2,1,28.0,Away,창원 NC 파크,18:30,26.6
김민수,2020,KT,2020-09-04,vs. SK,SP,,8.44,1.13,5 ⅓,78,5,5,6,2,5,0,0,41.0,Home,수원 KT 위즈파크,18:30,26.2
김민수,2020,KT,2020-08-27,@ LG,SP,L,1.8,1.2,5,87,2,1,5,0,6,1,0,56.0,Away,잠실 야구장,18:30,30.0
김민수,2020,KT,2020-08-21,@ Hanwha,SP,L,12.0,2.0,3,55,4,4,6,1,1,0,0,32.0,Away,대전 한화생명 볼파크,18:30,33.2
김민수,2020,KT,2020-08-15,@ Doosan,SP,,4.5,1.83,6,92,3,3,10,0,2,1,0,41.0,Away,잠실 야구장,18:00,30.0
김민수,2020,KT,2020-08-05,@ Kiwoom,SP,L,4.5,2.0,4,90,7,2,6,1,3,2,1,32.0,Away,고척 스카이돔,18:30,25.5
김민수,2020,KT,2020-07-26,vs. NC,SP,,5.14,1.14,7,99,4,4,7,2,6,1,0,52.0,Home,수원 KT 위즈파크,17:00,26.7
김민수,2020,KT,2020-07-15,vs. Hanwha,SP,L,10.8,2.4,5,99,6,6,9,0,3,3,0,25.0,Home,수원 KT 위즈파크,18:30,26.3
김민수,2020,KT,2020-07-05,vs. Kiwoom,SP,W,5.4,2.2,5,87,3,3,7,1,1,4,0,38.0,Home,수원 KT 위즈파크,17:00,28.3
김민수,2020,KT,2020-06-30,@ LG,SP,,3.0,1.5,6,98,2,2,7,0,2,2,0,50.0,Away,잠실 야구장,18:30,22.6
김민수,2020,KT,2020-06-25,vs. NC,SP,,1.42,1.26,6 ⅓,95,3,1,7,0,1,1,0,51.0,Home,수원 KT 위즈파크,18:30,24.2
김민수,2020,KT,2020-06-16,@ SK,SP,,1.8,1.0,5,63,1,1,5,0,2,0,1,54.0,Away,인천 SSG 랜더스필드,18:30,24.2
김민수,2020,KT,2020-06-11,vs. Kia,SP,W,5.4,1.4,5,85,3,3,6,0,6,1,0,48.0,Home,수원 KT 위즈파크,18:30,28.9
김민수,2020,KT,2020-06-05,@ Lotte,SP,,8.1,2.1,3 ⅓,59,3,3,5,1,2,2,0,38.0,Away,사직 야구장,18:30,24.1
김민수,2020,KT,2020-06-02,vs. Doosan,RP,,9.0,3.0,1,16,1,1,2,0,0,1,0,,Home,수원 KT 위즈파크,18:30,21.8
김민수,2020,KT,2020-05-29,@ Kiwoom,RP,,0.0,3.0,0 ⅔,23,0,0,2,0,0,0,0,,Away,고척 스카이돔,18:30,25.5
김민수,2020,KT,2020-05-26,vs. Kia,RP,,18.0,4.0,1,17,2,2,4,0,1,0,0,,Home,수원 KT 위즈파크,18:30,15.8
김민수,2020,KT,2020-05-24,@ LG,RP,L,81.0,9.0,0 ⅓,11,3,3,3,1,0,0,0,,Away,잠실 야구장,14:00,19.5
김민수,2020,KT,2020-05-23,@ LG,RP,,27.0,9.0,0 ⅓,19,1,1,3,0,0,0,0,,Away,잠실 야구장,17:00,23.2
김민수,2020,KT,2020-05-21,vs. Hanwha,RP,,0.0,0.6,1 ⅔,19,0,0,1,0,4,0,0,,Home,수원 KT 위즈파크,18:30,21.7
김민수,2020,KT,2020-05-10,@ Doosan,RP,,54.0,9.0,0 ⅓,20,2,2,2,0,0,1,0,,Away,잠실 야구장,14:00,16.5
김민수,2020,KT,2020-05-07,vs. Lotte,RP,L,27.0,4.5,0 ⅔,14,2,2,3,1,1,0,0,,Home,수원 KT 위즈파크,18:30,24.6
김민수,2020,KT,2020-05-05,vs. Lotte,RP,,0.0,0.0,1,7,0,0,0,0,0,0,0,,Home,수원 KT 위즈파크,14:00,14.2
