PlayerName,Year,Team,Date,Opp,Role,Dec,ERA,WHIP,IP,NP,R,ER,H,HR,SO,BB,HB,GS,Venue,Stadium,Time,Temp
배재환,2024,NC,2024-09-24,@ Doosan,RP,,0.0,0.0,1,2,0,0,0,0,0,0,0,,Away,잠실 야구장,18:30,24.0
배재환,2024,NC,2024-09-10,@ KT,RP,,27.0,4.5,0 ⅔,31,2,2,1,1,0,2,0,,Away,수원 KT 위즈파크,18:30,31.5
배재환,2024,NC,2024-09-07,@ Samsung,RP,,0.0,1.0,1,24,0,0,0,0,2,1,0,,Away,대구 삼성 라이온즈 파크,17:00,30.8
배재환,2024,NC,2024-09-05,vs. Kiwoom,RP,,4.5,1.0,2,32,1,1,2,1,1,0,0,,Home,창원 NC 파크,18:30,30.9
배재환,2024,NC,2024-08-16,vs. Samsung,RP,,0.0,0.0,0 ⅓,1,0,0,0,0,0,0,0,,Home,창원 NC 파크,18:30,31.1
배재환,2024,NC,2024-07-27,vs. Lotte,RP,,0.0,3.0,1,25,0,0,1,0,0,2,0,,Home,창원 NC 파크,18:00,32.0
배재환,2024,NC,2024-07-23,@ Kia,RP,,18.0,2.0,1,25,2,2,2,1,0,0,0,,Away,광주 기아 챔피언스 필드,18:30,29.9
배재환,2024,NC,2024-07-12,vs. Kiwoom,RP,,0.0,1.5,0 ⅔,7,0,0,1,0,0,0,0,,Home,창원 NC 파크,18:30,29.3
배재환,2024,NC,2024-07-10,@ Samsung,RP,,0.0,1.0,1,21,0,0,0,0,3,1,0,,Away,대구 삼성 라이온즈 파크,18:30,25.8
배재환,2024,NC,2024-06-30,vs. LG,RP,,27.0,3.0,0 ⅔,12,2,2,2,1,0,0,0,,Home,창원 NC 파크,17:00,27.5
배재환,2024,NC,2024-06-26,@ Kiwoom,RP,,18.0,2.0,1,20,2,2,1,0,1,1,0,,Away,고척 스카이돔,18:30,25.5
배재환,2024,NC,2024-06-23,@ SSG,RP,,0.0,3.0,0 ⅔,12,0,0,1,0,0,1,0,,Away,인천 SSG 랜더스필드,17:00,27.5
배재환,2024,NC,2024-06-22,@ SSG,RP,,0.0,1.5,1 ⅓,28,1,0,1,0,1,1,0,,Away,인천 SSG 랜더스필드,17:00,26.1
배재환,2024,NC,2024-06-18,@ Doosan,RP,,40.5,6.0,0 ⅔,25,3,3,3,0,0,1,0,,Away,잠실 야구장,18:30,28.9
배재환,2024,NC,2024-06-15,vs. Samsung,RP,,0.0,1.0,1,17,0,0,1,0,1,0,0,,Home,창원 NC 파크,17:00,29.9
배재환,2024,NC,2024-06-14,vs. Samsung,RP,L,9.0,1.0,1,14,1,1,1,0,1,0,0,,Home,창원 NC 파크,18:30,27.5
배재환,2024,NC,2024-06-12,vs. KT,RP,,0.0,0.0,1,18,0,0,0,0,0,0,0,,Home,창원 NC 파크,18:30,28.3
배재환,2024,NC,2024-06-11,vs. KT,RP,,0.0,6.0,0 ⅓,16,0,0,1,0,1,1,0,,Home,창원 NC 파크,18:30,26.6
배재환,2024,NC,2024-06-09,@ Hanwha,RP,,0.0,1.5,2,32,0,0,0,0,2,3,0,,Away,대전 한화생명 볼파크,17:00,28.7
배재환,2024,NC,2024-06-02,@ Lotte,RP,,20.25,2.25,1 ⅓,26,3,3,2,1,0,1,0,,Away,사직 야구장,17:00,21.6
배재환,2020,NC,2020-10-10,@ LG,RP,,0.0,3.0,1,26,0,0,0,0,0,3,1,,Away,잠실 야구장,17:00,20.1
배재환,2020,NC,2020-09-12,vs. Kia,RP,,9.0,3.0,1,32,2,1,2,0,0,1,0,,Home,창원 NC 파크,17:00,24.0
배재환,2020,NC,2020-09-11,vs. KT,RP,,0.0,9.0,0 ⅓,23,0,0,0,0,1,3,0,,Home,창원 NC 파크,18:30,25.2
배재환,2020,NC,2020-09-09,vs. Lotte,RP,,0.0,3.0,0 ⅓,12,0,0,0,0,1,1,1,,Home,창원 NC 파크,18:30,25.9
배재환,2020,NC,2020-09-04,@ LG,RP,,0.0,0.0,0 ⅓,3,0,0,0,0,1,0,0,,Away,잠실 야구장,18:30,25.5
배재환,2020,NC,2020-09-02,@ Kiwoom,RP,,9.0,2.0,1,18,1,1,1,0,0,1,0,,Away,고척 스카이돔,18:30,25.5
배재환,2020,NC,2020-08-28,vs. Doosan,RP,,9.0,3.0,1,23,1,1,2,0,1,1,0,,Home,창원 NC 파크,18:30,30.1
배재환,2020,NC,2020-08-26,vs. Hanwha,RP,,9.0,1.0,1,23,1,1,1,1,0,0,0,,Home,창원 NC 파크,18:30,30.1
배재환,2020,NC,2020-08-23,@ KT,RP,,0.0,0.0,1,9,0,0,0,0,0,0,0,,Away,수원 KT 위즈파크,17:00,30.0
배재환,2020,NC,2020-08-21,@ Kia,RP,,0.0,,0,3,1,1,1,1,0,0,1,,Away,광주 기아 챔피언스 필드,18:30,31.8
배재환,2020,NC,2020-08-19,vs. Kiwoom,RP,,0.0,0.0,1,15,0,0,0,0,2,0,1,,Home,창원 NC 파크,18:30,33.3
배재환,2020,NC,2020-08-16,vs. LG,RP,,0.0,2.0,1,13,0,0,1,0,0,1,0,,Home,창원 NC 파크,17:00,32.5
배재환,2020,NC,2020-08-14,vs. LG,RP,,0.0,1.5,0 ⅔,12,0,0,1,0,0,0,0,,Home,창원 NC 파크,18:30,30.8
배재환,2020,NC,2020-08-09,@ Kia,RP,,0.0,1.0,1,18,0,0,1,0,2,0,0,,Away,광주 기아 챔피언스 필드,17:00,32.0
배재환,2020,NC,2020-08-06,@ Hanwha,RP,H,0.0,1.5,0 ⅔,20,0,0,0,0,2,1,0,,Away,대전 한화생명 볼파크,18:30,29.1
배재환,2020,NC,2020-08-02,vs. Doosan,RP,,0.0,0.0,0 ⅔,5,0,0,0,0,0,0,0,,Home,창원 NC 파크,17:00,30.4
배재환,2020,NC,2020-08-01,vs. Doosan,RP,,40.5,6.0,0 ⅔,15,3,3,3,0,0,1,0,,Home,창원 NC 파크,18:00,29.2
배재환,2020,NC,2020-07-28,@ Lotte,RP,,0.0,1.5,0 ⅔,9,0,0,0,0,0,1,0,,Away,사직 야구장,18:30,24.9
배재환,2020,NC,2020-07-26,@ KT,RP,L,0.0,2.0,1,23,2,0,2,0,1,0,0,,Away,수원 KT 위즈파크,17:00,26.7
배재환,2020,NC,2020-07-24,@ KT,RP,H,0.0,4.5,0 ⅔,28,0,0,1,0,1,2,0,,Away,수원 KT 위즈파크,18:30,26.0
배재환,2020,NC,2020-07-21,vs. Samsung,RP,H,0.0,0.0,1,10,0,0,0,0,0,0,0,,Home,창원 NC 파크,18:30,28.4
배재환,2020,NC,2020-07-19,vs. KT,RP,,0.0,0.0,1,13,0,0,0,0,1,0,0,,Home,창원 NC 파크,17:00,26.8
배재환,2020,NC,2020-07-17,vs. KT,RP,,6.75,1.5,1 ⅓,16,1,1,2,0,2,0,0,,Home,창원 NC 파크,18:30,25.3
배재환,2020,NC,2020-07-15,@ Kiwoom,RP,H,0.0,1.0,1,16,0,0,1,0,2,0,0,,Away,고척 스카이돔,18:30,25.5
배재환,2020,NC,2020-07-07,@ SK,RP,,0.0,,0,13,0,0,1,0,0,2,0,,Away,인천 SSG 랜더스필드,18:30,26.4
배재환,2020,NC,2020-07-05,vs. Kia,RP,,0.0,1.0,1,13,0,0,0,0,0,1,0,,Home,창원 NC 파크,17:00,24.9
배재환,2020,NC,2020-07-01,vs. Lotte,RP,,0.0,,0,4,0,0,0,0,0,1,0,,Home,창원 NC 파크,18:30,24.3
배재환,2020,NC,2020-06-30,vs. Lotte,RP,,13.5,1.5,0 ⅔,7,1,1,1,1,0,0,0,,Home,창원 NC 파크,18:30,25.8
배재환,2020,NC,2020-06-27,@ Doosan,RP,L,0.0,,0,9,2,2,2,0,0,0,0,,Away,잠실 야구장,17:00,28.4
배재환,2020,NC,2020-06-26,@ Doosan,RP,H,0.0,0.0,1,7,0,0,0,0,0,0,0,,Away,잠실 야구장,18:30,25.6
배재환,2020,NC,2020-06-25,@ KT,RP,H,0.0,1.0,1,13,0,0,0,0,0,1,0,,Away,수원 KT 위즈파크,18:30,24.2
배재환,2020,NC,2020-06-23,@ KT,RP,H,0.0,2.0,1,13,0,0,1,0,0,1,0,,Away,수원 KT 위즈파크,18:30,27.0
배재환,2020,NC,2020-06-21,vs. Hanwha,RP,,27.0,4.5,0 ⅔,19,2,2,2,0,0,1,0,,Home,창원 NC 파크,17:00,23.5
배재환,2020,NC,2020-06-19,vs. Hanwha,RP,H,0.0,0.0,1,6,0,0,0,0,1,0,0,,Home,창원 NC 파크,18:30,24.3
배재환,2020,NC,2020-06-17,@ Kia,RP,,0.0,2.0,1,14,0,0,1,0,0,1,0,,Away,광주 기아 챔피언스 필드,18:30,25.1
배재환,2020,NC,2020-06-14,vs. Kiwoom,RP,H,0.0,0.0,1 ⅓,18,0,0,0,0,0,0,1,,Home,창원 NC 파크,17:00,29.2
배재환,2020,NC,2020-06-12,vs. Kiwoom,RP,L,9.0,2.0,1,21,1,1,1,0,1,1,1,,Home,창원 NC 파크,18:30,27.3
배재환,2020,NC,2020-06-11,vs. Doosan,RP,H,0.0,0.0,1,17,0,0,0,0,3,0,0,,Home,창원 NC 파크,18:30,27.2
배재환,2020,NC,2020-06-09,vs. Doosan,RP,,0.0,1.0,1,16,0,0,1,0,2,0,0,,Home,창원 NC 파크,18:30,25.6
배재환,2020,NC,2020-06-06,@ Hanwha,RP,,9.0,1.0,1,11,1,1,1,1,1,0,0,,Away,대전 한화생명 볼파크,17:00,29.8
배재환,2020,NC,2020-06-03,vs. SK,RP,,0.0,0.0,1,15,0,0,0,0,1,0,0,,Home,창원 NC 파크,18:30,25.6
배재환,2020,NC,2020-05-30,@ Samsung,RP,,27.0,6.0,0 ⅓,13,1,1,1,0,1,1,0,,Away,대구 삼성 라이온즈 파크,17:00,21.3
배재환,2020,NC,2020-05-28,vs. Kiwoom,RP,,0.0,3.0,1,27,0,0,1,0,1,2,0,,Home,창원 NC 파크,18:30,22.6
배재환,2020,NC,2020-05-27,vs. Kiwoom,RP,,0.0,0.0,0 ⅓,3,0,0,0,0,1,0,0,,Home,창원 NC 파크,18:30,19.9
배재환,2020,NC,2020-05-24,vs. Hanwha,RP,H,0.0,0.0,0 ⅓,6,0,0,0,0,0,0,1,,Home,창원 NC 파크,14:00,24.2
배재환,2020,NC,2020-05-21,@ Doosan,RP,,0.0,0.5,2,31,0,0,1,0,1,0,0,,Away,잠실 야구장,18:30,21.9
배재환,2020,NC,2020-05-19,@ Doosan,RP,H,54.0,6.0,0 ⅓,16,2,2,0,0,0,2,0,,Away,잠실 야구장,18:30,14.9
배재환,2020,NC,2020-05-17,@ SK,RP,,0.0,1.0,1,13,0,0,1,0,2,0,0,,Away,인천 SSG 랜더스필드,14:00,20.6
배재환,2020,NC,2020-05-16,@ SK,RP,W,0.0,1.0,1,9,0,0,1,0,0,0,0,,Away,인천 SSG 랜더스필드,17:00,16.7
배재환,2020,NC,2020-05-12,vs. KT,RP,,0.0,3.0,1,31,0,0,2,0,0,1,0,,Home,창원 NC 파크,18:30,19.4
배재환,2020,NC,2020-05-10,vs. LG,RP,,0.0,2.25,1 ⅓,36,0,0,1,0,0,2,0,,Home,창원 NC 파크,14:00,21.1
배재환,2020,NC,2020-05-08,vs. LG,RP,,0.0,0.0,1,15,0,0,0,0,1,0,2,,Home,창원 NC 파크,18:30,19.9
배재환,2020,NC,2020-05-05,@ Samsung,RP,,0.0,6.0,0 ⅓,16,0,0,0,0,0,2,0,,Away,대구 삼성 라이온즈 파크,14:00,18.1
최성영,2024,NC,2024-09-29,@ Hanwha,SP,W,1.8,1.0,5,64,1,1,4,0,1,1,0,55.0,Away,대전 한화생명 볼파크,14:00,26.4
최성영,2024,NC,2024-09-26,vs. SSG,RP,,0.0,0.0,1,11,0,0,0,0,1,0,0,,Home,창원 NC 파크,18:30,26.9
최성영,2024,NC,2024-09-15,vs. LG,SP,W,0.0,1.0,6,84,0,0,4,0,2,2,0,64.0,Home,창원 NC 파크,14:00,32.5
최성영,2024,NC,2024-08-15,vs. SSG,RP,,9.0,2.0,1,27,1,1,2,0,1,0,0,,Home,창원 NC 파크,18:30,28.8
최성영,2024,NC,2024-08-10,@ LG,RP,,9.0,3.0,1,24,1,1,2,0,2,1,0,,Away,잠실 야구장,18:00,33.0
최성영,2024,NC,2024-08-09,@ LG,RP,,0.0,0.0,1,12,0,0,0,0,1,0,0,,Away,잠실 야구장,18:30,33.1
최성영,2024,NC,2024-07-28,vs. Lotte,SP,,3.38,2.25,2 ⅔,52,4,1,4,0,2,2,0,40.0,Home,창원 NC 파크,17:00,33.2
최성영,2024,NC,2024-07-23,@ Kia,RP,,0.0,1.5,2,30,0,0,3,0,1,0,0,,Away,광주 기아 챔피언스 필드,18:30,29.9
최성영,2024,NC,2024-07-12,vs. Kiwoom,RP,,0.0,0.0,0 ⅓,1,0,0,0,0,0,0,0,,Home,창원 NC 파크,18:30,29.3
최성영,2024,NC,2024-07-10,@ Samsung,RP,,9.0,2.0,1,17,1,1,1,0,1,1,0,,Away,대구 삼성 라이온즈 파크,18:30,25.8
최성영,2024,NC,2024-06-23,@ SSG,SP,,6.0,2.33,3,52,4,2,6,1,1,1,0,35.0,Away,인천 SSG 랜더스필드,17:00,27.5
최성영,2024,NC,2024-05-31,@ Lotte,RP,,12.0,3.33,3,62,6,4,8,1,0,2,0,,Away,사직 야구장,18:30,21.8
최성영,2024,NC,2024-05-28,vs. Kia,RP,,12.0,2.33,3,57,4,4,6,1,4,1,0,,Home,창원 NC 파크,18:30,22.1
최성영,2024,NC,2024-05-24,@ LG,RP,,11.25,1.5,4,61,5,5,6,1,2,0,0,,Away,잠실 야구장,18:30,24.2
최성영,2024,NC,2024-05-18,vs. Kia,RP,,6.0,1.33,3,56,2,2,3,0,1,1,0,,Home,창원 NC 파크,17:00,25.5
최성영,2024,NC,2024-05-15,@ Hanwha,RP,,0.0,1.5,0 ⅔,14,0,0,1,0,0,0,0,,Away,대전 한화생명 볼파크,18:30,11.1
최성영,2024,NC,2024-04-20,@ Kia,RP,,0.0,3.0,1,35,0,0,1,0,1,2,0,,Away,광주 기아 챔피언스 필드,17:00,17.9
최성영,2024,NC,2024-04-14,@ Samsung,RP,,18.0,3.0,1,19,2,2,3,1,1,0,0,,Away,대구 삼성 라이온즈 파크,14:00,23.0
최성영,2024,NC,2024-04-11,vs. KT,RP,,10.8,2.4,1 ⅔,36,2,2,2,1,2,2,0,,Home,창원 NC 파크,18:30,16.4
최성영,2024,NC,2024-04-09,vs. KT,RP,,0.0,1.0,1,16,0,0,1,0,2,0,0,,Home,창원 NC 파크,18:30,15.0
최성영,2024,NC,2024-04-04,@ LG,RP,H,0.0,1.13,2 ⅔,39,0,0,2,0,0,1,0,,Away,잠실 야구장,18:30,17.5
최성영,2024,NC,2024-03-31,@ Lotte,RP,SV,0.0,0.0,0 ⅓,3,0,0,0,0,1,0,0,,Away,사직 야구장,14:00,15.1
최성영,2024,NC,2024-03-30,@ Lotte,RP,,0.0,2.0,1,16,0,0,2,0,1,0,0,,Away,사직 야구장,17:00,15.6
최성영,2024,NC,2024-03-26,vs. Kiwoom,RP,,108.0,12.0,0 ⅓,21,4,4,4,1,1,0,0,,Home,창원 NC 파크,18:30,11.2
최성영,2023,NC,2023-10-17,@ Kia,RP,L,27.0,4.5,0 ⅔,16,2,2,3,0,0,0,0,,Away,광주 기아 챔피언스 필드,18:30,17.9
최성영,2023,NC,2023-10-09,vs. Hanwha,RP,,6.75,3.75,1 ⅓,37,1,1,2,1,0,3,0,,Home,창원 NC 파크,18:30,20.3
최성영,2023,NC,2023-10-04,@ SSG,SP,L,10.38,1.62,4 ⅓,74,5,5,6,0,2,1,0,32.0,Away,인천 SSG 랜더스필드,18:30,20.4
최성영,2023,NC,2023-09-28,vs. Kia,SP,,11.57,2.57,2 ⅓,42,3,3,6,2,1,0,1,33.0,Home,창원 NC 파크,18:30,26.0
최성영,2023,NC,2023-09-22,@ LG,SP,,10.13,2.25,2 ⅔,67,4,3,2,0,2,4,0,38.0,Away,잠실 야구장,18:30,23.7
최성영,2023,NC,2023-09-15,vs. Samsung,SP,,1.8,1.2,5,76,1,1,3,0,2,3,2,54.0,Home,창원 NC 파크,18:30,27.0
최성영,2023,NC,2023-09-09,vs. Lotte,SP,,9.82,2.18,3 ⅔,77,4,4,6,1,5,2,0,36.0,Home,창원 NC 파크,17:00,26.9
최성영,2023,NC,2023-09-03,@ Samsung,SP,L,12.0,3.0,3,78,4,4,7,0,3,2,0,30.0,Away,대구 삼성 라이온즈 파크,14:00,31.0
최성영,2023,NC,2023-08-27,vs. LG,SP,W,3.0,1.0,6,68,2,2,5,0,2,1,0,55.0,Home,창원 NC 파크,17:00,30.8
최성영,2023,NC,2023-08-16,vs. Hanwha,SP,,1.8,1.4,5,91,1,1,5,0,1,2,0,52.0,Home,창원 NC 파크,18:30,28.8
최성영,2023,NC,2023-08-09,@ SSG,SP,L,3.86,1.29,4 ⅔,68,2,2,5,1,2,1,0,47.0,Away,인천 SSG 랜더스필드,18:30,31.0
최성영,2023,NC,2023-06-20,vs. LG,SP,,0.0,0.43,2 ⅓,31,0,0,0,0,0,1,0,56.0,Home,창원 NC 파크,18:30,24.3
최성영,2023,NC,2023-06-14,vs. Doosan,SP,,9.0,2.0,4,72,4,4,5,0,0,3,0,33.0,Home,창원 NC 파크,18:30,23.3
최성영,2023,NC,2023-06-08,@ Samsung,SP,W,1.8,1.8,5,84,1,1,7,0,3,2,2,48.0,Away,대구 삼성 라이온즈 파크,18:30,24.1
최성영,2023,NC,2023-06-02,@ LG,RP,W,3.0,1.0,6,78,2,2,5,1,4,1,0,,Away,잠실 야구장,18:30,25.1
최성영,2023,NC,2023-05-24,@ Lotte,SP,W,1.8,2.0,5,97,1,1,5,0,4,5,0,52.0,Away,사직 야구장,18:30,19.0
최성영,2023,NC,2023-05-19,vs. Samsung,RP,,0.0,1.2,1 ⅔,21,0,0,2,0,3,0,0,,Home,창원 NC 파크,18:30,21.1
최성영,2023,NC,2023-05-16,vs. SSG,RP,W,0.0,1.0,4,56,0,0,3,0,4,1,0,,Home,창원 NC 파크,18:30,23.2
최성영,2020,NC,2020-10-09,@ LG,SP,L,8.1,1.5,3 ⅓,54,3,3,4,1,0,1,1,38.0,Away,잠실 야구장,18:30,20.0
최성영,2020,NC,2020-09-24,vs. LG,SP,,19.29,2.57,2 ⅓,44,5,5,5,2,4,1,0,30.0,Home,창원 NC 파크,18:30,23.1
최성영,2020,NC,2020-08-23,@ KT,SP,L,18.0,4.0,2,52,4,4,5,0,1,3,0,28.0,Away,수원 KT 위즈파크,17:00,30.0
최성영,2020,NC,2020-08-16,vs. LG,SP,L,5.79,2.14,4 ⅔,94,6,3,6,2,2,4,0,32.0,Home,창원 NC 파크,17:00,32.5
최성영,2020,NC,2020-08-09,@ Kia,SP,W,1.8,1.6,5,99,1,1,2,0,2,6,0,55.0,Away,광주 기아 챔피언스 필드,17:00,32.0
최성영,2020,NC,2020-08-02,vs. Doosan,SP,,5.06,1.31,5 ⅓,88,3,3,6,0,3,1,0,46.0,Home,창원 NC 파크,17:00,30.4
최성영,2020,NC,2020-07-21,vs. Samsung,SP,,8.1,1.8,3 ⅓,68,3,3,3,1,0,3,0,39.0,Home,창원 NC 파크,18:30,28.4
최성영,2020,NC,2020-07-15,@ Kiwoom,SP,,3.6,2.0,5,106,2,2,6,0,2,4,0,45.0,Away,고척 스카이돔,18:30,25.5
최성영,2020,NC,2020-07-09,@ SK,SP,W,3.0,1.17,6,97,2,2,3,1,4,4,0,58.0,Away,인천 SSG 랜더스필드,18:30,29.0
최성영,2020,NC,2020-07-03,vs. Kia,SP,L,5.14,0.86,7,91,4,4,5,2,2,1,0,52.0,Home,창원 NC 파크,18:30,23.1
최성영,2020,NC,2020-06-27,@ Doosan,SP,,4.5,1.5,6,96,3,3,6,1,4,3,0,49.0,Away,잠실 야구장,17:00,28.4
최성영,2020,NC,2020-06-09,vs. Doosan,SP,,9.82,2.18,3 ⅔,77,4,4,6,1,1,2,0,32.0,Home,창원 NC 파크,18:30,25.6
최성영,2020,NC,2020-06-03,vs. SK,SP,,7.36,2.18,3 ⅔,63,4,3,6,1,1,2,1,33.0,Home,창원 NC 파크,18:30,25.6
최성영,2020,NC,2020-05-28,vs. Kiwoom,RP,,2.7,1.2,3 ⅓,60,1,1,4,1,1,0,1,,Home,창원 NC 파크,18:30,22.6
최우석,2024,NC,2024-09-29,@ Hanwha,RP,,0.0,0.0,1,9,0,0,0,0,1,0,0,,Away,대전 한화생명 볼파크,14:00,26.4
최우석,2024,NC,2024-09-26,vs. SSG,RP,,0.0,1.0,1,12,0,0,1,0,1,0,0,,Home,창원 NC 파크,18:30,26.9
최우석,2024,NC,2024-09-24,@ Doosan,RP,,0.0,1.0,1,9,0,0,0,0,0,1,0,,Away,잠실 야구장,18:30,24.0
최우석,2024,NC,2024-09-12,@ KT,RP,,0.0,2.25,1 ⅓,22,0,0,2,0,1,1,0,,Away,수원 KT 위즈파크,18:30,29.3
최우석,2024,NC,2024-09-06,vs. KT,RP,,0.0,0.0,1,11,0,0,0,0,1,0,0,,Home,창원 NC 파크,18:30,28.7
최우석,2024,NC,2024-08-28,vs. Doosan,RP,,27.0,3.0,0 ⅓,6,1,1,1,1,0,0,0,,Home,창원 NC 파크,18:30,29.8
최우석,2024,NC,2024-06-12,vs. KT,RP,,9.0,4.0,1,34,1,1,1,0,2,3,0,,Home,창원 NC 파크,18:30,28.3
최우석,2024,NC,2024-06-06,vs. Doosan,RP,,0.0,2.0,1,16,0,0,1,0,0,1,0,,Home,창원 NC 파크,18:30,23.0
최우석,2024,NC,2024-05-24,@ LG,RP,,9.0,1.0,1,20,1,1,1,1,2,0,0,,Away,잠실 야구장,18:30,24.2
전사민,2024,NC,2024-09-30,@ Kia,RP,,18.0,4.0,1,20,2,2,4,1,1,0,0,,Away,광주 기아 챔피언스 필드,18:30,26.0
전사민,2024,NC,2024-09-27,@ Lotte,RP,,20.25,3.75,1 ⅓,30,3,3,3,0,0,2,0,,Away,사직 야구장,18:30,26.5
전사민,2024,NC,2024-08-01,@ Kiwoom,RP,,27.0,9.0,0 ⅓,23,1,1,0,0,1,3,1,,Away,고척 스카이돔,18:30,25.5
전사민,2024,NC,2024-07-27,vs. Lotte,RP,,22.5,3.5,2,41,5,5,5,1,1,2,0,,Home,창원 NC 파크,18:00,32.0
전사민,2024,NC,2024-06-26,@ Kiwoom,RP,,40.5,4.5,0 ⅔,33,3,3,2,1,0,1,1,,Away,고척 스카이돔,18:30,25.5
전사민,2024,NC,2024-06-22,@ SSG,RP,,8.1,1.5,3 ⅓,44,3,3,3,0,3,2,0,,Away,인천 SSG 랜더스필드,17:00,26.1
전사민,2024,NC,2024-06-18,@ Doosan,RP,,0.0,2.0,1,18,0,0,1,0,0,1,0,,Away,잠실 야구장,18:30,28.9
전사민,2024,NC,2024-06-12,vs. KT,RP,,3.38,1.13,2 ⅔,52,1,1,2,0,3,1,0,,Home,창원 NC 파크,18:30,28.3
전사민,2024,NC,2024-06-06,vs. Doosan,RP,,0.0,2.0,1,19,0,0,2,0,1,0,0,,Home,창원 NC 파크,18:30,23.0
전사민,2024,NC,2024-06-02,@ Lotte,RP,,9.0,2.0,1,23,1,1,2,0,1,0,0,,Away,사직 야구장,17:00,21.6
전사민,2024,NC,2024-05-30,vs. Kia,RP,,10.13,3.0,2 ⅔,47,3,3,6,0,1,2,0,,Home,창원 NC 파크,18:30,22.1
전사민,2024,NC,2024-05-28,vs. Kia,RP,,0.0,2.0,1,24,0,0,1,0,1,1,0,,Home,창원 NC 파크,18:30,22.1
전사민,2024,NC,2024-05-24,@ LG,RP,,0.0,0.0,1,15,0,0,0,0,0,0,0,,Away,잠실 야구장,18:30,24.2
전사민,2024,NC,2024-05-18,vs. Kia,RP,,0.0,1.0,2,29,0,0,2,0,2,0,0,,Home,창원 NC 파크,17:00,25.5
전사민,2024,NC,2024-05-12,vs. Samsung,RP,,13.5,3.0,0 ⅔,10,1,1,1,0,0,1,0,,Home,창원 NC 파크,14:00,21.8
전사민,2024,NC,2024-05-09,@ KT,RP,,18.0,3.0,1,31,2,2,3,0,1,0,1,,Away,수원 KT 위즈파크,18:30,19.3
전사민,2024,NC,2024-05-03,@ SSG,RP,,0.0,3.0,1,20,0,0,2,0,1,1,0,,Away,인천 SSG 랜더스필드,18:30,21.5
전사민,2023,NC,2023-07-26,vs. Kia,RP,,15.43,2.14,2 ⅓,49,4,4,1,1,0,4,0,,Home,창원 NC 파크,18:30,31.5
전사민,2023,NC,2023-07-09,vs. Samsung,RP,,0.0,1.5,2,32,0,0,1,0,1,2,0,,Home,창원 NC 파크,17:00,28.6
전사민,2023,NC,2023-07-04,@ Kiwoom,RP,,9.0,2.0,2,46,2,2,3,0,2,1,1,,Away,고척 스카이돔,18:30,25.5
전사민,2023,NC,2023-06-22,vs. LG,RP,L,3.0,2.33,3,44,1,1,4,0,2,3,0,,Home,창원 NC 파크,18:30,27.3
전사민,2023,NC,2023-06-21,vs. LG,RP,L,54.0,6.0,0 ⅓,10,3,2,2,0,0,0,1,,Home,창원 NC 파크,18:30,24.6
전사민,2023,NC,2023-06-18,@ Kia,RP,,0.0,0.67,3,47,0,0,1,0,0,1,0,,Away,광주 기아 챔피언스 필드,17:00,30.0
전사민,2023,NC,2023-06-16,@ Kia,RP,,0.0,0.0,0 ⅓,1,0,0,0,0,0,0,0,,Away,광주 기아 챔피언스 필드,18:30,29.3
전사민,2023,NC,2023-05-26,vs. Hanwha,RP,SV,0.0,2.0,3,43,0,0,3,0,1,3,0,,Home,창원 NC 파크,18:30,20.6
전사민,2023,NC,2023-05-25,@ Lotte,RP,,0.0,2.0,1,11,0,0,2,0,0,0,0,,Away,사직 야구장,18:30,19.5
전사민,2022,NC,2022-09-25,vs. KT,RP,,0.0,1.5,2,37,1,0,1,0,1,2,0,,Home,창원 NC 파크,14:00,21.1
전사민,2022,NC,2022-09-20,@ Doosan,RP,,0.0,0.0,1,14,0,0,0,0,1,0,0,,Away,잠실 야구장,18:30,21.9
전사민,2022,NC,2022-09-16,vs. SSG,RP,,0.0,2.0,1,21,0,0,1,0,0,1,0,,Home,창원 NC 파크,18:30,28.3
전사민,2022,NC,2022-09-09,@ KT,RP,,0.0,1.0,1,14,0,0,0,0,0,1,0,,Away,수원 KT 위즈파크,18:30,26.0
전사민,2022,NC,2022-09-04,@ Hanwha,RP,,0.0,0.0,1,11,0,0,0,0,0,0,0,,Away,대전 한화생명 볼파크,14:00,28.8
전사민,2022,NC,2022-09-03,@ Hanwha,RP,,27.0,4.0,1,29,3,3,2,1,0,2,0,,Away,대전 한화생명 볼파크,17:00,25.6
전사민,2022,NC,2022-08-23,vs. Lotte,RP,,0.0,0.75,1 ⅓,17,0,0,1,0,0,0,0,,Home,창원 NC 파크,18:30,28.0
한재승,2024,NC,2024-09-28,vs. Doosan,RP,,0.0,1.0,1,17,0,0,1,0,1,0,0,,Home,창원 NC 파크,17:00,26.5
한재승,2024,NC,2024-09-25,vs. SSG,RP,,0.0,1.0,1,8,0,0,1,0,0,0,0,,Home,창원 NC 파크,18:30,25.7
한재승,2024,NC,2024-09-17,vs. Hanwha,RP,,0.0,1.5,0 ⅔,15,0,0,1,0,0,0,0,,Home,창원 NC 파크,18:30,31.9
한재승,2024,NC,2024-09-10,@ KT,RP,,0.0,1.0,1,13,0,0,0,0,0,1,0,,Away,수원 KT 위즈파크,18:30,31.5
한재승,2024,NC,2024-09-08,@ Samsung,RP,,18.0,2.0,1,20,2,2,2,1,2,0,0,,Away,대구 삼성 라이온즈 파크,14:00,33.6
한재승,2024,NC,2024-09-07,@ Samsung,RP,,0.0,0.0,1,8,0,0,0,0,1,0,0,,Away,대구 삼성 라이온즈 파크,17:00,30.8
한재승,2024,NC,2024-09-05,vs. Kiwoom,RP,,27.0,7.5,0 ⅔,28,2,2,1,0,1,4,0,,Home,창원 NC 파크,18:30,30.9
한재승,2024,NC,2024-09-04,vs. Kiwoom,RP,,0.0,0.0,1,9,0,0,0,0,1,0,0,,Home,창원 NC 파크,18:30,28.6
한재승,2024,NC,2024-08-27,vs. Doosan,RP,,27.0,6.0,0 ⅓,12,1,1,2,0,0,0,0,,Home,창원 NC 파크,18:30,30.2
한재승,2024,NC,2024-08-23,vs. Kia,RP,,0.0,0.0,2,22,0,0,0,0,1,0,0,,Home,창원 NC 파크,18:30,32.7
한재승,2024,NC,2024-08-18,vs. Samsung,RP,,0.0,0.0,0 ⅓,2,0,0,0,0,0,0,0,,Home,창원 NC 파크,17:00,31.7
한재승,2024,NC,2024-08-02,vs. KT,RP,L,9.0,3.0,1,24,2,1,1,1,0,2,0,,Home,창원 NC 파크,18:30,34.2
한재승,2024,NC,2024-07-31,@ Kiwoom,RP,,0.0,1.0,2,24,0,0,1,0,0,1,0,,Away,고척 스카이돔,18:30,25.5
한재승,2024,NC,2024-07-28,vs. Lotte,RP,,6.75,2.25,1 ⅓,23,1,1,2,0,1,1,0,,Home,창원 NC 파크,17:00,33.2
한재승,2024,NC,2024-07-26,vs. Lotte,RP,,0.0,1.0,1,14,0,0,0,0,2,1,0,,Home,창원 NC 파크,18:30,31.2
한재승,2024,NC,2024-06-22,@ SSG,RP,,0.0,,0,13,3,3,0,0,0,1,3,,Away,인천 SSG 랜더스필드,17:00,26.1
한재승,2024,NC,2024-06-18,@ Doosan,RP,,0.0,2.0,1,20,0,0,1,0,2,1,0,,Away,잠실 야구장,18:30,28.9
한재승,2024,NC,2024-06-16,vs. Samsung,RP,,0.0,0.0,0 ⅓,1,0,0,0,0,0,0,0,,Home,창원 NC 파크,17:00,29.1
한재승,2024,NC,2024-06-15,vs. Samsung,RP,,0.0,,0,7,1,1,1,0,0,1,0,,Home,창원 NC 파크,17:00,29.9
한재승,2024,NC,2024-06-11,vs. KT,RP,H,0.0,1.5,0 ⅔,17,0,0,0,0,2,1,0,,Home,창원 NC 파크,18:30,26.6
한재승,2024,NC,2024-06-09,@ Hanwha,RP,,0.0,1.0,1,24,0,0,0,0,1,1,0,,Away,대전 한화생명 볼파크,17:00,28.7
한재승,2024,NC,2024-06-05,vs. Doosan,RP,,9.0,2.0,1,16,1,1,2,0,0,0,0,,Home,창원 NC 파크,18:30,21.4
한재승,2024,NC,2024-06-02,@ Lotte,RP,,54.0,6.0,0 ⅓,19,2,2,1,0,1,1,0,,Away,사직 야구장,17:00,21.6
한재승,2024,NC,2024-06-01,@ Lotte,RP,W,0.0,0.0,1,16,0,0,0,0,1,0,0,,Away,사직 야구장,17:00,24.0
한재승,2024,NC,2024-05-29,vs. Kia,RP,,0.0,2.0,1,26,0,0,1,0,2,1,0,,Home,창원 NC 파크,18:30,23.2
한재승,2024,NC,2024-05-25,@ LG,RP,,0.0,1.0,1,14,0,0,1,0,1,0,0,,Away,잠실 야구장,17:00,23.9
한재승,2024,NC,2024-05-23,@ Kiwoom,RP,L,18.0,2.0,1,22,2,2,2,0,1,0,0,,Away,고척 스카이돔,18:30,25.5
한재승,2024,NC,2024-05-19,vs. Kia,RP,,0.0,0.0,1 ⅓,18,0,0,0,0,2,0,0,,Home,창원 NC 파크,14:00,29.9
한재승,2024,NC,2024-05-17,vs. Kia,RP,,0.0,1.0,1,17,0,0,0,0,1,1,0,,Home,창원 NC 파크,18:30,20.9
한재승,2024,NC,2024-05-16,@ Hanwha,RP,H,27.0,6.0,0 ⅓,17,1,1,0,0,1,2,0,,Away,대전 한화생명 볼파크,18:30,18.2
한재승,2024,NC,2024-05-14,@ Hanwha,RP,,0.0,1.0,1,17,0,0,1,0,2,0,0,,Away,대전 한화생명 볼파크,18:30,24.3
한재승,2024,NC,2024-05-11,vs. Samsung,RP,,0.0,6.0,0 ⅓,16,0,0,1,0,0,1,0,,Home,창원 NC 파크,17:00,21.5
한재승,2024,NC,2024-05-10,vs. Samsung,RP,,0.0,0.0,1,12,0,0,0,0,0,0,0,,Home,창원 NC 파크,18:30,21.3
한재승,2024,NC,2024-05-08,@ KT,RP,,0.0,0.5,2,25,0,0,1,0,1,0,0,,Away,수원 KT 위즈파크,18:30,17.6
한재승,2024,NC,2024-05-04,@ SSG,RP,H,13.5,9.0,0 ⅔,32,1,1,4,0,0,2,0,,Away,인천 SSG 랜더스필드,17:00,23.2
한재승,2024,NC,2024-04-27,vs. Lotte,RP,H,0.0,0.0,1,11,0,0,0,0,1,0,0,,Home,창원 NC 파크,17:00,23.7
한재승,2024,NC,2024-04-26,vs. Lotte,RP,H,0.0,0.0,1,14,0,0,0,0,1,0,0,,Home,창원 NC 파크,18:30,19.4
한재승,2024,NC,2024-04-21,@ Kia,RP,,0.0,2.0,1,31,0,0,1,0,2,1,0,,Away,광주 기아 챔피언스 필드,14:00,16.4
한재승,2024,NC,2024-04-19,@ Kia,RP,,0.0,0.0,1,9,0,0,0,0,1,0,0,,Away,광주 기아 챔피언스 필드,18:30,24.1
한재승,2024,NC,2024-04-17,vs. Hanwha,RP,,13.5,3.0,0 ⅔,21,1,1,2,0,1,0,0,,Home,창원 NC 파크,18:30,18.0
한재승,2024,NC,2024-04-16,vs. Hanwha,RP,,0.0,0.0,1,12,0,0,0,0,0,0,0,,Home,창원 NC 파크,18:30,21.0
한재승,2024,NC,2024-04-12,@ Samsung,RP,,0.0,1.0,1,16,0,0,1,0,2,0,0,,Away,대구 삼성 라이온즈 파크,18:30,18.2
한재승,2024,NC,2024-04-10,vs. KT,RP,H,0.0,0.0,0 ⅔,2,0,0,0,0,0,0,0,,Home,창원 NC 파크,18:30,13.5
한재승,2024,NC,2024-04-09,vs. KT,RP,,0.0,0.0,1,10,0,0,0,0,2,0,0,,Home,창원 NC 파크,18:30,15.0
한재승,2024,NC,2024-04-07,vs. SSG,RP,,0.0,1.0,1,11,0,0,1,0,2,0,0,,Home,창원 NC 파크,14:00,21.4
한재승,2024,NC,2024-04-06,vs. SSG,RP,,0.0,6.0,0 ⅓,14,0,0,1,0,1,1,0,,Home,창원 NC 파크,17:00,19.0
한재승,2024,NC,2024-04-03,@ LG,RP,,9.0,2.0,1,22,1,1,1,0,0,1,0,,Away,잠실 야구장,18:30,18.5
한재승,2024,NC,2024-03-31,@ Lotte,RP,,0.0,3.0,0 ⅔,12,0,0,2,0,0,0,0,,Away,사직 야구장,14:00,15.1
한재승,2024,NC,2024-03-29,@ Lotte,RP,,0.0,0.0,1 ⅓,15,0,0,0,0,1,0,0,,Away,사직 야구장,18:30,14.7
한재승,2024,NC,2024-03-26,vs. Kiwoom,RP,,0.0,0.0,0 ⅓,7,0,0,0,0,1,0,0,,Home,창원 NC 파크,18:30,11.2
한재승,2024,NC,2024-03-24,vs. Doosan,RP,,0.0,1.0,1,20,0,0,0,0,1,1,0,,Home,창원 NC 파크,14:00,13.5
한재승,2023,NC,2023-10-17,@ Kia,RP,,13.5,6.0,0 ⅔,26,1,1,4,0,1,0,0,,Away,광주 기아 챔피언스 필드,18:30,17.9
한재승,2023,NC,2023-10-03,@ SSG,RP,L,0.0,,0,9,2,2,0,0,0,2,0,,Away,인천 SSG 랜더스필드,18:30,20.6
한재승,2023,NC,2023-10-01,@ Hanwha,RP,,0.0,3.0,0 ⅔,20,0,0,2,0,1,0,0,,Away,대전 한화생명 볼파크,14:00,22.9
한재승,2023,NC,2023-09-30,@ Samsung,RP,,0.0,0.0,1,15,0,0,0,0,1,0,0,,Away,대구 삼성 라이온즈 파크,17:00,22.1
한재승,2023,NC,2023-09-28,vs. Kia,RP,,0.0,1.0,1,20,0,0,0,0,1,1,0,,Home,창원 NC 파크,18:30,26.0
한재승,2023,NC,2023-09-26,vs. Kia,RP,,0.0,3.0,0 ⅓,17,0,0,0,0,0,1,0,,Home,창원 NC 파크,18:30,25.7
한재승,2023,NC,2023-09-24,vs. Doosan,RP,,6.75,0.75,1 ⅓,17,1,1,1,1,1,0,0,,Home,창원 NC 파크,14:00,24.9
한재승,2023,NC,2023-09-23,vs. Doosan,RP,,0.0,0.0,1,13,0,0,0,0,2,0,0,,Home,창원 NC 파크,17:00,23.0
한재승,2023,NC,2023-09-13,vs. KT,RP,,5.4,1.2,1 ⅔,12,1,1,2,1,1,0,0,,Home,창원 NC 파크,18:30,28.9
한재승,2023,NC,2023-09-09,vs. Lotte,RP,,0.0,1.0,1,23,0,0,0,0,0,1,0,,Home,창원 NC 파크,17:00,26.9
한재승,2023,NC,2023-09-03,@ Samsung,RP,,0.0,0.0,1,11,0,0,0,0,2,0,0,,Away,대구 삼성 라이온즈 파크,14:00,31.0
한재승,2022,NC,2022-07-27,@ Kia,RP,,6.75,3.0,1 ⅓,33,2,1,3,0,0,1,0,,Away,광주 기아 챔피언스 필드,18:30,30.6
한재승,2022,NC,2022-07-23,vs. LG,RP,,0.0,1.0,2,34,0,0,2,0,4,0,0,,Home,창원 NC 파크,18:00,26.2
한재승,2022,NC,2022-07-14,vs. Doosan,RP,,0.0,6.0,0 ⅓,7,0,0,2,0,0,0,0,,Home,창원 NC 파크,18:30,32.7
한재승,2022,NC,2022-07-12,vs. Doosan,RP,,0.0,3.0,0 ⅓,8,0,0,1,0,0,0,0,,Home,창원 NC 파크,18:30,26.8
한재승,2022,NC,2022-05-31,@ Hanwha,RP,,0.0,4.5,0 ⅔,25,0,0,0,0,1,3,0,,Away,대전 한화생명 볼파크,18:30,26.4
한재승,2022,NC,2022-05-26,vs. KT,RP,,0.0,1.0,1,14,0,0,0,0,1,1,0,,Home,창원 NC 파크,18:30,24.2
한재승,2022,NC,2022-05-21,@ Kia,RP,,18.0,3.0,1,35,2,2,2,0,1,1,0,,Away,광주 기아 챔피언스 필드,17:00,26.4
한재승,2022,NC,2022-05-18,vs. Kiwoom,RP,H,0.0,4.5,0 ⅔,22,0,0,1,0,1,2,0,,Home,창원 NC 파크,18:30,22.6
한재승,2022,NC,2022-05-15,@ SSG,RP,,0.0,1.0,1,15,0,0,1,0,1,0,0,,Away,인천 SSG 랜더스필드,14:00,18.2
한재승,2022,NC,2022-05-13,@ SSG,RP,H,0.0,6.0,0 ⅓,13,0,0,1,0,0,1,0,,Away,인천 SSG 랜더스필드,18:30,20.1
한재승,2022,NC,2022-05-10,@ Lotte,RP,,0.0,0.0,1,12,0,0,0,0,1,0,0,,Away,사직 야구장,18:30,17.1
한재승,2022,NC,2022-05-07,vs. LG,RP,,0.0,1.0,1,26,0,0,0,0,1,1,1,,Home,창원 NC 파크,17:00,25.4
전루건,2024,NC,2024-09-30,@ Kia,RP,,40.5,7.5,0 ⅔,37,3,3,2,0,0,3,1,,Away,광주 기아 챔피언스 필드,18:30,26.0
전루건,2024,NC,2024-09-27,@ Lotte,RP,,18.0,3.0,1,21,2,2,2,0,0,1,2,,Away,사직 야구장,18:30,26.5
전루건,2024,NC,2024-08-10,@ LG,RP,,13.5,2.5,2,48,3,3,1,0,0,4,0,,Away,잠실 야구장,18:00,33.0
전루건,2024,NC,2024-08-07,@ Lotte,RP,,0.0,2.0,1,21,0,0,1,0,0,1,0,,Away,사직 야구장,18:30,32.7
전루건,2024,NC,2024-08-04,vs. KT,RP,,0.0,,0,14,1,1,4,0,0,0,0,,Home,창원 NC 파크,17:00,32.6
전루건,2024,NC,2024-07-10,@ Samsung,RP,,45.0,5.0,1,33,5,5,5,0,0,0,1,,Away,대구 삼성 라이온즈 파크,18:30,25.8
전루건,2022,Doosan,2022-09-30,@ Samsung,RP,,18.0,4.0,1,26,2,2,3,0,1,1,0,,Away,대구 삼성 라이온즈 파크,18:30,24.4
전루건,2022,Doosan,2022-09-28,@ KT,RP,,18.0,3.0,1,24,2,2,2,0,1,1,0,,Away,수원 KT 위즈파크,18:30,23.9
전루건,2022,Doosan,2022-09-24,@ SSG,RP,,81.0,12.0,0 ⅓,17,3,3,3,0,0,1,0,,Away,인천 SSG 랜더스필드,17:00,21.9
전루건,2022,Doosan,2022-09-21,vs. NC,RP,,0.0,0.0,1,8,0,0,0,0,0,0,0,,Home,잠실 야구장,18:30,21.9
전루건,2022,Doosan,2022-09-18,@ SSG,RP,,27.0,3.0,1,13,3,3,3,1,0,0,0,,Away,인천 SSG 랜더스필드,14:00,30.4
전루건,2022,Doosan,2022-09-15,@ Samsung,RP,,36.0,4.0,1,26,4,4,3,0,1,1,0,,Away,대구 삼성 라이온즈 파크,18:30,26.1
전루건,2022,Doosan,2022-09-13,vs. LG,RP,,0.0,0.0,2,20,0,0,0,0,0,0,0,,Home,잠실 야구장,18:30,26.9
전루건,2022,Doosan,2022-09-07,@ NC,RP,,0.0,,0,14,3,3,1,0,0,2,0,,Away,창원 NC 파크,18:30,25.0
전루건,2022,Doosan,2022-09-02,vs. Lotte,RP,,13.5,2.0,2,42,3,3,2,1,0,2,0,,Home,잠실 야구장,18:30,28.0
김재열,2024,NC,2024-10-01,vs. Lotte,RP,,27.0,4.0,1,18,3,3,3,1,0,1,0,,Home,창원 NC 파크,18:30,24.9
김재열,2024,NC,2024-09-28,vs. Doosan,RP,L,9.0,3.0,1,22,1,1,1,0,1,2,0,,Home,창원 NC 파크,17:00,26.5
김재열,2024,NC,2024-09-19,vs. Hanwha,RP,,0.0,2.0,1,25,0,0,0,0,2,2,0,,Home,창원 NC 파크,18:30,31.9
김재열,2024,NC,2024-09-18,vs. Hanwha,RP,SV,0.0,0.0,1,14,0,0,0,0,2,0,0,,Home,창원 NC 파크,18:30,31.3
김재열,2024,NC,2024-09-15,vs. LG,RP,SV,0.0,0.0,1,6,0,0,0,0,1,0,0,,Home,창원 NC 파크,14:00,32.5
김재열,2024,NC,2024-09-11,@ KT,RP,,0.0,2.0,1,12,0,0,2,0,0,0,0,,Away,수원 KT 위즈파크,18:30,29.8
김재열,2024,NC,2024-09-05,vs. Kiwoom,RP,,0.0,2.0,1,18,0,0,1,0,2,1,0,,Home,창원 NC 파크,18:30,30.9
김재열,2024,NC,2024-08-31,@ SSG,RP,,0.0,0.0,1,9,0,0,0,0,0,0,0,,Away,인천 SSG 랜더스필드,18:00,30.4
김재열,2024,NC,2024-08-29,vs. Doosan,RP,,0.0,0.0,1,11,0,0,0,0,0,0,0,,Home,창원 NC 파크,18:30,30.6
김재열,2024,NC,2024-08-27,vs. Doosan,RP,,0.0,0.75,1 ⅓,11,0,0,1,0,2,0,0,,Home,창원 NC 파크,18:30,30.2
김재열,2024,NC,2024-08-25,vs. Kia,RP,,0.0,0.0,1,7,0,0,0,0,0,0,0,,Home,창원 NC 파크,17:00,32.5
김재열,2024,NC,2024-08-24,vs. Kia,RP,,6.75,1.5,1 ⅓,26,1,1,1,0,1,1,0,,Home,창원 NC 파크,18:00,32.8
김재열,2024,NC,2024-08-20,@ Hanwha,RP,L,0.0,,0,4,1,1,1,1,0,0,0,,Away,대전 한화생명 볼파크,18:30,31.0
김재열,2024,NC,2024-08-17,vs. Samsung,RP,,0.0,0.75,1 ⅓,25,0,0,1,0,2,0,0,,Home,창원 NC 파크,18:00,31.1
김재열,2024,NC,2024-08-06,@ Lotte,RP,L,0.0,4.5,0 ⅔,16,1,0,3,0,1,0,0,,Away,사직 야구장,18:30,31.2
김재열,2024,NC,2024-08-04,vs. KT,RP,,0.0,3.0,0 ⅓,10,0,0,0,0,1,1,0,,Home,창원 NC 파크,17:00,32.6
김재열,2024,NC,2024-08-02,vs. KT,RP,,18.0,5.0,1,19,2,2,4,0,0,1,0,,Home,창원 NC 파크,18:30,34.2
김재열,2024,NC,2024-08-01,@ Kiwoom,RP,,0.0,0.0,1,12,0,0,0,0,0,0,0,,Away,고척 스카이돔,18:30,25.5
김재열,2024,NC,2024-07-28,vs. Lotte,RP,,0.0,0.5,2,31,0,0,1,0,2,0,0,,Home,창원 NC 파크,17:00,33.2
김재열,2024,NC,2024-07-25,@ Kia,RP,,0.0,1.5,0 ⅔,12,0,0,1,0,1,0,0,,Away,광주 기아 챔피언스 필드,18:30,31.7
김재열,2024,NC,2024-07-18,vs. Hanwha,RP,H,9.0,3.0,1,25,1,1,2,0,0,1,0,,Home,창원 NC 파크,18:30,29.9
김재열,2024,NC,2024-07-13,vs. Kiwoom,RP,,0.0,3.0,0 ⅓,7,0,0,1,0,0,0,0,,Home,창원 NC 파크,18:00,27.4
김재열,2024,NC,2024-07-11,@ Samsung,RP,,0.0,2.0,1,14,0,0,1,0,1,1,0,,Away,대구 삼성 라이온즈 파크,18:30,25.6
김재열,2024,NC,2024-07-04,vs. SSG,RP,,0.0,0.6,1 ⅔,19,0,0,1,0,2,0,0,,Home,창원 NC 파크,18:30,30.2
김재열,2024,NC,2024-07-03,vs. SSG,RP,H,0.0,0.0,0 ⅓,3,0,0,0,0,0,0,0,,Home,창원 NC 파크,18:30,30.4
김재열,2024,NC,2024-06-30,vs. LG,RP,L,54.0,6.0,0 ⅓,7,2,2,1,0,0,1,0,,Home,창원 NC 파크,17:00,27.5
김재열,2024,NC,2024-06-28,vs. LG,RP,,0.0,2.0,1,13,0,0,2,0,1,0,0,,Home,창원 NC 파크,18:30,27.3
김재열,2024,NC,2024-06-27,@ Kiwoom,RP,,0.0,3.0,1,25,0,0,1,0,0,2,0,,Away,고척 스카이돔,18:30,25.5
김재열,2024,NC,2024-06-25,@ Kiwoom,RP,,0.0,0.0,1,17,0,0,0,0,3,0,0,,Away,고척 스카이돔,18:30,25.5
김재열,2024,NC,2024-06-23,@ SSG,RP,H,0.0,2.0,1,22,0,0,1,0,1,1,0,,Away,인천 SSG 랜더스필드,17:00,27.5
김재열,2024,NC,2024-06-21,@ SSG,RP,H,0.0,3.0,0 ⅔,10,0,0,1,0,0,1,0,,Away,인천 SSG 랜더스필드,18:30,27.9
김재열,2024,NC,2024-06-19,@ Doosan,RP,H,27.0,9.0,0 ⅓,10,1,1,3,0,0,0,0,,Away,잠실 야구장,18:30,32.5
김재열,2024,NC,2024-06-15,vs. Samsung,RP,,0.0,2.0,1,15,0,0,1,0,1,1,0,,Home,창원 NC 파크,17:00,29.9
김재열,2024,NC,2024-06-14,vs. Samsung,RP,,0.0,2.25,1 ⅓,29,0,0,3,0,2,0,0,,Home,창원 NC 파크,18:30,27.5
김재열,2024,NC,2024-06-11,vs. KT,RP,,0.0,1.0,1,15,0,0,1,0,1,0,0,,Home,창원 NC 파크,18:30,26.6
김재열,2024,NC,2024-06-09,@ Hanwha,RP,,0.0,1.0,2,35,0,0,1,0,3,1,0,,Away,대전 한화생명 볼파크,17:00,28.7
김재열,2024,NC,2024-06-07,@ Hanwha,RP,,0.0,0.0,1,9,0,0,0,0,0,0,0,,Away,대전 한화생명 볼파크,18:30,25.3
김재열,2024,NC,2024-06-05,vs. Doosan,RP,,9.0,2.0,1,21,1,1,2,0,2,0,0,,Home,창원 NC 파크,18:30,21.4
김재열,2024,NC,2024-06-04,vs. Doosan,RP,,0.0,2.0,1,22,0,0,1,0,3,1,0,,Home,창원 NC 파크,18:30,22.3
김재열,2024,NC,2024-06-01,@ Lotte,RP,,0.0,0.0,1,13,0,0,0,0,1,0,0,,Away,사직 야구장,17:00,24.0
김재열,2024,NC,2024-05-31,@ Lotte,RP,,0.0,0.0,1 ⅔,21,0,0,0,0,3,0,0,,Away,사직 야구장,18:30,21.8
김재열,2024,NC,2024-05-29,vs. Kia,RP,,9.0,2.0,1,19,1,1,1,1,1,1,0,,Home,창원 NC 파크,18:30,23.2
김재열,2024,NC,2024-05-26,@ LG,RP,,0.0,0.6,1 ⅔,17,0,0,1,0,0,0,0,,Away,잠실 야구장,14:00,20.2
김재열,2024,NC,2024-05-25,@ LG,RP,,0.0,0.0,2,21,0,0,0,0,1,0,0,,Away,잠실 야구장,17:00,23.9
김재열,2024,NC,2024-05-23,@ Kiwoom,RP,,0.0,1.0,1,9,0,0,1,0,0,0,0,,Away,고척 스카이돔,18:30,25.5
김재열,2024,NC,2024-05-21,@ Kiwoom,RP,H,0.0,0.0,0 ⅓,7,0,0,0,0,0,0,0,,Away,고척 스카이돔,18:30,25.5
김재열,2024,NC,2024-05-17,vs. Kia,RP,L,54.0,6.0,0 ⅓,8,2,2,2,0,0,0,0,,Home,창원 NC 파크,18:30,20.9
김재열,2024,NC,2024-05-14,@ Hanwha,RP,,0.0,2.0,1,21,0,0,0,0,3,2,0,,Away,대전 한화생명 볼파크,18:30,24.3
김재열,2024,NC,2024-05-11,vs. Samsung,RP,,0.0,1.0,1,10,0,0,1,0,1,0,0,,Home,창원 NC 파크,17:00,21.5
김재열,2024,NC,2024-05-10,vs. Samsung,RP,,0.0,0.0,1,12,0,0,0,0,3,0,0,,Home,창원 NC 파크,18:30,21.3
김재열,2024,NC,2024-05-08,@ KT,RP,,0.0,1.0,1,27,0,0,0,0,2,1,0,,Away,수원 KT 위즈파크,18:30,17.6
김재열,2024,NC,2024-05-03,@ SSG,RP,W,0.0,0.75,1 ⅓,18,0,0,0,0,2,1,0,,Away,인천 SSG 랜더스필드,18:30,21.5
김재열,2024,NC,2024-05-02,vs. LG,RP,,0.0,0.0,1,9,0,0,0,0,0,0,0,,Home,창원 NC 파크,18:30,15.8
김재열,2024,NC,2024-04-28,vs. Lotte,RP,H,0.0,0.0,1,12,0,0,0,0,1,0,0,,Home,창원 NC 파크,14:00,22.8
김재열,2024,NC,2024-04-27,vs. Lotte,RP,H,0.0,1.0,1,14,0,0,0,0,1,1,0,,Home,창원 NC 파크,17:00,23.7
김재열,2024,NC,2024-04-23,@ Doosan,RP,,0.0,0.0,1,20,0,0,0,0,1,0,0,,Away,잠실 야구장,18:30,19.9
김재열,2024,NC,2024-04-21,@ Kia,RP,,0.0,0.0,1,13,0,0,0,0,1,0,0,,Away,광주 기아 챔피언스 필드,14:00,16.4
김재열,2024,NC,2024-04-17,vs. Hanwha,RP,H,0.0,0.6,1 ⅔,19,0,0,1,0,0,0,0,,Home,창원 NC 파크,18:30,18.0
김재열,2024,NC,2024-04-16,vs. Hanwha,RP,,27.0,9.0,0 ⅓,15,1,1,2,0,0,1,0,,Home,창원 NC 파크,18:30,21.0
김재열,2024,NC,2024-04-13,@ Samsung,RP,H,0.0,3.0,0 ⅓,8,0,0,1,0,0,0,0,,Away,대구 삼성 라이온즈 파크,17:00,21.0
김재열,2024,NC,2024-04-12,@ Samsung,RP,,0.0,1.5,0 ⅔,15,0,0,1,0,0,0,0,,Away,대구 삼성 라이온즈 파크,18:30,18.2
김재열,2024,NC,2024-04-10,vs. KT,RP,H,0.0,1.5,0 ⅔,17,0,0,0,0,1,1,0,,Home,창원 NC 파크,18:30,13.5
김재열,2024,NC,2024-04-09,vs. KT,RP,,0.0,0.0,1,11,0,0,0,0,0,0,0,,Home,창원 NC 파크,18:30,15.0
김재열,2024,NC,2024-04-07,vs. SSG,RP,,0.0,1.0,2,29,0,0,2,0,2,0,0,,Home,창원 NC 파크,14:00,21.4
김재열,2024,NC,2024-04-04,@ LG,RP,,18.0,2.0,1,21,2,2,1,1,1,1,0,,Away,잠실 야구장,18:30,17.5
김재열,2024,NC,2024-04-02,@ LG,RP,H,0.0,0.0,1,17,0,0,0,0,2,0,0,,Away,잠실 야구장,18:30,20.0
김재열,2024,NC,2024-03-30,@ Lotte,RP,,0.0,0.0,1,11,0,0,0,0,1,0,0,,Away,사직 야구장,17:00,15.6
김재열,2024,NC,2024-03-29,@ Lotte,RP,,0.0,1.0,1,15,0,0,0,0,1,1,0,,Away,사직 야구장,18:30,14.7
김재열,2024,NC,2024-03-24,vs. Doosan,RP,,0.0,1.0,1,22,0,0,1,0,0,0,0,,Home,창원 NC 파크,14:00,13.5
김재열,2023,Kia,2023-09-28,@ NC,RP,,40.5,4.5,1 ⅓,42,6,6,4,2,0,2,0,,Away,창원 NC 파크,18:30,26.0
김재열,2023,Kia,2023-09-15,vs. Doosan,RP,,27.0,4.0,1,31,3,3,3,0,1,1,0,,Home,광주 기아 챔피언스 필드,18:30,29.5
김재열,2023,Kia,2023-08-22,@ KT,RP,,0.0,1.5,0 ⅔,13,0,0,1,0,1,0,0,,Away,수원 KT 위즈파크,18:30,30.5
김재열,2023,Kia,2023-08-20,@ Samsung,RP,,0.0,6.0,0 ⅓,17,0,0,0,0,0,2,0,,Away,대구 삼성 라이온즈 파크,17:00,31.5
김재열,2023,Kia,2023-08-18,@ Samsung,RP,,0.0,0.75,1 ⅓,32,0,0,1,0,2,0,0,,Away,대구 삼성 라이온즈 파크,18:30,30.3
김재열,2023,Kia,2023-08-16,vs. Kiwoom,RP,,18.0,4.0,1,27,2,2,2,0,1,2,0,,Home,광주 기아 챔피언스 필드,18:30,31.9
김재열,2023,Kia,2023-07-07,@ KT,RP,,4.5,1.5,4,80,2,2,4,0,3,2,0,,Away,수원 KT 위즈파크,18:30,26.0
김재열,2023,Kia,2023-07-05,@ SSG,RP,,9.0,3.0,1,16,1,1,1,0,0,2,0,,Away,인천 SSG 랜더스필드,18:30,26.0
김재열,2023,Kia,2023-06-02,@ Lotte,RP,,27.0,6.0,1,46,3,3,4,0,1,2,0,,Away,사직 야구장,18:30,25.2
김재열,2022,Kia,2022-10-08,vs. KT,RP,,9.0,1.0,1,18,1,1,1,0,0,0,0,,Home,광주 기아 챔피언스 필드,17:00,19.8
김재열,2022,Kia,2022-10-05,vs. LG,RP,,0.0,0.0,1 ⅓,16,0,0,0,0,1,0,0,,Home,광주 기아 챔피언스 필드,18:30,17.2
김재열,2022,Kia,2022-09-23,@ NC,RP,,13.5,1.5,0 ⅔,18,1,1,0,0,0,1,0,,Away,창원 NC 파크,18:30,23.4
김재열,2022,Kia,2022-09-20,vs. LG,RP,,40.5,6.0,0 ⅔,20,5,3,4,2,1,0,0,,Home,광주 기아 챔피언스 필드,18:30,22.6
김재열,2022,Kia,2022-09-18,@ Samsung,RP,,0.0,2.0,1,18,0,0,2,0,0,0,0,,Away,대구 삼성 라이온즈 파크,14:00,30.9
김재열,2022,Kia,2022-09-17,@ Samsung,RP,,0.0,,0,10,2,2,2,0,0,0,0,,Away,대구 삼성 라이온즈 파크,17:00,27.9
김재열,2022,Kia,2022-09-15,vs. Hanwha,RP,L,0.0,1.5,0 ⅔,22,1,0,0,0,0,1,0,,Home,광주 기아 챔피언스 필드,18:30,28.9
김재열,2022,Kia,2022-09-13,vs. Kiwoom,RP,,0.0,1.0,1,8,0,0,1,0,0,0,0,,Home,광주 기아 챔피언스 필드,18:30,27.9
김재열,2022,Kia,2022-09-11,@ Doosan,RP,,0.0,0.0,0 ⅔,7,0,0,0,0,0,0,0,,Away,잠실 야구장,14:00,26.4
김재열,2022,Kia,2022-09-08,@ SSG,RP,H,0.0,0.0,1 ⅓,14,0,0,0,0,2,0,0,,Away,인천 SSG 랜더스필드,18:30,25.7
김재열,2022,Kia,2022-09-06,@ Lotte,RP,,0.0,1.0,1,15,0,0,0,0,0,1,0,,Away,사직 야구장,18:30,26.9
김재열,2022,Kia,2022-09-03,vs. KT,RP,L,54.0,9.0,0 ⅓,15,2,2,2,0,0,1,0,,Home,광주 기아 챔피언스 필드,17:00,28.5
김재열,2022,Kia,2022-09-02,vs. Samsung,RP,H,0.0,0.0,1,12,0,0,0,0,2,0,0,,Home,광주 기아 챔피언스 필드,18:30,26.9
김재열,2022,Kia,2022-08-31,@ Hanwha,RP,H,0.0,0.0,0 ⅓,5,0,0,0,0,1,0,0,,Away,대전 한화생명 볼파크,18:30,24.3
김재열,2022,Kia,2022-08-28,vs. Doosan,RP,,0.0,0.0,0 ⅔,4,0,0,0,0,0,0,0,,Home,광주 기아 챔피언스 필드,17:00,26.5
김재열,2022,Kia,2022-08-26,@ LG,RP,,0.0,0.0,1,12,0,0,0,0,2,0,0,,Away,잠실 야구장,18:30,26.9
김재열,2022,Kia,2022-08-25,@ LG,RP,H,0.0,0.0,0 ⅓,5,0,0,0,0,0,0,0,,Away,잠실 야구장,18:30,24.3
김재열,2022,Kia,2022-08-23,@ Kiwoom,RP,,0.0,0.0,1,12,0,0,0,0,1,0,0,,Away,고척 스카이돔,18:30,25.5
김재열,2022,Kia,2022-08-19,vs. NC,RP,,0.0,0.5,2,37,0,0,0,0,3,1,1,,Home,광주 기아 챔피언스 필드,18:30,32.2
김재열,2022,Kia,2022-08-17,vs. SSG,RP,,0.0,,0,9,3,2,3,1,0,0,0,,Home,광주 기아 챔피언스 필드,18:30,30.3
김재열,2022,Kia,2022-08-14,vs. Lotte,RP,,0.0,1.0,1,16,0,0,0,0,0,1,0,,Home,광주 기아 챔피언스 필드,17:00,33.7
김재열,2022,Kia,2022-08-12,@ Samsung,RP,,0.0,2.0,1,19,0,0,0,0,0,2,0,,Away,대구 삼성 라이온즈 파크,18:30,29.9
김재열,2022,Kia,2022-07-27,vs. NC,RP,,0.0,,0,24,4,4,4,0,0,2,0,,Home,광주 기아 챔피언스 필드,18:30,30.6
김재열,2022,Kia,2022-07-26,vs. NC,RP,,0.0,,0,9,2,2,0,0,0,2,0,,Home,광주 기아 챔피언스 필드,18:30,31.1
김재열,2022,Kia,2022-07-22,@ Lotte,RP,H,0.0,0.0,0 ⅔,6,0,0,0,0,0,0,0,,Away,사직 야구장,18:30,26.8
김재열,2022,Kia,2022-07-14,@ LG,RP,,0.0,3.0,1,26,0,0,1,0,2,2,0,,Away,잠실 야구장,18:30,29.8
김재열,2022,Kia,2022-07-12,@ LG,RP,,0.0,0.75,1 ⅓,18,0,0,1,0,0,0,0,,Away,잠실 야구장,18:30,30.5
김재열,2022,Kia,2022-07-10,vs. Hanwha,RP,,0.0,0.0,2,17,0,0,0,0,2,0,0,,Home,광주 기아 챔피언스 필드,17:00,32.8
김재열,2022,Kia,2022-07-02,@ SSG,RP,,0.0,0.0,0 ⅓,4,0,0,0,0,1,0,0,,Away,인천 SSG 랜더스필드,18:00,31.2
김재열,2022,Kia,2022-07-01,@ SSG,RP,,9.0,1.0,1,13,1,1,1,1,1,0,0,,Away,인천 SSG 랜더스필드,18:30,28.8
김재열,2022,Kia,2022-06-28,@ Kiwoom,RP,,0.0,1.0,1,16,0,0,1,0,1,0,0,,Away,고척 스카이돔,18:30,25.5
김재열,2022,Kia,2022-06-26,@ Doosan,RP,,27.0,4.0,1,25,3,3,3,1,0,1,0,,Away,잠실 야구장,17:00,29.8
김재열,2022,Kia,2022-06-24,@ Doosan,RP,,27.0,6.0,0 ⅓,16,1,1,2,0,1,0,0,,Away,잠실 야구장,18:30,26.7
김재열,2022,Kia,2022-06-23,vs. Lotte,RP,W,0.0,3.0,0 ⅔,17,0,0,0,0,1,2,0,,Home,광주 기아 챔피언스 필드,18:30,29.7
김재열,2022,Kia,2022-06-19,vs. Samsung,RP,,0.0,0.5,2,26,0,0,1,0,1,0,0,,Home,광주 기아 챔피언스 필드,17:00,30.8
김재열,2022,Kia,2022-06-18,vs. Samsung,RP,,0.0,2.0,1,14,0,0,2,0,2,0,0,,Home,광주 기아 챔피언스 필드,17:00,28.3
김재열,2022,Kia,2022-06-15,@ NC,RP,,18.0,3.0,1,24,2,2,1,0,1,2,0,,Away,창원 NC 파크,18:30,23.8
김재열,2022,Kia,2022-06-12,vs. Kiwoom,RP,,0.0,1.5,1 ⅓,20,0,0,2,0,1,0,0,,Home,광주 기아 챔피언스 필드,17:00,26.2
김재열,2022,Kia,2022-06-10,vs. Kiwoom,RP,,13.5,2.25,1 ⅓,23,2,2,3,0,0,0,0,,Home,광주 기아 챔피언스 필드,18:30,25.3
김재열,2022,Kia,2022-06-08,vs. LG,RP,,9.0,2.0,1,24,1,1,2,0,0,0,0,,Home,광주 기아 챔피언스 필드,18:30,23.5
김재열,2022,Kia,2022-06-05,@ KT,RP,,0.0,0.5,2,24,0,0,1,0,3,0,0,,Away,수원 KT 위즈파크,17:00,21.2
김재열,2022,Kia,2022-05-31,@ Doosan,RP,SV,0.0,0.0,0 ⅓,2,0,0,0,0,0,0,0,,Away,잠실 야구장,18:30,24.0
김재열,2022,Kia,2022-05-29,vs. SSG,RP,,0.0,1.0,2,31,0,0,0,0,4,2,0,,Home,광주 기아 챔피언스 필드,14:00,29.3
김재열,2022,Kia,2022-05-27,vs. SSG,RP,,0.0,0.0,0 ⅓,5,0,0,0,0,1,0,0,,Home,광주 기아 챔피언스 필드,18:30,25.7
김재열,2022,Kia,2022-05-25,@ Samsung,RP,,13.5,3.0,1 ⅓,25,2,2,4,0,1,0,0,,Away,대구 삼성 라이온즈 파크,18:30,22.3
김재열,2022,Kia,2022-04-16,@ NC,RP,,0.0,0.0,1,12,0,0,0,0,0,0,0,,Away,창원 NC 파크,17:00,13.5
김재열,2022,Kia,2022-04-15,@ NC,RP,,0.0,2.0,1,25,0,0,1,0,0,1,0,,Away,창원 NC 파크,18:30,13.4
김재열,2021,Kia,2021-09-14,vs. Lotte,RP,,9.0,1.0,1,10,1,1,1,0,0,0,1,,Home,광주 기아 챔피언스 필드,18:30,25.3
김재열,2021,Kia,2021-09-12,vs. NC,RP,,0.0,0.0,2,23,0,0,0,0,2,0,0,,Home,광주 기아 챔피언스 필드,14:00,29.7
김재열,2021,Kia,2021-09-10,@ Kiwoom,RP,,0.0,0.0,1,12,0,0,0,0,2,0,0,,Away,고척 스카이돔,18:30,25.5
김재열,2021,Kia,2021-09-03,vs. Samsung,RP,,27.0,5.0,1,26,3,3,3,0,0,2,0,,Home,광주 기아 챔피언스 필드,18:30,27.6
김재열,2021,Kia,2021-09-01,@ Doosan,RP,,18.0,4.0,1,34,2,2,4,0,0,0,0,,Away,잠실 야구장,18:30,25.1
김재열,2021,Kia,2021-08-25,vs. Lotte,RP,,0.0,0.0,1,9,0,0,0,0,0,0,0,,Home,광주 기아 챔피언스 필드,18:30,30.4
김재열,2021,Kia,2021-08-24,vs. Kiwoom,RP,,0.0,1.0,1,14,0,0,1,0,0,0,0,,Home,광주 기아 챔피언스 필드,18:30,29.5
김재열,2021,Kia,2021-08-22,vs. Kiwoom,RP,,0.0,1.0,1,18,0,0,1,0,1,0,0,,Home,광주 기아 챔피언스 필드,17:00,29.4
김재열,2021,Kia,2021-08-15,@ SSG,RP,,9.0,2.0,1,16,1,1,1,1,0,1,0,,Away,인천 SSG 랜더스필드,17:00,29.5
김재열,2021,Kia,2021-08-13,@ SSG,RP,,0.0,1.0,1,16,0,0,0,0,0,1,0,,Away,인천 SSG 랜더스필드,18:30,28.3
김재열,2021,Kia,2021-07-09,vs. KT,RP,,9.0,1.0,1,15,1,1,1,1,1,0,0,,Home,광주 기아 챔피언스 필드,18:30,30.3
김재열,2021,Kia,2021-06-29,vs. NC,RP,,9.0,3.0,1,28,1,1,1,0,1,2,0,,Home,광주 기아 챔피언스 필드,18:30,27.4
김재열,2021,Kia,2021-06-25,@ Kiwoom,RP,,0.0,1.33,3,54,0,0,1,0,0,3,1,,Away,고척 스카이돔,18:30,25.5
김재열,2021,Kia,2021-06-22,@ KT,RP,,0.0,1.0,1,15,1,0,0,0,0,1,0,,Away,수원 KT 위즈파크,18:30,26.5
김재열,2021,Kia,2021-06-19,@ LG,RP,,0.0,0.0,2,25,0,0,0,0,2,0,0,,Away,잠실 야구장,17:00,27.1
김재열,2021,Kia,2021-06-16,vs. SSG,RP,,0.0,1.09,3 ⅔,41,1,0,4,0,1,0,0,,Home,광주 기아 챔피언스 필드,18:30,26.3
김재열,2021,Kia,2021-05-29,vs. KT,RP,,0.0,1.0,1,23,0,0,1,0,3,0,0,,Home,광주 기아 챔피언스 필드,17:00,24.4
김재열,2021,Kia,2021-05-27,vs. Kiwoom,RP,,0.0,2.0,1,22,0,0,1,0,1,1,0,,Home,광주 기아 챔피언스 필드,18:30,20.9
김재열,2021,Kia,2021-05-19,vs. SSG,RP,,9.0,4.0,1,34,3,1,2,0,1,2,0,,Home,광주 기아 챔피언스 필드,18:30,25.0
김재열,2021,Kia,2021-05-15,@ NC,RP,,0.0,2.0,1,13,0,0,2,0,1,0,0,,Away,창원 NC 파크,17:00,20.1
김재열,2021,Kia,2021-05-13,vs. LG,RP,,27.0,2.0,1,37,3,3,1,1,0,1,1,,Home,광주 기아 챔피언스 필드,18:30,26.9
김재열,2021,Kia,2021-05-11,vs. LG,RP,,0.0,0.0,1,13,0,0,0,0,0,0,0,,Home,광주 기아 챔피언스 필드,18:30,20.7
김재열,2021,Kia,2021-04-09,vs. NC,RP,,3.38,1.88,2 ⅔,41,1,1,3,1,1,2,0,,Home,광주 기아 챔피언스 필드,18:30,17.6
김재열,2021,Kia,2021-04-08,@ Kiwoom,RP,W,0.0,1.5,1 ⅓,29,0,0,0,0,1,2,1,,Away,고척 스카이돔,18:30,25.5
김재열,2020,Kia,2020-10-31,vs. NC,RP,H,0.0,0.0,0 ⅓,5,0,0,0,0,1,0,0,,Home,광주 기아 챔피언스 필드,17:00,18.1
김재열,2020,Kia,2020-10-28,vs. KT,RP,H,0.0,2.0,1,23,0,0,0,0,1,2,0,,Home,광주 기아 챔피언스 필드,18:30,16.2
김재열,2020,Kia,2020-10-27,vs. KT,RP,,0.0,0.6,1 ⅔,18,0,0,0,0,1,1,0,,Home,광주 기아 챔피언스 필드,18:30,18.0
김재열,2020,Kia,2020-10-23,vs. LG,RP,,10.8,2.4,1 ⅔,41,2,2,2,0,1,2,1,,Home,광주 기아 챔피언스 필드,18:30,11.5
김재열,2020,Kia,2020-10-17,@ LG,RP,,21.6,3.6,1 ⅔,47,4,4,6,1,0,0,1,,Away,잠실 야구장,17:00,17.7
김재열,2020,Kia,2020-10-13,@ NC,RP,,0.0,9.0,0 ⅓,19,0,0,1,0,1,2,0,,Away,창원 NC 파크,18:30,18.6
김재열,2020,Kia,2020-10-11,vs. SK,RP,L,0.0,1.5,2,27,2,0,3,0,1,0,0,,Home,광주 기아 챔피언스 필드,14:00,22.0
김재열,2020,Kia,2020-10-07,vs. Hanwha,RP,,0.0,0.0,2,14,0,0,0,0,2,0,0,,Home,광주 기아 챔피언스 필드,18:30,20.8
김재열,2020,Kia,2020-10-03,@ Doosan,RP,,4.5,1.5,2,29,1,1,2,0,0,1,0,,Away,잠실 야구장,17:00,21.4
김재열,2020,Kia,2020-09-23,vs. Kiwoom,RP,,9.0,3.0,1,27,1,1,1,0,1,2,0,,Home,광주 기아 챔피언스 필드,18:30,21.9
김재열,2020,Kia,2020-09-20,vs. Hanwha,RP,,20.25,1.5,1 ⅓,26,3,3,2,1,1,0,1,,Home,광주 기아 챔피언스 필드,14:00,24.0
김재열,2020,Kia,2020-09-17,@ Samsung,RP,,0.0,2.0,1,36,0,0,1,0,2,1,0,,Away,대구 삼성 라이온즈 파크,18:30,22.6
김재열,2020,Kia,2020-09-15,vs. SK,RP,,0.0,3.0,1,25,0,0,2,0,1,1,0,,Home,광주 기아 챔피언스 필드,18:30,25.8
김재열,2020,Kia,2020-09-06,@ Hanwha,RP,,81.0,9.0,0 ⅓,22,3,3,3,1,0,0,0,,Away,대전 한화생명 볼파크,14:00,26.3
김진호,2024,NC,2024-09-30,@ Kia,RP,,0.0,0.75,1 ⅓,27,0,0,1,0,2,0,0,,Away,광주 기아 챔피언스 필드,18:30,26.0
김진호,2024,NC,2024-09-25,vs. SSG,RP,,18.0,4.0,1,25,2,2,2,0,1,2,0,,Home,창원 NC 파크,18:30,25.7
김진호,2023,NC,2023-05-21,vs. Samsung,RP,,9.0,3.0,1,26,1,1,2,0,0,1,0,,Home,창원 NC 파크,14:00,26.3
김진호,2023,NC,2023-05-16,vs. SSG,RP,H,0.0,3.0,0 ⅔,13,0,0,2,0,0,0,0,,Home,창원 NC 파크,18:30,23.2
김진호,2023,NC,2023-05-11,@ KT,RP,H,0.0,0.0,0 ⅔,11,0,0,0,0,2,0,0,,Away,수원 KT 위즈파크,18:30,21.8
김진호,2023,NC,2023-05-10,@ KT,RP,W,0.0,1.0,1,16,0,0,1,0,2,0,0,,Away,수원 KT 위즈파크,18:30,22.1
김진호,2023,NC,2023-05-02,vs. LG,RP,,0.0,,0,8,0,0,0,0,0,1,1,,Home,창원 NC 파크,18:30,18.3
김진호,2023,NC,2023-04-29,@ Hanwha,RP,H,0.0,1.5,1 ⅓,24,0,0,1,0,2,1,0,,Away,대전 한화생명 볼파크,17:00,12.6
김진호,2023,NC,2023-04-28,@ Hanwha,RP,H,0.0,1.0,1,21,0,0,0,0,1,1,0,,Away,대전 한화생명 볼파크,18:30,20.8
김진호,2023,NC,2023-04-25,@ Kia,RP,,0.0,1.0,1,15,0,0,0,0,1,1,0,,Away,광주 기아 챔피언스 필드,18:30,10.7
김진호,2023,NC,2023-04-23,vs. Lotte,RP,H,0.0,1.0,1,15,0,0,1,0,2,0,0,,Home,창원 NC 파크,14:00,17.5
김진호,2023,NC,2023-04-21,vs. Lotte,RP,H,0.0,0.0,1,13,0,0,0,0,2,0,0,,Home,창원 NC 파크,18:30,18.2
김진호,2023,NC,2023-04-19,@ LG,RP,H,9.0,2.0,1,23,1,1,1,0,0,1,0,,Away,잠실 야구장,18:30,25.6
김진호,2023,NC,2023-04-16,@ SSG,RP,,13.5,4.5,0 ⅔,20,1,1,1,0,0,2,0,,Away,인천 SSG 랜더스필드,14:00,13.4
김진호,2023,NC,2023-04-14,@ SSG,RP,,0.0,3.0,0 ⅓,12,0,0,1,0,0,0,0,,Away,인천 SSG 랜더스필드,18:30,16.8
김진호,2023,NC,2023-04-12,vs. KT,RP,H,0.0,1.0,1,19,0,0,0,0,2,1,0,,Home,창원 NC 파크,18:30,16.0
김진호,2023,NC,2023-04-11,vs. KT,RP,H,0.0,1.0,1,16,0,0,1,0,3,0,0,,Home,창원 NC 파크,18:30,18.1
김진호,2023,NC,2023-04-08,vs. Kiwoom,RP,W,0.0,2.0,1,19,0,0,2,0,2,0,0,,Home,창원 NC 파크,17:00,15.8
김진호,2023,NC,2023-04-04,@ Doosan,RP,,0.0,0.0,0 ⅔,7,0,0,0,0,1,0,0,,Away,잠실 야구장,18:30,20.1
김진호,2023,NC,2023-04-02,@ Samsung,RP,L,18.0,2.0,1,21,2,2,2,0,1,0,0,,Away,대구 삼성 라이온즈 파크,14:00,20.3
김진호,2023,NC,2023-04-01,@ Samsung,RP,,0.0,1.0,1,15,0,0,0,0,1,1,0,,Away,대구 삼성 라이온즈 파크,14:00,21.3
김진호,2022,NC,2022-09-25,vs. KT,RP,,18.0,3.0,1,22,2,2,2,0,1,1,0,,Home,창원 NC 파크,14:00,21.1
김진호,2022,NC,2022-09-20,@ Doosan,RP,,81.0,12.0,0 ⅓,22,3,3,2,0,0,2,0,,Away,잠실 야구장,18:30,21.9
김진호,2022,NC,2022-09-16,vs. SSG,RP,,27.0,3.0,1,21,3,3,2,2,0,1,0,,Home,창원 NC 파크,18:30,28.3
김진호,2022,NC,2022-09-13,vs. Samsung,RP,,9.0,2.0,1,8,1,1,2,0,0,0,0,,Home,창원 NC 파크,18:30,26.4
김진호,2022,NC,2022-09-07,vs. Doosan,RP,W,5.4,2.4,1 ⅔,46,1,1,3,0,2,1,0,,Home,창원 NC 파크,18:30,25.0
김진호,2022,NC,2022-09-04,@ Hanwha,RP,,0.0,0.0,1,13,0,0,0,0,1,0,0,,Away,대전 한화생명 볼파크,14:00,28.8
김진호,2022,NC,2022-09-02,@ SSG,RP,,0.0,0.0,1,11,0,0,0,0,0,0,0,,Away,인천 SSG 랜더스필드,18:30,27.3
김진호,2022,NC,2022-08-26,vs. Kiwoom,RP,,9.0,2.0,1,18,1,1,1,0,1,1,0,,Home,창원 NC 파크,18:30,26.7
김진호,2022,NC,2022-08-12,@ Doosan,RP,,18.0,3.0,1,25,2,2,3,0,1,0,0,,Away,잠실 야구장,18:30,31.5
김진호,2022,NC,2022-08-05,@ Lotte,RP,,0.0,,0,24,4,4,4,0,0,1,0,,Away,사직 야구장,18:30,32.1
김진호,2022,NC,2022-07-30,vs. Kiwoom,RP,,6.75,1.5,1 ⅓,19,1,1,2,0,1,0,0,,Home,창원 NC 파크,18:00,30.2
김진호,2022,NC,2022-07-29,vs. Kiwoom,RP,W,0.0,0.0,0 ⅓,5,0,0,0,0,1,0,0,,Home,창원 NC 파크,18:30,32.4
김진호,2022,NC,2022-07-26,@ Kia,RP,,0.0,0.0,1,13,0,0,0,0,0,0,0,,Away,광주 기아 챔피언스 필드,18:30,31.1
김진호,2022,NC,2022-07-23,vs. LG,RP,,18.0,3.0,1,21,2,2,3,1,0,0,0,,Home,창원 NC 파크,18:00,26.2
김진호,2022,NC,2022-07-13,vs. Doosan,RP,,0.0,1.0,1,11,0,0,0,0,0,1,0,,Home,창원 NC 파크,18:30,26.5
김진호,2022,NC,2022-07-12,vs. Doosan,RP,,0.0,0.0,1,11,0,0,0,0,1,0,0,,Home,창원 NC 파크,18:30,26.8
김진호,2022,NC,2022-07-10,@ Kiwoom,RP,,0.0,,0,17,1,1,3,0,0,0,0,,Away,고척 스카이돔,14:00,25.5
김진호,2022,NC,2022-07-08,@ Kiwoom,RP,,0.0,2.0,1,20,0,0,1,0,2,1,0,,Away,고척 스카이돔,18:30,25.5
김진호,2022,NC,2022-07-06,@ Hanwha,RP,,6.75,1.5,1 ⅓,18,1,1,2,1,2,0,0,,Away,대전 한화생명 볼파크,18:30,32.7
김진호,2022,NC,2022-07-03,vs. Samsung,RP,,0.0,3.0,0 ⅔,16,0,0,1,0,2,1,1,,Home,창원 NC 파크,17:00,32.2
김진호,2022,NC,2022-06-25,@ SSG,RP,,108.0,12.0,0 ⅓,27,4,4,3,1,1,1,0,,Away,인천 SSG 랜더스필드,17:00,27.8
김진호,2022,NC,2022-06-22,@ KT,RP,,0.0,1.0,1,18,0,0,0,0,0,1,0,,Away,수원 KT 위즈파크,18:30,26.9
김진호,2022,NC,2022-06-17,vs. Hanwha,RP,,6.75,4.5,1 ⅓,31,1,1,5,0,0,1,0,,Home,창원 NC 파크,18:30,25.6
김진호,2022,NC,2022-06-15,vs. Kia,RP,,3.86,1.71,2 ⅓,35,1,1,3,1,2,1,0,,Home,창원 NC 파크,18:30,23.8
김진호,2022,NC,2022-06-11,@ Samsung,RP,W,0.0,1.0,1,13,0,0,1,0,1,0,0,,Away,대구 삼성 라이온즈 파크,17:00,26.0
김진호,2022,NC,2022-06-10,@ Samsung,RP,,0.0,0.5,2,23,0,0,1,0,3,0,0,,Away,대구 삼성 라이온즈 파크,18:30,22.4
김진호,2022,NC,2022-06-08,vs. SSG,RP,,0.0,1.0,2,34,0,0,0,0,1,2,0,,Home,창원 NC 파크,18:30,20.1
김진호,2022,NC,2022-06-04,vs. Lotte,RP,,0.0,1.2,1 ⅔,22,0,0,2,0,1,0,0,,Home,창원 NC 파크,17:00,22.9
김진호,2022,NC,2022-06-02,@ Hanwha,RP,SV,0.0,1.0,1,10,0,0,1,0,1,0,0,,Away,대전 한화생명 볼파크,18:30,27.0
김진호,2022,NC,2022-06-01,@ Hanwha,RP,,0.0,1.5,0 ⅔,11,0,0,1,0,1,0,0,,Away,대전 한화생명 볼파크,18:30,25.2
김진호,2022,NC,2022-05-26,vs. KT,RP,,0.0,1.2,1 ⅔,24,0,0,1,0,1,1,0,,Home,창원 NC 파크,18:30,24.2
김진호,2022,NC,2022-05-21,@ Kia,RP,W,5.4,1.2,1 ⅔,37,1,1,1,1,0,1,0,,Away,광주 기아 챔피언스 필드,17:00,26.4
김진호,2022,NC,2022-05-18,vs. Kiwoom,RP,,0.0,0.5,2,31,0,0,0,0,3,1,0,,Home,창원 NC 파크,18:30,22.6
김진호,2022,NC,2022-05-15,@ SSG,RP,,0.0,0.0,3,42,0,0,0,0,3,0,0,,Away,인천 SSG 랜더스필드,14:00,18.2
김진호,2022,NC,2022-05-10,@ Lotte,RP,,0.0,1.29,2 ⅓,28,1,0,3,0,1,0,0,,Away,사직 야구장,18:30,17.1
김진호,2022,NC,2022-05-07,vs. LG,RP,,0.0,1.0,1,14,0,0,0,0,1,1,0,,Home,창원 NC 파크,17:00,25.4
김진호,2021,NC,2021-05-09,@ KT,SP,L,27.0,5.0,1,33,3,3,2,0,1,3,0,35.0,Away,수원 KT 위즈파크,14:00,20.1
김진호,2020,NC,2020-08-28,vs. Doosan,SP,L,18.0,3.0,3,57,6,6,8,4,0,1,1,17.0,Home,창원 NC 파크,18:30,30.1
김진호,2020,NC,2020-06-21,vs. Hanwha,SP,,3.0,2.0,3,68,1,1,2,0,2,4,0,49.0,Home,창원 NC 파크,17:00,23.5
김진호,2020,NC,2020-06-14,vs. Kiwoom,SP,,6.23,1.62,4 ⅓,69,3,3,4,1,5,3,0,45.0,Home,창원 NC 파크,17:00,29.2
김민규,2024,NC,2024-09-30,@ Kia,RP,,6.75,2.25,1 ⅓,27,1,1,3,0,1,0,0,,Away,광주 기아 챔피언스 필드,18:30,26.0
김민규,2024,NC,2024-09-14,vs. LG,RP,,0.0,3.0,0 ⅓,7,0,0,0,0,0,1,0,,Home,창원 NC 파크,17:00,32.2
김민규,2024,NC,2024-09-06,vs. KT,RP,,0.0,0.0,1,18,0,0,0,0,1,0,0,,Home,창원 NC 파크,18:30,28.7
김민규,2024,NC,2024-09-03,vs. Kiwoom,RP,,27.0,4.0,1,27,3,3,2,0,0,2,0,,Home,창원 NC 파크,18:30,28.0
김민규,2024,NC,2024-08-15,vs. SSG,RP,,0.0,1.0,1,11,0,0,1,0,0,0,0,,Home,창원 NC 파크,18:30,28.8
김민규,2024,NC,2024-08-10,@ LG,RP,,0.0,1.5,0 ⅔,9,0,0,1,0,0,0,0,,Away,잠실 야구장,18:00,33.0
김민규,2024,NC,2024-08-07,@ Lotte,RP,,0.0,1.0,1,13,0,0,1,0,0,0,0,,Away,사직 야구장,18:30,32.7
김시훈,2024,NC,2024-10-01,vs. Lotte,RP,,0.0,2.0,1,12,0,0,1,0,1,1,0,,Home,창원 NC 파크,18:30,24.9
김시훈,2024,NC,2024-09-28,vs. Doosan,RP,,0.0,0.0,1,11,0,0,0,0,1,0,0,,Home,창원 NC 파크,17:00,26.5
김시훈,2024,NC,2024-09-18,vs. Hanwha,RP,H,0.0,0.0,1,9,0,0,0,0,1,0,0,,Home,창원 NC 파크,18:30,31.3
김시훈,2024,NC,2024-09-17,vs. Hanwha,RP,,0.0,0.0,1,10,0,0,0,0,0,0,0,,Home,창원 NC 파크,18:30,31.9
김시훈,2024,NC,2024-09-15,vs. LG,RP,H,0.0,1.5,0 ⅔,10,0,0,0,0,0,1,0,,Home,창원 NC 파크,14:00,32.5
김시훈,2024,NC,2024-09-10,@ KT,RP,,27.0,3.0,0 ⅔,17,2,2,1,0,0,1,0,,Away,수원 KT 위즈파크,18:30,31.5
김시훈,2024,NC,2024-09-05,vs. Kiwoom,RP,L,6.75,2.25,1 ⅓,22,3,1,3,0,1,0,0,,Home,창원 NC 파크,18:30,30.9
김시훈,2024,NC,2024-09-03,vs. Kiwoom,RP,,0.0,0.0,1,11,0,0,0,0,0,0,0,,Home,창원 NC 파크,18:30,28.0
김시훈,2024,NC,2024-09-01,@ SSG,RP,H,0.0,2.0,1,17,0,0,2,0,1,0,0,,Away,인천 SSG 랜더스필드,14:00,29.4
김시훈,2024,NC,2024-08-31,@ SSG,RP,,0.0,0.0,2,18,0,0,0,0,1,0,0,,Away,인천 SSG 랜더스필드,18:00,30.4
김시훈,2024,NC,2024-08-28,vs. Doosan,RP,,6.75,0.75,1 ⅓,17,1,1,1,1,1,0,0,,Home,창원 NC 파크,18:30,29.8
김시훈,2024,NC,2024-08-27,vs. Doosan,RP,,27.0,4.5,0 ⅔,10,2,2,3,0,0,0,0,,Home,창원 NC 파크,18:30,30.2
김시훈,2024,NC,2024-08-25,vs. Kia,RP,,0.0,1.2,1 ⅔,25,0,0,1,0,1,1,0,,Home,창원 NC 파크,17:00,32.5
김시훈,2024,NC,2024-08-23,vs. Kia,RP,H,0.0,1.0,1,19,0,0,1,0,1,0,1,,Home,창원 NC 파크,18:30,32.7
김시훈,2024,NC,2024-08-21,@ Hanwha,RP,,0.0,1.0,1,18,0,0,1,0,0,0,0,,Away,대전 한화생명 볼파크,18:30,32.4
김시훈,2024,NC,2024-08-20,@ Hanwha,RP,H,0.0,0.0,1 ⅓,17,0,0,0,0,0,0,0,,Away,대전 한화생명 볼파크,18:30,31.0
김시훈,2024,NC,2024-08-18,vs. Samsung,RP,,0.0,2.4,1 ⅔,35,2,0,3,0,0,1,0,,Home,창원 NC 파크,17:00,31.7
김시훈,2024,NC,2024-08-16,vs. Samsung,RP,,0.0,0.0,1 ⅔,7,0,0,0,0,0,0,0,,Home,창원 NC 파크,18:30,31.1
김시훈,2024,NC,2024-08-15,vs. SSG,RP,,0.0,0.6,1 ⅔,27,0,0,1,0,4,0,0,,Home,창원 NC 파크,18:30,28.8
김시훈,2024,NC,2024-08-02,vs. KT,SP,,12.0,3.67,3,73,4,4,6,0,1,5,0,27.0,Home,창원 NC 파크,18:30,34.2
김시훈,2024,NC,2024-07-27,vs. Lotte,SP,L,6.0,1.5,6,93,4,4,8,0,5,1,0,44.0,Home,창원 NC 파크,18:00,32.0
김시훈,2024,NC,2024-07-21,@ KT,SP,W,3.0,1.67,6,83,2,2,6,0,4,4,0,52.0,Away,수원 KT 위즈파크,17:00,31.7
김시훈,2024,NC,2024-06-30,vs. LG,RP,,0.0,3.0,1,27,0,0,1,0,1,2,0,,Home,창원 NC 파크,17:00,27.5
김시훈,2024,NC,2024-06-26,@ Kiwoom,RP,,27.0,6.0,0 ⅓,13,1,1,1,0,1,1,0,,Away,고척 스카이돔,18:30,25.5
김시훈,2024,NC,2024-06-22,@ SSG,SP,L,21.6,3.0,1 ⅔,50,4,4,0,0,1,5,0,35.0,Away,인천 SSG 랜더스필드,17:00,26.1
김시훈,2024,NC,2024-06-16,vs. Samsung,SP,,5.06,1.31,5 ⅓,86,3,3,6,1,3,1,1,45.0,Home,창원 NC 파크,17:00,29.1
김시훈,2024,NC,2024-06-11,vs. KT,SP,,8.1,2.4,3 ⅓,68,4,3,6,1,1,2,0,33.0,Home,창원 NC 파크,18:30,26.6
김시훈,2024,NC,2024-06-05,vs. Doosan,SP,,1.8,1.4,5,100,1,1,3,0,8,4,0,61.0,Home,창원 NC 파크,18:30,21.4
김시훈,2024,NC,2024-05-30,vs. Kia,SP,L,18.9,2.7,3 ⅓,77,7,7,7,0,3,2,0,19.0,Home,창원 NC 파크,18:30,22.1
김시훈,2024,NC,2024-05-23,@ Kiwoom,SP,,6.0,1.33,6,99,4,4,5,1,7,3,0,50.0,Away,고척 스카이돔,18:30,25.5
김시훈,2024,NC,2024-05-17,vs. Kia,SP,,5.4,1.6,5,94,3,3,6,0,1,2,0,42.0,Home,창원 NC 파크,18:30,20.9
김시훈,2024,NC,2024-05-11,vs. Samsung,SP,,0.0,1.4,5,98,0,0,4,0,7,3,0,63.0,Home,창원 NC 파크,17:00,21.5
김시훈,2024,NC,2024-05-03,@ SSG,SP,,5.79,1.93,4 ⅔,87,3,3,7,0,1,2,0,37.0,Away,인천 SSG 랜더스필드,18:30,21.5
김시훈,2024,NC,2024-04-27,vs. Lotte,SP,W,0.0,1.59,5 ⅔,93,0,0,6,0,4,3,0,58.0,Home,창원 NC 파크,17:00,23.7
김시훈,2024,NC,2024-04-21,@ Kia,SP,,6.75,2.5,4,95,4,3,6,2,1,4,0,33.0,Away,광주 기아 챔피언스 필드,14:00,16.4
김시훈,2024,NC,2024-04-16,vs. Hanwha,SP,,0.0,0.83,6,91,0,0,2,0,4,3,1,68.0,Home,창원 NC 파크,18:30,21.0
김시훈,2024,NC,2024-04-10,vs. KT,SP,W,1.5,0.67,6,84,1,1,2,1,3,2,0,65.0,Home,창원 NC 파크,18:30,13.5
김시훈,2024,NC,2024-04-04,@ LG,SP,,19.29,4.29,2 ⅓,76,5,5,6,0,1,4,0,22.0,Away,잠실 야구장,18:30,17.5
김시훈,2024,NC,2024-03-29,@ Lotte,SP,,0.0,1.0,5,88,0,0,4,0,4,1,0,62.0,Away,사직 야구장,18:30,14.7
김시훈,2023,NC,2023-10-16,@ Kia,RP,,0.0,,0,10,1,1,3,0,0,0,0,,Away,광주 기아 챔피언스 필드,18:30,16.0
김시훈,2023,NC,2023-10-12,@ Doosan,RP,,0.0,0.0,1,7,0,0,0,0,0,0,0,,Away,잠실 야구장,18:30,20.0
김시훈,2023,NC,2023-10-09,vs. Hanwha,RP,,0.0,0.0,0 ⅓,13,0,0,0,0,0,0,1,,Home,창원 NC 파크,18:30,20.3
김시훈,2023,NC,2023-10-08,vs. SSG,RP,,0.0,0.0,1 ⅔,16,0,0,0,0,1,0,0,,Home,창원 NC 파크,14:00,20.8
김시훈,2023,NC,2023-09-27,vs. Kia,RP,,0.0,2.0,1,14,0,0,1,0,0,1,0,,Home,창원 NC 파크,18:30,26.5
김시훈,2023,NC,2023-09-24,vs. Doosan,RP,,54.0,6.0,0 ⅓,12,2,2,2,1,0,0,0,,Home,창원 NC 파크,14:00,24.9
김시훈,2023,NC,2023-09-23,vs. Doosan,RP,L,27.0,3.0,0 ⅓,6,1,1,0,0,0,1,0,,Home,창원 NC 파크,17:00,23.0
김시훈,2023,NC,2023-09-22,@ LG,RP,,0.0,1.5,0 ⅔,12,0,0,1,0,0,0,0,,Away,잠실 야구장,18:30,23.7
김시훈,2023,NC,2023-09-13,vs. KT,RP,,18.0,5.0,1,21,2,2,4,0,0,1,0,,Home,창원 NC 파크,18:30,28.9
김시훈,2023,NC,2023-09-09,vs. Lotte,RP,,0.0,1.5,1 ⅓,18,0,0,1,0,1,1,0,,Home,창원 NC 파크,17:00,26.9
김시훈,2023,NC,2023-09-09,vs. Lotte,RP,,9.0,2.0,1,20,1,1,2,0,0,0,0,,Home,창원 NC 파크,17:00,26.9
김시훈,2023,NC,2023-09-07,vs. Kiwoom,RP,,0.0,3.0,0 ⅔,14,0,0,1,0,0,1,0,,Home,창원 NC 파크,18:30,26.6
김시훈,2023,NC,2023-09-06,vs. Kiwoom,RP,,0.0,3.0,0 ⅔,16,0,0,1,0,0,1,0,,Home,창원 NC 파크,18:30,28.6
김시훈,2023,NC,2023-09-02,@ Samsung,RP,H,0.0,1.5,0 ⅔,13,0,0,0,0,0,1,0,,Away,대구 삼성 라이온즈 파크,17:00,26.4
김시훈,2023,NC,2023-08-20,@ Doosan,RP,,54.0,6.0,0 ⅓,12,2,2,1,0,1,1,0,,Away,잠실 야구장,17:00,31.8
김시훈,2023,NC,2023-08-16,vs. Hanwha,RP,L,9.0,2.0,1,13,1,1,1,0,1,1,0,,Home,창원 NC 파크,18:30,28.8
김시훈,2023,NC,2023-08-15,vs. Hanwha,RP,,0.0,0.0,1,12,0,0,0,0,2,0,0,,Home,창원 NC 파크,18:30,29.8
김시훈,2023,NC,2023-08-11,@ KT,RP,H,0.0,0.6,1 ⅔,23,0,0,0,0,1,1,0,,Away,수원 KT 위즈파크,18:30,27.8
김시훈,2023,NC,2023-08-09,@ SSG,RP,,0.0,0.0,0 ⅔,11,0,0,0,0,0,0,0,,Away,인천 SSG 랜더스필드,18:30,31.0
김시훈,2023,NC,2023-08-06,vs. Kiwoom,RP,,13.5,4.5,0 ⅔,18,1,1,1,0,1,2,0,,Home,창원 NC 파크,17:00,33.9
김시훈,2023,NC,2023-08-04,vs. Kiwoom,RP,W,0.0,0.0,1 ⅔,16,0,0,0,0,2,0,0,,Home,창원 NC 파크,18:30,33.4
김시훈,2023,NC,2023-08-02,@ Lotte,RP,,6.75,2.25,1 ⅓,23,1,1,1,0,0,2,0,,Away,사직 야구장,18:30,31.8
김시훈,2023,NC,2023-07-30,vs. KT,RP,,5.4,1.2,1 ⅔,29,1,1,1,0,2,1,0,,Home,창원 NC 파크,17:00,32.4
김시훈,2023,NC,2023-07-28,vs. KT,RP,,0.0,9.0,0 ⅓,18,4,0,3,0,0,0,0,,Home,창원 NC 파크,18:30,32.8
김시훈,2023,NC,2023-07-22,@ Hanwha,RP,,13.5,4.5,0 ⅔,13,1,1,2,0,0,1,0,,Away,대전 한화생명 볼파크,18:00,26.7
김시훈,2023,NC,2023-07-12,vs. Lotte,RP,,0.0,2.0,1,23,0,0,1,0,0,1,0,,Home,창원 NC 파크,18:30,28.5
김시훈,2023,NC,2023-07-06,@ Kiwoom,RP,W,0.0,1.0,1,11,0,0,1,0,1,0,0,,Away,고척 스카이돔,18:30,25.5
김시훈,2023,NC,2023-07-05,@ Kiwoom,RP,,0.0,2.0,1,19,0,0,1,0,1,1,0,,Away,고척 스카이돔,18:30,25.5
김시훈,2023,NC,2023-07-01,@ KT,RP,,0.0,0.75,1 ⅓,19,0,0,1,0,1,0,0,,Away,수원 KT 위즈파크,18:00,30.5
김시훈,2023,NC,2023-06-30,@ KT,RP,H,0.0,1.0,1,18,0,0,1,0,0,0,0,,Away,수원 KT 위즈파크,18:30,29.5
김시훈,2023,NC,2023-06-28,@ Doosan,RP,H,27.0,6.0,0 ⅓,14,1,1,2,0,0,0,0,,Away,잠실 야구장,18:30,29.1
김시훈,2023,NC,2023-06-24,vs. Hanwha,RP,,0.0,1.0,1,17,0,0,1,0,2,0,0,,Home,창원 NC 파크,17:00,24.6
김시훈,2023,NC,2023-06-21,vs. LG,RP,,13.5,4.5,0 ⅔,21,1,1,3,0,0,0,0,,Home,창원 NC 파크,18:30,24.6
김시훈,2023,NC,2023-06-20,vs. LG,RP,,0.0,1.0,1,22,0,0,0,0,2,1,0,,Home,창원 NC 파크,18:30,24.3
김시훈,2023,NC,2023-06-18,@ Kia,RP,,0.0,0.0,1,13,0,0,0,0,2,0,0,,Away,광주 기아 챔피언스 필드,17:00,30.0
김시훈,2023,NC,2023-06-16,@ Kia,RP,H,27.0,3.0,0 ⅓,10,1,1,0,0,0,1,0,,Away,광주 기아 챔피언스 필드,18:30,29.3
김시훈,2023,NC,2023-06-14,vs. Doosan,RP,,0.0,3.0,1,30,0,0,2,0,1,1,0,,Home,창원 NC 파크,18:30,23.3
김시훈,2023,NC,2023-06-11,vs. SSG,RP,W,0.0,0.0,1 ⅓,17,0,0,0,0,3,0,0,,Home,창원 NC 파크,17:00,25.4
김시훈,2023,NC,2023-06-09,vs. SSG,RP,SV,0.0,1.0,1,11,0,0,1,0,2,0,0,,Home,창원 NC 파크,18:30,25.2
김시훈,2023,NC,2023-06-07,@ Samsung,RP,,0.0,0.0,1,13,0,0,0,0,1,0,0,,Away,대구 삼성 라이온즈 파크,18:30,22.9
김시훈,2023,NC,2023-06-04,@ LG,RP,SV,0.0,2.0,1,28,0,0,0,0,3,2,0,,Away,잠실 야구장,17:00,25.2
김시훈,2023,NC,2023-05-30,vs. Doosan,RP,,0.0,0.0,1,7,0,0,0,0,1,0,0,,Home,창원 NC 파크,18:30,19.9
김시훈,2023,NC,2023-05-27,vs. Hanwha,RP,,54.0,6.0,0 ⅓,22,2,2,0,0,0,2,0,,Home,창원 NC 파크,17:00,25.1
김시훈,2023,NC,2023-05-24,@ Lotte,RP,H,0.0,1.5,0 ⅔,18,0,0,1,0,2,0,0,,Away,사직 야구장,18:30,19.0
김시훈,2023,NC,2023-05-21,vs. Samsung,RP,,0.0,1.0,1,14,0,0,0,0,0,1,0,,Home,창원 NC 파크,14:00,26.3
김시훈,2023,NC,2023-05-16,vs. SSG,RP,H,0.0,1.0,1,17,0,0,0,0,2,1,0,,Home,창원 NC 파크,18:30,23.2
김시훈,2023,NC,2023-05-14,@ Kiwoom,RP,H,0.0,1.0,1,18,0,0,1,0,1,0,0,,Away,고척 스카이돔,14:00,25.5
김시훈,2023,NC,2023-05-12,@ Kiwoom,RP,L,108.0,12.0,0 ⅓,23,4,4,3,1,0,1,0,,Away,고척 스카이돔,18:30,25.5
김시훈,2023,NC,2023-05-11,@ KT,RP,H,0.0,0.0,1,15,0,0,0,0,1,0,0,,Away,수원 KT 위즈파크,18:30,21.8
김시훈,2023,NC,2023-05-03,vs. LG,RP,,0.0,0.0,1,10,0,0,0,0,3,0,0,,Home,창원 NC 파크,18:30,18.3
김시훈,2023,NC,2023-04-30,@ Hanwha,RP,SV,0.0,1.0,1,19,0,0,0,0,1,1,0,,Away,대전 한화생명 볼파크,14:00,19.1
김시훈,2023,NC,2023-04-28,@ Hanwha,RP,H,0.0,1.0,1,19,0,0,0,0,2,1,0,,Away,대전 한화생명 볼파크,18:30,20.8
김시훈,2023,NC,2023-04-27,@ Kia,RP,,0.0,3.0,0 ⅓,6,0,0,1,0,0,0,0,,Away,광주 기아 챔피언스 필드,18:30,20.7
김시훈,2023,NC,2023-04-25,@ Kia,RP,,0.0,1.0,1,12,0,0,1,0,0,0,0,,Away,광주 기아 챔피언스 필드,18:30,10.7
김시훈,2023,NC,2023-04-22,vs. Lotte,RP,,18.0,4.0,1,27,2,2,1,1,1,3,0,,Home,창원 NC 파크,17:00,17.3
김시훈,2023,NC,2023-04-21,vs. Lotte,RP,,0.0,,0,5,1,0,1,0,0,0,0,,Home,창원 NC 파크,18:30,18.2
김시훈,2023,NC,2023-04-18,@ LG,RP,W,0.0,0.0,1 ⅔,13,0,0,0,0,1,0,0,,Away,잠실 야구장,18:30,18.2
김시훈,2023,NC,2023-04-13,vs. KT,RP,,0.0,4.0,1,23,1,0,4,0,1,0,0,,Home,창원 NC 파크,18:30,17.5
김시훈,2023,NC,2023-04-11,vs. KT,RP,H,0.0,1.0,1,16,0,0,1,0,1,0,0,,Home,창원 NC 파크,18:30,18.1
김시훈,2023,NC,2023-04-08,vs. Kiwoom,RP,H,27.0,6.0,0 ⅓,18,1,1,2,0,1,0,0,,Home,창원 NC 파크,17:00,15.8
김시훈,2023,NC,2023-04-04,@ Doosan,RP,,0.0,6.0,0 ⅓,13,0,0,1,0,0,1,0,,Away,잠실 야구장,18:30,20.1
김시훈,2022,NC,2022-10-08,vs. Hanwha,RP,H,0.0,0.0,1 ⅓,19,0,0,0,0,2,0,0,,Home,창원 NC 파크,17:00,18.7
김시훈,2022,NC,2022-10-07,vs. LG,RP,,0.0,0.0,0 ⅔,8,0,0,0,0,1,0,0,,Home,창원 NC 파크,18:30,18.0
김시훈,2022,NC,2022-10-05,vs. Lotte,RP,,0.0,0.0,1,14,0,0,0,0,2,0,0,,Home,창원 NC 파크,18:30,17.7
김시훈,2022,NC,2022-10-02,@ LG,RP,H,0.0,1.5,0 ⅔,17,0,0,0,0,0,1,0,,Away,잠실 야구장,14:00,21.3
김시훈,2022,NC,2022-10-01,@ LG,RP,,0.0,,0,10,0,0,0,0,0,1,1,,Away,잠실 야구장,17:00,25.1
김시훈,2022,NC,2022-09-30,@ LG,RP,,0.0,1.0,1,16,0,0,1,0,1,0,0,,Away,잠실 야구장,18:30,24.3
김시훈,2022,NC,2022-09-27,vs. Kiwoom,RP,,0.0,2.0,1,17,0,0,0,0,0,2,0,,Home,창원 NC 파크,18:30,24.5
김시훈,2022,NC,2022-09-22,vs. Kia,RP,,0.0,0.0,1,13,0,0,0,0,1,0,0,,Home,창원 NC 파크,18:30,23.0
김시훈,2022,NC,2022-09-21,@ Doosan,RP,,0.0,0.0,1,13,0,0,0,0,2,0,0,,Away,잠실 야구장,18:30,21.9
김시훈,2022,NC,2022-09-18,@ Kiwoom,RP,H,0.0,1.0,1,14,0,0,1,0,1,0,0,,Away,고척 스카이돔,14:00,25.5
김시훈,2022,NC,2022-09-14,vs. Samsung,RP,,0.0,0.0,1,14,0,0,0,0,1,0,0,,Home,창원 NC 파크,18:30,26.3
김시훈,2022,NC,2022-09-11,@ Lotte,RP,,0.0,1.0,1,13,0,0,1,0,1,0,0,,Away,사직 야구장,14:00,28.7
김시훈,2022,NC,2022-09-10,@ Lotte,RP,H,0.0,1.0,1,17,0,0,1,0,0,0,0,,Away,사직 야구장,17:00,24.8
김시훈,2022,NC,2022-09-08,@ KT,RP,,9.0,2.0,1,30,1,1,2,1,1,0,0,,Away,수원 KT 위즈파크,18:30,26.1
김시훈,2022,NC,2022-09-06,vs. Doosan,RP,W,0.0,0.0,0 ⅓,5,0,0,0,0,0,0,0,,Home,창원 NC 파크,18:30,25.1
김시훈,2022,NC,2022-09-01,@ SSG,RP,H,0.0,0.0,1,9,0,0,0,0,1,0,0,,Away,인천 SSG 랜더스필드,18:30,28.0
김시훈,2022,NC,2022-08-28,vs. KT,RP,H,0.0,2.0,1,21,0,0,0,0,0,2,0,,Home,창원 NC 파크,17:00,25.7
김시훈,2022,NC,2022-08-27,vs. KT,RP,,0.0,0.0,1,8,0,0,0,0,1,0,0,,Home,창원 NC 파크,18:00,25.2
김시훈,2022,NC,2022-08-25,vs. Kiwoom,RP,L,9.0,5.0,1,30,1,1,3,0,1,2,0,,Home,창원 NC 파크,18:30,27.5
김시훈,2022,NC,2022-08-21,@ Samsung,RP,,54.0,6.0,0 ⅓,5,2,2,2,1,0,0,0,,Away,대구 삼성 라이온즈 파크,17:00,28.5
김시훈,2022,NC,2022-08-18,@ Kia,RP,,0.0,1.5,1 ⅓,27,0,0,0,0,1,2,0,,Away,광주 기아 챔피언스 필드,18:30,30.6
김시훈,2022,NC,2022-08-17,vs. Hanwha,RP,H,0.0,3.0,0 ⅓,8,0,0,1,0,1,0,0,,Home,창원 NC 파크,18:30,27.0
김시훈,2022,NC,2022-08-11,@ Doosan,RP,W,0.0,0.0,0 ⅔,6,0,0,0,0,1,0,0,,Away,잠실 야구장,18:30,28.4
김시훈,2022,NC,2022-08-10,@ Doosan,RP,,0.0,1.0,1,10,0,0,1,0,1,0,0,,Away,잠실 야구장,18:30,27.9
김시훈,2022,NC,2022-08-06,@ Lotte,RP,,0.0,1.0,1,16,0,0,1,0,2,0,0,,Away,사직 야구장,18:00,32.2
김시훈,2022,NC,2022-07-30,vs. Kiwoom,RP,,0.0,2.25,1 ⅓,25,0,0,2,0,2,1,0,,Home,창원 NC 파크,18:00,30.2
김시훈,2022,NC,2022-07-28,@ Kia,RP,H,0.0,1.0,1,17,0,0,0,0,2,1,0,,Away,광주 기아 챔피언스 필드,18:30,32.2
김시훈,2022,NC,2022-07-26,@ Kia,RP,,0.0,2.0,1,10,0,0,2,0,0,0,1,,Away,광주 기아 챔피언스 필드,18:30,31.1
김시훈,2022,NC,2022-07-13,vs. Doosan,RP,,0.0,1.0,1,16,0,0,1,0,0,0,0,,Home,창원 NC 파크,18:30,26.5
김시훈,2022,NC,2022-07-12,vs. Doosan,RP,,0.0,0.0,1 ⅓,15,0,0,0,0,1,0,0,,Home,창원 NC 파크,18:30,26.8
김시훈,2022,NC,2022-07-10,@ Kiwoom,RP,,0.0,1.0,1,23,0,0,1,0,3,0,1,,Away,고척 스카이돔,14:00,25.5
김시훈,2022,NC,2022-07-07,@ Hanwha,RP,L,54.0,10.5,0 ⅔,32,4,4,5,1,1,2,0,,Away,대전 한화생명 볼파크,18:30,31.5
김시훈,2022,NC,2022-07-05,@ Hanwha,RP,,0.0,0.0,2,25,0,0,0,0,1,0,0,,Away,대전 한화생명 볼파크,18:30,32.4
김시훈,2022,NC,2022-07-03,vs. Samsung,RP,,0.0,0.75,1 ⅓,14,0,0,1,0,1,0,0,,Home,창원 NC 파크,17:00,32.2
김시훈,2022,NC,2022-06-28,@ LG,RP,,13.5,1.5,0 ⅔,12,1,1,1,0,1,0,0,,Away,잠실 야구장,18:30,29.2
김시훈,2022,NC,2022-06-26,@ SSG,RP,L,0.0,3.0,0 ⅓,11,2,0,1,0,0,0,0,,Away,인천 SSG 랜더스필드,17:00,28.0
김시훈,2022,NC,2022-06-22,@ KT,RP,,0.0,0.0,1,11,0,0,0,0,1,0,0,,Away,수원 KT 위즈파크,18:30,26.9
김시훈,2022,NC,2022-06-18,vs. Hanwha,RP,W,4.5,1.0,2,34,1,1,2,1,2,0,0,,Home,창원 NC 파크,17:00,27.8
김시훈,2022,NC,2022-06-16,vs. Kia,RP,H,0.0,1.5,0 ⅔,10,0,0,0,0,1,1,0,,Home,창원 NC 파크,18:30,24.9
김시훈,2022,NC,2022-06-15,vs. Kia,RP,H,0.0,1.0,1,19,0,0,0,0,1,1,0,,Home,창원 NC 파크,18:30,23.8
김시훈,2022,NC,2022-06-11,@ Samsung,RP,,0.0,0.0,0 ⅔,6,0,0,0,0,0,0,1,,Away,대구 삼성 라이온즈 파크,17:00,26.0
김시훈,2022,NC,2022-06-09,vs. SSG,RP,,81.0,9.0,0 ⅓,16,3,3,1,0,0,2,0,,Home,창원 NC 파크,18:30,21.1
김시훈,2022,NC,2022-06-08,vs. SSG,RP,,0.0,0.0,1 ⅓,18,0,0,0,0,2,0,0,,Home,창원 NC 파크,18:30,20.1
김시훈,2022,NC,2022-06-02,@ Hanwha,SP,,1.5,0.83,6,86,1,1,2,0,5,3,0,66.0,Away,대전 한화생명 볼파크,18:30,27.0
김시훈,2022,NC,2022-05-27,vs. Doosan,SP,L,3.18,1.59,5 ⅔,98,3,2,5,2,4,4,0,49.0,Home,창원 NC 파크,18:30,28.5
김시훈,2022,NC,2022-05-21,@ Kia,SP,,0.0,1.85,4 ⅓,94,0,0,6,0,3,2,0,52.0,Away,광주 기아 챔피언스 필드,17:00,26.4
김시훈,2022,NC,2022-05-15,@ SSG,SP,,18.0,4.5,2,55,5,4,7,1,0,2,0,22.0,Away,인천 SSG 랜더스필드,14:00,18.2
김시훈,2022,NC,2022-05-10,@ Lotte,SP,L,14.73,3.0,3 ⅔,69,6,6,9,0,2,2,0,19.0,Away,사직 야구장,18:30,17.1
김시훈,2022,NC,2022-05-04,@ Samsung,SP,,3.6,1.4,5,99,2,2,6,0,7,1,0,53.0,Away,대구 삼성 라이온즈 파크,18:30,17.8
김시훈,2022,NC,2022-04-28,@ Doosan,SP,W,3.6,1.4,5,86,3,2,3,0,3,4,0,50.0,Away,잠실 야구장,18:30,20.2
김시훈,2022,NC,2022-04-22,@ KT,RP,,0.0,1.0,3,44,0,0,2,0,2,1,0,,Away,수원 KT 위즈파크,18:30,15.2
김시훈,2022,NC,2022-04-19,vs. Samsung,RP,H,0.0,1.0,1,17,0,0,0,0,2,1,0,,Home,창원 NC 파크,18:30,19.5
김시훈,2022,NC,2022-04-17,vs. Kia,RP,,0.0,2.0,1,24,0,0,1,0,2,1,0,,Home,창원 NC 파크,14:00,21.5
김시훈,2022,NC,2022-04-15,vs. Kia,RP,,0.0,1.5,0 ⅔,17,0,0,1,0,2,0,0,,Home,창원 NC 파크,18:30,13.4
김시훈,2022,NC,2022-04-13,@ Kiwoom,RP,,0.0,2.0,1,20,0,0,1,0,1,1,0,,Away,고척 스카이돔,18:30,25.5
김시훈,2022,NC,2022-04-10,@ LG,RP,,0.0,2.25,1 ⅓,29,0,0,1,0,1,2,0,,Away,잠실 야구장,14:00,24.1
김시훈,2022,NC,2022-04-06,vs. Lotte,RP,,0.0,0.0,1,9,0,0,0,0,1,0,0,,Home,창원 NC 파크,18:30,15.7
김시훈,2022,NC,2022-04-05,vs. Lotte,RP,,0.0,1.0,1,13,0,0,0,0,0,1,0,,Home,창원 NC 파크,18:30,14.5
김시훈,2022,NC,2022-04-03,vs. SSG,RP,,0.0,0.0,1 ⅓,15,0,0,0,0,3,0,0,,Home,창원 NC 파크,14:00,16.5
김태경,2022,NC,2022-10-10,@ KT,SP,L,6.75,1.5,4,68,3,3,5,1,5,1,0,44.0,Away,수원 KT 위즈파크,18:30,10.2
김태경,2022,NC,2022-10-02,@ LG,SP,,0.0,0.75,5 ⅓,83,0,0,2,0,2,2,0,64.0,Away,잠실 야구장,14:00,21.3
김태경,2022,NC,2022-09-24,vs. Kia,SP,L,8.1,2.4,3 ⅓,79,3,3,5,0,2,3,0,37.0,Home,창원 NC 파크,17:00,21.4
김태경,2022,NC,2022-09-18,@ Kiwoom,SP,W,1.69,1.13,5 ⅓,80,1,1,4,0,5,2,0,59.0,Away,고척 스카이돔,14:00,25.5
김태경,2022,NC,2022-08-25,vs. Kiwoom,RP,H,9.0,2.0,2,41,2,2,3,0,0,1,1,,Home,창원 NC 파크,18:30,27.5
김태경,2022,NC,2022-08-23,vs. Lotte,RP,,0.0,2.0,1,24,0,0,0,0,1,2,0,,Home,창원 NC 파크,18:30,28.0
김태경,2022,NC,2022-08-14,vs. LG,SP,W,0.0,1.0,5,91,0,0,1,0,3,4,0,64.0,Home,창원 NC 파크,17:00,31.9
김태경,2022,NC,2022-08-07,@ Lotte,SP,W,0.0,0.4,5,67,0,0,1,0,1,1,2,63.0,Away,사직 야구장,17:00,32.1
김태경,2022,NC,2022-06-21,@ KT,RP,,13.5,2.5,2,47,3,3,5,2,4,0,1,,Away,수원 KT 위즈파크,18:30,26.8
김태경,2022,NC,2022-06-10,@ Samsung,RP,,0.0,1.0,1,20,0,0,0,0,0,1,0,,Away,대구 삼성 라이온즈 파크,18:30,22.4
김태경,2022,NC,2022-04-29,vs. Hanwha,RP,,0.0,1.0,1,26,0,0,0,0,1,1,0,,Home,창원 NC 파크,18:30,12.0
김태경,2022,NC,2022-04-24,@ KT,SP,,3.0,2.0,3,64,1,1,5,0,2,1,1,45.0,Away,수원 KT 위즈파크,14:00,23.5
김태경,2022,NC,2022-04-19,vs. Samsung,RP,,40.5,6.0,0 ⅔,22,3,3,3,1,1,1,0,,Home,창원 NC 파크,18:30,19.5
김태경,2022,NC,2022-04-16,vs. Kia,RP,,0.0,0.0,1,10,0,0,0,0,1,0,0,,Home,창원 NC 파크,17:00,13.5
김태경,2022,NC,2022-04-13,@ Kiwoom,RP,,0.0,0.27,3 ⅔,58,0,0,1,0,3,0,0,,Away,고척 스카이돔,18:30,25.5
김태경,2022,NC,2022-04-12,@ Kiwoom,RP,,0.0,2.0,1,11,0,0,1,0,0,1,0,,Away,고척 스카이돔,18:30,25.5
김태경,2021,NC,2021-10-28,@ KT,SP,,1.8,1.0,5,77,1,1,3,0,2,2,0,57.0,Away,수원 KT 위즈파크,18:30,16.2
김태경,2021,NC,2021-10-17,vs. LG,SP,,0.0,1.71,2 ⅓,47,0,0,1,0,1,3,0,53.0,Home,창원 NC 파크,14:00,13.2
김태경,2021,NC,2021-09-22,@ Doosan,RP,,0.0,1.5,2,45,0,0,2,0,3,1,0,,Away,잠실 야구장,18:30,23.3
김태경,2021,NC,2021-09-18,vs. KT,RP,,9.0,1.0,1,21,1,1,1,1,1,0,0,,Home,창원 NC 파크,17:00,25.5
김태경,2021,NC,2021-09-09,vs. Doosan,RP,,0.0,0.0,1,11,0,0,0,0,0,0,0,,Home,창원 NC 파크,18:30,25.9
김태경,2021,NC,2021-09-07,vs. Hanwha,RP,,0.0,1.0,1,20,0,0,1,0,2,0,0,,Home,창원 NC 파크,18:30,27.5
김태경,2021,NC,2021-08-14,@ Hanwha,SP,,20.25,2.25,2 ⅔,65,6,6,3,0,1,3,1,25.0,Away,대전 한화생명 볼파크,18:00,29.1
김태경,2020,NC,2020-10-31,@ Kia,RP,,0.0,1.0,1,19,0,0,0,0,1,1,0,,Away,광주 기아 챔피언스 필드,17:00,18.1
김영규,2024,NC,2024-08-02,vs. KT,RP,,0.0,1.0,1,17,0,0,1,0,1,0,0,,Home,창원 NC 파크,18:30,34.2
김영규,2024,NC,2024-08-01,@ Kiwoom,RP,L,9.0,1.0,1,18,1,1,1,0,0,0,0,,Away,고척 스카이돔,18:30,25.5
김영규,2024,NC,2024-07-25,@ Kia,RP,,13.5,3.0,1 ⅓,23,2,2,4,0,0,0,0,,Away,광주 기아 챔피언스 필드,18:30,31.7
김영규,2024,NC,2024-07-21,@ KT,RP,H,0.0,1.0,2,28,0,0,1,0,4,1,0,,Away,수원 KT 위즈파크,17:00,31.7
김영규,2024,NC,2024-07-18,vs. Hanwha,RP,H,0.0,0.0,1,14,0,0,0,0,1,0,0,,Home,창원 NC 파크,18:30,29.9
김영규,2024,NC,2024-07-11,@ Samsung,RP,,0.0,1.0,1,17,0,0,0,0,2,1,0,,Away,대구 삼성 라이온즈 파크,18:30,25.6
김영규,2024,NC,2024-07-04,vs. SSG,RP,,0.0,0.0,1,9,0,0,0,0,0,0,0,,Home,창원 NC 파크,18:30,30.2
김영규,2024,NC,2024-07-03,vs. SSG,RP,H,0.0,0.6,1 ⅔,21,0,0,1,0,2,0,0,,Home,창원 NC 파크,18:30,30.4
김영규,2024,NC,2024-06-28,vs. LG,RP,,9.0,3.0,1,14,1,1,2,0,0,1,0,,Home,창원 NC 파크,18:30,27.3
김영규,2024,NC,2024-06-27,@ Kiwoom,RP,,0.0,1.0,1,19,0,0,1,0,2,0,0,,Away,고척 스카이돔,18:30,25.5
김영규,2024,NC,2024-06-25,@ Kiwoom,RP,H,9.0,3.0,1,22,1,1,3,0,1,0,0,,Away,고척 스카이돔,18:30,25.5
김영규,2024,NC,2024-06-23,@ SSG,RP,W,0.0,0.6,1 ⅔,19,0,0,0,0,2,1,0,,Away,인천 SSG 랜더스필드,17:00,27.5
김영규,2024,NC,2024-06-21,@ SSG,RP,H,0.0,3.0,0 ⅔,12,0,0,2,0,1,0,0,,Away,인천 SSG 랜더스필드,18:30,27.9
김영규,2024,NC,2024-06-19,@ Doosan,RP,H,5.4,0.6,1 ⅔,22,1,1,1,1,3,0,0,,Away,잠실 야구장,18:30,32.5
김영규,2024,NC,2024-06-16,vs. Samsung,RP,W,4.5,0.5,2,33,1,1,1,1,3,0,0,,Home,창원 NC 파크,17:00,29.1
김영규,2024,NC,2024-06-15,vs. Samsung,RP,,0.0,0.75,1 ⅓,22,0,0,1,0,2,0,0,,Home,창원 NC 파크,17:00,29.9
김영규,2024,NC,2024-06-13,vs. KT,RP,H,0.0,0.0,1,11,0,0,0,0,2,0,0,,Home,창원 NC 파크,18:30,27.7
김영규,2024,NC,2024-06-11,vs. KT,RP,,0.0,1.0,1,19,0,0,1,0,0,0,0,,Home,창원 NC 파크,18:30,26.6
김영규,2024,NC,2024-06-08,@ Hanwha,RP,H,0.0,0.0,1,16,0,0,0,0,1,0,0,,Away,대전 한화생명 볼파크,17:00,26.2
김영규,2024,NC,2024-06-07,@ Hanwha,RP,,0.0,1.0,1,16,0,0,1,0,0,0,0,,Away,대전 한화생명 볼파크,18:30,25.3
김영규,2024,NC,2024-06-05,vs. Doosan,RP,,0.0,1.0,2,25,0,0,2,0,1,0,0,,Home,창원 NC 파크,18:30,21.4
김영규,2024,NC,2024-06-01,@ Lotte,RP,SV,0.0,0.5,2,22,0,0,1,0,1,0,0,,Away,사직 야구장,17:00,24.0
김영규,2024,NC,2024-05-29,vs. Kia,RP,,0.0,1.0,1,7,0,0,1,0,1,0,0,,Home,창원 NC 파크,18:30,23.2
김영규,2024,NC,2024-05-26,@ LG,RP,,0.0,0.0,1,15,0,0,0,0,0,0,0,,Away,잠실 야구장,14:00,20.2
김영규,2024,NC,2024-05-22,@ Kiwoom,RP,,54.0,9.0,0 ⅓,16,2,2,3,0,0,0,0,,Away,고척 스카이돔,18:30,25.5
김영규,2024,NC,2024-05-21,@ Kiwoom,RP,H,0.0,1.0,1,15,0,0,1,0,1,0,0,,Away,고척 스카이돔,18:30,25.5
김영규,2024,NC,2024-05-19,vs. Kia,RP,,0.0,0.0,1,16,0,0,0,0,1,0,0,,Home,창원 NC 파크,14:00,29.9
김영규,2024,NC,2024-05-17,vs. Kia,RP,,0.0,1.8,1 ⅔,28,0,0,2,0,1,1,0,,Home,창원 NC 파크,18:30,20.9
김영규,2024,NC,2024-05-16,@ Hanwha,RP,H,0.0,0.0,0 ⅓,3,0,0,0,0,0,0,0,,Away,대전 한화생명 볼파크,18:30,18.2
김영규,2024,NC,2024-05-14,@ Hanwha,RP,,0.0,0.0,1,12,0,0,0,0,2,0,1,,Away,대전 한화생명 볼파크,18:30,24.3
김영규,2024,NC,2024-05-12,vs. Samsung,RP,,0.0,3.0,0 ⅓,4,0,0,1,0,0,0,0,,Home,창원 NC 파크,14:00,21.8
김영규,2024,NC,2024-05-11,vs. Samsung,RP,L,81.0,9.0,0 ⅓,21,3,3,1,0,1,2,0,,Home,창원 NC 파크,17:00,21.5
김영규,2024,NC,2024-05-08,@ KT,RP,,54.0,9.0,0 ⅓,13,2,2,1,0,0,2,0,,Away,수원 KT 위즈파크,18:30,17.6
김영규,2024,NC,2024-05-04,@ SSG,RP,H,13.5,2.25,1 ⅓,33,2,2,2,1,2,1,0,,Away,인천 SSG 랜더스필드,17:00,23.2
김영규,2024,NC,2024-05-02,vs. LG,RP,,0.0,1.5,1 ⅓,18,0,0,1,0,2,1,0,,Home,창원 NC 파크,18:30,15.8
김영규,2024,NC,2024-04-28,vs. Lotte,RP,H,0.0,0.0,1,17,0,0,0,0,3,0,0,,Home,창원 NC 파크,14:00,22.8
김영규,2024,NC,2024-04-27,vs. Lotte,RP,H,0.0,0.0,0 ⅓,7,0,0,0,0,0,0,0,,Home,창원 NC 파크,17:00,23.7
김영규,2024,NC,2024-04-24,@ Doosan,RP,H,0.0,1.0,1,10,0,0,1,0,1,0,0,,Away,잠실 야구장,18:30,15.3
김영규,2024,NC,2024-04-21,@ Kia,RP,W,0.0,0.5,2,25,0,0,1,0,2,0,0,,Away,광주 기아 챔피언스 필드,14:00,16.4
김영규,2024,NC,2024-04-19,@ Kia,RP,,0.0,6.0,0 ⅓,19,0,0,1,0,1,1,0,,Away,광주 기아 챔피언스 필드,18:30,24.1
김영규,2024,NC,2024-04-16,vs. Hanwha,RP,,0.0,3.0,0 ⅔,19,3,0,0,0,1,2,0,,Home,창원 NC 파크,18:30,21.0
김영규,2024,NC,2024-04-13,@ Samsung,RP,W,0.0,0.0,1,17,0,0,0,0,0,0,0,,Away,대구 삼성 라이온즈 파크,17:00,21.0
김영규,2023,NC,2023-10-16,@ Kia,RP,H,0.0,3.0,0 ⅓,15,0,0,1,0,0,0,0,,Away,광주 기아 챔피언스 필드,18:30,16.0
김영규,2023,NC,2023-10-15,vs. Samsung,RP,H,0.0,0.0,1 ⅓,16,0,0,0,0,0,0,0,,Home,창원 NC 파크,14:00,22.2
김영규,2023,NC,2023-10-13,vs. LG,RP,,0.0,0.0,1,7,0,0,0,0,0,0,0,,Home,창원 NC 파크,18:30,19.8
김영규,2023,NC,2023-10-09,vs. Hanwha,RP,H,0.0,0.86,2 ⅓,42,0,0,1,0,1,1,0,,Home,창원 NC 파크,18:30,20.3
김영규,2023,NC,2023-09-19,@ Doosan,RP,H,0.0,3.0,0 ⅓,8,0,0,1,0,0,0,0,,Away,잠실 야구장,18:30,27.0
김영규,2023,NC,2023-09-15,vs. Samsung,RP,H,0.0,6.0,0 ⅓,15,0,0,1,0,0,1,0,,Home,창원 NC 파크,18:30,27.0
김영규,2023,NC,2023-09-12,@ Lotte,RP,W,0.0,1.0,1,15,0,0,1,0,1,0,0,,Away,사직 야구장,18:30,28.7
김영규,2023,NC,2023-09-09,vs. Lotte,RP,W,9.0,2.0,1,17,1,1,2,0,2,0,0,,Home,창원 NC 파크,17:00,26.9
김영규,2023,NC,2023-09-09,vs. Lotte,RP,,13.5,3.0,0 ⅔,9,1,1,2,1,0,0,0,,Home,창원 NC 파크,17:00,26.9
김영규,2023,NC,2023-09-07,vs. Kiwoom,RP,,6.75,0.75,1 ⅓,11,1,1,1,1,1,0,0,,Home,창원 NC 파크,18:30,26.6
김영규,2023,NC,2023-09-05,vs. Kiwoom,RP,H,0.0,1.0,1,12,0,0,1,0,2,0,0,,Home,창원 NC 파크,18:30,28.0
김영규,2023,NC,2023-09-02,@ Samsung,RP,H,0.0,0.75,1 ⅓,15,0,0,1,0,0,0,0,,Away,대구 삼성 라이온즈 파크,17:00,26.4
김영규,2023,NC,2023-08-27,vs. LG,RP,H,0.0,0.0,1,12,0,0,0,0,1,0,0,,Home,창원 NC 파크,17:00,30.8
김영규,2023,NC,2023-08-26,vs. LG,RP,,13.5,1.5,0 ⅔,13,1,1,1,0,1,0,0,,Home,창원 NC 파크,18:00,30.0
김영규,2023,NC,2023-08-20,@ Doosan,RP,H,0.0,6.0,0 ⅓,17,0,0,2,0,1,0,0,,Away,잠실 야구장,17:00,31.8
김영규,2023,NC,2023-08-19,@ Doosan,RP,,0.0,,0,9,0,0,1,0,0,2,0,,Away,잠실 야구장,18:00,31.7
김영규,2023,NC,2023-08-16,vs. Hanwha,RP,,4.5,1.0,2,28,1,1,1,0,2,1,0,,Home,창원 NC 파크,18:30,28.8
김영규,2023,NC,2023-08-15,vs. Hanwha,RP,,0.0,0.0,0 ⅔,10,0,0,0,0,0,0,1,,Home,창원 NC 파크,18:30,29.8
김영규,2023,NC,2023-08-11,@ KT,RP,,27.0,3.0,0 ⅓,7,1,1,1,0,1,0,0,,Away,수원 KT 위즈파크,18:30,27.8
김영규,2023,NC,2023-08-09,@ SSG,RP,,0.0,0.6,1 ⅔,18,0,0,1,0,1,0,0,,Away,인천 SSG 랜더스필드,18:30,31.0
김영규,2023,NC,2023-08-06,vs. Kiwoom,RP,H,0.0,0.75,1 ⅓,19,0,0,1,0,0,0,0,,Home,창원 NC 파크,17:00,33.9
김영규,2023,NC,2023-08-04,vs. Kiwoom,RP,H,9.0,2.0,1,23,1,1,0,0,0,2,0,,Home,창원 NC 파크,18:30,33.4
김영규,2023,NC,2023-08-03,@ Lotte,RP,,0.0,0.0,1,11,0,0,0,0,2,0,0,,Away,사직 야구장,18:30,32.2
김영규,2023,NC,2023-08-01,@ Lotte,RP,,0.0,0.0,1,10,0,0,0,0,1,0,0,,Away,사직 야구장,18:30,30.7
김영규,2023,NC,2023-07-30,vs. KT,RP,,6.75,1.5,1 ⅓,19,1,1,1,0,0,1,0,,Home,창원 NC 파크,17:00,32.4
김영규,2023,NC,2023-07-28,vs. KT,RP,L,0.0,3.0,0 ⅓,4,1,0,1,0,0,0,0,,Home,창원 NC 파크,18:30,32.8
김영규,2023,NC,2023-07-27,vs. Kia,RP,,0.0,0.0,0 ⅓,4,0,0,0,0,0,0,0,,Home,창원 NC 파크,18:30,32.4
김영규,2023,NC,2023-07-21,@ Hanwha,RP,,0.0,3.0,0 ⅓,10,0,0,1,0,1,0,0,,Away,대전 한화생명 볼파크,18:30,29.2
김영규,2023,NC,2023-07-13,vs. Lotte,RP,,0.0,0.0,1,12,0,0,0,0,3,0,0,,Home,창원 NC 파크,18:30,29.0
김영규,2023,NC,2023-07-12,vs. Lotte,RP,,0.0,0.0,0 ⅔,5,0,0,0,0,0,0,0,,Home,창원 NC 파크,18:30,28.5
김영규,2023,NC,2023-07-06,@ Kiwoom,RP,,9.0,1.0,1,13,1,1,1,0,0,0,0,,Away,고척 스카이돔,18:30,25.5
김영규,2023,NC,2023-07-04,@ Kiwoom,RP,,0.0,0.0,1,13,0,0,0,0,2,0,0,,Away,고척 스카이돔,18:30,25.5
김영규,2023,NC,2023-07-02,@ KT,RP,,0.0,0.6,1 ⅔,25,0,0,0,0,0,1,0,,Away,수원 KT 위즈파크,17:00,31.2
김영규,2023,NC,2023-07-01,@ KT,RP,,0.0,6.0,0 ⅓,12,0,0,1,0,0,1,0,,Away,수원 KT 위즈파크,18:00,30.5
김영규,2023,NC,2023-06-28,@ Doosan,RP,H,0.0,0.0,0 ⅓,4,0,0,0,0,1,0,0,,Away,잠실 야구장,18:30,29.1
김영규,2023,NC,2023-06-21,vs. LG,RP,H,9.0,1.0,1,14,1,1,1,0,0,0,0,,Home,창원 NC 파크,18:30,24.6
김영규,2023,NC,2023-06-20,vs. LG,RP,H,9.0,2.0,1,14,1,1,2,0,2,0,0,,Home,창원 NC 파크,18:30,24.3
김영규,2023,NC,2023-06-17,@ Kia,RP,,27.0,6.0,0 ⅓,14,1,1,1,0,0,1,0,,Away,광주 기아 챔피언스 필드,17:00,27.5
김영규,2023,NC,2023-06-16,@ Kia,RP,H,0.0,1.2,1 ⅔,24,0,0,0,0,1,2,0,,Away,광주 기아 챔피언스 필드,18:30,29.3
김영규,2023,NC,2023-06-14,vs. Doosan,RP,,0.0,2.0,1,7,0,0,2,0,0,0,0,,Home,창원 NC 파크,18:30,23.3
김영규,2023,NC,2023-06-11,vs. SSG,RP,,0.0,0.6,1 ⅔,26,0,0,1,0,1,0,0,,Home,창원 NC 파크,17:00,25.4
김영규,2023,NC,2023-06-08,@ Samsung,RP,,0.0,0.0,1,13,0,0,0,0,1,0,0,,Away,대구 삼성 라이온즈 파크,18:30,24.1
김영규,2023,NC,2023-06-07,@ Samsung,RP,H,0.0,0.0,2,19,0,0,0,0,1,0,0,,Away,대구 삼성 라이온즈 파크,18:30,22.9
김영규,2023,NC,2023-06-04,@ LG,RP,H,0.0,0.5,2,22,0,0,1,0,1,0,0,,Away,잠실 야구장,17:00,25.2
김영규,2023,NC,2023-06-03,@ LG,RP,,0.0,3.0,0 ⅔,22,0,0,1,0,0,1,0,,Away,잠실 야구장,17:00,25.5
김영규,2023,NC,2023-05-31,vs. Doosan,RP,,0.0,0.0,0 ⅔,11,0,0,0,0,0,0,0,,Home,창원 NC 파크,18:30,22.9
김영규,2023,NC,2023-05-17,vs. SSG,RP,,0.0,1.0,1,22,0,0,0,0,1,1,0,,Home,창원 NC 파크,18:30,23.8
김영규,2023,NC,2023-05-16,vs. SSG,RP,H,9.0,2.0,1,17,1,1,1,0,0,1,0,,Home,창원 NC 파크,18:30,23.2
김영규,2023,NC,2023-05-14,@ Kiwoom,RP,H,0.0,0.0,1,9,0,0,0,0,0,0,0,,Away,고척 스카이돔,14:00,25.5
김영규,2023,NC,2023-05-12,@ Kiwoom,RP,,0.0,3.0,0 ⅓,8,0,0,0,0,1,1,0,,Away,고척 스카이돔,18:30,25.5
김영규,2023,NC,2023-05-02,vs. LG,RP,L,27.0,4.0,1,29,3,3,3,0,3,1,0,,Home,창원 NC 파크,18:30,18.3
김영규,2023,NC,2023-04-29,@ Hanwha,RP,H,0.0,1.0,1,7,0,0,1,0,1,0,0,,Away,대전 한화생명 볼파크,17:00,12.6
김영규,2023,NC,2023-04-28,@ Hanwha,RP,H,0.0,0.0,1,8,0,0,0,0,2,0,0,,Away,대전 한화생명 볼파크,18:30,20.8
김영규,2023,NC,2023-04-27,@ Kia,RP,,0.0,1.0,1,11,0,0,0,0,0,1,0,,Away,광주 기아 챔피언스 필드,18:30,20.7
김영규,2023,NC,2023-04-21,vs. Lotte,RP,L,9.0,2.0,1,24,1,1,1,0,2,1,0,,Home,창원 NC 파크,18:30,18.2
김영규,2023,NC,2023-04-19,@ LG,RP,L,36.0,4.0,1,17,4,4,3,0,0,1,0,,Away,잠실 야구장,18:30,25.6
김영규,2023,NC,2023-04-18,@ LG,RP,H,0.0,0.0,1,10,0,0,0,0,1,0,0,,Away,잠실 야구장,18:30,18.2
김영규,2023,NC,2023-04-16,@ SSG,RP,H,0.0,0.75,1 ⅓,23,0,0,0,0,1,1,0,,Away,인천 SSG 랜더스필드,14:00,13.4
김영규,2023,NC,2023-04-14,@ SSG,RP,,0.0,0.0,1 ⅔,17,0,0,0,0,2,0,0,,Away,인천 SSG 랜더스필드,18:30,16.8
김영규,2023,NC,2023-04-12,vs. KT,RP,,0.0,1.0,1,14,0,0,1,0,0,0,0,,Home,창원 NC 파크,18:30,16.0
김영규,2023,NC,2023-04-09,vs. Kiwoom,RP,,0.0,1.5,0 ⅔,12,0,0,0,0,1,1,0,,Home,창원 NC 파크,14:00,18.2
김영규,2023,NC,2023-04-08,vs. Kiwoom,RP,H,0.0,1.0,1,12,0,0,1,0,2,0,0,,Home,창원 NC 파크,17:00,15.8
김영규,2023,NC,2023-04-04,@ Doosan,RP,,0.0,0.0,1 ⅓,10,0,0,0,0,0,0,0,,Away,잠실 야구장,18:30,20.1
김영규,2022,NC,2022-10-08,vs. Hanwha,RP,H,0.0,0.0,0 ⅓,3,0,0,0,0,0,0,1,,Home,창원 NC 파크,17:00,18.7
김영규,2022,NC,2022-10-06,vs. SSG,RP,,9.0,1.0,1,19,1,1,1,1,2,0,0,,Home,창원 NC 파크,18:30,17.4
김영규,2022,NC,2022-10-02,@ LG,RP,H,0.0,0.0,0 ⅓,1,0,0,0,0,0,0,0,,Away,잠실 야구장,14:00,21.3
김영규,2022,NC,2022-10-01,@ LG,RP,H,0.0,0.0,1,8,0,0,0,0,0,0,0,,Away,잠실 야구장,17:00,25.1
김영규,2022,NC,2022-09-30,@ LG,RP,L,13.5,3.0,0 ⅔,17,1,1,1,0,0,1,0,,Away,잠실 야구장,18:30,24.3
김영규,2022,NC,2022-09-27,vs. Kiwoom,RP,,0.0,0.0,1,22,0,0,0,0,1,0,1,,Home,창원 NC 파크,18:30,24.5
김영규,2022,NC,2022-09-24,vs. Kia,RP,,0.0,1.5,1 ⅓,14,0,0,2,0,0,0,0,,Home,창원 NC 파크,17:00,21.4
김영규,2022,NC,2022-09-22,vs. Kia,RP,,0.0,0.6,1 ⅔,9,0,0,1,0,0,0,0,,Home,창원 NC 파크,18:30,23.0
김영규,2022,NC,2022-09-18,@ Kiwoom,RP,H,0.0,0.0,1 ⅓,16,0,0,0,0,0,0,0,,Away,고척 스카이돔,14:00,25.5
김영규,2022,NC,2022-09-15,vs. SSG,RP,,0.0,1.0,1,18,0,0,1,0,1,0,0,,Home,창원 NC 파크,18:30,27.1
김영규,2022,NC,2022-09-13,vs. Samsung,RP,,0.0,1.0,1,11,0,0,0,0,1,1,0,,Home,창원 NC 파크,18:30,26.4
김영규,2022,NC,2022-09-11,@ Lotte,RP,H,0.0,1.0,1,11,0,0,1,0,0,0,0,,Away,사직 야구장,14:00,28.7
김영규,2022,NC,2022-09-08,@ KT,RP,,9.0,2.0,1,11,1,1,2,0,1,0,0,,Away,수원 KT 위즈파크,18:30,26.1
김영규,2022,NC,2022-09-07,vs. Doosan,RP,,0.0,0.0,1,10,0,0,0,0,1,0,0,,Home,창원 NC 파크,18:30,25.0
김영규,2022,NC,2022-09-01,@ SSG,RP,H,0.0,0.0,1,12,0,0,0,0,1,0,0,,Away,인천 SSG 랜더스필드,18:30,28.0
김영규,2022,NC,2022-08-31,@ LG,RP,,13.5,3.0,0 ⅔,16,1,1,2,0,0,0,0,,Away,잠실 야구장,18:30,26.0
김영규,2022,NC,2022-08-25,vs. Kiwoom,RP,H,0.0,1.8,1 ⅔,26,0,0,1,0,0,2,0,,Home,창원 NC 파크,18:30,27.5
김영규,2022,NC,2022-08-24,vs. Lotte,RP,,0.0,,0,7,0,0,1,0,0,0,1,,Home,창원 NC 파크,18:30,23.9
김영규,2022,NC,2022-08-19,@ Kia,RP,,27.0,3.0,0 ⅓,12,1,1,1,1,0,0,0,,Away,광주 기아 챔피언스 필드,18:30,32.2
김영규,2022,NC,2022-08-18,@ Kia,RP,W,0.0,2.25,1 ⅓,14,0,0,0,0,1,3,0,,Away,광주 기아 챔피언스 필드,18:30,30.6
김영규,2022,NC,2022-08-17,vs. Hanwha,RP,,0.0,0.0,1,11,0,0,0,0,0,0,0,,Home,창원 NC 파크,18:30,27.0
김영규,2022,NC,2022-08-14,vs. LG,RP,,0.0,1.0,1,19,0,0,1,0,0,0,0,,Home,창원 NC 파크,17:00,31.9
김영규,2022,NC,2022-08-11,@ Doosan,RP,,0.0,1.5,0 ⅔,10,0,0,0,0,0,1,0,,Away,잠실 야구장,18:30,28.4
김영규,2022,NC,2022-08-07,@ Lotte,RP,,0.0,1.0,1,15,0,0,0,0,0,1,0,,Away,사직 야구장,17:00,32.1
김영규,2022,NC,2022-08-06,@ Lotte,RP,,0.0,0.0,1,10,0,0,0,0,1,0,0,,Away,사직 야구장,18:00,32.2
김영규,2022,NC,2022-08-03,vs. KT,RP,,0.0,0.0,1,7,0,0,0,0,0,0,0,,Home,창원 NC 파크,18:30,31.5
김영규,2022,NC,2022-07-30,vs. Kiwoom,RP,,0.0,0.0,0 ⅔,14,1,0,0,0,0,0,1,,Home,창원 NC 파크,18:00,30.2
김영규,2022,NC,2022-07-29,vs. Kiwoom,RP,H,0.0,2.0,1,24,0,0,0,0,2,2,0,,Home,창원 NC 파크,18:30,32.4
김영규,2022,NC,2022-07-27,@ Kia,RP,,0.0,0.0,1,13,0,0,0,0,1,0,0,,Away,광주 기아 챔피언스 필드,18:30,30.6
김영규,2022,NC,2022-07-24,vs. LG,RP,,9.0,2.0,1,11,1,1,1,0,0,1,0,,Home,창원 NC 파크,17:00,30.3
김영규,2022,NC,2022-07-12,vs. Doosan,RP,,0.0,0.6,1 ⅔,16,0,0,1,0,0,0,0,,Home,창원 NC 파크,18:30,26.8
김영규,2022,NC,2022-07-10,@ Kiwoom,RP,,0.0,0.0,0 ⅔,7,0,0,0,0,1,0,0,,Away,고척 스카이돔,14:00,25.5
김영규,2022,NC,2022-07-08,@ Kiwoom,RP,,0.0,1.0,1,17,0,0,1,0,1,0,0,,Away,고척 스카이돔,18:30,25.5
김영규,2022,NC,2022-07-06,@ Hanwha,RP,,0.0,1.5,0 ⅔,18,0,0,0,0,2,1,0,,Away,대전 한화생명 볼파크,18:30,32.7
김영규,2022,NC,2022-07-05,@ Hanwha,RP,W,0.0,0.0,1,13,0,0,0,0,0,0,0,,Away,대전 한화생명 볼파크,18:30,32.4
김영규,2022,NC,2022-06-26,@ SSG,RP,,27.0,4.5,0 ⅔,22,2,2,2,0,1,1,1,,Away,인천 SSG 랜더스필드,17:00,28.0
김영규,2022,NC,2022-06-22,@ KT,RP,,0.0,0.0,1,12,0,0,0,0,2,0,0,,Away,수원 KT 위즈파크,18:30,26.9
김영규,2022,NC,2022-06-17,vs. Hanwha,RP,,0.0,0.0,1,7,0,0,0,0,1,0,1,,Home,창원 NC 파크,18:30,25.6
김영규,2022,NC,2022-06-16,vs. Kia,RP,L,27.0,3.0,0 ⅔,17,2,2,1,1,1,1,0,,Home,창원 NC 파크,18:30,24.9
김영규,2022,NC,2022-06-12,@ Samsung,RP,L,0.0,,0,8,2,2,2,0,0,0,0,,Away,대구 삼성 라이온즈 파크,17:00,22.9
김영규,2022,NC,2022-06-11,@ Samsung,RP,,0.0,0.0,0 ⅔,6,0,0,0,0,1,0,0,,Away,대구 삼성 라이온즈 파크,17:00,26.0
김영규,2022,NC,2022-06-08,vs. SSG,RP,,0.0,1.5,1 ⅓,17,0,0,2,0,1,0,0,,Home,창원 NC 파크,18:30,20.1
김영규,2022,NC,2022-06-07,vs. SSG,RP,,0.0,3.0,0 ⅓,7,0,0,1,0,1,0,0,,Home,창원 NC 파크,18:30,19.7
김영규,2022,NC,2022-06-04,vs. Lotte,RP,L,6.75,0.75,1 ⅓,12,1,1,1,0,1,0,0,,Home,창원 NC 파크,17:00,22.9
김영규,2022,NC,2022-06-02,@ Hanwha,RP,,0.0,1.5,0 ⅔,8,0,0,1,0,0,0,0,,Away,대전 한화생명 볼파크,18:30,27.0
김영규,2022,NC,2022-06-01,@ Hanwha,RP,,6.75,0.75,1 ⅓,23,1,1,1,0,2,0,0,,Away,대전 한화생명 볼파크,18:30,25.2
김영규,2022,NC,2022-05-29,vs. Doosan,RP,,0.0,3.0,0 ⅓,13,0,0,1,0,0,0,0,,Home,창원 NC 파크,14:00,28.1
김영규,2022,NC,2022-05-28,vs. Doosan,RP,H,0.0,0.6,1 ⅔,15,0,0,1,0,1,0,0,,Home,창원 NC 파크,17:00,25.1
김영규,2022,NC,2022-05-25,vs. KT,RP,L,18.0,3.0,1,22,2,2,3,1,1,0,0,,Home,창원 NC 파크,18:30,23.5
김영규,2022,NC,2022-05-24,vs. KT,RP,,0.0,0.0,0 ⅔,10,0,0,0,0,0,0,0,,Home,창원 NC 파크,18:30,25.6
김영규,2022,NC,2022-05-20,@ Kia,RP,,0.0,1.5,1 ⅓,13,0,0,2,0,0,0,0,,Away,광주 기아 챔피언스 필드,18:30,24.3
김영규,2022,NC,2022-05-18,vs. Kiwoom,RP,H,0.0,0.0,0 ⅓,5,0,0,0,0,1,0,0,,Home,창원 NC 파크,18:30,22.6
김영규,2022,NC,2022-05-15,@ SSG,RP,SV,0.0,0.0,0 ⅓,6,0,0,0,0,0,0,0,,Away,인천 SSG 랜더스필드,14:00,18.2
김영규,2022,NC,2022-05-14,@ SSG,RP,,0.0,0.0,1,15,0,0,0,0,1,0,1,,Away,인천 SSG 랜더스필드,17:00,16.1
김영규,2022,NC,2022-05-12,@ Lotte,RP,H,0.0,1.0,1,19,0,0,1,0,1,0,0,,Away,사직 야구장,18:30,19.6
김영규,2022,NC,2022-05-11,@ Lotte,RP,,0.0,0.75,1 ⅓,11,0,0,1,0,0,0,0,,Away,사직 야구장,18:30,19.4
김영규,2022,NC,2022-05-08,vs. LG,RP,,0.0,1.0,1,19,0,0,1,0,1,0,0,,Home,창원 NC 파크,14:00,19.8
김영규,2022,NC,2022-05-04,@ Samsung,RP,L,135.0,15.0,0 ⅓,13,5,5,3,0,0,2,0,,Away,대구 삼성 라이온즈 파크,18:30,17.8
김영규,2022,NC,2022-05-03,@ Samsung,RP,H,0.0,6.0,0 ⅓,9,0,0,1,0,0,1,0,,Away,대구 삼성 라이온즈 파크,18:30,16.8
김영규,2022,NC,2022-04-30,vs. Hanwha,RP,,0.0,2.0,1,16,0,0,2,0,2,0,0,,Home,창원 NC 파크,17:00,16.7
김영규,2022,NC,2022-04-28,@ Doosan,RP,,0.0,1.0,1,18,0,0,1,0,1,0,0,,Away,잠실 야구장,18:30,20.2
김영규,2022,NC,2022-04-27,@ Doosan,RP,,0.0,1.0,1,17,0,0,1,0,0,0,0,,Away,잠실 야구장,18:30,21.3
김영규,2022,NC,2022-04-24,@ KT,RP,,0.0,2.0,1,18,0,0,1,0,1,1,0,,Away,수원 KT 위즈파크,14:00,23.5
김영규,2022,NC,2022-04-23,@ KT,RP,L,18.0,2.0,1,14,2,2,2,1,0,0,0,,Away,수원 KT 위즈파크,17:00,24.7
김영규,2022,NC,2022-04-17,vs. Kia,RP,,0.0,1.5,1 ⅓,28,0,0,2,0,1,0,0,,Home,창원 NC 파크,14:00,21.5
김영규,2022,NC,2022-04-14,@ Kiwoom,RP,,0.0,0.0,1,13,0,0,0,0,1,0,0,,Away,고척 스카이돔,18:30,25.5
김영규,2022,NC,2022-04-13,@ Kiwoom,RP,,0.0,1.0,1,14,0,0,0,0,1,1,0,,Away,고척 스카이돔,18:30,25.5
김영규,2022,NC,2022-04-10,@ LG,RP,,0.0,1.0,2,31,0,0,2,0,4,0,0,,Away,잠실 야구장,14:00,24.1
김영규,2022,NC,2022-04-09,@ LG,RP,H,0.0,0.0,1,6,0,0,0,0,0,0,0,,Away,잠실 야구장,17:00,22.5
김영규,2022,NC,2022-04-07,vs. Lotte,RP,,0.0,1.0,1,15,0,0,1,0,1,0,0,,Home,창원 NC 파크,18:30,19.9
김영규,2022,NC,2022-04-05,vs. Lotte,RP,,0.0,1.0,1,13,0,0,1,0,0,0,0,,Home,창원 NC 파크,18:30,14.5
김영규,2022,NC,2022-04-02,vs. SSG,RP,,0.0,,0,11,2,2,0,0,0,2,0,,Home,창원 NC 파크,14:00,14.3
김영규,2021,NC,2021-10-28,@ KT,RP,,6.75,1.5,1 ⅓,22,1,1,2,1,0,0,0,,Away,수원 KT 위즈파크,18:30,16.2
김영규,2021,NC,2021-10-27,@ KT,RP,,0.0,0.6,1 ⅔,21,0,0,0,0,0,1,0,,Away,수원 KT 위즈파크,18:30,14.4
김영규,2021,NC,2021-10-23,vs. Kia,RP,,27.0,6.0,0 ⅓,8,1,1,2,0,0,0,0,,Home,창원 NC 파크,17:00,16.9
김영규,2021,NC,2021-10-22,vs. Kia,RP,H,0.0,0.0,1 ⅓,12,0,0,0,0,1,0,0,,Home,창원 NC 파크,18:30,14.4
김영규,2021,NC,2021-10-17,vs. LG,RP,,0.0,1.8,1 ⅔,34,0,0,0,0,2,3,0,,Home,창원 NC 파크,14:00,13.2
김영규,2021,NC,2021-10-16,vs. LG,RP,,0.0,3.0,0 ⅓,8,0,0,0,0,0,1,0,,Home,창원 NC 파크,17:00,15.4
김영규,2021,NC,2021-10-13,@ Kiwoom,RP,,54.0,6.0,0 ⅓,4,2,2,2,0,0,0,0,,Away,고척 스카이돔,18:30,25.5
김영규,2021,NC,2021-10-07,vs. Samsung,RP,L,0.0,,0,8,2,2,1,0,0,1,0,,Home,창원 NC 파크,18:30,23.5
김영규,2021,NC,2021-10-06,@ KT,RP,,54.0,6.0,0 ⅓,11,2,2,2,2,0,0,0,,Away,수원 KT 위즈파크,18:30,21.9
김영규,2021,NC,2021-10-03,@ Lotte,RP,,9.0,1.0,1,15,1,1,1,0,1,0,0,,Away,사직 야구장,14:00,27.2
김영규,2021,NC,2021-10-01,vs. SSG,RP,H,0.0,0.75,1 ⅓,21,0,0,0,0,2,1,0,,Home,창원 NC 파크,18:30,22.4
김영규,2021,NC,2021-09-30,vs. SSG,RP,,0.0,0.0,1,11,0,0,0,0,1,0,0,,Home,창원 NC 파크,18:30,24.3
김영규,2021,NC,2021-09-28,vs. Kia,RP,,0.0,3.0,0 ⅔,15,0,0,2,0,1,0,0,,Home,창원 NC 파크,18:30,24.6
김영규,2021,NC,2021-09-26,@ Samsung,RP,,0.0,0.0,0 ⅓,2,0,0,0,0,0,0,0,,Away,대구 삼성 라이온즈 파크,14:00,25.1
김영규,2021,NC,2021-09-23,@ Kiwoom,RP,,0.0,1.0,1,18,0,0,1,0,1,0,0,,Away,고척 스카이돔,18:30,25.5
김영규,2021,NC,2021-09-19,vs. KT,RP,,13.5,4.5,0 ⅔,19,1,1,2,0,0,1,0,,Home,창원 NC 파크,14:00,26.5
김영규,2021,NC,2021-09-17,vs. LG,RP,H,0.0,1.0,1,19,0,0,1,0,0,0,0,,Home,창원 NC 파크,18:30,22.8
김영규,2021,NC,2021-09-16,vs. LG,RP,H,0.0,0.0,0 ⅓,7,0,0,0,0,0,0,0,,Home,창원 NC 파크,18:30,24.5
김영규,2021,NC,2021-09-12,@ Kia,RP,W,0.0,0.3,3 ⅓,42,0,0,1,0,2,0,0,,Away,광주 기아 챔피언스 필드,14:00,29.7
김영규,2021,NC,2021-09-11,@ Kia,RP,,0.0,0.75,1 ⅓,12,0,0,1,0,0,0,0,,Away,광주 기아 챔피언스 필드,17:00,29.8
김영규,2021,NC,2021-09-08,vs. Hanwha,RP,,0.0,0.75,1 ⅓,15,0,0,1,0,2,0,0,,Home,창원 NC 파크,18:30,26.1
김영규,2021,NC,2021-09-05,vs. Lotte,RP,,0.0,0.0,1,22,0,0,0,0,2,0,0,,Home,창원 NC 파크,14:00,24.8
김영규,2021,NC,2021-09-01,@ SSG,RP,H,0.0,0.0,1,15,0,0,0,0,1,0,0,,Away,인천 SSG 랜더스필드,18:30,23.8
김영규,2021,NC,2021-08-29,@ Hanwha,RP,,0.0,1.0,1,17,0,0,0,0,1,1,0,,Away,대전 한화생명 볼파크,17:00,27.0
김영규,2021,NC,2021-08-27,vs. Doosan,RP,,5.4,1.2,1 ⅔,30,1,1,2,0,3,0,0,,Home,창원 NC 파크,18:30,29.6
김영규,2021,NC,2021-08-22,vs. LG,RP,H,0.0,0.0,1,11,0,0,0,0,1,0,0,,Home,창원 NC 파크,17:00,29.9
김영규,2021,NC,2021-08-20,vs. LG,RP,W,0.0,0.0,1 ⅔,20,0,0,0,0,2,0,0,,Home,창원 NC 파크,18:30,27.9
김영규,2021,NC,2021-08-14,@ Hanwha,RP,,7.71,2.14,2 ⅓,34,2,2,5,1,3,0,0,,Away,대전 한화생명 볼파크,18:00,29.1
김영규,2021,NC,2021-08-11,vs. Lotte,RP,,0.0,0.0,1,14,0,0,0,0,0,0,0,,Home,창원 NC 파크,18:30,27.2
김영규,2021,NC,2021-06-09,@ LG,SP,,54.0,6.0,0 ⅓,17,2,2,1,0,0,1,0,40.0,Away,잠실 야구장,18:30,29.6
김영규,2021,NC,2021-05-30,@ Lotte,SP,,16.2,4.2,1 ⅔,53,3,3,3,0,1,4,1,33.0,Away,사직 야구장,14:00,23.5
김영규,2021,NC,2021-05-20,@ LG,SP,W,1.13,0.75,8,90,1,1,5,0,3,1,0,70.0,Away,잠실 야구장,18:30,19.9
김영규,2021,NC,2021-05-13,@ Hanwha,SP,W,1.69,1.5,5 ⅓,89,1,1,6,1,4,2,0,54.0,Away,대전 한화생명 볼파크,18:30,29.1
김영규,2021,NC,2021-04-27,@ Samsung,SP,L,15.19,2.81,5 ⅓,97,9,9,13,3,1,2,0,5.0,Away,대구 삼성 라이온즈 파크,18:30,16.1
김영규,2021,NC,2021-04-21,vs. KT,SP,W,5.4,2.0,5,100,3,3,7,1,1,3,0,39.0,Home,창원 NC 파크,18:30,19.9
김영규,2021,NC,2021-04-15,@ SSG,SP,L,6.75,1.0,4,71,4,3,4,1,4,0,0,44.0,Away,인천 SSG 랜더스필드,18:30,12.8
김영규,2021,NC,2021-04-08,vs. Lotte,SP,,10.13,3.75,2 ⅔,84,4,3,4,0,2,6,0,32.0,Home,창원 NC 파크,18:30,13.9
김영규,2020,NC,2020-10-27,vs. Samsung,SP,L,20.25,3.75,2 ⅔,76,7,6,8,1,3,2,0,17.0,Home,창원 NC 파크,18:30,15.8
김영규,2020,NC,2020-10-17,vs. Lotte,SP,,5.79,1.29,4 ⅔,86,3,3,4,1,4,2,0,46.0,Home,창원 NC 파크,17:00,18.9
김영규,2020,NC,2020-10-11,@ LG,SP,,2.25,2.0,4,99,1,1,5,1,4,3,0,49.0,Away,잠실 야구장,14:00,20.3
김영규,2020,NC,2020-10-06,@ Kiwoom,SP,,1.5,0.83,6,82,1,1,4,0,5,1,0,64.0,Away,고척 스카이돔,18:30,25.5
김영규,2020,NC,2020-09-30,vs. SK,SP,W,0.0,0.83,6,76,2,0,5,0,9,0,1,66.0,Home,창원 NC 파크,18:30,21.9
김영규,2020,NC,2020-09-22,vs. Samsung,SP,,1.5,0.5,6,87,1,1,3,0,5,0,0,67.0,Home,창원 NC 파크,18:30,20.8
김영규,2020,NC,2020-09-16,@ Doosan,SP,W,5.4,1.0,5,80,3,3,5,0,2,0,1,46.0,Away,잠실 야구장,18:30,24.7
김영규,2020,NC,2020-09-10,vs. KT,SP,,13.5,2.0,2,33,3,3,3,1,0,1,0,37.0,Home,창원 NC 파크,18:30,26.6
김영규,2020,NC,2020-09-03,@ LG,SP,,3.6,1.4,5,79,3,2,6,0,5,1,0,49.0,Away,잠실 야구장,18:30,25.9
김영규,2020,NC,2020-08-29,vs. SK,RP,,0.0,2.0,1,15,0,0,2,0,0,0,0,,Home,창원 NC 파크,18:00,31.0
김영규,2020,NC,2020-07-11,@ LG,RP,,27.0,6.0,0 ⅔,23,2,2,4,0,1,0,0,,Away,잠실 야구장,18:00,28.6
김영규,2020,NC,2020-07-09,@ SK,RP,,0.0,1.0,1,13,0,0,1,0,1,0,0,,Away,인천 SSG 랜더스필드,18:30,29.0
김영규,2020,NC,2020-07-03,vs. Kia,RP,,9.0,2.0,1,19,1,1,2,0,1,0,0,,Home,창원 NC 파크,18:30,23.1
김영규,2020,NC,2020-06-27,@ Doosan,RP,,63.0,7.0,1,32,7,7,5,1,0,2,0,,Away,잠실 야구장,17:00,28.4
김영규,2020,NC,2020-06-25,@ KT,RP,,0.0,1.5,0 ⅔,14,0,0,1,0,0,0,0,,Away,수원 KT 위즈파크,18:30,24.2
김영규,2020,NC,2020-06-21,vs. Hanwha,RP,H,0.0,0.33,3,37,0,0,0,0,1,1,0,,Home,창원 NC 파크,17:00,23.5
김영규,2020,NC,2020-05-28,vs. Kiwoom,SP,,18.0,3.5,2,58,4,4,7,1,2,0,0,28.0,Home,창원 NC 파크,18:30,22.6
김영규,2020,NC,2020-05-22,vs. Hanwha,SP,L,5.4,1.4,5,88,5,3,6,3,3,1,0,41.0,Home,창원 NC 파크,18:30,17.8
김영규,2020,NC,2020-05-16,@ SK,SP,,1.5,0.67,6,97,1,1,4,1,5,0,0,65.0,Away,인천 SSG 랜더스필드,17:00,16.7
김영규,2020,NC,2020-05-10,vs. LG,SP,,5.4,1.6,5,83,3,3,8,2,4,0,0,43.0,Home,창원 NC 파크,14:00,21.1
이재학,2024,NC,2024-10-01,vs. Lotte,SP,L,1.5,1.17,6,96,2,1,7,0,9,0,0,61.0,Home,창원 NC 파크,18:30,24.9
이재학,2024,NC,2024-09-24,@ Doosan,SP,L,15.75,2.75,4,92,7,7,8,3,2,3,0,17.0,Away,잠실 야구장,18:30,24.0
이재학,2024,NC,2024-09-17,vs. Hanwha,SP,L,3.6,1.4,5,92,2,2,4,1,7,3,0,55.0,Home,창원 NC 파크,18:30,31.9
이재학,2024,NC,2024-09-11,@ KT,SP,L,3.0,0.33,6,96,2,2,1,1,6,1,1,66.0,Away,수원 KT 위즈파크,18:30,29.8
이재학,2024,NC,2024-09-05,vs. Kiwoom,SP,,13.5,2.75,4,99,6,6,6,2,1,5,0,22.0,Home,창원 NC 파크,18:30,30.9
이재학,2024,NC,2024-08-18,vs. Samsung,SP,L,5.4,1.8,5,79,3,3,8,0,4,1,0,42.0,Home,창원 NC 파크,17:00,31.7
이재학,2024,NC,2024-08-13,vs. SSG,SP,L,1.42,0.79,6 ⅓,96,1,1,3,0,7,2,0,68.0,Home,창원 NC 파크,18:30,31.9
이재학,2024,NC,2024-08-07,@ Lotte,SP,L,40.5,5.0,2,61,9,9,8,2,2,2,0,4.0,Away,사직 야구장,18:30,32.7
이재학,2024,NC,2024-08-01,@ Kiwoom,SP,,13.5,3.0,2,52,3,3,4,1,3,2,0,37.0,Away,고척 스카이돔,18:30,25.5
이재학,2024,NC,2024-07-26,vs. Lotte,SP,,2.84,1.11,6 ⅓,94,2,2,4,1,7,3,0,61.0,Home,창원 NC 파크,18:30,31.2
이재학,2024,NC,2024-07-13,vs. Kiwoom,SP,W,1.8,1.6,5,82,1,1,6,0,4,2,0,53.0,Home,창원 NC 파크,18:00,27.4
이재학,2024,NC,2024-06-30,vs. LG,SP,,1.5,0.83,6,80,1,1,5,0,3,0,0,61.0,Home,창원 NC 파크,17:00,27.5
이재학,2024,NC,2024-06-25,@ Kiwoom,SP,,5.4,1.2,5,83,3,3,5,0,4,1,0,48.0,Away,고척 스카이돔,18:30,25.5
이재학,2024,NC,2024-05-18,vs. Kia,SP,L,11.25,2.25,4,89,5,5,5,0,3,4,0,31.0,Home,창원 NC 파크,17:00,25.5
이재학,2024,NC,2024-05-12,vs. Samsung,SP,L,6.0,1.33,6,105,4,4,5,1,5,3,0,48.0,Home,창원 NC 파크,14:00,21.8
이재학,2024,NC,2024-04-30,vs. LG,SP,W,0.0,0.86,7,90,0,0,5,0,6,1,0,72.0,Home,창원 NC 파크,18:30,18.1
이재학,2024,NC,2024-04-24,@ Doosan,SP,W,1.29,0.57,7,92,1,1,3,1,5,1,0,71.0,Away,잠실 야구장,18:30,15.3
이재학,2024,NC,2024-04-14,@ Samsung,SP,L,16.2,2.1,3 ⅓,63,6,6,6,2,4,1,1,26.0,Away,대구 삼성 라이온즈 파크,14:00,23.0
이재학,2024,NC,2024-04-09,vs. KT,SP,L,7.2,1.2,5,92,4,4,4,0,7,2,0,48.0,Home,창원 NC 파크,18:30,15.0
이재학,2024,NC,2024-04-03,@ LG,SP,L,1.8,1.6,5,87,4,1,7,1,3,1,1,44.0,Away,잠실 야구장,18:30,18.5
이재학,2024,NC,2024-03-27,vs. Kiwoom,SP,,4.15,1.85,4 ⅓,94,2,2,4,1,5,4,1,47.0,Home,창원 NC 파크,18:30,11.8
이재학,2023,NC,2023-10-15,vs. Samsung,RP,W,0.0,0.5,2,24,0,0,0,0,1,1,0,,Home,창원 NC 파크,14:00,22.2
이재학,2023,NC,2023-10-12,@ Doosan,SP,L,27.0,3.5,2,45,6,6,7,2,2,0,0,20.0,Away,잠실 야구장,18:30,20.0
이재학,2023,NC,2023-10-05,@ SSG,SP,L,7.71,1.5,4 ⅔,96,4,4,4,0,1,3,3,35.0,Away,인천 SSG 랜더스필드,18:30,16.5
이재학,2023,NC,2023-09-30,@ Samsung,SP,L,5.4,2.0,5,76,3,3,8,0,2,2,0,39.0,Away,대구 삼성 라이온즈 파크,17:00,22.1
이재학,2023,NC,2023-09-23,vs. Doosan,SP,,0.0,1.0,6,96,0,0,4,0,4,2,0,66.0,Home,창원 NC 파크,17:00,23.0
이재학,2023,NC,2023-09-15,vs. Samsung,RP,W,0.0,0.0,1,10,0,0,0,0,2,0,0,,Home,창원 NC 파크,18:30,27.0
이재학,2023,NC,2023-09-08,vs. Lotte,SP,,6.23,1.85,4 ⅓,93,3,3,3,0,6,5,0,46.0,Home,창원 NC 파크,18:30,26.7
이재학,2023,NC,2023-09-02,@ Samsung,SP,W,1.8,1.6,5,82,1,1,6,0,1,2,0,50.0,Away,대구 삼성 라이온즈 파크,17:00,26.4
이재학,2023,NC,2023-08-24,@ SSG,SP,L,15.75,2.5,4,78,7,7,9,3,1,1,1,15.0,Away,인천 SSG 랜더스필드,18:30,29.0
이재학,2023,NC,2023-06-22,vs. LG,SP,,1.8,1.8,5,98,1,1,4,0,5,5,0,55.0,Home,창원 NC 파크,18:30,27.3
이재학,2023,NC,2023-06-16,@ Kia,SP,,18.9,2.4,3 ⅓,76,7,7,4,1,0,4,0,20.0,Away,광주 기아 챔피언스 필드,18:30,29.3
이재학,2023,NC,2023-06-10,vs. SSG,SP,W,0.0,0.57,7,99,0,0,2,0,9,2,0,80.0,Home,창원 NC 파크,17:00,25.3
이재학,2023,NC,2023-06-04,@ LG,SP,W,0.0,0.5,6,81,1,0,2,0,3,1,1,67.0,Away,잠실 야구장,17:00,25.2
이재학,2023,NC,2023-05-27,vs. Hanwha,SP,L,3.0,0.83,6,106,3,2,2,0,2,3,0,57.0,Home,창원 NC 파크,17:00,25.1
이재학,2023,NC,2023-05-21,vs. Samsung,SP,,0.0,0.33,6,82,0,0,0,0,4,2,0,74.0,Home,창원 NC 파크,14:00,26.3
이재학,2022,NC,2022-10-08,vs. Hanwha,SP,,10.8,2.1,3 ⅓,69,4,4,4,1,2,3,0,35.0,Home,창원 NC 파크,17:00,18.7
이재학,2022,NC,2022-09-24,vs. Kia,RP,,0.0,0.75,2 ⅔,45,0,0,0,0,5,2,0,,Home,창원 NC 파크,17:00,21.4
이재학,2022,NC,2022-09-16,vs. SSG,RP,,27.0,3.0,2,40,6,6,5,2,1,1,1,,Home,창원 NC 파크,18:30,28.3
이재학,2022,NC,2022-09-07,vs. Doosan,RP,,9.0,2.0,1,18,1,1,2,0,1,0,0,,Home,창원 NC 파크,18:30,25.0
이재학,2022,NC,2022-09-04,@ Hanwha,RP,,5.4,2.4,1 ⅔,39,1,1,1,0,1,3,0,,Away,대전 한화생명 볼파크,14:00,28.8
이재학,2022,NC,2022-08-26,vs. Kiwoom,RP,,0.0,0.5,4,44,0,0,1,0,3,1,0,,Home,창원 NC 파크,18:30,26.7
이재학,2022,NC,2022-08-23,vs. Lotte,RP,,5.4,3.6,1 ⅔,58,3,1,3,0,2,3,0,,Home,창원 NC 파크,18:30,28.0
이재학,2022,NC,2022-08-17,vs. Hanwha,SP,W,0.0,1.2,5,73,0,0,3,0,2,3,0,60.0,Home,창원 NC 파크,18:30,27.0
이재학,2022,NC,2022-08-10,@ Doosan,SP,W,0.0,0.5,6,67,0,0,3,0,2,0,0,68.0,Away,잠실 야구장,18:30,27.9
이재학,2022,NC,2022-08-05,@ Lotte,RP,,0.0,0.5,2,28,0,0,0,0,1,1,0,,Away,사직 야구장,18:30,32.1
이재학,2022,NC,2022-08-03,vs. KT,RP,,18.0,4.0,1,38,4,2,2,0,2,2,0,,Home,창원 NC 파크,18:30,31.5
이재학,2022,NC,2022-07-30,vs. Kiwoom,RP,,0.0,1.5,1 ⅓,27,0,0,0,0,1,2,0,,Home,창원 NC 파크,18:00,30.2
이재학,2022,NC,2022-07-27,@ Kia,SP,L,13.5,3.0,2,38,3,3,6,0,0,0,0,32.0,Away,광주 기아 챔피언스 필드,18:30,30.6
이재학,2022,NC,2022-07-13,vs. Doosan,SP,W,0.0,0.67,6,90,0,0,3,0,6,1,0,71.0,Home,창원 NC 파크,18:30,26.5
이재학,2022,NC,2022-07-07,@ Hanwha,SP,,6.35,1.76,5 ⅔,100,4,4,6,0,6,4,0,43.0,Away,대전 한화생명 볼파크,18:30,31.5
이재학,2022,NC,2022-06-21,@ KT,SP,L,7.36,2.18,3 ⅔,87,5,3,4,1,1,4,0,34.0,Away,수원 KT 위즈파크,18:30,26.8
이재학,2022,NC,2022-06-15,vs. Kia,SP,,3.38,2.63,2 ⅔,74,1,1,3,0,1,4,0,45.0,Home,창원 NC 파크,18:30,23.8
이재학,2022,NC,2022-06-09,vs. SSG,SP,,0.0,0.5,6,84,0,0,1,0,8,2,0,76.0,Home,창원 NC 파크,18:30,21.1
이재학,2022,NC,2022-06-01,@ Hanwha,SP,L,1.69,1.13,5 ⅓,94,1,1,3,0,8,3,1,62.0,Away,대전 한화생명 볼파크,18:30,25.2
이재학,2022,NC,2022-05-26,vs. KT,SP,L,4.15,1.85,4 ⅓,94,2,2,5,0,3,3,0,45.0,Home,창원 NC 파크,18:30,24.2
이재학,2022,NC,2022-05-20,@ Kia,SP,L,6.35,1.24,5 ⅔,89,4,4,4,0,4,3,0,46.0,Away,광주 기아 챔피언스 필드,18:30,24.3
이재학,2022,NC,2022-05-06,vs. LG,SP,L,32.4,2.4,1 ⅔,36,6,6,2,0,0,2,3,22.0,Home,창원 NC 파크,18:30,22.2
이재학,2022,NC,2022-04-30,vs. Hanwha,SP,L,1.5,0.67,6,78,1,1,3,1,5,1,0,66.0,Home,창원 NC 파크,17:00,16.7
이재학,2022,NC,2022-04-19,vs. Samsung,SP,,6.75,1.5,4,78,4,3,5,0,2,1,2,37.0,Home,창원 NC 파크,18:30,19.5
이재학,2022,NC,2022-04-13,@ Kiwoom,SP,,108.0,18.0,0 ⅓,33,4,4,4,0,0,2,1,24.0,Away,고척 스카이돔,18:30,25.5
이재학,2022,NC,2022-04-07,vs. Lotte,SP,L,1.5,0.83,6,94,2,1,2,0,5,3,0,64.0,Home,창원 NC 파크,18:30,19.9
이재학,2021,NC,2021-10-27,@ KT,SP,,9.82,2.45,3 ⅔,78,4,4,6,1,1,3,0,31.0,Away,수원 KT 위즈파크,18:30,14.4
이재학,2021,NC,2021-10-22,vs. Kia,SP,,3.6,1.8,5,96,2,2,4,0,2,5,0,48.0,Home,창원 NC 파크,18:30,14.4
이재학,2021,NC,2021-10-15,@ Doosan,SP,W,0.0,0.22,9,111,0,0,1,0,4,1,2,86.0,Away,잠실 야구장,18:30,20.2
이재학,2021,NC,2021-10-05,@ KT,SP,,6.23,2.31,4 ⅓,87,3,3,6,3,1,4,0,36.0,Away,수원 KT 위즈파크,18:30,25.2
이재학,2021,NC,2021-09-29,vs. Kia,SP,W,1.8,1.8,5,98,1,1,3,0,4,6,0,55.0,Home,창원 NC 파크,18:30,26.6
이재학,2021,NC,2021-09-23,@ Kiwoom,SP,L,4.5,1.0,2,31,2,1,2,0,4,0,1,49.0,Away,고척 스카이돔,18:30,25.5
이재학,2021,NC,2021-09-17,vs. LG,SP,W,3.6,0.8,5,93,2,2,3,2,8,1,0,60.0,Home,창원 NC 파크,18:30,22.8
이재학,2021,NC,2021-09-11,@ Kia,SP,L,15.0,2.67,3,64,5,5,7,2,3,1,2,25.0,Away,광주 기아 챔피언스 필드,17:00,29.8
이재학,2021,NC,2021-09-04,vs. Lotte,SP,L,7.94,1.76,5 ⅔,100,6,5,7,0,4,3,0,34.0,Home,창원 NC 파크,17:00,25.6
이재학,2021,NC,2021-08-29,@ Hanwha,SP,L,4.5,1.17,6,97,3,3,4,1,8,3,0,57.0,Away,대전 한화생명 볼파크,17:00,27.0
이재학,2021,NC,2021-08-22,vs. LG,SP,W,4.5,1.33,6,104,3,3,6,2,7,2,0,53.0,Home,창원 NC 파크,17:00,29.9
이재학,2021,NC,2021-08-13,@ Hanwha,SP,W,1.29,0.71,7,103,1,1,3,0,5,2,1,69.0,Away,대전 한화생명 볼파크,18:30,29.4
이재학,2021,NC,2021-06-27,vs. SSG,SP,,2.08,1.62,4 ⅓,90,1,1,3,0,2,4,0,51.0,Home,창원 NC 파크,17:00,26.6
이재학,2021,NC,2021-06-22,@ Lotte,SP,W,0.0,1.2,5,83,0,0,3,0,2,3,0,60.0,Away,사직 야구장,18:30,23.0
이재학,2021,NC,2021-06-16,vs. KT,SP,L,10.38,2.54,4 ⅓,97,5,5,7,1,5,4,0,30.0,Home,창원 NC 파크,18:30,23.1
이재학,2021,NC,2021-04-18,vs. Hanwha,SP,L,13.5,2.0,4,84,6,6,4,2,2,4,0,28.0,Home,창원 NC 파크,14:00,16.7
이재학,2021,NC,2021-04-07,vs. Lotte,SP,,14.73,3.0,3 ⅔,86,6,6,5,0,3,6,0,24.0,Home,창원 NC 파크,18:30,15.0
이재학,2020,NC,2020-10-03,vs. Samsung,SP,,9.0,2.0,4,86,4,4,6,1,1,2,1,32.0,Home,창원 NC 파크,17:00,23.2
이재학,2020,NC,2020-09-27,@ Hanwha,SP,W,0.0,0.71,5 ⅔,83,0,0,3,0,6,1,0,68.0,Away,대전 한화생명 볼파크,14:00,24.4
이재학,2020,NC,2020-09-18,@ SK,SP,,12.27,2.18,3 ⅔,62,5,5,4,3,2,4,0,31.0,Away,인천 SSG 랜더스필드,18:30,23.5
이재학,2020,NC,2020-08-15,vs. LG,SP,L,38.57,5.14,2 ⅓,72,10,10,10,1,2,2,0,-3.0,Home,창원 NC 파크,18:00,31.8
이재학,2020,NC,2020-08-05,@ Hanwha,SP,,0.0,1.4,5,85,0,0,3,0,3,4,0,60.0,Away,대전 한화생명 볼파크,18:30,31.2
이재학,2020,NC,2020-07-28,@ Lotte,SP,,19.29,4.71,2 ⅓,51,5,5,7,0,0,4,0,19.0,Away,사직 야구장,18:30,24.9
이재학,2020,NC,2020-07-19,vs. KT,SP,W,3.0,0.83,6,97,2,2,4,1,7,1,0,62.0,Home,창원 NC 파크,17:00,26.8
이재학,2020,NC,2020-07-14,@ Kiwoom,SP,L,8.44,2.25,5 ⅓,100,5,5,9,2,3,3,1,29.0,Away,고척 스카이돔,18:30,25.5
이재학,2020,NC,2020-07-08,@ SK,SP,L,4.5,1.0,6,89,3,3,4,2,4,2,0,54.0,Away,인천 SSG 랜더스필드,18:30,26.3
이재학,2020,NC,2020-07-02,vs. Lotte,SP,,6.75,1.69,5 ⅓,94,4,4,7,1,4,2,0,40.0,Home,창원 NC 파크,18:30,24.1
이재학,2020,NC,2020-06-26,@ Doosan,SP,,5.79,2.14,4 ⅔,96,3,3,5,0,2,5,0,39.0,Away,잠실 야구장,18:30,25.6
이재학,2020,NC,2020-06-20,vs. Hanwha,SP,L,7.2,2.0,5,94,4,4,8,0,5,2,0,38.0,Home,창원 NC 파크,17:00,23.4
이재학,2020,NC,2020-06-13,vs. Kiwoom,SP,L,10.8,1.2,1 ⅔,32,2,2,2,1,2,0,1,44.0,Home,창원 NC 파크,17:00,24.9
이재학,2020,NC,2020-06-07,@ Hanwha,SP,W,1.29,0.43,7,94,1,1,2,0,2,1,0,70.0,Away,대전 한화생명 볼파크,17:00,29.3
이재학,2020,NC,2020-06-02,vs. SK,SP,L,15.75,2.75,4,87,7,7,9,0,1,2,1,14.0,Home,창원 NC 파크,18:30,21.6
이재학,2020,NC,2020-05-27,vs. Kiwoom,SP,W,2.84,1.26,6 ⅓,89,2,2,6,1,6,2,0,57.0,Home,창원 NC 파크,18:30,19.9
이재학,2020,NC,2020-05-21,@ Doosan,SP,,7.2,2.2,5,93,4,4,8,0,1,3,1,32.0,Away,잠실 야구장,18:30,21.9
이재학,2020,NC,2020-05-15,@ SK,SP,,1.5,0.5,6,89,1,1,2,1,4,1,0,67.0,Away,인천 SSG 랜더스필드,18:30,15.8
이재학,2020,NC,2020-05-08,vs. LG,SP,W,6.75,1.5,5 ⅓,85,4,4,6,0,6,2,0,44.0,Home,창원 NC 파크,18:30,19.9
이용찬,2024,NC,2024-09-26,vs. SSG,RP,,108.0,12.0,0 ⅓,21,4,4,3,0,1,1,0,,Home,창원 NC 파크,18:30,26.9
이용찬,2024,NC,2024-09-19,vs. Hanwha,RP,,4.5,2.0,2,36,1,1,4,0,3,0,0,,Home,창원 NC 파크,18:30,31.9
이용찬,2024,NC,2024-09-17,vs. Hanwha,RP,,0.0,0.0,1,9,0,0,0,0,1,0,0,,Home,창원 NC 파크,18:30,31.9
이용찬,2024,NC,2024-09-14,vs. LG,RP,,0.0,0.0,1 ⅔,22,0,0,0,0,1,0,0,,Home,창원 NC 파크,17:00,32.2
이용찬,2024,NC,2024-09-10,@ KT,RP,L,108.0,12.0,0 ⅓,20,4,4,4,0,1,0,0,,Away,수원 KT 위즈파크,18:30,31.5
이용찬,2024,NC,2024-08-28,vs. Doosan,RP,L,13.5,7.5,0 ⅔,31,6,1,3,0,0,2,0,,Home,창원 NC 파크,18:30,29.8
이용찬,2024,NC,2024-08-27,vs. Doosan,RP,,54.0,6.0,0 ⅔,20,4,4,3,0,0,1,0,,Home,창원 NC 파크,18:30,30.2
이용찬,2024,NC,2024-08-16,vs. Samsung,RP,,40.5,6.0,0 ⅔,22,3,3,3,0,0,1,0,,Home,창원 NC 파크,18:30,31.1
이용찬,2024,NC,2024-08-11,@ LG,RP,L,40.5,6.0,0 ⅔,26,3,3,3,1,1,1,0,,Away,잠실 야구장,17:00,33.4
이용찬,2024,NC,2024-08-07,@ Lotte,RP,,0.0,0.0,0 ⅓,7,0,0,0,0,0,0,0,,Away,사직 야구장,18:30,32.7
이용찬,2024,NC,2024-08-02,vs. KT,RP,,0.0,2.0,1,23,0,0,2,0,1,0,0,,Home,창원 NC 파크,18:30,34.2
이용찬,2024,NC,2024-08-01,@ Kiwoom,RP,,81.0,9.0,0 ⅓,20,3,3,2,1,1,1,0,,Away,고척 스카이돔,18:30,25.5
이용찬,2024,NC,2024-07-28,vs. Lotte,RP,L,13.5,4.5,0 ⅔,15,4,1,3,0,0,0,0,,Home,창원 NC 파크,17:00,33.2
이용찬,2024,NC,2024-07-25,@ Kia,RP,SV,0.0,2.0,1,15,0,0,1,0,1,1,0,,Away,광주 기아 챔피언스 필드,18:30,31.7
이용찬,2024,NC,2024-07-21,@ KT,RP,,0.0,1.0,1,12,0,0,1,0,1,0,0,,Away,수원 KT 위즈파크,17:00,31.7
이용찬,2024,NC,2024-07-18,vs. Hanwha,RP,SV,0.0,2.0,1,23,0,0,1,0,0,1,1,,Home,창원 NC 파크,18:30,29.9
이용찬,2024,NC,2024-07-17,vs. Hanwha,RP,,0.0,1.0,1,13,0,0,1,0,0,0,0,,Home,창원 NC 파크,18:30,30.2
이용찬,2024,NC,2024-07-13,vs. Kiwoom,RP,,9.0,3.0,1,18,1,1,3,1,0,0,0,,Home,창원 NC 파크,18:00,27.4
이용찬,2024,NC,2024-07-04,vs. SSG,RP,,0.0,2.0,1,14,0,0,1,0,1,1,0,,Home,창원 NC 파크,18:30,30.2
이용찬,2024,NC,2024-07-03,vs. SSG,RP,SV,0.0,1.0,1,9,0,0,1,0,0,0,0,,Home,창원 NC 파크,18:30,30.4
이용찬,2024,NC,2024-06-30,vs. LG,RP,,0.0,0.0,1,10,0,0,0,0,1,0,0,,Home,창원 NC 파크,17:00,27.5
이용찬,2024,NC,2024-06-25,@ Kiwoom,RP,L,0.0,3.0,0 ⅔,14,2,0,2,0,2,0,0,,Away,고척 스카이돔,18:30,25.5
이용찬,2024,NC,2024-06-21,@ SSG,RP,H,13.5,4.5,0 ⅔,20,1,1,3,0,0,0,0,,Away,인천 SSG 랜더스필드,18:30,27.9
이용찬,2024,NC,2024-06-19,@ Doosan,RP,SV,0.0,2.0,1,18,0,0,2,0,1,0,0,,Away,잠실 야구장,18:30,32.5
이용찬,2024,NC,2024-06-15,vs. Samsung,RP,W,0.0,0.0,0 ⅔,7,0,0,0,0,1,0,0,,Home,창원 NC 파크,17:00,29.9
이용찬,2024,NC,2024-06-13,vs. KT,RP,SV,9.0,1.0,1,19,1,1,1,1,1,0,0,,Home,창원 NC 파크,18:30,27.7
이용찬,2024,NC,2024-06-11,vs. KT,RP,,18.0,4.0,1,25,2,2,4,0,1,0,0,,Home,창원 NC 파크,18:30,26.6
이용찬,2024,NC,2024-06-08,@ Hanwha,RP,SV,0.0,0.0,1,18,0,0,0,0,2,0,0,,Away,대전 한화생명 볼파크,17:00,26.2
이용찬,2024,NC,2024-06-07,@ Hanwha,RP,,0.0,1.0,1,9,0,0,1,0,0,0,0,,Away,대전 한화생명 볼파크,18:30,25.3
이용찬,2024,NC,2024-06-05,vs. Doosan,RP,,0.0,0.0,1,12,0,0,0,0,2,0,0,,Home,창원 NC 파크,18:30,21.4
이용찬,2024,NC,2024-06-04,vs. Doosan,RP,,0.0,3.0,1,28,0,0,1,0,1,2,0,,Home,창원 NC 파크,18:30,22.3
이용찬,2024,NC,2024-05-22,@ Kiwoom,RP,H,0.0,4.5,0 ⅔,25,0,0,1,0,1,2,0,,Away,고척 스카이돔,18:30,25.5
이용찬,2024,NC,2024-05-21,@ Kiwoom,RP,SV,9.0,3.0,1,29,1,1,3,0,0,0,0,,Away,고척 스카이돔,18:30,25.5
이용찬,2024,NC,2024-05-19,vs. Kia,RP,L,9.0,1.0,1,13,1,1,1,1,1,0,0,,Home,창원 NC 파크,14:00,29.9
이용찬,2024,NC,2024-05-16,@ Hanwha,RP,SV,0.0,1.0,1,9,0,0,1,0,1,0,0,,Away,대전 한화생명 볼파크,18:30,18.2
이용찬,2024,NC,2024-05-14,@ Hanwha,RP,,0.0,1.5,1 ⅓,27,0,0,1,0,2,1,0,,Away,대전 한화생명 볼파크,18:30,24.3
이용찬,2024,NC,2024-05-11,vs. Samsung,RP,,0.0,0.0,1,14,0,0,0,0,0,0,0,,Home,창원 NC 파크,17:00,21.5
이용찬,2024,NC,2024-05-08,@ KT,RP,L,27.0,6.0,0 ⅓,13,1,1,2,0,0,0,0,,Away,수원 KT 위즈파크,18:30,17.6
이용찬,2024,NC,2024-05-04,@ SSG,RP,SV,0.0,0.0,1 ⅔,25,0,0,0,0,3,0,0,,Away,인천 SSG 랜더스필드,17:00,23.2
이용찬,2024,NC,2024-05-02,vs. LG,RP,L,5.4,3.0,1 ⅔,40,1,1,2,0,0,3,0,,Home,창원 NC 파크,18:30,15.8
이용찬,2024,NC,2024-04-28,vs. Lotte,RP,SV,0.0,0.0,1,15,0,0,0,0,2,0,0,,Home,창원 NC 파크,14:00,22.8
이용찬,2024,NC,2024-04-27,vs. Lotte,RP,SV,0.0,1.0,1,14,0,0,1,0,1,0,0,,Home,창원 NC 파크,17:00,23.7
이용찬,2024,NC,2024-04-26,vs. Lotte,RP,,0.0,1.0,1,17,0,0,1,0,0,0,0,,Home,창원 NC 파크,18:30,19.4
이용찬,2024,NC,2024-04-24,@ Doosan,RP,SV,0.0,3.0,1,27,0,0,2,0,1,1,0,,Away,잠실 야구장,18:30,15.3
이용찬,2024,NC,2024-04-19,@ Kia,RP,L,0.0,3.0,0 ⅔,17,1,0,2,0,0,0,0,,Away,광주 기아 챔피언스 필드,18:30,24.1
이용찬,2024,NC,2024-04-17,vs. Hanwha,RP,SV,0.0,1.0,1,11,0,0,1,0,2,0,0,,Home,창원 NC 파크,18:30,18.0
이용찬,2024,NC,2024-04-16,vs. Hanwha,RP,,0.0,,0,7,1,1,1,0,0,0,0,,Home,창원 NC 파크,18:30,21.0
이용찬,2024,NC,2024-04-13,@ Samsung,RP,SV,6.75,2.25,1 ⅓,38,1,1,3,0,3,0,1,,Away,대구 삼성 라이온즈 파크,17:00,21.0
이용찬,2024,NC,2024-04-11,vs. KT,RP,W,0.0,0.0,1 ⅓,13,0,0,0,0,0,0,0,,Home,창원 NC 파크,18:30,16.4
이용찬,2024,NC,2024-04-10,vs. KT,RP,SV,9.0,3.0,1,20,1,1,3,0,1,0,0,,Home,창원 NC 파크,18:30,13.5
이용찬,2024,NC,2024-04-04,@ LG,RP,,0.0,0.0,1 ⅔,17,0,0,0,0,0,0,0,,Away,잠실 야구장,18:30,17.5
이용찬,2024,NC,2024-04-02,@ LG,RP,SV,0.0,1.5,1 ⅓,28,0,0,1,0,1,1,0,,Away,잠실 야구장,18:30,20.0
이용찬,2024,NC,2024-03-31,@ Lotte,RP,,0.0,1.2,1 ⅔,25,0,0,1,0,0,1,0,,Away,사직 야구장,14:00,15.1
이용찬,2024,NC,2024-03-27,vs. Kiwoom,RP,,0.0,1.0,1,15,0,0,1,0,1,0,0,,Home,창원 NC 파크,18:30,11.8
이용찬,2024,NC,2024-03-26,vs. Kiwoom,RP,,0.0,0.0,1,10,0,0,0,0,2,0,0,,Home,창원 NC 파크,18:30,11.2
이용찬,2024,NC,2024-03-24,vs. Doosan,RP,,9.0,1.0,1,17,1,1,1,1,2,0,0,,Home,창원 NC 파크,14:00,13.5
이용찬,2024,NC,2024-03-23,vs. Doosan,RP,W,0.0,0.0,0 ⅓,0,0,0,0,0,0,0,0,,Home,창원 NC 파크,14:00,21.4
이용찬,2023,NC,2023-10-17,@ Kia,RP,,0.0,,0,1,1,1,1,0,0,0,0,,Away,광주 기아 챔피언스 필드,18:30,17.9
이용찬,2023,NC,2023-10-15,vs. Samsung,RP,SV,9.0,2.0,1,13,1,1,2,0,1,0,0,,Home,창원 NC 파크,14:00,22.2
이용찬,2023,NC,2023-10-13,vs. LG,RP,,27.0,4.0,1,31,3,3,3,0,1,1,0,,Home,창원 NC 파크,18:30,19.8
이용찬,2023,NC,2023-10-10,vs. Hanwha,RP,SV,0.0,0.0,1,13,0,0,0,0,0,0,0,,Home,창원 NC 파크,18:30,20.5
이용찬,2023,NC,2023-10-08,vs. SSG,RP,L,0.0,,0,17,3,3,2,1,0,1,0,,Home,창원 NC 파크,14:00,20.8
이용찬,2023,NC,2023-10-07,vs. SSG,RP,SV,0.0,0.0,1 ⅔,26,0,0,0,0,2,0,1,,Home,창원 NC 파크,17:00,20.7
이용찬,2023,NC,2023-10-05,@ SSG,RP,,0.0,0.0,1,16,0,0,0,0,0,0,0,,Away,인천 SSG 랜더스필드,18:30,16.5
이용찬,2023,NC,2023-10-02,@ Hanwha,RP,,0.0,0.0,0 ⅓,5,0,0,0,0,0,0,0,,Away,대전 한화생명 볼파크,18:30,20.1
이용찬,2023,NC,2023-09-24,vs. Doosan,RP,,0.0,1.0,2,23,0,0,2,0,2,0,0,,Home,창원 NC 파크,14:00,24.9
이용찬,2023,NC,2023-09-22,@ LG,RP,SV,0.0,0.0,1,10,0,0,0,0,1,0,0,,Away,잠실 야구장,18:30,23.7
이용찬,2023,NC,2023-09-19,@ Doosan,RP,SV,9.0,1.0,1,23,1,1,1,1,0,0,0,,Away,잠실 야구장,18:30,27.0
이용찬,2023,NC,2023-09-12,@ Lotte,RP,SV,0.0,1.0,1,14,0,0,1,0,0,0,0,,Away,사직 야구장,18:30,28.7
이용찬,2023,NC,2023-09-10,vs. Lotte,RP,SV,0.0,0.0,0 ⅔,8,0,0,0,0,1,0,0,,Home,창원 NC 파크,14:00,28.4
이용찬,2023,NC,2023-09-09,vs. Lotte,RP,SV,0.0,0.0,1,13,0,0,0,0,2,0,0,,Home,창원 NC 파크,17:00,26.9
이용찬,2023,NC,2023-09-08,vs. Lotte,RP,SV,0.0,0.0,1 ⅓,22,0,0,0,0,1,0,2,,Home,창원 NC 파크,18:30,26.7
이용찬,2023,NC,2023-09-05,vs. Kiwoom,RP,SV,9.0,2.0,1,16,1,1,2,0,2,0,0,,Home,창원 NC 파크,18:30,28.0
이용찬,2023,NC,2023-09-02,@ Samsung,RP,,0.0,0.0,1,14,0,0,0,0,1,0,0,,Away,대구 삼성 라이온즈 파크,17:00,26.4
이용찬,2023,NC,2023-08-27,vs. LG,RP,SV,0.0,0.0,1 ⅓,16,0,0,0,0,1,0,0,,Home,창원 NC 파크,17:00,30.8
이용찬,2023,NC,2023-08-20,@ Doosan,RP,,0.0,9.0,0 ⅓,18,0,0,0,0,0,3,0,,Away,잠실 야구장,17:00,31.8
이용찬,2023,NC,2023-08-17,vs. Hanwha,RP,W,0.0,2.0,1,17,0,0,2,0,0,0,0,,Home,창원 NC 파크,18:30,29.8
이용찬,2023,NC,2023-08-15,vs. Hanwha,RP,,0.0,0.43,2 ⅓,27,0,0,0,0,1,1,0,,Home,창원 NC 파크,18:30,29.8
이용찬,2023,NC,2023-08-12,@ KT,RP,L,27.0,6.0,0 ⅔,20,2,2,3,0,0,1,0,,Away,수원 KT 위즈파크,18:00,27.7
이용찬,2023,NC,2023-08-11,@ KT,RP,SV,0.0,0.75,1 ⅓,13,0,0,1,0,1,0,0,,Away,수원 KT 위즈파크,18:30,27.8
이용찬,2023,NC,2023-08-08,@ SSG,RP,SV,0.0,0.0,1,8,0,0,0,0,0,0,0,,Away,인천 SSG 랜더스필드,18:30,34.1
이용찬,2023,NC,2023-08-05,vs. Kiwoom,RP,SV,0.0,0.0,1,9,0,0,0,0,0,0,0,,Home,창원 NC 파크,18:00,32.3
이용찬,2023,NC,2023-08-04,vs. Kiwoom,RP,SV,0.0,0.0,1,14,0,0,0,0,1,0,0,,Home,창원 NC 파크,18:30,33.4
이용찬,2023,NC,2023-08-01,@ Lotte,RP,SV,0.0,1.0,1,9,0,0,1,0,1,0,0,,Away,사직 야구장,18:30,30.7
이용찬,2023,NC,2023-07-27,vs. Kia,RP,,0.0,2.0,1,21,0,0,1,0,1,1,0,,Home,창원 NC 파크,18:30,32.4
이용찬,2023,NC,2023-07-25,vs. Kia,RP,SV,0.0,0.0,1,16,0,0,0,0,1,0,0,,Home,창원 NC 파크,18:30,29.9
이용찬,2023,NC,2023-07-22,@ Hanwha,RP,W,0.0,0.0,1 ⅓,19,0,0,0,0,2,0,0,,Away,대전 한화생명 볼파크,18:00,26.7
이용찬,2023,NC,2023-07-21,@ Hanwha,RP,,0.0,1.0,1,6,0,0,1,0,0,0,0,,Away,대전 한화생명 볼파크,18:30,29.2
이용찬,2023,NC,2023-07-13,vs. Lotte,RP,,9.0,1.0,1,10,1,1,1,1,0,0,0,,Home,창원 NC 파크,18:30,29.0
이용찬,2023,NC,2023-07-06,@ Kiwoom,RP,SV,0.0,1.0,1,19,0,0,0,0,0,1,0,,Away,고척 스카이돔,18:30,25.5
이용찬,2023,NC,2023-07-01,@ KT,RP,L,9.0,3.0,1,22,1,1,3,0,1,0,0,,Away,수원 KT 위즈파크,18:00,30.5
이용찬,2023,NC,2023-06-28,@ Doosan,RP,SV,0.0,2.0,1,15,0,0,1,0,0,1,0,,Away,잠실 야구장,18:30,29.1
이용찬,2023,NC,2023-06-22,vs. LG,RP,,18.0,4.0,1,23,2,2,3,0,1,1,0,,Home,창원 NC 파크,18:30,27.3
이용찬,2023,NC,2023-06-21,vs. LG,RP,,0.0,1.0,1,9,0,0,1,0,0,0,0,,Home,창원 NC 파크,18:30,24.6
이용찬,2023,NC,2023-06-20,vs. LG,RP,,0.0,2.0,1,17,0,0,0,0,0,2,0,,Home,창원 NC 파크,18:30,24.3
이용찬,2023,NC,2023-06-18,@ Kia,RP,,18.0,3.0,1,31,2,2,2,0,2,1,0,,Away,광주 기아 챔피언스 필드,17:00,30.0
이용찬,2023,NC,2023-06-17,@ Kia,RP,SV,0.0,0.0,1 ⅓,18,0,0,0,0,3,0,0,,Away,광주 기아 챔피언스 필드,17:00,27.5
이용찬,2023,NC,2023-06-14,vs. Doosan,RP,W,0.0,2.0,1,19,0,0,1,0,2,1,0,,Home,창원 NC 파크,18:30,23.3
이용찬,2023,NC,2023-05-30,vs. Doosan,RP,,0.0,0.0,1,15,0,0,0,0,2,0,0,,Home,창원 NC 파크,18:30,19.9
이용찬,2023,NC,2023-05-24,@ Lotte,RP,SV,0.0,0.0,1,10,0,0,0,0,0,0,0,,Away,사직 야구장,18:30,19.0
이용찬,2023,NC,2023-05-21,vs. Samsung,RP,,0.0,1.0,1,13,0,0,1,0,1,0,0,,Home,창원 NC 파크,14:00,26.3
이용찬,2023,NC,2023-05-19,vs. Samsung,RP,,0.0,0.0,1,16,0,0,0,0,1,0,0,,Home,창원 NC 파크,18:30,21.1
이용찬,2023,NC,2023-05-16,vs. SSG,RP,SV,0.0,1.0,1,9,0,0,1,0,0,0,0,,Home,창원 NC 파크,18:30,23.2
이용찬,2023,NC,2023-05-14,@ Kiwoom,RP,,18.0,3.0,1,27,2,2,3,1,1,0,0,,Away,고척 스카이돔,14:00,25.5
이용찬,2023,NC,2023-05-11,@ KT,RP,SV,0.0,1.0,1,17,0,0,1,0,1,0,0,,Away,수원 KT 위즈파크,18:30,21.8
이용찬,2023,NC,2023-05-10,@ KT,RP,SV,0.0,0.0,1,11,0,0,0,0,2,0,0,,Away,수원 KT 위즈파크,18:30,22.1
이용찬,2023,NC,2023-04-29,@ Hanwha,RP,SV,9.0,2.0,1,15,1,1,2,0,0,0,0,,Away,대전 한화생명 볼파크,17:00,12.6
이용찬,2023,NC,2023-04-28,@ Hanwha,RP,SV,9.0,2.0,1,19,1,1,2,1,0,0,0,,Away,대전 한화생명 볼파크,18:30,20.8
이용찬,2023,NC,2023-04-23,vs. Lotte,RP,L,45.0,8.0,1,33,5,5,5,0,0,3,0,,Home,창원 NC 파크,14:00,17.5
이용찬,2023,NC,2023-04-21,vs. Lotte,RP,,9.0,1.0,1,18,1,1,1,0,2,0,0,,Home,창원 NC 파크,18:30,18.2
이용찬,2023,NC,2023-04-18,@ LG,RP,SV,0.0,0.0,1,8,0,0,0,0,0,0,0,,Away,잠실 야구장,18:30,18.2
이용찬,2023,NC,2023-04-16,@ SSG,RP,,0.0,2.0,1,20,0,0,2,0,2,0,0,,Away,인천 SSG 랜더스필드,14:00,13.4
이용찬,2023,NC,2023-04-15,@ SSG,RP,W,0.0,0.0,1 ⅓,18,0,0,0,0,2,0,0,,Away,인천 SSG 랜더스필드,17:00,8.1
이용찬,2023,NC,2023-04-11,vs. KT,RP,SV,0.0,0.0,1,7,0,0,0,0,1,0,0,,Home,창원 NC 파크,18:30,18.1
이용찬,2023,NC,2023-04-09,vs. Kiwoom,RP,,0.0,1.0,1,19,0,0,0,0,3,1,0,,Home,창원 NC 파크,14:00,18.2
이용찬,2023,NC,2023-04-07,vs. Kiwoom,RP,SV,0.0,0.0,1,13,0,0,0,0,0,0,0,,Home,창원 NC 파크,18:30,15.2
이용찬,2023,NC,2023-04-05,@ Doosan,RP,,0.0,0.0,1,10,0,0,0,0,1,0,0,,Away,잠실 야구장,18:30,10.4
이용찬,2022,NC,2022-10-08,vs. Hanwha,RP,,9.0,3.0,1,19,1,1,2,0,0,1,0,,Home,창원 NC 파크,17:00,18.7
이용찬,2022,NC,2022-10-05,vs. Lotte,RP,,0.0,1.0,1,14,0,0,1,0,2,0,0,,Home,창원 NC 파크,18:30,17.7
이용찬,2022,NC,2022-10-02,@ LG,RP,SV,0.0,0.0,1,10,0,0,0,0,1,0,0,,Away,잠실 야구장,14:00,21.3
이용찬,2022,NC,2022-10-01,@ LG,RP,SV,0.0,1.0,1,18,0,0,0,0,1,1,0,,Away,잠실 야구장,17:00,25.1
이용찬,2022,NC,2022-09-28,vs. Samsung,RP,SV,0.0,1.0,1,13,0,0,1,0,0,0,0,,Home,창원 NC 파크,18:30,23.7
이용찬,2022,NC,2022-09-27,vs. Kiwoom,RP,,0.0,0.0,1,14,0,0,0,0,1,0,0,,Home,창원 NC 파크,18:30,24.5
이용찬,2022,NC,2022-09-23,vs. Kia,RP,SV,0.0,0.75,1 ⅓,25,0,0,1,0,3,0,0,,Home,창원 NC 파크,18:30,23.4
이용찬,2022,NC,2022-09-21,@ Doosan,RP,,0.0,2.0,1,17,0,0,1,0,2,1,0,,Away,잠실 야구장,18:30,21.9
이용찬,2022,NC,2022-09-18,@ Kiwoom,RP,,0.0,1.0,1,11,0,0,0,0,0,1,0,,Away,고척 스카이돔,14:00,25.5
이용찬,2022,NC,2022-09-11,@ Lotte,RP,,0.0,0.0,1,15,0,0,0,0,2,0,0,,Away,사직 야구장,14:00,28.7
이용찬,2022,NC,2022-09-10,@ Lotte,RP,SV,0.0,2.0,1,9,0,0,2,0,0,0,0,,Away,사직 야구장,17:00,24.8
이용찬,2022,NC,2022-09-08,@ KT,RP,,0.0,1.0,1,14,0,0,1,0,1,0,0,,Away,수원 KT 위즈파크,18:30,26.1
이용찬,2022,NC,2022-09-06,vs. Doosan,RP,SV,0.0,0.0,1,7,0,0,0,0,1,0,0,,Home,창원 NC 파크,18:30,25.1
이용찬,2022,NC,2022-09-01,@ SSG,RP,SV,0.0,0.0,1,11,0,0,0,0,0,0,0,,Away,인천 SSG 랜더스필드,18:30,28.0
이용찬,2022,NC,2022-08-28,vs. KT,RP,,0.0,1.0,1,15,0,0,1,0,0,0,0,,Home,창원 NC 파크,17:00,25.7
이용찬,2022,NC,2022-08-24,vs. Lotte,RP,,9.0,1.0,1,10,1,1,1,1,0,0,0,,Home,창원 NC 파크,18:30,23.9
이용찬,2022,NC,2022-08-21,@ Samsung,RP,,0.0,0.0,1,10,0,0,0,0,1,0,0,,Away,대구 삼성 라이온즈 파크,17:00,28.5
이용찬,2022,NC,2022-08-19,@ Kia,RP,L,27.0,3.75,1 ⅓,31,4,4,5,1,1,0,1,,Away,광주 기아 챔피언스 필드,18:30,32.2
이용찬,2022,NC,2022-08-17,vs. Hanwha,RP,SV,0.0,1.0,1,18,0,0,1,0,0,0,0,,Home,창원 NC 파크,18:30,27.0
이용찬,2022,NC,2022-08-14,vs. LG,RP,,18.0,3.0,1,20,2,2,3,0,1,0,0,,Home,창원 NC 파크,17:00,31.9
이용찬,2022,NC,2022-08-11,@ Doosan,RP,SV,0.0,0.0,1,18,0,0,0,0,2,0,0,,Away,잠실 야구장,18:30,28.4
이용찬,2022,NC,2022-08-07,@ Lotte,RP,,0.0,1.0,1,11,0,0,1,0,1,0,0,,Away,사직 야구장,17:00,32.1
이용찬,2022,NC,2022-08-04,vs. KT,RP,W,0.0,1.0,1,20,0,0,0,0,1,1,0,,Home,창원 NC 파크,18:30,30.8
이용찬,2022,NC,2022-07-30,vs. Kiwoom,RP,,0.0,1.5,0 ⅔,13,0,0,1,0,2,0,0,,Home,창원 NC 파크,18:00,30.2
이용찬,2022,NC,2022-07-29,vs. Kiwoom,RP,SV,0.0,0.0,1,8,0,0,0,0,0,0,0,,Home,창원 NC 파크,18:30,32.4
이용찬,2022,NC,2022-07-28,@ Kia,RP,,0.0,1.0,1,9,0,0,1,0,1,0,0,,Away,광주 기아 챔피언스 필드,18:30,32.2
이용찬,2022,NC,2022-07-22,vs. LG,RP,SV,0.0,1.0,1,14,0,0,1,0,2,0,0,,Home,창원 NC 파크,18:30,26.7
이용찬,2022,NC,2022-07-13,vs. Doosan,RP,,9.0,3.0,1,25,1,1,3,0,1,0,0,,Home,창원 NC 파크,18:30,26.5
이용찬,2022,NC,2022-07-12,vs. Doosan,RP,,0.0,2.0,1,28,0,0,1,0,1,1,0,,Home,창원 NC 파크,18:30,26.8
이용찬,2022,NC,2022-07-06,@ Hanwha,RP,SV,0.0,3.0,1,21,0,0,1,0,1,2,0,,Away,대전 한화생명 볼파크,18:30,32.7
이용찬,2022,NC,2022-07-05,@ Hanwha,RP,SV,0.0,2.0,1,17,0,0,2,0,1,0,0,,Away,대전 한화생명 볼파크,18:30,32.4
이용찬,2022,NC,2022-07-03,vs. Samsung,RP,,0.0,2.0,1,17,1,0,2,0,1,0,0,,Home,창원 NC 파크,17:00,32.2
이용찬,2022,NC,2022-06-25,@ SSG,RP,,0.0,0.0,0 ⅓,4,0,0,0,0,0,0,0,,Away,인천 SSG 랜더스필드,17:00,27.8
이용찬,2022,NC,2022-06-19,vs. Hanwha,RP,SV,0.0,0.0,1,7,0,0,0,0,0,0,0,,Home,창원 NC 파크,17:00,28.7
이용찬,2022,NC,2022-06-17,vs. Hanwha,RP,,0.0,0.5,2,27,0,0,0,0,3,1,0,,Home,창원 NC 파크,18:30,25.6
이용찬,2022,NC,2022-06-11,@ Samsung,RP,,9.0,2.0,1,24,1,1,1,0,2,1,0,,Away,대구 삼성 라이온즈 파크,17:00,26.0
이용찬,2022,NC,2022-06-09,vs. SSG,RP,,13.5,3.0,0 ⅔,16,1,1,2,0,1,0,0,,Home,창원 NC 파크,18:30,21.1
이용찬,2022,NC,2022-06-08,vs. SSG,RP,,0.0,0.5,2,23,0,0,1,0,1,0,1,,Home,창원 NC 파크,18:30,20.1
이용찬,2022,NC,2022-06-03,vs. Lotte,RP,SV,0.0,0.0,0 ⅓,2,0,0,0,0,0,0,0,,Home,창원 NC 파크,18:30,22.7
이용찬,2022,NC,2022-06-02,@ Hanwha,RP,W,0.0,0.5,2,22,0,0,1,0,2,0,0,,Away,대전 한화생명 볼파크,18:30,27.0
이용찬,2022,NC,2022-05-31,@ Hanwha,RP,SV,0.0,0.0,0 ⅓,2,0,0,0,0,0,0,0,,Away,대전 한화생명 볼파크,18:30,26.4
이용찬,2022,NC,2022-05-29,vs. Doosan,RP,,0.0,1.0,1,18,0,0,0,0,1,1,0,,Home,창원 NC 파크,14:00,28.1
이용찬,2022,NC,2022-05-28,vs. Doosan,RP,,0.0,1.0,1,17,0,0,0,0,1,1,0,,Home,창원 NC 파크,17:00,25.1
이용찬,2022,NC,2022-05-13,@ SSG,RP,SV,0.0,0.0,1,13,0,0,0,0,1,0,0,,Away,인천 SSG 랜더스필드,18:30,20.1
이용찬,2022,NC,2022-05-12,@ Lotte,RP,SV,0.0,2.0,1,22,0,0,2,0,2,0,0,,Away,사직 야구장,18:30,19.6
이용찬,2022,NC,2022-05-11,@ Lotte,RP,L,9.0,3.0,1,19,1,1,3,0,2,0,0,,Away,사직 야구장,18:30,19.4
이용찬,2022,NC,2022-05-08,vs. LG,RP,,0.0,1.0,1,19,0,0,1,0,1,0,0,,Home,창원 NC 파크,14:00,19.8
이용찬,2022,NC,2022-05-03,@ Samsung,RP,SV,0.0,1.2,1 ⅔,32,0,0,2,0,3,0,0,,Away,대구 삼성 라이온즈 파크,18:30,16.8
이용찬,2022,NC,2022-05-01,vs. Hanwha,RP,,0.0,0.5,2,27,0,0,1,0,2,0,0,,Home,창원 NC 파크,14:00,19.6
이용찬,2022,NC,2022-04-28,@ Doosan,RP,,0.0,0.0,1,17,0,0,0,0,2,0,0,,Away,잠실 야구장,18:30,20.2
이용찬,2022,NC,2022-04-24,@ KT,RP,W,0.0,2.25,1 ⅓,25,0,0,3,0,2,0,0,,Away,수원 KT 위즈파크,14:00,23.5
이용찬,2022,NC,2022-04-20,vs. Samsung,RP,SV,0.0,0.0,1 ⅓,19,0,0,0,0,1,0,0,,Home,창원 NC 파크,18:30,20.2
이용찬,2022,NC,2022-04-19,vs. Samsung,RP,SV,0.0,0.0,0 ⅓,5,0,0,0,0,1,0,0,,Home,창원 NC 파크,18:30,19.5
이용찬,2022,NC,2022-04-17,vs. Kia,RP,,0.0,1.0,1,17,0,0,1,0,1,0,0,,Home,창원 NC 파크,14:00,21.5
이용찬,2022,NC,2022-04-13,@ Kiwoom,RP,,0.0,2.0,1,20,0,0,2,0,0,0,0,,Away,고척 스카이돔,18:30,25.5
이용찬,2022,NC,2022-04-09,@ LG,RP,L,9.0,1.0,1,18,1,1,1,0,0,0,0,,Away,잠실 야구장,17:00,22.5
이용찬,2022,NC,2022-04-08,@ LG,RP,SV,0.0,1.0,1,10,0,0,1,0,0,0,0,,Away,잠실 야구장,18:30,18.4
이용찬,2022,NC,2022-04-03,vs. SSG,RP,,0.0,,0,11,2,1,1,1,0,1,0,,Home,창원 NC 파크,14:00,16.5
이용찬,2022,NC,2022-04-02,vs. SSG,RP,,0.0,0.0,1,14,0,0,0,0,1,0,1,,Home,창원 NC 파크,14:00,14.3
이용찬,2021,NC,2021-10-29,vs. Samsung,RP,SV,0.0,0.0,1,13,0,0,0,0,2,0,0,,Home,창원 NC 파크,18:30,15.7
이용찬,2021,NC,2021-10-28,@ KT,RP,,0.0,1.5,1 ⅓,18,0,0,1,0,2,1,0,,Away,수원 KT 위즈파크,18:30,16.2
이용찬,2021,NC,2021-10-27,@ KT,RP,SV,0.0,2.0,1,26,0,0,1,0,2,1,0,,Away,수원 KT 위즈파크,18:30,14.4
이용찬,2021,NC,2021-10-24,vs. Kia,RP,SV,0.0,1.0,1,12,0,0,1,0,2,0,0,,Home,창원 NC 파크,14:00,19.1
이용찬,2021,NC,2021-10-23,vs. Kia,RP,SV,0.0,0.0,1,14,0,0,0,0,3,0,0,,Home,창원 NC 파크,17:00,16.9
이용찬,2021,NC,2021-10-20,@ SSG,RP,,5.4,0.6,1 ⅔,17,1,1,1,1,1,0,0,,Away,인천 SSG 랜더스필드,18:30,11.3
이용찬,2021,NC,2021-10-19,vs. KT,RP,SV,0.0,0.0,1,15,0,0,0,0,0,0,0,,Home,창원 NC 파크,18:30,14.0
이용찬,2021,NC,2021-10-17,vs. LG,RP,,0.0,0.0,1,18,0,0,0,0,2,0,0,,Home,창원 NC 파크,14:00,13.2
이용찬,2021,NC,2021-10-16,vs. LG,RP,W,0.0,1.0,1,16,0,0,1,0,0,0,0,,Home,창원 NC 파크,17:00,15.4
이용찬,2021,NC,2021-10-14,@ Kiwoom,RP,SV,0.0,0.6,1 ⅔,21,0,0,1,0,2,0,0,,Away,고척 스카이돔,18:30,25.5
이용찬,2021,NC,2021-10-10,vs. Doosan,RP,,0.0,0.0,1,19,0,0,0,0,0,0,0,,Home,창원 NC 파크,14:00,29.0
이용찬,2021,NC,2021-10-06,@ KT,RP,SV,0.0,3.0,0 ⅔,14,0,0,1,0,1,1,0,,Away,수원 KT 위즈파크,18:30,21.9
이용찬,2021,NC,2021-10-05,@ KT,RP,,9.0,3.0,1,19,1,1,2,0,1,1,0,,Away,수원 KT 위즈파크,18:30,25.2
이용찬,2021,NC,2021-10-02,@ Lotte,RP,,0.0,2.0,1,18,0,0,2,0,3,0,0,,Away,사직 야구장,17:00,25.1
이용찬,2021,NC,2021-10-01,vs. SSG,RP,,0.0,0.0,1,10,0,0,0,0,1,0,0,,Home,창원 NC 파크,18:30,22.4
이용찬,2021,NC,2021-09-30,vs. SSG,RP,SV,0.0,0.0,0 ⅓,3,0,0,0,0,0,0,0,,Home,창원 NC 파크,18:30,24.3
이용찬,2021,NC,2021-09-28,vs. Kia,RP,SV,0.0,1.0,1,14,0,0,1,0,1,0,0,,Home,창원 NC 파크,18:30,24.6
이용찬,2021,NC,2021-09-26,@ Samsung,RP,L,13.5,3.0,0 ⅔,17,1,1,2,0,0,0,0,,Away,대구 삼성 라이온즈 파크,14:00,25.1
이용찬,2021,NC,2021-09-24,@ Kiwoom,RP,L,27.0,12.0,0 ⅓,19,1,1,3,0,1,1,0,,Away,고척 스카이돔,18:30,25.5
이용찬,2021,NC,2021-09-23,@ Kiwoom,RP,,0.0,0.0,0 ⅓,1,0,0,0,0,0,0,0,,Away,고척 스카이돔,18:30,25.5
이용찬,2021,NC,2021-09-17,vs. LG,RP,SV,0.0,0.0,1,18,0,0,0,0,0,0,0,,Home,창원 NC 파크,18:30,22.8
이용찬,2021,NC,2021-09-16,vs. LG,RP,SV,0.0,0.75,1 ⅓,24,0,0,1,0,2,0,0,,Home,창원 NC 파크,18:30,24.5
이용찬,2021,NC,2021-09-14,vs. Kiwoom,RP,,18.0,3.0,1,27,2,2,1,0,1,2,0,,Home,창원 NC 파크,18:30,24.6
이용찬,2021,NC,2021-09-12,@ Kia,RP,SV,0.0,0.0,1,13,0,0,0,0,0,0,0,,Away,광주 기아 챔피언스 필드,14:00,29.7
이용찬,2021,NC,2021-09-05,vs. Lotte,RP,,0.0,0.0,1,13,0,0,0,0,1,0,0,,Home,창원 NC 파크,14:00,24.8
이용찬,2021,NC,2021-09-03,@ LG,RP,SV,0.0,0.0,1,10,0,0,0,0,0,0,0,,Away,잠실 야구장,18:30,27.0
이용찬,2021,NC,2021-09-01,@ SSG,RP,,0.0,,0,7,1,1,1,1,0,0,0,,Away,인천 SSG 랜더스필드,18:30,23.8
이용찬,2021,NC,2021-08-26,vs. Doosan,RP,L,0.0,0.0,1,21,2,0,0,0,0,0,1,,Home,창원 NC 파크,18:30,29.3
이용찬,2021,NC,2021-08-22,vs. LG,RP,SV,0.0,0.0,1,12,0,0,0,0,1,0,0,,Home,창원 NC 파크,17:00,29.9
이용찬,2021,NC,2021-08-20,vs. LG,RP,SV,0.0,0.0,0 ⅓,7,0,0,0,0,1,0,0,,Home,창원 NC 파크,18:30,27.9
이용찬,2021,NC,2021-08-19,@ SSG,RP,SV,0.0,0.0,1,12,0,0,0,0,1,0,0,,Away,인천 SSG 랜더스필드,18:30,27.4
이용찬,2021,NC,2021-08-14,@ Hanwha,RP,,0.0,1.0,1,12,0,0,0,0,1,1,0,,Away,대전 한화생명 볼파크,18:00,29.1
이용찬,2021,NC,2021-08-12,vs. Lotte,RP,H,0.0,1.0,1,12,0,0,1,0,0,0,0,,Home,창원 NC 파크,18:30,28.6
이용찬,2021,NC,2021-08-11,vs. Lotte,RP,,0.0,0.0,1,15,0,0,0,0,1,0,0,,Home,창원 NC 파크,18:30,27.2
이용찬,2021,NC,2021-07-06,@ Doosan,RP,,0.0,1.5,1 ⅓,28,0,0,2,0,1,0,0,,Away,잠실 야구장,18:30,28.6
이용찬,2021,NC,2021-06-26,vs. SSG,RP,,18.0,4.0,1,21,2,2,4,0,0,0,0,,Home,창원 NC 파크,17:00,25.6
이용찬,2021,NC,2021-06-24,@ Lotte,RP,H,0.0,1.0,1,19,0,0,0,0,1,1,0,,Away,사직 야구장,18:30,24.0
이용찬,2021,NC,2021-06-22,@ Lotte,RP,,0.0,1.0,1,19,0,0,0,0,0,1,0,,Away,사직 야구장,18:30,23.0
이용찬,2021,NC,2021-06-17,vs. KT,RP,H,0.0,1.0,1,16,0,0,0,0,0,1,0,,Home,창원 NC 파크,18:30,23.0
이용찬,2020,Doosan,2020-06-03,@ KT,SP,L,7.2,1.8,5,96,4,4,9,2,3,0,0,36.0,Away,수원 KT 위즈파크,18:30,27.2
이용찬,2020,Doosan,2020-05-28,vs. SK,SP,L,4.5,1.5,6,98,3,3,8,1,3,1,0,46.0,Home,잠실 야구장,18:30,22.8
이용찬,2020,Doosan,2020-05-22,@ Samsung,SP,W,6.35,2.12,5 ⅔,101,4,4,10,1,2,2,0,33.0,Away,대구 삼성 라이온즈 파크,18:30,17.4
이용찬,2020,Doosan,2020-05-16,@ Kia,SP,L,18.0,2.5,4,88,8,8,8,2,1,2,0,13.0,Away,광주 기아 챔피언스 필드,17:00,20.2
이용찬,2020,Doosan,2020-05-10,vs. KT,SP,,9.0,1.17,6,84,6,6,6,1,6,1,0,41.0,Home,잠실 야구장,14:00,16.5
임정호,2024,NC,2024-10-01,vs. Lotte,RP,,0.0,1.0,1,17,0,0,1,0,2,0,0,,Home,창원 NC 파크,18:30,24.9
임정호,2024,NC,2024-09-29,@ Hanwha,RP,H,0.0,2.0,1,23,1,0,0,0,2,2,0,,Away,대전 한화생명 볼파크,14:00,26.4
임정호,2024,NC,2024-09-19,vs. Hanwha,RP,,0.0,0.0,1,15,0,0,0,0,2,0,0,,Home,창원 NC 파크,18:30,31.9
임정호,2024,NC,2024-09-17,vs. Hanwha,RP,,9.0,3.0,1,27,1,1,1,0,1,2,0,,Home,창원 NC 파크,18:30,31.9
임정호,2024,NC,2024-09-15,vs. LG,RP,H,0.0,1.0,1,17,0,0,0,0,1,1,0,,Home,창원 NC 파크,14:00,32.5
임정호,2024,NC,2024-09-14,vs. LG,RP,,9.0,1.0,1,7,1,1,1,0,0,0,0,,Home,창원 NC 파크,17:00,32.2
임정호,2024,NC,2024-09-10,@ KT,RP,,0.0,0.0,1,12,0,0,0,0,1,0,0,,Away,수원 KT 위즈파크,18:30,31.5
임정호,2024,NC,2024-09-05,vs. Kiwoom,RP,,0.0,1.0,1,13,0,0,1,0,1,0,0,,Home,창원 NC 파크,18:30,30.9
임정호,2024,NC,2024-09-03,vs. Kiwoom,RP,,0.0,1.0,1,16,0,0,1,0,0,0,0,,Home,창원 NC 파크,18:30,28.0
임정호,2024,NC,2024-09-01,@ SSG,RP,,0.0,0.0,0 ⅔,7,0,0,0,0,0,0,0,,Away,인천 SSG 랜더스필드,14:00,29.4
임정호,2024,NC,2024-08-28,vs. Doosan,RP,,0.0,0.0,0 ⅔,8,0,0,0,0,0,0,0,,Home,창원 NC 파크,18:30,29.8
임정호,2024,NC,2024-08-27,vs. Doosan,RP,L,0.0,,0,8,2,2,2,0,0,0,0,,Home,창원 NC 파크,18:30,30.2
임정호,2024,NC,2024-08-25,vs. Kia,RP,,0.0,1.0,1,15,0,0,1,0,0,0,0,,Home,창원 NC 파크,17:00,32.5
임정호,2024,NC,2024-08-24,vs. Kia,RP,,0.0,3.0,0 ⅔,13,0,0,1,0,0,1,1,,Home,창원 NC 파크,18:00,32.8
임정호,2024,NC,2024-08-21,@ Hanwha,RP,,0.0,0.6,1 ⅔,26,2,0,1,0,2,0,0,,Away,대전 한화생명 볼파크,18:30,32.4
임정호,2024,NC,2024-08-20,@ Hanwha,RP,,0.0,1.0,1,19,0,0,0,0,0,1,0,,Away,대전 한화생명 볼파크,18:30,31.0
임정호,2024,NC,2024-08-17,vs. Samsung,RP,L,27.0,3.0,0 ⅔,15,2,2,2,0,1,0,0,,Home,창원 NC 파크,18:00,31.1
임정호,2024,NC,2024-08-16,vs. Samsung,RP,L,0.0,6.0,0 ⅓,11,1,0,1,0,0,1,0,,Home,창원 NC 파크,18:30,31.1
임정호,2024,NC,2024-08-15,vs. SSG,RP,,0.0,,0,6,1,1,1,0,0,0,0,,Home,창원 NC 파크,18:30,28.8
임정호,2024,NC,2024-08-13,vs. SSG,RP,,6.75,1.5,1 ⅓,25,1,1,2,0,1,0,0,,Home,창원 NC 파크,18:30,31.9
임정호,2024,NC,2024-08-11,@ LG,RP,,0.0,0.0,2,24,0,0,0,0,1,0,0,,Away,잠실 야구장,17:00,33.4
임정호,2024,NC,2024-08-09,@ LG,RP,,0.0,1.0,1,9,0,0,1,0,1,0,0,,Away,잠실 야구장,18:30,33.1
임정호,2024,NC,2024-08-06,@ Lotte,RP,,27.0,4.5,0 ⅔,16,2,2,1,0,0,2,0,,Away,사직 야구장,18:30,31.2
임정호,2024,NC,2024-08-04,vs. KT,RP,,0.0,3.0,0 ⅔,20,0,0,1,0,0,1,0,,Home,창원 NC 파크,17:00,32.6
임정호,2024,NC,2024-08-01,@ Kiwoom,RP,,0.0,0.5,2,36,0,0,1,0,2,0,0,,Away,고척 스카이돔,18:30,25.5
임정호,2024,NC,2024-07-30,@ Kiwoom,RP,,0.0,1.5,0 ⅔,15,0,0,1,0,1,0,0,,Away,고척 스카이돔,18:30,25.5
임정호,2024,NC,2024-07-28,vs. Lotte,RP,,0.0,0.0,2,28,0,0,0,0,2,0,0,,Home,창원 NC 파크,17:00,33.2
임정호,2024,NC,2024-07-26,vs. Lotte,RP,H,0.0,0.0,1,10,0,0,0,0,1,0,0,,Home,창원 NC 파크,18:30,31.2
임정호,2024,NC,2024-07-19,@ KT,RP,L,0.0,,0,9,3,3,3,0,0,0,0,,Away,수원 KT 위즈파크,18:30,30.7
임정호,2024,NC,2024-07-18,vs. Hanwha,RP,H,0.0,0.0,1,13,0,0,0,0,1,0,0,,Home,창원 NC 파크,18:30,29.9
임정호,2024,NC,2024-07-13,vs. Kiwoom,RP,,0.0,0.0,1,15,0,0,0,0,0,0,0,,Home,창원 NC 파크,18:00,27.4
임정호,2024,NC,2024-07-11,@ Samsung,RP,,0.0,1.0,1,15,0,0,0,0,0,1,0,,Away,대구 삼성 라이온즈 파크,18:30,25.6
임정호,2024,NC,2024-07-04,vs. SSG,RP,,0.0,3.0,0 ⅔,11,0,0,2,0,0,0,0,,Home,창원 NC 파크,18:30,30.2
임정호,2024,NC,2024-06-30,vs. LG,RP,,0.0,,0,8,2,2,1,0,0,0,1,,Home,창원 NC 파크,17:00,27.5
임정호,2024,NC,2024-06-27,@ Kiwoom,RP,,0.0,2.0,1,20,0,0,1,0,1,1,0,,Away,고척 스카이돔,18:30,25.5
임정호,2024,NC,2024-06-25,@ Kiwoom,RP,,0.0,1.0,1,15,0,0,1,0,1,0,0,,Away,고척 스카이돔,18:30,25.5
임정호,2024,NC,2024-06-23,@ SSG,RP,,27.0,6.0,0 ⅓,8,1,1,2,0,0,0,0,,Away,인천 SSG 랜더스필드,17:00,27.5
임정호,2024,NC,2024-06-21,@ SSG,RP,SV,0.0,0.0,0 ⅔,9,0,0,0,0,1,0,0,,Away,인천 SSG 랜더스필드,18:30,27.9
임정호,2024,NC,2024-06-20,@ Doosan,RP,,0.0,1.0,1,21,0,0,1,0,1,0,0,,Away,잠실 야구장,18:30,31.2
임정호,2024,NC,2024-06-16,vs. Samsung,RP,,0.0,0.75,1 ⅓,21,0,0,1,0,2,0,0,,Home,창원 NC 파크,17:00,29.1
임정호,2024,NC,2024-06-14,vs. Samsung,RP,,0.0,0.0,0 ⅔,9,0,0,0,0,1,0,0,,Home,창원 NC 파크,18:30,27.5
임정호,2024,NC,2024-06-02,@ Lotte,RP,L,0.0,,0,4,1,1,1,0,0,0,0,,Away,사직 야구장,17:00,21.6
임정호,2024,NC,2024-05-31,@ Lotte,RP,,0.0,1.5,1 ⅓,28,0,0,1,0,0,1,0,,Away,사직 야구장,18:30,21.8
임정호,2024,NC,2024-05-30,vs. Kia,RP,,9.0,1.0,1,14,1,1,1,1,0,0,0,,Home,창원 NC 파크,18:30,22.1
임정호,2024,NC,2024-05-28,vs. Kia,RP,,0.0,0.75,1 ⅓,21,0,0,0,0,3,1,0,,Home,창원 NC 파크,18:30,22.1
임정호,2024,NC,2024-05-25,@ LG,RP,,81.0,9.0,0 ⅓,15,3,3,2,1,0,1,0,,Away,잠실 야구장,17:00,23.9
임정호,2024,NC,2024-05-22,@ Kiwoom,RP,SV,0.0,0.0,0 ⅓,2,0,0,0,0,0,0,0,,Away,고척 스카이돔,18:30,25.5
임정호,2024,NC,2024-05-21,@ Kiwoom,RP,H,0.0,3.0,0 ⅓,10,0,0,1,0,0,0,0,,Away,고척 스카이돔,18:30,25.5
임정호,2024,NC,2024-05-19,vs. Kia,RP,,0.0,0.0,0 ⅔,8,0,0,0,0,0,0,0,,Home,창원 NC 파크,14:00,29.9
임정호,2024,NC,2024-05-17,vs. Kia,RP,,18.0,2.0,1,21,2,2,1,1,3,1,0,,Home,창원 NC 파크,18:30,20.9
임정호,2024,NC,2024-04-30,vs. LG,RP,,0.0,3.0,1,22,0,0,1,0,2,2,0,,Home,창원 NC 파크,18:30,18.1
임정호,2024,NC,2024-04-23,@ Doosan,RP,,0.0,3.0,0 ⅔,21,0,0,2,0,0,0,0,,Away,잠실 야구장,18:30,19.9
임정호,2024,NC,2024-04-21,@ Kia,RP,,0.0,2.0,1,17,0,0,1,0,0,1,0,,Away,광주 기아 챔피언스 필드,14:00,16.4
임정호,2024,NC,2024-04-17,vs. Hanwha,RP,W,0.0,0.0,0 ⅓,1,0,0,0,0,0,0,0,,Home,창원 NC 파크,18:30,18.0
임정호,2024,NC,2024-04-16,vs. Hanwha,RP,L,27.0,3.0,0 ⅓,11,2,1,1,0,0,0,0,,Home,창원 NC 파크,18:30,21.0
임정호,2024,NC,2024-04-13,@ Samsung,RP,H,0.0,3.0,0 ⅓,7,0,0,1,0,0,0,0,,Away,대구 삼성 라이온즈 파크,17:00,21.0
임정호,2024,NC,2024-04-11,vs. KT,RP,,0.0,1.2,1 ⅔,18,0,0,1,0,2,1,0,,Home,창원 NC 파크,18:30,16.4
임정호,2024,NC,2024-04-10,vs. KT,RP,H,0.0,6.0,0 ⅔,29,0,0,2,0,0,2,0,,Home,창원 NC 파크,18:30,13.5
임정호,2024,NC,2024-04-05,vs. SSG,RP,,0.0,0.0,1,12,0,0,0,0,2,0,0,,Home,창원 NC 파크,18:30,14.4
임정호,2024,NC,2024-04-04,@ LG,RP,,0.0,0.75,1 ⅓,20,0,0,0,0,1,1,1,,Away,잠실 야구장,18:30,17.5
임정호,2024,NC,2024-04-02,@ LG,RP,H,0.0,0.75,1 ⅓,15,0,0,1,0,0,0,0,,Away,잠실 야구장,18:30,20.0
임정호,2024,NC,2024-03-31,@ Lotte,RP,,27.0,3.0,0 ⅔,19,2,2,1,0,2,1,0,,Away,사직 야구장,14:00,15.1
임정호,2024,NC,2024-03-29,@ Lotte,RP,,0.0,,0,12,0,0,2,0,0,0,0,,Away,사직 야구장,18:30,14.7
임정호,2024,NC,2024-03-27,vs. Kiwoom,RP,H,0.0,0.0,1,10,0,0,0,0,1,0,0,,Home,창원 NC 파크,18:30,11.8
임정호,2024,NC,2024-03-23,vs. Doosan,RP,,13.5,1.5,0 ⅔,12,1,1,1,0,0,0,0,,Home,창원 NC 파크,14:00,21.4
임정호,2023,NC,2023-10-16,@ Kia,RP,L,81.0,9.0,0 ⅓,17,3,3,3,0,0,0,0,,Away,광주 기아 챔피언스 필드,18:30,16.0
임정호,2023,NC,2023-10-15,vs. Samsung,RP,H,0.0,0.0,0 ⅓,4,0,0,0,0,1,0,0,,Home,창원 NC 파크,14:00,22.2
임정호,2023,NC,2023-10-10,vs. Hanwha,RP,H,0.0,0.0,1,26,0,0,0,0,3,0,1,,Home,창원 NC 파크,18:30,20.5
임정호,2023,NC,2023-10-08,vs. SSG,RP,,54.0,6.0,0 ⅓,10,2,2,2,0,0,0,0,,Home,창원 NC 파크,14:00,20.8
임정호,2023,NC,2023-10-07,vs. SSG,RP,H,0.0,0.0,1 ⅓,18,0,0,0,0,1,0,0,,Home,창원 NC 파크,17:00,20.7
임정호,2023,NC,2023-10-05,@ SSG,RP,,0.0,0.0,1,7,0,0,0,0,0,0,0,,Away,인천 SSG 랜더스필드,18:30,16.5
임정호,2023,NC,2023-10-04,@ SSG,RP,,54.0,9.0,0 ⅓,21,2,2,3,0,1,0,0,,Away,인천 SSG 랜더스필드,18:30,20.4
임정호,2023,NC,2023-10-01,@ Hanwha,RP,L,0.0,3.0,1,22,1,0,3,0,2,0,0,,Away,대전 한화생명 볼파크,14:00,22.9
임정호,2023,NC,2023-09-27,vs. Kia,RP,H,0.0,0.0,0 ⅔,1,0,0,0,0,0,0,0,,Home,창원 NC 파크,18:30,26.5
임정호,2023,NC,2023-09-24,vs. Doosan,RP,,0.0,1.0,1,8,0,0,0,0,0,1,0,,Home,창원 NC 파크,14:00,24.9
임정호,2023,NC,2023-09-22,@ LG,RP,W,0.0,0.0,1,18,0,0,0,0,1,0,0,,Away,잠실 야구장,18:30,23.7
임정호,2023,NC,2023-09-21,@ Kiwoom,RP,L,0.0,,0,17,5,4,2,0,0,2,0,,Away,고척 스카이돔,18:30,25.5
임정호,2023,NC,2023-09-19,@ Doosan,RP,H,0.0,0.0,0 ⅔,4,0,0,0,0,0,0,0,,Away,잠실 야구장,18:30,27.0
임정호,2023,NC,2023-09-15,vs. Samsung,RP,H,0.0,0.0,1 ⅓,17,0,0,0,0,4,0,0,,Home,창원 NC 파크,18:30,27.0
임정호,2023,NC,2023-09-12,@ Lotte,RP,H,0.0,0.0,1,17,0,0,0,0,1,0,0,,Away,사직 야구장,18:30,28.7
임정호,2023,NC,2023-09-09,vs. Lotte,RP,H,0.0,1.0,1,11,0,0,1,0,2,0,0,,Home,창원 NC 파크,17:00,26.9
임정호,2023,NC,2023-09-08,vs. Lotte,RP,H,0.0,3.0,0 ⅔,14,0,0,2,0,0,0,0,,Home,창원 NC 파크,18:30,26.7
임정호,2023,NC,2023-09-06,vs. Kiwoom,RP,,9.0,2.0,1,22,1,1,2,0,2,0,0,,Home,창원 NC 파크,18:30,28.6
임정호,2023,NC,2023-09-02,@ Samsung,RP,,0.0,1.5,0 ⅔,2,0,0,1,0,0,0,0,,Away,대구 삼성 라이온즈 파크,17:00,26.4
임정호,2023,NC,2023-08-27,vs. LG,RP,,0.0,,0,12,1,1,1,0,0,0,1,,Home,창원 NC 파크,17:00,30.8
임정호,2023,NC,2023-08-26,vs. LG,RP,W,0.0,0.0,1 ⅓,11,0,0,0,0,0,0,0,,Home,창원 NC 파크,18:00,30.0
임정호,2023,NC,2023-08-20,@ Doosan,RP,,0.0,0.0,0 ⅔,4,0,0,0,0,1,0,0,,Away,잠실 야구장,17:00,31.8
임정호,2023,NC,2023-08-17,vs. Hanwha,RP,,4.5,1.0,2,32,1,1,2,0,3,0,0,,Home,창원 NC 파크,18:30,29.8
임정호,2023,NC,2023-08-15,vs. Hanwha,RP,,0.0,0.0,0 ⅓,5,0,0,0,0,1,0,0,,Home,창원 NC 파크,18:30,29.8
임정호,2023,NC,2023-08-13,@ KT,RP,,13.5,4.5,0 ⅔,18,1,1,2,0,0,1,0,,Away,수원 KT 위즈파크,17:00,31.0
임정호,2023,NC,2023-08-09,@ SSG,RP,,0.0,0.0,0 ⅔,9,0,0,0,0,1,0,0,,Away,인천 SSG 랜더스필드,18:30,31.0
임정호,2023,NC,2023-08-06,vs. Kiwoom,RP,,0.0,1.0,1,12,0,0,1,0,1,0,0,,Home,창원 NC 파크,17:00,33.9
임정호,2023,NC,2023-08-05,vs. Kiwoom,RP,W,0.0,1.0,1,18,0,0,1,0,1,0,0,,Home,창원 NC 파크,18:00,32.3
임정호,2023,NC,2023-08-01,@ Lotte,RP,W,0.0,1.0,1,13,0,0,1,0,0,0,0,,Away,사직 야구장,18:30,30.7
임정호,2023,NC,2023-07-29,vs. KT,RP,,0.0,1.0,1,21,0,0,1,0,1,0,0,,Home,창원 NC 파크,18:00,31.7
임정호,2023,NC,2023-07-06,@ Kiwoom,RP,,0.0,1.5,0 ⅔,12,0,0,0,0,1,1,0,,Away,고척 스카이돔,18:30,25.5
임정호,2023,NC,2023-07-04,@ Kiwoom,RP,,0.0,,0,15,2,2,1,0,0,2,0,,Away,고척 스카이돔,18:30,25.5
임정호,2023,NC,2023-07-02,@ KT,RP,,0.0,,0,7,2,1,0,0,0,1,0,,Away,수원 KT 위즈파크,17:00,31.2
임정호,2023,NC,2023-06-28,@ Doosan,RP,H,0.0,0.0,0 ⅔,13,0,0,0,0,1,0,1,,Away,잠실 야구장,18:30,29.1
임정호,2023,NC,2023-06-27,@ Doosan,RP,,0.0,0.0,0 ⅓,3,0,0,0,0,0,0,0,,Away,잠실 야구장,18:30,28.9
임정호,2023,NC,2023-06-21,vs. LG,RP,,0.0,3.0,0 ⅓,8,0,0,0,0,1,1,0,,Home,창원 NC 파크,18:30,24.6
임정호,2023,NC,2023-06-20,vs. LG,RP,,9.0,3.0,1,14,1,1,3,0,0,0,0,,Home,창원 NC 파크,18:30,24.3
임정호,2023,NC,2023-06-18,@ Kia,RP,H,0.0,3.0,0 ⅓,6,0,0,1,0,1,0,0,,Away,광주 기아 챔피언스 필드,17:00,30.0
임정호,2023,NC,2023-06-16,@ Kia,RP,L,40.5,4.5,0 ⅔,21,3,3,3,2,0,0,0,,Away,광주 기아 챔피언스 필드,18:30,29.3
임정호,2023,NC,2023-06-15,vs. Doosan,RP,,0.0,0.6,1 ⅔,12,0,0,1,0,1,0,0,,Home,창원 NC 파크,18:30,25.2
임정호,2023,NC,2023-06-08,@ Samsung,RP,,0.0,0.75,1 ⅓,22,0,0,1,0,2,0,0,,Away,대구 삼성 라이온즈 파크,18:30,24.1
임정호,2023,NC,2023-06-07,@ Samsung,RP,,0.0,3.0,0 ⅓,10,0,0,1,0,1,0,0,,Away,대구 삼성 라이온즈 파크,18:30,22.9
임정호,2023,NC,2023-06-03,@ LG,RP,,0.0,0.0,1 ⅓,14,0,0,0,0,1,0,0,,Away,잠실 야구장,17:00,25.5
임정호,2023,NC,2023-06-02,@ LG,RP,,0.0,1.0,1,11,0,0,1,0,1,0,1,,Away,잠실 야구장,18:30,25.1
임정호,2023,NC,2023-05-31,vs. Doosan,RP,,0.0,0.0,0 ⅔,7,0,0,0,0,0,0,0,,Home,창원 NC 파크,18:30,22.9
임정호,2023,NC,2023-05-27,vs. Hanwha,RP,,0.0,0.0,0 ⅓,6,0,0,0,0,0,0,0,,Home,창원 NC 파크,17:00,25.1
임정호,2023,NC,2023-05-24,@ Lotte,RP,H,0.0,0.0,0 ⅓,4,0,0,0,0,1,0,0,,Away,사직 야구장,18:30,19.0
임정호,2023,NC,2023-05-21,vs. Samsung,RP,,0.0,0.0,1,14,0,0,0,0,0,0,0,,Home,창원 NC 파크,14:00,26.3
임정호,2023,NC,2023-05-19,vs. Samsung,RP,,0.0,0.0,1,18,0,0,0,0,1,0,0,,Home,창원 NC 파크,18:30,21.1
임정호,2023,NC,2023-05-17,vs. SSG,RP,,0.0,2.0,1,23,0,0,0,0,2,2,0,,Home,창원 NC 파크,18:30,23.8
임정호,2023,NC,2023-05-12,@ Kiwoom,RP,,0.0,0.0,1,13,0,0,0,0,0,0,0,,Away,고척 스카이돔,18:30,25.5
임정호,2023,NC,2023-05-11,@ KT,RP,,0.0,,0,9,0,0,0,0,0,1,0,,Away,수원 KT 위즈파크,18:30,21.8
임정호,2023,NC,2023-05-03,vs. LG,RP,,0.0,0.0,1,9,0,0,0,0,1,0,0,,Home,창원 NC 파크,18:30,18.3
임정호,2023,NC,2023-04-30,@ Hanwha,RP,,0.0,1.0,1,16,1,0,1,0,1,0,0,,Away,대전 한화생명 볼파크,14:00,19.1
임정호,2023,NC,2023-04-28,@ Hanwha,RP,,0.0,,0,7,1,1,1,0,0,1,0,,Away,대전 한화생명 볼파크,18:30,20.8
임정호,2023,NC,2023-04-23,vs. Lotte,RP,H,0.0,1.0,1,15,0,0,1,0,0,0,0,,Home,창원 NC 파크,14:00,17.5
임정호,2023,NC,2023-04-21,vs. Lotte,RP,H,0.0,2.0,1,17,0,0,0,0,0,2,0,,Home,창원 NC 파크,18:30,18.2
임정호,2023,NC,2023-04-18,@ LG,RP,,54.0,9.0,0 ⅓,10,2,2,3,1,1,0,0,,Away,잠실 야구장,18:30,18.2
임정호,2023,NC,2023-04-16,@ SSG,RP,,0.0,2.0,1,21,0,0,1,0,1,1,0,,Away,인천 SSG 랜더스필드,14:00,13.4
임정호,2023,NC,2023-04-14,@ SSG,RP,,13.5,1.5,0 ⅔,11,1,1,1,0,0,0,0,,Away,인천 SSG 랜더스필드,18:30,16.8
임정호,2023,NC,2023-04-12,vs. KT,RP,,0.0,1.0,1,13,0,0,1,0,2,0,0,,Home,창원 NC 파크,18:30,16.0
임정호,2023,NC,2023-04-09,vs. Kiwoom,RP,,0.0,0.0,1,9,0,0,0,0,1,0,0,,Home,창원 NC 파크,14:00,18.2
임정호,2023,NC,2023-04-08,vs. Kiwoom,RP,H,0.0,0.0,0 ⅔,7,0,0,0,0,0,0,0,,Home,창원 NC 파크,17:00,15.8
임정호,2023,NC,2023-04-05,@ Doosan,RP,,0.0,2.0,1,14,0,0,1,0,0,1,0,,Away,잠실 야구장,18:30,10.4
임정호,2023,NC,2023-04-02,@ Samsung,RP,,0.0,1.0,1,18,0,0,1,0,1,0,0,,Away,대구 삼성 라이온즈 파크,14:00,20.3
임정호,2022,NC,2022-10-10,@ KT,RP,,0.0,0.0,0 ⅔,13,0,0,0,0,1,0,0,,Away,수원 KT 위즈파크,18:30,10.2
임정호,2022,NC,2022-10-08,vs. Hanwha,RP,H,0.0,3.0,0 ⅔,19,0,0,2,0,1,0,0,,Home,창원 NC 파크,17:00,18.7
임정호,2022,NC,2022-10-06,vs. SSG,RP,,0.0,0.0,1,11,0,0,0,0,1,0,0,,Home,창원 NC 파크,18:30,17.4
임정호,2022,NC,2022-10-01,@ LG,RP,H,0.0,0.0,0 ⅔,12,0,0,0,0,1,0,0,,Away,잠실 야구장,17:00,25.1
임정호,2022,NC,2022-09-30,@ LG,RP,,0.0,1.0,1,15,0,0,0,0,0,1,0,,Away,잠실 야구장,18:30,24.3
임정호,2022,NC,2022-09-28,vs. Samsung,RP,,27.0,6.0,0 ⅓,12,2,1,1,0,0,1,0,,Home,창원 NC 파크,18:30,23.7
임정호,2022,NC,2022-09-27,vs. Kiwoom,RP,,0.0,0.0,1,12,0,0,0,0,0,0,0,,Home,창원 NC 파크,18:30,24.5
임정호,2022,NC,2022-09-23,vs. Kia,RP,H,0.0,1.5,0 ⅔,9,0,0,1,0,0,0,0,,Home,창원 NC 파크,18:30,23.4
임정호,2022,NC,2022-09-21,@ Doosan,RP,,0.0,1.0,1,14,0,0,1,0,0,0,0,,Away,잠실 야구장,18:30,21.9
임정호,2022,NC,2022-09-17,@ Kiwoom,RP,,108.0,12.0,0 ⅓,18,4,4,3,1,1,1,0,,Away,고척 스카이돔,17:00,25.5
임정호,2022,NC,2022-09-14,vs. Samsung,RP,,0.0,2.0,1,23,0,0,2,0,2,0,0,,Home,창원 NC 파크,18:30,26.3
임정호,2022,NC,2022-09-10,@ Lotte,RP,,0.0,1.0,1,10,0,0,1,0,1,0,0,,Away,사직 야구장,17:00,24.8
임정호,2022,NC,2022-09-06,vs. Doosan,RP,,0.0,0.0,1,20,0,0,0,0,3,0,0,,Home,창원 NC 파크,18:30,25.1
임정호,2022,NC,2022-08-25,vs. Kiwoom,RP,,27.0,3.0,0 ⅓,12,1,1,0,0,0,1,1,,Home,창원 NC 파크,18:30,27.5
임정호,2022,NC,2022-08-24,vs. Lotte,RP,,0.0,0.0,1,12,0,0,0,0,1,0,0,,Home,창원 NC 파크,18:30,23.9
임정호,2022,NC,2022-08-21,@ Samsung,RP,,0.0,1.5,0 ⅔,16,0,0,1,0,1,0,0,,Away,대구 삼성 라이온즈 파크,17:00,28.5
임정호,2022,NC,2022-08-18,@ Kia,RP,,0.0,0.0,1,9,0,0,0,0,1,0,0,,Away,광주 기아 챔피언스 필드,18:30,30.6
임정호,2022,NC,2022-08-17,vs. Hanwha,RP,,13.5,1.5,0 ⅔,12,1,1,0,0,1,1,1,,Home,창원 NC 파크,18:30,27.0
임정호,2022,NC,2022-08-14,vs. LG,RP,,0.0,1.0,1,18,0,0,0,0,0,1,0,,Home,창원 NC 파크,17:00,31.9
임정호,2022,NC,2022-08-11,@ Doosan,RP,H,0.0,0.0,0 ⅓,2,0,0,0,0,0,0,0,,Away,잠실 야구장,18:30,28.4
임정호,2022,NC,2022-08-10,@ Doosan,RP,,0.0,0.0,1,13,0,0,0,0,2,0,0,,Away,잠실 야구장,18:30,27.9
임정호,2022,NC,2022-08-06,@ Lotte,RP,,0.0,1.0,1,17,0,0,1,0,2,0,0,,Away,사직 야구장,18:00,32.2
임정호,2022,NC,2022-08-04,vs. KT,RP,,0.0,,0,15,1,1,2,0,0,1,0,,Home,창원 NC 파크,18:30,30.8
임정호,2022,NC,2022-07-29,vs. Kiwoom,RP,H,0.0,0.0,1,15,0,0,0,0,3,0,0,,Home,창원 NC 파크,18:30,32.4
임정호,2022,NC,2022-07-28,@ Kia,RP,H,0.0,0.0,0 ⅔,11,0,0,0,0,2,0,0,,Away,광주 기아 챔피언스 필드,18:30,32.2
임정호,2022,NC,2022-07-24,vs. LG,RP,,0.0,2.0,1,18,0,0,2,0,1,0,0,,Home,창원 NC 파크,17:00,30.3
임정호,2022,NC,2022-07-22,vs. LG,RP,W,0.0,0.0,1,16,0,0,0,0,3,0,0,,Home,창원 NC 파크,18:30,26.7
임정호,2022,NC,2022-07-12,vs. Doosan,RP,,0.0,0.0,1 ⅔,19,0,0,0,0,1,0,0,,Home,창원 NC 파크,18:30,26.8
임정호,2022,NC,2022-05-01,vs. Hanwha,RP,L,0.0,,0,1,1,0,1,0,0,0,0,,Home,창원 NC 파크,14:00,19.6
임정호,2022,NC,2022-04-30,vs. Hanwha,RP,,0.0,0.0,0 ⅓,4,0,0,0,0,0,0,0,,Home,창원 NC 파크,17:00,16.7
임정호,2022,NC,2022-04-27,@ Doosan,RP,L,13.5,3.0,0 ⅔,16,1,1,2,0,1,0,0,,Away,잠실 야구장,18:30,21.3
임정호,2022,NC,2022-04-21,vs. Samsung,RP,,0.0,0.0,1,11,0,0,0,0,0,0,0,,Home,창원 NC 파크,18:30,13.7
임정호,2022,NC,2022-04-03,vs. SSG,RP,,0.0,3.0,0 ⅓,4,0,0,1,0,0,0,0,,Home,창원 NC 파크,14:00,16.5
임정호,2021,NC,2021-10-29,vs. Samsung,RP,,0.0,,0,17,1,1,1,0,0,1,0,,Home,창원 NC 파크,18:30,15.7
임정호,2021,NC,2021-10-26,vs. SSG,RP,,0.0,2.0,1,20,0,0,1,0,1,1,0,,Home,창원 NC 파크,18:30,15.1
임정호,2021,NC,2021-10-23,vs. Kia,RP,,0.0,1.0,1,14,0,0,1,0,1,0,0,,Home,창원 NC 파크,17:00,16.9
임정호,2021,NC,2021-10-22,vs. Kia,RP,L,0.0,,0,4,2,2,1,0,0,0,1,,Home,창원 NC 파크,18:30,14.4
임정호,2021,NC,2021-10-20,@ SSG,RP,,0.0,,0,6,0,0,1,0,0,0,0,,Away,인천 SSG 랜더스필드,18:30,11.3
임정호,2021,NC,2021-10-16,vs. LG,RP,,0.0,,0,5,0,0,0,0,0,1,0,,Home,창원 NC 파크,17:00,15.4
임정호,2021,NC,2021-10-10,vs. Doosan,RP,,0.0,0.0,0 ⅔,8,0,0,0,0,1,0,0,,Home,창원 NC 파크,14:00,29.0
임정호,2021,NC,2021-10-07,vs. Samsung,RP,,0.0,1.5,0 ⅔,9,0,0,1,0,0,0,0,,Home,창원 NC 파크,18:30,23.5
임정호,2021,NC,2021-10-05,@ KT,RP,,0.0,6.0,0 ⅓,11,0,0,1,0,0,1,0,,Away,수원 KT 위즈파크,18:30,25.2
임정호,2021,NC,2021-09-23,@ Kiwoom,RP,,54.0,3.0,0 ⅓,15,2,2,1,0,1,0,1,,Away,고척 스카이돔,18:30,25.5
임정호,2021,NC,2021-09-17,vs. LG,RP,,0.0,1.5,0 ⅔,22,2,0,1,0,1,0,1,,Home,창원 NC 파크,18:30,22.8
임정호,2021,NC,2021-09-12,@ Kia,RP,H,0.0,0.75,1 ⅓,17,0,0,0,0,0,1,0,,Away,광주 기아 챔피언스 필드,14:00,29.7
임정호,2021,NC,2021-09-11,@ Kia,RP,,0.0,1.5,0 ⅔,8,0,0,1,0,0,0,0,,Away,광주 기아 챔피언스 필드,17:00,29.8
임정호,2021,NC,2021-09-08,vs. Hanwha,RP,,0.0,3.0,0 ⅔,12,0,0,2,0,1,0,0,,Home,창원 NC 파크,18:30,26.1
임정호,2021,NC,2021-09-03,@ LG,RP,,0.0,6.0,0 ⅓,12,0,0,2,0,0,0,0,,Away,잠실 야구장,18:30,27.0
임정호,2021,NC,2021-09-01,@ SSG,RP,H,0.0,3.0,0 ⅔,15,0,0,1,0,0,1,0,,Away,인천 SSG 랜더스필드,18:30,23.8
임정호,2021,NC,2021-08-28,@ Hanwha,RP,,6.75,0.75,1 ⅓,17,1,1,1,1,0,0,0,,Away,대전 한화생명 볼파크,18:00,27.2
임정호,2021,NC,2021-08-26,vs. Doosan,RP,,0.0,0.0,1,10,0,0,0,0,0,0,0,,Home,창원 NC 파크,18:30,29.3
임정호,2021,NC,2021-08-22,vs. LG,RP,H,0.0,1.5,0 ⅔,11,0,0,0,0,0,1,0,,Home,창원 NC 파크,17:00,29.9
임정호,2021,NC,2021-08-19,@ SSG,RP,,27.0,3.0,0 ⅓,8,1,1,0,0,0,1,0,,Away,인천 SSG 랜더스필드,18:30,27.4
임정호,2021,NC,2021-08-15,@ Hanwha,RP,,0.0,3.0,0 ⅓,6,0,0,0,0,0,1,0,,Away,대전 한화생명 볼파크,17:00,30.7
임정호,2021,NC,2021-08-13,@ Hanwha,RP,H,0.0,1.0,1,14,0,0,0,0,1,1,0,,Away,대전 한화생명 볼파크,18:30,29.4
임정호,2021,NC,2021-07-06,@ Doosan,RP,,0.0,1.5,0 ⅔,7,0,0,0,0,0,1,0,,Away,잠실 야구장,18:30,28.6
임정호,2021,NC,2021-07-02,vs. Samsung,RP,,27.0,6.0,0 ⅓,18,1,1,1,1,1,1,0,,Home,창원 NC 파크,18:30,28.5
임정호,2021,NC,2021-06-26,vs. SSG,RP,,0.0,0.0,0 ⅓,5,0,0,0,0,1,0,0,,Home,창원 NC 파크,17:00,25.6
임정호,2021,NC,2021-06-25,vs. SSG,RP,,54.0,6.0,0 ⅓,20,2,2,0,0,0,2,0,,Home,창원 NC 파크,18:30,24.4
임정호,2021,NC,2021-06-22,@ Lotte,RP,,0.0,0.0,1,12,0,0,0,0,0,0,0,,Away,사직 야구장,18:30,23.0
임정호,2021,NC,2021-06-19,vs. Kiwoom,RP,L,27.0,6.0,0 ⅓,5,1,1,2,0,0,0,0,,Home,창원 NC 파크,17:00,25.1
임정호,2021,NC,2021-06-18,vs. Kiwoom,RP,H,0.0,0.0,0 ⅔,5,0,0,0,0,1,0,0,,Home,창원 NC 파크,18:30,23.2
임정호,2021,NC,2021-06-13,@ Samsung,RP,,0.0,,0,2,0,0,1,0,0,0,0,,Away,대구 삼성 라이온즈 파크,17:00,27.2
임정호,2021,NC,2021-06-11,@ Samsung,RP,,0.0,,0,5,0,0,1,0,0,0,0,,Away,대구 삼성 라이온즈 파크,18:30,23.9
임정호,2021,NC,2021-06-10,@ LG,RP,,0.0,0.0,1,14,0,0,0,0,1,0,0,,Away,잠실 야구장,18:30,27.3
임정호,2021,NC,2021-06-08,@ LG,RP,H,0.0,6.0,0 ⅓,17,0,0,0,0,1,2,0,,Away,잠실 야구장,18:30,27.1
임정호,2021,NC,2021-06-06,vs. Hanwha,RP,L,27.0,6.0,0 ⅓,9,1,1,1,0,1,1,0,,Home,창원 NC 파크,17:00,24.6
임정호,2021,NC,2021-06-04,vs. Hanwha,RP,H,0.0,1.5,0 ⅔,9,0,0,0,0,0,1,0,,Home,창원 NC 파크,18:30,22.7
임정호,2021,NC,2021-06-02,vs. Doosan,RP,H,0.0,1.0,1,6,0,0,0,0,0,1,0,,Home,창원 NC 파크,18:30,22.4
임정호,2021,NC,2021-06-01,vs. Doosan,RP,,0.0,0.0,1,15,0,0,0,0,1,0,0,,Home,창원 NC 파크,18:30,21.6
임정호,2021,NC,2021-05-30,@ Lotte,RP,H,0.0,0.0,0 ⅓,8,0,0,0,0,0,0,0,,Away,사직 야구장,14:00,23.5
임정호,2021,NC,2021-05-27,vs. Samsung,RP,H,0.0,1.0,1,14,0,0,1,0,1,0,0,,Home,창원 NC 파크,18:30,21.0
임정호,2021,NC,2021-05-23,@ Kiwoom,RP,,0.0,0.0,0 ⅔,18,1,0,0,0,0,0,0,,Away,고척 스카이돔,14:00,25.5
임정호,2021,NC,2021-05-19,@ LG,RP,,0.0,0.0,0 ⅔,10,0,0,0,0,1,0,0,,Away,잠실 야구장,18:30,25.3
임정호,2021,NC,2021-05-18,@ LG,RP,,0.0,0.0,0 ⅔,7,0,0,0,0,0,0,0,,Away,잠실 야구장,18:30,22.6
임정호,2021,NC,2021-05-15,vs. Kia,RP,,0.0,6.0,0 ⅓,10,0,0,2,0,1,0,0,,Home,창원 NC 파크,17:00,20.1
임정호,2021,NC,2021-05-13,@ Hanwha,RP,H,0.0,6.0,0 ⅓,15,0,0,1,0,1,1,0,,Away,대전 한화생명 볼파크,18:30,29.1
임정호,2021,NC,2021-05-12,@ Hanwha,RP,,0.0,,0,5,0,0,0,0,0,1,0,,Away,대전 한화생명 볼파크,18:30,25.3
임정호,2021,NC,2021-05-11,@ Hanwha,RP,,0.0,0.0,1,11,0,0,0,0,0,0,0,,Away,대전 한화생명 볼파크,18:30,18.3
임정호,2021,NC,2021-05-08,@ KT,RP,,0.0,1.5,0 ⅔,10,0,0,0,0,0,1,0,,Away,수원 KT 위즈파크,17:00,18.9
임정호,2021,NC,2021-05-05,vs. SSG,RP,,0.0,1.0,1,16,0,0,0,0,1,1,0,,Home,창원 NC 파크,14:00,23.7
임정호,2021,NC,2021-05-02,vs. Kiwoom,RP,,0.0,1.5,0 ⅔,10,0,0,1,0,0,0,0,,Home,창원 NC 파크,14:00,16.0
임정호,2021,NC,2021-05-01,vs. Kiwoom,RP,,0.0,1.0,1,20,0,0,1,0,2,0,0,,Home,창원 NC 파크,17:00,13.3
임정호,2021,NC,2021-04-29,@ Samsung,RP,,0.0,0.0,1,13,0,0,0,0,0,0,0,,Away,대구 삼성 라이온즈 파크,18:30,17.3
임정호,2021,NC,2021-04-23,@ Doosan,RP,,0.0,1.0,1,11,1,0,1,0,0,0,0,,Away,잠실 야구장,18:30,20.5
임정호,2021,NC,2021-04-21,vs. KT,RP,,0.0,,0,4,0,0,1,0,0,0,0,,Home,창원 NC 파크,18:30,19.9
임정호,2021,NC,2021-04-20,vs. KT,RP,,0.0,0.0,0 ⅓,4,0,0,0,0,0,0,0,,Home,창원 NC 파크,18:30,20.0
임정호,2021,NC,2021-04-17,vs. Hanwha,RP,,0.0,0.0,1,13,0,0,0,0,1,0,0,,Home,창원 NC 파크,17:00,16.4
임정호,2021,NC,2021-04-14,@ SSG,RP,,0.0,3.0,0 ⅓,9,0,0,1,0,0,0,0,,Away,인천 SSG 랜더스필드,18:30,7.7
임정호,2021,NC,2021-04-13,@ SSG,RP,H,0.0,3.0,0 ⅓,6,0,0,1,0,1,0,0,,Away,인천 SSG 랜더스필드,18:30,6.8
임정호,2021,NC,2021-04-09,@ Kia,RP,,40.5,6.0,0 ⅔,20,3,3,4,0,1,0,0,,Away,광주 기아 챔피언스 필드,18:30,17.6
임정호,2021,NC,2021-04-06,vs. Lotte,RP,,0.0,,0,3,0,0,0,0,0,1,0,,Home,창원 NC 파크,18:30,16.7
임정호,2021,NC,2021-04-04,vs. LG,RP,L,13.5,3.0,0 ⅔,13,1,1,1,0,0,1,0,,Home,창원 NC 파크,14:00,11.2
임정호,2020,NC,2020-10-30,@ Samsung,RP,,0.0,0.0,0 ⅓,4,0,0,0,0,1,0,0,,Away,대구 삼성 라이온즈 파크,18:30,14.4
임정호,2020,NC,2020-10-28,@ Lotte,RP,,0.0,0.0,0 ⅔,6,0,0,0,0,1,0,0,,Away,사직 야구장,18:30,17.6
임정호,2020,NC,2020-10-24,vs. LG,RP,,0.0,0.0,0 ⅓,3,0,0,0,0,0,0,0,,Home,창원 NC 파크,17:00,15.7
임정호,2020,NC,2020-10-16,vs. Lotte,RP,H,0.0,0.0,0 ⅓,1,0,0,0,0,0,0,0,,Home,창원 NC 파크,18:30,15.1
임정호,2020,NC,2020-10-15,vs. Kia,RP,,0.0,0.0,0 ⅔,9,0,0,0,0,1,0,0,,Home,창원 NC 파크,18:30,17.2
임정호,2020,NC,2020-10-14,vs. Kia,RP,,0.0,4.5,0 ⅔,23,0,0,1,0,1,2,0,,Home,창원 NC 파크,18:30,17.9
임정호,2020,NC,2020-10-11,@ LG,RP,,0.0,,0,8,0,0,2,0,0,0,0,,Away,잠실 야구장,14:00,20.3
임정호,2020,NC,2020-10-10,@ LG,RP,,54.0,6.0,0 ⅓,17,2,2,1,0,1,1,0,,Away,잠실 야구장,17:00,20.1
임정호,2020,NC,2020-10-10,@ LG,RP,,0.0,0.0,0 ⅓,6,0,0,0,0,1,0,0,,Away,잠실 야구장,17:00,20.1
임정호,2020,NC,2020-10-07,@ Kiwoom,RP,H,0.0,0.0,0 ⅔,6,0,0,0,0,1,0,0,,Away,고척 스카이돔,18:30,25.5
임정호,2020,NC,2020-10-06,@ Kiwoom,RP,,0.0,0.0,1,17,0,0,0,0,3,0,0,,Away,고척 스카이돔,18:30,25.5
임정호,2020,NC,2020-10-04,vs. Samsung,RP,H,0.0,1.5,0 ⅔,7,0,0,1,0,0,0,0,,Home,창원 NC 파크,14:00,24.8
임정호,2020,NC,2020-10-03,vs. Samsung,RP,,0.0,0.0,0 ⅓,6,0,0,0,0,0,0,0,,Home,창원 NC 파크,17:00,23.2
임정호,2020,NC,2020-10-03,vs. Samsung,RP,,0.0,3.0,0 ⅓,7,0,0,0,0,0,1,0,,Home,창원 NC 파크,17:00,23.2
임정호,2020,NC,2020-09-29,vs. SK,RP,H,0.0,0.0,0 ⅓,7,0,0,0,0,1,0,0,,Home,창원 NC 파크,18:30,21.3
임정호,2020,NC,2020-09-24,vs. LG,RP,,13.5,3.0,0 ⅔,16,1,1,1,1,0,1,0,,Home,창원 NC 파크,18:30,23.1
임정호,2020,NC,2020-09-23,vs. Samsung,RP,,0.0,0.0,1 ⅓,17,0,0,0,0,3,0,0,,Home,창원 NC 파크,18:30,21.4
임정호,2020,NC,2020-09-20,@ Lotte,RP,,0.0,1.5,0 ⅔,16,0,0,1,0,2,0,0,,Away,사직 야구장,14:00,24.6
임정호,2020,NC,2020-09-18,@ SK,RP,H,0.0,0.0,1,13,0,0,0,0,0,0,0,,Away,인천 SSG 랜더스필드,18:30,23.5
임정호,2020,NC,2020-09-16,@ Doosan,RP,H,0.0,1.0,1,10,0,0,1,0,1,0,0,,Away,잠실 야구장,18:30,24.7
임정호,2020,NC,2020-09-12,vs. Kia,RP,,13.5,1.5,0 ⅔,11,1,1,0,0,0,1,0,,Home,창원 NC 파크,17:00,24.0
임정호,2020,NC,2020-09-10,vs. KT,RP,,0.0,,0,10,3,3,1,1,0,0,2,,Home,창원 NC 파크,18:30,26.6
임정호,2020,NC,2020-09-09,vs. Lotte,RP,,0.0,3.0,0 ⅓,11,0,0,0,0,1,1,0,,Home,창원 NC 파크,18:30,25.9
임정호,2020,NC,2020-09-04,@ LG,RP,H,0.0,3.0,0 ⅓,7,0,0,1,0,1,0,1,,Away,잠실 야구장,18:30,25.5
임정호,2020,NC,2020-09-03,@ LG,RP,H,0.0,3.0,0 ⅓,7,0,0,1,0,1,0,0,,Away,잠실 야구장,18:30,25.9
임정호,2020,NC,2020-09-01,@ Kiwoom,RP,H,0.0,0.0,0 ⅓,3,0,0,0,0,1,0,0,,Away,고척 스카이돔,18:30,25.5
임정호,2020,NC,2020-08-30,vs. SK,RP,H,0.0,0.0,0 ⅓,2,0,0,0,0,0,0,0,,Home,창원 NC 파크,17:00,30.5
임정호,2020,NC,2020-08-27,vs. Doosan,RP,,0.0,0.0,0 ⅔,5,0,0,0,0,0,0,0,,Home,창원 NC 파크,18:30,29.5
임정호,2020,NC,2020-08-26,vs. Hanwha,RP,H,0.0,0.0,0 ⅔,4,0,0,0,0,0,0,1,,Home,창원 NC 파크,18:30,30.1
임정호,2020,NC,2020-08-25,vs. Hanwha,RP,,0.0,,0,2,0,0,1,0,0,0,0,,Home,창원 NC 파크,18:30,31.3
임정호,2020,NC,2020-08-21,@ Kia,RP,,0.0,,0,8,2,2,2,0,0,0,0,,Away,광주 기아 챔피언스 필드,18:30,31.8
임정호,2020,NC,2020-08-16,vs. LG,RP,,0.0,0.0,0 ⅓,7,0,0,0,0,1,0,0,,Home,창원 NC 파크,17:00,32.5
임정호,2020,NC,2020-08-14,vs. LG,RP,,0.0,6.0,0 ⅓,13,0,0,1,0,0,1,0,,Home,창원 NC 파크,18:30,30.8
임정호,2020,NC,2020-08-09,@ Kia,RP,,0.0,2.0,1,26,0,0,0,0,1,2,0,,Away,광주 기아 챔피언스 필드,17:00,32.0
임정호,2020,NC,2020-08-06,@ Hanwha,RP,H,0.0,1.5,0 ⅔,17,0,0,0,0,0,1,0,,Away,대전 한화생명 볼파크,18:30,29.1
임정호,2020,NC,2020-08-02,vs. Doosan,RP,,0.0,2.0,1,20,0,0,2,0,0,0,0,,Home,창원 NC 파크,17:00,30.4
임정호,2020,NC,2020-08-01,vs. Doosan,RP,,9.0,1.0,1,29,1,1,0,0,1,1,0,,Home,창원 NC 파크,18:00,29.2
임정호,2020,NC,2020-07-31,vs. Doosan,RP,W,0.0,0.0,1,11,0,0,0,0,0,0,0,,Home,창원 NC 파크,18:30,30.7
임정호,2020,NC,2020-07-28,@ Lotte,RP,,0.0,0.0,0 ⅓,5,0,0,0,0,0,0,0,,Away,사직 야구장,18:30,24.9
임정호,2020,NC,2020-07-21,vs. Samsung,RP,H,0.0,0.0,0 ⅓,3,0,0,0,0,0,0,0,,Home,창원 NC 파크,18:30,28.4
임정호,2020,NC,2020-07-17,vs. KT,RP,,0.0,1.5,0 ⅔,15,0,0,1,0,0,0,0,,Home,창원 NC 파크,18:30,25.3
임정호,2020,NC,2020-07-15,@ Kiwoom,RP,L,54.0,6.0,0 ⅓,14,2,2,1,0,1,1,0,,Away,고척 스카이돔,18:30,25.5
임정호,2020,NC,2020-07-11,@ LG,RP,,0.0,0.0,1,15,0,0,0,0,0,0,0,,Away,잠실 야구장,18:00,28.6
임정호,2020,NC,2020-07-09,@ SK,RP,,0.0,0.0,1,11,0,0,0,0,1,0,0,,Away,인천 SSG 랜더스필드,18:30,29.0
임정호,2020,NC,2020-07-07,@ SK,RP,H,0.0,0.0,0 ⅔,5,0,0,0,0,0,0,0,,Away,인천 SSG 랜더스필드,18:30,26.4
임정호,2020,NC,2020-07-05,vs. Kia,RP,,9.0,0.0,1,16,1,1,0,0,0,0,1,,Home,창원 NC 파크,17:00,24.9
임정호,2020,NC,2020-07-01,vs. Lotte,RP,,0.0,1.0,1,5,0,0,1,0,0,0,0,,Home,창원 NC 파크,18:30,24.3
임정호,2020,NC,2020-06-30,vs. Lotte,RP,,0.0,,0,6,1,1,0,0,0,1,0,,Home,창원 NC 파크,18:30,25.8
임정호,2020,NC,2020-06-26,@ Doosan,RP,,0.0,0.0,1 ⅓,12,0,0,0,0,1,0,0,,Away,잠실 야구장,18:30,25.6
임정호,2020,NC,2020-06-25,@ KT,RP,L,54.0,3.0,0 ⅓,23,4,2,1,0,0,0,2,,Away,수원 KT 위즈파크,18:30,24.2
임정호,2020,NC,2020-06-21,vs. Hanwha,RP,,0.0,,0,11,2,2,1,0,0,1,0,,Home,창원 NC 파크,17:00,23.5
임정호,2020,NC,2020-06-16,@ Kia,RP,,0.0,6.0,0 ⅓,15,0,0,1,0,0,1,0,,Away,광주 기아 챔피언스 필드,18:30,26.7
임정호,2020,NC,2020-06-14,vs. Kiwoom,RP,,13.5,4.5,0 ⅔,22,1,1,2,0,0,1,0,,Home,창원 NC 파크,17:00,29.2
임정호,2020,NC,2020-06-12,vs. Kiwoom,RP,,0.0,0.0,1,9,0,0,0,0,1,0,0,,Home,창원 NC 파크,18:30,27.3
임정호,2020,NC,2020-06-11,vs. Doosan,RP,,0.0,0.0,1,13,0,0,0,0,2,0,0,,Home,창원 NC 파크,18:30,27.2
임정호,2020,NC,2020-06-09,vs. Doosan,RP,H,0.0,0.75,1 ⅓,19,0,0,1,0,2,0,0,,Home,창원 NC 파크,18:30,25.6
임정호,2020,NC,2020-06-07,@ Hanwha,RP,,0.0,0.0,0 ⅓,4,0,0,0,0,1,0,0,,Away,대전 한화생명 볼파크,17:00,29.3
임정호,2020,NC,2020-06-03,vs. SK,RP,H,0.0,1.5,0 ⅔,12,0,0,0,0,1,1,0,,Home,창원 NC 파크,18:30,25.6
임정호,2020,NC,2020-05-29,@ Samsung,RP,H,0.0,0.0,1,8,0,0,0,0,0,0,0,,Away,대구 삼성 라이온즈 파크,18:30,21.5
임정호,2020,NC,2020-05-28,vs. Kiwoom,RP,W,0.0,0.75,1 ⅓,9,0,0,1,0,0,0,0,,Home,창원 NC 파크,18:30,22.6
임정호,2020,NC,2020-05-26,vs. Kiwoom,RP,H,0.0,0.0,0 ⅓,5,0,0,0,0,1,0,0,,Home,창원 NC 파크,18:30,21.2
임정호,2020,NC,2020-05-24,vs. Hanwha,RP,,0.0,,0,7,1,1,2,0,0,0,0,,Home,창원 NC 파크,14:00,24.2
임정호,2020,NC,2020-05-20,@ Doosan,RP,,0.0,0.0,1,15,0,0,0,0,2,0,0,,Away,잠실 야구장,18:30,17.7
임정호,2020,NC,2020-05-19,@ Doosan,RP,H,0.0,3.0,0 ⅔,13,0,0,1,0,0,1,0,,Away,잠실 야구장,18:30,14.9
임정호,2020,NC,2020-05-16,@ SK,RP,H,0.0,3.0,0 ⅓,7,0,0,1,0,0,0,0,,Away,인천 SSG 랜더스필드,17:00,16.7
임정호,2020,NC,2020-05-14,vs. KT,RP,H,0.0,0.0,0 ⅔,8,0,0,0,0,0,0,0,,Home,창원 NC 파크,18:30,22.5
임정호,2020,NC,2020-05-13,vs. KT,RP,,0.0,0.0,0 ⅓,7,0,0,0,0,0,0,0,,Home,창원 NC 파크,18:30,22.2
임정호,2020,NC,2020-05-10,vs. LG,RP,,0.0,1.5,0 ⅔,17,0,0,0,0,0,1,0,,Home,창원 NC 파크,14:00,21.1
임정호,2020,NC,2020-05-06,@ Samsung,RP,H,13.5,1.5,0 ⅔,9,1,1,1,1,1,0,0,,Away,대구 삼성 라이온즈 파크,18:30,19.2
임상현,2024,NC,2024-09-27,@ Lotte,SP,L,14.4,2.4,5,82,8,8,10,1,3,2,2,14.0,Away,사직 야구장,18:30,26.5
임상현,2024,NC,2024-09-18,vs. Hanwha,SP,W,3.0,0.83,6,80,2,2,3,1,3,2,0,59.0,Home,창원 NC 파크,18:30,31.3
임상현,2024,NC,2024-09-12,@ KT,SP,L,7.2,1.4,5,81,4,4,3,1,3,4,0,44.0,Away,수원 KT 위즈파크,18:30,29.3
임상현,2024,NC,2024-09-06,vs. KT,RP,,0.0,1.33,3,50,3,0,4,0,1,0,0,,Home,창원 NC 파크,18:30,28.7
임상현,2024,NC,2024-09-04,vs. Kiwoom,RP,,0.0,4.5,0 ⅔,20,0,0,1,0,0,2,0,,Home,창원 NC 파크,18:30,28.6
임상현,2024,NC,2024-08-28,vs. Doosan,SP,,0.0,1.4,5,69,0,0,6,0,1,1,0,55.0,Home,창원 NC 파크,18:30,29.8
임상현,2024,NC,2024-08-16,vs. Samsung,RP,,0.0,0.33,3,38,0,0,0,0,3,1,0,,Home,창원 NC 파크,18:30,31.1
임상현,2024,NC,2024-08-10,@ LG,RP,,0.0,1.0,1,16,0,0,0,0,0,1,0,,Away,잠실 야구장,18:00,33.0
임상현,2024,NC,2024-08-07,@ Lotte,RP,,18.0,2.5,2,35,4,4,4,1,1,1,0,,Away,사직 야구장,18:30,32.7
임상현,2024,NC,2024-06-18,@ Doosan,SP,L,20.25,3.75,1 ⅓,27,3,3,4,1,0,1,0,33.0,Away,잠실 야구장,18:30,28.9
임상현,2024,NC,2024-06-12,vs. KT,SP,L,10.13,3.38,2 ⅔,80,6,3,3,0,3,6,0,31.0,Home,창원 NC 파크,18:30,28.3
임상현,2024,NC,2024-06-06,vs. Doosan,SP,L,7.94,1.76,5 ⅔,89,5,5,8,0,3,2,0,34.0,Home,창원 NC 파크,18:30,23.0
목지훈,2024,NC,2024-08-16,vs. Samsung,SP,,9.0,3.0,3,72,3,3,4,0,2,5,0,36.0,Home,창원 NC 파크,18:30,31.1
목지훈,2024,NC,2024-08-10,@ LG,SP,L,19.29,3.43,2 ⅓,56,5,5,7,0,0,1,1,21.0,Away,잠실 야구장,18:00,33.0
목지훈,2024,NC,2024-08-04,vs. KT,SP,,9.82,2.18,3 ⅔,87,4,4,4,1,1,4,1,33.0,Home,창원 NC 파크,17:00,32.6
류진욱,2024,NC,2024-09-28,vs. Doosan,RP,,0.0,0.5,2,18,0,0,1,0,2,0,0,,Home,창원 NC 파크,17:00,26.5
류진욱,2024,NC,2024-09-26,vs. SSG,RP,,0.0,0.0,1,14,0,0,0,0,3,0,0,,Home,창원 NC 파크,18:30,26.9
류진욱,2024,NC,2024-09-19,vs. Hanwha,RP,,0.0,0.0,1,14,0,0,0,0,2,0,0,,Home,창원 NC 파크,18:30,31.9
류진욱,2024,NC,2024-09-18,vs. Hanwha,RP,H,0.0,1.0,1,13,0,0,1,0,1,0,0,,Home,창원 NC 파크,18:30,31.3
류진욱,2024,NC,2024-09-15,vs. LG,RP,,27.0,6.0,0 ⅓,16,1,1,1,0,0,1,0,,Home,창원 NC 파크,14:00,32.5
류진욱,2024,NC,2024-09-11,@ KT,RP,,0.0,1.0,1,16,0,0,1,0,0,0,0,,Away,수원 KT 위즈파크,18:30,29.8
류진욱,2024,NC,2024-09-10,@ KT,RP,,0.0,2.0,1,15,0,0,1,0,0,1,0,,Away,수원 KT 위즈파크,18:30,31.5
류진욱,2024,NC,2024-09-08,@ Samsung,RP,,27.0,9.0,0 ⅓,15,1,1,3,0,0,0,0,,Away,대구 삼성 라이온즈 파크,14:00,33.6
류진욱,2024,NC,2024-09-05,vs. Kiwoom,RP,,0.0,0.0,1,13,0,0,0,0,1,0,0,,Home,창원 NC 파크,18:30,30.9
류진욱,2024,NC,2024-09-01,@ SSG,RP,,0.0,6.0,0 ⅓,16,0,0,0,0,0,2,0,,Away,인천 SSG 랜더스필드,14:00,29.4
류진욱,2024,NC,2024-08-29,vs. Doosan,RP,H,0.0,0.0,1,10,0,0,0,0,1,0,0,,Home,창원 NC 파크,18:30,30.6
류진욱,2024,NC,2024-08-28,vs. Doosan,RP,,0.0,0.0,1,10,0,0,0,0,1,0,0,,Home,창원 NC 파크,18:30,29.8
류진욱,2024,NC,2024-08-27,vs. Doosan,RP,H,0.0,1.0,1,15,0,0,0,0,1,1,0,,Home,창원 NC 파크,18:30,30.2
류진욱,2024,NC,2024-08-24,vs. Kia,RP,,0.0,2.0,1,16,0,0,2,0,0,0,0,,Home,창원 NC 파크,18:00,32.8
류진욱,2024,NC,2024-08-23,vs. Kia,RP,,0.0,0.0,1,13,0,0,0,0,1,0,0,,Home,창원 NC 파크,18:30,32.7
류진욱,2024,NC,2024-08-20,@ Hanwha,RP,,9.0,3.0,1,12,1,1,3,1,0,0,0,,Away,대전 한화생명 볼파크,18:30,31.0
류진욱,2024,NC,2024-08-17,vs. Samsung,RP,H,0.0,0.0,1,13,0,0,0,0,2,0,0,,Home,창원 NC 파크,18:00,31.1
류진욱,2024,NC,2024-08-15,vs. SSG,RP,,27.0,3.0,0 ⅓,12,3,1,0,0,0,1,1,,Home,창원 NC 파크,18:30,28.8
류진욱,2024,NC,2024-08-13,vs. SSG,RP,,0.0,2.25,1 ⅓,20,0,0,2,0,2,1,0,,Home,창원 NC 파크,18:30,31.9
류진욱,2024,NC,2024-08-09,@ LG,RP,,0.0,1.0,1,12,0,0,1,0,0,0,0,,Away,잠실 야구장,18:30,33.1
류진욱,2024,NC,2024-08-06,@ Lotte,RP,,0.0,0.0,0 ⅔,5,0,0,0,0,0,0,0,,Away,사직 야구장,18:30,31.2
류진욱,2024,NC,2024-08-04,vs. KT,RP,,0.0,0.0,1,11,0,0,0,0,2,0,0,,Home,창원 NC 파크,17:00,32.6
류진욱,2024,NC,2024-08-02,vs. KT,RP,H,5.4,1.8,1 ⅔,27,1,1,2,0,3,1,0,,Home,창원 NC 파크,18:30,34.2
류진욱,2024,NC,2024-08-01,@ Kiwoom,RP,,81.0,9.0,0 ⅓,18,3,3,2,0,0,1,0,,Away,고척 스카이돔,18:30,25.5
류진욱,2024,NC,2024-07-30,@ Kiwoom,RP,,13.5,3.0,0 ⅔,19,1,1,0,0,0,2,0,,Away,고척 스카이돔,18:30,25.5
류진욱,2024,NC,2024-07-28,vs. Lotte,RP,,9.0,2.0,1,25,1,1,2,1,2,0,0,,Home,창원 NC 파크,17:00,33.2
류진욱,2024,NC,2024-07-26,vs. Lotte,RP,W,0.0,1.5,0 ⅔,9,0,0,0,0,1,1,0,,Home,창원 NC 파크,18:30,31.2
류진욱,2024,NC,2024-07-23,@ Kia,RP,,0.0,3.0,0 ⅔,18,0,0,2,0,0,0,0,,Away,광주 기아 챔피언스 필드,18:30,29.9
류진욱,2024,NC,2024-07-19,@ KT,RP,,0.0,,0,12,3,2,4,0,0,0,0,,Away,수원 KT 위즈파크,18:30,30.7
류진욱,2024,NC,2024-06-04,vs. Doosan,RP,L,40.5,6.0,0 ⅔,25,3,3,4,0,0,0,0,,Home,창원 NC 파크,18:30,22.3
류진욱,2024,NC,2024-06-02,@ Lotte,RP,,108.0,12.0,0 ⅓,20,4,4,2,1,1,2,0,,Away,사직 야구장,17:00,21.6
류진욱,2024,NC,2024-05-29,vs. Kia,RP,,0.0,2.0,1,28,0,0,1,0,2,1,0,,Home,창원 NC 파크,18:30,23.2
류진욱,2024,NC,2024-05-26,@ LG,RP,,0.0,2.0,1,15,0,0,2,0,2,0,0,,Away,잠실 야구장,14:00,20.2
류진욱,2024,NC,2024-05-22,@ Kiwoom,RP,W,0.0,0.0,0 ⅔,6,0,0,0,0,1,0,0,,Away,고척 스카이돔,18:30,25.5
류진욱,2024,NC,2024-05-21,@ Kiwoom,RP,H,0.0,1.0,1,15,0,0,0,0,0,1,0,,Away,고척 스카이돔,18:30,25.5
류진욱,2024,NC,2024-05-16,@ Hanwha,RP,H,0.0,3.0,0 ⅓,6,0,0,1,0,0,0,1,,Away,대전 한화생명 볼파크,18:30,18.2
류진욱,2024,NC,2024-05-14,@ Hanwha,RP,,27.0,3.0,0 ⅔,11,2,2,2,1,0,0,0,,Away,대전 한화생명 볼파크,18:30,24.3
류진욱,2024,NC,2024-05-11,vs. Samsung,RP,H,0.0,0.0,1 ⅓,17,0,0,0,0,2,0,0,,Home,창원 NC 파크,17:00,21.5
류진욱,2024,NC,2024-05-09,@ KT,RP,,0.0,0.0,0 ⅔,7,0,0,0,0,0,0,0,,Away,수원 KT 위즈파크,18:30,19.3
류진욱,2024,NC,2024-05-08,@ KT,RP,,0.0,1.5,0 ⅔,13,0,0,0,0,0,1,0,,Away,수원 KT 위즈파크,18:30,17.6
류진욱,2024,NC,2024-05-04,@ SSG,RP,H,6.75,1.5,1 ⅓,21,1,1,2,0,0,0,0,,Away,인천 SSG 랜더스필드,17:00,23.2
류진욱,2024,NC,2024-05-02,vs. LG,RP,,0.0,0.0,0 ⅔,13,0,0,0,0,1,0,0,,Home,창원 NC 파크,18:30,15.8
류진욱,2024,NC,2024-04-28,vs. Lotte,RP,H,0.0,0.0,1,14,0,0,0,0,0,0,0,,Home,창원 NC 파크,14:00,22.8
류진욱,2024,NC,2024-04-05,vs. SSG,RP,,0.0,0.0,1 ⅔,16,0,0,0,0,1,0,0,,Home,창원 NC 파크,18:30,14.4
류진욱,2024,NC,2024-04-04,@ LG,RP,,0.0,1.0,1,18,0,0,1,0,0,0,0,,Away,잠실 야구장,18:30,17.5
류진욱,2024,NC,2024-04-02,@ LG,RP,,27.0,9.0,0 ⅓,18,1,1,2,0,0,1,0,,Away,잠실 야구장,18:30,20.0
류진욱,2024,NC,2024-03-31,@ Lotte,RP,,0.0,,0,19,4,4,4,0,0,0,0,,Away,사직 야구장,14:00,15.1
류진욱,2024,NC,2024-03-27,vs. Kiwoom,RP,,0.0,0.0,1,10,0,0,0,0,1,0,0,,Home,창원 NC 파크,18:30,11.8
류진욱,2024,NC,2024-03-26,vs. Kiwoom,RP,,0.0,3.0,0 ⅔,17,0,0,1,0,0,1,0,,Home,창원 NC 파크,18:30,11.2
류진욱,2024,NC,2024-03-23,vs. Doosan,RP,,0.0,2.0,1,24,0,0,2,0,1,0,0,,Home,창원 NC 파크,14:00,21.4
류진욱,2023,NC,2023-10-16,@ Kia,RP,H,0.0,0.0,1,15,0,0,0,0,2,0,0,,Away,광주 기아 챔피언스 필드,18:30,16.0
류진욱,2023,NC,2023-10-15,vs. Samsung,RP,H,0.0,0.0,1 ⅔,20,0,0,0,0,3,0,0,,Home,창원 NC 파크,14:00,22.2
류진욱,2023,NC,2023-10-13,vs. LG,RP,,0.0,0.0,1,9,0,0,0,0,1,0,0,,Home,창원 NC 파크,18:30,19.8
류진욱,2023,NC,2023-10-10,vs. Hanwha,RP,H,0.0,0.0,1,11,0,0,0,0,1,0,0,,Home,창원 NC 파크,18:30,20.5
류진욱,2023,NC,2023-10-08,vs. SSG,RP,,6.75,0.75,1 ⅓,28,1,1,1,0,0,0,0,,Home,창원 NC 파크,14:00,20.8
류진욱,2023,NC,2023-10-07,vs. SSG,RP,H,0.0,6.0,0 ⅔,26,0,0,2,0,1,2,0,,Home,창원 NC 파크,17:00,20.7
류진욱,2023,NC,2023-10-05,@ SSG,RP,,0.0,1.5,1 ⅓,23,0,0,1,0,1,1,0,,Away,인천 SSG 랜더스필드,18:30,16.5
류진욱,2023,NC,2023-10-04,@ SSG,RP,,0.0,0.0,1,8,0,0,0,0,1,0,0,,Away,인천 SSG 랜더스필드,18:30,20.4
류진욱,2023,NC,2023-09-30,@ Samsung,RP,,0.0,0.0,1 ⅓,15,0,0,0,0,1,0,0,,Away,대구 삼성 라이온즈 파크,17:00,22.1
류진욱,2023,NC,2023-09-26,vs. Kia,RP,L,81.0,15.0,0 ⅓,22,5,3,5,0,0,0,0,,Home,창원 NC 파크,18:30,25.7
류진욱,2023,NC,2023-09-24,vs. Doosan,RP,,0.0,1.0,1,15,0,0,0,0,1,1,0,,Home,창원 NC 파크,14:00,24.9
류진욱,2023,NC,2023-09-22,@ LG,RP,,0.0,1.0,1,19,0,0,1,0,1,0,0,,Away,잠실 야구장,18:30,23.7
류진욱,2023,NC,2023-09-21,@ Kiwoom,RP,,0.0,1.0,1,13,0,0,1,0,0,0,0,,Away,고척 스카이돔,18:30,25.5
류진욱,2023,NC,2023-09-19,@ Doosan,RP,H,0.0,0.0,1,13,0,0,0,0,2,0,0,,Away,잠실 야구장,18:30,27.0
류진욱,2023,NC,2023-09-15,vs. Samsung,RP,H,0.0,3.0,0 ⅓,11,0,0,0,0,0,1,0,,Home,창원 NC 파크,18:30,27.0
류진욱,2023,NC,2023-09-12,@ Lotte,RP,,0.0,,0,18,3,3,2,0,0,2,0,,Away,사직 야구장,18:30,28.7
류진욱,2023,NC,2023-09-09,vs. Lotte,RP,H,0.0,2.0,1,9,0,0,1,0,0,1,0,,Home,창원 NC 파크,17:00,26.9
류진욱,2023,NC,2023-09-08,vs. Lotte,RP,W,0.0,0.0,1 ⅔,24,0,0,0,0,2,0,0,,Home,창원 NC 파크,18:30,26.7
류진욱,2023,NC,2023-09-06,vs. Kiwoom,RP,,0.0,0.75,1 ⅓,18,0,0,1,0,2,0,0,,Home,창원 NC 파크,18:30,28.6
류진욱,2023,NC,2023-09-02,@ Samsung,RP,,0.0,0.0,0 ⅓,3,0,0,0,0,0,0,0,,Away,대구 삼성 라이온즈 파크,17:00,26.4
류진욱,2023,NC,2023-09-01,@ Samsung,RP,,0.0,1.0,1,9,0,0,1,0,0,0,0,,Away,대구 삼성 라이온즈 파크,18:30,26.3
류진욱,2023,NC,2023-08-27,vs. LG,RP,H,0.0,3.0,0 ⅔,14,0,0,1,0,0,1,0,,Home,창원 NC 파크,17:00,30.8
류진욱,2023,NC,2023-08-26,vs. LG,RP,,0.0,1.5,0 ⅔,10,0,0,1,0,0,0,0,,Home,창원 NC 파크,18:00,30.0
류진욱,2023,NC,2023-08-20,@ Doosan,RP,H,0.0,0.75,1 ⅓,26,0,0,0,0,4,1,0,,Away,잠실 야구장,17:00,31.8
류진욱,2023,NC,2023-08-17,vs. Hanwha,RP,,0.0,,0,11,2,2,2,1,0,0,0,,Home,창원 NC 파크,18:30,29.8
류진욱,2023,NC,2023-08-15,vs. Hanwha,RP,,0.0,3.0,0 ⅔,15,0,0,1,0,1,1,0,,Home,창원 NC 파크,18:30,29.8
류진욱,2023,NC,2023-08-12,@ KT,RP,H,0.0,1.5,1 ⅓,25,0,0,2,0,2,0,0,,Away,수원 KT 위즈파크,18:00,27.7
류진욱,2023,NC,2023-08-11,@ KT,RP,,13.5,4.5,0 ⅔,22,1,1,2,0,0,1,0,,Away,수원 KT 위즈파크,18:30,27.8
류진욱,2023,NC,2023-08-09,@ SSG,RP,,0.0,0.0,0 ⅓,4,0,0,0,0,1,0,0,,Away,인천 SSG 랜더스필드,18:30,31.0
류진욱,2023,NC,2023-08-08,@ SSG,RP,H,0.0,0.0,1,19,0,0,0,0,2,0,0,,Away,인천 SSG 랜더스필드,18:30,34.1
류진욱,2023,NC,2023-08-06,vs. Kiwoom,RP,,0.0,0.0,1,7,0,0,0,0,0,0,0,,Home,창원 NC 파크,17:00,33.9
류진욱,2023,NC,2023-08-04,vs. Kiwoom,RP,H,0.0,0.0,1,14,0,0,0,0,2,0,0,,Home,창원 NC 파크,18:30,33.4
류진욱,2023,NC,2023-08-03,@ Lotte,RP,H,0.0,0.0,1,12,0,0,0,0,1,0,0,,Away,사직 야구장,18:30,32.2
류진욱,2023,NC,2023-08-01,@ Lotte,RP,,0.0,0.5,2,15,0,0,1,0,0,0,0,,Away,사직 야구장,18:30,30.7
류진욱,2023,NC,2023-07-30,vs. KT,RP,,0.0,1.0,1,10,0,0,0,0,0,1,0,,Home,창원 NC 파크,17:00,32.4
류진욱,2023,NC,2023-07-27,vs. Kia,RP,,0.0,1.5,0 ⅔,13,0,0,1,0,1,0,0,,Home,창원 NC 파크,18:30,32.4
류진욱,2023,NC,2023-07-25,vs. Kia,RP,H,0.0,2.0,1,20,0,0,1,0,0,1,0,,Home,창원 NC 파크,18:30,29.9
류진욱,2023,NC,2023-07-22,@ Hanwha,RP,,0.0,4.0,1,31,1,0,1,0,1,3,0,,Away,대전 한화생명 볼파크,18:00,26.7
류진욱,2023,NC,2023-07-21,@ Hanwha,RP,,0.0,0.0,1,14,0,0,0,0,2,0,0,,Away,대전 한화생명 볼파크,18:30,29.2
류진욱,2023,NC,2023-07-06,@ Kiwoom,RP,,0.0,0.0,1 ⅓,19,0,0,0,0,1,0,0,,Away,고척 스카이돔,18:30,25.5
류진욱,2023,NC,2023-07-05,@ Kiwoom,RP,,0.0,1.0,1,21,0,0,1,0,2,0,0,,Away,고척 스카이돔,18:30,25.5
류진욱,2023,NC,2023-07-02,@ KT,RP,,0.0,0.0,1,11,0,0,0,0,1,0,0,,Away,수원 KT 위즈파크,17:00,31.2
류진욱,2023,NC,2023-06-30,@ KT,RP,L,27.0,4.5,0 ⅔,20,2,2,1,0,0,2,0,,Away,수원 KT 위즈파크,18:30,29.5
류진욱,2023,NC,2023-06-28,@ Doosan,RP,H,0.0,0.0,0 ⅔,7,0,0,0,0,0,0,0,,Away,잠실 야구장,18:30,29.1
류진욱,2023,NC,2023-06-27,@ Doosan,RP,L,10.8,1.8,1 ⅔,23,2,2,3,0,2,0,0,,Away,잠실 야구장,18:30,28.9
류진욱,2023,NC,2023-06-22,vs. LG,RP,H,0.0,2.0,1,16,0,0,1,0,2,1,0,,Home,창원 NC 파크,18:30,27.3
류진욱,2023,NC,2023-06-21,vs. LG,RP,H,0.0,0.0,1,16,0,0,0,0,1,0,0,,Home,창원 NC 파크,18:30,24.6
류진욱,2023,NC,2023-06-18,@ Kia,RP,H,0.0,0.0,0 ⅔,11,0,0,0,0,1,0,0,,Away,광주 기아 챔피언스 필드,17:00,30.0
류진욱,2023,NC,2023-06-17,@ Kia,RP,,0.0,1.5,0 ⅔,12,0,0,1,0,0,0,0,,Away,광주 기아 챔피언스 필드,17:00,27.5
류진욱,2023,NC,2023-06-16,@ Kia,RP,H,0.0,1.0,1,14,0,0,0,0,0,1,0,,Away,광주 기아 챔피언스 필드,18:30,29.3
류진욱,2023,NC,2023-06-14,vs. Doosan,RP,,0.0,1.0,1,17,0,0,0,0,2,1,0,,Home,창원 NC 파크,18:30,23.3
류진욱,2023,NC,2023-06-10,vs. SSG,RP,,0.0,1.0,1,18,0,0,0,0,1,1,0,,Home,창원 NC 파크,17:00,25.3
류진욱,2023,NC,2023-06-08,@ Samsung,RP,,0.0,1.0,1,20,0,0,0,0,1,1,1,,Away,대구 삼성 라이온즈 파크,18:30,24.1
류진욱,2023,NC,2023-06-07,@ Samsung,RP,,0.0,3.0,0 ⅔,17,0,0,1,0,0,1,0,,Away,대구 삼성 라이온즈 파크,18:30,22.9
류진욱,2023,NC,2023-06-03,@ LG,RP,,0.0,1.5,1 ⅓,24,0,0,1,0,0,1,0,,Away,잠실 야구장,17:00,25.5
류진욱,2023,NC,2023-06-02,@ LG,RP,H,0.0,0.0,0 ⅔,8,0,0,0,0,1,0,0,,Away,잠실 야구장,18:30,25.1
류진욱,2023,NC,2023-05-31,vs. Doosan,RP,,0.0,1.0,1,18,0,0,0,0,2,1,0,,Home,창원 NC 파크,18:30,22.9
류진욱,2023,NC,2023-05-30,vs. Doosan,RP,,0.0,0.0,1,13,0,0,0,0,0,0,0,,Home,창원 NC 파크,18:30,19.9
류진욱,2023,NC,2023-05-24,@ Lotte,RP,H,0.0,0.0,1,6,0,0,0,0,0,0,0,,Away,사직 야구장,18:30,19.0
류진욱,2023,NC,2023-05-23,@ Lotte,RP,,0.0,1.0,1,11,0,0,0,0,0,1,0,,Away,사직 야구장,18:30,19.5
류진욱,2023,NC,2023-05-21,vs. Samsung,RP,L,6.75,1.5,1 ⅓,18,1,1,1,0,2,1,0,,Home,창원 NC 파크,14:00,26.3
류진욱,2023,NC,2023-05-20,vs. Samsung,RP,,0.0,1.5,0 ⅔,12,0,0,1,0,1,0,0,,Home,창원 NC 파크,17:00,20.1
류진욱,2023,NC,2023-04-26,@ Kia,RP,,0.0,1.0,1,22,0,0,0,0,0,1,0,,Away,광주 기아 챔피언스 필드,18:30,11.5
류진욱,2023,NC,2023-04-20,@ LG,RP,,9.0,1.0,1,21,1,1,0,0,1,1,0,,Away,잠실 야구장,18:30,16.0
류진욱,2023,NC,2023-04-18,@ LG,RP,H,0.0,0.0,1,8,0,0,0,0,0,0,0,,Away,잠실 야구장,18:30,18.2
류진욱,2023,NC,2023-04-12,vs. KT,RP,,0.0,0.0,1,13,0,0,0,0,2,0,0,,Home,창원 NC 파크,18:30,16.0
류진욱,2023,NC,2023-04-08,vs. Kiwoom,RP,,0.0,0.0,1,14,0,0,0,0,1,0,0,,Home,창원 NC 파크,17:00,15.8
류진욱,2023,NC,2023-04-06,@ Doosan,RP,,0.0,1.0,1,26,0,0,1,0,2,0,0,,Away,잠실 야구장,18:30,7.8
류진욱,2023,NC,2023-04-02,@ Samsung,RP,,0.0,0.0,0 ⅓,4,0,0,0,0,0,0,0,,Away,대구 삼성 라이온즈 파크,14:00,20.3
류진욱,2023,NC,2023-04-01,@ Samsung,RP,,0.0,0.6,1 ⅔,12,0,0,0,0,0,1,0,,Away,대구 삼성 라이온즈 파크,14:00,21.3
류진욱,2022,NC,2022-10-08,vs. Hanwha,RP,H,0.0,1.5,0 ⅔,11,0,0,0,0,1,1,0,,Home,창원 NC 파크,17:00,18.7
류진욱,2022,NC,2022-10-07,vs. LG,RP,,0.0,1.0,1,15,0,0,1,0,1,0,0,,Home,창원 NC 파크,18:30,18.0
류진욱,2022,NC,2022-10-02,@ LG,RP,H,0.0,0.0,0 ⅔,7,0,0,0,0,0,0,1,,Away,잠실 야구장,14:00,21.3
류진욱,2022,NC,2022-09-27,vs. Kiwoom,RP,W,0.0,0.0,1,11,0,0,0,0,0,0,0,,Home,창원 NC 파크,18:30,24.5
류진욱,2022,NC,2022-09-25,vs. KT,RP,,9.0,3.0,1,28,1,1,1,0,0,2,0,,Home,창원 NC 파크,14:00,21.1
류진욱,2022,NC,2022-09-24,vs. Kia,RP,,0.0,3.0,1,27,0,0,2,0,1,1,0,,Home,창원 NC 파크,17:00,21.4
류진욱,2022,NC,2022-09-22,vs. Kia,RP,,0.0,3.0,0 ⅓,9,0,0,0,0,0,1,0,,Home,창원 NC 파크,18:30,23.0
류진욱,2022,NC,2022-09-20,@ Doosan,RP,,0.0,0.0,1 ⅔,18,0,0,0,0,1,0,0,,Away,잠실 야구장,18:30,21.9
류진욱,2022,NC,2022-09-16,vs. SSG,RP,,0.0,0.0,1,10,0,0,0,0,0,0,0,,Home,창원 NC 파크,18:30,28.3
류진욱,2022,NC,2022-09-11,@ Lotte,RP,W,6.75,0.75,1 ⅓,15,1,1,1,1,2,0,0,,Away,사직 야구장,14:00,28.7
류진욱,2022,NC,2022-09-09,@ KT,RP,,0.0,1.0,1,16,0,0,0,0,1,1,0,,Away,수원 KT 위즈파크,18:30,26.0
류진욱,2022,NC,2022-09-07,vs. Doosan,RP,,0.0,0.0,1,14,0,0,0,0,1,0,0,,Home,창원 NC 파크,18:30,25.0
류진욱,2022,NC,2022-09-04,@ Hanwha,RP,,0.0,0.0,0 ⅔,12,0,0,0,0,0,0,0,,Away,대전 한화생명 볼파크,14:00,28.8
류진욱,2022,NC,2022-09-02,@ SSG,RP,,13.5,1.5,0 ⅔,10,1,1,1,1,0,0,0,,Away,인천 SSG 랜더스필드,18:30,27.3
류진욱,2022,NC,2022-08-31,@ LG,RP,,0.0,0.0,1 ⅓,16,0,0,0,0,1,0,0,,Away,잠실 야구장,18:30,26.0
류진욱,2022,NC,2022-08-27,vs. KT,RP,,0.0,0.0,1,9,0,0,0,0,1,0,0,,Home,창원 NC 파크,18:00,25.2
류진욱,2022,NC,2022-08-25,vs. Kiwoom,RP,,0.0,0.0,0 ⅓,5,0,0,0,0,0,0,0,,Home,창원 NC 파크,18:30,27.5
류진욱,2022,NC,2022-08-23,vs. Lotte,RP,,9.0,4.0,1,20,1,1,3,0,1,1,0,,Home,창원 NC 파크,18:30,28.0
류진욱,2022,NC,2022-08-19,@ Kia,RP,H,18.0,2.0,1,23,2,2,1,0,1,1,0,,Away,광주 기아 챔피언스 필드,18:30,32.2
류진욱,2022,NC,2022-08-04,vs. KT,RP,,0.0,1.0,1,8,0,0,1,0,0,0,0,,Home,창원 NC 파크,18:30,30.8
류진욱,2022,NC,2022-07-09,@ Kiwoom,RP,,9.0,2.0,2,32,2,2,3,0,0,1,0,,Away,고척 스카이돔,18:00,25.5
류진욱,2022,NC,2022-07-07,@ Hanwha,RP,,27.0,3.0,0 ⅔,22,2,2,1,0,2,1,0,,Away,대전 한화생명 볼파크,18:30,31.5
류진욱,2022,NC,2022-07-02,vs. Samsung,RP,,0.0,0.0,0 ⅓,3,0,0,0,0,0,0,0,,Home,창원 NC 파크,18:00,30.7
류진욱,2022,NC,2022-06-28,@ LG,RP,,0.0,3.0,1 ⅓,38,0,0,2,0,0,2,0,,Away,잠실 야구장,18:30,29.2
류진욱,2022,NC,2022-06-26,@ SSG,RP,,9.0,3.0,1,22,1,1,2,0,2,1,1,,Away,인천 SSG 랜더스필드,17:00,28.0
류진욱,2022,NC,2022-06-24,@ SSG,RP,,54.0,12.0,0 ⅓,31,5,2,3,0,0,1,0,,Away,인천 SSG 랜더스필드,18:30,25.3
류진욱,2022,NC,2022-06-19,vs. Hanwha,RP,W,0.0,0.0,2,29,0,0,0,0,0,0,0,,Home,창원 NC 파크,17:00,28.7
류진욱,2022,NC,2022-06-17,vs. Hanwha,RP,,0.0,1.5,0 ⅔,11,0,0,0,0,1,1,0,,Home,창원 NC 파크,18:30,25.6
류진욱,2022,NC,2022-06-15,vs. Kia,RP,,0.0,1.5,2,31,0,0,2,0,1,1,0,,Home,창원 NC 파크,18:30,23.8
류진욱,2022,NC,2022-06-12,@ Samsung,RP,,0.0,2.0,1,15,0,0,2,0,0,0,0,,Away,대구 삼성 라이온즈 파크,17:00,22.9
류진욱,2022,NC,2022-06-09,vs. SSG,RP,W,0.0,1.0,1,15,0,0,0,0,1,1,0,,Home,창원 NC 파크,18:30,21.1
류진욱,2022,NC,2022-06-01,@ Hanwha,RP,,13.5,3.0,0 ⅔,20,1,1,1,0,0,1,1,,Away,대전 한화생명 볼파크,18:30,25.2
류진욱,2022,NC,2022-05-27,vs. Doosan,RP,,6.75,3.0,1 ⅓,30,1,1,3,0,1,1,0,,Home,창원 NC 파크,18:30,28.5
류진욱,2022,NC,2022-05-11,@ Lotte,RP,,0.0,,0,15,2,2,2,0,0,1,0,,Away,사직 야구장,18:30,19.4
류진욱,2022,NC,2022-05-08,vs. LG,RP,L,0.0,,0,15,2,2,3,0,0,0,0,,Home,창원 NC 파크,14:00,19.8
류진욱,2022,NC,2022-05-05,@ Samsung,RP,,0.0,1.5,0 ⅔,9,0,0,0,0,0,1,0,,Away,대구 삼성 라이온즈 파크,14:00,20.6
류진욱,2022,NC,2022-05-04,@ Samsung,RP,H,0.0,0.0,1,13,0,0,0,0,0,0,0,,Away,대구 삼성 라이온즈 파크,18:30,17.8
류진욱,2022,NC,2022-05-01,vs. Hanwha,RP,,0.0,,0,9,0,0,0,0,0,2,0,,Home,창원 NC 파크,14:00,19.6
류진욱,2022,NC,2022-04-30,vs. Hanwha,RP,,0.0,2.0,1,21,1,0,1,0,3,1,0,,Home,창원 NC 파크,17:00,16.7
류진욱,2022,NC,2022-04-28,@ Doosan,RP,,9.0,2.0,1,26,1,1,2,0,1,0,0,,Away,잠실 야구장,18:30,20.2
류진욱,2022,NC,2022-04-27,@ Doosan,RP,,0.0,0.0,0 ⅓,5,0,0,0,0,0,0,0,,Away,잠실 야구장,18:30,21.3
류진욱,2022,NC,2022-04-24,@ KT,RP,,0.0,1.2,1 ⅔,29,0,0,1,0,3,1,1,,Away,수원 KT 위즈파크,14:00,23.5
류진욱,2022,NC,2022-04-22,@ KT,RP,,0.0,1.0,1,22,0,0,1,0,2,0,0,,Away,수원 KT 위즈파크,18:30,15.2
류진욱,2022,NC,2022-04-20,vs. Samsung,RP,,0.0,4.5,0 ⅔,26,0,0,2,0,0,1,0,,Home,창원 NC 파크,18:30,20.2
류진욱,2022,NC,2022-04-17,vs. Kia,RP,L,9.0,4.0,1,32,1,1,2,0,2,2,0,,Home,창원 NC 파크,14:00,21.5
류진욱,2022,NC,2022-04-15,vs. Kia,RP,,0.0,1.0,1,17,0,0,0,0,1,1,0,,Home,창원 NC 파크,18:30,13.4
류진욱,2022,NC,2022-04-13,@ Kiwoom,RP,,0.0,1.0,1,21,0,0,1,0,2,0,0,,Away,고척 스카이돔,18:30,25.5
류진욱,2022,NC,2022-04-09,@ LG,RP,,0.0,,0,14,3,3,1,0,0,2,0,,Away,잠실 야구장,17:00,22.5
류진욱,2022,NC,2022-04-08,@ LG,RP,,9.0,1.0,1,11,1,1,1,0,0,0,0,,Away,잠실 야구장,18:30,18.4
류진욱,2022,NC,2022-04-06,vs. Lotte,RP,,0.0,0.0,1,11,0,0,0,0,2,0,0,,Home,창원 NC 파크,18:30,15.7
류진욱,2022,NC,2022-04-02,vs. SSG,RP,,0.0,1.0,1,18,0,0,1,0,1,0,0,,Home,창원 NC 파크,14:00,14.3
류진욱,2021,NC,2021-10-30,vs. Samsung,RP,,0.0,0.0,1,10,0,0,0,0,1,0,0,,Home,창원 NC 파크,17:00,16.6
류진욱,2021,NC,2021-10-29,vs. Samsung,RP,H,0.0,1.0,1,10,0,0,1,0,0,0,0,,Home,창원 NC 파크,18:30,15.7
류진욱,2021,NC,2021-10-27,@ KT,RP,,9.0,1.0,1,24,1,1,1,1,1,0,0,,Away,수원 KT 위즈파크,18:30,14.4
류진욱,2021,NC,2021-10-24,vs. Kia,RP,H,0.0,1.0,1,16,0,0,1,0,1,0,0,,Home,창원 NC 파크,14:00,19.1
류진욱,2021,NC,2021-10-22,vs. Kia,RP,,0.0,0.0,1,13,0,0,0,0,1,0,0,,Home,창원 NC 파크,18:30,14.4
류진욱,2021,NC,2021-09-28,vs. Kia,RP,H,18.0,3.0,1,16,2,2,3,0,1,0,0,,Home,창원 NC 파크,18:30,24.6
류진욱,2021,NC,2021-09-23,@ Kiwoom,RP,,0.0,3.0,1,21,0,0,1,0,0,2,0,,Away,고척 스카이돔,18:30,25.5
류진욱,2021,NC,2021-09-19,vs. KT,RP,,0.0,0.0,0 ⅓,7,0,0,0,0,1,0,0,,Home,창원 NC 파크,14:00,26.5
류진욱,2021,NC,2021-09-17,vs. LG,RP,H,0.0,1.0,1,15,0,0,1,0,1,0,0,,Home,창원 NC 파크,18:30,22.8
류진욱,2021,NC,2021-09-12,@ Kia,RP,H,0.0,1.0,1,17,0,0,1,0,1,0,0,,Away,광주 기아 챔피언스 필드,14:00,29.7
류진욱,2021,NC,2021-09-11,@ Kia,RP,,0.0,0.0,1,23,0,0,0,0,1,0,0,,Away,광주 기아 챔피언스 필드,17:00,29.8
류진욱,2021,NC,2021-09-08,vs. Hanwha,RP,,0.0,1.0,1,18,0,0,0,0,1,1,0,,Home,창원 NC 파크,18:30,26.1
류진욱,2021,NC,2021-09-05,vs. Lotte,RP,W,0.0,0.43,2 ⅓,25,0,0,1,0,1,0,0,,Home,창원 NC 파크,14:00,24.8
류진욱,2021,NC,2021-09-03,@ LG,RP,,0.0,1.5,0 ⅔,10,0,0,1,0,1,0,0,,Away,잠실 야구장,18:30,27.0
류진욱,2021,NC,2021-09-01,@ SSG,RP,,0.0,3.0,0 ⅔,17,0,0,1,0,2,1,0,,Away,인천 SSG 랜더스필드,18:30,23.8
류진욱,2021,NC,2021-08-27,vs. Doosan,RP,SV,0.0,0.0,1,13,0,0,0,0,0,0,0,,Home,창원 NC 파크,18:30,29.6
류진욱,2021,NC,2021-08-26,vs. Doosan,RP,,0.0,0.0,1,13,0,0,0,0,0,0,0,,Home,창원 NC 파크,18:30,29.3
류진욱,2021,NC,2021-08-20,vs. LG,RP,,0.0,0.0,0 ⅔,7,0,0,0,0,0,0,0,,Home,창원 NC 파크,18:30,27.9
류진욱,2021,NC,2021-08-19,@ SSG,RP,,0.0,1.0,1,20,0,0,1,0,1,0,0,,Away,인천 SSG 랜더스필드,18:30,27.4
류진욱,2021,NC,2021-08-14,@ Hanwha,RP,,0.0,1.0,1,16,0,0,0,0,2,1,0,,Away,대전 한화생명 볼파크,18:00,29.1
류진욱,2021,NC,2021-08-10,vs. Lotte,RP,,0.0,2.0,1,18,0,0,2,0,1,0,0,,Home,창원 NC 파크,18:30,28.8
류진욱,2021,NC,2021-07-07,@ Doosan,RP,,0.0,1.5,0 ⅔,15,0,0,1,0,1,0,0,,Away,잠실 야구장,18:30,29.7
류진욱,2021,NC,2021-07-02,vs. Samsung,RP,,0.0,0.0,1,13,0,0,0,0,0,0,0,,Home,창원 NC 파크,18:30,28.5
류진욱,2021,NC,2021-07-01,@ Kia,RP,,0.0,2.0,1,24,0,0,1,0,0,1,0,,Away,광주 기아 챔피언스 필드,18:30,29.7
류진욱,2021,NC,2021-06-27,vs. SSG,RP,,0.0,,0,13,2,2,2,0,0,1,0,,Home,창원 NC 파크,17:00,26.6
류진욱,2021,NC,2021-06-26,vs. SSG,RP,H,0.0,0.0,1,12,0,0,0,0,1,0,0,,Home,창원 NC 파크,17:00,25.6
류진욱,2021,NC,2021-06-25,vs. SSG,RP,,13.5,4.5,0 ⅔,13,1,1,2,1,0,1,0,,Home,창원 NC 파크,18:30,24.4
류진욱,2021,NC,2021-06-09,@ LG,RP,,0.0,2.0,1,21,0,0,1,0,0,1,0,,Away,잠실 야구장,18:30,29.6
류진욱,2021,NC,2021-06-06,vs. Hanwha,RP,,0.0,2.0,1,26,0,0,1,0,0,1,0,,Home,창원 NC 파크,17:00,24.6
류진욱,2021,NC,2021-05-30,@ Lotte,RP,H,0.0,1.0,1,10,0,0,0,0,0,1,0,,Away,사직 야구장,14:00,23.5
류진욱,2021,NC,2021-05-29,@ Lotte,RP,,0.0,0.75,1 ⅓,19,0,0,0,0,0,1,0,,Away,사직 야구장,17:00,22.0
류진욱,2021,NC,2021-05-26,vs. Samsung,RP,,0.0,1.2,1 ⅔,23,0,0,2,0,1,0,0,,Home,창원 NC 파크,18:30,19.3
류진욱,2021,NC,2021-05-06,vs. SSG,RP,,0.0,2.0,1,20,0,0,1,0,0,1,0,,Home,창원 NC 파크,18:30,17.7
류진욱,2021,NC,2021-05-01,vs. Kiwoom,RP,,0.0,5.0,1,35,5,0,2,0,0,3,0,,Home,창원 NC 파크,17:00,13.3
류진욱,2021,NC,2021-04-27,@ Samsung,RP,,0.0,0.0,1,14,0,0,0,0,2,0,0,,Away,대구 삼성 라이온즈 파크,18:30,16.1
류진욱,2021,NC,2021-04-25,@ Doosan,RP,,0.0,1.0,1,19,0,0,1,0,0,0,0,,Away,잠실 야구장,14:00,22.5
류진욱,2021,NC,2021-04-23,@ Doosan,RP,,18.0,3.0,1,25,2,2,2,0,0,1,0,,Away,잠실 야구장,18:30,20.5
류진욱,2021,NC,2021-04-22,vs. KT,RP,,0.0,0.0,1,11,0,0,0,0,2,0,0,,Home,창원 NC 파크,18:30,19.0
류진욱,2021,NC,2021-04-20,vs. KT,RP,,0.0,3.0,0 ⅔,20,0,0,1,0,1,1,0,,Home,창원 NC 파크,18:30,20.0
류진욱,2021,NC,2021-04-16,vs. Hanwha,RP,,0.0,2.0,1,22,0,0,1,0,1,1,0,,Home,창원 NC 파크,18:30,16.8
류진욱,2021,NC,2021-04-15,@ SSG,RP,,18.0,3.0,1,16,2,2,3,0,0,0,0,,Away,인천 SSG 랜더스필드,18:30,12.8
류진욱,2021,NC,2021-04-10,@ Kia,RP,,0.0,1.0,1,11,0,0,0,0,0,1,0,,Away,광주 기아 챔피언스 필드,17:00,19.2
류진욱,2021,NC,2021-04-08,vs. Lotte,RP,,0.0,2.0,1,20,0,0,0,0,2,2,0,,Home,창원 NC 파크,18:30,13.9
류진욱,2021,NC,2021-04-06,vs. Lotte,RP,,0.0,2.4,1 ⅔,38,0,0,4,0,2,0,0,,Home,창원 NC 파크,18:30,16.7
류진욱,2020,NC,2020-10-31,@ Kia,RP,,0.0,3.0,1,25,0,0,2,0,2,1,0,,Away,광주 기아 챔피언스 필드,17:00,18.1
류진욱,2020,NC,2020-10-29,@ Lotte,RP,,18.0,2.0,1,22,2,2,2,1,0,0,0,,Away,사직 야구장,18:30,16.1
류진욱,2020,NC,2020-10-27,vs. Samsung,RP,,0.0,0.0,1,8,0,0,0,0,1,0,0,,Home,창원 NC 파크,18:30,15.8
신민혁,2024,NC,2024-08-31,@ SSG,SP,W,3.0,1.33,6,97,2,2,6,0,7,2,1,56.0,Away,인천 SSG 랜더스필드,18:00,30.4
신민혁,2024,NC,2024-08-24,vs. Kia,SP,L,1.5,0.83,6,98,1,1,4,0,4,1,1,62.0,Home,창원 NC 파크,18:00,32.8
신민혁,2024,NC,2024-08-17,vs. Samsung,SP,,1.8,1.0,5,104,1,1,4,1,3,1,0,57.0,Home,창원 NC 파크,18:00,31.1
신민혁,2024,NC,2024-08-11,@ LG,SP,,1.5,0.67,6,84,1,1,4,1,4,0,0,64.0,Away,잠실 야구장,17:00,33.4
신민혁,2024,NC,2024-08-06,@ Lotte,SP,,4.5,1.17,6,82,3,3,6,1,3,1,0,50.0,Away,사직 야구장,18:30,31.2
신민혁,2024,NC,2024-07-24,@ Kia,SP,L,0.0,1.2,1 ⅔,42,5,0,0,0,0,2,1,42.0,Away,광주 기아 챔피언스 필드,18:30,31.6
신민혁,2024,NC,2024-07-18,vs. Hanwha,SP,W,3.6,1.8,5,93,2,2,9,1,1,0,0,42.0,Home,창원 NC 파크,18:30,29.9
신민혁,2024,NC,2024-07-11,@ Samsung,SP,L,18.0,2.67,3,66,6,6,7,4,3,1,0,23.0,Away,대구 삼성 라이온즈 파크,18:30,25.6
신민혁,2024,NC,2024-07-04,vs. SSG,RP,W,0.0,0.0,0 ⅔,8,0,0,0,0,1,0,0,,Home,창원 NC 파크,18:30,30.2
신민혁,2024,NC,2024-06-27,@ Kiwoom,SP,L,19.64,2.73,3 ⅔,61,8,8,8,2,1,2,1,11.0,Away,고척 스카이돔,18:30,25.5
신민혁,2024,NC,2024-06-20,@ Doosan,SP,L,2.57,0.71,7,88,2,2,4,0,2,1,1,61.0,Away,잠실 야구장,18:30,31.2
신민혁,2024,NC,2024-06-14,vs. Samsung,SP,,7.2,1.4,5,83,4,4,7,2,3,0,0,40.0,Home,창원 NC 파크,18:30,27.5
신민혁,2024,NC,2024-06-08,@ Hanwha,SP,W,2.57,0.57,7,85,2,2,4,2,2,0,0,63.0,Away,대전 한화생명 볼파크,17:00,26.2
신민혁,2024,NC,2024-06-02,@ Lotte,SP,,5.4,1.5,3 ⅓,47,2,2,5,0,1,0,1,42.0,Away,사직 야구장,17:00,21.6
신민혁,2024,NC,2024-05-28,vs. Kia,SP,L,27.0,3.5,2,46,6,6,6,0,0,1,0,19.0,Home,창원 NC 파크,18:30,22.1
신민혁,2024,NC,2024-05-21,@ Kiwoom,SP,W,1.69,1.5,5 ⅓,90,2,1,7,0,3,1,0,50.0,Away,고척 스카이돔,18:30,25.5
신민혁,2024,NC,2024-05-15,@ Hanwha,SP,W,1.5,0.83,6,92,1,1,5,0,6,0,0,64.0,Away,대전 한화생명 볼파크,18:30,11.1
신민혁,2024,NC,2024-05-09,@ KT,SP,L,4.5,1.5,6,105,3,3,9,1,8,0,0,50.0,Away,수원 KT 위즈파크,18:30,19.3
신민혁,2024,NC,2024-04-28,vs. Lotte,SP,,9.0,2.33,3,56,3,3,7,1,2,0,0,35.0,Home,창원 NC 파크,14:00,22.8
신민혁,2024,NC,2024-04-23,@ Doosan,SP,L,6.0,1.67,6,99,4,4,9,1,3,1,0,40.0,Away,잠실 야구장,18:30,19.9
신민혁,2024,NC,2024-04-17,vs. Hanwha,SP,,3.38,1.5,5 ⅓,100,2,2,8,0,4,0,1,47.0,Home,창원 NC 파크,18:30,18.0
신민혁,2024,NC,2024-04-11,vs. KT,SP,,1.93,1.29,4 ⅔,96,4,1,6,1,2,0,0,44.0,Home,창원 NC 파크,18:30,16.4
신민혁,2024,NC,2024-04-05,vs. SSG,SP,W,0.0,0.63,6 ⅓,97,0,0,4,0,4,0,0,69.0,Home,창원 NC 파크,18:30,14.4
신민혁,2024,NC,2024-03-30,@ Lotte,SP,W,0.0,1.0,6,104,0,0,5,0,6,1,0,67.0,Away,사직 야구장,17:00,15.6
신민혁,2024,NC,2024-03-24,vs. Doosan,SP,L,5.4,1.4,5,80,3,3,6,2,1,1,0,43.0,Home,창원 NC 파크,14:00,13.5
신민혁,2023,NC,2023-10-17,@ Kia,SP,,0.0,0.4,5,48,0,0,2,0,5,0,0,68.0,Away,광주 기아 챔피언스 필드,18:30,17.9
신민혁,2023,NC,2023-10-12,@ Doosan,RP,,9.0,1.5,2,38,2,2,2,0,2,1,0,,Away,잠실 야구장,18:30,20.0
신민혁,2023,NC,2023-10-09,vs. Hanwha,SP,,19.29,2.14,2 ⅓,62,5,5,4,1,4,1,1,31.0,Home,창원 NC 파크,18:30,20.3
신민혁,2023,NC,2023-10-03,@ SSG,SP,,5.4,1.0,5,68,3,3,5,0,2,0,0,47.0,Away,인천 SSG 랜더스필드,18:30,20.6
신민혁,2023,NC,2023-09-24,vs. Doosan,SP,,3.86,1.5,4 ⅔,103,2,2,5,0,6,2,0,50.0,Home,창원 NC 파크,14:00,24.9
신민혁,2023,NC,2023-09-21,@ Kiwoom,RP,,0.0,1.0,1,13,0,0,1,0,1,0,0,,Away,고척 스카이돔,18:30,25.5
신민혁,2023,NC,2023-09-12,@ Lotte,SP,,0.0,0.33,6,78,0,0,2,0,5,0,0,73.0,Away,사직 야구장,18:30,28.7
신민혁,2023,NC,2023-09-06,vs. Kiwoom,SP,W,0.0,0.6,5,78,1,0,3,0,4,0,0,63.0,Home,창원 NC 파크,18:30,28.6
신민혁,2023,NC,2023-08-31,@ Kia,RP,,6.0,1.33,3,49,3,2,4,1,2,0,0,,Away,광주 기아 챔피언스 필드,18:30,29.1
신민혁,2023,NC,2023-08-24,@ SSG,RP,,0.0,0.67,3,42,0,0,2,0,1,0,0,,Away,인천 SSG 랜더스필드,18:30,29.0
신민혁,2023,NC,2023-08-17,vs. Hanwha,SP,,8.31,1.62,4 ⅓,62,4,4,7,0,3,0,0,36.0,Home,창원 NC 파크,18:30,29.8
신민혁,2023,NC,2023-08-11,@ KT,SP,W,1.8,0.8,5,78,1,1,3,0,4,1,1,59.0,Away,수원 KT 위즈파크,18:30,27.8
신민혁,2023,NC,2023-08-05,vs. Kiwoom,SP,,4.5,1.0,6,94,3,3,5,1,4,1,0,53.0,Home,창원 NC 파크,18:00,32.3
신민혁,2023,NC,2023-07-30,vs. KT,SP,L,6.75,2.25,4,81,3,3,8,1,0,1,0,33.0,Home,창원 NC 파크,17:00,32.4
신민혁,2023,NC,2023-07-25,vs. Kia,SP,,5.4,1.2,5,89,3,3,5,1,2,1,0,46.0,Home,창원 NC 파크,18:30,29.9
신민혁,2023,NC,2023-07-13,vs. Lotte,RP,,0.0,0.0,1,8,0,0,0,0,1,0,0,,Home,창원 NC 파크,18:30,29.0
신민혁,2023,NC,2023-07-08,vs. Samsung,SP,L,2.25,1.25,4,82,2,1,4,1,0,1,0,47.0,Home,창원 NC 파크,18:00,26.2
신민혁,2023,NC,2023-07-02,@ KT,SP,L,2.08,1.38,4 ⅓,83,1,1,4,0,3,2,0,52.0,Away,수원 KT 위즈파크,17:00,31.2
신민혁,2023,NC,2023-06-27,@ Doosan,SP,,1.5,0.5,6,93,1,1,3,1,7,0,0,69.0,Away,잠실 야구장,18:30,28.9
신민혁,2023,NC,2023-06-21,vs. LG,SP,,2.08,2.08,4 ⅓,112,1,1,6,0,5,3,1,48.0,Home,창원 NC 파크,18:30,24.6
신민혁,2023,NC,2023-06-15,vs. Doosan,SP,,1.93,1.5,4 ⅔,108,1,1,5,1,2,2,1,49.0,Home,창원 NC 파크,18:30,25.2
신민혁,2023,NC,2023-05-23,@ Lotte,SP,L,3.6,1.2,5,75,2,2,5,0,1,1,0,49.0,Away,사직 야구장,18:30,19.5
신민혁,2023,NC,2023-05-16,vs. SSG,SP,,13.5,3.75,1 ⅓,36,2,2,5,1,1,0,1,36.0,Home,창원 NC 파크,18:30,23.2
신민혁,2023,NC,2023-05-10,@ KT,SP,,9.0,1.4,5,96,7,5,4,1,7,3,0,39.0,Away,수원 KT 위즈파크,18:30,22.1
신민혁,2023,NC,2023-04-28,@ Hanwha,SP,W,3.6,1.4,5,104,2,2,6,0,5,1,0,51.0,Away,대전 한화생명 볼파크,18:30,20.8
신민혁,2023,NC,2023-04-22,vs. Lotte,SP,L,5.4,1.2,5,103,7,3,6,1,7,0,0,42.0,Home,창원 NC 파크,17:00,17.3
신민혁,2023,NC,2023-04-16,@ SSG,SP,,12.0,1.0,3,56,4,4,3,2,4,0,1,40.0,Away,인천 SSG 랜더스필드,14:00,13.4
신민혁,2023,NC,2023-04-11,vs. KT,SP,W,0.0,1.17,6,100,0,0,6,0,5,1,0,64.0,Home,창원 NC 파크,18:30,18.1
신민혁,2023,NC,2023-04-05,@ Doosan,SP,W,4.5,1.67,6,101,3,3,7,1,4,3,0,47.0,Away,잠실 야구장,18:30,10.4
신민혁,2022,NC,2022-10-10,@ KT,RP,,0.0,0.86,2 ⅓,33,0,0,1,0,2,1,0,,Away,수원 KT 위즈파크,18:30,10.2
신민혁,2022,NC,2022-10-08,vs. Hanwha,RP,,0.0,0.6,1 ⅔,28,0,0,1,0,1,0,0,,Home,창원 NC 파크,17:00,18.7
신민혁,2022,NC,2022-09-27,vs. Kiwoom,SP,,15.43,3.86,2 ⅓,64,4,4,6,0,3,3,0,29.0,Home,창원 NC 파크,18:30,24.5
신민혁,2022,NC,2022-09-16,vs. SSG,SP,L,3.0,1.67,3,59,1,1,3,1,3,2,1,49.0,Home,창원 NC 파크,18:30,28.3
신민혁,2022,NC,2022-09-10,@ Lotte,SP,,4.76,1.76,5 ⅔,76,3,3,10,1,1,0,0,38.0,Away,사직 야구장,17:00,24.8
신민혁,2022,NC,2022-09-04,@ Hanwha,SP,L,12.0,3.0,3,70,5,4,7,0,2,2,0,27.0,Away,대전 한화생명 볼파크,14:00,28.8
신민혁,2022,NC,2022-08-28,vs. KT,SP,W,0.0,0.14,7,97,0,0,1,0,10,0,0,85.0,Home,창원 NC 파크,17:00,25.7
신민혁,2022,NC,2022-08-23,vs. Lotte,SP,L,11.25,2.0,4,75,5,5,7,2,4,1,0,31.0,Home,창원 NC 파크,18:30,28.0
신민혁,2022,NC,2022-08-17,vs. Hanwha,RP,,0.0,,0,5,3,3,3,0,0,0,0,,Home,창원 NC 파크,18:30,27.0
신민혁,2022,NC,2022-08-11,@ Doosan,SP,,1.59,0.53,5 ⅔,74,1,1,3,0,4,0,1,62.0,Away,잠실 야구장,18:30,28.4
신민혁,2022,NC,2022-08-05,@ Lotte,SP,L,3.6,0.8,5,80,3,2,3,0,6,1,0,56.0,Away,사직 야구장,18:30,32.1
신민혁,2022,NC,2022-07-26,@ Kia,SP,W,1.8,1.6,5,105,1,1,6,1,6,2,0,55.0,Away,광주 기아 챔피언스 필드,18:30,31.1
신민혁,2022,NC,2022-07-12,vs. Doosan,SP,,12.0,1.67,3,53,4,4,4,2,1,1,0,35.0,Home,창원 NC 파크,18:30,26.8
신민혁,2022,NC,2022-07-06,@ Hanwha,SP,,3.6,1.2,5,85,2,2,6,2,7,0,0,54.0,Away,대전 한화생명 볼파크,18:30,32.7
신민혁,2022,NC,2022-06-26,@ SSG,SP,,3.38,0.94,5 ⅓,86,2,2,4,1,3,1,0,54.0,Away,인천 SSG 랜더스필드,17:00,28.0
신민혁,2022,NC,2022-06-19,vs. Hanwha,SP,,6.23,2.31,4 ⅓,84,3,3,8,0,2,2,0,35.0,Home,창원 NC 파크,17:00,28.7
신민혁,2022,NC,2022-06-11,@ Samsung,SP,,0.0,0.63,6 ⅓,94,0,0,3,0,5,1,1,70.0,Away,대구 삼성 라이온즈 파크,17:00,26.0
신민혁,2022,NC,2022-06-04,vs. Lotte,SP,,1.5,0.67,6,99,2,1,3,0,5,1,2,62.0,Home,창원 NC 파크,17:00,22.9
신민혁,2022,NC,2022-05-29,vs. Doosan,SP,L,1.29,0.57,7,94,1,1,3,0,7,1,0,73.0,Home,창원 NC 파크,14:00,28.1
신민혁,2022,NC,2022-05-24,vs. KT,SP,,3.0,0.67,6,92,2,2,3,1,6,1,2,61.0,Home,창원 NC 파크,18:30,25.6
신민혁,2022,NC,2022-05-18,vs. Kiwoom,SP,W,4.5,1.17,6,106,3,3,5,0,3,2,1,50.0,Home,창원 NC 파크,18:30,22.6
신민혁,2022,NC,2022-05-12,@ Lotte,SP,W,1.5,1.0,6,98,1,1,5,1,7,1,1,63.0,Away,사직 야구장,18:30,19.6
신민혁,2022,NC,2022-04-22,@ KT,SP,L,6.75,2.75,4,79,4,3,7,1,4,4,0,34.0,Away,수원 KT 위즈파크,18:30,15.2
신민혁,2022,NC,2022-04-16,vs. Kia,SP,L,15.75,2.5,4,99,7,7,9,0,5,1,1,19.0,Home,창원 NC 파크,17:00,13.5
신민혁,2022,NC,2022-04-10,@ LG,SP,L,9.64,2.14,4 ⅔,76,5,5,8,1,3,2,0,29.0,Away,잠실 야구장,14:00,24.1
신민혁,2022,NC,2022-04-05,vs. Lotte,SP,L,3.0,1.67,6,99,2,2,9,1,5,1,0,50.0,Home,창원 NC 파크,18:30,14.5
신민혁,2021,NC,2021-10-26,vs. SSG,SP,,1.8,1.6,5,102,1,1,5,0,5,3,0,55.0,Home,창원 NC 파크,18:30,15.1
신민혁,2021,NC,2021-10-20,@ SSG,SP,,6.0,0.83,6,101,4,4,4,1,5,1,0,52.0,Away,인천 SSG 랜더스필드,18:30,11.3
신민혁,2021,NC,2021-10-14,@ Kiwoom,SP,W,2.57,0.86,7,81,2,2,4,1,5,2,0,64.0,Away,고척 스카이돔,18:30,25.5
신민혁,2021,NC,2021-10-08,vs. Samsung,SP,W,0.0,0.86,7,98,0,0,3,0,5,3,0,73.0,Home,창원 NC 파크,18:30,23.4
신민혁,2021,NC,2021-10-02,@ Lotte,SP,,1.5,1.17,6,106,2,1,6,0,5,1,0,58.0,Away,사직 야구장,17:00,25.1
신민혁,2021,NC,2021-09-26,@ Samsung,SP,,0.0,0.43,7,98,0,0,2,0,5,1,1,76.0,Away,대구 삼성 라이온즈 파크,14:00,25.1
신민혁,2021,NC,2021-09-21,@ Doosan,SP,L,24.0,4.0,3,80,8,8,12,1,1,0,1,3.0,Away,잠실 야구장,18:30,25.4
신민혁,2021,NC,2021-09-15,vs. Kiwoom,SP,W,0.0,1.0,6,99,1,0,6,0,3,0,0,61.0,Home,창원 NC 파크,18:30,24.0
신민혁,2021,NC,2021-09-09,vs. Doosan,SP,L,7.2,1.4,5,100,4,4,5,1,5,2,0,44.0,Home,창원 NC 파크,18:30,25.9
신민혁,2021,NC,2021-09-02,@ LG,SP,L,7.5,1.5,6,89,5,5,9,0,5,0,0,39.0,Away,잠실 야구장,18:30,26.3
신민혁,2021,NC,2021-08-26,vs. Doosan,SP,,5.4,1.2,5,87,3,3,4,1,2,2,0,47.0,Home,창원 NC 파크,18:30,29.3
신민혁,2021,NC,2021-08-19,@ SSG,SP,W,5.4,2.2,5,91,3,3,8,2,2,3,1,37.0,Away,인천 SSG 랜더스필드,18:30,27.4
신민혁,2021,NC,2021-08-12,vs. Lotte,SP,W,6.0,1.17,6,89,4,4,5,2,4,2,0,48.0,Home,창원 NC 파크,18:30,28.6
신민혁,2021,NC,2021-07-04,vs. Samsung,SP,L,9.0,2.75,4,95,5,4,10,0,1,1,0,24.0,Home,창원 NC 파크,17:00,27.4
신민혁,2021,NC,2021-06-25,vs. SSG,SP,,12.46,2.31,4 ⅓,94,7,6,7,1,3,3,0,23.0,Home,창원 NC 파크,18:30,24.4
신민혁,2021,NC,2021-06-19,vs. Kiwoom,SP,,5.4,1.4,5,106,3,3,6,0,5,1,0,47.0,Home,창원 NC 파크,17:00,25.1
신민혁,2021,NC,2021-06-12,@ Samsung,SP,L,6.0,2.0,6,107,4,4,10,0,3,2,0,37.0,Away,대구 삼성 라이온즈 파크,17:00,24.6
신민혁,2021,NC,2021-06-06,vs. Hanwha,SP,,1.59,0.88,5 ⅔,100,1,1,3,1,6,2,0,63.0,Home,창원 NC 파크,17:00,24.6
신민혁,2021,NC,2021-06-01,vs. Doosan,SP,,3.0,1.17,6,97,2,2,5,1,5,2,0,57.0,Home,창원 NC 파크,18:30,21.6
신민혁,2021,NC,2021-05-26,vs. Samsung,SP,L,10.13,2.63,5 ⅓,99,6,6,12,2,1,2,0,19.0,Home,창원 NC 파크,18:30,19.3
신민혁,2021,NC,2021-05-19,@ LG,SP,,1.5,1.0,6,91,1,1,5,0,6,1,0,63.0,Away,잠실 야구장,18:30,25.3
신민혁,2021,NC,2021-05-12,@ Hanwha,SP,W,3.6,1.2,5,98,2,2,4,0,4,2,2,51.0,Away,대전 한화생명 볼파크,18:30,25.3
신민혁,2021,NC,2021-05-06,vs. SSG,SP,W,1.59,1.76,5 ⅔,98,1,1,6,1,3,4,0,52.0,Home,창원 NC 파크,18:30,17.7
신민혁,2021,NC,2021-04-29,@ Samsung,SP,W,0.0,0.5,6,87,0,0,2,0,10,1,0,77.0,Away,대구 삼성 라이온즈 파크,18:30,17.3
신민혁,2021,NC,2021-04-24,@ Doosan,RP,,0.0,0.0,1,13,0,0,0,0,0,0,0,,Away,잠실 야구장,17:00,20.9
신민혁,2021,NC,2021-04-22,vs. KT,RP,,27.0,4.0,1,25,3,3,4,1,0,0,0,,Home,창원 NC 파크,18:30,19.0
신민혁,2021,NC,2021-04-18,vs. Hanwha,RP,,4.5,1.5,2,37,1,1,2,0,1,1,0,,Home,창원 NC 파크,14:00,16.7
신민혁,2021,NC,2021-04-17,vs. Hanwha,RP,,0.0,0.0,1,7,0,0,0,0,1,0,0,,Home,창원 NC 파크,17:00,16.4
신민혁,2021,NC,2021-04-15,@ SSG,RP,,9.0,1.0,1,23,1,1,1,1,1,0,0,,Away,인천 SSG 랜더스필드,18:30,12.8
신민혁,2021,NC,2021-04-09,@ Kia,SP,W,1.5,1.17,6,92,1,1,5,0,5,2,0,61.0,Away,광주 기아 챔피언스 필드,18:30,17.6
신민혁,2020,NC,2020-10-31,@ Kia,SP,,5.4,1.8,5,93,3,3,7,1,3,2,0,42.0,Away,광주 기아 챔피언스 필드,17:00,18.1
신민혁,2020,NC,2020-10-27,vs. Samsung,RP,,0.0,1.0,1,10,0,0,1,0,0,0,0,,Home,창원 NC 파크,18:30,15.8
신민혁,2020,NC,2020-10-23,@ Hanwha,RP,,9.0,3.0,1,14,1,1,3,0,1,0,0,,Away,대전 한화생명 볼파크,18:30,10.9
신민혁,2020,NC,2020-10-09,@ LG,RP,,5.4,2.4,1 ⅔,28,1,1,4,0,2,0,0,,Away,잠실 야구장,18:30,20.0
신민혁,2020,NC,2020-10-08,@ Kiwoom,RP,,0.0,1.0,1,19,0,0,0,0,1,1,1,,Away,고척 스카이돔,18:30,25.5
신민혁,2020,NC,2020-10-03,vs. Samsung,RP,,0.0,3.0,0 ⅓,6,0,0,1,0,0,0,0,,Home,창원 NC 파크,17:00,23.2
신민혁,2020,NC,2020-10-02,vs. Samsung,RP,,0.0,3.0,1 ⅓,35,0,0,3,0,2,1,0,,Home,창원 NC 파크,18:30,21.8
신민혁,2020,NC,2020-09-30,vs. SK,RP,,0.0,1.0,1,13,0,0,1,0,1,0,0,,Home,창원 NC 파크,18:30,21.9
신민혁,2020,NC,2020-09-24,vs. LG,RP,,0.0,0.0,1,11,0,0,0,0,2,0,0,,Home,창원 NC 파크,18:30,23.1
신민혁,2020,NC,2020-09-12,vs. Kia,SP,L,13.5,3.0,2,43,3,3,5,1,1,1,0,34.0,Home,창원 NC 파크,17:00,24.0
신민혁,2020,NC,2020-09-06,@ Samsung,SP,L,9.64,2.14,4 ⅔,89,5,5,8,3,2,2,0,28.0,Away,대구 삼성 라이온즈 파크,14:00,23.8
신민혁,2020,NC,2020-08-30,vs. SK,SP,W,7.2,1.4,5,72,4,4,5,3,2,2,0,41.0,Home,창원 NC 파크,17:00,30.5
신민혁,2020,NC,2020-08-25,vs. Hanwha,SP,,4.15,1.38,4 ⅓,86,2,2,4,0,1,2,2,44.0,Home,창원 NC 파크,18:30,31.3
신민혁,2020,NC,2020-08-19,vs. Kiwoom,SP,L,22.5,4.0,2,50,5,5,6,1,0,2,0,22.0,Home,창원 NC 파크,18:30,33.3
신민혁,2020,NC,2020-08-13,@ Lotte,SP,W,2.57,0.86,7,92,2,2,6,0,5,0,0,62.0,Away,사직 야구장,18:30,30.5
신민혁,2020,NC,2020-08-02,vs. Doosan,RP,,0.0,1.0,1,18,0,0,1,0,1,0,0,,Home,창원 NC 파크,17:00,30.4
신민혁,2020,NC,2020-07-28,@ Lotte,RP,,3.38,0.75,2 ⅔,36,1,1,2,1,2,0,0,,Away,사직 야구장,18:30,24.9
