PlayerName,Year,Team,Date,Opp,Role,Dec,ERA,WHIP,IP,NP,R,ER,H,HR,SO,BB,HB,GS,Venue,Stadium,Time,Temp
백승건,2024,SSG,2024-08-24,vs. KT,RP,,27.0,5.0,1,26,3,3,3,0,0,2,0,,Home,인천 SSG 랜더스필드,18:00,30.9
백승건,2024,SSG,2024-08-23,vs. KT,RP,,0.0,3.0,0 ⅔,12,0,0,2,0,1,0,0,,Home,인천 SSG 랜더스필드,18:30,30.1
백승건,2024,SSG,2024-08-11,vs. Doosan,RP,,81.0,9.0,0 ⅓,19,3,3,2,0,1,1,0,,Home,인천 SSG 랜더스필드,17:00,32.6
백승건,2024,SSG,2024-08-10,vs. Doosan,RP,,0.0,3.0,0 ⅔,19,0,0,1,0,0,1,0,,Home,인천 SSG 랜더스필드,18:00,32.1
백승건,2024,SSG,2024-07-14,@ Kia,RP,,0.0,3.0,0 ⅔,15,1,0,2,0,0,0,0,,Away,광주 기아 챔피언스 필드,17:00,29.5
백승건,2024,SSG,2024-07-12,@ Kia,RP,,0.0,0.75,1 ⅓,26,0,0,0,0,1,1,0,,Away,광주 기아 챔피언스 필드,18:30,30.6
백승건,2024,SSG,2024-07-10,vs. Lotte,RP,,9.0,2.0,1,18,1,1,1,1,1,1,0,,Home,인천 SSG 랜더스필드,18:30,29.1
백승건,2024,SSG,2024-06-27,vs. KT,RP,,5.4,1.8,1 ⅔,40,1,1,1,1,0,2,0,,Home,인천 SSG 랜더스필드,18:30,27.0
백승건,2024,SSG,2024-06-25,vs. KT,RP,,0.0,1.0,1,7,0,0,1,0,0,0,0,,Home,인천 SSG 랜더스필드,18:30,25.3
백승건,2024,SSG,2024-06-22,vs. NC,RP,,0.0,1.0,1,21,0,0,0,0,1,1,0,,Home,인천 SSG 랜더스필드,17:00,26.1
백승건,2023,SSG,2023-07-27,@ Samsung,RP,L,13.5,3.0,1 ⅓,21,2,2,4,0,1,0,0,,Away,대구 삼성 라이온즈 파크,18:30,30.6
백승건,2023,SSG,2023-07-05,vs. Kia,RP,,21.6,2.4,1 ⅔,28,4,4,4,3,2,0,0,,Home,인천 SSG 랜더스필드,18:30,26.0
백승건,2023,SSG,2023-06-18,vs. Lotte,RP,,4.5,2.0,2,41,3,1,4,0,1,0,0,,Home,인천 SSG 랜더스필드,17:00,27.0
백승건,2023,SSG,2023-06-14,vs. KT,RP,,5.4,1.2,3 ⅓,50,2,2,1,0,2,3,0,,Home,인천 SSG 랜더스필드,18:30,24.0
백승건,2023,SSG,2023-06-07,@ Kia,SP,,16.88,3.0,2 ⅔,56,5,5,7,3,1,1,0,24.0,Away,광주 기아 챔피언스 필드,18:30,26.0
백승건,2023,SSG,2023-06-01,vs. Samsung,SP,,0.0,0.75,4,60,0,0,2,0,2,1,0,59.0,Home,인천 SSG 랜더스필드,18:30,25.0
백승건,2023,SSG,2023-05-25,vs. LG,RP,,0.0,0.67,3,40,0,0,2,0,3,0,0,,Home,인천 SSG 랜더스필드,18:30,20.6
백승건,2023,SSG,2023-05-23,vs. LG,RP,,0.0,1.0,1,16,0,0,1,0,0,0,0,,Home,인천 SSG 랜더스필드,18:30,21.8
백승건,2023,SSG,2023-05-19,@ Lotte,RP,,0.0,0.0,1,16,0,0,0,0,3,0,0,,Away,사직 야구장,18:30,20.6
백승건,2023,SSG,2023-05-16,@ NC,RP,,0.0,1.0,1,19,0,0,0,0,0,1,0,,Away,창원 NC 파크,18:30,23.2
백승건,2023,SSG,2023-05-14,vs. Hanwha,RP,,0.0,1.0,1,20,0,0,0,0,1,1,0,,Home,인천 SSG 랜더스필드,14:00,20.8
백승건,2023,SSG,2023-05-10,@ Kia,RP,W,0.0,1.0,1,17,0,0,1,0,1,0,0,,Away,광주 기아 챔피언스 필드,18:30,24.0
백승건,2023,SSG,2023-05-07,@ Kiwoom,RP,W,0.0,1.0,2,34,0,0,1,0,1,1,0,,Away,고척 스카이돔,14:00,25.5
백승건,2023,SSG,2023-05-04,vs. KT,RP,,13.5,6.0,0 ⅔,25,1,1,3,0,0,1,0,,Home,인천 SSG 랜더스필드,18:30,21.3
백승건,2023,SSG,2023-05-02,vs. KT,RP,,5.4,1.2,1 ⅔,24,1,1,2,1,2,0,0,,Home,인천 SSG 랜더스필드,18:30,18.3
백승건,2023,SSG,2023-04-29,vs. Doosan,RP,,18.0,4.0,1,34,2,2,2,0,3,2,0,,Home,인천 SSG 랜더스필드,17:00,11.4
백승건,2023,SSG,2023-04-26,@ LG,RP,H,0.0,1.0,1,13,0,0,1,0,0,0,0,,Away,잠실 야구장,18:30,12.6
백승건,2023,SSG,2023-04-25,@ LG,RP,,0.0,0.0,1,15,0,0,0,0,0,0,0,,Away,잠실 야구장,18:30,11.0
백승건,2023,SSG,2023-04-23,vs. Kiwoom,RP,H,0.0,1.2,1 ⅔,22,1,0,2,0,1,0,0,,Home,인천 SSG 랜더스필드,14:00,20.5
백승건,2023,SSG,2023-04-20,@ KT,RP,,0.0,,0,14,2,2,1,0,0,2,0,,Away,수원 KT 위즈파크,18:30,15.8
백승건,2023,SSG,2023-04-18,@ KT,RP,,0.0,3.0,0 ⅓,12,0,0,0,0,0,1,0,,Away,수원 KT 위즈파크,18:30,17.3
백승건,2023,SSG,2023-04-15,vs. NC,RP,L,13.5,3.0,0 ⅔,20,1,1,0,0,1,2,0,,Home,인천 SSG 랜더스필드,17:00,8.1
백승건,2023,SSG,2023-04-14,vs. NC,RP,H,0.0,1.0,2,27,0,0,2,0,2,0,0,,Home,인천 SSG 랜더스필드,18:30,16.8
백승건,2023,SSG,2023-04-08,@ Hanwha,RP,,0.0,0.0,1,11,0,0,0,0,0,0,0,,Away,대전 한화생명 볼파크,17:00,14.7
백승건,2023,SSG,2023-04-02,vs. Kia,RP,,0.0,1.0,2,21,0,0,1,0,2,1,0,,Home,인천 SSG 랜더스필드,14:00,22.7
백승건,2020,SK,2020-09-15,@ Kia,RP,,0.0,3.0,1,24,0,0,2,0,0,1,0,,Away,광주 기아 챔피언스 필드,18:30,25.8
백승건,2020,SK,2020-09-09,vs. Kiwoom,SP,L,27.0,7.0,1,54,4,3,1,0,1,6,0,32.0,Home,인천 SSG 랜더스필드,18:30,22.0
백승건,2020,SK,2020-09-01,vs. LG,SP,,13.5,1.88,2 ⅔,59,4,4,3,1,4,2,1,37.0,Home,인천 SSG 랜더스필드,18:30,29.0
백승건,2020,SK,2020-08-26,@ Lotte,SP,,2.45,1.91,3 ⅔,69,1,1,2,0,2,5,1,49.0,Away,사직 야구장,18:30,30.9
백승건,2020,SK,2020-08-20,vs. Samsung,SP,L,5.4,2.0,5,97,5,3,7,0,5,3,0,39.0,Home,인천 SSG 랜더스필드,18:30,29.0
백승건,2020,SK,2020-07-29,vs. LG,SP,L,12.0,2.67,3,85,4,4,4,2,3,4,0,34.0,Home,인천 SSG 랜더스필드,18:30,27.1
백승건,2020,SK,2020-07-16,@ Doosan,SP,L,9.0,1.75,4,77,4,4,6,0,4,1,0,37.0,Away,잠실 야구장,18:30,29.3
백승건,2020,SK,2020-06-25,vs. Doosan,RP,,7.71,3.0,2 ⅓,64,2,2,4,2,3,3,0,,Home,인천 SSG 랜더스필드,18:30,23.5
백승건,2020,SK,2020-06-04,@ NC,RP,,2.45,1.64,3 ⅔,67,1,1,3,0,3,3,0,,Away,창원 NC 파크,18:30,26.1
백승건,2020,SK,2020-05-17,vs. NC,SP,L,12.0,2.67,3,65,4,4,5,2,3,3,0,33.0,Home,인천 SSG 랜더스필드,14:00,20.6
윤태현,2022,SSG,2022-05-21,vs. LG,RP,,0.0,1.0,1,24,0,0,0,0,1,1,0,,Home,인천 SSG 랜더스필드,17:00,18.4
윤태현,2022,SSG,2022-05-17,@ Doosan,RP,,0.0,,0,12,2,2,2,0,0,0,0,,Away,잠실 야구장,18:30,24.4
윤태현,2022,SSG,2022-05-13,vs. NC,RP,,0.0,1.0,1,17,0,0,0,0,1,1,0,,Home,인천 SSG 랜더스필드,18:30,20.1
이건욱,2024,SSG,2024-09-24,vs. LG,RP,,10.13,2.63,2 ⅔,68,3,3,5,1,4,2,0,,Home,인천 SSG 랜더스필드,18:30,24.0
이건욱,2024,SSG,2024-08-10,vs. Doosan,RP,,54.0,6.0,0 ⅓,16,2,2,1,0,1,1,0,,Home,인천 SSG 랜더스필드,18:00,32.1
이건욱,2024,SSG,2024-08-03,@ Samsung,RP,,21.6,4.8,1 ⅔,56,4,4,6,1,0,2,0,,Away,대구 삼성 라이온즈 파크,18:00,33.0
이건욱,2024,SSG,2024-06-28,@ Doosan,RP,,0.0,2.0,1,32,0,0,0,0,1,2,0,,Away,잠실 야구장,18:30,28.6
이건욱,2024,SSG,2024-05-21,@ Doosan,SP,L,18.0,3.25,4,88,8,8,10,2,5,3,0,12.0,Away,잠실 야구장,18:30,26.1
이건욱,2024,SSG,2024-04-25,@ Lotte,RP,,0.0,,0,8,0,0,0,0,0,1,0,,Away,사직 야구장,18:30,17.6
이건욱,2024,SSG,2024-04-19,vs. LG,RP,,0.0,0.0,1,12,0,0,0,0,1,0,0,,Home,인천 SSG 랜더스필드,18:30,17.3
이건욱,2024,SSG,2024-04-05,@ NC,SP,L,10.8,2.4,3 ⅓,81,5,4,7,0,3,1,0,30.0,Away,창원 NC 파크,18:30,14.4
이건욱,2024,SSG,2024-04-02,vs. Doosan,RP,W,4.5,1.0,2,37,1,1,1,1,2,1,1,,Home,인천 SSG 랜더스필드,18:30,16.9
이건욱,2024,SSG,2024-03-28,vs. Hanwha,RP,,6.0,2.0,3,47,2,2,4,0,0,2,1,,Home,인천 SSG 랜더스필드,18:30,10.9
이건욱,2023,SSG,2023-10-08,@ NC,RP,W,0.0,0.0,1,12,0,0,0,0,1,0,0,,Away,창원 NC 파크,14:00,20.8
이건욱,2023,SSG,2023-10-03,vs. NC,RP,,0.0,1.5,2,37,0,0,1,0,2,2,0,,Home,인천 SSG 랜더스필드,18:30,20.6
이건욱,2023,SSG,2023-09-27,vs. Doosan,RP,,0.0,,0,9,0,0,0,0,0,2,0,,Home,인천 SSG 랜더스필드,18:30,24.6
이건욱,2023,SSG,2023-09-23,vs. Lotte,RP,,0.0,,0,10,0,0,1,0,0,1,0,,Home,인천 SSG 랜더스필드,17:00,24.8
이건욱,2023,SSG,2023-09-22,vs. Lotte,RP,,0.0,1.0,1,13,0,0,1,0,1,0,0,,Home,인천 SSG 랜더스필드,18:30,23.9
이건욱,2023,SSG,2023-09-17,@ LG,RP,,0.0,0.0,1,13,0,0,0,0,1,0,0,,Away,잠실 야구장,14:00,28.1
이건욱,2023,SSG,2023-09-09,@ KT,RP,,0.0,1.5,2,55,2,0,2,0,2,1,0,,Away,수원 KT 위즈파크,17:00,28.9
이건욱,2023,SSG,2023-09-06,@ Hanwha,RP,,0.0,1.29,2 ⅓,43,0,0,0,0,3,3,1,,Away,대전 한화생명 볼파크,18:30,28.2
이건욱,2023,SSG,2023-09-05,@ Hanwha,RP,,0.0,1.0,1,15,0,0,1,0,2,0,0,,Away,대전 한화생명 볼파크,18:30,29.2
이건욱,2023,SSG,2023-09-02,vs. Kia,RP,,9.0,3.0,1,22,1,1,1,0,1,2,0,,Home,인천 SSG 랜더스필드,17:00,28.6
이건욱,2023,SSG,2023-09-01,vs. Kia,RP,,4.5,1.0,2,31,1,1,2,0,1,0,0,,Home,인천 SSG 랜더스필드,18:30,27.4
이건욱,2023,SSG,2023-08-25,@ Doosan,RP,,0.0,1.0,2,43,0,0,0,0,3,2,0,,Away,잠실 야구장,18:30,29.5
이건욱,2023,SSG,2023-08-19,vs. LG,RP,,6.75,1.5,1 ⅓,24,1,1,2,0,2,0,0,,Home,인천 SSG 랜더스필드,18:00,30.1
이건욱,2023,SSG,2023-08-17,@ Lotte,RP,,0.0,3.0,1,27,0,0,2,0,1,1,0,,Away,사직 야구장,18:30,28.4
이건욱,2023,SSG,2023-08-15,@ Lotte,RP,,0.0,2.4,1 ⅔,30,2,0,2,0,1,2,0,,Away,사직 야구장,18:30,30.0
이건욱,2023,SSG,2023-08-08,vs. NC,RP,,0.0,0.0,0 ⅓,3,0,0,0,0,0,0,0,,Home,인천 SSG 랜더스필드,18:30,34.1
이건욱,2023,SSG,2023-08-03,@ KT,RP,,0.0,0.0,0 ⅓,9,0,0,0,0,0,0,0,,Away,수원 KT 위즈파크,18:30,32.2
이건욱,2023,SSG,2023-07-30,vs. Hanwha,RP,,0.0,1.0,1,13,0,0,1,0,0,0,0,,Home,인천 SSG 랜더스필드,17:00,33.6
이건욱,2023,SSG,2023-07-27,@ Samsung,RP,,0.0,0.38,2 ⅔,39,0,0,0,0,1,1,0,,Away,대구 삼성 라이온즈 파크,18:30,30.6
이건욱,2023,SSG,2023-07-05,vs. Kia,RP,,18.0,4.0,1,32,2,2,2,0,1,2,0,,Home,인천 SSG 랜더스필드,18:30,26.0
이건욱,2023,SSG,2023-07-01,@ Kiwoom,RP,,0.0,2.0,1,18,0,0,0,0,0,2,0,,Away,고척 스카이돔,18:00,25.5
이건욱,2023,SSG,2023-06-25,vs. Samsung,RP,,0.0,1.0,4,59,0,0,3,0,2,1,0,,Home,인천 SSG 랜더스필드,17:00,30.1
이건욱,2023,SSG,2023-06-10,@ NC,RP,,4.5,1.5,2,42,1,1,2,0,2,1,0,,Away,창원 NC 파크,17:00,25.3
이건욱,2023,SSG,2023-06-09,@ NC,RP,,0.0,1.0,1,19,0,0,1,0,2,0,0,,Away,창원 NC 파크,18:30,25.2
이건욱,2023,SSG,2023-06-01,vs. Samsung,RP,,0.0,1.0,1,19,0,0,1,0,1,0,0,,Home,인천 SSG 랜더스필드,18:30,25.0
이건욱,2023,SSG,2023-05-26,@ Doosan,RP,,0.0,1.0,1,14,0,0,1,0,0,0,1,,Away,잠실 야구장,18:30,24.7
이건욱,2023,SSG,2023-05-10,@ Kia,SP,,6.75,1.75,4,65,3,3,5,0,1,2,0,39.0,Away,광주 기아 챔피언스 필드,18:30,24.0
이건욱,2022,SSG,2022-06-21,vs. Doosan,SP,L,9.0,2.0,3,70,3,3,2,1,2,4,0,41.0,Home,인천 SSG 랜더스필드,18:30,27.6
이건욱,2021,SSG,2021-06-09,vs. KT,SP,,20.25,3.0,1 ⅓,33,3,3,3,1,0,1,0,35.0,Home,인천 SSG 랜더스필드,18:30,27.6
이건욱,2021,SSG,2021-06-05,@ Doosan,RP,,0.0,0.6,1 ⅔,33,0,0,0,0,2,1,0,,Away,잠실 야구장,17:00,25.1
이건욱,2021,SSG,2021-04-21,@ Samsung,SP,L,17.18,3.82,3 ⅔,90,7,7,8,3,1,6,0,12.0,Away,대구 삼성 라이온즈 파크,18:30,20.4
이건욱,2021,SSG,2021-04-15,vs. NC,SP,,3.0,2.33,3,69,1,1,2,0,2,5,0,48.0,Home,인천 SSG 랜더스필드,18:30,12.8
이건욱,2021,SSG,2021-04-09,@ LG,SP,,15.0,3.0,3,59,5,5,3,0,0,6,1,26.0,Away,잠실 야구장,18:30,18.0
이건욱,2020,SK,2020-10-23,vs. Lotte,SP,L,6.0,3.0,3,71,2,2,6,0,3,3,0,39.0,Home,인천 SSG 랜더스필드,18:30,10.3
이건욱,2020,SK,2020-10-17,vs. KT,SP,L,7.71,1.5,4 ⅔,94,4,4,4,1,5,3,0,42.0,Home,인천 SSG 랜더스필드,17:00,16.7
이건욱,2020,SK,2020-10-11,@ Kia,SP,,2.25,2.0,4,98,1,1,3,0,3,5,0,50.0,Away,광주 기아 챔피언스 필드,14:00,22.0
이건욱,2020,SK,2020-10-06,vs. Doosan,SP,L,7.2,1.4,5,95,4,4,3,1,3,4,1,43.0,Home,인천 SSG 랜더스필드,18:30,16.5
이건욱,2020,SK,2020-09-30,@ NC,SP,L,40.5,4.5,1 ⅓,43,6,6,3,0,0,3,0,21.0,Away,창원 NC 파크,18:30,21.9
이건욱,2020,SK,2020-09-24,@ Kiwoom,SP,L,5.06,1.5,5 ⅓,83,3,3,7,0,5,1,0,46.0,Away,고척 스카이돔,18:30,25.5
이건욱,2020,SK,2020-09-18,vs. NC,SP,L,10.5,1.33,6,102,7,7,5,1,5,3,1,35.0,Home,인천 SSG 랜더스필드,18:30,23.5
이건욱,2020,SK,2020-09-12,vs. Lotte,SP,W,0.0,1.0,6,103,0,0,2,0,5,4,0,69.0,Home,인천 SSG 랜더스필드,17:00,24.0
이건욱,2020,SK,2020-09-05,@ Doosan,SP,L,9.64,1.93,4 ⅔,97,5,5,3,0,3,6,0,35.0,Away,잠실 야구장,17:00,27.0
이건욱,2020,SK,2020-08-30,@ NC,SP,L,15.0,2.67,3,65,5,5,4,0,0,4,1,26.0,Away,창원 NC 파크,17:00,30.5
이건욱,2020,SK,2020-08-25,@ Lotte,SP,,1.8,1.0,5,92,1,1,3,0,3,2,0,58.0,Away,사직 야구장,18:30,31.8
이건욱,2020,SK,2020-08-19,vs. Hanwha,SP,W,7.2,1.6,5,100,4,4,6,2,5,2,0,42.0,Home,인천 SSG 랜더스필드,18:30,29.2
이건욱,2020,SK,2020-08-13,@ KT,SP,,8.31,3.0,4 ⅓,99,4,4,5,0,7,8,0,36.0,Away,수원 KT 위즈파크,18:30,32.2
이건욱,2020,SK,2020-08-07,vs. Samsung,SP,L,3.0,1.17,6,92,2,2,5,1,3,2,1,54.0,Home,인천 SSG 랜더스필드,18:30,26.2
이건욱,2020,SK,2020-08-01,@ KT,SP,L,20.25,2.75,4,73,9,9,8,2,2,3,0,9.0,Away,수원 KT 위즈파크,18:00,29.5
이건욱,2020,SK,2020-07-27,@ Hanwha,SP,,5.4,1.2,5,103,3,3,1,0,2,5,0,50.0,Away,대전 한화생명 볼파크,18:30,28.3
이건욱,2020,SK,2020-07-14,@ Doosan,SP,W,3.86,0.71,7,96,3,3,5,1,4,0,0,59.0,Away,잠실 야구장,18:30,24.1
이건욱,2020,SK,2020-07-08,vs. NC,SP,W,1.5,0.67,6,94,1,1,3,0,5,1,0,66.0,Home,인천 SSG 랜더스필드,18:30,26.3
이건욱,2020,SK,2020-07-02,@ Samsung,SP,L,6.23,2.77,4 ⅓,103,3,3,8,0,6,4,0,37.0,Away,대구 삼성 라이온즈 파크,18:30,23.4
이건욱,2020,SK,2020-06-26,vs. LG,SP,W,0.0,0.5,6,90,0,0,0,0,3,3,1,71.0,Home,인천 SSG 랜더스필드,18:30,24.0
이건욱,2020,SK,2020-06-20,@ Kiwoom,SP,,5.79,2.14,4 ⅔,91,3,3,5,0,4,5,1,40.0,Away,고척 스카이돔,17:00,25.5
이건욱,2020,SK,2020-06-14,vs. Kia,SP,,0.0,0.8,5,82,0,0,2,0,2,2,0,63.0,Home,인천 SSG 랜더스필드,17:00,25.3
이건욱,2020,SK,2020-06-09,@ LG,SP,,1.8,1.4,5,88,1,1,3,1,3,4,0,56.0,Away,잠실 야구장,18:30,29.2
이건욱,2020,SK,2020-06-03,@ NC,SP,L,15.0,3.0,3,63,5,5,7,1,2,2,0,25.0,Away,창원 NC 파크,18:30,25.6
이건욱,2020,SK,2020-05-28,@ Doosan,SP,W,1.69,0.75,5 ⅓,73,1,1,3,0,3,1,0,60.0,Away,잠실 야구장,18:30,22.8
이건욱,2020,SK,2020-05-13,@ LG,RP,,0.0,0.86,2 ⅓,39,0,0,1,0,3,1,0,,Away,잠실 야구장,18:30,20.0
이건욱,2020,SK,2020-05-12,@ LG,RP,,0.0,0.0,1,12,0,0,0,0,2,0,0,,Away,잠실 야구장,18:30,18.1
조병현,2024,SSG,2024-09-30,vs. Kiwoom,RP,SV,0.0,0.0,0 ⅓,3,0,0,0,0,0,0,0,,Home,인천 SSG 랜더스필드,18:30,25.0
조병현,2024,SSG,2024-09-28,@ Hanwha,RP,SV,0.0,0.0,1 ⅔,19,0,0,0,0,3,0,0,,Away,대전 한화생명 볼파크,17:00,26.2
조병현,2024,SSG,2024-09-25,@ NC,RP,H,0.0,0.0,1 ⅔,30,0,0,0,0,2,0,0,,Away,창원 NC 파크,18:30,25.7
조병현,2024,SSG,2024-09-22,@ KT,RP,SV,0.0,0.0,1,13,0,0,0,0,2,0,0,,Away,수원 KT 위즈파크,14:00,25.0
조병현,2024,SSG,2024-09-21,@ KT,RP,SV,0.0,2.0,1,25,0,0,1,0,3,1,0,,Away,수원 KT 위즈파크,17:00,23.4
조병현,2024,SSG,2024-09-19,vs. Kiwoom,RP,SV,0.0,0.0,0 ⅓,3,0,0,0,0,0,0,0,,Home,인천 SSG 랜더스필드,18:30,31.2
조병현,2024,SSG,2024-09-17,vs. Kia,RP,SV,0.0,1.0,1,18,0,0,0,0,1,1,0,,Home,인천 SSG 랜더스필드,18:30,30.5
조병현,2024,SSG,2024-09-15,vs. Samsung,RP,,0.0,0.0,1,13,0,0,0,0,1,0,0,,Home,인천 SSG 랜더스필드,14:00,32.0
조병현,2024,SSG,2024-09-14,vs. Samsung,RP,SV,0.0,0.0,1,15,0,0,0,0,1,0,0,,Home,인천 SSG 랜더스필드,17:00,30.7
조병현,2024,SSG,2024-09-10,vs. Hanwha,RP,,0.0,0.0,1,14,0,0,0,0,1,0,0,,Home,인천 SSG 랜더스필드,18:30,30.5
조병현,2024,SSG,2024-09-07,@ Lotte,RP,,0.0,1.0,2,36,0,0,0,0,2,2,0,,Away,사직 야구장,17:00,30.8
조병현,2024,SSG,2024-09-05,@ LG,RP,SV,0.0,0.0,1,14,0,0,0,0,2,0,0,,Away,잠실 야구장,18:30,28.6
조병현,2024,SSG,2024-08-29,@ Kia,RP,,0.0,2.0,1,22,0,0,2,0,1,0,0,,Away,광주 기아 챔피언스 필드,18:30,31.9
조병현,2024,SSG,2024-08-25,vs. KT,RP,SV,0.0,2.25,1 ⅓,22,0,0,1,0,3,2,0,,Home,인천 SSG 랜더스필드,17:00,32.8
조병현,2024,SSG,2024-08-21,@ LG,RP,,0.0,1.0,1,16,0,0,1,0,2,0,0,,Away,잠실 야구장,18:30,31.8
조병현,2024,SSG,2024-08-18,vs. Hanwha,RP,,9.0,1.0,1,14,1,1,1,1,1,0,0,,Home,인천 SSG 랜더스필드,17:00,32.3
조병현,2024,SSG,2024-08-13,@ NC,RP,SV,0.0,1.0,1,18,0,0,0,0,2,1,0,,Away,창원 NC 파크,18:30,31.9
조병현,2024,SSG,2024-08-11,vs. Doosan,RP,SV,0.0,0.0,1,15,0,0,0,0,1,0,0,,Home,인천 SSG 랜더스필드,17:00,32.6
조병현,2024,SSG,2024-08-09,vs. Doosan,RP,,13.5,4.5,0 ⅔,31,1,1,2,0,1,1,0,,Home,인천 SSG 랜더스필드,18:30,31.8
조병현,2024,SSG,2024-08-06,@ Kiwoom,RP,,0.0,1.0,1,25,0,0,1,0,1,0,0,,Away,고척 스카이돔,18:30,25.5
조병현,2024,SSG,2024-08-02,@ Samsung,RP,L,27.0,3.0,0 ⅓,16,2,1,1,1,1,0,0,,Away,대구 삼성 라이온즈 파크,18:30,32.5
조병현,2024,SSG,2024-08-01,vs. Lotte,RP,L,0.0,6.0,0 ⅔,21,3,0,2,0,1,2,0,,Home,인천 SSG 랜더스필드,18:30,31.8
조병현,2024,SSG,2024-07-31,vs. Lotte,RP,,0.0,0.0,1,16,0,0,0,0,3,0,0,,Home,인천 SSG 랜더스필드,18:30,31.8
조병현,2024,SSG,2024-07-28,vs. Doosan,RP,H,0.0,0.0,1 ⅓,16,0,0,0,0,2,0,0,,Home,인천 SSG 랜더스필드,17:00,31.8
조병현,2024,SSG,2024-07-27,vs. Doosan,RP,W,0.0,0.0,1,11,0,0,0,0,1,0,0,,Home,인천 SSG 랜더스필드,18:00,32.0
조병현,2024,SSG,2024-07-24,@ KT,RP,L,108.0,12.0,0 ⅓,21,4,4,2,0,0,2,0,,Away,수원 KT 위즈파크,18:30,31.2
조병현,2024,SSG,2024-07-21,vs. Kiwoom,RP,,0.0,0.0,0 ⅔,14,0,0,0,0,2,0,0,,Home,인천 SSG 랜더스필드,17:00,30.7
조병현,2024,SSG,2024-07-13,@ Kia,RP,,27.0,6.0,0 ⅔,30,2,2,3,1,0,1,0,,Away,광주 기아 챔피언스 필드,18:00,29.3
조병현,2024,SSG,2024-07-11,vs. Lotte,RP,SV,0.0,0.0,0 ⅔,8,0,0,0,0,1,0,0,,Home,인천 SSG 랜더스필드,18:30,27.1
조병현,2024,SSG,2024-07-09,vs. Lotte,RP,,27.0,4.5,0 ⅔,26,2,2,2,0,0,1,0,,Home,인천 SSG 랜더스필드,18:30,26.6
조병현,2024,SSG,2024-07-04,@ NC,RP,,0.0,1.0,1,21,0,0,0,0,1,1,0,,Away,창원 NC 파크,18:30,30.2
조병현,2024,SSG,2024-07-03,@ NC,RP,,0.0,1.0,1,10,0,0,1,0,2,0,0,,Away,창원 NC 파크,18:30,30.4
조병현,2024,SSG,2024-06-30,@ Doosan,RP,W,0.0,0.0,1 ⅔,19,0,0,0,0,4,0,0,,Away,잠실 야구장,17:00,26.9
조병현,2024,SSG,2024-06-29,@ Doosan,RP,,0.0,0.0,1,20,0,0,0,0,3,0,0,,Away,잠실 야구장,17:00,31.0
조병현,2024,SSG,2024-06-26,vs. KT,RP,,9.0,2.0,1,20,1,1,1,0,3,1,0,,Home,인천 SSG 랜더스필드,18:30,26.4
조병현,2024,SSG,2024-06-23,vs. NC,RP,L,27.0,4.5,0 ⅔,26,2,2,1,0,0,2,0,,Home,인천 SSG 랜더스필드,17:00,27.5
조병현,2024,SSG,2024-06-21,vs. NC,RP,,5.4,1.2,1 ⅔,23,1,1,2,1,1,0,0,,Home,인천 SSG 랜더스필드,18:30,27.9
조병현,2024,SSG,2024-06-20,@ Samsung,RP,,0.0,1.5,0 ⅔,13,0,0,0,0,1,1,0,,Away,대구 삼성 라이온즈 파크,18:30,25.4
조병현,2024,SSG,2024-06-18,@ Samsung,RP,,0.0,2.0,1,19,1,0,2,0,0,0,0,,Away,대구 삼성 라이온즈 파크,18:30,26.3
조병현,2024,SSG,2024-06-15,@ Hanwha,RP,,0.0,0.0,1,13,0,0,0,0,0,0,0,,Away,대전 한화생명 볼파크,17:00,28.4
조병현,2024,SSG,2024-06-13,vs. Kia,RP,,0.0,1.0,2,31,0,0,0,0,4,2,0,,Home,인천 SSG 랜더스필드,18:30,26.5
조병현,2024,SSG,2024-06-11,vs. Kia,RP,,0.0,0.0,1,20,0,0,0,0,2,0,0,,Home,인천 SSG 랜더스필드,18:30,24.6
조병현,2024,SSG,2024-06-09,@ Lotte,RP,,0.0,0.0,1,10,0,0,0,0,1,0,0,,Away,사직 야구장,17:00,24.0
조병현,2024,SSG,2024-06-09,@ Lotte,RP,,0.0,0.0,1,14,0,0,0,0,1,0,0,,Away,사직 야구장,17:00,24.0
조병현,2024,SSG,2024-06-07,@ Lotte,RP,,0.0,1.0,1,18,0,0,1,0,1,0,0,,Away,사직 야구장,18:30,23.5
조병현,2024,SSG,2024-06-04,vs. Samsung,RP,L,27.0,1.5,0 ⅔,13,2,2,1,0,2,0,1,,Home,인천 SSG 랜더스필드,18:30,23.8
조병현,2024,SSG,2024-05-31,@ Kiwoom,RP,H,0.0,3.0,0 ⅔,14,0,0,1,0,2,1,0,,Away,고척 스카이돔,18:30,25.5
조병현,2024,SSG,2024-05-30,vs. LG,RP,,0.0,1.0,1,11,0,0,1,0,0,0,0,,Home,인천 SSG 랜더스필드,18:30,21.3
조병현,2024,SSG,2024-05-25,vs. Hanwha,RP,,0.0,2.0,1,18,0,0,2,0,2,0,0,,Home,인천 SSG 랜더스필드,17:00,19.6
조병현,2024,SSG,2024-05-24,vs. Hanwha,RP,,0.0,0.0,1,12,0,0,0,0,1,0,0,,Home,인천 SSG 랜더스필드,18:30,20.8
조병현,2024,SSG,2024-05-22,@ Doosan,RP,,0.0,0.0,0 ⅓,4,0,0,0,0,0,0,0,,Away,잠실 야구장,18:30,24.4
조병현,2024,SSG,2024-05-19,@ Kiwoom,RP,,0.0,0.0,1,12,0,0,0,0,1,0,0,,Away,고척 스카이돔,14:00,25.5
조병현,2024,SSG,2024-05-17,@ Kiwoom,RP,H,0.0,1.5,0 ⅔,11,0,0,0,0,0,1,0,,Away,고척 스카이돔,18:30,25.5
조병현,2024,SSG,2024-05-16,vs. Samsung,RP,L,40.5,4.5,0 ⅔,19,3,3,3,1,2,0,0,,Home,인천 SSG 랜더스필드,18:30,16.0
조병현,2024,SSG,2024-05-12,@ Kia,RP,,0.0,1.0,1,16,0,0,1,0,1,0,0,,Away,광주 기아 챔피언스 필드,14:00,22.6
조병현,2024,SSG,2024-05-10,@ Kia,RP,,27.0,4.5,0 ⅔,21,2,2,2,1,0,1,0,,Away,광주 기아 챔피언스 필드,18:30,22.0
조병현,2024,SSG,2024-05-09,@ LG,RP,,0.0,1.0,1,12,0,0,1,0,0,0,0,,Away,잠실 야구장,18:30,19.1
조병현,2024,SSG,2024-05-07,@ LG,RP,H,0.0,0.0,1,18,0,0,0,0,1,0,0,,Away,잠실 야구장,18:30,14.5
조병현,2024,SSG,2024-05-04,vs. NC,RP,,0.0,,0,16,1,1,0,0,0,2,1,,Home,인천 SSG 랜더스필드,17:00,23.2
조병현,2024,SSG,2024-05-02,@ Hanwha,RP,H,0.0,0.0,1,20,0,0,0,0,1,0,0,,Away,대전 한화생명 볼파크,18:30,22.4
조병현,2024,SSG,2024-05-01,@ Hanwha,RP,H,0.0,0.0,1,9,0,0,0,0,1,0,0,,Away,대전 한화생명 볼파크,18:30,19.5
조병현,2024,SSG,2024-04-26,vs. KT,RP,H,0.0,1.0,1,16,0,0,0,0,1,1,0,,Home,인천 SSG 랜더스필드,18:30,20.5
조병현,2024,SSG,2024-04-24,@ Lotte,RP,H,0.0,2.0,1,22,0,0,1,0,2,1,0,,Away,사직 야구장,18:30,18.6
조병현,2024,SSG,2024-04-21,vs. LG,RP,,0.0,0.75,1 ⅓,18,0,0,1,0,1,0,0,,Home,인천 SSG 랜더스필드,14:00,19.8
조병현,2024,SSG,2024-04-21,vs. LG,RP,,0.0,1.0,1,9,0,0,1,0,0,0,0,,Home,인천 SSG 랜더스필드,14:00,19.8
조병현,2024,SSG,2024-04-18,vs. Kia,RP,,81.0,9.0,0 ⅓,11,3,3,3,1,0,0,0,,Home,인천 SSG 랜더스필드,18:30,17.8
조병현,2024,SSG,2024-04-16,vs. Kia,RP,W,0.0,0.0,1,14,0,0,0,0,1,0,0,,Home,인천 SSG 랜더스필드,18:30,11.5
조병현,2024,SSG,2024-04-14,@ KT,RP,,0.0,9.0,0 ⅓,22,0,0,3,0,0,0,0,,Away,수원 KT 위즈파크,14:00,27.3
조병현,2024,SSG,2024-04-10,vs. Kiwoom,RP,,0.0,,0,6,2,2,2,1,0,0,0,,Home,인천 SSG 랜더스필드,18:30,13.5
조병현,2024,SSG,2024-04-09,vs. Kiwoom,RP,W,0.0,0.5,2,21,0,0,1,0,1,0,0,,Home,인천 SSG 랜더스필드,18:30,17.8
조병현,2024,SSG,2024-04-04,vs. Doosan,RP,H,0.0,0.0,1 ⅔,20,0,0,0,0,5,0,0,,Home,인천 SSG 랜더스필드,18:30,16.7
조병현,2024,SSG,2024-04-03,vs. Doosan,RP,,0.0,0.0,1,16,0,0,0,0,1,0,0,,Home,인천 SSG 랜더스필드,18:30,16.8
조병현,2024,SSG,2024-03-30,@ Samsung,RP,H,9.0,3.0,1,25,1,1,1,0,1,2,0,,Away,대구 삼성 라이온즈 파크,17:00,15.6
조병현,2024,SSG,2024-03-29,@ Samsung,RP,H,0.0,0.0,1,12,0,0,0,0,2,0,0,,Away,대구 삼성 라이온즈 파크,18:30,14.7
조병현,2024,SSG,2024-03-27,vs. Hanwha,RP,,0.0,0.0,1,12,0,0,0,0,0,0,0,,Home,인천 SSG 랜더스필드,18:30,10.4
조병현,2024,SSG,2024-03-26,vs. Hanwha,RP,,0.0,0.6,1 ⅔,22,0,0,0,0,2,1,0,,Home,인천 SSG 랜더스필드,18:30,7.8
조병현,2021,SSG,2021-10-07,@ Hanwha,SP,,9.0,2.0,1,23,2,1,2,0,1,0,1,43.0,Away,대전 한화생명 볼파크,18:30,20.1
조병현,2021,SSG,2021-10-01,@ NC,SP,,10.8,3.0,1 ⅔,54,2,2,1,0,3,4,0,44.0,Away,창원 NC 파크,18:30,22.4
조병현,2021,SSG,2021-09-24,vs. Lotte,SP,,6.75,1.25,4,71,3,3,4,1,4,1,0,45.0,Home,인천 SSG 랜더스필드,18:30,24.3
장지훈,2024,SSG,2024-09-24,vs. LG,RP,,18.0,4.0,1,24,2,2,4,1,1,0,0,,Home,인천 SSG 랜더스필드,18:30,24.0
장지훈,2024,SSG,2024-09-23,@ Doosan,RP,,13.5,3.0,0 ⅔,15,1,1,1,1,1,1,0,,Away,잠실 야구장,18:30,23.4
장지훈,2024,SSG,2024-09-19,vs. Kiwoom,RP,,54.0,6.0,0 ⅔,24,4,4,3,1,1,1,0,,Home,인천 SSG 랜더스필드,18:30,31.2
장지훈,2024,SSG,2024-09-11,vs. Lotte,RP,,0.0,1.2,1 ⅔,25,0,0,2,0,1,0,0,,Home,인천 SSG 랜더스필드,18:30,30.8
장지훈,2024,SSG,2024-09-01,vs. NC,RP,,18.0,4.0,1,29,2,2,3,0,1,1,0,,Home,인천 SSG 랜더스필드,14:00,29.4
장지훈,2024,SSG,2024-08-31,vs. NC,RP,,0.0,0.0,1,12,0,0,0,0,0,0,0,,Home,인천 SSG 랜더스필드,18:00,30.4
장지훈,2024,SSG,2024-08-27,@ Kia,RP,,27.0,5.0,1,29,3,3,5,0,0,0,0,,Away,광주 기아 챔피언스 필드,18:30,30.2
장지훈,2024,SSG,2024-08-24,vs. KT,RP,,5.4,1.2,1 ⅔,27,1,1,2,0,0,0,0,,Home,인천 SSG 랜더스필드,18:00,30.9
장지훈,2024,SSG,2024-08-22,@ LG,RP,,13.5,2.0,2,31,3,3,3,0,0,1,0,,Away,잠실 야구장,18:30,30.5
장지훈,2024,SSG,2024-08-18,vs. Hanwha,RP,,0.0,0.0,2,22,0,0,0,0,0,0,0,,Home,인천 SSG 랜더스필드,17:00,32.3
장지훈,2024,SSG,2024-08-15,@ NC,RP,,0.0,2.0,1,20,0,0,1,0,1,1,0,,Away,창원 NC 파크,18:30,28.8
장지훈,2024,SSG,2024-08-11,vs. Doosan,RP,,0.0,4.5,0 ⅔,23,0,0,1,0,0,2,0,,Home,인천 SSG 랜더스필드,17:00,32.6
장지훈,2024,SSG,2024-08-09,vs. Doosan,RP,,0.0,1.5,0 ⅔,5,0,0,1,0,1,0,0,,Home,인천 SSG 랜더스필드,18:30,31.8
장지훈,2024,SSG,2024-08-08,@ Kiwoom,RP,,0.0,1.0,1,10,0,0,1,0,0,0,0,,Away,고척 스카이돔,18:30,25.5
장지훈,2024,SSG,2024-08-04,@ Samsung,RP,,0.0,0.75,1 ⅓,19,0,0,0,0,1,1,0,,Away,대구 삼성 라이온즈 파크,17:00,32.8
장지훈,2024,SSG,2024-08-03,@ Samsung,RP,,0.0,0.75,1 ⅓,17,0,0,1,0,2,0,0,,Away,대구 삼성 라이온즈 파크,18:00,33.0
장지훈,2024,SSG,2024-07-31,vs. Lotte,RP,,0.0,1.2,1 ⅔,28,0,0,1,0,0,1,1,,Home,인천 SSG 랜더스필드,18:30,31.8
장지훈,2024,SSG,2024-07-30,vs. Lotte,RP,,0.0,1.0,1,12,0,0,0,0,0,1,0,,Home,인천 SSG 랜더스필드,18:30,30.7
장지훈,2022,SSG,2022-10-06,@ NC,RP,,0.0,0.0,1,9,0,0,0,0,0,0,0,,Away,창원 NC 파크,18:30,17.4
장지훈,2022,SSG,2022-10-05,@ Doosan,RP,,0.0,1.0,1,19,0,0,0,0,0,1,0,,Away,잠실 야구장,18:30,17.7
장지훈,2022,SSG,2022-09-24,vs. Doosan,RP,,0.0,0.5,2,28,0,0,1,0,3,0,1,,Home,인천 SSG 랜더스필드,17:00,21.9
장지훈,2022,SSG,2022-09-15,@ NC,RP,,0.0,0.6,1 ⅔,15,0,0,1,0,1,0,0,,Away,창원 NC 파크,18:30,27.1
장지훈,2022,SSG,2022-09-09,vs. Kia,RP,,27.0,3.5,2,47,6,6,5,0,1,2,0,,Home,인천 SSG 랜더스필드,18:30,26.9
장지훈,2022,SSG,2022-08-28,vs. Lotte,RP,,0.0,0.0,1,12,0,0,0,0,0,0,0,,Home,인천 SSG 랜더스필드,17:00,25.7
장지훈,2022,SSG,2022-08-26,@ KT,RP,,9.0,3.0,1,30,1,1,2,0,2,1,0,,Away,수원 KT 위즈파크,18:30,26.5
장지훈,2022,SSG,2022-08-12,vs. KT,RP,,0.0,0.5,2,33,0,0,1,0,2,0,0,,Home,인천 SSG 랜더스필드,18:30,29.1
장지훈,2022,SSG,2022-08-07,vs. Samsung,RP,H,0.0,2.0,1,18,0,0,1,0,0,1,0,,Home,인천 SSG 랜더스필드,17:00,31.0
장지훈,2022,SSG,2022-08-03,@ Kiwoom,RP,,9.0,1.0,1,14,1,1,1,1,0,0,0,,Away,고척 스카이돔,18:30,25.5
장지훈,2022,SSG,2022-07-29,@ Kia,RP,,5.4,1.2,1 ⅔,32,1,1,2,0,0,0,1,,Away,광주 기아 챔피언스 필드,18:30,33.9
장지훈,2022,SSG,2022-07-26,vs. LG,RP,,0.0,0.0,1 ⅓,16,0,0,0,0,0,0,0,,Home,인천 SSG 랜더스필드,18:30,30.2
장지훈,2022,SSG,2022-07-10,@ Samsung,RP,H,7.71,0.86,2 ⅓,32,2,2,2,1,4,0,0,,Away,대구 삼성 라이온즈 파크,17:00,29.9
장지훈,2022,SSG,2022-07-09,@ Samsung,RP,,9.0,1.0,1,12,1,1,1,0,1,0,0,,Away,대구 삼성 라이온즈 파크,18:00,30.1
장지훈,2022,SSG,2022-07-05,vs. Lotte,RP,,0.0,1.0,1,14,0,0,1,0,1,0,0,,Home,인천 SSG 랜더스필드,18:30,30.1
장지훈,2022,SSG,2022-07-02,vs. Kia,RP,W,0.0,0.0,2 ⅓,29,0,0,0,0,2,0,0,,Home,인천 SSG 랜더스필드,18:00,31.2
장지훈,2022,SSG,2022-06-29,@ Hanwha,RP,,4.5,2.0,2,43,1,1,4,1,1,0,0,,Away,대전 한화생명 볼파크,18:30,29.3
장지훈,2022,SSG,2022-06-25,vs. NC,RP,,9.0,2.0,1,14,1,1,2,0,0,0,0,,Home,인천 SSG 랜더스필드,17:00,27.8
장지훈,2022,SSG,2022-06-21,vs. Doosan,RP,,9.0,1.0,2,30,2,2,2,1,0,0,0,,Home,인천 SSG 랜더스필드,18:30,27.6
장지훈,2022,SSG,2022-06-18,@ Lotte,RP,,18.0,2.0,1,16,2,2,2,0,0,0,1,,Away,사직 야구장,17:00,27.6
장지훈,2022,SSG,2022-06-15,@ KT,RP,,0.0,0.33,3,33,0,0,0,0,2,1,0,,Away,수원 KT 위즈파크,18:30,23.3
장지훈,2022,SSG,2022-06-12,vs. Hanwha,RP,,54.0,9.0,0 ⅓,19,2,2,3,0,1,0,0,,Home,인천 SSG 랜더스필드,17:00,24.9
장지훈,2022,SSG,2022-06-09,@ NC,RP,,0.0,1.0,3,46,0,0,3,0,0,0,0,,Away,창원 NC 파크,18:30,21.1
장지훈,2022,SSG,2022-06-03,@ LG,RP,,0.0,0.5,2,34,0,0,0,0,1,1,0,,Away,잠실 야구장,18:30,27.9
장지훈,2022,SSG,2022-05-18,@ Doosan,RP,W,0.0,3.0,1,10,0,0,2,0,0,1,0,,Away,잠실 야구장,18:30,23.9
장지훈,2022,SSG,2022-05-15,vs. NC,RP,,18.0,3.0,1,11,2,2,3,0,0,0,0,,Home,인천 SSG 랜더스필드,14:00,18.2
장지훈,2022,SSG,2022-05-12,@ Samsung,RP,,0.0,2.25,1 ⅓,16,0,0,2,0,0,1,0,,Away,대구 삼성 라이온즈 파크,18:30,19.6
장지훈,2022,SSG,2022-05-05,vs. Hanwha,RP,,4.5,1.0,2,27,1,1,2,1,3,0,0,,Home,인천 SSG 랜더스필드,14:00,21.0
장지훈,2022,SSG,2022-05-01,vs. Doosan,RP,,0.0,1.0,2,28,0,0,1,0,1,1,0,,Home,인천 SSG 랜더스필드,14:00,15.4
장지훈,2022,SSG,2022-04-28,@ Lotte,RP,,0.0,2.0,1,19,0,0,2,0,0,0,0,,Away,사직 야구장,18:30,16.6
장지훈,2022,SSG,2022-04-23,@ Hanwha,RP,,0.0,0.0,1,12,0,0,0,0,2,0,0,,Away,대전 한화생명 볼파크,17:00,25.4
장지훈,2022,SSG,2022-04-22,@ Hanwha,RP,,27.0,6.0,0 ⅓,16,1,1,2,1,0,0,0,,Away,대전 한화생명 볼파크,18:30,19.0
장지훈,2022,SSG,2022-04-20,vs. Kiwoom,RP,,0.0,0.0,1,7,0,0,0,0,0,0,0,,Home,인천 SSG 랜더스필드,18:30,15.0
장지훈,2022,SSG,2022-04-16,vs. Samsung,RP,,9.0,2.0,1,20,1,1,1,0,0,1,0,,Home,인천 SSG 랜더스필드,17:00,12.9
장지훈,2022,SSG,2022-04-13,@ LG,RP,,0.0,,0,7,0,0,2,0,0,0,0,,Away,잠실 야구장,18:30,12.3
장지훈,2022,SSG,2022-04-10,vs. Kia,RP,,0.0,0.5,2,17,0,0,1,0,1,0,0,,Home,인천 SSG 랜더스필드,14:00,21.0
장지훈,2022,SSG,2022-04-08,vs. Kia,RP,H,0.0,0.0,1,9,0,0,0,0,1,0,0,,Home,인천 SSG 랜더스필드,18:30,15.1
장지훈,2022,SSG,2022-04-07,@ KT,RP,H,0.0,1.0,1,13,0,0,1,0,1,0,0,,Away,수원 KT 위즈파크,18:30,11.2
장지훈,2022,SSG,2022-04-05,@ KT,RP,H,0.0,1.0,1,12,0,0,1,0,1,0,0,,Away,수원 KT 위즈파크,18:30,13.5
장지훈,2022,SSG,2022-04-03,@ NC,RP,H,13.5,3.0,0 ⅔,14,1,1,2,0,1,0,0,,Away,창원 NC 파크,14:00,16.5
장지훈,2021,SSG,2021-10-30,vs. KT,RP,L,2.25,0.5,4,48,1,1,1,1,2,1,0,,Home,인천 SSG 랜더스필드,17:00,17.3
장지훈,2021,SSG,2021-10-26,@ NC,RP,,0.0,2.0,1,34,2,0,2,0,1,0,0,,Away,창원 NC 파크,18:30,15.1
장지훈,2021,SSG,2021-10-22,vs. Doosan,RP,,0.0,1.0,1,16,0,0,0,0,1,1,0,,Home,인천 SSG 랜더스필드,18:30,14.4
장지훈,2021,SSG,2021-10-20,vs. NC,RP,,13.5,3.0,0 ⅔,10,1,1,2,0,0,0,0,,Home,인천 SSG 랜더스필드,18:30,11.3
장지훈,2021,SSG,2021-10-17,@ Lotte,RP,,0.0,1.0,1,12,0,0,1,0,0,0,0,,Away,사직 야구장,14:00,15.9
장지훈,2021,SSG,2021-10-16,@ Lotte,RP,,0.0,3.0,0 ⅔,9,0,0,2,0,0,0,0,,Away,사직 야구장,17:00,14.8
장지훈,2021,SSG,2021-10-09,vs. Lotte,RP,H,0.0,1.0,1,11,0,0,1,0,0,0,0,,Home,인천 SSG 랜더스필드,17:00,24.4
장지훈,2021,SSG,2021-10-07,@ Hanwha,RP,,0.0,1.29,2 ⅓,33,0,0,2,0,0,1,0,,Away,대전 한화생명 볼파크,18:30,20.1
장지훈,2021,SSG,2021-10-03,vs. KT,RP,L,27.0,6.0,1,31,3,3,4,0,2,2,0,,Home,인천 SSG 랜더스필드,14:00,26.6
장지훈,2021,SSG,2021-10-01,@ NC,RP,,0.0,0.0,2,24,0,0,0,0,3,0,0,,Away,창원 NC 파크,18:30,22.4
장지훈,2021,SSG,2021-09-28,@ Samsung,RP,,9.0,2.0,1,9,1,1,2,0,1,0,0,,Away,대구 삼성 라이온즈 파크,18:30,25.0
장지훈,2021,SSG,2021-09-26,@ Kia,RP,,0.0,1.0,1,17,0,0,1,0,0,0,0,,Away,광주 기아 챔피언스 필드,14:00,26.5
장지훈,2021,SSG,2021-09-23,vs. Lotte,RP,H,0.0,1.5,2,41,0,0,3,0,2,0,0,,Home,인천 SSG 랜더스필드,18:30,23.4
장지훈,2021,SSG,2021-09-22,vs. Kiwoom,RP,H,0.0,9.0,0 ⅓,16,0,0,2,0,0,1,0,,Home,인천 SSG 랜더스필드,18:30,22.7
장지훈,2021,SSG,2021-09-19,vs. Samsung,RP,,27.0,9.0,0 ⅓,13,1,1,3,0,0,0,0,,Home,인천 SSG 랜더스필드,14:00,26.2
장지훈,2021,SSG,2021-09-16,@ Doosan,RP,,9.0,1.0,1,12,1,1,1,1,0,0,0,,Away,잠실 야구장,18:30,25.4
장지훈,2021,SSG,2021-09-15,vs. Hanwha,RP,,0.0,1.0,1,19,0,0,1,0,0,0,0,,Home,인천 SSG 랜더스필드,18:30,24.9
장지훈,2021,SSG,2021-09-12,@ KT,RP,,9.0,2.0,1,19,1,1,2,0,0,0,0,,Away,수원 KT 위즈파크,14:00,28.4
장지훈,2021,SSG,2021-09-11,@ KT,RP,,0.0,0.0,1 ⅔,19,0,0,0,0,1,0,0,,Away,수원 KT 위즈파크,17:00,29.1
장지훈,2021,SSG,2021-09-08,vs. LG,RP,H,0.0,1.5,0 ⅔,12,0,0,1,0,0,0,0,,Home,인천 SSG 랜더스필드,18:30,25.2
장지훈,2021,SSG,2021-09-05,@ Kiwoom,RP,,4.5,0.5,2,25,1,1,0,0,1,1,0,,Away,고척 스카이돔,14:00,25.5
장지훈,2021,SSG,2021-09-01,vs. NC,RP,,0.0,0.0,1 ⅔,19,0,0,0,0,2,0,1,,Home,인천 SSG 랜더스필드,18:30,23.8
장지훈,2021,SSG,2021-08-29,vs. Kia,RP,,0.0,0.0,2,17,0,0,0,0,0,0,0,,Home,인천 SSG 랜더스필드,17:00,26.0
장지훈,2021,SSG,2021-08-27,@ KT,RP,,0.0,9.0,0 ⅓,8,1,0,2,0,0,1,0,,Away,수원 KT 위즈파크,18:30,24.5
장지훈,2021,SSG,2021-08-26,@ KT,RP,,0.0,2.0,1,22,0,0,2,0,1,0,0,,Away,수원 KT 위즈파크,18:30,29.7
장지훈,2021,SSG,2021-08-24,@ Samsung,RP,H,0.0,0.0,1,6,0,0,0,0,0,0,0,,Away,대구 삼성 라이온즈 파크,18:30,29.5
장지훈,2021,SSG,2021-08-22,@ Samsung,RP,,0.0,1.5,0 ⅔,9,0,0,1,0,1,0,0,,Away,대구 삼성 라이온즈 파크,17:00,29.3
장지훈,2021,SSG,2021-08-20,@ Samsung,RP,,0.0,3.0,0 ⅓,9,0,0,0,0,0,1,0,,Away,대구 삼성 라이온즈 파크,18:30,29.0
장지훈,2021,SSG,2021-08-18,vs. NC,RP,H,0.0,2.0,1,22,0,0,2,0,1,0,0,,Home,인천 SSG 랜더스필드,18:30,26.7
장지훈,2021,SSG,2021-08-14,vs. Kia,RP,,5.4,0.6,1 ⅔,14,1,1,1,1,0,0,0,,Home,인천 SSG 랜더스필드,18:00,27.6
장지훈,2021,SSG,2021-08-13,vs. Kia,RP,,9.0,1.0,1,6,1,1,1,0,0,0,0,,Home,인천 SSG 랜더스필드,18:30,28.3
장지훈,2021,SSG,2021-08-11,@ LG,RP,,0.0,0.0,0 ⅓,5,0,0,0,0,1,0,0,,Away,잠실 야구장,18:30,30.7
장지훈,2021,SSG,2021-07-11,vs. Hanwha,RP,,0.0,1.0,1,12,0,0,1,0,0,0,0,,Home,인천 SSG 랜더스필드,17:00,27.4
장지훈,2021,SSG,2021-07-10,vs. Hanwha,RP,,0.0,1.5,2,33,0,0,2,0,1,1,0,,Home,인천 SSG 랜더스필드,18:00,27.2
장지훈,2021,SSG,2021-07-08,@ Kiwoom,RP,,0.0,1.2,1 ⅔,28,0,0,2,0,1,0,0,,Away,고척 스카이돔,18:30,25.5
장지훈,2021,SSG,2021-07-04,vs. Lotte,RP,H,0.0,0.0,1,13,0,0,0,0,2,0,0,,Home,인천 SSG 랜더스필드,17:00,22.7
장지훈,2021,SSG,2021-07-02,vs. Lotte,RP,,0.0,0.5,2,27,0,0,1,0,2,0,0,,Home,인천 SSG 랜더스필드,18:30,29.0
장지훈,2021,SSG,2021-06-30,vs. Samsung,RP,W,0.0,0.0,4,37,0,0,0,0,2,0,0,,Home,인천 SSG 랜더스필드,18:30,27.5
장지훈,2021,SSG,2021-06-27,@ NC,RP,,0.0,0.0,1,16,0,0,0,0,0,0,0,,Away,창원 NC 파크,17:00,26.6
장지훈,2021,SSG,2021-06-25,@ NC,RP,,0.0,1.29,2 ⅓,26,0,0,3,0,1,0,0,,Away,창원 NC 파크,18:30,24.4
장지훈,2021,SSG,2021-06-24,vs. LG,RP,,0.0,2.0,1,16,0,0,2,0,1,0,0,,Home,인천 SSG 랜더스필드,18:30,24.0
장지훈,2021,SSG,2021-06-20,@ Hanwha,RP,H,0.0,0.0,2,17,0,0,0,0,2,0,0,,Away,대전 한화생명 볼파크,17:00,28.1
장지훈,2021,SSG,2021-06-19,@ Hanwha,RP,SV,0.0,0.0,1,13,0,0,0,0,2,0,0,,Away,대전 한화생명 볼파크,17:00,28.4
장지훈,2021,SSG,2021-06-16,@ Kia,RP,,6.75,3.0,1 ⅓,22,1,1,4,0,2,0,0,,Away,광주 기아 챔피언스 필드,18:30,26.3
장지훈,2021,SSG,2021-06-09,vs. KT,RP,L,13.5,2.5,2,43,3,3,4,1,1,1,0,,Home,인천 SSG 랜더스필드,18:30,27.6
장지훈,2021,SSG,2021-06-08,vs. KT,RP,,0.0,1.0,1,14,0,0,1,0,1,0,0,,Home,인천 SSG 랜더스필드,18:30,24.2
장지훈,2021,SSG,2021-06-02,vs. Samsung,RP,,20.25,4.5,1 ⅓,40,3,3,4,0,1,2,0,,Home,인천 SSG 랜더스필드,18:30,24.2
장지훈,2021,SSG,2021-05-29,@ Hanwha,RP,W,3.0,0.67,3,45,1,1,1,0,1,1,0,,Away,대전 한화생명 볼파크,17:00,23.2
장지훈,2021,SSG,2021-05-27,@ KT,RP,,5.4,0.6,1 ⅔,22,1,1,1,0,0,0,1,,Away,수원 KT 위즈파크,18:30,16.9
장지훈,2021,SSG,2021-05-26,@ KT,RP,,54.0,6.0,0 ⅓,9,2,2,2,1,0,0,0,,Away,수원 KT 위즈파크,18:30,21.9
장지훈,2021,SSG,2021-05-22,vs. LG,RP,,0.0,1.0,1,23,0,0,1,0,1,0,0,,Home,인천 SSG 랜더스필드,17:00,20.0
장지훈,2021,SSG,2021-05-21,vs. LG,RP,H,0.0,0.0,1,6,0,0,0,0,1,0,0,,Home,인천 SSG 랜더스필드,18:30,17.5
장지훈,2021,SSG,2021-05-19,@ Kia,RP,,0.0,2.0,1,12,0,0,1,0,0,1,0,,Away,광주 기아 챔피언스 필드,18:30,25.0
장지훈,2021,SSG,2021-05-14,vs. Doosan,RP,L,54.0,9.0,0 ⅓,19,4,2,2,0,0,1,0,,Home,인천 SSG 랜더스필드,18:30,24.0
장지훈,2021,SSG,2021-05-12,@ Lotte,RP,,0.0,0.0,1,10,0,0,0,0,1,0,0,,Away,사직 야구장,18:30,18.8
장지훈,2021,SSG,2021-05-11,@ Lotte,RP,H,0.0,0.0,1,11,0,0,0,0,0,0,0,,Away,사직 야구장,18:30,17.2
장지훈,2021,SSG,2021-05-09,vs. Kiwoom,RP,,13.5,2.0,2,37,3,3,4,0,0,0,1,,Home,인천 SSG 랜더스필드,14:00,19.4
장지훈,2021,SSG,2021-05-05,@ NC,RP,,0.0,1.5,2,41,0,0,2,0,4,1,0,,Away,창원 NC 파크,14:00,23.7
장지훈,2021,SSG,2021-04-30,@ Doosan,SP,L,21.0,2.67,3,74,7,7,6,1,2,2,1,18.0,Away,잠실 야구장,18:30,12.7
장지훈,2021,SSG,2021-04-29,vs. KT,RP,,0.0,0.0,0 ⅔,6,0,0,0,0,2,0,0,,Home,인천 SSG 랜더스필드,18:30,16.1
서진용,2024,SSG,2024-09-30,vs. Kiwoom,RP,,0.0,1.5,1 ⅓,16,0,0,2,0,2,0,0,,Home,인천 SSG 랜더스필드,18:30,25.0
서진용,2024,SSG,2024-09-28,@ Hanwha,RP,,0.0,6.0,0 ⅓,16,0,0,1,0,0,1,0,,Away,대전 한화생명 볼파크,17:00,26.2
서진용,2024,SSG,2024-09-25,@ NC,RP,,0.0,1.5,0 ⅔,15,0,0,1,0,2,0,0,,Away,창원 NC 파크,18:30,25.7
서진용,2024,SSG,2024-09-23,@ Doosan,RP,,9.0,3.0,1,19,1,1,2,0,1,1,0,,Away,잠실 야구장,18:30,23.4
서진용,2024,SSG,2024-09-22,@ KT,RP,,18.0,4.0,1,29,2,2,3,0,1,1,0,,Away,수원 KT 위즈파크,14:00,25.0
서진용,2024,SSG,2024-09-19,vs. Kiwoom,RP,,0.0,0.0,0 ⅔,6,0,0,0,0,1,0,0,,Home,인천 SSG 랜더스필드,18:30,31.2
서진용,2024,SSG,2024-09-17,vs. Kia,RP,H,0.0,0.0,1,12,0,0,0,0,0,0,0,,Home,인천 SSG 랜더스필드,18:30,30.5
서진용,2024,SSG,2024-09-15,vs. Samsung,RP,,27.0,6.0,0 ⅓,13,1,1,1,1,0,1,0,,Home,인천 SSG 랜더스필드,14:00,32.0
서진용,2024,SSG,2024-09-14,vs. Samsung,RP,,9.0,2.0,1,10,1,1,2,0,0,0,0,,Home,인천 SSG 랜더스필드,17:00,30.7
서진용,2024,SSG,2024-09-10,vs. Hanwha,RP,H,0.0,1.0,1,21,0,0,0,0,2,1,0,,Home,인천 SSG 랜더스필드,18:30,30.5
서진용,2024,SSG,2024-09-08,@ Lotte,RP,,9.0,1.0,1,11,1,1,1,0,0,0,0,,Away,사직 야구장,14:00,33.6
서진용,2024,SSG,2024-09-07,@ Lotte,RP,,9.0,2.0,1,22,1,1,2,0,2,0,0,,Away,사직 야구장,17:00,30.8
서진용,2024,SSG,2024-09-05,@ LG,RP,H,0.0,0.0,0 ⅓,7,0,0,0,0,1,0,0,,Away,잠실 야구장,18:30,28.6
서진용,2024,SSG,2024-08-31,vs. NC,RP,,0.0,0.0,2,24,0,0,0,0,3,0,0,,Home,인천 SSG 랜더스필드,18:00,30.4
서진용,2024,SSG,2024-08-28,@ Kia,RP,,5.4,2.4,1 ⅔,33,1,1,3,0,1,1,0,,Away,광주 기아 챔피언스 필드,18:30,30.8
서진용,2024,SSG,2024-08-25,vs. KT,RP,H,0.0,1.5,0 ⅔,14,0,0,0,0,2,1,0,,Home,인천 SSG 랜더스필드,17:00,32.8
서진용,2024,SSG,2024-08-23,vs. KT,RP,,9.0,3.0,1,20,1,1,2,1,0,1,0,,Home,인천 SSG 랜더스필드,18:30,30.1
서진용,2024,SSG,2024-08-22,@ LG,RP,,18.0,2.0,1,14,2,2,2,1,1,0,0,,Away,잠실 야구장,18:30,30.5
서진용,2024,SSG,2024-08-20,@ LG,RP,,0.0,0.0,1,14,0,0,0,0,0,0,0,,Away,잠실 야구장,18:30,34.4
서진용,2024,SSG,2024-08-17,vs. Hanwha,RP,,9.0,4.0,1,22,1,1,4,0,0,0,0,,Home,인천 SSG 랜더스필드,18:00,32.0
서진용,2024,SSG,2024-08-16,vs. Hanwha,RP,,0.0,0.0,1,10,0,0,0,0,1,0,0,,Home,인천 SSG 랜더스필드,18:30,32.3
서진용,2024,SSG,2024-08-15,@ NC,RP,H,27.0,6.0,0 ⅓,11,1,1,2,1,0,0,0,,Away,창원 NC 파크,18:30,28.8
서진용,2024,SSG,2024-08-13,@ NC,RP,H,0.0,0.0,0 ⅔,10,0,0,0,0,2,0,0,,Away,창원 NC 파크,18:30,31.9
서진용,2024,SSG,2024-08-10,vs. Doosan,RP,,18.0,4.0,1,28,2,2,1,0,1,3,0,,Home,인천 SSG 랜더스필드,18:00,32.1
서진용,2024,SSG,2024-08-09,vs. Doosan,RP,,0.0,3.0,1,15,1,0,3,0,0,0,0,,Home,인천 SSG 랜더스필드,18:30,31.8
서진용,2024,SSG,2024-08-07,@ Kiwoom,RP,,0.0,0.0,1,11,0,0,0,0,2,0,0,,Away,고척 스카이돔,18:30,25.5
서진용,2024,SSG,2024-08-04,@ Samsung,RP,,18.0,2.0,1,19,2,2,2,1,1,0,0,,Away,대구 삼성 라이온즈 파크,17:00,32.8
서진용,2024,SSG,2024-08-01,vs. Lotte,RP,,0.0,0.0,0 ⅓,4,0,0,0,0,1,0,0,,Home,인천 SSG 랜더스필드,18:30,31.8
서진용,2024,SSG,2024-07-31,vs. Lotte,RP,,0.0,0.0,0 ⅔,10,0,0,0,0,1,0,0,,Home,인천 SSG 랜더스필드,18:30,31.8
서진용,2024,SSG,2024-07-30,vs. Lotte,RP,,0.0,0.0,1,20,0,0,0,0,0,0,0,,Home,인천 SSG 랜더스필드,18:30,30.7
서진용,2024,SSG,2024-07-27,vs. Doosan,RP,,0.0,0.6,1 ⅔,24,0,0,0,0,1,1,0,,Home,인천 SSG 랜더스필드,18:00,32.0
서진용,2024,SSG,2024-07-25,@ KT,RP,,0.0,0.0,1,5,0,0,0,0,0,0,0,,Away,수원 KT 위즈파크,18:30,33.3
서진용,2024,SSG,2024-07-17,@ LG,RP,,0.0,1.0,1,16,0,0,1,0,0,0,0,,Away,잠실 야구장,18:30,27.6
서진용,2024,SSG,2024-07-14,@ Kia,RP,,0.0,,0,15,4,3,2,0,0,2,0,,Away,광주 기아 챔피언스 필드,17:00,29.5
서진용,2024,SSG,2024-07-12,@ Kia,RP,,0.0,1.2,1 ⅔,23,0,0,2,0,0,0,0,,Away,광주 기아 챔피언스 필드,18:30,30.6
서진용,2024,SSG,2024-07-10,vs. Lotte,RP,,0.0,1.0,1,13,1,0,1,0,0,0,0,,Home,인천 SSG 랜더스필드,18:30,29.1
서진용,2024,SSG,2024-06-27,vs. KT,RP,,27.0,9.0,0 ⅓,22,3,1,3,0,0,0,0,,Home,인천 SSG 랜더스필드,18:30,27.0
서진용,2024,SSG,2024-06-25,vs. KT,RP,,9.0,2.0,1,18,1,1,0,0,1,2,0,,Home,인천 SSG 랜더스필드,18:30,25.3
서진용,2024,SSG,2024-06-22,vs. NC,RP,,9.0,1.0,1,20,1,1,1,0,1,0,0,,Home,인천 SSG 랜더스필드,17:00,26.1
서진용,2024,SSG,2024-06-20,@ Samsung,RP,,0.0,0.0,1,8,0,0,0,0,1,0,0,,Away,대구 삼성 라이온즈 파크,18:30,25.4
서진용,2024,SSG,2024-06-19,@ Samsung,RP,,9.0,2.0,1,16,1,1,1,0,1,1,0,,Away,대구 삼성 라이온즈 파크,18:30,26.6
서진용,2024,SSG,2024-06-16,@ Hanwha,RP,,0.0,2.0,1,19,0,0,1,0,1,1,0,,Away,대전 한화생명 볼파크,17:00,27.4
서진용,2024,SSG,2024-06-14,@ Hanwha,RP,,0.0,1.0,1,10,0,0,1,0,0,0,0,,Away,대전 한화생명 볼파크,18:30,29.2
서진용,2024,SSG,2024-06-12,vs. Kia,RP,L,13.5,3.0,0 ⅔,10,1,1,1,0,0,1,0,,Home,인천 SSG 랜더스필드,18:30,23.9
서진용,2024,SSG,2024-06-11,vs. Kia,RP,,0.0,0.0,0 ⅔,12,0,0,0,0,2,0,0,,Home,인천 SSG 랜더스필드,18:30,24.6
서진용,2024,SSG,2024-06-09,@ Lotte,RP,,0.0,1.5,2,19,0,0,2,0,1,1,0,,Away,사직 야구장,17:00,24.0
서진용,2024,SSG,2024-05-08,@ LG,RP,,9.0,4.0,1,22,1,1,1,0,0,3,0,,Away,잠실 야구장,18:30,18.6
서진용,2024,SSG,2024-05-03,vs. NC,RP,,0.0,,0,22,3,3,0,0,0,3,0,,Home,인천 SSG 랜더스필드,18:30,21.5
서진용,2024,SSG,2024-04-30,@ Hanwha,RP,,0.0,1.0,1,10,0,0,1,0,0,0,0,,Away,대전 한화생명 볼파크,18:30,17.2
서진용,2024,SSG,2024-04-27,vs. KT,RP,,0.0,0.0,1,9,0,0,0,0,0,0,0,,Home,인천 SSG 랜더스필드,17:00,20.2
서진용,2024,SSG,2024-04-25,@ Lotte,RP,,0.0,0.0,1,11,0,0,0,0,1,0,0,,Away,사직 야구장,18:30,17.6
서진용,2023,SSG,2023-10-16,@ Doosan,RP,SV,9.0,2.0,1,23,1,1,1,1,2,1,0,,Away,잠실 야구장,18:30,16.2
서진용,2023,SSG,2023-10-13,vs. Kiwoom,RP,W,9.0,1.0,1,16,1,1,1,1,2,0,0,,Home,인천 SSG 랜더스필드,18:30,19.1
서진용,2023,SSG,2023-10-10,@ Kia,RP,SV,9.0,2.0,1,19,1,1,1,0,0,1,0,,Away,광주 기아 챔피언스 필드,18:30,19.6
서진용,2023,SSG,2023-10-08,@ NC,RP,SV,0.0,1.0,1,17,0,0,0,0,0,1,0,,Away,창원 NC 파크,14:00,20.8
서진용,2023,SSG,2023-10-05,vs. NC,RP,SV,0.0,2.0,1,21,0,0,0,0,2,2,0,,Home,인천 SSG 랜더스필드,18:30,16.5
서진용,2023,SSG,2023-10-03,vs. NC,RP,,18.0,5.0,1,35,2,2,2,0,2,3,0,,Home,인천 SSG 랜더스필드,18:30,20.6
서진용,2023,SSG,2023-10-01,vs. Kia,RP,,18.0,3.0,1,25,2,2,2,0,1,1,0,,Home,인천 SSG 랜더스필드,14:00,22.2
서진용,2023,SSG,2023-09-30,vs. Kia,RP,W,0.0,0.5,2,20,0,0,1,0,1,0,0,,Home,인천 SSG 랜더스필드,17:00,23.5
서진용,2023,SSG,2023-09-27,vs. Doosan,RP,SV,0.0,3.0,1,17,0,0,2,0,1,1,0,,Home,인천 SSG 랜더스필드,18:30,24.6
서진용,2023,SSG,2023-09-23,vs. Lotte,RP,SV,0.0,0.0,1 ⅓,22,0,0,0,0,1,0,0,,Home,인천 SSG 랜더스필드,17:00,24.8
서진용,2023,SSG,2023-09-19,@ Hanwha,RP,SV,0.0,0.0,1,13,0,0,0,0,2,0,0,,Away,대전 한화생명 볼파크,18:30,26.2
서진용,2023,SSG,2023-09-14,@ Doosan,RP,L,40.5,6.0,0 ⅔,21,3,3,2,0,0,2,1,,Away,잠실 야구장,18:30,26.1
서진용,2023,SSG,2023-09-10,@ KT,RP,SV,0.0,1.0,1,19,0,0,0,0,0,1,0,,Away,수원 KT 위즈파크,14:00,28.7
서진용,2023,SSG,2023-09-09,@ KT,RP,,0.0,0.5,2,33,0,0,0,0,2,1,0,,Away,수원 KT 위즈파크,17:00,28.9
서진용,2023,SSG,2023-09-06,@ Hanwha,RP,,9.0,4.0,1,14,1,1,3,0,0,1,0,,Away,대전 한화생명 볼파크,18:30,28.2
서진용,2023,SSG,2023-09-03,vs. Kia,RP,L,13.5,4.5,0 ⅔,14,1,1,3,0,0,0,0,,Home,인천 SSG 랜더스필드,14:00,29.7
서진용,2023,SSG,2023-08-31,vs. Kiwoom,RP,,0.0,0.0,1,13,0,0,0,0,1,0,0,,Home,인천 SSG 랜더스필드,18:30,26.6
서진용,2023,SSG,2023-08-30,vs. Kiwoom,RP,,0.0,0.0,1,12,0,0,0,0,2,0,0,,Home,인천 SSG 랜더스필드,18:30,25.1
서진용,2023,SSG,2023-08-27,@ Doosan,RP,W,4.5,1.5,2,32,1,1,2,0,2,1,0,,Away,잠실 야구장,17:00,29.8
서진용,2023,SSG,2023-08-26,@ Doosan,RP,SV,0.0,1.0,1,14,0,0,1,0,0,0,0,,Away,잠실 야구장,18:00,29.3
서진용,2023,SSG,2023-08-24,vs. NC,RP,SV,0.0,1.0,1,14,0,0,1,0,1,0,0,,Home,인천 SSG 랜더스필드,18:30,29.0
서진용,2023,SSG,2023-08-20,vs. LG,RP,SV,0.0,1.0,1,21,0,0,1,0,1,0,0,,Home,인천 SSG 랜더스필드,17:00,31.3
서진용,2023,SSG,2023-08-18,vs. LG,RP,,0.0,1.0,1,20,0,0,0,0,1,1,0,,Home,인천 SSG 랜더스필드,18:30,30.5
서진용,2023,SSG,2023-08-12,vs. Samsung,RP,W,0.0,1.0,1,10,0,0,0,0,0,1,0,,Home,인천 SSG 랜더스필드,18:00,28.1
서진용,2023,SSG,2023-08-11,vs. Samsung,RP,L,9.0,3.0,1,32,1,1,2,0,0,1,0,,Home,인천 SSG 랜더스필드,18:30,27.2
서진용,2023,SSG,2023-08-09,vs. NC,RP,SV,0.0,0.0,1,11,0,0,0,0,0,0,0,,Home,인천 SSG 랜더스필드,18:30,31.0
서진용,2023,SSG,2023-08-05,@ Lotte,RP,SV,0.0,2.0,1,18,0,0,2,0,0,0,0,,Away,사직 야구장,18:00,31.9
서진용,2023,SSG,2023-08-04,@ Lotte,RP,SV,0.0,3.0,1,18,0,0,2,0,1,1,0,,Away,사직 야구장,18:30,32.4
서진용,2023,SSG,2023-07-29,vs. Hanwha,RP,SV,0.0,0.0,1,9,0,0,0,0,1,0,0,,Home,인천 SSG 랜더스필드,18:00,30.8
서진용,2023,SSG,2023-07-28,vs. Hanwha,RP,L,9.0,3.0,1,16,1,1,2,0,0,1,0,,Home,인천 SSG 랜더스필드,18:30,31.7
서진용,2023,SSG,2023-07-26,@ Samsung,RP,SV,0.0,1.5,2,25,0,0,2,0,0,1,0,,Away,대구 삼성 라이온즈 파크,18:30,30.7
서진용,2023,SSG,2023-07-21,@ LG,RP,SV,0.0,1.0,1,8,0,0,1,0,0,0,0,,Away,잠실 야구장,18:30,33.3
서진용,2023,SSG,2023-07-12,vs. Doosan,RP,,9.0,3.0,1,25,1,1,2,0,1,1,0,,Home,인천 SSG 랜더스필드,18:30,28.8
서진용,2023,SSG,2023-07-08,@ Hanwha,RP,SV,0.0,2.0,1,26,0,0,0,0,2,2,0,,Away,대전 한화생명 볼파크,18:00,29.9
서진용,2023,SSG,2023-07-06,vs. Kia,RP,,0.0,2.0,1,22,0,0,2,0,1,0,0,,Home,인천 SSG 랜더스필드,18:30,29.7
서진용,2023,SSG,2023-07-02,@ Kiwoom,RP,SV,0.0,0.75,1 ⅓,21,0,0,0,0,1,1,0,,Away,고척 스카이돔,14:00,25.5
서진용,2023,SSG,2023-06-30,@ Kiwoom,RP,,0.0,0.0,1,5,0,0,0,0,1,0,0,,Away,고척 스카이돔,18:30,25.5
서진용,2023,SSG,2023-06-28,vs. LG,RP,,0.0,0.0,0 ⅔,6,0,0,0,0,0,0,0,,Home,인천 SSG 랜더스필드,18:30,26.5
서진용,2023,SSG,2023-06-24,vs. Samsung,RP,SV,0.0,2.0,1,15,0,0,1,0,1,1,0,,Home,인천 SSG 랜더스필드,17:00,28.6
서진용,2023,SSG,2023-06-21,@ Doosan,RP,SV,9.0,3.0,1,25,1,1,1,0,3,2,0,,Away,잠실 야구장,18:30,24.3
서진용,2023,SSG,2023-06-20,@ Doosan,RP,,0.0,1.0,1,15,0,0,1,0,1,0,0,,Away,잠실 야구장,18:30,25.7
서진용,2023,SSG,2023-06-17,vs. Lotte,RP,SV,0.0,2.0,1,11,0,0,2,0,0,0,0,,Home,인천 SSG 랜더스필드,17:00,24.7
서진용,2023,SSG,2023-06-14,vs. KT,RP,,9.0,1.0,1,11,1,1,1,1,1,0,0,,Home,인천 SSG 랜더스필드,18:30,24.0
서진용,2023,SSG,2023-06-07,@ Kia,RP,SV,9.0,3.0,1,28,1,1,1,0,1,2,1,,Away,광주 기아 챔피언스 필드,18:30,26.0
서진용,2023,SSG,2023-06-06,@ Kia,RP,SV,0.0,3.0,1,25,0,0,0,0,0,3,0,,Away,광주 기아 챔피언스 필드,18:30,25.5
서진용,2023,SSG,2023-06-03,vs. Kiwoom,RP,,0.0,3.0,1,23,0,0,3,0,0,0,0,,Home,인천 SSG 랜더스필드,17:00,23.5
서진용,2023,SSG,2023-05-30,vs. Samsung,RP,SV,9.0,4.0,1,28,1,1,3,0,2,1,0,,Home,인천 SSG 랜더스필드,18:30,24.3
서진용,2023,SSG,2023-05-24,vs. LG,RP,SV,0.0,2.0,1,19,0,0,1,0,2,1,0,,Home,인천 SSG 랜더스필드,18:30,20.5
서진용,2023,SSG,2023-05-21,@ Lotte,RP,,9.0,3.0,1,36,1,1,0,0,0,3,0,,Away,사직 야구장,14:00,22.3
서진용,2023,SSG,2023-05-17,@ NC,RP,,0.0,0.0,1,7,0,0,0,0,0,0,0,,Away,창원 NC 파크,18:30,23.8
서진용,2023,SSG,2023-05-14,vs. Hanwha,RP,,0.0,1.0,1,15,0,0,0,0,0,1,0,,Home,인천 SSG 랜더스필드,14:00,20.8
서진용,2023,SSG,2023-05-13,vs. Hanwha,RP,SV,0.0,1.0,1,15,0,0,1,0,1,0,0,,Home,인천 SSG 랜더스필드,17:00,18.2
서진용,2023,SSG,2023-05-11,@ Kia,RP,SV,0.0,3.0,1,25,0,0,1,0,1,2,0,,Away,광주 기아 챔피언스 필드,18:30,22.5
서진용,2023,SSG,2023-05-10,@ Kia,RP,SV,0.0,1.0,1,11,0,0,1,0,0,0,0,,Away,광주 기아 챔피언스 필드,18:30,24.0
서진용,2023,SSG,2023-05-06,@ Kiwoom,RP,SV,0.0,1.0,1,20,0,0,0,0,1,1,0,,Away,고척 스카이돔,17:00,25.5
서진용,2023,SSG,2023-05-05,@ Kiwoom,RP,SV,0.0,0.0,1,7,0,0,0,0,1,0,0,,Away,고척 스카이돔,14:00,25.5
서진용,2023,SSG,2023-05-03,vs. KT,RP,SV,0.0,3.0,1,34,0,0,1,0,2,2,0,,Home,인천 SSG 랜더스필드,18:30,20.6
서진용,2023,SSG,2023-04-28,vs. Doosan,RP,SV,0.0,3.0,1,23,0,0,1,0,0,2,0,,Home,인천 SSG 랜더스필드,18:30,16.4
서진용,2023,SSG,2023-04-26,@ LG,RP,SV,0.0,0.0,1,9,0,0,0,0,0,0,0,,Away,잠실 야구장,18:30,12.6
서진용,2023,SSG,2023-04-22,vs. Kiwoom,RP,SV,0.0,1.0,1,12,0,0,1,0,1,0,0,,Home,인천 SSG 랜더스필드,17:00,20.6
서진용,2023,SSG,2023-04-21,vs. Kiwoom,RP,SV,0.0,0.0,1,13,0,0,0,0,2,0,0,,Home,인천 SSG 랜더스필드,18:30,18.0
서진용,2023,SSG,2023-04-20,@ KT,RP,SV,0.0,0.0,1,12,0,0,0,0,0,0,0,,Away,수원 KT 위즈파크,18:30,15.8
서진용,2023,SSG,2023-04-15,vs. NC,RP,,0.0,0.0,0 ⅓,9,0,0,0,0,1,0,1,,Home,인천 SSG 랜더스필드,17:00,8.1
서진용,2023,SSG,2023-04-14,vs. NC,RP,SV,0.0,2.0,1,16,1,0,2,0,1,0,0,,Home,인천 SSG 랜더스필드,18:30,16.8
서진용,2023,SSG,2023-04-12,@ Samsung,RP,SV,0.0,0.0,1,9,0,0,0,0,1,0,0,,Away,대구 삼성 라이온즈 파크,18:30,15.2
서진용,2023,SSG,2023-04-11,@ Samsung,RP,SV,0.0,2.0,1,15,0,0,1,0,1,1,0,,Away,대구 삼성 라이온즈 파크,18:30,17.6
서진용,2023,SSG,2023-04-08,@ Hanwha,RP,SV,0.0,0.0,1,13,0,0,0,0,2,0,1,,Away,대전 한화생명 볼파크,17:00,14.7
서진용,2023,SSG,2023-04-07,@ Hanwha,RP,W,0.0,0.5,2,30,0,0,1,0,4,0,0,,Away,대전 한화생명 볼파크,18:30,11.9
서진용,2023,SSG,2023-04-01,vs. Kia,RP,SV,0.0,2.0,1,21,0,0,1,0,2,1,0,,Home,인천 SSG 랜더스필드,14:00,21.2
서진용,2022,SSG,2022-10-01,@ Kia,RP,H,27.0,3.0,0 ⅓,8,1,1,0,0,0,1,0,,Away,광주 기아 챔피언스 필드,17:00,29.0
서진용,2022,SSG,2022-09-30,vs. Kiwoom,RP,,0.0,1.5,0 ⅔,14,1,0,1,0,0,0,1,,Home,인천 SSG 랜더스필드,18:30,23.2
서진용,2022,SSG,2022-09-29,vs. Kiwoom,RP,,27.0,9.0,0 ⅓,17,1,1,2,0,0,1,0,,Home,인천 SSG 랜더스필드,18:30,22.3
서진용,2022,SSG,2022-09-25,vs. LG,RP,,0.0,3.0,0 ⅓,6,0,0,0,0,0,1,0,,Home,인천 SSG 랜더스필드,14:00,22.5
서진용,2022,SSG,2022-09-22,vs. Hanwha,RP,,0.0,1.0,1,18,0,0,1,0,2,0,0,,Home,인천 SSG 랜더스필드,18:30,21.2
서진용,2022,SSG,2022-09-15,@ NC,RP,,0.0,2.0,1,22,0,0,1,0,1,1,0,,Away,창원 NC 파크,18:30,27.1
서진용,2022,SSG,2022-09-08,vs. Kia,RP,,45.0,5.0,1,28,5,5,4,1,0,1,0,,Home,인천 SSG 랜더스필드,18:30,25.7
서진용,2022,SSG,2022-09-02,vs. NC,RP,,54.0,9.0,0 ⅓,16,2,2,3,1,1,0,0,,Home,인천 SSG 랜더스필드,18:30,27.3
서진용,2022,SSG,2022-08-31,@ Samsung,RP,L,13.5,4.5,0 ⅔,13,1,1,1,0,0,2,0,,Away,대구 삼성 라이온즈 파크,18:30,24.7
서진용,2022,SSG,2022-08-25,@ KT,RP,L,27.0,6.0,0 ⅓,12,1,1,2,0,0,0,1,,Away,수원 KT 위즈파크,18:30,24.4
서진용,2022,SSG,2022-08-24,vs. Samsung,RP,SV,0.0,0.0,1,11,0,0,0,0,2,0,0,,Home,인천 SSG 랜더스필드,18:30,26.4
서진용,2022,SSG,2022-08-23,vs. Samsung,RP,,0.0,1.0,1,18,0,0,1,0,2,0,0,,Home,인천 SSG 랜더스필드,18:30,26.8
서진용,2022,SSG,2022-08-21,@ Kiwoom,RP,,9.0,3.0,1,24,1,1,1,0,1,2,1,,Away,고척 스카이돔,14:00,25.5
서진용,2022,SSG,2022-08-14,@ Doosan,RP,W,0.0,0.5,2,35,0,0,1,0,4,0,0,,Away,잠실 야구장,17:00,31.6
서진용,2022,SSG,2022-08-11,vs. KT,RP,SV,0.0,1.0,1,15,0,0,0,0,0,1,0,,Home,인천 SSG 랜더스필드,18:30,27.0
서진용,2022,SSG,2022-08-10,vs. KT,RP,SV,0.0,0.0,1,13,0,0,0,0,0,0,0,,Home,인천 SSG 랜더스필드,18:30,25.9
서진용,2022,SSG,2022-08-07,vs. Samsung,RP,SV,0.0,2.0,1,18,0,0,0,0,0,2,0,,Home,인천 SSG 랜더스필드,17:00,31.0
서진용,2022,SSG,2022-08-05,vs. Samsung,RP,,0.0,0.0,1,13,0,0,0,0,2,0,0,,Home,인천 SSG 랜더스필드,18:30,31.2
서진용,2022,SSG,2022-08-04,@ Kiwoom,RP,SV,0.0,2.0,1,18,0,0,1,0,1,1,0,,Away,고척 스카이돔,18:30,25.5
서진용,2022,SSG,2022-08-02,@ Kiwoom,RP,SV,0.0,2.0,1,20,0,0,1,0,0,1,0,,Away,고척 스카이돔,18:30,25.5
서진용,2022,SSG,2022-07-30,@ Kia,RP,,18.0,5.0,1,29,2,2,3,0,0,2,0,,Away,광주 기아 챔피언스 필드,18:00,31.5
서진용,2022,SSG,2022-07-28,vs. LG,RP,W,9.0,1.0,1,17,1,1,1,1,1,0,0,,Home,인천 SSG 랜더스필드,18:30,31.1
서진용,2022,SSG,2022-07-27,vs. LG,RP,,9.0,5.0,1,27,1,1,3,0,1,2,0,,Home,인천 SSG 랜더스필드,18:30,30.7
서진용,2022,SSG,2022-07-24,@ Doosan,RP,SV,0.0,0.0,1,12,0,0,0,0,0,0,0,,Away,잠실 야구장,17:00,29.7
서진용,2022,SSG,2022-07-22,@ Doosan,RP,,0.0,0.0,1,9,0,0,0,0,2,0,0,,Away,잠실 야구장,18:30,28.5
서진용,2022,SSG,2022-07-14,vs. Kiwoom,RP,SV,0.0,1.0,1,8,0,0,1,0,0,0,0,,Home,인천 SSG 랜더스필드,18:30,27.8
서진용,2022,SSG,2022-07-12,vs. Kiwoom,RP,SV,0.0,1.8,1 ⅔,29,0,0,2,0,2,1,0,,Home,인천 SSG 랜더스필드,18:30,29.3
서진용,2022,SSG,2022-07-08,@ Samsung,RP,SV,20.25,3.75,1 ⅓,37,3,3,4,1,1,1,0,,Away,대구 삼성 라이온즈 파크,18:30,29.5
서진용,2022,SSG,2022-07-05,vs. Lotte,RP,W,0.0,3.0,1,16,0,0,1,0,0,2,0,,Home,인천 SSG 랜더스필드,18:30,30.1
서진용,2022,SSG,2022-07-03,vs. Kia,RP,SV,0.0,0.0,1,13,0,0,0,0,0,0,0,,Home,인천 SSG 랜더스필드,17:00,31.0
서진용,2022,SSG,2022-07-02,vs. Kia,RP,SV,0.0,0.0,1,17,0,0,0,0,1,0,0,,Home,인천 SSG 랜더스필드,18:00,31.2
서진용,2022,SSG,2022-07-01,vs. Kia,RP,W,0.0,1.5,1 ⅓,17,0,0,1,0,1,1,0,,Home,인천 SSG 랜더스필드,18:30,28.8
서진용,2022,SSG,2022-06-26,vs. NC,RP,SV,0.0,1.5,1 ⅓,22,1,0,1,0,0,1,0,,Home,인천 SSG 랜더스필드,17:00,28.0
서진용,2022,SSG,2022-06-22,vs. Doosan,RP,,18.0,3.0,1,25,2,2,2,1,0,1,0,,Home,인천 SSG 랜더스필드,18:30,25.9
서진용,2022,SSG,2022-06-21,vs. Doosan,RP,,0.0,0.0,0 ⅓,1,0,0,0,0,0,0,0,,Home,인천 SSG 랜더스필드,18:30,27.6
서진용,2022,SSG,2022-06-17,@ Lotte,RP,,0.0,0.0,1,10,0,0,0,0,2,0,0,,Away,사직 야구장,18:30,25.2
서진용,2022,SSG,2022-06-12,vs. Hanwha,RP,SV,9.0,4.0,1,24,1,1,2,0,0,2,0,,Home,인천 SSG 랜더스필드,17:00,24.9
서진용,2022,SSG,2022-06-11,vs. Hanwha,RP,SV,0.0,0.0,1,8,0,0,0,0,1,0,0,,Home,인천 SSG 랜더스필드,17:00,28.1
서진용,2022,SSG,2022-06-09,@ NC,RP,L,27.0,9.0,0 ⅓,17,1,1,2,0,0,1,0,,Away,창원 NC 파크,18:30,21.1
서진용,2022,SSG,2022-06-08,@ NC,RP,,0.0,1.5,1 ⅓,24,0,0,1,0,2,1,0,,Away,창원 NC 파크,18:30,20.1
서진용,2022,SSG,2022-06-05,@ LG,RP,SV,0.0,0.0,1,13,0,0,0,0,2,0,0,,Away,잠실 야구장,17:00,22.8
서진용,2022,SSG,2022-06-01,vs. KT,RP,SV,0.0,0.0,1,13,0,0,0,0,1,0,0,,Home,인천 SSG 랜더스필드,18:30,21.0
서진용,2022,SSG,2022-05-29,@ Kia,RP,SV,6.75,1.5,1 ⅓,25,1,1,2,0,1,0,0,,Away,광주 기아 챔피언스 필드,14:00,29.3
서진용,2022,SSG,2022-05-26,vs. Lotte,RP,SV,0.0,1.0,1,17,0,0,0,0,0,1,0,,Home,인천 SSG 랜더스필드,18:30,18.1
서진용,2022,SSG,2022-05-24,vs. Lotte,RP,W,0.0,0.6,1 ⅔,16,0,0,1,0,2,0,0,,Home,인천 SSG 랜더스필드,18:30,23.8
서진용,2022,SSG,2022-05-22,vs. LG,RP,SV,0.0,0.0,1,12,0,0,0,0,1,0,0,,Home,인천 SSG 랜더스필드,14:00,20.0
서진용,2022,SSG,2022-05-20,vs. LG,RP,W,0.0,1.0,1,11,0,0,1,0,1,0,0,,Home,인천 SSG 랜더스필드,18:30,20.3
서진용,2022,SSG,2022-05-19,@ Doosan,RP,SV,0.0,0.6,1 ⅔,14,0,0,1,0,0,0,0,,Away,잠실 야구장,18:30,21.1
서진용,2022,SSG,2022-05-17,@ Doosan,RP,,0.0,0.0,1 ⅔,19,0,0,0,0,2,0,0,,Away,잠실 야구장,18:30,24.4
서진용,2022,SSG,2022-05-15,vs. NC,RP,,0.0,1.0,1,12,0,0,1,0,0,0,0,,Home,인천 SSG 랜더스필드,14:00,18.2
서진용,2022,SSG,2022-05-13,vs. NC,RP,,54.0,6.0,0 ⅓,19,2,2,0,0,0,2,0,,Home,인천 SSG 랜더스필드,18:30,20.1
서진용,2022,SSG,2022-05-11,@ Samsung,RP,H,0.0,3.0,1,29,0,0,2,0,1,1,0,,Away,대구 삼성 라이온즈 파크,18:30,19.4
서진용,2022,SSG,2022-05-10,@ Samsung,RP,H,0.0,1.0,1,12,0,0,1,0,0,0,0,,Away,대구 삼성 라이온즈 파크,18:30,17.1
서진용,2022,SSG,2022-05-08,@ Kiwoom,RP,,0.0,1.0,1,24,0,0,1,0,1,0,0,,Away,고척 스카이돔,14:00,25.5
서진용,2022,SSG,2022-05-04,vs. Hanwha,RP,H,0.0,1.5,0 ⅔,15,0,0,0,0,0,1,0,,Home,인천 SSG 랜더스필드,18:30,18.1
서진용,2022,SSG,2022-04-30,vs. Doosan,RP,H,0.0,0.0,1,12,0,0,0,0,1,0,0,,Home,인천 SSG 랜더스필드,17:00,11.9
서진용,2022,SSG,2022-04-29,vs. Doosan,RP,,9.0,3.0,1,22,1,1,2,0,1,1,0,,Home,인천 SSG 랜더스필드,18:30,14.5
서진용,2022,SSG,2022-04-27,@ Lotte,RP,,0.0,0.0,1,15,0,0,0,0,0,0,0,,Away,사직 야구장,18:30,16.0
서진용,2022,SSG,2022-04-24,@ Hanwha,RP,H,0.0,1.0,1,10,0,0,1,0,1,0,0,,Away,대전 한화생명 볼파크,14:00,26.5
서진용,2022,SSG,2022-04-21,vs. Kiwoom,RP,H,9.0,2.0,1,19,1,1,2,0,0,0,0,,Home,인천 SSG 랜더스필드,18:30,15.1
서진용,2022,SSG,2022-04-20,vs. Kiwoom,RP,,0.0,0.0,1,12,0,0,0,0,2,0,0,,Home,인천 SSG 랜더스필드,18:30,15.0
서진용,2022,SSG,2022-04-17,vs. Samsung,RP,H,0.0,0.0,1,13,0,0,0,0,2,0,0,,Home,인천 SSG 랜더스필드,14:00,13.7
서진용,2022,SSG,2022-04-16,vs. Samsung,RP,H,0.0,0.0,1 ⅓,16,0,0,0,0,0,0,0,,Home,인천 SSG 랜더스필드,17:00,12.9
서진용,2022,SSG,2022-04-12,@ LG,RP,H,0.0,0.0,1,17,0,0,0,0,0,0,0,,Away,잠실 야구장,18:30,17.9
서진용,2022,SSG,2022-04-08,vs. Kia,RP,W,0.0,0.0,1,10,0,0,0,0,1,0,0,,Home,인천 SSG 랜더스필드,18:30,15.1
서진용,2022,SSG,2022-04-07,@ KT,RP,H,0.0,1.0,1,16,0,0,1,0,2,0,0,,Away,수원 KT 위즈파크,18:30,11.2
서진용,2022,SSG,2022-04-05,@ KT,RP,,18.0,4.0,1,18,2,2,3,0,2,1,0,,Away,수원 KT 위즈파크,18:30,13.5
서진용,2022,SSG,2022-04-03,@ NC,RP,H,0.0,1.0,1,16,0,0,1,0,1,0,0,,Away,창원 NC 파크,14:00,16.5
서진용,2021,SSG,2021-10-28,vs. Doosan,RP,W,0.0,0.5,2,25,0,0,1,0,3,0,0,,Home,인천 SSG 랜더스필드,18:30,16.1
서진용,2021,SSG,2021-10-26,@ NC,RP,H,0.0,1.2,1 ⅔,26,0,0,2,0,1,0,0,,Away,창원 NC 파크,18:30,15.1
서진용,2021,SSG,2021-10-24,@ Samsung,RP,H,0.0,0.5,2,30,0,0,0,0,3,1,0,,Away,대구 삼성 라이온즈 파크,14:00,20.1
서진용,2021,SSG,2021-10-21,vs. Doosan,RP,,0.0,2.0,1,14,0,0,2,0,1,0,0,,Home,인천 SSG 랜더스필드,18:30,12.0
서진용,2021,SSG,2021-10-19,@ Kia,RP,,0.0,1.5,1 ⅓,18,0,0,2,0,1,0,0,,Away,광주 기아 챔피언스 필드,18:30,13.9
서진용,2021,SSG,2021-10-17,@ Lotte,RP,,0.0,1.2,1 ⅔,27,0,0,1,0,1,1,0,,Away,사직 야구장,14:00,15.9
서진용,2021,SSG,2021-10-16,@ Lotte,RP,,0.0,3.0,0 ⅓,9,0,0,0,0,0,1,0,,Away,사직 야구장,17:00,14.8
서진용,2021,SSG,2021-10-09,vs. Lotte,RP,H,0.0,1.0,1,14,0,0,1,0,1,0,0,,Home,인천 SSG 랜더스필드,17:00,24.4
서진용,2021,SSG,2021-10-08,@ Hanwha,RP,,0.0,1.5,0 ⅔,15,0,0,0,0,2,1,0,,Away,대전 한화생명 볼파크,18:30,21.2
서진용,2021,SSG,2021-10-07,@ Hanwha,RP,,0.0,1.0,1,16,0,0,0,0,1,1,0,,Away,대전 한화생명 볼파크,18:30,20.1
서진용,2021,SSG,2021-10-05,@ LG,RP,,0.0,1.0,1,16,0,0,0,0,1,1,0,,Away,잠실 야구장,18:30,23.5
서진용,2021,SSG,2021-10-02,vs. KT,RP,,0.0,1.5,0 ⅔,9,0,0,1,0,1,0,0,,Home,인천 SSG 랜더스필드,17:00,24.0
서진용,2021,SSG,2021-10-01,@ NC,RP,,0.0,3.0,0 ⅔,21,0,0,0,0,0,2,0,,Away,창원 NC 파크,18:30,22.4
서진용,2021,SSG,2021-09-28,@ Samsung,RP,,0.0,1.0,1,18,0,0,0,0,1,1,0,,Away,대구 삼성 라이온즈 파크,18:30,25.0
서진용,2021,SSG,2021-09-26,@ Kia,RP,,0.0,2.0,1,13,0,0,1,0,0,1,0,,Away,광주 기아 챔피언스 필드,14:00,26.5
서진용,2021,SSG,2021-09-23,vs. Lotte,RP,,0.0,0.0,1,9,0,0,0,0,0,0,0,,Home,인천 SSG 랜더스필드,18:30,23.4
서진용,2021,SSG,2021-09-22,vs. Kiwoom,RP,,9.0,1.0,1,11,1,1,1,1,2,0,0,,Home,인천 SSG 랜더스필드,18:30,22.7
서진용,2021,SSG,2021-09-21,vs. Kiwoom,RP,,0.0,1.5,0 ⅔,11,0,0,1,0,0,0,0,,Home,인천 SSG 랜더스필드,18:30,24.4
서진용,2021,SSG,2021-09-19,vs. Samsung,RP,,0.0,1.0,1,7,0,0,1,0,0,0,0,,Home,인천 SSG 랜더스필드,14:00,26.2
서진용,2021,SSG,2021-09-15,vs. Hanwha,RP,W,9.0,1.0,1,18,1,1,1,1,1,0,0,,Home,인천 SSG 랜더스필드,18:30,24.9
서진용,2021,SSG,2021-09-12,@ KT,RP,L,9.0,3.0,1,23,1,1,2,0,1,1,0,,Away,수원 KT 위즈파크,14:00,28.4
서진용,2021,SSG,2021-09-11,@ KT,RP,,0.0,3.0,0 ⅔,15,0,0,1,0,1,1,0,,Away,수원 KT 위즈파크,17:00,29.1
서진용,2021,SSG,2021-09-08,vs. LG,RP,W,6.75,2.25,1 ⅓,32,1,1,2,0,1,1,0,,Home,인천 SSG 랜더스필드,18:30,25.2
서진용,2021,SSG,2021-09-05,@ Kiwoom,RP,,0.0,4.5,0 ⅔,21,0,0,2,0,1,1,0,,Away,고척 스카이돔,14:00,25.5
서진용,2021,SSG,2021-09-01,vs. NC,RP,,0.0,0.0,1,7,0,0,0,0,2,0,0,,Home,인천 SSG 랜더스필드,18:30,23.8
서진용,2021,SSG,2021-08-28,vs. Kia,RP,,0.0,0.0,1,9,0,0,0,0,0,0,0,,Home,인천 SSG 랜더스필드,18:00,26.0
서진용,2021,SSG,2021-08-24,@ Samsung,RP,L,54.0,9.0,0 ⅔,32,4,4,4,0,0,2,0,,Away,대구 삼성 라이온즈 파크,18:30,29.5
서진용,2021,SSG,2021-08-22,@ Samsung,RP,,0.0,1.0,1,16,0,0,1,0,3,0,0,,Away,대구 삼성 라이온즈 파크,17:00,29.3
서진용,2021,SSG,2021-08-14,vs. Kia,RP,,0.0,0.0,1,17,0,0,0,0,1,0,0,,Home,인천 SSG 랜더스필드,18:00,27.6
서진용,2021,SSG,2021-08-11,@ LG,RP,,0.0,0.0,0 ⅓,6,0,0,0,0,1,0,0,,Away,잠실 야구장,18:30,30.7
서진용,2021,SSG,2021-07-10,vs. Hanwha,RP,,9.0,4.0,1,26,1,1,1,0,0,3,0,,Home,인천 SSG 랜더스필드,18:00,27.2
서진용,2021,SSG,2021-07-04,vs. Lotte,RP,L,0.0,3.0,1,28,2,0,1,0,1,2,0,,Home,인천 SSG 랜더스필드,17:00,22.7
서진용,2021,SSG,2021-07-01,vs. Samsung,RP,L,4.5,0.5,2,26,1,1,1,1,0,0,0,,Home,인천 SSG 랜더스필드,18:30,28.6
서진용,2021,SSG,2021-06-30,vs. Samsung,RP,,0.0,0.0,1 ⅓,17,0,0,0,0,1,0,0,,Home,인천 SSG 랜더스필드,18:30,27.5
서진용,2021,SSG,2021-06-26,@ NC,RP,,6.75,2.25,1 ⅓,32,1,1,1,1,3,2,0,,Away,창원 NC 파크,17:00,25.6
서진용,2021,SSG,2021-06-24,vs. LG,RP,SV,0.0,0.0,1,10,0,0,0,0,0,0,0,,Home,인천 SSG 랜더스필드,18:30,24.0
서진용,2021,SSG,2021-06-23,vs. LG,RP,SV,0.0,1.0,1,20,0,0,1,0,0,0,0,,Home,인천 SSG 랜더스필드,18:30,24.2
서진용,2021,SSG,2021-06-20,@ Hanwha,RP,SV,0.0,1.0,1,14,0,0,0,0,1,1,0,,Away,대전 한화생명 볼파크,17:00,28.1
서진용,2021,SSG,2021-06-18,@ Hanwha,RP,L,13.5,3.0,1 ⅓,30,2,2,2,0,1,2,0,,Away,대전 한화생명 볼파크,18:30,25.5
서진용,2021,SSG,2021-06-17,@ Kia,RP,SV,0.0,0.0,1,13,0,0,0,0,1,0,0,,Away,광주 기아 챔피언스 필드,18:30,25.0
서진용,2021,SSG,2021-06-12,vs. Kiwoom,RP,W,0.0,0.0,0 ⅓,3,0,0,0,0,0,0,0,,Home,인천 SSG 랜더스필드,17:00,26.8
서진용,2021,SSG,2021-06-11,vs. Kiwoom,RP,,18.0,5.0,1,34,2,2,2,0,1,3,0,,Home,인천 SSG 랜더스필드,18:30,23.3
서진용,2021,SSG,2021-06-06,@ Doosan,RP,SV,0.0,0.0,1,9,0,0,0,0,2,0,0,,Away,잠실 야구장,17:00,27.5
서진용,2021,SSG,2021-06-01,vs. Samsung,RP,W,0.0,0.0,1,7,0,0,0,0,0,0,0,,Home,인천 SSG 랜더스필드,18:30,21.6
서진용,2021,SSG,2021-05-30,@ Hanwha,RP,,0.0,1.0,1,11,0,0,1,0,1,0,0,,Away,대전 한화생명 볼파크,14:00,27.0
서진용,2021,SSG,2021-05-29,@ Hanwha,RP,,0.0,1.0,1,8,0,0,0,0,0,1,0,,Away,대전 한화생명 볼파크,17:00,23.2
서진용,2021,SSG,2021-05-26,@ KT,RP,,0.0,1.5,2 ⅔,40,0,0,2,0,2,2,0,,Away,수원 KT 위즈파크,18:30,21.9
서진용,2021,SSG,2021-05-21,vs. LG,RP,W,27.0,3.0,1,18,3,3,2,2,1,1,0,,Home,인천 SSG 랜더스필드,18:30,17.5
서진용,2021,SSG,2021-05-18,@ Kia,RP,SV,0.0,2.0,1,16,0,0,2,0,0,0,0,,Away,광주 기아 챔피언스 필드,18:30,22.4
서진용,2021,SSG,2021-05-11,@ Lotte,RP,SV,18.0,4.0,1,23,2,2,3,1,0,1,0,,Away,사직 야구장,18:30,17.2
서진용,2021,SSG,2021-05-09,vs. Kiwoom,RP,SV,0.0,0.0,1,18,0,0,0,0,1,0,0,,Home,인천 SSG 랜더스필드,14:00,19.4
서진용,2021,SSG,2021-05-09,vs. Kiwoom,RP,SV,0.0,0.0,1,8,0,0,0,0,0,0,0,,Home,인천 SSG 랜더스필드,14:00,19.4
서진용,2021,SSG,2021-05-05,@ NC,RP,,0.0,1.0,1,26,0,0,0,0,1,1,0,,Away,창원 NC 파크,14:00,23.7
서진용,2021,SSG,2021-05-02,@ Doosan,RP,,6.75,1.5,1 ⅓,16,1,1,2,1,0,0,0,,Away,잠실 야구장,14:00,17.9
서진용,2021,SSG,2021-05-01,@ Doosan,RP,,0.0,1.0,1,20,0,0,1,0,3,0,0,,Away,잠실 야구장,17:00,10.4
서진용,2021,SSG,2021-04-28,vs. KT,RP,W,0.0,2.0,1,20,0,0,0,0,3,2,0,,Home,인천 SSG 랜더스필드,18:30,14.4
서진용,2021,SSG,2021-04-25,@ Kiwoom,RP,,0.0,6.0,0 ⅓,8,0,0,2,0,1,0,0,,Away,고척 스카이돔,14:00,25.5
서진용,2021,SSG,2021-04-23,@ Kiwoom,RP,,9.0,2.0,1,15,1,1,2,0,1,0,0,,Away,고척 스카이돔,18:30,25.5
서진용,2021,SSG,2021-04-22,@ Samsung,RP,,0.0,0.0,1 ⅓,19,0,0,0,0,2,0,0,,Away,대구 삼성 라이온즈 파크,18:30,19.4
서진용,2021,SSG,2021-04-20,@ Samsung,RP,,0.0,,0,17,1,0,2,0,0,1,0,,Away,대구 삼성 라이온즈 파크,18:30,19.7
서진용,2021,SSG,2021-04-16,vs. Kia,RP,,10.8,1.2,1 ⅔,20,2,2,1,0,0,1,0,,Home,인천 SSG 랜더스필드,18:30,11.4
서진용,2021,SSG,2021-04-15,vs. NC,RP,,0.0,0.0,1,7,0,0,0,0,0,0,0,,Home,인천 SSG 랜더스필드,18:30,12.8
서진용,2021,SSG,2021-04-10,@ LG,RP,,27.0,6.0,0 ⅓,12,1,1,1,1,1,1,0,,Away,잠실 야구장,17:00,17.0
서진용,2021,SSG,2021-04-08,vs. Hanwha,RP,,0.0,2.0,1,24,0,0,0,0,2,2,0,,Home,인천 SSG 랜더스필드,18:30,15.4
서진용,2021,SSG,2021-04-07,vs. Hanwha,RP,,0.0,1.0,1,12,0,0,0,0,1,1,0,,Home,인천 SSG 랜더스필드,18:30,15.3
서진용,2020,SK,2020-10-30,vs. LG,RP,SV,9.0,3.0,1,29,1,1,1,0,0,2,0,,Home,인천 SSG 랜더스필드,18:30,13.9
서진용,2020,SK,2020-10-23,vs. Lotte,RP,,9.0,1.0,1,13,1,1,1,1,0,0,0,,Home,인천 SSG 랜더스필드,18:30,10.3
서진용,2020,SK,2020-10-22,vs. Lotte,RP,W,0.0,0.0,1,9,0,0,0,0,0,0,0,,Home,인천 SSG 랜더스필드,18:30,13.1
서진용,2020,SK,2020-10-18,vs. KT,RP,,0.0,1.0,1,16,0,0,0,0,1,1,0,,Home,인천 SSG 랜더스필드,14:00,18.3
서진용,2020,SK,2020-10-17,vs. KT,RP,,0.0,1.5,0 ⅔,13,0,0,0,0,1,1,0,,Home,인천 SSG 랜더스필드,17:00,16.7
서진용,2020,SK,2020-10-13,@ Samsung,RP,,0.0,1.0,1,10,0,0,1,0,0,0,0,,Away,대구 삼성 라이온즈 파크,18:30,18.5
서진용,2020,SK,2020-10-11,@ Kia,RP,,6.75,1.5,1 ⅓,19,1,1,2,1,0,0,0,,Away,광주 기아 챔피언스 필드,14:00,22.0
서진용,2020,SK,2020-10-10,@ Kia,RP,SV,0.0,0.0,2,15,0,0,0,0,1,0,0,,Away,광주 기아 챔피언스 필드,17:00,22.1
서진용,2020,SK,2020-10-07,vs. Doosan,RP,W,0.0,2.0,1,19,0,0,2,0,1,0,0,,Home,인천 SSG 랜더스필드,18:30,18.8
서진용,2020,SK,2020-10-04,vs. Kiwoom,RP,,0.0,0.6,1 ⅔,23,0,0,0,0,2,1,0,,Home,인천 SSG 랜더스필드,14:00,20.2
서진용,2020,SK,2020-10-03,vs. Kiwoom,RP,,0.0,1.0,1,18,0,0,1,0,1,0,0,,Home,인천 SSG 랜더스필드,17:00,20.9
서진용,2020,SK,2020-09-29,@ NC,RP,,0.0,1.5,0 ⅔,14,0,0,1,0,0,0,0,,Away,창원 NC 파크,18:30,21.3
서진용,2020,SK,2020-09-26,@ Samsung,RP,,0.0,1.0,1,13,0,0,0,0,0,1,0,,Away,대구 삼성 라이온즈 파크,17:00,23.6
서진용,2020,SK,2020-09-25,@ Kiwoom,RP,,0.0,9.0,0 ⅓,16,0,0,3,0,0,0,0,,Away,고척 스카이돔,18:30,25.5
서진용,2020,SK,2020-09-17,vs. NC,RP,,54.0,6.0,0 ⅓,6,2,2,2,2,0,0,0,,Home,인천 SSG 랜더스필드,18:30,22.4
서진용,2020,SK,2020-09-16,@ Kia,RP,SV,0.0,1.0,1,8,0,0,1,0,2,0,0,,Away,광주 기아 챔피언스 필드,18:30,26.8
서진용,2020,SK,2020-09-12,vs. Lotte,RP,SV,0.0,3.0,1,19,0,0,2,0,0,1,0,,Home,인천 SSG 랜더스필드,17:00,24.0
서진용,2020,SK,2020-09-11,@ Hanwha,RP,SV,0.0,1.5,1 ⅓,24,0,0,1,0,1,1,0,,Away,대전 한화생명 볼파크,18:30,24.8
서진용,2020,SK,2020-09-10,@ Hanwha,RP,,0.0,0.0,1,9,0,0,0,0,2,0,0,,Away,대전 한화생명 볼파크,18:30,26.4
서진용,2020,SK,2020-09-08,vs. Kiwoom,RP,L,13.5,6.0,0 ⅔,25,1,1,1,0,1,3,0,,Home,인천 SSG 랜더스필드,18:30,25.5
서진용,2020,SK,2020-09-04,@ KT,RP,L,10.8,1.2,1 ⅔,26,2,2,1,1,1,1,0,,Away,수원 KT 위즈파크,18:30,26.2
서진용,2020,SK,2020-08-30,@ NC,RP,,27.0,4.5,0 ⅔,20,2,2,2,0,1,1,0,,Away,창원 NC 파크,17:00,30.5
서진용,2020,SK,2020-08-26,@ Lotte,RP,,0.0,3.0,0 ⅓,3,0,0,1,0,0,0,0,,Away,사직 야구장,18:30,30.9
서진용,2020,SK,2020-08-25,@ Lotte,RP,SV,0.0,1.0,1,18,1,0,1,0,0,0,0,,Away,사직 야구장,18:30,31.8
서진용,2020,SK,2020-08-21,vs. Samsung,RP,H,0.0,2.4,1 ⅔,37,0,0,1,0,1,3,0,,Home,인천 SSG 랜더스필드,18:30,29.2
서진용,2020,SK,2020-08-14,@ Kia,RP,H,13.5,1.5,1 ⅓,24,2,2,0,0,1,2,0,,Away,광주 기아 챔피언스 필드,18:30,33.0
서진용,2020,SK,2020-08-13,@ KT,RP,,0.0,0.0,1,13,0,0,0,0,2,0,0,,Away,수원 KT 위즈파크,18:30,32.2
서진용,2020,SK,2020-08-07,vs. Samsung,RP,,0.0,1.0,1,19,0,0,0,0,2,1,0,,Home,인천 SSG 랜더스필드,18:30,26.2
서진용,2020,SK,2020-07-27,@ Hanwha,RP,,0.0,0.0,1,9,0,0,0,0,1,0,0,,Away,대전 한화생명 볼파크,18:30,28.3
서진용,2020,SK,2020-07-26,@ Hanwha,RP,H,0.0,3.0,1,20,0,0,2,0,1,1,0,,Away,대전 한화생명 볼파크,17:00,28.8
서진용,2020,SK,2020-07-24,@ Hanwha,RP,H,0.0,0.0,1,13,0,0,0,0,1,0,0,,Away,대전 한화생명 볼파크,18:30,26.0
서진용,2020,SK,2020-07-19,vs. Kiwoom,RP,SV,0.0,3.0,0 ⅔,17,0,0,0,0,0,2,0,,Home,인천 SSG 랜더스필드,17:00,28.3
서진용,2020,SK,2020-07-18,vs. Kiwoom,RP,,18.0,2.0,1,16,2,2,1,1,0,1,0,,Home,인천 SSG 랜더스필드,18:00,27.5
서진용,2020,SK,2020-07-17,vs. Kiwoom,RP,SV,0.0,0.0,1,18,0,0,0,0,2,0,0,,Home,인천 SSG 랜더스필드,18:30,27.4
서진용,2020,SK,2020-07-13,@ Hanwha,RP,,0.0,3.0,0 ⅓,10,0,0,1,0,1,0,0,,Away,대전 한화생명 볼파크,18:30,22.6
서진용,2020,SK,2020-07-11,@ Hanwha,RP,H,0.0,1.0,1,19,0,0,0,0,2,1,0,,Away,대전 한화생명 볼파크,18:00,29.2
서진용,2020,SK,2020-07-08,vs. NC,RP,H,0.0,1.0,1,15,0,0,1,0,0,0,0,,Home,인천 SSG 랜더스필드,18:30,26.3
서진용,2020,SK,2020-07-05,@ Lotte,RP,H,0.0,0.0,1,17,0,0,0,0,1,0,0,,Away,사직 야구장,17:00,24.9
서진용,2020,SK,2020-07-03,@ Lotte,RP,,0.0,3.0,0 ⅓,11,0,0,1,0,0,0,0,,Away,사직 야구장,18:30,23.2
서진용,2020,SK,2020-07-02,@ Samsung,RP,,9.0,1.0,1,15,1,1,1,0,1,0,0,,Away,대구 삼성 라이온즈 파크,18:30,23.4
서진용,2020,SK,2020-06-28,vs. LG,RP,,0.0,1.0,1,16,0,0,1,0,1,0,0,,Home,인천 SSG 랜더스필드,17:00,26.9
서진용,2020,SK,2020-06-27,vs. LG,RP,,13.5,4.5,0 ⅔,25,1,1,2,0,1,1,0,,Home,인천 SSG 랜더스필드,17:00,26.0
서진용,2020,SK,2020-06-20,@ Kiwoom,RP,L,6.75,0.75,1 ⅓,23,1,1,1,1,2,0,0,,Away,고척 스카이돔,17:00,25.5
서진용,2020,SK,2020-06-16,vs. KT,RP,L,9.0,2.0,1,19,1,1,1,0,1,1,0,,Home,인천 SSG 랜더스필드,18:30,24.2
서진용,2020,SK,2020-06-14,vs. Kia,RP,H,9.0,1.0,1,15,1,1,1,1,1,0,0,,Home,인천 SSG 랜더스필드,17:00,25.3
서진용,2020,SK,2020-06-13,vs. Kia,RP,,0.0,2.0,1,25,0,0,2,0,2,0,0,,Home,인천 SSG 랜더스필드,17:00,28.8
서진용,2020,SK,2020-06-11,@ LG,RP,L,27.0,3.0,0 ⅔,24,2,2,1,1,0,1,0,,Away,잠실 야구장,18:30,29.5
서진용,2020,SK,2020-06-09,@ LG,RP,,0.0,4.5,0 ⅔,30,0,0,2,0,2,1,0,,Away,잠실 야구장,18:30,29.2
서진용,2020,SK,2020-06-06,vs. Samsung,RP,,0.0,0.0,1,10,0,0,0,0,0,0,0,,Home,인천 SSG 랜더스필드,17:00,26.5
서진용,2020,SK,2020-06-05,vs. Samsung,RP,H,0.0,0.0,1,14,0,0,0,0,2,0,0,,Home,인천 SSG 랜더스필드,18:30,24.5
서진용,2020,SK,2020-05-31,vs. Hanwha,RP,H,0.0,1.0,1,22,0,0,1,0,1,0,0,,Home,인천 SSG 랜더스필드,14:00,22.6
서진용,2020,SK,2020-05-29,vs. Hanwha,RP,,0.0,0.0,1,14,0,0,0,0,1,0,0,,Home,인천 SSG 랜더스필드,18:30,22.6
서진용,2020,SK,2020-05-28,@ Doosan,RP,,0.0,1.0,1,14,0,0,0,0,1,1,0,,Away,잠실 야구장,18:30,22.8
서진용,2020,SK,2020-05-26,@ Doosan,RP,L,0.0,4.5,0 ⅔,26,4,0,1,0,0,2,0,,Away,잠실 야구장,18:30,16.0
서진용,2020,SK,2020-05-24,vs. Kia,RP,H,0.0,0.0,1,16,0,0,0,0,0,0,0,,Home,인천 SSG 랜더스필드,14:00,16.0
서진용,2020,SK,2020-05-21,@ Kiwoom,RP,,0.0,0.0,1,24,0,0,0,0,3,0,0,,Away,고척 스카이돔,18:30,25.5
서진용,2020,SK,2020-05-20,@ Kiwoom,RP,H,0.0,0.5,2,20,0,0,1,0,1,0,0,,Away,고척 스카이돔,18:30,25.5
서진용,2020,SK,2020-05-17,vs. NC,RP,,0.0,0.0,1,4,0,0,0,0,0,0,0,,Home,인천 SSG 랜더스필드,14:00,20.6
서진용,2020,SK,2020-05-15,vs. NC,RP,L,54.0,6.0,0 ⅔,30,4,4,2,0,1,2,1,,Home,인천 SSG 랜더스필드,18:30,15.8
서진용,2020,SK,2020-05-14,@ LG,RP,,0.0,2.0,1,19,0,0,1,0,2,1,0,,Away,잠실 야구장,18:30,22.6
서진용,2020,SK,2020-05-10,@ Lotte,RP,,54.0,6.0,0 ⅓,13,2,2,2,1,0,0,0,,Away,사직 야구장,14:00,19.1
서진용,2020,SK,2020-05-08,@ Lotte,RP,,9.0,1.0,1,20,1,1,1,1,1,0,0,,Away,사직 야구장,18:30,19.3
서진용,2020,SK,2020-05-06,vs. Hanwha,RP,,0.0,0.0,1,14,0,0,0,0,2,0,0,,Home,인천 SSG 랜더스필드,18:30,23.0
송영진,2024,SSG,2024-09-23,@ Doosan,SP,L,13.5,2.0,4,78,6,6,4,1,1,4,0,27.0,Away,잠실 야구장,18:30,23.4
송영진,2024,SSG,2024-09-10,vs. Hanwha,SP,W,0.0,1.13,5 ⅓,84,0,0,3,0,2,3,0,61.0,Home,인천 SSG 랜더스필드,18:30,30.5
송영진,2024,SSG,2024-09-04,@ LG,RP,,1.5,0.83,6,82,1,1,3,1,3,2,0,,Away,잠실 야구장,18:30,31.7
송영진,2024,SSG,2024-08-28,@ Kia,SP,L,8.1,2.7,3 ⅓,70,4,3,8,1,1,1,0,30.0,Away,광주 기아 챔피언스 필드,18:30,30.8
송영진,2024,SSG,2024-08-22,@ LG,SP,L,36.0,7.0,1,51,4,4,3,0,0,4,0,27.0,Away,잠실 야구장,18:30,30.5
송영진,2024,SSG,2024-08-16,vs. Hanwha,SP,L,3.0,1.17,6,102,2,2,2,0,4,5,0,59.0,Home,인천 SSG 랜더스필드,18:30,32.3
송영진,2024,SSG,2024-08-09,vs. Doosan,SP,,16.88,3.38,2 ⅔,67,5,5,8,2,2,1,0,23.0,Home,인천 SSG 랜더스필드,18:30,31.8
송영진,2024,SSG,2024-08-03,@ Samsung,SP,L,31.5,5.5,2,68,7,7,7,0,2,4,0,12.0,Away,대구 삼성 라이온즈 파크,18:00,33.0
송영진,2024,SSG,2024-07-28,vs. Doosan,SP,W,0.0,1.24,5 ⅔,90,0,0,5,0,4,2,0,59.0,Home,인천 SSG 랜더스필드,17:00,31.8
송영진,2024,SSG,2024-07-21,vs. Kiwoom,SP,L,5.4,0.6,5,54,3,3,2,0,2,1,1,51.0,Home,인천 SSG 랜더스필드,17:00,30.7
송영진,2024,SSG,2024-07-13,@ Kia,SP,,0.0,1.29,4 ⅔,85,4,0,5,0,3,1,0,48.0,Away,광주 기아 챔피언스 필드,18:00,29.3
송영진,2024,SSG,2024-06-26,vs. KT,SP,W,4.5,1.0,6,99,3,3,5,2,5,1,0,54.0,Home,인천 SSG 랜더스필드,18:30,26.4
송영진,2024,SSG,2024-06-20,@ Samsung,SP,L,3.6,1.4,5,90,2,2,4,0,2,3,0,50.0,Away,대구 삼성 라이온즈 파크,18:30,25.4
송영진,2024,SSG,2024-06-14,@ Hanwha,SP,W,5.4,2.2,5,96,4,3,8,0,4,3,0,38.0,Away,대전 한화생명 볼파크,18:30,29.2
송영진,2024,SSG,2024-06-09,@ Lotte,SP,L,10.13,2.63,2 ⅔,59,3,3,6,0,0,1,0,33.0,Away,사직 야구장,17:00,24.0
송영진,2024,SSG,2024-06-04,vs. Samsung,SP,,0.0,0.5,6,81,0,0,3,0,5,0,0,71.0,Home,인천 SSG 랜더스필드,18:30,23.8
송영진,2024,SSG,2024-05-29,vs. LG,SP,L,2.25,1.5,4,95,3,1,4,0,2,2,0,46.0,Home,인천 SSG 랜더스필드,18:30,22.4
송영진,2024,SSG,2024-05-23,@ Doosan,SP,L,54.0,6.0,1,32,6,6,4,0,1,2,0,20.0,Away,잠실 야구장,18:30,24.1
송영진,2024,SSG,2024-05-12,@ Kia,SP,,11.25,1.75,4,81,5,5,6,1,4,1,0,33.0,Away,광주 기아 챔피언스 필드,14:00,22.6
송영진,2024,SSG,2024-05-07,@ LG,SP,W,1.8,1.0,5,83,1,1,3,1,6,2,0,61.0,Away,잠실 야구장,18:30,14.5
송영진,2024,SSG,2024-04-19,vs. LG,RP,,13.5,3.0,1 ⅓,24,2,2,4,1,1,0,0,,Home,인천 SSG 랜더스필드,18:30,17.3
송영진,2024,SSG,2024-04-12,@ KT,RP,,3.0,1.67,3,58,1,1,4,0,2,1,0,,Away,수원 KT 위즈파크,18:30,20.6
송영진,2024,SSG,2024-04-11,vs. Kiwoom,RP,,0.0,0.0,1,14,0,0,0,0,1,0,0,,Home,인천 SSG 랜더스필드,18:30,17.0
송영진,2024,SSG,2024-04-07,@ NC,RP,,9.0,2.33,3,52,3,3,4,0,1,3,0,,Away,창원 NC 파크,14:00,21.4
송영진,2024,SSG,2024-04-02,vs. Doosan,SP,,6.75,3.38,2 ⅔,74,4,2,6,0,4,3,0,35.0,Home,인천 SSG 랜더스필드,18:30,16.9
송영진,2024,SSG,2024-03-27,vs. Hanwha,RP,,2.25,0.5,4,46,1,1,1,0,5,1,0,,Home,인천 SSG 랜더스필드,18:30,10.4
송영진,2023,SSG,2023-10-07,@ NC,SP,L,6.75,1.25,4,76,3,3,5,0,5,0,1,44.0,Away,창원 NC 파크,17:00,20.7
송영진,2023,SSG,2023-10-01,vs. Kia,SP,,3.6,1.6,5,79,2,2,6,0,4,2,0,49.0,Home,인천 SSG 랜더스필드,14:00,22.2
송영진,2023,SSG,2023-09-21,vs. LG,SP,L,9.0,1.0,2,35,2,2,1,1,1,1,0,46.0,Home,인천 SSG 랜더스필드,18:30,21.5
송영진,2023,SSG,2023-09-17,@ LG,RP,,0.0,0.75,2 ⅔,41,0,0,1,0,2,1,0,,Away,잠실 야구장,14:00,28.1
송영진,2023,SSG,2023-09-10,@ KT,RP,,0.0,1.0,1,26,0,0,0,0,1,1,0,,Away,수원 KT 위즈파크,14:00,28.7
송영진,2023,SSG,2023-09-07,@ Hanwha,RP,,54.0,6.0,0 ⅓,10,2,2,2,0,0,0,0,,Away,대전 한화생명 볼파크,18:30,26.9
송영진,2023,SSG,2023-09-05,@ Hanwha,RP,,0.0,3.0,1,36,0,0,1,0,1,2,0,,Away,대전 한화생명 볼파크,18:30,29.2
송영진,2023,SSG,2023-09-01,vs. Kia,RP,,27.0,3.0,1,28,3,3,2,1,1,1,0,,Home,인천 SSG 랜더스필드,18:30,27.4
송영진,2023,SSG,2023-07-01,@ Kiwoom,RP,,0.0,2.0,1,17,1,0,1,0,1,1,0,,Away,고척 스카이돔,18:00,25.5
송영진,2023,SSG,2023-05-25,vs. LG,SP,L,27.0,4.5,2,55,6,6,6,1,0,3,0,17.0,Home,인천 SSG 랜더스필드,18:30,20.6
송영진,2023,SSG,2023-05-13,vs. Hanwha,SP,W,7.2,1.2,5,82,4,4,6,0,4,0,0,43.0,Home,인천 SSG 랜더스필드,17:00,18.2
송영진,2023,SSG,2023-05-07,@ Kiwoom,SP,,9.82,3.0,3 ⅔,82,6,4,7,0,3,4,0,26.0,Away,고척 스카이돔,14:00,25.5
송영진,2023,SSG,2023-04-26,@ LG,SP,W,3.0,1.33,6,85,3,2,5,0,3,3,0,52.0,Away,잠실 야구장,18:30,12.6
송영진,2023,SSG,2023-04-20,@ KT,SP,,6.0,2.67,3,70,3,2,2,0,2,6,0,41.0,Away,수원 KT 위즈파크,18:30,15.8
송영진,2023,SSG,2023-04-14,vs. NC,SP,W,0.0,0.4,5,82,0,0,0,0,7,2,1,71.0,Home,인천 SSG 랜더스필드,18:30,16.8
송영진,2023,SSG,2023-04-08,@ Hanwha,RP,,0.0,0.67,3,42,0,0,0,0,3,2,0,,Away,대전 한화생명 볼파크,17:00,14.7
송영진,2023,SSG,2023-04-02,vs. Kia,RP,,0.0,1.8,1 ⅔,25,0,0,1,0,0,2,0,,Home,인천 SSG 랜더스필드,14:00,22.7
김광현,2024,SSG,2024-09-28,@ Hanwha,SP,W,3.38,1.31,5 ⅓,97,2,2,3,0,6,4,0,56.0,Away,대전 한화생명 볼파크,17:00,26.2
김광현,2024,SSG,2024-09-22,@ KT,SP,W,0.0,0.83,6,93,0,0,1,0,5,4,0,71.0,Away,수원 KT 위즈파크,14:00,25.0
김광현,2024,SSG,2024-09-17,vs. Kia,SP,W,0.0,1.8,5,101,0,0,4,0,7,5,0,61.0,Home,인천 SSG 랜더스필드,18:30,30.5
김광현,2024,SSG,2024-09-11,vs. Lotte,SP,L,13.5,1.75,4,74,6,6,6,2,4,1,0,29.0,Home,인천 SSG 랜더스필드,18:30,30.8
김광현,2024,SSG,2024-09-05,@ LG,SP,W,1.5,1.5,6,103,2,1,5,0,6,4,0,58.0,Away,잠실 야구장,18:30,28.6
김광현,2024,SSG,2024-08-29,@ Kia,SP,W,6.0,1.5,6,89,4,4,8,1,3,1,0,42.0,Away,광주 기아 챔피언스 필드,18:30,31.9
김광현,2024,SSG,2024-08-23,vs. KT,SP,,3.38,2.06,5 ⅓,91,2,2,8,2,2,3,0,43.0,Home,인천 SSG 랜더스필드,18:30,30.1
김광현,2024,SSG,2024-08-17,vs. Hanwha,SP,L,4.5,1.5,6,84,5,3,8,2,6,1,0,45.0,Home,인천 SSG 랜더스필드,18:00,32.0
김광현,2024,SSG,2024-08-10,vs. Doosan,SP,,7.2,1.2,5,92,4,4,4,1,7,2,1,47.0,Home,인천 SSG 랜더스필드,18:00,32.1
김광현,2024,SSG,2024-08-04,@ Samsung,SP,L,12.0,3.0,3,80,4,4,3,0,4,6,2,33.0,Away,대구 삼성 라이온즈 파크,17:00,32.8
김광현,2024,SSG,2024-07-30,vs. Lotte,SP,W,7.2,2.0,5,103,5,4,8,0,5,2,1,35.0,Home,인천 SSG 랜더스필드,18:30,30.7
김광현,2024,SSG,2024-07-24,@ KT,SP,,1.5,1.17,6,89,1,1,5,0,4,2,0,60.0,Away,수원 KT 위즈파크,18:30,31.2
김광현,2024,SSG,2024-07-17,@ LG,SP,L,24.0,3.33,3,73,8,8,9,2,2,1,0,10.0,Away,잠실 야구장,18:30,27.6
김광현,2024,SSG,2024-07-10,vs. Lotte,SP,L,4.5,1.5,6,98,4,3,8,0,6,1,0,47.0,Home,인천 SSG 랜더스필드,18:30,29.1
김광현,2024,SSG,2024-07-04,@ NC,SP,,0.0,0.29,7,91,0,0,2,0,7,0,0,80.0,Away,창원 NC 파크,18:30,30.2
김광현,2024,SSG,2024-06-28,@ Doosan,SP,L,10.8,1.8,5,77,7,6,6,1,4,3,0,30.0,Away,잠실 야구장,18:30,28.6
김광현,2024,SSG,2024-06-22,vs. NC,SP,W,4.5,1.33,6,94,3,3,4,2,5,4,0,53.0,Home,인천 SSG 랜더스필드,17:00,26.1
김광현,2024,SSG,2024-06-15,@ Hanwha,SP,W,1.8,1.6,5,84,1,1,5,0,6,3,0,56.0,Away,대전 한화생명 볼파크,17:00,28.4
김광현,2024,SSG,2024-06-09,@ Lotte,SP,W,0.0,1.33,6,88,0,0,6,0,4,2,0,62.0,Away,사직 야구장,17:00,24.0
김광현,2024,SSG,2024-05-28,vs. LG,SP,L,23.63,4.13,2 ⅔,81,7,7,7,2,0,4,0,12.0,Home,인천 SSG 랜더스필드,18:30,24.6
김광현,2024,SSG,2024-05-22,@ Doosan,SP,,1.5,0.5,6,90,1,1,2,0,6,1,1,68.0,Away,잠실 야구장,18:30,24.4
김광현,2024,SSG,2024-05-16,vs. Samsung,SP,,3.18,1.76,5 ⅔,95,2,2,6,1,3,4,0,48.0,Home,인천 SSG 랜더스필드,18:30,16.0
김광현,2024,SSG,2024-05-09,@ LG,SP,L,4.26,0.95,6 ⅓,94,3,3,3,0,6,3,0,58.0,Away,잠실 야구장,18:30,19.1
김광현,2024,SSG,2024-05-03,vs. NC,SP,L,14.54,2.31,4 ⅓,97,7,7,8,1,5,2,0,22.0,Home,인천 SSG 랜더스필드,18:30,21.5
김광현,2024,SSG,2024-04-27,vs. KT,SP,L,7.2,1.6,5,87,4,4,8,3,8,0,0,43.0,Home,인천 SSG 랜더스필드,17:00,20.2
김광현,2024,SSG,2024-04-21,vs. LG,SP,,7.5,1.33,6,94,5,5,7,1,7,1,0,44.0,Home,인천 SSG 랜더스필드,14:00,19.8
김광현,2024,SSG,2024-04-16,vs. Kia,SP,,3.0,1.0,6,86,2,2,5,1,5,1,0,58.0,Home,인천 SSG 랜더스필드,18:30,11.5
김광현,2024,SSG,2024-04-10,vs. Kiwoom,SP,W,3.0,0.83,6,93,2,2,4,1,6,1,1,60.0,Home,인천 SSG 랜더스필드,18:30,13.5
김광현,2024,SSG,2024-04-04,vs. Doosan,SP,,0.0,0.75,2 ⅔,41,0,0,1,0,2,1,0,57.0,Home,인천 SSG 랜더스필드,18:30,16.7
김광현,2024,SSG,2024-03-29,@ Samsung,SP,W,1.5,1.0,6,102,1,1,2,0,7,4,0,67.0,Away,대구 삼성 라이온즈 파크,18:30,14.7
김광현,2024,SSG,2024-03-23,vs. Lotte,SP,W,5.4,1.6,5,96,3,3,6,1,6,2,0,47.0,Home,인천 SSG 랜더스필드,14:00,14.9
김광현,2023,SSG,2023-10-17,vs. Doosan,SP,W,0.0,0.83,6,81,0,0,3,0,4,2,0,68.0,Home,인천 SSG 랜더스필드,18:30,16.7
김광현,2023,SSG,2023-10-10,@ Kia,SP,,3.6,2.0,5,94,4,2,6,0,6,4,0,45.0,Away,광주 기아 챔피언스 필드,18:30,19.6
김광현,2023,SSG,2023-10-04,vs. NC,SP,W,1.5,1.33,6,91,4,1,7,0,5,1,1,51.0,Home,인천 SSG 랜더스필드,18:30,20.4
김광현,2023,SSG,2023-09-27,vs. Doosan,SP,,0.0,1.33,6,95,0,0,5,0,2,3,0,61.0,Home,인천 SSG 랜더스필드,18:30,24.6
김광현,2023,SSG,2023-09-22,vs. Lotte,SP,L,3.86,1.29,7,107,3,3,7,1,2,2,0,51.0,Home,인천 SSG 랜더스필드,18:30,23.9
김광현,2023,SSG,2023-09-17,@ LG,SP,,3.6,1.0,5,79,3,2,4,1,6,1,0,54.0,Away,잠실 야구장,14:00,28.1
김광현,2023,SSG,2023-09-12,vs. KT,SP,L,1.5,1.0,6,109,1,1,4,0,5,2,0,63.0,Home,인천 SSG 랜더스필드,18:30,27.8
김광현,2023,SSG,2023-09-06,@ Hanwha,SP,,9.82,3.0,3 ⅔,104,4,4,9,0,5,2,1,29.0,Away,대전 한화생명 볼파크,18:30,28.2
김광현,2023,SSG,2023-08-31,vs. Kiwoom,SP,,2.57,1.14,7,98,2,2,6,0,5,2,0,60.0,Home,인천 SSG 랜더스필드,18:30,26.6
김광현,2023,SSG,2023-08-25,@ Doosan,SP,L,13.5,2.5,4,61,7,6,9,0,1,1,0,18.0,Away,잠실 야구장,18:30,29.5
김광현,2023,SSG,2023-08-19,vs. LG,SP,L,6.75,1.8,6 ⅔,97,5,5,8,0,3,4,0,37.0,Home,인천 SSG 랜더스필드,18:00,30.1
김광현,2023,SSG,2023-08-13,vs. Samsung,SP,W,0.0,0.71,7,99,0,0,3,0,3,2,0,72.0,Home,인천 SSG 랜더스필드,17:00,30.3
김광현,2023,SSG,2023-08-08,vs. NC,SP,L,1.5,1.17,6,99,1,1,5,0,4,2,0,60.0,Home,인천 SSG 랜더스필드,18:30,34.1
김광현,2023,SSG,2023-08-02,@ KT,SP,L,1.29,1.0,7,102,1,1,4,0,2,3,0,64.0,Away,수원 KT 위즈파크,18:30,31.6
김광현,2023,SSG,2023-07-27,@ Samsung,SP,,6.75,2.25,4,97,4,3,4,1,3,5,0,38.0,Away,대구 삼성 라이온즈 파크,18:30,30.6
김광현,2023,SSG,2023-07-21,@ LG,SP,W,6.0,1.5,6,97,4,4,7,0,2,2,0,42.0,Away,잠실 야구장,18:30,33.3
김광현,2023,SSG,2023-07-12,vs. Doosan,SP,,0.0,0.95,6 ⅓,97,0,0,4,0,3,2,0,66.0,Home,인천 SSG 랜더스필드,18:30,28.8
김광현,2023,SSG,2023-07-06,vs. Kia,SP,L,14.54,2.54,4 ⅓,94,7,7,8,2,1,3,0,17.0,Home,인천 SSG 랜더스필드,18:30,29.7
김광현,2023,SSG,2023-06-30,@ Kiwoom,SP,W,1.17,0.78,7 ⅔,111,1,1,5,0,9,1,0,73.0,Away,고척 스카이돔,18:30,25.5
김광현,2023,SSG,2023-06-23,vs. Samsung,SP,W,0.0,0.86,7,94,0,0,4,0,3,2,0,70.0,Home,인천 SSG 랜더스필드,18:30,27.6
김광현,2023,SSG,2023-06-17,vs. Lotte,SP,,5.4,2.2,5,97,3,3,6,1,4,5,0,42.0,Home,인천 SSG 랜더스필드,17:00,24.7
김광현,2023,SSG,2023-06-11,@ NC,SP,,8.31,1.62,4 ⅓,83,4,4,5,1,4,2,0,39.0,Away,창원 NC 파크,17:00,25.4
김광현,2023,SSG,2023-05-20,@ Lotte,SP,W,0.0,0.17,6,88,0,0,1,0,9,0,0,79.0,Away,사직 야구장,17:00,20.3
김광현,2023,SSG,2023-05-14,vs. Hanwha,SP,,2.84,1.42,6 ⅓,97,2,2,6,0,5,3,0,55.0,Home,인천 SSG 랜더스필드,14:00,20.8
김광현,2023,SSG,2023-05-09,@ Kia,SP,L,4.5,1.33,6,85,3,3,6,1,6,2,0,52.0,Away,광주 기아 챔피언스 필드,18:30,21.7
김광현,2023,SSG,2023-05-03,vs. KT,SP,,1.8,1.4,5,100,2,1,6,0,5,1,0,53.0,Home,인천 SSG 랜더스필드,18:30,20.6
김광현,2023,SSG,2023-04-27,@ LG,SP,,6.75,2.0,4,89,3,3,6,1,2,2,0,38.0,Away,잠실 야구장,18:30,18.5
김광현,2023,SSG,2023-04-21,vs. Kiwoom,SP,W,1.5,0.83,6,96,1,1,3,1,6,2,0,66.0,Home,인천 SSG 랜더스필드,18:30,18.0
김광현,2023,SSG,2023-04-08,@ Hanwha,SP,,15.0,4.0,3,70,5,5,8,1,1,4,0,20.0,Away,대전 한화생명 볼파크,17:00,14.7
김광현,2023,SSG,2023-04-01,vs. Kia,SP,W,1.8,1.4,5,87,1,1,4,0,3,3,0,55.0,Home,인천 SSG 랜더스필드,14:00,21.2
김광현,2022,SSG,2022-10-05,@ Doosan,SP,L,6.0,1.17,6,100,4,4,6,1,8,1,0,51.0,Away,잠실 야구장,18:30,17.7
김광현,2022,SSG,2022-09-29,vs. Kiwoom,SP,,4.5,1.17,6,94,3,3,6,1,3,1,0,50.0,Home,인천 SSG 랜더스필드,18:30,22.3
김광현,2022,SSG,2022-09-23,vs. Hanwha,SP,W,3.0,0.83,6,93,2,2,2,0,3,3,0,60.0,Home,인천 SSG 랜더스필드,18:30,18.3
김광현,2022,SSG,2022-09-17,vs. Doosan,SP,,0.0,1.0,7,97,0,0,5,0,6,2,0,71.0,Home,인천 SSG 랜더스필드,17:00,28.5
김광현,2022,SSG,2022-09-11,@ Hanwha,SP,W,0.0,0.83,6,83,0,0,4,0,8,1,0,71.0,Away,대전 한화생명 볼파크,14:00,27.0
김광현,2022,SSG,2022-09-06,@ LG,SP,W,6.0,1.0,6,93,4,4,6,1,3,0,1,46.0,Away,잠실 야구장,18:30,25.2
김광현,2022,SSG,2022-08-28,vs. Lotte,SP,,0.0,1.76,5 ⅔,100,1,0,4,0,4,6,0,57.0,Home,인천 SSG 랜더스필드,17:00,25.7
김광현,2022,SSG,2022-08-23,vs. Samsung,SP,,1.8,1.6,5,95,2,1,6,0,6,2,0,53.0,Home,인천 SSG 랜더스필드,18:30,26.8
김광현,2022,SSG,2022-08-17,@ Kia,SP,,3.86,1.0,7,99,3,3,6,1,7,1,0,59.0,Away,광주 기아 챔피언스 필드,18:30,30.3
김광현,2022,SSG,2022-08-10,vs. KT,SP,W,3.6,1.8,5,93,2,2,7,1,5,2,0,48.0,Home,인천 SSG 랜더스필드,18:30,25.9
김광현,2022,SSG,2022-08-03,@ Kiwoom,SP,L,3.0,1.33,6,106,2,2,5,0,5,3,2,54.0,Away,고척 스카이돔,18:30,25.5
김광현,2022,SSG,2022-07-28,vs. LG,SP,,3.86,0.71,7,98,3,3,4,1,6,1,0,62.0,Home,인천 SSG 랜더스필드,18:30,31.1
김광현,2022,SSG,2022-07-22,@ Doosan,SP,,0.0,0.63,8,98,0,0,4,0,4,1,0,77.0,Away,잠실 야구장,18:30,28.5
김광현,2022,SSG,2022-07-08,@ Samsung,SP,W,5.14,2.14,7,100,4,4,14,2,3,1,0,35.0,Away,대구 삼성 라이온즈 파크,18:30,29.5
김광현,2022,SSG,2022-07-02,vs. Kia,SP,,0.0,0.55,3 ⅔,60,0,0,2,0,4,0,1,60.0,Home,인천 SSG 랜더스필드,18:00,31.2
김광현,2022,SSG,2022-06-25,vs. NC,SP,W,0.0,1.33,6,106,0,0,7,0,3,1,0,60.0,Home,인천 SSG 랜더스필드,17:00,27.8
김광현,2022,SSG,2022-06-18,@ Lotte,SP,W,3.6,1.4,5,91,2,2,6,0,4,1,0,50.0,Away,사직 야구장,17:00,27.6
김광현,2022,SSG,2022-06-07,@ NC,SP,L,1.29,0.86,7,87,5,1,5,0,5,1,0,59.0,Away,창원 NC 파크,18:30,19.7
김광현,2022,SSG,2022-06-01,vs. KT,SP,,1.5,1.33,6,104,1,1,6,0,5,2,0,59.0,Home,인천 SSG 랜더스필드,18:30,21.0
김광현,2022,SSG,2022-05-26,vs. Lotte,SP,,3.0,1.33,6,98,2,2,4,0,10,4,0,62.0,Home,인천 SSG 랜더스필드,18:30,18.1
김광현,2022,SSG,2022-05-20,vs. LG,SP,,5.14,1.29,7,104,4,4,7,1,3,2,0,48.0,Home,인천 SSG 랜더스필드,18:30,20.3
김광현,2022,SSG,2022-05-14,vs. NC,SP,W,1.29,1.0,7,99,1,1,5,0,9,2,1,69.0,Home,인천 SSG 랜더스필드,17:00,16.1
김광현,2022,SSG,2022-05-08,@ Kiwoom,SP,W,0.0,0.67,6,84,0,0,3,0,8,1,0,73.0,Away,고척 스카이돔,14:00,25.5
김광현,2022,SSG,2022-05-03,vs. Hanwha,SP,W,1.29,1.14,7,98,1,1,7,0,8,1,0,66.0,Home,인천 SSG 랜더스필드,18:30,14.5
김광현,2022,SSG,2022-04-27,@ Lotte,SP,,0.0,0.67,6,100,1,0,2,0,10,2,0,74.0,Away,사직 야구장,18:30,16.0
김광현,2022,SSG,2022-04-21,vs. Kiwoom,SP,W,1.5,0.83,6,91,1,1,3,1,5,2,0,65.0,Home,인천 SSG 랜더스필드,18:30,15.1
김광현,2022,SSG,2022-04-15,vs. Samsung,SP,W,0.0,0.57,7,89,0,0,4,0,3,0,0,72.0,Home,인천 SSG 랜더스필드,18:30,12.6
김광현,2022,SSG,2022-04-09,vs. Kia,SP,W,0.0,0.33,6,74,0,0,1,0,5,1,0,74.0,Home,인천 SSG 랜더스필드,17:00,18.3
최민준,2024,SSG,2024-07-12,@ Kia,RP,,27.0,4.2,1 ⅔,33,5,5,5,2,0,2,0,,Away,광주 기아 챔피언스 필드,18:30,30.6
최민준,2024,SSG,2024-06-23,vs. NC,RP,,0.0,,0,19,5,5,5,0,0,1,0,,Home,인천 SSG 랜더스필드,17:00,27.5
최민준,2024,SSG,2024-06-19,@ Samsung,RP,,40.5,4.5,0 ⅔,15,3,3,2,2,1,1,0,,Away,대구 삼성 라이온즈 파크,18:30,26.6
최민준,2024,SSG,2024-06-16,@ Hanwha,RP,,0.0,2.25,1 ⅓,30,0,0,1,0,3,2,0,,Away,대전 한화생명 볼파크,17:00,27.4
최민준,2024,SSG,2024-06-15,@ Hanwha,RP,,0.0,3.0,1,23,0,0,3,0,2,0,0,,Away,대전 한화생명 볼파크,17:00,28.4
최민준,2024,SSG,2024-06-13,vs. Kia,RP,,0.0,0.5,2,16,0,0,1,0,1,0,0,,Home,인천 SSG 랜더스필드,18:30,26.5
최민준,2024,SSG,2024-06-11,vs. Kia,RP,,0.0,2.25,1 ⅓,24,0,0,2,0,2,1,0,,Home,인천 SSG 랜더스필드,18:30,24.6
최민준,2024,SSG,2024-06-07,@ Lotte,RP,,0.0,1.09,3 ⅔,59,0,0,3,0,2,1,0,,Away,사직 야구장,18:30,23.5
최민준,2024,SSG,2024-06-01,@ Kiwoom,RP,,0.0,1.0,1,9,0,0,1,0,1,0,0,,Away,고척 스카이돔,17:00,25.5
최민준,2024,SSG,2024-05-29,vs. LG,RP,,0.0,12.0,0 ⅓,22,2,0,2,0,0,2,0,,Home,인천 SSG 랜더스필드,18:30,22.4
최민준,2024,SSG,2024-05-28,vs. LG,RP,,0.0,0.0,1,20,0,0,0,0,1,0,0,,Home,인천 SSG 랜더스필드,18:30,24.6
최민준,2024,SSG,2024-05-25,vs. Hanwha,RP,,0.0,0.0,0 ⅔,13,0,0,0,0,1,0,0,,Home,인천 SSG 랜더스필드,17:00,19.6
최민준,2024,SSG,2024-05-23,@ Doosan,RP,,40.5,4.5,0 ⅔,17,3,3,3,1,2,0,0,,Away,잠실 야구장,18:30,24.1
최민준,2024,SSG,2024-05-19,@ Kiwoom,RP,,81.0,12.0,0 ⅓,18,3,3,3,0,0,1,0,,Away,고척 스카이돔,14:00,25.5
최민준,2024,SSG,2024-05-17,@ Kiwoom,RP,,0.0,1.2,1 ⅔,26,0,0,2,0,2,0,0,,Away,고척 스카이돔,18:30,25.5
최민준,2024,SSG,2024-05-16,vs. Samsung,RP,,27.0,3.0,0 ⅓,4,1,1,1,1,0,0,0,,Home,인천 SSG 랜더스필드,18:30,16.0
최민준,2024,SSG,2024-05-14,vs. Samsung,RP,,0.0,1.0,1,20,0,0,1,0,1,0,0,,Home,인천 SSG 랜더스필드,18:30,19.2
최민준,2024,SSG,2024-05-12,@ Kia,RP,,0.0,1.0,1,20,0,0,1,0,0,0,0,,Away,광주 기아 챔피언스 필드,14:00,22.6
최민준,2024,SSG,2024-05-12,@ Kia,RP,,0.0,0.0,0 ⅔,8,0,0,0,0,2,0,0,,Away,광주 기아 챔피언스 필드,14:00,22.6
최민준,2024,SSG,2024-05-10,@ Kia,RP,W,0.0,3.0,1,20,0,0,3,0,1,0,0,,Away,광주 기아 챔피언스 필드,18:30,22.0
최민준,2024,SSG,2024-05-08,@ LG,RP,,0.0,0.0,1 ⅓,16,0,0,0,0,1,0,0,,Away,잠실 야구장,18:30,18.6
최민준,2024,SSG,2024-05-04,vs. NC,RP,,6.75,2.25,1 ⅓,27,1,1,2,0,1,1,2,,Home,인천 SSG 랜더스필드,17:00,23.2
최민준,2024,SSG,2024-05-01,@ Hanwha,RP,,0.0,2.0,1,20,0,0,1,0,1,1,0,,Away,대전 한화생명 볼파크,18:30,19.5
최민준,2024,SSG,2024-04-30,@ Hanwha,RP,,0.0,0.86,2 ⅓,28,0,0,1,0,2,1,0,,Away,대전 한화생명 볼파크,18:30,17.2
최민준,2024,SSG,2024-04-17,vs. Kia,RP,,13.5,2.5,2,43,3,3,3,1,0,2,0,,Home,인천 SSG 랜더스필드,18:30,14.5
최민준,2024,SSG,2024-04-13,@ KT,RP,,27.0,4.5,1 ⅓,41,4,4,4,0,2,2,0,,Away,수원 KT 위즈파크,17:00,23.5
최민준,2024,SSG,2024-04-11,vs. Kiwoom,RP,,0.0,1.5,0 ⅔,12,0,0,1,0,1,0,0,,Home,인천 SSG 랜더스필드,18:30,17.0
최민준,2024,SSG,2024-04-06,@ NC,RP,,9.0,2.5,2,45,2,2,3,1,1,2,1,,Away,창원 NC 파크,17:00,19.0
최민준,2024,SSG,2024-04-04,vs. Doosan,RP,,3.38,0.75,2 ⅔,47,1,1,2,0,3,0,0,,Home,인천 SSG 랜더스필드,18:30,16.7
최민준,2024,SSG,2024-03-31,@ Samsung,RP,,0.0,2.0,1,28,0,0,0,0,2,2,0,,Away,대구 삼성 라이온즈 파크,14:00,15.1
최민준,2024,SSG,2024-03-28,vs. Hanwha,RP,,9.0,5.0,1,33,1,1,3,0,1,2,0,,Home,인천 SSG 랜더스필드,18:30,10.9
최민준,2024,SSG,2024-03-26,vs. Hanwha,RP,,13.5,1.5,1 ⅓,26,2,2,2,1,3,0,0,,Home,인천 SSG 랜더스필드,18:30,7.8
최민준,2023,SSG,2023-10-17,vs. Doosan,RP,,0.0,1.0,2,18,0,0,2,0,0,0,0,,Home,인천 SSG 랜더스필드,18:30,16.7
최민준,2023,SSG,2023-10-14,@ Samsung,RP,,9.0,3.0,1,15,1,1,3,0,0,0,0,,Away,대구 삼성 라이온즈 파크,17:00,21.8
최민준,2023,SSG,2023-10-10,@ Kia,RP,,0.0,3.0,0 ⅓,10,0,0,1,0,0,0,0,,Away,광주 기아 챔피언스 필드,18:30,19.6
최민준,2023,SSG,2023-10-08,@ NC,RP,,13.5,1.5,0 ⅔,11,1,1,1,1,0,0,0,,Away,창원 NC 파크,14:00,20.8
최민준,2023,SSG,2023-10-07,@ NC,RP,,0.0,3.0,1,18,0,0,2,0,2,1,0,,Away,창원 NC 파크,17:00,20.7
최민준,2023,SSG,2023-10-05,vs. NC,RP,H,0.0,0.0,1,10,0,0,0,0,1,0,0,,Home,인천 SSG 랜더스필드,18:30,16.5
최민준,2023,SSG,2023-10-04,vs. NC,RP,,0.0,0.0,1,13,0,0,0,0,0,0,1,,Home,인천 SSG 랜더스필드,18:30,20.4
최민준,2023,SSG,2023-10-03,vs. NC,RP,W,0.0,2.0,1,13,0,0,2,0,0,0,0,,Home,인천 SSG 랜더스필드,18:30,20.6
최민준,2023,SSG,2023-10-01,vs. Kia,RP,,0.0,1.2,1 ⅔,20,0,0,2,0,2,0,0,,Home,인천 SSG 랜더스필드,14:00,22.2
최민준,2023,SSG,2023-09-28,@ Kiwoom,RP,,0.0,0.6,1 ⅔,25,0,0,1,0,4,0,0,,Away,고척 스카이돔,18:30,25.5
최민준,2023,SSG,2023-09-27,vs. Doosan,RP,,0.0,1.5,1 ⅓,15,0,0,1,0,0,1,0,,Home,인천 SSG 랜더스필드,18:30,24.6
최민준,2023,SSG,2023-09-24,vs. Lotte,RP,,3.38,1.5,2 ⅔,35,1,1,3,0,1,1,0,,Home,인천 SSG 랜더스필드,14:00,24.4
최민준,2023,SSG,2023-09-16,@ LG,RP,,27.0,4.0,1,28,3,3,4,0,1,0,0,,Away,잠실 야구장,17:00,27.7
최민준,2023,SSG,2023-08-31,vs. Kiwoom,RP,,0.0,,0,5,2,2,2,0,0,0,0,,Home,인천 SSG 랜더스필드,18:30,26.6
최민준,2023,SSG,2023-08-30,vs. Kiwoom,RP,,0.0,,0,15,4,4,4,0,0,0,0,,Home,인천 SSG 랜더스필드,18:30,25.1
최민준,2023,SSG,2023-08-27,@ Doosan,RP,,0.0,0.6,1 ⅔,26,0,0,0,0,2,1,0,,Away,잠실 야구장,17:00,29.8
최민준,2023,SSG,2023-08-26,@ Doosan,RP,,0.0,,0,9,0,0,1,0,0,1,0,,Away,잠실 야구장,18:00,29.3
최민준,2023,SSG,2023-08-18,vs. LG,RP,L,10.13,2.25,2 ⅔,45,3,3,5,2,1,1,0,,Home,인천 SSG 랜더스필드,18:30,30.5
최민준,2023,SSG,2023-08-16,@ Lotte,RP,,0.0,1.5,0 ⅔,14,0,0,1,0,1,0,0,,Away,사직 야구장,18:30,27.6
최민준,2023,SSG,2023-08-15,@ Lotte,RP,,13.5,4.5,0 ⅔,22,1,1,3,0,0,0,0,,Away,사직 야구장,18:30,30.0
최민준,2023,SSG,2023-08-13,vs. Samsung,RP,,0.0,0.0,1,13,0,0,0,0,0,0,0,,Home,인천 SSG 랜더스필드,17:00,30.3
최민준,2023,SSG,2023-08-11,vs. Samsung,RP,,0.0,0.0,1,7,0,0,0,0,1,0,0,,Home,인천 SSG 랜더스필드,18:30,27.2
최민준,2023,SSG,2023-08-09,vs. NC,RP,,0.0,,0,6,0,0,0,0,0,1,0,,Home,인천 SSG 랜더스필드,18:30,31.0
최민준,2023,SSG,2023-08-08,vs. NC,RP,,0.0,1.0,1,18,0,0,1,0,0,0,0,,Home,인천 SSG 랜더스필드,18:30,34.1
최민준,2023,SSG,2023-06-22,@ Doosan,RP,SV,9.0,1.0,1,21,1,1,1,1,1,0,0,,Away,잠실 야구장,18:30,25.8
최민준,2023,SSG,2023-06-20,@ Doosan,RP,,5.4,1.8,1 ⅔,34,1,1,2,0,0,1,0,,Away,잠실 야구장,18:30,25.7
최민준,2023,SSG,2023-06-17,vs. Lotte,RP,,18.0,4.0,1,28,2,2,3,0,0,1,0,,Home,인천 SSG 랜더스필드,17:00,24.7
최민준,2023,SSG,2023-06-15,vs. KT,RP,,4.5,0.5,2,25,1,1,1,1,1,0,0,,Home,인천 SSG 랜더스필드,18:30,24.7
최민준,2023,SSG,2023-06-11,@ NC,RP,,0.0,0.0,1,11,0,0,0,0,1,0,0,,Away,창원 NC 파크,17:00,25.4
최민준,2023,SSG,2023-06-08,@ Kia,RP,H,0.0,0.5,2,33,0,0,0,0,3,1,0,,Away,광주 기아 챔피언스 필드,18:30,25.8
최민준,2023,SSG,2023-06-04,vs. Kiwoom,RP,L,9.0,1.5,2,34,2,2,2,2,1,1,0,,Home,인천 SSG 랜더스필드,17:00,21.7
최민준,2023,SSG,2023-06-02,vs. Kiwoom,RP,,0.0,1.0,1,14,0,0,1,0,1,0,0,,Home,인천 SSG 랜더스필드,18:30,22.3
최민준,2023,SSG,2023-05-31,vs. Samsung,RP,,0.0,1.5,1 ⅓,17,0,0,1,0,0,1,0,,Home,인천 SSG 랜더스필드,18:30,22.6
최민준,2023,SSG,2023-05-26,@ Doosan,RP,W,0.0,0.0,1 ⅓,17,0,0,0,0,0,0,0,,Away,잠실 야구장,18:30,24.7
최민준,2023,SSG,2023-05-24,vs. LG,RP,H,0.0,1.2,1 ⅔,34,0,0,1,0,2,1,0,,Home,인천 SSG 랜더스필드,18:30,20.5
최민준,2023,SSG,2023-05-21,@ Lotte,RP,H,0.0,3.0,0 ⅔,23,0,0,0,0,0,2,0,,Away,사직 야구장,14:00,22.3
최민준,2023,SSG,2023-05-19,@ Lotte,RP,,9.0,3.0,1,20,1,1,3,0,1,0,0,,Away,사직 야구장,18:30,20.6
최민준,2023,SSG,2023-05-07,@ Kiwoom,RP,,0.0,0.5,2,23,0,0,1,0,0,0,0,,Away,고척 스카이돔,14:00,25.5
최민준,2023,SSG,2023-05-03,vs. KT,RP,,0.0,2.0,1,30,0,0,2,0,2,0,0,,Home,인천 SSG 랜더스필드,18:30,20.6
최민준,2023,SSG,2023-04-29,vs. Doosan,RP,,0.0,0.0,1,8,0,0,0,0,0,0,0,,Home,인천 SSG 랜더스필드,17:00,11.4
최민준,2023,SSG,2023-04-27,@ LG,RP,L,9.0,3.0,1,21,1,1,3,0,0,0,0,,Away,잠실 야구장,18:30,18.5
최민준,2023,SSG,2023-04-26,@ LG,RP,H,0.0,0.0,1,11,0,0,0,0,2,0,0,,Away,잠실 야구장,18:30,12.6
최민준,2023,SSG,2023-04-23,vs. Kiwoom,RP,W,18.0,4.0,1,29,2,2,2,0,0,2,0,,Home,인천 SSG 랜더스필드,14:00,20.5
최민준,2023,SSG,2023-04-22,vs. Kiwoom,RP,W,0.0,2.0,1,12,0,0,2,0,0,0,0,,Home,인천 SSG 랜더스필드,17:00,20.6
최민준,2023,SSG,2023-04-20,@ KT,RP,W,0.0,1.5,2,32,0,0,2,0,2,1,0,,Away,수원 KT 위즈파크,18:30,15.8
최민준,2023,SSG,2023-04-18,@ KT,RP,,0.0,1.0,1,14,0,0,1,0,0,0,0,,Away,수원 KT 위즈파크,18:30,17.3
최민준,2023,SSG,2023-04-15,vs. NC,RP,,0.0,3.0,0 ⅔,15,0,0,1,0,1,1,0,,Home,인천 SSG 랜더스필드,17:00,8.1
최민준,2023,SSG,2023-04-13,@ Samsung,RP,,9.0,2.0,1,23,1,1,2,0,1,0,0,,Away,대구 삼성 라이온즈 파크,18:30,16.9
최민준,2023,SSG,2023-04-11,@ Samsung,RP,,0.0,1.5,0 ⅔,11,0,0,1,0,0,0,0,,Away,대구 삼성 라이온즈 파크,18:30,17.6
최민준,2023,SSG,2023-04-09,@ Hanwha,RP,H,0.0,2.0,1,21,0,0,2,0,0,0,0,,Away,대전 한화생명 볼파크,14:00,18.0
최민준,2023,SSG,2023-04-08,@ Hanwha,RP,,0.0,0.0,1,13,0,0,0,0,1,0,0,,Away,대전 한화생명 볼파크,17:00,14.7
최민준,2023,SSG,2023-04-07,@ Hanwha,RP,,0.0,2.0,1,18,1,0,2,0,1,0,0,,Away,대전 한화생명 볼파크,18:30,11.9
최민준,2023,SSG,2023-04-01,vs. Kia,RP,H,0.0,0.0,1,22,0,0,0,0,0,0,0,,Home,인천 SSG 랜더스필드,14:00,21.2
최민준,2022,SSG,2022-10-06,@ NC,SP,L,9.0,1.33,3,54,3,3,4,0,2,0,0,41.0,Away,창원 NC 파크,18:30,17.4
최민준,2022,SSG,2022-10-03,@ Hanwha,RP,,0.0,6.0,0 ⅓,17,0,0,1,0,0,1,1,,Away,대전 한화생명 볼파크,18:30,25.2
최민준,2022,SSG,2022-09-24,vs. Doosan,RP,,27.0,5.0,1,31,3,3,3,0,1,2,0,,Home,인천 SSG 랜더스필드,17:00,21.9
최민준,2022,SSG,2022-09-23,vs. Hanwha,RP,H,0.0,1.0,1,11,0,0,0,0,1,1,0,,Home,인천 SSG 랜더스필드,18:30,18.3
최민준,2022,SSG,2022-09-21,vs. KT,RP,L,6.75,1.5,1 ⅓,19,2,1,2,0,0,0,0,,Home,인천 SSG 랜더스필드,18:30,21.2
최민준,2022,SSG,2022-09-16,@ NC,RP,,0.0,0.0,1,8,0,0,0,0,1,0,0,,Away,창원 NC 파크,18:30,28.3
최민준,2022,SSG,2022-09-10,@ Hanwha,RP,,0.0,2.0,1,22,0,0,0,0,1,2,0,,Away,대전 한화생명 볼파크,17:00,24.6
최민준,2022,SSG,2022-09-08,vs. Kia,RP,,0.0,0.38,2 ⅔,27,0,0,1,0,0,0,0,,Home,인천 SSG 랜더스필드,18:30,25.7
최민준,2022,SSG,2022-08-27,vs. Lotte,RP,,0.0,1.0,1,21,0,0,1,0,2,0,0,,Home,인천 SSG 랜더스필드,18:00,23.1
최민준,2022,SSG,2022-08-26,@ KT,RP,,0.0,3.0,1,19,2,0,1,1,0,2,0,,Away,수원 KT 위즈파크,18:30,26.5
최민준,2022,SSG,2022-08-24,vs. Samsung,RP,,13.5,2.25,1 ⅓,27,2,2,3,0,1,0,0,,Home,인천 SSG 랜더스필드,18:30,26.4
최민준,2022,SSG,2022-08-20,@ Kiwoom,RP,,9.0,2.0,1,16,1,1,1,0,0,1,0,,Away,고척 스카이돔,18:00,25.5
최민준,2022,SSG,2022-08-18,vs. LG,RP,,0.0,0.0,1,8,0,0,0,0,0,0,0,,Home,인천 SSG 랜더스필드,18:30,27.5
최민준,2022,SSG,2022-08-12,vs. KT,RP,,0.0,1.0,1,15,2,0,1,1,2,0,0,,Home,인천 SSG 랜더스필드,18:30,29.1
최민준,2022,SSG,2022-08-11,vs. KT,RP,W,0.0,0.0,1,11,0,0,0,0,1,0,0,,Home,인천 SSG 랜더스필드,18:30,27.0
최민준,2022,SSG,2022-08-06,vs. Samsung,RP,,3.0,0.33,3,45,1,1,1,1,3,0,0,,Home,인천 SSG 랜더스필드,18:00,31.3
최민준,2022,SSG,2022-08-05,vs. Samsung,RP,L,54.0,6.0,0 ⅓,15,2,2,1,0,0,1,0,,Home,인천 SSG 랜더스필드,18:30,31.2
최민준,2022,SSG,2022-08-04,@ Kiwoom,RP,,0.0,1.0,1,10,0,0,1,0,0,0,0,,Away,고척 스카이돔,18:30,25.5
최민준,2022,SSG,2022-08-02,@ Kiwoom,RP,,0.0,,0,10,2,0,1,0,0,0,0,,Away,고척 스카이돔,18:30,25.5
최민준,2022,SSG,2022-07-31,@ Kia,RP,H,0.0,0.5,2,22,0,0,1,0,0,0,0,,Away,광주 기아 챔피언스 필드,17:00,30.4
최민준,2022,SSG,2022-07-29,@ Kia,RP,,0.0,0.0,1,19,0,0,0,0,2,0,0,,Away,광주 기아 챔피언스 필드,18:30,33.9
최민준,2022,SSG,2022-07-26,vs. LG,RP,,0.0,0.33,3,48,0,0,1,0,4,0,0,,Home,인천 SSG 랜더스필드,18:30,30.2
최민준,2022,SSG,2022-07-10,@ Samsung,RP,W,0.0,1.8,3 ⅓,51,0,0,2,0,2,4,0,,Away,대구 삼성 라이온즈 파크,17:00,29.9
최민준,2022,SSG,2022-07-09,@ Samsung,RP,,0.0,0.0,2,23,0,0,0,0,3,0,0,,Away,대구 삼성 라이온즈 파크,18:00,30.1
최민준,2022,SSG,2022-07-06,vs. Lotte,RP,,18.0,2.0,1,21,2,2,1,1,1,1,0,,Home,인천 SSG 랜더스필드,18:30,32.5
최민준,2022,SSG,2022-07-01,vs. Kia,RP,,13.5,1.5,0 ⅔,11,1,1,1,1,0,0,0,,Home,인천 SSG 랜더스필드,18:30,28.8
최민준,2022,SSG,2022-06-29,@ Hanwha,RP,,0.0,1.0,1,19,0,0,0,0,0,1,0,,Away,대전 한화생명 볼파크,18:30,29.3
최민준,2022,SSG,2022-06-28,@ Hanwha,RP,L,54.0,6.0,0 ⅓,7,2,2,2,0,0,0,0,,Away,대전 한화생명 볼파크,18:30,30.4
최민준,2022,SSG,2022-06-25,vs. NC,RP,,0.0,0.0,1,5,0,0,0,0,0,0,0,,Home,인천 SSG 랜더스필드,17:00,27.8
최민준,2022,SSG,2022-06-22,vs. Doosan,RP,H,0.0,3.0,0 ⅓,7,0,0,1,0,0,0,1,,Home,인천 SSG 랜더스필드,18:30,25.9
최민준,2022,SSG,2022-06-21,vs. Doosan,RP,,13.5,1.5,0 ⅔,8,1,1,1,0,1,0,0,,Home,인천 SSG 랜더스필드,18:30,27.6
최민준,2022,SSG,2022-06-19,@ Lotte,RP,,0.0,4.5,0 ⅔,21,0,0,2,0,2,1,0,,Away,사직 야구장,17:00,27.4
최민준,2022,SSG,2022-06-18,@ Lotte,RP,H,0.0,0.0,1,11,0,0,0,0,0,0,0,,Away,사직 야구장,17:00,27.6
최민준,2022,SSG,2022-06-16,@ KT,RP,H,0.0,1.0,1,10,0,0,0,0,0,1,0,,Away,수원 KT 위즈파크,18:30,23.3
최민준,2022,SSG,2022-06-14,@ KT,RP,,0.0,1.0,1,5,0,0,1,0,0,0,0,,Away,수원 KT 위즈파크,18:30,20.8
최민준,2022,SSG,2022-06-12,vs. Hanwha,RP,W,7.71,1.29,2 ⅓,35,2,2,3,1,3,0,0,,Home,인천 SSG 랜더스필드,17:00,24.9
최민준,2022,SSG,2022-06-09,@ NC,RP,,3.0,0.33,3,35,1,1,1,1,4,0,0,,Away,창원 NC 파크,18:30,21.1
최민준,2022,SSG,2022-06-08,@ NC,RP,,0.0,,0,5,0,0,1,0,0,0,0,,Away,창원 NC 파크,18:30,20.1
최민준,2022,SSG,2022-06-01,vs. KT,RP,,0.0,0.0,1,12,0,0,0,0,0,0,0,,Home,인천 SSG 랜더스필드,18:30,21.0
최민준,2022,SSG,2022-05-31,vs. KT,RP,,0.0,1.0,1,15,0,0,1,0,0,0,0,,Home,인천 SSG 랜더스필드,18:30,20.6
최민준,2022,SSG,2022-05-29,@ Kia,RP,W,0.0,0.5,2,24,0,0,1,0,1,0,0,,Away,광주 기아 챔피언스 필드,14:00,29.3
최민준,2022,SSG,2022-05-26,vs. Lotte,RP,W,27.0,3.0,1,27,3,3,2,1,2,1,0,,Home,인천 SSG 랜더스필드,18:30,18.1
최민준,2022,SSG,2022-05-21,vs. LG,RP,,0.0,1.0,2,24,0,0,0,0,0,2,0,,Home,인천 SSG 랜더스필드,17:00,18.4
최민준,2022,SSG,2022-05-20,vs. LG,RP,,0.0,3.0,1,30,0,0,0,0,0,3,0,,Home,인천 SSG 랜더스필드,18:30,20.3
최민준,2022,SSG,2022-05-17,@ Doosan,RP,,0.0,0.33,3,39,0,0,1,0,2,0,0,,Away,잠실 야구장,18:30,24.4
최민준,2022,SSG,2022-05-06,@ Kiwoom,RP,,13.5,2.0,2,35,3,3,2,1,2,2,0,,Away,고척 스카이돔,18:30,25.5
최민준,2022,SSG,2022-04-22,@ Hanwha,RP,,0.0,2.4,1 ⅔,41,0,0,1,0,3,3,0,,Away,대전 한화생명 볼파크,18:30,19.0
최민준,2022,SSG,2022-04-19,vs. Kiwoom,RP,,0.0,1.5,1 ⅓,26,0,0,1,0,0,1,0,,Home,인천 SSG 랜더스필드,18:30,13.8
최민준,2022,SSG,2022-04-14,@ LG,RP,,0.0,0.5,2,33,0,0,1,0,1,0,0,,Away,잠실 야구장,18:30,15.0
최민준,2022,SSG,2022-04-10,vs. Kia,RP,,0.0,3.0,1,35,0,0,0,0,0,3,0,,Home,인천 SSG 랜더스필드,14:00,21.0
최민준,2022,SSG,2022-04-09,vs. Kia,RP,,18.0,2.0,1,21,2,2,1,1,0,1,0,,Home,인천 SSG 랜더스필드,17:00,18.3
최민준,2021,SSG,2021-10-30,vs. KT,RP,,0.0,1.64,3 ⅔,66,0,0,4,0,4,2,0,,Home,인천 SSG 랜더스필드,17:00,17.3
최민준,2021,SSG,2021-10-26,@ NC,SP,,9.0,1.0,3,54,3,3,3,2,2,0,0,43.0,Away,창원 NC 파크,18:30,15.1
최민준,2021,SSG,2021-10-19,@ Kia,SP,,18.0,4.0,2,60,4,4,6,1,1,2,0,27.0,Away,광주 기아 챔피언스 필드,18:30,13.9
최민준,2021,SSG,2021-10-12,vs. LG,SP,,3.6,0.6,5,85,2,2,2,0,5,1,1,58.0,Home,인천 SSG 랜더스필드,18:30,18.9
최민준,2021,SSG,2021-10-05,@ LG,SP,W,0.0,0.57,7,92,0,0,3,0,2,1,0,72.0,Away,잠실 야구장,18:30,23.5
최민준,2021,SSG,2021-09-25,@ Kia,SP,L,10.8,1.4,5,85,6,6,5,1,0,2,0,31.0,Away,광주 기아 챔피언스 필드,17:00,26.1
최민준,2021,SSG,2021-09-19,vs. Samsung,SP,,5.4,1.0,5,76,3,3,4,1,3,1,0,49.0,Home,인천 SSG 랜더스필드,14:00,26.2
최민준,2021,SSG,2021-09-14,vs. Hanwha,SP,L,15.0,2.33,3,81,5,5,5,2,3,2,0,30.0,Home,인천 SSG 랜더스필드,18:30,26.1
최민준,2021,SSG,2021-09-08,vs. LG,SP,,5.4,2.4,3 ⅓,95,2,2,5,0,3,3,0,42.0,Home,인천 SSG 랜더스필드,18:30,25.2
최민준,2021,SSG,2021-09-01,vs. NC,SP,,10.8,2.7,3 ⅓,82,4,4,6,0,3,3,1,31.0,Home,인천 SSG 랜더스필드,18:30,23.8
최민준,2021,SSG,2021-08-25,@ KT,SP,L,10.8,2.6,5,99,6,6,8,1,2,5,0,24.0,Away,수원 KT 위즈파크,18:30,27.9
최민준,2021,SSG,2021-08-18,vs. NC,SP,W,1.8,1.4,5,83,1,1,5,1,4,2,0,55.0,Home,인천 SSG 랜더스필드,18:30,26.7
최민준,2021,SSG,2021-07-08,@ Kiwoom,SP,,4.15,1.38,4 ⅓,82,2,2,3,0,5,3,0,51.0,Away,고척 스카이돔,18:30,25.5
최민준,2021,SSG,2021-07-01,vs. Samsung,RP,,10.13,2.63,2 ⅔,64,3,3,4,1,1,3,0,,Home,인천 SSG 랜더스필드,18:30,28.6
최민준,2021,SSG,2021-06-26,@ NC,RP,,9.0,2.5,2,41,2,2,5,0,2,0,0,,Away,창원 NC 파크,17:00,25.6
최민준,2021,SSG,2021-06-25,@ NC,RP,H,13.5,2.25,1 ⅓,22,2,2,1,0,1,2,0,,Away,창원 NC 파크,18:30,24.4
최민준,2021,SSG,2021-06-19,@ Hanwha,RP,H,0.0,1.0,2,42,0,0,0,0,2,2,2,,Away,대전 한화생명 볼파크,17:00,28.4
최민준,2021,SSG,2021-06-16,@ Kia,RP,,0.0,1.0,1,17,0,0,1,0,1,0,0,,Away,광주 기아 챔피언스 필드,18:30,26.3
최민준,2021,SSG,2021-06-13,vs. Kiwoom,RP,,4.5,1.0,2,36,1,1,1,0,3,1,0,,Home,인천 SSG 랜더스필드,17:00,23.6
최민준,2021,SSG,2021-06-11,vs. Kiwoom,RP,,0.0,2.0,1,18,0,0,1,0,0,1,0,,Home,인천 SSG 랜더스필드,18:30,23.3
최민준,2021,SSG,2021-06-08,vs. KT,RP,,0.0,1.0,1,24,0,0,1,0,0,0,0,,Home,인천 SSG 랜더스필드,18:30,24.2
최민준,2021,SSG,2021-06-04,@ Doosan,RP,,0.0,0.0,1,14,0,0,0,0,0,0,0,,Away,잠실 야구장,18:30,21.8
최민준,2021,SSG,2021-06-02,vs. Samsung,RP,,0.0,1.0,1,13,0,0,1,0,1,0,0,,Home,인천 SSG 랜더스필드,18:30,24.2
최민준,2021,SSG,2021-05-29,@ Hanwha,RP,H,0.0,1.0,1,20,0,0,0,0,2,1,0,,Away,대전 한화생명 볼파크,17:00,23.2
최민준,2021,SSG,2021-05-27,@ KT,RP,,13.5,4.5,0 ⅔,20,1,1,2,0,1,1,0,,Away,수원 KT 위즈파크,18:30,16.9
최민준,2021,SSG,2021-05-26,@ KT,RP,,0.0,6.0,0 ⅓,15,0,0,2,0,0,0,0,,Away,수원 KT 위즈파크,18:30,21.9
최민준,2021,SSG,2021-05-22,vs. LG,RP,,0.0,3.0,1,26,0,0,2,0,0,1,0,,Home,인천 SSG 랜더스필드,17:00,20.0
최민준,2021,SSG,2021-05-21,vs. LG,RP,,13.5,3.0,0 ⅔,14,1,1,0,0,0,2,0,,Home,인천 SSG 랜더스필드,18:30,17.5
최민준,2021,SSG,2021-05-18,@ Kia,RP,H,0.0,0.75,1 ⅓,18,0,0,0,0,0,1,0,,Away,광주 기아 챔피언스 필드,18:30,22.4
최민준,2021,SSG,2021-05-17,vs. Doosan,RP,,0.0,0.0,1,8,0,0,0,0,0,0,0,,Home,인천 SSG 랜더스필드,18:30,17.4
최민준,2021,SSG,2021-05-14,vs. Doosan,RP,,9.0,3.0,1,30,1,1,2,1,1,1,1,,Home,인천 SSG 랜더스필드,18:30,24.0
최민준,2021,SSG,2021-05-11,@ Lotte,RP,,0.0,1.5,1 ⅓,25,0,0,0,0,0,2,0,,Away,사직 야구장,18:30,17.2
최민준,2021,SSG,2021-05-09,vs. Kiwoom,RP,W,0.0,0.75,1 ⅓,33,0,0,0,0,2,1,0,,Home,인천 SSG 랜더스필드,14:00,19.4
최민준,2021,SSG,2021-05-06,@ NC,RP,,0.0,1.0,1,14,0,0,0,0,1,1,1,,Away,창원 NC 파크,18:30,17.7
최민준,2021,SSG,2021-05-05,@ NC,RP,,0.0,0.0,1,13,0,0,0,0,3,0,0,,Away,창원 NC 파크,14:00,23.7
최민준,2021,SSG,2021-05-02,@ Doosan,RP,,0.0,1.0,1,18,0,0,1,0,2,0,0,,Away,잠실 야구장,14:00,17.9
최민준,2021,SSG,2021-04-30,@ Doosan,RP,,0.0,1.5,2,27,0,0,2,0,2,1,0,,Away,잠실 야구장,18:30,12.7
최민준,2021,SSG,2021-04-27,vs. KT,RP,,37.8,6.0,1 ⅔,60,7,7,8,0,0,2,1,,Home,인천 SSG 랜더스필드,18:30,14.3
앤더슨,2024,SSG,2024-09-30,vs. Kiwoom,SP,W,0.0,0.6,5,83,0,0,1,0,8,2,0,71.0,Home,인천 SSG 랜더스필드,18:30,25.0
앤더슨,2024,SSG,2024-09-24,vs. LG,SP,L,22.5,4.5,2,66,6,5,5,1,1,4,0,21.0,Home,인천 SSG 랜더스필드,18:30,24.0
앤더슨,2024,SSG,2024-09-19,vs. Kiwoom,SP,W,1.5,0.67,6,73,1,1,3,0,5,1,1,65.0,Home,인천 SSG 랜더스필드,18:30,31.2
앤더슨,2024,SSG,2024-09-14,vs. Samsung,SP,,18.0,2.25,4,76,8,8,5,1,3,4,1,18.0,Home,인천 SSG 랜더스필드,17:00,30.7
앤더슨,2024,SSG,2024-09-07,@ Lotte,SP,,0.0,1.0,6,98,0,0,4,0,5,2,0,67.0,Away,사직 야구장,17:00,30.8
앤더슨,2024,SSG,2024-08-31,vs. NC,SP,L,12.46,1.38,4 ⅓,77,7,6,4,1,6,2,2,31.0,Home,인천 SSG 랜더스필드,18:00,30.4
앤더슨,2024,SSG,2024-08-25,vs. KT,SP,,5.06,1.31,5 ⅓,101,3,3,3,0,12,4,0,58.0,Home,인천 SSG 랜더스필드,17:00,32.8
앤더슨,2024,SSG,2024-08-20,@ LG,SP,,3.6,1.8,5,93,2,2,4,0,4,5,0,50.0,Away,잠실 야구장,18:30,34.4
앤더슨,2024,SSG,2024-08-13,@ NC,SP,W,0.0,1.59,5 ⅔,101,0,0,5,0,8,4,1,62.0,Away,창원 NC 파크,18:30,31.9
앤더슨,2024,SSG,2024-08-07,@ Kiwoom,SP,W,0.0,1.5,5 ⅓,98,0,0,5,0,4,3,1,58.0,Away,고척 스카이돔,18:30,25.5
앤더슨,2024,SSG,2024-08-01,vs. Lotte,SP,,1.42,0.95,6 ⅓,98,1,1,3,0,10,3,0,70.0,Home,인천 SSG 랜더스필드,18:30,31.8
앤더슨,2024,SSG,2024-07-26,vs. Doosan,SP,W,1.42,0.95,6 ⅓,102,1,1,5,1,11,1,0,69.0,Home,인천 SSG 랜더스필드,18:30,31.0
앤더슨,2024,SSG,2024-07-19,vs. Kiwoom,SP,W,4.5,0.67,6,90,3,3,2,1,11,2,0,65.0,Home,인천 SSG 랜더스필드,18:30,29.0
앤더슨,2024,SSG,2024-07-11,vs. Lotte,SP,W,0.0,0.6,6 ⅔,101,2,0,2,0,10,2,0,74.0,Home,인천 SSG 랜더스필드,18:30,27.1
앤더슨,2024,SSG,2024-07-04,@ NC,RP,,0.0,0.0,1,21,0,0,0,0,3,0,0,,Away,창원 NC 파크,18:30,30.2
앤더슨,2024,SSG,2024-06-29,@ Doosan,SP,W,0.0,1.4,5,88,0,0,7,0,4,0,1,56.0,Away,잠실 야구장,17:00,31.0
앤더슨,2024,SSG,2024-06-23,vs. NC,SP,,7.71,1.5,4 ⅔,94,4,4,4,2,8,3,0,45.0,Home,인천 SSG 랜더스필드,17:00,27.5
앤더슨,2024,SSG,2024-06-18,@ Samsung,SP,W,3.0,1.33,6,101,2,2,5,2,6,3,0,57.0,Away,대구 삼성 라이온즈 파크,18:30,26.3
앤더슨,2024,SSG,2024-06-11,vs. Kia,SP,,12.0,3.67,3,82,4,4,9,0,3,2,0,26.0,Home,인천 SSG 랜더스필드,18:30,24.6
앤더슨,2024,SSG,2024-06-05,vs. Samsung,SP,W,1.5,0.83,6,101,2,1,4,0,10,1,1,66.0,Home,인천 SSG 랜더스필드,18:30,22.6
앤더슨,2024,SSG,2024-05-30,vs. LG,SP,W,3.0,1.0,6,97,2,2,3,0,7,3,0,62.0,Home,인천 SSG 랜더스필드,18:30,21.3
앤더슨,2024,SSG,2024-05-24,vs. Hanwha,SP,L,13.5,2.25,4,84,6,6,8,2,9,1,0,30.0,Home,인천 SSG 랜더스필드,18:30,20.8
앤더슨,2024,SSG,2024-05-17,@ Kiwoom,SP,,3.0,1.33,3,58,1,1,4,0,4,0,0,51.0,Away,고척 스카이돔,18:30,25.5
앤더슨,2024,SSG,2024-05-10,@ Kia,SP,,0.0,1.33,3,46,0,0,3,0,6,1,0,58.0,Away,광주 기아 챔피언스 필드,18:30,22.0
한두솔,2024,SSG,2024-09-30,vs. Kiwoom,RP,,5.4,0.6,1 ⅔,25,1,1,1,0,1,0,0,,Home,인천 SSG 랜더스필드,18:30,25.0
한두솔,2024,SSG,2024-09-25,@ NC,RP,,0.0,,0,10,0,0,2,0,0,0,0,,Away,창원 NC 파크,18:30,25.7
한두솔,2024,SSG,2024-09-23,@ Doosan,RP,,0.0,2.0,1,18,0,0,1,0,1,1,0,,Away,잠실 야구장,18:30,23.4
한두솔,2024,SSG,2024-09-22,@ KT,RP,,0.0,,0,6,0,0,1,0,0,1,0,,Away,수원 KT 위즈파크,14:00,25.0
한두솔,2024,SSG,2024-09-19,vs. Kiwoom,RP,,9.0,3.0,1,16,1,1,3,0,2,0,0,,Home,인천 SSG 랜더스필드,18:30,31.2
한두솔,2024,SSG,2024-09-15,vs. Samsung,RP,W,0.0,0.0,0 ⅓,1,0,0,0,0,0,0,0,,Home,인천 SSG 랜더스필드,14:00,32.0
한두솔,2024,SSG,2024-09-11,vs. Lotte,RP,,0.0,1.5,0 ⅔,9,0,0,1,0,2,0,0,,Home,인천 SSG 랜더스필드,18:30,30.8
한두솔,2024,SSG,2024-09-08,@ Lotte,RP,,9.0,3.0,1,26,1,1,3,0,2,0,0,,Away,사직 야구장,14:00,33.6
한두솔,2024,SSG,2024-08-31,vs. NC,RP,,0.0,1.0,1,22,0,0,1,0,2,0,0,,Home,인천 SSG 랜더스필드,18:00,30.4
한두솔,2024,SSG,2024-08-28,@ Kia,RP,,6.75,2.25,1 ⅓,21,1,1,2,0,2,1,0,,Away,광주 기아 챔피언스 필드,18:30,30.8
한두솔,2024,SSG,2024-08-23,vs. KT,RP,,0.0,1.0,1,13,0,0,1,0,0,0,0,,Home,인천 SSG 랜더스필드,18:30,30.1
한두솔,2024,SSG,2024-08-22,@ LG,RP,,18.0,3.0,1,16,2,2,2,1,0,1,0,,Away,잠실 야구장,18:30,30.5
한두솔,2024,SSG,2024-08-17,vs. Hanwha,RP,,0.0,0.0,1,13,0,0,0,0,1,0,0,,Home,인천 SSG 랜더스필드,18:00,32.0
한두솔,2024,SSG,2024-08-16,vs. Hanwha,RP,,0.0,0.0,1,9,0,0,0,0,1,0,0,,Home,인천 SSG 랜더스필드,18:30,32.3
한두솔,2024,SSG,2024-08-15,@ NC,RP,,0.0,0.0,1,12,0,0,0,0,2,0,0,,Away,창원 NC 파크,18:30,28.8
한두솔,2024,SSG,2024-08-11,vs. Doosan,RP,H,0.0,0.0,1 ⅓,17,0,0,0,0,1,0,0,,Home,인천 SSG 랜더스필드,17:00,32.6
한두솔,2024,SSG,2024-08-09,vs. Doosan,RP,,27.0,3.0,0 ⅓,14,1,1,0,0,0,1,0,,Home,인천 SSG 랜더스필드,18:30,31.8
한두솔,2024,SSG,2024-08-04,@ Samsung,RP,,0.0,2.0,1,29,0,0,1,0,3,1,0,,Away,대구 삼성 라이온즈 파크,17:00,32.8
한두솔,2024,SSG,2024-08-03,@ Samsung,RP,,4.5,1.5,2,24,1,1,3,0,2,0,0,,Away,대구 삼성 라이온즈 파크,18:00,33.0
한두솔,2024,SSG,2024-08-01,vs. Lotte,RP,,0.0,0.0,1,9,0,0,0,0,0,0,0,,Home,인천 SSG 랜더스필드,18:30,31.8
한두솔,2024,SSG,2024-07-31,vs. Lotte,RP,,0.0,0.0,1,9,0,0,0,0,1,0,0,,Home,인천 SSG 랜더스필드,18:30,31.8
한두솔,2024,SSG,2024-07-30,vs. Lotte,RP,,0.0,0.0,1,10,0,0,0,0,0,0,0,,Home,인천 SSG 랜더스필드,18:30,30.7
한두솔,2024,SSG,2024-07-25,@ KT,RP,,0.0,0.0,1,17,0,0,0,0,2,0,0,,Away,수원 KT 위즈파크,18:30,33.3
한두솔,2024,SSG,2024-07-19,vs. Kiwoom,RP,,0.0,1.0,1,10,0,0,1,0,1,0,0,,Home,인천 SSG 랜더스필드,18:30,29.0
한두솔,2024,SSG,2024-07-17,@ LG,RP,,9.0,3.0,1,23,1,1,1,0,1,2,0,,Away,잠실 야구장,18:30,27.6
한두솔,2024,SSG,2024-07-14,@ Kia,RP,,54.0,6.0,0 ⅓,18,2,2,0,0,0,2,0,,Away,광주 기아 챔피언스 필드,17:00,29.5
한두솔,2024,SSG,2024-07-12,@ Kia,RP,W,4.5,0.5,2,26,1,1,1,1,2,0,0,,Away,광주 기아 챔피언스 필드,18:30,30.6
한두솔,2024,SSG,2024-07-10,vs. Lotte,RP,,0.0,1.0,1,16,0,0,0,0,1,1,0,,Home,인천 SSG 랜더스필드,18:30,29.1
한두솔,2024,SSG,2024-06-27,vs. KT,RP,,0.0,,0,5,2,2,2,0,0,0,0,,Home,인천 SSG 랜더스필드,18:30,27.0
한두솔,2024,SSG,2024-06-25,vs. KT,RP,,18.0,3.0,1,29,2,2,2,0,2,1,0,,Home,인천 SSG 랜더스필드,18:30,25.3
한두솔,2024,SSG,2024-06-23,vs. NC,RP,,0.0,0.0,0 ⅓,4,0,0,0,0,1,0,0,,Home,인천 SSG 랜더스필드,17:00,27.5
한두솔,2024,SSG,2024-06-20,@ Samsung,RP,,0.0,3.0,0 ⅓,11,0,0,0,0,1,1,0,,Away,대구 삼성 라이온즈 파크,18:30,25.4
한두솔,2024,SSG,2024-06-15,@ Hanwha,RP,,0.0,1.0,1,25,0,0,1,0,1,0,0,,Away,대전 한화생명 볼파크,17:00,28.4
한두솔,2024,SSG,2024-06-14,@ Hanwha,RP,,0.0,1.0,1,18,0,0,1,0,2,0,0,,Away,대전 한화생명 볼파크,18:30,29.2
한두솔,2024,SSG,2024-06-12,vs. Kia,RP,,0.0,0.0,1,12,0,0,0,0,2,0,0,,Home,인천 SSG 랜더스필드,18:30,23.9
한두솔,2024,SSG,2024-06-09,@ Lotte,RP,,0.0,,0,9,2,1,2,0,0,0,0,,Away,사직 야구장,17:00,24.0
한두솔,2024,SSG,2024-06-06,vs. Samsung,RP,,0.0,0.0,1,14,0,0,0,0,2,0,0,,Home,인천 SSG 랜더스필드,18:30,23.5
한두솔,2024,SSG,2024-06-05,vs. Samsung,RP,,0.0,3.0,0 ⅓,12,0,0,0,0,0,1,0,,Home,인천 SSG 랜더스필드,18:30,22.6
한두솔,2024,SSG,2024-06-02,@ Kiwoom,RP,,0.0,0.5,2,16,0,0,1,0,2,0,0,,Away,고척 스카이돔,14:00,25.5
한두솔,2024,SSG,2024-06-01,@ Kiwoom,RP,,0.0,2.0,1,18,0,0,1,0,2,1,0,,Away,고척 스카이돔,17:00,25.5
한두솔,2024,SSG,2024-05-29,vs. LG,RP,,0.0,,0,8,2,2,1,0,0,1,0,,Home,인천 SSG 랜더스필드,18:30,22.4
한두솔,2024,SSG,2024-05-28,vs. LG,RP,,0.0,3.0,0 ⅓,11,0,0,0,0,0,1,0,,Home,인천 SSG 랜더스필드,18:30,24.6
한두솔,2024,SSG,2024-05-24,vs. Hanwha,RP,,0.0,0.75,1 ⅓,9,0,0,1,0,0,0,0,,Home,인천 SSG 랜더스필드,18:30,20.8
한두솔,2024,SSG,2024-05-23,@ Doosan,RP,,0.0,0.0,1,14,0,0,0,0,3,0,0,,Away,잠실 야구장,18:30,24.1
한두솔,2024,SSG,2024-05-21,@ Doosan,RP,,0.0,0.0,1,13,0,0,0,0,2,0,0,,Away,잠실 야구장,18:30,26.1
한두솔,2024,SSG,2024-05-18,@ Kiwoom,RP,H,0.0,0.5,2,22,0,0,1,0,0,0,0,,Away,고척 스카이돔,17:00,25.5
한두솔,2024,SSG,2024-05-16,vs. Samsung,RP,,13.5,6.0,0 ⅔,20,4,1,2,0,1,2,0,,Home,인천 SSG 랜더스필드,18:30,16.0
한두솔,2024,SSG,2024-05-14,vs. Samsung,RP,,0.0,3.0,1,26,0,0,1,0,1,2,0,,Home,인천 SSG 랜더스필드,18:30,19.2
한두솔,2024,SSG,2024-05-12,@ Kia,RP,,9.0,2.0,1,19,1,1,2,0,1,0,0,,Away,광주 기아 챔피언스 필드,14:00,22.6
한두솔,2024,SSG,2024-05-07,@ LG,RP,,0.0,,0,4,0,0,0,0,0,1,0,,Away,잠실 야구장,18:30,14.5
한두솔,2024,SSG,2024-05-03,vs. NC,RP,,36.0,4.0,1,31,4,4,2,0,1,2,1,,Home,인천 SSG 랜더스필드,18:30,21.5
한두솔,2024,SSG,2024-04-30,@ Hanwha,RP,,81.0,9.0,0 ⅓,19,3,3,3,0,1,0,0,,Away,대전 한화생명 볼파크,18:30,17.2
한두솔,2024,SSG,2024-04-28,vs. KT,RP,,0.0,0.0,1,10,0,0,0,0,1,0,0,,Home,인천 SSG 랜더스필드,14:00,21.6
한두솔,2024,SSG,2024-04-27,vs. KT,RP,,0.0,2.0,1,17,0,0,1,0,0,1,0,,Home,인천 SSG 랜더스필드,17:00,20.2
한두솔,2024,SSG,2024-04-25,@ Lotte,RP,,18.0,3.0,1,20,2,2,3,1,1,0,0,,Away,사직 야구장,18:30,17.6
한두솔,2024,SSG,2024-04-24,@ Lotte,RP,,0.0,1.5,0 ⅔,8,0,0,1,0,0,0,0,,Away,사직 야구장,18:30,18.6
한두솔,2024,SSG,2024-04-21,vs. LG,RP,,0.0,,0,6,0,0,0,0,0,1,0,,Home,인천 SSG 랜더스필드,14:00,19.8
한두솔,2024,SSG,2024-04-21,vs. LG,RP,,0.0,1.5,0 ⅔,14,0,0,1,0,1,0,0,,Home,인천 SSG 랜더스필드,14:00,19.8
한두솔,2024,SSG,2024-04-19,vs. LG,RP,L,5.4,1.2,1 ⅔,32,1,1,1,0,2,1,0,,Home,인천 SSG 랜더스필드,18:30,17.3
한두솔,2024,SSG,2024-04-16,vs. Kia,RP,,0.0,,0,9,0,0,0,0,0,1,0,,Home,인천 SSG 랜더스필드,18:30,11.5
한두솔,2024,SSG,2024-04-12,@ KT,RP,,0.0,3.0,1 ⅓,31,3,0,3,0,1,1,0,,Away,수원 KT 위즈파크,18:30,20.6
한두솔,2024,SSG,2024-04-11,vs. Kiwoom,RP,,0.0,0.0,1,11,0,0,0,0,1,0,0,,Home,인천 SSG 랜더스필드,18:30,17.0
한두솔,2024,SSG,2024-04-07,@ NC,RP,,0.0,1.0,1,17,0,0,1,0,1,0,0,,Away,창원 NC 파크,14:00,21.4
한두솔,2024,SSG,2024-04-05,@ NC,RP,,0.0,1.2,1 ⅔,30,0,0,2,0,2,0,1,,Away,창원 NC 파크,18:30,14.4
한두솔,2024,SSG,2024-04-04,vs. Doosan,RP,,0.0,,0,6,0,0,0,0,0,1,0,,Home,인천 SSG 랜더스필드,18:30,16.7
한두솔,2024,SSG,2024-04-02,vs. Doosan,RP,H,13.5,1.5,0 ⅔,16,1,1,1,0,1,0,0,,Home,인천 SSG 랜더스필드,18:30,16.9
한두솔,2024,SSG,2024-03-31,@ Samsung,RP,,0.0,0.0,1,18,0,0,0,0,1,0,0,,Away,대구 삼성 라이온즈 파크,14:00,15.1
한두솔,2024,SSG,2024-03-27,vs. Hanwha,RP,,0.0,,0,10,1,1,0,0,0,1,1,,Home,인천 SSG 랜더스필드,18:30,10.4
한두솔,2024,SSG,2024-03-26,vs. Hanwha,RP,,0.0,0.0,1,8,0,0,0,0,1,0,0,,Home,인천 SSG 랜더스필드,18:30,7.8
한두솔,2023,SSG,2023-04-16,vs. NC,RP,,9.0,2.0,1,26,1,1,1,0,2,1,1,,Home,인천 SSG 랜더스필드,14:00,13.4
한두솔,2022,SSG,2022-06-21,vs. Doosan,RP,,54.0,7.0,1,34,6,6,5,0,0,2,0,,Home,인천 SSG 랜더스필드,18:30,27.6
한두솔,2022,SSG,2022-06-15,@ KT,RP,,0.0,,0,4,0,0,1,0,0,0,0,,Away,수원 KT 위즈파크,18:30,23.3
한두솔,2022,SSG,2022-06-12,vs. Hanwha,RP,,54.0,9.0,0 ⅓,18,2,2,3,0,0,0,0,,Home,인천 SSG 랜더스필드,17:00,24.9
한두솔,2022,SSG,2022-06-08,@ NC,RP,,0.0,1.0,1,16,0,0,0,0,1,1,0,,Away,창원 NC 파크,18:30,20.1
한두솔,2022,SSG,2022-06-03,@ LG,RP,,0.0,0.0,1,11,0,0,0,0,0,0,0,,Away,잠실 야구장,18:30,27.9
한두솔,2022,SSG,2022-05-17,@ Doosan,RP,,0.0,,0,8,2,2,1,0,0,1,0,,Away,잠실 야구장,18:30,24.4
한두솔,2022,SSG,2022-05-12,@ Samsung,RP,,0.0,0.0,1,11,0,0,0,0,0,0,0,,Away,대구 삼성 라이온즈 파크,18:30,19.6
한두솔,2022,SSG,2022-05-06,@ Kiwoom,RP,,0.0,0.0,1,5,0,0,0,0,0,0,0,,Away,고척 스카이돔,18:30,25.5
김건우,2022,SSG,2022-07-06,vs. Lotte,RP,,0.0,1.0,1,16,0,0,0,0,1,1,0,,Home,인천 SSG 랜더스필드,18:30,32.5
김건우,2022,SSG,2022-06-09,@ NC,SP,,13.5,4.0,2,46,3,3,5,1,0,3,0,31.0,Away,창원 NC 파크,18:30,21.1
김건우,2021,SSG,2021-10-30,vs. KT,SP,,0.0,,0,19,2,2,1,0,0,2,0,38.0,Home,인천 SSG 랜더스필드,17:00,17.3
김건우,2021,SSG,2021-10-24,@ Samsung,SP,,0.0,2.5,2,51,0,0,1,0,2,4,0,52.0,Away,대구 삼성 라이온즈 파크,14:00,20.1
김건우,2021,SSG,2021-10-19,@ Kia,RP,L,2.45,0.82,3 ⅔,54,1,1,2,0,1,1,0,,Away,광주 기아 챔피언스 필드,18:30,13.9
김건우,2021,SSG,2021-10-17,@ Lotte,RP,,0.0,0.0,0 ⅓,4,0,0,0,0,0,0,0,,Away,사직 야구장,14:00,15.9
김건우,2021,SSG,2021-09-11,@ KT,SP,,0.0,2.0,3,68,0,0,2,0,3,4,0,54.0,Away,수원 KT 위즈파크,17:00,29.1
김건우,2021,SSG,2021-09-05,@ Kiwoom,SP,,13.5,1.5,2,43,4,3,2,1,1,1,0,38.0,Away,고척 스카이돔,14:00,25.5
노경은,2024,SSG,2024-09-28,@ Hanwha,RP,H,0.0,0.6,1 ⅔,28,0,0,1,0,4,0,0,,Away,대전 한화생명 볼파크,17:00,26.2
노경은,2024,SSG,2024-09-25,@ NC,RP,W,5.4,1.2,1 ⅔,28,1,1,2,0,2,0,0,,Away,창원 NC 파크,18:30,25.7
노경은,2024,SSG,2024-09-21,@ KT,RP,H,0.0,1.5,0 ⅔,5,0,0,1,0,0,0,0,,Away,수원 KT 위즈파크,17:00,23.4
노경은,2024,SSG,2024-09-17,vs. Kia,RP,H,0.0,2.0,1,14,0,0,1,0,0,1,0,,Home,인천 SSG 랜더스필드,18:30,30.5
노경은,2024,SSG,2024-09-15,vs. Samsung,RP,H,0.0,1.0,1,15,0,0,0,0,2,1,0,,Home,인천 SSG 랜더스필드,14:00,32.0
노경은,2024,SSG,2024-09-14,vs. Samsung,RP,H,0.0,1.0,1,14,0,0,1,0,2,0,0,,Home,인천 SSG 랜더스필드,17:00,30.7
노경은,2024,SSG,2024-09-10,vs. Hanwha,RP,H,0.0,1.0,1,15,0,0,1,0,1,0,0,,Home,인천 SSG 랜더스필드,18:30,30.5
노경은,2024,SSG,2024-09-07,@ Lotte,RP,,0.0,0.0,2,17,0,0,0,0,1,0,0,,Away,사직 야구장,17:00,30.8
노경은,2024,SSG,2024-09-05,@ LG,RP,H,0.0,0.0,1,11,0,0,0,0,1,0,0,,Away,잠실 야구장,18:30,28.6
노경은,2024,SSG,2024-09-01,vs. NC,RP,,0.0,1.0,1,14,0,0,0,0,0,1,0,,Home,인천 SSG 랜더스필드,14:00,29.4
노경은,2024,SSG,2024-08-29,@ Kia,RP,,0.0,0.0,1,8,0,0,0,0,1,0,0,,Away,광주 기아 챔피언스 필드,18:30,31.9
노경은,2024,SSG,2024-08-25,vs. KT,RP,W,0.0,1.2,1 ⅔,24,0,0,1,0,2,1,0,,Home,인천 SSG 랜더스필드,17:00,32.8
노경은,2024,SSG,2024-08-23,vs. KT,RP,,81.0,3.0,0 ⅓,19,4,3,1,0,0,0,1,,Home,인천 SSG 랜더스필드,18:30,30.1
노경은,2024,SSG,2024-08-21,@ LG,RP,H,9.0,2.0,1,18,1,1,2,0,0,0,0,,Away,잠실 야구장,18:30,31.8
노경은,2024,SSG,2024-08-20,@ LG,RP,L,18.0,3.0,1,23,2,2,2,0,0,1,0,,Away,잠실 야구장,18:30,34.4
노경은,2024,SSG,2024-08-15,@ NC,RP,H,0.0,0.0,0 ⅔,9,0,0,0,0,2,0,0,,Away,창원 NC 파크,18:30,28.8
노경은,2024,SSG,2024-08-13,@ NC,RP,H,0.0,3.0,0 ⅓,8,0,0,1,0,1,0,0,,Away,창원 NC 파크,18:30,31.9
노경은,2024,SSG,2024-08-11,vs. Doosan,RP,,13.5,4.5,0 ⅔,12,1,1,3,1,0,0,0,,Home,인천 SSG 랜더스필드,17:00,32.6
노경은,2024,SSG,2024-08-09,vs. Doosan,RP,H,13.5,1.5,1 ⅓,23,2,2,2,0,1,0,0,,Home,인천 SSG 랜더스필드,18:30,31.8
노경은,2024,SSG,2024-08-07,@ Kiwoom,RP,H,0.0,1.0,1,22,0,0,1,0,1,0,0,,Away,고척 스카이돔,18:30,25.5
노경은,2024,SSG,2024-08-06,@ Kiwoom,RP,H,0.0,1.0,1,14,0,0,1,0,1,0,0,,Away,고척 스카이돔,18:30,25.5
노경은,2024,SSG,2024-08-02,@ Samsung,RP,H,9.0,2.0,1,19,1,1,2,1,0,0,0,,Away,대구 삼성 라이온즈 파크,18:30,32.5
노경은,2024,SSG,2024-08-01,vs. Lotte,RP,H,0.0,0.0,0 ⅔,7,0,0,0,0,0,0,0,,Home,인천 SSG 랜더스필드,18:30,31.8
노경은,2024,SSG,2024-07-31,vs. Lotte,RP,,0.0,0.0,1,12,0,0,0,0,2,0,0,,Home,인천 SSG 랜더스필드,18:30,31.8
노경은,2024,SSG,2024-07-28,vs. Doosan,RP,H,0.0,3.0,1,20,0,0,2,0,1,1,0,,Home,인천 SSG 랜더스필드,17:00,31.8
노경은,2024,SSG,2024-07-27,vs. Doosan,RP,H,0.0,2.0,1,20,0,0,1,0,1,1,0,,Home,인천 SSG 랜더스필드,18:00,32.0
노경은,2024,SSG,2024-07-26,vs. Doosan,RP,H,0.0,0.0,1 ⅔,19,0,0,0,0,1,0,0,,Home,인천 SSG 랜더스필드,18:30,31.0
노경은,2024,SSG,2024-07-24,@ KT,RP,,0.0,1.5,0 ⅔,13,0,0,1,0,1,0,0,,Away,수원 KT 위즈파크,18:30,31.2
노경은,2024,SSG,2024-07-19,vs. Kiwoom,RP,,0.0,0.0,1,11,0,0,0,0,1,0,0,,Home,인천 SSG 랜더스필드,18:30,29.0
노경은,2024,SSG,2024-07-14,@ Kia,RP,L,81.0,15.0,0 ⅓,23,3,3,3,0,0,2,0,,Away,광주 기아 챔피언스 필드,17:00,29.5
노경은,2024,SSG,2024-07-13,@ Kia,RP,W,0.0,0.0,2,26,0,0,0,0,1,0,1,,Away,광주 기아 챔피언스 필드,18:00,29.3
노경은,2024,SSG,2024-07-11,vs. Lotte,RP,H,0.0,0.75,1 ⅓,18,0,0,1,0,1,0,0,,Home,인천 SSG 랜더스필드,18:30,27.1
노경은,2024,SSG,2024-07-09,vs. Lotte,RP,H,0.0,0.5,2,27,0,0,1,0,1,0,0,,Home,인천 SSG 랜더스필드,18:30,26.6
노경은,2024,SSG,2024-07-04,@ NC,RP,,0.0,1.0,1,13,0,0,0,0,1,1,0,,Away,창원 NC 파크,18:30,30.2
노경은,2024,SSG,2024-06-30,@ Doosan,RP,,9.0,3.0,1,25,1,1,1,0,0,2,0,,Away,잠실 야구장,17:00,26.9
노경은,2024,SSG,2024-06-26,vs. KT,RP,,9.0,4.0,1,32,1,1,3,0,2,1,0,,Home,인천 SSG 랜더스필드,18:30,26.4
노경은,2024,SSG,2024-06-23,vs. NC,RP,,0.0,1.5,1 ⅓,27,0,0,1,0,3,1,0,,Home,인천 SSG 랜더스필드,17:00,27.5
노경은,2024,SSG,2024-06-21,vs. NC,RP,,0.0,2.0,1,7,0,0,1,0,0,1,0,,Home,인천 SSG 랜더스필드,18:30,27.9
노경은,2024,SSG,2024-06-18,@ Samsung,RP,H,0.0,1.0,1,13,0,0,1,0,2,0,0,,Away,대구 삼성 라이온즈 파크,18:30,26.3
노경은,2024,SSG,2024-06-16,@ Hanwha,RP,,0.0,1.0,1,16,0,0,0,0,0,1,0,,Away,대전 한화생명 볼파크,17:00,27.4
노경은,2024,SSG,2024-06-12,vs. Kia,RP,,0.0,6.0,0 ⅓,9,0,0,2,0,0,0,0,,Home,인천 SSG 랜더스필드,18:30,23.9
노경은,2024,SSG,2024-06-11,vs. Kia,RP,W,0.0,1.2,1 ⅔,12,0,0,1,0,0,1,0,,Home,인천 SSG 랜더스필드,18:30,24.6
노경은,2024,SSG,2024-06-09,@ Lotte,RP,,0.0,0.0,1,7,0,0,0,0,0,0,0,,Away,사직 야구장,17:00,24.0
노경은,2024,SSG,2024-06-05,vs. Samsung,RP,H,0.0,2.0,1,17,0,0,1,0,1,1,0,,Home,인천 SSG 랜더스필드,18:30,22.6
노경은,2024,SSG,2024-06-04,vs. Samsung,RP,H,0.0,0.0,1,12,0,0,0,0,1,0,0,,Home,인천 SSG 랜더스필드,18:30,23.8
노경은,2024,SSG,2024-06-02,@ Kiwoom,RP,,0.0,1.0,1,12,0,0,1,0,1,0,0,,Away,고척 스카이돔,14:00,25.5
노경은,2024,SSG,2024-05-31,@ Kiwoom,RP,H,0.0,1.0,1,18,0,0,0,0,1,1,0,,Away,고척 스카이돔,18:30,25.5
노경은,2024,SSG,2024-05-30,vs. LG,RP,H,0.0,1.0,1,17,0,0,0,0,0,1,0,,Home,인천 SSG 랜더스필드,18:30,21.3
노경은,2024,SSG,2024-05-25,vs. Hanwha,RP,,9.0,1.0,1,22,1,1,1,1,2,0,0,,Home,인천 SSG 랜더스필드,17:00,19.6
노경은,2024,SSG,2024-05-24,vs. Hanwha,RP,,6.75,0.75,1 ⅓,24,1,1,1,1,2,0,0,,Home,인천 SSG 랜더스필드,18:30,20.8
노경은,2024,SSG,2024-05-22,@ Doosan,RP,L,0.0,1.8,1 ⅔,24,2,0,2,0,0,1,0,,Away,잠실 야구장,18:30,24.4
노경은,2024,SSG,2024-05-19,@ Kiwoom,RP,,0.0,1.5,0 ⅔,14,0,0,1,0,0,0,0,,Away,고척 스카이돔,14:00,25.5
노경은,2024,SSG,2024-05-17,@ Kiwoom,RP,W,0.0,0.75,1 ⅓,23,0,0,1,0,2,0,0,,Away,고척 스카이돔,18:30,25.5
노경은,2024,SSG,2024-05-16,vs. Samsung,RP,H,0.0,0.0,1 ⅓,13,0,0,0,0,1,0,0,,Home,인천 SSG 랜더스필드,18:30,16.0
노경은,2024,SSG,2024-05-12,@ Kia,RP,W,0.0,2.0,1,29,0,0,0,0,2,2,0,,Away,광주 기아 챔피언스 필드,14:00,22.6
노경은,2024,SSG,2024-05-12,@ Kia,RP,L,9.0,2.0,1,18,1,1,2,1,1,0,0,,Away,광주 기아 챔피언스 필드,14:00,22.6
노경은,2024,SSG,2024-05-10,@ Kia,RP,H,0.0,1.0,1,21,0,0,1,0,1,0,0,,Away,광주 기아 챔피언스 필드,18:30,22.0
노경은,2024,SSG,2024-05-09,@ LG,RP,,0.0,1.5,0 ⅔,17,0,0,0,0,2,1,0,,Away,잠실 야구장,18:30,19.1
노경은,2024,SSG,2024-05-07,@ LG,RP,H,0.0,0.75,1 ⅓,16,0,0,1,0,2,0,0,,Away,잠실 야구장,18:30,14.5
노경은,2024,SSG,2024-05-04,vs. NC,RP,,0.0,1.5,2,24,0,0,3,0,0,0,0,,Home,인천 SSG 랜더스필드,17:00,23.2
노경은,2024,SSG,2024-05-02,@ Hanwha,RP,H,0.0,0.0,1,8,0,0,0,0,0,0,0,,Away,대전 한화생명 볼파크,18:30,22.4
노경은,2024,SSG,2024-05-01,@ Hanwha,RP,H,0.0,3.0,1,27,0,0,0,0,1,3,0,,Away,대전 한화생명 볼파크,18:30,19.5
노경은,2024,SSG,2024-04-26,vs. KT,RP,H,0.0,0.0,1,11,0,0,0,0,1,0,0,,Home,인천 SSG 랜더스필드,18:30,20.5
노경은,2024,SSG,2024-04-24,@ Lotte,RP,W,0.0,0.75,1 ⅓,17,0,0,0,0,1,1,0,,Away,사직 야구장,18:30,18.6
노경은,2024,SSG,2024-04-21,vs. LG,RP,H,0.0,1.0,1,13,0,0,0,0,0,1,0,,Home,인천 SSG 랜더스필드,14:00,19.8
노경은,2024,SSG,2024-04-21,vs. LG,RP,L,0.0,,0,8,2,2,2,1,0,0,0,,Home,인천 SSG 랜더스필드,14:00,19.8
노경은,2024,SSG,2024-04-18,vs. Kia,RP,W,4.5,1.5,2,26,1,1,2,0,2,1,0,,Home,인천 SSG 랜더스필드,18:30,17.8
노경은,2024,SSG,2024-04-16,vs. Kia,RP,,6.75,0.75,1 ⅓,14,1,1,1,1,0,0,0,,Home,인천 SSG 랜더스필드,18:30,11.5
노경은,2024,SSG,2024-04-14,@ KT,RP,,0.0,2.0,1,21,0,0,1,0,1,1,0,,Away,수원 KT 위즈파크,14:00,27.3
노경은,2024,SSG,2024-04-13,@ KT,RP,,9.0,1.0,1,21,1,1,1,1,0,0,0,,Away,수원 KT 위즈파크,17:00,23.5
노경은,2024,SSG,2024-04-10,vs. Kiwoom,RP,H,0.0,1.0,1,9,0,0,1,0,0,0,0,,Home,인천 SSG 랜더스필드,18:30,13.5
노경은,2024,SSG,2024-04-03,vs. Doosan,RP,H,0.0,0.0,1,11,0,0,0,0,1,0,0,,Home,인천 SSG 랜더스필드,18:30,16.8
노경은,2024,SSG,2024-04-02,vs. Doosan,RP,H,0.0,1.2,1 ⅔,22,0,0,2,0,0,0,0,,Home,인천 SSG 랜더스필드,18:30,16.9
노경은,2024,SSG,2024-03-30,@ Samsung,RP,H,0.0,0.0,0 ⅔,14,0,0,0,0,1,0,1,,Away,대구 삼성 라이온즈 파크,17:00,15.6
노경은,2024,SSG,2024-03-29,@ Samsung,RP,,27.0,3.0,1,29,3,3,2,2,1,1,0,,Away,대구 삼성 라이온즈 파크,18:30,14.7
노경은,2024,SSG,2024-03-24,vs. Lotte,RP,H,0.0,1.0,1,24,0,0,1,0,0,0,1,,Home,인천 SSG 랜더스필드,14:00,20.3
노경은,2024,SSG,2024-03-23,vs. Lotte,RP,H,0.0,0.75,1 ⅓,25,0,0,1,0,3,0,0,,Home,인천 SSG 랜더스필드,14:00,14.9
노경은,2023,SSG,2023-10-16,@ Doosan,RP,H,0.0,0.0,1,7,0,0,0,0,1,0,0,,Away,잠실 야구장,18:30,16.2
노경은,2023,SSG,2023-10-14,@ Samsung,RP,,0.0,2.0,1,21,0,0,2,0,0,0,0,,Away,대구 삼성 라이온즈 파크,17:00,21.8
노경은,2023,SSG,2023-10-13,vs. Kiwoom,RP,H,0.0,0.0,1 ⅓,16,0,0,0,0,4,0,0,,Home,인천 SSG 랜더스필드,18:30,19.1
노경은,2023,SSG,2023-10-10,@ Kia,RP,W,0.0,0.86,2 ⅓,33,0,0,1,0,1,1,0,,Away,광주 기아 챔피언스 필드,18:30,19.6
노경은,2023,SSG,2023-10-08,@ NC,RP,H,0.0,1.0,1,23,0,0,0,0,1,1,0,,Away,창원 NC 파크,14:00,20.8
노경은,2023,SSG,2023-10-07,@ NC,RP,,0.0,0.0,1,14,0,0,0,0,1,0,0,,Away,창원 NC 파크,17:00,20.7
노경은,2023,SSG,2023-10-05,vs. NC,RP,H,0.0,2.0,1,18,0,0,2,0,1,0,0,,Home,인천 SSG 랜더스필드,18:30,16.5
노경은,2023,SSG,2023-10-03,vs. NC,RP,H,0.0,0.0,2,24,0,0,0,0,2,0,0,,Home,인천 SSG 랜더스필드,18:30,20.6
노경은,2023,SSG,2023-10-01,vs. Kia,RP,H,0.0,0.0,1,7,0,0,0,0,0,0,0,,Home,인천 SSG 랜더스필드,14:00,22.2
노경은,2023,SSG,2023-09-30,vs. Kia,RP,,0.0,0.0,1,14,0,0,0,0,1,0,0,,Home,인천 SSG 랜더스필드,17:00,23.5
노경은,2023,SSG,2023-09-27,vs. Doosan,RP,,27.0,3.0,0 ⅔,19,2,2,1,0,0,1,0,,Home,인천 SSG 랜더스필드,18:30,24.6
노경은,2023,SSG,2023-09-22,vs. Lotte,RP,,0.0,,0,13,2,2,3,0,0,0,0,,Home,인천 SSG 랜더스필드,18:30,23.9
노경은,2023,SSG,2023-09-17,@ LG,RP,L,18.0,4.0,1,27,2,2,3,0,0,1,0,,Away,잠실 야구장,14:00,28.1
노경은,2023,SSG,2023-09-12,vs. KT,RP,,0.0,0.0,1,17,0,0,0,0,1,0,0,,Home,인천 SSG 랜더스필드,18:30,27.8
노경은,2023,SSG,2023-09-09,@ KT,RP,,0.0,0.0,2 ⅓,35,0,0,0,0,3,0,0,,Away,수원 KT 위즈파크,17:00,28.9
노경은,2023,SSG,2023-09-07,@ Hanwha,RP,L,13.5,6.0,0 ⅔,20,1,1,2,0,1,2,0,,Away,대전 한화생명 볼파크,18:30,26.9
노경은,2023,SSG,2023-09-06,@ Hanwha,RP,H,0.0,1.0,1,16,0,0,1,0,1,0,0,,Away,대전 한화생명 볼파크,18:30,28.2
노경은,2023,SSG,2023-09-05,@ Hanwha,RP,H,0.0,0.0,1,12,0,0,0,0,1,0,0,,Away,대전 한화생명 볼파크,18:30,29.2
노경은,2023,SSG,2023-09-03,vs. Kia,RP,H,0.0,6.0,0 ⅓,19,0,0,1,0,0,1,0,,Home,인천 SSG 랜더스필드,14:00,29.7
노경은,2023,SSG,2023-08-31,vs. Kiwoom,RP,,0.0,1.5,2,30,0,0,1,0,2,2,0,,Home,인천 SSG 랜더스필드,18:30,26.6
노경은,2023,SSG,2023-08-30,vs. Kiwoom,RP,,0.0,0.75,1 ⅓,15,0,0,1,0,2,0,0,,Home,인천 SSG 랜더스필드,18:30,25.1
노경은,2023,SSG,2023-08-27,@ Doosan,RP,H,0.0,1.0,1,13,0,0,0,0,1,1,0,,Away,잠실 야구장,17:00,29.8
노경은,2023,SSG,2023-08-26,@ Doosan,RP,,40.5,4.5,0 ⅔,25,3,3,2,0,0,1,1,,Away,잠실 야구장,18:00,29.3
노경은,2023,SSG,2023-08-24,vs. NC,RP,H,0.0,0.0,0 ⅔,3,0,0,0,0,0,0,0,,Home,인천 SSG 랜더스필드,18:30,29.0
노경은,2023,SSG,2023-08-18,vs. LG,RP,,0.0,1.5,1 ⅓,22,0,0,1,0,0,1,0,,Home,인천 SSG 랜더스필드,18:30,30.5
노경은,2023,SSG,2023-08-17,@ Lotte,RP,,81.0,9.0,0 ⅓,19,3,3,3,0,1,0,0,,Away,사직 야구장,18:30,28.4
노경은,2023,SSG,2023-08-13,vs. Samsung,RP,,0.0,0.0,1,18,0,0,0,0,0,0,0,,Home,인천 SSG 랜더스필드,17:00,30.3
노경은,2023,SSG,2023-08-12,vs. Samsung,RP,,0.0,2.0,1,20,0,0,1,0,1,1,0,,Home,인천 SSG 랜더스필드,18:00,28.1
노경은,2023,SSG,2023-08-09,vs. NC,RP,H,0.0,0.0,1,13,0,0,0,0,0,0,0,,Home,인천 SSG 랜더스필드,18:30,31.0
노경은,2023,SSG,2023-08-08,vs. NC,RP,,0.0,1.0,1,22,0,0,0,0,2,1,0,,Home,인천 SSG 랜더스필드,18:30,34.1
노경은,2023,SSG,2023-08-05,@ Lotte,RP,W,0.0,0.5,2,32,0,0,1,0,3,0,0,,Away,사직 야구장,18:00,31.9
노경은,2023,SSG,2023-08-04,@ Lotte,RP,W,0.0,0.0,1 ⅓,18,0,0,0,0,1,0,0,,Away,사직 야구장,18:30,32.4
노경은,2023,SSG,2023-08-03,@ KT,RP,,0.0,1.0,2,19,0,0,1,0,1,1,0,,Away,수원 KT 위즈파크,18:30,32.2
노경은,2023,SSG,2023-07-29,vs. Hanwha,RP,,13.5,3.0,0 ⅔,15,1,1,2,1,0,0,0,,Home,인천 SSG 랜더스필드,18:00,30.8
노경은,2023,SSG,2023-07-28,vs. Hanwha,RP,,0.0,1.0,1,12,0,0,1,0,1,0,0,,Home,인천 SSG 랜더스필드,18:30,31.7
노경은,2023,SSG,2023-07-26,@ Samsung,RP,,0.0,1.13,2 ⅔,27,0,0,3,0,2,0,0,,Away,대구 삼성 라이온즈 파크,18:30,30.7
노경은,2023,SSG,2023-07-25,@ Samsung,RP,,27.0,3.0,0 ⅓,12,1,1,1,0,0,0,0,,Away,대구 삼성 라이온즈 파크,18:30,29.8
노경은,2023,SSG,2023-07-12,vs. Doosan,RP,,9.0,2.0,1,22,1,1,1,1,2,1,0,,Home,인천 SSG 랜더스필드,18:30,28.8
노경은,2023,SSG,2023-07-08,@ Hanwha,RP,H,13.5,2.25,1 ⅓,24,2,2,2,0,1,1,0,,Away,대전 한화생명 볼파크,18:00,29.9
노경은,2023,SSG,2023-07-06,vs. Kia,RP,,0.0,1.2,1 ⅔,18,0,0,1,0,0,1,0,,Home,인천 SSG 랜더스필드,18:30,29.7
노경은,2023,SSG,2023-07-02,@ Kiwoom,RP,H,0.0,1.5,0 ⅔,10,0,0,0,0,0,1,0,,Away,고척 스카이돔,14:00,25.5
노경은,2023,SSG,2023-06-30,@ Kiwoom,RP,,0.0,,0,13,2,2,3,1,0,0,0,,Away,고척 스카이돔,18:30,25.5
노경은,2023,SSG,2023-06-28,vs. LG,RP,L,0.0,,0,14,3,3,3,0,0,0,0,,Home,인천 SSG 랜더스필드,18:30,26.5
노경은,2023,SSG,2023-06-24,vs. Samsung,RP,W,9.0,1.0,1,18,1,1,1,1,1,0,0,,Home,인천 SSG 랜더스필드,17:00,28.6
노경은,2023,SSG,2023-06-21,@ Doosan,RP,H,0.0,0.0,1 ⅓,18,0,0,0,0,1,0,0,,Away,잠실 야구장,18:30,24.3
노경은,2023,SSG,2023-06-20,@ Doosan,RP,W,0.0,1.0,2,18,0,0,1,0,1,1,0,,Away,잠실 야구장,18:30,25.7
노경은,2023,SSG,2023-06-15,vs. KT,RP,,0.0,0.0,1,14,0,0,0,0,1,0,0,,Home,인천 SSG 랜더스필드,18:30,24.7
노경은,2023,SSG,2023-06-11,@ NC,RP,L,36.0,5.0,1,23,4,4,4,0,1,1,0,,Away,창원 NC 파크,17:00,25.4
노경은,2023,SSG,2023-06-07,@ Kia,RP,H,0.0,0.75,1 ⅓,16,0,0,1,0,1,0,0,,Away,광주 기아 챔피언스 필드,18:30,26.0
노경은,2023,SSG,2023-06-06,@ Kia,RP,H,0.0,1.5,0 ⅔,13,0,0,1,0,0,0,0,,Away,광주 기아 챔피언스 필드,18:30,25.5
노경은,2023,SSG,2023-06-03,vs. Kiwoom,RP,W,0.0,0.0,1,10,0,0,0,0,1,0,1,,Home,인천 SSG 랜더스필드,17:00,23.5
노경은,2023,SSG,2023-06-02,vs. Kiwoom,RP,W,0.0,1.0,1,10,0,0,1,0,0,0,0,,Home,인천 SSG 랜더스필드,18:30,22.3
노경은,2023,SSG,2023-05-30,vs. Samsung,RP,H,0.0,1.2,1 ⅔,28,0,0,2,0,1,0,0,,Home,인천 SSG 랜더스필드,18:30,24.3
노경은,2023,SSG,2023-05-24,vs. LG,RP,H,0.0,3.0,1 ⅓,32,0,0,1,0,0,3,0,,Home,인천 SSG 랜더스필드,18:30,20.5
노경은,2023,SSG,2023-05-21,@ Lotte,RP,H,0.0,0.0,1 ⅓,16,0,0,0,0,1,0,0,,Away,사직 야구장,14:00,22.3
노경은,2023,SSG,2023-05-20,@ Lotte,RP,,0.0,1.0,1,12,0,0,1,0,0,0,0,,Away,사직 야구장,17:00,20.3
노경은,2023,SSG,2023-05-17,@ NC,RP,H,0.0,0.75,1 ⅓,18,0,0,0,0,1,1,1,,Away,창원 NC 파크,18:30,23.8
노경은,2023,SSG,2023-05-14,vs. Hanwha,RP,,0.0,1.0,1,18,0,0,1,0,1,0,0,,Home,인천 SSG 랜더스필드,14:00,20.8
노경은,2023,SSG,2023-05-13,vs. Hanwha,RP,H,0.0,0.0,1 ⅔,17,0,0,0,0,1,0,1,,Home,인천 SSG 랜더스필드,17:00,18.2
노경은,2023,SSG,2023-05-11,@ Kia,RP,,13.5,6.0,0 ⅔,17,1,1,3,0,0,1,0,,Away,광주 기아 챔피언스 필드,18:30,22.5
노경은,2023,SSG,2023-05-10,@ Kia,RP,H,0.0,2.0,1,18,0,0,1,0,0,1,0,,Away,광주 기아 챔피언스 필드,18:30,24.0
노경은,2023,SSG,2023-05-06,@ Kiwoom,RP,H,0.0,0.0,1,13,0,0,0,0,1,0,0,,Away,고척 스카이돔,17:00,25.5
노경은,2023,SSG,2023-05-05,@ Kiwoom,RP,H,0.0,1.0,1,20,0,0,1,0,0,0,0,,Away,고척 스카이돔,14:00,25.5
노경은,2023,SSG,2023-05-03,vs. KT,RP,W,0.0,1.8,1 ⅔,17,0,0,3,0,0,0,0,,Home,인천 SSG 랜더스필드,18:30,20.6
노경은,2023,SSG,2023-04-28,vs. Doosan,RP,H,0.0,2.25,1 ⅓,25,0,0,2,0,0,1,0,,Home,인천 SSG 랜더스필드,18:30,16.4
노경은,2023,SSG,2023-04-25,@ LG,RP,L,27.0,6.0,0 ⅓,16,1,1,2,0,0,0,0,,Away,잠실 야구장,18:30,11.0
노경은,2023,SSG,2023-04-23,vs. Kiwoom,RP,SV,9.0,4.0,1,24,1,1,2,0,1,2,0,,Home,인천 SSG 랜더스필드,14:00,20.5
노경은,2023,SSG,2023-04-21,vs. Kiwoom,RP,H,0.0,2.0,1,25,0,0,1,0,0,1,0,,Home,인천 SSG 랜더스필드,18:30,18.0
노경은,2023,SSG,2023-04-20,@ KT,RP,H,0.0,1.0,2,33,0,0,2,0,2,0,0,,Away,수원 KT 위즈파크,18:30,15.8
노경은,2023,SSG,2023-04-15,vs. NC,RP,,0.0,0.0,1,15,0,0,0,0,2,0,0,,Home,인천 SSG 랜더스필드,17:00,8.1
노경은,2023,SSG,2023-04-14,vs. NC,RP,H,0.0,0.0,1,11,0,0,0,0,1,0,0,,Home,인천 SSG 랜더스필드,18:30,16.8
노경은,2023,SSG,2023-04-11,@ Samsung,RP,W,0.0,0.0,1,11,0,0,0,0,1,0,0,,Away,대구 삼성 라이온즈 파크,18:30,17.6
노경은,2023,SSG,2023-04-09,@ Hanwha,RP,SV,0.0,2.0,1,24,0,0,0,0,3,2,0,,Away,대전 한화생명 볼파크,14:00,18.0
노경은,2023,SSG,2023-04-08,@ Hanwha,RP,,0.0,6.0,0 ⅓,11,0,0,1,0,0,1,0,,Away,대전 한화생명 볼파크,17:00,14.7
노경은,2023,SSG,2023-04-07,@ Hanwha,RP,,54.0,9.0,0 ⅓,18,2,2,2,0,1,1,0,,Away,대전 한화생명 볼파크,18:30,11.9
노경은,2023,SSG,2023-04-01,vs. Kia,RP,H,0.0,1.0,1,26,0,0,0,0,2,1,0,,Home,인천 SSG 랜더스필드,14:00,21.2
노경은,2022,SSG,2022-10-01,@ Kia,RP,W,0.0,1.2,1 ⅔,25,0,0,2,0,1,0,0,,Away,광주 기아 챔피언스 필드,17:00,29.0
노경은,2022,SSG,2022-09-30,vs. Kiwoom,RP,,0.0,0.75,1 ⅓,25,0,0,0,0,0,1,0,,Home,인천 SSG 랜더스필드,18:30,23.2
노경은,2022,SSG,2022-09-29,vs. Kiwoom,RP,,40.5,4.5,0 ⅔,16,3,3,3,0,1,0,0,,Home,인천 SSG 랜더스필드,18:30,22.3
노경은,2022,SSG,2022-09-25,vs. LG,RP,,4.5,2.5,2,42,1,1,1,0,2,4,0,,Home,인천 SSG 랜더스필드,14:00,22.5
노경은,2022,SSG,2022-09-23,vs. Hanwha,RP,H,0.0,0.0,1,11,0,0,0,0,0,0,0,,Home,인천 SSG 랜더스필드,18:30,18.3
노경은,2022,SSG,2022-09-22,vs. Hanwha,RP,W,0.0,0.0,1,9,0,0,0,0,0,0,0,,Home,인천 SSG 랜더스필드,18:30,21.2
노경은,2022,SSG,2022-09-21,vs. KT,RP,,27.0,6.0,0 ⅓,17,1,1,0,0,0,2,0,,Home,인천 SSG 랜더스필드,18:30,21.2
노경은,2022,SSG,2022-09-18,vs. Doosan,RP,W,0.0,1.5,0 ⅔,7,0,0,1,0,0,0,0,,Home,인천 SSG 랜더스필드,14:00,30.4
노경은,2022,SSG,2022-09-17,vs. Doosan,RP,L,27.0,3.0,1,24,3,3,3,2,0,0,0,,Home,인천 SSG 랜더스필드,17:00,28.5
노경은,2022,SSG,2022-09-14,@ Lotte,RP,H,0.0,6.0,0 ⅓,9,0,0,2,0,0,0,0,,Away,사직 야구장,18:30,26.2
노경은,2022,SSG,2022-09-13,@ Lotte,RP,H,0.0,0.6,1 ⅔,19,0,0,1,0,0,0,0,,Away,사직 야구장,18:30,25.9
노경은,2022,SSG,2022-09-11,@ Hanwha,RP,,0.0,0.0,1,15,0,0,0,0,2,0,0,,Away,대전 한화생명 볼파크,14:00,27.0
노경은,2022,SSG,2022-09-07,@ LG,RP,,0.0,0.0,1,13,0,0,0,0,1,0,0,,Away,잠실 야구장,18:30,25.0
노경은,2022,SSG,2022-09-06,@ LG,RP,,9.0,2.0,1,17,1,1,2,0,1,0,0,,Away,잠실 야구장,18:30,25.2
노경은,2022,SSG,2022-09-02,vs. NC,RP,SV,0.0,0.0,0 ⅔,8,0,0,0,0,1,0,0,,Home,인천 SSG 랜더스필드,18:30,27.3
노경은,2022,SSG,2022-09-01,vs. NC,RP,,0.0,0.0,2 ⅓,25,0,0,0,0,3,0,0,,Home,인천 SSG 랜더스필드,18:30,28.0
노경은,2022,SSG,2022-08-27,vs. Lotte,RP,,0.0,1.0,1,12,0,0,0,0,0,1,0,,Home,인천 SSG 랜더스필드,18:00,23.1
노경은,2022,SSG,2022-08-25,@ KT,RP,,6.75,1.5,1 ⅓,20,2,1,1,0,1,1,0,,Away,수원 KT 위즈파크,18:30,24.4
노경은,2022,SSG,2022-08-23,vs. Samsung,RP,,0.0,1.0,1,16,0,0,1,0,2,0,0,,Home,인천 SSG 랜더스필드,18:30,26.8
노경은,2022,SSG,2022-08-21,@ Kiwoom,RP,,0.0,1.0,1,12,0,0,1,0,1,0,0,,Away,고척 스카이돔,14:00,25.5
노경은,2022,SSG,2022-08-20,@ Kiwoom,RP,,0.0,2.0,1,21,0,0,1,0,1,1,0,,Away,고척 스카이돔,18:00,25.5
노경은,2022,SSG,2022-08-17,@ Kia,RP,L,9.0,1.0,1,13,1,1,1,0,0,0,1,,Away,광주 기아 챔피언스 필드,18:30,30.3
노경은,2022,SSG,2022-08-14,@ Doosan,RP,,13.5,4.5,0 ⅔,22,1,1,2,0,0,1,0,,Away,잠실 야구장,17:00,31.6
노경은,2022,SSG,2022-08-11,vs. KT,RP,H,0.0,2.0,1,21,0,0,1,0,1,1,0,,Home,인천 SSG 랜더스필드,18:30,27.0
노경은,2022,SSG,2022-08-10,vs. KT,RP,H,0.0,0.0,2,24,0,0,0,0,1,0,0,,Home,인천 SSG 랜더스필드,18:30,25.9
노경은,2022,SSG,2022-08-06,vs. Samsung,RP,W,0.0,0.5,2,25,0,0,1,0,1,0,0,,Home,인천 SSG 랜더스필드,18:00,31.3
노경은,2022,SSG,2022-08-05,vs. Samsung,RP,,0.0,0.0,1,16,0,0,0,0,2,0,0,,Home,인천 SSG 랜더스필드,18:30,31.2
노경은,2022,SSG,2022-08-04,@ Kiwoom,RP,W,0.0,0.0,1,15,0,0,0,0,1,0,0,,Away,고척 스카이돔,18:30,25.5
노경은,2022,SSG,2022-08-02,@ Kiwoom,RP,W,0.0,0.5,2,12,0,0,1,0,0,0,0,,Away,고척 스카이돔,18:30,25.5
노경은,2022,SSG,2022-07-30,@ Kia,RP,H,0.0,0.5,2,30,0,0,1,0,1,0,0,,Away,광주 기아 챔피언스 필드,18:00,31.5
노경은,2022,SSG,2022-07-27,vs. LG,RP,,0.0,2.0,1,27,0,0,1,0,2,1,0,,Home,인천 SSG 랜더스필드,18:30,30.7
노경은,2022,SSG,2022-07-24,@ Doosan,RP,H,0.0,0.0,1,6,0,0,0,0,0,0,0,,Away,잠실 야구장,17:00,29.7
노경은,2022,SSG,2022-07-22,@ Doosan,RP,W,0.0,0.5,2,26,0,0,1,0,1,0,0,,Away,잠실 야구장,18:30,28.5
노경은,2022,SSG,2022-07-12,vs. Kiwoom,SP,W,3.0,1.0,6,96,2,2,5,1,7,1,2,58.0,Home,인천 SSG 랜더스필드,18:30,29.3
노경은,2022,SSG,2022-07-06,vs. Lotte,SP,L,10.8,2.8,5,80,6,6,13,2,1,1,0,17.0,Home,인천 SSG 랜더스필드,18:30,32.5
노경은,2022,SSG,2022-06-29,@ Hanwha,SP,W,0.0,0.8,5,72,0,0,3,0,4,1,0,64.0,Away,대전 한화생명 볼파크,18:30,29.3
노경은,2022,SSG,2022-04-28,@ Lotte,SP,L,12.0,2.67,3,70,4,4,6,0,2,2,0,31.0,Away,사직 야구장,18:30,16.6
노경은,2022,SSG,2022-04-22,@ Hanwha,SP,L,1.8,1.4,5,88,1,1,5,0,5,2,0,56.0,Away,대전 한화생명 볼파크,18:30,19.0
노경은,2022,SSG,2022-04-16,vs. Samsung,SP,W,1.8,1.0,5,85,1,1,4,0,2,1,1,55.0,Home,인천 SSG 랜더스필드,17:00,12.9
노경은,2022,SSG,2022-04-10,vs. Kia,SP,W,1.8,0.8,5,75,1,1,4,0,2,0,0,57.0,Home,인천 SSG 랜더스필드,14:00,21.0
노경은,2022,SSG,2022-04-03,@ NC,SP,W,0.0,0.5,6,76,0,0,1,0,5,2,0,73.0,Away,창원 NC 파크,14:00,16.5
노경은,2021,Lotte,2021-09-05,@ NC,RP,,54.0,9.0,0 ⅓,12,2,2,3,1,1,0,0,,Away,창원 NC 파크,14:00,24.8
노경은,2021,Lotte,2021-08-31,vs. LG,RP,,9.0,1.33,3,47,3,3,4,0,1,0,0,,Home,사직 야구장,18:30,28.4
노경은,2021,Lotte,2021-08-28,vs. Doosan,RP,,0.0,1.71,2 ⅓,41,0,0,3,0,3,1,0,,Home,사직 야구장,18:00,29.7
노경은,2021,Lotte,2021-07-05,@ SSG,SP,L,14.73,2.45,3 ⅔,80,6,6,8,1,0,1,0,20.0,Away,인천 SSG 랜더스필드,18:30,25.1
노경은,2021,Lotte,2021-06-29,@ Kiwoom,SP,W,4.76,1.59,5 ⅔,97,3,3,6,0,4,3,1,45.0,Away,고척 스카이돔,18:30,25.5
노경은,2021,Lotte,2021-06-23,vs. NC,SP,W,3.18,1.06,5 ⅔,96,2,2,4,1,4,2,1,54.0,Home,사직 야구장,18:30,23.0
노경은,2021,Lotte,2021-06-16,@ Hanwha,SP,,5.4,1.4,5,87,3,3,6,1,7,1,1,48.0,Away,대전 한화생명 볼파크,18:30,27.2
노경은,2021,Lotte,2021-06-05,@ KT,SP,L,7.36,1.91,3 ⅔,64,3,3,6,0,1,1,0,37.0,Away,수원 KT 위즈파크,17:00,25.1
노경은,2021,Lotte,2021-05-19,@ Hanwha,SP,L,27.0,3.0,2,52,6,6,4,2,0,2,0,22.0,Away,대전 한화생명 볼파크,18:30,25.2
노경은,2021,Lotte,2021-05-14,vs. KT,SP,L,10.8,2.4,5,93,6,6,8,0,1,4,0,24.0,Home,사직 야구장,18:30,20.2
노경은,2021,Lotte,2021-05-09,@ Samsung,SP,,3.6,2.2,5,97,6,2,9,0,1,2,0,32.0,Away,대구 삼성 라이온즈 파크,14:00,20.5
노경은,2021,Lotte,2021-05-02,vs. Hanwha,SP,,6.75,2.25,4,86,3,3,7,0,5,2,0,39.0,Home,사직 야구장,14:00,14.1
노경은,2021,Lotte,2021-04-27,@ LG,SP,L,7.2,1.6,5,99,4,4,5,2,5,3,0,43.0,Away,잠실 야구장,18:30,16.5
노경은,2021,Lotte,2021-04-20,vs. Doosan,SP,W,4.5,1.33,6,98,3,3,6,3,2,2,1,47.0,Home,사직 야구장,18:30,19.7
노경은,2020,Lotte,2020-10-27,vs. SK,SP,,0.0,1.0,7,104,0,0,4,0,3,3,0,69.0,Home,사직 야구장,18:30,17.4
노경은,2020,Lotte,2020-10-21,@ SK,SP,L,18.69,2.31,4 ⅓,64,9,9,8,1,1,2,0,10.0,Away,인천 SSG 랜더스필드,18:30,16.5
노경은,2020,Lotte,2020-10-15,vs. LG,SP,L,3.0,0.83,6,96,2,2,4,1,6,1,0,61.0,Home,사직 야구장,18:30,17.9
노경은,2020,Lotte,2020-10-08,vs. KT,SP,L,6.35,1.59,5 ⅔,94,4,4,6,1,5,3,0,43.0,Home,사직 야구장,18:30,17.9
노경은,2020,Lotte,2020-10-01,@ LG,SP,W,1.5,0.83,6,92,1,1,3,0,2,2,1,61.0,Away,잠실 야구장,18:30,20.5
노경은,2020,Lotte,2020-09-25,@ Hanwha,SP,,5.06,1.31,5 ⅓,80,3,3,5,1,5,2,0,49.0,Away,대전 한화생명 볼파크,18:30,23.6
노경은,2020,Lotte,2020-09-20,vs. NC,SP,L,5.06,1.88,5 ⅓,85,3,3,9,1,2,1,0,39.0,Home,사직 야구장,14:00,24.6
노경은,2020,Lotte,2020-09-15,@ Kiwoom,SP,,5.4,2.4,3 ⅓,74,2,2,4,0,1,4,1,40.0,Away,고척 스카이돔,18:30,25.5
노경은,2020,Lotte,2020-09-09,@ NC,SP,,1.8,1.0,5,98,1,1,2,1,5,3,0,61.0,Away,창원 NC 파크,18:30,25.9
노경은,2020,Lotte,2020-09-03,vs. Kia,SP,L,6.35,1.59,5 ⅔,90,4,4,8,2,6,1,0,42.0,Home,사직 야구장,18:30,27.9
노경은,2020,Lotte,2020-08-27,vs. Kiwoom,SP,L,12.46,2.54,4 ⅓,87,8,6,10,1,2,1,1,15.0,Home,사직 야구장,18:30,29.6
노경은,2020,Lotte,2020-08-21,@ Doosan,SP,,0.0,0.83,6,100,0,0,4,0,2,1,0,65.0,Away,잠실 야구장,18:30,30.3
노경은,2020,Lotte,2020-08-15,vs. Kiwoom,SP,L,4.5,1.33,6,88,3,3,7,0,2,1,0,47.0,Home,사직 야구장,18:00,31.4
노경은,2020,Lotte,2020-08-08,@ Doosan,SP,,1.8,0.6,5,52,1,1,3,1,0,0,0,57.0,Away,잠실 야구장,18:00,27.7
노경은,2020,Lotte,2020-08-02,vs. Kia,SP,W,0.0,0.57,7,90,0,0,3,0,6,1,0,76.0,Home,사직 야구장,17:00,29.6
노경은,2020,Lotte,2020-07-28,vs. NC,SP,,5.79,2.57,4 ⅔,94,4,3,10,0,0,2,0,28.0,Home,사직 야구장,18:30,24.9
노경은,2020,Lotte,2020-07-21,@ SK,RP,,27.0,3.0,1 ⅓,24,4,4,3,1,0,1,0,,Away,인천 SSG 랜더스필드,18:30,26.6
노경은,2020,Lotte,2020-06-21,@ KT,SP,L,4.5,1.0,6,86,3,3,6,2,4,0,0,52.0,Away,수원 KT 위즈파크,17:00,28.8
노경은,2020,Lotte,2020-06-16,@ Kiwoom,SP,W,4.5,1.0,6,87,3,3,3,2,5,3,0,56.0,Away,고척 스카이돔,18:30,25.5
노경은,2020,Lotte,2020-06-10,vs. Hanwha,SP,W,1.29,0.71,7,103,2,1,5,0,5,0,0,66.0,Home,사직 야구장,18:30,26.0
노경은,2020,Lotte,2020-06-04,@ Kia,SP,L,10.8,1.4,5,94,6,6,6,3,1,1,0,31.0,Away,광주 기아 챔피언스 필드,18:30,28.4
노경은,2020,Lotte,2020-05-29,@ Doosan,SP,L,4.5,1.17,6,98,3,3,4,0,4,3,0,53.0,Away,잠실 야구장,18:30,25.9
노경은,2020,Lotte,2020-05-22,vs. Kiwoom,SP,,9.0,2.0,4,79,4,4,5,0,3,3,0,36.0,Home,사직 야구장,18:30,17.4
노경은,2020,Lotte,2020-05-16,@ Hanwha,SP,W,1.5,1.33,6,94,1,1,8,0,4,0,0,56.0,Away,대전 한화생명 볼파크,17:00,19.6
노경은,2020,Lotte,2020-05-08,vs. SK,SP,,9.0,2.0,5,85,5,5,9,1,3,1,0,31.0,Home,사직 야구장,18:30,19.3
최현석,2024,SSG,2024-08-15,@ NC,RP,,27.0,7.5,0 ⅔,30,2,2,3,0,1,2,0,,Away,창원 NC 파크,18:30,28.8
최현석,2024,SSG,2024-05-14,vs. Samsung,RP,,0.0,,0,18,2,2,2,1,0,1,0,,Home,인천 SSG 랜더스필드,18:30,19.2
김민,2024,KT,2024-09-27,vs. Kiwoom,RP,,0.0,1.0,1,17,0,0,1,0,1,0,0,,Home,수원 KT 위즈파크,18:30,26.0
김민,2024,KT,2024-09-21,vs. SSG,RP,,54.0,6.0,0 ⅓,12,2,2,1,0,0,1,0,,Home,수원 KT 위즈파크,17:00,23.4
김민,2024,KT,2024-09-19,vs. Samsung,RP,,0.0,0.0,0 ⅔,8,0,0,0,0,1,0,0,,Home,수원 KT 위즈파크,18:30,32.1
김민,2024,KT,2024-09-17,@ Kiwoom,RP,,27.0,6.0,0 ⅓,7,1,1,2,0,0,0,0,,Away,고척 스카이돔,18:30,25.5
김민,2024,KT,2024-09-16,vs. Kia,RP,L,10.8,1.2,1 ⅔,20,2,2,2,1,1,0,0,,Home,수원 KT 위즈파크,18:30,31.3
김민,2024,KT,2024-09-11,vs. NC,RP,H,0.0,3.0,0 ⅓,9,0,0,1,0,0,0,0,,Home,수원 KT 위즈파크,18:30,29.8
김민,2024,KT,2024-09-10,vs. NC,RP,H,0.0,0.5,2,18,0,0,1,0,1,0,0,,Home,수원 KT 위즈파크,18:30,31.5
김민,2024,KT,2024-09-06,@ NC,RP,,0.0,4.5,0 ⅔,28,0,0,2,0,0,1,0,,Away,창원 NC 파크,18:30,28.7
김민,2024,KT,2024-09-04,@ Lotte,RP,L,0.0,,0,12,4,3,4,0,0,0,0,,Away,사직 야구장,18:30,28.5
김민,2024,KT,2024-08-31,@ Hanwha,RP,H,0.0,0.6,1 ⅔,20,0,0,1,0,2,0,0,,Away,대전 한화생명 볼파크,18:00,29.7
김민,2024,KT,2024-08-29,@ LG,RP,H,0.0,1.0,1,8,0,0,1,0,0,0,0,,Away,잠실 야구장,18:30,31.7
김민,2024,KT,2024-08-28,@ LG,RP,,6.75,3.75,1 ⅓,24,1,1,3,1,1,2,0,,Away,잠실 야구장,18:30,31.7
김민,2024,KT,2024-08-25,@ SSG,RP,,0.0,0.0,1 ⅓,13,0,0,0,0,1,0,0,,Away,인천 SSG 랜더스필드,17:00,32.8
김민,2024,KT,2024-08-24,@ SSG,RP,H,0.0,0.0,1 ⅓,17,0,0,0,0,2,0,0,,Away,인천 SSG 랜더스필드,18:00,30.9
김민,2024,KT,2024-08-22,vs. Kiwoom,RP,H,0.0,2.0,1,21,0,0,1,0,1,1,0,,Home,수원 KT 위즈파크,18:30,30.4
김민,2024,KT,2024-08-21,vs. Kiwoom,RP,H,0.0,0.0,1,5,0,0,0,0,1,0,0,,Home,수원 KT 위즈파크,18:30,31.8
김민,2024,KT,2024-08-20,vs. Kiwoom,RP,L,18.0,4.0,1,26,2,2,4,0,2,0,0,,Home,수원 KT 위즈파크,18:30,33.8
김민,2024,KT,2024-08-18,vs. Doosan,RP,H,0.0,1.0,1,11,0,0,1,0,0,0,0,,Home,수원 KT 위즈파크,17:00,29.9
김민,2024,KT,2024-08-17,vs. Doosan,RP,,9.0,2.0,1,20,1,1,2,0,1,0,0,,Home,수원 KT 위즈파크,18:00,32.0
김민,2024,KT,2024-08-15,@ Samsung,RP,W,0.0,0.0,1,16,0,0,0,0,3,0,0,,Away,대구 삼성 라이온즈 파크,18:30,31.4
김민,2024,KT,2024-08-14,@ Samsung,RP,,0.0,2.0,1,14,0,0,0,0,1,2,0,,Away,대구 삼성 라이온즈 파크,18:30,31.9
김민,2024,KT,2024-08-11,vs. Lotte,RP,,0.0,1.0,1,9,0,0,1,0,0,0,0,,Home,수원 KT 위즈파크,17:00,33.0
김민,2024,KT,2024-08-09,vs. Lotte,RP,,9.0,1.0,1,9,1,1,1,1,0,0,0,,Home,수원 KT 위즈파크,18:30,31.9
김민,2024,KT,2024-08-08,@ Kia,RP,,0.0,3.0,0 ⅔,13,0,0,2,0,0,0,0,,Away,광주 기아 챔피언스 필드,18:30,31.1
김민,2024,KT,2024-08-06,@ Kia,RP,,0.0,1.5,0 ⅔,8,0,0,0,0,0,1,0,,Away,광주 기아 챔피언스 필드,18:30,32.6
김민,2024,KT,2024-08-02,@ NC,RP,,0.0,0.0,2,24,0,0,0,0,3,0,1,,Away,창원 NC 파크,18:30,34.2
김민,2024,KT,2024-07-28,@ Samsung,RP,W,0.0,0.0,1,14,0,0,0,0,3,0,0,,Away,대구 삼성 라이온즈 파크,17:00,33.1
김민,2024,KT,2024-07-26,@ Samsung,RP,H,0.0,2.0,1,18,0,0,1,0,2,1,0,,Away,대구 삼성 라이온즈 파크,18:30,31.5
김민,2024,KT,2024-07-24,vs. SSG,RP,W,0.0,0.0,1 ⅓,19,0,0,0,0,1,0,0,,Home,수원 KT 위즈파크,18:30,31.2
김민,2024,KT,2024-07-18,@ Kiwoom,RP,,0.0,3.0,0 ⅔,16,0,0,1,0,1,1,0,,Away,고척 스카이돔,18:30,25.5
김민,2024,KT,2024-07-16,@ Kiwoom,RP,H,18.0,3.0,1,19,2,2,3,0,1,0,0,,Away,고척 스카이돔,18:30,25.5
김민,2024,KT,2024-07-13,@ Lotte,RP,H,0.0,1.5,0 ⅔,10,0,0,1,0,0,0,0,,Away,사직 야구장,18:00,27.2
김민,2024,KT,2024-07-12,@ Lotte,RP,W,0.0,1.0,1,17,0,0,0,0,1,1,0,,Away,사직 야구장,18:30,27.3
김민,2024,KT,2024-07-10,vs. Doosan,RP,,27.0,4.0,1,29,3,3,4,0,1,0,0,,Home,수원 KT 위즈파크,18:30,29.1
김민,2024,KT,2024-07-03,@ Hanwha,RP,,27.0,6.0,0 ⅔,24,2,2,3,0,2,1,0,,Away,대전 한화생명 볼파크,18:30,28.2
김민,2024,KT,2024-07-02,@ Hanwha,RP,,0.0,0.75,1 ⅓,17,0,0,1,0,1,0,0,,Away,대전 한화생명 볼파크,18:30,27.6
김민,2024,KT,2024-06-30,vs. Samsung,RP,W,0.0,0.75,1 ⅓,21,0,0,1,0,2,0,0,,Home,수원 KT 위즈파크,17:00,26.3
김민,2024,KT,2024-06-30,vs. Samsung,RP,H,0.0,0.0,1 ⅔,19,0,0,0,0,2,0,0,,Home,수원 KT 위즈파크,17:00,26.3
김민,2024,KT,2024-06-28,vs. Samsung,RP,W,0.0,0.5,2,20,0,0,1,0,1,0,0,,Home,수원 KT 위즈파크,18:30,27.4
김민,2024,KT,2024-06-25,@ SSG,RP,,9.0,3.0,1,18,1,1,3,0,0,0,0,,Away,인천 SSG 랜더스필드,18:30,25.3
김민,2024,KT,2024-06-23,@ LG,RP,H,0.0,3.0,1 ⅓,32,0,0,2,0,1,2,0,,Away,잠실 야구장,17:00,28.6
김민,2024,KT,2024-06-21,@ LG,RP,W,0.0,1.0,1,10,0,0,1,0,0,0,0,,Away,잠실 야구장,18:30,29.5
김민,2024,KT,2024-06-20,vs. Lotte,RP,H,0.0,1.5,1 ⅓,21,0,0,0,0,2,2,0,,Home,수원 KT 위즈파크,18:30,29.6
김민,2024,KT,2024-06-18,vs. Lotte,RP,H,0.0,0.0,1,9,0,0,0,0,1,0,0,,Home,수원 KT 위즈파크,18:30,27.2
김민,2024,KT,2024-06-16,vs. Kia,RP,,0.0,2.0,1,14,0,0,1,0,1,1,0,,Home,수원 KT 위즈파크,17:00,26.9
김민,2024,KT,2024-06-15,vs. Kia,RP,,0.0,0.0,2,26,0,0,0,0,1,0,0,,Home,수원 KT 위즈파크,17:00,26.4
김민,2024,KT,2024-06-12,@ NC,RP,,0.0,1.2,1 ⅔,21,0,0,2,0,1,0,0,,Away,창원 NC 파크,18:30,28.3
김민,2024,KT,2024-06-09,vs. LG,RP,,0.0,0.6,1 ⅔,25,0,0,1,0,4,0,0,,Home,수원 KT 위즈파크,17:00,25.8
김민,2024,KT,2024-06-06,vs. Hanwha,RP,,0.0,0.0,1 ⅓,11,0,0,0,0,1,0,0,,Home,수원 KT 위즈파크,18:30,25.6
김민,2024,KT,2024-06-05,vs. Hanwha,RP,,0.0,0.0,1,14,0,0,0,0,1,0,1,,Home,수원 KT 위즈파크,18:30,22.8
김민,2024,KT,2024-06-02,@ Kia,RP,,18.0,3.0,1,18,2,2,3,0,1,0,0,,Away,광주 기아 챔피언스 필드,17:00,22.9
김민,2024,KT,2024-05-31,@ Kia,RP,H,0.0,1.0,1,17,0,0,1,0,1,0,0,,Away,광주 기아 챔피언스 필드,18:30,24.8
김민,2024,KT,2024-05-30,@ Doosan,RP,,0.0,0.0,1,9,0,0,0,0,2,0,0,,Away,잠실 야구장,18:30,23.7
김민,2024,KT,2024-05-25,vs. Kiwoom,RP,H,0.0,0.0,1,14,0,0,0,0,2,0,0,,Home,수원 KT 위즈파크,17:00,23.3
김민,2024,KT,2024-05-23,@ Samsung,RP,,0.0,3.0,0 ⅔,16,0,0,2,0,0,0,0,,Away,대구 삼성 라이온즈 파크,18:30,22.8
김민,2024,KT,2024-05-21,@ Samsung,RP,H,20.25,2.25,1 ⅓,22,3,3,3,0,3,0,0,,Away,대구 삼성 라이온즈 파크,18:30,19.0
김민,2024,KT,2024-05-19,vs. LG,RP,,0.0,0.0,1,14,0,0,0,0,2,0,0,,Home,수원 KT 위즈파크,14:00,26.5
김민,2024,KT,2024-05-18,vs. LG,RP,,0.0,0.0,1,7,0,0,0,0,1,0,0,,Home,수원 KT 위즈파크,17:00,24.1
김민,2024,KT,2024-05-16,vs. Lotte,RP,,0.0,1.0,1,22,0,0,1,0,1,0,0,,Home,수원 KT 위즈파크,18:30,18.5
김민,2024,KT,2024-05-14,vs. Lotte,RP,W,9.0,2.0,1,18,1,1,2,1,0,0,0,,Home,수원 KT 위즈파크,18:30,21.7
김민,2024,KT,2024-05-12,@ Doosan,RP,,0.0,2.0,1,15,0,0,0,0,0,2,0,,Away,잠실 야구장,14:00,20.5
김민,2024,KT,2024-05-09,vs. NC,RP,H,9.0,2.0,1,15,1,1,2,1,0,0,0,,Home,수원 KT 위즈파크,18:30,19.3
김민,2024,KT,2024-05-08,vs. NC,RP,,0.0,2.0,1,13,0,0,1,0,0,1,0,,Home,수원 KT 위즈파크,18:30,17.6
김민,2024,KT,2024-05-04,vs. Kiwoom,RP,H,0.0,0.5,2,21,0,0,1,0,3,0,0,,Home,수원 KT 위즈파크,17:00,24.3
김민,2024,KT,2024-05-02,@ Kia,RP,,9.0,4.0,1,28,1,1,3,0,3,1,0,,Away,광주 기아 챔피언스 필드,18:30,21.0
김민,2024,KT,2024-04-30,@ Kia,RP,,0.0,0.6,1 ⅔,18,0,0,1,0,1,0,0,,Away,광주 기아 챔피언스 필드,18:30,16.9
김민,2024,KT,2024-04-27,@ SSG,RP,H,0.0,0.0,1,15,0,0,0,0,2,0,0,,Away,인천 SSG 랜더스필드,17:00,20.2
김민,2024,KT,2024-04-25,vs. Hanwha,RP,,0.0,1.0,1,10,0,0,1,0,1,0,0,,Home,수원 KT 위즈파크,18:30,19.4
김민,2024,KT,2024-04-23,vs. Hanwha,RP,,0.0,0.75,1 ⅓,15,0,0,1,0,1,0,0,,Home,수원 KT 위즈파크,18:30,19.2
김민,2024,KT,2024-04-21,@ Lotte,RP,,54.0,6.0,0 ⅓,8,2,2,2,0,0,0,0,,Away,사직 야구장,14:00,17.6
김민,2024,KT,2024-04-07,@ LG,SP,L,54.0,9.0,1,57,6,6,3,0,0,6,0,17.0,Away,잠실 야구장,14:00,22.0
김민,2023,KT,2023-10-07,vs. Hanwha,SP,W,0.0,1.24,5 ⅔,91,0,0,4,0,6,3,1,63.0,Home,수원 KT 위즈파크,17:00,19.7
김민,2023,KT,2023-09-18,@ Hanwha,SP,L,6.0,1.33,3,59,4,2,3,1,2,1,0,42.0,Away,대전 한화생명 볼파크,18:30,27.4
김민,2023,KT,2023-09-09,vs. SSG,SP,,15.0,2.33,3,54,5,5,5,0,1,2,1,27.0,Home,수원 KT 위즈파크,17:00,28.9
김민,2023,KT,2023-09-03,@ Kiwoom,SP,L,15.0,2.67,3,57,6,5,6,0,3,2,0,26.0,Away,고척 스카이돔,14:00,25.5
김민,2023,KT,2023-08-18,@ Hanwha,RP,,10.8,1.8,1 ⅔,21,2,2,3,0,1,0,0,,Away,대전 한화생명 볼파크,18:30,32.2
김민,2023,KT,2023-08-05,@ Doosan,RP,,0.0,2.0,2,28,0,0,3,0,1,1,0,,Away,잠실 야구장,18:00,34.3
김민,2023,KT,2023-07-28,@ NC,RP,,0.0,0.0,1,12,0,0,0,0,2,0,0,,Away,창원 NC 파크,18:30,32.8
김민,2023,KT,2023-07-13,@ Kiwoom,RP,,0.0,1.0,1,16,0,0,0,0,0,1,0,,Away,고척 스카이돔,18:30,25.5
김민,2023,KT,2023-05-09,vs. NC,RP,,13.5,3.5,2,57,3,3,5,1,1,2,0,,Home,수원 KT 위즈파크,18:30,20.8
김민,2023,KT,2023-05-04,@ SSG,RP,,18.0,4.0,1,18,2,2,4,1,0,0,0,,Away,인천 SSG 랜더스필드,18:30,21.3
김민,2023,KT,2023-04-27,@ Kiwoom,RP,,0.0,2.0,1,18,0,0,2,0,3,0,0,,Away,고척 스카이돔,18:30,25.5
김민,2023,KT,2023-04-15,vs. Hanwha,RP,,6.75,1.5,1 ⅓,27,1,1,0,0,0,2,1,,Home,수원 KT 위즈파크,17:00,13.8
김민,2023,KT,2023-04-14,vs. Hanwha,RP,,13.5,6.0,0 ⅔,27,2,1,3,0,1,1,0,,Home,수원 KT 위즈파크,18:30,19.5
김민,2023,KT,2023-04-12,@ NC,RP,,0.0,1.0,1,12,0,0,1,0,0,0,1,,Away,창원 NC 파크,18:30,16.0
김민,2023,KT,2023-04-02,vs. LG,RP,,0.0,1.0,1,12,0,0,1,0,1,0,0,,Home,수원 KT 위즈파크,14:00,23.1
김민,2023,KT,2023-04-01,vs. LG,RP,,13.5,1.5,0 ⅔,11,1,1,0,0,0,1,0,,Home,수원 KT 위즈파크,14:00,24.0
김민,2022,KT,2022-10-11,@ LG,RP,H,0.0,1.5,0 ⅔,19,0,0,0,0,1,1,1,,Away,잠실 야구장,18:30,14.4
김민,2022,KT,2022-10-07,@ Kia,RP,,54.0,6.0,0 ⅓,6,2,2,2,1,0,0,0,,Away,광주 기아 챔피언스 필드,18:30,16.6
김민,2022,KT,2022-10-04,vs. Samsung,RP,,0.0,1.5,2,23,0,0,2,0,1,1,0,,Home,수원 KT 위즈파크,18:30,18.0
김민,2022,KT,2022-09-29,@ LG,RP,H,0.0,0.0,2 ⅔,23,0,0,0,0,4,0,0,,Away,잠실 야구장,18:30,24.3
김민,2022,KT,2022-09-28,vs. Doosan,RP,,0.0,0.0,1,8,0,0,0,0,1,0,0,,Home,수원 KT 위즈파크,18:30,23.9
김민,2022,KT,2022-09-25,@ NC,RP,,0.0,0.0,1,9,0,0,0,0,1,0,0,,Away,창원 NC 파크,14:00,21.1
김민,2020,KT,2020-10-07,@ Lotte,RP,,0.0,,0,9,1,1,2,0,0,0,0,,Away,사직 야구장,18:30,19.5
김민,2020,KT,2020-09-30,@ Samsung,RP,,0.0,0.0,2,18,0,0,0,0,0,0,1,,Away,대구 삼성 라이온즈 파크,18:30,21.5
김민,2020,KT,2020-09-26,vs. LG,RP,,0.0,3.0,0 ⅓,9,0,0,0,0,1,1,0,,Home,수원 KT 위즈파크,17:00,23.0
김민,2020,KT,2020-09-22,@ Lotte,RP,,0.0,0.0,1,9,0,0,0,0,1,0,0,,Away,사직 야구장,18:30,21.0
김민,2020,KT,2020-09-15,vs. Samsung,RP,,0.0,3.0,1 ⅓,25,0,0,4,0,0,0,0,,Home,수원 KT 위즈파크,18:30,25.9
김민,2020,KT,2020-09-11,@ NC,RP,,9.0,3.0,1,18,1,1,2,1,1,1,0,,Away,창원 NC 파크,18:30,25.2
김민,2020,KT,2020-09-10,@ NC,RP,,0.0,3.0,0 ⅔,15,1,0,1,0,0,1,0,,Away,창원 NC 파크,18:30,26.6
김민,2020,KT,2020-09-08,@ Doosan,RP,,0.0,1.0,1,12,0,0,1,0,2,0,0,,Away,잠실 야구장,18:30,25.1
김민,2020,KT,2020-09-06,@ Kiwoom,RP,H,27.0,3.0,0 ⅓,6,1,1,1,1,1,0,0,,Away,고척 스카이돔,14:00,25.5
김민,2020,KT,2020-09-01,vs. Lotte,RP,,0.0,0.0,1,12,0,0,0,0,0,0,0,,Home,수원 KT 위즈파크,18:30,29.7
김민,2020,KT,2020-08-24,vs. NC,RP,,0.0,0.0,1,17,0,0,0,0,2,0,0,,Home,수원 KT 위즈파크,18:30,31.3
김민,2020,KT,2020-08-21,@ Hanwha,RP,,0.0,1.0,1,11,0,0,1,0,2,0,0,,Away,대전 한화생명 볼파크,18:30,33.2
김민,2020,KT,2020-08-12,vs. SK,RP,,6.75,2.25,2 ⅔,59,2,2,2,0,3,4,0,,Home,수원 KT 위즈파크,18:30,31.0
김민,2020,KT,2020-08-05,@ Kiwoom,RP,,0.0,2.0,1,17,0,0,2,0,1,0,0,,Away,고척 스카이돔,18:30,25.5
김민,2020,KT,2020-07-31,vs. SK,RP,,0.0,0.5,2,17,0,0,1,0,1,0,0,,Home,수원 KT 위즈파크,18:30,29.6
김민,2020,KT,2020-07-26,vs. NC,RP,W,0.0,0.0,0 ⅓,5,0,0,0,0,0,0,0,,Home,수원 KT 위즈파크,17:00,26.7
김민,2020,KT,2020-07-21,vs. LG,RP,,0.0,0.0,0 ⅓,4,0,0,0,0,1,0,0,,Home,수원 KT 위즈파크,18:30,28.1
김민,2020,KT,2020-07-18,@ NC,RP,,0.0,1.5,1 ⅓,23,0,0,1,0,1,1,0,,Away,창원 NC 파크,18:00,24.6
김민,2020,KT,2020-06-10,vs. Kia,SP,L,40.5,5.25,1 ⅓,61,8,6,2,0,1,5,1,17.0,Home,수원 KT 위즈파크,18:30,28.2
김민,2020,KT,2020-06-04,vs. Doosan,SP,L,30.86,3.86,2 ⅓,62,8,8,8,2,2,1,0,10.0,Home,수원 KT 위즈파크,18:30,25.0
김민,2020,KT,2020-05-29,@ Kiwoom,SP,L,1.8,1.2,5,97,2,1,2,0,3,4,3,53.0,Away,고척 스카이돔,18:30,25.5
김민,2020,KT,2020-05-23,@ LG,SP,W,1.59,1.59,5 ⅔,98,1,1,2,0,2,7,0,56.0,Away,잠실 야구장,17:00,23.2
김민,2020,KT,2020-05-16,vs. Samsung,SP,W,4.5,1.17,6,97,3,3,4,0,6,3,0,55.0,Home,수원 KT 위즈파크,17:00,18.7
김민,2020,KT,2020-05-10,@ Doosan,SP,,15.75,2.75,4,71,7,7,10,2,1,1,0,14.0,Away,잠실 야구장,14:00,16.5
문승원,2024,SSG,2024-09-22,@ KT,RP,,0.0,0.0,1,12,0,0,0,0,1,0,0,,Away,수원 KT 위즈파크,14:00,25.0
문승원,2024,SSG,2024-09-21,@ KT,RP,,0.0,3.0,0 ⅓,4,0,0,1,0,0,0,0,,Away,수원 KT 위즈파크,17:00,23.4
문승원,2024,SSG,2024-09-17,vs. Kia,RP,H,0.0,3.0,1,17,0,0,1,0,0,2,0,,Home,인천 SSG 랜더스필드,18:30,30.5
문승원,2024,SSG,2024-09-15,vs. Samsung,RP,,27.0,4.5,0 ⅔,36,4,2,2,2,0,1,0,,Home,인천 SSG 랜더스필드,14:00,32.0
문승원,2024,SSG,2024-09-14,vs. Samsung,RP,W,0.0,1.0,1,22,0,0,1,0,2,0,0,,Home,인천 SSG 랜더스필드,17:00,30.7
문승원,2024,SSG,2024-09-10,vs. Hanwha,RP,H,0.0,1.5,0 ⅔,13,0,0,0,0,0,1,0,,Home,인천 SSG 랜더스필드,18:30,30.5
문승원,2024,SSG,2024-09-07,@ Lotte,RP,,0.0,0.0,1,12,0,0,0,0,1,0,0,,Away,사직 야구장,17:00,30.8
문승원,2024,SSG,2024-09-05,@ LG,RP,H,0.0,1.5,0 ⅔,13,0,0,0,0,1,1,0,,Away,잠실 야구장,18:30,28.6
문승원,2024,SSG,2024-09-01,vs. NC,RP,,54.0,7.5,0 ⅔,32,4,4,3,0,0,2,0,,Home,인천 SSG 랜더스필드,14:00,29.4
문승원,2024,SSG,2024-08-29,@ Kia,RP,,0.0,1.0,1,11,0,0,1,0,0,0,0,,Away,광주 기아 챔피언스 필드,18:30,31.9
문승원,2024,SSG,2024-08-24,vs. KT,RP,,0.0,3.0,1,22,1,0,2,0,0,1,0,,Home,인천 SSG 랜더스필드,18:00,30.9
문승원,2024,SSG,2024-08-23,vs. KT,RP,,0.0,1.5,0 ⅔,12,0,0,1,0,1,0,0,,Home,인천 SSG 랜더스필드,18:30,30.1
문승원,2024,SSG,2024-08-20,@ LG,RP,,0.0,0.0,1,11,0,0,0,0,1,0,0,,Away,잠실 야구장,18:30,34.4
문승원,2024,SSG,2024-08-18,vs. Hanwha,RP,,0.0,2.0,1,11,0,0,2,0,1,0,0,,Home,인천 SSG 랜더스필드,17:00,32.3
문승원,2024,SSG,2024-08-16,vs. Hanwha,RP,,0.0,2.0,1,22,0,0,1,0,1,1,0,,Home,인천 SSG 랜더스필드,18:30,32.3
문승원,2024,SSG,2024-08-15,@ NC,RP,SV,0.0,0.0,0 ⅓,3,0,0,0,0,0,0,0,,Away,창원 NC 파크,18:30,28.8
문승원,2024,SSG,2024-08-13,@ NC,RP,H,0.0,0.0,1 ⅓,13,0,0,0,0,1,0,0,,Away,창원 NC 파크,18:30,31.9
문승원,2024,SSG,2024-08-10,vs. Doosan,RP,,9.0,3.0,1,12,1,1,3,1,0,0,0,,Home,인천 SSG 랜더스필드,18:00,32.1
문승원,2024,SSG,2024-08-09,vs. Doosan,RP,,9.0,1.0,1,25,1,1,1,1,2,0,0,,Home,인천 SSG 랜더스필드,18:30,31.8
문승원,2024,SSG,2024-08-07,@ Kiwoom,RP,H,10.8,1.2,1 ⅔,27,2,2,2,1,1,0,0,,Away,고척 스카이돔,18:30,25.5
문승원,2024,SSG,2024-08-06,@ Kiwoom,RP,W,0.0,0.75,1 ⅓,21,0,0,1,0,2,0,0,,Away,고척 스카이돔,18:30,25.5
문승원,2024,SSG,2024-08-02,@ Samsung,RP,H,0.0,1.0,1,17,0,0,1,0,3,0,0,,Away,대구 삼성 라이온즈 파크,18:30,32.5
문승원,2024,SSG,2024-07-31,vs. Lotte,RP,W,9.0,3.0,1,16,1,1,2,0,1,1,0,,Home,인천 SSG 랜더스필드,18:30,31.8
문승원,2024,SSG,2024-07-28,vs. Doosan,RP,SV,0.0,1.0,1,16,0,0,1,0,1,0,0,,Home,인천 SSG 랜더스필드,17:00,31.8
문승원,2024,SSG,2024-07-27,vs. Doosan,RP,SV,0.0,1.0,1,15,0,0,1,0,0,0,0,,Home,인천 SSG 랜더스필드,18:00,32.0
문승원,2024,SSG,2024-07-26,vs. Doosan,RP,,0.0,0.0,1,10,0,0,0,0,0,0,0,,Home,인천 SSG 랜더스필드,18:30,31.0
문승원,2024,SSG,2024-07-21,vs. Kiwoom,RP,,9.0,1.0,1,15,1,1,1,1,1,0,0,,Home,인천 SSG 랜더스필드,17:00,30.7
문승원,2024,SSG,2024-07-13,@ Kia,RP,,0.0,1.0,1,11,0,0,1,0,1,0,0,,Away,광주 기아 챔피언스 필드,18:00,29.3
문승원,2024,SSG,2024-07-11,vs. Lotte,RP,,54.0,12.0,0 ⅓,16,2,2,3,1,0,1,0,,Home,인천 SSG 랜더스필드,18:30,27.1
문승원,2024,SSG,2024-07-09,vs. Lotte,RP,W,0.0,0.75,1 ⅓,23,0,0,1,0,1,0,0,,Home,인천 SSG 랜더스필드,18:30,26.6
문승원,2024,SSG,2024-07-04,@ NC,RP,,0.0,0.0,1,18,0,0,0,0,0,0,1,,Away,창원 NC 파크,18:30,30.2
문승원,2024,SSG,2024-06-30,@ Doosan,RP,SV,0.0,2.0,1,29,0,0,2,0,3,0,0,,Away,잠실 야구장,17:00,26.9
문승원,2024,SSG,2024-06-26,vs. KT,RP,,0.0,2.0,1,25,0,0,1,0,2,1,0,,Home,인천 SSG 랜더스필드,18:30,26.4
문승원,2024,SSG,2024-06-23,vs. NC,RP,,45.0,6.0,1,27,5,5,5,0,0,1,0,,Home,인천 SSG 랜더스필드,17:00,27.5
문승원,2024,SSG,2024-06-20,@ Samsung,RP,,0.0,,0,22,2,2,4,1,0,1,0,,Away,대구 삼성 라이온즈 파크,18:30,25.4
문승원,2024,SSG,2024-06-15,@ Hanwha,RP,,0.0,2.0,1,19,0,0,1,0,0,1,0,,Away,대전 한화생명 볼파크,17:00,28.4
문승원,2024,SSG,2024-06-11,vs. Kia,RP,,27.0,9.0,0 ⅓,14,1,1,1,0,0,2,0,,Home,인천 SSG 랜더스필드,18:30,24.6
문승원,2024,SSG,2024-06-05,vs. Samsung,RP,SV,0.0,0.0,0 ⅔,5,0,0,0,0,1,0,0,,Home,인천 SSG 랜더스필드,18:30,22.6
문승원,2024,SSG,2024-06-04,vs. Samsung,RP,,0.0,,0,20,1,1,2,0,0,1,0,,Home,인천 SSG 랜더스필드,18:30,23.8
문승원,2024,SSG,2024-06-02,@ Kiwoom,RP,,0.0,1.0,1,17,0,0,1,0,0,0,0,,Away,고척 스카이돔,14:00,25.5
문승원,2024,SSG,2024-05-31,@ Kiwoom,RP,SV,0.0,0.75,1 ⅓,19,0,0,0,0,2,1,0,,Away,고척 스카이돔,18:30,25.5
문승원,2024,SSG,2024-05-30,vs. LG,RP,,0.0,0.0,1,13,0,0,0,0,2,0,0,,Home,인천 SSG 랜더스필드,18:30,21.3
문승원,2024,SSG,2024-05-25,vs. Hanwha,RP,L,9.0,1.5,2,25,2,2,2,0,1,1,0,,Home,인천 SSG 랜더스필드,17:00,19.6
문승원,2024,SSG,2024-05-18,@ Kiwoom,RP,SV,0.0,1.0,1,11,0,0,1,0,2,0,0,,Away,고척 스카이돔,17:00,25.5
문승원,2024,SSG,2024-05-17,@ Kiwoom,RP,SV,0.0,0.75,1 ⅓,19,0,0,1,0,1,0,0,,Away,고척 스카이돔,18:30,25.5
문승원,2024,SSG,2024-05-12,@ Kia,RP,SV,0.0,1.2,1 ⅔,17,0,0,1,0,0,1,0,,Away,광주 기아 챔피언스 필드,14:00,22.6
문승원,2024,SSG,2024-05-10,@ Kia,RP,SV,0.0,0.0,1 ⅓,20,0,0,0,0,2,0,0,,Away,광주 기아 챔피언스 필드,18:30,22.0
문승원,2024,SSG,2024-05-07,@ LG,RP,SV,0.0,1.0,1,9,0,0,1,0,0,0,0,,Away,잠실 야구장,18:30,14.5
문승원,2024,SSG,2024-05-02,@ Hanwha,RP,SV,0.0,1.0,1,17,0,0,1,0,1,0,0,,Away,대전 한화생명 볼파크,18:30,22.4
문승원,2024,SSG,2024-05-01,@ Hanwha,RP,SV,9.0,3.0,1,22,1,1,3,0,1,0,0,,Away,대전 한화생명 볼파크,18:30,19.5
문승원,2024,SSG,2024-04-26,vs. KT,RP,SV,0.0,1.0,1,16,0,0,1,0,1,0,0,,Home,인천 SSG 랜더스필드,18:30,20.5
문승원,2024,SSG,2024-04-24,@ Lotte,RP,,0.0,0.0,1,7,0,0,0,0,0,0,0,,Away,사직 야구장,18:30,18.6
문승원,2024,SSG,2024-04-21,vs. LG,RP,,9.0,1.0,1,23,1,1,1,0,1,0,0,,Home,인천 SSG 랜더스필드,14:00,19.8
문승원,2024,SSG,2024-04-18,vs. Kia,RP,SV,0.0,0.0,1,9,0,0,0,0,0,0,0,,Home,인천 SSG 랜더스필드,18:30,17.8
문승원,2024,SSG,2024-04-14,@ KT,RP,,0.0,1.0,1,18,0,0,0,0,1,1,0,,Away,수원 KT 위즈파크,14:00,27.3
문승원,2024,SSG,2024-04-09,vs. Kiwoom,RP,SV,0.0,0.0,1,11,0,0,0,0,2,0,0,,Home,인천 SSG 랜더스필드,18:30,17.8
문승원,2024,SSG,2024-04-04,vs. Doosan,RP,W,4.5,0.5,2,28,1,1,1,1,3,0,0,,Home,인천 SSG 랜더스필드,18:30,16.7
문승원,2024,SSG,2024-04-03,vs. Doosan,RP,SV,0.0,0.0,1,18,0,0,0,0,2,0,0,,Home,인천 SSG 랜더스필드,18:30,16.8
문승원,2024,SSG,2024-03-30,@ Samsung,RP,SV,0.0,1.0,1,16,0,0,1,0,1,0,0,,Away,대구 삼성 라이온즈 파크,17:00,15.6
문승원,2024,SSG,2024-03-29,@ Samsung,RP,SV,0.0,0.0,1,9,0,0,0,0,0,0,0,,Away,대구 삼성 라이온즈 파크,18:30,14.7
문승원,2024,SSG,2024-03-24,vs. Lotte,RP,W,54.0,12.0,0 ⅓,33,2,2,3,1,1,1,0,,Home,인천 SSG 랜더스필드,14:00,20.3
문승원,2024,SSG,2024-03-23,vs. Lotte,RP,SV,0.0,1.0,1,10,0,0,0,0,0,1,0,,Home,인천 SSG 랜더스필드,14:00,14.9
문승원,2023,SSG,2023-10-14,@ Samsung,SP,L,5.06,1.5,5 ⅓,88,4,3,7,0,4,1,0,43.0,Away,대구 삼성 라이온즈 파크,17:00,21.8
문승원,2023,SSG,2023-10-06,vs. Hanwha,SP,W,3.0,1.5,6,101,2,2,7,0,3,2,1,50.0,Home,인천 SSG 랜더스필드,18:30,19.1
문승원,2023,SSG,2023-09-30,vs. Kia,SP,,3.86,1.0,7,91,3,3,5,3,3,2,1,55.0,Home,인천 SSG 랜더스필드,17:00,23.5
문승원,2023,SSG,2023-09-24,vs. Lotte,SP,L,6.23,1.85,4 ⅓,81,4,3,7,1,3,1,1,36.0,Home,인천 SSG 랜더스필드,14:00,24.4
문승원,2023,SSG,2023-09-19,@ Hanwha,SP,W,3.38,0.63,8,93,3,3,4,1,3,1,1,63.0,Away,대전 한화생명 볼파크,18:30,26.2
문승원,2023,SSG,2023-09-08,@ KT,SP,L,18.0,2.67,3,64,7,6,7,0,3,1,0,21.0,Away,수원 KT 위즈파크,18:30,27.5
문승원,2023,SSG,2023-09-02,vs. Kia,SP,L,6.35,1.41,5 ⅔,103,4,4,6,1,2,2,1,40.0,Home,인천 SSG 랜더스필드,17:00,28.6
문승원,2023,SSG,2023-08-27,@ Doosan,SP,,12.0,2.67,3,62,4,4,7,0,2,1,0,30.0,Away,잠실 야구장,17:00,29.8
문승원,2023,SSG,2023-08-19,vs. LG,RP,,13.5,4.5,0 ⅔,9,1,1,3,0,0,0,0,,Home,인천 SSG 랜더스필드,18:00,30.1
문승원,2023,SSG,2023-08-18,vs. LG,RP,,0.0,,0,18,3,2,1,0,0,2,0,,Home,인천 SSG 랜더스필드,18:30,30.5
문승원,2023,SSG,2023-08-16,@ Lotte,RP,,27.0,7.5,0 ⅔,30,2,2,3,1,1,2,0,,Away,사직 야구장,18:30,27.6
문승원,2023,SSG,2023-08-15,@ Lotte,RP,,0.0,3.0,0 ⅔,27,0,0,1,0,1,1,0,,Away,사직 야구장,18:30,30.0
문승원,2023,SSG,2023-08-12,vs. Samsung,RP,,0.0,0.0,1 ⅓,11,0,0,0,0,1,0,0,,Home,인천 SSG 랜더스필드,18:00,28.1
문승원,2023,SSG,2023-08-11,vs. Samsung,RP,,0.0,1.0,1,11,0,0,1,0,0,0,0,,Home,인천 SSG 랜더스필드,18:30,27.2
문승원,2023,SSG,2023-08-06,@ Lotte,RP,L,27.0,6.0,0 ⅓,13,1,1,2,0,0,0,0,,Away,사직 야구장,17:00,33.0
문승원,2023,SSG,2023-08-05,@ Lotte,RP,,9.0,3.0,1,17,1,1,2,1,0,1,0,,Away,사직 야구장,18:00,31.9
문승원,2023,SSG,2023-08-04,@ Lotte,RP,H,0.0,1.5,1 ⅓,13,0,0,2,0,1,0,0,,Away,사직 야구장,18:30,32.4
문승원,2023,SSG,2023-08-02,@ KT,RP,,0.0,2.0,1,14,0,0,1,0,0,1,0,,Away,수원 KT 위즈파크,18:30,31.6
문승원,2023,SSG,2023-07-30,vs. Hanwha,RP,H,0.0,1.5,1 ⅓,25,0,0,2,0,2,0,0,,Home,인천 SSG 랜더스필드,17:00,33.6
문승원,2023,SSG,2023-07-29,vs. Hanwha,RP,,18.0,4.0,1,31,2,2,3,0,1,1,0,,Home,인천 SSG 랜더스필드,18:00,30.8
문승원,2023,SSG,2023-07-26,@ Samsung,RP,W,6.75,4.5,1 ⅓,38,1,1,5,0,0,1,0,,Away,대구 삼성 라이온즈 파크,18:30,30.7
문승원,2023,SSG,2023-07-25,@ Samsung,RP,,0.0,0.0,1,15,0,0,0,0,2,0,0,,Away,대구 삼성 라이온즈 파크,18:30,29.8
문승원,2023,SSG,2023-07-21,@ LG,RP,H,0.0,0.75,1 ⅓,18,0,0,1,0,0,0,0,,Away,잠실 야구장,18:30,33.3
문승원,2023,SSG,2023-07-12,vs. Doosan,RP,L,0.0,,0,11,2,2,3,0,0,0,0,,Home,인천 SSG 랜더스필드,18:30,28.8
문승원,2023,SSG,2023-07-08,@ Hanwha,RP,,0.0,3.0,0 ⅔,21,2,0,2,0,0,0,0,,Away,대전 한화생명 볼파크,18:00,29.9
문승원,2023,SSG,2023-07-06,vs. Kia,RP,,0.0,1.0,1,14,0,0,0,0,0,1,0,,Home,인천 SSG 랜더스필드,18:30,29.7
문승원,2023,SSG,2023-07-02,@ Kiwoom,RP,,0.0,1.2,1 ⅔,22,0,0,1,0,1,1,0,,Away,고척 스카이돔,14:00,25.5
문승원,2023,SSG,2023-06-28,vs. LG,RP,H,0.0,1.8,1 ⅔,32,0,0,3,0,1,0,0,,Home,인천 SSG 랜더스필드,18:30,26.5
문승원,2023,SSG,2023-06-24,vs. Samsung,RP,H,0.0,0.0,0 ⅔,7,0,0,0,0,0,0,0,,Home,인천 SSG 랜더스필드,17:00,28.6
문승원,2023,SSG,2023-06-23,vs. Samsung,RP,,0.0,1.0,1,18,0,0,1,0,0,0,0,,Home,인천 SSG 랜더스필드,18:30,27.6
문승원,2023,SSG,2023-06-21,@ Doosan,RP,H,0.0,3.0,0 ⅔,8,0,0,2,0,0,0,0,,Away,잠실 야구장,18:30,24.3
문승원,2023,SSG,2023-06-20,@ Doosan,RP,,0.0,2.25,1 ⅓,22,0,0,1,0,1,2,0,,Away,잠실 야구장,18:30,25.7
문승원,2023,SSG,2023-06-16,vs. Lotte,RP,,0.0,0.0,1,11,0,0,0,0,1,0,0,,Home,인천 SSG 랜더스필드,18:30,24.8
문승원,2023,SSG,2023-06-13,vs. KT,RP,H,9.0,3.0,1,24,1,1,2,0,2,1,0,,Home,인천 SSG 랜더스필드,18:30,23.7
문승원,2023,SSG,2023-06-11,@ NC,RP,,0.0,0.6,1 ⅔,26,0,0,1,0,1,0,0,,Away,창원 NC 파크,17:00,25.4
문승원,2023,SSG,2023-06-08,@ Kia,RP,SV,0.0,2.0,1,17,0,0,1,0,0,1,0,,Away,광주 기아 챔피언스 필드,18:30,25.8
문승원,2023,SSG,2023-06-07,@ Kia,RP,H,0.0,0.5,2,26,0,0,0,0,2,1,0,,Away,광주 기아 챔피언스 필드,18:30,26.0
문승원,2023,SSG,2023-06-04,vs. Kiwoom,RP,H,0.0,0.0,1,11,0,0,0,0,1,0,0,,Home,인천 SSG 랜더스필드,17:00,21.7
문승원,2023,SSG,2023-06-03,vs. Kiwoom,RP,,0.0,0.5,2,18,0,0,1,0,3,0,0,,Home,인천 SSG 랜더스필드,17:00,23.5
문승원,2023,SSG,2023-06-01,vs. Samsung,RP,W,0.0,0.0,2,29,0,0,0,0,1,0,0,,Home,인천 SSG 랜더스필드,18:30,25.0
문승원,2023,SSG,2023-05-25,vs. LG,RP,,7.71,1.71,2 ⅓,41,2,2,4,1,3,0,0,,Home,인천 SSG 랜더스필드,18:30,20.6
문승원,2023,SSG,2023-05-23,vs. LG,RP,,0.0,1.0,1,13,0,0,1,0,0,0,0,,Home,인천 SSG 랜더스필드,18:30,21.8
문승원,2023,SSG,2023-05-20,@ Lotte,RP,,0.0,0.0,1,7,0,0,0,0,1,0,0,,Away,사직 야구장,17:00,20.3
문승원,2023,SSG,2023-05-16,@ NC,RP,,9.0,2.0,1,16,1,1,2,0,0,0,0,,Away,창원 NC 파크,18:30,23.2
문승원,2023,SSG,2023-05-14,vs. Hanwha,RP,,4.5,1.5,2,35,1,1,3,0,2,0,0,,Home,인천 SSG 랜더스필드,14:00,20.8
문승원,2023,SSG,2023-05-13,vs. Hanwha,RP,,0.0,,0,8,1,1,2,0,0,0,0,,Home,인천 SSG 랜더스필드,17:00,18.2
문승원,2023,SSG,2023-05-02,vs. KT,SP,L,18.9,3.3,3 ⅓,91,7,7,9,1,3,2,0,15.0,Home,인천 SSG 랜더스필드,18:30,18.3
문승원,2023,SSG,2023-04-25,@ LG,SP,,7.2,2.4,5,103,4,4,9,1,3,3,0,33.0,Away,잠실 야구장,18:30,11.0
문승원,2023,SSG,2023-04-18,@ KT,SP,L,7.71,1.5,4 ⅔,97,4,4,5,1,5,2,1,40.0,Away,수원 KT 위즈파크,18:30,17.3
문승원,2023,SSG,2023-04-12,@ Samsung,SP,W,0.0,1.13,8,93,0,0,8,0,2,1,0,67.0,Away,대구 삼성 라이온즈 파크,18:30,15.2
문승원,2022,SSG,2022-10-08,@ Samsung,RP,,0.0,0.0,1,12,0,0,0,0,2,0,0,,Away,대구 삼성 라이온즈 파크,17:00,18.9
문승원,2022,SSG,2022-10-03,@ Hanwha,RP,,0.0,1.0,1,24,0,0,1,0,1,0,0,,Away,대전 한화생명 볼파크,18:30,25.2
문승원,2022,SSG,2022-09-20,vs. KT,RP,SV,0.0,1.0,1,29,1,0,1,0,2,0,0,,Home,인천 SSG 랜더스필드,18:30,20.9
문승원,2022,SSG,2022-09-18,vs. Doosan,RP,,54.0,9.0,0 ⅔,30,4,4,5,1,0,1,0,,Home,인천 SSG 랜더스필드,14:00,30.4
문승원,2022,SSG,2022-09-14,@ Lotte,RP,SV,0.0,0.0,1,10,0,0,0,0,1,0,0,,Away,사직 야구장,18:30,26.2
문승원,2022,SSG,2022-09-13,@ Lotte,RP,L,135.0,21.0,0 ⅓,26,5,5,5,1,0,2,0,,Away,사직 야구장,18:30,25.9
문승원,2022,SSG,2022-09-07,@ LG,RP,,0.0,0.0,1,11,0,0,0,0,1,0,0,,Away,잠실 야구장,18:30,25.0
문승원,2022,SSG,2022-09-06,@ LG,RP,SV,0.0,1.0,1,18,0,0,1,0,1,0,0,,Away,잠실 야구장,18:30,25.2
문승원,2022,SSG,2022-09-03,vs. Kiwoom,RP,,0.0,0.0,1,10,0,0,0,0,0,0,0,,Home,인천 SSG 랜더스필드,17:00,27.4
문승원,2022,SSG,2022-09-02,vs. NC,RP,,0.0,0.0,1,12,0,0,0,0,0,0,0,,Home,인천 SSG 랜더스필드,18:30,27.3
문승원,2022,SSG,2022-08-31,@ Samsung,RP,,0.0,1.0,1,11,0,0,1,0,0,0,0,,Away,대구 삼성 라이온즈 파크,18:30,24.7
문승원,2022,SSG,2022-08-28,vs. Lotte,RP,,6.75,3.0,1 ⅓,29,1,1,3,0,2,1,0,,Home,인천 SSG 랜더스필드,17:00,25.7
문승원,2022,SSG,2022-08-25,@ KT,RP,,4.5,1.0,2,27,1,1,1,0,3,1,0,,Away,수원 KT 위즈파크,18:30,24.4
문승원,2022,SSG,2022-08-23,vs. Samsung,RP,W,9.0,4.0,1,24,1,1,3,1,1,1,0,,Home,인천 SSG 랜더스필드,18:30,26.8
문승원,2022,SSG,2022-08-20,@ Kiwoom,RP,H,0.0,3.75,1 ⅓,39,0,0,4,0,1,1,0,,Away,고척 스카이돔,18:00,25.5
문승원,2022,SSG,2022-08-14,@ Doosan,RP,,0.0,0.0,1 ⅓,16,0,0,0,0,2,0,0,,Away,잠실 야구장,17:00,31.6
문승원,2022,SSG,2022-08-10,vs. KT,RP,H,0.0,0.0,1,11,0,0,0,0,1,0,0,,Home,인천 SSG 랜더스필드,18:30,25.9
문승원,2022,SSG,2022-08-06,vs. Samsung,RP,,0.0,0.0,1 ⅓,15,0,0,0,0,1,0,1,,Home,인천 SSG 랜더스필드,18:00,31.3
문승원,2022,SSG,2022-08-04,@ Kiwoom,RP,,0.0,2.0,1,22,0,0,2,0,0,0,0,,Away,고척 스카이돔,18:30,25.5
문승원,2022,SSG,2022-07-30,@ Kia,RP,H,0.0,1.0,1,19,0,0,1,0,2,0,0,,Away,광주 기아 챔피언스 필드,18:00,31.5
문승원,2022,SSG,2022-07-27,vs. LG,RP,,18.0,3.0,1,25,2,2,3,0,0,0,1,,Home,인천 SSG 랜더스필드,18:30,30.7
문승원,2022,SSG,2022-07-22,@ Doosan,RP,,0.0,1.0,1,21,0,0,1,0,2,0,0,,Away,잠실 야구장,18:30,28.5
문승원,2022,SSG,2022-07-10,@ Samsung,RP,,0.0,0.0,1 ⅓,9,0,0,0,0,2,0,0,,Away,대구 삼성 라이온즈 파크,17:00,29.9
문승원,2021,SSG,2021-05-30,@ Hanwha,SP,W,1.5,1.67,6,98,1,1,7,0,3,3,0,54.0,Away,대전 한화생명 볼파크,14:00,27.0
문승원,2021,SSG,2021-05-21,vs. LG,SP,,1.5,1.0,6,97,1,1,4,1,5,2,0,63.0,Home,인천 SSG 랜더스필드,18:30,17.5
문승원,2021,SSG,2021-05-14,vs. Doosan,SP,,0.0,0.5,6,97,1,0,2,0,4,1,0,69.0,Home,인천 SSG 랜더스필드,18:30,24.0
문승원,2021,SSG,2021-05-08,vs. Kiwoom,SP,L,9.0,2.4,5,107,5,5,9,0,4,3,0,30.0,Home,인천 SSG 랜더스필드,17:00,15.1
문승원,2021,SSG,2021-05-01,@ Doosan,SP,,4.15,1.38,4 ⅓,101,2,2,5,0,2,1,1,45.0,Away,잠실 야구장,17:00,10.4
문승원,2021,SSG,2021-04-25,@ Kiwoom,SP,,1.5,1.0,6,97,1,1,4,0,3,2,0,61.0,Away,고척 스카이돔,14:00,25.5
문승원,2021,SSG,2021-04-20,@ Samsung,SP,W,3.6,1.4,5,89,2,2,6,0,5,1,0,51.0,Away,대구 삼성 라이온즈 파크,18:30,19.7
문승원,2021,SSG,2021-04-14,vs. NC,SP,L,3.86,0.43,7,86,3,3,2,0,4,1,1,63.0,Home,인천 SSG 랜더스필드,18:30,7.7
문승원,2021,SSG,2021-04-08,vs. Hanwha,SP,,1.8,1.4,5,86,4,1,3,0,2,4,0,49.0,Home,인천 SSG 랜더스필드,18:30,15.4
문승원,2020,SK,2020-10-04,vs. Kiwoom,SP,W,0.0,1.14,7,98,0,0,5,0,4,3,0,68.0,Home,인천 SSG 랜더스필드,14:00,20.2
문승원,2020,SK,2020-09-29,@ NC,SP,,0.0,1.6,5,95,0,0,4,0,2,4,1,56.0,Away,창원 NC 파크,18:30,21.3
문승원,2020,SK,2020-09-23,@ LG,SP,L,7.5,1.5,6,114,5,5,8,1,5,1,0,40.0,Away,잠실 야구장,18:30,21.2
문승원,2020,SK,2020-09-17,vs. NC,SP,,0.0,1.0,5,73,0,0,5,0,3,0,0,60.0,Home,인천 SSG 랜더스필드,18:30,22.4
문승원,2020,SK,2020-09-11,@ Hanwha,SP,W,1.5,0.5,6,99,1,1,3,0,9,0,0,71.0,Away,대전 한화생명 볼파크,18:30,24.8
문승원,2020,SK,2020-09-04,@ KT,SP,,7.2,2.2,5,98,4,4,6,0,2,5,0,36.0,Away,수원 KT 위즈파크,18:30,26.2
문승원,2020,SK,2020-08-27,vs. Kia,SP,W,2.57,0.86,7,104,2,2,4,0,9,2,1,67.0,Home,인천 SSG 랜더스필드,18:30,28.7
문승원,2020,SK,2020-08-21,vs. Samsung,SP,,9.64,2.36,4 ⅔,102,6,5,8,2,5,3,0,28.0,Home,인천 SSG 랜더스필드,18:30,29.2
문승원,2020,SK,2020-08-14,@ Kia,SP,,4.5,1.5,6,99,3,3,5,0,2,4,0,48.0,Away,광주 기아 챔피언스 필드,18:30,33.0
문승원,2020,SK,2020-08-08,vs. Samsung,SP,W,3.6,1.2,5,66,2,2,5,1,1,1,0,49.0,Home,인천 SSG 랜더스필드,18:00,27.5
문승원,2020,SK,2020-07-31,@ KT,SP,L,9.0,2.0,5,87,5,5,10,2,4,0,0,31.0,Away,수원 KT 위즈파크,18:30,29.6
문승원,2020,SK,2020-07-26,@ Hanwha,SP,,5.4,1.0,5,99,3,3,3,1,3,2,0,50.0,Away,대전 한화생명 볼파크,17:00,28.8
문승원,2020,SK,2020-07-19,vs. Kiwoom,SP,,3.86,1.0,7,94,3,3,6,1,3,1,1,54.0,Home,인천 SSG 랜더스필드,17:00,28.3
문승원,2020,SK,2020-07-13,@ Hanwha,SP,L,3.86,1.29,7,93,3,3,6,1,3,3,0,53.0,Away,대전 한화생명 볼파크,18:30,22.6
문승원,2020,SK,2020-07-07,vs. NC,SP,L,2.57,0.86,7,86,2,2,5,0,6,1,0,64.0,Home,인천 SSG 랜더스필드,18:30,26.4
문승원,2020,SK,2020-07-01,@ Samsung,SP,L,3.6,1.6,5,104,4,2,5,0,4,3,1,45.0,Away,대구 삼성 라이온즈 파크,18:30,22.8
문승원,2020,SK,2020-06-25,vs. Doosan,SP,W,0.0,0.86,7,89,0,0,4,0,7,2,0,74.0,Home,인천 SSG 랜더스필드,18:30,23.5
문승원,2020,SK,2020-06-19,@ Kiwoom,SP,,0.0,0.67,6,91,0,0,2,0,4,2,0,70.0,Away,고척 스카이돔,18:30,25.5
문승원,2020,SK,2020-06-13,vs. Kia,SP,L,2.45,0.68,7 ⅓,100,2,2,3,1,8,2,0,70.0,Home,인천 SSG 랜더스필드,17:00,28.8
문승원,2020,SK,2020-06-07,vs. Samsung,SP,L,3.0,1.0,6,97,2,2,5,0,7,1,0,60.0,Home,인천 SSG 랜더스필드,17:00,23.7
문승원,2020,SK,2020-06-02,@ NC,SP,W,1.5,0.83,6,95,1,1,3,1,8,2,0,68.0,Away,창원 NC 파크,18:30,21.6
문승원,2020,SK,2020-05-27,@ Doosan,SP,L,7.71,1.5,4 ⅔,90,4,4,7,0,0,0,1,33.0,Away,잠실 야구장,18:30,21.6
문승원,2020,SK,2020-05-21,@ Kiwoom,SP,,8.31,2.31,4 ⅓,93,6,4,8,0,4,2,0,29.0,Away,고척 스카이돔,18:30,25.5
문승원,2020,SK,2020-05-15,vs. NC,SP,,3.0,1.33,6,96,2,2,7,0,7,1,1,55.0,Home,인천 SSG 랜더스필드,18:30,15.8
문승원,2020,SK,2020-05-08,@ Lotte,SP,,6.35,1.59,5 ⅔,76,4,4,9,2,7,0,0,42.0,Away,사직 야구장,18:30,19.3
김택형,2024,SSG,2024-08-09,vs. Doosan,RP,L,54.0,9.0,0 ⅓,17,2,2,2,0,0,1,0,,Home,인천 SSG 랜더스필드,18:30,31.8
김택형,2024,SSG,2024-08-04,@ Samsung,RP,,13.5,4.5,0 ⅔,23,1,1,1,0,0,2,1,,Away,대구 삼성 라이온즈 파크,17:00,32.8
김택형,2024,SSG,2024-08-03,@ Samsung,RP,,0.0,0.0,1,11,0,0,0,0,1,0,0,,Away,대구 삼성 라이온즈 파크,18:00,33.0
김택형,2024,SSG,2024-07-31,vs. Lotte,RP,,4.5,2.0,2,27,1,1,4,0,0,0,0,,Home,인천 SSG 랜더스필드,18:30,31.8
김택형,2024,SSG,2024-07-25,@ KT,RP,,0.0,1.0,1,17,0,0,1,0,0,0,0,,Away,수원 KT 위즈파크,18:30,33.3
김택형,2024,SSG,2024-07-17,@ LG,RP,,13.5,2.5,2,35,3,3,2,1,0,3,0,,Away,잠실 야구장,18:30,27.6
김택형,2022,SSG,2022-09-30,vs. Kiwoom,RP,W,0.0,0.0,1,17,0,0,0,0,1,0,0,,Home,인천 SSG 랜더스필드,18:30,23.2
김택형,2022,SSG,2022-09-29,vs. Kiwoom,RP,L,0.0,,0,11,2,2,1,0,0,1,0,,Home,인천 SSG 랜더스필드,18:30,22.3
김택형,2022,SSG,2022-09-25,vs. LG,RP,L,54.0,4.5,0 ⅔,16,4,4,1,1,1,2,0,,Home,인천 SSG 랜더스필드,14:00,22.5
김택형,2022,SSG,2022-09-23,vs. Hanwha,RP,SV,18.0,4.0,1,36,2,2,3,1,2,1,0,,Home,인천 SSG 랜더스필드,18:30,18.3
김택형,2022,SSG,2022-09-21,vs. KT,RP,,0.0,6.0,0 ⅓,8,0,0,1,0,0,1,0,,Home,인천 SSG 랜더스필드,18:30,21.2
김택형,2022,SSG,2022-09-20,vs. KT,RP,H,0.0,0.0,1,10,0,0,0,0,0,0,0,,Home,인천 SSG 랜더스필드,18:30,20.9
김택형,2022,SSG,2022-09-18,vs. Doosan,RP,,18.0,2.0,1,21,2,2,2,1,0,0,0,,Home,인천 SSG 랜더스필드,14:00,30.4
김택형,2022,SSG,2022-09-13,@ Lotte,RP,H,6.75,1.5,1 ⅓,20,1,1,2,0,1,0,0,,Away,사직 야구장,18:30,25.9
김택형,2022,SSG,2022-09-11,@ Hanwha,RP,,0.0,1.0,1,5,0,0,1,0,0,0,0,,Away,대전 한화생명 볼파크,14:00,27.0
김택형,2022,SSG,2022-09-07,@ LG,RP,,0.0,1.0,2,27,0,0,2,0,1,0,0,,Away,잠실 야구장,18:30,25.0
김택형,2022,SSG,2022-09-06,@ LG,RP,H,9.0,2.0,1,18,1,1,2,0,0,0,0,,Away,잠실 야구장,18:30,25.2
김택형,2022,SSG,2022-09-03,vs. Kiwoom,RP,,0.0,0.75,1 ⅓,15,0,0,1,0,1,0,0,,Home,인천 SSG 랜더스필드,17:00,27.4
김택형,2022,SSG,2022-09-01,vs. NC,RP,,0.0,1.5,0 ⅔,10,0,0,1,0,0,0,0,,Home,인천 SSG 랜더스필드,18:30,28.0
김택형,2022,SSG,2022-08-31,@ Samsung,RP,,0.0,0.0,1,13,0,0,0,0,1,0,0,,Away,대구 삼성 라이온즈 파크,18:30,24.7
김택형,2022,SSG,2022-08-28,vs. Lotte,RP,L,18.0,2.0,1,18,2,2,1,1,2,1,0,,Home,인천 SSG 랜더스필드,17:00,25.7
김택형,2022,SSG,2022-08-24,vs. Samsung,RP,H,0.0,0.0,1 ⅔,20,0,0,0,0,1,0,0,,Home,인천 SSG 랜더스필드,18:30,26.4
김택형,2022,SSG,2022-08-23,vs. Samsung,RP,,0.0,2.0,1,29,0,0,1,0,2,1,0,,Home,인천 SSG 랜더스필드,18:30,26.8
김택형,2022,SSG,2022-08-18,vs. LG,RP,,9.0,1.0,1,23,1,1,1,1,3,0,0,,Home,인천 SSG 랜더스필드,18:30,27.5
김택형,2022,SSG,2022-08-13,@ Doosan,RP,,0.0,1.0,1,13,0,0,1,0,2,0,0,,Away,잠실 야구장,18:00,29.6
김택형,2022,SSG,2022-08-12,vs. KT,RP,,0.0,2.0,1,19,0,0,1,0,0,1,0,,Home,인천 SSG 랜더스필드,18:30,29.1
김택형,2022,SSG,2022-08-06,vs. Samsung,RP,,0.0,0.0,1 ⅓,15,0,0,0,0,0,0,0,,Home,인천 SSG 랜더스필드,18:00,31.3
김택형,2022,SSG,2022-08-05,vs. Samsung,RP,,0.0,3.0,0 ⅔,12,0,0,2,0,0,0,0,,Home,인천 SSG 랜더스필드,18:30,31.2
김택형,2022,SSG,2022-08-03,@ Kiwoom,RP,,0.0,1.0,1,15,0,0,1,0,0,0,0,,Away,고척 스카이돔,18:30,25.5
김택형,2022,SSG,2022-08-02,@ Kiwoom,RP,,0.0,0.0,1,11,0,0,0,0,1,0,0,,Away,고척 스카이돔,18:30,25.5
김택형,2022,SSG,2022-07-31,@ Kia,RP,SV,0.0,1.0,1,15,0,0,1,0,1,0,0,,Away,광주 기아 챔피언스 필드,17:00,30.4
김택형,2022,SSG,2022-07-28,vs. LG,RP,H,0.0,0.0,1,11,0,0,0,0,1,0,1,,Home,인천 SSG 랜더스필드,18:30,31.1
김택형,2022,SSG,2022-07-24,@ Doosan,RP,H,0.0,2.0,1,20,0,0,1,0,1,1,0,,Away,잠실 야구장,17:00,29.7
김택형,2022,SSG,2022-07-12,vs. Kiwoom,RP,,27.0,9.0,0 ⅓,17,1,1,1,0,0,2,0,,Home,인천 SSG 랜더스필드,18:30,29.3
김택형,2022,SSG,2022-07-10,@ Samsung,RP,,0.0,0.0,1 ⅔,26,0,0,0,0,2,0,0,,Away,대구 삼성 라이온즈 파크,17:00,29.9
김택형,2022,SSG,2022-07-09,@ Samsung,RP,W,0.0,0.0,1 ⅓,14,0,0,0,0,1,0,0,,Away,대구 삼성 라이온즈 파크,18:00,30.1
김택형,2022,SSG,2022-07-07,vs. Lotte,RP,,9.0,1.0,1,17,1,1,1,1,1,0,0,,Home,인천 SSG 랜더스필드,18:30,29.3
김택형,2022,SSG,2022-07-02,vs. Kia,RP,H,27.0,9.0,0 ⅓,14,1,1,3,0,0,0,0,,Home,인천 SSG 랜더스필드,18:00,31.2
김택형,2022,SSG,2022-07-01,vs. Kia,RP,,0.0,3.0,1,22,0,0,3,0,2,0,0,,Home,인천 SSG 랜더스필드,18:30,28.8
김택형,2022,SSG,2022-06-28,@ Hanwha,RP,,0.0,,0,3,0,0,0,0,0,0,0,,Away,대전 한화생명 볼파크,18:30,30.4
김택형,2022,SSG,2022-06-26,vs. NC,RP,,0.0,3.0,0 ⅔,17,0,0,1,0,1,1,0,,Home,인천 SSG 랜더스필드,17:00,28.0
김택형,2022,SSG,2022-06-25,vs. NC,RP,,0.0,0.0,1,8,0,0,0,0,0,0,0,,Home,인천 SSG 랜더스필드,17:00,27.8
김택형,2022,SSG,2022-06-22,vs. Doosan,RP,H,0.0,0.0,0 ⅔,3,0,0,0,0,0,0,0,,Home,인천 SSG 랜더스필드,18:30,25.9
김택형,2022,SSG,2022-06-19,@ Lotte,RP,L,135.0,12.0,0 ⅓,28,5,5,3,0,1,1,0,,Away,사직 야구장,17:00,27.4
김택형,2022,SSG,2022-06-16,@ KT,RP,H,0.0,0.0,1,24,0,0,0,0,1,0,1,,Away,수원 KT 위즈파크,18:30,23.3
김택형,2022,SSG,2022-06-12,vs. Hanwha,RP,H,0.0,1.0,1,20,0,0,1,0,3,0,0,,Home,인천 SSG 랜더스필드,17:00,24.9
김택형,2022,SSG,2022-06-11,vs. Hanwha,RP,W,9.0,1.0,1,17,1,1,1,1,1,0,0,,Home,인천 SSG 랜더스필드,17:00,28.1
김택형,2022,SSG,2022-06-08,@ NC,RP,,0.0,0.0,1 ⅔,24,0,0,0,0,2,0,0,,Away,창원 NC 파크,18:30,20.1
김택형,2022,SSG,2022-06-07,@ NC,RP,,9.0,2.0,1,14,1,1,2,0,3,0,0,,Away,창원 NC 파크,18:30,19.7
김택형,2022,SSG,2022-05-15,vs. NC,RP,,27.0,9.0,0 ⅓,23,1,1,0,0,0,3,0,,Home,인천 SSG 랜더스필드,14:00,18.2
김택형,2022,SSG,2022-05-14,vs. NC,RP,SV,0.0,0.0,1,13,0,0,0,0,1,0,0,,Home,인천 SSG 랜더스필드,17:00,16.1
김택형,2022,SSG,2022-05-11,@ Samsung,RP,,6.75,0.75,1 ⅓,17,1,1,1,1,0,0,0,,Away,대구 삼성 라이온즈 파크,18:30,19.4
김택형,2022,SSG,2022-05-10,@ Samsung,RP,SV,0.0,1.0,1,18,0,0,1,0,1,0,0,,Away,대구 삼성 라이온즈 파크,18:30,17.1
김택형,2022,SSG,2022-05-08,@ Kiwoom,RP,SV,0.0,0.0,0 ⅓,4,0,0,0,0,1,0,0,,Away,고척 스카이돔,14:00,25.5
김택형,2022,SSG,2022-05-07,@ Kiwoom,RP,SV,0.0,0.0,1,9,0,0,0,0,1,0,0,,Away,고척 스카이돔,17:00,25.5
김택형,2022,SSG,2022-05-04,vs. Hanwha,RP,L,0.0,,0,12,4,4,1,0,0,2,1,,Home,인천 SSG 랜더스필드,18:30,18.1
김택형,2022,SSG,2022-05-03,vs. Hanwha,RP,SV,9.0,2.0,1,20,1,1,1,0,1,1,0,,Home,인천 SSG 랜더스필드,18:30,14.5
김택형,2022,SSG,2022-04-30,vs. Doosan,RP,SV,0.0,0.0,1,11,0,0,0,0,0,0,0,,Home,인천 SSG 랜더스필드,17:00,11.9
김택형,2022,SSG,2022-04-29,vs. Doosan,RP,,0.0,0.0,1,11,0,0,0,0,1,0,0,,Home,인천 SSG 랜더스필드,18:30,14.5
김택형,2022,SSG,2022-04-27,@ Lotte,RP,,0.0,0.0,1,16,0,0,0,0,2,0,0,,Away,사직 야구장,18:30,16.0
김택형,2022,SSG,2022-04-24,@ Hanwha,RP,SV,0.0,3.0,1,26,0,0,3,0,1,0,0,,Away,대전 한화생명 볼파크,14:00,26.5
김택형,2022,SSG,2022-04-21,vs. Kiwoom,RP,SV,0.0,0.0,1,14,0,0,0,0,2,0,0,,Home,인천 SSG 랜더스필드,18:30,15.1
김택형,2022,SSG,2022-04-17,vs. Samsung,RP,SV,6.75,1.5,1 ⅓,20,1,1,2,0,1,0,0,,Home,인천 SSG 랜더스필드,14:00,13.7
김택형,2022,SSG,2022-04-13,@ LG,RP,SV,0.0,2.0,1,16,0,0,1,0,2,1,0,,Away,잠실 야구장,18:30,12.3
김택형,2022,SSG,2022-04-12,@ LG,RP,SV,0.0,2.0,1,14,0,0,2,0,0,0,0,,Away,잠실 야구장,18:30,17.9
김택형,2022,SSG,2022-04-08,vs. Kia,RP,SV,0.0,0.0,1,8,0,0,0,0,1,0,0,,Home,인천 SSG 랜더스필드,18:30,15.1
김택형,2022,SSG,2022-04-06,@ KT,RP,SV,0.0,0.0,1,5,0,0,0,0,0,0,0,,Away,수원 KT 위즈파크,18:30,12.7
김택형,2022,SSG,2022-04-05,@ KT,RP,SV,0.0,1.0,1,14,0,0,1,0,2,0,0,,Away,수원 KT 위즈파크,18:30,13.5
김택형,2022,SSG,2022-04-03,@ NC,RP,SV,0.0,2.0,1,27,0,0,1,0,3,1,0,,Away,창원 NC 파크,14:00,16.5
김택형,2022,SSG,2022-04-02,@ NC,RP,,0.0,1.0,1,20,0,0,0,0,2,1,0,,Away,창원 NC 파크,14:00,14.3
김택형,2021,SSG,2021-10-28,vs. Doosan,RP,SV,0.0,2.5,2,48,1,0,3,0,5,2,0,,Home,인천 SSG 랜더스필드,18:30,16.1
김택형,2021,SSG,2021-10-26,@ NC,RP,SV,0.0,0.0,1,14,0,0,0,0,1,0,0,,Away,창원 NC 파크,18:30,15.1
김택형,2021,SSG,2021-10-24,@ Samsung,RP,,6.75,2.25,1 ⅓,19,1,1,3,1,0,0,0,,Away,대구 삼성 라이온즈 파크,14:00,20.1
김택형,2021,SSG,2021-10-22,vs. Doosan,RP,SV,0.0,0.75,1 ⅓,28,0,0,0,0,2,1,0,,Home,인천 SSG 랜더스필드,18:30,14.4
김택형,2021,SSG,2021-10-20,vs. NC,RP,,0.0,0.0,1,11,0,0,0,0,1,0,1,,Home,인천 SSG 랜더스필드,18:30,11.3
김택형,2021,SSG,2021-10-16,@ Lotte,RP,,0.0,2.0,1,17,0,0,2,0,1,0,0,,Away,사직 야구장,17:00,14.8
김택형,2021,SSG,2021-10-12,vs. LG,RP,,0.0,0.6,1 ⅔,29,0,0,0,0,3,1,0,,Home,인천 SSG 랜더스필드,18:30,18.9
김택형,2021,SSG,2021-10-09,vs. Lotte,RP,SV,0.0,0.0,1,8,0,0,0,0,1,0,0,,Home,인천 SSG 랜더스필드,17:00,24.4
김택형,2021,SSG,2021-10-07,@ Hanwha,RP,L,6.75,1.5,1 ⅓,25,1,1,1,0,1,1,1,,Away,대전 한화생명 볼파크,18:30,20.1
김택형,2021,SSG,2021-10-02,vs. KT,RP,,0.0,2.0,1,19,0,0,1,0,0,1,0,,Home,인천 SSG 랜더스필드,17:00,24.0
김택형,2021,SSG,2021-10-01,@ NC,RP,,0.0,0.0,1 ⅓,21,0,0,0,0,0,0,0,,Away,창원 NC 파크,18:30,22.4
김택형,2021,SSG,2021-09-24,vs. Lotte,RP,,0.0,1.5,1 ⅓,29,0,0,1,0,2,1,0,,Home,인천 SSG 랜더스필드,18:30,24.3
김택형,2021,SSG,2021-09-23,vs. Lotte,RP,W,0.0,1.0,1,20,0,0,0,0,1,1,0,,Home,인천 SSG 랜더스필드,18:30,23.4
김택형,2021,SSG,2021-09-22,vs. Kiwoom,RP,,0.0,1.0,1,20,0,0,0,0,0,1,1,,Home,인천 SSG 랜더스필드,18:30,22.7
김택형,2021,SSG,2021-09-19,vs. Samsung,RP,,0.0,4.0,1,30,0,0,1,0,0,3,0,,Home,인천 SSG 랜더스필드,14:00,26.2
김택형,2021,SSG,2021-09-16,@ Doosan,RP,,0.0,0.0,1,12,0,0,0,0,0,0,0,,Away,잠실 야구장,18:30,25.4
김택형,2021,SSG,2021-09-15,vs. Hanwha,RP,SV,0.0,0.0,1,15,0,0,0,0,2,0,0,,Home,인천 SSG 랜더스필드,18:30,24.9
김택형,2021,SSG,2021-09-11,@ KT,RP,,0.0,1.2,1 ⅔,27,0,0,1,0,0,1,0,,Away,수원 KT 위즈파크,17:00,29.1
김택형,2021,SSG,2021-09-08,vs. LG,RP,SV,0.0,0.0,2,24,0,0,0,0,1,0,0,,Home,인천 SSG 랜더스필드,18:30,25.2
김택형,2021,SSG,2021-09-05,@ Kiwoom,RP,,18.0,5.0,1,28,2,2,3,0,0,2,0,,Away,고척 스카이돔,14:00,25.5
김택형,2021,SSG,2021-09-03,vs. Doosan,RP,SV,0.0,1.0,1,18,0,0,0,0,1,1,0,,Home,인천 SSG 랜더스필드,18:30,26.5
김택형,2021,SSG,2021-09-01,vs. NC,RP,,0.0,0.0,1,10,0,0,0,0,3,0,0,,Home,인천 SSG 랜더스필드,18:30,23.8
김택형,2021,SSG,2021-08-28,vs. Kia,RP,H,0.0,0.75,1 ⅓,16,0,0,0,0,1,1,0,,Home,인천 SSG 랜더스필드,18:00,26.0
김택형,2021,SSG,2021-08-27,@ KT,RP,H,0.0,1.5,2,35,0,0,2,0,2,1,0,,Away,수원 KT 위즈파크,18:30,24.5
김택형,2021,SSG,2021-08-22,@ Samsung,RP,,0.0,0.0,1 ⅓,18,0,0,0,0,1,0,0,,Away,대구 삼성 라이온즈 파크,17:00,29.3
김택형,2021,SSG,2021-08-20,@ Samsung,RP,,0.0,0.0,1 ⅔,17,0,0,0,0,0,0,0,,Away,대구 삼성 라이온즈 파크,18:30,29.0
김택형,2021,SSG,2021-08-18,vs. NC,RP,H,0.0,1.0,1,14,0,0,1,0,0,0,0,,Home,인천 SSG 랜더스필드,18:30,26.7
김택형,2021,SSG,2021-08-15,vs. Kia,RP,,0.0,0.0,1 ⅔,19,0,0,0,0,1,0,0,,Home,인천 SSG 랜더스필드,17:00,29.5
김택형,2021,SSG,2021-08-13,vs. Kia,RP,,27.0,5.0,1,26,3,3,2,0,0,3,0,,Home,인천 SSG 랜더스필드,18:30,28.3
김택형,2021,SSG,2021-08-10,@ LG,RP,,0.0,2.0,1,20,0,0,1,0,2,1,0,,Away,잠실 야구장,18:30,29.9
김택형,2021,SSG,2021-07-11,vs. Hanwha,RP,,0.0,1.0,1,22,0,0,1,0,0,0,0,,Home,인천 SSG 랜더스필드,17:00,27.4
김택형,2021,SSG,2021-07-10,vs. Hanwha,RP,,0.0,0.5,2,17,0,0,0,0,0,1,0,,Home,인천 SSG 랜더스필드,18:00,27.2
김택형,2021,SSG,2021-07-08,@ Kiwoom,RP,W,0.0,1.0,2,28,0,0,1,0,1,1,0,,Away,고척 스카이돔,18:30,25.5
김택형,2021,SSG,2021-07-04,vs. Lotte,RP,,27.0,6.0,0 ⅔,22,2,2,3,0,0,1,0,,Home,인천 SSG 랜더스필드,17:00,22.7
김택형,2021,SSG,2021-07-01,vs. Samsung,RP,,0.0,0.67,3,30,0,0,2,0,2,0,0,,Home,인천 SSG 랜더스필드,18:30,28.6
김택형,2021,SSG,2021-06-30,vs. Samsung,RP,,0.0,2.0,1,22,0,0,1,0,1,1,0,,Home,인천 SSG 랜더스필드,18:30,27.5
김택형,2021,SSG,2021-06-27,@ NC,RP,,27.0,4.0,1,27,3,3,4,1,1,0,0,,Away,창원 NC 파크,17:00,26.6
김택형,2021,SSG,2021-06-26,@ NC,RP,,0.0,1.0,1,18,0,0,1,0,0,0,0,,Away,창원 NC 파크,17:00,25.6
김택형,2021,SSG,2021-06-24,vs. LG,RP,W,0.0,1.0,1,10,0,0,1,0,2,0,0,,Home,인천 SSG 랜더스필드,18:30,24.0
김택형,2021,SSG,2021-06-23,vs. LG,RP,H,0.0,1.0,1,14,0,0,0,0,0,1,0,,Home,인천 SSG 랜더스필드,18:30,24.2
김택형,2021,SSG,2021-06-20,@ Hanwha,RP,W,0.0,1.0,1,11,0,0,1,0,1,0,0,,Away,대전 한화생명 볼파크,17:00,28.1
김택형,2021,SSG,2021-06-18,@ Hanwha,RP,,0.0,1.0,1,16,0,0,0,0,1,1,0,,Away,대전 한화생명 볼파크,18:30,25.5
김택형,2021,SSG,2021-06-17,@ Kia,RP,W,0.0,1.0,1,12,0,0,1,0,1,0,0,,Away,광주 기아 챔피언스 필드,18:30,25.0
김택형,2021,SSG,2021-06-16,@ Kia,RP,,0.0,1.0,1,20,0,0,1,0,2,0,0,,Away,광주 기아 챔피언스 필드,18:30,26.3
김택형,2021,SSG,2021-06-12,vs. Kiwoom,RP,,0.0,0.43,2 ⅓,31,0,0,0,0,3,1,0,,Home,인천 SSG 랜더스필드,17:00,26.8
김택형,2021,SSG,2021-06-09,vs. KT,RP,,0.0,3.6,1 ⅔,43,1,0,4,0,1,2,0,,Home,인천 SSG 랜더스필드,18:30,27.6
김택형,2021,SSG,2021-06-08,vs. KT,RP,,0.0,1.0,1,16,0,0,1,0,1,0,0,,Home,인천 SSG 랜더스필드,18:30,24.2
김택형,2021,SSG,2021-06-04,@ Doosan,RP,,0.0,0.0,1,13,0,0,0,0,1,0,0,,Away,잠실 야구장,18:30,21.8
김택형,2021,SSG,2021-06-02,vs. Samsung,RP,,0.0,2.0,1,19,0,0,1,0,1,1,0,,Home,인천 SSG 랜더스필드,18:30,24.2
김택형,2021,SSG,2021-05-27,@ KT,RP,,0.0,,0,5,0,0,0,0,0,1,0,,Away,수원 KT 위즈파크,18:30,16.9
김택형,2021,SSG,2021-05-26,@ KT,RP,,0.0,0.0,0 ⅓,4,0,0,0,0,0,0,0,,Away,수원 KT 위즈파크,18:30,21.9
김택형,2021,SSG,2021-05-23,vs. LG,RP,,0.0,1.0,1,19,0,0,1,0,2,0,0,,Home,인천 SSG 랜더스필드,14:00,21.4
김택형,2021,SSG,2021-05-17,vs. Doosan,RP,,6.75,3.0,1 ⅓,23,1,1,2,0,0,2,0,,Home,인천 SSG 랜더스필드,18:30,17.4
김택형,2021,SSG,2021-05-08,vs. Kiwoom,RP,,4.5,1.5,2,30,1,1,2,0,1,1,0,,Home,인천 SSG 랜더스필드,17:00,15.1
김택형,2021,SSG,2021-05-06,@ NC,RP,,0.0,2.0,1,18,0,0,1,0,1,1,0,,Away,창원 NC 파크,18:30,17.7
김택형,2021,SSG,2021-04-30,@ Doosan,RP,,6.0,2.33,3,56,2,2,5,1,3,2,0,,Away,잠실 야구장,18:30,12.7
김택형,2021,SSG,2021-04-27,vs. KT,RP,,4.5,1.5,2,41,1,1,2,0,3,1,0,,Home,인천 SSG 랜더스필드,18:30,14.3
김택형,2021,SSG,2021-04-21,@ Samsung,RP,,0.0,1.0,1,24,0,0,1,0,1,0,0,,Away,대구 삼성 라이온즈 파크,18:30,20.4
김택형,2021,SSG,2021-04-07,vs. Hanwha,RP,,27.0,4.0,1,29,4,3,2,0,0,2,0,,Home,인천 SSG 랜더스필드,18:30,15.3
김택형,2020,SK,2020-10-22,vs. Lotte,RP,,9.0,1.0,1,13,1,1,1,1,1,0,0,,Home,인천 SSG 랜더스필드,18:30,13.1
김택형,2020,SK,2020-10-21,vs. Lotte,RP,,0.0,0.0,1,7,0,0,0,0,0,0,0,,Home,인천 SSG 랜더스필드,18:30,16.5
김택형,2020,SK,2020-10-18,vs. KT,RP,,0.0,1.0,1,19,0,0,1,0,0,0,0,,Home,인천 SSG 랜더스필드,14:00,18.3
김택형,2020,SK,2020-10-17,vs. KT,RP,,0.0,3.0,0 ⅓,5,0,0,0,0,0,1,0,,Home,인천 SSG 랜더스필드,17:00,16.7
김택형,2020,SK,2020-10-16,vs. KT,RP,,0.0,0.0,0 ⅓,4,0,0,0,0,0,0,0,,Home,인천 SSG 랜더스필드,18:30,14.3
김택형,2020,SK,2020-10-14,@ Samsung,RP,L,9.0,1.0,1,8,1,1,1,1,1,0,0,,Away,대구 삼성 라이온즈 파크,18:30,18.2
김택형,2020,SK,2020-10-11,@ Kia,RP,H,27.0,4.5,0 ⅔,17,2,2,2,0,1,1,0,,Away,광주 기아 챔피언스 필드,14:00,22.0
김택형,2020,SK,2020-10-07,vs. Doosan,RP,,0.0,0.0,1,13,0,0,0,0,1,0,0,,Home,인천 SSG 랜더스필드,18:30,18.8
김택형,2020,SK,2020-10-06,vs. Doosan,RP,,0.0,1.0,1,19,0,0,0,0,0,1,0,,Home,인천 SSG 랜더스필드,18:30,16.5
김택형,2020,SK,2020-10-02,vs. Kiwoom,RP,,40.5,6.0,0 ⅔,25,3,3,1,0,1,3,0,,Home,인천 SSG 랜더스필드,18:30,20.4
김택형,2020,SK,2020-09-29,@ NC,RP,L,0.0,,0,9,2,2,2,0,0,0,0,,Away,창원 NC 파크,18:30,21.3
김택형,2020,SK,2020-09-25,@ Kiwoom,RP,,0.0,,0,4,0,0,0,0,0,1,0,,Away,고척 스카이돔,18:30,25.5
김택형,2020,SK,2020-09-20,vs. KT,RP,,0.0,3.0,1,22,4,0,2,1,2,1,0,,Home,인천 SSG 랜더스필드,14:00,22.0
김택형,2020,SK,2020-09-19,vs. KT,RP,,0.0,0.0,1,13,0,0,0,0,1,0,0,,Home,인천 SSG 랜더스필드,17:00,23.9
김택형,2020,SK,2020-09-17,vs. NC,RP,L,27.0,3.0,0 ⅓,17,1,1,0,0,0,1,0,,Home,인천 SSG 랜더스필드,18:30,22.4
김택형,2020,SK,2020-09-15,@ Kia,RP,,9.0,3.0,1,27,1,1,1,0,2,2,0,,Away,광주 기아 챔피언스 필드,18:30,25.8
김택형,2020,SK,2020-07-11,@ Hanwha,RP,W,0.0,0.0,0 ⅔,9,0,0,0,0,0,0,0,,Away,대전 한화생명 볼파크,18:00,29.2
김택형,2020,SK,2020-07-08,vs. NC,RP,H,13.5,4.5,0 ⅔,19,1,1,3,0,0,0,0,,Home,인천 SSG 랜더스필드,18:30,26.3
김택형,2020,SK,2020-07-07,vs. NC,RP,,0.0,1.0,1,24,0,0,0,0,3,1,0,,Home,인천 SSG 랜더스필드,18:30,26.4
김택형,2020,SK,2020-07-04,@ Lotte,RP,,9.0,1.0,1,16,1,1,1,1,1,0,0,,Away,사직 야구장,18:00,22.2
김택형,2020,SK,2020-06-30,@ Samsung,RP,,0.0,1.5,1 ⅓,25,0,0,1,0,1,1,0,,Away,대구 삼성 라이온즈 파크,18:30,25.2
김택형,2020,SK,2020-06-26,vs. LG,RP,,0.0,1.0,1,8,0,0,1,0,0,0,0,,Home,인천 SSG 랜더스필드,18:30,24.0
김택형,2020,SK,2020-06-25,vs. Doosan,RP,,0.0,2.0,1,17,0,0,0,0,0,2,0,,Home,인천 SSG 랜더스필드,18:30,23.5
김택형,2020,SK,2020-06-23,vs. Doosan,RP,,0.0,1.0,1,14,0,0,0,0,0,1,0,,Home,인천 SSG 랜더스필드,18:30,25.2
김택형,2020,SK,2020-06-21,@ Kiwoom,RP,,0.0,3.0,0 ⅓,6,0,0,1,0,1,0,0,,Away,고척 스카이돔,14:00,25.5
김택형,2020,SK,2020-06-03,@ NC,RP,,54.0,6.0,0 ⅓,9,2,2,1,1,1,1,0,,Away,창원 NC 파크,18:30,25.6
김택형,2020,SK,2020-06-02,@ NC,RP,,0.0,2.0,1,14,0,0,2,0,1,0,0,,Away,창원 NC 파크,18:30,21.6
김택형,2020,SK,2020-05-30,vs. Hanwha,RP,H,0.0,0.0,1 ⅓,13,0,0,0,0,2,0,0,,Home,인천 SSG 랜더스필드,17:00,25.7
김택형,2020,SK,2020-05-13,@ LG,RP,,0.0,,0,16,4,4,3,0,0,1,0,,Away,잠실 야구장,18:30,20.0
김택형,2020,SK,2020-05-12,@ LG,RP,,9.0,2.0,1,16,1,1,2,0,2,0,0,,Away,잠실 야구장,18:30,18.1
김택형,2020,SK,2020-05-07,vs. Hanwha,RP,,0.0,,0,11,2,2,0,0,0,2,0,,Home,인천 SSG 랜더스필드,18:30,21.5
박종훈,2024,SSG,2024-09-25,@ NC,SP,,1.93,0.86,4 ⅔,70,1,1,2,1,6,2,1,59.0,Away,창원 NC 파크,18:30,25.7
박종훈,2024,SSG,2024-06-16,@ Hanwha,SP,L,10.13,2.25,2 ⅔,64,3,3,4,0,2,2,1,37.0,Away,대전 한화생명 볼파크,17:00,27.4
박종훈,2024,SSG,2024-06-02,@ Kiwoom,SP,,5.4,1.5,3 ⅓,70,2,2,3,0,1,2,2,43.0,Away,고척 스카이돔,14:00,25.5
박종훈,2024,SSG,2024-05-28,vs. LG,RP,,0.0,0.0,1,10,0,0,0,0,0,0,0,,Home,인천 SSG 랜더스필드,18:30,24.6
박종훈,2024,SSG,2024-05-01,@ Hanwha,SP,,18.0,3.33,3,68,6,6,8,1,2,2,2,17.0,Away,대전 한화생명 볼파크,18:30,19.5
박종훈,2024,SSG,2024-04-25,@ Lotte,SP,L,7.2,1.4,5,75,4,4,5,0,4,2,0,43.0,Away,사직 야구장,18:30,17.6
박종훈,2024,SSG,2024-04-19,vs. LG,SP,,2.7,0.9,3 ⅓,61,1,1,2,0,6,1,0,57.0,Home,인천 SSG 랜더스필드,18:30,17.3
박종훈,2024,SSG,2024-04-13,@ KT,SP,W,4.5,1.17,6,97,3,3,5,2,5,2,1,52.0,Away,수원 KT 위즈파크,17:00,23.5
박종훈,2024,SSG,2024-04-07,@ NC,SP,L,15.75,2.25,4,88,7,7,7,3,6,2,1,23.0,Away,창원 NC 파크,14:00,21.4
박종훈,2024,SSG,2024-03-27,vs. Hanwha,SP,L,0.0,3.5,2,59,1,0,1,0,2,6,0,48.0,Home,인천 SSG 랜더스필드,18:30,10.4
박종훈,2023,SSG,2023-09-24,vs. Lotte,RP,,0.0,,0,17,1,1,1,0,0,3,0,,Home,인천 SSG 랜더스필드,14:00,24.4
박종훈,2023,SSG,2023-09-08,@ KT,RP,,18.0,2.33,3,67,6,6,5,1,2,2,2,,Away,수원 KT 위즈파크,18:30,27.5
박종훈,2023,SSG,2023-08-16,@ Lotte,SP,,7.2,2.0,5,105,4,4,3,1,2,7,2,38.0,Away,사직 야구장,18:30,27.6
박종훈,2023,SSG,2023-08-04,@ Lotte,SP,,1.93,1.29,4 ⅔,121,1,1,2,0,3,4,3,52.0,Away,사직 야구장,18:30,32.4
박종훈,2023,SSG,2023-07-29,vs. Hanwha,SP,W,0.0,0.5,6,92,0,0,3,0,7,0,0,73.0,Home,인천 SSG 랜더스필드,18:00,30.8
박종훈,2023,SSG,2023-07-05,vs. Kia,SP,L,16.88,3.38,2 ⅔,66,5,5,6,0,1,3,1,23.0,Home,인천 SSG 랜더스필드,18:30,26.0
박종훈,2023,SSG,2023-06-28,vs. LG,SP,,1.8,1.2,5,96,1,1,3,0,7,3,2,59.0,Home,인천 SSG 랜더스필드,18:30,26.5
박종훈,2023,SSG,2023-06-14,vs. KT,SP,L,24.0,3.67,3,79,8,8,5,1,1,6,0,12.0,Home,인천 SSG 랜더스필드,18:30,24.0
박종훈,2023,SSG,2023-06-08,@ Kia,SP,,9.0,2.0,4,81,4,4,2,0,4,6,1,39.0,Away,광주 기아 챔피언스 필드,18:30,25.8
박종훈,2023,SSG,2023-06-02,vs. Kiwoom,SP,,3.6,1.4,5,96,2,2,3,0,3,4,2,50.0,Home,인천 SSG 랜더스필드,18:30,22.3
박종훈,2023,SSG,2023-05-26,@ Doosan,SP,,5.79,2.14,4 ⅔,99,3,3,4,0,1,6,1,38.0,Away,잠실 야구장,18:30,24.7
박종훈,2023,SSG,2023-05-19,@ Lotte,SP,L,6.75,1.5,4,71,3,3,4,0,2,2,0,42.0,Away,사직 야구장,18:30,20.6
박종훈,2023,SSG,2023-05-12,vs. Hanwha,SP,L,5.4,2.0,5,106,4,3,7,1,3,3,0,39.0,Home,인천 SSG 랜더스필드,18:30,19.8
박종훈,2023,SSG,2023-05-06,@ Kiwoom,SP,W,1.29,0.86,7,104,1,1,4,0,6,2,1,68.0,Away,고척 스카이돔,17:00,25.5
박종훈,2023,SSG,2023-04-30,vs. Doosan,SP,L,1.5,1.17,6,101,1,1,6,0,5,1,1,59.0,Home,인천 SSG 랜더스필드,14:00,15.4
박종훈,2023,SSG,2023-04-19,@ KT,SP,L,6.0,1.83,6,107,5,4,10,1,1,1,0,34.0,Away,수원 KT 위즈파크,18:30,20.9
박종훈,2023,SSG,2023-04-13,@ Samsung,SP,,24.0,3.0,3,87,8,8,6,3,4,3,3,13.0,Away,대구 삼성 라이온즈 파크,18:30,16.9
박종훈,2023,SSG,2023-04-07,@ Hanwha,SP,,0.0,1.17,6,92,0,0,3,0,4,4,0,66.0,Away,대전 한화생명 볼파크,18:30,11.9
박종훈,2022,SSG,2022-10-08,@ Samsung,SP,L,6.75,1.25,4,62,3,3,4,1,1,1,3,39.0,Away,대구 삼성 라이온즈 파크,17:00,18.9
박종훈,2022,SSG,2022-10-03,@ Hanwha,SP,L,67.5,10.5,0 ⅔,49,5,5,4,0,0,3,0,21.0,Away,대전 한화생명 볼파크,18:30,25.2
박종훈,2022,SSG,2022-09-22,vs. Hanwha,SP,,1.29,0.71,7,102,1,1,5,0,7,0,0,70.0,Home,인천 SSG 랜더스필드,18:30,21.2
박종훈,2022,SSG,2022-09-16,@ NC,SP,W,0.0,0.86,7,106,0,0,3,0,6,3,1,73.0,Away,창원 NC 파크,18:30,28.3
박종훈,2022,SSG,2022-09-10,@ Hanwha,SP,L,8.44,1.5,5 ⅓,96,5,5,6,2,6,2,0,40.0,Away,대전 한화생명 볼파크,17:00,24.6
박종훈,2022,SSG,2022-09-01,vs. NC,SP,L,5.79,1.71,4 ⅔,94,3,3,6,1,5,2,0,43.0,Home,인천 SSG 랜더스필드,18:30,28.0
박종훈,2022,SSG,2022-08-26,@ KT,SP,L,13.5,3.0,3 ⅓,73,7,5,9,0,4,1,0,21.0,Away,수원 KT 위즈파크,18:30,26.5
박종훈,2022,SSG,2022-08-20,@ Kiwoom,SP,W,5.4,1.2,5,86,3,3,4,0,2,2,2,45.0,Away,고척 스카이돔,18:00,25.5
박종훈,2022,SSG,2022-08-13,@ Doosan,SP,W,3.6,1.2,5,93,2,2,4,1,4,2,1,52.0,Away,잠실 야구장,18:00,29.6
박종훈,2022,SSG,2022-08-06,vs. Samsung,SP,,15.0,2.67,3,81,5,5,5,1,3,3,1,28.0,Home,인천 SSG 랜더스필드,18:00,31.3
박종훈,2022,SSG,2022-07-31,@ Kia,SP,,0.0,1.33,3,54,0,0,2,0,2,2,0,55.0,Away,광주 기아 챔피언스 필드,17:00,30.4
박종훈,2021,SSG,2021-05-28,@ Hanwha,SP,,3.86,0.64,4 ⅔,70,2,2,2,0,4,1,2,53.0,Away,대전 한화생명 볼파크,18:30,19.6
박종훈,2021,SSG,2021-05-22,vs. LG,SP,W,3.0,1.0,6,84,2,2,6,1,2,0,1,53.0,Home,인천 SSG 랜더스필드,17:00,20.0
박종훈,2021,SSG,2021-05-12,@ Lotte,SP,W,0.0,1.33,6,94,1,0,4,0,4,4,0,62.0,Away,사직 야구장,18:30,18.8
박종훈,2021,SSG,2021-05-06,@ NC,SP,L,7.2,1.8,5,106,5,4,7,0,4,2,1,36.0,Away,창원 NC 파크,18:30,17.7
박종훈,2021,SSG,2021-04-29,vs. KT,SP,L,2.57,1.14,7,104,2,2,6,0,8,2,1,62.0,Home,인천 SSG 랜더스필드,18:30,16.1
박종훈,2021,SSG,2021-04-23,@ Kiwoom,SP,W,5.4,1.35,6 ⅔,110,4,4,7,0,2,2,1,43.0,Away,고척 스카이돔,18:30,25.5
박종훈,2021,SSG,2021-04-17,vs. Kia,SP,,3.0,1.33,6,106,2,2,5,0,4,3,0,55.0,Home,인천 SSG 랜더스필드,17:00,12.0
박종훈,2021,SSG,2021-04-11,@ LG,SP,,0.0,0.5,6,101,0,0,1,0,8,2,0,76.0,Away,잠실 야구장,14:00,20.8
박종훈,2021,SSG,2021-04-06,vs. Hanwha,SP,W,1.29,0.43,7,92,1,1,2,1,5,1,1,72.0,Home,인천 SSG 랜더스필드,18:30,14.0
박종훈,2020,SK,2020-10-30,vs. LG,RP,W,0.0,0.75,6 ⅔,95,0,0,3,0,4,2,1,,Home,인천 SSG 랜더스필드,18:30,13.9
박종훈,2020,SK,2020-10-21,vs. Lotte,SP,W,4.26,1.42,6 ⅓,108,3,3,4,1,2,5,0,50.0,Home,인천 SSG 랜더스필드,18:30,16.5
박종훈,2020,SK,2020-10-15,@ Samsung,SP,W,1.5,1.0,6,104,3,1,4,1,7,2,0,61.0,Away,대구 삼성 라이온즈 파크,18:30,17.9
박종훈,2020,SK,2020-10-09,@ Kia,SP,L,7.94,1.41,5 ⅔,113,5,5,7,1,4,1,3,35.0,Away,광주 기아 챔피언스 필드,18:30,20.3
박종훈,2020,SK,2020-10-03,vs. Kiwoom,SP,W,1.8,1.8,5,110,1,1,4,0,3,5,1,52.0,Home,인천 SSG 랜더스필드,17:00,20.9
박종훈,2020,SK,2020-09-27,@ Samsung,SP,W,1.8,1.6,5,116,1,1,3,0,4,5,1,55.0,Away,대구 삼성 라이온즈 파크,14:00,23.4
박종훈,2020,SK,2020-09-22,@ LG,SP,L,8.44,1.5,5 ⅓,89,5,5,4,0,3,4,0,39.0,Away,잠실 야구장,18:30,23.1
박종훈,2020,SK,2020-09-16,@ Kia,SP,,9.0,1.8,5,94,5,5,6,1,3,3,2,33.0,Away,광주 기아 챔피언스 필드,18:30,26.8
박종훈,2020,SK,2020-09-10,@ Hanwha,SP,W,1.29,1.0,7,105,1,1,5,0,5,2,1,65.0,Away,대전 한화생명 볼파크,18:30,26.4
박종훈,2020,SK,2020-09-04,@ KT,SP,L,4.5,1.17,6,94,3,3,6,1,6,1,0,53.0,Away,수원 KT 위즈파크,18:30,26.2
박종훈,2020,SK,2020-08-29,@ NC,SP,L,9.64,2.79,4 ⅔,100,5,5,10,0,1,3,1,21.0,Away,창원 NC 파크,18:00,31.0
박종훈,2020,SK,2020-08-23,vs. Doosan,SP,L,15.0,1.67,3,68,6,5,3,2,1,2,2,28.0,Home,인천 SSG 랜더스필드,17:00,28.2
박종훈,2020,SK,2020-08-18,vs. Hanwha,SP,W,5.4,1.8,5,111,3,3,5,0,8,4,3,46.0,Home,인천 SSG 랜더스필드,18:30,29.2
박종훈,2020,SK,2020-08-12,@ KT,SP,W,1.8,0.6,5,98,2,1,2,0,2,1,1,57.0,Away,수원 KT 위즈파크,18:30,31.0
박종훈,2020,SK,2020-07-30,vs. LG,SP,L,4.76,1.24,5 ⅔,107,3,3,5,1,3,2,0,48.0,Home,인천 SSG 랜더스필드,18:30,26.8
박종훈,2020,SK,2020-07-24,@ Hanwha,SP,W,4.5,1.5,6,111,3,3,5,0,7,4,0,53.0,Away,대전 한화생명 볼파크,18:30,26.0
박종훈,2020,SK,2020-07-18,vs. Kiwoom,SP,L,3.0,1.33,6,100,2,2,6,1,5,2,0,55.0,Home,인천 SSG 랜더스필드,18:00,27.5
박종훈,2020,SK,2020-07-11,@ Hanwha,SP,,3.38,1.88,5 ⅓,100,2,2,4,0,2,6,1,47.0,Away,대전 한화생명 볼파크,18:00,29.2
박종훈,2020,SK,2020-07-05,@ Lotte,SP,W,3.0,1.17,6,102,2,2,5,0,8,2,0,60.0,Away,사직 야구장,17:00,24.9
박종훈,2020,SK,2020-06-30,@ Samsung,SP,L,3.86,1.29,4 ⅔,102,2,2,4,0,8,2,2,52.0,Away,대구 삼성 라이온즈 파크,18:30,25.2
박종훈,2020,SK,2020-06-25,vs. Doosan,SP,L,27.0,4.0,3,72,9,9,9,1,0,3,0,2.0,Home,인천 SSG 랜더스필드,18:30,23.5
박종훈,2020,SK,2020-06-18,vs. KT,SP,L,9.0,2.2,5,102,5,5,8,0,6,3,0,34.0,Home,인천 SSG 랜더스필드,18:30,24.7
박종훈,2020,SK,2020-06-12,vs. Kia,SP,L,6.0,0.83,6,96,4,4,4,1,8,1,2,53.0,Home,인천 SSG 랜더스필드,18:30,24.5
박종훈,2020,SK,2020-06-06,vs. Samsung,SP,W,3.0,1.17,6,95,2,2,4,0,6,3,1,58.0,Home,인천 SSG 랜더스필드,17:00,26.5
박종훈,2020,SK,2020-05-31,vs. Hanwha,SP,W,4.5,1.17,6,99,4,3,4,1,3,3,0,50.0,Home,인천 SSG 랜더스필드,14:00,22.6
박종훈,2020,SK,2020-05-26,@ Doosan,SP,,1.29,0.43,7,95,2,1,2,0,8,1,0,74.0,Away,잠실 야구장,18:30,16.0
박종훈,2020,SK,2020-05-20,@ Kiwoom,SP,W,5.4,1.8,5,93,3,3,6,1,6,3,0,46.0,Away,고척 스카이돔,18:30,25.5
박종훈,2020,SK,2020-05-14,@ LG,SP,,3.6,1.6,5,91,2,2,6,1,7,2,0,52.0,Away,잠실 야구장,18:30,22.6
박종훈,2020,SK,2020-05-07,vs. Hanwha,SP,,3.6,1.8,5,91,2,2,8,0,4,1,0,46.0,Home,인천 SSG 랜더스필드,18:30,21.5
정동윤,2024,SSG,2024-09-30,vs. Kiwoom,RP,,0.0,6.0,0 ⅓,13,0,0,1,0,1,1,0,,Home,인천 SSG 랜더스필드,18:30,25.0
정동윤,2024,SSG,2024-09-25,@ NC,RP,,0.0,0.0,0 ⅓,4,0,0,0,0,0,0,0,,Away,창원 NC 파크,18:30,25.7
정동윤,2024,SSG,2024-09-24,vs. LG,RP,,0.0,0.0,1,15,0,0,0,0,1,0,0,,Home,인천 SSG 랜더스필드,18:30,24.0
정동윤,2021,SSG,2021-09-25,@ Kia,RP,,0.0,1.0,2,32,0,0,1,0,0,1,0,,Away,광주 기아 챔피언스 필드,17:00,26.1
박시후,2024,SSG,2024-09-30,vs. Kiwoom,RP,,27.0,6.0,0 ⅓,10,1,1,2,0,0,0,0,,Home,인천 SSG 랜더스필드,18:30,25.0
박시후,2024,SSG,2024-09-26,@ NC,RP,,9.0,3.0,1,22,1,1,3,0,1,0,0,,Away,창원 NC 파크,18:30,26.9
박시후,2024,SSG,2024-09-24,vs. LG,RP,,11.57,0.86,2 ⅓,29,3,3,2,1,1,0,1,,Home,인천 SSG 랜더스필드,18:30,24.0
박시후,2024,SSG,2024-09-23,@ Doosan,RP,,0.0,0.75,1 ⅓,15,0,0,1,0,1,0,0,,Away,잠실 야구장,18:30,23.4
박시후,2024,SSG,2024-09-11,vs. Lotte,RP,,18.0,3.0,1,16,2,2,3,0,1,0,0,,Home,인천 SSG 랜더스필드,18:30,30.8
박시후,2024,SSG,2024-08-22,@ LG,RP,,9.0,2.5,2,43,2,2,2,0,1,3,1,,Away,잠실 야구장,18:30,30.5
박시후,2024,SSG,2024-06-28,@ Doosan,RP,,0.0,2.0,1,23,0,0,2,0,2,0,0,,Away,잠실 야구장,18:30,28.6
박시후,2024,SSG,2024-05-29,vs. LG,RP,,10.8,2.4,1 ⅔,34,2,2,1,0,0,3,0,,Home,인천 SSG 랜더스필드,18:30,22.4
박시후,2024,SSG,2024-05-28,vs. LG,RP,,0.0,1.0,1,22,0,0,0,0,0,1,0,,Home,인천 SSG 랜더스필드,18:30,24.6
박시후,2024,SSG,2024-05-23,@ Doosan,RP,,0.0,1.0,2,35,0,0,2,0,4,0,0,,Away,잠실 야구장,18:30,24.1
박시후,2024,SSG,2024-05-21,@ Doosan,RP,,0.0,0.0,1,10,0,0,0,0,0,0,0,,Away,잠실 야구장,18:30,26.1
박시후,2022,SSG,2022-06-29,@ Hanwha,RP,,0.0,,0,9,2,2,3,0,0,0,0,,Away,대전 한화생명 볼파크,18:30,29.3
박시후,2022,SSG,2022-06-24,vs. NC,RP,,0.0,0.0,1,13,0,0,0,0,0,0,0,,Home,인천 SSG 랜더스필드,18:30,25.3
전영준,2022,SSG,2022-10-08,@ Samsung,RP,,9.0,1.0,1,14,1,1,1,1,1,0,0,,Away,대구 삼성 라이온즈 파크,17:00,18.9
전영준,2022,SSG,2022-07-06,vs. Lotte,RP,,0.0,3.0,0 ⅔,18,0,0,2,0,1,0,0,,Home,인천 SSG 랜더스필드,18:30,32.5
전영준,2022,SSG,2022-06-12,vs. Hanwha,SP,,7.71,2.14,2 ⅓,54,2,2,3,0,4,2,0,45.0,Home,인천 SSG 랜더스필드,17:00,24.9
전영준,2022,SSG,2022-05-28,@ Kia,RP,,9.0,2.0,1,24,1,1,1,1,1,1,1,,Away,광주 기아 챔피언스 필드,17:00,28.3
이로운,2024,SSG,2024-09-19,vs. Kiwoom,RP,,0.0,3.0,0 ⅓,10,0,0,0,0,0,1,1,,Home,인천 SSG 랜더스필드,18:30,31.2
이로운,2024,SSG,2024-09-11,vs. Lotte,RP,,9.0,3.0,1,26,1,1,1,0,1,2,0,,Home,인천 SSG 랜더스필드,18:30,30.8
이로운,2024,SSG,2024-09-08,@ Lotte,RP,,18.0,4.0,1,29,2,2,4,0,0,0,0,,Away,사직 야구장,14:00,33.6
이로운,2024,SSG,2024-09-01,vs. NC,RP,,0.0,6.0,0 ⅓,14,0,0,1,0,0,1,0,,Home,인천 SSG 랜더스필드,14:00,29.4
이로운,2024,SSG,2024-08-31,vs. NC,RP,,0.0,0.0,0 ⅔,13,0,0,0,0,1,0,0,,Home,인천 SSG 랜더스필드,18:00,30.4
이로운,2024,SSG,2024-08-28,@ Kia,RP,,13.5,4.5,0 ⅔,27,1,1,2,0,0,1,1,,Away,광주 기아 챔피언스 필드,18:30,30.8
이로운,2024,SSG,2024-08-27,@ Kia,RP,,0.0,0.0,1,12,0,0,0,0,2,0,1,,Away,광주 기아 챔피언스 필드,18:30,30.2
이로운,2024,SSG,2024-08-23,vs. KT,RP,L,0.0,,0,16,4,4,3,0,0,1,0,,Home,인천 SSG 랜더스필드,18:30,30.1
이로운,2024,SSG,2024-08-22,@ LG,RP,,0.0,2.0,1,17,0,0,2,0,0,0,0,,Away,잠실 야구장,18:30,30.5
이로운,2024,SSG,2024-08-10,vs. Doosan,RP,L,9.0,3.0,1,31,1,1,2,0,0,1,0,,Home,인천 SSG 랜더스필드,18:00,32.1
이로운,2024,SSG,2024-08-09,vs. Doosan,RP,H,0.0,2.0,1,22,0,0,2,0,1,0,0,,Home,인천 SSG 랜더스필드,18:30,31.8
이로운,2024,SSG,2024-08-04,@ Samsung,RP,,9.0,2.0,1,15,1,1,2,0,1,0,0,,Away,대구 삼성 라이온즈 파크,17:00,32.8
이로운,2024,SSG,2024-08-02,@ Samsung,RP,,0.0,6.0,0 ⅓,6,0,0,0,0,0,2,0,,Away,대구 삼성 라이온즈 파크,18:30,32.5
이로운,2024,SSG,2024-07-31,vs. Lotte,RP,,108.0,12.0,0 ⅓,23,4,4,4,1,1,0,0,,Home,인천 SSG 랜더스필드,18:30,31.8
이로운,2024,SSG,2024-07-30,vs. Lotte,RP,,0.0,0.0,1,9,0,0,0,0,1,0,0,,Home,인천 SSG 랜더스필드,18:30,30.7
이로운,2024,SSG,2024-07-27,vs. Doosan,RP,,54.0,12.0,0 ⅓,20,2,2,1,1,0,3,0,,Home,인천 SSG 랜더스필드,18:00,32.0
이로운,2024,SSG,2024-07-25,@ KT,RP,,0.0,2.0,1,21,0,0,1,0,2,1,0,,Away,수원 KT 위즈파크,18:30,33.3
이로운,2024,SSG,2024-07-24,@ KT,RP,,0.0,0.0,1,8,0,0,0,0,0,0,0,,Away,수원 KT 위즈파크,18:30,31.2
이로운,2024,SSG,2024-07-17,@ LG,RP,,0.0,0.0,1,17,0,0,0,0,0,0,0,,Away,잠실 야구장,18:30,27.6
이로운,2024,SSG,2024-07-14,@ Kia,RP,,0.0,1.5,0 ⅔,11,0,0,0,0,0,1,0,,Away,광주 기아 챔피언스 필드,17:00,29.5
이로운,2024,SSG,2024-07-13,@ Kia,RP,,40.5,6.0,0 ⅔,23,3,3,1,0,0,3,0,,Away,광주 기아 챔피언스 필드,18:00,29.3
이로운,2024,SSG,2024-07-04,@ NC,RP,L,0.0,,0,5,2,1,1,1,0,0,0,,Away,창원 NC 파크,18:30,30.2
이로운,2024,SSG,2024-07-03,@ NC,RP,,0.0,0.0,0 ⅓,4,0,0,0,0,0,0,0,,Away,창원 NC 파크,18:30,30.4
이로운,2024,SSG,2024-06-30,@ Doosan,RP,,0.0,9.0,0 ⅓,21,0,0,1,0,1,2,0,,Away,잠실 야구장,17:00,26.9
이로운,2024,SSG,2024-06-29,@ Doosan,RP,,0.0,,0,0,0,0,0,0,0,0,0,,Away,잠실 야구장,17:00,31.0
이로운,2024,SSG,2024-06-23,vs. NC,RP,,18.0,2.0,1,26,2,2,2,1,1,0,0,,Home,인천 SSG 랜더스필드,17:00,27.5
이로운,2024,SSG,2024-06-22,vs. NC,RP,,0.0,0.0,1,12,0,0,0,0,1,0,0,,Home,인천 SSG 랜더스필드,17:00,26.1
이로운,2024,SSG,2024-06-20,@ Samsung,RP,,0.0,2.0,1,27,0,0,0,0,1,2,0,,Away,대구 삼성 라이온즈 파크,18:30,25.4
이로운,2024,SSG,2024-06-18,@ Samsung,RP,,0.0,1.0,1,14,0,0,0,0,1,1,0,,Away,대구 삼성 라이온즈 파크,18:30,26.3
이로운,2024,SSG,2024-06-16,@ Hanwha,RP,,9.0,3.0,1,26,1,1,1,0,1,2,0,,Away,대전 한화생명 볼파크,17:00,27.4
이로운,2024,SSG,2024-06-14,@ Hanwha,RP,H,0.0,2.0,1,13,0,0,2,0,1,0,0,,Away,대전 한화생명 볼파크,18:30,29.2
이로운,2024,SSG,2024-06-12,vs. Kia,RP,,0.0,,0,12,3,3,3,0,0,0,0,,Home,인천 SSG 랜더스필드,18:30,23.9
이로운,2024,SSG,2024-06-11,vs. Kia,RP,,0.0,0.0,1,18,0,0,0,0,2,0,0,,Home,인천 SSG 랜더스필드,18:30,24.6
이로운,2024,SSG,2024-06-09,@ Lotte,RP,,0.0,0.0,1,17,0,0,0,0,0,0,0,,Away,사직 야구장,17:00,24.0
이로운,2024,SSG,2024-06-06,vs. Samsung,RP,SV,0.0,1.0,3,48,0,0,2,0,2,1,0,,Home,인천 SSG 랜더스필드,18:30,23.5
이로운,2024,SSG,2024-06-01,@ Kiwoom,RP,,0.0,2.0,1,17,0,0,0,0,0,2,0,,Away,고척 스카이돔,17:00,25.5
이로운,2024,SSG,2024-05-29,vs. LG,RP,,0.0,2.0,1,18,0,0,2,0,1,0,0,,Home,인천 SSG 랜더스필드,18:30,22.4
이로운,2024,SSG,2024-05-24,vs. Hanwha,RP,,0.0,1.5,1 ⅓,26,0,0,2,0,3,0,0,,Home,인천 SSG 랜더스필드,18:30,20.8
이로운,2024,SSG,2024-05-18,@ Kiwoom,RP,H,0.0,1.0,1,16,0,0,1,0,1,0,0,,Away,고척 스카이돔,17:00,25.5
이로운,2024,SSG,2024-05-17,@ Kiwoom,RP,,27.0,4.0,1,37,3,3,2,0,1,2,0,,Away,고척 스카이돔,18:30,25.5
이로운,2024,SSG,2024-05-12,@ Kia,RP,H,0.0,3.0,0 ⅓,8,0,0,1,0,0,0,0,,Away,광주 기아 챔피언스 필드,14:00,22.6
이로운,2024,SSG,2024-05-12,@ Kia,RP,,0.0,6.0,0 ⅓,14,0,0,1,0,0,1,0,,Away,광주 기아 챔피언스 필드,14:00,22.6
이로운,2024,SSG,2024-05-10,@ Kia,RP,H,0.0,0.5,2,17,0,0,1,0,0,0,0,,Away,광주 기아 챔피언스 필드,18:30,22.0
이로운,2024,SSG,2024-05-08,@ LG,RP,,0.0,3.0,0 ⅔,17,1,0,1,0,0,1,0,,Away,잠실 야구장,18:30,18.6
이로운,2024,SSG,2024-05-07,@ LG,RP,H,13.5,4.5,0 ⅔,15,1,1,3,0,0,0,0,,Away,잠실 야구장,18:30,14.5
이로운,2024,SSG,2024-05-04,vs. NC,RP,,0.0,1.0,1,26,0,0,0,0,1,1,0,,Home,인천 SSG 랜더스필드,17:00,23.2
이로운,2024,SSG,2024-05-02,@ Hanwha,RP,H,0.0,0.0,1,7,0,0,0,0,1,0,0,,Away,대전 한화생명 볼파크,18:30,22.4
이로운,2024,SSG,2024-04-27,vs. KT,RP,,9.0,3.0,1,34,1,1,1,0,1,2,0,,Home,인천 SSG 랜더스필드,17:00,20.2
이로운,2024,SSG,2024-04-26,vs. KT,RP,H,0.0,0.0,0 ⅔,9,0,0,0,0,1,0,0,,Home,인천 SSG 랜더스필드,18:30,20.5
이로운,2024,SSG,2024-04-24,@ Lotte,RP,,0.0,1.0,1,17,0,0,1,0,1,0,0,,Away,사직 야구장,18:30,18.6
이로운,2024,SSG,2024-04-21,vs. LG,RP,,13.5,4.5,0 ⅔,19,1,1,2,0,0,1,0,,Home,인천 SSG 랜더스필드,14:00,19.8
이로운,2024,SSG,2024-04-21,vs. LG,RP,,0.0,0.0,0 ⅔,5,0,0,0,0,0,0,0,,Home,인천 SSG 랜더스필드,14:00,19.8
이로운,2024,SSG,2024-04-19,vs. LG,RP,,0.0,0.6,1 ⅔,33,0,0,0,0,3,1,0,,Home,인천 SSG 랜더스필드,18:30,17.3
이로운,2024,SSG,2024-04-16,vs. Kia,RP,,0.0,,0,4,0,0,1,0,0,0,0,,Home,인천 SSG 랜더스필드,18:30,11.5
이로운,2024,SSG,2024-04-12,@ KT,RP,,0.0,4.0,1,25,0,0,3,0,1,1,0,,Away,수원 KT 위즈파크,18:30,20.6
이로운,2024,SSG,2024-04-10,vs. Kiwoom,RP,,0.0,1.0,1,13,0,0,0,0,0,1,0,,Home,인천 SSG 랜더스필드,18:30,13.5
이로운,2024,SSG,2024-04-06,@ NC,RP,,0.0,0.5,2,33,0,0,1,0,1,0,0,,Away,창원 NC 파크,17:00,19.0
이로운,2024,SSG,2024-04-04,vs. Doosan,RP,H,0.0,0.0,1,10,0,0,0,0,0,0,0,,Home,인천 SSG 랜더스필드,18:30,16.7
이로운,2024,SSG,2024-04-02,vs. Doosan,RP,,0.0,0.0,1,10,0,0,0,0,1,0,0,,Home,인천 SSG 랜더스필드,18:30,16.9
이로운,2024,SSG,2024-03-31,@ Samsung,RP,W,0.0,1.5,2,29,0,0,1,0,2,2,0,,Away,대구 삼성 라이온즈 파크,14:00,15.1
이로운,2024,SSG,2024-03-28,vs. Hanwha,RP,,45.0,5.0,1,29,5,5,3,0,0,2,0,,Home,인천 SSG 랜더스필드,18:30,10.9
이로운,2024,SSG,2024-03-27,vs. Hanwha,RP,,0.0,0.0,2,13,0,0,0,0,1,0,0,,Home,인천 SSG 랜더스필드,18:30,10.4
이로운,2024,SSG,2024-03-24,vs. Lotte,RP,,0.0,3.0,1,24,4,0,2,0,0,1,0,,Home,인천 SSG 랜더스필드,14:00,20.3
이로운,2023,SSG,2023-10-17,vs. Doosan,RP,,0.0,0.0,1,15,0,0,0,0,2,0,0,,Home,인천 SSG 랜더스필드,18:30,16.7
이로운,2023,SSG,2023-10-07,@ NC,RP,,0.0,2.0,1,23,0,0,0,0,0,2,0,,Away,창원 NC 파크,17:00,20.7
이로운,2023,SSG,2023-10-06,vs. Hanwha,RP,,0.0,0.0,1,8,0,0,0,0,1,0,0,,Home,인천 SSG 랜더스필드,18:30,19.1
이로운,2023,SSG,2023-10-04,vs. NC,RP,,0.0,2.0,1,23,0,0,1,0,0,1,0,,Home,인천 SSG 랜더스필드,18:30,20.4
이로운,2023,SSG,2023-10-01,vs. Kia,RP,W,0.0,1.0,1,22,0,0,0,0,1,1,0,,Home,인천 SSG 랜더스필드,14:00,22.2
이로운,2023,SSG,2023-09-28,@ Kiwoom,RP,,0.0,,0,10,0,0,0,0,0,2,0,,Away,고척 스카이돔,18:30,25.5
이로운,2023,SSG,2023-09-27,vs. Doosan,RP,,0.0,1.0,1,16,0,0,1,0,1,0,0,,Home,인천 SSG 랜더스필드,18:30,24.6
이로운,2023,SSG,2023-09-24,vs. Lotte,RP,,0.0,2.0,1,24,0,0,1,0,1,1,0,,Home,인천 SSG 랜더스필드,14:00,24.4
이로운,2023,SSG,2023-09-17,@ LG,RP,,27.0,4.5,0 ⅔,18,2,2,3,0,0,0,0,,Away,잠실 야구장,14:00,28.1
이로운,2023,SSG,2023-09-12,vs. KT,RP,,18.0,4.0,1,31,2,2,3,1,1,1,0,,Home,인천 SSG 랜더스필드,18:30,27.8
이로운,2023,SSG,2023-09-10,@ KT,RP,W,0.0,1.0,1,15,0,0,1,0,0,0,0,,Away,수원 KT 위즈파크,14:00,28.7
이로운,2023,SSG,2023-09-09,@ KT,RP,,0.0,1.0,2,32,0,0,2,0,1,0,0,,Away,수원 KT 위즈파크,17:00,28.9
이로운,2023,SSG,2023-09-06,@ Hanwha,RP,L,0.0,3.0,1 ⅓,29,1,0,3,0,1,1,0,,Away,대전 한화생명 볼파크,18:30,28.2
이로운,2023,SSG,2023-09-05,@ Hanwha,RP,W,0.0,0.0,2,27,0,0,0,0,2,0,0,,Away,대전 한화생명 볼파크,18:30,29.2
이로운,2023,SSG,2023-09-03,vs. Kia,RP,,9.0,1.0,1,11,1,1,1,1,0,0,0,,Home,인천 SSG 랜더스필드,14:00,29.7
이로운,2023,SSG,2023-08-31,vs. Kiwoom,RP,,18.0,3.0,1,24,2,2,3,1,1,0,0,,Home,인천 SSG 랜더스필드,18:30,26.6
이로운,2023,SSG,2023-08-27,@ Doosan,RP,,0.0,1.5,0 ⅔,13,0,0,1,0,1,0,0,,Away,잠실 야구장,17:00,29.8
이로운,2023,SSG,2023-08-25,@ Doosan,RP,,0.0,0.0,1,11,0,0,0,0,1,0,0,,Away,잠실 야구장,18:30,29.5
이로운,2023,SSG,2023-08-18,vs. LG,RP,,27.0,3.0,0 ⅓,5,1,1,1,1,0,0,0,,Home,인천 SSG 랜더스필드,18:30,30.5
이로운,2023,SSG,2023-08-17,@ Lotte,RP,,0.0,1.5,0 ⅔,15,0,0,1,0,2,0,0,,Away,사직 야구장,18:30,28.4
이로운,2023,SSG,2023-08-16,@ Lotte,RP,,0.0,0.0,1 ⅓,16,0,0,0,0,2,0,0,,Away,사직 야구장,18:30,27.6
이로운,2023,SSG,2023-08-05,@ Lotte,RP,,0.0,1.0,1,21,0,0,0,0,2,1,0,,Away,사직 야구장,18:00,31.9
이로운,2023,SSG,2023-08-01,@ KT,RP,,40.5,4.5,0 ⅔,33,3,3,1,0,0,2,0,,Away,수원 KT 위즈파크,18:30,32.8
이로운,2023,SSG,2023-07-30,vs. Hanwha,RP,H,0.0,0.0,1,13,0,0,0,0,1,0,1,,Home,인천 SSG 랜더스필드,17:00,33.6
이로운,2023,SSG,2023-07-25,@ Samsung,RP,,27.0,3.0,0 ⅔,22,2,2,1,0,1,1,0,,Away,대구 삼성 라이온즈 파크,18:30,29.8
이로운,2023,SSG,2023-07-09,@ Hanwha,RP,,13.5,1.88,2 ⅔,54,4,4,5,2,0,0,0,,Away,대전 한화생명 볼파크,17:00,31.5
이로운,2023,SSG,2023-07-05,vs. Kia,RP,,4.5,1.0,2,28,1,1,2,1,0,0,0,,Home,인천 SSG 랜더스필드,18:30,26.0
이로운,2023,SSG,2023-06-27,vs. LG,RP,,13.5,4.0,2,59,3,3,6,0,4,2,0,,Home,인천 SSG 랜더스필드,18:30,27.8
이로운,2023,SSG,2023-06-24,vs. Samsung,RP,,81.0,12.0,0 ⅓,10,3,3,4,0,0,0,0,,Home,인천 SSG 랜더스필드,17:00,28.6
이로운,2023,SSG,2023-06-22,@ Doosan,RP,H,0.0,0.0,2,24,0,0,0,0,1,0,0,,Away,잠실 야구장,18:30,25.8
이로운,2023,SSG,2023-06-21,@ Doosan,RP,H,0.0,0.0,1,11,0,0,0,0,1,0,0,,Away,잠실 야구장,18:30,24.3
이로운,2023,SSG,2023-06-17,vs. Lotte,RP,W,0.0,0.0,1,12,0,0,0,0,1,0,0,,Home,인천 SSG 랜더스필드,17:00,24.7
이로운,2023,SSG,2023-06-14,vs. KT,RP,,16.2,4.2,1 ⅔,45,3,3,5,0,2,2,0,,Home,인천 SSG 랜더스필드,18:30,24.0
이로운,2023,SSG,2023-06-10,@ NC,RP,,9.0,2.0,1,22,1,1,1,0,0,1,0,,Away,창원 NC 파크,17:00,25.3
이로운,2023,SSG,2023-06-08,@ Kia,RP,W,0.0,0.0,2,32,0,0,0,0,3,0,0,,Away,광주 기아 챔피언스 필드,18:30,25.8
이로운,2023,SSG,2023-06-07,@ Kia,RP,W,0.0,0.75,1 ⅓,18,0,0,1,0,0,0,0,,Away,광주 기아 챔피언스 필드,18:30,26.0
이로운,2023,SSG,2023-06-01,vs. Samsung,RP,,18.0,4.0,1,31,2,2,3,0,0,1,0,,Home,인천 SSG 랜더스필드,18:30,25.0
이로운,2023,SSG,2023-05-26,@ Doosan,RP,,0.0,1.0,1,14,0,0,1,0,0,0,0,,Away,잠실 야구장,18:30,24.7
이로운,2023,SSG,2023-05-23,vs. LG,RP,,6.75,3.0,1 ⅓,43,1,1,2,0,3,2,0,,Home,인천 SSG 랜더스필드,18:30,21.8
이로운,2023,SSG,2023-05-19,@ Lotte,RP,,27.0,4.0,1,24,3,3,3,0,2,1,0,,Away,사직 야구장,18:30,20.6
이로운,2023,SSG,2023-05-16,@ NC,RP,,0.0,2.0,1,18,0,0,2,0,1,0,0,,Away,창원 NC 파크,18:30,23.2
이로운,2023,SSG,2023-05-12,vs. Hanwha,RP,,0.0,0.0,2,25,0,0,0,0,3,0,0,,Home,인천 SSG 랜더스필드,18:30,19.8
이로운,2023,SSG,2023-04-29,vs. Doosan,RP,,0.0,2.0,1,21,0,0,1,0,0,1,0,,Home,인천 SSG 랜더스필드,17:00,11.4
이로운,2023,SSG,2023-04-25,@ LG,RP,,0.0,3.0,0 ⅔,10,0,0,2,0,0,0,0,,Away,잠실 야구장,18:30,11.0
이로운,2023,SSG,2023-04-23,vs. Kiwoom,RP,,0.0,,0,9,1,0,1,0,0,1,0,,Home,인천 SSG 랜더스필드,14:00,20.5
이로운,2023,SSG,2023-04-21,vs. Kiwoom,RP,H,0.0,1.0,1,15,0,0,0,0,2,1,0,,Home,인천 SSG 랜더스필드,18:30,18.0
이로운,2023,SSG,2023-04-20,@ KT,RP,H,0.0,0.0,1,10,0,0,0,0,1,0,0,,Away,수원 KT 위즈파크,18:30,15.8
이로운,2023,SSG,2023-04-16,vs. NC,RP,,13.5,3.0,1 ⅓,28,2,2,2,0,0,2,0,,Home,인천 SSG 랜더스필드,14:00,13.4
이로운,2023,SSG,2023-04-13,@ Samsung,RP,,0.0,0.67,3,43,0,0,1,0,4,1,0,,Away,대구 삼성 라이온즈 파크,18:30,16.9
이로운,2023,SSG,2023-04-02,vs. Kia,RP,,0.0,2.0,1,24,1,0,1,0,2,1,0,,Home,인천 SSG 랜더스필드,14:00,22.7
조요한,2022,SSG,2022-10-08,@ Samsung,RP,,0.0,1.0,1,9,0,0,1,0,0,0,0,,Away,대구 삼성 라이온즈 파크,17:00,18.9
조요한,2022,SSG,2022-10-06,@ NC,RP,,0.0,0.0,1,13,0,0,0,0,2,0,0,,Away,창원 NC 파크,18:30,17.4
조요한,2022,SSG,2022-09-09,vs. Kia,RP,,0.0,,0,19,5,4,2,0,0,2,0,,Home,인천 SSG 랜더스필드,18:30,26.9
조요한,2022,SSG,2022-08-07,vs. Samsung,RP,H,13.5,1.5,0 ⅔,8,1,1,0,0,0,1,1,,Home,인천 SSG 랜더스필드,17:00,31.0
조요한,2022,SSG,2022-08-06,vs. Samsung,RP,,0.0,3.0,0 ⅓,7,0,0,0,0,0,1,0,,Home,인천 SSG 랜더스필드,18:00,31.3
조요한,2022,SSG,2022-06-02,vs. KT,RP,,18.0,3.0,1,22,2,2,2,0,2,1,0,,Home,인천 SSG 랜더스필드,18:30,23.0
조요한,2022,SSG,2022-05-29,@ Kia,RP,,0.0,,0,7,0,0,0,0,0,1,0,,Away,광주 기아 챔피언스 필드,14:00,29.3
조요한,2022,SSG,2022-05-24,vs. Lotte,RP,,27.0,6.0,0 ⅓,9,1,1,1,0,0,1,0,,Home,인천 SSG 랜더스필드,18:30,23.8
조요한,2022,SSG,2022-05-22,vs. LG,RP,W,0.0,0.0,0 ⅓,2,0,0,0,0,0,0,0,,Home,인천 SSG 랜더스필드,14:00,20.0
조요한,2022,SSG,2022-05-21,vs. LG,RP,,0.0,0.0,1,13,0,0,0,0,0,0,0,,Home,인천 SSG 랜더스필드,17:00,18.4
조요한,2022,SSG,2022-05-18,@ Doosan,RP,,6.75,1.5,1 ⅓,19,1,1,1,0,1,1,0,,Away,잠실 야구장,18:30,23.9
조요한,2022,SSG,2022-05-17,@ Doosan,RP,,0.0,1.0,1,10,0,0,1,0,1,0,0,,Away,잠실 야구장,18:30,24.4
조요한,2022,SSG,2022-05-15,vs. NC,RP,L,0.0,,0,5,1,1,0,0,0,0,1,,Home,인천 SSG 랜더스필드,14:00,18.2
조요한,2022,SSG,2022-05-14,vs. NC,RP,H,0.0,2.0,1,24,0,0,1,0,2,1,0,,Home,인천 SSG 랜더스필드,17:00,16.1
조요한,2022,SSG,2022-05-11,@ Samsung,RP,,40.5,4.5,0 ⅔,23,3,3,3,2,1,0,1,,Away,대구 삼성 라이온즈 파크,18:30,19.4
조요한,2022,SSG,2022-05-10,@ Samsung,RP,H,0.0,2.0,1,18,0,0,1,0,1,1,0,,Away,대구 삼성 라이온즈 파크,18:30,17.1
조요한,2022,SSG,2022-05-08,@ Kiwoom,RP,,0.0,0.0,1,9,0,0,0,0,0,0,0,,Away,고척 스카이돔,14:00,25.5
조요한,2022,SSG,2022-05-04,vs. Hanwha,RP,H,9.0,3.0,1,26,1,1,1,0,1,2,1,,Home,인천 SSG 랜더스필드,18:30,18.1
조요한,2022,SSG,2022-05-03,vs. Hanwha,RP,H,0.0,2.0,1,16,0,0,2,0,1,0,0,,Home,인천 SSG 랜더스필드,18:30,14.5
조요한,2022,SSG,2022-04-29,vs. Doosan,RP,W,0.0,1.0,2,28,0,0,1,0,1,1,0,,Home,인천 SSG 랜더스필드,18:30,14.5
조요한,2022,SSG,2022-04-27,@ Lotte,RP,,0.0,0.0,1 ⅔,14,0,0,0,0,1,0,0,,Away,사직 야구장,18:30,16.0
조요한,2022,SSG,2022-04-26,@ Lotte,RP,,0.0,0.0,1,12,0,0,0,0,0,0,0,,Away,사직 야구장,18:30,17.7
조요한,2022,SSG,2022-04-23,@ Hanwha,RP,,0.0,0.0,1,13,0,0,0,0,1,0,0,,Away,대전 한화생명 볼파크,17:00,25.4
조요한,2021,SSG,2021-09-12,@ KT,RP,,40.5,7.5,0 ⅔,37,3,3,2,0,1,3,0,,Away,수원 KT 위즈파크,14:00,28.4
조요한,2021,SSG,2021-09-02,vs. Doosan,RP,,9.0,2.0,1,20,1,1,2,0,0,0,0,,Home,인천 SSG 랜더스필드,18:30,25.2
조요한,2021,SSG,2021-08-25,@ KT,RP,,4.5,3.0,2,44,1,1,4,0,1,2,0,,Away,수원 KT 위즈파크,18:30,27.9
조요한,2021,SSG,2021-08-24,@ Samsung,RP,H,27.0,6.0,0 ⅓,13,1,1,1,0,1,1,0,,Away,대구 삼성 라이온즈 파크,18:30,29.5
조요한,2021,SSG,2021-08-19,vs. NC,RP,,0.0,1.5,2,29,0,0,1,0,1,2,0,,Home,인천 SSG 랜더스필드,18:30,27.4
조요한,2021,SSG,2021-08-13,vs. Kia,RP,,0.0,1.0,1,14,0,0,0,0,0,1,0,,Home,인천 SSG 랜더스필드,18:30,28.3
박성빈,2024,SSG,2024-09-26,@ NC,RP,,0.0,0.0,1,9,0,0,0,0,0,0,0,,Away,창원 NC 파크,18:30,26.9
박성빈,2024,SSG,2024-08-28,@ Kia,RP,,0.0,1.0,1,13,0,0,1,0,1,0,1,,Away,광주 기아 챔피언스 필드,18:30,30.8
박성빈,2024,SSG,2024-08-24,vs. KT,RP,,0.0,0.0,0 ⅓,6,0,0,0,0,1,0,0,,Home,인천 SSG 랜더스필드,18:00,30.9
