PlayerName,Year,Team,Date,Opp,Role,Dec,ERA,WHIP,IP,NP,R,ER,H,HR,SO,BB,HB,GS,Venue,Stadium,Time,Temp
이형범,2024,Kia,2024-08-23,@ NC,RP,,94.5,9.0,0 ⅔,27,7,7,5,0,0,1,1,,Away,창원 NC 파크,18:30,32.7
이형범,2024,Kia,2024-08-11,vs. Samsung,RP,L,0.0,,0,5,1,1,1,1,0,0,0,,Home,광주 기아 챔피언스 필드,17:00,32.2
이형범,2024,Kia,2024-07-30,vs. Doosan,RP,,4.5,2.0,2,38,1,1,3,1,3,1,1,,Home,광주 기아 챔피언스 필드,18:30,32.1
이형범,2024,Kia,2024-07-25,vs. NC,RP,,0.0,1.5,2,41,0,0,2,0,1,1,0,,Home,광주 기아 챔피언스 필드,18:30,31.7
이형범,2024,Kia,2024-07-21,@ Hanwha,RP,,0.0,0.0,0 ⅔,9,0,0,0,0,1,0,0,,Away,대전 한화생명 볼파크,17:00,32.4
이형범,2024,Kia,2024-07-20,@ Hanwha,RP,,0.0,0.0,0 ⅓,3,0,0,0,0,1,0,0,,Away,대전 한화생명 볼파크,18:00,31.9
이형범,2024,Kia,2024-07-18,vs. Samsung,RP,H,0.0,3.0,0 ⅓,5,0,0,1,0,0,0,0,,Home,광주 기아 챔피언스 필드,18:30,29.2
이형범,2024,Kia,2024-07-17,vs. Samsung,RP,,0.0,3.0,0 ⅔,18,0,0,1,0,0,1,0,,Home,광주 기아 챔피언스 필드,18:30,30.1
이형범,2024,Kia,2024-07-13,vs. SSG,RP,,0.0,3.0,1 ⅓,27,3,0,4,0,0,0,0,,Home,광주 기아 챔피언스 필드,18:00,29.3
이형범,2024,Kia,2024-07-12,vs. SSG,RP,,0.0,1.5,2,31,0,0,3,0,0,0,0,,Home,광주 기아 챔피언스 필드,18:30,30.6
이형범,2024,Kia,2024-05-12,vs. SSG,RP,,13.5,2.25,1 ⅓,19,2,2,1,0,0,2,1,,Home,광주 기아 챔피언스 필드,14:00,22.6
이형범,2024,Kia,2024-05-10,vs. SSG,RP,,0.0,1.0,1,18,0,0,1,0,2,0,0,,Home,광주 기아 챔피언스 필드,18:30,22.0
이형범,2024,Kia,2024-04-11,vs. LG,RP,,13.5,4.5,0 ⅔,20,2,1,2,0,0,1,0,,Home,광주 기아 챔피언스 필드,18:30,19.5
이형범,2024,Kia,2024-04-06,vs. Samsung,RP,,0.0,,0,4,0,0,0,0,0,0,2,,Home,광주 기아 챔피언스 필드,17:00,19.2
이형범,2024,Kia,2024-04-05,vs. Samsung,RP,H,9.0,2.0,1,16,1,1,2,0,0,0,0,,Home,광주 기아 챔피언스 필드,18:30,16.5
이형범,2024,Kia,2024-04-02,@ KT,RP,,0.0,0.0,1,15,0,0,0,0,1,0,0,,Away,수원 KT 위즈파크,18:30,19.8
이형범,2023,Doosan,2023-09-06,vs. Kia,RP,,13.5,3.0,0 ⅔,18,1,1,2,0,1,0,0,,Home,잠실 야구장,18:30,30.4
이형범,2023,Doosan,2023-08-11,@ Hanwha,RP,,27.0,3.0,1,25,3,3,1,1,0,2,0,,Away,대전 한화생명 볼파크,18:30,28.1
이형범,2023,Doosan,2023-08-05,vs. KT,RP,,0.0,,0,13,3,3,3,0,0,0,0,,Home,잠실 야구장,18:00,34.3
이형범,2023,Doosan,2023-08-01,@ Hanwha,RP,,9.0,2.0,1,20,2,1,1,0,0,1,1,,Away,대전 한화생명 볼파크,18:30,32.9
이형범,2023,Doosan,2023-07-30,vs. LG,RP,,0.0,0.67,3,33,0,0,2,0,1,0,1,,Home,잠실 야구장,17:00,33.6
이형범,2023,Doosan,2023-06-18,@ LG,RP,,10.13,2.63,2 ⅔,38,4,3,7,1,1,0,0,,Away,잠실 야구장,17:00,30.8
이형범,2023,Doosan,2023-06-17,@ LG,RP,,0.0,1.0,1,14,0,0,0,0,0,1,0,,Away,잠실 야구장,17:00,27.7
이형범,2023,Doosan,2023-06-15,@ NC,RP,,0.0,0.75,1 ⅓,26,0,0,0,0,0,1,0,,Away,창원 NC 파크,18:30,25.2
이형범,2023,Doosan,2023-06-10,vs. Kia,RP,,0.0,1.5,1 ⅓,14,1,0,1,0,0,1,0,,Home,잠실 야구장,17:00,24.3
이형범,2023,Doosan,2023-06-09,vs. Kia,RP,,6.75,2.25,1 ⅓,24,1,1,3,0,1,0,0,,Home,잠실 야구장,18:30,26.2
이형범,2023,Doosan,2023-06-07,vs. Hanwha,RP,W,0.0,0.0,0 ⅓,2,0,0,0,0,0,0,0,,Home,잠실 야구장,18:30,26.0
이형범,2023,Doosan,2023-06-03,@ KT,RP,,0.0,2.25,1 ⅓,18,0,0,3,0,1,0,0,,Away,수원 KT 위즈파크,17:00,23.6
이형범,2023,Doosan,2023-05-30,@ NC,RP,,0.0,0.86,2 ⅓,34,0,0,1,0,1,1,0,,Away,창원 NC 파크,18:30,19.9
이형범,2023,Doosan,2023-05-26,vs. SSG,RP,,27.0,6.0,0 ⅓,11,1,1,2,0,0,0,1,,Home,잠실 야구장,18:30,24.7
이형범,2023,Doosan,2023-05-24,vs. Samsung,RP,,13.5,3.0,0 ⅔,12,1,1,2,0,1,0,0,,Home,잠실 야구장,18:30,23.2
이형범,2023,Doosan,2023-05-21,@ KT,RP,,0.0,2.0,1,13,0,0,1,0,0,1,0,,Away,수원 KT 위즈파크,14:00,20.0
이형범,2023,Doosan,2023-05-18,@ Kiwoom,RP,,0.0,0.6,1 ⅔,31,0,0,1,0,0,0,0,,Away,고척 스카이돔,18:30,25.5
이형범,2023,Doosan,2023-05-17,@ Kiwoom,RP,H,0.0,0.0,2,18,0,0,0,0,1,0,0,,Away,고척 스카이돔,18:30,25.5
이형범,2023,Doosan,2023-05-07,vs. LG,RP,,0.0,0.0,1,11,0,0,0,0,2,0,0,,Home,잠실 야구장,14:00,17.2
이형범,2023,Doosan,2023-04-13,vs. Kiwoom,RP,,27.0,4.5,1 ⅓,41,4,4,5,0,2,1,0,,Home,잠실 야구장,18:30,16.7
이형범,2023,Doosan,2023-04-08,@ Kia,RP,,27.0,6.0,0 ⅓,9,1,1,2,0,0,0,0,,Away,광주 기아 챔피언스 필드,17:00,14.6
이형범,2023,Doosan,2023-04-05,vs. NC,RP,,0.0,4.5,0 ⅔,27,0,0,1,0,1,2,0,,Home,잠실 야구장,18:30,10.4
이형범,2023,Doosan,2023-04-01,vs. Lotte,RP,,6.75,2.25,1 ⅓,24,1,1,2,0,0,1,0,,Home,잠실 야구장,14:00,25.0
이형범,2022,Doosan,2022-10-07,vs. Samsung,RP,,13.5,4.5,0 ⅔,21,1,1,3,0,0,0,0,,Home,잠실 야구장,18:30,16.7
이형범,2022,Doosan,2022-10-02,@ Lotte,RP,,0.0,0.0,1,13,0,0,0,0,1,0,0,,Away,사직 야구장,14:00,27.5
이형범,2022,Doosan,2022-09-30,@ Samsung,RP,,0.0,1.5,2,43,0,0,2,0,1,1,0,,Away,대구 삼성 라이온즈 파크,18:30,24.4
이형범,2022,Doosan,2022-09-28,@ KT,RP,,0.0,0.6,1 ⅔,29,0,0,1,0,3,0,0,,Away,수원 KT 위즈파크,18:30,23.9
이형범,2022,Doosan,2022-09-24,@ SSG,RP,,18.0,3.0,1,13,2,2,2,1,0,1,0,,Away,인천 SSG 랜더스필드,17:00,21.9
이형범,2022,Doosan,2022-09-23,@ Kiwoom,RP,,0.0,0.6,1 ⅔,24,0,0,1,0,3,0,0,,Away,고척 스카이돔,18:30,25.5
이형범,2022,Doosan,2022-09-21,vs. NC,RP,,0.0,2.0,1,21,0,0,2,0,0,0,0,,Home,잠실 야구장,18:30,21.9
이형범,2022,Doosan,2022-08-23,vs. KT,RP,L,0.0,,0,7,1,1,2,0,0,0,0,,Home,잠실 야구장,18:30,29.0
이형범,2022,Doosan,2022-08-20,@ LG,RP,,0.0,0.0,1,13,0,0,0,0,0,0,0,,Away,잠실 야구장,18:00,32.0
이형범,2022,Doosan,2022-08-17,@ Lotte,RP,,0.0,3.0,0 ⅓,6,0,0,1,0,0,0,0,,Away,사직 야구장,18:30,26.6
이형범,2022,Doosan,2022-08-13,vs. SSG,RP,,0.0,1.0,1,14,0,0,0,0,0,1,0,,Home,잠실 야구장,18:00,29.6
이형범,2022,Doosan,2022-08-10,vs. NC,RP,,16.2,3.0,1 ⅔,43,3,3,3,0,1,2,1,,Home,잠실 야구장,18:30,27.9
이형범,2022,Doosan,2022-08-07,@ Kia,RP,,0.0,3.0,0 ⅓,8,0,0,1,0,0,0,0,,Away,광주 기아 챔피언스 필드,17:00,33.8
이형범,2022,Doosan,2022-08-04,vs. Samsung,RP,,0.0,0.75,1 ⅓,13,0,0,1,0,0,0,0,,Home,잠실 야구장,18:30,32.6
이형범,2022,Doosan,2022-07-30,@ Hanwha,RP,,0.0,0.0,1,9,0,0,0,0,0,0,0,,Away,대전 한화생명 볼파크,18:00,30.6
이형범,2022,Doosan,2022-07-09,vs. LG,RP,,9.0,3.0,1,26,1,1,2,0,0,1,0,,Home,잠실 야구장,18:00,31.6
이형범,2022,Doosan,2022-06-10,@ LG,RP,,0.0,1.5,0 ⅔,14,0,0,1,0,0,0,0,,Away,잠실 야구장,18:30,23.4
이형범,2022,Doosan,2022-06-09,vs. Hanwha,RP,,54.0,12.0,0 ⅓,15,2,2,3,0,1,1,0,,Home,잠실 야구장,18:30,24.6
이형범,2022,Doosan,2022-06-03,@ Samsung,RP,,0.0,0.0,0 ⅓,4,0,0,0,0,0,0,0,,Away,대구 삼성 라이온즈 파크,18:30,23.6
이형범,2022,Doosan,2022-06-01,vs. Kia,RP,,0.0,0.6,1 ⅔,27,0,0,0,0,2,1,0,,Home,잠실 야구장,18:30,24.2
이형범,2022,Doosan,2022-05-31,vs. Kia,RP,,6.75,1.5,1 ⅓,12,1,1,2,0,0,0,1,,Home,잠실 야구장,18:30,24.0
이형범,2022,Doosan,2022-05-28,@ NC,RP,,0.0,1.0,1,21,0,0,1,0,1,0,0,,Away,창원 NC 파크,17:00,25.1
이형범,2022,Doosan,2022-05-25,@ Hanwha,RP,,13.5,3.0,1 ⅓,39,4,2,4,0,1,0,0,,Away,대전 한화생명 볼파크,18:30,25.9
이형범,2022,Doosan,2022-05-21,vs. Lotte,RP,,0.0,0.0,1,11,0,0,0,0,0,0,0,,Home,잠실 야구장,17:00,24.2
이형범,2022,Doosan,2022-05-20,vs. Lotte,RP,,0.0,0.0,2,28,0,0,0,0,1,0,1,,Home,잠실 야구장,18:30,24.4
이형범,2022,Doosan,2022-05-19,vs. SSG,RP,,0.0,0.0,0 ⅓,2,0,0,0,0,0,0,0,,Home,잠실 야구장,18:30,21.1
이형범,2022,Doosan,2022-04-29,@ SSG,RP,,0.0,0.0,0 ⅔,6,0,0,0,0,0,0,0,,Away,인천 SSG 랜더스필드,18:30,14.5
이형범,2022,Doosan,2022-04-28,vs. NC,RP,,0.0,2.0,1,16,0,0,1,0,1,1,0,,Home,잠실 야구장,18:30,20.2
이형범,2022,Doosan,2022-04-26,vs. NC,RP,,54.0,6.0,0 ⅓,12,2,2,1,0,0,1,0,,Home,잠실 야구장,18:30,25.6
이형범,2022,Doosan,2022-04-24,vs. LG,RP,,0.0,0.75,1 ⅓,22,0,0,0,0,1,1,1,,Home,잠실 야구장,14:00,24.1
이형범,2022,Doosan,2022-04-22,vs. LG,RP,,0.0,0.0,1,18,0,0,0,0,0,0,0,,Home,잠실 야구장,18:30,14.9
이형범,2021,Doosan,2021-06-11,@ LG,RP,,0.0,6.0,0 ⅓,14,0,0,0,0,0,2,0,,Away,잠실 야구장,18:30,25.6
이형범,2021,Doosan,2021-06-09,@ Lotte,RP,,0.0,4.5,0 ⅔,23,2,0,1,0,1,2,1,,Away,사직 야구장,18:30,24.2
이형범,2021,Doosan,2021-06-08,@ Lotte,RP,,0.0,0.0,1,10,0,0,0,0,0,0,0,,Away,사직 야구장,18:30,24.4
이형범,2021,Doosan,2021-06-06,vs. SSG,RP,,0.0,3.0,0 ⅔,21,0,0,1,0,1,1,0,,Home,잠실 야구장,17:00,27.5
이형범,2020,Doosan,2020-09-04,@ Samsung,RP,,9.0,2.0,2,33,2,2,3,1,1,1,0,,Away,대구 삼성 라이온즈 파크,18:30,26.7
이형범,2020,Doosan,2020-08-30,@ LG,RP,,9.0,2.0,1,23,1,1,1,1,0,1,0,,Away,잠실 야구장,17:00,32.3
이형범,2020,Doosan,2020-08-27,@ NC,RP,,0.0,1.0,1,14,0,0,1,0,1,0,0,,Away,창원 NC 파크,18:30,29.5
이형범,2020,Doosan,2020-08-26,vs. Kia,RP,,0.0,3.0,0 ⅓,7,0,0,0,0,0,1,0,,Home,잠실 야구장,18:30,32.7
이형범,2020,Doosan,2020-08-12,@ Samsung,RP,,18.0,3.0,1,19,2,2,3,0,1,0,0,,Away,대구 삼성 라이온즈 파크,18:30,29.6
이형범,2020,Doosan,2020-08-04,vs. Samsung,RP,,0.0,1.0,1,15,0,0,0,0,1,1,0,,Home,잠실 야구장,18:30,30.3
이형범,2020,Doosan,2020-08-01,@ NC,RP,W,13.5,3.75,1 ⅓,27,2,2,3,0,0,2,0,,Away,창원 NC 파크,18:00,29.2
이형범,2020,Doosan,2020-07-31,@ NC,RP,,0.0,0.0,0 ⅔,12,0,0,0,0,1,0,1,,Away,창원 NC 파크,18:30,30.7
이형범,2020,Doosan,2020-07-28,vs. Kiwoom,RP,,20.25,3.0,1 ⅓,15,3,3,2,0,0,2,0,,Home,잠실 야구장,18:30,27.3
이형범,2020,Doosan,2020-07-26,vs. LG,RP,,0.0,0.0,1 ⅔,19,0,0,0,0,2,0,0,,Home,잠실 야구장,17:00,28.9
이형범,2020,Doosan,2020-07-19,@ Kia,RP,,0.0,1.5,0 ⅔,16,0,0,0,0,0,1,0,,Away,광주 기아 챔피언스 필드,17:00,30.5
이형범,2020,Doosan,2020-07-17,@ Kia,RP,,0.0,0.75,1 ⅓,27,0,0,0,0,2,1,0,,Away,광주 기아 챔피언스 필드,18:30,28.4
이형범,2020,Doosan,2020-07-16,vs. SK,RP,H,0.0,0.0,0 ⅔,6,0,0,0,0,0,0,0,,Home,잠실 야구장,18:30,29.3
이형범,2020,Doosan,2020-07-14,vs. SK,RP,,0.0,1.0,1,8,0,0,1,0,1,0,0,,Home,잠실 야구장,18:30,24.1
이형범,2020,Doosan,2020-07-10,@ Lotte,RP,,0.0,1.0,1,5,0,0,1,0,0,0,0,,Away,사직 야구장,18:30,26.0
이형범,2020,Doosan,2020-07-04,vs. Hanwha,RP,,0.0,1.0,1,13,0,0,1,0,0,0,0,,Home,잠실 야구장,18:00,26.9
이형범,2020,Doosan,2020-06-19,@ LG,RP,,0.0,1.5,0 ⅔,8,0,0,0,0,0,1,0,,Away,잠실 야구장,18:30,28.7
이형범,2020,Doosan,2020-05-31,vs. Lotte,RP,,0.0,,0,8,2,2,1,0,0,1,0,,Home,잠실 야구장,14:00,27.5
이형범,2020,Doosan,2020-05-30,vs. Lotte,RP,,0.0,3.0,0 ⅓,5,0,0,0,0,0,1,0,,Home,잠실 야구장,17:00,28.5
이형범,2020,Doosan,2020-05-28,vs. SK,RP,,5.4,1.8,1 ⅔,36,1,1,2,0,0,1,0,,Home,잠실 야구장,18:30,22.8
이형범,2020,Doosan,2020-05-24,@ Samsung,RP,,0.0,0.0,1,10,0,0,0,0,1,0,0,,Away,대구 삼성 라이온즈 파크,14:00,21.7
이형범,2020,Doosan,2020-05-21,vs. NC,RP,L,0.0,,0,26,5,5,3,0,0,1,1,,Home,잠실 야구장,18:30,21.9
이형범,2020,Doosan,2020-05-19,vs. NC,RP,,0.0,1.5,0 ⅔,20,0,0,1,0,0,0,0,,Home,잠실 야구장,18:30,14.9
이형범,2020,Doosan,2020-05-15,@ Kia,RP,,0.0,0.0,1,8,0,0,0,0,0,0,0,,Away,광주 기아 챔피언스 필드,18:30,18.2
이형범,2020,Doosan,2020-05-13,@ Lotte,RP,L,27.0,9.0,0 ⅓,10,1,1,2,1,0,1,0,,Away,사직 야구장,18:30,21.0
이형범,2020,Doosan,2020-05-10,vs. KT,RP,,13.5,2.5,2,42,3,3,5,2,0,0,0,,Home,잠실 야구장,14:00,16.5
이형범,2020,Doosan,2020-05-06,@ LG,RP,SV,0.0,0.0,1,12,0,0,0,0,2,0,0,,Away,잠실 야구장,18:30,25.9
이준영,2024,Kia,2024-09-30,vs. NC,RP,W,0.0,2.0,1,23,0,0,1,0,3,1,0,,Home,광주 기아 챔피언스 필드,18:30,26.0
이준영,2024,Kia,2024-09-28,@ Lotte,RP,,0.0,0.0,1,9,0,0,0,0,0,0,0,,Away,사직 야구장,17:00,26.8
이준영,2024,Kia,2024-09-25,vs. Lotte,RP,,0.0,1.0,1,17,0,0,1,0,2,0,0,,Home,광주 기아 챔피언스 필드,18:30,27.0
이준영,2024,Kia,2024-09-16,@ KT,RP,,0.0,,0,6,1,1,0,0,0,1,0,,Away,수원 KT 위즈파크,18:30,31.3
이준영,2024,Kia,2024-09-15,vs. Kiwoom,RP,,0.0,0.0,0 ⅔,6,0,0,0,0,0,0,0,,Home,광주 기아 챔피언스 필드,14:00,33.5
이준영,2024,Kia,2024-09-06,vs. Kiwoom,RP,H,0.0,0.0,1,11,0,0,0,0,2,0,0,,Home,광주 기아 챔피언스 필드,18:30,29.3
이준영,2024,Kia,2024-09-03,vs. LG,RP,H,0.0,0.0,0 ⅔,9,0,0,0,0,1,0,0,,Home,광주 기아 챔피언스 필드,18:30,29.6
이준영,2024,Kia,2024-09-01,@ Samsung,RP,,0.0,3.0,0 ⅔,9,0,0,1,0,1,1,0,,Away,대구 삼성 라이온즈 파크,14:00,31.5
이준영,2024,Kia,2024-08-31,@ Samsung,RP,,27.0,3.0,0 ⅓,11,1,1,0,0,1,1,0,,Away,대구 삼성 라이온즈 파크,18:00,29.1
이준영,2024,Kia,2024-08-28,vs. SSG,RP,H,0.0,0.0,0 ⅓,4,0,0,0,0,0,0,0,,Home,광주 기아 챔피언스 필드,18:30,30.8
이준영,2024,Kia,2024-08-23,@ NC,RP,,9.0,3.0,1,22,3,1,3,2,1,0,0,,Away,창원 NC 파크,18:30,32.7
이준영,2024,Kia,2024-08-17,@ LG,RP,,0.0,0.0,1,13,0,0,0,0,0,0,0,,Away,잠실 야구장,18:00,32.6
이준영,2024,Kia,2024-08-16,@ LG,RP,W,0.0,0.0,1,19,0,0,0,0,1,0,0,,Away,잠실 야구장,18:30,33.0
이준영,2024,Kia,2024-08-14,@ Kiwoom,RP,,0.0,3.0,0 ⅓,9,0,0,1,0,1,0,0,,Away,고척 스카이돔,18:30,25.5
이준영,2024,Kia,2024-08-11,vs. Samsung,RP,,0.0,1.5,0 ⅔,8,0,0,1,0,0,0,0,,Home,광주 기아 챔피언스 필드,17:00,32.2
이준영,2024,Kia,2024-08-09,vs. Samsung,RP,,27.0,3.0,0 ⅓,9,1,1,0,0,0,1,0,,Home,광주 기아 챔피언스 필드,18:30,30.0
이준영,2024,Kia,2024-08-06,vs. KT,RP,H,0.0,3.0,0 ⅓,9,0,0,1,0,1,0,0,,Home,광주 기아 챔피언스 필드,18:30,32.6
이준영,2024,Kia,2024-08-01,vs. Doosan,RP,,0.0,3.0,0 ⅓,8,0,0,1,0,0,0,0,,Home,광주 기아 챔피언스 필드,18:30,33.1
이준영,2024,Kia,2024-07-31,vs. Doosan,RP,,0.0,,0,15,4,3,3,2,0,0,0,,Home,광주 기아 챔피언스 필드,18:30,32.4
이준영,2024,Kia,2024-07-28,@ Kiwoom,RP,,0.0,1.5,0 ⅔,17,0,0,1,0,1,0,0,,Away,고척 스카이돔,14:00,25.5
이준영,2024,Kia,2024-07-26,@ Kiwoom,RP,,0.0,0.0,1,9,0,0,0,0,1,0,0,,Away,고척 스카이돔,18:30,25.5
이준영,2024,Kia,2024-07-25,vs. NC,RP,,27.0,6.0,0 ⅓,10,1,1,1,0,1,1,0,,Home,광주 기아 챔피언스 필드,18:30,31.7
이준영,2024,Kia,2024-07-21,@ Hanwha,RP,,0.0,1.5,0 ⅔,8,0,0,1,0,1,0,0,,Away,대전 한화생명 볼파크,17:00,32.4
이준영,2024,Kia,2024-07-19,@ Hanwha,RP,H,0.0,0.0,1,13,0,0,0,0,0,0,0,,Away,대전 한화생명 볼파크,18:30,29.0
이준영,2024,Kia,2024-07-18,vs. Samsung,RP,W,0.0,0.0,1,14,0,0,0,0,1,0,0,,Home,광주 기아 챔피언스 필드,18:30,29.2
이준영,2024,Kia,2024-07-14,vs. SSG,RP,,27.0,9.0,0 ⅓,16,1,1,1,0,0,2,0,,Home,광주 기아 챔피언스 필드,17:00,29.5
이준영,2024,Kia,2024-07-13,vs. SSG,RP,,0.0,1.0,1,5,0,0,1,0,0,0,0,,Home,광주 기아 챔피언스 필드,18:00,29.3
이준영,2024,Kia,2024-06-13,@ SSG,RP,,13.5,6.0,0 ⅔,19,1,1,1,0,0,3,0,,Away,인천 SSG 랜더스필드,18:30,26.5
이준영,2024,Kia,2024-06-07,@ Doosan,RP,,0.0,,0,4,0,0,0,0,0,0,1,,Away,잠실 야구장,18:30,26.4
이준영,2024,Kia,2024-06-05,vs. Lotte,RP,,0.0,0.0,0 ⅔,11,0,0,0,0,1,0,0,,Home,광주 기아 챔피언스 필드,18:30,25.6
이준영,2024,Kia,2024-06-04,vs. Lotte,RP,,0.0,0.6,1 ⅔,22,0,0,1,0,2,0,0,,Home,광주 기아 챔피언스 필드,18:30,25.3
이준영,2024,Kia,2024-06-02,vs. KT,RP,,0.0,2.0,1,22,0,0,2,0,1,0,0,,Home,광주 기아 챔피언스 필드,17:00,22.9
이준영,2024,Kia,2024-05-29,@ NC,RP,,0.0,,0,6,0,0,1,0,0,0,0,,Away,창원 NC 파크,18:30,23.2
이준영,2024,Kia,2024-05-28,@ NC,RP,,0.0,0.0,0 ⅓,4,0,0,0,0,1,0,0,,Away,창원 NC 파크,18:30,22.1
이준영,2024,Kia,2024-05-23,@ Lotte,RP,,18.0,2.0,1,16,2,2,2,1,0,0,0,,Away,사직 야구장,18:30,22.8
이준영,2024,Kia,2024-05-22,@ Lotte,RP,,27.0,9.0,0 ⅓,17,1,1,2,0,0,1,0,,Away,사직 야구장,18:30,19.8
이준영,2024,Kia,2024-05-17,@ NC,RP,H,0.0,1.0,1,13,0,0,0,0,0,1,0,,Away,창원 NC 파크,18:30,20.9
이준영,2024,Kia,2024-05-16,vs. Doosan,RP,,0.0,0.0,1,15,0,0,0,0,1,0,0,,Home,광주 기아 챔피언스 필드,18:30,18.9
이준영,2024,Kia,2024-05-14,vs. Doosan,RP,,0.0,1.0,1,7,0,0,1,0,0,0,0,,Home,광주 기아 챔피언스 필드,18:30,23.6
이준영,2024,Kia,2024-05-12,vs. SSG,RP,H,0.0,3.0,0 ⅓,11,0,0,0,0,1,1,0,,Home,광주 기아 챔피언스 필드,14:00,22.6
이준영,2024,Kia,2024-05-08,@ Samsung,RP,,0.0,0.0,0 ⅔,12,0,0,0,0,0,0,0,,Away,대구 삼성 라이온즈 파크,18:30,14.3
이준영,2024,Kia,2024-05-02,vs. KT,RP,,0.0,,0,10,3,1,1,0,0,1,0,,Home,광주 기아 챔피언스 필드,18:30,21.0
이준영,2024,Kia,2024-04-30,vs. KT,RP,,0.0,2.0,1,20,0,0,2,0,0,0,0,,Home,광주 기아 챔피언스 필드,18:30,16.9
이준영,2024,Kia,2024-04-28,@ LG,RP,,0.0,,0,3,0,0,1,0,0,0,0,,Away,잠실 야구장,14:00,27.6
이준영,2024,Kia,2024-04-26,@ LG,RP,,0.0,3.0,0 ⅔,14,0,0,1,0,2,1,0,,Away,잠실 야구장,18:30,23.8
이준영,2024,Kia,2024-04-23,@ Kiwoom,RP,H,0.0,1.5,0 ⅔,10,0,0,1,0,0,0,0,,Away,고척 스카이돔,18:30,25.5
이준영,2024,Kia,2024-04-21,vs. NC,RP,,13.5,3.0,0 ⅔,11,1,1,1,0,0,1,0,,Home,광주 기아 챔피언스 필드,14:00,16.4
이준영,2024,Kia,2024-04-19,vs. NC,RP,,0.0,0.0,0 ⅓,5,0,0,0,0,0,0,0,,Home,광주 기아 챔피언스 필드,18:30,24.1
이준영,2024,Kia,2024-04-17,@ SSG,RP,,0.0,2.0,1,16,1,0,2,0,2,0,0,,Away,인천 SSG 랜더스필드,18:30,14.5
이준영,2024,Kia,2024-04-16,@ SSG,RP,,0.0,0.0,0 ⅔,10,0,0,0,0,1,0,0,,Away,인천 SSG 랜더스필드,18:30,11.5
이준영,2024,Kia,2024-04-14,@ Hanwha,RP,W,0.0,0.0,0 ⅓,6,0,0,0,0,1,0,0,,Away,대전 한화생명 볼파크,14:00,27.7
이준영,2024,Kia,2024-04-12,@ Hanwha,RP,H,0.0,0.0,0 ⅓,2,0,0,0,0,0,0,0,,Away,대전 한화생명 볼파크,18:30,23.3
이준영,2024,Kia,2024-04-10,vs. LG,RP,,0.0,0.0,0 ⅔,5,0,0,0,0,0,0,0,,Home,광주 기아 챔피언스 필드,18:30,19.9
이준영,2024,Kia,2024-04-09,vs. LG,RP,,0.0,0.0,0 ⅔,9,0,0,0,0,1,0,0,,Home,광주 기아 챔피언스 필드,18:30,17.6
이준영,2024,Kia,2024-04-06,vs. Samsung,RP,,0.0,0.0,0 ⅓,6,0,0,0,0,0,0,0,,Home,광주 기아 챔피언스 필드,17:00,19.2
이준영,2024,Kia,2024-04-05,vs. Samsung,RP,,0.0,0.0,0 ⅓,7,0,0,0,0,0,0,1,,Home,광주 기아 챔피언스 필드,18:30,16.5
이준영,2023,Kia,2023-10-12,vs. Lotte,RP,,27.0,3.0,0 ⅓,7,1,1,1,0,0,0,0,,Home,광주 기아 챔피언스 필드,18:30,20.4
이준영,2023,Kia,2023-10-10,vs. SSG,RP,,27.0,0.0,0 ⅓,2,1,1,0,0,0,0,1,,Home,광주 기아 챔피언스 필드,18:30,19.6
이준영,2023,Kia,2023-10-06,@ LG,RP,,0.0,0.0,0 ⅓,2,0,0,0,0,0,0,0,,Away,잠실 야구장,18:30,18.8
이준영,2023,Kia,2023-10-05,@ KT,RP,,0.0,0.0,0 ⅓,3,0,0,0,0,1,0,0,,Away,수원 KT 위즈파크,18:30,16.3
이준영,2023,Kia,2023-10-03,@ KT,RP,,0.0,0.0,0 ⅓,5,0,0,0,0,0,0,0,,Away,수원 KT 위즈파크,18:30,21.0
이준영,2023,Kia,2023-10-01,@ SSG,RP,,0.0,3.0,0 ⅓,15,0,0,0,0,0,1,0,,Away,인천 SSG 랜더스필드,14:00,22.2
이준영,2023,Kia,2023-09-30,@ SSG,RP,,0.0,0.0,0 ⅓,5,0,0,0,0,1,0,0,,Away,인천 SSG 랜더스필드,17:00,23.5
이준영,2023,Kia,2023-09-29,@ Kiwoom,RP,,0.0,0.0,1,12,0,0,0,0,1,0,0,,Away,고척 스카이돔,18:30,25.5
이준영,2023,Kia,2023-09-26,@ NC,RP,,0.0,0.0,0 ⅓,5,0,0,0,0,1,0,0,,Away,창원 NC 파크,18:30,25.7
이준영,2023,Kia,2023-09-24,vs. KT,RP,,0.0,0.0,0 ⅓,3,0,0,0,0,0,0,0,,Home,광주 기아 챔피언스 필드,14:00,26.7
이준영,2023,Kia,2023-09-12,@ Samsung,RP,,0.0,,0,3,0,0,0,0,0,0,1,,Away,대구 삼성 라이온즈 파크,18:30,28.7
이준영,2023,Kia,2023-09-09,vs. LG,RP,H,0.0,1.5,0 ⅔,7,0,0,1,0,0,0,0,,Home,광주 기아 챔피언스 필드,17:00,29.1
이준영,2023,Kia,2023-09-09,vs. LG,RP,,0.0,,0,12,2,2,0,0,0,2,0,,Home,광주 기아 챔피언스 필드,17:00,29.1
이준영,2023,Kia,2023-09-02,@ SSG,RP,,0.0,0.0,0 ⅔,3,0,0,0,0,0,0,0,,Away,인천 SSG 랜더스필드,17:00,28.6
이준영,2023,Kia,2023-08-27,vs. Hanwha,RP,,0.0,0.0,0 ⅔,9,0,0,0,0,1,0,0,,Home,광주 기아 챔피언스 필드,17:00,31.9
이준영,2023,Kia,2023-08-26,vs. Hanwha,RP,H,0.0,1.5,0 ⅔,7,0,0,0,0,0,1,0,,Home,광주 기아 챔피언스 필드,18:00,30.6
이준영,2023,Kia,2023-08-24,@ KT,RP,,0.0,0.0,0 ⅓,2,0,0,0,0,0,0,0,,Away,수원 KT 위즈파크,18:30,30.0
이준영,2023,Kia,2023-08-20,@ Samsung,RP,,13.5,3.0,0 ⅔,18,1,1,2,0,1,0,0,,Away,대구 삼성 라이온즈 파크,17:00,31.5
이준영,2023,Kia,2023-08-13,@ Lotte,RP,,0.0,3.0,0 ⅔,13,0,0,1,0,1,1,0,,Away,사직 야구장,17:00,29.6
이준영,2023,Kia,2023-08-06,vs. Hanwha,RP,,0.0,0.0,0 ⅔,9,0,0,0,0,0,0,0,,Home,광주 기아 챔피언스 필드,17:00,34.6
이준영,2023,Kia,2023-08-03,@ Samsung,RP,H,0.0,0.0,0 ⅔,12,0,0,0,0,0,0,0,,Away,대구 삼성 라이온즈 파크,18:30,32.2
이준영,2023,Kia,2023-08-02,@ Samsung,RP,,0.0,,0,10,1,1,2,0,0,1,0,,Away,대구 삼성 라이온즈 파크,18:30,31.8
이준영,2023,Kia,2023-08-01,@ Samsung,RP,,0.0,0.0,0 ⅓,9,0,0,0,0,1,0,0,,Away,대구 삼성 라이온즈 파크,18:30,30.7
이준영,2023,Kia,2023-07-29,vs. Lotte,RP,,0.0,0.0,0 ⅓,3,0,0,0,0,0,0,0,,Home,광주 기아 챔피언스 필드,18:00,34.2
이준영,2023,Kia,2023-07-28,vs. Lotte,RP,,0.0,0.0,0 ⅓,4,0,0,0,0,0,0,0,,Home,광주 기아 챔피언스 필드,18:30,32.2
이준영,2023,Kia,2023-07-25,@ NC,RP,,0.0,,0,16,3,3,1,0,0,2,0,,Away,창원 NC 파크,18:30,29.9
이준영,2023,Kia,2023-07-13,vs. Samsung,RP,,0.0,1.5,0 ⅔,7,0,0,1,0,0,0,0,,Home,광주 기아 챔피언스 필드,18:30,29.8
이준영,2023,Kia,2023-07-12,vs. Samsung,RP,H,0.0,1.5,0 ⅔,11,0,0,0,0,1,1,0,,Home,광주 기아 챔피언스 필드,18:30,30.3
이준영,2023,Kia,2023-07-08,@ KT,RP,,0.0,0.0,0 ⅔,9,0,0,0,0,2,0,0,,Away,수원 KT 위즈파크,18:00,29.5
이준영,2023,Kia,2023-07-06,@ SSG,RP,,0.0,3.0,0 ⅓,6,0,0,0,0,0,1,0,,Away,인천 SSG 랜더스필드,18:30,29.7
이준영,2023,Kia,2023-07-01,@ LG,RP,H,0.0,1.5,0 ⅔,13,0,0,1,0,0,0,0,,Away,잠실 야구장,18:00,31.6
이준영,2023,Kia,2023-06-30,@ LG,RP,,0.0,1.5,0 ⅔,9,0,0,1,0,0,0,0,,Away,잠실 야구장,18:30,29.9
이준영,2023,Kia,2023-06-28,vs. Kiwoom,RP,,27.0,3.0,0 ⅓,8,1,1,1,0,0,0,0,,Home,광주 기아 챔피언스 필드,18:30,27.9
이준영,2023,Kia,2023-06-22,@ Hanwha,RP,,0.0,4.5,0 ⅔,20,0,0,1,0,0,2,0,,Away,대전 한화생명 볼파크,18:30,26.5
이준영,2023,Kia,2023-06-20,@ Hanwha,RP,,0.0,0.0,1,14,0,0,0,0,1,0,0,,Away,대전 한화생명 볼파크,18:30,26.3
이준영,2023,Kia,2023-06-18,vs. NC,RP,,0.0,,0,3,0,0,0,0,0,0,0,,Home,광주 기아 챔피언스 필드,17:00,30.0
이준영,2023,Kia,2023-06-16,vs. NC,RP,,0.0,1.5,0 ⅔,17,0,0,1,0,1,0,0,,Home,광주 기아 챔피언스 필드,18:30,29.3
이준영,2023,Kia,2023-06-15,@ Kiwoom,RP,H,0.0,6.0,0 ⅓,17,0,0,0,0,0,2,0,,Away,고척 스카이돔,18:30,25.5
이준영,2023,Kia,2023-06-13,@ Kiwoom,RP,,0.0,0.0,0 ⅔,11,0,0,0,0,2,0,0,,Away,고척 스카이돔,18:30,25.5
이준영,2023,Kia,2023-06-11,@ Doosan,RP,,0.0,0.0,0 ⅓,6,0,0,0,0,1,0,0,,Away,잠실 야구장,17:00,27.0
이준영,2023,Kia,2023-06-09,@ Doosan,RP,W,0.0,0.0,0 ⅔,3,0,0,0,0,0,0,0,,Away,잠실 야구장,18:30,26.2
이준영,2023,Kia,2023-06-08,vs. SSG,RP,,0.0,0.0,0 ⅔,7,0,0,0,0,0,0,0,,Home,광주 기아 챔피언스 필드,18:30,25.8
이준영,2023,Kia,2023-06-06,vs. SSG,RP,,0.0,3.0,0 ⅓,15,0,0,1,0,0,0,0,,Home,광주 기아 챔피언스 필드,18:30,25.5
이준영,2023,Kia,2023-06-03,@ Lotte,RP,,0.0,1.5,0 ⅔,10,0,0,1,0,2,0,0,,Away,사직 야구장,17:00,22.6
이준영,2023,Kia,2023-05-31,vs. KT,RP,,0.0,0.0,1,14,0,0,0,0,2,0,0,,Home,광주 기아 챔피언스 필드,18:30,26.7
이준영,2023,Kia,2023-05-28,vs. LG,RP,,0.0,2.0,1,25,0,0,1,0,2,1,0,,Home,광주 기아 챔피언스 필드,14:00,24.6
이준영,2023,Kia,2023-05-25,@ Hanwha,RP,,0.0,3.0,0 ⅓,12,0,0,1,0,1,0,0,,Away,대전 한화생명 볼파크,18:30,24.4
이준영,2023,Kia,2023-05-20,vs. Kiwoom,RP,H,0.0,6.0,0 ⅓,13,0,0,1,0,0,1,0,,Home,광주 기아 챔피언스 필드,17:00,24.2
이준영,2023,Kia,2023-05-17,@ Samsung,RP,H,0.0,3.0,0 ⅓,8,0,0,0,0,0,1,0,,Away,대구 삼성 라이온즈 파크,18:30,23.3
이준영,2023,Kia,2023-05-14,@ Doosan,RP,,0.0,0.0,0 ⅓,5,0,0,0,0,0,0,0,,Away,잠실 야구장,14:00,23.8
이준영,2023,Kia,2023-05-11,vs. SSG,RP,,0.0,3.0,0 ⅓,9,0,0,1,0,1,0,0,,Home,광주 기아 챔피언스 필드,18:30,22.5
이준영,2023,Kia,2023-05-10,vs. SSG,RP,,0.0,0.0,0 ⅔,15,0,0,0,0,0,0,0,,Home,광주 기아 챔피언스 필드,18:30,24.0
이준영,2023,Kia,2023-05-03,vs. Lotte,RP,H,0.0,0.0,0 ⅓,5,0,0,0,0,1,0,0,,Home,광주 기아 챔피언스 필드,18:30,18.8
이준영,2023,Kia,2023-04-30,@ LG,RP,,0.0,0.0,1,14,0,0,0,0,2,0,0,,Away,잠실 야구장,14:00,16.9
이준영,2023,Kia,2023-04-28,@ LG,RP,,0.0,0.75,1 ⅓,21,0,0,1,0,2,0,0,,Away,잠실 야구장,18:30,17.8
이준영,2023,Kia,2023-04-27,vs. NC,RP,,0.0,0.0,1,6,0,0,0,0,0,0,0,,Home,광주 기아 챔피언스 필드,18:30,20.7
이준영,2023,Kia,2023-04-22,vs. Samsung,RP,,9.0,3.0,1,22,1,1,1,0,0,2,0,,Home,광주 기아 챔피언스 필드,17:00,21.2
이준영,2023,Kia,2023-04-20,@ Lotte,RP,,0.0,2.0,1,12,0,0,0,0,0,2,0,,Away,사직 야구장,18:30,19.8
이준영,2023,Kia,2023-04-16,@ Kiwoom,RP,,0.0,0.0,0 ⅔,4,0,0,0,0,0,0,0,,Away,고척 스카이돔,14:00,25.5
이준영,2023,Kia,2023-04-13,vs. Hanwha,RP,,27.0,9.0,0 ⅓,16,1,1,2,0,0,1,0,,Home,광주 기아 챔피언스 필드,18:30,22.0
이준영,2023,Kia,2023-04-11,vs. Hanwha,RP,,0.0,0.0,0 ⅓,6,0,0,0,0,0,0,0,,Home,광주 기아 챔피언스 필드,18:30,16.9
이준영,2023,Kia,2023-04-09,vs. Doosan,RP,,0.0,1.5,0 ⅔,14,0,0,1,0,0,0,0,,Home,광주 기아 챔피언스 필드,14:00,18.1
이준영,2023,Kia,2023-04-08,vs. Doosan,RP,H,0.0,0.0,0 ⅓,2,0,0,0,0,0,0,0,,Home,광주 기아 챔피언스 필드,17:00,14.6
이준영,2023,Kia,2023-04-02,@ SSG,RP,,0.0,3.0,0 ⅔,15,0,0,1,0,1,1,0,,Away,인천 SSG 랜더스필드,14:00,22.7
이준영,2022,Kia,2022-10-07,vs. KT,RP,,0.0,0.0,0 ⅓,3,0,0,0,0,1,0,0,,Home,광주 기아 챔피언스 필드,18:30,16.6
이준영,2022,Kia,2022-10-06,vs. LG,RP,,13.5,3.0,0 ⅔,16,1,1,2,1,1,0,0,,Home,광주 기아 챔피언스 필드,18:30,17.5
이준영,2022,Kia,2022-10-04,@ LG,RP,,0.0,3.0,0 ⅓,8,0,0,1,0,0,0,0,,Away,잠실 야구장,18:30,17.4
이준영,2022,Kia,2022-10-02,@ Hanwha,RP,,0.0,3.0,1,22,0,0,1,0,1,2,0,,Away,대전 한화생명 볼파크,14:00,26.6
이준영,2022,Kia,2022-09-29,vs. Lotte,RP,H,27.0,3.0,0 ⅓,5,1,1,1,0,0,0,0,,Home,광주 기아 챔피언스 필드,18:30,23.3
이준영,2022,Kia,2022-09-25,@ Samsung,RP,,27.0,6.0,0 ⅓,14,1,1,2,1,0,0,0,,Away,대구 삼성 라이온즈 파크,14:00,22.8
이준영,2022,Kia,2022-09-24,@ NC,RP,H,0.0,0.0,1 ⅓,13,0,0,0,0,3,0,0,,Away,창원 NC 파크,17:00,21.4
이준영,2022,Kia,2022-09-22,@ NC,RP,H,0.0,3.0,0 ⅓,6,0,0,1,0,1,0,0,,Away,창원 NC 파크,18:30,23.0
이준영,2022,Kia,2022-09-18,@ Samsung,RP,,40.5,4.5,0 ⅔,24,3,3,2,0,1,1,0,,Away,대구 삼성 라이온즈 파크,14:00,30.9
이준영,2022,Kia,2022-09-16,vs. Hanwha,RP,,0.0,3.0,0 ⅓,8,0,0,1,0,0,0,0,,Home,광주 기아 챔피언스 필드,18:30,29.0
이준영,2022,Kia,2022-09-15,vs. Hanwha,RP,,0.0,3.0,0 ⅓,1,0,0,0,0,0,1,0,,Home,광주 기아 챔피언스 필드,18:30,28.9
이준영,2022,Kia,2022-09-14,vs. Kiwoom,RP,,0.0,0.0,1,16,0,0,0,0,0,0,0,,Home,광주 기아 챔피언스 필드,18:30,28.7
이준영,2022,Kia,2022-09-11,@ Doosan,RP,,27.0,6.0,0 ⅓,14,1,1,2,0,0,0,0,,Away,잠실 야구장,14:00,26.4
이준영,2022,Kia,2022-09-08,@ SSG,RP,H,0.0,3.0,0 ⅔,12,0,0,2,0,2,0,0,,Away,인천 SSG 랜더스필드,18:30,25.7
이준영,2022,Kia,2022-09-06,@ Lotte,RP,L,0.0,,0,7,3,2,2,0,0,0,0,,Away,사직 야구장,18:30,26.9
이준영,2022,Kia,2022-09-03,vs. KT,RP,,0.0,0.0,0 ⅔,9,0,0,0,0,2,0,0,,Home,광주 기아 챔피언스 필드,17:00,28.5
이준영,2022,Kia,2022-09-02,vs. Samsung,RP,H,0.0,0.0,1 ⅓,10,0,0,0,0,0,0,0,,Home,광주 기아 챔피언스 필드,18:30,26.9
이준영,2022,Kia,2022-08-31,@ Hanwha,RP,H,0.0,0.0,1,14,0,0,0,0,2,0,0,,Away,대전 한화생명 볼파크,18:30,24.3
이준영,2022,Kia,2022-08-28,vs. Doosan,RP,,0.0,0.0,0 ⅓,7,0,0,0,0,0,0,0,,Home,광주 기아 챔피언스 필드,17:00,26.5
이준영,2022,Kia,2022-08-27,vs. Doosan,RP,,0.0,0.6,1 ⅔,19,0,0,1,0,2,0,0,,Home,광주 기아 챔피언스 필드,18:00,24.4
이준영,2022,Kia,2022-08-25,@ LG,RP,H,0.0,1.5,0 ⅔,13,0,0,1,0,1,0,0,,Away,잠실 야구장,18:30,24.3
이준영,2022,Kia,2022-08-24,@ Kiwoom,RP,,9.0,3.0,1,25,1,1,1,0,1,2,0,,Away,고척 스카이돔,18:30,25.5
이준영,2022,Kia,2022-08-20,@ KT,RP,SV,0.0,0.0,2,19,0,0,0,0,2,0,0,,Away,수원 KT 위즈파크,18:00,30.4
이준영,2022,Kia,2022-08-18,vs. NC,RP,,0.0,2.0,1,20,0,0,1,0,1,1,0,,Home,광주 기아 챔피언스 필드,18:30,30.6
이준영,2022,Kia,2022-08-17,vs. SSG,RP,H,0.0,1.5,0 ⅔,12,0,0,0,0,0,1,0,,Home,광주 기아 챔피언스 필드,18:30,30.3
이준영,2022,Kia,2022-08-14,vs. Lotte,RP,,0.0,,0,2,0,0,0,0,0,1,0,,Home,광주 기아 챔피언스 필드,17:00,33.7
이준영,2022,Kia,2022-08-13,vs. Lotte,RP,,0.0,3.0,1,19,0,0,3,0,0,0,0,,Home,광주 기아 챔피언스 필드,18:00,32.3
이준영,2022,Kia,2022-08-10,@ Samsung,RP,,0.0,0.0,0 ⅔,9,0,0,0,0,1,0,0,,Away,대구 삼성 라이온즈 파크,18:30,30.1
이준영,2022,Kia,2022-08-06,vs. Doosan,RP,H,0.0,1.0,1,14,0,0,1,0,1,0,0,,Home,광주 기아 챔피언스 필드,18:00,34.9
이준영,2022,Kia,2022-08-05,vs. Doosan,RP,,0.0,0.0,1,8,0,0,0,0,1,0,0,,Home,광주 기아 챔피언스 필드,18:30,33.3
이준영,2022,Kia,2022-08-03,@ Hanwha,RP,,0.0,1.5,0 ⅔,19,0,0,1,0,1,0,0,,Away,대전 한화생명 볼파크,18:30,32.4
이준영,2022,Kia,2022-08-02,@ Hanwha,RP,,0.0,0.0,1,7,0,0,0,0,1,0,0,,Away,대전 한화생명 볼파크,18:30,30.6
이준영,2022,Kia,2022-07-31,vs. SSG,RP,,0.0,3.0,0 ⅓,10,0,0,0,0,0,1,0,,Home,광주 기아 챔피언스 필드,17:00,30.4
이준영,2022,Kia,2022-07-29,vs. SSG,RP,,0.0,0.0,0 ⅓,4,0,0,0,0,1,0,0,,Home,광주 기아 챔피언스 필드,18:30,33.9
이준영,2022,Kia,2022-07-28,vs. NC,RP,,0.0,0.0,0 ⅔,8,0,0,0,0,0,0,0,,Home,광주 기아 챔피언스 필드,18:30,32.2
이준영,2022,Kia,2022-07-27,vs. NC,RP,,0.0,0.0,1,10,0,0,0,0,1,0,0,,Home,광주 기아 챔피언스 필드,18:30,30.6
이준영,2022,Kia,2022-07-24,@ Lotte,RP,,0.0,0.0,1,10,0,0,0,0,2,0,0,,Away,사직 야구장,17:00,28.3
이준영,2022,Kia,2022-07-12,@ LG,RP,,0.0,3.0,0 ⅓,11,0,0,0,0,0,1,0,,Away,잠실 야구장,18:30,30.5
이준영,2022,Kia,2022-07-09,vs. Hanwha,RP,,0.0,,0,9,0,0,1,0,0,0,0,,Home,광주 기아 챔피언스 필드,18:00,31.7
이준영,2022,Kia,2022-07-01,@ SSG,RP,,0.0,6.0,0 ⅓,12,0,0,0,0,0,2,0,,Away,인천 SSG 랜더스필드,18:30,28.8
이준영,2022,Kia,2022-06-30,@ Kiwoom,RP,,0.0,3.0,0 ⅓,10,0,0,0,0,0,1,0,,Away,고척 스카이돔,18:30,25.5
이준영,2022,Kia,2022-06-26,@ Doosan,RP,,0.0,0.0,0 ⅓,3,0,0,0,0,0,0,0,,Away,잠실 야구장,17:00,29.8
이준영,2022,Kia,2022-06-25,@ Doosan,RP,W,13.5,3.0,0 ⅔,18,1,1,1,0,0,1,0,,Away,잠실 야구장,17:00,31.2
이준영,2022,Kia,2022-06-23,vs. Lotte,RP,,0.0,0.0,0 ⅓,2,0,0,0,0,0,0,0,,Home,광주 기아 챔피언스 필드,18:30,29.7
이준영,2022,Kia,2022-06-22,vs. Lotte,RP,,0.0,3.0,0 ⅓,10,0,0,0,0,0,1,0,,Home,광주 기아 챔피언스 필드,18:30,32.2
이준영,2022,Kia,2022-06-21,vs. Lotte,RP,,0.0,0.0,0 ⅓,2,0,0,0,0,0,0,0,,Home,광주 기아 챔피언스 필드,18:30,30.9
이준영,2022,Kia,2022-06-09,vs. LG,RP,,0.0,0.0,0 ⅓,4,0,0,0,0,0,0,0,,Home,광주 기아 챔피언스 필드,18:30,25.5
이준영,2022,Kia,2022-06-04,@ KT,RP,,0.0,,0,6,0,0,0,0,0,1,0,,Away,수원 KT 위즈파크,17:00,27.0
이준영,2022,Kia,2022-06-01,@ Doosan,RP,H,0.0,3.0,0 ⅓,5,0,0,1,0,1,0,0,,Away,잠실 야구장,18:30,24.2
이준영,2022,Kia,2022-05-31,@ Doosan,RP,H,0.0,1.0,1,21,0,0,1,0,0,0,0,,Away,잠실 야구장,18:30,24.0
이준영,2022,Kia,2022-05-29,vs. SSG,RP,,13.5,1.5,0 ⅔,12,1,1,0,0,1,1,0,,Home,광주 기아 챔피언스 필드,14:00,29.3
이준영,2022,Kia,2022-05-27,vs. SSG,RP,,27.0,3.0,0 ⅓,7,1,1,0,0,0,1,0,,Home,광주 기아 챔피언스 필드,18:30,25.7
이준영,2022,Kia,2022-05-26,@ Samsung,RP,H,0.0,0.0,0 ⅔,8,0,0,0,0,1,0,0,,Away,대구 삼성 라이온즈 파크,18:30,20.9
이준영,2022,Kia,2022-05-24,@ Samsung,RP,,0.0,,0,2,0,0,1,0,0,0,0,,Away,대구 삼성 라이온즈 파크,18:30,24.1
이준영,2022,Kia,2022-05-22,vs. NC,RP,,0.0,1.0,1,14,0,0,1,0,1,0,0,,Home,광주 기아 챔피언스 필드,14:00,28.5
이준영,2022,Kia,2022-05-20,vs. NC,RP,H,0.0,0.0,0 ⅓,5,0,0,0,0,0,0,0,,Home,광주 기아 챔피언스 필드,18:30,24.3
이준영,2022,Kia,2022-05-18,@ Lotte,RP,,0.0,0.0,0 ⅓,7,0,0,0,0,0,0,0,,Away,사직 야구장,18:30,20.6
이준영,2022,Kia,2022-05-15,@ LG,RP,,0.0,1.5,0 ⅔,11,1,0,1,0,0,0,0,,Away,잠실 야구장,14:00,22.2
이준영,2022,Kia,2022-05-13,@ LG,RP,,0.0,1.0,1,16,0,0,1,0,1,0,0,,Away,잠실 야구장,18:30,21.6
이준영,2022,Kia,2022-05-11,vs. KT,RP,,0.0,2.0,1,12,0,0,2,0,1,0,0,,Home,광주 기아 챔피언스 필드,18:30,23.5
이준영,2022,Kia,2022-05-06,@ Hanwha,RP,,0.0,1.0,1,17,0,0,0,0,1,1,0,,Away,대전 한화생명 볼파크,18:30,24.3
이준영,2022,Kia,2022-05-04,vs. Kiwoom,RP,,0.0,,0,2,0,0,1,0,0,0,0,,Home,광주 기아 챔피언스 필드,18:30,22.6
이준영,2022,Kia,2022-05-01,vs. Samsung,RP,,0.0,0.0,0 ⅓,1,0,0,0,0,0,0,0,,Home,광주 기아 챔피언스 필드,14:00,18.3
이준영,2022,Kia,2022-04-30,vs. Samsung,RP,,0.0,1.0,1,14,0,0,1,0,1,0,0,,Home,광주 기아 챔피언스 필드,17:00,16.1
이준영,2022,Kia,2022-04-23,@ Kiwoom,RP,,0.0,3.0,0 ⅓,9,0,0,0,0,0,1,0,,Away,고척 스카이돔,17:00,25.5
이준영,2022,Kia,2022-04-22,@ Kiwoom,RP,H,0.0,0.0,0 ⅓,5,0,0,0,0,0,0,0,,Away,고척 스카이돔,18:30,25.5
이준영,2022,Kia,2022-04-19,vs. Doosan,RP,,0.0,,0,16,1,1,1,0,0,2,0,,Home,광주 기아 챔피언스 필드,18:30,20.2
이준영,2022,Kia,2022-04-17,@ NC,RP,H,0.0,6.0,0 ⅓,16,0,0,0,0,0,2,0,,Away,창원 NC 파크,14:00,21.5
이준영,2022,Kia,2022-04-14,vs. Lotte,RP,,0.0,0.0,0 ⅓,6,0,0,0,0,0,0,0,,Home,광주 기아 챔피언스 필드,18:30,18.4
이준영,2022,Kia,2022-04-10,@ SSG,RP,,9.0,1.0,1,14,1,1,1,1,1,0,0,,Away,인천 SSG 랜더스필드,14:00,21.0
이준영,2022,Kia,2022-04-08,@ SSG,RP,,0.0,1.0,1,14,0,0,1,0,1,0,0,,Away,인천 SSG 랜더스필드,18:30,15.1
이준영,2022,Kia,2022-04-06,vs. Hanwha,RP,H,0.0,0.0,0 ⅓,3,0,0,0,0,0,0,0,,Home,광주 기아 챔피언스 필드,18:30,18.1
이준영,2022,Kia,2022-04-05,vs. Hanwha,RP,H,0.0,0.0,0 ⅓,1,0,0,0,0,0,0,0,,Home,광주 기아 챔피언스 필드,18:30,15.2
이준영,2022,Kia,2022-04-03,vs. LG,RP,,0.0,0.0,1 ⅓,19,0,0,0,0,1,0,0,,Home,광주 기아 챔피언스 필드,14:00,16.9
이준영,2022,Kia,2022-04-02,vs. LG,RP,,0.0,1.0,1,16,0,0,0,0,1,1,0,,Home,광주 기아 챔피언스 필드,14:00,16.2
이준영,2021,Kia,2021-10-30,vs. Kiwoom,RP,,0.0,0.0,1 ⅔,17,0,0,0,0,1,0,0,,Home,광주 기아 챔피언스 필드,17:00,17.0
이준영,2021,Kia,2021-10-23,@ NC,RP,H,0.0,6.0,0 ⅓,10,0,0,2,0,0,0,0,,Away,창원 NC 파크,17:00,16.9
이준영,2021,Kia,2021-10-21,vs. Hanwha,SP,L,21.6,4.2,1 ⅔,51,4,4,2,0,1,5,0,31.0,Home,광주 기아 챔피언스 필드,18:30,13.5
이준영,2021,Kia,2021-10-19,vs. SSG,RP,W,0.0,0.0,1,10,0,0,0,0,0,0,0,,Home,광주 기아 챔피언스 필드,18:30,13.9
이준영,2021,Kia,2021-10-17,@ Doosan,RP,H,0.0,0.0,1,12,0,0,0,0,1,0,0,,Away,잠실 야구장,14:00,8.1
이준영,2021,Kia,2021-10-16,@ Doosan,RP,H,0.0,0.0,1,18,0,0,0,0,0,0,0,,Away,잠실 야구장,17:00,5.9
이준영,2021,Kia,2021-10-13,vs. Samsung,RP,,0.0,0.0,1 ⅓,17,0,0,0,0,2,0,0,,Home,광주 기아 챔피언스 필드,18:30,21.9
이준영,2021,Kia,2021-10-10,@ Hanwha,RP,W,0.0,1.0,1,16,0,0,1,0,0,0,0,,Away,대전 한화생명 볼파크,14:00,28.2
이준영,2021,Kia,2021-10-09,@ Hanwha,RP,H,0.0,0.0,1,9,0,0,0,0,1,0,0,,Away,대전 한화생명 볼파크,17:00,26.7
이준영,2021,Kia,2021-10-03,vs. Hanwha,RP,,0.0,0.0,1,16,0,0,0,0,1,0,0,,Home,광주 기아 챔피언스 필드,14:00,29.3
이준영,2021,Kia,2021-09-30,vs. Kiwoom,RP,,0.0,0.0,0 ⅔,7,0,0,0,0,0,0,0,,Home,광주 기아 챔피언스 필드,18:30,26.5
이준영,2021,Kia,2021-09-28,@ NC,RP,,0.0,0.0,1,13,0,0,0,0,3,0,0,,Away,창원 NC 파크,18:30,24.6
이준영,2021,Kia,2021-09-26,vs. SSG,RP,,0.0,,0,12,1,0,1,0,0,0,0,,Home,광주 기아 챔피언스 필드,14:00,26.5
이준영,2021,Kia,2021-09-24,vs. Doosan,RP,,9.0,2.0,1,13,1,1,1,0,0,1,0,,Home,광주 기아 챔피언스 필드,18:30,24.4
이준영,2021,Kia,2021-09-23,vs. Doosan,RP,,0.0,3.0,0 ⅓,10,1,0,1,0,0,0,0,,Home,광주 기아 챔피언스 필드,18:30,23.2
이준영,2021,Kia,2021-09-22,vs. KT,RP,,0.0,1.0,1,13,0,0,0,0,0,1,0,,Home,광주 기아 챔피언스 필드,18:30,26.5
이준영,2021,Kia,2021-09-18,@ LG,RP,,3.86,0.86,2 ⅓,36,2,1,2,1,2,0,0,,Away,잠실 야구장,17:00,27.2
이준영,2021,Kia,2021-09-17,@ Samsung,RP,,0.0,1.5,0 ⅔,14,0,0,1,0,1,0,0,,Away,대구 삼성 라이온즈 파크,18:30,21.8
이준영,2021,Kia,2021-09-10,@ Kiwoom,RP,,0.0,3.0,0 ⅔,15,0,0,1,0,1,1,0,,Away,고척 스카이돔,18:30,25.5
이준영,2021,Kia,2021-09-09,@ Kiwoom,RP,H,0.0,1.0,1,17,0,0,1,0,1,0,0,,Away,고척 스카이돔,18:30,25.5
이준영,2021,Kia,2021-09-04,@ Hanwha,RP,,0.0,2.0,1,29,0,0,1,0,2,1,0,,Away,대전 한화생명 볼파크,17:00,27.1
이준영,2021,Kia,2021-09-03,vs. Samsung,RP,,13.5,3.0,0 ⅔,15,1,1,2,0,0,0,0,,Home,광주 기아 챔피언스 필드,18:30,27.6
이준영,2021,Kia,2021-09-01,@ Doosan,RP,,0.0,1.0,1,13,0,0,1,0,0,0,0,,Away,잠실 야구장,18:30,25.1
이준영,2021,Kia,2021-08-29,@ SSG,RP,,0.0,0.0,1,7,0,0,0,0,1,0,0,,Away,인천 SSG 랜더스필드,17:00,26.0
이준영,2021,Kia,2021-08-28,@ SSG,RP,,0.0,0.0,1,16,0,0,0,0,2,0,0,,Away,인천 SSG 랜더스필드,18:00,26.0
이준영,2021,Kia,2021-08-24,vs. Kiwoom,RP,,13.5,1.5,0 ⅔,12,1,1,1,0,0,0,0,,Home,광주 기아 챔피언스 필드,18:30,29.5
이준영,2021,Kia,2021-08-22,vs. Kiwoom,RP,,0.0,,0,11,3,3,1,0,0,2,0,,Home,광주 기아 챔피언스 필드,17:00,29.4
이준영,2021,Kia,2021-08-20,vs. Kiwoom,RP,W,0.0,0.0,1,16,0,0,0,0,0,0,0,,Home,광주 기아 챔피언스 필드,18:30,28.3
이준영,2021,Kia,2021-08-15,@ SSG,RP,,0.0,0.0,1,12,0,0,0,0,2,0,0,,Away,인천 SSG 랜더스필드,17:00,29.5
이준영,2021,Kia,2021-08-13,@ SSG,RP,,0.0,1.0,1,21,0,0,1,0,0,0,0,,Away,인천 SSG 랜더스필드,18:30,28.3
이준영,2021,Kia,2021-05-21,@ Samsung,RP,,0.0,3.0,0 ⅓,10,0,0,1,0,0,0,0,,Away,대구 삼성 라이온즈 파크,18:30,20.1
이준영,2021,Kia,2021-05-19,vs. SSG,RP,,0.0,,0,4,0,0,0,0,0,1,0,,Home,광주 기아 챔피언스 필드,18:30,25.0
이준영,2021,Kia,2021-05-14,@ NC,RP,L,0.0,,0,1,1,1,1,0,0,0,0,,Away,창원 NC 파크,18:30,19.7
이준영,2021,Kia,2021-05-13,vs. LG,RP,,13.5,3.0,0 ⅔,12,1,1,1,0,0,1,0,,Home,광주 기아 챔피언스 필드,18:30,26.9
이준영,2021,Kia,2021-05-11,vs. LG,RP,,0.0,0.0,0 ⅓,5,0,0,0,0,0,0,0,,Home,광주 기아 챔피언스 필드,18:30,20.7
이준영,2021,Kia,2021-05-09,vs. Doosan,RP,,0.0,,0,5,2,2,2,0,0,0,0,,Home,광주 기아 챔피언스 필드,14:00,23.6
이준영,2021,Kia,2021-05-09,vs. Doosan,RP,,0.0,0.0,0 ⅓,2,0,0,0,0,0,0,0,,Home,광주 기아 챔피언스 필드,14:00,23.6
이준영,2021,Kia,2021-05-01,@ KT,RP,,0.0,,0,5,0,0,1,0,0,0,0,,Away,수원 KT 위즈파크,17:00,10.5
이준영,2021,Kia,2021-04-29,vs. Hanwha,RP,,0.0,0.0,1,10,0,0,0,0,0,0,0,,Home,광주 기아 챔피언스 필드,18:30,20.6
이준영,2021,Kia,2021-04-27,vs. Hanwha,RP,H,0.0,1.5,0 ⅔,16,0,0,0,0,1,1,0,,Home,광주 기아 챔피언스 필드,18:30,19.2
이준영,2021,Kia,2021-04-23,vs. Samsung,RP,H,0.0,0.0,0 ⅔,8,0,0,0,0,1,0,0,,Home,광주 기아 챔피언스 필드,18:30,23.4
이준영,2021,Kia,2021-04-21,@ LG,RP,,54.0,3.0,0 ⅓,14,2,2,1,1,1,0,0,,Away,잠실 야구장,18:30,26.1
이준영,2021,Kia,2021-04-20,@ LG,RP,,0.0,,0,18,2,2,1,1,0,2,0,,Away,잠실 야구장,18:30,18.3
이준영,2021,Kia,2021-04-17,@ SSG,RP,,0.0,3.0,0 ⅓,5,0,0,1,0,0,0,0,,Away,인천 SSG 랜더스필드,17:00,12.0
이준영,2021,Kia,2021-04-16,@ SSG,RP,H,0.0,0.0,0 ⅓,1,0,0,0,0,0,0,0,,Away,인천 SSG 랜더스필드,18:30,11.4
이준영,2021,Kia,2021-04-11,vs. NC,RP,,27.0,3.0,0 ⅔,14,2,2,1,0,0,1,0,,Home,광주 기아 챔피언스 필드,14:00,21.6
이준영,2021,Kia,2021-04-08,@ Kiwoom,RP,SV,0.0,0.0,0 ⅔,8,0,0,0,0,0,0,0,,Away,고척 스카이돔,18:30,25.5
이준영,2021,Kia,2021-04-07,@ Kiwoom,RP,H,0.0,3.0,0 ⅓,11,0,0,0,0,0,1,0,,Away,고척 스카이돔,18:30,25.5
이준영,2021,Kia,2021-04-06,@ Kiwoom,RP,,0.0,0.0,1,10,0,0,0,0,1,0,0,,Away,고척 스카이돔,18:30,25.5
이준영,2021,Kia,2021-04-04,@ Doosan,RP,,0.0,,0,8,1,1,0,0,0,1,0,,Away,잠실 야구장,14:00,15.4
이준영,2020,Kia,2020-10-31,vs. NC,RP,H,0.0,3.0,0 ⅓,9,0,0,1,0,0,0,0,,Home,광주 기아 챔피언스 필드,17:00,18.1
이준영,2020,Kia,2020-10-28,vs. KT,RP,H,0.0,0.0,0 ⅔,3,0,0,0,0,0,0,0,,Home,광주 기아 챔피언스 필드,18:30,16.2
이준영,2020,Kia,2020-10-24,vs. Samsung,RP,,0.0,1.0,1,19,0,0,0,0,1,1,0,,Home,광주 기아 챔피언스 필드,17:00,12.9
이준영,2020,Kia,2020-10-23,vs. LG,RP,,0.0,3.0,0 ⅓,10,0,0,0,0,0,1,0,,Home,광주 기아 챔피언스 필드,18:30,11.5
이준영,2020,Kia,2020-10-22,@ Hanwha,RP,,0.0,,0,9,0,0,1,0,0,1,0,,Away,대전 한화생명 볼파크,18:30,14.5
이준영,2020,Kia,2020-10-15,@ NC,RP,,27.0,3.0,0 ⅔,14,2,2,2,0,1,0,0,,Away,창원 NC 파크,18:30,17.2
이준영,2020,Kia,2020-10-13,@ NC,RP,,0.0,0.0,1,11,0,0,0,0,0,0,0,,Away,창원 NC 파크,18:30,18.6
이준영,2020,Kia,2020-10-11,vs. SK,RP,,13.5,1.5,0 ⅔,12,1,1,0,0,1,1,0,,Home,광주 기아 챔피언스 필드,14:00,22.0
이준영,2020,Kia,2020-10-10,vs. SK,RP,,0.0,0.0,1,12,0,0,0,0,0,0,0,,Home,광주 기아 챔피언스 필드,17:00,22.1
이준영,2020,Kia,2020-10-08,vs. Hanwha,RP,,0.0,,0,3,1,1,1,0,0,0,0,,Home,광주 기아 챔피언스 필드,18:30,20.5
이준영,2020,Kia,2020-10-07,vs. Hanwha,RP,,0.0,,0,7,0,0,1,0,0,0,0,,Home,광주 기아 챔피언스 필드,18:30,20.8
이준영,2020,Kia,2020-10-06,vs. Hanwha,RP,,0.0,0.0,0 ⅓,6,0,0,0,0,1,0,0,,Home,광주 기아 챔피언스 필드,18:30,17.8
이준영,2020,Kia,2020-10-04,@ Doosan,RP,,0.0,2.0,1,20,0,0,1,0,0,1,0,,Away,잠실 야구장,14:00,21.3
이준영,2020,Kia,2020-10-01,@ Kiwoom,RP,H,0.0,1.5,0 ⅔,10,0,0,1,0,2,0,0,,Away,고척 스카이돔,18:30,25.5
이준영,2020,Kia,2020-09-30,@ Kiwoom,RP,H,0.0,0.0,0 ⅓,3,0,0,0,0,1,0,0,,Away,고척 스카이돔,18:30,25.5
이준영,2020,Kia,2020-09-29,@ Kiwoom,RP,,0.0,3.0,0 ⅔,24,0,0,1,0,1,1,0,,Away,고척 스카이돔,18:30,25.5
이준영,2020,Kia,2020-09-27,vs. Lotte,RP,,0.0,0.0,0 ⅓,7,0,0,0,0,1,0,0,,Home,광주 기아 챔피언스 필드,14:00,24.3
이준영,2020,Kia,2020-09-24,@ KT,RP,,0.0,,0,5,0,0,1,0,0,0,0,,Away,수원 KT 위즈파크,18:30,23.4
이준영,2020,Kia,2020-09-22,vs. Kiwoom,RP,,0.0,0.0,1,9,0,0,0,0,1,0,0,,Home,광주 기아 챔피언스 필드,18:30,21.2
이준영,2020,Kia,2020-09-20,vs. Hanwha,RP,L,27.0,3.0,0 ⅓,6,1,1,1,0,0,0,0,,Home,광주 기아 챔피언스 필드,14:00,24.0
이준영,2020,Kia,2020-09-18,@ Samsung,RP,,0.0,3.0,0 ⅓,10,0,0,1,0,1,0,0,,Away,대구 삼성 라이온즈 파크,18:30,21.9
이준영,2020,Kia,2020-09-16,vs. SK,RP,H,0.0,0.0,0 ⅓,1,0,0,0,0,0,0,0,,Home,광주 기아 챔피언스 필드,18:30,26.8
이준영,2020,Kia,2020-09-13,@ NC,RP,,0.0,,0,7,0,0,0,0,0,1,0,,Away,창원 NC 파크,14:00,23.0
이준영,2020,Kia,2020-09-12,@ NC,RP,,0.0,0.0,1,15,0,0,0,0,0,0,0,,Away,창원 NC 파크,17:00,24.0
이준영,2020,Kia,2020-09-10,vs. Doosan,RP,,0.0,1.0,1,12,0,0,1,0,1,0,0,,Home,광주 기아 챔피언스 필드,18:30,25.6
이준영,2020,Kia,2020-09-08,vs. LG,RP,,0.0,1.5,0 ⅔,12,0,0,1,0,0,0,0,,Home,광주 기아 챔피언스 필드,18:30,27.9
이준영,2020,Kia,2020-09-05,@ Hanwha,RP,H,0.0,1.0,1,24,0,0,1,0,3,0,0,,Away,대전 한화생명 볼파크,17:00,25.0
이준영,2020,Kia,2020-09-04,@ Lotte,RP,,0.0,,0,12,0,0,0,0,0,1,0,,Away,사직 야구장,18:30,26.7
이준영,2020,Kia,2020-08-30,vs. KT,RP,H,0.0,3.0,0 ⅓,9,0,0,1,0,1,0,0,,Home,광주 기아 챔피언스 필드,17:00,32.5
이준영,2020,Kia,2020-08-26,@ Doosan,RP,H,0.0,0.0,0 ⅓,1,0,0,0,0,0,0,0,,Away,잠실 야구장,18:30,32.7
이준영,2020,Kia,2020-08-25,@ Doosan,RP,,0.0,1.5,0 ⅔,20,0,0,1,0,0,0,0,,Away,잠실 야구장,18:30,32.3
이준영,2020,Kia,2020-08-23,@ Kiwoom,RP,H,0.0,0.0,0 ⅓,7,0,0,0,0,0,0,0,,Away,고척 스카이돔,14:00,25.5
이준영,2020,Kia,2020-08-22,@ Kiwoom,RP,H,0.0,0.0,0 ⅓,6,0,0,0,0,0,0,0,,Away,고척 스카이돔,18:00,25.5
이준영,2020,Kia,2020-08-18,@ LG,RP,H,0.0,0.0,0 ⅔,7,0,0,0,0,1,0,0,,Away,잠실 야구장,18:30,31.1
이준영,2020,Kia,2020-08-16,vs. SK,RP,H,0.0,0.0,0 ⅔,6,0,0,0,0,1,0,0,,Home,광주 기아 챔피언스 필드,17:00,33.6
이준영,2020,Kia,2020-08-14,vs. SK,RP,,0.0,0.0,0 ⅓,5,0,0,0,0,1,0,0,,Home,광주 기아 챔피언스 필드,18:30,33.0
이준영,2020,Kia,2020-08-13,@ LG,RP,,0.0,0.0,0 ⅓,1,0,0,0,0,0,0,0,,Away,잠실 야구장,18:30,31.5
이준영,2020,Kia,2020-08-11,@ LG,RP,,27.0,4.5,0 ⅔,27,2,2,3,0,0,0,0,,Away,잠실 야구장,18:30,28.5
이준영,2020,Kia,2020-08-09,vs. NC,RP,,0.0,2.0,1,21,0,0,1,0,1,1,0,,Home,광주 기아 챔피언스 필드,17:00,32.0
이준영,2020,Kia,2020-08-08,vs. NC,RP,,0.0,0.0,0 ⅔,10,0,0,0,0,0,0,0,,Home,광주 기아 챔피언스 필드,18:00,29.6
이준영,2020,Kia,2020-08-05,vs. LG,RP,,0.0,,0,2,0,0,1,0,0,0,0,,Home,광주 기아 챔피언스 필드,18:30,31.6
이준영,2020,Kia,2020-08-04,vs. LG,RP,,27.0,3.0,0 ⅔,17,2,2,1,1,2,1,0,,Home,광주 기아 챔피언스 필드,18:30,31.4
이준영,2020,Kia,2020-05-17,vs. Doosan,RP,,0.0,,0,1,0,0,1,0,0,0,0,,Home,광주 기아 챔피언스 필드,14:00,26.6
이준영,2020,Kia,2020-05-15,vs. Doosan,RP,,0.0,9.0,0 ⅓,19,0,0,2,0,0,1,0,,Home,광주 기아 챔피언스 필드,18:30,18.2
이준영,2020,Kia,2020-05-13,@ Hanwha,RP,H,0.0,0.0,0 ⅔,9,0,0,0,0,0,0,0,,Away,대전 한화생명 볼파크,18:30,20.6
이준영,2020,Kia,2020-05-09,@ Samsung,RP,,0.0,,0,21,4,4,2,0,0,2,0,,Away,대구 삼성 라이온즈 파크,17:00,17.2
이준영,2020,Kia,2020-05-07,vs. Kiwoom,RP,,0.0,3.0,0 ⅔,6,0,0,2,0,0,0,0,,Home,광주 기아 챔피언스 필드,18:30,22.5
이준영,2020,Kia,2020-05-06,vs. Kiwoom,RP,L,27.0,3.0,0 ⅓,5,1,1,1,0,0,0,0,,Home,광주 기아 챔피언스 필드,18:30,26.3
네일,2024,Kia,2024-08-24,@ NC,SP,W,0.0,1.4,5,63,0,0,4,0,1,3,0,57.0,Away,창원 NC 파크,18:00,32.8
네일,2024,Kia,2024-08-18,@ LG,SP,W,0.0,0.67,6,91,0,0,3,0,3,1,0,68.0,Away,잠실 야구장,17:00,32.5
네일,2024,Kia,2024-08-13,@ Kiwoom,SP,W,0.0,0.8,5,86,0,0,4,0,6,0,0,65.0,Away,고척 스카이돔,18:30,25.5
네일,2024,Kia,2024-08-07,vs. KT,SP,L,4.91,3.27,3 ⅔,94,8,2,12,1,2,0,0,19.0,Home,광주 기아 챔피언스 필드,18:30,32.4
네일,2024,Kia,2024-08-01,vs. Doosan,SP,L,0.0,1.33,6,99,1,0,5,0,5,3,0,62.0,Home,광주 기아 챔피언스 필드,18:30,33.1
네일,2024,Kia,2024-07-26,@ Kiwoom,SP,L,3.6,2.0,5,99,5,2,8,0,6,2,0,41.0,Away,고척 스카이돔,18:30,25.5
네일,2024,Kia,2024-07-20,@ Hanwha,SP,W,1.5,1.17,6,96,1,1,6,1,5,1,1,59.0,Away,대전 한화생명 볼파크,18:00,31.9
네일,2024,Kia,2024-07-14,vs. SSG,SP,,4.76,1.76,5 ⅔,105,3,3,7,0,3,3,1,42.0,Home,광주 기아 챔피언스 필드,17:00,29.5
네일,2024,Kia,2024-07-09,@ LG,SP,W,6.75,1.31,5 ⅓,79,4,4,6,1,4,1,0,43.0,Away,잠실 야구장,18:30,27.4
네일,2024,Kia,2024-07-02,@ Samsung,SP,,5.4,1.2,5,83,4,3,4,1,7,2,1,49.0,Away,대구 삼성 라이온즈 파크,18:30,27.0
네일,2024,Kia,2024-06-25,@ Lotte,SP,,7.2,2.6,5,104,9,4,11,1,4,2,0,21.0,Away,사직 야구장,18:30,24.2
네일,2024,Kia,2024-06-19,vs. LG,SP,,2.84,0.95,6 ⅓,95,2,2,5,1,6,1,0,60.0,Home,광주 기아 챔피언스 필드,18:30,29.7
네일,2024,Kia,2024-06-13,@ SSG,SP,L,7.5,1.67,6,97,5,5,9,1,9,1,0,42.0,Away,인천 SSG 랜더스필드,18:30,26.5
네일,2024,Kia,2024-06-07,@ Doosan,SP,,5.68,1.42,6 ⅓,99,5,4,8,2,2,1,1,39.0,Away,잠실 야구장,18:30,26.4
네일,2024,Kia,2024-06-01,vs. KT,SP,W,0.0,0.71,7,94,1,0,3,0,7,2,0,74.0,Home,광주 기아 챔피언스 필드,17:00,22.7
네일,2024,Kia,2024-05-26,vs. Doosan,SP,W,1.5,0.83,6,82,1,1,3,0,6,2,1,65.0,Home,광주 기아 챔피언스 필드,14:00,22.8
네일,2024,Kia,2024-05-21,@ Lotte,SP,,0.0,0.83,6,98,0,0,3,0,6,2,0,70.0,Away,사직 야구장,18:30,19.0
네일,2024,Kia,2024-05-15,vs. Doosan,SP,W,5.4,1.6,5,100,3,3,5,0,5,3,0,47.0,Home,광주 기아 챔피언스 필드,18:30,11.6
네일,2024,Kia,2024-05-09,@ Samsung,SP,,3.0,1.33,6,96,2,2,7,1,7,1,0,56.0,Away,대구 삼성 라이온즈 파크,18:30,18.9
네일,2024,Kia,2024-05-02,vs. KT,SP,L,0.0,1.42,6 ⅓,88,6,0,8,0,6,1,0,50.0,Home,광주 기아 챔피언스 필드,18:30,21.0
네일,2024,Kia,2024-04-26,@ LG,SP,,3.6,1.4,5,90,4,2,5,0,3,2,1,45.0,Away,잠실 야구장,18:30,23.8
네일,2024,Kia,2024-04-20,vs. NC,SP,W,1.29,0.71,7,84,1,1,4,0,5,1,1,68.0,Home,광주 기아 챔피언스 필드,17:00,17.9
네일,2024,Kia,2024-04-14,@ Hanwha,SP,,3.18,1.24,5 ⅔,104,2,2,7,0,7,0,1,53.0,Away,대전 한화생명 볼파크,14:00,27.7
네일,2024,Kia,2024-04-09,vs. LG,SP,W,0.0,1.0,7,94,0,0,7,0,7,0,0,70.0,Home,광주 기아 챔피언스 필드,18:30,17.6
네일,2024,Kia,2024-04-03,@ KT,SP,W,0.0,0.83,6,93,1,0,5,0,7,0,0,67.0,Away,수원 KT 위즈파크,18:30,16.1
네일,2024,Kia,2024-03-27,vs. Lotte,SP,W,1.5,0.83,6,85,1,1,5,1,9,0,1,66.0,Home,광주 기아 챔피언스 필드,18:30,13.6
박준표,2024,Kia,2024-09-28,@ Lotte,RP,,0.0,1.0,1,11,0,0,1,0,0,0,0,,Away,사직 야구장,17:00,26.8
박준표,2024,Kia,2024-09-24,vs. Samsung,RP,,9.0,2.0,1,13,1,1,1,0,1,1,0,,Home,광주 기아 챔피언스 필드,18:30,25.9
박준표,2024,Kia,2024-09-19,@ Doosan,RP,,0.0,0.0,1,11,0,0,0,0,1,0,0,,Away,잠실 야구장,18:30,32.6
박준표,2024,Kia,2024-09-04,vs. Hanwha,RP,,0.0,1.0,1,10,0,0,0,0,0,1,0,,Home,광주 기아 챔피언스 필드,18:30,29.5
박준표,2024,Kia,2024-04-21,vs. NC,RP,,0.0,,0,10,0,0,1,0,0,1,0,,Home,광주 기아 챔피언스 필드,14:00,16.4
박준표,2024,Kia,2024-04-17,@ SSG,RP,H,6.75,2.25,1 ⅓,15,1,1,3,0,2,0,0,,Away,인천 SSG 랜더스필드,18:30,14.5
박준표,2024,Kia,2024-04-16,@ SSG,RP,,0.0,6.0,0 ⅓,8,0,0,2,0,0,0,0,,Away,인천 SSG 랜더스필드,18:30,11.5
박준표,2024,Kia,2024-04-12,@ Hanwha,RP,,54.0,6.0,0 ⅓,10,2,2,2,0,0,0,1,,Away,대전 한화생명 볼파크,18:30,23.3
박준표,2023,Kia,2023-10-16,vs. NC,RP,W,0.0,0.0,0 ⅓,3,0,0,0,0,0,0,0,,Home,광주 기아 챔피언스 필드,18:30,16.0
박준표,2023,Kia,2023-10-13,@ Doosan,RP,,0.0,0.0,1 ⅓,18,0,0,0,0,1,0,0,,Away,잠실 야구장,18:30,19.6
박준표,2023,Kia,2023-10-12,vs. Lotte,RP,,0.0,0.75,1 ⅓,16,0,0,0,0,0,1,0,,Home,광주 기아 챔피언스 필드,18:30,20.4
박준표,2023,Kia,2023-10-10,vs. SSG,RP,,0.0,0.0,0 ⅓,1,0,0,0,0,0,0,0,,Home,광주 기아 챔피언스 필드,18:30,19.6
박준표,2023,Kia,2023-10-05,@ KT,RP,,0.0,0.6,1 ⅔,22,0,0,1,0,1,0,0,,Away,수원 KT 위즈파크,18:30,16.3
박준표,2023,Kia,2023-10-04,@ KT,RP,,0.0,0.0,1,11,0,0,0,0,0,0,0,,Away,수원 KT 위즈파크,18:30,20.4
박준표,2023,Kia,2023-09-29,@ Kiwoom,RP,,4.5,3.0,2,34,2,1,5,0,0,1,0,,Away,고척 스카이돔,18:30,25.5
박준표,2023,Kia,2023-09-12,@ Samsung,RP,,27.0,3.0,0 ⅔,17,2,2,1,1,0,1,0,,Away,대구 삼성 라이온즈 파크,18:30,28.7
박준표,2023,Kia,2023-09-09,vs. LG,RP,,0.0,1.5,0 ⅔,11,0,0,1,0,0,0,0,,Home,광주 기아 챔피언스 필드,17:00,29.1
박준표,2023,Kia,2023-09-08,vs. LG,RP,,0.0,1.0,1,9,0,0,0,0,0,1,0,,Home,광주 기아 챔피언스 필드,18:30,28.2
박준표,2023,Kia,2023-09-06,@ Doosan,RP,,0.0,0.0,1,10,0,0,0,0,0,0,0,,Away,잠실 야구장,18:30,30.4
박준표,2023,Kia,2023-09-03,@ SSG,RP,,18.0,3.0,1,21,2,2,2,1,2,1,0,,Away,인천 SSG 랜더스필드,14:00,29.7
박준표,2023,Kia,2023-08-20,@ Samsung,RP,,0.0,6.0,0 ⅓,9,0,0,0,0,0,2,0,,Away,대구 삼성 라이온즈 파크,17:00,31.5
박준표,2023,Kia,2023-08-18,@ Samsung,RP,,9.0,2.0,1,9,1,1,2,0,1,0,0,,Away,대구 삼성 라이온즈 파크,18:30,30.3
박준표,2023,Kia,2023-08-16,vs. Kiwoom,RP,,0.0,1.0,1,21,0,0,1,0,1,0,0,,Home,광주 기아 챔피언스 필드,18:30,31.9
박준표,2023,Kia,2023-07-13,vs. Samsung,RP,,0.0,,0,2,0,0,1,0,0,0,0,,Home,광주 기아 챔피언스 필드,18:30,29.8
박준표,2023,Kia,2023-07-08,@ KT,RP,,0.0,0.0,0 ⅓,6,0,0,0,0,1,0,0,,Away,수원 KT 위즈파크,18:00,29.5
박준표,2023,Kia,2023-07-01,@ LG,RP,H,6.75,1.5,1 ⅓,20,1,1,2,0,0,0,0,,Away,잠실 야구장,18:00,31.6
박준표,2023,Kia,2023-06-27,vs. Kiwoom,RP,,54.0,9.0,0 ⅓,10,2,2,3,0,0,0,0,,Home,광주 기아 챔피언스 필드,18:30,31.0
박준표,2023,Kia,2023-06-22,@ Hanwha,RP,,0.0,0.0,0 ⅓,7,0,0,0,0,1,0,0,,Away,대전 한화생명 볼파크,18:30,26.5
박준표,2023,Kia,2023-06-20,@ Hanwha,RP,,81.0,9.0,0 ⅓,16,3,3,3,1,1,0,0,,Away,대전 한화생명 볼파크,18:30,26.3
박준표,2023,Kia,2023-06-17,vs. NC,RP,,0.0,1.5,2,33,1,0,2,0,1,1,0,,Home,광주 기아 챔피언스 필드,17:00,27.5
박준표,2023,Kia,2023-06-16,vs. NC,RP,,27.0,3.0,0 ⅓,6,1,1,1,0,0,0,0,,Home,광주 기아 챔피언스 필드,18:30,29.3
박준표,2023,Kia,2023-06-15,@ Kiwoom,RP,,0.0,0.0,0 ⅓,4,0,0,0,0,0,0,0,,Away,고척 스카이돔,18:30,25.5
박준표,2023,Kia,2023-06-13,@ Kiwoom,RP,,0.0,1.0,1,14,0,0,0,0,0,1,0,,Away,고척 스카이돔,18:30,25.5
박준표,2023,Kia,2023-06-10,@ Doosan,RP,H,0.0,0.0,1 ⅓,16,0,0,0,0,0,0,0,,Away,잠실 야구장,17:00,24.3
박준표,2023,Kia,2023-06-09,@ Doosan,RP,H,0.0,0.0,1,12,0,0,0,0,1,0,0,,Away,잠실 야구장,18:30,26.2
박준표,2023,Kia,2023-06-08,vs. SSG,RP,,0.0,0.0,0 ⅓,1,0,0,0,0,0,0,0,,Home,광주 기아 챔피언스 필드,18:30,25.8
박준표,2023,Kia,2023-06-06,vs. SSG,RP,,0.0,1.0,1,13,0,0,1,0,0,0,0,,Home,광주 기아 챔피언스 필드,18:30,25.5
박준표,2023,Kia,2023-06-03,@ Lotte,RP,,27.0,6.0,0 ⅓,11,1,1,2,0,0,0,0,,Away,사직 야구장,17:00,22.6
박준표,2023,Kia,2023-05-31,vs. KT,RP,,0.0,0.0,0 ⅔,4,0,0,0,0,0,0,0,,Home,광주 기아 챔피언스 필드,18:30,26.7
박준표,2023,Kia,2023-05-30,vs. KT,RP,,0.0,0.0,1 ⅓,14,0,0,0,0,1,0,0,,Home,광주 기아 챔피언스 필드,18:30,22.5
박준표,2023,Kia,2023-05-28,vs. LG,RP,,0.0,0.0,1,12,0,0,0,0,1,0,0,,Home,광주 기아 챔피언스 필드,14:00,24.6
박준표,2022,Kia,2022-10-04,@ LG,RP,,5.4,0.6,1 ⅔,29,1,1,1,0,0,0,2,,Away,잠실 야구장,18:30,17.4
박준표,2022,Kia,2022-10-02,@ Hanwha,RP,,0.0,1.0,1,14,0,0,0,0,0,1,0,,Away,대전 한화생명 볼파크,14:00,26.6
박준표,2022,Kia,2022-09-22,@ NC,RP,H,0.0,0.0,0 ⅔,8,0,0,0,0,0,0,0,,Away,창원 NC 파크,18:30,23.0
박준표,2022,Kia,2022-09-20,vs. LG,RP,,0.0,,0,7,2,2,2,0,0,0,0,,Home,광주 기아 챔피언스 필드,18:30,22.6
박준표,2022,Kia,2022-09-16,vs. Hanwha,RP,,0.0,0.0,1,12,0,0,0,0,0,0,0,,Home,광주 기아 챔피언스 필드,18:30,29.0
박준표,2022,Kia,2022-09-11,@ Doosan,RP,,9.0,3.0,1,21,1,1,3,0,0,0,0,,Away,잠실 야구장,14:00,26.4
박준표,2022,Kia,2022-09-07,@ Lotte,RP,,27.0,3.0,0 ⅓,9,1,1,1,1,0,0,0,,Away,사직 야구장,18:30,24.9
박준표,2022,Kia,2022-09-06,@ Lotte,RP,,0.0,6.0,0 ⅓,5,0,0,2,0,0,0,0,,Away,사직 야구장,18:30,26.9
박준표,2022,Kia,2022-09-03,vs. KT,RP,,0.0,,0,5,0,0,1,0,0,0,0,,Home,광주 기아 챔피언스 필드,17:00,28.5
박준표,2022,Kia,2022-09-02,vs. Samsung,RP,,18.0,2.0,1,14,2,2,2,1,0,0,0,,Home,광주 기아 챔피언스 필드,18:30,26.9
박준표,2022,Kia,2022-08-31,@ Hanwha,RP,H,0.0,3.0,0 ⅓,7,0,0,1,0,0,0,0,,Away,대전 한화생명 볼파크,18:30,24.3
박준표,2022,Kia,2022-08-28,vs. Doosan,RP,H,0.0,3.0,0 ⅓,8,0,0,1,0,0,0,2,,Home,광주 기아 챔피언스 필드,17:00,26.5
박준표,2022,Kia,2022-08-27,vs. Doosan,RP,,0.0,2.0,1,12,0,0,0,0,0,2,0,,Home,광주 기아 챔피언스 필드,18:00,24.4
박준표,2022,Kia,2022-08-25,@ LG,RP,H,0.0,0.0,0 ⅓,4,0,0,0,0,0,0,0,,Away,잠실 야구장,18:30,24.3
박준표,2022,Kia,2022-08-24,@ Kiwoom,RP,H,0.0,0.0,1,8,0,0,0,0,0,0,0,,Away,고척 스카이돔,18:30,25.5
박준표,2022,Kia,2022-08-19,vs. NC,RP,,9.0,3.0,1,13,1,1,2,0,0,1,0,,Home,광주 기아 챔피언스 필드,18:30,32.2
박준표,2022,Kia,2022-08-18,vs. NC,RP,,0.0,1.0,1,10,0,0,0,0,0,1,0,,Home,광주 기아 챔피언스 필드,18:30,30.6
박준표,2022,Kia,2022-08-17,vs. SSG,RP,H,0.0,0.0,0 ⅓,5,0,0,0,0,1,0,0,,Home,광주 기아 챔피언스 필드,18:30,30.3
박준표,2022,Kia,2022-08-13,vs. Lotte,RP,,0.0,1.0,1,13,0,0,1,0,1,0,0,,Home,광주 기아 챔피언스 필드,18:00,32.3
박준표,2022,Kia,2022-08-07,vs. Doosan,RP,,108.0,12.0,0 ⅓,19,4,4,2,0,0,2,0,,Home,광주 기아 챔피언스 필드,17:00,33.8
박준표,2022,Kia,2022-08-06,vs. Doosan,RP,,0.0,3.0,0 ⅓,6,0,0,1,0,0,0,0,,Home,광주 기아 챔피언스 필드,18:00,34.9
박준표,2022,Kia,2022-08-03,@ Hanwha,RP,,27.0,3.0,0 ⅓,14,1,1,1,1,0,0,1,,Away,대전 한화생명 볼파크,18:30,32.4
박준표,2022,Kia,2022-07-31,vs. SSG,RP,,0.0,0.0,1,11,0,0,0,0,0,0,0,,Home,광주 기아 챔피언스 필드,17:00,30.4
박준표,2022,Kia,2022-07-30,vs. SSG,RP,,0.0,2.0,1,14,0,0,2,0,1,0,0,,Home,광주 기아 챔피언스 필드,18:00,31.5
박준표,2022,Kia,2022-07-28,vs. NC,RP,,0.0,3.0,0 ⅔,15,0,0,1,0,1,1,1,,Home,광주 기아 챔피언스 필드,18:30,32.2
박준표,2022,Kia,2022-07-12,@ LG,RP,,0.0,3.0,0 ⅓,7,1,0,1,0,0,0,0,,Away,잠실 야구장,18:30,30.5
박준표,2022,Kia,2022-07-09,vs. Hanwha,RP,W,5.4,0.6,1 ⅔,23,1,1,1,1,1,0,1,,Home,광주 기아 챔피언스 필드,18:00,31.7
박준표,2022,Kia,2022-07-03,@ SSG,RP,,0.0,0.0,1,11,0,0,0,0,3,0,0,,Away,인천 SSG 랜더스필드,17:00,31.0
박준표,2022,Kia,2022-07-01,@ SSG,RP,,0.0,0.0,1 ⅓,14,0,0,0,0,1,0,0,,Away,인천 SSG 랜더스필드,18:30,28.8
박준표,2022,Kia,2022-06-30,@ Kiwoom,RP,,0.0,,0,6,0,0,0,0,0,0,1,,Away,고척 스카이돔,18:30,25.5
박준표,2022,Kia,2022-06-28,@ Kiwoom,RP,,0.0,0.0,0 ⅓,4,0,0,0,0,1,0,0,,Away,고척 스카이돔,18:30,25.5
박준표,2022,Kia,2022-06-25,@ Doosan,RP,H,0.0,1.5,0 ⅔,9,0,0,0,0,1,1,0,,Away,잠실 야구장,17:00,31.2
박준표,2022,Kia,2022-06-24,@ Doosan,RP,H,0.0,1.5,0 ⅔,11,0,0,0,0,0,1,0,,Away,잠실 야구장,18:30,26.7
박준표,2022,Kia,2022-06-21,vs. Lotte,RP,,0.0,3.0,0 ⅓,7,0,0,1,0,0,0,0,,Home,광주 기아 챔피언스 필드,18:30,30.9
박준표,2021,Kia,2021-09-21,vs. KT,RP,L,18.0,4.0,1,25,3,2,4,0,0,0,0,,Home,광주 기아 챔피언스 필드,18:30,26.5
박준표,2021,Kia,2021-09-15,vs. Lotte,RP,,0.0,0.75,2 ⅔,33,1,0,2,0,1,0,1,,Home,광주 기아 챔피언스 필드,18:30,26.9
박준표,2021,Kia,2021-09-12,vs. NC,RP,,0.0,1.0,2,35,0,0,2,0,1,0,0,,Home,광주 기아 챔피언스 필드,14:00,29.7
박준표,2021,Kia,2021-09-12,vs. NC,RP,,0.0,3.0,0 ⅓,14,0,0,1,0,1,0,0,,Home,광주 기아 챔피언스 필드,14:00,29.7
박준표,2021,Kia,2021-09-04,@ Hanwha,RP,,0.0,1.0,1,16,0,0,1,0,1,0,2,,Away,대전 한화생명 볼파크,17:00,27.1
박준표,2021,Kia,2021-09-02,vs. Samsung,RP,,0.0,1.0,1,10,0,0,0,0,0,1,0,,Home,광주 기아 챔피언스 필드,18:30,24.6
박준표,2021,Kia,2021-09-01,@ Doosan,RP,,0.0,2.0,1,23,0,0,1,0,0,1,1,,Away,잠실 야구장,18:30,25.1
박준표,2021,Kia,2021-08-28,@ SSG,RP,,0.0,2.0,1,14,0,0,2,0,0,0,0,,Away,인천 SSG 랜더스필드,18:00,26.0
박준표,2021,Kia,2021-08-26,vs. Lotte,RP,,0.0,2.0,1,14,0,0,1,0,0,1,0,,Home,광주 기아 챔피언스 필드,18:30,30.3
박준표,2021,Kia,2021-08-24,vs. Kiwoom,RP,,0.0,1.5,1 ⅓,18,0,0,1,0,0,1,0,,Home,광주 기아 챔피언스 필드,18:30,29.5
박준표,2021,Kia,2021-06-25,@ Kiwoom,RP,,54.0,6.0,0 ⅔,22,4,4,4,1,0,0,0,,Away,고척 스카이돔,18:30,25.5
박준표,2021,Kia,2021-06-24,@ KT,RP,L,13.5,2.25,1 ⅓,28,3,2,1,0,0,2,1,,Away,수원 KT 위즈파크,18:30,26.1
박준표,2021,Kia,2021-06-22,@ KT,RP,,0.0,0.0,1,11,0,0,0,0,1,0,0,,Away,수원 KT 위즈파크,18:30,26.5
박준표,2021,Kia,2021-06-20,@ LG,RP,,13.5,1.5,1 ⅓,16,2,2,2,1,1,0,0,,Away,잠실 야구장,17:00,27.0
박준표,2021,Kia,2021-06-17,vs. SSG,RP,L,13.5,1.5,0 ⅔,11,1,1,1,1,0,0,1,,Home,광주 기아 챔피언스 필드,18:30,25.0
박준표,2021,Kia,2021-06-16,vs. SSG,RP,H,0.0,1.0,1,17,0,0,1,0,1,0,0,,Home,광주 기아 챔피언스 필드,18:30,26.3
박준표,2021,Kia,2021-06-13,@ Lotte,RP,,6.75,2.25,1 ⅓,25,1,1,2,0,3,1,0,,Away,사직 야구장,17:00,27.2
박준표,2021,Kia,2021-06-09,@ Samsung,RP,W,0.0,0.75,1 ⅓,17,0,0,1,0,1,0,0,,Away,대구 삼성 라이온즈 파크,18:30,24.2
박준표,2021,Kia,2021-06-06,vs. LG,RP,,0.0,1.0,1,13,0,0,0,0,0,1,0,,Home,광주 기아 챔피언스 필드,17:00,26.3
박준표,2021,Kia,2021-05-08,vs. Doosan,RP,L,54.0,9.0,0 ⅓,21,2,2,1,0,0,2,0,,Home,광주 기아 챔피언스 필드,17:00,22.2
박준표,2021,Kia,2021-05-05,@ Lotte,RP,,18.0,3.0,1,16,2,2,3,0,0,0,0,,Away,사직 야구장,14:00,20.7
박준표,2021,Kia,2021-05-01,@ KT,RP,,9.0,3.0,1,22,1,1,1,0,2,2,0,,Away,수원 KT 위즈파크,17:00,10.5
박준표,2021,Kia,2021-04-29,vs. Hanwha,RP,,0.0,,0,10,0,0,1,0,0,1,1,,Home,광주 기아 챔피언스 필드,18:30,20.6
박준표,2021,Kia,2021-04-27,vs. Hanwha,RP,W,0.0,1.0,1,24,0,0,1,0,1,0,0,,Home,광주 기아 챔피언스 필드,18:30,19.2
박준표,2021,Kia,2021-04-22,@ LG,RP,,27.0,3.0,0 ⅓,7,1,1,1,0,0,0,0,,Away,잠실 야구장,18:30,23.7
박준표,2021,Kia,2021-04-20,@ LG,RP,H,0.0,0.0,1,6,0,0,0,0,0,0,1,,Away,잠실 야구장,18:30,18.3
박준표,2021,Kia,2021-04-17,@ SSG,RP,,0.0,0.0,1,16,0,0,0,0,2,0,0,,Away,인천 SSG 랜더스필드,17:00,12.0
박준표,2021,Kia,2021-04-15,vs. Lotte,RP,H,0.0,1.5,1 ⅓,25,0,0,1,0,0,1,0,,Home,광주 기아 챔피언스 필드,18:30,17.6
박준표,2021,Kia,2021-04-14,vs. Lotte,RP,,54.0,9.0,0 ⅓,14,2,2,3,0,0,0,0,,Home,광주 기아 챔피언스 필드,18:30,13.8
박준표,2021,Kia,2021-04-11,vs. NC,RP,,0.0,2.0,1,18,0,0,1,0,1,1,0,,Home,광주 기아 챔피언스 필드,14:00,21.6
박준표,2021,Kia,2021-04-07,@ Kiwoom,RP,H,0.0,1.0,1,15,0,0,0,0,0,1,0,,Away,고척 스카이돔,18:30,25.5
박준표,2021,Kia,2021-04-06,@ Kiwoom,RP,,13.5,4.5,0 ⅔,15,1,1,2,0,1,1,1,,Away,고척 스카이돔,18:30,25.5
박준표,2020,Kia,2020-10-31,vs. NC,RP,,0.0,6.0,0 ⅓,6,1,0,1,0,0,1,0,,Home,광주 기아 챔피언스 필드,17:00,18.1
박준표,2020,Kia,2020-10-28,vs. KT,RP,,0.0,3.0,1,37,2,0,3,0,2,0,0,,Home,광주 기아 챔피언스 필드,18:30,16.2
박준표,2020,Kia,2020-10-27,vs. KT,RP,L,18.0,2.0,1,17,2,2,2,1,1,0,0,,Home,광주 기아 챔피언스 필드,18:30,18.0
박준표,2020,Kia,2020-10-22,@ Hanwha,RP,SV,0.0,0.75,1 ⅓,25,0,0,1,0,2,0,0,,Away,대전 한화생명 볼파크,18:30,14.5
박준표,2020,Kia,2020-10-18,@ LG,RP,,0.0,0.0,1,9,0,0,0,0,0,0,0,,Away,잠실 야구장,14:00,19.6
박준표,2020,Kia,2020-10-15,@ NC,RP,W,0.0,0.0,1 ⅓,19,0,0,0,0,2,0,0,,Away,창원 NC 파크,18:30,17.2
박준표,2020,Kia,2020-10-13,@ NC,RP,SV,0.0,3.0,0 ⅔,15,0,0,2,0,1,0,0,,Away,창원 NC 파크,18:30,18.6
박준표,2020,Kia,2020-10-11,vs. SK,RP,,0.0,3.0,1,16,0,0,2,0,0,1,0,,Home,광주 기아 챔피언스 필드,14:00,22.0
박준표,2020,Kia,2020-10-10,vs. SK,RP,,0.0,0.6,1 ⅔,21,0,0,0,0,1,1,0,,Home,광주 기아 챔피언스 필드,17:00,22.1
박준표,2020,Kia,2020-10-09,vs. SK,RP,H,0.0,0.0,1,15,0,0,0,0,1,0,0,,Home,광주 기아 챔피언스 필드,18:30,20.3
박준표,2020,Kia,2020-10-07,vs. Hanwha,RP,W,9.0,1.0,1,16,1,1,1,1,1,0,0,,Home,광주 기아 챔피언스 필드,18:30,20.8
박준표,2020,Kia,2020-10-06,vs. Hanwha,RP,,0.0,0.0,0 ⅓,3,0,0,0,0,1,0,0,,Home,광주 기아 챔피언스 필드,18:30,17.8
박준표,2020,Kia,2020-10-01,@ Kiwoom,RP,SV,0.0,0.0,1,10,0,0,0,0,0,0,0,,Away,고척 스카이돔,18:30,25.5
박준표,2020,Kia,2020-09-30,@ Kiwoom,RP,SV,0.0,1.0,1,15,0,0,1,0,1,0,0,,Away,고척 스카이돔,18:30,25.5
박준표,2020,Kia,2020-09-29,@ Kiwoom,RP,,0.0,1.0,1,12,0,0,1,0,0,0,0,,Away,고척 스카이돔,18:30,25.5
박준표,2020,Kia,2020-09-27,vs. Lotte,RP,W,0.0,2.0,1,10,0,0,1,0,0,1,0,,Home,광주 기아 챔피언스 필드,14:00,24.3
박준표,2020,Kia,2020-09-24,@ KT,RP,SV,0.0,0.6,1 ⅔,20,0,0,1,0,2,0,0,,Away,수원 KT 위즈파크,18:30,23.4
박준표,2020,Kia,2020-09-16,vs. SK,RP,,9.0,2.0,1,29,2,1,1,0,1,1,0,,Home,광주 기아 챔피언스 필드,18:30,26.8
박준표,2020,Kia,2020-09-13,@ NC,RP,SV,0.0,1.0,1,20,0,0,0,0,1,1,0,,Away,창원 NC 파크,14:00,23.0
박준표,2020,Kia,2020-08-02,@ Lotte,RP,,0.0,0.0,1,20,0,0,0,0,1,0,0,,Away,사직 야구장,17:00,29.6
박준표,2020,Kia,2020-07-26,vs. Samsung,RP,H,0.0,1.5,1 ⅓,17,0,0,1,0,0,1,0,,Home,광주 기아 챔피언스 필드,17:00,28.0
박준표,2020,Kia,2020-07-25,vs. Samsung,RP,W,0.0,1.0,1,19,0,0,1,0,2,0,0,,Home,광주 기아 챔피언스 필드,18:00,27.0
박준표,2020,Kia,2020-07-22,@ Hanwha,RP,H,0.0,0.75,1 ⅓,19,0,0,1,0,2,0,0,,Away,대전 한화생명 볼파크,18:30,26.0
박준표,2020,Kia,2020-07-21,@ Hanwha,RP,,0.0,0.0,0 ⅓,5,0,0,0,0,0,0,0,,Away,대전 한화생명 볼파크,18:30,29.7
박준표,2020,Kia,2020-07-16,@ Samsung,RP,,0.0,0.6,1 ⅔,17,0,0,1,0,1,0,0,,Away,대구 삼성 라이온즈 파크,18:30,24.0
박준표,2020,Kia,2020-07-15,@ Samsung,RP,W,0.0,1.0,1,11,0,0,1,0,0,0,0,,Away,대구 삼성 라이온즈 파크,18:30,21.7
박준표,2020,Kia,2020-07-10,vs. Kiwoom,RP,,18.0,2.0,1,17,2,2,2,1,1,0,0,,Home,광주 기아 챔피언스 필드,18:30,29.3
박준표,2020,Kia,2020-07-09,vs. KT,RP,H,0.0,0.0,1 ⅓,15,0,0,0,0,1,0,0,,Home,광주 기아 챔피언스 필드,18:30,28.1
박준표,2020,Kia,2020-07-03,@ NC,RP,H,0.0,1.5,0 ⅔,2,0,0,1,0,0,0,0,,Away,창원 NC 파크,18:30,23.1
박준표,2020,Kia,2020-07-02,vs. Hanwha,RP,,0.0,0.0,1,10,0,0,0,0,0,0,0,,Home,광주 기아 챔피언스 필드,18:30,27.2
박준표,2020,Kia,2020-06-26,@ Kiwoom,RP,,0.0,1.0,1,16,0,0,1,0,1,0,0,,Away,고척 스카이돔,18:30,25.5
박준표,2020,Kia,2020-06-20,vs. Samsung,RP,,9.0,2.0,1,15,1,1,2,0,1,0,0,,Home,광주 기아 챔피언스 필드,17:00,28.0
박준표,2020,Kia,2020-06-17,vs. NC,RP,W,9.0,3.0,1,27,3,1,3,0,0,0,0,,Home,광주 기아 챔피언스 필드,18:30,25.1
박준표,2020,Kia,2020-06-16,vs. NC,RP,W,0.0,1.0,1,22,0,0,1,0,0,0,0,,Home,광주 기아 챔피언스 필드,18:30,26.7
박준표,2020,Kia,2020-06-13,@ SK,RP,H,0.0,1.0,1,11,0,0,0,0,0,1,0,,Away,인천 SSG 랜더스필드,17:00,28.8
박준표,2020,Kia,2020-06-12,@ SK,RP,H,0.0,0.0,0 ⅓,3,0,0,0,0,1,0,0,,Away,인천 SSG 랜더스필드,18:30,24.5
박준표,2020,Kia,2020-06-07,@ Doosan,RP,,0.0,0.6,1 ⅔,32,0,0,1,0,2,0,0,,Away,잠실 야구장,17:00,27.8
박준표,2020,Kia,2020-06-05,@ Doosan,RP,,0.0,3.0,0 ⅓,7,0,0,1,0,0,0,0,,Away,잠실 야구장,18:30,27.4
박준표,2020,Kia,2020-06-04,vs. Lotte,RP,,0.0,0.75,1 ⅓,18,0,0,1,0,1,0,0,,Home,광주 기아 챔피언스 필드,18:30,28.4
박준표,2020,Kia,2020-06-02,vs. Lotte,RP,H,0.0,0.0,1,8,0,0,0,0,1,0,0,,Home,광주 기아 챔피언스 필드,18:30,24.6
박준표,2020,Kia,2020-05-28,@ KT,RP,,0.0,0.5,2,25,0,0,1,0,3,0,0,,Away,수원 KT 위즈파크,18:30,21.6
박준표,2020,Kia,2020-05-23,@ SK,RP,H,0.0,0.75,1 ⅓,27,0,0,1,0,0,0,0,,Away,인천 SSG 랜더스필드,17:00,19.7
박준표,2020,Kia,2020-05-22,@ SK,RP,H,0.0,1.5,0 ⅔,15,0,0,1,0,1,0,0,,Away,인천 SSG 랜더스필드,18:30,17.7
박준표,2020,Kia,2020-05-20,vs. Lotte,RP,,0.0,0.0,1,9,0,0,0,0,1,0,0,,Home,광주 기아 챔피언스 필드,18:30,19.6
박준표,2020,Kia,2020-05-19,vs. Lotte,RP,,0.0,0.0,0 ⅔,7,0,0,0,0,1,0,0,,Home,광주 기아 챔피언스 필드,18:30,14.5
박준표,2020,Kia,2020-05-17,vs. Doosan,RP,,13.5,3.0,0 ⅔,19,1,1,2,0,0,0,0,,Home,광주 기아 챔피언스 필드,14:00,26.6
박준표,2020,Kia,2020-05-16,vs. Doosan,RP,,0.0,0.0,1,12,0,0,0,0,1,0,0,,Home,광주 기아 챔피언스 필드,17:00,20.2
박준표,2020,Kia,2020-05-13,@ Hanwha,RP,H,0.0,0.0,1 ⅓,13,0,0,0,0,1,0,0,,Away,대전 한화생명 볼파크,18:30,20.6
박준표,2020,Kia,2020-05-09,@ Samsung,RP,,0.0,1.0,1,21,1,0,1,0,1,0,0,,Away,대구 삼성 라이온즈 파크,17:00,17.2
박준표,2020,Kia,2020-05-06,vs. Kiwoom,RP,,0.0,0.0,1 ⅓,19,0,0,0,0,3,0,0,,Home,광주 기아 챔피언스 필드,18:30,26.3
김사윤,2024,Kia,2024-08-17,@ LG,RP,,9.0,3.0,2,49,2,2,5,0,1,1,0,,Away,잠실 야구장,18:00,32.6
김사윤,2024,Kia,2024-08-15,@ Kiwoom,RP,,0.0,1.0,1,13,0,0,1,0,2,0,0,,Away,고척 스카이돔,18:30,25.5
김사윤,2024,Kia,2024-07-21,@ Hanwha,RP,,0.0,2.0,1,21,0,0,0,0,1,2,0,,Away,대전 한화생명 볼파크,17:00,32.4
김사윤,2024,Kia,2024-07-18,vs. Samsung,RP,,0.0,0.6,1 ⅔,23,0,0,1,0,3,0,0,,Home,광주 기아 챔피언스 필드,18:30,29.2
김사윤,2024,Kia,2024-07-12,vs. SSG,RP,,27.0,4.2,1 ⅔,50,5,5,4,0,2,3,0,,Home,광주 기아 챔피언스 필드,18:30,30.6
김사윤,2024,Kia,2024-07-09,@ LG,RP,,0.0,1.0,1,15,0,0,0,0,1,1,0,,Away,잠실 야구장,18:30,27.4
김사윤,2024,Kia,2024-06-28,vs. Kiwoom,RP,,0.0,0.55,3 ⅔,50,0,0,1,0,5,1,0,,Home,광주 기아 챔피언스 필드,18:30,30.0
김사윤,2024,Kia,2024-06-26,@ Lotte,RP,,9.0,2.0,1,22,1,1,2,0,2,0,0,,Away,사직 야구장,18:30,25.2
김사윤,2024,Kia,2024-06-25,@ Lotte,RP,,0.0,0.0,0 ⅔,5,0,0,0,0,0,0,0,,Away,사직 야구장,18:30,24.2
김사윤,2024,Kia,2024-06-05,vs. Lotte,RP,,9.0,2.0,1,19,1,1,2,0,2,0,0,,Home,광주 기아 챔피언스 필드,18:30,25.6
김사윤,2024,Kia,2024-06-02,vs. KT,RP,,13.5,1.5,2 ⅔,46,4,4,1,1,3,3,0,,Home,광주 기아 챔피언스 필드,17:00,22.9
김사윤,2024,Kia,2024-05-30,@ NC,RP,SV,0.0,1.33,3,40,0,0,4,0,1,0,0,,Away,창원 NC 파크,18:30,22.1
김사윤,2024,Kia,2024-05-23,@ Lotte,SP,L,0.0,3.0,1,40,3,0,2,0,1,1,2,41.0,Away,사직 야구장,18:30,22.8
김사윤,2024,Kia,2024-05-17,@ NC,RP,,0.0,1.67,3,63,1,0,2,0,2,3,0,,Away,창원 NC 파크,18:30,20.9
김사윤,2024,Kia,2024-05-12,vs. SSG,SP,,0.0,4.5,1 ⅓,54,2,0,3,0,1,3,0,42.0,Home,광주 기아 챔피언스 필드,14:00,22.6
김사윤,2024,Kia,2024-05-03,vs. Hanwha,RP,,0.0,0.0,1,8,0,0,0,0,1,0,0,,Home,광주 기아 챔피언스 필드,18:30,24.0
김사윤,2024,Kia,2024-05-02,vs. KT,RP,,0.0,0.0,2,19,0,0,0,0,0,0,0,,Home,광주 기아 챔피언스 필드,18:30,21.0
김사윤,2024,Kia,2024-04-30,vs. KT,RP,,18.0,4.0,1,28,2,2,2,0,0,2,0,,Home,광주 기아 챔피언스 필드,18:30,16.9
김사윤,2024,Kia,2024-04-27,@ LG,RP,,0.0,2.57,2 ⅓,57,0,0,3,0,1,3,1,,Away,잠실 야구장,17:00,24.8
김사윤,2024,Kia,2024-04-21,vs. NC,RP,,15.43,1.71,2 ⅓,46,4,4,4,1,3,0,1,,Home,광주 기아 챔피언스 필드,14:00,16.4
김사윤,2024,Kia,2024-04-20,vs. NC,RP,,0.0,0.0,1,18,0,0,0,0,3,0,0,,Home,광주 기아 챔피언스 필드,17:00,17.9
김사윤,2024,Kia,2024-04-17,@ SSG,RP,,0.0,1.0,1,16,0,0,0,0,1,1,0,,Away,인천 SSG 랜더스필드,18:30,14.5
김사윤,2024,Kia,2024-04-13,@ Hanwha,RP,,0.0,6.0,0 ⅔,25,4,0,3,0,0,1,1,,Away,대전 한화생명 볼파크,17:00,27.7
김사윤,2022,Kia,2022-09-13,vs. Kiwoom,RP,,27.0,12.0,0 ⅓,23,1,1,0,0,0,4,0,,Home,광주 기아 챔피언스 필드,18:30,27.9
김사윤,2022,Kia,2022-09-08,@ SSG,RP,,27.0,6.0,0 ⅔,23,2,2,2,0,0,2,0,,Away,인천 SSG 랜더스필드,18:30,25.7
김사윤,2022,Kia,2022-09-07,@ Lotte,RP,,0.0,6.0,0 ⅓,15,0,0,1,0,1,1,0,,Away,사직 야구장,18:30,24.9
김사윤,2022,Kia,2022-09-03,vs. KT,RP,,81.0,9.0,0 ⅓,19,3,3,1,0,1,2,0,,Home,광주 기아 챔피언스 필드,17:00,28.5
김사윤,2022,Kia,2022-08-31,@ Hanwha,RP,H,0.0,3.0,0 ⅓,9,0,0,0,0,0,1,0,,Away,대전 한화생명 볼파크,18:30,24.3
김사윤,2022,Kia,2022-08-28,vs. Doosan,RP,W,6.75,0.75,1 ⅓,18,1,1,0,0,0,1,1,,Home,광주 기아 챔피언스 필드,17:00,26.5
김사윤,2022,Kia,2022-08-26,@ LG,RP,,0.0,0.0,1,10,0,0,0,0,0,0,0,,Away,잠실 야구장,18:30,26.9
김사윤,2022,Kia,2022-08-25,@ LG,RP,H,0.0,0.0,0 ⅓,4,0,0,0,0,1,0,0,,Away,잠실 야구장,18:30,24.3
김사윤,2022,Kia,2022-08-24,@ Kiwoom,RP,,54.0,6.0,0 ⅓,11,2,2,2,1,0,0,0,,Away,고척 스카이돔,18:30,25.5
김사윤,2022,Kia,2022-08-21,@ KT,RP,,9.0,1.0,1,17,1,1,1,0,2,0,0,,Away,수원 KT 위즈파크,17:00,32.1
김사윤,2022,Kia,2022-08-19,vs. NC,RP,,0.0,0.0,2,22,0,0,0,0,2,0,0,,Home,광주 기아 챔피언스 필드,18:30,32.2
김사윤,2022,Kia,2022-08-18,vs. NC,RP,,0.0,,0,6,0,0,0,0,0,1,0,,Home,광주 기아 챔피언스 필드,18:30,30.6
김사윤,2022,Kia,2022-08-17,vs. SSG,RP,W,0.0,0.0,0 ⅓,5,0,0,0,0,1,0,0,,Home,광주 기아 챔피언스 필드,18:30,30.3
김사윤,2022,Kia,2022-08-14,vs. Lotte,RP,,0.0,1.5,0 ⅔,14,0,0,0,0,1,1,0,,Home,광주 기아 챔피언스 필드,17:00,33.7
김사윤,2022,Kia,2022-07-26,vs. NC,RP,,18.0,2.0,1,24,2,2,2,0,0,0,1,,Home,광주 기아 챔피언스 필드,18:30,31.1
김사윤,2022,Kia,2022-07-06,vs. KT,RP,,18.0,3.0,1,30,2,2,2,0,2,1,0,,Home,광주 기아 챔피언스 필드,18:30,33.1
김사윤,2022,Kia,2022-07-02,@ SSG,RP,,0.0,1.0,1,13,0,0,1,0,0,0,0,,Away,인천 SSG 랜더스필드,18:00,31.2
김사윤,2022,Kia,2022-07-01,@ SSG,RP,,0.0,2.0,1,33,0,0,0,0,2,2,0,,Away,인천 SSG 랜더스필드,18:30,28.8
김사윤,2022,Kia,2022-06-28,@ Kiwoom,RP,,0.0,1.5,0 ⅔,17,0,0,0,0,1,1,0,,Away,고척 스카이돔,18:30,25.5
김사윤,2022,Kia,2022-06-25,@ Doosan,RP,,9.0,2.0,1,22,1,1,0,0,1,2,0,,Away,잠실 야구장,17:00,31.2
김사윤,2022,Kia,2022-06-24,@ Doosan,RP,W,0.0,0.0,1,11,0,0,0,0,1,0,0,,Away,잠실 야구장,18:30,26.7
김사윤,2022,Kia,2022-06-19,vs. Samsung,RP,,0.0,0.0,1,15,0,0,0,0,1,0,0,,Home,광주 기아 챔피언스 필드,17:00,30.8
김사윤,2022,Kia,2022-06-18,vs. Samsung,RP,,0.0,2.0,1,24,0,0,1,0,2,1,0,,Home,광주 기아 챔피언스 필드,17:00,28.3
김사윤,2022,Kia,2022-06-15,@ NC,RP,,0.0,,0,1,1,1,0,0,0,0,1,,Away,창원 NC 파크,18:30,23.8
김사윤,2022,Kia,2022-06-08,vs. LG,RP,,0.0,2.4,1 ⅔,38,0,0,3,0,1,1,0,,Home,광주 기아 챔피언스 필드,18:30,23.5
김사윤,2022,Kia,2022-05-27,vs. SSG,RP,,36.0,4.0,1,21,4,4,4,1,1,0,1,,Home,광주 기아 챔피언스 필드,18:30,25.7
김사윤,2022,Kia,2022-05-22,vs. NC,RP,,9.0,1.0,1,14,1,1,1,0,0,0,0,,Home,광주 기아 챔피언스 필드,14:00,28.5
김사윤,2022,Kia,2022-05-21,vs. NC,RP,,0.0,2.4,1 ⅔,23,0,0,2,0,1,2,0,,Home,광주 기아 챔피언스 필드,17:00,26.4
김사윤,2022,Kia,2022-05-18,@ Lotte,RP,,0.0,0.0,1,6,0,0,0,0,0,0,0,,Away,사직 야구장,18:30,20.6
김사윤,2022,Kia,2022-05-15,@ LG,RP,,0.0,0.0,1 ⅔,18,0,0,0,0,0,0,0,,Away,잠실 야구장,14:00,22.2
김사윤,2022,Kia,2022-05-13,@ LG,RP,,0.0,0.75,1 ⅓,26,0,0,0,0,1,1,0,,Away,잠실 야구장,18:30,21.6
김사윤,2021,SSG,2021-09-12,@ KT,SP,,5.4,1.8,1 ⅔,42,1,1,0,0,3,3,1,50.0,Away,수원 KT 위즈파크,14:00,28.4
김사윤,2021,SSG,2021-07-01,vs. Samsung,SP,,15.43,3.43,2 ⅓,66,4,4,5,0,3,3,1,30.0,Home,인천 SSG 랜더스필드,18:30,28.6
김사윤,2021,SSG,2021-06-26,@ NC,SP,,21.0,3.0,3,76,7,7,6,2,3,3,0,19.0,Away,창원 NC 파크,17:00,25.6
김사윤,2021,SSG,2021-06-20,@ Hanwha,SP,,4.5,1.75,4,91,3,2,2,1,4,5,0,47.0,Away,대전 한화생명 볼파크,17:00,28.1
김사윤,2021,SSG,2021-05-09,vs. Kiwoom,SP,,0.0,1.67,3,70,0,0,2,0,5,3,2,55.0,Home,인천 SSG 랜더스필드,14:00,19.4
김사윤,2021,SSG,2021-05-02,@ Doosan,SP,L,13.5,2.4,3 ⅓,61,5,5,5,2,3,3,0,30.0,Away,잠실 야구장,14:00,17.9
김사윤,2020,SK,2020-10-23,vs. Lotte,RP,,0.0,,0,12,0,0,0,0,0,2,0,,Home,인천 SSG 랜더스필드,18:30,10.3
김사윤,2020,SK,2020-10-22,vs. Lotte,RP,,81.0,9.0,0 ⅓,17,3,3,3,3,0,0,0,,Home,인천 SSG 랜더스필드,18:30,13.1
김사윤,2020,SK,2020-10-20,vs. Samsung,RP,,0.0,3.0,0 ⅔,20,0,0,1,0,1,1,0,,Home,인천 SSG 랜더스필드,18:30,17.5
김사윤,2020,SK,2020-10-18,vs. KT,RP,,0.0,1.0,1,17,0,0,1,0,0,0,1,,Home,인천 SSG 랜더스필드,14:00,18.3
김사윤,2020,SK,2020-10-17,vs. KT,RP,,0.0,0.0,1 ⅓,19,0,0,0,0,1,0,0,,Home,인천 SSG 랜더스필드,17:00,16.7
김사윤,2020,SK,2020-10-14,@ Samsung,RP,,0.0,1.5,0 ⅔,14,0,0,0,0,1,1,0,,Away,대구 삼성 라이온즈 파크,18:30,18.2
김사윤,2020,SK,2020-10-11,@ Kia,RP,,0.0,1.0,1,16,0,0,0,0,0,1,0,,Away,광주 기아 챔피언스 필드,14:00,22.0
김사윤,2020,SK,2020-10-08,vs. Doosan,RP,,27.0,6.0,0 ⅓,10,1,1,2,0,0,0,1,,Home,인천 SSG 랜더스필드,18:30,20.9
김사윤,2020,SK,2020-09-26,@ Samsung,RP,,0.0,,0,7,1,1,1,1,0,1,0,,Away,대구 삼성 라이온즈 파크,17:00,23.6
김사윤,2020,SK,2020-09-24,@ Kiwoom,RP,,27.0,3.0,1,19,3,3,2,0,0,1,1,,Away,고척 스카이돔,18:30,25.5
김사윤,2020,SK,2020-09-22,@ LG,RP,,0.0,0.0,1,16,0,0,0,0,2,0,0,,Away,잠실 야구장,18:30,23.1
김사윤,2020,SK,2020-09-06,@ Doosan,RP,,27.0,6.0,0 ⅔,27,2,2,2,0,0,2,0,,Away,잠실 야구장,14:00,24.7
김사윤,2020,SK,2020-09-04,@ KT,RP,,0.0,,0,5,0,0,1,0,0,1,0,,Away,수원 KT 위즈파크,18:30,26.2
김사윤,2020,SK,2020-08-30,@ NC,RP,,0.0,3.0,0 ⅔,12,0,0,0,0,0,2,0,,Away,창원 NC 파크,17:00,30.5
김사윤,2020,SK,2020-08-26,@ Lotte,RP,L,27.0,4.5,0 ⅔,25,2,2,1,0,0,2,0,,Away,사직 야구장,18:30,30.9
김사윤,2020,SK,2020-08-25,@ Lotte,RP,W,0.0,0.75,1 ⅓,18,0,0,1,0,1,0,0,,Away,사직 야구장,18:30,31.8
김사윤,2020,SK,2020-08-23,vs. Doosan,RP,,0.0,1.0,1,12,0,0,0,0,0,1,0,,Home,인천 SSG 랜더스필드,17:00,28.2
김사윤,2020,SK,2020-08-21,vs. Samsung,RP,,0.0,0.75,1 ⅓,16,0,0,1,0,0,0,1,,Home,인천 SSG 랜더스필드,18:30,29.2
김사윤,2020,SK,2020-08-18,vs. Hanwha,RP,,0.0,,0,8,0,0,0,0,0,2,0,,Home,인천 SSG 랜더스필드,18:30,29.2
김사윤,2020,SK,2020-08-16,@ Kia,RP,,0.0,1.0,1,19,0,0,0,0,2,1,0,,Away,광주 기아 챔피언스 필드,17:00,33.6
김사윤,2020,SK,2020-08-14,@ Kia,RP,H,0.0,2.0,1,25,0,0,0,0,0,2,1,,Away,광주 기아 챔피언스 필드,18:30,33.0
김사윤,2020,SK,2020-08-12,@ KT,RP,,0.0,0.0,1,11,0,0,0,0,0,0,0,,Away,수원 KT 위즈파크,18:30,31.0
김사윤,2020,SK,2020-08-06,vs. Lotte,RP,,40.5,4.5,0 ⅔,21,3,3,0,0,0,3,0,,Home,인천 SSG 랜더스필드,18:30,26.1
김사윤,2020,SK,2020-07-30,vs. LG,RP,,36.0,3.0,1,27,4,4,3,0,1,0,1,,Home,인천 SSG 랜더스필드,18:30,26.8
김사윤,2020,SK,2020-07-26,@ Hanwha,RP,,0.0,1.5,0 ⅔,18,0,0,0,0,1,1,0,,Away,대전 한화생명 볼파크,17:00,28.8
김사윤,2020,SK,2020-07-24,@ Hanwha,RP,,0.0,,0,11,1,1,0,0,0,2,0,,Away,대전 한화생명 볼파크,18:30,26.0
김사윤,2020,SK,2020-07-21,vs. Lotte,RP,,27.0,3.0,0 ⅔,19,2,2,1,0,1,1,0,,Home,인천 SSG 랜더스필드,18:30,26.6
김사윤,2020,SK,2020-07-17,vs. Kiwoom,RP,,9.0,3.0,1,22,1,1,2,0,2,1,0,,Home,인천 SSG 랜더스필드,18:30,27.4
김사윤,2020,SK,2020-07-11,@ Hanwha,RP,SV,0.0,1.0,1,17,0,0,0,0,2,1,0,,Away,대전 한화생명 볼파크,18:00,29.2
김사윤,2020,SK,2020-07-10,@ Hanwha,RP,,0.0,6.0,0 ⅔,36,3,0,0,0,1,4,0,,Away,대전 한화생명 볼파크,18:30,30.0
김사윤,2020,SK,2020-07-08,vs. NC,RP,H,0.0,0.0,1,15,0,0,0,0,1,0,0,,Home,인천 SSG 랜더스필드,18:30,26.3
김사윤,2020,SK,2020-07-05,@ Lotte,RP,H,9.0,2.0,1,16,1,1,1,0,0,1,0,,Away,사직 야구장,17:00,24.9
김사윤,2020,SK,2020-07-03,@ Lotte,RP,H,0.0,1.0,1,15,0,0,0,0,0,1,0,,Away,사직 야구장,18:30,23.2
김사윤,2020,SK,2020-07-02,@ Samsung,RP,,0.0,,0,7,2,2,1,1,0,1,0,,Away,대구 삼성 라이온즈 파크,18:30,23.4
김사윤,2020,SK,2020-06-28,vs. LG,RP,,9.0,2.0,1,16,1,1,2,0,0,0,0,,Home,인천 SSG 랜더스필드,17:00,26.9
김사윤,2020,SK,2020-06-26,vs. LG,RP,,0.0,9.0,0 ⅓,14,0,0,1,0,0,2,0,,Home,인천 SSG 랜더스필드,18:30,24.0
김사윤,2020,SK,2020-06-25,vs. Doosan,RP,,0.0,0.0,1,9,0,0,0,0,1,0,0,,Home,인천 SSG 랜더스필드,18:30,23.5
김사윤,2020,SK,2020-06-19,@ Kiwoom,RP,H,0.0,1.0,1,14,0,0,1,0,1,0,0,,Away,고척 스카이돔,18:30,25.5
김사윤,2020,SK,2020-06-17,vs. KT,RP,,0.0,1.5,1 ⅓,26,0,0,1,0,4,1,0,,Home,인천 SSG 랜더스필드,18:30,23.7
김사윤,2020,SK,2020-06-14,vs. Kia,RP,H,0.0,0.0,1,17,0,0,0,0,0,0,0,,Home,인천 SSG 랜더스필드,17:00,25.3
김사윤,2020,SK,2020-06-13,vs. Kia,RP,,0.0,1.5,0 ⅔,11,0,0,1,0,0,0,0,,Home,인천 SSG 랜더스필드,17:00,28.8
김사윤,2020,SK,2020-06-11,@ LG,RP,,0.0,1.0,1,13,0,0,0,0,0,1,0,,Away,잠실 야구장,18:30,29.5
김사윤,2020,SK,2020-06-09,@ LG,RP,,0.0,1.0,1,14,0,0,0,0,1,1,1,,Away,잠실 야구장,18:30,29.2
김사윤,2020,SK,2020-06-06,vs. Samsung,RP,,0.0,0.0,1,11,0,0,0,0,2,0,0,,Home,인천 SSG 랜더스필드,17:00,26.5
김사윤,2020,SK,2020-06-05,vs. Samsung,RP,H,0.0,0.0,1,18,0,0,0,0,2,0,1,,Home,인천 SSG 랜더스필드,18:30,24.5
김사윤,2020,SK,2020-05-31,vs. Hanwha,RP,H,0.0,1.0,1,23,0,0,0,0,1,1,0,,Home,인천 SSG 랜더스필드,14:00,22.6
김사윤,2020,SK,2020-05-29,vs. Hanwha,RP,,0.0,2.0,1,23,0,0,2,0,0,0,0,,Home,인천 SSG 랜더스필드,18:30,22.6
김사윤,2020,SK,2020-05-28,@ Doosan,RP,H,0.0,0.6,1 ⅔,15,0,0,0,0,1,1,0,,Away,잠실 야구장,18:30,22.8
김사윤,2020,SK,2020-05-26,@ Doosan,RP,,0.0,3.0,0 ⅓,12,0,0,1,0,1,0,0,,Away,잠실 야구장,18:30,16.0
김사윤,2020,SK,2020-05-24,vs. Kia,RP,,0.0,1.0,1,20,0,0,0,0,1,1,0,,Home,인천 SSG 랜더스필드,14:00,16.0
김사윤,2020,SK,2020-05-21,@ Kiwoom,RP,,0.0,0.75,1 ⅓,21,0,0,1,0,1,0,0,,Away,고척 스카이돔,18:30,25.5
김사윤,2020,SK,2020-05-20,@ Kiwoom,RP,H,0.0,0.0,1,15,0,0,0,0,1,0,0,,Away,고척 스카이돔,18:30,25.5
김사윤,2020,SK,2020-05-15,vs. NC,RP,,0.0,1.5,0 ⅔,15,0,0,1,0,2,0,0,,Home,인천 SSG 랜더스필드,18:30,15.8
김사윤,2020,SK,2020-05-14,@ LG,RP,,0.0,1.0,1,15,0,0,1,0,2,0,0,,Away,잠실 야구장,18:30,22.6
김사윤,2020,SK,2020-05-08,@ Lotte,RP,,0.0,1.0,1,25,0,0,0,0,1,1,0,,Away,사직 야구장,18:30,19.3
김사윤,2020,SK,2020-05-07,vs. Hanwha,RP,,0.0,0.0,1 ⅓,12,0,0,0,0,2,0,0,,Home,인천 SSG 랜더스필드,18:30,21.5
김사윤,2020,SK,2020-05-05,vs. Hanwha,RP,,0.0,1.0,1,13,0,0,1,0,1,0,0,,Home,인천 SSG 랜더스필드,14:00,13.4
김승현,2024,Kia,2024-09-15,vs. Kiwoom,RP,,9.0,2.0,1,18,1,1,2,0,2,0,0,,Home,광주 기아 챔피언스 필드,14:00,33.5
김승현,2024,Kia,2024-09-04,vs. Hanwha,RP,,0.0,0.0,1,10,0,0,0,0,0,0,0,,Home,광주 기아 챔피언스 필드,18:30,29.5
김승현,2024,Kia,2024-08-31,@ Samsung,RP,,6.75,2.25,1 ⅓,27,2,1,1,1,1,2,0,,Away,대구 삼성 라이온즈 파크,18:00,29.1
김승현,2024,Kia,2024-08-29,vs. SSG,RP,,0.0,0.6,1 ⅔,22,0,0,1,0,2,0,0,,Home,광주 기아 챔피언스 필드,18:30,31.9
김승현,2024,Kia,2024-08-27,vs. SSG,RP,,0.0,,0,0,0,0,0,0,0,0,0,,Home,광주 기아 챔피언스 필드,18:30,30.2
김승현,2024,Kia,2024-08-25,@ NC,RP,,0.0,0.75,1 ⅓,13,0,0,1,0,0,0,0,,Away,창원 NC 파크,17:00,32.5
김승현,2024,Kia,2024-07-30,vs. Doosan,RP,,7.71,2.14,2 ⅓,44,2,2,5,0,0,0,0,,Home,광주 기아 챔피언스 필드,18:30,32.1
김승현,2024,Kia,2024-07-25,vs. NC,RP,,0.0,1.2,1 ⅔,21,0,0,2,0,1,0,0,,Home,광주 기아 챔피언스 필드,18:30,31.7
김승현,2024,Kia,2024-07-21,@ Hanwha,RP,W,0.0,3.0,0 ⅓,7,0,0,0,0,1,1,0,,Away,대전 한화생명 볼파크,17:00,32.4
김승현,2024,Kia,2024-07-20,@ Hanwha,RP,,0.0,2.4,1 ⅔,27,3,0,3,0,1,1,0,,Away,대전 한화생명 볼파크,18:00,31.9
김승현,2024,Kia,2024-07-18,vs. Samsung,RP,,6.75,2.25,1 ⅓,25,1,1,3,1,0,0,0,,Home,광주 기아 챔피언스 필드,18:30,29.2
김승현,2024,Kia,2024-06-28,vs. Kiwoom,RP,,9.0,2.0,1,15,1,1,2,1,1,0,0,,Home,광주 기아 챔피언스 필드,18:30,30.0
김승현,2024,Kia,2024-06-27,@ Lotte,RP,,0.0,1.0,2,30,0,0,0,0,2,2,0,,Away,사직 야구장,18:30,23.7
김승현,2024,Kia,2024-06-26,@ Lotte,RP,,54.0,6.0,0 ⅓,12,2,2,1,0,0,1,0,,Away,사직 야구장,18:30,25.2
김승현,2024,Kia,2024-06-23,vs. Hanwha,RP,,0.0,2.0,1,18,0,0,2,0,0,0,0,,Home,광주 기아 챔피언스 필드,17:00,30.2
김승현,2023,Kia,2023-10-11,vs. Kiwoom,RP,,0.0,1.0,1,10,0,0,1,0,1,0,0,,Home,광주 기아 챔피언스 필드,18:30,21.1
김승현,2023,Kia,2023-09-28,@ NC,RP,,4.5,1.5,2,37,1,1,2,1,0,1,0,,Away,창원 NC 파크,18:30,26.0
김승현,2023,Kia,2023-09-27,@ NC,RP,,0.0,3.0,0 ⅓,6,0,0,1,0,0,0,0,,Away,창원 NC 파크,18:30,26.5
김승현,2023,Kia,2023-09-23,vs. KT,RP,,0.0,2.0,1,20,0,0,1,0,0,1,0,,Home,광주 기아 챔피언스 필드,17:00,24.6
김승현,2023,Kia,2023-09-21,@ Hanwha,RP,,0.0,0.75,1 ⅓,22,0,0,0,0,2,1,0,,Away,대전 한화생명 볼파크,18:30,22.0
김승현,2023,Kia,2023-09-18,vs. Doosan,RP,,0.0,1.5,2,41,0,0,2,0,1,1,0,,Home,광주 기아 챔피언스 필드,18:30,29.7
김승현,2023,Kia,2023-09-17,vs. Doosan,RP,,0.0,1.5,0 ⅔,9,0,0,1,0,1,0,0,,Home,광주 기아 챔피언스 필드,14:00,30.1
김승현,2023,Kia,2023-09-08,vs. LG,RP,,67.5,9.0,0 ⅔,28,5,5,3,0,0,3,0,,Home,광주 기아 챔피언스 필드,18:30,28.2
김승현,2023,Kia,2023-09-07,@ Doosan,RP,,0.0,0.0,1,12,0,0,0,0,0,0,0,,Away,잠실 야구장,18:30,28.8
김승현,2023,Kia,2023-06-23,vs. KT,RP,,0.0,1.13,2 ⅔,49,0,0,0,0,2,3,1,,Home,광주 기아 챔피언스 필드,18:30,30.8
김승현,2022,Samsung,2022-06-09,@ Lotte,RP,,13.5,1.5,0 ⅔,9,1,1,1,0,1,0,0,,Away,사직 야구장,18:30,21.8
김승현,2022,Samsung,2022-06-04,vs. Doosan,RP,,27.0,4.0,1,39,5,3,3,2,1,1,0,,Home,대구 삼성 라이온즈 파크,17:00,23.1
김승현,2022,Samsung,2022-06-02,@ Kiwoom,RP,L,27.0,12.0,0 ⅓,26,1,1,2,0,1,2,0,,Away,고척 스카이돔,18:30,25.5
김승현,2022,Samsung,2022-06-01,@ Kiwoom,RP,H,0.0,3.0,0 ⅓,9,0,0,0,0,1,1,0,,Away,고척 스카이돔,18:30,25.5
김승현,2022,Samsung,2022-05-29,@ LG,RP,H,0.0,0.0,1,14,0,0,0,0,0,0,0,,Away,잠실 야구장,14:00,28.1
김승현,2022,Samsung,2022-05-27,@ LG,RP,,0.0,0.0,0 ⅔,9,0,0,0,0,1,0,0,,Away,잠실 야구장,18:30,22.8
곽도규,2024,Kia,2024-09-23,vs. Samsung,RP,,0.0,0.0,1,8,0,0,0,0,1,0,0,,Home,광주 기아 챔피언스 필드,18:30,24.2
곽도규,2024,Kia,2024-09-16,@ KT,RP,SV,0.0,0.75,1 ⅓,25,0,0,1,0,2,0,0,,Away,수원 KT 위즈파크,18:30,31.3
곽도규,2024,Kia,2024-09-14,vs. Kiwoom,RP,,9.0,2.0,1,17,1,1,2,0,0,0,0,,Home,광주 기아 챔피언스 필드,17:00,33.4
곽도규,2024,Kia,2024-09-12,vs. Lotte,RP,,0.0,1.0,1,15,0,0,1,0,3,0,0,,Home,광주 기아 챔피언스 필드,18:30,31.8
곽도규,2024,Kia,2024-09-08,vs. Kiwoom,RP,W,0.0,6.0,0 ⅓,23,0,0,0,0,1,2,0,,Home,광주 기아 챔피언스 필드,14:00,32.0
곽도규,2024,Kia,2024-09-07,vs. Kiwoom,RP,,9.0,1.0,1,15,1,1,1,0,1,0,0,,Home,광주 기아 챔피언스 필드,17:00,28.8
곽도규,2024,Kia,2024-09-05,vs. Hanwha,RP,,0.0,3.0,0 ⅔,13,0,0,2,0,2,0,0,,Home,광주 기아 챔피언스 필드,18:30,30.7
곽도규,2024,Kia,2024-09-03,vs. LG,RP,H,0.0,0.0,0 ⅔,10,0,0,0,0,0,0,0,,Home,광주 기아 챔피언스 필드,18:30,29.6
곽도규,2024,Kia,2024-08-31,@ Samsung,RP,W,0.0,0.6,1 ⅔,26,0,0,0,0,1,1,0,,Away,대구 삼성 라이온즈 파크,18:00,29.1
곽도규,2024,Kia,2024-08-28,vs. SSG,RP,,0.0,1.0,1,19,0,0,0,0,1,1,0,,Home,광주 기아 챔피언스 필드,18:30,30.8
곽도규,2024,Kia,2024-08-24,@ NC,RP,H,0.0,0.75,1 ⅓,28,0,0,1,0,1,0,1,,Away,창원 NC 파크,18:00,32.8
곽도규,2024,Kia,2024-08-21,vs. Lotte,RP,,9.0,2.0,1,21,1,1,1,1,0,1,0,,Home,광주 기아 챔피언스 필드,18:30,32.4
곽도규,2024,Kia,2024-08-18,@ LG,RP,,0.0,3.0,0 ⅓,12,0,0,0,0,1,1,0,,Away,잠실 야구장,17:00,32.5
곽도규,2024,Kia,2024-08-16,@ LG,RP,,0.0,0.0,1,9,0,0,0,0,2,0,0,,Away,잠실 야구장,18:30,33.0
곽도규,2024,Kia,2024-08-14,@ Kiwoom,RP,H,0.0,3.0,0 ⅓,10,0,0,0,0,0,1,0,,Away,고척 스카이돔,18:30,25.5
곽도규,2024,Kia,2024-08-13,@ Kiwoom,RP,H,0.0,0.0,1,14,0,0,0,0,1,0,1,,Away,고척 스카이돔,18:30,25.5
곽도규,2024,Kia,2024-08-11,vs. Samsung,RP,,0.0,0.0,0 ⅓,1,0,0,0,0,0,0,0,,Home,광주 기아 챔피언스 필드,17:00,32.2
곽도규,2024,Kia,2024-08-09,vs. Samsung,RP,,6.75,1.5,1 ⅓,23,1,1,2,0,1,0,0,,Home,광주 기아 챔피언스 필드,18:30,30.0
곽도규,2024,Kia,2024-08-08,vs. KT,RP,,0.0,0.0,1,15,0,0,0,0,1,0,0,,Home,광주 기아 챔피언스 필드,18:30,31.1
곽도규,2024,Kia,2024-08-06,vs. KT,RP,H,0.0,0.0,0 ⅓,7,0,0,0,0,0,0,0,,Home,광주 기아 챔피언스 필드,18:30,32.6
곽도규,2024,Kia,2024-08-01,vs. Doosan,RP,,0.0,0.0,0 ⅓,12,0,0,0,0,0,0,1,,Home,광주 기아 챔피언스 필드,18:30,33.1
곽도규,2024,Kia,2024-07-31,vs. Doosan,RP,,0.0,2.0,1,28,0,0,1,0,2,1,0,,Home,광주 기아 챔피언스 필드,18:30,32.4
곽도규,2024,Kia,2024-07-28,@ Kiwoom,RP,,0.0,1.0,1,14,0,0,0,0,1,1,0,,Away,고척 스카이돔,14:00,25.5
곽도규,2024,Kia,2024-07-27,@ Kiwoom,RP,H,0.0,0.0,1,12,0,0,0,0,1,0,0,,Away,고척 스카이돔,18:00,25.5
곽도규,2024,Kia,2024-07-25,vs. NC,RP,,0.0,0.0,1,15,0,0,0,0,2,0,0,,Home,광주 기아 챔피언스 필드,18:30,31.7
곽도규,2024,Kia,2024-07-21,@ Hanwha,RP,,54.0,9.0,0 ⅓,11,2,2,2,1,0,1,0,,Away,대전 한화생명 볼파크,17:00,32.4
곽도규,2024,Kia,2024-07-20,@ Hanwha,RP,,0.0,1.0,1,22,0,0,1,0,2,0,0,,Away,대전 한화생명 볼파크,18:00,31.9
곽도규,2024,Kia,2024-07-18,vs. Samsung,RP,H,0.0,0.0,0 ⅓,3,0,0,0,0,0,0,0,,Home,광주 기아 챔피언스 필드,18:30,29.2
곽도규,2024,Kia,2024-07-17,vs. Samsung,RP,,0.0,1.0,1,23,0,0,0,0,1,1,0,,Home,광주 기아 챔피언스 필드,18:30,30.1
곽도규,2024,Kia,2024-07-13,vs. SSG,RP,,36.0,4.0,1,32,4,4,4,0,1,0,1,,Home,광주 기아 챔피언스 필드,18:00,29.3
곽도규,2024,Kia,2024-07-09,@ LG,RP,,0.0,3.0,0 ⅔,11,0,0,1,0,0,1,0,,Away,잠실 야구장,18:30,27.4
곽도규,2024,Kia,2024-07-02,@ Samsung,RP,,0.0,0.0,0 ⅓,7,0,0,0,0,1,0,0,,Away,대구 삼성 라이온즈 파크,18:30,27.0
곽도규,2024,Kia,2024-06-26,@ Lotte,RP,L,0.0,,0,8,1,1,2,0,0,0,0,,Away,사직 야구장,18:30,25.2
곽도규,2024,Kia,2024-06-25,@ Lotte,RP,,0.0,,0,9,1,0,1,0,0,1,0,,Away,사직 야구장,18:30,24.2
곽도규,2024,Kia,2024-06-23,vs. Hanwha,RP,H,0.0,0.0,0 ⅔,7,0,0,0,0,0,0,0,,Home,광주 기아 챔피언스 필드,17:00,30.2
곽도규,2024,Kia,2024-06-21,vs. Hanwha,RP,SV,0.0,0.0,1 ⅓,16,0,0,0,0,2,0,0,,Home,광주 기아 챔피언스 필드,18:30,29.8
곽도규,2024,Kia,2024-06-19,vs. LG,RP,,13.5,6.0,0 ⅔,16,1,1,3,0,0,1,0,,Home,광주 기아 챔피언스 필드,18:30,29.7
곽도규,2024,Kia,2024-06-18,vs. LG,RP,,0.0,1.5,0 ⅔,14,0,0,0,0,1,1,0,,Home,광주 기아 챔피언스 필드,18:30,28.5
곽도규,2024,Kia,2024-06-16,@ KT,RP,H,0.0,0.0,0 ⅓,6,0,0,0,0,0,0,0,,Away,수원 KT 위즈파크,17:00,26.9
곽도규,2024,Kia,2024-06-09,@ Doosan,RP,,0.0,1.0,1,16,0,0,1,0,2,0,0,,Away,잠실 야구장,17:00,27.2
곽도규,2024,Kia,2024-06-08,@ Doosan,RP,,0.0,0.0,1,9,0,0,0,0,0,0,0,,Away,잠실 야구장,17:00,24.7
곽도규,2024,Kia,2024-06-06,vs. Lotte,RP,W,13.5,3.0,0 ⅔,23,1,1,2,1,1,0,0,,Home,광주 기아 챔피언스 필드,18:30,25.3
곽도규,2024,Kia,2024-05-26,vs. Doosan,RP,,0.0,1.0,1,19,0,0,0,0,0,1,0,,Home,광주 기아 챔피언스 필드,14:00,22.8
곽도규,2024,Kia,2024-05-24,vs. Doosan,RP,,0.0,1.0,1,18,0,0,1,0,0,0,0,,Home,광주 기아 챔피언스 필드,18:30,26.7
곽도규,2024,Kia,2024-05-23,@ Lotte,RP,,0.0,1.0,1,15,0,0,0,0,1,1,0,,Away,사직 야구장,18:30,22.8
곽도규,2024,Kia,2024-05-21,@ Lotte,RP,L,0.0,,0,14,3,3,1,0,0,2,0,,Away,사직 야구장,18:30,19.0
곽도규,2024,Kia,2024-05-18,@ NC,RP,,0.0,0.0,1,15,0,0,0,0,1,0,0,,Away,창원 NC 파크,17:00,25.5
곽도규,2024,Kia,2024-05-16,vs. Doosan,RP,,0.0,,0,14,2,2,0,0,0,2,0,,Home,광주 기아 챔피언스 필드,18:30,18.9
곽도규,2024,Kia,2024-05-15,vs. Doosan,RP,H,0.0,0.75,1 ⅓,24,0,0,1,0,3,0,0,,Home,광주 기아 챔피언스 필드,18:30,11.6
곽도규,2024,Kia,2024-05-12,vs. SSG,RP,H,0.0,3.0,0 ⅔,20,0,0,1,0,0,1,0,,Home,광주 기아 챔피언스 필드,14:00,22.6
곽도규,2024,Kia,2024-05-09,@ Samsung,RP,,0.0,2.0,1,25,0,0,0,0,3,2,0,,Away,대구 삼성 라이온즈 파크,18:30,18.9
곽도규,2024,Kia,2024-05-08,@ Samsung,RP,,0.0,0.0,0 ⅔,5,0,0,0,0,0,0,0,,Away,대구 삼성 라이온즈 파크,18:30,14.3
곽도규,2024,Kia,2024-05-03,vs. Hanwha,RP,,9.0,1.0,1,15,1,1,1,1,1,0,0,,Home,광주 기아 챔피언스 필드,18:30,24.0
곽도규,2024,Kia,2024-05-02,vs. KT,RP,,0.0,0.0,0 ⅔,7,0,0,0,0,0,0,0,,Home,광주 기아 챔피언스 필드,18:30,21.0
곽도규,2024,Kia,2024-04-28,@ LG,RP,H,0.0,1.0,1,14,0,0,0,0,0,1,0,,Away,잠실 야구장,14:00,27.6
곽도규,2024,Kia,2024-04-26,@ LG,RP,,0.0,3.0,0 ⅓,7,0,0,1,0,1,0,0,,Away,잠실 야구장,18:30,23.8
곽도규,2024,Kia,2024-04-23,@ Kiwoom,RP,W,0.0,0.0,1 ⅓,14,0,0,0,0,2,0,0,,Away,고척 스카이돔,18:30,25.5
곽도규,2024,Kia,2024-04-21,vs. NC,RP,,18.0,3.0,1,32,2,2,1,0,0,2,0,,Home,광주 기아 챔피언스 필드,14:00,16.4
곽도규,2024,Kia,2024-04-17,@ SSG,RP,,13.5,4.5,0 ⅔,29,1,1,1,0,1,2,0,,Away,인천 SSG 랜더스필드,18:30,14.5
곽도규,2024,Kia,2024-04-16,@ SSG,RP,,0.0,0.0,0 ⅔,8,0,0,0,0,1,0,0,,Away,인천 SSG 랜더스필드,18:30,11.5
곽도규,2024,Kia,2024-04-13,@ Hanwha,RP,,0.0,,0,18,0,0,1,0,0,2,0,,Away,대전 한화생명 볼파크,17:00,27.7
곽도규,2024,Kia,2024-04-12,@ Hanwha,RP,H,0.0,1.0,1,16,0,0,1,0,1,0,0,,Away,대전 한화생명 볼파크,18:30,23.3
곽도규,2024,Kia,2024-04-10,vs. LG,RP,,0.0,0.0,1 ⅓,13,0,0,0,0,2,0,0,,Home,광주 기아 챔피언스 필드,18:30,19.9
곽도규,2024,Kia,2024-04-09,vs. LG,RP,,0.0,2.0,1,26,1,0,1,0,2,1,0,,Home,광주 기아 챔피언스 필드,18:30,17.6
곽도규,2024,Kia,2024-04-06,vs. Samsung,RP,,0.0,0.0,1,11,0,0,0,0,2,0,0,,Home,광주 기아 챔피언스 필드,17:00,19.2
곽도규,2024,Kia,2024-04-05,vs. Samsung,RP,H,0.0,1.5,0 ⅔,12,0,0,0,0,1,1,0,,Home,광주 기아 챔피언스 필드,18:30,16.5
곽도규,2024,Kia,2024-04-03,@ KT,RP,,0.0,1.0,1,18,0,0,1,0,2,0,0,,Away,수원 KT 위즈파크,18:30,16.1
곽도규,2024,Kia,2024-03-31,@ Doosan,RP,,0.0,6.0,0 ⅓,10,0,0,2,0,1,0,0,,Away,잠실 야구장,14:00,16.1
곽도규,2024,Kia,2024-03-29,@ Doosan,RP,H,0.0,0.0,0 ⅔,5,0,0,0,0,1,0,0,,Away,잠실 야구장,18:30,11.2
곽도규,2024,Kia,2024-03-27,vs. Lotte,RP,,0.0,1.0,1,13,0,0,0,0,1,1,0,,Home,광주 기아 챔피언스 필드,18:30,13.6
곽도규,2024,Kia,2024-03-23,vs. Kiwoom,RP,H,0.0,0.0,0 ⅓,6,0,0,0,0,1,0,0,,Home,광주 기아 챔피언스 필드,14:00,22.7
곽도규,2023,Kia,2023-10-10,vs. SSG,RP,,0.0,1.0,1,21,0,0,1,0,2,0,0,,Home,광주 기아 챔피언스 필드,18:30,19.6
곽도규,2023,Kia,2023-09-28,@ NC,RP,,9.0,3.0,1,22,1,1,3,0,2,0,0,,Away,창원 NC 파크,18:30,26.0
곽도규,2023,Kia,2023-09-27,@ NC,RP,,40.5,3.0,0 ⅔,11,3,3,1,0,0,1,1,,Away,창원 NC 파크,18:30,26.5
곽도규,2023,Kia,2023-09-21,@ Hanwha,RP,,0.0,1.0,1,15,0,0,0,0,1,1,0,,Away,대전 한화생명 볼파크,18:30,22.0
곽도규,2023,Kia,2023-09-18,vs. Doosan,RP,,0.0,0.0,1,13,0,0,0,0,1,0,0,,Home,광주 기아 챔피언스 필드,18:30,29.7
곽도규,2023,Kia,2023-09-17,vs. Doosan,RP,,13.5,6.0,0 ⅔,15,1,1,3,0,1,1,0,,Home,광주 기아 챔피언스 필드,14:00,30.1
곽도규,2023,Kia,2023-09-12,@ Samsung,RP,,0.0,0.0,0 ⅓,6,0,0,0,0,0,0,0,,Away,대구 삼성 라이온즈 파크,18:30,28.7
곽도규,2023,Kia,2023-09-09,vs. LG,RP,,9.0,2.0,1,21,1,1,1,0,0,1,1,,Home,광주 기아 챔피언스 필드,17:00,29.1
곽도규,2023,Kia,2023-06-16,vs. NC,RP,,0.0,,0,4,1,1,0,0,0,1,0,,Home,광주 기아 챔피언스 필드,18:30,29.3
곽도규,2023,Kia,2023-06-07,vs. SSG,RP,,0.0,0.0,1 ⅓,13,0,0,0,0,2,0,0,,Home,광주 기아 챔피언스 필드,18:30,26.0
곽도규,2023,Kia,2023-06-02,@ Lotte,RP,,9.0,4.0,1,33,1,1,2,0,1,2,0,,Away,사직 야구장,18:30,25.2
곽도규,2023,Kia,2023-05-31,vs. KT,RP,,0.0,0.0,1,14,0,0,0,0,2,0,0,,Home,광주 기아 챔피언스 필드,18:30,26.7
곽도규,2023,Kia,2023-04-14,@ Kiwoom,RP,,54.0,9.0,0 ⅓,18,2,2,1,0,1,2,0,,Away,고척 스카이돔,18:30,25.5
곽도규,2023,Kia,2023-04-13,vs. Hanwha,RP,,6.75,2.25,1 ⅓,24,1,1,2,0,1,1,0,,Home,광주 기아 챔피언스 필드,18:30,22.0
이의리,2024,Kia,2024-05-29,@ NC,SP,,9.0,2.33,3,63,3,3,4,2,0,3,0,36.0,Away,창원 NC 파크,18:30,23.2
이의리,2024,Kia,2024-04-10,vs. LG,SP,,20.25,6.75,1 ⅓,55,3,3,5,0,1,4,0,29.0,Home,광주 기아 챔피언스 필드,18:30,19.9
이의리,2024,Kia,2024-04-04,@ KT,SP,W,3.6,1.6,5,92,2,2,6,1,7,2,0,52.0,Away,수원 KT 위즈파크,18:30,16.5
이의리,2024,Kia,2024-03-29,@ Doosan,SP,,0.0,1.75,4,78,2,0,2,0,6,5,0,55.0,Away,잠실 야구장,18:30,11.2
이의리,2023,Kia,2023-10-16,vs. NC,SP,,3.6,1.4,5,90,2,2,4,0,6,3,0,54.0,Home,광주 기아 챔피언스 필드,18:30,16.0
이의리,2023,Kia,2023-10-09,vs. Samsung,SP,,1.59,1.59,5 ⅔,115,1,1,5,0,10,4,0,61.0,Home,광주 기아 챔피언스 필드,18:30,20.3
이의리,2023,Kia,2023-10-03,@ KT,SP,,1.69,1.69,5 ⅓,109,1,1,4,0,4,5,0,55.0,Away,수원 KT 위즈파크,18:30,21.0
이의리,2023,Kia,2023-09-27,@ NC,SP,W,0.0,0.57,7,77,0,0,3,0,3,1,0,73.0,Away,창원 NC 파크,18:30,26.5
이의리,2023,Kia,2023-09-21,@ Hanwha,SP,L,27.0,3.0,1 ⅓,45,5,4,2,0,3,2,1,32.0,Away,대전 한화생명 볼파크,18:30,22.0
이의리,2023,Kia,2023-09-09,vs. LG,SP,,6.23,1.85,4 ⅓,85,4,3,3,0,3,5,0,41.0,Home,광주 기아 챔피언스 필드,17:00,29.1
이의리,2023,Kia,2023-09-03,@ SSG,SP,,12.0,2.33,3,85,4,4,4,2,4,3,0,36.0,Away,인천 SSG 랜더스필드,14:00,29.7
이의리,2023,Kia,2023-08-22,@ KT,SP,,4.5,1.0,4,76,2,2,4,0,5,0,2,49.0,Away,수원 KT 위즈파크,18:30,30.5
이의리,2023,Kia,2023-08-16,vs. Kiwoom,SP,W,1.5,1.17,6,99,1,1,5,0,9,2,0,65.0,Home,광주 기아 챔피언스 필드,18:30,31.9
이의리,2023,Kia,2023-08-09,vs. LG,SP,L,3.0,1.33,6,95,4,2,8,1,3,0,1,46.0,Home,광주 기아 챔피언스 필드,18:30,29.2
이의리,2023,Kia,2023-08-03,@ Samsung,SP,W,7.2,2.2,5,92,4,4,8,0,4,3,1,35.0,Away,대구 삼성 라이온즈 파크,18:30,32.2
이의리,2023,Kia,2023-07-28,vs. Lotte,SP,W,4.5,1.17,6,98,3,3,4,0,8,3,0,57.0,Home,광주 기아 챔피언스 필드,18:30,32.2
이의리,2023,Kia,2023-07-08,@ KT,SP,W,0.0,1.0,5,99,0,0,3,0,8,2,0,67.0,Away,수원 KT 위즈파크,18:00,29.5
이의리,2023,Kia,2023-06-27,vs. Kiwoom,SP,L,11.57,1.71,4 ⅔,96,6,6,2,1,5,6,0,35.0,Home,광주 기아 챔피언스 필드,18:30,31.0
이의리,2023,Kia,2023-06-22,@ Hanwha,SP,L,2.08,1.85,4 ⅓,104,1,1,4,0,6,4,0,53.0,Away,대전 한화생명 볼파크,18:30,26.5
이의리,2023,Kia,2023-06-16,vs. NC,SP,,17.18,2.45,3 ⅔,87,7,7,3,0,3,6,0,24.0,Home,광주 기아 챔피언스 필드,18:30,29.3
이의리,2023,Kia,2023-06-10,@ Doosan,SP,W,4.5,1.17,6,95,3,3,4,0,4,3,0,53.0,Away,잠실 야구장,17:00,24.3
이의리,2023,Kia,2023-06-04,@ Lotte,SP,W,0.0,1.2,5,104,0,0,2,0,8,4,0,67.0,Away,사직 야구장,17:00,24.1
이의리,2023,Kia,2023-05-30,vs. KT,SP,W,1.8,1.4,5,100,1,1,2,0,11,5,0,65.0,Home,광주 기아 챔피언스 필드,18:30,22.5
이의리,2023,Kia,2023-05-25,@ Hanwha,SP,,18.0,1.0,1,22,2,2,0,0,2,1,1,45.0,Away,대전 한화생명 볼파크,18:30,24.4
이의리,2023,Kia,2023-05-19,vs. Kiwoom,SP,W,1.29,0.57,7,103,1,1,2,0,9,2,1,75.0,Home,광주 기아 챔피언스 필드,18:30,24.2
이의리,2023,Kia,2023-05-12,@ Doosan,SP,L,4.5,2.0,4,101,2,2,5,0,4,3,0,45.0,Away,잠실 야구장,18:30,23.1
이의리,2023,Kia,2023-04-30,@ LG,SP,,5.79,2.14,4 ⅔,102,3,3,6,0,6,4,0,42.0,Away,잠실 야구장,14:00,16.9
이의리,2023,Kia,2023-04-25,vs. NC,SP,L,2.25,2.0,4,87,1,1,5,0,6,3,1,50.0,Home,광주 기아 챔피언스 필드,18:30,10.7
이의리,2023,Kia,2023-04-19,@ Lotte,SP,W,0.0,1.06,5 ⅔,101,0,0,3,0,8,3,0,68.0,Away,사직 야구장,18:30,16.6
이의리,2023,Kia,2023-04-13,vs. Hanwha,SP,L,1.8,1.6,5,101,1,1,3,0,6,5,0,58.0,Home,광주 기아 챔피언스 필드,18:30,22.0
이의리,2023,Kia,2023-04-08,vs. Doosan,SP,,6.0,2.33,3,77,2,2,2,0,5,5,0,47.0,Home,광주 기아 챔피언스 필드,17:00,14.6
이의리,2023,Kia,2023-04-02,@ SSG,SP,W,1.8,1.8,5,101,3,1,3,0,3,6,0,50.0,Away,인천 SSG 랜더스필드,14:00,22.7
이의리,2022,Kia,2022-10-04,@ LG,SP,W,3.6,1.8,5,83,2,2,6,0,3,3,0,47.0,Away,잠실 야구장,18:30,17.4
이의리,2022,Kia,2022-09-24,@ NC,SP,W,0.0,1.33,6,104,0,0,2,0,5,6,0,67.0,Away,창원 NC 파크,17:00,21.4
이의리,2022,Kia,2022-09-18,@ Samsung,SP,,5.4,1.6,5,89,4,3,6,0,5,2,0,44.0,Away,대구 삼성 라이온즈 파크,14:00,30.9
이의리,2022,Kia,2022-09-13,vs. Kiwoom,SP,L,4.15,1.62,4 ⅓,96,2,2,2,0,7,5,0,53.0,Home,광주 기아 챔피언스 필드,18:30,27.9
이의리,2022,Kia,2022-09-01,vs. Samsung,SP,L,4.5,2.0,4,96,2,2,3,0,3,5,1,45.0,Home,광주 기아 챔피언스 필드,18:30,27.1
이의리,2022,Kia,2022-08-25,@ LG,SP,W,0.0,0.83,6,115,0,0,1,0,7,4,1,72.0,Away,잠실 야구장,18:30,24.3
이의리,2022,Kia,2022-08-19,vs. NC,SP,,13.5,2.75,4,92,8,6,7,2,4,4,1,19.0,Home,광주 기아 챔피언스 필드,18:30,32.2
이의리,2022,Kia,2022-08-13,vs. Lotte,SP,W,0.0,0.57,7,91,0,0,2,0,10,2,0,81.0,Home,광주 기아 챔피언스 필드,18:00,32.3
이의리,2022,Kia,2022-08-05,vs. Doosan,SP,L,3.38,1.69,5 ⅓,101,5,2,7,2,5,2,1,42.0,Home,광주 기아 챔피언스 필드,18:30,33.3
이의리,2022,Kia,2022-07-30,vs. SSG,SP,L,9.0,2.25,4,91,4,4,6,1,4,3,0,35.0,Home,광주 기아 챔피언스 필드,18:00,31.5
이의리,2022,Kia,2022-07-24,@ Lotte,SP,W,0.0,0.57,7,91,0,0,3,0,9,1,0,79.0,Away,사직 야구장,17:00,28.3
이의리,2022,Kia,2022-07-14,@ LG,RP,,5.4,2.4,1 ⅔,32,2,1,4,0,2,0,1,,Away,잠실 야구장,18:30,29.8
이의리,2022,Kia,2022-07-08,vs. Hanwha,SP,W,3.86,0.57,7,99,3,3,2,1,7,2,0,66.0,Home,광주 기아 챔피언스 필드,18:30,31.5
이의리,2022,Kia,2022-07-03,@ SSG,SP,L,4.5,1.0,6,104,3,3,5,1,10,1,0,59.0,Away,인천 SSG 랜더스필드,17:00,31.0
이의리,2022,Kia,2022-06-28,@ Kiwoom,SP,L,7.94,1.94,5 ⅔,106,5,5,7,1,5,4,0,36.0,Away,고척 스카이돔,18:30,25.5
이의리,2022,Kia,2022-06-22,vs. Lotte,SP,,5.4,1.4,5,85,3,3,5,0,6,2,0,49.0,Home,광주 기아 챔피언스 필드,18:30,32.2
이의리,2022,Kia,2022-06-16,@ NC,SP,W,3.0,1.33,6,86,2,2,8,0,4,0,0,52.0,Away,창원 NC 파크,18:30,24.9
이의리,2022,Kia,2022-06-10,vs. Kiwoom,SP,L,11.25,2.0,4,91,5,5,5,2,5,3,1,33.0,Home,광주 기아 챔피언스 필드,18:30,25.3
이의리,2022,Kia,2022-06-03,@ KT,SP,L,6.43,1.14,7,118,5,5,8,1,8,0,0,49.0,Away,수원 KT 위즈파크,18:30,25.5
이의리,2022,Kia,2022-05-28,vs. SSG,SP,W,4.5,1.33,6,83,3,3,5,1,5,3,1,51.0,Home,광주 기아 챔피언스 필드,17:00,28.3
이의리,2022,Kia,2022-05-22,vs. NC,SP,W,1.8,1.4,5,100,1,1,4,1,5,3,1,56.0,Home,광주 기아 챔피언스 필드,14:00,28.5
이의리,2022,Kia,2022-05-17,@ Lotte,SP,,1.29,0.86,7,92,1,1,5,1,8,1,0,70.0,Away,사직 야구장,18:30,20.4
이의리,2022,Kia,2022-05-11,vs. KT,SP,L,12.0,3.0,3,76,8,4,7,1,4,2,0,23.0,Home,광주 기아 챔피언스 필드,18:30,23.5
이의리,2022,Kia,2022-05-05,vs. Kiwoom,SP,W,0.0,0.25,8,100,1,0,1,0,7,1,0,84.0,Home,광주 기아 챔피언스 필드,14:00,24.6
이의리,2022,Kia,2022-04-29,vs. Samsung,SP,,1.29,0.71,7,83,1,1,3,1,3,2,0,68.0,Home,광주 기아 챔피언스 필드,18:30,17.4
이의리,2022,Kia,2022-04-23,@ Kiwoom,SP,L,4.5,1.67,6,102,3,3,6,1,6,4,0,50.0,Away,고척 스카이돔,17:00,25.5
이의리,2022,Kia,2022-04-17,@ NC,SP,,1.8,1.2,5,100,1,1,1,0,6,5,1,61.0,Away,창원 NC 파크,14:00,21.5
이의리,2022,Kia,2022-04-12,vs. Lotte,SP,,12.0,2.33,3,78,5,4,5,1,4,2,0,33.0,Home,광주 기아 챔피언스 필드,18:30,24.6
이의리,2022,Kia,2022-04-06,vs. Hanwha,SP,,0.0,1.0,4,65,0,0,2,0,4,2,0,60.0,Home,광주 기아 챔피언스 필드,18:30,18.1
이의리,2021,Kia,2021-09-12,vs. NC,SP,L,0.0,2.33,3,69,1,0,4,0,5,3,0,51.0,Home,광주 기아 챔피언스 필드,14:00,29.7
이의리,2021,Kia,2021-09-02,vs. Samsung,SP,L,5.4,1.4,5,77,3,3,6,1,4,1,0,46.0,Home,광주 기아 챔피언스 필드,18:30,24.6
이의리,2021,Kia,2021-08-26,vs. Lotte,SP,,4.5,1.75,4,78,2,2,1,0,3,6,0,49.0,Home,광주 기아 챔피언스 필드,18:30,30.3
이의리,2021,Kia,2021-08-20,vs. Kiwoom,SP,,1.8,1.2,5,88,1,1,4,0,2,2,0,55.0,Home,광주 기아 챔피언스 필드,18:30,28.3
이의리,2021,Kia,2021-08-14,@ SSG,SP,,1.5,0.83,6,92,1,1,3,1,6,2,1,65.0,Away,인천 SSG 랜더스필드,18:00,27.6
이의리,2021,Kia,2021-07-11,vs. KT,SP,,0.0,1.2,5,95,0,0,1,0,2,5,0,62.0,Home,광주 기아 챔피언스 필드,17:00,32.3
이의리,2021,Kia,2021-07-02,vs. Doosan,SP,W,3.0,1.0,6,92,2,2,4,0,7,2,0,61.0,Home,광주 기아 챔피언스 필드,18:30,29.8
이의리,2021,Kia,2021-06-22,@ KT,SP,L,7.2,1.6,5,87,4,4,5,0,3,3,0,41.0,Away,수원 KT 위즈파크,18:30,26.5
이의리,2021,Kia,2021-06-16,vs. SSG,SP,W,0.0,0.53,5 ⅔,106,0,0,1,0,10,2,0,75.0,Home,광주 기아 챔피언스 필드,18:30,26.3
이의리,2021,Kia,2021-06-08,@ Samsung,SP,L,6.0,1.67,6,87,4,4,6,0,2,4,0,42.0,Away,대구 삼성 라이온즈 파크,18:30,24.4
이의리,2021,Kia,2021-06-02,@ Hanwha,SP,W,1.8,1.2,5,78,1,1,3,0,3,3,0,57.0,Away,대전 한화생명 볼파크,18:30,27.9
이의리,2021,Kia,2021-05-27,vs. Kiwoom,SP,,9.0,1.75,4,96,4,4,4,1,8,3,1,42.0,Home,광주 기아 챔피언스 필드,18:30,20.9
이의리,2021,Kia,2021-05-21,@ Samsung,SP,L,7.2,2.0,5,84,4,4,5,0,4,5,0,40.0,Away,대구 삼성 라이온즈 파크,18:30,20.1
이의리,2021,Kia,2021-05-12,vs. LG,SP,,5.79,1.93,4 ⅔,95,3,3,6,0,4,3,0,41.0,Home,광주 기아 챔피언스 필드,18:30,26.5
이의리,2021,Kia,2021-05-06,@ Lotte,SP,,9.0,2.33,3,67,6,3,4,1,5,3,0,35.0,Away,사직 야구장,18:30,18.5
이의리,2021,Kia,2021-04-28,vs. Hanwha,SP,W,0.0,0.5,6,85,0,0,2,0,10,1,0,77.0,Home,광주 기아 챔피언스 필드,18:30,20.1
이의리,2021,Kia,2021-04-22,@ LG,SP,,1.35,0.75,6 ⅔,89,1,1,4,1,5,1,0,66.0,Away,잠실 야구장,18:30,23.7
이의리,2021,Kia,2021-04-15,vs. Lotte,SP,,6.75,1.75,4,94,3,3,3,0,7,4,0,47.0,Home,광주 기아 챔피언스 필드,18:30,17.6
이의리,2021,Kia,2021-04-08,@ Kiwoom,SP,,3.18,1.06,5 ⅔,84,2,2,3,1,3,3,0,55.0,Away,고척 스카이돔,18:30,25.5
양현종,2024,Kia,2024-09-25,vs. Lotte,SP,L,9.0,1.4,5,66,5,5,7,0,4,0,0,37.0,Home,광주 기아 챔피언스 필드,18:30,27.0
양현종,2024,Kia,2024-09-15,vs. Kiwoom,SP,L,10.38,2.77,4 ⅓,82,7,5,10,1,2,2,0,13.0,Home,광주 기아 챔피언스 필드,14:00,33.5
양현종,2024,Kia,2024-09-08,vs. Kiwoom,SP,,1.29,0.43,7,83,1,1,2,0,10,1,0,78.0,Home,광주 기아 챔피언스 필드,14:00,32.0
양현종,2024,Kia,2024-09-03,vs. LG,SP,W,4.5,1.33,6,97,3,3,6,2,4,2,0,50.0,Home,광주 기아 챔피언스 필드,18:30,29.6
양현종,2024,Kia,2024-08-27,vs. SSG,SP,W,7.2,2.0,5,92,4,4,7,1,3,3,0,37.0,Home,광주 기아 챔피언스 필드,18:30,30.2
양현종,2024,Kia,2024-08-21,vs. Lotte,SP,,7.2,1.6,5,69,4,4,7,2,7,1,0,43.0,Home,광주 기아 챔피언스 필드,18:30,32.4
양현종,2024,Kia,2024-08-15,@ Kiwoom,SP,W,1.29,1.0,7,95,1,1,4,1,4,3,0,66.0,Away,고척 스카이돔,18:30,25.5
양현종,2024,Kia,2024-08-09,vs. Samsung,SP,,7.71,1.93,4 ⅔,98,4,4,7,0,3,2,2,33.0,Home,광주 기아 챔피언스 필드,18:30,30.0
양현종,2024,Kia,2024-08-03,@ Hanwha,SP,W,3.0,1.33,6,100,3,2,7,1,7,1,0,54.0,Away,대전 한화생명 볼파크,18:00,34.6
양현종,2024,Kia,2024-07-28,@ Kiwoom,SP,,0.0,0.83,6,99,3,0,4,0,3,1,0,60.0,Away,고척 스카이돔,14:00,25.5
양현종,2024,Kia,2024-07-23,vs. NC,SP,W,1.0,0.44,9,95,1,1,4,1,6,0,0,81.0,Home,광주 기아 챔피언스 필드,18:30,29.9
양현종,2024,Kia,2024-07-17,vs. Samsung,SP,,9.64,2.14,4 ⅔,87,5,5,7,0,4,3,0,31.0,Home,광주 기아 챔피언스 필드,18:30,30.1
양현종,2024,Kia,2024-07-10,@ LG,SP,,1.8,1.2,5,87,1,1,6,1,3,0,0,54.0,Away,잠실 야구장,18:30,30.8
양현종,2024,Kia,2024-07-04,@ Samsung,SP,,5.4,1.2,5,96,3,3,5,2,5,1,0,49.0,Away,대구 삼성 라이온즈 파크,18:30,30.1
양현종,2024,Kia,2024-06-18,vs. LG,SP,W,5.4,1.8,5,73,3,3,7,0,2,2,0,41.0,Home,광주 기아 챔피언스 필드,18:30,28.5
양현종,2024,Kia,2024-06-12,@ SSG,SP,W,7.94,1.59,5 ⅔,93,5,5,8,1,6,1,0,38.0,Away,인천 SSG 랜더스필드,18:30,23.9
양현종,2024,Kia,2024-06-06,vs. Lotte,SP,,4.5,1.0,6,94,3,3,5,1,5,1,0,54.0,Home,광주 기아 챔피언스 필드,18:30,25.3
양현종,2024,Kia,2024-05-31,vs. KT,SP,L,10.13,1.88,5 ⅓,94,6,6,8,1,3,2,1,28.0,Home,광주 기아 챔피언스 필드,18:30,24.8
양현종,2024,Kia,2024-05-25,vs. Doosan,SP,W,0.0,1.0,7,89,1,0,7,0,4,0,0,65.0,Home,광주 기아 챔피언스 필드,17:00,25.8
양현종,2024,Kia,2024-05-19,@ NC,SP,,1.5,1.0,6,90,1,1,5,0,4,1,1,60.0,Away,창원 NC 파크,14:00,29.9
양현종,2024,Kia,2024-05-14,vs. Doosan,SP,L,9.0,1.83,6,87,6,6,9,2,3,2,0,31.0,Home,광주 기아 챔피언스 필드,18:30,23.6
양현종,2024,Kia,2024-05-08,@ Samsung,SP,,0.0,0.5,6,87,1,0,3,0,4,0,0,68.0,Away,대구 삼성 라이온즈 파크,18:30,14.3
양현종,2024,Kia,2024-05-01,vs. KT,SP,W,1.0,1.0,9,102,1,1,8,0,6,1,0,72.0,Home,광주 기아 챔피언스 필드,18:30,17.1
양현종,2024,Kia,2024-04-25,@ Kiwoom,SP,W,2.57,0.71,7,94,2,2,4,1,6,1,0,66.0,Away,고척 스카이돔,18:30,25.5
양현종,2024,Kia,2024-04-19,vs. NC,SP,,3.0,1.17,6,105,2,2,7,1,5,0,0,55.0,Home,광주 기아 챔피언스 필드,18:30,24.1
양현종,2024,Kia,2024-04-13,@ Hanwha,SP,W,3.0,1.17,6,102,2,2,5,0,8,2,0,60.0,Away,대전 한화생명 볼파크,17:00,27.7
양현종,2024,Kia,2024-04-07,vs. Samsung,SP,,4.5,1.0,6,85,3,3,5,1,2,1,2,49.0,Home,광주 기아 챔피언스 필드,14:00,24.5
양현종,2024,Kia,2024-04-02,@ KT,SP,L,6.75,1.5,5 ⅓,89,4,4,5,1,2,3,0,41.0,Away,수원 KT 위즈파크,18:30,19.8
양현종,2024,Kia,2024-03-26,vs. Lotte,SP,,1.69,1.69,5 ⅓,90,1,1,5,0,4,4,0,54.0,Home,광주 기아 챔피언스 필드,18:30,10.7
양현종,2023,Kia,2023-10-17,vs. NC,SP,W,1.29,0.71,7,77,1,1,5,0,4,0,0,67.0,Home,광주 기아 챔피언스 필드,18:30,17.9
양현종,2023,Kia,2023-10-11,vs. Kiwoom,SP,W,0.0,0.75,8,97,0,0,6,0,6,0,0,76.0,Home,광주 기아 챔피언스 필드,18:30,21.1
양현종,2023,Kia,2023-10-05,@ KT,SP,L,4.5,1.17,6,96,5,3,5,1,5,2,0,49.0,Away,수원 KT 위즈파크,18:30,16.3
양현종,2023,Kia,2023-09-30,@ SSG,SP,,4.26,1.26,6 ⅓,96,3,3,8,1,2,0,0,47.0,Away,인천 SSG 랜더스필드,17:00,23.5
양현종,2023,Kia,2023-09-24,vs. KT,SP,,1.5,1.17,6,94,1,1,6,0,5,1,0,60.0,Home,광주 기아 챔피언스 필드,14:00,26.7
양현종,2023,Kia,2023-09-19,vs. LG,SP,L,5.14,1.0,7,82,4,4,5,2,4,2,0,53.0,Home,광주 기아 챔피언스 필드,18:30,28.0
양현종,2023,Kia,2023-09-13,vs. Lotte,SP,L,0.0,1.2,5,92,3,0,4,0,4,2,0,47.0,Home,광주 기아 챔피언스 필드,18:30,27.2
양현종,2023,Kia,2023-09-07,@ Doosan,SP,L,3.0,1.5,6,90,2,2,6,1,4,3,0,57.0,Away,잠실 야구장,18:30,28.8
양현종,2023,Kia,2023-09-01,@ SSG,SP,W,0.0,0.43,7,98,0,0,2,0,3,1,0,75.0,Away,인천 SSG 랜더스필드,18:30,27.4
양현종,2023,Kia,2023-08-26,vs. Hanwha,SP,W,3.0,1.0,6,91,2,2,5,0,4,1,0,57.0,Home,광주 기아 챔피언스 필드,18:00,30.6
양현종,2023,Kia,2023-08-15,vs. Kiwoom,SP,L,11.12,1.76,5 ⅔,112,7,7,6,1,5,4,0,30.0,Home,광주 기아 챔피언스 필드,18:30,32.9
양현종,2023,Kia,2023-08-02,@ Samsung,SP,,5.4,1.6,5,94,3,3,7,0,5,1,0,45.0,Away,대구 삼성 라이온즈 파크,18:30,31.8
양현종,2023,Kia,2023-07-27,@ NC,SP,L,6.35,2.29,5 ⅔,94,4,4,8,1,0,5,0,32.0,Away,창원 NC 파크,18:30,32.4
양현종,2023,Kia,2023-07-13,vs. Samsung,SP,L,3.6,1.4,5,96,3,2,6,1,6,1,0,50.0,Home,광주 기아 챔피언스 필드,18:30,29.8
양현종,2023,Kia,2023-07-06,@ SSG,SP,W,1.8,1.4,5,107,1,1,5,0,4,2,0,55.0,Away,인천 SSG 랜더스필드,18:30,29.7
양현종,2023,Kia,2023-06-30,@ LG,SP,,3.6,1.2,5,107,2,2,4,1,5,2,0,54.0,Away,잠실 야구장,18:30,29.9
양현종,2023,Kia,2023-06-24,vs. KT,SP,W,0.0,1.67,6,108,1,0,8,0,5,2,0,57.0,Home,광주 기아 챔피언스 필드,17:00,28.8
양현종,2023,Kia,2023-06-18,vs. NC,SP,,5.14,1.29,7,82,4,4,9,2,5,0,0,48.0,Home,광주 기아 챔피언스 필드,17:00,30.0
양현종,2023,Kia,2023-06-13,@ Kiwoom,SP,L,0.0,1.0,5,98,1,0,5,0,6,0,0,61.0,Away,고척 스카이돔,18:30,25.5
양현종,2023,Kia,2023-06-07,vs. SSG,SP,L,14.54,3.0,4 ⅓,85,7,7,11,0,3,2,0,14.0,Home,광주 기아 챔피언스 필드,18:30,26.0
양현종,2023,Kia,2023-06-02,@ Lotte,SP,L,40.5,5.5,2,47,9,9,9,1,1,2,0,1.0,Away,사직 야구장,18:30,25.2
양현종,2023,Kia,2023-05-27,vs. LG,SP,W,4.05,1.35,6 ⅔,102,3,3,7,0,3,2,0,49.0,Home,광주 기아 챔피언스 필드,17:00,24.1
양현종,2023,Kia,2023-05-21,vs. Kiwoom,SP,L,1.29,1.29,7,111,1,1,8,0,3,1,0,59.0,Home,광주 기아 챔피언스 필드,14:00,22.9
양현종,2023,Kia,2023-05-14,@ Doosan,SP,,3.38,2.06,5 ⅓,104,4,2,10,0,5,1,0,40.0,Away,잠실 야구장,14:00,23.8
양현종,2023,Kia,2023-05-09,vs. SSG,SP,W,0.0,0.88,8,101,0,0,6,0,10,1,0,79.0,Home,광주 기아 챔피언스 필드,18:30,21.7
양현종,2023,Kia,2023-04-28,@ LG,SP,,5.4,1.8,5,99,3,3,7,0,5,2,1,43.0,Away,잠실 야구장,18:30,17.8
양현종,2023,Kia,2023-04-22,vs. Samsung,SP,W,1.8,1.4,5,103,1,1,3,0,7,4,0,60.0,Home,광주 기아 챔피언스 필드,17:00,21.2
양현종,2023,Kia,2023-04-16,@ Kiwoom,SP,,0.0,0.86,7,104,0,0,3,0,9,3,0,77.0,Away,고척 스카이돔,14:00,25.5
양현종,2023,Kia,2023-04-11,vs. Hanwha,SP,,3.86,1.14,7,84,3,3,7,1,5,1,0,55.0,Home,광주 기아 챔피언스 필드,18:30,16.9
양현종,2022,Kia,2022-10-01,vs. SSG,SP,,3.6,1.8,5,91,2,2,7,0,3,2,0,46.0,Home,광주 기아 챔피언스 필드,17:00,29.0
양현종,2022,Kia,2022-09-22,@ NC,SP,W,1.8,1.0,5,90,1,1,5,0,5,0,0,58.0,Away,창원 NC 파크,18:30,23.0
양현종,2022,Kia,2022-09-16,vs. Hanwha,SP,,6.0,1.33,6,96,5,4,6,1,6,2,0,46.0,Home,광주 기아 챔피언스 필드,18:30,29.0
양현종,2022,Kia,2022-09-11,@ Doosan,SP,L,6.0,1.83,6,95,4,4,10,1,4,1,0,39.0,Away,잠실 야구장,14:00,26.4
양현종,2022,Kia,2022-09-06,@ Lotte,SP,,3.0,1.17,6,99,3,2,5,1,8,2,0,58.0,Away,사직 야구장,18:30,26.9
양현종,2022,Kia,2022-08-31,@ Hanwha,SP,W,4.5,1.33,6,110,3,3,5,1,5,3,0,52.0,Away,대전 한화생명 볼파크,18:30,24.3
양현종,2022,Kia,2022-08-24,@ Kiwoom,SP,,7.2,1.6,5,95,5,4,7,0,3,1,0,37.0,Away,고척 스카이돔,18:30,25.5
양현종,2022,Kia,2022-08-18,vs. NC,SP,,6.43,1.0,7,106,5,5,4,2,9,3,0,55.0,Home,광주 기아 챔피언스 필드,18:30,30.6
양현종,2022,Kia,2022-08-12,@ Samsung,SP,L,10.8,2.0,5,105,6,6,9,2,8,1,0,32.0,Away,대구 삼성 라이온즈 파크,18:30,29.9
양현종,2022,Kia,2022-08-04,@ Hanwha,SP,L,6.75,2.06,5 ⅓,114,4,4,9,0,4,2,0,36.0,Away,대전 한화생명 볼파크,18:30,32.8
양현종,2022,Kia,2022-07-29,vs. SSG,SP,W,2.7,1.35,6 ⅔,98,2,2,5,0,2,4,0,54.0,Home,광주 기아 챔피언스 필드,18:30,33.9
양현종,2022,Kia,2022-07-23,@ Lotte,SP,W,4.26,1.26,6 ⅓,103,3,3,8,0,5,0,0,50.0,Away,사직 야구장,18:00,27.0
양현종,2022,Kia,2022-07-12,@ LG,SP,W,0.0,1.0,6,103,0,0,3,0,3,3,0,66.0,Away,잠실 야구장,18:30,30.5
양현종,2022,Kia,2022-07-06,vs. KT,SP,L,13.5,2.75,4,77,6,6,7,1,2,4,0,22.0,Home,광주 기아 챔피언스 필드,18:30,33.1
양현종,2022,Kia,2022-06-29,@ Kiwoom,SP,L,1.29,0.86,7,102,1,1,5,0,9,1,1,70.0,Away,고척 스카이돔,18:30,25.5
양현종,2022,Kia,2022-06-23,vs. Lotte,SP,,6.0,1.33,6,100,4,4,7,0,3,1,0,44.0,Home,광주 기아 챔피언스 필드,18:30,29.7
양현종,2022,Kia,2022-06-17,vs. Samsung,SP,W,4.5,1.17,6,93,3,3,5,1,4,2,0,52.0,Home,광주 기아 챔피언스 필드,18:30,28.0
양현종,2022,Kia,2022-06-11,vs. Kiwoom,SP,W,3.0,1.17,6,100,2,2,6,1,5,1,0,56.0,Home,광주 기아 챔피언스 필드,17:00,28.7
양현종,2022,Kia,2022-06-05,@ KT,SP,,1.8,1.6,5,92,1,1,5,0,3,3,0,53.0,Away,수원 KT 위즈파크,17:00,21.2
양현종,2022,Kia,2022-05-31,@ Doosan,SP,W,5.4,1.6,5,103,5,3,4,1,5,4,0,44.0,Away,잠실 야구장,18:30,24.0
양현종,2022,Kia,2022-05-25,@ Samsung,SP,W,1.5,1.0,6,98,2,1,6,0,2,0,0,56.0,Away,대구 삼성 라이온즈 파크,18:30,22.3
양현종,2022,Kia,2022-05-19,@ Lotte,SP,W,2.35,0.65,7 ⅔,87,2,2,4,1,3,1,0,65.0,Away,사직 야구장,18:30,20.1
양현종,2022,Kia,2022-05-13,@ LG,SP,,0.0,0.75,2 ⅔,42,0,0,1,0,2,1,1,56.0,Away,잠실 야구장,18:30,21.6
양현종,2022,Kia,2022-05-07,@ Hanwha,SP,W,6.0,1.5,6,101,4,4,8,1,5,1,0,44.0,Away,대전 한화생명 볼파크,17:00,23.3
양현종,2022,Kia,2022-05-01,vs. Samsung,SP,,2.57,1.43,7,101,2,2,9,0,4,1,0,54.0,Home,광주 기아 챔피언스 필드,14:00,18.3
양현종,2022,Kia,2022-04-26,@ KT,SP,W,2.7,0.9,6 ⅔,99,3,2,4,0,6,2,0,60.0,Away,수원 KT 위즈파크,18:30,20.9
양현종,2022,Kia,2022-04-20,vs. Doosan,SP,,1.29,0.71,7,103,1,1,4,0,5,1,0,69.0,Home,광주 기아 챔피언스 필드,18:30,21.2
양현종,2022,Kia,2022-04-14,vs. Lotte,SP,L,4.5,1.5,6,100,3,3,7,0,5,2,0,49.0,Home,광주 기아 챔피언스 필드,18:30,18.4
양현종,2022,Kia,2022-04-08,@ SSG,SP,,0.0,0.5,6,81,0,0,2,0,7,1,0,74.0,Away,인천 SSG 랜더스필드,18:30,15.1
양현종,2022,Kia,2022-04-02,vs. LG,SP,L,0.0,0.5,6,72,4,0,3,0,6,0,1,63.0,Home,광주 기아 챔피언스 필드,14:00,16.2
양현종,2020,Kia,2020-10-29,vs. Doosan,SP,L,10.13,2.25,5 ⅓,95,7,6,10,2,2,2,0,22.0,Home,광주 기아 챔피언스 필드,18:30,14.1
양현종,2020,Kia,2020-10-24,vs. Samsung,SP,L,10.8,2.0,5,94,6,6,8,0,5,2,2,28.0,Home,광주 기아 챔피언스 필드,17:00,12.9
양현종,2020,Kia,2020-10-18,@ LG,SP,W,0.0,0.63,8,102,0,0,4,0,4,1,0,77.0,Away,잠실 야구장,14:00,19.6
양현종,2020,Kia,2020-10-13,@ NC,SP,W,1.69,1.5,5 ⅓,99,3,1,6,0,5,2,0,51.0,Away,창원 NC 파크,18:30,18.6
양현종,2020,Kia,2020-10-07,vs. Hanwha,SP,,4.26,1.42,6 ⅓,94,3,3,8,0,4,1,0,48.0,Home,광주 기아 챔피언스 필드,18:30,20.8
양현종,2020,Kia,2020-10-02,@ Doosan,SP,L,10.8,2.4,5,99,6,6,8,0,6,4,0,29.0,Away,잠실 야구장,18:30,20.1
양현종,2020,Kia,2020-09-27,vs. Lotte,SP,,1.23,0.68,7 ⅓,110,1,1,3,0,5,2,0,71.0,Home,광주 기아 챔피언스 필드,14:00,24.3
양현종,2020,Kia,2020-09-22,vs. Kiwoom,SP,L,1.5,1.17,6,97,2,1,4,0,2,3,0,57.0,Home,광주 기아 챔피언스 필드,18:30,21.2
양현종,2020,Kia,2020-09-16,vs. SK,SP,,3.6,1.4,5,97,3,2,5,0,3,2,0,48.0,Home,광주 기아 챔피언스 필드,18:30,26.8
양현종,2020,Kia,2020-09-10,vs. Doosan,SP,,5.4,1.8,5,103,3,3,5,0,4,4,0,45.0,Home,광주 기아 챔피언스 필드,18:30,25.6
양현종,2020,Kia,2020-09-04,@ Lotte,SP,,3.0,0.83,6,100,2,2,2,0,10,3,0,67.0,Away,사직 야구장,18:30,26.7
양현종,2020,Kia,2020-08-28,@ SK,SP,W,0.0,1.17,6,96,1,0,4,0,9,3,1,67.0,Away,인천 SSG 랜더스필드,18:30,29.7
양현종,2020,Kia,2020-08-22,@ Kiwoom,SP,,0.0,1.35,6 ⅔,108,0,0,6,0,5,3,0,64.0,Away,고척 스카이돔,18:00,25.5
양현종,2020,Kia,2020-08-16,vs. SK,SP,W,4.76,1.06,5 ⅔,102,3,3,4,0,8,2,0,55.0,Home,광주 기아 챔피언스 필드,17:00,33.6
양현종,2020,Kia,2020-08-11,@ LG,SP,W,1.5,1.0,6,92,1,1,5,0,8,1,0,65.0,Away,잠실 야구장,18:30,28.5
양현종,2020,Kia,2020-08-05,vs. LG,SP,,6.35,1.76,5 ⅔,102,4,4,7,0,5,3,0,41.0,Home,광주 기아 챔피언스 필드,18:30,31.6
양현종,2020,Kia,2020-07-30,vs. KT,SP,L,4.5,1.67,6,92,3,3,8,0,5,2,1,46.0,Home,광주 기아 챔피언스 필드,18:30,30.7
양현종,2020,Kia,2020-07-22,@ Hanwha,SP,W,1.8,1.2,5,93,1,1,3,0,8,3,0,62.0,Away,대전 한화생명 볼파크,18:30,26.0
양현종,2020,Kia,2020-07-16,@ Samsung,SP,,18.9,3.3,3 ⅓,77,7,7,8,2,3,3,0,16.0,Away,대구 삼성 라이온즈 파크,18:30,24.0
양현종,2020,Kia,2020-07-10,vs. Kiwoom,SP,,6.75,1.88,5 ⅓,105,5,4,8,1,6,2,0,38.0,Home,광주 기아 챔피언스 필드,18:30,29.3
양현종,2020,Kia,2020-07-04,@ NC,SP,L,16.62,2.54,4 ⅓,70,8,8,11,2,1,0,0,10.0,Away,창원 NC 파크,18:00,23.2
양현종,2020,Kia,2020-06-27,@ Kiwoom,SP,L,3.0,1.33,6,106,2,2,5,0,3,3,0,54.0,Away,고척 스카이돔,17:00,25.5
양현종,2020,Kia,2020-06-21,vs. Samsung,SP,L,15.75,2.5,4,90,8,7,10,2,2,0,0,14.0,Home,광주 기아 챔피언스 필드,17:00,28.9
양현종,2020,Kia,2020-06-14,@ SK,SP,,3.86,0.57,7,97,3,3,2,1,10,2,0,69.0,Away,인천 SSG 랜더스필드,17:00,25.3
양현종,2020,Kia,2020-06-09,@ KT,SP,W,1.8,1.4,5,103,1,1,5,0,4,2,0,55.0,Away,수원 KT 위즈파크,18:30,29.0
양현종,2020,Kia,2020-06-03,vs. Lotte,SP,W,1.5,0.5,6,84,1,1,2,0,4,1,1,66.0,Home,광주 기아 챔피언스 필드,18:30,26.9
양현종,2020,Kia,2020-05-28,@ KT,SP,L,10.8,2.6,5,94,6,6,11,0,2,2,0,21.0,Away,수원 KT 위즈파크,18:30,21.6
양현종,2020,Kia,2020-05-22,@ SK,SP,W,0.0,0.83,6,95,1,0,4,0,5,1,0,66.0,Away,인천 SSG 랜더스필드,18:30,17.7
양현종,2020,Kia,2020-05-16,vs. Doosan,SP,W,3.0,1.33,6,97,2,2,6,1,7,2,0,57.0,Home,광주 기아 챔피언스 필드,17:00,20.2
양현종,2020,Kia,2020-05-10,@ Samsung,SP,W,3.0,0.83,6,84,2,2,4,2,3,1,0,58.0,Away,대구 삼성 라이온즈 파크,14:00,19.1
양현종,2020,Kia,2020-05-05,vs. Kiwoom,SP,L,12.0,2.0,3,73,4,4,4,0,1,2,0,34.0,Home,광주 기아 챔피언스 필드,14:00,20.7
유승철,2024,Kia,2024-09-25,vs. Lotte,RP,,0.0,2.0,1,21,0,0,1,0,0,1,0,,Home,광주 기아 챔피언스 필드,18:30,27.0
유승철,2024,Kia,2024-09-24,vs. Samsung,RP,,0.0,0.0,1,12,0,0,0,0,2,0,0,,Home,광주 기아 챔피언스 필드,18:30,25.9
유승철,2024,Kia,2024-09-19,@ Doosan,RP,,0.0,1.0,1,18,0,0,0,0,1,1,0,,Away,잠실 야구장,18:30,32.6
유승철,2024,Kia,2024-04-27,@ LG,RP,,4.5,2.5,2,44,1,1,1,0,1,4,0,,Away,잠실 야구장,17:00,24.8
유승철,2024,Kia,2024-04-24,@ Kiwoom,RP,,0.0,,0,7,2,2,1,0,0,1,0,,Away,고척 스카이돔,18:30,25.5
유승철,2023,Kia,2023-04-15,@ Kiwoom,RP,,0.0,1.0,1,19,0,0,0,0,0,1,0,,Away,고척 스카이돔,17:00,25.5
유승철,2022,Kia,2022-09-09,@ SSG,RP,,40.5,6.0,0 ⅔,29,3,3,2,0,1,2,0,,Away,인천 SSG 랜더스필드,18:30,26.9
유승철,2022,Kia,2022-09-06,@ Lotte,RP,,0.0,3.0,0 ⅓,9,0,0,0,0,0,1,0,,Away,사직 야구장,18:30,26.9
유승철,2022,Kia,2022-08-21,@ KT,RP,,0.0,12.0,0 ⅓,23,4,0,1,1,1,3,0,,Away,수원 KT 위즈파크,17:00,32.1
유승철,2022,Kia,2022-08-18,vs. NC,RP,,81.0,9.0,0 ⅓,14,3,3,1,0,1,2,0,,Home,광주 기아 챔피언스 필드,18:30,30.6
유승철,2022,Kia,2022-08-04,@ Hanwha,RP,,0.0,0.75,1 ⅓,22,0,0,0,0,1,1,0,,Away,대전 한화생명 볼파크,18:30,32.8
유승철,2022,Kia,2022-05-27,vs. SSG,RP,,27.0,6.0,0 ⅓,11,1,1,2,1,0,0,0,,Home,광주 기아 챔피언스 필드,18:30,25.7
유승철,2022,Kia,2022-05-25,@ Samsung,RP,,13.5,6.0,0 ⅔,31,1,1,2,0,0,2,0,,Away,대구 삼성 라이온즈 파크,18:30,22.3
유승철,2022,Kia,2022-05-22,vs. NC,RP,,36.0,4.0,1,20,4,4,4,1,0,0,0,,Home,광주 기아 챔피언스 필드,14:00,28.5
유승철,2022,Kia,2022-05-18,@ Lotte,RP,,0.0,1.0,1,19,0,0,1,0,0,0,0,,Away,사직 야구장,18:30,20.6
유승철,2022,Kia,2022-05-14,@ LG,RP,,0.0,0.0,0 ⅓,4,0,0,0,0,1,0,0,,Away,잠실 야구장,17:00,18.5
유승철,2022,Kia,2022-05-13,@ LG,RP,,0.0,1.0,1,11,0,0,1,0,0,0,0,,Away,잠실 야구장,18:30,21.6
유승철,2022,Kia,2022-05-11,vs. KT,RP,,0.0,0.0,1,12,0,0,0,0,2,0,0,,Home,광주 기아 챔피언스 필드,18:30,23.5
유승철,2022,Kia,2022-04-28,@ KT,RP,,9.0,2.0,1,23,1,1,0,0,1,2,0,,Away,수원 KT 위즈파크,18:30,16.7
유승철,2022,Kia,2022-04-26,@ KT,RP,,9.0,3.0,1,29,1,1,3,1,2,0,0,,Away,수원 KT 위즈파크,18:30,20.9
유승철,2022,Kia,2022-04-21,vs. Doosan,RP,,0.0,0.0,2,27,0,0,0,0,2,0,0,,Home,광주 기아 챔피언스 필드,18:30,19.2
유승철,2022,Kia,2022-04-19,vs. Doosan,RP,W,0.0,0.75,1 ⅓,20,0,0,0,0,1,1,0,,Home,광주 기아 챔피언스 필드,18:30,20.2
유승철,2022,Kia,2022-04-14,vs. Lotte,RP,,0.0,6.0,0 ⅓,11,0,0,1,0,0,1,0,,Home,광주 기아 챔피언스 필드,18:30,18.4
유승철,2022,Kia,2022-04-12,vs. Lotte,RP,,0.0,1.0,1,12,0,0,1,0,1,0,0,,Home,광주 기아 챔피언스 필드,18:30,24.6
유승철,2022,Kia,2022-04-10,@ SSG,RP,,18.0,2.0,1,20,2,2,1,1,0,1,0,,Away,인천 SSG 랜더스필드,14:00,21.0
유승철,2022,Kia,2022-04-07,vs. Hanwha,RP,W,0.0,0.75,1 ⅓,20,0,0,1,0,0,0,0,,Home,광주 기아 챔피언스 필드,18:30,16.9
유승철,2022,Kia,2022-04-05,vs. Hanwha,RP,W,0.0,0.0,1 ⅔,17,0,0,0,0,0,0,0,,Home,광주 기아 챔피언스 필드,18:30,15.2
윤중현,2024,Kia,2024-08-02,@ Hanwha,RP,,36.0,6.0,1,35,4,4,4,0,0,2,0,,Away,대전 한화생명 볼파크,18:30,33.8
윤중현,2024,Kia,2024-05-28,@ NC,RP,,0.0,,0,10,2,2,2,1,0,0,0,,Away,창원 NC 파크,18:30,22.1
윤중현,2024,Kia,2024-05-23,@ Lotte,RP,,6.0,1.67,3,42,2,2,5,1,3,0,0,,Away,사직 야구장,18:30,22.8
윤중현,2024,Kia,2024-05-17,@ NC,RP,,9.0,1.0,1,14,1,1,1,1,0,0,1,,Away,창원 NC 파크,18:30,20.9
윤중현,2024,Kia,2024-05-16,vs. Doosan,RP,,0.0,0.0,1,13,0,0,0,0,0,0,1,,Home,광주 기아 챔피언스 필드,18:30,18.9
윤중현,2024,Kia,2024-05-14,vs. Doosan,RP,,9.0,3.0,2,44,2,2,5,0,0,1,0,,Home,광주 기아 챔피언스 필드,18:30,23.6
윤중현,2024,Kia,2024-04-13,@ Hanwha,RP,,0.0,,0,14,3,3,3,1,0,0,0,,Away,대전 한화생명 볼파크,17:00,27.7
윤중현,2024,Kia,2024-04-09,vs. LG,RP,,0.0,6.0,0 ⅓,14,1,0,1,0,1,1,0,,Home,광주 기아 챔피언스 필드,18:30,17.6
윤중현,2024,Kia,2024-04-07,vs. Samsung,RP,,0.0,0.0,0 ⅔,11,0,0,0,0,0,0,0,,Home,광주 기아 챔피언스 필드,14:00,24.5
윤중현,2024,Kia,2024-04-06,vs. Samsung,RP,,0.0,1.5,0 ⅔,8,0,0,0,0,0,1,0,,Home,광주 기아 챔피언스 필드,17:00,19.2
윤중현,2024,Kia,2024-03-30,@ Doosan,RP,,27.0,7.5,0 ⅔,34,2,2,1,0,0,4,1,,Away,잠실 야구장,17:00,14.0
윤중현,2023,Kia,2023-10-13,@ Doosan,RP,,0.0,3.0,0 ⅓,12,0,0,1,0,0,0,0,,Away,잠실 야구장,18:30,19.6
윤중현,2023,Kia,2023-10-10,vs. SSG,RP,L,27.0,6.0,0 ⅓,14,1,1,2,0,0,0,0,,Home,광주 기아 챔피언스 필드,18:30,19.6
윤중현,2023,Kia,2023-10-08,vs. Samsung,RP,,0.0,1.5,0 ⅔,11,0,0,1,0,0,0,0,,Home,광주 기아 챔피언스 필드,14:00,20.7
윤중현,2023,Kia,2023-10-06,@ LG,RP,,0.0,3.0,0 ⅔,15,0,0,0,0,0,2,0,,Away,잠실 야구장,18:30,18.8
윤중현,2023,Kia,2023-10-03,@ KT,RP,,0.0,0.0,1,12,0,0,0,0,1,0,0,,Away,수원 KT 위즈파크,18:30,21.0
윤중현,2023,Kia,2023-10-01,@ SSG,RP,,0.0,1.0,1,6,0,0,1,0,0,0,0,,Away,인천 SSG 랜더스필드,14:00,22.2
윤중현,2023,Kia,2023-09-29,@ Kiwoom,RP,W,0.0,0.0,1,12,0,0,0,0,0,0,0,,Away,고척 스카이돔,18:30,25.5
윤중현,2023,Kia,2023-09-27,@ NC,RP,,0.0,0.0,2,16,0,0,0,0,1,0,0,,Away,창원 NC 파크,18:30,26.5
윤중현,2023,Kia,2023-09-23,vs. KT,RP,,9.0,4.0,1,21,1,1,2,0,0,2,0,,Home,광주 기아 챔피언스 필드,17:00,24.6
윤중현,2023,Kia,2023-09-21,@ Hanwha,RP,,0.0,1.5,0 ⅔,15,0,0,1,0,0,0,0,,Away,대전 한화생명 볼파크,18:30,22.0
윤중현,2023,Kia,2023-09-18,vs. Doosan,RP,,4.5,1.5,2,30,1,1,2,0,2,1,1,,Home,광주 기아 챔피언스 필드,18:30,29.7
윤중현,2023,Kia,2023-09-17,vs. Doosan,RP,,0.0,0.0,0 ⅔,10,0,0,0,0,0,0,0,,Home,광주 기아 챔피언스 필드,14:00,30.1
윤중현,2023,Kia,2023-09-13,vs. Lotte,RP,,0.0,1.0,1,14,0,0,0,0,0,1,0,,Home,광주 기아 챔피언스 필드,18:30,27.2
윤중현,2023,Kia,2023-09-12,@ Samsung,RP,,0.0,3.0,0 ⅔,15,0,0,2,0,0,0,0,,Away,대구 삼성 라이온즈 파크,18:30,28.7
윤중현,2023,Kia,2023-09-10,vs. LG,RP,,0.0,,0,5,0,0,0,0,0,1,0,,Home,광주 기아 챔피언스 필드,14:00,29.4
윤중현,2023,Kia,2023-09-09,vs. LG,RP,W,13.5,1.5,0 ⅔,14,1,1,1,0,1,0,0,,Home,광주 기아 챔피언스 필드,17:00,29.1
윤중현,2023,Kia,2023-09-07,@ Doosan,RP,,0.0,0.0,0 ⅓,6,0,0,0,0,0,0,0,,Away,잠실 야구장,18:30,28.8
윤중현,2023,Kia,2023-09-06,@ Doosan,RP,,0.0,0.0,1,13,0,0,0,0,1,0,0,,Away,잠실 야구장,18:30,30.4
윤중현,2023,Kia,2023-08-31,vs. NC,RP,,0.0,1.0,1,8,0,0,1,0,0,0,0,,Home,광주 기아 챔피언스 필드,18:30,29.1
윤중현,2023,Kia,2023-08-22,@ KT,RP,,13.5,1.5,1 ⅓,14,2,2,1,0,1,1,0,,Away,수원 KT 위즈파크,18:30,30.5
윤중현,2023,Kia,2023-08-03,@ Samsung,RP,,0.0,1.5,0 ⅔,12,1,0,1,0,0,0,0,,Away,대구 삼성 라이온즈 파크,18:30,32.2
윤중현,2023,Kia,2023-08-02,@ Samsung,RP,,0.0,3.0,0 ⅓,7,0,0,1,0,0,0,0,,Away,대구 삼성 라이온즈 파크,18:30,31.8
윤중현,2023,Kia,2023-07-27,@ NC,RP,,0.0,0.0,1,10,0,0,0,0,0,0,0,,Away,창원 NC 파크,18:30,32.4
윤중현,2023,Kia,2023-07-26,@ NC,RP,,0.0,0.0,1,12,0,0,0,0,0,0,0,,Away,창원 NC 파크,18:30,31.5
윤중현,2023,Kia,2023-07-08,@ KT,RP,,0.0,1.0,1,13,0,0,1,0,0,0,0,,Away,수원 KT 위즈파크,18:00,29.5
윤중현,2023,Kia,2023-07-07,@ KT,RP,,0.0,3.0,0 ⅓,5,0,0,1,0,0,0,0,,Away,수원 KT 위즈파크,18:30,26.0
윤중현,2023,Kia,2023-07-05,@ SSG,RP,,0.0,1.0,1,11,0,0,1,0,0,0,0,,Away,인천 SSG 랜더스필드,18:30,26.0
윤중현,2023,Kia,2023-06-28,vs. Kiwoom,RP,,0.0,0.0,0 ⅔,5,0,0,0,0,0,0,0,,Home,광주 기아 챔피언스 필드,18:30,27.9
윤중현,2023,Kia,2023-06-23,vs. KT,RP,,19.29,4.29,2 ⅓,42,5,5,8,1,0,2,0,,Home,광주 기아 챔피언스 필드,18:30,30.8
윤중현,2023,Kia,2023-06-21,@ Hanwha,RP,,6.75,0.75,1 ⅓,18,1,1,1,1,0,0,0,,Away,대전 한화생명 볼파크,18:30,25.0
윤중현,2023,Kia,2023-06-18,vs. NC,RP,,0.0,0.0,1,9,0,0,0,0,1,0,0,,Home,광주 기아 챔피언스 필드,17:00,30.0
윤중현,2022,Kia,2022-09-21,vs. LG,RP,,5.4,1.2,1 ⅔,19,1,1,2,0,1,0,0,,Home,광주 기아 챔피언스 필드,18:30,22.1
윤중현,2022,Kia,2022-09-17,@ Samsung,RP,,0.0,1.5,0 ⅔,8,0,0,1,0,0,0,0,,Away,대구 삼성 라이온즈 파크,17:00,27.9
윤중현,2022,Kia,2022-09-16,vs. Hanwha,RP,,0.0,0.0,0 ⅔,2,0,0,0,0,0,0,0,,Home,광주 기아 챔피언스 필드,18:30,29.0
윤중현,2022,Kia,2022-09-13,vs. Kiwoom,RP,,27.0,3.0,0 ⅓,8,1,1,1,0,0,0,0,,Home,광주 기아 챔피언스 필드,18:30,27.9
윤중현,2022,Kia,2022-08-28,vs. Doosan,RP,,54.0,9.0,0 ⅓,13,2,2,3,1,0,0,0,,Home,광주 기아 챔피언스 필드,17:00,26.5
윤중현,2022,Kia,2022-08-25,@ LG,RP,,0.0,,0,4,0,0,0,0,0,0,1,,Away,잠실 야구장,18:30,24.3
윤중현,2022,Kia,2022-08-24,@ Kiwoom,RP,,13.5,1.5,0 ⅔,9,1,1,1,0,0,0,0,,Away,고척 스카이돔,18:30,25.5
윤중현,2022,Kia,2022-08-20,@ KT,RP,H,0.0,1.8,1 ⅔,30,0,0,3,0,0,0,0,,Away,수원 KT 위즈파크,18:00,30.4
윤중현,2022,Kia,2022-08-18,vs. NC,RP,L,13.5,1.5,1 ⅓,13,2,2,2,0,0,0,0,,Home,광주 기아 챔피언스 필드,18:30,30.6
윤중현,2022,Kia,2022-08-17,vs. SSG,RP,,0.0,3.0,0 ⅓,19,0,0,1,0,0,0,0,,Home,광주 기아 챔피언스 필드,18:30,30.3
윤중현,2022,Kia,2022-08-14,vs. Lotte,RP,,54.0,6.0,0 ⅓,12,2,2,2,0,0,0,0,,Home,광주 기아 챔피언스 필드,17:00,33.7
윤중현,2022,Kia,2022-08-10,@ Samsung,RP,,0.0,3.0,0 ⅓,7,0,0,1,0,0,0,0,,Away,대구 삼성 라이온즈 파크,18:30,30.1
윤중현,2022,Kia,2022-08-06,vs. Doosan,RP,H,0.0,0.0,1,12,0,0,0,0,1,0,0,,Home,광주 기아 챔피언스 필드,18:00,34.9
윤중현,2022,Kia,2022-08-05,vs. Doosan,RP,,0.0,0.0,1 ⅔,16,0,0,0,0,0,0,0,,Home,광주 기아 챔피언스 필드,18:30,33.3
윤중현,2022,Kia,2022-08-03,@ Hanwha,RP,W,0.0,0.0,1,16,0,0,0,0,1,0,0,,Away,대전 한화생명 볼파크,18:30,32.4
윤중현,2022,Kia,2022-07-31,vs. SSG,RP,,0.0,1.5,0 ⅔,8,0,0,0,0,0,1,0,,Home,광주 기아 챔피언스 필드,17:00,30.4
윤중현,2022,Kia,2022-07-30,vs. SSG,RP,,0.0,1.0,1,14,0,0,1,0,1,0,0,,Home,광주 기아 챔피언스 필드,18:00,31.5
윤중현,2022,Kia,2022-07-28,vs. NC,RP,,18.0,4.0,1,21,2,2,3,0,0,1,0,,Home,광주 기아 챔피언스 필드,18:30,32.2
윤중현,2022,Kia,2022-07-27,vs. NC,RP,,0.0,2.0,1,20,0,0,2,0,0,0,0,,Home,광주 기아 챔피언스 필드,18:30,30.6
윤중현,2022,Kia,2022-07-01,@ SSG,RP,,54.0,3.0,0 ⅓,4,2,2,1,0,0,0,1,,Away,인천 SSG 랜더스필드,18:30,28.8
윤중현,2022,Kia,2022-06-30,@ Kiwoom,RP,,0.0,1.5,0 ⅔,9,0,0,0,0,0,1,0,,Away,고척 스카이돔,18:30,25.5
윤중현,2022,Kia,2022-06-26,@ Doosan,RP,,27.0,4.0,1,22,3,3,4,0,0,0,0,,Away,잠실 야구장,17:00,29.8
윤중현,2022,Kia,2022-06-24,@ Doosan,RP,H,0.0,1.5,0 ⅔,12,0,0,1,0,0,0,0,,Away,잠실 야구장,18:30,26.7
윤중현,2022,Kia,2022-06-23,vs. Lotte,RP,,0.0,1.0,1,14,0,0,0,0,0,1,0,,Home,광주 기아 챔피언스 필드,18:30,29.7
윤중현,2022,Kia,2022-06-22,vs. Lotte,RP,,18.0,3.0,1,19,2,2,3,1,1,0,0,,Home,광주 기아 챔피언스 필드,18:30,32.2
윤중현,2022,Kia,2022-06-18,vs. Samsung,RP,,8.1,1.5,3 ⅓,52,3,3,5,1,1,0,0,,Home,광주 기아 챔피언스 필드,17:00,28.3
윤중현,2022,Kia,2022-06-10,vs. Kiwoom,RP,,9.0,3.0,1,24,1,1,2,0,0,1,0,,Home,광주 기아 챔피언스 필드,18:30,25.3
윤중현,2022,Kia,2022-06-08,vs. LG,RP,,0.0,3.0,0 ⅔,14,0,0,1,0,0,1,0,,Home,광주 기아 챔피언스 필드,18:30,23.5
윤중현,2022,Kia,2022-06-04,@ KT,RP,,0.0,1.09,3 ⅔,40,0,0,4,0,2,0,0,,Away,수원 KT 위즈파크,17:00,27.0
윤중현,2022,Kia,2022-06-01,@ Doosan,RP,H,0.0,0.0,0 ⅔,10,0,0,0,0,1,0,0,,Away,잠실 야구장,18:30,24.2
윤중현,2022,Kia,2022-05-29,vs. SSG,RP,,0.0,1.5,2 ⅔,36,0,0,3,0,0,1,0,,Home,광주 기아 챔피언스 필드,14:00,29.3
윤중현,2022,Kia,2022-05-24,@ Samsung,RP,,0.0,0.0,1 ⅔,20,0,0,0,0,1,0,0,,Away,대구 삼성 라이온즈 파크,18:30,24.1
윤중현,2022,Kia,2022-05-22,vs. NC,RP,,0.0,2.0,1,16,0,0,2,0,0,0,0,,Home,광주 기아 챔피언스 필드,14:00,28.5
윤중현,2022,Kia,2022-05-18,@ Lotte,RP,,3.38,1.5,2 ⅔,53,2,1,2,0,4,2,0,,Away,사직 야구장,18:30,20.6
윤중현,2022,Kia,2022-05-15,@ LG,RP,,13.5,3.0,0 ⅔,15,1,1,2,0,0,0,0,,Away,잠실 야구장,14:00,22.2
윤중현,2022,Kia,2022-05-13,@ LG,RP,W,0.0,1.5,1 ⅓,27,0,0,1,0,3,1,0,,Away,잠실 야구장,18:30,21.6
윤중현,2022,Kia,2022-05-11,vs. KT,RP,,0.0,0.0,1,19,0,0,0,0,1,0,0,,Home,광주 기아 챔피언스 필드,18:30,23.5
윤중현,2022,Kia,2022-05-05,vs. Kiwoom,RP,,0.0,0.0,1,12,0,0,0,0,0,0,0,,Home,광주 기아 챔피언스 필드,14:00,24.6
윤중현,2022,Kia,2022-04-30,vs. Samsung,RP,,0.0,0.0,0 ⅓,3,0,0,0,0,0,0,0,,Home,광주 기아 챔피언스 필드,17:00,16.1
윤중현,2022,Kia,2022-04-27,@ KT,RP,,9.0,2.0,1,20,1,1,2,0,1,0,0,,Away,수원 KT 위즈파크,18:30,17.9
윤중현,2022,Kia,2022-04-22,@ Kiwoom,RP,H,0.0,3.0,0 ⅓,8,0,0,1,0,0,0,0,,Away,고척 스카이돔,18:30,25.5
윤중현,2022,Kia,2022-04-21,vs. Doosan,RP,,0.0,0.0,1,15,0,0,0,0,1,0,0,,Home,광주 기아 챔피언스 필드,18:30,19.2
윤중현,2022,Kia,2022-04-19,vs. Doosan,RP,,13.5,0.0,0 ⅔,10,1,1,0,0,0,0,1,,Home,광주 기아 챔피언스 필드,18:30,20.2
윤중현,2022,Kia,2022-04-12,vs. Lotte,RP,,0.0,0.67,3,49,0,0,1,0,3,1,0,,Home,광주 기아 챔피언스 필드,18:30,24.6
윤중현,2022,Kia,2022-04-10,@ SSG,RP,,0.0,0.0,1,15,0,0,0,0,0,0,0,,Away,인천 SSG 랜더스필드,14:00,21.0
윤중현,2022,Kia,2022-04-06,vs. Hanwha,RP,W,11.57,1.71,2 ⅓,54,4,3,2,1,1,2,1,,Home,광주 기아 챔피언스 필드,18:30,18.1
윤중현,2022,Kia,2022-04-03,vs. LG,RP,,3.86,1.71,2 ⅓,35,1,1,3,0,3,1,1,,Home,광주 기아 챔피언스 필드,14:00,16.9
윤중현,2021,Kia,2021-10-29,vs. Doosan,SP,L,9.64,2.57,4 ⅔,98,7,5,10,1,1,2,1,18.0,Home,광주 기아 챔피언스 필드,18:30,17.5
윤중현,2021,Kia,2021-10-23,@ NC,SP,W,4.76,1.24,5 ⅔,97,4,3,6,1,3,1,1,44.0,Away,창원 NC 파크,17:00,16.9
윤중현,2021,Kia,2021-10-17,@ Doosan,SP,L,9.0,1.4,5,88,5,5,6,1,3,1,2,35.0,Away,잠실 야구장,14:00,8.1
윤중현,2021,Kia,2021-10-12,vs. Samsung,SP,L,3.18,1.41,5 ⅔,99,2,2,4,0,3,4,1,51.0,Home,광주 기아 챔피언스 필드,18:30,17.8
윤중현,2021,Kia,2021-10-06,@ Lotte,SP,W,3.18,1.94,5 ⅔,95,2,2,9,0,2,2,1,42.0,Away,사직 야구장,18:30,23.4
윤중현,2021,Kia,2021-09-30,vs. Kiwoom,SP,L,0.0,1.17,6,79,1,0,6,0,2,1,0,59.0,Home,광주 기아 챔피언스 필드,18:30,26.5
윤중현,2021,Kia,2021-09-24,vs. Doosan,SP,L,5.4,1.8,5,89,3,3,8,0,3,1,0,41.0,Home,광주 기아 챔피언스 필드,18:30,24.4
윤중현,2021,Kia,2021-09-18,@ LG,SP,W,3.38,0.56,5 ⅓,71,4,2,2,1,3,1,2,52.0,Away,잠실 야구장,17:00,27.2
윤중현,2021,Kia,2021-09-15,vs. Lotte,RP,W,0.0,0.0,2,22,0,0,0,0,1,0,0,,Home,광주 기아 챔피언스 필드,18:30,26.9
윤중현,2021,Kia,2021-09-11,vs. NC,SP,W,3.6,1.2,5,73,2,2,5,0,3,1,0,51.0,Home,광주 기아 챔피언스 필드,17:00,29.8
윤중현,2021,Kia,2021-09-05,@ Hanwha,SP,,3.0,2.0,3,49,1,1,5,0,0,1,0,44.0,Away,대전 한화생명 볼파크,14:00,25.9
윤중현,2021,Kia,2021-09-01,@ Doosan,SP,L,2.25,1.5,4,71,2,1,5,0,1,1,0,46.0,Away,잠실 야구장,18:30,25.1
윤중현,2021,Kia,2021-08-29,@ SSG,RP,,0.0,0.0,0 ⅓,3,0,0,0,0,0,0,0,,Away,인천 SSG 랜더스필드,17:00,26.0
윤중현,2021,Kia,2021-08-25,vs. Lotte,RP,H,0.0,0.0,1,20,0,0,0,0,0,0,0,,Home,광주 기아 챔피언스 필드,18:30,30.4
윤중현,2021,Kia,2021-08-15,@ SSG,RP,,0.0,1.0,1,16,0,0,1,0,0,0,0,,Away,인천 SSG 랜더스필드,17:00,29.5
윤중현,2021,Kia,2021-08-13,@ SSG,RP,,0.0,1.0,1,10,0,0,1,0,0,0,0,,Away,인천 SSG 랜더스필드,18:30,28.3
윤중현,2021,Kia,2021-07-01,vs. NC,RP,,27.0,9.0,0 ⅓,23,2,1,2,0,0,1,1,,Home,광주 기아 챔피언스 필드,18:30,29.7
윤중현,2021,Kia,2021-06-24,@ KT,SP,,0.0,1.0,3,52,0,0,1,0,1,2,0,56.0,Away,수원 KT 위즈파크,18:30,26.1
윤중현,2021,Kia,2021-06-19,@ LG,RP,,0.0,1.5,2,24,0,0,3,0,0,0,1,,Away,잠실 야구장,17:00,27.1
윤중현,2021,Kia,2021-06-18,@ LG,RP,,0.0,0.6,1 ⅔,14,0,0,0,0,0,1,0,,Away,잠실 야구장,18:30,23.4
윤중현,2021,Kia,2021-06-13,@ Lotte,SP,,4.91,1.91,3 ⅔,77,2,2,3,0,1,4,1,43.0,Away,사직 야구장,17:00,27.2
윤중현,2021,Kia,2021-06-10,@ Samsung,RP,,0.0,1.0,1,25,0,0,1,0,1,0,1,,Away,대구 삼성 라이온즈 파크,18:30,24.6
윤중현,2021,Kia,2021-06-06,vs. LG,RP,,13.5,2.25,1 ⅓,28,2,2,2,1,1,1,0,,Home,광주 기아 챔피언스 필드,17:00,26.3
윤중현,2021,Kia,2021-06-05,vs. LG,RP,,0.0,1.0,1,21,0,0,1,0,1,0,0,,Home,광주 기아 챔피언스 필드,17:00,26.5
윤중현,2021,Kia,2021-05-29,vs. KT,RP,H,0.0,1.8,1 ⅔,33,0,0,1,0,0,2,0,,Home,광주 기아 챔피언스 필드,17:00,24.4
윤중현,2021,Kia,2021-05-21,@ Samsung,RP,,0.0,1.0,1,12,0,0,1,0,0,0,0,,Away,대구 삼성 라이온즈 파크,18:30,20.1
윤중현,2021,Kia,2021-05-18,vs. SSG,RP,,9.0,2.5,2,48,2,2,4,2,1,1,0,,Home,광주 기아 챔피언스 필드,18:30,22.4
윤중현,2021,Kia,2021-05-15,@ NC,RP,,0.0,2.0,2,35,0,0,3,0,0,1,0,,Away,창원 NC 파크,17:00,20.1
윤중현,2021,Kia,2021-05-12,vs. LG,RP,,0.0,3.0,0 ⅓,9,0,0,0,0,0,1,0,,Home,광주 기아 챔피언스 필드,18:30,26.5
윤중현,2021,Kia,2021-05-09,vs. Doosan,RP,,20.25,1.5,1 ⅓,34,3,3,1,0,2,1,2,,Home,광주 기아 챔피언스 필드,14:00,23.6
윤영철,2024,Kia,2024-09-28,@ Lotte,SP,,5.4,2.4,3 ⅓,62,2,2,5,0,1,3,0,40.0,Away,사직 야구장,17:00,26.8
윤영철,2024,Kia,2024-09-23,vs. Samsung,SP,,0.0,0.33,3,37,0,0,1,0,2,0,0,59.0,Home,광주 기아 챔피언스 필드,18:30,24.2
윤영철,2024,Kia,2024-07-13,vs. SSG,SP,,0.0,0.5,2,27,0,0,1,0,1,0,0,55.0,Home,광주 기아 챔피언스 필드,18:00,29.3
윤영철,2024,Kia,2024-06-27,@ Lotte,SP,L,12.27,2.73,3 ⅔,83,5,5,7,0,2,3,0,26.0,Away,사직 야구장,18:30,23.7
윤영철,2024,Kia,2024-06-21,vs. Hanwha,SP,W,0.0,0.83,6,99,3,0,2,0,7,3,1,65.0,Home,광주 기아 챔피언스 필드,18:30,29.8
윤영철,2024,Kia,2024-06-15,@ KT,SP,W,0.0,1.0,5,94,1,0,3,0,5,2,0,62.0,Away,수원 KT 위즈파크,17:00,26.4
윤영철,2024,Kia,2024-06-09,@ Doosan,SP,W,0.0,1.6,5,89,0,0,5,0,4,3,0,58.0,Away,잠실 야구장,17:00,27.2
윤영철,2024,Kia,2024-06-02,vs. KT,SP,L,11.57,3.0,2 ⅓,71,4,3,5,1,2,2,0,33.0,Home,광주 기아 챔피언스 필드,17:00,22.9
윤영철,2024,Kia,2024-05-28,@ NC,SP,W,9.0,2.2,5,100,5,5,7,3,3,4,0,32.0,Away,창원 NC 파크,18:30,22.1
윤영철,2024,Kia,2024-05-22,@ Lotte,SP,L,6.75,2.0,4,90,3,3,6,0,2,2,0,38.0,Away,사직 야구장,18:30,19.8
윤영철,2024,Kia,2024-05-16,vs. Doosan,SP,,3.6,1.6,5,74,2,2,6,1,3,2,0,48.0,Home,광주 기아 챔피언스 필드,18:30,18.9
윤영철,2024,Kia,2024-05-10,vs. SSG,SP,,1.5,1.0,6,89,1,1,4,0,4,2,0,62.0,Home,광주 기아 챔피언스 필드,18:30,22.0
윤영철,2024,Kia,2024-04-30,vs. KT,SP,L,13.5,3.0,4,93,6,6,8,1,1,4,0,19.0,Home,광주 기아 챔피언스 필드,18:30,16.9
윤영철,2024,Kia,2024-04-24,@ Kiwoom,SP,W,1.35,1.2,6 ⅔,88,1,1,4,0,4,4,0,62.0,Away,고척 스카이돔,18:30,25.5
윤영철,2024,Kia,2024-04-18,@ SSG,SP,,7.5,1.17,6,89,5,5,6,2,4,1,0,43.0,Away,인천 SSG 랜더스필드,18:30,17.8
윤영철,2024,Kia,2024-04-12,@ Hanwha,SP,W,1.8,1.0,5,77,2,1,3,0,4,2,0,57.0,Away,대전 한화생명 볼파크,18:30,23.3
윤영철,2024,Kia,2024-04-06,vs. Samsung,SP,,7.71,2.36,4 ⅔,93,4,4,6,0,4,5,0,35.0,Home,광주 기아 챔피언스 필드,17:00,19.2
윤영철,2024,Kia,2024-03-31,@ Doosan,SP,W,0.0,0.8,5,89,0,0,3,0,5,1,0,65.0,Away,잠실 야구장,14:00,16.1
윤영철,2023,Kia,2023-10-08,vs. Samsung,SP,,1.5,1.0,6,95,1,1,4,0,5,2,0,63.0,Home,광주 기아 챔피언스 필드,14:00,20.7
윤영철,2023,Kia,2023-10-01,@ SSG,SP,,3.6,1.4,5,90,3,2,3,0,1,4,0,48.0,Away,인천 SSG 랜더스필드,14:00,22.2
윤영철,2023,Kia,2023-09-23,vs. KT,SP,L,3.6,1.4,5,87,2,2,5,1,2,2,0,49.0,Home,광주 기아 챔피언스 필드,17:00,24.6
윤영철,2023,Kia,2023-09-15,vs. Doosan,SP,,4.91,2.18,3 ⅔,76,2,2,6,1,3,2,0,42.0,Home,광주 기아 챔피언스 필드,18:30,29.5
윤영철,2023,Kia,2023-09-08,vs. LG,SP,L,5.4,1.6,5,80,4,3,5,0,4,3,0,44.0,Home,광주 기아 챔피언스 필드,18:30,28.2
윤영철,2023,Kia,2023-09-02,@ SSG,SP,W,5.4,1.4,5,71,3,3,7,1,5,0,0,46.0,Away,인천 SSG 랜더스필드,17:00,28.6
윤영철,2023,Kia,2023-08-27,vs. Hanwha,SP,,2.25,1.5,4,80,2,1,2,1,0,4,0,48.0,Home,광주 기아 챔피언스 필드,17:00,31.9
윤영철,2023,Kia,2023-08-18,@ Samsung,SP,L,4.5,2.0,4,78,2,2,6,1,2,2,0,42.0,Away,대구 삼성 라이온즈 파크,18:30,30.3
윤영철,2023,Kia,2023-08-12,@ Lotte,SP,,9.64,1.93,4 ⅔,79,5,5,8,0,3,1,0,30.0,Away,사직 야구장,18:00,28.3
윤영철,2023,Kia,2023-08-04,vs. Hanwha,SP,W,4.5,1.83,6,91,3,3,9,2,6,2,0,46.0,Home,광주 기아 챔피언스 필드,18:30,33.9
윤영철,2023,Kia,2023-07-29,vs. Lotte,SP,W,0.0,0.5,6,80,0,0,1,0,4,2,0,72.0,Home,광주 기아 챔피언스 필드,18:00,34.2
윤영철,2023,Kia,2023-07-12,vs. Samsung,RP,W,0.0,0.6,1 ⅔,24,0,0,1,0,1,0,0,,Home,광주 기아 챔피언스 필드,18:30,30.3
윤영철,2023,Kia,2023-07-05,@ SSG,SP,W,3.0,1.0,6,97,2,2,4,0,4,2,0,58.0,Away,인천 SSG 랜더스필드,18:30,26.0
윤영철,2023,Kia,2023-06-28,vs. Kiwoom,SP,,7.2,1.4,5,80,4,4,6,0,2,1,0,40.0,Home,광주 기아 챔피언스 필드,18:30,27.9
윤영철,2023,Kia,2023-06-17,vs. NC,SP,L,21.0,4.0,3,77,7,7,11,0,1,1,0,9.0,Home,광주 기아 챔피언스 필드,17:00,27.5
윤영철,2023,Kia,2023-06-11,@ Doosan,SP,L,4.5,1.33,6,77,3,3,7,0,5,1,0,50.0,Away,잠실 야구장,17:00,27.0
윤영철,2023,Kia,2023-06-06,vs. SSG,SP,L,2.57,1.0,7,99,2,2,6,0,2,1,0,58.0,Home,광주 기아 챔피언스 필드,18:30,25.5
윤영철,2023,Kia,2023-05-31,vs. KT,SP,W,1.69,0.94,5 ⅓,88,1,1,3,1,2,2,0,58.0,Home,광주 기아 챔피언스 필드,18:30,26.7
윤영철,2023,Kia,2023-05-24,@ Hanwha,SP,,1.5,1.0,6,86,1,1,3,1,3,3,0,62.0,Away,대전 한화생명 볼파크,18:30,23.6
윤영철,2023,Kia,2023-05-17,@ Samsung,SP,W,0.0,1.13,5 ⅓,92,1,0,4,0,2,2,0,58.0,Away,대구 삼성 라이온즈 파크,18:30,23.3
윤영철,2023,Kia,2023-05-11,vs. SSG,SP,,5.4,1.4,5,88,3,3,6,0,5,1,0,47.0,Home,광주 기아 챔피언스 필드,18:30,22.5
윤영철,2023,Kia,2023-05-03,vs. Lotte,SP,W,1.8,1.2,5,77,1,1,5,0,3,1,0,55.0,Home,광주 기아 챔피언스 필드,18:30,18.8
윤영철,2023,Kia,2023-04-27,vs. NC,SP,,0.0,1.0,5,83,0,0,3,0,5,2,0,64.0,Home,광주 기아 챔피언스 필드,18:30,20.7
윤영철,2023,Kia,2023-04-21,vs. Samsung,SP,,4.15,1.85,4 ⅓,91,2,2,5,0,2,3,0,44.0,Home,광주 기아 챔피언스 필드,18:30,21.0
윤영철,2023,Kia,2023-04-15,@ Kiwoom,SP,L,12.27,2.18,3 ⅔,81,5,5,4,1,2,4,1,30.0,Away,고척 스카이돔,17:00,25.5
유지성,2024,Kia,2024-09-27,@ Hanwha,RP,,27.0,6.0,0 ⅓,11,2,1,2,0,1,0,0,,Away,대전 한화생명 볼파크,18:30,24.4
유지성,2024,Kia,2024-09-06,vs. Kiwoom,RP,,0.0,2.0,1,20,0,0,2,0,2,0,1,,Home,광주 기아 챔피언스 필드,18:30,29.3
유지성,2024,Kia,2024-08-29,vs. SSG,RP,,9.0,1.0,1,20,2,1,1,1,0,0,0,,Home,광주 기아 챔피언스 필드,18:30,31.9
조상우,2024,Kiwoom,2024-08-10,@ Hanwha,RP,H,0.0,2.0,1,13,0,0,2,0,0,0,0,,Away,대전 한화생명 볼파크,18:00,31.0
조상우,2024,Kiwoom,2024-08-06,vs. SSG,RP,,0.0,,0,10,2,2,3,0,0,0,0,,Home,고척 스카이돔,18:30,25.5
조상우,2024,Kiwoom,2024-07-11,vs. Hanwha,RP,,0.0,0.0,2,19,0,0,0,0,4,0,0,,Home,고척 스카이돔,18:30,25.5
조상우,2024,Kiwoom,2024-07-09,vs. Hanwha,RP,SV,0.0,2.0,1,16,0,0,2,0,1,0,0,,Home,고척 스카이돔,18:30,25.5
조상우,2024,Kiwoom,2024-07-04,vs. LG,RP,,0.0,3.0,1,35,0,0,2,0,1,1,0,,Home,고척 스카이돔,18:30,25.5
조상우,2024,Kiwoom,2024-07-03,vs. LG,RP,SV,0.0,1.0,1,12,0,0,1,0,1,0,0,,Home,고척 스카이돔,18:30,25.5
조상우,2024,Kiwoom,2024-07-02,vs. LG,RP,SV,0.0,2.0,1,15,0,0,1,0,0,1,0,,Home,고척 스카이돔,18:30,25.5
조상우,2024,Kiwoom,2024-06-27,vs. NC,RP,SV,0.0,2.0,1,19,0,0,1,0,0,1,0,,Home,고척 스카이돔,18:30,25.5
조상우,2024,Kiwoom,2024-06-26,vs. NC,RP,SV,0.0,3.0,0 ⅔,19,0,0,0,0,1,2,0,,Home,고척 스카이돔,18:30,25.5
조상우,2024,Kiwoom,2024-06-25,vs. NC,RP,,0.0,3.0,0 ⅓,9,0,0,1,0,0,0,0,,Home,고척 스카이돔,18:30,25.5
조상우,2024,Kiwoom,2024-06-21,vs. Lotte,RP,SV,0.0,1.5,1 ⅓,21,0,0,2,0,1,0,0,,Home,고척 스카이돔,18:30,25.5
조상우,2024,Kiwoom,2024-06-14,vs. Doosan,RP,,0.0,2.0,1,11,0,0,2,0,0,0,0,,Home,고척 스카이돔,18:30,25.5
조상우,2024,Kiwoom,2024-06-11,@ Lotte,RP,H,0.0,2.0,1,23,0,0,1,0,1,1,0,,Away,사직 야구장,18:30,24.2
조상우,2024,Kiwoom,2024-06-09,vs. Samsung,RP,,0.0,1.5,0 ⅔,12,0,0,1,0,1,0,0,,Home,고척 스카이돔,14:00,25.5
조상우,2024,Kiwoom,2024-06-05,@ LG,RP,,0.0,1.5,0 ⅔,6,0,0,0,0,0,1,0,,Away,잠실 야구장,18:30,26.2
조상우,2024,Kiwoom,2024-06-02,vs. SSG,RP,,0.0,1.0,1,17,0,0,0,0,2,1,0,,Home,고척 스카이돔,14:00,25.5
조상우,2024,Kiwoom,2024-05-31,vs. SSG,RP,,0.0,1.0,1,14,0,0,1,0,2,0,0,,Home,고척 스카이돔,18:30,25.5
조상우,2024,Kiwoom,2024-05-29,@ Samsung,RP,,9.0,2.0,1,21,1,1,2,1,1,0,0,,Away,대구 삼성 라이온즈 파크,18:30,21.3
조상우,2024,Kiwoom,2024-05-24,@ KT,RP,,0.0,1.0,1,19,0,0,0,0,2,1,0,,Away,수원 KT 위즈파크,18:30,22.5
조상우,2024,Kiwoom,2024-05-23,vs. NC,RP,H,0.0,0.0,0 ⅔,7,0,0,0,0,1,0,0,,Home,고척 스카이돔,18:30,25.5
조상우,2024,Kiwoom,2024-05-21,vs. NC,RP,,0.0,0.0,1,12,0,0,0,0,0,0,0,,Home,고척 스카이돔,18:30,25.5
조상우,2024,Kiwoom,2024-05-16,@ LG,RP,H,9.0,2.0,1,20,1,1,1,0,0,1,0,,Away,잠실 야구장,18:30,18.8
조상우,2024,Kiwoom,2024-05-14,@ LG,RP,H,0.0,1.0,1,13,0,0,0,0,0,1,0,,Away,잠실 야구장,18:30,22.7
조상우,2024,Kiwoom,2024-05-09,vs. Doosan,RP,,0.0,0.0,1,10,0,0,0,0,1,0,0,,Home,고척 스카이돔,18:30,25.5
조상우,2024,Kiwoom,2024-05-08,vs. Doosan,RP,,27.0,4.5,0 ⅔,10,3,2,3,0,0,0,0,,Home,고척 스카이돔,18:30,25.5
조상우,2024,Kiwoom,2024-05-04,@ KT,RP,,0.0,1.0,1,11,0,0,1,0,0,0,0,,Away,수원 KT 위즈파크,17:00,24.3
조상우,2024,Kiwoom,2024-05-02,@ Lotte,RP,,0.0,0.0,1,12,0,0,0,0,0,0,0,,Away,사직 야구장,18:30,16.2
조상우,2024,Kiwoom,2024-05-01,@ Lotte,RP,H,0.0,0.0,0 ⅔,7,0,0,0,0,1,0,0,,Away,사직 야구장,18:30,15.1
조상우,2024,Kiwoom,2024-04-30,@ Lotte,RP,,0.0,3.0,0 ⅓,7,0,0,0,0,0,1,0,,Away,사직 야구장,18:30,16.7
조상우,2024,Kiwoom,2024-04-27,vs. Samsung,RP,,81.0,9.0,0 ⅓,20,3,3,2,0,0,1,0,,Home,고척 스카이돔,17:00,25.5
조상우,2024,Kiwoom,2024-04-26,vs. Samsung,RP,,0.0,1.0,1,12,1,0,1,0,0,0,0,,Home,고척 스카이돔,18:30,25.5
조상우,2024,Kiwoom,2024-04-23,vs. Kia,RP,L,40.5,6.0,0 ⅔,23,3,3,3,0,1,1,0,,Home,고척 스카이돔,18:30,25.5
조상우,2024,Kiwoom,2024-04-21,@ Doosan,RP,,0.0,1.0,1,15,0,0,1,0,1,0,0,,Away,잠실 야구장,14:00,20.7
조상우,2024,Kiwoom,2024-04-21,@ Doosan,RP,H,0.0,0.0,0 ⅔,8,0,0,0,0,2,0,0,,Away,잠실 야구장,14:00,20.7
조상우,2024,Kiwoom,2024-04-17,vs. KT,RP,,0.0,0.0,1,13,0,0,0,0,1,0,0,,Home,고척 스카이돔,18:30,25.5
조상우,2024,Kiwoom,2024-04-16,vs. KT,RP,H,0.0,0.0,1 ⅓,15,0,0,0,0,2,0,0,,Home,고척 스카이돔,18:30,25.5
조상우,2024,Kiwoom,2024-04-13,vs. Lotte,RP,,0.0,0.0,1,10,0,0,0,0,2,0,0,,Home,고척 스카이돔,17:00,25.5
조상우,2024,Kiwoom,2024-04-11,@ SSG,RP,H,0.0,0.0,1,10,0,0,0,0,1,0,0,,Away,인천 SSG 랜더스필드,18:30,17.0
조상우,2024,Kiwoom,2024-04-09,@ SSG,RP,,0.0,2.0,1,20,1,0,2,0,2,0,0,,Away,인천 SSG 랜더스필드,18:30,17.8
조상우,2024,Kiwoom,2024-04-07,vs. Hanwha,RP,,0.0,1.0,1,18,0,0,1,0,1,0,0,,Home,고척 스카이돔,14:00,25.5
조상우,2024,Kiwoom,2024-04-05,vs. Hanwha,RP,,0.0,1.0,1,12,0,0,0,0,0,1,0,,Home,고척 스카이돔,18:30,25.5
조상우,2024,Kiwoom,2024-04-04,@ Samsung,RP,,0.0,2.0,1,16,0,0,0,0,0,2,0,,Away,대구 삼성 라이온즈 파크,18:30,13.8
조상우,2024,Kiwoom,2024-03-30,vs. LG,RP,,13.5,4.5,0 ⅔,17,1,1,2,1,1,1,0,,Home,고척 스카이돔,17:00,25.5
조상우,2024,Kiwoom,2024-03-29,vs. LG,RP,,9.0,3.0,1,23,1,1,1,0,1,2,0,,Home,고척 스카이돔,18:30,25.5
조상우,2021,Kiwoom,2021-10-30,@ Kia,RP,,0.0,0.0,1,8,0,0,0,0,0,0,0,,Away,광주 기아 챔피언스 필드,17:00,17.0
조상우,2021,Kiwoom,2021-10-29,vs. KT,RP,SV,0.0,1.0,1,17,0,0,1,0,0,0,0,,Home,고척 스카이돔,18:30,25.5
조상우,2021,Kiwoom,2021-10-27,vs. Samsung,RP,,0.0,0.0,1,19,0,0,0,0,0,0,0,,Home,고척 스카이돔,18:30,25.5
조상우,2021,Kiwoom,2021-10-21,@ LG,RP,H,0.0,0.0,1,14,0,0,0,0,1,0,0,,Away,잠실 야구장,18:30,12.3
조상우,2021,Kiwoom,2021-10-20,@ LG,RP,H,0.0,2.0,1,19,0,0,1,0,0,1,0,,Away,잠실 야구장,18:30,12.3
조상우,2021,Kiwoom,2021-10-19,@ LG,RP,H,0.0,0.0,1 ⅔,21,0,0,0,0,2,0,0,,Away,잠실 야구장,18:30,11.3
조상우,2021,Kiwoom,2021-10-16,@ Samsung,RP,,0.0,0.0,1,16,0,0,0,0,2,0,0,,Away,대구 삼성 라이온즈 파크,17:00,14.8
조상우,2021,Kiwoom,2021-10-14,vs. NC,RP,L,54.0,6.0,0 ⅔,15,4,4,4,1,0,0,0,,Home,고척 스카이돔,18:30,25.5
조상우,2021,Kiwoom,2021-10-07,@ KT,RP,,0.0,0.0,1,14,0,0,0,0,0,0,0,,Away,수원 KT 위즈파크,18:30,20.3
조상우,2021,Kiwoom,2021-09-22,@ SSG,RP,,0.0,1.0,1,14,0,0,1,0,1,0,0,,Away,인천 SSG 랜더스필드,18:30,22.7
조상우,2021,Kiwoom,2021-09-18,vs. Doosan,RP,H,9.0,2.0,1,22,1,1,1,0,1,1,0,,Home,고척 스카이돔,17:00,25.5
조상우,2021,Kiwoom,2021-09-14,@ NC,RP,,27.0,1.5,0 ⅔,13,2,2,1,1,1,0,1,,Away,창원 NC 파크,18:30,24.6
조상우,2021,Kiwoom,2021-09-12,@ Lotte,RP,,0.0,3.0,0 ⅔,14,0,0,2,0,2,0,0,,Away,사직 야구장,14:00,29.1
조상우,2021,Kiwoom,2021-09-10,vs. Kia,RP,H,0.0,0.0,1,10,0,0,0,0,0,0,0,,Home,고척 스카이돔,18:30,25.5
조상우,2021,Kiwoom,2021-09-09,vs. Kia,RP,W,0.0,1.0,1,14,0,0,1,0,1,0,0,,Home,고척 스카이돔,18:30,25.5
조상우,2021,Kiwoom,2021-09-05,vs. SSG,RP,W,0.0,0.0,1,13,0,0,0,0,1,0,0,,Home,고척 스카이돔,14:00,25.5
조상우,2021,Kiwoom,2021-09-02,vs. KT,RP,W,0.0,0.0,1,17,0,0,0,0,3,0,0,,Home,고척 스카이돔,18:30,25.5
조상우,2021,Kiwoom,2021-08-27,vs. Hanwha,RP,W,0.0,1.0,1,19,0,0,1,0,2,0,0,,Home,고척 스카이돔,18:30,25.5
조상우,2021,Kiwoom,2021-07-06,vs. SSG,RP,,0.0,0.0,1,11,0,0,0,0,1,0,0,,Home,고척 스카이돔,18:30,25.5
조상우,2021,Kiwoom,2021-06-30,vs. Lotte,RP,SV,0.0,1.0,1,16,0,0,1,0,2,0,0,,Home,고척 스카이돔,18:30,25.5
조상우,2021,Kiwoom,2021-06-27,vs. Kia,RP,W,0.0,1.0,1,29,0,0,0,0,3,1,0,,Home,고척 스카이돔,14:00,25.5
조상우,2021,Kiwoom,2021-06-24,@ Doosan,RP,SV,0.0,0.0,1,17,0,0,0,0,1,0,0,,Away,잠실 야구장,18:30,26.8
조상우,2021,Kiwoom,2021-06-23,@ Doosan,RP,SV,0.0,2.0,1,30,0,0,0,0,1,2,0,,Away,잠실 야구장,18:30,24.7
조상우,2021,Kiwoom,2021-06-20,@ NC,RP,SV,0.0,0.75,1 ⅓,16,0,0,1,0,1,0,0,,Away,창원 NC 파크,17:00,27.2
조상우,2021,Kiwoom,2021-06-16,vs. LG,RP,SV,0.0,1.0,1,17,0,0,1,0,0,0,0,,Home,고척 스카이돔,18:30,25.5
조상우,2021,Kiwoom,2021-06-15,vs. LG,RP,L,18.0,4.0,1,28,2,2,2,0,2,2,0,,Home,고척 스카이돔,18:30,25.5
조상우,2021,Kiwoom,2021-06-13,@ SSG,RP,,0.0,0.0,1 ⅓,20,0,0,0,0,2,0,0,,Away,인천 SSG 랜더스필드,17:00,23.6
조상우,2021,Kiwoom,2021-06-12,@ SSG,RP,L,0.0,3.0,0 ⅓,11,1,0,0,0,0,1,0,,Away,인천 SSG 랜더스필드,17:00,26.8
조상우,2021,Kiwoom,2021-06-10,@ Hanwha,RP,L,27.0,9.0,0 ⅓,12,1,1,2,0,1,1,0,,Away,대전 한화생명 볼파크,18:30,27.9
조상우,2021,Kiwoom,2021-06-09,@ Hanwha,RP,,27.0,6.0,0 ⅔,23,2,2,3,0,1,1,0,,Away,대전 한화생명 볼파크,18:30,30.6
조상우,2021,Kiwoom,2021-05-29,@ LG,RP,SV,0.0,0.6,1 ⅔,28,0,0,0,0,2,1,0,,Away,잠실 야구장,17:00,15.8
조상우,2021,Kiwoom,2021-05-23,vs. NC,RP,SV,0.0,1.2,1 ⅔,24,0,0,1,0,3,1,0,,Home,고척 스카이돔,14:00,25.5
조상우,2021,Kiwoom,2021-05-21,vs. NC,RP,SV,0.0,0.0,1,7,0,0,0,0,0,0,0,,Home,고척 스카이돔,18:30,25.5
조상우,2021,Kiwoom,2021-05-13,@ Doosan,RP,SV,0.0,1.0,1,17,0,0,0,0,2,1,0,,Away,잠실 야구장,18:30,27.2
조상우,2021,Kiwoom,2021-05-12,@ Doosan,RP,SV,0.0,0.0,1 ⅓,13,0,0,0,0,1,0,0,,Away,잠실 야구장,18:30,27.0
조상우,2021,Kiwoom,2021-05-09,@ SSG,RP,,0.0,2.0,1,16,0,0,1,0,1,1,0,,Away,인천 SSG 랜더스필드,14:00,19.4
조상우,2021,Kiwoom,2021-05-06,vs. KT,RP,SV,0.0,0.0,1,8,0,0,0,0,0,0,0,,Home,고척 스카이돔,18:30,25.5
조상우,2021,Kiwoom,2021-04-30,@ NC,RP,SV,18.0,2.0,1,19,2,2,2,1,1,0,0,,Away,창원 NC 파크,18:30,19.9
조상우,2021,Kiwoom,2021-04-28,vs. Doosan,RP,W,0.0,0.0,0 ⅓,7,0,0,0,0,1,0,0,,Home,고척 스카이돔,18:30,25.5
조상우,2021,Kiwoom,2021-04-27,vs. Doosan,RP,SV,9.0,3.0,1,34,1,1,0,0,0,3,1,,Home,고척 스카이돔,18:30,25.5
조상우,2021,Kiwoom,2021-04-25,vs. SSG,RP,SV,0.0,0.0,1,13,0,0,0,0,0,0,0,,Home,고척 스카이돔,14:00,25.5
조상우,2021,Kiwoom,2021-04-24,vs. SSG,RP,L,13.5,2.25,1 ⅓,26,2,2,2,1,1,1,0,,Home,고척 스카이돔,17:00,25.5
조상우,2021,Kiwoom,2021-04-22,@ Hanwha,RP,,0.0,2.0,1,21,0,0,1,0,1,1,0,,Away,대전 한화생명 볼파크,18:30,25.5
조상우,2021,Kiwoom,2021-04-15,vs. LG,RP,,0.0,0.0,1,14,0,0,0,0,2,0,0,,Home,고척 스카이돔,18:30,25.5
조상우,2020,Kiwoom,2020-10-16,vs. Doosan,RP,SV,0.0,1.0,1,15,0,0,1,0,1,0,1,,Home,고척 스카이돔,18:30,25.5
조상우,2020,Kiwoom,2020-10-15,@ KT,RP,,0.0,2.0,1,20,0,0,1,0,1,1,0,,Away,수원 KT 위즈파크,18:30,13.4
조상우,2020,Kiwoom,2020-10-14,@ KT,RP,SV,0.0,2.0,1,25,0,0,0,0,3,2,0,,Away,수원 KT 위즈파크,18:30,13.8
조상우,2020,Kiwoom,2020-10-10,@ Hanwha,RP,SV,0.0,0.0,1,12,0,0,0,0,0,0,0,,Away,대전 한화생명 볼파크,17:00,20.9
조상우,2020,Kiwoom,2020-10-08,vs. NC,RP,SV,6.75,2.25,1 ⅓,31,1,1,2,1,2,1,0,,Home,고척 스카이돔,18:30,25.5
조상우,2020,Kiwoom,2020-10-06,vs. NC,RP,W,0.0,0.0,1 ⅓,13,0,0,0,0,1,0,0,,Home,고척 스카이돔,18:30,25.5
조상우,2020,Kiwoom,2020-09-30,vs. Kia,RP,,0.0,0.0,1,20,0,0,0,0,1,0,0,,Home,고척 스카이돔,18:30,25.5
조상우,2020,Kiwoom,2020-09-25,vs. SK,RP,,27.0,6.0,0 ⅔,23,2,2,2,0,2,2,0,,Home,고척 스카이돔,18:30,25.5
조상우,2020,Kiwoom,2020-09-22,@ Kia,RP,SV,0.0,2.0,1,23,0,0,1,0,2,1,0,,Away,광주 기아 챔피언스 필드,18:30,21.2
조상우,2020,Kiwoom,2020-09-19,@ Samsung,RP,SV,9.0,3.0,1,27,1,1,2,0,1,1,0,,Away,대구 삼성 라이온즈 파크,17:00,23.5
조상우,2020,Kiwoom,2020-09-17,vs. Hanwha,RP,SV,0.0,0.0,1,14,0,0,0,0,2,0,0,,Home,고척 스카이돔,18:30,25.5
조상우,2020,Kiwoom,2020-09-13,vs. Doosan,RP,,9.0,5.0,1,29,1,1,3,0,1,2,0,,Home,고척 스카이돔,14:00,25.5
조상우,2020,Kiwoom,2020-09-08,@ SK,RP,SV,0.0,1.0,1,18,0,0,1,0,2,0,0,,Away,인천 SSG 랜더스필드,18:30,25.5
조상우,2020,Kiwoom,2020-09-06,vs. KT,RP,,27.0,9.0,0 ⅓,19,1,1,2,0,0,1,0,,Home,고척 스카이돔,14:00,25.5
조상우,2020,Kiwoom,2020-09-03,@ Hanwha,RP,SV,0.0,1.0,1,24,0,0,1,0,2,0,0,,Away,대전 한화생명 볼파크,18:30,26.0
조상우,2020,Kiwoom,2020-08-29,vs. Samsung,RP,L,54.0,9.0,0 ⅓,13,2,2,3,0,0,0,0,,Home,고척 스카이돔,18:00,25.5
조상우,2020,Kiwoom,2020-08-28,@ Lotte,RP,SV,0.0,0.0,0 ⅓,2,0,0,0,0,0,0,0,,Away,사직 야구장,18:30,29.6
조상우,2020,Kiwoom,2020-08-26,@ KT,RP,,0.0,0.0,1,10,0,0,0,0,2,0,0,,Away,수원 KT 위즈파크,18:30,32.4
조상우,2020,Kiwoom,2020-08-23,vs. Kia,RP,L,54.0,9.0,0 ⅓,16,2,2,2,1,1,1,0,,Home,고척 스카이돔,14:00,25.5
조상우,2020,Kiwoom,2020-08-22,vs. Kia,RP,SV,0.0,1.0,1,23,0,0,1,0,2,0,0,,Home,고척 스카이돔,18:00,25.5
조상우,2020,Kiwoom,2020-08-19,@ NC,RP,SV,9.0,2.0,1,20,1,1,2,0,0,0,0,,Away,창원 NC 파크,18:30,33.3
조상우,2020,Kiwoom,2020-08-16,@ Lotte,RP,SV,0.0,0.0,1,16,0,0,0,0,0,0,0,,Away,사직 야구장,17:00,31.2
조상우,2020,Kiwoom,2020-08-15,@ Lotte,RP,SV,0.0,2.0,1,16,1,0,2,0,2,0,0,,Away,사직 야구장,18:00,31.4
조상우,2020,Kiwoom,2020-08-12,vs. Hanwha,RP,W,0.0,0.5,2,32,0,0,1,0,3,0,0,,Home,고척 스카이돔,18:30,25.5
조상우,2020,Kiwoom,2020-08-11,vs. Hanwha,RP,,0.0,2.0,1,23,0,0,1,0,0,1,0,,Home,고척 스카이돔,18:30,25.5
조상우,2020,Kiwoom,2020-08-09,vs. LG,RP,SV,0.0,0.0,1,14,0,0,0,0,1,0,0,,Home,고척 스카이돔,14:00,25.5
조상우,2020,Kiwoom,2020-08-06,vs. KT,RP,SV,0.0,0.0,1,10,0,0,0,0,2,0,0,,Home,고척 스카이돔,18:30,25.5
조상우,2020,Kiwoom,2020-08-02,@ Samsung,RP,W,0.0,1.0,2,29,0,0,2,0,3,0,0,,Away,대구 삼성 라이온즈 파크,17:00,29.6
조상우,2020,Kiwoom,2020-07-30,@ Doosan,RP,SV,0.0,1.0,1,16,0,0,1,0,1,0,0,,Away,잠실 야구장,18:30,28.3
조상우,2020,Kiwoom,2020-07-24,vs. Lotte,RP,,0.0,1.0,1,14,0,0,0,0,1,1,0,,Home,고척 스카이돔,18:30,25.5
조상우,2020,Kiwoom,2020-07-18,@ SK,RP,SV,0.0,1.0,1,23,0,0,0,0,1,1,0,,Away,인천 SSG 랜더스필드,18:00,27.5
조상우,2020,Kiwoom,2020-07-17,@ SK,RP,,0.0,6.0,0 ⅓,11,0,0,2,0,1,0,0,,Away,인천 SSG 랜더스필드,18:30,27.4
조상우,2020,Kiwoom,2020-07-15,vs. NC,RP,SV,0.0,1.0,1,15,0,0,1,0,0,0,0,,Home,고척 스카이돔,18:30,25.5
조상우,2020,Kiwoom,2020-07-14,vs. NC,RP,,0.0,0.0,1,11,0,0,0,0,2,0,0,,Home,고척 스카이돔,18:30,25.5
조상우,2020,Kiwoom,2020-07-09,vs. Samsung,RP,SV,0.0,1.0,1,29,0,0,1,0,1,0,0,,Home,고척 스카이돔,18:30,25.5
조상우,2020,Kiwoom,2020-07-08,vs. Samsung,RP,SV,0.0,0.0,1,13,0,0,0,0,0,0,0,,Home,고척 스카이돔,18:30,25.5
조상우,2020,Kiwoom,2020-07-03,@ KT,RP,L,9.0,2.0,1,22,1,1,2,0,1,0,0,,Away,수원 KT 위즈파크,18:30,25.5
조상우,2020,Kiwoom,2020-07-02,vs. Doosan,RP,SV,0.0,1.0,1,26,0,0,1,0,2,0,0,,Home,고척 스카이돔,18:30,25.5
조상우,2020,Kiwoom,2020-06-28,vs. Kia,RP,SV,0.0,1.0,1,11,0,0,1,0,2,0,0,,Home,고척 스카이돔,14:00,25.5
조상우,2020,Kiwoom,2020-06-27,vs. Kia,RP,SV,0.0,1.0,1,8,0,0,1,0,0,0,0,,Home,고척 스카이돔,17:00,25.5
조상우,2020,Kiwoom,2020-06-25,@ LG,RP,SV,0.0,0.0,1,14,0,0,0,0,2,0,0,,Away,잠실 야구장,18:30,24.4
조상우,2020,Kiwoom,2020-06-25,@ LG,RP,SV,0.0,0.0,1,19,0,0,0,0,1,0,0,,Away,잠실 야구장,18:30,24.4
조상우,2020,Kiwoom,2020-06-12,@ NC,RP,W,0.0,1.0,2,33,0,0,1,0,1,1,1,,Away,창원 NC 파크,18:30,27.3
조상우,2020,Kiwoom,2020-06-09,@ Samsung,RP,SV,0.0,3.0,1,15,0,0,2,0,1,1,0,,Away,대구 삼성 라이온즈 파크,18:30,26.4
조상우,2020,Kiwoom,2020-06-05,vs. LG,RP,,9.0,2.0,1,15,1,1,1,1,1,1,0,,Home,고척 스카이돔,18:30,25.5
조상우,2020,Kiwoom,2020-06-03,@ Hanwha,RP,SV,0.0,0.75,1 ⅓,16,0,0,1,0,2,0,0,,Away,대전 한화생명 볼파크,18:30,27.5
조상우,2020,Kiwoom,2020-05-29,vs. KT,RP,SV,0.0,0.0,1 ⅔,19,0,0,0,0,2,0,0,,Home,고척 스카이돔,18:30,25.5
조상우,2020,Kiwoom,2020-05-21,vs. SK,RP,W,0.0,0.5,2,24,0,0,1,0,2,0,0,,Home,고척 스카이돔,18:30,25.5
조상우,2020,Kiwoom,2020-05-17,@ LG,RP,,0.0,0.0,0 ⅓,5,0,0,0,0,0,0,0,,Away,잠실 야구장,14:00,22.0
조상우,2020,Kiwoom,2020-05-12,vs. Samsung,RP,SV,0.0,2.0,1,21,1,0,2,0,1,0,0,,Home,고척 스카이돔,18:30,25.5
조상우,2020,Kiwoom,2020-05-09,vs. Hanwha,RP,SV,0.0,1.0,1,15,0,0,1,0,0,0,0,,Home,고척 스카이돔,17:00,25.5
조상우,2020,Kiwoom,2020-05-08,vs. Hanwha,RP,SV,0.0,0.0,1,13,0,0,0,0,1,0,0,,Home,고척 스카이돔,18:30,25.5
조상우,2020,Kiwoom,2020-05-06,@ Kia,RP,SV,0.0,1.0,1,10,0,0,1,0,1,0,0,,Away,광주 기아 챔피언스 필드,18:30,26.3
최지민,2024,Kia,2024-09-30,vs. NC,RP,H,0.0,1.5,0 ⅔,15,0,0,1,0,2,0,0,,Home,광주 기아 챔피언스 필드,18:30,26.0
최지민,2024,Kia,2024-09-28,@ Lotte,RP,W,0.0,0.6,1 ⅔,19,0,0,1,0,2,0,0,,Away,사직 야구장,17:00,26.8
최지민,2024,Kia,2024-09-23,vs. Samsung,RP,,5.4,1.8,1 ⅔,39,1,1,2,0,2,1,0,,Home,광주 기아 챔피언스 필드,18:30,24.2
최지민,2024,Kia,2024-09-19,@ Doosan,RP,,9.0,2.0,1,26,1,1,1,1,1,1,0,,Away,잠실 야구장,18:30,32.6
최지민,2024,Kia,2024-08-22,vs. Lotte,RP,,0.0,6.0,0 ⅓,12,0,0,0,0,0,2,0,,Home,광주 기아 챔피언스 필드,18:30,30.9
최지민,2024,Kia,2024-08-09,vs. Samsung,RP,,0.0,1.5,0 ⅔,10,0,0,1,0,0,0,0,,Home,광주 기아 챔피언스 필드,18:30,30.0
최지민,2024,Kia,2024-08-07,vs. KT,RP,,54.0,7.5,0 ⅔,23,4,4,4,0,1,1,0,,Home,광주 기아 챔피언스 필드,18:30,32.4
최지민,2024,Kia,2024-08-02,@ Hanwha,RP,,0.0,1.5,0 ⅔,14,0,0,1,0,2,0,0,,Away,대전 한화생명 볼파크,18:30,33.8
최지민,2024,Kia,2024-07-31,vs. Doosan,RP,,45.0,5.0,1,37,5,5,3,1,0,2,0,,Home,광주 기아 챔피언스 필드,18:30,32.4
최지민,2024,Kia,2024-07-27,@ Kiwoom,RP,,27.0,3.0,0 ⅔,13,2,2,2,0,0,0,0,,Away,고척 스카이돔,18:00,25.5
최지민,2024,Kia,2024-07-26,@ Kiwoom,RP,,0.0,1.5,0 ⅔,16,0,0,1,0,1,0,1,,Away,고척 스카이돔,18:30,25.5
최지민,2024,Kia,2024-07-11,@ LG,RP,,0.0,,0,9,1,0,1,0,0,1,0,,Away,잠실 야구장,18:30,29.5
최지민,2024,Kia,2024-07-10,@ LG,RP,,9.0,2.0,1,27,1,1,1,0,1,1,1,,Away,잠실 야구장,18:30,30.8
최지민,2024,Kia,2024-07-03,@ Samsung,RP,H,0.0,1.5,0 ⅔,15,0,0,1,0,1,0,0,,Away,대구 삼성 라이온즈 파크,18:30,28.2
최지민,2024,Kia,2024-07-02,@ Samsung,RP,,0.0,2.0,1,16,0,0,0,0,1,2,0,,Away,대구 삼성 라이온즈 파크,18:30,27.0
최지민,2024,Kia,2024-06-25,@ Lotte,RP,,0.0,0.0,2,20,0,0,0,0,2,0,0,,Away,사직 야구장,18:30,24.2
최지민,2024,Kia,2024-06-23,vs. Hanwha,RP,SV,0.0,1.0,1,18,0,0,0,0,0,1,0,,Home,광주 기아 챔피언스 필드,17:00,30.2
최지민,2024,Kia,2024-06-23,vs. Hanwha,RP,,0.0,0.0,1,12,0,0,0,0,0,0,0,,Home,광주 기아 챔피언스 필드,17:00,30.2
최지민,2024,Kia,2024-06-19,vs. LG,RP,L,0.0,,0,6,2,2,1,0,0,1,0,,Home,광주 기아 챔피언스 필드,18:30,29.7
최지민,2024,Kia,2024-06-18,vs. LG,RP,,0.0,2.0,1,15,0,0,2,0,1,0,0,,Home,광주 기아 챔피언스 필드,18:30,28.5
최지민,2024,Kia,2024-06-16,@ KT,RP,H,0.0,0.0,0 ⅓,2,0,0,0,0,0,0,0,,Away,수원 KT 위즈파크,17:00,26.9
최지민,2024,Kia,2024-06-15,@ KT,RP,H,0.0,1.5,0 ⅔,17,0,0,0,0,1,1,0,,Away,수원 KT 위즈파크,17:00,26.4
최지민,2024,Kia,2024-06-12,@ SSG,RP,H,0.0,3.0,0 ⅓,8,0,0,1,0,0,0,0,,Away,인천 SSG 랜더스필드,18:30,23.9
최지민,2024,Kia,2024-06-11,@ SSG,RP,,27.0,3.0,0 ⅔,20,2,2,1,0,2,1,0,,Away,인천 SSG 랜더스필드,18:30,24.6
최지민,2024,Kia,2024-06-07,@ Doosan,RP,,0.0,1.0,1,17,0,0,0,0,3,1,0,,Away,잠실 야구장,18:30,26.4
최지민,2024,Kia,2024-06-05,vs. Lotte,RP,,40.5,4.5,0 ⅔,20,3,3,2,0,0,1,0,,Home,광주 기아 챔피언스 필드,18:30,25.6
최지민,2024,Kia,2024-06-01,vs. KT,RP,,0.0,,0,12,1,1,1,0,0,2,0,,Home,광주 기아 챔피언스 필드,17:00,22.7
최지민,2024,Kia,2024-05-29,@ NC,RP,H,0.0,0.0,1,14,0,0,0,0,1,0,0,,Away,창원 NC 파크,18:30,23.2
최지민,2024,Kia,2024-05-26,vs. Doosan,RP,,0.0,0.0,1,15,0,0,0,0,0,0,0,,Home,광주 기아 챔피언스 필드,14:00,22.8
최지민,2024,Kia,2024-05-25,vs. Doosan,RP,,0.0,3.0,0 ⅔,17,0,0,1,0,0,1,0,,Home,광주 기아 챔피언스 필드,17:00,25.8
최지민,2024,Kia,2024-05-21,@ Lotte,RP,,0.0,3.0,0 ⅓,15,0,0,0,0,1,1,0,,Away,사직 야구장,18:30,19.0
최지민,2024,Kia,2024-05-19,@ NC,RP,,0.0,1.0,1,13,0,0,0,0,0,1,0,,Away,창원 NC 파크,14:00,29.9
최지민,2024,Kia,2024-05-18,@ NC,RP,,0.0,2.0,1,18,0,0,1,0,0,1,0,,Away,창원 NC 파크,17:00,25.5
최지민,2024,Kia,2024-05-16,vs. Doosan,RP,,0.0,3.0,0 ⅔,16,0,0,1,0,0,1,0,,Home,광주 기아 챔피언스 필드,18:30,18.9
최지민,2024,Kia,2024-05-15,vs. Doosan,RP,H,0.0,0.75,1 ⅓,21,0,0,0,0,0,1,0,,Home,광주 기아 챔피언스 필드,18:30,11.6
최지민,2024,Kia,2024-05-12,vs. SSG,RP,,0.0,3.0,0 ⅓,8,0,0,1,0,0,0,0,,Home,광주 기아 챔피언스 필드,14:00,22.6
최지민,2024,Kia,2024-05-12,vs. SSG,RP,W,0.0,3.0,0 ⅓,7,0,0,1,0,0,0,0,,Home,광주 기아 챔피언스 필드,14:00,22.6
최지민,2024,Kia,2024-05-09,@ Samsung,RP,L,0.0,,0,16,3,3,2,0,0,1,1,,Away,대구 삼성 라이온즈 파크,18:30,18.9
최지민,2024,Kia,2024-05-08,@ Samsung,RP,,0.0,1.5,1 ⅓,26,0,0,0,0,1,2,0,,Away,대구 삼성 라이온즈 파크,18:30,14.3
최지민,2024,Kia,2024-05-04,vs. Hanwha,RP,,0.0,2.0,1,13,0,0,1,0,0,1,0,,Home,광주 기아 챔피언스 필드,17:00,24.2
최지민,2024,Kia,2024-04-28,@ LG,RP,W,0.0,1.0,1,14,0,0,0,0,0,1,0,,Away,잠실 야구장,14:00,27.6
최지민,2024,Kia,2024-04-24,@ Kiwoom,RP,,0.0,0.0,1,11,0,0,0,0,0,0,0,,Away,고척 스카이돔,18:30,25.5
최지민,2024,Kia,2024-04-23,@ Kiwoom,RP,H,0.0,3.0,1,29,0,0,1,0,1,2,0,,Away,고척 스카이돔,18:30,25.5
최지민,2024,Kia,2024-04-19,vs. NC,RP,,0.0,2.0,1,21,0,0,0,0,1,2,0,,Home,광주 기아 챔피언스 필드,18:30,24.1
최지민,2024,Kia,2024-04-18,@ SSG,RP,,0.0,3.0,0 ⅓,6,0,0,1,0,0,0,0,,Away,인천 SSG 랜더스필드,18:30,17.8
최지민,2024,Kia,2024-04-16,@ SSG,RP,H,0.0,2.0,1,18,0,0,1,0,1,1,0,,Away,인천 SSG 랜더스필드,18:30,11.5
최지민,2024,Kia,2024-04-14,@ Hanwha,RP,H,0.0,0.0,1,13,0,0,0,0,0,0,0,,Away,대전 한화생명 볼파크,14:00,27.7
최지민,2024,Kia,2024-04-13,@ Hanwha,RP,SV,0.0,0.0,1,13,0,0,0,0,1,0,0,,Away,대전 한화생명 볼파크,17:00,27.7
최지민,2024,Kia,2024-04-11,vs. LG,RP,SV,0.0,1.5,1 ⅓,19,0,0,1,0,1,1,0,,Home,광주 기아 챔피언스 필드,18:30,19.5
최지민,2024,Kia,2024-04-07,vs. Samsung,RP,L,0.0,2.0,1,21,1,0,2,0,1,0,0,,Home,광주 기아 챔피언스 필드,14:00,24.5
최지민,2024,Kia,2024-04-06,vs. Samsung,RP,,0.0,3.0,0 ⅔,19,0,0,0,0,1,2,1,,Home,광주 기아 챔피언스 필드,17:00,19.2
최지민,2024,Kia,2024-04-04,@ KT,RP,,0.0,3.0,0 ⅔,16,0,0,1,0,1,1,0,,Away,수원 KT 위즈파크,18:30,16.5
최지민,2024,Kia,2024-03-31,@ Doosan,RP,,9.0,2.0,1,18,1,1,1,0,0,1,0,,Away,잠실 야구장,14:00,16.1
최지민,2024,Kia,2024-03-29,@ Doosan,RP,H,0.0,0.0,1,15,0,0,0,0,2,0,0,,Away,잠실 야구장,18:30,11.2
최지민,2024,Kia,2024-03-26,vs. Lotte,RP,,0.0,0.0,1,16,0,0,0,0,1,0,0,,Home,광주 기아 챔피언스 필드,18:30,10.7
최지민,2024,Kia,2024-03-23,vs. Kiwoom,RP,H,0.0,0.0,1,9,0,0,0,0,0,0,0,,Home,광주 기아 챔피언스 필드,14:00,22.7
최지민,2023,Kia,2023-10-12,vs. Lotte,RP,,0.0,3.0,1,21,0,0,3,0,0,0,0,,Home,광주 기아 챔피언스 필드,18:30,20.4
최지민,2023,Kia,2023-09-22,vs. KT,RP,H,0.0,1.0,1,19,0,0,1,0,1,0,0,,Home,광주 기아 챔피언스 필드,18:30,25.0
최지민,2023,Kia,2023-09-19,vs. LG,RP,,0.0,0.0,1,6,0,0,0,0,0,0,0,,Home,광주 기아 챔피언스 필드,18:30,28.0
최지민,2023,Kia,2023-09-15,vs. Doosan,RP,,27.0,3.0,0 ⅓,10,1,1,1,1,0,0,0,,Home,광주 기아 챔피언스 필드,18:30,29.5
최지민,2023,Kia,2023-09-10,vs. LG,RP,W,0.0,1.2,1 ⅔,24,0,0,2,0,2,0,0,,Home,광주 기아 챔피언스 필드,14:00,29.4
최지민,2023,Kia,2023-09-09,vs. LG,RP,W,0.0,3.0,0 ⅓,13,0,0,0,0,0,1,0,,Home,광주 기아 챔피언스 필드,17:00,29.1
최지민,2023,Kia,2023-09-08,vs. LG,RP,,9.0,1.0,1,21,2,1,1,0,0,0,0,,Home,광주 기아 챔피언스 필드,18:30,28.2
최지민,2023,Kia,2023-09-03,@ SSG,RP,,0.0,0.0,0 ⅔,12,0,0,0,0,1,0,0,,Away,인천 SSG 랜더스필드,14:00,29.7
최지민,2023,Kia,2023-09-01,@ SSG,RP,,0.0,1.0,1,23,0,0,1,0,3,0,0,,Away,인천 SSG 랜더스필드,18:30,27.4
최지민,2023,Kia,2023-08-25,vs. Hanwha,RP,H,0.0,0.0,1,8,0,0,0,0,0,0,1,,Home,광주 기아 챔피언스 필드,18:30,30.5
최지민,2023,Kia,2023-08-22,@ KT,RP,,0.0,1.5,0 ⅔,18,1,0,1,0,1,0,0,,Away,수원 KT 위즈파크,18:30,30.5
최지민,2023,Kia,2023-08-20,@ Samsung,RP,,0.0,1.5,0 ⅔,12,0,0,0,0,1,1,0,,Away,대구 삼성 라이온즈 파크,17:00,31.5
최지민,2023,Kia,2023-08-19,@ Samsung,RP,H,0.0,1.0,1,10,0,0,0,0,0,1,0,,Away,대구 삼성 라이온즈 파크,18:00,28.9
최지민,2023,Kia,2023-08-12,@ Lotte,RP,,0.0,1.0,1,27,0,0,0,0,2,1,0,,Away,사직 야구장,18:00,28.3
최지민,2023,Kia,2023-08-06,vs. Hanwha,RP,,0.0,1.5,0 ⅔,14,0,0,1,0,0,0,0,,Home,광주 기아 챔피언스 필드,17:00,34.6
최지민,2023,Kia,2023-08-03,@ Samsung,RP,H,0.0,2.0,1,14,0,0,1,0,0,1,0,,Away,대구 삼성 라이온즈 파크,18:30,32.2
최지민,2023,Kia,2023-08-02,@ Samsung,RP,H,0.0,0.0,1,6,0,0,0,0,0,0,1,,Away,대구 삼성 라이온즈 파크,18:30,31.8
최지민,2023,Kia,2023-08-01,@ Samsung,RP,W,0.0,3.0,0 ⅓,3,0,0,1,0,0,0,0,,Away,대구 삼성 라이온즈 파크,18:30,30.7
최지민,2023,Kia,2023-07-30,vs. Lotte,RP,H,9.0,3.0,1,20,1,1,3,0,0,0,0,,Home,광주 기아 챔피언스 필드,17:00,31.1
최지민,2023,Kia,2023-07-25,@ NC,RP,L,54.0,9.0,0 ⅓,19,2,2,1,1,0,2,0,,Away,창원 NC 파크,18:30,29.9
최지민,2023,Kia,2023-07-21,vs. Doosan,RP,,27.0,3.0,0 ⅓,17,1,1,1,0,0,0,1,,Home,광주 기아 챔피언스 필드,18:30,29.6
최지민,2023,Kia,2023-07-12,vs. Samsung,RP,H,0.0,0.0,1,15,0,0,0,0,3,0,0,,Home,광주 기아 챔피언스 필드,18:30,30.3
최지민,2023,Kia,2023-07-09,@ KT,RP,,0.0,1.5,1 ⅓,22,0,0,2,0,3,0,0,,Away,수원 KT 위즈파크,17:00,28.2
최지민,2023,Kia,2023-07-07,@ KT,RP,W,0.0,0.0,1 ⅔,15,0,0,0,0,0,0,0,,Away,수원 KT 위즈파크,18:30,26.0
최지민,2023,Kia,2023-07-06,@ SSG,RP,H,27.0,6.0,0 ⅓,17,1,1,1,0,0,1,1,,Away,인천 SSG 랜더스필드,18:30,29.7
최지민,2023,Kia,2023-07-01,@ LG,RP,SV,0.0,0.75,1 ⅓,18,0,0,0,0,0,1,0,,Away,잠실 야구장,18:00,31.6
최지민,2023,Kia,2023-06-28,vs. Kiwoom,RP,,0.0,0.86,2 ⅓,32,0,0,1,0,2,1,0,,Home,광주 기아 챔피언스 필드,18:30,27.9
최지민,2023,Kia,2023-06-24,vs. KT,RP,SV,0.0,0.0,0 ⅓,6,0,0,0,0,1,0,0,,Home,광주 기아 챔피언스 필드,17:00,28.8
최지민,2023,Kia,2023-06-22,@ Hanwha,RP,,0.0,0.6,1 ⅔,31,0,0,0,0,2,1,0,,Away,대전 한화생명 볼파크,18:30,26.5
최지민,2023,Kia,2023-06-20,@ Hanwha,RP,H,0.0,9.0,0 ⅓,22,0,0,0,0,0,3,0,,Away,대전 한화생명 볼파크,18:30,26.3
최지민,2023,Kia,2023-06-18,vs. NC,RP,,27.0,3.0,0 ⅓,7,1,1,1,1,0,0,0,,Home,광주 기아 챔피언스 필드,17:00,30.0
최지민,2023,Kia,2023-06-17,vs. NC,RP,,0.0,0.0,1,9,0,0,0,0,0,0,0,,Home,광주 기아 챔피언스 필드,17:00,27.5
최지민,2023,Kia,2023-06-15,@ Kiwoom,RP,,9.0,3.0,1,29,1,1,2,0,2,1,0,,Away,고척 스카이돔,18:30,25.5
최지민,2023,Kia,2023-06-11,@ Doosan,RP,,0.0,2.0,1,14,0,0,1,0,2,1,0,,Away,잠실 야구장,17:00,27.0
최지민,2023,Kia,2023-06-09,@ Doosan,RP,,0.0,2.0,1,21,0,0,1,0,1,1,0,,Away,잠실 야구장,18:30,26.2
최지민,2023,Kia,2023-06-08,vs. SSG,RP,L,9.0,1.0,1,26,2,1,1,1,3,0,0,,Home,광주 기아 챔피언스 필드,18:30,25.8
최지민,2023,Kia,2023-06-03,@ Lotte,RP,L,6.75,2.25,1 ⅓,34,1,1,1,0,2,2,0,,Away,사직 야구장,17:00,22.6
최지민,2023,Kia,2023-05-27,vs. LG,RP,H,0.0,0.75,1 ⅓,26,0,0,0,0,2,1,0,,Home,광주 기아 챔피언스 필드,17:00,24.1
최지민,2023,Kia,2023-05-25,@ Hanwha,RP,,0.0,0.0,1,10,0,0,0,0,0,0,0,,Away,대전 한화생명 볼파크,18:30,24.4
최지민,2023,Kia,2023-05-24,@ Hanwha,RP,W,0.0,0.6,1 ⅔,15,0,0,1,0,1,0,0,,Away,대전 한화생명 볼파크,18:30,23.6
최지민,2023,Kia,2023-05-21,vs. Kiwoom,RP,,0.0,0.0,1,15,0,0,0,0,1,0,0,,Home,광주 기아 챔피언스 필드,14:00,22.9
최지민,2023,Kia,2023-05-20,vs. Kiwoom,RP,H,0.0,0.0,0 ⅔,9,0,0,0,0,0,0,0,,Home,광주 기아 챔피언스 필드,17:00,24.2
최지민,2023,Kia,2023-05-17,@ Samsung,RP,SV,0.0,0.0,0 ⅔,5,0,0,0,0,0,0,0,,Away,대구 삼성 라이온즈 파크,18:30,23.3
최지민,2023,Kia,2023-05-16,@ Samsung,RP,W,0.0,1.5,1 ⅓,15,0,0,2,0,1,0,0,,Away,대구 삼성 라이온즈 파크,18:30,20.9
최지민,2023,Kia,2023-05-14,@ Doosan,RP,,0.0,1.5,0 ⅔,5,0,0,1,0,0,0,0,,Away,잠실 야구장,14:00,23.8
최지민,2023,Kia,2023-05-10,vs. SSG,RP,,0.0,1.13,2 ⅔,29,0,0,2,0,0,1,0,,Home,광주 기아 챔피언스 필드,18:30,24.0
최지민,2023,Kia,2023-05-03,vs. Lotte,RP,,0.0,1.0,1,9,0,0,0,0,0,1,0,,Home,광주 기아 챔피언스 필드,18:30,18.8
최지민,2023,Kia,2023-05-02,vs. Lotte,RP,,0.0,0.0,1,24,0,0,0,0,1,0,0,,Home,광주 기아 챔피언스 필드,18:30,22.3
최지민,2023,Kia,2023-04-29,@ LG,RP,H,0.0,1.0,2,31,0,0,1,0,2,1,0,,Away,잠실 야구장,17:00,13.1
최지민,2023,Kia,2023-04-28,@ LG,RP,,0.0,0.0,0 ⅓,5,0,0,0,0,1,0,0,,Away,잠실 야구장,18:30,17.8
최지민,2023,Kia,2023-04-26,vs. NC,RP,,0.0,1.0,1,16,0,0,1,0,1,0,0,,Home,광주 기아 챔피언스 필드,18:30,11.5
최지민,2023,Kia,2023-04-25,vs. NC,RP,,0.0,0.0,1,12,0,0,0,0,0,0,0,,Home,광주 기아 챔피언스 필드,18:30,10.7
최지민,2023,Kia,2023-04-22,vs. Samsung,RP,,0.0,1.0,1,10,0,0,1,0,0,0,0,,Home,광주 기아 챔피언스 필드,17:00,21.2
최지민,2023,Kia,2023-04-20,@ Lotte,RP,,0.0,1.0,2,32,0,0,1,0,1,1,0,,Away,사직 야구장,18:30,19.8
최지민,2023,Kia,2023-04-15,@ Kiwoom,RP,,6.75,1.5,1 ⅓,18,1,1,2,0,0,0,0,,Away,고척 스카이돔,17:00,25.5
최지민,2023,Kia,2023-04-14,@ Kiwoom,RP,,0.0,0.6,1 ⅔,14,0,0,1,0,0,0,0,,Away,고척 스카이돔,18:30,25.5
최지민,2023,Kia,2023-04-07,vs. Doosan,RP,,9.0,3.0,1,31,1,1,2,0,1,1,0,,Home,광주 기아 챔피언스 필드,18:30,8.8
최지민,2023,Kia,2023-04-01,@ SSG,RP,,9.0,2.0,1,19,1,1,1,0,0,1,0,,Away,인천 SSG 랜더스필드,14:00,21.2
최지민,2022,Kia,2022-10-08,vs. KT,RP,,0.0,1.0,1,17,0,0,1,0,1,0,0,,Home,광주 기아 챔피언스 필드,17:00,19.8
최지민,2022,Kia,2022-06-10,vs. Kiwoom,RP,,0.0,,0,12,2,2,3,0,0,0,0,,Home,광주 기아 챔피언스 필드,18:30,25.3
최지민,2022,Kia,2022-05-11,vs. KT,RP,,9.0,3.0,2,47,2,2,3,0,1,3,0,,Home,광주 기아 챔피언스 필드,18:30,23.5
최지민,2022,Kia,2022-05-06,@ Hanwha,RP,,0.0,0.0,1,15,0,0,0,0,2,0,0,,Away,대전 한화생명 볼파크,18:30,24.3
최지민,2022,Kia,2022-04-08,@ SSG,RP,,0.0,2.0,1,18,0,0,2,0,1,0,0,,Away,인천 SSG 랜더스필드,18:30,15.1
최지민,2022,Kia,2022-04-02,vs. LG,RP,,45.0,5.0,1,33,5,5,3,1,2,2,1,,Home,광주 기아 챔피언스 필드,14:00,16.2
황동하,2024,Kia,2024-09-27,@ Hanwha,SP,L,5.4,1.6,5,81,3,3,6,0,1,2,1,41.0,Away,대전 한화생명 볼파크,18:30,24.4
황동하,2024,Kia,2024-09-16,@ KT,SP,,1.8,1.8,5,76,1,1,7,0,3,2,1,49.0,Away,수원 KT 위즈파크,18:30,31.3
황동하,2024,Kia,2024-09-06,vs. Kiwoom,SP,W,0.0,1.2,5,91,0,0,4,0,5,2,0,62.0,Home,광주 기아 챔피언스 필드,18:30,29.3
황동하,2024,Kia,2024-08-31,@ Samsung,SP,,20.25,4.5,1 ⅓,43,6,3,3,0,2,3,0,29.0,Away,대구 삼성 라이온즈 파크,18:00,29.1
황동하,2024,Kia,2024-08-25,@ NC,SP,L,8.31,2.08,4 ⅓,70,6,4,8,2,4,1,0,30.0,Away,창원 NC 파크,17:00,32.5
황동하,2024,Kia,2024-08-14,@ Kiwoom,SP,,0.0,1.6,5,93,0,0,4,0,4,4,0,59.0,Away,고척 스카이돔,18:30,25.5
황동하,2024,Kia,2024-08-08,vs. KT,SP,,0.0,0.67,6,89,0,0,3,0,9,1,0,74.0,Home,광주 기아 챔피언스 필드,18:30,31.1
황동하,2024,Kia,2024-08-02,@ Hanwha,SP,L,5.4,1.2,5,78,3,3,4,1,2,2,0,47.0,Away,대전 한화생명 볼파크,18:30,33.8
황동하,2024,Kia,2024-07-27,@ Kiwoom,SP,,1.8,1.2,5,69,1,1,4,1,4,2,0,57.0,Away,고척 스카이돔,18:00,25.5
황동하,2024,Kia,2024-07-21,@ Hanwha,SP,,7.36,1.64,3 ⅔,68,3,3,4,0,4,2,1,42.0,Away,대전 한화생명 볼파크,17:00,32.4
황동하,2024,Kia,2024-07-12,vs. SSG,SP,L,19.29,3.43,2 ⅓,73,8,5,5,0,3,3,0,21.0,Home,광주 기아 챔피언스 필드,18:30,30.6
황동하,2024,Kia,2024-07-04,@ Samsung,RP,W,0.0,0.27,3 ⅔,43,0,0,0,0,3,1,0,,Away,대구 삼성 라이온즈 파크,18:30,30.1
황동하,2024,Kia,2024-06-23,vs. Hanwha,SP,,11.25,2.0,4,91,5,5,4,1,3,4,1,32.0,Home,광주 기아 챔피언스 필드,17:00,30.2
황동하,2024,Kia,2024-06-16,@ KT,SP,W,1.8,0.8,5,82,1,1,4,0,5,0,1,59.0,Away,수원 KT 위즈파크,17:00,26.9
황동하,2024,Kia,2024-06-11,@ SSG,SP,,8.31,1.85,4 ⅓,79,4,4,7,1,3,1,1,34.0,Away,인천 SSG 랜더스필드,18:30,24.6
황동하,2024,Kia,2024-06-05,vs. Lotte,SP,L,3.6,1.6,5,99,3,2,5,0,4,3,0,48.0,Home,광주 기아 챔피언스 필드,18:30,25.6
황동하,2024,Kia,2024-05-30,@ NC,SP,W,3.0,1.33,6,85,2,2,8,2,6,0,0,54.0,Away,창원 NC 파크,18:30,22.1
황동하,2024,Kia,2024-05-24,vs. Doosan,SP,,5.4,1.6,5,89,3,3,7,1,3,1,0,43.0,Home,광주 기아 챔피언스 필드,18:30,26.7
황동하,2024,Kia,2024-05-18,@ NC,SP,W,3.6,1.2,5,98,2,2,5,1,4,1,1,51.0,Away,창원 NC 파크,17:00,25.5
황동하,2024,Kia,2024-05-12,vs. SSG,SP,,1.8,0.4,5,80,1,1,2,0,2,0,0,61.0,Home,광주 기아 챔피언스 필드,14:00,22.6
황동하,2024,Kia,2024-05-03,vs. Hanwha,SP,L,5.4,1.8,5,95,3,3,6,1,2,3,0,42.0,Home,광주 기아 챔피언스 필드,18:30,24.0
황동하,2024,Kia,2024-04-27,@ LG,SP,L,12.27,1.91,3 ⅔,58,5,5,6,2,2,1,0,30.0,Away,잠실 야구장,17:00,24.8
황동하,2024,Kia,2024-04-02,@ KT,RP,,0.0,3.0,1 ⅔,44,4,0,2,0,1,3,0,,Away,수원 KT 위즈파크,18:30,19.8
황동하,2024,Kia,2024-03-31,@ Doosan,RP,,0.0,0.0,0 ⅔,7,0,0,0,0,1,0,1,,Away,잠실 야구장,14:00,16.1
황동하,2024,Kia,2024-03-30,@ Doosan,RP,,0.0,1.8,1 ⅔,33,0,0,1,0,1,2,0,,Away,잠실 야구장,17:00,14.0
황동하,2023,Kia,2023-10-06,@ LG,SP,,2.25,1.75,4,77,1,1,3,0,2,4,0,50.0,Away,잠실 야구장,18:30,18.8
황동하,2023,Kia,2023-09-29,@ Kiwoom,SP,,9.0,2.67,3,62,3,3,7,0,4,1,0,36.0,Away,고척 스카이돔,18:30,25.5
황동하,2023,Kia,2023-09-18,vs. Doosan,SP,L,21.0,3.33,3,81,7,7,7,2,3,3,1,16.0,Home,광주 기아 챔피언스 필드,18:30,29.7
황동하,2023,Kia,2023-09-09,vs. LG,SP,,4.15,1.15,4 ⅓,70,2,2,4,0,2,1,0,48.0,Home,광주 기아 챔피언스 필드,17:00,29.1
황동하,2023,Kia,2023-08-20,@ Samsung,SP,,5.79,1.07,4 ⅔,67,3,3,4,2,0,1,0,43.0,Away,대구 삼성 라이온즈 파크,17:00,31.5
황동하,2023,Kia,2023-06-28,vs. Kiwoom,RP,L,0.0,,0,10,2,2,0,0,0,2,0,,Home,광주 기아 챔피언스 필드,18:30,27.9
황동하,2023,Kia,2023-06-23,vs. KT,SP,L,13.5,2.5,2,37,3,3,4,1,2,1,0,37.0,Home,광주 기아 챔피언스 필드,18:30,30.8
황동하,2023,Kia,2023-06-18,vs. NC,RP,,0.0,1.2,1 ⅔,30,0,0,0,0,1,2,0,,Home,광주 기아 챔피언스 필드,17:00,30.0
황동하,2023,Kia,2023-06-16,vs. NC,RP,,0.0,6.0,0 ⅔,23,2,0,3,0,1,1,0,,Home,광주 기아 챔피언스 필드,18:30,29.3
황동하,2023,Kia,2023-06-15,@ Kiwoom,RP,,0.0,0.5,2,29,0,0,0,0,2,1,0,,Away,고척 스카이돔,18:30,25.5
황동하,2023,Kia,2023-06-07,vs. SSG,RP,,4.5,1.0,2,30,1,1,0,0,1,2,0,,Home,광주 기아 챔피언스 필드,18:30,26.0
황동하,2023,Kia,2023-06-02,@ Lotte,RP,,3.0,1.67,3,52,1,1,3,0,1,2,0,,Away,사직 야구장,18:30,25.2
황동하,2023,Kia,2023-05-31,vs. KT,RP,,0.0,0.0,1,8,0,0,0,0,0,0,0,,Home,광주 기아 챔피언스 필드,18:30,26.7
임기영,2024,Kia,2024-09-27,@ Hanwha,RP,,0.0,1.0,1,24,0,0,1,0,0,0,0,,Away,대전 한화생명 볼파크,18:30,24.4
임기영,2024,Kia,2024-09-23,vs. Samsung,RP,,27.0,3.0,0 ⅔,17,2,2,2,1,1,0,0,,Home,광주 기아 챔피언스 필드,18:30,24.2
임기영,2024,Kia,2024-09-19,@ Doosan,RP,,9.0,2.0,1,25,2,1,2,0,0,0,0,,Away,잠실 야구장,18:30,32.6
임기영,2024,Kia,2024-09-17,@ SSG,RP,,0.0,0.0,0 ⅔,4,0,0,0,0,0,0,0,,Away,인천 SSG 랜더스필드,18:30,30.5
임기영,2024,Kia,2024-09-15,vs. Kiwoom,RP,,0.0,,0,9,1,1,0,0,0,1,0,,Home,광주 기아 챔피언스 필드,14:00,33.5
임기영,2024,Kia,2024-09-06,vs. Kiwoom,RP,,0.0,1.0,1,13,0,0,1,0,2,0,0,,Home,광주 기아 챔피언스 필드,18:30,29.3
임기영,2024,Kia,2024-09-04,vs. Hanwha,RP,,0.0,2.0,1,24,0,0,2,0,0,0,0,,Home,광주 기아 챔피언스 필드,18:30,29.5
임기영,2024,Kia,2024-08-31,@ Samsung,RP,,6.75,2.25,1 ⅓,28,1,1,3,1,2,0,0,,Away,대구 삼성 라이온즈 파크,18:00,29.1
임기영,2024,Kia,2024-08-29,vs. SSG,RP,,27.0,3.0,1,32,3,3,2,1,1,1,0,,Home,광주 기아 챔피언스 필드,18:30,31.9
임기영,2024,Kia,2024-08-28,vs. SSG,RP,W,0.0,1.0,1,16,0,0,0,0,1,1,0,,Home,광주 기아 챔피언스 필드,18:30,30.8
임기영,2024,Kia,2024-08-25,@ NC,RP,,4.5,1.0,2,39,1,1,1,0,2,1,0,,Away,창원 NC 파크,17:00,32.5
임기영,2024,Kia,2024-08-09,vs. Samsung,RP,,13.5,3.0,0 ⅔,16,2,1,2,0,0,0,0,,Home,광주 기아 챔피언스 필드,18:30,30.0
임기영,2024,Kia,2024-08-08,vs. KT,RP,,0.0,3.0,0 ⅓,8,0,0,0,0,0,1,0,,Home,광주 기아 챔피언스 필드,18:30,31.1
임기영,2024,Kia,2024-08-07,vs. KT,RP,,6.75,1.5,1 ⅓,25,1,1,2,0,2,0,0,,Home,광주 기아 챔피언스 필드,18:30,32.4
임기영,2024,Kia,2024-08-02,@ Hanwha,RP,,81.0,12.0,0 ⅓,15,3,3,3,0,1,1,0,,Away,대전 한화생명 볼파크,18:30,33.8
임기영,2024,Kia,2024-08-01,vs. Doosan,RP,,0.0,6.0,0 ⅓,11,0,0,2,0,0,0,0,,Home,광주 기아 챔피언스 필드,18:30,33.1
임기영,2024,Kia,2024-07-30,vs. Doosan,RP,,54.0,6.0,0 ⅓,19,2,2,2,0,0,0,0,,Home,광주 기아 챔피언스 필드,18:30,32.1
임기영,2024,Kia,2024-07-28,@ Kiwoom,RP,W,0.0,0.0,1 ⅓,16,0,0,0,0,2,0,0,,Away,고척 스카이돔,14:00,25.5
임기영,2024,Kia,2024-07-27,@ Kiwoom,RP,H,0.0,0.0,0 ⅔,6,0,0,0,0,0,0,0,,Away,고척 스카이돔,18:00,25.5
임기영,2024,Kia,2024-07-25,vs. NC,RP,,0.0,0.0,2,25,0,0,0,0,0,0,0,,Home,광주 기아 챔피언스 필드,18:30,31.7
임기영,2024,Kia,2024-07-21,@ Hanwha,RP,,18.0,2.0,1,24,2,2,0,0,1,2,0,,Away,대전 한화생명 볼파크,17:00,32.4
임기영,2024,Kia,2024-07-18,vs. Samsung,RP,H,0.0,0.75,1 ⅓,17,0,0,1,0,1,0,0,,Home,광주 기아 챔피언스 필드,18:30,29.2
임기영,2024,Kia,2024-07-17,vs. Samsung,RP,W,0.0,0.75,1 ⅓,15,0,0,0,0,1,1,0,,Home,광주 기아 챔피언스 필드,18:30,30.1
임기영,2024,Kia,2024-07-13,vs. SSG,RP,,13.5,2.0,2,43,3,3,4,2,3,0,0,,Home,광주 기아 챔피언스 필드,18:00,29.3
임기영,2024,Kia,2024-07-10,@ LG,RP,,0.0,1.5,0 ⅔,9,0,0,1,0,0,0,0,,Away,잠실 야구장,18:30,30.8
임기영,2024,Kia,2024-07-09,@ LG,RP,,0.0,1.5,1 ⅓,17,0,0,2,0,0,0,0,,Away,잠실 야구장,18:30,27.4
임기영,2024,Kia,2024-07-03,@ Samsung,RP,,0.0,,0,13,0,0,1,0,0,1,0,,Away,대구 삼성 라이온즈 파크,18:30,28.2
임기영,2024,Kia,2024-07-02,@ Samsung,RP,,0.0,2.25,1 ⅓,27,0,0,2,0,2,1,0,,Away,대구 삼성 라이온즈 파크,18:30,27.0
임기영,2024,Kia,2024-06-28,vs. Kiwoom,SP,L,27.0,4.5,1 ⅓,45,5,4,5,1,1,1,1,25.0,Home,광주 기아 챔피언스 필드,18:30,30.0
임기영,2024,Kia,2024-06-23,vs. Hanwha,SP,W,1.69,1.13,5 ⅓,76,1,1,6,0,3,0,0,55.0,Home,광주 기아 챔피언스 필드,17:00,30.2
임기영,2024,Kia,2024-06-18,vs. LG,RP,,0.0,0.0,1,8,0,0,0,0,1,0,0,,Home,광주 기아 챔피언스 필드,18:30,28.5
임기영,2024,Kia,2024-06-11,@ SSG,RP,,0.0,1.5,0 ⅔,15,0,0,1,0,1,0,0,,Away,인천 SSG 랜더스필드,18:30,24.6
임기영,2024,Kia,2024-06-08,@ Doosan,RP,,4.5,1.0,2,34,1,1,2,1,1,0,0,,Away,잠실 야구장,17:00,24.7
임기영,2024,Kia,2024-06-04,vs. Lotte,SP,L,10.38,2.31,4 ⅓,68,5,5,9,1,2,1,0,26.0,Home,광주 기아 챔피언스 필드,18:30,25.3
임기영,2024,Kia,2024-05-29,@ NC,RP,W,0.0,1.13,2 ⅔,51,0,0,2,0,3,1,0,,Away,창원 NC 파크,18:30,23.2
임기영,2024,Kia,2024-03-29,@ Doosan,RP,W,0.0,3.0,0 ⅔,17,0,0,0,0,1,2,0,,Away,잠실 야구장,18:30,11.2
임기영,2024,Kia,2024-03-26,vs. Lotte,RP,,0.0,1.5,0 ⅔,15,0,0,0,0,1,1,0,,Home,광주 기아 챔피언스 필드,18:30,10.7
임기영,2023,Kia,2023-10-13,@ Doosan,RP,,0.0,0.0,1 ⅔,25,0,0,0,0,3,0,0,,Away,잠실 야구장,18:30,19.6
임기영,2023,Kia,2023-10-10,vs. SSG,RP,,0.0,3.0,0 ⅓,8,0,0,1,0,0,0,0,,Home,광주 기아 챔피언스 필드,18:30,19.6
임기영,2023,Kia,2023-10-09,vs. Samsung,RP,,0.0,0.0,0 ⅓,13,0,0,0,0,0,0,0,,Home,광주 기아 챔피언스 필드,18:30,20.3
임기영,2023,Kia,2023-10-06,@ LG,RP,,27.0,9.0,0 ⅓,9,1,1,3,0,0,0,0,,Away,잠실 야구장,18:30,18.8
임기영,2023,Kia,2023-10-01,@ SSG,RP,,9.0,2.0,1,17,1,1,1,0,0,1,0,,Away,인천 SSG 랜더스필드,14:00,22.2
임기영,2023,Kia,2023-09-29,@ Kiwoom,RP,H,0.0,3.0,0 ⅔,17,0,0,1,0,1,1,0,,Away,고척 스카이돔,18:30,25.5
임기영,2023,Kia,2023-09-26,@ NC,RP,,27.0,3.0,0 ⅓,6,1,1,1,1,0,0,0,,Away,창원 NC 파크,18:30,25.7
임기영,2023,Kia,2023-09-24,vs. KT,RP,L,10.8,1.2,1 ⅔,22,2,2,1,1,1,1,0,,Home,광주 기아 챔피언스 필드,14:00,26.7
임기영,2023,Kia,2023-09-22,vs. KT,RP,,0.0,,0,11,0,0,2,0,0,1,0,,Home,광주 기아 챔피언스 필드,18:30,25.0
임기영,2023,Kia,2023-09-15,vs. Doosan,RP,H,0.0,0.5,2,37,0,0,1,0,3,0,0,,Home,광주 기아 챔피언스 필드,18:30,29.5
임기영,2023,Kia,2023-09-12,@ Samsung,RP,L,9.0,2.0,1,14,1,1,2,1,0,0,0,,Away,대구 삼성 라이온즈 파크,18:30,28.7
임기영,2023,Kia,2023-09-09,vs. LG,RP,,0.0,0.0,1,11,0,0,0,0,0,0,0,,Home,광주 기아 챔피언스 필드,17:00,29.1
임기영,2023,Kia,2023-09-09,vs. LG,RP,H,6.75,0.75,1 ⅓,19,1,1,1,1,1,0,0,,Home,광주 기아 챔피언스 필드,17:00,29.1
임기영,2023,Kia,2023-09-03,@ SSG,RP,H,0.0,0.0,1,16,0,0,0,0,0,0,0,,Away,인천 SSG 랜더스필드,14:00,29.7
임기영,2023,Kia,2023-09-02,@ SSG,RP,H,0.0,0.0,1 ⅔,19,0,0,0,0,1,0,0,,Away,인천 SSG 랜더스필드,17:00,28.6
임기영,2023,Kia,2023-08-31,vs. NC,RP,,0.0,0.0,1,10,0,0,0,0,0,0,0,,Home,광주 기아 챔피언스 필드,18:30,29.1
임기영,2023,Kia,2023-08-27,vs. Hanwha,RP,W,0.0,0.0,1 ⅓,12,0,0,0,0,1,0,0,,Home,광주 기아 챔피언스 필드,17:00,31.9
임기영,2023,Kia,2023-08-26,vs. Hanwha,RP,,0.0,,0,12,1,1,1,0,0,1,0,,Home,광주 기아 챔피언스 필드,18:00,30.6
임기영,2023,Kia,2023-08-24,@ KT,RP,,0.0,1.0,1,13,0,0,1,0,0,0,0,,Away,수원 KT 위즈파크,18:30,30.0
임기영,2023,Kia,2023-08-22,@ KT,RP,L,54.0,3.0,0 ⅓,13,3,2,1,0,0,0,1,,Away,수원 KT 위즈파크,18:30,30.5
임기영,2023,Kia,2023-08-19,@ Samsung,RP,SV,0.0,0.0,2,21,0,0,0,0,1,0,0,,Away,대구 삼성 라이온즈 파크,18:00,28.9
임기영,2023,Kia,2023-08-17,vs. Kiwoom,RP,W,13.5,1.5,0 ⅔,10,1,1,1,1,0,0,0,,Home,광주 기아 챔피언스 필드,18:30,31.2
임기영,2023,Kia,2023-08-12,@ Lotte,RP,W,0.0,0.0,2 ⅓,27,0,0,0,0,3,0,0,,Away,사직 야구장,18:00,28.3
임기영,2023,Kia,2023-08-04,vs. Hanwha,RP,,0.0,0.0,2,14,0,0,0,0,0,0,0,,Home,광주 기아 챔피언스 필드,18:30,33.9
임기영,2023,Kia,2023-08-02,@ Samsung,RP,H,0.0,0.0,1,10,0,0,0,0,0,0,0,,Away,대구 삼성 라이온즈 파크,18:30,31.8
임기영,2023,Kia,2023-08-01,@ Samsung,RP,,0.0,3.0,0 ⅓,11,0,0,1,0,1,0,0,,Away,대구 삼성 라이온즈 파크,18:30,30.7
임기영,2023,Kia,2023-07-30,vs. Lotte,RP,H,0.0,0.0,0 ⅓,2,0,0,0,0,0,0,0,,Home,광주 기아 챔피언스 필드,17:00,31.1
임기영,2023,Kia,2023-07-29,vs. Lotte,RP,,9.0,1.0,1,13,1,1,1,0,0,0,0,,Home,광주 기아 챔피언스 필드,18:00,34.2
임기영,2023,Kia,2023-07-28,vs. Lotte,RP,H,0.0,0.0,1,6,0,0,0,0,0,0,0,,Home,광주 기아 챔피언스 필드,18:30,32.2
임기영,2023,Kia,2023-07-25,@ NC,RP,H,0.0,0.0,1 ⅓,21,0,0,0,0,1,0,0,,Away,창원 NC 파크,18:30,29.9
임기영,2023,Kia,2023-07-21,vs. Doosan,RP,,0.0,1.0,1,19,0,0,0,0,1,1,0,,Home,광주 기아 챔피언스 필드,18:30,29.6
임기영,2023,Kia,2023-07-13,vs. Samsung,RP,,0.0,0.0,1,19,0,0,0,0,3,0,0,,Home,광주 기아 챔피언스 필드,18:30,29.8
임기영,2023,Kia,2023-07-07,@ KT,RP,,0.0,0.75,1 ⅓,20,0,0,1,0,2,0,0,,Away,수원 KT 위즈파크,18:30,26.0
임기영,2023,Kia,2023-07-06,@ SSG,RP,,27.0,4.5,0 ⅔,18,3,2,2,0,0,1,0,,Away,인천 SSG 랜더스필드,18:30,29.7
임기영,2023,Kia,2023-07-02,@ LG,RP,,0.0,1.0,1,15,0,0,1,0,1,0,0,,Away,잠실 야구장,17:00,31.3
임기영,2023,Kia,2023-06-30,@ LG,RP,L,5.4,0.6,1 ⅔,21,1,1,1,0,1,0,0,,Away,잠실 야구장,18:30,29.9
임기영,2023,Kia,2023-06-28,vs. Kiwoom,RP,,0.0,1.5,1 ⅓,22,0,0,1,0,1,1,0,,Home,광주 기아 챔피언스 필드,18:30,27.9
임기영,2023,Kia,2023-06-24,vs. KT,RP,H,0.0,2.0,2,31,0,0,2,0,1,2,0,,Home,광주 기아 챔피언스 필드,17:00,28.8
임기영,2023,Kia,2023-06-20,@ Hanwha,RP,SV,0.0,0.0,0 ⅓,4,0,0,0,0,0,0,0,,Away,대전 한화생명 볼파크,18:30,26.3
임기영,2023,Kia,2023-06-17,vs. NC,RP,,0.0,1.0,1,14,0,0,1,0,0,0,0,,Home,광주 기아 챔피언스 필드,17:00,27.5
임기영,2023,Kia,2023-06-16,vs. NC,RP,W,0.0,0.5,2,25,0,0,1,0,3,0,0,,Home,광주 기아 챔피언스 필드,18:30,29.3
임기영,2023,Kia,2023-06-13,@ Kiwoom,RP,,0.0,1.5,0 ⅔,16,0,0,1,0,1,0,1,,Away,고척 스카이돔,18:30,25.5
임기영,2023,Kia,2023-06-11,@ Doosan,RP,,0.0,0.0,0 ⅔,11,0,0,0,0,1,0,0,,Away,잠실 야구장,17:00,27.0
임기영,2023,Kia,2023-06-09,@ Doosan,RP,H,0.0,0.0,1,11,0,0,0,0,1,0,0,,Away,잠실 야구장,18:30,26.2
임기영,2023,Kia,2023-06-08,vs. SSG,RP,,0.0,0.6,1 ⅔,15,0,0,0,0,0,1,0,,Home,광주 기아 챔피언스 필드,18:30,25.8
임기영,2023,Kia,2023-06-04,@ Lotte,RP,H,0.0,0.67,3,46,0,0,2,0,2,0,0,,Away,사직 야구장,17:00,24.1
임기영,2023,Kia,2023-06-03,@ Lotte,RP,,27.0,3.0,0 ⅔,17,2,2,1,0,1,1,0,,Away,사직 야구장,17:00,22.6
임기영,2023,Kia,2023-05-30,vs. KT,RP,,0.0,0.0,1 ⅔,20,0,0,0,0,2,0,0,,Home,광주 기아 챔피언스 필드,18:30,22.5
임기영,2023,Kia,2023-05-25,@ Hanwha,RP,,0.0,1.0,3,41,0,0,2,0,3,1,0,,Away,대전 한화생명 볼파크,18:30,24.4
임기영,2023,Kia,2023-05-24,@ Hanwha,RP,H,0.0,0.0,0 ⅓,1,0,0,0,0,0,0,0,,Away,대전 한화생명 볼파크,18:30,23.6
임기영,2023,Kia,2023-05-20,vs. Kiwoom,RP,H,0.0,1.5,1 ⅓,24,0,0,1,0,1,1,0,,Home,광주 기아 챔피언스 필드,17:00,24.2
임기영,2023,Kia,2023-05-17,@ Samsung,RP,H,0.0,0.5,2,27,0,0,1,0,2,0,0,,Away,대구 삼성 라이온즈 파크,18:30,23.3
임기영,2023,Kia,2023-05-16,@ Samsung,RP,,0.0,0.0,1,10,0,0,0,0,0,0,0,,Away,대구 삼성 라이온즈 파크,18:30,20.9
임기영,2023,Kia,2023-05-12,@ Doosan,RP,,3.0,0.33,3,44,1,1,1,1,2,0,0,,Away,잠실 야구장,18:30,23.1
임기영,2023,Kia,2023-05-11,vs. SSG,RP,,0.0,0.6,1 ⅔,14,0,0,1,0,0,0,0,,Home,광주 기아 챔피언스 필드,18:30,22.5
임기영,2023,Kia,2023-05-02,vs. Lotte,RP,,4.5,1.0,4,55,2,2,4,0,1,0,0,,Home,광주 기아 챔피언스 필드,18:30,22.3
임기영,2023,Kia,2023-04-30,@ LG,RP,SV,0.0,0.0,1,13,0,0,0,0,1,0,0,,Away,잠실 야구장,14:00,16.9
임기영,2023,Kia,2023-04-25,vs. NC,RP,,5.4,1.2,1 ⅔,46,1,1,2,0,2,0,2,,Home,광주 기아 챔피언스 필드,18:30,10.7
임기영,2023,Kia,2023-04-21,vs. Samsung,RP,,9.0,3.0,2,41,2,2,4,0,1,2,0,,Home,광주 기아 챔피언스 필드,18:30,21.0
임기영,2023,Kia,2023-04-19,@ Lotte,RP,,0.0,0.75,1 ⅓,19,0,0,1,0,2,0,0,,Away,사직 야구장,18:30,16.6
임기영,2023,Kia,2023-04-18,@ Lotte,RP,H,0.0,0.0,1,16,0,0,0,0,0,0,0,,Away,사직 야구장,18:30,18.3
임기영,2023,Kia,2023-04-13,vs. Hanwha,RP,,7.71,0.86,2 ⅓,56,2,2,1,0,2,1,1,,Home,광주 기아 챔피언스 필드,18:30,22.0
임기영,2023,Kia,2023-04-11,vs. Hanwha,RP,,0.0,1.5,0 ⅔,11,0,0,0,0,1,1,0,,Home,광주 기아 챔피언스 필드,18:30,16.9
임기영,2023,Kia,2023-04-08,vs. Doosan,RP,,6.0,1.67,3,47,2,2,4,0,1,1,1,,Home,광주 기아 챔피언스 필드,17:00,14.6
임기영,2022,Kia,2022-10-06,vs. LG,SP,,10.8,2.4,1 ⅔,41,2,2,4,0,3,0,1,41.0,Home,광주 기아 챔피언스 필드,18:30,17.5
임기영,2022,Kia,2022-09-29,vs. Lotte,RP,W,0.0,1.0,1,15,0,0,1,0,1,0,0,,Home,광주 기아 챔피언스 필드,18:30,23.3
임기영,2022,Kia,2022-09-23,@ NC,SP,L,7.71,2.57,2 ⅓,41,2,2,4,1,2,2,0,41.0,Away,창원 NC 파크,18:30,23.4
임기영,2022,Kia,2022-09-17,@ Samsung,SP,L,4.26,1.42,6 ⅓,95,3,3,7,0,2,2,0,47.0,Away,대구 삼성 라이온즈 파크,17:00,27.9
임기영,2022,Kia,2022-09-10,@ Doosan,SP,W,0.0,0.71,7,96,0,0,5,0,6,0,0,73.0,Away,잠실 야구장,17:00,26.7
임기영,2022,Kia,2022-09-04,vs. KT,SP,L,6.35,1.94,5 ⅔,99,6,4,11,1,1,0,0,28.0,Home,광주 기아 챔피언스 필드,14:00,31.7
임기영,2022,Kia,2022-08-27,vs. Doosan,SP,L,2.84,1.26,6 ⅓,98,2,2,7,1,3,1,1,52.0,Home,광주 기아 챔피언스 필드,18:00,24.4
임기영,2022,Kia,2022-08-21,@ KT,SP,L,10.13,1.88,5 ⅓,98,6,6,9,1,3,1,1,27.0,Away,수원 KT 위즈파크,17:00,32.1
임기영,2022,Kia,2022-08-17,vs. SSG,RP,SV,0.0,1.0,1,13,0,0,1,0,0,0,0,,Home,광주 기아 챔피언스 필드,18:30,30.3
임기영,2022,Kia,2022-08-12,@ Samsung,RP,,4.5,1.5,2,39,1,1,2,1,0,1,0,,Away,대구 삼성 라이온즈 파크,18:30,29.9
임기영,2022,Kia,2022-08-06,vs. Doosan,SP,,1.8,1.8,5,89,1,1,5,1,1,4,1,49.0,Home,광주 기아 챔피언스 필드,18:00,34.9
임기영,2022,Kia,2022-07-31,vs. SSG,SP,L,4.5,1.17,6,99,3,3,5,1,4,2,0,52.0,Home,광주 기아 챔피언스 필드,17:00,30.4
임기영,2022,Kia,2022-07-26,vs. NC,SP,L,5.4,1.6,5,88,3,3,5,2,2,3,0,44.0,Home,광주 기아 챔피언스 필드,18:30,31.1
임기영,2022,Kia,2022-07-09,vs. Hanwha,SP,,7.2,1.6,5,78,4,4,7,0,2,1,0,38.0,Home,광주 기아 챔피언스 필드,18:00,31.7
임기영,2022,Kia,2022-07-02,@ SSG,SP,L,2.7,1.05,6 ⅔,106,2,2,4,0,5,3,1,59.0,Away,인천 SSG 랜더스필드,18:00,31.2
임기영,2022,Kia,2022-06-26,@ Doosan,SP,L,3.18,1.06,5 ⅔,96,2,2,1,0,6,5,0,60.0,Away,잠실 야구장,17:00,29.8
임기영,2022,Kia,2022-06-21,vs. Lotte,SP,W,5.06,1.69,5 ⅓,90,3,3,8,0,6,1,0,45.0,Home,광주 기아 챔피언스 필드,18:30,30.9
임기영,2022,Kia,2022-06-15,@ NC,SP,L,6.0,1.33,6,87,4,4,8,2,1,0,0,41.0,Away,창원 NC 파크,18:30,23.8
임기영,2022,Kia,2022-06-09,vs. LG,SP,W,0.0,1.41,5 ⅔,95,0,0,5,0,4,3,0,60.0,Home,광주 기아 챔피언스 필드,18:30,25.5
임기영,2022,Kia,2022-06-02,@ Doosan,SP,,3.86,1.14,7,102,3,3,7,1,4,1,0,54.0,Away,잠실 야구장,18:30,25.3
임기영,2022,Kia,2022-05-27,vs. SSG,SP,L,2.57,1.0,7,95,2,2,6,1,7,1,0,63.0,Home,광주 기아 챔피언스 필드,18:30,25.7
임기영,2022,Kia,2022-05-21,vs. NC,SP,L,13.5,2.7,3 ⅓,74,5,5,9,1,1,0,0,23.0,Home,광주 기아 챔피언스 필드,17:00,26.4
임기영,2022,Kia,2022-05-15,@ LG,SP,L,6.75,2.0,4,86,3,3,6,1,2,2,0,38.0,Away,잠실 야구장,14:00,22.2
임기영,2022,Kia,2022-05-10,vs. KT,SP,,0.0,0.29,7,96,0,0,2,0,5,0,0,78.0,Home,광주 기아 챔피언스 필드,18:30,21.1
임기영,2022,Kia,2022-05-04,vs. Kiwoom,SP,,4.5,0.83,6,83,3,3,4,1,3,1,0,54.0,Home,광주 기아 챔피언스 필드,18:30,22.6
임기영,2022,Kia,2022-04-28,@ KT,SP,,4.5,1.0,6,84,3,3,4,2,8,2,0,58.0,Away,수원 KT 위즈파크,18:30,16.7
임기영,2021,Kia,2021-10-28,@ Lotte,SP,W,4.5,1.17,6,90,3,3,7,2,5,0,1,50.0,Away,사직 야구장,18:30,17.8
임기영,2021,Kia,2021-10-22,@ NC,SP,W,3.86,1.0,7,96,3,3,4,0,4,3,1,57.0,Away,창원 NC 파크,18:30,14.4
임기영,2021,Kia,2021-10-16,@ Doosan,SP,W,7.2,2.0,5,103,4,4,10,0,7,0,0,38.0,Away,잠실 야구장,17:00,5.9
임기영,2021,Kia,2021-10-10,@ Hanwha,SP,W,0.0,0.5,6,94,0,0,2,0,6,1,0,73.0,Away,대전 한화생명 볼파크,14:00,28.2
임기영,2021,Kia,2021-10-05,@ Lotte,SP,L,5.4,1.4,5,79,3,3,6,0,2,1,0,44.0,Away,사직 야구장,18:30,24.9
임기영,2021,Kia,2021-09-28,@ NC,SP,,13.5,2.25,4,83,6,6,5,1,5,4,0,29.0,Away,창원 NC 파크,18:30,24.6
임기영,2021,Kia,2021-09-22,vs. KT,SP,W,1.29,0.86,7,89,2,1,6,0,6,0,0,65.0,Home,광주 기아 챔피언스 필드,18:30,26.5
임기영,2021,Kia,2021-09-16,@ Samsung,SP,W,2.57,0.86,7,90,2,2,4,1,6,2,0,65.0,Away,대구 삼성 라이온즈 파크,18:30,24.7
임기영,2021,Kia,2021-09-10,@ Kiwoom,SP,L,5.4,1.8,5,93,4,3,7,0,6,2,0,43.0,Away,고척 스카이돔,18:30,25.5
임기영,2021,Kia,2021-09-04,@ Hanwha,SP,L,10.38,2.08,4 ⅓,92,5,5,5,0,6,4,1,34.0,Away,대전 한화생명 볼파크,17:00,27.1
임기영,2021,Kia,2021-08-28,@ SSG,SP,L,12.6,2.0,5,84,7,7,7,2,4,3,0,26.0,Away,인천 SSG 랜더스필드,18:00,26.0
임기영,2021,Kia,2021-08-22,vs. Kiwoom,SP,,1.59,1.06,5 ⅔,100,1,1,5,0,3,1,0,57.0,Home,광주 기아 챔피언스 필드,17:00,29.4
임기영,2021,Kia,2021-08-15,@ SSG,SP,L,37.8,4.8,1 ⅔,51,7,7,6,1,1,2,0,14.0,Away,인천 SSG 랜더스필드,17:00,29.5
임기영,2021,Kia,2021-08-10,vs. Hanwha,SP,,1.8,1.0,5,81,1,1,4,0,6,1,1,59.0,Home,광주 기아 챔피언스 필드,18:30,30.2
임기영,2021,Kia,2021-07-07,@ Hanwha,SP,,0.0,0.86,7,94,0,0,2,0,7,4,0,76.0,Away,대전 한화생명 볼파크,18:30,30.8
임기영,2021,Kia,2021-06-29,vs. NC,SP,,5.4,1.6,5,94,3,3,7,2,6,1,0,46.0,Home,광주 기아 챔피언스 필드,18:30,27.4
임기영,2021,Kia,2021-06-23,@ KT,SP,W,1.5,0.67,6,95,1,1,4,0,9,0,0,69.0,Away,수원 KT 위즈파크,18:30,25.6
임기영,2021,Kia,2021-06-17,vs. SSG,SP,,4.5,1.67,6,95,3,3,9,1,1,1,1,41.0,Home,광주 기아 챔피언스 필드,18:30,25.0
임기영,2021,Kia,2021-06-10,@ Samsung,SP,L,4.05,1.2,6 ⅔,99,3,3,8,1,4,0,0,50.0,Away,대구 삼성 라이온즈 파크,18:30,24.6
임기영,2021,Kia,2021-06-04,vs. LG,SP,,1.5,0.67,6,101,1,1,4,0,6,0,0,66.0,Home,광주 기아 챔피언스 필드,18:30,21.7
임기영,2021,Kia,2021-05-28,vs. KT,SP,,1.42,0.79,6 ⅓,97,1,1,5,1,7,0,0,66.0,Home,광주 기아 챔피언스 필드,18:30,21.3
임기영,2021,Kia,2021-05-22,@ Samsung,SP,W,2.57,0.86,7,101,2,2,5,0,4,1,0,62.0,Away,대구 삼성 라이온즈 파크,17:00,20.9
임기영,2021,Kia,2021-05-14,@ NC,SP,,1.8,1.4,5,89,1,1,5,0,4,2,1,54.0,Away,창원 NC 파크,18:30,19.7
임기영,2021,Kia,2021-05-09,vs. Doosan,SP,,4.76,1.41,5 ⅔,95,3,3,7,0,3,1,1,44.0,Home,광주 기아 챔피언스 필드,14:00,23.6
임기영,2021,Kia,2021-05-02,@ KT,SP,L,6.75,1.88,5 ⅓,91,4,4,7,0,2,3,0,37.0,Away,수원 KT 위즈파크,14:00,17.3
임기영,2021,Kia,2021-04-27,vs. Hanwha,SP,,4.5,0.83,6,90,3,3,2,0,2,3,1,54.0,Home,광주 기아 챔피언스 필드,18:30,19.2
임기영,2021,Kia,2021-04-16,@ SSG,SP,,9.82,1.91,3 ⅔,71,4,4,5,1,3,2,1,35.0,Away,인천 SSG 랜더스필드,18:30,11.4
임기영,2021,Kia,2021-04-10,vs. NC,SP,L,19.64,2.73,3 ⅔,85,8,8,7,2,4,3,2,14.0,Home,광주 기아 챔피언스 필드,17:00,19.2
임기영,2020,Kia,2020-10-31,vs. NC,SP,,2.84,1.26,6 ⅓,92,2,2,8,0,6,0,0,55.0,Home,광주 기아 챔피언스 필드,17:00,18.1
임기영,2020,Kia,2020-10-25,vs. Samsung,SP,W,1.42,0.95,6 ⅓,104,1,1,5,1,5,1,1,62.0,Home,광주 기아 챔피언스 필드,14:00,19.6
임기영,2020,Kia,2020-10-15,@ NC,SP,,5.4,1.6,5,91,3,3,5,1,4,3,0,46.0,Away,창원 NC 파크,18:30,17.2
임기영,2020,Kia,2020-10-09,vs. SK,SP,W,4.76,1.41,5 ⅔,81,3,3,7,1,4,1,2,44.0,Home,광주 기아 챔피언스 필드,18:30,20.3
임기영,2020,Kia,2020-10-04,@ Doosan,SP,L,9.0,1.5,4,69,4,4,4,0,3,2,1,38.0,Away,잠실 야구장,14:00,21.3
임기영,2020,Kia,2020-09-29,@ Kiwoom,SP,,6.23,2.08,4 ⅓,80,3,3,7,0,3,2,0,38.0,Away,고척 스카이돔,18:30,25.5
임기영,2020,Kia,2020-09-23,vs. Kiwoom,SP,L,36.0,5.0,2,49,8,8,10,1,1,0,0,5.0,Home,광주 기아 챔피언스 필드,18:30,21.9
임기영,2020,Kia,2020-09-17,@ Samsung,SP,W,3.0,1.0,6,96,2,2,6,0,8,0,0,60.0,Away,대구 삼성 라이온즈 파크,18:30,22.6
임기영,2020,Kia,2020-09-04,@ Lotte,SP,L,7.94,1.59,5 ⅔,94,5,5,9,0,3,0,1,33.0,Away,사직 야구장,18:30,26.7
임기영,2020,Kia,2020-08-27,@ SK,SP,L,6.35,1.76,5 ⅔,96,4,4,9,1,4,1,0,38.0,Away,인천 SSG 랜더스필드,18:30,28.7
임기영,2020,Kia,2020-08-21,vs. NC,SP,,1.5,0.67,6,84,1,1,2,0,8,2,0,70.0,Home,광주 기아 챔피언스 필드,18:30,31.8
임기영,2020,Kia,2020-08-09,vs. NC,SP,L,23.14,4.29,2 ⅓,90,6,6,8,1,2,2,0,17.0,Home,광주 기아 챔피언스 필드,17:00,32.0
임기영,2020,Kia,2020-08-01,@ Lotte,SP,L,7.2,2.2,5,91,5,4,7,1,1,4,0,32.0,Away,사직 야구장,18:00,29.0
임기영,2020,Kia,2020-07-26,vs. Samsung,SP,W,6.75,1.5,5 ⅓,88,4,4,7,1,3,1,0,40.0,Home,광주 기아 챔피언스 필드,17:00,28.0
임기영,2020,Kia,2020-07-13,vs. Kiwoom,SP,W,5.06,0.56,5 ⅓,94,3,3,3,2,8,0,0,58.0,Home,광주 기아 챔피언스 필드,18:30,26.1
임기영,2020,Kia,2020-07-07,vs. KT,SP,L,9.0,2.5,4,88,6,4,5,0,3,5,0,30.0,Home,광주 기아 챔피언스 필드,18:30,29.6
임기영,2020,Kia,2020-07-01,vs. Hanwha,SP,,3.38,1.69,5 ⅓,94,2,2,7,0,1,2,0,45.0,Home,광주 기아 챔피언스 필드,18:30,24.8
임기영,2020,Kia,2020-06-20,vs. Samsung,SP,W,3.6,1.4,5,103,2,2,5,0,5,2,0,52.0,Home,광주 기아 챔피언스 필드,17:00,28.0
임기영,2020,Kia,2020-06-13,@ SK,SP,W,0.0,0.67,6,92,0,0,3,0,6,1,0,71.0,Away,인천 SSG 랜더스필드,17:00,28.8
임기영,2020,Kia,2020-06-07,@ Doosan,SP,,1.69,1.31,5 ⅓,96,1,1,7,0,4,0,1,53.0,Away,잠실 야구장,17:00,27.8
임기영,2020,Kia,2020-06-02,vs. Lotte,SP,W,3.0,1.33,6,92,2,2,7,2,5,1,0,54.0,Home,광주 기아 챔피언스 필드,18:30,24.6
임기영,2020,Kia,2020-05-27,@ KT,SP,L,5.4,1.4,5,93,3,3,6,0,5,1,0,47.0,Away,수원 KT 위즈파크,18:30,19.9
임기영,2020,Kia,2020-05-21,vs. Lotte,SP,W,1.13,0.63,8,90,1,1,5,0,4,0,0,72.0,Home,광주 기아 챔피언스 필드,18:30,22.3
임기영,2020,Kia,2020-05-15,vs. Doosan,SP,L,2.45,1.64,3 ⅔,87,5,1,5,0,4,1,1,41.0,Home,광주 기아 챔피언스 필드,18:30,18.2
임기영,2020,Kia,2020-05-09,@ Samsung,SP,L,8.31,1.38,4 ⅓,90,4,4,5,0,6,1,2,40.0,Away,대구 삼성 라이온즈 파크,17:00,17.2
장재혁,2024,Kia,2024-08-07,vs. KT,RP,,0.0,2.25,1 ⅓,27,0,0,2,0,0,1,0,,Home,광주 기아 챔피언스 필드,18:30,32.4
장재혁,2022,Kia,2022-06-19,vs. Samsung,RP,,18.0,3.0,1,19,2,2,3,0,1,0,0,,Home,광주 기아 챔피언스 필드,17:00,30.8
장재혁,2022,Kia,2022-06-12,vs. Kiwoom,RP,,0.0,2.0,1,28,0,0,0,0,3,2,0,,Home,광주 기아 챔피언스 필드,17:00,26.2
장재혁,2022,Kia,2022-06-10,vs. Kiwoom,RP,,0.0,1.0,1,18,0,0,0,0,0,1,0,,Home,광주 기아 챔피언스 필드,18:30,25.3
전상현,2024,Kia,2024-09-30,vs. NC,RP,H,9.0,2.0,1,16,1,1,2,0,0,0,0,,Home,광주 기아 챔피언스 필드,18:30,26.0
전상현,2024,Kia,2024-09-23,vs. Samsung,RP,H,0.0,0.0,0 ⅓,1,0,0,0,0,0,0,0,,Home,광주 기아 챔피언스 필드,18:30,24.2
전상현,2024,Kia,2024-09-16,@ KT,RP,W,18.0,4.0,1,25,2,2,3,0,0,1,0,,Away,수원 KT 위즈파크,18:30,31.3
전상현,2024,Kia,2024-09-14,vs. Kiwoom,RP,W,0.0,0.75,1 ⅓,25,0,0,1,0,3,0,0,,Home,광주 기아 챔피언스 필드,17:00,33.4
전상현,2024,Kia,2024-09-07,vs. Kiwoom,RP,,0.0,1.0,1,11,0,0,1,0,1,0,0,,Home,광주 기아 챔피언스 필드,17:00,28.8
전상현,2024,Kia,2024-09-05,vs. Hanwha,RP,,0.0,1.0,1,20,0,0,0,0,1,1,1,,Home,광주 기아 챔피언스 필드,18:30,30.7
전상현,2024,Kia,2024-09-03,vs. LG,RP,H,13.5,3.0,0 ⅔,8,1,1,2,0,0,0,0,,Home,광주 기아 챔피언스 필드,18:30,29.6
전상현,2024,Kia,2024-09-01,@ Samsung,RP,W,0.0,0.0,0 ⅓,4,0,0,0,0,1,0,0,,Away,대구 삼성 라이온즈 파크,14:00,31.5
전상현,2024,Kia,2024-08-31,@ Samsung,RP,H,0.0,0.5,2,20,0,0,0,0,1,1,0,,Away,대구 삼성 라이온즈 파크,18:00,29.1
전상현,2024,Kia,2024-08-28,vs. SSG,RP,H,0.0,2.0,1,28,0,0,2,0,1,0,1,,Home,광주 기아 챔피언스 필드,18:30,30.8
전상현,2024,Kia,2024-08-24,@ NC,RP,H,0.0,0.0,1 ⅔,26,0,0,0,0,3,0,1,,Away,창원 NC 파크,18:00,32.8
전상현,2024,Kia,2024-08-22,vs. Lotte,RP,W,0.0,0.0,1 ⅔,26,0,0,0,0,4,0,0,,Home,광주 기아 챔피언스 필드,18:30,30.9
전상현,2024,Kia,2024-08-21,vs. Lotte,RP,W,0.0,0.0,1,10,0,0,0,0,1,0,0,,Home,광주 기아 챔피언스 필드,18:30,32.4
전상현,2024,Kia,2024-08-18,@ LG,RP,,0.0,0.0,0 ⅔,7,0,0,0,0,2,0,0,,Away,잠실 야구장,17:00,32.5
전상현,2024,Kia,2024-08-14,@ Kiwoom,RP,,9.0,2.0,1,29,1,1,1,0,2,1,0,,Away,고척 스카이돔,18:30,25.5
전상현,2024,Kia,2024-08-13,@ Kiwoom,RP,H,0.0,0.0,1,15,0,0,0,0,1,0,0,,Away,고척 스카이돔,18:30,25.5
전상현,2024,Kia,2024-08-11,vs. Samsung,RP,,0.0,1.0,1,21,0,0,1,0,2,0,0,,Home,광주 기아 챔피언스 필드,17:00,32.2
전상현,2024,Kia,2024-08-08,vs. KT,RP,L,0.0,1.2,1 ⅔,36,1,0,1,0,2,1,0,,Home,광주 기아 챔피언스 필드,18:30,31.1
전상현,2024,Kia,2024-08-06,vs. KT,RP,SV,0.0,0.0,1,15,0,0,0,0,1,0,0,,Home,광주 기아 챔피언스 필드,18:30,32.6
전상현,2024,Kia,2024-08-03,@ Hanwha,RP,,0.0,0.0,1,9,0,0,0,0,1,0,0,,Away,대전 한화생명 볼파크,18:00,34.6
전상현,2024,Kia,2024-08-01,vs. Doosan,RP,,0.0,1.0,1,17,0,0,0,0,0,1,0,,Home,광주 기아 챔피언스 필드,18:30,33.1
전상현,2024,Kia,2024-07-27,@ Kiwoom,RP,L,27.0,7.0,1,44,3,3,3,0,1,4,0,,Away,고척 스카이돔,18:00,25.5
전상현,2024,Kia,2024-07-21,@ Hanwha,RP,SV,0.0,1.0,1,20,0,0,0,0,2,1,0,,Away,대전 한화생명 볼파크,17:00,32.4
전상현,2024,Kia,2024-07-19,@ Hanwha,RP,SV,0.0,1.5,1 ⅓,22,0,0,0,0,0,2,0,,Away,대전 한화생명 볼파크,18:30,29.0
전상현,2024,Kia,2024-07-17,vs. Samsung,RP,,0.0,1.0,1,11,0,0,1,0,0,0,0,,Home,광주 기아 챔피언스 필드,18:30,30.1
전상현,2024,Kia,2024-07-11,@ LG,RP,SV,0.0,3.0,1,19,1,0,2,0,0,1,0,,Away,잠실 야구장,18:30,29.5
전상현,2024,Kia,2024-07-10,@ LG,RP,W,0.0,0.5,2,32,0,0,1,0,1,0,0,,Away,잠실 야구장,18:30,30.8
전상현,2024,Kia,2024-07-03,@ Samsung,RP,SV,0.0,0.0,1 ⅓,14,0,0,0,0,0,0,0,,Away,대구 삼성 라이온즈 파크,18:30,28.2
전상현,2024,Kia,2024-07-02,@ Samsung,RP,W,6.75,0.75,1 ⅓,26,1,1,1,0,1,0,0,,Away,대구 삼성 라이온즈 파크,18:30,27.0
전상현,2024,Kia,2024-06-23,vs. Hanwha,RP,H,0.0,2.0,1,26,0,0,0,0,1,2,0,,Home,광주 기아 챔피언스 필드,17:00,30.2
전상현,2024,Kia,2024-06-23,vs. Hanwha,RP,,18.0,3.0,1,15,2,2,3,0,0,0,0,,Home,광주 기아 챔피언스 필드,17:00,30.2
전상현,2024,Kia,2024-06-20,vs. LG,RP,W,18.0,2.0,1,20,2,2,2,1,2,0,0,,Home,광주 기아 챔피언스 필드,18:30,26.0
전상현,2024,Kia,2024-06-19,vs. LG,RP,,54.0,9.0,0 ⅓,15,2,2,3,1,0,0,0,,Home,광주 기아 챔피언스 필드,18:30,29.7
전상현,2024,Kia,2024-06-16,@ KT,RP,H,0.0,0.6,1 ⅔,22,0,0,1,0,1,0,0,,Away,수원 KT 위즈파크,17:00,26.9
전상현,2024,Kia,2024-06-15,@ KT,RP,H,0.0,1.5,0 ⅔,18,0,0,0,0,2,1,0,,Away,수원 KT 위즈파크,17:00,26.4
전상현,2024,Kia,2024-06-11,@ SSG,RP,H,0.0,1.0,1,11,0,0,1,0,1,0,0,,Away,인천 SSG 랜더스필드,18:30,24.6
전상현,2024,Kia,2024-06-09,@ Doosan,RP,,0.0,0.0,1,14,0,0,0,0,1,0,0,,Away,잠실 야구장,17:00,27.2
전상현,2024,Kia,2024-06-07,@ Doosan,RP,,0.0,3.0,0 ⅓,10,0,0,1,0,0,0,0,,Away,잠실 야구장,18:30,26.4
전상현,2024,Kia,2024-06-06,vs. Lotte,RP,,0.0,0.0,1 ⅓,21,0,0,0,0,2,0,0,,Home,광주 기아 챔피언스 필드,18:30,25.3
전상현,2024,Kia,2024-06-01,vs. KT,RP,H,0.0,0.0,1,13,0,0,0,0,0,0,0,,Home,광주 기아 챔피언스 필드,17:00,22.7
전상현,2024,Kia,2024-05-29,@ NC,RP,SV,0.0,0.0,1,15,0,0,0,0,2,0,0,,Away,창원 NC 파크,18:30,23.2
전상현,2024,Kia,2024-05-28,@ NC,RP,,0.0,0.0,1,16,0,0,0,0,1,0,1,,Away,창원 NC 파크,18:30,22.1
전상현,2024,Kia,2024-05-25,vs. Doosan,RP,,0.0,0.0,1,7,0,0,0,0,0,0,0,,Home,광주 기아 챔피언스 필드,17:00,25.8
전상현,2024,Kia,2024-05-23,@ Lotte,RP,,9.0,2.0,1,20,1,1,2,1,0,0,0,,Away,사직 야구장,18:30,22.8
전상현,2024,Kia,2024-05-22,@ Lotte,RP,,0.0,0.0,1 ⅔,13,0,0,0,0,0,0,0,,Away,사직 야구장,18:30,19.8
전상현,2024,Kia,2024-05-17,@ NC,RP,SV,0.0,0.0,1,10,0,0,0,0,0,0,0,,Away,창원 NC 파크,18:30,20.9
전상현,2024,Kia,2024-05-16,vs. Doosan,RP,,54.0,6.0,0 ⅓,9,2,2,2,0,0,0,0,,Home,광주 기아 챔피언스 필드,18:30,18.9
전상현,2024,Kia,2024-05-10,vs. SSG,RP,L,81.0,9.0,0 ⅓,25,3,3,2,0,0,1,1,,Home,광주 기아 챔피언스 필드,18:30,22.0
전상현,2024,Kia,2024-05-08,@ Samsung,RP,,0.0,1.5,0 ⅔,17,0,0,1,0,0,0,0,,Away,대구 삼성 라이온즈 파크,18:30,14.3
전상현,2024,Kia,2024-05-04,vs. Hanwha,RP,,0.0,0.0,1,9,0,0,0,0,0,0,0,,Home,광주 기아 챔피언스 필드,17:00,24.2
전상현,2024,Kia,2024-04-28,@ LG,RP,H,0.0,2.0,1,18,0,0,1,0,1,1,0,,Away,잠실 야구장,14:00,27.6
전상현,2024,Kia,2024-04-26,@ LG,RP,L,40.5,4.5,0 ⅔,14,3,3,2,0,1,1,0,,Away,잠실 야구장,18:30,23.8
전상현,2024,Kia,2024-04-23,@ Kiwoom,RP,,18.0,2.0,1,18,2,2,2,1,0,0,0,,Away,고척 스카이돔,18:30,25.5
전상현,2024,Kia,2024-04-19,vs. NC,RP,,13.5,3.0,0 ⅔,11,1,1,2,1,1,0,0,,Home,광주 기아 챔피언스 필드,18:30,24.1
전상현,2024,Kia,2024-04-16,@ SSG,RP,,0.0,3.0,0 ⅓,8,0,0,1,0,0,0,0,,Away,인천 SSG 랜더스필드,18:30,11.5
전상현,2024,Kia,2024-04-14,@ Hanwha,RP,H,0.0,0.0,1,8,0,0,0,0,1,0,0,,Away,대전 한화생명 볼파크,14:00,27.7
전상현,2024,Kia,2024-04-13,@ Hanwha,RP,H,0.0,1.0,1,13,0,0,1,0,0,0,0,,Away,대전 한화생명 볼파크,17:00,27.7
전상현,2024,Kia,2024-04-11,vs. LG,RP,H,0.0,1.0,1,17,0,0,1,0,1,0,0,,Home,광주 기아 챔피언스 필드,18:30,19.5
전상현,2024,Kia,2024-04-10,vs. LG,RP,W,0.0,0.0,1,10,0,0,0,0,0,0,0,,Home,광주 기아 챔피언스 필드,18:30,19.9
전상현,2024,Kia,2024-04-06,vs. Samsung,RP,L,40.5,6.0,0 ⅔,19,3,3,4,0,0,0,0,,Home,광주 기아 챔피언스 필드,17:00,19.2
전상현,2024,Kia,2024-04-04,@ KT,RP,H,0.0,0.0,1,12,0,0,0,0,0,0,0,,Away,수원 KT 위즈파크,18:30,16.5
전상현,2024,Kia,2024-04-03,@ KT,RP,,0.0,0.0,1,8,0,0,0,0,1,0,0,,Away,수원 KT 위즈파크,18:30,16.1
전상현,2024,Kia,2024-03-31,@ Doosan,RP,,0.0,0.0,1,13,0,0,0,0,1,0,0,,Away,잠실 야구장,14:00,16.1
전상현,2024,Kia,2024-03-29,@ Doosan,RP,H,0.0,0.0,1,11,0,0,0,0,1,0,0,,Away,잠실 야구장,18:30,11.2
전상현,2024,Kia,2024-03-26,vs. Lotte,RP,W,0.0,0.0,1,10,0,0,0,0,0,0,0,,Home,광주 기아 챔피언스 필드,18:30,10.7
전상현,2024,Kia,2024-03-23,vs. Kiwoom,RP,H,0.0,1.0,1,15,0,0,1,0,1,0,0,,Home,광주 기아 챔피언스 필드,14:00,22.7
전상현,2023,Kia,2023-10-17,vs. NC,RP,H,0.0,0.0,1,15,0,0,0,0,1,0,0,,Home,광주 기아 챔피언스 필드,18:30,17.9
전상현,2023,Kia,2023-10-12,vs. Lotte,RP,W,0.0,1.8,1 ⅔,26,0,0,2,0,2,1,0,,Home,광주 기아 챔피언스 필드,18:30,20.4
전상현,2023,Kia,2023-10-09,vs. Samsung,RP,W,0.0,0.75,1 ⅓,19,0,0,1,0,0,0,0,,Home,광주 기아 챔피언스 필드,18:30,20.3
전상현,2023,Kia,2023-10-08,vs. Samsung,RP,W,0.0,0.0,1,7,0,0,0,0,1,0,0,,Home,광주 기아 챔피언스 필드,14:00,20.7
전상현,2023,Kia,2023-10-06,@ LG,RP,W,0.0,0.0,1 ⅔,11,0,0,0,0,0,0,0,,Away,잠실 야구장,18:30,18.8
전상현,2023,Kia,2023-10-03,@ KT,RP,W,0.0,0.75,1 ⅓,16,0,0,1,0,0,0,0,,Away,수원 KT 위즈파크,18:30,21.0
전상현,2023,Kia,2023-10-01,@ SSG,RP,L,13.5,3.0,0 ⅔,13,1,1,2,0,1,0,0,,Away,인천 SSG 랜더스필드,14:00,22.2
전상현,2023,Kia,2023-09-30,@ SSG,RP,,0.0,1.2,1 ⅔,24,0,0,1,0,0,1,0,,Away,인천 SSG 랜더스필드,17:00,23.5
전상현,2023,Kia,2023-09-26,@ NC,RP,,0.0,3.0,0 ⅔,30,0,0,1,0,2,1,0,,Away,창원 NC 파크,18:30,25.7
전상현,2023,Kia,2023-09-24,vs. KT,RP,,0.0,3.0,1,22,0,0,1,0,0,2,0,,Home,광주 기아 챔피언스 필드,14:00,26.7
전상현,2023,Kia,2023-09-22,vs. KT,RP,H,0.0,0.0,1 ⅓,17,0,0,0,0,1,0,0,,Home,광주 기아 챔피언스 필드,18:30,25.0
전상현,2023,Kia,2023-09-19,vs. LG,RP,,0.0,1.5,0 ⅔,11,0,0,0,0,2,1,0,,Home,광주 기아 챔피언스 필드,18:30,28.0
전상현,2023,Kia,2023-09-15,vs. Doosan,RP,,0.0,0.0,0 ⅔,8,0,0,0,0,1,0,0,,Home,광주 기아 챔피언스 필드,18:30,29.5
전상현,2023,Kia,2023-09-10,vs. LG,RP,H,0.0,2.0,1,20,0,0,1,0,0,1,0,,Home,광주 기아 챔피언스 필드,14:00,29.4
전상현,2023,Kia,2023-09-09,vs. LG,RP,,13.5,3.0,0 ⅔,13,1,1,2,0,1,0,0,,Home,광주 기아 챔피언스 필드,17:00,29.1
전상현,2023,Kia,2023-09-03,@ SSG,RP,W,0.0,0.0,1,12,0,0,0,0,0,0,0,,Away,인천 SSG 랜더스필드,14:00,29.7
전상현,2023,Kia,2023-09-01,@ SSG,RP,,0.0,2.0,1,25,2,0,2,0,2,0,0,,Away,인천 SSG 랜더스필드,18:30,27.4
전상현,2023,Kia,2023-08-27,vs. Hanwha,RP,H,0.0,0.0,1,12,0,0,0,0,2,0,0,,Home,광주 기아 챔피언스 필드,17:00,31.9
전상현,2023,Kia,2023-08-26,vs. Hanwha,RP,H,0.0,0.75,1 ⅓,10,0,0,1,0,1,0,0,,Home,광주 기아 챔피언스 필드,18:00,30.6
전상현,2023,Kia,2023-08-24,@ KT,RP,W,0.0,1.0,1,19,0,0,1,0,1,0,0,,Away,수원 KT 위즈파크,18:30,30.0
전상현,2023,Kia,2023-08-20,@ Samsung,RP,L,54.0,6.0,0 ⅓,9,2,2,1,0,0,1,0,,Away,대구 삼성 라이온즈 파크,17:00,31.5
전상현,2023,Kia,2023-08-13,@ Lotte,RP,,0.0,0.0,1 ⅓,13,0,0,0,0,0,0,0,,Away,사직 야구장,17:00,29.6
전상현,2023,Kia,2023-08-06,vs. Hanwha,RP,,0.0,2.25,1 ⅓,23,0,0,3,0,1,0,0,,Home,광주 기아 챔피언스 필드,17:00,34.6
전상현,2023,Kia,2023-08-03,@ Samsung,RP,,0.0,2.0,1,16,1,0,2,0,2,0,0,,Away,대구 삼성 라이온즈 파크,18:30,32.2
전상현,2023,Kia,2023-08-02,@ Samsung,RP,H,0.0,0.0,1,10,0,0,0,0,0,0,0,,Away,대구 삼성 라이온즈 파크,18:30,31.8
전상현,2023,Kia,2023-08-01,@ Samsung,RP,,0.0,0.0,0 ⅔,7,0,0,0,0,2,0,0,,Away,대구 삼성 라이온즈 파크,18:30,30.7
전상현,2023,Kia,2023-07-29,vs. Lotte,RP,,0.0,0.0,0 ⅔,13,0,0,0,0,0,0,0,,Home,광주 기아 챔피언스 필드,18:00,34.2
전상현,2023,Kia,2023-07-28,vs. Lotte,RP,,13.5,3.0,0 ⅔,13,1,1,2,0,0,0,0,,Home,광주 기아 챔피언스 필드,18:30,32.2
전상현,2023,Kia,2023-07-25,@ NC,RP,,0.0,0.75,1 ⅓,13,0,0,0,0,0,1,0,,Away,창원 NC 파크,18:30,29.9
전상현,2023,Kia,2023-07-21,vs. Doosan,RP,,0.0,0.0,1,9,0,0,0,0,1,0,0,,Home,광주 기아 챔피언스 필드,18:30,29.6
전상현,2023,Kia,2023-07-13,vs. Samsung,RP,,13.5,1.5,0 ⅔,8,1,1,1,0,0,0,0,,Home,광주 기아 챔피언스 필드,18:30,29.8
전상현,2023,Kia,2023-07-12,vs. Samsung,RP,H,0.0,1.5,0 ⅔,11,0,0,0,0,0,1,0,,Home,광주 기아 챔피언스 필드,18:30,30.3
전상현,2023,Kia,2023-07-09,@ KT,RP,SV,0.0,0.75,1 ⅓,17,0,0,1,0,1,0,0,,Away,수원 KT 위즈파크,17:00,28.2
전상현,2023,Kia,2023-07-07,@ KT,RP,,0.0,0.0,1,11,0,0,0,0,1,0,0,,Away,수원 KT 위즈파크,18:30,26.0
전상현,2023,Kia,2023-07-06,@ SSG,RP,,0.0,0.0,0 ⅓,12,1,0,0,0,0,0,0,,Away,인천 SSG 랜더스필드,18:30,29.7
전상현,2023,Kia,2023-07-01,@ LG,RP,H,0.0,0.0,1 ⅔,20,0,0,0,0,1,0,0,,Away,잠실 야구장,18:00,31.6
전상현,2023,Kia,2023-06-30,@ LG,RP,,0.0,6.0,0 ⅓,8,0,0,2,0,1,0,0,,Away,잠실 야구장,18:30,29.9
전상현,2023,Kia,2023-06-28,vs. Kiwoom,RP,,0.0,1.0,1,20,0,0,1,0,1,0,0,,Home,광주 기아 챔피언스 필드,18:30,27.9
전상현,2023,Kia,2023-06-24,vs. KT,RP,,0.0,3.0,0 ⅔,16,0,0,2,0,1,0,0,,Home,광주 기아 챔피언스 필드,17:00,28.8
전상현,2023,Kia,2023-06-22,@ Hanwha,RP,,0.0,0.0,1,11,0,0,0,0,0,0,0,,Away,대전 한화생명 볼파크,18:30,26.5
전상현,2023,Kia,2023-06-20,@ Hanwha,RP,,0.0,1.0,1,25,0,0,0,0,3,1,1,,Away,대전 한화생명 볼파크,18:30,26.3
전상현,2023,Kia,2023-06-18,vs. NC,RP,,0.0,1.0,1,21,0,0,1,0,2,0,0,,Home,광주 기아 챔피언스 필드,17:00,30.0
전상현,2023,Kia,2023-06-17,vs. NC,RP,,9.0,3.0,1,20,1,1,2,0,1,1,0,,Home,광주 기아 챔피언스 필드,17:00,27.5
전상현,2023,Kia,2023-05-25,@ Hanwha,RP,,0.0,3.0,0 ⅔,22,0,0,0,0,0,2,0,,Away,대전 한화생명 볼파크,18:30,24.4
전상현,2023,Kia,2023-05-23,@ Hanwha,RP,,0.0,0.0,1,10,0,0,0,0,1,0,0,,Away,대전 한화생명 볼파크,18:30,24.2
전상현,2023,Kia,2023-05-20,vs. Kiwoom,RP,H,0.0,1.5,0 ⅔,6,0,0,1,0,0,0,0,,Home,광주 기아 챔피언스 필드,17:00,24.2
전상현,2023,Kia,2023-05-17,@ Samsung,RP,,0.0,6.0,0 ⅓,14,2,0,2,0,0,0,0,,Away,대구 삼성 라이온즈 파크,18:30,23.3
전상현,2023,Kia,2023-05-14,@ Doosan,RP,,0.0,3.0,0 ⅔,11,0,0,1,0,0,1,0,,Away,잠실 야구장,14:00,23.8
전상현,2023,Kia,2023-05-11,vs. SSG,RP,L,13.5,1.5,1 ⅓,18,2,2,1,0,1,1,0,,Home,광주 기아 챔피언스 필드,18:30,22.5
전상현,2023,Kia,2023-05-10,vs. SSG,RP,,0.0,0.0,0 ⅓,4,0,0,0,0,1,0,0,,Home,광주 기아 챔피언스 필드,18:30,24.0
전상현,2023,Kia,2023-05-03,vs. Lotte,RP,,0.0,1.0,1,12,0,0,1,0,0,0,0,,Home,광주 기아 챔피언스 필드,18:30,18.8
전상현,2023,Kia,2023-04-30,@ LG,RP,,40.5,6.0,0 ⅔,20,3,3,2,0,0,2,0,,Away,잠실 야구장,14:00,16.9
전상현,2023,Kia,2023-04-28,@ LG,RP,,0.0,1.5,0 ⅔,9,0,0,0,0,0,1,0,,Away,잠실 야구장,18:30,17.8
전상현,2023,Kia,2023-04-27,vs. NC,RP,W,0.0,1.0,1,17,0,0,1,0,0,0,0,,Home,광주 기아 챔피언스 필드,18:30,20.7
전상현,2023,Kia,2023-04-23,vs. Samsung,RP,H,27.0,6.0,0 ⅓,17,1,1,0,0,0,2,0,,Home,광주 기아 챔피언스 필드,14:00,20.2
전상현,2023,Kia,2023-04-22,vs. Samsung,RP,H,0.0,1.0,1,19,0,0,1,0,3,0,0,,Home,광주 기아 챔피언스 필드,17:00,21.2
전상현,2023,Kia,2023-04-19,@ Lotte,RP,,0.0,2.0,1,23,0,0,1,0,1,1,0,,Away,사직 야구장,18:30,16.6
전상현,2023,Kia,2023-04-18,@ Lotte,RP,,0.0,3.0,0 ⅔,12,0,0,1,0,0,1,0,,Away,사직 야구장,18:30,18.3
전상현,2023,Kia,2023-04-16,@ Kiwoom,RP,,0.0,3.0,0 ⅓,11,0,0,0,0,0,1,0,,Away,고척 스카이돔,14:00,25.5
전상현,2023,Kia,2023-04-12,vs. Hanwha,RP,H,0.0,0.0,1,15,0,0,0,0,2,0,0,,Home,광주 기아 챔피언스 필드,18:30,16.2
전상현,2023,Kia,2023-04-11,vs. Hanwha,RP,,9.0,1.0,1,12,1,1,1,1,1,0,0,,Home,광주 기아 챔피언스 필드,18:30,16.9
전상현,2023,Kia,2023-04-09,vs. Doosan,RP,,0.0,,0,11,0,0,1,0,0,2,0,,Home,광주 기아 챔피언스 필드,14:00,18.1
전상현,2023,Kia,2023-04-08,vs. Doosan,RP,H,0.0,2.0,1,11,0,0,2,0,1,0,0,,Home,광주 기아 챔피언스 필드,17:00,14.6
전상현,2023,Kia,2023-04-02,@ SSG,RP,,0.0,0.0,1 ⅓,15,0,0,0,0,3,0,0,,Away,인천 SSG 랜더스필드,14:00,22.7
전상현,2022,Kia,2022-10-06,vs. LG,RP,,0.0,1.5,0 ⅔,13,0,0,1,0,0,0,0,,Home,광주 기아 챔피언스 필드,18:30,17.5
전상현,2022,Kia,2022-10-04,@ LG,RP,,0.0,0.0,1,12,0,0,0,0,0,0,0,,Away,잠실 야구장,18:30,17.4
전상현,2022,Kia,2022-10-01,vs. SSG,RP,,0.0,0.0,1,16,0,0,0,0,1,0,0,,Home,광주 기아 챔피언스 필드,17:00,29.0
전상현,2022,Kia,2022-09-29,vs. Lotte,RP,,0.0,0.0,1,17,0,0,0,0,2,0,0,,Home,광주 기아 챔피언스 필드,18:30,23.3
전상현,2022,Kia,2022-09-23,@ NC,RP,,0.0,1.0,1,13,0,0,0,0,0,1,0,,Away,창원 NC 파크,18:30,23.4
전상현,2022,Kia,2022-09-21,vs. LG,RP,,108.0,12.0,0 ⅓,24,4,4,2,0,0,2,0,,Home,광주 기아 챔피언스 필드,18:30,22.1
전상현,2022,Kia,2022-09-18,@ Samsung,RP,L,54.0,12.0,0 ⅓,16,2,2,3,0,0,1,0,,Away,대구 삼성 라이온즈 파크,14:00,30.9
전상현,2022,Kia,2022-07-30,vs. SSG,RP,,13.5,6.0,0 ⅔,19,1,1,3,0,1,1,0,,Home,광주 기아 챔피언스 필드,18:00,31.5
전상현,2022,Kia,2022-07-23,@ Lotte,RP,H,0.0,0.0,1 ⅓,9,0,0,0,0,1,0,0,,Away,사직 야구장,18:00,27.0
전상현,2022,Kia,2022-07-22,@ Lotte,RP,H,0.0,0.0,1,13,0,0,0,0,2,0,0,,Away,사직 야구장,18:30,26.8
전상현,2022,Kia,2022-07-10,vs. Hanwha,RP,SV,0.0,0.0,0 ⅓,4,0,0,0,0,1,0,0,,Home,광주 기아 챔피언스 필드,17:00,32.8
전상현,2022,Kia,2022-07-09,vs. Hanwha,RP,H,0.0,1.5,1 ⅓,15,0,0,2,0,1,0,0,,Home,광주 기아 챔피언스 필드,18:00,31.7
전상현,2022,Kia,2022-07-08,vs. Hanwha,RP,H,0.0,0.0,1,13,0,0,0,0,1,0,0,,Home,광주 기아 챔피언스 필드,18:30,31.5
전상현,2022,Kia,2022-07-03,@ SSG,RP,,0.0,1.0,1,16,0,0,1,0,3,0,0,,Away,인천 SSG 랜더스필드,17:00,31.0
전상현,2022,Kia,2022-06-30,@ Kiwoom,RP,L,13.5,2.25,1 ⅓,19,2,2,1,0,2,2,0,,Away,고척 스카이돔,18:30,25.5
전상현,2022,Kia,2022-06-29,@ Kiwoom,RP,,0.0,3.0,1,26,0,0,1,0,3,2,0,,Away,고척 스카이돔,18:30,25.5
전상현,2022,Kia,2022-06-23,vs. Lotte,RP,SV,0.0,0.0,1,13,0,0,0,0,2,0,0,,Home,광주 기아 챔피언스 필드,18:30,29.7
전상현,2022,Kia,2022-06-22,vs. Lotte,RP,,0.0,0.0,1,12,0,0,0,0,1,0,0,,Home,광주 기아 챔피언스 필드,18:30,32.2
전상현,2022,Kia,2022-06-21,vs. Lotte,RP,H,0.0,2.0,1,22,0,0,2,0,1,0,0,,Home,광주 기아 챔피언스 필드,18:30,30.9
전상현,2022,Kia,2022-06-17,vs. Samsung,RP,H,0.0,0.0,1,9,0,0,0,0,1,0,0,,Home,광주 기아 챔피언스 필드,18:30,28.0
전상현,2022,Kia,2022-06-16,@ NC,RP,H,0.0,1.0,1,13,0,0,1,0,1,0,0,,Away,창원 NC 파크,18:30,24.9
전상현,2022,Kia,2022-06-11,vs. Kiwoom,RP,H,0.0,1.0,1,18,0,0,0,0,2,1,0,,Home,광주 기아 챔피언스 필드,17:00,28.7
전상현,2022,Kia,2022-06-09,vs. LG,RP,,0.0,0.0,1,13,0,0,0,0,1,0,0,,Home,광주 기아 챔피언스 필드,18:30,25.5
전상현,2022,Kia,2022-06-05,@ KT,RP,,0.0,0.6,1 ⅔,30,0,0,1,0,3,0,0,,Away,수원 KT 위즈파크,17:00,21.2
전상현,2022,Kia,2022-06-02,@ Doosan,RP,W,0.0,1.0,1,19,0,0,1,0,0,0,0,,Away,잠실 야구장,18:30,25.3
전상현,2022,Kia,2022-06-01,@ Doosan,RP,,0.0,0.0,1,9,0,0,0,0,1,0,0,,Away,잠실 야구장,18:30,24.2
전상현,2022,Kia,2022-05-28,vs. SSG,RP,,0.0,1.0,1,14,0,0,1,0,1,0,0,,Home,광주 기아 챔피언스 필드,17:00,28.3
전상현,2022,Kia,2022-05-26,@ Samsung,RP,,13.5,6.0,0 ⅔,25,1,1,2,0,2,2,0,,Away,대구 삼성 라이온즈 파크,18:30,20.9
전상현,2022,Kia,2022-05-24,@ Samsung,RP,H,0.0,0.0,1,13,0,0,0,0,0,0,0,,Away,대구 삼성 라이온즈 파크,18:30,24.1
전상현,2022,Kia,2022-05-20,vs. NC,RP,H,0.0,1.0,1,16,0,0,0,0,2,1,0,,Home,광주 기아 챔피언스 필드,18:30,24.3
전상현,2022,Kia,2022-05-19,@ Lotte,RP,H,0.0,0.0,0 ⅓,4,0,0,0,0,1,0,0,,Away,사직 야구장,18:30,20.1
전상현,2022,Kia,2022-05-18,@ Lotte,RP,W,0.0,0.0,1 ⅓,10,0,0,0,0,1,0,0,,Away,사직 야구장,18:30,20.6
전상현,2022,Kia,2022-05-15,@ LG,RP,,9.0,2.0,1,9,1,1,2,1,0,0,0,,Away,잠실 야구장,14:00,22.2
전상현,2022,Kia,2022-05-14,@ LG,RP,L,9.0,2.0,1,11,1,1,2,0,1,0,0,,Away,잠실 야구장,17:00,18.5
전상현,2022,Kia,2022-05-12,vs. KT,RP,W,0.0,0.0,1,11,0,0,0,0,3,0,0,,Home,광주 기아 챔피언스 필드,18:30,22.5
전상현,2022,Kia,2022-05-08,@ Hanwha,RP,,9.0,2.0,1,13,1,1,2,1,0,0,0,,Away,대전 한화생명 볼파크,14:00,22.4
전상현,2022,Kia,2022-05-07,@ Hanwha,RP,H,0.0,0.0,1,8,0,0,0,0,1,0,0,,Away,대전 한화생명 볼파크,17:00,23.3
전상현,2022,Kia,2022-05-04,vs. Kiwoom,RP,,0.0,1.0,1,20,0,0,1,0,1,0,0,,Home,광주 기아 챔피언스 필드,18:30,22.6
전상현,2022,Kia,2022-05-01,vs. Samsung,RP,H,0.0,1.0,1,12,0,0,1,0,2,0,0,,Home,광주 기아 챔피언스 필드,14:00,18.3
전상현,2022,Kia,2022-04-30,vs. Samsung,RP,H,0.0,0.0,1,12,0,0,0,0,0,0,0,,Home,광주 기아 챔피언스 필드,17:00,16.1
전상현,2022,Kia,2022-04-28,@ KT,RP,L,9.0,2.0,1,7,1,1,2,0,0,0,0,,Away,수원 KT 위즈파크,18:30,16.7
전상현,2022,Kia,2022-04-26,@ KT,RP,H,0.0,3.0,0 ⅓,4,0,0,1,0,0,0,0,,Away,수원 KT 위즈파크,18:30,20.9
전상현,2022,Kia,2022-04-22,@ Kiwoom,RP,H,0.0,1.5,0 ⅔,14,0,0,1,0,2,0,0,,Away,고척 스카이돔,18:30,25.5
전상현,2022,Kia,2022-04-20,vs. Doosan,RP,L,9.0,3.0,1,21,1,1,2,0,0,1,0,,Home,광주 기아 챔피언스 필드,18:30,21.2
전상현,2022,Kia,2022-04-17,@ NC,RP,W,5.4,1.2,1 ⅔,19,2,1,2,0,1,0,0,,Away,창원 NC 파크,14:00,21.5
전상현,2022,Kia,2022-04-14,vs. Lotte,RP,,0.0,0.0,1,9,0,0,0,0,1,0,0,,Home,광주 기아 챔피언스 필드,18:30,18.4
전상현,2022,Kia,2022-04-12,vs. Lotte,RP,W,0.0,0.0,1,7,0,0,0,0,0,0,0,,Home,광주 기아 챔피언스 필드,18:30,24.6
전상현,2022,Kia,2022-04-06,vs. Hanwha,RP,,0.0,,0,12,0,0,1,0,0,1,0,,Home,광주 기아 챔피언스 필드,18:30,18.1
전상현,2022,Kia,2022-04-05,vs. Hanwha,RP,,27.0,12.0,0 ⅓,27,3,1,3,0,1,1,0,,Home,광주 기아 챔피언스 필드,18:30,15.2
전상현,2022,Kia,2022-04-03,vs. LG,RP,,0.0,0.0,1,11,0,0,0,0,2,0,0,,Home,광주 기아 챔피언스 필드,14:00,16.9
전상현,2021,Kia,2021-10-30,vs. Kiwoom,RP,,13.5,3.0,0 ⅔,30,1,1,0,0,0,2,0,,Home,광주 기아 챔피언스 필드,17:00,17.0
전상현,2021,Kia,2021-10-28,@ Lotte,RP,H,0.0,3.0,0 ⅓,11,0,0,1,0,0,0,0,,Away,사직 야구장,18:30,17.8
전상현,2021,Kia,2021-10-27,@ Lotte,RP,H,13.5,1.5,0 ⅔,12,1,1,1,1,0,0,0,,Away,사직 야구장,18:30,18.1
전상현,2021,Kia,2021-10-23,@ NC,RP,H,0.0,0.0,1,12,0,0,0,0,0,0,0,,Away,창원 NC 파크,17:00,16.9
전상현,2021,Kia,2021-10-20,vs. KT,RP,,0.0,3.0,0 ⅔,18,0,0,2,0,1,0,0,,Home,광주 기아 챔피언스 필드,18:30,12.1
전상현,2021,Kia,2021-10-19,vs. SSG,RP,H,0.0,0.0,1,15,0,0,0,0,2,0,0,,Home,광주 기아 챔피언스 필드,18:30,13.9
전상현,2021,Kia,2021-10-17,@ Doosan,RP,,9.0,2.0,1,18,1,1,2,0,1,0,0,,Away,잠실 야구장,14:00,8.1
전상현,2021,Kia,2021-10-15,@ KT,RP,,0.0,1.0,1,14,0,0,1,0,0,0,0,,Away,수원 KT 위즈파크,18:30,20.4
전상현,2021,Kia,2021-10-14,vs. Samsung,RP,,13.5,4.5,0 ⅔,16,2,1,2,0,0,1,0,,Home,광주 기아 챔피언스 필드,18:30,23.0
전상현,2021,Kia,2021-10-10,@ Hanwha,RP,H,0.0,1.0,1,16,0,0,1,0,0,0,0,,Away,대전 한화생명 볼파크,14:00,28.2
전상현,2021,Kia,2021-10-09,@ Hanwha,RP,H,0.0,2.0,1,22,0,0,1,0,2,1,0,,Away,대전 한화생명 볼파크,17:00,26.7
전상현,2021,Kia,2021-10-06,@ Lotte,RP,H,0.0,1.0,1,15,0,0,1,0,0,0,0,,Away,사직 야구장,18:30,23.4
전상현,2021,Kia,2021-10-03,vs. Hanwha,RP,W,0.0,3.0,1,25,0,0,2,0,1,1,0,,Home,광주 기아 챔피언스 필드,14:00,29.3
전상현,2021,Kia,2021-10-02,vs. Hanwha,RP,,0.0,0.0,1,10,0,0,0,0,1,0,0,,Home,광주 기아 챔피언스 필드,17:00,28.0
전상현,2021,Kia,2021-09-30,vs. Kiwoom,RP,,9.0,2.0,1,13,1,1,1,0,0,1,0,,Home,광주 기아 챔피언스 필드,18:30,26.5
전상현,2020,Kia,2020-10-09,vs. SK,RP,SV,0.0,0.0,1,13,0,0,0,0,1,0,0,,Home,광주 기아 챔피언스 필드,18:30,20.3
전상현,2020,Kia,2020-10-07,vs. Hanwha,RP,SV,0.0,0.0,1,9,0,0,0,0,1,0,0,,Home,광주 기아 챔피언스 필드,18:30,20.8
전상현,2020,Kia,2020-09-30,@ Kiwoom,RP,H,0.0,1.5,0 ⅔,12,0,0,0,0,1,1,0,,Away,고척 스카이돔,18:30,25.5
전상현,2020,Kia,2020-09-10,vs. Doosan,RP,L,9.0,3.0,1,33,1,1,1,0,1,2,0,,Home,광주 기아 챔피언스 필드,18:30,25.6
전상현,2020,Kia,2020-09-08,vs. LG,RP,SV,0.0,0.75,1 ⅓,19,0,0,1,0,1,0,0,,Home,광주 기아 챔피언스 필드,18:30,27.9
전상현,2020,Kia,2020-09-05,@ Hanwha,RP,SV,9.0,2.0,1,22,1,1,2,1,3,0,0,,Away,대전 한화생명 볼파크,17:00,25.0
전상현,2020,Kia,2020-09-04,@ Lotte,RP,SV,0.0,1.0,1,16,0,0,1,0,0,0,0,,Away,사직 야구장,18:30,26.7
전상현,2020,Kia,2020-09-03,@ Lotte,RP,SV,0.0,0.0,1,12,0,0,0,0,1,0,0,,Away,사직 야구장,18:30,27.9
전상현,2020,Kia,2020-08-28,@ SK,RP,SV,0.0,2.0,1,14,0,0,1,0,1,1,0,,Away,인천 SSG 랜더스필드,18:30,29.7
전상현,2020,Kia,2020-08-26,@ Doosan,RP,,18.0,2.0,1,18,2,2,2,0,1,0,0,,Away,잠실 야구장,18:30,32.7
전상현,2020,Kia,2020-08-23,@ Kiwoom,RP,W,6.75,1.5,1 ⅓,30,1,1,1,0,3,1,0,,Away,고척 스카이돔,14:00,25.5
전상현,2020,Kia,2020-08-21,vs. NC,RP,L,27.0,9.0,0 ⅓,20,5,1,3,0,0,0,0,,Home,광주 기아 챔피언스 필드,18:30,31.8
전상현,2020,Kia,2020-08-18,@ LG,RP,,9.0,3.0,1,29,2,1,3,1,3,0,0,,Away,잠실 야구장,18:30,31.1
전상현,2020,Kia,2020-08-16,vs. SK,RP,SV,0.0,2.0,1,24,0,0,1,0,2,1,0,,Home,광주 기아 챔피언스 필드,17:00,33.6
전상현,2020,Kia,2020-08-08,vs. NC,RP,SV,0.0,0.75,1 ⅓,16,0,0,0,0,1,1,0,,Home,광주 기아 챔피언스 필드,18:00,29.6
전상현,2020,Kia,2020-07-31,@ Lotte,RP,SV,0.0,2.0,1,25,1,0,1,0,1,1,0,,Away,사직 야구장,18:30,29.4
전상현,2020,Kia,2020-07-26,vs. Samsung,RP,SV,0.0,1.0,1,17,0,0,0,0,1,1,0,,Home,광주 기아 챔피언스 필드,17:00,28.0
전상현,2020,Kia,2020-07-22,@ Hanwha,RP,SV,0.0,0.0,1,10,0,0,0,0,2,0,0,,Away,대전 한화생명 볼파크,18:30,26.0
전상현,2020,Kia,2020-07-17,vs. Doosan,RP,SV,0.0,1.0,1,14,0,0,0,0,0,1,0,,Home,광주 기아 챔피언스 필드,18:30,28.4
전상현,2020,Kia,2020-07-15,@ Samsung,RP,SV,0.0,0.0,1,12,0,0,0,0,3,0,0,,Away,대구 삼성 라이온즈 파크,18:30,21.7
전상현,2020,Kia,2020-07-10,vs. Kiwoom,RP,,0.0,1.0,1,13,0,0,0,0,2,1,0,,Home,광주 기아 챔피언스 필드,18:30,29.3
전상현,2020,Kia,2020-07-09,vs. KT,RP,,0.0,2.0,1,30,0,0,2,0,2,0,0,,Home,광주 기아 챔피언스 필드,18:30,28.1
전상현,2020,Kia,2020-07-05,@ NC,RP,H,81.0,9.0,0 ⅓,16,3,3,1,1,0,2,0,,Away,창원 NC 파크,17:00,24.9
전상현,2020,Kia,2020-07-03,@ NC,RP,,0.0,1.0,1,15,0,0,1,0,1,0,0,,Away,창원 NC 파크,18:30,23.1
전상현,2020,Kia,2020-07-02,vs. Hanwha,RP,H,0.0,0.0,0 ⅓,4,0,0,0,0,1,0,0,,Home,광주 기아 챔피언스 필드,18:30,27.2
전상현,2020,Kia,2020-06-28,@ Kiwoom,RP,,0.0,0.0,1,10,0,0,0,0,2,0,0,,Away,고척 스카이돔,14:00,25.5
전상현,2020,Kia,2020-06-27,@ Kiwoom,RP,,0.0,2.0,1,25,0,0,0,0,1,2,0,,Away,고척 스카이돔,17:00,25.5
전상현,2020,Kia,2020-06-23,@ Lotte,RP,H,9.0,3.0,1,14,1,1,3,0,2,0,0,,Away,사직 야구장,18:30,26.9
전상현,2020,Kia,2020-06-19,vs. Samsung,RP,H,0.0,1.0,1,14,0,0,1,0,0,0,0,,Home,광주 기아 챔피언스 필드,18:30,26.8
전상현,2020,Kia,2020-06-17,vs. NC,RP,H,0.0,0.0,1,9,0,0,0,0,1,0,0,,Home,광주 기아 챔피언스 필드,18:30,25.1
전상현,2020,Kia,2020-06-16,vs. NC,RP,H,9.0,2.0,1,18,1,1,2,0,1,0,0,,Home,광주 기아 챔피언스 필드,18:30,26.7
전상현,2020,Kia,2020-06-13,@ SK,RP,H,0.0,1.0,1,18,1,0,1,0,2,0,0,,Away,인천 SSG 랜더스필드,17:00,28.8
전상현,2020,Kia,2020-06-12,@ SK,RP,H,0.0,2.0,1,21,0,0,0,0,1,2,0,,Away,인천 SSG 랜더스필드,18:30,24.5
전상현,2020,Kia,2020-06-09,@ KT,RP,H,9.0,1.0,1,14,1,1,1,1,3,0,0,,Away,수원 KT 위즈파크,18:30,29.0
전상현,2020,Kia,2020-06-06,@ Doosan,RP,,0.0,1.2,1 ⅔,29,0,0,2,0,2,0,0,,Away,잠실 야구장,17:00,28.8
전상현,2020,Kia,2020-06-04,vs. Lotte,RP,SV,0.0,0.0,0 ⅓,3,0,0,0,0,0,0,0,,Home,광주 기아 챔피언스 필드,18:30,28.4
전상현,2020,Kia,2020-06-02,vs. Lotte,RP,,0.0,1.0,1,11,0,0,0,0,1,1,0,,Home,광주 기아 챔피언스 필드,18:30,24.6
전상현,2020,Kia,2020-05-28,@ KT,RP,,0.0,1.0,1,16,0,0,0,0,1,1,0,,Away,수원 KT 위즈파크,18:30,21.6
전상현,2020,Kia,2020-05-26,@ KT,RP,H,0.0,0.0,1,12,0,0,0,0,3,0,0,,Away,수원 KT 위즈파크,18:30,15.8
전상현,2020,Kia,2020-05-24,@ SK,RP,,0.0,0.5,2,20,0,0,0,0,1,1,0,,Away,인천 SSG 랜더스필드,14:00,16.0
전상현,2020,Kia,2020-05-22,@ SK,RP,H,0.0,0.0,1,11,0,0,0,0,1,0,0,,Away,인천 SSG 랜더스필드,18:30,17.7
전상현,2020,Kia,2020-05-21,vs. Lotte,RP,,0.0,2.0,1,14,0,0,2,0,1,0,0,,Home,광주 기아 챔피언스 필드,18:30,22.3
전상현,2020,Kia,2020-05-17,vs. Doosan,RP,,0.0,0.75,1 ⅓,19,0,0,1,0,2,0,0,,Home,광주 기아 챔피언스 필드,14:00,26.6
전상현,2020,Kia,2020-05-13,@ Hanwha,RP,H,0.0,0.0,1,12,0,0,0,0,1,0,0,,Away,대전 한화생명 볼파크,18:30,20.6
전상현,2020,Kia,2020-05-12,@ Hanwha,RP,W,0.0,1.0,1,16,0,0,0,0,2,1,0,,Away,대전 한화생명 볼파크,18:30,19.7
전상현,2020,Kia,2020-05-10,@ Samsung,RP,,0.0,0.0,1,13,0,0,0,0,1,0,0,,Away,대구 삼성 라이온즈 파크,14:00,19.1
전상현,2020,Kia,2020-05-06,vs. Kiwoom,RP,,0.0,1.2,1 ⅔,30,1,0,1,0,2,1,0,,Home,광주 기아 챔피언스 필드,18:30,26.3
정해영,2024,Kia,2024-09-30,vs. NC,RP,,0.0,1.0,1,22,0,0,0,0,1,1,0,,Home,광주 기아 챔피언스 필드,18:30,26.0
정해영,2024,Kia,2024-09-28,@ Lotte,RP,,0.0,1.0,1,14,0,0,1,0,0,0,0,,Away,사직 야구장,17:00,26.8
정해영,2024,Kia,2024-09-23,vs. Samsung,RP,SV,0.0,0.0,0 ⅓,6,0,0,0,0,1,0,0,,Home,광주 기아 챔피언스 필드,18:30,24.2
정해영,2024,Kia,2024-09-17,@ SSG,RP,,0.0,0.0,0 ⅓,6,0,0,0,0,1,0,0,,Away,인천 SSG 랜더스필드,18:30,30.5
정해영,2024,Kia,2024-09-08,vs. Kiwoom,RP,SV,0.0,1.0,1,11,0,0,1,0,0,0,0,,Home,광주 기아 챔피언스 필드,14:00,32.0
정해영,2024,Kia,2024-09-07,vs. Kiwoom,RP,,0.0,1.0,1,17,0,0,1,0,1,0,0,,Home,광주 기아 챔피언스 필드,17:00,28.8
정해영,2024,Kia,2024-09-05,vs. Hanwha,RP,,0.0,0.0,1,9,0,0,0,0,0,0,0,,Home,광주 기아 챔피언스 필드,18:30,30.7
정해영,2024,Kia,2024-09-03,vs. LG,RP,SV,9.0,1.0,1,14,1,1,1,0,1,0,0,,Home,광주 기아 챔피언스 필드,18:30,29.6
정해영,2024,Kia,2024-09-01,@ Samsung,RP,SV,0.0,1.0,1,19,0,0,0,0,1,1,0,,Away,대구 삼성 라이온즈 파크,14:00,31.5
정해영,2024,Kia,2024-08-31,@ Samsung,RP,SV,9.0,1.0,1,11,1,1,1,1,1,0,0,,Away,대구 삼성 라이온즈 파크,18:00,29.1
정해영,2024,Kia,2024-08-28,vs. SSG,RP,,27.0,3.0,1,21,3,3,2,1,1,1,0,,Home,광주 기아 챔피언스 필드,18:30,30.8
정해영,2024,Kia,2024-08-24,@ NC,RP,SV,0.0,1.0,1,18,0,0,1,0,1,0,0,,Away,창원 NC 파크,18:00,32.8
정해영,2024,Kia,2024-08-22,vs. Lotte,RP,SV,0.0,1.0,1,13,0,0,0,0,0,1,0,,Home,광주 기아 챔피언스 필드,18:30,30.9
정해영,2024,Kia,2024-08-21,vs. Lotte,RP,SV,0.0,1.0,1,14,0,0,1,0,1,0,0,,Home,광주 기아 챔피언스 필드,18:30,32.4
정해영,2024,Kia,2024-08-18,@ LG,RP,,0.0,1.0,1,18,0,0,1,0,1,0,0,,Away,잠실 야구장,17:00,32.5
정해영,2024,Kia,2024-08-16,@ LG,RP,SV,0.0,0.0,1,12,0,0,0,0,2,0,0,,Away,잠실 야구장,18:30,33.0
정해영,2024,Kia,2024-08-14,@ Kiwoom,RP,L,27.0,3.0,0 ⅓,9,1,1,1,1,1,0,0,,Away,고척 스카이돔,18:30,25.5
정해영,2024,Kia,2024-08-13,@ Kiwoom,RP,SV,0.0,0.0,1,8,0,0,0,0,0,0,0,,Away,고척 스카이돔,18:30,25.5
정해영,2024,Kia,2024-08-11,vs. Samsung,RP,,0.0,1.0,1,15,0,0,1,0,1,0,0,,Home,광주 기아 챔피언스 필드,17:00,32.2
정해영,2024,Kia,2024-08-08,vs. KT,RP,,0.0,1.0,1,25,0,0,1,0,0,0,0,,Home,광주 기아 챔피언스 필드,18:30,31.1
정해영,2024,Kia,2024-08-06,vs. KT,RP,H,0.0,1.5,0 ⅔,15,0,0,1,0,1,0,0,,Home,광주 기아 챔피언스 필드,18:30,32.6
정해영,2024,Kia,2024-06-23,vs. Hanwha,RP,L,13.5,3.0,0 ⅔,12,1,1,1,1,0,1,0,,Home,광주 기아 챔피언스 필드,17:00,30.2
정해영,2024,Kia,2024-06-20,vs. LG,RP,SV,0.0,0.0,1,13,0,0,0,0,0,0,0,,Home,광주 기아 챔피언스 필드,18:30,26.0
정해영,2024,Kia,2024-06-16,@ KT,RP,SV,0.0,1.0,1,18,0,0,0,0,2,1,0,,Away,수원 KT 위즈파크,17:00,26.9
정해영,2024,Kia,2024-06-15,@ KT,RP,SV,0.0,0.0,1,13,0,0,0,0,1,0,0,,Away,수원 KT 위즈파크,17:00,26.4
정해영,2024,Kia,2024-06-11,@ SSG,RP,,0.0,3.0,1 ⅓,15,0,0,3,0,0,1,0,,Away,인천 SSG 랜더스필드,18:30,24.6
정해영,2024,Kia,2024-06-07,@ Doosan,RP,,0.0,3.0,1,17,0,0,2,0,0,1,0,,Away,잠실 야구장,18:30,26.4
정해영,2024,Kia,2024-06-06,vs. Lotte,RP,SV,0.0,0.0,1,20,0,0,0,0,3,0,0,,Home,광주 기아 챔피언스 필드,18:30,25.3
정해영,2024,Kia,2024-06-01,vs. KT,RP,SV,0.0,1.0,1,20,0,0,1,0,2,0,0,,Home,광주 기아 챔피언스 필드,17:00,22.7
정해영,2024,Kia,2024-05-28,@ NC,RP,SV,0.0,3.0,1,24,0,0,2,0,2,1,0,,Away,창원 NC 파크,18:30,22.1
정해영,2024,Kia,2024-05-26,vs. Doosan,RP,SV,0.0,3.0,0 ⅓,8,0,0,1,0,1,0,0,,Home,광주 기아 챔피언스 필드,14:00,22.8
정해영,2024,Kia,2024-05-25,vs. Doosan,RP,SV,0.0,0.0,0 ⅓,5,0,0,0,0,0,0,0,,Home,광주 기아 챔피언스 필드,17:00,25.8
정해영,2024,Kia,2024-05-24,vs. Doosan,RP,,54.0,6.0,0 ⅓,15,2,2,2,1,0,0,0,,Home,광주 기아 챔피언스 필드,18:30,26.7
정해영,2024,Kia,2024-05-19,@ NC,RP,SV,0.0,1.0,1,14,0,0,0,0,0,1,0,,Away,창원 NC 파크,14:00,29.9
정해영,2024,Kia,2024-05-18,@ NC,RP,,0.0,1.0,1,10,0,0,1,0,0,0,0,,Away,창원 NC 파크,17:00,25.5
정해영,2024,Kia,2024-05-16,vs. Doosan,RP,,0.0,2.25,1 ⅓,31,0,0,2,0,1,1,1,,Home,광주 기아 챔피언스 필드,18:30,18.9
정해영,2024,Kia,2024-05-15,vs. Doosan,RP,,0.0,0.0,1,20,0,0,0,0,3,0,0,,Home,광주 기아 챔피언스 필드,18:30,11.6
정해영,2024,Kia,2024-05-12,vs. SSG,RP,SV,0.0,0.0,1 ⅔,20,0,0,0,0,4,0,0,,Home,광주 기아 챔피언스 필드,14:00,22.6
정해영,2024,Kia,2024-05-08,@ Samsung,RP,W,0.0,1.0,2,30,0,0,1,0,3,1,0,,Away,대구 삼성 라이온즈 파크,18:30,14.3
정해영,2024,Kia,2024-05-04,vs. Hanwha,RP,,18.0,4.0,1,19,2,2,4,1,0,0,0,,Home,광주 기아 챔피언스 필드,17:00,24.2
정해영,2024,Kia,2024-04-28,@ LG,RP,SV,0.0,0.0,1,11,0,0,0,0,0,0,0,,Away,잠실 야구장,14:00,27.6
정해영,2024,Kia,2024-04-24,@ Kiwoom,RP,SV,0.0,1.0,1,20,0,0,1,0,1,0,0,,Away,고척 스카이돔,18:30,25.5
정해영,2024,Kia,2024-04-23,@ Kiwoom,RP,SV,0.0,2.0,1,17,0,0,1,0,1,1,0,,Away,고척 스카이돔,18:30,25.5
정해영,2024,Kia,2024-04-19,vs. NC,RP,W,0.0,2.0,1,15,0,0,1,0,0,1,0,,Home,광주 기아 챔피언스 필드,18:30,24.1
정해영,2024,Kia,2024-04-16,@ SSG,RP,L,40.5,4.5,0 ⅔,20,3,3,3,2,2,0,0,,Away,인천 SSG 랜더스필드,18:30,11.5
정해영,2024,Kia,2024-04-14,@ Hanwha,RP,SV,0.0,2.0,1,16,0,0,2,0,0,0,0,,Away,대전 한화생명 볼파크,14:00,27.7
정해영,2024,Kia,2024-04-12,@ Hanwha,RP,SV,0.0,0.75,1 ⅓,21,0,0,1,0,2,0,0,,Away,대전 한화생명 볼파크,18:30,23.3
정해영,2024,Kia,2024-04-10,vs. LG,RP,SV,0.0,2.0,1,21,0,0,2,0,1,0,0,,Home,광주 기아 챔피언스 필드,18:30,19.9
정해영,2024,Kia,2024-04-05,vs. Samsung,RP,SV,0.0,0.0,1,7,0,0,0,0,1,0,0,,Home,광주 기아 챔피언스 필드,18:30,16.5
정해영,2024,Kia,2024-04-04,@ KT,RP,SV,0.0,0.0,1,11,0,0,0,0,0,0,0,,Away,수원 KT 위즈파크,18:30,16.5
정해영,2024,Kia,2024-03-29,@ Doosan,RP,SV,0.0,2.0,1,25,0,0,1,0,1,1,0,,Away,잠실 야구장,18:30,11.2
정해영,2024,Kia,2024-03-26,vs. Lotte,RP,SV,0.0,1.0,1,17,0,0,1,0,2,0,0,,Home,광주 기아 챔피언스 필드,18:30,10.7
정해영,2024,Kia,2024-03-23,vs. Kiwoom,RP,SV,0.0,1.0,1,18,0,0,0,0,1,1,0,,Home,광주 기아 챔피언스 필드,14:00,22.7
정해영,2023,Kia,2023-10-17,vs. NC,RP,,0.0,0.0,1,5,0,0,0,0,1,0,0,,Home,광주 기아 챔피언스 필드,18:30,17.9
정해영,2023,Kia,2023-10-16,vs. NC,RP,SV,0.0,1.0,1,16,0,0,1,0,0,0,0,,Home,광주 기아 챔피언스 필드,18:30,16.0
정해영,2023,Kia,2023-10-12,vs. Lotte,RP,SV,0.0,3.0,1,17,0,0,2,0,1,1,0,,Home,광주 기아 챔피언스 필드,18:30,20.4
정해영,2023,Kia,2023-10-09,vs. Samsung,RP,SV,0.0,1.0,1,21,0,0,1,0,1,0,0,,Home,광주 기아 챔피언스 필드,18:30,20.3
정해영,2023,Kia,2023-10-08,vs. Samsung,RP,SV,0.0,2.0,1,20,0,0,1,0,0,1,0,,Home,광주 기아 챔피언스 필드,14:00,20.7
정해영,2023,Kia,2023-10-06,@ LG,RP,SV,0.0,1.0,1,10,0,0,1,0,1,0,0,,Away,잠실 야구장,18:30,18.8
정해영,2023,Kia,2023-10-03,@ KT,RP,SV,0.0,1.0,1,17,0,0,1,0,1,0,0,,Away,수원 KT 위즈파크,18:30,21.0
정해영,2023,Kia,2023-10-01,@ SSG,RP,,0.0,1.0,1,7,0,0,1,0,1,0,0,,Away,인천 SSG 랜더스필드,14:00,22.2
정해영,2023,Kia,2023-09-30,@ SSG,RP,L,0.0,2.25,1 ⅓,18,1,0,2,0,2,1,0,,Away,인천 SSG 랜더스필드,17:00,23.5
정해영,2023,Kia,2023-09-26,@ NC,RP,SV,6.75,1.5,1 ⅓,22,1,1,2,0,1,0,0,,Away,창원 NC 파크,18:30,25.7
정해영,2023,Kia,2023-09-22,vs. KT,RP,SV,0.0,3.0,1,27,0,0,2,0,0,1,0,,Home,광주 기아 챔피언스 필드,18:30,25.0
정해영,2023,Kia,2023-09-15,vs. Doosan,RP,L,54.0,12.0,0 ⅓,25,2,2,1,0,1,3,0,,Home,광주 기아 챔피언스 필드,18:30,29.5
정해영,2023,Kia,2023-09-10,vs. LG,RP,SV,0.0,0.0,1,11,0,0,0,0,0,0,0,,Home,광주 기아 챔피언스 필드,14:00,29.4
정해영,2023,Kia,2023-09-09,vs. LG,RP,SV,0.0,1.0,1,12,0,0,0,0,0,1,0,,Home,광주 기아 챔피언스 필드,17:00,29.1
정해영,2023,Kia,2023-09-03,@ SSG,RP,SV,0.0,0.0,1,12,0,0,0,0,1,0,0,,Away,인천 SSG 랜더스필드,14:00,29.7
정해영,2023,Kia,2023-08-27,vs. Hanwha,RP,SV,0.0,0.0,1,15,0,0,0,0,0,0,0,,Home,광주 기아 챔피언스 필드,17:00,31.9
정해영,2023,Kia,2023-08-25,vs. Hanwha,RP,SV,0.0,0.0,1,10,0,0,0,0,2,0,0,,Home,광주 기아 챔피언스 필드,18:30,30.5
정해영,2023,Kia,2023-08-24,@ KT,RP,,0.0,1.0,1,10,0,0,1,0,1,0,0,,Away,수원 KT 위즈파크,18:30,30.0
정해영,2023,Kia,2023-08-20,@ Samsung,RP,,0.0,2.0,1,21,0,0,1,0,1,1,0,,Away,대구 삼성 라이온즈 파크,17:00,31.5
정해영,2023,Kia,2023-08-17,vs. Kiwoom,RP,,0.0,0.0,1,9,0,0,0,0,1,0,0,,Home,광주 기아 챔피언스 필드,18:30,31.2
정해영,2023,Kia,2023-08-13,@ Lotte,RP,,9.0,3.0,1,14,1,1,3,0,0,0,0,,Away,사직 야구장,17:00,29.6
정해영,2023,Kia,2023-08-06,vs. Hanwha,RP,,0.0,1.0,2,34,0,0,0,0,1,2,0,,Home,광주 기아 챔피언스 필드,17:00,34.6
정해영,2023,Kia,2023-08-02,@ Samsung,RP,L,81.0,12.0,0 ⅓,10,3,3,3,0,0,1,0,,Away,대구 삼성 라이온즈 파크,18:30,31.8
정해영,2023,Kia,2023-08-01,@ Samsung,RP,,9.0,2.0,1,19,1,1,1,0,0,1,0,,Away,대구 삼성 라이온즈 파크,18:30,30.7
정해영,2023,Kia,2023-07-30,vs. Lotte,RP,SV,0.0,0.0,0 ⅓,1,0,0,0,0,0,0,0,,Home,광주 기아 챔피언스 필드,17:00,31.1
정해영,2023,Kia,2023-07-29,vs. Lotte,RP,SV,0.0,2.0,1,16,0,0,2,0,1,0,0,,Home,광주 기아 챔피언스 필드,18:00,34.2
정해영,2023,Kia,2023-07-28,vs. Lotte,RP,SV,9.0,2.0,1,21,1,1,2,0,0,0,0,,Home,광주 기아 챔피언스 필드,18:30,32.2
정해영,2023,Kia,2023-07-26,@ NC,RP,,0.0,0.0,1,9,0,0,0,0,1,0,0,,Away,창원 NC 파크,18:30,31.5
정해영,2023,Kia,2023-07-12,vs. Samsung,RP,SV,0.0,0.0,0 ⅓,2,0,0,0,0,0,0,0,,Home,광주 기아 챔피언스 필드,18:30,30.3
정해영,2023,Kia,2023-07-08,@ KT,RP,H,0.0,1.0,1,16,0,0,1,0,2,0,0,,Away,수원 KT 위즈파크,18:00,29.5
정해영,2023,Kia,2023-07-06,@ SSG,RP,,0.0,2.0,1,19,0,0,2,0,0,0,0,,Away,인천 SSG 랜더스필드,18:30,29.7
정해영,2023,Kia,2023-07-02,@ LG,RP,,0.0,0.0,1,13,0,0,0,0,0,0,0,,Away,잠실 야구장,17:00,31.3
정해영,2023,Kia,2023-05-28,vs. LG,RP,,0.0,1.0,1,8,0,0,0,0,0,1,0,,Home,광주 기아 챔피언스 필드,14:00,24.6
정해영,2023,Kia,2023-05-27,vs. LG,RP,SV,0.0,3.0,1,18,0,0,3,0,1,0,0,,Home,광주 기아 챔피언스 필드,17:00,24.1
정해영,2023,Kia,2023-05-24,@ Hanwha,RP,SV,9.0,2.0,1,23,1,1,2,1,1,0,0,,Away,대전 한화생명 볼파크,18:30,23.6
정해영,2023,Kia,2023-05-20,vs. Kiwoom,RP,SV,0.0,0.0,1,10,0,0,0,0,1,0,0,,Home,광주 기아 챔피언스 필드,17:00,24.2
정해영,2023,Kia,2023-05-17,@ Samsung,RP,,54.0,9.0,0 ⅓,16,3,2,2,0,0,1,0,,Away,대구 삼성 라이온즈 파크,18:30,23.3
정해영,2023,Kia,2023-05-14,@ Doosan,RP,,0.0,3.0,0 ⅔,13,0,0,2,0,1,0,0,,Away,잠실 야구장,14:00,23.8
정해영,2023,Kia,2023-05-11,vs. SSG,RP,,0.0,6.0,0 ⅓,16,0,0,1,0,0,1,0,,Home,광주 기아 챔피언스 필드,18:30,22.5
정해영,2023,Kia,2023-05-09,vs. SSG,RP,SV,0.0,0.0,1,14,0,0,0,0,0,0,0,,Home,광주 기아 챔피언스 필드,18:30,21.7
정해영,2023,Kia,2023-04-30,@ LG,RP,W,0.0,12.0,0 ⅓,22,0,0,2,0,0,2,0,,Away,잠실 야구장,14:00,16.9
정해영,2023,Kia,2023-04-28,@ LG,RP,W,0.0,1.0,2,25,0,0,2,0,0,0,0,,Away,잠실 야구장,18:30,17.8
정해영,2023,Kia,2023-04-27,vs. NC,RP,,0.0,0.0,1,4,0,0,0,0,0,0,0,,Home,광주 기아 챔피언스 필드,18:30,20.7
정해영,2023,Kia,2023-04-23,vs. Samsung,RP,SV,0.0,0.0,1,13,0,0,0,0,1,0,0,,Home,광주 기아 챔피언스 필드,14:00,20.2
정해영,2023,Kia,2023-04-22,vs. Samsung,RP,,0.0,0.0,1,13,0,0,0,0,1,0,0,,Home,광주 기아 챔피언스 필드,17:00,21.2
정해영,2023,Kia,2023-04-19,@ Lotte,RP,,0.0,1.0,1,16,0,0,1,0,0,0,0,,Away,사직 야구장,18:30,16.6
정해영,2023,Kia,2023-04-16,@ Kiwoom,RP,,0.0,2.0,1,21,0,0,1,0,2,1,0,,Away,고척 스카이돔,14:00,25.5
정해영,2023,Kia,2023-04-12,vs. Hanwha,RP,SV,0.0,2.0,1,19,0,0,1,0,0,1,0,,Home,광주 기아 챔피언스 필드,18:30,16.2
정해영,2023,Kia,2023-04-11,vs. Hanwha,RP,L,13.5,1.5,0 ⅔,14,1,1,1,0,1,0,1,,Home,광주 기아 챔피언스 필드,18:30,16.9
정해영,2023,Kia,2023-04-09,vs. Doosan,RP,,0.0,0.0,0 ⅔,2,0,0,0,0,0,0,0,,Home,광주 기아 챔피언스 필드,14:00,18.1
정해영,2023,Kia,2023-04-08,vs. Doosan,RP,W,13.5,2.25,1 ⅓,22,2,2,3,1,0,0,0,,Home,광주 기아 챔피언스 필드,17:00,14.6
정해영,2023,Kia,2023-04-02,@ SSG,RP,,9.0,1.0,1,12,1,1,1,1,0,0,0,,Away,인천 SSG 랜더스필드,14:00,22.7
정해영,2022,Kia,2022-10-07,vs. KT,RP,,0.0,0.0,1,12,0,0,0,0,1,0,0,,Home,광주 기아 챔피언스 필드,18:30,16.6
정해영,2022,Kia,2022-10-06,vs. LG,RP,W,0.0,0.0,1 ⅔,26,0,0,0,0,1,0,0,,Home,광주 기아 챔피언스 필드,18:30,17.5
정해영,2022,Kia,2022-10-01,vs. SSG,RP,L,9.0,2.0,1,15,1,1,2,0,0,0,0,,Home,광주 기아 챔피언스 필드,17:00,29.0
정해영,2022,Kia,2022-09-29,vs. Lotte,RP,SV,0.0,0.0,1,14,0,0,0,0,1,0,0,,Home,광주 기아 챔피언스 필드,18:30,23.3
정해영,2022,Kia,2022-09-25,@ Samsung,RP,SV,18.0,3.0,1,21,2,2,3,0,0,0,0,,Away,대구 삼성 라이온즈 파크,14:00,22.8
정해영,2022,Kia,2022-09-24,@ NC,RP,SV,0.0,0.0,1,12,0,0,0,0,0,0,0,,Away,창원 NC 파크,17:00,21.4
정해영,2022,Kia,2022-09-22,@ NC,RP,SV,0.0,0.75,1 ⅓,18,0,0,1,0,2,0,0,,Away,창원 NC 파크,18:30,23.0
정해영,2022,Kia,2022-09-16,vs. Hanwha,RP,,0.0,0.0,1,18,0,0,0,0,3,0,0,,Home,광주 기아 챔피언스 필드,18:30,29.0
정해영,2022,Kia,2022-09-15,vs. Hanwha,RP,,0.0,2.0,1,28,0,0,0,0,0,2,0,,Home,광주 기아 챔피언스 필드,18:30,28.9
정해영,2022,Kia,2022-09-10,@ Doosan,RP,SV,0.0,1.0,1,4,0,0,1,0,0,0,0,,Away,잠실 야구장,17:00,26.7
정해영,2022,Kia,2022-09-07,@ Lotte,RP,,0.0,0.0,1,11,0,0,0,0,1,0,0,,Away,사직 야구장,18:30,24.9
정해영,2022,Kia,2022-08-31,@ Hanwha,RP,SV,0.0,0.0,1,14,0,0,0,0,1,0,0,,Away,대전 한화생명 볼파크,18:30,24.3
정해영,2022,Kia,2022-08-28,vs. Doosan,RP,,0.0,2.0,1,12,0,0,2,0,1,0,0,,Home,광주 기아 챔피언스 필드,17:00,26.5
정해영,2022,Kia,2022-08-25,@ LG,RP,SV,0.0,2.25,1 ⅓,19,0,0,3,0,0,0,0,,Away,잠실 야구장,18:30,24.3
정해영,2022,Kia,2022-08-24,@ Kiwoom,RP,L,27.0,6.0,0 ⅔,22,2,2,3,0,0,1,0,,Away,고척 스카이돔,18:30,25.5
정해영,2022,Kia,2022-08-10,@ Samsung,RP,,0.0,2.0,1,24,0,0,1,0,1,1,0,,Away,대구 삼성 라이온즈 파크,18:30,30.1
정해영,2022,Kia,2022-08-06,vs. Doosan,RP,L,54.0,6.0,1,39,6,6,5,2,0,1,0,,Home,광주 기아 챔피언스 필드,18:00,34.9
정해영,2022,Kia,2022-08-03,@ Hanwha,RP,SV,0.0,3.0,1,32,0,0,1,0,3,2,0,,Away,대전 한화생명 볼파크,18:30,32.4
정해영,2022,Kia,2022-08-02,@ Hanwha,RP,L,0.0,,0,2,1,1,1,1,0,0,0,,Away,대전 한화생명 볼파크,18:30,30.6
정해영,2022,Kia,2022-07-31,vs. SSG,RP,,0.0,1.0,1,15,0,0,1,0,0,0,0,,Home,광주 기아 챔피언스 필드,17:00,30.4
정해영,2022,Kia,2022-07-30,vs. SSG,RP,,0.0,0.0,0 ⅓,3,0,0,0,0,0,0,0,,Home,광주 기아 챔피언스 필드,18:00,31.5
정해영,2022,Kia,2022-07-27,vs. NC,RP,SV,0.0,0.0,1,6,0,0,0,0,1,0,0,,Home,광주 기아 챔피언스 필드,18:30,30.6
정해영,2022,Kia,2022-07-22,@ Lotte,RP,SV,0.0,1.0,1,8,0,0,1,0,0,0,0,,Away,사직 야구장,18:30,26.8
정해영,2022,Kia,2022-07-10,vs. Hanwha,RP,,0.0,4.5,0 ⅔,22,0,0,1,0,0,2,0,,Home,광주 기아 챔피언스 필드,17:00,32.8
정해영,2022,Kia,2022-07-09,vs. Hanwha,RP,SV,0.0,2.0,1,14,0,0,1,0,0,1,0,,Home,광주 기아 챔피언스 필드,18:00,31.7
정해영,2022,Kia,2022-07-08,vs. Hanwha,RP,SV,0.0,1.0,1,20,0,0,0,0,0,1,0,,Home,광주 기아 챔피언스 필드,18:30,31.5
정해영,2022,Kia,2022-06-30,@ Kiwoom,RP,,0.0,1.5,0 ⅔,10,0,0,1,0,0,0,0,,Away,고척 스카이돔,18:30,25.5
정해영,2022,Kia,2022-06-25,@ Doosan,RP,SV,0.0,1.5,1 ⅓,22,0,0,2,0,1,0,0,,Away,잠실 야구장,17:00,31.2
정해영,2022,Kia,2022-06-22,vs. Lotte,RP,L,10.8,2.4,1 ⅔,29,2,2,4,0,1,0,0,,Home,광주 기아 챔피언스 필드,18:30,32.2
정해영,2022,Kia,2022-06-21,vs. Lotte,RP,SV,0.0,0.75,1 ⅓,8,0,0,1,0,0,0,0,,Home,광주 기아 챔피언스 필드,18:30,30.9
정해영,2022,Kia,2022-06-17,vs. Samsung,RP,SV,0.0,0.0,1,10,0,0,0,0,0,0,0,,Home,광주 기아 챔피언스 필드,18:30,28.0
정해영,2022,Kia,2022-06-16,@ NC,RP,SV,0.0,1.0,1,9,0,0,1,0,0,0,0,,Away,창원 NC 파크,18:30,24.9
정해영,2022,Kia,2022-06-11,vs. Kiwoom,RP,SV,0.0,0.0,1,14,0,0,0,0,0,0,0,,Home,광주 기아 챔피언스 필드,17:00,28.7
정해영,2022,Kia,2022-06-05,@ KT,RP,,0.0,0.5,2,27,0,0,0,0,1,1,0,,Away,수원 KT 위즈파크,17:00,21.2
정해영,2022,Kia,2022-06-02,@ Doosan,RP,SV,0.0,0.0,1,14,0,0,0,0,2,0,0,,Away,잠실 야구장,18:30,25.3
정해영,2022,Kia,2022-06-01,@ Doosan,RP,,0.0,1.0,1,20,0,0,1,0,1,0,0,,Away,잠실 야구장,18:30,24.2
정해영,2022,Kia,2022-05-26,@ Samsung,RP,SV,0.0,0.75,1 ⅓,22,0,0,0,0,3,1,0,,Away,대구 삼성 라이온즈 파크,18:30,20.9
정해영,2022,Kia,2022-05-24,@ Samsung,RP,SV,0.0,0.0,1,7,0,0,0,0,0,0,0,,Away,대구 삼성 라이온즈 파크,18:30,24.1
정해영,2022,Kia,2022-05-20,vs. NC,RP,SV,0.0,0.0,1,9,0,0,0,0,1,0,0,,Home,광주 기아 챔피언스 필드,18:30,24.3
정해영,2022,Kia,2022-05-19,@ Lotte,RP,SV,0.0,3.0,1,29,0,0,1,0,1,2,0,,Away,사직 야구장,18:30,20.1
정해영,2022,Kia,2022-05-17,@ Lotte,RP,SV,0.0,0.0,1,8,0,0,0,0,1,0,0,,Away,사직 야구장,18:30,20.4
정해영,2022,Kia,2022-05-12,vs. KT,RP,SV,0.0,2.0,1,13,0,0,1,0,2,1,0,,Home,광주 기아 챔피언스 필드,18:30,22.5
정해영,2022,Kia,2022-05-10,vs. KT,RP,W,0.0,0.0,1,15,0,0,0,0,0,0,0,,Home,광주 기아 챔피언스 필드,18:30,21.1
정해영,2022,Kia,2022-05-08,@ Hanwha,RP,SV,18.0,4.0,1,28,2,2,2,0,1,2,0,,Away,대전 한화생명 볼파크,14:00,22.4
정해영,2022,Kia,2022-05-07,@ Hanwha,RP,SV,0.0,1.0,1,18,0,0,1,0,1,0,0,,Away,대전 한화생명 볼파크,17:00,23.3
정해영,2022,Kia,2022-05-04,vs. Kiwoom,RP,W,0.0,1.0,1,12,0,0,1,0,0,0,0,,Home,광주 기아 챔피언스 필드,18:30,22.6
정해영,2022,Kia,2022-05-01,vs. Samsung,RP,L,54.0,7.5,0 ⅔,25,4,4,5,0,1,0,0,,Home,광주 기아 챔피언스 필드,14:00,18.3
정해영,2022,Kia,2022-04-29,vs. Samsung,RP,L,9.0,3.0,1,26,1,1,3,0,2,0,0,,Home,광주 기아 챔피언스 필드,18:30,17.4
정해영,2022,Kia,2022-04-22,@ Kiwoom,RP,SV,0.0,0.0,1,15,0,0,0,0,0,0,0,,Away,고척 스카이돔,18:30,25.5
정해영,2022,Kia,2022-04-19,vs. Doosan,RP,SV,0.0,1.0,1,15,0,0,1,0,0,0,0,,Home,광주 기아 챔피언스 필드,18:30,20.2
정해영,2022,Kia,2022-04-17,@ NC,RP,SV,0.0,1.0,1,15,0,0,1,0,0,0,0,,Away,창원 NC 파크,14:00,21.5
정해영,2022,Kia,2022-04-12,vs. Lotte,RP,SV,0.0,0.0,1,20,0,0,0,0,2,0,0,,Home,광주 기아 챔피언스 필드,18:30,24.6
정해영,2022,Kia,2022-04-06,vs. Hanwha,RP,SV,0.0,0.0,1,10,0,0,0,0,0,0,0,,Home,광주 기아 챔피언스 필드,18:30,18.1
정해영,2022,Kia,2022-04-05,vs. Hanwha,RP,SV,0.0,0.0,1,15,0,0,0,0,3,0,0,,Home,광주 기아 챔피언스 필드,18:30,15.2
정해영,2022,Kia,2022-04-03,vs. LG,RP,,0.0,1.0,1,18,0,0,1,0,3,0,0,,Home,광주 기아 챔피언스 필드,14:00,16.9
정해영,2021,Kia,2021-10-28,@ Lotte,RP,SV,0.0,1.0,1,11,0,0,1,0,1,0,0,,Away,사직 야구장,18:30,17.8
정해영,2021,Kia,2021-10-27,@ Lotte,RP,SV,0.0,1.0,1,9,0,0,1,0,0,0,0,,Away,사직 야구장,18:30,18.1
정해영,2021,Kia,2021-10-23,@ NC,RP,SV,0.0,3.0,1,23,0,0,1,0,0,2,0,,Away,창원 NC 파크,17:00,16.9
정해영,2021,Kia,2021-10-22,@ NC,RP,SV,0.0,1.0,1,15,0,0,1,0,2,0,0,,Away,창원 NC 파크,18:30,14.4
정해영,2021,Kia,2021-10-20,vs. KT,RP,SV,0.0,0.0,1,10,0,0,0,0,1,0,0,,Home,광주 기아 챔피언스 필드,18:30,12.1
정해영,2021,Kia,2021-10-19,vs. SSG,RP,SV,0.0,0.0,1,17,0,0,0,0,1,0,0,,Home,광주 기아 챔피언스 필드,18:30,13.9
정해영,2021,Kia,2021-10-17,@ Doosan,RP,,0.0,1.0,1,11,0,0,1,0,1,0,0,,Away,잠실 야구장,14:00,8.1
정해영,2021,Kia,2021-10-16,@ Doosan,RP,SV,0.0,1.0,1,17,0,0,0,0,0,1,0,,Away,잠실 야구장,17:00,5.9
정해영,2021,Kia,2021-10-14,vs. Samsung,RP,SV,0.0,1.0,1,14,0,0,0,0,0,1,0,,Home,광주 기아 챔피언스 필드,18:30,23.0
정해영,2021,Kia,2021-10-10,@ Hanwha,RP,SV,0.0,1.0,1,23,0,0,1,0,2,0,0,,Away,대전 한화생명 볼파크,14:00,28.2
정해영,2021,Kia,2021-10-09,@ Hanwha,RP,SV,0.0,0.0,1,12,0,0,0,0,0,0,0,,Away,대전 한화생명 볼파크,17:00,26.7
정해영,2021,Kia,2021-10-08,vs. LG,RP,,0.0,1.0,1,14,0,0,1,0,0,0,0,,Home,광주 기아 챔피언스 필드,18:30,23.2
정해영,2021,Kia,2021-10-06,@ Lotte,RP,SV,0.0,1.0,1,12,0,0,1,0,1,0,0,,Away,사직 야구장,18:30,23.4
정해영,2021,Kia,2021-10-03,vs. Hanwha,RP,SV,0.0,2.0,1,34,0,0,1,0,0,1,0,,Home,광주 기아 챔피언스 필드,14:00,29.3
정해영,2021,Kia,2021-10-02,vs. Hanwha,RP,,0.0,0.0,1,16,0,0,0,0,2,0,0,,Home,광주 기아 챔피언스 필드,17:00,28.0
정해영,2021,Kia,2021-09-26,vs. SSG,RP,SV,0.0,0.75,1 ⅓,11,0,0,0,0,0,1,0,,Home,광주 기아 챔피언스 필드,14:00,26.5
정해영,2021,Kia,2021-09-25,vs. SSG,RP,,0.0,0.0,1,17,0,0,0,0,2,0,0,,Home,광주 기아 챔피언스 필드,17:00,26.1
정해영,2021,Kia,2021-09-18,@ LG,RP,,0.0,0.0,0 ⅔,10,0,0,0,0,1,0,0,,Away,잠실 야구장,17:00,27.2
정해영,2021,Kia,2021-09-16,@ Samsung,RP,SV,0.0,3.0,1,23,2,0,3,0,1,0,0,,Away,대구 삼성 라이온즈 파크,18:30,24.7
정해영,2021,Kia,2021-09-15,vs. Lotte,RP,SV,0.0,0.75,1 ⅓,19,0,0,1,0,1,0,0,,Home,광주 기아 챔피언스 필드,18:30,26.9
정해영,2021,Kia,2021-09-11,vs. NC,RP,SV,9.0,2.0,1,13,1,1,2,1,1,0,0,,Home,광주 기아 챔피언스 필드,17:00,29.8
정해영,2021,Kia,2021-09-10,@ Kiwoom,RP,,0.0,0.0,0 ⅓,4,0,0,0,0,0,0,0,,Away,고척 스카이돔,18:30,25.5
정해영,2021,Kia,2021-09-08,@ KT,RP,,0.0,0.0,1,15,0,0,0,0,0,0,0,,Away,수원 KT 위즈파크,18:30,25.4
정해영,2021,Kia,2021-09-05,@ Hanwha,RP,,9.0,2.0,1,21,1,1,2,0,0,0,1,,Away,대전 한화생명 볼파크,14:00,25.9
정해영,2021,Kia,2021-09-01,@ Doosan,RP,SV,0.0,2.0,1,18,0,0,0,0,1,2,0,,Away,잠실 야구장,18:30,25.1
정해영,2021,Kia,2021-08-29,@ SSG,RP,,40.5,6.0,0 ⅔,17,3,3,4,1,0,0,0,,Away,인천 SSG 랜더스필드,17:00,26.0
정해영,2021,Kia,2021-08-26,vs. Lotte,RP,,0.0,0.0,1,15,0,0,0,0,1,0,0,,Home,광주 기아 챔피언스 필드,18:30,30.3
정해영,2021,Kia,2021-08-20,vs. Kiwoom,RP,SV,0.0,0.0,1,10,0,0,0,0,1,0,0,,Home,광주 기아 챔피언스 필드,18:30,28.3
정해영,2021,Kia,2021-08-19,@ Doosan,RP,,0.0,0.0,1,13,0,0,0,0,1,0,0,,Away,잠실 야구장,18:30,28.7
정해영,2021,Kia,2021-08-18,@ Doosan,RP,,0.0,1.0,1,9,0,0,1,0,1,0,0,,Away,잠실 야구장,18:30,28.6
정해영,2021,Kia,2021-08-14,@ SSG,RP,,9.0,1.0,1,13,1,1,1,1,1,0,0,,Away,인천 SSG 랜더스필드,18:00,27.6
정해영,2021,Kia,2021-08-11,vs. Hanwha,RP,,13.5,1.5,0 ⅔,15,1,1,1,1,0,0,0,,Home,광주 기아 챔피언스 필드,18:30,30.1
정해영,2021,Kia,2021-08-10,vs. Hanwha,RP,SV,0.0,0.0,1,9,0,0,0,0,2,0,0,,Home,광주 기아 챔피언스 필드,18:30,30.2
정해영,2021,Kia,2021-07-11,vs. KT,RP,SV,0.0,0.0,1,11,0,0,0,0,0,0,0,,Home,광주 기아 챔피언스 필드,17:00,32.3
정해영,2021,Kia,2021-07-07,@ Hanwha,RP,W,0.0,0.75,1 ⅓,19,0,0,1,0,1,0,0,,Away,대전 한화생명 볼파크,18:30,30.8
정해영,2021,Kia,2021-07-02,vs. Doosan,RP,SV,0.0,1.5,1 ⅓,22,0,0,2,0,1,0,0,,Home,광주 기아 챔피언스 필드,18:30,29.8
정해영,2021,Kia,2021-07-01,vs. NC,RP,SV,0.0,0.75,1 ⅓,25,0,0,1,0,0,0,0,,Home,광주 기아 챔피언스 필드,18:30,29.7
정해영,2021,Kia,2021-06-27,@ Kiwoom,RP,L,27.0,9.0,0 ⅓,17,1,1,1,0,0,2,0,,Away,고척 스카이돔,14:00,25.5
정해영,2021,Kia,2021-06-23,@ KT,RP,SV,0.0,1.5,1 ⅓,22,0,0,1,0,1,1,0,,Away,수원 KT 위즈파크,18:30,25.6
정해영,2021,Kia,2021-06-16,vs. SSG,RP,SV,0.0,0.0,1,11,0,0,0,0,1,0,0,,Home,광주 기아 챔피언스 필드,18:30,26.3
정해영,2021,Kia,2021-06-13,@ Lotte,RP,SV,0.0,0.75,1 ⅓,14,0,0,1,0,1,0,0,,Away,사직 야구장,17:00,27.2
정해영,2021,Kia,2021-06-09,@ Samsung,RP,SV,0.0,0.6,1 ⅔,29,0,0,1,0,2,0,0,,Away,대구 삼성 라이온즈 파크,18:30,24.2
정해영,2021,Kia,2021-06-04,vs. LG,RP,W,0.0,2.0,1,18,0,0,1,0,0,1,0,,Home,광주 기아 챔피언스 필드,18:30,21.7
정해영,2021,Kia,2021-06-02,@ Hanwha,RP,SV,0.0,1.0,1,16,0,0,0,0,1,1,0,,Away,대전 한화생명 볼파크,18:30,27.9
정해영,2021,Kia,2021-05-29,vs. KT,RP,L,27.0,3.0,0 ⅔,21,2,2,2,0,2,0,1,,Home,광주 기아 챔피언스 필드,17:00,24.4
정해영,2021,Kia,2021-05-27,vs. Kiwoom,RP,SV,0.0,1.0,1,12,0,0,1,0,2,0,0,,Home,광주 기아 챔피언스 필드,18:30,20.9
정해영,2021,Kia,2021-05-26,vs. Kiwoom,RP,SV,0.0,0.0,1,19,0,0,0,0,3,0,0,,Home,광주 기아 챔피언스 필드,18:30,21.0
정해영,2021,Kia,2021-05-22,@ Samsung,RP,,0.0,0.0,1,14,0,0,0,0,0,0,0,,Away,대구 삼성 라이온즈 파크,17:00,20.9
정해영,2021,Kia,2021-05-19,vs. SSG,RP,,81.0,9.0,0 ⅓,14,3,3,1,1,0,2,0,,Home,광주 기아 챔피언스 필드,18:30,25.0
정해영,2021,Kia,2021-05-12,vs. LG,RP,SV,0.0,1.0,1,14,0,0,1,0,1,0,0,,Home,광주 기아 챔피언스 필드,18:30,26.5
정해영,2021,Kia,2021-05-09,vs. Doosan,RP,L,18.0,4.0,1,33,2,2,2,0,0,2,1,,Home,광주 기아 챔피언스 필드,14:00,23.6
정해영,2021,Kia,2021-05-05,@ Lotte,RP,SV,0.0,0.0,0 ⅔,5,0,0,0,0,0,0,0,,Away,사직 야구장,14:00,20.7
정해영,2021,Kia,2021-05-02,@ KT,RP,,0.0,2.0,1,26,0,0,1,0,0,1,0,,Away,수원 KT 위즈파크,14:00,17.3
정해영,2021,Kia,2021-04-29,vs. Hanwha,RP,,0.0,0.0,1,14,0,0,0,0,1,0,0,,Home,광주 기아 챔피언스 필드,18:30,20.6
정해영,2021,Kia,2021-04-27,vs. Hanwha,RP,SV,0.0,2.0,1,22,0,0,2,0,1,0,0,,Home,광주 기아 챔피언스 필드,18:30,19.2
정해영,2021,Kia,2021-04-25,vs. Samsung,RP,,0.0,6.0,0 ⅓,8,0,0,0,0,0,2,0,,Home,광주 기아 챔피언스 필드,14:00,25.7
정해영,2021,Kia,2021-04-22,@ LG,RP,W,0.0,3.0,2,45,0,0,1,0,1,5,0,,Away,잠실 야구장,18:30,23.7
정해영,2021,Kia,2021-04-20,@ LG,RP,SV,0.0,2.0,1,19,0,0,1,0,1,1,0,,Away,잠실 야구장,18:30,18.3
정해영,2021,Kia,2021-04-17,@ SSG,RP,L,6.75,1.5,1 ⅓,27,1,1,2,0,0,0,1,,Away,인천 SSG 랜더스필드,17:00,12.0
정해영,2021,Kia,2021-04-14,vs. Lotte,RP,W,0.0,0.86,2 ⅓,41,0,0,0,0,1,2,0,,Home,광주 기아 챔피언스 필드,18:30,13.8
정해영,2021,Kia,2021-04-13,vs. Lotte,RP,,0.0,0.0,0 ⅔,4,0,0,0,0,0,0,0,,Home,광주 기아 챔피언스 필드,18:30,7.8
정해영,2021,Kia,2021-04-07,@ Kiwoom,RP,SV,0.0,2.0,1,25,0,0,2,0,0,0,0,,Away,고척 스카이돔,18:30,25.5
정해영,2021,Kia,2021-04-06,@ Kiwoom,RP,W,0.0,0.0,2,32,0,0,0,0,2,0,0,,Away,고척 스카이돔,18:30,25.5
정해영,2021,Kia,2021-04-04,@ Doosan,RP,,0.0,0.0,0 ⅓,5,0,0,0,0,1,0,0,,Away,잠실 야구장,14:00,15.4
정해영,2020,Kia,2020-10-31,vs. NC,RP,W,0.0,0.0,0 ⅔,17,0,0,0,0,2,0,0,,Home,광주 기아 챔피언스 필드,17:00,18.1
정해영,2020,Kia,2020-10-28,vs. KT,RP,H,0.0,3.0,0 ⅓,7,0,0,1,0,0,0,0,,Home,광주 기아 챔피언스 필드,18:30,16.2
정해영,2020,Kia,2020-10-24,vs. Samsung,RP,,0.0,2.0,1,20,0,0,1,0,1,1,0,,Home,광주 기아 챔피언스 필드,17:00,12.9
정해영,2020,Kia,2020-10-23,vs. LG,RP,,0.0,1.2,1 ⅔,25,0,0,1,0,1,1,0,,Home,광주 기아 챔피언스 필드,18:30,11.5
정해영,2020,Kia,2020-10-17,@ LG,RP,,0.0,,0,16,0,0,1,0,0,1,0,,Away,잠실 야구장,17:00,17.7
정해영,2020,Kia,2020-10-15,@ NC,RP,,13.5,3.0,0 ⅔,24,1,1,2,0,0,0,0,,Away,창원 NC 파크,18:30,17.2
정해영,2020,Kia,2020-10-11,vs. SK,RP,,0.0,3.0,0 ⅓,4,0,0,1,0,0,0,0,,Home,광주 기아 챔피언스 필드,14:00,22.0
정해영,2020,Kia,2020-10-10,vs. SK,RP,L,13.5,4.5,0 ⅔,25,1,1,1,0,1,2,0,,Home,광주 기아 챔피언스 필드,17:00,22.1
정해영,2020,Kia,2020-10-08,vs. Hanwha,RP,,0.0,,0,10,2,2,0,0,0,2,0,,Home,광주 기아 챔피언스 필드,18:30,20.5
정해영,2020,Kia,2020-10-07,vs. Hanwha,RP,,0.0,0.0,0 ⅓,6,0,0,0,0,0,0,0,,Home,광주 기아 챔피언스 필드,18:30,20.8
정해영,2020,Kia,2020-10-06,vs. Hanwha,RP,,0.0,2.0,1,15,0,0,0,0,0,2,0,,Home,광주 기아 챔피언스 필드,18:30,17.8
정해영,2020,Kia,2020-10-01,@ Kiwoom,RP,H,0.0,3.0,0 ⅓,8,0,0,0,0,0,1,0,,Away,고척 스카이돔,18:30,25.5
정해영,2020,Kia,2020-09-29,@ Kiwoom,RP,H,9.0,2.0,1,11,1,1,2,0,0,0,0,,Away,고척 스카이돔,18:30,25.5
정해영,2020,Kia,2020-09-27,vs. Lotte,RP,,0.0,0.75,1 ⅓,17,0,0,1,0,0,0,0,,Home,광주 기아 챔피언스 필드,14:00,24.3
정해영,2020,Kia,2020-09-24,@ KT,RP,H,0.0,3.0,0 ⅓,6,0,0,0,0,0,1,0,,Away,수원 KT 위즈파크,18:30,23.4
정해영,2020,Kia,2020-09-22,vs. Kiwoom,RP,,0.0,1.0,1,12,0,0,1,0,0,0,0,,Home,광주 기아 챔피언스 필드,18:30,21.2
정해영,2020,Kia,2020-09-19,vs. Hanwha,RP,,0.0,2.0,1,14,0,0,2,0,1,0,0,,Home,광주 기아 챔피언스 필드,17:00,24.1
정해영,2020,Kia,2020-09-16,vs. SK,RP,L,13.5,6.0,0 ⅔,24,1,1,2,0,1,2,0,,Home,광주 기아 챔피언스 필드,18:30,26.8
정해영,2020,Kia,2020-09-13,@ NC,RP,H,9.0,2.0,1,18,1,1,2,0,1,0,1,,Away,창원 NC 파크,14:00,23.0
정해영,2020,Kia,2020-09-08,vs. LG,RP,H,0.0,3.0,0 ⅓,9,0,0,0,0,0,1,0,,Home,광주 기아 챔피언스 필드,18:30,27.9
정해영,2020,Kia,2020-09-06,@ Hanwha,RP,,0.0,2.0,1,18,0,0,2,0,2,0,0,,Away,대전 한화생명 볼파크,14:00,26.3
정해영,2020,Kia,2020-09-04,@ Lotte,RP,,13.5,1.5,0 ⅔,11,1,1,1,0,0,0,0,,Away,사직 야구장,18:30,26.7
정해영,2020,Kia,2020-09-03,@ Lotte,RP,H,9.0,2.0,1,15,1,1,2,0,1,0,0,,Away,사직 야구장,18:30,27.9
정해영,2020,Kia,2020-08-30,vs. KT,RP,SV,0.0,0.0,1,13,0,0,0,0,1,0,0,,Home,광주 기아 챔피언스 필드,17:00,32.5
정해영,2020,Kia,2020-08-28,@ SK,RP,,0.0,2.0,1,28,0,0,1,0,0,1,0,,Away,인천 SSG 랜더스필드,18:30,29.7
정해영,2020,Kia,2020-08-26,@ Doosan,RP,H,0.0,2.0,1,18,1,0,2,0,2,0,0,,Away,잠실 야구장,18:30,32.7
정해영,2020,Kia,2020-08-25,@ Doosan,RP,L,18.0,4.0,1,20,2,2,3,0,0,1,0,,Away,잠실 야구장,18:30,32.3
정해영,2020,Kia,2020-08-23,@ Kiwoom,RP,H,0.0,0.0,0 ⅓,3,0,0,0,0,0,0,0,,Away,고척 스카이돔,14:00,25.5
정해영,2020,Kia,2020-08-18,@ LG,RP,L,27.0,3.0,0 ⅓,7,1,1,1,1,0,0,0,,Away,잠실 야구장,18:30,31.1
정해영,2020,Kia,2020-08-16,vs. SK,RP,H,0.0,3.0,1,18,0,0,2,0,1,1,0,,Home,광주 기아 챔피언스 필드,17:00,33.6
정해영,2020,Kia,2020-08-14,vs. SK,RP,W,0.0,2.0,1,17,0,0,0,0,0,2,0,,Home,광주 기아 챔피언스 필드,18:30,33.0
정해영,2020,Kia,2020-08-11,@ LG,RP,,0.0,0.0,0 ⅓,6,0,0,0,0,1,0,0,,Away,잠실 야구장,18:30,28.5
정해영,2020,Kia,2020-08-08,vs. NC,RP,W,0.0,0.0,0 ⅔,10,0,0,0,0,1,0,1,,Home,광주 기아 챔피언스 필드,18:00,29.6
정해영,2020,Kia,2020-08-05,vs. LG,RP,,0.0,2.0,1,24,0,0,0,0,2,2,0,,Home,광주 기아 챔피언스 필드,18:30,31.6
정해영,2020,Kia,2020-08-04,vs. LG,RP,,0.0,1.0,1,14,0,0,1,0,2,0,0,,Home,광주 기아 챔피언스 필드,18:30,31.4
정해영,2020,Kia,2020-08-02,@ Lotte,RP,,0.0,0.0,1,13,0,0,0,0,1,0,0,,Away,사직 야구장,17:00,29.6
정해영,2020,Kia,2020-08-01,@ Lotte,RP,,0.0,1.0,1,17,0,0,0,0,2,1,0,,Away,사직 야구장,18:00,29.0
정해영,2020,Kia,2020-07-26,vs. Samsung,RP,H,0.0,1.5,0 ⅔,10,0,0,0,0,0,1,0,,Home,광주 기아 챔피언스 필드,17:00,28.0
정해영,2020,Kia,2020-07-25,vs. Samsung,RP,,0.0,1.0,1,18,0,0,1,0,1,0,0,,Home,광주 기아 챔피언스 필드,18:00,27.0
정해영,2020,Kia,2020-07-19,vs. Doosan,RP,,0.0,0.0,0 ⅔,5,0,0,0,0,1,0,0,,Home,광주 기아 챔피언스 필드,17:00,30.5
정해영,2020,Kia,2020-07-18,vs. Doosan,RP,,13.5,3.0,0 ⅔,12,1,1,2,0,0,0,0,,Home,광주 기아 챔피언스 필드,18:00,26.0
정해영,2020,Kia,2020-07-16,@ Samsung,RP,,0.0,,0,9,0,0,1,0,0,0,0,,Away,대구 삼성 라이온즈 파크,18:30,24.0
정해영,2020,Kia,2020-07-13,vs. Kiwoom,RP,,0.0,0.6,1 ⅔,19,0,0,1,0,0,0,0,,Home,광주 기아 챔피언스 필드,18:30,26.1
정해영,2020,Kia,2020-07-10,vs. Kiwoom,RP,W,0.0,0.5,2,20,0,0,1,0,1,0,0,,Home,광주 기아 챔피언스 필드,18:30,29.3
정해영,2020,Kia,2020-07-08,vs. KT,RP,,5.4,0.6,1 ⅔,27,1,1,1,1,3,0,0,,Home,광주 기아 챔피언스 필드,18:30,28.6
정해영,2020,Kia,2020-07-04,@ NC,RP,,0.0,1.0,1,10,0,0,1,0,1,0,0,,Away,창원 NC 파크,18:00,23.2
정해영,2020,Kia,2020-07-01,vs. Hanwha,RP,W,0.0,1.0,1,11,0,0,0,0,1,1,0,,Home,광주 기아 챔피언스 필드,18:30,24.8
김대유,2024,Kia,2024-09-25,vs. Lotte,RP,,0.0,2.0,1,19,0,0,2,0,1,0,0,,Home,광주 기아 챔피언스 필드,18:30,27.0
김대유,2024,Kia,2024-09-19,@ Doosan,RP,,0.0,0.0,1,5,0,0,0,0,1,0,0,,Away,잠실 야구장,18:30,32.6
김대유,2024,Kia,2024-09-17,@ SSG,RP,,0.0,0.0,0 ⅓,3,0,0,0,0,0,0,0,,Away,인천 SSG 랜더스필드,18:30,30.5
김대유,2024,Kia,2024-09-15,vs. Kiwoom,RP,,0.0,0.0,1,7,0,0,0,0,1,0,0,,Home,광주 기아 챔피언스 필드,14:00,33.5
김대유,2024,Kia,2024-09-06,vs. Kiwoom,RP,,0.0,2.0,1,19,0,0,2,0,2,0,0,,Home,광주 기아 챔피언스 필드,18:30,29.3
김대유,2024,Kia,2024-09-04,vs. Hanwha,RP,,0.0,3.0,0 ⅓,4,0,0,1,0,0,0,0,,Home,광주 기아 챔피언스 필드,18:30,29.5
김대유,2024,Kia,2024-08-31,@ Samsung,RP,,0.0,,0,13,2,2,1,1,0,1,0,,Away,대구 삼성 라이온즈 파크,18:00,29.1
김대유,2024,Kia,2024-08-29,vs. SSG,RP,,0.0,0.0,0 ⅓,7,0,0,0,0,1,0,0,,Home,광주 기아 챔피언스 필드,18:30,31.9
김대유,2024,Kia,2024-08-28,vs. SSG,RP,H,0.0,0.0,0 ⅓,2,0,0,0,0,0,0,0,,Home,광주 기아 챔피언스 필드,18:30,30.8
김대유,2024,Kia,2024-08-23,@ NC,RP,,81.0,9.0,0 ⅓,14,3,3,3,1,1,0,0,,Away,창원 NC 파크,18:30,32.7
김대유,2024,Kia,2024-08-17,@ LG,RP,,9.0,3.0,1,19,1,1,2,0,1,1,0,,Away,잠실 야구장,18:00,32.6
김대유,2024,Kia,2024-08-14,@ Kiwoom,RP,H,0.0,3.0,0 ⅓,10,0,0,0,0,1,1,0,,Away,고척 스카이돔,18:30,25.5
김대유,2024,Kia,2024-08-11,vs. Samsung,RP,,0.0,0.0,0 ⅔,7,0,0,0,0,0,0,0,,Home,광주 기아 챔피언스 필드,17:00,32.2
김대유,2024,Kia,2024-07-31,vs. Doosan,RP,,33.75,6.0,1 ⅓,35,5,5,6,0,1,2,0,,Home,광주 기아 챔피언스 필드,18:30,32.4
김대유,2024,Kia,2024-07-27,@ Kiwoom,RP,H,0.0,0.0,0 ⅓,5,0,0,0,0,1,0,0,,Away,고척 스카이돔,18:00,25.5
김대유,2024,Kia,2024-07-26,@ Kiwoom,RP,,0.0,3.0,0 ⅓,11,0,0,0,0,1,1,0,,Away,고척 스카이돔,18:30,25.5
김대유,2024,Kia,2024-07-21,@ Hanwha,RP,H,0.0,0.0,0 ⅓,4,0,0,0,0,0,0,0,,Away,대전 한화생명 볼파크,17:00,32.4
김대유,2024,Kia,2024-07-19,@ Hanwha,RP,H,0.0,0.0,0 ⅔,8,0,0,0,0,0,0,1,,Away,대전 한화생명 볼파크,18:30,29.0
김대유,2024,Kia,2024-07-17,vs. Samsung,RP,H,0.0,0.0,0 ⅓,6,0,0,0,0,1,0,0,,Home,광주 기아 챔피언스 필드,18:30,30.1
김대유,2024,Kia,2024-07-14,vs. SSG,RP,H,0.0,0.0,0 ⅔,7,0,0,0,0,1,0,0,,Home,광주 기아 챔피언스 필드,17:00,29.5
김대유,2024,Kia,2024-07-13,vs. SSG,RP,,0.0,1.5,1 ⅓,23,0,0,1,0,1,1,0,,Home,광주 기아 챔피언스 필드,18:00,29.3
김대유,2024,Kia,2024-07-10,@ LG,RP,,0.0,0.0,0 ⅓,8,0,0,0,0,1,0,0,,Away,잠실 야구장,18:30,30.8
김대유,2024,Kia,2024-07-09,@ LG,RP,,0.0,0.0,0 ⅔,8,0,0,0,0,0,0,0,,Away,잠실 야구장,18:30,27.4
김대유,2024,Kia,2024-07-04,@ Samsung,RP,,0.0,0.0,0 ⅓,5,0,0,0,0,0,0,0,,Away,대구 삼성 라이온즈 파크,18:30,30.1
김대유,2024,Kia,2024-06-28,vs. Kiwoom,RP,,4.5,1.5,2,34,1,1,3,0,3,0,1,,Home,광주 기아 챔피언스 필드,18:30,30.0
김대유,2024,Kia,2024-06-27,@ Lotte,RP,,13.5,3.0,0 ⅔,15,1,1,2,0,0,0,0,,Away,사직 야구장,18:30,23.7
김대유,2024,Kia,2024-06-25,@ Lotte,RP,,27.0,3.0,0 ⅔,14,2,2,2,0,0,0,0,,Away,사직 야구장,18:30,24.2
김대유,2024,Kia,2024-06-23,vs. Hanwha,RP,,0.0,0.0,0 ⅓,5,0,0,0,0,1,0,0,,Home,광주 기아 챔피언스 필드,17:00,30.2
김대유,2024,Kia,2024-06-20,vs. LG,RP,H,0.0,1.0,1,16,0,0,0,0,2,1,0,,Home,광주 기아 챔피언스 필드,18:30,26.0
김대유,2024,Kia,2024-06-04,vs. Lotte,RP,,0.0,0.0,1,13,0,0,0,0,0,0,0,,Home,광주 기아 챔피언스 필드,18:30,25.3
김대유,2024,Kia,2024-06-02,vs. KT,RP,,18.0,3.0,1,22,2,2,3,0,0,0,0,,Home,광주 기아 챔피언스 필드,17:00,22.9
김대유,2024,Kia,2024-05-31,vs. KT,RP,,0.0,1.5,1 ⅓,29,0,0,0,0,1,2,0,,Home,광주 기아 챔피언스 필드,18:30,24.8
김대유,2024,Kia,2024-05-25,vs. Doosan,RP,,0.0,,0,9,1,1,2,0,0,0,0,,Home,광주 기아 챔피언스 필드,17:00,25.8
김대유,2024,Kia,2024-04-02,@ KT,RP,,0.0,,0,5,2,2,2,0,0,0,0,,Away,수원 KT 위즈파크,18:30,19.8
김대유,2024,Kia,2024-03-31,@ Doosan,RP,,54.0,12.0,0 ⅓,22,2,2,2,1,0,2,0,,Away,잠실 야구장,14:00,16.1
김대유,2024,Kia,2024-03-30,@ Doosan,RP,,6.75,0.75,1 ⅓,19,1,1,1,1,1,0,0,,Away,잠실 야구장,17:00,14.0
김대유,2024,Kia,2024-03-27,vs. Lotte,RP,,0.0,0.0,1,13,0,0,0,0,2,0,0,,Home,광주 기아 챔피언스 필드,18:30,13.6
김대유,2023,Kia,2023-10-16,vs. NC,RP,,0.0,1.5,0 ⅔,5,0,0,1,0,0,0,0,,Home,광주 기아 챔피언스 필드,18:30,16.0
김대유,2023,Kia,2023-10-13,@ Doosan,RP,,0.0,1.0,1,14,0,0,0,0,0,1,0,,Away,잠실 야구장,18:30,19.6
김대유,2023,Kia,2023-10-12,vs. Lotte,RP,,0.0,,0,4,0,0,1,0,0,0,0,,Home,광주 기아 챔피언스 필드,18:30,20.4
김대유,2023,Kia,2023-10-10,vs. SSG,RP,,0.0,0.0,0 ⅓,5,0,0,0,0,0,0,0,,Home,광주 기아 챔피언스 필드,18:30,19.6
김대유,2023,Kia,2023-10-09,vs. Samsung,RP,,0.0,0.0,0 ⅔,7,0,0,0,0,1,0,0,,Home,광주 기아 챔피언스 필드,18:30,20.3
김대유,2023,Kia,2023-10-08,vs. Samsung,RP,,0.0,0.0,0 ⅓,2,0,0,0,0,0,0,0,,Home,광주 기아 챔피언스 필드,14:00,20.7
김대유,2023,Kia,2023-10-06,@ LG,RP,,0.0,1.0,1,12,0,0,1,0,0,0,0,,Away,잠실 야구장,18:30,18.8
김대유,2023,Kia,2023-10-04,@ KT,RP,,9.0,2.0,1,21,1,1,2,0,0,0,0,,Away,수원 KT 위즈파크,18:30,20.4
김대유,2023,Kia,2023-10-01,@ SSG,RP,,0.0,,0,6,1,1,0,0,0,1,0,,Away,인천 SSG 랜더스필드,14:00,22.2
김대유,2023,Kia,2023-09-29,@ Kiwoom,RP,,0.0,3.0,0 ⅓,7,0,0,1,0,0,0,0,,Away,고척 스카이돔,18:30,25.5
김대유,2023,Kia,2023-09-27,@ NC,RP,,0.0,1.0,1,20,0,0,1,0,3,0,0,,Away,창원 NC 파크,18:30,26.5
김대유,2023,Kia,2023-09-26,@ NC,RP,,0.0,0.0,0 ⅔,10,0,0,0,0,0,0,1,,Away,창원 NC 파크,18:30,25.7
김대유,2023,Kia,2023-09-23,vs. KT,RP,,0.0,1.5,0 ⅔,14,0,0,1,0,0,0,0,,Home,광주 기아 챔피언스 필드,17:00,24.6
김대유,2023,Kia,2023-09-19,vs. LG,RP,,0.0,6.0,0 ⅓,14,0,0,1,0,0,1,0,,Home,광주 기아 챔피언스 필드,18:30,28.0
김대유,2023,Kia,2023-09-17,vs. Doosan,RP,,0.0,0.0,0 ⅓,7,1,0,0,0,0,0,0,,Home,광주 기아 챔피언스 필드,14:00,30.1
김대유,2023,Kia,2023-09-15,vs. Doosan,RP,,0.0,3.0,0 ⅓,4,0,0,1,0,0,0,0,,Home,광주 기아 챔피언스 필드,18:30,29.5
김대유,2023,Kia,2023-09-10,vs. LG,RP,H,0.0,0.0,0 ⅓,10,0,0,0,0,0,0,0,,Home,광주 기아 챔피언스 필드,14:00,29.4
김대유,2023,Kia,2023-09-09,vs. LG,RP,,27.0,9.0,0 ⅓,17,1,1,3,0,0,0,0,,Home,광주 기아 챔피언스 필드,17:00,29.1
김대유,2023,Kia,2023-09-09,vs. LG,RP,H,0.0,0.0,0 ⅔,11,0,0,0,0,0,0,0,,Home,광주 기아 챔피언스 필드,17:00,29.1
김대유,2023,Kia,2023-09-07,@ Doosan,RP,,27.0,3.0,0 ⅓,6,1,1,1,0,0,0,0,,Away,잠실 야구장,18:30,28.8
김대유,2023,Kia,2023-09-03,@ SSG,RP,,0.0,0.0,0 ⅓,3,0,0,0,0,0,0,0,,Away,인천 SSG 랜더스필드,14:00,29.7
김대유,2023,Kia,2023-09-02,@ SSG,RP,,0.0,1.0,1,13,0,0,1,0,0,0,0,,Away,인천 SSG 랜더스필드,17:00,28.6
김대유,2023,Kia,2023-05-28,vs. LG,RP,,4.5,1.5,2,35,1,1,3,0,2,0,0,,Home,광주 기아 챔피언스 필드,14:00,24.6
김대유,2023,Kia,2023-05-25,@ Hanwha,RP,,0.0,0.0,1,11,0,0,0,0,1,0,1,,Away,대전 한화생명 볼파크,18:30,24.4
김대유,2023,Kia,2023-05-23,@ Hanwha,RP,,0.0,1.0,1,13,0,0,0,0,1,1,0,,Away,대전 한화생명 볼파크,18:30,24.2
김대유,2023,Kia,2023-05-13,@ Doosan,RP,,0.0,0.0,0 ⅔,13,0,0,0,0,2,0,0,,Away,잠실 야구장,17:00,20.9
김대유,2023,Kia,2023-05-11,vs. SSG,RP,,0.0,0.0,0 ⅓,2,0,0,0,0,0,0,0,,Home,광주 기아 챔피언스 필드,18:30,22.5
김대유,2023,Kia,2023-05-10,vs. SSG,RP,,0.0,0.0,0 ⅔,9,0,0,0,0,2,0,0,,Home,광주 기아 챔피언스 필드,18:30,24.0
김대유,2023,Kia,2023-05-02,vs. Lotte,RP,,0.0,1.0,1,18,0,0,1,0,1,0,0,,Home,광주 기아 챔피언스 필드,18:30,22.3
김대유,2023,Kia,2023-04-29,@ LG,RP,,0.0,,0,12,3,3,1,0,0,0,2,,Away,잠실 야구장,17:00,13.1
김대유,2023,Kia,2023-04-28,@ LG,RP,,0.0,1.5,0 ⅔,16,0,0,1,0,1,0,1,,Away,잠실 야구장,18:30,17.8
김대유,2023,Kia,2023-04-25,vs. NC,RP,,0.0,1.0,1,19,0,0,1,0,1,0,0,,Home,광주 기아 챔피언스 필드,18:30,10.7
김대유,2023,Kia,2023-04-23,vs. Samsung,RP,H,0.0,3.0,0 ⅓,11,0,0,1,0,0,0,0,,Home,광주 기아 챔피언스 필드,14:00,20.2
김대유,2023,Kia,2023-04-21,vs. Samsung,RP,,0.0,0.0,0 ⅔,9,0,0,0,0,0,0,0,,Home,광주 기아 챔피언스 필드,18:30,21.0
김대유,2023,Kia,2023-04-18,@ Lotte,RP,L,81.0,6.0,0 ⅓,18,3,3,0,0,0,2,1,,Away,사직 야구장,18:30,18.3
김대유,2023,Kia,2023-04-16,@ Kiwoom,RP,L,54.0,6.0,0 ⅓,8,2,2,2,1,0,0,0,,Away,고척 스카이돔,14:00,25.5
김대유,2023,Kia,2023-04-15,@ Kiwoom,RP,,0.0,0.0,1,12,0,0,0,0,3,0,0,,Away,고척 스카이돔,17:00,25.5
김대유,2023,Kia,2023-04-11,vs. Hanwha,RP,,0.0,,0,4,0,0,0,0,0,1,0,,Home,광주 기아 챔피언스 필드,18:30,16.9
김대유,2023,Kia,2023-04-08,vs. Doosan,RP,H,0.0,0.0,0 ⅓,4,0,0,0,0,1,0,0,,Home,광주 기아 챔피언스 필드,17:00,14.6
김대유,2023,Kia,2023-04-07,vs. Doosan,RP,,0.0,1.5,0 ⅔,10,0,0,0,0,0,1,0,,Home,광주 기아 챔피언스 필드,18:30,8.8
김대유,2023,Kia,2023-04-02,@ SSG,RP,,9.0,1.0,1,22,1,1,1,1,1,0,0,,Away,인천 SSG 랜더스필드,14:00,22.7
김대유,2022,LG,2022-10-11,vs. KT,RP,,0.0,6.0,0 ⅓,12,0,0,1,0,0,1,0,,Home,잠실 야구장,18:30,14.4
김대유,2022,LG,2022-10-07,@ NC,RP,H,0.0,0.0,1,14,0,0,0,0,1,0,0,,Away,창원 NC 파크,18:30,18.0
김대유,2022,LG,2022-10-05,@ Kia,RP,,0.0,0.0,1,13,0,0,0,0,1,0,0,,Away,광주 기아 챔피언스 필드,18:30,17.2
김대유,2022,LG,2022-10-01,vs. NC,RP,,0.0,3.0,0 ⅔,12,0,0,1,0,0,1,0,,Home,잠실 야구장,17:00,25.1
김대유,2022,LG,2022-09-30,vs. NC,RP,H,0.0,0.0,0 ⅓,5,0,0,0,0,0,0,0,,Home,잠실 야구장,18:30,24.3
김대유,2022,LG,2022-09-28,@ Hanwha,RP,,0.0,3.0,0 ⅔,13,0,0,2,0,0,0,0,,Away,대전 한화생명 볼파크,18:30,23.0
김대유,2022,LG,2022-09-27,@ Hanwha,RP,H,0.0,1.5,0 ⅔,15,0,0,0,0,1,1,1,,Away,대전 한화생명 볼파크,18:30,22.9
김대유,2022,LG,2022-09-25,@ SSG,RP,,0.0,0.75,1 ⅓,12,0,0,1,0,0,0,1,,Away,인천 SSG 랜더스필드,14:00,22.5
김대유,2022,LG,2022-09-23,vs. Lotte,RP,,0.0,,0,6,0,0,2,0,0,0,0,,Home,잠실 야구장,18:30,18.5
김대유,2022,LG,2022-09-20,@ Kia,RP,H,0.0,6.0,0 ⅓,12,0,0,1,0,1,1,0,,Away,광주 기아 챔피언스 필드,18:30,22.6
김대유,2022,LG,2022-09-17,vs. Hanwha,RP,H,0.0,0.0,0 ⅓,7,0,0,0,0,1,0,0,,Home,잠실 야구장,17:00,30.0
김대유,2022,LG,2022-09-13,@ Doosan,RP,,0.0,0.0,0 ⅔,7,0,0,0,0,0,0,0,,Away,잠실 야구장,18:30,26.9
김대유,2022,LG,2022-09-11,@ Samsung,RP,,0.0,1.0,1,9,0,0,1,0,0,0,0,,Away,대구 삼성 라이온즈 파크,14:00,28.7
김대유,2022,LG,2022-09-07,vs. SSG,RP,,0.0,0.0,0 ⅔,5,0,0,0,0,0,0,0,,Home,잠실 야구장,18:30,25.0
김대유,2022,LG,2022-09-06,vs. SSG,RP,,0.0,0.0,0 ⅔,8,0,0,0,0,0,0,0,,Home,잠실 야구장,18:30,25.2
김대유,2022,LG,2022-09-01,@ KT,RP,W,0.0,1.0,1,12,0,0,1,0,1,0,0,,Away,수원 KT 위즈파크,18:30,28.7
김대유,2022,LG,2022-08-31,vs. NC,RP,H,0.0,3.0,0 ⅓,9,0,0,1,0,1,0,0,,Home,잠실 야구장,18:30,26.0
김대유,2022,LG,2022-08-23,@ Hanwha,RP,,0.0,1.0,1,10,0,0,0,0,0,1,0,,Away,대전 한화생명 볼파크,18:30,26.9
김대유,2022,LG,2022-08-21,vs. Doosan,RP,,0.0,1.0,1,17,0,0,0,0,2,1,0,,Home,잠실 야구장,17:00,32.2
김대유,2022,LG,2022-08-20,vs. Doosan,RP,,0.0,0.0,1,16,0,0,0,0,0,0,0,,Home,잠실 야구장,18:00,32.0
김대유,2022,LG,2022-07-30,vs. KT,RP,,0.0,,0,7,2,2,2,0,0,0,0,,Home,잠실 야구장,18:00,33.0
김대유,2022,LG,2022-07-29,vs. KT,RP,,27.0,6.0,0 ⅓,9,2,1,2,0,0,0,0,,Home,잠실 야구장,18:30,33.5
김대유,2022,LG,2022-07-24,@ NC,RP,,0.0,1.5,0 ⅔,14,0,0,1,0,1,0,1,,Away,창원 NC 파크,17:00,30.3
김대유,2022,LG,2022-07-22,@ NC,RP,,0.0,,0,13,0,0,1,0,0,1,0,,Away,창원 NC 파크,18:30,26.7
김대유,2022,LG,2022-07-14,vs. Kia,RP,,0.0,0.0,1,11,0,0,0,0,1,0,0,,Home,잠실 야구장,18:30,29.8
김대유,2022,LG,2022-07-12,vs. Kia,RP,,0.0,0.0,1,10,0,0,0,0,1,0,0,,Home,잠실 야구장,18:30,30.5
김대유,2022,LG,2022-07-09,@ Doosan,RP,H,0.0,0.0,1,11,0,0,0,0,2,0,0,,Away,잠실 야구장,18:00,31.6
김대유,2022,LG,2022-07-06,@ Samsung,RP,,0.0,3.0,1,20,0,0,2,0,1,1,0,,Away,대구 삼성 라이온즈 파크,18:30,30.6
김대유,2022,LG,2022-06-28,vs. NC,RP,,0.0,1.0,1,14,0,0,1,0,2,0,0,,Home,잠실 야구장,18:30,29.2
김대유,2022,LG,2022-06-25,@ KT,RP,,0.0,0.0,1,13,0,0,0,0,3,0,0,,Away,수원 KT 위즈파크,17:00,29.5
김대유,2022,LG,2022-06-24,@ KT,RP,,0.0,0.0,0 ⅓,4,0,0,0,0,0,0,0,,Away,수원 KT 위즈파크,18:30,25.6
김대유,2022,LG,2022-06-21,vs. Hanwha,RP,,0.0,1.5,0 ⅔,12,1,0,1,0,0,0,0,,Home,잠실 야구장,18:30,30.9
김대유,2022,LG,2022-06-18,@ Kiwoom,RP,,0.0,0.0,1,11,0,0,0,0,2,0,0,,Away,고척 스카이돔,17:00,25.5
김대유,2022,LG,2022-06-17,@ Kiwoom,RP,,0.0,3.0,0 ⅓,10,0,0,1,0,1,0,0,,Away,고척 스카이돔,18:30,25.5
김대유,2022,LG,2022-06-12,vs. Doosan,RP,,0.0,0.0,0 ⅔,14,0,0,0,0,1,0,0,,Home,잠실 야구장,17:00,28.6
김대유,2022,LG,2022-05-28,vs. Samsung,RP,,0.0,,0,7,0,0,0,0,0,1,0,,Home,잠실 야구장,17:00,27.8
김대유,2022,LG,2022-05-25,vs. Kiwoom,RP,,9.0,3.0,1,28,1,1,2,1,1,1,0,,Home,잠실 야구장,18:30,22.5
김대유,2022,LG,2022-05-24,vs. Kiwoom,RP,,27.0,12.0,0 ⅓,15,1,1,3,0,0,1,0,,Home,잠실 야구장,18:30,27.2
김대유,2022,LG,2022-05-20,@ SSG,RP,,0.0,,0,9,0,0,1,0,0,1,0,,Away,인천 SSG 랜더스필드,18:30,20.3
김대유,2022,LG,2022-05-17,@ KT,RP,H,27.0,0.0,0 ⅓,10,1,1,0,0,0,0,1,,Away,수원 KT 위즈파크,18:30,23.5
김대유,2022,LG,2022-05-15,vs. Kia,RP,H,0.0,1.0,1,14,0,0,1,0,2,0,0,,Home,잠실 야구장,14:00,22.2
김대유,2022,LG,2022-05-11,vs. Hanwha,RP,H,0.0,0.0,0 ⅓,5,0,0,0,0,1,0,0,,Home,잠실 야구장,18:30,21.2
김대유,2022,LG,2022-05-10,vs. Hanwha,RP,,0.0,0.0,1,15,0,0,0,0,1,0,0,,Home,잠실 야구장,18:30,24.2
김대유,2022,LG,2022-05-07,@ NC,RP,W,0.0,0.0,0 ⅔,11,0,0,0,0,0,0,0,,Away,창원 NC 파크,17:00,25.4
김대유,2022,LG,2022-05-06,@ NC,RP,,9.0,1.0,1,16,1,1,1,1,1,0,0,,Away,창원 NC 파크,18:30,22.2
김대유,2022,LG,2022-05-04,vs. Doosan,RP,,0.0,0.0,1,14,0,0,0,0,0,0,0,,Home,잠실 야구장,18:30,22.3
김대유,2022,LG,2022-05-01,vs. Lotte,RP,,0.0,1.5,1 ⅓,21,0,0,1,0,1,1,0,,Home,잠실 야구장,14:00,18.5
김대유,2022,LG,2022-04-29,vs. Lotte,RP,,0.0,0.0,0 ⅔,11,0,0,0,0,1,0,0,,Home,잠실 야구장,18:30,15.0
김대유,2022,LG,2022-04-26,@ Samsung,RP,,27.0,9.0,0 ⅓,8,1,1,2,0,0,1,0,,Away,대구 삼성 라이온즈 파크,18:30,17.7
김대유,2022,LG,2022-04-23,@ Doosan,RP,,0.0,0.0,0 ⅔,5,0,0,0,0,0,0,1,,Away,잠실 야구장,17:00,24.7
김대유,2022,LG,2022-04-22,@ Doosan,RP,,0.0,,0,10,0,0,0,0,0,1,0,,Away,잠실 야구장,18:30,14.9
김대유,2022,LG,2022-04-20,vs. KT,RP,,0.0,0.0,0 ⅓,8,0,0,0,0,0,0,1,,Home,잠실 야구장,18:30,20.2
김대유,2022,LG,2022-04-17,@ Hanwha,RP,H,0.0,0.0,0 ⅔,6,0,0,0,0,0,0,0,,Away,대전 한화생명 볼파크,14:00,20.8
김대유,2022,LG,2022-04-16,@ Hanwha,RP,,0.0,1.0,1,23,0,0,1,0,1,0,0,,Away,대전 한화생명 볼파크,17:00,20.2
김대유,2022,LG,2022-04-13,vs. SSG,RP,L,27.0,0.0,0 ⅓,10,1,1,0,0,0,0,1,,Home,잠실 야구장,18:30,12.3
김대유,2022,LG,2022-04-12,vs. SSG,RP,,0.0,0.0,1,15,0,0,0,0,1,0,0,,Home,잠실 야구장,18:30,17.9
김대유,2022,LG,2022-04-05,@ Kiwoom,RP,H,0.0,0.0,1,20,0,0,0,0,1,0,0,,Away,고척 스카이돔,18:30,25.5
김대유,2022,LG,2022-04-03,@ Kia,RP,H,0.0,0.0,1 ⅓,16,0,0,0,0,1,0,0,,Away,광주 기아 챔피언스 필드,14:00,16.9
김대유,2022,LG,2022-04-02,@ Kia,RP,,0.0,3.0,0 ⅓,10,0,0,1,0,0,0,1,,Away,광주 기아 챔피언스 필드,14:00,16.2
김대유,2021,LG,2021-10-28,@ Hanwha,RP,,0.0,0.0,1,14,0,0,0,0,1,0,0,,Away,대전 한화생명 볼파크,18:30,15.1
김대유,2021,LG,2021-10-26,@ Hanwha,RP,H,0.0,0.0,1,11,0,0,0,0,1,0,0,,Away,대전 한화생명 볼파크,18:30,15.5
김대유,2021,LG,2021-10-24,@ Doosan,RP,H,0.0,0.75,1 ⅓,18,0,0,0,0,0,1,0,,Away,잠실 야구장,14:00,16.7
김대유,2021,LG,2021-10-23,@ Doosan,RP,,0.0,0.75,1 ⅓,27,0,0,1,0,1,0,0,,Away,잠실 야구장,17:00,16.0
김대유,2021,LG,2021-10-21,vs. Kiwoom,RP,,0.0,3.0,0 ⅓,10,0,0,1,0,1,0,1,,Home,잠실 야구장,18:30,12.3
김대유,2021,LG,2021-10-19,vs. Kiwoom,RP,,0.0,1.5,0 ⅔,14,0,0,1,0,0,0,0,,Home,잠실 야구장,18:30,11.3
김대유,2021,LG,2021-10-17,@ NC,RP,H,0.0,0.0,0 ⅔,18,0,0,0,0,2,0,0,,Away,창원 NC 파크,14:00,13.2
김대유,2021,LG,2021-10-16,@ NC,RP,,0.0,0.0,1,18,0,0,0,0,2,0,0,,Away,창원 NC 파크,17:00,15.4
김대유,2021,LG,2021-10-12,@ SSG,RP,H,0.0,0.0,0 ⅓,3,0,0,0,0,0,0,0,,Away,인천 SSG 랜더스필드,18:30,18.9
김대유,2021,LG,2021-10-11,vs. KT,RP,,27.0,9.0,0 ⅓,20,1,1,1,0,1,2,0,,Home,잠실 야구장,18:30,16.7
김대유,2021,LG,2021-10-09,vs. KT,RP,H,0.0,0.0,0 ⅓,6,0,0,0,0,1,0,0,,Home,잠실 야구장,17:00,24.0
김대유,2021,LG,2021-10-08,@ Kia,RP,,0.0,0.0,1 ⅓,18,0,0,0,0,1,0,0,,Away,광주 기아 챔피언스 필드,18:30,23.2
김대유,2021,LG,2021-10-06,vs. SSG,RP,H,0.0,0.0,1,10,0,0,0,0,1,0,1,,Home,잠실 야구장,18:30,19.2
김대유,2021,LG,2021-10-03,@ Kiwoom,RP,H,0.0,0.0,1 ⅓,13,0,0,0,0,2,0,0,,Away,고척 스카이돔,14:00,25.5
김대유,2021,LG,2021-09-30,vs. Doosan,RP,,0.0,0.0,1,13,0,0,0,0,1,0,0,,Home,잠실 야구장,18:30,25.4
김대유,2021,LG,2021-09-28,vs. Lotte,RP,,0.0,,0,3,0,0,1,0,0,0,0,,Home,잠실 야구장,18:30,24.0
김대유,2021,LG,2021-09-26,@ KT,RP,,0.0,0.75,1 ⅓,14,0,0,1,0,1,0,0,,Away,수원 KT 위즈파크,14:00,26.2
김대유,2021,LG,2021-09-24,vs. Samsung,RP,,0.0,0.0,0 ⅔,11,0,0,0,0,1,0,0,,Home,잠실 야구장,18:30,25.5
김대유,2021,LG,2021-09-18,vs. Kia,RP,,27.0,3.0,1,24,3,3,3,1,2,0,0,,Home,잠실 야구장,17:00,27.2
김대유,2021,LG,2021-09-16,@ NC,RP,,0.0,0.0,1,13,0,0,0,0,1,0,0,,Away,창원 NC 파크,18:30,24.5
김대유,2021,LG,2021-09-14,@ Samsung,RP,,27.0,3.0,0 ⅓,3,1,1,1,0,0,0,0,,Away,대구 삼성 라이온즈 파크,18:30,24.4
김대유,2021,LG,2021-09-12,@ Doosan,RP,,27.0,6.0,0 ⅓,10,1,1,2,0,0,0,0,,Away,잠실 야구장,14:00,28.6
김대유,2021,LG,2021-09-11,@ Doosan,RP,,0.0,1.0,1,9,0,0,0,0,0,1,1,,Away,잠실 야구장,17:00,27.9
김대유,2021,LG,2021-09-08,@ SSG,RP,,0.0,6.0,0 ⅓,13,0,0,1,0,0,1,0,,Away,인천 SSG 랜더스필드,18:30,25.2
김대유,2021,LG,2021-09-02,vs. NC,RP,,0.0,0.0,0 ⅓,8,0,0,0,0,0,0,0,,Home,잠실 야구장,18:30,26.3
김대유,2021,LG,2021-08-28,vs. Kiwoom,RP,H,0.0,0.0,1,11,0,0,0,0,0,0,1,,Home,잠실 야구장,18:00,27.3
김대유,2021,LG,2021-08-26,vs. Samsung,RP,,0.0,1.5,0 ⅔,9,0,0,1,0,1,0,0,,Home,잠실 야구장,18:30,29.5
김대유,2021,LG,2021-08-18,@ KT,RP,,0.0,0.0,1,14,0,0,0,0,1,0,0,,Away,수원 KT 위즈파크,18:30,27.1
김대유,2021,LG,2021-08-14,vs. Lotte,RP,,0.0,,0,1,0,0,1,0,0,0,0,,Home,잠실 야구장,18:00,28.6
김대유,2021,LG,2021-08-11,vs. SSG,RP,,0.0,3.0,0 ⅔,18,0,0,0,0,1,2,0,,Home,잠실 야구장,18:30,30.7
김대유,2021,LG,2021-07-05,vs. Hanwha,RP,,0.0,0.0,0 ⅓,7,0,0,0,0,1,0,0,,Home,잠실 야구장,18:30,27.2
김대유,2021,LG,2021-07-02,vs. Hanwha,RP,,13.5,3.0,0 ⅔,14,1,1,2,0,1,0,1,,Home,잠실 야구장,18:30,30.3
김대유,2021,LG,2021-06-27,@ Samsung,RP,W,0.0,1.0,1,21,0,0,1,0,1,0,0,,Away,대구 삼성 라이온즈 파크,17:00,27.1
김대유,2021,LG,2021-06-26,@ Samsung,RP,,0.0,0.0,1 ⅓,15,0,0,0,0,1,0,0,,Away,대구 삼성 라이온즈 파크,17:00,26.6
김대유,2021,LG,2021-06-24,@ SSG,RP,H,0.0,6.0,0 ⅓,12,0,0,1,0,0,1,0,,Away,인천 SSG 랜더스필드,18:30,24.0
김대유,2021,LG,2021-06-20,vs. Kia,RP,,0.0,1.0,1,15,0,0,1,0,2,0,0,,Home,잠실 야구장,17:00,27.0
김대유,2021,LG,2021-06-16,@ Kiwoom,RP,,0.0,3.0,0 ⅔,13,0,0,1,0,0,1,0,,Away,고척 스카이돔,18:30,25.5
김대유,2021,LG,2021-06-15,@ Kiwoom,RP,W,0.0,0.0,1,7,0,0,0,0,1,0,0,,Away,고척 스카이돔,18:30,25.5
김대유,2021,LG,2021-06-13,vs. Doosan,RP,H,0.0,1.5,0 ⅔,11,0,0,1,0,1,0,0,,Home,잠실 야구장,17:00,29.2
김대유,2021,LG,2021-06-11,vs. Doosan,RP,,0.0,0.0,0 ⅔,14,0,0,0,0,0,0,1,,Home,잠실 야구장,18:30,25.6
김대유,2021,LG,2021-06-09,vs. NC,RP,H,0.0,3.0,0 ⅓,11,0,0,0,0,0,1,0,,Home,잠실 야구장,18:30,29.6
김대유,2021,LG,2021-06-04,@ Kia,RP,,0.0,2.0,1,21,0,0,2,0,2,0,1,,Away,광주 기아 챔피언스 필드,18:30,21.7
김대유,2021,LG,2021-06-02,vs. KT,RP,W,0.0,0.75,1 ⅓,12,0,0,1,0,1,0,0,,Home,잠실 야구장,18:30,27.3
김대유,2021,LG,2021-05-28,vs. Kiwoom,RP,H,0.0,0.0,0 ⅓,5,0,0,0,0,1,0,0,,Home,잠실 야구장,18:30,18.2
김대유,2021,LG,2021-05-27,@ Lotte,RP,,0.0,0.0,1,14,0,0,0,0,0,0,0,,Away,사직 야구장,18:30,20.2
김대유,2021,LG,2021-05-23,@ SSG,RP,,13.5,3.0,0 ⅔,23,1,1,2,0,2,0,0,,Away,인천 SSG 랜더스필드,14:00,21.4
김대유,2021,LG,2021-05-18,vs. NC,RP,H,0.0,6.0,0 ⅓,17,0,0,0,0,0,2,0,,Home,잠실 야구장,18:30,22.6
김대유,2021,LG,2021-05-17,vs. Samsung,RP,H,0.0,0.0,0 ⅓,7,0,0,0,0,0,0,0,,Home,잠실 야구장,18:30,16.5
김대유,2021,LG,2021-05-14,vs. Samsung,RP,W,0.0,0.0,1 ⅓,18,0,0,0,0,3,0,0,,Home,잠실 야구장,18:30,29.4
김대유,2021,LG,2021-05-13,@ Kia,RP,H,18.0,2.0,1,28,2,2,1,1,2,1,0,,Away,광주 기아 챔피언스 필드,18:30,26.9
김대유,2021,LG,2021-05-09,vs. Hanwha,RP,,0.0,0.75,1 ⅓,16,0,0,1,0,2,0,0,,Home,잠실 야구장,14:00,20.9
김대유,2021,LG,2021-05-05,@ Doosan,RP,H,0.0,3.0,0 ⅓,8,0,0,1,0,1,0,0,,Away,잠실 야구장,14:00,17.9
김대유,2021,LG,2021-05-02,@ Samsung,RP,L,18.0,2.0,1,21,2,2,1,0,2,1,0,,Away,대구 삼성 라이온즈 파크,14:00,14.1
김대유,2021,LG,2021-04-29,vs. Lotte,RP,,0.0,0.0,0 ⅔,5,0,0,0,0,0,0,0,,Home,잠실 야구장,18:30,18.7
김대유,2021,LG,2021-04-27,vs. Lotte,RP,H,0.0,0.0,0 ⅔,11,0,0,0,0,2,0,0,,Home,잠실 야구장,18:30,16.5
김대유,2021,LG,2021-04-25,@ Hanwha,RP,,0.0,0.0,1 ⅔,15,0,0,0,0,2,0,0,,Away,대전 한화생명 볼파크,14:00,23.7
김대유,2021,LG,2021-04-23,@ Hanwha,RP,H,0.0,0.0,1,15,0,0,0,0,2,0,0,,Away,대전 한화생명 볼파크,18:30,19.6
김대유,2021,LG,2021-04-21,vs. Kia,RP,H,0.0,0.0,1,15,0,0,0,0,0,0,1,,Home,잠실 야구장,18:30,26.1
김대유,2021,LG,2021-04-20,vs. Kia,RP,,0.0,1.0,1,27,1,0,0,0,2,1,0,,Home,잠실 야구장,18:30,18.3
김대유,2021,LG,2021-04-16,vs. Doosan,RP,H,0.0,0.0,0 ⅔,12,0,0,0,0,0,0,1,,Home,잠실 야구장,18:30,13.8
김대유,2021,LG,2021-04-15,@ Kiwoom,RP,H,0.0,0.0,1,13,0,0,0,0,1,0,0,,Away,고척 스카이돔,18:30,25.5
김대유,2021,LG,2021-04-09,vs. SSG,RP,H,0.0,0.0,1,12,0,0,0,0,0,0,0,,Home,잠실 야구장,18:30,18.0
김대유,2021,LG,2021-04-07,@ KT,RP,H,0.0,1.5,0 ⅔,6,0,0,1,0,0,0,0,,Away,수원 KT 위즈파크,18:30,16.7
김대유,2021,LG,2021-04-06,@ KT,RP,H,0.0,0.0,0 ⅔,5,0,0,0,0,0,0,0,,Away,수원 KT 위즈파크,18:30,15.1
김대유,2020,LG,2020-06-19,vs. Doosan,RP,,0.0,,0,14,5,5,3,0,0,1,1,,Home,잠실 야구장,18:30,28.7
김대유,2020,LG,2020-05-07,vs. Doosan,RP,,9.0,2.0,1,20,1,1,2,0,0,0,0,,Home,잠실 야구장,18:30,23.6
김대유,2020,LG,2020-05-06,vs. Doosan,RP,,0.0,0.0,1 ⅓,21,0,0,0,0,1,0,0,,Home,잠실 야구장,18:30,25.9
김도현,2024,Kia,2024-09-24,vs. Samsung,SP,W,0.0,0.71,7,89,0,0,3,0,7,2,0,76.0,Home,광주 기아 챔피언스 필드,18:30,25.9
김도현,2024,Kia,2024-09-17,@ SSG,SP,L,1.8,1.6,5,75,1,1,7,0,2,1,0,50.0,Away,인천 SSG 랜더스필드,18:30,30.5
김도현,2024,Kia,2024-09-04,vs. Hanwha,SP,,5.4,1.4,5,83,3,3,6,0,3,1,1,44.0,Home,광주 기아 챔피언스 필드,18:30,29.5
김도현,2024,Kia,2024-08-28,vs. SSG,SP,,6.23,1.85,4 ⅓,84,3,3,6,2,2,2,0,39.0,Home,광주 기아 챔피언스 필드,18:30,30.8
김도현,2024,Kia,2024-08-22,vs. Lotte,SP,,9.0,2.0,4,86,4,4,6,1,2,2,0,34.0,Home,광주 기아 챔피언스 필드,18:30,30.9
김도현,2024,Kia,2024-08-16,@ LG,SP,,2.08,1.15,4 ⅓,81,1,1,3,0,5,2,1,55.0,Away,잠실 야구장,18:30,33.0
김도현,2024,Kia,2024-08-11,vs. Samsung,RP,,0.0,0.38,2 ⅔,36,0,0,1,0,2,0,0,,Home,광주 기아 챔피언스 필드,17:00,32.2
김도현,2024,Kia,2024-08-06,vs. KT,SP,W,0.0,1.6,5,89,0,0,6,0,3,2,1,55.0,Home,광주 기아 챔피언스 필드,18:30,32.6
김도현,2024,Kia,2024-07-31,vs. Doosan,SP,L,23.14,3.86,2 ⅓,63,6,6,8,1,2,1,0,18.0,Home,광주 기아 챔피언스 필드,18:30,32.4
김도현,2024,Kia,2024-07-25,vs. NC,SP,L,27.0,6.0,1 ⅓,73,6,4,3,0,3,5,1,25.0,Home,광주 기아 챔피언스 필드,18:30,31.7
김도현,2024,Kia,2024-07-19,@ Hanwha,SP,W,0.0,0.4,5,68,1,0,2,0,4,0,0,65.0,Away,대전 한화생명 볼파크,18:30,29.0
김도현,2024,Kia,2024-07-14,vs. SSG,RP,,0.0,0.0,1,11,0,0,0,0,1,0,0,,Home,광주 기아 챔피언스 필드,17:00,29.5
김도현,2024,Kia,2024-07-12,vs. SSG,RP,,3.0,0.67,3,35,1,1,1,0,0,1,0,,Home,광주 기아 챔피언스 필드,18:30,30.6
김도현,2024,Kia,2024-06-27,@ Lotte,RP,,27.0,3.6,1 ⅔,41,5,5,5,0,1,1,0,,Away,사직 야구장,18:30,23.7
김도현,2024,Kia,2024-06-25,@ Lotte,RP,,40.5,4.5,0 ⅔,23,3,3,3,1,1,0,0,,Away,사직 야구장,18:30,24.2
김도현,2024,Kia,2024-06-23,vs. Hanwha,RP,H,0.0,1.0,1,16,0,0,1,0,2,0,0,,Home,광주 기아 챔피언스 필드,17:00,30.2
김도현,2024,Kia,2024-06-21,vs. Hanwha,RP,,0.0,1.8,1 ⅔,27,0,0,3,0,3,0,0,,Home,광주 기아 챔피언스 필드,18:30,29.8
김도현,2024,Kia,2024-06-18,vs. LG,RP,,27.0,9.0,0 ⅓,26,1,1,1,0,1,2,0,,Home,광주 기아 챔피언스 필드,18:30,28.5
김도현,2024,Kia,2024-06-14,@ KT,RP,,0.0,0.5,2,25,0,0,0,0,2,1,0,,Away,수원 KT 위즈파크,18:30,25.8
김도현,2024,Kia,2024-06-13,@ SSG,RP,,6.75,0.75,1 ⅓,15,1,1,1,1,0,0,0,,Away,인천 SSG 랜더스필드,18:30,26.5
김도현,2024,Kia,2024-06-11,@ SSG,RP,L,0.0,6.0,0 ⅓,5,1,0,2,0,0,0,0,,Away,인천 SSG 랜더스필드,18:30,24.6
김도현,2024,Kia,2024-06-09,@ Doosan,RP,,0.0,0.0,1,8,0,0,0,0,2,0,0,,Away,잠실 야구장,17:00,27.2
김도현,2024,Kia,2024-06-07,@ Doosan,RP,L,0.0,,0,9,1,1,3,0,0,0,0,,Away,잠실 야구장,18:30,26.4
김도현,2024,Kia,2024-06-05,vs. Lotte,RP,,9.0,1.0,1,16,1,1,1,0,0,0,1,,Home,광주 기아 챔피언스 필드,18:30,25.6
김도현,2024,Kia,2024-05-31,vs. KT,RP,,7.71,1.29,2 ⅓,35,2,2,3,2,2,0,0,,Home,광주 기아 챔피언스 필드,18:30,24.8
김도현,2024,Kia,2024-05-28,@ NC,RP,,5.4,1.2,1 ⅔,26,1,1,2,0,1,0,2,,Away,창원 NC 파크,18:30,22.1
김도현,2024,Kia,2024-05-24,vs. Doosan,RP,,0.0,2.0,2,31,0,0,3,0,0,1,0,,Home,광주 기아 챔피언스 필드,18:30,26.7
김도현,2024,Kia,2024-05-22,@ Lotte,RP,,0.0,1.0,2,37,0,0,1,0,1,1,1,,Away,사직 야구장,18:30,19.8
김도현,2024,Kia,2024-05-17,@ NC,RP,W,4.5,2.0,2,41,1,1,2,0,2,2,0,,Away,창원 NC 파크,18:30,20.9
김도현,2024,Kia,2024-05-16,vs. Doosan,RP,H,0.0,0.0,1,7,0,0,0,0,1,0,0,,Home,광주 기아 챔피언스 필드,18:30,18.9
김도현,2024,Kia,2024-05-12,vs. SSG,RP,L,0.0,,0,5,2,2,1,1,0,0,1,,Home,광주 기아 챔피언스 필드,14:00,22.6
김도현,2024,Kia,2024-05-12,vs. SSG,RP,H,0.0,6.0,0 ⅓,16,0,0,0,0,1,2,0,,Home,광주 기아 챔피언스 필드,14:00,22.6
김도현,2024,Kia,2024-05-10,vs. SSG,RP,,0.0,1.5,0 ⅔,8,0,0,1,0,1,0,0,,Home,광주 기아 챔피언스 필드,18:30,22.0
김도현,2024,Kia,2024-05-09,@ Samsung,RP,,0.0,1.0,1,11,0,0,0,0,0,1,0,,Away,대구 삼성 라이온즈 파크,18:30,18.9
김도현,2024,Kia,2024-05-03,vs. Hanwha,RP,,0.0,3.0,1,29,0,0,2,0,2,1,0,,Home,광주 기아 챔피언스 필드,18:30,24.0
김도현,2022,Kia,2022-07-29,vs. SSG,RP,,0.0,1.5,2,26,0,0,3,0,3,0,0,,Home,광주 기아 챔피언스 필드,18:30,33.9
김도현,2022,Kia,2022-07-06,vs. KT,RP,,0.0,1.33,3,41,0,0,3,0,3,1,0,,Home,광주 기아 챔피언스 필드,18:30,33.1
김도현,2022,Kia,2022-07-01,@ SSG,SP,,9.0,2.0,3,69,3,3,4,2,4,2,0,41.0,Away,인천 SSG 랜더스필드,18:30,28.8
김도현,2022,Kia,2022-06-04,@ KT,SP,L,13.5,2.25,2 ⅔,55,4,4,4,0,1,2,0,33.0,Away,수원 KT 위즈파크,17:00,27.0
김도현,2022,Kia,2022-04-06,@ Kia,RP,,0.0,,0,18,2,2,3,0,0,0,1,,Away,광주 기아 챔피언스 필드,18:30,18.1
김도현,2021,Hanwha,2021-10-16,@ KT,RP,,36.0,4.0,1,33,4,4,3,0,1,1,1,,Away,수원 KT 위즈파크,17:00,6.6
김도현,2021,Hanwha,2021-10-10,vs. Kia,SP,,0.0,2.0,2,38,0,0,2,0,1,2,0,51.0,Home,대전 한화생명 볼파크,14:00,28.2
김도현,2021,Hanwha,2021-10-08,vs. SSG,RP,,0.0,0.0,1 ⅓,12,0,0,0,0,1,0,0,,Home,대전 한화생명 볼파크,18:30,21.2
김도현,2021,Hanwha,2021-09-01,vs. KT,RP,,18.0,4.0,1,33,2,2,1,0,1,3,0,,Home,대전 한화생명 볼파크,18:30,26.4
김도현,2021,Hanwha,2021-08-24,@ Doosan,SP,L,15.43,3.43,2 ⅓,47,4,4,7,1,0,1,0,26.0,Away,잠실 야구장,18:30,27.6
김도현,2021,Hanwha,2021-08-18,vs. Samsung,RP,,0.0,1.0,2,40,0,0,0,0,1,2,0,,Home,대전 한화생명 볼파크,18:30,27.8
김도현,2021,Hanwha,2021-08-13,vs. NC,RP,,6.75,1.5,1 ⅓,17,1,1,2,0,0,0,1,,Home,대전 한화생명 볼파크,18:30,29.4
김도현,2021,Hanwha,2021-08-10,@ Kia,RP,,0.0,2.0,1,23,0,0,1,0,0,1,0,,Away,광주 기아 챔피언스 필드,18:30,30.2
김도현,2021,Hanwha,2021-07-09,@ SSG,RP,,0.0,1.5,1 ⅓,16,0,0,1,0,0,1,0,,Away,인천 SSG 랜더스필드,18:30,26.1
김도현,2021,Hanwha,2021-04-30,@ Lotte,SP,,33.75,4.5,1 ⅓,41,5,5,4,0,0,2,0,24.0,Away,사직 야구장,18:30,18.3
김도현,2021,Hanwha,2021-04-24,vs. LG,SP,,16.88,4.5,2 ⅔,77,5,5,7,0,2,5,0,21.0,Home,대전 한화생명 볼파크,17:00,22.9
김도현,2021,Hanwha,2021-04-18,@ NC,RP,,9.0,1.0,1,15,1,1,1,1,0,0,0,,Away,창원 NC 파크,14:00,16.7
김도현,2021,Hanwha,2021-04-13,@ Samsung,RP,,0.0,0.6,5,68,0,0,1,0,4,2,1,,Away,대구 삼성 라이온즈 파크,18:30,19.0
김도현,2021,Hanwha,2021-04-07,@ SSG,SP,,0.0,1.5,2 ⅔,66,0,0,2,0,2,2,1,53.0,Away,인천 SSG 랜더스필드,18:30,15.3
김도현,2020,Hanwha,2020-10-28,@ LG,SP,,15.0,2.33,3,59,5,5,6,0,3,1,0,29.0,Away,잠실 야구장,18:30,14.4
김도현,2020,Hanwha,2020-10-18,vs. Samsung,SP,L,6.35,1.24,5 ⅔,100,4,4,4,0,3,3,0,45.0,Home,대전 한화생명 볼파크,14:00,19.6
김도현,2020,Hanwha,2020-10-13,@ Doosan,SP,L,13.5,2.7,3 ⅓,81,5,5,8,0,0,1,0,23.0,Away,잠실 야구장,18:30,16.7
김도현,2020,Hanwha,2020-10-07,@ Kia,SP,W,0.0,0.83,6,84,0,0,3,0,4,2,1,67.0,Away,광주 기아 챔피언스 필드,18:30,20.8
김도현,2020,Hanwha,2020-10-01,vs. Doosan,SP,,6.23,1.38,4 ⅓,67,3,3,5,1,2,1,0,42.0,Home,대전 한화생명 볼파크,18:30,22.9
김도현,2020,Hanwha,2020-09-25,vs. Lotte,SP,,16.88,3.38,2 ⅔,75,5,5,6,2,3,3,1,25.0,Home,대전 한화생명 볼파크,18:30,23.6
김도현,2020,Hanwha,2020-09-18,@ Kiwoom,SP,,0.0,1.62,4 ⅓,79,0,0,4,0,3,3,0,55.0,Away,고척 스카이돔,18:30,25.5
김도현,2020,Hanwha,2020-09-12,@ KT,SP,L,6.23,2.08,4 ⅓,98,3,3,5,0,0,4,1,36.0,Away,수원 KT 위즈파크,17:00,24.5
김도현,2020,Hanwha,2020-09-09,@ Samsung,RP,,0.0,0.0,1,15,0,0,0,0,1,0,0,,Away,대구 삼성 라이온즈 파크,18:30,26.0
김도현,2020,Hanwha,2020-08-29,@ Lotte,SP,L,23.14,4.29,2 ⅓,56,6,6,6,2,1,4,0,18.0,Away,사직 야구장,18:00,30.9
김도현,2020,Hanwha,2020-08-24,@ LG,SP,,0.0,1.0,4,84,1,0,1,0,5,3,0,60.0,Away,잠실 야구장,18:30,30.8
김도현,2020,Hanwha,2020-06-07,vs. NC,SP,L,13.5,3.38,2 ⅔,79,4,4,4,0,1,5,0,30.0,Home,대전 한화생명 볼파크,17:00,29.3
김도현,2020,Hanwha,2020-06-02,vs. Kiwoom,SP,L,21.0,3.0,3,78,7,7,3,2,3,6,0,22.0,Home,대전 한화생명 볼파크,18:30,22.5
김도현,2020,Hanwha,2020-05-26,vs. LG,RP,L,4.91,1.36,3 ⅔,64,2,2,5,2,4,0,0,,Home,대전 한화생명 볼파크,18:30,22.8
김도현,2020,Hanwha,2020-05-21,@ KT,SP,,8.1,2.7,3 ⅓,84,3,3,6,0,3,3,0,36.0,Away,수원 KT 위즈파크,18:30,21.7
김도현,2020,Hanwha,2020-05-15,vs. Lotte,SP,W,1.5,1.33,6,101,1,1,7,0,2,1,0,55.0,Home,대전 한화생명 볼파크,18:30,15.8
김도현,2020,Hanwha,2020-05-09,@ Kiwoom,SP,,1.8,1.2,5,91,1,1,2,0,3,4,1,57.0,Away,고척 스카이돔,17:00,25.5
김현수,2024,Kia,2024-07-31,vs. Doosan,RP,,94.5,10.5,0 ⅔,34,7,7,4,0,0,3,0,,Home,광주 기아 챔피언스 필드,18:30,32.4
김현수,2024,Kia,2024-05-12,vs. SSG,RP,,0.0,1.5,0 ⅔,9,0,0,1,0,1,0,0,,Home,광주 기아 챔피언스 필드,14:00,22.6
김현수,2024,Kia,2024-04-21,vs. NC,RP,,10.8,1.2,1 ⅔,30,2,2,1,0,1,1,1,,Home,광주 기아 챔피언스 필드,14:00,16.4
김현수,2024,Kia,2024-04-20,vs. NC,RP,,9.0,2.0,1,20,1,1,1,0,2,1,0,,Home,광주 기아 챔피언스 필드,17:00,17.9
김현수,2024,Kia,2024-04-18,@ SSG,RP,,0.0,0.0,1,12,0,0,0,0,0,0,0,,Away,인천 SSG 랜더스필드,18:30,17.8
김현수,2022,Kia,2022-04-10,@ SSG,RP,,4.5,2.0,2,30,1,1,3,0,1,1,0,,Away,인천 SSG 랜더스필드,14:00,21.0
김현수,2021,Kia,2021-09-28,@ NC,RP,,0.0,1.5,0 ⅔,12,0,0,1,0,0,0,0,,Away,창원 NC 파크,18:30,24.6
김현수,2021,Kia,2021-09-21,vs. KT,SP,,22.5,4.5,2,61,5,5,5,0,0,4,0,22.0,Home,광주 기아 챔피언스 필드,18:30,26.5
김현수,2021,Kia,2021-09-15,vs. Lotte,SP,L,10.8,3.3,3 ⅓,86,5,4,8,0,2,3,0,25.0,Home,광주 기아 챔피언스 필드,18:30,26.9
김현수,2021,Kia,2021-09-09,@ Kiwoom,SP,,1.8,1.4,5,84,1,1,5,1,4,2,1,54.0,Away,고척 스카이돔,18:30,25.5
김현수,2021,Kia,2021-09-03,vs. Samsung,SP,L,13.5,3.0,3 ⅓,83,5,5,4,0,4,6,0,30.0,Home,광주 기아 챔피언스 필드,18:30,27.6
김현수,2021,Kia,2021-08-29,@ SSG,SP,L,11.25,1.75,4,58,5,5,5,3,2,2,0,32.0,Away,인천 SSG 랜더스필드,17:00,26.0
김현수,2021,Kia,2021-08-24,vs. Kiwoom,SP,L,7.71,1.5,4 ⅔,78,4,4,3,1,1,4,0,39.0,Home,광주 기아 챔피언스 필드,18:30,29.5
김현수,2021,Kia,2021-08-11,vs. Hanwha,SP,,0.0,1.06,5 ⅔,85,0,0,3,0,2,3,0,62.0,Home,광주 기아 챔피언스 필드,18:30,30.1
김현수,2021,Kia,2021-07-09,vs. KT,RP,,0.0,1.0,1,13,0,0,1,0,0,0,0,,Home,광주 기아 챔피언스 필드,18:30,30.3
김현수,2021,Kia,2021-06-26,@ Kiwoom,RP,,0.0,0.67,3,34,0,0,2,0,3,0,0,,Away,고척 스카이돔,17:00,25.5
김현수,2021,Kia,2021-06-13,@ Lotte,RP,,9.0,3.0,2,50,2,2,3,1,2,3,0,,Away,사직 야구장,17:00,27.2
김현수,2021,Kia,2021-06-01,@ Hanwha,RP,,18.0,2.0,2,51,4,4,2,2,1,2,1,,Away,대전 한화생명 볼파크,18:30,26.0
김현수,2021,Kia,2021-05-09,vs. Doosan,RP,,0.0,2.57,2 ⅓,55,0,0,3,0,0,3,0,,Home,광주 기아 챔피언스 필드,14:00,23.6
김현수,2021,Kia,2021-05-06,@ Lotte,RP,,3.86,1.71,2 ⅓,34,1,1,4,0,0,0,0,,Away,사직 야구장,18:30,18.5
김현수,2021,Kia,2021-05-02,@ KT,RP,,0.0,,0,22,5,5,3,0,0,2,0,,Away,수원 KT 위즈파크,14:00,17.3
김현수,2021,Kia,2021-04-29,vs. Hanwha,RP,W,0.0,1.0,1,16,0,0,0,0,2,1,0,,Home,광주 기아 챔피언스 필드,18:30,20.6
김현수,2021,Kia,2021-04-07,@ Kiwoom,SP,,10.8,1.8,3 ⅓,68,6,4,5,0,4,1,1,32.0,Away,고척 스카이돔,18:30,25.5
김현수,2020,Kia,2020-10-28,vs. KT,SP,,1.8,1.2,5,77,1,1,2,1,2,4,0,57.0,Home,광주 기아 챔피언스 필드,18:30,16.2
김현수,2020,Kia,2020-10-25,vs. Samsung,RP,,0.0,3.0,1,21,0,0,1,0,1,2,0,,Home,광주 기아 챔피언스 필드,14:00,19.6
김현수,2020,Kia,2020-10-14,@ NC,SP,L,10.8,3.0,3 ⅓,71,4,4,5,0,2,5,0,31.0,Away,창원 NC 파크,18:30,17.9
김현수,2020,Kia,2020-10-07,vs. Hanwha,SP,L,15.43,3.86,2 ⅓,55,4,4,5,0,3,4,0,30.0,Home,광주 기아 챔피언스 필드,18:30,20.8
김현수,2020,Kia,2020-10-01,@ Kiwoom,SP,W,0.0,0.8,5,72,0,0,3,0,7,1,0,67.0,Away,고척 스카이돔,18:30,25.5
김현수,2020,Kia,2020-09-23,vs. Kiwoom,RP,,1.8,1.0,5,66,1,1,3,0,3,2,1,,Home,광주 기아 챔피언스 필드,18:30,21.9
김현수,2020,Kia,2020-08-30,vs. KT,RP,,0.0,0.86,2 ⅓,26,0,0,1,0,1,1,0,,Home,광주 기아 챔피언스 필드,17:00,32.5
김현수,2020,Kia,2020-08-28,@ SK,RP,,54.0,9.0,0 ⅓,14,2,2,2,1,0,1,0,,Away,인천 SSG 랜더스필드,18:30,29.7
김현수,2020,Kia,2020-08-21,vs. NC,RP,,13.5,3.0,0 ⅔,11,1,1,1,0,0,1,0,,Home,광주 기아 챔피언스 필드,18:30,31.8
김현수,2020,Kia,2020-08-19,@ LG,RP,,81.0,15.0,0 ⅓,34,4,3,3,0,0,2,0,,Away,잠실 야구장,18:30,30.6
김현수,2020,Kia,2020-08-04,vs. LG,RP,,162.0,18.0,0 ⅓,32,6,6,5,0,0,1,0,,Home,광주 기아 챔피언스 필드,18:30,31.4
김현수,2020,Kia,2020-08-01,@ Lotte,RP,,0.0,1.0,1,12,0,0,1,0,0,0,0,,Away,사직 야구장,18:00,29.0
김현수,2020,Kia,2020-07-18,vs. Doosan,RP,,6.75,3.38,2 ⅔,59,2,2,5,0,0,4,0,,Home,광주 기아 챔피언스 필드,18:00,26.0
김현수,2020,Kia,2020-07-14,@ Samsung,RP,,5.4,3.0,1 ⅔,43,1,1,2,1,0,3,1,,Away,대구 삼성 라이온즈 파크,18:30,22.4
김현수,2020,Kia,2020-05-29,vs. LG,RP,,6.75,1.5,1 ⅓,29,1,1,2,0,0,0,0,,Home,광주 기아 챔피언스 필드,18:30,26.9
김건국,2024,Kia,2024-06-28,vs. Kiwoom,RP,,72.0,10.0,1,57,10,8,7,0,0,3,0,,Home,광주 기아 챔피언스 필드,18:30,30.0
김건국,2024,Kia,2024-06-26,@ Lotte,RP,,0.0,1.5,0 ⅔,11,0,0,0,0,0,1,0,,Away,사직 야구장,18:30,25.2
김건국,2024,Kia,2024-06-19,vs. LG,RP,,0.0,0.0,1 ⅓,13,0,0,0,0,0,0,0,,Home,광주 기아 챔피언스 필드,18:30,29.7
김건국,2024,Kia,2024-06-14,@ KT,RP,,4.5,2.0,2,22,1,1,3,0,1,1,0,,Away,수원 KT 위즈파크,18:30,25.8
김건국,2024,Kia,2024-06-12,@ SSG,RP,,4.5,1.5,2,37,1,1,3,0,2,0,0,,Away,인천 SSG 랜더스필드,18:30,23.9
김건국,2024,Kia,2024-06-09,@ Doosan,RP,,18.0,2.0,1,21,2,2,2,1,1,0,0,,Away,잠실 야구장,17:00,27.2
김건국,2024,Kia,2024-06-08,@ Doosan,RP,,0.0,0.75,1 ⅓,17,0,0,1,0,1,0,0,,Away,잠실 야구장,17:00,24.7
김건국,2024,Kia,2024-06-04,vs. Lotte,RP,,4.5,2.0,2,29,1,1,3,1,0,1,1,,Home,광주 기아 챔피언스 필드,18:30,25.3
김건국,2024,Kia,2024-06-02,vs. KT,RP,,4.5,0.5,2,18,1,1,1,1,2,0,0,,Home,광주 기아 챔피언스 필드,17:00,22.9
김건국,2024,Kia,2024-05-17,@ NC,SP,,9.0,3.0,1,31,1,1,2,0,1,1,1,44.0,Away,창원 NC 파크,18:30,20.9
김건국,2024,Kia,2024-05-12,vs. SSG,RP,,4.91,1.36,3 ⅔,44,2,2,5,0,0,0,0,,Home,광주 기아 챔피언스 필드,14:00,22.6
김건국,2024,Kia,2024-05-04,vs. Hanwha,RP,,0.0,1.0,1,21,0,0,0,0,2,1,0,,Home,광주 기아 챔피언스 필드,17:00,24.2
김건국,2024,Kia,2024-05-03,vs. Hanwha,RP,,0.0,6.0,0 ⅓,7,0,0,2,0,1,0,0,,Home,광주 기아 챔피언스 필드,18:30,24.0
김건국,2024,Kia,2024-04-30,vs. KT,RP,,9.0,1.33,3,50,3,3,4,1,1,0,0,,Home,광주 기아 챔피언스 필드,18:30,16.9
김건국,2024,Kia,2024-04-25,@ Kiwoom,RP,,0.0,0.5,2,23,0,0,1,0,3,0,0,,Away,고척 스카이돔,18:30,25.5
김건국,2024,Kia,2024-04-21,vs. NC,SP,L,15.43,3.86,2 ⅓,66,4,4,5,0,1,4,0,28.0,Home,광주 기아 챔피언스 필드,14:00,16.4
김건국,2024,Kia,2024-04-16,@ SSG,SP,,8.1,1.5,3 ⅓,56,3,3,5,1,2,0,0,40.0,Away,인천 SSG 랜더스필드,18:30,11.5
김건국,2024,Kia,2024-04-10,vs. LG,RP,,3.0,1.33,3,48,1,1,3,0,1,1,0,,Home,광주 기아 챔피언스 필드,18:30,19.9
김건국,2024,Kia,2024-04-07,vs. Samsung,RP,,27.0,3.0,0 ⅓,14,2,1,0,0,1,1,0,,Home,광주 기아 챔피언스 필드,14:00,24.5
김건국,2024,Kia,2024-04-05,vs. Samsung,RP,,9.0,1.0,1,9,1,1,1,0,0,0,0,,Home,광주 기아 챔피언스 필드,18:30,16.5
김건국,2023,Kia,2023-10-13,@ Doosan,SP,L,10.13,1.5,2 ⅔,43,3,3,3,0,2,1,0,41.0,Away,잠실 야구장,18:30,19.6
김건국,2023,Kia,2023-09-26,@ NC,SP,,1.93,1.07,4 ⅔,71,1,1,5,0,2,0,0,52.0,Away,창원 NC 파크,18:30,25.7
김건국,2023,Kia,2023-09-10,vs. LG,SP,,10.38,1.38,4 ⅓,66,5,5,5,0,3,1,0,35.0,Home,광주 기아 챔피언스 필드,14:00,29.4
김건국,2023,Kia,2023-08-26,vs. Hanwha,RP,,9.0,2.0,1,13,1,1,2,0,0,0,0,,Home,광주 기아 챔피언스 필드,18:00,30.6
김건국,2023,Kia,2023-07-07,@ KT,SP,,0.0,1.5,0 ⅔,18,0,0,1,0,1,0,1,50.0,Away,수원 KT 위즈파크,18:30,26.0
김건국,2023,Kia,2023-07-01,@ LG,SP,,6.75,1.5,2 ⅔,46,2,2,2,0,1,2,0,45.0,Away,잠실 야구장,18:00,31.6
김건국,2021,Lotte,2021-09-11,vs. Kiwoom,RP,,13.5,3.0,1 ⅓,26,2,2,2,0,0,2,0,,Home,사직 야구장,17:00,28.4
김건국,2021,Lotte,2021-06-22,vs. NC,RP,,9.0,3.0,1,19,1,1,1,0,1,2,0,,Home,사직 야구장,18:30,23.0
김건국,2021,Lotte,2021-06-19,vs. Samsung,RP,,9.0,3.0,1,31,1,1,2,0,1,1,0,,Home,사직 야구장,17:00,26.5
김건국,2021,Lotte,2021-06-17,@ Hanwha,RP,,9.0,2.0,2,38,2,2,2,1,3,2,0,,Away,대전 한화생명 볼파크,18:30,25.4
김건국,2021,Lotte,2021-06-16,@ Hanwha,RP,,0.0,1.0,1,10,0,0,1,0,0,0,0,,Away,대전 한화생명 볼파크,18:30,27.2
김건국,2021,Lotte,2021-06-13,vs. Kia,RP,,0.0,0.0,2,23,0,0,0,0,0,0,0,,Home,사직 야구장,17:00,27.2
김건국,2021,Lotte,2021-05-19,@ Hanwha,RP,,32.4,5.4,1 ⅔,56,6,6,8,1,2,1,0,,Away,대전 한화생명 볼파크,18:30,25.2
김건국,2021,Lotte,2021-05-14,vs. KT,RP,,4.5,1.5,2,27,1,1,2,0,1,1,0,,Home,사직 야구장,18:30,20.2
김건국,2021,Lotte,2021-05-12,vs. SSG,RP,,0.0,1.0,1,21,0,0,0,0,1,1,0,,Home,사직 야구장,18:30,18.8
김건국,2021,Lotte,2021-04-17,vs. Samsung,RP,,11.57,2.14,2 ⅓,49,3,3,3,1,2,2,0,,Home,사직 야구장,17:00,17.0
김건국,2021,Lotte,2021-04-15,@ Kia,RP,,0.0,1.5,2,38,0,0,2,0,1,1,0,,Away,광주 기아 챔피언스 필드,18:30,17.6
김건국,2021,Lotte,2021-04-13,@ Kia,RP,,0.0,0.0,2,25,0,0,0,0,1,0,0,,Away,광주 기아 챔피언스 필드,18:30,7.8
김건국,2021,Lotte,2021-04-09,vs. Kiwoom,RP,,0.0,1.88,2 ⅔,57,0,0,4,0,4,1,0,,Home,사직 야구장,18:30,11.7
김건국,2020,Lotte,2020-10-29,vs. NC,RP,,27.0,4.0,1,26,3,3,4,1,1,0,0,,Home,사직 야구장,18:30,16.1
김건국,2020,Lotte,2020-10-25,@ KT,RP,,0.0,0.0,1,9,0,0,0,0,0,0,0,,Away,수원 KT 위즈파크,14:00,17.0
김건국,2020,Lotte,2020-10-21,@ SK,RP,,0.0,1.5,0 ⅔,8,0,0,1,0,2,0,0,,Away,인천 SSG 랜더스필드,18:30,16.5
김건국,2020,Lotte,2020-10-16,@ NC,RP,L,27.0,6.0,0 ⅓,13,1,1,1,0,0,1,0,,Away,창원 NC 파크,18:30,15.1
김건국,2020,Lotte,2020-10-15,vs. LG,RP,,0.0,0.0,1,11,0,0,0,0,1,0,0,,Home,사직 야구장,18:30,17.9
김건국,2020,Lotte,2020-10-11,@ Samsung,RP,,0.0,1.0,1,16,0,0,1,0,1,0,0,,Away,대구 삼성 라이온즈 파크,14:00,20.3
김건국,2020,Lotte,2020-10-07,vs. KT,RP,L,0.0,,0,15,1,1,2,0,0,1,0,,Home,사직 야구장,18:30,19.5
김건국,2020,Lotte,2020-10-04,vs. Hanwha,RP,,9.0,4.0,1,24,1,1,3,0,1,1,0,,Home,사직 야구장,14:00,24.7
김건국,2020,Lotte,2020-10-03,vs. Hanwha,RP,,0.0,0.0,1,9,0,0,0,0,1,0,0,,Home,사직 야구장,17:00,23.0
김건국,2020,Lotte,2020-09-29,@ LG,RP,,0.0,,0,5,0,0,1,0,0,0,0,,Away,잠실 야구장,18:30,22.0
김건국,2020,Lotte,2020-09-24,@ Hanwha,RP,,0.0,3.0,0 ⅓,16,0,0,1,0,2,0,0,,Away,대전 한화생명 볼파크,18:30,23.3
김건국,2020,Lotte,2020-09-23,vs. KT,RP,,13.5,1.5,0 ⅔,12,1,1,0,0,0,1,0,,Home,사직 야구장,18:30,21.7
김건국,2020,Lotte,2020-09-19,vs. NC,RP,,13.5,4.5,0 ⅔,12,1,1,3,1,1,0,0,,Home,사직 야구장,17:00,23.5
김건국,2020,Lotte,2020-09-16,@ Kiwoom,RP,W,0.0,0.0,2,22,0,0,0,0,3,0,0,,Away,고척 스카이돔,18:30,25.5
김건국,2020,Lotte,2020-09-15,@ Kiwoom,RP,W,5.4,0.6,1 ⅔,26,1,1,1,0,1,0,0,,Away,고척 스카이돔,18:30,25.5
김건국,2020,Lotte,2020-09-11,vs. Samsung,RP,,0.0,0.0,1,12,0,0,0,0,1,0,0,,Home,사직 야구장,18:30,25.1
김건국,2020,Lotte,2020-09-10,vs. Samsung,RP,W,9.0,1.0,1,24,1,1,0,0,1,1,0,,Home,사직 야구장,18:30,26.7
김건국,2020,Lotte,2020-09-07,vs. LG,RP,,0.0,0.6,1 ⅔,18,0,0,1,0,1,0,0,,Home,사직 야구장,18:30,25.3
김건국,2020,Lotte,2020-09-04,vs. Kia,RP,,0.0,0.0,0 ⅓,5,0,0,0,0,0,0,1,,Home,사직 야구장,18:30,26.7
김건국,2020,Lotte,2020-09-03,vs. Kia,RP,,0.0,1.5,1 ⅓,26,0,0,2,0,1,0,0,,Home,사직 야구장,18:30,27.9
김건국,2020,Lotte,2020-09-01,@ KT,RP,,0.0,1.0,1,14,0,0,1,0,1,0,0,,Away,수원 KT 위즈파크,18:30,29.7
김건국,2020,Lotte,2020-08-28,vs. Kiwoom,RP,,0.0,0.0,2,33,0,0,0,0,1,0,0,,Home,사직 야구장,18:30,29.6
김건국,2020,Lotte,2020-08-25,vs. SK,RP,,27.0,0.0,0 ⅓,6,1,1,0,0,0,0,1,,Home,사직 야구장,18:30,31.8
김건국,2020,Lotte,2020-08-22,@ Samsung,RP,H,0.0,3.0,0 ⅔,15,0,0,1,0,0,1,0,,Away,대구 삼성 라이온즈 파크,18:00,28.5
김건국,2020,Lotte,2020-08-18,vs. Doosan,RP,,0.0,1.13,2 ⅔,59,0,0,1,0,3,2,1,,Home,사직 야구장,18:30,30.7
김건국,2020,Lotte,2020-08-15,vs. Kiwoom,RP,,0.0,2.0,1,17,0,0,2,0,0,0,0,,Home,사직 야구장,18:00,31.4
김건국,2020,Lotte,2020-08-12,vs. NC,RP,,18.0,3.0,1,31,2,2,2,0,1,1,0,,Home,사직 야구장,18:30,29.6
김건국,2020,Lotte,2020-08-06,@ SK,RP,,0.0,0.0,1,13,0,0,0,0,2,0,0,,Away,인천 SSG 랜더스필드,18:30,26.1
김건국,2020,Lotte,2020-08-04,@ SK,RP,,0.0,0.0,1,13,0,0,0,0,2,0,0,,Away,인천 SSG 랜더스필드,18:30,28.7
김건국,2020,Lotte,2020-08-02,vs. Kia,RP,,0.0,0.0,1,10,0,0,0,0,2,0,0,,Home,사직 야구장,17:00,29.6
김건국,2020,Lotte,2020-07-26,@ Kiwoom,RP,,6.75,0.75,1 ⅓,11,1,1,1,0,0,0,0,,Away,고척 스카이돔,14:00,25.5
김건국,2020,Lotte,2020-07-18,@ Samsung,RP,,0.0,1.0,1,15,0,0,1,0,1,0,0,,Away,대구 삼성 라이온즈 파크,18:00,25.0
김기훈,2024,Kia,2024-09-28,@ Lotte,RP,,54.0,6.0,0 ⅔,29,4,4,3,1,0,1,0,,Away,사직 야구장,17:00,26.8
김기훈,2024,Kia,2024-09-23,vs. Samsung,RP,W,0.0,0.6,1 ⅔,32,0,0,0,0,3,1,0,,Home,광주 기아 챔피언스 필드,18:30,24.2
김기훈,2024,Kia,2024-09-19,@ Doosan,RP,,13.5,3.0,1 ⅓,41,3,2,3,0,0,1,0,,Away,잠실 야구장,18:30,32.6
김기훈,2024,Kia,2024-09-17,@ SSG,RP,,0.0,6.0,0 ⅓,13,0,0,0,0,0,2,0,,Away,인천 SSG 랜더스필드,18:30,30.5
김기훈,2024,Kia,2024-09-15,vs. Kiwoom,RP,,4.5,1.0,2,31,1,1,1,0,1,1,0,,Home,광주 기아 챔피언스 필드,14:00,33.5
김기훈,2024,Kia,2024-09-12,vs. Lotte,RP,,0.0,0.0,1,8,0,0,0,0,0,0,0,,Home,광주 기아 챔피언스 필드,18:30,31.8
김기훈,2024,Kia,2024-09-04,vs. Hanwha,RP,,13.5,3.0,0 ⅔,21,1,1,1,0,1,1,1,,Home,광주 기아 챔피언스 필드,18:30,29.5
김기훈,2024,Kia,2024-09-01,@ Samsung,RP,,0.0,0.33,3,31,0,0,1,0,2,0,0,,Away,대구 삼성 라이온즈 파크,14:00,31.5
김기훈,2024,Kia,2024-08-25,@ NC,RP,,0.0,6.0,0 ⅓,20,1,0,0,0,0,2,0,,Away,창원 NC 파크,17:00,32.5
김기훈,2024,Kia,2024-08-23,@ NC,RP,,0.0,0.0,1,16,0,0,0,0,2,0,0,,Away,창원 NC 파크,18:30,32.7
김기훈,2024,Kia,2024-08-22,vs. Lotte,RP,,0.0,0.5,2,27,0,0,1,0,2,0,1,,Home,광주 기아 챔피언스 필드,18:30,30.9
김기훈,2024,Kia,2024-08-16,@ LG,RP,,0.0,3.0,0 ⅔,13,0,0,1,0,0,1,0,,Away,잠실 야구장,18:30,33.0
김기훈,2024,Kia,2024-08-15,@ Kiwoom,RP,,0.0,0.0,1,13,0,0,0,0,0,0,0,,Away,고척 스카이돔,18:30,25.5
김기훈,2024,Kia,2024-08-11,vs. Samsung,RP,,0.0,0.0,0 ⅓,6,0,0,0,0,0,0,0,,Home,광주 기아 챔피언스 필드,17:00,32.2
김기훈,2024,Kia,2024-08-07,vs. KT,RP,,0.0,1.5,2,34,0,0,2,0,3,1,0,,Home,광주 기아 챔피언스 필드,18:30,32.4
김기훈,2024,Kia,2024-08-02,@ Hanwha,RP,,0.0,2.0,1,20,0,0,2,0,2,0,0,,Away,대전 한화생명 볼파크,18:30,33.8
김기훈,2024,Kia,2024-07-31,vs. Doosan,RP,,40.5,7.5,0 ⅔,31,3,3,1,0,1,4,1,,Home,광주 기아 챔피언스 필드,18:30,32.4
김기훈,2023,Kia,2023-09-21,@ Hanwha,RP,,0.0,,0,19,4,4,1,0,0,3,0,,Away,대전 한화생명 볼파크,18:30,22.0
김기훈,2023,Kia,2023-08-15,vs. Kiwoom,RP,,13.5,3.0,1 ⅓,28,2,2,4,0,1,0,0,,Home,광주 기아 챔피언스 필드,18:30,32.9
김기훈,2023,Kia,2023-08-11,@ Lotte,RP,,0.0,2.0,1,24,2,0,1,0,0,1,0,,Away,사직 야구장,18:30,29.6
김기훈,2023,Kia,2023-08-09,vs. LG,RP,,0.0,2.0,1,23,2,0,1,0,1,1,0,,Home,광주 기아 챔피언스 필드,18:30,29.2
김기훈,2023,Kia,2023-08-06,vs. Hanwha,RP,,0.0,0.5,2,38,0,0,0,0,3,1,0,,Home,광주 기아 챔피언스 필드,17:00,34.6
김기훈,2023,Kia,2023-08-04,vs. Hanwha,RP,,0.0,1.0,1,15,0,0,0,0,1,1,0,,Home,광주 기아 챔피언스 필드,18:30,33.9
김기훈,2023,Kia,2023-08-02,@ Samsung,RP,,0.0,,0,5,0,0,0,0,0,1,0,,Away,대구 삼성 라이온즈 파크,18:30,31.8
김기훈,2023,Kia,2023-07-13,vs. Samsung,RP,,0.0,1.8,1 ⅔,31,0,0,2,0,1,1,0,,Home,광주 기아 챔피언스 필드,18:30,29.8
김기훈,2023,Kia,2023-07-01,@ LG,RP,W,0.0,2.25,1 ⅓,31,0,0,1,0,0,2,0,,Away,잠실 야구장,18:00,31.6
김기훈,2023,Kia,2023-06-27,vs. Kiwoom,RP,,0.0,1.8,1 ⅔,48,0,0,2,0,3,1,1,,Home,광주 기아 챔피언스 필드,18:30,31.0
김기훈,2023,Kia,2023-06-23,vs. KT,RP,,9.0,3.0,1,19,1,1,2,0,1,1,0,,Home,광주 기아 챔피언스 필드,18:30,30.8
김기훈,2023,Kia,2023-06-21,@ Hanwha,RP,,5.4,3.6,1 ⅔,49,1,1,2,0,3,4,0,,Away,대전 한화생명 볼파크,18:30,25.0
김기훈,2023,Kia,2023-05-25,@ Hanwha,RP,,0.0,,0,15,1,1,0,0,0,3,0,,Away,대전 한화생명 볼파크,18:30,24.4
김기훈,2023,Kia,2023-05-23,@ Hanwha,RP,,0.0,0.0,1 ⅔,21,0,0,0,0,0,0,0,,Away,대전 한화생명 볼파크,18:30,24.2
김기훈,2023,Kia,2023-05-19,vs. Kiwoom,RP,,0.0,1.0,1,12,0,0,0,0,0,1,0,,Home,광주 기아 챔피언스 필드,18:30,24.2
김기훈,2023,Kia,2023-05-12,@ Doosan,RP,,27.0,3.0,1,27,3,3,2,0,0,1,1,,Away,잠실 야구장,18:30,23.1
김기훈,2023,Kia,2023-05-10,vs. SSG,RP,,0.0,3.0,1,21,0,0,0,0,0,3,0,,Home,광주 기아 챔피언스 필드,18:30,24.0
김기훈,2023,Kia,2023-05-03,vs. Lotte,RP,,0.0,0.0,1,9,0,0,0,0,0,0,0,,Home,광주 기아 챔피언스 필드,18:30,18.8
김기훈,2023,Kia,2023-04-30,@ LG,RP,,13.5,3.75,1 ⅓,30,2,2,4,0,0,1,0,,Away,잠실 야구장,14:00,16.9
김기훈,2023,Kia,2023-04-28,@ LG,RP,,0.0,2.0,1,13,0,0,2,0,0,0,0,,Away,잠실 야구장,18:30,17.8
김기훈,2023,Kia,2023-04-25,vs. NC,RP,,13.5,3.0,1 ⅓,42,4,2,1,0,2,3,0,,Home,광주 기아 챔피언스 필드,18:30,10.7
김기훈,2023,Kia,2023-04-21,vs. Samsung,RP,W,0.0,1.0,2,26,0,0,1,0,1,1,0,,Home,광주 기아 챔피언스 필드,18:30,21.0
김기훈,2023,Kia,2023-04-20,@ Lotte,RP,,0.0,0.0,1,6,0,0,0,0,0,0,0,,Away,사직 야구장,18:30,19.8
김기훈,2023,Kia,2023-04-18,@ Lotte,RP,,0.0,2.0,1,28,0,0,1,0,3,1,0,,Away,사직 야구장,18:30,18.3
김기훈,2023,Kia,2023-04-15,@ Kiwoom,RP,,0.0,1.0,1,13,0,0,0,0,0,1,0,,Away,고척 스카이돔,17:00,25.5
김기훈,2023,Kia,2023-04-14,@ Kiwoom,RP,,0.0,2.0,1,26,0,0,1,0,2,1,0,,Away,고척 스카이돔,18:30,25.5
김기훈,2023,Kia,2023-04-11,vs. Hanwha,RP,,0.0,3.0,0 ⅓,12,0,0,0,0,1,1,0,,Home,광주 기아 챔피언스 필드,18:30,16.9
김기훈,2023,Kia,2023-04-09,vs. Doosan,RP,,0.0,0.0,1 ⅔,19,0,0,0,0,2,0,0,,Home,광주 기아 챔피언스 필드,14:00,18.1
김기훈,2023,Kia,2023-04-01,@ SSG,RP,,0.0,9.0,0 ⅓,21,0,0,0,0,1,3,0,,Away,인천 SSG 랜더스필드,14:00,21.2
김기훈,2022,Kia,2022-10-06,vs. LG,RP,,0.0,1.5,3 ⅓,59,0,0,2,0,3,3,0,,Home,광주 기아 챔피언스 필드,18:30,17.5
김기훈,2022,Kia,2022-10-04,@ LG,RP,,0.0,1.0,1,17,0,0,0,0,0,1,0,,Away,잠실 야구장,18:30,17.4
김기훈,2022,Kia,2022-10-01,vs. SSG,RP,,0.0,0.0,2,32,0,0,0,0,3,0,0,,Home,광주 기아 챔피언스 필드,17:00,29.0
김기훈,2022,Kia,2022-09-29,vs. Lotte,RP,,0.0,1.5,0 ⅔,21,0,0,0,0,0,1,0,,Home,광주 기아 챔피언스 필드,18:30,23.3
김기훈,2022,Kia,2022-09-23,@ NC,RP,,5.4,2.4,1 ⅔,43,1,1,2,0,3,2,0,,Away,창원 NC 파크,18:30,23.4
김기훈,2020,Kia,2020-10-27,vs. KT,RP,,3.0,1.67,3,60,1,1,3,1,3,2,0,,Home,광주 기아 챔피언스 필드,18:30,18.0
김기훈,2020,Kia,2020-10-23,vs. LG,SP,L,3.38,1.5,2 ⅔,57,4,1,1,0,3,3,0,46.0,Home,광주 기아 챔피언스 필드,18:30,11.5
김기훈,2020,Kia,2020-10-17,@ LG,SP,L,12.0,3.33,3,73,4,4,6,1,1,4,0,28.0,Away,잠실 야구장,17:00,17.7
김기훈,2020,Kia,2020-10-10,vs. SK,SP,,1.8,0.8,5,72,1,1,3,1,2,1,0,58.0,Home,광주 기아 챔피언스 필드,17:00,22.1
김기훈,2020,Kia,2020-10-03,@ Doosan,RP,,5.4,2.2,5,95,3,3,8,1,2,3,0,,Away,잠실 야구장,17:00,21.4
김기훈,2020,Kia,2020-10-02,@ Doosan,RP,,27.0,6.0,0 ⅓,10,1,1,1,1,0,1,0,,Away,잠실 야구장,18:30,20.1
김기훈,2020,Kia,2020-09-26,vs. Lotte,RP,,2.84,0.79,6 ⅓,90,2,2,4,1,5,1,1,,Home,광주 기아 챔피언스 필드,17:00,23.8
김기훈,2020,Kia,2020-09-25,@ KT,RP,,0.0,1.5,0 ⅔,10,0,0,0,0,0,1,0,,Away,수원 KT 위즈파크,18:30,22.8
김기훈,2020,Kia,2020-09-20,vs. Hanwha,SP,,2.25,2.0,4,95,1,1,5,0,6,3,0,51.0,Home,광주 기아 챔피언스 필드,14:00,24.0
김기훈,2020,Kia,2020-08-30,vs. KT,SP,L,15.0,3.0,3,76,6,5,4,1,2,5,0,26.0,Home,광주 기아 챔피언스 필드,17:00,32.5
김기훈,2020,Kia,2020-08-15,vs. SK,SP,,6.75,2.5,4,90,3,3,7,0,0,3,0,33.0,Home,광주 기아 챔피언스 필드,18:00,31.6
김기훈,2020,Kia,2020-07-26,vs. Samsung,RP,H,27.0,6.0,0 ⅓,13,1,1,2,0,0,0,0,,Home,광주 기아 챔피언스 필드,17:00,28.0
김기훈,2020,Kia,2020-07-18,vs. Doosan,SP,L,6.23,1.15,4 ⅓,79,3,3,4,0,1,1,1,42.0,Home,광주 기아 챔피언스 필드,18:00,26.0
김기훈,2020,Kia,2020-07-13,vs. Kiwoom,RP,,0.0,0.0,2,20,0,0,0,0,4,0,0,,Home,광주 기아 챔피언스 필드,18:30,26.1
김기훈,2020,Kia,2020-07-11,vs. Kiwoom,RP,,0.0,0.0,1,10,0,0,0,0,2,0,0,,Home,광주 기아 챔피언스 필드,18:00,29.3
김기훈,2020,Kia,2020-07-08,vs. KT,RP,,0.0,0.0,0 ⅔,5,0,0,0,0,1,0,0,,Home,광주 기아 챔피언스 필드,18:30,28.6
김기훈,2020,Kia,2020-07-07,vs. KT,RP,,13.5,1.5,1 ⅓,29,2,2,1,1,2,1,0,,Home,광주 기아 챔피언스 필드,18:30,29.6
김기훈,2020,Kia,2020-07-02,vs. Hanwha,RP,,0.0,3.0,1,20,0,0,2,0,1,1,0,,Home,광주 기아 챔피언스 필드,18:30,27.2
김기훈,2020,Kia,2020-07-01,vs. Hanwha,RP,,0.0,,0,13,1,1,3,0,0,0,0,,Home,광주 기아 챔피언스 필드,18:30,24.8
김기훈,2020,Kia,2020-06-27,@ Kiwoom,RP,,0.0,0.0,1,16,0,0,0,0,1,0,0,,Away,고척 스카이돔,17:00,25.5
김기훈,2020,Kia,2020-06-21,vs. Samsung,RP,,7.71,2.14,2 ⅓,56,2,2,4,0,2,1,0,,Home,광주 기아 챔피언스 필드,17:00,28.9
김기훈,2020,Kia,2020-06-11,@ KT,RP,,0.0,0.0,1,12,0,0,0,0,1,0,0,,Away,수원 KT 위즈파크,18:30,28.9
김민재,2024,Kia,2024-09-27,@ Hanwha,RP,,27.0,3.0,1,25,3,3,3,1,1,0,0,,Away,대전 한화생명 볼파크,18:30,24.4
김민재,2024,Kia,2024-09-25,vs. Lotte,RP,,0.0,1.0,1,11,0,0,0,0,0,1,0,,Home,광주 기아 챔피언스 필드,18:30,27.0
김민재,2024,Kia,2024-05-23,@ Lotte,RP,,18.0,4.0,1,27,2,2,4,1,1,0,0,,Away,사직 야구장,18:30,22.8
김민재,2024,Kia,2024-05-21,@ Lotte,RP,,18.0,2.0,1,22,2,2,2,1,1,0,1,,Away,사직 야구장,18:30,19.0
김민주,2024,Kia,2024-09-30,vs. NC,RP,,27.0,6.0,0 ⅓,11,2,1,2,0,0,0,0,,Home,광주 기아 챔피언스 필드,18:30,26.0
김민주,2024,Kia,2024-09-27,@ Hanwha,RP,,0.0,3.0,0 ⅔,19,0,0,1,0,2,1,0,,Away,대전 한화생명 볼파크,18:30,24.4
