PlayerName,Year,Team,Date,Opp,Role,Dec,ERA,WHIP,IP,NP,R,ER,H,HR,SO,BB,HB,GS,Venue,Stadium,Time,Temp
최지강,2024,Doosan,2024-09-10,@ Kiwoom,RP,,18.0,2.0,1,20,2,2,2,1,1,0,0,,Away,고척 스카이돔,18:30,25.5
최지강,2024,Doosan,2024-09-07,@ KT,RP,,0.0,0.0,1,7,0,0,0,0,0,0,0,,Away,수원 KT 위즈파크,17:00,30.0
최지강,2024,Doosan,2024-09-04,@ Samsung,RP,,18.0,3.0,1,19,2,2,3,0,1,0,0,,Away,대구 삼성 라이온즈 파크,18:30,28.5
최지강,2024,Doosan,2024-09-01,vs. Lotte,RP,,0.0,3.0,0 ⅔,12,0,0,0,0,0,2,0,,Home,잠실 야구장,14:00,30.2
최지강,2024,Doosan,2024-08-27,@ NC,RP,H,27.0,6.0,0 ⅓,10,1,1,2,0,1,0,0,,Away,창원 NC 파크,18:30,30.2
최지강,2024,Doosan,2024-08-25,vs. Hanwha,RP,,0.0,1.5,0 ⅔,16,0,0,1,0,0,0,0,,Home,잠실 야구장,17:00,32.5
최지강,2024,Doosan,2024-08-24,vs. Hanwha,RP,,0.0,1.5,0 ⅔,12,0,0,0,0,0,1,0,,Home,잠실 야구장,18:00,31.2
최지강,2024,Doosan,2024-08-21,@ Samsung,RP,H,0.0,0.0,1,11,0,0,0,0,1,0,0,,Away,대구 삼성 라이온즈 파크,18:30,31.9
최지강,2024,Doosan,2024-08-20,@ Samsung,RP,,0.0,1.0,1,16,0,0,1,0,2,0,0,,Away,대구 삼성 라이온즈 파크,18:30,31.4
최지강,2024,Doosan,2024-08-18,@ KT,RP,,6.75,0.75,1 ⅓,18,1,1,1,1,2,0,0,,Away,수원 KT 위즈파크,17:00,29.9
최지강,2024,Doosan,2024-07-13,vs. Samsung,RP,H,0.0,1.0,1,17,0,0,1,0,0,0,0,,Home,잠실 야구장,18:00,31.5
최지강,2024,Doosan,2024-07-10,@ KT,RP,,0.0,0.5,2,29,0,0,1,0,3,0,0,,Away,수원 KT 위즈파크,18:30,29.1
최지강,2024,Doosan,2024-07-03,vs. Lotte,RP,W,5.4,2.4,1 ⅔,34,1,1,2,0,1,2,0,,Home,잠실 야구장,18:30,26.9
최지강,2024,Doosan,2024-06-30,vs. SSG,RP,L,9.0,1.0,1,9,1,1,1,0,0,0,0,,Home,잠실 야구장,17:00,26.9
최지강,2024,Doosan,2024-06-26,@ Hanwha,RP,,0.0,1.0,1,21,0,0,0,0,1,1,0,,Away,대전 한화생명 볼파크,18:30,27.4
최지강,2024,Doosan,2024-06-25,@ Hanwha,RP,,0.0,1.0,1,12,0,0,1,0,1,0,0,,Away,대전 한화생명 볼파크,18:30,25.8
최지강,2024,Doosan,2024-06-19,vs. NC,RP,,54.0,6.0,0 ⅓,11,2,2,2,1,0,0,0,,Home,잠실 야구장,18:30,32.5
최지강,2024,Doosan,2024-06-15,@ Kiwoom,RP,SV,0.0,1.0,1,13,0,0,1,0,0,0,0,,Away,고척 스카이돔,17:00,25.5
최지강,2024,Doosan,2024-06-14,@ Kiwoom,RP,H,0.0,0.0,1,15,0,0,0,0,2,0,0,,Away,고척 스카이돔,18:30,25.5
최지강,2024,Doosan,2024-06-12,vs. Hanwha,RP,,0.0,0.0,0 ⅓,3,0,0,0,0,0,0,0,,Home,잠실 야구장,18:30,27.6
최지강,2024,Doosan,2024-06-08,vs. Kia,RP,H,0.0,1.5,0 ⅔,10,0,0,1,0,1,0,0,,Home,잠실 야구장,17:00,24.7
최지강,2024,Doosan,2024-06-07,vs. Kia,RP,,9.0,2.0,1,23,1,1,2,0,2,0,0,,Home,잠실 야구장,18:30,26.4
최지강,2024,Doosan,2024-06-05,@ NC,RP,,0.0,2.0,1,26,0,0,2,0,2,0,0,,Away,창원 NC 파크,18:30,21.4
최지강,2024,Doosan,2024-06-04,@ NC,RP,,0.0,,0,10,0,0,0,0,0,2,0,,Away,창원 NC 파크,18:30,22.3
최지강,2024,Doosan,2024-06-02,vs. LG,RP,,0.0,0.5,2,34,0,0,1,0,2,0,0,,Home,잠실 야구장,17:00,23.9
최지강,2024,Doosan,2024-06-01,vs. LG,RP,,0.0,6.0,0 ⅓,11,0,0,1,0,0,1,0,,Home,잠실 야구장,17:00,23.7
최지강,2024,Doosan,2024-05-29,vs. KT,RP,,0.0,1.0,1,17,0,0,0,0,1,1,0,,Home,잠실 야구장,18:30,25.4
최지강,2024,Doosan,2024-05-24,@ Kia,RP,W,27.0,3.0,0 ⅓,5,1,1,1,1,0,0,0,,Away,광주 기아 챔피언스 필드,18:30,26.7
최지강,2024,Doosan,2024-05-22,vs. SSG,RP,,9.0,3.0,1,21,1,1,1,0,0,2,0,,Home,잠실 야구장,18:30,24.4
최지강,2024,Doosan,2024-05-19,vs. Lotte,RP,,0.0,1.0,1,17,0,0,0,0,1,1,1,,Home,잠실 야구장,14:00,26.8
최지강,2024,Doosan,2024-05-18,vs. Lotte,RP,,0.0,0.75,1 ⅓,13,0,0,1,0,0,0,0,,Home,잠실 야구장,17:00,25.3
최지강,2024,Doosan,2024-05-16,@ Kia,RP,,0.0,1.5,0 ⅔,11,0,0,0,0,0,1,0,,Away,광주 기아 챔피언스 필드,18:30,18.9
최지강,2024,Doosan,2024-05-12,vs. KT,RP,H,0.0,0.0,0 ⅓,4,0,0,0,0,1,0,0,,Home,잠실 야구장,14:00,20.5
최지강,2024,Doosan,2024-05-10,vs. KT,RP,H,0.0,0.0,1,13,0,0,0,0,2,0,0,,Home,잠실 야구장,18:30,21.4
최지강,2024,Doosan,2024-05-09,@ Kiwoom,RP,W,0.0,0.0,1 ⅔,24,0,0,0,0,1,0,0,,Away,고척 스카이돔,18:30,25.5
최지강,2024,Doosan,2024-05-04,@ LG,RP,H,0.0,3.0,0 ⅓,12,0,0,0,0,0,1,0,,Away,잠실 야구장,17:00,25.9
최지강,2024,Doosan,2024-05-03,@ LG,RP,,18.0,4.0,1,30,2,2,3,1,1,1,0,,Away,잠실 야구장,18:30,26.2
최지강,2024,Doosan,2024-05-01,vs. Samsung,RP,,0.0,,0,1,0,0,1,0,0,0,0,,Home,잠실 야구장,18:30,23.1
최지강,2024,Doosan,2024-04-30,vs. Samsung,RP,H,0.0,0.0,0 ⅔,13,0,0,0,0,1,0,0,,Home,잠실 야구장,18:30,19.6
최지강,2024,Doosan,2024-04-26,@ Hanwha,RP,,0.0,1.0,1,17,0,0,1,0,0,0,0,,Away,대전 한화생명 볼파크,18:30,22.9
최지강,2024,Doosan,2024-04-23,vs. NC,RP,H,0.0,4.0,1,32,0,0,3,0,0,1,0,,Home,잠실 야구장,18:30,19.9
최지강,2024,Doosan,2024-04-21,vs. Kiwoom,RP,,0.0,0.0,1,10,0,0,0,0,0,0,1,,Home,잠실 야구장,14:00,20.7
최지강,2024,Doosan,2024-04-19,vs. Kiwoom,RP,,0.0,2.0,1,21,1,0,0,0,1,2,0,,Home,잠실 야구장,18:30,21.1
최지강,2024,Doosan,2024-04-14,vs. LG,RP,H,0.0,3.0,1 ⅓,34,0,0,4,0,2,0,0,,Home,잠실 야구장,14:00,28.9
최지강,2024,Doosan,2024-04-13,vs. LG,RP,,0.0,0.0,0 ⅓,4,0,0,0,0,0,0,0,,Home,잠실 야구장,17:00,26.2
최지강,2024,Doosan,2024-04-09,vs. Hanwha,RP,H,0.0,1.0,1,9,0,0,0,0,0,1,0,,Home,잠실 야구장,18:30,19.7
최지강,2024,Doosan,2024-04-07,@ Lotte,RP,,0.0,,0,6,2,2,2,1,0,0,0,,Away,사직 야구장,14:00,20.5
최지강,2024,Doosan,2024-04-05,@ Lotte,RP,H,0.0,0.0,2,29,0,0,0,0,2,0,1,,Away,사직 야구장,18:30,14.3
최지강,2024,Doosan,2024-04-04,@ SSG,RP,,0.0,3.0,1,25,0,0,1,0,2,2,0,,Away,인천 SSG 랜더스필드,18:30,16.7
최지강,2024,Doosan,2024-04-02,@ SSG,RP,,0.0,1.2,1 ⅔,16,0,0,2,0,1,0,0,,Away,인천 SSG 랜더스필드,18:30,16.9
최지강,2024,Doosan,2024-03-31,vs. Kia,RP,,0.0,0.0,0 ⅔,12,0,0,0,0,0,0,2,,Home,잠실 야구장,14:00,16.1
최지강,2024,Doosan,2024-03-29,vs. Kia,RP,,0.0,1.0,1,16,0,0,0,0,2,1,0,,Home,잠실 야구장,18:30,11.2
최지강,2024,Doosan,2024-03-27,@ KT,RP,,13.5,3.0,0 ⅔,16,1,1,1,0,2,1,0,,Away,수원 KT 위즈파크,18:30,12.2
최지강,2024,Doosan,2024-03-26,@ KT,RP,H,0.0,0.0,1,8,0,0,0,0,1,0,0,,Away,수원 KT 위즈파크,18:30,10.8
최지강,2024,Doosan,2024-03-24,@ NC,RP,H,0.0,1.0,1,23,0,0,1,0,1,0,1,,Away,창원 NC 파크,14:00,13.5
최지강,2023,Doosan,2023-10-12,vs. NC,RP,,0.0,6.0,0 ⅓,16,0,0,0,0,1,2,0,,Home,잠실 야구장,18:30,20.0
최지강,2023,Doosan,2023-09-27,@ SSG,RP,,0.0,3.0,1,16,0,0,3,0,0,0,0,,Away,인천 SSG 랜더스필드,18:30,24.6
최지강,2023,Doosan,2023-09-18,@ Kia,RP,,0.0,,0,13,2,2,2,0,0,1,0,,Away,광주 기아 챔피언스 필드,18:30,29.7
최지강,2023,Doosan,2023-09-14,vs. SSG,RP,,0.0,0.0,1 ⅓,15,0,0,0,0,2,0,0,,Home,잠실 야구장,18:30,26.1
최지강,2023,Doosan,2023-09-12,vs. Hanwha,RP,W,0.0,0.75,1 ⅓,20,0,0,0,0,0,1,0,,Home,잠실 야구장,18:30,28.0
최지강,2023,Doosan,2023-09-10,vs. Samsung,RP,,0.0,1.0,1,14,0,0,0,0,0,1,0,,Home,잠실 야구장,14:00,29.2
최지강,2023,Doosan,2023-09-09,vs. Samsung,RP,,0.0,0.6,1 ⅔,22,0,0,0,0,2,1,0,,Home,잠실 야구장,17:00,30.1
최지강,2023,Doosan,2023-09-06,vs. Kia,RP,,0.0,0.0,1,9,0,0,0,0,0,0,0,,Home,잠실 야구장,18:30,30.4
최지강,2023,Doosan,2023-06-03,@ KT,RP,,54.0,9.0,0 ⅓,14,2,2,0,0,0,3,0,,Away,수원 KT 위즈파크,17:00,23.6
최지강,2023,Doosan,2023-05-30,@ NC,RP,,0.0,1.0,1,24,0,0,0,0,0,1,0,,Away,창원 NC 파크,18:30,19.9
최지강,2023,Doosan,2023-05-07,vs. LG,RP,,9.0,3.0,1,22,1,1,1,0,0,2,0,,Home,잠실 야구장,14:00,17.2
최지강,2023,Doosan,2023-05-04,vs. Hanwha,RP,,0.0,2.0,1,25,0,0,2,0,0,0,0,,Home,잠실 야구장,18:30,25.0
최지강,2023,Doosan,2023-05-03,vs. Hanwha,RP,,108.0,18.0,0 ⅓,25,4,4,5,0,1,1,0,,Home,잠실 야구장,18:30,22.7
최지강,2023,Doosan,2023-04-26,@ Samsung,RP,,0.0,1.0,1,16,0,0,0,0,1,1,0,,Away,대구 삼성 라이온즈 파크,18:30,16.0
최지강,2023,Doosan,2023-04-23,vs. KT,RP,,0.0,0.0,2,19,0,0,0,0,0,0,0,,Home,잠실 야구장,14:00,22.0
최지강,2023,Doosan,2023-04-22,vs. KT,RP,H,0.0,0.75,1 ⅓,9,0,0,1,0,0,0,0,,Home,잠실 야구장,17:00,22.2
최지강,2023,Doosan,2023-04-21,vs. KT,RP,,0.0,1.0,1,20,0,0,1,0,1,0,0,,Home,잠실 야구장,18:30,20.8
최지강,2023,Doosan,2023-04-19,@ Hanwha,RP,L,54.0,6.0,0 ⅓,12,2,2,0,0,1,2,0,,Away,대전 한화생명 볼파크,18:30,25.2
최지강,2023,Doosan,2023-04-15,@ LG,RP,,0.0,,0,5,0,0,0,0,0,1,0,,Away,잠실 야구장,17:00,16.3
최지강,2023,Doosan,2023-04-13,vs. Kiwoom,RP,,0.0,2.0,1,24,0,0,0,0,2,2,0,,Home,잠실 야구장,18:30,16.7
최지강,2023,Doosan,2023-04-09,@ Kia,RP,H,0.0,0.0,0 ⅔,7,0,0,0,0,0,0,0,,Away,광주 기아 챔피언스 필드,14:00,18.1
최지강,2023,Doosan,2023-04-08,@ Kia,RP,,0.0,0.0,1,10,0,0,0,0,0,0,0,,Away,광주 기아 챔피언스 필드,17:00,14.6
최지강,2023,Doosan,2023-04-06,vs. NC,RP,,27.0,3.0,0 ⅔,22,2,2,1,0,1,1,1,,Home,잠실 야구장,18:30,7.8
최지강,2023,Doosan,2023-04-02,vs. Lotte,RP,,0.0,0.0,1,11,0,0,0,0,1,0,0,,Home,잠실 야구장,14:00,24.3
최지강,2023,Doosan,2023-04-01,vs. Lotte,RP,W,0.0,0.0,0 ⅔,9,0,0,0,0,1,0,0,,Home,잠실 야구장,14:00,25.0
최지강,2022,Doosan,2022-09-02,vs. Lotte,RP,,20.25,4.5,1 ⅓,41,3,3,4,0,1,2,0,,Home,잠실 야구장,18:30,28.0
최지강,2022,Doosan,2022-08-25,@ Hanwha,RP,,27.0,6.0,0 ⅓,15,1,1,2,0,1,0,0,,Away,대전 한화생명 볼파크,18:30,24.1
최원준,2024,Doosan,2024-09-23,vs. SSG,SP,,10.8,2.1,3 ⅓,72,4,4,6,0,3,1,1,33.0,Home,잠실 야구장,18:30,23.4
최원준,2024,Doosan,2024-09-17,vs. Samsung,SP,W,3.0,1.33,6,101,2,2,5,1,3,3,0,54.0,Home,잠실 야구장,18:30,31.2
최원준,2024,Doosan,2024-09-03,@ Hanwha,SP,L,6.23,1.85,4 ⅓,71,3,3,7,1,1,1,0,37.0,Away,대전 한화생명 볼파크,18:30,29.1
최원준,2024,Doosan,2024-08-27,@ NC,SP,,13.5,2.25,4,91,6,6,6,2,4,3,0,27.0,Away,창원 NC 파크,18:30,30.2
최원준,2024,Doosan,2024-08-21,@ Samsung,SP,W,3.6,1.6,5,89,2,2,8,1,3,0,0,46.0,Away,대구 삼성 라이온즈 파크,18:30,31.9
최원준,2024,Doosan,2024-08-15,vs. Lotte,SP,,6.23,1.15,4 ⅓,66,3,3,4,1,3,1,0,45.0,Home,잠실 야구장,18:30,30.5
최원준,2024,Doosan,2024-08-09,@ SSG,SP,,23.63,2.63,2 ⅔,84,7,7,5,1,1,2,1,18.0,Away,인천 SSG 랜더스필드,18:30,31.8
최원준,2024,Doosan,2024-08-02,vs. Kiwoom,SP,,7.2,1.8,5,96,4,4,7,1,4,2,1,38.0,Home,잠실 야구장,18:30,33.3
최원준,2024,Doosan,2024-07-27,@ SSG,SP,,1.5,0.33,6,77,1,1,2,1,5,0,0,69.0,Away,인천 SSG 랜더스필드,18:00,32.0
최원준,2024,Doosan,2024-07-21,@ LG,SP,,5.4,1.4,5,70,3,3,6,1,2,1,0,44.0,Away,잠실 야구장,17:00,30.8
최원준,2024,Doosan,2024-07-16,@ Lotte,SP,,0.0,1.0,5,85,0,0,3,0,1,2,1,59.0,Away,사직 야구장,18:30,26.4
최원준,2024,Doosan,2024-06-30,vs. SSG,SP,,1.8,0.4,5,71,1,1,2,0,3,0,0,62.0,Home,잠실 야구장,17:00,26.9
최원준,2024,Doosan,2024-06-25,@ Hanwha,SP,L,8.31,1.38,4 ⅓,74,4,4,4,0,3,2,1,39.0,Away,대전 한화생명 볼파크,18:30,25.8
최원준,2024,Doosan,2024-06-19,vs. NC,SP,L,8.31,1.15,4 ⅓,70,4,4,5,2,5,0,0,42.0,Home,잠실 야구장,18:30,32.5
최원준,2024,Doosan,2024-06-13,vs. Hanwha,SP,W,4.76,1.76,5 ⅔,88,3,3,8,0,3,2,1,41.0,Home,잠실 야구장,18:30,29.2
최원준,2024,Doosan,2024-05-28,vs. KT,SP,L,11.25,1.75,4,85,5,5,6,1,3,1,1,31.0,Home,잠실 야구장,18:30,25.5
최원준,2024,Doosan,2024-05-21,vs. SSG,SP,W,3.6,1.6,5,97,2,2,6,0,2,2,0,47.0,Home,잠실 야구장,18:30,26.1
최원준,2024,Doosan,2024-05-15,@ Kia,SP,L,10.8,2.1,3 ⅓,68,4,4,7,1,1,0,1,30.0,Away,광주 기아 챔피언스 필드,18:30,11.6
최원준,2024,Doosan,2024-05-09,@ Kiwoom,SP,,3.6,0.8,5,74,2,2,4,1,3,0,0,54.0,Away,고척 스카이돔,18:30,25.5
최원준,2024,Doosan,2024-05-02,vs. Samsung,SP,L,3.6,1.4,5,77,2,2,5,0,2,2,1,48.0,Home,잠실 야구장,18:30,21.7
최원준,2024,Doosan,2024-04-25,vs. NC,SP,W,1.35,0.45,6 ⅔,105,1,1,2,0,5,1,1,69.0,Home,잠실 야구장,18:30,19.7
최원준,2024,Doosan,2024-04-19,vs. Kiwoom,SP,,15.0,3.0,3,70,5,5,7,0,4,2,0,27.0,Home,잠실 야구장,18:30,21.1
최원준,2024,Doosan,2024-04-02,@ SSG,SP,L,18.0,2.0,3,54,6,6,5,3,5,1,0,29.0,Away,인천 SSG 랜더스필드,18:30,16.9
최원준,2024,Doosan,2024-03-27,@ KT,SP,W,9.0,2.0,5,94,5,5,5,3,3,5,0,35.0,Away,수원 KT 위즈파크,18:30,12.2
최원준,2023,Doosan,2023-10-11,@ Lotte,SP,L,16.2,3.6,1 ⅔,43,3,3,5,1,0,1,0,32.0,Away,사직 야구장,18:30,19.8
최원준,2023,Doosan,2023-09-29,vs. LG,SP,,2.7,0.9,6 ⅔,81,2,2,4,0,1,2,1,56.0,Home,잠실 야구장,18:30,22.8
최원준,2023,Doosan,2023-09-24,@ NC,RP,,0.0,0.5,2,31,0,0,1,0,3,0,0,,Away,창원 NC 파크,14:00,24.9
최원준,2023,Doosan,2023-09-19,vs. NC,RP,,3.0,0.33,3,32,1,1,1,1,1,0,0,,Home,잠실 야구장,18:30,27.0
최원준,2023,Doosan,2023-09-07,vs. Kia,SP,W,0.0,0.8,5,59,0,0,4,0,1,0,0,60.0,Home,잠실 야구장,18:30,28.8
최원준,2023,Doosan,2023-08-26,vs. SSG,RP,,0.0,0.0,0 ⅔,1,0,0,0,0,0,0,0,,Home,잠실 야구장,18:00,29.3
최원준,2023,Doosan,2023-08-24,@ Kiwoom,RP,,0.0,1.8,1 ⅔,31,0,0,3,0,2,0,0,,Away,고척 스카이돔,18:30,25.5
최원준,2023,Doosan,2023-08-20,vs. NC,RP,,0.0,2.0,1,21,0,0,1,0,1,1,0,,Home,잠실 야구장,17:00,31.8
최원준,2023,Doosan,2023-08-17,vs. KT,RP,,4.5,1.5,2,47,1,1,3,0,2,0,0,,Home,잠실 야구장,18:30,31.4
최원준,2023,Doosan,2023-08-13,@ Hanwha,SP,L,27.0,4.5,1 ⅓,38,4,4,5,0,1,1,0,28.0,Away,대전 한화생명 볼파크,17:00,31.9
최원준,2023,Doosan,2023-08-02,@ Hanwha,SP,,1.8,0.8,5,61,1,1,3,1,4,1,0,60.0,Away,대전 한화생명 볼파크,18:30,32.8
최원준,2023,Doosan,2023-07-27,vs. Lotte,SP,L,10.8,2.2,5,97,6,6,9,1,2,2,0,25.0,Home,잠실 야구장,18:30,32.4
최원준,2023,Doosan,2023-07-09,vs. Kiwoom,SP,W,3.6,1.4,5,90,2,2,6,1,4,1,1,49.0,Home,잠실 야구장,17:00,27.2
최원준,2023,Doosan,2023-07-04,@ Samsung,SP,,7.36,1.64,3 ⅔,62,3,3,5,1,3,1,1,40.0,Away,대구 삼성 라이온즈 파크,18:30,26.3
최원준,2023,Doosan,2023-06-27,vs. NC,SP,,0.0,0.67,6,85,0,0,3,0,4,1,0,69.0,Home,잠실 야구장,18:30,28.9
최원준,2023,Doosan,2023-06-21,vs. SSG,SP,L,3.38,1.5,5 ⅓,90,2,2,7,0,5,1,1,49.0,Home,잠실 야구장,18:30,24.3
최원준,2023,Doosan,2023-06-15,@ NC,SP,L,21.0,3.33,3,86,7,7,7,1,2,3,0,16.0,Away,창원 NC 파크,18:30,25.2
최원준,2023,Doosan,2023-05-30,@ NC,SP,L,12.27,2.73,3 ⅔,84,5,5,8,0,3,2,1,25.0,Away,창원 NC 파크,18:30,19.9
최원준,2023,Doosan,2023-05-21,@ KT,SP,L,11.25,1.75,4,67,5,5,7,1,1,0,1,28.0,Away,수원 KT 위즈파크,14:00,20.0
최원준,2023,Doosan,2023-05-16,@ Kiwoom,SP,W,1.5,1.33,6,97,1,1,5,0,5,3,0,60.0,Away,고척 스카이돔,18:30,25.5
최원준,2023,Doosan,2023-05-10,@ Lotte,SP,L,3.86,1.14,7,87,3,3,7,1,6,1,0,56.0,Away,사직 야구장,18:30,19.1
최원준,2023,Doosan,2023-04-29,@ SSG,SP,L,11.25,2.0,4,91,6,5,5,0,4,3,2,29.0,Away,인천 SSG 랜더스필드,17:00,11.4
최원준,2023,Doosan,2023-04-23,vs. KT,SP,,1.5,1.17,6,92,1,1,6,0,3,1,1,57.0,Home,잠실 야구장,14:00,22.0
최원준,2023,Doosan,2023-04-18,@ Hanwha,SP,,0.0,0.43,7,105,0,0,1,0,7,2,1,79.0,Away,대전 한화생명 볼파크,18:30,13.8
최원준,2023,Doosan,2023-04-08,@ Kia,SP,,9.0,1.8,5,89,5,5,8,2,4,1,1,33.0,Away,광주 기아 챔피언스 필드,17:00,14.6
최원준,2023,Doosan,2023-04-02,vs. Lotte,SP,L,2.57,0.71,7,96,2,2,5,0,2,0,1,60.0,Home,잠실 야구장,14:00,24.3
최원준,2022,Doosan,2022-10-08,vs. Kiwoom,SP,L,2.57,1.29,7,105,2,2,6,1,2,3,0,56.0,Home,잠실 야구장,17:00,19.6
최원준,2022,Doosan,2022-10-02,@ Lotte,SP,L,4.5,1.5,6,82,3,3,9,1,3,0,0,45.0,Away,사직 야구장,14:00,27.5
최원준,2022,Doosan,2022-09-27,@ KT,SP,,1.29,0.71,7,106,1,1,5,1,8,0,0,71.0,Away,수원 KT 위즈파크,18:30,24.4
최원준,2022,Doosan,2022-09-21,vs. NC,SP,L,5.4,1.4,5,85,3,3,5,0,4,2,0,47.0,Home,잠실 야구장,18:30,21.9
최원준,2022,Doosan,2022-09-15,@ Samsung,SP,L,19.29,3.43,2 ⅓,70,5,5,7,1,1,1,1,22.0,Away,대구 삼성 라이온즈 파크,18:30,26.1
최원준,2022,Doosan,2022-09-09,vs. Hanwha,SP,W,0.0,1.6,5,104,0,0,5,0,5,3,0,59.0,Home,잠실 야구장,18:30,27.0
최원준,2022,Doosan,2022-09-03,vs. Samsung,SP,L,4.5,1.5,6,108,3,3,9,1,2,0,1,43.0,Home,잠실 야구장,17:00,27.6
최원준,2022,Doosan,2022-08-28,@ Kia,SP,,7.2,1.8,5,94,4,4,9,3,0,0,0,33.0,Away,광주 기아 챔피언스 필드,17:00,26.5
최원준,2022,Doosan,2022-08-23,vs. KT,SP,,0.0,0.83,6,109,1,0,5,0,6,0,0,66.0,Home,잠실 야구장,18:30,29.0
최원준,2022,Doosan,2022-08-17,@ Lotte,SP,,5.4,2.0,5,96,6,3,9,0,6,1,0,36.0,Away,사직 야구장,18:30,26.6
최원준,2022,Doosan,2022-08-10,vs. NC,SP,L,9.82,3.0,3 ⅔,87,4,4,9,0,0,2,1,24.0,Home,잠실 야구장,18:30,27.9
최원준,2022,Doosan,2022-08-03,vs. Samsung,SP,W,1.59,1.06,5 ⅔,103,1,1,6,0,4,0,1,56.0,Home,잠실 야구장,18:30,30.9
최원준,2022,Doosan,2022-07-26,vs. Lotte,SP,W,0.0,0.79,6 ⅓,88,0,0,5,0,5,0,1,67.0,Home,잠실 야구장,18:30,32.5
최원준,2022,Doosan,2022-07-14,@ NC,SP,W,3.0,1.33,6,99,2,2,7,1,2,1,0,51.0,Away,창원 NC 파크,18:30,32.7
최원준,2022,Doosan,2022-07-08,vs. LG,SP,L,7.11,1.11,6 ⅓,97,5,5,4,2,5,3,1,46.0,Home,잠실 야구장,18:30,29.3
최원준,2022,Doosan,2022-07-02,@ KT,SP,L,12.46,2.08,4 ⅓,88,6,6,6,1,5,3,0,29.0,Away,수원 KT 위즈파크,18:00,30.8
최원준,2022,Doosan,2022-06-26,vs. Kia,SP,,0.0,1.41,5 ⅔,98,0,0,3,0,1,5,0,59.0,Home,잠실 야구장,17:00,29.8
최원준,2022,Doosan,2022-06-19,vs. KT,SP,L,5.4,1.6,5,82,7,3,7,2,3,1,0,35.0,Home,잠실 야구장,17:00,26.6
최원준,2022,Doosan,2022-06-08,vs. Hanwha,SP,L,6.35,0.88,5 ⅔,91,4,4,5,0,6,0,0,49.0,Home,잠실 야구장,18:30,24.9
최원준,2022,Doosan,2022-06-02,vs. Kia,SP,,2.84,0.95,6 ⅓,94,2,2,5,1,4,1,0,58.0,Home,잠실 야구장,18:30,25.3
최원준,2022,Doosan,2022-05-27,@ NC,SP,W,1.5,1.17,6,91,1,1,5,1,5,2,0,61.0,Away,창원 NC 파크,18:30,28.5
최원준,2022,Doosan,2022-05-21,vs. Lotte,SP,W,4.5,1.17,6,84,3,3,7,2,6,0,0,52.0,Home,잠실 야구장,17:00,24.2
최원준,2022,Doosan,2022-05-15,@ Samsung,SP,,4.5,1.33,6,92,3,3,8,1,4,0,0,48.0,Away,대구 삼성 라이온즈 파크,14:00,19.1
최원준,2022,Doosan,2022-05-08,vs. KT,SP,L,4.5,3.0,2,56,1,1,4,0,2,2,0,44.0,Home,잠실 야구장,14:00,17.8
최원준,2022,Doosan,2022-05-03,@ LG,SP,,1.42,1.42,6 ⅓,98,2,1,7,1,4,2,0,55.0,Away,잠실 야구장,18:30,18.8
최원준,2022,Doosan,2022-04-27,vs. NC,SP,,0.0,1.2,5,87,3,0,4,0,3,2,0,54.0,Home,잠실 야구장,18:30,21.3
최원준,2022,Doosan,2022-04-21,@ Kia,SP,W,1.42,0.47,6 ⅓,79,1,1,3,0,2,0,0,65.0,Away,광주 기아 챔피언스 필드,18:30,19.2
최원준,2022,Doosan,2022-04-15,vs. Kiwoom,SP,L,3.0,1.33,6,94,2,2,7,1,7,1,0,56.0,Home,잠실 야구장,18:30,16.2
최원준,2022,Doosan,2022-04-09,@ Lotte,SP,L,4.5,1.83,6,107,5,3,9,0,3,2,1,38.0,Away,사직 야구장,17:00,19.3
최원준,2022,Doosan,2022-04-03,vs. Hanwha,SP,W,0.0,0.5,6,81,0,0,3,0,5,0,0,71.0,Home,잠실 야구장,14:00,16.0
최원준,2021,Doosan,2021-10-30,@ Hanwha,SP,,4.91,1.36,3 ⅔,67,3,2,4,0,2,1,0,44.0,Away,대전 한화생명 볼파크,17:00,17.0
최원준,2021,Doosan,2021-10-26,vs. Kiwoom,SP,,1.93,1.29,4 ⅔,77,1,1,6,0,3,0,0,51.0,Home,잠실 야구장,18:30,15.6
최원준,2021,Doosan,2021-10-21,@ SSG,SP,L,23.14,3.0,2 ⅓,46,6,6,7,1,2,0,1,20.0,Away,인천 SSG 랜더스필드,18:30,12.0
최원준,2021,Doosan,2021-10-14,vs. KT,SP,L,6.75,2.06,5 ⅓,110,4,4,10,0,7,1,0,38.0,Home,잠실 야구장,18:30,20.6
최원준,2021,Doosan,2021-10-08,vs. Lotte,SP,W,3.0,1.0,6,86,2,2,5,0,1,1,0,54.0,Home,잠실 야구장,18:30,19.3
최원준,2021,Doosan,2021-10-02,vs. Samsung,SP,W,0.0,0.38,8,98,0,0,3,0,5,0,0,81.0,Home,잠실 야구장,17:00,25.2
최원준,2021,Doosan,2021-09-26,vs. Hanwha,SP,,1.8,1.8,5,99,2,1,6,0,5,3,1,50.0,Home,잠실 야구장,14:00,26.2
최원준,2021,Doosan,2021-09-21,vs. NC,SP,W,3.0,1.17,6,83,2,2,5,1,4,2,0,56.0,Home,잠실 야구장,18:30,25.4
최원준,2021,Doosan,2021-09-15,vs. KT,SP,W,1.5,1.17,6,107,1,1,5,0,4,2,0,60.0,Home,잠실 야구장,18:30,25.4
최원준,2021,Doosan,2021-09-09,@ NC,SP,W,1.29,0.57,7,83,1,1,3,1,7,1,0,73.0,Away,창원 NC 파크,18:30,25.9
최원준,2021,Doosan,2021-09-02,@ SSG,SP,L,12.0,2.67,3,88,4,4,7,2,2,1,0,30.0,Away,인천 SSG 랜더스필드,18:30,25.2
최원준,2021,Doosan,2021-08-26,@ NC,SP,,1.5,1.5,6,102,2,1,9,1,7,0,0,55.0,Away,창원 NC 파크,18:30,29.3
최원준,2021,Doosan,2021-08-19,vs. Kia,SP,,5.06,1.31,5 ⅓,96,3,3,5,0,4,2,0,48.0,Home,잠실 야구장,18:30,28.7
최원준,2021,Doosan,2021-08-13,@ Kiwoom,SP,,8.1,1.8,3 ⅓,76,6,3,4,0,2,2,1,33.0,Away,고척 스카이돔,18:30,25.5
최원준,2021,Doosan,2021-07-06,vs. NC,SP,L,10.38,2.31,4 ⅓,90,6,5,8,3,3,2,2,24.0,Home,잠실 야구장,18:30,28.6
최원준,2021,Doosan,2021-06-30,@ Hanwha,SP,,1.5,1.17,6,98,1,1,6,1,3,1,1,57.0,Away,대전 한화생명 볼파크,18:30,29.9
최원준,2021,Doosan,2021-06-23,vs. Kiwoom,SP,,3.86,1.14,7,109,3,3,6,0,5,2,0,56.0,Home,잠실 야구장,18:30,24.7
최원준,2021,Doosan,2021-06-17,vs. Samsung,SP,W,0.0,0.79,6 ⅓,96,0,0,3,0,3,2,0,68.0,Home,잠실 야구장,18:30,24.4
최원준,2021,Doosan,2021-06-10,@ Lotte,SP,,4.05,1.2,6 ⅔,98,3,3,7,0,3,1,0,50.0,Away,사직 야구장,18:30,24.6
최원준,2021,Doosan,2021-06-04,vs. SSG,SP,W,0.0,1.0,6,96,0,0,5,0,3,1,0,64.0,Home,잠실 야구장,18:30,21.8
최원준,2021,Doosan,2021-05-28,@ Samsung,SP,W,0.0,1.42,6 ⅓,118,0,0,8,0,5,1,0,61.0,Away,대구 삼성 라이온즈 파크,18:30,17.4
최원준,2021,Doosan,2021-05-22,vs. Lotte,SP,,5.06,1.69,5 ⅓,107,3,3,7,0,4,2,0,44.0,Home,잠실 야구장,17:00,23.3
최원준,2021,Doosan,2021-05-17,@ SSG,SP,W,1.8,1.0,5,97,1,1,5,0,4,0,0,57.0,Away,인천 SSG 랜더스필드,18:30,17.4
최원준,2021,Doosan,2021-05-08,@ Kia,SP,,8.44,1.31,5 ⅓,90,5,5,5,2,2,2,2,36.0,Away,광주 기아 챔피언스 필드,17:00,22.2
최원준,2021,Doosan,2021-04-29,@ Kiwoom,SP,W,4.5,0.83,6,89,3,3,5,2,7,0,0,57.0,Away,고척 스카이돔,18:30,25.5
최원준,2021,Doosan,2021-04-23,vs. NC,SP,W,0.0,0.57,7,100,0,0,3,0,4,1,2,72.0,Home,잠실 야구장,18:30,20.5
최원준,2021,Doosan,2021-04-17,@ LG,SP,W,1.5,0.83,6,90,1,1,3,1,4,2,0,64.0,Away,잠실 야구장,17:00,10.6
최원준,2021,Doosan,2021-04-11,@ Hanwha,SP,,1.8,1.8,5,92,1,1,6,0,4,3,0,52.0,Away,대전 한화생명 볼파크,14:00,22.1
최원준,2021,Doosan,2021-04-06,vs. Samsung,SP,,2.08,1.15,4 ⅓,89,1,1,4,0,4,1,0,54.0,Home,잠실 야구장,18:30,17.4
최원준,2020,Doosan,2020-10-29,@ Kia,RP,,0.0,0.0,1,8,0,0,0,0,0,0,0,,Away,광주 기아 챔피언스 필드,18:30,14.1
최원준,2020,Doosan,2020-10-23,vs. Kiwoom,SP,L,4.91,1.91,3 ⅔,85,2,2,4,0,3,3,0,45.0,Home,잠실 야구장,18:30,10.3
최원준,2020,Doosan,2020-10-17,@ Kiwoom,SP,,1.8,1.2,5,95,1,1,4,0,4,2,1,56.0,Away,고척 스카이돔,17:00,25.5
최원준,2020,Doosan,2020-10-11,@ KT,SP,,7.2,2.0,5,93,4,4,8,2,4,2,0,37.0,Away,수원 KT 위즈파크,14:00,19.8
최원준,2020,Doosan,2020-10-06,@ SK,SP,,6.23,1.85,4 ⅓,86,3,3,5,1,5,3,0,43.0,Away,인천 SSG 랜더스필드,18:30,16.5
최원준,2020,Doosan,2020-09-29,@ Hanwha,SP,W,5.4,1.6,5,86,3,3,7,1,2,1,0,42.0,Away,대전 한화생명 볼파크,18:30,22.3
최원준,2020,Doosan,2020-09-24,vs. Samsung,SP,,0.0,1.0,6,103,0,0,4,0,5,2,0,67.0,Home,잠실 야구장,18:30,22.6
최원준,2020,Doosan,2020-09-18,@ KT,SP,,6.35,1.76,5 ⅔,104,4,4,9,1,5,1,1,38.0,Away,수원 KT 위즈파크,18:30,24.0
최원준,2020,Doosan,2020-09-12,@ Kiwoom,SP,L,3.18,1.41,5 ⅔,100,2,2,6,0,5,2,1,51.0,Away,고척 스카이돔,17:00,25.5
최원준,2020,Doosan,2020-09-05,vs. SK,SP,W,1.13,0.63,8,96,1,1,4,1,5,1,1,73.0,Home,잠실 야구장,17:00,27.0
최원준,2020,Doosan,2020-08-29,@ LG,SP,,0.0,0.67,3,52,0,0,1,0,6,1,0,62.0,Away,잠실 야구장,18:00,30.4
최원준,2020,Doosan,2020-08-23,@ SK,SP,W,1.5,1.5,6,110,1,1,6,0,5,3,0,58.0,Away,인천 SSG 랜더스필드,17:00,28.2
최원준,2020,Doosan,2020-08-18,@ Lotte,SP,W,3.0,0.83,6,93,2,2,4,1,4,1,0,59.0,Away,사직 야구장,18:30,30.7
최원준,2020,Doosan,2020-08-12,@ Samsung,SP,W,7.2,2.0,5,93,4,4,10,2,3,0,0,34.0,Away,대구 삼성 라이온즈 파크,18:30,29.6
최원준,2020,Doosan,2020-08-06,vs. Samsung,SP,W,3.6,2.0,5,118,2,2,9,0,4,1,0,44.0,Home,잠실 야구장,18:30,27.9
최원준,2020,Doosan,2020-07-31,@ NC,SP,,7.71,1.93,4 ⅔,99,4,4,7,1,3,2,0,35.0,Away,창원 NC 파크,18:30,30.7
최원준,2020,Doosan,2020-07-25,vs. LG,SP,W,1.8,0.8,5,68,1,1,4,0,2,0,0,57.0,Home,잠실 야구장,18:00,26.9
최원준,2020,Doosan,2020-07-18,@ Kia,SP,W,0.0,1.4,5,87,0,0,5,0,3,2,0,58.0,Away,광주 기아 챔피언스 필드,18:00,26.0
최원준,2020,Doosan,2020-07-08,vs. LG,RP,,0.0,0.0,1,7,0,0,0,0,0,0,0,,Home,잠실 야구장,18:30,29.6
최원준,2020,Doosan,2020-07-04,vs. Hanwha,RP,,0.0,0.0,1,13,0,0,0,0,2,0,0,,Home,잠실 야구장,18:00,26.9
최원준,2020,Doosan,2020-07-03,vs. Hanwha,RP,,0.0,3.0,0 ⅓,5,0,0,1,0,0,0,0,,Home,잠실 야구장,18:30,26.5
최원준,2020,Doosan,2020-06-30,@ Kiwoom,RP,,9.0,1.0,1,11,1,1,1,0,0,0,0,,Away,고척 스카이돔,18:30,25.5
최원준,2020,Doosan,2020-06-28,vs. NC,RP,,9.0,3.0,1,20,1,1,3,1,1,0,0,,Home,잠실 야구장,17:00,29.4
최원준,2020,Doosan,2020-06-25,@ SK,RP,W,0.0,0.86,4 ⅔,59,0,0,2,0,1,2,0,,Away,인천 SSG 랜더스필드,18:30,23.5
최원준,2020,Doosan,2020-06-19,@ LG,RP,,27.0,12.0,0 ⅓,19,1,1,2,0,0,2,0,,Away,잠실 야구장,18:30,28.7
최원준,2020,Doosan,2020-06-17,vs. Samsung,RP,,0.0,0.5,2,22,0,0,1,0,1,0,0,,Home,잠실 야구장,18:30,25.7
최원준,2020,Doosan,2020-06-12,@ Hanwha,SP,W,0.0,0.6,5,84,0,0,2,0,7,1,1,68.0,Away,대전 한화생명 볼파크,18:30,27.8
최원준,2020,Doosan,2020-06-09,@ NC,RP,,0.0,,0,9,2,2,2,0,0,0,0,,Away,창원 NC 파크,18:30,25.6
최원준,2020,Doosan,2020-06-06,vs. Kia,RP,,0.0,0.0,1 ⅓,18,0,0,0,0,1,0,0,,Home,잠실 야구장,17:00,28.8
최원준,2020,Doosan,2020-06-04,@ KT,RP,,0.0,2.0,1,14,0,0,1,0,0,1,0,,Away,수원 KT 위즈파크,18:30,25.0
최원준,2020,Doosan,2020-06-02,@ KT,RP,,0.0,1.0,1,14,0,0,1,0,2,0,0,,Away,수원 KT 위즈파크,18:30,21.8
최원준,2020,Doosan,2020-05-31,vs. Lotte,RP,,0.0,0.0,1 ⅔,27,0,0,0,0,2,0,0,,Home,잠실 야구장,14:00,27.5
최원준,2020,Doosan,2020-05-28,vs. SK,RP,,0.0,0.0,1,15,0,0,0,0,1,0,0,,Home,잠실 야구장,18:30,22.8
최원준,2020,Doosan,2020-05-24,@ Samsung,RP,,0.0,2.0,1,19,0,0,2,0,1,0,0,,Away,대구 삼성 라이온즈 파크,14:00,21.7
최원준,2020,Doosan,2020-05-23,@ Samsung,RP,,27.0,3.0,0 ⅔,24,2,2,2,2,0,0,0,,Away,대구 삼성 라이온즈 파크,17:00,20.0
최원준,2020,Doosan,2020-05-21,vs. NC,RP,,54.0,6.0,0 ⅔,17,4,4,4,2,1,0,0,,Home,잠실 야구장,18:30,21.9
최원준,2020,Doosan,2020-05-19,vs. NC,RP,,0.0,1.5,2,40,0,0,2,0,1,1,1,,Home,잠실 야구장,18:30,14.9
최원준,2020,Doosan,2020-05-15,@ Kia,RP,,0.0,1.0,2,34,0,0,2,0,1,0,0,,Away,광주 기아 챔피언스 필드,18:30,18.2
최원준,2020,Doosan,2020-05-13,@ Lotte,RP,,54.0,6.0,0 ⅓,13,2,2,2,0,0,0,0,,Away,사직 야구장,18:30,21.0
최원준,2020,Doosan,2020-05-08,vs. KT,RP,,12.0,2.33,3,60,4,4,6,0,2,1,1,,Home,잠실 야구장,18:30,20.5
최원준,2020,Doosan,2020-05-07,@ LG,RP,,0.0,0.0,0 ⅔,12,0,0,0,0,0,0,0,,Away,잠실 야구장,18:30,23.6
최원준,2020,Doosan,2020-05-05,@ LG,RP,,6.75,0.75,1 ⅓,16,1,1,1,0,2,0,0,,Away,잠실 야구장,14:00,17.7
김명신,2024,Doosan,2024-08-29,@ NC,RP,,45.0,5.0,1,29,5,5,5,1,0,0,0,,Away,창원 NC 파크,18:30,30.6
김명신,2024,Doosan,2024-08-03,vs. Kiwoom,RP,,18.0,4.0,2,56,4,4,8,0,3,0,1,,Home,잠실 야구장,18:00,34.1
김명신,2024,Doosan,2024-07-28,@ SSG,RP,,0.0,,0,7,2,2,3,1,0,0,0,,Away,인천 SSG 랜더스필드,17:00,31.8
김명신,2024,Doosan,2024-07-25,vs. Kiwoom,RP,,0.0,0.43,2 ⅓,27,0,0,1,0,0,0,0,,Home,잠실 야구장,18:30,32.9
김명신,2024,Doosan,2024-07-21,@ LG,RP,,0.0,0.0,0 ⅓,7,0,0,0,0,0,0,0,,Away,잠실 야구장,17:00,30.8
김명신,2024,Doosan,2024-07-17,@ Lotte,RP,,0.0,,0,2,1,1,1,1,0,0,0,,Away,사직 야구장,18:30,29.1
김명신,2024,Doosan,2024-07-16,@ Lotte,RP,,0.0,1.5,0 ⅔,12,0,0,1,0,0,0,0,,Away,사직 야구장,18:30,26.4
김명신,2024,Doosan,2024-07-12,vs. Samsung,RP,,27.0,3.0,0 ⅓,18,1,1,0,0,1,1,0,,Home,잠실 야구장,18:30,30.5
김명신,2024,Doosan,2024-07-11,@ KT,RP,,0.0,0.0,0 ⅔,6,0,0,0,0,0,0,0,,Away,수원 KT 위즈파크,18:30,27.8
김명신,2024,Doosan,2024-06-28,vs. SSG,RP,,0.0,2.0,1,17,0,0,2,0,1,0,0,,Home,잠실 야구장,18:30,28.6
김명신,2024,Doosan,2024-06-26,@ Hanwha,RP,,0.0,1.0,1,10,0,0,1,0,0,0,0,,Away,대전 한화생명 볼파크,18:30,27.4
김명신,2024,Doosan,2024-06-23,@ Samsung,RP,,0.0,0.33,3,51,0,0,1,0,2,0,0,,Away,대구 삼성 라이온즈 파크,17:00,26.5
김명신,2024,Doosan,2024-06-21,@ Samsung,RP,,0.0,2.0,1,21,0,0,1,0,0,1,0,,Away,대구 삼성 라이온즈 파크,18:30,26.4
김명신,2024,Doosan,2024-06-16,@ Kiwoom,RP,,9.0,2.0,1,20,1,1,2,0,2,0,0,,Away,고척 스카이돔,14:00,25.5
김명신,2024,Doosan,2024-06-13,vs. Hanwha,RP,,0.0,3.0,0 ⅓,10,0,0,1,0,1,0,0,,Home,잠실 야구장,18:30,29.2
김명신,2024,Doosan,2024-06-11,vs. Hanwha,RP,,0.0,1.0,1,12,0,0,1,0,2,0,0,,Home,잠실 야구장,18:30,27.8
김명신,2024,Doosan,2024-06-08,vs. Kia,RP,W,7.36,1.64,3 ⅔,50,3,3,6,1,1,0,0,,Home,잠실 야구장,17:00,24.7
김명신,2024,Doosan,2024-06-01,vs. LG,RP,L,81.0,9.0,0 ⅓,15,3,3,3,1,0,0,0,,Home,잠실 야구장,17:00,23.7
김명신,2024,Doosan,2024-05-30,vs. KT,RP,,6.75,0.75,1 ⅓,20,1,1,1,1,0,0,0,,Home,잠실 야구장,18:30,23.7
김명신,2024,Doosan,2024-05-15,@ Kia,RP,,27.0,6.0,0 ⅓,17,1,1,2,0,0,0,1,,Away,광주 기아 챔피언스 필드,18:30,11.6
김명신,2024,Doosan,2024-05-14,@ Kia,RP,,0.0,,0,6,0,0,0,0,0,1,0,,Away,광주 기아 챔피언스 필드,18:30,23.6
김명신,2024,Doosan,2024-05-12,vs. KT,RP,,18.0,4.0,1,21,2,2,4,0,2,0,0,,Home,잠실 야구장,14:00,20.5
김명신,2024,Doosan,2024-05-01,vs. Samsung,RP,,36.0,4.0,1,23,4,4,4,1,2,0,0,,Home,잠실 야구장,18:30,23.1
김명신,2024,Doosan,2024-04-27,@ Hanwha,RP,,5.4,3.0,1 ⅔,35,1,1,4,0,1,1,0,,Away,대전 한화생명 볼파크,17:00,26.7
김명신,2024,Doosan,2024-04-25,vs. NC,RP,,54.0,9.0,0 ⅓,20,2,2,3,0,0,0,0,,Home,잠실 야구장,18:30,19.7
김명신,2024,Doosan,2024-04-23,vs. NC,RP,H,9.0,2.0,1,19,1,1,1,0,0,1,0,,Home,잠실 야구장,18:30,19.9
김명신,2024,Doosan,2024-04-19,vs. Kiwoom,RP,,0.0,1.0,1,19,0,0,1,0,2,0,0,,Home,잠실 야구장,18:30,21.1
김명신,2024,Doosan,2024-04-14,vs. LG,RP,H,0.0,0.0,0 ⅔,6,0,0,0,0,0,0,0,,Home,잠실 야구장,14:00,28.9
김명신,2024,Doosan,2024-04-13,vs. LG,RP,H,0.0,1.0,1,11,0,0,1,0,1,0,0,,Home,잠실 야구장,17:00,26.2
김명신,2024,Doosan,2024-04-11,vs. Hanwha,RP,,0.0,1.0,1,21,0,0,0,0,1,1,0,,Home,잠실 야구장,18:30,20.1
김명신,2024,Doosan,2024-04-09,vs. Hanwha,RP,W,0.0,2.0,1,16,0,0,1,0,1,1,0,,Home,잠실 야구장,18:30,19.7
김명신,2024,Doosan,2024-03-29,vs. Kia,RP,,27.0,9.0,0 ⅓,18,1,1,2,0,0,1,0,,Home,잠실 야구장,18:30,11.2
김명신,2024,Doosan,2024-03-27,@ KT,RP,,0.0,0.0,1,7,0,0,0,0,1,0,0,,Away,수원 KT 위즈파크,18:30,12.2
김명신,2024,Doosan,2024-03-24,@ NC,RP,H,0.0,3.0,0 ⅓,9,0,0,1,0,1,0,0,,Away,창원 NC 파크,14:00,13.5
김명신,2024,Doosan,2024-03-23,@ NC,RP,,0.0,,0,12,1,1,1,1,0,0,0,,Away,창원 NC 파크,14:00,21.4
김명신,2023,Doosan,2023-10-16,vs. SSG,RP,,13.5,1.5,0 ⅔,13,1,1,1,0,1,0,0,,Home,잠실 야구장,18:30,16.2
김명신,2023,Doosan,2023-10-14,@ LG,RP,SV,0.0,0.0,1,12,0,0,0,0,0,0,0,,Away,잠실 야구장,17:00,17.1
김명신,2023,Doosan,2023-10-13,vs. Kia,RP,H,0.0,1.0,1,11,0,0,1,0,0,0,0,,Home,잠실 야구장,18:30,19.6
김명신,2023,Doosan,2023-10-10,@ KT,RP,H,0.0,3.0,0 ⅔,21,0,0,2,0,0,0,0,,Away,수원 KT 위즈파크,18:30,18.3
김명신,2023,Doosan,2023-10-08,vs. Lotte,RP,H,5.4,0.6,1 ⅔,25,1,1,1,0,2,0,0,,Home,잠실 야구장,14:00,18.7
김명신,2023,Doosan,2023-10-03,vs. Kiwoom,RP,H,0.0,3.0,0 ⅓,11,0,0,1,0,0,0,0,,Home,잠실 야구장,18:30,20.6
김명신,2023,Doosan,2023-09-30,vs. LG,RP,H,0.0,4.5,0 ⅔,31,0,0,1,0,0,2,0,,Home,잠실 야구장,17:00,23.9
김명신,2023,Doosan,2023-09-27,@ SSG,RP,,40.5,4.5,0 ⅔,24,3,3,2,1,0,1,0,,Away,인천 SSG 랜더스필드,18:30,24.6
김명신,2023,Doosan,2023-09-24,@ NC,RP,H,0.0,0.6,1 ⅔,27,0,0,0,0,1,1,0,,Away,창원 NC 파크,14:00,24.9
김명신,2023,Doosan,2023-09-22,@ Samsung,RP,H,0.0,0.75,1 ⅓,16,0,0,0,0,1,1,0,,Away,대구 삼성 라이온즈 파크,18:30,23.2
김명신,2023,Doosan,2023-09-21,@ Samsung,RP,H,0.0,1.0,1,14,0,0,1,0,1,0,0,,Away,대구 삼성 라이온즈 파크,18:30,21.9
김명신,2023,Doosan,2023-09-17,@ Kia,RP,H,0.0,0.0,1,14,0,0,0,0,0,0,0,,Away,광주 기아 챔피언스 필드,14:00,30.1
김명신,2023,Doosan,2023-09-15,@ Kia,RP,W,0.0,0.0,1,21,0,0,0,0,1,0,1,,Away,광주 기아 챔피언스 필드,18:30,29.5
김명신,2023,Doosan,2023-09-14,vs. SSG,RP,,0.0,0.0,1,17,0,0,0,0,1,0,0,,Home,잠실 야구장,18:30,26.1
김명신,2023,Doosan,2023-09-12,vs. Hanwha,RP,H,0.0,0.0,1 ⅔,18,0,0,0,0,1,0,0,,Home,잠실 야구장,18:30,28.0
김명신,2023,Doosan,2023-09-08,vs. Samsung,RP,,81.0,12.0,0 ⅓,22,3,3,3,0,1,1,0,,Home,잠실 야구장,18:30,28.5
김명신,2023,Doosan,2023-09-07,vs. Kia,RP,H,0.0,2.0,1,17,0,0,1,0,1,1,0,,Home,잠실 야구장,18:30,28.8
김명신,2023,Doosan,2023-09-03,@ Lotte,RP,H,0.0,0.0,1,15,0,0,0,0,1,0,0,,Away,사직 야구장,14:00,31.0
김명신,2023,Doosan,2023-08-31,@ LG,RP,H,0.0,0.75,1 ⅓,22,0,0,1,0,1,0,0,,Away,잠실 야구장,18:30,27.6
김명신,2023,Doosan,2023-08-27,vs. SSG,RP,L,6.75,0.75,1 ⅓,25,1,1,1,0,2,0,0,,Home,잠실 야구장,17:00,29.8
김명신,2023,Doosan,2023-08-24,@ Kiwoom,RP,,0.0,2.0,1,21,0,0,1,0,1,1,0,,Away,고척 스카이돔,18:30,25.5
김명신,2023,Doosan,2023-08-23,@ Kiwoom,RP,H,0.0,0.0,1 ⅔,19,0,0,0,0,1,0,0,,Away,고척 스카이돔,18:30,25.5
김명신,2023,Doosan,2023-08-20,vs. NC,RP,,81.0,12.0,0 ⅓,16,3,3,3,0,0,1,0,,Home,잠실 야구장,17:00,31.8
김명신,2023,Doosan,2023-08-19,vs. NC,RP,,0.0,1.8,1 ⅔,30,0,0,3,0,0,0,0,,Home,잠실 야구장,18:00,31.7
김명신,2023,Doosan,2023-08-17,vs. KT,RP,,0.0,0.0,1,9,0,0,0,0,0,0,0,,Home,잠실 야구장,18:30,31.4
김명신,2023,Doosan,2023-08-13,@ Hanwha,RP,,27.0,6.0,0 ⅓,16,1,1,2,0,0,0,1,,Away,대전 한화생명 볼파크,17:00,31.9
김명신,2023,Doosan,2023-08-12,@ Hanwha,RP,,27.0,6.0,0 ⅓,15,1,1,1,0,1,1,0,,Away,대전 한화생명 볼파크,18:00,28.6
김명신,2023,Doosan,2023-08-09,vs. Samsung,RP,,13.5,4.5,0 ⅔,16,1,1,2,0,2,1,0,,Home,잠실 야구장,18:30,30.8
김명신,2023,Doosan,2023-08-08,vs. Samsung,RP,,0.0,0.5,2,23,0,0,0,0,2,1,1,,Home,잠실 야구장,18:30,34.9
김명신,2023,Doosan,2023-08-05,vs. KT,RP,H,0.0,0.0,0 ⅓,4,0,0,0,0,1,0,0,,Home,잠실 야구장,18:00,34.3
김명신,2023,Doosan,2023-08-04,vs. KT,RP,,0.0,0.75,1 ⅓,31,0,0,1,0,1,0,0,,Home,잠실 야구장,18:30,33.4
김명신,2023,Doosan,2023-08-02,@ Hanwha,RP,,0.0,0.0,2,26,0,0,0,0,2,0,0,,Away,대전 한화생명 볼파크,18:30,32.8
김명신,2023,Doosan,2023-07-29,vs. LG,RP,,27.0,4.5,0 ⅔,19,2,2,2,0,2,1,0,,Home,잠실 야구장,18:00,32.3
김명신,2023,Doosan,2023-07-26,vs. Lotte,RP,,0.0,1.5,0 ⅔,15,0,0,0,0,0,1,0,,Home,잠실 야구장,18:30,31.3
김명신,2023,Doosan,2023-07-21,@ Kia,RP,H,6.75,0.75,1 ⅓,16,1,1,1,1,1,0,0,,Away,광주 기아 챔피언스 필드,18:30,29.6
김명신,2023,Doosan,2023-07-12,@ SSG,RP,H,0.0,1.0,1,16,0,0,1,0,0,0,0,,Away,인천 SSG 랜더스필드,18:30,28.8
김명신,2023,Doosan,2023-07-08,vs. Kiwoom,RP,H,0.0,0.0,1,12,0,0,0,0,1,0,0,,Home,잠실 야구장,18:00,29.9
김명신,2023,Doosan,2023-07-07,vs. Kiwoom,RP,H,0.0,1.0,1,14,0,0,1,0,0,0,0,,Home,잠실 야구장,18:30,28.2
김명신,2023,Doosan,2023-07-05,@ Samsung,RP,H,0.0,0.75,1 ⅓,25,0,0,1,0,2,0,0,,Away,대구 삼성 라이온즈 파크,18:30,28.7
김명신,2023,Doosan,2023-07-04,@ Samsung,RP,,0.0,1.0,1,17,0,0,0,0,2,1,0,,Away,대구 삼성 라이온즈 파크,18:30,26.3
김명신,2023,Doosan,2023-07-02,@ Lotte,RP,W,0.0,0.0,1 ⅔,19,0,0,0,0,1,0,0,,Away,사직 야구장,17:00,27.7
김명신,2023,Doosan,2023-07-01,@ Lotte,RP,H,0.0,0.5,2,30,0,0,1,0,2,0,0,,Away,사직 야구장,18:00,26.1
김명신,2023,Doosan,2023-06-28,vs. NC,RP,,0.0,0.86,2 ⅓,30,0,0,2,0,2,0,0,,Home,잠실 야구장,18:30,29.1
김명신,2023,Doosan,2023-06-27,vs. NC,RP,,0.0,6.0,0 ⅓,16,0,0,1,0,1,1,0,,Home,잠실 야구장,18:30,28.9
김명신,2023,Doosan,2023-06-23,@ Kiwoom,RP,H,0.0,1.5,0 ⅔,17,0,0,1,0,2,0,0,,Away,고척 스카이돔,18:30,25.5
김명신,2023,Doosan,2023-06-22,vs. SSG,RP,L,9.0,1.0,1,26,1,1,0,0,0,1,0,,Home,잠실 야구장,18:30,25.8
김명신,2023,Doosan,2023-06-09,vs. Kia,RP,,9.0,3.0,1,21,1,1,2,0,0,1,1,,Home,잠실 야구장,18:30,26.2
김명신,2023,Doosan,2023-06-07,vs. Hanwha,RP,,0.0,1.0,2,33,0,0,2,0,3,0,0,,Home,잠실 야구장,18:30,26.0
김명신,2023,Doosan,2023-06-04,@ KT,RP,,6.75,1.5,1 ⅓,21,1,1,2,0,0,0,0,,Away,수원 KT 위즈파크,17:00,24.4
김명신,2023,Doosan,2023-05-31,@ NC,RP,H,0.0,1.0,2,34,0,0,1,0,0,1,0,,Away,창원 NC 파크,18:30,22.9
김명신,2023,Doosan,2023-05-24,vs. Samsung,RP,,0.0,2.0,1,22,0,0,2,0,0,0,0,,Home,잠실 야구장,18:30,23.2
김명신,2023,Doosan,2023-05-23,vs. Samsung,RP,H,0.0,1.5,0 ⅔,9,0,0,1,0,1,0,0,,Home,잠실 야구장,18:30,25.2
김명신,2023,Doosan,2023-05-21,@ KT,RP,,0.0,0.0,1,7,0,0,0,0,0,0,0,,Away,수원 KT 위즈파크,14:00,20.0
김명신,2023,Doosan,2023-05-20,@ KT,RP,,0.0,1.0,1,14,0,0,1,0,1,0,0,,Away,수원 KT 위즈파크,17:00,23.4
김명신,2023,Doosan,2023-05-17,@ Kiwoom,RP,W,9.0,2.0,2,43,2,2,4,0,1,0,1,,Away,고척 스카이돔,18:30,25.5
김명신,2023,Doosan,2023-05-11,@ Lotte,RP,,0.0,1.2,1 ⅔,33,0,0,0,0,2,2,1,,Away,사직 야구장,18:30,19.5
김명신,2023,Doosan,2023-05-10,@ Lotte,RP,,0.0,0.0,1,12,0,0,0,0,2,0,0,,Away,사직 야구장,18:30,19.1
김명신,2023,Doosan,2023-05-07,vs. LG,RP,,18.0,2.0,1,25,2,2,2,1,2,0,0,,Home,잠실 야구장,14:00,17.2
김명신,2023,Doosan,2023-05-04,vs. Hanwha,RP,,0.0,0.33,3,39,0,0,1,0,2,0,0,,Home,잠실 야구장,18:30,25.0
김명신,2023,Doosan,2023-05-03,vs. Hanwha,RP,,0.0,1.5,1 ⅓,16,0,0,2,0,0,0,0,,Home,잠실 야구장,18:30,22.7
김명신,2023,Doosan,2023-04-29,@ SSG,RP,,0.0,3.0,1,36,2,0,2,0,0,1,0,,Away,인천 SSG 랜더스필드,17:00,11.4
김명신,2023,Doosan,2023-04-28,@ SSG,RP,,0.0,0.0,1,19,0,0,0,0,3,0,0,,Away,인천 SSG 랜더스필드,18:30,16.4
김명신,2023,Doosan,2023-04-22,vs. KT,RP,,9.0,2.0,1,28,1,1,2,0,2,0,0,,Home,잠실 야구장,17:00,22.2
김명신,2023,Doosan,2023-04-21,vs. KT,RP,,0.0,,0,9,0,0,0,0,0,1,0,,Home,잠실 야구장,18:30,20.8
김명신,2023,Doosan,2023-04-19,@ Hanwha,RP,,0.0,1.5,0 ⅔,15,0,0,0,0,0,1,0,,Away,대전 한화생명 볼파크,18:30,25.2
김명신,2023,Doosan,2023-04-14,@ LG,RP,,18.0,3.0,1,21,2,2,3,0,0,0,0,,Away,잠실 야구장,18:30,19.5
김명신,2023,Doosan,2023-04-13,vs. Kiwoom,RP,,0.0,1.0,1,16,0,0,1,0,0,0,0,,Home,잠실 야구장,18:30,16.7
김명신,2023,Doosan,2023-04-08,@ Kia,RP,L,6.75,1.5,1 ⅓,28,1,1,1,0,1,1,0,,Away,광주 기아 챔피언스 필드,17:00,14.6
김명신,2023,Doosan,2023-04-05,vs. NC,RP,,0.0,0.86,2 ⅓,46,0,0,1,0,2,1,0,,Home,잠실 야구장,18:30,10.4
김명신,2023,Doosan,2023-04-01,vs. Lotte,RP,,40.5,4.5,0 ⅔,24,3,3,2,0,1,1,0,,Home,잠실 야구장,14:00,25.0
김명신,2022,Doosan,2022-10-08,vs. Kiwoom,RP,,0.0,0.0,1,18,0,0,0,0,0,0,0,,Home,잠실 야구장,17:00,19.6
김명신,2022,Doosan,2022-10-07,vs. Samsung,RP,,54.0,6.0,0 ⅓,13,2,2,1,0,1,1,0,,Home,잠실 야구장,18:30,16.7
김명신,2022,Doosan,2022-10-06,vs. Samsung,RP,H,0.0,1.0,1,13,0,0,1,0,1,0,0,,Home,잠실 야구장,18:30,17.1
김명신,2022,Doosan,2022-10-03,@ Lotte,RP,H,0.0,0.75,1 ⅓,12,0,0,1,0,0,0,0,,Away,사직 야구장,18:30,24.7
김명신,2022,Doosan,2022-09-29,@ Hanwha,RP,H,0.0,1.0,1,18,0,0,1,0,0,0,0,,Away,대전 한화생명 볼파크,18:30,21.9
김명신,2022,Doosan,2022-09-22,@ Kiwoom,RP,W,0.0,1.2,1 ⅔,22,0,0,2,0,0,0,0,,Away,고척 스카이돔,18:30,25.5
김명신,2022,Doosan,2022-09-20,vs. NC,RP,H,0.0,1.0,1,26,0,0,0,0,1,1,0,,Home,잠실 야구장,18:30,21.9
김명신,2022,Doosan,2022-09-18,@ SSG,RP,,0.0,6.0,0 ⅓,7,0,0,2,0,0,0,0,,Away,인천 SSG 랜더스필드,14:00,30.4
김명신,2022,Doosan,2022-09-16,@ Samsung,RP,H,0.0,1.2,1 ⅔,25,0,0,2,0,2,0,0,,Away,대구 삼성 라이온즈 파크,18:30,29.0
김명신,2022,Doosan,2022-09-11,vs. Kia,RP,W,0.0,0.0,1,14,0,0,0,0,0,0,0,,Home,잠실 야구장,14:00,26.4
김명신,2022,Doosan,2022-09-09,vs. Hanwha,RP,,0.0,0.0,1,7,0,0,0,0,0,0,0,,Home,잠실 야구장,18:30,27.0
김명신,2022,Doosan,2022-09-08,vs. Hanwha,RP,,0.0,1.0,1,15,0,0,1,0,1,0,1,,Home,잠실 야구장,18:30,27.8
김명신,2022,Doosan,2022-09-06,@ NC,RP,,0.0,3.0,0 ⅓,5,1,0,1,0,0,0,0,,Away,창원 NC 파크,18:30,25.1
김명신,2022,Doosan,2022-09-03,vs. Samsung,RP,,6.75,1.5,1 ⅓,24,1,1,2,0,2,0,0,,Home,잠실 야구장,17:00,27.6
김명신,2022,Doosan,2022-09-01,vs. Lotte,RP,,0.0,0.0,1,14,0,0,0,0,1,0,0,,Home,잠실 야구장,18:30,27.8
김명신,2022,Doosan,2022-08-31,@ KT,RP,,0.0,0.0,1,13,0,0,0,0,2,0,0,,Away,수원 KT 위즈파크,18:30,25.1
김명신,2022,Doosan,2022-08-28,@ Kia,RP,,40.5,6.0,0 ⅔,18,3,3,3,0,0,1,0,,Away,광주 기아 챔피언스 필드,17:00,26.5
김명신,2022,Doosan,2022-08-25,@ Hanwha,RP,L,27.0,6.0,0 ⅔,22,2,2,4,0,2,0,0,,Away,대전 한화생명 볼파크,18:30,24.1
김명신,2022,Doosan,2022-08-23,vs. KT,RP,,0.0,1.5,1 ⅓,37,0,0,1,0,2,1,0,,Home,잠실 야구장,18:30,29.0
김명신,2022,Doosan,2022-08-20,@ LG,RP,,0.0,6.0,0 ⅓,10,0,0,2,0,1,0,0,,Away,잠실 야구장,18:00,32.0
김명신,2022,Doosan,2022-08-17,@ Lotte,RP,,0.0,0.43,2 ⅓,23,0,0,1,0,1,0,0,,Away,사직 야구장,18:30,26.6
김명신,2022,Doosan,2022-08-14,vs. SSG,RP,,0.0,0.0,1,13,0,0,0,0,2,0,0,,Home,잠실 야구장,17:00,31.6
김명신,2022,Doosan,2022-08-13,vs. SSG,RP,,0.0,1.2,1 ⅔,30,0,0,1,0,2,1,0,,Home,잠실 야구장,18:00,29.6
김명신,2022,Doosan,2022-08-11,vs. NC,RP,,0.0,3.0,0 ⅔,21,0,0,2,0,1,0,0,,Home,잠실 야구장,18:30,28.4
김명신,2022,Doosan,2022-08-07,@ Kia,RP,,0.0,,0,5,1,1,0,0,0,1,0,,Away,광주 기아 챔피언스 필드,17:00,33.8
김명신,2022,Doosan,2022-08-05,@ Kia,RP,H,0.0,0.0,1,8,0,0,0,0,1,0,0,,Away,광주 기아 챔피언스 필드,18:30,33.3
김명신,2022,Doosan,2022-07-29,@ Hanwha,RP,,0.0,1.5,0 ⅔,6,0,0,1,0,0,0,0,,Away,대전 한화생명 볼파크,18:30,33.0
김명신,2022,Doosan,2022-07-28,vs. Lotte,RP,,20.25,2.25,1 ⅓,31,3,3,3,0,2,0,0,,Home,잠실 야구장,18:30,32.8
김명신,2022,Doosan,2022-07-24,vs. SSG,RP,,27.0,3.0,0 ⅔,17,2,2,1,1,0,1,0,,Home,잠실 야구장,17:00,29.7
김명신,2022,Doosan,2022-07-22,vs. SSG,RP,L,9.0,1.0,1,16,1,1,1,0,1,0,0,,Home,잠실 야구장,18:30,28.5
김명신,2022,Doosan,2022-07-13,@ NC,RP,,0.0,1.0,1,10,0,0,1,0,0,0,0,,Away,창원 NC 파크,18:30,26.5
김명신,2022,Doosan,2022-07-12,@ NC,RP,,0.0,0.6,1 ⅔,22,0,0,0,0,1,1,0,,Away,창원 NC 파크,18:30,26.8
김명신,2022,Doosan,2022-07-08,vs. LG,RP,,54.0,7.5,0 ⅔,21,4,4,4,0,0,1,0,,Home,잠실 야구장,18:30,29.3
김명신,2022,Doosan,2022-07-05,vs. Kiwoom,RP,H,0.0,0.0,0 ⅓,6,0,0,0,0,0,0,0,,Home,잠실 야구장,18:30,32.1
김명신,2022,Doosan,2022-07-03,@ KT,RP,,0.0,0.6,1 ⅔,24,0,0,1,0,3,0,0,,Away,수원 KT 위즈파크,17:00,30.9
김명신,2022,Doosan,2022-07-01,@ KT,RP,,9.0,1.0,1,18,1,1,1,1,1,0,0,,Away,수원 KT 위즈파크,18:30,31.2
김명신,2022,Doosan,2022-06-30,@ Lotte,RP,,9.0,3.0,1,30,1,1,1,0,0,2,1,,Away,사직 야구장,18:30,29.0
김명신,2022,Doosan,2022-06-25,vs. Kia,RP,,0.0,1.0,2,33,0,0,1,0,2,1,0,,Home,잠실 야구장,17:00,31.2
김명신,2022,Doosan,2022-06-24,vs. Kia,RP,,0.0,3.0,0 ⅓,8,0,0,1,0,0,0,0,,Home,잠실 야구장,18:30,26.7
김명신,2022,Doosan,2022-06-22,@ SSG,RP,,0.0,0.0,1,10,0,0,0,0,1,0,0,,Away,인천 SSG 랜더스필드,18:30,25.9
김명신,2022,Doosan,2022-06-17,vs. KT,RP,,4.5,1.5,2,48,1,1,2,1,2,1,0,,Home,잠실 야구장,18:30,27.3
김명신,2022,Doosan,2022-06-11,@ LG,RP,,0.0,0.5,2,25,0,0,1,0,0,0,0,,Away,잠실 야구장,17:00,30.3
김명신,2022,Doosan,2022-06-09,vs. Hanwha,RP,,0.0,0.5,2,27,0,0,0,0,1,1,0,,Home,잠실 야구장,18:30,24.6
김명신,2022,Doosan,2022-06-08,vs. Hanwha,RP,,6.75,2.25,1 ⅓,15,1,1,2,0,0,1,0,,Home,잠실 야구장,18:30,24.9
김명신,2022,Doosan,2022-06-04,@ Samsung,RP,,0.0,1.0,1,21,0,0,0,0,2,1,0,,Away,대구 삼성 라이온즈 파크,17:00,23.1
김명신,2022,Doosan,2022-06-01,vs. Kia,RP,,9.0,1.0,2,22,2,2,2,2,2,0,0,,Home,잠실 야구장,18:30,24.2
김명신,2022,Doosan,2022-05-31,vs. Kia,RP,,13.5,1.5,1 ⅓,18,2,2,2,0,0,0,0,,Home,잠실 야구장,18:30,24.0
김명신,2022,Doosan,2022-05-29,@ NC,RP,H,0.0,3.0,0 ⅔,14,0,0,0,0,0,2,0,,Away,창원 NC 파크,14:00,28.1
김명신,2022,Doosan,2022-05-27,@ NC,RP,,0.0,0.5,2,17,0,0,1,0,1,0,0,,Away,창원 NC 파크,18:30,28.5
김명신,2022,Doosan,2022-05-26,@ Hanwha,RP,,9.0,2.0,1,22,1,1,2,0,1,0,0,,Away,대전 한화생명 볼파크,18:30,24.0
김명신,2022,Doosan,2022-05-22,vs. Lotte,RP,H,0.0,0.0,1,11,0,0,0,0,0,0,1,,Home,잠실 야구장,14:00,25.0
김명신,2022,Doosan,2022-05-21,vs. Lotte,RP,,0.0,1.5,0 ⅔,8,0,0,1,0,0,0,0,,Home,잠실 야구장,17:00,24.2
김명신,2022,Doosan,2022-05-18,vs. SSG,RP,,0.0,0.6,1 ⅔,24,0,0,0,0,2,1,0,,Home,잠실 야구장,18:30,23.9
김명신,2022,Doosan,2022-05-17,vs. SSG,RP,,9.0,1.0,1,23,1,1,1,0,2,0,0,,Home,잠실 야구장,18:30,24.4
김명신,2022,Doosan,2022-05-14,@ Samsung,RP,,0.0,3.0,1,23,0,0,2,0,1,1,0,,Away,대구 삼성 라이온즈 파크,17:00,19.7
김명신,2022,Doosan,2022-05-12,@ Kiwoom,RP,H,0.0,0.0,0 ⅔,6,0,0,0,0,0,0,0,,Away,고척 스카이돔,18:30,25.5
김명신,2022,Doosan,2022-05-08,vs. KT,RP,,4.5,2.5,2,28,1,1,4,0,0,1,0,,Home,잠실 야구장,14:00,17.8
김명신,2022,Doosan,2022-05-07,vs. KT,RP,,0.0,1.5,1 ⅓,24,0,0,1,0,2,1,0,,Home,잠실 야구장,17:00,21.9
김명신,2022,Doosan,2022-05-05,@ LG,RP,W,0.0,0.38,2 ⅔,37,0,0,1,0,1,0,0,,Away,잠실 야구장,14:00,24.8
김명신,2022,Doosan,2022-04-29,@ SSG,RP,L,9.0,3.0,1,21,1,1,2,0,1,1,0,,Away,인천 SSG 랜더스필드,18:30,14.5
김명신,2022,Doosan,2022-04-28,vs. NC,RP,,0.0,0.75,2 ⅔,46,0,0,1,0,3,1,0,,Home,잠실 야구장,18:30,20.2
김명신,2022,Doosan,2022-04-26,vs. NC,RP,,0.0,1.2,1 ⅔,21,0,0,2,0,2,0,0,,Home,잠실 야구장,18:30,25.6
김명신,2022,Doosan,2022-04-24,vs. LG,RP,,0.0,0.0,0 ⅓,1,0,0,0,0,0,0,0,,Home,잠실 야구장,14:00,24.1
김명신,2022,Doosan,2022-04-22,vs. LG,RP,,0.0,0.75,1 ⅓,14,0,0,1,0,0,0,0,,Home,잠실 야구장,18:30,14.9
김명신,2022,Doosan,2022-04-17,vs. Kiwoom,RP,,0.0,1.0,3,48,0,0,3,0,1,0,0,,Home,잠실 야구장,14:00,21.3
김명신,2022,Doosan,2022-04-10,@ Lotte,RP,,0.0,0.0,0 ⅓,1,0,0,0,0,0,0,0,,Away,사직 야구장,14:00,21.5
김명신,2022,Doosan,2022-04-06,vs. Samsung,RP,,0.0,0.0,1,14,0,0,0,0,3,0,0,,Home,잠실 야구장,18:30,14.8
김명신,2022,Doosan,2022-04-05,vs. Samsung,RP,,9.0,1.0,1,10,1,1,0,0,0,1,0,,Home,잠실 야구장,18:30,13.3
김명신,2021,Doosan,2021-10-29,@ Kia,SP,,10.8,3.6,1 ⅔,39,2,2,4,0,0,2,0,37.0,Away,광주 기아 챔피언스 필드,18:30,17.5
김명신,2021,Doosan,2021-10-27,@ SSG,RP,,0.0,2.0,1,21,0,0,1,0,1,1,0,,Away,인천 SSG 랜더스필드,18:30,15.4
김명신,2021,Doosan,2021-10-26,vs. Kiwoom,RP,,9.0,1.0,1,7,1,1,1,0,0,0,1,,Home,잠실 야구장,18:30,15.6
김명신,2021,Doosan,2021-10-24,vs. LG,RP,,0.0,0.0,2,23,0,0,0,0,1,0,0,,Home,잠실 야구장,14:00,16.7
김명신,2021,Doosan,2021-10-23,vs. LG,RP,,0.0,0.0,0 ⅓,6,0,0,0,0,0,0,0,,Home,잠실 야구장,17:00,16.0
김명신,2021,Doosan,2021-10-22,@ SSG,RP,,0.0,0.0,1,7,0,0,0,0,0,0,0,,Away,인천 SSG 랜더스필드,18:30,14.4
김명신,2021,Doosan,2021-10-17,vs. Kia,RP,,0.0,3.0,0 ⅔,11,0,0,2,0,0,0,0,,Home,잠실 야구장,14:00,8.1
김명신,2021,Doosan,2021-10-16,vs. Kia,RP,L,16.2,1.8,1 ⅔,37,3,3,2,1,1,1,0,,Home,잠실 야구장,17:00,5.9
김명신,2021,Doosan,2021-10-14,vs. KT,RP,,0.0,3.0,0 ⅓,6,0,0,1,0,0,0,0,,Home,잠실 야구장,18:30,20.6
김명신,2021,Doosan,2021-10-12,vs. KT,RP,W,0.0,0.0,1 ⅔,26,0,0,0,0,4,0,0,,Home,잠실 야구장,18:30,19.3
김명신,2021,Doosan,2021-10-10,@ NC,RP,,0.0,0.0,1,8,0,0,0,0,0,0,0,,Away,창원 NC 파크,14:00,29.0
김명신,2021,Doosan,2021-10-07,vs. Lotte,RP,,0.0,0.0,0 ⅓,13,1,0,0,0,1,0,0,,Home,잠실 야구장,18:30,20.1
김명신,2021,Doosan,2021-10-06,@ Hanwha,RP,,0.0,1.0,1,16,0,0,1,0,1,0,0,,Away,대전 한화생명 볼파크,18:30,24.7
김명신,2021,Doosan,2021-10-05,@ Hanwha,RP,,9.0,1.0,1,19,1,1,0,0,0,1,0,,Away,대전 한화생명 볼파크,18:30,25.5
김명신,2021,Doosan,2021-10-03,vs. Samsung,RP,,5.4,2.4,1 ⅔,28,1,1,4,0,1,0,0,,Home,잠실 야구장,14:00,28.6
김명신,2021,Doosan,2021-09-30,@ LG,RP,,54.0,6.0,0 ⅓,11,3,2,2,0,0,0,0,,Away,잠실 야구장,18:30,25.4
김명신,2021,Doosan,2021-09-29,@ KT,RP,,4.5,1.5,2,30,1,1,3,1,2,0,0,,Away,수원 KT 위즈파크,18:30,23.1
김명신,2021,Doosan,2021-09-24,@ Kia,RP,,0.0,0.0,2,24,0,0,0,0,3,0,0,,Away,광주 기아 챔피언스 필드,18:30,24.4
김명신,2021,Doosan,2021-09-22,vs. NC,RP,,0.0,0.0,1 ⅔,14,0,0,0,0,0,0,0,,Home,잠실 야구장,18:30,23.3
김명신,2021,Doosan,2021-09-21,vs. NC,RP,,0.0,0.0,1,9,0,0,0,0,1,0,0,,Home,잠실 야구장,18:30,25.4
김명신,2021,Doosan,2021-09-17,vs. SSG,RP,,0.0,1.0,1,12,0,0,1,0,0,0,0,,Home,잠실 야구장,18:30,25.9
김명신,2021,Doosan,2021-09-12,vs. LG,RP,H,0.0,0.0,0 ⅓,9,0,0,0,0,0,0,1,,Home,잠실 야구장,14:00,28.6
김명신,2021,Doosan,2021-09-10,@ NC,RP,,0.0,0.6,1 ⅔,25,0,0,1,0,1,0,1,,Away,창원 NC 파크,18:30,24.0
김명신,2021,Doosan,2021-09-04,@ Samsung,RP,,0.0,,0,9,2,2,2,0,0,0,0,,Away,대구 삼성 라이온즈 파크,17:00,25.6
김명신,2021,Doosan,2021-09-01,vs. Kia,RP,L,9.0,1.0,1,10,1,1,1,1,0,0,0,,Home,잠실 야구장,18:30,25.1
김명신,2021,Doosan,2021-08-29,@ Lotte,RP,,0.0,0.5,2,17,0,0,1,0,2,0,1,,Away,사직 야구장,17:00,29.7
김명신,2021,Doosan,2021-08-28,@ Lotte,RP,,0.0,0.0,1,10,0,0,0,0,0,0,0,,Away,사직 야구장,18:00,29.7
김명신,2021,Doosan,2021-08-24,vs. Hanwha,RP,,9.0,3.0,1,23,2,1,3,0,1,0,0,,Home,잠실 야구장,18:30,27.6
김명신,2021,Doosan,2021-08-20,vs. Hanwha,RP,H,0.0,0.0,0 ⅔,8,0,0,0,0,1,0,0,,Home,잠실 야구장,18:30,29.0
김명신,2021,Doosan,2021-08-13,@ Kiwoom,RP,,0.0,1.0,1,18,0,0,1,0,1,0,0,,Away,고척 스카이돔,18:30,25.5
김명신,2021,Doosan,2021-08-11,@ Samsung,RP,W,0.0,0.0,1 ⅔,21,0,0,0,0,1,0,0,,Away,대구 삼성 라이온즈 파크,18:30,27.6
김명신,2021,Doosan,2021-07-06,vs. NC,RP,,0.0,0.0,1 ⅔,21,0,0,0,0,2,0,0,,Home,잠실 야구장,18:30,28.6
김명신,2021,Doosan,2021-07-02,@ Kia,RP,,0.0,3.0,0 ⅓,6,0,0,1,0,0,0,0,,Away,광주 기아 챔피언스 필드,18:30,29.8
김명신,2021,Doosan,2021-06-19,@ KT,RP,,18.0,4.0,1,35,2,2,1,0,2,3,0,,Away,수원 KT 위즈파크,17:00,26.7
김명신,2021,Doosan,2021-06-15,vs. Samsung,RP,,4.5,1.0,2,24,1,1,2,0,1,0,0,,Home,잠실 야구장,18:30,26.4
김명신,2021,Doosan,2021-06-13,@ LG,RP,,0.0,9.0,0 ⅓,18,0,0,2,0,0,1,0,,Away,잠실 야구장,17:00,29.2
김명신,2021,Doosan,2021-06-11,@ LG,RP,,0.0,0.5,2,29,0,0,0,0,1,1,0,,Away,잠실 야구장,18:30,25.6
김명신,2021,Doosan,2021-06-09,@ Lotte,RP,W,0.0,0.75,1 ⅓,17,0,0,1,0,0,0,0,,Away,사직 야구장,18:30,24.2
김명신,2021,Doosan,2021-06-08,@ Lotte,RP,,0.0,0.0,1,13,0,0,0,0,2,0,0,,Away,사직 야구장,18:30,24.4
김명신,2021,Doosan,2021-06-05,vs. SSG,RP,,0.0,,0,13,2,2,2,1,0,0,0,,Home,잠실 야구장,17:00,25.1
김명신,2021,Doosan,2021-06-02,@ NC,RP,,0.0,1.0,1,12,0,0,1,0,0,0,0,,Away,창원 NC 파크,18:30,22.4
김명신,2021,Doosan,2021-05-29,@ Samsung,RP,,6.0,2.0,3,56,2,2,6,1,1,0,0,,Away,대구 삼성 라이온즈 파크,17:00,22.0
김명신,2021,Doosan,2021-05-28,@ Samsung,RP,,13.5,3.0,0 ⅔,8,1,1,2,0,1,0,0,,Away,대구 삼성 라이온즈 파크,18:30,17.4
김명신,2021,Doosan,2021-05-26,vs. Hanwha,RP,,54.0,12.0,0 ⅓,19,2,2,3,0,0,1,0,,Home,잠실 야구장,18:30,20.7
김명신,2021,Doosan,2021-05-21,vs. Lotte,RP,,0.0,0.0,1,12,0,0,0,0,2,0,0,,Home,잠실 야구장,18:30,17.7
김명신,2021,Doosan,2021-05-13,vs. Kiwoom,RP,,18.0,4.0,1,32,3,2,3,0,1,1,0,,Home,잠실 야구장,18:30,27.2
김명신,2021,Doosan,2021-05-09,@ Kia,RP,,0.0,2.0,1,25,0,0,2,0,1,0,0,,Away,광주 기아 챔피언스 필드,14:00,23.6
김명신,2021,Doosan,2021-05-05,vs. LG,RP,,6.75,1.5,1 ⅓,18,1,1,1,0,0,1,0,,Home,잠실 야구장,14:00,17.9
김명신,2021,Doosan,2021-05-01,vs. SSG,RP,,0.0,1.0,1,27,0,0,1,0,1,0,2,,Home,잠실 야구장,17:00,10.4
김명신,2021,Doosan,2021-04-30,vs. SSG,RP,,0.0,1.0,1,17,0,0,0,0,1,1,0,,Home,잠실 야구장,18:30,12.7
김명신,2021,Doosan,2021-04-28,@ Kiwoom,RP,,27.0,3.0,0 ⅔,16,2,2,2,0,0,0,0,,Away,고척 스카이돔,18:30,25.5
김명신,2021,Doosan,2021-04-27,@ Kiwoom,RP,,0.0,1.0,1,6,0,0,1,0,0,0,0,,Away,고척 스카이돔,18:30,25.5
김명신,2021,Doosan,2021-04-21,@ Lotte,RP,,13.5,1.5,1 ⅓,21,2,2,2,1,1,0,0,,Away,사직 야구장,18:30,20.4
김명신,2021,Doosan,2021-04-18,@ LG,RP,,0.0,1.8,1 ⅔,38,0,0,3,0,1,0,0,,Away,잠실 야구장,14:00,14.1
김명신,2021,Doosan,2021-04-15,vs. KT,RP,,0.0,0.75,1 ⅓,20,0,0,1,0,0,0,0,,Home,잠실 야구장,18:30,15.9
김명신,2021,Doosan,2021-04-13,vs. KT,RP,,0.0,1.0,3,31,0,0,3,0,0,0,0,,Home,잠실 야구장,18:30,10.2
김명신,2021,Doosan,2021-04-10,@ Hanwha,RP,,0.0,0.0,1,11,0,0,0,0,2,0,0,,Away,대전 한화생명 볼파크,17:00,19.0
김명신,2021,Doosan,2021-04-08,vs. Samsung,RP,,0.0,0.75,1 ⅓,30,1,0,1,0,0,0,0,,Home,잠실 야구장,18:30,16.8
김명신,2020,Doosan,2020-10-07,@ SK,RP,,0.0,6.0,0 ⅓,17,0,0,1,0,1,1,1,,Away,인천 SSG 랜더스필드,18:30,18.8
김명신,2020,Doosan,2020-10-01,@ Hanwha,RP,,10.8,1.8,1 ⅔,29,2,2,3,1,2,0,0,,Away,대전 한화생명 볼파크,18:30,22.9
김명신,2020,Doosan,2020-09-23,@ Hanwha,RP,,0.0,1.5,1 ⅓,14,0,0,2,0,0,0,1,,Away,대전 한화생명 볼파크,18:30,22.2
김명신,2020,Doosan,2020-09-22,@ Hanwha,RP,,0.0,0.0,0 ⅓,10,0,0,0,0,0,0,1,,Away,대전 한화생명 볼파크,18:30,22.2
김명신,2020,Doosan,2020-09-19,vs. LG,RP,,13.5,6.0,0 ⅔,19,1,1,4,1,0,0,0,,Home,잠실 야구장,17:00,24.1
김명신,2020,Doosan,2020-09-18,@ KT,RP,,0.0,0.0,1,12,0,0,0,0,0,0,0,,Away,수원 KT 위즈파크,18:30,24.0
김명신,2020,Doosan,2020-09-16,vs. NC,RP,L,9.0,1.0,1,15,1,1,1,1,1,0,0,,Home,잠실 야구장,18:30,24.7
김명신,2020,Doosan,2020-09-13,@ Kiwoom,RP,,0.0,0.5,2,30,0,0,1,0,2,0,0,,Away,고척 스카이돔,14:00,25.5
김명신,2020,Doosan,2020-09-12,@ Kiwoom,RP,,0.0,0.0,0 ⅔,9,0,0,0,0,0,0,0,,Away,고척 스카이돔,17:00,25.5
김명신,2020,Doosan,2020-09-09,vs. KT,RP,,0.0,0.0,1,12,0,0,0,0,1,0,0,,Home,잠실 야구장,18:30,23.0
김명신,2020,Doosan,2020-09-06,vs. SK,RP,,0.0,2.0,1,21,0,0,1,0,0,1,0,,Home,잠실 야구장,14:00,24.7
김명신,2020,Doosan,2020-09-04,@ Samsung,RP,,0.0,1.0,1,14,0,0,0,0,0,1,0,,Away,대구 삼성 라이온즈 파크,18:30,26.7
김명신,2020,Doosan,2020-08-30,@ LG,RP,,9.0,2.0,1,17,1,1,2,0,1,0,0,,Away,잠실 야구장,17:00,32.3
김명신,2020,Doosan,2020-08-29,@ LG,RP,,0.0,1.0,1,12,0,0,1,0,1,0,0,,Away,잠실 야구장,18:00,30.4
김명신,2020,Doosan,2020-07-21,vs. Kiwoom,RP,,27.0,9.0,0 ⅓,19,1,1,2,0,1,1,0,,Home,잠실 야구장,18:30,28.9
김명신,2020,Doosan,2020-07-18,@ Kia,RP,,0.0,2.0,1,19,0,0,2,0,1,0,0,,Away,광주 기아 챔피언스 필드,18:00,26.0
김택연,2024,Doosan,2024-09-26,@ Lotte,RP,SV,6.75,3.0,1 ⅓,38,1,1,1,0,1,3,0,,Away,사직 야구장,18:30,27.2
김택연,2024,Doosan,2024-09-23,vs. SSG,RP,,0.0,0.0,1,6,0,0,0,0,0,0,0,,Home,잠실 야구장,18:30,23.4
김택연,2024,Doosan,2024-09-16,vs. Kiwoom,RP,,0.0,3.0,1,32,1,0,2,0,0,1,0,,Home,잠실 야구장,18:30,31.5
김택연,2024,Doosan,2024-09-14,vs. KT,RP,SV,0.0,0.75,1 ⅓,19,0,0,0,0,2,1,0,,Home,잠실 야구장,17:00,31.7
김택연,2024,Doosan,2024-09-10,@ Kiwoom,RP,,0.0,0.0,0 ⅔,9,0,0,0,0,2,0,0,,Away,고척 스카이돔,18:30,25.5
김택연,2024,Doosan,2024-09-01,vs. Lotte,RP,,0.0,1.71,2 ⅓,31,0,0,3,0,3,1,0,,Home,잠실 야구장,14:00,30.2
김택연,2024,Doosan,2024-08-27,@ NC,RP,SV,0.0,0.0,1 ⅓,22,0,0,0,0,1,0,0,,Away,창원 NC 파크,18:30,30.2
김택연,2024,Doosan,2024-08-24,vs. Hanwha,RP,,54.0,9.0,0 ⅓,33,2,2,3,0,0,0,1,,Home,잠실 야구장,18:00,31.2
김택연,2024,Doosan,2024-08-21,@ Samsung,RP,SV,0.0,1.0,1,18,0,0,1,0,1,0,0,,Away,대구 삼성 라이온즈 파크,18:30,31.9
김택연,2024,Doosan,2024-08-18,@ KT,RP,L,9.0,1.0,1,16,1,1,1,1,2,0,0,,Away,수원 KT 위즈파크,17:00,29.9
김택연,2024,Doosan,2024-08-17,@ KT,RP,SV,0.0,3.0,1,22,0,0,2,0,2,1,0,,Away,수원 KT 위즈파크,18:00,32.0
김택연,2024,Doosan,2024-08-15,vs. Lotte,RP,SV,0.0,0.75,1 ⅓,26,0,0,1,0,1,0,0,,Home,잠실 야구장,18:30,30.5
김택연,2024,Doosan,2024-08-09,@ SSG,RP,W,0.0,0.5,2,30,0,0,0,0,3,1,0,,Away,인천 SSG 랜더스필드,18:30,31.8
김택연,2024,Doosan,2024-08-06,vs. LG,RP,SV,0.0,0.6,1 ⅔,28,0,0,0,0,2,1,0,,Home,잠실 야구장,18:30,33.7
김택연,2024,Doosan,2024-08-01,@ Kia,RP,SV,0.0,0.6,1 ⅔,31,0,0,1,0,3,0,1,,Away,광주 기아 챔피언스 필드,18:30,33.1
김택연,2024,Doosan,2024-07-30,@ Kia,RP,,0.0,2.0,1,11,0,0,2,0,0,0,0,,Away,광주 기아 챔피언스 필드,18:30,32.1
김택연,2024,Doosan,2024-07-24,vs. Kiwoom,RP,SV,0.0,0.0,0 ⅔,11,0,0,0,0,1,0,0,,Home,잠실 야구장,18:30,31.7
김택연,2024,Doosan,2024-07-23,vs. Kiwoom,RP,SV,0.0,1.0,1,19,0,0,0,0,0,1,0,,Home,잠실 야구장,18:30,29.6
김택연,2024,Doosan,2024-07-18,@ Lotte,RP,SV,0.0,1.0,1,18,0,0,1,0,1,0,0,,Away,사직 야구장,18:30,28.8
김택연,2024,Doosan,2024-07-17,@ Lotte,RP,,0.0,1.5,1 ⅓,29,0,0,2,0,2,0,0,,Away,사직 야구장,18:30,29.1
김택연,2024,Doosan,2024-07-13,vs. Samsung,RP,,0.0,1.0,1,14,0,0,1,0,1,0,0,,Home,잠실 야구장,18:00,31.5
김택연,2024,Doosan,2024-07-10,@ KT,RP,L,5.4,1.8,1 ⅔,34,1,1,2,0,5,1,0,,Away,수원 KT 위즈파크,18:30,29.1
김택연,2024,Doosan,2024-07-04,vs. Lotte,RP,SV,0.0,3.0,0 ⅔,23,0,0,1,0,2,1,0,,Home,잠실 야구장,18:30,30.0
김택연,2024,Doosan,2024-07-03,vs. Lotte,RP,SV,0.0,1.2,1 ⅔,30,0,0,2,0,1,0,1,,Home,잠실 야구장,18:30,26.9
김택연,2024,Doosan,2024-06-30,vs. SSG,RP,,6.75,2.25,1 ⅓,29,1,1,2,0,3,1,0,,Home,잠실 야구장,17:00,26.9
김택연,2024,Doosan,2024-06-26,@ Hanwha,RP,,0.0,3.0,1,34,0,0,1,0,1,2,0,,Away,대전 한화생명 볼파크,18:30,27.4
김택연,2024,Doosan,2024-06-20,vs. NC,RP,SV,0.0,0.0,1,11,0,0,0,0,2,0,0,,Home,잠실 야구장,18:30,31.2
김택연,2024,Doosan,2024-06-18,vs. NC,RP,SV,0.0,1.5,0 ⅔,16,0,0,1,0,0,0,0,,Home,잠실 야구장,18:30,28.9
김택연,2024,Doosan,2024-06-14,@ Kiwoom,RP,SV,0.0,0.0,1,11,0,0,0,0,0,0,0,,Away,고척 스카이돔,18:30,25.5
김택연,2024,Doosan,2024-06-13,vs. Hanwha,RP,SV,0.0,0.0,0 ⅓,4,0,0,0,0,1,0,0,,Home,잠실 야구장,18:30,29.2
김택연,2024,Doosan,2024-06-12,vs. Hanwha,RP,,0.0,0.0,1,17,0,0,0,0,2,0,0,,Home,잠실 야구장,18:30,27.6
김택연,2024,Doosan,2024-06-08,vs. Kia,RP,SV,0.0,1.5,0 ⅔,16,0,0,1,0,1,0,0,,Home,잠실 야구장,17:00,24.7
김택연,2024,Doosan,2024-06-07,vs. Kia,RP,,0.0,3.0,0 ⅔,22,0,0,1,0,1,1,0,,Home,잠실 야구장,18:30,26.4
김택연,2024,Doosan,2024-06-05,@ NC,RP,,0.0,0.0,1,13,0,0,0,0,0,0,0,,Away,창원 NC 파크,18:30,21.4
김택연,2024,Doosan,2024-06-04,@ NC,RP,,0.0,2.0,1,23,0,0,0,0,1,2,0,,Away,창원 NC 파크,18:30,22.3
김택연,2024,Doosan,2024-06-01,vs. LG,RP,H,0.0,1.0,1,18,0,0,1,0,0,0,0,,Home,잠실 야구장,17:00,23.7
김택연,2024,Doosan,2024-05-29,vs. KT,RP,,0.0,2.0,1,22,0,0,1,0,2,1,0,,Home,잠실 야구장,18:30,25.4
김택연,2024,Doosan,2024-05-24,@ Kia,RP,,54.0,6.0,0 ⅔,27,4,4,2,1,1,2,0,,Away,광주 기아 챔피언스 필드,18:30,26.7
김택연,2024,Doosan,2024-05-22,vs. SSG,RP,W,0.0,0.0,1 ⅔,18,0,0,0,0,2,0,0,,Home,잠실 야구장,18:30,24.4
김택연,2024,Doosan,2024-05-21,vs. SSG,RP,SV,0.0,0.0,0 ⅔,3,0,0,0,0,0,0,0,,Home,잠실 야구장,18:30,26.1
김택연,2024,Doosan,2024-05-19,vs. Lotte,RP,,0.0,0.0,1,18,0,0,0,0,0,0,0,,Home,잠실 야구장,14:00,26.8
김택연,2024,Doosan,2024-05-18,vs. Lotte,RP,,0.0,0.0,1 ⅓,20,0,0,0,0,3,0,0,,Home,잠실 야구장,17:00,25.3
김택연,2024,Doosan,2024-05-16,@ Kia,RP,,6.75,0.75,1 ⅓,24,1,1,1,0,1,0,0,,Away,광주 기아 챔피언스 필드,18:30,18.9
김택연,2024,Doosan,2024-05-14,@ Kia,RP,,0.0,0.0,0 ⅓,5,0,0,0,0,1,0,0,,Away,광주 기아 챔피언스 필드,18:30,23.6
김택연,2024,Doosan,2024-05-10,vs. KT,RP,H,0.0,2.0,1,25,0,0,2,0,3,0,0,,Home,잠실 야구장,18:30,21.4
김택연,2024,Doosan,2024-05-09,@ Kiwoom,RP,,0.0,1.0,1,16,0,0,1,0,1,0,0,,Away,고척 스카이돔,18:30,25.5
김택연,2024,Doosan,2024-05-08,@ Kiwoom,RP,,0.0,0.0,1,8,0,0,0,0,0,0,0,,Away,고척 스카이돔,18:30,25.5
김택연,2024,Doosan,2024-05-04,@ LG,RP,H,0.0,1.8,1 ⅔,38,0,0,1,0,1,2,0,,Away,잠실 야구장,17:00,25.9
김택연,2024,Doosan,2024-05-02,vs. Samsung,RP,,0.0,2.0,1,14,0,0,2,0,1,0,0,,Home,잠실 야구장,18:30,21.7
김택연,2024,Doosan,2024-04-28,@ Hanwha,RP,W,3.86,1.71,2 ⅓,53,1,1,2,0,4,2,0,,Away,대전 한화생명 볼파크,14:00,28.3
김택연,2024,Doosan,2024-04-26,@ Hanwha,RP,,0.0,2.0,1,23,0,0,2,0,1,0,0,,Away,대전 한화생명 볼파크,18:30,22.9
김택연,2024,Doosan,2024-04-24,vs. NC,RP,,0.0,0.0,1,10,0,0,0,0,1,0,0,,Home,잠실 야구장,18:30,15.3
김택연,2024,Doosan,2024-04-18,@ Samsung,RP,,0.0,0.0,1,12,0,0,0,0,1,0,0,,Away,대구 삼성 라이온즈 파크,18:30,17.9
김택연,2024,Doosan,2024-04-16,@ Samsung,RP,,0.0,0.0,1,13,0,0,0,0,1,0,0,,Away,대구 삼성 라이온즈 파크,18:30,18.7
김택연,2024,Doosan,2024-04-14,vs. LG,RP,,9.0,2.0,1,23,1,1,2,0,1,0,0,,Home,잠실 야구장,14:00,28.9
김택연,2024,Doosan,2024-04-13,vs. LG,RP,H,0.0,1.0,1,17,0,0,0,0,0,1,0,,Home,잠실 야구장,17:00,26.2
김택연,2024,Doosan,2024-04-11,vs. Hanwha,RP,,0.0,0.0,1,12,0,0,0,0,2,0,0,,Home,잠실 야구장,18:30,20.1
김택연,2024,Doosan,2024-03-29,vs. Kia,RP,,0.0,3.0,0 ⅓,12,0,0,0,0,1,1,0,,Home,잠실 야구장,18:30,11.2
김택연,2024,Doosan,2024-03-27,@ KT,RP,,0.0,2.0,1,30,1,0,0,0,1,2,0,,Away,수원 KT 위즈파크,18:30,12.2
김택연,2024,Doosan,2024-03-23,@ NC,RP,,18.0,4.0,1,31,2,2,2,0,1,2,1,,Away,창원 NC 파크,14:00,21.4
고효준,2024,SSG,2024-06-27,vs. KT,RP,L,40.5,4.5,0 ⅔,20,3,3,3,1,0,0,0,,Home,인천 SSG 랜더스필드,18:30,27.0
고효준,2024,SSG,2024-06-25,vs. KT,RP,,0.0,1.0,1,16,0,0,1,0,2,0,0,,Home,인천 SSG 랜더스필드,18:30,25.3
고효준,2024,SSG,2024-06-12,vs. Kia,RP,,54.0,6.0,0 ⅔,27,4,4,1,0,0,3,0,,Home,인천 SSG 랜더스필드,18:30,23.9
고효준,2024,SSG,2024-06-11,vs. Kia,RP,,9.0,1.0,1,17,1,1,1,1,1,0,0,,Home,인천 SSG 랜더스필드,18:30,24.6
고효준,2024,SSG,2024-06-09,@ Lotte,RP,,9.0,2.0,1,20,1,1,2,0,0,0,0,,Away,사직 야구장,17:00,24.0
고효준,2024,SSG,2024-06-07,@ Lotte,RP,,9.0,2.0,1,25,2,1,1,0,1,1,1,,Away,사직 야구장,18:30,23.5
고효준,2024,SSG,2024-06-05,vs. Samsung,RP,,9.0,2.0,1,18,1,1,2,1,0,0,0,,Home,인천 SSG 랜더스필드,18:30,22.6
고효준,2024,SSG,2024-06-04,vs. Samsung,RP,,0.0,1.5,1 ⅓,21,0,0,1,0,2,1,0,,Home,인천 SSG 랜더스필드,18:30,23.8
고효준,2024,SSG,2024-05-04,vs. NC,RP,,40.5,4.5,0 ⅔,27,3,3,2,0,1,1,0,,Home,인천 SSG 랜더스필드,17:00,23.2
고효준,2024,SSG,2024-05-02,@ Hanwha,RP,W,0.0,1.0,1,18,0,0,0,0,0,1,0,,Away,대전 한화생명 볼파크,18:30,22.4
고효준,2024,SSG,2024-04-30,@ Hanwha,RP,,27.0,9.0,0 ⅓,13,1,1,2,0,1,1,0,,Away,대전 한화생명 볼파크,18:30,17.2
고효준,2024,SSG,2024-04-25,@ Lotte,RP,,0.0,1.0,1,24,0,0,0,0,2,1,0,,Away,사직 야구장,18:30,17.6
고효준,2024,SSG,2024-04-21,vs. LG,RP,,40.5,4.5,0 ⅔,22,3,3,0,0,2,3,0,,Home,인천 SSG 랜더스필드,14:00,19.8
고효준,2024,SSG,2024-04-18,vs. Kia,RP,H,0.0,1.5,0 ⅔,18,0,0,0,0,2,1,0,,Home,인천 SSG 랜더스필드,18:30,17.8
고효준,2024,SSG,2024-04-16,vs. Kia,RP,,13.5,3.0,0 ⅔,19,1,1,2,1,0,0,0,,Home,인천 SSG 랜더스필드,18:30,11.5
고효준,2024,SSG,2024-04-14,@ KT,RP,,0.0,2.0,1,21,0,0,0,0,1,2,0,,Away,수원 KT 위즈파크,14:00,27.3
고효준,2024,SSG,2024-04-13,@ KT,RP,H,0.0,0.0,0 ⅔,12,0,0,0,0,1,0,0,,Away,수원 KT 위즈파크,17:00,23.5
고효준,2024,SSG,2024-04-10,vs. Kiwoom,RP,,0.0,0.0,1,10,0,0,0,0,2,0,0,,Home,인천 SSG 랜더스필드,18:30,13.5
고효준,2024,SSG,2024-04-09,vs. Kiwoom,RP,,0.0,1.0,1,17,0,0,1,0,1,0,0,,Home,인천 SSG 랜더스필드,18:30,17.8
고효준,2024,SSG,2024-04-06,@ NC,RP,,0.0,1.0,1,17,0,0,1,0,1,0,0,,Away,창원 NC 파크,17:00,19.0
고효준,2024,SSG,2024-04-03,vs. Doosan,RP,W,0.0,1.0,1,22,0,0,1,0,3,0,0,,Home,인천 SSG 랜더스필드,18:30,16.8
고효준,2024,SSG,2024-04-02,vs. Doosan,RP,H,0.0,1.0,1,13,0,0,0,0,0,1,0,,Home,인천 SSG 랜더스필드,18:30,16.9
고효준,2024,SSG,2024-03-31,@ Samsung,RP,,0.0,0.0,1,13,0,0,0,0,0,0,0,,Away,대구 삼성 라이온즈 파크,14:00,15.1
고효준,2024,SSG,2024-03-30,@ Samsung,RP,,27.0,9.0,0 ⅓,15,1,1,1,0,0,2,0,,Away,대구 삼성 라이온즈 파크,17:00,15.6
고효준,2024,SSG,2024-03-24,vs. Lotte,RP,H,0.0,1.5,0 ⅔,18,0,0,0,0,2,1,0,,Home,인천 SSG 랜더스필드,14:00,20.3
고효준,2024,SSG,2024-03-23,vs. Lotte,RP,H,0.0,3.0,0 ⅔,19,0,0,1,0,2,1,0,,Home,인천 SSG 랜더스필드,14:00,14.9
고효준,2023,SSG,2023-10-14,@ Samsung,RP,,0.0,1.5,0 ⅔,19,0,0,0,0,1,1,1,,Away,대구 삼성 라이온즈 파크,17:00,21.8
고효준,2023,SSG,2023-10-13,vs. Kiwoom,RP,H,0.0,0.0,0 ⅔,7,0,0,0,0,1,0,0,,Home,인천 SSG 랜더스필드,18:30,19.1
고효준,2023,SSG,2023-10-10,@ Kia,RP,H,0.0,0.0,0 ⅓,4,0,0,0,0,1,0,0,,Away,광주 기아 챔피언스 필드,18:30,19.6
고효준,2023,SSG,2023-10-07,@ NC,RP,,0.0,0.0,1,14,0,0,0,0,2,0,0,,Away,창원 NC 파크,17:00,20.7
고효준,2023,SSG,2023-10-06,vs. Hanwha,RP,,0.0,1.0,1,17,0,0,1,0,1,0,0,,Home,인천 SSG 랜더스필드,18:30,19.1
고효준,2023,SSG,2023-10-04,vs. NC,RP,,9.0,3.0,1,24,1,1,3,0,0,0,0,,Home,인천 SSG 랜더스필드,18:30,20.4
고효준,2023,SSG,2023-10-01,vs. Kia,RP,,0.0,3.0,0 ⅓,10,1,0,1,0,1,0,0,,Home,인천 SSG 랜더스필드,14:00,22.2
고효준,2023,SSG,2023-09-27,vs. Doosan,RP,,0.0,,0,34,5,5,2,1,0,3,0,,Home,인천 SSG 랜더스필드,18:30,24.6
고효준,2023,SSG,2023-09-22,vs. Lotte,RP,,0.0,1.0,1,22,0,0,1,0,3,0,0,,Home,인천 SSG 랜더스필드,18:30,23.9
고효준,2023,SSG,2023-09-16,@ LG,RP,,54.0,9.0,0 ⅓,20,2,2,2,0,0,1,0,,Away,잠실 야구장,17:00,27.7
고효준,2023,SSG,2023-09-12,vs. KT,RP,,0.0,0.0,1,18,0,0,0,0,2,0,0,,Home,인천 SSG 랜더스필드,18:30,27.8
고효준,2023,SSG,2023-09-10,@ KT,RP,,0.0,0.0,1,11,0,0,0,0,2,0,0,,Away,수원 KT 위즈파크,14:00,28.7
고효준,2023,SSG,2023-09-09,@ KT,RP,,0.0,1.5,0 ⅔,13,0,0,1,0,1,0,0,,Away,수원 KT 위즈파크,17:00,28.9
고효준,2023,SSG,2023-09-06,@ Hanwha,RP,H,0.0,2.0,1,22,0,0,2,0,2,0,0,,Away,대전 한화생명 볼파크,18:30,28.2
고효준,2023,SSG,2023-09-05,@ Hanwha,RP,,0.0,1.0,1,19,0,0,0,0,2,1,0,,Away,대전 한화생명 볼파크,18:30,29.2
고효준,2023,SSG,2023-09-03,vs. Kia,RP,,9.0,1.0,1,13,1,1,1,0,0,0,0,,Home,인천 SSG 랜더스필드,14:00,29.7
고효준,2023,SSG,2023-09-02,vs. Kia,RP,,27.0,4.0,1,29,3,3,2,0,0,2,0,,Home,인천 SSG 랜더스필드,17:00,28.6
고효준,2023,SSG,2023-08-31,vs. Kiwoom,RP,,0.0,1.0,1,20,0,0,0,0,2,1,0,,Home,인천 SSG 랜더스필드,18:30,26.6
고효준,2023,SSG,2023-08-30,vs. Kiwoom,RP,,0.0,1.0,1,14,0,0,1,0,0,0,1,,Home,인천 SSG 랜더스필드,18:30,25.1
고효준,2023,SSG,2023-08-27,@ Doosan,RP,,0.0,0.0,1 ⅓,23,0,0,0,0,1,0,0,,Away,잠실 야구장,17:00,29.8
고효준,2023,SSG,2023-08-26,@ Doosan,RP,W,0.0,0.0,1 ⅓,16,0,0,0,0,1,0,0,,Away,잠실 야구장,18:00,29.3
고효준,2023,SSG,2023-08-18,vs. LG,RP,,0.0,3.0,0 ⅔,14,1,0,1,0,0,1,0,,Home,인천 SSG 랜더스필드,18:30,30.5
고효준,2023,SSG,2023-08-17,@ Lotte,RP,,0.0,1.0,1,32,0,0,0,0,0,1,0,,Away,사직 야구장,18:30,28.4
고효준,2023,SSG,2023-08-15,@ Lotte,RP,,108.0,12.0,0 ⅓,16,4,4,3,0,0,1,0,,Away,사직 야구장,18:30,30.0
고효준,2023,SSG,2023-08-12,vs. Samsung,RP,,0.0,,0,5,0,0,0,0,0,1,0,,Home,인천 SSG 랜더스필드,18:00,28.1
고효준,2023,SSG,2023-08-08,vs. NC,RP,,27.0,3.0,0 ⅓,14,1,1,0,0,0,1,0,,Home,인천 SSG 랜더스필드,18:30,34.1
고효준,2023,SSG,2023-08-05,@ Lotte,RP,H,0.0,1.0,1,14,0,0,0,0,1,1,0,,Away,사직 야구장,18:00,31.9
고효준,2023,SSG,2023-08-04,@ Lotte,RP,,0.0,3.0,0 ⅔,19,0,0,1,0,1,1,0,,Away,사직 야구장,18:30,32.4
고효준,2023,SSG,2023-08-03,@ KT,RP,,0.0,0.0,0 ⅔,7,0,0,0,0,2,0,0,,Away,수원 KT 위즈파크,18:30,32.2
고효준,2023,SSG,2023-07-30,vs. Hanwha,RP,,0.0,4.5,0 ⅔,26,0,0,1,0,2,2,0,,Home,인천 SSG 랜더스필드,17:00,33.6
고효준,2023,SSG,2023-07-29,vs. Hanwha,RP,H,0.0,0.0,0 ⅓,6,0,0,0,0,0,0,1,,Home,인천 SSG 랜더스필드,18:00,30.8
고효준,2023,SSG,2023-07-28,vs. Hanwha,RP,,0.0,1.0,1,19,0,0,0,0,1,1,0,,Home,인천 SSG 랜더스필드,18:30,31.7
고효준,2023,SSG,2023-07-26,@ Samsung,RP,,40.5,6.0,0 ⅔,22,3,3,4,0,0,0,0,,Away,대구 삼성 라이온즈 파크,18:30,30.7
고효준,2023,SSG,2023-07-25,@ Samsung,RP,,0.0,1.5,0 ⅔,10,0,0,1,0,1,0,0,,Away,대구 삼성 라이온즈 파크,18:30,29.8
고효준,2023,SSG,2023-07-21,@ LG,RP,H,0.0,1.5,0 ⅔,20,0,0,1,0,0,0,0,,Away,잠실 야구장,18:30,33.3
고효준,2023,SSG,2023-07-12,vs. Doosan,RP,,0.0,1.5,0 ⅔,13,0,0,1,0,1,0,0,,Home,인천 SSG 랜더스필드,18:30,28.8
고효준,2023,SSG,2023-07-08,@ Hanwha,RP,,0.0,1.0,1,18,0,0,1,0,0,0,0,,Away,대전 한화생명 볼파크,18:00,29.9
고효준,2023,SSG,2023-07-06,vs. Kia,RP,,0.0,1.0,1,10,0,0,1,0,1,0,0,,Home,인천 SSG 랜더스필드,18:30,29.7
고효준,2023,SSG,2023-07-02,@ Kiwoom,RP,W,0.0,0.0,1 ⅓,16,0,0,0,0,1,0,0,,Away,고척 스카이돔,14:00,25.5
고효준,2023,SSG,2023-06-30,@ Kiwoom,RP,H,0.0,0.0,0 ⅓,3,0,0,0,0,0,0,0,,Away,고척 스카이돔,18:30,25.5
고효준,2023,SSG,2023-06-28,vs. LG,RP,,6.75,2.25,1 ⅓,26,1,1,2,0,1,1,0,,Home,인천 SSG 랜더스필드,18:30,26.5
고효준,2023,SSG,2023-06-25,vs. Samsung,RP,,0.0,1.0,1,22,0,0,0,0,1,1,0,,Home,인천 SSG 랜더스필드,17:00,30.1
고효준,2023,SSG,2023-06-23,vs. Samsung,RP,,0.0,2.0,1,19,0,0,1,0,1,1,0,,Home,인천 SSG 랜더스필드,18:30,27.6
고효준,2023,SSG,2023-06-21,@ Doosan,RP,,0.0,,0,7,0,0,0,0,0,1,0,,Away,잠실 야구장,18:30,24.3
고효준,2023,SSG,2023-06-17,vs. Lotte,RP,,0.0,1.0,1,17,0,0,1,0,2,0,0,,Home,인천 SSG 랜더스필드,17:00,24.7
고효준,2023,SSG,2023-06-15,vs. KT,RP,,9.0,1.0,1,19,1,1,1,1,1,0,0,,Home,인천 SSG 랜더스필드,18:30,24.7
고효준,2023,SSG,2023-06-13,vs. KT,RP,,0.0,1.0,1,24,0,0,0,0,1,1,0,,Home,인천 SSG 랜더스필드,18:30,23.7
고효준,2023,SSG,2023-06-07,@ Kia,RP,,54.0,9.0,0 ⅓,15,2,2,1,0,0,2,0,,Away,광주 기아 챔피언스 필드,18:30,26.0
고효준,2023,SSG,2023-06-06,@ Kia,RP,H,0.0,0.0,0 ⅓,5,0,0,0,0,0,0,0,,Away,광주 기아 챔피언스 필드,18:30,25.5
고효준,2023,SSG,2023-06-02,vs. Kiwoom,RP,,0.0,2.25,1 ⅓,30,0,0,2,0,1,1,0,,Home,인천 SSG 랜더스필드,18:30,22.3
고효준,2023,SSG,2023-05-31,vs. Samsung,RP,,0.0,0.0,0 ⅔,10,0,0,0,0,1,0,0,,Home,인천 SSG 랜더스필드,18:30,22.6
고효준,2023,SSG,2023-05-26,@ Doosan,RP,,0.0,0.0,1,14,0,0,0,0,2,0,0,,Away,잠실 야구장,18:30,24.7
고효준,2023,SSG,2023-05-24,vs. LG,RP,,0.0,,0,9,0,0,1,0,0,1,0,,Home,인천 SSG 랜더스필드,18:30,20.5
고효준,2023,SSG,2023-05-21,@ Lotte,RP,H,0.0,0.0,0 ⅓,2,0,0,0,0,0,0,0,,Away,사직 야구장,14:00,22.3
고효준,2023,SSG,2023-05-20,@ Lotte,RP,,0.0,0.0,1,10,0,0,0,0,2,0,0,,Away,사직 야구장,17:00,20.3
고효준,2023,SSG,2023-05-17,@ NC,RP,,0.0,1.0,1,21,0,0,0,0,2,1,0,,Away,창원 NC 파크,18:30,23.8
고효준,2023,SSG,2023-05-14,vs. Hanwha,RP,,0.0,4.5,0 ⅔,31,0,0,1,0,1,2,0,,Home,인천 SSG 랜더스필드,14:00,20.8
고효준,2023,SSG,2023-05-13,vs. Hanwha,RP,H,0.0,0.0,1,16,0,0,0,0,1,0,0,,Home,인천 SSG 랜더스필드,17:00,18.2
고효준,2023,SSG,2023-05-11,@ Kia,RP,W,0.0,0.75,1 ⅓,22,0,0,0,0,3,1,0,,Away,광주 기아 챔피언스 필드,18:30,22.5
고효준,2023,SSG,2023-05-10,@ Kia,RP,H,0.0,0.0,1,11,0,0,0,0,0,0,0,,Away,광주 기아 챔피언스 필드,18:30,24.0
고효준,2023,SSG,2023-05-07,@ Kiwoom,RP,,0.0,1.0,1,25,0,0,0,0,1,1,0,,Away,고척 스카이돔,14:00,25.5
고효준,2023,SSG,2023-05-04,vs. KT,RP,,6.75,1.5,1 ⅓,30,1,1,1,0,2,1,0,,Home,인천 SSG 랜더스필드,18:30,21.3
고효준,2023,SSG,2023-05-02,vs. KT,RP,,0.0,1.0,1,15,0,0,1,0,2,0,0,,Home,인천 SSG 랜더스필드,18:30,18.3
고효준,2023,SSG,2023-04-30,vs. Doosan,RP,,13.5,4.5,0 ⅔,20,1,1,1,0,1,2,0,,Home,인천 SSG 랜더스필드,14:00,15.4
고효준,2023,SSG,2023-04-27,@ LG,RP,,0.0,1.0,1,16,0,0,0,0,0,1,0,,Away,잠실 야구장,18:30,18.5
고효준,2023,SSG,2023-04-16,vs. NC,RP,,4.5,2.5,2,47,1,1,1,0,1,4,0,,Home,인천 SSG 랜더스필드,14:00,13.4
고효준,2023,SSG,2023-04-15,vs. NC,RP,,0.0,0.0,0 ⅓,4,0,0,0,0,1,0,0,,Home,인천 SSG 랜더스필드,17:00,8.1
고효준,2023,SSG,2023-04-13,@ Samsung,RP,L,0.0,,0,11,2,2,1,1,0,1,0,,Away,대구 삼성 라이온즈 파크,18:30,16.9
고효준,2023,SSG,2023-04-11,@ Samsung,RP,,0.0,3.0,0 ⅓,8,0,0,1,0,0,0,0,,Away,대구 삼성 라이온즈 파크,18:30,17.6
고효준,2023,SSG,2023-04-09,@ Hanwha,RP,H,0.0,0.0,1,21,0,0,0,0,1,0,0,,Away,대전 한화생명 볼파크,14:00,18.0
고효준,2023,SSG,2023-04-08,@ Hanwha,RP,W,0.0,0.0,0 ⅔,12,0,0,0,0,2,0,0,,Away,대전 한화생명 볼파크,17:00,14.7
고효준,2023,SSG,2023-04-07,@ Hanwha,RP,,0.0,0.0,0 ⅔,9,0,0,0,0,1,0,0,,Away,대전 한화생명 볼파크,18:30,11.9
고효준,2023,SSG,2023-04-01,vs. Kia,RP,H,0.0,1.0,1,13,0,0,1,0,0,0,0,,Home,인천 SSG 랜더스필드,14:00,21.2
고효준,2022,SSG,2022-10-05,@ Doosan,RP,,9.0,2.0,1,21,1,1,2,0,0,0,0,,Away,잠실 야구장,18:30,17.7
고효준,2022,SSG,2022-10-03,@ Hanwha,RP,,0.0,0.6,1 ⅔,18,0,0,1,0,0,0,0,,Away,대전 한화생명 볼파크,18:30,25.2
고효준,2022,SSG,2022-10-01,@ Kia,RP,,0.0,,0,7,1,1,2,0,0,0,0,,Away,광주 기아 챔피언스 필드,17:00,29.0
고효준,2022,SSG,2022-09-30,vs. Kiwoom,RP,,0.0,,0,4,0,0,0,0,0,0,0,,Home,인천 SSG 랜더스필드,18:30,23.2
고효준,2022,SSG,2022-09-29,vs. Kiwoom,RP,,0.0,1.5,0 ⅔,17,0,0,1,0,2,0,0,,Home,인천 SSG 랜더스필드,18:30,22.3
고효준,2022,SSG,2022-09-24,vs. Doosan,RP,,9.0,2.0,1,31,1,1,2,1,2,0,0,,Home,인천 SSG 랜더스필드,17:00,21.9
고효준,2022,SSG,2022-09-21,vs. KT,RP,,0.0,0.0,0 ⅓,10,0,0,0,0,0,0,0,,Home,인천 SSG 랜더스필드,18:30,21.2
고효준,2022,SSG,2022-09-18,vs. Doosan,RP,,13.5,1.5,0 ⅔,9,1,1,0,0,1,1,0,,Home,인천 SSG 랜더스필드,14:00,30.4
고효준,2022,SSG,2022-09-15,@ NC,RP,,0.0,,0,12,1,0,1,0,0,1,0,,Away,창원 NC 파크,18:30,27.1
고효준,2022,SSG,2022-09-10,@ Hanwha,RP,,0.0,4.5,0 ⅔,18,0,0,1,0,0,2,0,,Away,대전 한화생명 볼파크,17:00,24.6
고효준,2022,SSG,2022-09-08,vs. Kia,RP,,0.0,0.0,1,14,0,0,0,0,0,0,0,,Home,인천 SSG 랜더스필드,18:30,25.7
고효준,2022,SSG,2022-09-07,@ LG,RP,,0.0,1.0,1,18,0,0,1,0,2,0,1,,Away,잠실 야구장,18:30,25.0
고효준,2022,SSG,2022-09-02,vs. NC,RP,,0.0,,0,4,0,0,1,0,0,0,0,,Home,인천 SSG 랜더스필드,18:30,27.3
고효준,2022,SSG,2022-09-01,vs. NC,RP,,0.0,0.0,1 ⅓,20,0,0,0,0,2,0,0,,Home,인천 SSG 랜더스필드,18:30,28.0
고효준,2022,SSG,2022-08-27,vs. Lotte,RP,,0.0,1.0,1,13,0,0,0,0,0,1,0,,Home,인천 SSG 랜더스필드,18:00,23.1
고효준,2022,SSG,2022-08-26,@ KT,RP,,0.0,0.6,1 ⅔,26,0,0,1,0,3,0,0,,Away,수원 KT 위즈파크,18:30,26.5
고효준,2022,SSG,2022-08-18,vs. LG,RP,,0.0,2.0,1,17,0,0,1,0,0,1,0,,Home,인천 SSG 랜더스필드,18:30,27.5
고효준,2022,SSG,2022-06-21,vs. Doosan,RP,,27.0,3.0,0 ⅓,12,1,1,0,0,0,1,0,,Home,인천 SSG 랜더스필드,18:30,27.6
고효준,2022,SSG,2022-06-18,@ Lotte,RP,,27.0,6.0,0 ⅓,15,1,1,0,0,0,2,1,,Away,사직 야구장,17:00,27.6
고효준,2022,SSG,2022-06-16,@ KT,RP,,0.0,1.0,1,20,0,0,1,0,2,0,0,,Away,수원 KT 위즈파크,18:30,23.3
고효준,2022,SSG,2022-06-14,@ KT,RP,,0.0,2.0,1,14,0,0,1,0,1,1,0,,Away,수원 KT 위즈파크,18:30,20.8
고효준,2022,SSG,2022-06-12,vs. Hanwha,RP,,27.0,4.5,0 ⅔,15,2,2,3,0,0,0,0,,Home,인천 SSG 랜더스필드,17:00,24.9
고효준,2022,SSG,2022-06-08,@ NC,RP,,13.5,3.0,0 ⅔,13,1,1,2,0,0,0,0,,Away,창원 NC 파크,18:30,20.1
고효준,2022,SSG,2022-06-05,@ LG,RP,H,0.0,0.0,1,12,0,0,0,0,1,0,0,,Away,잠실 야구장,17:00,22.8
고효준,2022,SSG,2022-06-04,@ LG,RP,,13.5,3.0,0 ⅔,17,1,1,1,0,0,1,0,,Away,잠실 야구장,17:00,28.4
고효준,2022,SSG,2022-06-01,vs. KT,RP,W,0.0,1.0,1,14,0,0,1,0,0,0,0,,Home,인천 SSG 랜더스필드,18:30,21.0
고효준,2022,SSG,2022-05-29,@ Kia,RP,,0.0,3.0,0 ⅔,17,1,0,1,0,0,1,0,,Away,광주 기아 챔피언스 필드,14:00,29.3
고효준,2022,SSG,2022-05-27,@ Kia,RP,,9.0,2.0,1,18,1,1,0,0,0,2,0,,Away,광주 기아 챔피언스 필드,18:30,25.7
고효준,2022,SSG,2022-05-26,vs. Lotte,RP,H,0.0,0.0,1,12,0,0,0,0,0,0,0,,Home,인천 SSG 랜더스필드,18:30,18.1
고효준,2022,SSG,2022-05-24,vs. Lotte,RP,,0.0,1.5,0 ⅔,15,0,0,1,0,1,0,0,,Home,인천 SSG 랜더스필드,18:30,23.8
고효준,2022,SSG,2022-05-22,vs. LG,RP,,0.0,1.5,0 ⅔,14,0,0,0,0,1,1,0,,Home,인천 SSG 랜더스필드,14:00,20.0
고효준,2022,SSG,2022-05-18,@ Doosan,RP,,0.0,0.86,2 ⅓,38,0,0,0,0,2,2,0,,Away,잠실 야구장,18:30,23.9
고효준,2022,SSG,2022-05-17,@ Doosan,RP,,0.0,3.0,0 ⅔,18,0,0,2,0,0,0,0,,Away,잠실 야구장,18:30,24.4
고효준,2022,SSG,2022-05-15,vs. NC,RP,,40.5,6.0,0 ⅔,21,3,3,3,0,1,1,0,,Home,인천 SSG 랜더스필드,14:00,18.2
고효준,2022,SSG,2022-05-13,vs. NC,RP,,27.0,4.5,0 ⅔,22,2,2,3,0,0,0,0,,Home,인천 SSG 랜더스필드,18:30,20.1
고효준,2022,SSG,2022-05-11,@ Samsung,RP,H,0.0,0.0,0 ⅓,6,0,0,0,0,1,0,0,,Away,대구 삼성 라이온즈 파크,18:30,19.4
고효준,2022,SSG,2022-05-07,@ Kiwoom,RP,H,0.0,0.0,1,22,0,0,0,0,1,0,0,,Away,고척 스카이돔,17:00,25.5
고효준,2022,SSG,2022-05-04,vs. Hanwha,RP,H,0.0,0.75,1 ⅓,22,0,0,1,0,1,0,0,,Home,인천 SSG 랜더스필드,18:30,18.1
고효준,2022,SSG,2022-04-30,vs. Doosan,RP,H,0.0,1.2,1 ⅔,30,0,0,1,0,3,1,0,,Home,인천 SSG 랜더스필드,17:00,11.9
고효준,2022,SSG,2022-04-29,vs. Doosan,RP,,0.0,0.6,1 ⅔,22,0,0,0,0,1,1,0,,Home,인천 SSG 랜더스필드,18:30,14.5
고효준,2022,SSG,2022-04-27,@ Lotte,RP,,0.0,0.0,1,17,0,0,0,0,2,0,0,,Away,사직 야구장,18:30,16.0
고효준,2022,SSG,2022-04-26,@ Lotte,RP,,0.0,0.0,1,13,0,0,0,0,1,0,0,,Away,사직 야구장,18:30,17.7
고효준,2022,SSG,2022-04-24,@ Hanwha,RP,H,0.0,0.0,0 ⅔,10,0,0,0,0,1,0,0,,Away,대전 한화생명 볼파크,14:00,26.5
고효준,2022,SSG,2022-04-22,@ Hanwha,RP,,0.0,0.0,1,18,0,0,0,0,2,0,0,,Away,대전 한화생명 볼파크,18:30,19.0
고효준,2022,SSG,2022-04-19,vs. Kiwoom,RP,,0.0,0.0,1,14,0,0,0,0,1,0,0,,Home,인천 SSG 랜더스필드,18:30,13.8
고효준,2021,LG,2021-10-20,vs. Kiwoom,RP,,27.0,3.0,0 ⅓,8,1,1,1,0,0,0,0,,Home,잠실 야구장,18:30,12.3
고효준,2021,LG,2021-10-19,vs. Kiwoom,RP,,0.0,1.0,1,17,0,0,1,0,1,0,0,,Home,잠실 야구장,18:30,11.3
고효준,2021,LG,2021-10-17,@ NC,RP,,0.0,1.0,1,20,0,0,1,0,0,0,0,,Away,창원 NC 파크,14:00,13.2
고효준,2020,Lotte,2020-10-29,vs. NC,RP,,0.0,0.0,1,19,0,0,0,0,2,0,1,,Home,사직 야구장,18:30,16.1
고효준,2020,Lotte,2020-10-28,vs. NC,RP,,0.0,1.5,0 ⅔,7,0,0,1,0,1,0,0,,Home,사직 야구장,18:30,17.6
고효준,2020,Lotte,2020-10-25,@ KT,RP,,0.0,0.0,0 ⅓,11,0,0,0,0,0,0,0,,Away,수원 KT 위즈파크,14:00,17.0
고효준,2020,Lotte,2020-10-20,vs. Doosan,RP,,0.0,1.0,1,18,0,0,0,0,1,1,0,,Home,사직 야구장,18:30,17.7
고효준,2020,Lotte,2020-10-18,@ NC,RP,,27.0,3.0,0 ⅓,8,1,1,1,1,0,0,0,,Away,창원 NC 파크,14:00,19.5
고효준,2020,Lotte,2020-10-17,@ NC,RP,,0.0,,0,7,0,0,0,0,0,1,0,,Away,창원 NC 파크,17:00,18.9
고효준,2020,Lotte,2020-10-16,@ NC,RP,,0.0,3.0,0 ⅓,4,0,0,1,0,1,0,0,,Away,창원 NC 파크,18:30,15.1
고효준,2020,Lotte,2020-10-15,vs. LG,RP,,0.0,0.0,0 ⅔,5,0,0,0,0,0,0,0,,Home,사직 야구장,18:30,17.9
고효준,2020,Lotte,2020-10-11,@ Samsung,RP,,0.0,0.0,0 ⅓,2,0,0,0,0,0,0,0,,Away,대구 삼성 라이온즈 파크,14:00,20.3
고효준,2020,Lotte,2020-10-08,vs. KT,RP,,0.0,3.0,0 ⅓,7,0,0,0,0,0,1,0,,Home,사직 야구장,18:30,17.9
고효준,2020,Lotte,2020-10-04,vs. Hanwha,RP,,0.0,1.0,1,20,0,0,1,0,2,0,0,,Home,사직 야구장,14:00,24.7
고효준,2020,Lotte,2020-09-29,@ LG,RP,,18.0,2.0,1,18,2,2,1,0,0,1,0,,Away,잠실 야구장,18:30,22.0
고효준,2020,Lotte,2020-09-26,@ Kia,RP,,0.0,2.0,1,24,0,0,2,0,0,0,0,,Away,광주 기아 챔피언스 필드,17:00,23.8
고효준,2020,Lotte,2020-09-20,vs. NC,RP,,0.0,,0,9,1,1,1,0,0,1,0,,Home,사직 야구장,14:00,24.6
고효준,2020,Lotte,2020-09-18,@ LG,RP,W,0.0,0.0,1 ⅓,14,0,0,0,0,0,0,0,,Away,잠실 야구장,18:30,23.9
고효준,2020,Lotte,2020-09-17,@ LG,RP,,0.0,0.0,1 ⅓,23,0,0,0,0,3,0,0,,Away,잠실 야구장,18:30,22.2
고효준,2020,Lotte,2020-09-11,vs. Samsung,RP,,0.0,0.0,1,7,0,0,0,0,0,0,0,,Home,사직 야구장,18:30,25.1
고효준,2020,Lotte,2020-06-10,vs. Hanwha,RP,,0.0,1.0,1,16,0,0,1,0,0,0,0,,Home,사직 야구장,18:30,26.0
고효준,2020,Lotte,2020-06-03,@ Kia,RP,,27.0,6.0,0 ⅓,15,1,1,1,1,0,1,0,,Away,광주 기아 챔피언스 필드,18:30,26.9
고효준,2020,Lotte,2020-05-19,@ Kia,RP,,18.0,4.0,1,28,2,2,1,0,0,3,1,,Away,광주 기아 챔피언스 필드,18:30,14.5
고효준,2020,Lotte,2020-05-17,@ Hanwha,RP,,0.0,0.0,0 ⅔,13,0,0,0,0,0,0,1,,Away,대전 한화생명 볼파크,14:00,26.3
고효준,2020,Lotte,2020-05-16,@ Hanwha,RP,,0.0,,0,5,0,0,0,0,0,1,0,,Away,대전 한화생명 볼파크,17:00,19.6
고효준,2020,Lotte,2020-05-14,vs. Doosan,RP,,81.0,9.0,0 ⅓,19,3,3,3,1,1,0,0,,Home,사직 야구장,18:30,21.3
고효준,2020,Lotte,2020-05-13,vs. Doosan,RP,,0.0,1.5,0 ⅔,9,0,0,0,0,0,1,0,,Home,사직 야구장,18:30,21.0
이영하,2024,Doosan,2024-09-28,@ NC,RP,H,0.0,0.0,2,20,0,0,0,0,2,0,0,,Away,창원 NC 파크,17:00,26.5
이영하,2024,Doosan,2024-09-26,@ Lotte,RP,,0.0,,0,9,1,1,0,0,0,2,0,,Away,사직 야구장,18:30,27.2
이영하,2024,Doosan,2024-09-23,vs. SSG,RP,W,0.0,1.2,1 ⅔,26,0,0,2,0,1,0,0,,Home,잠실 야구장,18:30,23.4
이영하,2024,Doosan,2024-09-21,@ LG,RP,,0.0,0.0,1,16,0,0,0,0,0,0,0,,Away,잠실 야구장,17:00,23.1
이영하,2024,Doosan,2024-09-17,vs. Samsung,RP,,9.0,1.0,1,20,1,1,1,1,0,0,0,,Home,잠실 야구장,18:30,31.2
이영하,2024,Doosan,2024-09-16,vs. Kiwoom,RP,,9.0,2.0,1,16,1,1,2,0,1,0,0,,Home,잠실 야구장,18:30,31.5
이영하,2024,Doosan,2024-09-14,vs. KT,RP,H,0.0,0.6,1 ⅔,18,0,0,1,0,0,0,0,,Home,잠실 야구장,17:00,31.7
이영하,2024,Doosan,2024-09-10,@ Kiwoom,RP,,0.0,0.0,1,9,0,0,0,0,0,0,1,,Away,고척 스카이돔,18:30,25.5
이영하,2024,Doosan,2024-09-04,@ Samsung,RP,L,5.4,1.8,1 ⅔,31,1,1,1,0,2,2,0,,Away,대구 삼성 라이온즈 파크,18:30,28.5
이영하,2024,Doosan,2024-09-01,vs. Lotte,RP,,0.0,0.0,1,9,0,0,0,0,1,0,0,,Home,잠실 야구장,14:00,30.2
이영하,2024,Doosan,2024-08-31,vs. Lotte,RP,,0.0,0.0,1,12,0,0,0,0,1,0,0,,Home,잠실 야구장,18:00,30.8
이영하,2024,Doosan,2024-08-28,@ NC,RP,,0.0,0.0,1,16,0,0,0,0,1,0,0,,Away,창원 NC 파크,18:30,29.8
이영하,2024,Doosan,2024-08-27,@ NC,RP,,0.0,1.0,1,19,0,0,1,0,2,0,0,,Away,창원 NC 파크,18:30,30.2
이영하,2024,Doosan,2024-08-24,vs. Hanwha,RP,L,0.0,1.0,1,18,1,0,1,0,1,0,0,,Home,잠실 야구장,18:00,31.2
이영하,2024,Doosan,2024-08-23,vs. Hanwha,RP,,9.0,2.0,1,14,1,1,2,0,0,0,0,,Home,잠실 야구장,18:30,31.2
이영하,2024,Doosan,2024-07-24,vs. Kiwoom,RP,,9.0,2.0,1,20,1,1,2,0,1,0,0,,Home,잠실 야구장,18:30,31.7
이영하,2024,Doosan,2024-07-23,vs. Kiwoom,RP,H,0.0,1.0,1,13,0,0,1,0,2,0,0,,Home,잠실 야구장,18:30,29.6
이영하,2024,Doosan,2024-07-21,@ LG,RP,L,81.0,12.0,0 ⅓,22,3,3,2,0,1,2,0,,Away,잠실 야구장,17:00,30.8
이영하,2024,Doosan,2024-07-18,@ Lotte,RP,H,0.0,0.0,1,17,0,0,0,0,2,0,0,,Away,사직 야구장,18:30,28.8
이영하,2024,Doosan,2024-07-16,@ Lotte,RP,,0.0,,0,3,0,0,1,0,0,0,0,,Away,사직 야구장,18:30,26.4
이영하,2024,Doosan,2024-07-14,vs. Samsung,RP,L,40.5,4.5,0 ⅔,15,3,3,2,1,0,1,0,,Home,잠실 야구장,17:00,32.1
이영하,2024,Doosan,2024-07-13,vs. Samsung,RP,W,0.0,1.5,1 ⅓,32,0,0,1,0,3,1,0,,Home,잠실 야구장,18:00,31.5
이영하,2024,Doosan,2024-07-12,vs. Samsung,RP,,0.0,1.0,1,20,0,0,0,0,3,1,0,,Home,잠실 야구장,18:30,30.5
이영하,2024,Doosan,2024-07-10,@ KT,RP,,0.0,3.0,0 ⅔,14,0,0,1,0,0,1,0,,Away,수원 KT 위즈파크,18:30,29.1
이영하,2024,Doosan,2024-07-04,vs. Lotte,RP,,0.0,0.0,1,10,0,0,0,0,2,0,0,,Home,잠실 야구장,18:30,30.0
이영하,2024,Doosan,2024-07-03,vs. Lotte,RP,,0.0,0.6,1 ⅔,20,0,0,0,0,2,1,0,,Home,잠실 야구장,18:30,26.9
이영하,2024,Doosan,2024-06-28,vs. SSG,RP,,0.0,0.0,1,19,0,0,0,0,1,0,0,,Home,잠실 야구장,18:30,28.6
이영하,2024,Doosan,2024-06-25,@ Hanwha,RP,,13.5,3.0,0 ⅔,21,1,1,2,0,0,0,0,,Away,대전 한화생명 볼파크,18:30,25.8
이영하,2024,Doosan,2024-06-23,@ Samsung,RP,,27.0,9.0,0 ⅓,23,2,1,0,0,0,3,0,,Away,대구 삼성 라이온즈 파크,17:00,26.5
이영하,2024,Doosan,2024-06-21,@ Samsung,RP,,6.75,2.25,1 ⅓,26,1,1,3,1,1,0,1,,Away,대구 삼성 라이온즈 파크,18:30,26.4
이영하,2024,Doosan,2024-06-19,vs. NC,RP,,0.0,1.2,1 ⅔,32,1,0,1,0,0,1,0,,Home,잠실 야구장,18:30,32.5
이영하,2024,Doosan,2024-06-18,vs. NC,RP,,0.0,0.0,1,11,0,0,0,0,1,0,0,,Home,잠실 야구장,18:30,28.9
이영하,2024,Doosan,2024-06-15,@ Kiwoom,RP,W,0.0,1.0,1,16,0,0,1,0,1,0,0,,Away,고척 스카이돔,17:00,25.5
이영하,2024,Doosan,2024-06-13,vs. Hanwha,RP,,0.0,0.75,1 ⅓,20,0,0,0,0,0,1,0,,Home,잠실 야구장,18:30,29.2
이영하,2024,Doosan,2024-06-08,vs. Kia,RP,H,0.0,2.0,1,22,0,0,0,0,0,2,0,,Home,잠실 야구장,17:00,24.7
이영하,2024,Doosan,2024-06-06,@ NC,RP,SV,0.0,0.0,0 ⅔,9,0,0,0,0,2,0,0,,Away,창원 NC 파크,18:30,23.0
이영하,2024,Doosan,2024-06-05,@ NC,RP,W,0.0,0.0,1 ⅓,21,0,0,0,0,3,0,0,,Away,창원 NC 파크,18:30,21.4
이영하,2024,Doosan,2024-06-04,@ NC,RP,SV,0.0,0.0,1,16,0,0,0,0,2,0,0,,Away,창원 NC 파크,18:30,22.3
이영하,2024,Doosan,2024-05-31,vs. LG,RP,,10.8,2.4,1 ⅔,41,2,2,2,0,3,2,0,,Home,잠실 야구장,18:30,21.4
이영하,2024,Doosan,2024-05-30,vs. KT,RP,,0.0,0.0,1,16,0,0,0,0,0,0,0,,Home,잠실 야구장,18:30,23.7
이영하,2024,Doosan,2024-05-28,vs. KT,RP,,10.8,1.8,1 ⅔,35,2,2,2,0,0,1,0,,Home,잠실 야구장,18:30,25.5
이영하,2024,Doosan,2024-05-26,@ Kia,RP,,0.0,1.0,1,14,0,0,1,0,1,0,0,,Away,광주 기아 챔피언스 필드,14:00,22.8
이영하,2024,Doosan,2024-05-25,@ Kia,RP,,0.0,3.0,1,26,0,0,1,0,0,2,0,,Away,광주 기아 챔피언스 필드,17:00,25.8
이영하,2024,Doosan,2024-05-23,vs. SSG,RP,,0.0,1.0,1,19,0,0,1,0,3,0,0,,Home,잠실 야구장,18:30,24.1
이영하,2024,Doosan,2024-05-21,vs. SSG,RP,,0.0,,0,3,1,1,1,0,0,0,0,,Home,잠실 야구장,18:30,26.1
이영하,2024,Doosan,2024-05-18,vs. Lotte,RP,,0.0,1.0,1,15,0,0,1,0,2,0,0,,Home,잠실 야구장,17:00,25.3
이영하,2024,Doosan,2024-05-17,vs. Lotte,RP,,0.0,1.0,1,13,1,0,1,0,1,0,0,,Home,잠실 야구장,18:30,23.3
이영하,2024,Doosan,2024-05-15,@ Kia,RP,,0.0,0.86,2 ⅓,24,0,0,2,0,0,0,0,,Away,광주 기아 챔피언스 필드,18:30,11.6
이영하,2024,Doosan,2024-05-14,@ Kia,RP,,0.0,1.0,1,13,0,0,1,0,0,0,0,,Away,광주 기아 챔피언스 필드,18:30,23.6
이영하,2024,Doosan,2024-05-12,vs. KT,RP,,18.0,2.0,1,15,2,2,2,0,0,0,0,,Home,잠실 야구장,14:00,20.5
이영하,2024,Doosan,2024-05-10,vs. KT,RP,W,0.0,4.0,1,34,0,0,1,0,0,3,0,,Home,잠실 야구장,18:30,21.4
이영하,2024,Doosan,2024-05-07,@ Kiwoom,RP,,0.0,1.0,1,19,0,0,1,0,1,0,0,,Away,고척 스카이돔,18:30,25.5
이영하,2024,Doosan,2024-05-01,vs. Samsung,RP,,0.0,1.0,1,15,0,0,0,0,0,1,0,,Home,잠실 야구장,18:30,23.1
이영하,2024,Doosan,2024-04-27,@ Hanwha,RP,,0.0,0.5,2,38,0,0,0,0,2,1,0,,Away,대전 한화생명 볼파크,17:00,26.7
이영하,2024,Doosan,2024-04-26,@ Hanwha,RP,,27.0,3.0,1,16,3,3,3,1,1,0,0,,Away,대전 한화생명 볼파크,18:30,22.9
이영하,2024,Doosan,2024-04-13,vs. LG,SP,,2.7,2.7,3 ⅓,63,1,1,4,0,4,5,0,47.0,Home,잠실 야구장,17:00,26.2
이영하,2024,Doosan,2024-03-31,vs. Kia,RP,,18.0,5.0,1,25,2,2,4,0,1,1,0,,Home,잠실 야구장,14:00,16.1
이영하,2024,Doosan,2024-03-28,@ KT,RP,,0.0,2.5,2,50,0,0,3,0,1,2,0,,Away,수원 KT 위즈파크,18:30,11.3
이영하,2024,Doosan,2024-03-26,@ KT,RP,,27.0,9.0,0 ⅓,19,2,1,3,0,0,0,0,,Away,수원 KT 위즈파크,18:30,10.8
이영하,2023,Doosan,2023-10-16,vs. SSG,RP,,0.0,0.0,1 ⅓,21,0,0,0,0,2,0,0,,Home,잠실 야구장,18:30,16.2
이영하,2023,Doosan,2023-10-12,vs. NC,RP,W,0.0,0.67,3,49,0,0,2,0,3,0,0,,Home,잠실 야구장,18:30,20.0
이영하,2023,Doosan,2023-10-03,vs. Kiwoom,RP,,0.0,,0,14,2,1,1,0,0,0,1,,Home,잠실 야구장,18:30,20.6
이영하,2023,Doosan,2023-10-01,vs. LG,RP,,0.0,1.5,0 ⅔,6,0,0,1,0,0,0,0,,Home,잠실 야구장,14:00,22.6
이영하,2023,Doosan,2023-09-27,@ SSG,RP,L,162.0,12.0,0 ⅓,29,6,6,2,0,0,2,1,,Away,인천 SSG 랜더스필드,18:30,24.6
이영하,2023,Doosan,2023-09-23,@ NC,RP,W,0.0,0.0,2 ⅔,25,0,0,0,0,2,0,0,,Away,창원 NC 파크,17:00,23.0
이영하,2023,Doosan,2023-09-22,@ Samsung,RP,W,0.0,0.0,1 ⅔,15,0,0,0,0,0,0,0,,Away,대구 삼성 라이온즈 파크,18:30,23.2
이영하,2023,Doosan,2023-09-18,@ Kia,RP,,0.0,2.0,1,17,0,0,1,0,2,1,0,,Away,광주 기아 챔피언스 필드,18:30,29.7
이영하,2023,Doosan,2023-09-15,@ Kia,RP,,0.0,0.0,1 ⅓,17,0,0,0,0,0,0,0,,Away,광주 기아 챔피언스 필드,18:30,29.5
이영하,2023,Doosan,2023-09-14,vs. SSG,RP,W,0.0,1.0,1,9,0,0,1,0,0,0,0,,Home,잠실 야구장,18:30,26.1
이영하,2023,Doosan,2023-09-08,vs. Samsung,RP,,0.0,3.0,1,26,1,0,2,0,0,1,0,,Home,잠실 야구장,18:30,28.5
이영하,2023,Doosan,2023-09-04,@ Lotte,RP,,0.0,1.0,1,15,0,0,1,0,1,0,0,,Away,사직 야구장,18:30,29.8
이영하,2023,Doosan,2023-08-31,@ LG,RP,,0.0,3.0,0 ⅓,6,0,0,1,0,0,0,0,,Away,잠실 야구장,18:30,27.6
이영하,2023,Doosan,2023-08-26,vs. SSG,RP,,0.0,0.0,1 ⅔,16,0,0,0,0,1,0,0,,Home,잠실 야구장,18:00,29.3
이영하,2023,Doosan,2023-08-24,@ Kiwoom,RP,,13.5,3.0,0 ⅔,16,1,1,1,0,1,1,0,,Away,고척 스카이돔,18:30,25.5
이영하,2023,Doosan,2023-08-23,@ Kiwoom,RP,,0.0,1.0,1,13,0,0,1,0,0,0,0,,Away,고척 스카이돔,18:30,25.5
이영하,2023,Doosan,2023-08-20,vs. NC,RP,,0.0,4.0,1,29,0,0,2,0,0,2,0,,Home,잠실 야구장,17:00,31.8
이영하,2023,Doosan,2023-08-03,@ Hanwha,RP,,18.0,3.0,1,24,2,2,2,0,2,1,0,,Away,대전 한화생명 볼파크,18:30,33.4
이영하,2023,Doosan,2023-07-30,vs. LG,RP,,9.0,2.0,2,48,2,2,3,0,1,1,0,,Home,잠실 야구장,17:00,33.6
이영하,2023,Doosan,2023-07-27,vs. Lotte,RP,,13.5,3.0,1 ⅓,36,2,2,2,0,0,2,0,,Home,잠실 야구장,18:30,32.4
이영하,2023,Doosan,2023-07-25,vs. Lotte,RP,,6.75,2.25,1 ⅓,32,2,1,2,0,2,1,0,,Home,잠실 야구장,18:30,30.3
이영하,2023,Doosan,2023-07-09,vs. Kiwoom,RP,,0.0,0.5,2,22,0,0,1,0,1,0,0,,Home,잠실 야구장,17:00,27.2
이영하,2023,Doosan,2023-07-05,@ Samsung,RP,W,0.0,2.0,1,24,0,0,0,0,1,2,0,,Away,대구 삼성 라이온즈 파크,18:30,28.7
이영하,2023,Doosan,2023-07-04,@ Samsung,RP,,0.0,0.6,1 ⅔,23,0,0,1,0,2,0,0,,Away,대구 삼성 라이온즈 파크,18:30,26.3
이영하,2023,Doosan,2023-06-28,vs. NC,RP,,0.0,0.0,0 ⅓,3,0,0,0,0,0,0,0,,Home,잠실 야구장,18:30,29.1
이영하,2023,Doosan,2023-06-24,@ Kiwoom,RP,,54.0,9.0,0 ⅓,17,2,2,2,1,1,1,0,,Away,고척 스카이돔,17:00,25.5
이영하,2023,Doosan,2023-06-23,@ Kiwoom,RP,,0.0,,0,16,0,0,1,0,0,1,1,,Away,고척 스카이돔,18:30,25.5
이영하,2023,Doosan,2023-06-20,vs. SSG,RP,L,0.0,,0,22,4,4,2,1,0,1,0,,Home,잠실 야구장,18:30,25.7
이영하,2023,Doosan,2023-06-17,@ LG,RP,H,0.0,1.5,0 ⅔,4,0,0,1,0,0,0,0,,Away,잠실 야구장,17:00,27.7
이영하,2023,Doosan,2023-06-16,@ LG,RP,L,6.75,3.0,1 ⅓,30,1,1,2,0,1,2,0,,Away,잠실 야구장,18:30,27.2
이영하,2023,Doosan,2023-06-14,@ NC,RP,,27.0,3.0,0 ⅓,18,1,1,1,0,0,0,1,,Away,창원 NC 파크,18:30,23.3
이영하,2023,Doosan,2023-06-11,vs. Kia,RP,H,0.0,0.0,2,21,0,0,0,0,0,0,0,,Home,잠실 야구장,17:00,27.0
이영하,2023,Doosan,2023-06-07,vs. Hanwha,RP,H,0.0,1.0,1,14,0,0,1,0,1,0,0,,Home,잠실 야구장,18:30,26.0
이영하,2023,Doosan,2023-06-06,vs. Hanwha,RP,H,0.0,1.0,1,19,0,0,1,0,2,0,0,,Home,잠실 야구장,18:30,23.4
이영하,2023,Doosan,2023-06-04,@ KT,RP,,6.75,2.25,1 ⅓,29,1,1,1,0,1,2,0,,Away,수원 KT 위즈파크,17:00,24.4
이영하,2023,Doosan,2023-06-03,@ KT,RP,,0.0,1.0,1,14,0,0,1,0,1,0,0,,Away,수원 KT 위즈파크,17:00,23.6
이영하,2022,Doosan,2022-08-13,vs. SSG,SP,L,12.0,3.0,3,83,5,4,5,0,1,4,0,28.0,Home,잠실 야구장,18:00,29.6
이영하,2022,Doosan,2022-08-04,vs. Samsung,SP,L,36.0,7.0,1,49,4,4,1,0,2,6,1,30.0,Home,잠실 야구장,18:30,32.6
이영하,2022,Doosan,2022-07-27,vs. Lotte,SP,,5.4,2.4,5,104,3,3,7,0,5,5,0,41.0,Home,잠실 야구장,18:30,32.0
이영하,2022,Doosan,2022-07-24,vs. SSG,RP,L,13.5,1.5,0 ⅔,22,1,1,1,0,2,0,1,,Home,잠실 야구장,17:00,29.7
이영하,2022,Doosan,2022-07-10,vs. LG,SP,L,12.0,2.67,3,64,4,4,6,1,1,2,0,30.0,Home,잠실 야구장,17:00,33.5
이영하,2022,Doosan,2022-07-05,vs. Kiwoom,SP,,1.69,1.5,5 ⅓,96,1,1,4,0,3,4,0,55.0,Home,잠실 야구장,18:30,32.1
이영하,2022,Doosan,2022-06-28,@ Lotte,SP,,3.0,1.0,6,93,3,2,4,0,4,2,0,56.0,Away,사직 야구장,18:30,26.9
이영하,2022,Doosan,2022-06-21,@ SSG,SP,W,2.57,0.43,7,91,2,2,3,0,10,0,0,73.0,Away,인천 SSG 랜더스필드,18:30,27.6
이영하,2022,Doosan,2022-06-15,@ Kiwoom,SP,W,1.35,0.9,6 ⅔,107,1,1,3,0,5,3,0,66.0,Away,고척 스카이돔,18:30,25.5
이영하,2022,Doosan,2022-06-09,vs. Hanwha,SP,W,3.6,1.6,5,101,2,2,6,1,4,2,0,49.0,Home,잠실 야구장,18:30,24.6
이영하,2022,Doosan,2022-06-03,@ Samsung,SP,L,9.0,2.2,5,102,6,5,8,0,2,3,0,28.0,Away,대구 삼성 라이온즈 파크,18:30,23.6
이영하,2022,Doosan,2022-05-28,@ NC,SP,L,3.6,2.8,5,97,3,2,11,0,3,3,0,35.0,Away,창원 NC 파크,17:00,25.1
이영하,2022,Doosan,2022-05-22,vs. Lotte,SP,,1.5,0.83,6,102,1,1,3,1,5,2,1,64.0,Home,잠실 야구장,14:00,25.0
이영하,2022,Doosan,2022-05-17,vs. SSG,SP,,16.2,5.4,1 ⅔,60,8,3,3,0,1,6,1,21.0,Home,잠실 야구장,18:30,24.4
이영하,2022,Doosan,2022-05-10,@ Kiwoom,SP,W,0.0,0.71,7,102,0,0,3,0,7,2,0,76.0,Away,고척 스카이돔,18:30,25.5
이영하,2022,Doosan,2022-05-04,@ LG,SP,W,1.69,1.5,5 ⅓,105,2,1,6,0,5,2,0,53.0,Away,잠실 야구장,18:30,22.3
이영하,2022,Doosan,2022-04-28,vs. NC,SP,L,18.9,3.3,3 ⅓,78,8,7,9,1,4,2,0,14.0,Home,잠실 야구장,18:30,20.2
이영하,2022,Doosan,2022-04-22,vs. LG,SP,L,7.94,2.29,5 ⅔,98,5,5,11,0,5,2,0,30.0,Home,잠실 야구장,18:30,14.9
이영하,2022,Doosan,2022-04-16,vs. Kiwoom,SP,W,1.59,1.41,5 ⅔,108,1,1,5,0,6,3,1,57.0,Home,잠실 야구장,17:00,18.7
이영하,2022,Doosan,2022-04-10,@ Lotte,SP,,4.05,1.2,6 ⅔,87,3,3,7,1,5,1,0,52.0,Away,사직 야구장,14:00,21.5
이영하,2022,Doosan,2022-04-05,vs. Samsung,SP,,3.86,1.29,4 ⅔,89,2,2,3,0,3,3,1,49.0,Home,잠실 야구장,18:30,13.3
이영하,2021,Doosan,2021-10-29,@ Kia,RP,W,0.0,1.29,2 ⅓,34,0,0,1,0,3,2,0,,Away,광주 기아 챔피언스 필드,18:30,17.5
이영하,2021,Doosan,2021-10-28,@ SSG,RP,L,18.0,2.0,1,20,2,2,1,1,0,1,0,,Away,인천 SSG 랜더스필드,18:30,16.1
이영하,2021,Doosan,2021-10-26,vs. Kiwoom,RP,H,0.0,0.6,1 ⅔,24,0,0,0,0,1,1,0,,Home,잠실 야구장,18:30,15.6
이영하,2021,Doosan,2021-10-24,vs. LG,RP,,0.0,0.0,1,6,0,0,0,0,0,0,0,,Home,잠실 야구장,14:00,16.7
이영하,2021,Doosan,2021-10-24,vs. LG,RP,,4.5,0.5,2,24,1,1,0,0,0,1,0,,Home,잠실 야구장,14:00,16.7
이영하,2021,Doosan,2021-10-23,vs. LG,RP,,0.0,0.0,1 ⅔,16,0,0,0,0,2,0,0,,Home,잠실 야구장,17:00,16.0
이영하,2021,Doosan,2021-10-17,vs. Kia,RP,SV,0.0,1.5,1 ⅓,25,0,0,1,0,1,1,0,,Home,잠실 야구장,14:00,8.1
이영하,2021,Doosan,2021-10-17,vs. Kia,RP,,0.0,0.5,2,25,0,0,0,0,4,1,0,,Home,잠실 야구장,14:00,8.1
이영하,2021,Doosan,2021-10-16,vs. Kia,RP,,0.0,1.2,1 ⅔,24,0,0,1,0,1,1,0,,Home,잠실 야구장,17:00,5.9
이영하,2021,Doosan,2021-10-12,vs. KT,RP,,9.0,4.0,1,37,1,1,1,0,2,3,0,,Home,잠실 야구장,18:30,19.3
이영하,2021,Doosan,2021-10-08,vs. Lotte,RP,,0.0,1.0,2,22,0,0,2,0,2,0,0,,Home,잠실 야구장,18:30,19.3
이영하,2021,Doosan,2021-10-06,@ Hanwha,RP,W,0.0,2.25,1 ⅓,28,0,0,1,0,3,2,0,,Away,대전 한화생명 볼파크,18:30,24.7
이영하,2021,Doosan,2021-10-05,@ Hanwha,RP,,0.0,0.0,1,13,0,0,0,0,2,0,0,,Away,대전 한화생명 볼파크,18:30,25.5
이영하,2021,Doosan,2021-10-02,vs. Samsung,RP,,0.0,1.0,1,10,0,0,1,0,1,0,0,,Home,잠실 야구장,17:00,25.2
이영하,2021,Doosan,2021-09-29,@ KT,RP,,4.5,1.0,2,32,1,1,2,0,2,0,0,,Away,수원 KT 위즈파크,18:30,23.1
이영하,2021,Doosan,2021-09-26,vs. Hanwha,RP,,0.0,1.5,1 ⅓,18,0,0,1,0,1,1,0,,Home,잠실 야구장,14:00,26.2
이영하,2021,Doosan,2021-09-24,@ Kia,RP,H,0.0,0.5,2,19,0,0,1,0,0,0,0,,Away,광주 기아 챔피언스 필드,18:30,24.4
이영하,2021,Doosan,2021-09-19,@ Kiwoom,RP,,0.0,1.0,1,9,0,0,1,0,0,0,0,,Away,고척 스카이돔,14:00,25.5
이영하,2021,Doosan,2021-09-18,@ Kiwoom,RP,,0.0,1.0,1,15,0,0,1,0,0,0,0,,Away,고척 스카이돔,17:00,25.5
이영하,2021,Doosan,2021-09-16,vs. SSG,RP,,0.0,,0,5,1,1,1,0,0,0,0,,Home,잠실 야구장,18:30,25.4
이영하,2021,Doosan,2021-09-15,vs. KT,RP,,0.0,1.0,1,19,0,0,0,0,0,1,0,,Home,잠실 야구장,18:30,25.4
이영하,2021,Doosan,2021-09-12,vs. LG,RP,W,0.0,0.0,2 ⅓,18,0,0,0,0,1,0,0,,Home,잠실 야구장,14:00,28.6
이영하,2021,Doosan,2021-09-12,vs. LG,RP,W,0.0,1.8,1 ⅔,29,0,0,1,0,1,2,0,,Home,잠실 야구장,14:00,28.6
이영하,2021,Doosan,2021-09-09,@ NC,RP,,0.0,6.0,0 ⅓,13,0,0,1,0,0,1,0,,Away,창원 NC 파크,18:30,25.9
이영하,2021,Doosan,2021-08-28,@ Lotte,SP,,16.2,4.2,1 ⅔,50,3,3,6,0,4,1,0,34.0,Away,사직 야구장,18:00,29.7
이영하,2021,Doosan,2021-08-22,vs. Hanwha,SP,L,27.0,3.6,3 ⅓,81,10,10,7,2,3,5,0,4.0,Home,잠실 야구장,17:00,27.3
이영하,2021,Doosan,2021-08-11,@ Samsung,SP,,6.23,2.54,4 ⅓,101,4,3,4,0,2,7,0,36.0,Away,대구 삼성 라이온즈 파크,18:30,27.6
이영하,2021,Doosan,2021-06-27,vs. Lotte,SP,,1.42,1.26,6 ⅓,99,1,1,2,0,4,6,0,63.0,Home,잠실 야구장,17:00,29.6
이영하,2021,Doosan,2021-06-22,vs. Kiwoom,SP,,6.23,2.31,4 ⅓,101,3,3,5,0,1,5,0,37.0,Home,잠실 야구장,18:30,25.8
이영하,2021,Doosan,2021-06-16,vs. Samsung,SP,L,5.68,1.11,6 ⅓,88,5,4,6,1,2,1,0,44.0,Home,잠실 야구장,18:30,27.2
이영하,2021,Doosan,2021-06-09,@ Lotte,SP,,14.73,3.0,3 ⅔,84,6,6,7,1,3,4,0,22.0,Away,사직 야구장,18:30,24.2
이영하,2021,Doosan,2021-04-25,vs. NC,SP,L,45.0,5.0,1,32,5,5,4,0,0,1,1,23.0,Home,잠실 야구장,14:00,22.5
이영하,2021,Doosan,2021-04-20,@ Lotte,SP,L,27.0,4.0,3,74,9,9,8,2,1,4,0,4.0,Away,사직 야구장,18:30,19.7
이영하,2021,Doosan,2021-04-14,vs. KT,SP,W,1.69,1.5,5 ⅓,93,1,1,6,0,3,2,0,53.0,Home,잠실 야구장,18:30,11.1
이영하,2021,Doosan,2021-04-08,vs. Samsung,SP,L,6.35,1.94,5 ⅔,93,5,4,8,2,3,3,0,35.0,Home,잠실 야구장,18:30,16.8
이영하,2020,Doosan,2020-10-30,vs. Kiwoom,RP,SV,0.0,0.0,1,15,0,0,0,0,2,0,0,,Home,잠실 야구장,18:30,15.3
이영하,2020,Doosan,2020-10-27,vs. Hanwha,RP,SV,0.0,0.75,1 ⅓,23,0,0,0,0,1,1,0,,Home,잠실 야구장,18:30,16.6
이영하,2020,Doosan,2020-10-24,vs. Lotte,RP,SV,0.0,0.0,1,7,0,0,0,0,0,0,0,,Home,잠실 야구장,17:00,13.3
이영하,2020,Doosan,2020-10-18,@ Kiwoom,RP,,0.0,0.0,1 ⅔,16,0,0,0,0,1,0,0,,Away,고척 스카이돔,14:00,25.5
이영하,2020,Doosan,2020-10-17,@ Kiwoom,RP,,0.0,2.0,1,22,0,0,0,0,0,2,0,,Away,고척 스카이돔,17:00,25.5
이영하,2020,Doosan,2020-10-14,vs. Hanwha,RP,SV,0.0,2.0,1,21,0,0,1,0,1,1,0,,Home,잠실 야구장,18:30,12.7
이영하,2020,Doosan,2020-10-11,@ KT,RP,L,5.4,2.4,1 ⅔,25,1,1,3,0,1,1,0,,Away,수원 KT 위즈파크,14:00,19.8
이영하,2020,Doosan,2020-10-09,@ KT,RP,,0.0,2.0,1,22,0,0,1,0,2,1,0,,Away,수원 KT 위즈파크,18:30,21.0
이영하,2020,Doosan,2020-10-07,@ SK,RP,L,13.5,1.5,0 ⅔,11,1,1,1,1,0,0,0,,Away,인천 SSG 랜더스필드,18:30,18.8
이영하,2020,Doosan,2020-10-04,vs. Kia,RP,,0.0,0.0,1 ⅓,11,0,0,0,0,0,0,0,,Home,잠실 야구장,14:00,21.3
이영하,2020,Doosan,2020-10-03,vs. Kia,RP,,0.0,1.0,1,17,0,0,1,0,0,0,0,,Home,잠실 야구장,17:00,21.4
이영하,2020,Doosan,2020-09-29,@ Hanwha,RP,SV,0.0,0.0,0 ⅓,5,0,0,0,0,1,0,0,,Away,대전 한화생명 볼파크,18:30,22.3
이영하,2020,Doosan,2020-09-26,vs. Kiwoom,RP,,0.0,0.0,1,13,0,0,0,0,0,0,0,,Home,잠실 야구장,17:00,23.0
이영하,2020,Doosan,2020-09-24,vs. Samsung,RP,SV,0.0,1.0,1,5,0,0,1,0,0,0,0,,Home,잠실 야구장,18:30,22.6
이영하,2020,Doosan,2020-09-20,vs. LG,RP,W,0.0,0.0,1,16,0,0,0,0,2,0,0,,Home,잠실 야구장,14:00,23.8
이영하,2020,Doosan,2020-09-18,@ KT,RP,,0.0,1.5,2,36,0,0,1,0,4,2,0,,Away,수원 KT 위즈파크,18:30,24.0
이영하,2020,Doosan,2020-09-13,@ Kiwoom,RP,,0.0,2.4,1 ⅔,40,0,0,1,0,2,3,1,,Away,고척 스카이돔,14:00,25.5
이영하,2020,Doosan,2020-09-10,@ Kia,RP,W,5.4,0.6,1 ⅔,15,1,1,1,1,1,0,0,,Away,광주 기아 챔피언스 필드,18:30,25.6
이영하,2020,Doosan,2020-09-09,vs. KT,RP,,0.0,1.0,1,19,0,0,1,0,1,0,0,,Home,잠실 야구장,18:30,23.0
이영하,2020,Doosan,2020-09-05,vs. SK,RP,,0.0,1.0,1,21,0,0,1,0,2,0,0,,Home,잠실 야구장,17:00,27.0
이영하,2020,Doosan,2020-09-03,@ Samsung,RP,L,0.0,1.5,0 ⅔,7,1,0,1,0,1,0,0,,Away,대구 삼성 라이온즈 파크,18:30,27.9
이영하,2020,Doosan,2020-09-01,vs. Hanwha,RP,,0.0,1.0,1,14,0,0,1,0,0,0,0,,Home,잠실 야구장,18:30,29.5
이영하,2020,Doosan,2020-08-29,@ LG,RP,,0.0,0.0,1,9,0,0,0,0,0,0,0,,Away,잠실 야구장,18:00,30.4
이영하,2020,Doosan,2020-08-25,vs. Kia,SP,,7.2,2.0,5,80,4,4,6,0,2,4,0,37.0,Home,잠실 야구장,18:30,32.3
이영하,2020,Doosan,2020-08-19,@ Lotte,SP,L,8.1,1.35,6 ⅔,94,6,6,8,0,3,1,0,36.0,Away,사직 야구장,18:30,31.2
이영하,2020,Doosan,2020-08-13,@ Samsung,SP,L,5.4,2.4,5,99,3,3,8,2,1,4,0,36.0,Away,대구 삼성 라이온즈 파크,18:30,30.5
이영하,2020,Doosan,2020-08-07,vs. Lotte,SP,,0.0,1.67,6,108,0,0,6,0,1,4,0,57.0,Home,잠실 야구장,18:30,27.2
이영하,2020,Doosan,2020-08-01,@ NC,SP,,4.5,1.5,6,97,4,3,6,1,5,3,0,48.0,Away,창원 NC 파크,18:00,29.2
이영하,2020,Doosan,2020-07-26,vs. LG,SP,L,2.84,1.11,6 ⅓,101,4,2,5,0,4,2,0,53.0,Home,잠실 야구장,17:00,28.9
이영하,2020,Doosan,2020-07-19,@ Kia,SP,,7.2,2.0,5,101,4,4,7,0,4,3,0,38.0,Away,광주 기아 챔피언스 필드,17:00,30.5
이영하,2020,Doosan,2020-07-14,vs. SK,SP,L,6.75,1.69,5 ⅓,88,5,4,7,0,3,2,0,37.0,Home,잠실 야구장,18:30,24.1
이영하,2020,Doosan,2020-07-07,vs. LG,SP,W,6.0,1.67,6,95,4,4,8,2,2,2,0,40.0,Home,잠실 야구장,18:30,28.0
이영하,2020,Doosan,2020-07-01,@ Kiwoom,SP,W,1.5,1.67,6,99,1,1,7,0,3,3,0,54.0,Away,고척 스카이돔,18:30,25.5
이영하,2020,Doosan,2020-06-25,@ SK,SP,L,6.75,2.06,5 ⅓,106,4,4,8,1,4,3,0,37.0,Away,인천 SSG 랜더스필드,18:30,23.5
이영하,2020,Doosan,2020-06-19,@ LG,SP,,17.18,2.73,3 ⅔,91,7,7,9,0,4,1,2,16.0,Away,잠실 야구장,18:30,28.7
이영하,2020,Doosan,2020-06-11,@ NC,SP,L,11.12,2.47,5 ⅔,104,7,7,14,1,3,0,0,16.0,Away,창원 NC 파크,18:30,27.2
이영하,2020,Doosan,2020-06-05,vs. Kia,SP,,0.0,1.0,6,110,1,0,2,0,7,4,0,69.0,Home,잠실 야구장,18:30,27.4
이영하,2020,Doosan,2020-05-30,vs. Lotte,SP,,3.52,1.43,7 ⅔,101,3,3,8,0,2,3,0,50.0,Home,잠실 야구장,17:00,28.5
이영하,2020,Doosan,2020-05-24,@ Samsung,SP,L,10.8,2.6,5,92,6,6,7,0,5,6,0,28.0,Away,대구 삼성 라이온즈 파크,14:00,21.7
이영하,2020,Doosan,2020-05-19,vs. NC,SP,L,9.0,2.25,4,88,4,4,7,0,4,2,1,33.0,Home,잠실 야구장,18:30,14.9
이영하,2020,Doosan,2020-05-13,@ Lotte,SP,,3.6,2.2,5,95,5,2,5,0,3,6,0,40.0,Away,사직 야구장,18:30,21.0
이영하,2020,Doosan,2020-05-06,@ LG,SP,W,1.42,1.11,6 ⅓,96,2,1,5,0,3,2,1,57.0,Away,잠실 야구장,18:30,25.9
박치국,2024,Doosan,2024-09-28,@ NC,RP,W,18.0,2.0,1,15,2,2,2,0,0,0,0,,Away,창원 NC 파크,17:00,26.5
박치국,2024,Doosan,2024-09-24,vs. NC,RP,,0.0,0.0,1 ⅔,20,0,0,0,0,3,0,0,,Home,잠실 야구장,18:30,24.0
박치국,2024,Doosan,2024-09-22,@ LG,RP,,0.0,0.0,0 ⅔,6,0,0,0,0,0,0,0,,Away,잠실 야구장,14:00,25.6
박치국,2024,Doosan,2024-09-19,vs. Kia,RP,,0.0,2.0,1,26,0,0,1,0,0,1,0,,Home,잠실 야구장,18:30,32.6
박치국,2024,Doosan,2024-09-07,@ KT,RP,,9.0,1.0,1,26,1,1,1,0,0,0,1,,Away,수원 KT 위즈파크,17:00,30.0
박치국,2024,Doosan,2024-09-01,vs. Lotte,RP,,0.0,3.0,0 ⅓,10,0,0,1,0,1,0,0,,Home,잠실 야구장,14:00,30.2
박치국,2024,Doosan,2024-08-29,@ NC,RP,L,9.0,1.0,2,38,2,2,2,0,3,0,0,,Away,창원 NC 파크,18:30,30.6
박치국,2024,Doosan,2024-08-28,@ NC,RP,W,0.0,1.0,1,10,0,0,0,0,0,1,0,,Away,창원 NC 파크,18:30,29.8
박치국,2024,Doosan,2024-08-23,vs. Hanwha,RP,,0.0,0.6,1 ⅔,18,0,0,0,0,1,1,0,,Home,잠실 야구장,18:30,31.2
박치국,2024,Doosan,2024-08-20,@ Samsung,RP,,0.0,6.0,0 ⅓,10,0,0,1,0,0,1,0,,Away,대구 삼성 라이온즈 파크,18:30,31.4
박치국,2024,Doosan,2024-08-10,@ SSG,RP,,3.86,0.86,2 ⅓,35,1,1,1,1,1,1,0,,Away,인천 SSG 랜더스필드,18:00,32.1
박치국,2024,Doosan,2024-08-09,@ SSG,RP,,0.0,2.0,1,23,0,0,1,0,1,1,0,,Away,인천 SSG 랜더스필드,18:30,31.8
박치국,2024,Doosan,2024-08-06,vs. LG,RP,,0.0,,0,3,0,0,1,0,0,0,0,,Home,잠실 야구장,18:30,33.7
박치국,2024,Doosan,2024-08-03,vs. Kiwoom,RP,,9.0,1.5,2,28,2,2,3,0,3,0,0,,Home,잠실 야구장,18:00,34.1
박치국,2024,Doosan,2024-07-30,@ Kia,RP,,0.0,,0,15,3,3,2,0,0,1,0,,Away,광주 기아 챔피언스 필드,18:30,32.1
박치국,2024,Doosan,2024-07-28,@ SSG,RP,,0.0,0.75,1 ⅓,9,0,0,1,0,1,0,0,,Away,인천 SSG 랜더스필드,17:00,31.8
박치국,2024,Doosan,2024-07-16,@ Lotte,RP,,13.5,4.5,0 ⅔,13,1,1,3,1,0,0,0,,Away,사직 야구장,18:30,26.4
박치국,2024,Doosan,2024-07-12,vs. Samsung,RP,,10.8,1.8,1 ⅔,27,2,2,3,1,1,0,0,,Home,잠실 야구장,18:30,30.5
박치국,2024,Doosan,2024-07-10,@ KT,RP,,9.0,2.0,1,16,1,1,1,0,1,1,1,,Away,수원 KT 위즈파크,18:30,29.1
박치국,2024,Doosan,2024-07-04,vs. Lotte,RP,,0.0,1.5,0 ⅔,15,0,0,0,0,2,1,1,,Home,잠실 야구장,18:30,30.0
박치국,2024,Doosan,2024-07-03,vs. Lotte,RP,H,0.0,0.0,0 ⅓,4,0,0,0,0,1,0,0,,Home,잠실 야구장,18:30,26.9
박치국,2024,Doosan,2024-06-30,vs. SSG,RP,,0.0,0.0,0 ⅓,4,0,0,0,0,0,0,0,,Home,잠실 야구장,17:00,26.9
박치국,2024,Doosan,2024-06-02,vs. LG,RP,,81.0,12.0,0 ⅓,17,3,3,3,0,0,1,0,,Home,잠실 야구장,17:00,23.9
박치국,2024,Doosan,2024-06-01,vs. LG,RP,,0.0,1.5,0 ⅔,11,0,0,0,0,1,1,0,,Home,잠실 야구장,17:00,23.7
박치국,2024,Doosan,2024-05-30,vs. KT,RP,,0.0,3.0,0 ⅔,15,0,0,2,0,0,0,0,,Home,잠실 야구장,18:30,23.7
박치국,2024,Doosan,2024-05-28,vs. KT,RP,,0.0,0.0,1,16,0,0,0,0,2,0,0,,Home,잠실 야구장,18:30,25.5
박치국,2024,Doosan,2024-05-25,@ Kia,RP,,0.0,0.5,2,26,0,0,1,0,2,0,1,,Away,광주 기아 챔피언스 필드,17:00,25.8
박치국,2024,Doosan,2024-05-23,vs. SSG,RP,,27.0,12.0,0 ⅓,27,1,1,2,0,0,2,0,,Home,잠실 야구장,18:30,24.1
박치국,2024,Doosan,2024-05-19,vs. Lotte,RP,,0.0,3.0,0 ⅓,6,0,0,1,0,0,0,1,,Home,잠실 야구장,14:00,26.8
박치국,2024,Doosan,2024-05-17,vs. Lotte,RP,,0.0,,0,9,3,3,2,0,0,0,0,,Home,잠실 야구장,18:30,23.3
박치국,2024,Doosan,2024-05-16,@ Kia,RP,,0.0,0.86,2 ⅓,29,0,0,2,0,0,0,0,,Away,광주 기아 챔피언스 필드,18:30,18.9
박치국,2024,Doosan,2024-05-12,vs. KT,RP,,0.0,0.0,1,8,0,0,0,0,0,0,0,,Home,잠실 야구장,14:00,20.5
박치국,2024,Doosan,2024-05-10,vs. KT,RP,,0.0,3.0,0 ⅔,13,0,0,2,0,1,0,0,,Home,잠실 야구장,18:30,21.4
박치국,2024,Doosan,2024-05-07,@ Kiwoom,RP,,9.0,1.0,1,8,1,1,1,1,0,0,0,,Away,고척 스카이돔,18:30,25.5
박치국,2024,Doosan,2024-05-03,@ LG,RP,,0.0,1.5,0 ⅔,7,0,0,1,0,0,0,0,,Away,잠실 야구장,18:30,26.2
박치국,2024,Doosan,2024-05-01,vs. Samsung,RP,,0.0,1.0,1,11,0,0,1,0,0,0,0,,Home,잠실 야구장,18:30,23.1
박치국,2024,Doosan,2024-04-28,@ Hanwha,RP,,0.0,0.0,1,12,0,0,0,0,1,0,0,,Away,대전 한화생명 볼파크,14:00,28.3
박치국,2024,Doosan,2024-04-27,@ Hanwha,RP,,18.0,2.0,1,17,2,2,2,1,0,0,1,,Away,대전 한화생명 볼파크,17:00,26.7
박치국,2024,Doosan,2024-04-25,vs. NC,RP,,0.0,0.0,1,12,0,0,0,0,1,0,0,,Home,잠실 야구장,18:30,19.7
박치국,2024,Doosan,2024-04-24,vs. NC,RP,,0.0,2.0,1,14,0,0,1,0,1,1,0,,Home,잠실 야구장,18:30,15.3
박치국,2024,Doosan,2024-04-17,@ Samsung,RP,,0.0,2.4,1 ⅔,35,0,0,3,0,1,1,0,,Away,대구 삼성 라이온즈 파크,18:30,17.1
박치국,2024,Doosan,2024-04-16,@ Samsung,RP,,18.0,4.0,1,25,2,2,2,1,0,2,0,,Away,대구 삼성 라이온즈 파크,18:30,18.7
박치국,2024,Doosan,2024-04-13,vs. LG,RP,,0.0,,0,2,1,1,1,1,0,0,0,,Home,잠실 야구장,17:00,26.2
박치국,2024,Doosan,2024-04-10,vs. Hanwha,RP,H,0.0,0.0,1 ⅓,12,0,0,0,0,1,0,0,,Home,잠실 야구장,18:30,15.2
박치국,2024,Doosan,2024-04-07,@ Lotte,RP,,18.0,1.0,1,21,2,2,1,0,2,0,1,,Away,사직 야구장,14:00,20.5
박치국,2024,Doosan,2024-04-04,@ SSG,RP,L,27.0,6.0,0 ⅓,14,1,1,1,0,0,1,2,,Away,인천 SSG 랜더스필드,18:30,16.7
박치국,2024,Doosan,2024-04-03,@ SSG,RP,,9.0,1.0,1,14,1,1,1,1,0,0,0,,Away,인천 SSG 랜더스필드,18:30,16.8
박치국,2024,Doosan,2024-03-28,@ KT,RP,L,54.0,9.0,0 ⅓,12,2,2,3,0,0,0,1,,Away,수원 KT 위즈파크,18:30,11.3
박치국,2024,Doosan,2024-03-27,@ KT,RP,SV,0.0,0.0,0 ⅓,3,0,0,0,0,0,0,0,,Away,수원 KT 위즈파크,18:30,12.2
박치국,2024,Doosan,2024-03-26,@ KT,RP,H,0.0,1.0,1,17,0,0,1,0,1,0,0,,Away,수원 KT 위즈파크,18:30,10.8
박치국,2024,Doosan,2024-03-24,@ NC,RP,,0.0,0.0,1,6,0,0,0,0,0,0,0,,Away,창원 NC 파크,14:00,13.5
박치국,2024,Doosan,2024-03-23,@ NC,RP,,0.0,1.0,1,13,0,0,1,0,2,0,0,,Away,창원 NC 파크,14:00,21.4
박치국,2023,Doosan,2023-10-15,@ LG,RP,,0.0,,0,16,1,1,1,0,0,1,1,,Away,잠실 야구장,14:00,20.7
박치국,2023,Doosan,2023-10-12,vs. NC,RP,,0.0,0.0,0 ⅔,11,0,0,0,0,1,0,0,,Home,잠실 야구장,18:30,20.0
박치국,2023,Doosan,2023-10-07,vs. Lotte,RP,,0.0,3.0,0 ⅔,30,0,0,1,0,1,1,0,,Home,잠실 야구장,17:00,20.6
박치국,2023,Doosan,2023-09-24,@ NC,RP,L,18.0,4.0,1,27,3,2,2,0,0,2,1,,Away,창원 NC 파크,14:00,24.9
박치국,2023,Doosan,2023-09-10,vs. Samsung,RP,,0.0,1.0,1,16,0,0,1,0,1,0,0,,Home,잠실 야구장,14:00,29.2
박치국,2023,Doosan,2023-09-07,vs. Kia,RP,,0.0,3.0,0 ⅔,17,0,0,1,0,0,1,0,,Home,잠실 야구장,18:30,28.8
박치국,2023,Doosan,2023-09-03,@ Lotte,RP,H,0.0,0.0,1,13,0,0,0,0,1,0,0,,Away,사직 야구장,14:00,31.0
박치국,2023,Doosan,2023-08-31,@ LG,RP,,0.0,,0,6,0,0,0,0,0,1,0,,Away,잠실 야구장,18:30,27.6
박치국,2023,Doosan,2023-08-26,vs. SSG,RP,L,40.5,6.0,0 ⅔,21,3,3,3,2,0,1,0,,Home,잠실 야구장,18:00,29.3
박치국,2023,Doosan,2023-08-24,@ Kiwoom,RP,H,0.0,0.0,1 ⅔,21,0,0,0,0,3,0,0,,Away,고척 스카이돔,18:30,25.5
박치국,2023,Doosan,2023-08-20,vs. NC,RP,,0.0,,0,6,3,3,3,0,0,0,0,,Home,잠실 야구장,17:00,31.8
박치국,2023,Doosan,2023-08-19,vs. NC,RP,W,0.0,0.43,2 ⅓,31,0,0,0,0,2,1,0,,Home,잠실 야구장,18:00,31.7
박치국,2023,Doosan,2023-08-17,vs. KT,RP,,0.0,1.0,1,18,0,0,1,0,0,0,0,,Home,잠실 야구장,18:30,31.4
박치국,2023,Doosan,2023-08-15,vs. KT,RP,L,9.0,2.0,1,9,1,1,2,0,0,0,0,,Home,잠실 야구장,18:30,31.4
박치국,2023,Doosan,2023-08-13,@ Hanwha,RP,,0.0,1.5,1 ⅓,19,0,0,2,0,2,0,0,,Away,대전 한화생명 볼파크,17:00,31.9
박치국,2023,Doosan,2023-08-09,vs. Samsung,RP,,0.0,0.0,0 ⅓,2,0,0,0,0,0,0,0,,Home,잠실 야구장,18:30,30.8
박치국,2023,Doosan,2023-08-06,vs. KT,RP,,0.0,0.0,2,19,0,0,0,0,2,0,0,,Home,잠실 야구장,17:00,30.3
박치국,2023,Doosan,2023-08-04,vs. KT,RP,,0.0,1.0,1,13,0,0,1,0,1,0,0,,Home,잠실 야구장,18:30,33.4
박치국,2023,Doosan,2023-08-02,@ Hanwha,RP,W,0.0,1.5,0 ⅔,15,0,0,0,0,1,1,0,,Away,대전 한화생명 볼파크,18:30,32.8
박치국,2023,Doosan,2023-08-01,@ Hanwha,RP,,0.0,3.0,0 ⅓,7,0,0,0,0,1,1,0,,Away,대전 한화생명 볼파크,18:30,32.9
박치국,2023,Doosan,2023-07-25,vs. Lotte,RP,,0.0,0.0,0 ⅔,4,0,0,0,0,0,0,0,,Home,잠실 야구장,18:30,30.3
박치국,2023,Doosan,2023-07-21,@ Kia,RP,,0.0,3.0,0 ⅔,14,0,0,2,0,1,0,0,,Away,광주 기아 챔피언스 필드,18:30,29.6
박치국,2023,Doosan,2023-07-07,vs. Kiwoom,RP,H,0.0,0.0,1,11,0,0,0,0,1,0,0,,Home,잠실 야구장,18:30,28.2
박치국,2023,Doosan,2023-07-06,@ Samsung,RP,,0.0,1.0,1,15,0,0,1,0,0,0,0,,Away,대구 삼성 라이온즈 파크,18:30,26.6
박치국,2023,Doosan,2023-07-04,@ Samsung,RP,,0.0,0.0,0 ⅔,8,0,0,0,0,1,0,0,,Away,대구 삼성 라이온즈 파크,18:30,26.3
박치국,2023,Doosan,2023-07-02,@ Lotte,RP,H,0.0,0.0,0 ⅔,6,0,0,0,0,1,0,0,,Away,사직 야구장,17:00,27.7
박치국,2023,Doosan,2023-06-30,@ Lotte,RP,,0.0,1.5,0 ⅔,14,0,0,1,0,1,0,0,,Away,사직 야구장,18:30,25.6
박치국,2023,Doosan,2023-06-28,vs. NC,RP,,0.0,0.0,1,13,0,0,0,0,1,0,0,,Home,잠실 야구장,18:30,29.1
박치국,2023,Doosan,2023-06-27,vs. NC,RP,W,0.0,0.0,0 ⅔,10,0,0,0,0,2,0,0,,Home,잠실 야구장,18:30,28.9
박치국,2023,Doosan,2023-06-24,@ Kiwoom,RP,,0.0,0.0,1,11,0,0,0,0,0,0,0,,Away,고척 스카이돔,17:00,25.5
박치국,2023,Doosan,2023-06-22,vs. SSG,RP,,27.0,4.5,0 ⅔,13,2,2,3,0,0,0,0,,Home,잠실 야구장,18:30,25.8
박치국,2023,Doosan,2023-06-21,vs. SSG,RP,,0.0,2.0,1,24,0,0,1,0,2,1,1,,Home,잠실 야구장,18:30,24.3
박치국,2023,Doosan,2023-06-17,@ LG,RP,H,0.0,0.0,0 ⅓,7,0,0,0,0,1,0,0,,Away,잠실 야구장,17:00,27.7
박치국,2023,Doosan,2023-06-16,@ LG,RP,,0.0,4.5,0 ⅔,17,0,0,3,0,0,0,0,,Away,잠실 야구장,18:30,27.2
박치국,2023,Doosan,2023-06-10,vs. Kia,RP,,0.0,2.0,1,28,0,0,1,0,1,1,0,,Home,잠실 야구장,17:00,24.3
박치국,2023,Doosan,2023-06-08,vs. Hanwha,RP,SV,0.0,0.0,1,4,0,0,0,0,0,0,0,,Home,잠실 야구장,18:30,24.5
박치국,2023,Doosan,2023-06-06,vs. Hanwha,RP,H,0.0,1.8,1 ⅔,27,0,0,3,0,2,0,0,,Home,잠실 야구장,18:30,23.4
박치국,2023,Doosan,2023-06-04,@ KT,RP,,0.0,1.5,1 ⅓,25,0,0,2,0,2,0,0,,Away,수원 KT 위즈파크,17:00,24.4
박치국,2023,Doosan,2023-05-31,@ NC,RP,W,5.4,0.6,1 ⅔,23,1,1,1,1,2,0,0,,Away,창원 NC 파크,18:30,22.9
박치국,2023,Doosan,2023-05-25,vs. Samsung,RP,,0.0,1.0,1,13,0,0,1,0,1,0,0,,Home,잠실 야구장,18:30,23.3
박치국,2023,Doosan,2023-05-24,vs. Samsung,RP,,0.0,0.0,1,13,0,0,0,0,1,0,0,,Home,잠실 야구장,18:30,23.2
박치국,2023,Doosan,2023-05-23,vs. Samsung,RP,H,0.0,3.0,1,24,0,0,1,0,1,2,0,,Home,잠실 야구장,18:30,25.2
박치국,2023,Doosan,2023-05-21,@ KT,RP,,27.0,9.0,0 ⅓,18,1,1,3,0,1,0,0,,Away,수원 KT 위즈파크,14:00,20.0
박치국,2023,Doosan,2023-05-18,@ Kiwoom,RP,,0.0,2.0,1,22,0,0,2,0,1,0,0,,Away,고척 스카이돔,18:30,25.5
박치국,2023,Doosan,2023-05-17,@ Kiwoom,RP,,0.0,2.0,1,23,0,0,1,0,1,1,1,,Away,고척 스카이돔,18:30,25.5
박치국,2023,Doosan,2023-05-13,vs. Kia,RP,,0.0,0.0,2,31,0,0,0,0,1,0,0,,Home,잠실 야구장,17:00,20.9
박치국,2023,Doosan,2023-05-11,@ Lotte,RP,,0.0,,0,8,2,2,2,0,0,0,0,,Away,사직 야구장,18:30,19.5
박치국,2023,Doosan,2023-05-03,vs. Hanwha,RP,H,0.0,0.0,0 ⅓,1,0,0,0,0,0,0,0,,Home,잠실 야구장,18:30,22.7
박치국,2023,Doosan,2023-04-30,@ SSG,RP,H,0.0,3.0,0 ⅓,9,0,0,1,0,0,0,0,,Away,인천 SSG 랜더스필드,14:00,15.4
박치국,2023,Doosan,2023-04-27,@ Samsung,RP,,54.0,6.0,0 ⅓,10,2,2,1,0,0,1,0,,Away,대구 삼성 라이온즈 파크,18:30,16.8
박치국,2023,Doosan,2023-04-26,@ Samsung,RP,,0.0,0.0,0 ⅔,4,0,0,0,0,0,0,0,,Away,대구 삼성 라이온즈 파크,18:30,16.0
박치국,2023,Doosan,2023-04-23,vs. KT,RP,,0.0,1.0,1,15,0,0,1,0,0,0,0,,Home,잠실 야구장,14:00,22.0
박치국,2023,Doosan,2023-04-21,vs. KT,RP,SV,0.0,0.0,1 ⅓,14,0,0,0,0,1,0,0,,Home,잠실 야구장,18:30,20.8
박치국,2023,Doosan,2023-04-19,@ Hanwha,RP,,0.0,,0,19,3,3,2,0,0,2,0,,Away,대전 한화생명 볼파크,18:30,25.2
박치국,2023,Doosan,2023-04-16,@ LG,RP,,0.0,3.0,0 ⅓,10,0,0,1,0,0,0,0,,Away,잠실 야구장,14:00,14.4
박치국,2023,Doosan,2023-04-15,@ LG,RP,,0.0,0.0,0 ⅔,5,0,0,0,0,1,0,0,,Away,잠실 야구장,17:00,16.3
박치국,2023,Doosan,2023-04-11,vs. Kiwoom,RP,W,0.0,0.75,1 ⅓,23,0,0,1,0,2,0,0,,Home,잠실 야구장,18:30,12.2
박치국,2023,Doosan,2023-04-09,@ Kia,RP,H,0.0,0.0,0 ⅔,12,0,0,0,0,0,0,0,,Away,광주 기아 챔피언스 필드,14:00,18.1
박치국,2023,Doosan,2023-04-07,@ Kia,RP,H,0.0,1.5,0 ⅔,13,0,0,1,0,1,0,0,,Away,광주 기아 챔피언스 필드,18:30,8.8
박치국,2023,Doosan,2023-04-06,vs. NC,RP,,0.0,3.0,0 ⅓,14,0,0,0,0,1,1,1,,Home,잠실 야구장,18:30,7.8
박치국,2023,Doosan,2023-04-02,vs. Lotte,RP,,0.0,0.0,1,13,0,0,0,0,1,0,0,,Home,잠실 야구장,14:00,24.3
박치국,2023,Doosan,2023-04-01,vs. Lotte,RP,,0.0,1.2,1 ⅔,18,0,0,0,0,0,2,0,,Home,잠실 야구장,14:00,25.0
박치국,2022,Doosan,2022-07-29,@ Hanwha,RP,H,0.0,3.0,0 ⅓,7,0,0,1,0,0,0,0,,Away,대전 한화생명 볼파크,18:30,33.0
박치국,2022,Doosan,2022-07-27,vs. Lotte,RP,W,0.0,0.6,1 ⅔,30,0,0,1,0,1,0,0,,Home,잠실 야구장,18:30,32.0
박치국,2022,Doosan,2022-07-24,vs. SSG,RP,,0.0,0.0,1,8,0,0,0,0,1,0,0,,Home,잠실 야구장,17:00,29.7
박치국,2022,Doosan,2022-07-22,vs. SSG,RP,,0.0,0.0,0 ⅓,5,0,0,0,0,1,0,0,,Home,잠실 야구장,18:30,28.5
박치국,2022,Doosan,2022-07-12,@ NC,RP,,0.0,6.0,0 ⅓,11,1,0,1,0,0,1,1,,Away,창원 NC 파크,18:30,26.8
박치국,2022,Doosan,2022-07-10,vs. LG,RP,,0.0,0.0,1 ⅓,14,0,0,0,0,2,0,1,,Home,잠실 야구장,17:00,33.5
박치국,2022,Doosan,2022-07-09,vs. LG,RP,,13.5,1.5,0 ⅔,13,1,1,0,0,1,1,0,,Home,잠실 야구장,18:00,31.6
박치국,2022,Doosan,2022-07-07,vs. Kiwoom,RP,H,0.0,0.0,2,22,0,0,0,0,0,0,1,,Home,잠실 야구장,18:30,31.5
박치국,2022,Doosan,2022-07-02,@ KT,RP,,0.0,3.0,0 ⅓,9,0,0,0,0,1,1,0,,Away,수원 KT 위즈파크,18:00,30.8
박치국,2022,Doosan,2022-06-30,@ Lotte,RP,,0.0,0.0,2,21,0,0,0,0,3,0,0,,Away,사직 야구장,18:30,29.0
박치국,2022,Doosan,2022-06-25,vs. Kia,RP,L,0.0,,0,12,2,2,1,0,0,1,0,,Home,잠실 야구장,17:00,31.2
박치국,2022,Doosan,2022-06-24,vs. Kia,RP,,0.0,,0,6,0,0,0,0,0,1,0,,Home,잠실 야구장,18:30,26.7
박치국,2022,Doosan,2022-06-22,@ SSG,RP,,0.0,3.0,0 ⅔,13,0,0,1,0,1,1,0,,Away,인천 SSG 랜더스필드,18:30,25.9
박치국,2022,Doosan,2022-06-16,@ Kiwoom,RP,L,54.0,6.0,0 ⅔,25,4,4,1,0,1,3,0,,Away,고척 스카이돔,18:30,25.5
박치국,2022,Doosan,2022-06-15,@ Kiwoom,RP,H,0.0,0.0,0 ⅓,3,0,0,0,0,0,0,0,,Away,고척 스카이돔,18:30,25.5
박치국,2021,Doosan,2021-06-24,vs. Kiwoom,RP,,0.0,1.0,1,12,0,0,0,0,0,1,0,,Home,잠실 야구장,18:30,26.8
박치국,2021,Doosan,2021-06-23,vs. Kiwoom,RP,L,9.0,1.0,1,12,1,1,0,0,1,1,0,,Home,잠실 야구장,18:30,24.7
박치국,2021,Doosan,2021-06-20,@ KT,RP,,9.0,1.0,1,18,1,1,1,1,1,0,0,,Away,수원 KT 위즈파크,17:00,27.6
박치국,2021,Doosan,2021-06-19,@ KT,RP,,0.0,0.0,1 ⅓,18,0,0,0,0,2,0,0,,Away,수원 KT 위즈파크,17:00,26.7
박치국,2021,Doosan,2021-06-17,vs. Samsung,RP,,6.75,1.5,1 ⅓,20,1,1,2,0,1,0,0,,Home,잠실 야구장,18:30,24.4
박치국,2021,Doosan,2021-06-16,vs. Samsung,RP,,0.0,0.0,0 ⅔,7,0,0,0,0,1,0,0,,Home,잠실 야구장,18:30,27.2
박치국,2021,Doosan,2021-06-12,@ LG,RP,H,0.0,0.0,0 ⅔,7,0,0,0,0,0,0,0,,Away,잠실 야구장,17:00,29.5
박치국,2021,Doosan,2021-06-09,@ Lotte,RP,,0.0,0.0,1 ⅓,12,0,0,0,0,2,0,0,,Away,사직 야구장,18:30,24.2
박치국,2021,Doosan,2021-06-05,vs. SSG,RP,,27.0,6.0,0 ⅓,11,1,1,2,1,1,0,0,,Home,잠실 야구장,17:00,25.1
박치국,2021,Doosan,2021-06-04,vs. SSG,RP,H,18.0,4.0,1,21,2,2,3,0,0,1,0,,Home,잠실 야구장,18:30,21.8
박치국,2021,Doosan,2021-06-02,@ NC,RP,,0.0,,0,7,2,1,1,0,0,0,0,,Away,창원 NC 파크,18:30,22.4
박치국,2021,Doosan,2021-06-01,@ NC,RP,W,0.0,0.0,0 ⅔,11,0,0,0,0,0,0,0,,Away,창원 NC 파크,18:30,21.6
박치국,2021,Doosan,2021-05-30,@ Samsung,RP,H,0.0,1.0,1,13,0,0,1,0,1,0,0,,Away,대구 삼성 라이온즈 파크,14:00,23.5
박치국,2021,Doosan,2021-05-27,vs. Hanwha,RP,,0.0,3.0,1,17,0,0,2,0,0,1,0,,Home,잠실 야구장,18:30,17.7
박치국,2021,Doosan,2021-05-23,vs. Lotte,RP,H,0.0,0.0,1 ⅓,13,0,0,0,0,0,0,0,,Home,잠실 야구장,14:00,24.8
박치국,2021,Doosan,2021-04-21,@ Lotte,RP,,81.0,15.0,0 ⅓,19,3,3,1,0,0,4,1,,Away,사직 야구장,18:30,20.4
박치국,2021,Doosan,2021-04-17,@ LG,RP,H,0.0,3.0,0 ⅔,15,0,0,1,0,1,1,0,,Away,잠실 야구장,17:00,10.6
박치국,2021,Doosan,2021-04-16,@ LG,RP,,0.0,1.5,0 ⅔,15,0,0,1,0,0,0,0,,Away,잠실 야구장,18:30,13.8
박치국,2021,Doosan,2021-04-14,vs. KT,RP,H,0.0,1.0,1,17,0,0,1,0,1,0,0,,Home,잠실 야구장,18:30,11.1
박치국,2021,Doosan,2021-04-11,@ Hanwha,RP,,0.0,1.0,2,29,0,0,2,0,4,0,0,,Away,대전 한화생명 볼파크,14:00,22.1
박치국,2021,Doosan,2021-04-07,vs. Samsung,RP,H,0.0,1.8,1 ⅔,19,0,0,2,0,0,1,0,,Home,잠실 야구장,18:30,17.5
박치국,2021,Doosan,2021-04-06,vs. Samsung,RP,H,0.0,1.0,1,12,0,0,1,0,2,0,0,,Home,잠실 야구장,18:30,17.4
박치국,2021,Doosan,2021-04-04,vs. Kia,RP,W,0.0,1.0,1,20,0,0,0,0,2,1,0,,Home,잠실 야구장,14:00,15.4
박치국,2020,Doosan,2020-10-29,@ Kia,RP,,0.0,2.0,1,18,0,0,1,0,3,1,0,,Away,광주 기아 챔피언스 필드,18:30,14.1
박치국,2020,Doosan,2020-10-24,vs. Lotte,RP,H,0.0,6.0,0 ⅓,11,0,0,1,0,0,1,0,,Home,잠실 야구장,17:00,13.3
박치국,2020,Doosan,2020-10-23,vs. Kiwoom,RP,,13.5,4.5,0 ⅔,17,1,1,3,1,1,0,0,,Home,잠실 야구장,18:30,10.3
박치국,2020,Doosan,2020-10-20,@ Lotte,RP,,0.0,0.0,1,9,0,0,0,0,2,0,0,,Away,사직 야구장,18:30,17.7
박치국,2020,Doosan,2020-10-17,@ Kiwoom,RP,,0.0,6.0,0 ⅓,19,0,0,1,0,1,1,0,,Away,고척 스카이돔,17:00,25.5
박치국,2020,Doosan,2020-10-16,@ Kiwoom,RP,,13.5,1.5,0 ⅔,13,1,1,1,0,0,0,0,,Away,고척 스카이돔,18:30,25.5
박치국,2020,Doosan,2020-10-10,@ KT,RP,,13.5,4.5,0 ⅔,26,2,1,3,1,2,0,0,,Away,수원 KT 위즈파크,17:00,19.6
박치국,2020,Doosan,2020-10-08,@ SK,RP,,0.0,0.0,1,5,0,0,0,0,0,0,0,,Away,인천 SSG 랜더스필드,18:30,20.9
박치국,2020,Doosan,2020-10-06,@ SK,RP,W,0.0,0.75,1 ⅓,23,0,0,1,0,1,0,1,,Away,인천 SSG 랜더스필드,18:30,16.5
박치국,2020,Doosan,2020-10-04,vs. Kia,RP,H,0.0,0.75,1 ⅓,23,0,0,1,0,3,0,0,,Home,잠실 야구장,14:00,21.3
박치국,2020,Doosan,2020-10-03,vs. Kia,RP,,0.0,1.5,0 ⅔,11,0,0,1,0,1,0,0,,Home,잠실 야구장,17:00,21.4
박치국,2020,Doosan,2020-09-29,@ Hanwha,RP,,0.0,0.0,1,19,0,0,0,0,1,0,0,,Away,대전 한화생명 볼파크,18:30,22.3
박치국,2020,Doosan,2020-09-27,vs. Kiwoom,RP,,0.0,1.0,2,21,0,0,2,0,2,0,0,,Home,잠실 야구장,14:00,24.6
박치국,2020,Doosan,2020-09-25,vs. Samsung,RP,,0.0,0.0,1 ⅓,13,0,0,0,0,0,0,0,,Home,잠실 야구장,18:30,22.5
박치국,2020,Doosan,2020-09-23,@ Hanwha,RP,,0.0,1.0,1,13,0,0,1,0,1,0,0,,Away,대전 한화생명 볼파크,18:30,22.2
박치국,2020,Doosan,2020-09-20,vs. LG,RP,,0.0,1.0,1,14,0,0,1,0,1,0,0,,Home,잠실 야구장,14:00,23.8
박치국,2020,Doosan,2020-09-19,vs. LG,RP,L,13.5,1.5,0 ⅔,12,1,1,0,0,1,1,0,,Home,잠실 야구장,17:00,24.1
박치국,2020,Doosan,2020-09-18,@ KT,RP,L,27.0,3.0,0 ⅓,6,1,1,1,1,0,0,0,,Away,수원 KT 위즈파크,18:30,24.0
박치국,2020,Doosan,2020-09-15,vs. NC,RP,,0.0,1.5,0 ⅔,8,0,0,1,0,0,0,0,,Home,잠실 야구장,18:30,26.3
박치국,2020,Doosan,2020-09-13,@ Kiwoom,RP,,0.0,1.0,1,19,0,0,0,0,1,1,0,,Away,고척 스카이돔,14:00,25.5
박치국,2020,Doosan,2020-09-10,@ Kia,RP,H,0.0,1.0,2,41,0,0,1,0,3,1,0,,Away,광주 기아 챔피언스 필드,18:30,25.6
박치국,2020,Doosan,2020-09-08,vs. KT,RP,,0.0,1.0,1,13,0,0,0,0,0,1,0,,Home,잠실 야구장,18:30,25.1
박치국,2020,Doosan,2020-09-03,@ Samsung,RP,,0.0,1.5,1 ⅓,20,0,0,1,0,1,1,0,,Away,대구 삼성 라이온즈 파크,18:30,27.9
박치국,2020,Doosan,2020-09-01,vs. Hanwha,RP,,0.0,0.0,1,13,0,0,0,0,0,0,0,,Home,잠실 야구장,18:30,29.5
박치국,2020,Doosan,2020-08-29,@ LG,RP,,13.5,1.5,1 ⅓,20,2,2,2,1,2,0,0,,Away,잠실 야구장,18:00,30.4
박치국,2020,Doosan,2020-08-25,vs. Kia,RP,H,0.0,1.5,0 ⅔,23,2,0,0,0,1,1,0,,Home,잠실 야구장,18:30,32.3
박치국,2020,Doosan,2020-08-22,@ SK,RP,,0.0,2.0,1,25,0,0,2,0,1,0,0,,Away,인천 SSG 랜더스필드,18:00,27.8
박치국,2020,Doosan,2020-08-21,vs. Lotte,RP,,0.0,0.75,1 ⅓,11,0,0,1,0,0,0,0,,Home,잠실 야구장,18:30,30.3
박치국,2020,Doosan,2020-08-20,vs. Lotte,RP,,0.0,3.0,1,18,0,0,1,0,1,2,0,,Home,잠실 야구장,18:30,31.0
박치국,2020,Doosan,2020-08-16,vs. KT,RP,,0.0,3.0,0 ⅓,4,0,0,1,0,1,0,0,,Home,잠실 야구장,17:00,31.1
박치국,2020,Doosan,2020-08-14,vs. KT,RP,L,9.0,2.0,1,15,2,1,1,0,0,1,0,,Home,잠실 야구장,18:30,29.6
박치국,2020,Doosan,2020-08-13,@ Samsung,RP,,0.0,0.0,1,28,0,0,0,0,3,0,1,,Away,대구 삼성 라이온즈 파크,18:30,30.5
박치국,2020,Doosan,2020-08-11,@ Samsung,RP,H,0.0,0.0,1,20,0,0,0,0,1,0,0,,Away,대구 삼성 라이온즈 파크,18:30,27.6
박치국,2020,Doosan,2020-08-07,vs. Lotte,RP,H,9.0,3.0,1,29,3,1,2,0,2,1,0,,Home,잠실 야구장,18:30,27.2
박치국,2020,Doosan,2020-08-04,vs. Samsung,RP,,2.25,1.0,4,51,1,1,3,0,4,1,0,,Home,잠실 야구장,18:30,30.3
박치국,2020,Doosan,2020-08-01,@ NC,RP,,10.8,1.8,1 ⅔,32,2,2,2,1,3,1,0,,Away,창원 NC 파크,18:00,29.2
박치국,2020,Doosan,2020-07-30,vs. Kiwoom,RP,,0.0,0.0,2,18,0,0,0,0,1,0,0,,Home,잠실 야구장,18:30,28.3
박치국,2020,Doosan,2020-07-24,vs. LG,RP,,10.8,3.6,1 ⅔,40,2,2,5,0,0,1,0,,Home,잠실 야구장,18:30,26.3
박치국,2020,Doosan,2020-07-16,vs. SK,RP,W,0.0,1.25,4,56,1,0,4,0,2,1,0,,Home,잠실 야구장,18:30,29.3
박치국,2020,Doosan,2020-07-11,@ Lotte,RP,,0.0,2.0,1,18,0,0,1,0,1,1,0,,Away,사직 야구장,18:00,23.8
박치국,2020,Doosan,2020-07-08,vs. LG,RP,,0.0,0.5,2,32,0,0,1,0,3,0,0,,Home,잠실 야구장,18:30,29.6
박치국,2020,Doosan,2020-06-26,vs. NC,RP,L,0.0,,0,8,2,1,0,0,0,0,1,,Home,잠실 야구장,18:30,25.6
박치국,2020,Doosan,2020-06-20,@ LG,RP,,0.0,3.0,0 ⅔,20,0,0,1,0,0,1,0,,Away,잠실 야구장,17:00,28.2
박치국,2020,Doosan,2020-06-18,vs. Samsung,RP,H,0.0,0.0,1,7,0,0,0,0,0,0,0,,Home,잠실 야구장,18:30,26.1
박치국,2020,Doosan,2020-06-16,vs. Samsung,RP,,0.0,0.0,1 ⅔,21,0,0,0,0,3,0,0,,Home,잠실 야구장,18:30,27.8
박치국,2020,Doosan,2020-06-13,@ Hanwha,RP,,13.5,0.75,1 ⅓,23,2,2,0,0,2,1,1,,Away,대전 한화생명 볼파크,17:00,30.2
박치국,2020,Doosan,2020-06-12,@ Hanwha,RP,,0.0,1.0,1,13,0,0,1,0,0,0,0,,Away,대전 한화생명 볼파크,18:30,27.8
박치국,2020,Doosan,2020-06-10,@ NC,RP,,0.0,0.0,1,11,0,0,0,0,1,0,0,,Away,창원 NC 파크,18:30,25.2
박치국,2020,Doosan,2020-06-06,vs. Kia,RP,W,0.0,1.0,1,10,0,0,0,0,0,1,0,,Home,잠실 야구장,17:00,28.8
박치국,2020,Doosan,2020-06-05,vs. Kia,RP,W,0.0,1.0,1,17,0,0,1,0,1,0,0,,Home,잠실 야구장,18:30,27.4
박치국,2020,Doosan,2020-06-04,@ KT,RP,,0.0,1.0,1,8,0,0,1,0,0,0,0,,Away,수원 KT 위즈파크,18:30,25.0
박치국,2020,Doosan,2020-05-31,vs. Lotte,RP,,0.0,1.67,3,63,1,0,2,0,2,3,1,,Home,잠실 야구장,14:00,27.5
박치국,2020,Doosan,2020-05-27,vs. SK,RP,,0.0,,0,5,1,1,1,0,0,1,0,,Home,잠실 야구장,18:30,21.6
박치국,2020,Doosan,2020-05-26,vs. SK,RP,,0.0,1.5,0 ⅔,12,0,0,1,0,2,0,0,,Home,잠실 야구장,18:30,16.0
박치국,2020,Doosan,2020-05-24,@ Samsung,RP,,0.0,1.0,1,14,0,0,1,0,1,0,0,,Away,대구 삼성 라이온즈 파크,14:00,21.7
박치국,2020,Doosan,2020-05-22,@ Samsung,RP,,27.0,3.0,0 ⅔,24,2,2,0,0,0,2,0,,Away,대구 삼성 라이온즈 파크,18:30,17.4
박치국,2020,Doosan,2020-05-21,vs. NC,RP,,0.0,,0,5,0,0,0,0,0,1,0,,Home,잠실 야구장,18:30,21.9
박치국,2020,Doosan,2020-05-19,vs. NC,RP,,0.0,1.0,2,32,0,0,1,0,2,1,0,,Home,잠실 야구장,18:30,14.9
박치국,2020,Doosan,2020-05-16,@ Kia,RP,,9.0,3.0,2,40,2,2,4,0,1,2,0,,Away,광주 기아 챔피언스 필드,17:00,20.2
박치국,2020,Doosan,2020-05-15,@ Kia,RP,,0.0,2.0,1,24,2,0,2,0,0,0,0,,Away,광주 기아 챔피언스 필드,18:30,18.2
박치국,2020,Doosan,2020-05-12,@ Lotte,RP,,9.0,3.0,1,26,1,1,1,0,0,2,0,,Away,사직 야구장,18:30,17.8
박치국,2020,Doosan,2020-05-10,vs. KT,RP,,0.0,6.0,0 ⅓,12,0,0,1,0,0,1,0,,Home,잠실 야구장,14:00,16.5
박치국,2020,Doosan,2020-05-07,@ LG,RP,,0.0,0.0,1,8,0,0,0,0,0,0,0,,Away,잠실 야구장,18:30,23.6
박정수,2024,Doosan,2024-09-28,@ NC,RP,H,0.0,0.0,0 ⅓,6,0,0,0,0,0,0,0,,Away,창원 NC 파크,17:00,26.5
박정수,2024,Doosan,2024-07-26,@ SSG,RP,,13.5,3.0,1 ⅓,24,2,2,4,1,2,0,0,,Away,인천 SSG 랜더스필드,18:30,31.0
박정수,2024,Doosan,2024-07-25,vs. Kiwoom,RP,,0.0,3.0,0 ⅔,11,0,0,2,0,0,0,0,,Home,잠실 야구장,18:30,32.9
박정수,2024,Doosan,2024-07-19,@ LG,RP,,5.4,1.8,1 ⅔,33,1,1,2,0,1,1,0,,Away,잠실 야구장,18:30,30.5
박정수,2024,Doosan,2024-07-14,vs. Samsung,RP,,9.0,2.0,1,32,1,1,0,0,2,2,2,,Home,잠실 야구장,17:00,32.1
박정수,2024,Doosan,2024-07-11,@ KT,RP,,0.0,2.0,1,21,0,0,2,0,1,0,0,,Away,수원 KT 위즈파크,18:30,27.8
박정수,2024,Doosan,2024-06-28,vs. SSG,RP,,0.0,0.0,1,13,0,0,0,0,0,0,0,,Home,잠실 야구장,18:30,28.6
박정수,2024,Doosan,2024-06-27,@ Hanwha,RP,,0.0,2.0,1,17,0,0,2,0,0,0,0,,Away,대전 한화생명 볼파크,18:30,26.8
박정수,2024,Doosan,2024-06-25,@ Hanwha,RP,,0.0,1.0,1,7,0,0,1,0,0,0,0,,Away,대전 한화생명 볼파크,18:30,25.8
박정수,2024,Doosan,2024-06-11,vs. Hanwha,RP,,0.0,1.0,1,15,0,0,1,0,1,0,0,,Home,잠실 야구장,18:30,27.8
박정수,2024,Doosan,2024-06-08,vs. Kia,RP,,0.0,0.0,0 ⅔,10,0,0,0,0,1,0,0,,Home,잠실 야구장,17:00,24.7
박정수,2024,Doosan,2024-06-06,@ NC,RP,,0.0,1.5,1 ⅓,21,0,0,1,0,0,1,0,,Away,창원 NC 파크,18:30,23.0
박정수,2024,Doosan,2024-05-21,vs. SSG,RP,,16.2,2.4,1 ⅔,41,3,3,3,1,0,1,0,,Home,잠실 야구장,18:30,26.1
박정수,2024,Doosan,2024-05-19,vs. Lotte,RP,,0.0,3.0,0 ⅓,2,0,0,1,0,0,0,0,,Home,잠실 야구장,14:00,26.8
박정수,2024,Doosan,2024-05-02,vs. Samsung,RP,,9.0,3.0,1,20,1,1,3,0,0,0,0,,Home,잠실 야구장,18:30,21.7
박정수,2024,Doosan,2024-04-27,@ Hanwha,SP,L,27.0,4.5,2,47,6,6,6,0,1,3,0,18.0,Away,대전 한화생명 볼파크,17:00,26.7
박정수,2024,Doosan,2024-04-24,vs. NC,RP,L,13.5,3.0,0 ⅔,12,1,1,1,0,1,1,0,,Home,잠실 야구장,18:30,15.3
박정수,2024,Doosan,2024-04-23,vs. NC,RP,W,0.0,0.0,0 ⅓,5,0,0,0,0,0,0,0,,Home,잠실 야구장,18:30,19.9
박정수,2024,Doosan,2024-04-19,vs. Kiwoom,RP,,5.4,0.6,1 ⅔,22,1,1,1,0,3,0,0,,Home,잠실 야구장,18:30,21.1
박정수,2024,Doosan,2024-04-17,@ Samsung,RP,,0.0,0.0,0 ⅓,1,0,0,0,0,0,0,0,,Away,대구 삼성 라이온즈 파크,18:30,17.1
박정수,2024,Doosan,2024-04-14,vs. LG,RP,H,0.0,1.0,1,15,0,0,0,0,1,1,0,,Home,잠실 야구장,14:00,28.9
박정수,2024,Doosan,2024-04-12,vs. LG,RP,,0.0,0.0,0 ⅓,4,0,0,0,0,0,0,0,,Home,잠실 야구장,18:30,21.7
박정수,2024,Doosan,2024-04-10,vs. Hanwha,RP,H,0.0,0.0,1,14,0,0,0,0,0,0,0,,Home,잠실 야구장,18:30,15.2
박정수,2024,Doosan,2024-04-07,@ Lotte,RP,H,0.0,1.29,2 ⅓,38,0,0,2,0,2,1,0,,Away,사직 야구장,14:00,20.5
박정수,2024,Doosan,2024-04-03,@ SSG,RP,,0.0,1.0,1,20,0,0,1,0,1,0,0,,Away,인천 SSG 랜더스필드,18:30,16.8
박정수,2024,Doosan,2024-04-02,@ SSG,RP,,0.0,2.25,1 ⅓,29,0,0,3,0,2,0,0,,Away,인천 SSG 랜더스필드,18:30,16.9
박정수,2024,Doosan,2024-03-30,vs. Kia,RP,,0.0,0.5,2,25,0,0,0,0,2,1,0,,Home,잠실 야구장,17:00,14.0
박정수,2024,Doosan,2024-03-28,@ KT,RP,,0.0,0.0,0 ⅔,9,0,0,0,0,1,0,0,,Away,수원 KT 위즈파크,18:30,11.3
박정수,2024,Doosan,2024-03-24,@ NC,RP,,0.0,,0,5,2,1,2,0,0,0,0,,Away,창원 NC 파크,14:00,13.5
박정수,2023,Doosan,2023-10-17,@ SSG,RP,,0.0,1.0,1,11,0,0,1,0,0,0,0,,Away,인천 SSG 랜더스필드,18:30,16.7
박정수,2023,Doosan,2023-10-11,@ Lotte,RP,,0.0,3.0,1,20,0,0,0,0,0,3,0,,Away,사직 야구장,18:30,19.8
박정수,2023,Doosan,2023-10-02,vs. Kiwoom,RP,SV,6.0,1.33,3,41,2,2,4,0,1,0,0,,Home,잠실 야구장,18:30,21.3
박정수,2023,Doosan,2023-09-27,@ SSG,RP,,0.0,1.2,1 ⅔,23,0,0,1,0,1,1,0,,Away,인천 SSG 랜더스필드,18:30,24.6
박정수,2023,Doosan,2023-09-06,vs. Kia,RP,,0.0,0.0,1,11,0,0,0,0,2,0,0,,Home,잠실 야구장,18:30,30.4
박정수,2023,Doosan,2023-07-27,vs. Lotte,RP,,3.38,1.5,2 ⅔,53,1,1,1,0,1,3,0,,Home,잠실 야구장,18:30,32.4
박정수,2023,Doosan,2023-07-26,vs. Lotte,RP,,0.0,4.5,0 ⅔,17,2,0,1,0,1,2,0,,Home,잠실 야구장,18:30,31.3
박정수,2023,Doosan,2023-07-25,vs. Lotte,RP,,0.0,,0,4,0,0,1,0,0,0,0,,Home,잠실 야구장,18:30,30.3
박정수,2023,Doosan,2023-07-09,vs. Kiwoom,RP,,0.0,2.0,1,15,0,0,2,0,0,0,0,,Home,잠실 야구장,17:00,27.2
박정수,2023,Doosan,2023-07-05,@ Samsung,RP,,18.0,3.0,1,15,2,2,3,0,0,0,0,,Away,대구 삼성 라이온즈 파크,18:30,28.7
박정수,2023,Doosan,2023-06-28,vs. NC,RP,,0.0,0.0,0 ⅓,2,0,0,0,0,0,0,0,,Home,잠실 야구장,18:30,29.1
박정수,2023,Doosan,2023-06-24,@ Kiwoom,RP,,0.0,1.5,0 ⅔,10,0,0,1,0,0,0,0,,Away,고척 스카이돔,17:00,25.5
박정수,2023,Doosan,2023-06-22,vs. SSG,RP,,0.0,1.5,2,34,0,0,3,0,2,0,0,,Home,잠실 야구장,18:30,25.8
박정수,2023,Doosan,2023-06-18,@ LG,RP,,3.86,1.71,2 ⅓,51,1,1,2,0,3,2,1,,Away,잠실 야구장,17:00,30.8
박정수,2023,Doosan,2023-06-15,@ NC,RP,,3.86,0.43,2 ⅓,27,1,1,1,0,1,0,1,,Away,창원 NC 파크,18:30,25.2
박정수,2023,Doosan,2023-06-10,vs. Kia,RP,,0.0,0.0,1 ⅓,17,0,0,0,0,1,0,1,,Home,잠실 야구장,17:00,24.3
박정수,2023,Doosan,2023-06-09,vs. Kia,RP,,0.0,0.0,0 ⅔,5,0,0,0,0,0,0,0,,Home,잠실 야구장,18:30,26.2
박정수,2023,Doosan,2023-06-07,vs. Hanwha,RP,,5.4,2.4,1 ⅔,28,1,1,3,0,1,1,0,,Home,잠실 야구장,18:30,26.0
박정수,2023,Doosan,2023-06-03,@ KT,RP,,33.75,3.75,1 ⅓,41,5,5,4,0,1,1,1,,Away,수원 KT 위즈파크,17:00,23.6
박정수,2023,Doosan,2023-06-02,@ KT,RP,,9.0,1.0,1,11,1,1,1,1,1,0,0,,Away,수원 KT 위즈파크,18:30,22.8
박정수,2023,Doosan,2023-05-26,vs. SSG,RP,,7.71,0.86,2 ⅓,30,2,2,1,0,2,1,0,,Home,잠실 야구장,18:30,24.7
박정수,2023,Doosan,2023-05-25,vs. Samsung,RP,W,0.0,0.0,1,11,0,0,0,0,1,0,0,,Home,잠실 야구장,18:30,23.3
박정수,2023,Doosan,2023-05-19,@ KT,RP,,0.0,1.13,2 ⅔,48,0,0,2,0,6,1,1,,Away,수원 KT 위즈파크,18:30,24.9
박정수,2023,Doosan,2023-05-07,vs. LG,RP,,0.0,1.0,1,13,0,0,1,0,1,0,0,,Home,잠실 야구장,14:00,17.2
박정수,2023,Doosan,2023-04-14,@ LG,RP,,3.0,2.33,3,58,4,1,4,0,2,3,1,,Away,잠실 야구장,18:30,19.5
박정수,2022,Doosan,2022-07-28,vs. Lotte,RP,,0.0,3.0,0 ⅓,11,0,0,0,0,0,1,0,,Home,잠실 야구장,18:30,32.8
박정수,2022,Doosan,2022-07-10,vs. LG,RP,,10.13,1.5,2 ⅔,39,3,3,4,1,0,0,0,,Home,잠실 야구장,17:00,33.5
박정수,2022,Doosan,2022-07-09,vs. LG,RP,L,0.0,,0,5,1,1,0,0,0,1,0,,Home,잠실 야구장,18:00,31.6
박정수,2022,Doosan,2022-07-07,vs. Kiwoom,RP,W,0.0,1.5,0 ⅔,17,0,0,1,0,0,0,0,,Home,잠실 야구장,18:30,31.5
박정수,2022,Doosan,2022-07-01,@ KT,RP,,9.0,3.5,2,46,2,2,6,0,2,1,0,,Away,수원 KT 위즈파크,18:30,31.2
박정수,2022,Doosan,2022-06-30,@ Lotte,RP,,0.0,0.0,2 ⅔,30,0,0,0,0,2,0,0,,Away,사직 야구장,18:30,29.0
박정수,2022,Doosan,2022-06-19,vs. KT,RP,,0.0,0.86,2 ⅓,36,0,0,2,0,4,0,0,,Home,잠실 야구장,17:00,26.6
박정수,2022,Doosan,2022-06-17,vs. KT,RP,,0.0,2.25,2 ⅔,49,0,0,3,0,2,3,0,,Home,잠실 야구장,18:30,27.3
박정수,2022,Doosan,2022-06-14,@ Kiwoom,RP,,0.0,0.6,1 ⅔,31,0,0,0,0,2,1,0,,Away,고척 스카이돔,18:30,25.5
박정수,2022,Doosan,2022-06-12,@ LG,RP,,0.0,0.0,0 ⅔,9,0,0,0,0,2,0,0,,Away,잠실 야구장,17:00,28.6
박정수,2022,Doosan,2022-05-19,vs. SSG,RP,,27.0,3.0,0 ⅓,9,1,1,0,0,1,1,0,,Home,잠실 야구장,18:30,21.1
박정수,2022,Doosan,2022-05-17,vs. SSG,RP,,0.0,0.3,3 ⅓,46,0,0,1,0,3,0,1,,Home,잠실 야구장,18:30,24.4
박정수,2022,Doosan,2022-04-05,vs. Samsung,RP,,0.0,3.0,0 ⅓,9,0,0,0,0,0,1,0,,Home,잠실 야구장,18:30,13.3
박정수,2021,Doosan,2021-09-17,vs. SSG,RP,,18.0,2.0,1,20,2,2,2,1,1,0,0,,Home,잠실 야구장,18:30,25.9
박정수,2021,Doosan,2021-09-10,@ NC,RP,,0.0,0.0,1,12,0,0,0,0,0,0,0,,Away,창원 NC 파크,18:30,24.0
박정수,2021,Doosan,2021-09-02,@ SSG,RP,,0.0,0.0,1 ⅓,20,0,0,0,0,2,0,2,,Away,인천 SSG 랜더스필드,18:30,25.2
박정수,2021,Doosan,2021-07-02,@ Kia,RP,,0.0,3.0,0 ⅓,11,0,0,1,0,0,0,0,,Away,광주 기아 챔피언스 필드,18:30,29.8
박정수,2021,Doosan,2021-07-01,@ Hanwha,RP,,0.0,2.0,1,15,0,0,2,0,2,0,0,,Away,대전 한화생명 볼파크,18:30,31.1
박정수,2021,Doosan,2021-06-27,vs. Lotte,RP,L,0.0,,0,9,2,2,1,0,0,1,0,,Home,잠실 야구장,17:00,29.6
박정수,2021,Doosan,2021-06-15,vs. Samsung,SP,L,10.38,2.08,4 ⅓,95,6,5,6,1,3,3,0,29.0,Home,잠실 야구장,18:30,26.4
박정수,2021,Doosan,2021-06-08,@ Lotte,SP,L,16.62,2.31,4 ⅓,101,9,8,8,1,7,2,0,18.0,Away,사직 야구장,18:30,24.4
박정수,2021,Doosan,2021-05-29,@ Samsung,RP,,9.0,2.0,1,22,1,1,2,0,0,0,0,,Away,대구 삼성 라이온즈 파크,17:00,22.0
박정수,2021,Doosan,2021-05-15,vs. Kia,SP,W,3.6,1.4,5,102,2,2,6,0,3,1,0,49.0,Home,잠실 야구장,17:00,21.1
박정수,2021,Doosan,2021-05-09,@ KT,SP,W,7.5,1.5,6,106,5,5,7,2,4,2,1,39.0,Away,수원 KT 위즈파크,14:00,20.1
박정수,2021,Doosan,2021-05-02,vs. Kiwoom,SP,W,0.0,1.6,5,91,0,0,3,0,4,5,0,60.0,Home,잠실 야구장,14:00,17.9
박정수,2020,NC,2020-10-20,@ Kia,RP,,9.0,3.0,1,25,1,1,3,0,1,0,0,,Away,광주 기아 챔피언스 필드,18:30,19.9
박정수,2020,NC,2020-10-18,vs. Lotte,RP,,9.0,1.0,1,14,1,1,1,1,1,0,0,,Home,창원 NC 파크,14:00,19.5
박정수,2020,NC,2020-10-15,vs. Kia,SP,,16.2,2.1,3 ⅓,71,6,6,4,1,4,3,1,28.0,Home,창원 NC 파크,18:30,17.2
박정수,2020,NC,2020-10-10,@ LG,SP,L,16.2,3.0,1 ⅔,40,3,3,3,1,1,2,0,36.0,Away,잠실 야구장,17:00,20.1
박정수,2020,NC,2020-10-03,vs. Samsung,SP,W,1.69,0.94,5 ⅓,82,1,1,2,0,5,3,0,62.0,Home,창원 NC 파크,17:00,23.2
박정수,2020,NC,2020-09-19,@ Lotte,RP,,0.0,0.75,2 ⅔,49,0,0,0,0,3,2,1,,Away,사직 야구장,17:00,23.5
박정수,2020,NC,2020-09-12,vs. Kia,RP,,0.0,3.0,0 ⅔,15,0,0,1,0,0,1,1,,Home,창원 NC 파크,17:00,24.0
박정수,2020,NC,2020-09-10,vs. KT,RP,H,0.0,0.0,1,10,0,0,0,0,1,0,0,,Home,창원 NC 파크,18:30,26.6
박정수,2020,NC,2020-09-06,@ Samsung,RP,,0.0,3.0,0 ⅓,9,0,0,1,0,1,0,0,,Away,대구 삼성 라이온즈 파크,14:00,23.8
박정수,2020,NC,2020-09-04,@ LG,RP,,0.0,1.5,0 ⅔,16,0,0,1,0,1,0,0,,Away,잠실 야구장,18:30,25.5
박정수,2020,NC,2020-09-02,@ Kiwoom,RP,,54.0,9.0,0 ⅓,20,2,2,2,0,1,1,1,,Away,고척 스카이돔,18:30,25.5
박정수,2020,NC,2020-08-26,vs. Hanwha,RP,,0.0,1.5,1 ⅓,25,0,0,0,0,2,2,0,,Home,창원 NC 파크,18:30,30.1
박정수,2020,NC,2020-08-23,@ KT,RP,,0.0,2.0,2,33,0,0,1,0,2,3,0,,Away,수원 KT 위즈파크,17:00,30.0
박정수,2020,NC,2020-08-19,vs. Kiwoom,RP,,0.0,0.67,3,51,0,0,1,0,1,1,1,,Home,창원 NC 파크,18:30,33.3
박정수,2020,NC,2020-08-16,vs. LG,RP,,0.0,1.5,1 ⅓,21,0,0,0,0,0,2,0,,Home,창원 NC 파크,17:00,32.5
박정수,2020,NC,2020-08-11,@ LG,RP,,9.0,1.0,1,16,1,1,1,1,1,0,0,,Away,잠실 야구장,18:30,28.5
박정수,2020,NC,2020-07-21,@ Hanwha,RP,,0.0,0.0,1,11,0,0,0,0,1,0,0,,Away,대전 한화생명 볼파크,18:30,29.7
박정수,2020,NC,2020-07-18,vs. Doosan,RP,,0.0,1.5,1 ⅓,23,0,0,1,0,0,1,1,,Home,창원 NC 파크,18:00,24.6
박정수,2020,NC,2020-07-16,@ Samsung,RP,,0.0,0.0,0 ⅓,4,0,0,0,0,0,0,0,,Away,대구 삼성 라이온즈 파크,18:30,24.0
박정수,2020,NC,2020-07-14,@ Samsung,RP,,0.0,0.75,1 ⅓,15,0,0,0,0,1,1,0,,Away,대구 삼성 라이온즈 파크,18:30,22.4
박정수,2020,NC,2020-07-10,vs. Kiwoom,RP,H,0.0,2.0,1,17,0,0,1,0,2,1,0,,Home,창원 NC 파크,18:30,27.9
박정수,2020,NC,2020-07-08,vs. KT,RP,,13.5,2.25,1 ⅓,26,2,2,2,0,0,1,0,,Home,창원 NC 파크,18:30,26.4
박신지,2024,Doosan,2024-04-21,vs. Kiwoom,RP,,2.08,1.62,4 ⅓,71,1,1,3,0,1,4,1,,Home,잠실 야구장,14:00,20.7
박신지,2024,Doosan,2024-04-19,vs. Kiwoom,RP,,0.0,6.0,0 ⅓,11,0,0,1,0,0,1,0,,Home,잠실 야구장,18:30,21.1
박신지,2024,Doosan,2024-04-18,@ Samsung,RP,,0.0,0.0,1,14,0,0,0,0,2,0,0,,Away,대구 삼성 라이온즈 파크,18:30,17.9
박신지,2024,Doosan,2024-04-07,@ Lotte,SP,,0.0,3.0,1,18,0,0,1,0,0,2,0,49.0,Away,사직 야구장,14:00,20.5
박신지,2024,Doosan,2024-04-03,@ SSG,RP,L,5.4,1.8,1 ⅔,33,1,1,2,0,0,1,0,,Away,인천 SSG 랜더스필드,18:30,16.8
박신지,2024,Doosan,2024-04-02,@ SSG,RP,,0.0,3.0,0 ⅓,14,1,0,1,0,0,0,0,,Away,인천 SSG 랜더스필드,18:30,16.9
박신지,2023,Doosan,2023-10-17,@ SSG,RP,,0.0,2.0,2,35,0,0,4,0,1,0,1,,Away,인천 SSG 랜더스필드,18:30,16.7
박신지,2023,Doosan,2023-10-15,@ LG,RP,,0.0,0.38,2 ⅔,32,0,0,0,0,1,1,0,,Away,잠실 야구장,14:00,20.7
박신지,2023,Doosan,2023-10-11,@ Lotte,RP,,22.5,4.5,2,42,5,5,8,0,2,1,1,,Away,사직 야구장,18:30,19.8
박신지,2023,Doosan,2023-10-07,vs. Lotte,RP,,4.5,2.0,2,31,1,1,3,0,3,1,0,,Home,잠실 야구장,17:00,20.6
박신지,2023,Doosan,2023-10-01,vs. LG,RP,,0.0,0.0,1 ⅓,19,0,0,0,0,1,0,0,,Home,잠실 야구장,14:00,22.6
박신지,2023,Doosan,2023-09-27,@ SSG,RP,,0.0,1.0,2,26,0,0,2,0,0,0,0,,Away,인천 SSG 랜더스필드,18:30,24.6
박신지,2023,Doosan,2023-09-18,@ Kia,RP,,18.0,3.0,1,28,2,2,3,0,1,0,0,,Away,광주 기아 챔피언스 필드,18:30,29.7
박신지,2023,Doosan,2023-09-09,vs. Samsung,RP,,7.71,2.57,2 ⅓,39,2,2,5,0,0,1,0,,Home,잠실 야구장,17:00,30.1
박신지,2023,Doosan,2023-09-06,vs. Kia,RP,,0.0,0.5,2,27,0,0,1,0,2,0,0,,Home,잠실 야구장,18:30,30.4
박신지,2023,Doosan,2023-06-25,@ Kiwoom,RP,,3.86,0.86,2 ⅓,36,1,1,1,1,2,1,0,,Away,고척 스카이돔,14:00,25.5
박신지,2023,Doosan,2023-06-22,vs. SSG,RP,,0.0,2.0,2,32,0,0,3,0,0,1,0,,Home,잠실 야구장,18:30,25.8
박신지,2023,Doosan,2023-06-21,vs. SSG,RP,,9.0,3.0,1,18,1,1,3,0,0,0,0,,Home,잠실 야구장,18:30,24.3
박신지,2023,Doosan,2023-06-07,vs. Hanwha,SP,,9.0,2.0,2,47,2,2,3,0,2,1,0,43.0,Home,잠실 야구장,18:30,26.0
박신지,2023,Doosan,2023-04-13,vs. Kiwoom,RP,,13.5,3.0,1 ⅓,34,2,2,2,0,0,2,1,,Home,잠실 야구장,18:30,16.7
박신지,2023,Doosan,2023-04-08,@ Kia,RP,,0.0,,0,13,0,0,1,0,0,2,0,,Away,광주 기아 챔피언스 필드,17:00,14.6
박신지,2022,Doosan,2022-10-07,vs. Samsung,RP,,0.0,1.0,1,14,0,0,1,0,3,0,0,,Home,잠실 야구장,18:30,16.7
박신지,2022,Doosan,2022-09-24,@ SSG,SP,L,11.25,2.5,4,73,6,5,8,3,0,2,0,22.0,Away,인천 SSG 랜더스필드,17:00,21.9
박신지,2022,Doosan,2022-09-18,@ SSG,RP,,4.91,1.64,3 ⅔,69,2,2,4,1,1,2,0,,Away,인천 SSG 랜더스필드,14:00,30.4
박신지,2022,Doosan,2022-09-13,vs. LG,SP,L,1.8,1.6,5,83,2,1,6,0,1,2,0,48.0,Home,잠실 야구장,18:30,26.9
박신지,2022,Doosan,2022-09-10,vs. Kia,RP,,0.0,1.2,1 ⅔,29,0,0,1,0,1,1,0,,Home,잠실 야구장,17:00,26.7
박신지,2022,Doosan,2022-09-07,@ NC,RP,,5.4,3.6,1 ⅔,40,2,1,5,0,2,1,0,,Away,창원 NC 파크,18:30,25.0
박신지,2022,Doosan,2022-09-02,vs. Lotte,SP,L,15.43,3.0,2 ⅓,60,4,4,3,1,1,4,0,32.0,Home,잠실 야구장,18:30,28.0
박신지,2022,Doosan,2022-08-10,vs. NC,RP,,36.0,4.0,1,32,4,4,3,0,0,1,1,,Home,잠실 야구장,18:30,27.9
박신지,2022,Doosan,2022-08-04,vs. Samsung,RP,,6.75,2.63,2 ⅔,52,2,2,7,0,0,0,0,,Home,잠실 야구장,18:30,32.6
박신지,2022,Doosan,2022-07-30,@ Hanwha,SP,L,15.0,3.0,3,75,5,5,6,0,5,3,0,29.0,Away,대전 한화생명 볼파크,18:00,30.6
박신지,2022,Doosan,2022-07-09,vs. LG,SP,,18.0,4.0,1,28,2,2,1,0,0,3,0,40.0,Home,잠실 야구장,18:00,31.6
박신지,2022,Doosan,2022-07-03,@ KT,SP,L,10.38,1.85,4 ⅓,77,5,5,6,0,4,2,2,31.0,Away,수원 KT 위즈파크,17:00,30.9
박신지,2022,Doosan,2022-06-25,vs. Kia,RP,,0.0,1.38,4 ⅓,76,1,0,4,0,1,2,0,,Home,잠실 야구장,17:00,31.2
박신지,2022,Doosan,2022-06-19,vs. KT,RP,,0.0,1.8,1 ⅔,36,0,0,3,0,0,0,0,,Home,잠실 야구장,17:00,26.6
박신지,2022,Doosan,2022-06-14,@ Kiwoom,SP,L,3.6,1.4,5,84,2,2,5,0,5,2,1,51.0,Away,고척 스카이돔,18:30,25.5
박신지,2022,Doosan,2022-06-09,vs. Hanwha,RP,,40.5,6.0,0 ⅔,20,3,3,3,1,0,1,0,,Home,잠실 야구장,18:30,24.6
박신지,2022,Doosan,2022-06-08,vs. Hanwha,RP,,0.0,3.0,0 ⅔,19,0,0,2,0,1,0,0,,Home,잠실 야구장,18:30,24.9
박신지,2022,Doosan,2022-06-03,@ Samsung,RP,,0.0,0.6,1 ⅔,30,0,0,1,0,3,0,0,,Away,대구 삼성 라이온즈 파크,18:30,23.6
박신지,2022,Doosan,2022-05-31,vs. Kia,RP,,0.0,2.0,1,20,0,0,1,0,0,1,0,,Home,잠실 야구장,18:30,24.0
박신지,2022,Doosan,2022-05-28,@ NC,RP,,0.0,1.0,1,18,0,0,1,0,1,0,0,,Away,창원 NC 파크,17:00,25.1
박신지,2022,Doosan,2022-05-25,@ Hanwha,RP,,36.0,4.0,1,29,4,4,1,1,1,3,0,,Away,대전 한화생명 볼파크,18:30,25.9
박신지,2022,Doosan,2022-05-24,@ Hanwha,RP,,0.0,0.6,1 ⅔,27,0,0,0,0,2,1,0,,Away,대전 한화생명 볼파크,18:30,29.7
박신지,2022,Doosan,2022-05-19,vs. SSG,RP,,0.0,0.75,1 ⅓,15,0,0,1,0,1,0,0,,Home,잠실 야구장,18:30,21.1
박신지,2022,Doosan,2022-05-18,vs. SSG,RP,,0.0,0.0,0 ⅓,9,0,0,0,0,0,0,1,,Home,잠실 야구장,18:30,23.9
박신지,2022,Doosan,2022-05-17,vs. SSG,RP,,0.0,3.0,1,22,0,0,2,0,0,1,0,,Home,잠실 야구장,18:30,24.4
박신지,2022,Doosan,2022-05-12,@ Kiwoom,SP,W,1.69,1.5,5 ⅓,78,1,1,5,0,3,3,0,54.0,Away,고척 스카이돔,18:30,25.5
박신지,2022,Doosan,2022-04-17,vs. Kiwoom,RP,,0.0,,0,7,1,1,1,0,0,1,0,,Home,잠실 야구장,14:00,21.3
박신지,2022,Doosan,2022-04-15,vs. Kiwoom,RP,,0.0,0.0,1 ⅔,14,0,0,0,0,1,0,0,,Home,잠실 야구장,18:30,16.2
박신지,2022,Doosan,2022-04-07,vs. Samsung,SP,,18.0,3.5,2,63,4,4,3,0,1,4,0,31.0,Home,잠실 야구장,18:30,12.2
박신지,2020,Doosan,2020-05-16,@ Kia,RP,,27.0,4.0,1,30,3,3,3,0,0,1,0,,Away,광주 기아 챔피언스 필드,17:00,20.2
박신지,2020,Doosan,2020-05-08,vs. KT,RP,,13.5,3.0,2,37,3,3,6,0,3,0,0,,Home,잠실 야구장,18:30,20.5
