PlayerName,Year,Team,Date,Opp,Role,Dec,ERA,WHIP,IP,NP,R,ER,H,HR,SO,BB,HB,GS,Venue,Stadium,Time,Temp
김진욱,2024,Lotte,2024-09-24,@ KT,SP,,2.08,1.62,4 ⅓,82,1,1,7,0,6,0,0,51.0,Away,수원 KT 위즈파크,18:30,23.7
김진욱,2024,Lotte,2024-09-18,vs. LG,SP,,0.0,1.0,6,103,0,0,3,0,7,3,0,70.0,Home,사직 야구장,18:30,31.3
김진욱,2024,Lotte,2024-09-12,@ Kia,SP,L,10.38,2.31,4 ⅓,93,6,5,8,0,4,2,0,27.0,Away,광주 기아 챔피언스 필드,18:30,31.8
김진욱,2024,Lotte,2024-09-06,vs. Samsung,SP,L,6.75,2.25,4,91,3,3,6,0,5,3,0,40.0,Home,사직 야구장,18:30,29.1
김진욱,2024,Lotte,2024-08-31,@ Doosan,SP,,5.79,1.07,4 ⅔,78,4,3,3,1,7,2,1,48.0,Away,잠실 야구장,18:00,30.8
김진욱,2024,Lotte,2024-08-25,@ Samsung,SP,L,17.18,2.45,3 ⅔,93,7,7,4,1,5,5,2,23.0,Away,대구 삼성 라이온즈 파크,17:00,32.3
김진욱,2024,Lotte,2024-08-14,@ Doosan,SP,W,1.8,1.6,5,102,1,1,3,0,3,5,0,55.0,Away,잠실 야구장,18:30,30.0
김진욱,2024,Lotte,2024-08-07,vs. NC,SP,,15.43,3.0,2 ⅓,60,4,4,4,1,3,3,0,33.0,Home,사직 야구장,18:30,32.7
김진욱,2024,Lotte,2024-07-31,@ SSG,SP,,9.0,1.75,4,91,5,4,5,0,4,2,0,36.0,Away,인천 SSG 랜더스필드,18:30,31.8
김진욱,2024,Lotte,2024-07-25,vs. LG,SP,,5.4,1.4,5,96,3,3,6,1,6,1,0,48.0,Home,사직 야구장,18:30,31.0
김진욱,2024,Lotte,2024-07-19,@ Samsung,SP,W,3.0,1.0,6,99,2,2,3,1,7,3,0,62.0,Away,대구 삼성 라이온즈 파크,18:30,28.3
김진욱,2024,Lotte,2024-07-13,vs. KT,SP,,1.69,1.13,5 ⅓,90,1,1,5,1,6,1,0,59.0,Home,사직 야구장,18:00,27.2
김진욱,2024,Lotte,2024-07-04,@ Doosan,RP,,0.0,,0,14,1,1,2,0,0,1,0,,Away,잠실 야구장,18:30,30.0
김진욱,2024,Lotte,2024-06-26,vs. Kia,SP,,9.82,2.73,3 ⅔,84,4,4,7,1,3,3,0,31.0,Home,사직 야구장,18:30,25.2
김진욱,2024,Lotte,2024-06-20,@ KT,SP,,8.44,1.69,5 ⅓,103,5,5,8,4,5,1,0,36.0,Away,수원 KT 위즈파크,18:30,29.6
김진욱,2024,Lotte,2024-06-12,vs. Kiwoom,SP,W,0.0,1.11,6 ⅓,95,1,0,5,0,8,2,0,67.0,Home,사직 야구장,18:30,25.3
김진욱,2024,Lotte,2024-06-06,@ Kia,SP,,3.38,1.31,5 ⅓,97,2,2,2,1,1,5,0,52.0,Away,광주 기아 챔피언스 필드,18:30,25.3
김진욱,2024,Lotte,2024-05-31,vs. NC,SP,W,1.8,0.8,5,91,1,1,3,1,2,1,0,58.0,Home,사직 야구장,18:30,21.8
김진욱,2024,Lotte,2024-05-25,vs. Samsung,SP,,6.23,1.38,4 ⅓,68,3,3,5,0,5,1,0,45.0,Home,사직 야구장,17:00,21.3
김진욱,2023,Lotte,2023-10-02,vs. Samsung,RP,,27.0,3.0,1,27,3,3,2,1,0,1,0,,Home,사직 야구장,18:30,21.3
김진욱,2023,Lotte,2023-09-13,@ Kia,RP,,0.0,,0,0,0,0,0,0,0,0,0,,Away,광주 기아 챔피언스 필드,18:30,27.2
김진욱,2023,Lotte,2023-09-12,vs. NC,RP,,0.0,1.5,0 ⅔,18,0,0,1,0,1,0,1,,Home,사직 야구장,18:30,28.7
김진욱,2023,Lotte,2023-09-10,@ NC,RP,,0.0,0.0,0 ⅓,4,0,0,0,0,0,0,0,,Away,창원 NC 파크,14:00,28.4
김진욱,2023,Lotte,2023-09-09,@ NC,RP,,0.0,0.0,0 ⅔,8,0,0,0,0,1,0,0,,Away,창원 NC 파크,17:00,26.9
김진욱,2023,Lotte,2023-09-06,vs. Samsung,RP,,108.0,12.0,0 ⅓,20,4,4,1,0,1,3,0,,Home,사직 야구장,18:30,27.9
김진욱,2023,Lotte,2023-09-05,vs. Samsung,RP,,0.0,1.5,0 ⅔,12,0,0,1,0,0,0,0,,Home,사직 야구장,18:30,27.3
김진욱,2023,Lotte,2023-07-30,@ Kia,RP,,0.0,3.0,0 ⅓,7,0,0,1,0,0,0,0,,Away,광주 기아 챔피언스 필드,17:00,31.1
김진욱,2023,Lotte,2023-07-29,@ Kia,RP,,0.0,6.0,0 ⅓,20,0,0,0,0,0,2,0,,Away,광주 기아 챔피언스 필드,18:00,34.2
김진욱,2023,Lotte,2023-07-28,@ Kia,RP,,0.0,1.5,1 ⅓,22,0,0,1,0,0,1,0,,Away,광주 기아 챔피언스 필드,18:30,32.2
김진욱,2023,Lotte,2023-07-26,@ Doosan,RP,,0.0,0.0,1,13,0,0,0,0,0,0,0,,Away,잠실 야구장,18:30,31.3
김진욱,2023,Lotte,2023-07-25,@ Doosan,RP,,6.75,0.75,1 ⅓,22,1,1,1,1,3,0,0,,Away,잠실 야구장,18:30,30.3
김진욱,2023,Lotte,2023-07-22,vs. Kiwoom,RP,,27.0,6.0,0 ⅓,4,1,1,2,0,0,0,0,,Home,사직 야구장,18:00,27.1
김진욱,2023,Lotte,2023-07-12,@ NC,RP,,0.0,,0,20,3,3,2,1,0,1,0,,Away,창원 NC 파크,18:30,28.5
김진욱,2023,Lotte,2023-07-08,vs. LG,RP,,54.0,12.0,0 ⅓,18,2,2,2,0,0,2,0,,Home,사직 야구장,18:00,24.9
김진욱,2023,Lotte,2023-07-06,@ Hanwha,RP,H,27.0,6.0,0 ⅓,9,1,1,1,0,0,1,0,,Away,대전 한화생명 볼파크,18:30,28.6
김진욱,2023,Lotte,2023-07-05,@ Hanwha,RP,,0.0,0.0,1,11,0,0,0,0,2,0,0,,Away,대전 한화생명 볼파크,18:30,26.6
김진욱,2023,Lotte,2023-07-02,vs. Doosan,RP,,0.0,0.0,1,10,0,0,0,0,0,0,0,,Home,사직 야구장,17:00,27.7
김진욱,2023,Lotte,2023-06-28,vs. Samsung,RP,H,0.0,1.0,1,18,0,0,0,0,1,1,0,,Home,사직 야구장,18:30,26.3
김진욱,2023,Lotte,2023-06-27,vs. Samsung,RP,H,0.0,3.0,0 ⅓,8,0,0,1,0,0,0,0,,Home,사직 야구장,18:30,26.3
김진욱,2023,Lotte,2023-06-24,@ LG,RP,,6.75,1.5,1 ⅓,34,2,1,1,0,2,1,0,,Away,잠실 야구장,17:00,30.9
김진욱,2023,Lotte,2023-06-20,@ KT,RP,,0.0,3.0,0 ⅓,10,0,0,1,0,1,0,0,,Away,수원 KT 위즈파크,18:30,25.2
김진욱,2023,Lotte,2023-06-17,@ SSG,RP,,0.0,,0,15,3,3,2,0,0,0,1,,Away,인천 SSG 랜더스필드,17:00,24.7
김진욱,2023,Lotte,2023-06-06,vs. KT,RP,,0.0,,0,12,0,0,2,0,0,0,0,,Home,사직 야구장,18:30,21.9
김진욱,2023,Lotte,2023-06-04,vs. Kia,RP,,0.0,,0,5,2,2,2,0,0,0,0,,Home,사직 야구장,17:00,24.1
김진욱,2023,Lotte,2023-06-03,vs. Kia,RP,,0.0,,0,5,1,1,0,0,0,1,0,,Home,사직 야구장,17:00,22.6
김진욱,2023,Lotte,2023-05-31,@ LG,RP,,0.0,0.0,1,10,0,0,0,0,2,0,0,,Away,잠실 야구장,18:30,26.4
김진욱,2023,Lotte,2023-05-30,@ LG,RP,,0.0,2.0,1,25,0,0,1,0,1,1,0,,Away,잠실 야구장,18:30,25.6
김진욱,2023,Lotte,2023-05-28,@ Kiwoom,RP,H,0.0,1.5,0 ⅔,12,0,0,0,0,0,1,0,,Away,고척 스카이돔,14:00,25.5
김진욱,2023,Lotte,2023-05-27,@ Kiwoom,RP,,0.0,1.0,1,16,0,0,1,0,1,0,0,,Away,고척 스카이돔,17:00,25.5
김진욱,2023,Lotte,2023-05-24,vs. NC,RP,,0.0,2.0,1,24,0,0,1,0,0,1,0,,Home,사직 야구장,18:30,19.0
김진욱,2023,Lotte,2023-05-21,vs. SSG,RP,,0.0,3.0,0 ⅔,19,0,0,1,0,1,1,0,,Home,사직 야구장,14:00,22.3
김진욱,2023,Lotte,2023-05-19,vs. SSG,RP,H,0.0,0.0,1,14,0,0,0,0,1,0,0,,Home,사직 야구장,18:30,20.6
김진욱,2023,Lotte,2023-05-18,@ Hanwha,RP,,0.0,0.0,1,13,0,0,0,0,2,0,0,,Away,대전 한화생명 볼파크,18:30,18.4
김진욱,2023,Lotte,2023-05-17,@ Hanwha,RP,,0.0,0.0,0 ⅓,4,0,0,0,0,1,0,0,,Away,대전 한화생명 볼파크,18:30,27.9
김진욱,2023,Lotte,2023-05-12,@ KT,RP,L,13.5,1.5,0 ⅔,13,1,1,1,1,1,0,0,,Away,수원 KT 위즈파크,18:30,22.3
김진욱,2023,Lotte,2023-05-11,vs. Doosan,RP,,13.5,6.0,0 ⅔,25,1,1,2,0,1,2,0,,Home,사직 야구장,18:30,19.5
김진욱,2023,Lotte,2023-05-09,vs. Doosan,RP,,0.0,3.0,0 ⅓,4,0,0,1,0,0,0,0,,Home,사직 야구장,18:30,19.0
김진욱,2023,Lotte,2023-05-03,@ Kia,RP,,54.0,6.0,0 ⅓,11,2,2,1,0,0,1,0,,Away,광주 기아 챔피언스 필드,18:30,18.8
김진욱,2023,Lotte,2023-05-02,@ Kia,RP,W,0.0,2.0,1,11,0,0,2,0,0,0,0,,Away,광주 기아 챔피언스 필드,18:30,22.3
김진욱,2023,Lotte,2023-04-30,vs. Kiwoom,RP,,0.0,0.75,1 ⅓,19,0,0,1,0,1,0,0,,Home,사직 야구장,14:00,17.9
김진욱,2023,Lotte,2023-04-28,vs. Kiwoom,RP,H,0.0,1.5,0 ⅔,13,0,0,0,0,0,1,0,,Home,사직 야구장,18:30,18.1
김진욱,2023,Lotte,2023-04-26,vs. Hanwha,RP,H,0.0,0.0,0 ⅔,10,0,0,0,0,1,0,0,,Home,사직 야구장,18:30,16.0
김진욱,2023,Lotte,2023-04-23,@ NC,RP,,0.0,1.0,2,27,0,0,0,0,1,2,0,,Away,창원 NC 파크,14:00,17.5
김진욱,2023,Lotte,2023-04-20,vs. Kia,RP,W,0.0,0.33,3,42,0,0,0,0,4,1,0,,Home,사직 야구장,18:30,19.8
김진욱,2023,Lotte,2023-04-18,vs. Kia,RP,,0.0,0.75,1 ⅓,25,0,0,0,0,4,1,0,,Home,사직 야구장,18:30,18.3
김진욱,2023,Lotte,2023-04-15,@ Samsung,RP,H,0.0,1.0,1,17,0,0,1,0,1,0,0,,Away,대구 삼성 라이온즈 파크,17:00,15.8
김진욱,2023,Lotte,2023-04-14,@ Samsung,RP,,0.0,0.0,1,16,0,0,0,0,0,0,0,,Away,대구 삼성 라이온즈 파크,18:30,14.5
김진욱,2023,Lotte,2023-04-12,vs. LG,RP,,0.0,0.0,0 ⅓,4,0,0,0,0,0,0,0,,Home,사직 야구장,18:30,15.2
김진욱,2023,Lotte,2023-04-04,@ SSG,RP,,0.0,9.0,0 ⅓,20,0,0,0,0,0,3,0,,Away,인천 SSG 랜더스필드,18:30,20.3
김진욱,2022,Lotte,2022-10-03,vs. Doosan,RP,,0.0,0.0,0 ⅓,3,0,0,0,0,1,0,0,,Home,사직 야구장,18:30,24.7
김진욱,2022,Lotte,2022-09-22,@ LG,RP,,13.5,4.5,0 ⅔,19,1,1,2,1,1,1,1,,Away,잠실 야구장,18:30,22.7
김진욱,2022,Lotte,2022-07-26,@ Doosan,SP,L,135.0,15.0,0 ⅓,24,5,5,2,0,0,3,0,24.0,Away,잠실 야구장,18:30,32.5
김진욱,2022,Lotte,2022-07-07,@ SSG,SP,L,8.1,2.7,3 ⅓,77,4,3,6,0,4,3,0,35.0,Away,인천 SSG 랜더스필드,18:30,29.3
김진욱,2022,Lotte,2022-07-01,@ LG,SP,,1.8,1.6,5,82,1,1,5,0,5,3,0,55.0,Away,잠실 야구장,18:30,30.9
김진욱,2022,Lotte,2022-06-25,vs. Kiwoom,SP,L,19.29,3.86,2 ⅓,69,5,5,4,0,3,5,1,26.0,Home,사직 야구장,17:00,25.6
김진욱,2022,Lotte,2022-06-19,vs. SSG,SP,,0.0,1.0,5,97,0,0,2,0,7,3,2,65.0,Home,사직 야구장,17:00,27.4
김진욱,2022,Lotte,2022-05-14,@ Hanwha,SP,,10.8,3.0,1 ⅔,45,4,2,3,0,3,2,1,37.0,Away,대전 한화생명 볼파크,17:00,20.6
김진욱,2022,Lotte,2022-05-07,vs. Samsung,SP,L,8.1,2.4,3 ⅓,65,3,3,4,0,2,4,0,38.0,Home,사직 야구장,17:00,20.0
김진욱,2022,Lotte,2022-05-01,@ LG,SP,W,0.0,0.33,6,92,0,0,1,0,4,1,1,72.0,Away,잠실 야구장,14:00,18.5
김진욱,2022,Lotte,2022-04-26,vs. SSG,SP,L,7.2,1.6,5,91,4,4,6,0,5,2,1,41.0,Home,사직 야구장,18:30,17.7
김진욱,2022,Lotte,2022-04-21,vs. Hanwha,SP,,18.0,3.0,2,56,4,4,3,0,3,3,1,33.0,Home,사직 야구장,18:30,14.4
김진욱,2022,Lotte,2022-04-15,vs. KT,SP,,7.71,1.29,4 ⅔,91,4,4,3,1,4,3,0,43.0,Home,사직 야구장,18:30,12.2
김진욱,2022,Lotte,2022-04-05,@ NC,SP,W,1.29,0.57,7,93,1,1,2,1,10,2,0,77.0,Away,창원 NC 파크,18:30,14.5
김진욱,2021,Lotte,2021-10-27,vs. Kia,RP,,0.0,6.0,0 ⅓,18,0,0,1,0,1,1,0,,Home,사직 야구장,18:30,18.1
김진욱,2021,Lotte,2021-10-23,vs. Hanwha,RP,,0.0,3.0,1,28,0,0,1,0,2,2,0,,Home,사직 야구장,17:00,17.2
김진욱,2021,Lotte,2021-10-16,vs. SSG,RP,,0.0,1.5,0 ⅔,12,0,0,0,0,0,1,0,,Home,사직 야구장,17:00,14.8
김진욱,2021,Lotte,2021-10-01,vs. KT,RP,H,0.0,6.0,0 ⅓,17,0,0,0,0,0,2,0,,Home,사직 야구장,18:30,23.1
김진욱,2021,Lotte,2021-09-28,@ LG,RP,,0.0,1.5,0 ⅔,13,0,0,0,0,1,1,0,,Away,잠실 야구장,18:30,24.0
김진욱,2021,Lotte,2021-09-25,@ Kiwoom,RP,H,0.0,3.0,0 ⅔,17,0,0,0,0,0,2,1,,Away,고척 스카이돔,17:00,25.5
김진욱,2021,Lotte,2021-09-24,@ SSG,RP,L,27.0,6.0,0 ⅔,21,2,2,1,0,0,3,1,,Away,인천 SSG 랜더스필드,18:30,24.3
김진욱,2021,Lotte,2021-09-22,vs. Samsung,RP,,9.0,2.0,1,18,1,1,1,1,1,1,0,,Home,사직 야구장,18:30,25.2
김진욱,2021,Lotte,2021-09-19,@ Hanwha,RP,,0.0,3.0,0 ⅓,8,0,0,0,0,1,1,0,,Away,대전 한화생명 볼파크,14:00,27.0
김진욱,2021,Lotte,2021-09-16,@ KT,RP,,27.0,6.0,0 ⅔,24,2,2,2,0,1,2,0,,Away,수원 KT 위즈파크,18:30,25.6
김진욱,2021,Lotte,2021-09-15,@ Kia,RP,H,0.0,0.5,2,25,0,0,0,0,1,1,0,,Away,광주 기아 챔피언스 필드,18:30,26.9
김진욱,2021,Lotte,2021-09-12,vs. Kiwoom,RP,W,0.0,1.0,1,19,0,0,0,0,2,1,0,,Home,사직 야구장,14:00,29.1
김진욱,2021,Lotte,2021-09-12,vs. Kiwoom,RP,,0.0,3.0,0 ⅓,7,0,0,1,0,0,0,0,,Home,사직 야구장,14:00,29.1
김진욱,2021,Lotte,2021-09-08,@ Samsung,SP,,9.0,2.0,1,23,1,1,1,0,1,1,0,47.0,Away,대구 삼성 라이온즈 파크,18:30,26.4
김진욱,2021,Lotte,2021-09-03,vs. Hanwha,RP,H,0.0,2.0,1,22,0,0,1,0,1,1,0,,Home,사직 야구장,18:30,24.4
김진욱,2021,Lotte,2021-08-29,vs. Doosan,RP,H,0.0,0.0,1,16,0,0,0,0,1,0,0,,Home,사직 야구장,17:00,29.7
김진욱,2021,Lotte,2021-08-25,@ Kia,RP,,0.0,1.5,0 ⅔,23,0,0,1,0,1,0,0,,Away,광주 기아 챔피언스 필드,18:30,30.4
김진욱,2021,Lotte,2021-08-23,vs. KT,RP,,0.0,,0,14,0,0,1,0,0,1,0,,Home,사직 야구장,18:30,25.9
김진욱,2021,Lotte,2021-08-22,vs. KT,RP,,0.0,0.0,1,10,0,0,0,0,2,0,0,,Home,사직 야구장,17:00,29.3
김진욱,2021,Lotte,2021-08-18,vs. Kiwoom,RP,H,0.0,3.0,0 ⅓,8,0,0,1,0,0,0,0,,Home,사직 야구장,18:30,26.3
김진욱,2021,Lotte,2021-08-14,@ LG,RP,W,0.0,1.0,1,16,0,0,1,0,2,0,0,,Away,잠실 야구장,18:00,28.6
김진욱,2021,Lotte,2021-08-11,@ NC,RP,H,0.0,1.0,1,19,0,0,0,0,1,1,0,,Away,창원 NC 파크,18:30,27.2
김진욱,2021,Lotte,2021-07-10,@ Samsung,RP,,0.0,3.0,0 ⅔,8,0,0,2,0,0,0,0,,Away,대구 삼성 라이온즈 파크,18:00,28.6
김진욱,2021,Lotte,2021-07-09,@ Samsung,RP,H,0.0,1.0,1,29,0,0,0,0,1,1,0,,Away,대구 삼성 라이온즈 파크,18:30,28.5
김진욱,2021,Lotte,2021-07-04,@ SSG,RP,W,0.0,1.0,1,16,0,0,0,0,2,1,0,,Away,인천 SSG 랜더스필드,17:00,22.7
김진욱,2021,Lotte,2021-06-30,@ Kiwoom,RP,,0.0,3.0,0 ⅓,7,0,0,0,0,0,1,0,,Away,고척 스카이돔,18:30,25.5
김진욱,2021,Lotte,2021-06-29,@ Kiwoom,RP,,27.0,3.0,0 ⅔,18,2,2,1,0,1,1,0,,Away,고척 스카이돔,18:30,25.5
김진욱,2021,Lotte,2021-06-26,@ Doosan,RP,,0.0,0.0,0 ⅔,7,0,0,0,0,1,0,0,,Away,잠실 야구장,17:00,26.9
김진욱,2021,Lotte,2021-06-24,vs. NC,RP,L,54.0,9.0,0 ⅓,22,2,2,2,0,0,1,1,,Home,사직 야구장,18:30,24.0
김진욱,2021,Lotte,2021-06-22,vs. NC,RP,,0.0,3.0,0 ⅔,11,0,0,1,0,0,1,0,,Home,사직 야구장,18:30,23.0
김진욱,2021,Lotte,2021-06-19,vs. Samsung,RP,,0.0,2.4,1 ⅔,37,0,0,3,0,0,1,0,,Home,사직 야구장,17:00,26.5
김진욱,2021,Lotte,2021-06-16,@ Hanwha,RP,L,9.0,3.0,1,23,1,1,2,0,1,1,0,,Away,대전 한화생명 볼파크,18:30,27.2
김진욱,2021,Lotte,2021-06-15,@ Hanwha,RP,,0.0,1.0,1,23,0,0,0,0,1,1,0,,Away,대전 한화생명 볼파크,18:30,25.5
김진욱,2021,Lotte,2021-06-13,vs. Kia,RP,W,0.0,0.0,1 ⅓,22,0,0,0,0,2,0,0,,Home,사직 야구장,17:00,27.2
김진욱,2021,Lotte,2021-06-05,@ KT,RP,,0.0,1.5,1 ⅓,30,0,0,1,0,1,1,0,,Away,수원 KT 위즈파크,17:00,25.1
김진욱,2021,Lotte,2021-05-30,vs. NC,SP,L,12.27,1.91,3 ⅔,90,5,5,3,0,4,4,0,35.0,Home,사직 야구장,14:00,23.5
김진욱,2021,Lotte,2021-04-21,vs. Doosan,SP,,9.0,1.8,5,90,5,5,6,2,4,3,0,36.0,Home,사직 야구장,18:30,20.4
김진욱,2021,Lotte,2021-04-15,@ Kia,SP,L,12.27,2.45,3 ⅔,95,5,5,3,0,2,6,0,31.0,Away,광주 기아 챔피언스 필드,18:30,17.6
김진욱,2021,Lotte,2021-04-09,vs. Kiwoom,SP,L,10.8,1.8,5,88,6,6,5,0,6,4,0,35.0,Home,사직 야구장,18:30,11.7
김상수,2024,Lotte,2024-09-27,vs. NC,RP,,9.0,2.0,1,18,1,1,2,0,0,0,1,,Home,사직 야구장,18:30,26.5
김상수,2024,Lotte,2024-09-25,@ Kia,RP,,0.0,2.0,1,13,0,0,1,0,0,1,0,,Away,광주 기아 챔피언스 필드,18:30,27.0
김상수,2024,Lotte,2024-09-24,@ KT,RP,,0.0,0.0,1 ⅔,17,0,0,0,0,1,0,0,,Away,수원 KT 위즈파크,18:30,23.7
김상수,2024,Lotte,2024-09-22,@ Hanwha,RP,,0.0,,0,8,0,0,0,0,0,1,0,,Away,대전 한화생명 볼파크,14:00,25.7
김상수,2024,Lotte,2024-09-18,vs. LG,RP,,9.0,2.0,1,22,2,1,2,1,0,0,0,,Home,사직 야구장,18:30,31.3
김상수,2024,Lotte,2024-09-17,vs. LG,RP,W,0.0,0.0,1 ⅓,16,0,0,0,0,1,0,0,,Home,사직 야구장,18:30,32.5
김상수,2024,Lotte,2024-09-14,vs. Hanwha,RP,,54.0,7.5,0 ⅔,19,4,4,5,0,0,0,0,,Home,사직 야구장,17:00,32.2
김상수,2024,Lotte,2024-09-13,vs. Hanwha,RP,,0.0,0.0,1,19,0,0,0,0,2,0,0,,Home,사직 야구장,18:30,31.7
김상수,2024,Lotte,2024-09-07,vs. SSG,RP,,0.0,1.5,2,28,0,0,3,0,2,0,0,,Home,사직 야구장,17:00,30.8
김상수,2024,Lotte,2024-09-04,vs. KT,RP,W,0.0,0.75,1 ⅓,19,0,0,0,0,1,1,0,,Home,사직 야구장,18:30,28.5
김상수,2024,Lotte,2024-08-31,@ Doosan,RP,,0.0,0.0,0 ⅔,14,0,0,0,0,2,0,0,,Away,잠실 야구장,18:00,30.8
김상수,2024,Lotte,2024-08-30,@ Kiwoom,RP,H,0.0,0.6,1 ⅔,20,0,0,1,0,0,0,0,,Away,고척 스카이돔,18:30,25.5
김상수,2024,Lotte,2024-08-28,vs. Hanwha,RP,,81.0,9.0,0 ⅓,14,3,3,1,0,0,2,0,,Home,사직 야구장,18:30,30.1
김상수,2024,Lotte,2024-08-24,@ Samsung,RP,W,0.0,0.5,2,33,0,0,0,0,3,1,0,,Away,대구 삼성 라이온즈 파크,18:00,31.9
김상수,2024,Lotte,2024-08-22,@ Kia,RP,L,0.0,,0,9,3,3,2,0,0,1,0,,Away,광주 기아 챔피언스 필드,18:30,30.9
김상수,2024,Lotte,2024-08-21,@ Kia,RP,L,0.0,1.0,1,22,1,0,1,0,0,0,0,,Away,광주 기아 챔피언스 필드,18:30,32.4
김상수,2024,Lotte,2024-08-17,vs. Kiwoom,RP,,0.0,1.0,1,16,0,0,1,0,0,0,0,,Home,사직 야구장,18:00,31.5
김상수,2024,Lotte,2024-08-16,vs. Kiwoom,RP,,0.0,0.75,1 ⅓,15,0,0,1,0,1,0,0,,Home,사직 야구장,18:30,31.3
김상수,2024,Lotte,2024-08-14,@ Doosan,RP,,0.0,0.0,1 ⅓,15,0,0,0,0,2,0,0,,Away,잠실 야구장,18:30,30.0
김상수,2024,Lotte,2024-08-11,@ KT,RP,,9.0,3.0,1,18,1,1,3,0,2,0,0,,Away,수원 KT 위즈파크,17:00,33.0
김상수,2024,Lotte,2024-08-10,@ KT,RP,H,0.0,1.0,1,8,0,0,1,0,0,0,0,,Away,수원 KT 위즈파크,18:00,32.5
김상수,2024,Lotte,2024-08-06,vs. NC,RP,W,0.0,0.0,1,12,0,0,0,0,2,0,0,,Home,사직 야구장,18:30,31.2
김상수,2024,Lotte,2024-08-03,vs. LG,RP,SV,0.0,0.6,1 ⅔,18,0,0,1,0,0,0,0,,Home,사직 야구장,18:00,33.0
김상수,2024,Lotte,2024-08-01,@ SSG,RP,W,0.0,0.0,1 ⅓,18,0,0,0,0,1,0,0,,Away,인천 SSG 랜더스필드,18:30,31.8
김상수,2024,Lotte,2024-07-21,@ Samsung,RP,H,27.0,6.0,0 ⅓,13,1,1,2,0,1,0,1,,Away,대구 삼성 라이온즈 파크,17:00,31.6
김상수,2024,Lotte,2024-07-19,@ Samsung,RP,H,9.0,1.0,1,11,1,1,1,1,0,0,0,,Away,대구 삼성 라이온즈 파크,18:30,28.3
김상수,2024,Lotte,2024-07-17,vs. Doosan,RP,W,0.0,3.0,0 ⅔,18,0,0,0,0,1,2,0,,Home,사직 야구장,18:30,29.1
김상수,2024,Lotte,2024-07-13,vs. KT,RP,,0.0,6.0,0 ⅓,6,1,0,0,0,0,2,0,,Home,사직 야구장,18:00,27.2
김상수,2024,Lotte,2024-07-12,vs. KT,RP,L,0.0,1.5,1 ⅓,20,1,0,1,0,2,1,0,,Home,사직 야구장,18:30,27.3
김상수,2024,Lotte,2024-07-10,@ SSG,RP,,0.0,1.0,1,17,0,0,0,0,1,1,0,,Away,인천 SSG 랜더스필드,18:30,29.1
김상수,2024,Lotte,2024-07-09,@ SSG,RP,L,13.5,4.5,0 ⅔,17,3,1,2,0,0,1,0,,Away,인천 SSG 랜더스필드,18:30,26.6
김상수,2024,Lotte,2024-07-03,@ Doosan,RP,,9.0,1.0,1,16,1,1,1,1,2,0,0,,Away,잠실 야구장,18:30,26.9
김상수,2024,Lotte,2024-06-28,vs. Hanwha,RP,H,0.0,0.0,0 ⅓,3,0,0,0,0,1,0,0,,Home,사직 야구장,18:30,26.9
김상수,2024,Lotte,2024-06-26,vs. Kia,RP,H,0.0,1.0,1,15,0,0,1,0,0,0,1,,Home,사직 야구장,18:30,25.2
김상수,2024,Lotte,2024-06-25,vs. Kia,RP,,9.0,3.0,1,22,1,1,3,0,1,0,0,,Home,사직 야구장,18:30,24.2
김상수,2024,Lotte,2024-06-22,@ Kiwoom,RP,,0.0,2.0,1,14,0,0,1,0,1,1,0,,Away,고척 스카이돔,17:00,25.5
김상수,2024,Lotte,2024-06-19,@ KT,RP,H,0.0,0.75,1 ⅓,12,0,0,1,0,1,0,0,,Away,수원 KT 위즈파크,18:30,32.0
김상수,2024,Lotte,2024-06-16,@ LG,RP,,0.0,,0,9,1,1,2,0,0,0,0,,Away,잠실 야구장,17:00,27.6
김상수,2024,Lotte,2024-06-15,@ LG,RP,,40.5,6.0,0 ⅔,21,3,3,4,0,0,0,0,,Away,잠실 야구장,17:00,28.2
김상수,2024,Lotte,2024-06-13,vs. Kiwoom,RP,H,0.0,0.0,1,14,0,0,0,0,1,0,0,,Home,사직 야구장,18:30,27.1
김상수,2024,Lotte,2024-06-12,vs. Kiwoom,RP,,0.0,1.5,0 ⅔,11,0,0,0,0,0,1,0,,Home,사직 야구장,18:30,25.3
김상수,2024,Lotte,2024-06-09,vs. SSG,RP,H,0.0,0.0,0 ⅓,3,0,0,0,0,1,0,0,,Home,사직 야구장,17:00,24.0
김상수,2024,Lotte,2024-06-07,vs. SSG,RP,H,0.0,0.0,2,25,0,0,0,0,2,0,0,,Home,사직 야구장,18:30,23.5
김상수,2024,Lotte,2024-06-05,@ Kia,RP,H,0.0,0.5,2,22,0,0,1,0,0,0,0,,Away,광주 기아 챔피언스 필드,18:30,25.6
김상수,2024,Lotte,2024-06-02,vs. NC,RP,,0.0,0.0,1,14,0,0,0,0,2,0,0,,Home,사직 야구장,17:00,21.6
김상수,2024,Lotte,2024-06-01,vs. NC,RP,H,0.0,1.0,2,30,0,0,2,0,2,0,0,,Home,사직 야구장,17:00,24.0
김상수,2024,Lotte,2024-05-26,vs. Samsung,RP,H,0.0,0.86,2 ⅓,36,0,0,1,0,1,1,0,,Home,사직 야구장,14:00,21.5
김상수,2024,Lotte,2024-05-25,vs. Samsung,RP,,0.0,0.0,1 ⅓,17,0,0,0,0,1,0,0,,Home,사직 야구장,17:00,21.3
김상수,2024,Lotte,2024-05-23,vs. Kia,RP,SV,13.5,1.5,1 ⅓,24,2,2,2,0,0,0,0,,Home,사직 야구장,18:30,22.8
김상수,2024,Lotte,2024-05-19,@ Doosan,RP,,0.0,1.5,1 ⅓,24,0,0,1,0,1,1,0,,Away,잠실 야구장,14:00,26.8
김상수,2024,Lotte,2024-05-17,@ Doosan,RP,H,0.0,0.0,0 ⅓,3,0,0,0,0,0,0,0,,Away,잠실 야구장,18:30,23.3
김상수,2024,Lotte,2024-05-16,@ KT,RP,H,0.0,0.0,1,11,0,0,0,0,1,0,0,,Away,수원 KT 위즈파크,18:30,18.5
김상수,2024,Lotte,2024-05-14,@ KT,RP,H,27.0,3.0,0 ⅓,5,1,1,1,0,0,0,0,,Away,수원 KT 위즈파크,18:30,21.7
김상수,2024,Lotte,2024-05-12,vs. LG,RP,,0.0,0.6,1 ⅔,20,0,0,1,0,0,0,0,,Home,사직 야구장,14:00,22.2
김상수,2024,Lotte,2024-05-11,vs. LG,RP,,0.0,0.0,0 ⅓,2,0,0,0,0,0,0,0,,Home,사직 야구장,17:00,19.9
김상수,2024,Lotte,2024-05-09,vs. Hanwha,RP,,27.0,9.0,0 ⅓,13,1,1,3,0,0,0,0,,Home,사직 야구장,18:30,18.9
김상수,2024,Lotte,2024-05-03,@ Samsung,RP,W,0.0,0.0,0 ⅓,8,0,0,0,0,0,0,0,,Away,대구 삼성 라이온즈 파크,18:30,20.0
김상수,2024,Lotte,2024-05-02,vs. Kiwoom,RP,,13.5,1.5,0 ⅔,10,1,1,1,0,1,0,0,,Home,사직 야구장,18:30,16.2
김상수,2024,Lotte,2024-05-01,vs. Kiwoom,RP,,6.75,0.75,1 ⅓,17,1,1,1,0,1,0,0,,Home,사직 야구장,18:30,15.1
김상수,2024,Lotte,2024-04-27,@ NC,RP,,0.0,1.0,1,19,0,0,1,0,0,0,0,,Away,창원 NC 파크,17:00,23.7
김상수,2024,Lotte,2024-04-26,@ NC,RP,,0.0,0.0,1,14,0,0,0,0,1,0,0,,Away,창원 NC 파크,18:30,19.4
김상수,2024,Lotte,2024-04-24,vs. SSG,RP,H,0.0,3.0,0 ⅓,3,0,0,1,0,0,0,0,,Home,사직 야구장,18:30,18.6
김상수,2024,Lotte,2024-04-21,vs. KT,RP,,27.0,3.0,0 ⅓,5,1,1,1,1,0,0,0,,Home,사직 야구장,14:00,17.6
김상수,2024,Lotte,2024-04-17,@ LG,RP,,0.0,1.0,1,13,0,0,1,0,1,0,0,,Away,잠실 야구장,18:30,19.0
김상수,2024,Lotte,2024-04-14,@ Kiwoom,RP,,0.0,1.5,1 ⅓,22,0,0,2,0,2,0,0,,Away,고척 스카이돔,14:00,25.5
김상수,2024,Lotte,2024-04-13,@ Kiwoom,RP,,40.5,4.5,0 ⅔,22,3,3,3,1,0,0,0,,Away,고척 스카이돔,17:00,25.5
김상수,2024,Lotte,2024-04-11,vs. Samsung,RP,,0.0,0.0,1 ⅓,14,0,0,0,0,3,0,0,,Home,사직 야구장,18:30,15.5
김상수,2024,Lotte,2024-04-10,vs. Samsung,RP,,0.0,,0,13,2,2,1,0,0,1,1,,Home,사직 야구장,18:30,13.1
김상수,2024,Lotte,2024-04-07,vs. Doosan,RP,W,0.0,3.0,1,29,0,0,0,0,0,3,0,,Home,사직 야구장,14:00,20.5
김상수,2024,Lotte,2024-04-05,vs. Doosan,RP,,0.0,1.8,1 ⅔,27,0,0,1,0,1,2,0,,Home,사직 야구장,18:30,14.3
김상수,2024,Lotte,2024-04-04,@ Hanwha,RP,,0.0,0.5,2,24,0,0,0,0,2,1,0,,Away,대전 한화생명 볼파크,18:30,14.3
김상수,2024,Lotte,2024-03-31,vs. NC,RP,,0.0,6.0,0 ⅓,19,0,0,1,0,0,1,1,,Home,사직 야구장,14:00,15.1
김상수,2024,Lotte,2024-03-30,vs. NC,RP,,0.0,0.0,1,11,0,0,0,0,1,0,0,,Home,사직 야구장,17:00,15.6
김상수,2024,Lotte,2024-03-23,@ SSG,RP,,0.0,1.0,1,17,0,0,1,0,0,0,0,,Away,인천 SSG 랜더스필드,14:00,14.9
김상수,2023,Lotte,2023-10-16,@ Hanwha,RP,,0.0,1.0,1,15,0,0,1,0,1,0,0,,Away,대전 한화생명 볼파크,18:30,15.7
김상수,2023,Lotte,2023-10-11,vs. Doosan,RP,,0.0,1.0,1,21,0,0,1,0,1,0,0,,Home,사직 야구장,18:30,19.8
김상수,2023,Lotte,2023-10-07,@ Doosan,RP,H,0.0,0.0,1,13,0,0,0,0,1,0,0,,Away,잠실 야구장,17:00,20.6
김상수,2023,Lotte,2023-10-05,vs. LG,RP,,0.0,0.0,1,16,0,0,0,0,0,0,0,,Home,사직 야구장,18:30,18.8
김상수,2023,Lotte,2023-09-08,@ NC,RP,L,0.0,,0,9,2,2,0,0,0,2,1,,Away,창원 NC 파크,18:30,26.7
김상수,2023,Lotte,2023-09-07,vs. Samsung,RP,,0.0,1.0,1,18,0,0,1,0,1,0,0,,Home,사직 야구장,18:30,26.6
김상수,2023,Lotte,2023-09-05,vs. Samsung,RP,H,0.0,0.0,0 ⅔,10,0,0,0,0,0,0,0,,Home,사직 야구장,18:30,27.3
김상수,2023,Lotte,2023-09-04,vs. Doosan,RP,H,0.0,0.75,1 ⅓,15,0,0,1,0,1,0,0,,Home,사직 야구장,18:30,29.8
김상수,2023,Lotte,2023-08-31,@ Hanwha,RP,H,0.0,1.0,1,17,0,0,0,0,1,1,0,,Away,대전 한화생명 볼파크,18:30,26.1
김상수,2023,Lotte,2023-08-27,vs. KT,RP,,0.0,0.0,1,12,0,0,0,0,1,0,0,,Home,사직 야구장,17:00,30.3
김상수,2023,Lotte,2023-08-26,vs. KT,RP,H,0.0,0.0,0 ⅔,2,0,0,0,0,0,0,0,,Home,사직 야구장,18:00,29.1
김상수,2023,Lotte,2023-08-25,vs. KT,RP,,0.0,0.0,1,17,0,0,0,0,1,0,0,,Home,사직 야구장,18:30,29.6
김상수,2023,Lotte,2023-08-20,@ Kiwoom,RP,,0.0,3.0,0 ⅔,17,3,0,2,0,0,0,0,,Away,고척 스카이돔,14:00,25.5
김상수,2023,Lotte,2023-08-18,@ Kiwoom,RP,H,0.0,1.0,1,13,0,0,0,0,0,1,0,,Away,고척 스카이돔,18:30,25.5
김상수,2023,Lotte,2023-08-17,vs. SSG,RP,H,0.0,1.0,1,20,0,0,0,0,1,1,0,,Home,사직 야구장,18:30,28.4
김상수,2023,Lotte,2023-08-16,vs. SSG,RP,W,0.0,3.0,0 ⅓,7,0,0,1,0,0,0,0,,Home,사직 야구장,18:30,27.6
김상수,2023,Lotte,2023-08-15,vs. SSG,RP,,0.0,6.0,0 ⅓,10,1,0,1,0,0,1,0,,Home,사직 야구장,18:30,30.0
김상수,2023,Lotte,2023-08-10,@ Kiwoom,RP,H,0.0,3.0,0 ⅓,17,0,0,1,0,1,0,0,,Away,고척 스카이돔,18:30,25.5
김상수,2023,Lotte,2023-08-08,@ Kiwoom,RP,H,0.0,0.0,0 ⅓,1,0,0,0,0,0,0,0,,Away,고척 스카이돔,18:30,25.5
김상수,2023,Lotte,2023-08-05,vs. SSG,RP,,13.5,2.25,1 ⅓,27,2,2,3,0,0,0,0,,Home,사직 야구장,18:00,31.9
김상수,2023,Lotte,2023-08-04,vs. SSG,RP,,0.0,0.0,1,11,0,0,0,0,0,0,0,,Home,사직 야구장,18:30,32.4
김상수,2023,Lotte,2023-08-01,vs. NC,RP,,0.0,0.0,0 ⅔,4,0,0,0,0,0,0,0,,Home,사직 야구장,18:30,30.7
김상수,2023,Lotte,2023-07-30,@ Kia,RP,,0.0,2.0,1,27,0,0,0,0,1,2,0,,Away,광주 기아 챔피언스 필드,17:00,31.1
김상수,2023,Lotte,2023-07-29,@ Kia,RP,,0.0,0.0,0 ⅓,3,0,0,0,0,0,0,0,,Away,광주 기아 챔피언스 필드,18:00,34.2
김상수,2023,Lotte,2023-07-28,@ Kia,RP,,0.0,1.5,1 ⅓,17,0,0,2,0,1,0,0,,Away,광주 기아 챔피언스 필드,18:30,32.2
김상수,2023,Lotte,2023-07-23,vs. Kiwoom,RP,,0.0,3.0,1,30,0,0,3,0,2,0,0,,Home,사직 야구장,17:00,28.9
김상수,2023,Lotte,2023-07-22,vs. Kiwoom,RP,,0.0,0.0,0 ⅔,8,0,0,0,0,0,0,0,,Home,사직 야구장,18:00,27.1
김상수,2023,Lotte,2023-07-21,vs. Kiwoom,RP,H,0.0,0.0,0 ⅓,5,0,0,0,0,1,0,0,,Home,사직 야구장,18:30,27.6
김상수,2023,Lotte,2023-07-13,@ NC,RP,,0.0,0.0,1,11,0,0,0,0,1,0,0,,Away,창원 NC 파크,18:30,29.0
김상수,2023,Lotte,2023-07-12,@ NC,RP,,0.0,0.0,1,7,0,0,0,0,0,0,0,,Away,창원 NC 파크,18:30,28.5
김상수,2023,Lotte,2023-07-05,@ Hanwha,RP,,0.0,0.0,0 ⅓,7,0,0,0,0,0,0,0,,Away,대전 한화생명 볼파크,18:30,26.6
김상수,2023,Lotte,2023-07-02,vs. Doosan,RP,,0.0,2.0,1,29,0,0,0,0,2,2,0,,Home,사직 야구장,17:00,27.7
김상수,2023,Lotte,2023-06-27,vs. Samsung,RP,,18.0,3.0,1,20,2,2,3,1,1,0,0,,Home,사직 야구장,18:30,26.3
김상수,2023,Lotte,2023-06-25,@ LG,RP,,27.0,3.0,0 ⅔,16,2,2,1,0,0,1,0,,Away,잠실 야구장,17:00,31.2
김상수,2023,Lotte,2023-06-22,@ KT,RP,,0.0,1.0,1,9,0,0,0,0,0,1,0,,Away,수원 KT 위즈파크,18:30,24.5
김상수,2023,Lotte,2023-06-20,@ KT,RP,,13.5,1.5,1 ⅓,23,2,2,1,0,0,1,0,,Away,수원 KT 위즈파크,18:30,25.2
김상수,2023,Lotte,2023-06-18,@ SSG,RP,,0.0,3.0,0 ⅓,11,0,0,0,0,1,1,0,,Away,인천 SSG 랜더스필드,17:00,27.0
김상수,2023,Lotte,2023-06-17,@ SSG,RP,,0.0,0.0,0 ⅓,5,0,0,0,0,1,0,0,,Away,인천 SSG 랜더스필드,17:00,24.7
김상수,2023,Lotte,2023-06-06,vs. KT,RP,,27.0,6.0,0 ⅓,9,1,1,1,0,0,1,1,,Home,사직 야구장,18:30,21.9
김상수,2023,Lotte,2023-06-03,vs. Kia,RP,,0.0,3.0,0 ⅔,16,0,0,2,0,1,0,0,,Home,사직 야구장,17:00,22.6
김상수,2023,Lotte,2023-05-31,@ LG,RP,,0.0,1.0,1,17,0,0,1,0,1,0,0,,Away,잠실 야구장,18:30,26.4
김상수,2023,Lotte,2023-05-28,@ Kiwoom,RP,L,108.0,12.0,0 ⅓,17,4,4,4,0,0,0,0,,Away,고척 스카이돔,14:00,25.5
김상수,2023,Lotte,2023-05-26,@ Kiwoom,RP,H,0.0,1.0,1,15,0,0,1,0,1,0,0,,Away,고척 스카이돔,18:30,25.5
김상수,2023,Lotte,2023-05-24,vs. NC,RP,,0.0,1.0,1,12,0,0,0,0,0,1,0,,Home,사직 야구장,18:30,19.0
김상수,2023,Lotte,2023-05-23,vs. NC,RP,H,0.0,0.0,1,8,0,0,0,0,0,0,0,,Home,사직 야구장,18:30,19.5
김상수,2023,Lotte,2023-05-21,vs. SSG,RP,,0.0,2.0,1,22,0,0,1,0,0,1,0,,Home,사직 야구장,14:00,22.3
김상수,2023,Lotte,2023-05-19,vs. SSG,RP,H,0.0,0.0,0 ⅓,4,0,0,0,0,0,0,0,,Home,사직 야구장,18:30,20.6
김상수,2023,Lotte,2023-05-17,@ Hanwha,RP,,0.0,3.0,0 ⅔,22,0,0,1,0,0,1,0,,Away,대전 한화생명 볼파크,18:30,27.9
김상수,2023,Lotte,2023-05-16,@ Hanwha,RP,H,0.0,0.0,0 ⅔,8,0,0,0,0,2,0,0,,Away,대전 한화생명 볼파크,18:30,29.3
김상수,2023,Lotte,2023-05-12,@ KT,RP,,0.0,1.0,1,17,0,0,1,0,2,0,0,,Away,수원 KT 위즈파크,18:30,22.3
김상수,2023,Lotte,2023-05-11,vs. Doosan,RP,W,0.0,0.0,1,11,0,0,0,0,0,0,0,,Home,사직 야구장,18:30,19.5
김상수,2023,Lotte,2023-05-09,vs. Doosan,RP,,54.0,6.0,0 ⅓,11,2,2,2,0,1,0,0,,Home,사직 야구장,18:30,19.0
김상수,2023,Lotte,2023-05-02,@ Kia,RP,,0.0,1.0,1,16,0,0,1,0,1,0,0,,Away,광주 기아 챔피언스 필드,18:30,22.3
김상수,2023,Lotte,2023-04-30,vs. Kiwoom,RP,W,0.0,0.0,1,13,0,0,0,0,0,0,0,,Home,사직 야구장,14:00,17.9
김상수,2023,Lotte,2023-04-28,vs. Kiwoom,RP,H,0.0,1.5,0 ⅔,10,0,0,1,0,1,0,0,,Home,사직 야구장,18:30,18.1
김상수,2023,Lotte,2023-04-26,vs. Hanwha,RP,,0.0,0.0,0 ⅓,5,0,0,0,0,0,0,0,,Home,사직 야구장,18:30,16.0
김상수,2023,Lotte,2023-04-23,@ NC,RP,SV,0.0,1.0,1,18,0,0,1,0,1,0,0,,Away,창원 NC 파크,14:00,17.5
김상수,2023,Lotte,2023-04-22,@ NC,RP,,0.0,1.0,1,17,0,0,1,0,0,0,0,,Away,창원 NC 파크,17:00,17.3
김상수,2023,Lotte,2023-04-20,vs. Kia,RP,H,0.0,1.5,0 ⅔,10,0,0,1,0,1,0,0,,Home,사직 야구장,18:30,19.8
김상수,2023,Lotte,2023-04-18,vs. Kia,RP,W,0.0,1.0,1,20,0,0,0,0,1,1,0,,Home,사직 야구장,18:30,18.3
김상수,2023,Lotte,2023-04-15,@ Samsung,RP,,0.0,1.0,1,18,0,0,0,0,0,1,0,,Away,대구 삼성 라이온즈 파크,17:00,15.8
김상수,2023,Lotte,2023-04-13,vs. LG,RP,H,0.0,1.0,1,8,0,0,1,0,0,0,0,,Home,사직 야구장,18:30,16.9
김상수,2023,Lotte,2023-04-12,vs. LG,RP,,0.0,0.0,1,17,0,0,0,0,1,0,0,,Home,사직 야구장,18:30,15.2
김상수,2023,Lotte,2023-04-08,vs. KT,RP,,0.0,1.0,1,20,0,0,1,0,1,0,1,,Home,사직 야구장,17:00,16.3
김상수,2023,Lotte,2023-04-07,vs. KT,RP,,0.0,6.0,0 ⅓,17,0,0,1,0,0,1,0,,Home,사직 야구장,18:30,16.9
김상수,2023,Lotte,2023-04-04,@ SSG,RP,,0.0,,0,0,0,0,0,0,0,0,0,,Away,인천 SSG 랜더스필드,18:30,20.3
김상수,2023,Lotte,2023-04-01,@ Doosan,RP,H,27.0,3.0,0 ⅓,7,1,1,1,0,0,0,0,,Away,잠실 야구장,14:00,25.0
김상수,2022,SSG,2022-08-26,@ KT,RP,,18.0,2.0,1,28,2,2,2,2,2,0,0,,Away,수원 KT 위즈파크,18:30,26.5
김상수,2022,SSG,2022-05-01,vs. Doosan,RP,,18.0,4.0,1,32,2,2,1,0,0,3,0,,Home,인천 SSG 랜더스필드,14:00,15.4
김상수,2022,SSG,2022-04-26,@ Lotte,RP,,0.0,0.0,1,16,0,0,0,0,0,0,0,,Away,사직 야구장,18:30,17.7
김상수,2022,SSG,2022-04-23,@ Hanwha,RP,,0.0,0.0,1 ⅓,23,0,0,0,0,0,0,1,,Away,대전 한화생명 볼파크,17:00,25.4
김상수,2022,SSG,2022-04-14,@ LG,RP,,9.0,3.0,1,26,1,1,2,0,0,1,0,,Away,잠실 야구장,18:30,15.0
김상수,2022,SSG,2022-04-10,vs. Kia,RP,,0.0,1.0,1,12,0,0,1,0,1,0,0,,Home,인천 SSG 랜더스필드,14:00,21.0
김상수,2022,SSG,2022-04-09,vs. Kia,RP,,27.0,3.0,1,17,3,3,3,0,0,0,0,,Home,인천 SSG 랜더스필드,17:00,18.3
김상수,2022,SSG,2022-04-07,@ KT,RP,SV,0.0,0.0,0 ⅔,7,0,0,0,0,0,0,0,,Away,수원 KT 위즈파크,18:30,11.2
김상수,2021,SSG,2021-10-30,vs. KT,RP,,54.0,6.0,0 ⅓,17,2,2,2,0,0,0,0,,Home,인천 SSG 랜더스필드,17:00,17.3
김상수,2021,SSG,2021-10-26,@ NC,RP,W,0.0,0.5,2,23,0,0,1,0,1,0,0,,Away,창원 NC 파크,18:30,15.1
김상수,2021,SSG,2021-10-20,vs. NC,RP,,0.0,1.0,2,44,0,0,1,0,3,1,1,,Home,인천 SSG 랜더스필드,18:30,11.3
김상수,2021,SSG,2021-10-17,@ Lotte,RP,,27.0,9.0,0 ⅓,11,1,1,2,0,0,1,0,,Away,사직 야구장,14:00,15.9
김상수,2021,SSG,2021-10-16,@ Lotte,RP,H,0.0,0.0,1,14,0,0,0,0,0,0,0,,Away,사직 야구장,17:00,14.8
김상수,2021,SSG,2021-10-07,@ Hanwha,RP,,0.0,1.5,1 ⅓,25,0,0,1,0,0,1,0,,Away,대전 한화생명 볼파크,18:30,20.1
김상수,2021,SSG,2021-10-06,@ LG,RP,,0.0,0.0,1,12,0,0,0,0,1,0,0,,Away,잠실 야구장,18:30,19.2
김상수,2021,SSG,2021-10-03,vs. KT,RP,,4.5,2.5,2,45,1,1,3,0,2,2,0,,Home,인천 SSG 랜더스필드,14:00,26.6
김상수,2021,SSG,2021-09-24,vs. Lotte,RP,,13.5,4.5,0 ⅔,18,1,1,2,0,1,1,0,,Home,인천 SSG 랜더스필드,18:30,24.3
김상수,2021,SSG,2021-09-24,vs. Lotte,RP,,0.0,2.0,1,14,0,0,2,0,0,0,0,,Home,인천 SSG 랜더스필드,18:30,24.3
김상수,2021,SSG,2021-09-21,vs. Kiwoom,RP,,9.0,1.0,1,21,1,1,1,1,0,0,0,,Home,인천 SSG 랜더스필드,18:30,24.4
김상수,2021,SSG,2021-09-18,vs. Samsung,RP,,0.0,1.0,1,13,0,0,0,0,0,1,0,,Home,인천 SSG 랜더스필드,17:00,26.1
김상수,2021,SSG,2021-09-14,vs. Hanwha,RP,,3.0,1.67,3,48,1,1,3,0,1,2,0,,Home,인천 SSG 랜더스필드,18:30,26.1
김상수,2021,SSG,2021-09-09,@ Lotte,RP,,0.0,2.0,1,20,0,0,2,0,0,0,0,,Away,사직 야구장,18:30,26.1
김상수,2021,SSG,2021-09-04,@ Kiwoom,RP,,9.0,2.0,1,20,1,1,2,1,0,0,0,,Away,고척 스카이돔,17:00,25.5
김상수,2021,SSG,2021-08-28,vs. Kia,RP,,40.5,6.0,0 ⅔,27,3,3,2,0,1,2,0,,Home,인천 SSG 랜더스필드,18:00,26.0
김상수,2021,SSG,2021-08-24,@ Samsung,RP,H,18.0,4.0,1,23,2,2,4,0,0,0,0,,Away,대구 삼성 라이온즈 파크,18:30,29.5
김상수,2021,SSG,2021-08-19,vs. NC,RP,,0.0,1.0,2,35,0,0,1,0,3,1,0,,Home,인천 SSG 랜더스필드,18:30,27.4
김상수,2021,SSG,2021-08-15,vs. Kia,RP,,9.0,3.0,1,22,1,1,3,0,2,0,0,,Home,인천 SSG 랜더스필드,17:00,29.5
김상수,2021,SSG,2021-08-10,@ LG,RP,,9.0,1.0,1,14,1,1,1,1,1,0,0,,Away,잠실 야구장,18:30,29.9
김상수,2021,SSG,2021-07-09,vs. Hanwha,RP,,6.75,0.75,1 ⅓,18,1,1,1,1,1,0,0,,Home,인천 SSG 랜더스필드,18:30,26.1
김상수,2021,SSG,2021-07-05,vs. Lotte,RP,W,3.0,1.67,3,43,1,1,3,1,1,2,0,,Home,인천 SSG 랜더스필드,18:30,25.1
김상수,2021,SSG,2021-07-02,vs. Lotte,RP,L,9.0,3.0,1,20,1,1,3,0,1,0,0,,Home,인천 SSG 랜더스필드,18:30,29.0
김상수,2021,SSG,2021-06-30,vs. Samsung,RP,,0.0,1.0,1,13,0,0,1,0,0,0,0,,Home,인천 SSG 랜더스필드,18:30,27.5
김상수,2021,SSG,2021-06-29,vs. Samsung,RP,,0.0,0.0,1,14,0,0,0,0,0,0,0,,Home,인천 SSG 랜더스필드,18:30,26.2
김상수,2021,SSG,2021-06-26,@ NC,RP,,0.0,0.5,2,24,0,0,1,0,2,0,0,,Away,창원 NC 파크,17:00,25.6
김상수,2021,SSG,2021-06-25,@ NC,RP,L,81.0,18.0,0 ⅓,18,3,3,4,0,0,2,0,,Away,창원 NC 파크,18:30,24.4
김상수,2021,SSG,2021-06-20,@ Hanwha,RP,H,0.0,1.0,1,21,0,0,0,0,1,1,0,,Away,대전 한화생명 볼파크,17:00,28.1
김상수,2021,SSG,2021-06-18,@ Hanwha,RP,,0.0,1.0,1,10,0,0,1,0,0,0,0,,Away,대전 한화생명 볼파크,18:30,25.5
김상수,2021,SSG,2021-06-17,@ Kia,RP,H,0.0,0.0,1,12,0,0,0,0,2,0,0,,Away,광주 기아 챔피언스 필드,18:30,25.0
김상수,2021,SSG,2021-06-16,@ Kia,RP,,0.0,0.0,1,18,0,0,0,0,1,0,0,,Away,광주 기아 챔피언스 필드,18:30,26.3
김상수,2021,SSG,2021-06-11,vs. Kiwoom,RP,,27.0,3.0,1,24,3,3,3,2,2,0,0,,Home,인천 SSG 랜더스필드,18:30,23.3
김상수,2021,SSG,2021-06-08,vs. KT,RP,,9.0,2.0,1,18,1,1,2,1,1,0,0,,Home,인천 SSG 랜더스필드,18:30,24.2
김상수,2021,SSG,2021-06-02,vs. Samsung,RP,,0.0,0.0,1,15,0,0,0,0,1,0,0,,Home,인천 SSG 랜더스필드,18:30,24.2
김상수,2021,SSG,2021-06-01,vs. Samsung,RP,,0.0,2.0,1,18,0,0,2,0,0,0,0,,Home,인천 SSG 랜더스필드,18:30,21.6
김상수,2021,SSG,2021-05-30,@ Hanwha,RP,H,0.0,1.0,1,12,0,0,0,0,1,1,0,,Away,대전 한화생명 볼파크,14:00,27.0
김상수,2021,SSG,2021-05-29,@ Hanwha,RP,,0.0,0.0,1,11,0,0,0,0,0,0,0,,Away,대전 한화생명 볼파크,17:00,23.2
김상수,2021,SSG,2021-05-27,@ KT,RP,L,27.0,9.0,0 ⅓,11,1,1,2,0,0,1,0,,Away,수원 KT 위즈파크,18:30,16.9
김상수,2021,SSG,2021-05-05,@ NC,RP,,27.0,3.0,1,21,3,3,2,1,1,1,0,,Away,창원 NC 파크,14:00,23.7
김상수,2021,SSG,2021-05-01,@ Doosan,RP,W,0.0,0.0,2 ⅓,36,0,0,0,0,2,0,0,,Away,잠실 야구장,17:00,10.4
김상수,2021,SSG,2021-04-28,vs. KT,RP,SV,0.0,0.0,1,12,0,0,0,0,1,0,0,,Home,인천 SSG 랜더스필드,18:30,14.4
김상수,2021,SSG,2021-04-24,@ Kiwoom,RP,W,4.5,2.5,2,33,1,1,4,0,1,1,0,,Away,고척 스카이돔,17:00,25.5
김상수,2021,SSG,2021-04-22,@ Samsung,RP,,0.0,1.0,1,22,0,0,1,0,1,0,0,,Away,대구 삼성 라이온즈 파크,18:30,19.4
김상수,2021,SSG,2021-04-18,vs. Kia,RP,SV,9.0,4.0,1,32,1,1,2,0,1,2,0,,Home,인천 SSG 랜더스필드,14:00,13.3
김상수,2021,SSG,2021-04-17,vs. Kia,RP,,9.0,4.0,1,17,1,1,2,0,0,2,0,,Home,인천 SSG 랜더스필드,17:00,12.0
김상수,2021,SSG,2021-04-16,vs. Kia,RP,,0.0,0.0,0 ⅔,2,0,0,0,0,0,0,0,,Home,인천 SSG 랜더스필드,18:30,11.4
김상수,2021,SSG,2021-04-10,@ LG,RP,SV,0.0,4.0,1,30,0,0,1,0,2,3,0,,Away,잠실 야구장,17:00,17.0
김상수,2021,SSG,2021-04-08,vs. Hanwha,RP,SV,0.0,0.0,1,17,0,0,0,0,3,0,0,,Home,인천 SSG 랜더스필드,18:30,15.4
김상수,2021,SSG,2021-04-06,vs. Hanwha,RP,SV,0.0,1.0,1,18,0,0,0,0,2,1,0,,Home,인천 SSG 랜더스필드,18:30,14.0
김상수,2021,SSG,2021-04-04,vs. Lotte,RP,SV,9.0,4.0,1,33,1,1,3,1,0,1,0,,Home,인천 SSG 랜더스필드,14:00,15.0
김상수,2020,Kiwoom,2020-10-23,@ Doosan,RP,,0.0,0.0,1,14,0,0,0,0,2,0,0,,Away,잠실 야구장,18:30,10.3
김상수,2020,Kiwoom,2020-10-16,vs. Doosan,RP,,0.0,0.0,0 ⅓,3,0,0,0,0,0,0,1,,Home,고척 스카이돔,18:30,25.5
김상수,2020,Kiwoom,2020-10-15,@ KT,RP,,0.0,0.0,1,9,0,0,0,0,1,0,0,,Away,수원 KT 위즈파크,18:30,13.4
김상수,2020,Kiwoom,2020-10-13,@ KT,RP,,27.0,4.0,1,25,3,3,4,0,0,0,0,,Away,수원 KT 위즈파크,18:30,15.5
김상수,2020,Kiwoom,2020-10-09,@ Hanwha,RP,L,0.0,2.0,1,28,1,0,2,0,1,0,0,,Away,대전 한화생명 볼파크,18:30,19.7
김상수,2020,Kiwoom,2020-10-07,vs. NC,RP,,0.0,0.0,1,15,0,0,0,0,1,0,0,,Home,고척 스카이돔,18:30,25.5
김상수,2020,Kiwoom,2020-10-06,vs. NC,RP,,0.0,4.5,0 ⅔,15,0,0,1,0,0,2,0,,Home,고척 스카이돔,18:30,25.5
김상수,2020,Kiwoom,2020-10-03,@ SK,RP,,0.0,,0,13,4,4,3,0,0,1,0,,Away,인천 SSG 랜더스필드,17:00,20.9
김상수,2020,Kiwoom,2020-10-01,vs. Kia,RP,,9.0,1.0,1,16,1,1,0,0,0,1,0,,Home,고척 스카이돔,18:30,25.5
김상수,2020,Kiwoom,2020-09-30,vs. Kia,RP,,0.0,1.0,1,18,0,0,1,0,0,0,0,,Home,고척 스카이돔,18:30,25.5
김상수,2020,Kiwoom,2020-09-27,@ Doosan,RP,,9.0,2.0,1,15,2,1,1,0,0,1,0,,Away,잠실 야구장,14:00,24.6
김상수,2020,Kiwoom,2020-09-25,vs. SK,RP,,0.0,0.0,1,9,0,0,0,0,0,0,0,,Home,고척 스카이돔,18:30,25.5
김상수,2020,Kiwoom,2020-09-18,vs. Hanwha,RP,,0.0,3.0,0 ⅔,17,0,0,2,0,1,0,0,,Home,고척 스카이돔,18:30,25.5
김상수,2020,Kiwoom,2020-09-16,vs. Lotte,RP,L,0.0,,0,11,2,2,1,0,0,1,0,,Home,고척 스카이돔,18:30,25.5
김상수,2020,Kiwoom,2020-09-13,vs. Doosan,RP,,0.0,0.0,1,13,0,0,0,0,2,0,0,,Home,고척 스카이돔,14:00,25.5
김상수,2020,Kiwoom,2020-09-12,vs. Doosan,RP,SV,0.0,0.0,0 ⅓,4,0,0,0,0,0,0,0,,Home,고척 스카이돔,17:00,25.5
김상수,2020,Kiwoom,2020-09-10,@ LG,RP,,27.0,6.0,0 ⅓,11,3,1,2,0,1,0,0,,Away,잠실 야구장,18:30,26.1
김상수,2020,Kiwoom,2020-09-06,vs. KT,RP,,0.0,3.0,0 ⅔,17,0,0,1,0,0,1,0,,Home,고척 스카이돔,14:00,25.5
김상수,2020,Kiwoom,2020-09-03,@ Hanwha,RP,H,0.0,0.75,1 ⅓,20,0,0,1,0,1,0,0,,Away,대전 한화생명 볼파크,18:30,26.0
김상수,2020,Kiwoom,2020-09-02,vs. NC,RP,SV,0.0,1.5,0 ⅔,10,0,0,1,0,1,0,0,,Home,고척 스카이돔,18:30,25.5
김상수,2020,Kiwoom,2020-08-30,vs. Samsung,RP,SV,0.0,0.0,1 ⅓,24,0,0,0,0,1,0,0,,Home,고척 스카이돔,14:00,25.5
김상수,2020,Kiwoom,2020-08-29,vs. Samsung,RP,H,0.0,0.0,0 ⅔,6,0,0,0,0,1,0,0,,Home,고척 스카이돔,18:00,25.5
김상수,2020,Kiwoom,2020-08-26,@ KT,RP,H,0.0,1.5,0 ⅔,15,0,0,0,0,1,1,0,,Away,수원 KT 위즈파크,18:30,32.4
김상수,2020,Kiwoom,2020-08-25,@ KT,RP,SV,0.0,0.0,1,12,0,0,0,0,0,0,0,,Away,수원 KT 위즈파크,18:30,33.0
김상수,2020,Kiwoom,2020-08-23,vs. Kia,RP,,0.0,0.0,1,17,0,0,0,0,2,0,0,,Home,고척 스카이돔,14:00,25.5
김상수,2020,Kiwoom,2020-08-22,vs. Kia,RP,,0.0,2.0,1,17,0,0,2,0,2,0,0,,Home,고척 스카이돔,18:00,25.5
김상수,2020,Kiwoom,2020-08-20,vs. LG,RP,SV,0.0,1.0,1,21,0,0,1,0,1,0,0,,Home,고척 스카이돔,18:30,25.5
김상수,2020,Kiwoom,2020-08-18,@ NC,RP,,0.0,0.0,0 ⅔,7,0,0,0,0,0,0,0,,Away,창원 NC 파크,18:30,33.1
김상수,2020,Kiwoom,2020-08-16,@ Lotte,RP,W,0.0,0.0,1 ⅔,9,0,0,0,0,1,0,0,,Away,사직 야구장,17:00,31.2
김상수,2020,Kiwoom,2020-08-13,vs. Hanwha,RP,,27.0,4.5,0 ⅔,30,2,2,2,0,0,1,1,,Home,고척 스카이돔,18:30,25.5
김상수,2020,Kiwoom,2020-08-11,vs. Hanwha,RP,,0.0,2.0,1,26,0,0,1,0,2,1,0,,Home,고척 스카이돔,18:30,25.5
김상수,2020,Kiwoom,2020-08-08,vs. LG,RP,,0.0,3.0,1,20,0,0,2,0,0,1,0,,Home,고척 스카이돔,18:00,25.5
김상수,2020,Kiwoom,2020-08-04,vs. KT,RP,,9.0,2.0,1,13,1,1,2,0,1,0,0,,Home,고척 스카이돔,18:30,25.5
김상수,2020,Kiwoom,2020-08-01,@ Samsung,RP,H,0.0,0.0,1,15,0,0,0,0,1,0,0,,Away,대구 삼성 라이온즈 파크,18:00,29.0
김상수,2020,Kiwoom,2020-07-31,@ Samsung,RP,H,0.0,0.0,1,16,0,0,0,0,1,0,0,,Away,대구 삼성 라이온즈 파크,18:30,29.4
김상수,2020,Kiwoom,2020-07-28,@ Doosan,RP,,0.0,0.0,1,9,0,0,0,0,1,0,0,,Away,잠실 야구장,18:30,27.3
김상수,2020,Kiwoom,2020-07-26,vs. Lotte,RP,,0.0,2.0,1,16,1,0,1,0,1,1,0,,Home,고척 스카이돔,14:00,25.5
김상수,2020,Kiwoom,2020-07-17,@ SK,RP,H,0.0,1.5,0 ⅔,13,0,0,0,0,1,1,0,,Away,인천 SSG 랜더스필드,18:30,27.4
김상수,2020,Kiwoom,2020-07-14,vs. NC,RP,,0.0,0.0,1,12,0,0,0,0,0,0,0,,Home,고척 스카이돔,18:30,25.5
김상수,2020,Kiwoom,2020-07-10,@ Kia,RP,,0.0,0.0,1,8,0,0,0,0,0,0,0,,Away,광주 기아 챔피언스 필드,18:30,29.3
김상수,2020,Kiwoom,2020-07-07,vs. Samsung,RP,,0.0,1.0,1,14,0,0,1,0,0,0,0,,Home,고척 스카이돔,18:30,25.5
김상수,2020,Kiwoom,2020-07-05,@ KT,RP,,0.0,1.0,1,20,0,0,1,0,0,0,0,,Away,수원 KT 위즈파크,17:00,28.3
김상수,2020,Kiwoom,2020-07-03,@ KT,RP,,0.0,4.5,0 ⅔,22,1,0,2,0,1,1,0,,Away,수원 KT 위즈파크,18:30,25.5
김상수,2020,Kiwoom,2020-07-02,vs. Doosan,RP,W,0.0,0.0,1,7,0,0,0,0,0,0,0,,Home,고척 스카이돔,18:30,25.5
김상수,2020,Kiwoom,2020-06-28,vs. Kia,RP,H,0.0,1.0,1,17,0,0,0,0,2,1,0,,Home,고척 스카이돔,14:00,25.5
김상수,2020,Kiwoom,2020-06-26,vs. Kia,RP,,0.0,1.0,1,13,0,0,1,0,2,0,0,,Home,고척 스카이돔,18:30,25.5
김상수,2020,Kiwoom,2020-06-21,vs. SK,RP,,9.0,1.0,1,13,1,1,1,1,1,0,0,,Home,고척 스카이돔,14:00,25.5
김상수,2020,Kiwoom,2020-06-20,vs. SK,RP,W,0.0,1.0,1,15,0,0,1,0,3,0,0,,Home,고척 스카이돔,17:00,25.5
김상수,2020,Kiwoom,2020-06-18,vs. Lotte,RP,,9.0,2.0,1,11,1,1,2,0,0,0,0,,Home,고척 스카이돔,18:30,25.5
김상수,2020,Kiwoom,2020-06-17,vs. Lotte,RP,,0.0,0.0,1,15,0,0,0,0,2,0,0,,Home,고척 스카이돔,18:30,25.5
김상수,2020,Kiwoom,2020-05-31,vs. KT,RP,,40.5,7.5,0 ⅔,23,3,3,3,1,1,2,0,,Home,고척 스카이돔,14:00,25.5
김상수,2020,Kiwoom,2020-05-28,@ NC,RP,,27.0,3.0,0 ⅓,10,1,1,1,1,0,0,0,,Away,창원 NC 파크,18:30,22.6
김상수,2020,Kiwoom,2020-05-22,@ Lotte,RP,,9.0,2.0,1,25,1,1,1,0,1,1,0,,Away,사직 야구장,18:30,17.4
김상수,2020,Kiwoom,2020-05-21,vs. SK,RP,,0.0,,0,11,1,1,1,0,0,1,0,,Home,고척 스카이돔,18:30,25.5
김상수,2020,Kiwoom,2020-05-16,@ LG,RP,H,0.0,0.0,1,18,0,0,0,0,2,0,0,,Away,잠실 야구장,17:00,20.3
김상수,2020,Kiwoom,2020-05-14,vs. Samsung,RP,L,40.5,4.5,0 ⅔,22,3,3,1,0,0,2,1,,Home,고척 스카이돔,18:30,25.5
김상수,2020,Kiwoom,2020-05-12,vs. Samsung,RP,H,0.0,0.0,1,11,0,0,0,0,0,0,0,,Home,고척 스카이돔,18:30,25.5
김상수,2020,Kiwoom,2020-05-10,vs. Hanwha,RP,H,0.0,1.0,1,19,0,0,1,0,1,0,0,,Home,고척 스카이돔,14:00,25.5
김상수,2020,Kiwoom,2020-05-07,@ Kia,RP,H,13.5,4.5,0 ⅔,17,1,1,3,0,2,0,0,,Away,광주 기아 챔피언스 필드,18:30,22.5
김상수,2020,Kiwoom,2020-05-06,@ Kia,RP,,0.0,1.0,1,14,0,0,1,0,2,0,0,,Away,광주 기아 챔피언스 필드,18:30,26.3
김원중,2024,Lotte,2024-10-01,@ NC,RP,,0.0,1.0,1,20,0,0,1,0,0,0,0,,Away,창원 NC 파크,18:30,24.9
김원중,2024,Lotte,2024-09-25,@ Kia,RP,,9.0,2.0,1,29,1,1,2,0,2,0,0,,Away,광주 기아 챔피언스 필드,18:30,27.0
김원중,2024,Lotte,2024-09-23,@ Hanwha,RP,SV,0.0,0.0,1,8,0,0,0,0,1,0,0,,Away,대전 한화생명 볼파크,18:30,22.6
김원중,2024,Lotte,2024-09-18,vs. LG,RP,L,81.0,9.0,0 ⅓,10,3,3,3,0,0,0,0,,Home,사직 야구장,18:30,31.3
김원중,2024,Lotte,2024-09-17,vs. LG,RP,SV,0.0,0.0,1 ⅓,26,0,0,0,0,1,0,0,,Home,사직 야구장,18:30,32.5
김원중,2024,Lotte,2024-09-14,vs. Hanwha,RP,SV,0.0,0.6,1 ⅔,17,0,0,1,0,0,0,0,,Home,사직 야구장,17:00,32.2
김원중,2024,Lotte,2024-09-10,@ LG,RP,W,0.0,1.0,2,23,0,0,1,0,3,1,0,,Away,잠실 야구장,18:30,32.4
김원중,2024,Lotte,2024-09-07,vs. SSG,RP,,4.5,1.5,2,39,1,1,2,0,0,1,0,,Home,사직 야구장,17:00,30.8
김원중,2024,Lotte,2024-09-04,vs. KT,RP,SV,9.0,2.0,1,21,1,1,2,0,1,0,0,,Home,사직 야구장,18:30,28.5
김원중,2024,Lotte,2024-09-01,@ Doosan,RP,,0.0,0.0,2 ⅓,25,0,0,0,0,1,0,0,,Away,잠실 야구장,14:00,30.2
김원중,2024,Lotte,2024-08-31,@ Doosan,RP,SV,0.0,0.0,1 ⅓,16,0,0,0,0,1,0,0,,Away,잠실 야구장,18:00,30.8
김원중,2024,Lotte,2024-08-29,vs. Hanwha,RP,,9.0,3.0,1,31,1,1,1,0,1,2,0,,Home,사직 야구장,18:30,31.0
김원중,2024,Lotte,2024-08-27,vs. Hanwha,RP,SV,0.0,2.0,1,16,0,0,1,0,0,1,0,,Home,사직 야구장,18:30,28.2
김원중,2024,Lotte,2024-08-18,vs. Kiwoom,RP,W,0.0,0.0,1,13,0,0,0,0,0,0,0,,Home,사직 야구장,17:00,31.5
김원중,2024,Lotte,2024-08-16,vs. Kiwoom,RP,,0.0,0.0,1,12,0,0,0,0,3,0,0,,Home,사직 야구장,18:30,31.3
김원중,2024,Lotte,2024-08-11,@ KT,RP,SV,0.0,1.5,1 ⅓,21,0,0,1,0,2,1,0,,Away,수원 KT 위즈파크,17:00,33.0
김원중,2024,Lotte,2024-08-10,@ KT,RP,SV,0.0,3.0,1,22,0,0,2,0,1,1,0,,Away,수원 KT 위즈파크,18:00,32.5
김원중,2024,Lotte,2024-08-06,vs. NC,RP,SV,0.0,3.0,1,21,0,0,2,0,1,1,0,,Home,사직 야구장,18:30,31.2
김원중,2024,Lotte,2024-07-31,@ SSG,RP,,67.5,7.5,0 ⅔,35,5,5,4,1,0,1,0,,Away,인천 SSG 랜더스필드,18:30,31.8
김원중,2024,Lotte,2024-07-28,@ NC,RP,W,0.0,1.5,1 ⅓,29,0,0,1,0,2,1,0,,Away,창원 NC 파크,17:00,33.2
김원중,2024,Lotte,2024-07-25,vs. LG,RP,,9.0,3.0,1,27,1,1,1,0,2,2,0,,Home,사직 야구장,18:30,31.0
김원중,2024,Lotte,2024-07-23,vs. LG,RP,L,27.0,9.0,0 ⅓,17,1,1,2,0,1,1,0,,Home,사직 야구장,18:30,31.0
김원중,2024,Lotte,2024-07-21,@ Samsung,RP,L,27.0,3.0,0 ⅔,19,2,2,1,1,0,1,0,,Away,대구 삼성 라이온즈 파크,17:00,31.6
김원중,2024,Lotte,2024-07-17,vs. Doosan,RP,,0.0,2.25,1 ⅓,39,0,0,3,0,3,0,0,,Home,사직 야구장,18:30,29.1
김원중,2024,Lotte,2024-07-16,vs. Doosan,RP,,0.0,1.0,1,10,0,0,1,0,1,0,0,,Home,사직 야구장,18:30,26.4
김원중,2024,Lotte,2024-07-10,@ SSG,RP,,0.0,1.0,1,17,1,0,1,0,1,0,0,,Away,인천 SSG 랜더스필드,18:30,29.1
김원중,2024,Lotte,2024-06-28,vs. Hanwha,RP,SV,0.0,1.0,1,19,0,0,1,0,3,0,0,,Home,사직 야구장,18:30,26.9
김원중,2024,Lotte,2024-06-26,vs. Kia,RP,SV,0.0,0.0,1,9,0,0,0,0,1,0,0,,Home,사직 야구장,18:30,25.2
김원중,2024,Lotte,2024-06-25,vs. Kia,RP,,0.0,0.5,2,28,0,0,0,0,4,1,0,,Home,사직 야구장,18:30,24.2
김원중,2024,Lotte,2024-06-20,@ KT,RP,L,0.0,,0,10,1,0,1,0,0,1,0,,Away,수원 KT 위즈파크,18:30,29.6
김원중,2024,Lotte,2024-06-16,@ LG,RP,,10.8,3.6,1 ⅔,42,2,2,5,0,4,1,0,,Away,잠실 야구장,17:00,27.6
김원중,2024,Lotte,2024-06-15,@ LG,RP,SV,0.0,1.0,1,23,0,0,1,0,2,0,0,,Away,잠실 야구장,17:00,28.2
김원중,2024,Lotte,2024-06-12,vs. Kiwoom,RP,SV,0.0,0.0,1 ⅓,11,0,0,0,0,1,0,0,,Home,사직 야구장,18:30,25.3
김원중,2024,Lotte,2024-06-09,vs. SSG,RP,SV,0.0,0.0,1,12,0,0,0,0,0,0,0,,Home,사직 야구장,17:00,24.0
김원중,2024,Lotte,2024-06-07,vs. SSG,RP,SV,0.0,1.0,2,30,0,0,2,0,1,0,0,,Home,사직 야구장,18:30,23.5
김원중,2024,Lotte,2024-06-02,vs. NC,RP,,0.0,0.0,1,9,0,0,0,0,1,0,0,,Home,사직 야구장,17:00,21.6
김원중,2024,Lotte,2024-05-25,vs. Samsung,RP,SV,0.0,1.0,1,20,0,0,0,0,0,1,0,,Home,사직 야구장,17:00,21.3
김원중,2024,Lotte,2024-05-22,vs. Kia,RP,SV,9.0,4.0,1,30,1,1,2,0,0,2,0,,Home,사직 야구장,18:30,19.8
김원중,2024,Lotte,2024-05-19,@ Doosan,RP,,0.0,0.0,2,22,0,0,0,0,1,0,0,,Away,잠실 야구장,14:00,26.8
김원중,2024,Lotte,2024-05-17,@ Doosan,RP,,9.0,2.0,1,17,1,1,1,0,1,1,0,,Away,잠실 야구장,18:30,23.3
김원중,2024,Lotte,2024-05-16,@ KT,RP,SV,0.0,0.0,1,16,0,0,0,0,2,0,0,,Away,수원 KT 위즈파크,18:30,18.5
김원중,2024,Lotte,2024-05-08,vs. Hanwha,RP,SV,0.0,0.75,1 ⅓,27,0,0,1,0,1,0,0,,Home,사직 야구장,18:30,14.3
김원중,2024,Lotte,2024-05-03,@ Samsung,RP,SV,9.0,3.0,1,29,1,1,1,1,1,2,0,,Away,대구 삼성 라이온즈 파크,18:30,20.0
김원중,2024,Lotte,2024-05-02,vs. Kiwoom,RP,SV,0.0,0.0,1,10,0,0,0,0,0,0,0,,Home,사직 야구장,18:30,16.2
김원중,2024,Lotte,2024-04-25,vs. SSG,RP,SV,0.0,0.0,1 ⅓,11,0,0,0,0,3,0,0,,Home,사직 야구장,18:30,17.6
김원중,2024,Lotte,2024-04-21,vs. KT,RP,,18.0,4.0,1,26,2,2,3,0,0,1,0,,Home,사직 야구장,14:00,17.6
김원중,2024,Lotte,2024-04-21,vs. KT,RP,,0.0,0.0,1,12,0,0,0,0,1,0,0,,Home,사직 야구장,14:00,17.6
김원중,2024,Lotte,2024-04-19,vs. KT,RP,SV,0.0,0.0,1,14,0,0,0,0,2,0,0,,Home,사직 야구장,18:30,18.6
김원중,2024,Lotte,2024-04-17,@ LG,RP,L,27.0,9.0,0 ⅓,18,1,1,1,0,0,2,0,,Away,잠실 야구장,18:30,19.0
김원중,2024,Lotte,2024-04-10,vs. Samsung,RP,,0.0,3.0,1 ⅓,32,0,0,3,0,2,1,1,,Home,사직 야구장,18:30,13.1
김원중,2024,Lotte,2024-04-07,vs. Doosan,RP,,0.0,0.0,1,14,0,0,0,0,0,0,0,,Home,사직 야구장,14:00,20.5
김원중,2024,Lotte,2024-04-06,vs. Doosan,RP,,0.0,0.0,1,12,0,0,0,0,2,0,0,,Home,사직 야구장,17:00,18.4
김원중,2024,Lotte,2024-04-02,@ Hanwha,RP,SV,0.0,4.0,1,18,0,0,1,0,1,3,0,,Away,대전 한화생명 볼파크,18:30,22.9
김원중,2024,Lotte,2024-03-31,vs. NC,RP,,0.0,1.0,2,28,0,0,1,0,3,1,0,,Home,사직 야구장,14:00,15.1
김원중,2024,Lotte,2024-03-29,vs. NC,RP,SV,0.0,0.75,1 ⅓,21,0,0,1,0,3,0,0,,Home,사직 야구장,18:30,14.7
김원중,2024,Lotte,2024-03-24,@ SSG,RP,L,0.0,,0,3,1,1,1,1,0,0,0,,Away,인천 SSG 랜더스필드,14:00,20.3
김원중,2023,Lotte,2023-10-16,@ Hanwha,RP,,0.0,0.0,1,15,0,0,0,0,2,0,0,,Away,대전 한화생명 볼파크,18:30,15.7
김원중,2023,Lotte,2023-10-11,vs. Doosan,RP,,0.0,0.0,1,12,0,0,0,0,1,0,0,,Home,사직 야구장,18:30,19.8
김원중,2023,Lotte,2023-10-07,@ Doosan,RP,SV,0.0,3.0,1,29,0,0,1,0,1,2,0,,Away,잠실 야구장,17:00,20.6
김원중,2023,Lotte,2023-10-04,vs. LG,RP,L,18.0,3.0,1,32,2,2,3,0,2,0,0,,Home,사직 야구장,18:30,22.8
김원중,2023,Lotte,2023-10-01,vs. Samsung,RP,SV,0.0,0.0,1,12,0,0,0,0,0,0,0,,Home,사직 야구장,14:00,25.3
김원중,2023,Lotte,2023-09-28,vs. Hanwha,RP,SV,0.0,0.0,1,10,0,0,0,0,2,0,0,,Home,사직 야구장,18:30,27.1
김원중,2023,Lotte,2023-09-22,@ SSG,RP,SV,0.0,1.0,1,23,0,0,0,0,2,1,0,,Away,인천 SSG 랜더스필드,18:30,23.9
김원중,2023,Lotte,2023-09-19,vs. Kiwoom,RP,L,0.0,,0,14,3,3,3,0,0,0,0,,Home,사직 야구장,18:30,27.8
김원중,2023,Lotte,2023-09-17,@ Samsung,RP,,9.0,1.0,1,14,1,1,1,1,0,0,0,,Away,대구 삼성 라이온즈 파크,14:00,27.2
김원중,2023,Lotte,2023-09-15,vs. Kiwoom,RP,,0.0,1.0,1,12,0,0,1,0,2,0,0,,Home,사직 야구장,18:30,27.5
김원중,2023,Lotte,2023-09-09,@ NC,RP,SV,0.0,1.0,1,20,0,0,0,0,1,1,0,,Away,창원 NC 파크,17:00,26.9
김원중,2023,Lotte,2023-09-07,vs. Samsung,RP,,0.0,0.0,1,11,0,0,0,0,1,0,0,,Home,사직 야구장,18:30,26.6
김원중,2023,Lotte,2023-09-04,vs. Doosan,RP,SV,0.0,2.0,1,28,0,0,1,0,2,1,0,,Home,사직 야구장,18:30,29.8
김원중,2023,Lotte,2023-08-31,@ Hanwha,RP,SV,0.0,0.0,1,16,0,0,0,0,2,0,0,,Away,대전 한화생명 볼파크,18:30,26.1
김원중,2023,Lotte,2023-08-27,vs. KT,RP,,0.0,2.0,1,17,0,0,2,0,2,0,1,,Home,사직 야구장,17:00,30.3
김원중,2023,Lotte,2023-08-26,vs. KT,RP,L,0.0,3.0,1 ⅓,28,2,0,3,0,1,1,0,,Home,사직 야구장,18:00,29.1
김원중,2023,Lotte,2023-08-20,@ Kiwoom,RP,,0.0,0.0,0 ⅔,14,0,0,0,0,1,0,1,,Away,고척 스카이돔,14:00,25.5
김원중,2023,Lotte,2023-08-16,vs. SSG,RP,SV,0.0,1.0,1,16,0,0,1,0,1,0,0,,Home,사직 야구장,18:30,27.6
김원중,2023,Lotte,2023-08-15,vs. SSG,RP,SV,0.0,0.0,0 ⅔,6,0,0,0,0,0,0,0,,Home,사직 야구장,18:30,30.0
김원중,2023,Lotte,2023-08-13,vs. Kia,RP,,0.0,0.0,1,15,0,0,0,0,1,0,0,,Home,사직 야구장,17:00,29.6
김원중,2023,Lotte,2023-08-10,@ Kiwoom,RP,SV,0.0,0.0,0 ⅔,9,0,0,0,0,1,0,0,,Away,고척 스카이돔,18:30,25.5
김원중,2023,Lotte,2023-08-08,@ Kiwoom,RP,SV,0.0,0.0,1,15,0,0,0,0,2,0,0,,Away,고척 스카이돔,18:30,25.5
김원중,2023,Lotte,2023-08-06,vs. SSG,RP,SV,0.0,1.0,1,20,0,0,0,0,1,1,0,,Home,사직 야구장,17:00,33.0
김원중,2023,Lotte,2023-08-05,vs. SSG,RP,L,20.25,2.25,1 ⅓,28,3,3,2,0,3,1,0,,Home,사직 야구장,18:00,31.9
김원중,2023,Lotte,2023-08-02,vs. NC,RP,SV,0.0,1.0,1,13,0,0,1,0,2,0,0,,Home,사직 야구장,18:30,31.8
김원중,2023,Lotte,2023-08-01,vs. NC,RP,,0.0,0.5,2,29,0,0,1,0,2,0,0,,Home,사직 야구장,18:30,30.7
김원중,2023,Lotte,2023-07-23,vs. Kiwoom,RP,L,4.5,1.5,2,35,1,1,2,0,4,1,0,,Home,사직 야구장,17:00,28.9
김원중,2023,Lotte,2023-07-21,vs. Kiwoom,RP,SV,0.0,0.0,1,10,0,0,0,0,2,0,0,,Home,사직 야구장,18:30,27.6
김원중,2023,Lotte,2023-07-09,vs. LG,RP,SV,0.0,0.0,1,10,0,0,0,0,2,0,0,,Home,사직 야구장,17:00,28.2
김원중,2023,Lotte,2023-07-06,@ Hanwha,RP,SV,0.0,2.0,1,17,0,0,0,0,1,2,0,,Away,대전 한화생명 볼파크,18:30,28.6
김원중,2023,Lotte,2023-06-30,vs. Doosan,RP,W,0.0,1.5,2,36,0,0,2,0,0,1,0,,Home,사직 야구장,18:30,25.6
김원중,2023,Lotte,2023-06-28,vs. Samsung,RP,SV,0.0,0.0,1,12,0,0,0,0,1,0,0,,Home,사직 야구장,18:30,26.3
김원중,2023,Lotte,2023-06-27,vs. Samsung,RP,W,0.0,0.0,1,10,0,0,0,0,2,0,0,,Home,사직 야구장,18:30,26.3
김원중,2023,Lotte,2023-06-25,@ LG,RP,,0.0,3.0,0 ⅔,12,1,0,2,0,1,0,1,,Away,잠실 야구장,17:00,31.2
김원중,2023,Lotte,2023-06-23,@ LG,RP,SV,0.0,1.0,1,10,0,0,1,0,0,0,0,,Away,잠실 야구장,18:30,29.5
김원중,2023,Lotte,2023-06-17,@ SSG,RP,,0.0,,0,16,2,2,2,0,0,2,0,,Away,인천 SSG 랜더스필드,17:00,24.7
김원중,2023,Lotte,2023-06-15,vs. Hanwha,RP,,0.0,0.0,1,12,0,0,0,0,0,0,1,,Home,사직 야구장,18:30,23.9
김원중,2023,Lotte,2023-06-11,@ Samsung,RP,,0.0,0.0,1,12,0,0,0,0,2,0,0,,Away,대구 삼성 라이온즈 파크,17:00,24.5
김원중,2023,Lotte,2023-06-08,vs. KT,RP,,9.0,4.0,1,28,1,1,2,0,1,2,0,,Home,사직 야구장,18:30,24.1
김원중,2023,Lotte,2023-06-07,vs. KT,RP,,0.0,2.0,1,26,0,0,1,0,1,1,0,,Home,사직 야구장,18:30,22.9
김원중,2023,Lotte,2023-06-03,vs. Kia,RP,W,0.0,0.75,1 ⅓,21,0,0,0,0,2,1,0,,Home,사직 야구장,17:00,22.6
김원중,2023,Lotte,2023-05-27,@ Kiwoom,RP,SV,27.0,6.0,0 ⅓,14,1,1,1,0,0,1,1,,Away,고척 스카이돔,17:00,25.5
김원중,2023,Lotte,2023-05-26,@ Kiwoom,RP,SV,0.0,1.0,1,11,0,0,0,0,0,1,0,,Away,고척 스카이돔,18:30,25.5
김원중,2023,Lotte,2023-05-23,vs. NC,RP,SV,0.0,1.0,1,16,0,0,1,0,1,0,0,,Home,사직 야구장,18:30,19.5
김원중,2023,Lotte,2023-05-19,vs. SSG,RP,SV,0.0,0.0,0 ⅔,7,0,0,0,0,2,0,0,,Home,사직 야구장,18:30,20.6
김원중,2023,Lotte,2023-05-16,@ Hanwha,RP,W,0.0,1.5,1 ⅓,30,0,0,2,0,3,0,0,,Away,대전 한화생명 볼파크,18:30,29.3
김원중,2023,Lotte,2023-05-12,@ KT,RP,,0.0,1.0,1,14,0,0,1,0,2,0,0,,Away,수원 KT 위즈파크,18:30,22.3
김원중,2023,Lotte,2023-05-11,vs. Doosan,RP,,0.0,1.0,1,22,0,0,0,0,1,1,0,,Home,사직 야구장,18:30,19.5
김원중,2023,Lotte,2023-05-10,vs. Doosan,RP,SV,0.0,0.0,1,8,0,0,0,0,0,0,0,,Home,사직 야구장,18:30,19.1
김원중,2023,Lotte,2023-05-02,@ Kia,RP,,9.0,3.0,1,26,1,1,2,0,0,1,0,,Away,광주 기아 챔피언스 필드,18:30,22.3
김원중,2023,Lotte,2023-04-30,vs. Kiwoom,RP,SV,0.0,0.0,1,10,0,0,0,0,1,0,0,,Home,사직 야구장,14:00,17.9
김원중,2023,Lotte,2023-04-28,vs. Kiwoom,RP,SV,0.0,1.0,1,20,0,0,1,0,2,0,0,,Home,사직 야구장,18:30,18.1
김원중,2023,Lotte,2023-04-27,vs. Hanwha,RP,SV,0.0,0.0,1,13,0,0,0,0,1,0,0,,Home,사직 야구장,18:30,16.8
김원중,2023,Lotte,2023-04-22,@ NC,RP,,0.0,1.0,1,12,0,0,1,0,2,0,0,,Away,창원 NC 파크,17:00,17.3
김원중,2023,Lotte,2023-04-21,@ NC,RP,W,0.0,1.0,1,11,0,0,1,0,0,0,0,,Away,창원 NC 파크,18:30,18.2
김원중,2023,Lotte,2023-04-20,vs. Kia,RP,SV,0.0,0.0,1 ⅓,10,0,0,0,0,0,0,0,,Home,사직 야구장,18:30,19.8
김원중,2023,Lotte,2023-04-18,vs. Kia,RP,SV,0.0,1.5,1 ⅓,28,0,0,1,0,4,1,0,,Home,사직 야구장,18:30,18.3
김원중,2023,Lotte,2023-04-15,@ Samsung,RP,,0.0,0.0,1,9,0,0,0,0,2,0,0,,Away,대구 삼성 라이온즈 파크,17:00,15.8
김원중,2023,Lotte,2023-04-12,vs. LG,RP,L,81.0,12.0,0 ⅓,23,3,3,4,1,1,0,0,,Home,사직 야구장,18:30,15.2
김원중,2023,Lotte,2023-04-11,vs. LG,RP,SV,0.0,0.75,1 ⅓,24,0,0,1,0,4,0,0,,Home,사직 야구장,18:30,17.6
김원중,2023,Lotte,2023-04-09,vs. KT,RP,,27.0,4.0,1,19,3,3,3,0,2,1,0,,Home,사직 야구장,14:00,17.2
김원중,2023,Lotte,2023-04-02,@ Doosan,RP,SV,0.0,1.0,1,14,0,0,0,0,0,1,0,,Away,잠실 야구장,14:00,24.3
김원중,2023,Lotte,2023-04-01,@ Doosan,RP,,0.0,0.0,1 ⅓,18,0,0,0,0,0,0,0,,Away,잠실 야구장,14:00,25.0
김원중,2022,Lotte,2022-10-08,vs. LG,RP,SV,0.0,1.0,1,14,0,0,1,0,1,0,0,,Home,사직 야구장,17:00,18.9
김원중,2022,Lotte,2022-10-02,vs. Doosan,RP,SV,0.0,1.0,1,20,0,0,1,0,2,0,0,,Home,사직 야구장,14:00,27.5
김원중,2022,Lotte,2022-09-30,@ Hanwha,RP,SV,0.0,1.5,1 ⅓,28,1,0,1,0,3,1,0,,Away,대전 한화생명 볼파크,18:30,22.7
김원중,2022,Lotte,2022-09-20,@ Hanwha,RP,SV,0.0,1.0,1,19,1,0,1,0,1,0,0,,Away,대전 한화생명 볼파크,18:30,20.7
김원중,2022,Lotte,2022-09-17,@ KT,RP,SV,0.0,1.0,1,21,0,0,1,0,2,0,0,,Away,수원 KT 위즈파크,17:00,29.8
김원중,2022,Lotte,2022-09-15,vs. Kiwoom,RP,SV,0.0,0.0,1,10,0,0,0,0,1,0,0,,Home,사직 야구장,18:30,26.1
김원중,2022,Lotte,2022-09-08,@ Samsung,RP,SV,0.0,0.0,1,13,0,0,0,0,2,0,0,,Away,대구 삼성 라이온즈 파크,18:30,25.2
김원중,2022,Lotte,2022-09-06,vs. Kia,RP,SV,0.0,0.0,1,15,0,0,0,0,1,0,0,,Home,사직 야구장,18:30,26.9
김원중,2022,Lotte,2022-09-01,@ Doosan,RP,L,27.0,4.5,0 ⅔,21,2,2,3,0,2,0,0,,Away,잠실 야구장,18:30,27.8
김원중,2022,Lotte,2022-08-28,@ SSG,RP,SV,0.0,2.0,1,18,0,0,1,0,1,1,0,,Away,인천 SSG 랜더스필드,17:00,25.7
김원중,2022,Lotte,2022-08-24,@ NC,RP,SV,9.0,1.0,1,20,1,1,1,1,1,0,0,,Away,창원 NC 파크,18:30,23.9
김원중,2022,Lotte,2022-08-19,vs. KT,RP,,0.0,0.0,1,9,0,0,0,0,1,0,0,,Home,사직 야구장,18:30,30.3
김원중,2022,Lotte,2022-08-18,vs. KT,RP,SV,0.0,0.0,1,14,0,0,0,0,2,0,0,,Home,사직 야구장,18:30,28.1
김원중,2022,Lotte,2022-08-17,vs. Doosan,RP,SV,0.0,1.0,1,18,0,0,1,0,2,0,0,,Home,사직 야구장,18:30,26.6
김원중,2022,Lotte,2022-08-14,@ Kia,RP,,0.0,0.0,1,13,0,0,0,0,2,0,0,,Away,광주 기아 챔피언스 필드,17:00,33.7
김원중,2022,Lotte,2022-08-13,@ Kia,RP,,0.0,0.0,1,10,0,0,0,0,1,0,0,,Away,광주 기아 챔피언스 필드,18:00,32.3
김원중,2022,Lotte,2022-08-02,vs. LG,RP,SV,0.0,1.0,1,8,0,0,0,0,0,1,0,,Home,사직 야구장,18:30,30.4
김원중,2022,Lotte,2022-07-30,@ Samsung,RP,,27.0,5.0,1,32,3,3,5,0,1,0,0,,Away,대구 삼성 라이온즈 파크,18:00,30.2
김원중,2022,Lotte,2022-07-29,@ Samsung,RP,,0.0,3.0,1,21,0,0,1,0,0,2,0,,Away,대구 삼성 라이온즈 파크,18:30,31.9
김원중,2022,Lotte,2022-07-24,vs. Kia,RP,,0.0,0.0,1,9,0,0,0,0,2,0,0,,Home,사직 야구장,17:00,28.3
김원중,2022,Lotte,2022-07-14,vs. Hanwha,RP,SV,0.0,1.0,1,17,0,0,1,0,2,0,0,,Home,사직 야구장,18:30,29.6
김원중,2022,Lotte,2022-07-13,vs. Hanwha,RP,SV,0.0,0.0,1,10,0,0,0,0,2,0,0,,Home,사직 야구장,18:30,27.1
김원중,2022,Lotte,2022-07-12,vs. Hanwha,RP,SV,0.0,0.0,1,14,0,0,0,0,2,0,0,,Home,사직 야구장,18:30,26.7
김원중,2022,Lotte,2022-07-05,@ SSG,RP,L,13.5,1.5,0 ⅔,14,1,1,1,1,1,0,0,,Away,인천 SSG 랜더스필드,18:30,30.1
김원중,2022,Lotte,2022-06-30,vs. Doosan,RP,,0.0,1.0,1,11,0,0,1,0,1,0,0,,Home,사직 야구장,18:30,29.0
김원중,2022,Lotte,2022-06-26,vs. Kiwoom,RP,,0.0,0.0,1,12,0,0,0,0,1,0,0,,Home,사직 야구장,17:00,27.3
김원중,2022,Lotte,2022-06-24,vs. Kiwoom,RP,SV,0.0,0.75,1 ⅓,27,0,0,0,0,4,1,0,,Home,사직 야구장,18:30,26.6
김원중,2022,Lotte,2022-06-22,@ Kia,RP,,0.0,1.0,2,32,0,0,2,0,3,0,0,,Away,광주 기아 챔피언스 필드,18:30,32.2
김원중,2022,Lotte,2022-06-18,vs. SSG,RP,,9.0,3.0,1,18,1,1,2,1,1,1,0,,Home,사직 야구장,17:00,27.6
김원중,2022,Lotte,2022-06-16,@ Hanwha,RP,H,0.0,3.0,0 ⅔,14,0,0,1,0,2,1,0,,Away,대전 한화생명 볼파크,18:30,25.6
김원중,2022,Lotte,2022-06-10,vs. KT,RP,,27.0,4.0,1,27,3,3,3,0,2,1,0,,Home,사직 야구장,18:30,22.4
김원중,2022,Lotte,2022-06-09,vs. Samsung,RP,H,0.0,1.0,1,19,0,0,1,0,2,0,0,,Home,사직 야구장,18:30,21.8
김원중,2022,Lotte,2022-05-26,@ SSG,RP,,0.0,6.0,0 ⅓,18,0,0,0,0,0,2,0,,Away,인천 SSG 랜더스필드,18:30,18.1
김원중,2022,Lotte,2022-05-22,@ Doosan,RP,W,6.75,1.5,1 ⅓,19,1,1,1,0,0,1,0,,Away,잠실 야구장,14:00,25.0
김원중,2022,Lotte,2022-05-20,@ Doosan,RP,,0.0,0.0,0 ⅓,3,0,0,0,0,0,0,0,,Away,잠실 야구장,18:30,24.4
김원중,2022,Lotte,2022-05-18,vs. Kia,RP,L,27.0,3.0,1,16,3,3,2,1,0,1,0,,Home,사직 야구장,18:30,20.6
김원중,2022,Lotte,2022-05-17,vs. Kia,RP,,0.0,0.0,1,14,0,0,0,0,1,0,0,,Home,사직 야구장,18:30,20.4
김원중,2022,Lotte,2022-05-14,@ Hanwha,RP,,9.0,3.0,1,26,1,1,2,0,3,1,0,,Away,대전 한화생명 볼파크,17:00,20.6
김원중,2022,Lotte,2022-05-11,vs. NC,RP,W,9.0,3.0,1,27,1,1,2,0,1,1,0,,Home,사직 야구장,18:30,19.4
김원중,2022,Lotte,2022-05-08,vs. Samsung,RP,,0.0,1.5,1 ⅓,29,0,0,1,0,2,1,0,,Home,사직 야구장,14:00,19.1
김원중,2022,Lotte,2022-05-05,@ KT,RP,,18.0,3.0,1,22,2,2,3,0,1,0,0,,Away,수원 KT 위즈파크,14:00,23.9
김원중,2022,Lotte,2022-05-04,@ KT,RP,,0.0,0.0,1,12,0,0,0,0,1,0,0,,Away,수원 KT 위즈파크,18:30,21.5
김원중,2022,Lotte,2022-05-01,@ LG,RP,,0.0,0.0,1,13,0,0,0,0,0,0,0,,Away,잠실 야구장,14:00,18.5
김원중,2021,Lotte,2021-10-30,vs. LG,RP,SV,0.0,0.0,1,16,0,0,0,0,1,0,0,,Home,사직 야구장,17:00,17.9
김원중,2021,Lotte,2021-10-24,vs. Hanwha,RP,SV,0.0,1.0,1,20,0,0,0,0,1,1,0,,Home,사직 야구장,14:00,20.1
김원중,2021,Lotte,2021-10-23,vs. Hanwha,RP,,0.0,1.0,1,17,0,0,1,0,0,0,1,,Home,사직 야구장,17:00,17.2
김원중,2021,Lotte,2021-10-22,vs. Hanwha,RP,W,0.0,1.0,1,24,0,0,0,0,3,1,0,,Home,사직 야구장,18:30,14.6
김원중,2021,Lotte,2021-10-17,vs. SSG,RP,SV,0.0,2.0,1,26,0,0,0,0,0,2,0,,Home,사직 야구장,14:00,15.9
김원중,2021,Lotte,2021-10-15,vs. LG,RP,SV,0.0,1.0,1,17,0,0,1,0,0,0,1,,Home,사직 야구장,18:30,22.0
김원중,2021,Lotte,2021-10-13,vs. LG,RP,,0.0,0.0,1,9,0,0,0,0,1,0,0,,Home,사직 야구장,18:30,20.2
김원중,2021,Lotte,2021-10-01,vs. KT,RP,SV,0.0,3.0,1,16,0,0,1,0,1,2,0,,Home,사직 야구장,18:30,23.1
김원중,2021,Lotte,2021-10-01,vs. KT,RP,SV,0.0,0.0,1,18,0,0,0,0,2,0,0,,Home,사직 야구장,18:30,23.1
김원중,2021,Lotte,2021-09-30,vs. KT,RP,SV,0.0,0.0,0 ⅔,4,0,0,0,0,0,0,0,,Home,사직 야구장,18:30,24.9
김원중,2021,Lotte,2021-09-24,@ SSG,RP,,0.0,0.0,1 ⅓,17,0,0,0,0,2,0,0,,Away,인천 SSG 랜더스필드,18:30,24.3
김원중,2021,Lotte,2021-09-23,@ SSG,RP,L,13.5,3.0,0 ⅔,20,1,1,2,0,0,0,0,,Away,인천 SSG 랜더스필드,18:30,23.4
김원중,2021,Lotte,2021-09-19,@ Hanwha,RP,SV,0.0,0.0,1,16,0,0,0,0,3,0,0,,Away,대전 한화생명 볼파크,14:00,27.0
김원중,2021,Lotte,2021-09-17,@ KT,RP,SV,0.0,1.0,1,15,0,0,1,0,2,0,0,,Away,수원 KT 위즈파크,18:30,26.2
김원중,2021,Lotte,2021-09-15,@ Kia,RP,SV,0.0,1.0,1,21,0,0,0,0,1,1,0,,Away,광주 기아 챔피언스 필드,18:30,26.9
김원중,2021,Lotte,2021-09-14,@ Kia,RP,,27.0,3.0,1,18,3,3,2,1,1,1,0,,Away,광주 기아 챔피언스 필드,18:30,25.3
김원중,2021,Lotte,2021-09-12,vs. Kiwoom,RP,SV,0.0,1.0,1,16,0,0,0,0,1,1,0,,Home,사직 야구장,14:00,29.1
김원중,2021,Lotte,2021-09-10,vs. SSG,RP,SV,18.0,2.0,1,24,2,2,1,1,2,1,0,,Home,사직 야구장,18:30,24.4
김원중,2021,Lotte,2021-09-08,@ Samsung,RP,SV,0.0,2.0,1,22,0,0,1,0,1,1,0,,Away,대구 삼성 라이온즈 파크,18:30,26.4
김원중,2021,Lotte,2021-09-07,@ Samsung,RP,SV,0.0,2.0,1,16,0,0,1,0,1,1,0,,Away,대구 삼성 라이온즈 파크,18:30,28.4
김원중,2021,Lotte,2021-09-03,vs. Hanwha,RP,SV,0.0,0.0,1,14,0,0,0,0,3,0,0,,Home,사직 야구장,18:30,24.4
김원중,2021,Lotte,2021-09-03,vs. Hanwha,RP,SV,0.0,2.0,1,23,0,0,1,0,2,1,0,,Home,사직 야구장,18:30,24.4
김원중,2021,Lotte,2021-08-26,@ Kia,RP,,0.0,1.0,1,16,0,0,1,0,0,0,0,,Away,광주 기아 챔피언스 필드,18:30,30.3
김원중,2021,Lotte,2021-08-18,vs. Kiwoom,RP,SV,0.0,0.0,1,6,0,0,0,0,1,0,0,,Home,사직 야구장,18:30,26.3
김원중,2021,Lotte,2021-08-17,vs. Kiwoom,RP,SV,0.0,1.0,1,12,0,0,0,0,0,1,0,,Home,사직 야구장,18:30,26.5
김원중,2021,Lotte,2021-08-14,@ LG,RP,SV,0.0,1.0,1,6,0,0,1,0,0,0,0,,Away,잠실 야구장,18:00,28.6
김원중,2021,Lotte,2021-08-13,@ LG,RP,SV,0.0,0.0,1,10,0,0,0,0,1,0,0,,Away,잠실 야구장,18:30,29.6
김원중,2021,Lotte,2021-08-11,@ NC,RP,SV,0.0,1.0,1,13,0,0,1,0,1,0,0,,Away,창원 NC 파크,18:30,27.2
김원중,2021,Lotte,2021-08-10,@ NC,RP,SV,0.0,0.0,1,16,0,0,0,0,2,0,0,,Away,창원 NC 파크,18:30,28.8
김원중,2021,Lotte,2021-07-11,@ Samsung,RP,,0.0,1.5,0 ⅔,13,0,0,0,0,0,1,0,,Away,대구 삼성 라이온즈 파크,17:00,29.8
김원중,2021,Lotte,2021-07-09,@ Samsung,RP,,27.0,4.0,1,23,3,3,3,1,0,1,1,,Away,대구 삼성 라이온즈 파크,18:30,28.5
김원중,2021,Lotte,2021-07-04,@ SSG,RP,SV,0.0,0.0,1,11,0,0,0,0,1,0,0,,Away,인천 SSG 랜더스필드,17:00,22.7
김원중,2021,Lotte,2021-07-02,@ SSG,RP,W,0.0,1.5,2,35,0,0,1,0,1,2,0,,Away,인천 SSG 랜더스필드,18:30,29.0
김원중,2021,Lotte,2021-06-27,@ Doosan,RP,SV,18.0,4.0,1,19,2,2,4,0,1,0,0,,Away,잠실 야구장,17:00,29.6
김원중,2021,Lotte,2021-06-26,@ Doosan,RP,SV,0.0,1.0,1,20,0,0,0,0,1,1,0,,Away,잠실 야구장,17:00,26.9
김원중,2021,Lotte,2021-06-20,vs. Samsung,RP,SV,0.0,2.25,1 ⅓,33,1,0,2,0,1,1,0,,Home,사직 야구장,17:00,25.7
김원중,2021,Lotte,2021-06-18,vs. Samsung,RP,SV,0.0,0.0,1,8,0,0,0,0,2,0,0,,Home,사직 야구장,18:30,23.2
김원중,2021,Lotte,2021-06-17,@ Hanwha,RP,,0.0,2.0,1,23,0,0,2,0,3,0,0,,Away,대전 한화생명 볼파크,18:30,25.4
김원중,2021,Lotte,2021-06-13,vs. Kia,RP,,18.0,5.0,1,33,2,2,3,0,1,2,0,,Home,사직 야구장,17:00,27.2
김원중,2021,Lotte,2021-06-10,vs. Doosan,RP,W,27.0,4.0,1,13,3,3,4,0,0,0,0,,Home,사직 야구장,18:30,24.6
김원중,2021,Lotte,2021-06-06,@ KT,RP,W,0.0,0.5,2,32,0,0,0,0,2,1,0,,Away,수원 KT 위즈파크,17:00,27.2
김원중,2021,Lotte,2021-06-02,@ Kiwoom,RP,SV,0.0,0.0,1,11,0,0,0,0,1,0,0,,Away,고척 스카이돔,18:30,25.5
김원중,2021,Lotte,2021-06-01,@ Kiwoom,RP,SV,0.0,0.0,1,8,0,0,0,0,0,0,0,,Away,고척 스카이돔,18:30,25.5
김원중,2021,Lotte,2021-05-30,vs. NC,RP,,0.0,1.0,1,19,0,0,0,0,1,1,0,,Home,사직 야구장,14:00,23.5
김원중,2021,Lotte,2021-05-29,vs. NC,RP,,18.0,3.0,1,24,2,2,3,1,1,0,0,,Home,사직 야구장,17:00,22.0
김원중,2021,Lotte,2021-05-26,vs. LG,RP,L,18.0,3.0,1,13,2,2,2,0,0,1,0,,Home,사직 야구장,18:30,18.7
김원중,2021,Lotte,2021-05-22,@ Doosan,RP,,0.0,0.0,1,13,0,0,0,0,1,0,0,,Away,잠실 야구장,17:00,23.3
김원중,2021,Lotte,2021-05-18,@ Hanwha,RP,SV,0.0,1.0,1,14,0,0,1,0,2,0,0,,Away,대전 한화생명 볼파크,18:30,23.8
김원중,2021,Lotte,2021-05-13,vs. SSG,RP,SV,0.0,0.0,1,16,0,0,0,0,2,0,0,,Home,사직 야구장,18:30,19.8
김원중,2021,Lotte,2021-05-11,vs. SSG,RP,L,36.0,4.0,1,18,4,4,3,2,2,1,0,,Home,사직 야구장,18:30,17.2
김원중,2021,Lotte,2021-05-08,@ Samsung,RP,SV,0.0,2.0,1,12,0,0,2,0,0,0,0,,Away,대구 삼성 라이온즈 파크,17:00,18.1
김원중,2021,Lotte,2021-05-02,vs. Hanwha,RP,,0.0,0.0,0 ⅓,7,0,0,0,0,1,0,0,,Home,사직 야구장,14:00,14.1
김원중,2021,Lotte,2021-04-29,@ LG,RP,,0.0,3.0,0 ⅓,4,0,0,1,0,0,0,0,,Away,잠실 야구장,18:30,18.7
김원중,2021,Lotte,2021-04-28,@ LG,RP,SV,0.0,0.0,1,14,0,0,0,0,1,0,0,,Away,잠실 야구장,18:30,17.2
김원중,2021,Lotte,2021-04-25,@ KT,RP,L,9.0,4.0,1,27,1,1,2,0,1,2,0,,Away,수원 KT 위즈파크,14:00,22.5
김원중,2021,Lotte,2021-04-24,@ KT,RP,SV,0.0,0.0,1,9,0,0,0,0,0,0,0,,Away,수원 KT 위즈파크,17:00,22.8
김원중,2021,Lotte,2021-04-21,vs. Doosan,RP,SV,0.0,0.0,1 ⅓,18,0,0,0,0,2,0,0,,Home,사직 야구장,18:30,20.4
김원중,2021,Lotte,2021-04-14,@ Kia,RP,,0.0,0.0,2,26,0,0,0,0,2,0,0,,Away,광주 기아 챔피언스 필드,18:30,13.8
김원중,2021,Lotte,2021-04-11,vs. Kiwoom,RP,,0.0,1.0,1,16,0,0,1,0,0,0,0,,Home,사직 야구장,14:00,18.4
김원중,2021,Lotte,2021-04-08,@ NC,RP,,0.0,0.0,1,10,0,0,0,0,1,0,0,,Away,창원 NC 파크,18:30,13.9
김원중,2021,Lotte,2021-04-06,@ NC,RP,,0.0,1.0,1,17,0,0,1,0,0,0,0,,Away,창원 NC 파크,18:30,16.7
김원중,2020,Lotte,2020-10-30,vs. Kia,RP,,0.0,0.0,1,9,0,0,0,0,1,0,0,,Home,사직 야구장,18:30,14.4
김원중,2020,Lotte,2020-10-27,vs. SK,RP,W,0.0,0.0,1,8,0,0,0,0,0,0,0,,Home,사직 야구장,18:30,17.4
김원중,2020,Lotte,2020-10-23,@ SK,RP,SV,0.0,1.0,1,12,0,0,1,0,1,0,0,,Away,인천 SSG 랜더스필드,18:30,10.3
김원중,2020,Lotte,2020-10-22,@ SK,RP,L,27.0,5.0,1,27,3,3,4,0,2,1,0,,Away,인천 SSG 랜더스필드,18:30,13.1
김원중,2020,Lotte,2020-10-16,@ NC,RP,,0.0,1.5,0 ⅔,11,0,0,0,0,1,1,0,,Away,창원 NC 파크,18:30,15.1
김원중,2020,Lotte,2020-10-14,vs. LG,RP,SV,0.0,1.0,1,14,0,0,1,0,2,0,0,,Home,사직 야구장,18:30,18.2
김원중,2020,Lotte,2020-10-10,@ Samsung,RP,SV,0.0,0.0,1,14,0,0,0,0,1,0,0,,Away,대구 삼성 라이온즈 파크,17:00,19.4
김원중,2020,Lotte,2020-10-09,@ Samsung,RP,L,108.0,12.0,0 ⅓,14,4,4,2,1,1,2,0,,Away,대구 삼성 라이온즈 파크,18:30,19.2
김원중,2020,Lotte,2020-10-06,vs. KT,RP,SV,6.75,3.0,1 ⅓,45,1,1,1,0,1,3,0,,Home,사직 야구장,18:30,18.2
김원중,2020,Lotte,2020-10-02,vs. Hanwha,RP,SV,0.0,1.0,1,10,0,0,1,0,1,0,0,,Home,사직 야구장,18:30,21.9
김원중,2020,Lotte,2020-10-01,@ LG,RP,SV,0.0,0.75,1 ⅓,20,0,0,0,0,1,1,0,,Away,잠실 야구장,18:30,20.5
김원중,2020,Lotte,2020-09-29,@ LG,RP,SV,0.0,0.0,1,11,0,0,0,0,1,0,0,,Away,잠실 야구장,18:30,22.0
김원중,2020,Lotte,2020-09-27,@ Kia,RP,,0.0,1.2,1 ⅔,30,0,0,1,0,2,1,0,,Away,광주 기아 챔피언스 필드,14:00,24.3
김원중,2020,Lotte,2020-09-25,@ Hanwha,RP,,9.0,3.0,1,19,1,1,2,1,0,1,0,,Away,대전 한화생명 볼파크,18:30,23.6
김원중,2020,Lotte,2020-09-24,@ Hanwha,RP,,27.0,6.0,0 ⅓,1,1,1,1,0,0,1,0,,Away,대전 한화생명 볼파크,18:30,23.3
김원중,2020,Lotte,2020-09-20,vs. NC,RP,,9.0,1.0,1,17,1,1,1,1,2,0,0,,Home,사직 야구장,14:00,24.6
김원중,2020,Lotte,2020-09-19,vs. NC,RP,SV,0.0,0.0,0 ⅓,2,0,0,0,0,0,0,0,,Home,사직 야구장,17:00,23.5
김원중,2020,Lotte,2020-09-18,@ LG,RP,SV,0.0,0.0,1,15,0,0,0,0,2,0,0,,Away,잠실 야구장,18:30,23.9
김원중,2020,Lotte,2020-09-15,@ Kiwoom,RP,SV,0.0,2.0,1,26,0,0,1,0,3,1,0,,Away,고척 스카이돔,18:30,25.5
김원중,2020,Lotte,2020-09-09,@ NC,RP,W,13.5,3.0,2,43,3,3,5,0,1,1,0,,Away,창원 NC 파크,18:30,25.9
김원중,2020,Lotte,2020-09-04,vs. Kia,RP,,18.0,4.0,1,38,2,2,3,0,3,1,0,,Home,사직 야구장,18:30,26.7
김원중,2020,Lotte,2020-09-04,vs. Kia,RP,L,27.0,3.0,1,21,3,3,2,1,0,1,0,,Home,사직 야구장,18:30,26.7
김원중,2020,Lotte,2020-08-30,vs. Hanwha,RP,,0.0,0.0,1,15,0,0,0,0,1,0,0,,Home,사직 야구장,17:00,31.7
김원중,2020,Lotte,2020-08-29,vs. Hanwha,RP,SV,0.0,1.0,1,11,0,0,1,0,0,0,0,,Home,사직 야구장,18:00,30.9
김원중,2020,Lotte,2020-08-26,vs. SK,RP,SV,0.0,0.0,1,11,0,0,0,0,0,0,0,,Home,사직 야구장,18:30,30.9
김원중,2020,Lotte,2020-08-22,@ Samsung,RP,SV,0.0,1.0,1,19,0,0,1,0,1,0,0,,Away,대구 삼성 라이온즈 파크,18:00,28.5
김원중,2020,Lotte,2020-08-20,@ Doosan,RP,W,6.75,1.5,1 ⅓,19,1,1,2,0,3,0,0,,Away,잠실 야구장,18:30,31.0
김원중,2020,Lotte,2020-08-14,vs. Kiwoom,RP,,0.0,1.0,1,14,0,0,1,0,1,0,0,,Home,사직 야구장,18:30,30.4
김원중,2020,Lotte,2020-08-12,vs. NC,RP,,0.0,0.0,1,9,0,0,0,0,2,0,0,,Home,사직 야구장,18:30,29.6
김원중,2020,Lotte,2020-08-07,@ Doosan,RP,,0.0,1.0,1,11,0,0,1,0,0,0,0,,Away,잠실 야구장,18:30,27.2
김원중,2020,Lotte,2020-08-01,vs. Kia,RP,,0.0,1.0,1,17,0,0,0,0,1,1,0,,Home,사직 야구장,18:00,29.0
김원중,2020,Lotte,2020-07-28,vs. NC,RP,,13.5,1.5,0 ⅔,18,1,1,1,1,2,0,0,,Home,사직 야구장,18:30,24.9
김원중,2020,Lotte,2020-07-25,@ Kiwoom,RP,SV,0.0,1.0,1,15,0,0,0,0,0,1,0,,Away,고척 스카이돔,18:00,25.5
김원중,2020,Lotte,2020-07-24,@ Kiwoom,RP,SV,0.0,0.0,1,13,0,0,0,0,1,0,0,,Away,고척 스카이돔,18:30,25.5
김원중,2020,Lotte,2020-07-21,@ SK,RP,L,54.0,6.0,0 ⅓,15,2,2,1,1,0,1,0,,Away,인천 SSG 랜더스필드,18:30,26.6
김원중,2020,Lotte,2020-07-19,@ Samsung,RP,SV,0.0,1.5,1 ⅓,33,0,0,1,0,3,1,0,,Away,대구 삼성 라이온즈 파크,17:00,27.3
김원중,2020,Lotte,2020-07-11,vs. Doosan,RP,SV,0.0,2.0,1,21,2,0,2,1,0,0,0,,Home,사직 야구장,18:00,23.8
김원중,2020,Lotte,2020-07-09,@ Hanwha,RP,SV,0.0,1.5,1 ⅓,31,0,0,1,0,2,1,0,,Away,대전 한화생명 볼파크,18:30,30.6
김원중,2020,Lotte,2020-07-07,@ Hanwha,RP,,0.0,1.0,1,22,0,0,1,0,0,0,0,,Away,대전 한화생명 볼파크,18:30,28.9
김원중,2020,Lotte,2020-07-05,vs. SK,RP,,9.0,2.0,1,13,1,1,2,0,1,0,0,,Home,사직 야구장,17:00,24.9
김원중,2020,Lotte,2020-06-30,@ NC,RP,,0.0,0.5,2,22,0,0,1,0,2,0,0,,Away,창원 NC 파크,18:30,25.8
김원중,2020,Lotte,2020-06-28,vs. Samsung,RP,,0.0,0.0,1,13,0,0,0,0,1,0,0,,Home,사직 야구장,17:00,27.5
김원중,2020,Lotte,2020-06-26,vs. Samsung,RP,,0.0,1.0,1,9,0,0,1,0,0,0,0,,Home,사직 야구장,18:30,25.7
김원중,2020,Lotte,2020-06-16,@ Kiwoom,RP,SV,9.0,1.0,1,21,1,1,1,0,1,0,0,,Away,고척 스카이돔,18:30,25.5
김원중,2020,Lotte,2020-06-13,@ LG,RP,SV,0.0,2.0,1,11,0,0,2,0,1,0,0,,Away,잠실 야구장,17:00,30.7
김원중,2020,Lotte,2020-06-07,vs. KT,RP,SV,0.0,1.0,1,12,0,0,1,0,0,0,0,,Home,사직 야구장,17:00,23.2
김원중,2020,Lotte,2020-06-06,vs. KT,RP,W,0.0,0.0,1,11,0,0,0,0,0,0,0,,Home,사직 야구장,17:00,24.0
김원중,2020,Lotte,2020-06-05,vs. KT,RP,SV,0.0,0.0,1,11,0,0,0,0,1,0,0,,Home,사직 야구장,18:30,24.1
김원중,2020,Lotte,2020-05-30,@ Doosan,RP,,0.0,1.0,1,14,1,0,1,0,0,0,0,,Away,잠실 야구장,17:00,28.5
김원중,2020,Lotte,2020-05-26,vs. Samsung,RP,SV,0.0,1.0,1,8,0,0,1,0,0,0,0,,Home,사직 야구장,18:30,18.4
김원중,2020,Lotte,2020-05-24,vs. Kiwoom,RP,SV,0.0,3.0,1,26,0,0,1,0,1,2,0,,Home,사직 야구장,14:00,21.7
김원중,2020,Lotte,2020-05-22,vs. Kiwoom,RP,SV,0.0,0.0,1,10,0,0,0,0,0,0,0,,Home,사직 야구장,18:30,17.4
김원중,2020,Lotte,2020-05-17,@ Hanwha,RP,,0.0,0.75,1 ⅓,23,0,0,1,0,0,0,0,,Away,대전 한화생명 볼파크,14:00,26.3
김원중,2020,Lotte,2020-05-16,@ Hanwha,RP,,0.0,0.0,1,8,0,0,0,0,2,0,0,,Away,대전 한화생명 볼파크,17:00,19.6
김원중,2020,Lotte,2020-05-13,vs. Doosan,RP,W,9.0,1.0,1,15,1,1,1,1,1,0,0,,Home,사직 야구장,18:30,21.0
김원중,2020,Lotte,2020-05-08,vs. SK,RP,,0.0,0.0,1,10,0,0,0,0,1,0,0,,Home,사직 야구장,18:30,19.3
김원중,2020,Lotte,2020-05-07,@ KT,RP,,0.0,0.0,1,5,0,0,0,0,0,0,0,,Away,수원 KT 위즈파크,18:30,24.6
김원중,2020,Lotte,2020-05-05,@ KT,RP,,0.0,1.0,1,23,0,0,0,0,2,1,0,,Away,수원 KT 위즈파크,14:00,14.2
구승민,2024,Lotte,2024-10-01,@ NC,RP,H,9.0,1.0,1,9,1,1,1,1,0,0,0,,Away,창원 NC 파크,18:30,24.9
구승민,2024,Lotte,2024-09-28,vs. Kia,RP,,0.0,,0,15,1,1,2,0,0,1,0,,Home,사직 야구장,17:00,26.8
구승민,2024,Lotte,2024-09-27,vs. NC,RP,,0.0,0.0,0 ⅓,6,0,0,0,0,1,0,0,,Home,사직 야구장,18:30,26.5
구승민,2024,Lotte,2024-09-25,@ Kia,RP,,0.0,0.0,1,7,0,0,0,0,0,0,0,,Away,광주 기아 챔피언스 필드,18:30,27.0
구승민,2024,Lotte,2024-09-23,@ Hanwha,RP,W,0.0,2.0,1,16,0,0,1,0,2,1,0,,Away,대전 한화생명 볼파크,18:30,22.6
구승민,2024,Lotte,2024-09-22,@ Hanwha,RP,,0.0,,0,9,2,0,0,0,0,0,1,,Away,대전 한화생명 볼파크,14:00,25.7
구승민,2024,Lotte,2024-09-17,vs. LG,RP,H,0.0,9.0,0 ⅓,21,0,0,1,0,0,2,0,,Home,사직 야구장,18:30,32.5
구승민,2024,Lotte,2024-09-15,vs. Hanwha,RP,H,0.0,0.75,1 ⅓,19,0,0,1,0,2,0,0,,Home,사직 야구장,14:00,32.7
구승민,2024,Lotte,2024-09-14,vs. Hanwha,RP,,81.0,12.0,0 ⅓,15,3,3,4,0,0,0,0,,Home,사직 야구장,17:00,32.2
구승민,2024,Lotte,2024-09-11,@ SSG,RP,,0.0,2.0,1,21,1,0,2,0,2,0,0,,Away,인천 SSG 랜더스필드,18:30,30.8
구승민,2024,Lotte,2024-09-07,vs. SSG,RP,H,0.0,3.0,0 ⅔,24,0,0,0,0,1,2,1,,Home,사직 야구장,17:00,30.8
구승민,2024,Lotte,2024-09-04,vs. KT,RP,H,0.0,0.0,1,12,0,0,0,0,1,0,0,,Home,사직 야구장,18:30,28.5
구승민,2024,Lotte,2024-09-01,@ Doosan,RP,,13.5,4.5,0 ⅔,18,1,1,2,0,0,1,0,,Away,잠실 야구장,14:00,30.2
구승민,2024,Lotte,2024-08-31,@ Doosan,RP,H,0.0,0.75,1 ⅓,19,0,0,1,0,2,0,0,,Away,잠실 야구장,18:00,30.8
구승민,2024,Lotte,2024-08-29,vs. Hanwha,RP,,0.0,2.25,1 ⅓,31,0,0,2,0,2,1,0,,Home,사직 야구장,18:30,31.0
구승민,2024,Lotte,2024-08-27,vs. Hanwha,RP,W,0.0,1.0,1,16,0,0,1,0,1,0,0,,Home,사직 야구장,18:30,28.2
구승민,2024,Lotte,2024-08-24,@ Samsung,RP,,0.0,0.0,1 ⅓,17,0,0,0,0,3,0,0,,Away,대구 삼성 라이온즈 파크,18:00,31.9
구승민,2024,Lotte,2024-08-22,@ Kia,RP,H,0.0,0.0,1 ⅔,23,0,0,0,0,1,0,0,,Away,광주 기아 챔피언스 필드,18:30,30.9
구승민,2024,Lotte,2024-08-21,@ Kia,RP,,0.0,1.5,0 ⅔,19,1,0,1,0,0,0,0,,Away,광주 기아 챔피언스 필드,18:30,32.4
구승민,2024,Lotte,2024-08-18,vs. Kiwoom,RP,,0.0,1.0,1,10,0,0,1,0,2,0,0,,Home,사직 야구장,17:00,31.5
구승민,2024,Lotte,2024-08-16,vs. Kiwoom,RP,,0.0,0.0,0 ⅔,12,0,0,0,0,2,0,0,,Home,사직 야구장,18:30,31.3
구승민,2024,Lotte,2024-08-15,@ Doosan,RP,,0.0,2.0,1,20,0,0,1,0,2,1,0,,Away,잠실 야구장,18:30,30.5
구승민,2024,Lotte,2024-08-11,@ KT,RP,,27.0,6.0,0 ⅓,10,1,1,1,0,0,1,0,,Away,수원 KT 위즈파크,17:00,33.0
구승민,2024,Lotte,2024-08-07,vs. NC,RP,,0.0,0.6,1 ⅔,20,0,0,1,0,1,0,0,,Home,사직 야구장,18:30,32.7
구승민,2024,Lotte,2024-08-01,@ SSG,RP,H,0.0,6.0,0 ⅓,11,0,0,0,0,0,2,0,,Away,인천 SSG 랜더스필드,18:30,31.8
구승민,2024,Lotte,2024-07-31,@ SSG,RP,,0.0,0.0,1 ⅓,15,0,0,0,0,1,0,0,,Away,인천 SSG 랜더스필드,18:30,31.8
구승민,2024,Lotte,2024-07-28,@ NC,RP,,6.75,1.5,1 ⅓,32,1,1,0,0,4,2,0,,Away,창원 NC 파크,17:00,33.2
구승민,2024,Lotte,2024-07-26,@ NC,RP,,0.0,1.5,0 ⅔,15,0,0,1,0,0,0,1,,Away,창원 NC 파크,18:30,31.2
구승민,2024,Lotte,2024-07-25,vs. LG,RP,,13.5,3.0,0 ⅔,19,1,1,1,0,0,1,0,,Home,사직 야구장,18:30,31.0
구승민,2024,Lotte,2024-07-23,vs. LG,RP,,0.0,0.0,0 ⅓,5,0,0,0,0,0,0,0,,Home,사직 야구장,18:30,31.0
구승민,2024,Lotte,2024-07-19,@ Samsung,RP,,9.0,2.0,1,17,1,1,1,0,0,1,0,,Away,대구 삼성 라이온즈 파크,18:30,28.3
구승민,2024,Lotte,2024-07-16,vs. Doosan,RP,H,0.0,1.0,1,24,0,0,0,0,1,1,0,,Home,사직 야구장,18:30,26.4
구승민,2024,Lotte,2024-07-13,vs. KT,RP,L,27.0,3.0,0 ⅓,6,2,1,1,0,0,0,0,,Home,사직 야구장,18:00,27.2
구승민,2024,Lotte,2024-07-12,vs. KT,RP,,0.0,1.5,0 ⅔,18,0,0,1,0,0,0,0,,Home,사직 야구장,18:30,27.3
구승민,2024,Lotte,2024-07-10,@ SSG,RP,,0.0,0.0,1,14,0,0,0,0,1,0,0,,Away,인천 SSG 랜더스필드,18:30,29.1
구승민,2024,Lotte,2024-07-09,@ SSG,RP,,0.0,1.5,1 ⅓,27,0,0,1,0,3,1,1,,Away,인천 SSG 랜더스필드,18:30,26.6
구승민,2024,Lotte,2024-07-03,@ Doosan,RP,,9.0,1.0,1,13,1,1,1,0,1,0,1,,Away,잠실 야구장,18:30,26.9
구승민,2024,Lotte,2024-06-25,vs. Kia,RP,,0.0,0.5,2,33,0,0,0,0,1,1,0,,Home,사직 야구장,18:30,24.2
구승민,2024,Lotte,2024-06-23,@ Kiwoom,RP,H,0.0,0.5,2,28,1,0,1,0,2,0,0,,Away,고척 스카이돔,14:00,25.5
구승민,2024,Lotte,2024-06-21,@ Kiwoom,RP,,0.0,2.0,1,22,0,0,2,0,2,0,0,,Away,고척 스카이돔,18:30,25.5
구승민,2024,Lotte,2024-06-19,@ KT,RP,H,0.0,2.0,1,15,0,0,1,0,0,1,0,,Away,수원 KT 위즈파크,18:30,32.0
구승민,2024,Lotte,2024-06-18,@ KT,RP,,0.0,1.5,0 ⅔,12,0,0,1,0,1,0,0,,Away,수원 KT 위즈파크,18:30,27.2
구승민,2024,Lotte,2024-06-16,@ LG,RP,,18.0,3.0,1,23,2,2,3,0,2,0,0,,Away,잠실 야구장,17:00,27.6
구승민,2024,Lotte,2024-06-15,@ LG,RP,W,0.0,1.5,0 ⅔,15,0,0,0,0,0,1,0,,Away,잠실 야구장,17:00,28.2
구승민,2024,Lotte,2024-06-13,vs. Kiwoom,RP,W,13.5,3.0,0 ⅔,11,1,1,2,0,0,0,0,,Home,사직 야구장,18:30,27.1
구승민,2024,Lotte,2024-06-12,vs. Kiwoom,RP,,0.0,,0,4,0,0,0,0,0,1,0,,Home,사직 야구장,18:30,25.3
구승민,2024,Lotte,2024-06-11,vs. Kiwoom,RP,,0.0,1.0,1,17,0,0,1,0,2,0,0,,Home,사직 야구장,18:30,24.2
구승민,2024,Lotte,2024-06-07,vs. SSG,RP,H,6.75,3.0,1 ⅓,35,1,1,3,0,1,1,0,,Home,사직 야구장,18:30,23.5
구승민,2024,Lotte,2024-06-06,@ Kia,RP,,0.0,0.0,1,10,0,0,0,0,0,0,0,,Away,광주 기아 챔피언스 필드,18:30,25.3
구승민,2024,Lotte,2024-06-01,vs. NC,RP,,13.5,6.0,0 ⅔,22,1,1,2,0,1,2,0,,Home,사직 야구장,17:00,24.0
구승민,2024,Lotte,2024-05-31,vs. NC,RP,,0.0,0.75,1 ⅓,14,0,0,1,0,0,0,1,,Home,사직 야구장,18:30,21.8
구승민,2024,Lotte,2024-05-29,@ Hanwha,RP,,0.0,0.0,1 ⅓,18,0,0,0,0,3,0,0,,Away,대전 한화생명 볼파크,18:30,26.7
구승민,2024,Lotte,2024-05-26,vs. Samsung,RP,H,0.0,0.0,0 ⅓,6,0,0,0,0,1,0,0,,Home,사직 야구장,14:00,21.5
구승민,2024,Lotte,2024-05-25,vs. Samsung,RP,W,0.0,1.0,1,15,0,0,0,0,1,1,0,,Home,사직 야구장,17:00,21.3
구승민,2024,Lotte,2024-05-24,vs. Samsung,RP,,0.0,3.0,1,21,0,0,2,0,0,1,0,,Home,사직 야구장,18:30,19.9
구승민,2024,Lotte,2024-05-19,@ Doosan,RP,,0.0,1.0,1,21,0,0,0,0,1,1,0,,Away,잠실 야구장,14:00,26.8
구승민,2024,Lotte,2024-05-18,@ Doosan,RP,,5.4,1.2,1 ⅔,34,1,1,2,1,3,0,0,,Away,잠실 야구장,17:00,25.3
구승민,2024,Lotte,2024-04-30,vs. Kiwoom,RP,,27.0,4.5,0 ⅔,23,2,2,2,2,0,1,0,,Home,사직 야구장,18:30,16.7
구승민,2024,Lotte,2024-04-26,@ NC,RP,,27.0,4.5,0 ⅔,17,2,2,3,0,1,0,0,,Away,창원 NC 파크,18:30,19.4
구승민,2024,Lotte,2024-04-24,vs. SSG,RP,,0.0,1.5,1 ⅓,27,0,0,1,0,1,1,0,,Home,사직 야구장,18:30,18.6
구승민,2024,Lotte,2024-04-09,vs. Samsung,RP,,13.5,3.0,0 ⅔,12,1,1,2,1,1,0,0,,Home,사직 야구장,18:30,12.3
구승민,2024,Lotte,2024-04-07,vs. Doosan,RP,,0.0,0.0,0 ⅔,8,0,0,0,0,0,0,0,,Home,사직 야구장,14:00,20.5
구승민,2024,Lotte,2024-04-04,@ Hanwha,RP,L,0.0,,0,15,2,2,3,0,0,1,0,,Away,대전 한화생명 볼파크,18:30,14.3
구승민,2024,Lotte,2024-03-31,vs. NC,RP,,27.0,6.0,0 ⅔,35,2,2,1,0,2,3,0,,Home,사직 야구장,14:00,15.1
구승민,2024,Lotte,2024-03-26,@ Kia,RP,L,27.0,6.0,0 ⅓,5,1,1,2,0,0,0,0,,Away,광주 기아 챔피언스 필드,18:30,10.7
구승민,2024,Lotte,2024-03-24,@ SSG,RP,,81.0,12.0,0 ⅓,15,3,3,3,1,0,1,0,,Away,인천 SSG 랜더스필드,14:00,20.3
구승민,2023,Lotte,2023-10-16,@ Hanwha,RP,H,0.0,0.0,1 ⅔,21,0,0,0,0,2,0,0,,Away,대전 한화생명 볼파크,18:30,15.7
구승민,2023,Lotte,2023-10-12,@ Kia,RP,,0.0,0.0,1,8,0,0,0,0,1,0,0,,Away,광주 기아 챔피언스 필드,18:30,20.4
구승민,2023,Lotte,2023-10-08,@ Doosan,RP,,0.0,0.5,2,28,0,0,1,0,2,0,0,,Away,잠실 야구장,14:00,18.7
구승민,2023,Lotte,2023-10-04,vs. LG,RP,,40.5,4.5,0 ⅔,18,3,3,3,0,0,0,1,,Home,사직 야구장,18:30,22.8
구승민,2023,Lotte,2023-09-15,vs. Kiwoom,RP,,0.0,6.0,0 ⅓,9,0,0,2,0,0,0,0,,Home,사직 야구장,18:30,27.5
구승민,2023,Lotte,2023-09-12,vs. NC,RP,L,9.0,3.0,1,18,1,1,3,0,1,0,0,,Home,사직 야구장,18:30,28.7
구승민,2023,Lotte,2023-09-07,vs. Samsung,RP,,0.0,1.0,1,18,0,0,1,0,2,0,0,,Home,사직 야구장,18:30,26.6
구승민,2023,Lotte,2023-09-04,vs. Doosan,RP,H,0.0,1.5,0 ⅔,10,0,0,0,0,0,1,0,,Home,사직 야구장,18:30,29.8
구승민,2023,Lotte,2023-09-03,vs. Doosan,RP,,9.0,2.0,1,21,1,1,1,0,0,1,1,,Home,사직 야구장,14:00,31.0
구승민,2023,Lotte,2023-08-31,@ Hanwha,RP,H,0.0,0.0,1,11,0,0,0,0,1,0,0,,Away,대전 한화생명 볼파크,18:30,26.1
구승민,2023,Lotte,2023-08-26,vs. KT,RP,,40.5,4.5,0 ⅔,29,4,3,3,0,2,0,1,,Home,사직 야구장,18:00,29.1
구승민,2023,Lotte,2023-08-25,vs. KT,RP,,9.0,2.0,1,22,1,1,2,0,1,0,0,,Home,사직 야구장,18:30,29.6
구승민,2023,Lotte,2023-08-24,@ LG,RP,,0.0,0.0,1 ⅓,16,0,0,0,0,1,0,0,,Away,잠실 야구장,18:30,29.0
구승민,2023,Lotte,2023-08-20,@ Kiwoom,RP,L,13.5,6.0,0 ⅔,28,1,1,2,0,1,2,0,,Away,고척 스카이돔,14:00,25.5
구승민,2023,Lotte,2023-08-17,vs. SSG,RP,H,0.0,0.0,0 ⅔,8,0,0,0,0,1,0,0,,Home,사직 야구장,18:30,28.4
구승민,2023,Lotte,2023-08-16,vs. SSG,RP,H,0.0,0.0,1,16,0,0,0,0,0,0,0,,Home,사직 야구장,18:30,27.6
구승민,2023,Lotte,2023-08-15,vs. SSG,RP,H,0.0,1.0,1,20,0,0,0,0,3,1,0,,Home,사직 야구장,18:30,30.0
구승민,2023,Lotte,2023-08-13,vs. Kia,RP,,0.0,0.0,1,17,0,0,0,0,2,0,0,,Home,사직 야구장,17:00,29.6
구승민,2023,Lotte,2023-08-10,@ Kiwoom,RP,W,0.0,0.0,1 ⅔,27,0,0,0,0,2,0,0,,Away,고척 스카이돔,18:30,25.5
구승민,2023,Lotte,2023-08-08,@ Kiwoom,RP,H,0.0,2.0,1,24,0,0,2,0,2,0,0,,Away,고척 스카이돔,18:30,25.5
구승민,2023,Lotte,2023-08-06,vs. SSG,RP,W,0.0,0.0,1,11,0,0,0,0,0,0,0,,Home,사직 야구장,17:00,33.0
구승민,2023,Lotte,2023-08-05,vs. SSG,RP,,0.0,0.0,1,9,0,0,0,0,1,0,0,,Home,사직 야구장,18:00,31.9
구승민,2023,Lotte,2023-08-02,vs. NC,RP,H,0.0,1.0,1,20,0,0,1,0,1,0,0,,Home,사직 야구장,18:30,31.8
구승민,2023,Lotte,2023-08-01,vs. NC,RP,,0.0,6.0,0 ⅓,11,0,0,2,0,0,0,0,,Home,사직 야구장,18:30,30.7
구승민,2023,Lotte,2023-07-30,@ Kia,RP,,18.0,3.0,1,12,2,2,3,0,0,0,0,,Away,광주 기아 챔피언스 필드,17:00,31.1
구승민,2023,Lotte,2023-07-26,@ Doosan,RP,H,0.0,0.0,1,15,0,0,0,0,2,0,0,,Away,잠실 야구장,18:30,31.3
구승민,2023,Lotte,2023-07-23,vs. Kiwoom,RP,,0.0,0.0,0 ⅔,6,0,0,0,0,0,0,0,,Home,사직 야구장,17:00,28.9
구승민,2023,Lotte,2023-07-21,vs. Kiwoom,RP,H,0.0,1.0,1,16,0,0,1,0,1,0,0,,Home,사직 야구장,18:30,27.6
구승민,2023,Lotte,2023-07-13,@ NC,RP,,0.0,1.0,1,13,0,0,1,0,1,0,0,,Away,창원 NC 파크,18:30,29.0
구승민,2023,Lotte,2023-07-09,vs. LG,RP,,0.0,0.0,0 ⅓,4,0,0,0,0,0,0,0,,Home,사직 야구장,17:00,28.2
구승민,2023,Lotte,2023-07-06,@ Hanwha,RP,H,0.0,0.6,1 ⅔,27,0,0,0,0,1,1,0,,Away,대전 한화생명 볼파크,18:30,28.6
구승민,2023,Lotte,2023-07-02,vs. Doosan,RP,L,18.0,2.0,1,17,2,2,2,1,1,0,0,,Home,사직 야구장,17:00,27.7
구승민,2023,Lotte,2023-06-30,vs. Doosan,RP,,0.0,0.0,1,15,0,0,0,0,1,0,0,,Home,사직 야구장,18:30,25.6
구승민,2023,Lotte,2023-06-27,vs. Samsung,RP,,0.0,3.0,1,26,0,0,1,0,2,2,0,,Home,사직 야구장,18:30,26.3
구승민,2023,Lotte,2023-06-25,@ LG,RP,L,18.0,3.0,1,25,3,2,2,0,1,1,0,,Away,잠실 야구장,17:00,31.2
구승민,2023,Lotte,2023-06-22,@ KT,RP,,0.0,0.0,1,14,0,0,0,0,0,0,0,,Away,수원 KT 위즈파크,18:30,24.5
구승민,2023,Lotte,2023-06-18,@ SSG,RP,,0.0,1.0,1,13,0,0,0,0,1,1,0,,Away,인천 SSG 랜더스필드,17:00,27.0
구승민,2023,Lotte,2023-06-17,@ SSG,RP,L,27.0,3.0,0 ⅔,27,2,2,0,0,0,2,0,,Away,인천 SSG 랜더스필드,17:00,24.7
구승민,2023,Lotte,2023-06-15,vs. Hanwha,RP,,27.0,9.0,0 ⅓,9,1,1,2,0,0,1,0,,Home,사직 야구장,18:30,23.9
구승민,2023,Lotte,2023-06-13,vs. Hanwha,RP,SV,0.0,3.0,1,22,0,0,0,0,1,3,0,,Home,사직 야구장,18:30,25.2
구승민,2023,Lotte,2023-06-11,@ Samsung,RP,,27.0,9.0,0 ⅓,14,1,1,2,0,0,1,0,,Away,대구 삼성 라이온즈 파크,17:00,24.5
구승민,2023,Lotte,2023-06-08,vs. KT,RP,,0.0,1.5,0 ⅔,12,0,0,0,0,1,1,0,,Home,사직 야구장,18:30,24.1
구승민,2023,Lotte,2023-06-07,vs. KT,RP,,0.0,2.0,1,16,0,0,1,0,2,1,0,,Home,사직 야구장,18:30,22.9
구승민,2023,Lotte,2023-06-06,vs. KT,RP,,0.0,1.5,0 ⅔,16,0,0,0,0,1,1,0,,Home,사직 야구장,18:30,21.9
구승민,2023,Lotte,2023-06-03,vs. Kia,RP,,9.0,3.0,1,22,1,1,3,0,1,0,0,,Home,사직 야구장,17:00,22.6
구승민,2023,Lotte,2023-05-26,@ Kiwoom,RP,H,0.0,2.0,1,20,0,0,1,0,1,1,0,,Away,고척 스카이돔,18:30,25.5
구승민,2023,Lotte,2023-05-24,vs. NC,RP,,9.0,3.0,1,29,1,1,2,0,2,1,0,,Home,사직 야구장,18:30,19.0
구승민,2023,Lotte,2023-05-23,vs. NC,RP,H,0.0,0.0,1,13,0,0,0,0,1,0,0,,Home,사직 야구장,18:30,19.5
구승민,2023,Lotte,2023-05-21,vs. SSG,RP,,0.0,1.0,1,18,0,0,1,0,0,0,0,,Home,사직 야구장,14:00,22.3
구승민,2023,Lotte,2023-05-19,vs. SSG,RP,,13.5,3.0,0 ⅔,18,1,1,2,0,1,0,0,,Home,사직 야구장,18:30,20.6
구승민,2023,Lotte,2023-05-17,@ Hanwha,RP,L,5.4,1.8,1 ⅔,27,1,1,2,0,0,1,0,,Away,대전 한화생명 볼파크,18:30,27.9
구승민,2023,Lotte,2023-05-16,@ Hanwha,RP,,0.0,,0,3,0,0,0,0,0,0,1,,Away,대전 한화생명 볼파크,18:30,29.3
구승민,2023,Lotte,2023-05-11,vs. Doosan,RP,,0.0,2.0,1,18,1,0,2,0,2,0,0,,Home,사직 야구장,18:30,19.5
구승민,2023,Lotte,2023-05-10,vs. Doosan,RP,H,0.0,0.0,1 ⅓,13,0,0,0,0,0,0,0,,Home,사직 야구장,18:30,19.1
구승민,2023,Lotte,2023-05-02,@ Kia,RP,,0.0,0.0,1,11,0,0,0,0,1,0,0,,Away,광주 기아 챔피언스 필드,18:30,22.3
구승민,2023,Lotte,2023-04-30,vs. Kiwoom,RP,H,0.0,1.0,1,14,0,0,1,0,1,0,0,,Home,사직 야구장,14:00,17.9
구승민,2023,Lotte,2023-04-28,vs. Kiwoom,RP,H,0.0,1.0,1,23,0,0,1,0,1,0,0,,Home,사직 야구장,18:30,18.1
구승민,2023,Lotte,2023-04-26,vs. Hanwha,RP,H,0.0,1.5,0 ⅔,13,0,0,0,0,1,1,0,,Home,사직 야구장,18:30,16.0
구승민,2023,Lotte,2023-04-21,@ NC,RP,SV,0.0,2.0,1,27,0,0,0,0,2,2,0,,Away,창원 NC 파크,18:30,18.2
구승민,2023,Lotte,2023-04-20,vs. Kia,RP,H,0.0,2.0,1,19,0,0,2,0,2,0,0,,Home,사직 야구장,18:30,19.8
구승민,2023,Lotte,2023-04-18,vs. Kia,RP,H,0.0,1.5,0 ⅔,16,0,0,1,0,1,0,1,,Home,사직 야구장,18:30,18.3
구승민,2023,Lotte,2023-04-15,@ Samsung,RP,,0.0,6.0,0 ⅓,11,0,0,2,0,1,0,0,,Away,대구 삼성 라이온즈 파크,17:00,15.8
구승민,2023,Lotte,2023-04-13,vs. LG,RP,SV,9.0,2.0,2,38,2,2,3,1,3,1,0,,Home,사직 야구장,18:30,16.9
구승민,2023,Lotte,2023-04-11,vs. LG,RP,H,5.4,1.2,1 ⅔,29,1,1,1,1,2,1,0,,Home,사직 야구장,18:30,17.6
구승민,2023,Lotte,2023-04-09,vs. KT,RP,H,0.0,0.0,1,13,0,0,0,0,1,0,0,,Home,사직 야구장,14:00,17.2
구승민,2023,Lotte,2023-04-02,@ Doosan,RP,H,0.0,1.0,1,14,0,0,1,0,0,0,0,,Away,잠실 야구장,14:00,24.3
구승민,2023,Lotte,2023-04-01,@ Doosan,RP,,13.5,4.5,0 ⅔,21,2,1,2,1,0,1,0,,Away,잠실 야구장,14:00,25.0
구승민,2022,Lotte,2022-10-08,vs. LG,RP,H,0.0,1.5,0 ⅔,13,0,0,0,0,2,1,0,,Home,사직 야구장,17:00,18.9
구승민,2022,Lotte,2022-10-05,@ NC,RP,,0.0,0.0,1,13,0,0,0,0,2,0,0,,Away,창원 NC 파크,18:30,17.7
구승민,2022,Lotte,2022-10-02,vs. Doosan,RP,H,0.0,0.0,1,13,0,0,0,0,1,0,0,,Home,사직 야구장,14:00,27.5
구승민,2022,Lotte,2022-09-30,@ Hanwha,RP,H,0.0,3.0,0 ⅔,16,0,0,1,0,0,1,0,,Away,대전 한화생명 볼파크,18:30,22.7
구승민,2022,Lotte,2022-09-29,@ Kia,RP,,0.0,0.0,1,11,0,0,0,0,1,0,0,,Away,광주 기아 챔피언스 필드,18:30,23.3
구승민,2022,Lotte,2022-09-23,@ LG,RP,,0.0,2.0,1,19,0,0,1,0,2,1,0,,Away,잠실 야구장,18:30,18.5
구승민,2022,Lotte,2022-09-20,@ Hanwha,RP,W,0.0,0.0,1,10,0,0,0,0,1,0,0,,Away,대전 한화생명 볼파크,18:30,20.7
구승민,2022,Lotte,2022-09-17,@ KT,RP,H,0.0,1.0,1,20,0,0,0,0,1,1,0,,Away,수원 KT 위즈파크,17:00,29.8
구승민,2022,Lotte,2022-09-15,vs. Kiwoom,RP,H,0.0,0.0,1,12,0,0,0,0,2,0,0,,Home,사직 야구장,18:30,26.1
구승민,2022,Lotte,2022-09-14,vs. SSG,RP,,0.0,0.0,1,11,0,0,0,0,0,0,0,,Home,사직 야구장,18:30,26.2
구승민,2022,Lotte,2022-09-10,vs. NC,RP,L,27.0,3.0,1,24,3,3,2,1,2,1,1,,Home,사직 야구장,17:00,24.8
구승민,2022,Lotte,2022-09-07,vs. Kia,RP,,27.0,3.0,0 ⅓,10,1,1,1,0,0,0,0,,Home,사직 야구장,18:30,24.9
구승민,2022,Lotte,2022-09-06,vs. Kia,RP,W,0.0,1.0,1,14,0,0,1,0,0,0,0,,Home,사직 야구장,18:30,26.9
구승민,2022,Lotte,2022-09-01,@ Doosan,RP,H,0.0,0.0,1,17,0,0,0,0,2,0,0,,Away,잠실 야구장,18:30,27.8
구승민,2022,Lotte,2022-08-31,@ Kiwoom,RP,,0.0,1.0,1,15,0,0,0,0,0,1,0,,Away,고척 스카이돔,18:30,25.5
구승민,2022,Lotte,2022-08-28,@ SSG,RP,H,0.0,1.0,1,12,0,0,1,0,1,0,0,,Away,인천 SSG 랜더스필드,17:00,25.7
구승민,2022,Lotte,2022-08-25,vs. Samsung,RP,,0.0,0.0,1,14,0,0,0,0,0,0,0,,Home,사직 야구장,18:30,27.1
구승민,2022,Lotte,2022-08-19,vs. KT,RP,,0.0,1.0,1,13,0,0,0,0,1,1,0,,Home,사직 야구장,18:30,30.3
구승민,2022,Lotte,2022-08-18,vs. KT,RP,H,0.0,3.0,1,20,0,0,1,0,1,2,0,,Home,사직 야구장,18:30,28.1
구승민,2022,Lotte,2022-08-17,vs. Doosan,RP,H,0.0,0.0,1,12,0,0,0,0,2,0,0,,Home,사직 야구장,18:30,26.6
구승민,2022,Lotte,2022-08-14,@ Kia,RP,H,0.0,1.0,1,21,0,0,1,0,2,0,0,,Away,광주 기아 챔피언스 필드,17:00,33.7
구승민,2022,Lotte,2022-08-11,@ Kiwoom,RP,H,0.0,0.0,0 ⅔,7,0,0,0,0,0,0,0,,Away,고척 스카이돔,18:30,25.5
구승민,2022,Lotte,2022-08-10,@ Kiwoom,RP,H,0.0,1.0,1,21,0,0,0,0,2,1,0,,Away,고척 스카이돔,18:30,25.5
구승민,2022,Lotte,2022-08-07,vs. NC,RP,,9.0,3.0,1,28,1,1,3,0,1,0,0,,Home,사직 야구장,17:00,32.1
구승민,2022,Lotte,2022-08-05,vs. NC,RP,,0.0,0.0,1,12,0,0,0,0,1,0,0,,Home,사직 야구장,18:30,32.1
구승민,2022,Lotte,2022-08-02,vs. LG,RP,H,0.0,0.0,0 ⅔,8,0,0,0,0,2,0,0,,Home,사직 야구장,18:30,30.4
구승민,2022,Lotte,2022-07-30,@ Samsung,RP,,0.0,2.0,1,25,0,0,2,0,2,0,0,,Away,대구 삼성 라이온즈 파크,18:00,30.2
구승민,2022,Lotte,2022-07-29,@ Samsung,RP,H,0.0,1.0,1,14,0,0,0,0,0,1,0,,Away,대구 삼성 라이온즈 파크,18:30,31.9
구승민,2022,Lotte,2022-07-27,@ Doosan,RP,,13.5,1.5,0 ⅔,15,1,1,1,1,1,0,0,,Away,잠실 야구장,18:30,32.0
구승민,2022,Lotte,2022-07-23,vs. Kia,RP,,0.0,,0,15,4,4,5,0,0,0,0,,Home,사직 야구장,18:00,27.0
구승민,2022,Lotte,2022-07-14,vs. Hanwha,RP,H,0.0,0.0,1,11,0,0,0,0,1,0,0,,Home,사직 야구장,18:30,29.6
구승민,2022,Lotte,2022-07-13,vs. Hanwha,RP,H,0.0,1.0,1,10,0,0,0,0,1,1,0,,Home,사직 야구장,18:30,27.1
구승민,2022,Lotte,2022-07-12,vs. Hanwha,RP,,0.0,2.0,1,18,0,0,0,0,2,2,0,,Home,사직 야구장,18:30,26.7
구승민,2022,Lotte,2022-07-08,@ KT,RP,,13.5,4.5,0 ⅔,15,1,1,1,0,1,2,0,,Away,수원 KT 위즈파크,18:30,30.2
구승민,2022,Lotte,2022-07-05,@ SSG,RP,,0.0,0.0,1,9,0,0,0,0,1,0,0,,Away,인천 SSG 랜더스필드,18:30,30.1
구승민,2022,Lotte,2022-07-03,@ LG,RP,L,40.5,6.0,0 ⅔,23,3,3,3,0,0,1,0,,Away,잠실 야구장,17:00,33.2
구승민,2022,Lotte,2022-07-01,@ LG,RP,,0.0,2.0,1,18,0,0,1,0,0,1,0,,Away,잠실 야구장,18:30,30.9
구승민,2022,Lotte,2022-06-30,vs. Doosan,RP,H,0.0,0.0,0 ⅓,6,0,0,0,0,1,0,0,,Home,사직 야구장,18:30,29.0
구승민,2022,Lotte,2022-06-28,vs. Doosan,RP,,0.0,3.0,0 ⅓,14,0,0,0,0,0,1,0,,Home,사직 야구장,18:30,26.9
구승민,2022,Lotte,2022-06-26,vs. Kiwoom,RP,L,9.0,2.0,1,17,1,1,2,1,1,0,0,,Home,사직 야구장,17:00,27.3
구승민,2022,Lotte,2022-06-24,vs. Kiwoom,RP,,0.0,3.0,0 ⅔,22,0,0,1,0,0,1,0,,Home,사직 야구장,18:30,26.6
구승민,2022,Lotte,2022-06-22,@ Kia,RP,,0.0,6.0,0 ⅓,13,0,0,1,0,0,1,0,,Away,광주 기아 챔피언스 필드,18:30,32.2
구승민,2022,Lotte,2022-06-21,@ Kia,RP,,0.0,1.0,1,17,0,0,0,0,2,1,0,,Away,광주 기아 챔피언스 필드,18:30,30.9
구승민,2022,Lotte,2022-06-16,@ Hanwha,RP,H,0.0,0.0,1,11,0,0,0,0,2,0,0,,Away,대전 한화생명 볼파크,18:30,25.6
구승민,2022,Lotte,2022-06-09,vs. Samsung,RP,H,0.0,2.0,1,25,0,0,2,0,1,0,0,,Home,사직 야구장,18:30,21.8
구승민,2022,Lotte,2022-06-07,vs. Samsung,RP,,9.0,2.0,1,19,1,1,2,0,1,0,0,,Home,사직 야구장,18:30,19.0
구승민,2022,Lotte,2022-06-04,@ NC,RP,H,0.0,0.0,1,13,0,0,0,0,1,0,0,,Away,창원 NC 파크,17:00,22.9
구승민,2022,Lotte,2022-06-02,vs. LG,RP,,0.0,1.0,1,17,0,0,0,0,1,1,0,,Home,사직 야구장,18:30,22.6
구승민,2022,Lotte,2022-05-31,vs. LG,RP,H,0.0,1.0,1,13,0,0,0,0,0,1,0,,Home,사직 야구장,18:30,23.9
구승민,2022,Lotte,2022-05-28,vs. Kiwoom,RP,,0.0,0.75,1 ⅓,19,0,0,1,0,2,0,0,,Home,사직 야구장,17:00,23.7
구승민,2022,Lotte,2022-05-26,@ SSG,RP,,0.0,0.0,0 ⅓,1,0,0,0,0,0,0,0,,Away,인천 SSG 랜더스필드,18:30,18.1
구승민,2022,Lotte,2022-05-24,@ SSG,RP,,0.0,,0,7,0,0,0,0,0,2,0,,Away,인천 SSG 랜더스필드,18:30,23.8
구승민,2022,Lotte,2022-05-20,@ Doosan,RP,,0.0,2.0,1,18,0,0,0,0,1,2,0,,Away,잠실 야구장,18:30,24.4
구승민,2022,Lotte,2022-05-18,vs. Kia,RP,,0.0,0.0,1 ⅓,19,0,0,0,0,3,0,0,,Home,사직 야구장,18:30,20.6
구승민,2022,Lotte,2022-05-17,vs. Kia,RP,,0.0,1.0,1,21,0,0,1,0,2,0,0,,Home,사직 야구장,18:30,20.4
구승민,2022,Lotte,2022-05-15,@ Hanwha,RP,,13.5,6.0,0 ⅔,29,1,1,0,0,0,4,0,,Away,대전 한화생명 볼파크,14:00,20.7
구승민,2022,Lotte,2022-05-11,vs. NC,RP,,0.0,3.0,0 ⅔,21,0,0,2,0,2,0,0,,Home,사직 야구장,18:30,19.4
구승민,2022,Lotte,2022-05-08,vs. Samsung,RP,,0.0,3.0,0 ⅓,7,0,0,1,0,0,0,0,,Home,사직 야구장,14:00,19.1
구승민,2022,Lotte,2022-05-07,vs. Samsung,RP,,0.0,0.0,1,14,0,0,0,0,1,0,0,,Home,사직 야구장,17:00,20.0
구승민,2022,Lotte,2022-05-06,vs. Samsung,RP,,0.0,0.0,1,7,0,0,0,0,1,0,0,,Home,사직 야구장,18:30,20.8
구승민,2022,Lotte,2022-05-03,@ KT,RP,,0.0,2.0,1,16,0,0,2,0,2,0,0,,Away,수원 KT 위즈파크,18:30,18.8
구승민,2022,Lotte,2022-04-30,@ LG,RP,,0.0,,0,7,0,0,1,0,0,1,0,,Away,잠실 야구장,17:00,14.8
구승민,2022,Lotte,2022-04-29,@ LG,RP,,0.0,0.0,1,10,0,0,0,0,2,0,0,,Away,잠실 야구장,18:30,15.0
구승민,2022,Lotte,2022-04-27,vs. SSG,RP,,0.0,0.0,1 ⅔,19,0,0,0,0,3,0,0,,Home,사직 야구장,18:30,16.0
구승민,2022,Lotte,2022-04-24,@ Samsung,RP,H,0.0,0.0,0 ⅓,4,0,0,0,0,1,0,0,,Away,대구 삼성 라이온즈 파크,14:00,21.2
구승민,2022,Lotte,2022-04-23,@ Samsung,RP,H,0.0,1.5,0 ⅔,11,0,0,1,0,2,0,0,,Away,대구 삼성 라이온즈 파크,17:00,17.7
구승민,2022,Lotte,2022-04-21,vs. Hanwha,RP,L,18.0,3.0,1,26,2,2,2,0,3,1,0,,Home,사직 야구장,18:30,14.4
구승민,2022,Lotte,2022-04-15,vs. KT,RP,H,0.0,0.0,1,15,0,0,0,0,2,0,0,,Home,사직 야구장,18:30,12.2
구승민,2022,Lotte,2022-04-12,@ Kia,RP,H,0.0,0.0,1 ⅓,7,0,0,0,0,0,0,0,,Away,광주 기아 챔피언스 필드,18:30,24.6
구승민,2022,Lotte,2022-04-10,vs. Doosan,RP,H,0.0,0.0,1,9,0,0,0,0,1,0,0,,Home,사직 야구장,14:00,21.5
구승민,2022,Lotte,2022-04-07,@ NC,RP,,0.0,,0,6,0,0,1,0,0,0,0,,Away,창원 NC 파크,18:30,19.9
구승민,2022,Lotte,2022-04-03,@ Kiwoom,RP,,13.5,1.5,0 ⅔,16,1,1,0,0,0,1,0,,Away,고척 스카이돔,14:00,25.5
구승민,2022,Lotte,2022-04-02,@ Kiwoom,RP,,0.0,1.0,1,14,0,0,1,0,1,0,0,,Away,고척 스카이돔,14:00,25.5
구승민,2021,Lotte,2021-10-30,vs. LG,RP,H,0.0,1.0,1,23,0,0,0,0,2,1,0,,Home,사직 야구장,17:00,17.9
구승민,2021,Lotte,2021-10-29,vs. LG,RP,,0.0,0.0,1,9,0,0,0,0,1,0,0,,Home,사직 야구장,18:30,16.0
구승민,2021,Lotte,2021-10-27,vs. Kia,RP,L,81.0,12.0,0 ⅓,25,3,3,1,0,1,3,0,,Home,사직 야구장,18:30,18.1
구승민,2021,Lotte,2021-10-25,@ LG,RP,,0.0,1.0,1,17,0,0,1,0,2,0,0,,Away,잠실 야구장,18:30,14.3
구승민,2021,Lotte,2021-10-24,vs. Hanwha,RP,,0.0,0.0,1,12,0,0,0,0,0,0,0,,Home,사직 야구장,14:00,20.1
구승민,2021,Lotte,2021-10-23,vs. Hanwha,RP,,0.0,0.0,0 ⅔,14,0,0,0,0,0,0,0,,Home,사직 야구장,17:00,17.2
구승민,2021,Lotte,2021-10-17,vs. SSG,RP,H,0.0,1.0,1,17,0,0,1,0,1,0,0,,Home,사직 야구장,14:00,15.9
구승민,2021,Lotte,2021-10-16,vs. SSG,RP,,0.0,1.0,1,22,0,0,0,0,3,1,0,,Home,사직 야구장,17:00,14.8
구승민,2021,Lotte,2021-10-15,vs. LG,RP,H,0.0,1.0,1,15,0,0,1,0,2,0,0,,Home,사직 야구장,18:30,22.0
구승민,2021,Lotte,2021-10-13,vs. LG,RP,,0.0,1.0,1,17,0,0,1,0,2,0,0,,Home,사직 야구장,18:30,20.2
구승민,2021,Lotte,2021-10-09,@ SSG,RP,,0.0,1.0,1,15,0,0,1,0,0,0,0,,Away,인천 SSG 랜더스필드,17:00,24.4
구승민,2021,Lotte,2021-10-07,@ Doosan,RP,H,0.0,0.0,1,22,0,0,0,0,0,0,0,,Away,잠실 야구장,18:30,20.1
구승민,2021,Lotte,2021-10-05,vs. Kia,RP,H,0.0,1.0,1,9,0,0,0,0,1,1,0,,Home,사직 야구장,18:30,24.9
구승민,2021,Lotte,2021-10-03,vs. NC,RP,W,0.0,0.0,1,16,0,0,0,0,2,0,0,,Home,사직 야구장,14:00,27.2
구승민,2021,Lotte,2021-10-01,vs. KT,RP,H,0.0,0.0,0 ⅔,6,0,0,0,0,1,0,0,,Home,사직 야구장,18:30,23.1
구승민,2021,Lotte,2021-09-30,vs. KT,RP,,0.0,1.0,1,19,0,0,0,0,1,1,1,,Home,사직 야구장,18:30,24.9
구승민,2021,Lotte,2021-09-24,@ SSG,RP,,6.75,2.25,1 ⅓,28,1,1,1,0,2,2,0,,Away,인천 SSG 랜더스필드,18:30,24.3
구승민,2021,Lotte,2021-09-23,@ SSG,RP,,0.0,0.0,1,12,0,0,0,0,0,0,0,,Away,인천 SSG 랜더스필드,18:30,23.4
구승민,2021,Lotte,2021-09-22,vs. Samsung,RP,W,0.0,0.0,1,8,0,0,0,0,0,0,0,,Home,사직 야구장,18:30,25.2
구승민,2021,Lotte,2021-09-19,@ Hanwha,RP,W,0.0,0.0,1,15,0,0,0,0,3,0,0,,Away,대전 한화생명 볼파크,14:00,27.0
구승민,2021,Lotte,2021-09-17,@ KT,RP,H,0.0,1.0,1,18,0,0,1,0,2,0,0,,Away,수원 KT 위즈파크,18:30,26.2
구승민,2021,Lotte,2021-09-16,@ KT,RP,,0.0,1.0,1,13,0,0,1,0,1,0,0,,Away,수원 KT 위즈파크,18:30,25.6
구승민,2021,Lotte,2021-09-14,@ Kia,RP,,0.0,3.0,0 ⅓,15,0,0,0,0,0,1,0,,Away,광주 기아 챔피언스 필드,18:30,25.3
구승민,2021,Lotte,2021-09-12,vs. Kiwoom,RP,H,0.0,1.0,1,12,0,0,1,0,0,0,0,,Home,사직 야구장,14:00,29.1
구승민,2021,Lotte,2021-09-08,@ Samsung,RP,W,0.0,1.0,1,15,0,0,1,0,0,0,0,,Away,대구 삼성 라이온즈 파크,18:30,26.4
구승민,2021,Lotte,2021-09-07,@ Samsung,RP,H,0.0,2.0,1,20,0,0,1,0,1,1,0,,Away,대구 삼성 라이온즈 파크,18:30,28.4
구승민,2021,Lotte,2021-09-03,vs. Hanwha,RP,H,0.0,0.0,1 ⅓,15,0,0,0,0,1,0,0,,Home,사직 야구장,18:30,24.4
구승민,2021,Lotte,2021-08-31,vs. LG,RP,,0.0,2.0,1,17,0,0,1,0,1,1,0,,Home,사직 야구장,18:30,28.4
구승민,2021,Lotte,2021-08-26,@ Kia,RP,,54.0,9.0,0 ⅓,15,2,2,2,0,0,1,0,,Away,광주 기아 챔피언스 필드,18:30,30.3
구승민,2021,Lotte,2021-08-25,@ Kia,RP,,0.0,3.0,0 ⅔,14,0,0,1,0,1,1,0,,Away,광주 기아 챔피언스 필드,18:30,30.4
구승민,2021,Lotte,2021-08-22,vs. KT,RP,,0.0,1.0,1,14,0,0,0,0,1,1,0,,Home,사직 야구장,17:00,29.3
구승민,2021,Lotte,2021-08-18,vs. Kiwoom,RP,H,0.0,1.0,1,7,0,0,1,0,0,0,1,,Home,사직 야구장,18:30,26.3
구승민,2021,Lotte,2021-08-14,@ LG,RP,H,0.0,0.0,1,11,0,0,0,0,1,0,0,,Away,잠실 야구장,18:00,28.6
구승민,2021,Lotte,2021-07-10,@ Samsung,RP,,0.0,0.0,1 ⅓,17,0,0,0,0,0,0,0,,Away,대구 삼성 라이온즈 파크,18:00,28.6
구승민,2021,Lotte,2021-07-09,@ Samsung,RP,W,0.0,0.0,1,13,0,0,0,0,1,0,0,,Away,대구 삼성 라이온즈 파크,18:30,28.5
구승민,2021,Lotte,2021-07-04,@ SSG,RP,,9.0,2.0,1,16,1,1,2,0,0,0,0,,Away,인천 SSG 랜더스필드,17:00,22.7
구승민,2021,Lotte,2021-07-02,@ SSG,RP,,0.0,1.0,1,17,0,0,0,0,1,1,1,,Away,인천 SSG 랜더스필드,18:30,29.0
구승민,2021,Lotte,2021-06-30,@ Kiwoom,RP,L,18.0,5.0,1,27,2,2,4,0,0,1,0,,Away,고척 스카이돔,18:30,25.5
구승민,2021,Lotte,2021-06-29,@ Kiwoom,RP,H,0.0,0.0,0 ⅓,4,0,0,0,0,0,0,0,,Away,고척 스카이돔,18:30,25.5
구승민,2021,Lotte,2021-06-27,@ Doosan,RP,H,9.0,1.0,1,14,1,1,1,0,0,0,0,,Away,잠실 야구장,17:00,29.6
구승민,2021,Lotte,2021-06-26,@ Doosan,RP,,0.0,0.0,1,10,0,0,0,0,1,0,0,,Away,잠실 야구장,17:00,26.9
구승민,2021,Lotte,2021-06-25,@ Doosan,RP,,0.0,0.75,1 ⅓,26,0,0,0,0,3,1,0,,Away,잠실 야구장,18:30,27.3
구승민,2021,Lotte,2021-06-23,vs. NC,RP,H,0.0,0.75,1 ⅓,17,0,0,1,0,1,0,0,,Home,사직 야구장,18:30,23.0
구승민,2021,Lotte,2021-06-20,vs. Samsung,RP,H,0.0,1.5,0 ⅔,14,0,0,0,0,0,1,0,,Home,사직 야구장,17:00,25.7
구승민,2021,Lotte,2021-06-18,vs. Samsung,RP,,27.0,3.0,1,17,3,3,2,1,0,1,0,,Home,사직 야구장,18:30,23.2
구승민,2021,Lotte,2021-06-16,@ Hanwha,RP,,0.0,0.0,1,15,0,0,0,0,2,0,0,,Away,대전 한화생명 볼파크,18:30,27.2
구승민,2021,Lotte,2021-06-13,vs. Kia,RP,H,0.0,1.0,1,5,0,0,1,0,0,0,0,,Home,사직 야구장,17:00,27.2
구승민,2021,Lotte,2021-06-10,vs. Doosan,RP,H,0.0,0.0,1,6,0,0,0,0,0,0,0,,Home,사직 야구장,18:30,24.6
구승민,2021,Lotte,2021-05-30,vs. NC,RP,,0.0,,0,5,0,0,0,0,0,1,0,,Home,사직 야구장,14:00,23.5
구승민,2021,Lotte,2021-05-29,vs. NC,RP,H,9.0,1.0,1,17,1,1,1,1,0,0,0,,Home,사직 야구장,17:00,22.0
구승민,2021,Lotte,2021-05-23,@ Doosan,RP,,27.0,12.0,0 ⅓,17,1,1,2,0,0,2,0,,Away,잠실 야구장,14:00,24.8
구승민,2021,Lotte,2021-05-22,@ Doosan,RP,,0.0,0.0,1,15,0,0,0,0,2,0,0,,Away,잠실 야구장,17:00,23.3
구승민,2021,Lotte,2021-05-18,@ Hanwha,RP,H,0.0,1.0,1,16,0,0,1,0,1,0,0,,Away,대전 한화생명 볼파크,18:30,23.8
구승민,2021,Lotte,2021-05-15,vs. KT,RP,,0.0,0.0,1,14,0,0,0,0,1,0,0,,Home,사직 야구장,17:00,19.2
구승민,2021,Lotte,2021-05-13,vs. SSG,RP,,0.0,4.5,0 ⅔,17,0,0,1,0,1,2,0,,Home,사직 야구장,18:30,19.8
구승민,2021,Lotte,2021-05-09,@ Samsung,RP,L,18.0,2.0,1,22,2,2,1,1,2,1,0,,Away,대구 삼성 라이온즈 파크,14:00,20.5
구승민,2021,Lotte,2021-05-07,@ Samsung,RP,,0.0,0.0,1,11,0,0,0,0,0,0,0,,Away,대구 삼성 라이온즈 파크,18:30,18.8
구승민,2021,Lotte,2021-05-06,vs. Kia,RP,,0.0,0.0,1,13,0,0,0,0,2,0,0,,Home,사직 야구장,18:30,18.5
구승민,2021,Lotte,2021-05-02,vs. Hanwha,RP,L,18.0,2.0,1,25,2,2,1,0,3,1,0,,Home,사직 야구장,14:00,14.1
구승민,2021,Lotte,2021-04-30,vs. Hanwha,RP,,10.8,1.8,1 ⅔,29,2,2,3,0,4,0,0,,Home,사직 야구장,18:30,18.3
구승민,2021,Lotte,2021-04-25,@ KT,RP,,27.0,6.0,0 ⅓,12,1,1,1,0,1,1,0,,Away,수원 KT 위즈파크,14:00,22.5
구승민,2021,Lotte,2021-04-21,vs. Doosan,RP,,40.5,6.0,0 ⅔,29,3,3,4,1,1,0,0,,Home,사직 야구장,18:30,20.4
구승민,2021,Lotte,2021-04-18,vs. Samsung,RP,,27.0,4.5,0 ⅔,9,2,2,3,0,0,0,0,,Home,사직 야구장,14:00,16.2
구승민,2021,Lotte,2021-04-14,@ Kia,RP,,0.0,1.0,1,17,0,0,0,0,1,1,0,,Away,광주 기아 챔피언스 필드,18:30,13.8
구승민,2021,Lotte,2021-04-11,vs. Kiwoom,RP,,0.0,0.0,1,13,0,0,0,0,1,0,0,,Home,사직 야구장,14:00,18.4
구승민,2021,Lotte,2021-04-07,@ NC,RP,L,81.0,6.0,0 ⅓,11,3,3,1,1,0,1,1,,Away,창원 NC 파크,18:30,15.0
구승민,2021,Lotte,2021-04-06,@ NC,RP,W,0.0,0.0,1,11,0,0,0,0,2,0,0,,Away,창원 NC 파크,18:30,16.7
구승민,2021,Lotte,2021-04-04,@ SSG,RP,,0.0,1.0,1,15,0,0,0,0,1,1,0,,Away,인천 SSG 랜더스필드,14:00,15.0
구승민,2020,Lotte,2020-10-23,@ SK,RP,H,0.0,0.0,1,15,0,0,0,0,1,0,0,,Away,인천 SSG 랜더스필드,18:30,10.3
구승민,2020,Lotte,2020-10-22,@ SK,RP,,0.0,0.5,2,26,0,0,1,0,2,0,0,,Away,인천 SSG 랜더스필드,18:30,13.1
구승민,2020,Lotte,2020-10-16,@ NC,RP,,0.0,1.0,1,22,0,0,0,0,2,1,0,,Away,창원 NC 파크,18:30,15.1
구승민,2020,Lotte,2020-10-14,vs. LG,RP,H,0.0,0.0,1,8,0,0,0,0,1,0,0,,Home,사직 야구장,18:30,18.2
구승민,2020,Lotte,2020-10-09,@ Samsung,RP,,9.0,3.0,1,21,1,1,1,0,2,2,0,,Away,대구 삼성 라이온즈 파크,18:30,19.2
구승민,2020,Lotte,2020-10-07,vs. KT,RP,,54.0,6.0,0 ⅓,18,2,2,1,0,0,1,0,,Home,사직 야구장,18:30,19.5
구승민,2020,Lotte,2020-10-06,vs. KT,RP,W,0.0,0.6,1 ⅔,30,0,0,0,0,3,1,0,,Home,사직 야구장,18:30,18.2
구승민,2020,Lotte,2020-09-30,@ LG,RP,L,54.0,6.0,0 ⅓,11,2,2,1,1,0,1,0,,Away,잠실 야구장,18:30,22.7
구승민,2020,Lotte,2020-09-29,@ LG,RP,H,0.0,0.0,0 ⅔,9,0,0,0,0,1,0,0,,Away,잠실 야구장,18:30,22.0
구승민,2020,Lotte,2020-09-27,@ Kia,RP,,0.0,3.0,0 ⅓,11,0,0,1,0,0,0,0,,Away,광주 기아 챔피언스 필드,14:00,24.3
구승민,2020,Lotte,2020-09-25,@ Hanwha,RP,H,0.0,1.2,1 ⅔,25,0,0,0,0,1,2,0,,Away,대전 한화생명 볼파크,18:30,23.6
구승민,2020,Lotte,2020-09-24,@ Hanwha,RP,,0.0,3.0,0 ⅔,15,0,0,1,0,0,1,0,,Away,대전 한화생명 볼파크,18:30,23.3
구승민,2020,Lotte,2020-09-20,vs. NC,RP,,0.0,2.25,1 ⅓,23,0,0,1,0,1,2,0,,Home,사직 야구장,14:00,24.6
구승민,2020,Lotte,2020-09-18,@ LG,RP,H,0.0,0.0,1,14,0,0,0,0,1,0,0,,Away,잠실 야구장,18:30,23.9
구승민,2020,Lotte,2020-09-16,@ Kiwoom,RP,,0.0,0.0,1,13,0,0,0,0,1,0,0,,Away,고척 스카이돔,18:30,25.5
구승민,2020,Lotte,2020-09-15,@ Kiwoom,RP,H,0.0,1.5,0 ⅔,8,0,0,1,0,0,0,0,,Away,고척 스카이돔,18:30,25.5
구승민,2020,Lotte,2020-09-09,@ NC,RP,H,6.75,1.5,1 ⅓,27,1,1,1,0,3,1,0,,Away,창원 NC 파크,18:30,25.9
구승민,2020,Lotte,2020-09-04,vs. Kia,RP,,108.0,12.0,0 ⅓,17,4,4,3,1,1,1,0,,Home,사직 야구장,18:30,26.7
구승민,2020,Lotte,2020-08-29,vs. Hanwha,RP,H,0.0,0.75,1 ⅓,21,0,0,0,0,0,1,0,,Home,사직 야구장,18:00,30.9
구승민,2020,Lotte,2020-08-28,vs. Kiwoom,RP,L,18.0,3.0,1,18,2,2,2,0,1,1,0,,Home,사직 야구장,18:30,29.6
구승민,2020,Lotte,2020-08-26,vs. SK,RP,W,0.0,1.0,1,21,0,0,1,0,1,0,0,,Home,사직 야구장,18:30,30.9
구승민,2020,Lotte,2020-08-25,vs. SK,RP,,27.0,6.0,0 ⅓,15,1,1,1,0,0,1,0,,Home,사직 야구장,18:30,31.8
구승민,2020,Lotte,2020-08-20,@ Doosan,RP,,0.0,1.5,1 ⅓,30,0,0,2,0,2,0,0,,Away,잠실 야구장,18:30,31.0
구승민,2020,Lotte,2020-08-19,vs. Doosan,RP,,10.8,1.8,1 ⅔,27,2,2,3,1,1,0,0,,Home,사직 야구장,18:30,31.2
구승민,2020,Lotte,2020-08-14,vs. Kiwoom,RP,,0.0,1.0,1,11,0,0,0,0,0,1,0,,Home,사직 야구장,18:30,30.4
구승민,2020,Lotte,2020-08-07,@ Doosan,RP,H,0.0,0.0,1,7,0,0,0,0,0,0,0,,Away,잠실 야구장,18:30,27.2
구승민,2020,Lotte,2020-07-28,vs. NC,RP,,0.0,1.5,1 ⅓,28,0,0,1,0,3,1,0,,Home,사직 야구장,18:30,24.9
구승민,2020,Lotte,2020-07-24,@ Kiwoom,RP,H,0.0,1.0,1,13,0,0,1,0,1,0,0,,Away,고척 스카이돔,18:30,25.5
구승민,2020,Lotte,2020-07-21,@ SK,RP,H,9.0,1.0,1,18,1,1,1,1,0,0,0,,Away,인천 SSG 랜더스필드,18:30,26.6
구승민,2020,Lotte,2020-07-19,@ Samsung,RP,H,0.0,2.0,1,17,0,0,1,0,0,1,0,,Away,대구 삼성 라이온즈 파크,17:00,27.3
구승민,2020,Lotte,2020-07-18,@ Samsung,RP,,0.0,0.0,1,17,0,0,0,0,2,0,0,,Away,대구 삼성 라이온즈 파크,18:00,25.0
구승민,2020,Lotte,2020-07-16,vs. LG,RP,H,0.0,1.0,1,11,0,0,0,0,0,1,0,,Home,사직 야구장,18:30,24.0
구승민,2020,Lotte,2020-07-11,vs. Doosan,RP,H,0.0,0.0,1,14,0,0,0,0,2,0,0,,Home,사직 야구장,18:00,23.8
구승민,2020,Lotte,2020-07-09,@ Hanwha,RP,H,0.0,0.75,1 ⅓,22,0,0,1,0,0,0,0,,Away,대전 한화생명 볼파크,18:30,30.6
구승민,2020,Lotte,2020-07-07,@ Hanwha,RP,,0.0,0.0,1,15,0,0,0,0,3,0,0,,Away,대전 한화생명 볼파크,18:30,28.9
구승민,2020,Lotte,2020-07-05,vs. SK,RP,,18.0,4.0,1,24,2,2,2,0,2,2,0,,Home,사직 야구장,17:00,24.9
구승민,2020,Lotte,2020-06-30,@ NC,RP,,16.2,1.8,1 ⅔,29,3,3,2,2,2,1,0,,Away,창원 NC 파크,18:30,25.8
구승민,2020,Lotte,2020-06-28,vs. Samsung,RP,,0.0,0.0,1,11,0,0,0,0,0,0,0,,Home,사직 야구장,17:00,27.5
구승민,2020,Lotte,2020-06-19,@ KT,RP,,0.0,0.0,2,25,0,0,0,0,2,0,0,,Away,수원 KT 위즈파크,18:30,27.4
구승민,2020,Lotte,2020-06-17,@ Kiwoom,RP,H,0.0,0.6,1 ⅔,19,0,0,0,0,1,1,0,,Away,고척 스카이돔,18:30,25.5
구승민,2020,Lotte,2020-06-16,@ Kiwoom,RP,,0.0,2.0,1,29,1,0,1,0,1,1,0,,Away,고척 스카이돔,18:30,25.5
구승민,2020,Lotte,2020-06-12,@ LG,RP,,0.0,0.0,1 ⅔,19,0,0,0,0,1,0,0,,Away,잠실 야구장,18:30,26.8
구승민,2020,Lotte,2020-06-11,vs. Hanwha,RP,,0.0,0.0,1,16,0,0,0,0,1,0,0,,Home,사직 야구장,18:30,26.1
구승민,2020,Lotte,2020-06-07,vs. KT,RP,,27.0,12.0,0 ⅓,20,1,1,4,0,1,0,0,,Home,사직 야구장,17:00,23.2
구승민,2020,Lotte,2020-06-05,vs. KT,RP,W,9.0,1.0,1,12,1,1,1,1,1,0,0,,Home,사직 야구장,18:30,24.1
구승민,2020,Lotte,2020-05-31,@ Doosan,RP,,0.0,0.0,1,14,0,0,0,0,0,0,0,,Away,잠실 야구장,14:00,27.5
구승민,2020,Lotte,2020-05-30,@ Doosan,RP,,0.0,1.0,1,14,0,0,1,0,1,0,0,,Away,잠실 야구장,17:00,28.5
구승민,2020,Lotte,2020-05-28,vs. Samsung,RP,,0.0,0.75,1 ⅓,24,0,0,0,0,1,1,0,,Home,사직 야구장,18:30,21.1
구승민,2020,Lotte,2020-05-26,vs. Samsung,RP,W,0.0,0.0,1,8,0,0,0,0,0,0,0,,Home,사직 야구장,18:30,18.4
구승민,2020,Lotte,2020-05-24,vs. Kiwoom,RP,H,0.0,0.0,0 ⅔,5,0,0,0,0,0,0,0,,Home,사직 야구장,14:00,21.7
구승민,2020,Lotte,2020-05-22,vs. Kiwoom,RP,H,0.0,0.0,1,15,0,0,0,0,3,0,0,,Home,사직 야구장,18:30,17.4
구승민,2020,Lotte,2020-05-16,@ Hanwha,RP,H,0.0,1.0,1,14,0,0,1,0,0,0,0,,Away,대전 한화생명 볼파크,17:00,19.6
구승민,2020,Lotte,2020-05-15,@ Hanwha,RP,,0.0,0.0,1 ⅓,14,0,0,0,0,3,0,0,,Away,대전 한화생명 볼파크,18:30,15.8
구승민,2020,Lotte,2020-05-12,vs. Doosan,RP,,9.0,2.0,1,19,1,1,2,1,1,0,0,,Home,사직 야구장,18:30,17.8
구승민,2020,Lotte,2020-05-08,vs. SK,RP,W,0.0,0.0,1,9,0,0,0,0,1,0,0,,Home,사직 야구장,18:30,19.3
구승민,2020,Lotte,2020-05-07,@ KT,RP,H,0.0,0.0,1,11,0,0,0,0,0,0,0,,Away,수원 KT 위즈파크,18:30,24.6
구승민,2020,Lotte,2020-05-06,@ KT,RP,,0.0,0.0,1,5,0,0,0,0,0,0,0,,Away,수원 KT 위즈파크,18:30,23.1
이민석,2024,Lotte,2024-09-28,vs. Kia,RP,,0.0,0.43,2 ⅓,24,0,0,1,0,1,0,0,,Home,사직 야구장,17:00,26.8
이민석,2024,Lotte,2024-09-27,vs. NC,RP,,9.0,1.0,1,12,1,1,1,1,0,0,0,,Home,사직 야구장,18:30,26.5
이민석,2024,Lotte,2024-09-05,vs. KT,RP,,9.0,2.5,2,41,2,2,4,0,2,1,0,,Home,사직 야구장,18:30,30.3
이민석,2024,Lotte,2024-08-18,vs. Kiwoom,SP,,11.57,3.43,2 ⅓,54,3,3,4,0,0,4,0,33.0,Home,사직 야구장,17:00,31.5
이민석,2024,Lotte,2024-08-09,@ KT,RP,,6.0,1.67,3,65,2,2,4,0,3,1,0,,Away,수원 KT 위즈파크,18:30,31.9
이민석,2024,Lotte,2024-07-26,@ NC,RP,,0.0,,0,4,1,1,0,0,0,1,0,,Away,창원 NC 파크,18:30,31.2
이민석,2024,Lotte,2024-07-20,@ Samsung,RP,,9.0,2.5,2,30,4,2,5,0,1,0,0,,Away,대구 삼성 라이온즈 파크,18:00,30.2
이민석,2024,Lotte,2024-07-17,vs. Doosan,RP,,0.0,,0,7,0,0,0,0,0,1,1,,Home,사직 야구장,18:30,29.1
이민석,2024,Lotte,2024-07-13,vs. KT,RP,H,0.0,0.0,0 ⅔,7,0,0,0,0,0,0,0,,Home,사직 야구장,18:00,27.2
이민석,2024,Lotte,2024-07-11,@ SSG,RP,,6.75,3.0,1 ⅓,26,1,1,3,0,0,1,0,,Away,인천 SSG 랜더스필드,18:30,27.1
이민석,2024,Lotte,2024-07-09,@ SSG,RP,,0.0,6.0,0 ⅓,16,0,0,1,0,1,1,0,,Away,인천 SSG 랜더스필드,18:30,26.6
이민석,2024,Lotte,2024-07-04,@ Doosan,RP,,0.0,1.0,1,18,0,0,0,0,0,1,0,,Away,잠실 야구장,18:30,30.0
이민석,2024,Lotte,2024-07-03,@ Doosan,RP,L,18.0,2.0,1,25,2,2,1,0,0,1,0,,Away,잠실 야구장,18:30,26.9
이민석,2024,Lotte,2024-06-27,vs. Kia,RP,,4.5,1.0,2,27,1,1,2,1,0,0,0,,Home,사직 야구장,18:30,23.7
이민석,2024,Lotte,2024-06-14,@ LG,SP,L,15.43,3.86,2 ⅓,67,4,4,3,0,3,6,0,32.0,Away,잠실 야구장,18:30,27.3
이민석,2024,Lotte,2024-06-07,vs. SSG,SP,,20.25,5.25,1 ⅓,59,3,3,2,0,2,5,1,34.0,Home,사직 야구장,18:30,23.5
이민석,2024,Lotte,2024-06-01,vs. NC,SP,,1.8,1.0,5,80,1,1,4,1,3,1,0,57.0,Home,사직 야구장,17:00,24.0
이민석,2024,Lotte,2024-05-19,@ Doosan,SP,,5.4,1.2,3 ⅓,65,2,2,3,0,4,1,0,49.0,Away,잠실 야구장,14:00,26.8
이민석,2023,Lotte,2023-04-01,@ Doosan,RP,,0.0,0.75,1 ⅓,27,0,0,0,0,1,1,0,,Away,잠실 야구장,14:00,25.0
이민석,2022,Lotte,2022-10-03,vs. Doosan,RP,,0.0,0.0,1 ⅔,26,0,0,0,0,2,0,0,,Home,사직 야구장,18:30,24.7
이민석,2022,Lotte,2022-10-02,vs. Doosan,RP,H,0.0,0.0,0 ⅓,2,0,0,0,0,0,0,0,,Home,사직 야구장,14:00,27.5
이민석,2022,Lotte,2022-09-30,@ Hanwha,RP,H,0.0,0.0,1,8,0,0,0,0,2,0,0,,Away,대전 한화생명 볼파크,18:30,22.7
이민석,2022,Lotte,2022-09-24,@ Kiwoom,RP,,108.0,12.0,0 ⅓,14,4,4,4,0,0,0,0,,Away,고척 스카이돔,17:00,25.5
이민석,2022,Lotte,2022-09-22,@ LG,RP,,0.0,0.5,2,29,0,0,0,0,2,1,0,,Away,잠실 야구장,18:30,22.7
이민석,2022,Lotte,2022-09-18,@ KT,RP,L,0.0,,0,10,3,3,3,0,0,0,0,,Away,수원 KT 위즈파크,14:00,31.7
이민석,2022,Lotte,2022-09-16,vs. Kiwoom,RP,,81.0,9.0,0 ⅓,24,4,3,2,0,0,1,0,,Home,사직 야구장,18:30,29.0
이민석,2022,Lotte,2022-09-13,vs. SSG,RP,,9.0,1.0,1,16,1,1,1,0,0,0,0,,Home,사직 야구장,18:30,25.9
이민석,2022,Lotte,2022-09-11,vs. NC,RP,,0.0,1.5,0 ⅔,14,0,0,0,0,2,1,0,,Home,사직 야구장,14:00,28.7
이민석,2022,Lotte,2022-09-10,vs. NC,RP,,0.0,1.0,1,16,0,0,1,0,2,0,0,,Home,사직 야구장,17:00,24.8
이민석,2022,Lotte,2022-09-08,@ Samsung,RP,W,0.0,1.0,1,14,0,0,1,0,2,0,0,,Away,대구 삼성 라이온즈 파크,18:30,25.2
이민석,2022,Lotte,2022-09-07,vs. Kia,RP,,0.0,1.0,1,16,0,0,1,0,2,0,0,,Home,사직 야구장,18:30,24.9
이민석,2022,Lotte,2022-09-04,vs. LG,RP,,0.0,,0,8,3,2,1,0,0,1,0,,Home,사직 야구장,14:00,30.9
이민석,2022,Lotte,2022-09-02,@ Doosan,RP,,0.0,1.0,1,14,0,0,1,0,3,0,0,,Away,잠실 야구장,18:30,28.0
이민석,2022,Lotte,2022-08-30,@ Kiwoom,RP,,0.0,2.25,1 ⅓,31,0,0,2,0,3,1,0,,Away,고척 스카이돔,18:30,25.5
이민석,2022,Lotte,2022-08-26,vs. Samsung,RP,,13.5,4.5,0 ⅔,26,1,1,0,0,0,3,1,,Home,사직 야구장,18:30,26.4
이민석,2022,Lotte,2022-08-23,@ NC,RP,,0.0,2.4,1 ⅔,34,0,0,3,0,4,1,0,,Away,창원 NC 파크,18:30,28.0
이민석,2022,Lotte,2022-08-21,vs. Hanwha,RP,,9.0,2.0,1,19,1,1,1,1,0,1,0,,Home,사직 야구장,17:00,28.5
이민석,2022,Lotte,2022-08-19,vs. KT,RP,H,0.0,1.0,1,18,0,0,0,0,1,1,0,,Home,사직 야구장,18:30,30.3
이민석,2022,Lotte,2022-08-17,vs. Doosan,RP,H,0.0,1.0,1,20,0,0,1,0,2,0,0,,Home,사직 야구장,18:30,26.6
이민석,2022,Lotte,2022-08-12,@ Kiwoom,RP,H,6.75,1.5,1 ⅓,24,1,1,2,1,1,0,0,,Away,고척 스카이돔,18:30,25.5
이민석,2022,Lotte,2022-08-10,@ Kiwoom,RP,,9.0,2.0,1,17,1,1,2,0,1,0,0,,Away,고척 스카이돔,18:30,25.5
이민석,2022,Lotte,2022-08-07,vs. NC,RP,,0.0,2.0,3,56,0,0,4,0,2,2,0,,Home,사직 야구장,17:00,32.1
이민석,2022,Lotte,2022-08-04,vs. LG,RP,,4.5,2.5,2,33,3,1,4,1,0,1,0,,Home,사직 야구장,18:30,31.0
이민석,2022,Lotte,2022-07-31,@ Samsung,SP,,10.8,3.0,3 ⅓,81,4,4,7,1,4,3,0,31.0,Away,대구 삼성 라이온즈 파크,17:00,29.8
이민석,2022,Lotte,2022-07-26,@ Doosan,RP,,0.0,0.5,4,55,0,0,1,0,2,1,1,,Away,잠실 야구장,18:30,32.5
이민석,2022,Lotte,2022-07-10,@ KT,RP,,0.0,2.0,1,20,1,0,1,0,0,1,0,,Away,수원 KT 위즈파크,17:00,34.3
나균안,2024,Lotte,2024-09-28,vs. Kia,RP,,9.0,1.0,1,14,1,1,1,0,1,0,0,,Home,사직 야구장,17:00,26.8
나균안,2024,Lotte,2024-09-26,vs. Doosan,RP,,0.0,2.25,1 ⅓,31,0,0,0,0,1,3,0,,Home,사직 야구장,18:30,27.2
나균안,2024,Lotte,2024-09-24,@ KT,RP,,6.75,0.75,1 ⅓,24,1,1,1,1,1,0,0,,Away,수원 KT 위즈파크,18:30,23.7
나균안,2024,Lotte,2024-09-22,@ Hanwha,RP,,0.0,3.0,0 ⅓,8,0,0,1,0,1,0,0,,Away,대전 한화생명 볼파크,14:00,25.7
나균안,2024,Lotte,2024-09-19,vs. LG,RP,,6.75,2.25,1 ⅓,22,1,1,3,0,2,0,0,,Home,사직 야구장,18:30,32.4
나균안,2024,Lotte,2024-09-18,vs. LG,RP,,0.0,1.5,0 ⅔,7,0,0,1,0,1,0,0,,Home,사직 야구장,18:30,31.3
나균안,2024,Lotte,2024-09-15,vs. Hanwha,RP,,0.0,6.0,0 ⅓,13,1,0,1,0,1,1,0,,Home,사직 야구장,14:00,32.7
나균안,2024,Lotte,2024-09-13,vs. Hanwha,RP,,54.0,9.0,0 ⅓,15,2,2,3,1,1,0,0,,Home,사직 야구장,18:30,31.7
나균안,2024,Lotte,2024-09-11,@ SSG,RP,W,0.0,2.25,1 ⅓,31,0,0,1,0,3,2,0,,Away,인천 SSG 랜더스필드,18:30,30.8
나균안,2024,Lotte,2024-09-06,vs. Samsung,RP,,9.0,1.0,2,27,2,2,2,1,1,0,0,,Home,사직 야구장,18:30,29.1
나균안,2024,Lotte,2024-09-03,@ Samsung,RP,,27.0,3.0,0 ⅓,9,1,1,1,1,1,0,0,,Away,대구 삼성 라이온즈 파크,18:30,27.1
나균안,2024,Lotte,2024-09-01,@ Doosan,RP,W,0.0,0.5,2,33,0,0,1,0,4,0,0,,Away,잠실 야구장,14:00,30.2
나균안,2024,Lotte,2024-06-25,vs. Kia,SP,,43.2,7.8,1 ⅔,83,8,8,7,1,2,6,0,5.0,Home,사직 야구장,18:30,24.2
나균안,2024,Lotte,2024-06-19,@ KT,SP,W,7.2,2.0,5,90,4,4,8,0,4,2,1,36.0,Away,수원 KT 위즈파크,18:30,32.0
나균안,2024,Lotte,2024-06-13,vs. Kiwoom,SP,,7.2,1.6,5,82,4,4,6,1,2,2,1,38.0,Home,사직 야구장,18:30,27.1
나균안,2024,Lotte,2024-05-30,@ Hanwha,SP,L,18.9,3.6,3 ⅓,90,7,7,6,0,3,6,0,17.0,Away,대전 한화생명 볼파크,18:30,23.9
나균안,2024,Lotte,2024-05-24,vs. Samsung,SP,L,11.25,2.75,4,99,5,5,4,0,6,7,0,33.0,Home,사직 야구장,18:30,19.9
나균안,2024,Lotte,2024-05-18,@ Doosan,SP,L,14.54,2.31,4 ⅓,83,7,7,9,3,5,1,0,21.0,Away,잠실 야구장,17:00,25.3
나균안,2024,Lotte,2024-05-09,vs. Hanwha,SP,,12.0,2.67,3,66,4,4,7,1,0,1,0,28.0,Home,사직 야구장,18:30,18.9
나균안,2024,Lotte,2024-05-03,@ Samsung,SP,,11.25,2.5,4,86,5,5,7,0,3,3,1,27.0,Away,대구 삼성 라이온즈 파크,18:30,20.0
나균안,2024,Lotte,2024-04-27,@ NC,SP,L,3.6,1.8,5,103,2,2,8,0,5,1,1,46.0,Away,창원 NC 파크,17:00,23.7
나균안,2024,Lotte,2024-04-21,vs. KT,SP,W,4.5,1.5,6,91,3,3,8,2,5,1,0,48.0,Home,사직 야구장,14:00,17.6
나균안,2024,Lotte,2024-04-14,@ Kiwoom,SP,L,15.0,3.67,3,86,5,5,9,1,1,2,0,20.0,Away,고척 스카이돔,14:00,25.5
나균안,2024,Lotte,2024-04-09,vs. Samsung,SP,L,6.75,2.06,5 ⅓,104,4,4,8,1,7,3,0,40.0,Home,사직 야구장,18:30,12.3
나균안,2024,Lotte,2024-04-02,@ Hanwha,SP,,0.0,1.17,6,101,0,0,4,0,10,3,0,71.0,Away,대전 한화생명 볼파크,18:30,22.9
나균안,2024,Lotte,2024-03-27,@ Kia,SP,L,5.4,2.0,5,93,6,3,7,1,3,3,1,34.0,Away,광주 기아 챔피언스 필드,18:30,13.6
나균안,2023,Lotte,2023-10-15,@ Hanwha,SP,L,11.81,1.88,5 ⅓,95,7,7,8,1,3,2,1,24.0,Away,대전 한화생명 볼파크,14:00,19.0
나균안,2023,Lotte,2023-09-21,@ KT,SP,L,3.6,1.4,5,92,5,2,6,1,5,1,1,44.0,Away,수원 KT 위즈파크,18:30,21.8
나균안,2023,Lotte,2023-09-12,vs. NC,SP,,4.5,2.0,6,122,3,3,11,0,8,1,0,45.0,Home,사직 야구장,18:30,28.7
나균안,2023,Lotte,2023-09-06,vs. Samsung,SP,,0.0,1.17,6,115,1,0,4,0,8,3,0,67.0,Home,사직 야구장,18:30,27.9
나균안,2023,Lotte,2023-08-27,vs. KT,SP,L,2.57,0.86,7,110,2,2,6,0,9,0,0,66.0,Home,사직 야구장,17:00,30.3
나균안,2023,Lotte,2023-08-19,@ Kiwoom,SP,L,5.4,1.6,5,99,3,3,6,0,5,2,0,46.0,Away,고척 스카이돔,18:00,25.5
나균안,2023,Lotte,2023-07-25,@ Doosan,SP,L,11.25,2.5,4,92,6,5,6,1,3,4,0,27.0,Away,잠실 야구장,18:30,30.3
나균안,2023,Lotte,2023-07-12,@ NC,SP,L,4.5,2.75,4,84,2,2,9,1,2,2,0,36.0,Away,창원 NC 파크,18:30,28.5
나균안,2023,Lotte,2023-07-05,@ Hanwha,SP,,3.6,1.2,5,89,3,2,4,1,1,2,0,48.0,Away,대전 한화생명 볼파크,18:30,26.6
나균안,2023,Lotte,2023-06-21,@ KT,SP,L,10.8,2.4,5,99,6,6,10,0,3,2,0,24.0,Away,수원 KT 위즈파크,18:30,24.5
나균안,2023,Lotte,2023-06-15,vs. Hanwha,SP,,6.75,3.0,4,91,3,3,8,2,2,4,0,32.0,Home,사직 야구장,18:30,23.9
나균안,2023,Lotte,2023-06-09,@ Samsung,SP,W,1.29,1.43,7,112,1,1,7,0,5,3,0,61.0,Away,대구 삼성 라이온즈 파크,18:30,23.9
나균안,2023,Lotte,2023-06-03,vs. Kia,SP,,4.5,1.33,6,90,3,3,6,0,3,2,0,49.0,Home,사직 야구장,17:00,22.6
나균안,2023,Lotte,2023-05-28,@ Kiwoom,SP,,1.5,1.17,6,94,1,1,5,0,9,2,0,65.0,Away,고척 스카이돔,14:00,25.5
나균안,2023,Lotte,2023-05-23,vs. NC,SP,W,0.0,1.0,6,86,0,0,5,0,5,1,0,66.0,Home,사직 야구장,18:30,19.5
나균안,2023,Lotte,2023-05-17,@ Hanwha,SP,,1.42,0.79,6 ⅓,95,1,1,4,0,8,1,0,68.0,Away,대전 한화생명 볼파크,18:30,27.9
나균안,2023,Lotte,2023-05-11,vs. Doosan,SP,,7.2,1.6,5,79,4,4,8,0,2,0,0,37.0,Home,사직 야구장,18:30,19.5
나균안,2023,Lotte,2023-05-03,@ Kia,SP,L,11.25,1.75,4,70,5,5,5,1,4,2,0,34.0,Away,광주 기아 챔피언스 필드,18:30,18.8
나균안,2023,Lotte,2023-04-27,vs. Hanwha,SP,W,0.0,0.5,8,107,0,0,4,0,7,0,1,80.0,Home,사직 야구장,18:30,16.8
나균안,2023,Lotte,2023-04-21,@ NC,SP,,2.57,0.71,7,100,2,2,3,0,6,2,1,66.0,Away,창원 NC 파크,18:30,18.2
나균안,2023,Lotte,2023-04-15,@ Samsung,SP,W,5.4,1.8,5,104,3,3,6,0,4,3,1,43.0,Away,대구 삼성 라이온즈 파크,17:00,15.8
나균안,2023,Lotte,2023-04-09,vs. KT,SP,W,0.0,0.71,7,83,0,0,4,0,8,1,0,76.0,Home,사직 야구장,14:00,17.2
나균안,2023,Lotte,2023-04-02,@ Doosan,SP,W,0.0,1.05,6 ⅔,100,0,0,5,0,4,2,0,66.0,Away,잠실 야구장,14:00,24.3
나균안,2022,Lotte,2022-10-03,vs. Doosan,SP,L,7.71,2.14,4 ⅔,91,4,4,8,1,4,2,1,33.0,Home,사직 야구장,18:30,24.7
나균안,2022,Lotte,2022-09-20,@ Hanwha,SP,,5.06,1.69,5 ⅓,93,3,3,7,0,4,2,0,44.0,Away,대전 한화생명 볼파크,18:30,20.7
나균안,2022,Lotte,2022-09-14,vs. SSG,SP,L,6.23,2.31,4 ⅓,85,3,3,7,0,2,3,0,36.0,Home,사직 야구장,18:30,26.2
나균안,2022,Lotte,2022-09-08,@ Samsung,SP,,1.29,0.86,7,96,1,1,4,0,6,2,0,69.0,Away,대구 삼성 라이온즈 파크,18:30,25.2
나균안,2022,Lotte,2022-09-01,@ Doosan,SP,,0.0,0.43,7,100,0,0,2,0,11,1,0,83.0,Away,잠실 야구장,18:30,27.8
나균안,2022,Lotte,2022-08-26,vs. Samsung,SP,W,3.0,1.0,6,86,2,2,6,1,5,0,1,56.0,Home,사직 야구장,18:30,26.4
나균안,2022,Lotte,2022-08-20,vs. Hanwha,SP,L,0.0,1.14,7,98,2,0,5,0,7,3,0,67.0,Home,사직 야구장,18:00,28.0
나균안,2022,Lotte,2022-08-13,@ Kia,SP,L,11.25,2.0,4,88,5,5,6,1,2,2,0,30.0,Away,광주 기아 챔피언스 필드,18:00,32.3
나균안,2022,Lotte,2022-08-05,vs. NC,SP,W,1.5,0.83,6,81,1,1,3,0,4,2,0,64.0,Home,사직 야구장,18:30,32.1
나균안,2022,Lotte,2022-07-31,@ Samsung,RP,,4.5,1.0,2,36,1,1,2,0,3,0,0,,Away,대구 삼성 라이온즈 파크,17:00,29.8
나균안,2022,Lotte,2022-07-29,@ Samsung,RP,,0.0,0.67,3,46,0,0,2,0,4,0,0,,Away,대구 삼성 라이온즈 파크,18:30,31.9
나균안,2022,Lotte,2022-07-26,@ Doosan,RP,,3.38,1.5,2 ⅔,35,1,1,4,0,2,0,0,,Away,잠실 야구장,18:30,32.5
나균안,2022,Lotte,2022-07-14,vs. Hanwha,RP,,54.0,6.0,0 ⅓,14,2,2,2,1,1,0,0,,Home,사직 야구장,18:30,29.6
나균안,2022,Lotte,2022-07-12,vs. Hanwha,RP,,0.0,2.0,1,23,0,0,2,0,3,0,0,,Home,사직 야구장,18:30,26.7
나균안,2022,Lotte,2022-07-10,@ KT,RP,,0.0,1.0,1,17,0,0,1,0,1,0,0,,Away,수원 KT 위즈파크,17:00,34.3
나균안,2022,Lotte,2022-07-07,@ SSG,RP,,7.71,1.71,2 ⅓,41,2,2,3,0,3,1,0,,Away,인천 SSG 랜더스필드,18:30,29.3
나균안,2022,Lotte,2022-07-03,@ LG,RP,,0.0,1.0,1,16,0,0,0,0,1,1,0,,Away,잠실 야구장,17:00,33.2
나균안,2022,Lotte,2022-07-01,@ LG,RP,L,13.5,4.5,0 ⅔,16,1,1,3,0,2,0,0,,Away,잠실 야구장,18:30,30.9
나균안,2022,Lotte,2022-06-26,vs. Kiwoom,RP,,54.0,12.0,0 ⅓,19,2,2,3,0,1,1,0,,Home,사직 야구장,17:00,27.3
나균안,2022,Lotte,2022-06-24,vs. Kiwoom,RP,,0.0,1.0,1,19,0,0,1,0,2,0,0,,Home,사직 야구장,18:30,26.6
나균안,2022,Lotte,2022-06-23,@ Kia,RP,L,20.25,2.25,1 ⅓,28,3,3,3,0,1,0,0,,Away,광주 기아 챔피언스 필드,18:30,29.7
나균안,2022,Lotte,2022-06-21,@ Kia,RP,,0.0,0.0,2,27,0,0,0,0,2,0,0,,Away,광주 기아 챔피언스 필드,18:30,30.9
나균안,2022,Lotte,2022-06-18,vs. SSG,RP,,9.0,2.5,2,29,2,2,5,0,2,0,0,,Home,사직 야구장,17:00,27.6
나균안,2022,Lotte,2022-06-11,vs. KT,SP,L,6.0,1.33,6,96,4,4,8,0,5,0,0,45.0,Home,사직 야구장,17:00,26.0
나균안,2022,Lotte,2022-06-07,vs. Samsung,RP,H,0.0,1.5,0 ⅔,18,0,0,0,0,1,1,0,,Home,사직 야구장,18:30,19.0
나균안,2022,Lotte,2022-06-01,vs. LG,SP,L,23.14,3.86,2 ⅓,75,6,6,7,1,1,2,1,17.0,Home,사직 야구장,18:30,23.6
나균안,2022,Lotte,2022-05-26,@ SSG,SP,,7.2,1.8,5,84,4,4,8,0,2,1,0,36.0,Away,인천 SSG 랜더스필드,18:30,18.1
나균안,2022,Lotte,2022-05-20,@ Doosan,SP,W,0.0,0.75,6 ⅔,86,0,0,4,0,5,1,0,70.0,Away,잠실 야구장,18:30,24.4
나균안,2022,Lotte,2022-05-15,@ Hanwha,RP,,0.0,1.0,1,14,0,0,1,0,2,0,0,,Away,대전 한화생명 볼파크,14:00,20.7
나균안,2022,Lotte,2022-05-11,vs. NC,RP,,6.75,2.25,2 ⅔,54,2,2,4,0,2,2,0,,Home,사직 야구장,18:30,19.4
나균안,2022,Lotte,2022-05-07,vs. Samsung,RP,,0.0,1.5,2 ⅔,29,0,0,3,0,1,1,0,,Home,사직 야구장,17:00,20.0
나균안,2022,Lotte,2022-05-06,vs. Samsung,RP,,0.0,0.0,1 ⅓,14,0,0,0,0,1,0,0,,Home,사직 야구장,18:30,20.8
나균안,2022,Lotte,2022-05-03,@ KT,RP,,0.0,0.0,2,21,0,0,0,0,3,0,0,,Away,수원 KT 위즈파크,18:30,18.8
나균안,2022,Lotte,2022-04-29,@ LG,RP,,3.86,2.57,2 ⅓,61,1,1,3,0,5,3,0,,Away,잠실 야구장,18:30,15.0
나균안,2022,Lotte,2022-04-27,vs. SSG,RP,,0.0,0.5,2,34,0,0,0,0,2,1,0,,Home,사직 야구장,18:30,16.0
나균안,2022,Lotte,2022-04-21,vs. Hanwha,RP,,0.0,1.25,4,61,0,0,2,0,5,3,0,,Home,사직 야구장,18:30,14.4
나균안,2022,Lotte,2022-04-14,@ Kia,RP,H,0.0,0.0,1 ⅔,27,0,0,0,0,4,0,0,,Away,광주 기아 챔피언스 필드,18:30,18.4
나균안,2022,Lotte,2022-04-08,vs. Doosan,RP,,3.6,1.2,5,82,2,2,5,0,10,1,0,,Home,사직 야구장,18:30,15.6
나균안,2022,Lotte,2022-04-06,@ NC,RP,,0.0,6.0,0 ⅓,21,1,0,1,0,1,1,0,,Away,창원 NC 파크,18:30,15.7
나균안,2021,Lotte,2021-09-26,@ Kiwoom,RP,,54.0,6.0,0 ⅔,15,4,4,4,1,1,0,0,,Away,고척 스카이돔,14:00,25.5
나균안,2021,Lotte,2021-09-24,@ SSG,RP,,0.0,0.0,0 ⅔,7,0,0,0,0,1,0,0,,Away,인천 SSG 랜더스필드,18:30,24.3
나균안,2021,Lotte,2021-09-23,@ SSG,RP,,0.0,1.71,2 ⅓,33,0,0,3,0,0,1,0,,Away,인천 SSG 랜더스필드,18:30,23.4
나균안,2021,Lotte,2021-09-21,vs. Samsung,RP,,20.25,3.0,1 ⅓,25,3,3,3,0,1,1,0,,Home,사직 야구장,18:30,26.3
나균안,2021,Lotte,2021-09-15,@ Kia,SP,,9.0,2.0,3,64,3,3,5,0,2,1,0,38.0,Away,광주 기아 챔피언스 필드,18:30,26.9
나균안,2021,Lotte,2021-09-12,vs. Kiwoom,RP,,0.0,1.0,1,23,0,0,1,0,1,0,0,,Home,사직 야구장,14:00,29.1
나균안,2021,Lotte,2021-09-09,vs. SSG,RP,,13.5,4.5,0 ⅔,21,1,1,2,0,0,1,0,,Home,사직 야구장,18:30,26.1
나균안,2021,Lotte,2021-08-25,@ Kia,RP,,13.5,4.5,0 ⅔,22,1,1,2,0,1,1,0,,Away,광주 기아 챔피언스 필드,18:30,30.4
나균안,2021,Lotte,2021-08-20,vs. KT,RP,,0.0,1.0,1,16,0,0,0,0,0,1,0,,Home,사직 야구장,18:30,29.0
나균안,2021,Lotte,2021-08-15,@ LG,RP,,0.0,1.0,2,26,0,0,1,0,3,1,0,,Away,잠실 야구장,17:00,31.0
나균안,2021,Lotte,2021-08-14,@ LG,RP,,0.0,3.0,0 ⅔,19,1,0,1,0,1,1,0,,Away,잠실 야구장,18:00,28.6
나균안,2021,Lotte,2021-08-11,@ NC,RP,H,27.0,3.0,0 ⅓,6,1,1,1,1,0,0,0,,Away,창원 NC 파크,18:30,27.2
나균안,2021,Lotte,2021-07-09,@ Samsung,RP,SV,0.0,0.0,0 ⅔,12,0,0,0,0,1,0,0,,Away,대구 삼성 라이온즈 파크,18:30,28.5
나균안,2021,Lotte,2021-06-19,vs. Samsung,SP,L,9.0,2.5,4,82,4,4,6,0,1,4,0,31.0,Home,사직 야구장,17:00,26.5
나균안,2021,Lotte,2021-06-13,vs. Kia,SP,L,15.0,3.0,3,68,5,5,7,1,0,2,0,23.0,Home,사직 야구장,17:00,27.2
나균안,2021,Lotte,2021-06-06,@ KT,SP,,15.0,2.67,3,65,5,5,6,0,1,2,0,26.0,Away,수원 KT 위즈파크,17:00,27.2
나균안,2021,Lotte,2021-06-01,@ Kiwoom,SP,W,0.0,0.9,6 ⅔,95,0,0,3,0,4,3,0,69.0,Away,고척 스카이돔,18:30,25.5
나균안,2021,Lotte,2021-05-26,vs. LG,SP,,6.23,2.54,4 ⅓,89,3,3,8,1,1,3,0,33.0,Home,사직 야구장,18:30,18.7
나균안,2021,Lotte,2021-05-15,vs. KT,SP,,0.0,0.8,5,73,0,0,4,0,4,0,0,63.0,Home,사직 야구장,17:00,19.2
나균안,2021,Lotte,2021-05-11,vs. SSG,RP,,9.0,2.0,1,27,1,1,1,0,1,1,0,,Home,사직 야구장,18:30,17.2
나균안,2021,Lotte,2021-05-08,@ Samsung,RP,,0.0,1.2,1 ⅔,27,2,0,2,0,2,0,0,,Away,대구 삼성 라이온즈 파크,17:00,18.1
나균안,2021,Lotte,2021-05-06,vs. Kia,RP,,0.0,1.0,1,19,0,0,1,0,1,0,0,,Home,사직 야구장,18:30,18.5
나균안,2021,Lotte,2021-05-05,vs. Kia,RP,,10.8,1.2,1 ⅔,27,2,2,1,0,0,1,0,,Home,사직 야구장,14:00,20.7
박진,2024,Lotte,2024-09-25,@ Kia,SP,W,1.5,0.67,6,83,1,1,4,0,7,0,0,67.0,Away,광주 기아 챔피언스 필드,18:30,27.0
박진,2024,Lotte,2024-09-17,vs. LG,SP,,8.1,2.1,3 ⅓,66,3,3,6,0,1,1,1,35.0,Home,사직 야구장,18:30,32.5
박진,2024,Lotte,2024-09-11,@ SSG,SP,,0.0,1.36,3 ⅔,56,0,0,4,0,4,1,0,56.0,Away,인천 SSG 랜더스필드,18:30,30.8
박진,2024,Lotte,2024-09-05,vs. KT,RP,,13.5,2.25,2 ⅔,53,4,4,6,0,3,0,0,,Home,사직 야구장,18:30,30.3
박진,2024,Lotte,2024-08-29,vs. Hanwha,RP,,0.0,,0,5,1,1,1,0,0,0,0,,Home,사직 야구장,18:30,31.0
박진,2024,Lotte,2024-08-28,vs. Hanwha,RP,,0.0,0.0,1,16,0,0,0,0,1,0,0,,Home,사직 야구장,18:30,30.1
박진,2024,Lotte,2024-08-24,@ Samsung,RP,,0.0,3.0,0 ⅔,12,0,0,1,0,0,1,0,,Away,대구 삼성 라이온즈 파크,18:00,31.9
박진,2024,Lotte,2024-08-23,@ Samsung,RP,L,27.0,4.5,0 ⅔,16,2,2,3,1,0,0,0,,Away,대구 삼성 라이온즈 파크,18:30,31.8
박진,2024,Lotte,2024-08-22,@ Kia,RP,,0.0,0.0,1,12,0,0,0,0,0,0,0,,Away,광주 기아 챔피언스 필드,18:30,30.9
박진,2024,Lotte,2024-08-17,vs. Kiwoom,RP,,13.5,3.0,0 ⅔,13,1,1,2,0,1,0,0,,Home,사직 야구장,18:00,31.5
박진,2024,Lotte,2024-08-14,@ Doosan,RP,,0.0,1.0,1,10,0,0,1,0,1,0,0,,Away,잠실 야구장,18:30,30.0
박진,2024,Lotte,2024-08-07,vs. NC,RP,W,9.0,2.0,1,21,1,1,2,0,1,0,0,,Home,사직 야구장,18:30,32.7
박진,2024,Lotte,2024-08-06,vs. NC,RP,,0.0,0.0,0 ⅓,2,0,0,0,0,0,0,0,,Home,사직 야구장,18:30,31.2
박진,2024,Lotte,2024-07-31,@ SSG,RP,,0.0,0.75,1 ⅓,21,0,0,1,0,3,0,0,,Away,인천 SSG 랜더스필드,18:30,31.8
박진,2024,Lotte,2024-07-30,@ SSG,RP,,9.0,1.0,1,11,1,1,1,1,0,0,1,,Away,인천 SSG 랜더스필드,18:30,30.7
박진,2024,Lotte,2024-07-28,@ NC,RP,SV,0.0,0.0,1,9,0,0,0,0,1,0,0,,Away,창원 NC 파크,17:00,33.2
박진,2024,Lotte,2024-07-27,@ NC,RP,,0.0,1.0,1,12,0,0,1,0,1,0,0,,Away,창원 NC 파크,18:00,32.0
박진,2024,Lotte,2024-07-25,vs. LG,RP,L,0.0,0.75,1 ⅓,20,1,0,0,0,3,1,0,,Home,사직 야구장,18:30,31.0
박진,2024,Lotte,2024-07-20,@ Samsung,RP,,10.8,3.6,1 ⅔,36,5,2,6,0,0,0,0,,Away,대구 삼성 라이온즈 파크,18:00,30.2
박진,2024,Lotte,2024-07-13,vs. KT,RP,,0.0,1.0,1,18,0,0,0,0,0,1,0,,Home,사직 야구장,18:00,27.2
박진,2024,Lotte,2024-07-11,@ SSG,RP,,0.0,1.5,0 ⅔,16,0,0,1,0,0,0,0,,Away,인천 SSG 랜더스필드,18:30,27.1
박진,2024,Lotte,2024-07-03,@ Doosan,RP,,18.0,3.0,1,20,2,2,2,1,0,1,0,,Away,잠실 야구장,18:30,26.9
박진,2024,Lotte,2024-06-25,vs. Kia,RP,,0.0,0.75,1 ⅓,22,0,0,0,0,2,1,0,,Home,사직 야구장,18:30,24.2
박진,2024,Lotte,2024-06-23,@ Kiwoom,RP,,0.0,0.0,1 ⅓,13,0,0,0,0,1,0,0,,Away,고척 스카이돔,14:00,25.5
박진,2024,Lotte,2024-06-20,@ KT,RP,,0.0,0.0,1,11,0,0,0,0,0,0,0,,Away,수원 KT 위즈파크,18:30,29.6
박진,2024,Lotte,2024-06-19,@ KT,RP,,0.0,1.0,1,16,0,0,0,0,0,1,0,,Away,수원 KT 위즈파크,18:30,32.0
박진,2024,Lotte,2024-06-18,@ KT,RP,,0.0,2.0,1,14,0,0,2,0,0,0,0,,Away,수원 KT 위즈파크,18:30,27.2
박진,2024,Lotte,2024-06-14,@ LG,RP,,0.0,1.0,3,49,0,0,3,0,3,0,0,,Away,잠실 야구장,18:30,27.3
박진,2024,Lotte,2024-06-13,vs. Kiwoom,RP,,9.0,3.0,1,27,1,1,1,0,0,2,0,,Home,사직 야구장,18:30,27.1
박진,2024,Lotte,2024-06-09,vs. SSG,RP,,0.0,1.0,2,23,0,0,2,0,0,0,0,,Home,사직 야구장,17:00,24.0
박진,2024,Lotte,2024-05-04,@ Samsung,RP,,0.0,2.0,1,19,0,0,2,0,1,0,0,,Away,대구 삼성 라이온즈 파크,17:00,22.4
박진,2024,Lotte,2024-04-10,vs. Samsung,RP,L,27.0,3.0,1,20,3,3,3,1,0,0,0,,Home,사직 야구장,18:30,13.1
박진,2024,Lotte,2024-04-09,vs. Samsung,RP,,0.0,1.5,0 ⅔,9,0,0,1,0,1,0,0,,Home,사직 야구장,18:30,12.3
박진,2024,Lotte,2024-04-05,vs. Doosan,RP,L,0.0,,0,4,1,1,0,0,0,1,0,,Home,사직 야구장,18:30,14.3
박진,2024,Lotte,2024-03-31,vs. NC,RP,,0.0,3.0,0 ⅓,4,0,0,1,0,0,0,0,,Home,사직 야구장,14:00,15.1
박진,2024,Lotte,2024-03-30,vs. NC,RP,,0.0,1.0,1,18,0,0,1,0,0,0,0,,Home,사직 야구장,17:00,15.6
박진,2024,Lotte,2024-03-27,@ Kia,RP,,9.0,1.0,1,18,1,1,1,0,0,0,0,,Away,광주 기아 챔피언스 필드,18:30,13.6
박진,2024,Lotte,2024-03-24,@ SSG,RP,,0.0,1.5,0 ⅔,7,0,0,1,0,0,0,0,,Away,인천 SSG 랜더스필드,14:00,20.3
박진,2023,Lotte,2023-06-16,@ SSG,RP,,16.2,4.2,1 ⅔,47,3,3,4,1,1,3,0,,Away,인천 SSG 랜더스필드,18:30,24.8
박진,2023,Lotte,2023-06-14,vs. Hanwha,RP,,4.5,2.5,2,45,1,1,2,0,1,3,0,,Home,사직 야구장,18:30,24.6
박진,2023,Lotte,2023-06-10,@ Samsung,RP,,27.0,3.0,0 ⅓,6,1,1,1,0,0,0,0,,Away,대구 삼성 라이온즈 파크,17:00,26.2
박진,2023,Lotte,2023-06-04,vs. Kia,RP,,0.0,1.0,1,15,0,0,0,0,0,1,0,,Home,사직 야구장,17:00,24.1
박진형,2024,Lotte,2024-06-18,@ KT,RP,,0.0,0.0,0 ⅔,10,0,0,0,0,1,0,0,,Away,수원 KT 위즈파크,18:30,27.2
박진형,2024,Lotte,2024-04-14,@ Kiwoom,RP,,27.0,3.0,0 ⅔,16,2,2,1,0,0,1,0,,Away,고척 스카이돔,14:00,25.5
박진형,2024,Lotte,2024-04-12,@ Kiwoom,RP,,0.0,1.0,1,16,0,0,1,0,0,0,1,,Away,고척 스카이돔,18:30,25.5
박진형,2024,Lotte,2024-04-10,vs. Samsung,RP,,13.5,1.5,0 ⅔,4,1,1,1,0,0,0,0,,Home,사직 야구장,18:30,13.1
박진형,2024,Lotte,2024-04-09,vs. Samsung,RP,,0.0,0.5,2,24,0,0,1,0,1,0,0,,Home,사직 야구장,18:30,12.3
박진형,2024,Lotte,2024-04-07,vs. Doosan,RP,,0.0,3.0,0 ⅓,8,0,0,1,0,0,0,0,,Home,사직 야구장,14:00,20.5
박진형,2024,Lotte,2024-04-05,vs. Doosan,RP,,0.0,1.0,1,17,0,0,1,0,2,0,0,,Home,사직 야구장,18:30,14.3
박진형,2021,Lotte,2021-09-11,vs. Kiwoom,RP,,0.0,3.0,0 ⅔,16,0,0,2,0,1,0,0,,Home,사직 야구장,17:00,28.4
박진형,2021,Lotte,2021-09-09,vs. SSG,RP,,0.0,2.0,1,21,0,0,1,0,2,1,0,,Home,사직 야구장,18:30,26.1
박진형,2021,Lotte,2021-09-05,@ NC,RP,,0.0,0.0,0 ⅓,2,0,0,0,0,0,0,0,,Away,창원 NC 파크,14:00,24.8
박진형,2021,Lotte,2021-09-04,@ NC,RP,,0.0,1.0,1,12,0,0,0,0,0,1,0,,Away,창원 NC 파크,17:00,25.6
박진형,2021,Lotte,2021-08-23,vs. KT,RP,,54.0,6.0,0 ⅓,17,2,2,2,0,0,0,0,,Home,사직 야구장,18:30,25.9
박진형,2021,Lotte,2021-08-22,vs. KT,RP,,0.0,6.0,0 ⅓,17,0,0,1,0,0,1,0,,Home,사직 야구장,17:00,29.3
박진형,2021,Lotte,2021-08-20,vs. KT,RP,,0.0,0.0,1,11,0,0,0,0,2,0,0,,Home,사직 야구장,18:30,29.0
박진형,2021,Lotte,2021-08-14,@ LG,RP,,0.0,3.0,0 ⅓,10,0,0,0,0,1,1,0,,Away,잠실 야구장,18:00,28.6
박진형,2021,Lotte,2021-08-12,@ NC,RP,,0.0,3.0,0 ⅓,9,0,0,1,0,1,0,0,,Away,창원 NC 파크,18:30,28.6
박진형,2021,Lotte,2021-06-03,@ Kiwoom,RP,,0.0,0.0,1,12,0,0,0,0,1,0,0,,Away,고척 스카이돔,18:30,25.5
박진형,2021,Lotte,2021-05-30,vs. NC,RP,,0.0,1.0,1,18,0,0,0,0,1,1,0,,Home,사직 야구장,14:00,23.5
박진형,2021,Lotte,2021-05-27,vs. LG,RP,,36.0,5.0,1,29,4,4,5,0,3,0,0,,Home,사직 야구장,18:30,20.2
박진형,2021,Lotte,2021-04-30,vs. Hanwha,RP,,0.0,6.0,0 ⅓,20,0,0,1,0,1,1,0,,Home,사직 야구장,18:30,18.3
박진형,2021,Lotte,2021-04-27,@ LG,RP,,0.0,2.0,1,14,0,0,2,0,0,0,0,,Away,잠실 야구장,18:30,16.5
박진형,2021,Lotte,2021-04-23,@ KT,RP,,40.5,7.5,0 ⅔,26,3,3,3,0,0,2,0,,Away,수원 KT 위즈파크,18:30,21.3
박진형,2021,Lotte,2021-04-21,vs. Doosan,RP,W,0.0,0.0,1,13,0,0,0,0,2,0,0,,Home,사직 야구장,18:30,20.4
박진형,2021,Lotte,2021-04-17,vs. Samsung,RP,,9.0,2.0,1,24,1,1,2,0,2,0,0,,Home,사직 야구장,17:00,17.0
박진형,2021,Lotte,2021-04-15,@ Kia,RP,,54.0,12.0,0 ⅓,9,2,2,3,0,1,1,0,,Away,광주 기아 챔피언스 필드,18:30,17.6
박진형,2021,Lotte,2021-04-11,vs. Kiwoom,RP,L,27.0,3.0,0 ⅓,14,1,1,0,0,1,1,0,,Home,사직 야구장,14:00,18.4
박진형,2021,Lotte,2021-04-10,vs. Kiwoom,RP,,0.0,1.0,1,15,0,0,1,0,2,0,0,,Home,사직 야구장,17:00,13.6
박진형,2021,Lotte,2021-04-08,@ NC,RP,W,5.4,0.6,1 ⅔,19,1,1,1,1,1,0,0,,Away,창원 NC 파크,18:30,13.9
박진형,2021,Lotte,2021-04-07,@ NC,RP,,0.0,0.0,0 ⅓,3,0,0,0,0,1,0,0,,Away,창원 NC 파크,18:30,15.0
박진형,2020,Lotte,2020-10-25,@ KT,RP,,27.0,6.0,0 ⅓,9,1,1,2,0,0,0,0,,Away,수원 KT 위즈파크,14:00,17.0
박진형,2020,Lotte,2020-10-21,@ SK,RP,,0.0,1.0,1,17,0,0,0,0,2,1,0,,Away,인천 SSG 랜더스필드,18:30,16.5
박진형,2020,Lotte,2020-10-20,vs. Doosan,RP,,0.0,0.0,1,15,0,0,0,0,2,0,0,,Home,사직 야구장,18:30,17.7
박진형,2020,Lotte,2020-10-11,@ Samsung,RP,,13.5,4.5,0 ⅔,24,1,1,2,0,1,1,0,,Away,대구 삼성 라이온즈 파크,14:00,20.3
박진형,2020,Lotte,2020-10-08,vs. KT,RP,,0.0,0.0,1,9,0,0,0,0,0,0,0,,Home,사직 야구장,18:30,17.9
박진형,2020,Lotte,2020-10-06,vs. KT,RP,,27.0,1.5,0 ⅔,11,2,2,1,1,0,0,1,,Home,사직 야구장,18:30,18.2
박진형,2020,Lotte,2020-09-27,@ Kia,RP,L,0.0,,0,5,1,1,1,0,0,0,0,,Away,광주 기아 챔피언스 필드,14:00,24.3
박진형,2020,Lotte,2020-09-25,@ Hanwha,RP,,0.0,,0,6,1,1,3,1,0,0,0,,Away,대전 한화생명 볼파크,18:30,23.6
박진형,2020,Lotte,2020-09-24,@ Hanwha,RP,,0.0,0.0,1,16,0,0,0,0,3,0,0,,Away,대전 한화생명 볼파크,18:30,23.3
박진형,2020,Lotte,2020-09-09,@ NC,RP,,0.0,3.0,0 ⅔,16,0,0,2,0,0,0,0,,Away,창원 NC 파크,18:30,25.9
박진형,2020,Lotte,2020-09-04,vs. Kia,RP,H,0.0,0.0,0 ⅔,11,0,0,0,0,1,0,0,,Home,사직 야구장,18:30,26.7
박진형,2020,Lotte,2020-08-29,vs. Hanwha,RP,,27.0,6.0,0 ⅔,21,2,2,4,0,2,0,0,,Home,사직 야구장,18:00,30.9
박진형,2020,Lotte,2020-08-28,vs. Kiwoom,RP,H,0.0,1.0,1,20,0,0,0,0,2,1,0,,Home,사직 야구장,18:30,29.6
박진형,2020,Lotte,2020-08-25,vs. SK,RP,L,54.0,6.0,0 ⅓,14,2,2,1,0,0,1,0,,Home,사직 야구장,18:30,31.8
박진형,2020,Lotte,2020-08-22,@ Samsung,RP,H,0.0,1.0,1,12,0,0,1,0,0,0,0,,Away,대구 삼성 라이온즈 파크,18:00,28.5
박진형,2020,Lotte,2020-08-20,@ Doosan,RP,,13.5,1.5,0 ⅔,11,1,1,1,0,1,0,0,,Away,잠실 야구장,18:30,31.0
박진형,2020,Lotte,2020-08-19,vs. Doosan,RP,,0.0,1.0,1,11,0,0,1,0,0,0,0,,Home,사직 야구장,18:30,31.2
박진형,2020,Lotte,2020-08-16,vs. Kiwoom,RP,,13.5,1.5,0 ⅔,19,1,1,1,0,0,0,2,,Home,사직 야구장,17:00,31.2
박진형,2020,Lotte,2020-08-14,vs. Kiwoom,RP,H,0.0,1.5,1 ⅓,27,0,0,1,0,2,1,0,,Home,사직 야구장,18:30,30.4
박진형,2020,Lotte,2020-08-12,vs. NC,RP,,0.0,1.0,1,9,0,0,1,0,0,0,0,,Home,사직 야구장,18:30,29.6
박진형,2020,Lotte,2020-08-01,vs. Kia,RP,,0.0,1.0,1,24,0,0,1,0,2,0,0,,Home,사직 야구장,18:00,29.0
박진형,2020,Lotte,2020-07-28,vs. NC,RP,,108.0,12.0,0 ⅓,16,4,4,4,1,0,0,0,,Home,사직 야구장,18:30,24.9
박진형,2020,Lotte,2020-07-25,@ Kiwoom,RP,H,0.0,0.0,1,11,0,0,0,0,0,0,0,,Away,고척 스카이돔,18:00,25.5
박진형,2020,Lotte,2020-07-24,@ Kiwoom,RP,H,0.0,0.0,1,14,0,0,0,0,3,0,0,,Away,고척 스카이돔,18:30,25.5
박진형,2020,Lotte,2020-07-21,@ SK,RP,H,0.0,3.0,1,20,0,0,2,0,0,1,0,,Away,인천 SSG 랜더스필드,18:30,26.6
박진형,2020,Lotte,2020-07-19,@ Samsung,RP,H,0.0,1.5,0 ⅔,7,0,0,1,0,0,0,0,,Away,대구 삼성 라이온즈 파크,17:00,27.3
박진형,2020,Lotte,2020-07-18,@ Samsung,RP,,18.0,3.0,1,28,2,2,3,2,0,0,0,,Away,대구 삼성 라이온즈 파크,18:00,25.0
박진형,2020,Lotte,2020-07-16,vs. LG,RP,H,0.0,0.0,1,13,0,0,0,0,1,0,0,,Home,사직 야구장,18:30,24.0
박진형,2020,Lotte,2020-07-11,vs. Doosan,RP,H,0.0,0.5,2,24,0,0,1,0,1,0,0,,Home,사직 야구장,18:00,23.8
박진형,2020,Lotte,2020-06-30,@ NC,RP,,81.0,6.0,0 ⅓,22,3,3,2,1,1,0,1,,Away,창원 NC 파크,18:30,25.8
박진형,2020,Lotte,2020-06-28,vs. Samsung,RP,,0.0,1.0,1,6,0,0,1,0,0,0,0,,Home,사직 야구장,17:00,27.5
박진형,2020,Lotte,2020-06-26,vs. Samsung,RP,L,27.0,4.5,0 ⅔,20,2,2,3,0,1,0,0,,Home,사직 야구장,18:30,25.7
박진형,2020,Lotte,2020-06-19,@ KT,RP,,0.0,1.5,0 ⅔,17,0,0,1,0,2,0,0,,Away,수원 KT 위즈파크,18:30,27.4
박진형,2020,Lotte,2020-06-17,@ Kiwoom,RP,,9.0,4.0,1,22,1,1,3,0,1,1,0,,Away,고척 스카이돔,18:30,25.5
박진형,2020,Lotte,2020-06-16,@ Kiwoom,RP,H,0.0,1.0,1,19,0,0,1,0,1,0,0,,Away,고척 스카이돔,18:30,25.5
박진형,2020,Lotte,2020-06-13,@ LG,RP,H,0.0,0.0,0 ⅔,10,0,0,0,0,1,0,0,,Away,잠실 야구장,17:00,30.7
박진형,2020,Lotte,2020-06-12,@ LG,RP,L,27.0,9.0,0 ⅓,16,1,1,2,0,0,1,0,,Away,잠실 야구장,18:30,26.8
박진형,2020,Lotte,2020-06-11,vs. Hanwha,RP,,0.0,0.0,1,13,0,0,0,0,3,0,0,,Home,사직 야구장,18:30,26.1
박진형,2020,Lotte,2020-06-07,vs. KT,RP,H,0.0,0.0,0 ⅔,7,0,0,0,0,0,0,0,,Home,사직 야구장,17:00,23.2
박진형,2020,Lotte,2020-06-06,vs. KT,RP,,0.0,1.0,1,17,0,0,1,0,2,0,0,,Home,사직 야구장,17:00,24.0
박진형,2020,Lotte,2020-06-05,vs. KT,RP,H,0.0,1.0,1,29,0,0,0,0,3,1,0,,Home,사직 야구장,18:30,24.1
박진형,2020,Lotte,2020-05-31,@ Doosan,RP,H,0.0,1.0,1,10,0,0,1,0,1,0,0,,Away,잠실 야구장,14:00,27.5
박진형,2020,Lotte,2020-05-30,@ Doosan,RP,,18.0,2.0,1,20,2,2,2,1,1,0,0,,Away,잠실 야구장,17:00,28.5
박진형,2020,Lotte,2020-05-26,vs. Samsung,RP,,0.0,0.0,0 ⅔,9,0,0,0,0,2,0,0,,Home,사직 야구장,18:30,18.4
박진형,2020,Lotte,2020-05-24,vs. Kiwoom,RP,H,0.0,3.0,0 ⅔,17,0,0,0,0,0,2,0,,Home,사직 야구장,14:00,21.7
박진형,2020,Lotte,2020-05-22,vs. Kiwoom,RP,W,0.0,1.0,1,20,0,0,0,0,3,1,0,,Home,사직 야구장,18:30,17.4
박진형,2020,Lotte,2020-05-17,@ Hanwha,RP,,0.0,0.0,0 ⅔,8,0,0,0,0,0,0,0,,Away,대전 한화생명 볼파크,14:00,26.3
박진형,2020,Lotte,2020-05-16,@ Hanwha,RP,H,0.0,3.0,0 ⅓,9,0,0,1,0,0,0,0,,Away,대전 한화생명 볼파크,17:00,19.6
박진형,2020,Lotte,2020-05-13,vs. Doosan,RP,,0.0,1.0,1,16,0,0,1,0,1,0,0,,Home,사직 야구장,18:30,21.0
박진형,2020,Lotte,2020-05-10,vs. SK,RP,,0.0,0.0,1,9,0,0,0,0,1,0,0,,Home,사직 야구장,14:00,19.1
박진형,2020,Lotte,2020-05-08,vs. SK,RP,,0.0,1.0,1,16,0,0,1,0,2,0,0,,Home,사직 야구장,18:30,19.3
박진형,2020,Lotte,2020-05-07,@ KT,RP,,0.0,3.0,0 ⅓,9,0,0,1,0,0,0,0,,Away,수원 KT 위즈파크,18:30,24.6
박진형,2020,Lotte,2020-05-05,@ KT,RP,,0.0,2.0,1,21,0,0,1,0,1,1,0,,Away,수원 KT 위즈파크,14:00,14.2
박세웅,2024,Lotte,2024-09-26,vs. Doosan,SP,L,6.0,1.17,6,96,4,4,7,0,3,0,0,45.0,Home,사직 야구장,18:30,27.2
박세웅,2024,Lotte,2024-09-19,vs. LG,SP,,5.68,1.42,6 ⅓,105,4,4,8,3,7,1,0,47.0,Home,사직 야구장,18:30,32.4
박세웅,2024,Lotte,2024-09-13,vs. Hanwha,SP,L,2.7,1.05,6 ⅔,100,4,2,6,0,5,1,0,54.0,Home,사직 야구장,18:30,31.7
박세웅,2024,Lotte,2024-09-07,vs. SSG,SP,,0.0,0.68,7 ⅓,97,0,0,4,0,5,1,0,74.0,Home,사직 야구장,17:00,30.8
박세웅,2024,Lotte,2024-09-01,@ Doosan,SP,,0.0,0.33,6,88,0,0,1,0,4,1,1,72.0,Away,잠실 야구장,14:00,30.2
박세웅,2024,Lotte,2024-08-27,vs. Hanwha,SP,,1.29,0.71,7,96,1,1,3,0,6,2,1,70.0,Home,사직 야구장,18:30,28.2
박세웅,2024,Lotte,2024-08-21,@ Kia,SP,,6.75,2.06,5 ⅓,106,4,4,10,0,5,1,0,36.0,Away,광주 기아 챔피언스 필드,18:30,32.4
박세웅,2024,Lotte,2024-08-15,@ Doosan,SP,L,6.35,1.94,5 ⅔,102,4,4,7,1,4,4,1,38.0,Away,잠실 야구장,18:30,30.5
박세웅,2024,Lotte,2024-08-09,@ KT,SP,L,15.75,4.25,4,79,8,7,12,1,1,5,0,4.0,Away,수원 KT 위즈파크,18:30,31.9
박세웅,2024,Lotte,2024-08-01,@ SSG,SP,,2.84,1.11,6 ⅓,101,2,2,6,1,2,1,0,54.0,Away,인천 SSG 랜더스필드,18:30,31.8
박세웅,2024,Lotte,2024-07-26,@ NC,SP,,4.15,1.62,4 ⅓,108,2,2,3,0,3,4,2,46.0,Away,창원 NC 파크,18:30,31.2
박세웅,2024,Lotte,2024-07-18,vs. Doosan,SP,L,3.38,0.5,8,103,3,3,4,1,9,0,0,71.0,Home,사직 야구장,18:30,28.8
박세웅,2024,Lotte,2024-07-12,vs. KT,SP,,4.26,0.95,6 ⅓,101,4,3,4,0,3,2,1,51.0,Home,사직 야구장,18:30,27.3
박세웅,2024,Lotte,2024-07-03,@ Doosan,SP,,13.5,2.5,4,90,6,6,8,1,4,2,0,24.0,Away,잠실 야구장,18:30,26.9
박세웅,2024,Lotte,2024-06-27,vs. Kia,SP,W,1.5,1.5,6,108,1,1,5,0,4,4,0,58.0,Home,사직 야구장,18:30,23.7
박세웅,2024,Lotte,2024-06-21,@ Kiwoom,SP,L,6.0,1.83,6,103,4,4,7,0,5,4,0,43.0,Away,고척 스카이돔,18:30,25.5
박세웅,2024,Lotte,2024-06-15,@ LG,SP,,6.0,1.33,6,109,4,4,5,0,7,3,0,50.0,Away,잠실 야구장,17:00,28.2
박세웅,2024,Lotte,2024-06-09,vs. SSG,SP,L,9.0,2.0,5,95,5,5,10,1,3,0,0,30.0,Home,사직 야구장,17:00,24.0
박세웅,2024,Lotte,2024-06-02,vs. NC,SP,,7.71,1.71,4 ⅔,93,4,4,7,0,1,1,1,33.0,Home,사직 야구장,17:00,21.6
박세웅,2024,Lotte,2024-05-28,@ Hanwha,SP,L,17.36,3.0,4 ⅔,112,10,9,11,1,4,3,1,4.0,Away,대전 한화생명 볼파크,18:30,23.5
박세웅,2024,Lotte,2024-05-22,vs. Kia,SP,W,1.13,0.63,8,87,1,1,4,0,2,1,0,71.0,Home,사직 야구장,18:30,19.8
박세웅,2024,Lotte,2024-05-16,@ KT,SP,W,0.0,0.83,6,101,0,0,4,0,6,1,1,68.0,Away,수원 KT 위즈파크,18:30,18.5
박세웅,2024,Lotte,2024-05-10,vs. LG,SP,L,7.94,1.76,5 ⅔,104,6,5,6,1,3,4,0,34.0,Home,사직 야구장,18:30,20.0
박세웅,2024,Lotte,2024-05-01,vs. Kiwoom,SP,,0.0,1.17,6,83,0,0,6,0,3,1,0,62.0,Home,사직 야구장,18:30,15.1
박세웅,2024,Lotte,2024-04-25,vs. SSG,SP,W,2.7,1.2,6 ⅔,106,2,2,6,0,5,2,1,56.0,Home,사직 야구장,18:30,17.6
박세웅,2024,Lotte,2024-04-18,@ LG,SP,W,1.5,0.83,6,81,2,1,4,0,3,1,0,60.0,Away,잠실 야구장,18:30,21.2
박세웅,2024,Lotte,2024-04-12,@ Kiwoom,SP,L,13.5,3.25,4,87,7,6,11,1,1,2,0,13.0,Away,고척 스카이돔,18:30,25.5
박세웅,2024,Lotte,2024-04-06,vs. Doosan,SP,W,1.29,0.86,7,103,1,1,5,1,9,1,0,71.0,Home,사직 야구장,17:00,18.4
박세웅,2024,Lotte,2024-03-30,vs. NC,SP,L,13.5,3.0,3 ⅓,85,8,5,9,0,3,1,1,17.0,Home,사직 야구장,17:00,15.6
박세웅,2024,Lotte,2024-03-24,@ SSG,SP,,3.6,1.4,5,97,2,2,5,0,4,2,0,51.0,Away,인천 SSG 랜더스필드,14:00,20.3
박세웅,2023,Lotte,2023-10-11,vs. Doosan,SP,W,4.5,1.33,6,107,3,3,6,0,6,2,0,52.0,Home,사직 야구장,18:30,19.8
박세웅,2023,Lotte,2023-09-22,@ SSG,SP,W,3.0,0.83,6,86,2,2,3,2,4,2,0,60.0,Away,인천 SSG 랜더스필드,18:30,23.9
박세웅,2023,Lotte,2023-09-17,@ Samsung,SP,W,3.0,1.0,6,94,2,2,5,1,4,1,0,57.0,Away,대구 삼성 라이온즈 파크,14:00,27.2
박세웅,2023,Lotte,2023-09-09,@ NC,SP,W,2.7,1.05,6 ⅔,112,2,2,6,0,9,1,0,62.0,Away,창원 NC 파크,17:00,26.9
박세웅,2023,Lotte,2023-09-04,vs. Doosan,SP,,4.15,2.31,4 ⅓,104,3,2,7,1,4,3,0,40.0,Home,사직 야구장,18:30,29.8
박세웅,2023,Lotte,2023-08-26,vs. KT,SP,,3.0,1.67,6,88,2,2,7,0,5,3,0,52.0,Home,사직 야구장,18:00,29.1
박세웅,2023,Lotte,2023-08-20,@ Kiwoom,SP,,1.5,0.83,6,107,3,1,4,1,9,1,0,64.0,Away,고척 스카이돔,14:00,25.5
박세웅,2023,Lotte,2023-08-15,vs. SSG,SP,W,3.0,1.0,6,86,2,2,4,0,3,2,0,57.0,Home,사직 야구장,18:30,30.0
박세웅,2023,Lotte,2023-08-09,@ Kiwoom,SP,L,11.57,3.86,2 ⅓,70,6,3,6,0,1,3,0,25.0,Away,고척 스카이돔,18:30,25.5
박세웅,2023,Lotte,2023-08-03,vs. NC,SP,L,3.86,1.43,7,101,3,3,8,0,7,2,0,54.0,Home,사직 야구장,18:30,32.2
박세웅,2023,Lotte,2023-07-28,@ Kia,SP,L,8.31,2.31,4 ⅓,82,6,4,8,0,4,2,0,29.0,Away,광주 기아 챔피언스 필드,18:30,32.2
박세웅,2023,Lotte,2023-07-22,vs. Kiwoom,SP,L,7.2,1.8,5,96,4,4,4,0,3,5,1,40.0,Home,사직 야구장,18:00,27.1
박세웅,2023,Lotte,2023-07-08,vs. LG,SP,L,9.53,1.41,5 ⅔,102,6,6,6,1,2,2,1,32.0,Home,사직 야구장,18:00,24.9
박세웅,2023,Lotte,2023-06-30,vs. Doosan,SP,,0.0,1.0,7,109,0,0,4,0,6,3,0,72.0,Home,사직 야구장,18:30,25.6
박세웅,2023,Lotte,2023-06-23,@ LG,SP,W,1.13,0.38,8,92,1,1,3,0,5,0,0,77.0,Away,잠실 야구장,18:30,29.5
박세웅,2023,Lotte,2023-06-17,@ SSG,SP,,1.29,0.71,7,93,1,1,3,0,2,2,0,67.0,Away,인천 SSG 랜더스필드,17:00,24.7
박세웅,2023,Lotte,2023-06-11,@ Samsung,SP,,2.7,0.75,6 ⅔,114,2,2,3,0,2,2,0,60.0,Away,대구 삼성 라이온즈 파크,17:00,24.5
박세웅,2023,Lotte,2023-06-06,vs. KT,SP,L,3.0,1.0,6,103,2,2,3,0,7,3,0,62.0,Home,사직 야구장,18:30,21.9
박세웅,2023,Lotte,2023-05-31,@ LG,SP,W,1.5,1.0,6,84,1,1,5,0,5,1,0,62.0,Away,잠실 야구장,18:30,26.4
박세웅,2023,Lotte,2023-05-25,vs. NC,SP,W,0.0,0.43,7,105,0,0,2,0,8,1,0,80.0,Home,사직 야구장,18:30,19.5
박세웅,2023,Lotte,2023-05-19,vs. SSG,SP,W,1.5,1.5,6,107,1,1,6,0,6,3,0,59.0,Home,사직 야구장,18:30,20.6
박세웅,2023,Lotte,2023-05-12,@ KT,SP,,1.8,1.4,5,96,1,1,5,0,5,2,0,56.0,Away,수원 KT 위즈파크,18:30,22.3
박세웅,2023,Lotte,2023-05-02,@ Kia,SP,,5.79,2.57,4 ⅔,111,3,3,6,0,2,6,0,36.0,Away,광주 기아 챔피언스 필드,18:30,22.3
박세웅,2023,Lotte,2023-04-23,@ NC,SP,,3.6,1.4,5,92,3,2,7,2,4,0,1,46.0,Away,창원 NC 파크,14:00,17.5
박세웅,2023,Lotte,2023-04-18,vs. Kia,SP,,7.71,2.36,4 ⅔,95,5,4,9,0,4,2,0,30.0,Home,사직 야구장,18:30,18.3
박세웅,2023,Lotte,2023-04-12,vs. LG,SP,,5.4,2.0,5,95,3,3,7,0,4,3,0,42.0,Home,사직 야구장,18:30,15.2
박세웅,2023,Lotte,2023-04-04,@ SSG,SP,L,3.86,2.14,4 ⅔,99,3,2,8,0,8,2,1,43.0,Away,인천 SSG 랜더스필드,18:30,20.3
박세웅,2022,Lotte,2022-10-02,vs. Doosan,SP,W,0.0,0.8,5,83,0,0,3,0,4,1,0,64.0,Home,사직 야구장,14:00,27.5
박세웅,2022,Lotte,2022-09-24,@ Kiwoom,SP,L,13.5,2.63,2 ⅔,61,4,4,6,1,3,1,2,30.0,Away,고척 스카이돔,17:00,25.5
박세웅,2022,Lotte,2022-09-17,@ KT,SP,W,0.0,1.2,5,99,0,0,4,0,7,2,0,64.0,Away,수원 KT 위즈파크,17:00,29.8
박세웅,2022,Lotte,2022-09-11,vs. NC,SP,L,27.0,4.29,2 ⅓,55,7,7,9,1,1,1,1,10.0,Home,사직 야구장,14:00,28.7
박세웅,2022,Lotte,2022-09-06,vs. Kia,SP,,1.8,1.4,5,81,2,1,6,1,3,1,0,51.0,Home,사직 야구장,18:30,26.9
박세웅,2022,Lotte,2022-08-31,@ Kiwoom,SP,L,8.44,2.06,5 ⅓,96,5,5,11,0,5,0,0,31.0,Away,고척 스카이돔,18:30,25.5
박세웅,2022,Lotte,2022-08-25,vs. Samsung,SP,L,0.0,1.33,6,97,6,0,6,0,4,2,0,50.0,Home,사직 야구장,18:30,27.1
박세웅,2022,Lotte,2022-08-19,vs. KT,SP,,1.8,1.6,5,101,2,1,6,0,1,2,0,48.0,Home,사직 야구장,18:30,30.3
박세웅,2022,Lotte,2022-08-12,@ Kiwoom,SP,W,0.0,0.43,7,89,0,0,3,0,7,0,0,78.0,Away,고척 스카이돔,18:30,25.5
박세웅,2022,Lotte,2022-08-04,vs. LG,SP,L,10.38,2.31,4 ⅓,93,5,5,8,0,4,2,0,29.0,Home,사직 야구장,18:30,31.0
박세웅,2022,Lotte,2022-07-30,@ Samsung,SP,W,8.44,2.06,5 ⅓,107,5,5,11,1,8,0,0,38.0,Away,대구 삼성 라이온즈 파크,18:00,30.2
박세웅,2022,Lotte,2022-07-23,vs. Kia,SP,L,4.5,1.83,6,89,3,3,10,0,4,1,0,43.0,Home,사직 야구장,18:00,27.0
박세웅,2022,Lotte,2022-07-10,@ KT,SP,W,0.0,0.67,6,91,0,0,2,0,4,2,1,69.0,Away,수원 KT 위즈파크,17:00,34.3
박세웅,2022,Lotte,2022-07-05,@ SSG,SP,,4.5,1.5,6,83,3,3,8,0,7,1,0,50.0,Away,인천 SSG 랜더스필드,18:30,30.1
박세웅,2022,Lotte,2022-06-23,@ Kia,SP,,3.0,0.83,6,75,2,2,5,0,5,0,0,57.0,Away,광주 기아 챔피언스 필드,18:30,29.7
박세웅,2022,Lotte,2022-06-17,vs. SSG,SP,L,7.11,1.89,6 ⅓,97,6,5,11,0,8,1,1,35.0,Home,사직 야구장,18:30,25.2
박세웅,2022,Lotte,2022-06-10,vs. KT,SP,L,9.0,1.33,6,106,6,6,6,2,7,2,1,40.0,Home,사직 야구장,18:30,22.4
박세웅,2022,Lotte,2022-06-02,vs. LG,SP,,1.5,0.67,6,91,1,1,3,0,5,1,1,65.0,Home,사직 야구장,18:30,22.6
박세웅,2022,Lotte,2022-05-27,vs. Kiwoom,SP,L,4.26,1.26,6 ⅓,109,3,3,8,0,6,0,0,51.0,Home,사직 야구장,18:30,25.4
박세웅,2022,Lotte,2022-05-21,@ Doosan,SP,L,6.0,1.67,6,97,5,4,8,0,3,2,1,38.0,Away,잠실 야구장,17:00,24.2
박세웅,2022,Lotte,2022-05-15,@ Hanwha,SP,L,12.6,1.8,5,75,7,7,7,2,3,2,0,26.0,Away,대전 한화생명 볼파크,14:00,20.7
박세웅,2022,Lotte,2022-05-10,vs. NC,SP,W,0.0,0.38,8,109,0,0,3,0,10,0,0,86.0,Home,사직 야구장,18:30,17.1
박세웅,2022,Lotte,2022-05-04,@ KT,SP,W,0.0,0.83,6,102,0,0,5,0,6,0,0,68.0,Away,수원 KT 위즈파크,18:30,21.5
박세웅,2022,Lotte,2022-04-27,vs. SSG,SP,,1.5,1.33,6,108,1,1,7,0,7,1,0,60.0,Home,사직 야구장,18:30,16.0
박세웅,2022,Lotte,2022-04-20,vs. Hanwha,SP,W,0.0,0.82,7 ⅓,97,0,0,5,0,8,1,0,75.0,Home,사직 야구장,18:30,20.0
박세웅,2022,Lotte,2022-04-14,@ Kia,SP,W,1.8,2.0,5,105,2,1,7,0,5,3,0,49.0,Away,광주 기아 챔피언스 필드,18:30,18.4
박세웅,2022,Lotte,2022-04-09,vs. Doosan,SP,W,3.86,1.0,7,106,4,3,6,0,7,1,0,57.0,Home,사직 야구장,17:00,19.3
박세웅,2022,Lotte,2022-04-03,@ Kiwoom,SP,,1.69,1.31,5 ⅓,97,1,1,5,0,4,2,0,56.0,Away,고척 스카이돔,14:00,25.5
박세웅,2021,Lotte,2021-10-30,vs. LG,SP,W,1.5,1.17,6,100,1,1,2,0,2,5,1,60.0,Home,사직 야구장,17:00,17.9
박세웅,2021,Lotte,2021-10-25,@ LG,SP,,5.06,0.94,5 ⅓,82,4,3,4,0,7,1,0,52.0,Away,잠실 야구장,18:30,14.3
박세웅,2021,Lotte,2021-10-14,vs. LG,SP,L,6.75,2.25,4,100,3,3,3,0,1,6,0,39.0,Home,사직 야구장,18:30,22.2
박세웅,2021,Lotte,2021-10-06,vs. Kia,SP,L,3.86,1.43,7,103,3,3,9,1,6,1,0,52.0,Home,사직 야구장,18:30,23.4
박세웅,2021,Lotte,2021-10-01,vs. KT,SP,,4.5,1.17,6,112,3,3,6,1,4,1,1,50.0,Home,사직 야구장,18:30,23.1
박세웅,2021,Lotte,2021-09-23,@ SSG,SP,,19.64,3.0,3 ⅔,90,8,8,10,2,2,1,0,10.0,Away,인천 SSG 랜더스필드,18:30,23.4
박세웅,2021,Lotte,2021-09-16,@ KT,SP,L,7.5,1.67,6,107,5,5,10,0,5,0,0,37.0,Away,수원 KT 위즈파크,18:30,25.6
박세웅,2021,Lotte,2021-09-10,vs. SSG,SP,W,1.29,0.71,7,85,1,1,3,0,8,2,0,73.0,Home,사직 야구장,18:30,24.4
박세웅,2021,Lotte,2021-09-04,@ NC,SP,W,1.29,0.86,7,84,2,1,5,1,2,1,0,62.0,Away,창원 NC 파크,17:00,25.6
박세웅,2021,Lotte,2021-08-29,vs. Doosan,SP,W,2.57,0.86,7,91,2,2,4,1,5,2,1,63.0,Home,사직 야구장,17:00,29.7
박세웅,2021,Lotte,2021-08-23,vs. KT,SP,W,0.0,0.83,6,99,0,0,3,0,5,2,0,69.0,Home,사직 야구장,18:30,25.9
박세웅,2021,Lotte,2021-08-13,@ LG,SP,W,0.0,0.38,8,95,0,0,1,0,5,2,1,82.0,Away,잠실 야구장,18:30,29.6
박세웅,2021,Lotte,2021-07-10,@ Samsung,SP,L,9.0,2.0,3,57,3,3,6,2,3,0,0,38.0,Away,대구 삼성 라이온즈 파크,18:00,28.6
박세웅,2021,Lotte,2021-07-04,@ SSG,SP,,3.0,1.33,6,104,3,2,6,1,6,2,1,53.0,Away,인천 SSG 랜더스필드,17:00,22.7
박세웅,2021,Lotte,2021-06-27,@ Doosan,SP,W,3.0,0.83,6,81,2,2,5,0,3,0,0,57.0,Away,잠실 야구장,17:00,29.6
박세웅,2021,Lotte,2021-06-22,vs. NC,SP,L,4.5,0.83,6,101,3,3,4,2,9,1,1,59.0,Home,사직 야구장,18:30,23.0
박세웅,2021,Lotte,2021-06-16,@ Hanwha,SP,L,9.0,2.25,4,85,4,4,6,0,4,3,1,34.0,Away,대전 한화생명 볼파크,18:30,27.2
박세웅,2021,Lotte,2021-06-10,vs. Doosan,SP,,1.29,1.0,7,98,1,1,4,1,2,3,0,64.0,Home,사직 야구장,18:30,24.6
박세웅,2021,Lotte,2021-06-04,@ KT,SP,W,0.0,0.67,9,117,0,0,3,0,7,3,0,85.0,Away,수원 KT 위즈파크,18:30,22.4
박세웅,2021,Lotte,2021-05-29,vs. NC,SP,L,4.5,1.67,6,100,3,3,9,0,6,1,0,47.0,Home,사직 야구장,17:00,22.0
박세웅,2021,Lotte,2021-05-22,@ Doosan,SP,,4.5,0.5,6,85,3,3,2,0,4,1,0,59.0,Away,잠실 야구장,17:00,23.3
박세웅,2021,Lotte,2021-05-13,vs. SSG,SP,,7.2,1.6,5,98,4,4,5,2,5,3,1,42.0,Home,사직 야구장,18:30,19.8
박세웅,2021,Lotte,2021-05-07,@ Samsung,SP,L,3.0,1.33,6,92,2,2,5,1,4,3,0,55.0,Away,대구 삼성 라이온즈 파크,18:30,18.8
박세웅,2021,Lotte,2021-04-30,vs. Hanwha,SP,,16.2,3.0,3 ⅓,72,6,6,7,0,4,3,1,22.0,Home,사직 야구장,18:30,18.3
박세웅,2021,Lotte,2021-04-24,@ KT,SP,W,3.6,1.4,5,91,2,2,6,1,3,1,0,49.0,Away,수원 KT 위즈파크,17:00,22.8
박세웅,2021,Lotte,2021-04-18,vs. Samsung,SP,L,4.5,1.0,6,89,3,3,4,2,1,2,0,51.0,Home,사직 야구장,14:00,16.2
박세웅,2021,Lotte,2021-04-13,@ Kia,SP,W,0.0,0.67,6,99,0,0,2,0,8,2,0,74.0,Away,광주 기아 챔피언스 필드,18:30,7.8
박세웅,2021,Lotte,2021-04-07,@ NC,SP,,6.35,1.41,5 ⅔,92,4,4,7,2,4,1,1,41.0,Away,창원 NC 파크,18:30,15.0
박세웅,2020,Lotte,2020-10-24,@ Doosan,SP,L,3.38,1.5,5 ⅓,86,2,2,6,0,1,2,0,47.0,Away,잠실 야구장,17:00,13.3
박세웅,2020,Lotte,2020-10-17,@ NC,SP,L,7.71,2.36,4 ⅔,93,4,4,10,1,5,1,0,32.0,Away,창원 NC 파크,17:00,18.9
박세웅,2020,Lotte,2020-10-11,@ Samsung,SP,L,21.0,3.67,3,71,7,7,10,1,1,1,0,11.0,Away,대구 삼성 라이온즈 파크,14:00,20.3
박세웅,2020,Lotte,2020-10-06,vs. KT,SP,,5.4,1.8,5,92,3,3,8,0,3,1,1,40.0,Home,사직 야구장,18:30,18.2
박세웅,2020,Lotte,2020-09-30,@ LG,SP,,3.0,1.17,6,104,2,2,6,1,3,1,1,53.0,Away,잠실 야구장,18:30,22.7
박세웅,2020,Lotte,2020-09-24,@ Hanwha,SP,,7.2,2.2,5,87,4,4,10,1,3,1,1,32.0,Away,대전 한화생명 볼파크,18:30,23.3
박세웅,2020,Lotte,2020-09-19,vs. NC,SP,W,0.0,0.86,7,92,0,0,5,0,4,1,1,69.0,Home,사직 야구장,17:00,23.5
박세웅,2020,Lotte,2020-09-13,@ SK,SP,L,3.86,0.71,7,91,3,3,4,2,5,1,1,60.0,Away,인천 SSG 랜더스필드,14:00,24.3
박세웅,2020,Lotte,2020-09-07,vs. LG,SP,W,7.2,2.4,5,104,4,4,10,1,7,2,0,36.0,Home,사직 야구장,18:30,25.3
박세웅,2020,Lotte,2020-09-01,@ KT,SP,L,4.5,2.0,4,89,5,2,6,0,2,2,0,36.0,Away,수원 KT 위즈파크,18:30,29.7
박세웅,2020,Lotte,2020-08-26,vs. SK,SP,,1.29,0.71,7,99,1,1,3,1,6,2,0,71.0,Home,사직 야구장,18:30,30.9
박세웅,2020,Lotte,2020-08-20,@ Doosan,SP,,1.8,1.8,5,102,1,1,6,0,4,3,0,52.0,Away,잠실 야구장,18:30,31.0
박세웅,2020,Lotte,2020-08-14,vs. Kiwoom,SP,W,0.0,0.75,5 ⅓,85,1,0,3,0,4,1,0,63.0,Home,사직 야구장,18:30,30.4
박세웅,2020,Lotte,2020-08-07,@ Doosan,SP,,6.0,1.5,6,84,4,4,8,0,2,1,0,41.0,Away,잠실 야구장,18:30,27.2
박세웅,2020,Lotte,2020-08-01,vs. Kia,SP,W,4.5,1.5,6,91,3,3,8,1,4,1,0,47.0,Home,사직 야구장,18:00,29.0
박세웅,2020,Lotte,2020-07-24,@ Kiwoom,SP,W,3.38,1.31,5 ⅓,96,2,2,5,1,7,2,0,55.0,Away,고척 스카이돔,18:30,25.5
박세웅,2020,Lotte,2020-07-18,@ Samsung,SP,,4.91,2.45,3 ⅔,91,2,2,5,0,2,4,1,40.0,Away,대구 삼성 라이온즈 파크,18:00,25.0
박세웅,2020,Lotte,2020-07-11,vs. Doosan,SP,W,0.0,1.6,5,95,2,0,5,0,4,3,0,54.0,Home,사직 야구장,18:00,23.8
박세웅,2020,Lotte,2020-07-05,vs. SK,SP,L,4.5,1.0,6,97,3,3,5,2,5,1,0,54.0,Home,사직 야구장,17:00,24.9
박세웅,2020,Lotte,2020-06-28,vs. Samsung,SP,W,4.5,0.67,6,68,3,3,4,1,2,0,0,54.0,Home,사직 야구장,17:00,27.5
박세웅,2020,Lotte,2020-06-19,@ KT,SP,,7.2,2.4,5,75,4,4,9,1,3,3,0,33.0,Away,수원 KT 위즈파크,18:30,27.4
박세웅,2020,Lotte,2020-06-13,@ LG,SP,,9.0,1.6,5,107,5,5,7,1,7,1,0,39.0,Away,잠실 야구장,17:00,30.7
박세웅,2020,Lotte,2020-06-07,vs. KT,SP,W,1.5,0.67,6,92,1,1,3,1,7,1,0,68.0,Home,사직 야구장,17:00,23.2
박세웅,2020,Lotte,2020-06-02,@ Kia,SP,L,6.0,1.5,6,99,4,4,9,2,5,0,0,43.0,Away,광주 기아 챔피언스 필드,18:30,24.6
박세웅,2020,Lotte,2020-05-27,vs. Samsung,SP,L,8.31,2.08,4 ⅓,90,4,4,5,2,3,4,2,34.0,Home,사직 야구장,18:30,19.6
박세웅,2020,Lotte,2020-05-21,@ Kia,SP,L,11.25,2.25,4,76,5,5,6,0,2,3,0,29.0,Away,광주 기아 챔피언스 필드,18:30,22.3
박세웅,2020,Lotte,2020-05-14,vs. Doosan,SP,L,1.8,1.4,5,85,3,1,5,0,5,2,0,52.0,Home,사직 야구장,18:30,21.3
박세웅,2020,Lotte,2020-05-07,@ KT,SP,,5.79,1.71,4 ⅔,87,3,3,6,0,2,2,0,40.0,Away,수원 KT 위즈파크,18:30,24.6
박시영,2024,KT,2024-07-21,vs. NC,RP,,9.0,2.0,1,21,1,1,2,1,0,0,0,,Home,수원 KT 위즈파크,17:00,31.7
박시영,2024,KT,2024-07-19,vs. NC,RP,,0.0,0.0,1,11,0,0,0,0,1,0,0,,Home,수원 KT 위즈파크,18:30,30.7
박시영,2024,KT,2024-07-10,vs. Doosan,RP,H,0.0,1.0,1,17,0,0,1,0,0,0,0,,Home,수원 KT 위즈파크,18:30,29.1
박시영,2024,KT,2024-07-02,@ Hanwha,RP,SV,18.0,3.0,1,20,2,2,3,0,1,0,0,,Away,대전 한화생명 볼파크,18:30,27.6
박시영,2024,KT,2024-06-30,vs. Samsung,RP,,0.0,1.2,1 ⅔,24,0,0,0,0,1,2,0,,Home,수원 KT 위즈파크,17:00,26.3
박시영,2024,KT,2024-06-26,@ SSG,RP,,0.0,6.0,0 ⅓,10,0,0,2,0,1,0,0,,Away,인천 SSG 랜더스필드,18:30,26.4
박시영,2024,KT,2024-06-23,@ LG,RP,H,0.0,0.0,1,12,0,0,0,0,1,0,0,,Away,잠실 야구장,17:00,28.6
박시영,2024,KT,2024-06-20,vs. Lotte,RP,H,0.0,1.5,0 ⅔,11,0,0,1,0,1,0,0,,Home,수원 KT 위즈파크,18:30,29.6
박시영,2024,KT,2024-06-18,vs. Lotte,RP,H,0.0,0.0,1,16,0,0,0,0,2,0,0,,Home,수원 KT 위즈파크,18:30,27.2
박시영,2024,KT,2024-06-14,vs. Kia,RP,,18.0,2.0,1,11,2,2,2,1,1,0,0,,Home,수원 KT 위즈파크,18:30,25.8
박시영,2024,KT,2024-06-11,@ NC,RP,,0.0,0.0,1,16,0,0,0,0,2,0,0,,Away,창원 NC 파크,18:30,26.6
박시영,2024,KT,2024-06-07,vs. LG,RP,,0.0,0.0,1,10,0,0,0,0,0,0,0,,Home,수원 KT 위즈파크,18:30,25.1
박시영,2024,KT,2024-06-05,vs. Hanwha,RP,,0.0,0.5,2,23,0,0,0,0,0,1,1,,Home,수원 KT 위즈파크,18:30,22.8
박시영,2024,KT,2024-05-30,@ Doosan,RP,,0.0,0.0,1,15,0,0,0,0,2,0,0,,Away,잠실 야구장,18:30,23.7
박시영,2024,KT,2024-05-29,@ Doosan,RP,,0.0,1.5,0 ⅔,15,0,0,1,0,0,0,0,,Away,잠실 야구장,18:30,25.4
박시영,2024,KT,2024-05-24,vs. Kiwoom,RP,,0.0,0.0,1 ⅓,12,0,0,0,0,1,0,0,,Home,수원 KT 위즈파크,18:30,22.5
박시영,2024,KT,2024-05-18,vs. LG,RP,,9.0,1.5,2,30,2,2,2,1,3,1,0,,Home,수원 KT 위즈파크,17:00,24.1
박시영,2024,KT,2024-05-17,vs. LG,RP,,0.0,2.0,1,18,0,0,2,0,1,0,0,,Home,수원 KT 위즈파크,18:30,22.1
박시영,2024,KT,2024-05-12,@ Doosan,RP,,6.75,3.0,1 ⅓,27,1,1,4,0,1,0,0,,Away,잠실 야구장,14:00,20.5
박시영,2024,KT,2024-04-23,vs. Hanwha,RP,,0.0,,0,6,1,1,2,0,0,0,0,,Home,수원 KT 위즈파크,18:30,19.2
박시영,2024,KT,2024-04-21,@ Lotte,RP,,0.0,,0,7,1,1,0,0,0,1,0,,Away,사직 야구장,14:00,17.6
박시영,2024,KT,2024-04-19,@ Lotte,RP,,0.0,1.5,0 ⅔,10,0,0,1,0,0,0,0,,Away,사직 야구장,18:30,18.6
박시영,2024,KT,2024-04-17,@ Kiwoom,RP,,0.0,0.0,1,21,0,0,0,0,3,0,0,,Away,고척 스카이돔,18:30,25.5
박시영,2024,KT,2024-04-14,vs. SSG,RP,,18.0,3.0,1,21,2,2,2,1,0,1,0,,Home,수원 KT 위즈파크,14:00,27.3
박시영,2024,KT,2024-04-11,@ NC,RP,L,27.0,6.0,0 ⅓,13,1,1,2,0,0,0,0,,Away,창원 NC 파크,18:30,16.4
박시영,2024,KT,2024-04-10,@ NC,RP,,0.0,0.75,1 ⅓,20,0,0,0,0,1,1,0,,Away,창원 NC 파크,18:30,13.5
박시영,2022,KT,2022-05-12,@ Kia,RP,,27.0,3.0,0 ⅓,9,1,1,1,0,0,0,0,,Away,광주 기아 챔피언스 필드,18:30,22.5
박시영,2022,KT,2022-05-11,@ Kia,RP,,0.0,1.0,1,15,0,0,1,0,3,0,0,,Away,광주 기아 챔피언스 필드,18:30,23.5
박시영,2022,KT,2022-05-07,@ Doosan,RP,,0.0,,0,5,1,1,0,0,0,1,0,,Away,잠실 야구장,17:00,21.9
박시영,2022,KT,2022-05-03,vs. Lotte,RP,H,0.0,1.5,1 ⅓,21,0,0,2,0,2,0,0,,Home,수원 KT 위즈파크,18:30,18.8
박시영,2022,KT,2022-04-29,@ Kiwoom,RP,H,0.0,1.5,1 ⅓,12,0,0,2,0,0,0,0,,Away,고척 스카이돔,18:30,25.5
박시영,2022,KT,2022-04-28,vs. Kia,RP,H,0.0,0.0,0 ⅔,8,0,0,0,0,1,0,0,,Home,수원 KT 위즈파크,18:30,16.7
박시영,2022,KT,2022-04-26,vs. Kia,RP,L,13.5,3.0,0 ⅔,15,1,1,2,1,1,0,0,,Home,수원 KT 위즈파크,18:30,20.9
박시영,2022,KT,2022-04-24,vs. NC,RP,L,9.0,3.0,1,22,1,1,2,0,1,1,0,,Home,수원 KT 위즈파크,14:00,23.5
박시영,2022,KT,2022-04-22,vs. NC,RP,H,6.75,2.25,1 ⅓,20,1,1,3,0,1,0,0,,Home,수원 KT 위즈파크,18:30,15.2
박시영,2022,KT,2022-04-21,@ LG,RP,,0.0,0.0,1,11,0,0,0,0,0,0,0,,Away,잠실 야구장,18:30,18.8
박시영,2022,KT,2022-04-17,@ Lotte,RP,,6.75,0.75,1 ⅓,22,1,1,1,0,0,0,0,,Away,사직 야구장,14:00,19.1
박시영,2022,KT,2022-04-16,@ Lotte,RP,,0.0,0.0,2,20,0,0,0,0,1,0,0,,Away,사직 야구장,17:00,14.9
박시영,2022,KT,2022-04-14,vs. Doosan,RP,,0.0,1.0,1,6,0,0,0,0,0,1,0,,Home,수원 KT 위즈파크,18:30,13.7
박시영,2022,KT,2022-04-12,vs. Doosan,RP,,0.0,2.0,1,12,0,0,2,0,1,0,0,,Home,수원 KT 위즈파크,18:30,16.2
박시영,2022,KT,2022-04-10,@ Hanwha,RP,,18.0,4.0,1,23,2,2,3,1,0,1,0,,Away,대전 한화생명 볼파크,14:00,26.7
박시영,2022,KT,2022-04-07,vs. SSG,RP,,0.0,0.0,0 ⅓,2,0,0,0,0,0,0,0,,Home,수원 KT 위즈파크,18:30,11.2
박시영,2022,KT,2022-04-02,vs. Samsung,RP,H,0.0,0.0,0 ⅓,6,0,0,0,0,0,0,0,,Home,수원 KT 위즈파크,14:00,13.7
박시영,2021,KT,2021-10-29,@ Kiwoom,RP,,0.0,0.75,1 ⅓,20,0,0,1,0,3,0,0,,Away,고척 스카이돔,18:30,25.5
박시영,2021,KT,2021-10-28,vs. NC,RP,H,0.0,0.0,1,14,0,0,0,0,2,0,0,,Home,수원 KT 위즈파크,18:30,16.2
박시영,2021,KT,2021-10-19,@ NC,RP,,0.0,1.5,0 ⅔,19,0,0,0,0,1,1,0,,Away,창원 NC 파크,18:30,14.0
박시영,2021,KT,2021-10-17,vs. Hanwha,RP,L,27.0,6.0,0 ⅓,9,1,1,2,0,1,0,0,,Home,수원 KT 위즈파크,14:00,8.4
박시영,2021,KT,2021-10-15,vs. Kia,RP,,0.0,1.0,1,11,0,0,1,0,0,0,0,,Home,수원 KT 위즈파크,18:30,20.4
박시영,2021,KT,2021-10-14,@ Doosan,RP,,0.0,0.0,1 ⅓,11,0,0,0,0,1,0,0,,Away,잠실 야구장,18:30,20.6
박시영,2021,KT,2021-10-13,@ Doosan,RP,,0.0,0.0,1,14,0,0,0,0,2,0,0,,Away,잠실 야구장,18:30,22.4
박시영,2021,KT,2021-10-11,@ LG,RP,H,0.0,0.0,0 ⅓,1,0,0,0,0,0,0,0,,Away,잠실 야구장,18:30,16.7
박시영,2021,KT,2021-10-06,vs. NC,RP,,0.0,2.0,1,17,3,0,1,0,0,1,0,,Home,수원 KT 위즈파크,18:30,21.9
박시영,2021,KT,2021-10-03,@ SSG,RP,,9.0,1.0,1,12,1,1,1,1,0,0,0,,Away,인천 SSG 랜더스필드,14:00,26.6
박시영,2021,KT,2021-10-01,@ Lotte,RP,,0.0,,0,9,0,0,0,0,0,2,0,,Away,사직 야구장,18:30,23.1
박시영,2021,KT,2021-10-01,@ Lotte,RP,,0.0,2.0,1,11,0,0,2,0,1,0,0,,Away,사직 야구장,18:30,23.1
박시영,2021,KT,2021-09-28,vs. Doosan,RP,H,0.0,1.0,1,13,0,0,0,0,1,1,0,,Home,수원 KT 위즈파크,18:30,23.9
박시영,2021,KT,2021-09-26,vs. LG,RP,,0.0,0.0,1 ⅓,11,0,0,0,0,1,0,0,,Home,수원 KT 위즈파크,14:00,26.2
박시영,2021,KT,2021-09-23,vs. Hanwha,RP,H,0.0,0.0,1,11,0,0,0,0,0,0,0,,Home,수원 KT 위즈파크,18:30,23.4
박시영,2021,KT,2021-09-16,vs. Lotte,RP,H,0.0,3.0,0 ⅔,24,0,0,2,0,1,0,0,,Home,수원 KT 위즈파크,18:30,25.6
박시영,2021,KT,2021-09-14,@ Doosan,RP,W,0.0,0.0,0 ⅔,3,0,0,0,0,1,0,0,,Away,잠실 야구장,18:30,27.8
박시영,2021,KT,2021-09-12,vs. SSG,RP,W,0.0,0.0,0 ⅓,5,0,0,0,0,1,0,0,,Home,수원 KT 위즈파크,14:00,28.4
박시영,2021,KT,2021-09-11,vs. SSG,RP,H,0.0,1.5,0 ⅔,8,0,0,1,0,0,0,0,,Home,수원 KT 위즈파크,17:00,29.1
박시영,2021,KT,2021-09-09,@ Samsung,RP,,27.0,9.0,0 ⅓,16,1,1,2,1,0,1,0,,Away,대구 삼성 라이온즈 파크,18:30,26.1
박시영,2021,KT,2021-09-08,vs. Kia,RP,,0.0,1.0,1,11,0,0,0,0,1,1,0,,Home,수원 KT 위즈파크,18:30,25.4
박시영,2021,KT,2021-09-03,@ Kiwoom,RP,,0.0,0.0,1,12,0,0,0,0,1,0,0,,Away,고척 스카이돔,18:30,25.5
박시영,2021,KT,2021-09-01,@ Hanwha,RP,,0.0,0.0,1,5,0,0,0,0,0,0,0,,Away,대전 한화생명 볼파크,18:30,26.4
박시영,2021,KT,2021-08-29,vs. Samsung,RP,,0.0,1.0,1,13,0,0,1,0,2,0,0,,Home,수원 KT 위즈파크,17:00,27.6
박시영,2021,KT,2021-08-28,vs. Samsung,RP,L,54.0,6.0,0 ⅓,13,2,2,1,0,0,1,0,,Home,수원 KT 위즈파크,18:00,27.0
박시영,2021,KT,2021-08-26,vs. SSG,RP,H,9.0,1.0,1,20,1,1,1,1,3,0,0,,Home,수원 KT 위즈파크,18:30,29.7
박시영,2021,KT,2021-08-22,@ Lotte,RP,H,0.0,0.0,0 ⅓,3,0,0,0,0,1,0,0,,Away,사직 야구장,17:00,29.3
박시영,2021,KT,2021-08-19,vs. LG,RP,,0.0,0.5,2,23,0,0,1,0,4,0,0,,Home,수원 KT 위즈파크,18:30,29.2
박시영,2021,KT,2021-08-18,vs. LG,RP,,0.0,1.0,1,11,0,0,0,0,0,1,0,,Home,수원 KT 위즈파크,18:30,27.1
박시영,2021,KT,2021-08-14,vs. Samsung,RP,,9.0,2.0,1,27,1,1,2,1,1,0,0,,Home,수원 KT 위즈파크,18:00,29.1
박시영,2021,KT,2021-08-12,@ Kiwoom,RP,L,40.5,7.5,0 ⅔,28,3,3,3,0,1,2,0,,Away,고척 스카이돔,18:30,25.5
박시영,2021,KT,2021-08-10,@ Kiwoom,RP,,0.0,0.6,1 ⅔,16,0,0,1,0,0,0,0,,Away,고척 스카이돔,18:30,25.5
박시영,2021,KT,2021-07-11,@ Kia,RP,,0.0,0.0,1,17,0,0,0,0,2,0,0,,Away,광주 기아 챔피언스 필드,17:00,32.3
박시영,2021,KT,2021-07-08,@ Samsung,RP,H,0.0,0.0,0 ⅓,1,0,0,0,0,0,0,0,,Away,대구 삼성 라이온즈 파크,18:30,25.3
박시영,2021,KT,2021-07-04,vs. Kiwoom,RP,H,0.0,0.0,1 ⅓,21,0,0,0,0,4,0,0,,Home,수원 KT 위즈파크,17:00,24.3
박시영,2021,KT,2021-07-01,@ LG,RP,,0.0,2.0,1,13,0,0,2,0,1,0,0,,Away,잠실 야구장,18:30,30.3
박시영,2021,KT,2021-06-30,@ LG,RP,H,0.0,0.0,0 ⅔,9,0,0,0,0,0,0,0,,Away,잠실 야구장,18:30,28.5
박시영,2021,KT,2021-06-26,@ Hanwha,RP,,0.0,0.0,1,16,0,0,0,0,2,0,0,,Away,대전 한화생명 볼파크,17:00,27.2
박시영,2021,KT,2021-06-23,vs. Kia,RP,,0.0,0.0,2,20,0,0,0,0,1,0,0,,Home,수원 KT 위즈파크,18:30,25.6
박시영,2021,KT,2021-06-19,vs. Doosan,RP,H,0.0,0.0,1,6,0,0,0,0,1,0,0,,Home,수원 KT 위즈파크,17:00,26.7
박시영,2021,KT,2021-06-18,vs. Doosan,RP,,0.0,0.0,1 ⅔,21,0,0,0,0,1,0,0,,Home,수원 KT 위즈파크,18:30,23.4
박시영,2021,KT,2021-05-26,vs. SSG,RP,,0.0,0.0,0 ⅔,10,0,0,0,0,1,0,0,,Home,수원 KT 위즈파크,18:30,21.9
박시영,2021,KT,2021-05-23,@ Hanwha,RP,,9.0,4.0,1,33,1,1,1,0,1,3,0,,Away,대전 한화생명 볼파크,14:00,26.4
박시영,2021,KT,2021-05-21,@ Hanwha,RP,,0.0,0.0,1,15,0,0,0,0,2,0,0,,Away,대전 한화생명 볼파크,18:30,16.2
박시영,2021,KT,2021-05-14,@ Lotte,RP,,0.0,1.0,2,32,0,0,2,0,2,0,0,,Away,사직 야구장,18:30,20.2
박시영,2021,KT,2021-05-13,vs. Samsung,RP,,27.0,9.0,0 ⅓,13,2,1,2,0,0,1,0,,Home,수원 KT 위즈파크,18:30,25.3
박시영,2021,KT,2021-05-11,vs. Samsung,RP,W,0.0,0.0,1,18,0,0,0,0,2,0,0,,Home,수원 KT 위즈파크,18:30,22.8
박시영,2021,KT,2021-05-09,vs. NC,RP,,0.0,0.0,1,17,0,0,0,0,1,0,1,,Home,수원 KT 위즈파크,14:00,20.1
박시영,2020,Lotte,2020-09-17,@ LG,RP,,54.0,6.0,0 ⅓,13,2,2,0,0,0,2,0,,Away,잠실 야구장,18:30,22.2
박시영,2020,Lotte,2020-09-11,vs. Samsung,RP,,0.0,0.0,1,15,0,0,0,0,2,0,0,,Home,사직 야구장,18:30,25.1
박시영,2020,Lotte,2020-09-08,@ NC,RP,,0.0,1.8,1 ⅔,35,0,0,1,0,1,2,0,,Away,창원 NC 파크,18:30,27.2
박시영,2020,Lotte,2020-09-07,vs. LG,RP,,9.0,4.0,1,32,1,1,4,0,1,0,0,,Home,사직 야구장,18:30,25.3
박시영,2020,Lotte,2020-09-01,@ KT,RP,,9.0,1.0,1,19,1,1,1,1,0,0,0,,Away,수원 KT 위즈파크,18:30,29.7
박시영,2020,Lotte,2020-08-27,vs. Kiwoom,RP,,0.0,0.0,1 ⅓,7,0,0,0,0,0,0,0,,Home,사직 야구장,18:30,29.6
박시영,2020,Lotte,2020-08-25,vs. SK,RP,,0.0,2.0,1,25,0,0,0,0,1,2,0,,Home,사직 야구장,18:30,31.8
박시영,2020,Lotte,2020-08-23,@ Samsung,RP,,0.0,0.0,1,9,0,0,0,0,0,0,0,,Away,대구 삼성 라이온즈 파크,17:00,30.6
박시영,2020,Lotte,2020-07-17,@ Samsung,RP,,20.25,2.25,1 ⅓,19,3,3,2,1,0,1,0,,Away,대구 삼성 라이온즈 파크,18:30,24.7
박시영,2020,Lotte,2020-07-16,vs. LG,RP,W,13.5,6.0,0 ⅔,20,1,1,3,0,0,1,0,,Home,사직 야구장,18:30,24.0
박시영,2020,Lotte,2020-07-15,vs. LG,RP,,0.0,0.0,1,8,0,0,0,0,1,0,0,,Home,사직 야구장,18:30,21.7
박시영,2020,Lotte,2020-07-07,@ Hanwha,RP,L,27.0,3.0,0 ⅔,15,2,2,1,1,1,1,0,,Away,대전 한화생명 볼파크,18:30,28.9
박시영,2020,Lotte,2020-07-03,vs. SK,RP,,0.0,,0,7,1,1,1,0,0,1,0,,Home,사직 야구장,18:30,23.2
박시영,2020,Lotte,2020-07-01,@ NC,RP,,0.0,2.0,1,17,0,0,1,0,0,1,0,,Away,창원 NC 파크,18:30,24.3
박시영,2020,Lotte,2020-06-30,@ NC,RP,,0.0,0.0,0 ⅓,3,0,0,0,0,0,0,0,,Away,창원 NC 파크,18:30,25.8
박시영,2020,Lotte,2020-06-27,vs. Samsung,RP,,0.0,0.0,1 ⅔,11,0,0,0,0,0,0,0,,Home,사직 야구장,17:00,26.3
박시영,2020,Lotte,2020-06-23,vs. Kia,RP,,0.0,3.0,0 ⅓,12,0,0,1,0,1,0,0,,Home,사직 야구장,18:30,26.9
박시영,2020,Lotte,2020-06-21,@ KT,RP,,0.0,0.0,0 ⅓,3,0,0,0,0,0,0,0,,Away,수원 KT 위즈파크,17:00,28.8
박시영,2020,Lotte,2020-06-19,@ KT,RP,,54.0,6.0,0 ⅓,11,2,2,1,0,0,1,0,,Away,수원 KT 위즈파크,18:30,27.4
박시영,2020,Lotte,2020-06-18,@ Kiwoom,RP,,0.0,0.0,0 ⅔,12,0,0,0,0,1,0,0,,Away,고척 스카이돔,18:30,25.5
박시영,2020,Lotte,2020-06-14,@ LG,RP,,27.0,6.0,0 ⅔,27,2,2,3,0,0,1,0,,Away,잠실 야구장,17:00,28.3
박시영,2020,Lotte,2020-06-13,@ LG,RP,H,0.0,0.0,0 ⅔,7,0,0,0,0,2,0,0,,Away,잠실 야구장,17:00,30.7
박시영,2020,Lotte,2020-06-11,vs. Hanwha,RP,,0.0,0.0,1,16,0,0,0,0,0,0,1,,Home,사직 야구장,18:30,26.1
박시영,2020,Lotte,2020-06-10,vs. Hanwha,RP,,0.0,0.0,1,7,0,0,0,0,0,0,0,,Home,사직 야구장,18:30,26.0
박시영,2020,Lotte,2020-06-03,@ Kia,RP,,81.0,9.0,0 ⅓,13,3,3,2,0,1,1,0,,Away,광주 기아 챔피언스 필드,18:30,26.9
박시영,2020,Lotte,2020-05-30,@ Doosan,RP,,0.0,3.0,0 ⅔,18,0,0,0,0,0,2,0,,Away,잠실 야구장,17:00,28.5
박시영,2020,Lotte,2020-05-28,vs. Samsung,RP,,0.0,1.0,1,21,0,0,1,0,1,0,0,,Home,사직 야구장,18:30,21.1
박시영,2020,Lotte,2020-05-27,vs. Samsung,RP,,0.0,,0,18,3,3,2,0,0,2,0,,Home,사직 야구장,18:30,19.6
박시영,2020,Lotte,2020-05-23,vs. Kiwoom,RP,,13.5,4.5,0 ⅔,19,1,1,2,0,0,1,0,,Home,사직 야구장,17:00,20.0
박시영,2020,Lotte,2020-05-22,vs. Kiwoom,RP,,9.0,1.0,1,8,1,1,1,1,1,0,0,,Home,사직 야구장,18:30,17.4
박시영,2020,Lotte,2020-05-21,@ Kia,RP,,0.0,1.0,1,13,0,0,0,0,1,1,0,,Away,광주 기아 챔피언스 필드,18:30,22.3
박시영,2020,Lotte,2020-05-17,@ Hanwha,RP,,0.0,0.6,1 ⅔,18,0,0,0,0,1,1,0,,Away,대전 한화생명 볼파크,14:00,26.3
박시영,2020,Lotte,2020-05-15,@ Hanwha,RP,,0.0,0.0,1,16,0,0,0,0,3,0,0,,Away,대전 한화생명 볼파크,18:30,15.8
박시영,2020,Lotte,2020-05-12,vs. Doosan,RP,,0.0,1.0,1,21,0,0,0,0,2,1,0,,Home,사직 야구장,18:30,17.8
박시영,2020,Lotte,2020-05-08,vs. SK,RP,,18.0,3.0,1,25,2,2,3,1,0,0,0,,Home,사직 야구장,18:30,19.3
박시영,2020,Lotte,2020-05-06,@ KT,RP,,18.0,3.0,1,20,2,2,2,0,0,1,0,,Away,수원 KT 위즈파크,18:30,23.1
심재민,2023,Lotte,2023-10-16,@ Hanwha,SP,,0.0,1.25,4,73,1,0,4,0,6,1,0,57.0,Away,대전 한화생명 볼파크,18:30,15.7
심재민,2023,Lotte,2023-10-09,@ LG,SP,W,1.69,1.13,5 ⅓,82,1,1,4,1,1,2,0,55.0,Away,잠실 야구장,18:30,19.8
심재민,2023,Lotte,2023-10-02,vs. Samsung,SP,L,10.38,1.85,4 ⅓,72,5,5,6,0,2,2,0,31.0,Home,사직 야구장,18:30,21.3
심재민,2023,Lotte,2023-09-28,vs. Hanwha,RP,H,0.0,0.0,0 ⅔,6,0,0,0,0,1,0,0,,Home,사직 야구장,18:30,27.1
심재민,2023,Lotte,2023-09-24,@ SSG,RP,,0.0,1.0,1,18,0,0,1,0,1,0,0,,Away,인천 SSG 랜더스필드,14:00,24.4
심재민,2023,Lotte,2023-09-22,@ SSG,RP,H,0.0,3.0,0 ⅔,16,0,0,1,0,1,1,0,,Away,인천 SSG 랜더스필드,18:30,23.9
심재민,2023,Lotte,2023-09-13,@ Kia,SP,W,1.8,1.0,5,75,1,1,3,0,2,2,0,57.0,Away,광주 기아 챔피언스 필드,18:30,27.2
심재민,2023,Lotte,2023-09-07,vs. Samsung,SP,,1.8,1.2,5,82,1,1,5,0,4,1,0,56.0,Home,사직 야구장,18:30,26.6
심재민,2023,Lotte,2023-08-24,@ LG,RP,,0.0,1.5,0 ⅔,14,0,0,1,0,0,0,0,,Away,잠실 야구장,18:30,29.0
심재민,2023,Lotte,2023-08-17,vs. SSG,SP,,6.0,2.0,3,52,2,2,4,0,2,2,0,43.0,Home,사직 야구장,18:30,28.4
심재민,2023,Lotte,2023-08-15,vs. SSG,RP,H,0.0,1.5,0 ⅔,14,0,0,1,0,0,0,0,,Home,사직 야구장,18:30,30.0
심재민,2023,Lotte,2023-08-12,vs. Kia,RP,,2.7,1.5,3 ⅓,51,2,1,4,0,3,1,0,,Home,사직 야구장,18:00,28.3
심재민,2023,Lotte,2023-08-10,@ Kiwoom,RP,,27.0,3.0,0 ⅔,19,2,2,2,0,0,0,0,,Away,고척 스카이돔,18:30,25.5
심재민,2023,Lotte,2023-08-09,@ Kiwoom,RP,,0.0,1.0,2,21,0,0,2,0,1,0,0,,Away,고척 스카이돔,18:30,25.5
심재민,2023,Lotte,2023-08-05,vs. SSG,RP,H,0.0,9.0,0 ⅓,8,1,0,2,0,0,1,0,,Home,사직 야구장,18:00,31.9
심재민,2023,Lotte,2023-08-04,vs. SSG,RP,,0.0,0.0,1,7,0,0,0,0,0,0,0,,Home,사직 야구장,18:30,32.4
심재민,2023,Lotte,2023-08-03,vs. NC,RP,,0.0,0.0,0 ⅓,3,0,0,0,0,0,0,0,,Home,사직 야구장,18:30,32.2
심재민,2023,Lotte,2023-08-01,vs. NC,RP,,0.0,1.5,0 ⅔,3,0,0,1,0,0,0,0,,Home,사직 야구장,18:30,30.7
심재민,2023,Lotte,2023-07-29,@ Kia,RP,,9.0,1.0,1,11,1,1,1,1,0,0,0,,Away,광주 기아 챔피언스 필드,18:00,34.2
심재민,2023,Lotte,2023-07-28,@ Kia,RP,,0.0,0.0,0 ⅓,5,0,0,0,0,0,0,0,,Away,광주 기아 챔피언스 필드,18:30,32.2
심재민,2023,Lotte,2023-07-27,@ Doosan,RP,,0.0,1.0,1,17,0,0,1,0,1,0,0,,Away,잠실 야구장,18:30,32.4
심재민,2023,Lotte,2023-07-23,vs. Kiwoom,RP,,0.0,,0,4,0,0,0,0,0,1,0,,Home,사직 야구장,17:00,28.9
심재민,2023,Lotte,2023-07-22,vs. Kiwoom,RP,,0.0,0.0,1,8,0,0,0,0,0,0,0,,Home,사직 야구장,18:00,27.1
심재민,2023,Lotte,2023-07-12,@ NC,RP,,0.0,0.0,1,12,0,0,0,0,1,0,0,,Away,창원 NC 파크,18:30,28.5
심재민,2023,Lotte,2023-07-08,vs. LG,RP,,27.0,12.0,0 ⅓,17,1,1,4,0,0,0,0,,Home,사직 야구장,18:00,24.9
심재민,2023,Lotte,2023-06-28,vs. Samsung,RP,W,0.0,3.0,0 ⅓,6,0,0,0,0,0,1,0,,Home,사직 야구장,18:30,26.3
심재민,2023,Lotte,2023-06-27,vs. Samsung,RP,H,0.0,1.0,1,18,0,0,1,0,1,0,0,,Home,사직 야구장,18:30,26.3
심재민,2023,Lotte,2023-06-25,@ LG,RP,H,0.0,3.0,0 ⅓,11,0,0,1,0,0,0,1,,Away,잠실 야구장,17:00,31.2
심재민,2023,Lotte,2023-06-22,@ KT,RP,,0.0,1.5,0 ⅔,12,0,0,0,0,1,1,0,,Away,수원 KT 위즈파크,18:30,24.5
심재민,2023,Lotte,2023-04-16,vs. Hanwha,RP,,13.5,3.75,1 ⅓,34,2,2,4,0,1,1,0,,Home,사직 야구장,14:00,18.0
심재민,2023,Lotte,2023-04-15,vs. Hanwha,RP,,27.0,3.0,0 ⅔,21,2,2,1,0,0,1,0,,Home,사직 야구장,17:00,15.8
심재민,2023,Lotte,2023-04-14,vs. Hanwha,RP,,0.0,,0,4,1,1,1,0,0,0,0,,Home,사직 야구장,18:30,14.5
심재민,2023,Lotte,2023-04-08,@ Lotte,RP,,0.0,,0,5,0,0,2,0,0,0,0,,Away,사직 야구장,17:00,16.3
심재민,2022,KT,2022-10-11,@ LG,RP,H,0.0,0.0,0 ⅓,4,0,0,0,0,0,0,0,,Away,잠실 야구장,18:30,14.4
심재민,2022,KT,2022-10-05,vs. Samsung,RP,,13.5,4.5,0 ⅔,12,1,1,3,0,1,0,0,,Home,수원 KT 위즈파크,18:30,17.3
심재민,2022,KT,2022-09-29,@ LG,RP,W,0.0,0.5,2,30,0,0,0,0,2,1,0,,Away,잠실 야구장,18:30,24.3
심재민,2022,KT,2022-09-14,@ Hanwha,RP,,0.0,,0,6,1,1,1,1,0,0,0,,Away,대전 한화생명 볼파크,18:30,25.3
심재민,2022,KT,2022-09-11,@ Kiwoom,RP,,0.0,,0,4,0,0,1,0,0,0,0,,Away,고척 스카이돔,14:00,25.5
심재민,2022,KT,2022-09-09,vs. NC,RP,,18.0,3.0,1,13,3,2,3,1,0,0,0,,Home,수원 KT 위즈파크,18:30,26.0
심재민,2022,KT,2022-09-04,@ Kia,RP,H,0.0,0.0,0 ⅔,10,0,0,0,0,0,0,0,,Away,광주 기아 챔피언스 필드,14:00,31.7
심재민,2022,KT,2022-08-28,@ NC,RP,,0.0,3.0,0 ⅔,12,0,0,0,0,0,2,0,,Away,창원 NC 파크,17:00,25.7
심재민,2022,KT,2022-08-27,@ NC,RP,,9.0,1.0,1,20,1,1,1,1,1,0,0,,Away,창원 NC 파크,18:00,25.2
심재민,2022,KT,2022-08-20,vs. Kia,RP,,0.0,0.0,1 ⅔,20,0,0,0,0,0,0,0,,Home,수원 KT 위즈파크,18:00,30.4
심재민,2022,KT,2022-08-17,vs. Kiwoom,RP,,9.0,2.0,1,27,1,1,2,0,1,0,0,,Home,수원 KT 위즈파크,18:30,28.1
심재민,2022,KT,2022-08-16,vs. Kiwoom,RP,,0.0,0.0,1,15,0,0,0,0,0,0,0,,Home,수원 KT 위즈파크,18:30,29.5
심재민,2022,KT,2022-08-13,vs. Samsung,RP,,0.0,0.0,1 ⅔,12,0,0,0,0,0,0,0,,Home,수원 KT 위즈파크,18:00,29.4
심재민,2022,KT,2022-08-07,vs. Hanwha,RP,,0.0,6.0,0 ⅓,13,0,0,1,0,0,1,0,,Home,수원 KT 위즈파크,17:00,32.4
심재민,2022,KT,2022-08-05,vs. Hanwha,RP,,27.0,3.0,0 ⅓,10,1,1,0,0,0,1,0,,Home,수원 KT 위즈파크,18:30,32.5
심재민,2022,KT,2022-07-28,vs. Kiwoom,RP,,0.0,0.5,2,16,0,0,1,0,1,0,0,,Home,수원 KT 위즈파크,18:30,32.7
심재민,2022,KT,2022-07-26,vs. Kiwoom,RP,,0.0,,0,5,0,0,0,0,0,1,1,,Home,수원 KT 위즈파크,18:30,31.7
심재민,2022,KT,2022-07-10,vs. Lotte,RP,,9.0,3.0,1,15,1,1,3,0,0,0,0,,Home,수원 KT 위즈파크,17:00,34.3
심재민,2022,KT,2022-07-02,vs. Doosan,RP,,0.0,0.0,1,5,0,0,0,0,0,0,0,,Home,수원 KT 위즈파크,18:00,30.8
심재민,2022,KT,2022-06-29,@ Samsung,RP,,4.5,0.5,2,23,1,1,1,1,3,0,0,,Away,대구 삼성 라이온즈 파크,18:30,27.6
심재민,2022,KT,2022-06-25,vs. LG,RP,,0.0,1.0,1,12,0,0,1,0,0,0,0,,Home,수원 KT 위즈파크,17:00,29.5
심재민,2022,KT,2022-06-24,vs. LG,RP,,13.5,4.5,0 ⅔,30,1,1,2,0,0,1,0,,Home,수원 KT 위즈파크,18:30,25.6
심재민,2022,KT,2022-06-21,vs. NC,RP,,0.0,0.0,1,11,0,0,0,0,1,0,0,,Home,수원 KT 위즈파크,18:30,26.8
심재민,2022,KT,2022-06-18,@ Doosan,RP,,0.0,1.0,1,10,0,0,1,0,1,0,0,,Away,잠실 야구장,17:00,26.5
심재민,2022,KT,2022-06-15,vs. SSG,RP,H,0.0,0.6,1 ⅔,21,0,0,1,0,2,0,0,,Home,수원 KT 위즈파크,18:30,23.3
심재민,2022,KT,2022-06-10,@ Lotte,RP,,0.0,0.5,2,18,0,0,1,0,1,0,0,,Away,사직 야구장,18:30,22.4
심재민,2022,KT,2022-06-07,@ Kiwoom,SP,L,10.8,3.6,1 ⅔,50,2,2,4,0,1,2,1,37.0,Away,고척 스카이돔,18:30,25.5
심재민,2022,KT,2022-06-05,vs. Kia,RP,,0.0,1.5,0 ⅔,19,0,0,1,0,1,0,0,,Home,수원 KT 위즈파크,17:00,21.2
심재민,2022,KT,2022-06-02,@ SSG,RP,,0.0,0.0,1,6,0,0,0,0,0,0,0,,Away,인천 SSG 랜더스필드,18:30,23.0
심재민,2022,KT,2022-05-28,vs. Hanwha,RP,,9.0,2.0,1,25,1,1,1,0,0,1,0,,Home,수원 KT 위즈파크,17:00,27.1
심재민,2022,KT,2022-05-26,@ NC,RP,H,0.0,3.0,0 ⅓,6,0,0,1,0,0,0,0,,Away,창원 NC 파크,18:30,24.2
심재민,2022,KT,2022-05-25,@ NC,RP,W,0.0,0.0,0 ⅔,5,0,0,0,0,0,0,0,,Away,창원 NC 파크,18:30,23.5
심재민,2022,KT,2022-05-17,vs. LG,RP,,0.0,1.0,1,17,0,0,0,0,0,1,0,,Home,수원 KT 위즈파크,18:30,23.5
심재민,2022,KT,2022-05-15,vs. Kiwoom,RP,,0.0,2.0,1,20,0,0,1,0,0,1,0,,Home,수원 KT 위즈파크,14:00,20.3
심재민,2022,KT,2022-05-11,@ Kia,RP,,0.0,0.0,1,14,0,0,0,0,0,0,0,,Away,광주 기아 챔피언스 필드,18:30,23.5
심재민,2022,KT,2022-05-07,@ Doosan,RP,,27.0,6.0,0 ⅓,10,1,1,2,0,0,0,0,,Away,잠실 야구장,17:00,21.9
심재민,2022,KT,2022-05-05,vs. Lotte,RP,,0.0,1.2,1 ⅔,34,0,0,1,0,0,1,0,,Home,수원 KT 위즈파크,14:00,23.9
심재민,2022,KT,2022-04-29,@ Kiwoom,RP,H,0.0,1.5,1 ⅓,22,0,0,1,0,0,1,0,,Away,고척 스카이돔,18:30,25.5
심재민,2022,KT,2022-04-28,vs. Kia,RP,W,0.0,0.0,1,14,0,0,0,0,1,0,0,,Home,수원 KT 위즈파크,18:30,16.7
심재민,2022,KT,2022-04-26,vs. Kia,RP,,0.0,,0,7,4,4,3,0,0,1,0,,Home,수원 KT 위즈파크,18:30,20.9
심재민,2022,KT,2022-04-23,vs. NC,RP,W,0.0,0.5,2,28,0,0,1,0,0,0,0,,Home,수원 KT 위즈파크,17:00,24.7
심재민,2022,KT,2022-04-22,vs. NC,RP,H,0.0,1.0,1,15,0,0,0,0,1,1,0,,Home,수원 KT 위즈파크,18:30,15.2
심재민,2022,KT,2022-04-19,@ LG,RP,,0.0,1.0,1,13,0,0,1,0,2,0,0,,Away,잠실 야구장,18:30,18.9
심재민,2022,KT,2022-04-15,@ Lotte,RP,,0.0,1.0,1,17,0,0,1,0,1,0,0,,Away,사직 야구장,18:30,12.2
심재민,2021,KT,2021-10-27,vs. NC,RP,,7.36,1.64,3 ⅔,69,3,3,5,1,4,1,0,,Home,수원 KT 위즈파크,18:30,14.4
심재민,2021,KT,2021-10-19,@ NC,RP,,0.0,1.0,1,16,0,0,1,0,1,0,0,,Away,창원 NC 파크,18:30,14.0
심재민,2021,KT,2021-10-12,@ Doosan,RP,,9.0,3.0,1,20,1,1,2,0,0,1,0,,Away,잠실 야구장,18:30,19.3
심재민,2021,KT,2021-10-09,@ LG,RP,,0.0,2.0,1,18,0,0,0,0,2,2,0,,Away,잠실 야구장,17:00,24.0
심재민,2021,KT,2021-10-07,vs. Kiwoom,RP,,0.0,0.0,1,15,0,0,0,0,0,0,0,,Home,수원 KT 위즈파크,18:30,20.3
심재민,2021,KT,2021-10-06,vs. NC,RP,,0.0,0.0,1,17,0,0,0,0,1,0,0,,Home,수원 KT 위즈파크,18:30,21.9
심재민,2021,KT,2021-09-26,vs. LG,SP,L,1.93,0.64,4 ⅔,75,1,1,3,0,3,0,0,57.0,Home,수원 KT 위즈파크,14:00,26.2
심재민,2021,KT,2021-09-24,vs. Hanwha,RP,,0.0,0.0,1,14,0,0,0,0,1,0,0,,Home,수원 KT 위즈파크,18:30,25.2
심재민,2021,KT,2021-09-21,@ Kia,RP,,0.0,1.0,1,17,0,0,0,0,1,1,0,,Away,광주 기아 챔피언스 필드,18:30,26.5
심재민,2021,KT,2021-09-17,vs. Lotte,RP,,0.0,1.0,1,10,0,0,1,0,1,0,0,,Home,수원 KT 위즈파크,18:30,26.2
심재민,2021,KT,2021-09-15,@ Doosan,RP,,0.0,0.27,3 ⅔,36,0,0,1,0,2,0,0,,Away,잠실 야구장,18:30,25.4
심재민,2021,KT,2021-09-08,vs. Kia,RP,,2.7,1.2,3 ⅓,56,1,1,4,0,1,0,0,,Home,수원 KT 위즈파크,18:30,25.4
심재민,2021,KT,2021-09-05,@ LG,RP,,0.0,0.0,1,12,0,0,0,0,1,0,0,,Away,잠실 야구장,14:00,26.8
심재민,2021,KT,2021-09-01,@ Hanwha,RP,,0.0,1.0,1,20,0,0,1,0,3,0,0,,Away,대전 한화생명 볼파크,18:30,26.4
심재민,2021,KT,2021-08-31,@ Hanwha,RP,,0.0,1.0,1,16,0,0,0,0,1,1,0,,Away,대전 한화생명 볼파크,18:30,26.9
심재민,2021,KT,2021-08-23,@ Lotte,RP,,0.0,1.8,1 ⅔,31,0,0,1,0,1,2,0,,Away,사직 야구장,18:30,25.9
심재민,2021,KT,2021-08-17,vs. LG,RP,,0.0,0.75,1 ⅓,24,0,0,1,0,0,0,0,,Home,수원 KT 위즈파크,18:30,29.1
심재민,2021,KT,2021-07-05,vs. Kiwoom,RP,,5.79,1.07,4 ⅔,72,3,3,5,2,2,0,0,,Home,수원 KT 위즈파크,18:30,27.8
심재민,2021,KT,2021-07-01,@ LG,RP,,0.0,1.0,1,20,0,0,1,0,0,0,0,,Away,잠실 야구장,18:30,30.3
심재민,2021,KT,2021-06-26,@ Hanwha,RP,,0.0,1.0,1,20,0,0,1,0,1,0,0,,Away,대전 한화생명 볼파크,17:00,27.2
심재민,2021,KT,2021-06-19,vs. Doosan,SP,,4.5,1.75,4,75,2,2,6,1,4,1,0,45.0,Home,수원 KT 위즈파크,17:00,26.7
심재민,2021,KT,2021-06-17,@ NC,RP,,0.0,1.5,0 ⅔,12,0,0,0,0,1,1,0,,Away,창원 NC 파크,18:30,23.0
심재민,2021,KT,2021-06-13,vs. Hanwha,RP,H,0.0,1.0,1,16,0,0,1,0,1,0,0,,Home,수원 KT 위즈파크,17:00,27.4
심재민,2021,KT,2021-06-12,vs. Hanwha,RP,,0.0,,0,5,1,1,2,0,0,0,0,,Home,수원 KT 위즈파크,17:00,28.5
심재민,2021,KT,2021-06-11,vs. Hanwha,RP,,0.0,1.0,1,7,0,0,1,0,1,0,0,,Home,수원 KT 위즈파크,18:30,26.0
심재민,2021,KT,2021-06-06,vs. Lotte,RP,,27.0,5.0,1,18,3,3,4,0,0,1,0,,Home,수원 KT 위즈파크,17:00,27.2
심재민,2021,KT,2021-06-04,vs. Lotte,RP,,0.0,0.0,2,23,0,0,0,0,2,0,0,,Home,수원 KT 위즈파크,18:30,22.4
심재민,2021,KT,2021-06-01,@ LG,RP,,0.0,0.0,1,10,0,0,0,0,0,0,0,,Away,잠실 야구장,18:30,23.5
송재영,2024,Lotte,2024-09-28,vs. Kia,RP,,27.0,0.0,0 ⅓,9,1,1,0,0,1,0,0,,Home,사직 야구장,17:00,26.8
송재영,2024,Lotte,2024-09-27,vs. NC,RP,,0.0,0.0,0 ⅓,3,0,0,0,0,1,0,0,,Home,사직 야구장,18:30,26.5
송재영,2024,Lotte,2024-09-26,vs. Doosan,RP,,0.0,0.0,0 ⅓,4,0,0,0,0,1,0,0,,Home,사직 야구장,18:30,27.2
송재영,2024,Lotte,2024-09-22,@ Hanwha,RP,,27.0,6.0,0 ⅓,15,1,1,1,0,0,1,0,,Away,대전 한화생명 볼파크,14:00,25.7
송재영,2024,Lotte,2024-09-19,vs. LG,RP,L,0.0,,0,10,2,2,2,0,0,0,0,,Home,사직 야구장,18:30,32.4
송재영,2024,Lotte,2024-09-18,vs. LG,RP,H,0.0,1.5,0 ⅔,8,0,0,1,0,0,0,0,,Home,사직 야구장,18:30,31.3
송재영,2024,Lotte,2024-09-17,vs. LG,RP,H,0.0,0.0,0 ⅓,2,0,0,0,0,0,0,0,,Home,사직 야구장,18:30,32.5
송재영,2024,Lotte,2024-08-25,@ Samsung,RP,,0.0,,0,6,2,2,2,1,0,0,0,,Away,대구 삼성 라이온즈 파크,17:00,32.3
송재영,2024,Lotte,2024-08-24,@ Samsung,RP,,0.0,3.0,0 ⅓,9,0,0,0,0,0,1,0,,Away,대구 삼성 라이온즈 파크,18:00,31.9
송재영,2024,Lotte,2024-08-23,@ Samsung,RP,,0.0,0.0,0 ⅓,5,0,0,0,0,1,0,0,,Away,대구 삼성 라이온즈 파크,18:30,31.8
송재영,2024,Lotte,2024-08-17,vs. Kiwoom,RP,,6.75,0.75,1 ⅓,23,1,1,1,1,0,0,0,,Home,사직 야구장,18:00,31.5
송재영,2024,Lotte,2024-08-15,@ Doosan,RP,,0.0,,0,6,0,0,0,0,0,1,0,,Away,잠실 야구장,18:30,30.5
송재영,2024,Lotte,2024-08-11,@ KT,RP,H,0.0,0.0,0 ⅓,4,0,0,0,0,0,0,0,,Away,수원 KT 위즈파크,17:00,33.0
송재영,2024,Lotte,2024-08-09,@ KT,RP,,0.0,0.0,1,11,0,0,0,0,1,0,0,,Away,수원 KT 위즈파크,18:30,31.9
송재영,2024,Lotte,2024-08-07,vs. NC,RP,,0.0,1.0,1,10,0,0,1,0,0,0,0,,Home,사직 야구장,18:30,32.7
송재영,2024,Lotte,2024-08-01,@ SSG,RP,SV,0.0,0.0,0 ⅔,8,0,0,0,0,2,0,0,,Away,인천 SSG 랜더스필드,18:30,31.8
송재영,2024,Lotte,2024-07-31,@ SSG,RP,,0.0,0.0,0 ⅔,8,0,0,0,0,2,0,0,,Away,인천 SSG 랜더스필드,18:30,31.8
송재영,2024,Lotte,2024-07-11,@ SSG,RP,,0.0,3.0,0 ⅓,6,0,0,0,0,0,1,0,,Away,인천 SSG 랜더스필드,18:30,27.1
송재영,2024,Lotte,2024-05-31,vs. NC,RP,,0.0,,0,15,3,3,1,0,0,1,1,,Home,사직 야구장,18:30,21.8
송재영,2021,Lotte,2021-09-15,@ Kia,RP,L,13.5,6.0,0 ⅔,28,2,1,1,0,0,3,0,,Away,광주 기아 챔피언스 필드,18:30,26.9
송재영,2021,Lotte,2021-07-11,@ Samsung,RP,,27.0,3.0,0 ⅔,11,2,2,2,1,0,0,0,,Away,대구 삼성 라이온즈 파크,17:00,29.8
송재영,2021,Lotte,2021-07-09,@ Samsung,RP,,0.0,3.0,0 ⅓,13,0,0,0,0,1,1,0,,Away,대구 삼성 라이온즈 파크,18:30,28.5
송재영,2021,Lotte,2021-06-23,vs. NC,RP,,54.0,6.0,0 ⅔,19,4,4,3,1,1,1,0,,Home,사직 야구장,18:30,23.0
송재영,2021,Lotte,2021-06-19,vs. Samsung,RP,,27.0,3.75,1 ⅓,36,4,4,4,1,1,1,0,,Home,사직 야구장,17:00,26.5
송재영,2021,Lotte,2021-06-16,@ Hanwha,RP,,9.0,1.0,1,23,1,1,0,0,3,1,0,,Away,대전 한화생명 볼파크,18:30,27.2
송재영,2021,Lotte,2021-06-15,@ Hanwha,RP,,0.0,2.0,1,20,0,0,2,0,1,0,0,,Away,대전 한화생명 볼파크,18:30,25.5
송재영,2021,Lotte,2021-06-13,vs. Kia,RP,,0.0,0.0,0 ⅓,5,0,0,0,0,1,0,0,,Home,사직 야구장,17:00,27.2
송재영,2021,Lotte,2021-06-09,vs. Doosan,RP,L,0.0,,0,13,3,3,2,0,0,1,0,,Home,사직 야구장,18:30,24.2
송재영,2021,Lotte,2021-06-06,@ KT,RP,,13.5,1.5,0 ⅔,17,1,1,1,0,1,0,0,,Away,수원 KT 위즈파크,17:00,27.2
송재영,2021,Lotte,2021-06-05,@ KT,RP,,54.0,6.0,0 ⅓,11,2,2,2,0,1,0,0,,Away,수원 KT 위즈파크,17:00,25.1
송재영,2021,Lotte,2021-06-02,@ Kiwoom,RP,H,0.0,1.5,0 ⅔,13,0,0,0,0,0,1,0,,Away,고척 스카이돔,18:30,25.5
송재영,2021,Lotte,2021-05-30,vs. NC,RP,,0.0,0.0,1,16,0,0,0,0,0,0,0,,Home,사직 야구장,14:00,23.5
송재영,2021,Lotte,2021-05-29,vs. NC,RP,,27.0,3.0,0 ⅓,6,1,1,1,0,0,0,1,,Home,사직 야구장,17:00,22.0
송재영,2021,Lotte,2021-05-26,vs. LG,RP,,0.0,0.0,1 ⅓,18,0,0,0,0,1,0,0,,Home,사직 야구장,18:30,18.7
송재영,2021,Lotte,2021-05-23,@ Doosan,RP,,0.0,0.0,0 ⅓,3,0,0,0,0,0,0,0,,Away,잠실 야구장,14:00,24.8
송재영,2021,Lotte,2021-05-19,@ Hanwha,RP,,0.0,1.29,2 ⅓,30,0,0,2,0,0,1,0,,Away,대전 한화생명 볼파크,18:30,25.2
송재영,2021,Lotte,2021-05-14,vs. KT,RP,,0.0,2.0,1,12,0,0,2,0,1,0,0,,Home,사직 야구장,18:30,20.2
송재영,2021,Lotte,2021-05-12,vs. SSG,RP,,40.5,6.0,0 ⅔,32,3,3,2,0,1,2,0,,Home,사직 야구장,18:30,18.8
윤성빈,2024,Lotte,2024-07-30,@ SSG,SP,L,45.0,6.0,1,35,5,5,4,1,1,2,0,24.0,Away,인천 SSG 랜더스필드,18:30,30.7
윤성빈,2021,Lotte,2021-05-21,@ Doosan,RP,,0.0,1.0,1,23,0,0,0,0,0,1,0,,Away,잠실 야구장,18:30,17.7
반즈,2024,Lotte,2024-09-28,vs. Kia,SP,,8.44,1.69,5 ⅓,84,5,5,7,0,6,2,0,38.0,Home,사직 야구장,17:00,26.8
반즈,2024,Lotte,2024-09-22,@ Hanwha,SP,L,6.75,1.65,6 ⅔,112,5,5,8,1,8,3,0,43.0,Away,대전 한화생명 볼파크,14:00,25.7
반즈,2024,Lotte,2024-09-14,vs. Hanwha,SP,W,3.0,1.33,6,93,2,2,6,0,5,2,1,54.0,Home,사직 야구장,17:00,32.2
반즈,2024,Lotte,2024-09-08,vs. SSG,SP,L,9.0,2.25,4,76,6,4,8,1,2,1,0,27.0,Home,사직 야구장,14:00,33.6
반즈,2024,Lotte,2024-09-03,@ Samsung,SP,L,3.86,0.86,7,105,3,3,5,3,10,1,0,64.0,Away,대구 삼성 라이온즈 파크,18:30,27.1
반즈,2024,Lotte,2024-08-28,vs. Hanwha,SP,L,1.29,1.43,7,105,2,1,6,0,5,4,0,60.0,Home,사직 야구장,18:30,30.1
반즈,2024,Lotte,2024-08-22,@ Kia,SP,,5.06,1.5,5 ⅓,104,3,3,5,2,4,3,0,47.0,Away,광주 기아 챔피언스 필드,18:30,30.9
반즈,2024,Lotte,2024-08-16,vs. Kiwoom,SP,W,0.0,1.33,6,100,0,0,7,0,6,1,0,63.0,Home,사직 야구장,18:30,31.3
반즈,2024,Lotte,2024-08-10,@ KT,SP,W,0.0,1.0,7,109,0,0,4,0,6,3,0,72.0,Away,수원 KT 위즈파크,18:00,32.5
반즈,2024,Lotte,2024-08-03,vs. LG,SP,,4.26,1.42,6 ⅓,103,3,3,6,2,5,3,0,51.0,Home,사직 야구장,18:00,33.0
반즈,2024,Lotte,2024-07-27,@ NC,SP,W,2.57,0.71,7,102,2,2,5,1,8,0,1,66.0,Away,창원 NC 파크,18:00,32.0
반즈,2024,Lotte,2024-07-21,@ Samsung,SP,,4.05,1.5,6 ⅔,107,3,3,9,1,9,1,0,52.0,Away,대구 삼성 라이온즈 파크,17:00,31.6
반즈,2024,Lotte,2024-07-16,vs. Doosan,SP,W,0.0,0.29,7,87,0,0,1,0,9,1,0,83.0,Home,사직 야구장,18:30,26.4
반즈,2024,Lotte,2024-07-10,@ SSG,SP,W,0.0,0.5,6,77,0,0,2,0,9,1,0,76.0,Away,인천 SSG 랜더스필드,18:30,29.1
반즈,2024,Lotte,2024-05-26,vs. Samsung,SP,,5.4,3.6,1 ⅔,41,1,1,4,0,0,2,0,41.0,Home,사직 야구장,14:00,21.5
반즈,2024,Lotte,2024-05-21,vs. Kia,SP,W,1.17,0.91,7 ⅔,93,1,1,5,0,7,2,0,70.0,Home,사직 야구장,18:30,19.0
반즈,2024,Lotte,2024-05-14,@ KT,SP,,1.5,1.5,6,105,1,1,6,0,9,3,0,62.0,Away,수원 KT 위즈파크,18:30,21.7
반즈,2024,Lotte,2024-05-08,vs. Hanwha,SP,W,1.23,0.41,7 ⅓,102,1,1,3,0,13,0,0,81.0,Home,사직 야구장,18:30,14.3
반즈,2024,Lotte,2024-05-02,vs. Kiwoom,SP,,7.2,2.2,5,101,4,4,9,1,9,2,0,40.0,Home,사직 야구장,18:30,16.2
반즈,2024,Lotte,2024-04-26,@ NC,SP,L,3.0,0.83,6,101,2,2,5,2,11,0,0,65.0,Away,창원 NC 파크,18:30,19.4
반즈,2024,Lotte,2024-04-19,vs. KT,SP,W,3.38,1.0,8,100,3,3,7,2,10,1,0,65.0,Home,사직 야구장,18:30,18.6
반즈,2024,Lotte,2024-04-13,@ Kiwoom,SP,L,6.0,1.5,6,102,4,4,7,0,6,2,1,45.0,Away,고척 스카이돔,17:00,25.5
반즈,2024,Lotte,2024-04-07,vs. Doosan,SP,,3.0,1.0,6,96,2,2,6,1,5,0,1,56.0,Home,사직 야구장,14:00,20.5
반즈,2024,Lotte,2024-03-31,vs. NC,SP,,12.27,2.73,3 ⅔,100,5,5,5,0,3,5,1,28.0,Home,사직 야구장,14:00,15.1
반즈,2024,Lotte,2024-03-26,@ Kia,SP,,1.5,1.17,6,91,1,1,4,1,6,3,0,63.0,Away,광주 기아 챔피언스 필드,18:30,10.7
반즈,2023,Lotte,2023-10-08,@ Doosan,SP,L,3.0,1.33,6,90,2,2,8,0,7,0,0,55.0,Away,잠실 야구장,14:00,18.7
반즈,2023,Lotte,2023-10-03,vs. Samsung,SP,W,1.5,1.0,6,89,1,1,3,0,4,3,0,63.0,Home,사직 야구장,18:30,19.5
반즈,2023,Lotte,2023-09-28,vs. Hanwha,SP,W,0.0,1.0,6,100,0,0,4,0,9,2,0,71.0,Home,사직 야구장,18:30,27.1
반즈,2023,Lotte,2023-09-23,@ SSG,SP,L,5.4,1.8,6 ⅔,89,4,4,11,0,6,1,0,41.0,Away,인천 SSG 랜더스필드,17:00,24.8
반즈,2023,Lotte,2023-09-15,vs. Kiwoom,SP,,4.05,1.65,6 ⅔,103,3,3,11,0,4,0,1,43.0,Home,사직 야구장,18:30,27.5
반즈,2023,Lotte,2023-09-08,@ NC,SP,,3.0,1.83,6,111,2,2,7,0,4,4,0,50.0,Away,창원 NC 파크,18:30,26.7
반즈,2023,Lotte,2023-09-03,vs. Doosan,SP,L,0.0,0.71,7,93,1,0,5,0,4,0,0,69.0,Home,사직 야구장,14:00,31.0
반즈,2023,Lotte,2023-08-24,@ LG,SP,L,4.5,1.5,6,100,3,3,5,0,5,4,1,50.0,Away,잠실 야구장,18:30,29.0
반즈,2023,Lotte,2023-08-18,@ Kiwoom,SP,,1.5,1.5,6,102,2,1,7,0,5,2,0,55.0,Away,고척 스카이돔,18:30,25.5
반즈,2023,Lotte,2023-08-13,vs. Kia,SP,W,0.0,0.71,7,90,1,0,3,0,5,2,0,72.0,Home,사직 야구장,17:00,29.6
반즈,2023,Lotte,2023-08-08,@ Kiwoom,SP,,0.0,1.06,5 ⅔,93,0,0,5,0,7,1,1,64.0,Away,고척 스카이돔,18:30,25.5
반즈,2023,Lotte,2023-08-02,vs. NC,SP,W,4.5,1.33,6,109,3,3,7,0,6,1,2,49.0,Home,사직 야구장,18:30,31.8
반즈,2023,Lotte,2023-07-27,@ Doosan,SP,W,1.29,0.86,7,94,1,1,5,0,7,1,0,69.0,Away,잠실 야구장,18:30,32.4
반즈,2023,Lotte,2023-07-21,vs. Kiwoom,SP,W,0.0,1.59,5 ⅔,96,0,0,5,0,2,4,1,56.0,Home,사직 야구장,18:30,27.6
반즈,2023,Lotte,2023-07-13,@ NC,SP,L,40.5,4.5,1 ⅓,47,6,6,4,1,1,2,2,19.0,Away,창원 NC 파크,18:30,29.0
반즈,2023,Lotte,2023-07-06,@ Hanwha,SP,W,3.0,1.17,6,99,2,2,7,1,3,0,0,53.0,Away,대전 한화생명 볼파크,18:30,28.6
반즈,2023,Lotte,2023-07-01,vs. Doosan,SP,L,1.29,0.71,7,95,1,1,5,0,11,0,0,74.0,Home,사직 야구장,18:00,26.1
반즈,2023,Lotte,2023-06-24,@ LG,SP,L,15.43,3.0,2 ⅓,44,4,4,5,1,1,2,0,30.0,Away,잠실 야구장,17:00,30.9
반즈,2023,Lotte,2023-06-18,@ SSG,SP,W,0.0,0.86,7,94,0,0,5,0,4,1,1,69.0,Away,인천 SSG 랜더스필드,17:00,27.0
반즈,2023,Lotte,2023-06-13,vs. Hanwha,SP,,8.1,2.4,3 ⅓,90,3,3,4,0,4,4,1,39.0,Home,사직 야구장,18:30,25.2
반즈,2023,Lotte,2023-06-07,vs. KT,SP,,1.29,1.14,7,107,2,1,6,0,8,2,0,65.0,Home,사직 야구장,18:30,22.9
반즈,2023,Lotte,2023-06-01,@ LG,SP,L,7.2,1.8,5,80,5,4,7,0,1,2,0,34.0,Away,잠실 야구장,18:30,26.0
반즈,2023,Lotte,2023-05-27,@ Kiwoom,SP,W,0.0,0.67,6,95,0,0,3,0,5,1,0,70.0,Away,고척 스카이돔,17:00,25.5
반즈,2023,Lotte,2023-05-21,vs. SSG,SP,L,7.2,1.4,5,75,4,4,6,1,5,1,0,43.0,Home,사직 야구장,14:00,22.3
반즈,2023,Lotte,2023-05-16,@ Hanwha,SP,,1.29,0.57,7,92,1,1,3,0,8,1,0,74.0,Away,대전 한화생명 볼파크,18:30,29.3
반즈,2023,Lotte,2023-05-10,vs. Doosan,SP,W,0.0,0.6,6 ⅔,99,0,0,2,0,8,2,0,76.0,Home,사직 야구장,18:30,19.1
반즈,2023,Lotte,2023-04-28,vs. Kiwoom,SP,,4.5,2.0,4,79,2,2,6,0,2,2,2,40.0,Home,사직 야구장,18:30,18.1
반즈,2023,Lotte,2023-04-22,@ NC,SP,W,3.6,1.6,5,102,3,2,6,1,5,2,1,47.0,Away,창원 NC 파크,17:00,17.3
반즈,2023,Lotte,2023-04-16,@ Samsung,SP,L,12.71,2.29,5 ⅔,102,8,8,10,1,3,3,2,15.0,Away,대구 삼성 라이온즈 파크,14:00,18.0
반즈,2023,Lotte,2023-04-11,vs. LG,SP,,8.31,2.77,4 ⅓,98,4,4,6,0,3,6,0,32.0,Home,사직 야구장,18:30,17.6
반즈,2022,Lotte,2022-09-22,@ LG,SP,W,0.0,0.33,6,92,0,0,2,0,7,0,0,75.0,Away,잠실 야구장,18:30,22.7
반즈,2022,Lotte,2022-09-16,vs. Kiwoom,SP,L,23.63,4.13,2 ⅔,80,7,7,8,1,2,3,0,13.0,Home,사직 야구장,18:30,29.0
반즈,2022,Lotte,2022-09-10,vs. NC,SP,,5.4,1.8,5,95,3,3,6,1,8,3,0,48.0,Home,사직 야구장,17:00,24.8
반즈,2022,Lotte,2022-09-04,vs. LG,SP,L,9.0,1.6,5,82,5,5,6,0,1,2,1,33.0,Home,사직 야구장,14:00,30.9
반즈,2022,Lotte,2022-08-30,@ Kiwoom,SP,L,12.46,3.0,4 ⅓,96,6,6,8,1,5,5,0,23.0,Away,고척 스카이돔,18:30,25.5
반즈,2022,Lotte,2022-08-24,@ NC,SP,W,0.0,0.5,8,105,0,0,4,0,7,0,1,80.0,Away,창원 NC 파크,18:30,23.9
반즈,2022,Lotte,2022-08-17,vs. Doosan,SP,,8.44,1.88,5 ⅓,88,6,5,8,0,5,2,2,31.0,Home,사직 야구장,18:30,26.6
반즈,2022,Lotte,2022-08-11,@ Kiwoom,SP,W,0.0,0.27,7 ⅓,94,0,0,2,0,7,0,0,83.0,Away,고척 스카이돔,18:30,25.5
반즈,2022,Lotte,2022-08-03,vs. LG,SP,L,3.0,1.33,6,96,2,2,7,0,3,1,0,52.0,Home,사직 야구장,18:30,30.9
반즈,2022,Lotte,2022-07-28,@ Doosan,SP,L,7.5,1.5,6,93,5,5,6,0,3,3,1,39.0,Away,잠실 야구장,18:30,32.8
반즈,2022,Lotte,2022-07-22,vs. Kia,SP,L,6.0,1.33,6,94,4,4,6,0,2,2,0,44.0,Home,사직 야구장,18:30,26.8
반즈,2022,Lotte,2022-07-13,vs. Hanwha,SP,W,0.0,0.67,6,88,0,0,3,0,6,1,1,70.0,Home,사직 야구장,18:30,27.1
반즈,2022,Lotte,2022-07-08,@ KT,SP,L,4.26,0.63,6 ⅓,86,4,3,3,0,6,1,0,58.0,Away,수원 KT 위즈파크,18:30,30.2
반즈,2022,Lotte,2022-07-02,@ LG,SP,W,1.42,1.26,6 ⅓,98,1,1,7,0,7,1,1,60.0,Away,잠실 야구장,18:00,33.3
반즈,2022,Lotte,2022-06-26,vs. Kiwoom,SP,,3.6,1.6,5,98,2,2,7,0,3,1,0,47.0,Home,사직 야구장,17:00,27.3
반즈,2022,Lotte,2022-06-21,@ Kia,SP,L,5.4,1.6,5,84,6,3,8,0,2,0,1,34.0,Away,광주 기아 챔피언스 필드,18:30,30.9
반즈,2022,Lotte,2022-06-15,@ Hanwha,SP,W,4.5,1.5,6,105,3,3,9,1,2,0,0,44.0,Away,대전 한화생명 볼파크,18:30,24.4
반즈,2022,Lotte,2022-06-08,vs. Samsung,SP,L,4.5,1.33,6,99,4,3,5,0,6,3,0,51.0,Home,사직 야구장,18:30,19.9
반즈,2022,Lotte,2022-06-03,@ NC,SP,L,3.86,0.71,7,94,3,3,3,1,9,2,2,64.0,Away,창원 NC 파크,18:30,22.7
반즈,2022,Lotte,2022-05-29,vs. Kiwoom,SP,L,3.86,1.14,7,105,3,3,7,0,5,1,0,55.0,Home,사직 야구장,14:00,24.6
반즈,2022,Lotte,2022-05-24,@ SSG,SP,L,3.24,0.96,8 ⅓,105,3,3,8,1,1,0,1,55.0,Away,인천 SSG 랜더스필드,18:30,23.8
반즈,2022,Lotte,2022-05-18,vs. Kia,SP,,12.46,2.31,4 ⅓,95,7,6,8,0,3,2,3,19.0,Home,사직 야구장,18:30,20.6
반즈,2022,Lotte,2022-05-13,@ Hanwha,SP,W,0.0,0.83,6,100,0,0,3,0,10,2,0,74.0,Away,대전 한화생명 볼파크,18:30,20.5
반즈,2022,Lotte,2022-05-08,vs. Samsung,SP,,1.29,1.14,7,99,2,1,7,0,3,1,0,59.0,Home,사직 야구장,14:00,19.1
반즈,2022,Lotte,2022-05-03,@ KT,SP,,12.0,2.0,3,72,4,4,3,1,2,3,0,36.0,Away,수원 KT 위즈파크,18:30,18.8
반즈,2022,Lotte,2022-04-28,vs. SSG,SP,W,1.13,0.63,8,101,1,1,5,0,11,0,1,78.0,Home,사직 야구장,18:30,16.6
반즈,2022,Lotte,2022-04-22,@ Samsung,SP,W,0.0,0.86,7,93,0,0,6,0,6,0,0,71.0,Away,대구 삼성 라이온즈 파크,18:30,18.4
반즈,2022,Lotte,2022-04-17,vs. KT,SP,W,0.0,0.69,8 ⅔,107,0,0,6,0,4,0,2,74.0,Home,사직 야구장,14:00,19.1
반즈,2022,Lotte,2022-04-12,@ Kia,SP,,0.0,1.6,5,97,4,0,5,1,9,3,1,54.0,Away,광주 기아 챔피언스 필드,18:30,24.6
반즈,2022,Lotte,2022-04-07,@ NC,SP,W,1.17,0.78,7 ⅔,102,1,1,4,0,8,2,0,73.0,Away,창원 NC 파크,18:30,19.9
반즈,2022,Lotte,2022-04-02,@ Kiwoom,SP,W,1.8,1.8,5,102,1,1,6,0,7,3,0,55.0,Away,고척 스카이돔,14:00,25.5
최준용,2024,Lotte,2024-06-02,vs. NC,RP,,0.0,,0,11,0,0,2,0,0,0,0,,Home,사직 야구장,17:00,21.6
최준용,2024,Lotte,2024-05-31,vs. NC,RP,,13.5,4.5,0 ⅔,20,1,1,1,0,1,2,0,,Home,사직 야구장,18:30,21.8
최준용,2024,Lotte,2024-05-26,vs. Samsung,RP,,0.0,1.0,1,10,0,0,1,0,0,0,0,,Home,사직 야구장,14:00,21.5
최준용,2024,Lotte,2024-05-25,vs. Samsung,RP,,40.5,4.5,0 ⅔,25,3,3,3,0,0,0,1,,Home,사직 야구장,17:00,21.3
최준용,2024,Lotte,2024-05-14,@ KT,RP,,0.0,,0,17,1,1,1,1,0,2,0,,Away,수원 KT 위즈파크,18:30,21.7
최준용,2024,Lotte,2024-05-12,vs. LG,RP,L,27.0,4.5,0 ⅔,19,2,2,2,1,1,1,0,,Home,사직 야구장,14:00,22.2
최준용,2024,Lotte,2024-05-11,vs. LG,RP,,0.0,3.0,0 ⅓,16,0,0,1,0,0,0,0,,Home,사직 야구장,17:00,19.9
최준용,2024,Lotte,2024-05-09,vs. Hanwha,RP,,0.0,0.0,0 ⅔,11,0,0,0,0,1,0,0,,Home,사직 야구장,18:30,18.9
최준용,2024,Lotte,2024-05-08,vs. Hanwha,RP,,0.0,,0,7,0,0,0,0,0,1,0,,Home,사직 야구장,18:30,14.3
최준용,2024,Lotte,2024-05-03,@ Samsung,RP,,13.5,4.5,0 ⅔,23,1,1,2,0,0,1,0,,Away,대구 삼성 라이온즈 파크,18:30,20.0
최준용,2024,Lotte,2024-05-02,vs. Kiwoom,RP,W,0.0,0.0,1,17,0,0,0,0,1,0,0,,Home,사직 야구장,18:30,16.2
최준용,2024,Lotte,2024-05-01,vs. Kiwoom,RP,,0.0,6.0,0 ⅓,9,0,0,2,0,0,0,0,,Home,사직 야구장,18:30,15.1
최준용,2024,Lotte,2024-04-28,@ NC,RP,,0.0,0.6,1 ⅔,17,0,0,0,0,1,1,0,,Away,창원 NC 파크,14:00,22.8
최준용,2024,Lotte,2024-04-24,vs. SSG,RP,,13.5,4.5,0 ⅔,21,1,1,2,0,1,1,0,,Home,사직 야구장,18:30,18.6
최준용,2024,Lotte,2024-04-21,vs. KT,RP,H,0.0,1.0,1,15,0,0,0,0,0,1,0,,Home,사직 야구장,14:00,17.6
최준용,2024,Lotte,2024-04-21,vs. KT,RP,,0.0,1.0,1,13,0,0,0,0,0,1,0,,Home,사직 야구장,14:00,17.6
최준용,2024,Lotte,2024-04-18,@ LG,RP,,0.0,0.75,1 ⅓,15,0,0,1,0,1,0,0,,Away,잠실 야구장,18:30,21.2
최준용,2024,Lotte,2024-04-16,@ LG,RP,,27.0,3.0,0 ⅔,15,2,2,2,0,0,0,0,,Away,잠실 야구장,18:30,16.2
최준용,2024,Lotte,2024-04-10,vs. Samsung,RP,,0.0,3.0,0 ⅔,14,0,0,2,0,0,0,0,,Home,사직 야구장,18:30,13.1
최준용,2024,Lotte,2024-04-07,vs. Doosan,RP,,9.0,1.0,1,14,1,1,1,0,0,0,0,,Home,사직 야구장,14:00,20.5
최준용,2024,Lotte,2024-04-05,vs. Doosan,RP,,0.0,2.0,1,15,0,0,2,0,1,0,0,,Home,사직 야구장,18:30,14.3
최준용,2024,Lotte,2024-04-02,@ Hanwha,RP,H,0.0,0.0,1,10,0,0,0,0,0,0,0,,Away,대전 한화생명 볼파크,18:30,22.9
최준용,2024,Lotte,2024-03-31,vs. NC,RP,L,9.0,3.0,1,24,1,1,1,0,2,2,0,,Home,사직 야구장,14:00,15.1
최준용,2024,Lotte,2024-03-29,vs. NC,RP,H,0.0,0.75,1 ⅓,22,0,0,1,0,1,0,0,,Home,사직 야구장,18:30,14.7
최준용,2024,Lotte,2024-03-26,@ Kia,RP,,0.0,0.0,1,13,0,0,0,0,1,0,0,,Away,광주 기아 챔피언스 필드,18:30,10.7
최준용,2024,Lotte,2024-03-24,@ SSG,RP,,0.0,1.0,1,22,0,0,0,0,0,1,0,,Away,인천 SSG 랜더스필드,14:00,20.3
최준용,2024,Lotte,2024-03-23,@ SSG,RP,,0.0,0.75,1 ⅓,16,0,0,1,0,0,0,0,,Away,인천 SSG 랜더스필드,14:00,14.9
최준용,2023,Lotte,2023-10-16,@ Hanwha,RP,,13.5,3.0,0 ⅔,12,1,1,2,0,0,0,0,,Away,대전 한화생명 볼파크,18:30,15.7
최준용,2023,Lotte,2023-10-15,@ Hanwha,RP,,0.0,3.0,0 ⅔,21,0,0,1,0,2,1,0,,Away,대전 한화생명 볼파크,14:00,19.0
최준용,2023,Lotte,2023-10-12,@ Kia,RP,L,9.0,4.0,1,37,1,1,2,0,2,2,0,,Away,광주 기아 챔피언스 필드,18:30,20.4
최준용,2023,Lotte,2023-10-11,vs. Doosan,RP,,0.0,1.0,1,17,0,0,0,0,1,1,0,,Home,사직 야구장,18:30,19.8
최준용,2023,Lotte,2023-10-07,@ Doosan,RP,H,0.0,1.0,1,16,0,0,1,0,1,0,0,,Away,잠실 야구장,17:00,20.6
최준용,2023,Lotte,2023-10-02,vs. Samsung,RP,,0.0,1.5,0 ⅔,11,0,0,0,0,0,1,0,,Home,사직 야구장,18:30,21.3
최준용,2023,Lotte,2023-10-01,vs. Samsung,RP,H,0.0,0.0,0 ⅓,3,0,0,0,0,0,0,0,,Home,사직 야구장,14:00,25.3
최준용,2023,Lotte,2023-09-28,vs. Hanwha,RP,H,0.0,0.0,1 ⅓,23,0,0,0,0,3,0,0,,Home,사직 야구장,18:30,27.1
최준용,2023,Lotte,2023-09-22,@ SSG,RP,H,0.0,0.75,1 ⅓,24,0,0,1,0,2,0,0,,Away,인천 SSG 랜더스필드,18:30,23.9
최준용,2023,Lotte,2023-09-19,vs. Kiwoom,RP,,4.5,1.5,2,36,1,1,3,1,4,0,0,,Home,사직 야구장,18:30,27.8
최준용,2023,Lotte,2023-09-17,@ Samsung,RP,H,0.0,0.75,1 ⅓,28,0,0,1,0,2,0,0,,Away,대구 삼성 라이온즈 파크,14:00,27.2
최준용,2023,Lotte,2023-09-15,vs. Kiwoom,RP,,6.75,2.25,1 ⅓,29,1,1,1,0,2,2,0,,Home,사직 야구장,18:30,27.5
최준용,2023,Lotte,2023-09-12,vs. NC,RP,,0.0,2.0,1,20,0,0,2,0,1,0,1,,Home,사직 야구장,18:30,28.7
최준용,2023,Lotte,2023-09-09,@ NC,RP,H,0.0,1.5,1 ⅓,24,0,0,2,0,0,0,0,,Away,창원 NC 파크,17:00,26.9
최준용,2023,Lotte,2023-09-07,vs. Samsung,RP,,0.0,0.0,2,19,0,0,0,0,1,0,0,,Home,사직 야구장,18:30,26.6
최준용,2023,Lotte,2023-09-06,vs. Samsung,RP,L,18.0,3.0,1,16,2,2,3,0,0,0,0,,Home,사직 야구장,18:30,27.9
최준용,2023,Lotte,2023-09-04,vs. Doosan,RP,W,0.0,0.6,1 ⅔,29,0,0,0,0,1,1,0,,Home,사직 야구장,18:30,29.8
최준용,2023,Lotte,2023-09-03,vs. Doosan,RP,,0.0,1.0,1,10,0,0,0,0,0,1,0,,Home,사직 야구장,14:00,31.0
최준용,2023,Lotte,2023-08-26,vs. KT,RP,H,0.0,6.0,0 ⅓,10,0,0,1,0,0,1,0,,Home,사직 야구장,18:00,29.1
최준용,2023,Lotte,2023-08-19,@ Kiwoom,RP,,0.0,1.0,1,17,1,0,1,0,1,0,0,,Away,고척 스카이돔,18:00,25.5
최준용,2023,Lotte,2023-08-17,vs. SSG,RP,,13.5,2.25,1 ⅓,20,2,2,2,0,0,1,0,,Home,사직 야구장,18:30,28.4
최준용,2023,Lotte,2023-08-16,vs. SSG,RP,H,0.0,2.0,1,19,0,0,1,0,0,1,0,,Home,사직 야구장,18:30,27.6
최준용,2023,Lotte,2023-08-15,vs. SSG,RP,H,0.0,3.0,0 ⅓,10,1,0,1,0,1,0,0,,Home,사직 야구장,18:30,30.0
최준용,2023,Lotte,2023-08-11,vs. Kia,RP,,0.0,1.5,1 ⅓,21,0,0,1,0,1,1,0,,Home,사직 야구장,18:30,29.6
최준용,2023,Lotte,2023-08-10,@ Kiwoom,RP,,0.0,1.0,1,10,0,0,1,0,1,0,0,,Away,고척 스카이돔,18:30,25.5
최준용,2023,Lotte,2023-08-08,@ Kiwoom,RP,W,9.0,1.0,1,17,1,1,1,1,0,0,0,,Away,고척 스카이돔,18:30,25.5
최준용,2023,Lotte,2023-08-05,vs. SSG,RP,,0.0,1.5,1 ⅓,21,0,0,2,0,0,0,0,,Home,사직 야구장,18:00,31.9
최준용,2023,Lotte,2023-08-02,vs. NC,RP,H,0.0,2.0,1,19,0,0,2,0,1,0,0,,Home,사직 야구장,18:30,31.8
최준용,2023,Lotte,2023-08-01,vs. NC,RP,,0.0,1.0,1,15,0,0,0,0,1,1,0,,Home,사직 야구장,18:30,30.7
최준용,2023,Lotte,2023-07-29,@ Kia,RP,,0.0,0.0,1,7,0,0,0,0,0,0,0,,Away,광주 기아 챔피언스 필드,18:00,34.2
최준용,2023,Lotte,2023-07-26,@ Doosan,RP,,0.0,0.0,1,19,0,0,0,0,1,0,0,,Away,잠실 야구장,18:30,31.3
최준용,2023,Lotte,2023-07-23,vs. Kiwoom,RP,,18.0,5.0,1,32,2,2,3,0,0,2,0,,Home,사직 야구장,17:00,28.9
최준용,2023,Lotte,2023-07-22,vs. Kiwoom,RP,,0.0,0.0,1,10,0,0,0,0,2,0,0,,Home,사직 야구장,18:00,27.1
최준용,2023,Lotte,2023-07-21,vs. Kiwoom,RP,H,0.0,0.0,1,9,0,0,0,0,1,0,0,,Home,사직 야구장,18:30,27.6
최준용,2023,Lotte,2023-07-13,@ NC,RP,,0.0,1.0,1,15,0,0,1,0,2,0,0,,Away,창원 NC 파크,18:30,29.0
최준용,2023,Lotte,2023-07-12,@ NC,RP,,0.0,1.0,1,20,0,0,0,0,3,1,0,,Away,창원 NC 파크,18:30,28.5
최준용,2023,Lotte,2023-07-09,vs. LG,RP,H,0.0,0.6,1 ⅔,22,0,0,1,0,1,0,0,,Home,사직 야구장,17:00,28.2
최준용,2023,Lotte,2023-07-05,@ Hanwha,RP,L,27.0,4.5,0 ⅔,31,2,2,3,0,0,0,0,,Away,대전 한화생명 볼파크,18:30,26.6
최준용,2023,Lotte,2023-05-14,@ KT,RP,,0.0,1.2,1 ⅔,21,0,0,2,0,1,0,0,,Away,수원 KT 위즈파크,14:00,22.6
최준용,2023,Lotte,2023-05-12,@ KT,RP,,0.0,1.0,1,18,0,0,1,0,1,0,0,,Away,수원 KT 위즈파크,18:30,22.3
최준용,2023,Lotte,2023-05-11,vs. Doosan,RP,,0.0,0.0,1 ⅓,10,0,0,0,0,0,0,0,,Home,사직 야구장,18:30,19.5
최준용,2023,Lotte,2023-05-03,@ Kia,RP,,0.0,3.0,0 ⅔,20,0,0,1,0,0,1,0,,Away,광주 기아 챔피언스 필드,18:30,18.8
최준용,2023,Lotte,2023-05-02,@ Kia,RP,,0.0,0.0,0 ⅓,2,0,0,0,0,0,0,0,,Away,광주 기아 챔피언스 필드,18:30,22.3
최준용,2023,Lotte,2023-04-28,vs. Kiwoom,RP,,0.0,,0,10,0,0,2,0,0,0,0,,Home,사직 야구장,18:30,18.1
최준용,2023,Lotte,2023-04-26,vs. Hanwha,RP,H,0.0,6.0,0 ⅓,15,0,0,2,0,0,0,0,,Home,사직 야구장,18:30,16.0
최준용,2023,Lotte,2023-04-22,@ NC,RP,H,0.0,1.5,0 ⅔,11,0,0,1,0,0,0,0,,Away,창원 NC 파크,17:00,17.3
최준용,2023,Lotte,2023-04-21,@ NC,RP,,0.0,1.0,1,15,0,0,1,0,0,0,0,,Away,창원 NC 파크,18:30,18.2
최준용,2022,Lotte,2022-10-08,vs. LG,RP,W,0.0,1.0,1,6,0,0,0,0,0,1,0,,Home,사직 야구장,17:00,18.9
최준용,2022,Lotte,2022-10-05,@ NC,RP,,6.75,1.5,1 ⅓,25,1,1,2,1,1,0,0,,Away,창원 NC 파크,18:30,17.7
최준용,2022,Lotte,2022-10-03,vs. Doosan,RP,,0.0,0.0,0 ⅔,10,1,0,0,0,0,0,0,,Home,사직 야구장,18:30,24.7
최준용,2022,Lotte,2022-10-02,vs. Doosan,RP,,0.0,1.5,0 ⅔,19,1,0,0,0,1,1,1,,Home,사직 야구장,14:00,27.5
최준용,2022,Lotte,2022-09-29,@ Kia,RP,,0.0,1.5,0 ⅔,12,0,0,1,0,1,0,0,,Away,광주 기아 챔피언스 필드,18:30,23.3
최준용,2022,Lotte,2022-09-24,@ Kiwoom,RP,,0.0,0.0,1,8,0,0,0,0,1,0,0,,Away,고척 스카이돔,17:00,25.5
최준용,2022,Lotte,2022-09-23,@ LG,RP,,0.0,1.0,1,15,0,0,1,0,2,0,0,,Away,잠실 야구장,18:30,18.5
최준용,2022,Lotte,2022-09-21,@ Hanwha,RP,,0.0,1.0,1,14,0,0,1,0,1,0,0,,Away,대전 한화생명 볼파크,18:30,20.9
최준용,2022,Lotte,2022-09-20,@ Hanwha,RP,,0.0,0.0,1,17,0,0,0,0,2,0,0,,Away,대전 한화생명 볼파크,18:30,20.7
최준용,2022,Lotte,2022-09-18,@ KT,RP,,0.0,2.0,1,19,0,0,1,0,2,1,0,,Away,수원 KT 위즈파크,14:00,31.7
최준용,2022,Lotte,2022-09-17,@ KT,RP,H,0.0,1.0,1,13,0,0,1,0,1,0,0,,Away,수원 KT 위즈파크,17:00,29.8
최준용,2022,Lotte,2022-09-14,vs. SSG,RP,,0.0,0.0,1 ⅔,21,0,0,0,0,1,0,0,,Home,사직 야구장,18:30,26.2
최준용,2022,Lotte,2022-09-11,vs. NC,RP,,0.0,1.0,1,9,0,0,1,0,0,0,0,,Home,사직 야구장,14:00,28.7
최준용,2022,Lotte,2022-09-10,vs. NC,RP,,0.0,0.0,1,11,0,0,0,0,0,0,0,,Home,사직 야구장,17:00,24.8
최준용,2022,Lotte,2022-09-07,vs. Kia,RP,,18.0,2.0,1,17,2,2,2,1,2,0,0,,Home,사직 야구장,18:30,24.9
최준용,2022,Lotte,2022-09-04,vs. LG,RP,,13.5,1.5,1 ⅓,22,2,2,2,1,0,0,0,,Home,사직 야구장,14:00,30.9
최준용,2022,Lotte,2022-08-30,@ Kiwoom,RP,,0.0,2.0,1,12,0,0,2,0,1,0,0,,Away,고척 스카이돔,18:30,25.5
최준용,2022,Lotte,2022-08-27,@ SSG,RP,,0.0,0.0,1 ⅓,16,0,0,0,0,1,0,0,,Away,인천 SSG 랜더스필드,18:00,23.1
최준용,2022,Lotte,2022-08-25,vs. Samsung,RP,,9.0,2.0,1,13,1,1,2,0,0,0,0,,Home,사직 야구장,18:30,27.1
최준용,2022,Lotte,2022-08-21,vs. Hanwha,RP,,0.0,2.0,1,26,0,0,1,0,2,1,0,,Home,사직 야구장,17:00,28.5
최준용,2022,Lotte,2022-08-10,@ Kiwoom,RP,,54.0,12.0,0 ⅓,16,2,2,4,0,0,0,0,,Away,고척 스카이돔,18:30,25.5
최준용,2022,Lotte,2022-08-07,vs. NC,RP,,0.0,,0,4,1,1,0,0,0,0,2,,Home,사직 야구장,17:00,32.1
최준용,2022,Lotte,2022-08-05,vs. NC,RP,,0.0,1.0,1,20,0,0,1,0,1,0,0,,Home,사직 야구장,18:30,32.1
최준용,2022,Lotte,2022-08-02,vs. LG,RP,H,0.0,0.0,0 ⅓,7,0,0,0,0,1,0,0,,Home,사직 야구장,18:30,30.4
최준용,2022,Lotte,2022-07-30,@ Samsung,RP,,0.0,0.0,1 ⅓,15,0,0,0,0,1,0,0,,Away,대구 삼성 라이온즈 파크,18:00,30.2
최준용,2022,Lotte,2022-07-29,@ Samsung,RP,,18.0,3.0,1,24,3,2,3,0,0,0,0,,Away,대구 삼성 라이온즈 파크,18:30,31.9
최준용,2022,Lotte,2022-07-27,@ Doosan,RP,,0.0,1.0,1,13,0,0,0,0,0,1,0,,Away,잠실 야구장,18:30,32.0
최준용,2022,Lotte,2022-07-24,vs. Kia,RP,,18.0,3.0,1,20,2,2,3,1,2,0,0,,Home,사직 야구장,17:00,28.3
최준용,2022,Lotte,2022-07-13,vs. Hanwha,RP,H,0.0,3.0,1,26,0,0,2,0,3,1,0,,Home,사직 야구장,18:30,27.1
최준용,2022,Lotte,2022-07-12,vs. Hanwha,RP,W,0.0,2.0,1,20,0,0,0,0,1,2,0,,Home,사직 야구장,18:30,26.7
최준용,2022,Lotte,2022-07-09,@ KT,RP,,0.0,0.0,0 ⅔,16,0,0,0,0,2,0,0,,Away,수원 KT 위즈파크,18:00,30.4
최준용,2022,Lotte,2022-07-08,@ KT,RP,,9.0,1.0,1,18,1,1,1,1,1,0,0,,Away,수원 KT 위즈파크,18:30,30.2
최준용,2022,Lotte,2022-07-05,@ SSG,RP,,0.0,2.0,1,12,0,0,1,0,1,1,0,,Away,인천 SSG 랜더스필드,18:30,30.1
최준용,2022,Lotte,2022-07-03,@ LG,RP,,0.0,0.0,1,8,0,0,0,0,0,0,0,,Away,잠실 야구장,17:00,33.2
최준용,2022,Lotte,2022-06-30,vs. Doosan,RP,H,0.0,0.0,1,8,0,0,0,0,2,0,0,,Home,사직 야구장,18:30,29.0
최준용,2022,Lotte,2022-06-28,vs. Doosan,RP,,0.0,0.0,1,12,0,0,0,0,0,0,0,,Home,사직 야구장,18:30,26.9
최준용,2022,Lotte,2022-06-26,vs. Kiwoom,RP,,36.0,5.0,1,33,4,4,5,1,0,0,1,,Home,사직 야구장,17:00,27.3
최준용,2022,Lotte,2022-06-22,@ Kia,RP,W,0.0,2.4,1 ⅔,37,0,0,1,0,2,3,0,,Away,광주 기아 챔피언스 필드,18:30,32.2
최준용,2022,Lotte,2022-06-19,vs. SSG,RP,SV,0.0,0.0,1,11,0,0,0,0,2,0,0,,Home,사직 야구장,17:00,27.4
최준용,2022,Lotte,2022-06-16,@ Hanwha,RP,SV,0.0,1.0,1,14,0,0,1,0,2,0,0,,Away,대전 한화생명 볼파크,18:30,25.6
최준용,2022,Lotte,2022-06-12,vs. KT,RP,,0.0,0.0,1,10,0,0,0,0,1,0,0,,Home,사직 야구장,17:00,22.9
최준용,2022,Lotte,2022-06-09,vs. Samsung,RP,,36.0,5.0,1,23,4,4,4,0,1,1,0,,Home,사직 야구장,18:30,21.8
최준용,2022,Lotte,2022-06-07,vs. Samsung,RP,,0.0,2.0,1,22,0,0,2,0,1,0,0,,Home,사직 야구장,18:30,19.0
최준용,2022,Lotte,2022-06-04,@ NC,RP,SV,0.0,0.0,1,10,0,0,0,0,2,0,0,,Away,창원 NC 파크,17:00,22.9
최준용,2022,Lotte,2022-06-02,vs. LG,RP,,0.0,0.0,2,22,0,0,0,0,2,0,1,,Home,사직 야구장,18:30,22.6
최준용,2022,Lotte,2022-05-31,vs. LG,RP,SV,0.0,1.0,1,11,0,0,0,0,1,1,0,,Home,사직 야구장,18:30,23.9
최준용,2022,Lotte,2022-05-28,vs. Kiwoom,RP,L,27.0,3.0,1,28,3,3,2,1,0,1,0,,Home,사직 야구장,17:00,23.7
최준용,2022,Lotte,2022-05-26,@ SSG,RP,,0.0,2.0,1,27,0,0,1,0,1,1,1,,Away,인천 SSG 랜더스필드,18:30,18.1
최준용,2022,Lotte,2022-05-22,@ Doosan,RP,SV,0.0,1.0,1,21,0,0,1,0,2,0,0,,Away,잠실 야구장,14:00,25.0
최준용,2022,Lotte,2022-05-20,@ Doosan,RP,,0.0,0.0,1,13,0,0,0,0,2,0,0,,Away,잠실 야구장,18:30,24.4
최준용,2022,Lotte,2022-05-17,vs. Kia,RP,L,18.0,5.0,1,28,2,2,3,1,2,2,0,,Home,사직 야구장,18:30,20.4
최준용,2022,Lotte,2022-05-14,@ Hanwha,RP,H,0.0,0.0,1,8,0,0,0,0,2,0,0,,Away,대전 한화생명 볼파크,17:00,20.6
최준용,2022,Lotte,2022-05-11,vs. NC,RP,H,0.0,0.0,1 ⅔,20,0,0,0,0,2,0,0,,Home,사직 야구장,18:30,19.4
최준용,2022,Lotte,2022-05-08,vs. Samsung,RP,L,18.0,2.0,1,11,2,2,1,1,0,1,0,,Home,사직 야구장,14:00,19.1
최준용,2022,Lotte,2022-05-07,vs. Samsung,RP,,5.4,1.2,1 ⅔,28,1,1,2,1,4,0,0,,Home,사직 야구장,17:00,20.0
최준용,2022,Lotte,2022-04-30,@ LG,RP,SV,0.0,0.0,1 ⅓,19,0,0,0,0,1,0,0,,Away,잠실 야구장,17:00,14.8
최준용,2022,Lotte,2022-04-28,vs. SSG,RP,SV,0.0,1.0,1,16,0,0,1,0,2,0,0,,Home,사직 야구장,18:30,16.6
최준용,2022,Lotte,2022-04-27,vs. SSG,RP,,0.0,0.0,1,12,0,0,0,0,0,0,0,,Home,사직 야구장,18:30,16.0
최준용,2022,Lotte,2022-04-24,@ Samsung,RP,SV,0.0,0.0,1,10,0,0,0,0,1,0,0,,Away,대구 삼성 라이온즈 파크,14:00,21.2
최준용,2022,Lotte,2022-04-23,@ Samsung,RP,SV,0.0,0.0,1,7,0,0,0,0,1,0,0,,Away,대구 삼성 라이온즈 파크,17:00,17.7
최준용,2022,Lotte,2022-04-21,vs. Hanwha,RP,,0.0,1.2,1 ⅔,25,0,0,1,0,2,1,0,,Home,사직 야구장,18:30,14.4
최준용,2022,Lotte,2022-04-17,vs. KT,RP,SV,0.0,0.0,0 ⅓,8,0,0,0,0,1,0,0,,Home,사직 야구장,14:00,19.1
최준용,2022,Lotte,2022-04-15,vs. KT,RP,SV,0.0,0.75,1 ⅓,19,0,0,1,0,2,0,0,,Home,사직 야구장,18:30,12.2
최준용,2022,Lotte,2022-04-14,@ Kia,RP,SV,0.0,0.0,1,11,0,0,0,0,1,0,0,,Away,광주 기아 챔피언스 필드,18:30,18.4
최준용,2022,Lotte,2022-04-10,vs. Doosan,RP,,9.0,3.0,1,21,1,1,3,0,1,0,0,,Home,사직 야구장,14:00,21.5
최준용,2022,Lotte,2022-04-09,vs. Doosan,RP,SV,0.0,0.0,1,9,0,0,0,0,1,0,0,,Home,사직 야구장,17:00,19.3
최준용,2022,Lotte,2022-04-07,@ NC,RP,SV,0.0,0.0,1,12,0,0,0,0,2,0,0,,Away,창원 NC 파크,18:30,19.9
최준용,2022,Lotte,2022-04-03,@ Kiwoom,RP,L,4.5,1.0,2,32,1,1,2,0,2,0,0,,Away,고척 스카이돔,14:00,25.5
최준용,2021,Lotte,2021-10-30,vs. LG,RP,H,9.0,1.0,1,22,1,1,1,1,2,0,0,,Home,사직 야구장,17:00,17.9
최준용,2021,Lotte,2021-10-25,@ LG,RP,,0.0,2.0,1,25,0,0,2,0,1,0,0,,Away,잠실 야구장,18:30,14.3
최준용,2021,Lotte,2021-10-24,vs. Hanwha,RP,W,0.0,1.0,1,20,0,0,1,0,1,0,0,,Home,사직 야구장,14:00,20.1
최준용,2021,Lotte,2021-10-22,vs. Hanwha,RP,,0.0,0.0,1,14,0,0,0,0,1,0,0,,Home,사직 야구장,18:30,14.6
최준용,2021,Lotte,2021-10-16,vs. SSG,RP,L,40.5,7.5,0 ⅔,21,3,3,3,0,1,2,0,,Home,사직 야구장,17:00,14.8
최준용,2021,Lotte,2021-10-15,vs. LG,RP,H,0.0,0.0,1,12,0,0,0,0,1,0,0,,Home,사직 야구장,18:30,22.0
최준용,2021,Lotte,2021-10-09,@ SSG,RP,,0.0,0.0,1,9,0,0,0,0,1,0,0,,Away,인천 SSG 랜더스필드,17:00,24.4
최준용,2021,Lotte,2021-10-03,vs. NC,RP,H,0.0,1.0,1,20,0,0,1,0,2,0,0,,Home,사직 야구장,14:00,27.2
최준용,2021,Lotte,2021-10-02,vs. NC,RP,,0.0,2.0,1,14,0,0,1,0,1,1,0,,Home,사직 야구장,17:00,25.1
최준용,2021,Lotte,2021-10-01,vs. KT,RP,W,0.0,0.5,2,20,0,0,1,0,1,0,0,,Home,사직 야구장,18:30,23.1
최준용,2021,Lotte,2021-09-24,@ SSG,RP,,0.0,2.25,1 ⅓,25,0,0,2,0,1,1,0,,Away,인천 SSG 랜더스필드,18:30,24.3
최준용,2021,Lotte,2021-09-23,@ SSG,RP,,0.0,2.0,1,17,0,0,2,0,2,0,0,,Away,인천 SSG 랜더스필드,18:30,23.4
최준용,2021,Lotte,2021-09-19,@ Hanwha,RP,H,0.0,1.0,1,13,0,0,0,0,0,1,0,,Away,대전 한화생명 볼파크,14:00,27.0
최준용,2021,Lotte,2021-09-17,@ KT,RP,H,0.0,2.0,1,22,0,0,1,0,3,1,0,,Away,수원 KT 위즈파크,18:30,26.2
최준용,2021,Lotte,2021-09-15,@ Kia,RP,H,0.0,0.0,1,16,0,0,0,0,0,0,0,,Away,광주 기아 챔피언스 필드,18:30,26.9
최준용,2021,Lotte,2021-09-14,@ Kia,RP,,0.0,1.0,1,16,0,0,1,0,0,0,0,,Away,광주 기아 챔피언스 필드,18:30,25.3
최준용,2021,Lotte,2021-09-12,vs. Kiwoom,RP,H,0.0,1.0,1,8,0,0,1,0,0,0,0,,Home,사직 야구장,14:00,29.1
최준용,2021,Lotte,2021-09-10,vs. SSG,RP,H,0.0,0.0,1,10,0,0,0,0,0,0,0,,Home,사직 야구장,18:30,24.4
최준용,2021,Lotte,2021-09-08,@ Samsung,RP,H,0.0,0.0,1,13,0,0,0,0,2,0,0,,Away,대구 삼성 라이온즈 파크,18:30,26.4
최준용,2021,Lotte,2021-09-07,@ Samsung,RP,H,0.0,1.0,1,17,0,0,1,0,2,0,0,,Away,대구 삼성 라이온즈 파크,18:30,28.4
최준용,2021,Lotte,2021-09-03,vs. Hanwha,RP,H,0.0,1.0,1,15,0,0,1,0,1,0,0,,Home,사직 야구장,18:30,24.4
최준용,2021,Lotte,2021-08-29,vs. Doosan,RP,SV,0.0,1.0,1,10,0,0,1,0,1,0,0,,Home,사직 야구장,17:00,29.7
최준용,2021,Lotte,2021-08-26,@ Kia,RP,,0.0,0.0,1,9,0,0,0,0,1,0,0,,Away,광주 기아 챔피언스 필드,18:30,30.3
최준용,2021,Lotte,2021-08-25,@ Kia,RP,,0.0,3.0,1,18,1,0,2,0,0,1,0,,Away,광주 기아 챔피언스 필드,18:30,30.4
최준용,2021,Lotte,2021-08-18,vs. Kiwoom,RP,,0.0,1.5,0 ⅔,10,0,0,1,0,0,0,0,,Home,사직 야구장,18:30,26.3
최준용,2021,Lotte,2021-08-17,vs. Kiwoom,RP,H,0.0,0.0,1,17,0,0,0,0,1,0,0,,Home,사직 야구장,18:30,26.5
최준용,2021,Lotte,2021-08-15,@ LG,RP,,0.0,0.0,1,11,0,0,0,0,0,0,0,,Away,잠실 야구장,17:00,31.0
최준용,2021,Lotte,2021-08-11,@ NC,RP,H,0.0,0.0,0 ⅔,7,0,0,0,0,1,0,0,,Away,창원 NC 파크,18:30,27.2
최준용,2021,Lotte,2021-08-10,@ NC,RP,,27.0,4.5,0 ⅔,19,2,2,3,1,0,0,0,,Away,창원 NC 파크,18:30,28.8
최준용,2021,Lotte,2021-06-27,@ Doosan,RP,H,9.0,4.0,1,27,1,1,2,0,0,2,0,,Away,잠실 야구장,17:00,29.6
최준용,2021,Lotte,2021-05-08,@ Samsung,RP,W,9.0,3.0,1,20,1,1,3,0,0,0,0,,Away,대구 삼성 라이온즈 파크,17:00,18.1
최준용,2021,Lotte,2021-05-06,vs. Kia,RP,W,0.0,1.5,0 ⅔,14,0,0,0,0,2,1,0,,Home,사직 야구장,18:30,18.5
최준용,2021,Lotte,2021-05-02,vs. Hanwha,RP,,0.0,0.6,1 ⅔,22,0,0,1,0,1,0,0,,Home,사직 야구장,14:00,14.1
최준용,2021,Lotte,2021-04-29,@ LG,RP,L,27.0,3.0,0 ⅔,14,2,2,1,0,1,1,0,,Away,잠실 야구장,18:30,18.7
최준용,2021,Lotte,2021-04-28,@ LG,RP,H,0.0,0.0,1,16,0,0,0,0,2,0,0,,Away,잠실 야구장,18:30,17.2
최준용,2021,Lotte,2021-04-25,@ KT,RP,H,6.75,3.0,1 ⅓,29,1,1,1,1,1,3,0,,Away,수원 KT 위즈파크,14:00,22.5
최준용,2021,Lotte,2021-04-24,@ KT,RP,H,0.0,0.0,2,25,0,0,0,0,1,0,0,,Away,수원 KT 위즈파크,17:00,22.8
최준용,2021,Lotte,2021-04-21,vs. Doosan,RP,H,9.0,2.0,1,17,1,1,2,1,1,0,0,,Home,사직 야구장,18:30,20.4
최준용,2021,Lotte,2021-04-16,vs. Samsung,RP,H,0.0,3.0,1,31,0,0,1,0,1,2,0,,Home,사직 야구장,18:30,15.8
최준용,2021,Lotte,2021-04-14,@ Kia,RP,,0.0,0.0,2,21,0,0,0,0,2,0,0,,Away,광주 기아 챔피언스 필드,18:30,13.8
최준용,2021,Lotte,2021-04-11,vs. Kiwoom,RP,,0.0,0.0,1,15,0,0,0,0,1,0,0,,Home,사직 야구장,14:00,18.4
최준용,2021,Lotte,2021-04-08,@ NC,RP,H,0.0,0.0,2,25,0,0,0,0,3,0,1,,Away,창원 NC 파크,18:30,13.9
최준용,2021,Lotte,2021-04-06,@ NC,RP,,9.0,2.0,1,12,1,1,2,0,0,0,0,,Away,창원 NC 파크,18:30,16.7
최준용,2021,Lotte,2021-04-04,@ SSG,RP,,18.0,2.0,1,26,2,2,2,2,2,0,0,,Away,인천 SSG 랜더스필드,14:00,15.0
최준용,2020,Lotte,2020-10-27,vs. SK,RP,,0.0,2.0,1,12,0,0,1,0,1,1,0,,Home,사직 야구장,18:30,17.4
최준용,2020,Lotte,2020-10-23,@ SK,RP,H,0.0,1.0,1,17,0,0,1,0,0,0,1,,Away,인천 SSG 랜더스필드,18:30,10.3
최준용,2020,Lotte,2020-10-22,@ SK,RP,H,0.0,1.5,0 ⅔,19,0,0,1,0,1,0,1,,Away,인천 SSG 랜더스필드,18:30,13.1
최준용,2020,Lotte,2020-10-18,@ NC,RP,,0.0,1.0,1,22,0,0,0,0,0,1,0,,Away,창원 NC 파크,14:00,19.5
최준용,2020,Lotte,2020-10-16,@ NC,RP,,18.0,2.0,1,24,2,2,2,1,2,0,0,,Away,창원 NC 파크,18:30,15.1
최준용,2020,Lotte,2020-10-14,vs. LG,RP,H,0.0,2.0,1,19,0,0,1,0,1,1,0,,Home,사직 야구장,18:30,18.2
최준용,2020,Lotte,2020-10-10,@ Samsung,RP,H,0.0,0.0,1,10,0,0,0,0,2,0,0,,Away,대구 삼성 라이온즈 파크,17:00,19.4
최준용,2020,Lotte,2020-10-08,vs. KT,RP,,27.0,3.0,0 ⅔,17,2,2,2,1,1,0,0,,Home,사직 야구장,18:30,17.9
최준용,2020,Lotte,2020-10-06,vs. KT,RP,,81.0,9.0,0 ⅓,19,3,3,2,1,0,1,0,,Home,사직 야구장,18:30,18.2
최준용,2020,Lotte,2020-10-01,@ LG,RP,H,5.4,1.8,1 ⅔,31,1,1,3,0,3,0,0,,Away,잠실 야구장,18:30,20.5
최준용,2020,Lotte,2020-09-27,@ Kia,RP,,0.0,4.5,0 ⅔,7,0,0,1,0,0,2,0,,Away,광주 기아 챔피언스 필드,14:00,24.3
최준용,2020,Lotte,2020-09-25,@ Hanwha,RP,H,0.0,1.0,1,10,0,0,1,0,1,0,0,,Away,대전 한화생명 볼파크,18:30,23.6
최준용,2020,Lotte,2020-09-24,@ Hanwha,RP,L,27.0,3.0,0 ⅔,9,2,2,2,0,0,0,0,,Away,대전 한화생명 볼파크,18:30,23.3
최준용,2020,Lotte,2020-09-20,vs. NC,RP,,0.0,0.0,1,13,0,0,0,0,2,0,0,,Home,사직 야구장,14:00,24.6
최준용,2020,Lotte,2020-09-15,@ Kiwoom,RP,,27.0,6.0,0 ⅓,14,1,1,2,0,0,0,0,,Away,고척 스카이돔,18:30,25.5
최준용,2020,Lotte,2020-09-13,@ SK,RP,,0.0,0.0,1,5,0,0,0,0,0,0,0,,Away,인천 SSG 랜더스필드,14:00,24.3
최준용,2020,Lotte,2020-09-12,@ SK,RP,,0.0,0.0,1,9,0,0,0,0,0,0,0,,Away,인천 SSG 랜더스필드,17:00,24.0
최준용,2020,Lotte,2020-09-09,@ NC,RP,H,0.0,1.0,1,10,0,0,1,0,0,0,0,,Away,창원 NC 파크,18:30,25.9
최준용,2020,Lotte,2020-09-04,vs. Kia,RP,,0.0,0.0,1 ⅓,20,0,0,0,0,2,0,0,,Home,사직 야구장,18:30,26.7
최준용,2020,Lotte,2020-08-28,vs. Kiwoom,RP,,54.0,6.0,0 ⅓,14,2,2,2,0,1,0,0,,Home,사직 야구장,18:30,29.6
최준용,2020,Lotte,2020-08-22,@ Samsung,RP,H,0.0,0.75,1 ⅓,23,0,0,0,0,0,1,0,,Away,대구 삼성 라이온즈 파크,18:00,28.5
최준용,2020,Lotte,2020-08-21,@ Doosan,RP,L,13.5,6.0,0 ⅔,24,1,1,1,0,0,3,0,,Away,잠실 야구장,18:30,30.3
최준용,2020,Lotte,2020-08-16,vs. Kiwoom,RP,,0.0,0.0,1,10,0,0,0,0,0,0,0,,Home,사직 야구장,17:00,31.2
최준용,2020,Lotte,2020-08-15,vs. Kiwoom,RP,,0.0,0.0,1,14,0,0,0,0,2,0,0,,Home,사직 야구장,18:00,31.4
최준용,2020,Lotte,2020-08-13,vs. NC,RP,,0.0,0.0,1,9,0,0,0,0,1,0,0,,Home,사직 야구장,18:30,30.5
최준용,2020,Lotte,2020-08-06,@ SK,RP,,0.0,1.0,1,12,0,0,1,0,2,0,0,,Away,인천 SSG 랜더스필드,18:30,26.1
최준용,2020,Lotte,2020-08-04,@ SK,RP,,0.0,0.0,1,9,0,0,0,0,0,0,0,,Away,인천 SSG 랜더스필드,18:30,28.7
최준용,2020,Lotte,2020-08-02,vs. Kia,RP,,0.0,2.0,1,24,0,0,1,0,2,1,0,,Home,사직 야구장,17:00,29.6
최준용,2020,Lotte,2020-07-26,@ Kiwoom,RP,,4.5,2.0,2,24,1,1,4,0,1,0,0,,Away,고척 스카이돔,14:00,25.5
최준용,2020,Lotte,2020-07-17,@ Samsung,RP,,9.0,2.0,1,17,1,1,2,0,1,0,0,,Away,대구 삼성 라이온즈 파크,18:30,24.7
최준용,2020,Lotte,2020-07-15,vs. LG,RP,,0.0,0.0,1,15,0,0,0,0,0,0,0,,Home,사직 야구장,18:30,21.7
한현희,2024,Lotte,2024-09-27,vs. NC,SP,W,3.6,1.2,5,66,2,2,6,1,6,0,1,52.0,Home,사직 야구장,18:30,26.5
한현희,2024,Lotte,2024-09-24,@ KT,RP,L,0.0,,0,1,1,1,1,0,0,0,0,,Away,수원 KT 위즈파크,18:30,23.7
한현희,2024,Lotte,2024-09-22,@ Hanwha,RP,,0.0,,0,5,0,0,1,0,0,0,1,,Away,대전 한화생명 볼파크,14:00,25.7
한현희,2024,Lotte,2024-09-19,vs. LG,RP,,0.0,,0,6,0,0,1,0,0,0,0,,Home,사직 야구장,18:30,32.4
한현희,2024,Lotte,2024-09-18,vs. LG,RP,H,0.0,0.0,0 ⅓,4,0,0,0,0,0,0,0,,Home,사직 야구장,18:30,31.3
한현희,2024,Lotte,2024-09-15,vs. Hanwha,RP,H,0.0,0.0,0 ⅓,3,0,0,0,0,0,0,0,,Home,사직 야구장,14:00,32.7
한현희,2024,Lotte,2024-09-12,@ Kia,RP,,6.75,1.5,1 ⅓,22,1,1,2,0,3,0,0,,Away,광주 기아 챔피언스 필드,18:30,31.8
한현희,2024,Lotte,2024-09-11,@ SSG,RP,,9.0,1.0,1,12,1,1,1,1,1,0,0,,Away,인천 SSG 랜더스필드,18:30,30.8
한현희,2024,Lotte,2024-09-08,vs. SSG,RP,,0.0,3.0,0 ⅔,15,0,0,2,0,1,0,0,,Home,사직 야구장,14:00,33.6
한현희,2024,Lotte,2024-09-06,vs. Samsung,RP,,13.5,2.25,1 ⅓,22,2,2,3,0,1,0,0,,Home,사직 야구장,18:30,29.1
한현희,2024,Lotte,2024-09-05,vs. KT,RP,,40.5,4.5,0 ⅔,24,3,3,3,0,1,0,0,,Home,사직 야구장,18:30,30.3
한현희,2024,Lotte,2024-09-03,@ Samsung,RP,,27.0,6.0,0 ⅓,11,1,1,1,0,0,1,1,,Away,대구 삼성 라이온즈 파크,18:30,27.1
한현희,2024,Lotte,2024-09-01,@ Doosan,RP,,0.0,,0,9,2,2,1,0,0,1,0,,Away,잠실 야구장,14:00,30.2
한현희,2024,Lotte,2024-08-31,@ Doosan,RP,W,0.0,1.0,1,19,0,0,1,0,2,0,0,,Away,잠실 야구장,18:00,30.8
한현희,2024,Lotte,2024-08-29,vs. Hanwha,RP,,18.0,3.0,1,27,2,2,3,0,1,0,0,,Home,사직 야구장,18:30,31.0
한현희,2024,Lotte,2024-08-28,vs. Hanwha,RP,,13.5,3.0,0 ⅔,17,1,1,2,0,1,0,0,,Home,사직 야구장,18:30,30.1
한현희,2024,Lotte,2024-08-25,@ Samsung,RP,,0.0,0.5,2,33,0,0,1,0,2,0,0,,Away,대구 삼성 라이온즈 파크,17:00,32.3
한현희,2024,Lotte,2024-08-18,vs. Kiwoom,RP,,13.5,1.5,0 ⅔,6,1,1,1,1,0,0,0,,Home,사직 야구장,17:00,31.5
한현희,2024,Lotte,2024-08-17,vs. Kiwoom,RP,,0.0,0.0,1,8,0,0,0,0,0,0,0,,Home,사직 야구장,18:00,31.5
한현희,2024,Lotte,2024-08-15,@ Doosan,RP,,0.0,0.0,0 ⅔,6,0,0,0,0,0,0,0,,Away,잠실 야구장,18:30,30.5
한현희,2024,Lotte,2024-08-14,@ Doosan,RP,,9.0,2.0,1,18,1,1,1,1,1,1,0,,Away,잠실 야구장,18:30,30.0
한현희,2024,Lotte,2024-08-11,@ KT,RP,H,0.0,0.0,0 ⅓,6,0,0,0,0,0,0,0,,Away,수원 KT 위즈파크,17:00,33.0
한현희,2024,Lotte,2024-08-07,vs. NC,RP,,0.0,3.0,1,19,0,0,3,0,0,0,0,,Home,사직 야구장,18:30,32.7
한현희,2024,Lotte,2024-08-03,vs. LG,RP,,0.0,,0,4,0,0,0,0,0,1,0,,Home,사직 야구장,18:00,33.0
한현희,2024,Lotte,2024-07-31,@ SSG,RP,,0.0,1.0,2,27,0,0,2,0,1,0,0,,Away,인천 SSG 랜더스필드,18:30,31.8
한현희,2024,Lotte,2024-07-28,@ NC,RP,H,27.0,9.0,0 ⅓,18,1,1,2,0,0,1,0,,Away,창원 NC 파크,17:00,33.2
한현희,2024,Lotte,2024-07-26,@ NC,RP,,0.0,1.2,1 ⅔,20,0,0,1,0,1,1,0,,Away,창원 NC 파크,18:30,31.2
한현희,2024,Lotte,2024-07-25,vs. LG,RP,H,9.0,3.0,1,28,1,1,2,0,1,1,0,,Home,사직 야구장,18:30,31.0
한현희,2024,Lotte,2024-07-21,@ Samsung,RP,H,0.0,3.0,0 ⅓,6,0,0,1,0,0,0,0,,Away,대구 삼성 라이온즈 파크,17:00,31.6
한현희,2024,Lotte,2024-07-19,@ Samsung,RP,H,9.0,2.0,1,20,1,1,2,0,1,0,0,,Away,대구 삼성 라이온즈 파크,18:30,28.3
한현희,2024,Lotte,2024-07-17,vs. Doosan,RP,,0.0,1.2,1 ⅔,29,0,0,0,0,3,2,0,,Home,사직 야구장,18:30,29.1
한현희,2024,Lotte,2024-07-09,@ SSG,SP,,7.2,1.2,5,88,4,4,5,1,4,1,0,44.0,Away,인천 SSG 랜더스필드,18:30,26.6
한현희,2024,Lotte,2024-07-04,@ Doosan,RP,,0.0,2.0,1,19,0,0,2,0,2,0,0,,Away,잠실 야구장,18:30,30.0
한현희,2024,Lotte,2024-07-03,@ Doosan,RP,,0.0,,0,6,1,1,0,0,0,1,0,,Away,잠실 야구장,18:30,26.9
한현희,2024,Lotte,2024-06-26,vs. Kia,RP,,0.0,1.71,2 ⅓,42,0,0,3,0,3,1,0,,Home,사직 야구장,18:30,25.2
한현희,2024,Lotte,2024-06-23,@ Kiwoom,RP,W,0.0,3.0,1 ⅔,49,0,0,2,0,3,3,0,,Away,고척 스카이돔,14:00,25.5
한현희,2024,Lotte,2024-06-18,@ KT,SP,L,10.13,1.88,5 ⅓,87,6,6,9,1,3,1,1,27.0,Away,수원 KT 위즈파크,18:30,27.2
한현희,2024,Lotte,2024-06-11,vs. Kiwoom,SP,L,4.5,1.17,6,103,3,3,5,0,9,2,2,55.0,Home,사직 야구장,18:30,24.2
한현희,2024,Lotte,2024-06-05,@ Kia,SP,W,1.8,1.0,5,76,2,1,4,0,3,1,0,55.0,Away,광주 기아 챔피언스 필드,18:30,25.6
한현희,2024,Lotte,2024-05-31,vs. NC,RP,,0.0,0.5,2,24,0,0,1,0,1,0,0,,Home,사직 야구장,18:30,21.8
한현희,2024,Lotte,2024-05-30,@ Hanwha,RP,,5.4,1.2,1 ⅔,21,1,1,2,1,1,0,0,,Away,대전 한화생명 볼파크,18:30,23.9
한현희,2024,Lotte,2024-05-28,@ Hanwha,RP,,0.0,0.75,1 ⅓,13,0,0,1,0,1,0,0,,Away,대전 한화생명 볼파크,18:30,23.5
한현희,2024,Lotte,2024-05-25,vs. Samsung,RP,H,0.0,0.0,0 ⅔,8,0,0,0,0,0,0,1,,Home,사직 야구장,17:00,21.3
한현희,2024,Lotte,2024-05-24,vs. Samsung,RP,,10.8,1.2,1 ⅔,33,2,2,2,0,2,0,0,,Home,사직 야구장,18:30,19.9
한현희,2024,Lotte,2024-05-19,@ Doosan,RP,,5.4,1.2,1 ⅔,20,1,1,1,0,0,1,0,,Away,잠실 야구장,14:00,26.8
한현희,2024,Lotte,2024-05-18,@ Doosan,RP,,0.0,1.0,1,12,0,0,0,0,1,1,0,,Away,잠실 야구장,17:00,25.3
한현희,2024,Lotte,2024-05-14,@ KT,RP,,0.0,3.0,0 ⅓,7,0,0,1,0,0,0,0,,Away,수원 KT 위즈파크,18:30,21.7
한현희,2024,Lotte,2024-05-12,vs. LG,RP,,27.0,3.0,0 ⅓,11,1,1,1,0,0,0,1,,Home,사직 야구장,14:00,22.2
한현희,2024,Lotte,2024-05-11,vs. LG,RP,,0.0,3.0,0 ⅔,13,0,0,2,0,1,0,0,,Home,사직 야구장,17:00,19.9
한현희,2024,Lotte,2024-05-09,vs. Hanwha,RP,W,0.0,1.2,1 ⅔,24,0,0,1,0,3,1,0,,Home,사직 야구장,18:30,18.9
한현희,2024,Lotte,2024-05-03,@ Samsung,RP,,0.0,0.38,2 ⅔,41,0,0,0,0,3,1,0,,Away,대구 삼성 라이온즈 파크,18:30,20.0
한현희,2024,Lotte,2024-04-30,vs. Kiwoom,RP,,0.0,0.0,1 ⅓,22,0,0,0,0,1,0,0,,Home,사직 야구장,18:30,16.7
한현희,2024,Lotte,2024-04-27,@ NC,RP,,0.0,1.0,1,22,0,0,1,0,0,0,1,,Away,창원 NC 파크,17:00,23.7
한현희,2024,Lotte,2024-04-09,vs. Samsung,RP,,81.0,12.0,0 ⅓,24,3,3,3,0,0,1,0,,Home,사직 야구장,18:30,12.3
한현희,2024,Lotte,2024-04-05,vs. Doosan,RP,,0.0,0.0,0 ⅓,2,0,0,0,0,0,0,0,,Home,사직 야구장,18:30,14.3
한현희,2024,Lotte,2024-03-31,vs. NC,RP,,0.0,0.5,2,28,0,0,1,0,1,0,0,,Home,사직 야구장,14:00,15.1
한현희,2024,Lotte,2024-03-30,vs. NC,RP,,0.0,1.0,1,15,0,0,1,0,1,0,1,,Home,사직 야구장,17:00,15.6
한현희,2023,Lotte,2023-10-14,@ Hanwha,SP,L,7.2,1.4,5,86,4,4,6,1,2,1,1,39.0,Away,대전 한화생명 볼파크,17:00,19.3
한현희,2023,Lotte,2023-10-05,vs. LG,SP,L,3.0,1.67,6,102,5,2,8,0,2,2,1,41.0,Home,사직 야구장,18:30,18.8
한현희,2023,Lotte,2023-09-29,vs. Hanwha,SP,W,1.5,0.67,6,88,1,1,4,0,5,0,1,64.0,Home,사직 야구장,18:30,24.6
한현희,2023,Lotte,2023-09-23,@ SSG,RP,,0.0,0.0,0 ⅓,3,0,0,0,0,0,0,0,,Away,인천 SSG 랜더스필드,17:00,24.8
한현희,2023,Lotte,2023-09-21,@ KT,RP,,0.0,1.0,1,16,0,0,1,0,1,0,0,,Away,수원 KT 위즈파크,18:30,21.8
한현희,2023,Lotte,2023-09-12,vs. NC,RP,,0.0,0.0,0 ⅓,5,0,0,0,0,1,0,0,,Home,사직 야구장,18:30,28.7
한현희,2023,Lotte,2023-09-09,@ NC,SP,,10.13,2.63,2 ⅔,47,3,3,6,0,2,1,0,35.0,Away,창원 NC 파크,17:00,26.9
한현희,2023,Lotte,2023-08-24,@ LG,RP,,0.0,,0,5,0,0,0,0,0,1,0,,Away,잠실 야구장,18:30,29.0
한현희,2023,Lotte,2023-08-18,@ Kiwoom,RP,L,27.0,3.0,1,30,3,3,2,1,2,1,0,,Away,고척 스카이돔,18:30,25.5
한현희,2023,Lotte,2023-08-17,vs. SSG,RP,W,0.0,0.0,2,26,0,0,0,0,0,0,0,,Home,사직 야구장,18:30,28.4
한현희,2023,Lotte,2023-08-10,@ Kiwoom,SP,,9.0,1.25,4,72,4,4,5,1,2,0,1,37.0,Away,고척 스카이돔,18:30,25.5
한현희,2023,Lotte,2023-08-05,vs. SSG,SP,,6.75,2.25,4,82,3,3,7,0,2,2,0,36.0,Home,사직 야구장,18:00,31.9
한현희,2023,Lotte,2023-07-30,@ Kia,SP,L,2.25,1.0,4,52,1,1,2,0,3,2,0,55.0,Away,광주 기아 챔피언스 필드,17:00,31.1
한현희,2023,Lotte,2023-07-28,@ Kia,RP,,0.0,1.5,0 ⅔,21,0,0,1,0,0,0,0,,Away,광주 기아 챔피언스 필드,18:30,32.2
한현희,2023,Lotte,2023-07-26,@ Doosan,RP,,0.0,0.0,1,15,0,0,0,0,1,0,0,,Away,잠실 야구장,18:30,31.3
한현희,2023,Lotte,2023-07-23,vs. Kiwoom,RP,,0.0,1.5,1 ⅓,32,0,0,1,0,2,1,0,,Home,사직 야구장,17:00,28.9
한현희,2023,Lotte,2023-07-22,vs. Kiwoom,RP,,0.0,0.0,1,8,0,0,0,0,0,0,0,,Home,사직 야구장,18:00,27.1
한현희,2023,Lotte,2023-07-13,@ NC,RP,,33.75,3.75,1 ⅓,46,5,5,5,2,1,0,0,,Away,창원 NC 파크,18:30,29.0
한현희,2023,Lotte,2023-07-09,vs. LG,RP,H,0.0,0.0,0 ⅔,11,0,0,0,0,1,0,1,,Home,사직 야구장,17:00,28.2
한현희,2023,Lotte,2023-07-06,@ Hanwha,RP,,0.0,,0,4,0,0,0,0,0,1,0,,Away,대전 한화생명 볼파크,18:30,28.6
한현희,2023,Lotte,2023-07-05,@ Hanwha,RP,,0.0,1.0,1,18,0,0,0,0,2,1,0,,Away,대전 한화생명 볼파크,18:30,26.6
한현희,2023,Lotte,2023-07-01,vs. Doosan,RP,,4.5,2.0,2,37,1,1,2,1,3,2,0,,Home,사직 야구장,18:00,26.1
한현희,2023,Lotte,2023-06-28,vs. Samsung,RP,H,0.0,0.0,0 ⅓,3,0,0,0,0,0,0,0,,Home,사직 야구장,18:30,26.3
한현희,2023,Lotte,2023-06-27,vs. Samsung,RP,H,0.0,3.0,0 ⅓,4,0,0,1,0,0,0,0,,Home,사직 야구장,18:30,26.3
한현희,2023,Lotte,2023-06-24,@ LG,RP,,54.0,9.0,0 ⅓,19,2,2,2,0,0,1,0,,Away,잠실 야구장,17:00,30.9
한현희,2023,Lotte,2023-06-20,@ KT,RP,L,40.5,6.0,0 ⅔,30,3,3,3,0,0,1,0,,Away,수원 KT 위즈파크,18:30,25.2
한현희,2023,Lotte,2023-06-16,@ SSG,SP,L,10.38,2.31,4 ⅓,100,5,5,6,2,2,4,0,29.0,Away,인천 SSG 랜더스필드,18:30,24.8
한현희,2023,Lotte,2023-06-10,@ Samsung,SP,L,6.23,2.31,4 ⅓,100,5,3,9,2,3,1,2,29.0,Away,대구 삼성 라이온즈 파크,17:00,26.2
한현희,2023,Lotte,2023-06-04,vs. Kia,SP,L,3.6,1.4,5,79,2,2,6,0,4,1,0,50.0,Home,사직 야구장,17:00,24.1
한현희,2023,Lotte,2023-05-30,@ LG,SP,L,3.0,1.67,6,93,3,2,8,0,1,2,0,45.0,Away,잠실 야구장,18:30,25.6
한현희,2023,Lotte,2023-05-24,vs. NC,SP,L,4.5,1.75,4,69,2,2,5,0,2,2,0,44.0,Home,사직 야구장,18:30,19.0
한현희,2023,Lotte,2023-05-18,@ Hanwha,SP,W,0.0,0.5,6,96,0,0,1,0,6,2,2,72.0,Away,대전 한화생명 볼파크,18:30,18.4
한현희,2023,Lotte,2023-05-13,@ KT,SP,W,0.0,1.33,6,110,0,0,4,0,6,4,0,66.0,Away,수원 KT 위즈파크,17:00,20.7
한현희,2023,Lotte,2023-04-30,vs. Kiwoom,SP,,5.79,1.93,4 ⅔,87,3,3,7,0,3,2,1,38.0,Home,사직 야구장,14:00,17.9
한현희,2023,Lotte,2023-04-26,vs. Hanwha,RP,W,0.0,0.86,2 ⅓,38,0,0,2,0,3,0,1,,Home,사직 야구장,18:30,16.0
한현희,2023,Lotte,2023-04-19,vs. Kia,SP,L,11.25,2.5,4,79,5,5,8,0,5,2,0,29.0,Home,사직 야구장,18:30,16.6
한현희,2023,Lotte,2023-04-13,vs. LG,SP,W,9.0,1.8,5,112,5,5,4,1,3,5,0,37.0,Home,사직 야구장,18:30,16.9
한현희,2023,Lotte,2023-04-07,vs. KT,SP,L,6.75,1.69,5 ⅓,102,4,4,7,0,4,2,0,40.0,Home,사직 야구장,18:30,16.9
한현희,2022,Kiwoom,2022-09-29,@ SSG,SP,,81.0,15.0,0 ⅓,25,3,3,4,2,0,1,0,30.0,Away,인천 SSG 랜더스필드,18:30,22.3
한현희,2022,Kiwoom,2022-09-21,vs. Samsung,SP,W,1.8,2.0,5,103,2,1,8,0,5,2,0,48.0,Home,고척 스카이돔,18:30,25.5
한현희,2022,Kiwoom,2022-09-15,@ Lotte,SP,L,3.0,1.17,6,92,3,2,6,0,3,1,0,52.0,Away,사직 야구장,18:30,26.1
한현희,2022,Kiwoom,2022-09-09,vs. LG,SP,,1.29,0.86,7,94,1,1,5,0,3,1,0,65.0,Home,고척 스카이돔,18:30,25.5
한현희,2022,Kiwoom,2022-09-03,@ SSG,SP,W,1.5,0.67,6,90,1,1,1,1,2,3,0,65.0,Away,인천 SSG 랜더스필드,17:00,27.4
한현희,2022,Kiwoom,2022-08-20,vs. SSG,RP,,18.0,2.0,1,24,2,2,2,2,0,0,0,,Home,고척 스카이돔,18:00,25.5
한현희,2022,Kiwoom,2022-08-06,@ LG,SP,L,17.18,2.18,3 ⅔,80,7,7,5,1,2,3,2,20.0,Away,잠실 야구장,18:00,32.3
한현희,2022,Kiwoom,2022-08-02,vs. SSG,RP,,0.0,0.0,2,18,0,0,0,0,2,0,0,,Home,고척 스카이돔,18:30,25.5
한현희,2022,Kiwoom,2022-07-26,@ KT,SP,,9.0,1.75,4,91,4,4,7,1,4,0,2,34.0,Away,수원 KT 위즈파크,18:30,31.7
한현희,2022,Kiwoom,2022-07-08,vs. NC,SP,W,0.0,0.6,5,85,0,0,2,0,5,1,1,66.0,Home,고척 스카이돔,18:30,25.5
한현희,2022,Kiwoom,2022-07-01,vs. Hanwha,SP,,4.5,1.17,6,84,3,3,6,1,7,1,0,54.0,Home,고척 스카이돔,18:30,25.5
한현희,2022,Kiwoom,2022-06-24,@ Lotte,SP,L,9.0,2.0,5,86,5,5,9,0,3,1,0,31.0,Away,사직 야구장,18:30,26.6
한현희,2022,Kiwoom,2022-06-18,vs. LG,SP,W,0.0,1.0,6,98,0,0,5,0,3,1,0,64.0,Home,고척 스카이돔,17:00,25.5
한현희,2022,Kiwoom,2022-06-07,vs. KT,SP,W,0.0,1.24,5 ⅔,101,0,0,4,0,6,3,0,64.0,Home,고척 스카이돔,18:30,25.5
한현희,2022,Kiwoom,2022-05-29,@ Lotte,SP,W,0.0,0.86,7,83,0,0,6,0,5,0,1,69.0,Away,사직 야구장,14:00,24.6
한현희,2022,Kiwoom,2022-05-18,@ NC,RP,,3.0,1.67,3,60,1,1,3,0,4,2,1,,Away,창원 NC 파크,18:30,22.6
한현희,2022,Kiwoom,2022-05-13,@ KT,RP,,0.0,,0,11,3,3,2,0,0,0,1,,Away,수원 KT 위즈파크,18:30,21.0
한현희,2022,Kiwoom,2022-05-12,vs. Doosan,RP,,0.0,1.0,1,25,0,0,0,0,2,1,0,,Home,고척 스카이돔,18:30,25.5
한현희,2022,Kiwoom,2022-05-07,vs. SSG,RP,,0.0,3.0,0 ⅔,14,0,0,2,0,1,0,0,,Home,고척 스카이돔,17:00,25.5
한현희,2022,Kiwoom,2022-05-06,vs. SSG,RP,,0.0,0.0,1,13,0,0,0,0,2,0,0,,Home,고척 스카이돔,18:30,25.5
한현희,2022,Kiwoom,2022-04-24,vs. Kia,SP,L,30.86,3.86,2 ⅓,61,9,8,6,1,0,3,0,8.0,Home,고척 스카이돔,14:00,25.5
한현희,2021,Kiwoom,2021-10-29,vs. KT,SP,W,3.0,1.33,6,85,2,2,5,0,2,3,0,53.0,Home,고척 스카이돔,18:30,25.5
한현희,2021,Kiwoom,2021-10-24,@ KT,RP,,0.0,1.29,2 ⅓,39,0,0,3,0,2,0,0,,Away,수원 KT 위즈파크,14:00,17.4
한현희,2021,Kiwoom,2021-10-21,@ LG,RP,H,9.0,3.0,1,15,1,1,2,0,0,1,0,,Away,잠실 야구장,18:30,12.3
한현희,2021,Kiwoom,2021-10-16,@ Samsung,SP,,7.2,1.6,5,71,4,4,8,0,1,0,0,36.0,Away,대구 삼성 라이온즈 파크,17:00,14.8
한현희,2021,Kiwoom,2021-07-04,@ KT,SP,,1.8,0.6,5,83,3,1,3,0,5,0,1,57.0,Away,수원 KT 위즈파크,17:00,24.3
한현희,2021,Kiwoom,2021-06-27,vs. Kia,SP,,3.38,0.56,5 ⅓,86,2,2,1,0,4,2,1,59.0,Home,고척 스카이돔,14:00,25.5
한현희,2021,Kiwoom,2021-06-22,@ Doosan,SP,L,15.0,3.67,3,83,6,5,7,0,2,4,1,20.0,Away,잠실 야구장,18:30,25.8
한현희,2021,Kiwoom,2021-06-16,vs. LG,SP,,4.5,1.33,6,87,3,3,7,1,3,1,1,47.0,Home,고척 스카이돔,18:30,25.5
한현희,2021,Kiwoom,2021-06-10,@ Hanwha,SP,,0.0,0.6,5,70,0,0,2,0,5,1,0,67.0,Away,대전 한화생명 볼파크,18:30,27.9
한현희,2021,Kiwoom,2021-06-04,vs. Samsung,SP,L,4.05,1.5,6 ⅔,106,4,3,9,0,8,1,0,49.0,Home,고척 스카이돔,18:30,25.5
한현희,2021,Kiwoom,2021-05-29,@ LG,SP,W,1.59,1.41,5 ⅔,93,1,1,6,0,5,2,1,55.0,Away,잠실 야구장,17:00,15.8
한현희,2021,Kiwoom,2021-05-23,vs. NC,RP,W,6.75,3.75,1 ⅓,47,1,1,3,0,0,2,0,,Home,고척 스카이돔,14:00,25.5
한현희,2021,Kiwoom,2021-05-18,@ Samsung,SP,W,3.6,1.6,5,100,3,2,6,1,6,2,1,48.0,Away,대구 삼성 라이온즈 파크,18:30,17.2
한현희,2021,Kiwoom,2021-05-12,@ Doosan,SP,W,0.0,0.86,7,95,0,0,4,0,6,2,0,73.0,Away,잠실 야구장,18:30,27.0
한현희,2021,Kiwoom,2021-05-06,vs. KT,SP,,5.4,1.4,5,80,3,3,5,0,4,2,0,47.0,Home,고척 스카이돔,18:30,25.5
한현희,2021,Kiwoom,2021-04-28,vs. Doosan,SP,,5.4,1.8,5,91,3,3,6,1,3,3,0,43.0,Home,고척 스카이돔,18:30,25.5
한현희,2021,Kiwoom,2021-04-22,@ Hanwha,SP,W,5.4,1.6,5,87,3,3,6,1,1,2,0,42.0,Away,대전 한화생명 볼파크,18:30,25.5
한현희,2021,Kiwoom,2021-04-16,@ KT,SP,,4.26,0.79,6 ⅓,82,3,3,3,0,4,2,0,57.0,Away,수원 KT 위즈파크,18:30,13.6
한현희,2020,Kiwoom,2020-10-03,@ SK,SP,L,9.64,2.14,4 ⅔,91,5,5,8,1,1,2,0,27.0,Away,인천 SSG 랜더스필드,17:00,20.9
한현희,2020,Kiwoom,2020-09-27,@ Doosan,SP,,0.0,1.13,5 ⅓,98,0,0,3,0,6,3,0,65.0,Away,잠실 야구장,14:00,24.6
한현희,2020,Kiwoom,2020-09-22,@ Kia,SP,W,0.0,0.57,7,91,0,0,3,0,6,1,0,76.0,Away,광주 기아 챔피언스 필드,18:30,21.2
한현희,2020,Kiwoom,2020-09-16,vs. Lotte,SP,,0.0,0.83,6,95,0,0,4,0,6,1,0,69.0,Home,고척 스카이돔,18:30,25.5
한현희,2020,Kiwoom,2020-09-10,@ LG,SP,L,3.38,1.5,5 ⅓,97,2,2,4,0,3,4,0,51.0,Away,잠실 야구장,18:30,26.1
한현희,2020,Kiwoom,2020-09-04,@ Hanwha,SP,L,8.31,1.38,4 ⅓,78,4,4,5,0,4,1,0,40.0,Away,대전 한화생명 볼파크,18:30,27.0
한현희,2020,Kiwoom,2020-08-29,vs. Samsung,SP,,1.29,0.86,7,108,1,1,4,0,9,2,0,72.0,Home,고척 스카이돔,18:00,25.5
한현희,2020,Kiwoom,2020-08-23,vs. Kia,SP,,6.75,0.75,5 ⅓,86,4,4,3,2,4,1,0,49.0,Home,고척 스카이돔,14:00,25.5
한현희,2020,Kiwoom,2020-08-18,@ NC,SP,L,10.38,1.38,4 ⅓,75,5,5,6,1,3,0,1,33.0,Away,창원 NC 파크,18:30,33.1
한현희,2020,Kiwoom,2020-08-12,vs. Hanwha,SP,,3.0,0.83,6,105,2,2,3,1,3,2,2,57.0,Home,고척 스카이돔,18:30,25.5
한현희,2020,Kiwoom,2020-08-06,vs. KT,SP,W,2.57,0.57,7,86,2,2,4,1,5,0,0,66.0,Home,고척 스카이돔,18:30,25.5
한현희,2020,Kiwoom,2020-07-31,@ Samsung,SP,W,3.6,1.2,5,91,2,2,4,0,3,2,2,50.0,Away,대구 삼성 라이온즈 파크,18:30,29.4
한현희,2020,Kiwoom,2020-07-25,vs. Lotte,SP,L,6.75,1.05,6 ⅔,101,5,5,6,0,10,1,2,49.0,Home,고척 스카이돔,18:00,25.5
한현희,2020,Kiwoom,2020-07-18,@ SK,SP,W,1.35,0.75,6 ⅔,99,1,1,4,1,7,1,0,68.0,Away,인천 SSG 랜더스필드,18:00,27.5
한현희,2020,Kiwoom,2020-07-13,@ Kia,SP,L,31.5,5.0,2,65,7,7,8,1,1,2,0,11.0,Away,광주 기아 챔피언스 필드,18:30,26.1
한현희,2020,Kiwoom,2020-07-01,vs. Doosan,SP,L,54.0,7.8,1 ⅔,60,10,10,11,0,0,2,0,-9.0,Home,고척 스카이돔,18:30,25.5
한현희,2020,Kiwoom,2020-06-25,@ LG,SP,,3.6,1.2,5,85,2,2,5,0,5,1,0,53.0,Away,잠실 야구장,18:30,24.4
한현희,2020,Kiwoom,2020-06-19,vs. SK,SP,,1.17,1.04,7 ⅔,98,1,1,7,0,5,1,0,65.0,Home,고척 스카이돔,18:30,25.5
한현희,2020,Kiwoom,2020-06-13,@ NC,SP,W,6.0,1.5,6,90,4,4,9,0,5,0,3,40.0,Away,창원 NC 파크,17:00,24.9
한현희,2020,Kiwoom,2020-06-07,vs. LG,SP,L,1.69,0.94,5 ⅓,98,1,1,4,0,3,1,1,57.0,Home,고척 스카이돔,14:00,25.5
한현희,2020,Kiwoom,2020-06-02,@ Hanwha,SP,W,2.57,1.0,7,95,3,2,7,0,5,0,0,58.0,Away,대전 한화생명 볼파크,18:30,22.5
한현희,2020,Kiwoom,2020-05-27,@ NC,SP,L,10.38,2.54,4 ⅓,86,6,5,7,0,2,4,1,24.0,Away,창원 NC 파크,18:30,19.9
한현희,2020,Kiwoom,2020-05-21,vs. SK,SP,,9.0,2.0,5,80,5,5,8,1,2,2,0,31.0,Home,고척 스카이돔,18:30,25.5
한현희,2020,Kiwoom,2020-05-16,@ LG,SP,,3.6,1.6,5,87,2,2,6,0,7,2,1,51.0,Away,잠실 야구장,17:00,20.3
한현희,2020,Kiwoom,2020-05-09,vs. Hanwha,SP,W,4.5,1.5,6,100,3,3,8,1,4,1,1,46.0,Home,고척 스카이돔,17:00,25.5
홍민기,2024,Lotte,2024-05-28,@ Hanwha,RP,,54.0,9.0,0 ⅓,17,2,2,3,0,0,0,0,,Away,대전 한화생명 볼파크,18:30,23.5
홍민기,2024,Lotte,2024-05-24,vs. Samsung,RP,,13.5,3.0,0 ⅔,23,3,1,1,0,1,1,0,,Home,사직 야구장,18:30,19.9
홍민기,2024,Lotte,2024-05-12,vs. LG,SP,,6.75,1.5,2 ⅔,59,2,2,4,0,1,0,2,41.0,Home,사직 야구장,14:00,22.2
홍민기,2021,Lotte,2021-09-30,vs. KT,RP,,27.0,6.0,0 ⅓,14,1,1,0,0,0,2,0,,Home,사직 야구장,18:30,24.9
현도훈,2024,Lotte,2024-08-30,@ Kiwoom,RP,,0.0,3.0,1,27,0,0,0,0,1,3,0,,Away,고척 스카이돔,18:30,25.5
현도훈,2024,Lotte,2024-08-07,vs. NC,RP,,9.0,2.0,1,19,1,1,1,0,2,1,0,,Home,사직 야구장,18:30,32.7
현도훈,2024,Lotte,2024-07-31,@ SSG,RP,L,13.5,1.5,0 ⅔,7,1,1,1,1,0,0,0,,Away,인천 SSG 랜더스필드,18:30,31.8
현도훈,2024,Lotte,2024-06-25,vs. Kia,RP,,13.5,2.1,3 ⅓,61,6,5,7,0,2,0,0,,Home,사직 야구장,18:30,24.2
현도훈,2024,Lotte,2024-06-20,@ KT,RP,,9.0,3.0,1,22,1,1,3,0,0,0,0,,Away,수원 KT 위즈파크,18:30,29.6
현도훈,2024,Lotte,2024-06-19,@ KT,RP,,0.0,,0,7,1,1,1,1,0,1,0,,Away,수원 KT 위즈파크,18:30,32.0
현도훈,2024,Lotte,2024-05-10,vs. LG,RP,,4.5,1.5,2,32,1,1,2,0,1,1,0,,Home,사직 야구장,18:30,20.0
현도훈,2024,Lotte,2024-05-09,vs. Hanwha,RP,,0.0,0.0,1,18,0,0,0,0,2,0,0,,Home,사직 야구장,18:30,18.9
현도훈,2021,Doosan,2021-10-24,vs. LG,SP,,81.0,12.0,0 ⅓,25,3,3,2,0,0,2,0,33.0,Home,잠실 야구장,14:00,16.7
현도훈,2021,Doosan,2021-10-17,vs. Kia,SP,,3.6,1.0,5,87,2,2,3,0,3,2,0,54.0,Home,잠실 야구장,14:00,8.1
현도훈,2021,Doosan,2021-08-21,vs. Hanwha,RP,,0.0,,0,4,0,0,0,0,0,1,0,,Home,잠실 야구장,18:00,26.7
현도훈,2021,Doosan,2021-08-15,@ Kiwoom,RP,,20.25,3.75,1 ⅓,42,3,3,2,0,2,3,0,,Away,고척 스카이돔,14:00,25.5
현도훈,2021,Doosan,2021-08-12,@ Samsung,RP,,18.0,3.5,2,50,4,4,2,1,4,5,0,,Away,대구 삼성 라이온즈 파크,18:30,28.8
정철원,2024,Doosan,2024-09-28,@ NC,RP,H,0.0,2.0,1,22,0,0,1,0,2,1,0,,Away,창원 NC 파크,17:00,26.5
정철원,2024,Doosan,2024-09-16,vs. Kiwoom,RP,,0.0,,0,8,1,1,0,0,0,2,0,,Home,잠실 야구장,18:30,31.5
정철원,2024,Doosan,2024-09-10,@ Kiwoom,RP,,27.0,3.0,0 ⅔,10,2,2,1,0,1,1,0,,Away,고척 스카이돔,18:30,25.5
정철원,2024,Doosan,2024-09-04,@ Samsung,RP,,54.0,6.0,0 ⅓,14,2,2,2,1,1,0,0,,Away,대구 삼성 라이온즈 파크,18:30,28.5
정철원,2024,Doosan,2024-09-03,@ Hanwha,RP,,10.8,1.8,1 ⅔,30,2,2,2,1,1,1,0,,Away,대전 한화생명 볼파크,18:30,29.1
정철원,2024,Doosan,2024-09-01,vs. Lotte,RP,,0.0,0.0,1,9,0,0,0,0,2,0,0,,Home,잠실 야구장,14:00,30.2
정철원,2024,Doosan,2024-08-31,vs. Lotte,RP,,0.0,0.0,1 ⅓,15,0,0,0,0,2,0,0,,Home,잠실 야구장,18:00,30.8
정철원,2024,Doosan,2024-08-29,@ NC,RP,,9.0,3.0,1,19,1,1,3,0,2,0,0,,Away,창원 NC 파크,18:30,30.6
정철원,2024,Doosan,2024-08-28,@ NC,RP,,0.0,0.0,1,10,0,0,0,0,1,0,0,,Away,창원 NC 파크,18:30,29.8
정철원,2024,Doosan,2024-08-23,vs. Hanwha,RP,,0.0,3.0,1,19,0,0,2,0,2,1,0,,Home,잠실 야구장,18:30,31.2
정철원,2024,Doosan,2024-08-20,@ Samsung,RP,,0.0,0.0,0 ⅔,8,0,0,0,0,1,0,0,,Away,대구 삼성 라이온즈 파크,18:30,31.4
정철원,2024,Doosan,2024-08-18,@ KT,RP,,0.0,0.75,1 ⅓,22,0,0,0,0,1,1,0,,Away,수원 KT 위즈파크,17:00,29.9
정철원,2024,Doosan,2024-08-14,vs. Lotte,RP,,9.0,2.0,1,18,1,1,2,0,1,0,0,,Home,잠실 야구장,18:30,30.0
정철원,2024,Doosan,2024-08-11,@ SSG,RP,,0.0,1.0,1,21,0,0,0,0,1,1,0,,Away,인천 SSG 랜더스필드,17:00,32.6
정철원,2024,Doosan,2024-08-09,@ SSG,RP,,81.0,9.0,0 ⅓,11,3,3,3,1,1,0,0,,Away,인천 SSG 랜더스필드,18:30,31.8
정철원,2024,Doosan,2024-06-23,@ Samsung,RP,,27.0,5.0,1,37,3,3,3,0,1,2,0,,Away,대구 삼성 라이온즈 파크,17:00,26.5
정철원,2024,Doosan,2024-06-21,@ Samsung,RP,,0.0,1.0,1,22,0,0,0,0,0,1,0,,Away,대구 삼성 라이온즈 파크,18:30,26.4
정철원,2024,Doosan,2024-06-19,vs. NC,RP,,0.0,2.0,1,16,0,0,1,0,0,1,0,,Home,잠실 야구장,18:30,32.5
정철원,2024,Doosan,2024-06-16,@ Kiwoom,RP,,5.4,1.8,1 ⅔,38,1,1,2,0,4,1,0,,Away,고척 스카이돔,14:00,25.5
정철원,2024,Doosan,2024-06-13,vs. Hanwha,RP,,0.0,1.0,1,13,0,0,0,0,0,1,0,,Home,잠실 야구장,18:30,29.2
정철원,2024,Doosan,2024-06-11,vs. Hanwha,RP,,0.0,4.5,0 ⅔,21,0,0,1,0,0,2,0,,Home,잠실 야구장,18:30,27.8
정철원,2024,Doosan,2024-06-07,vs. Kia,RP,W,0.0,2.0,1,23,0,0,1,0,2,1,0,,Home,잠실 야구장,18:30,26.4
정철원,2024,Doosan,2024-06-06,@ NC,RP,,0.0,2.0,1,21,1,0,2,0,1,0,1,,Away,창원 NC 파크,18:30,23.0
정철원,2024,Doosan,2024-04-23,vs. NC,RP,,0.0,,0,6,1,1,2,0,0,0,1,,Home,잠실 야구장,18:30,19.9
정철원,2024,Doosan,2024-04-21,vs. Kiwoom,RP,W,9.0,3.0,1,14,1,1,3,1,1,0,0,,Home,잠실 야구장,14:00,20.7
정철원,2024,Doosan,2024-04-19,vs. Kiwoom,RP,,0.0,1.0,1,15,0,0,1,0,1,0,0,,Home,잠실 야구장,18:30,21.1
정철원,2024,Doosan,2024-04-13,vs. LG,RP,SV,0.0,2.0,1,11,0,0,2,0,0,0,0,,Home,잠실 야구장,17:00,26.2
정철원,2024,Doosan,2024-04-10,vs. Hanwha,RP,SV,0.0,1.0,1,14,0,0,0,0,1,1,0,,Home,잠실 야구장,18:30,15.2
정철원,2024,Doosan,2024-04-09,vs. Hanwha,RP,SV,0.0,1.0,1,17,0,0,0,0,1,1,0,,Home,잠실 야구장,18:30,19.7
정철원,2024,Doosan,2024-04-07,@ Lotte,RP,,0.0,1.2,1 ⅔,26,0,0,1,0,1,1,0,,Away,사직 야구장,14:00,20.5
정철원,2024,Doosan,2024-04-05,@ Lotte,RP,SV,0.0,1.0,1,18,0,0,0,0,2,1,0,,Away,사직 야구장,18:30,14.3
정철원,2024,Doosan,2024-04-02,@ SSG,RP,,108.0,9.0,0 ⅓,18,4,4,2,1,0,1,1,,Away,인천 SSG 랜더스필드,18:30,16.9
정철원,2024,Doosan,2024-03-27,@ KT,RP,,0.0,,0,10,0,0,0,0,0,2,0,,Away,수원 KT 위즈파크,18:30,12.2
정철원,2024,Doosan,2024-03-26,@ KT,RP,SV,0.0,1.0,1,19,0,0,1,0,2,0,0,,Away,수원 KT 위즈파크,18:30,10.8
정철원,2024,Doosan,2024-03-24,@ NC,RP,SV,0.0,1.0,1,15,0,0,0,0,1,1,0,,Away,창원 NC 파크,14:00,13.5
정철원,2024,Doosan,2024-03-23,@ NC,RP,L,13.5,3.0,0 ⅔,24,1,1,1,0,2,1,2,,Away,창원 NC 파크,14:00,21.4
정철원,2023,Doosan,2023-10-16,vs. SSG,RP,,0.0,0.0,1,11,0,0,0,0,0,0,0,,Home,잠실 야구장,18:30,16.2
정철원,2023,Doosan,2023-10-14,@ LG,RP,W,9.0,1.0,1,16,1,1,1,1,2,0,0,,Away,잠실 야구장,17:00,17.1
정철원,2023,Doosan,2023-10-10,@ KT,RP,L,18.0,6.0,1,28,2,2,4,1,1,2,0,,Away,수원 KT 위즈파크,18:30,18.3
정철원,2023,Doosan,2023-10-08,vs. Lotte,RP,SV,0.0,2.25,1 ⅓,27,0,0,3,0,2,0,0,,Home,잠실 야구장,14:00,18.7
정철원,2023,Doosan,2023-10-03,vs. Kiwoom,RP,L,4.5,1.5,2,36,1,1,1,0,0,2,0,,Home,잠실 야구장,18:30,20.6
정철원,2023,Doosan,2023-09-30,vs. LG,RP,SV,0.0,1.0,1,9,0,0,1,0,0,0,0,,Home,잠실 야구장,17:00,23.9
정철원,2023,Doosan,2023-09-29,vs. LG,RP,W,0.0,1.2,1 ⅔,29,0,0,2,0,1,0,0,,Home,잠실 야구장,18:30,22.8
정철원,2023,Doosan,2023-09-27,@ SSG,RP,,6.75,0.75,1 ⅓,29,1,1,1,1,2,0,1,,Away,인천 SSG 랜더스필드,18:30,24.6
정철원,2023,Doosan,2023-09-23,@ NC,RP,SV,9.0,2.0,1,23,1,1,2,0,1,0,0,,Away,창원 NC 파크,17:00,23.0
정철원,2023,Doosan,2023-09-22,@ Samsung,RP,SV,0.0,1.0,1,15,0,0,0,0,0,1,0,,Away,대구 삼성 라이온즈 파크,18:30,23.2
정철원,2023,Doosan,2023-09-21,@ Samsung,RP,,0.0,1.0,1,15,0,0,1,0,0,0,0,,Away,대구 삼성 라이온즈 파크,18:30,21.9
정철원,2023,Doosan,2023-09-18,@ Kia,RP,,0.0,1.0,1,13,0,0,1,0,1,0,0,,Away,광주 기아 챔피언스 필드,18:30,29.7
정철원,2023,Doosan,2023-09-17,@ Kia,RP,SV,0.0,0.0,0 ⅓,9,0,0,0,0,1,0,0,,Away,광주 기아 챔피언스 필드,14:00,30.1
정철원,2023,Doosan,2023-09-15,@ Kia,RP,SV,0.0,0.0,1,18,0,0,0,0,0,0,0,,Away,광주 기아 챔피언스 필드,18:30,29.5
정철원,2023,Doosan,2023-09-09,vs. Samsung,RP,,0.0,0.0,1,11,0,0,0,0,1,0,0,,Home,잠실 야구장,17:00,30.1
정철원,2023,Doosan,2023-09-07,vs. Kia,RP,SV,0.0,1.5,1 ⅓,23,0,0,0,0,0,2,0,,Home,잠실 야구장,18:30,28.8
정철원,2023,Doosan,2023-09-03,@ Lotte,RP,SV,0.0,0.0,1,16,0,0,0,0,0,0,0,,Away,사직 야구장,14:00,31.0
정철원,2023,Doosan,2023-08-31,@ LG,RP,L,4.5,1.0,2,36,1,1,2,0,1,0,0,,Away,잠실 야구장,18:30,27.6
정철원,2023,Doosan,2023-08-27,vs. SSG,RP,,54.0,12.0,0 ⅓,23,2,2,3,0,0,1,0,,Home,잠실 야구장,17:00,29.8
정철원,2023,Doosan,2023-08-26,vs. SSG,RP,,13.5,6.0,0 ⅔,32,1,1,1,0,1,3,0,,Home,잠실 야구장,18:00,29.3
정철원,2023,Doosan,2023-08-24,@ Kiwoom,RP,SV,6.75,3.75,1 ⅓,31,1,1,4,0,1,1,0,,Away,고척 스카이돔,18:30,25.5
정철원,2023,Doosan,2023-08-19,vs. NC,RP,SV,0.0,0.0,1 ⅔,19,0,0,0,0,1,0,0,,Home,잠실 야구장,18:00,31.7
정철원,2023,Doosan,2023-08-17,vs. KT,RP,,13.5,4.5,0 ⅔,19,1,1,3,0,2,0,0,,Home,잠실 야구장,18:30,31.4
정철원,2023,Doosan,2023-08-08,vs. Samsung,RP,,0.0,1.5,0 ⅔,11,0,0,0,0,0,1,0,,Home,잠실 야구장,18:30,34.9
정철원,2023,Doosan,2023-08-04,vs. KT,RP,L,10.8,1.8,1 ⅔,27,2,2,2,1,1,1,0,,Home,잠실 야구장,18:30,33.4
정철원,2023,Doosan,2023-08-02,@ Hanwha,RP,,0.0,0.5,2,32,0,0,1,0,1,0,0,,Away,대전 한화생명 볼파크,18:30,32.8
정철원,2023,Doosan,2023-07-29,vs. LG,RP,,6.75,1.5,1 ⅓,19,2,1,2,0,1,0,0,,Home,잠실 야구장,18:00,32.3
정철원,2023,Doosan,2023-07-25,vs. Lotte,RP,SV,0.0,0.0,0 ⅔,6,0,0,0,0,0,0,0,,Home,잠실 야구장,18:30,30.3
정철원,2023,Doosan,2023-07-12,@ SSG,RP,H,0.0,0.0,1,17,0,0,0,0,0,0,0,,Away,인천 SSG 랜더스필드,18:30,28.8
정철원,2023,Doosan,2023-07-08,vs. Kiwoom,RP,H,0.0,1.0,1,13,0,0,1,0,0,0,0,,Home,잠실 야구장,18:00,29.9
정철원,2023,Doosan,2023-07-06,@ Samsung,RP,H,0.0,0.0,1,9,0,0,0,0,1,0,0,,Away,대구 삼성 라이온즈 파크,18:30,26.6
정철원,2023,Doosan,2023-07-04,@ Samsung,RP,W,0.0,0.75,1 ⅓,21,0,0,0,0,0,1,0,,Away,대구 삼성 라이온즈 파크,18:30,26.3
정철원,2023,Doosan,2023-07-02,@ Lotte,RP,SV,0.0,0.0,0 ⅔,7,0,0,0,0,1,0,0,,Away,사직 야구장,17:00,27.7
정철원,2023,Doosan,2023-07-01,@ Lotte,RP,SV,0.0,0.0,0 ⅔,14,0,0,0,0,2,0,0,,Away,사직 야구장,18:00,26.1
정철원,2023,Doosan,2023-06-30,@ Lotte,RP,,0.0,1.0,1,13,0,0,0,0,1,1,0,,Away,사직 야구장,18:30,25.6
정철원,2023,Doosan,2023-06-28,vs. NC,RP,,27.0,3.0,0 ⅔,11,2,2,1,0,0,1,0,,Home,잠실 야구장,18:30,29.1
정철원,2023,Doosan,2023-06-27,vs. NC,RP,,9.0,3.0,1,18,1,1,3,0,1,0,0,,Home,잠실 야구장,18:30,28.9
정철원,2023,Doosan,2023-06-23,@ Kiwoom,RP,H,0.0,0.0,1,10,0,0,0,0,0,0,0,,Away,고척 스카이돔,18:30,25.5
정철원,2023,Doosan,2023-06-21,vs. SSG,RP,,0.0,3.0,0 ⅔,18,0,0,2,0,1,0,0,,Home,잠실 야구장,18:30,24.3
정철원,2023,Doosan,2023-06-20,vs. SSG,RP,,0.0,0.5,2,21,0,0,1,0,1,0,0,,Home,잠실 야구장,18:30,25.7
정철원,2023,Doosan,2023-06-16,@ LG,RP,,0.0,2.0,1,25,2,0,1,0,1,1,0,,Away,잠실 야구장,18:30,27.2
정철원,2023,Doosan,2023-06-14,@ NC,RP,,0.0,1.0,2,32,0,0,1,0,4,1,0,,Away,창원 NC 파크,18:30,23.3
정철원,2023,Doosan,2023-06-13,@ NC,RP,,27.0,3.0,1,22,3,3,1,1,0,2,0,,Away,창원 NC 파크,18:30,25.3
정철원,2023,Doosan,2023-05-25,vs. Samsung,RP,,0.0,0.0,1,8,0,0,0,0,0,0,0,,Home,잠실 야구장,18:30,23.3
정철원,2023,Doosan,2023-05-24,vs. Samsung,RP,L,135.0,12.0,0 ⅓,19,5,5,2,0,0,2,0,,Home,잠실 야구장,18:30,23.2
정철원,2023,Doosan,2023-05-23,vs. Samsung,RP,H,0.0,0.0,1,16,0,0,0,0,2,0,0,,Home,잠실 야구장,18:30,25.2
정철원,2023,Doosan,2023-05-18,@ Kiwoom,RP,,0.0,0.0,1,13,0,0,0,0,1,0,0,,Away,고척 스카이돔,18:30,25.5
정철원,2023,Doosan,2023-05-16,@ Kiwoom,RP,H,0.0,0.0,1,11,0,0,0,0,1,0,0,,Away,고척 스카이돔,18:30,25.5
정철원,2023,Doosan,2023-05-14,vs. Kia,RP,W,0.0,0.0,1,19,0,0,0,0,2,0,0,,Home,잠실 야구장,14:00,23.8
정철원,2023,Doosan,2023-05-12,vs. Kia,RP,,13.5,3.0,0 ⅔,18,1,1,1,1,0,1,0,,Home,잠실 야구장,18:30,23.1
정철원,2023,Doosan,2023-05-11,@ Lotte,RP,,0.0,2.0,1,22,0,0,0,0,0,2,0,,Away,사직 야구장,18:30,19.5
정철원,2023,Doosan,2023-05-09,@ Lotte,RP,,0.0,3.0,0 ⅔,15,1,0,2,0,0,0,0,,Away,사직 야구장,18:30,19.0
정철원,2023,Doosan,2023-05-03,vs. Hanwha,RP,,0.0,,0,5,1,1,1,0,0,0,0,,Home,잠실 야구장,18:30,22.7
정철원,2023,Doosan,2023-05-02,vs. Hanwha,RP,H,0.0,1.0,1,14,0,0,1,0,1,0,0,,Home,잠실 야구장,18:30,22.2
정철원,2023,Doosan,2023-04-30,@ SSG,RP,H,0.0,1.0,1,18,0,0,0,0,1,1,0,,Away,인천 SSG 랜더스필드,14:00,15.4
정철원,2023,Doosan,2023-04-27,@ Samsung,RP,L,13.5,1.5,1 ⅓,21,2,2,1,1,0,1,0,,Away,대구 삼성 라이온즈 파크,18:30,16.8
정철원,2023,Doosan,2023-04-23,vs. KT,RP,,0.0,1.0,1,15,0,0,0,0,1,1,0,,Home,잠실 야구장,14:00,22.0
정철원,2023,Doosan,2023-04-22,vs. KT,RP,,0.0,1.0,1,11,0,0,1,0,2,0,0,,Home,잠실 야구장,17:00,22.2
정철원,2023,Doosan,2023-04-19,@ Hanwha,RP,,0.0,0.5,2,38,0,0,1,0,1,0,1,,Away,대전 한화생명 볼파크,18:30,25.2
정철원,2023,Doosan,2023-04-18,@ Hanwha,RP,W,0.0,0.0,1,9,0,0,0,0,0,0,0,,Away,대전 한화생명 볼파크,18:30,13.8
정철원,2023,Doosan,2023-04-16,@ LG,RP,W,9.0,1.5,2,29,2,2,3,1,1,0,0,,Away,잠실 야구장,14:00,14.4
정철원,2023,Doosan,2023-04-11,vs. Kiwoom,RP,H,0.0,2.0,1,25,0,0,1,0,0,1,0,,Home,잠실 야구장,18:30,12.2
정철원,2023,Doosan,2023-04-09,@ Kia,RP,H,0.0,2.25,1 ⅓,23,0,0,2,0,2,1,0,,Away,광주 기아 챔피언스 필드,14:00,18.1
정철원,2023,Doosan,2023-04-07,@ Kia,RP,H,0.0,0.0,1 ⅓,21,0,0,0,0,2,0,0,,Away,광주 기아 챔피언스 필드,18:30,8.8
정철원,2023,Doosan,2023-04-06,vs. NC,RP,,0.0,3.0,1,23,0,0,3,0,2,0,0,,Home,잠실 야구장,18:30,7.8
정철원,2023,Doosan,2023-04-04,vs. NC,RP,W,0.0,1.0,1,13,0,0,0,0,1,1,0,,Home,잠실 야구장,18:30,20.1
정철원,2023,Doosan,2023-04-01,vs. Lotte,RP,,0.0,1.0,1,14,0,0,1,0,1,0,0,,Home,잠실 야구장,14:00,25.0
정철원,2022,Doosan,2022-10-05,vs. SSG,RP,H,0.0,1.0,1,17,0,0,0,0,1,1,0,,Home,잠실 야구장,18:30,17.7
정철원,2022,Doosan,2022-10-03,@ Lotte,RP,H,0.0,1.2,1 ⅔,15,0,0,1,0,1,1,0,,Away,사직 야구장,18:30,24.7
정철원,2022,Doosan,2022-09-29,@ Hanwha,RP,H,0.0,1.0,1,22,0,0,0,0,1,1,0,,Away,대전 한화생명 볼파크,18:30,21.9
정철원,2022,Doosan,2022-09-27,@ KT,RP,,81.0,12.0,0 ⅓,23,3,3,3,1,0,1,0,,Away,수원 KT 위즈파크,18:30,24.4
정철원,2022,Doosan,2022-09-25,vs. Hanwha,RP,H,0.0,1.5,1 ⅓,25,0,0,1,0,2,1,0,,Home,잠실 야구장,14:00,23.4
정철원,2022,Doosan,2022-09-22,@ Kiwoom,RP,H,0.0,1.2,1 ⅔,40,0,0,1,0,2,1,0,,Away,고척 스카이돔,18:30,25.5
정철원,2022,Doosan,2022-09-18,@ SSG,RP,H,9.0,3.0,1,19,1,1,2,0,1,1,0,,Away,인천 SSG 랜더스필드,14:00,30.4
정철원,2022,Doosan,2022-09-17,@ SSG,RP,H,0.0,3.0,0 ⅓,6,0,0,1,0,0,0,0,,Away,인천 SSG 랜더스필드,17:00,28.5
정철원,2022,Doosan,2022-09-16,@ Samsung,RP,,36.0,5.0,1,29,4,4,4,0,0,1,0,,Away,대구 삼성 라이온즈 파크,18:30,29.0
정철원,2022,Doosan,2022-09-14,vs. LG,RP,H,0.0,0.0,1 ⅔,24,0,0,0,0,1,0,0,,Home,잠실 야구장,18:30,24.7
정철원,2022,Doosan,2022-09-11,vs. Kia,RP,H,0.0,1.0,2,38,0,0,1,0,0,1,0,,Home,잠실 야구장,14:00,26.4
정철원,2022,Doosan,2022-09-09,vs. Hanwha,RP,,0.0,1.0,1,17,0,0,1,0,3,0,0,,Home,잠실 야구장,18:30,27.0
정철원,2022,Doosan,2022-09-06,@ NC,RP,L,0.0,3.0,0 ⅔,14,1,0,2,0,0,0,0,,Away,창원 NC 파크,18:30,25.1
정철원,2022,Doosan,2022-09-01,vs. Lotte,RP,W,0.0,0.0,1,12,0,0,0,0,0,0,0,,Home,잠실 야구장,18:30,27.8
정철원,2022,Doosan,2022-08-27,@ Kia,RP,SV,0.0,0.5,2,28,0,0,1,0,2,0,0,,Away,광주 기아 챔피언스 필드,18:00,24.4
정철원,2022,Doosan,2022-08-21,@ LG,RP,SV,0.0,1.13,2 ⅔,41,0,0,2,0,5,1,0,,Away,잠실 야구장,17:00,32.2
정철원,2022,Doosan,2022-08-18,vs. Kiwoom,RP,H,0.0,0.6,1 ⅔,20,0,0,1,0,0,0,0,,Home,잠실 야구장,18:30,28.4
정철원,2022,Doosan,2022-08-14,vs. SSG,RP,,0.0,3.0,0 ⅔,14,0,0,2,0,0,0,0,,Home,잠실 야구장,17:00,31.6
정철원,2022,Doosan,2022-08-12,vs. NC,RP,,0.0,3.0,0 ⅓,9,0,0,0,0,0,1,0,,Home,잠실 야구장,18:30,31.5
정철원,2022,Doosan,2022-08-11,vs. NC,RP,,0.0,1.2,1 ⅔,30,0,0,1,0,0,1,0,,Home,잠실 야구장,18:30,28.4
정철원,2022,Doosan,2022-08-07,@ Kia,RP,,0.0,0.0,1,12,0,0,0,0,1,0,0,,Away,광주 기아 챔피언스 필드,17:00,33.8
정철원,2022,Doosan,2022-08-06,@ Kia,RP,W,0.0,0.0,0 ⅔,6,0,0,0,0,0,0,0,,Away,광주 기아 챔피언스 필드,18:00,34.9
정철원,2022,Doosan,2022-08-05,@ Kia,RP,H,0.0,0.5,2,24,0,0,1,0,1,0,0,,Away,광주 기아 챔피언스 필드,18:30,33.3
정철원,2022,Doosan,2022-08-03,vs. Samsung,RP,H,0.0,1.2,1 ⅔,26,0,0,1,0,0,1,0,,Home,잠실 야구장,18:30,30.9
정철원,2022,Doosan,2022-07-29,@ Hanwha,RP,,0.0,1.0,1,12,0,0,1,0,0,0,0,,Away,대전 한화생명 볼파크,18:30,33.0
정철원,2022,Doosan,2022-07-27,vs. Lotte,RP,H,18.0,3.0,1,32,2,2,2,0,0,1,0,,Home,잠실 야구장,18:30,32.0
정철원,2022,Doosan,2022-07-26,vs. Lotte,RP,,5.4,0.6,1 ⅔,22,1,1,1,0,1,0,0,,Home,잠실 야구장,18:30,32.5
정철원,2022,Doosan,2022-07-24,vs. SSG,RP,,0.0,1.0,2,25,0,0,2,0,1,0,0,,Home,잠실 야구장,17:00,29.7
정철원,2022,Doosan,2022-07-22,vs. SSG,RP,,0.0,0.6,1 ⅔,24,0,0,0,0,1,1,0,,Home,잠실 야구장,18:30,28.5
정철원,2022,Doosan,2022-07-12,@ NC,RP,,27.0,3.0,0 ⅓,10,1,1,0,0,0,1,0,,Away,창원 NC 파크,18:30,26.8
정철원,2022,Doosan,2022-07-09,vs. LG,RP,,9.0,2.0,1,28,1,1,1,0,0,1,0,,Home,잠실 야구장,18:00,31.6
정철원,2022,Doosan,2022-07-07,vs. Kiwoom,RP,SV,0.0,0.0,1,21,0,0,0,0,1,0,0,,Home,잠실 야구장,18:30,31.5
정철원,2022,Doosan,2022-07-06,vs. Kiwoom,RP,H,0.0,1.0,1,15,0,0,0,0,2,1,0,,Home,잠실 야구장,18:30,33.6
정철원,2022,Doosan,2022-07-05,vs. Kiwoom,RP,H,0.0,1.2,1 ⅔,24,0,0,2,0,0,0,0,,Home,잠실 야구장,18:30,32.1
정철원,2022,Doosan,2022-07-02,@ KT,RP,,0.0,1.5,1 ⅓,16,0,0,2,0,2,0,0,,Away,수원 KT 위즈파크,18:00,30.8
정철원,2022,Doosan,2022-06-28,@ Lotte,RP,,0.0,0.0,1,14,0,0,0,0,1,0,0,,Away,사직 야구장,18:30,26.9
정철원,2022,Doosan,2022-06-26,vs. Kia,RP,H,0.0,0.0,2,20,0,0,0,0,1,0,0,,Home,잠실 야구장,17:00,29.8
정철원,2022,Doosan,2022-06-24,vs. Kia,RP,L,9.0,3.0,1,17,1,1,2,0,0,1,0,,Home,잠실 야구장,18:30,26.7
정철원,2022,Doosan,2022-06-22,@ SSG,RP,,27.0,4.5,0 ⅔,23,2,2,3,1,0,0,0,,Away,인천 SSG 랜더스필드,18:30,25.9
정철원,2022,Doosan,2022-06-18,vs. KT,RP,,0.0,0.0,1,8,0,0,0,0,1,0,0,,Home,잠실 야구장,17:00,26.5
정철원,2022,Doosan,2022-06-16,@ Kiwoom,RP,H,0.0,0.0,1 ⅓,22,0,0,0,0,2,0,0,,Away,고척 스카이돔,18:30,25.5
정철원,2022,Doosan,2022-06-15,@ Kiwoom,RP,H,27.0,1.5,0 ⅔,14,2,2,1,1,0,0,1,,Away,고척 스카이돔,18:30,25.5
정철원,2022,Doosan,2022-06-12,@ LG,RP,,9.0,3.0,1,11,1,1,3,0,0,0,0,,Away,잠실 야구장,17:00,28.6
정철원,2022,Doosan,2022-06-11,@ LG,RP,W,0.0,0.0,2,19,0,0,0,0,0,0,0,,Away,잠실 야구장,17:00,30.3
정철원,2022,Doosan,2022-06-09,vs. Hanwha,RP,,0.0,1.0,1,20,0,0,1,0,1,0,0,,Home,잠실 야구장,18:30,24.6
정철원,2022,Doosan,2022-06-07,vs. Hanwha,RP,H,0.0,1.5,0 ⅔,16,0,0,0,0,0,1,0,,Home,잠실 야구장,18:30,22.9
정철원,2022,Doosan,2022-06-04,@ Samsung,RP,,0.0,0.0,1,10,0,0,0,0,0,0,0,,Away,대구 삼성 라이온즈 파크,17:00,23.1
정철원,2022,Doosan,2022-06-02,vs. Kia,RP,,6.75,2.25,1 ⅓,17,1,1,3,0,0,0,0,,Home,잠실 야구장,18:30,25.3
정철원,2022,Doosan,2022-05-29,@ NC,RP,H,0.0,0.5,2,17,0,0,1,0,0,0,0,,Away,창원 NC 파크,14:00,28.1
정철원,2022,Doosan,2022-05-27,@ NC,RP,H,0.0,2.0,1,21,0,0,1,0,1,1,0,,Away,창원 NC 파크,18:30,28.5
정철원,2022,Doosan,2022-05-22,vs. Lotte,RP,,0.0,,0,10,1,1,2,0,0,0,0,,Home,잠실 야구장,14:00,25.0
정철원,2022,Doosan,2022-05-21,vs. Lotte,RP,H,6.75,1.5,1 ⅓,22,1,1,1,0,1,1,0,,Home,잠실 야구장,17:00,24.2
정철원,2022,Doosan,2022-05-17,vs. SSG,RP,,0.0,1.0,2,34,0,0,0,0,5,2,0,,Home,잠실 야구장,18:30,24.4
정철원,2022,Doosan,2022-05-15,@ Samsung,RP,L,4.5,2.0,2,27,1,1,3,0,1,1,0,,Away,대구 삼성 라이온즈 파크,14:00,19.1
정철원,2022,Doosan,2022-05-12,@ Kiwoom,RP,H,0.0,0.0,1 ⅔,30,0,0,0,0,1,0,1,,Away,고척 스카이돔,18:30,25.5
정철원,2022,Doosan,2022-05-11,@ Kiwoom,RP,,4.5,0.5,2,16,1,1,1,1,1,0,0,,Away,고척 스카이돔,18:30,25.5
정철원,2022,Doosan,2022-05-07,vs. KT,RP,W,0.0,0.0,0 ⅓,6,0,0,0,0,0,0,0,,Home,잠실 야구장,17:00,21.9
정철원,2022,Doosan,2022-05-06,vs. KT,RP,,4.5,1.0,2,28,1,1,1,0,2,1,0,,Home,잠실 야구장,18:30,22.9
정현수,2024,Lotte,2024-09-28,vs. Kia,RP,,0.0,,0,3,1,1,1,0,0,0,0,,Home,사직 야구장,17:00,26.8
정현수,2024,Lotte,2024-09-27,vs. NC,RP,,9.0,2.0,1,15,1,1,2,0,0,0,0,,Home,사직 야구장,18:30,26.5
정현수,2024,Lotte,2024-09-26,vs. Doosan,RP,,0.0,0.75,1 ⅓,17,0,0,1,0,0,0,0,,Home,사직 야구장,18:30,27.2
정현수,2024,Lotte,2024-09-24,@ KT,RP,,27.0,3.0,0 ⅔,13,2,2,2,0,0,0,0,,Away,수원 KT 위즈파크,18:30,23.7
정현수,2024,Lotte,2024-09-23,@ Hanwha,RP,,0.0,0.0,0 ⅓,4,0,0,0,0,0,0,0,,Away,대전 한화생명 볼파크,18:30,22.6
정현수,2024,Lotte,2024-09-22,@ Hanwha,RP,,0.0,0.0,0 ⅔,9,0,0,0,0,1,0,0,,Away,대전 한화생명 볼파크,14:00,25.7
정현수,2024,Lotte,2024-09-19,vs. LG,RP,,0.0,0.0,0 ⅔,7,0,0,0,0,0,0,0,,Home,사직 야구장,18:30,32.4
정현수,2024,Lotte,2024-09-17,vs. LG,RP,,0.0,0.43,2 ⅓,27,0,0,1,0,1,0,0,,Home,사직 야구장,18:30,32.5
정현수,2024,Lotte,2024-09-06,vs. Samsung,RP,,0.0,,0,4,0,0,0,0,0,1,0,,Home,사직 야구장,18:30,29.1
정현수,2024,Lotte,2024-09-05,vs. KT,SP,L,16.2,3.6,1 ⅔,37,3,3,3,0,2,3,0,36.0,Home,사직 야구장,18:30,30.3
정현수,2024,Lotte,2024-08-30,@ Kiwoom,SP,W,0.0,0.4,5,82,0,0,1,0,6,1,0,70.0,Away,고척 스카이돔,18:30,25.5
정현수,2024,Lotte,2024-08-24,@ Samsung,SP,,9.0,2.33,3,79,3,3,5,0,4,2,1,38.0,Away,대구 삼성 라이온즈 파크,18:00,31.9
정현수,2024,Lotte,2024-08-21,@ Kia,RP,,0.0,0.0,0 ⅔,5,0,0,0,0,0,0,0,,Away,광주 기아 챔피언스 필드,18:30,32.4
정현수,2024,Lotte,2024-08-18,vs. Kiwoom,RP,H,0.0,0.3,3 ⅓,48,0,0,1,0,7,0,0,,Home,사직 야구장,17:00,31.5
정현수,2024,Lotte,2024-07-25,vs. LG,RP,,0.0,0.0,0 ⅓,6,0,0,0,0,0,0,0,,Home,사직 야구장,18:30,31.0
정현수,2024,Lotte,2024-07-23,vs. LG,RP,,0.0,0.0,0 ⅓,5,0,0,0,0,1,0,0,,Home,사직 야구장,18:30,31.0
정현수,2024,Lotte,2024-06-23,@ Kiwoom,SP,,3.86,3.0,2 ⅓,60,1,1,3,0,3,4,1,45.0,Away,고척 스카이돔,14:00,25.5
정현수,2024,Lotte,2024-04-11,vs. Samsung,RP,,0.0,,0,4,1,1,0,0,0,1,0,,Home,사직 야구장,18:30,15.5
정우준,2024,Lotte,2024-09-28,vs. Kia,RP,,0.0,,0,10,1,1,0,0,0,2,0,,Home,사직 야구장,17:00,26.8
정우준,2024,Lotte,2024-07-30,@ SSG,RP,,3.86,3.0,2 ⅓,52,1,1,4,1,2,3,0,,Away,인천 SSG 랜더스필드,18:30,30.7
정우준,2024,Lotte,2024-06-27,vs. Kia,RP,,0.0,1.0,1,10,0,0,1,0,0,0,0,,Home,사직 야구장,18:30,23.7
정우준,2024,Lotte,2024-05-24,vs. Samsung,RP,,0.0,2.0,1,18,0,0,1,0,2,1,0,,Home,사직 야구장,18:30,19.9
정우준,2024,Lotte,2024-04-16,@ LG,RP,,0.0,2.0,1,22,0,0,1,0,1,1,0,,Away,잠실 야구장,18:30,16.2
정우준,2024,Lotte,2024-04-13,@ Kiwoom,RP,,6.75,0.75,1 ⅓,14,1,1,1,1,0,0,0,,Away,고척 스카이돔,17:00,25.5
정우준,2024,Lotte,2024-04-12,@ Kiwoom,RP,,0.0,0.0,1,10,0,0,0,0,0,0,0,,Away,고척 스카이돔,18:30,25.5
정우준,2024,Lotte,2024-04-11,vs. Samsung,RP,,13.5,3.0,0 ⅔,9,1,1,2,0,0,0,0,,Home,사직 야구장,18:30,15.5
정우준,2021,Lotte,2021-10-17,vs. SSG,RP,,0.0,3.0,0 ⅓,2,0,0,1,0,0,0,0,,Home,사직 야구장,14:00,15.9
정우준,2021,Lotte,2021-07-05,@ SSG,RP,,13.5,2.0,2,51,3,3,2,1,1,2,1,,Away,인천 SSG 랜더스필드,18:30,25.1
정우준,2021,Lotte,2021-07-02,@ SSG,RP,,0.0,1.0,1,15,0,0,0,0,1,1,0,,Away,인천 SSG 랜더스필드,18:30,29.0
정우준,2021,Lotte,2021-05-18,@ Hanwha,RP,,0.0,,0,11,3,3,2,0,0,1,0,,Away,대전 한화생명 볼파크,18:30,23.8
정우준,2021,Lotte,2021-05-14,vs. KT,RP,,0.0,1.0,1,15,0,0,0,0,0,1,0,,Home,사직 야구장,18:30,20.2
정우준,2021,Lotte,2021-05-12,vs. SSG,RP,,0.0,0.75,1 ⅓,25,0,0,1,0,2,0,1,,Home,사직 야구장,18:30,18.8
진해수,2024,Lotte,2024-09-14,vs. Hanwha,RP,,0.0,3.0,0 ⅓,8,0,0,1,0,0,0,0,,Home,사직 야구장,17:00,32.2
진해수,2024,Lotte,2024-09-13,vs. Hanwha,RP,,0.0,,0,2,1,1,1,0,0,0,0,,Home,사직 야구장,18:30,31.7
진해수,2024,Lotte,2024-09-12,@ Kia,RP,,27.0,3.0,0 ⅓,6,1,1,1,1,1,0,0,,Away,광주 기아 챔피언스 필드,18:30,31.8
진해수,2024,Lotte,2024-09-10,@ LG,RP,,0.0,0.0,0 ⅓,8,0,0,0,0,1,0,0,,Away,잠실 야구장,18:30,32.4
진해수,2024,Lotte,2024-09-06,vs. Samsung,RP,,0.0,,0,5,0,0,1,0,0,0,0,,Home,사직 야구장,18:30,29.1
진해수,2024,Lotte,2024-09-04,vs. KT,RP,,0.0,0.0,0 ⅓,3,0,0,0,0,0,0,0,,Home,사직 야구장,18:30,28.5
진해수,2024,Lotte,2024-09-03,@ Samsung,RP,,0.0,0.0,0 ⅓,2,0,0,0,0,0,0,0,,Away,대구 삼성 라이온즈 파크,18:30,27.1
진해수,2024,Lotte,2024-09-01,@ Doosan,RP,H,0.0,0.0,0 ⅓,4,0,0,0,0,0,0,0,,Away,잠실 야구장,14:00,30.2
진해수,2024,Lotte,2024-08-30,@ Kiwoom,RP,,0.0,,0,9,2,2,3,0,0,0,0,,Away,고척 스카이돔,18:30,25.5
진해수,2024,Lotte,2024-08-28,vs. Hanwha,RP,,0.0,,0,7,1,1,0,0,0,1,0,,Home,사직 야구장,18:30,30.1
진해수,2024,Lotte,2024-08-25,@ Samsung,RP,,0.0,0.0,1,10,0,0,0,0,1,0,0,,Away,대구 삼성 라이온즈 파크,17:00,32.3
진해수,2024,Lotte,2024-08-24,@ Samsung,RP,,0.0,0.0,0 ⅔,6,0,0,0,0,0,0,0,,Away,대구 삼성 라이온즈 파크,18:00,31.9
진해수,2024,Lotte,2024-08-22,@ Kia,RP,,0.0,,0,9,0,0,2,0,0,0,0,,Away,광주 기아 챔피언스 필드,18:30,30.9
진해수,2024,Lotte,2024-08-21,@ Kia,RP,,0.0,0.0,0 ⅓,3,0,0,0,0,0,0,0,,Away,광주 기아 챔피언스 필드,18:30,32.4
진해수,2024,Lotte,2024-08-18,vs. Kiwoom,RP,,0.0,0.0,1 ⅔,20,0,0,0,0,1,0,0,,Home,사직 야구장,17:00,31.5
진해수,2024,Lotte,2024-08-17,vs. Kiwoom,RP,,13.5,3.0,0 ⅔,14,1,1,2,0,0,0,0,,Home,사직 야구장,18:00,31.5
진해수,2024,Lotte,2024-08-15,@ Doosan,RP,,0.0,1.5,0 ⅔,18,0,0,0,0,1,1,0,,Away,잠실 야구장,18:30,30.5
진해수,2024,Lotte,2024-08-14,@ Doosan,RP,,0.0,1.5,0 ⅔,10,0,0,1,0,0,0,0,,Away,잠실 야구장,18:30,30.0
진해수,2024,Lotte,2024-08-11,@ KT,RP,,27.0,3.0,0 ⅔,16,2,2,2,1,1,0,0,,Away,수원 KT 위즈파크,17:00,33.0
진해수,2024,Lotte,2024-08-07,vs. NC,RP,,0.0,1.0,1,14,1,0,1,0,1,0,0,,Home,사직 야구장,18:30,32.7
진해수,2024,Lotte,2024-08-03,vs. LG,RP,W,0.0,0.0,1,10,0,0,0,0,1,0,0,,Home,사직 야구장,18:00,33.0
진해수,2024,Lotte,2024-08-01,@ SSG,RP,,0.0,3.0,0 ⅓,7,0,0,1,0,0,0,0,,Away,인천 SSG 랜더스필드,18:30,31.8
진해수,2024,Lotte,2024-07-31,@ SSG,RP,,0.0,0.0,0 ⅔,3,0,0,0,0,0,0,0,,Away,인천 SSG 랜더스필드,18:30,31.8
진해수,2024,Lotte,2024-07-30,@ SSG,RP,,0.0,,0,6,1,1,0,0,0,1,0,,Away,인천 SSG 랜더스필드,18:30,30.7
진해수,2024,Lotte,2024-07-28,@ NC,RP,,0.0,,0,3,0,0,1,0,0,0,0,,Away,창원 NC 파크,17:00,33.2
진해수,2024,Lotte,2024-07-26,@ NC,RP,L,54.0,3.0,0 ⅓,11,2,2,0,0,1,1,1,,Away,창원 NC 파크,18:30,31.2
진해수,2024,Lotte,2024-07-25,vs. LG,RP,H,0.0,3.0,0 ⅓,4,0,0,1,0,0,0,0,,Home,사직 야구장,18:30,31.0
진해수,2024,Lotte,2024-07-23,vs. LG,RP,,0.0,0.0,1,11,0,0,0,0,1,0,0,,Home,사직 야구장,18:30,31.0
진해수,2024,Lotte,2024-07-20,@ Samsung,RP,,27.0,6.75,1 ⅓,45,5,4,7,2,0,2,0,,Away,대구 삼성 라이온즈 파크,18:00,30.2
진해수,2024,Lotte,2024-07-19,@ Samsung,RP,,0.0,,0,1,0,0,1,0,0,0,0,,Away,대구 삼성 라이온즈 파크,18:30,28.3
진해수,2024,Lotte,2024-07-17,vs. Doosan,RP,,0.0,,0,5,0,0,0,0,0,1,0,,Home,사직 야구장,18:30,29.1
진해수,2024,Lotte,2024-07-13,vs. KT,RP,,13.5,3.0,0 ⅔,11,1,1,2,1,1,0,0,,Home,사직 야구장,18:00,27.2
진해수,2024,Lotte,2024-07-12,vs. KT,RP,,0.0,0.0,0 ⅔,9,0,0,0,0,0,0,0,,Home,사직 야구장,18:30,27.3
진해수,2024,Lotte,2024-07-09,@ SSG,RP,,0.0,1.5,0 ⅔,13,0,0,1,0,1,0,0,,Away,인천 SSG 랜더스필드,18:30,26.6
진해수,2024,Lotte,2024-07-03,@ Doosan,RP,,0.0,,0,1,0,0,0,0,0,0,1,,Away,잠실 야구장,18:30,26.9
진해수,2024,Lotte,2024-06-28,vs. Hanwha,RP,H,0.0,0.0,0 ⅔,10,0,0,0,0,0,0,0,,Home,사직 야구장,18:30,26.9
진해수,2024,Lotte,2024-06-26,vs. Kia,RP,W,0.0,1.0,1,9,0,0,1,0,2,0,0,,Home,사직 야구장,18:30,25.2
진해수,2024,Lotte,2024-06-25,vs. Kia,RP,,0.0,1.5,0 ⅔,8,0,0,0,0,0,1,0,,Home,사직 야구장,18:30,24.2
진해수,2024,Lotte,2024-06-23,@ Kiwoom,RP,,0.0,0.0,0 ⅔,12,0,0,0,0,2,0,0,,Away,고척 스카이돔,14:00,25.5
진해수,2024,Lotte,2024-06-22,@ Kiwoom,RP,,0.0,0.0,1,5,0,0,0,0,0,0,0,,Away,고척 스카이돔,17:00,25.5
진해수,2024,Lotte,2024-06-21,@ Kiwoom,RP,,0.0,,0,6,1,1,1,0,0,0,0,,Away,고척 스카이돔,18:30,25.5
진해수,2024,Lotte,2024-06-19,@ KT,RP,H,0.0,0.0,0 ⅔,9,0,0,0,0,2,0,0,,Away,수원 KT 위즈파크,18:30,32.0
진해수,2024,Lotte,2024-06-18,@ KT,RP,,0.0,3.0,0 ⅓,6,0,0,1,0,0,0,0,,Away,수원 KT 위즈파크,18:30,27.2
진해수,2024,Lotte,2024-06-16,@ LG,RP,,0.0,0.0,0 ⅓,4,0,0,0,0,0,0,0,,Away,잠실 야구장,17:00,27.6
진해수,2024,Lotte,2024-06-15,@ LG,RP,,27.0,3.0,0 ⅓,11,1,1,1,0,1,0,1,,Away,잠실 야구장,17:00,28.2
진해수,2024,Lotte,2024-06-14,@ LG,RP,,0.0,0.0,1 ⅓,17,0,0,0,0,1,0,0,,Away,잠실 야구장,18:30,27.3
진해수,2024,Lotte,2024-05-17,@ Doosan,RP,,0.0,,0,3,0,0,1,0,0,0,0,,Away,잠실 야구장,18:30,23.3
진해수,2024,Lotte,2024-05-14,@ KT,RP,,0.0,,0,3,1,1,0,0,0,1,0,,Away,수원 KT 위즈파크,18:30,21.7
진해수,2024,Lotte,2024-05-12,vs. LG,RP,H,0.0,0.0,1,9,0,0,0,0,0,0,0,,Home,사직 야구장,14:00,22.2
진해수,2024,Lotte,2024-05-11,vs. LG,RP,,0.0,1.5,0 ⅔,12,0,0,0,0,1,1,0,,Home,사직 야구장,17:00,19.9
진해수,2024,Lotte,2024-05-09,vs. Hanwha,RP,,0.0,0.0,0 ⅓,5,0,0,0,0,1,0,0,,Home,사직 야구장,18:30,18.9
진해수,2024,Lotte,2024-05-03,@ Samsung,RP,,0.0,0.0,0 ⅓,4,0,0,0,0,0,0,0,,Away,대구 삼성 라이온즈 파크,18:30,20.0
진해수,2024,Lotte,2024-05-02,vs. Kiwoom,RP,,0.0,1.5,0 ⅔,7,0,0,1,0,0,0,0,,Home,사직 야구장,18:30,16.2
진해수,2024,Lotte,2024-05-01,vs. Kiwoom,RP,,0.0,0.75,1 ⅓,17,0,0,1,0,0,0,0,,Home,사직 야구장,18:30,15.1
진해수,2023,LG,2023-06-07,@ Kiwoom,RP,,0.0,,0,13,2,2,1,1,0,1,0,,Away,고척 스카이돔,18:30,25.5
진해수,2023,LG,2023-06-04,vs. NC,RP,,0.0,3.0,1,26,0,0,1,0,0,2,0,,Home,잠실 야구장,17:00,25.2
진해수,2023,LG,2023-06-03,vs. NC,RP,,0.0,1.5,0 ⅔,9,0,0,1,0,0,0,0,,Home,잠실 야구장,17:00,25.5
진해수,2023,LG,2023-05-31,vs. Lotte,RP,,0.0,0.0,0 ⅓,3,0,0,0,0,0,0,0,,Home,잠실 야구장,18:30,26.4
진해수,2023,LG,2023-05-27,@ Kia,RP,,0.0,6.0,0 ⅓,13,0,0,1,0,0,1,0,,Away,광주 기아 챔피언스 필드,17:00,24.1
진해수,2023,LG,2023-05-24,@ SSG,RP,,0.0,1.0,1,12,0,0,1,0,1,0,0,,Away,인천 SSG 랜더스필드,18:30,20.5
진해수,2023,LG,2023-05-23,@ SSG,RP,,0.0,1.0,1,15,0,0,1,0,2,0,0,,Away,인천 SSG 랜더스필드,18:30,21.8
진해수,2023,LG,2023-05-20,vs. Hanwha,RP,,0.0,3.0,0 ⅔,16,0,0,1,0,1,1,0,,Home,잠실 야구장,17:00,23.9
진해수,2023,LG,2023-05-18,vs. KT,RP,,9.0,2.0,1,22,1,1,2,0,0,0,0,,Home,잠실 야구장,18:30,22.5
진해수,2023,LG,2023-05-16,vs. KT,RP,,6.75,2.25,1 ⅓,20,1,1,3,0,0,0,0,,Home,잠실 야구장,18:30,28.8
진해수,2023,LG,2023-05-12,@ Samsung,RP,,0.0,0.0,1,13,0,0,0,0,0,0,0,,Away,대구 삼성 라이온즈 파크,18:30,18.1
진해수,2023,LG,2023-05-10,vs. Kiwoom,RP,,0.0,0.0,1,14,0,0,0,0,1,0,0,,Home,잠실 야구장,18:30,24.6
진해수,2023,LG,2023-05-02,@ NC,RP,,13.5,1.5,0 ⅔,15,1,1,1,1,1,0,0,,Away,창원 NC 파크,18:30,18.3
진해수,2023,LG,2023-04-29,vs. Kia,RP,,0.0,2.0,2,45,0,0,1,0,2,3,0,,Home,잠실 야구장,17:00,13.1
진해수,2023,LG,2023-04-28,vs. Kia,RP,,0.0,0.0,0 ⅓,6,0,0,0,0,1,0,0,,Home,잠실 야구장,18:30,17.8
진해수,2023,LG,2023-04-22,@ Hanwha,RP,H,0.0,3.0,0 ⅔,19,0,0,1,0,1,1,0,,Away,대전 한화생명 볼파크,17:00,20.0
진해수,2023,LG,2023-04-20,vs. NC,RP,,0.0,1.0,1,12,0,0,1,0,2,0,0,,Home,잠실 야구장,18:30,16.0
진해수,2023,LG,2023-04-02,@ KT,RP,H,27.0,3.0,0 ⅓,7,1,1,0,0,0,1,0,,Away,수원 KT 위즈파크,14:00,23.1
진해수,2023,LG,2023-04-01,@ KT,RP,,0.0,6.0,0 ⅓,17,2,0,2,0,0,0,0,,Away,수원 KT 위즈파크,14:00,24.0
진해수,2022,LG,2022-10-04,vs. Kia,RP,,0.0,1.5,0 ⅔,17,0,0,1,0,1,0,0,,Home,잠실 야구장,18:30,17.4
진해수,2022,LG,2022-10-01,vs. NC,RP,,0.0,1.0,1,15,0,0,1,0,0,0,0,,Home,잠실 야구장,17:00,25.1
진해수,2022,LG,2022-09-28,@ Hanwha,RP,H,0.0,0.0,0 ⅓,1,0,0,0,0,0,0,0,,Away,대전 한화생명 볼파크,18:30,23.0
진해수,2022,LG,2022-09-27,@ Hanwha,RP,H,0.0,3.0,0 ⅓,4,0,0,1,0,0,0,0,,Away,대전 한화생명 볼파크,18:30,22.9
진해수,2022,LG,2022-09-25,@ SSG,RP,,0.0,0.0,0 ⅔,7,0,0,0,0,1,0,0,,Away,인천 SSG 랜더스필드,14:00,22.5
진해수,2022,LG,2022-09-24,vs. Hanwha,RP,,0.0,1.5,0 ⅔,13,0,0,1,0,2,0,0,,Home,잠실 야구장,17:00,22.9
진해수,2022,LG,2022-09-17,vs. Hanwha,RP,H,0.0,0.0,1 ⅔,20,0,0,0,0,1,0,0,,Home,잠실 야구장,17:00,30.0
진해수,2022,LG,2022-09-15,vs. KT,RP,H,0.0,0.0,0 ⅓,5,0,0,0,0,1,0,0,,Home,잠실 야구장,18:30,27.9
진해수,2022,LG,2022-09-11,@ Samsung,RP,,0.0,0.0,1,9,0,0,0,0,2,0,0,,Away,대구 삼성 라이온즈 파크,14:00,28.7
진해수,2022,LG,2022-09-09,@ Kiwoom,RP,,0.0,0.0,0 ⅓,2,0,0,0,0,0,0,0,,Away,고척 스카이돔,18:30,25.5
진해수,2022,LG,2022-09-07,vs. SSG,RP,,0.0,1.5,0 ⅔,12,0,0,0,0,0,1,0,,Home,잠실 야구장,18:30,25.0
진해수,2022,LG,2022-09-06,vs. SSG,RP,,0.0,1.0,1,17,0,0,0,0,1,1,0,,Home,잠실 야구장,18:30,25.2
진해수,2022,LG,2022-08-31,vs. NC,RP,H,0.0,0.0,0 ⅔,9,0,0,0,0,0,0,0,,Home,잠실 야구장,18:30,26.0
진해수,2022,LG,2022-08-28,vs. Kiwoom,RP,,0.0,0.0,0 ⅔,4,0,0,0,0,0,0,0,,Home,잠실 야구장,17:00,26.7
진해수,2022,LG,2022-08-25,vs. Kia,RP,,0.0,0.0,0 ⅓,1,0,0,0,0,0,0,0,,Home,잠실 야구장,18:30,24.3
진해수,2022,LG,2022-08-24,@ Hanwha,RP,,0.0,6.0,0 ⅓,15,0,0,1,0,1,1,0,,Away,대전 한화생명 볼파크,18:30,24.5
진해수,2022,LG,2022-08-17,vs. Samsung,RP,H,0.0,0.0,0 ⅔,9,0,0,0,0,2,0,0,,Home,잠실 야구장,18:30,29.3
진해수,2022,LG,2022-08-16,vs. Samsung,RP,,0.0,,0,6,1,1,1,0,0,0,0,,Home,잠실 야구장,18:30,30.0
진해수,2022,LG,2022-08-12,@ Hanwha,RP,W,0.0,1.5,0 ⅔,13,0,0,0,0,0,1,0,,Away,대전 한화생명 볼파크,18:30,30.9
진해수,2022,LG,2022-08-05,vs. Kiwoom,RP,,0.0,1.5,0 ⅔,10,0,0,1,0,0,0,0,,Home,잠실 야구장,18:30,32.4
진해수,2022,LG,2022-07-30,vs. KT,RP,,13.5,1.5,0 ⅔,12,1,1,1,0,0,0,0,,Home,잠실 야구장,18:00,33.0
진해수,2022,LG,2022-07-27,@ SSG,RP,,9.0,1.0,1,12,1,1,1,0,1,0,0,,Away,인천 SSG 랜더스필드,18:30,30.7
진해수,2022,LG,2022-07-24,@ NC,RP,,9.0,2.0,1,23,2,1,2,0,0,0,0,,Away,창원 NC 파크,17:00,30.3
진해수,2022,LG,2022-07-22,@ NC,RP,,0.0,0.0,0 ⅔,10,0,0,0,0,1,0,0,,Away,창원 NC 파크,18:30,26.7
진해수,2022,LG,2022-07-14,vs. Kia,RP,,0.0,,0,3,0,0,1,0,0,0,0,,Home,잠실 야구장,18:30,29.8
진해수,2022,LG,2022-07-12,vs. Kia,RP,,0.0,0.6,1 ⅔,21,0,0,0,0,0,1,0,,Home,잠실 야구장,18:30,30.5
진해수,2022,LG,2022-07-09,@ Doosan,RP,,54.0,3.0,0 ⅓,15,2,2,1,0,0,0,0,,Away,잠실 야구장,18:00,31.6
진해수,2022,LG,2022-07-06,@ Samsung,RP,,0.0,1.0,1,20,0,0,1,0,1,0,0,,Away,대구 삼성 라이온즈 파크,18:30,30.6
진해수,2022,LG,2022-06-25,@ KT,RP,,0.0,0.0,1,10,0,0,0,0,0,0,0,,Away,수원 KT 위즈파크,17:00,29.5
진해수,2022,LG,2022-06-22,vs. Hanwha,RP,H,27.0,3.0,0 ⅓,6,1,1,1,1,0,0,0,,Home,잠실 야구장,18:30,29.0
진해수,2022,LG,2022-06-19,@ Kiwoom,RP,W,0.0,0.0,1,11,0,0,0,0,0,0,0,,Away,고척 스카이돔,14:00,25.5
진해수,2022,LG,2022-06-17,@ Kiwoom,RP,,0.0,1.0,1,13,0,0,1,0,0,0,0,,Away,고척 스카이돔,18:30,25.5
진해수,2022,LG,2022-06-16,vs. Samsung,RP,H,0.0,0.0,0 ⅓,1,0,0,0,0,0,0,0,,Home,잠실 야구장,18:30,24.6
진해수,2022,LG,2022-06-11,vs. Doosan,RP,H,27.0,9.0,0 ⅓,18,1,1,3,0,0,0,0,,Home,잠실 야구장,17:00,30.3
진해수,2022,LG,2022-06-10,vs. Doosan,RP,,0.0,,0,3,0,0,1,0,0,0,0,,Home,잠실 야구장,18:30,23.4
진해수,2022,LG,2022-06-08,@ Kia,RP,H,0.0,0.0,0 ⅔,10,0,0,0,0,1,0,0,,Away,광주 기아 챔피언스 필드,18:30,23.5
진해수,2022,LG,2022-06-05,vs. SSG,RP,,0.0,2.0,1,16,0,0,1,0,1,1,0,,Home,잠실 야구장,17:00,22.8
진해수,2022,LG,2022-06-04,vs. SSG,RP,,0.0,3.0,0 ⅔,11,0,0,2,0,0,0,0,,Home,잠실 야구장,17:00,28.4
진해수,2022,LG,2022-06-02,@ Lotte,RP,,0.0,0.0,0 ⅔,8,0,0,0,0,1,0,0,,Away,사직 야구장,18:30,22.6
진해수,2022,LG,2022-05-29,vs. Samsung,RP,,0.0,,0,6,2,2,1,0,0,1,0,,Home,잠실 야구장,14:00,28.1
진해수,2022,LG,2022-05-28,vs. Samsung,RP,,0.0,1.0,1,20,0,0,0,0,2,1,0,,Home,잠실 야구장,17:00,27.8
진해수,2022,LG,2022-05-27,vs. Samsung,RP,,0.0,3.0,0 ⅓,11,0,0,1,0,1,0,0,,Home,잠실 야구장,18:30,22.8
진해수,2022,LG,2022-05-24,vs. Kiwoom,RP,,27.0,6.0,0 ⅓,12,1,1,2,0,1,0,0,,Home,잠실 야구장,18:30,27.2
진해수,2022,LG,2022-05-22,@ SSG,RP,H,0.0,0.0,0 ⅓,4,0,0,0,0,0,0,0,,Away,인천 SSG 랜더스필드,14:00,20.0
진해수,2022,LG,2022-05-18,@ KT,RP,,0.0,2.0,1,18,0,0,2,0,1,0,0,,Away,수원 KT 위즈파크,18:30,24.3
진해수,2022,LG,2022-05-12,vs. Hanwha,RP,,9.0,2.0,1,25,1,1,2,0,2,0,0,,Home,잠실 야구장,18:30,25.2
진해수,2022,LG,2022-05-10,vs. Hanwha,RP,H,0.0,1.5,0 ⅔,3,0,0,1,0,0,0,0,,Home,잠실 야구장,18:30,24.2
진해수,2022,LG,2022-05-08,@ NC,RP,,0.0,,0,9,0,0,2,0,0,0,0,,Away,창원 NC 파크,14:00,19.8
진해수,2022,LG,2022-05-07,@ NC,RP,,0.0,0.0,1,13,0,0,0,0,1,0,0,,Away,창원 NC 파크,17:00,25.4
진해수,2022,LG,2022-05-06,@ NC,RP,,0.0,0.0,1,8,0,0,0,0,0,0,0,,Away,창원 NC 파크,18:30,22.2
진해수,2022,LG,2022-05-03,vs. Doosan,RP,,0.0,1.0,1,8,0,0,1,0,0,0,0,,Home,잠실 야구장,18:30,18.8
진해수,2022,LG,2022-05-01,vs. Lotte,RP,,0.0,0.0,1,10,0,0,0,0,0,0,0,,Home,잠실 야구장,14:00,18.5
진해수,2022,LG,2022-04-28,@ Samsung,RP,,0.0,0.0,0 ⅔,7,0,0,0,0,1,0,0,,Away,대구 삼성 라이온즈 파크,18:30,16.6
진해수,2022,LG,2022-04-27,@ Samsung,RP,,0.0,1.0,1,14,0,0,1,0,2,0,0,,Away,대구 삼성 라이온즈 파크,18:30,16.0
진해수,2022,LG,2022-04-24,@ Doosan,RP,,0.0,0.75,1 ⅓,19,0,0,1,0,0,0,0,,Away,잠실 야구장,14:00,24.1
진해수,2022,LG,2022-04-22,@ Doosan,RP,,0.0,0.0,0 ⅔,12,0,0,0,0,2,0,1,,Away,잠실 야구장,18:30,14.9
진해수,2022,LG,2022-04-21,vs. KT,RP,,0.0,0.75,1 ⅓,16,0,0,0,0,0,1,0,,Home,잠실 야구장,18:30,18.8
진해수,2022,LG,2022-04-19,vs. KT,RP,,0.0,0.0,1,10,0,0,0,0,1,0,0,,Home,잠실 야구장,18:30,18.9
진해수,2022,LG,2022-04-17,@ Hanwha,RP,,0.0,0.0,1,7,0,0,0,0,0,0,0,,Away,대전 한화생명 볼파크,14:00,20.8
진해수,2022,LG,2022-04-15,@ Hanwha,RP,,0.0,2.0,1,23,0,0,1,0,0,1,0,,Away,대전 한화생명 볼파크,18:30,16.9
진해수,2022,LG,2022-04-10,vs. NC,RP,,0.0,,0,6,0,0,0,0,0,1,0,,Home,잠실 야구장,14:00,24.1
진해수,2022,LG,2022-04-08,vs. NC,RP,,0.0,1.0,1,10,0,0,1,0,1,0,0,,Home,잠실 야구장,18:30,18.4
진해수,2022,LG,2022-04-06,@ Kiwoom,RP,W,0.0,0.0,0 ⅓,1,0,0,0,0,0,0,0,,Away,고척 스카이돔,18:30,25.5
진해수,2022,LG,2022-04-03,@ Kia,RP,W,0.0,0.0,1,12,0,0,0,0,2,0,0,,Away,광주 기아 챔피언스 필드,14:00,16.9
진해수,2021,LG,2021-10-25,vs. Lotte,RP,,0.0,3.0,0 ⅔,16,0,0,1,0,2,1,0,,Home,잠실 야구장,18:30,14.3
진해수,2021,LG,2021-10-24,@ Doosan,RP,,27.0,3.0,0 ⅓,10,1,1,1,0,0,0,0,,Away,잠실 야구장,14:00,16.7
진해수,2021,LG,2021-10-23,@ Doosan,RP,H,0.0,0.0,1 ⅓,22,0,0,0,0,2,0,0,,Away,잠실 야구장,17:00,16.0
진해수,2021,LG,2021-10-06,vs. SSG,RP,,54.0,9.0,0 ⅓,21,4,2,2,0,0,1,0,,Home,잠실 야구장,18:30,19.2
진해수,2021,LG,2021-10-02,@ Kiwoom,RP,,0.0,0.5,2,30,1,0,1,0,2,0,1,,Away,고척 스카이돔,17:00,25.5
진해수,2021,LG,2021-10-01,vs. Doosan,RP,,0.0,,0,4,0,0,0,0,0,1,0,,Home,잠실 야구장,18:30,23.9
진해수,2021,LG,2021-09-30,vs. Doosan,RP,H,0.0,6.0,0 ⅓,7,0,0,2,0,0,0,0,,Home,잠실 야구장,18:30,25.4
진해수,2021,LG,2021-09-24,vs. Samsung,RP,,0.0,0.0,0 ⅔,8,0,0,0,0,0,0,0,,Home,잠실 야구장,18:30,25.5
진해수,2021,LG,2021-09-22,@ Hanwha,RP,,0.0,0.75,1 ⅓,27,0,0,0,0,2,1,0,,Away,대전 한화생명 볼파크,18:30,24.8
진해수,2021,LG,2021-09-14,@ Samsung,RP,H,0.0,0.0,0 ⅓,7,0,0,0,0,1,0,0,,Away,대구 삼성 라이온즈 파크,18:30,24.4
진해수,2021,LG,2021-09-12,@ Doosan,RP,,0.0,1.2,1 ⅔,18,1,0,2,0,0,0,0,,Away,잠실 야구장,14:00,28.6
진해수,2021,LG,2021-09-11,@ Doosan,RP,,0.0,1.0,1,17,0,0,1,0,1,0,0,,Away,잠실 야구장,17:00,27.9
진해수,2021,LG,2021-09-08,@ SSG,RP,,0.0,3.0,0 ⅓,11,0,0,0,0,1,1,0,,Away,인천 SSG 랜더스필드,18:30,25.2
진해수,2021,LG,2021-09-05,vs. KT,RP,,0.0,3.0,0 ⅔,20,1,0,1,0,1,1,0,,Home,잠실 야구장,14:00,26.8
진해수,2021,LG,2021-09-02,vs. NC,RP,,0.0,3.0,0 ⅓,6,0,0,1,0,0,0,0,,Home,잠실 야구장,18:30,26.3
진해수,2021,LG,2021-08-31,@ Lotte,RP,,9.0,3.0,1,27,1,1,1,0,0,2,0,,Away,사직 야구장,18:30,28.4
진해수,2021,LG,2021-08-29,vs. Kiwoom,RP,,0.0,1.0,1,17,0,0,0,0,1,1,0,,Home,잠실 야구장,17:00,27.2
진해수,2021,LG,2021-08-22,@ NC,RP,,0.0,0.0,1 ⅓,14,0,0,0,0,1,0,1,,Away,창원 NC 파크,17:00,29.9
진해수,2021,LG,2021-08-18,@ KT,RP,,0.0,1.8,1 ⅔,25,0,0,3,0,1,0,0,,Away,수원 KT 위즈파크,18:30,27.1
진해수,2021,LG,2021-08-15,vs. Lotte,RP,,9.0,3.0,1,18,1,1,3,0,1,0,0,,Home,잠실 야구장,17:00,31.0
진해수,2021,LG,2021-08-11,vs. SSG,RP,,0.0,2.0,1,18,0,0,2,0,1,0,0,,Home,잠실 야구장,18:30,30.7
진해수,2021,LG,2021-07-05,vs. Hanwha,RP,,0.0,0.0,1,11,0,0,0,0,0,0,0,,Home,잠실 야구장,18:30,27.2
진해수,2021,LG,2021-07-04,vs. Hanwha,RP,,0.0,1.5,1 ⅓,22,0,0,2,0,1,0,0,,Home,잠실 야구장,17:00,24.4
진해수,2021,LG,2021-07-02,vs. Hanwha,RP,,0.0,1.0,1,19,0,0,1,0,1,0,0,,Home,잠실 야구장,18:30,30.3
진해수,2021,LG,2021-06-27,@ Samsung,RP,,0.0,0.5,2,26,0,0,0,0,1,1,0,,Away,대구 삼성 라이온즈 파크,17:00,27.1
진해수,2021,LG,2021-06-26,@ Samsung,RP,,0.0,0.0,0 ⅓,4,0,0,0,0,1,0,0,,Away,대구 삼성 라이온즈 파크,17:00,26.6
진해수,2021,LG,2021-06-24,@ SSG,RP,,0.0,0.0,0 ⅔,5,0,0,0,0,0,0,0,,Away,인천 SSG 랜더스필드,18:30,24.0
진해수,2021,LG,2021-06-22,@ SSG,RP,,0.0,1.0,1,17,0,0,1,0,0,0,0,,Away,인천 SSG 랜더스필드,18:30,23.5
진해수,2021,LG,2021-06-20,vs. Kia,RP,,0.0,0.0,1,7,0,0,0,0,0,0,0,,Home,잠실 야구장,17:00,27.0
진해수,2021,LG,2021-06-18,vs. Kia,RP,,0.0,1.0,1,11,0,0,0,0,0,1,0,,Home,잠실 야구장,18:30,23.4
진해수,2021,LG,2021-06-17,@ Kiwoom,RP,H,0.0,0.0,0 ⅓,6,0,0,0,0,1,0,0,,Away,고척 스카이돔,18:30,25.5
진해수,2021,LG,2021-06-16,@ Kiwoom,RP,,18.0,3.0,1,18,2,2,3,1,1,0,0,,Away,고척 스카이돔,18:30,25.5
진해수,2021,LG,2021-06-12,vs. Doosan,RP,,0.0,0.0,1,10,0,0,0,0,0,0,0,,Home,잠실 야구장,17:00,29.5
진해수,2021,LG,2021-06-10,vs. NC,RP,,0.0,0.0,2,21,0,0,0,0,2,0,0,,Home,잠실 야구장,18:30,27.3
진해수,2021,LG,2021-06-06,@ Kia,RP,,0.0,1.0,1,12,0,0,0,0,0,1,0,,Away,광주 기아 챔피언스 필드,17:00,26.3
진해수,2021,LG,2021-06-01,vs. KT,RP,,0.0,0.0,1,14,0,0,0,0,3,0,1,,Home,잠실 야구장,18:30,23.5
진해수,2021,LG,2021-05-29,vs. Kiwoom,RP,,108.0,18.0,0 ⅓,28,4,4,5,0,0,1,0,,Home,잠실 야구장,17:00,15.8
진해수,2021,LG,2021-05-28,vs. Kiwoom,RP,H,0.0,3.0,0 ⅓,8,0,0,1,0,0,0,0,,Home,잠실 야구장,18:30,18.2
진해수,2021,LG,2021-05-22,@ SSG,RP,,9.0,1.0,1,15,1,1,1,1,1,0,0,,Away,인천 SSG 랜더스필드,17:00,20.0
진해수,2021,LG,2021-05-20,vs. NC,RP,,0.0,0.0,1,11,0,0,0,0,1,0,0,,Home,잠실 야구장,18:30,19.9
진해수,2021,LG,2021-05-17,vs. Samsung,RP,,0.0,3.0,0 ⅓,10,0,0,1,0,0,0,0,,Home,잠실 야구장,18:30,16.5
진해수,2021,LG,2021-05-13,@ Kia,RP,,0.0,2.0,1,23,0,0,1,0,1,1,0,,Away,광주 기아 챔피언스 필드,18:30,26.9
진해수,2021,LG,2021-05-12,@ Kia,RP,,0.0,1.0,1,12,0,0,1,0,2,0,0,,Away,광주 기아 챔피언스 필드,18:30,26.5
진해수,2021,LG,2021-04-22,vs. Kia,RP,,0.0,,0,9,0,0,0,0,0,2,0,,Home,잠실 야구장,18:30,23.7
진해수,2021,LG,2021-04-18,vs. Doosan,RP,,0.0,0.75,1 ⅓,19,0,0,1,0,3,0,0,,Home,잠실 야구장,14:00,14.1
진해수,2021,LG,2021-04-17,vs. Doosan,RP,,0.0,0.0,1,18,0,0,0,0,2,0,0,,Home,잠실 야구장,17:00,10.6
진해수,2021,LG,2021-04-16,vs. Doosan,RP,,0.0,,0,6,0,0,1,0,0,1,0,,Home,잠실 야구장,18:30,13.8
진해수,2021,LG,2021-04-14,@ Kiwoom,RP,,0.0,0.0,1,11,0,0,0,0,0,0,0,,Away,고척 스카이돔,18:30,25.5
진해수,2021,LG,2021-04-09,vs. SSG,RP,W,0.0,1.0,1,15,0,0,0,0,0,1,0,,Home,잠실 야구장,18:30,18.0
진해수,2021,LG,2021-04-08,@ KT,RP,,0.0,1.0,1,13,0,0,1,0,1,0,0,,Away,수원 KT 위즈파크,18:30,15.0
진해수,2020,LG,2020-10-30,@ SK,RP,,0.0,,0,11,1,1,0,0,0,2,0,,Away,인천 SSG 랜더스필드,18:30,13.9
진해수,2020,LG,2020-10-28,vs. Hanwha,RP,,0.0,0.0,1 ⅓,13,0,0,0,0,2,0,0,,Home,잠실 야구장,18:30,14.4
진해수,2020,LG,2020-10-24,@ NC,RP,,0.0,3.0,0 ⅔,14,0,0,1,0,0,1,0,,Away,창원 NC 파크,17:00,15.7
진해수,2020,LG,2020-10-23,@ Kia,RP,H,0.0,3.0,0 ⅓,8,0,0,0,0,0,1,0,,Away,광주 기아 챔피언스 필드,18:30,11.5
진해수,2020,LG,2020-10-20,@ KT,RP,H,0.0,0.0,0 ⅓,3,0,0,0,0,0,0,0,,Away,수원 KT 위즈파크,18:30,17.9
진해수,2020,LG,2020-10-17,vs. Kia,RP,H,13.5,1.5,0 ⅔,19,1,1,1,0,2,0,0,,Home,잠실 야구장,17:00,17.7
진해수,2020,LG,2020-10-15,@ Lotte,RP,,0.0,0.0,1,17,0,0,0,0,2,0,0,,Away,사직 야구장,18:30,17.9
진해수,2020,LG,2020-10-10,vs. NC,RP,H,13.5,1.5,0 ⅔,14,1,1,1,1,1,0,0,,Home,잠실 야구장,17:00,20.1
진해수,2020,LG,2020-10-10,vs. NC,RP,W,0.0,0.0,1,14,0,0,0,0,1,0,0,,Home,잠실 야구장,17:00,20.1
진해수,2020,LG,2020-10-08,vs. Samsung,RP,,0.0,0.0,0 ⅔,8,0,0,0,0,2,0,0,,Home,잠실 야구장,18:30,20.2
진해수,2020,LG,2020-10-06,vs. Samsung,RP,H,0.0,3.0,0 ⅓,12,0,0,1,0,0,0,0,,Home,잠실 야구장,18:30,17.1
진해수,2020,LG,2020-10-04,@ KT,RP,H,54.0,6.0,0 ⅓,19,2,2,1,1,1,1,0,,Away,수원 KT 위즈파크,14:00,21.7
진해수,2020,LG,2020-10-02,@ KT,RP,,27.0,3.0,0 ⅓,7,1,1,1,0,0,0,0,,Away,수원 KT 위즈파크,18:30,20.5
진해수,2020,LG,2020-09-30,vs. Lotte,RP,,0.0,3.0,0 ⅔,14,0,0,2,0,0,0,0,,Home,잠실 야구장,18:30,22.7
진해수,2020,LG,2020-09-26,@ KT,RP,,0.0,3.0,0 ⅓,9,0,0,1,0,0,0,0,,Away,수원 KT 위즈파크,17:00,23.0
진해수,2020,LG,2020-09-24,@ NC,RP,H,13.5,1.5,0 ⅔,12,1,1,1,0,1,0,0,,Away,창원 NC 파크,18:30,23.1
진해수,2020,LG,2020-09-22,vs. SK,RP,,0.0,0.0,0 ⅔,11,0,0,0,0,1,0,0,,Home,잠실 야구장,18:30,23.1
진해수,2020,LG,2020-09-20,@ Doosan,RP,,13.5,2.0,2,39,3,3,1,0,2,3,0,,Away,잠실 야구장,14:00,23.8
진해수,2020,LG,2020-09-19,@ Doosan,RP,W,0.0,0.0,1 ⅔,12,0,0,0,0,1,0,0,,Away,잠실 야구장,17:00,24.1
진해수,2020,LG,2020-09-18,vs. Lotte,RP,,0.0,0.0,0 ⅓,5,0,0,0,0,1,0,0,,Home,잠실 야구장,18:30,23.9
진해수,2020,LG,2020-09-15,@ Hanwha,RP,,0.0,0.0,1 ⅓,18,0,0,0,0,2,0,0,,Away,대전 한화생명 볼파크,18:30,26.7
진해수,2020,LG,2020-09-13,vs. Samsung,RP,,27.0,9.0,0 ⅓,15,1,1,2,0,1,1,0,,Home,잠실 야구장,14:00,25.2
진해수,2020,LG,2020-09-10,vs. Kiwoom,RP,,0.0,0.0,0 ⅓,5,0,0,0,0,0,0,0,,Home,잠실 야구장,18:30,26.1
진해수,2020,LG,2020-09-08,@ Kia,RP,L,0.0,4.5,0 ⅔,21,2,0,2,0,1,1,0,,Away,광주 기아 챔피언스 필드,18:30,27.9
진해수,2020,LG,2020-09-04,vs. NC,RP,,0.0,0.0,0 ⅔,6,0,0,0,0,1,0,0,,Home,잠실 야구장,18:30,25.5
진해수,2020,LG,2020-09-03,vs. NC,RP,W,0.0,1.5,0 ⅔,14,0,0,0,0,1,1,0,,Home,잠실 야구장,18:30,25.9
진해수,2020,LG,2020-08-30,vs. Doosan,RP,,0.0,,0,4,0,0,1,0,0,0,1,,Home,잠실 야구장,17:00,32.3
진해수,2020,LG,2020-08-29,vs. Doosan,RP,,54.0,9.0,0 ⅓,15,2,2,2,0,1,1,0,,Home,잠실 야구장,18:00,30.4
진해수,2020,LG,2020-08-28,vs. KT,RP,,0.0,0.0,1,16,0,0,0,0,2,0,0,,Home,잠실 야구장,18:30,30.9
진해수,2020,LG,2020-08-25,@ Samsung,RP,,0.0,0.0,0 ⅔,7,0,0,0,0,0,0,0,,Away,대구 삼성 라이온즈 파크,18:30,31.8
진해수,2020,LG,2020-08-24,vs. Hanwha,RP,,27.0,6.0,0 ⅓,14,1,1,1,0,0,1,0,,Home,잠실 야구장,18:30,30.8
진해수,2020,LG,2020-08-21,@ Kiwoom,RP,,0.0,0.0,0 ⅓,5,0,0,0,0,1,0,0,,Away,고척 스카이돔,18:30,25.5
진해수,2020,LG,2020-08-19,vs. Kia,RP,,0.0,1.5,0 ⅔,19,0,0,1,0,1,0,0,,Home,잠실 야구장,18:30,30.6
진해수,2020,LG,2020-08-18,vs. Kia,RP,,0.0,3.0,0 ⅔,16,0,0,2,0,0,0,0,,Home,잠실 야구장,18:30,31.1
진해수,2020,LG,2020-08-15,@ NC,RP,,0.0,3.0,0 ⅓,8,0,0,1,0,1,0,0,,Away,창원 NC 파크,18:00,31.8
진해수,2020,LG,2020-08-14,@ NC,RP,,0.0,0.0,0 ⅓,2,0,0,0,0,0,0,0,,Away,창원 NC 파크,18:30,30.8
진해수,2020,LG,2020-08-12,vs. Kia,RP,,0.0,1.5,0 ⅔,19,0,0,1,0,2,0,1,,Home,잠실 야구장,18:30,31.6
진해수,2020,LG,2020-08-07,@ Kiwoom,RP,,0.0,3.0,0 ⅓,7,0,0,1,0,0,0,0,,Away,고척 스카이돔,18:30,25.5
진해수,2020,LG,2020-08-05,@ Kia,RP,H,0.0,3.0,0 ⅓,8,0,0,1,0,1,0,0,,Away,광주 기아 챔피언스 필드,18:30,31.6
진해수,2020,LG,2020-08-04,@ Kia,RP,H,0.0,0.0,1,12,0,0,0,0,1,0,0,,Away,광주 기아 챔피언스 필드,18:30,31.4
진해수,2020,LG,2020-07-31,vs. Hanwha,RP,,27.0,6.0,0 ⅓,11,1,1,1,0,0,1,0,,Home,잠실 야구장,18:30,29.7
진해수,2020,LG,2020-07-30,@ SK,RP,H,0.0,0.0,0 ⅔,7,0,0,0,0,0,0,0,,Away,인천 SSG 랜더스필드,18:30,26.8
진해수,2020,LG,2020-07-29,@ SK,RP,,0.0,,0,10,0,0,2,0,0,0,0,,Away,인천 SSG 랜더스필드,18:30,27.1
진해수,2020,LG,2020-07-26,@ Doosan,RP,H,0.0,1.0,1,17,0,0,0,0,0,1,0,,Away,잠실 야구장,17:00,28.9
진해수,2020,LG,2020-07-21,@ KT,RP,,27.0,3.0,0 ⅓,9,1,1,1,1,0,0,0,,Away,수원 KT 위즈파크,18:30,28.1
진해수,2020,LG,2020-07-19,vs. Hanwha,RP,,9.0,1.0,1,17,1,1,1,0,2,0,0,,Home,잠실 야구장,17:00,27.5
진해수,2020,LG,2020-07-18,vs. Hanwha,RP,H,0.0,3.0,0 ⅓,10,0,0,0,0,1,1,0,,Home,잠실 야구장,18:00,29.3
진해수,2020,LG,2020-07-17,vs. Hanwha,RP,,0.0,0.0,1,18,0,0,0,0,3,0,0,,Home,잠실 야구장,18:30,29.3
진해수,2020,LG,2020-07-11,vs. NC,RP,,0.0,0.75,1 ⅓,14,0,0,1,0,1,0,0,,Home,잠실 야구장,18:00,28.6
진해수,2020,LG,2020-07-08,@ Doosan,RP,H,0.0,1.2,1 ⅔,22,0,0,2,0,1,0,0,,Away,잠실 야구장,18:30,29.6
진해수,2020,LG,2020-07-05,@ Samsung,RP,W,0.0,1.0,1,17,0,0,1,0,0,0,0,,Away,대구 삼성 라이온즈 파크,17:00,24.9
진해수,2020,LG,2020-07-04,@ Samsung,RP,L,54.0,6.0,0 ⅓,12,2,2,1,0,0,1,0,,Away,대구 삼성 라이온즈 파크,18:00,22.2
진해수,2020,LG,2020-07-02,vs. KT,RP,,9.0,2.0,1,17,1,1,2,0,1,0,0,,Home,잠실 야구장,18:30,28.7
진해수,2020,LG,2020-06-30,vs. KT,RP,,13.5,4.5,0 ⅔,31,1,1,2,0,1,1,0,,Home,잠실 야구장,18:30,22.6
진해수,2020,LG,2020-06-28,@ SK,RP,,0.0,1.5,0 ⅔,11,0,0,1,0,0,0,0,,Away,인천 SSG 랜더스필드,17:00,26.9
진해수,2020,LG,2020-06-25,vs. Kiwoom,RP,H,0.0,1.5,0 ⅔,7,0,0,1,0,1,0,1,,Home,잠실 야구장,18:30,24.4
진해수,2020,LG,2020-06-21,vs. Doosan,RP,,0.0,3.0,1,30,0,0,2,0,1,1,0,,Home,잠실 야구장,17:00,29.8
진해수,2020,LG,2020-06-20,vs. Doosan,RP,,0.0,0.0,1,10,0,0,0,0,0,0,0,,Home,잠실 야구장,17:00,28.2
진해수,2020,LG,2020-06-18,@ Hanwha,RP,H,0.0,1.5,0 ⅔,16,1,0,0,0,2,1,0,,Away,대전 한화생명 볼파크,18:30,23.4
진해수,2020,LG,2020-06-16,@ Hanwha,RP,,0.0,1.0,1,15,0,0,1,0,2,0,0,,Away,대전 한화생명 볼파크,18:30,28.1
진해수,2020,LG,2020-06-14,vs. Lotte,RP,,0.0,2.0,1,16,0,0,2,0,1,0,0,,Home,잠실 야구장,17:00,28.3
진해수,2020,LG,2020-06-11,vs. SK,RP,H,0.0,0.0,1,14,0,0,0,0,2,0,0,,Home,잠실 야구장,18:30,29.5
진해수,2020,LG,2020-06-11,vs. SK,RP,H,0.0,0.0,0 ⅓,1,0,0,0,0,0,0,0,,Home,잠실 야구장,18:30,29.5
진해수,2020,LG,2020-06-09,vs. SK,RP,,13.5,1.5,0 ⅔,14,1,1,1,0,0,0,0,,Home,잠실 야구장,18:30,29.2
진해수,2020,LG,2020-06-06,@ Kiwoom,RP,H,0.0,0.0,0 ⅓,4,0,0,0,0,1,0,0,,Away,고척 스카이돔,17:00,25.5
진해수,2020,LG,2020-06-04,vs. Samsung,RP,,0.0,0.0,0 ⅓,5,0,0,0,0,0,0,0,,Home,잠실 야구장,18:30,24.5
진해수,2020,LG,2020-05-31,@ Kia,RP,,0.0,0.0,1,12,0,0,0,0,1,0,0,,Away,광주 기아 챔피언스 필드,14:00,22.0
진해수,2020,LG,2020-05-28,@ Hanwha,RP,H,0.0,0.0,1,14,0,0,0,0,2,0,0,,Away,대전 한화생명 볼파크,18:30,23.8
진해수,2020,LG,2020-05-26,@ Hanwha,RP,H,0.0,6.0,0 ⅓,15,0,0,1,0,0,1,0,,Away,대전 한화생명 볼파크,18:30,22.8
진해수,2020,LG,2020-05-24,vs. KT,RP,,27.0,3.0,0 ⅓,11,1,1,1,0,1,0,0,,Home,잠실 야구장,14:00,19.5
진해수,2020,LG,2020-05-22,vs. KT,RP,,9.0,1.0,1,16,1,1,1,0,2,0,1,,Home,잠실 야구장,18:30,19.9
진해수,2020,LG,2020-05-16,vs. Kiwoom,RP,,0.0,,0,5,0,0,1,0,0,0,0,,Home,잠실 야구장,17:00,20.3
진해수,2020,LG,2020-05-14,vs. SK,RP,,0.0,,0,6,0,0,0,0,0,1,0,,Home,잠실 야구장,18:30,22.6
진해수,2020,LG,2020-05-12,vs. SK,RP,,0.0,1.5,0 ⅔,12,0,0,1,0,0,0,0,,Home,잠실 야구장,18:30,18.1
진해수,2020,LG,2020-05-10,@ NC,RP,H,0.0,0.0,0 ⅓,5,0,0,0,0,0,0,0,,Away,창원 NC 파크,14:00,21.1
진해수,2020,LG,2020-05-05,vs. Doosan,RP,H,0.0,2.0,1,18,0,0,1,0,0,1,0,,Home,잠실 야구장,14:00,17.7
진승현,2024,Lotte,2024-09-28,vs. Kia,RP,L,0.0,,0,10,2,2,0,0,0,2,0,,Home,사직 야구장,17:00,26.8
진승현,2024,Lotte,2024-09-27,vs. NC,RP,,27.0,6.0,0 ⅓,11,1,1,2,0,1,0,0,,Home,사직 야구장,18:30,26.5
진승현,2024,Lotte,2024-09-19,vs. LG,RP,,0.0,0.0,0 ⅔,5,0,0,0,0,0,0,0,,Home,사직 야구장,18:30,32.4
진승현,2024,Lotte,2024-09-13,vs. Hanwha,RP,,0.0,,0,7,1,1,1,0,0,1,0,,Home,사직 야구장,18:30,31.7
진승현,2024,Lotte,2024-09-11,@ SSG,RP,,0.0,1.0,2,31,0,0,2,0,2,0,0,,Away,인천 SSG 랜더스필드,18:30,30.8
진승현,2024,Lotte,2024-09-08,vs. SSG,RP,,10.8,1.8,1 ⅔,23,2,2,1,0,1,2,0,,Home,사직 야구장,14:00,33.6
진승현,2024,Lotte,2024-09-06,vs. Samsung,RP,,0.0,0.6,1 ⅔,22,0,0,1,0,1,0,0,,Home,사직 야구장,18:30,29.1
진승현,2023,Lotte,2023-09-17,@ Samsung,RP,,13.5,4.5,0 ⅔,16,1,1,2,1,1,1,0,,Away,대구 삼성 라이온즈 파크,14:00,27.2
진승현,2023,Lotte,2023-09-15,vs. Kiwoom,RP,W,0.0,1.5,0 ⅔,5,0,0,0,0,1,1,0,,Home,사직 야구장,18:30,27.5
진승현,2023,Lotte,2023-09-10,@ NC,RP,,0.0,1.5,1 ⅓,33,0,0,0,0,2,2,0,,Away,창원 NC 파크,14:00,28.4
진승현,2023,Lotte,2023-09-09,@ NC,RP,L,18.0,2.0,1,18,2,2,2,0,0,0,0,,Away,창원 NC 파크,17:00,26.9
진승현,2023,Lotte,2023-09-07,vs. Samsung,RP,,0.0,3.0,0 ⅔,18,0,0,2,0,0,0,0,,Home,사직 야구장,18:30,26.6
진승현,2023,Lotte,2023-09-06,vs. Samsung,RP,,0.0,3.0,0 ⅔,15,0,0,1,0,0,1,0,,Home,사직 야구장,18:30,27.9
진승현,2023,Lotte,2023-09-05,vs. Samsung,RP,,0.0,1.2,1 ⅔,19,0,0,1,0,1,1,0,,Home,사직 야구장,18:30,27.3
진승현,2023,Lotte,2023-08-03,vs. NC,RP,,0.0,2.0,1,23,0,0,1,0,2,1,0,,Home,사직 야구장,18:30,32.2
진승현,2023,Lotte,2023-08-01,vs. NC,RP,L,81.0,12.0,0 ⅓,23,3,3,2,0,1,2,0,,Home,사직 야구장,18:30,30.7
진승현,2023,Lotte,2023-07-30,@ Kia,RP,,0.0,1.5,1 ⅓,25,0,0,0,0,1,2,0,,Away,광주 기아 챔피언스 필드,17:00,31.1
진승현,2023,Lotte,2023-07-25,@ Doosan,RP,,0.0,1.8,1 ⅔,29,1,0,2,0,1,1,0,,Away,잠실 야구장,18:30,30.3
진승현,2023,Lotte,2023-07-12,@ NC,RP,,36.0,5.0,1,34,4,4,4,1,0,1,0,,Away,창원 NC 파크,18:30,28.5
진승현,2023,Lotte,2023-07-08,vs. LG,RP,,0.0,0.86,2 ⅓,28,0,0,2,0,1,0,0,,Home,사직 야구장,18:00,24.9
진승현,2023,Lotte,2023-06-27,vs. Samsung,RP,H,27.0,3.0,0 ⅓,12,1,1,1,0,1,0,0,,Home,사직 야구장,18:30,26.3
진승현,2023,Lotte,2023-06-24,@ LG,RP,,0.0,0.5,2,37,1,0,1,0,2,0,0,,Away,잠실 야구장,17:00,30.9
진승현,2023,Lotte,2023-06-21,@ KT,RP,,18.0,4.0,1,27,2,2,3,0,0,1,0,,Away,수원 KT 위즈파크,18:30,24.5
진승현,2023,Lotte,2023-06-15,vs. Hanwha,RP,,0.0,1.0,1,23,0,0,1,0,1,0,0,,Home,사직 야구장,18:30,23.9
진승현,2023,Lotte,2023-06-13,vs. Hanwha,RP,W,10.8,2.4,1 ⅔,36,2,2,3,0,3,1,0,,Home,사직 야구장,18:30,25.2
진승현,2023,Lotte,2023-06-09,@ Samsung,RP,,0.0,0.5,2,23,0,0,1,0,1,0,0,,Away,대구 삼성 라이온즈 파크,18:30,23.9
진승현,2023,Lotte,2023-06-08,vs. KT,RP,,0.0,1.0,1,14,0,0,1,0,1,0,0,,Home,사직 야구장,18:30,24.1
진승현,2023,Lotte,2023-06-04,vs. Kia,RP,,0.0,2.0,1,14,0,0,2,0,1,0,0,,Home,사직 야구장,17:00,24.1
진승현,2023,Lotte,2023-06-01,@ LG,RP,,0.0,0.0,2,32,0,0,0,0,2,0,0,,Away,잠실 야구장,18:30,26.0
진승현,2023,Lotte,2023-05-27,@ Kiwoom,RP,,81.0,9.0,0 ⅓,15,3,3,2,0,1,1,0,,Away,고척 스카이돔,17:00,25.5
진승현,2023,Lotte,2023-05-24,vs. NC,RP,,0.0,0.0,1,14,0,0,0,0,1,0,0,,Home,사직 야구장,18:30,19.0
진승현,2022,Lotte,2022-08-03,vs. LG,RP,,0.0,2.0,1,22,0,0,1,0,1,1,0,,Home,사직 야구장,18:30,30.9
진승현,2022,Lotte,2022-07-31,@ Samsung,RP,,0.0,1.2,1 ⅔,34,0,0,1,0,0,1,1,,Away,대구 삼성 라이온즈 파크,17:00,29.8
진승현,2022,Lotte,2022-07-26,@ Doosan,RP,,0.0,0.0,1,15,0,0,0,0,3,0,0,,Away,잠실 야구장,18:30,32.5
진승현,2022,Lotte,2022-07-24,vs. Kia,RP,,135.0,15.0,0 ⅓,18,5,5,4,0,1,1,0,,Home,사직 야구장,17:00,28.3
진승현,2022,Lotte,2022-07-22,vs. Kia,RP,,0.0,1.0,1,16,0,0,0,0,0,1,0,,Home,사직 야구장,18:30,26.8
진승현,2022,Lotte,2022-07-09,@ KT,RP,,0.0,0.0,1,16,0,0,0,0,1,0,0,,Away,수원 KT 위즈파크,18:00,30.4
진승현,2022,Lotte,2022-07-06,@ SSG,RP,,27.0,4.5,0 ⅔,21,2,2,2,2,1,1,0,,Away,인천 SSG 랜더스필드,18:30,32.5
진승현,2022,Lotte,2022-07-03,@ LG,RP,,0.0,3.0,0 ⅓,7,0,0,1,0,1,0,0,,Away,잠실 야구장,17:00,33.2
진승현,2022,Lotte,2022-07-02,@ LG,RP,,0.0,3.0,0 ⅓,8,0,0,0,0,0,1,0,,Away,잠실 야구장,18:00,33.3
진승현,2022,Lotte,2022-06-25,vs. Kiwoom,RP,,10.8,2.4,1 ⅔,45,2,2,3,0,3,1,0,,Home,사직 야구장,17:00,25.6
김도규,2024,Lotte,2024-07-31,@ SSG,RP,,27.0,3.0,0 ⅓,11,1,1,0,0,0,1,1,,Away,인천 SSG 랜더스필드,18:30,31.8
김도규,2024,Lotte,2024-06-16,@ LG,RP,L,13.5,3.0,0 ⅔,15,1,1,1,0,1,1,1,,Away,잠실 야구장,17:00,27.6
김도규,2024,Lotte,2024-06-13,vs. Kiwoom,RP,,0.0,1.0,1,14,0,0,0,0,2,1,0,,Home,사직 야구장,18:30,27.1
김도규,2024,Lotte,2024-04-14,@ Kiwoom,RP,,0.0,3.0,1,26,0,0,2,0,1,1,0,,Away,고척 스카이돔,14:00,25.5
김도규,2024,Lotte,2024-04-12,@ Kiwoom,RP,,18.0,4.0,1,26,2,2,2,0,1,2,0,,Away,고척 스카이돔,18:30,25.5
김도규,2023,Lotte,2023-10-15,@ Hanwha,RP,,0.0,0.0,1,7,0,0,0,0,1,0,0,,Away,대전 한화생명 볼파크,14:00,19.0
김도규,2023,Lotte,2023-10-10,@ LG,RP,,0.0,0.0,1,12,0,0,0,0,0,0,0,,Away,잠실 야구장,18:30,20.5
김도규,2023,Lotte,2023-10-04,vs. LG,RP,,0.0,1.5,1 ⅓,24,0,0,1,0,0,1,0,,Home,사직 야구장,18:30,22.8
김도규,2023,Lotte,2023-10-02,vs. Samsung,RP,,0.0,2.0,1,24,0,0,1,0,2,1,0,,Home,사직 야구장,18:30,21.3
김도규,2023,Lotte,2023-10-02,vs. Samsung,RP,,0.0,0.0,1 ⅓,21,0,0,0,0,2,0,0,,Home,사직 야구장,18:30,21.3
김도규,2023,Lotte,2023-09-28,vs. Hanwha,RP,,0.0,,0,4,0,0,1,0,0,0,0,,Home,사직 야구장,18:30,27.1
김도규,2023,Lotte,2023-09-24,@ SSG,RP,,0.0,2.0,1,23,0,0,2,0,2,0,1,,Away,인천 SSG 랜더스필드,14:00,24.4
김도규,2023,Lotte,2023-09-23,@ SSG,RP,,0.0,0.0,1,12,0,0,0,0,1,0,0,,Away,인천 SSG 랜더스필드,17:00,24.8
김도규,2023,Lotte,2023-08-12,vs. Kia,RP,,27.0,15.0,0 ⅓,30,1,1,4,0,0,1,0,,Home,사직 야구장,18:00,28.3
김도규,2023,Lotte,2023-08-11,vs. Kia,RP,,0.0,1.0,1,17,0,0,0,0,0,1,0,,Home,사직 야구장,18:30,29.6
김도규,2023,Lotte,2023-08-09,@ Kiwoom,RP,,0.0,0.75,1 ⅓,25,0,0,1,0,2,0,0,,Away,고척 스카이돔,18:30,25.5
김도규,2023,Lotte,2023-08-05,vs. SSG,RP,,0.0,3.0,0 ⅔,17,0,0,1,0,0,1,0,,Home,사직 야구장,18:00,31.9
김도규,2023,Lotte,2023-06-15,vs. Hanwha,RP,L,0.0,,0,6,1,1,0,0,0,1,0,,Home,사직 야구장,18:30,23.9
김도규,2023,Lotte,2023-06-14,vs. Hanwha,RP,,0.0,0.0,1,18,0,0,0,0,0,0,0,,Home,사직 야구장,18:30,24.6
김도규,2023,Lotte,2023-06-13,vs. Hanwha,RP,H,0.0,0.0,0 ⅓,4,0,0,0,0,0,0,0,,Home,사직 야구장,18:30,25.2
김도규,2023,Lotte,2023-06-11,@ Samsung,RP,L,16.2,1.8,1 ⅔,33,3,3,3,1,2,0,0,,Away,대구 삼성 라이온즈 파크,17:00,24.5
김도규,2023,Lotte,2023-06-10,@ Samsung,RP,,0.0,0.0,0 ⅔,8,0,0,0,0,0,0,0,,Away,대구 삼성 라이온즈 파크,17:00,26.2
김도규,2023,Lotte,2023-06-07,vs. KT,RP,L,13.5,4.5,0 ⅔,15,1,1,1,0,0,2,0,,Home,사직 야구장,18:30,22.9
김도규,2023,Lotte,2023-06-06,vs. KT,RP,,0.0,0.0,1 ⅓,26,1,0,0,0,1,0,0,,Home,사직 야구장,18:30,21.9
김도규,2023,Lotte,2023-06-04,vs. Kia,RP,,27.0,6.0,0 ⅔,15,2,2,4,0,1,0,0,,Home,사직 야구장,17:00,24.1
김도규,2023,Lotte,2023-05-31,@ LG,RP,,0.0,2.0,1,22,0,0,1,0,1,1,0,,Away,잠실 야구장,18:30,26.4
김도규,2023,Lotte,2023-05-30,@ LG,RP,,0.0,1.0,1,18,0,0,1,0,1,0,0,,Away,잠실 야구장,18:30,25.6
김도규,2023,Lotte,2023-05-28,@ Kiwoom,RP,,27.0,6.0,0 ⅓,8,1,1,2,0,0,0,0,,Away,고척 스카이돔,14:00,25.5
김도규,2023,Lotte,2023-05-27,@ Kiwoom,RP,,0.0,0.0,1,14,0,0,0,0,2,0,0,,Away,고척 스카이돔,17:00,25.5
김도규,2023,Lotte,2023-05-24,vs. NC,RP,,0.0,0.0,1,10,0,0,0,0,1,0,0,,Home,사직 야구장,18:30,19.0
김도규,2023,Lotte,2023-05-21,vs. SSG,RP,,0.0,0.0,0 ⅓,1,0,0,0,0,0,0,0,,Home,사직 야구장,14:00,22.3
김도규,2023,Lotte,2023-05-17,@ Hanwha,RP,,0.0,1.5,0 ⅔,5,0,0,1,0,1,0,0,,Away,대전 한화생명 볼파크,18:30,27.9
김도규,2023,Lotte,2023-05-16,@ Hanwha,RP,SV,0.0,0.0,1,10,0,0,0,0,2,0,0,,Away,대전 한화생명 볼파크,18:30,29.3
김도규,2023,Lotte,2023-05-14,@ KT,RP,,0.0,0.0,0 ⅓,6,0,0,0,0,1,0,0,,Away,수원 KT 위즈파크,14:00,22.6
김도규,2023,Lotte,2023-05-13,@ KT,RP,,0.0,0.0,1,10,0,0,0,0,0,0,0,,Away,수원 KT 위즈파크,17:00,20.7
김도규,2023,Lotte,2023-04-14,@ Samsung,RP,,54.0,6.0,0 ⅓,16,2,2,1,0,1,1,0,,Away,대구 삼성 라이온즈 파크,18:30,14.5
김도규,2023,Lotte,2023-04-12,vs. LG,RP,,18.0,2.0,1,20,2,2,1,0,1,1,0,,Home,사직 야구장,18:30,15.2
김도규,2023,Lotte,2023-04-11,vs. LG,RP,,0.0,3.0,0 ⅔,14,0,0,1,0,0,1,0,,Home,사직 야구장,18:30,17.6
김도규,2023,Lotte,2023-04-07,vs. KT,RP,,0.0,0.0,1,13,0,0,0,0,1,0,0,,Home,사직 야구장,18:30,16.9
김도규,2023,Lotte,2023-04-04,@ SSG,RP,,0.0,0.75,1 ⅓,17,0,0,0,0,0,1,0,,Away,인천 SSG 랜더스필드,18:30,20.3
김도규,2023,Lotte,2023-04-01,@ Doosan,RP,,54.0,6.0,0 ⅓,9,2,2,2,0,0,0,0,,Away,잠실 야구장,14:00,25.0
김도규,2022,Lotte,2022-10-02,vs. Doosan,RP,H,0.0,3.0,0 ⅓,12,0,0,0,0,1,1,0,,Home,사직 야구장,14:00,27.5
김도규,2022,Lotte,2022-09-30,@ Hanwha,RP,W,0.0,0.0,0 ⅓,5,0,0,0,0,0,0,0,,Away,대전 한화생명 볼파크,18:30,22.7
김도규,2022,Lotte,2022-09-24,@ Kiwoom,RP,,0.0,1.0,1,13,0,0,0,0,0,1,0,,Away,고척 스카이돔,17:00,25.5
김도규,2022,Lotte,2022-09-23,@ LG,RP,,0.0,0.0,0 ⅓,3,0,0,0,0,0,0,0,,Away,잠실 야구장,18:30,18.5
김도규,2022,Lotte,2022-09-20,@ Hanwha,RP,,27.0,3.0,0 ⅔,11,2,2,2,0,0,0,1,,Away,대전 한화생명 볼파크,18:30,20.7
김도규,2022,Lotte,2022-09-17,@ KT,RP,H,0.0,1.0,1,17,0,0,1,0,1,0,0,,Away,수원 KT 위즈파크,17:00,29.8
김도규,2022,Lotte,2022-09-15,vs. Kiwoom,RP,H,0.0,2.0,1,17,0,0,2,0,2,0,0,,Home,사직 야구장,18:30,26.1
김도규,2022,Lotte,2022-09-14,vs. SSG,RP,,0.0,1.0,1,20,0,0,1,0,1,0,0,,Home,사직 야구장,18:30,26.2
김도규,2022,Lotte,2022-09-11,vs. NC,RP,,108.0,15.0,0 ⅓,19,4,4,4,1,1,1,0,,Home,사직 야구장,14:00,28.7
김도규,2022,Lotte,2022-09-10,vs. NC,RP,,0.0,0.0,1,12,0,0,0,0,1,0,0,,Home,사직 야구장,17:00,24.8
김도규,2022,Lotte,2022-09-07,vs. Kia,RP,L,81.0,9.0,0 ⅔,30,6,6,4,0,0,2,0,,Home,사직 야구장,18:30,24.9
김도규,2022,Lotte,2022-09-06,vs. Kia,RP,,0.0,2.0,1,22,0,0,0,0,1,2,0,,Home,사직 야구장,18:30,26.9
김도규,2022,Lotte,2022-08-31,@ Kiwoom,RP,,0.0,0.6,1 ⅔,24,0,0,1,0,2,0,0,,Away,고척 스카이돔,18:30,25.5
김도규,2022,Lotte,2022-08-28,@ SSG,RP,H,0.0,2.0,1,19,0,0,2,0,1,0,0,,Away,인천 SSG 랜더스필드,17:00,25.7
김도규,2022,Lotte,2022-08-25,vs. Samsung,RP,,18.0,4.0,1,21,2,2,4,0,0,0,0,,Home,사직 야구장,18:30,27.1
김도규,2022,Lotte,2022-08-21,vs. Hanwha,RP,,0.0,0.0,1,15,0,0,0,0,1,0,0,,Home,사직 야구장,17:00,28.5
김도규,2022,Lotte,2022-08-19,vs. KT,RP,,0.0,0.0,0 ⅔,5,0,0,0,0,0,0,0,,Home,사직 야구장,18:30,30.3
김도규,2022,Lotte,2022-08-18,vs. KT,RP,H,0.0,1.0,1,15,0,0,0,0,1,1,0,,Home,사직 야구장,18:30,28.1
김도규,2022,Lotte,2022-08-17,vs. Doosan,RP,W,0.0,0.0,0 ⅔,10,0,0,0,0,1,0,0,,Home,사직 야구장,18:30,26.6
김도규,2022,Lotte,2022-08-14,@ Kia,RP,H,0.0,0.0,1,17,0,0,0,0,0,0,0,,Away,광주 기아 챔피언스 필드,17:00,33.7
김도규,2022,Lotte,2022-08-12,@ Kiwoom,RP,SV,0.0,1.5,0 ⅔,10,0,0,0,0,0,1,0,,Away,고척 스카이돔,18:30,25.5
김도규,2022,Lotte,2022-08-11,@ Kiwoom,RP,SV,0.0,0.0,0 ⅓,3,0,0,0,0,0,0,0,,Away,고척 스카이돔,18:30,25.5
김도규,2022,Lotte,2022-08-10,@ Kiwoom,RP,SV,0.0,0.0,0 ⅔,13,0,0,0,0,1,0,0,,Away,고척 스카이돔,18:30,25.5
김도규,2022,Lotte,2022-07-29,@ Samsung,RP,L,27.0,6.0,0 ⅓,16,1,1,2,0,0,0,1,,Away,대구 삼성 라이온즈 파크,18:30,31.9
김도규,2022,Lotte,2022-07-27,@ Doosan,RP,L,27.0,3.0,0 ⅔,20,2,2,1,0,2,1,0,,Away,잠실 야구장,18:30,32.0
김도규,2022,Lotte,2022-07-24,vs. Kia,RP,,0.0,0.0,1,11,0,0,0,0,1,0,0,,Home,사직 야구장,17:00,28.3
김도규,2022,Lotte,2022-07-22,vs. Kia,RP,,0.0,0.0,1,14,0,0,0,0,0,0,0,,Home,사직 야구장,18:30,26.8
김도규,2022,Lotte,2022-07-09,@ KT,RP,,0.0,2.25,1 ⅓,25,1,0,2,0,1,1,0,,Away,수원 KT 위즈파크,18:00,30.4
김도규,2022,Lotte,2022-07-03,@ LG,RP,,0.0,0.0,1,14,0,0,0,0,1,0,0,,Away,잠실 야구장,17:00,33.2
김도규,2022,Lotte,2022-07-01,@ LG,RP,,0.0,1.0,1,18,0,0,1,0,2,0,0,,Away,잠실 야구장,18:30,30.9
김도규,2022,Lotte,2022-06-30,vs. Doosan,RP,,0.0,4.5,0 ⅔,14,0,0,3,0,0,0,0,,Home,사직 야구장,18:30,29.0
김도규,2022,Lotte,2022-06-26,vs. Kiwoom,RP,,0.0,0.0,0 ⅔,15,0,0,0,0,1,0,0,,Home,사직 야구장,17:00,27.3
김도규,2022,Lotte,2022-06-25,vs. Kiwoom,RP,,0.0,0.0,1 ⅓,14,0,0,0,0,2,0,0,,Home,사직 야구장,17:00,25.6
김도규,2022,Lotte,2022-06-23,@ Kia,RP,,0.0,1.5,0 ⅔,10,0,0,1,0,1,0,0,,Away,광주 기아 챔피언스 필드,18:30,29.7
김도규,2022,Lotte,2022-06-22,@ Kia,RP,,0.0,1.5,1 ⅓,18,0,0,1,0,1,1,0,,Away,광주 기아 챔피언스 필드,18:30,32.2
김도규,2022,Lotte,2022-06-19,vs. SSG,RP,W,0.0,0.5,2,24,0,0,0,0,1,1,0,,Home,사직 야구장,17:00,27.4
김도규,2022,Lotte,2022-06-17,vs. SSG,RP,,0.0,1.2,1 ⅔,24,0,0,1,0,0,1,0,,Home,사직 야구장,18:30,25.2
김도규,2022,Lotte,2022-06-11,vs. KT,RP,,0.0,2.0,2,33,0,0,2,0,2,2,0,,Home,사직 야구장,17:00,26.0
김도규,2022,Lotte,2022-06-08,vs. Samsung,RP,,0.0,0.0,1,13,0,0,0,0,1,0,0,,Home,사직 야구장,18:30,19.9
김도규,2022,Lotte,2022-06-07,vs. Samsung,RP,,0.0,0.0,1,12,0,0,0,0,1,0,0,,Home,사직 야구장,18:30,19.0
김도규,2022,Lotte,2022-06-02,vs. LG,RP,,0.0,0.5,2,27,0,0,1,0,2,0,0,,Home,사직 야구장,18:30,22.6
김도규,2022,Lotte,2022-05-31,vs. LG,RP,H,0.0,0.0,0 ⅓,11,0,0,0,0,0,0,0,,Home,사직 야구장,18:30,23.9
김도규,2022,Lotte,2022-05-27,vs. Kiwoom,RP,,0.0,3.0,0 ⅓,15,0,0,1,0,0,0,1,,Home,사직 야구장,18:30,25.4
김도규,2022,Lotte,2022-05-26,@ SSG,RP,,0.0,1.0,1,19,0,0,1,0,0,0,0,,Away,인천 SSG 랜더스필드,18:30,18.1
김도규,2022,Lotte,2022-05-21,@ Doosan,RP,,27.0,7.5,0 ⅔,26,4,2,3,0,1,2,0,,Away,잠실 야구장,17:00,24.2
김도규,2022,Lotte,2022-05-19,vs. Kia,RP,,9.0,1.0,1,19,1,1,1,1,2,0,0,,Home,사직 야구장,18:30,20.1
김도규,2022,Lotte,2022-05-18,vs. Kia,RP,,0.0,1.0,1,9,0,0,1,0,0,0,0,,Home,사직 야구장,18:30,20.6
김도규,2022,Lotte,2022-05-13,@ Hanwha,RP,,0.0,0.0,1,9,0,0,0,0,2,0,0,,Away,대전 한화생명 볼파크,18:30,20.5
김도규,2022,Lotte,2022-05-12,vs. NC,RP,,0.0,2.0,1,19,0,0,2,0,0,0,0,,Home,사직 야구장,18:30,19.6
김도규,2022,Lotte,2022-05-05,@ KT,RP,,0.0,1.0,1,20,0,0,0,0,1,1,0,,Away,수원 KT 위즈파크,14:00,23.9
김도규,2022,Lotte,2022-05-03,@ KT,RP,L,13.5,3.0,0 ⅔,21,2,1,2,0,0,0,0,,Away,수원 KT 위즈파크,18:30,18.8
김도규,2022,Lotte,2022-05-01,@ LG,RP,,0.0,0.0,1,15,0,0,0,0,1,0,0,,Away,잠실 야구장,14:00,18.5
김도규,2022,Lotte,2022-04-29,@ LG,RP,W,0.0,0.0,1,12,0,0,0,0,1,0,1,,Away,잠실 야구장,18:30,15.0
김도규,2022,Lotte,2022-04-26,vs. SSG,RP,,0.0,0.0,1,6,0,0,0,0,1,0,0,,Home,사직 야구장,18:30,17.7
김도규,2022,Lotte,2022-04-24,@ Samsung,RP,H,0.0,1.0,1,19,1,0,1,0,2,0,0,,Away,대구 삼성 라이온즈 파크,14:00,21.2
김도규,2021,Lotte,2021-10-29,vs. LG,RP,,81.0,9.0,0 ⅓,11,3,3,2,0,0,1,0,,Home,사직 야구장,18:30,16.0
김도규,2021,Lotte,2021-10-27,vs. Kia,RP,,0.0,0.0,1 ⅓,11,0,0,0,0,1,0,0,,Home,사직 야구장,18:30,18.1
김도규,2021,Lotte,2021-10-25,@ LG,RP,,0.0,0.0,0 ⅔,7,0,0,0,0,1,0,0,,Away,잠실 야구장,18:30,14.3
김도규,2021,Lotte,2021-10-23,vs. Hanwha,RP,,40.5,6.0,0 ⅔,20,3,3,2,1,1,2,0,,Home,사직 야구장,17:00,17.2
김도규,2021,Lotte,2021-10-17,vs. SSG,RP,H,0.0,1.0,1,16,0,0,0,0,2,1,0,,Home,사직 야구장,14:00,15.9
김도규,2021,Lotte,2021-10-16,vs. SSG,RP,,0.0,6.0,0 ⅓,9,0,0,1,0,1,1,0,,Home,사직 야구장,17:00,14.8
김도규,2021,Lotte,2021-10-15,vs. LG,RP,H,0.0,0.0,1,13,0,0,0,0,1,0,0,,Home,사직 야구장,18:30,22.0
김도규,2021,Lotte,2021-10-08,@ Doosan,RP,,0.0,1.0,1,14,0,0,1,0,1,0,0,,Away,잠실 야구장,18:30,19.3
김도규,2021,Lotte,2021-10-07,@ Doosan,RP,W,0.0,0.0,1,10,0,0,0,0,0,0,0,,Away,잠실 야구장,18:30,20.1
김도규,2021,Lotte,2021-10-05,vs. Kia,RP,,13.5,4.5,0 ⅔,27,1,1,2,0,0,1,0,,Home,사직 야구장,18:30,24.9
김도규,2021,Lotte,2021-10-02,vs. NC,RP,,0.0,0.75,1 ⅓,21,0,0,1,0,0,0,0,,Home,사직 야구장,17:00,25.1
김도규,2021,Lotte,2021-10-01,vs. KT,RP,H,0.0,1.0,1,12,0,0,1,0,1,0,0,,Home,사직 야구장,18:30,23.1
김도규,2021,Lotte,2021-09-28,@ LG,RP,L,40.5,6.0,0 ⅔,32,3,3,3,0,2,1,0,,Away,잠실 야구장,18:30,24.0
김도규,2021,Lotte,2021-09-25,@ Kiwoom,RP,H,0.0,0.0,1 ⅓,23,0,0,0,0,2,0,0,,Away,고척 스카이돔,17:00,25.5
김도규,2021,Lotte,2021-09-24,@ SSG,RP,,18.0,2.0,1,19,2,2,2,1,0,0,0,,Away,인천 SSG 랜더스필드,18:30,24.3
김도규,2021,Lotte,2021-09-22,vs. Samsung,RP,,9.0,1.0,1,17,1,1,1,1,2,0,0,,Home,사직 야구장,18:30,25.2
김도규,2021,Lotte,2021-09-21,vs. Samsung,RP,,27.0,6.0,0 ⅔,26,2,2,3,0,1,1,0,,Home,사직 야구장,18:30,26.3
김도규,2021,Lotte,2021-09-16,@ KT,RP,,0.0,0.0,0 ⅓,2,0,0,0,0,0,0,0,,Away,수원 KT 위즈파크,18:30,25.6
김도규,2021,Lotte,2021-09-15,@ Kia,RP,,0.0,2.0,1,23,0,0,1,0,1,1,0,,Away,광주 기아 챔피언스 필드,18:30,26.9
김도규,2021,Lotte,2021-09-14,@ Kia,RP,,0.0,1.0,1,10,0,0,1,0,0,0,0,,Away,광주 기아 챔피언스 필드,18:30,25.3
김도규,2021,Lotte,2021-09-11,vs. Kiwoom,RP,,18.0,3.0,1,22,2,2,1,0,0,2,0,,Home,사직 야구장,17:00,28.4
김도규,2021,Lotte,2021-09-08,@ Samsung,RP,,0.0,3.0,0 ⅓,10,0,0,1,0,0,0,0,,Away,대구 삼성 라이온즈 파크,18:30,26.4
김도규,2021,Lotte,2021-09-07,@ Samsung,RP,W,0.0,0.0,1 ⅓,18,0,0,0,0,0,0,0,,Away,대구 삼성 라이온즈 파크,18:30,28.4
김도규,2021,Lotte,2021-09-03,vs. Hanwha,RP,H,0.0,1.5,1 ⅓,20,0,0,0,0,0,2,0,,Home,사직 야구장,18:30,24.4
김도규,2021,Lotte,2021-08-31,vs. LG,RP,,0.0,0.0,1,15,0,0,0,0,2,0,0,,Home,사직 야구장,18:30,28.4
김도규,2021,Lotte,2021-08-28,vs. Doosan,RP,,0.0,0.0,1,12,0,0,0,0,2,0,0,,Home,사직 야구장,18:00,29.7
김도규,2021,Lotte,2021-08-26,@ Kia,RP,,0.0,1.5,0 ⅔,9,0,0,0,0,0,1,0,,Away,광주 기아 챔피언스 필드,18:30,30.3
김도규,2021,Lotte,2021-08-25,@ Kia,RP,,0.0,1.0,1,21,0,0,1,0,1,0,0,,Away,광주 기아 챔피언스 필드,18:30,30.4
김도규,2021,Lotte,2021-08-22,vs. KT,RP,,0.0,3.0,0 ⅔,21,0,0,1,0,1,1,0,,Home,사직 야구장,17:00,29.3
김도규,2021,Lotte,2021-08-20,vs. KT,RP,,0.0,0.0,1,17,0,0,0,0,2,0,0,,Home,사직 야구장,18:30,29.0
김도규,2021,Lotte,2021-08-15,@ LG,RP,,20.25,3.75,1 ⅓,35,3,3,4,0,1,1,0,,Away,잠실 야구장,17:00,31.0
김도규,2021,Lotte,2021-08-12,@ NC,RP,,0.0,0.0,2,15,0,0,0,0,0,0,0,,Away,창원 NC 파크,18:30,28.6
김도규,2021,Lotte,2021-07-10,@ Samsung,RP,,0.0,0.0,2,20,0,0,0,0,1,0,0,,Away,대구 삼성 라이온즈 파크,18:00,28.6
김도규,2021,Lotte,2021-07-05,@ SSG,RP,,0.0,0.5,2,24,0,0,0,0,2,1,0,,Away,인천 SSG 랜더스필드,18:30,25.1
김도규,2021,Lotte,2021-07-01,@ Kiwoom,RP,,0.0,,0,12,3,3,1,0,0,2,0,,Away,고척 스카이돔,18:30,25.5
김도규,2021,Lotte,2021-06-29,@ Kiwoom,RP,,0.0,1.5,2,36,0,0,2,0,3,1,0,,Away,고척 스카이돔,18:30,25.5
김도규,2021,Lotte,2021-06-25,@ Doosan,RP,,0.0,0.0,1,17,0,0,0,0,3,0,0,,Away,잠실 야구장,18:30,27.3
김도규,2021,Lotte,2021-06-22,vs. NC,RP,,27.0,6.0,0 ⅓,11,1,1,0,0,0,2,0,,Home,사직 야구장,18:30,23.0
김도규,2021,Lotte,2021-06-06,@ KT,RP,,0.0,2.0,1,23,0,0,2,0,2,0,0,,Away,수원 KT 위즈파크,17:00,27.2
김도규,2021,Lotte,2021-06-03,@ Kiwoom,RP,,9.0,3.0,1,21,1,1,3,0,0,0,0,,Away,고척 스카이돔,18:30,25.5
김도규,2021,Lotte,2021-05-30,vs. NC,RP,,0.0,0.75,1 ⅓,17,0,0,1,0,1,0,0,,Home,사직 야구장,14:00,23.5
김도규,2021,Lotte,2021-05-29,vs. NC,RP,,54.0,6.0,0 ⅓,9,3,2,2,0,0,0,0,,Home,사직 야구장,17:00,22.0
김도규,2021,Lotte,2021-05-27,vs. LG,RP,,0.0,1.0,1,14,0,0,1,0,1,0,0,,Home,사직 야구장,18:30,20.2
김강현,2024,Lotte,2024-09-15,vs. Hanwha,RP,,18.0,5.0,1,27,2,2,4,0,0,1,0,,Home,사직 야구장,14:00,32.7
김강현,2024,Lotte,2024-09-13,vs. Hanwha,RP,,0.0,2.0,1,24,0,0,0,0,2,2,0,,Home,사직 야구장,18:30,31.7
김강현,2024,Lotte,2024-09-12,@ Kia,RP,,0.0,3.0,1,25,0,0,1,0,1,2,0,,Away,광주 기아 챔피언스 필드,18:30,31.8
김강현,2024,Lotte,2024-09-08,vs. SSG,RP,,16.2,3.0,1 ⅔,28,3,3,3,1,0,2,0,,Home,사직 야구장,14:00,33.6
김강현,2024,Lotte,2024-09-05,vs. KT,RP,,0.0,1.5,2,41,0,0,2,0,3,1,0,,Home,사직 야구장,18:30,30.3
김강현,2024,Lotte,2024-09-01,@ Doosan,RP,,0.0,3.0,0 ⅔,21,0,0,1,0,0,1,0,,Away,잠실 야구장,14:00,30.2
김강현,2024,Lotte,2024-08-30,@ Kiwoom,RP,,0.0,0.75,1 ⅓,21,0,0,1,0,0,0,0,,Away,고척 스카이돔,18:30,25.5
김강현,2024,Lotte,2024-08-29,vs. Hanwha,RP,,27.0,4.5,0 ⅔,13,2,2,2,0,1,1,0,,Home,사직 야구장,18:30,31.0
김강현,2024,Lotte,2024-08-25,@ Samsung,RP,,0.0,0.75,1 ⅓,29,1,0,1,0,0,0,1,,Away,대구 삼성 라이온즈 파크,17:00,32.3
김강현,2024,Lotte,2024-08-24,@ Samsung,RP,,0.0,0.0,1,10,0,0,0,0,2,0,0,,Away,대구 삼성 라이온즈 파크,18:00,31.9
김강현,2024,Lotte,2024-08-11,@ KT,RP,,0.0,,0,14,1,1,2,0,0,1,0,,Away,수원 KT 위즈파크,17:00,33.0
김강현,2024,Lotte,2024-08-06,vs. NC,RP,,0.0,1.8,1 ⅔,30,0,0,1,0,1,2,0,,Home,사직 야구장,18:30,31.2
김강현,2024,Lotte,2024-07-30,@ SSG,RP,,4.5,1.5,2,49,2,1,1,0,3,2,0,,Away,인천 SSG 랜더스필드,18:30,30.7
김강현,2024,Lotte,2024-07-28,@ NC,RP,,0.0,,0,6,0,0,0,0,0,1,0,,Away,창원 NC 파크,17:00,33.2
김강현,2024,Lotte,2024-07-27,@ NC,RP,,0.0,1.0,1,19,0,0,1,0,2,0,0,,Away,창원 NC 파크,18:00,32.0
김강현,2024,Lotte,2024-07-25,vs. LG,RP,,0.0,3.0,0 ⅔,8,0,0,2,0,0,0,0,,Home,사직 야구장,18:30,31.0
김강현,2024,Lotte,2024-07-19,@ Samsung,RP,,0.0,,0,7,1,1,1,1,0,0,0,,Away,대구 삼성 라이온즈 파크,18:30,28.3
김강현,2024,Lotte,2024-07-18,vs. Doosan,RP,,0.0,0.0,1,10,0,0,0,0,1,0,0,,Home,사직 야구장,18:30,28.8
김강현,2024,Lotte,2024-07-17,vs. Doosan,RP,,0.0,0.0,0 ⅓,2,0,0,0,0,0,0,0,,Home,사직 야구장,18:30,29.1
김강현,2024,Lotte,2024-07-13,vs. KT,RP,,0.0,0.0,0 ⅔,7,0,0,0,0,1,0,0,,Home,사직 야구장,18:00,27.2
김강현,2024,Lotte,2024-07-11,@ SSG,RP,,0.0,0.0,0 ⅔,10,0,0,0,0,0,0,0,,Away,인천 SSG 랜더스필드,18:30,27.1
김강현,2024,Lotte,2024-07-04,@ Doosan,RP,,0.0,2.0,1,21,1,0,1,0,2,1,0,,Away,잠실 야구장,18:30,30.0
김강현,2024,Lotte,2024-06-23,@ Kiwoom,RP,,0.0,0.0,1,7,0,0,0,0,0,0,1,,Away,고척 스카이돔,14:00,25.5
김강현,2024,Lotte,2024-06-21,@ Kiwoom,RP,,0.0,1.0,1,16,0,0,1,0,1,0,0,,Away,고척 스카이돔,18:30,25.5
김강현,2024,Lotte,2024-06-20,@ KT,RP,,0.0,1.5,0 ⅔,13,0,0,1,0,1,0,0,,Away,수원 KT 위즈파크,18:30,29.6
김강현,2024,Lotte,2024-06-09,vs. SSG,RP,,0.0,1.5,2,39,0,0,2,0,3,1,0,,Home,사직 야구장,17:00,24.0
김강현,2023,Lotte,2023-09-06,vs. Samsung,RP,,0.0,1.0,1,25,0,0,0,0,0,1,1,,Home,사직 야구장,18:30,27.9
김강현,2023,Lotte,2023-06-14,vs. Hanwha,RP,,4.5,1.0,2,36,1,1,1,0,0,1,0,,Home,사직 야구장,18:30,24.6
