PlayerName,Year,Team,Date,Opp,Role,Dec,ERA,WHIP,IP,NP,R,ER,H,HR,SO,BB,HB,GS,Venue,Stadium,Time,Temp
이호성,2024,Samsung,2024-09-19,@ KT,SP,,9.0,3.0,2,51,3,2,4,1,0,2,0,36.0,Away,수원 KT 위즈파크,18:30,32.1
이호성,2024,Samsung,2024-08-17,@ NC,SP,,6.75,2.63,2 ⅔,67,2,2,6,1,2,1,0,39.0,Away,창원 NC 파크,18:00,31.1
이호성,2024,Samsung,2024-06-21,vs. Doosan,RP,,54.0,9.0,0 ⅓,11,2,2,3,0,0,0,0,,Home,대구 삼성 라이온즈 파크,18:30,26.4
이호성,2024,Samsung,2024-06-18,vs. SSG,RP,,5.4,3.6,1 ⅔,50,1,1,1,0,0,5,0,,Home,대구 삼성 라이온즈 파크,18:30,26.3
이호성,2024,Samsung,2024-06-13,vs. LG,SP,W,3.38,0.94,5 ⅓,81,2,2,3,0,3,2,0,55.0,Home,대구 삼성 라이온즈 파크,18:30,27.1
이호성,2024,Samsung,2024-06-06,@ SSG,SP,L,11.57,1.71,2 ⅓,43,3,3,2,0,3,2,0,42.0,Away,인천 SSG 랜더스필드,18:30,23.5
이호성,2024,Samsung,2024-05-31,vs. Hanwha,RP,,5.4,1.2,1 ⅔,22,1,1,2,1,0,0,0,,Home,대구 삼성 라이온즈 파크,18:30,21.8
이호성,2024,Samsung,2024-05-29,vs. Kiwoom,RP,,0.0,1.0,2,35,0,0,2,0,0,0,1,,Home,대구 삼성 라이온즈 파크,18:30,21.3
이호성,2024,Samsung,2024-05-25,@ Lotte,SP,,15.43,3.86,2 ⅓,61,4,4,9,0,1,0,0,24.0,Away,사직 야구장,17:00,21.3
이호성,2024,Samsung,2024-05-19,vs. Hanwha,SP,L,38.57,5.57,2 ⅓,87,10,10,8,4,2,5,0,-2.0,Home,대구 삼성 라이온즈 파크,14:00,24.4
이호성,2024,Samsung,2024-05-11,@ NC,SP,,4.15,1.15,4 ⅓,78,2,2,4,0,4,1,0,50.0,Away,창원 NC 파크,17:00,21.5
이호성,2024,Samsung,2024-05-01,@ Doosan,SP,W,1.59,1.06,5 ⅔,89,2,1,5,1,2,1,0,54.0,Away,잠실 야구장,18:30,23.1
이호성,2024,Samsung,2024-04-25,vs. LG,SP,L,4.91,2.45,3 ⅔,92,2,2,7,1,5,2,0,42.0,Home,대구 삼성 라이온즈 파크,18:30,17.6
이호성,2024,Samsung,2024-04-19,@ Hanwha,SP,L,3.38,2.25,2 ⅔,57,1,1,4,0,1,2,0,45.0,Away,대전 한화생명 볼파크,18:30,23.6
이호성,2024,Samsung,2024-04-13,vs. NC,SP,,3.0,1.0,3,53,1,1,3,0,3,0,1,51.0,Home,대구 삼성 라이온즈 파크,17:00,21.0
이호성,2024,Samsung,2024-04-07,@ Kia,SP,,9.0,2.0,3,75,3,3,3,0,2,3,0,40.0,Away,광주 기아 챔피언스 필드,14:00,24.5
이호성,2023,Samsung,2023-10-06,@ KT,SP,W,1.8,1.6,5,96,1,1,4,1,6,4,0,57.0,Away,수원 KT 위즈파크,18:30,17.6
이호성,2023,Samsung,2023-10-01,@ Lotte,SP,,3.6,1.2,5,78,2,2,4,0,1,2,0,50.0,Away,사직 야구장,14:00,25.3
이호성,2023,Samsung,2023-04-12,vs. SSG,RP,,6.0,1.0,3,46,2,2,1,0,2,2,0,,Home,대구 삼성 라이온즈 파크,18:30,15.2
이호성,2023,Samsung,2023-04-06,vs. Hanwha,RP,,0.0,1.0,3,45,0,0,1,0,2,2,0,,Home,대구 삼성 라이온즈 파크,18:30,13.8
이호성,2023,Samsung,2023-04-01,vs. NC,RP,,0.0,1.0,1,7,0,0,1,0,0,0,0,,Home,대구 삼성 라이온즈 파크,14:00,21.3
최원태,2024,LG,2024-09-25,vs. Hanwha,SP,L,4.5,1.33,6,101,3,3,6,0,3,2,0,49.0,Home,잠실 야구장,18:30,26.4
최원태,2024,LG,2024-09-19,@ Lotte,RP,W,6.75,1.69,5 ⅓,87,4,4,8,1,5,1,1,,Away,사직 야구장,18:30,32.4
최원태,2024,LG,2024-09-11,vs. Kiwoom,SP,,6.35,1.76,5 ⅔,103,4,4,7,0,5,3,0,41.0,Home,잠실 야구장,18:30,30.6
최원태,2024,LG,2024-09-05,vs. SSG,SP,L,3.6,1.6,5,101,4,2,6,0,5,2,0,46.0,Home,잠실 야구장,18:30,28.6
최원태,2024,LG,2024-08-28,vs. KT,SP,,1.29,0.71,7,95,1,1,4,0,8,1,0,72.0,Home,잠실 야구장,18:30,31.7
최원태,2024,LG,2024-08-22,vs. SSG,SP,W,1.5,1.17,6,93,3,1,6,0,4,1,0,55.0,Home,잠실 야구장,18:30,30.5
최원태,2024,LG,2024-08-16,vs. Kia,SP,,0.0,0.71,7,83,0,0,3,0,5,2,0,74.0,Home,잠실 야구장,18:30,33.0
최원태,2024,LG,2024-08-10,vs. NC,SP,W,1.8,1.6,5,94,1,1,5,0,5,3,0,55.0,Home,잠실 야구장,18:00,33.0
최원태,2024,LG,2024-08-03,@ Lotte,SP,,5.4,2.0,5,83,3,3,8,1,4,2,0,41.0,Away,사직 야구장,18:00,33.0
최원태,2024,LG,2024-07-28,vs. Hanwha,SP,L,18.0,3.0,3,57,6,6,7,2,1,2,0,20.0,Home,잠실 야구장,17:00,31.7
최원태,2024,LG,2024-07-25,@ Lotte,SP,,108.0,9.0,0 ⅓,13,4,4,3,0,0,0,1,28.0,Away,사직 야구장,18:30,31.0
최원태,2024,LG,2024-07-12,@ Hanwha,SP,L,5.4,1.6,5,82,3,3,5,0,0,3,0,42.0,Away,대전 한화생명 볼파크,18:30,30.4
최원태,2024,LG,2024-06-05,vs. Kiwoom,SP,,3.6,2.0,5,95,2,2,6,1,5,4,1,47.0,Home,잠실 야구장,18:30,26.2
최원태,2024,LG,2024-05-30,@ SSG,SP,L,4.5,1.33,6,89,4,3,6,1,3,2,0,47.0,Away,인천 SSG 랜더스필드,18:30,21.3
최원태,2024,LG,2024-05-24,vs. NC,SP,W,4.5,1.67,6,92,3,3,6,1,3,4,0,47.0,Home,잠실 야구장,18:30,24.2
최원태,2024,LG,2024-05-18,@ KT,SP,W,3.0,1.33,6,101,2,2,5,1,4,3,1,54.0,Away,수원 KT 위즈파크,17:00,24.1
최원태,2024,LG,2024-05-07,vs. SSG,SP,L,5.79,2.57,4 ⅔,99,3,3,7,0,6,5,0,39.0,Home,잠실 야구장,18:30,14.5
최원태,2024,LG,2024-05-01,@ NC,SP,W,1.29,0.71,7,92,1,1,4,0,2,1,0,66.0,Away,창원 NC 파크,18:30,17.0
최원태,2024,LG,2024-04-25,@ Samsung,SP,W,0.0,0.67,6,97,0,0,2,0,3,2,0,69.0,Away,대구 삼성 라이온즈 파크,18:30,17.6
최원태,2024,LG,2024-04-19,@ SSG,SP,W,1.5,0.83,6,91,1,1,2,0,5,3,0,66.0,Away,인천 SSG 랜더스필드,18:30,17.3
최원태,2024,LG,2024-04-13,@ Doosan,SP,L,8.31,2.31,4 ⅓,87,4,4,7,0,6,3,0,36.0,Away,잠실 야구장,17:00,26.2
최원태,2024,LG,2024-04-07,vs. KT,SP,W,7.2,1.6,5,98,4,4,6,1,8,2,0,45.0,Home,잠실 야구장,14:00,22.0
최원태,2024,LG,2024-04-02,vs. NC,SP,,6.35,0.88,5 ⅔,101,4,4,4,1,10,1,0,54.0,Home,잠실 야구장,18:30,20.0
최원태,2024,LG,2024-03-27,vs. Samsung,SP,,1.93,1.71,4 ⅔,83,2,1,3,0,3,5,1,49.0,Home,잠실 야구장,18:30,13.1
최원태,2023,LG,2023-09-30,@ Doosan,SP,L,3.86,1.93,4 ⅔,99,2,2,5,1,3,4,0,45.0,Away,잠실 야구장,17:00,23.9
최원태,2023,LG,2023-09-24,vs. Hanwha,SP,W,1.29,1.0,7,92,1,1,6,1,8,1,0,68.0,Home,잠실 야구장,14:00,24.5
최원태,2023,LG,2023-09-10,@ Kia,SP,,23.63,4.88,2 ⅔,81,7,7,8,0,3,5,0,12.0,Away,광주 기아 챔피언스 필드,14:00,29.4
최원태,2023,LG,2023-09-05,@ KT,SP,,6.0,2.0,3,62,2,2,5,1,3,1,0,43.0,Away,수원 KT 위즈파크,18:30,31.2
최원태,2023,LG,2023-08-25,@ NC,SP,L,20.25,4.25,4,93,11,9,15,0,5,2,0,-5.0,Away,창원 NC 파크,18:30,29.8
최원태,2023,LG,2023-08-18,@ SSG,SP,,5.14,0.71,7,95,4,4,3,1,4,2,1,56.0,Away,인천 SSG 랜더스필드,18:30,30.5
최원태,2023,LG,2023-08-12,vs. Kiwoom,SP,W,3.6,1.6,5,100,2,2,6,0,5,2,0,50.0,Home,잠실 야구장,18:00,26.4
최원태,2023,LG,2023-08-05,@ Samsung,SP,L,10.8,1.8,5,77,6,6,9,1,4,0,1,28.0,Away,대구 삼성 라이온즈 파크,18:00,31.9
최원태,2023,LG,2023-07-30,@ Doosan,SP,W,0.0,0.33,6,75,0,0,2,0,5,0,0,73.0,Away,잠실 야구장,17:00,33.6
최원태,2023,LG,2023-07-23,@ Lotte,SP,,7.2,1.6,5,69,4,4,6,0,1,2,0,38.0,Away,사직 야구장,17:00,28.9
최원태,2023,LG,2023-07-08,@ Doosan,SP,L,7.5,0.83,6,104,5,5,3,1,5,2,1,48.0,Away,잠실 야구장,18:00,29.9
최원태,2023,LG,2023-07-02,vs. SSG,SP,,3.6,1.8,5,92,2,2,4,0,5,5,0,51.0,Home,잠실 야구장,17:00,31.3
최원태,2023,LG,2023-06-20,@ Samsung,SP,W,3.0,1.17,6,109,2,2,4,1,5,3,0,58.0,Away,대구 삼성 라이온즈 파크,18:30,23.7
최원태,2023,LG,2023-06-14,vs. Kia,SP,W,1.29,1.14,7,95,1,1,8,0,3,0,0,60.0,Home,잠실 야구장,18:30,25.0
최원태,2023,LG,2023-06-08,vs. LG,SP,W,0.0,0.71,7,94,0,0,5,0,7,0,2,72.0,Home,잠실 야구장,18:30,24.5
최원태,2023,LG,2023-06-02,@ SSG,SP,,1.35,0.45,6 ⅔,94,1,1,2,1,6,1,0,71.0,Away,인천 SSG 랜더스필드,18:30,22.3
최원태,2023,LG,2023-05-27,vs. Lotte,SP,,0.0,0.83,6,87,0,0,3,0,6,2,0,70.0,Home,잠실 야구장,17:00,19.0
최원태,2023,LG,2023-05-21,@ Kia,SP,W,0.0,0.83,6,89,0,0,3,0,6,2,0,70.0,Away,광주 기아 챔피언스 필드,14:00,22.9
최원태,2023,LG,2023-05-16,vs. Doosan,SP,L,2.7,1.2,6 ⅔,102,2,2,7,1,8,1,0,59.0,Home,잠실 야구장,18:30,28.8
최원태,2023,LG,2023-05-10,@ LG,SP,W,1.5,1.5,6,99,1,1,7,0,6,2,0,58.0,Away,잠실 야구장,18:30,24.6
최원태,2023,LG,2023-05-04,@ Samsung,SP,L,20.25,3.0,4,83,10,9,11,2,0,1,0,1.0,Away,대구 삼성 라이온즈 파크,18:30,16.5
최원태,2023,LG,2023-04-28,@ Lotte,SP,L,6.0,1.33,6,97,4,4,7,0,4,1,1,44.0,Away,사직 야구장,18:30,18.1
최원태,2023,LG,2023-04-22,@ SSG,SP,,3.0,1.17,6,88,2,2,6,1,4,1,0,55.0,Away,인천 SSG 랜더스필드,17:00,20.6
최원태,2023,LG,2023-04-16,vs. Kia,SP,,0.0,0.63,8,82,0,0,4,0,5,1,0,78.0,Home,잠실 야구장,14:00,14.4
최원태,2023,LG,2023-04-11,@ Doosan,SP,,5.4,1.4,5,90,3,3,5,0,4,2,1,46.0,Away,잠실 야구장,18:30,12.2
최원태,2023,LG,2023-04-05,vs. LG,SP,W,1.5,1.33,6,104,1,1,5,0,3,3,0,58.0,Home,잠실 야구장,18:30,10.4
최원태,2022,Kiwoom,2022-10-06,@ Hanwha,RP,,0.0,0.0,0 ⅔,5,0,0,0,0,1,0,0,,Away,대전 한화생명 볼파크,18:30,17.8
최원태,2022,Kiwoom,2022-09-29,@ SSG,RP,,10.8,2.4,1 ⅔,34,2,2,1,0,1,3,0,,Away,인천 SSG 랜더스필드,18:30,22.3
최원태,2022,Kiwoom,2022-09-27,@ NC,RP,,9.0,2.0,1,19,1,1,2,0,0,0,0,,Away,창원 NC 파크,18:30,24.5
최원태,2022,Kiwoom,2022-09-24,vs. Lotte,RP,,27.0,6.0,0 ⅔,20,2,2,3,0,0,1,0,,Home,고척 스카이돔,17:00,25.5
최원태,2022,Kiwoom,2022-09-23,vs. Doosan,RP,,0.0,0.0,1,5,0,0,0,0,0,0,0,,Home,고척 스카이돔,18:30,25.5
최원태,2022,Kiwoom,2022-08-18,@ Doosan,SP,L,7.11,1.26,6 ⅓,84,5,5,6,1,3,2,1,41.0,Away,잠실 야구장,18:30,28.4
최원태,2022,Kiwoom,2022-08-12,vs. Lotte,SP,L,1.5,1.17,6,97,1,1,6,0,3,1,1,57.0,Home,고척 스카이돔,18:30,25.5
최원태,2022,Kiwoom,2022-08-05,@ LG,SP,,12.0,2.33,3,68,4,4,5,1,2,2,0,33.0,Away,잠실 야구장,18:30,32.4
최원태,2022,Kiwoom,2022-07-30,@ NC,SP,,3.0,0.67,6,89,2,2,3,1,5,1,0,60.0,Away,창원 NC 파크,18:00,30.2
최원태,2022,Kiwoom,2022-07-23,vs. Samsung,RP,,0.0,2.0,1,27,0,0,0,0,1,2,0,,Home,고척 스카이돔,18:00,25.5
최원태,2022,Kiwoom,2022-07-09,vs. NC,SP,W,0.0,1.0,6,87,0,0,4,0,2,2,0,64.0,Home,고척 스카이돔,18:00,25.5
최원태,2022,Kiwoom,2022-07-03,vs. Hanwha,SP,W,1.8,1.4,5,83,1,1,4,1,1,3,0,53.0,Home,고척 스카이돔,14:00,25.5
최원태,2022,Kiwoom,2022-06-28,vs. Kia,SP,W,3.38,0.75,5 ⅓,69,2,2,4,0,1,0,0,53.0,Home,고척 스카이돔,18:30,25.5
최원태,2022,Kiwoom,2022-06-22,@ Samsung,SP,W,0.0,1.0,5,86,0,0,3,0,5,2,1,63.0,Away,대구 삼성 라이온즈 파크,18:30,27.4
최원태,2022,Kiwoom,2022-06-16,vs. Doosan,SP,,3.6,0.8,5,91,2,2,2,0,5,2,1,57.0,Home,고척 스카이돔,18:30,25.5
최원태,2022,Kiwoom,2022-06-10,@ Kia,SP,,9.0,2.25,4,96,4,4,7,0,4,2,1,33.0,Away,광주 기아 챔피언스 필드,18:30,25.3
최원태,2022,Kiwoom,2022-06-03,@ Hanwha,SP,L,18.0,3.33,3,68,6,6,7,0,3,3,0,21.0,Away,대전 한화생명 볼파크,18:30,29.3
최원태,2022,Kiwoom,2022-05-28,@ Lotte,SP,,1.5,0.67,6,87,3,1,4,0,6,0,0,62.0,Away,사직 야구장,17:00,23.7
최원태,2022,Kiwoom,2022-05-22,vs. Hanwha,SP,,3.6,1.2,5,85,3,2,4,1,4,2,0,51.0,Home,고척 스카이돔,14:00,25.5
최원태,2022,Kiwoom,2022-05-17,@ NC,SP,W,3.0,1.5,6,101,2,2,8,0,2,1,0,49.0,Away,창원 NC 파크,18:30,21.6
최원태,2022,Kiwoom,2022-05-11,vs. Doosan,SP,L,3.6,1.2,5,88,2,2,4,0,4,2,0,53.0,Home,고척 스카이돔,18:30,25.5
최원태,2022,Kiwoom,2022-04-29,vs. KT,SP,L,9.0,2.0,2,46,4,2,2,0,0,2,0,38.0,Home,고척 스카이돔,18:30,25.5
최원태,2022,Kiwoom,2022-04-23,vs. Kia,SP,W,1.8,1.2,5,77,1,1,4,0,1,2,0,54.0,Home,고척 스카이돔,17:00,25.5
최원태,2022,Kiwoom,2022-04-17,@ Doosan,SP,,2.45,2.18,3 ⅔,72,2,1,5,0,1,3,0,43.0,Away,잠실 야구장,14:00,21.3
최원태,2022,Kiwoom,2022-04-12,vs. NC,SP,W,0.0,0.43,7,91,0,0,3,0,5,0,0,76.0,Home,고척 스카이돔,18:30,25.5
최원태,2022,Kiwoom,2022-04-06,vs. LG,SP,,1.69,0.75,5 ⅓,71,1,1,2,0,3,2,0,61.0,Home,고척 스카이돔,18:30,25.5
최원태,2021,Kiwoom,2021-10-26,@ Doosan,SP,L,6.23,1.38,4 ⅓,67,3,3,5,1,3,1,1,42.0,Away,잠실 야구장,18:30,15.6
최원태,2021,Kiwoom,2021-10-20,@ LG,SP,W,4.5,1.0,6,99,3,3,4,0,5,2,0,55.0,Away,잠실 야구장,18:30,12.3
최원태,2021,Kiwoom,2021-10-14,vs. NC,SP,,1.8,0.6,5,86,1,1,2,0,6,1,3,61.0,Home,고척 스카이돔,18:30,25.5
최원태,2021,Kiwoom,2021-10-07,@ KT,SP,L,1.8,1.2,5,87,5,1,5,0,1,1,0,45.0,Away,수원 KT 위즈파크,18:30,20.3
최원태,2021,Kiwoom,2021-10-01,@ Kia,SP,L,9.0,2.5,2,45,3,2,5,0,0,0,0,36.0,Away,광주 기아 챔피언스 필드,18:30,25.5
최원태,2021,Kiwoom,2021-09-24,vs. NC,SP,,1.29,0.86,7,97,1,1,5,0,5,1,1,66.0,Home,고척 스카이돔,18:30,25.5
최원태,2021,Kiwoom,2021-09-17,vs. Hanwha,SP,L,22.09,3.55,3 ⅔,64,10,9,10,1,0,3,0,0.0,Home,고척 스카이돔,18:30,25.5
최원태,2021,Kiwoom,2021-09-11,@ Lotte,SP,W,1.5,1.67,6,100,1,1,6,1,4,4,1,55.0,Away,사직 야구장,17:00,28.4
최원태,2021,Kiwoom,2021-09-04,vs. SSG,SP,W,1.29,0.71,7,93,1,1,5,0,7,0,0,70.0,Home,고척 스카이돔,17:00,25.5
최원태,2021,Kiwoom,2021-08-29,@ LG,SP,L,59.4,7.8,1 ⅔,65,11,11,8,0,0,5,0,-10.0,Away,잠실 야구장,17:00,27.2
최원태,2021,Kiwoom,2021-08-24,@ Kia,SP,W,3.38,1.69,5 ⅓,92,2,2,8,1,5,1,0,48.0,Away,광주 기아 챔피언스 필드,18:30,29.5
최원태,2021,Kiwoom,2021-08-17,@ Lotte,SP,L,1.5,0.83,6,95,1,1,4,0,5,1,0,64.0,Away,사직 야구장,18:30,26.5
최원태,2021,Kiwoom,2021-08-11,vs. KT,SP,W,1.59,1.41,5 ⅔,93,1,1,5,0,1,3,1,52.0,Home,고척 스카이돔,18:30,25.5
최원태,2021,Kiwoom,2021-07-05,@ KT,SP,W,7.5,2.0,6,99,5,5,8,1,3,4,0,35.0,Away,수원 KT 위즈파크,18:30,27.8
최원태,2021,Kiwoom,2021-06-29,vs. Lotte,SP,L,15.0,2.67,3,76,5,5,6,1,3,2,1,27.0,Home,고척 스카이돔,18:30,25.5
최원태,2021,Kiwoom,2021-06-23,@ Doosan,SP,,0.0,1.0,6,88,0,0,4,0,2,2,0,64.0,Away,잠실 야구장,18:30,24.7
최원태,2021,Kiwoom,2021-06-17,vs. LG,SP,,7.2,2.2,5,87,4,4,7,0,3,4,0,36.0,Home,고척 스카이돔,18:30,25.5
최원태,2021,Kiwoom,2021-06-11,@ SSG,SP,L,5.4,1.6,5,87,6,3,8,2,6,0,0,39.0,Away,인천 SSG 랜더스필드,18:30,23.3
최원태,2021,Kiwoom,2021-06-05,vs. Samsung,SP,W,0.0,0.43,7,92,0,0,2,0,5,1,0,77.0,Home,고척 스카이돔,17:00,25.5
최원태,2021,Kiwoom,2021-05-30,@ LG,SP,L,6.35,2.12,5 ⅔,100,8,4,8,0,4,4,0,29.0,Away,잠실 야구장,14:00,24.1
최원태,2021,Kiwoom,2021-05-23,vs. NC,SP,,2.25,1.25,4,65,1,1,5,1,2,0,0,50.0,Home,고척 스카이돔,14:00,25.5
최원태,2021,Kiwoom,2021-05-14,vs. Hanwha,SP,L,3.0,1.17,6,91,2,2,4,0,3,3,0,56.0,Home,고척 스카이돔,18:30,25.5
최원태,2021,Kiwoom,2021-05-08,@ SSG,SP,W,0.0,1.0,6,90,0,0,4,0,5,2,0,67.0,Away,인천 SSG 랜더스필드,17:00,15.1
최원태,2021,Kiwoom,2021-04-30,@ NC,SP,W,1.8,1.4,5,89,1,1,6,0,2,1,0,52.0,Away,창원 NC 파크,18:30,19.9
최원태,2021,Kiwoom,2021-04-24,vs. SSG,SP,,4.5,1.17,6,93,3,3,6,1,2,1,0,49.0,Home,고척 스카이돔,17:00,25.5
최원태,2021,Kiwoom,2021-04-18,@ KT,SP,L,9.0,3.0,4,97,7,4,10,0,1,2,0,19.0,Away,수원 KT 위즈파크,14:00,13.2
최원태,2021,Kiwoom,2021-04-11,@ Lotte,SP,,4.5,2.75,4,90,2,2,7,0,3,4,1,38.0,Away,사직 야구장,14:00,18.4
최원태,2021,Kiwoom,2021-04-06,vs. Kia,SP,,3.0,1.0,6,96,2,2,6,1,7,0,1,58.0,Home,고척 스카이돔,18:30,25.5
최원태,2020,Kiwoom,2020-10-14,@ KT,SP,W,4.05,1.05,6 ⅔,96,3,3,4,1,3,3,0,54.0,Away,수원 KT 위즈파크,18:30,13.8
최원태,2020,Kiwoom,2020-10-07,vs. NC,SP,L,10.8,2.4,3 ⅓,68,4,4,5,2,2,3,0,33.0,Home,고척 스카이돔,18:30,25.5
최원태,2020,Kiwoom,2020-10-01,vs. Kia,SP,L,3.6,1.6,5,77,2,2,6,0,2,2,0,47.0,Home,고척 스카이돔,18:30,25.5
최원태,2020,Kiwoom,2020-09-25,vs. SK,SP,,1.8,1.0,5,68,1,1,3,0,2,2,0,57.0,Home,고척 스카이돔,18:30,25.5
최원태,2020,Kiwoom,2020-08-16,@ Lotte,SP,,8.1,2.7,3 ⅓,65,3,3,5,0,2,4,1,35.0,Away,사직 야구장,17:00,31.2
최원태,2020,Kiwoom,2020-08-11,vs. Hanwha,SP,,5.4,1.0,5,76,5,3,2,1,3,3,0,47.0,Home,고척 스카이돔,18:30,25.5
최원태,2020,Kiwoom,2020-08-05,vs. KT,SP,W,2.57,1.0,7,90,3,2,7,1,3,0,0,56.0,Home,고척 스카이돔,18:30,25.5
최원태,2020,Kiwoom,2020-07-30,@ Doosan,SP,W,9.0,1.4,5,67,5,5,7,2,3,0,1,35.0,Away,잠실 야구장,18:30,28.3
최원태,2020,Kiwoom,2020-07-24,vs. Lotte,SP,L,12.0,2.67,3,72,4,4,5,0,3,3,0,33.0,Home,고척 스카이돔,18:30,25.5
최원태,2020,Kiwoom,2020-07-10,@ Kia,SP,,15.75,2.5,4,83,7,7,9,2,0,1,2,13.0,Away,광주 기아 챔피언스 필드,18:30,29.3
최원태,2020,Kiwoom,2020-07-04,@ KT,SP,,9.0,2.5,4,105,4,4,5,1,3,5,0,34.0,Away,수원 KT 위즈파크,18:00,26.2
최원태,2020,Kiwoom,2020-06-28,vs. Kia,SP,W,0.0,0.43,7,94,0,0,1,0,6,2,0,79.0,Home,고척 스카이돔,14:00,25.5
최원태,2020,Kiwoom,2020-06-23,@ LG,SP,W,3.0,1.83,6,96,2,2,9,0,4,2,0,48.0,Away,잠실 야구장,18:30,28.1
최원태,2020,Kiwoom,2020-06-17,vs. Lotte,SP,,4.05,1.5,6 ⅔,101,3,3,9,1,5,1,1,47.0,Home,고척 스카이돔,18:30,25.5
최원태,2020,Kiwoom,2020-06-11,@ Samsung,SP,L,10.8,1.2,5,76,6,6,6,3,2,0,2,31.0,Away,대구 삼성 라이온즈 파크,18:30,26.1
최원태,2020,Kiwoom,2020-06-05,vs. LG,SP,W,2.57,0.71,7,92,2,2,5,1,4,0,0,63.0,Home,고척 스카이돔,18:30,25.5
최원태,2020,Kiwoom,2020-05-30,vs. KT,SP,W,3.0,0.83,6,82,2,2,5,1,5,0,0,59.0,Home,고척 스카이돔,17:00,25.5
최원태,2020,Kiwoom,2020-05-24,@ Lotte,SP,L,1.5,0.83,6,70,1,1,5,0,3,0,0,61.0,Away,사직 야구장,14:00,21.7
최원태,2020,Kiwoom,2020-05-19,vs. SK,SP,,13.5,3.0,2 ⅔,69,5,4,4,0,2,4,0,30.0,Home,고척 스카이돔,18:30,25.5
최원태,2020,Kiwoom,2020-05-13,vs. Samsung,SP,L,2.45,0.55,7 ⅓,89,4,2,4,0,6,0,0,64.0,Home,고척 스카이돔,18:30,25.5
최원태,2020,Kiwoom,2020-05-07,@ Kia,SP,,3.6,2.2,5,98,2,2,9,0,4,2,0,43.0,Away,광주 기아 챔피언스 필드,18:30,22.5
육선엽,2024,Samsung,2024-09-28,vs. LG,RP,,18.0,4.0,1,28,2,2,3,0,1,1,0,,Home,대구 삼성 라이온즈 파크,17:00,26.8
육선엽,2024,Samsung,2024-09-23,@ Kia,RP,,9.0,2.5,2,33,2,2,3,0,1,2,0,,Away,광주 기아 챔피언스 필드,18:30,24.2
육선엽,2024,Samsung,2024-09-19,@ KT,RP,,0.0,1.0,2,34,0,0,1,0,2,1,0,,Away,수원 KT 위즈파크,18:30,32.1
육선엽,2024,Samsung,2024-09-17,@ Doosan,RP,,0.0,1.0,1,16,0,0,0,0,0,1,0,,Away,잠실 야구장,18:30,31.2
육선엽,2024,Samsung,2024-09-11,@ Hanwha,RP,,0.0,1.0,1,18,0,0,0,0,1,1,0,,Away,대전 한화생명 볼파크,18:30,29.2
육선엽,2024,Samsung,2024-09-06,@ Lotte,SP,,3.86,2.57,2 ⅓,66,1,1,2,0,1,4,1,45.0,Away,사직 야구장,18:30,29.1
육선엽,2024,Samsung,2024-08-08,vs. Hanwha,RP,,9.0,1.0,1,11,1,1,1,1,1,0,0,,Home,대구 삼성 라이온즈 파크,18:30,30.6
육선엽,2024,Samsung,2024-06-18,vs. SSG,RP,,0.0,1.0,2,33,0,0,0,0,1,2,1,,Home,대구 삼성 라이온즈 파크,18:30,26.3
육선엽,2024,Samsung,2024-05-10,@ NC,RP,,16.2,3.6,1 ⅔,50,3,3,4,1,2,2,0,,Away,창원 NC 파크,18:30,21.3
육선엽,2024,Samsung,2024-05-04,vs. Lotte,RP,,4.5,2.5,2,48,2,1,4,1,1,1,0,,Home,대구 삼성 라이온즈 파크,17:00,22.4
육선엽,2024,Samsung,2024-05-01,@ Doosan,RP,,0.0,3.0,1,18,0,0,1,0,0,2,0,,Away,잠실 야구장,18:30,23.1
최지광,2024,Samsung,2024-09-14,@ SSG,RP,L,27.0,3.0,0 ⅓,18,1,1,1,0,1,0,1,,Away,인천 SSG 랜더스필드,17:00,30.7
최지광,2024,Samsung,2024-09-08,vs. NC,RP,,0.0,1.0,1,18,0,0,1,0,3,0,0,,Home,대구 삼성 라이온즈 파크,14:00,33.6
최지광,2024,Samsung,2024-09-07,vs. NC,RP,,0.0,0.0,0 ⅓,2,0,0,0,0,0,0,0,,Home,대구 삼성 라이온즈 파크,17:00,30.8
최지광,2024,Samsung,2024-09-01,vs. Kia,RP,,0.0,,0,8,1,1,1,1,0,0,0,,Home,대구 삼성 라이온즈 파크,14:00,31.5
최지광,2024,Samsung,2024-08-31,vs. Kia,RP,,0.0,0.75,1 ⅓,14,0,0,1,0,0,0,0,,Home,대구 삼성 라이온즈 파크,18:00,29.1
최지광,2024,Samsung,2024-08-29,@ Kiwoom,RP,,0.0,0.0,2,17,0,0,0,0,3,0,0,,Away,고척 스카이돔,18:30,25.5
최지광,2024,Samsung,2024-08-28,@ Kiwoom,RP,,0.0,1.0,1,18,0,0,0,0,2,1,0,,Away,고척 스카이돔,18:30,25.5
최지광,2024,Samsung,2024-08-23,vs. Lotte,RP,W,0.0,1.8,1 ⅔,29,0,0,1,0,0,2,0,,Home,대구 삼성 라이온즈 파크,18:30,31.8
최지광,2024,Samsung,2024-08-20,vs. Doosan,RP,H,0.0,1.0,1,21,0,0,0,0,2,1,0,,Home,대구 삼성 라이온즈 파크,18:30,31.4
최지광,2024,Samsung,2024-08-18,@ NC,RP,H,0.0,0.0,1,9,0,0,0,0,1,0,0,,Away,창원 NC 파크,17:00,31.7
최지광,2024,Samsung,2024-08-17,@ NC,RP,W,0.0,2.0,1,17,0,0,0,0,0,2,0,,Away,창원 NC 파크,18:00,31.1
최지광,2024,Samsung,2024-08-15,vs. KT,RP,L,9.0,1.0,1,13,1,1,1,0,2,0,0,,Home,대구 삼성 라이온즈 파크,18:30,31.4
최지광,2024,Samsung,2024-08-14,vs. KT,RP,H,0.0,3.0,0 ⅓,10,0,0,0,0,0,1,0,,Home,대구 삼성 라이온즈 파크,18:30,31.9
최지광,2024,Samsung,2024-08-11,@ Kia,RP,,0.0,2.0,1,28,0,0,1,0,1,1,0,,Away,광주 기아 챔피언스 필드,17:00,32.2
최지광,2024,Samsung,2024-08-09,@ Kia,RP,H,9.0,2.0,1,26,1,1,1,0,0,1,1,,Away,광주 기아 챔피언스 필드,18:30,30.0
최지광,2024,Samsung,2024-08-07,vs. Hanwha,RP,H,0.0,2.0,1,19,0,0,0,0,1,2,0,,Home,대구 삼성 라이온즈 파크,18:30,32.7
최지광,2024,Samsung,2024-08-06,vs. Hanwha,RP,,0.0,1.5,0 ⅔,16,0,0,0,0,1,1,0,,Home,대구 삼성 라이온즈 파크,18:30,31.2
최지광,2024,Samsung,2024-08-04,vs. SSG,RP,,0.0,0.0,1,21,0,0,0,0,2,0,0,,Home,대구 삼성 라이온즈 파크,17:00,32.8
최지광,2024,Samsung,2024-07-28,vs. KT,RP,,0.0,1.5,0 ⅔,9,0,0,1,0,0,0,0,,Home,대구 삼성 라이온즈 파크,17:00,33.1
최지광,2024,Samsung,2024-07-27,vs. KT,RP,H,0.0,1.5,0 ⅔,18,0,0,1,0,1,0,0,,Home,대구 삼성 라이온즈 파크,18:00,31.3
최지광,2024,Samsung,2024-07-24,@ Hanwha,RP,,0.0,0.0,0 ⅓,4,0,0,0,0,0,0,0,,Away,대전 한화생명 볼파크,18:30,32.6
최지광,2024,Samsung,2024-07-23,@ Hanwha,RP,,0.0,0.0,0 ⅓,3,0,0,0,0,0,0,0,,Away,대전 한화생명 볼파크,18:30,29.7
최지광,2024,Samsung,2024-07-21,vs. Lotte,RP,,0.0,0.75,1 ⅓,20,0,0,1,0,1,0,0,,Home,대구 삼성 라이온즈 파크,17:00,31.6
최지광,2024,Samsung,2024-07-18,@ Kia,RP,,0.0,0.0,0 ⅔,9,0,0,0,0,1,0,0,,Away,광주 기아 챔피언스 필드,18:30,29.2
최지광,2024,Samsung,2024-07-13,@ Doosan,RP,,3.86,0.43,2 ⅓,28,1,1,1,0,1,0,0,,Away,잠실 야구장,18:00,31.5
최지광,2024,Samsung,2024-07-12,@ Doosan,RP,H,0.0,2.0,1,19,0,0,1,0,2,1,0,,Away,잠실 야구장,18:30,30.5
최지광,2024,Samsung,2024-07-03,vs. Kia,RP,,6.75,3.0,1 ⅓,30,1,1,3,0,1,1,0,,Home,대구 삼성 라이온즈 파크,18:30,28.2
최지광,2024,Samsung,2024-06-30,@ KT,RP,,0.0,0.0,2 ⅓,34,0,0,0,0,4,0,0,,Away,수원 KT 위즈파크,17:00,26.3
최지광,2024,Samsung,2024-06-23,vs. Doosan,RP,,6.75,1.5,1 ⅓,30,1,1,1,0,3,1,0,,Home,대구 삼성 라이온즈 파크,17:00,26.5
최지광,2024,Samsung,2024-06-21,vs. Doosan,RP,,0.0,0.0,0 ⅔,12,0,0,0,0,2,0,1,,Home,대구 삼성 라이온즈 파크,18:30,26.4
최지광,2024,Samsung,2024-06-19,vs. SSG,RP,,0.0,3.0,1,33,0,0,2,0,0,1,0,,Home,대구 삼성 라이온즈 파크,18:30,26.6
최지광,2024,Samsung,2024-06-13,vs. LG,RP,,13.5,3.0,0 ⅔,22,1,1,0,0,0,2,1,,Home,대구 삼성 라이온즈 파크,18:30,27.1
최지광,2024,Samsung,2024-06-12,vs. LG,RP,W,0.0,0.0,2 ⅓,28,0,0,0,0,1,0,0,,Home,대구 삼성 라이온즈 파크,18:30,25.3
최지광,2024,Samsung,2024-06-06,@ SSG,RP,,0.0,1.8,1 ⅔,41,0,0,1,0,1,2,0,,Away,인천 SSG 랜더스필드,18:30,23.5
최지광,2024,Samsung,2024-06-05,@ SSG,RP,,9.0,3.0,1,30,1,1,2,0,1,1,0,,Away,인천 SSG 랜더스필드,18:30,22.6
최지광,2023,Samsung,2023-10-15,@ NC,RP,,0.0,0.0,0 ⅓,4,0,0,0,0,1,0,0,,Away,창원 NC 파크,14:00,22.2
최지광,2023,Samsung,2023-10-09,@ Kia,RP,,27.0,3.0,0 ⅓,5,1,1,1,0,0,0,0,,Away,광주 기아 챔피언스 필드,18:30,20.3
최지광,2023,Samsung,2023-10-04,vs. Hanwha,RP,,0.0,1.0,1,18,0,0,1,0,1,0,0,,Home,대구 삼성 라이온즈 파크,18:30,22.8
최지광,2023,Samsung,2023-10-02,@ Lotte,RP,W,0.0,0.0,1,12,0,0,0,0,0,0,0,,Away,사직 야구장,18:30,21.3
최지광,2023,Samsung,2023-10-01,@ Lotte,RP,,18.0,2.0,1,20,2,2,1,0,0,1,0,,Away,사직 야구장,14:00,25.3
최지광,2023,Samsung,2023-09-28,@ LG,RP,,0.0,0.0,1,26,0,0,0,0,3,0,1,,Away,잠실 야구장,18:30,25.3
최지광,2023,Samsung,2023-09-27,@ Hanwha,RP,,0.0,0.0,0 ⅔,9,0,0,0,0,0,0,0,,Away,대전 한화생명 볼파크,18:30,24.2
최지광,2023,Samsung,2023-09-19,@ KT,RP,,0.0,3.0,0 ⅓,6,0,0,1,0,0,0,0,,Away,수원 KT 위즈파크,18:30,26.6
최지광,2023,Samsung,2023-09-17,vs. Lotte,RP,,13.5,4.5,0 ⅔,16,1,1,3,1,0,0,0,,Home,대구 삼성 라이온즈 파크,14:00,27.2
최지광,2023,Samsung,2023-09-12,vs. Kia,RP,,0.0,,0,11,1,1,2,1,0,1,0,,Home,대구 삼성 라이온즈 파크,18:30,28.7
최지광,2023,Samsung,2023-09-09,@ Doosan,RP,,0.0,0.0,1 ⅔,25,0,0,0,0,3,0,0,,Away,잠실 야구장,17:00,30.1
최지광,2023,Samsung,2023-07-28,@ Kiwoom,RP,,0.0,6.0,0 ⅓,20,0,0,0,0,1,2,0,,Away,고척 스카이돔,18:30,25.5
최지광,2023,Samsung,2023-07-27,vs. SSG,RP,W,0.0,2.0,1,18,0,0,1,0,0,1,0,,Home,대구 삼성 라이온즈 파크,18:30,30.6
최지광,2023,Samsung,2023-07-25,vs. SSG,RP,,27.0,9.0,0 ⅓,21,1,1,2,1,1,1,0,,Home,대구 삼성 라이온즈 파크,18:30,29.8
최지광,2023,Samsung,2023-07-22,vs. KT,RP,H,0.0,0.0,1,8,0,0,0,0,1,0,0,,Home,대구 삼성 라이온즈 파크,18:00,27.1
최지광,2023,Samsung,2023-07-21,vs. KT,RP,,6.75,0.75,1 ⅓,18,1,1,1,1,2,0,0,,Home,대구 삼성 라이온즈 파크,18:30,27.6
최지광,2023,Samsung,2023-07-09,@ NC,RP,,0.0,0.0,1,10,0,0,0,0,2,0,0,,Away,창원 NC 파크,17:00,28.6
최지광,2023,Samsung,2023-07-06,vs. Doosan,RP,,0.0,0.0,1,14,0,0,0,0,1,0,0,,Home,대구 삼성 라이온즈 파크,18:30,26.6
최지광,2023,Samsung,2023-06-23,@ SSG,RP,,6.75,1.5,1 ⅓,19,1,1,2,0,1,0,0,,Away,인천 SSG 랜더스필드,18:30,27.6
최지광,2023,Samsung,2023-06-22,vs. Kiwoom,RP,,0.0,3.0,0 ⅓,12,0,0,1,0,0,0,0,,Home,대구 삼성 라이온즈 파크,18:30,25.6
최지광,2023,Samsung,2023-06-20,vs. Kiwoom,RP,,0.0,1.0,1,18,0,0,0,0,1,1,0,,Home,대구 삼성 라이온즈 파크,18:30,23.7
최지광,2023,Samsung,2023-06-16,@ KT,RP,,27.0,4.5,0 ⅔,22,2,2,1,0,0,2,0,,Away,수원 KT 위즈파크,18:30,26.4
최지광,2021,Samsung,2021-10-24,vs. SSG,RP,,0.0,0.0,1,12,0,0,0,0,1,0,0,,Home,대구 삼성 라이온즈 파크,14:00,20.1
최지광,2021,Samsung,2021-10-19,vs. Doosan,RP,,0.0,1.0,1,16,0,0,1,0,2,0,0,,Home,대구 삼성 라이온즈 파크,18:30,14.9
최지광,2021,Samsung,2021-10-16,vs. Kiwoom,RP,W,9.0,2.0,1,18,1,1,2,0,1,0,0,,Home,대구 삼성 라이온즈 파크,17:00,14.8
최지광,2021,Samsung,2021-10-13,@ Kia,RP,H,0.0,3.0,0 ⅓,5,0,0,1,0,0,0,0,,Away,광주 기아 챔피언스 필드,18:30,21.9
최지광,2021,Samsung,2021-10-08,@ NC,RP,,9.0,3.0,1,26,1,1,2,0,0,1,0,,Away,창원 NC 파크,18:30,23.4
최지광,2021,Samsung,2021-10-06,@ Kiwoom,RP,,0.0,0.0,1,9,0,0,0,0,1,0,0,,Away,고척 스카이돔,18:30,25.5
최지광,2021,Samsung,2021-10-03,@ Doosan,RP,,0.0,1.5,0 ⅔,15,0,0,1,0,2,0,0,,Away,잠실 야구장,14:00,28.6
최지광,2021,Samsung,2021-10-02,@ Doosan,RP,,18.0,3.0,1,22,2,2,3,1,0,0,0,,Away,잠실 야구장,17:00,25.2
최지광,2021,Samsung,2021-09-30,vs. Hanwha,RP,,0.0,,0,5,0,0,0,0,0,1,0,,Home,대구 삼성 라이온즈 파크,18:30,24.9
최지광,2021,Samsung,2021-09-26,vs. NC,RP,W,0.0,0.0,1,11,0,0,0,0,2,0,0,,Home,대구 삼성 라이온즈 파크,14:00,25.1
최지광,2021,Samsung,2021-09-25,vs. NC,RP,H,0.0,1.5,0 ⅔,11,0,0,1,0,0,0,0,,Home,대구 삼성 라이온즈 파크,17:00,24.3
최지광,2021,Samsung,2021-08-28,@ KT,RP,W,0.0,1.0,1,14,0,0,0,0,0,1,0,,Away,수원 KT 위즈파크,18:00,27.0
최지광,2021,Samsung,2021-08-27,@ LG,RP,,0.0,2.0,1,22,0,0,1,0,1,1,0,,Away,잠실 야구장,18:30,24.0
최지광,2021,Samsung,2021-08-24,vs. SSG,RP,,54.0,3.0,0 ⅓,15,2,2,0,0,0,1,1,,Home,대구 삼성 라이온즈 파크,18:30,29.5
최지광,2021,Samsung,2021-08-20,vs. SSG,RP,H,0.0,0.0,1,11,0,0,0,0,0,0,0,,Home,대구 삼성 라이온즈 파크,18:30,29.0
최지광,2021,Samsung,2021-08-18,@ Hanwha,RP,,9.0,2.0,1,14,1,1,2,0,0,0,0,,Away,대전 한화생명 볼파크,18:30,27.8
최지광,2021,Samsung,2021-08-15,@ KT,RP,,13.5,3.0,0 ⅔,13,1,1,2,1,1,0,0,,Away,수원 KT 위즈파크,17:00,30.4
최지광,2021,Samsung,2021-08-13,@ KT,RP,,0.0,2.0,1,18,0,0,2,0,0,0,0,,Away,수원 KT 위즈파크,18:30,29.8
최지광,2021,Samsung,2021-07-09,vs. Lotte,RP,,27.0,3.0,0 ⅓,4,1,1,1,1,0,0,0,,Home,대구 삼성 라이온즈 파크,18:30,28.5
최지광,2021,Samsung,2021-07-08,vs. KT,RP,,0.0,2.0,1,21,0,0,1,0,2,1,0,,Home,대구 삼성 라이온즈 파크,18:30,25.3
최지광,2021,Samsung,2021-07-01,@ SSG,RP,W,0.0,1.0,1,18,0,0,0,0,2,1,0,,Away,인천 SSG 랜더스필드,18:30,28.6
최지광,2021,Samsung,2021-06-30,@ SSG,RP,,3.86,0.86,2 ⅓,32,1,1,1,0,1,1,1,,Away,인천 SSG 랜더스필드,18:30,27.5
최지광,2021,Samsung,2021-06-29,@ SSG,RP,,0.0,,0,13,4,4,3,0,0,1,0,,Away,인천 SSG 랜더스필드,18:30,26.2
최지광,2021,Samsung,2021-06-26,vs. LG,RP,H,0.0,1.0,1,14,0,0,1,0,2,0,0,,Home,대구 삼성 라이온즈 파크,17:00,26.6
최지광,2021,Samsung,2021-06-26,vs. LG,RP,L,0.0,1.0,1,14,1,0,1,0,0,0,0,,Home,대구 삼성 라이온즈 파크,17:00,26.6
최지광,2021,Samsung,2021-06-24,vs. Hanwha,RP,H,13.5,1.5,0 ⅔,12,1,1,1,0,1,0,0,,Home,대구 삼성 라이온즈 파크,18:30,24.0
최지광,2021,Samsung,2021-06-22,vs. Hanwha,RP,,0.0,0.0,1,11,0,0,0,0,1,0,0,,Home,대구 삼성 라이온즈 파크,18:30,23.0
최지광,2021,Samsung,2021-06-15,@ Doosan,RP,,0.0,4.5,0 ⅔,26,1,0,1,0,0,2,0,,Away,잠실 야구장,18:30,26.4
최지광,2021,Samsung,2021-06-13,vs. NC,RP,,27.0,3.0,0 ⅔,19,2,2,0,0,0,2,0,,Home,대구 삼성 라이온즈 파크,17:00,27.2
최지광,2021,Samsung,2021-06-11,vs. NC,RP,H,0.0,1.5,0 ⅔,13,0,0,0,0,1,1,0,,Home,대구 삼성 라이온즈 파크,18:30,23.9
최지광,2021,Samsung,2021-06-10,vs. Kia,RP,H,0.0,1.5,0 ⅔,15,0,0,1,0,1,0,0,,Home,대구 삼성 라이온즈 파크,18:30,24.6
최지광,2021,Samsung,2021-06-08,vs. Kia,RP,H,0.0,3.0,0 ⅔,20,0,0,0,0,1,2,0,,Home,대구 삼성 라이온즈 파크,18:30,24.4
최지광,2021,Samsung,2021-06-06,@ Kiwoom,RP,H,0.0,1.5,0 ⅔,13,0,0,0,0,1,1,0,,Away,고척 스카이돔,14:00,25.5
최지광,2021,Samsung,2021-06-04,@ Kiwoom,RP,,0.0,1.0,1,10,0,0,0,0,1,1,0,,Away,고척 스카이돔,18:30,25.5
최지광,2021,Samsung,2021-06-02,@ SSG,RP,W,0.0,1.0,1,15,0,0,0,0,0,1,0,,Away,인천 SSG 랜더스필드,18:30,24.2
최지광,2021,Samsung,2021-05-30,vs. Doosan,RP,,0.0,0.0,0 ⅔,9,0,0,0,0,2,0,0,,Home,대구 삼성 라이온즈 파크,14:00,23.5
최지광,2021,Samsung,2021-05-29,vs. Doosan,RP,,0.0,0.0,1,10,0,0,0,0,0,0,0,,Home,대구 삼성 라이온즈 파크,17:00,22.0
최지광,2021,Samsung,2021-05-27,@ NC,RP,,0.0,1.0,1,16,0,0,1,0,1,0,0,,Away,창원 NC 파크,18:30,21.0
최지광,2021,Samsung,2021-05-26,@ NC,RP,,0.0,1.0,1,10,0,0,1,0,1,0,0,,Away,창원 NC 파크,18:30,19.3
최지광,2021,Samsung,2021-05-23,vs. Kia,RP,W,0.0,1.0,1,18,0,0,0,0,1,1,0,,Home,대구 삼성 라이온즈 파크,14:00,23.5
최지광,2021,Samsung,2021-05-22,vs. Kia,RP,,0.0,0.0,1,10,0,0,0,0,1,0,0,,Home,대구 삼성 라이온즈 파크,17:00,20.9
최지광,2021,Samsung,2021-05-18,vs. Kiwoom,RP,,18.0,4.0,1,24,2,2,3,1,1,1,0,,Home,대구 삼성 라이온즈 파크,18:30,17.2
최지광,2021,Samsung,2021-05-17,@ LG,RP,W,0.0,1.0,1,13,0,0,0,0,1,1,0,,Away,잠실 야구장,18:30,16.5
최지광,2021,Samsung,2021-05-12,@ KT,RP,H,9.0,2.0,1,19,1,1,2,1,1,0,0,,Away,수원 KT 위즈파크,18:30,26.3
최지광,2021,Samsung,2021-05-11,@ KT,RP,,0.0,1.2,1 ⅔,29,0,0,2,0,3,0,0,,Away,수원 KT 위즈파크,18:30,22.8
최지광,2021,Samsung,2021-05-08,vs. Lotte,RP,,0.0,,0,12,3,3,3,0,0,0,0,,Home,대구 삼성 라이온즈 파크,17:00,18.1
최지광,2021,Samsung,2021-05-06,@ Hanwha,RP,,0.0,1.0,1,19,0,0,0,0,2,1,0,,Away,대전 한화생명 볼파크,18:30,21.7
최지광,2021,Samsung,2021-05-05,@ Hanwha,RP,,27.0,9.0,0 ⅓,12,1,1,1,0,0,2,0,,Away,대전 한화생명 볼파크,14:00,20.2
최지광,2021,Samsung,2021-05-02,vs. LG,RP,,13.5,3.0,0 ⅔,9,1,1,2,0,0,0,0,,Home,대구 삼성 라이온즈 파크,14:00,14.1
최지광,2021,Samsung,2021-04-30,vs. LG,RP,H,0.0,1.0,1,15,0,0,1,0,1,0,0,,Home,대구 삼성 라이온즈 파크,18:30,18.3
최지광,2021,Samsung,2021-04-28,vs. NC,RP,,0.0,1.0,1,19,0,0,1,0,2,0,0,,Home,대구 삼성 라이온즈 파크,18:30,17.2
최지광,2021,Samsung,2021-04-24,@ Kia,RP,,0.0,1.0,1,17,0,0,1,0,1,0,0,,Away,광주 기아 챔피언스 필드,17:00,21.9
최지광,2021,Samsung,2021-04-22,vs. SSG,RP,H,54.0,6.0,0 ⅓,16,2,2,1,0,0,1,0,,Home,대구 삼성 라이온즈 파크,18:30,19.4
최지광,2021,Samsung,2021-04-17,@ Lotte,RP,,0.0,1.0,1,10,0,0,1,0,1,0,0,,Away,사직 야구장,17:00,17.0
최지광,2021,Samsung,2021-04-13,vs. Hanwha,RP,,13.5,1.5,0 ⅔,13,1,1,1,0,0,0,0,,Home,대구 삼성 라이온즈 파크,18:30,19.0
최지광,2021,Samsung,2021-04-11,vs. KT,RP,H,0.0,2.0,1,17,0,0,1,0,1,1,0,,Home,대구 삼성 라이온즈 파크,14:00,18.4
최지광,2021,Samsung,2021-04-10,vs. KT,RP,H,0.0,0.0,0 ⅔,5,0,0,0,0,1,0,0,,Home,대구 삼성 라이온즈 파크,17:00,13.6
최지광,2021,Samsung,2021-04-08,@ Doosan,RP,,0.0,1.5,0 ⅔,13,0,0,1,0,1,0,0,,Away,잠실 야구장,18:30,16.8
최지광,2021,Samsung,2021-04-06,@ Doosan,RP,,0.0,0.0,1 ⅔,20,0,0,0,0,2,0,0,,Away,잠실 야구장,18:30,17.4
최지광,2021,Samsung,2021-04-04,@ Kiwoom,RP,,0.0,1.0,1,11,0,0,1,0,0,0,0,,Away,고척 스카이돔,14:00,25.5
최지광,2020,Samsung,2020-09-18,vs. Kia,RP,L,81.0,9.0,0 ⅓,21,3,3,2,0,0,1,0,,Home,대구 삼성 라이온즈 파크,18:30,21.9
최지광,2020,Samsung,2020-09-15,@ KT,RP,,0.0,1.0,1,24,0,0,1,0,0,0,0,,Away,수원 KT 위즈파크,18:30,25.9
최지광,2020,Samsung,2020-09-10,@ Lotte,RP,,54.0,7.5,0 ⅔,24,4,4,4,0,1,1,0,,Away,사직 야구장,18:30,26.7
최지광,2020,Samsung,2020-09-08,vs. Hanwha,RP,,0.0,0.0,0 ⅔,8,0,0,0,0,0,0,0,,Home,대구 삼성 라이온즈 파크,18:30,26.9
최지광,2020,Samsung,2020-09-06,vs. NC,RP,,0.0,0.0,1,8,0,0,0,0,1,0,0,,Home,대구 삼성 라이온즈 파크,14:00,23.8
최지광,2020,Samsung,2020-09-03,vs. Doosan,RP,,0.0,1.0,1,13,0,0,0,0,0,1,0,,Home,대구 삼성 라이온즈 파크,18:30,27.9
최지광,2020,Samsung,2020-08-29,@ Kiwoom,RP,,0.0,0.0,0 ⅓,1,0,0,0,0,0,0,0,,Away,고척 스카이돔,18:00,25.5
최지광,2020,Samsung,2020-08-26,vs. LG,RP,L,36.0,5.0,1,22,4,4,4,2,0,1,0,,Home,대구 삼성 라이온즈 파크,18:30,30.9
최지광,2020,Samsung,2020-08-25,vs. LG,RP,H,0.0,0.0,1,8,0,0,0,0,1,0,0,,Home,대구 삼성 라이온즈 파크,18:30,31.8
최지광,2020,Samsung,2020-08-21,@ SK,RP,L,27.0,4.0,1,19,3,3,3,0,0,1,0,,Away,인천 SSG 랜더스필드,18:30,29.2
최지광,2020,Samsung,2020-08-20,@ SK,RP,,0.0,0.0,1,16,0,0,0,0,2,0,0,,Away,인천 SSG 랜더스필드,18:30,29.0
최지광,2020,Samsung,2020-08-18,vs. KT,RP,H,0.0,3.0,0 ⅓,14,0,0,0,0,0,1,0,,Home,대구 삼성 라이온즈 파크,18:30,30.7
최지광,2020,Samsung,2020-08-16,@ Hanwha,RP,,0.0,0.0,1,9,0,0,0,0,2,0,0,,Away,대전 한화생명 볼파크,17:00,32.9
최지광,2020,Samsung,2020-08-13,vs. Doosan,RP,H,0.0,3.0,0 ⅔,12,0,0,0,0,1,2,0,,Home,대구 삼성 라이온즈 파크,18:30,30.5
최지광,2020,Samsung,2020-08-07,@ SK,RP,H,0.0,1.5,0 ⅔,14,0,0,0,0,1,1,0,,Away,인천 SSG 랜더스필드,18:30,26.2
최지광,2020,Samsung,2020-08-05,@ Doosan,RP,,0.0,0.0,1,11,0,0,0,0,1,0,0,,Away,잠실 야구장,18:30,30.0
최지광,2020,Samsung,2020-08-04,@ Doosan,RP,H,0.0,1.0,1,12,0,0,0,0,1,1,0,,Away,잠실 야구장,18:30,30.3
최지광,2020,Samsung,2020-08-02,vs. Kiwoom,RP,,0.0,2.0,1,13,0,0,1,0,1,1,0,,Home,대구 삼성 라이온즈 파크,17:00,29.6
최지광,2020,Samsung,2020-08-01,vs. Kiwoom,RP,,27.0,1.5,0 ⅔,16,2,2,0,0,0,1,1,,Home,대구 삼성 라이온즈 파크,18:00,29.0
최지광,2020,Samsung,2020-07-30,vs. Hanwha,RP,,0.0,1.0,1,20,0,0,0,0,2,1,0,,Home,대구 삼성 라이온즈 파크,18:30,26.0
최지광,2020,Samsung,2020-07-26,@ Kia,RP,,0.0,,0,9,1,1,1,0,0,1,1,,Away,광주 기아 챔피언스 필드,17:00,28.0
최지광,2020,Samsung,2020-07-25,@ Kia,RP,,9.0,2.0,1,18,1,1,1,0,0,1,0,,Away,광주 기아 챔피언스 필드,18:00,27.0
최지광,2020,Samsung,2020-07-21,@ NC,RP,,0.0,0.0,1,9,0,0,0,0,2,0,0,,Away,창원 NC 파크,18:30,28.4
최지광,2020,Samsung,2020-07-18,vs. Lotte,RP,H,0.0,2.0,1,24,0,0,1,0,1,1,0,,Home,대구 삼성 라이온즈 파크,18:00,25.0
최지광,2020,Samsung,2020-07-17,vs. Lotte,RP,,0.0,3.0,0 ⅓,6,0,0,1,0,0,0,0,,Home,대구 삼성 라이온즈 파크,18:30,24.7
최지광,2020,Samsung,2020-07-15,vs. Kia,RP,,13.5,3.0,0 ⅔,30,1,1,2,0,1,0,1,,Home,대구 삼성 라이온즈 파크,18:30,21.7
최지광,2020,Samsung,2020-07-14,vs. Kia,RP,,0.0,0.0,1,14,0,0,0,0,1,0,0,,Home,대구 삼성 라이온즈 파크,18:30,22.4
최지광,2020,Samsung,2020-07-11,@ KT,RP,,0.0,2.0,1,19,0,0,1,0,0,1,0,,Away,수원 KT 위즈파크,18:00,29.0
최지광,2020,Samsung,2020-07-09,@ Kiwoom,RP,,0.0,3.0,1,18,0,0,1,0,0,2,0,,Away,고척 스카이돔,18:30,25.5
최지광,2020,Samsung,2020-06-26,@ Lotte,RP,,40.5,4.5,0 ⅔,12,3,3,2,0,0,1,0,,Away,사직 야구장,18:30,25.7
최지광,2020,Samsung,2020-06-24,vs. Hanwha,RP,,0.0,0.0,1,10,0,0,0,0,1,0,0,,Home,대구 삼성 라이온즈 파크,18:30,25.2
최지광,2020,Samsung,2020-06-23,vs. Hanwha,RP,,0.0,0.0,0 ⅔,9,0,0,0,0,1,0,0,,Home,대구 삼성 라이온즈 파크,18:30,26.9
최지광,2020,Samsung,2020-06-19,@ Kia,RP,,0.0,1.0,1,25,0,0,0,0,1,1,0,,Away,광주 기아 챔피언스 필드,18:30,26.8
최지광,2020,Samsung,2020-06-17,@ Doosan,RP,H,0.0,1.5,1 ⅓,22,0,0,2,0,1,0,0,,Away,잠실 야구장,18:30,25.7
최지광,2020,Samsung,2020-06-16,@ Doosan,RP,W,0.0,1.0,1,11,0,0,0,0,1,1,0,,Away,잠실 야구장,18:30,27.8
최지광,2020,Samsung,2020-06-13,vs. KT,RP,H,0.0,3.0,0 ⅓,7,0,0,0,0,0,1,0,,Home,대구 삼성 라이온즈 파크,17:00,25.0
최지광,2020,Samsung,2020-06-11,vs. Kiwoom,RP,H,0.0,0.0,1,15,0,0,0,0,3,0,0,,Home,대구 삼성 라이온즈 파크,18:30,26.1
최지광,2020,Samsung,2020-06-10,vs. Kiwoom,RP,H,0.0,0.0,1,15,0,0,0,0,0,0,0,,Home,대구 삼성 라이온즈 파크,18:30,26.0
최지광,2020,Samsung,2020-06-07,@ SK,RP,H,0.0,1.0,1,17,0,0,1,0,3,0,0,,Away,인천 SSG 랜더스필드,17:00,23.7
최지광,2020,Samsung,2020-06-05,@ SK,RP,,18.0,3.0,1,22,2,2,1,0,2,2,0,,Away,인천 SSG 랜더스필드,18:30,24.5
최지광,2020,Samsung,2020-06-02,@ LG,RP,H,0.0,0.0,1,13,0,0,0,0,2,0,0,,Away,잠실 야구장,18:30,21.0
최지광,2020,Samsung,2020-05-29,vs. NC,RP,,0.0,1.0,1,19,0,0,0,0,1,1,0,,Home,대구 삼성 라이온즈 파크,18:30,21.5
최지광,2020,Samsung,2020-05-28,@ Lotte,RP,H,0.0,0.0,1,13,0,0,0,0,1,0,0,,Away,사직 야구장,18:30,21.1
최지광,2020,Samsung,2020-05-24,vs. Doosan,RP,,0.0,1.0,1,18,0,0,1,0,2,0,0,,Home,대구 삼성 라이온즈 파크,14:00,21.7
최지광,2020,Samsung,2020-05-20,vs. LG,RP,H,0.0,1.5,1 ⅓,26,0,0,1,0,3,1,0,,Home,대구 삼성 라이온즈 파크,18:30,15.1
최지광,2020,Samsung,2020-05-17,@ KT,RP,,0.0,0.0,1,14,0,0,0,0,0,0,0,,Away,수원 KT 위즈파크,14:00,22.8
최지광,2020,Samsung,2020-05-13,@ Kiwoom,RP,,0.0,1.0,1,20,0,0,0,0,3,1,0,,Away,고척 스카이돔,18:30,25.5
최지광,2020,Samsung,2020-05-12,@ Kiwoom,RP,,0.0,0.0,0 ⅔,6,0,0,0,0,0,0,0,,Away,고척 스카이돔,18:30,25.5
최지광,2020,Samsung,2020-05-09,vs. Kia,RP,H,0.0,1.0,1,14,0,0,1,0,0,0,0,,Home,대구 삼성 라이온즈 파크,17:00,17.2
최지광,2020,Samsung,2020-05-08,vs. Kia,RP,,0.0,3.0,1,19,0,0,2,0,1,1,0,,Home,대구 삼성 라이온즈 파크,18:30,19.3
최지광,2020,Samsung,2020-05-06,vs. NC,RP,,0.0,2.0,1,22,0,0,0,0,0,2,0,,Home,대구 삼성 라이온즈 파크,18:30,19.2
이상민,2024,Samsung,2024-09-28,vs. LG,RP,,0.0,0.0,1,13,0,0,0,0,1,0,0,,Home,대구 삼성 라이온즈 파크,17:00,26.8
이상민,2024,Samsung,2024-09-25,vs. Kiwoom,RP,H,0.0,3.0,0 ⅓,11,0,0,0,0,0,1,0,,Home,대구 삼성 라이온즈 파크,18:30,26.2
이상민,2024,Samsung,2024-09-18,@ KT,RP,W,0.0,3.0,0 ⅓,7,0,0,0,0,0,1,0,,Away,수원 KT 위즈파크,18:30,32.3
이상민,2024,Samsung,2024-09-17,@ Doosan,RP,,13.5,3.0,0 ⅔,7,1,1,2,0,0,0,0,,Away,잠실 야구장,18:30,31.2
이상민,2024,Samsung,2024-09-15,@ SSG,RP,,0.0,3.0,0 ⅔,14,0,0,2,0,0,0,0,,Away,인천 SSG 랜더스필드,14:00,32.0
이상민,2024,Samsung,2024-09-14,@ SSG,RP,,0.0,0.0,0 ⅓,5,0,0,0,0,0,0,0,,Away,인천 SSG 랜더스필드,17:00,30.7
이상민,2024,Samsung,2024-09-08,vs. NC,RP,,0.0,0.6,1 ⅔,11,0,0,1,0,0,0,0,,Home,대구 삼성 라이온즈 파크,14:00,33.6
이상민,2024,Samsung,2024-09-06,@ Lotte,RP,H,0.0,0.75,1 ⅓,9,0,0,1,0,0,0,0,,Away,사직 야구장,18:30,29.1
이상민,2024,Samsung,2024-09-04,vs. Doosan,RP,H,0.0,0.0,0 ⅓,3,0,0,0,0,0,0,0,,Home,대구 삼성 라이온즈 파크,18:30,28.5
이상민,2024,Samsung,2024-09-03,vs. Lotte,RP,H,0.0,0.0,0 ⅓,7,0,0,0,0,1,0,0,,Home,대구 삼성 라이온즈 파크,18:30,27.1
이상민,2024,Samsung,2024-08-31,vs. Kia,RP,H,27.0,2.0,1,22,3,3,2,2,1,0,1,,Home,대구 삼성 라이온즈 파크,18:00,29.1
이상민,2024,Samsung,2024-08-25,vs. Lotte,RP,,0.0,2.0,1,16,0,0,2,0,0,0,0,,Home,대구 삼성 라이온즈 파크,17:00,32.3
이상민,2024,Samsung,2024-08-23,vs. Lotte,RP,,0.0,3.0,0 ⅓,11,0,0,1,0,0,0,0,,Home,대구 삼성 라이온즈 파크,18:30,31.8
이상민,2024,Samsung,2024-08-20,vs. Doosan,RP,H,0.0,0.0,0 ⅓,6,0,0,0,0,0,0,0,,Home,대구 삼성 라이온즈 파크,18:30,31.4
이상민,2024,Samsung,2024-08-17,@ NC,RP,,0.0,0.0,1,25,0,0,0,0,2,0,1,,Away,창원 NC 파크,18:00,31.1
이상민,2024,Samsung,2024-08-13,vs. KT,RP,,0.0,0.0,1,8,0,0,0,0,0,0,0,,Home,대구 삼성 라이온즈 파크,18:30,31.7
이상민,2024,Samsung,2024-08-11,@ Kia,RP,W,0.0,0.0,0 ⅔,8,0,0,0,0,0,0,0,,Away,광주 기아 챔피언스 필드,17:00,32.2
이상민,2024,Samsung,2024-08-08,vs. Hanwha,RP,,0.0,3.0,0 ⅓,7,0,0,1,0,0,0,0,,Home,대구 삼성 라이온즈 파크,18:30,30.6
이상민,2024,Samsung,2024-08-06,vs. Hanwha,RP,,0.0,0.75,1 ⅓,15,0,0,1,0,1,0,0,,Home,대구 삼성 라이온즈 파크,18:30,31.2
이상민,2024,Samsung,2024-08-04,vs. SSG,RP,,0.0,1.0,1,11,0,0,1,0,1,0,0,,Home,대구 삼성 라이온즈 파크,17:00,32.8
이상민,2024,Samsung,2024-07-28,vs. KT,RP,,0.0,,0,3,2,2,2,0,0,0,0,,Home,대구 삼성 라이온즈 파크,17:00,33.1
이상민,2024,Samsung,2024-07-27,vs. KT,RP,H,0.0,0.0,0 ⅔,9,0,0,0,0,1,0,0,,Home,대구 삼성 라이온즈 파크,18:00,31.3
이상민,2024,Samsung,2024-07-26,vs. KT,RP,,0.0,0.0,0 ⅓,4,0,0,0,0,1,0,0,,Home,대구 삼성 라이온즈 파크,18:30,31.5
이상민,2024,Samsung,2024-07-20,vs. Lotte,RP,SV,0.0,1.67,3,29,0,0,4,0,0,1,0,,Home,대구 삼성 라이온즈 파크,18:00,30.2
이상민,2024,Samsung,2024-07-19,vs. Lotte,RP,,0.0,0.0,0 ⅓,4,0,0,0,0,0,0,0,,Home,대구 삼성 라이온즈 파크,18:30,28.3
이상민,2024,Samsung,2024-07-18,@ Kia,RP,L,13.5,3.0,1 ⅓,28,2,2,3,0,0,1,0,,Away,광주 기아 챔피언스 필드,18:30,29.2
이상민,2024,Samsung,2024-07-13,@ Doosan,RP,,0.0,,0,5,1,1,0,0,0,1,0,,Away,잠실 야구장,18:00,31.5
이상민,2024,Samsung,2024-07-11,vs. NC,RP,H,0.0,0.0,0 ⅓,3,0,0,0,0,0,0,0,,Home,대구 삼성 라이온즈 파크,18:30,25.6
이상민,2024,Samsung,2024-07-04,vs. Kia,RP,,0.0,0.0,0 ⅓,4,0,0,0,0,0,0,0,,Home,대구 삼성 라이온즈 파크,18:30,30.1
이상민,2024,Samsung,2024-07-03,vs. Kia,RP,,0.0,1.0,1,12,0,0,1,0,1,0,0,,Home,대구 삼성 라이온즈 파크,18:30,28.2
이상민,2024,Samsung,2024-06-25,@ LG,RP,,0.0,0.0,0 ⅔,4,0,0,0,0,0,0,0,,Away,잠실 야구장,18:30,25.5
이상민,2024,Samsung,2024-06-23,vs. Doosan,RP,,0.0,0.0,1,8,0,0,0,0,0,0,0,,Home,대구 삼성 라이온즈 파크,17:00,26.5
이상민,2024,Samsung,2024-06-21,vs. Doosan,RP,,0.0,0.0,1,8,0,0,0,0,0,0,0,,Home,대구 삼성 라이온즈 파크,18:30,26.4
이상민,2024,Samsung,2024-04-02,vs. Kiwoom,RP,,0.0,0.0,1,16,0,0,0,0,0,0,0,,Home,대구 삼성 라이온즈 파크,18:30,16.8
이상민,2024,Samsung,2024-03-30,vs. SSG,RP,,0.0,0.75,1 ⅓,19,0,0,1,0,2,0,0,,Home,대구 삼성 라이온즈 파크,17:00,15.6
이상민,2024,Samsung,2024-03-28,@ LG,RP,,21.6,3.6,1 ⅔,30,4,4,6,0,0,0,1,,Away,잠실 야구장,18:30,11.8
이상민,2024,Samsung,2024-03-27,@ LG,RP,,0.0,1.0,1,14,0,0,0,0,0,1,1,,Away,잠실 야구장,18:30,13.1
이상민,2023,Samsung,2023-10-09,@ Kia,RP,,0.0,3.0,0 ⅔,10,0,0,2,0,0,0,0,,Away,광주 기아 챔피언스 필드,18:30,20.3
이상민,2023,Samsung,2023-08-27,vs. Kiwoom,RP,,0.0,,0,10,3,3,3,0,0,0,0,,Home,대구 삼성 라이온즈 파크,17:00,30.3
이상민,2023,Samsung,2023-08-25,vs. Kiwoom,RP,,0.0,0.0,0 ⅓,6,0,0,0,0,0,0,0,,Home,대구 삼성 라이온즈 파크,18:30,29.6
이상민,2023,Samsung,2023-08-19,vs. Kia,RP,,0.0,1.5,0 ⅔,9,0,0,1,0,0,0,0,,Home,대구 삼성 라이온즈 파크,18:00,28.9
이상민,2023,Samsung,2023-08-16,vs. LG,RP,L,54.0,6.0,0 ⅓,7,2,2,2,0,0,0,0,,Home,대구 삼성 라이온즈 파크,18:30,27.6
이상민,2023,Samsung,2023-08-13,@ SSG,RP,,0.0,,0,4,0,0,1,0,0,0,0,,Away,인천 SSG 랜더스필드,17:00,30.3
이상민,2023,Samsung,2023-08-08,@ Doosan,RP,,0.0,2.0,1,19,0,0,1,0,0,1,0,,Away,잠실 야구장,18:30,34.9
이상민,2023,Samsung,2023-06-08,vs. NC,RP,,6.75,1.5,1 ⅓,27,1,1,2,0,2,0,0,,Home,대구 삼성 라이온즈 파크,18:30,24.1
이상민,2023,Samsung,2023-06-07,vs. NC,RP,,0.0,1.0,1,14,0,0,1,0,1,0,0,,Home,대구 삼성 라이온즈 파크,18:30,22.9
이상민,2023,Samsung,2023-06-04,@ Hanwha,RP,,0.0,0.0,1,17,0,0,0,0,1,0,0,,Away,대전 한화생명 볼파크,17:00,24.7
이상민,2023,Samsung,2023-06-03,@ Hanwha,RP,,0.0,1.0,1,11,0,0,1,0,0,0,0,,Away,대전 한화생명 볼파크,17:00,24.1
이상민,2023,Samsung,2023-05-13,vs. LG,RP,,0.0,,0,10,3,3,3,1,0,0,0,,Home,대구 삼성 라이온즈 파크,17:00,15.6
이상민,2023,Samsung,2023-05-10,@ Hanwha,RP,,0.0,1.0,1,20,0,0,0,0,2,1,0,,Away,대전 한화생명 볼파크,18:30,23.4
이상민,2023,Samsung,2023-05-02,vs. Kiwoom,RP,,0.0,1.0,1,12,0,0,1,0,1,0,0,,Home,대구 삼성 라이온즈 파크,18:30,17.6
이상민,2023,Samsung,2023-04-30,@ KT,RP,,0.0,3.0,0 ⅓,10,0,0,1,0,0,0,0,,Away,수원 KT 위즈파크,14:00,18.3
이상민,2023,Samsung,2023-04-28,@ KT,RP,,81.0,9.0,0 ⅓,16,3,3,2,0,0,1,0,,Away,수원 KT 위즈파크,18:30,18.1
이상민,2023,Samsung,2023-04-27,vs. Doosan,RP,W,9.0,1.0,1,17,1,1,1,1,2,0,0,,Home,대구 삼성 라이온즈 파크,18:30,16.8
이상민,2023,Samsung,2023-04-22,@ Kia,RP,,0.0,0.0,1,10,0,0,0,0,0,0,0,,Away,광주 기아 챔피언스 필드,17:00,21.2
이상민,2023,Samsung,2023-04-21,@ Kia,RP,,27.0,9.0,0 ⅓,14,1,1,3,0,0,0,0,,Away,광주 기아 챔피언스 필드,18:30,21.0
이상민,2023,Samsung,2023-04-19,@ Kiwoom,RP,W,0.0,0.0,1,15,0,0,0,0,2,0,0,,Away,고척 스카이돔,18:30,25.5
이상민,2023,Samsung,2023-04-15,vs. Lotte,RP,,18.0,4.0,1,14,2,2,4,0,0,0,0,,Home,대구 삼성 라이온즈 파크,17:00,15.8
이상민,2023,Samsung,2023-04-13,vs. SSG,RP,H,5.4,1.8,1 ⅔,30,1,1,3,0,3,0,0,,Home,대구 삼성 라이온즈 파크,18:30,16.9
이상민,2023,Samsung,2023-04-11,vs. SSG,RP,,0.0,0.0,2,25,0,0,0,0,3,0,0,,Home,대구 삼성 라이온즈 파크,18:30,17.6
이상민,2022,Samsung,2022-10-08,vs. SSG,RP,,13.5,1.5,0 ⅔,13,1,1,1,1,1,0,0,,Home,대구 삼성 라이온즈 파크,17:00,18.9
이상민,2022,Samsung,2022-10-07,@ Doosan,RP,H,0.0,0.0,0 ⅓,3,0,0,0,0,0,0,0,,Away,잠실 야구장,18:30,16.7
이상민,2022,Samsung,2022-10-05,@ KT,RP,,54.0,6.0,0 ⅓,11,2,2,2,2,1,0,0,,Away,수원 KT 위즈파크,18:30,17.3
이상민,2022,Samsung,2022-10-01,vs. Doosan,RP,,0.0,,0,8,2,2,2,0,0,0,0,,Home,대구 삼성 라이온즈 파크,17:00,25.6
이상민,2022,Samsung,2022-09-25,vs. Kia,RP,,0.0,1.5,0 ⅔,14,0,0,1,0,0,0,0,,Home,대구 삼성 라이온즈 파크,14:00,22.8
이상민,2022,Samsung,2022-09-23,vs. KT,RP,,0.0,0.0,1 ⅓,15,0,0,0,0,2,0,0,,Home,대구 삼성 라이온즈 파크,18:30,24.8
이상민,2022,Samsung,2022-09-22,vs. KT,RP,,0.0,2.0,1,24,0,0,1,0,1,1,0,,Home,대구 삼성 라이온즈 파크,18:30,23.4
이상민,2022,Samsung,2022-09-18,vs. Kia,RP,H,0.0,0.0,1,12,0,0,0,0,1,0,0,,Home,대구 삼성 라이온즈 파크,14:00,30.9
이상민,2022,Samsung,2022-09-17,vs. Kia,RP,,0.0,1.0,1,14,0,0,1,0,3,0,0,,Home,대구 삼성 라이온즈 파크,17:00,27.9
이상민,2022,Samsung,2022-09-16,vs. Doosan,RP,,9.0,3.0,1,23,1,1,2,0,0,1,0,,Home,대구 삼성 라이온즈 파크,18:30,29.0
이상민,2022,Samsung,2022-09-08,vs. Lotte,RP,,0.0,,0,9,0,0,1,0,0,0,0,,Home,대구 삼성 라이온즈 파크,18:30,25.2
이상민,2022,Samsung,2022-09-01,@ Kia,RP,H,0.0,0.0,0 ⅓,6,0,0,0,0,0,0,0,,Away,광주 기아 챔피언스 필드,18:30,27.1
이상민,2022,Samsung,2022-08-31,vs. SSG,RP,,27.0,3.0,0 ⅓,8,1,1,0,0,0,1,0,,Home,대구 삼성 라이온즈 파크,18:30,24.7
이상민,2022,Samsung,2022-08-27,vs. Hanwha,RP,,0.0,1.5,0 ⅔,12,0,0,1,0,1,0,0,,Home,대구 삼성 라이온즈 파크,18:00,26.6
이상민,2022,Samsung,2022-08-25,@ Lotte,RP,H,0.0,0.0,0 ⅔,13,0,0,0,0,1,0,0,,Away,사직 야구장,18:30,27.1
이상민,2022,Samsung,2022-08-23,@ SSG,RP,,27.0,3.0,0 ⅓,6,1,1,1,1,0,0,0,,Away,인천 SSG 랜더스필드,18:30,26.8
이상민,2022,Samsung,2022-08-19,@ Hanwha,RP,,0.0,3.0,0 ⅔,19,0,0,1,0,1,1,0,,Away,대전 한화생명 볼파크,18:30,30.7
이상민,2022,Samsung,2022-08-17,@ LG,RP,,0.0,1.5,2,43,1,0,2,0,0,1,0,,Away,잠실 야구장,18:30,29.3
이상민,2022,Samsung,2022-08-16,@ LG,RP,,0.0,0.0,0 ⅓,2,0,0,0,0,0,0,0,,Away,잠실 야구장,18:30,30.0
이상민,2022,Samsung,2022-08-14,@ KT,RP,,0.0,3.0,0 ⅓,10,0,0,0,0,0,1,0,,Away,수원 KT 위즈파크,17:00,29.8
이상민,2022,Samsung,2022-08-12,vs. Kia,RP,H,0.0,0.0,0 ⅔,4,0,0,0,0,0,0,0,,Home,대구 삼성 라이온즈 파크,18:30,29.9
이상민,2022,Samsung,2022-08-10,vs. Kia,RP,,0.0,0.0,1,23,0,0,0,0,1,0,1,,Home,대구 삼성 라이온즈 파크,18:30,30.1
이상민,2022,Samsung,2022-08-07,@ SSG,RP,,0.0,6.0,0 ⅓,11,0,0,1,0,0,1,0,,Away,인천 SSG 랜더스필드,17:00,31.0
이상민,2022,Samsung,2022-08-06,@ SSG,RP,,0.0,2.0,1,21,0,0,1,0,1,1,1,,Away,인천 SSG 랜더스필드,18:00,31.3
이상민,2022,Samsung,2022-08-05,@ SSG,RP,H,0.0,0.0,0 ⅓,4,0,0,0,0,0,0,0,,Away,인천 SSG 랜더스필드,18:30,31.2
이상민,2022,Samsung,2022-08-03,@ Doosan,RP,,27.0,3.0,0 ⅓,10,1,1,0,0,0,1,0,,Away,잠실 야구장,18:30,30.9
이상민,2022,Samsung,2022-07-31,vs. Lotte,RP,,0.0,1.0,1,15,0,0,0,0,0,1,0,,Home,대구 삼성 라이온즈 파크,17:00,29.8
이상민,2022,Samsung,2022-07-30,vs. Lotte,RP,,0.0,0.0,1,8,0,0,0,0,0,0,0,,Home,대구 삼성 라이온즈 파크,18:00,30.2
이상민,2022,Samsung,2022-07-26,vs. Hanwha,RP,,0.0,0.0,1,14,0,0,0,0,0,0,0,,Home,대구 삼성 라이온즈 파크,18:30,28.6
이상민,2022,Samsung,2022-07-23,@ Kiwoom,RP,,54.0,6.0,0 ⅓,6,2,2,2,1,0,0,0,,Away,고척 스카이돔,18:00,25.5
이상민,2022,Samsung,2022-07-22,@ Kiwoom,RP,,0.0,1.0,1,12,0,0,1,0,0,0,0,,Away,고척 스카이돔,18:30,25.5
이상민,2022,Samsung,2022-07-12,@ KT,RP,,0.0,,0,5,0,0,0,0,0,1,0,,Away,수원 KT 위즈파크,18:30,30.9
이상민,2022,Samsung,2022-07-10,vs. SSG,RP,,0.0,2.0,1,23,0,0,1,0,1,1,0,,Home,대구 삼성 라이온즈 파크,17:00,29.9
이상민,2022,Samsung,2022-07-09,vs. SSG,RP,,0.0,0.0,0 ⅓,5,0,0,0,0,1,0,0,,Home,대구 삼성 라이온즈 파크,18:00,30.1
이상민,2022,Samsung,2022-06-22,vs. Kiwoom,RP,,13.5,3.0,0 ⅔,19,1,1,1,0,2,1,0,,Home,대구 삼성 라이온즈 파크,18:30,27.4
이상민,2022,Samsung,2022-06-15,@ LG,RP,,0.0,,0,6,0,0,1,0,0,0,0,,Away,잠실 야구장,18:30,22.2
이상민,2022,Samsung,2022-06-14,@ LG,RP,,0.0,0.0,0 ⅓,10,0,0,0,0,0,0,1,,Away,잠실 야구장,18:30,22.4
이상민,2022,Samsung,2022-06-10,vs. NC,RP,,0.0,1.0,2,32,0,0,2,0,2,0,0,,Home,대구 삼성 라이온즈 파크,18:30,22.4
이상민,2022,Samsung,2022-06-02,@ Kiwoom,RP,,0.0,6.0,0 ⅓,15,0,0,1,0,0,1,0,,Away,고척 스카이돔,18:30,25.5
이상민,2022,Samsung,2022-06-01,@ Kiwoom,RP,H,0.0,3.0,0 ⅓,7,0,0,1,0,0,0,0,,Away,고척 스카이돔,18:30,25.5
이상민,2022,Samsung,2022-05-31,@ Kiwoom,RP,,0.0,0.0,0 ⅓,5,0,0,0,0,0,0,0,,Away,고척 스카이돔,18:30,25.5
이상민,2022,Samsung,2022-05-29,@ LG,RP,,0.0,0.0,1,14,0,0,0,0,1,0,0,,Away,잠실 야구장,14:00,28.1
이상민,2022,Samsung,2022-05-26,vs. Kia,RP,,0.0,1.0,1,17,0,0,0,0,1,1,0,,Home,대구 삼성 라이온즈 파크,18:30,20.9
이상민,2022,Samsung,2022-05-25,vs. Kia,RP,,0.0,0.0,0 ⅓,4,0,0,0,0,0,0,0,,Home,대구 삼성 라이온즈 파크,18:30,22.3
이상민,2022,Samsung,2022-05-24,vs. Kia,RP,H,0.0,3.0,0 ⅓,7,0,0,1,0,0,0,0,,Home,대구 삼성 라이온즈 파크,18:30,24.1
이상민,2022,Samsung,2022-05-22,vs. KT,RP,H,0.0,3.0,0 ⅓,9,0,0,1,0,1,0,0,,Home,대구 삼성 라이온즈 파크,14:00,24.6
이상민,2021,Samsung,2021-10-27,@ Kiwoom,RP,,0.0,3.0,0 ⅔,17,2,0,1,0,1,1,0,,Away,고척 스카이돔,18:30,25.5
이상민,2021,Samsung,2021-10-24,vs. SSG,RP,,0.0,0.0,0 ⅓,5,0,0,0,0,1,0,0,,Home,대구 삼성 라이온즈 파크,14:00,20.1
이상민,2021,Samsung,2021-10-17,vs. Kiwoom,RP,H,0.0,0.0,1,9,0,0,0,0,0,0,0,,Home,대구 삼성 라이온즈 파크,14:00,15.9
이상민,2021,Samsung,2021-10-16,vs. Kiwoom,RP,H,0.0,0.0,0 ⅓,6,0,0,0,0,1,0,0,,Home,대구 삼성 라이온즈 파크,17:00,14.8
이상민,2021,Samsung,2021-10-16,vs. Kiwoom,RP,W,0.0,0.0,1 ⅓,13,0,0,0,0,0,0,0,,Home,대구 삼성 라이온즈 파크,17:00,14.8
이상민,2021,Samsung,2021-10-14,@ Kia,RP,,0.0,0.0,0 ⅔,3,0,0,0,0,0,0,0,,Away,광주 기아 챔피언스 필드,18:30,23.0
이상민,2021,Samsung,2021-10-05,@ Kiwoom,RP,,18.0,3.0,1,34,2,2,2,0,1,1,0,,Away,고척 스카이돔,18:30,25.5
이상민,2021,Samsung,2021-10-03,@ Doosan,RP,,81.0,12.0,0 ⅓,22,3,3,3,0,1,1,0,,Away,잠실 야구장,14:00,28.6
이상민,2021,Samsung,2021-10-01,vs. Hanwha,RP,,0.0,1.0,1,12,0,0,1,0,1,0,0,,Home,대구 삼성 라이온즈 파크,18:30,23.1
이상민,2021,Samsung,2021-09-28,vs. SSG,RP,,0.0,2.0,1,20,0,0,1,0,1,1,0,,Home,대구 삼성 라이온즈 파크,18:30,25.0
이상민,2021,Samsung,2021-09-24,@ LG,RP,,0.0,1.5,1 ⅓,20,0,0,2,0,2,0,0,,Away,잠실 야구장,18:30,25.5
이상민,2021,Samsung,2021-09-22,@ Lotte,RP,,40.5,6.0,0 ⅔,21,3,3,3,0,0,1,0,,Away,사직 야구장,18:30,25.2
이상민,2021,Samsung,2021-09-19,@ SSG,RP,H,0.0,0.0,0 ⅓,6,0,0,0,0,0,0,0,,Away,인천 SSG 랜더스필드,14:00,26.2
이상민,2021,Samsung,2021-09-16,vs. Kia,RP,,6.75,4.5,1 ⅓,41,1,1,4,0,0,2,0,,Home,대구 삼성 라이온즈 파크,18:30,24.7
이상민,2021,Samsung,2021-09-14,vs. LG,RP,,0.0,0.0,1,13,0,0,0,0,0,0,0,,Home,대구 삼성 라이온즈 파크,18:30,24.4
이상민,2021,Samsung,2021-09-12,@ Hanwha,RP,,0.0,1.0,1,9,0,0,1,0,1,0,0,,Away,대전 한화생명 볼파크,14:00,28.7
이상민,2021,Samsung,2021-09-11,@ Hanwha,RP,,0.0,0.0,1,12,0,0,0,0,1,0,0,,Away,대전 한화생명 볼파크,17:00,29.5
이상민,2021,Samsung,2021-09-05,vs. Doosan,RP,L,13.5,1.5,0 ⅔,15,1,1,0,0,1,1,0,,Home,대구 삼성 라이온즈 파크,14:00,25.4
이상민,2021,Samsung,2021-09-01,vs. Kiwoom,RP,,0.0,0.0,0 ⅔,6,0,0,0,0,0,0,0,,Home,대구 삼성 라이온즈 파크,18:30,29.6
이상민,2021,Samsung,2021-08-29,@ KT,RP,,9.0,2.0,1,25,1,1,2,1,0,0,0,,Away,수원 KT 위즈파크,17:00,27.6
이상민,2021,Samsung,2021-08-26,@ LG,RP,,0.0,0.0,0 ⅓,3,0,0,0,0,0,0,0,,Away,잠실 야구장,18:30,29.5
이상민,2021,Samsung,2021-08-25,@ LG,RP,,0.0,1.0,1,17,0,0,0,0,0,1,0,,Away,잠실 야구장,18:30,27.9
이상민,2021,Samsung,2021-08-24,vs. SSG,RP,,0.0,0.0,1,4,0,0,0,0,0,0,0,,Home,대구 삼성 라이온즈 파크,18:30,29.5
이상민,2021,Samsung,2021-08-15,@ KT,RP,,0.0,,0,3,0,0,0,0,0,0,0,,Away,수원 KT 위즈파크,17:00,30.4
이상민,2021,Samsung,2021-08-14,@ KT,RP,,0.0,1.5,0 ⅔,13,0,0,0,0,1,1,0,,Away,수원 KT 위즈파크,18:00,29.1
이상민,2021,Samsung,2021-08-13,@ KT,RP,,0.0,1.5,0 ⅔,15,0,0,1,0,0,0,0,,Away,수원 KT 위즈파크,18:30,29.8
이상민,2021,Samsung,2021-07-11,vs. Lotte,RP,,0.0,2.0,1,16,0,0,1,0,1,1,0,,Home,대구 삼성 라이온즈 파크,17:00,29.8
이상민,2021,Samsung,2021-05-28,vs. Doosan,RP,,9.0,3.0,2,37,2,2,6,1,0,0,0,,Home,대구 삼성 라이온즈 파크,18:30,17.4
이상민,2021,Samsung,2021-05-22,vs. Kia,RP,,0.0,1.0,1,14,0,0,0,0,0,1,0,,Home,대구 삼성 라이온즈 파크,17:00,20.9
이상민,2021,Samsung,2021-05-19,vs. Kiwoom,RP,,0.0,6.0,0 ⅓,16,0,0,0,0,0,2,0,,Home,대구 삼성 라이온즈 파크,18:30,20.1
이상민,2020,Samsung,2020-10-21,@ KT,RP,L,27.0,6.0,0 ⅓,8,1,1,0,0,0,2,0,,Away,수원 KT 위즈파크,18:30,16.0
이상민,2020,Samsung,2020-10-13,vs. SK,RP,,27.0,6.0,0 ⅓,12,1,1,1,1,0,1,0,,Home,대구 삼성 라이온즈 파크,18:30,18.5
이상민,2020,Samsung,2020-10-08,@ LG,RP,,0.0,,0,8,0,0,1,0,0,1,0,,Away,잠실 야구장,18:30,20.2
이상민,2020,Samsung,2020-10-07,@ LG,RP,,0.0,1.0,1,13,0,0,1,0,2,0,0,,Away,잠실 야구장,18:30,19.7
이상민,2020,Samsung,2020-10-04,@ NC,RP,,9.0,1.0,1,11,1,1,1,1,1,0,0,,Away,창원 NC 파크,14:00,24.8
이상민,2020,Samsung,2020-10-03,@ NC,RP,,0.0,1.0,1,11,0,0,1,0,0,0,1,,Away,창원 NC 파크,17:00,23.2
이상민,2020,Samsung,2020-10-02,@ NC,RP,,0.0,1.5,0 ⅔,8,0,0,1,0,0,0,0,,Away,창원 NC 파크,18:30,21.8
이상민,2020,Samsung,2020-09-29,vs. KT,RP,,0.0,,0,12,0,0,1,0,0,1,0,,Home,대구 삼성 라이온즈 파크,18:30,21.5
이상민,2020,Samsung,2020-09-27,vs. SK,RP,,0.0,0.6,1 ⅔,32,0,0,1,0,3,0,0,,Home,대구 삼성 라이온즈 파크,14:00,23.4
이상민,2020,Samsung,2020-09-25,@ Doosan,RP,H,0.0,0.0,0 ⅓,3,0,0,0,0,0,0,0,,Away,잠실 야구장,18:30,22.5
이상민,2020,Samsung,2020-09-23,@ NC,RP,,0.0,1.0,1,13,0,0,0,0,1,1,0,,Away,창원 NC 파크,18:30,21.4
이상민,2020,Samsung,2020-09-19,vs. Kiwoom,RP,,27.0,6.0,0 ⅓,5,1,1,2,0,0,0,0,,Home,대구 삼성 라이온즈 파크,17:00,23.5
이상민,2020,Samsung,2020-09-17,vs. Kia,RP,,11.57,1.71,2 ⅓,50,3,3,4,2,2,0,0,,Home,대구 삼성 라이온즈 파크,18:30,22.6
이상민,2020,Samsung,2020-09-11,@ Lotte,SP,,4.5,2.0,2,46,1,1,2,0,2,2,0,48.0,Away,사직 야구장,18:30,25.1
이상민,2020,Samsung,2020-09-09,vs. Hanwha,RP,,0.0,2.0,1,17,0,0,1,0,1,1,0,,Home,대구 삼성 라이온즈 파크,18:30,26.0
이상민,2020,Samsung,2020-09-01,@ Kia,RP,,0.0,,0,8,2,2,0,0,0,2,0,,Away,광주 기아 챔피언스 필드,18:30,30.3
이상민,2020,Samsung,2020-08-26,vs. LG,RP,,0.0,0.0,1,9,0,0,0,0,1,0,0,,Home,대구 삼성 라이온즈 파크,18:30,30.9
김대우,2024,Samsung,2024-09-19,@ KT,RP,,0.0,,0,7,2,2,2,0,0,0,0,,Away,수원 KT 위즈파크,18:30,32.1
김대우,2024,Samsung,2024-09-17,@ Doosan,RP,,0.0,3.0,0 ⅓,7,0,0,1,0,0,0,0,,Away,잠실 야구장,18:30,31.2
김대우,2024,Samsung,2024-09-08,vs. NC,RP,,0.0,,0,2,0,0,1,0,0,0,0,,Home,대구 삼성 라이온즈 파크,14:00,33.6
김대우,2024,Samsung,2024-09-07,vs. NC,RP,,0.0,0.0,1 ⅔,11,0,0,0,0,1,0,0,,Home,대구 삼성 라이온즈 파크,17:00,30.8
김대우,2024,Samsung,2024-09-04,vs. Doosan,RP,H,0.0,0.0,0 ⅓,6,0,0,0,0,0,0,0,,Home,대구 삼성 라이온즈 파크,18:30,28.5
김대우,2024,Samsung,2024-08-31,vs. Kia,RP,,27.0,3.0,0 ⅔,20,2,2,1,0,0,1,0,,Home,대구 삼성 라이온즈 파크,18:00,29.1
김대우,2024,Samsung,2024-08-20,vs. Doosan,RP,H,0.0,0.0,0 ⅓,3,0,0,0,0,1,0,0,,Home,대구 삼성 라이온즈 파크,18:30,31.4
김대우,2024,Samsung,2024-08-17,@ NC,RP,,0.0,2.0,1,16,0,0,2,0,0,0,0,,Away,창원 NC 파크,18:00,31.1
김대우,2024,Samsung,2024-07-19,vs. Lotte,RP,,13.5,1.5,0 ⅔,15,1,1,1,1,1,0,1,,Home,대구 삼성 라이온즈 파크,18:30,28.3
김대우,2024,Samsung,2024-07-17,@ Kia,RP,,0.0,0.0,1,12,0,0,0,0,1,0,0,,Away,광주 기아 챔피언스 필드,18:30,30.1
김대우,2024,Samsung,2024-07-13,@ Doosan,RP,,0.0,1.5,0 ⅔,9,0,0,1,0,1,0,0,,Away,잠실 야구장,18:00,31.5
김대우,2024,Samsung,2024-06-30,@ KT,RP,,0.0,0.0,1,9,0,0,0,0,1,0,0,,Away,수원 KT 위즈파크,17:00,26.3
김대우,2024,Samsung,2024-06-18,vs. SSG,RP,,10.8,4.2,1 ⅔,38,2,2,4,0,1,3,1,,Home,대구 삼성 라이온즈 파크,18:30,26.3
김대우,2024,Samsung,2024-06-15,@ NC,RP,H,13.5,1.5,0 ⅔,12,1,1,1,1,1,0,0,,Away,창원 NC 파크,17:00,29.9
김대우,2024,Samsung,2024-06-14,@ NC,RP,H,0.0,0.0,0 ⅓,1,0,0,0,0,0,0,0,,Away,창원 NC 파크,18:30,27.5
김대우,2024,Samsung,2024-06-13,vs. LG,RP,H,0.0,3.0,0 ⅔,18,0,0,1,0,0,1,0,,Home,대구 삼성 라이온즈 파크,18:30,27.1
김대우,2024,Samsung,2024-06-08,@ Kiwoom,RP,,0.0,0.0,2,19,0,0,0,0,1,0,0,,Away,고척 스카이돔,17:00,25.5
김대우,2024,Samsung,2024-06-06,@ SSG,RP,,0.0,0.0,0 ⅓,4,0,0,0,0,0,0,0,,Away,인천 SSG 랜더스필드,18:30,23.5
김대우,2024,Samsung,2024-06-05,@ SSG,RP,,9.0,2.0,1,10,1,1,2,0,1,0,0,,Away,인천 SSG 랜더스필드,18:30,22.6
김대우,2024,Samsung,2024-05-31,vs. Hanwha,SP,,3.86,1.71,2 ⅓,37,4,1,4,0,2,0,0,41.0,Home,대구 삼성 라이온즈 파크,18:30,21.8
김대우,2024,Samsung,2024-05-23,vs. KT,RP,,0.0,0.86,2 ⅓,27,0,0,2,0,2,0,0,,Home,대구 삼성 라이온즈 파크,18:30,22.8
김대우,2024,Samsung,2024-05-21,vs. KT,RP,,0.0,0.0,0 ⅓,4,0,0,0,0,0,0,0,,Home,대구 삼성 라이온즈 파크,18:30,19.0
김대우,2024,Samsung,2024-05-19,vs. Hanwha,RP,,0.0,1.0,3,43,0,0,3,0,2,0,0,,Home,대구 삼성 라이온즈 파크,14:00,24.4
김대우,2024,Samsung,2024-05-10,@ NC,RP,,18.0,3.0,1,22,2,2,2,0,2,1,0,,Away,창원 NC 파크,18:30,21.3
김대우,2024,Samsung,2024-05-08,vs. Kia,RP,,0.0,0.0,0 ⅓,3,0,0,0,0,0,0,0,,Home,대구 삼성 라이온즈 파크,18:30,14.3
김대우,2024,Samsung,2024-05-01,@ Doosan,RP,,0.0,1.0,2,33,0,0,1,0,2,1,1,,Away,잠실 야구장,18:30,23.1
김대우,2024,Samsung,2024-04-28,@ Kiwoom,RP,,13.5,1.5,2,30,3,3,2,1,1,1,0,,Away,고척 스카이돔,14:00,25.5
김대우,2024,Samsung,2024-04-25,vs. LG,RP,,13.5,3.0,2,33,3,3,5,1,1,1,0,,Home,대구 삼성 라이온즈 파크,18:30,17.6
김대우,2024,Samsung,2024-04-24,vs. LG,RP,,0.0,0.0,1,15,0,0,0,0,0,0,0,,Home,대구 삼성 라이온즈 파크,18:30,18.6
김대우,2024,Samsung,2024-04-19,@ Hanwha,RP,,3.86,1.29,2 ⅓,40,1,1,3,0,0,0,0,,Away,대전 한화생명 볼파크,18:30,23.6
김대우,2024,Samsung,2024-04-14,vs. NC,RP,,0.0,0.0,1,12,0,0,0,0,1,0,0,,Home,대구 삼성 라이온즈 파크,14:00,23.0
김대우,2024,Samsung,2024-03-24,@ KT,RP,,54.0,9.0,0 ⅓,11,2,2,3,0,0,0,0,,Away,수원 KT 위즈파크,14:00,20.8
김대우,2022,Samsung,2022-10-08,vs. SSG,RP,,0.0,0.0,1,13,0,0,0,0,1,0,0,,Home,대구 삼성 라이온즈 파크,17:00,18.9
김대우,2022,Samsung,2022-10-06,@ Doosan,RP,,9.0,3.0,1,12,1,1,3,0,1,0,0,,Away,잠실 야구장,18:30,17.1
김대우,2022,Samsung,2022-10-01,vs. Doosan,RP,W,0.0,0.0,1 ⅓,19,0,0,0,0,3,0,0,,Home,대구 삼성 라이온즈 파크,17:00,25.6
김대우,2022,Samsung,2022-09-30,vs. Doosan,RP,,0.0,1.0,1,15,0,0,1,0,0,0,0,,Home,대구 삼성 라이온즈 파크,18:30,24.4
김대우,2021,Samsung,2021-10-03,@ Doosan,RP,,9.0,2.5,2,35,2,2,5,0,0,0,0,,Away,잠실 야구장,14:00,28.6
김대우,2021,Samsung,2021-10-02,@ Doosan,RP,,0.0,1.0,1,22,0,0,1,0,1,0,0,,Away,잠실 야구장,17:00,25.2
김대우,2021,Samsung,2021-09-24,@ LG,RP,,0.0,1.0,1,12,0,0,1,0,0,0,0,,Away,잠실 야구장,18:30,25.5
김대우,2021,Samsung,2021-09-22,@ Lotte,RP,,9.0,3.0,1,16,1,1,3,0,1,0,0,,Away,사직 야구장,18:30,25.2
김대우,2021,Samsung,2021-09-16,vs. Kia,RP,,0.0,1.5,0 ⅔,5,1,0,1,0,0,0,0,,Home,대구 삼성 라이온즈 파크,18:30,24.7
김대우,2021,Samsung,2021-09-12,@ Hanwha,SP,,18.0,3.0,2,50,4,4,5,1,2,1,1,30.0,Away,대전 한화생명 볼파크,14:00,28.7
김대우,2021,Samsung,2021-09-08,vs. Lotte,RP,,0.0,1.0,1,14,0,0,1,0,1,0,0,,Home,대구 삼성 라이온즈 파크,18:30,26.4
김대우,2021,Samsung,2021-09-04,vs. Doosan,RP,,0.0,1.5,0 ⅔,8,0,0,1,0,0,0,0,,Home,대구 삼성 라이온즈 파크,17:00,25.6
김대우,2021,Samsung,2021-08-31,vs. Kiwoom,RP,H,0.0,0.0,0 ⅓,5,0,0,0,0,0,0,0,,Home,대구 삼성 라이온즈 파크,18:30,28.4
김대우,2021,Samsung,2021-08-29,@ KT,RP,,0.0,0.0,1,13,0,0,0,0,2,0,0,,Away,수원 KT 위즈파크,17:00,27.6
김대우,2021,Samsung,2021-08-24,vs. SSG,RP,,0.0,,0,2,0,0,1,0,0,0,0,,Home,대구 삼성 라이온즈 파크,18:30,29.5
김대우,2021,Samsung,2021-08-14,@ KT,RP,,27.0,4.5,0 ⅔,13,2,2,3,0,0,0,0,,Away,수원 KT 위즈파크,18:00,29.1
김대우,2021,Samsung,2021-07-11,vs. Lotte,RP,,0.0,0.0,0 ⅓,2,0,0,0,0,0,0,0,,Home,대구 삼성 라이온즈 파크,17:00,29.8
김대우,2021,Samsung,2021-07-09,vs. Lotte,RP,,0.0,0.0,1,12,0,0,0,0,1,0,0,,Home,대구 삼성 라이온즈 파크,18:30,28.5
김대우,2021,Samsung,2021-07-01,@ SSG,SP,,10.8,2.4,5,90,7,6,9,0,2,3,1,21.0,Away,인천 SSG 랜더스필드,18:30,28.6
김대우,2021,Samsung,2021-06-15,@ Doosan,SP,,3.0,1.33,3,49,1,1,4,0,2,0,0,49.0,Away,잠실 야구장,18:30,26.4
김대우,2021,Samsung,2021-06-09,vs. Kia,SP,L,7.2,1.0,5,84,4,4,3,2,2,2,0,45.0,Home,대구 삼성 라이온즈 파크,18:30,24.2
김대우,2021,Samsung,2021-06-02,@ SSG,RP,,0.0,2.0,2,33,1,0,2,0,0,2,0,,Away,인천 SSG 랜더스필드,18:30,24.2
김대우,2021,Samsung,2021-05-28,vs. Doosan,RP,,3.0,1.0,3,43,1,1,3,1,2,0,0,,Home,대구 삼성 라이온즈 파크,18:30,17.4
김대우,2021,Samsung,2021-05-23,vs. Kia,RP,,10.8,1.8,1 ⅔,35,2,2,2,0,1,1,0,,Home,대구 삼성 라이온즈 파크,14:00,23.5
김대우,2021,Samsung,2021-05-19,vs. Kiwoom,RP,,6.0,1.33,3,45,2,2,4,1,1,0,0,,Home,대구 삼성 라이온즈 파크,18:30,20.1
김대우,2021,Samsung,2021-05-18,vs. Kiwoom,RP,,27.0,3.0,0 ⅓,15,1,1,0,0,0,1,0,,Home,대구 삼성 라이온즈 파크,18:30,17.2
김대우,2021,Samsung,2021-05-11,@ KT,SP,,9.0,2.0,4,76,4,4,7,1,5,1,0,36.0,Away,수원 KT 위즈파크,18:30,22.8
김대우,2021,Samsung,2021-05-06,@ Hanwha,RP,L,13.5,4.5,0 ⅔,14,1,1,2,0,1,1,0,,Away,대전 한화생명 볼파크,18:30,21.7
김대우,2021,Samsung,2021-04-29,vs. NC,RP,,0.0,,0,14,3,3,5,0,0,0,0,,Home,대구 삼성 라이온즈 파크,18:30,17.3
김대우,2021,Samsung,2021-04-25,@ Kia,RP,,0.0,1.13,2 ⅔,35,0,0,2,0,0,1,0,,Away,광주 기아 챔피언스 필드,14:00,25.7
김대우,2021,Samsung,2021-04-23,@ Kia,RP,,0.0,1.0,1,13,0,0,0,0,0,1,0,,Away,광주 기아 챔피언스 필드,18:30,23.4
김대우,2021,Samsung,2021-04-20,vs. SSG,RP,,10.8,1.2,1 ⅔,14,2,2,2,1,1,0,0,,Home,대구 삼성 라이온즈 파크,18:30,19.7
김대우,2021,Samsung,2021-04-17,@ Lotte,RP,,0.0,1.0,1,20,0,0,1,0,1,0,0,,Away,사직 야구장,17:00,17.0
김대우,2021,Samsung,2021-04-14,vs. Hanwha,RP,,0.0,0.43,2 ⅓,26,0,0,0,0,1,1,0,,Home,대구 삼성 라이온즈 파크,18:30,13.2
김대우,2021,Samsung,2021-04-07,@ Doosan,RP,,0.0,0.0,2,24,0,0,0,0,0,0,0,,Away,잠실 야구장,18:30,17.5
김대우,2020,Samsung,2020-10-13,vs. SK,RP,L,9.0,2.0,1,27,1,1,2,1,0,0,0,,Home,대구 삼성 라이온즈 파크,18:30,18.5
김대우,2020,Samsung,2020-10-11,vs. Lotte,RP,,0.0,2.0,1,21,0,0,1,0,2,1,0,,Home,대구 삼성 라이온즈 파크,14:00,20.3
김대우,2020,Samsung,2020-10-03,@ NC,RP,,27.0,4.5,0 ⅔,18,2,2,1,0,0,2,0,,Away,창원 NC 파크,17:00,23.2
김대우,2020,Samsung,2020-09-23,@ NC,RP,,36.0,6.0,1,37,4,4,5,0,1,1,0,,Away,창원 NC 파크,18:30,21.4
김대우,2020,Samsung,2020-09-17,vs. Kia,SP,L,19.64,2.73,3 ⅔,71,8,8,9,1,3,1,0,13.0,Home,대구 삼성 라이온즈 파크,18:30,22.6
김대우,2020,Samsung,2020-09-10,@ Lotte,SP,,6.75,2.5,4,80,3,3,10,2,2,0,0,32.0,Away,사직 야구장,18:30,26.7
김대우,2020,Samsung,2020-08-27,@ Hanwha,SP,L,6.23,1.62,4 ⅓,80,3,3,6,0,1,1,0,39.0,Away,대전 한화생명 볼파크,18:30,33.1
김대우,2020,Samsung,2020-08-23,vs. Lotte,RP,,0.0,0.0,1,13,0,0,0,0,0,0,0,,Home,대구 삼성 라이온즈 파크,17:00,30.6
김대우,2020,Samsung,2020-08-21,@ SK,RP,,2.7,1.2,3 ⅓,35,1,1,3,0,1,1,1,,Away,인천 SSG 랜더스필드,18:30,29.2
김대우,2020,Samsung,2020-08-19,vs. KT,RP,,0.0,0.0,1,12,0,0,0,0,0,0,0,,Home,대구 삼성 라이온즈 파크,18:30,31.2
김대우,2020,Samsung,2020-08-11,vs. Doosan,RP,,0.0,1.5,1 ⅓,21,0,0,2,0,0,0,0,,Home,대구 삼성 라이온즈 파크,18:30,27.6
김대우,2020,Samsung,2020-08-05,@ Doosan,RP,,0.0,0.5,4,51,0,0,1,0,1,1,0,,Away,잠실 야구장,18:30,30.0
김대우,2020,Samsung,2020-07-29,vs. Hanwha,RP,L,0.0,3.0,2,49,4,0,6,0,2,0,1,,Home,대구 삼성 라이온즈 파크,18:30,26.9
김대우,2020,Samsung,2020-07-16,vs. Kia,RP,,0.0,0.53,5 ⅔,84,0,0,2,0,5,1,1,,Home,대구 삼성 라이온즈 파크,18:30,24.0
김대우,2020,Samsung,2020-07-10,@ KT,RP,,5.79,2.14,4 ⅔,72,3,3,8,0,2,2,0,,Away,수원 KT 위즈파크,18:30,29.4
김대우,2020,Samsung,2020-07-04,vs. LG,RP,W,4.5,1.0,2,28,1,1,1,1,3,1,0,,Home,대구 삼성 라이온즈 파크,18:00,22.2
김대우,2020,Samsung,2020-06-28,@ Lotte,SP,L,9.0,2.0,4,85,4,4,7,0,3,1,1,33.0,Away,사직 야구장,17:00,27.5
김대우,2020,Samsung,2020-06-23,vs. Hanwha,RP,,9.0,3.0,1,33,1,1,3,0,1,0,0,,Home,대구 삼성 라이온즈 파크,18:30,26.9
김대우,2020,Samsung,2020-06-17,@ Doosan,SP,W,3.0,1.0,6,85,2,2,5,1,1,1,0,54.0,Away,잠실 야구장,18:30,25.7
김대우,2020,Samsung,2020-06-11,vs. Kiwoom,SP,W,1.8,1.0,5,79,1,1,4,0,1,1,1,54.0,Home,대구 삼성 라이온즈 파크,18:30,26.1
김대우,2020,Samsung,2020-06-05,@ SK,SP,L,3.6,1.4,5,84,2,2,3,0,1,4,0,50.0,Away,인천 SSG 랜더스필드,18:30,24.5
김대우,2020,Samsung,2020-05-29,vs. NC,SP,,5.4,1.2,5,87,3,3,6,1,0,0,0,43.0,Home,대구 삼성 라이온즈 파크,18:30,21.5
김대우,2020,Samsung,2020-05-23,vs. Doosan,SP,L,4.5,1.5,4,64,2,2,5,2,4,1,1,46.0,Home,대구 삼성 라이온즈 파크,17:00,20.0
김대우,2020,Samsung,2020-05-19,vs. LG,RP,,0.0,1.0,1,14,0,0,1,0,0,0,0,,Home,대구 삼성 라이온즈 파크,18:30,17.3
김대우,2020,Samsung,2020-05-16,@ KT,RP,,6.75,1.88,2 ⅔,43,3,2,3,0,1,2,0,,Away,수원 KT 위즈파크,17:00,18.7
김대우,2020,Samsung,2020-05-10,vs. Kia,RP,,6.75,1.5,1 ⅓,32,1,1,1,0,1,1,0,,Home,대구 삼성 라이온즈 파크,14:00,19.1
김대우,2020,Samsung,2020-05-09,vs. Kia,RP,H,0.0,0.0,1,20,0,0,0,0,0,0,0,,Home,대구 삼성 라이온즈 파크,17:00,17.2
김대우,2020,Samsung,2020-05-07,vs. NC,RP,,0.0,3.0,1,21,0,0,0,0,1,3,0,,Home,대구 삼성 라이온즈 파크,18:30,18.1
원태인,2024,Samsung,2024-09-22,vs. Kiwoom,SP,W,1.5,1.0,6,100,1,1,5,0,5,1,0,62.0,Home,대구 삼성 라이온즈 파크,14:00,25.7
원태인,2024,Samsung,2024-09-15,@ SSG,SP,,11.25,2.5,4,72,5,5,9,1,2,1,1,24.0,Away,인천 SSG 랜더스필드,14:00,32.0
원태인,2024,Samsung,2024-09-08,vs. NC,SP,W,3.18,1.41,5 ⅔,111,2,2,6,0,7,2,0,54.0,Home,대구 삼성 라이온즈 파크,14:00,33.6
원태인,2024,Samsung,2024-09-01,vs. Kia,SP,,4.5,1.83,6,99,3,3,9,0,2,2,0,42.0,Home,대구 삼성 라이온즈 파크,14:00,31.5
원태인,2024,Samsung,2024-08-25,vs. Lotte,SP,W,9.0,1.4,5,92,5,5,7,3,1,0,0,34.0,Home,대구 삼성 라이온즈 파크,17:00,32.3
원태인,2024,Samsung,2024-08-20,vs. Doosan,SP,W,0.0,0.33,6,89,0,0,2,0,8,0,0,76.0,Home,대구 삼성 라이온즈 파크,18:30,31.4
원태인,2024,Samsung,2024-08-14,vs. KT,SP,W,1.17,0.52,7 ⅔,100,1,1,4,0,5,0,0,72.0,Home,대구 삼성 라이온즈 파크,18:30,31.9
원태인,2024,Samsung,2024-08-08,vs. Hanwha,SP,L,6.0,1.17,6,90,4,4,7,1,5,0,0,47.0,Home,대구 삼성 라이온즈 파크,18:30,30.6
원태인,2024,Samsung,2024-08-02,vs. SSG,SP,W,3.0,0.56,9,110,3,3,5,1,6,0,1,70.0,Home,대구 삼성 라이온즈 파크,18:30,32.5
원태인,2024,Samsung,2024-07-27,vs. KT,SP,W,1.35,0.9,6 ⅔,106,1,1,4,1,6,2,0,66.0,Home,대구 삼성 라이온즈 파크,18:00,31.3
원태인,2024,Samsung,2024-07-20,vs. Lotte,SP,W,6.0,1.5,6,105,4,4,7,1,2,2,0,42.0,Home,대구 삼성 라이온즈 파크,18:00,30.2
원태인,2024,Samsung,2024-07-13,@ Doosan,SP,L,54.0,6.0,0 ⅔,23,4,4,3,1,0,1,1,28.0,Away,잠실 야구장,18:00,31.5
원태인,2024,Samsung,2024-06-30,@ KT,SP,,3.6,2.0,5,109,2,2,5,1,7,5,0,51.0,Away,수원 KT 위즈파크,17:00,26.3
원태인,2024,Samsung,2024-06-25,@ LG,SP,L,6.0,1.33,6,104,4,4,7,1,5,1,0,46.0,Away,잠실 야구장,18:30,25.5
원태인,2024,Samsung,2024-06-19,vs. SSG,SP,W,1.5,1.33,6,109,2,1,5,0,3,3,0,56.0,Home,대구 삼성 라이온즈 파크,18:30,26.6
원태인,2024,Samsung,2024-06-07,@ Kiwoom,SP,,3.6,1.4,5,95,2,2,4,1,2,3,1,49.0,Away,고척 스카이돔,18:30,25.5
원태인,2024,Samsung,2024-06-01,vs. Hanwha,SP,W,4.5,1.33,6,92,4,3,6,1,1,2,0,45.0,Home,대구 삼성 라이온즈 파크,17:00,24.0
원태인,2024,Samsung,2024-05-26,@ Lotte,SP,L,7.94,1.94,5 ⅔,109,5,5,10,0,5,1,0,33.0,Away,사직 야구장,14:00,21.5
원태인,2024,Samsung,2024-05-21,vs. KT,SP,,5.4,1.6,5,100,3,3,7,0,5,1,1,44.0,Home,대구 삼성 라이온즈 파크,18:30,19.0
원태인,2024,Samsung,2024-05-14,@ SSG,SP,L,6.0,1.33,6,104,4,4,6,1,4,2,0,46.0,Away,인천 SSG 랜더스필드,18:30,19.2
원태인,2024,Samsung,2024-05-08,vs. Kia,SP,,0.0,0.83,6,98,0,0,2,0,5,3,0,70.0,Home,대구 삼성 라이온즈 파크,18:30,14.3
원태인,2024,Samsung,2024-05-02,@ Doosan,SP,W,0.0,0.83,6,92,1,0,3,0,2,2,0,64.0,Away,잠실 야구장,18:30,21.7
원태인,2024,Samsung,2024-04-26,@ Kiwoom,SP,W,0.0,0.43,7,100,0,0,2,0,8,1,1,79.0,Away,고척 스카이돔,18:30,25.5
원태인,2024,Samsung,2024-04-20,@ Hanwha,SP,W,0.0,0.67,6,102,0,0,2,0,7,2,0,73.0,Away,대전 한화생명 볼파크,17:00,14.4
원태인,2024,Samsung,2024-04-14,vs. NC,SP,W,3.38,1.31,5 ⅓,101,2,2,6,2,3,1,0,50.0,Home,대구 삼성 라이온즈 파크,14:00,23.0
원태인,2024,Samsung,2024-04-09,@ Lotte,SP,W,1.5,0.83,6,94,1,1,4,0,3,1,0,62.0,Away,사직 야구장,18:30,12.3
원태인,2024,Samsung,2024-04-02,vs. Kiwoom,SP,L,7.2,1.6,5,95,4,4,7,1,4,1,0,40.0,Home,대구 삼성 라이온즈 파크,18:30,16.8
원태인,2024,Samsung,2024-03-27,@ LG,SP,,1.8,1.6,5,92,1,1,6,0,6,2,1,54.0,Away,잠실 야구장,18:30,13.1
원태인,2023,Samsung,2023-10-15,@ NC,SP,L,5.4,1.6,5,110,3,3,7,1,2,1,1,41.0,Away,창원 NC 파크,14:00,22.2
원태인,2023,Samsung,2023-09-14,vs. KT,SP,W,4.5,1.17,6,101,4,3,6,1,6,1,1,50.0,Home,대구 삼성 라이온즈 파크,18:30,25.6
원태인,2023,Samsung,2023-09-07,@ Lotte,SP,,1.35,0.75,6 ⅔,112,1,1,5,0,4,0,1,63.0,Away,사직 야구장,18:30,26.6
원태인,2023,Samsung,2023-09-02,vs. NC,SP,,0.0,1.5,2,43,0,0,3,0,2,0,0,52.0,Home,대구 삼성 라이온즈 파크,17:00,26.4
원태인,2023,Samsung,2023-08-27,vs. Kiwoom,SP,W,0.0,0.86,7,92,0,0,6,0,5,0,0,70.0,Home,대구 삼성 라이온즈 파크,17:00,30.3
원태인,2023,Samsung,2023-08-20,vs. Kia,SP,,0.0,0.86,2 ⅓,33,0,0,2,0,1,0,0,54.0,Home,대구 삼성 라이온즈 파크,17:00,31.5
원태인,2023,Samsung,2023-08-15,vs. LG,SP,W,3.0,1.17,6,102,2,2,7,0,5,0,0,55.0,Home,대구 삼성 라이온즈 파크,18:30,30.0
원태인,2023,Samsung,2023-08-09,@ Doosan,SP,,4.5,1.0,6,100,3,3,5,2,4,1,1,52.0,Away,잠실 야구장,18:30,30.8
원태인,2023,Samsung,2023-08-03,vs. Kia,SP,L,10.8,2.8,5,105,6,6,11,0,1,3,0,23.0,Home,대구 삼성 라이온즈 파크,18:30,32.2
원태인,2023,Samsung,2023-07-28,@ Kiwoom,SP,,2.57,0.86,7,101,3,2,5,1,6,1,0,62.0,Away,고척 스카이돔,18:30,25.5
원태인,2023,Samsung,2023-07-22,vs. KT,SP,,2.84,1.11,6 ⅓,104,2,2,6,0,8,1,0,60.0,Home,대구 삼성 라이온즈 파크,18:00,27.1
원태인,2023,Samsung,2023-07-12,@ Kia,SP,L,1.42,1.26,6 ⅓,102,3,1,8,1,3,0,1,51.0,Away,광주 기아 챔피언스 필드,18:30,30.3
원태인,2023,Samsung,2023-07-02,vs. Hanwha,SP,W,1.5,1.0,6,109,1,1,4,0,6,2,0,64.0,Home,대구 삼성 라이온즈 파크,17:00,27.7
원태인,2023,Samsung,2023-06-27,@ Lotte,SP,,2.25,0.75,8,98,2,2,6,1,4,0,0,66.0,Away,사직 야구장,18:30,26.3
원태인,2023,Samsung,2023-06-21,vs. Kiwoom,SP,,0.0,1.14,7,103,0,0,6,0,2,2,0,65.0,Home,대구 삼성 라이온즈 파크,18:30,23.9
원태인,2023,Samsung,2023-06-09,vs. Lotte,SP,L,1.8,2.2,5,104,4,1,8,0,3,3,0,41.0,Home,대구 삼성 라이온즈 파크,18:30,23.9
원태인,2023,Samsung,2023-06-03,@ Hanwha,SP,,3.0,0.83,6,103,2,2,4,1,6,1,0,61.0,Away,대전 한화생명 볼파크,17:00,24.1
원태인,2023,Samsung,2023-05-28,vs. KT,SP,W,0.0,0.83,6,101,0,0,3,0,6,2,0,70.0,Home,대구 삼성 라이온즈 파크,14:00,20.6
원태인,2023,Samsung,2023-05-23,@ Doosan,SP,L,11.57,2.79,4 ⅔,102,6,6,13,0,4,0,0,18.0,Away,잠실 야구장,18:30,25.2
원태인,2023,Samsung,2023-05-16,vs. Kia,SP,,1.5,0.83,6,96,1,1,3,1,5,2,0,65.0,Home,대구 삼성 라이온즈 파크,18:30,20.9
원태인,2023,Samsung,2023-05-10,@ Hanwha,SP,L,4.5,1.17,6,94,3,3,5,2,4,2,0,52.0,Away,대전 한화생명 볼파크,18:30,23.4
원태인,2023,Samsung,2023-04-29,@ KT,SP,W,2.57,1.71,7,113,2,2,10,1,4,2,0,51.0,Away,수원 KT 위즈파크,17:00,11.7
원태인,2023,Samsung,2023-04-22,@ Kia,SP,L,7.5,1.33,6,100,5,5,6,1,4,2,0,42.0,Away,광주 기아 챔피언스 필드,17:00,21.2
원태인,2023,Samsung,2023-04-16,vs. Lotte,SP,W,1.35,1.35,6 ⅔,106,1,1,7,1,2,2,0,56.0,Home,대구 삼성 라이온즈 파크,14:00,18.0
원태인,2023,Samsung,2023-04-11,vs. SSG,SP,,7.2,1.8,5,83,4,4,7,1,2,2,1,36.0,Home,대구 삼성 라이온즈 파크,18:30,17.6
원태인,2023,Samsung,2023-04-04,vs. Hanwha,SP,,5.4,1.6,5,104,3,3,4,0,3,4,0,46.0,Home,대구 삼성 라이온즈 파크,18:30,16.5
원태인,2022,Samsung,2022-10-04,@ KT,SP,L,12.6,2.4,5,102,7,7,11,0,6,1,0,22.0,Away,수원 KT 위즈파크,18:30,18.0
원태인,2022,Samsung,2022-09-28,@ NC,SP,L,6.0,1.5,6,99,4,4,9,1,4,0,0,42.0,Away,창원 NC 파크,18:30,23.7
원태인,2022,Samsung,2022-09-20,@ Kiwoom,SP,W,1.29,0.71,7,99,1,1,4,1,7,1,0,71.0,Away,고척 스카이돔,18:30,25.5
원태인,2022,Samsung,2022-09-14,@ NC,SP,L,10.13,2.06,5 ⅓,96,6,6,9,2,4,2,0,28.0,Away,창원 NC 파크,18:30,26.3
원태인,2022,Samsung,2022-09-08,vs. Lotte,SP,,1.29,1.29,7,102,1,1,9,0,6,0,0,61.0,Home,대구 삼성 라이온즈 파크,18:30,25.2
원태인,2022,Samsung,2022-09-01,@ Kia,SP,W,0.0,0.57,7,97,0,0,3,0,3,1,0,73.0,Away,광주 기아 챔피언스 필드,18:30,27.1
원태인,2022,Samsung,2022-08-25,@ Lotte,SP,W,7.5,1.67,6,98,5,5,10,3,5,0,0,37.0,Away,사직 야구장,18:30,27.1
원태인,2022,Samsung,2022-08-18,@ Hanwha,SP,W,3.6,1.8,5,98,3,2,8,0,3,1,1,42.0,Away,대전 한화생명 볼파크,18:30,28.6
원태인,2022,Samsung,2022-08-12,vs. Kia,SP,W,7.2,2.2,5,96,4,4,10,0,3,1,0,33.0,Home,대구 삼성 라이온즈 파크,18:30,29.9
원태인,2022,Samsung,2022-08-04,@ Doosan,SP,W,0.0,0.57,7,100,0,0,3,0,6,1,0,76.0,Away,잠실 야구장,18:30,32.6
원태인,2022,Samsung,2022-07-28,vs. Hanwha,SP,,3.38,0.63,8,106,3,3,5,1,6,0,1,65.0,Home,대구 삼성 라이온즈 파크,18:30,30.7
원태인,2022,Samsung,2022-07-22,@ Kiwoom,SP,,1.93,1.07,4 ⅔,88,1,1,3,0,3,2,1,54.0,Away,고척 스카이돔,18:30,25.5
원태인,2022,Samsung,2022-07-12,@ KT,SP,,3.6,1.4,5,98,2,2,6,0,6,1,0,52.0,Away,수원 KT 위즈파크,18:30,30.9
원태인,2022,Samsung,2022-07-06,vs. LG,SP,,7.5,1.17,6,93,5,5,6,3,5,1,0,44.0,Home,대구 삼성 라이온즈 파크,18:30,30.6
원태인,2022,Samsung,2022-06-29,vs. KT,SP,W,1.5,0.5,6,85,1,1,3,1,9,0,0,71.0,Home,대구 삼성 라이온즈 파크,18:30,27.6
원태인,2022,Samsung,2022-06-23,vs. Kiwoom,SP,L,7.5,1.83,6,95,5,5,8,0,5,3,1,37.0,Home,대구 삼성 라이온즈 파크,18:30,26.3
원태인,2022,Samsung,2022-06-17,@ Kia,SP,L,5.14,1.14,7,96,4,4,5,2,2,3,0,50.0,Away,광주 기아 챔피언스 필드,18:30,28.0
원태인,2022,Samsung,2022-06-11,vs. NC,SP,,0.0,0.71,7,105,0,0,4,0,8,1,0,76.0,Home,대구 삼성 라이온즈 파크,17:00,26.0
원태인,2022,Samsung,2022-05-31,@ Kiwoom,SP,L,5.4,2.0,5,103,3,3,7,0,1,3,0,39.0,Away,고척 스카이돔,18:30,25.5
원태인,2022,Samsung,2022-05-25,vs. Kia,SP,L,12.46,2.54,4 ⅓,94,6,6,8,0,3,3,0,23.0,Home,대구 삼성 라이온즈 파크,18:30,22.3
원태인,2022,Samsung,2022-05-19,@ Hanwha,SP,,1.13,0.75,8,107,1,1,4,0,5,2,0,73.0,Away,대전 한화생명 볼파크,18:30,23.3
원태인,2022,Samsung,2022-05-12,vs. SSG,SP,W,2.57,1.0,7,102,2,2,6,1,5,1,0,61.0,Home,대구 삼성 라이온즈 파크,18:30,19.6
원태인,2022,Samsung,2022-05-06,@ Lotte,SP,W,0.0,0.75,8,104,0,0,6,0,4,0,0,74.0,Away,사직 야구장,18:30,20.8
원태인,2022,Samsung,2022-04-30,@ Kia,SP,,1.59,2.12,5 ⅔,106,3,1,10,0,7,2,0,46.0,Away,광주 기아 챔피언스 필드,17:00,16.1
원태인,2022,Samsung,2022-04-17,@ SSG,SP,L,9.0,2.6,5,101,5,5,7,0,2,6,0,29.0,Away,인천 SSG 랜더스필드,14:00,13.7
원태인,2022,Samsung,2022-04-12,vs. Hanwha,SP,W,0.0,0.71,7,102,0,0,3,0,8,2,0,77.0,Home,대구 삼성 라이온즈 파크,18:30,17.3
원태인,2022,Samsung,2022-04-05,@ Doosan,SP,,5.06,1.5,5 ⅓,97,3,3,8,1,4,0,0,44.0,Away,잠실 야구장,18:30,13.3
원태인,2021,Samsung,2021-10-22,vs. KT,SP,W,2.45,0.95,7 ⅓,93,2,2,7,1,5,0,0,61.0,Home,대구 삼성 라이온즈 파크,18:30,14.6
원태인,2021,Samsung,2021-10-14,@ Kia,SP,L,10.38,2.54,4 ⅓,92,5,5,9,0,2,2,2,23.0,Away,광주 기아 챔피언스 필드,18:30,23.0
원태인,2021,Samsung,2021-10-07,@ NC,SP,,2.57,0.86,7,108,2,2,4,0,6,2,0,65.0,Away,창원 NC 파크,18:30,23.5
원태인,2021,Samsung,2021-10-01,vs. Hanwha,SP,L,6.0,2.0,6,106,5,4,6,1,4,6,0,40.0,Home,대구 삼성 라이온즈 파크,18:30,23.1
원태인,2021,Samsung,2021-09-25,vs. NC,SP,W,0.0,1.17,6,99,0,0,3,0,4,4,1,65.0,Home,대구 삼성 라이온즈 파크,17:00,24.3
원태인,2021,Samsung,2021-09-19,@ SSG,SP,,4.5,1.83,6,85,3,3,8,0,1,3,0,42.0,Away,인천 SSG 랜더스필드,14:00,26.2
원태인,2021,Samsung,2021-09-14,vs. LG,SP,,5.4,1.8,5,92,3,3,9,1,4,0,1,40.0,Home,대구 삼성 라이온즈 파크,18:30,24.4
원태인,2021,Samsung,2021-09-08,vs. Lotte,SP,,5.06,0.94,5 ⅓,95,3,3,5,0,6,0,0,52.0,Home,대구 삼성 라이온즈 파크,18:30,26.4
원태인,2021,Samsung,2021-09-02,@ Kia,SP,W,1.29,0.86,7,94,1,1,5,0,6,1,0,68.0,Away,광주 기아 챔피언스 필드,18:30,24.6
원태인,2021,Samsung,2021-08-27,@ LG,SP,L,4.05,1.05,6 ⅔,97,3,3,6,0,8,1,0,57.0,Away,잠실 야구장,18:30,24.0
원태인,2021,Samsung,2021-08-20,vs. SSG,SP,W,3.0,1.17,6,104,2,2,7,0,7,0,0,57.0,Home,대구 삼성 라이온즈 파크,18:30,29.0
원태인,2021,Samsung,2021-07-10,vs. Lotte,SP,W,1.8,0.8,5,77,1,1,4,0,3,0,0,58.0,Home,대구 삼성 라이온즈 파크,18:00,28.6
원태인,2021,Samsung,2021-06-30,@ SSG,SP,,3.86,1.29,7,111,3,3,6,1,4,3,0,54.0,Away,인천 SSG 랜더스필드,18:30,27.5
원태인,2021,Samsung,2021-06-24,vs. Hanwha,SP,W,1.29,1.0,7,106,1,1,5,0,4,2,0,65.0,Home,대구 삼성 라이온즈 파크,18:30,24.0
원태인,2021,Samsung,2021-06-18,@ Lotte,SP,L,3.6,1.0,5,79,5,2,4,2,2,1,0,46.0,Away,사직 야구장,18:30,23.2
원태인,2021,Samsung,2021-06-12,vs. NC,SP,W,1.29,1.0,7,98,1,1,3,1,4,4,0,67.0,Home,대구 삼성 라이온즈 파크,17:00,24.6
원태인,2021,Samsung,2021-06-06,@ Kiwoom,SP,W,1.8,1.6,5,103,1,1,3,0,3,5,0,55.0,Away,고척 스카이돔,14:00,25.5
원태인,2021,Samsung,2021-05-27,@ NC,SP,L,8.44,2.25,5 ⅓,98,6,5,10,1,4,2,0,28.0,Away,창원 NC 파크,18:30,21.0
원태인,2021,Samsung,2021-05-19,vs. Kiwoom,SP,L,11.12,2.29,5 ⅔,108,7,7,10,3,5,3,0,23.0,Home,대구 삼성 라이온즈 파크,18:30,20.1
원태인,2021,Samsung,2021-05-13,@ KT,SP,W,0.0,1.29,7,106,0,0,5,0,8,4,0,71.0,Away,수원 KT 위즈파크,18:30,25.3
원태인,2021,Samsung,2021-05-07,vs. Lotte,SP,W,1.29,0.71,7,88,1,1,5,0,3,0,0,66.0,Home,대구 삼성 라이온즈 파크,18:30,18.8
원태인,2021,Samsung,2021-04-30,vs. LG,SP,W,0.0,0.86,7,103,0,0,5,0,4,1,0,70.0,Home,대구 삼성 라이온즈 파크,18:30,18.3
원태인,2021,Samsung,2021-04-24,@ Kia,SP,W,3.0,1.67,6,98,2,2,6,0,7,4,0,55.0,Away,광주 기아 챔피언스 필드,17:00,21.9
원태인,2021,Samsung,2021-04-18,@ Lotte,SP,W,0.0,0.57,7,102,0,0,3,0,10,1,1,79.0,Away,사직 야구장,14:00,16.2
원태인,2021,Samsung,2021-04-13,vs. Hanwha,SP,W,1.5,0.5,6,91,1,1,2,0,10,1,0,73.0,Home,대구 삼성 라이온즈 파크,18:30,19.0
원태인,2021,Samsung,2021-04-07,@ Doosan,SP,L,1.8,1.6,5,89,1,1,7,0,5,1,0,53.0,Away,잠실 야구장,18:30,17.5
원태인,2020,Samsung,2020-10-30,vs. NC,SP,,3.86,1.43,7,101,3,3,5,1,4,5,0,54.0,Home,대구 삼성 라이온즈 파크,18:30,14.4
원태인,2020,Samsung,2020-10-21,@ KT,SP,,1.29,1.14,7,123,1,1,5,1,1,3,0,61.0,Away,수원 KT 위즈파크,18:30,16.0
원태인,2020,Samsung,2020-10-15,vs. SK,SP,L,9.0,1.83,6,96,6,6,10,1,4,1,0,31.0,Home,대구 삼성 라이온즈 파크,18:30,17.9
원태인,2020,Samsung,2020-10-09,vs. Lotte,SP,,3.0,1.33,6,101,3,2,5,0,4,3,0,53.0,Home,대구 삼성 라이온즈 파크,18:30,19.2
원태인,2020,Samsung,2020-10-03,@ NC,SP,L,4.5,2.5,4,102,3,2,7,0,4,3,0,39.0,Away,창원 NC 파크,17:00,23.2
원태인,2020,Samsung,2020-09-27,vs. SK,SP,L,23.14,3.86,2 ⅓,58,6,6,7,2,1,2,0,18.0,Home,대구 삼성 라이온즈 파크,14:00,23.4
원태인,2020,Samsung,2020-09-22,@ NC,SP,,0.0,1.17,6,102,0,0,4,0,2,3,0,63.0,Away,창원 NC 파크,18:30,20.8
원태인,2020,Samsung,2020-09-16,@ KT,SP,L,9.0,2.0,5,94,5,5,10,0,4,0,0,31.0,Away,수원 KT 위즈파크,18:30,24.0
원태인,2020,Samsung,2020-09-09,vs. Hanwha,SP,L,16.2,2.4,3 ⅓,58,6,6,7,1,4,1,1,24.0,Home,대구 삼성 라이온즈 파크,18:30,26.0
원태인,2020,Samsung,2020-09-03,vs. Doosan,SP,,12.0,2.0,3,45,5,4,5,2,0,1,0,30.0,Home,대구 삼성 라이온즈 파크,18:30,27.9
원태인,2020,Samsung,2020-08-22,vs. Lotte,SP,L,7.94,1.41,5 ⅔,79,5,5,7,1,2,1,0,36.0,Home,대구 삼성 라이온즈 파크,18:00,28.5
원태인,2020,Samsung,2020-08-16,@ Hanwha,SP,L,3.86,0.86,7,100,3,3,2,0,2,4,1,58.0,Away,대전 한화생명 볼파크,17:00,32.9
원태인,2020,Samsung,2020-08-11,vs. Doosan,SP,L,9.0,2.0,4,90,4,4,5,1,2,3,0,35.0,Home,대구 삼성 라이온즈 파크,18:30,27.6
원태인,2020,Samsung,2020-08-04,@ Doosan,SP,W,3.38,1.5,5 ⅓,93,3,2,8,1,1,0,0,43.0,Away,잠실 야구장,18:30,30.3
원태인,2020,Samsung,2020-07-29,vs. Hanwha,SP,,18.0,5.0,2,66,7,4,9,1,3,1,0,18.0,Home,대구 삼성 라이온즈 파크,18:30,26.9
원태인,2020,Samsung,2020-07-08,@ Kiwoom,SP,,4.76,1.76,5 ⅔,101,3,3,6,1,4,4,1,44.0,Away,고척 스카이돔,18:30,25.5
원태인,2020,Samsung,2020-07-02,vs. SK,SP,W,3.0,1.33,6,97,2,2,7,0,3,1,0,52.0,Home,대구 삼성 라이온즈 파크,18:30,23.4
원태인,2020,Samsung,2020-06-26,@ Lotte,SP,,1.35,0.9,6 ⅔,90,1,1,5,1,3,1,0,62.0,Away,사직 야구장,18:30,25.7
원태인,2020,Samsung,2020-06-20,@ Kia,SP,L,10.8,2.2,5,100,6,6,6,2,1,5,0,27.0,Away,광주 기아 챔피언스 필드,17:00,28.0
원태인,2020,Samsung,2020-06-14,vs. KT,SP,W,0.0,1.5,6,91,0,0,8,0,5,1,0,60.0,Home,대구 삼성 라이온즈 파크,17:00,28.6
원태인,2020,Samsung,2020-06-09,vs. Kiwoom,SP,,4.5,2.5,4,92,2,2,5,0,3,5,0,42.0,Home,대구 삼성 라이온즈 파크,18:30,26.4
원태인,2020,Samsung,2020-06-02,@ LG,SP,W,0.0,0.71,7,94,0,0,5,0,3,0,0,70.0,Away,잠실 야구장,18:30,21.0
원태인,2020,Samsung,2020-05-27,@ Lotte,SP,W,0.0,0.5,8,101,1,0,4,0,6,0,0,78.0,Away,사직 야구장,18:30,19.6
원태인,2020,Samsung,2020-05-21,vs. LG,SP,L,2.57,1.14,7,98,2,2,6,1,6,2,0,61.0,Home,대구 삼성 라이온즈 파크,18:30,15.4
원태인,2020,Samsung,2020-05-15,@ KT,SP,,9.0,2.0,5,93,5,5,7,1,3,3,0,33.0,Away,수원 KT 위즈파크,18:30,15.9
원태인,2020,Samsung,2020-05-09,vs. Kia,SP,W,3.6,1.8,5,95,2,2,6,1,2,3,2,44.0,Home,대구 삼성 라이온즈 파크,17:00,17.2
원태인,2020,Samsung,2020-05-05,vs. NC,RP,,0.0,1.0,1,12,0,0,1,0,1,0,0,,Home,대구 삼성 라이온즈 파크,14:00,18.1
양현,2024,Samsung,2024-08-24,vs. Lotte,RP,,18.0,3.0,1,22,2,2,2,1,0,1,0,,Home,대구 삼성 라이온즈 파크,18:00,31.9
양현,2024,Samsung,2024-08-21,vs. Doosan,RP,,0.0,0.6,1 ⅔,23,0,0,1,0,1,0,0,,Home,대구 삼성 라이온즈 파크,18:30,31.9
양현,2024,Samsung,2024-07-03,vs. Kia,RP,,13.5,1.5,0 ⅔,15,1,1,1,0,0,0,0,,Home,대구 삼성 라이온즈 파크,18:30,28.2
양현,2024,Samsung,2024-06-30,@ KT,RP,,0.0,3.0,0 ⅓,9,0,0,0,0,0,1,0,,Away,수원 KT 위즈파크,17:00,26.3
양현,2024,Samsung,2024-06-25,@ LG,RP,,0.0,0.0,0 ⅓,3,0,0,0,0,0,0,0,,Away,잠실 야구장,18:30,25.5
양현,2024,Samsung,2024-06-23,vs. Doosan,RP,H,0.0,0.0,0 ⅓,2,0,0,0,0,0,0,0,,Home,대구 삼성 라이온즈 파크,17:00,26.5
양현,2024,Samsung,2024-06-18,vs. SSG,RP,,13.5,3.0,0 ⅔,17,1,1,2,1,2,0,0,,Home,대구 삼성 라이온즈 파크,18:30,26.3
양현,2024,Samsung,2024-06-15,@ NC,RP,L,0.0,,0,11,2,2,2,1,0,0,0,,Away,창원 NC 파크,17:00,29.9
양현,2024,Samsung,2024-06-13,vs. LG,RP,H,0.0,0.0,0 ⅓,2,0,0,0,0,0,0,0,,Home,대구 삼성 라이온즈 파크,18:30,27.1
양현,2024,Samsung,2024-06-12,vs. LG,RP,,0.0,1.0,1,15,0,0,1,0,1,0,0,,Home,대구 삼성 라이온즈 파크,18:30,25.3
양현,2024,Samsung,2024-04-18,vs. Doosan,RP,,0.0,,0,15,2,2,3,0,0,0,0,,Home,대구 삼성 라이온즈 파크,18:30,17.9
양현,2024,Samsung,2024-04-17,vs. Doosan,RP,,0.0,2.0,1,14,0,0,1,0,1,1,0,,Home,대구 삼성 라이온즈 파크,18:30,17.1
양현,2024,Samsung,2024-04-14,vs. NC,RP,,40.5,7.5,0 ⅔,24,3,3,4,1,0,1,0,,Home,대구 삼성 라이온즈 파크,14:00,23.0
양현,2024,Samsung,2024-04-09,@ Lotte,RP,,0.0,1.0,1,23,0,0,1,0,2,0,1,,Away,사직 야구장,18:30,12.3
양현,2024,Samsung,2024-04-07,@ Kia,RP,,0.0,,0,6,0,0,0,0,0,1,0,,Away,광주 기아 챔피언스 필드,14:00,24.5
양현,2024,Samsung,2024-04-05,@ Kia,RP,,0.0,0.0,0 ⅔,4,0,0,0,0,1,0,0,,Away,광주 기아 챔피언스 필드,18:30,16.5
양현,2024,Samsung,2024-03-31,vs. SSG,RP,,0.0,0.86,2 ⅓,25,0,0,2,0,1,0,0,,Home,대구 삼성 라이온즈 파크,14:00,15.1
양현,2024,Samsung,2024-03-29,vs. SSG,RP,,0.0,1.0,1,12,0,0,1,0,1,0,0,,Home,대구 삼성 라이온즈 파크,18:30,14.7
양현,2023,Kiwoom,2023-09-29,vs. Kia,RP,,13.5,4.5,0 ⅔,15,1,1,3,1,0,0,0,,Home,고척 스카이돔,18:30,25.5
양현,2023,Kiwoom,2023-09-10,vs. Hanwha,RP,,0.0,1.2,1 ⅔,21,0,0,2,0,0,0,0,,Home,고척 스카이돔,14:00,25.5
양현,2023,Kiwoom,2023-09-09,vs. Hanwha,RP,,0.0,0.0,2,16,0,0,0,0,0,0,0,,Home,고척 스카이돔,17:00,25.5
양현,2023,Kiwoom,2023-09-06,@ NC,RP,L,36.0,4.0,1,31,4,4,2,0,1,2,0,,Away,창원 NC 파크,18:30,28.6
양현,2023,Kiwoom,2023-08-30,@ SSG,RP,,27.0,5.25,1 ⅓,40,4,4,6,0,0,1,0,,Away,인천 SSG 랜더스필드,18:30,25.1
양현,2023,Kiwoom,2023-08-24,vs. Doosan,RP,,0.0,1.0,1,22,1,0,1,0,1,0,0,,Home,고척 스카이돔,18:30,25.5
양현,2023,Kiwoom,2023-08-22,vs. Doosan,RP,,0.0,0.67,3,31,0,0,2,0,0,0,0,,Home,고척 스카이돔,18:30,25.5
양현,2023,Kiwoom,2023-08-16,@ Kia,RP,,9.0,3.0,1,25,3,1,2,0,0,1,0,,Away,광주 기아 챔피언스 필드,18:30,31.9
양현,2023,Kiwoom,2023-08-13,@ LG,RP,,36.0,7.0,1,29,7,4,7,1,0,0,0,,Away,잠실 야구장,17:00,31.2
양현,2023,Kiwoom,2023-08-10,vs. Lotte,RP,,13.5,1.5,1 ⅓,15,2,2,2,1,0,0,0,,Home,고척 스카이돔,18:30,25.5
양현,2023,Kiwoom,2023-08-09,vs. Lotte,RP,,0.0,1.0,1,5,0,0,1,0,0,0,0,,Home,고척 스카이돔,18:30,25.5
양현,2023,Kiwoom,2023-08-06,@ NC,RP,,0.0,1.5,1 ⅓,19,0,0,2,0,1,0,0,,Away,창원 NC 파크,17:00,33.9
양현,2023,Kiwoom,2023-08-03,@ LG,RP,L,13.5,4.5,0 ⅔,18,1,1,2,0,0,1,0,,Away,잠실 야구장,18:30,32.8
양현,2023,Kiwoom,2023-07-29,vs. Samsung,RP,,0.0,0.5,2,27,0,0,1,0,0,0,0,,Home,고척 스카이돔,18:00,25.5
양현,2023,Kiwoom,2023-07-28,vs. Samsung,RP,,0.0,3.0,1,24,0,0,2,0,0,1,0,,Home,고척 스카이돔,18:30,25.5
양현,2023,Kiwoom,2023-07-25,vs. Hanwha,RP,,0.0,2.0,1,18,0,0,0,0,1,2,0,,Home,고척 스카이돔,18:30,25.5
양현,2023,Kiwoom,2023-07-22,@ Lotte,RP,H,27.0,9.0,0 ⅓,19,1,1,2,1,0,1,0,,Away,사직 야구장,18:00,27.1
양현,2023,Kiwoom,2023-07-11,vs. KT,RP,,0.0,3.0,0 ⅔,9,0,0,2,0,0,0,0,,Home,고척 스카이돔,18:30,25.5
양현,2023,Kiwoom,2023-07-06,vs. NC,RP,,0.0,6.0,0 ⅓,6,0,0,2,0,0,0,0,,Home,고척 스카이돔,18:30,25.5
양현,2023,Kiwoom,2023-07-05,vs. NC,RP,H,0.0,0.6,1 ⅔,16,0,0,1,0,1,0,0,,Home,고척 스카이돔,18:30,25.5
양현,2023,Kiwoom,2023-07-04,vs. NC,RP,,0.0,1.0,1,13,0,0,1,0,0,0,0,,Home,고척 스카이돔,18:30,25.5
양현,2023,Kiwoom,2023-07-02,vs. SSG,RP,H,9.0,3.0,1,26,1,1,1,0,0,2,0,,Home,고척 스카이돔,14:00,25.5
양현,2023,Kiwoom,2023-06-28,@ Kia,RP,,0.0,1.5,0 ⅔,13,0,0,1,0,1,0,0,,Away,광주 기아 챔피언스 필드,18:30,27.9
양현,2023,Kiwoom,2023-06-25,vs. Doosan,RP,,18.0,2.0,1,23,2,2,2,1,0,0,0,,Home,고척 스카이돔,14:00,25.5
양현,2023,Kiwoom,2023-06-23,vs. Doosan,RP,,0.0,2.0,1,11,0,0,2,0,0,0,0,,Home,고척 스카이돔,18:30,25.5
양현,2023,Kiwoom,2023-06-20,@ Samsung,RP,,0.0,0.0,1,11,0,0,0,0,1,0,0,,Away,대구 삼성 라이온즈 파크,18:30,23.7
양현,2023,Kiwoom,2023-06-17,@ Hanwha,RP,H,27.0,3.0,0 ⅔,19,2,2,1,0,1,1,0,,Away,대전 한화생명 볼파크,17:00,28.8
양현,2023,Kiwoom,2023-06-16,@ Hanwha,RP,,0.0,0.0,0 ⅔,4,0,0,0,0,0,0,0,,Away,대전 한화생명 볼파크,18:30,28.9
양현,2023,Kiwoom,2023-06-15,vs. Kia,RP,,0.0,1.5,0 ⅔,6,0,0,1,0,1,0,0,,Home,고척 스카이돔,18:30,25.5
양현,2023,Kiwoom,2023-06-13,vs. Kia,RP,H,0.0,0.0,0 ⅓,3,0,0,0,0,0,0,0,,Home,고척 스카이돔,18:30,25.5
양현,2023,Kiwoom,2023-06-11,@ KT,RP,,18.0,4.0,1,22,2,2,3,0,0,1,0,,Away,수원 KT 위즈파크,17:00,26.9
양현,2023,Kiwoom,2023-06-07,vs. LG,RP,,0.0,0.0,1,12,0,0,0,0,0,0,0,,Home,고척 스카이돔,18:30,25.5
양현,2023,Kiwoom,2023-06-03,@ SSG,RP,L,13.5,4.5,0 ⅔,23,1,1,2,0,0,1,0,,Away,인천 SSG 랜더스필드,17:00,23.5
양현,2023,Kiwoom,2023-06-01,@ Hanwha,RP,,0.0,1.5,0 ⅔,10,0,0,1,0,1,0,0,,Away,대전 한화생명 볼파크,18:30,24.7
양현,2023,Kiwoom,2023-05-30,@ Hanwha,RP,,0.0,3.0,0 ⅔,20,0,0,1,0,0,1,0,,Away,대전 한화생명 볼파크,18:30,23.8
양현,2023,Kiwoom,2023-05-28,vs. Lotte,RP,,0.0,2.25,1 ⅓,28,0,0,3,0,1,0,0,,Home,고척 스카이돔,14:00,25.5
양현,2023,Kiwoom,2023-05-24,@ KT,RP,,5.4,1.2,1 ⅔,21,1,1,1,0,0,1,0,,Away,수원 KT 위즈파크,18:30,22.5
양현,2023,Kiwoom,2023-05-20,@ Kia,RP,,0.0,0.0,1,10,0,0,0,0,1,0,0,,Away,광주 기아 챔피언스 필드,17:00,24.2
양현,2023,Kiwoom,2023-05-18,vs. Doosan,RP,H,0.0,0.0,1,11,0,0,0,0,0,0,0,,Home,고척 스카이돔,18:30,25.5
양현,2023,Kiwoom,2023-05-16,vs. Doosan,RP,,5.4,2.4,1 ⅔,29,1,1,3,0,0,1,0,,Home,고척 스카이돔,18:30,25.5
양현,2023,Kiwoom,2023-05-14,vs. NC,RP,,0.0,0.0,1,9,0,0,0,0,0,0,0,,Home,고척 스카이돔,14:00,25.5
양현,2023,Kiwoom,2023-05-10,@ LG,RP,,0.0,0.0,1,12,0,0,0,0,0,0,0,,Away,잠실 야구장,18:30,24.6
양현,2023,Kiwoom,2023-05-09,@ LG,RP,L,13.5,4.5,0 ⅔,26,1,1,2,0,1,1,0,,Away,잠실 야구장,18:30,21.9
양현,2023,Kiwoom,2023-05-05,vs. SSG,RP,,27.0,12.0,0 ⅓,10,1,1,3,0,0,1,0,,Home,고척 스카이돔,14:00,25.5
양현,2023,Kiwoom,2023-05-02,@ Samsung,RP,,0.0,1.0,1,12,0,0,1,0,1,0,0,,Away,대구 삼성 라이온즈 파크,18:30,17.6
양현,2023,Kiwoom,2023-04-30,@ Lotte,RP,H,0.0,1.0,1,10,0,0,1,0,0,0,0,,Away,사직 야구장,14:00,17.9
양현,2023,Kiwoom,2023-04-27,vs. KT,RP,H,0.0,2.0,1,19,0,0,1,0,0,1,0,,Home,고척 스카이돔,18:30,25.5
양현,2023,Kiwoom,2023-04-26,vs. KT,RP,,0.0,1.0,1,11,0,0,1,0,0,0,0,,Home,고척 스카이돔,18:30,25.5
양현,2023,Kiwoom,2023-04-22,@ SSG,RP,L,9.0,3.0,1,17,1,1,3,0,0,0,0,,Away,인천 SSG 랜더스필드,17:00,20.6
양현,2023,Kiwoom,2023-04-21,@ SSG,RP,,0.0,1.0,1,12,0,0,1,0,0,0,0,,Away,인천 SSG 랜더스필드,18:30,18.0
양현,2023,Kiwoom,2023-04-18,vs. Samsung,RP,,0.0,0.75,2 ⅔,43,0,0,2,0,2,0,0,,Home,고척 스카이돔,18:30,25.5
양현,2023,Kiwoom,2023-04-13,@ Doosan,RP,,9.0,2.0,1,21,1,1,2,0,0,0,0,,Away,잠실 야구장,18:30,16.7
양현,2023,Kiwoom,2023-04-11,@ Doosan,RP,,0.0,1.0,1,10,0,0,1,0,0,0,0,,Away,잠실 야구장,18:30,12.2
양현,2023,Kiwoom,2023-04-09,@ NC,RP,,0.0,1.5,0 ⅔,10,0,0,0,0,0,1,0,,Away,창원 NC 파크,14:00,18.2
양현,2022,Kiwoom,2022-10-08,@ Doosan,RP,H,0.0,0.0,1,11,0,0,0,0,0,0,0,,Away,잠실 야구장,17:00,19.6
양현,2022,Kiwoom,2022-10-06,@ Hanwha,RP,,0.0,0.0,1,13,0,0,0,0,1,0,0,,Away,대전 한화생명 볼파크,18:30,17.8
양현,2022,Kiwoom,2022-09-30,@ SSG,RP,,9.0,2.0,1,18,1,1,2,0,0,0,0,,Away,인천 SSG 랜더스필드,18:30,23.2
양현,2022,Kiwoom,2022-09-29,@ SSG,RP,SV,0.0,0.0,2,32,0,0,0,0,1,0,0,,Away,인천 SSG 랜더스필드,18:30,22.3
양현,2022,Kiwoom,2022-09-22,vs. Doosan,RP,,0.0,0.5,2,30,0,0,1,0,3,0,0,,Home,고척 스카이돔,18:30,25.5
양현,2022,Kiwoom,2022-09-16,@ Lotte,RP,W,3.86,0.86,2 ⅓,31,1,1,2,0,0,0,0,,Away,사직 야구장,18:30,29.0
양현,2022,Kiwoom,2022-09-10,vs. KT,RP,,0.0,3.0,1,17,0,0,1,0,2,2,0,,Home,고척 스카이돔,17:00,25.5
양현,2022,Kiwoom,2022-09-06,@ Samsung,RP,,9.0,3.0,2,49,2,2,4,1,0,2,0,,Away,대구 삼성 라이온즈 파크,18:30,26.9
양현,2022,Kiwoom,2022-09-03,@ SSG,RP,H,0.0,2.0,1,16,0,0,2,0,0,0,0,,Away,인천 SSG 랜더스필드,17:00,27.4
양현,2022,Kiwoom,2022-08-25,@ NC,RP,,21.6,3.0,1 ⅔,39,4,4,2,1,0,3,0,,Away,창원 NC 파크,18:30,27.5
양현,2022,Kiwoom,2022-08-23,vs. Kia,RP,,18.0,4.0,1,23,2,2,3,0,0,1,0,,Home,고척 스카이돔,18:30,25.5
양현,2022,Kiwoom,2022-08-16,@ KT,RP,L,13.5,3.0,0 ⅔,12,1,1,1,0,0,1,0,,Away,수원 KT 위즈파크,18:30,29.5
양현,2022,Kiwoom,2022-08-14,@ Hanwha,RP,H,0.0,2.0,1,16,0,0,2,0,1,0,0,,Away,대전 한화생명 볼파크,17:00,31.3
양현,2022,Kiwoom,2022-08-10,vs. Lotte,RP,,18.0,3.0,1,14,2,2,3,1,0,0,0,,Home,고척 스카이돔,18:30,25.5
양현,2022,Kiwoom,2022-08-07,@ LG,RP,,0.0,2.0,1,10,0,0,1,0,0,1,0,,Away,잠실 야구장,17:00,32.4
양현,2022,Kiwoom,2022-08-05,@ LG,RP,H,0.0,0.0,1,13,0,0,0,0,0,0,0,,Away,잠실 야구장,18:30,32.4
양현,2022,Kiwoom,2022-08-04,vs. SSG,RP,L,0.0,2.0,1,23,1,0,2,0,0,0,0,,Home,고척 스카이돔,18:30,25.5
양현,2022,Kiwoom,2022-07-24,vs. Samsung,RP,,45.0,6.0,1,41,5,5,4,0,0,2,0,,Home,고척 스카이돔,14:00,25.5
양현,2022,Kiwoom,2022-07-22,vs. Samsung,RP,H,0.0,1.0,1,12,0,0,0,0,0,1,0,,Home,고척 스카이돔,18:30,25.5
양현,2022,Kiwoom,2022-07-09,vs. NC,RP,SV,3.0,1.33,3,54,1,1,3,0,3,1,0,,Home,고척 스카이돔,18:00,25.5
양현,2022,Kiwoom,2022-06-30,vs. Kia,RP,W,3.38,1.5,2 ⅔,38,2,1,3,1,0,1,1,,Home,고척 스카이돔,18:30,25.5
양현,2022,Kiwoom,2022-06-26,@ Lotte,RP,,3.0,1.33,3,46,1,1,2,0,1,2,0,,Away,사직 야구장,17:00,27.3
양현,2022,Kiwoom,2022-06-21,@ Samsung,RP,,0.0,0.5,2,30,0,0,1,0,1,0,0,,Away,대구 삼성 라이온즈 파크,18:30,28.3
양현,2022,Kiwoom,2022-06-19,vs. LG,RP,,0.0,0.0,0 ⅓,3,0,0,0,0,0,0,0,,Home,고척 스카이돔,14:00,25.5
양현,2022,Kiwoom,2022-06-12,@ Kia,RP,W,0.0,0.0,2,20,0,0,0,0,1,0,0,,Away,광주 기아 챔피언스 필드,17:00,26.2
양현,2021,Kiwoom,2021-10-06,vs. Samsung,RP,,0.0,0.0,0 ⅓,5,0,0,0,0,0,0,0,,Home,고척 스카이돔,18:30,25.5
양현,2021,Kiwoom,2021-10-02,vs. LG,RP,,9.0,2.0,2,44,2,2,4,0,0,0,0,,Home,고척 스카이돔,17:00,25.5
양현,2021,Kiwoom,2021-09-26,vs. Lotte,RP,,0.0,1.0,1,18,0,0,1,0,0,0,0,,Home,고척 스카이돔,14:00,25.5
양현,2021,Kiwoom,2021-09-21,@ SSG,RP,,27.0,10.5,0 ⅔,43,7,2,4,0,0,3,0,,Away,인천 SSG 랜더스필드,18:30,24.4
양현,2021,Kiwoom,2021-09-16,vs. Hanwha,RP,,0.0,1.0,1,20,0,0,1,0,2,0,0,,Home,고척 스카이돔,18:30,25.5
양현,2021,Kiwoom,2021-09-14,@ NC,RP,,0.0,1.0,1,17,0,0,0,0,0,1,0,,Away,창원 NC 파크,18:30,24.6
양현,2021,Kiwoom,2021-09-12,@ Lotte,RP,H,0.0,0.5,2,26,0,0,0,0,0,1,0,,Away,사직 야구장,14:00,29.1
양현,2021,Kiwoom,2021-09-08,@ Doosan,RP,,40.5,4.5,0 ⅔,15,3,3,1,0,0,2,1,,Away,잠실 야구장,18:30,26.3
양현,2021,Kiwoom,2021-09-03,vs. KT,RP,,27.0,6.0,1,23,4,3,6,1,0,0,0,,Home,고척 스카이돔,18:30,25.5
양현,2021,Kiwoom,2021-08-29,@ LG,RP,,0.0,1.5,1 ⅓,27,0,0,2,0,0,0,0,,Away,잠실 야구장,17:00,27.2
양현,2021,Kiwoom,2021-08-27,vs. Hanwha,RP,,0.0,1.8,1 ⅔,37,0,0,1,0,0,2,0,,Home,고척 스카이돔,18:30,25.5
양현,2021,Kiwoom,2021-08-25,vs. Hanwha,RP,,0.0,1.0,2,34,0,0,1,0,2,1,0,,Home,고척 스카이돔,18:30,25.5
양현,2021,Kiwoom,2021-08-12,vs. KT,RP,,5.4,2.4,1 ⅔,30,1,1,2,0,0,2,0,,Home,고척 스카이돔,18:30,25.5
양현,2021,Kiwoom,2021-07-07,vs. SSG,RP,,0.0,1.0,1,20,0,0,1,0,1,0,0,,Home,고척 스카이돔,18:30,25.5
양현,2021,Kiwoom,2021-07-05,@ KT,RP,,0.0,1.0,2,40,0,0,2,0,2,0,0,,Away,수원 KT 위즈파크,18:30,27.8
양현,2021,Kiwoom,2021-07-02,@ KT,RP,,0.0,0.0,1,13,0,0,0,0,0,0,0,,Away,수원 KT 위즈파크,18:30,30.1
양현,2021,Kiwoom,2021-06-29,vs. Lotte,RP,,0.0,0.5,2,25,0,0,1,0,2,0,0,,Home,고척 스카이돔,18:30,25.5
양현,2021,Kiwoom,2021-06-25,vs. Kia,RP,,40.5,6.0,0 ⅔,24,3,3,3,1,2,1,0,,Home,고척 스카이돔,18:30,25.5
양현,2021,Kiwoom,2021-06-22,@ Doosan,RP,,0.0,0.0,1,9,0,0,0,0,0,0,0,,Away,잠실 야구장,18:30,25.8
양현,2021,Kiwoom,2021-06-19,@ NC,RP,,0.0,0.0,1,17,0,0,0,0,1,0,0,,Away,창원 NC 파크,17:00,25.1
양현,2021,Kiwoom,2021-06-18,@ NC,RP,,0.0,1.0,1,13,0,0,1,0,0,0,0,,Away,창원 NC 파크,18:30,23.2
양현,2021,Kiwoom,2021-06-15,vs. LG,RP,,27.0,4.5,0 ⅔,21,2,2,2,0,0,1,0,,Home,고척 스카이돔,18:30,25.5
양현,2021,Kiwoom,2021-06-11,@ SSG,RP,,9.0,3.0,1,21,1,1,2,1,0,1,0,,Away,인천 SSG 랜더스필드,18:30,23.3
양현,2021,Kiwoom,2021-06-09,@ Hanwha,RP,,0.0,0.0,1,14,0,0,0,0,0,0,0,,Away,대전 한화생명 볼파크,18:30,30.6
양현,2021,Kiwoom,2021-06-06,vs. Samsung,RP,,0.0,1.0,1,15,0,0,1,0,0,0,0,,Home,고척 스카이돔,14:00,25.5
양현,2021,Kiwoom,2021-06-05,vs. Samsung,RP,,0.0,1.0,1,13,0,0,1,0,0,0,0,,Home,고척 스카이돔,17:00,25.5
양현,2021,Kiwoom,2021-05-23,vs. NC,RP,,54.0,12.0,0 ⅓,13,2,2,4,0,0,0,0,,Home,고척 스카이돔,14:00,25.5
양현,2021,Kiwoom,2021-05-19,@ Samsung,RP,,0.0,3.0,1,25,0,0,1,0,1,2,0,,Away,대구 삼성 라이온즈 파크,18:30,20.1
양현,2021,Kiwoom,2021-05-13,@ Doosan,RP,W,4.5,2.0,2,31,1,1,2,0,1,2,0,,Away,잠실 야구장,18:30,27.2
양현,2021,Kiwoom,2021-05-11,@ Doosan,RP,,0.0,0.0,0 ⅓,4,0,0,0,0,0,0,0,,Away,잠실 야구장,18:30,24.3
양현,2021,Kiwoom,2021-05-09,@ SSG,RP,L,0.0,,0,6,1,1,1,0,0,1,0,,Away,인천 SSG 랜더스필드,14:00,19.4
양현,2021,Kiwoom,2021-05-09,@ SSG,RP,,0.0,0.0,0 ⅔,12,0,0,0,0,1,0,0,,Away,인천 SSG 랜더스필드,14:00,19.4
양현,2021,Kiwoom,2021-05-06,vs. KT,RP,H,0.0,1.5,0 ⅔,10,0,0,1,0,0,0,0,,Home,고척 스카이돔,18:30,25.5
양현,2021,Kiwoom,2021-04-30,@ NC,RP,H,0.0,0.0,1,10,0,0,0,0,1,0,0,,Away,창원 NC 파크,18:30,19.9
양현,2021,Kiwoom,2021-04-28,vs. Doosan,RP,,0.0,4.5,0 ⅔,22,0,0,1,0,1,2,0,,Home,고척 스카이돔,18:30,25.5
양현,2021,Kiwoom,2021-04-27,vs. Doosan,RP,H,0.0,3.0,0 ⅔,7,0,0,1,0,0,1,0,,Home,고척 스카이돔,18:30,25.5
양현,2021,Kiwoom,2021-04-25,vs. SSG,RP,,0.0,0.0,1 ⅓,17,0,0,0,0,1,0,0,,Home,고척 스카이돔,14:00,25.5
양현,2021,Kiwoom,2021-04-22,@ Hanwha,RP,,0.0,0.0,0 ⅓,4,0,0,0,0,0,0,0,,Away,대전 한화생명 볼파크,18:30,25.5
양현,2021,Kiwoom,2021-04-21,@ Hanwha,RP,,0.0,0.86,2 ⅓,27,0,0,2,0,1,0,0,,Away,대전 한화생명 볼파크,18:30,26.9
양현,2021,Kiwoom,2021-04-16,@ KT,RP,,27.0,6.0,0 ⅔,28,2,2,2,0,0,2,0,,Away,수원 KT 위즈파크,18:30,13.6
양현,2021,Kiwoom,2021-04-11,@ Lotte,RP,,0.0,1.0,1,18,0,0,1,0,1,0,0,,Away,사직 야구장,14:00,18.4
양현,2021,Kiwoom,2021-04-09,@ Lotte,RP,,0.0,1.5,0 ⅔,9,0,0,1,0,0,0,0,,Away,사직 야구장,18:30,11.7
양현,2021,Kiwoom,2021-04-07,vs. Kia,RP,L,4.5,1.5,2,27,1,1,2,0,1,1,0,,Home,고척 스카이돔,18:30,25.5
양현,2021,Kiwoom,2021-04-06,vs. Kia,RP,H,13.5,4.5,0 ⅔,20,1,1,3,0,0,0,0,,Home,고척 스카이돔,18:30,25.5
양현,2021,Kiwoom,2021-04-04,vs. Samsung,RP,,0.0,0.0,1,13,0,0,0,0,1,0,0,,Home,고척 스카이돔,14:00,25.5
양현,2020,Kiwoom,2020-10-16,vs. Doosan,RP,,27.0,3.0,0 ⅓,11,1,1,0,0,0,1,0,,Home,고척 스카이돔,18:30,25.5
양현,2020,Kiwoom,2020-10-15,@ KT,RP,,0.0,0.0,1,15,0,0,0,0,0,0,0,,Away,수원 KT 위즈파크,18:30,13.4
양현,2020,Kiwoom,2020-10-13,@ KT,RP,,0.0,3.0,0 ⅔,19,1,0,2,0,1,0,0,,Away,수원 KT 위즈파크,18:30,15.5
양현,2020,Kiwoom,2020-10-09,@ Hanwha,RP,,0.0,1.0,1,17,0,0,0,0,1,1,0,,Away,대전 한화생명 볼파크,18:30,19.7
양현,2020,Kiwoom,2020-10-08,vs. NC,RP,H,0.0,0.0,0 ⅓,1,0,0,0,0,0,0,0,,Home,고척 스카이돔,18:30,25.5
양현,2020,Kiwoom,2020-10-07,vs. NC,RP,,0.0,0.0,1,10,0,0,0,0,0,0,0,,Home,고척 스카이돔,18:30,25.5
양현,2020,Kiwoom,2020-10-04,@ SK,RP,,81.0,9.0,0 ⅓,11,3,3,3,1,0,0,0,,Away,인천 SSG 랜더스필드,14:00,20.2
양현,2020,Kiwoom,2020-10-02,@ SK,RP,W,0.0,0.0,0 ⅔,7,0,0,0,0,1,0,0,,Away,인천 SSG 랜더스필드,18:30,20.4
양현,2020,Kiwoom,2020-09-30,vs. Kia,RP,,0.0,1.5,0 ⅔,11,0,0,0,0,0,1,0,,Home,고척 스카이돔,18:30,25.5
양현,2020,Kiwoom,2020-09-27,@ Doosan,RP,SV,0.0,0.0,1 ⅓,11,0,0,0,0,0,0,0,,Away,잠실 야구장,14:00,24.6
양현,2020,Kiwoom,2020-09-25,vs. SK,RP,,0.0,0.0,1,11,0,0,0,0,0,0,0,,Home,고척 스카이돔,18:30,25.5
양현,2020,Kiwoom,2020-09-24,vs. SK,RP,,0.0,0.0,0 ⅔,6,0,0,0,0,0,0,0,,Home,고척 스카이돔,18:30,25.5
양현,2020,Kiwoom,2020-09-19,@ Samsung,RP,,0.0,1.0,1,13,0,0,1,0,0,0,0,,Away,대구 삼성 라이온즈 파크,17:00,23.5
양현,2020,Kiwoom,2020-09-16,vs. Lotte,RP,,0.0,4.5,0 ⅔,16,0,0,2,0,0,1,0,,Home,고척 스카이돔,18:30,25.5
양현,2020,Kiwoom,2020-09-13,vs. Doosan,RP,,18.0,3.0,1,19,2,2,2,0,1,1,0,,Home,고척 스카이돔,14:00,25.5
양현,2020,Kiwoom,2020-09-12,vs. Doosan,RP,H,0.0,1.0,1,12,0,0,1,0,1,0,0,,Home,고척 스카이돔,17:00,25.5
양현,2020,Kiwoom,2020-09-08,@ SK,RP,,18.0,2.0,1,11,2,2,2,1,0,0,0,,Away,인천 SSG 랜더스필드,18:30,25.5
양현,2020,Kiwoom,2020-09-06,vs. KT,RP,,0.0,2.0,1,17,0,0,2,0,0,0,0,,Home,고척 스카이돔,14:00,25.5
양현,2020,Kiwoom,2020-09-03,@ Hanwha,RP,H,5.4,1.8,1 ⅔,22,1,1,2,1,2,1,0,,Away,대전 한화생명 볼파크,18:30,26.0
양현,2020,Kiwoom,2020-08-30,vs. Samsung,RP,H,0.0,3.0,0 ⅔,12,0,0,2,0,0,0,0,,Home,고척 스카이돔,14:00,25.5
양현,2020,Kiwoom,2020-08-28,@ Lotte,RP,W,0.0,1.0,2,20,0,0,1,0,0,1,0,,Away,사직 야구장,18:30,29.6
양현,2020,Kiwoom,2020-08-23,vs. Kia,RP,,0.0,1.5,0 ⅔,13,0,0,1,0,1,0,0,,Home,고척 스카이돔,14:00,25.5
양현,2020,Kiwoom,2020-08-22,vs. Kia,RP,,0.0,0.5,2,27,0,0,0,0,1,1,0,,Home,고척 스카이돔,18:00,25.5
양현,2020,Kiwoom,2020-08-19,@ NC,RP,,0.0,1.0,1,18,0,0,0,0,0,1,0,,Away,창원 NC 파크,18:30,33.3
양현,2020,Kiwoom,2020-08-14,@ Lotte,SP,L,13.5,3.0,2,41,3,3,5,0,3,1,0,36.0,Away,사직 야구장,18:30,30.4
양현,2020,Kiwoom,2020-08-12,vs. Hanwha,RP,,0.0,0.0,1,11,0,0,0,0,0,0,0,,Home,고척 스카이돔,18:30,25.5
양현,2020,Kiwoom,2020-08-11,vs. Hanwha,RP,,0.0,1.5,0 ⅔,12,0,0,1,0,1,0,1,,Home,고척 스카이돔,18:30,25.5
양현,2020,Kiwoom,2020-08-09,vs. LG,RP,H,0.0,3.0,0 ⅓,9,0,0,1,0,0,0,0,,Home,고척 스카이돔,14:00,25.5
양현,2020,Kiwoom,2020-08-05,vs. KT,RP,H,0.0,0.0,0 ⅔,5,0,0,0,0,0,0,0,,Home,고척 스카이돔,18:30,25.5
양현,2020,Kiwoom,2020-08-01,@ Samsung,RP,W,13.5,3.0,1 ⅓,27,2,2,4,0,0,0,0,,Away,대구 삼성 라이온즈 파크,18:00,29.0
양현,2020,Kiwoom,2020-07-30,@ Doosan,RP,H,0.0,1.0,1,18,0,0,0,0,0,1,0,,Away,잠실 야구장,18:30,28.3
양현,2020,Kiwoom,2020-07-26,vs. Lotte,RP,W,0.0,1.8,1 ⅔,33,0,0,2,0,0,1,0,,Home,고척 스카이돔,14:00,25.5
양현,2020,Kiwoom,2020-07-24,vs. Lotte,RP,,0.0,2.0,1,22,0,0,2,0,1,0,0,,Home,고척 스카이돔,18:30,25.5
양현,2020,Kiwoom,2020-07-19,@ SK,RP,H,0.0,0.0,0 ⅓,3,0,0,0,0,0,0,0,,Away,인천 SSG 랜더스필드,17:00,28.3
양현,2020,Kiwoom,2020-07-17,@ SK,RP,H,13.5,2.25,1 ⅓,31,2,2,2,0,1,1,0,,Away,인천 SSG 랜더스필드,18:30,27.4
양현,2020,Kiwoom,2020-07-14,vs. NC,RP,,0.0,0.0,1,16,0,0,0,0,2,0,0,,Home,고척 스카이돔,18:30,25.5
양현,2020,Kiwoom,2020-07-10,@ Kia,RP,,0.0,0.5,2,22,0,0,1,0,0,0,0,,Away,광주 기아 챔피언스 필드,18:30,29.3
양현,2020,Kiwoom,2020-07-07,vs. Samsung,RP,,0.0,1.0,2,25,0,0,2,0,1,0,0,,Home,고척 스카이돔,18:30,25.5
양현,2020,Kiwoom,2020-07-02,vs. Doosan,RP,,0.0,0.5,2,25,0,0,1,0,1,0,1,,Home,고척 스카이돔,18:30,25.5
양현,2020,Kiwoom,2020-07-01,vs. Doosan,RP,,0.0,0.0,1,12,0,0,0,0,1,0,0,,Home,고척 스카이돔,18:30,25.5
양현,2020,Kiwoom,2020-06-25,@ LG,RP,W,0.0,1.0,1,13,0,0,1,0,1,0,0,,Away,잠실 야구장,18:30,24.4
양현,2020,Kiwoom,2020-06-20,vs. SK,RP,,0.0,0.0,1,7,0,0,0,0,1,0,0,,Home,고척 스카이돔,17:00,25.5
양현,2020,Kiwoom,2020-06-17,vs. Lotte,RP,W,0.0,0.0,1,14,0,0,0,0,0,0,0,,Home,고척 스카이돔,18:30,25.5
양현,2020,Kiwoom,2020-06-16,vs. Lotte,RP,,0.0,0.0,1,13,0,0,0,0,0,0,0,,Home,고척 스카이돔,18:30,25.5
양현,2020,Kiwoom,2020-06-14,@ NC,RP,L,13.5,4.5,0 ⅔,18,1,1,2,0,0,1,0,,Away,창원 NC 파크,17:00,29.2
양현,2020,Kiwoom,2020-06-11,@ Samsung,RP,,0.0,1.0,1,17,0,0,1,0,1,0,0,,Away,대구 삼성 라이온즈 파크,18:30,26.1
양현,2020,Kiwoom,2020-06-09,@ Samsung,RP,W,0.0,1.0,2,27,0,0,2,0,2,0,0,,Away,대구 삼성 라이온즈 파크,18:30,26.4
양현,2020,Kiwoom,2020-06-06,vs. LG,RP,,0.0,0.0,1,10,0,0,0,0,2,0,0,,Home,고척 스카이돔,17:00,25.5
양현,2020,Kiwoom,2020-06-04,@ Hanwha,RP,,0.0,0.0,1,7,0,0,0,0,0,0,0,,Away,대전 한화생명 볼파크,18:30,28.9
양현,2020,Kiwoom,2020-06-02,@ Hanwha,RP,,0.0,0.0,1,8,0,0,0,0,1,0,0,,Away,대전 한화생명 볼파크,18:30,22.5
양현,2020,Kiwoom,2020-05-21,vs. SK,RP,,18.0,3.0,1,18,2,2,2,0,0,1,0,,Home,고척 스카이돔,18:30,25.5
양현,2020,Kiwoom,2020-05-20,vs. SK,RP,,0.0,1.0,1,15,0,0,1,0,0,0,0,,Home,고척 스카이돔,18:30,25.5
양현,2020,Kiwoom,2020-05-17,@ LG,RP,,13.5,4.5,0 ⅔,18,1,1,3,0,1,0,0,,Away,잠실 야구장,14:00,22.0
양현,2020,Kiwoom,2020-05-16,@ LG,RP,L,0.0,,0,8,2,2,1,1,0,1,0,,Away,잠실 야구장,17:00,20.3
양현,2020,Kiwoom,2020-05-10,vs. Hanwha,RP,SV,0.0,2.0,1,14,0,0,2,0,1,0,0,,Home,고척 스카이돔,14:00,25.5
양현,2020,Kiwoom,2020-05-09,vs. Hanwha,RP,H,0.0,1.0,1,6,0,0,1,0,0,0,0,,Home,고척 스카이돔,17:00,25.5
양현,2020,Kiwoom,2020-05-07,@ Kia,RP,H,0.0,1.0,1,13,0,0,0,0,1,1,0,,Away,광주 기아 챔피언스 필드,18:30,22.5
양현,2020,Kiwoom,2020-05-05,@ Kia,RP,W,0.0,0.0,1 ⅔,21,0,0,0,0,2,0,1,,Away,광주 기아 챔피언스 필드,14:00,20.7
이승현_우,2024,,2024-09-28,vs. LG,RP,L,9.0,3.0,1,21,1,1,3,0,0,0,0,,Home,,17:00,
이승현_우,2024,,2024-09-19,@ KT,RP,,0.0,2.0,1,11,0,0,2,0,0,0,0,,Away,수원 KT 위즈파크,18:30,32.1
이승현_우,2024,,2024-09-17,@ Doosan,RP,,0.0,,0,8,1,1,0,0,0,1,0,,Away,잠실 야구장,18:30,31.2
이승현_우,2024,,2024-09-15,@ SSG,RP,,0.0,0.0,0 ⅓,5,0,0,0,0,1,0,0,,Away,인천 SSG 랜더스필드,14:00,32.0
이승현_우,2024,,2024-09-14,@ SSG,RP,H,0.0,2.0,1,20,0,0,1,0,1,1,0,,Away,인천 SSG 랜더스필드,17:00,30.7
이승현_우,2024,,2024-09-11,@ Hanwha,RP,W,0.0,1.0,1,24,0,0,0,0,2,1,0,,Away,대전 한화생명 볼파크,18:30,29.2
이승현_우,2024,,2024-09-06,@ Lotte,RP,,0.0,1.0,1,15,0,0,1,0,1,0,0,,Away,사직 야구장,18:30,29.1
이승현_우,2024,,2024-09-04,vs. Doosan,RP,,0.0,,0,4,0,0,0,0,0,1,0,,Home,,18:30,
이승현_우,2024,,2024-08-31,vs. Kia,RP,,5.4,1.8,1 ⅔,25,1,1,1,1,0,2,0,,Home,,18:00,
이승현_우,2024,,2024-08-28,@ Kiwoom,RP,H,0.0,3.0,0 ⅔,19,0,0,1,0,0,1,0,,Away,고척 스카이돔,18:30,25.5
이승현_우,2024,,2024-08-25,vs. Lotte,RP,,0.0,0.75,1 ⅓,15,0,0,1,0,1,0,0,,Home,,17:00,
이승현_우,2024,,2024-08-23,vs. Lotte,RP,,9.0,1.0,1,16,1,1,1,1,1,0,0,,Home,,18:30,
이승현_우,2024,,2024-08-17,@ NC,RP,,27.0,12.0,0 ⅓,21,1,1,3,0,0,1,0,,Away,창원 NC 파크,18:00,31.1
이승현_우,2024,,2024-08-16,@ NC,RP,H,0.0,0.0,1,17,0,0,0,0,2,0,0,,Away,창원 NC 파크,18:30,31.1
이승현_우,2024,,2024-08-13,vs. KT,RP,H,0.0,0.75,1 ⅓,22,0,0,0,0,1,1,0,,Home,,18:30,
이승현_우,2024,,2024-08-11,@ Kia,RP,,9.0,3.0,1,21,1,1,3,0,2,0,0,,Away,광주 기아 챔피언스 필드,17:00,32.2
이승현_우,2024,,2024-08-08,vs. Hanwha,RP,,5.4,0.6,1 ⅔,29,1,1,1,1,2,0,0,,Home,,18:30,
이승현_우,2024,,2024-08-06,vs. Hanwha,RP,,0.0,2.0,1,20,0,0,1,0,1,1,0,,Home,,18:30,
이승현_우,2024,,2024-08-03,vs. SSG,RP,,0.0,1.0,1,19,0,0,1,0,0,0,0,,Home,,18:00,
이승현_우,2024,,2024-08-01,@ LG,RP,,0.0,1.5,1 ⅓,22,0,0,2,0,0,0,0,,Away,잠실 야구장,18:30,33.7
이승현_우,2024,,2024-07-26,vs. KT,RP,,27.0,9.0,0 ⅓,17,1,1,2,0,0,1,0,,Home,,18:30,
이승현_우,2024,,2024-07-19,vs. Lotte,RP,,9.0,2.0,1,19,1,1,2,0,2,0,0,,Home,,18:30,
이승현_우,2024,,2024-07-18,@ Kia,RP,,108.0,12.0,0 ⅓,19,4,4,4,0,0,0,0,,Away,광주 기아 챔피언스 필드,18:30,29.2
이승현_우,2024,,2024-07-14,@ Doosan,RP,W,0.0,0.0,1 ⅓,18,0,0,0,0,2,0,0,,Away,잠실 야구장,17:00,32.1
이승현_우,2024,,2024-07-12,@ Doosan,RP,,0.0,0.0,1,22,0,0,0,0,2,0,1,,Away,잠실 야구장,18:30,30.5
이승현_우,2024,,2024-07-11,vs. NC,RP,H,0.0,1.5,0 ⅔,9,0,0,1,0,0,0,0,,Home,,18:30,
이승현_우,2024,,2024-06-28,@ KT,RP,,13.5,4.5,0 ⅔,25,2,1,2,0,0,1,0,,Away,수원 KT 위즈파크,18:30,27.4
이승현_우,2024,,2024-06-23,vs. Doosan,RP,,13.5,4.5,0 ⅔,28,1,1,1,0,0,2,0,,Home,,17:00,
이승현_우,2024,,2024-06-20,vs. SSG,RP,,0.0,0.0,1,9,0,0,0,0,1,0,0,,Home,,18:30,
이승현_우,2024,,2024-06-19,vs. SSG,RP,,0.0,1.0,1,17,0,0,1,0,1,0,0,,Home,,18:30,
이승현_우,2024,,2024-06-16,@ NC,RP,,9.0,2.0,1,21,1,1,1,0,0,1,0,,Away,창원 NC 파크,17:00,29.1
이승현_우,2024,,2024-06-15,@ NC,RP,,18.0,3.0,1,23,2,2,3,2,1,0,0,,Away,창원 NC 파크,17:00,29.9
이승현_우,2024,,2024-06-13,vs. LG,RP,SV,0.0,0.0,1 ⅔,26,0,0,0,0,0,0,0,,Home,,18:30,
이승현_우,2024,,2024-06-11,vs. LG,RP,H,0.0,3.0,0 ⅔,20,0,0,2,0,1,0,0,,Home,,18:30,
이승현_우,2024,,2024-06-09,@ Kiwoom,RP,,0.0,1.0,1,23,0,0,0,0,1,1,0,,Away,고척 스카이돔,14:00,25.5
이승현_우,2024,,2024-06-06,@ SSG,RP,,0.0,1.5,0 ⅔,5,0,0,1,0,0,0,0,,Away,인천 SSG 랜더스필드,18:30,23.5
이승현_우,2024,,2024-06-04,@ SSG,RP,W,0.0,2.0,1,10,0,0,2,0,1,0,0,,Away,인천 SSG 랜더스필드,18:30,23.8
이승현_우,2024,,2024-06-01,vs. Hanwha,RP,H,0.0,1.0,1,23,0,0,0,0,2,1,1,,Home,,17:00,
이승현_우,2024,,2024-05-31,vs. Hanwha,RP,,0.0,0.0,1,14,0,0,0,0,1,0,1,,Home,,18:30,
이승현_우,2024,,2024-05-28,vs. Kiwoom,RP,,0.0,0.0,1,18,0,0,0,0,2,0,0,,Home,,18:30,
이승현_우,2024,,2024-05-25,@ Lotte,RP,H,0.0,1.0,1,21,0,0,1,0,1,0,0,,Away,사직 야구장,17:00,21.3
이승현_우,2024,,2024-05-24,@ Lotte,RP,W,0.0,0.0,0 ⅔,8,0,0,0,0,1,0,0,,Away,사직 야구장,18:30,19.9
이승현_우,2024,,2024-05-21,vs. KT,RP,,6.75,0.75,1 ⅓,21,1,1,1,0,1,0,0,,Home,,18:30,
이승현_우,2024,,2024-05-18,vs. Hanwha,RP,,5.4,0.6,1 ⅔,20,1,1,1,1,2,0,0,,Home,,17:00,
이승현_우,2024,,2024-05-17,vs. Hanwha,RP,,9.0,3.0,1,23,1,1,2,0,0,1,0,,Home,,18:30,
이승현_우,2024,,2024-05-11,@ NC,RP,W,0.0,0.75,1 ⅓,23,0,0,1,0,2,0,0,,Away,창원 NC 파크,17:00,21.5
이승현_우,2024,,2024-05-09,vs. Kia,RP,W,0.0,0.0,0 ⅓,4,0,0,0,0,0,0,0,,Home,,18:30,
이승현_우,2024,,2024-05-08,vs. Kia,RP,L,18.0,3.0,1,26,2,2,2,0,1,1,0,,Home,,18:30,
이승현_우,2024,,2024-05-04,vs. Lotte,RP,,27.0,6.0,0 ⅔,19,2,2,4,0,0,0,0,,Home,,17:00,
이승현_우,2024,,2024-05-03,vs. Lotte,RP,H,0.0,1.0,1,14,0,0,1,0,1,0,0,,Home,,18:30,
이승현_우,2024,,2024-05-01,@ Doosan,RP,,0.0,0.0,0 ⅓,3,0,0,0,0,0,0,0,,Away,잠실 야구장,18:30,23.1
이승현_우,2024,,2024-04-28,@ Kiwoom,RP,,9.0,2.0,1,23,1,1,2,0,1,0,0,,Away,고척 스카이돔,14:00,25.5
이승현_우,2024,,2024-04-25,vs. LG,RP,,0.0,0.0,1,15,0,0,0,0,0,0,0,,Home,,18:30,
이승현_우,2024,,2024-04-24,vs. LG,RP,,0.0,0.0,2,24,0,0,0,0,2,0,0,,Home,,18:30,
이승현_우,2024,,2024-04-18,vs. Doosan,RP,,0.0,0.75,1 ⅓,17,0,0,1,0,1,0,0,,Home,,18:30,
이승현_우,2024,,2024-04-17,vs. Doosan,RP,,0.0,0.5,2,22,0,0,1,0,1,0,0,,Home,,18:30,
이승현_우,2024,,2024-04-14,vs. NC,RP,,0.0,3.0,0 ⅔,11,0,0,2,0,1,0,0,,Home,,14:00,
이승현_우,2024,,2024-04-12,vs. NC,RP,,0.0,0.86,2 ⅓,37,0,0,1,0,3,1,0,,Home,,18:30,
이승현_우,2024,,2024-04-10,@ Lotte,RP,,0.0,1.0,1,11,0,0,1,0,0,0,0,,Away,사직 야구장,18:30,13.1
이승현_우,2024,,2024-04-02,vs. Kiwoom,RP,,18.0,3.0,2,45,4,4,3,0,1,3,0,,Home,,18:30,
이승현_우,2023,,2023-10-09,@ Kia,RP,L,6.75,1.5,1 ⅓,29,1,1,1,0,1,1,0,,Away,광주 기아 챔피언스 필드,18:30,20.3
이승현_우,2023,,2023-10-06,@ KT,RP,H,0.0,2.0,1,23,0,0,2,0,1,0,0,,Away,수원 KT 위즈파크,18:30,17.6
이승현_우,2023,,2023-10-02,@ Lotte,RP,H,6.75,1.5,1 ⅓,30,1,1,2,0,0,0,0,,Away,사직 야구장,18:30,21.3
이승현_우,2023,,2023-09-30,vs. NC,RP,H,0.0,2.0,1,19,0,0,2,0,0,0,0,,Home,,17:00,
이승현_우,2023,,2023-09-27,@ Hanwha,RP,H,0.0,1.5,0 ⅔,15,0,0,1,0,0,0,0,,Away,대전 한화생명 볼파크,18:30,24.2
이승현_우,2023,,2023-09-22,vs. Doosan,RP,,0.0,0.0,1,12,0,0,0,0,0,0,0,,Home,,18:30,
이승현_우,2023,,2023-09-21,vs. Doosan,RP,,0.0,0.0,1 ⅓,18,0,0,0,0,0,0,0,,Home,,18:30,
이승현_우,2023,,2023-09-17,vs. Lotte,RP,,0.0,0.0,1,14,0,0,0,0,1,0,0,,Home,,14:00,
이승현_우,2023,,2023-09-14,vs. KT,RP,H,0.0,1.0,1,11,0,0,1,0,0,0,0,,Home,,18:30,
이승현_우,2023,,2023-09-12,vs. Kia,RP,,0.0,,0,16,3,3,2,1,0,1,0,,Home,,18:30,
이승현_우,2023,,2023-09-09,@ Doosan,RP,,0.0,6.0,0 ⅓,13,0,0,1,0,0,1,0,,Away,잠실 야구장,17:00,30.1
이승현_우,2023,,2023-09-07,@ Lotte,RP,,0.0,1.5,1 ⅓,37,0,0,2,0,2,0,0,,Away,사직 야구장,18:30,26.6
이승현_우,2023,,2023-09-06,@ Lotte,RP,W,0.0,0.0,0 ⅔,10,0,0,0,0,1,0,0,,Away,사직 야구장,18:30,27.9
이승현_우,2023,,2023-09-02,vs. NC,RP,,0.0,0.43,2 ⅓,23,0,0,1,0,3,0,0,,Home,,17:00,
이승현_우,2023,,2023-08-27,vs. Kiwoom,RP,,27.0,9.0,0 ⅓,16,1,1,2,0,0,1,0,,Home,,17:00,
이승현_우,2023,,2023-08-26,vs. Kiwoom,RP,,0.0,0.0,1 ⅓,23,0,0,0,0,1,0,0,,Home,,18:00,
이승현_우,2023,,2023-08-22,@ Hanwha,RP,W,0.0,0.0,1,11,0,0,0,0,0,0,0,,Away,대전 한화생명 볼파크,18:30,29.9
이승현_우,2023,,2023-08-20,vs. Kia,RP,H,6.75,2.25,1 ⅓,28,1,1,3,1,0,0,0,,Home,,17:00,
이승현_우,2023,,2023-08-19,vs. Kia,RP,,0.0,0.0,0 ⅓,11,1,0,0,0,0,0,0,,Home,,18:00,
이승현_우,2023,,2023-08-16,vs. LG,RP,,0.0,0.67,3,34,0,0,1,0,3,1,0,,Home,,18:30,
이승현_우,2023,,2023-08-13,@ SSG,RP,,0.0,0.0,0 ⅔,5,0,0,0,0,0,0,0,,Away,인천 SSG 랜더스필드,17:00,30.3
이승현_우,2023,,2023-08-11,@ SSG,RP,,0.0,3.0,0 ⅓,16,0,0,1,0,0,0,0,,Away,인천 SSG 랜더스필드,18:30,27.2
이승현_우,2023,,2023-08-06,vs. LG,RP,,3.86,1.71,2 ⅓,41,1,1,2,0,1,2,0,,Home,,17:00,
이승현_우,2023,,2023-08-02,vs. Kia,RP,,0.0,9.0,0 ⅓,15,0,0,2,0,0,1,0,,Home,,18:30,
이승현_우,2023,,2023-08-01,vs. Kia,RP,H,0.0,3.0,0 ⅓,7,0,0,1,0,0,0,0,,Home,,18:30,
이승현_우,2023,,2023-07-29,@ Kiwoom,RP,H,0.0,0.75,1 ⅓,19,0,0,1,0,3,0,0,,Away,고척 스카이돔,18:00,25.5
이승현_우,2023,,2023-07-01,vs. Hanwha,RP,,9.0,2.0,1,20,1,1,2,0,0,0,0,,Home,,18:00,
이승현_우,2023,,2023-06-28,@ Lotte,RP,,0.0,1.0,1,10,0,0,1,0,0,0,0,,Away,사직 야구장,18:30,26.3
이승현_우,2023,,2023-06-24,@ SSG,RP,L,135.0,21.0,0 ⅓,16,6,5,6,1,0,1,0,,Away,인천 SSG 랜더스필드,17:00,28.6
이승현_우,2023,,2023-06-21,vs. Kiwoom,RP,,0.0,1.5,1 ⅓,32,0,0,2,0,1,0,0,,Home,,18:30,
이승현_우,2023,,2023-06-18,@ KT,RP,H,0.0,1.5,0 ⅔,13,0,0,1,0,1,0,0,,Away,수원 KT 위즈파크,17:00,27.6
이승현_우,2023,,2023-06-15,@ LG,RP,,0.0,4.5,0 ⅔,21,3,0,3,0,0,0,0,,Away,잠실 야구장,18:30,26.9
이승현_우,2023,,2023-06-13,@ LG,RP,,0.0,0.0,0 ⅓,6,0,0,0,0,1,0,0,,Away,잠실 야구장,18:30,23.9
이승현_우,2023,,2023-06-11,vs. Lotte,RP,,0.0,0.0,1,13,0,0,0,0,2,0,0,,Home,,17:00,
이승현_우,2023,,2023-06-10,vs. Lotte,RP,,0.0,0.0,1,11,0,0,0,0,0,0,0,,Home,,17:00,
이승현_우,2023,,2023-06-09,vs. Lotte,RP,,0.0,1.0,1,14,0,0,1,0,1,0,0,,Home,,18:30,
이승현_우,2023,,2023-06-03,@ Hanwha,RP,,0.0,0.0,1,16,0,0,0,0,1,0,0,,Away,대전 한화생명 볼파크,17:00,24.1
이승현_우,2023,,2023-06-02,@ Hanwha,RP,H,0.0,0.0,1,10,0,0,0,0,1,0,0,,Away,대전 한화생명 볼파크,18:30,23.9
이승현_우,2023,,2023-05-31,@ SSG,RP,H,0.0,1.0,1,12,0,0,0,0,1,1,0,,Away,인천 SSG 랜더스필드,18:30,22.6
이승현_우,2023,,2023-05-26,vs. KT,RP,,0.0,1.0,1,11,0,0,1,0,1,0,0,,Home,,18:30,
이승현_우,2023,,2023-05-24,@ Doosan,RP,W,0.0,0.0,2,20,0,0,0,0,2,0,0,,Away,잠실 야구장,18:30,23.2
이승현_우,2023,,2023-05-21,@ NC,RP,,0.0,0.75,1 ⅓,28,0,0,1,0,1,0,0,,Away,창원 NC 파크,14:00,26.3
이승현_우,2023,,2023-05-19,@ NC,RP,,54.0,6.0,0 ⅓,15,2,2,2,1,0,0,0,,Away,창원 NC 파크,18:30,21.1
이승현_우,2023,,2023-05-16,vs. Kia,RP,,27.0,3.0,0 ⅔,23,2,2,2,1,1,0,0,,Home,,18:30,
이승현_우,2023,,2023-05-14,vs. LG,RP,,0.0,3.0,0 ⅔,13,0,0,1,0,0,1,0,,Home,,14:00,
이승현_우,2023,,2023-05-13,vs. LG,RP,,0.0,2.0,1,23,0,0,1,0,0,1,0,,Home,,17:00,
이승현_우,2023,,2023-05-10,@ Hanwha,RP,,0.0,0.0,0 ⅓,2,0,0,0,0,0,0,0,,Away,대전 한화생명 볼파크,18:30,23.4
이승현_우,2023,,2023-05-04,vs. Kiwoom,RP,,0.0,2.0,1,21,0,0,1,0,2,1,0,,Home,,18:30,
이승현_우,2023,,2023-04-30,@ KT,RP,,0.0,0.0,1 ⅓,29,0,0,0,0,0,0,0,,Away,수원 KT 위즈파크,14:00,18.3
이승현_우,2023,,2023-04-29,@ KT,RP,H,0.0,0.0,1,13,0,0,0,0,0,0,0,,Away,수원 KT 위즈파크,17:00,11.7
이승현_우,2023,,2023-04-27,vs. Doosan,RP,H,0.0,1.0,1,14,0,0,1,0,2,0,0,,Home,,18:30,
이승현_우,2023,,2023-04-26,vs. Doosan,RP,H,0.0,0.0,1,18,0,0,0,0,0,0,0,,Home,,18:30,
이승현_우,2023,,2023-04-22,@ Kia,RP,,9.0,2.0,1,25,1,1,2,0,1,0,0,,Away,광주 기아 챔피언스 필드,17:00,21.2
이승현_우,2023,,2023-04-19,@ Kiwoom,RP,,0.0,1.0,1,15,0,0,0,0,2,1,0,,Away,고척 스카이돔,18:30,25.5
이승현_우,2023,,2023-04-18,@ Kiwoom,RP,,27.0,3.0,0 ⅔,10,2,2,2,0,0,0,0,,Away,고척 스카이돔,18:30,25.5
이승현_우,2023,,2023-04-13,vs. SSG,RP,,5.4,2.4,1 ⅔,21,1,1,3,0,0,1,0,,Home,,18:30,
이승현_우,2023,,2023-04-11,vs. SSG,RP,L,9.0,3.0,1,24,1,1,3,0,3,0,0,,Home,,18:30,
이승현_우,2023,,2023-04-09,@ LG,RP,L,13.5,4.5,0 ⅔,17,1,1,3,0,0,0,0,,Away,잠실 야구장,14:00,17.4
이승현_우,2023,,2023-04-04,vs. Hanwha,RP,W,0.0,1.0,1,18,0,0,1,0,0,0,0,,Home,,18:30,
이승현_우,2023,,2023-04-02,vs. NC,RP,,0.0,0.0,2,27,0,0,0,0,1,0,0,,Home,,14:00,
이승현_우,2022,,2022-10-06,@ Doosan,RP,L,9.0,3.0,1,17,1,1,3,0,1,0,0,,Away,잠실 야구장,18:30,17.1
이승현_우,2022,,2022-10-05,@ KT,RP,,0.0,1.5,0 ⅔,17,0,0,1,0,0,0,0,,Away,수원 KT 위즈파크,18:30,17.3
이승현_우,2022,,2022-10-01,vs. Doosan,RP,H,0.0,0.0,1,13,0,0,0,0,0,0,0,,Home,,17:00,
이승현_우,2022,,2022-09-25,vs. Kia,RP,,0.0,0.0,1 ⅔,22,0,0,0,0,0,0,0,,Home,,14:00,
이승현_우,2022,,2022-09-23,vs. KT,RP,,0.0,0.0,0 ⅔,10,0,0,0,0,2,0,0,,Home,,18:30,
이승현_우,2022,,2022-09-22,vs. KT,RP,,0.0,0.0,1,12,0,0,0,0,2,0,0,,Home,,18:30,
이승현_우,2022,,2022-09-21,@ Kiwoom,RP,,0.0,2.0,1,21,0,0,1,0,2,1,0,,Away,고척 스카이돔,18:30,25.5
이승현_우,2022,,2022-09-15,vs. Doosan,RP,H,0.0,0.0,1 ⅓,10,0,0,0,0,0,0,0,,Home,,18:30,
이승현_우,2022,,2022-09-13,@ NC,RP,H,0.0,0.0,0 ⅔,10,0,0,0,0,0,0,0,,Away,창원 NC 파크,18:30,26.4
이승현_우,2022,,2022-09-08,vs. Lotte,RP,,0.0,1.5,0 ⅔,12,0,0,0,0,0,1,0,,Home,,18:30,
이승현_우,2022,,2022-09-03,@ Doosan,RP,H,0.0,1.0,1,13,0,0,1,0,1,0,1,,Away,잠실 야구장,17:00,27.6
이승현_우,2022,,2022-08-31,vs. SSG,RP,,0.0,,0,5,0,0,0,0,0,0,1,,Home,,18:30,
이승현_우,2022,,2022-08-28,vs. Hanwha,RP,,0.0,1.0,1,23,0,0,0,0,1,1,0,,Home,,17:00,
이승현_우,2022,,2022-08-27,vs. Hanwha,RP,H,0.0,0.0,1,11,0,0,0,0,2,0,0,,Home,,18:00,
이승현_우,2022,,2022-08-24,@ SSG,RP,,0.0,0.0,1,17,0,0,0,0,2,0,0,,Away,인천 SSG 랜더스필드,18:30,26.4
이승현_우,2022,,2022-08-21,vs. NC,RP,,18.0,1.0,1,15,2,2,1,0,1,0,1,,Home,,17:00,
이승현_우,2022,,2022-08-18,@ Hanwha,RP,,9.0,2.0,1,26,1,1,1,0,0,1,0,,Away,대전 한화생명 볼파크,18:30,28.6
이승현_우,2022,,2022-08-17,@ LG,RP,,0.0,0.0,2,21,0,0,0,0,3,0,0,,Away,잠실 야구장,18:30,29.3
이승현_우,2022,,2022-08-12,vs. Kia,RP,H,0.0,3.0,0 ⅓,15,0,0,0,0,0,1,0,,Home,,18:30,
이승현_우,2022,,2022-08-06,@ SSG,RP,,0.0,1.0,1,13,0,0,0,0,0,1,0,,Away,인천 SSG 랜더스필드,18:00,31.3
이승현_우,2022,,2022-08-04,@ Doosan,RP,,18.0,2.0,1,15,2,2,2,0,0,0,0,,Away,잠실 야구장,18:30,32.6
이승현_우,2022,,2022-07-30,vs. Lotte,RP,,0.0,3.0,1,33,0,0,2,0,1,1,0,,Home,,18:00,
이승현_우,2022,,2022-07-27,vs. Hanwha,RP,,40.5,4.5,0 ⅔,32,3,3,3,1,0,0,0,,Home,,18:30,
이승현_우,2022,,2022-07-24,@ Kiwoom,RP,,0.0,1.0,1,11,0,0,1,0,2,0,0,,Away,고척 스카이돔,14:00,25.5
이승현_우,2022,,2022-07-23,@ Kiwoom,RP,,0.0,1.5,0 ⅔,7,0,0,1,0,0,0,0,,Away,고척 스카이돔,18:00,25.5
이승현_우,2022,,2022-07-12,@ KT,RP,H,0.0,0.0,0 ⅔,7,0,0,0,0,0,0,0,,Away,수원 KT 위즈파크,18:30,30.9
이승현_우,2022,,2022-06-30,vs. KT,RP,,135.0,18.0,0 ⅓,21,5,5,4,1,1,2,0,,Home,,18:30,
이승현_우,2022,,2022-06-28,vs. KT,RP,,0.0,1.8,1 ⅔,27,0,0,2,0,2,1,0,,Home,,18:30,
이승현_우,2022,,2022-06-22,vs. Kiwoom,RP,,0.0,0.0,1,4,0,0,0,0,0,0,0,,Home,,18:30,
이승현_우,2022,,2022-06-21,vs. Kiwoom,RP,L,9.0,2.0,1,18,1,1,2,0,2,0,0,,Home,,18:30,
이승현_우,2022,,2022-06-15,@ LG,RP,,27.0,3.0,0 ⅔,10,2,2,2,0,0,0,0,,Away,잠실 야구장,18:30,22.2
이승현_우,2022,,2022-06-11,vs. NC,RP,,27.0,3.0,0 ⅔,13,2,2,2,0,0,0,0,,Home,,17:00,
이승현_우,2022,,2022-06-09,@ Lotte,RP,,0.0,3.0,0 ⅔,11,0,0,1,0,1,1,0,,Away,사직 야구장,18:30,21.8
이승현_우,2022,,2022-06-08,@ Lotte,RP,H,0.0,0.0,1,14,0,0,0,0,0,0,0,,Away,사직 야구장,18:30,19.9
이승현_우,2022,,2022-06-03,vs. Doosan,RP,H,0.0,1.5,0 ⅔,17,0,0,0,0,0,1,0,,Home,,18:30,
이승현_우,2022,,2022-06-02,@ Kiwoom,RP,H,0.0,1.0,1,27,0,0,1,0,2,0,0,,Away,고척 스카이돔,18:30,25.5
이승현_우,2022,,2022-06-01,@ Kiwoom,RP,H,0.0,0.0,1,7,0,0,0,0,0,0,0,,Away,고척 스카이돔,18:30,25.5
이승현_우,2022,,2022-05-27,@ LG,RP,,0.0,1.0,1,14,0,0,1,0,0,0,0,,Away,잠실 야구장,18:30,22.8
이승현_우,2022,,2022-05-26,vs. Kia,RP,,18.0,4.0,1,19,2,2,3,0,0,1,0,,Home,,18:30,
이승현_우,2022,,2022-05-24,vs. Kia,RP,H,0.0,0.0,1,13,0,0,0,0,1,0,0,,Home,,18:30,
이승현_우,2022,,2022-05-22,vs. KT,RP,,0.0,2.0,1,26,0,0,0,0,0,2,0,,Home,,14:00,
이승현_우,2022,,2022-05-21,vs. KT,RP,,0.0,2.0,1,23,0,0,1,0,0,1,0,,Home,,17:00,
이승현_우,2022,,2022-05-17,@ Hanwha,RP,,9.0,1.0,1,11,1,1,1,1,1,0,0,,Away,대전 한화생명 볼파크,18:30,25.7
이승현_우,2022,,2022-05-11,vs. SSG,RP,,0.0,3.0,1,32,0,0,1,0,1,2,0,,Home,,18:30,
이승현_우,2022,,2022-05-04,vs. NC,RP,,0.0,1.0,1,22,0,0,1,0,1,0,0,,Home,,18:30,
이승현_우,2022,,2022-04-29,@ Kia,RP,,0.0,1.0,1,7,0,0,0,0,0,1,0,,Away,광주 기아 챔피언스 필드,18:30,17.4
이승현_우,2022,,2022-04-22,vs. Lotte,RP,,9.0,3.0,1,24,1,1,2,0,0,1,0,,Home,,18:30,
이승현_우,2022,,2022-04-20,@ NC,RP,,6.75,1.5,1 ⅓,25,1,1,2,1,2,0,0,,Away,창원 NC 파크,18:30,20.2
이승현_우,2022,,2022-04-16,@ SSG,RP,,0.0,0.0,1 ⅓,14,0,0,0,0,0,0,0,,Away,인천 SSG 랜더스필드,17:00,12.9
이승현_우,2022,,2022-04-15,@ SSG,RP,,0.0,1.0,1,9,0,0,1,0,0,0,0,,Away,인천 SSG 랜더스필드,18:30,12.6
이승현_우,2022,,2022-04-09,vs. Kiwoom,RP,,27.0,6.0,0 ⅓,27,1,1,1,1,1,1,0,,Home,,17:00,
이승현_우,2022,,2022-04-07,@ Doosan,RP,H,0.0,2.0,1,26,0,0,1,0,1,1,0,,Away,잠실 야구장,18:30,12.2
이승현_우,2022,,2022-04-06,@ Doosan,RP,,0.0,0.0,1 ⅓,13,0,0,0,0,3,0,0,,Away,잠실 야구장,18:30,14.8
이승현_우,2022,,2022-04-02,@ KT,RP,,0.0,,0,12,1,1,2,0,0,0,0,,Away,수원 KT 위즈파크,14:00,13.7
이승현_우,2021,,2021-08-14,@ KT,RP,,13.5,1.5,0 ⅔,8,1,1,1,0,0,0,0,,Away,수원 KT 위즈파크,18:00,29.1
이승현_우,2021,,2021-08-12,vs. Doosan,RP,,0.0,1.0,1,13,0,0,1,0,0,0,0,,Home,,18:30,
이승현_우,2021,,2021-07-09,vs. Lotte,RP,,9.0,2.0,1,19,1,1,2,1,1,0,0,,Home,,18:30,
이승현_우,2021,,2021-07-04,@ NC,RP,W,0.0,0.5,2,30,0,0,1,0,0,0,0,,Away,창원 NC 파크,17:00,27.4
이승현_우,2021,,2021-06-29,@ SSG,RP,,27.0,3.0,0 ⅔,15,2,2,2,1,0,0,0,,Away,인천 SSG 랜더스필드,18:30,26.2
이승현_우,2021,,2021-06-26,vs. LG,RP,,0.0,2.0,1,20,0,0,1,0,0,1,0,,Home,,17:00,
이승현_우,2021,,2021-06-20,@ Lotte,RP,,9.0,2.0,1,18,1,1,2,1,0,0,0,,Away,사직 야구장,17:00,25.7
이승현_우,2021,,2021-06-18,@ Lotte,RP,,0.0,0.0,1,16,0,0,0,0,0,0,0,,Away,사직 야구장,18:30,23.2
이승현_우,2021,,2021-06-17,@ Doosan,RP,,0.0,1.0,1,19,0,0,0,0,0,1,0,,Away,잠실 야구장,18:30,24.4
이승현_우,2021,,2021-06-09,vs. Kia,RP,,40.5,6.0,0 ⅔,32,3,3,2,0,0,2,0,,Home,,18:30,
이승현_우,2021,,2021-05-15,@ LG,RP,,20.25,3.0,1 ⅓,26,3,3,4,2,1,0,0,,Away,잠실 야구장,17:00,21.1
이승현_우,2021,,2021-05-13,@ KT,RP,,0.0,6.0,0 ⅓,9,0,0,2,0,0,0,0,,Away,수원 KT 위즈파크,18:30,25.3
이승현_우,2021,,2021-05-08,vs. Lotte,RP,,0.0,9.0,0 ⅓,17,0,0,2,0,1,1,0,,Home,,17:00,
이승현_우,2021,,2021-05-06,@ Hanwha,RP,,0.0,0.0,1,16,0,0,0,0,2,0,0,,Away,대전 한화생명 볼파크,18:30,21.7
이승현_우,2021,,2021-04-16,@ Lotte,RP,L,0.0,,0,12,3,3,2,0,0,1,0,,Away,사직 야구장,18:30,15.8
이승현_우,2021,,2021-04-14,vs. Hanwha,RP,,0.0,,0,8,3,3,3,0,0,0,0,,Home,,18:30,
이승현_우,2021,,2021-04-11,vs. KT,RP,H,0.0,0.0,1,5,0,0,0,0,1,0,0,,Home,,14:00,
이승현_우,2021,,2021-04-10,vs. KT,RP,,0.0,0.0,1,13,0,0,0,0,1,0,0,,Home,,17:00,
이승현_우,2021,,2021-04-08,@ Doosan,RP,,0.0,3.0,0 ⅔,18,0,0,2,0,0,0,0,,Away,잠실 야구장,18:30,16.8
이승현_우,2021,,2021-04-07,@ Doosan,RP,,0.0,6.0,0 ⅓,14,0,0,0,0,0,2,0,,Away,잠실 야구장,18:30,17.5
이승현_우,2021,,2021-04-04,@ Kiwoom,RP,,9.0,3.0,1,18,1,1,3,1,0,0,0,,Away,고척 스카이돔,14:00,25.5
이승현_우,2020,,2020-10-24,@ Kia,RP,H,0.0,1.5,0 ⅔,16,0,0,0,0,1,1,0,,Away,광주 기아 챔피언스 필드,17:00,12.9
이승현_우,2020,,2020-10-20,@ SK,RP,,0.0,0.0,0 ⅔,4,0,0,0,0,0,0,0,,Away,인천 SSG 랜더스필드,18:30,17.5
이승현_우,2020,,2020-10-17,@ Hanwha,RP,H,0.0,0.0,1,9,0,0,0,0,1,0,0,,Away,대전 한화생명 볼파크,17:00,17.7
이승현_우,2020,,2020-10-17,@ Hanwha,RP,,0.0,1.0,1,18,0,0,0,0,1,1,0,,Away,대전 한화생명 볼파크,17:00,17.7
이승현_우,2020,,2020-10-16,@ Hanwha,RP,,27.0,9.0,0 ⅓,18,1,1,3,0,1,0,0,,Away,대전 한화생명 볼파크,18:30,14.0
이승현_우,2020,,2020-10-14,vs. SK,RP,W,0.0,0.0,0 ⅓,4,0,0,0,0,0,0,0,,Home,,18:30,
이승현_우,2020,,2020-10-09,vs. Lotte,RP,,0.0,3.0,0 ⅓,8,0,0,0,0,0,1,0,,Home,,18:30,
이승현_우,2020,,2020-10-08,@ LG,RP,,0.0,1.5,0 ⅔,7,0,0,1,0,1,0,0,,Away,잠실 야구장,18:30,20.2
이승현_우,2020,,2020-10-06,@ LG,RP,,0.0,6.0,0 ⅓,12,0,0,1,0,1,1,0,,Away,잠실 야구장,18:30,17.1
이승현_우,2020,,2020-10-03,@ NC,RP,,0.0,9.0,0 ⅓,20,0,0,2,0,0,1,0,,Away,창원 NC 파크,17:00,23.2
이승현_우,2020,,2020-10-01,vs. KT,RP,,0.0,,0,7,2,1,1,1,0,0,0,,Home,,18:30,
이승현_우,2020,,2020-09-30,vs. KT,RP,H,13.5,1.5,0 ⅔,7,1,1,1,1,0,0,0,,Home,,18:30,
이승현_우,2020,,2020-09-29,vs. KT,RP,,0.0,0.0,0 ⅓,5,0,0,0,0,1,0,0,,Home,,18:30,
이승현_우,2020,,2020-09-25,@ Doosan,RP,H,0.0,0.0,0 ⅓,3,0,0,0,0,0,0,0,,Away,잠실 야구장,18:30,22.5
이승현_우,2020,,2020-09-24,@ Doosan,RP,,0.0,3.0,0 ⅓,7,0,0,0,0,0,1,0,,Away,잠실 야구장,18:30,22.6
이승현_우,2020,,2020-09-22,@ NC,RP,H,0.0,1.5,0 ⅔,12,0,0,0,0,0,1,0,,Away,창원 NC 파크,18:30,20.8
이승현_우,2020,,2020-09-20,vs. Kiwoom,RP,,6.75,1.5,1 ⅓,29,1,1,1,1,2,1,0,,Home,,14:00,
이승현_우,2020,,2020-09-18,vs. Kia,RP,,0.0,0.0,1,14,0,0,0,0,0,0,0,,Home,,18:30,
이승현_우,2020,,2020-09-15,@ KT,RP,,0.0,1.0,1,23,0,0,1,0,1,0,0,,Away,수원 KT 위즈파크,18:30,25.9
이승현_우,2020,,2020-09-10,@ Lotte,RP,H,0.0,0.0,1,16,0,0,0,0,1,0,0,,Away,사직 야구장,18:30,26.7
이승현_우,2020,,2020-09-08,vs. Hanwha,RP,,13.5,1.5,0 ⅔,5,1,1,1,0,0,0,0,,Home,,18:30,
이승현_우,2020,,2020-09-03,vs. Doosan,RP,,0.0,0.0,1,11,0,0,0,0,1,0,0,,Home,,18:30,
이승현_우,2020,,2020-09-01,@ Kia,RP,,0.0,0.0,0 ⅓,9,0,0,0,0,0,0,0,,Away,광주 기아 챔피언스 필드,18:30,30.3
이승현_우,2020,,2020-08-30,@ Kiwoom,RP,,0.0,0.0,0 ⅔,6,0,0,0,0,0,0,0,,Away,고척 스카이돔,14:00,25.5
이승현_우,2020,,2020-08-26,vs. LG,RP,H,0.0,0.0,0 ⅔,9,0,0,0,0,1,0,0,,Home,,18:30,
이승현_우,2020,,2020-08-25,vs. LG,RP,,0.0,4.5,0 ⅔,11,0,0,2,0,0,1,0,,Home,,18:30,
이승현_우,2020,,2020-08-23,vs. Lotte,RP,,9.0,1.0,1,11,1,1,1,1,1,0,0,,Home,,17:00,
이승현_우,2020,,2020-08-22,vs. Lotte,RP,,0.0,3.0,1,26,0,0,2,0,0,1,0,,Home,,18:00,
이승현_우,2020,,2020-08-20,@ SK,RP,,0.0,1.0,1,23,0,0,0,0,1,1,0,,Away,인천 SSG 랜더스필드,18:30,29.0
이승현_우,2020,,2020-08-19,vs. KT,RP,,0.0,0.0,1,14,0,0,0,0,1,0,0,,Home,,18:30,
이승현_우,2020,,2020-08-15,@ Hanwha,RP,,0.0,0.0,1,10,0,0,0,0,1,0,0,,Away,대전 한화생명 볼파크,18:00,32.7
이승현_우,2020,,2020-08-14,@ Hanwha,RP,,0.0,0.0,1,18,0,0,0,0,2,0,0,,Away,대전 한화생명 볼파크,18:30,32.8
이승현_우,2020,,2020-08-11,vs. Doosan,RP,,0.0,0.0,1,10,0,0,0,0,1,0,0,,Home,,18:30,
이승현_우,2020,,2020-08-06,@ Doosan,RP,,9.0,2.0,1,17,1,1,2,0,1,0,0,,Away,잠실 야구장,18:30,27.9
이승현_우,2020,,2020-08-04,@ Doosan,RP,H,0.0,0.0,0 ⅔,12,0,0,0,0,1,0,0,,Away,잠실 야구장,18:30,30.3
이승현_우,2020,,2020-08-02,vs. Kiwoom,RP,H,0.0,0.0,1,6,0,0,0,0,0,0,0,,Home,,17:00,
이승현_우,2020,,2020-07-31,vs. Kiwoom,RP,,6.75,0.75,1 ⅓,22,1,1,1,1,3,0,0,,Home,,18:30,
이승현_우,2020,,2020-07-29,vs. Hanwha,RP,,0.0,0.5,2,26,0,0,0,0,1,1,0,,Home,,18:30,
이승현_우,2020,,2020-07-26,@ Kia,RP,,0.0,1.0,1,17,0,0,1,0,2,0,0,,Away,광주 기아 챔피언스 필드,17:00,28.0
이승현_우,2020,,2020-07-21,@ NC,RP,,0.0,1.5,0 ⅔,15,0,0,1,0,1,0,0,,Away,창원 NC 파크,18:30,28.4
이승현_우,2020,,2020-07-17,vs. Lotte,RP,,0.0,3.0,0 ⅓,9,0,0,1,0,0,0,0,,Home,,18:30,
이승현_우,2020,,2020-07-09,@ Kiwoom,RP,,0.0,1.5,0 ⅔,15,0,0,0,0,0,1,0,,Away,고척 스카이돔,18:30,25.5
이승현_우,2020,,2020-07-07,@ Kiwoom,RP,,9.0,2.0,1,20,1,1,2,0,1,0,0,,Away,고척 스카이돔,18:30,25.5
이승현_우,2020,,2020-07-04,vs. LG,RP,H,27.0,6.0,0 ⅓,13,1,1,1,0,1,1,0,,Home,,18:00,
이승현_우,2020,,2020-07-03,vs. LG,RP,H,0.0,1.0,1,13,0,0,1,0,1,0,0,,Home,,18:30,
이승현_우,2020,,2020-06-19,@ Kia,RP,,9.0,1.0,1,13,1,1,1,1,1,0,0,,Away,광주 기아 챔피언스 필드,18:30,26.8
이승현_우,2020,,2020-06-18,@ Doosan,RP,,0.0,1.5,0 ⅔,20,0,0,0,0,1,1,0,,Away,잠실 야구장,18:30,26.1
이승현_우,2020,,2020-06-16,@ Doosan,RP,,0.0,3.0,0 ⅔,15,0,0,0,0,0,2,0,,Away,잠실 야구장,18:30,27.8
이승현_우,2020,,2020-06-14,vs. KT,RP,,0.0,2.0,1,14,0,0,2,0,1,0,0,,Home,,17:00,
이승현_우,2020,,2020-06-13,vs. KT,RP,,0.0,0.0,1,15,0,0,0,0,1,0,0,,Home,,17:00,
이승현_우,2020,,2020-06-11,vs. Kiwoom,RP,,18.0,2.0,1,12,2,2,2,1,1,0,0,,Home,,18:30,
이승현_우,2020,,2020-06-09,vs. Kiwoom,RP,L,18.0,2.0,1,20,2,2,2,1,0,0,0,,Home,,18:30,
이승현_우,2020,,2020-06-07,@ SK,RP,H,0.0,0.0,0 ⅔,9,0,0,0,0,1,0,0,,Away,인천 SSG 랜더스필드,17:00,23.7
이승현_우,2020,,2020-06-05,@ SK,RP,,0.0,0.0,0 ⅓,4,0,0,0,0,1,0,0,,Away,인천 SSG 랜더스필드,18:30,24.5
이승현_우,2020,,2020-06-03,@ LG,RP,,4.5,1.0,2,29,1,1,2,1,3,0,0,,Away,잠실 야구장,18:30,26.6
이승현_우,2020,,2020-05-28,@ Lotte,RP,,13.5,4.5,0 ⅔,20,1,1,1,0,1,2,0,,Away,사직 야구장,18:30,21.1
이승현_우,2020,,2020-05-26,@ Lotte,RP,L,9.0,3.0,1,17,1,1,3,0,1,0,0,,Away,사직 야구장,18:30,18.4
이승현_우,2020,,2020-05-22,vs. Doosan,RP,,5.4,1.8,1 ⅔,29,1,1,2,1,0,1,0,,Home,,18:30,
이승현_우,2020,,2020-05-20,vs. LG,RP,H,0.0,1.5,0 ⅔,9,0,0,0,0,0,1,0,,Home,,18:30,
이승현_우,2020,,2020-05-19,vs. LG,RP,,0.0,1.0,1,19,0,0,0,0,2,1,0,,Home,,18:30,
이승현_우,2020,,2020-05-17,@ KT,RP,,10.8,2.4,1 ⅔,38,2,2,2,1,2,2,0,,Away,수원 KT 위즈파크,14:00,22.8
이승현_우,2020,,2020-05-14,@ Kiwoom,RP,H,0.0,0.0,1,14,0,0,0,0,1,0,0,,Away,고척 스카이돔,18:30,25.5
이승현_우,2020,,2020-05-12,@ Kiwoom,RP,,0.0,2.0,1,13,0,0,1,0,0,1,0,,Away,고척 스카이돔,18:30,25.5
이승현_우,2020,,2020-05-08,vs. Kia,RP,,0.0,0.0,1,11,0,0,0,0,1,0,0,,Home,,18:30,
이승현_우,2020,,2020-05-05,vs. NC,RP,,0.0,0.0,1,16,0,0,0,0,2,0,0,,Home,,14:00,
오승환,2024,Samsung,2024-09-22,vs. Kiwoom,RP,,0.0,7.5,0 ⅔,25,6,0,4,1,1,1,0,,Home,대구 삼성 라이온즈 파크,14:00,25.7
오승환,2024,Samsung,2024-09-15,@ SSG,RP,L,40.5,6.0,0 ⅔,25,3,3,4,1,0,0,0,,Away,인천 SSG 랜더스필드,14:00,32.0
오승환,2024,Samsung,2024-09-14,@ SSG,RP,H,0.0,0.0,1 ⅔,21,0,0,0,0,0,0,0,,Away,인천 SSG 랜더스필드,17:00,30.7
오승환,2024,Samsung,2024-09-12,@ Hanwha,RP,,0.0,2.0,1,24,0,0,1,0,2,1,0,,Away,대전 한화생명 볼파크,18:30,28.8
오승환,2024,Samsung,2024-09-06,@ Lotte,RP,,0.0,6.0,0 ⅓,16,0,0,1,0,0,1,0,,Away,사직 야구장,18:30,29.1
오승환,2024,Samsung,2024-09-04,vs. Doosan,RP,H,0.0,0.0,0 ⅔,7,0,0,0,0,0,0,0,,Home,대구 삼성 라이온즈 파크,18:30,28.5
오승환,2024,Samsung,2024-09-01,vs. Kia,RP,,9.0,3.0,1,16,1,1,3,1,2,0,0,,Home,대구 삼성 라이온즈 파크,14:00,31.5
오승환,2024,Samsung,2024-08-31,vs. Kia,RP,L,40.5,4.5,0 ⅔,22,3,3,3,0,2,0,0,,Home,대구 삼성 라이온즈 파크,18:00,29.1
오승환,2024,Samsung,2024-08-29,@ Kiwoom,RP,,0.0,0.75,1 ⅓,27,0,0,1,0,2,0,0,,Away,고척 스카이돔,18:30,25.5
오승환,2024,Samsung,2024-08-28,@ Kiwoom,RP,W,0.0,1.0,1,13,0,0,1,0,2,0,0,,Away,고척 스카이돔,18:30,25.5
오승환,2024,Samsung,2024-08-15,vs. KT,RP,,27.0,3.0,0 ⅔,22,2,2,2,2,1,0,0,,Home,대구 삼성 라이온즈 파크,18:30,31.4
오승환,2024,Samsung,2024-08-11,@ Kia,RP,SV,0.0,0.0,1,12,0,0,0,0,1,0,0,,Away,광주 기아 챔피언스 필드,17:00,32.2
오승환,2024,Samsung,2024-08-09,@ Kia,RP,L,54.0,12.0,0 ⅓,20,2,2,4,0,0,0,0,,Away,광주 기아 챔피언스 필드,18:30,30.0
오승환,2024,Samsung,2024-08-07,vs. Hanwha,RP,,0.0,0.0,1,14,0,0,0,0,1,0,0,,Home,대구 삼성 라이온즈 파크,18:30,32.7
오승환,2024,Samsung,2024-07-27,vs. KT,RP,SV,0.0,0.0,0 ⅓,4,0,0,0,0,0,0,0,,Home,대구 삼성 라이온즈 파크,18:00,31.3
오승환,2024,Samsung,2024-07-24,@ Hanwha,RP,L,13.5,3.0,0 ⅔,13,1,1,2,0,0,0,1,,Away,대전 한화생명 볼파크,18:30,32.6
오승환,2024,Samsung,2024-07-23,@ Hanwha,RP,,0.0,3.0,0 ⅓,3,0,0,1,0,0,0,0,,Away,대전 한화생명 볼파크,18:30,29.7
오승환,2024,Samsung,2024-07-21,vs. Lotte,RP,W,0.0,1.5,1 ⅓,19,0,0,1,0,0,1,0,,Home,대구 삼성 라이온즈 파크,17:00,31.6
오승환,2024,Samsung,2024-07-19,vs. Lotte,RP,,54.0,6.0,0 ⅓,12,2,2,2,1,0,0,0,,Home,대구 삼성 라이온즈 파크,18:30,28.3
오승환,2024,Samsung,2024-07-14,@ Doosan,RP,,0.0,1.0,1,17,0,0,1,0,1,0,0,,Away,잠실 야구장,17:00,32.1
오승환,2024,Samsung,2024-07-11,vs. NC,RP,SV,0.0,0.0,1,14,0,0,0,0,0,0,0,,Home,대구 삼성 라이온즈 파크,18:30,25.6
오승환,2024,Samsung,2024-07-04,vs. Kia,RP,L,67.5,9.0,0 ⅔,21,5,5,5,1,1,1,0,,Home,대구 삼성 라이온즈 파크,18:30,30.1
오승환,2024,Samsung,2024-07-02,vs. Kia,RP,,9.0,3.0,1,21,1,1,2,0,0,1,0,,Home,대구 삼성 라이온즈 파크,18:30,27.0
오승환,2024,Samsung,2024-06-28,@ KT,RP,L,54.0,9.0,0 ⅓,8,2,2,2,0,0,1,0,,Away,수원 KT 위즈파크,18:30,27.4
오승환,2024,Samsung,2024-06-27,@ LG,RP,SV,0.0,1.5,1 ⅓,31,0,0,2,0,1,0,0,,Away,잠실 야구장,18:30,29.1
오승환,2024,Samsung,2024-06-23,vs. Doosan,RP,SV,0.0,2.0,1,21,0,0,1,0,0,1,0,,Home,대구 삼성 라이온즈 파크,17:00,26.5
오승환,2024,Samsung,2024-06-21,vs. Doosan,RP,SV,0.0,0.0,1,12,0,0,0,0,1,0,0,,Home,대구 삼성 라이온즈 파크,18:30,26.4
오승환,2024,Samsung,2024-06-16,@ NC,RP,L,54.0,12.0,0 ⅓,21,2,2,2,0,0,2,0,,Away,창원 NC 파크,17:00,29.1
오승환,2024,Samsung,2024-06-14,@ NC,RP,SV,0.0,1.0,1,22,0,0,1,0,2,0,0,,Away,창원 NC 파크,18:30,27.5
오승환,2024,Samsung,2024-06-12,vs. LG,RP,SV,0.0,0.0,1,13,0,0,0,0,0,0,0,,Home,대구 삼성 라이온즈 파크,18:30,25.3
오승환,2024,Samsung,2024-06-11,vs. LG,RP,SV,0.0,2.25,1 ⅓,31,0,0,2,0,0,1,1,,Home,대구 삼성 라이온즈 파크,18:30,24.2
오승환,2024,Samsung,2024-06-04,@ SSG,RP,SV,0.0,2.0,1,15,0,0,2,0,1,0,0,,Away,인천 SSG 랜더스필드,18:30,23.8
오승환,2024,Samsung,2024-06-01,vs. Hanwha,RP,SV,0.0,0.0,1,8,0,0,0,0,0,0,0,,Home,대구 삼성 라이온즈 파크,17:00,24.0
오승환,2024,Samsung,2024-05-31,vs. Hanwha,RP,SV,0.0,0.0,1 ⅓,16,0,0,0,0,1,0,0,,Home,대구 삼성 라이온즈 파크,18:30,21.8
오승환,2024,Samsung,2024-05-30,vs. Kiwoom,RP,SV,0.0,1.5,0 ⅔,22,0,0,1,0,1,0,0,,Home,대구 삼성 라이온즈 파크,18:30,20.5
오승환,2024,Samsung,2024-05-28,vs. Kiwoom,RP,,9.0,2.0,1,20,1,1,2,0,0,0,0,,Home,대구 삼성 라이온즈 파크,18:30,20.6
오승환,2024,Samsung,2024-05-22,vs. KT,RP,SV,0.0,2.0,1,23,0,0,2,0,1,0,0,,Home,대구 삼성 라이온즈 파크,18:30,19.8
오승환,2024,Samsung,2024-05-21,vs. KT,RP,,0.0,0.0,1,14,0,0,0,0,1,0,0,,Home,대구 삼성 라이온즈 파크,18:30,19.0
오승환,2024,Samsung,2024-05-17,vs. Hanwha,RP,SV,0.0,4.5,0 ⅔,22,0,0,1,0,0,2,0,,Home,대구 삼성 라이온즈 파크,18:30,21.0
오승환,2024,Samsung,2024-05-16,@ SSG,RP,SV,6.75,2.25,1 ⅓,29,1,1,3,1,1,0,0,,Away,인천 SSG 랜더스필드,18:30,16.0
오승환,2024,Samsung,2024-05-11,@ NC,RP,SV,0.0,2.0,1,26,0,0,0,0,1,2,0,,Away,창원 NC 파크,17:00,21.5
오승환,2024,Samsung,2024-05-09,vs. Kia,RP,SV,0.0,0.0,1,10,0,0,0,0,0,0,1,,Home,대구 삼성 라이온즈 파크,18:30,18.9
오승환,2024,Samsung,2024-05-08,vs. Kia,RP,,4.5,2.0,2,23,1,1,4,0,0,0,0,,Home,대구 삼성 라이온즈 파크,18:30,14.3
오승환,2024,Samsung,2024-05-02,@ Doosan,RP,SV,0.0,1.0,1,18,0,0,0,0,2,1,0,,Away,잠실 야구장,18:30,21.7
오승환,2024,Samsung,2024-04-26,@ Kiwoom,RP,SV,0.0,1.0,1,16,0,0,1,0,1,0,0,,Away,고척 스카이돔,18:30,25.5
오승환,2024,Samsung,2024-04-21,@ Hanwha,RP,SV,0.0,0.0,1,11,0,0,0,0,2,0,0,,Away,대전 한화생명 볼파크,14:00,17.2
오승환,2024,Samsung,2024-04-20,@ Hanwha,RP,SV,0.0,1.0,1,8,0,0,1,0,0,0,0,,Away,대전 한화생명 볼파크,17:00,14.4
오승환,2024,Samsung,2024-04-18,vs. Doosan,RP,SV,0.0,2.0,1,24,0,0,0,0,2,2,0,,Home,대구 삼성 라이온즈 파크,18:30,17.9
오승환,2024,Samsung,2024-04-16,vs. Doosan,RP,SV,0.0,1.0,1,18,0,0,1,0,0,0,0,,Home,대구 삼성 라이온즈 파크,18:30,18.7
오승환,2024,Samsung,2024-04-11,@ Lotte,RP,,0.0,0.0,1,13,0,0,0,0,1,0,0,,Away,사직 야구장,18:30,15.5
오승환,2024,Samsung,2024-04-10,@ Lotte,RP,SV,0.0,1.0,1,14,0,0,1,0,2,0,0,,Away,사직 야구장,18:30,13.1
오승환,2024,Samsung,2024-04-07,@ Kia,RP,,0.0,0.0,1,7,0,0,0,0,1,0,0,,Away,광주 기아 챔피언스 필드,14:00,24.5
오승환,2024,Samsung,2024-04-06,@ Kia,RP,SV,0.0,1.0,1,13,0,0,1,0,0,0,0,,Away,광주 기아 챔피언스 필드,17:00,19.2
오승환,2024,Samsung,2024-03-31,vs. SSG,RP,L,4.5,1.5,2,36,1,1,3,1,2,0,0,,Home,대구 삼성 라이온즈 파크,14:00,15.1
오승환,2024,Samsung,2024-03-30,vs. SSG,RP,,9.0,2.0,1,17,1,1,2,0,1,0,0,,Home,대구 삼성 라이온즈 파크,17:00,15.6
오승환,2024,Samsung,2024-03-26,@ LG,RP,L,13.5,1.5,0 ⅔,8,1,1,1,0,0,0,0,,Away,잠실 야구장,18:30,10.9
오승환,2024,Samsung,2024-03-24,@ KT,RP,SV,0.0,0.0,0 ⅓,5,0,0,0,0,0,0,0,,Away,수원 KT 위즈파크,14:00,20.8
오승환,2024,Samsung,2024-03-23,@ KT,RP,W,0.0,0.5,2,19,0,0,1,0,1,0,0,,Away,수원 KT 위즈파크,14:00,18.1
오승환,2023,Samsung,2023-10-14,vs. SSG,RP,SV,0.0,1.5,1 ⅓,34,0,0,0,0,0,2,0,,Home,대구 삼성 라이온즈 파크,17:00,21.8
오승환,2023,Samsung,2023-10-06,@ KT,RP,,0.0,0.0,1,17,0,0,0,0,1,0,0,,Away,수원 KT 위즈파크,18:30,17.6
오승환,2023,Samsung,2023-10-05,vs. Hanwha,RP,SV,0.0,1.0,1,17,0,0,1,0,2,0,0,,Home,대구 삼성 라이온즈 파크,18:30,18.8
오승환,2023,Samsung,2023-10-02,@ Lotte,RP,SV,0.0,1.0,1,17,0,0,1,0,1,0,0,,Away,사직 야구장,18:30,21.3
오승환,2023,Samsung,2023-10-02,@ Lotte,RP,SV,0.0,0.75,1 ⅓,16,0,0,1,0,0,0,0,,Away,사직 야구장,18:30,21.3
오승환,2023,Samsung,2023-09-30,vs. NC,RP,SV,0.0,1.5,1 ⅓,27,0,0,2,0,1,0,0,,Home,대구 삼성 라이온즈 파크,17:00,22.1
오승환,2023,Samsung,2023-09-27,@ Hanwha,RP,SV,0.0,0.75,1 ⅓,26,0,0,1,0,1,0,0,,Away,대전 한화생명 볼파크,18:30,24.2
오승환,2023,Samsung,2023-09-22,vs. Doosan,RP,,0.0,0.0,1,15,0,0,0,0,2,0,0,,Home,대구 삼성 라이온즈 파크,18:30,23.2
오승환,2023,Samsung,2023-09-12,vs. Kia,RP,W,0.0,0.0,1 ⅔,23,0,0,0,0,2,0,0,,Home,대구 삼성 라이온즈 파크,18:30,28.7
오승환,2023,Samsung,2023-09-09,@ Doosan,RP,SV,0.0,0.0,0 ⅔,4,0,0,0,0,0,0,0,,Away,잠실 야구장,17:00,30.1
오승환,2023,Samsung,2023-09-07,@ Lotte,RP,L,13.5,4.5,0 ⅔,26,1,1,2,0,1,1,0,,Away,사직 야구장,18:30,26.6
오승환,2023,Samsung,2023-09-06,@ Lotte,RP,,0.0,0.0,1,13,0,0,0,0,2,0,0,,Away,사직 야구장,18:30,27.9
오승환,2023,Samsung,2023-09-03,vs. NC,RP,,0.0,0.0,1,9,0,0,0,0,0,0,0,,Home,대구 삼성 라이온즈 파크,14:00,31.0
오승환,2023,Samsung,2023-08-27,vs. Kiwoom,RP,SV,0.0,1.0,1,16,0,0,0,0,1,1,0,,Home,대구 삼성 라이온즈 파크,17:00,30.3
오승환,2023,Samsung,2023-08-26,vs. Kiwoom,RP,SV,0.0,0.0,1,13,0,0,0,0,0,0,0,,Home,대구 삼성 라이온즈 파크,18:00,29.1
오승환,2023,Samsung,2023-08-22,@ Hanwha,RP,SV,9.0,1.0,1,13,1,1,1,1,1,0,0,,Away,대전 한화생명 볼파크,18:30,29.9
오승환,2023,Samsung,2023-08-20,vs. Kia,RP,SV,0.0,0.0,1,10,0,0,0,0,0,0,0,,Home,대구 삼성 라이온즈 파크,17:00,31.5
오승환,2023,Samsung,2023-08-19,vs. Kia,RP,,0.0,1.0,1,15,0,0,1,0,0,0,0,,Home,대구 삼성 라이온즈 파크,18:00,28.9
오승환,2023,Samsung,2023-08-17,vs. LG,RP,SV,0.0,0.0,1,10,0,0,0,0,0,0,0,,Home,대구 삼성 라이온즈 파크,18:30,28.4
오승환,2023,Samsung,2023-08-15,vs. LG,RP,SV,18.0,3.0,1,15,2,2,3,0,0,0,0,,Home,대구 삼성 라이온즈 파크,18:30,30.0
오승환,2023,Samsung,2023-08-12,@ SSG,RP,L,13.5,6.0,0 ⅔,33,1,1,2,0,1,2,0,,Away,인천 SSG 랜더스필드,18:00,28.1
오승환,2023,Samsung,2023-08-11,@ SSG,RP,SV,0.0,0.0,1,11,0,0,0,0,2,0,0,,Away,인천 SSG 랜더스필드,18:30,27.2
오승환,2023,Samsung,2023-08-09,@ Doosan,RP,SV,9.0,2.0,1,24,1,1,2,0,0,0,0,,Away,잠실 야구장,18:30,30.8
오승환,2023,Samsung,2023-08-05,vs. LG,RP,SV,0.0,0.0,1,15,0,0,0,0,1,0,0,,Home,대구 삼성 라이온즈 파크,18:00,31.9
오승환,2023,Samsung,2023-08-04,vs. LG,RP,SV,0.0,0.0,1,19,0,0,0,0,1,0,0,,Home,대구 삼성 라이온즈 파크,18:30,32.4
오승환,2023,Samsung,2023-08-02,vs. Kia,RP,W,0.0,0.0,1,15,1,0,0,0,0,0,0,,Home,대구 삼성 라이온즈 파크,18:30,31.8
오승환,2023,Samsung,2023-07-30,@ Kiwoom,RP,,0.0,0.0,1,21,0,0,0,0,1,0,0,,Away,고척 스카이돔,14:00,25.5
오승환,2023,Samsung,2023-07-28,@ Kiwoom,RP,,9.0,2.0,1,18,1,1,2,0,1,0,0,,Away,고척 스카이돔,18:30,25.5
오승환,2023,Samsung,2023-07-27,vs. SSG,RP,SV,9.0,1.0,1,10,1,1,1,1,0,0,0,,Home,대구 삼성 라이온즈 파크,18:30,30.6
오승환,2023,Samsung,2023-07-25,vs. SSG,RP,SV,0.0,0.0,0 ⅔,4,0,0,0,0,0,0,0,,Home,대구 삼성 라이온즈 파크,18:30,29.8
오승환,2023,Samsung,2023-07-23,vs. KT,RP,,0.0,0.0,1,9,0,0,0,0,1,0,0,,Home,대구 삼성 라이온즈 파크,17:00,28.9
오승환,2023,Samsung,2023-07-22,vs. KT,RP,SV,0.0,2.0,1,20,0,0,1,0,1,1,0,,Home,대구 삼성 라이온즈 파크,18:00,27.1
오승환,2023,Samsung,2023-07-06,vs. Doosan,RP,,9.0,1.0,1,11,1,1,1,1,0,0,0,,Home,대구 삼성 라이온즈 파크,18:30,26.6
오승환,2023,Samsung,2023-07-04,vs. Doosan,RP,L,54.0,6.0,0 ⅓,17,2,2,2,1,0,0,0,,Home,대구 삼성 라이온즈 파크,18:30,26.3
오승환,2023,Samsung,2023-07-02,vs. Hanwha,RP,SV,0.0,0.0,1,11,0,0,0,0,0,0,0,,Home,대구 삼성 라이온즈 파크,17:00,27.7
오승환,2023,Samsung,2023-06-16,@ KT,RP,,27.0,6.0,0 ⅓,7,2,1,2,0,0,0,0,,Away,수원 KT 위즈파크,18:30,26.4
오승환,2023,Samsung,2023-06-14,@ LG,RP,,0.0,1.0,1,19,0,0,1,0,0,0,1,,Away,잠실 야구장,18:30,25.0
오승환,2023,Samsung,2023-06-11,vs. Lotte,RP,,9.0,4.0,1,19,1,1,4,0,1,0,0,,Home,대구 삼성 라이온즈 파크,17:00,24.5
오승환,2023,Samsung,2023-06-10,vs. Lotte,RP,SV,0.0,3.0,0 ⅔,11,0,0,2,0,1,0,0,,Home,대구 삼성 라이온즈 파크,17:00,26.2
오승환,2023,Samsung,2023-06-06,vs. NC,RP,SV,0.0,1.0,1,16,0,0,1,0,1,0,0,,Home,대구 삼성 라이온즈 파크,18:30,21.9
오승환,2023,Samsung,2023-06-02,@ Hanwha,RP,SV,6.75,1.5,1 ⅓,26,1,1,2,1,0,0,0,,Away,대전 한화생명 볼파크,18:30,23.9
오승환,2023,Samsung,2023-05-31,@ SSG,RP,SV,0.0,0.0,1,9,0,0,0,0,1,0,0,,Away,인천 SSG 랜더스필드,18:30,22.6
오승환,2023,Samsung,2023-05-28,vs. KT,RP,,27.0,3.0,0 ⅓,11,1,1,1,1,1,0,0,,Home,대구 삼성 라이온즈 파크,14:00,20.6
오승환,2023,Samsung,2023-05-25,@ Doosan,RP,,4.5,1.5,2,25,1,1,2,0,1,1,0,,Away,잠실 야구장,18:30,23.3
오승환,2023,Samsung,2023-05-21,@ NC,RP,W,0.0,1.0,2,32,0,0,0,0,0,2,1,,Away,창원 NC 파크,14:00,26.3
오승환,2023,Samsung,2023-05-19,@ NC,RP,SV,0.0,0.0,1,6,0,0,0,0,0,0,0,,Away,창원 NC 파크,18:30,21.1
오승환,2023,Samsung,2023-05-16,vs. Kia,RP,,0.0,0.0,1,15,0,0,0,0,0,0,0,,Home,대구 삼성 라이온즈 파크,18:30,20.9
오승환,2023,Samsung,2023-05-03,vs. Kiwoom,SP,L,5.4,1.0,5,73,3,3,5,1,6,0,0,51.0,Home,대구 삼성 라이온즈 파크,18:30,18.5
오승환,2023,Samsung,2023-04-26,vs. Doosan,RP,H,0.0,3.0,0 ⅔,17,0,0,0,0,0,2,0,,Home,대구 삼성 라이온즈 파크,18:30,16.0
오승환,2023,Samsung,2023-04-23,@ Kia,RP,,6.75,1.5,1 ⅓,19,1,1,2,1,1,0,0,,Away,광주 기아 챔피언스 필드,14:00,20.2
오승환,2023,Samsung,2023-04-21,@ Kia,RP,H,0.0,1.5,0 ⅔,14,0,0,0,0,1,1,0,,Away,광주 기아 챔피언스 필드,18:30,21.0
오승환,2023,Samsung,2023-04-19,@ Kiwoom,RP,,0.0,1.5,1 ⅓,22,0,0,2,0,1,0,0,,Away,고척 스카이돔,18:30,25.5
오승환,2023,Samsung,2023-04-18,@ Kiwoom,RP,SV,0.0,3.0,0 ⅓,9,0,0,1,0,0,0,0,,Away,고척 스카이돔,18:30,25.5
오승환,2023,Samsung,2023-04-14,vs. Lotte,RP,SV,9.0,3.0,1,27,1,1,3,0,0,0,0,,Home,대구 삼성 라이온즈 파크,18:30,14.5
오승환,2023,Samsung,2023-04-13,vs. SSG,RP,W,5.4,1.2,1 ⅔,24,1,1,2,0,3,0,0,,Home,대구 삼성 라이온즈 파크,18:30,16.9
오승환,2023,Samsung,2023-04-08,@ LG,RP,L,13.5,3.0,0 ⅔,16,1,1,1,0,0,1,0,,Away,잠실 야구장,17:00,13.3
오승환,2023,Samsung,2023-04-04,vs. Hanwha,RP,SV,9.0,3.0,1,21,1,1,2,1,1,1,0,,Home,대구 삼성 라이온즈 파크,18:30,16.5
오승환,2023,Samsung,2023-04-02,vs. NC,RP,SV,0.0,0.0,1 ⅓,15,0,0,0,0,1,0,0,,Home,대구 삼성 라이온즈 파크,14:00,20.3
오승환,2022,Samsung,2022-10-08,vs. SSG,RP,,0.0,0.0,1,15,0,0,0,0,0,0,0,,Home,대구 삼성 라이온즈 파크,17:00,18.9
오승환,2022,Samsung,2022-10-05,@ KT,RP,SV,0.0,1.0,1,16,0,0,1,0,0,0,0,,Away,수원 KT 위즈파크,18:30,17.3
오승환,2022,Samsung,2022-09-29,vs. NC,RP,SV,0.0,0.0,0 ⅓,5,0,0,0,0,0,0,0,,Home,대구 삼성 라이온즈 파크,18:30,24.6
오승환,2022,Samsung,2022-09-22,vs. KT,RP,,18.0,4.0,1,24,2,2,3,1,0,1,0,,Home,대구 삼성 라이온즈 파크,18:30,23.4
오승환,2022,Samsung,2022-09-18,vs. Kia,RP,SV,6.75,0.75,1 ⅓,15,1,1,1,1,0,0,0,,Home,대구 삼성 라이온즈 파크,14:00,30.9
오승환,2022,Samsung,2022-09-13,@ NC,RP,SV,0.0,0.0,1,11,0,0,0,0,0,0,0,,Away,창원 NC 파크,18:30,26.4
오승환,2022,Samsung,2022-09-11,vs. LG,RP,SV,0.0,1.5,1 ⅓,26,0,0,1,0,1,1,0,,Home,대구 삼성 라이온즈 파크,14:00,28.7
오승환,2022,Samsung,2022-09-09,vs. Lotte,RP,SV,0.0,0.0,0 ⅔,7,0,0,0,0,1,0,0,,Home,대구 삼성 라이온즈 파크,18:30,24.6
오승환,2022,Samsung,2022-09-07,vs. Kiwoom,RP,W,0.0,1.0,1,15,0,0,1,0,1,0,0,,Home,대구 삼성 라이온즈 파크,18:30,24.9
오승환,2022,Samsung,2022-09-03,@ Doosan,RP,SV,0.0,0.0,1,9,0,0,0,0,1,0,0,,Away,잠실 야구장,17:00,27.6
오승환,2022,Samsung,2022-09-01,@ Kia,RP,SV,0.0,0.0,1,13,0,0,0,0,1,0,0,,Away,광주 기아 챔피언스 필드,18:30,27.1
오승환,2022,Samsung,2022-08-31,vs. SSG,RP,W,0.0,1.5,1 ⅓,18,0,0,2,0,2,0,0,,Home,대구 삼성 라이온즈 파크,18:30,24.7
오승환,2022,Samsung,2022-08-27,vs. Hanwha,RP,SV,0.0,1.0,1,11,0,0,1,0,0,0,0,,Home,대구 삼성 라이온즈 파크,18:00,26.6
오승환,2022,Samsung,2022-08-25,@ Lotte,RP,SV,0.0,0.75,1 ⅓,19,0,0,1,0,2,0,0,,Away,사직 야구장,18:30,27.1
오승환,2022,Samsung,2022-08-19,@ Hanwha,RP,SV,6.75,3.0,1 ⅓,37,1,1,3,0,2,1,0,,Away,대전 한화생명 볼파크,18:30,30.7
오승환,2022,Samsung,2022-08-18,@ Hanwha,RP,SV,0.0,0.0,1,16,0,0,0,0,1,0,0,,Away,대전 한화생명 볼파크,18:30,28.6
오승환,2022,Samsung,2022-08-14,@ KT,RP,,0.0,,0,3,0,0,1,0,0,0,0,,Away,수원 KT 위즈파크,17:00,29.8
오승환,2022,Samsung,2022-08-12,vs. Kia,RP,SV,0.0,2.0,1,17,0,0,2,0,0,0,0,,Home,대구 삼성 라이온즈 파크,18:30,29.9
오승환,2022,Samsung,2022-08-10,vs. Kia,RP,W,0.0,0.0,1,15,0,0,0,0,2,0,0,,Home,대구 삼성 라이온즈 파크,18:30,30.1
오승환,2022,Samsung,2022-08-07,@ SSG,RP,,0.0,1.0,1,18,0,0,1,0,1,0,0,,Away,인천 SSG 랜더스필드,17:00,31.0
오승환,2022,Samsung,2022-08-05,@ SSG,RP,W,0.0,0.0,1,9,0,0,0,0,1,0,0,,Away,인천 SSG 랜더스필드,18:30,31.2
오승환,2022,Samsung,2022-07-31,vs. Lotte,RP,,18.0,3.0,1,17,2,2,3,0,0,0,0,,Home,대구 삼성 라이온즈 파크,17:00,29.8
오승환,2022,Samsung,2022-07-28,vs. Hanwha,RP,,0.0,0.0,1,14,0,0,0,0,1,0,0,,Home,대구 삼성 라이온즈 파크,18:30,30.7
오승환,2022,Samsung,2022-07-27,vs. Hanwha,RP,H,0.0,0.0,1,10,0,0,0,0,2,0,0,,Home,대구 삼성 라이온즈 파크,18:30,29.0
오승환,2022,Samsung,2022-07-22,@ Kiwoom,RP,,9.0,2.0,1,14,1,1,2,1,1,0,0,,Away,고척 스카이돔,18:30,25.5
오승환,2022,Samsung,2022-07-12,@ KT,RP,L,0.0,,0,9,2,2,2,2,0,0,0,,Away,수원 KT 위즈파크,18:30,30.9
오승환,2022,Samsung,2022-07-09,vs. SSG,RP,,20.25,3.0,1 ⅓,37,3,3,1,0,1,3,0,,Home,대구 삼성 라이온즈 파크,18:00,30.1
오승환,2022,Samsung,2022-07-06,vs. LG,RP,L,9.0,1.0,1,26,1,1,1,1,0,0,0,,Home,대구 삼성 라이온즈 파크,18:30,30.6
오승환,2022,Samsung,2022-06-26,@ Hanwha,RP,,0.0,0.0,1,14,0,0,0,0,0,0,0,,Away,대전 한화생명 볼파크,17:00,31.4
오승환,2022,Samsung,2022-06-25,@ Hanwha,RP,SV,0.0,2.0,1,17,0,0,2,0,1,0,0,,Away,대전 한화생명 볼파크,17:00,31.7
오승환,2022,Samsung,2022-06-18,@ Kia,RP,,9.0,2.0,1,24,1,1,1,0,2,1,0,,Away,광주 기아 챔피언스 필드,17:00,28.3
오승환,2022,Samsung,2022-06-15,@ LG,RP,SV,0.0,0.0,0 ⅓,4,0,0,0,0,0,0,0,,Away,잠실 야구장,18:30,22.2
오승환,2022,Samsung,2022-06-12,vs. NC,RP,SV,9.0,1.0,1,11,1,1,1,1,0,0,0,,Home,대구 삼성 라이온즈 파크,17:00,22.9
오승환,2022,Samsung,2022-06-11,vs. NC,RP,,0.0,1.0,1,14,0,0,1,0,1,0,0,,Home,대구 삼성 라이온즈 파크,17:00,26.0
오승환,2022,Samsung,2022-06-08,@ Lotte,RP,SV,0.0,3.0,1,25,1,0,2,0,1,1,0,,Away,사직 야구장,18:30,19.9
오승환,2022,Samsung,2022-06-07,@ Lotte,RP,SV,0.0,2.0,1,27,0,0,1,0,3,1,0,,Away,사직 야구장,18:30,19.0
오승환,2022,Samsung,2022-06-03,vs. Doosan,RP,SV,6.75,1.5,1 ⅓,21,1,1,1,1,1,1,0,,Home,대구 삼성 라이온즈 파크,18:30,23.6
오승환,2022,Samsung,2022-06-01,@ Kiwoom,RP,SV,0.0,1.0,1,17,0,0,1,0,0,0,1,,Away,고척 스카이돔,18:30,25.5
오승환,2022,Samsung,2022-05-29,@ LG,RP,,0.0,0.0,1,14,0,0,0,0,0,0,0,,Away,잠실 야구장,14:00,28.1
오승환,2022,Samsung,2022-05-21,vs. KT,RP,,0.0,1.0,1,16,0,0,0,0,0,1,0,,Home,대구 삼성 라이온즈 파크,17:00,23.3
오승환,2022,Samsung,2022-05-19,@ Hanwha,RP,SV,0.0,2.0,1,14,0,0,2,0,1,0,0,,Away,대전 한화생명 볼파크,18:30,23.3
오승환,2022,Samsung,2022-05-18,@ Hanwha,RP,SV,0.0,0.0,1,18,0,0,0,0,3,0,0,,Away,대전 한화생명 볼파크,18:30,25.5
오승환,2022,Samsung,2022-05-15,vs. Doosan,RP,SV,0.0,1.0,1,18,0,0,1,0,2,0,0,,Home,대구 삼성 라이온즈 파크,14:00,19.1
오승환,2022,Samsung,2022-05-12,vs. SSG,RP,SV,0.0,1.0,1,24,0,0,1,0,0,0,0,,Home,대구 삼성 라이온즈 파크,18:30,19.6
오승환,2022,Samsung,2022-05-11,vs. SSG,RP,W,0.0,0.0,1,17,0,0,0,0,1,0,0,,Home,대구 삼성 라이온즈 파크,18:30,19.4
오승환,2022,Samsung,2022-05-08,@ Lotte,RP,W,3.86,1.71,2 ⅓,44,1,1,3,0,1,1,0,,Away,사직 야구장,14:00,19.1
오승환,2022,Samsung,2022-05-07,@ Lotte,RP,SV,0.0,0.0,1,9,0,0,0,0,1,0,0,,Away,사직 야구장,17:00,20.0
오승환,2022,Samsung,2022-05-05,vs. NC,RP,,9.0,3.0,1,19,1,1,3,0,0,0,0,,Home,대구 삼성 라이온즈 파크,14:00,20.6
오승환,2022,Samsung,2022-05-01,@ Kia,RP,SV,0.0,1.0,1,20,0,0,1,0,2,0,0,,Away,광주 기아 챔피언스 필드,14:00,18.3
오승환,2022,Samsung,2022-04-30,@ Kia,RP,SV,0.0,0.0,1 ⅓,15,0,0,0,0,2,0,0,,Away,광주 기아 챔피언스 필드,17:00,16.1
오승환,2022,Samsung,2022-04-29,@ Kia,RP,H,0.0,1.5,0 ⅔,14,0,0,1,0,0,0,0,,Away,광주 기아 챔피언스 필드,18:30,17.4
오승환,2022,Samsung,2022-04-26,vs. LG,RP,SV,0.0,1.0,1,16,0,0,1,0,2,0,0,,Home,대구 삼성 라이온즈 파크,18:30,17.7
오승환,2022,Samsung,2022-04-24,vs. Lotte,RP,,9.0,3.0,1,15,1,1,3,0,2,0,0,,Home,대구 삼성 라이온즈 파크,14:00,21.2
오승환,2022,Samsung,2022-04-21,@ NC,RP,,0.0,2.0,1,25,1,0,1,0,2,1,0,,Away,창원 NC 파크,18:30,13.7
오승환,2022,Samsung,2022-04-12,vs. Hanwha,RP,SV,0.0,1.0,1,23,0,0,1,0,2,0,0,,Home,대구 삼성 라이온즈 파크,18:30,17.3
오승환,2022,Samsung,2022-04-05,@ Doosan,RP,SV,0.0,0.0,1,10,0,0,0,0,0,0,0,,Away,잠실 야구장,18:30,13.3
오승환,2022,Samsung,2022-04-03,@ KT,RP,SV,18.0,4.0,1,27,2,2,4,0,0,0,0,,Away,수원 KT 위즈파크,14:00,15.5
오승환,2021,Samsung,2021-10-30,@ NC,RP,,9.0,1.0,1,13,1,1,1,1,0,0,0,,Away,창원 NC 파크,17:00,16.6
오승환,2021,Samsung,2021-10-23,vs. KT,RP,,0.0,1.0,1,16,0,0,1,0,0,0,0,,Home,대구 삼성 라이온즈 파크,17:00,17.2
오승환,2021,Samsung,2021-10-22,vs. KT,RP,SV,0.0,1.5,1 ⅓,23,0,0,1,0,0,1,0,,Home,대구 삼성 라이온즈 파크,18:30,14.6
오승환,2021,Samsung,2021-10-17,vs. Kiwoom,RP,SV,0.0,1.0,1,19,0,0,1,0,2,0,0,,Home,대구 삼성 라이온즈 파크,14:00,15.9
오승환,2021,Samsung,2021-10-16,vs. Kiwoom,RP,SV,0.0,0.0,1,13,0,0,0,0,1,0,0,,Home,대구 삼성 라이온즈 파크,17:00,14.8
오승환,2021,Samsung,2021-10-16,vs. Kiwoom,RP,SV,0.0,0.0,1,8,0,0,0,0,0,0,0,,Home,대구 삼성 라이온즈 파크,17:00,14.8
오승환,2021,Samsung,2021-10-13,@ Kia,RP,SV,0.0,1.2,1 ⅔,44,0,0,2,0,1,0,0,,Away,광주 기아 챔피언스 필드,18:30,21.9
오승환,2021,Samsung,2021-10-12,@ Kia,RP,SV,0.0,1.0,1,9,0,0,1,0,1,0,0,,Away,광주 기아 챔피언스 필드,18:30,17.8
오승환,2021,Samsung,2021-10-07,@ NC,RP,SV,0.0,1.0,1,9,0,0,1,0,1,0,0,,Away,창원 NC 파크,18:30,23.5
오승환,2021,Samsung,2021-10-03,@ Doosan,RP,SV,0.0,0.0,0 ⅓,4,0,0,0,0,0,0,0,,Away,잠실 야구장,14:00,28.6
오승환,2021,Samsung,2021-09-30,vs. Hanwha,RP,SV,0.0,0.0,1 ⅓,18,0,0,0,0,3,0,0,,Home,대구 삼성 라이온즈 파크,18:30,24.9
오승환,2021,Samsung,2021-09-25,vs. NC,RP,SV,0.0,0.75,1 ⅓,20,0,0,1,0,1,0,0,,Home,대구 삼성 라이온즈 파크,17:00,24.3
오승환,2021,Samsung,2021-09-23,@ LG,RP,SV,0.0,1.5,0 ⅔,10,0,0,1,0,1,0,0,,Away,잠실 야구장,18:30,23.8
오승환,2021,Samsung,2021-09-21,@ Lotte,RP,SV,6.75,2.25,1 ⅓,29,1,1,2,1,1,1,0,,Away,사직 야구장,18:30,26.3
오승환,2021,Samsung,2021-09-19,@ SSG,RP,,0.0,3.0,1,11,0,0,1,0,0,2,0,,Away,인천 SSG 랜더스필드,14:00,26.2
오승환,2021,Samsung,2021-09-17,vs. Kia,RP,SV,0.0,0.0,1,16,0,0,0,0,0,0,0,,Home,대구 삼성 라이온즈 파크,18:30,21.8
오승환,2021,Samsung,2021-09-11,@ Hanwha,RP,SV,0.0,0.0,1,10,0,0,0,0,0,0,0,,Away,대전 한화생명 볼파크,17:00,29.5
오승환,2021,Samsung,2021-09-10,vs. KT,RP,,0.0,1.0,1,8,0,0,1,0,0,0,0,,Home,대구 삼성 라이온즈 파크,18:30,24.4
오승환,2021,Samsung,2021-09-09,vs. KT,RP,,54.0,9.0,0 ⅓,12,2,2,3,0,0,0,0,,Home,대구 삼성 라이온즈 파크,18:30,26.1
오승환,2021,Samsung,2021-09-05,vs. Doosan,RP,,0.0,3.0,0 ⅓,5,0,0,0,0,1,1,0,,Home,대구 삼성 라이온즈 파크,14:00,25.4
오승환,2021,Samsung,2021-08-31,vs. Kiwoom,RP,SV,0.0,0.75,1 ⅓,18,0,0,1,0,1,0,0,,Home,대구 삼성 라이온즈 파크,18:30,28.4
오승환,2021,Samsung,2021-08-28,@ KT,RP,SV,0.0,0.0,1,13,0,0,0,0,2,0,0,,Away,수원 KT 위즈파크,18:00,27.0
오승환,2021,Samsung,2021-08-25,@ LG,RP,,0.0,3.0,1,21,0,0,1,0,0,2,0,,Away,잠실 야구장,18:30,27.9
오승환,2021,Samsung,2021-08-22,vs. SSG,RP,,0.0,0.0,1,17,0,0,0,0,2,0,0,,Home,대구 삼성 라이온즈 파크,17:00,29.3
오승환,2021,Samsung,2021-08-20,vs. SSG,RP,SV,0.0,1.0,1,16,0,0,1,0,3,0,0,,Home,대구 삼성 라이온즈 파크,18:30,29.0
오승환,2021,Samsung,2021-08-18,@ Hanwha,RP,,0.0,0.0,1,15,0,0,0,0,3,0,0,,Away,대전 한화생명 볼파크,18:30,27.8
오승환,2021,Samsung,2021-08-15,@ KT,RP,,0.0,0.0,0 ⅓,5,0,0,0,0,1,0,0,,Away,수원 KT 위즈파크,17:00,30.4
오승환,2021,Samsung,2021-07-10,vs. Lotte,RP,SV,9.0,2.0,1,15,1,1,2,0,1,0,0,,Home,대구 삼성 라이온즈 파크,18:00,28.6
오승환,2021,Samsung,2021-07-09,vs. Lotte,RP,,0.0,1.0,1,11,0,0,1,0,1,0,0,,Home,대구 삼성 라이온즈 파크,18:30,28.5
오승환,2021,Samsung,2021-07-02,@ NC,RP,SV,0.0,0.0,1,10,0,0,0,0,0,0,0,,Away,창원 NC 파크,18:30,28.5
오승환,2021,Samsung,2021-07-01,@ SSG,RP,SV,0.0,1.0,1,14,0,0,1,0,1,0,0,,Away,인천 SSG 랜더스필드,18:30,28.6
오승환,2021,Samsung,2021-06-30,@ SSG,RP,,0.0,0.0,1,15,0,0,0,0,0,0,0,,Away,인천 SSG 랜더스필드,18:30,27.5
오승환,2021,Samsung,2021-06-26,vs. LG,RP,SV,0.0,0.0,1 ⅓,18,0,0,0,0,2,0,0,,Home,대구 삼성 라이온즈 파크,17:00,26.6
오승환,2021,Samsung,2021-06-24,vs. Hanwha,RP,SV,0.0,0.0,1,18,0,0,0,0,2,0,0,,Home,대구 삼성 라이온즈 파크,18:30,24.0
오승환,2021,Samsung,2021-06-23,vs. Hanwha,RP,SV,0.0,1.0,1,17,0,0,1,0,2,0,0,,Home,대구 삼성 라이온즈 파크,18:30,23.0
오승환,2021,Samsung,2021-06-16,@ Doosan,RP,SV,0.0,0.0,1,12,0,0,0,0,1,0,0,,Away,잠실 야구장,18:30,27.2
오승환,2021,Samsung,2021-06-15,@ Doosan,RP,SV,0.0,0.0,1,9,0,0,0,0,1,0,0,,Away,잠실 야구장,18:30,26.4
오승환,2021,Samsung,2021-06-13,vs. NC,RP,SV,0.0,2.0,1,22,0,0,1,0,2,1,0,,Home,대구 삼성 라이온즈 파크,17:00,27.2
오승환,2021,Samsung,2021-06-11,vs. NC,RP,L,9.0,3.0,1,18,1,1,2,0,0,1,1,,Home,대구 삼성 라이온즈 파크,18:30,23.9
오승환,2021,Samsung,2021-06-10,vs. Kia,RP,,18.0,3.0,1,20,2,2,2,0,1,1,0,,Home,대구 삼성 라이온즈 파크,18:30,24.6
오승환,2021,Samsung,2021-06-08,vs. Kia,RP,SV,0.0,0.0,1 ⅓,14,0,0,0,0,2,0,0,,Home,대구 삼성 라이온즈 파크,18:30,24.4
오승환,2021,Samsung,2021-06-06,@ Kiwoom,RP,SV,0.0,1.0,1,14,0,0,1,0,0,0,0,,Away,고척 스카이돔,14:00,25.5
오승환,2021,Samsung,2021-06-04,@ Kiwoom,RP,SV,0.0,1.0,1,13,0,0,1,0,0,0,0,,Away,고척 스카이돔,18:30,25.5
오승환,2021,Samsung,2021-06-02,@ SSG,RP,SV,0.0,1.0,1,13,0,0,1,0,1,0,0,,Away,인천 SSG 랜더스필드,18:30,24.2
오승환,2021,Samsung,2021-05-30,vs. Doosan,RP,,0.0,0.0,1,12,0,0,0,0,0,0,0,,Home,대구 삼성 라이온즈 파크,14:00,23.5
오승환,2021,Samsung,2021-05-23,vs. Kia,RP,SV,0.0,1.0,1,13,0,0,1,0,1,0,0,,Home,대구 삼성 라이온즈 파크,14:00,23.5
오승환,2021,Samsung,2021-05-21,vs. Kia,RP,SV,0.0,2.0,1,19,0,0,2,0,0,0,0,,Home,대구 삼성 라이온즈 파크,18:30,20.1
오승환,2021,Samsung,2021-05-17,@ LG,RP,SV,0.0,1.0,1,22,0,0,1,0,1,0,0,,Away,잠실 야구장,18:30,16.5
오승환,2021,Samsung,2021-05-13,@ KT,RP,SV,0.0,0.0,0 ⅔,7,0,0,0,0,0,0,1,,Away,수원 KT 위즈파크,18:30,25.3
오승환,2021,Samsung,2021-05-12,@ KT,RP,SV,0.0,1.0,1,16,0,0,1,0,1,0,0,,Away,수원 KT 위즈파크,18:30,26.3
오승환,2021,Samsung,2021-05-08,vs. Lotte,RP,L,0.0,3.75,1 ⅓,34,3,0,4,0,1,1,0,,Home,대구 삼성 라이온즈 파크,17:00,18.1
오승환,2021,Samsung,2021-05-07,vs. Lotte,RP,SV,0.0,1.0,1,14,0,0,1,0,0,0,0,,Home,대구 삼성 라이온즈 파크,18:30,18.8
오승환,2021,Samsung,2021-05-05,@ Hanwha,RP,SV,0.0,1.0,1,19,0,0,0,0,1,1,0,,Away,대전 한화생명 볼파크,14:00,20.2
오승환,2021,Samsung,2021-05-02,vs. LG,RP,SV,0.0,0.0,1,12,0,0,0,0,1,0,0,,Home,대구 삼성 라이온즈 파크,14:00,14.1
오승환,2021,Samsung,2021-04-30,vs. LG,RP,,0.0,0.0,1,13,0,0,0,0,1,0,0,,Home,대구 삼성 라이온즈 파크,18:30,18.3
오승환,2021,Samsung,2021-04-28,vs. NC,RP,SV,18.0,2.0,1,27,2,2,2,1,3,0,0,,Home,대구 삼성 라이온즈 파크,18:30,17.2
오승환,2021,Samsung,2021-04-25,@ Kia,RP,SV,0.0,1.0,1,14,0,0,1,0,1,0,0,,Away,광주 기아 챔피언스 필드,14:00,25.7
오승환,2021,Samsung,2021-04-24,@ Kia,RP,,9.0,2.0,1,16,1,1,2,0,0,0,0,,Away,광주 기아 챔피언스 필드,17:00,21.9
오승환,2021,Samsung,2021-04-20,vs. SSG,RP,,0.0,0.0,0 ⅓,4,0,0,0,0,1,0,0,,Home,대구 삼성 라이온즈 파크,18:30,19.7
오승환,2021,Samsung,2021-04-13,vs. Hanwha,RP,SV,9.0,3.0,1,20,1,1,2,0,1,1,0,,Home,대구 삼성 라이온즈 파크,18:30,19.0
오승환,2021,Samsung,2021-04-11,vs. KT,RP,SV,9.0,3.0,1,31,1,1,3,0,0,0,0,,Home,대구 삼성 라이온즈 파크,14:00,18.4
오승환,2021,Samsung,2021-04-10,vs. KT,RP,SV,0.0,1.0,1,13,0,0,1,0,1,0,0,,Home,대구 삼성 라이온즈 파크,17:00,13.6
오승환,2021,Samsung,2021-04-09,vs. KT,RP,SV,0.0,6.0,0 ⅓,17,0,0,1,0,0,1,0,,Home,대구 삼성 라이온즈 파크,18:30,11.7
오승환,2021,Samsung,2021-04-06,@ Doosan,RP,,27.0,9.0,0 ⅓,25,1,1,1,0,1,2,0,,Away,잠실 야구장,18:30,17.4
오승환,2020,Samsung,2020-10-30,vs. NC,RP,,5.4,0.6,1 ⅔,25,1,1,1,1,2,0,0,,Home,대구 삼성 라이온즈 파크,18:30,14.4
오승환,2020,Samsung,2020-10-18,@ Hanwha,RP,SV,0.0,0.0,1,15,0,0,0,0,2,0,0,,Away,대전 한화생명 볼파크,14:00,19.6
오승환,2020,Samsung,2020-10-17,@ Hanwha,RP,SV,0.0,0.0,1,17,0,0,0,0,2,0,0,,Away,대전 한화생명 볼파크,17:00,17.7
오승환,2020,Samsung,2020-10-17,@ Hanwha,RP,,0.0,1.0,1,13,0,0,1,0,1,0,0,,Away,대전 한화생명 볼파크,17:00,17.7
오승환,2020,Samsung,2020-10-16,@ Hanwha,RP,SV,0.0,0.0,0 ⅔,8,0,0,0,0,1,0,0,,Away,대전 한화생명 볼파크,18:30,14.0
오승환,2020,Samsung,2020-10-14,vs. SK,RP,SV,0.0,2.0,1,19,0,0,2,0,0,0,0,,Home,대구 삼성 라이온즈 파크,18:30,18.2
오승환,2020,Samsung,2020-10-11,vs. Lotte,RP,,0.0,0.0,1,14,0,0,0,0,1,0,0,,Home,대구 삼성 라이온즈 파크,14:00,20.3
오승환,2020,Samsung,2020-10-10,vs. Lotte,RP,,0.0,2.0,1,15,0,0,1,0,0,1,0,,Home,대구 삼성 라이온즈 파크,17:00,19.4
오승환,2020,Samsung,2020-10-09,vs. Lotte,RP,W,0.0,0.0,1,14,0,0,0,0,1,0,0,,Home,대구 삼성 라이온즈 파크,18:30,19.2
오승환,2020,Samsung,2020-10-06,@ LG,RP,,0.0,0.0,1 ⅓,13,0,0,0,0,1,0,0,,Away,잠실 야구장,18:30,17.1
오승환,2020,Samsung,2020-10-03,@ NC,RP,,0.0,3.0,1,21,0,0,2,0,1,1,0,,Away,창원 NC 파크,17:00,23.2
오승환,2020,Samsung,2020-10-01,vs. KT,RP,,0.0,0.0,1,14,0,0,0,0,1,0,0,,Home,대구 삼성 라이온즈 파크,18:30,20.3
오승환,2020,Samsung,2020-09-30,vs. KT,RP,,6.75,2.25,1 ⅓,31,1,1,3,0,1,0,0,,Home,대구 삼성 라이온즈 파크,18:30,21.5
오승환,2020,Samsung,2020-09-25,@ Doosan,RP,SV,0.0,1.5,1 ⅓,14,0,0,2,0,1,0,0,,Away,잠실 야구장,18:30,22.5
오승환,2020,Samsung,2020-09-22,@ NC,RP,,0.0,3.0,0 ⅓,13,0,0,1,0,0,0,1,,Away,창원 NC 파크,18:30,20.8
오승환,2020,Samsung,2020-09-18,vs. Kia,RP,,0.0,,0,12,1,1,2,0,0,0,0,,Home,대구 삼성 라이온즈 파크,18:30,21.9
오승환,2020,Samsung,2020-09-12,@ LG,RP,,0.0,0.0,1,9,0,0,0,0,0,0,0,,Away,잠실 야구장,17:00,24.5
오승환,2020,Samsung,2020-09-08,vs. Hanwha,RP,,0.0,0.0,1,11,0,0,0,0,2,0,0,,Home,대구 삼성 라이온즈 파크,18:30,26.9
오승환,2020,Samsung,2020-09-06,vs. NC,RP,SV,0.0,0.0,0 ⅔,7,0,0,0,0,1,0,0,,Home,대구 삼성 라이온즈 파크,14:00,23.8
오승환,2020,Samsung,2020-09-03,vs. Doosan,RP,W,0.0,0.5,2,25,0,0,1,0,1,0,0,,Home,대구 삼성 라이온즈 파크,18:30,27.9
오승환,2020,Samsung,2020-08-29,@ Kiwoom,RP,SV,0.0,0.0,1,14,0,0,0,0,1,0,0,,Away,고척 스카이돔,18:00,25.5
오승환,2020,Samsung,2020-08-25,vs. LG,RP,SV,0.0,2.0,1,25,0,0,1,0,0,1,0,,Home,대구 삼성 라이온즈 파크,18:30,31.8
오승환,2020,Samsung,2020-08-20,@ SK,RP,,0.0,1.0,1,16,0,0,1,0,0,0,0,,Away,인천 SSG 랜더스필드,18:30,29.0
오승환,2020,Samsung,2020-08-15,@ Hanwha,RP,SV,0.0,1.0,1,18,0,0,1,0,1,0,0,,Away,대전 한화생명 볼파크,18:00,32.7
오승환,2020,Samsung,2020-08-13,vs. Doosan,RP,SV,0.0,2.25,1 ⅓,33,0,0,1,0,1,2,0,,Home,대구 삼성 라이온즈 파크,18:30,30.5
오승환,2020,Samsung,2020-08-07,@ SK,RP,SV,0.0,0.75,1 ⅓,23,0,0,1,0,3,0,0,,Away,인천 SSG 랜더스필드,18:30,26.2
오승환,2020,Samsung,2020-08-04,@ Doosan,RP,SV,0.0,1.0,1,12,0,0,1,0,1,0,0,,Away,잠실 야구장,18:30,30.3
오승환,2020,Samsung,2020-08-02,vs. Kiwoom,RP,L,9.0,1.5,2,34,2,2,2,0,2,1,0,,Home,대구 삼성 라이온즈 파크,17:00,29.6
오승환,2020,Samsung,2020-07-30,vs. Hanwha,RP,,0.0,1.5,2,47,0,0,2,0,2,1,0,,Home,대구 삼성 라이온즈 파크,18:30,26.0
오승환,2020,Samsung,2020-07-29,vs. Hanwha,RP,,9.0,2.0,1,11,1,1,2,0,0,0,0,,Home,대구 삼성 라이온즈 파크,18:30,26.9
오승환,2020,Samsung,2020-07-18,vs. Lotte,RP,SV,0.0,1.0,1,10,0,0,1,0,0,0,0,,Home,대구 삼성 라이온즈 파크,18:00,25.0
오승환,2020,Samsung,2020-07-17,vs. Lotte,RP,,0.0,1.0,1,12,0,0,1,0,0,0,0,,Home,대구 삼성 라이온즈 파크,18:30,24.7
오승환,2020,Samsung,2020-07-15,vs. Kia,RP,L,20.25,3.0,1 ⅓,30,3,3,4,1,1,0,0,,Home,대구 삼성 라이온즈 파크,18:30,21.7
오승환,2020,Samsung,2020-07-14,vs. Kia,RP,,0.0,2.0,1,17,0,0,1,0,1,1,0,,Home,대구 삼성 라이온즈 파크,18:30,22.4
오승환,2020,Samsung,2020-07-11,@ KT,RP,,9.0,2.0,1,23,1,1,2,0,1,0,0,,Away,수원 KT 위즈파크,18:00,29.0
오승환,2020,Samsung,2020-07-04,vs. LG,RP,,18.0,3.0,1,26,2,2,2,0,0,1,1,,Home,대구 삼성 라이온즈 파크,18:00,22.2
오승환,2020,Samsung,2020-07-03,vs. LG,RP,SV,0.0,3.0,0 ⅓,9,0,0,0,0,0,1,0,,Home,대구 삼성 라이온즈 파크,18:30,23.2
오승환,2020,Samsung,2020-06-30,vs. SK,RP,SV,0.0,0.0,1,11,0,0,0,0,1,0,0,,Home,대구 삼성 라이온즈 파크,18:30,25.2
오승환,2020,Samsung,2020-06-26,@ Lotte,RP,SV,0.0,0.0,1,14,0,0,0,0,1,0,0,,Away,사직 야구장,18:30,25.7
오승환,2020,Samsung,2020-06-24,vs. Hanwha,RP,W,0.0,1.0,1,11,0,0,1,0,0,0,0,,Home,대구 삼성 라이온즈 파크,18:30,25.2
오승환,2020,Samsung,2020-06-17,@ Doosan,RP,SV,0.0,0.0,1,9,0,0,0,0,1,0,0,,Away,잠실 야구장,18:30,25.7
오승환,2020,Samsung,2020-06-16,@ Doosan,RP,SV,0.0,2.0,1,27,0,0,0,0,1,2,0,,Away,잠실 야구장,18:30,27.8
오승환,2020,Samsung,2020-06-13,vs. KT,RP,H,9.0,2.0,1,16,1,1,1,0,1,1,0,,Home,대구 삼성 라이온즈 파크,17:00,25.0
오승환,2020,Samsung,2020-06-10,vs. Kiwoom,RP,H,9.0,3.0,1,22,1,1,2,0,1,1,0,,Home,대구 삼성 라이온즈 파크,18:30,26.0
오승환,2020,Samsung,2020-06-09,vs. Kiwoom,RP,,0.0,2.0,1,10,0,0,1,0,0,1,0,,Home,대구 삼성 라이온즈 파크,18:30,26.4
이재익,2024,Samsung,2024-09-19,@ KT,RP,,54.0,12.0,0 ⅓,24,2,2,3,0,1,1,0,,Away,수원 KT 위즈파크,18:30,32.1
이재익,2024,Samsung,2024-09-17,@ Doosan,RP,,0.0,0.75,1 ⅓,19,0,0,1,0,2,0,0,,Away,잠실 야구장,18:30,31.2
이재익,2024,Samsung,2024-09-14,@ SSG,RP,,0.0,,0,17,3,3,2,0,0,1,0,,Away,인천 SSG 랜더스필드,17:00,30.7
이재익,2024,Samsung,2024-09-11,@ Hanwha,RP,,5.4,1.2,1 ⅔,24,1,1,2,1,1,0,0,,Away,대전 한화생명 볼파크,18:30,29.2
이재익,2024,Samsung,2024-09-06,@ Lotte,RP,W,5.4,1.2,1 ⅔,24,1,1,1,0,2,1,0,,Away,사직 야구장,18:30,29.1
이재익,2024,Samsung,2024-07-31,@ LG,RP,,18.0,3.5,2,39,4,4,7,0,0,0,0,,Away,잠실 야구장,18:30,33.1
이재익,2024,Samsung,2024-03-28,@ LG,RP,,54.0,8.25,1 ⅓,50,8,8,10,1,0,1,0,,Away,잠실 야구장,18:30,11.8
이재익,2024,Samsung,2024-03-27,@ LG,RP,,0.0,3.0,0 ⅓,8,0,0,1,0,0,0,0,,Away,잠실 야구장,18:30,13.1
이재익,2024,Samsung,2024-03-24,@ KT,RP,,0.0,2.0,1,17,0,0,2,0,0,0,0,,Away,수원 KT 위즈파크,14:00,20.8
이재익,2023,Samsung,2023-10-15,@ NC,RP,,27.0,9.0,0 ⅓,12,1,1,3,0,0,0,0,,Away,창원 NC 파크,14:00,22.2
이재익,2023,Samsung,2023-10-14,vs. SSG,RP,H,0.0,1.5,0 ⅔,9,0,0,1,0,1,0,0,,Home,대구 삼성 라이온즈 파크,17:00,21.8
이재익,2023,Samsung,2023-10-09,@ Kia,RP,H,0.0,0.0,0 ⅓,5,0,0,0,0,0,0,0,,Away,광주 기아 챔피언스 필드,18:30,20.3
이재익,2023,Samsung,2023-10-08,@ Kia,RP,,0.0,0.0,0 ⅓,3,0,0,0,0,0,0,0,,Away,광주 기아 챔피언스 필드,14:00,20.7
이재익,2023,Samsung,2023-10-06,@ KT,RP,H,0.0,0.0,0 ⅔,7,0,0,0,0,0,0,0,,Away,수원 KT 위즈파크,18:30,17.6
이재익,2023,Samsung,2023-10-02,@ Lotte,RP,H,0.0,0.75,1 ⅓,15,0,0,0,0,0,1,0,,Away,사직 야구장,18:30,21.3
이재익,2023,Samsung,2023-10-01,@ Lotte,RP,L,0.0,,0,5,2,2,2,0,0,0,0,,Away,사직 야구장,14:00,25.3
이재익,2023,Samsung,2023-09-27,@ Hanwha,RP,,0.0,3.0,0 ⅓,11,0,0,1,0,1,0,0,,Away,대전 한화생명 볼파크,18:30,24.2
이재익,2023,Samsung,2023-09-27,@ Hanwha,RP,W,0.0,0.0,0 ⅓,4,0,0,0,0,1,0,0,,Away,대전 한화생명 볼파크,18:30,24.2
이재익,2023,Samsung,2023-09-22,vs. Doosan,RP,,0.0,0.0,1,12,0,0,0,0,0,0,0,,Home,대구 삼성 라이온즈 파크,18:30,23.2
이재익,2023,Samsung,2023-09-21,vs. Doosan,RP,,0.0,1.5,0 ⅔,11,0,0,1,0,1,0,0,,Home,대구 삼성 라이온즈 파크,18:30,21.9
이재익,2023,Samsung,2023-09-17,vs. Lotte,RP,,0.0,0.0,1,9,0,0,0,0,1,0,0,,Home,대구 삼성 라이온즈 파크,14:00,27.2
이재익,2023,Samsung,2023-09-12,vs. Kia,RP,H,0.0,0.0,0 ⅔,5,0,0,0,0,0,0,0,,Home,대구 삼성 라이온즈 파크,18:30,28.7
이재익,2023,Samsung,2023-09-10,@ Doosan,RP,,0.0,3.0,0 ⅔,20,0,0,1,0,0,1,0,,Away,잠실 야구장,14:00,29.2
이재익,2023,Samsung,2023-09-09,@ Doosan,RP,,0.0,2.0,1,15,0,0,2,0,1,0,0,,Away,잠실 야구장,17:00,30.1
이재익,2023,Samsung,2023-09-07,@ Lotte,RP,,0.0,0.0,0 ⅔,4,0,0,0,0,0,0,0,,Away,사직 야구장,18:30,26.6
이재익,2023,Samsung,2023-09-06,@ Lotte,RP,H,0.0,0.0,0 ⅔,8,0,0,0,0,1,0,0,,Away,사직 야구장,18:30,27.9
이재익,2023,Samsung,2023-09-02,vs. NC,RP,L,27.0,6.0,0 ⅔,30,2,2,3,0,1,1,0,,Home,대구 삼성 라이온즈 파크,17:00,26.4
이재익,2023,Samsung,2023-09-01,vs. NC,RP,,0.0,1.0,1,10,0,0,1,0,1,0,0,,Home,대구 삼성 라이온즈 파크,18:30,26.3
이재익,2023,Samsung,2023-08-19,vs. Kia,RP,L,0.0,,0,6,3,3,3,1,0,0,0,,Home,대구 삼성 라이온즈 파크,18:00,28.9
이재익,2023,Samsung,2023-08-18,vs. Kia,RP,,0.0,0.0,1,8,0,0,0,0,0,0,0,,Home,대구 삼성 라이온즈 파크,18:30,30.3
이재익,2023,Samsung,2023-08-15,vs. LG,RP,H,0.0,9.0,0 ⅓,11,0,0,3,0,0,0,0,,Home,대구 삼성 라이온즈 파크,18:30,30.0
이재익,2023,Samsung,2023-08-12,@ SSG,RP,,0.0,1.5,0 ⅔,9,0,0,0,0,0,1,0,,Away,인천 SSG 랜더스필드,18:00,28.1
이재익,2023,Samsung,2023-08-11,@ SSG,RP,H,0.0,0.0,1,18,0,0,0,0,2,0,0,,Away,인천 SSG 랜더스필드,18:30,27.2
이재익,2023,Samsung,2023-08-09,@ Doosan,RP,,0.0,3.0,0 ⅔,11,0,0,1,0,0,1,0,,Away,잠실 야구장,18:30,30.8
이재익,2023,Samsung,2023-08-06,vs. LG,RP,,0.0,3.0,0 ⅔,23,0,0,1,0,0,1,0,,Home,대구 삼성 라이온즈 파크,17:00,33.0
이재익,2023,Samsung,2023-08-05,vs. LG,RP,H,0.0,1.0,1,21,0,0,1,0,0,0,0,,Home,대구 삼성 라이온즈 파크,18:00,31.9
이재익,2023,Samsung,2023-08-03,vs. Kia,RP,,0.0,,0,14,3,3,1,0,0,2,0,,Home,대구 삼성 라이온즈 파크,18:30,32.2
이재익,2023,Samsung,2023-08-02,vs. Kia,RP,,0.0,0.0,1,14,0,0,0,0,0,0,0,,Home,대구 삼성 라이온즈 파크,18:30,31.8
이재익,2023,Samsung,2023-08-01,vs. Kia,RP,H,0.0,0.0,1,14,0,0,0,0,2,0,0,,Home,대구 삼성 라이온즈 파크,18:30,30.7
이재익,2023,Samsung,2023-07-28,@ Kiwoom,RP,,9.0,2.0,1,16,1,1,2,0,0,0,0,,Away,고척 스카이돔,18:30,25.5
이재익,2023,Samsung,2023-07-27,vs. SSG,RP,,0.0,1.5,1 ⅓,20,0,0,2,0,2,0,0,,Home,대구 삼성 라이온즈 파크,18:30,30.6
이재익,2023,Samsung,2023-07-21,vs. KT,RP,,9.0,3.0,1,25,1,1,3,1,1,0,0,,Home,대구 삼성 라이온즈 파크,18:30,27.6
이재익,2023,Samsung,2023-07-12,@ Kia,RP,,0.0,0.0,0 ⅔,6,0,0,0,0,0,0,0,,Away,광주 기아 챔피언스 필드,18:30,30.3
이재익,2023,Samsung,2023-07-08,@ NC,RP,,0.0,0.0,1,8,0,0,0,0,0,0,0,,Away,창원 NC 파크,18:00,26.2
이재익,2023,Samsung,2023-07-05,vs. Doosan,RP,,0.0,1.5,2,27,0,0,3,0,1,0,0,,Home,대구 삼성 라이온즈 파크,18:30,28.7
이재익,2023,Samsung,2023-07-04,vs. Doosan,RP,H,0.0,0.0,0 ⅓,3,0,0,0,0,0,0,0,,Home,대구 삼성 라이온즈 파크,18:30,26.3
이재익,2023,Samsung,2023-06-30,vs. Hanwha,RP,,0.0,1.0,2,24,0,0,2,0,0,0,0,,Home,대구 삼성 라이온즈 파크,18:30,25.6
이재익,2023,Samsung,2023-06-23,@ SSG,RP,,0.0,0.5,2,24,0,0,0,0,1,1,0,,Away,인천 SSG 랜더스필드,18:30,27.6
이재익,2023,Samsung,2023-06-22,vs. Kiwoom,RP,,0.0,1.5,0 ⅔,10,0,0,1,0,1,0,0,,Home,대구 삼성 라이온즈 파크,18:30,25.6
이재익,2023,Samsung,2023-06-20,vs. Kiwoom,RP,,0.0,1.0,1,10,0,0,1,0,0,0,0,,Home,대구 삼성 라이온즈 파크,18:30,23.7
이재익,2023,Samsung,2023-06-15,@ LG,RP,,0.0,1.0,1,14,0,0,0,0,0,1,0,,Away,잠실 야구장,18:30,26.9
이재익,2023,Samsung,2023-06-08,vs. NC,RP,,4.5,1.0,2,32,1,1,2,0,2,0,0,,Home,대구 삼성 라이온즈 파크,18:30,24.1
이재익,2023,Samsung,2023-06-07,vs. NC,RP,,0.0,6.0,0 ⅓,23,1,0,2,0,0,0,0,,Home,대구 삼성 라이온즈 파크,18:30,22.9
이재익,2023,Samsung,2023-06-02,@ Hanwha,RP,,0.0,,0,14,0,0,1,0,0,1,0,,Away,대전 한화생명 볼파크,18:30,23.9
이재익,2023,Samsung,2023-06-01,@ SSG,RP,,9.0,1.0,1,16,1,1,1,1,1,0,0,,Away,인천 SSG 랜더스필드,18:30,25.0
이재익,2023,Samsung,2023-05-27,vs. KT,RP,,0.0,1.0,1,15,0,0,0,0,0,1,0,,Home,대구 삼성 라이온즈 파크,17:00,23.3
이재익,2023,Samsung,2023-05-26,vs. KT,RP,,0.0,3.0,0 ⅔,16,0,0,0,0,0,2,0,,Home,대구 삼성 라이온즈 파크,18:30,19.9
이재익,2023,Samsung,2023-05-23,@ Doosan,RP,,0.0,0.0,0 ⅔,8,0,0,0,0,1,0,0,,Away,잠실 야구장,18:30,25.2
이재익,2023,Samsung,2023-04-28,@ KT,RP,,0.0,,0,14,3,3,1,0,0,2,0,,Away,수원 KT 위즈파크,18:30,18.1
이재익,2023,Samsung,2023-04-21,@ Kia,RP,,0.0,0.6,1 ⅔,27,0,0,0,0,3,1,0,,Away,광주 기아 챔피언스 필드,18:30,21.0
이재익,2022,Samsung,2022-10-07,@ Doosan,RP,,9.0,2.0,1,15,1,1,2,0,1,0,0,,Away,잠실 야구장,18:30,16.7
이재익,2022,Samsung,2022-10-06,@ Doosan,RP,,0.0,0.0,1,9,0,0,0,0,0,0,0,,Away,잠실 야구장,18:30,17.1
이재익,2022,Samsung,2022-10-04,@ KT,RP,,0.0,0.0,1 ⅓,15,0,0,0,0,1,0,0,,Away,수원 KT 위즈파크,18:30,18.0
이재익,2022,Samsung,2022-10-01,vs. Doosan,RP,,0.0,1.5,0 ⅔,5,0,0,1,0,0,0,0,,Home,대구 삼성 라이온즈 파크,17:00,25.6
이재익,2022,Samsung,2022-09-28,@ NC,RP,,0.0,1.0,1,10,0,0,1,0,0,0,0,,Away,창원 NC 파크,18:30,23.7
이재익,2022,Samsung,2022-09-22,vs. KT,RP,L,27.0,4.0,1,24,3,3,3,1,1,1,0,,Home,대구 삼성 라이온즈 파크,18:30,23.4
이재익,2022,Samsung,2022-09-21,@ Kiwoom,RP,,0.0,0.0,1,10,0,0,0,0,0,0,0,,Away,고척 스카이돔,18:30,25.5
이재익,2022,Samsung,2022-09-18,vs. Kia,RP,H,0.0,3.0,0 ⅔,13,0,0,2,0,0,0,0,,Home,대구 삼성 라이온즈 파크,14:00,30.9
이재익,2022,Samsung,2022-09-13,@ NC,RP,H,0.0,3.0,0 ⅓,8,0,0,0,0,0,1,0,,Away,창원 NC 파크,18:30,26.4
이재익,2022,Samsung,2022-09-09,vs. Lotte,RP,H,0.0,1.5,0 ⅔,12,0,0,1,0,1,0,0,,Home,대구 삼성 라이온즈 파크,18:30,24.6
이재익,2022,Samsung,2022-09-02,@ Kia,RP,,54.0,6.0,0 ⅓,8,2,2,2,0,0,0,0,,Away,광주 기아 챔피언스 필드,18:30,26.9
이재익,2022,Samsung,2022-08-31,vs. SSG,RP,H,0.0,0.0,0 ⅓,6,0,0,0,0,1,0,0,,Home,대구 삼성 라이온즈 파크,18:30,24.7
이재익,2022,Samsung,2022-08-28,vs. Hanwha,RP,,0.0,0.75,1 ⅓,20,0,0,0,0,2,1,0,,Home,대구 삼성 라이온즈 파크,17:00,25.5
이재익,2022,Samsung,2022-08-27,vs. Hanwha,RP,H,0.0,1.0,1,18,0,0,0,0,1,1,0,,Home,대구 삼성 라이온즈 파크,18:00,26.6
이재익,2022,Samsung,2022-08-25,@ Lotte,RP,H,0.0,0.0,0 ⅓,6,0,0,0,0,0,0,0,,Away,사직 야구장,18:30,27.1
이재익,2022,Samsung,2022-08-24,@ SSG,RP,,0.0,1.0,2,27,0,0,2,0,2,0,0,,Away,인천 SSG 랜더스필드,18:30,26.4
이재익,2022,Samsung,2022-07-02,@ NC,RP,,36.0,4.0,1,31,4,4,4,0,1,0,1,,Away,창원 NC 파크,18:00,30.7
이재익,2022,Samsung,2022-06-04,vs. Doosan,RP,,13.5,3.0,1 ⅓,27,2,2,3,0,0,1,0,,Home,대구 삼성 라이온즈 파크,17:00,23.1
이재익,2022,Samsung,2022-06-02,@ Kiwoom,RP,,0.0,,0,3,1,1,1,0,0,0,0,,Away,고척 스카이돔,18:30,25.5
이재익,2022,Samsung,2022-06-01,@ Kiwoom,RP,H,27.0,6.0,0 ⅓,14,1,1,1,0,0,1,0,,Away,고척 스카이돔,18:30,25.5
이재익,2022,Samsung,2022-05-21,vs. KT,RP,,0.0,3.0,0 ⅓,8,0,0,0,0,0,1,0,,Home,대구 삼성 라이온즈 파크,17:00,23.3
이재익,2022,Samsung,2022-05-20,vs. KT,RP,,0.0,,0,5,0,0,1,0,0,0,0,,Home,대구 삼성 라이온즈 파크,18:30,21.1
이재익,2022,Samsung,2022-05-17,@ Hanwha,RP,,13.5,3.0,0 ⅔,20,1,1,2,0,0,0,0,,Away,대전 한화생명 볼파크,18:30,25.7
이재익,2022,Samsung,2022-05-11,vs. SSG,RP,,18.0,2.0,1,12,2,2,2,1,0,0,0,,Home,대구 삼성 라이온즈 파크,18:30,19.4
이재익,2022,Samsung,2022-05-10,vs. SSG,RP,,0.0,0.75,1 ⅓,10,0,0,1,0,1,0,0,,Home,대구 삼성 라이온즈 파크,18:30,17.1
이재익,2022,Samsung,2022-05-04,vs. NC,RP,W,9.0,2.0,1,18,1,1,2,0,1,0,0,,Home,대구 삼성 라이온즈 파크,18:30,17.8
이재익,2022,Samsung,2022-05-03,vs. NC,RP,,0.0,0.0,0 ⅓,6,0,0,0,0,1,0,0,,Home,대구 삼성 라이온즈 파크,18:30,16.8
이재익,2022,Samsung,2022-04-30,@ Kia,RP,W,0.0,3.0,0 ⅓,3,0,0,1,0,0,0,0,,Away,광주 기아 챔피언스 필드,17:00,16.1
이재익,2022,Samsung,2022-04-29,@ Kia,RP,,0.0,0.0,0 ⅔,10,0,0,0,0,0,0,0,,Away,광주 기아 챔피언스 필드,18:30,17.4
이재익,2022,Samsung,2022-04-27,vs. LG,RP,,0.0,1.5,0 ⅔,16,2,0,1,0,0,0,0,,Home,대구 삼성 라이온즈 파크,18:30,16.0
이재익,2022,Samsung,2022-04-24,vs. Lotte,RP,,13.5,4.5,0 ⅔,17,1,1,3,1,1,0,0,,Home,대구 삼성 라이온즈 파크,14:00,21.2
이재익,2022,Samsung,2022-04-23,vs. Lotte,RP,L,0.0,0.0,0 ⅓,9,1,0,0,0,0,0,0,,Home,대구 삼성 라이온즈 파크,17:00,17.7
이재익,2022,Samsung,2022-04-20,@ NC,RP,,0.0,0.0,0 ⅔,6,0,0,0,0,0,0,0,,Away,창원 NC 파크,18:30,20.2
이재익,2022,Samsung,2022-04-19,@ NC,RP,,0.0,1.5,0 ⅔,14,0,0,1,0,0,0,0,,Away,창원 NC 파크,18:30,19.5
이재익,2022,Samsung,2022-04-17,@ SSG,RP,,13.5,1.5,1 ⅓,15,2,2,2,1,1,0,0,,Away,인천 SSG 랜더스필드,14:00,13.7
이재익,2022,Samsung,2022-04-15,@ SSG,RP,,0.0,0.0,1,16,0,0,0,0,2,0,0,,Away,인천 SSG 랜더스필드,18:30,12.6
이재익,2022,Samsung,2022-04-13,vs. Hanwha,RP,,0.0,0.0,1,10,0,0,0,0,1,0,0,,Home,대구 삼성 라이온즈 파크,18:30,12.0
이재익,2022,Samsung,2022-04-09,vs. Kiwoom,RP,,0.0,0.0,1,11,0,0,0,0,0,0,0,,Home,대구 삼성 라이온즈 파크,17:00,19.3
이재익,2022,Samsung,2022-04-06,@ Doosan,RP,,0.0,1.5,0 ⅔,6,0,0,1,0,0,0,0,,Away,잠실 야구장,18:30,14.8
이재익,2022,Samsung,2022-04-05,@ Doosan,RP,W,9.0,1.0,1,19,1,1,1,0,2,0,0,,Away,잠실 야구장,18:30,13.3
이재익,2022,Samsung,2022-04-03,@ KT,RP,,0.0,2.0,1,18,0,0,0,0,0,2,0,,Away,수원 KT 위즈파크,14:00,15.5
이재익,2022,Samsung,2022-04-02,@ KT,RP,,0.0,0.0,1,8,0,0,0,0,0,0,0,,Away,수원 KT 위즈파크,14:00,13.7
이재익,2021,Samsung,2021-10-05,@ Kiwoom,RP,,0.0,0.0,1,15,0,0,0,0,1,0,0,,Away,고척 스카이돔,18:30,25.5
이재익,2021,Samsung,2021-09-28,vs. SSG,RP,,18.0,4.0,1,21,2,2,3,0,0,1,0,,Home,대구 삼성 라이온즈 파크,18:30,25.0
이재익,2021,Samsung,2021-09-24,@ LG,RP,,0.0,2.0,1,20,1,0,2,0,0,0,0,,Away,잠실 야구장,18:30,25.5
이재익,2021,Samsung,2021-07-09,vs. Lotte,RP,,0.0,1.0,1,10,0,0,1,0,0,0,0,,Home,대구 삼성 라이온즈 파크,18:30,28.5
이재익,2021,Samsung,2021-06-30,@ SSG,RP,,9.0,3.0,1,23,1,1,3,1,0,0,0,,Away,인천 SSG 랜더스필드,18:30,27.5
이재익,2021,Samsung,2021-06-26,vs. LG,RP,,54.0,15.0,0 ⅓,27,2,2,0,0,0,5,0,,Home,대구 삼성 라이온즈 파크,17:00,26.6
이재익,2021,Samsung,2021-06-19,@ Lotte,RP,,0.0,2.0,1,32,0,0,0,0,1,2,0,,Away,사직 야구장,17:00,26.5
이재익,2021,Samsung,2021-06-15,@ Doosan,RP,W,0.0,3.0,1,28,0,0,1,0,0,2,0,,Away,잠실 야구장,18:30,26.4
이재익,2021,Samsung,2021-06-13,vs. NC,RP,W,0.0,0.0,0 ⅔,10,0,0,0,0,1,0,0,,Home,대구 삼성 라이온즈 파크,17:00,27.2
이재익,2021,Samsung,2021-06-09,vs. Kia,RP,,0.0,3.0,1,22,0,0,1,0,0,2,0,,Home,대구 삼성 라이온즈 파크,18:30,24.2
이재익,2021,Samsung,2021-06-05,@ Kiwoom,RP,,0.0,0.0,1,14,0,0,0,0,2,0,0,,Away,고척 스카이돔,17:00,25.5
이재익,2020,Samsung,2020-08-01,vs. Kiwoom,RP,,0.0,,0,23,6,5,4,0,0,1,0,,Home,대구 삼성 라이온즈 파크,18:00,29.0
이재익,2020,Samsung,2020-07-31,vs. Kiwoom,RP,,0.0,,0,14,3,3,2,0,0,1,0,,Home,대구 삼성 라이온즈 파크,18:30,29.4
이재익,2020,Samsung,2020-07-26,@ Kia,RP,,0.0,0.0,0 ⅓,3,0,0,0,0,0,0,0,,Away,광주 기아 챔피언스 필드,17:00,28.0
이재익,2020,Samsung,2020-07-10,@ KT,RP,,54.0,6.0,0 ⅓,14,2,2,2,2,1,0,0,,Away,수원 KT 위즈파크,18:30,29.4
김태훈,2024,Samsung,2024-09-28,vs. LG,RP,,0.0,0.0,1,7,0,0,0,0,1,0,0,,Home,대구 삼성 라이온즈 파크,17:00,26.8
김태훈,2024,Samsung,2024-09-25,vs. Kiwoom,RP,H,0.0,3.0,0 ⅔,18,0,0,1,0,0,1,0,,Home,대구 삼성 라이온즈 파크,18:30,26.2
김태훈,2024,Samsung,2024-09-22,vs. Kiwoom,RP,,0.0,0.0,0 ⅓,2,0,0,0,0,0,0,0,,Home,대구 삼성 라이온즈 파크,14:00,25.7
김태훈,2024,Samsung,2024-09-19,@ KT,RP,,27.0,4.0,1,21,3,3,3,1,0,1,0,,Away,수원 KT 위즈파크,18:30,32.1
김태훈,2024,Samsung,2024-09-18,@ KT,RP,H,0.0,0.0,1,4,0,0,0,0,0,0,0,,Away,수원 KT 위즈파크,18:30,32.3
김태훈,2024,Samsung,2024-09-15,@ SSG,RP,,13.5,1.5,1 ⅓,20,2,2,2,1,1,0,0,,Away,인천 SSG 랜더스필드,14:00,32.0
김태훈,2024,Samsung,2024-09-14,@ SSG,RP,,27.0,3.0,0 ⅔,18,2,2,1,0,0,1,0,,Away,인천 SSG 랜더스필드,17:00,30.7
김태훈,2024,Samsung,2024-09-08,vs. NC,RP,,0.0,1.5,0 ⅔,20,0,0,1,0,1,0,0,,Home,대구 삼성 라이온즈 파크,14:00,33.6
김태훈,2024,Samsung,2024-09-06,@ Lotte,RP,H,0.0,0.0,1 ⅓,16,0,0,0,0,3,0,0,,Away,사직 야구장,18:30,29.1
김태훈,2024,Samsung,2024-09-04,vs. Doosan,RP,H,0.0,1.0,1,15,0,0,1,0,1,0,1,,Home,대구 삼성 라이온즈 파크,18:30,28.5
김태훈,2024,Samsung,2024-09-03,vs. Lotte,RP,H,0.0,3.0,0 ⅓,10,0,0,0,0,1,1,0,,Home,대구 삼성 라이온즈 파크,18:30,27.1
김태훈,2024,Samsung,2024-08-31,vs. Kia,RP,,6.75,2.25,1 ⅓,31,1,1,3,0,1,0,0,,Home,대구 삼성 라이온즈 파크,18:00,29.1
김태훈,2024,Samsung,2024-08-28,@ Kiwoom,RP,H,0.0,1.0,1,21,0,0,1,0,0,0,0,,Away,고척 스카이돔,18:30,25.5
김태훈,2024,Samsung,2024-08-24,vs. Lotte,RP,,0.0,1.0,2,33,0,0,1,0,0,1,0,,Home,대구 삼성 라이온즈 파크,18:00,31.9
김태훈,2024,Samsung,2024-08-21,vs. Doosan,RP,,9.0,3.0,1,26,1,1,2,1,2,1,0,,Home,대구 삼성 라이온즈 파크,18:30,31.9
김태훈,2024,Samsung,2024-08-18,@ NC,RP,,0.0,,0,10,1,1,2,0,0,0,0,,Away,창원 NC 파크,17:00,31.7
김태훈,2024,Samsung,2024-08-16,@ NC,RP,W,9.0,1.0,1,18,1,1,1,1,0,0,0,,Away,창원 NC 파크,18:30,31.1
김태훈,2024,Samsung,2024-08-15,vs. KT,RP,,0.0,0.0,0 ⅓,5,0,0,0,0,0,0,0,,Home,대구 삼성 라이온즈 파크,18:30,31.4
김태훈,2024,Samsung,2024-06-30,@ KT,RP,,0.0,1.5,0 ⅔,13,0,0,1,0,0,0,0,,Away,수원 KT 위즈파크,17:00,26.3
김태훈,2024,Samsung,2024-06-28,@ KT,RP,H,6.75,0.75,1 ⅓,16,1,1,1,1,1,0,0,,Away,수원 KT 위즈파크,18:30,27.4
김태훈,2024,Samsung,2024-06-26,@ LG,RP,L,0.0,6.0,0 ⅓,10,1,0,1,0,0,1,0,,Away,잠실 야구장,18:30,28.6
김태훈,2024,Samsung,2024-06-23,vs. Doosan,RP,H,0.0,0.0,1,12,0,0,0,0,2,0,0,,Home,대구 삼성 라이온즈 파크,17:00,26.5
김태훈,2024,Samsung,2024-06-23,vs. Doosan,RP,H,0.0,3.0,0 ⅓,12,0,0,0,0,0,1,0,,Home,대구 삼성 라이온즈 파크,17:00,26.5
김태훈,2024,Samsung,2024-06-21,vs. Doosan,RP,H,0.0,0.0,0 ⅔,14,0,0,0,0,2,0,0,,Home,대구 삼성 라이온즈 파크,18:30,26.4
김태훈,2024,Samsung,2024-06-19,vs. SSG,RP,H,0.0,1.0,1,14,0,0,0,0,0,1,0,,Home,대구 삼성 라이온즈 파크,18:30,26.6
김태훈,2024,Samsung,2024-06-16,@ NC,RP,H,0.0,0.0,1,9,0,0,0,0,1,0,0,,Away,창원 NC 파크,17:00,29.1
김태훈,2024,Samsung,2024-06-13,vs. LG,RP,H,0.0,6.0,0 ⅓,13,0,0,1,0,0,1,0,,Home,대구 삼성 라이온즈 파크,18:30,27.1
김태훈,2024,Samsung,2024-06-12,vs. LG,RP,H,0.0,0.0,0 ⅓,7,0,0,0,0,1,0,0,,Home,대구 삼성 라이온즈 파크,18:30,25.3
김태훈,2024,Samsung,2024-06-11,vs. LG,RP,H,0.0,1.5,0 ⅔,15,0,0,0,0,1,1,0,,Home,대구 삼성 라이온즈 파크,18:30,24.2
김태훈,2024,Samsung,2024-06-09,@ Kiwoom,RP,,0.0,1.0,1,13,0,0,1,0,2,0,0,,Away,고척 스카이돔,14:00,25.5
김태훈,2024,Samsung,2024-06-07,@ Kiwoom,RP,L,36.0,5.0,1,33,4,4,4,1,0,1,0,,Away,고척 스카이돔,18:30,25.5
김태훈,2024,Samsung,2024-06-02,vs. Hanwha,RP,W,0.0,0.6,1 ⅔,15,0,0,1,0,1,0,0,,Home,대구 삼성 라이온즈 파크,17:00,21.6
김태훈,2024,Samsung,2024-05-31,vs. Hanwha,RP,H,0.0,4.5,0 ⅔,27,0,0,1,0,1,2,0,,Home,대구 삼성 라이온즈 파크,18:30,21.8
김태훈,2024,Samsung,2024-05-30,vs. Kiwoom,RP,,54.0,6.0,0 ⅓,10,2,2,2,0,0,0,0,,Home,대구 삼성 라이온즈 파크,18:30,20.5
김태훈,2024,Samsung,2024-05-28,vs. Kiwoom,RP,,0.0,0.0,1,5,0,0,0,0,0,0,0,,Home,대구 삼성 라이온즈 파크,18:30,20.6
김태훈,2024,Samsung,2024-05-25,@ Lotte,RP,H,0.0,1.0,1,13,0,0,1,0,0,0,0,,Away,사직 야구장,17:00,21.3
김태훈,2024,Samsung,2024-05-24,@ Lotte,RP,H,0.0,0.0,1,8,0,0,0,0,0,0,0,,Away,사직 야구장,18:30,19.9
김태훈,2024,Samsung,2024-05-22,vs. KT,RP,H,0.0,1.0,1,18,0,0,0,0,1,1,0,,Home,대구 삼성 라이온즈 파크,18:30,19.8
김태훈,2024,Samsung,2024-05-18,vs. Hanwha,RP,H,0.0,1.0,1,18,0,0,1,0,2,0,0,,Home,대구 삼성 라이온즈 파크,17:00,22.1
김태훈,2024,Samsung,2024-05-17,vs. Hanwha,RP,H,0.0,1.0,1,15,0,0,1,0,0,0,0,,Home,대구 삼성 라이온즈 파크,18:30,21.0
김태훈,2024,Samsung,2024-04-27,@ Kiwoom,RP,H,0.0,1.0,1,18,0,0,0,0,1,1,0,,Away,고척 스카이돔,17:00,25.5
김태훈,2024,Samsung,2024-04-24,vs. LG,RP,H,0.0,1.0,1,9,0,0,1,0,0,0,0,,Home,대구 삼성 라이온즈 파크,18:30,18.6
김태훈,2024,Samsung,2024-04-21,@ Hanwha,RP,W,0.0,0.0,0 ⅔,6,0,0,0,0,0,0,0,,Away,대전 한화생명 볼파크,14:00,17.2
김태훈,2024,Samsung,2024-04-19,@ Hanwha,RP,,27.0,3.0,0 ⅔,19,2,2,2,0,1,0,0,,Away,대전 한화생명 볼파크,18:30,23.6
김태훈,2024,Samsung,2024-04-18,vs. Doosan,RP,,0.0,0.6,1 ⅔,21,0,0,1,0,2,0,0,,Home,대구 삼성 라이온즈 파크,18:30,17.9
김태훈,2024,Samsung,2024-04-14,vs. NC,RP,,0.0,0.0,0 ⅔,8,0,0,0,0,0,0,0,,Home,대구 삼성 라이온즈 파크,14:00,23.0
김태훈,2024,Samsung,2024-04-13,vs. NC,RP,,0.0,0.0,1,12,0,0,0,0,2,0,0,,Home,대구 삼성 라이온즈 파크,17:00,21.0
김태훈,2024,Samsung,2024-04-10,@ Lotte,RP,,9.0,3.0,1,26,1,1,2,0,0,1,1,,Away,사직 야구장,18:30,13.1
김태훈,2024,Samsung,2024-04-09,@ Lotte,RP,,0.0,1.0,1,10,0,0,1,0,1,0,0,,Away,사직 야구장,18:30,12.3
김태훈,2024,Samsung,2024-04-07,@ Kia,RP,,0.0,0.5,2,16,0,0,1,0,0,0,0,,Away,광주 기아 챔피언스 필드,14:00,24.5
김태훈,2024,Samsung,2024-04-05,@ Kia,RP,,0.0,0.5,2,23,0,0,1,0,0,0,0,,Away,광주 기아 챔피언스 필드,18:30,16.5
김태훈,2024,Samsung,2024-04-02,vs. Kiwoom,RP,,0.0,1.0,1,15,0,0,1,0,0,0,0,,Home,대구 삼성 라이온즈 파크,18:30,16.8
김태훈,2024,Samsung,2024-03-30,vs. SSG,RP,,5.4,1.2,1 ⅔,36,1,1,1,0,1,1,1,,Home,대구 삼성 라이온즈 파크,17:00,15.6
김태훈,2024,Samsung,2024-03-28,@ LG,RP,,0.0,1.0,1,20,0,0,1,0,3,0,1,,Away,잠실 야구장,18:30,11.8
김태훈,2024,Samsung,2024-03-27,@ LG,RP,,13.5,4.5,0 ⅔,20,1,1,2,0,0,1,0,,Away,잠실 야구장,18:30,13.1
김태훈,2024,Samsung,2024-03-24,@ KT,RP,,0.0,0.0,1,6,0,0,0,0,0,0,0,,Away,수원 KT 위즈파크,14:00,20.8
김태훈,2023,Samsung,2023-10-15,@ NC,RP,,13.5,4.5,0 ⅔,16,1,1,2,0,1,1,1,,Away,창원 NC 파크,14:00,22.2
김태훈,2023,Samsung,2023-10-10,@ Kiwoom,RP,,9.0,1.0,1,23,1,1,1,1,1,0,0,,Away,고척 스카이돔,18:30,25.5
김태훈,2023,Samsung,2023-10-09,@ Kia,RP,,0.0,6.0,0 ⅓,9,0,0,1,0,0,1,0,,Away,광주 기아 챔피언스 필드,18:30,20.3
김태훈,2023,Samsung,2023-10-08,@ Kia,RP,L,27.0,9.0,0 ⅓,11,1,1,2,0,0,1,0,,Away,광주 기아 챔피언스 필드,14:00,20.7
김태훈,2023,Samsung,2023-10-06,@ KT,RP,H,0.0,1.0,1,20,1,0,1,0,1,0,0,,Away,수원 KT 위즈파크,18:30,17.6
김태훈,2023,Samsung,2023-10-04,vs. Hanwha,RP,,0.0,1.0,1,15,0,0,0,0,1,1,0,,Home,대구 삼성 라이온즈 파크,18:30,22.8
김태훈,2023,Samsung,2023-10-02,@ Lotte,RP,H,0.0,0.0,1 ⅓,15,0,0,0,0,1,0,0,,Away,사직 야구장,18:30,21.3
김태훈,2023,Samsung,2023-10-01,@ Lotte,RP,,9.0,2.0,1,21,1,1,2,0,0,0,0,,Away,사직 야구장,14:00,25.3
김태훈,2023,Samsung,2023-09-27,@ Hanwha,RP,,13.5,3.0,0 ⅔,13,1,1,2,0,0,0,0,,Away,대전 한화생명 볼파크,18:30,24.2
김태훈,2023,Samsung,2023-09-19,@ KT,RP,,40.5,6.0,0 ⅔,23,3,3,2,0,1,2,0,,Away,수원 KT 위즈파크,18:30,26.6
김태훈,2023,Samsung,2023-09-14,vs. KT,RP,SV,0.0,1.5,1 ⅓,24,0,0,1,0,1,1,0,,Home,대구 삼성 라이온즈 파크,18:30,25.6
김태훈,2023,Samsung,2023-09-12,vs. Kia,RP,,13.5,4.5,0 ⅔,19,1,1,2,1,0,1,0,,Home,대구 삼성 라이온즈 파크,18:30,28.7
김태훈,2023,Samsung,2023-09-08,@ Doosan,RP,L,9.0,3.0,1,22,2,1,1,0,0,2,0,,Away,잠실 야구장,18:30,28.5
김태훈,2023,Samsung,2023-09-07,@ Lotte,RP,,0.0,9.0,0 ⅓,15,0,0,1,0,1,2,0,,Away,사직 야구장,18:30,26.6
김태훈,2023,Samsung,2023-09-06,@ Lotte,RP,H,0.0,0.75,1 ⅓,18,0,0,1,0,2,0,0,,Away,사직 야구장,18:30,27.9
김태훈,2023,Samsung,2023-09-02,vs. NC,RP,,18.0,4.0,1,19,2,2,4,1,0,0,1,,Home,대구 삼성 라이온즈 파크,17:00,26.4
김태훈,2023,Samsung,2023-08-31,@ KT,RP,,9.0,2.0,1,17,1,1,2,1,0,0,0,,Away,수원 KT 위즈파크,18:30,26.5
김태훈,2023,Samsung,2023-08-27,vs. Kiwoom,RP,H,0.0,0.0,0 ⅓,2,0,0,0,0,0,0,0,,Home,대구 삼성 라이온즈 파크,17:00,30.3
김태훈,2023,Samsung,2023-08-26,vs. Kiwoom,RP,W,0.0,0.0,1,16,0,0,0,0,3,0,0,,Home,대구 삼성 라이온즈 파크,18:00,29.1
김태훈,2023,Samsung,2023-08-19,vs. Kia,RP,,0.0,2.0,1,17,0,0,0,0,1,2,0,,Home,대구 삼성 라이온즈 파크,18:00,28.9
김태훈,2023,Samsung,2023-08-17,vs. LG,RP,H,9.0,2.0,1,14,1,1,1,0,0,1,0,,Home,대구 삼성 라이온즈 파크,18:30,28.4
김태훈,2023,Samsung,2023-08-15,vs. LG,RP,H,0.0,0.0,1 ⅓,21,0,0,0,0,1,0,0,,Home,대구 삼성 라이온즈 파크,18:30,30.0
김태훈,2023,Samsung,2023-08-12,@ SSG,RP,,0.0,0.0,1 ⅓,14,0,0,0,0,1,0,0,,Away,인천 SSG 랜더스필드,18:00,28.1
김태훈,2023,Samsung,2023-08-11,@ SSG,RP,,54.0,6.0,0 ⅓,9,2,2,2,0,0,0,0,,Away,인천 SSG 랜더스필드,18:30,27.2
김태훈,2023,Samsung,2023-08-09,@ Doosan,RP,W,0.0,0.0,0 ⅓,5,0,0,0,0,1,0,0,,Away,잠실 야구장,18:30,30.8
김태훈,2023,Samsung,2023-08-06,vs. LG,RP,,18.0,2.0,1,13,2,2,2,1,1,0,0,,Home,대구 삼성 라이온즈 파크,17:00,33.0
김태훈,2023,Samsung,2023-08-04,vs. LG,RP,W,0.0,0.0,0 ⅓,6,0,0,0,0,0,0,0,,Home,대구 삼성 라이온즈 파크,18:30,32.4
김태훈,2023,Samsung,2023-08-03,vs. Kia,RP,,0.0,2.0,1,13,0,0,1,0,0,1,0,,Home,대구 삼성 라이온즈 파크,18:30,32.2
김태훈,2023,Samsung,2023-08-01,vs. Kia,RP,,0.0,0.6,1 ⅔,25,0,0,1,0,1,0,0,,Home,대구 삼성 라이온즈 파크,18:30,30.7
김태훈,2023,Samsung,2023-07-30,@ Kiwoom,RP,,27.0,4.0,1,22,4,3,3,0,1,1,0,,Away,고척 스카이돔,14:00,25.5
김태훈,2023,Samsung,2023-07-28,@ Kiwoom,RP,,0.0,1.0,1,12,0,0,1,0,2,0,0,,Away,고척 스카이돔,18:30,25.5
김태훈,2023,Samsung,2023-07-26,vs. SSG,RP,L,27.0,9.0,0 ⅓,26,1,1,1,0,0,2,0,,Home,대구 삼성 라이온즈 파크,18:30,30.7
김태훈,2023,Samsung,2023-07-23,vs. KT,RP,L,54.0,6.0,0 ⅓,9,2,2,2,0,0,0,0,,Home,대구 삼성 라이온즈 파크,17:00,28.9
김태훈,2023,Samsung,2023-07-22,vs. KT,RP,W,0.0,0.0,0 ⅔,14,0,0,0,0,1,0,1,,Home,대구 삼성 라이온즈 파크,18:00,27.1
김태훈,2023,Samsung,2023-07-21,vs. KT,RP,,0.0,1.0,1,11,0,0,0,0,0,1,0,,Home,대구 삼성 라이온즈 파크,18:30,27.6
김태훈,2023,Samsung,2023-07-12,@ Kia,RP,,0.0,0.0,0 ⅔,2,0,0,0,0,0,0,0,,Away,광주 기아 챔피언스 필드,18:30,30.3
김태훈,2023,Samsung,2023-07-09,@ NC,RP,,0.0,1.0,1,15,0,0,0,0,0,1,0,,Away,창원 NC 파크,17:00,28.6
김태훈,2023,Samsung,2023-07-06,vs. Doosan,RP,,0.0,0.5,2,28,0,0,0,0,0,1,0,,Home,대구 삼성 라이온즈 파크,18:30,26.6
김태훈,2023,Samsung,2023-07-04,vs. Doosan,RP,,0.0,0.75,1 ⅓,24,0,0,0,0,0,1,0,,Home,대구 삼성 라이온즈 파크,18:30,26.3
김태훈,2023,Samsung,2023-07-01,vs. Hanwha,RP,,0.0,1.0,1,14,0,0,1,0,0,0,0,,Home,대구 삼성 라이온즈 파크,18:00,26.1
김태훈,2023,Samsung,2023-06-30,vs. Hanwha,RP,,0.0,2.0,1,15,0,0,1,0,0,1,0,,Home,대구 삼성 라이온즈 파크,18:30,25.6
김태훈,2023,Samsung,2023-06-28,@ Lotte,RP,,27.0,9.0,0 ⅓,18,1,1,1,0,0,2,0,,Away,사직 야구장,18:30,26.3
김태훈,2023,Samsung,2023-06-25,@ SSG,RP,,27.0,6.0,0 ⅓,18,1,1,0,0,0,2,0,,Away,인천 SSG 랜더스필드,17:00,30.1
김태훈,2023,Samsung,2023-06-24,@ SSG,RP,,0.0,1.0,1,12,0,0,1,0,1,0,0,,Away,인천 SSG 랜더스필드,17:00,28.6
김태훈,2023,Samsung,2023-06-23,@ SSG,RP,,0.0,0.0,1,16,0,0,0,0,1,0,0,,Away,인천 SSG 랜더스필드,18:30,27.6
김태훈,2023,Samsung,2023-06-10,vs. Lotte,RP,,108.0,12.0,0 ⅓,20,4,4,2,0,0,2,0,,Home,대구 삼성 라이온즈 파크,17:00,26.2
김태훈,2023,Samsung,2023-06-07,vs. NC,RP,,0.0,0.0,1 ⅓,12,0,0,0,0,0,0,0,,Home,대구 삼성 라이온즈 파크,18:30,22.9
김태훈,2023,Samsung,2023-06-06,vs. NC,RP,,27.0,4.5,0 ⅔,20,2,2,2,0,1,1,0,,Home,대구 삼성 라이온즈 파크,18:30,21.9
김태훈,2023,Samsung,2023-06-04,@ Hanwha,RP,,0.0,2.0,1,11,0,0,2,0,0,0,0,,Away,대전 한화생명 볼파크,17:00,24.7
김태훈,2023,Samsung,2023-06-02,@ Hanwha,RP,,27.0,3.0,0 ⅔,14,2,2,2,0,0,0,0,,Away,대전 한화생명 볼파크,18:30,23.9
김태훈,2023,Samsung,2023-05-31,@ SSG,RP,H,0.0,1.0,1,11,0,0,1,0,1,0,0,,Away,인천 SSG 랜더스필드,18:30,22.6
김태훈,2023,Samsung,2023-05-28,vs. KT,RP,,0.0,0.0,1,10,0,0,0,0,1,0,0,,Home,대구 삼성 라이온즈 파크,14:00,20.6
김태훈,2023,Samsung,2023-05-26,vs. KT,RP,,0.0,0.6,1 ⅔,26,0,0,0,0,2,1,0,,Home,대구 삼성 라이온즈 파크,18:30,19.9
김태훈,2023,Samsung,2023-05-23,@ Doosan,RP,,0.0,0.0,1 ⅔,27,0,0,0,0,2,0,0,,Away,잠실 야구장,18:30,25.2
김태훈,2023,Samsung,2023-05-19,@ NC,RP,H,27.0,6.0,0 ⅓,15,1,1,1,0,0,1,0,,Away,창원 NC 파크,18:30,21.1
김태훈,2023,Samsung,2023-05-16,vs. Kia,RP,L,81.0,12.0,0 ⅓,22,3,3,3,0,0,1,0,,Home,대구 삼성 라이온즈 파크,18:30,20.9
김태훈,2023,Samsung,2023-05-14,vs. LG,RP,L,81.0,9.0,0 ⅓,21,3,3,3,0,0,0,0,,Home,대구 삼성 라이온즈 파크,14:00,20.6
김태훈,2023,Samsung,2023-05-12,vs. LG,RP,,0.0,1.5,0 ⅔,10,0,0,0,0,1,1,0,,Home,대구 삼성 라이온즈 파크,18:30,18.1
김태훈,2023,Samsung,2023-05-09,@ Hanwha,RP,,0.0,1.0,1,26,0,0,1,0,2,0,0,,Away,대전 한화생명 볼파크,18:30,22.9
김태훈,2023,Samsung,2023-05-02,vs. Kiwoom,RP,L,36.0,4.0,1,16,4,4,3,2,0,1,0,,Home,대구 삼성 라이온즈 파크,18:30,17.6
김태훈,2023,Samsung,2023-04-30,@ KT,RP,SV,0.0,2.0,1,21,0,0,1,0,1,1,0,,Away,수원 KT 위즈파크,14:00,18.3
김태훈,2023,Samsung,2023-04-28,@ KT,RP,W,0.0,0.75,1 ⅓,15,0,0,1,0,0,0,0,,Away,수원 KT 위즈파크,18:30,18.1
김태훈,2023,Samsung,2023-04-27,vs. Doosan,RP,SV,0.0,0.0,1,9,0,0,0,0,0,0,0,,Home,대구 삼성 라이온즈 파크,18:30,16.8
김태훈,2023,Samsung,2023-04-23,@ SSG,RP,,6.75,3.0,1 ⅓,35,1,1,2,0,0,2,0,,Away,인천 SSG 랜더스필드,14:00,20.5
김태훈,2023,Samsung,2023-04-19,vs. Samsung,RP,,81.0,12.0,0 ⅓,19,3,3,3,0,0,1,0,,Home,대구 삼성 라이온즈 파크,18:30,16.6
김태훈,2023,Samsung,2023-04-16,vs. Kia,RP,W,0.0,1.0,1,11,0,0,0,0,0,1,0,,Home,대구 삼성 라이온즈 파크,14:00,18.0
김태훈,2023,Samsung,2023-04-15,vs. Kia,RP,,0.0,1.0,1,13,0,0,1,0,0,0,0,,Home,대구 삼성 라이온즈 파크,17:00,15.8
김태훈,2023,Samsung,2023-04-07,@ NC,RP,,9.0,3.0,1,11,1,1,2,1,2,1,0,,Away,창원 NC 파크,18:30,15.2
김태훈,2023,Samsung,2023-04-05,vs. LG,RP,H,0.0,0.0,1,12,0,0,0,0,0,0,0,,Home,대구 삼성 라이온즈 파크,18:30,15.7
김태훈,2023,Samsung,2023-04-02,vs. Hanwha,RP,H,0.0,0.0,1,18,0,0,0,0,1,0,0,,Home,대구 삼성 라이온즈 파크,14:00,20.3
김태훈,2023,Samsung,2023-04-01,vs. Hanwha,RP,H,0.0,2.0,1,25,1,0,1,0,1,1,0,,Home,대구 삼성 라이온즈 파크,14:00,21.3
김태훈,2022,Kiwoom,2022-09-08,vs. LG,RP,,0.0,1.5,0 ⅔,17,0,0,0,0,2,1,0,,Home,고척 스카이돔,18:30,25.5
김태훈,2022,Kiwoom,2022-09-07,@ Samsung,RP,,0.0,0.0,1,9,0,0,0,0,1,0,0,,Away,대구 삼성 라이온즈 파크,18:30,24.9
김태훈,2022,Kiwoom,2022-09-03,@ SSG,RP,SV,0.0,1.0,1,12,0,0,1,0,1,0,0,,Away,인천 SSG 랜더스필드,17:00,27.4
김태훈,2022,Kiwoom,2022-09-02,vs. Hanwha,RP,H,0.0,0.0,1,10,0,0,0,0,0,0,0,,Home,고척 스카이돔,18:30,25.5
김태훈,2022,Kiwoom,2022-08-31,vs. Lotte,RP,H,0.0,1.5,1 ⅓,19,0,0,1,0,0,1,0,,Home,고척 스카이돔,18:30,25.5
김태훈,2022,Kiwoom,2022-08-30,vs. Lotte,RP,H,0.0,0.0,1,7,0,0,0,0,0,0,0,,Home,고척 스카이돔,18:30,25.5
김태훈,2022,Kiwoom,2022-08-26,@ NC,RP,H,0.0,0.0,1,9,0,0,0,0,0,0,0,,Away,창원 NC 파크,18:30,26.7
김태훈,2022,Kiwoom,2022-08-25,@ NC,RP,W,0.0,0.0,1,13,0,0,0,0,1,0,0,,Away,창원 NC 파크,18:30,27.5
김태훈,2022,Kiwoom,2022-08-24,vs. Kia,RP,,0.0,3.0,1,20,2,0,1,0,0,2,0,,Home,고척 스카이돔,18:30,25.5
김태훈,2022,Kiwoom,2022-08-20,vs. SSG,RP,,0.0,1.0,1,20,0,0,1,0,2,0,0,,Home,고척 스카이돔,18:00,25.5
김태훈,2022,Kiwoom,2022-08-04,vs. SSG,RP,,27.0,6.0,0 ⅔,19,2,2,2,0,0,2,1,,Home,고척 스카이돔,18:30,25.5
김태훈,2022,Kiwoom,2022-07-30,@ NC,RP,,9.0,2.0,1,16,1,1,2,0,1,0,0,,Away,창원 NC 파크,18:00,30.2
김태훈,2022,Kiwoom,2022-07-27,@ KT,RP,H,9.0,3.0,1,17,1,1,3,0,0,0,0,,Away,수원 KT 위즈파크,18:30,30.7
김태훈,2022,Kiwoom,2022-07-26,@ KT,RP,,0.0,0.0,1,12,0,0,0,0,1,0,0,,Away,수원 KT 위즈파크,18:30,31.7
김태훈,2022,Kiwoom,2022-07-23,vs. Samsung,RP,,0.0,0.0,1,14,0,0,0,0,1,0,0,,Home,고척 스카이돔,18:00,25.5
김태훈,2022,Kiwoom,2022-07-12,@ SSG,RP,,9.0,2.0,1,27,1,1,2,0,0,0,0,,Away,인천 SSG 랜더스필드,18:30,29.3
김태훈,2022,Kiwoom,2022-07-06,@ Doosan,RP,L,18.0,1.0,1,13,2,2,1,1,1,0,1,,Away,잠실 야구장,18:30,33.6
김태훈,2022,Kiwoom,2022-07-03,vs. Hanwha,RP,H,0.0,1.0,1,12,0,0,1,0,1,0,0,,Home,고척 스카이돔,14:00,25.5
김태훈,2022,Kiwoom,2022-07-02,vs. Hanwha,RP,H,0.0,1.0,1,10,0,0,1,0,1,0,0,,Home,고척 스카이돔,18:00,25.5
김태훈,2022,Kiwoom,2022-06-28,vs. Kia,RP,H,0.0,3.0,1,21,0,0,1,0,1,2,0,,Home,고척 스카이돔,18:30,25.5
김태훈,2022,Kiwoom,2022-06-26,@ Lotte,RP,W,0.0,1.0,1,13,0,0,1,0,1,0,0,,Away,사직 야구장,17:00,27.3
김태훈,2022,Kiwoom,2022-06-25,@ Lotte,RP,,9.0,1.0,1,12,1,1,1,1,2,0,0,,Away,사직 야구장,17:00,25.6
김태훈,2022,Kiwoom,2022-06-23,@ Samsung,RP,,0.0,1.0,1,10,0,0,0,0,0,1,0,,Away,대구 삼성 라이온즈 파크,18:30,26.3
김태훈,2022,Kiwoom,2022-06-22,@ Samsung,RP,H,0.0,2.0,1,15,0,0,2,0,2,0,0,,Away,대구 삼성 라이온즈 파크,18:30,27.4
김태훈,2022,Kiwoom,2022-06-19,vs. LG,RP,L,40.5,4.5,0 ⅔,26,3,3,2,0,1,1,0,,Home,고척 스카이돔,14:00,25.5
김태훈,2022,Kiwoom,2022-06-17,vs. LG,RP,,0.0,2.0,1,9,0,0,2,0,0,0,0,,Home,고척 스카이돔,18:30,25.5
김태훈,2022,Kiwoom,2022-06-16,vs. Doosan,RP,,0.0,1.0,1,9,0,0,1,0,0,0,0,,Home,고척 스카이돔,18:30,25.5
김태훈,2022,Kiwoom,2022-06-14,vs. Doosan,RP,H,0.0,1.0,1,10,0,0,1,0,0,0,0,,Home,고척 스카이돔,18:30,25.5
김태훈,2022,Kiwoom,2022-06-10,@ Kia,RP,W,9.0,2.5,2,43,2,2,3,0,2,2,0,,Away,광주 기아 챔피언스 필드,18:30,25.3
김태훈,2022,Kiwoom,2022-06-08,vs. KT,RP,,0.0,0.0,1,13,0,0,0,0,2,0,0,,Home,고척 스카이돔,18:30,25.5
김태훈,2022,Kiwoom,2022-06-04,@ Hanwha,RP,,0.0,3.0,0 ⅔,14,0,0,1,0,0,1,0,,Away,대전 한화생명 볼파크,17:00,28.5
김태훈,2022,Kiwoom,2022-06-02,vs. Samsung,RP,,9.0,1.0,1,19,1,1,1,1,1,0,0,,Home,고척 스카이돔,18:30,25.5
김태훈,2022,Kiwoom,2022-06-01,vs. Samsung,RP,,0.0,2.0,1,15,1,0,2,0,0,0,0,,Home,고척 스카이돔,18:30,25.5
김태훈,2022,Kiwoom,2022-04-28,@ Hanwha,RP,SV,0.0,1.0,1,25,0,0,0,0,2,1,0,,Away,대전 한화생명 볼파크,18:30,20.1
김태훈,2022,Kiwoom,2022-04-23,vs. Kia,RP,SV,0.0,0.0,1,11,0,0,0,0,0,0,0,,Home,고척 스카이돔,17:00,25.5
김태훈,2022,Kiwoom,2022-04-19,@ SSG,RP,SV,0.0,2.0,1,25,0,0,1,0,1,1,0,,Away,인천 SSG 랜더스필드,18:30,13.8
김태훈,2022,Kiwoom,2022-04-15,@ Doosan,RP,SV,9.0,4.0,1,23,1,1,1,0,0,3,0,,Away,잠실 야구장,18:30,16.2
김태훈,2022,Kiwoom,2022-04-14,vs. NC,RP,SV,0.0,0.0,1,16,0,0,0,0,1,0,0,,Home,고척 스카이돔,18:30,25.5
김태훈,2022,Kiwoom,2022-04-13,vs. NC,RP,,0.0,0.0,1,20,0,0,0,0,3,0,0,,Home,고척 스카이돔,18:30,25.5
김태훈,2022,Kiwoom,2022-04-10,@ Samsung,RP,SV,0.0,2.0,1,9,0,0,2,0,0,0,0,,Away,대구 삼성 라이온즈 파크,14:00,21.5
김태훈,2022,Kiwoom,2022-04-09,@ Samsung,RP,SV,0.0,0.0,1,14,0,0,0,0,0,0,0,,Away,대구 삼성 라이온즈 파크,17:00,19.3
김태훈,2022,Kiwoom,2022-04-08,@ Samsung,RP,SV,0.0,3.0,1,22,0,0,1,0,0,2,0,,Away,대구 삼성 라이온즈 파크,18:30,15.6
김태훈,2022,Kiwoom,2022-04-03,vs. Lotte,RP,,0.0,1.0,1,24,0,0,1,0,2,0,0,,Home,고척 스카이돔,14:00,25.5
김태훈,2021,Kiwoom,2021-10-30,@ Kia,RP,,0.0,1.0,1,10,0,0,1,0,0,0,0,,Away,광주 기아 챔피언스 필드,17:00,17.0
김태훈,2021,Kiwoom,2021-10-29,vs. KT,RP,H,0.0,1.0,1,11,0,0,0,0,0,1,0,,Home,고척 스카이돔,18:30,25.5
김태훈,2021,Kiwoom,2021-10-27,vs. Samsung,RP,,27.0,5.0,1,25,3,3,4,0,1,1,0,,Home,고척 스카이돔,18:30,25.5
김태훈,2021,Kiwoom,2021-10-21,@ LG,RP,,0.0,1.0,1,9,1,0,1,0,0,0,0,,Away,잠실 야구장,18:30,12.3
김태훈,2021,Kiwoom,2021-10-20,@ LG,RP,SV,18.0,3.0,1,28,2,2,2,0,0,1,1,,Away,잠실 야구장,18:30,12.3
김태훈,2021,Kiwoom,2021-10-19,@ LG,RP,SV,0.0,0.75,1 ⅓,18,0,0,0,0,1,1,0,,Away,잠실 야구장,18:30,11.3
김태훈,2021,Kiwoom,2021-09-30,@ Kia,RP,SV,0.0,1.0,1,9,0,0,1,0,1,0,0,,Away,광주 기아 챔피언스 필드,18:30,26.5
김태훈,2021,Kiwoom,2021-09-28,@ Hanwha,RP,,0.0,1.0,1,13,0,0,0,0,0,1,0,,Away,대전 한화생명 볼파크,18:30,25.1
김태훈,2021,Kiwoom,2021-09-24,vs. NC,RP,W,0.0,0.0,1,15,0,0,0,0,2,0,0,,Home,고척 스카이돔,18:30,25.5
김태훈,2021,Kiwoom,2021-09-23,vs. NC,RP,SV,0.0,0.0,1,16,0,0,0,0,1,0,0,,Home,고척 스카이돔,18:30,25.5
김태훈,2021,Kiwoom,2021-09-22,@ SSG,RP,,6.75,1.5,1 ⅓,22,1,1,1,1,0,1,0,,Away,인천 SSG 랜더스필드,18:30,22.7
김태훈,2021,Kiwoom,2021-09-18,vs. Doosan,RP,,9.0,3.0,1,27,1,1,3,0,0,0,0,,Home,고척 스카이돔,17:00,25.5
김태훈,2021,Kiwoom,2021-09-12,@ Lotte,RP,,0.0,0.0,1,13,0,0,0,0,0,0,0,,Away,사직 야구장,14:00,29.1
김태훈,2021,Kiwoom,2021-09-10,vs. Kia,RP,SV,0.0,0.0,1 ⅓,23,0,0,0,0,1,0,0,,Home,고척 스카이돔,18:30,25.5
김태훈,2021,Kiwoom,2021-09-09,vs. Kia,RP,SV,0.0,2.0,1,18,0,0,1,0,1,1,0,,Home,고척 스카이돔,18:30,25.5
김태훈,2021,Kiwoom,2021-09-05,vs. SSG,RP,SV,0.0,0.0,1,11,0,0,0,0,0,0,0,,Home,고척 스카이돔,14:00,25.5
김태훈,2021,Kiwoom,2021-09-02,vs. KT,RP,SV,0.0,1.0,1,23,0,0,0,0,2,1,0,,Home,고척 스카이돔,18:30,25.5
김태훈,2021,Kiwoom,2021-08-28,@ LG,RP,,0.0,1.5,1 ⅓,23,0,0,0,0,0,2,0,,Away,잠실 야구장,18:00,27.3
김태훈,2021,Kiwoom,2021-08-26,vs. Hanwha,RP,H,0.0,2.0,1,16,0,0,1,0,1,1,0,,Home,고척 스카이돔,18:30,25.5
김태훈,2021,Kiwoom,2021-08-24,@ Kia,RP,H,0.0,1.5,0 ⅔,8,0,0,1,0,0,0,0,,Away,광주 기아 챔피언스 필드,18:30,29.5
김태훈,2021,Kiwoom,2021-08-20,@ Kia,RP,,0.0,3.0,0 ⅓,9,0,0,1,0,0,0,0,,Away,광주 기아 챔피언스 필드,18:30,28.3
김태훈,2021,Kiwoom,2021-08-14,vs. Doosan,RP,H,0.0,1.0,1,17,0,0,1,0,2,0,0,,Home,고척 스카이돔,18:00,25.5
김태훈,2021,Kiwoom,2021-08-11,vs. KT,RP,SV,0.0,2.0,1,29,0,0,1,0,2,1,0,,Home,고척 스카이돔,18:30,25.5
김태훈,2021,Kiwoom,2021-08-10,vs. KT,RP,SV,0.0,1.0,1,22,0,0,0,0,1,1,0,,Home,고척 스카이돔,18:30,25.5
김태훈,2021,Kiwoom,2021-07-08,vs. SSG,RP,H,0.0,3.0,0 ⅓,8,0,0,0,0,0,1,0,,Home,고척 스카이돔,18:30,25.5
김태훈,2021,Kiwoom,2021-07-06,vs. SSG,RP,,0.0,2.0,1,19,0,0,1,0,0,1,0,,Home,고척 스카이돔,18:30,25.5
김태훈,2021,Kiwoom,2021-07-04,@ KT,RP,,27.0,4.5,0 ⅔,25,2,2,3,0,1,0,0,,Away,수원 KT 위즈파크,17:00,24.3
김태훈,2021,Kiwoom,2021-06-30,vs. Lotte,RP,W,9.0,2.0,1,23,1,1,1,0,0,1,0,,Home,고척 스카이돔,18:30,25.5
김태훈,2021,Kiwoom,2021-06-27,vs. Kia,RP,,18.0,4.0,1,26,2,2,4,0,2,0,0,,Home,고척 스카이돔,14:00,25.5
김태훈,2021,Kiwoom,2021-06-26,vs. Kia,RP,,0.0,1.0,1,14,0,0,1,0,2,0,0,,Home,고척 스카이돔,17:00,25.5
김태훈,2021,Kiwoom,2021-06-23,@ Doosan,RP,W,0.0,2.25,1 ⅓,16,0,0,3,0,1,0,0,,Away,잠실 야구장,18:30,24.7
김태훈,2021,Kiwoom,2021-06-20,@ NC,RP,,0.0,4.5,0 ⅔,30,2,0,1,0,1,2,0,,Away,창원 NC 파크,17:00,27.2
김태훈,2021,Kiwoom,2021-06-19,@ NC,RP,H,0.0,2.0,1,18,0,0,1,0,1,1,0,,Away,창원 NC 파크,17:00,25.1
김태훈,2021,Kiwoom,2021-06-17,vs. LG,RP,,0.0,0.0,1 ⅔,14,0,0,0,0,1,0,0,,Home,고척 스카이돔,18:30,25.5
김태훈,2021,Kiwoom,2021-06-16,vs. LG,RP,H,0.0,0.0,1,14,0,0,0,0,2,0,0,,Home,고척 스카이돔,18:30,25.5
김태훈,2021,Kiwoom,2021-06-13,@ SSG,RP,,0.0,0.0,0 ⅔,12,0,0,0,0,0,0,0,,Away,인천 SSG 랜더스필드,17:00,23.6
김태훈,2021,Kiwoom,2021-06-12,@ SSG,RP,,0.0,0.0,1,11,0,0,0,0,0,0,0,,Away,인천 SSG 랜더스필드,17:00,26.8
김태훈,2021,Kiwoom,2021-06-10,@ Hanwha,RP,,0.0,0.0,1,9,0,0,0,0,0,0,0,,Away,대전 한화생명 볼파크,18:30,27.9
김태훈,2021,Kiwoom,2021-06-09,@ Hanwha,RP,SV,0.0,3.0,0 ⅓,10,0,0,0,0,1,1,0,,Away,대전 한화생명 볼파크,18:30,30.6
김태훈,2021,Kiwoom,2021-06-06,vs. Samsung,RP,,0.0,1.0,1,8,0,0,0,0,1,1,0,,Home,고척 스카이돔,14:00,25.5
김태훈,2021,Kiwoom,2021-06-03,vs. Lotte,RP,H,0.0,0.0,1,9,0,0,0,0,2,0,0,,Home,고척 스카이돔,18:30,25.5
김태훈,2021,Kiwoom,2021-05-29,@ LG,RP,H,0.0,0.0,1 ⅓,18,0,0,0,0,1,0,0,,Away,잠실 야구장,17:00,15.8
김태훈,2021,Kiwoom,2021-05-28,@ LG,RP,,0.0,0.0,1,14,0,0,0,0,1,0,0,,Away,잠실 야구장,18:30,18.2
김태훈,2021,Kiwoom,2021-05-26,@ Kia,RP,,0.0,1.0,1,12,0,0,0,0,1,1,0,,Away,광주 기아 챔피언스 필드,18:30,21.0
김태훈,2021,Kiwoom,2021-05-23,vs. NC,RP,H,0.0,0.0,0 ⅔,7,0,0,0,0,1,0,0,,Home,고척 스카이돔,14:00,25.5
김태훈,2021,Kiwoom,2021-05-22,vs. NC,RP,,18.0,4.0,1,26,2,2,4,0,2,0,0,,Home,고척 스카이돔,17:00,25.5
김태훈,2021,Kiwoom,2021-05-18,@ Samsung,RP,,0.0,0.0,1,9,0,0,0,0,0,0,0,,Away,대구 삼성 라이온즈 파크,18:30,17.2
김태훈,2021,Kiwoom,2021-05-14,vs. Hanwha,RP,,0.0,6.0,0 ⅓,12,0,0,1,0,0,1,0,,Home,고척 스카이돔,18:30,25.5
김태훈,2021,Kiwoom,2021-05-12,@ Doosan,RP,H,0.0,1.5,0 ⅔,11,0,0,1,0,0,0,0,,Away,잠실 야구장,18:30,27.0
김태훈,2021,Kiwoom,2021-05-11,@ Doosan,RP,,0.0,1.5,0 ⅔,10,0,0,0,0,0,1,0,,Away,잠실 야구장,18:30,24.3
김태훈,2021,Kiwoom,2021-05-09,@ SSG,RP,,0.0,1.0,2,31,0,0,1,0,1,1,0,,Away,인천 SSG 랜더스필드,14:00,19.4
김태훈,2021,Kiwoom,2021-05-06,vs. KT,RP,H,0.0,1.0,1,16,0,0,1,0,1,0,0,,Home,고척 스카이돔,18:30,25.5
김태훈,2021,Kiwoom,2021-04-30,@ NC,RP,H,0.0,1.0,1,14,0,0,1,0,1,0,0,,Away,창원 NC 파크,18:30,19.9
김태훈,2021,Kiwoom,2021-04-28,vs. Doosan,RP,,0.0,1.0,1,21,0,0,0,0,1,1,0,,Home,고척 스카이돔,18:30,25.5
김태훈,2021,Kiwoom,2021-04-27,vs. Doosan,RP,H,0.0,0.0,0 ⅓,4,0,0,0,0,0,0,0,,Home,고척 스카이돔,18:30,25.5
김태훈,2021,Kiwoom,2021-04-25,vs. SSG,RP,,13.5,6.0,0 ⅔,26,1,1,2,0,2,2,0,,Home,고척 스카이돔,14:00,25.5
김태훈,2021,Kiwoom,2021-04-24,vs. SSG,RP,,0.0,1.0,1,14,0,0,1,0,1,0,0,,Home,고척 스카이돔,17:00,25.5
김태훈,2021,Kiwoom,2021-04-22,@ Hanwha,RP,,0.0,0.0,1,10,0,0,0,0,0,0,0,,Away,대전 한화생명 볼파크,18:30,25.5
김태훈,2021,Kiwoom,2021-04-21,@ Hanwha,RP,L,54.0,9.0,0 ⅔,27,4,4,4,0,0,2,0,,Away,대전 한화생명 볼파크,18:30,26.9
김태훈,2021,Kiwoom,2021-04-16,@ KT,RP,L,18.0,2.0,1,23,2,2,2,0,2,0,0,,Away,수원 KT 위즈파크,18:30,13.6
김태훈,2021,Kiwoom,2021-04-15,vs. LG,RP,,9.0,3.0,1,27,1,1,2,0,2,1,0,,Home,고척 스카이돔,18:30,25.5
김태훈,2021,Kiwoom,2021-04-11,@ Lotte,RP,W,0.0,1.5,2,20,0,0,2,0,2,1,0,,Away,사직 야구장,14:00,18.4
김태훈,2021,Kiwoom,2021-04-08,vs. Kia,RP,H,0.0,0.0,1,9,0,0,0,0,0,0,0,,Home,고척 스카이돔,18:30,25.5
김태훈,2021,Kiwoom,2021-04-06,vs. Kia,RP,,0.0,1.0,1,25,0,0,1,0,1,0,0,,Home,고척 스카이돔,18:30,25.5
김태훈,2021,Kiwoom,2021-04-04,vs. Samsung,RP,,9.0,2.0,1,12,1,1,2,0,0,0,0,,Home,고척 스카이돔,14:00,25.5
김태훈,2021,Kiwoom,2021-04-03,vs. Samsung,RP,,0.0,2.0,1,21,0,0,1,0,1,1,0,,Home,고척 스카이돔,14:00,25.5
김태훈,2020,Kiwoom,2020-10-18,vs. Doosan,RP,,0.0,3.0,0 ⅓,8,0,0,1,0,1,0,0,,Home,고척 스카이돔,14:00,25.5
김태훈,2020,Kiwoom,2020-10-15,@ KT,RP,W,0.0,2.4,1 ⅔,30,0,0,2,0,0,2,0,,Away,수원 KT 위즈파크,18:30,13.4
김태훈,2020,Kiwoom,2020-10-11,@ Hanwha,RP,,0.0,0.0,0 ⅔,6,0,0,0,0,0,0,0,,Away,대전 한화생명 볼파크,14:00,20.6
김태훈,2020,Kiwoom,2020-10-09,@ Hanwha,RP,,0.0,1.0,2,18,0,0,2,0,1,0,0,,Away,대전 한화생명 볼파크,18:30,19.7
김태훈,2020,Kiwoom,2020-10-08,vs. NC,RP,H,0.0,0.0,0 ⅔,10,0,0,0,0,1,0,0,,Home,고척 스카이돔,18:30,25.5
김태훈,2020,Kiwoom,2020-10-02,@ SK,RP,H,0.0,6.0,0 ⅓,14,0,0,1,0,1,1,0,,Away,인천 SSG 랜더스필드,18:30,20.4
김태훈,2020,Kiwoom,2020-10-01,vs. Kia,RP,,0.0,1.0,1,10,0,0,1,0,0,0,0,,Home,고척 스카이돔,18:30,25.5
김태훈,2020,Kiwoom,2020-09-29,vs. Kia,RP,,0.0,1.5,1 ⅓,28,1,0,0,0,2,2,0,,Home,고척 스카이돔,18:30,25.5
김태훈,2020,Kiwoom,2020-09-27,@ Doosan,RP,,13.5,4.5,0 ⅔,19,1,1,2,0,1,1,0,,Away,잠실 야구장,14:00,24.6
김태훈,2020,Kiwoom,2020-09-25,vs. SK,RP,,0.0,0.0,0 ⅓,3,0,0,0,0,0,0,0,,Home,고척 스카이돔,18:30,25.5
김태훈,2020,Kiwoom,2020-09-20,@ Samsung,RP,,0.0,1.5,0 ⅔,14,0,0,0,0,0,1,0,,Away,대구 삼성 라이온즈 파크,14:00,24.6
김태훈,2020,Kiwoom,2020-09-16,vs. Lotte,RP,,81.0,9.0,0 ⅓,10,3,3,3,0,0,0,0,,Home,고척 스카이돔,18:30,25.5
김태훈,2020,Kiwoom,2020-09-13,vs. Doosan,RP,,9.0,2.0,1,26,1,1,2,0,1,0,0,,Home,고척 스카이돔,14:00,25.5
김태훈,2020,Kiwoom,2020-09-10,@ LG,RP,,0.0,1.5,0 ⅔,10,0,0,1,0,0,0,0,,Away,잠실 야구장,18:30,26.1
김태훈,2020,Kiwoom,2020-09-09,@ SK,RP,,9.0,3.0,1,24,1,1,2,0,0,1,0,,Away,인천 SSG 랜더스필드,18:30,22.0
김태훈,2020,Kiwoom,2020-09-06,vs. KT,RP,,7.71,1.29,2 ⅓,30,2,2,3,0,1,0,0,,Home,고척 스카이돔,14:00,25.5
김태훈,2020,Kiwoom,2020-09-03,@ Hanwha,RP,W,0.0,1.5,0 ⅔,15,0,0,1,0,1,0,1,,Away,대전 한화생명 볼파크,18:30,26.0
김태훈,2020,Kiwoom,2020-09-01,vs. NC,RP,,0.0,0.0,0 ⅓,5,0,0,0,0,0,0,0,,Home,고척 스카이돔,18:30,25.5
김태훈,2020,Kiwoom,2020-08-27,@ Lotte,SP,,9.0,3.5,2,54,2,2,5,0,1,2,1,36.0,Away,사직 야구장,18:30,29.6
김태훈,2020,Kiwoom,2020-08-22,vs. Kia,SP,,4.5,2.5,2,40,3,1,3,0,0,2,0,40.0,Home,고척 스카이돔,18:00,25.5
김태훈,2020,Kiwoom,2020-08-20,vs. LG,RP,,81.0,9.0,0 ⅓,19,3,3,3,0,0,0,0,,Home,고척 스카이돔,18:30,25.5
김태훈,2020,Kiwoom,2020-08-04,vs. KT,RP,H,0.0,0.0,1,7,0,0,0,0,0,0,0,,Home,고척 스카이돔,18:30,25.5
김태훈,2020,Kiwoom,2020-08-02,@ Samsung,RP,,0.0,0.0,1,10,0,0,0,0,1,0,0,,Away,대구 삼성 라이온즈 파크,17:00,29.6
김태훈,2020,Kiwoom,2020-07-31,@ Samsung,RP,H,0.0,0.0,0 ⅔,8,0,0,0,0,0,0,0,,Away,대구 삼성 라이온즈 파크,18:30,29.4
김태훈,2020,Kiwoom,2020-07-30,@ Doosan,RP,H,0.0,0.0,1,11,0,0,0,0,1,0,0,,Away,잠실 야구장,18:30,28.3
김태훈,2020,Kiwoom,2020-07-28,@ Doosan,RP,W,0.0,0.0,1,5,0,0,0,0,0,0,0,,Away,잠실 야구장,18:30,27.3
김태훈,2020,Kiwoom,2020-07-26,vs. Lotte,RP,,0.0,1.0,1,13,0,0,0,0,1,1,0,,Home,고척 스카이돔,14:00,25.5
김태훈,2020,Kiwoom,2020-07-24,vs. Lotte,RP,,0.0,1.5,2,40,0,0,2,0,2,1,0,,Home,고척 스카이돔,18:30,25.5
김태훈,2020,Kiwoom,2020-07-18,@ SK,RP,H,0.0,1.0,1,15,0,0,1,0,0,0,0,,Away,인천 SSG 랜더스필드,18:00,27.5
김태훈,2020,Kiwoom,2020-07-17,@ SK,RP,H,6.75,2.25,1 ⅓,22,1,1,3,0,2,0,0,,Away,인천 SSG 랜더스필드,18:30,27.4
김태훈,2020,Kiwoom,2020-07-15,vs. NC,RP,,13.5,4.5,0 ⅔,19,1,1,2,0,0,1,0,,Home,고척 스카이돔,18:30,25.5
김태훈,2020,Kiwoom,2020-07-10,@ Kia,RP,,0.0,1.5,0 ⅔,11,0,0,0,0,2,1,0,,Away,광주 기아 챔피언스 필드,18:30,29.3
김태훈,2020,Kiwoom,2020-07-08,vs. Samsung,RP,,36.0,4.0,1,29,4,4,3,1,1,1,0,,Home,고척 스카이돔,18:30,25.5
김태훈,2020,Kiwoom,2020-07-04,@ KT,RP,W,4.5,1.0,2,37,1,1,2,0,2,0,0,,Away,수원 KT 위즈파크,18:00,26.2
김태훈,2020,Kiwoom,2020-07-02,vs. Doosan,RP,,4.5,2.5,2,43,2,1,3,0,3,2,0,,Home,고척 스카이돔,18:30,25.5
김태훈,2020,Kiwoom,2020-06-30,vs. Doosan,RP,,0.0,0.0,1,7,0,0,0,0,0,0,0,,Home,고척 스카이돔,18:30,25.5
김태훈,2020,Kiwoom,2020-06-25,@ LG,RP,H,0.0,0.5,2,31,0,0,1,0,2,0,0,,Away,잠실 야구장,18:30,24.4
김태훈,2020,Kiwoom,2020-06-20,vs. SK,RP,H,0.0,0.0,1,15,0,0,0,0,0,0,0,,Home,고척 스카이돔,17:00,25.5
김태훈,2020,Kiwoom,2020-06-19,vs. SK,RP,W,0.0,0.75,1 ⅓,17,0,0,1,0,1,0,0,,Home,고척 스카이돔,18:30,25.5
김태훈,2020,Kiwoom,2020-06-16,vs. Lotte,RP,,81.0,15.0,0 ⅓,19,3,3,4,0,0,1,0,,Home,고척 스카이돔,18:30,25.5
김태훈,2020,Kiwoom,2020-06-14,@ NC,RP,,9.0,3.0,1,16,1,1,3,0,1,0,0,,Away,창원 NC 파크,17:00,29.2
김태훈,2020,Kiwoom,2020-06-12,@ NC,RP,,18.0,3.0,1,22,2,2,3,0,1,0,0,,Away,창원 NC 파크,18:30,27.3
김태훈,2020,Kiwoom,2020-06-09,@ Samsung,RP,H,0.0,0.0,2,22,0,0,0,0,2,0,0,,Away,대구 삼성 라이온즈 파크,18:30,26.4
김태훈,2020,Kiwoom,2020-06-04,@ Hanwha,RP,,0.0,0.0,1 ⅔,19,0,0,0,0,2,0,0,,Away,대전 한화생명 볼파크,18:30,28.9
김태훈,2020,Kiwoom,2020-06-03,@ Hanwha,RP,,0.0,0.0,1,16,0,0,0,0,0,0,0,,Away,대전 한화생명 볼파크,18:30,27.5
김태훈,2020,Kiwoom,2020-05-31,vs. KT,RP,,0.0,1.2,1 ⅔,27,0,0,1,0,1,1,1,,Home,고척 스카이돔,14:00,25.5
김태훈,2020,Kiwoom,2020-05-28,@ NC,RP,,6.75,1.5,1 ⅓,23,1,1,2,0,1,0,0,,Away,창원 NC 파크,18:30,22.6
김태훈,2020,Kiwoom,2020-05-24,@ Lotte,RP,,0.0,1.0,1,20,0,0,1,0,0,0,1,,Away,사직 야구장,14:00,21.7
김태훈,2020,Kiwoom,2020-05-23,@ Lotte,RP,,0.0,0.0,1,10,0,0,0,0,0,0,0,,Away,사직 야구장,17:00,20.0
김태훈,2020,Kiwoom,2020-05-19,vs. SK,RP,W,0.0,0.3,3 ⅓,41,0,0,1,0,3,0,1,,Home,고척 스카이돔,18:30,25.5
김태훈,2020,Kiwoom,2020-05-16,@ LG,RP,,13.5,4.5,0 ⅔,14,1,1,2,0,0,1,0,,Away,잠실 야구장,17:00,20.3
김태훈,2020,Kiwoom,2020-05-14,vs. Samsung,RP,,0.0,0.33,3,28,0,0,1,0,0,0,0,,Home,고척 스카이돔,18:30,25.5
김태훈,2020,Kiwoom,2020-05-10,vs. Hanwha,RP,W,0.0,0.67,3,29,0,0,2,0,0,0,0,,Home,고척 스카이돔,14:00,25.5
이승민,2024,Samsung,2024-09-28,vs. LG,RP,,54.0,9.0,0 ⅓,12,3,2,3,0,0,0,1,,Home,대구 삼성 라이온즈 파크,17:00,26.8
이승민,2024,Samsung,2024-09-23,@ Kia,SP,L,4.5,2.0,4,67,2,2,7,2,1,1,0,40.0,Away,광주 기아 챔피언스 필드,18:30,24.2
이승민,2024,Samsung,2024-08-28,@ Kiwoom,SP,,3.0,1.67,3,64,2,1,4,0,1,1,0,45.0,Away,고척 스카이돔,18:30,25.5
이승민,2024,Samsung,2024-08-24,vs. Lotte,RP,,6.75,2.25,1 ⅓,21,1,1,3,0,0,0,0,,Home,대구 삼성 라이온즈 파크,18:00,31.9
이승민,2024,Samsung,2024-08-09,@ Kia,SP,,9.0,1.6,5,81,5,5,6,1,2,2,0,35.0,Away,광주 기아 챔피언스 필드,18:30,30.0
이승민,2024,Samsung,2024-06-18,vs. SSG,SP,L,15.43,3.0,2 ⅓,57,4,4,5,1,0,2,0,29.0,Home,대구 삼성 라이온즈 파크,18:30,26.3
이승민,2024,Samsung,2024-06-12,vs. LG,SP,,9.82,2.73,3 ⅔,74,4,4,6,2,1,4,0,30.0,Home,대구 삼성 라이온즈 파크,18:30,25.3
이승민,2024,Samsung,2024-06-06,@ SSG,RP,,0.0,0.75,1 ⅓,20,0,0,0,0,2,1,0,,Away,인천 SSG 랜더스필드,18:30,23.5
이승민,2024,Samsung,2024-06-05,@ SSG,RP,,0.0,2.0,1,18,0,0,1,0,0,1,1,,Away,인천 SSG 랜더스필드,18:30,22.6
이승민,2024,Samsung,2024-05-29,vs. Kiwoom,RP,,0.0,0.0,0 ⅓,1,0,0,0,0,0,0,0,,Home,대구 삼성 라이온즈 파크,18:30,21.3
이승민,2024,Samsung,2024-05-26,@ Lotte,RP,,0.0,1.5,1 ⅓,24,0,0,2,0,1,0,0,,Away,사직 야구장,14:00,21.5
이승민,2024,Samsung,2024-05-24,@ Lotte,RP,,0.0,1.0,2,24,1,0,2,0,1,0,0,,Away,사직 야구장,18:30,19.9
이승민,2024,Samsung,2024-05-21,vs. KT,RP,,0.0,3.0,0 ⅓,9,0,0,0,0,0,1,0,,Home,대구 삼성 라이온즈 파크,18:30,19.0
이승민,2024,Samsung,2024-05-19,vs. Hanwha,RP,,0.0,1.5,1 ⅓,26,0,0,2,0,1,0,0,,Home,대구 삼성 라이온즈 파크,14:00,24.4
이승민,2024,Samsung,2024-05-14,@ SSG,RP,,22.5,2.5,2,35,5,5,5,2,1,0,1,,Away,인천 SSG 랜더스필드,18:30,19.2
이승민,2024,Samsung,2024-05-11,@ NC,RP,,0.0,3.0,0 ⅓,10,0,0,0,0,1,1,0,,Away,창원 NC 파크,17:00,21.5
이승민,2024,Samsung,2024-05-08,vs. Kia,RP,,0.0,,0,8,0,0,0,0,0,1,0,,Home,대구 삼성 라이온즈 파크,18:30,14.3
이승민,2024,Samsung,2024-05-04,vs. Lotte,RP,,27.0,3.0,0 ⅓,10,1,1,0,0,0,1,0,,Home,대구 삼성 라이온즈 파크,17:00,22.4
이승민,2024,Samsung,2024-04-30,@ Doosan,RP,,0.0,0.5,2,25,0,0,0,0,1,1,0,,Away,잠실 야구장,18:30,19.6
이승민,2024,Samsung,2024-04-27,@ Kiwoom,RP,,0.0,0.0,1,12,0,0,0,0,2,0,0,,Away,고척 스카이돔,17:00,25.5
이승민,2024,Samsung,2024-04-25,vs. LG,RP,,27.0,4.0,1,16,3,3,3,1,0,1,0,,Home,대구 삼성 라이온즈 파크,18:30,17.6
이승민,2024,Samsung,2024-04-23,vs. LG,RP,W,0.0,0.5,2,35,0,0,0,0,3,1,0,,Home,대구 삼성 라이온즈 파크,18:30,14.6
이승민,2024,Samsung,2024-04-12,vs. NC,SP,L,18.0,3.25,4,102,8,8,8,3,2,5,0,11.0,Home,대구 삼성 라이온즈 파크,18:30,18.2
이승민,2024,Samsung,2024-04-06,@ Kia,SP,,8.1,2.1,3 ⅓,72,3,3,6,1,1,1,0,36.0,Away,광주 기아 챔피언스 필드,17:00,19.2
이승민,2024,Samsung,2024-03-28,@ LG,SP,L,13.5,2.25,4,97,6,6,8,1,2,1,0,23.0,Away,잠실 야구장,18:30,11.8
이승민,2022,Samsung,2022-04-19,@ NC,RP,,0.0,0.75,2 ⅔,43,0,0,0,0,2,2,0,,Away,창원 NC 파크,18:30,19.5
이승민,2022,Samsung,2022-04-15,@ SSG,RP,,3.38,1.88,2 ⅔,50,1,1,2,0,0,3,0,,Away,인천 SSG 랜더스필드,18:30,12.6
이승민,2021,Samsung,2021-10-03,@ Doosan,SP,,36.0,5.0,1,27,4,4,4,0,0,1,0,28.0,Away,잠실 야구장,14:00,28.6
이승민,2021,Samsung,2021-06-30,@ SSG,SP,,5.4,3.0,1 ⅔,37,1,1,3,0,0,2,0,43.0,Away,인천 SSG 랜더스필드,18:30,27.5
이승민,2021,Samsung,2021-06-26,vs. LG,SP,,10.8,2.4,3 ⅓,75,4,4,5,0,1,3,0,32.0,Home,대구 삼성 라이온즈 파크,17:00,26.6
이승민,2021,Samsung,2021-06-20,@ Lotte,SP,L,12.46,1.85,4 ⅓,73,6,6,8,1,1,0,0,24.0,Away,사직 야구장,17:00,25.7
이승민,2021,Samsung,2021-05-30,vs. Doosan,SP,L,8.31,1.85,4 ⅓,87,4,4,7,2,5,1,1,36.0,Home,대구 삼성 라이온즈 파크,14:00,23.5
이승민,2021,Samsung,2021-05-23,vs. Kia,SP,,10.13,2.25,2 ⅔,64,3,3,5,1,2,1,0,37.0,Home,대구 삼성 라이온즈 파크,14:00,23.5
이승민,2021,Samsung,2021-05-17,@ LG,SP,,2.25,1.25,4,79,1,1,2,1,2,3,0,53.0,Away,잠실 야구장,18:30,16.5
이승민,2021,Samsung,2021-04-25,@ Kia,SP,,13.5,4.5,1 ⅓,40,2,2,4,0,0,2,0,36.0,Away,광주 기아 챔피언스 필드,14:00,25.7
이승민,2021,Samsung,2021-04-20,vs. SSG,SP,L,23.14,3.0,2 ⅓,73,6,6,5,1,5,2,1,25.0,Home,대구 삼성 라이온즈 파크,18:30,19.7
이승민,2021,Samsung,2021-04-14,vs. Hanwha,SP,L,5.79,1.5,4 ⅔,84,3,3,6,0,4,1,1,42.0,Home,대구 삼성 라이온즈 파크,18:30,13.2
이승민,2021,Samsung,2021-04-08,@ Doosan,SP,W,0.0,0.5,6,93,0,0,1,0,2,2,0,70.0,Away,잠실 야구장,18:30,16.8
이승민,2020,Samsung,2020-10-25,@ Kia,SP,L,3.0,1.83,6,101,3,2,8,1,4,3,0,47.0,Away,광주 기아 챔피언스 필드,14:00,19.6
이승민,2020,Samsung,2020-10-18,@ Hanwha,SP,W,4.76,1.94,5 ⅔,101,3,3,8,1,3,3,0,41.0,Away,대전 한화생명 볼파크,14:00,19.6
이승민,2020,Samsung,2020-09-29,vs. KT,SP,,2.25,1.25,4,80,1,1,3,1,3,2,0,53.0,Home,대구 삼성 라이온즈 파크,18:30,21.5
이승민,2020,Samsung,2020-09-23,@ NC,SP,L,12.0,1.67,3,52,4,4,4,1,2,1,0,36.0,Away,창원 NC 파크,18:30,21.4
이승민,2020,Samsung,2020-08-27,@ Hanwha,RP,,13.5,2.0,2,32,3,3,3,0,0,1,0,,Away,대전 한화생명 볼파크,18:30,33.1
이승민,2020,Samsung,2020-08-11,vs. Doosan,RP,,18.0,4.0,1,29,2,2,2,0,1,2,0,,Home,대구 삼성 라이온즈 파크,18:30,27.6
이승민,2020,Samsung,2020-06-13,vs. KT,SP,L,9.64,2.79,4 ⅔,102,5,5,6,1,3,7,0,28.0,Home,대구 삼성 라이온즈 파크,17:00,25.0
백정현,2024,Samsung,2024-09-23,@ Kia,RP,,4.5,1.5,2,34,1,1,3,0,3,0,0,,Away,광주 기아 챔피언스 필드,18:30,24.2
백정현,2024,Samsung,2024-09-19,@ KT,RP,L,10.8,2.4,1 ⅔,40,2,2,2,0,2,2,0,,Away,수원 KT 위즈파크,18:30,32.1
백정현,2024,Samsung,2024-09-14,@ SSG,SP,,11.57,2.14,2 ⅓,48,3,3,4,1,3,1,0,39.0,Away,인천 SSG 랜더스필드,17:00,30.7
백정현,2024,Samsung,2024-09-07,vs. NC,SP,L,13.5,2.17,6,87,9,9,13,3,7,0,0,17.0,Home,대구 삼성 라이온즈 파크,17:00,30.8
백정현,2024,Samsung,2024-08-31,vs. Kia,SP,,27.0,5.4,1 ⅔,49,5,5,7,0,0,2,0,19.0,Home,대구 삼성 라이온즈 파크,18:00,29.1
백정현,2024,Samsung,2024-08-24,vs. Lotte,SP,L,13.5,2.14,4 ⅔,80,8,7,10,3,3,0,0,17.0,Home,대구 삼성 라이온즈 파크,18:00,31.9
백정현,2024,Samsung,2024-08-18,@ NC,SP,W,0.0,1.0,7,93,0,0,6,0,5,1,0,69.0,Away,창원 NC 파크,17:00,31.7
백정현,2024,Samsung,2024-08-13,vs. KT,SP,W,3.38,1.31,5 ⅓,79,2,2,3,0,3,4,0,53.0,Home,대구 삼성 라이온즈 파크,18:30,31.7
백정현,2024,Samsung,2024-08-07,vs. Hanwha,SP,W,9.0,1.5,6,87,6,6,9,1,3,0,1,32.0,Home,대구 삼성 라이온즈 파크,18:30,32.7
백정현,2024,Samsung,2024-08-01,@ LG,SP,W,0.0,1.35,6 ⅔,89,0,0,7,0,2,2,0,60.0,Away,잠실 야구장,18:30,33.7
백정현,2024,Samsung,2024-07-26,vs. KT,SP,L,3.0,1.5,6,98,3,2,7,1,3,2,0,49.0,Home,대구 삼성 라이온즈 파크,18:30,31.5
백정현,2024,Samsung,2024-07-19,vs. Lotte,SP,L,5.4,1.2,5,84,3,3,6,0,4,0,0,47.0,Home,대구 삼성 라이온즈 파크,18:30,28.3
백정현,2024,Samsung,2024-07-12,@ Doosan,SP,W,3.6,1.6,5,88,4,2,5,1,4,3,0,46.0,Away,잠실 야구장,18:30,30.5
백정현,2024,Samsung,2024-07-04,vs. Kia,SP,,3.0,1.17,6,98,2,2,6,1,8,1,0,59.0,Home,대구 삼성 라이온즈 파크,18:30,30.1
백정현,2024,Samsung,2024-06-23,vs. Doosan,SP,W,5.4,1.8,5,91,3,3,7,2,3,2,0,42.0,Home,대구 삼성 라이온즈 파크,17:00,26.5
백정현,2024,Samsung,2024-03-31,vs. SSG,SP,,10.13,2.25,2 ⅔,57,3,3,4,0,1,2,0,37.0,Home,대구 삼성 라이온즈 파크,14:00,15.1
백정현,2024,Samsung,2024-03-26,@ LG,SP,,3.18,1.76,5 ⅔,86,2,2,5,0,2,5,0,48.0,Away,잠실 야구장,18:30,10.9
백정현,2023,Samsung,2023-08-26,vs. Kiwoom,SP,,7.94,1.94,5 ⅔,95,5,5,10,0,3,1,0,31.0,Home,대구 삼성 라이온즈 파크,18:00,29.1
백정현,2023,Samsung,2023-08-17,vs. LG,SP,W,1.35,1.05,6 ⅔,90,1,1,6,1,1,1,0,58.0,Home,대구 삼성 라이온즈 파크,18:30,28.4
백정현,2023,Samsung,2023-08-12,@ SSG,SP,,1.5,1.17,6,91,1,1,7,0,5,0,0,59.0,Away,인천 SSG 랜더스필드,18:00,28.1
백정현,2023,Samsung,2023-08-05,vs. LG,SP,W,1.5,1.17,6,89,3,1,7,1,1,0,0,51.0,Home,대구 삼성 라이온즈 파크,18:00,31.9
백정현,2023,Samsung,2023-07-30,@ Kiwoom,SP,W,3.18,1.41,5 ⅔,96,2,2,7,0,2,1,0,48.0,Away,고척 스카이돔,14:00,25.5
백정현,2023,Samsung,2023-06-23,@ SSG,SP,L,15.0,2.33,3,47,5,5,7,3,2,0,0,27.0,Away,인천 SSG 랜더스필드,18:30,27.6
백정현,2023,Samsung,2023-06-17,@ KT,SP,L,6.75,1.2,6 ⅔,102,6,5,5,0,2,3,0,41.0,Away,수원 KT 위즈파크,17:00,25.1
백정현,2023,Samsung,2023-06-11,vs. Lotte,SP,,3.0,1.0,6,90,2,2,5,0,3,1,0,56.0,Home,대구 삼성 라이온즈 파크,17:00,24.5
백정현,2023,Samsung,2023-06-06,vs. NC,SP,W,5.4,1.6,5,80,3,3,4,0,3,4,0,46.0,Home,대구 삼성 라이온즈 파크,18:30,21.9
백정현,2023,Samsung,2023-05-31,@ SSG,SP,,3.6,1.8,5,90,2,2,5,0,4,4,0,49.0,Away,인천 SSG 랜더스필드,18:30,22.6
백정현,2023,Samsung,2023-05-25,@ Doosan,SP,,2.25,1.0,8,101,2,2,6,0,3,2,0,63.0,Away,잠실 야구장,18:30,23.3
백정현,2023,Samsung,2023-05-19,@ NC,SP,W,1.5,1.5,6,102,1,1,6,0,4,3,0,57.0,Away,창원 NC 파크,18:30,21.1
백정현,2023,Samsung,2023-05-12,vs. LG,SP,W,0.0,0.43,7,100,0,0,3,0,8,0,0,79.0,Home,대구 삼성 라이온즈 파크,18:30,18.1
백정현,2023,Samsung,2023-04-30,@ KT,SP,,0.0,1.0,5,110,0,0,2,0,5,3,0,65.0,Away,수원 KT 위즈파크,14:00,18.3
백정현,2023,Samsung,2023-04-23,@ Kia,SP,L,6.75,2.5,4,79,3,3,8,0,4,2,0,36.0,Away,광주 기아 챔피언스 필드,14:00,20.2
백정현,2023,Samsung,2023-04-18,@ Kiwoom,SP,W,2.25,0.38,8,93,2,2,3,0,6,0,0,74.0,Away,고척 스카이돔,18:30,25.5
백정현,2023,Samsung,2023-04-12,vs. SSG,SP,L,1.8,1.2,5,78,1,1,4,1,3,2,0,56.0,Home,대구 삼성 라이온즈 파크,18:30,15.2
백정현,2023,Samsung,2023-04-06,vs. Hanwha,SP,L,22.5,4.0,2,56,5,5,5,0,2,3,0,25.0,Home,대구 삼성 라이온즈 파크,18:30,13.8
백정현,2022,Samsung,2022-10-06,@ Doosan,SP,,5.4,1.4,5,63,3,3,7,1,2,0,0,43.0,Away,잠실 야구장,18:30,17.1
백정현,2022,Samsung,2022-09-30,vs. Doosan,SP,W,5.4,2.0,5,82,3,3,9,1,7,1,0,43.0,Home,대구 삼성 라이온즈 파크,18:30,24.4
백정현,2022,Samsung,2022-09-21,@ Kiwoom,SP,L,9.0,3.0,3,73,5,3,9,1,1,0,0,26.0,Away,고척 스카이돔,18:30,25.5
백정현,2022,Samsung,2022-09-15,vs. Doosan,SP,W,3.18,1.76,5 ⅔,104,2,2,7,0,1,3,0,45.0,Home,대구 삼성 라이온즈 파크,18:30,26.1
백정현,2022,Samsung,2022-09-09,vs. Lotte,SP,W,0.0,0.86,7,99,0,0,5,0,6,1,1,71.0,Home,대구 삼성 라이온즈 파크,18:30,24.6
백정현,2022,Samsung,2022-09-03,@ Doosan,SP,W,0.0,0.67,6,97,0,0,2,0,4,2,2,68.0,Away,잠실 야구장,17:00,27.6
백정현,2022,Samsung,2022-08-27,vs. Hanwha,SP,,9.0,2.25,4,73,4,4,7,0,3,2,0,33.0,Home,대구 삼성 라이온즈 파크,18:00,26.6
백정현,2022,Samsung,2022-08-21,vs. NC,SP,L,3.38,1.69,5 ⅓,93,2,2,9,0,5,0,1,46.0,Home,대구 삼성 라이온즈 파크,17:00,28.5
백정현,2022,Samsung,2022-08-14,@ KT,SP,,0.0,0.5,6,71,0,0,3,0,4,0,0,70.0,Away,수원 KT 위즈파크,17:00,29.8
백정현,2022,Samsung,2022-07-26,vs. Hanwha,SP,L,4.15,1.38,4 ⅓,70,2,2,6,0,2,0,1,44.0,Home,대구 삼성 라이온즈 파크,18:30,28.6
백정현,2022,Samsung,2022-07-10,vs. SSG,SP,L,13.5,1.75,4,85,6,6,3,2,1,4,1,28.0,Home,대구 삼성 라이온즈 파크,17:00,29.9
백정현,2022,Samsung,2022-07-05,vs. LG,SP,L,3.6,1.0,5,83,2,2,4,1,2,1,0,52.0,Home,대구 삼성 라이온즈 파크,18:30,28.6
백정현,2022,Samsung,2022-06-28,vs. KT,SP,L,9.0,3.0,3,62,3,3,5,2,0,4,0,33.0,Home,대구 삼성 라이온즈 파크,18:30,26.9
백정현,2022,Samsung,2022-06-22,vs. Kiwoom,SP,L,5.68,1.89,6 ⅓,96,4,4,11,2,0,1,0,34.0,Home,대구 삼성 라이온즈 파크,18:30,27.4
백정현,2022,Samsung,2022-06-16,@ LG,SP,L,3.0,1.17,6,89,2,2,4,1,5,3,0,58.0,Away,잠실 야구장,18:30,24.6
백정현,2022,Samsung,2022-05-28,@ LG,SP,L,24.0,3.33,3,58,8,8,9,2,1,1,0,9.0,Away,잠실 야구장,17:00,27.8
백정현,2022,Samsung,2022-05-22,vs. KT,SP,,5.4,1.8,5,105,3,3,7,1,4,2,0,43.0,Home,대구 삼성 라이온즈 파크,14:00,24.6
백정현,2022,Samsung,2022-05-17,@ Hanwha,SP,L,3.0,1.17,6,95,2,2,7,1,5,0,0,55.0,Away,대전 한화생명 볼파크,18:30,25.7
백정현,2022,Samsung,2022-05-10,vs. SSG,SP,L,3.6,1.6,5,103,2,2,5,1,6,3,0,52.0,Home,대구 삼성 라이온즈 파크,18:30,17.1
백정현,2022,Samsung,2022-05-04,vs. NC,SP,,4.5,1.33,6,98,4,3,7,0,5,1,1,47.0,Home,대구 삼성 라이온즈 파크,18:30,17.8
백정현,2022,Samsung,2022-04-28,vs. LG,SP,,4.5,1.5,6,98,3,3,7,1,3,2,0,47.0,Home,대구 삼성 라이온즈 파크,18:30,16.6
백정현,2022,Samsung,2022-04-22,vs. Lotte,SP,L,9.95,1.74,6 ⅓,102,7,7,9,3,2,2,0,27.0,Home,대구 삼성 라이온즈 파크,18:30,18.4
백정현,2022,Samsung,2022-04-16,@ SSG,SP,L,9.0,1.8,5,97,5,5,6,0,1,3,2,31.0,Away,인천 SSG 랜더스필드,17:00,12.9
백정현,2022,Samsung,2022-04-10,vs. Kiwoom,SP,,5.4,1.05,6 ⅔,79,4,4,6,2,0,1,0,45.0,Home,대구 삼성 라이온즈 파크,14:00,21.5
백정현,2021,Samsung,2021-10-29,@ NC,SP,L,3.68,1.09,7 ⅓,91,3,3,7,1,6,1,0,57.0,Away,창원 NC 파크,18:30,15.7
백정현,2021,Samsung,2021-10-23,vs. KT,SP,W,0.0,0.9,6 ⅔,102,0,0,3,0,3,3,0,68.0,Home,대구 삼성 라이온즈 파크,17:00,17.2
백정현,2021,Samsung,2021-10-16,vs. Kiwoom,SP,,5.4,1.4,5,87,3,3,6,1,6,1,0,48.0,Home,대구 삼성 라이온즈 파크,17:00,14.8
백정현,2021,Samsung,2021-09-23,@ LG,SP,W,2.7,1.05,6 ⅔,91,2,2,6,0,3,1,0,56.0,Away,잠실 야구장,18:30,23.8
백정현,2021,Samsung,2021-09-17,vs. Kia,SP,W,1.69,1.13,5 ⅓,93,1,1,5,0,5,1,0,58.0,Home,대구 삼성 라이온즈 파크,18:30,21.8
백정현,2021,Samsung,2021-09-11,@ Hanwha,SP,,4.5,1.83,6,89,4,3,9,0,4,2,0,42.0,Away,대전 한화생명 볼파크,17:00,29.5
백정현,2021,Samsung,2021-09-05,vs. Doosan,SP,,9.0,1.6,5,80,5,5,8,2,3,0,0,34.0,Home,대구 삼성 라이온즈 파크,14:00,25.4
백정현,2021,Samsung,2021-08-31,vs. Kiwoom,SP,W,1.5,1.33,6,92,1,1,7,0,5,1,0,58.0,Home,대구 삼성 라이온즈 파크,18:30,28.4
백정현,2021,Samsung,2021-08-25,@ LG,SP,,4.5,1.33,6,99,3,3,7,0,3,1,0,48.0,Away,잠실 야구장,18:30,27.9
백정현,2021,Samsung,2021-08-18,@ Hanwha,SP,W,0.0,0.83,6,94,0,0,3,0,11,2,0,75.0,Away,대전 한화생명 볼파크,18:30,27.8
백정현,2021,Samsung,2021-08-12,vs. Doosan,SP,W,0.0,0.43,7,81,0,0,3,0,8,0,1,78.0,Home,대구 삼성 라이온즈 파크,18:30,28.8
백정현,2021,Samsung,2021-07-11,vs. Lotte,SP,W,0.0,0.75,6 ⅔,87,0,0,5,0,5,0,0,69.0,Home,대구 삼성 라이온즈 파크,17:00,29.8
백정현,2021,Samsung,2021-07-02,@ NC,SP,W,1.29,1.0,7,101,1,1,4,1,3,3,1,64.0,Away,창원 NC 파크,18:30,28.5
백정현,2021,Samsung,2021-06-26,vs. LG,SP,,4.15,1.85,4 ⅓,105,4,2,4,1,0,4,0,39.0,Home,대구 삼성 라이온즈 파크,17:00,26.6
백정현,2021,Samsung,2021-06-19,@ Lotte,SP,W,1.29,1.14,7,94,1,1,6,0,2,2,0,61.0,Away,사직 야구장,17:00,26.5
백정현,2021,Samsung,2021-06-13,vs. NC,SP,,0.0,1.17,6,97,0,0,2,0,4,5,0,67.0,Home,대구 삼성 라이온즈 파크,17:00,27.2
백정현,2021,Samsung,2021-06-08,vs. Kia,SP,W,0.0,1.41,5 ⅔,86,0,0,4,0,1,4,0,58.0,Home,대구 삼성 라이온즈 파크,18:30,24.4
백정현,2021,Samsung,2021-06-01,@ SSG,SP,,0.0,0.78,7 ⅔,92,0,0,4,0,4,2,0,73.0,Away,인천 SSG 랜더스필드,18:30,21.6
백정현,2021,Samsung,2021-05-26,@ NC,SP,W,1.69,1.31,5 ⅓,92,1,1,3,1,3,4,0,57.0,Away,창원 NC 파크,18:30,19.3
백정현,2021,Samsung,2021-05-18,vs. Kiwoom,SP,L,7.2,1.8,5,101,4,4,7,1,3,2,0,38.0,Home,대구 삼성 라이온즈 파크,18:30,17.2
백정현,2021,Samsung,2021-05-12,@ KT,SP,W,1.8,1.4,5,91,4,1,6,3,4,1,0,48.0,Away,수원 KT 위즈파크,18:30,26.3
백정현,2021,Samsung,2021-05-06,@ Hanwha,SP,,7.2,1.6,5,87,4,4,6,0,4,2,0,41.0,Away,대전 한화생명 볼파크,18:30,21.7
백정현,2021,Samsung,2021-04-29,vs. NC,SP,L,9.0,2.2,5,96,5,5,9,1,3,2,0,30.0,Home,대구 삼성 라이온즈 파크,18:30,17.3
백정현,2021,Samsung,2021-04-23,@ Kia,SP,L,3.0,1.33,6,97,4,2,8,0,5,0,0,49.0,Away,광주 기아 챔피언스 필드,18:30,23.4
백정현,2021,Samsung,2021-04-17,@ Lotte,SP,W,0.0,0.67,6,98,0,0,1,0,5,3,0,72.0,Away,사직 야구장,17:00,17.0
백정현,2021,Samsung,2021-04-11,vs. KT,SP,W,1.8,1.6,5,102,1,1,3,1,5,5,0,57.0,Home,대구 삼성 라이온즈 파크,14:00,18.4
백정현,2021,Samsung,2021-04-06,@ Doosan,SP,L,6.75,2.0,4,78,3,3,6,2,1,2,0,37.0,Away,잠실 야구장,18:30,17.4
백정현,2020,Samsung,2020-07-21,@ NC,SP,,8.44,1.88,5 ⅓,99,5,5,9,3,4,1,1,32.0,Away,창원 NC 파크,18:30,28.4
백정현,2020,Samsung,2020-07-15,vs. Kia,SP,,0.0,0.88,5 ⅔,96,1,0,3,0,4,2,0,63.0,Home,대구 삼성 라이온즈 파크,18:30,21.7
백정현,2020,Samsung,2020-07-09,@ Kiwoom,SP,L,7.2,1.8,5,95,4,4,6,0,2,3,0,38.0,Away,고척 스카이돔,18:30,25.5
백정현,2020,Samsung,2020-07-03,vs. LG,SP,W,10.8,1.4,5,104,6,6,6,3,6,1,0,36.0,Home,대구 삼성 라이온즈 파크,18:30,23.2
백정현,2020,Samsung,2020-06-27,@ Lotte,SP,W,0.0,1.0,6,100,0,0,3,0,6,3,0,69.0,Away,사직 야구장,17:00,26.3
백정현,2020,Samsung,2020-06-21,@ Kia,SP,W,1.29,0.57,7,106,1,1,4,1,5,0,0,70.0,Away,광주 기아 챔피언스 필드,17:00,28.9
백정현,2020,Samsung,2020-06-16,@ Doosan,SP,,3.6,1.8,5,98,3,2,6,0,3,3,0,45.0,Away,잠실 야구장,18:30,27.8
백정현,2020,Samsung,2020-06-10,vs. Kiwoom,SP,W,0.0,0.67,6,92,0,0,2,0,4,2,0,70.0,Home,대구 삼성 라이온즈 파크,18:30,26.0
백정현,2020,Samsung,2020-06-04,@ LG,SP,L,18.0,3.5,4,80,11,8,14,1,3,0,0,-1.0,Away,잠실 야구장,18:30,24.5
백정현,2020,Samsung,2020-05-10,vs. Kia,SP,L,9.0,2.25,4,80,8,4,8,2,4,1,0,25.0,Home,대구 삼성 라이온즈 파크,14:00,19.1
백정현,2020,Samsung,2020-05-05,vs. NC,SP,L,6.0,1.17,6,97,4,4,6,3,5,1,0,48.0,Home,대구 삼성 라이온즈 파크,14:00,18.1
최하늘,2024,Samsung,2024-08-11,@ Kia,RP,,0.0,,0,6,0,0,1,0,0,0,0,,Away,광주 기아 챔피언스 필드,17:00,32.2
최하늘,2024,Samsung,2024-06-08,@ Kiwoom,RP,,13.5,3.75,1 ⅓,40,2,2,2,0,1,3,0,,Away,고척 스카이돔,17:00,25.5
최하늘,2024,Samsung,2024-06-06,@ SSG,RP,,5.4,1.8,1 ⅔,42,1,1,2,0,1,1,0,,Away,인천 SSG 랜더스필드,18:30,23.5
최하늘,2024,Samsung,2024-05-29,vs. Kiwoom,RP,,20.25,2.25,1 ⅓,34,3,3,2,1,1,1,0,,Home,대구 삼성 라이온즈 파크,18:30,21.3
최하늘,2024,Samsung,2024-05-25,@ Lotte,RP,,0.0,0.38,2 ⅔,29,1,0,1,0,2,0,1,,Away,사직 야구장,17:00,21.3
최하늘,2024,Samsung,2024-05-23,vs. KT,RP,,0.0,2.0,1,22,0,0,1,0,0,1,0,,Home,대구 삼성 라이온즈 파크,18:30,22.8
최하늘,2024,Samsung,2024-05-21,vs. KT,RP,,9.0,3.0,1,26,1,1,2,0,0,1,0,,Home,대구 삼성 라이온즈 파크,18:30,19.0
최하늘,2024,Samsung,2024-05-19,vs. Hanwha,RP,,7.71,1.71,2 ⅓,40,2,2,4,0,1,0,0,,Home,대구 삼성 라이온즈 파크,14:00,24.4
최하늘,2024,Samsung,2024-05-17,vs. Hanwha,RP,,27.0,3.0,0 ⅓,4,1,1,1,0,0,0,0,,Home,대구 삼성 라이온즈 파크,18:30,21.0
최하늘,2024,Samsung,2024-05-12,@ NC,RP,,0.0,0.0,1,14,0,0,0,0,1,0,1,,Away,창원 NC 파크,14:00,21.8
최하늘,2024,Samsung,2024-05-10,@ NC,RP,,0.0,,0,13,2,2,1,0,0,1,0,,Away,창원 NC 파크,18:30,21.3
최하늘,2024,Samsung,2024-05-09,vs. Kia,RP,,0.0,0.0,1 ⅓,20,0,0,0,0,0,0,0,,Home,대구 삼성 라이온즈 파크,18:30,18.9
최하늘,2024,Samsung,2024-05-08,vs. Kia,RP,,0.0,0.0,0 ⅓,3,0,0,0,0,0,0,0,,Home,대구 삼성 라이온즈 파크,18:30,14.3
최하늘,2024,Samsung,2024-05-04,vs. Lotte,RP,L,0.0,,0,10,3,3,2,0,0,1,0,,Home,대구 삼성 라이온즈 파크,17:00,22.4
최하늘,2024,Samsung,2024-04-30,@ Doosan,RP,,9.0,2.0,1,19,1,1,2,0,0,0,0,,Away,잠실 야구장,18:30,19.6
최하늘,2024,Samsung,2024-04-23,vs. LG,RP,,0.0,1.0,1,17,0,0,0,0,2,1,0,,Home,대구 삼성 라이온즈 파크,18:30,14.6
최하늘,2024,Samsung,2024-04-19,@ Hanwha,RP,,10.8,1.2,1 ⅔,30,2,2,1,0,0,1,2,,Away,대전 한화생명 볼파크,18:30,23.6
최하늘,2024,Samsung,2024-04-16,vs. Doosan,RP,H,0.0,0.0,0 ⅔,4,0,0,0,0,0,0,0,,Home,대구 삼성 라이온즈 파크,18:30,18.7
최하늘,2024,Samsung,2024-04-13,vs. NC,RP,,0.0,0.33,3,37,0,0,0,0,1,1,0,,Home,대구 삼성 라이온즈 파크,17:00,21.0
최하늘,2024,Samsung,2024-04-10,@ Lotte,RP,,0.0,0.0,2,28,0,0,0,0,0,0,0,,Away,사직 야구장,18:30,13.1
최하늘,2024,Samsung,2024-04-07,@ Kia,RP,W,0.0,1.0,1,17,0,0,1,0,0,0,0,,Away,광주 기아 챔피언스 필드,14:00,24.5
최하늘,2024,Samsung,2024-04-06,@ Kia,RP,,0.0,0.0,1 ⅔,25,0,0,0,0,2,0,0,,Away,광주 기아 챔피언스 필드,17:00,19.2
최하늘,2024,Samsung,2024-04-04,vs. Kiwoom,RP,,0.0,0.0,1 ⅓,21,0,0,0,0,1,0,0,,Home,대구 삼성 라이온즈 파크,18:30,13.8
최하늘,2024,Samsung,2024-03-31,vs. SSG,RP,,0.0,6.0,0 ⅓,10,0,0,1,0,0,1,0,,Home,대구 삼성 라이온즈 파크,14:00,15.1
최하늘,2024,Samsung,2024-03-30,vs. SSG,RP,,0.0,1.0,1,19,0,0,0,0,2,1,0,,Home,대구 삼성 라이온즈 파크,17:00,15.6
최하늘,2024,Samsung,2024-03-29,vs. SSG,RP,,4.5,0.5,2,25,1,1,1,1,1,0,0,,Home,대구 삼성 라이온즈 파크,18:30,14.7
최하늘,2024,Samsung,2024-03-27,@ LG,RP,,0.0,3.0,1,24,0,0,1,0,2,2,0,,Away,잠실 야구장,18:30,13.1
최하늘,2023,Samsung,2023-09-15,@ NC,RP,,54.0,4.5,0 ⅔,20,4,4,2,1,0,1,0,,Away,창원 NC 파크,18:30,27.0
최하늘,2023,Samsung,2023-09-09,@ Doosan,SP,L,6.23,1.85,4 ⅓,81,3,3,5,0,3,3,2,39.0,Away,잠실 야구장,17:00,30.1
최하늘,2023,Samsung,2023-05-20,@ NC,SP,L,47.25,6.0,1 ⅓,49,7,7,7,1,0,1,0,11.0,Away,창원 NC 파크,17:00,20.1
최하늘,2022,Samsung,2022-09-10,vs. LG,SP,L,16.2,2.7,3 ⅓,73,6,6,9,1,0,0,0,18.0,Home,대구 삼성 라이온즈 파크,17:00,24.8
최하늘,2022,Samsung,2022-09-02,@ Kia,SP,L,4.5,2.0,4,86,2,2,5,0,4,3,0,45.0,Away,광주 기아 챔피언스 필드,18:30,26.9
최하늘,2022,Samsung,2022-08-26,@ Lotte,SP,L,9.0,1.6,5,75,5,5,6,1,0,2,0,33.0,Away,사직 야구장,18:30,26.4
최하늘,2022,Samsung,2022-08-19,@ Hanwha,SP,W,0.0,1.06,5 ⅔,86,0,0,5,0,3,1,1,60.0,Away,대전 한화생명 볼파크,18:30,30.7
최하늘,2022,Samsung,2022-08-14,@ KT,RP,L,9.0,3.0,1,32,1,1,1,0,0,2,0,,Away,수원 KT 위즈파크,17:00,29.8
최하늘,2022,Samsung,2022-08-06,@ SSG,RP,H,10.8,1.8,1 ⅔,34,2,2,3,0,2,0,0,,Away,인천 SSG 랜더스필드,18:00,31.3
최하늘,2022,Samsung,2022-07-31,vs. Lotte,SP,,6.75,1.5,4,69,3,3,5,1,3,1,1,41.0,Home,대구 삼성 라이온즈 파크,17:00,29.8
최하늘,2022,Samsung,2022-07-26,vs. Hanwha,RP,,0.0,1.5,1 ⅓,33,0,0,1,0,2,1,0,,Home,대구 삼성 라이온즈 파크,18:30,28.6
최하늘,2022,Samsung,2022-07-10,vs. SSG,RP,,0.0,2.0,1,17,0,0,1,0,1,1,0,,Home,대구 삼성 라이온즈 파크,17:00,29.9
최하늘,2022,Samsung,2022-07-07,vs. LG,RP,,0.0,0.0,1,12,0,0,0,0,1,0,0,,Home,대구 삼성 라이온즈 파크,18:30,30.6
최하늘,2022,Samsung,2022-07-05,vs. LG,RP,,9.0,1.0,1,12,1,1,1,1,0,0,0,,Home,대구 삼성 라이온즈 파크,18:30,28.6
최하늘,2022,Samsung,2022-07-02,@ NC,RP,,0.0,3.0,0 ⅓,5,0,0,1,0,0,0,0,,Away,창원 NC 파크,18:00,30.7
최하늘,2022,Samsung,2022-06-30,vs. KT,RP,,9.0,1.0,2,36,2,2,2,1,1,0,0,,Home,대구 삼성 라이온즈 파크,18:30,29.0
최하늘,2022,Samsung,2022-05-25,vs. Kia,RP,,3.86,2.57,2 ⅓,52,1,1,2,0,1,4,0,,Home,대구 삼성 라이온즈 파크,18:30,22.3
양창섭,2023,Samsung,2023-07-23,vs. KT,RP,,0.0,1.0,1,7,0,0,1,0,1,0,0,,Home,대구 삼성 라이온즈 파크,17:00,28.9
양창섭,2023,Samsung,2023-07-21,vs. KT,RP,,16.2,2.4,1 ⅔,38,3,3,3,1,2,1,0,,Home,대구 삼성 라이온즈 파크,18:30,27.6
양창섭,2023,Samsung,2023-07-05,vs. Doosan,RP,,0.0,2.0,1,15,0,0,2,0,0,0,0,,Home,대구 삼성 라이온즈 파크,18:30,28.7
양창섭,2023,Samsung,2023-07-04,vs. Doosan,RP,,27.0,4.5,0 ⅔,16,2,2,2,0,0,1,0,,Home,대구 삼성 라이온즈 파크,18:30,26.3
양창섭,2023,Samsung,2023-07-02,vs. Hanwha,RP,H,0.0,0.0,1,10,0,0,0,0,0,0,0,,Home,대구 삼성 라이온즈 파크,17:00,27.7
양창섭,2023,Samsung,2023-06-30,vs. Hanwha,RP,,4.5,1.0,2,36,1,1,1,0,2,1,0,,Home,대구 삼성 라이온즈 파크,18:30,25.6
양창섭,2023,Samsung,2023-06-28,@ Lotte,RP,,0.0,6.0,0 ⅓,8,0,0,2,0,0,0,0,,Away,사직 야구장,18:30,26.3
양창섭,2023,Samsung,2023-06-24,@ SSG,RP,,0.0,1.8,1 ⅔,38,0,0,1,0,0,2,1,,Away,인천 SSG 랜더스필드,17:00,28.6
양창섭,2023,Samsung,2023-06-22,vs. Kiwoom,RP,,0.0,1.0,1,15,0,0,1,0,1,0,0,,Home,대구 삼성 라이온즈 파크,18:30,25.6
양창섭,2023,Samsung,2023-06-18,@ KT,RP,H,0.0,2.0,1,13,0,0,2,0,0,0,0,,Away,수원 KT 위즈파크,17:00,27.6
양창섭,2023,Samsung,2023-06-01,@ SSG,SP,L,24.75,3.0,4,98,11,11,10,4,2,2,0,-2.0,Away,인천 SSG 랜더스필드,18:30,25.0
양창섭,2023,Samsung,2023-05-26,vs. KT,SP,L,5.4,1.6,5,91,3,3,7,1,3,1,0,43.0,Home,대구 삼성 라이온즈 파크,18:30,19.9
양창섭,2023,Samsung,2023-04-19,@ Kiwoom,RP,,9.0,2.0,1,21,1,1,0,0,1,2,0,,Away,고척 스카이돔,18:30,25.5
양창섭,2023,Samsung,2023-04-13,vs. SSG,SP,,11.57,3.0,2 ⅓,51,3,3,6,1,0,1,0,32.0,Home,대구 삼성 라이온즈 파크,18:30,16.9
양창섭,2023,Samsung,2023-04-07,@ LG,SP,L,9.0,2.4,5,92,5,5,7,0,0,5,0,28.0,Away,잠실 야구장,18:30,11.7
양창섭,2022,Samsung,2022-08-24,@ SSG,SP,L,9.0,2.25,4,94,4,4,5,1,1,4,0,33.0,Away,인천 SSG 랜더스필드,18:30,26.4
양창섭,2022,Samsung,2022-08-17,@ LG,SP,L,63.0,7.0,1,48,7,7,5,0,0,2,1,12.0,Away,잠실 야구장,18:30,29.3
양창섭,2022,Samsung,2022-04-24,vs. Lotte,SP,L,27.0,4.0,1,25,3,3,2,1,0,2,0,35.0,Home,대구 삼성 라이온즈 파크,14:00,21.2
양창섭,2022,Samsung,2022-04-19,@ NC,SP,,15.43,3.0,2 ⅓,56,4,4,5,0,2,2,0,31.0,Away,창원 NC 파크,18:30,19.5
양창섭,2022,Samsung,2022-04-13,vs. Hanwha,SP,W,1.5,0.67,6,87,1,1,4,1,4,0,0,64.0,Home,대구 삼성 라이온즈 파크,18:30,12.0
양창섭,2022,Samsung,2022-04-06,@ Doosan,SP,W,0.0,0.83,6,93,0,0,3,0,3,2,0,67.0,Away,잠실 야구장,18:30,14.8
양창섭,2021,Samsung,2021-05-15,@ LG,RP,,13.5,3.0,0 ⅔,17,1,1,2,1,0,0,0,,Away,잠실 야구장,17:00,21.1
양창섭,2021,Samsung,2021-05-11,@ KT,RP,L,45.0,5.0,1,36,5,5,3,0,1,2,0,,Away,수원 KT 위즈파크,18:30,22.8
양창섭,2021,Samsung,2021-05-09,vs. Lotte,RP,,27.0,4.0,1,28,3,3,4,2,1,0,0,,Home,대구 삼성 라이온즈 파크,14:00,20.5
양창섭,2021,Samsung,2021-05-08,vs. Lotte,RP,H,0.0,3.0,0 ⅔,18,0,0,1,0,1,1,0,,Home,대구 삼성 라이온즈 파크,17:00,18.1
양창섭,2021,Samsung,2021-05-06,@ Hanwha,RP,,9.0,3.0,1,17,1,1,2,0,0,1,0,,Away,대전 한화생명 볼파크,18:30,21.7
양창섭,2021,Samsung,2021-05-01,vs. LG,RP,W,0.0,1.38,4 ⅓,66,0,0,3,0,3,3,0,,Home,대구 삼성 라이온즈 파크,17:00,14.9
양창섭,2021,Samsung,2021-04-25,@ Kia,RP,,0.0,1.0,3,47,0,0,2,0,3,1,0,,Away,광주 기아 챔피언스 필드,14:00,25.7
양창섭,2021,Samsung,2021-04-20,vs. SSG,RP,,3.0,1.33,3,53,1,1,4,0,4,0,0,,Home,대구 삼성 라이온즈 파크,18:30,19.7
양창섭,2021,Samsung,2021-04-06,@ Doosan,RP,,0.0,0.0,0 ⅓,1,0,0,0,0,0,0,0,,Away,잠실 야구장,18:30,17.4
양창섭,2020,Samsung,2020-10-30,vs. NC,RP,,0.0,3.0,1,28,0,0,1,0,1,2,0,,Home,대구 삼성 라이온즈 파크,18:30,14.4
양창섭,2020,Samsung,2020-10-27,@ NC,RP,,0.0,0.0,1,13,0,0,0,0,2,0,0,,Away,창원 NC 파크,18:30,15.8
양창섭,2020,Samsung,2020-10-24,@ Kia,RP,,18.0,2.0,1,14,2,2,2,1,0,0,0,,Away,광주 기아 챔피언스 필드,17:00,12.9
양창섭,2020,Samsung,2020-10-20,@ SK,RP,,0.0,2.0,1,15,0,0,1,0,0,1,0,,Away,인천 SSG 랜더스필드,18:30,17.5
양창섭,2020,Samsung,2020-10-15,vs. SK,RP,,0.0,1.0,1,12,0,0,1,0,1,0,0,,Home,대구 삼성 라이온즈 파크,18:30,17.9
양창섭,2020,Samsung,2020-10-13,vs. SK,RP,,0.0,0.0,0 ⅔,6,0,0,0,0,0,0,0,,Home,대구 삼성 라이온즈 파크,18:30,18.5
양창섭,2020,Samsung,2020-10-07,@ LG,RP,,0.0,1.0,1,17,0,0,1,0,0,0,0,,Away,잠실 야구장,18:30,19.7
레예스,2024,Samsung,2024-09-25,vs. Kiwoom,SP,W,4.5,0.67,6,86,3,3,4,2,7,0,1,58.0,Home,대구 삼성 라이온즈 파크,18:30,26.2
레예스,2024,Samsung,2024-09-18,@ KT,SP,,6.35,1.41,5 ⅔,95,4,4,6,0,2,2,2,39.0,Away,수원 KT 위즈파크,18:30,32.3
레예스,2024,Samsung,2024-09-12,@ Hanwha,SP,W,1.8,1.2,5,63,1,1,5,0,5,1,0,57.0,Away,대전 한화생명 볼파크,18:30,28.8
레예스,2024,Samsung,2024-08-11,@ Kia,SP,,5.4,1.4,5,65,3,3,7,1,1,0,0,42.0,Away,광주 기아 챔피언스 필드,17:00,32.2
레예스,2024,Samsung,2024-08-03,vs. SSG,SP,W,2.7,0.9,6 ⅔,103,2,2,5,1,7,1,0,62.0,Home,대구 삼성 라이온즈 파크,18:00,33.0
레예스,2024,Samsung,2024-07-28,vs. KT,SP,,0.0,0.86,7,107,0,0,6,0,8,0,0,73.0,Home,대구 삼성 라이온즈 파크,17:00,33.1
레예스,2024,Samsung,2024-07-23,@ Hanwha,SP,,5.4,1.65,6 ⅔,105,4,4,9,1,5,2,1,42.0,Away,대전 한화생명 볼파크,18:30,29.7
레예스,2024,Samsung,2024-07-17,@ Kia,SP,L,12.0,2.67,3,72,4,4,5,1,0,3,0,30.0,Away,광주 기아 챔피언스 필드,18:30,30.1
레예스,2024,Samsung,2024-07-10,vs. NC,SP,W,7.11,1.58,6 ⅓,98,6,5,10,2,5,0,0,36.0,Home,대구 삼성 라이온즈 파크,18:30,25.8
레예스,2024,Samsung,2024-06-28,@ KT,SP,,0.0,0.5,6,92,0,0,2,0,2,1,0,69.0,Away,수원 KT 위즈파크,18:30,27.4
레예스,2024,Samsung,2024-06-23,vs. Doosan,SP,,0.0,1.33,6,92,1,0,4,0,2,4,0,56.0,Home,대구 삼성 라이온즈 파크,17:00,26.5
레예스,2024,Samsung,2024-06-16,@ NC,SP,,3.0,1.5,6,101,2,2,7,1,7,2,0,55.0,Away,창원 NC 파크,17:00,29.1
레예스,2024,Samsung,2024-06-11,vs. LG,SP,W,1.8,1.4,5,99,1,1,7,0,4,0,0,53.0,Home,대구 삼성 라이온즈 파크,18:30,24.2
레예스,2024,Samsung,2024-06-05,@ SSG,SP,L,9.0,1.6,5,84,5,5,7,1,3,1,0,35.0,Away,인천 SSG 랜더스필드,18:30,22.6
레예스,2024,Samsung,2024-05-30,vs. Kiwoom,SP,W,0.0,1.0,7,98,0,0,5,0,3,2,0,68.0,Home,대구 삼성 라이온즈 파크,18:30,20.5
레예스,2024,Samsung,2024-05-24,@ Lotte,SP,,6.23,2.08,4 ⅓,93,4,3,7,1,5,2,0,38.0,Away,사직 야구장,18:30,19.9
레예스,2024,Samsung,2024-05-18,vs. Hanwha,SP,,6.23,2.54,4 ⅓,97,4,3,9,0,3,2,0,32.0,Home,대구 삼성 라이온즈 파크,17:00,22.1
레예스,2024,Samsung,2024-05-12,@ NC,SP,W,2.7,0.75,6 ⅔,108,2,2,5,1,10,0,0,66.0,Away,창원 NC 파크,14:00,21.8
레예스,2024,Samsung,2024-05-04,vs. Lotte,SP,,1.5,1.17,6,109,1,1,7,0,5,0,0,59.0,Home,대구 삼성 라이온즈 파크,17:00,22.4
레예스,2024,Samsung,2024-04-28,@ Kiwoom,SP,W,3.0,0.83,6,106,2,2,5,0,7,0,1,60.0,Away,고척 스카이돔,14:00,25.5
레예스,2024,Samsung,2024-04-23,vs. LG,SP,,5.4,1.2,5,93,3,3,5,0,5,1,0,49.0,Home,대구 삼성 라이온즈 파크,18:30,14.6
레예스,2024,Samsung,2024-04-17,vs. Doosan,SP,W,1.8,1.4,5,99,1,1,5,1,4,2,1,54.0,Home,대구 삼성 라이온즈 파크,18:30,17.1
레예스,2024,Samsung,2024-04-11,@ Lotte,SP,W,0.0,1.05,6 ⅔,107,0,0,6,0,5,1,0,66.0,Away,사직 야구장,18:30,15.5
레예스,2024,Samsung,2024-04-05,@ Kia,SP,L,9.0,1.6,5,87,5,5,7,2,2,1,0,34.0,Away,광주 기아 챔피언스 필드,18:30,16.5
레예스,2024,Samsung,2024-03-30,vs. SSG,SP,L,20.25,3.75,2 ⅔,86,6,6,8,0,5,2,0,21.0,Home,대구 삼성 라이온즈 파크,17:00,15.6
레예스,2024,Samsung,2024-03-24,@ KT,SP,W,1.5,1.0,6,84,1,1,6,0,2,0,1,57.0,Away,수원 KT 위즈파크,14:00,20.8
임창민,2024,Samsung,2024-09-22,vs. Kiwoom,RP,,9.0,2.0,1,19,1,1,1,0,1,1,0,,Home,대구 삼성 라이온즈 파크,14:00,25.7
임창민,2024,Samsung,2024-09-18,@ KT,RP,,13.5,4.5,0 ⅔,21,1,1,3,1,0,0,0,,Away,수원 KT 위즈파크,18:30,32.3
임창민,2024,Samsung,2024-09-15,@ SSG,RP,,27.0,3.0,0 ⅓,5,1,1,1,0,0,0,0,,Away,인천 SSG 랜더스필드,14:00,32.0
임창민,2024,Samsung,2024-09-14,@ SSG,RP,,9.0,2.0,1,20,1,1,2,0,1,0,0,,Away,인천 SSG 랜더스필드,17:00,30.7
임창민,2024,Samsung,2024-09-12,@ Hanwha,RP,,0.0,2.0,1,28,0,0,1,0,3,1,0,,Away,대전 한화생명 볼파크,18:30,28.8
임창민,2024,Samsung,2024-09-04,vs. Doosan,RP,H,0.0,1.5,0 ⅔,9,0,0,1,0,0,0,1,,Home,대구 삼성 라이온즈 파크,18:30,28.5
임창민,2024,Samsung,2024-09-03,vs. Lotte,RP,H,0.0,1.0,1,8,0,0,1,0,0,0,0,,Home,대구 삼성 라이온즈 파크,18:30,27.1
임창민,2024,Samsung,2024-09-01,vs. Kia,RP,L,4.5,1.5,2,26,1,1,3,0,1,0,0,,Home,대구 삼성 라이온즈 파크,14:00,31.5
임창민,2024,Samsung,2024-08-29,@ Kiwoom,RP,W,0.0,1.0,1,21,0,0,0,0,2,1,0,,Away,고척 스카이돔,18:30,25.5
임창민,2024,Samsung,2024-08-28,@ Kiwoom,RP,H,0.0,0.75,1 ⅓,24,0,0,0,0,1,1,0,,Away,고척 스카이돔,18:30,25.5
임창민,2024,Samsung,2024-08-25,vs. Lotte,RP,H,0.0,0.6,1 ⅔,28,0,0,0,0,2,1,0,,Home,대구 삼성 라이온즈 파크,17:00,32.3
임창민,2024,Samsung,2024-08-20,vs. Doosan,RP,H,0.0,6.0,0 ⅓,13,0,0,1,0,0,1,0,,Home,대구 삼성 라이온즈 파크,18:30,31.4
임창민,2024,Samsung,2024-08-17,@ NC,RP,H,0.0,0.0,1,8,0,0,0,0,1,0,0,,Away,창원 NC 파크,18:00,31.1
임창민,2024,Samsung,2024-08-16,@ NC,RP,SV,0.0,0.0,1 ⅓,26,0,0,0,0,2,0,0,,Away,창원 NC 파크,18:30,31.1
임창민,2024,Samsung,2024-08-13,vs. KT,RP,,0.0,1.5,0 ⅔,11,0,0,1,0,1,0,0,,Home,대구 삼성 라이온즈 파크,18:30,31.7
임창민,2024,Samsung,2024-08-11,@ Kia,RP,,0.0,3.0,0 ⅓,6,0,0,1,0,0,0,0,,Away,광주 기아 챔피언스 필드,17:00,32.2
임창민,2024,Samsung,2024-08-09,@ Kia,RP,H,0.0,0.0,1,9,0,0,0,0,0,0,0,,Away,광주 기아 챔피언스 필드,18:30,30.0
임창민,2024,Samsung,2024-08-06,vs. Hanwha,RP,,27.0,3.0,0 ⅔,38,2,2,1,0,0,1,1,,Home,대구 삼성 라이온즈 파크,18:30,31.2
임창민,2024,Samsung,2024-08-01,@ LG,RP,,0.0,1.0,1,16,0,0,1,0,0,0,0,,Away,잠실 야구장,18:30,33.7
임창민,2024,Samsung,2024-07-26,vs. KT,RP,,0.0,1.0,1,14,0,0,1,0,1,0,0,,Home,대구 삼성 라이온즈 파크,18:30,31.5
임창민,2024,Samsung,2024-07-19,vs. Lotte,RP,,27.0,7.5,0 ⅔,26,2,2,3,0,0,2,0,,Home,대구 삼성 라이온즈 파크,18:30,28.3
임창민,2024,Samsung,2024-07-11,vs. NC,RP,H,0.0,2.0,1,21,0,0,2,0,1,0,0,,Home,대구 삼성 라이온즈 파크,18:30,25.6
임창민,2024,Samsung,2024-07-04,vs. Kia,RP,,6.75,2.25,1 ⅓,27,1,1,2,0,2,1,0,,Home,대구 삼성 라이온즈 파크,18:30,30.1
임창민,2024,Samsung,2024-07-02,vs. Kia,RP,H,18.0,3.0,1,22,2,2,3,1,0,0,0,,Home,대구 삼성 라이온즈 파크,18:30,27.0
임창민,2024,Samsung,2024-06-30,@ KT,RP,,0.0,1.0,1,18,0,0,1,0,1,0,0,,Away,수원 KT 위즈파크,17:00,26.3
임창민,2024,Samsung,2024-06-30,@ KT,RP,,0.0,0.0,0 ⅓,1,0,0,0,0,0,0,0,,Away,수원 KT 위즈파크,17:00,26.3
임창민,2024,Samsung,2024-06-27,@ LG,RP,H,0.0,0.0,1,9,0,0,0,0,0,0,0,,Away,잠실 야구장,18:30,29.1
임창민,2024,Samsung,2024-06-26,@ LG,RP,,0.0,0.0,1,10,0,0,0,0,2,0,0,,Away,잠실 야구장,18:30,28.6
임창민,2024,Samsung,2024-06-14,@ NC,RP,H,0.0,3.0,0 ⅔,22,0,0,1,0,1,1,0,,Away,창원 NC 파크,18:30,27.5
임창민,2024,Samsung,2024-06-12,vs. LG,RP,H,0.0,3.0,0 ⅔,17,0,0,1,0,1,1,0,,Home,대구 삼성 라이온즈 파크,18:30,25.3
임창민,2024,Samsung,2024-06-11,vs. LG,RP,H,27.0,3.0,0 ⅔,16,2,2,2,0,1,0,0,,Home,대구 삼성 라이온즈 파크,18:30,24.2
임창민,2024,Samsung,2024-06-09,@ Kiwoom,RP,,13.5,4.5,0 ⅔,24,1,1,2,0,0,1,0,,Away,고척 스카이돔,14:00,25.5
임창민,2024,Samsung,2024-06-07,@ Kiwoom,RP,H,9.0,2.0,1,17,1,1,2,0,1,0,0,,Away,고척 스카이돔,18:30,25.5
임창민,2024,Samsung,2024-06-01,vs. Hanwha,RP,H,0.0,0.0,1,13,0,0,0,0,0,0,0,,Home,대구 삼성 라이온즈 파크,17:00,24.0
임창민,2024,Samsung,2024-05-31,vs. Hanwha,RP,W,0.0,1.0,1,19,0,0,0,0,0,1,0,,Home,대구 삼성 라이온즈 파크,18:30,21.8
임창민,2024,Samsung,2024-05-28,vs. Kiwoom,RP,,0.0,1.0,1,18,0,0,0,0,1,1,0,,Home,대구 삼성 라이온즈 파크,18:30,20.6
임창민,2024,Samsung,2024-05-26,@ Lotte,RP,,0.0,,0,13,2,2,2,0,0,1,0,,Away,사직 야구장,14:00,21.5
임창민,2024,Samsung,2024-05-24,@ Lotte,RP,,0.0,3.0,0 ⅔,25,0,0,0,0,1,2,0,,Away,사직 야구장,18:30,19.9
임창민,2024,Samsung,2024-05-22,vs. KT,RP,H,0.0,1.0,1,17,0,0,0,0,1,1,0,,Home,대구 삼성 라이온즈 파크,18:30,19.8
임창민,2024,Samsung,2024-05-18,vs. Hanwha,RP,,40.5,6.0,0 ⅔,24,3,3,2,0,0,2,0,,Home,대구 삼성 라이온즈 파크,17:00,22.1
임창민,2024,Samsung,2024-05-17,vs. Hanwha,RP,H,0.0,1.0,1,17,0,0,1,0,1,0,0,,Home,대구 삼성 라이온즈 파크,18:30,21.0
임창민,2024,Samsung,2024-05-12,@ NC,RP,H,0.0,0.0,0 ⅓,2,0,0,0,0,0,0,0,,Away,창원 NC 파크,14:00,21.8
임창민,2024,Samsung,2024-05-11,@ NC,RP,H,0.0,3.0,1,21,0,0,2,0,3,1,0,,Away,창원 NC 파크,17:00,21.5
임창민,2024,Samsung,2024-05-08,vs. Kia,RP,H,0.0,6.0,0 ⅔,22,0,0,2,0,0,2,0,,Home,대구 삼성 라이온즈 파크,18:30,14.3
임창민,2024,Samsung,2024-05-03,vs. Lotte,RP,,18.0,3.0,1,30,2,2,2,1,2,1,0,,Home,대구 삼성 라이온즈 파크,18:30,20.0
임창민,2024,Samsung,2024-05-02,@ Doosan,RP,H,0.0,0.0,1,14,0,0,0,0,2,0,0,,Away,잠실 야구장,18:30,21.7
임창민,2024,Samsung,2024-04-27,@ Kiwoom,RP,H,0.0,0.0,1,15,0,0,0,0,2,0,0,,Away,고척 스카이돔,17:00,25.5
임창민,2024,Samsung,2024-04-21,@ Hanwha,RP,H,0.0,1.0,1,13,0,0,1,0,1,0,0,,Away,대전 한화생명 볼파크,14:00,17.2
임창민,2024,Samsung,2024-04-20,@ Hanwha,RP,H,0.0,3.0,0 ⅔,11,0,0,2,0,1,0,0,,Away,대전 한화생명 볼파크,17:00,14.4
임창민,2024,Samsung,2024-04-16,vs. Doosan,RP,,0.0,3.0,0 ⅔,14,2,0,2,0,0,0,0,,Home,대구 삼성 라이온즈 파크,18:30,18.7
임창민,2024,Samsung,2024-04-13,vs. NC,RP,H,0.0,1.0,1,24,0,0,0,0,2,1,0,,Home,대구 삼성 라이온즈 파크,17:00,21.0
임창민,2024,Samsung,2024-04-11,@ Lotte,RP,H,0.0,0.75,1 ⅓,17,0,0,0,0,0,1,0,,Away,사직 야구장,18:30,15.5
임창민,2024,Samsung,2024-04-09,@ Lotte,RP,,0.0,0.0,1,20,0,0,0,0,2,0,0,,Away,사직 야구장,18:30,12.3
임창민,2024,Samsung,2024-04-07,@ Kia,RP,H,0.0,6.0,0 ⅓,12,0,0,2,0,0,0,0,,Away,광주 기아 챔피언스 필드,14:00,24.5
임창민,2024,Samsung,2024-04-06,@ Kia,RP,,5.4,0.6,1 ⅔,19,1,1,1,1,1,0,0,,Away,광주 기아 챔피언스 필드,17:00,19.2
임창민,2024,Samsung,2024-03-31,vs. SSG,RP,,0.0,1.5,1 ⅓,16,0,0,1,0,1,1,0,,Home,대구 삼성 라이온즈 파크,14:00,15.1
임창민,2024,Samsung,2024-03-29,vs. SSG,RP,,0.0,0.0,0 ⅔,7,0,0,0,0,0,0,0,,Home,대구 삼성 라이온즈 파크,18:30,14.7
임창민,2024,Samsung,2024-03-27,@ LG,RP,,0.0,2.0,1,17,0,0,1,0,1,1,0,,Away,잠실 야구장,18:30,13.1
임창민,2024,Samsung,2024-03-26,@ LG,RP,H,0.0,0.75,1 ⅓,11,0,0,1,0,0,0,0,,Away,잠실 야구장,18:30,10.9
임창민,2024,Samsung,2024-03-23,@ KT,RP,,0.0,1.0,1,20,0,0,0,0,2,1,0,,Away,수원 KT 위즈파크,14:00,18.1
임창민,2023,Kiwoom,2023-10-10,vs. Samsung,RP,SV,0.0,1.0,1,24,0,0,1,0,1,0,0,,Home,고척 스카이돔,18:30,25.5
임창민,2023,Kiwoom,2023-10-03,@ Doosan,RP,SV,0.0,0.0,1,14,0,0,0,0,2,0,0,,Away,잠실 야구장,18:30,20.6
임창민,2023,Kiwoom,2023-09-28,vs. SSG,RP,SV,9.0,4.0,1,23,1,1,3,0,0,1,0,,Home,고척 스카이돔,18:30,25.5
임창민,2023,Kiwoom,2023-09-19,@ Lotte,RP,SV,0.0,1.0,1,9,0,0,1,0,0,0,0,,Away,사직 야구장,18:30,27.8
임창민,2023,Kiwoom,2023-09-09,vs. Hanwha,RP,,13.5,4.5,0 ⅔,13,1,1,2,0,0,1,0,,Home,고척 스카이돔,17:00,25.5
임창민,2023,Kiwoom,2023-09-08,vs. Hanwha,RP,,27.0,9.0,0 ⅓,17,1,1,3,0,1,0,0,,Home,고척 스카이돔,18:30,25.5
임창민,2023,Kiwoom,2023-08-31,@ SSG,RP,W,4.5,2.5,2,38,1,1,5,1,1,0,0,,Away,인천 SSG 랜더스필드,18:30,26.6
임창민,2023,Kiwoom,2023-08-25,@ Samsung,RP,SV,0.0,0.0,0 ⅔,8,0,0,0,0,1,0,0,,Away,대구 삼성 라이온즈 파크,18:30,29.6
임창민,2023,Kiwoom,2023-08-20,vs. Lotte,RP,SV,0.0,0.0,1,16,0,0,0,0,1,0,0,,Home,고척 스카이돔,14:00,25.5
임창민,2023,Kiwoom,2023-08-19,vs. Lotte,RP,SV,0.0,0.0,1,14,0,0,0,0,1,0,0,,Home,고척 스카이돔,18:00,25.5
임창민,2023,Kiwoom,2023-08-18,vs. Lotte,RP,SV,0.0,2.0,1,24,0,0,0,0,1,2,0,,Home,고척 스카이돔,18:30,25.5
임창민,2023,Kiwoom,2023-08-15,@ Kia,RP,SV,0.0,0.0,1 ⅓,17,0,0,0,0,2,0,0,,Away,광주 기아 챔피언스 필드,18:30,32.9
임창민,2023,Kiwoom,2023-08-09,vs. Lotte,RP,SV,0.0,6.0,0 ⅓,11,0,0,2,0,0,0,0,,Home,고척 스카이돔,18:30,25.5
임창민,2023,Kiwoom,2023-08-08,vs. Lotte,RP,L,27.0,9.0,0 ⅓,15,2,1,3,0,0,0,0,,Home,고척 스카이돔,18:30,25.5
임창민,2023,Kiwoom,2023-08-03,@ LG,RP,,27.0,4.5,0 ⅔,24,2,2,1,1,1,2,0,,Away,잠실 야구장,18:30,32.8
임창민,2023,Kiwoom,2023-07-27,vs. Hanwha,RP,SV,0.0,2.0,1,17,0,0,2,0,2,0,0,,Home,고척 스카이돔,18:30,25.5
임창민,2023,Kiwoom,2023-07-26,vs. Hanwha,RP,,0.0,0.0,1,12,0,0,0,0,0,0,0,,Home,고척 스카이돔,18:30,25.5
임창민,2023,Kiwoom,2023-07-23,@ Lotte,RP,SV,0.0,1.0,1,17,0,0,0,0,1,1,0,,Away,사직 야구장,17:00,28.9
임창민,2023,Kiwoom,2023-07-22,@ Lotte,RP,SV,0.0,2.0,1,19,0,0,1,0,1,1,0,,Away,사직 야구장,18:00,27.1
임창민,2023,Kiwoom,2023-07-12,vs. KT,RP,,0.0,0.0,1,14,0,0,0,0,0,0,0,,Home,고척 스카이돔,18:30,25.5
임창민,2023,Kiwoom,2023-07-06,vs. NC,RP,,0.0,0.0,1,12,0,0,0,0,1,0,0,,Home,고척 스카이돔,18:30,25.5
임창민,2023,Kiwoom,2023-07-05,vs. NC,RP,SV,0.0,0.0,1,11,0,0,0,0,0,0,0,,Home,고척 스카이돔,18:30,25.5
임창민,2023,Kiwoom,2023-07-01,vs. SSG,RP,,0.0,1.0,1,15,0,0,1,0,2,0,0,,Home,고척 스카이돔,18:00,25.5
임창민,2023,Kiwoom,2023-06-28,@ Kia,RP,SV,0.0,0.0,1,11,0,0,0,0,1,0,0,,Away,광주 기아 챔피언스 필드,18:30,27.9
임창민,2023,Kiwoom,2023-06-24,vs. Doosan,RP,SV,0.0,0.0,0 ⅓,6,0,0,0,0,1,0,0,,Home,고척 스카이돔,17:00,25.5
임창민,2023,Kiwoom,2023-06-22,@ Samsung,RP,SV,9.0,3.0,1,19,1,1,3,0,0,0,0,,Away,대구 삼성 라이온즈 파크,18:30,25.6
임창민,2023,Kiwoom,2023-06-21,@ Samsung,RP,SV,0.0,1.0,1,17,0,0,1,0,1,0,0,,Away,대구 삼성 라이온즈 파크,18:30,23.9
임창민,2023,Kiwoom,2023-06-18,@ Hanwha,RP,,0.0,,0,13,2,2,2,1,0,1,0,,Away,대전 한화생명 볼파크,17:00,30.6
임창민,2023,Kiwoom,2023-06-17,@ Hanwha,RP,SV,0.0,0.0,1,8,0,0,0,0,1,0,0,,Away,대전 한화생명 볼파크,17:00,28.8
임창민,2023,Kiwoom,2023-06-16,@ Hanwha,RP,,0.0,1.0,1,14,0,0,1,0,0,0,0,,Away,대전 한화생명 볼파크,18:30,28.9
임창민,2023,Kiwoom,2023-06-14,vs. Kia,RP,SV,0.0,2.0,1,20,0,0,1,0,0,1,0,,Home,고척 스카이돔,18:30,25.5
임창민,2023,Kiwoom,2023-06-13,vs. Kia,RP,SV,0.0,1.0,1,15,0,0,1,0,2,0,0,,Home,고척 스카이돔,18:30,25.5
임창민,2023,Kiwoom,2023-06-10,@ KT,RP,SV,0.0,0.0,1,9,0,0,0,0,0,0,0,,Away,수원 KT 위즈파크,17:00,24.0
임창민,2023,Kiwoom,2023-06-07,vs. LG,RP,,0.0,1.0,1,14,0,0,1,0,0,0,0,,Home,고척 스카이돔,18:30,25.5
임창민,2023,Kiwoom,2023-06-04,@ SSG,RP,SV,0.0,0.0,1,14,0,0,0,0,0,0,0,,Away,인천 SSG 랜더스필드,17:00,21.7
임창민,2023,Kiwoom,2023-06-02,@ SSG,RP,L,0.0,4.5,0 ⅔,22,2,0,1,0,1,2,0,,Away,인천 SSG 랜더스필드,18:30,22.3
임창민,2023,Kiwoom,2023-05-28,vs. Lotte,RP,SV,0.0,2.0,1,27,0,0,0,0,0,2,0,,Home,고척 스카이돔,14:00,25.5
임창민,2023,Kiwoom,2023-05-23,@ KT,RP,SV,0.0,1.0,1,25,0,0,1,0,2,0,0,,Away,수원 KT 위즈파크,18:30,22.8
임창민,2023,Kiwoom,2023-05-21,@ Kia,RP,SV,0.0,0.0,1,16,0,0,0,0,0,0,0,,Away,광주 기아 챔피언스 필드,14:00,22.9
임창민,2023,Kiwoom,2023-05-12,vs. NC,RP,W,9.0,3.0,1,22,1,1,2,0,1,1,0,,Home,고척 스카이돔,18:30,25.5
임창민,2023,Kiwoom,2023-05-07,vs. SSG,RP,,0.0,0.0,1 ⅓,17,0,0,0,0,1,0,0,,Home,고척 스카이돔,14:00,25.5
임창민,2023,Kiwoom,2023-05-05,vs. SSG,RP,,13.5,3.0,0 ⅔,21,1,1,1,0,0,1,1,,Home,고척 스카이돔,14:00,25.5
임창민,2023,Kiwoom,2023-05-02,@ Samsung,RP,,0.0,2.0,1,11,0,0,1,0,0,1,0,,Away,대구 삼성 라이온즈 파크,18:30,17.6
임창민,2023,Kiwoom,2023-04-27,vs. KT,RP,H,0.0,2.0,1,22,0,0,2,0,2,0,0,,Home,고척 스카이돔,18:30,25.5
임창민,2023,Kiwoom,2023-04-22,@ SSG,RP,,0.0,1.0,1,19,0,0,1,0,2,0,0,,Away,인천 SSG 랜더스필드,17:00,20.6
임창민,2023,Kiwoom,2023-04-20,vs. Samsung,RP,,0.0,2.0,1,18,0,0,2,0,1,0,0,,Home,고척 스카이돔,18:30,25.5
임창민,2023,Kiwoom,2023-04-19,vs. Samsung,RP,,0.0,0.0,1 ⅔,18,0,0,0,0,1,0,0,,Home,고척 스카이돔,18:30,25.5
임창민,2023,Kiwoom,2023-04-15,vs. Kia,RP,,0.0,1.0,1,15,0,0,1,0,1,0,0,,Home,고척 스카이돔,17:00,25.5
임창민,2023,Kiwoom,2023-04-09,@ NC,RP,,9.0,2.0,1,21,1,1,2,0,2,0,1,,Away,창원 NC 파크,14:00,18.2
임창민,2023,Kiwoom,2023-04-04,vs. LG,RP,,0.0,6.0,0 ⅓,5,0,0,2,0,0,0,0,,Home,고척 스카이돔,18:30,25.5
임창민,2023,Kiwoom,2023-04-02,vs. Hanwha,RP,,0.0,0.0,0 ⅓,3,0,0,0,0,1,0,0,,Home,고척 스카이돔,14:00,25.5
임창민,2022,Doosan,2022-09-18,@ SSG,RP,,0.0,,0,10,2,2,1,1,0,1,0,,Away,인천 SSG 랜더스필드,14:00,30.4
임창민,2022,Doosan,2022-09-15,@ Samsung,RP,,0.0,2.0,1,20,2,0,2,0,1,0,0,,Away,대구 삼성 라이온즈 파크,18:30,26.1
임창민,2022,Doosan,2022-09-09,vs. Hanwha,RP,,0.0,1.0,1,16,0,0,0,0,1,1,0,,Home,잠실 야구장,18:30,27.0
임창민,2022,Doosan,2022-09-08,vs. Hanwha,RP,,0.0,0.0,0 ⅔,8,0,0,0,0,1,0,0,,Home,잠실 야구장,18:30,27.8
임창민,2022,Doosan,2022-09-02,vs. Lotte,RP,,0.0,,0,10,0,0,1,0,0,1,0,,Home,잠실 야구장,18:30,28.0
임창민,2022,Doosan,2022-08-31,@ KT,RP,,0.0,0.0,1,12,0,0,0,0,0,0,0,,Away,수원 KT 위즈파크,18:30,25.1
임창민,2022,Doosan,2022-07-08,vs. LG,RP,,0.0,1.2,1 ⅔,35,0,0,1,0,0,1,2,,Home,잠실 야구장,18:30,29.3
임창민,2022,Doosan,2022-07-05,vs. Kiwoom,RP,,0.0,3.0,0 ⅓,12,0,0,0,0,1,1,0,,Home,잠실 야구장,18:30,32.1
임창민,2022,Doosan,2022-07-03,@ KT,RP,,0.0,,0,2,1,1,1,0,0,0,0,,Away,수원 KT 위즈파크,17:00,30.9
임창민,2022,Doosan,2022-07-01,@ KT,RP,,0.0,0.0,2 ⅓,32,0,0,0,0,1,0,0,,Away,수원 KT 위즈파크,18:30,31.2
임창민,2022,Doosan,2022-06-25,vs. Kia,RP,,13.5,3.0,0 ⅔,7,1,1,2,0,0,0,0,,Home,잠실 야구장,17:00,31.2
임창민,2022,Doosan,2022-06-24,vs. Kia,RP,,0.0,0.0,0 ⅔,10,0,0,0,0,1,0,0,,Home,잠실 야구장,18:30,26.7
임창민,2022,Doosan,2022-06-21,@ SSG,RP,,0.0,1.0,2,29,0,0,2,0,0,0,0,,Away,인천 SSG 랜더스필드,18:30,27.6
임창민,2022,Doosan,2022-06-17,vs. KT,RP,,0.0,0.43,2 ⅓,26,0,0,1,0,2,0,0,,Home,잠실 야구장,18:30,27.3
임창민,2022,Doosan,2022-06-14,@ Kiwoom,RP,,0.0,1.5,0 ⅔,15,0,0,0,0,2,1,0,,Away,고척 스카이돔,18:30,25.5
임창민,2022,Doosan,2022-06-12,@ LG,RP,,6.75,2.25,1 ⅓,26,1,1,1,0,1,2,0,,Away,잠실 야구장,17:00,28.6
임창민,2022,Doosan,2022-06-11,@ LG,RP,,0.0,6.0,0 ⅓,13,0,0,2,0,1,0,0,,Away,잠실 야구장,17:00,30.3
임창민,2022,Doosan,2022-06-08,vs. Hanwha,RP,,0.0,1.0,1,21,0,0,1,0,0,0,0,,Home,잠실 야구장,18:30,24.9
임창민,2022,Doosan,2022-04-29,@ SSG,RP,,18.0,2.0,1,10,2,2,2,1,0,0,0,,Away,인천 SSG 랜더스필드,18:30,14.5
임창민,2022,Doosan,2022-04-27,vs. NC,RP,,0.0,,0,9,2,2,1,1,0,1,0,,Home,잠실 야구장,18:30,21.3
임창민,2022,Doosan,2022-04-24,vs. LG,RP,,0.0,,0,12,2,2,3,0,0,0,0,,Home,잠실 야구장,14:00,24.1
임창민,2022,Doosan,2022-04-23,vs. LG,RP,H,0.0,0.0,1,11,0,0,0,0,2,0,0,,Home,잠실 야구장,17:00,24.7
임창민,2022,Doosan,2022-04-20,@ Kia,RP,,0.0,,0,11,1,0,0,0,0,0,0,,Away,광주 기아 챔피언스 필드,18:30,21.2
임창민,2022,Doosan,2022-04-19,@ Kia,RP,H,0.0,1.0,1,14,0,0,1,0,1,0,0,,Away,광주 기아 챔피언스 필드,18:30,20.2
임창민,2022,Doosan,2022-04-16,vs. Kiwoom,RP,H,0.0,1.5,0 ⅔,13,0,0,1,0,1,0,0,,Home,잠실 야구장,17:00,18.7
임창민,2022,Doosan,2022-04-14,@ KT,RP,SV,0.0,0.0,1,13,0,0,0,0,0,0,0,,Away,수원 KT 위즈파크,18:30,13.7
임창민,2022,Doosan,2022-04-12,@ KT,RP,H,0.0,1.0,1,15,0,0,1,0,0,0,0,,Away,수원 KT 위즈파크,18:30,16.2
임창민,2022,Doosan,2022-04-10,@ Lotte,RP,SV,0.0,0.0,1,13,0,0,0,0,2,0,0,,Away,사직 야구장,14:00,21.5
임창민,2022,Doosan,2022-04-09,@ Lotte,RP,,0.0,1.0,1,19,0,0,1,0,0,0,0,,Away,사직 야구장,17:00,19.3
임창민,2022,Doosan,2022-04-07,vs. Samsung,RP,,0.0,,0,14,1,1,1,0,0,1,1,,Home,잠실 야구장,18:30,12.2
임창민,2022,Doosan,2022-04-03,vs. Hanwha,RP,H,0.0,0.0,1,11,0,0,0,0,2,0,0,,Home,잠실 야구장,14:00,16.0
임창민,2022,Doosan,2022-04-02,vs. Hanwha,RP,H,0.0,0.0,1 ⅔,23,0,0,0,0,1,0,0,,Home,잠실 야구장,14:00,14.0
임창민,2021,NC,2021-10-28,@ KT,RP,,0.0,2.0,1,20,0,0,2,0,0,0,0,,Away,수원 KT 위즈파크,18:30,16.2
임창민,2021,NC,2021-10-26,vs. SSG,RP,,0.0,0.0,1,19,0,0,0,0,1,0,0,,Home,창원 NC 파크,18:30,15.1
임창민,2021,NC,2021-10-20,@ SSG,RP,H,0.0,0.0,1,9,0,0,0,0,1,0,0,,Away,인천 SSG 랜더스필드,18:30,11.3
임창민,2021,NC,2021-10-17,vs. LG,RP,,0.0,0.0,1,16,0,0,0,0,1,0,0,,Home,창원 NC 파크,14:00,13.2
임창민,2021,NC,2021-10-16,vs. LG,RP,,0.0,0.0,0 ⅔,9,0,0,0,0,0,0,0,,Home,창원 NC 파크,17:00,15.4
임창민,2021,NC,2021-10-07,vs. Samsung,RP,,54.0,6.0,0 ⅓,19,2,2,1,0,0,1,0,,Home,창원 NC 파크,18:30,23.5
임창민,2021,NC,2021-10-06,@ KT,RP,H,0.0,1.0,1,11,0,0,1,0,1,0,0,,Away,수원 KT 위즈파크,18:30,21.9
임창민,2021,NC,2021-10-03,@ Lotte,RP,,0.0,,0,16,3,0,1,0,0,2,0,,Away,사직 야구장,14:00,27.2
임창민,2021,NC,2021-10-01,vs. SSG,RP,H,0.0,0.0,1,12,0,0,0,0,0,0,0,,Home,창원 NC 파크,18:30,22.4
임창민,2021,NC,2021-09-30,vs. SSG,RP,,0.0,0.0,1,15,0,0,0,0,1,0,0,,Home,창원 NC 파크,18:30,24.3
임창민,2021,NC,2021-07-06,@ Doosan,RP,,0.0,,0,10,0,0,1,0,0,1,0,,Away,잠실 야구장,18:30,28.6
임창민,2021,NC,2021-07-02,vs. Samsung,RP,,27.0,3.0,0 ⅔,17,2,2,1,0,0,1,0,,Home,창원 NC 파크,18:30,28.5
임창민,2021,NC,2021-06-29,@ Kia,RP,,0.0,1.0,1,17,0,0,1,0,2,0,0,,Away,광주 기아 챔피언스 필드,18:30,27.4
임창민,2021,NC,2021-06-27,vs. SSG,RP,,0.0,1.0,1,21,0,0,1,0,2,0,0,,Home,창원 NC 파크,17:00,26.6
임창민,2021,NC,2021-06-26,vs. SSG,RP,H,9.0,2.0,1,8,1,1,2,0,0,0,0,,Home,창원 NC 파크,17:00,25.6
임창민,2021,NC,2021-06-25,vs. SSG,RP,,0.0,1.5,0 ⅔,15,0,0,1,0,1,0,0,,Home,창원 NC 파크,18:30,24.4
임창민,2021,NC,2021-06-22,@ Lotte,RP,H,0.0,0.0,1,11,0,0,0,0,0,0,0,,Away,사직 야구장,18:30,23.0
임창민,2021,NC,2021-06-19,vs. Kiwoom,RP,,18.0,2.0,1,21,3,2,2,0,0,0,1,,Home,창원 NC 파크,17:00,25.1
임창민,2021,NC,2021-06-18,vs. Kiwoom,RP,H,0.0,3.0,0 ⅓,10,0,0,1,0,1,0,0,,Home,창원 NC 파크,18:30,23.2
임창민,2021,NC,2021-06-13,@ Samsung,RP,L,81.0,9.0,0 ⅓,14,3,3,2,0,0,1,2,,Away,대구 삼성 라이온즈 파크,17:00,27.2
임창민,2021,NC,2021-06-10,@ LG,RP,,0.0,0.0,1,13,0,0,0,0,0,0,1,,Away,잠실 야구장,18:30,27.3
임창민,2021,NC,2021-06-08,@ LG,RP,L,5.4,1.2,1 ⅔,27,1,1,2,0,0,0,0,,Away,잠실 야구장,18:30,27.1
임창민,2021,NC,2021-06-06,vs. Hanwha,RP,H,0.0,3.0,0 ⅓,10,0,0,0,0,1,1,0,,Home,창원 NC 파크,17:00,24.6
임창민,2021,NC,2021-06-04,vs. Hanwha,RP,H,9.0,1.0,1,13,1,1,1,1,0,0,0,,Home,창원 NC 파크,18:30,22.7
임창민,2021,NC,2021-06-01,vs. Doosan,RP,,13.5,3.0,0 ⅔,13,1,1,2,0,1,0,0,,Home,창원 NC 파크,18:30,21.6
임창민,2021,NC,2021-05-30,@ Lotte,RP,H,0.0,0.0,1,12,0,0,0,0,1,0,0,,Away,사직 야구장,14:00,23.5
임창민,2021,NC,2021-05-27,vs. Samsung,RP,H,0.0,2.0,1,19,0,0,1,0,0,1,0,,Home,창원 NC 파크,18:30,21.0
임창민,2021,NC,2021-05-23,@ Kiwoom,RP,,0.0,0.75,1 ⅓,25,0,0,1,0,2,0,0,,Away,고척 스카이돔,14:00,25.5
임창민,2021,NC,2021-05-19,@ LG,RP,,0.0,0.0,0 ⅓,6,0,0,0,0,1,0,0,,Away,잠실 야구장,18:30,25.3
임창민,2021,NC,2021-05-18,@ LG,RP,,0.0,2.0,1,20,0,0,0,0,0,2,0,,Away,잠실 야구장,18:30,22.6
임창민,2021,NC,2021-05-15,vs. Kia,RP,H,0.0,0.0,1 ⅔,13,0,0,0,0,1,0,0,,Home,창원 NC 파크,17:00,20.1
임창민,2021,NC,2021-05-13,@ Hanwha,RP,H,0.0,0.0,1,10,0,0,0,0,0,0,0,,Away,대전 한화생명 볼파크,18:30,29.1
임창민,2021,NC,2021-05-12,@ Hanwha,RP,H,0.0,2.0,1,24,0,0,0,0,1,2,0,,Away,대전 한화생명 볼파크,18:30,25.3
임창민,2021,NC,2021-05-08,@ KT,RP,,0.0,0.0,1,8,0,0,0,0,0,0,0,,Away,수원 KT 위즈파크,17:00,18.9
임창민,2021,NC,2021-05-06,vs. SSG,RP,H,0.0,0.0,1 ⅓,17,0,0,0,0,3,0,0,,Home,창원 NC 파크,18:30,17.7
임창민,2021,NC,2021-05-01,vs. Kiwoom,RP,,9.0,3.0,1,24,1,1,1,0,1,2,0,,Home,창원 NC 파크,17:00,13.3
임창민,2021,NC,2021-04-29,@ Samsung,RP,,0.0,1.0,1,12,0,0,1,0,0,0,0,,Away,대구 삼성 라이온즈 파크,18:30,17.3
임창민,2021,NC,2021-04-24,@ Doosan,RP,,13.5,6.0,0 ⅔,30,3,1,3,0,1,1,0,,Away,잠실 야구장,17:00,20.9
임창민,2021,NC,2021-04-21,vs. KT,RP,H,0.0,1.0,1,12,0,0,0,0,1,1,0,,Home,창원 NC 파크,18:30,19.9
임창민,2021,NC,2021-04-20,vs. KT,RP,,0.0,1.5,0 ⅔,7,0,0,0,0,0,1,0,,Home,창원 NC 파크,18:30,20.0
임창민,2021,NC,2021-04-18,vs. Hanwha,RP,,9.0,2.0,1,20,1,1,1,1,1,1,0,,Home,창원 NC 파크,14:00,16.7
임창민,2021,NC,2021-04-13,@ SSG,RP,H,0.0,1.5,0 ⅔,17,0,0,0,0,1,1,0,,Away,인천 SSG 랜더스필드,18:30,6.8
임창민,2021,NC,2021-04-11,@ Kia,RP,H,0.0,0.0,0 ⅔,7,0,0,0,0,0,0,0,,Away,광주 기아 챔피언스 필드,14:00,21.6
임창민,2021,NC,2021-04-08,vs. Lotte,RP,L,9.0,3.0,1,23,1,1,3,0,0,0,0,,Home,창원 NC 파크,18:30,13.9
임창민,2021,NC,2021-04-06,vs. Lotte,RP,,0.0,0.75,1 ⅓,25,0,0,0,0,2,1,0,,Home,창원 NC 파크,18:30,16.7
임창민,2021,NC,2021-04-04,vs. LG,RP,,0.0,2.0,1,22,0,0,2,0,0,0,0,,Home,창원 NC 파크,14:00,11.2
임창민,2020,NC,2020-10-30,@ Samsung,RP,,27.0,6.0,0 ⅓,16,1,1,1,0,0,1,1,,Away,대구 삼성 라이온즈 파크,18:30,14.4
임창민,2020,NC,2020-10-28,@ Lotte,RP,,0.0,0.0,1,8,0,0,0,0,2,0,0,,Away,사직 야구장,18:30,17.6
임창민,2020,NC,2020-10-24,vs. LG,RP,H,0.0,1.5,0 ⅔,11,0,0,1,0,0,0,0,,Home,창원 NC 파크,17:00,15.7
임창민,2020,NC,2020-10-23,@ Hanwha,RP,,0.0,0.0,1,12,0,0,0,0,1,0,0,,Away,대전 한화생명 볼파크,18:30,10.9
임창민,2020,NC,2020-10-17,vs. Lotte,RP,W,0.0,2.0,1,19,0,0,0,0,2,2,0,,Home,창원 NC 파크,17:00,18.9
임창민,2020,NC,2020-10-15,vs. Kia,RP,,0.0,,0,14,4,4,4,1,0,0,0,,Home,창원 NC 파크,18:30,17.2
임창민,2020,NC,2020-10-11,@ LG,RP,,0.0,0.0,0 ⅔,9,0,0,0,0,1,0,0,,Away,잠실 야구장,14:00,20.3
임창민,2020,NC,2020-10-10,@ LG,RP,,9.0,2.0,1,22,1,1,2,1,0,0,0,,Away,잠실 야구장,17:00,20.1
임창민,2020,NC,2020-10-08,@ Kiwoom,RP,,0.0,6.0,0 ⅓,13,0,0,1,0,1,1,0,,Away,고척 스카이돔,18:30,25.5
임창민,2020,NC,2020-10-06,@ Kiwoom,RP,L,0.0,,0,8,1,1,2,0,0,1,0,,Away,고척 스카이돔,18:30,25.5
임창민,2020,NC,2020-10-04,vs. Samsung,RP,H,27.0,6.0,0 ⅓,9,1,1,2,0,0,0,0,,Home,창원 NC 파크,14:00,24.8
임창민,2020,NC,2020-10-03,vs. Samsung,RP,H,0.0,0.0,2,17,0,0,0,0,3,0,0,,Home,창원 NC 파크,17:00,23.2
임창민,2020,NC,2020-09-27,@ Hanwha,RP,,0.0,,0,22,2,0,0,0,0,3,0,,Away,대전 한화생명 볼파크,14:00,24.4
임창민,2020,NC,2020-09-25,vs. LG,RP,,0.0,1.0,1,11,0,0,1,0,1,0,0,,Home,창원 NC 파크,18:30,23.0
임창민,2020,NC,2020-09-22,vs. Samsung,RP,,0.0,1.0,1,21,0,0,1,0,3,0,0,,Home,창원 NC 파크,18:30,20.8
임창민,2020,NC,2020-09-20,@ Lotte,RP,W,0.0,3.0,1 ⅓,40,0,0,1,0,3,3,0,,Away,사직 야구장,14:00,24.6
임창민,2020,NC,2020-09-17,@ SK,RP,H,0.0,1.0,1,12,0,0,1,0,1,0,0,,Away,인천 SSG 랜더스필드,18:30,22.4
임창민,2020,NC,2020-09-16,@ Doosan,RP,H,0.0,1.0,1,18,0,0,1,0,2,0,0,,Away,잠실 야구장,18:30,24.7
임창민,2020,NC,2020-09-13,vs. Kia,RP,,0.0,0.0,1,7,0,0,0,0,1,0,0,,Home,창원 NC 파크,14:00,23.0
임창민,2020,NC,2020-09-10,vs. KT,RP,W,5.4,1.8,1 ⅔,20,1,1,3,1,2,0,0,,Home,창원 NC 파크,18:30,26.6
임창민,2020,NC,2020-09-09,vs. Lotte,RP,,0.0,1.0,1,16,0,0,1,0,0,0,0,,Home,창원 NC 파크,18:30,25.9
임창민,2020,NC,2020-09-04,@ LG,RP,H,0.0,0.0,1,12,0,0,0,0,0,0,0,,Away,잠실 야구장,18:30,25.5
임창민,2020,NC,2020-09-03,@ LG,RP,H,0.0,1.5,0 ⅔,9,0,0,0,0,1,1,0,,Away,잠실 야구장,18:30,25.9
임창민,2020,NC,2020-09-01,@ Kiwoom,RP,H,0.0,1.5,0 ⅔,16,0,0,1,0,1,0,0,,Away,고척 스카이돔,18:30,25.5
임창민,2020,NC,2020-08-30,vs. SK,RP,H,0.0,2.0,1,18,0,0,1,0,2,1,0,,Home,창원 NC 파크,17:00,30.5
임창민,2020,NC,2020-08-27,vs. Doosan,RP,,0.0,0.0,1,10,0,0,0,0,1,0,0,,Home,창원 NC 파크,18:30,29.5
임창민,2020,NC,2020-08-25,vs. Hanwha,RP,W,0.0,1.8,1 ⅔,33,0,0,2,0,2,1,0,,Home,창원 NC 파크,18:30,31.3
임창민,2020,NC,2020-08-21,@ Kia,RP,W,0.0,0.0,1 ⅓,15,0,0,0,0,0,0,0,,Away,광주 기아 챔피언스 필드,18:30,31.8
임창민,2020,NC,2020-08-19,vs. Kiwoom,RP,,0.0,0.0,2,18,0,0,0,0,1,0,0,,Home,창원 NC 파크,18:30,33.3
임창민,2020,NC,2020-07-03,vs. Kia,RP,,27.0,4.0,1,30,3,3,2,0,1,2,0,,Home,창원 NC 파크,18:30,23.1
임창민,2020,NC,2020-06-30,vs. Lotte,RP,,9.0,3.0,1,25,2,1,2,0,0,1,0,,Home,창원 NC 파크,18:30,25.8
임창민,2020,NC,2020-06-26,@ Doosan,RP,,0.0,3.0,0 ⅓,9,0,0,1,0,0,0,0,,Away,잠실 야구장,18:30,25.6
임창민,2020,NC,2020-06-25,@ KT,RP,H,0.0,0.0,0 ⅔,9,0,0,0,0,0,0,0,,Away,수원 KT 위즈파크,18:30,24.2
임창민,2020,NC,2020-06-21,vs. Hanwha,RP,,13.5,3.0,0 ⅔,19,1,1,1,0,1,1,1,,Home,창원 NC 파크,17:00,23.5
임창민,2020,NC,2020-06-20,vs. Hanwha,RP,,0.0,0.0,1,16,0,0,0,0,2,0,0,,Home,창원 NC 파크,17:00,23.4
임창민,2020,NC,2020-06-16,@ Kia,RP,L,0.0,,0,14,2,2,1,0,0,1,0,,Away,광주 기아 챔피언스 필드,18:30,26.7
임창민,2020,NC,2020-06-14,vs. Kiwoom,RP,W,0.0,0.0,1 ⅔,23,0,0,0,0,2,0,0,,Home,창원 NC 파크,17:00,29.2
임창민,2020,NC,2020-06-13,vs. Kiwoom,RP,,0.0,0.0,1,11,0,0,0,0,2,0,0,,Home,창원 NC 파크,17:00,24.9
임창민,2020,NC,2020-05-15,@ SK,RP,,13.5,6.0,0 ⅔,30,1,1,0,0,0,4,0,,Away,인천 SSG 랜더스필드,18:30,15.8
임창민,2020,NC,2020-05-13,vs. KT,RP,W,0.0,1.0,1,16,1,0,1,0,2,0,0,,Home,창원 NC 파크,18:30,22.2
임창민,2020,NC,2020-05-10,vs. LG,RP,,108.0,12.0,0 ⅓,17,4,4,4,1,1,0,0,,Home,창원 NC 파크,14:00,21.1
임창민,2020,NC,2020-05-08,vs. LG,RP,,27.0,3.0,0 ⅓,6,1,1,1,0,1,0,0,,Home,창원 NC 파크,18:30,19.9
임창민,2020,NC,2020-05-06,@ Samsung,RP,H,0.0,0.0,0 ⅓,1,0,0,0,0,0,0,0,,Away,대구 삼성 라이온즈 파크,18:30,19.2
임창민,2020,NC,2020-05-05,@ Samsung,RP,,0.0,0.0,1,10,0,0,0,0,1,0,0,,Away,대구 삼성 라이온즈 파크,14:00,18.1
송은범,2024,Samsung,2024-09-25,vs. Kiwoom,RP,H,0.0,1.0,1,13,0,0,1,0,0,0,0,,Home,대구 삼성 라이온즈 파크,18:30,26.2
송은범,2024,Samsung,2024-09-22,vs. Kiwoom,RP,,0.0,3.0,0 ⅔,8,0,0,2,0,0,0,0,,Home,대구 삼성 라이온즈 파크,14:00,25.7
송은범,2024,Samsung,2024-09-18,@ KT,RP,H,0.0,3.0,0 ⅓,9,0,0,1,0,0,0,0,,Away,수원 KT 위즈파크,18:30,32.3
송은범,2024,Samsung,2024-09-17,@ Doosan,RP,,0.0,1.0,1,14,0,0,1,0,0,0,0,,Away,잠실 야구장,18:30,31.2
송은범,2024,Samsung,2024-09-14,@ SSG,RP,,13.5,3.0,0 ⅔,15,1,1,2,0,0,0,0,,Away,인천 SSG 랜더스필드,17:00,30.7
송은범,2024,Samsung,2024-09-11,@ Hanwha,RP,,0.0,0.5,2,31,0,0,0,0,1,1,0,,Away,대전 한화생명 볼파크,18:30,29.2
송은범,2024,Samsung,2024-09-07,vs. NC,RP,,0.0,0.0,1,10,0,0,0,0,0,0,0,,Home,대구 삼성 라이온즈 파크,17:00,30.8
송은범,2024,Samsung,2024-09-06,@ Lotte,RP,,0.0,1.0,1,8,0,0,1,0,0,0,0,,Away,사직 야구장,18:30,29.1
송은범,2024,Samsung,2024-08-31,vs. Kia,RP,,0.0,0.0,0 ⅔,6,0,0,0,0,1,0,0,,Home,대구 삼성 라이온즈 파크,18:00,29.1
송은범,2023,LG,2023-07-08,@ Lotte,RP,,0.0,2.0,1,12,0,0,2,0,1,0,0,,Away,사직 야구장,18:00,24.9
송은범,2023,LG,2023-06-28,@ SSG,RP,,13.5,4.5,0 ⅔,14,1,1,2,0,1,1,0,,Away,인천 SSG 랜더스필드,18:30,26.5
송은범,2023,LG,2023-06-27,@ SSG,RP,,0.0,1.0,1,8,0,0,1,0,0,0,0,,Away,인천 SSG 랜더스필드,18:30,27.8
송은범,2023,LG,2023-05-12,@ Samsung,RP,,0.0,3.0,1,20,0,0,1,0,0,2,0,,Away,대구 삼성 라이온즈 파크,18:30,18.1
송은범,2022,LG,2022-10-04,vs. Kia,RP,,0.0,,0,9,3,2,2,0,0,0,0,,Home,잠실 야구장,18:30,17.4
송은범,2022,LG,2022-10-01,vs. NC,RP,,0.0,3.0,0 ⅓,8,0,0,1,0,1,0,0,,Home,잠실 야구장,17:00,25.1
송은범,2022,LG,2022-09-29,vs. KT,RP,,0.0,0.5,2,27,0,0,1,0,2,0,0,,Home,잠실 야구장,18:30,24.3
송은범,2022,LG,2022-09-28,@ Hanwha,RP,,27.0,3.0,0 ⅓,9,1,1,1,1,0,0,0,,Away,대전 한화생명 볼파크,18:30,23.0
송은범,2022,LG,2022-09-24,vs. Hanwha,RP,,0.0,1.5,1 ⅓,25,0,0,1,0,1,1,0,,Home,잠실 야구장,17:00,22.9
송은범,2022,LG,2022-09-22,vs. Lotte,RP,,9.0,1.0,1,19,1,1,1,1,1,0,0,,Home,잠실 야구장,18:30,22.7
송은범,2022,LG,2022-09-20,@ Kia,RP,,0.0,2.0,1,19,0,0,2,0,1,0,0,,Away,광주 기아 챔피언스 필드,18:30,22.6
송은범,2022,LG,2022-09-18,vs. Hanwha,RP,,9.0,2.0,1,12,1,1,2,0,0,0,0,,Home,잠실 야구장,14:00,31.6
송은범,2022,LG,2022-09-13,@ Doosan,RP,,0.0,3.0,0 ⅓,5,0,0,1,0,0,0,0,,Away,잠실 야구장,18:30,26.9
송은범,2022,LG,2022-09-10,@ Samsung,RP,,0.0,1.0,1,13,0,0,1,0,0,0,0,,Away,대구 삼성 라이온즈 파크,17:00,24.8
송은범,2022,LG,2022-09-09,@ Kiwoom,RP,,0.0,3.0,0 ⅔,19,0,0,1,0,0,1,0,,Away,고척 스카이돔,18:30,25.5
송은범,2022,LG,2022-09-06,vs. SSG,RP,,0.0,0.5,2,25,0,0,1,0,3,0,0,,Home,잠실 야구장,18:30,25.2
송은범,2022,LG,2022-09-04,@ Lotte,RP,,9.0,4.0,1,21,1,1,3,0,0,1,0,,Away,사직 야구장,14:00,30.9
송은범,2022,LG,2022-08-31,vs. NC,RP,H,0.0,1.0,1,17,0,0,0,0,1,1,0,,Home,잠실 야구장,18:30,26.0
송은범,2022,LG,2022-08-24,@ Hanwha,RP,,0.0,0.0,1 ⅓,13,0,0,0,0,0,0,0,,Away,대전 한화생명 볼파크,18:30,24.5
송은범,2022,LG,2022-08-21,vs. Doosan,RP,,0.0,0.0,1,19,0,0,0,0,1,0,0,,Home,잠실 야구장,17:00,32.2
송은범,2022,LG,2022-08-20,vs. Doosan,RP,,9.0,2.0,1,17,1,1,2,1,0,0,0,,Home,잠실 야구장,18:00,32.0
송은범,2022,LG,2022-08-17,vs. Samsung,RP,W,6.75,1.5,1 ⅓,28,1,1,1,0,0,1,0,,Home,잠실 야구장,18:30,29.3
송은범,2022,LG,2022-08-14,@ NC,RP,,0.0,1.8,1 ⅔,33,0,0,0,0,0,3,0,,Away,창원 NC 파크,17:00,31.9
송은범,2022,LG,2022-08-12,@ Hanwha,RP,H,0.0,0.0,1,8,0,0,0,0,0,0,0,,Away,대전 한화생명 볼파크,18:30,30.9
송은범,2022,LG,2022-08-06,vs. Kiwoom,RP,,0.0,1.0,2,33,0,0,2,0,1,0,0,,Home,잠실 야구장,18:00,32.3
송은범,2022,LG,2022-08-04,@ Lotte,RP,,0.0,1.0,1,13,0,0,1,0,1,0,0,,Away,사직 야구장,18:30,31.0
송은범,2022,LG,2022-07-29,vs. KT,RP,,0.0,3.0,0 ⅔,18,0,0,2,0,0,0,0,,Home,잠실 야구장,18:30,33.5
송은범,2022,LG,2022-07-27,@ SSG,RP,,9.0,1.0,1,14,1,1,1,0,0,0,0,,Away,인천 SSG 랜더스필드,18:30,30.7
송은범,2022,LG,2022-07-24,@ NC,RP,L,16.2,2.4,1 ⅔,28,3,3,2,0,0,2,0,,Away,창원 NC 파크,17:00,30.3
송은범,2021,LG,2021-08-14,vs. Lotte,RP,,0.0,0.0,0 ⅓,2,0,0,0,0,0,0,0,,Home,잠실 야구장,18:00,28.6
송은범,2021,LG,2021-08-10,vs. SSG,RP,,0.0,0.0,1 ⅓,13,0,0,0,0,1,0,0,,Home,잠실 야구장,18:30,29.9
송은범,2021,LG,2021-07-05,vs. Hanwha,RP,,0.0,1.0,1,10,0,0,1,0,0,0,0,,Home,잠실 야구장,18:30,27.2
송은범,2021,LG,2021-06-30,vs. KT,RP,,0.0,,0,5,0,0,1,0,0,0,0,,Home,잠실 야구장,18:30,28.5
송은범,2021,LG,2021-06-26,@ Samsung,RP,,0.0,1.5,0 ⅔,14,1,0,0,0,0,1,0,,Away,대구 삼성 라이온즈 파크,17:00,26.6
송은범,2021,LG,2021-06-24,@ SSG,RP,,0.0,,0,7,2,2,1,0,0,1,0,,Away,인천 SSG 랜더스필드,18:30,24.0
송은범,2021,LG,2021-06-20,vs. Kia,RP,,0.0,0.0,1,12,0,0,0,0,0,0,0,,Home,잠실 야구장,17:00,27.0
송은범,2021,LG,2021-06-18,vs. Kia,RP,,0.0,0.0,1 ⅓,12,0,0,0,0,1,0,0,,Home,잠실 야구장,18:30,23.4
송은범,2021,LG,2021-06-16,@ Kiwoom,RP,L,54.0,3.0,0 ⅓,16,2,2,1,0,1,0,1,,Away,고척 스카이돔,18:30,25.5
송은범,2021,LG,2021-06-15,@ Kiwoom,RP,,0.0,1.0,1,17,0,0,1,0,1,0,0,,Away,고척 스카이돔,18:30,25.5
송은범,2021,LG,2021-06-12,vs. Doosan,RP,,9.0,2.0,1,24,1,1,2,0,0,0,0,,Home,잠실 야구장,17:00,29.5
송은범,2021,LG,2021-06-11,vs. Doosan,RP,,0.0,1.0,1,15,0,0,0,0,0,1,0,,Home,잠실 야구장,18:30,25.6
송은범,2021,LG,2021-06-09,vs. NC,RP,,13.5,3.0,0 ⅔,13,1,1,2,0,1,0,0,,Home,잠실 야구장,18:30,29.6
송은범,2021,LG,2021-06-05,@ Kia,RP,,0.0,3.0,0 ⅔,17,0,0,0,0,0,2,0,,Away,광주 기아 챔피언스 필드,17:00,26.5
송은범,2021,LG,2021-06-04,@ Kia,RP,L,6.75,0.75,1 ⅓,19,1,1,0,0,0,1,0,,Away,광주 기아 챔피언스 필드,18:30,21.7
송은범,2021,LG,2021-06-02,vs. KT,RP,,0.0,0.6,1 ⅔,27,0,0,1,0,1,0,0,,Home,잠실 야구장,18:30,27.3
송은범,2021,LG,2021-05-30,vs. Kiwoom,RP,,0.0,0.0,1,10,0,0,0,0,1,0,0,,Home,잠실 야구장,14:00,24.1
송은범,2021,LG,2021-05-28,vs. Kiwoom,RP,H,0.0,0.0,0 ⅔,7,0,0,0,0,1,0,0,,Home,잠실 야구장,18:30,18.2
송은범,2021,LG,2021-05-23,@ SSG,RP,,13.5,2.25,1 ⅓,25,2,2,3,0,0,0,0,,Away,인천 SSG 랜더스필드,14:00,21.4
송은범,2021,LG,2021-05-21,@ SSG,RP,,0.0,6.0,0 ⅓,14,0,0,1,0,0,1,0,,Away,인천 SSG 랜더스필드,18:30,17.5
송은범,2021,LG,2021-05-19,vs. NC,RP,W,0.0,0.5,2,19,0,0,0,0,0,1,0,,Home,잠실 야구장,18:30,25.3
송은범,2021,LG,2021-05-13,@ Kia,RP,W,0.0,0.6,1 ⅔,19,0,0,1,0,0,0,0,,Away,광주 기아 챔피언스 필드,18:30,26.9
송은범,2021,LG,2021-05-12,@ Kia,RP,,0.0,1.0,1,14,0,0,0,0,0,1,0,,Away,광주 기아 챔피언스 필드,18:30,26.5
송은범,2021,LG,2021-05-09,vs. Hanwha,RP,,9.0,2.0,2,34,2,2,4,0,2,0,0,,Home,잠실 야구장,14:00,20.9
송은범,2021,LG,2021-05-05,@ Doosan,RP,H,0.0,0.0,0 ⅔,6,0,0,0,0,1,0,0,,Away,잠실 야구장,14:00,17.9
송은범,2021,LG,2021-05-02,@ Samsung,RP,,0.0,2.0,1,27,0,0,2,0,1,0,0,,Away,대구 삼성 라이온즈 파크,14:00,14.1
송은범,2021,LG,2021-04-30,@ Samsung,RP,,6.75,2.25,1 ⅓,24,1,1,2,0,1,1,0,,Away,대구 삼성 라이온즈 파크,18:30,18.3
송은범,2021,LG,2021-04-27,vs. Lotte,RP,,0.0,2.0,1,16,0,0,1,0,0,1,0,,Home,잠실 야구장,18:30,16.5
송은범,2021,LG,2021-04-23,@ Hanwha,RP,H,0.0,1.0,1,11,0,0,1,0,0,0,0,,Away,대전 한화생명 볼파크,18:30,19.6
송은범,2021,LG,2021-04-21,vs. Kia,RP,H,0.0,0.0,1,10,0,0,0,0,1,0,0,,Home,잠실 야구장,18:30,26.1
송은범,2021,LG,2021-04-20,vs. Kia,RP,,0.0,1.0,1,22,0,0,0,0,1,1,0,,Home,잠실 야구장,18:30,18.3
송은범,2021,LG,2021-04-17,vs. Doosan,RP,,0.0,1.33,3,39,0,0,4,0,3,0,0,,Home,잠실 야구장,17:00,10.6
송은범,2021,LG,2021-04-14,@ Kiwoom,RP,,0.0,0.0,1,11,0,0,0,0,1,0,0,,Away,고척 스카이돔,18:30,25.5
송은범,2021,LG,2021-04-09,vs. SSG,RP,,9.0,1.5,2,32,2,2,3,1,0,0,1,,Home,잠실 야구장,18:30,18.0
송은범,2021,LG,2021-04-07,@ KT,RP,,27.0,3.0,1,27,3,3,2,0,0,1,0,,Away,수원 KT 위즈파크,18:30,16.7
송은범,2020,LG,2020-10-30,@ SK,RP,,0.0,3.0,0 ⅓,4,0,0,1,0,0,0,0,,Away,인천 SSG 랜더스필드,18:30,13.9
송은범,2020,LG,2020-10-23,@ Kia,RP,H,0.0,6.0,0 ⅓,15,0,0,2,0,1,0,0,,Away,광주 기아 챔피언스 필드,18:30,11.5
송은범,2020,LG,2020-10-20,@ KT,RP,,0.0,3.0,1,15,0,0,3,0,1,0,0,,Away,수원 KT 위즈파크,18:30,17.9
송은범,2020,LG,2020-10-18,vs. Kia,RP,,0.0,0.0,1 ⅔,22,0,0,0,0,1,0,0,,Home,잠실 야구장,14:00,19.6
송은범,2020,LG,2020-10-17,vs. Kia,RP,W,0.0,0.6,1 ⅔,22,0,0,1,0,1,0,0,,Home,잠실 야구장,17:00,17.7
송은범,2020,LG,2020-10-14,@ Lotte,RP,,0.0,1.0,1,18,0,0,1,0,0,0,0,,Away,사직 야구장,18:30,18.2
송은범,2020,LG,2020-10-11,vs. NC,RP,W,0.0,2.0,1,19,0,0,1,0,1,1,0,,Home,잠실 야구장,14:00,20.3
송은범,2020,LG,2020-10-10,vs. NC,RP,,0.0,1.0,1,9,0,0,0,0,0,1,0,,Home,잠실 야구장,17:00,20.1
송은범,2020,LG,2020-10-08,vs. Samsung,RP,,0.0,0.0,1,11,0,0,0,0,1,0,0,,Home,잠실 야구장,18:30,20.2
송은범,2020,LG,2020-10-06,vs. Samsung,RP,,0.0,2.0,1,26,0,0,1,0,0,1,0,,Home,잠실 야구장,18:30,17.1
송은범,2020,LG,2020-10-04,@ KT,RP,W,0.0,1.0,1,16,0,0,1,0,0,0,0,,Away,수원 KT 위즈파크,14:00,21.7
송은범,2020,LG,2020-10-02,@ KT,RP,,0.0,,0,18,1,1,2,0,0,1,0,,Away,수원 KT 위즈파크,18:30,20.5
송은범,2020,LG,2020-10-01,vs. Lotte,RP,,0.0,0.0,0 ⅔,11,0,0,0,0,1,0,0,,Home,잠실 야구장,18:30,20.5
송은범,2020,LG,2020-09-29,vs. Lotte,RP,,0.0,0.0,1,13,0,0,0,0,1,0,0,,Home,잠실 야구장,18:30,22.0
송은범,2020,LG,2020-09-24,@ NC,RP,,27.0,6.0,0 ⅓,11,1,1,2,0,0,0,0,,Away,창원 NC 파크,18:30,23.1
송은범,2020,LG,2020-09-22,vs. SK,RP,H,0.0,0.0,1,15,0,0,0,0,0,0,0,,Home,잠실 야구장,18:30,23.1
송은범,2020,LG,2020-09-18,vs. Lotte,RP,,0.0,6.0,0 ⅓,11,1,0,1,0,0,1,0,,Home,잠실 야구장,18:30,23.9
송은범,2020,LG,2020-09-16,@ Hanwha,RP,,27.0,3.0,1,20,3,3,3,1,0,0,0,,Away,대전 한화생명 볼파크,18:30,25.2
송은범,2020,LG,2020-09-13,vs. Samsung,RP,,27.0,4.0,1,28,3,3,4,0,0,0,0,,Home,잠실 야구장,14:00,25.2
송은범,2020,LG,2020-09-10,vs. Kiwoom,RP,,0.0,0.75,1 ⅓,16,0,0,1,0,0,0,0,,Home,잠실 야구장,18:30,26.1
송은범,2020,LG,2020-09-06,@ Lotte,RP,H,0.0,0.0,2,17,0,0,0,0,1,0,0,,Away,사직 야구장,14:00,23.8
송은범,2020,LG,2020-09-04,vs. NC,RP,,0.0,1.0,1,20,0,0,0,0,0,1,1,,Home,잠실 야구장,18:30,25.5
송은범,2020,LG,2020-09-01,@ SK,RP,,6.75,2.25,1 ⅓,24,1,1,1,0,1,2,0,,Away,인천 SSG 랜더스필드,18:30,29.0
송은범,2020,LG,2020-08-30,vs. Doosan,RP,H,9.0,1.0,1,18,1,1,1,0,1,0,0,,Home,잠실 야구장,17:00,32.3
송은범,2020,LG,2020-08-29,vs. Doosan,RP,,0.0,1.5,0 ⅔,9,0,0,1,0,0,0,0,,Home,잠실 야구장,18:00,30.4
송은범,2020,LG,2020-08-28,vs. KT,RP,,0.0,0.0,1 ⅔,16,0,0,0,0,1,0,0,,Home,잠실 야구장,18:30,30.9
송은범,2020,LG,2020-08-25,@ Samsung,RP,,0.0,1.0,1,18,0,0,1,0,1,0,0,,Away,대구 삼성 라이온즈 파크,18:30,31.8
송은범,2020,LG,2020-08-23,vs. Hanwha,RP,,6.75,1.5,1 ⅓,14,1,1,2,1,0,0,0,,Home,잠실 야구장,17:00,30.1
송은범,2020,LG,2020-08-20,@ Kiwoom,RP,,6.75,0.75,1 ⅓,22,1,1,0,0,0,1,0,,Away,고척 스카이돔,18:30,25.5
송은범,2020,LG,2020-08-18,vs. Kia,RP,,0.0,0.0,1,11,0,0,0,0,1,0,0,,Home,잠실 야구장,18:30,31.1
송은범,2020,LG,2020-08-15,@ NC,RP,,0.0,0.75,1 ⅓,21,0,0,1,0,2,0,0,,Away,창원 NC 파크,18:00,31.8
송은범,2020,LG,2020-08-14,@ NC,RP,,0.0,0.6,1 ⅔,23,0,0,1,0,4,0,0,,Away,창원 NC 파크,18:30,30.8
송은범,2020,LG,2020-08-12,vs. Kia,RP,,0.0,0.0,1,12,0,0,0,0,0,0,0,,Home,잠실 야구장,18:30,31.6
송은범,2020,LG,2020-08-11,vs. Kia,RP,,0.0,0.0,1,13,0,0,0,0,1,0,0,,Home,잠실 야구장,18:30,28.5
송은범,2020,LG,2020-08-08,@ Kiwoom,RP,,0.0,2.0,1,10,0,0,1,0,0,1,0,,Away,고척 스카이돔,18:00,25.5
송은범,2020,LG,2020-08-06,@ Kia,RP,,5.4,1.2,1 ⅔,33,1,1,2,0,0,0,0,,Away,광주 기아 챔피언스 필드,18:30,29.3
송은범,2020,LG,2020-07-31,vs. Hanwha,RP,,0.0,3.0,0 ⅓,9,0,0,0,0,0,1,0,,Home,잠실 야구장,18:30,29.7
송은범,2020,LG,2020-07-04,@ Samsung,RP,,0.0,,0,6,0,0,0,0,0,1,0,,Away,대구 삼성 라이온즈 파크,18:00,22.2
송은범,2020,LG,2020-07-02,vs. KT,RP,L,13.5,4.5,0 ⅔,16,1,1,2,0,1,1,0,,Home,잠실 야구장,18:30,28.7
송은범,2020,LG,2020-07-01,vs. KT,RP,,0.0,1.0,1,9,0,0,1,0,1,0,0,,Home,잠실 야구장,18:30,25.3
송은범,2020,LG,2020-06-25,vs. Kiwoom,RP,,0.0,,0,12,4,4,4,0,0,0,0,,Home,잠실 야구장,18:30,24.4
송은범,2020,LG,2020-06-21,vs. Doosan,RP,,0.0,0.0,1,9,0,0,0,0,1,0,0,,Home,잠실 야구장,17:00,29.8
송은범,2020,LG,2020-06-20,vs. Doosan,RP,,0.0,,0,5,2,2,1,0,0,1,0,,Home,잠실 야구장,17:00,28.2
송은범,2020,LG,2020-06-18,@ Hanwha,RP,H,0.0,6.0,0 ⅓,15,0,0,1,0,1,1,0,,Away,대전 한화생명 볼파크,18:30,23.4
송은범,2020,LG,2020-06-16,@ Hanwha,RP,,0.0,3.0,0 ⅓,9,0,0,1,0,0,0,1,,Away,대전 한화생명 볼파크,18:30,28.1
송은범,2020,LG,2020-06-14,vs. Lotte,RP,,0.0,1.0,1,15,0,0,0,0,0,1,0,,Home,잠실 야구장,17:00,28.3
송은범,2020,LG,2020-06-12,vs. Lotte,RP,W,0.0,1.0,1,10,0,0,1,0,1,0,0,,Home,잠실 야구장,18:30,26.8
송은범,2020,LG,2020-06-11,vs. SK,RP,SV,0.0,1.0,1,14,0,0,1,0,1,0,0,,Home,잠실 야구장,18:30,29.5
송은범,2020,LG,2020-06-02,vs. Samsung,RP,,0.0,1.0,1,12,0,0,1,0,0,0,0,,Home,잠실 야구장,18:30,21.0
송은범,2020,LG,2020-05-31,@ Kia,RP,,0.0,0.0,1,12,0,0,0,0,0,0,0,,Away,광주 기아 챔피언스 필드,14:00,22.0
송은범,2020,LG,2020-05-29,@ Kia,RP,H,0.0,0.0,1,15,0,0,0,0,0,0,0,,Away,광주 기아 챔피언스 필드,18:30,26.9
송은범,2020,LG,2020-05-23,vs. KT,RP,,6.0,1.0,3,45,2,2,3,1,1,0,0,,Home,잠실 야구장,17:00,23.2
송은범,2020,LG,2020-05-19,@ Samsung,RP,,6.75,2.25,1 ⅓,24,1,1,2,0,0,1,0,,Away,대구 삼성 라이온즈 파크,18:30,17.3
송은범,2020,LG,2020-05-16,vs. Kiwoom,RP,SV,0.0,2.0,1,25,0,0,2,0,0,0,1,,Home,잠실 야구장,17:00,20.3
송은범,2020,LG,2020-05-13,vs. SK,RP,,0.0,3.0,1,19,0,0,2,0,0,1,0,,Home,잠실 야구장,18:30,20.0
송은범,2020,LG,2020-05-06,vs. Doosan,SP,L,19.29,4.29,2 ⅓,53,5,5,9,1,0,1,0,18.0,Home,잠실 야구장,18:30,25.9
김무신,2024,Samsung,2024-09-28,vs. LG,RP,,5.4,2.4,1 ⅔,35,1,1,3,0,0,1,0,,Home,대구 삼성 라이온즈 파크,17:00,26.8
김무신,2024,Samsung,2024-09-24,@ Kia,RP,,4.5,2.0,2,34,1,1,2,0,2,2,0,,Away,광주 기아 챔피언스 필드,18:30,25.9
김무신,2024,Samsung,2024-07-18,@ Kia,RP,,0.0,1.0,1,12,0,0,1,0,0,0,0,,Away,광주 기아 챔피언스 필드,18:30,29.2
김무신,2024,Samsung,2024-07-17,@ Kia,RP,,54.0,6.0,0 ⅔,24,4,4,0,0,0,4,0,,Away,광주 기아 챔피언스 필드,18:30,30.1
김무신,2022,Samsung,2022-10-07,@ Doosan,SP,,0.0,1.15,4 ⅓,77,0,0,3,0,4,2,0,59.0,Away,잠실 야구장,18:30,16.7
김무신,2022,Samsung,2022-09-30,vs. Doosan,RP,,0.0,2.0,1,18,0,0,2,0,2,0,0,,Home,대구 삼성 라이온즈 파크,18:30,24.4
김무신,2022,Samsung,2022-09-23,vs. KT,RP,W,0.0,0.0,0 ⅓,2,0,0,0,0,0,0,0,,Home,대구 삼성 라이온즈 파크,18:30,24.8
김무신,2022,Samsung,2022-09-17,vs. Kia,RP,,0.0,0.0,1,11,0,0,0,0,2,0,0,,Home,대구 삼성 라이온즈 파크,17:00,27.9
김무신,2022,Samsung,2022-08-13,@ KT,RP,,0.0,3.0,1,15,0,0,2,0,0,1,0,,Away,수원 KT 위즈파크,18:00,29.4
김무신,2022,Samsung,2022-08-07,@ SSG,RP,L,54.0,12.0,0 ⅓,26,2,2,1,0,0,3,0,,Away,인천 SSG 랜더스필드,17:00,31.0
김무신,2022,Samsung,2022-08-06,@ SSG,RP,,0.0,1.0,1,9,0,0,1,0,0,0,0,,Away,인천 SSG 랜더스필드,18:00,31.3
김무신,2022,Samsung,2022-07-29,vs. Lotte,RP,,9.0,2.0,2,37,2,2,3,1,2,1,0,,Home,대구 삼성 라이온즈 파크,18:30,31.9
김무신,2022,Samsung,2022-07-26,vs. Hanwha,RP,,54.0,6.0,0 ⅓,12,2,2,1,0,1,1,0,,Home,대구 삼성 라이온즈 파크,18:30,28.6
김무신,2022,Samsung,2022-07-12,@ KT,RP,H,0.0,6.0,0 ⅓,18,0,0,0,0,0,2,0,,Away,수원 KT 위즈파크,18:30,30.9
김무신,2022,Samsung,2022-07-10,vs. SSG,RP,,0.0,1.0,1,15,0,0,1,0,0,0,0,,Home,대구 삼성 라이온즈 파크,17:00,29.9
김무신,2022,Samsung,2022-07-09,vs. SSG,RP,,0.0,,0,4,2,0,1,0,0,0,0,,Home,대구 삼성 라이온즈 파크,18:00,30.1
김무신,2022,Samsung,2022-07-08,vs. SSG,RP,,18.0,3.0,1,20,2,2,2,0,1,1,0,,Home,대구 삼성 라이온즈 파크,18:30,29.5
김무신,2022,Samsung,2022-07-06,vs. LG,RP,,18.0,2.0,1,19,2,2,2,1,2,0,0,,Home,대구 삼성 라이온즈 파크,18:30,30.6
김무신,2022,Samsung,2022-07-03,@ NC,RP,L,108.0,12.0,0 ⅓,26,4,4,2,0,0,2,0,,Away,창원 NC 파크,17:00,32.2
김무신,2022,Samsung,2022-07-02,@ NC,RP,,27.0,3.0,0 ⅔,21,2,2,0,0,1,2,0,,Away,창원 NC 파크,18:00,30.7
김무신,2022,Samsung,2022-06-26,@ Hanwha,RP,,0.0,1.0,1,15,0,0,1,0,2,0,0,,Away,대전 한화생명 볼파크,17:00,31.4
김무신,2022,Samsung,2022-06-25,@ Hanwha,RP,H,0.0,0.6,1 ⅔,17,0,0,0,0,1,1,0,,Away,대전 한화생명 볼파크,17:00,31.7
김무신,2022,Samsung,2022-06-19,@ Kia,RP,,0.0,1.0,1,17,0,0,0,0,0,1,0,,Away,광주 기아 챔피언스 필드,17:00,30.8
김무신,2022,Samsung,2022-06-18,@ Kia,RP,,0.0,1.0,1,16,0,0,0,0,1,1,0,,Away,광주 기아 챔피언스 필드,17:00,28.3
김무신,2022,Samsung,2022-06-12,vs. NC,RP,W,0.0,0.0,1,7,0,0,0,0,0,0,0,,Home,대구 삼성 라이온즈 파크,17:00,22.9
김무신,2022,Samsung,2022-06-11,vs. NC,RP,,0.0,0.0,1,11,0,0,0,0,1,0,0,,Home,대구 삼성 라이온즈 파크,17:00,26.0
김무신,2022,Samsung,2022-06-09,@ Lotte,RP,,0.0,0.75,1 ⅓,24,0,0,1,0,2,0,0,,Away,사직 야구장,18:30,21.8
김무신,2022,Samsung,2022-06-08,@ Lotte,RP,H,0.0,0.0,1,10,0,0,0,0,0,0,0,,Away,사직 야구장,18:30,19.9
김무신,2022,Samsung,2022-06-07,@ Lotte,RP,W,0.0,0.0,1,16,0,0,0,0,2,0,0,,Away,사직 야구장,18:30,19.0
김무신,2022,Samsung,2022-06-03,vs. Doosan,RP,,0.0,3.0,0 ⅔,15,0,0,2,0,1,0,0,,Home,대구 삼성 라이온즈 파크,18:30,23.6
김무신,2022,Samsung,2022-06-02,@ Kiwoom,RP,,0.0,0.0,0 ⅔,9,0,0,0,0,1,0,1,,Away,고척 스카이돔,18:30,25.5
김무신,2022,Samsung,2022-05-03,vs. NC,RP,,0.0,4.5,0 ⅔,26,2,0,2,0,1,1,0,,Home,대구 삼성 라이온즈 파크,18:30,16.8
김무신,2022,Samsung,2022-04-29,@ Kia,RP,,27.0,9.0,0 ⅓,15,1,1,3,0,0,0,0,,Away,광주 기아 챔피언스 필드,18:30,17.4
김무신,2022,Samsung,2022-04-27,vs. LG,RP,,81.0,12.0,0 ⅓,19,3,3,3,0,1,1,0,,Home,대구 삼성 라이온즈 파크,18:30,16.0
김무신,2022,Samsung,2022-04-23,vs. Lotte,RP,,0.0,0.0,2,18,0,0,0,0,3,0,0,,Home,대구 삼성 라이온즈 파크,17:00,17.7
김무신,2022,Samsung,2022-04-21,@ NC,RP,,0.0,2.0,1,22,1,0,2,0,0,0,0,,Away,창원 NC 파크,18:30,13.7
김무신,2022,Samsung,2022-04-19,@ NC,RP,,0.0,,0,17,3,2,1,0,0,2,0,,Away,창원 NC 파크,18:30,19.5
김무신,2022,Samsung,2022-04-17,@ SSG,RP,,0.0,0.0,0 ⅔,12,0,0,0,0,0,0,0,,Away,인천 SSG 랜더스필드,14:00,13.7
김무신,2022,Samsung,2022-04-14,vs. Hanwha,RP,,0.0,1.0,1,12,0,0,1,0,1,0,0,,Home,대구 삼성 라이온즈 파크,18:30,11.1
김무신,2022,Samsung,2022-04-10,vs. Kiwoom,RP,L,9.0,2.0,1,13,1,1,2,0,0,0,1,,Home,대구 삼성 라이온즈 파크,14:00,21.5
김무신,2022,Samsung,2022-04-08,vs. Kiwoom,RP,,0.0,0.0,1,5,0,0,0,0,0,0,0,,Home,대구 삼성 라이온즈 파크,18:30,15.6
김무신,2021,Samsung,2021-10-24,vs. SSG,RP,,0.0,0.0,1,16,0,0,0,0,2,0,0,,Home,대구 삼성 라이온즈 파크,14:00,20.1
김무신,2021,Samsung,2021-10-16,vs. Kiwoom,RP,H,0.0,3.0,0 ⅔,26,0,0,0,0,2,2,0,,Home,대구 삼성 라이온즈 파크,17:00,14.8
김무신,2021,Samsung,2021-10-16,vs. Kiwoom,RP,,0.0,,0,11,1,1,1,0,0,1,0,,Home,대구 삼성 라이온즈 파크,17:00,14.8
김무신,2021,Samsung,2021-10-14,@ Kia,RP,,0.0,0.0,1,11,0,0,0,0,1,0,0,,Away,광주 기아 챔피언스 필드,18:30,23.0
김무신,2021,Samsung,2021-10-08,@ NC,RP,,0.0,0.0,1,10,0,0,0,0,1,0,0,,Away,창원 NC 파크,18:30,23.4
김무신,2021,Samsung,2021-10-06,@ Kiwoom,RP,,0.0,0.0,1,14,0,0,0,0,2,0,0,,Away,고척 스카이돔,18:30,25.5
김무신,2021,Samsung,2021-07-09,vs. Lotte,RP,,18.0,3.0,1,28,2,2,2,0,0,1,1,,Home,대구 삼성 라이온즈 파크,18:30,28.5
김무신,2021,Samsung,2021-06-30,@ SSG,RP,,9.0,3.0,1,18,1,1,2,0,1,1,0,,Away,인천 SSG 랜더스필드,18:30,27.5
김무신,2021,Samsung,2021-06-29,@ SSG,RP,,0.0,0.0,1,11,0,0,0,0,2,0,0,,Away,인천 SSG 랜더스필드,18:30,26.2
김무신,2021,Samsung,2021-06-26,vs. LG,RP,,9.0,2.5,2,53,2,2,4,0,3,1,0,,Home,대구 삼성 라이온즈 파크,17:00,26.6
김무신,2021,Samsung,2021-05-01,vs. LG,SP,,6.75,4.5,1 ⅓,42,1,1,3,0,2,3,0,43.0,Home,대구 삼성 라이온즈 파크,17:00,14.9
김무신,2021,Samsung,2021-04-29,vs. NC,RP,,0.0,3.0,1,22,0,0,2,0,0,1,0,,Home,대구 삼성 라이온즈 파크,18:30,17.3
김무신,2021,Samsung,2021-04-27,vs. NC,RP,,0.0,1.0,1,18,0,0,1,0,2,0,0,,Home,대구 삼성 라이온즈 파크,18:30,16.1
김무신,2021,Samsung,2021-04-21,vs. SSG,RP,,9.0,2.0,1,10,1,1,2,0,0,0,0,,Home,대구 삼성 라이온즈 파크,18:30,20.4
김무신,2021,Samsung,2021-04-20,vs. SSG,RP,,9.0,2.0,1,12,1,1,1,1,0,1,0,,Home,대구 삼성 라이온즈 파크,18:30,19.7
김무신,2021,Samsung,2021-04-16,@ Lotte,RP,,36.0,5.0,1,29,4,4,3,1,2,2,0,,Away,사직 야구장,18:30,15.8
김무신,2021,Samsung,2021-04-14,vs. Hanwha,RP,,0.0,1.0,1,12,0,0,1,0,2,0,0,,Home,대구 삼성 라이온즈 파크,18:30,13.2
김무신,2021,Samsung,2021-04-09,vs. KT,RP,,0.0,4.5,0 ⅔,24,4,0,2,0,1,1,0,,Home,대구 삼성 라이온즈 파크,18:30,11.7
김무신,2021,Samsung,2021-04-08,@ Doosan,RP,,27.0,9.0,0 ⅓,15,1,1,1,0,1,2,0,,Away,잠실 야구장,18:30,16.8
김무신,2021,Samsung,2021-04-04,@ Kiwoom,RP,,0.0,1.0,1,17,0,0,0,0,1,1,0,,Away,고척 스카이돔,14:00,25.5
김무신,2020,Samsung,2020-10-13,vs. SK,RP,,9.0,3.0,1,32,2,1,1,0,0,2,0,,Home,대구 삼성 라이온즈 파크,18:30,18.5
김무신,2020,Samsung,2020-10-10,vs. Lotte,RP,,0.0,0.0,1 ⅓,20,0,0,0,0,0,0,0,,Home,대구 삼성 라이온즈 파크,17:00,19.4
김무신,2020,Samsung,2020-10-08,@ LG,RP,,0.0,1.0,1,12,0,0,1,0,1,0,0,,Away,잠실 야구장,18:30,20.2
김무신,2020,Samsung,2020-10-06,@ LG,RP,,0.0,1.0,1,8,0,0,1,0,0,0,0,,Away,잠실 야구장,18:30,17.1
김무신,2020,Samsung,2020-10-04,@ NC,RP,,0.0,0.0,1,12,0,0,0,0,2,0,0,,Away,창원 NC 파크,14:00,24.8
김무신,2020,Samsung,2020-10-03,@ NC,RP,,9.0,3.0,1,31,1,1,2,0,1,1,0,,Away,창원 NC 파크,17:00,23.2
김무신,2020,Samsung,2020-10-01,vs. KT,RP,,0.0,1.5,0 ⅔,10,0,0,1,0,0,0,0,,Home,대구 삼성 라이온즈 파크,18:30,20.3
김무신,2020,Samsung,2020-09-29,vs. KT,RP,,9.0,3.0,1,23,1,1,3,1,3,0,0,,Home,대구 삼성 라이온즈 파크,18:30,21.5
김무신,2020,Samsung,2020-09-27,vs. SK,RP,,9.0,2.0,1,16,1,1,2,0,1,0,0,,Home,대구 삼성 라이온즈 파크,14:00,23.4
김무신,2020,Samsung,2020-09-24,@ Doosan,RP,L,13.5,3.0,0 ⅔,13,1,1,0,0,0,2,0,,Away,잠실 야구장,18:30,22.6
김무신,2020,Samsung,2020-09-23,@ NC,RP,,0.0,2.0,1,18,0,0,1,0,2,1,0,,Away,창원 NC 파크,18:30,21.4
김무신,2020,Samsung,2020-09-19,vs. Kiwoom,RP,,0.0,1.5,0 ⅔,22,0,0,1,0,1,0,0,,Home,대구 삼성 라이온즈 파크,17:00,23.5
김무신,2020,Samsung,2020-09-17,vs. Kia,RP,,0.0,2.0,1,17,0,0,1,0,0,1,0,,Home,대구 삼성 라이온즈 파크,18:30,22.6
김무신,2020,Samsung,2020-09-16,@ KT,RP,,54.0,9.0,0 ⅓,18,2,2,3,1,0,0,0,,Away,수원 KT 위즈파크,18:30,24.0
김무신,2020,Samsung,2020-09-10,@ Lotte,RP,L,108.0,12.0,0 ⅓,29,4,4,3,0,0,1,0,,Away,사직 야구장,18:30,26.7
김무신,2020,Samsung,2020-09-08,vs. Hanwha,RP,,0.0,9.0,0 ⅓,16,0,0,2,0,0,1,0,,Home,대구 삼성 라이온즈 파크,18:30,26.9
김무신,2020,Samsung,2020-09-06,vs. NC,RP,,81.0,9.0,0 ⅓,12,3,3,2,1,0,1,0,,Home,대구 삼성 라이온즈 파크,14:00,23.8
김무신,2020,Samsung,2020-09-03,vs. Doosan,RP,H,0.0,0.0,1,11,0,0,0,0,1,0,0,,Home,대구 삼성 라이온즈 파크,18:30,27.9
김무신,2020,Samsung,2020-08-30,@ Kiwoom,RP,,0.0,3.0,0 ⅓,5,0,0,1,0,0,0,0,,Away,고척 스카이돔,14:00,25.5
김무신,2020,Samsung,2020-08-26,vs. LG,RP,H,0.0,0.0,1,12,0,0,0,0,2,0,0,,Home,대구 삼성 라이온즈 파크,18:30,30.9
김무신,2020,Samsung,2020-08-21,@ SK,RP,H,0.0,2.0,1,17,0,0,2,0,1,0,0,,Away,인천 SSG 랜더스필드,18:30,29.2
김무신,2020,Samsung,2020-08-18,vs. KT,RP,L,6.75,3.75,1 ⅓,18,1,1,3,0,0,2,0,,Home,대구 삼성 라이온즈 파크,18:30,30.7
김무신,2020,Samsung,2020-08-15,@ Hanwha,RP,W,0.0,3.0,1,24,0,0,1,0,1,2,0,,Away,대전 한화생명 볼파크,18:00,32.7
김무신,2020,Samsung,2020-08-13,vs. Doosan,RP,H,0.0,1.0,1,14,0,0,0,0,1,1,0,,Home,대구 삼성 라이온즈 파크,18:30,30.5
김무신,2020,Samsung,2020-08-11,vs. Doosan,RP,,0.0,0.0,0 ⅔,9,0,0,0,0,0,0,0,,Home,대구 삼성 라이온즈 파크,18:30,27.6
김무신,2020,Samsung,2020-08-06,@ Doosan,RP,,0.0,0.0,0 ⅔,9,0,0,0,0,1,0,0,,Away,잠실 야구장,18:30,27.9
김무신,2020,Samsung,2020-08-04,@ Doosan,RP,H,0.0,0.0,1,9,0,0,0,0,0,0,0,,Away,잠실 야구장,18:30,30.3
김무신,2020,Samsung,2020-08-02,vs. Kiwoom,RP,H,0.0,3.0,0 ⅔,18,0,0,2,0,0,0,0,,Home,대구 삼성 라이온즈 파크,17:00,29.6
김무신,2020,Samsung,2020-08-01,vs. Kiwoom,RP,,0.0,3.0,1,20,0,0,2,0,0,1,0,,Home,대구 삼성 라이온즈 파크,18:00,29.0
김무신,2020,Samsung,2020-07-30,vs. Hanwha,RP,W,0.0,0.0,1,9,0,0,0,0,0,0,0,,Home,대구 삼성 라이온즈 파크,18:30,26.0
김무신,2020,Samsung,2020-07-29,vs. Hanwha,RP,,0.0,1.0,1,14,0,0,1,0,0,0,0,,Home,대구 삼성 라이온즈 파크,18:30,26.9
김무신,2020,Samsung,2020-07-25,@ Kia,RP,,18.0,3.0,1,18,2,2,2,0,1,1,0,,Away,광주 기아 챔피언스 필드,18:00,27.0
김무신,2020,Samsung,2020-07-21,@ NC,RP,L,27.0,9.0,0 ⅓,12,1,1,2,0,0,1,0,,Away,창원 NC 파크,18:30,28.4
김무신,2020,Samsung,2020-07-18,vs. Lotte,RP,H,0.0,2.0,1,21,0,0,0,0,1,2,0,,Home,대구 삼성 라이온즈 파크,18:00,25.0
김무신,2020,Samsung,2020-07-16,vs. Kia,RP,W,4.5,1.5,2,29,1,1,2,0,1,1,0,,Home,대구 삼성 라이온즈 파크,18:30,24.0
김무신,2020,Samsung,2020-07-11,@ KT,RP,,0.0,0.0,1,10,0,0,0,0,1,0,0,,Away,수원 KT 위즈파크,18:00,29.0
김무신,2020,Samsung,2020-07-09,@ Kiwoom,RP,,0.0,1.0,1,11,0,0,0,0,0,1,0,,Away,고척 스카이돔,18:30,25.5
김무신,2020,Samsung,2020-07-08,@ Kiwoom,RP,,0.0,0.0,1,8,0,0,0,0,0,0,0,,Away,고척 스카이돔,18:30,25.5
김무신,2020,Samsung,2020-07-04,vs. LG,RP,H,0.0,0.0,1,7,0,0,0,0,0,0,0,,Home,대구 삼성 라이온즈 파크,18:00,22.2
김무신,2020,Samsung,2020-07-03,vs. LG,RP,H,0.0,3.0,0 ⅔,17,0,0,0,0,0,2,0,,Home,대구 삼성 라이온즈 파크,18:30,23.2
김무신,2020,Samsung,2020-06-30,vs. SK,RP,H,9.0,1.0,1,9,1,1,1,1,0,0,0,,Home,대구 삼성 라이온즈 파크,18:30,25.2
김무신,2020,Samsung,2020-06-28,@ Lotte,RP,,0.0,0.75,1 ⅓,25,0,0,1,0,1,0,0,,Away,사직 야구장,17:00,27.5
김무신,2020,Samsung,2020-06-27,@ Lotte,RP,,0.0,1.0,1,16,0,0,1,0,1,0,0,,Away,사직 야구장,17:00,26.3
김무신,2020,Samsung,2020-06-23,vs. Hanwha,RP,,54.0,12.0,0 ⅓,28,2,2,2,0,0,2,0,,Home,대구 삼성 라이온즈 파크,18:30,26.9
김무신,2020,Samsung,2020-06-20,@ Kia,RP,,0.0,0.6,1 ⅔,19,0,0,0,0,2,1,0,,Away,광주 기아 챔피언스 필드,17:00,28.0
김무신,2020,Samsung,2020-06-18,@ Doosan,RP,,27.0,4.5,0 ⅔,15,2,2,3,0,0,0,0,,Away,잠실 야구장,18:30,26.1
김무신,2020,Samsung,2020-06-17,@ Doosan,RP,H,0.0,0.0,0 ⅔,3,0,0,0,0,0,0,0,,Away,잠실 야구장,18:30,25.7
김무신,2020,Samsung,2020-06-14,vs. KT,RP,,0.0,1.0,1,14,0,0,1,0,1,0,0,,Home,대구 삼성 라이온즈 파크,17:00,28.6
김무신,2020,Samsung,2020-06-13,vs. KT,RP,,18.0,2.0,1,16,2,2,1,1,1,1,0,,Home,대구 삼성 라이온즈 파크,17:00,25.0
김무신,2020,Samsung,2020-06-11,vs. Kiwoom,RP,H,0.0,1.0,1,11,0,0,0,0,0,1,0,,Home,대구 삼성 라이온즈 파크,18:30,26.1
김무신,2020,Samsung,2020-06-09,vs. Kiwoom,RP,,0.0,0.0,1,12,0,0,0,0,2,0,0,,Home,대구 삼성 라이온즈 파크,18:30,26.4
김무신,2020,Samsung,2020-06-06,@ SK,RP,,0.0,0.75,1 ⅓,19,0,0,0,0,0,1,0,,Away,인천 SSG 랜더스필드,17:00,26.5
김무신,2020,Samsung,2020-06-03,@ LG,RP,,0.0,1.0,1,12,0,0,1,0,2,0,0,,Away,잠실 야구장,18:30,26.6
김무신,2020,Samsung,2020-05-31,vs. NC,RP,,6.75,2.25,1 ⅓,30,1,1,3,0,2,0,0,,Home,대구 삼성 라이온즈 파크,14:00,22.9
김무신,2020,Samsung,2020-05-30,vs. NC,RP,,0.0,0.0,1,12,0,0,0,0,0,0,0,,Home,대구 삼성 라이온즈 파크,17:00,21.3
김무신,2020,Samsung,2020-05-24,vs. Doosan,RP,,0.0,1.0,1,11,0,0,1,0,1,0,0,,Home,대구 삼성 라이온즈 파크,14:00,21.7
김무신,2020,Samsung,2020-05-22,vs. Doosan,RP,L,16.2,2.4,1 ⅔,50,3,3,3,0,4,1,1,,Home,대구 삼성 라이온즈 파크,18:30,17.4
김무신,2020,Samsung,2020-05-21,vs. LG,RP,,0.0,0.0,0 ⅔,14,0,0,0,0,1,0,0,,Home,대구 삼성 라이온즈 파크,18:30,15.4
김무신,2020,Samsung,2020-05-19,vs. LG,RP,,0.0,1.0,1,17,0,0,1,0,1,0,0,,Home,대구 삼성 라이온즈 파크,18:30,17.3
김무신,2020,Samsung,2020-05-16,@ KT,RP,,0.0,2.25,1 ⅓,20,0,0,3,0,0,0,0,,Away,수원 KT 위즈파크,17:00,18.7
김무신,2020,Samsung,2020-05-15,@ KT,RP,,0.0,1.2,1 ⅔,22,3,0,2,1,0,0,0,,Away,수원 KT 위즈파크,18:30,15.9
최충연,2023,Samsung,2023-05-20,@ NC,RP,,0.0,1.5,1 ⅓,25,0,0,1,0,1,1,1,,Away,창원 NC 파크,17:00,20.1
최충연,2023,Samsung,2023-05-13,vs. LG,RP,,0.0,2.0,2,31,0,0,2,0,1,2,0,,Home,대구 삼성 라이온즈 파크,17:00,15.6
최충연,2023,Samsung,2023-05-03,vs. Kiwoom,RP,,4.5,1.5,2,32,1,1,1,0,2,2,1,,Home,대구 삼성 라이온즈 파크,18:30,18.5
최충연,2023,Samsung,2023-04-20,@ Kiwoom,RP,,6.75,1.5,1 ⅓,21,1,1,2,1,1,0,0,,Away,고척 스카이돔,18:30,25.5
최충연,2023,Samsung,2023-04-15,vs. Lotte,RP,,9.0,1.0,1,25,1,1,0,0,2,1,1,,Home,대구 삼성 라이온즈 파크,17:00,15.8
최충연,2023,Samsung,2023-04-06,vs. Hanwha,RP,,0.0,2.0,1,23,3,0,1,1,1,1,0,,Home,대구 삼성 라이온즈 파크,18:30,13.8
최충연,2023,Samsung,2023-04-01,vs. NC,RP,,27.0,4.5,0 ⅔,17,2,2,3,1,0,0,0,,Home,대구 삼성 라이온즈 파크,14:00,21.3
최충연,2022,Samsung,2022-09-25,vs. Kia,RP,,0.0,6.0,0 ⅓,16,0,0,0,0,1,2,0,,Home,대구 삼성 라이온즈 파크,14:00,22.8
최충연,2022,Samsung,2022-09-21,@ Kiwoom,RP,,0.0,0.5,2,30,0,0,1,0,1,0,0,,Away,고척 스카이돔,18:30,25.5
최충연,2022,Samsung,2022-09-16,vs. Doosan,RP,,20.25,2.25,1 ⅓,28,3,3,2,1,1,1,0,,Home,대구 삼성 라이온즈 파크,18:30,29.0
최충연,2022,Samsung,2022-09-14,@ NC,RP,,0.0,0.0,1,14,0,0,0,0,2,0,0,,Away,창원 NC 파크,18:30,26.3
최충연,2022,Samsung,2022-09-10,vs. LG,RP,,27.0,5.0,1,34,3,3,4,1,2,1,0,,Home,대구 삼성 라이온즈 파크,17:00,24.8
최충연,2022,Samsung,2022-09-03,@ Doosan,RP,,0.0,1.5,0 ⅔,15,0,0,1,0,0,0,0,,Away,잠실 야구장,17:00,27.6
최충연,2022,Samsung,2022-09-02,@ Kia,RP,,9.0,2.0,1,18,1,1,2,0,1,0,0,,Away,광주 기아 챔피언스 필드,18:30,26.9
최충연,2022,Samsung,2022-08-26,@ Lotte,RP,,0.0,1.0,1,13,0,0,1,0,1,0,1,,Away,사직 야구장,18:30,26.4
최충연,2022,Samsung,2022-08-19,@ Hanwha,RP,,13.5,4.5,0 ⅔,23,1,1,2,0,1,1,0,,Away,대전 한화생명 볼파크,18:30,30.7
최충연,2022,Samsung,2022-08-17,@ LG,RP,,13.5,4.5,0 ⅔,22,1,1,2,0,0,1,0,,Away,잠실 야구장,18:30,29.3
최충연,2022,Samsung,2022-08-16,@ LG,RP,,0.0,0.0,1,9,0,0,0,0,1,0,0,,Away,잠실 야구장,18:30,30.0
최충연,2022,Samsung,2022-08-13,@ KT,RP,,9.0,1.0,1,12,1,1,1,0,0,0,0,,Away,수원 KT 위즈파크,18:00,29.4
최충연,2022,Samsung,2022-08-06,@ SSG,RP,L,27.0,9.0,0 ⅓,4,1,1,1,0,0,2,0,,Away,인천 SSG 랜더스필드,18:00,31.3
최충연,2022,Samsung,2022-08-05,@ SSG,RP,,0.0,1.0,1,12,0,0,0,0,0,1,0,,Away,인천 SSG 랜더스필드,18:30,31.2
최충연,2022,Samsung,2022-08-03,@ Doosan,RP,,0.0,1.5,0 ⅔,8,0,0,1,0,0,0,0,,Away,잠실 야구장,18:30,30.9
최충연,2022,Samsung,2022-07-31,vs. Lotte,RP,,0.0,1.5,2,38,0,0,1,0,3,2,0,,Home,대구 삼성 라이온즈 파크,17:00,29.8
최충연,2022,Samsung,2022-07-29,vs. Lotte,RP,,0.0,0.0,1,10,0,0,0,0,1,0,0,,Home,대구 삼성 라이온즈 파크,18:30,31.9
최충연,2022,Samsung,2022-07-28,vs. Hanwha,RP,,0.0,1.0,1,9,0,0,1,0,0,0,0,,Home,대구 삼성 라이온즈 파크,18:30,30.7
최충연,2022,Samsung,2022-07-23,@ Kiwoom,RP,,9.0,3.0,1,20,1,1,3,0,0,0,1,,Away,고척 스카이돔,18:00,25.5
최충연,2022,Samsung,2022-07-09,vs. SSG,RP,,9.0,2.0,1,19,1,1,1,0,1,1,0,,Home,대구 삼성 라이온즈 파크,18:00,30.1
최충연,2022,Samsung,2022-07-08,vs. SSG,RP,,0.0,0.0,1,9,0,0,0,0,1,0,0,,Home,대구 삼성 라이온즈 파크,18:30,29.5
최충연,2022,Samsung,2022-07-07,vs. LG,RP,,9.0,1.0,1,17,1,1,1,1,1,0,0,,Home,대구 삼성 라이온즈 파크,18:30,30.6
최충연,2022,Samsung,2022-07-05,vs. LG,RP,,0.0,0.0,1,15,0,0,0,0,2,0,0,,Home,대구 삼성 라이온즈 파크,18:30,28.6
최충연,2022,Samsung,2022-07-02,@ NC,RP,,0.0,1.0,1,19,0,0,0,0,0,1,0,,Away,창원 NC 파크,18:00,30.7
최충연,2022,Samsung,2022-06-30,vs. KT,RP,,0.0,0.0,1 ⅔,26,0,0,0,0,3,0,0,,Home,대구 삼성 라이온즈 파크,18:30,29.0
최충연,2022,Samsung,2022-06-28,vs. KT,RP,,9.0,3.0,1,15,2,1,3,0,1,0,0,,Home,대구 삼성 라이온즈 파크,18:30,26.9
최충연,2022,Samsung,2022-06-23,vs. Kiwoom,RP,,9.0,2.0,1,19,1,1,1,0,0,1,1,,Home,대구 삼성 라이온즈 파크,18:30,26.3
최충연,2022,Samsung,2022-06-21,vs. Kiwoom,RP,,0.0,0.0,1,15,0,0,0,0,1,0,0,,Home,대구 삼성 라이온즈 파크,18:30,28.3
최충연,2022,Samsung,2022-06-19,@ Kia,RP,,9.0,2.0,1,19,2,1,2,0,1,0,0,,Away,광주 기아 챔피언스 필드,17:00,30.8
최충연,2022,Samsung,2022-06-16,@ LG,RP,,0.0,3.0,1,28,0,0,2,0,0,1,0,,Away,잠실 야구장,18:30,24.6
최충연,2022,Samsung,2022-06-14,@ LG,RP,,0.0,1.5,1 ⅓,21,2,0,2,0,0,0,0,,Away,잠실 야구장,18:30,22.4
최충연,2022,Samsung,2022-06-10,vs. NC,RP,,0.0,1.0,2,24,0,0,1,0,2,1,0,,Home,대구 삼성 라이온즈 파크,18:30,22.4
최충연,2022,Samsung,2022-06-09,@ Lotte,RP,,13.5,1.5,1 ⅓,30,2,2,1,0,0,1,1,,Away,사직 야구장,18:30,21.8
최충연,2022,Samsung,2022-06-04,vs. Doosan,RP,,0.0,2.0,1,24,0,0,1,0,0,1,0,,Home,대구 삼성 라이온즈 파크,17:00,23.1
최충연,2022,Samsung,2022-06-03,vs. Doosan,RP,,0.0,3.0,0 ⅓,9,0,0,1,0,0,0,0,,Home,대구 삼성 라이온즈 파크,18:30,23.6
최충연,2022,Samsung,2022-05-28,@ LG,RP,,0.0,0.0,1,7,0,0,0,0,1,0,0,,Away,잠실 야구장,17:00,27.8
최충연,2022,Samsung,2022-05-27,@ LG,RP,,0.0,1.0,1,12,0,0,0,0,0,1,0,,Away,잠실 야구장,18:30,22.8
최충연,2022,Samsung,2022-04-03,@ KT,RP,,0.0,,0,8,1,1,0,0,0,1,1,,Away,수원 KT 위즈파크,14:00,15.5
최성훈,2024,Samsung,2024-07-03,vs. Kia,RP,L,0.0,,0,3,1,1,1,0,0,0,0,,Home,대구 삼성 라이온즈 파크,18:30,28.2
최성훈,2024,Samsung,2024-06-30,@ KT,RP,,0.0,3.0,0 ⅓,6,0,0,1,0,0,0,0,,Away,수원 KT 위즈파크,17:00,26.3
최성훈,2024,Samsung,2024-06-25,@ LG,RP,,0.0,0.0,1,13,0,0,0,0,0,0,0,,Away,잠실 야구장,18:30,25.5
최성훈,2024,Samsung,2024-06-23,vs. Doosan,RP,H,0.0,0.0,0 ⅓,1,0,0,0,0,0,0,0,,Home,대구 삼성 라이온즈 파크,17:00,26.5
최성훈,2024,Samsung,2024-06-21,vs. Doosan,RP,,0.0,0.0,0 ⅓,5,0,0,0,0,1,0,0,,Home,대구 삼성 라이온즈 파크,18:30,26.4
최성훈,2024,Samsung,2024-06-18,vs. SSG,RP,,0.0,0.0,0 ⅔,9,0,0,0,0,0,0,0,,Home,대구 삼성 라이온즈 파크,18:30,26.3
최성훈,2024,Samsung,2024-06-16,@ NC,RP,,0.0,,0,5,0,0,1,0,0,1,0,,Away,창원 NC 파크,17:00,29.1
최성훈,2024,Samsung,2024-06-15,@ NC,RP,H,0.0,0.0,0 ⅓,7,0,0,0,0,0,0,0,,Away,창원 NC 파크,17:00,29.9
최성훈,2024,Samsung,2024-05-23,vs. KT,RP,,0.0,,0,10,3,3,2,0,0,1,0,,Home,대구 삼성 라이온즈 파크,18:30,22.8
최성훈,2024,Samsung,2024-05-21,vs. KT,RP,,0.0,3.0,0 ⅓,7,0,0,1,0,0,0,0,,Home,대구 삼성 라이온즈 파크,18:30,19.0
최성훈,2024,Samsung,2024-05-17,vs. Hanwha,RP,,0.0,,0,6,1,1,1,1,0,0,0,,Home,대구 삼성 라이온즈 파크,18:30,21.0
최성훈,2024,Samsung,2024-05-10,@ NC,RP,,54.0,3.0,0 ⅓,7,2,2,0,0,0,1,1,,Away,창원 NC 파크,18:30,21.3
최성훈,2024,Samsung,2024-05-09,vs. Kia,RP,,0.0,3.0,0 ⅓,12,0,0,0,0,0,1,0,,Home,대구 삼성 라이온즈 파크,18:30,18.9
최성훈,2024,Samsung,2024-05-08,vs. Kia,RP,,0.0,6.0,0 ⅓,15,0,0,1,0,0,1,0,,Home,대구 삼성 라이온즈 파크,18:30,14.3
최성훈,2024,Samsung,2024-05-03,vs. Lotte,RP,,0.0,0.0,1,11,0,0,0,0,1,0,0,,Home,대구 삼성 라이온즈 파크,18:30,20.0
최성훈,2024,Samsung,2024-04-27,@ Kiwoom,RP,,0.0,1.0,1,15,0,0,1,0,0,0,0,,Away,고척 스카이돔,17:00,25.5
최성훈,2024,Samsung,2024-04-25,vs. LG,RP,,0.0,0.75,1 ⅓,16,0,0,1,0,1,0,0,,Home,대구 삼성 라이온즈 파크,18:30,17.6
최성훈,2024,Samsung,2024-04-19,@ Hanwha,RP,,0.0,0.0,0 ⅔,10,0,0,0,0,1,0,0,,Away,대전 한화생명 볼파크,18:30,23.6
최성훈,2024,Samsung,2024-04-14,vs. NC,RP,,0.0,0.0,0 ⅓,2,0,0,0,0,0,0,0,,Home,대구 삼성 라이온즈 파크,14:00,23.0
최성훈,2024,Samsung,2024-04-12,vs. NC,RP,,0.0,3.0,0 ⅔,20,0,0,2,0,2,0,0,,Home,대구 삼성 라이온즈 파크,18:30,18.2
최성훈,2024,Samsung,2024-04-10,@ Lotte,RP,,0.0,,0,15,2,2,1,0,0,1,0,,Away,사직 야구장,18:30,13.1
최성훈,2024,Samsung,2024-04-07,@ Kia,RP,H,0.0,0.0,0 ⅓,4,0,0,0,0,0,0,0,,Away,광주 기아 챔피언스 필드,14:00,24.5
최성훈,2024,Samsung,2024-04-05,@ Kia,RP,,0.0,9.0,0 ⅓,20,0,0,1,0,0,2,0,,Away,광주 기아 챔피언스 필드,18:30,16.5
최성훈,2024,Samsung,2024-04-04,vs. Kiwoom,RP,,0.0,0.0,1,9,0,0,0,0,0,0,0,,Home,대구 삼성 라이온즈 파크,18:30,13.8
최성훈,2024,Samsung,2024-03-31,vs. SSG,RP,,0.0,0.0,0 ⅓,3,0,0,0,0,0,0,0,,Home,대구 삼성 라이온즈 파크,14:00,15.1
최성훈,2024,Samsung,2024-03-30,vs. SSG,RP,,27.0,3.0,0 ⅓,14,1,1,0,0,1,1,0,,Home,대구 삼성 라이온즈 파크,17:00,15.6
최성훈,2024,Samsung,2024-03-29,vs. SSG,RP,,0.0,0.0,0 ⅓,4,0,0,0,0,0,0,0,,Home,대구 삼성 라이온즈 파크,18:30,14.7
최성훈,2024,Samsung,2024-03-27,@ LG,RP,,0.0,0.0,1,21,0,0,0,0,3,0,0,,Away,잠실 야구장,18:30,13.1
최성훈,2023,LG,2023-10-07,@ Kiwoom,RP,,0.0,1.5,0 ⅔,13,0,0,1,0,1,0,0,,Away,고척 스카이돔,17:00,25.5
최성훈,2023,LG,2023-10-05,@ Lotte,RP,SV,0.0,0.0,0 ⅓,2,0,0,0,0,0,0,0,,Away,사직 야구장,18:30,18.8
최성훈,2023,LG,2023-06-08,@ Kiwoom,RP,,81.0,12.0,0 ⅓,21,3,3,3,0,0,1,0,,Away,고척 스카이돔,18:30,25.5
최성훈,2023,LG,2023-05-10,vs. Kiwoom,RP,,27.0,4.5,0 ⅔,23,2,2,3,0,1,0,0,,Home,잠실 야구장,18:30,24.6
최성훈,2023,LG,2023-05-09,vs. Kiwoom,RP,,0.0,0.0,1,7,0,0,0,0,0,0,0,,Home,잠실 야구장,18:30,21.9
최성훈,2022,LG,2022-09-28,@ Hanwha,RP,H,0.0,0.0,1,9,0,0,0,0,0,0,0,,Away,대전 한화생명 볼파크,18:30,23.0
최성훈,2022,LG,2022-09-25,@ SSG,RP,,0.0,1.2,1 ⅔,29,0,0,1,0,2,1,0,,Away,인천 SSG 랜더스필드,14:00,22.5
최성훈,2022,LG,2022-09-22,vs. Lotte,RP,,27.0,6.0,0 ⅓,9,1,1,2,0,0,0,0,,Home,잠실 야구장,18:30,22.7
최성훈,2022,LG,2022-09-20,@ Kia,RP,,0.0,3.0,0 ⅓,6,0,0,0,0,0,1,0,,Away,광주 기아 챔피언스 필드,18:30,22.6
최성훈,2022,LG,2022-09-18,vs. Hanwha,RP,,0.0,0.0,1,12,0,0,0,0,2,0,0,,Home,잠실 야구장,14:00,31.6
최성훈,2022,LG,2022-09-15,vs. KT,RP,H,0.0,0.0,0 ⅔,7,0,0,0,0,0,0,0,,Home,잠실 야구장,18:30,27.9
최성훈,2022,LG,2022-09-11,@ Samsung,RP,,0.0,1.0,1,13,0,0,1,0,2,0,0,,Away,대구 삼성 라이온즈 파크,14:00,28.7
최성훈,2022,LG,2022-09-08,@ Kiwoom,RP,,0.0,0.0,1 ⅓,20,0,0,0,0,1,0,0,,Away,고척 스카이돔,18:30,25.5
최성훈,2022,LG,2022-09-06,vs. SSG,RP,,0.0,,0,4,1,1,0,0,0,0,1,,Home,잠실 야구장,18:30,25.2
최성훈,2022,LG,2022-08-31,vs. NC,RP,H,0.0,0.0,0 ⅓,3,0,0,0,0,0,0,0,,Home,잠실 야구장,18:30,26.0
최성훈,2022,LG,2022-08-27,vs. Kiwoom,RP,H,0.0,1.5,0 ⅔,8,0,0,1,0,0,0,0,,Home,잠실 야구장,18:00,24.0
최성훈,2022,LG,2022-08-24,@ Hanwha,RP,,0.0,1.0,1,15,0,0,1,0,2,0,0,,Away,대전 한화생명 볼파크,18:30,24.5
최성훈,2022,LG,2022-08-18,@ SSG,RP,,54.0,9.0,0 ⅓,14,2,2,2,1,0,1,0,,Away,인천 SSG 랜더스필드,18:30,27.5
최성훈,2022,LG,2022-08-17,vs. Samsung,RP,H,0.0,0.0,0 ⅔,11,0,0,0,0,1,0,1,,Home,잠실 야구장,18:30,29.3
최성훈,2022,LG,2022-08-14,@ NC,RP,,0.0,0.0,1,4,0,0,0,0,0,0,0,,Away,창원 NC 파크,17:00,31.9
최성훈,2022,LG,2022-08-05,vs. Kiwoom,RP,,0.0,0.0,1,13,0,0,0,0,1,0,0,,Home,잠실 야구장,18:30,32.4
최성훈,2022,LG,2022-08-04,@ Lotte,RP,,0.0,1.0,1,13,0,0,0,0,0,1,0,,Away,사직 야구장,18:30,31.0
최성훈,2022,LG,2022-07-29,vs. KT,RP,,0.0,0.0,0 ⅓,6,0,0,0,0,1,0,0,,Home,잠실 야구장,18:30,33.5
최성훈,2022,LG,2022-07-26,@ SSG,RP,,0.0,0.0,1,11,0,0,0,0,0,0,0,,Away,인천 SSG 랜더스필드,18:30,30.2
최성훈,2022,LG,2022-07-23,@ NC,RP,,0.0,0.5,2,30,0,0,0,0,3,1,0,,Away,창원 NC 파크,18:00,26.2
최성훈,2022,LG,2022-07-14,vs. Kia,RP,,0.0,,0,4,0,0,1,0,0,0,0,,Home,잠실 야구장,18:30,29.8
최성훈,2022,LG,2022-07-12,vs. Kia,RP,,0.0,0.0,1,18,0,0,0,0,0,0,0,,Home,잠실 야구장,18:30,30.5
최성훈,2022,LG,2022-07-10,@ Doosan,RP,,0.0,1.0,1,17,0,0,1,0,1,0,0,,Away,잠실 야구장,17:00,33.5
최성훈,2022,LG,2022-07-08,@ Doosan,RP,,0.0,0.0,1,7,0,0,0,0,0,0,0,,Away,잠실 야구장,18:30,29.3
최성훈,2022,LG,2022-07-07,@ Samsung,RP,,0.0,0.0,0 ⅓,4,0,0,0,0,0,0,0,,Away,대구 삼성 라이온즈 파크,18:30,30.6
최성훈,2022,LG,2022-07-02,vs. Lotte,RP,,0.0,2.0,1,16,2,0,1,0,0,1,0,,Home,잠실 야구장,18:00,33.3
최성훈,2022,LG,2022-06-28,vs. NC,RP,,0.0,1.0,1,17,0,0,1,0,1,0,0,,Home,잠실 야구장,18:30,29.2
최성훈,2022,LG,2022-06-21,vs. Hanwha,RP,,0.0,0.0,0 ⅓,5,0,0,0,0,1,0,0,,Home,잠실 야구장,18:30,30.9
최성훈,2022,LG,2022-06-18,@ Kiwoom,RP,,0.0,2.0,1,16,0,0,1,0,1,1,0,,Away,고척 스카이돔,17:00,25.5
최성훈,2022,LG,2022-06-12,vs. Doosan,RP,,6.75,0.75,1 ⅓,12,1,1,1,0,0,0,0,,Home,잠실 야구장,17:00,28.6
최성훈,2022,LG,2022-06-10,vs. Doosan,RP,,0.0,1.0,1,9,0,0,1,0,0,0,0,,Home,잠실 야구장,18:30,23.4
최성훈,2022,LG,2022-06-08,@ Kia,RP,,0.0,0.0,1,6,0,0,0,0,0,0,0,,Away,광주 기아 챔피언스 필드,18:30,23.5
최성훈,2022,LG,2022-06-04,vs. SSG,RP,,0.0,,0,1,0,0,0,0,0,0,0,,Home,잠실 야구장,17:00,28.4
최성훈,2022,LG,2022-06-03,vs. SSG,RP,,0.0,3.0,0 ⅔,15,0,0,1,0,1,1,0,,Home,잠실 야구장,18:30,27.9
최성훈,2022,LG,2022-06-01,@ Lotte,RP,,0.0,1.0,1,12,0,0,1,0,1,0,0,,Away,사직 야구장,18:30,23.6
최성훈,2022,LG,2022-05-31,@ Lotte,RP,,0.0,0.0,1,6,0,0,0,0,0,0,0,,Away,사직 야구장,18:30,23.9
최성훈,2022,LG,2022-05-29,vs. Samsung,RP,,0.0,1.5,0 ⅔,8,0,0,1,0,0,0,0,,Home,잠실 야구장,14:00,28.1
최성훈,2022,LG,2022-05-26,vs. Kiwoom,RP,,81.0,9.0,0 ⅓,8,3,3,2,0,0,1,0,,Home,잠실 야구장,18:30,21.2
최성훈,2022,LG,2022-05-24,vs. Kiwoom,RP,,0.0,1.5,0 ⅔,17,0,0,0,0,0,1,0,,Home,잠실 야구장,18:30,27.2
최성훈,2022,LG,2022-05-22,@ SSG,RP,,0.0,0.0,0 ⅓,8,0,0,0,0,1,0,0,,Away,인천 SSG 랜더스필드,14:00,20.0
최성훈,2022,LG,2022-05-21,@ SSG,RP,H,0.0,0.0,0 ⅓,8,0,0,0,0,0,0,1,,Away,인천 SSG 랜더스필드,17:00,18.4
최성훈,2022,LG,2022-05-19,@ KT,RP,,0.0,3.0,0 ⅔,12,0,0,1,0,0,1,0,,Away,수원 KT 위즈파크,18:30,22.1
최성훈,2022,LG,2022-04-07,@ Kiwoom,RP,,0.0,2.0,1,14,0,0,1,0,0,1,0,,Away,고척 스카이돔,18:30,25.5
최성훈,2022,LG,2022-04-06,@ Kiwoom,RP,,0.0,,0,5,0,0,1,0,0,0,0,,Away,고척 스카이돔,18:30,25.5
최성훈,2022,LG,2022-04-02,@ Kia,RP,,0.0,,0,5,0,0,0,0,0,1,0,,Away,광주 기아 챔피언스 필드,14:00,16.2
최성훈,2021,LG,2021-10-24,@ Doosan,RP,,0.0,,0,6,0,0,1,0,0,0,0,,Away,잠실 야구장,14:00,16.7
최성훈,2021,LG,2021-10-23,@ Doosan,RP,H,0.0,3.0,0 ⅓,9,0,0,1,0,1,0,0,,Away,잠실 야구장,17:00,16.0
최성훈,2021,LG,2021-10-20,vs. Kiwoom,RP,,0.0,0.0,0 ⅔,7,0,0,0,0,0,0,0,,Home,잠실 야구장,18:30,12.3
최성훈,2021,LG,2021-10-17,@ NC,RP,,0.0,0.0,0 ⅓,8,0,0,0,0,1,0,0,,Away,창원 NC 파크,14:00,13.2
최성훈,2021,LG,2021-10-13,@ Lotte,RP,,0.0,,0,4,0,0,1,0,0,0,0,,Away,사직 야구장,18:30,20.2
최성훈,2021,LG,2021-10-11,vs. KT,RP,,0.0,0.0,2,20,0,0,0,0,0,0,0,,Home,잠실 야구장,18:30,16.7
최성훈,2021,LG,2021-10-09,vs. KT,RP,,0.0,0.0,1,14,0,0,0,0,2,0,0,,Home,잠실 야구장,17:00,24.0
최성훈,2021,LG,2021-10-06,vs. SSG,RP,,40.5,6.0,0 ⅔,15,3,3,3,0,1,1,0,,Home,잠실 야구장,18:30,19.2
최성훈,2021,LG,2021-10-03,@ Kiwoom,RP,,0.0,0.0,1,13,0,0,0,0,1,0,0,,Away,고척 스카이돔,14:00,25.5
최성훈,2021,LG,2021-10-01,vs. Doosan,RP,,0.0,0.0,1 ⅔,13,0,0,0,0,0,0,0,,Home,잠실 야구장,18:30,23.9
최성훈,2021,LG,2021-09-30,vs. Doosan,RP,W,0.0,1.5,0 ⅔,12,0,0,0,0,0,1,0,,Home,잠실 야구장,18:30,25.4
최성훈,2021,LG,2021-09-23,vs. Samsung,RP,,13.5,1.5,0 ⅔,11,1,1,1,0,0,0,0,,Home,잠실 야구장,18:30,23.8
최성훈,2021,LG,2021-09-22,@ Hanwha,RP,,0.0,1.0,1,18,0,0,1,0,3,0,0,,Away,대전 한화생명 볼파크,18:30,24.8
최성훈,2021,LG,2021-09-18,vs. Kia,RP,,0.0,6.0,0 ⅓,13,0,0,1,0,0,1,0,,Home,잠실 야구장,17:00,27.2
최성훈,2021,LG,2021-09-17,@ NC,RP,,0.0,0.0,1,7,0,0,0,0,1,0,0,,Away,창원 NC 파크,18:30,22.8
최성훈,2021,LG,2021-09-15,@ Samsung,RP,H,13.5,3.0,0 ⅔,10,1,1,2,0,0,0,0,,Away,대구 삼성 라이온즈 파크,18:30,24.3
최성훈,2021,LG,2021-09-12,@ Doosan,RP,,0.0,1.2,1 ⅔,36,1,0,2,0,4,0,0,,Away,잠실 야구장,14:00,28.6
최성훈,2021,LG,2021-09-11,@ Doosan,RP,,0.0,1.0,1,8,0,0,0,0,0,1,0,,Away,잠실 야구장,17:00,27.9
최성훈,2021,LG,2021-09-09,vs. Hanwha,RP,,0.0,2.0,1,13,0,0,1,0,0,1,0,,Home,잠실 야구장,18:30,27.8
최성훈,2021,LG,2021-09-03,vs. NC,RP,,0.0,0.0,0 ⅔,7,0,0,0,0,1,0,0,,Home,잠실 야구장,18:30,27.0
최성훈,2021,LG,2021-08-31,@ Lotte,RP,,0.0,4.5,0 ⅔,17,0,0,1,0,0,2,0,,Away,사직 야구장,18:30,28.4
최성훈,2021,LG,2021-08-29,vs. Kiwoom,RP,,0.0,0.0,1,13,0,0,0,0,2,0,0,,Home,잠실 야구장,17:00,27.2
최성훈,2021,LG,2021-08-20,@ NC,RP,,0.0,1.5,0 ⅔,14,0,0,1,0,0,0,0,,Away,창원 NC 파크,18:30,27.9
최성훈,2021,LG,2021-08-18,@ KT,RP,,0.0,2.25,1 ⅓,26,2,0,3,0,0,0,1,,Away,수원 KT 위즈파크,18:30,27.1
최성훈,2021,LG,2021-08-14,vs. Lotte,RP,,0.0,3.0,0 ⅔,15,0,0,1,0,0,1,0,,Home,잠실 야구장,18:00,28.6
최성훈,2021,LG,2021-08-11,vs. SSG,RP,,0.0,0.0,0 ⅔,6,0,0,0,0,1,0,0,,Home,잠실 야구장,18:30,30.7
최성훈,2021,LG,2021-07-05,vs. Hanwha,RP,,0.0,6.0,0 ⅓,16,0,0,1,0,0,1,0,,Home,잠실 야구장,18:30,27.2
최성훈,2021,LG,2021-07-02,vs. Hanwha,RP,,0.0,0.0,1,8,0,0,0,0,2,0,0,,Home,잠실 야구장,18:30,30.3
최성훈,2021,LG,2021-06-30,vs. KT,RP,,0.0,0.0,1 ⅓,9,0,0,0,0,0,0,0,,Home,잠실 야구장,18:30,28.5
최성훈,2021,LG,2021-06-12,vs. Doosan,RP,L,0.0,,0,12,3,3,2,0,0,1,0,,Home,잠실 야구장,17:00,29.5
최성훈,2021,LG,2021-06-09,vs. NC,RP,H,0.0,0.0,1,13,0,0,0,0,2,0,0,,Home,잠실 야구장,18:30,29.6
최성훈,2021,LG,2021-06-05,@ Kia,RP,,0.0,1.0,1,16,0,0,1,0,0,0,0,,Away,광주 기아 챔피언스 필드,17:00,26.5
최성훈,2021,LG,2021-06-01,vs. KT,RP,,0.0,2.0,1,16,0,0,2,0,1,0,0,,Home,잠실 야구장,18:30,23.5
최성훈,2021,LG,2021-05-30,vs. Kiwoom,RP,,0.0,1.0,1,16,0,0,0,0,1,1,0,,Home,잠실 야구장,14:00,24.1
최성훈,2021,LG,2021-05-29,vs. Kiwoom,RP,,0.0,3.0,0 ⅓,12,0,0,0,0,0,1,0,,Home,잠실 야구장,17:00,15.8
최성훈,2021,LG,2021-05-26,@ Lotte,RP,,0.0,0.0,0 ⅓,4,0,0,0,0,0,0,0,,Away,사직 야구장,18:30,18.7
최성훈,2021,LG,2021-05-20,vs. NC,RP,,3.0,2.67,3,53,1,1,5,1,1,3,0,,Home,잠실 야구장,18:30,19.9
최성훈,2021,LG,2021-05-15,vs. Samsung,RP,,0.0,0.0,0 ⅔,9,0,0,0,0,0,0,0,,Home,잠실 야구장,17:00,21.1
최성훈,2021,LG,2021-05-11,@ Kia,RP,,9.0,2.0,1,28,1,1,1,0,0,1,0,,Away,광주 기아 챔피언스 필드,18:30,20.7
최성훈,2021,LG,2021-05-09,vs. Hanwha,RP,,0.0,2.0,1,13,0,0,2,0,1,0,0,,Home,잠실 야구장,14:00,20.9
최성훈,2021,LG,2021-05-08,vs. Hanwha,RP,,0.0,2.0,1,18,0,0,2,0,1,0,0,,Home,잠실 야구장,17:00,18.0
최성훈,2021,LG,2021-05-01,@ Samsung,RP,,0.0,1.5,2,31,0,0,2,0,3,1,0,,Away,대구 삼성 라이온즈 파크,17:00,14.9
최성훈,2021,LG,2021-04-30,@ Samsung,RP,,0.0,0.0,0 ⅓,5,0,0,0,0,1,0,0,,Away,대구 삼성 라이온즈 파크,18:30,18.3
최성훈,2021,LG,2021-04-28,vs. Lotte,RP,,0.0,1.5,0 ⅔,15,0,0,0,0,1,1,0,,Home,잠실 야구장,18:30,17.2
최성훈,2021,LG,2021-04-24,@ Hanwha,RP,,6.75,2.25,1 ⅓,25,1,1,2,1,1,1,0,,Away,대전 한화생명 볼파크,17:00,22.9
최성훈,2021,LG,2021-04-22,vs. Kia,RP,,0.0,0.0,1,12,0,0,0,0,0,0,0,,Home,잠실 야구장,18:30,23.7
최성훈,2020,LG,2020-10-18,vs. Kia,RP,,0.0,,0,12,0,0,0,0,0,2,0,,Home,잠실 야구장,14:00,19.6
최성훈,2020,LG,2020-10-16,vs. Kia,RP,,0.0,1.0,1,16,0,0,1,0,1,0,0,,Home,잠실 야구장,18:30,14.4
최성훈,2020,LG,2020-10-13,@ Lotte,RP,,0.0,1.0,2,29,0,0,2,0,1,0,0,,Away,사직 야구장,18:30,18.5
최성훈,2020,LG,2020-10-07,vs. Samsung,RP,,0.0,,0,7,0,0,0,0,0,1,0,,Home,잠실 야구장,18:30,19.7
최성훈,2020,LG,2020-10-06,vs. Samsung,RP,,0.0,,0,7,0,0,0,0,0,1,0,,Home,잠실 야구장,18:30,17.1
최성훈,2020,LG,2020-10-03,@ KT,RP,,0.0,1.5,0 ⅔,7,0,0,1,0,0,0,0,,Away,수원 KT 위즈파크,17:00,21.7
최성훈,2020,LG,2020-09-29,vs. Lotte,RP,,0.0,3.0,1,27,0,0,2,0,0,1,0,,Home,잠실 야구장,18:30,22.0
최성훈,2020,LG,2020-09-26,@ KT,RP,,0.0,3.0,0 ⅓,5,0,0,1,0,0,0,0,,Away,수원 KT 위즈파크,17:00,23.0
최성훈,2020,LG,2020-09-19,@ Doosan,RP,,0.0,1.0,2,35,0,0,1,0,1,1,0,,Away,잠실 야구장,17:00,24.1
최성훈,2020,LG,2020-09-15,@ Hanwha,RP,,0.0,,0,9,2,2,2,0,0,0,0,,Away,대전 한화생명 볼파크,18:30,26.7
최성훈,2020,LG,2020-09-12,vs. Samsung,RP,,0.0,0.75,1 ⅓,14,0,0,0,0,0,1,0,,Home,잠실 야구장,17:00,24.5
최성훈,2020,LG,2020-09-07,@ Lotte,RP,,0.0,1.0,1,11,0,0,1,0,0,0,0,,Away,사직 야구장,18:30,25.3
최성훈,2020,LG,2020-09-04,vs. NC,RP,,0.0,6.0,0 ⅓,10,0,0,1,0,1,1,0,,Home,잠실 야구장,18:30,25.5
최성훈,2020,LG,2020-09-03,vs. NC,RP,,0.0,0.0,0 ⅔,6,0,0,0,0,1,0,0,,Home,잠실 야구장,18:30,25.9
최성훈,2020,LG,2020-09-01,@ SK,RP,H,0.0,6.0,0 ⅓,12,0,0,1,0,0,1,0,,Away,인천 SSG 랜더스필드,18:30,29.0
최성훈,2020,LG,2020-08-30,vs. Doosan,RP,,0.0,1.5,0 ⅔,4,0,0,1,0,0,0,0,,Home,잠실 야구장,17:00,32.3
최성훈,2020,LG,2020-08-28,vs. KT,RP,,0.0,3.0,0 ⅓,7,0,0,1,0,1,0,0,,Home,잠실 야구장,18:30,30.9
최성훈,2020,LG,2020-08-23,vs. Hanwha,RP,,0.0,0.75,1 ⅓,12,0,0,1,0,1,0,0,,Home,잠실 야구장,17:00,30.1
최성훈,2020,LG,2020-08-20,@ Kiwoom,RP,H,0.0,0.0,0 ⅓,4,0,0,0,0,1,0,0,,Away,고척 스카이돔,18:30,25.5
최성훈,2020,LG,2020-08-18,vs. Kia,RP,,0.0,1.0,1,16,0,0,1,0,1,0,0,,Home,잠실 야구장,18:30,31.1
최성훈,2020,LG,2020-08-16,@ NC,RP,,0.0,,0,4,0,0,1,0,0,0,0,,Away,창원 NC 파크,17:00,32.5
최성훈,2020,LG,2020-08-15,@ NC,RP,,0.0,0.0,0 ⅔,7,0,0,0,0,0,0,0,,Away,창원 NC 파크,18:00,31.8
최성훈,2020,LG,2020-08-11,vs. Kia,RP,,9.0,2.0,2,42,2,2,3,0,0,1,0,,Home,잠실 야구장,18:30,28.5
최성훈,2020,LG,2020-08-08,@ Kiwoom,RP,,0.0,,0,12,1,1,2,0,0,0,0,,Away,고척 스카이돔,18:00,25.5
최성훈,2020,LG,2020-08-04,@ Kia,RP,,0.0,0.0,1,7,0,0,0,0,0,0,0,,Away,광주 기아 챔피언스 필드,18:30,31.4
최성훈,2020,LG,2020-07-31,vs. Hanwha,RP,,0.0,3.0,0 ⅓,6,0,0,1,0,0,0,0,,Home,잠실 야구장,18:30,29.7
최성훈,2020,LG,2020-07-29,@ SK,RP,,0.0,,0,4,0,0,1,0,0,0,1,,Away,인천 SSG 랜더스필드,18:30,27.1
최성훈,2020,LG,2020-07-28,@ SK,RP,,0.0,0.0,1,11,0,0,0,0,2,0,0,,Away,인천 SSG 랜더스필드,18:30,27.3
최성훈,2020,LG,2020-07-24,@ Doosan,RP,,13.5,1.5,0 ⅔,10,1,1,1,0,1,0,0,,Away,잠실 야구장,18:30,26.3
최성훈,2020,LG,2020-07-21,@ KT,RP,,0.0,,0,6,2,2,1,0,0,1,0,,Away,수원 KT 위즈파크,18:30,28.1
최성훈,2020,LG,2020-07-17,vs. Hanwha,RP,,0.0,0.0,1,12,0,0,0,0,0,0,0,,Home,잠실 야구장,18:30,29.3
최성훈,2020,LG,2020-07-16,@ Lotte,RP,,0.0,0.0,0 ⅓,5,0,0,0,0,1,0,0,,Away,사직 야구장,18:30,24.0
최성훈,2020,LG,2020-07-09,@ Doosan,RP,,0.0,2.0,1,16,0,0,1,0,1,1,0,,Away,잠실 야구장,18:30,31.0
최성훈,2020,LG,2020-07-07,@ Doosan,RP,,0.0,0.0,1 ⅔,11,0,0,0,0,0,0,0,,Away,잠실 야구장,18:30,28.0
최성훈,2020,LG,2020-07-04,@ Samsung,RP,,0.0,0.0,0 ⅓,5,0,0,0,0,1,0,0,,Away,대구 삼성 라이온즈 파크,18:00,22.2
최성훈,2020,LG,2020-07-03,@ Samsung,RP,,27.0,3.0,0 ⅓,9,1,1,1,0,1,0,0,,Away,대구 삼성 라이온즈 파크,18:30,23.2
최성훈,2020,LG,2020-07-02,vs. KT,RP,,0.0,3.0,0 ⅓,8,0,0,1,0,1,0,0,,Home,잠실 야구장,18:30,28.7
최성훈,2020,LG,2020-06-30,vs. KT,RP,,0.0,3.0,0 ⅓,4,0,0,0,0,0,1,0,,Home,잠실 야구장,18:30,22.6
최성훈,2020,LG,2020-06-26,@ SK,RP,,0.0,1.0,1,22,0,0,1,0,2,0,0,,Away,인천 SSG 랜더스필드,18:30,24.0
최성훈,2020,LG,2020-06-25,vs. Kiwoom,RP,,0.0,0.0,2,20,0,0,0,0,2,0,0,,Home,잠실 야구장,18:30,24.4
최성훈,2020,LG,2020-06-21,vs. Doosan,RP,,0.0,0.0,0 ⅓,5,0,0,0,0,0,0,0,,Home,잠실 야구장,17:00,29.8
최성훈,2020,LG,2020-06-20,vs. Doosan,RP,,0.0,,0,6,2,2,1,0,0,1,0,,Home,잠실 야구장,17:00,28.2
최성훈,2020,LG,2020-06-19,vs. Doosan,RP,,0.0,0.75,1 ⅓,14,0,0,1,0,0,0,0,,Home,잠실 야구장,18:30,28.7
최성훈,2020,LG,2020-06-17,@ Hanwha,RP,,0.0,0.0,0 ⅔,6,0,0,0,0,0,0,0,,Away,대전 한화생명 볼파크,18:30,25.5
최성훈,2020,LG,2020-06-16,@ Hanwha,RP,,0.0,,0,13,1,1,1,0,0,2,0,,Away,대전 한화생명 볼파크,18:30,28.1
최성훈,2020,LG,2020-06-13,vs. Lotte,RP,,0.0,0.75,1 ⅓,22,0,0,1,0,2,0,0,,Home,잠실 야구장,17:00,30.7
최성훈,2020,LG,2020-06-07,@ Kiwoom,RP,,9.0,1.0,1,15,1,1,1,1,0,0,0,,Away,고척 스카이돔,14:00,25.5
최성훈,2020,LG,2020-06-05,@ Kiwoom,RP,,0.0,0.0,0 ⅓,4,0,0,0,0,1,0,0,,Away,고척 스카이돔,18:30,25.5
이승현_좌,2024,,2024-08-06,vs. Hanwha,SP,,7.2,1.0,5,65,4,4,5,1,4,0,0,45.0,Home,,18:30,
이승현_좌,2024,,2024-07-31,@ LG,SP,L,12.46,2.54,4 ⅓,96,6,6,7,1,2,4,0,23.0,Away,잠실 야구장,18:30,33.1
이승현_좌,2024,,2024-07-21,vs. Lotte,SP,,9.82,2.73,3 ⅔,85,4,4,5,1,4,5,0,34.0,Home,,17:00,
이승현_좌,2024,,2024-07-14,@ Doosan,SP,,3.18,1.41,5 ⅔,83,2,2,8,0,2,0,1,46.0,Away,잠실 야구장,17:00,32.1
이승현_좌,2024,,2024-07-03,vs. Kia,SP,,4.5,1.67,6,95,3,3,8,2,4,2,1,45.0,Home,,18:30,
이승현_좌,2024,,2024-06-27,@ LG,SP,W,0.0,1.0,6,88,0,0,4,0,3,2,0,65.0,Away,잠실 야구장,18:30,29.1
이승현_좌,2024,,2024-06-21,vs. Doosan,SP,W,3.6,1.2,5,106,2,2,5,1,4,1,0,52.0,Home,,18:30,
이승현_좌,2024,,2024-06-15,@ NC,SP,,1.8,1.6,5,99,1,1,5,0,5,3,2,53.0,Away,창원 NC 파크,17:00,29.9
이승현_좌,2024,,2024-06-09,@ Kiwoom,SP,W,0.0,1.0,6,89,0,0,4,0,3,2,0,65.0,Away,고척 스카이돔,14:00,25.5
이승현_좌,2024,,2024-06-04,@ SSG,SP,,1.5,0.5,6,89,1,1,3,1,5,0,1,66.0,Away,인천 SSG 랜더스필드,18:30,23.8
이승현_좌,2024,,2024-05-29,vs. Kiwoom,SP,L,18.0,4.33,3,83,8,6,12,1,2,1,0,8.0,Home,,18:30,
이승현_좌,2024,,2024-05-23,vs. KT,SP,L,9.53,1.76,5 ⅔,100,6,6,9,0,6,1,1,31.0,Home,,18:30,
이승현_좌,2024,,2024-05-17,vs. Hanwha,SP,W,3.6,1.6,5,90,2,2,5,1,4,3,0,50.0,Home,,18:30,
이승현_좌,2024,,2024-05-09,vs. Kia,SP,,1.5,1.0,6,90,2,1,3,0,3,3,0,60.0,Home,,18:30,
이승현_좌,2024,,2024-04-30,@ Doosan,SP,L,5.4,1.2,5,90,3,3,4,0,3,2,0,48.0,Away,잠실 야구장,18:30,19.6
이승현_좌,2024,,2024-04-24,vs. LG,SP,W,0.0,1.2,5,89,0,0,0,0,8,6,0,69.0,Home,,18:30,
이승현_좌,2024,,2024-04-18,vs. Doosan,SP,W,0.0,0.6,5,91,0,0,1,0,6,2,0,69.0,Home,,18:30,
이승현_좌,2023,,2023-09-09,@ Doosan,RP,,0.0,,0,4,1,0,0,0,0,1,0,,Away,잠실 야구장,17:00,30.1
이승현_좌,2023,,2023-09-08,@ Doosan,RP,,9.0,3.0,1,22,1,1,1,0,0,2,0,,Away,잠실 야구장,18:30,28.5
이승현_좌,2023,,2023-09-05,@ Lotte,RP,,0.0,1.5,0 ⅔,16,0,0,0,0,0,1,0,,Away,사직 야구장,18:30,27.3
이승현_좌,2023,,2023-09-02,vs. NC,RP,,5.4,1.8,1 ⅔,33,1,1,2,1,1,1,0,,Home,,17:00,
이승현_좌,2023,,2023-08-31,@ KT,RP,L,6.75,1.5,1 ⅓,25,2,1,1,1,2,1,0,,Away,수원 KT 위즈파크,18:30,26.5
이승현_좌,2023,,2023-08-11,@ SSG,RP,,0.0,,0,4,0,0,0,0,0,1,0,,Away,인천 SSG 랜더스필드,18:30,27.2
이승현_좌,2023,,2023-08-06,vs. LG,RP,,0.0,0.75,1 ⅓,13,0,0,1,0,1,0,0,,Home,,17:00,
이승현_좌,2023,,2023-08-04,vs. LG,RP,,13.5,4.5,0 ⅔,21,1,1,1,1,1,2,0,,Home,,18:30,
이승현_좌,2023,,2023-08-02,vs. Kia,RP,,13.5,1.5,0 ⅔,9,1,1,1,0,0,0,0,,Home,,18:30,
이승현_좌,2023,,2023-08-01,vs. Kia,RP,H,27.0,3.0,0 ⅓,9,1,1,0,0,0,1,0,,Home,,18:30,
이승현_좌,2023,,2023-07-29,@ Kiwoom,RP,,0.0,1.5,0 ⅔,15,0,0,0,0,0,1,0,,Away,고척 스카이돔,18:00,25.5
이승현_좌,2023,,2023-07-27,vs. SSG,RP,H,0.0,3.0,0 ⅓,6,0,0,0,0,0,1,0,,Home,,18:30,
이승현_좌,2023,,2023-07-26,vs. SSG,RP,,0.0,0.0,1 ⅓,13,0,0,0,0,0,0,0,,Home,,18:30,
이승현_좌,2023,,2023-07-23,vs. KT,RP,,27.0,4.5,0 ⅔,22,2,2,3,0,2,0,0,,Home,,17:00,
이승현_좌,2023,,2023-07-21,vs. KT,RP,,0.0,1.0,1,20,0,0,1,0,2,0,0,,Home,,18:30,
이승현_좌,2023,,2023-07-09,@ NC,RP,,0.0,1.0,1,15,0,0,0,0,1,1,0,,Away,창원 NC 파크,17:00,28.6
이승현_좌,2023,,2023-07-05,vs. Doosan,RP,,0.0,1.0,1,8,0,0,1,0,0,0,0,,Home,,18:30,
이승현_좌,2023,,2023-07-04,vs. Doosan,RP,,13.5,6.0,0 ⅔,24,1,1,2,0,1,2,0,,Home,,18:30,
이승현_좌,2023,,2023-07-02,vs. Hanwha,RP,H,0.0,1.0,1,21,0,0,0,0,2,1,0,,Home,,17:00,
이승현_좌,2023,,2023-06-27,@ Lotte,RP,L,40.5,4.5,0 ⅔,29,3,3,1,1,1,2,0,,Away,사직 야구장,18:30,26.3
이승현_좌,2023,,2023-06-25,@ SSG,RP,SV,0.0,2.4,1 ⅔,34,0,0,3,0,1,1,0,,Away,인천 SSG 랜더스필드,17:00,30.1
이승현_좌,2023,,2023-06-22,vs. Kiwoom,RP,,0.0,1.0,1,12,0,0,1,0,0,0,0,,Home,,18:30,
이승현_좌,2023,,2023-06-21,vs. Kiwoom,RP,,0.0,0.0,0 ⅔,11,0,0,0,0,0,0,1,,Home,,18:30,
이승현_좌,2023,,2023-06-18,@ KT,RP,SV,0.0,1.0,1,19,0,0,1,0,1,0,0,,Away,수원 KT 위즈파크,17:00,27.6
이승현_좌,2023,,2023-06-16,@ KT,RP,L,13.5,4.5,0 ⅔,20,1,1,2,0,1,1,0,,Away,수원 KT 위즈파크,18:30,26.4
이승현_좌,2023,,2023-06-13,@ LG,RP,L,9.0,3.0,1,11,1,1,1,0,0,2,0,,Away,잠실 야구장,18:30,23.9
이승현_좌,2023,,2023-06-11,vs. Lotte,RP,H,0.0,0.0,1,13,0,0,0,0,1,0,0,,Home,,17:00,
이승현_좌,2023,,2023-06-10,vs. Lotte,RP,H,0.0,0.0,1,11,0,0,0,0,1,0,0,,Home,,17:00,
이승현_좌,2023,,2023-06-09,vs. Lotte,RP,,0.0,0.5,2,25,0,0,1,0,2,0,0,,Home,,18:30,
이승현_좌,2023,,2023-06-06,vs. NC,RP,H,0.0,0.0,1,10,0,0,0,0,1,0,0,,Home,,18:30,
이승현_좌,2023,,2023-06-02,@ Hanwha,RP,H,0.0,1.0,1,20,0,0,1,0,1,0,0,,Away,대전 한화생명 볼파크,18:30,23.9
이승현_좌,2023,,2023-05-28,vs. KT,RP,,40.5,4.5,0 ⅔,27,3,3,3,0,2,0,0,,Home,,14:00,
이승현_좌,2023,,2023-05-27,vs. KT,RP,,0.0,1.0,1,22,0,0,0,0,0,1,0,,Home,,17:00,
이승현_좌,2023,,2023-05-14,vs. LG,RP,,27.0,4.5,0 ⅔,19,2,2,2,0,0,1,0,,Home,,14:00,
이승현_좌,2023,,2023-05-12,vs. LG,RP,,0.0,0.0,0 ⅓,6,0,0,0,0,0,0,0,,Home,,18:30,
이승현_좌,2023,,2023-05-11,@ Hanwha,RP,,0.0,0.0,1,10,0,0,0,0,0,0,0,,Away,대전 한화생명 볼파크,18:30,24.7
이승현_좌,2023,,2023-05-02,vs. Kiwoom,RP,,0.0,1.5,0 ⅔,11,0,0,1,0,0,0,0,,Home,,18:30,
이승현_좌,2023,,2023-04-29,@ KT,RP,SV,0.0,1.0,1,13,0,0,0,0,0,1,0,,Away,수원 KT 위즈파크,17:00,11.7
이승현_좌,2023,,2023-04-28,@ KT,RP,SV,9.0,1.0,1,17,1,1,1,1,2,0,0,,Away,수원 KT 위즈파크,18:30,18.1
이승현_좌,2023,,2023-04-26,vs. Doosan,RP,SV,0.0,1.5,1 ⅓,21,0,0,2,0,2,0,0,,Home,,18:30,
이승현_좌,2023,,2023-04-21,@ Kia,RP,L,0.0,,0,10,3,3,2,1,0,1,0,,Away,광주 기아 챔피언스 필드,18:30,21.0
이승현_좌,2023,,2023-04-19,@ Kiwoom,RP,,9.0,0.0,1,13,1,1,0,0,2,0,1,,Away,고척 스카이돔,18:30,25.5
이승현_좌,2023,,2023-04-16,vs. Lotte,RP,,0.0,0.0,1 ⅓,10,0,0,0,0,2,0,0,,Home,,14:00,
이승현_좌,2023,,2023-04-13,vs. SSG,RP,,0.0,2.0,1,18,0,0,1,0,0,1,0,,Home,,18:30,
이승현_좌,2023,,2023-04-11,vs. SSG,RP,,0.0,1.0,1,13,0,0,1,0,1,0,0,,Home,,18:30,
이승현_좌,2023,,2023-04-09,@ LG,RP,,0.0,3.0,0 ⅔,16,0,0,1,0,0,1,0,,Away,잠실 야구장,14:00,17.4
이승현_좌,2023,,2023-04-04,vs. Hanwha,RP,,0.0,3.0,0 ⅔,22,0,0,1,0,1,1,0,,Home,,18:30,
이승현_좌,2023,,2023-04-02,vs. NC,RP,W,0.0,0.5,2,26,0,0,1,0,2,0,0,,Home,,14:00,
이승현_좌,2022,,2022-09-14,@ NC,RP,,0.0,0.0,0 ⅔,14,0,0,0,0,1,0,0,,Away,창원 NC 파크,18:30,26.3
이승현_좌,2022,,2022-09-08,vs. Lotte,RP,,0.0,0.0,0 ⅔,4,0,0,0,0,1,0,0,,Home,,18:30,
이승현_좌,2022,,2022-09-06,vs. Kiwoom,RP,,0.0,0.0,1,5,0,0,0,0,0,0,0,,Home,,18:30,
이승현_좌,2022,,2022-09-01,@ Kia,RP,,0.0,6.0,0 ⅓,31,1,0,0,0,1,2,0,,Away,광주 기아 챔피언스 필드,18:30,27.1
이승현_좌,2022,,2022-08-28,vs. Hanwha,RP,,6.75,2.25,1 ⅓,30,1,1,2,0,1,1,0,,Home,,17:00,
이승현_좌,2022,,2022-08-26,@ Lotte,RP,,0.0,1.5,0 ⅔,13,1,0,1,0,0,0,0,,Away,사직 야구장,18:30,26.4
이승현_좌,2022,,2022-08-24,@ SSG,RP,,0.0,1.0,1,15,0,0,1,0,1,0,0,,Away,인천 SSG 랜더스필드,18:30,26.4
이승현_좌,2022,,2022-08-23,@ SSG,RP,,27.0,3.0,0 ⅓,10,1,1,0,0,1,1,0,,Away,인천 SSG 랜더스필드,18:30,26.8
이승현_좌,2022,,2022-08-21,vs. NC,RP,,9.0,1.0,1,17,1,1,1,1,0,0,0,,Home,,17:00,
이승현_좌,2022,,2022-08-18,@ Hanwha,RP,,0.0,0.0,1,13,0,0,0,0,0,0,0,,Away,대전 한화생명 볼파크,18:30,28.6
이승현_좌,2022,,2022-08-17,@ LG,RP,,9.0,2.0,1,17,1,1,1,0,1,1,0,,Away,잠실 야구장,18:30,29.3
이승현_좌,2022,,2022-08-14,@ KT,RP,,0.0,0.0,1 ⅓,17,0,0,0,0,1,0,0,,Away,수원 KT 위즈파크,17:00,29.8
이승현_좌,2022,,2022-08-12,vs. Kia,RP,H,0.0,3.0,0 ⅔,19,0,0,0,0,1,2,0,,Home,,18:30,
이승현_좌,2022,,2022-08-06,@ SSG,RP,H,0.0,1.5,0 ⅔,22,0,0,1,0,2,0,0,,Away,인천 SSG 랜더스필드,18:00,31.3
이승현_좌,2022,,2022-08-05,@ SSG,RP,,0.0,0.0,1 ⅓,11,0,0,0,0,2,0,0,,Away,인천 SSG 랜더스필드,18:30,31.2
이승현_좌,2022,,2022-08-03,@ Doosan,RP,,0.0,1.0,1,20,0,0,1,0,2,0,0,,Away,잠실 야구장,18:30,30.9
이승현_좌,2022,,2022-07-31,vs. Lotte,RP,H,0.0,0.0,1,13,0,0,0,0,2,0,0,,Home,,17:00,
이승현_좌,2022,,2022-07-29,vs. Lotte,RP,W,0.0,1.0,1,15,0,0,1,0,0,0,0,,Home,,18:30,
이승현_좌,2022,,2022-07-27,vs. Hanwha,RP,,54.0,12.0,0 ⅓,26,2,2,3,0,0,1,1,,Home,,18:30,
이승현_좌,2022,,2022-07-26,vs. Hanwha,RP,,0.0,3.0,0 ⅓,6,0,0,1,0,1,0,0,,Home,,18:30,
이승현_좌,2022,,2022-07-24,@ Kiwoom,RP,,0.0,0.0,1,9,0,0,0,0,0,0,0,,Away,고척 스카이돔,14:00,25.5
이승현_좌,2022,,2022-07-22,@ Kiwoom,RP,,0.0,1.0,1,13,0,0,1,0,0,0,0,,Away,고척 스카이돔,18:30,25.5
이승현_좌,2022,,2022-07-08,vs. SSG,RP,,0.0,,0,3,2,2,1,0,0,0,1,,Home,,18:30,
이승현_좌,2022,,2022-07-06,vs. LG,RP,,0.0,,0,11,2,2,2,0,0,0,0,,Home,,18:30,
이승현_좌,2022,,2022-07-05,vs. LG,RP,,0.0,0.0,1,14,0,0,0,0,1,0,0,,Home,,18:30,
이승현_좌,2022,,2022-07-03,@ NC,RP,H,0.0,4.5,0 ⅔,22,0,0,2,0,1,1,0,,Away,창원 NC 파크,17:00,32.2
이승현_좌,2022,,2022-06-29,vs. KT,RP,,0.0,2.0,1,29,0,0,0,0,2,2,0,,Home,,18:30,
이승현_좌,2022,,2022-06-26,@ Hanwha,RP,H,0.0,0.0,1,9,0,0,0,0,1,0,0,,Away,대전 한화생명 볼파크,17:00,31.4
이승현_좌,2022,,2022-06-25,@ Hanwha,RP,H,0.0,0.0,1,13,0,0,0,0,1,0,0,,Away,대전 한화생명 볼파크,17:00,31.7
이승현_좌,2022,,2022-06-23,vs. Kiwoom,RP,,0.0,0.0,1,10,0,0,0,0,1,0,0,,Home,,18:30,
이승현_좌,2022,,2022-06-21,vs. Kiwoom,RP,,0.0,2.0,1,19,0,0,2,0,2,0,0,,Home,,18:30,
이승현_좌,2022,,2022-06-17,@ Kia,RP,,0.0,1.5,0 ⅔,7,0,0,0,0,0,1,0,,Away,광주 기아 챔피언스 필드,18:30,28.0
이승현_좌,2022,,2022-06-15,@ LG,RP,,9.0,3.0,1,22,1,1,3,0,2,0,0,,Away,잠실 야구장,18:30,22.2
이승현_좌,2022,,2022-05-26,vs. Kia,RP,,0.0,,0,5,1,1,1,0,0,0,0,,Home,,18:30,
이승현_좌,2022,,2022-05-25,vs. Kia,RP,,0.0,0.0,1,8,0,0,0,0,1,0,0,,Home,,18:30,
이승현_좌,2022,,2022-05-24,vs. Kia,RP,L,0.0,,0,13,2,1,1,0,0,1,1,,Home,,18:30,
이승현_좌,2022,,2022-05-21,vs. KT,RP,,0.0,0.0,1,14,0,0,0,0,1,0,0,,Home,,17:00,
이승현_좌,2022,,2022-05-20,vs. KT,RP,L,27.0,3.0,0 ⅓,9,1,1,1,1,0,0,0,,Home,,18:30,
이승현_좌,2022,,2022-05-19,@ Hanwha,RP,W,0.0,2.0,1,21,0,0,0,0,2,2,0,,Away,대전 한화생명 볼파크,18:30,23.3
이승현_좌,2022,,2022-05-15,vs. Doosan,RP,H,6.75,0.75,1 ⅓,19,1,1,1,0,2,0,0,,Home,,14:00,
이승현_좌,2022,,2022-05-12,vs. SSG,RP,H,0.0,3.0,0 ⅔,18,0,0,1,0,1,1,0,,Home,,18:30,
이승현_좌,2022,,2022-05-08,@ Lotte,RP,H,0.0,1.5,0 ⅔,14,0,0,1,0,1,0,0,,Away,사직 야구장,14:00,19.1
이승현_좌,2022,,2022-05-07,@ Lotte,RP,H,0.0,0.0,1,8,0,0,0,0,2,0,0,,Away,사직 야구장,17:00,20.0
이승현_좌,2022,,2022-05-05,vs. NC,RP,,0.0,0.0,0 ⅔,8,0,0,0,0,0,0,0,,Home,,14:00,
이승현_좌,2022,,2022-05-03,vs. NC,RP,L,162.0,18.0,0 ⅓,24,6,6,5,1,0,1,0,,Home,,18:30,
이승현_좌,2022,,2022-04-29,@ Kia,RP,SV,0.0,0.0,0 ⅓,3,0,0,0,0,1,0,0,,Away,광주 기아 챔피언스 필드,18:30,17.4
이승현_좌,2022,,2022-04-28,vs. LG,RP,L,9.0,1.5,2,26,2,2,3,1,2,0,0,,Home,,18:30,
이승현_좌,2022,,2022-04-26,vs. LG,RP,H,0.0,0.0,1,14,0,0,0,0,3,0,0,,Home,,18:30,
이승현_좌,2022,,2022-04-24,vs. Lotte,RP,,0.0,1.0,1,18,0,0,1,0,1,0,0,,Home,,14:00,
이승현_좌,2022,,2022-04-23,vs. Lotte,RP,,0.0,1.0,1,8,0,0,1,0,0,0,0,,Home,,17:00,
이승현_좌,2022,,2022-04-17,@ SSG,RP,,0.0,0.0,0 ⅓,8,0,0,0,0,1,0,0,,Away,인천 SSG 랜더스필드,14:00,13.7
이승현_좌,2022,,2022-04-14,vs. Hanwha,RP,,0.0,0.0,1,15,0,0,0,0,3,0,0,,Home,,18:30,
이승현_좌,2022,,2022-04-12,vs. Hanwha,RP,H,0.0,0.0,1,14,0,0,0,0,1,0,0,,Home,,18:30,
이승현_좌,2022,,2022-04-10,vs. Kiwoom,RP,,13.5,3.0,0 ⅔,10,1,1,2,1,1,0,0,,Home,,14:00,
이승현_좌,2022,,2022-04-08,vs. Kiwoom,RP,,0.0,2.0,1,25,0,0,0,0,1,2,0,,Home,,18:30,
이승현_좌,2022,,2022-04-07,@ Doosan,RP,H,0.0,1.0,1,16,0,0,0,0,1,1,0,,Away,잠실 야구장,18:30,12.2
이승현_좌,2022,,2022-04-05,@ Doosan,RP,H,0.0,1.5,1 ⅓,27,1,0,1,0,3,1,0,,Away,잠실 야구장,18:30,13.3
이승현_좌,2022,,2022-04-02,@ KT,RP,,0.0,0.0,1,5,0,0,0,0,0,0,0,,Away,수원 KT 위즈파크,14:00,13.7
이승현_좌,2021,,2021-09-23,@ LG,RP,,0.0,1.0,1,19,0,0,1,0,0,0,0,,Away,잠실 야구장,18:30,23.8
이승현_좌,2021,,2021-09-17,vs. Kia,RP,,18.0,2.0,1,25,2,2,1,1,2,1,0,,Home,,18:30,
이승현_좌,2021,,2021-09-14,vs. LG,RP,,0.0,3.0,0 ⅓,11,0,0,0,0,1,1,0,,Home,,18:30,
이승현_좌,2021,,2021-09-12,@ Hanwha,RP,,0.0,0.0,1,9,0,0,0,0,1,0,0,,Away,대전 한화생명 볼파크,14:00,28.7
이승현_좌,2021,,2021-09-10,vs. KT,RP,,0.0,1.0,1,17,0,0,0,0,1,1,0,,Home,,18:30,
이승현_좌,2021,,2021-09-08,vs. Lotte,RP,L,6.75,0.75,1 ⅓,36,1,1,1,0,0,0,0,,Home,,18:30,
이승현_좌,2021,,2021-09-05,vs. Doosan,RP,,0.0,1.5,1 ⅓,24,0,0,1,0,2,1,0,,Home,,14:00,
이승현_좌,2021,,2021-09-02,@ Kia,RP,,0.0,1.0,1,12,0,0,1,0,1,0,0,,Away,광주 기아 챔피언스 필드,18:30,24.6
이승현_좌,2021,,2021-08-31,vs. Kiwoom,RP,H,9.0,2.0,1,17,1,1,2,0,1,0,0,,Home,,18:30,
이승현_좌,2021,,2021-08-27,@ LG,RP,,0.0,3.0,0 ⅓,7,0,0,1,0,0,0,0,,Away,잠실 야구장,18:30,24.0
이승현_좌,2021,,2021-08-26,@ LG,RP,L,9.0,1.0,1,10,1,1,1,0,0,0,0,,Away,잠실 야구장,18:30,29.5
이승현_좌,2021,,2021-08-24,vs. SSG,RP,W,0.0,1.0,1,17,0,0,0,0,3,1,0,,Home,,18:30,
이승현_좌,2021,,2021-08-22,vs. SSG,RP,,0.0,0.0,1,8,0,0,0,0,2,0,0,,Home,,17:00,
이승현_좌,2021,,2021-08-20,vs. SSG,RP,H,0.0,0.0,0 ⅔,10,0,0,0,0,1,0,0,,Home,,18:30,
이승현_좌,2021,,2021-08-19,@ Hanwha,RP,,0.0,0.0,1 ⅓,17,0,0,0,0,2,0,0,,Away,대전 한화생명 볼파크,18:30,29.1
이승현_좌,2021,,2021-08-15,@ KT,RP,L,81.0,9.0,0 ⅓,12,3,3,3,0,0,0,0,,Away,수원 KT 위즈파크,17:00,30.4
이승현_좌,2021,,2021-08-13,@ KT,RP,,13.5,3.0,0 ⅔,17,2,1,1,0,0,1,0,,Away,수원 KT 위즈파크,18:30,29.8
이승현_좌,2021,,2021-08-11,vs. Doosan,RP,L,27.0,3.0,1,16,3,3,3,1,1,0,0,,Home,,18:30,
이승현_좌,2021,,2021-07-10,vs. Lotte,RP,H,0.0,1.0,1,23,0,0,1,0,1,0,0,,Home,,18:00,
이승현_좌,2021,,2021-07-08,vs. KT,RP,,0.0,0.0,1,17,0,0,0,0,0,0,0,,Home,,18:30,
이승현_좌,2021,,2021-07-01,@ SSG,RP,,0.0,0.5,2,38,0,0,1,0,2,0,0,,Away,인천 SSG 랜더스필드,18:30,28.6
이승현_좌,2021,,2021-06-30,@ SSG,RP,,0.0,1.0,1,11,0,0,0,0,0,1,0,,Away,인천 SSG 랜더스필드,18:30,27.5
이승현_좌,2021,,2021-06-27,vs. LG,RP,,40.5,4.5,0 ⅔,21,3,3,2,0,2,1,0,,Home,,17:00,
이승현_좌,2021,,2021-06-26,vs. LG,RP,,40.5,4.5,0 ⅔,25,3,3,1,1,1,2,0,,Home,,17:00,
이승현_좌,2021,,2021-06-22,vs. Hanwha,RP,,0.0,0.0,1,12,0,0,0,0,3,0,0,,Home,,18:30,
이승현_좌,2021,,2021-06-18,@ Lotte,RP,,18.0,3.0,1,29,2,2,1,0,0,2,0,,Away,사직 야구장,18:30,23.2
이승현_좌,2021,,2021-06-15,@ Doosan,RP,H,13.5,1.5,1 ⅓,27,2,2,2,0,3,0,1,,Away,잠실 야구장,18:30,26.4
이승현_좌,2021,,2021-06-12,vs. NC,RP,,0.0,3.0,0 ⅔,16,0,0,1,0,1,1,0,,Home,,17:00,
이승현_좌,2021,,2021-06-11,vs. NC,RP,H,0.0,2.0,1,21,0,0,1,0,2,1,0,,Home,,18:30,
이승현_좌,2021,,2021-06-09,vs. Kia,RP,,0.0,2.0,1,22,0,0,1,0,1,1,0,,Home,,18:30,
이승현_좌,2021,,2021-06-06,@ Kiwoom,RP,H,0.0,6.0,0 ⅓,13,0,0,1,0,0,1,0,,Away,고척 스카이돔,14:00,25.5
이승현_좌,2021,,2021-06-05,@ Kiwoom,RP,,0.0,2.0,1,18,0,0,1,0,0,1,0,,Away,고척 스카이돔,17:00,25.5
이승현_좌,2021,,2021-06-02,@ SSG,RP,,0.0,3.0,1,20,0,0,1,0,0,2,0,,Away,인천 SSG 랜더스필드,18:30,24.2
이승현_좌,2021,,2021-05-30,vs. Doosan,RP,,0.0,1.0,1,9,0,0,1,0,0,0,0,,Home,,14:00,
이승현_좌,2021,,2021-05-29,vs. Doosan,RP,,9.0,3.0,1,25,1,1,2,0,2,1,0,,Home,,17:00,
이승현_좌,2021,,2021-05-26,@ NC,RP,,0.0,0.0,1,9,0,0,0,0,1,0,0,,Away,창원 NC 파크,18:30,19.3
이승현_좌,2021,,2021-05-23,vs. Kia,RP,,0.0,2.4,1 ⅔,42,0,0,2,0,3,2,1,,Home,,14:00,
이승현_좌,2021,,2021-05-21,vs. Kia,RP,H,0.0,0.0,0 ⅔,14,0,0,0,0,0,0,0,,Home,,18:30,
이승현_좌,2021,,2021-05-18,vs. Kiwoom,RP,,0.0,0.0,1,13,0,0,0,0,3,0,0,,Home,,18:30,
이승현_좌,2021,,2021-05-17,@ LG,RP,,0.0,1.0,1,22,0,0,0,0,1,1,1,,Away,잠실 야구장,18:30,16.5
이승현_좌,2021,,2021-05-14,@ LG,RP,,0.0,0.0,1,13,0,0,0,0,2,0,0,,Away,잠실 야구장,18:30,29.4
이재희,2023,Samsung,2023-04-27,vs. Doosan,RP,,0.0,0.75,4,62,0,0,2,0,1,1,0,,Home,대구 삼성 라이온즈 파크,18:30,16.8
이재희,2023,Samsung,2023-04-19,@ Kiwoom,SP,,6.75,1.5,4,78,3,3,2,1,4,4,0,46.0,Away,고척 스카이돔,18:30,25.5
이재희,2021,Samsung,2021-10-16,vs. Kiwoom,SP,,3.6,1.2,5,78,2,2,4,1,4,2,0,53.0,Home,대구 삼성 라이온즈 파크,17:00,14.8
이재희,2021,Samsung,2021-09-28,vs. SSG,SP,,1.8,0.8,5,82,1,1,3,0,5,1,0,61.0,Home,대구 삼성 라이온즈 파크,18:30,25.0
이재희,2021,Samsung,2021-09-22,@ Lotte,SP,,9.0,2.25,4,73,4,4,6,0,2,3,0,33.0,Away,사직 야구장,18:30,25.2
이재희,2021,Samsung,2021-09-16,vs. Kia,SP,L,8.31,2.31,4 ⅓,99,4,4,7,0,3,3,0,33.0,Home,대구 삼성 라이온즈 파크,18:30,24.7
이재희,2021,Samsung,2021-08-15,@ KT,SP,,5.4,1.5,3 ⅓,58,2,2,4,1,3,1,0,46.0,Away,수원 KT 위즈파크,17:00,30.4
황동재,2024,Samsung,2024-09-17,@ Doosan,SP,L,14.73,3.0,3 ⅔,92,6,6,6,1,2,5,0,22.0,Away,잠실 야구장,18:30,31.2
황동재,2024,Samsung,2024-09-12,@ Hanwha,RP,,0.0,0.5,2,30,0,0,1,0,2,0,1,,Away,대전 한화생명 볼파크,18:30,28.8
황동재,2024,Samsung,2024-09-04,vs. Doosan,SP,W,5.4,1.4,5,83,3,3,4,0,2,3,0,46.0,Home,대구 삼성 라이온즈 파크,18:30,28.5
황동재,2024,Samsung,2024-08-29,@ Kiwoom,SP,,0.0,0.88,5 ⅔,88,0,0,2,0,3,3,1,64.0,Away,고척 스카이돔,18:30,25.5
황동재,2024,Samsung,2024-08-23,vs. Lotte,SP,,1.8,0.8,5,76,2,1,3,0,4,1,2,56.0,Home,대구 삼성 라이온즈 파크,18:30,31.8
황동재,2024,Samsung,2024-08-16,@ NC,SP,,3.6,1.0,5,70,2,2,4,0,2,1,0,52.0,Away,창원 NC 파크,18:30,31.1
황동재,2024,Samsung,2024-08-06,vs. Hanwha,RP,L,54.0,12.0,0 ⅓,14,2,2,3,0,0,1,0,,Home,대구 삼성 라이온즈 파크,18:30,31.2
황동재,2024,Samsung,2024-07-30,@ LG,RP,,0.0,0.0,1,12,0,0,0,0,1,0,0,,Away,잠실 야구장,18:30,32.4
황동재,2024,Samsung,2024-07-28,vs. KT,RP,,27.0,3.0,0 ⅓,9,1,1,1,0,0,0,0,,Home,대구 삼성 라이온즈 파크,17:00,33.1
황동재,2024,Samsung,2024-07-24,@ Hanwha,RP,,13.5,4.5,0 ⅔,19,1,1,3,0,1,0,0,,Away,대전 한화생명 볼파크,18:30,32.6
황동재,2024,Samsung,2024-07-21,vs. Lotte,RP,,0.0,1.2,1 ⅔,31,0,0,0,0,1,2,0,,Home,대구 삼성 라이온즈 파크,17:00,31.6
황동재,2024,Samsung,2024-07-17,@ Kia,RP,,4.5,1.5,2,33,1,1,3,1,3,0,0,,Away,광주 기아 챔피언스 필드,18:30,30.1
황동재,2024,Samsung,2024-07-13,@ Doosan,RP,,4.5,3.0,2,49,1,1,5,0,3,1,0,,Away,잠실 야구장,18:00,31.5
황동재,2024,Samsung,2024-07-10,vs. NC,RP,,0.0,0.0,2 ⅔,29,0,0,0,0,2,0,0,,Home,대구 삼성 라이온즈 파크,18:30,25.8
황동재,2024,Samsung,2024-06-30,@ KT,SP,,1.8,0.8,5,72,1,1,3,0,4,1,0,60.0,Away,수원 KT 위즈파크,17:00,26.3
황동재,2023,Samsung,2023-10-10,@ Kiwoom,SP,,3.6,1.4,5,100,3,2,5,0,3,2,0,48.0,Away,고척 스카이돔,18:30,25.5
황동재,2023,Samsung,2023-10-03,@ Lotte,SP,L,20.25,3.5,4,101,9,9,12,0,5,2,1,4.0,Away,사직 야구장,18:30,19.5
황동재,2023,Samsung,2023-09-27,@ Hanwha,SP,L,3.86,1.93,4 ⅔,93,2,2,6,1,5,3,0,46.0,Away,대전 한화생명 볼파크,18:30,24.2
황동재,2023,Samsung,2023-09-19,@ KT,SP,L,10.8,2.4,3 ⅓,80,4,4,4,2,3,4,0,35.0,Away,수원 KT 위즈파크,18:30,26.6
황동재,2023,Samsung,2023-07-05,vs. Doosan,SP,L,6.75,2.25,4,88,3,3,3,0,3,6,0,41.0,Home,대구 삼성 라이온즈 파크,18:30,28.7
황동재,2023,Samsung,2023-06-15,@ LG,SP,,1.8,1.0,5,67,1,1,4,1,4,1,0,58.0,Away,잠실 야구장,18:30,26.9
황동재,2023,Samsung,2023-06-08,vs. NC,SP,L,6.35,1.59,5 ⅔,110,5,4,6,2,4,3,1,39.0,Home,대구 삼성 라이온즈 파크,18:30,24.1
황동재,2022,Samsung,2022-09-22,vs. KT,SP,,7.2,2.0,5,98,4,4,7,0,4,3,0,38.0,Home,대구 삼성 라이온즈 파크,18:30,23.4
황동재,2022,Samsung,2022-08-13,@ KT,SP,L,12.6,2.6,5,108,7,7,9,1,2,4,0,19.0,Away,수원 KT 위즈파크,18:00,29.4
황동재,2022,Samsung,2022-08-05,@ SSG,SP,,1.59,0.88,5 ⅔,97,1,1,3,0,6,2,0,63.0,Away,인천 SSG 랜더스필드,18:30,31.2
황동재,2022,Samsung,2022-07-29,vs. Lotte,SP,,9.0,1.8,5,82,5,5,8,1,4,1,0,34.0,Home,대구 삼성 라이온즈 파크,18:30,31.9
황동재,2022,Samsung,2022-06-28,vs. KT,RP,,54.0,8.25,1 ⅓,71,8,8,8,0,0,3,0,,Home,대구 삼성 라이온즈 파크,18:30,26.9
황동재,2022,Samsung,2022-06-24,@ Hanwha,RP,,0.0,3.0,1,27,0,0,2,0,2,1,0,,Away,대전 한화생명 볼파크,18:30,27.6
황동재,2022,Samsung,2022-06-10,vs. NC,SP,L,19.64,3.0,3 ⅔,90,9,8,8,0,2,3,0,10.0,Home,대구 삼성 라이온즈 파크,18:30,22.4
황동재,2022,Samsung,2022-06-04,vs. Doosan,SP,L,13.5,3.38,2 ⅔,81,7,4,6,2,3,3,0,24.0,Home,대구 삼성 라이온즈 파크,17:00,23.1
황동재,2022,Samsung,2022-05-29,@ LG,SP,,12.0,3.33,3,71,4,4,6,2,1,4,0,28.0,Away,잠실 야구장,14:00,28.1
황동재,2022,Samsung,2022-05-24,vs. Kia,SP,,3.18,1.06,5 ⅔,95,2,2,4,1,4,2,0,55.0,Home,대구 삼성 라이온즈 파크,18:30,24.1
황동재,2022,Samsung,2022-05-18,@ Hanwha,SP,,4.05,0.9,6 ⅔,102,3,3,5,1,9,1,0,60.0,Away,대전 한화생명 볼파크,18:30,25.5
황동재,2022,Samsung,2022-05-11,vs. SSG,SP,,5.4,1.0,5,102,3,3,5,1,6,0,0,51.0,Home,대구 삼성 라이온즈 파크,18:30,19.4
황동재,2022,Samsung,2022-05-05,vs. NC,SP,W,1.35,0.9,6 ⅔,90,1,1,5,0,3,1,0,62.0,Home,대구 삼성 라이온즈 파크,14:00,20.6
황동재,2022,Samsung,2022-04-29,@ Kia,SP,,0.0,2.31,4 ⅓,97,2,0,7,0,2,3,0,44.0,Away,광주 기아 챔피언스 필드,18:30,17.4
황동재,2022,Samsung,2022-04-23,vs. Lotte,SP,,3.6,1.2,5,80,2,2,6,0,4,0,0,51.0,Home,대구 삼성 라이온즈 파크,17:00,17.7
황동재,2022,Samsung,2022-04-09,vs. Kiwoom,RP,,0.0,3.0,0 ⅔,23,0,0,2,0,1,0,0,,Home,대구 삼성 라이온즈 파크,17:00,19.3
황동재,2020,Samsung,2020-05-23,vs. Doosan,RP,,54.0,9.0,1 ⅓,50,8,8,8,1,3,4,0,,Home,대구 삼성 라이온즈 파크,17:00,20.0
김재윤,2024,Samsung,2024-09-25,vs. Kiwoom,RP,SV,0.0,2.0,1,15,0,0,2,0,1,0,0,,Home,대구 삼성 라이온즈 파크,18:30,26.2
김재윤,2024,Samsung,2024-09-22,vs. Kiwoom,RP,SV,0.0,3.0,0 ⅓,9,0,0,1,0,1,0,0,,Home,대구 삼성 라이온즈 파크,14:00,25.7
김재윤,2024,Samsung,2024-09-18,@ KT,RP,SV,9.0,2.0,1,10,1,1,2,1,0,0,0,,Away,수원 KT 위즈파크,18:30,32.3
김재윤,2024,Samsung,2024-09-15,@ SSG,RP,,40.5,4.5,0 ⅔,13,3,3,3,1,0,0,0,,Away,인천 SSG 랜더스필드,14:00,32.0
김재윤,2024,Samsung,2024-09-04,vs. Doosan,RP,SV,0.0,1.0,1,12,0,0,1,0,1,0,0,,Home,대구 삼성 라이온즈 파크,18:30,28.5
김재윤,2024,Samsung,2024-09-03,vs. Lotte,RP,SV,0.0,0.0,1 ⅓,10,0,0,0,0,0,0,0,,Home,대구 삼성 라이온즈 파크,18:30,27.1
김재윤,2024,Samsung,2024-08-29,@ Kiwoom,RP,SV,0.0,0.0,1,17,0,0,0,0,0,0,0,,Away,고척 스카이돔,18:30,25.5
김재윤,2024,Samsung,2024-08-28,@ Kiwoom,RP,,0.0,0.0,1,18,0,0,0,0,1,0,0,,Away,고척 스카이돔,18:30,25.5
김재윤,2024,Samsung,2024-08-23,vs. Lotte,RP,SV,0.0,0.0,1,11,0,0,0,0,2,0,0,,Home,대구 삼성 라이온즈 파크,18:30,31.8
김재윤,2024,Samsung,2024-08-20,vs. Doosan,RP,SV,0.0,0.0,1,11,0,0,0,0,0,0,0,,Home,대구 삼성 라이온즈 파크,18:30,31.4
김재윤,2024,Samsung,2024-08-18,@ NC,RP,,18.0,4.0,1,21,2,2,4,0,1,0,0,,Away,창원 NC 파크,17:00,31.7
김재윤,2024,Samsung,2024-08-17,@ NC,RP,SV,0.0,1.0,1,15,0,0,1,0,1,0,0,,Away,창원 NC 파크,18:00,31.1
김재윤,2024,Samsung,2024-08-14,vs. KT,RP,SV,0.0,1.0,1,15,0,0,1,0,0,0,0,,Home,대구 삼성 라이온즈 파크,18:30,31.9
김재윤,2024,Samsung,2024-08-11,@ Kia,RP,,0.0,0.0,2,29,0,0,0,0,2,0,0,,Away,광주 기아 챔피언스 필드,17:00,32.2
김재윤,2024,Samsung,2024-08-09,@ Kia,RP,H,9.0,2.0,1,15,1,1,2,0,0,0,0,,Away,광주 기아 챔피언스 필드,18:30,30.0
김재윤,2024,Samsung,2024-08-07,vs. Hanwha,RP,H,0.0,1.0,1,20,0,0,0,0,2,1,0,,Home,대구 삼성 라이온즈 파크,18:30,32.7
김재윤,2024,Samsung,2024-08-04,vs. SSG,RP,,0.0,0.0,1,15,0,0,0,0,1,0,0,,Home,대구 삼성 라이온즈 파크,17:00,32.8
김재윤,2024,Samsung,2024-07-28,vs. KT,RP,L,9.0,2.0,1,19,1,1,2,1,2,0,0,,Home,대구 삼성 라이온즈 파크,17:00,33.1
김재윤,2024,Samsung,2024-07-27,vs. KT,RP,H,13.5,1.5,0 ⅔,6,1,1,1,1,0,0,0,,Home,대구 삼성 라이온즈 파크,18:00,31.3
김재윤,2024,Samsung,2024-07-23,@ Hanwha,RP,L,0.0,3.0,0 ⅔,24,2,0,1,0,1,1,0,,Away,대전 한화생명 볼파크,18:30,29.7
김재윤,2024,Samsung,2024-07-21,vs. Lotte,RP,,0.0,1.0,1,21,1,0,0,0,0,1,1,,Home,대구 삼성 라이온즈 파크,17:00,31.6
김재윤,2024,Samsung,2024-07-19,vs. Lotte,RP,,0.0,1.0,1,15,1,0,1,0,1,0,0,,Home,대구 삼성 라이온즈 파크,18:30,28.3
김재윤,2024,Samsung,2024-07-14,@ Doosan,RP,H,0.0,0.0,1,11,0,0,0,0,1,0,0,,Away,잠실 야구장,17:00,32.1
김재윤,2024,Samsung,2024-07-12,@ Doosan,RP,H,4.5,0.5,2,19,1,1,1,0,2,0,0,,Away,잠실 야구장,18:30,30.5
김재윤,2024,Samsung,2024-07-11,vs. NC,RP,H,0.0,1.5,0 ⅔,13,0,0,0,0,1,1,0,,Home,대구 삼성 라이온즈 파크,18:30,25.6
김재윤,2024,Samsung,2024-07-04,vs. Kia,RP,H,0.0,1.5,0 ⅔,12,0,0,1,0,1,0,0,,Home,대구 삼성 라이온즈 파크,18:30,30.1
김재윤,2024,Samsung,2024-07-02,vs. Kia,RP,L,81.0,9.0,0 ⅓,19,4,3,3,1,0,0,0,,Home,대구 삼성 라이온즈 파크,18:30,27.0
김재윤,2024,Samsung,2024-06-30,@ KT,RP,L,9.0,1.0,1,15,1,1,1,1,2,0,0,,Away,수원 KT 위즈파크,17:00,26.3
김재윤,2024,Samsung,2024-06-27,@ LG,RP,H,13.5,1.5,0 ⅔,8,1,1,1,0,1,0,0,,Away,잠실 야구장,18:30,29.1
김재윤,2024,Samsung,2024-06-26,@ LG,RP,,0.0,,0,5,0,0,0,0,0,1,0,,Away,잠실 야구장,18:30,28.6
김재윤,2024,Samsung,2024-06-23,vs. Doosan,RP,W,18.0,4.0,1,24,2,2,3,1,0,1,0,,Home,대구 삼성 라이온즈 파크,17:00,26.5
김재윤,2024,Samsung,2024-06-20,vs. SSG,RP,H,0.0,0.0,1,17,0,0,0,0,1,0,0,,Home,대구 삼성 라이온즈 파크,18:30,25.4
김재윤,2024,Samsung,2024-06-15,@ NC,RP,,0.0,1.0,1,20,0,0,0,0,0,1,0,,Away,창원 NC 파크,17:00,29.9
김재윤,2024,Samsung,2024-06-14,@ NC,RP,H,0.0,0.0,1,10,0,0,0,0,1,0,0,,Away,창원 NC 파크,18:30,27.5
김재윤,2024,Samsung,2024-06-11,vs. LG,RP,H,13.5,4.5,0 ⅔,21,1,1,2,1,1,1,0,,Home,대구 삼성 라이온즈 파크,18:30,24.2
김재윤,2024,Samsung,2024-06-09,@ Kiwoom,RP,,0.0,0.0,0 ⅓,4,0,0,0,0,0,0,0,,Away,고척 스카이돔,14:00,25.5
김재윤,2024,Samsung,2024-06-07,@ Kiwoom,RP,,0.0,3.0,1,19,0,0,2,0,0,1,0,,Away,고척 스카이돔,18:30,25.5
김재윤,2024,Samsung,2024-06-04,@ SSG,RP,H,0.0,1.0,1,16,0,0,1,0,0,0,0,,Away,인천 SSG 랜더스필드,18:30,23.8
김재윤,2024,Samsung,2024-06-02,vs. Hanwha,RP,SV,0.0,1.0,1,19,0,0,1,0,2,0,0,,Home,대구 삼성 라이온즈 파크,17:00,21.6
김재윤,2024,Samsung,2024-05-31,vs. Hanwha,RP,H,9.0,2.0,1,20,1,1,1,0,1,1,0,,Home,대구 삼성 라이온즈 파크,18:30,21.8
김재윤,2024,Samsung,2024-05-30,vs. Kiwoom,RP,H,0.0,0.0,1,17,0,0,0,0,0,0,0,,Home,대구 삼성 라이온즈 파크,18:30,20.5
김재윤,2024,Samsung,2024-05-25,@ Lotte,RP,L,18.0,2.0,1,26,2,2,2,2,2,0,0,,Away,사직 야구장,17:00,21.3
김재윤,2024,Samsung,2024-05-24,@ Lotte,RP,H,0.0,0.0,0 ⅓,2,0,0,0,0,0,0,0,,Away,사직 야구장,18:30,19.9
김재윤,2024,Samsung,2024-05-21,vs. KT,RP,L,5.4,1.8,1 ⅔,31,3,1,1,0,1,2,0,,Home,대구 삼성 라이온즈 파크,18:30,19.0
김재윤,2024,Samsung,2024-05-18,vs. Hanwha,RP,W,0.0,0.75,1 ⅓,18,0,0,1,0,0,0,0,,Home,대구 삼성 라이온즈 파크,17:00,22.1
김재윤,2024,Samsung,2024-05-16,@ SSG,RP,,0.0,4.5,0 ⅔,23,0,0,1,0,1,2,0,,Away,인천 SSG 랜더스필드,18:30,16.0
김재윤,2024,Samsung,2024-05-12,@ NC,RP,H,0.0,2.0,1,18,0,0,2,0,2,0,0,,Away,창원 NC 파크,14:00,21.8
김재윤,2024,Samsung,2024-05-11,@ NC,RP,H,0.0,1.0,1,14,0,0,1,0,0,0,0,,Away,창원 NC 파크,17:00,21.5
김재윤,2024,Samsung,2024-05-08,vs. Kia,RP,H,6.75,0.75,1 ⅓,23,1,1,1,1,1,0,0,,Home,대구 삼성 라이온즈 파크,18:30,14.3
김재윤,2024,Samsung,2024-05-03,vs. Lotte,RP,L,18.0,2.0,1,16,2,2,2,1,0,0,0,,Home,대구 삼성 라이온즈 파크,18:30,20.0
김재윤,2024,Samsung,2024-05-02,@ Doosan,RP,H,9.0,1.0,1,11,1,1,1,0,1,0,0,,Away,잠실 야구장,18:30,21.7
김재윤,2024,Samsung,2024-04-26,@ Kiwoom,RP,H,0.0,1.0,1,22,0,0,1,0,2,0,0,,Away,고척 스카이돔,18:30,25.5
김재윤,2024,Samsung,2024-04-21,@ Hanwha,RP,H,0.0,0.0,1,16,0,0,0,0,1,0,0,,Away,대전 한화생명 볼파크,14:00,17.2
김재윤,2024,Samsung,2024-04-20,@ Hanwha,RP,H,0.0,1.5,1 ⅓,26,0,0,1,0,1,1,0,,Away,대전 한화생명 볼파크,17:00,14.4
김재윤,2024,Samsung,2024-04-16,vs. Doosan,RP,H,0.0,0.0,1 ⅓,17,0,0,0,0,1,0,0,,Home,대구 삼성 라이온즈 파크,18:30,18.7
김재윤,2024,Samsung,2024-04-14,vs. NC,RP,H,0.0,0.0,0 ⅓,2,0,0,0,0,0,0,0,,Home,대구 삼성 라이온즈 파크,14:00,23.0
김재윤,2024,Samsung,2024-04-13,vs. NC,RP,L,27.0,4.0,1,21,3,3,3,0,0,1,0,,Home,대구 삼성 라이온즈 파크,17:00,21.0
김재윤,2024,Samsung,2024-04-10,@ Lotte,RP,W,0.0,0.0,2,27,0,0,0,0,1,0,0,,Away,사직 야구장,18:30,13.1
김재윤,2024,Samsung,2024-04-07,@ Kia,RP,H,0.0,0.75,1 ⅓,29,0,0,0,0,2,1,0,,Away,광주 기아 챔피언스 필드,14:00,24.5
김재윤,2024,Samsung,2024-04-06,@ Kia,RP,W,0.0,1.5,1 ⅓,26,0,0,1,0,0,1,0,,Away,광주 기아 챔피언스 필드,17:00,19.2
김재윤,2024,Samsung,2024-03-31,vs. SSG,RP,,0.0,1.0,2,18,0,0,0,0,0,2,0,,Home,대구 삼성 라이온즈 파크,14:00,15.1
김재윤,2024,Samsung,2024-03-30,vs. SSG,RP,,0.0,2.0,1,25,0,0,0,0,1,2,0,,Home,대구 삼성 라이온즈 파크,17:00,15.6
김재윤,2024,Samsung,2024-03-27,@ LG,RP,,0.0,0.0,2,21,0,0,0,0,3,0,0,,Away,잠실 야구장,18:30,13.1
김재윤,2024,Samsung,2024-03-26,@ LG,RP,,9.0,1.0,1,11,1,1,1,1,0,0,0,,Away,잠실 야구장,18:30,10.9
김재윤,2024,Samsung,2024-03-23,@ KT,RP,,0.0,3.0,1,19,0,0,0,0,0,3,0,,Away,수원 KT 위즈파크,14:00,18.1
김재윤,2023,KT,2023-10-10,vs. Doosan,RP,W,18.0,3.0,1,23,2,2,2,0,2,1,0,,Home,수원 KT 위즈파크,18:30,18.3
김재윤,2023,KT,2023-10-05,vs. Kia,RP,SV,0.0,0.0,1,6,0,0,0,0,0,0,0,,Home,수원 KT 위즈파크,18:30,16.3
김재윤,2023,KT,2023-10-04,vs. Kia,RP,SV,0.0,1.0,1,11,0,0,1,0,0,0,0,,Home,수원 KT 위즈파크,18:30,20.4
김재윤,2023,KT,2023-10-03,vs. Kia,RP,L,27.0,3.0,0 ⅔,7,2,2,2,0,0,0,0,,Home,수원 KT 위즈파크,18:30,21.0
김재윤,2023,KT,2023-10-01,vs. Kiwoom,RP,SV,0.0,2.25,1 ⅓,27,0,0,3,0,2,0,0,,Home,수원 KT 위즈파크,14:00,22.3
김재윤,2023,KT,2023-09-27,@ LG,RP,,0.0,1.0,1,14,0,0,1,0,1,0,0,,Away,잠실 야구장,18:30,25.0
김재윤,2023,KT,2023-09-24,@ Kia,RP,SV,9.0,3.0,1,22,1,1,3,0,1,0,0,,Away,광주 기아 챔피언스 필드,14:00,26.7
김재윤,2023,KT,2023-09-23,@ Kia,RP,SV,0.0,1.5,0 ⅔,15,0,0,1,0,1,0,0,,Away,광주 기아 챔피언스 필드,17:00,24.6
김재윤,2023,KT,2023-09-17,@ Hanwha,RP,SV,0.0,2.0,1,21,0,0,2,0,3,0,0,,Away,대전 한화생명 볼파크,14:00,29.3
김재윤,2023,KT,2023-09-12,@ SSG,RP,SV,0.0,0.0,1,5,0,0,0,0,0,0,0,,Away,인천 SSG 랜더스필드,18:30,27.8
김재윤,2023,KT,2023-09-10,vs. SSG,RP,L,81.0,9.0,0 ⅓,14,3,3,3,1,0,0,0,,Home,수원 KT 위즈파크,14:00,28.7
김재윤,2023,KT,2023-09-09,vs. SSG,RP,,0.0,0.33,3,31,0,0,1,0,4,0,0,,Home,수원 KT 위즈파크,17:00,28.9
김재윤,2023,KT,2023-08-31,vs. Samsung,RP,SV,0.0,0.75,1 ⅓,10,0,0,1,0,0,0,0,,Home,수원 KT 위즈파크,18:30,26.5
김재윤,2023,KT,2023-08-27,@ Lotte,RP,SV,0.0,0.0,1,17,0,0,0,0,1,0,0,,Away,사직 야구장,17:00,30.3
김재윤,2023,KT,2023-08-25,@ Lotte,RP,SV,0.0,2.0,1,31,0,0,1,0,0,1,0,,Away,사직 야구장,18:30,29.6
김재윤,2023,KT,2023-08-24,vs. Kia,RP,L,54.0,6.0,0 ⅔,27,4,4,2,0,1,2,0,,Home,수원 KT 위즈파크,18:30,30.0
김재윤,2023,KT,2023-08-22,vs. Kia,RP,,0.0,1.0,1,25,0,0,1,0,2,0,0,,Home,수원 KT 위즈파크,18:30,30.5
김재윤,2023,KT,2023-08-20,@ Hanwha,RP,SV,0.0,0.0,1,10,0,0,0,0,0,0,0,,Away,대전 한화생명 볼파크,17:00,32.9
김재윤,2023,KT,2023-08-19,@ Hanwha,RP,W,0.0,0.0,2,28,0,0,0,0,2,0,0,,Away,대전 한화생명 볼파크,18:00,32.4
김재윤,2023,KT,2023-08-16,@ Doosan,RP,SV,0.0,0.0,0 ⅔,18,0,0,0,0,2,0,0,,Away,잠실 야구장,18:30,30.3
김재윤,2023,KT,2023-08-15,@ Doosan,RP,SV,0.0,0.0,1,13,0,0,0,0,1,0,0,,Away,잠실 야구장,18:30,31.4
김재윤,2023,KT,2023-08-13,vs. NC,RP,,0.0,0.75,1 ⅓,14,0,0,1,0,1,0,0,,Home,수원 KT 위즈파크,17:00,31.0
김재윤,2023,KT,2023-08-06,@ Doosan,RP,SV,0.0,0.0,1,13,0,0,0,0,1,0,0,,Away,잠실 야구장,17:00,30.3
김재윤,2023,KT,2023-08-03,vs. SSG,RP,SV,0.0,0.0,1,7,0,0,0,0,0,0,0,,Home,수원 KT 위즈파크,18:30,32.2
김재윤,2023,KT,2023-08-02,vs. SSG,RP,SV,0.0,1.0,1,13,0,0,1,0,0,0,0,,Home,수원 KT 위즈파크,18:30,31.6
김재윤,2023,KT,2023-07-30,@ NC,RP,SV,0.0,0.0,1,12,0,0,0,0,2,0,0,,Away,창원 NC 파크,17:00,32.4
김재윤,2023,KT,2023-07-26,vs. LG,RP,,0.0,2.0,1,11,0,0,1,0,0,1,0,,Home,수원 KT 위즈파크,18:30,29.0
김재윤,2023,KT,2023-07-25,vs. LG,RP,,9.0,3.0,1,16,1,1,3,0,0,0,0,,Home,수원 KT 위즈파크,18:30,29.7
김재윤,2023,KT,2023-07-23,@ Samsung,RP,SV,0.0,1.5,2,29,0,0,3,0,1,0,0,,Away,대구 삼성 라이온즈 파크,17:00,28.9
김재윤,2023,KT,2023-07-12,@ Kiwoom,RP,SV,0.0,2.0,1,22,0,0,1,0,0,1,1,,Away,고척 스카이돔,18:30,25.5
김재윤,2023,KT,2023-07-11,@ Kiwoom,RP,SV,0.0,0.0,1,8,0,0,0,0,1,0,0,,Away,고척 스카이돔,18:30,25.5
김재윤,2023,KT,2023-07-07,vs. Kia,RP,,0.0,,0,7,2,2,2,0,0,0,0,,Home,수원 KT 위즈파크,18:30,26.0
김재윤,2023,KT,2023-07-05,@ LG,RP,,0.0,1.0,1,18,0,0,1,0,0,0,0,,Away,잠실 야구장,18:30,27.5
김재윤,2023,KT,2023-07-01,vs. NC,RP,W,0.0,1.0,1,11,0,0,1,0,0,0,0,,Home,수원 KT 위즈파크,18:00,30.5
김재윤,2023,KT,2023-06-30,vs. NC,RP,SV,0.0,0.0,1,12,0,0,0,0,0,0,0,,Home,수원 KT 위즈파크,18:30,29.5
김재윤,2023,KT,2023-06-22,vs. Lotte,RP,SV,0.0,0.0,1 ⅓,19,0,0,0,0,1,0,0,,Home,수원 KT 위즈파크,18:30,24.5
김재윤,2023,KT,2023-06-20,vs. Lotte,RP,SV,0.0,0.0,1,14,0,0,0,0,2,0,0,,Home,수원 KT 위즈파크,18:30,25.2
김재윤,2023,KT,2023-06-17,vs. Samsung,RP,SV,0.0,3.0,1,28,2,0,3,0,0,0,0,,Home,수원 KT 위즈파크,17:00,25.1
김재윤,2023,KT,2023-06-16,vs. Samsung,RP,W,0.0,0.0,1,7,0,0,0,0,1,0,0,,Home,수원 KT 위즈파크,18:30,26.4
김재윤,2023,KT,2023-06-08,@ Lotte,RP,,4.5,2.0,2,32,1,1,3,0,3,1,0,,Away,사직 야구장,18:30,24.1
김재윤,2023,KT,2023-06-07,@ Lotte,RP,SV,0.0,0.0,1,15,0,0,0,0,1,0,0,,Away,사직 야구장,18:30,22.9
김재윤,2023,KT,2023-06-06,@ Lotte,RP,SV,0.0,0.0,1,11,0,0,0,0,2,0,0,,Away,사직 야구장,18:30,21.9
김재윤,2023,KT,2023-06-04,vs. Doosan,RP,SV,0.0,0.0,1,14,0,0,0,0,1,0,0,,Home,수원 KT 위즈파크,17:00,24.4
김재윤,2023,KT,2023-05-26,@ Samsung,RP,SV,0.0,0.0,1,10,0,0,0,0,2,0,0,,Away,대구 삼성 라이온즈 파크,18:30,19.9
김재윤,2023,KT,2023-05-25,vs. Kiwoom,RP,SV,0.0,1.0,1,19,0,0,1,0,1,0,0,,Home,수원 KT 위즈파크,18:30,21.9
김재윤,2023,KT,2023-05-24,vs. Kiwoom,RP,,9.0,3.0,1,21,1,1,2,0,1,1,0,,Home,수원 KT 위즈파크,18:30,22.5
김재윤,2023,KT,2023-05-21,vs. Doosan,RP,,0.0,0.0,1,9,0,0,0,0,1,0,0,,Home,수원 KT 위즈파크,14:00,20.0
김재윤,2023,KT,2023-05-16,@ LG,RP,,0.0,0.0,1,9,0,0,0,0,1,0,0,,Away,잠실 야구장,18:30,28.8
김재윤,2023,KT,2023-05-12,vs. Lotte,RP,W,0.0,1.0,1,24,0,0,0,0,0,1,0,,Home,수원 KT 위즈파크,18:30,22.3
김재윤,2023,KT,2023-05-10,vs. NC,RP,L,4.5,1.0,2,23,1,1,2,0,1,0,0,,Home,수원 KT 위즈파크,18:30,22.1
김재윤,2023,KT,2023-04-30,vs. Samsung,RP,L,5.4,1.8,1 ⅔,31,1,1,3,1,1,0,0,,Home,수원 KT 위즈파크,14:00,18.3
김재윤,2023,KT,2023-04-28,vs. Samsung,RP,,0.0,1.0,1,20,0,0,1,0,0,0,0,,Home,수원 KT 위즈파크,18:30,18.1
김재윤,2023,KT,2023-04-23,@ Doosan,RP,,0.0,2.0,1,23,0,0,1,0,2,1,0,,Away,잠실 야구장,14:00,22.0
김재윤,2023,KT,2023-04-19,vs. SSG,RP,SV,0.0,0.0,0 ⅓,1,0,0,0,0,0,0,0,,Home,수원 KT 위즈파크,18:30,20.9
김재윤,2023,KT,2023-04-18,vs. SSG,RP,SV,0.0,0.0,1,11,0,0,0,0,3,0,0,,Home,수원 KT 위즈파크,18:30,17.3
김재윤,2023,KT,2023-04-14,vs. Hanwha,RP,,0.0,0.5,2,32,0,0,0,0,3,1,0,,Home,수원 KT 위즈파크,18:30,19.5
김재윤,2023,KT,2023-04-13,@ NC,RP,SV,0.0,0.0,1 ⅓,11,0,0,0,0,1,0,0,,Away,창원 NC 파크,18:30,17.5
김재윤,2023,KT,2023-04-08,@ Lotte,RP,,0.0,0.75,1 ⅓,28,0,0,0,0,2,1,0,,Away,사직 야구장,17:00,16.3
김재윤,2023,KT,2023-04-02,vs. LG,RP,,0.0,0.6,1 ⅔,25,0,0,0,0,1,1,0,,Home,수원 KT 위즈파크,14:00,23.1
김재윤,2022,KT,2022-10-11,@ LG,RP,L,18.0,4.0,1,26,2,2,4,0,1,0,0,,Away,잠실 야구장,18:30,14.4
김재윤,2022,KT,2022-10-10,vs. NC,RP,SV,0.0,0.75,1 ⅓,18,0,0,1,0,2,0,0,,Home,수원 KT 위즈파크,18:30,10.2
김재윤,2022,KT,2022-10-05,vs. Samsung,RP,,0.0,1.0,1,20,0,0,1,0,2,0,0,,Home,수원 KT 위즈파크,18:30,17.3
김재윤,2022,KT,2022-09-29,@ LG,RP,SV,0.0,0.0,1,9,0,0,0,0,2,0,0,,Away,잠실 야구장,18:30,24.3
김재윤,2022,KT,2022-09-22,@ Samsung,RP,W,4.5,0.5,2,30,1,1,1,1,3,0,0,,Away,대구 삼성 라이온즈 파크,18:30,23.4
김재윤,2022,KT,2022-09-21,@ SSG,RP,SV,0.0,0.0,1,18,0,0,0,0,1,0,0,,Away,인천 SSG 랜더스필드,18:30,21.2
김재윤,2022,KT,2022-09-18,vs. Lotte,RP,SV,0.0,2.0,1,21,0,0,2,0,1,0,0,,Home,수원 KT 위즈파크,14:00,31.7
김재윤,2022,KT,2022-09-13,@ Hanwha,RP,SV,0.0,1.0,1,15,0,0,0,0,0,1,0,,Away,대전 한화생명 볼파크,18:30,26.8
김재윤,2022,KT,2022-09-10,@ Kiwoom,RP,SV,0.0,3.0,1,37,0,0,1,0,0,2,0,,Away,고척 스카이돔,17:00,25.5
김재윤,2022,KT,2022-09-07,vs. Hanwha,RP,SV,0.0,0.0,1,11,0,0,0,0,2,0,0,,Home,수원 KT 위즈파크,18:30,25.5
김재윤,2022,KT,2022-09-06,vs. Hanwha,RP,W,9.0,3.0,1,24,1,1,2,0,2,1,0,,Home,수원 KT 위즈파크,18:30,25.1
김재윤,2022,KT,2022-09-03,@ Kia,RP,,0.0,1.0,1,13,0,0,1,0,1,0,0,,Away,광주 기아 챔피언스 필드,17:00,28.5
김재윤,2022,KT,2022-09-01,vs. LG,RP,L,27.0,4.0,1,24,3,3,3,0,1,1,0,,Home,수원 KT 위즈파크,18:30,28.7
김재윤,2022,KT,2022-08-31,vs. Doosan,RP,SV,0.0,0.0,1,7,0,0,0,0,0,0,0,,Home,수원 KT 위즈파크,18:30,25.1
김재윤,2022,KT,2022-08-25,vs. SSG,RP,W,0.0,1.0,1,15,0,0,0,0,1,1,0,,Home,수원 KT 위즈파크,18:30,24.4
김재윤,2022,KT,2022-08-24,@ Doosan,RP,SV,0.0,0.0,0 ⅔,6,0,0,0,0,1,0,0,,Away,잠실 야구장,18:30,26.9
김재윤,2022,KT,2022-08-23,@ Doosan,RP,SV,0.0,0.0,1,6,0,0,0,0,0,0,0,,Away,잠실 야구장,18:30,29.0
김재윤,2022,KT,2022-08-19,@ Lotte,RP,SV,0.0,1.5,1 ⅓,24,0,0,1,0,1,1,0,,Away,사직 야구장,18:30,30.3
김재윤,2022,KT,2022-08-17,vs. Kiwoom,RP,W,0.0,1.0,1,18,0,0,1,0,2,0,0,,Home,수원 KT 위즈파크,18:30,28.1
김재윤,2022,KT,2022-08-16,vs. Kiwoom,RP,W,0.0,0.0,1,12,0,0,0,0,0,0,0,,Home,수원 KT 위즈파크,18:30,29.5
김재윤,2022,KT,2022-08-14,vs. Samsung,RP,W,0.0,0.0,2,30,0,0,0,0,3,0,0,,Home,수원 KT 위즈파크,17:00,29.8
김재윤,2022,KT,2022-08-12,@ SSG,RP,,0.0,0.0,1,8,0,0,0,0,1,0,0,,Away,인천 SSG 랜더스필드,18:30,29.1
김재윤,2022,KT,2022-08-07,vs. Hanwha,RP,,5.4,1.2,1 ⅔,24,1,1,2,0,1,0,0,,Home,수원 KT 위즈파크,17:00,32.4
김재윤,2022,KT,2022-08-06,vs. Hanwha,RP,SV,0.0,1.0,1,16,0,0,1,0,0,0,0,,Home,수원 KT 위즈파크,18:00,33.0
김재윤,2022,KT,2022-08-04,@ NC,RP,L,27.0,4.5,0 ⅔,20,2,2,1,0,1,2,0,,Away,창원 NC 파크,18:30,30.8
김재윤,2022,KT,2022-07-30,@ LG,RP,L,9.0,2.0,1,18,1,1,1,1,0,1,0,,Away,잠실 야구장,18:00,33.0
김재윤,2022,KT,2022-07-29,@ LG,RP,SV,18.0,2.0,1,24,2,2,1,1,2,1,0,,Away,잠실 야구장,18:30,33.5
김재윤,2022,KT,2022-07-24,@ Hanwha,RP,SV,0.0,0.0,1,12,0,0,0,0,2,0,0,,Away,대전 한화생명 볼파크,17:00,28.5
김재윤,2022,KT,2022-07-14,vs. Samsung,RP,SV,0.0,0.0,1 ⅓,19,0,0,0,0,4,0,0,,Home,수원 KT 위즈파크,18:30,28.5
김재윤,2022,KT,2022-07-12,vs. Samsung,RP,W,0.0,0.0,1,11,0,0,0,0,2,0,0,,Home,수원 KT 위즈파크,18:30,30.9
김재윤,2022,KT,2022-07-09,vs. Lotte,RP,SV,0.0,0.75,1 ⅓,20,0,0,1,0,3,0,0,,Home,수원 KT 위즈파크,18:00,30.4
김재윤,2022,KT,2022-07-08,vs. Lotte,RP,SV,0.0,0.0,1,9,0,0,0,0,0,0,0,,Home,수원 KT 위즈파크,18:30,30.2
김재윤,2022,KT,2022-07-01,vs. Doosan,RP,SV,0.0,0.0,0 ⅓,4,0,0,0,0,0,0,0,,Home,수원 KT 위즈파크,18:30,31.2
김재윤,2022,KT,2022-06-24,vs. LG,RP,SV,0.0,1.0,1,24,0,0,1,0,2,0,0,,Home,수원 KT 위즈파크,18:30,25.6
김재윤,2022,KT,2022-06-17,@ Doosan,RP,SV,0.0,0.0,1,16,0,0,0,0,1,0,0,,Away,잠실 야구장,18:30,27.3
김재윤,2022,KT,2022-06-15,vs. SSG,RP,SV,0.0,0.0,1,10,0,0,0,0,1,0,0,,Home,수원 KT 위즈파크,18:30,23.3
김재윤,2022,KT,2022-06-14,vs. SSG,RP,SV,0.0,0.0,1,9,0,0,0,0,1,0,0,,Home,수원 KT 위즈파크,18:30,20.8
김재윤,2022,KT,2022-06-05,vs. Kia,RP,,0.0,0.0,2,22,0,0,0,0,2,0,0,,Home,수원 KT 위즈파크,17:00,21.2
김재윤,2022,KT,2022-06-03,vs. Kia,RP,SV,0.0,0.0,1,8,0,0,0,0,2,0,0,,Home,수원 KT 위즈파크,18:30,25.5
김재윤,2022,KT,2022-05-31,@ SSG,RP,SV,9.0,1.0,1,13,1,1,1,1,1,0,0,,Away,인천 SSG 랜더스필드,18:30,20.6
김재윤,2022,KT,2022-05-29,vs. Hanwha,RP,,0.0,,0,10,3,3,2,0,0,1,0,,Home,수원 KT 위즈파크,14:00,26.6
김재윤,2022,KT,2022-05-28,vs. Hanwha,RP,,0.0,1.0,1,13,0,0,0,0,1,1,0,,Home,수원 KT 위즈파크,17:00,27.1
김재윤,2022,KT,2022-05-25,@ NC,RP,SV,0.0,0.0,1,6,0,0,0,0,0,0,0,,Away,창원 NC 파크,18:30,23.5
김재윤,2022,KT,2022-05-24,@ NC,RP,L,18.0,6.0,1,24,2,2,3,0,1,3,0,,Away,창원 NC 파크,18:30,25.6
김재윤,2022,KT,2022-05-21,@ Samsung,RP,W,0.0,0.0,1 ⅔,24,0,0,0,0,2,0,0,,Away,대구 삼성 라이온즈 파크,17:00,23.3
김재윤,2022,KT,2022-05-20,@ Samsung,RP,,0.0,0.0,1,11,0,0,0,0,0,0,0,,Away,대구 삼성 라이온즈 파크,18:30,21.1
김재윤,2022,KT,2022-05-17,vs. LG,RP,W,0.0,0.0,1,10,0,0,0,0,0,0,0,,Home,수원 KT 위즈파크,18:30,23.5
김재윤,2022,KT,2022-05-15,vs. Kiwoom,RP,,0.0,1.2,1 ⅔,26,0,0,1,0,4,1,0,,Home,수원 KT 위즈파크,14:00,20.3
김재윤,2022,KT,2022-05-10,@ Kia,RP,L,0.0,6.0,0 ⅔,26,1,0,2,0,1,2,0,,Away,광주 기아 챔피언스 필드,18:30,21.1
김재윤,2022,KT,2022-05-08,@ Doosan,RP,,0.0,0.0,1,11,0,0,0,0,1,0,0,,Away,잠실 야구장,14:00,17.8
김재윤,2022,KT,2022-05-03,vs. Lotte,RP,SV,0.0,0.75,1 ⅓,15,0,0,1,0,0,0,0,,Home,수원 KT 위즈파크,18:30,18.8
김재윤,2022,KT,2022-04-28,vs. Kia,RP,SV,0.0,0.0,1,13,0,0,0,0,1,0,0,,Home,수원 KT 위즈파크,18:30,16.7
김재윤,2022,KT,2022-04-27,vs. Kia,RP,SV,0.0,1.5,1 ⅓,26,0,0,1,0,3,1,0,,Home,수원 KT 위즈파크,18:30,17.9
김재윤,2022,KT,2022-04-23,vs. NC,RP,SV,9.0,1.0,1,12,1,1,1,1,2,0,0,,Home,수원 KT 위즈파크,17:00,24.7
김재윤,2022,KT,2022-04-22,vs. NC,RP,SV,0.0,1.5,1 ⅓,21,0,0,2,0,3,0,0,,Home,수원 KT 위즈파크,18:30,15.2
김재윤,2022,KT,2022-04-20,@ LG,RP,SV,0.0,0.75,1 ⅓,17,0,0,0,0,1,1,0,,Away,잠실 야구장,18:30,20.2
김재윤,2022,KT,2022-04-17,@ Lotte,RP,,0.0,0.0,2,20,0,0,0,0,1,0,0,,Away,사직 야구장,14:00,19.1
김재윤,2022,KT,2022-04-14,vs. Doosan,RP,,0.0,2.0,1,18,0,0,2,0,2,0,0,,Home,수원 KT 위즈파크,18:30,13.7
김재윤,2022,KT,2022-04-08,@ Hanwha,RP,SV,0.0,0.0,1,9,0,0,0,0,2,0,0,,Away,대전 한화생명 볼파크,18:30,20.8
김재윤,2022,KT,2022-04-03,vs. Samsung,RP,L,108.0,12.0,0 ⅓,27,5,4,4,0,0,0,0,,Home,수원 KT 위즈파크,14:00,15.5
김재윤,2022,KT,2022-04-02,vs. Samsung,RP,SV,0.0,0.0,1,10,0,0,0,0,1,0,0,,Home,수원 KT 위즈파크,14:00,13.7
김재윤,2021,KT,2021-10-30,@ SSG,RP,,0.0,2.0,1,21,0,0,2,0,1,0,0,,Away,인천 SSG 랜더스필드,17:00,17.3
김재윤,2021,KT,2021-10-28,vs. NC,RP,SV,0.0,0.0,1,10,0,0,0,0,2,0,0,,Home,수원 KT 위즈파크,18:30,16.2
김재윤,2021,KT,2021-10-28,vs. NC,RP,,0.0,0.0,1 ⅔,17,0,0,0,0,3,0,0,,Home,수원 KT 위즈파크,18:30,16.2
김재윤,2021,KT,2021-10-24,vs. Kiwoom,RP,SV,0.0,0.0,1 ⅔,14,0,0,0,0,1,0,0,,Home,수원 KT 위즈파크,14:00,17.4
김재윤,2021,KT,2021-10-22,@ Samsung,RP,,0.0,0.0,1,9,0,0,0,0,0,0,0,,Away,대구 삼성 라이온즈 파크,18:30,14.6
김재윤,2021,KT,2021-10-17,vs. Hanwha,RP,,0.0,0.0,1 ⅓,15,0,0,0,0,2,0,0,,Home,수원 KT 위즈파크,14:00,8.4
김재윤,2021,KT,2021-10-15,vs. Kia,RP,,0.0,1.5,0 ⅔,6,0,0,1,0,0,0,0,,Home,수원 KT 위즈파크,18:30,20.4
김재윤,2021,KT,2021-10-14,@ Doosan,RP,,0.0,1.0,1,17,0,0,1,0,1,0,0,,Away,잠실 야구장,18:30,20.6
김재윤,2021,KT,2021-10-11,@ LG,RP,SV,0.0,1.0,1,16,0,0,0,0,2,1,0,,Away,잠실 야구장,18:30,16.7
김재윤,2021,KT,2021-10-05,vs. NC,RP,,13.5,4.5,0 ⅔,22,2,1,3,0,0,0,0,,Home,수원 KT 위즈파크,18:30,25.2
김재윤,2021,KT,2021-10-03,@ SSG,RP,SV,0.0,1.0,1,18,0,0,1,0,2,0,0,,Away,인천 SSG 랜더스필드,14:00,26.6
김재윤,2021,KT,2021-10-02,@ SSG,RP,,0.0,3.0,0 ⅔,16,0,0,1,0,0,1,0,,Away,인천 SSG 랜더스필드,17:00,24.0
김재윤,2021,KT,2021-10-01,@ Lotte,RP,,0.0,0.0,1 ⅔,17,0,0,0,0,1,0,0,,Away,사직 야구장,18:30,23.1
김재윤,2021,KT,2021-09-28,vs. Doosan,RP,,0.0,0.0,1,7,0,0,0,0,0,0,0,,Home,수원 KT 위즈파크,18:30,23.9
김재윤,2021,KT,2021-09-23,vs. Hanwha,RP,SV,9.0,2.0,1,17,1,1,2,0,1,0,0,,Home,수원 KT 위즈파크,18:30,23.4
김재윤,2021,KT,2021-09-16,vs. Lotte,RP,SV,0.0,1.0,1,20,0,0,0,0,2,1,0,,Home,수원 KT 위즈파크,18:30,25.6
김재윤,2021,KT,2021-09-14,@ Doosan,RP,SV,0.0,0.0,1,15,0,0,0,0,0,0,0,,Away,잠실 야구장,18:30,27.8
김재윤,2021,KT,2021-09-11,vs. SSG,RP,,0.0,,0,6,1,1,2,1,0,0,0,,Home,수원 KT 위즈파크,17:00,29.1
김재윤,2021,KT,2021-09-09,@ Samsung,RP,L,20.25,2.25,1 ⅓,32,3,3,2,1,0,1,0,,Away,대구 삼성 라이온즈 파크,18:30,26.1
김재윤,2021,KT,2021-09-08,vs. Kia,RP,,0.0,2.0,1,3,0,0,1,0,0,1,0,,Home,수원 KT 위즈파크,18:30,25.4
김재윤,2021,KT,2021-09-02,@ Kiwoom,RP,,0.0,4.5,0 ⅔,18,0,0,1,0,1,2,0,,Away,고척 스카이돔,18:30,25.5
김재윤,2021,KT,2021-08-28,vs. Samsung,RP,,0.0,1.5,0 ⅔,12,0,0,1,0,1,0,0,,Home,수원 KT 위즈파크,18:00,27.0
김재윤,2021,KT,2021-08-27,vs. SSG,RP,SV,9.0,2.0,1,17,1,1,2,0,1,0,0,,Home,수원 KT 위즈파크,18:30,24.5
김재윤,2021,KT,2021-08-22,@ Lotte,RP,SV,9.0,2.0,1,22,1,1,1,0,1,1,0,,Away,사직 야구장,17:00,29.3
김재윤,2021,KT,2021-08-20,@ Lotte,RP,SV,9.0,3.0,1,17,1,1,3,0,1,0,0,,Away,사직 야구장,18:30,29.0
김재윤,2021,KT,2021-08-19,vs. LG,RP,L,9.0,2.0,1,15,1,1,2,0,1,0,0,,Home,수원 KT 위즈파크,18:30,29.2
김재윤,2021,KT,2021-08-15,vs. Samsung,RP,SV,0.0,0.0,1,6,0,0,0,0,1,0,0,,Home,수원 KT 위즈파크,17:00,30.4
김재윤,2021,KT,2021-08-13,vs. Samsung,RP,SV,0.0,0.0,1 ⅓,27,0,0,0,0,3,0,0,,Home,수원 KT 위즈파크,18:30,29.8
김재윤,2021,KT,2021-08-12,@ Kiwoom,RP,,0.0,0.0,0 ⅓,3,0,0,0,0,0,0,0,,Away,고척 스카이돔,18:30,25.5
김재윤,2021,KT,2021-07-11,@ Kia,RP,,0.0,0.0,1,9,0,0,0,0,1,0,0,,Away,광주 기아 챔피언스 필드,17:00,32.3
김재윤,2021,KT,2021-07-08,@ Samsung,RP,SV,9.0,1.0,1,17,1,1,1,1,1,0,0,,Away,대구 삼성 라이온즈 파크,18:30,25.3
김재윤,2021,KT,2021-07-02,vs. Kiwoom,RP,SV,0.0,2.0,1,19,0,0,2,0,2,0,0,,Home,수원 KT 위즈파크,18:30,30.1
김재윤,2021,KT,2021-06-30,@ LG,RP,SV,0.0,0.0,0 ⅓,5,0,0,0,0,0,0,0,,Away,잠실 야구장,18:30,28.5
김재윤,2021,KT,2021-06-24,vs. Kia,RP,SV,0.0,0.0,1,11,0,0,0,0,2,0,0,,Home,수원 KT 위즈파크,18:30,26.1
김재윤,2021,KT,2021-06-22,vs. Kia,RP,SV,0.0,1.5,1 ⅓,28,0,0,0,0,4,2,0,,Home,수원 KT 위즈파크,18:30,26.5
김재윤,2021,KT,2021-06-20,vs. Doosan,RP,SV,0.0,0.0,1,14,0,0,0,0,0,0,0,,Home,수원 KT 위즈파크,17:00,27.6
김재윤,2021,KT,2021-06-19,vs. Doosan,RP,SV,0.0,0.0,1,11,0,0,0,0,1,0,0,,Home,수원 KT 위즈파크,17:00,26.7
김재윤,2021,KT,2021-06-16,@ NC,RP,,0.0,0.0,1,10,0,0,0,0,2,0,0,,Away,창원 NC 파크,18:30,23.1
김재윤,2021,KT,2021-06-13,vs. Hanwha,RP,SV,0.0,1.0,1,14,0,0,1,0,1,0,0,,Home,수원 KT 위즈파크,17:00,27.4
김재윤,2021,KT,2021-06-11,vs. Hanwha,RP,W,0.0,1.0,2,27,0,0,1,0,3,1,0,,Home,수원 KT 위즈파크,18:30,26.0
김재윤,2021,KT,2021-06-09,@ SSG,RP,,0.0,0.0,1,9,0,0,0,0,0,0,0,,Away,인천 SSG 랜더스필드,18:30,27.6
김재윤,2021,KT,2021-06-08,@ SSG,RP,SV,0.0,0.0,1 ⅓,16,0,0,0,0,3,0,0,,Away,인천 SSG 랜더스필드,18:30,24.2
김재윤,2021,KT,2021-06-06,vs. Lotte,RP,,18.0,4.0,1,21,2,2,4,1,1,0,0,,Home,수원 KT 위즈파크,17:00,27.2
김재윤,2021,KT,2021-06-05,vs. Lotte,RP,,9.0,2.0,1,27,1,1,2,0,1,0,0,,Home,수원 KT 위즈파크,17:00,25.1
김재윤,2021,KT,2021-05-30,@ Kia,RP,SV,0.0,0.0,1,10,0,0,0,0,0,0,0,,Away,광주 기아 챔피언스 필드,14:00,28.7
김재윤,2021,KT,2021-05-29,@ Kia,RP,SV,0.0,2.0,1,12,0,0,2,0,1,0,0,,Away,광주 기아 챔피언스 필드,17:00,24.4
김재윤,2021,KT,2021-05-27,vs. SSG,RP,W,0.0,0.5,2,25,0,0,0,0,0,1,0,,Home,수원 KT 위즈파크,18:30,16.9
김재윤,2021,KT,2021-05-26,vs. SSG,RP,,6.75,2.25,1 ⅓,32,1,1,2,0,1,1,0,,Home,수원 KT 위즈파크,18:30,21.9
김재윤,2021,KT,2021-05-23,@ Hanwha,RP,,0.0,0.0,1,9,0,0,0,0,2,0,0,,Away,대전 한화생명 볼파크,14:00,26.4
김재윤,2021,KT,2021-05-19,vs. Doosan,RP,SV,0.0,2.0,1,13,0,0,2,0,0,0,0,,Home,수원 KT 위즈파크,18:30,24.5
김재윤,2021,KT,2021-05-18,vs. Doosan,RP,SV,0.0,2.0,1,22,0,0,1,0,1,1,0,,Home,수원 KT 위즈파크,18:30,21.6
김재윤,2021,KT,2021-05-15,@ Lotte,RP,SV,0.0,2.0,1,25,0,0,1,0,0,1,0,,Away,사직 야구장,17:00,19.2
김재윤,2021,KT,2021-05-11,vs. Samsung,RP,SV,0.0,2.0,1,25,0,0,1,0,0,1,0,,Home,수원 KT 위즈파크,18:30,22.8
김재윤,2021,KT,2021-05-08,vs. NC,RP,L,6.75,0.75,1 ⅓,28,1,1,1,1,2,0,0,,Home,수원 KT 위즈파크,17:00,18.9
김재윤,2021,KT,2021-05-01,vs. Kia,RP,SV,0.0,3.0,1,19,0,0,2,0,2,1,0,,Home,수원 KT 위즈파크,17:00,10.5
김재윤,2021,KT,2021-04-29,@ SSG,RP,SV,0.0,0.0,1 ⅓,8,0,0,0,0,1,0,0,,Away,인천 SSG 랜더스필드,18:30,16.1
김재윤,2021,KT,2021-04-25,vs. Lotte,RP,W,0.0,0.0,1,13,0,0,0,0,0,0,0,,Home,수원 KT 위즈파크,14:00,22.5
김재윤,2021,KT,2021-04-24,vs. Lotte,RP,,0.0,2.0,1,13,0,0,1,0,0,1,0,,Home,수원 KT 위즈파크,17:00,22.8
김재윤,2021,KT,2021-04-20,@ NC,RP,SV,0.0,0.0,1,12,0,0,0,0,1,0,0,,Away,창원 NC 파크,18:30,20.0
김재윤,2021,KT,2021-04-17,vs. Kiwoom,RP,SV,0.0,2.0,1,28,0,0,1,0,0,1,0,,Home,수원 KT 위즈파크,17:00,11.6
김재윤,2021,KT,2021-04-16,vs. Kiwoom,RP,,0.0,1.0,1,20,0,0,1,0,1,0,0,,Home,수원 KT 위즈파크,18:30,13.6
김재윤,2021,KT,2021-04-13,@ Doosan,RP,SV,13.5,4.5,0 ⅔,19,1,1,2,0,0,1,0,,Away,잠실 야구장,18:30,10.2
김재윤,2021,KT,2021-04-11,@ Samsung,RP,,9.0,4.0,1,29,1,1,2,0,2,2,0,,Away,대구 삼성 라이온즈 파크,14:00,18.4
김재윤,2021,KT,2021-04-07,vs. LG,RP,,0.0,2.0,1,25,0,0,1,0,0,1,0,,Home,수원 KT 위즈파크,18:30,16.7
김재윤,2021,KT,2021-04-04,vs. Hanwha,RP,W,0.0,1.5,0 ⅔,11,0,0,0,0,0,1,0,,Home,수원 KT 위즈파크,14:00,15.4
김재윤,2020,KT,2020-10-28,@ Kia,RP,,0.0,1.0,1,17,0,0,1,0,2,0,0,,Away,광주 기아 챔피언스 필드,18:30,16.2
김재윤,2020,KT,2020-10-27,@ Kia,RP,W,0.0,1.2,1 ⅔,27,0,0,1,0,2,1,0,,Away,광주 기아 챔피언스 필드,18:30,18.0
김재윤,2020,KT,2020-10-25,vs. Lotte,RP,,9.0,1.0,1,9,1,1,1,1,0,0,0,,Home,수원 KT 위즈파크,14:00,17.0
김재윤,2020,KT,2020-10-21,vs. Samsung,RP,,0.0,0.5,2,29,0,0,1,0,2,0,0,,Home,수원 KT 위즈파크,18:30,16.0
김재윤,2020,KT,2020-10-18,@ SK,RP,SV,0.0,0.0,1 ⅔,17,0,0,0,0,0,0,0,,Away,인천 SSG 랜더스필드,14:00,18.3
김재윤,2020,KT,2020-10-17,@ SK,RP,SV,0.0,0.0,1,14,0,0,0,0,2,0,0,,Away,인천 SSG 랜더스필드,17:00,16.7
김재윤,2020,KT,2020-10-13,vs. Kiwoom,RP,H,0.0,3.0,1,23,0,0,2,0,1,1,0,,Home,수원 KT 위즈파크,18:30,15.5
김재윤,2020,KT,2020-10-09,vs. Doosan,RP,,27.0,4.5,0 ⅔,17,2,2,3,1,0,0,0,,Home,수원 KT 위즈파크,18:30,21.0
김재윤,2020,KT,2020-09-26,vs. LG,RP,,0.0,,0,5,1,1,2,0,0,0,0,,Home,수원 KT 위즈파크,17:00,23.0
김재윤,2020,KT,2020-09-25,vs. Kia,RP,SV,6.75,2.25,1 ⅓,31,1,1,2,0,0,1,0,,Home,수원 KT 위즈파크,18:30,22.8
김재윤,2020,KT,2020-09-23,@ Lotte,RP,,0.0,0.0,1,13,0,0,0,0,1,0,0,,Away,사직 야구장,18:30,21.7
김재윤,2020,KT,2020-09-18,vs. Doosan,RP,,0.0,0.5,2,24,1,0,1,0,0,0,0,,Home,수원 KT 위즈파크,18:30,24.0
김재윤,2020,KT,2020-09-17,vs. Doosan,RP,SV,0.0,0.0,1,7,0,0,0,0,1,0,0,,Home,수원 KT 위즈파크,18:30,22.6
김재윤,2020,KT,2020-09-12,vs. Hanwha,RP,SV,0.0,1.0,1,13,0,0,1,0,0,0,0,,Home,수원 KT 위즈파크,17:00,24.5
김재윤,2020,KT,2020-09-09,@ Doosan,RP,,0.0,1.5,0 ⅔,18,0,0,0,0,0,1,0,,Away,잠실 야구장,18:30,23.0
김재윤,2020,KT,2020-09-06,@ Kiwoom,RP,SV,0.0,0.0,1 ⅔,22,0,0,0,0,2,0,0,,Away,고척 스카이돔,14:00,25.5
김재윤,2020,KT,2020-09-04,vs. SK,RP,W,0.0,1.0,1,10,0,0,1,0,1,0,0,,Home,수원 KT 위즈파크,18:30,26.2
김재윤,2020,KT,2020-08-30,@ Kia,RP,SV,0.0,0.0,1,19,0,0,0,0,2,0,0,,Away,광주 기아 챔피언스 필드,17:00,32.5
김재윤,2020,KT,2020-08-28,@ LG,RP,,0.0,2.25,1 ⅓,20,0,0,2,0,2,1,0,,Away,잠실 야구장,18:30,30.9
김재윤,2020,KT,2020-08-26,vs. Kiwoom,RP,W,0.0,0.5,2,29,0,0,1,0,3,0,0,,Home,수원 KT 위즈파크,18:30,32.4
김재윤,2020,KT,2020-08-25,vs. Kiwoom,RP,,0.0,1.0,1,7,0,0,1,0,0,0,0,,Home,수원 KT 위즈파크,18:30,33.0
김재윤,2020,KT,2020-08-19,@ Samsung,RP,SV,0.0,0.0,1,16,0,0,0,0,2,0,0,,Away,대구 삼성 라이온즈 파크,18:30,31.2
김재윤,2020,KT,2020-08-18,@ Samsung,RP,SV,0.0,0.0,1,13,0,0,0,0,2,0,0,,Away,대구 삼성 라이온즈 파크,18:30,30.7
김재윤,2020,KT,2020-08-16,@ Doosan,RP,SV,0.0,0.0,1,11,0,0,0,0,1,0,0,,Away,잠실 야구장,17:00,31.1
김재윤,2020,KT,2020-08-14,@ Doosan,RP,,6.75,3.75,1 ⅓,37,1,1,3,0,1,2,0,,Away,잠실 야구장,18:30,29.6
김재윤,2020,KT,2020-08-13,vs. SK,RP,,0.0,2.0,1,10,0,0,2,0,0,0,0,,Home,수원 KT 위즈파크,18:30,32.2
김재윤,2020,KT,2020-08-09,@ Hanwha,RP,SV,0.0,0.0,1 ⅓,16,0,0,0,0,2,0,0,,Away,대전 한화생명 볼파크,17:00,31.1
김재윤,2020,KT,2020-08-04,@ Kiwoom,RP,SV,0.0,3.0,1,22,0,0,2,0,0,1,0,,Away,고척 스카이돔,18:30,25.5
김재윤,2020,KT,2020-08-01,vs. SK,RP,,0.0,0.0,0 ⅓,2,0,0,0,0,0,0,0,,Home,수원 KT 위즈파크,18:00,29.5
김재윤,2020,KT,2020-07-24,vs. NC,RP,,0.0,1.5,0 ⅔,12,0,0,1,0,1,0,0,,Home,수원 KT 위즈파크,18:30,26.0
김재윤,2020,KT,2020-07-21,vs. LG,RP,W,9.0,1.0,1,19,1,1,1,1,2,0,0,,Home,수원 KT 위즈파크,18:30,28.1
김재윤,2020,KT,2020-07-17,@ NC,RP,,0.0,1.2,1 ⅔,36,0,0,1,0,3,1,0,,Away,창원 NC 파크,18:30,25.3
김재윤,2020,KT,2020-07-16,vs. Hanwha,RP,SV,0.0,0.0,1,13,0,0,0,0,1,0,0,,Home,수원 KT 위즈파크,18:30,26.8
김재윤,2020,KT,2020-07-11,vs. Samsung,RP,SV,0.0,0.75,1 ⅓,15,0,0,1,0,2,0,0,,Home,수원 KT 위즈파크,18:00,29.0
김재윤,2020,KT,2020-07-08,@ Kia,RP,SV,0.0,0.75,1 ⅓,21,0,0,1,0,3,0,0,,Away,광주 기아 챔피언스 필드,18:30,28.6
김재윤,2020,KT,2020-07-05,vs. Kiwoom,RP,,13.5,2.25,1 ⅓,38,2,2,3,0,3,0,0,,Home,수원 KT 위즈파크,17:00,28.3
김재윤,2020,KT,2020-07-02,@ LG,RP,SV,0.0,0.0,1,12,0,0,0,0,1,0,0,,Away,잠실 야구장,18:30,28.7
김재윤,2020,KT,2020-06-30,@ LG,RP,L,27.0,3.0,0 ⅓,10,1,1,1,1,1,0,0,,Away,잠실 야구장,18:30,22.6
김재윤,2020,KT,2020-06-28,@ Hanwha,RP,,0.0,1.0,1,15,0,0,1,0,2,0,0,,Away,대전 한화생명 볼파크,17:00,29.7
김재윤,2020,KT,2020-06-27,@ Hanwha,RP,,0.0,1.0,1,21,0,0,1,0,1,0,0,,Away,대전 한화생명 볼파크,17:00,29.8
김재윤,2020,KT,2020-06-21,vs. Lotte,RP,SV,18.0,4.0,1,28,2,2,4,0,1,0,0,,Home,수원 KT 위즈파크,17:00,28.8
김재윤,2020,KT,2020-06-18,@ SK,RP,SV,0.0,0.0,1,14,0,0,0,0,1,0,0,,Away,인천 SSG 랜더스필드,18:30,24.7
김재윤,2020,KT,2020-06-17,@ SK,RP,SV,0.0,1.0,1,15,0,0,1,0,2,0,0,,Away,인천 SSG 랜더스필드,18:30,23.7
김재윤,2020,KT,2020-06-16,@ SK,RP,W,16.2,3.0,1 ⅔,28,3,3,5,1,1,0,0,,Away,인천 SSG 랜더스필드,18:30,24.2
김재윤,2020,KT,2020-06-13,@ Samsung,RP,SV,0.0,0.75,1 ⅓,27,0,0,1,0,0,0,0,,Away,대구 삼성 라이온즈 파크,17:00,25.0
김재윤,2020,KT,2020-06-11,vs. Kia,RP,,9.0,2.0,1,15,1,1,2,1,0,0,0,,Home,수원 KT 위즈파크,18:30,28.9
김재윤,2020,KT,2020-06-07,@ Lotte,RP,,0.0,0.0,0 ⅓,2,0,0,0,0,0,0,0,,Away,사직 야구장,17:00,23.2
김재윤,2020,KT,2020-06-06,@ Lotte,RP,L,27.0,9.0,0 ⅓,11,1,1,2,0,0,1,0,,Away,사직 야구장,17:00,24.0
김재윤,2020,KT,2020-05-31,@ Kiwoom,RP,,0.0,0.0,1 ⅔,23,0,0,0,0,0,0,0,,Away,고척 스카이돔,14:00,25.5
김재윤,2020,KT,2020-05-28,vs. Kia,RP,SV,0.0,0.0,1 ⅔,14,0,0,0,0,1,0,0,,Home,수원 KT 위즈파크,18:30,21.6
김재윤,2020,KT,2020-05-27,vs. Kia,RP,,0.0,1.0,1,20,0,0,1,0,1,0,0,,Home,수원 KT 위즈파크,18:30,19.9
김재윤,2020,KT,2020-05-23,@ LG,RP,,0.0,2.0,1,27,0,0,1,0,1,1,0,,Away,잠실 야구장,17:00,23.2
김재윤,2020,KT,2020-05-22,@ LG,RP,,0.0,6.0,0 ⅓,10,0,0,2,0,1,0,0,,Away,잠실 야구장,18:30,19.9
김재윤,2020,KT,2020-05-10,@ Doosan,RP,,13.5,4.5,0 ⅔,17,1,1,2,0,0,1,0,,Away,잠실 야구장,14:00,16.5
김재윤,2020,KT,2020-05-07,vs. Lotte,RP,,9.0,3.0,1,23,1,1,2,0,0,1,0,,Home,수원 KT 위즈파크,18:30,24.6
김재윤,2020,KT,2020-05-05,vs. Lotte,RP,L,27.0,3.0,1,34,3,3,1,1,0,2,0,,Home,수원 KT 위즈파크,14:00,14.2
홍원표,2024,Samsung,2024-05-29,vs. Kiwoom,RP,,0.0,1.29,2 ⅓,44,0,0,2,0,2,1,0,,Home,대구 삼성 라이온즈 파크,18:30,21.3
홍원표,2024,Samsung,2024-05-26,@ Lotte,RP,,18.0,3.0,1,21,2,2,1,0,0,2,0,,Away,사직 야구장,14:00,21.5
홍원표,2024,Samsung,2024-04-17,vs. Doosan,RP,,9.0,2.0,1,22,1,1,1,1,0,1,0,,Home,대구 삼성 라이온즈 파크,18:30,17.1
홍원표,2024,Samsung,2024-04-12,vs. NC,RP,,0.0,1.0,2,25,0,0,0,0,3,2,0,,Home,대구 삼성 라이온즈 파크,18:30,18.2
홍원표,2023,Samsung,2023-10-04,vs. Hanwha,RP,,0.0,1.0,1,20,0,0,0,0,0,1,0,,Home,대구 삼성 라이온즈 파크,18:30,22.8
홍원표,2023,Samsung,2023-10-03,@ Lotte,RP,,0.0,1.0,2,23,0,0,1,0,1,1,0,,Away,사직 야구장,18:30,19.5
홍원표,2023,Samsung,2023-09-27,@ Hanwha,RP,,13.5,1.5,0 ⅔,13,1,1,1,0,0,0,0,,Away,대전 한화생명 볼파크,18:30,24.2
홍원표,2020,Samsung,2020-10-27,@ NC,RP,,0.0,2.0,1,24,0,0,1,0,0,1,1,,Away,창원 NC 파크,18:30,15.8
후라도,2024,Kiwoom,2024-09-22,@ Samsung,SP,L,9.0,1.0,6,88,6,6,5,3,4,1,1,40.0,Away,대구 삼성 라이온즈 파크,14:00,25.7
후라도,2024,Kiwoom,2024-09-14,@ Kia,SP,,1.29,1.0,7,90,1,1,6,1,4,1,0,64.0,Away,광주 기아 챔피언스 필드,17:00,33.4
후라도,2024,Kiwoom,2024-09-08,@ Kia,SP,L,3.68,0.95,7 ⅓,97,4,3,7,0,4,0,0,54.0,Away,광주 기아 챔피언스 필드,14:00,32.0
후라도,2024,Kiwoom,2024-09-03,@ NC,SP,L,5.79,1.93,4 ⅔,103,7,3,9,1,5,0,2,29.0,Away,창원 NC 파크,18:30,28.0
후라도,2024,Kiwoom,2024-08-25,vs. LG,SP,,2.57,0.43,7,101,2,2,3,1,5,0,1,67.0,Home,고척 스카이돔,14:00,25.5
후라도,2024,Kiwoom,2024-08-20,@ KT,SP,,3.0,1.17,6,100,2,2,5,0,9,2,0,61.0,Away,수원 KT 위즈파크,18:30,33.8
후라도,2024,Kiwoom,2024-08-14,vs. Kia,SP,,1.29,1.0,7,97,1,1,5,0,6,2,0,67.0,Home,고척 스카이돔,18:30,25.5
후라도,2024,Kiwoom,2024-08-08,vs. SSG,SP,W,0.0,0.88,8,102,0,0,6,0,6,1,0,75.0,Home,고척 스카이돔,18:30,25.5
후라도,2024,Kiwoom,2024-08-02,@ Doosan,SP,,6.0,1.67,6,101,4,4,9,1,7,1,0,44.0,Away,잠실 야구장,18:30,33.3
후라도,2024,Kiwoom,2024-07-27,vs. Kia,SP,,2.57,0.43,7,107,2,2,3,1,10,0,1,72.0,Home,고척 스카이돔,18:00,25.5
후라도,2024,Kiwoom,2024-07-21,@ SSG,SP,W,3.0,0.83,6,100,2,2,5,0,6,0,0,60.0,Away,인천 SSG 랜더스필드,17:00,30.7
후라도,2024,Kiwoom,2024-07-16,vs. KT,SP,L,4.5,1.5,6,102,3,3,6,0,6,3,0,51.0,Home,고척 스카이돔,18:30,25.5
후라도,2024,Kiwoom,2024-07-09,vs. Hanwha,SP,,3.86,1.29,7,98,3,3,8,2,8,1,0,56.0,Home,고척 스카이돔,18:30,25.5
후라도,2024,Kiwoom,2024-07-02,vs. LG,SP,,2.57,1.0,7,100,2,2,7,1,5,0,0,60.0,Home,고척 스카이돔,18:30,25.5
후라도,2024,Kiwoom,2024-06-26,vs. NC,SP,W,0.0,0.71,7,95,0,0,4,0,13,1,0,81.0,Home,고척 스카이돔,18:30,25.5
후라도,2024,Kiwoom,2024-06-20,@ Hanwha,SP,W,0.0,0.29,7,86,0,0,2,0,5,0,0,78.0,Away,대전 한화생명 볼파크,18:30,26.2
후라도,2024,Kiwoom,2024-06-14,vs. Doosan,SP,,6.0,1.33,6,104,4,4,8,0,5,0,0,45.0,Home,고척 스카이돔,18:30,25.5
후라도,2024,Kiwoom,2024-06-08,vs. Samsung,SP,W,3.0,1.83,6,110,2,2,10,0,7,1,1,49.0,Home,고척 스카이돔,17:00,25.5
후라도,2024,Kiwoom,2024-05-28,@ Samsung,SP,W,1.29,0.86,7,101,2,1,5,0,7,1,1,66.0,Away,대구 삼성 라이온즈 파크,18:30,20.6
후라도,2024,Kiwoom,2024-05-22,vs. NC,SP,,4.26,1.11,6 ⅓,102,3,3,6,1,4,1,1,51.0,Home,고척 스카이돔,18:30,25.5
후라도,2024,Kiwoom,2024-05-16,@ LG,SP,W,5.4,2.4,5,89,4,3,8,0,2,4,0,35.0,Away,잠실 야구장,18:30,18.8
후라도,2024,Kiwoom,2024-05-09,vs. Doosan,SP,,3.0,1.5,6,97,2,2,8,0,3,1,0,50.0,Home,고척 스카이돔,18:30,25.5
후라도,2024,Kiwoom,2024-05-03,@ KT,SP,,1.29,0.57,7,97,1,1,2,1,4,2,0,71.0,Away,수원 KT 위즈파크,18:30,21.8
후라도,2024,Kiwoom,2024-04-27,vs. Samsung,SP,L,1.5,1.33,6,91,1,1,6,0,6,2,0,60.0,Home,고척 스카이돔,17:00,25.5
후라도,2024,Kiwoom,2024-04-21,@ Doosan,SP,W,3.86,1.43,7,94,3,3,10,2,4,0,0,49.0,Away,잠실 야구장,14:00,20.7
후라도,2024,Kiwoom,2024-04-16,vs. KT,SP,W,4.5,1.33,6,88,3,3,7,0,5,1,1,49.0,Home,고척 스카이돔,18:30,25.5
후라도,2024,Kiwoom,2024-04-10,@ SSG,SP,L,7.5,1.67,6,89,5,5,8,2,7,2,0,41.0,Away,인천 SSG 랜더스필드,18:30,13.5
후라도,2024,Kiwoom,2024-04-04,@ Samsung,SP,W,1.5,0.5,6,87,1,1,3,1,7,0,0,69.0,Away,대구 삼성 라이온즈 파크,18:30,13.8
후라도,2024,Kiwoom,2024-03-29,vs. LG,SP,L,1.5,1.0,6,87,1,1,4,0,4,2,0,62.0,Home,고척 스카이돔,18:30,25.5
후라도,2024,Kiwoom,2024-03-23,@ Kia,SP,L,15.75,3.0,4,91,7,7,10,1,1,2,0,13.0,Away,광주 기아 챔피언스 필드,14:00,22.7
후라도,2023,Kiwoom,2023-10-13,@ SSG,SP,,3.6,1.2,5,73,2,2,5,1,4,1,0,52.0,Away,인천 SSG 랜더스필드,18:30,19.1
후라도,2023,Kiwoom,2023-10-07,vs. LG,SP,W,0.0,0.67,6,67,0,0,4,0,5,0,0,69.0,Home,고척 스카이돔,17:00,25.5
후라도,2023,Kiwoom,2023-09-28,vs. SSG,SP,W,1.5,0.83,6,91,1,1,4,0,5,1,0,64.0,Home,고척 스카이돔,18:30,25.5
후라도,2023,Kiwoom,2023-09-21,vs. NC,SP,,0.0,0.67,6,81,0,0,2,0,6,2,0,72.0,Home,고척 스카이돔,18:30,25.5
후라도,2023,Kiwoom,2023-09-15,@ Lotte,SP,,7.2,1.8,5,84,4,4,9,0,5,0,0,38.0,Away,사직 야구장,18:30,27.5
후라도,2023,Kiwoom,2023-09-03,vs. KT,SP,W,0.0,0.15,6 ⅔,99,0,0,0,0,8,1,0,81.0,Home,고척 스카이돔,14:00,25.5
후라도,2023,Kiwoom,2023-08-26,@ Samsung,SP,,2.57,1.29,7,94,2,2,7,0,3,2,0,56.0,Away,대구 삼성 라이온즈 파크,18:00,29.1
후라도,2023,Kiwoom,2023-08-15,@ Kia,SP,W,3.0,1.0,6,91,2,2,6,1,3,0,1,54.0,Away,광주 기아 챔피언스 필드,18:30,32.9
후라도,2023,Kiwoom,2023-08-09,vs. Lotte,SP,W,5.4,1.8,5,99,3,3,5,0,3,4,0,44.0,Home,고척 스카이돔,18:30,25.5
후라도,2023,Kiwoom,2023-08-03,@ LG,SP,,1.29,0.71,7,101,2,1,4,0,4,1,0,66.0,Away,잠실 야구장,18:30,32.8
후라도,2023,Kiwoom,2023-07-28,vs. Samsung,SP,,1.23,0.68,7 ⅓,98,1,1,5,0,8,0,0,72.0,Home,고척 스카이돔,18:30,25.5
후라도,2023,Kiwoom,2023-07-22,@ Lotte,SP,W,3.6,2.0,5,92,2,2,7,0,2,3,0,44.0,Away,사직 야구장,18:00,27.1
후라도,2023,Kiwoom,2023-07-12,vs. KT,SP,,3.6,2.2,5,90,3,2,10,0,2,1,1,37.0,Home,고척 스카이돔,18:30,25.5
후라도,2023,Kiwoom,2023-07-06,vs. NC,SP,,2.57,0.71,7,101,2,2,4,0,10,1,0,70.0,Home,고척 스카이돔,18:30,25.5
후라도,2023,Kiwoom,2023-06-30,vs. SSG,SP,L,6.0,1.0,6,76,4,4,5,2,3,1,0,48.0,Home,고척 스카이돔,18:30,25.5
후라도,2023,Kiwoom,2023-06-24,vs. Doosan,SP,W,1.04,0.92,8 ⅔,116,2,1,7,0,2,1,1,64.0,Home,고척 스카이돔,17:00,25.5
후라도,2023,Kiwoom,2023-06-18,@ Hanwha,SP,,2.84,0.79,6 ⅓,85,2,2,3,0,8,2,0,65.0,Away,대전 한화생명 볼파크,17:00,30.6
후라도,2023,Kiwoom,2023-06-13,vs. Kia,SP,W,0.0,0.67,6,93,0,0,3,0,4,1,0,69.0,Home,고척 스카이돔,18:30,25.5
후라도,2023,Kiwoom,2023-06-07,vs. LG,SP,,0.0,1.0,6,92,1,0,3,0,6,3,1,66.0,Home,고척 스카이돔,18:30,25.5
후라도,2023,Kiwoom,2023-06-01,@ Hanwha,SP,L,7.5,1.83,6,95,5,5,8,1,7,3,0,40.0,Away,대전 한화생명 볼파크,18:30,24.7
후라도,2023,Kiwoom,2023-05-26,vs. Lotte,SP,L,2.57,1.14,7,91,2,2,7,0,6,1,0,60.0,Home,고척 스카이돔,18:30,25.5
후라도,2023,Kiwoom,2023-05-20,@ Kia,SP,L,3.0,1.33,6,113,3,2,6,1,4,2,0,52.0,Away,광주 기아 챔피언스 필드,17:00,24.2
후라도,2023,Kiwoom,2023-05-14,vs. NC,SP,L,4.5,1.0,6,84,5,3,6,0,3,0,0,47.0,Home,고척 스카이돔,14:00,25.5
후라도,2023,Kiwoom,2023-05-09,@ LG,SP,,3.6,2.0,5,91,2,2,8,0,2,2,1,42.0,Away,잠실 야구장,18:30,21.9
후라도,2023,Kiwoom,2023-05-03,@ Samsung,SP,W,1.13,0.75,8,103,1,1,6,0,6,0,0,72.0,Away,대구 삼성 라이온즈 파크,18:30,18.5
후라도,2023,Kiwoom,2023-04-27,vs. KT,SP,W,0.0,1.6,5,100,1,0,4,0,5,4,1,57.0,Home,고척 스카이돔,18:30,25.5
후라도,2023,Kiwoom,2023-04-21,@ SSG,SP,L,4.26,1.26,6 ⅓,104,3,3,7,1,6,1,0,52.0,Away,인천 SSG 랜더스필드,18:30,18.0
후라도,2023,Kiwoom,2023-04-15,vs. Kia,SP,W,1.5,1.0,6,97,1,1,6,0,5,0,0,61.0,Home,고척 스카이돔,17:00,25.5
후라도,2023,Kiwoom,2023-04-09,@ NC,SP,L,5.06,1.88,5 ⅓,95,5,3,7,0,7,3,1,41.0,Away,창원 NC 파크,14:00,18.2
후라도,2023,Kiwoom,2023-04-04,vs. LG,SP,L,4.5,1.0,6,101,3,3,6,0,5,0,2,51.0,Home,고척 스카이돔,18:30,25.5
김대우,2023,Samsung,2023-10-09,@ Kia,SP,,0.0,1.0,5,88,0,0,3,0,2,2,0,61.0,Away,광주 기아 챔피언스 필드,18:30,20.3
김대우,2023,Samsung,2023-10-02,@ Lotte,SP,,4.5,1.5,4,70,5,2,5,0,0,1,0,37.0,Away,사직 야구장,18:30,21.3
김대우,2023,Samsung,2023-09-27,@ Hanwha,RP,,27.0,6.0,0 ⅓,7,1,1,2,0,0,0,0,,Away,대전 한화생명 볼파크,18:30,24.2
김대우,2023,Samsung,2023-09-21,vs. Doosan,RP,,27.0,6.0,0 ⅓,11,1,1,2,0,0,0,0,,Home,대구 삼성 라이온즈 파크,18:30,21.9
김대우,2023,Samsung,2023-09-19,@ KT,RP,,0.0,1.0,1,13,0,0,0,0,1,1,0,,Away,수원 KT 위즈파크,18:30,26.6
김대우,2023,Samsung,2023-09-17,vs. Lotte,RP,,0.0,1.0,1,14,0,0,1,0,1,0,1,,Home,대구 삼성 라이온즈 파크,14:00,27.2
김대우,2023,Samsung,2023-09-08,@ Doosan,SP,,8.31,1.38,4 ⅓,62,4,4,4,1,2,2,1,38.0,Away,잠실 야구장,18:30,28.5
김대우,2023,Samsung,2023-09-02,vs. NC,RP,,0.0,0.0,0 ⅓,4,0,0,0,0,0,0,0,,Home,대구 삼성 라이온즈 파크,17:00,26.4
김대우,2023,Samsung,2023-08-31,@ KT,RP,,0.0,1.29,2 ⅓,38,0,0,3,0,2,0,0,,Away,수원 KT 위즈파크,18:30,26.5
김대우,2023,Samsung,2023-08-25,vs. Kiwoom,RP,,0.0,0.0,1,18,0,0,0,0,2,0,0,,Home,대구 삼성 라이온즈 파크,18:30,29.6
김대우,2023,Samsung,2023-08-20,vs. Kia,RP,,0.0,1.2,1 ⅔,31,0,0,1,0,2,1,0,,Home,대구 삼성 라이온즈 파크,17:00,31.5
김대우,2023,Samsung,2023-08-16,vs. LG,RP,,27.0,3.0,0 ⅔,16,2,2,1,1,0,1,0,,Home,대구 삼성 라이온즈 파크,18:30,27.6
김대우,2023,Samsung,2023-08-13,@ SSG,RP,,0.0,0.0,0 ⅓,4,0,0,0,0,0,0,0,,Away,인천 SSG 랜더스필드,17:00,30.3
김대우,2023,Samsung,2023-08-12,@ SSG,RP,,0.0,4.5,0 ⅔,16,0,0,2,0,0,1,0,,Away,인천 SSG 랜더스필드,18:00,28.1
김대우,2023,Samsung,2023-08-08,@ Doosan,RP,,0.0,0.0,1,16,0,0,0,0,1,0,0,,Away,잠실 야구장,18:30,34.9
김대우,2023,Samsung,2023-08-06,vs. LG,RP,L,18.0,2.0,1,21,2,2,2,0,1,0,0,,Home,대구 삼성 라이온즈 파크,17:00,33.0
김대우,2023,Samsung,2023-08-03,vs. Kia,RP,,13.5,2.25,1 ⅓,17,2,2,2,0,0,1,0,,Home,대구 삼성 라이온즈 파크,18:30,32.2
김대우,2023,Samsung,2023-08-02,vs. Kia,RP,,0.0,0.0,1,14,0,0,0,0,1,0,0,,Home,대구 삼성 라이온즈 파크,18:30,31.8
김대우,2023,Samsung,2023-07-27,vs. SSG,SP,,9.82,2.18,3 ⅔,68,4,4,7,2,2,1,0,32.0,Home,대구 삼성 라이온즈 파크,18:30,30.6
김대우,2023,Samsung,2023-07-01,vs. Hanwha,RP,,9.0,3.0,1,23,3,1,3,0,3,0,1,,Home,대구 삼성 라이온즈 파크,18:00,26.1
김대우,2023,Samsung,2023-06-30,vs. Hanwha,RP,,9.0,1.0,1,18,1,1,1,1,1,0,0,,Home,대구 삼성 라이온즈 파크,18:30,25.6
김대우,2023,Samsung,2023-06-24,@ SSG,RP,,27.0,3.0,0 ⅓,10,1,1,1,1,1,0,0,,Away,인천 SSG 랜더스필드,17:00,28.6
김대우,2023,Samsung,2023-06-21,vs. Kiwoom,RP,L,18.0,2.0,1,21,2,2,2,0,1,0,0,,Home,대구 삼성 라이온즈 파크,18:30,23.9
김대우,2023,Samsung,2023-06-20,vs. Kiwoom,RP,,0.0,0.0,0 ⅓,4,0,0,0,0,1,0,0,,Home,대구 삼성 라이온즈 파크,18:30,23.7
김대우,2023,Samsung,2023-06-18,@ KT,RP,H,0.0,0.0,0 ⅓,5,0,0,0,0,1,0,0,,Away,수원 KT 위즈파크,17:00,27.6
김대우,2023,Samsung,2023-06-17,@ KT,RP,,0.0,3.0,0 ⅓,11,0,0,1,0,0,0,0,,Away,수원 KT 위즈파크,17:00,25.1
김대우,2023,Samsung,2023-06-16,@ KT,RP,H,0.0,0.0,0 ⅓,6,0,0,0,0,1,0,0,,Away,수원 KT 위즈파크,18:30,26.4
김대우,2023,Samsung,2023-06-13,@ LG,RP,,6.75,1.5,1 ⅓,20,1,1,1,0,0,1,0,,Away,잠실 야구장,18:30,23.9
김대우,2023,Samsung,2023-06-07,vs. NC,SP,,0.0,1.25,4,70,0,0,3,0,3,2,0,57.0,Home,대구 삼성 라이온즈 파크,18:30,22.9
김대우,2023,Samsung,2023-06-01,@ SSG,RP,,6.0,1.0,3,39,2,2,2,1,0,1,0,,Away,인천 SSG 랜더스필드,18:30,25.0
김대우,2023,Samsung,2023-05-27,vs. KT,RP,,0.0,0.0,1,9,0,0,0,0,0,0,0,,Home,대구 삼성 라이온즈 파크,17:00,23.3
김대우,2023,Samsung,2023-05-24,@ Doosan,RP,,9.0,3.0,1,24,1,1,3,0,1,0,0,,Away,잠실 야구장,18:30,23.2
김대우,2023,Samsung,2023-05-23,@ Doosan,RP,,9.0,2.0,1,24,1,1,1,0,1,1,0,,Away,잠실 야구장,18:30,25.2
김대우,2023,Samsung,2023-05-20,@ NC,RP,,0.0,1.0,2,27,0,0,2,0,4,0,0,,Away,창원 NC 파크,17:00,20.1
김대우,2023,Samsung,2023-05-17,vs. Kia,RP,,13.5,3.0,0 ⅔,16,1,1,2,0,0,0,0,,Home,대구 삼성 라이온즈 파크,18:30,23.3
김대우,2023,Samsung,2023-05-13,vs. LG,RP,,0.0,0.5,2,21,0,0,1,0,2,0,0,,Home,대구 삼성 라이온즈 파크,17:00,15.6
김대우,2023,Samsung,2023-05-10,@ Hanwha,RP,,27.0,4.5,0 ⅔,23,2,2,3,0,0,0,0,,Away,대전 한화생명 볼파크,18:30,23.4
김대우,2023,Samsung,2023-05-02,vs. Kiwoom,RP,,0.0,0.75,1 ⅓,20,0,0,1,0,2,0,0,,Home,대구 삼성 라이온즈 파크,18:30,17.6
김대우,2023,Samsung,2023-04-30,@ KT,RP,,0.0,2.25,1 ⅓,32,0,0,0,0,2,3,0,,Away,수원 KT 위즈파크,14:00,18.3
김대우,2023,Samsung,2023-04-23,@ Kia,RP,,5.4,0.6,1 ⅔,18,1,1,1,0,0,0,0,,Away,광주 기아 챔피언스 필드,14:00,20.2
김대우,2023,Samsung,2023-04-21,@ Kia,RP,H,0.0,0.0,1 ⅓,16,0,0,0,0,1,0,0,,Away,광주 기아 챔피언스 필드,18:30,21.0
김대우,2023,Samsung,2023-04-19,@ Kiwoom,RP,,0.0,1.5,2,39,0,0,1,0,0,2,0,,Away,고척 스카이돔,18:30,25.5
김대우,2023,Samsung,2023-04-14,vs. Lotte,RP,H,0.0,2.0,1,26,0,0,1,0,2,1,0,,Home,대구 삼성 라이온즈 파크,18:30,14.5
김대우,2023,Samsung,2023-04-06,vs. Hanwha,RP,,0.0,0.33,3,33,0,0,1,0,5,0,0,,Home,대구 삼성 라이온즈 파크,18:30,13.8
