PlayerName,Year,Team,Date,Opp,Role,Dec,ERA,WHIP,IP,NP,R,ER,H,HR,SO,BB,HB,GS,Venue,Stadium,Time,Temp
배재준,2023,LG,2023-05-10,vs. Kiwoom,RP,,18.0,3.0,1,23,2,2,2,0,0,1,0,,Home,잠실 야구장,18:30,24.6
배재준,2022,LG,2022-10-11,vs. KT,RP,,0.0,0.0,0 ⅔,9,0,0,0,0,2,0,0,,Home,잠실 야구장,18:30,14.4
배재준,2022,LG,2022-10-01,vs. NC,SP,L,9.0,2.5,2,32,2,2,3,0,0,2,0,40.0,Home,잠실 야구장,17:00,25.1
배재준,2022,LG,2022-09-25,@ SSG,RP,,0.0,0.0,1,9,0,0,0,0,0,0,0,,Away,인천 SSG 랜더스필드,14:00,22.5
배재준,2022,LG,2022-09-22,vs. Lotte,RP,,0.0,2.0,1,26,0,0,1,0,2,1,0,,Home,잠실 야구장,18:30,22.7
배재준,2022,LG,2022-09-21,@ Kia,RP,,0.0,0.0,1,9,0,0,0,0,1,0,0,,Away,광주 기아 챔피언스 필드,18:30,22.1
배재준,2022,LG,2022-09-14,@ Doosan,RP,,0.0,1.2,1 ⅔,31,0,0,1,0,1,1,0,,Away,잠실 야구장,18:30,24.7
배재준,2022,LG,2022-09-10,@ Samsung,RP,,0.0,0.0,1,14,0,0,0,0,0,0,1,,Away,대구 삼성 라이온즈 파크,17:00,24.8
배재준,2022,LG,2022-09-06,vs. SSG,RP,,0.0,0.0,1,10,0,0,0,0,0,0,0,,Home,잠실 야구장,18:30,25.2
배재준,2022,LG,2022-08-14,@ NC,RP,,0.0,1.5,1 ⅓,22,0,0,2,0,0,0,0,,Away,창원 NC 파크,17:00,31.9
배재준,2022,LG,2022-08-06,vs. Kiwoom,RP,,0.0,0.0,2,19,0,0,0,0,0,0,0,,Home,잠실 야구장,18:00,32.3
배재준,2022,LG,2022-07-30,vs. KT,SP,,0.0,1.0,4,85,0,0,0,0,4,4,0,62.0,Home,잠실 야구장,18:00,33.0
배재준,2022,LG,2022-07-24,@ NC,SP,,0.0,2.0,2,39,0,0,3,0,2,1,0,51.0,Away,창원 NC 파크,17:00,30.3
배재준,2022,LG,2022-05-25,vs. Kiwoom,RP,,9.82,1.64,3 ⅔,74,4,4,5,0,3,1,1,,Home,잠실 야구장,18:30,22.5
배재준,2022,LG,2022-05-24,vs. Kiwoom,RP,,0.0,1.5,0 ⅔,11,0,0,0,0,0,1,0,,Home,잠실 야구장,18:30,27.2
배재준,2022,LG,2022-05-19,@ KT,RP,,0.0,2.0,1,20,3,0,2,0,0,0,0,,Away,수원 KT 위즈파크,18:30,22.1
배재준,2022,LG,2022-05-12,vs. Hanwha,SP,,3.0,1.67,3,74,1,1,2,0,4,3,0,52.0,Home,잠실 야구장,18:30,25.2
배재준,2022,LG,2022-05-07,@ NC,SP,,2.08,0.92,4 ⅓,67,1,1,3,0,4,1,2,54.0,Away,창원 NC 파크,17:00,25.4
배재준,2021,LG,2021-10-15,@ Lotte,SP,L,7.71,3.0,2 ⅓,44,3,2,7,0,1,0,0,34.0,Away,사직 야구장,18:30,22.0
배재준,2021,LG,2021-10-07,@ Kia,SP,W,1.23,0.68,7 ⅓,97,1,1,4,0,4,1,0,69.0,Away,광주 기아 챔피언스 필드,18:30,22.8
배재준,2021,LG,2021-09-28,vs. Lotte,SP,,0.0,1.36,3 ⅔,73,1,0,2,0,4,3,1,55.0,Home,잠실 야구장,18:30,24.0
배재준,2021,LG,2021-09-22,@ Hanwha,SP,,0.0,2.14,2 ⅓,49,0,0,1,0,0,4,1,50.0,Away,대전 한화생명 볼파크,18:30,24.8
배재준,2021,LG,2021-09-17,@ NC,SP,L,13.5,2.0,2,37,3,3,4,1,2,0,0,38.0,Away,창원 NC 파크,18:30,22.8
배재준,2021,LG,2021-06-19,vs. Kia,RP,,0.0,6.0,0 ⅓,14,0,0,1,0,0,1,0,,Home,잠실 야구장,17:00,27.1
배재준,2021,LG,2021-06-18,vs. Kia,RP,,0.0,3.0,0 ⅔,18,0,0,2,0,1,0,0,,Home,잠실 야구장,18:30,23.4
배재준,2021,LG,2021-05-09,vs. Hanwha,SP,,0.0,2.0,1,16,0,0,1,0,0,1,0,50.0,Home,잠실 야구장,14:00,20.9
배재준,2021,LG,2021-05-01,@ Samsung,RP,,9.0,2.0,1,16,1,1,2,0,1,0,1,,Away,대구 삼성 라이온즈 파크,17:00,14.9
배재준,2021,LG,2021-04-24,@ Hanwha,RP,,7.36,1.91,3 ⅔,79,3,3,5,0,1,2,0,,Away,대전 한화생명 볼파크,17:00,22.9
배재준,2021,LG,2021-04-22,vs. Kia,RP,,0.0,0.0,0 ⅓,8,0,0,0,0,0,0,0,,Home,잠실 야구장,18:30,23.7
배재준,2021,LG,2021-04-18,vs. Doosan,RP,,3.0,1.33,3,48,1,1,4,0,4,0,0,,Home,잠실 야구장,14:00,14.1
배재준,2021,LG,2021-04-15,@ Kiwoom,RP,W,13.5,3.0,2,45,3,3,6,0,1,0,0,,Away,고척 스카이돔,18:30,25.5
배재준,2021,LG,2021-04-13,@ Kiwoom,RP,,4.5,2.0,2,49,1,1,3,0,3,1,0,,Away,고척 스카이돔,18:30,25.5
배재준,2021,LG,2021-04-10,vs. SSG,RP,,0.0,0.0,1,17,0,0,0,0,1,0,0,,Home,잠실 야구장,17:00,17.0
백승현,2024,LG,2024-09-28,@ Samsung,RP,,0.0,,0,6,0,0,0,0,0,1,0,,Away,대구 삼성 라이온즈 파크,17:00,26.8
백승현,2024,LG,2024-09-26,vs. Kiwoom,RP,W,18.0,2.0,1,17,2,2,2,1,1,0,0,,Home,잠실 야구장,18:30,26.5
백승현,2024,LG,2024-09-24,@ SSG,RP,,0.0,0.0,1,17,0,0,0,0,0,0,0,,Away,인천 SSG 랜더스필드,18:30,24.0
백승현,2024,LG,2024-09-21,vs. Doosan,RP,,0.0,6.0,0 ⅓,13,0,0,2,0,0,0,0,,Home,잠실 야구장,17:00,23.1
백승현,2024,LG,2024-09-17,@ Lotte,RP,,40.5,4.5,0 ⅔,19,3,3,3,0,0,0,0,,Away,사직 야구장,18:30,32.5
백승현,2024,LG,2024-09-15,@ NC,RP,,0.0,1.0,1,23,0,0,0,0,1,1,0,,Away,창원 NC 파크,14:00,32.5
백승현,2024,LG,2024-09-11,vs. Kiwoom,RP,,0.0,1.0,1,8,0,0,1,0,0,0,0,,Home,잠실 야구장,18:30,30.6
백승현,2024,LG,2024-09-07,vs. Hanwha,RP,,18.0,3.0,1,28,2,2,3,1,1,0,0,,Home,잠실 야구장,17:00,30.7
백승현,2024,LG,2024-08-03,@ Lotte,RP,,13.5,3.0,0 ⅔,19,1,1,1,0,0,1,0,,Away,사직 야구장,18:00,33.0
백승현,2024,LG,2024-08-01,vs. Samsung,RP,,18.0,1.0,1,18,2,2,0,0,0,1,1,,Home,잠실 야구장,18:30,33.7
백승현,2024,LG,2024-07-28,vs. Hanwha,RP,,54.0,6.0,0 ⅓,10,2,2,1,0,0,1,0,,Home,잠실 야구장,17:00,31.7
백승현,2024,LG,2024-07-25,@ Lotte,RP,SV,0.0,1.0,1,18,0,0,0,0,1,1,0,,Away,사직 야구장,18:30,31.0
백승현,2024,LG,2024-07-23,@ Lotte,RP,,0.0,,0,11,0,0,1,0,0,1,0,,Away,사직 야구장,18:30,31.0
백승현,2024,LG,2024-07-19,vs. Doosan,RP,,0.0,0.0,1,7,0,0,0,0,0,0,0,,Home,잠실 야구장,18:30,30.5
백승현,2024,LG,2024-07-13,@ Hanwha,RP,,54.0,9.0,0 ⅓,13,2,2,3,1,0,0,0,,Away,대전 한화생명 볼파크,18:00,29.6
백승현,2024,LG,2024-07-10,vs. Kia,RP,L,27.0,4.5,0 ⅔,21,3,2,1,0,0,2,0,,Home,잠실 야구장,18:30,30.8
백승현,2024,LG,2024-07-02,@ Kiwoom,RP,,0.0,2.0,1,19,0,0,1,0,1,1,0,,Away,고척 스카이돔,18:30,25.5
백승현,2024,LG,2024-06-30,@ NC,RP,,0.0,1.5,0 ⅔,11,0,0,1,0,1,0,0,,Away,창원 NC 파크,17:00,27.5
백승현,2024,LG,2024-06-27,vs. Samsung,RP,,0.0,0.0,0 ⅔,8,0,0,0,0,0,0,0,,Home,잠실 야구장,18:30,29.1
백승현,2024,LG,2024-06-23,vs. KT,RP,,0.0,1.0,1,12,0,0,0,0,0,1,0,,Home,잠실 야구장,17:00,28.6
백승현,2024,LG,2024-06-21,vs. KT,RP,,0.0,1.0,1,18,0,0,0,0,2,1,0,,Home,잠실 야구장,18:30,29.5
백승현,2024,LG,2024-06-19,@ Kia,RP,W,0.0,0.0,1,10,0,0,0,0,0,0,0,,Away,광주 기아 챔피언스 필드,18:30,29.7
백승현,2024,LG,2024-06-16,vs. Lotte,RP,,0.0,0.0,0 ⅔,11,0,0,0,0,1,0,0,,Home,잠실 야구장,17:00,27.6
백승현,2024,LG,2024-06-15,vs. Lotte,RP,,0.0,2.0,1,25,0,0,2,0,0,0,0,,Home,잠실 야구장,17:00,28.2
백승현,2024,LG,2024-06-11,@ Samsung,RP,,6.75,1.5,1 ⅓,20,1,1,2,0,0,0,0,,Away,대구 삼성 라이온즈 파크,18:30,24.2
백승현,2024,LG,2024-06-08,@ KT,RP,,0.0,2.0,1,17,0,0,2,0,2,0,0,,Away,수원 KT 위즈파크,17:00,25.1
백승현,2024,LG,2024-06-07,@ KT,RP,SV,0.0,6.0,0 ⅓,9,0,0,1,0,0,1,0,,Away,수원 KT 위즈파크,18:30,25.1
백승현,2024,LG,2024-06-04,vs. Kiwoom,RP,,9.0,3.0,1,22,1,1,2,0,2,1,0,,Home,잠실 야구장,18:30,25.9
백승현,2024,LG,2024-05-18,@ KT,RP,,40.5,4.5,0 ⅔,23,3,3,1,0,0,2,0,,Away,수원 KT 위즈파크,17:00,24.1
백승현,2024,LG,2024-05-16,vs. Kiwoom,RP,,0.0,3.0,0 ⅓,7,0,0,0,0,0,1,0,,Home,잠실 야구장,18:30,18.8
백승현,2024,LG,2024-04-16,vs. Lotte,RP,H,0.0,3.0,0 ⅓,12,0,0,1,0,0,0,1,,Home,잠실 야구장,18:30,16.2
백승현,2024,LG,2024-04-14,@ Doosan,RP,,0.0,1.0,1,20,0,0,0,0,0,1,0,,Away,잠실 야구장,14:00,28.9
백승현,2024,LG,2024-04-13,@ Doosan,RP,,0.0,0.0,1,7,0,0,0,0,1,0,0,,Away,잠실 야구장,17:00,26.2
백승현,2024,LG,2024-03-31,@ Kiwoom,RP,,0.0,,0,12,3,3,1,0,0,2,0,,Away,고척 스카이돔,14:00,25.5
백승현,2024,LG,2024-03-27,vs. Samsung,RP,,0.0,0.0,1,6,0,0,0,0,0,0,0,,Home,잠실 야구장,18:30,13.1
백승현,2024,LG,2024-03-24,vs. Hanwha,RP,,40.5,4.5,0 ⅔,19,3,3,1,0,0,2,0,,Home,잠실 야구장,14:00,21.7
백승현,2023,LG,2023-10-15,vs. Doosan,RP,H,0.0,0.0,1,11,0,0,0,0,0,0,0,,Home,잠실 야구장,14:00,20.7
백승현,2023,LG,2023-10-10,vs. Lotte,RP,,0.0,0.0,1,13,0,0,0,0,1,0,0,,Home,잠실 야구장,18:30,20.5
백승현,2023,LG,2023-10-06,vs. Kia,RP,,0.0,2.0,1,15,0,0,2,0,0,0,0,,Home,잠실 야구장,18:30,18.8
백승현,2023,LG,2023-10-04,@ Lotte,RP,W,0.0,2.0,1,21,0,0,0,0,1,2,0,,Away,사직 야구장,18:30,22.8
백승현,2023,LG,2023-10-02,@ KT,RP,H,0.0,2.0,1,19,0,0,2,0,1,0,0,,Away,수원 KT 위즈파크,18:30,20.8
백승현,2023,LG,2023-10-01,@ Doosan,RP,SV,0.0,1.0,1,6,0,0,1,0,0,0,0,,Away,잠실 야구장,14:00,22.6
백승현,2023,LG,2023-09-29,@ Doosan,RP,,0.0,0.0,1,13,0,0,0,0,0,0,0,,Away,잠실 야구장,18:30,22.8
백승현,2023,LG,2023-09-27,vs. KT,RP,H,0.0,6.0,0 ⅓,12,0,0,1,0,0,1,0,,Home,잠실 야구장,18:30,25.0
백승현,2023,LG,2023-09-23,vs. Hanwha,RP,H,0.0,6.0,0 ⅓,16,0,0,1,0,0,1,0,,Home,잠실 야구장,17:00,26.0
백승현,2023,LG,2023-09-21,@ SSG,RP,SV,0.0,0.6,1 ⅔,28,0,0,0,0,0,1,0,,Away,인천 SSG 랜더스필드,18:30,21.5
백승현,2023,LG,2023-09-19,@ Kia,RP,H,0.0,1.0,1,9,0,0,1,0,0,0,0,,Away,광주 기아 챔피언스 필드,18:30,28.0
백승현,2023,LG,2023-09-17,vs. SSG,RP,,9.0,3.0,1,18,1,1,3,0,0,0,0,,Home,잠실 야구장,14:00,28.1
백승현,2023,LG,2023-09-16,vs. SSG,RP,H,0.0,1.5,0 ⅔,14,0,0,0,0,2,1,0,,Home,잠실 야구장,17:00,27.7
백승현,2023,LG,2023-09-10,@ Kia,RP,,0.0,1.0,1,17,0,0,1,0,1,0,0,,Away,광주 기아 챔피언스 필드,14:00,29.4
백승현,2023,LG,2023-09-08,@ Kia,RP,,0.0,0.75,1 ⅓,29,0,0,0,0,2,1,0,,Away,광주 기아 챔피언스 필드,18:30,28.2
백승현,2023,LG,2023-09-06,@ KT,RP,H,0.0,3.0,0 ⅓,8,0,0,1,0,1,0,0,,Away,수원 KT 위즈파크,18:30,30.3
백승현,2023,LG,2023-09-05,@ KT,RP,H,0.0,0.0,1,15,0,0,0,0,1,0,0,,Away,수원 KT 위즈파크,18:30,31.2
백승현,2023,LG,2023-09-03,vs. Hanwha,RP,,0.0,1.0,1,12,0,0,0,0,0,1,0,,Home,잠실 야구장,14:00,29.9
백승현,2023,LG,2023-08-31,vs. Doosan,RP,,0.0,0.0,1,10,0,0,0,0,2,0,0,,Home,잠실 야구장,18:30,27.6
백승현,2023,LG,2023-08-27,@ NC,RP,,18.0,4.0,1,24,2,2,3,0,0,1,0,,Away,창원 NC 파크,17:00,30.8
백승현,2023,LG,2023-08-26,@ NC,RP,,9.0,1.0,1,13,1,1,1,1,1,0,0,,Away,창원 NC 파크,18:00,30.0
백승현,2023,LG,2023-08-20,@ SSG,RP,,0.0,1.0,1,18,0,0,0,0,1,1,0,,Away,인천 SSG 랜더스필드,17:00,31.3
백승현,2023,LG,2023-08-18,@ SSG,RP,W,0.0,1.0,1,15,0,0,0,0,0,1,0,,Away,인천 SSG 랜더스필드,18:30,30.5
백승현,2023,LG,2023-08-16,@ Samsung,RP,,9.0,1.0,1,12,1,1,1,1,0,0,0,,Away,대구 삼성 라이온즈 파크,18:30,27.6
백승현,2023,LG,2023-08-13,vs. Kiwoom,RP,,0.0,1.0,1,13,0,0,0,0,1,1,0,,Home,잠실 야구장,17:00,31.2
백승현,2023,LG,2023-08-11,vs. Kiwoom,RP,,0.0,1.0,1,18,0,0,1,0,1,0,0,,Home,잠실 야구장,18:30,27.4
백승현,2023,LG,2023-08-09,@ Kia,RP,H,0.0,0.0,1,9,0,0,0,0,0,0,0,,Away,광주 기아 챔피언스 필드,18:30,29.2
백승현,2023,LG,2023-08-05,@ Samsung,RP,,0.0,1.0,1,18,0,0,0,0,1,1,0,,Away,대구 삼성 라이온즈 파크,18:00,31.9
백승현,2023,LG,2023-08-03,vs. Kiwoom,RP,,0.0,2.0,1,26,0,0,2,0,1,0,0,,Home,잠실 야구장,18:30,32.8
백승현,2023,LG,2023-08-01,vs. Kiwoom,RP,H,0.0,4.5,0 ⅔,17,0,0,2,0,1,1,0,,Home,잠실 야구장,18:30,33.9
백승현,2023,LG,2023-07-30,@ Doosan,RP,,0.0,1.0,1,16,0,0,0,0,0,1,0,,Away,잠실 야구장,17:00,33.6
백승현,2023,LG,2023-07-28,@ Doosan,RP,,0.0,0.0,1,5,0,0,0,0,0,0,0,,Away,잠실 야구장,18:30,32.7
백승현,2023,LG,2023-07-26,@ KT,RP,,0.0,2.0,1,19,0,0,1,0,1,1,0,,Away,수원 KT 위즈파크,18:30,29.0
백승현,2023,LG,2023-06-15,vs. Samsung,RP,,0.0,0.0,1,20,0,0,0,0,1,0,0,,Home,잠실 야구장,18:30,26.9
백승현,2023,LG,2023-06-14,vs. Samsung,RP,SV,0.0,0.0,0 ⅔,13,0,0,0,0,1,0,0,,Home,잠실 야구장,18:30,25.0
백승현,2023,LG,2023-06-11,@ Hanwha,RP,,0.0,1.0,1,21,0,0,0,0,1,1,0,,Away,대전 한화생명 볼파크,17:00,27.3
백승현,2023,LG,2023-06-09,@ Hanwha,RP,,27.0,3.0,0 ⅔,12,2,2,2,0,0,0,0,,Away,대전 한화생명 볼파크,18:30,25.3
백승현,2023,LG,2023-06-07,@ Kiwoom,RP,,0.0,2.0,1,24,0,0,1,0,2,1,0,,Away,고척 스카이돔,18:30,25.5
백승현,2023,LG,2023-06-04,vs. NC,RP,,0.0,0.0,1,12,0,0,0,0,2,0,0,,Home,잠실 야구장,17:00,25.2
백승현,2023,LG,2023-04-06,@ Kiwoom,RP,H,0.0,1.0,1,11,0,0,1,0,0,0,0,,Away,고척 스카이돔,18:30,25.5
백승현,2023,LG,2023-04-02,@ KT,RP,,0.0,0.0,2,25,0,0,0,0,3,0,0,,Away,수원 KT 위즈파크,14:00,23.1
백승현,2023,LG,2023-04-01,@ KT,RP,,0.0,0.0,0 ⅓,1,0,0,0,0,0,0,0,,Away,수원 KT 위즈파크,14:00,24.0
백승현,2022,LG,2022-10-11,vs. KT,RP,,27.0,9.0,0 ⅓,20,1,1,2,0,0,1,0,,Home,잠실 야구장,18:30,14.4
백승현,2022,LG,2022-10-08,@ Lotte,RP,,0.0,1.0,1,9,0,0,1,0,0,0,0,,Away,사직 야구장,17:00,18.9
백승현,2022,LG,2022-10-06,@ Kia,RP,L,18.0,2.0,1,19,2,2,2,1,0,0,0,,Away,광주 기아 챔피언스 필드,18:30,17.5
백승현,2022,LG,2022-10-04,vs. Kia,RP,,27.0,3.0,0 ⅓,5,1,1,1,0,0,0,0,,Home,잠실 야구장,18:30,17.4
백승현,2022,LG,2022-10-01,vs. NC,RP,,0.0,1.5,0 ⅔,10,0,0,1,0,1,0,0,,Home,잠실 야구장,17:00,25.1
백승현,2022,LG,2022-09-29,vs. KT,RP,,0.0,1.5,1 ⅓,19,0,0,1,0,1,1,0,,Home,잠실 야구장,18:30,24.3
백승현,2022,LG,2022-06-10,vs. Doosan,RP,,108.0,12.0,0 ⅓,17,4,4,2,1,1,2,0,,Home,잠실 야구장,18:30,23.4
백승현,2022,LG,2022-06-04,vs. SSG,RP,,0.0,6.0,0 ⅓,16,1,0,1,0,0,1,0,,Home,잠실 야구장,17:00,28.4
백승현,2022,LG,2022-06-01,@ Lotte,RP,H,6.0,1.67,3,36,2,2,4,0,0,1,0,,Away,사직 야구장,18:30,23.6
백승현,2022,LG,2022-05-28,vs. Samsung,RP,,27.0,3.0,0 ⅔,19,2,2,0,0,0,2,0,,Home,잠실 야구장,17:00,27.8
백승현,2022,LG,2022-04-26,@ Samsung,RP,,0.0,1.5,0 ⅔,12,0,0,0,0,0,1,0,,Away,대구 삼성 라이온즈 파크,18:30,17.7
백승현,2022,LG,2022-04-23,@ Doosan,RP,,0.0,0.0,0 ⅓,2,0,0,0,0,0,0,0,,Away,잠실 야구장,17:00,24.7
백승현,2021,LG,2021-10-30,@ Lotte,RP,,0.0,1.0,1,15,0,0,1,0,1,0,0,,Away,사직 야구장,17:00,17.9
백승현,2021,LG,2021-10-27,@ Hanwha,RP,,0.0,1.0,1,18,0,0,0,0,1,1,0,,Away,대전 한화생명 볼파크,18:30,14.7
백승현,2021,LG,2021-10-25,vs. Lotte,RP,,6.75,0.75,1 ⅓,23,1,1,1,0,1,0,0,,Home,잠실 야구장,18:30,14.3
백승현,2021,LG,2021-10-24,@ Doosan,RP,,0.0,0.5,2,25,0,0,1,0,1,0,0,,Away,잠실 야구장,14:00,16.7
백승현,2021,LG,2021-10-21,vs. Kiwoom,RP,,0.0,1.5,0 ⅔,12,0,0,0,0,0,1,0,,Home,잠실 야구장,18:30,12.3
백승현,2021,LG,2021-10-19,vs. Kiwoom,RP,,0.0,0.0,0 ⅓,2,0,0,0,0,0,0,0,,Home,잠실 야구장,18:30,11.3
백승현,2021,LG,2021-10-17,@ NC,RP,,0.0,1.5,0 ⅔,16,0,0,1,0,1,0,1,,Away,창원 NC 파크,14:00,13.2
백승현,2021,LG,2021-10-15,@ Lotte,RP,,0.0,0.6,1 ⅔,29,0,0,0,0,0,1,0,,Away,사직 야구장,18:30,22.0
백승현,2021,LG,2021-10-13,@ Lotte,RP,,27.0,3.0,0 ⅔,24,2,2,2,0,1,0,1,,Away,사직 야구장,18:30,20.2
백승현,2021,LG,2021-10-11,vs. KT,RP,,0.0,1.0,1,15,0,0,1,0,0,0,0,,Home,잠실 야구장,18:30,16.7
백승현,2021,LG,2021-10-06,vs. SSG,RP,,0.0,0.75,1 ⅓,19,0,0,0,0,1,1,0,,Home,잠실 야구장,18:30,19.2
백승현,2021,LG,2021-10-05,vs. SSG,RP,,9.0,2.0,1,20,1,1,2,0,1,0,0,,Home,잠실 야구장,18:30,23.5
백승현,2021,LG,2021-10-01,vs. Doosan,RP,,0.0,0.75,1 ⅓,17,0,0,1,0,2,0,0,,Home,잠실 야구장,18:30,23.9
백승현,2021,LG,2021-09-30,vs. Doosan,RP,H,0.0,0.0,0 ⅓,2,0,0,0,0,0,0,0,,Home,잠실 야구장,18:30,25.4
백승현,2021,LG,2021-09-23,vs. Samsung,RP,,0.0,2.25,1 ⅓,16,0,0,3,0,0,0,0,,Home,잠실 야구장,18:30,23.8
백승현,2021,LG,2021-06-05,@ Kia,RP,,0.0,0.0,1,9,0,0,0,0,0,0,0,,Away,광주 기아 챔피언스 필드,17:00,26.5
임찬규,2024,LG,2024-09-24,@ SSG,SP,W,5.4,1.2,5,86,3,3,4,1,5,2,0,50.0,Away,인천 SSG 랜더스필드,18:30,24.0
임찬규,2024,LG,2024-09-18,@ Lotte,SP,,1.35,1.2,6 ⅔,99,1,1,7,0,4,1,0,59.0,Away,사직 야구장,18:30,31.3
임찬규,2024,LG,2024-09-10,vs. Lotte,SP,,1.5,1.17,6,99,1,1,6,1,4,1,0,59.0,Home,잠실 야구장,18:30,32.4
임찬규,2024,LG,2024-09-04,vs. SSG,SP,W,0.0,0.29,7,81,0,0,2,0,10,0,0,83.0,Home,잠실 야구장,18:30,31.7
임찬규,2024,LG,2024-08-27,vs. KT,SP,W,0.0,1.0,6,92,0,0,3,0,6,3,0,69.0,Home,잠실 야구장,18:30,29.6
임찬규,2024,LG,2024-08-21,vs. SSG,SP,L,1.5,0.83,6,90,1,1,5,0,8,0,0,66.0,Home,잠실 야구장,18:30,31.8
임찬규,2024,LG,2024-08-15,@ Hanwha,SP,W,2.7,1.35,6 ⅔,99,2,2,7,0,8,2,1,57.0,Away,대전 한화생명 볼파크,18:30,32.7
임찬규,2024,LG,2024-08-09,vs. NC,SP,,23.63,4.13,2 ⅔,76,7,7,9,0,2,2,0,12.0,Home,잠실 야구장,18:30,33.1
임찬규,2024,LG,2024-08-01,vs. Samsung,SP,L,3.38,2.63,5 ⅓,107,2,2,9,0,7,5,0,44.0,Home,잠실 야구장,18:30,33.7
임찬규,2024,LG,2024-07-19,vs. Doosan,SP,W,7.5,1.17,6,93,5,5,7,2,5,0,1,42.0,Home,잠실 야구장,18:30,30.5
임찬규,2024,LG,2024-07-11,vs. Kia,SP,L,4.5,1.0,6,92,3,3,6,0,6,0,0,54.0,Home,잠실 야구장,18:30,29.5
임찬규,2024,LG,2024-07-04,@ Kiwoom,SP,W,1.5,0.83,6,86,1,1,4,0,4,1,0,63.0,Away,고척 스카이돔,18:30,25.5
임찬규,2024,LG,2024-06-23,vs. KT,SP,W,1.8,1.4,5,90,1,1,3,1,8,4,1,60.0,Home,잠실 야구장,17:00,28.6
임찬규,2024,LG,2024-05-29,@ SSG,SP,W,2.57,1.43,7,105,2,2,9,0,6,1,0,56.0,Away,인천 SSG 랜더스필드,18:30,22.4
임찬규,2024,LG,2024-05-23,@ Hanwha,SP,W,6.75,1.13,5 ⅓,86,4,4,4,1,3,2,2,43.0,Away,대전 한화생명 볼파크,18:30,27.9
임찬규,2024,LG,2024-05-17,@ KT,SP,W,1.69,1.69,5 ⅓,105,1,1,7,1,5,2,0,53.0,Away,수원 KT 위즈파크,18:30,22.1
임찬규,2024,LG,2024-05-09,vs. SSG,SP,,1.5,1.0,6,101,1,1,4,0,7,2,0,65.0,Home,잠실 야구장,18:30,19.1
임찬규,2024,LG,2024-05-02,@ NC,SP,,0.0,0.8,5,88,0,0,3,0,9,1,0,69.0,Away,창원 NC 파크,18:30,15.8
임찬규,2024,LG,2024-04-28,vs. Kia,RP,H,0.0,1.0,1,15,0,0,1,0,0,0,0,,Home,잠실 야구장,14:00,27.6
임찬규,2024,LG,2024-04-23,@ Samsung,SP,,5.06,1.13,5 ⅓,73,3,3,6,0,4,0,0,48.0,Away,대구 삼성 라이온즈 파크,18:30,14.6
임찬규,2024,LG,2024-04-17,vs. Lotte,SP,,5.4,2.2,5,89,3,3,8,2,7,3,0,43.0,Home,잠실 야구장,18:30,19.0
임찬규,2024,LG,2024-04-11,@ Kia,SP,L,7.2,2.4,5,96,4,4,10,0,6,2,0,35.0,Away,광주 기아 챔피언스 필드,18:30,19.5
임찬규,2024,LG,2024-04-05,vs. KT,SP,,9.82,3.0,3 ⅔,93,4,4,6,1,4,5,0,32.0,Home,잠실 야구장,18:30,16.4
임찬규,2024,LG,2024-03-30,@ Kiwoom,SP,L,9.0,1.8,5,91,6,5,7,0,3,2,0,32.0,Away,고척 스카이돔,17:00,25.5
임찬규,2024,LG,2024-03-24,vs. Hanwha,SP,L,4.5,1.33,6,93,3,3,7,2,5,1,0,50.0,Home,잠실 야구장,14:00,21.7
임찬규,2023,LG,2023-10-15,vs. Doosan,SP,W,1.59,0.88,5 ⅔,92,1,1,4,0,3,1,0,59.0,Home,잠실 야구장,14:00,20.7
임찬규,2023,LG,2023-10-05,@ Lotte,SP,W,1.42,1.42,6 ⅓,101,1,1,6,0,4,3,1,57.0,Away,사직 야구장,18:30,18.8
임찬규,2023,LG,2023-09-29,@ Doosan,SP,,5.4,1.8,5,99,3,3,7,2,3,2,0,42.0,Away,잠실 야구장,18:30,22.8
임찬규,2023,LG,2023-09-23,vs. Hanwha,SP,W,1.13,0.63,8,96,1,1,5,1,6,0,0,74.0,Home,잠실 야구장,17:00,26.0
임찬규,2023,LG,2023-09-17,vs. SSG,SP,W,3.6,1.4,5,105,2,2,6,0,4,1,1,49.0,Home,잠실 야구장,14:00,28.1
임찬규,2023,LG,2023-09-09,@ Kia,SP,,4.76,1.41,5 ⅔,98,4,3,6,1,1,2,0,42.0,Away,광주 기아 챔피언스 필드,17:00,29.1
임찬규,2023,LG,2023-09-03,vs. Hanwha,SP,L,3.6,1.4,5,98,5,2,4,0,5,3,0,47.0,Home,잠실 야구장,14:00,29.9
임찬규,2023,LG,2023-08-27,@ NC,SP,,0.0,,0,9,1,1,2,0,0,0,1,41.0,Away,창원 NC 파크,17:00,30.8
임찬규,2023,LG,2023-08-19,@ SSG,SP,W,3.6,1.8,5,90,2,2,6,0,4,3,0,48.0,Away,인천 SSG 랜더스필드,18:00,30.1
임찬규,2023,LG,2023-08-13,vs. Kiwoom,SP,W,9.0,2.4,5,92,5,5,11,0,4,1,1,27.0,Home,잠실 야구장,17:00,31.2
임찬규,2023,LG,2023-08-06,@ Samsung,SP,W,1.8,1.6,5,101,1,1,5,1,7,3,0,57.0,Away,대구 삼성 라이온즈 파크,17:00,33.0
임찬규,2023,LG,2023-08-01,vs. Kiwoom,SP,W,3.18,1.24,5 ⅔,92,2,2,5,0,5,2,0,54.0,Home,잠실 야구장,18:30,33.9
임찬규,2023,LG,2023-07-26,@ KT,SP,,6.23,2.31,4 ⅓,92,3,3,6,0,2,4,0,37.0,Away,수원 KT 위즈파크,18:30,29.0
임찬규,2023,LG,2023-07-05,vs. KT,SP,L,7.2,1.8,5,104,6,4,8,0,4,1,0,34.0,Home,잠실 야구장,18:30,27.5
임찬규,2023,LG,2023-06-27,@ SSG,SP,W,0.0,0.83,6,96,0,0,1,0,3,4,0,69.0,Away,인천 SSG 랜더스필드,18:30,27.8
임찬규,2023,LG,2023-06-21,@ NC,SP,,3.86,1.0,7,100,3,3,7,2,4,0,1,54.0,Away,창원 NC 파크,18:30,24.6
임찬규,2023,LG,2023-06-15,vs. Samsung,SP,,5.4,1.8,5,97,3,3,5,0,1,4,0,42.0,Home,잠실 야구장,18:30,26.9
임찬규,2023,LG,2023-06-09,@ Hanwha,SP,,1.69,0.94,5 ⅓,85,2,1,4,0,6,1,0,59.0,Away,대전 한화생명 볼파크,18:30,25.3
임찬규,2023,LG,2023-06-03,vs. NC,SP,L,12.6,2.0,5,92,7,7,7,2,1,3,0,23.0,Home,잠실 야구장,17:00,25.5
임찬규,2023,LG,2023-05-28,@ Kia,SP,W,0.0,0.57,7,87,0,0,4,0,5,0,0,74.0,Away,광주 기아 챔피언스 필드,14:00,24.6
임찬규,2023,LG,2023-05-23,@ SSG,SP,W,1.5,0.67,6,95,1,1,3,1,3,1,0,64.0,Away,인천 SSG 랜더스필드,18:30,21.8
임찬규,2023,LG,2023-05-17,vs. KT,SP,W,3.6,2.0,5,84,2,2,8,0,2,2,0,43.0,Home,잠실 야구장,18:30,25.3
임찬규,2023,LG,2023-05-11,vs. Kiwoom,SP,W,0.0,0.83,6,80,0,0,3,0,5,2,0,69.0,Home,잠실 야구장,18:30,24.2
임찬규,2023,LG,2023-04-28,vs. Kia,SP,,1.69,0.94,5 ⅓,83,2,1,4,0,6,1,0,59.0,Home,잠실 야구장,18:30,17.8
임찬규,2023,LG,2023-04-22,@ Hanwha,SP,W,0.0,1.0,5,78,0,0,2,0,5,3,0,65.0,Away,대전 한화생명 볼파크,17:00,20.0
임찬규,2023,LG,2023-04-16,vs. Doosan,SP,,2.7,2.4,3 ⅓,61,1,1,5,0,1,3,0,44.0,Home,잠실 야구장,14:00,14.4
임찬규,2023,LG,2023-04-11,@ Lotte,RP,,7.71,1.71,2 ⅓,46,2,2,3,0,3,1,0,,Away,사직 야구장,18:30,17.6
임찬규,2023,LG,2023-04-09,vs. Samsung,RP,,0.0,1.0,1,22,0,0,0,0,1,1,0,,Home,잠실 야구장,14:00,17.4
임찬규,2023,LG,2023-04-05,@ Kiwoom,RP,,0.0,0.75,2 ⅔,43,0,0,2,0,3,0,0,,Away,고척 스카이돔,18:30,25.5
임찬규,2023,LG,2023-04-02,@ KT,RP,H,13.5,2.5,2,40,3,3,3,0,2,2,0,,Away,수원 KT 위즈파크,14:00,23.1
임찬규,2022,LG,2022-10-11,vs. KT,SP,,18.0,2.5,2,42,4,4,4,1,2,1,0,33.0,Home,잠실 야구장,18:30,14.4
임찬규,2022,LG,2022-10-04,vs. Kia,SP,L,7.2,1.6,5,86,4,4,5,1,4,3,0,42.0,Home,잠실 야구장,18:30,17.4
임찬규,2022,LG,2022-09-28,@ Hanwha,SP,W,0.0,0.5,6,86,0,0,2,0,7,1,1,73.0,Away,대전 한화생명 볼파크,18:30,23.0
임찬규,2022,LG,2022-09-22,vs. Lotte,SP,L,7.11,1.42,6 ⅓,78,5,5,9,0,4,0,0,39.0,Home,잠실 야구장,18:30,22.7
임찬규,2022,LG,2022-09-14,@ Doosan,SP,L,6.23,1.85,4 ⅓,77,3,3,7,0,5,1,0,41.0,Away,잠실 야구장,18:30,24.7
임찬규,2022,LG,2022-09-08,@ Kiwoom,SP,,3.0,1.17,6,87,2,2,5,0,2,2,1,53.0,Away,고척 스카이돔,18:30,25.5
임찬규,2022,LG,2022-08-27,vs. Kiwoom,SP,W,0.0,1.0,5,75,0,0,4,0,5,1,0,63.0,Home,잠실 야구장,18:00,24.0
임찬규,2022,LG,2022-08-21,vs. Doosan,SP,L,4.15,1.85,4 ⅓,77,3,2,5,0,3,3,0,43.0,Home,잠실 야구장,17:00,32.2
임찬규,2022,LG,2022-08-14,@ NC,SP,L,18.0,3.5,2,55,4,4,5,0,2,2,1,29.0,Away,창원 NC 파크,17:00,31.9
임찬규,2022,LG,2022-08-03,@ Lotte,SP,W,0.0,0.95,6 ⅓,82,1,0,3,0,4,3,0,66.0,Away,사직 야구장,18:30,30.9
임찬규,2022,LG,2022-07-27,@ SSG,SP,L,4.76,1.24,5 ⅔,84,3,3,5,1,3,2,0,48.0,Away,인천 SSG 랜더스필드,18:30,30.7
임찬규,2022,LG,2022-07-09,@ Doosan,SP,,7.2,1.8,5,91,4,4,7,1,5,2,0,40.0,Away,잠실 야구장,18:00,31.6
임찬규,2022,LG,2022-07-03,vs. Lotte,SP,,0.0,0.8,5,54,0,0,3,0,3,1,1,62.0,Home,잠실 야구장,17:00,33.2
임찬규,2022,LG,2022-06-24,@ KT,SP,,7.2,1.2,5,76,4,4,5,3,3,1,0,43.0,Away,수원 KT 위즈파크,18:30,25.6
임찬규,2022,LG,2022-06-18,@ Kiwoom,SP,L,3.6,1.6,5,80,2,2,8,1,4,0,0,47.0,Away,고척 스카이돔,17:00,25.5
임찬규,2022,LG,2022-05-25,vs. Kiwoom,SP,L,13.5,2.1,3 ⅓,66,5,5,7,1,3,0,0,29.0,Home,잠실 야구장,18:30,22.5
임찬규,2022,LG,2022-05-19,@ KT,SP,W,0.0,1.4,5,84,0,0,3,0,3,4,0,60.0,Away,수원 KT 위즈파크,18:30,22.1
임찬규,2022,LG,2022-05-13,vs. Kia,SP,L,15.43,3.0,2 ⅓,55,4,4,4,0,0,3,1,29.0,Home,잠실 야구장,18:30,21.6
임찬규,2022,LG,2022-05-01,vs. Lotte,SP,L,7.36,1.91,3 ⅔,72,3,3,4,0,0,3,0,38.0,Home,잠실 야구장,14:00,18.5
임찬규,2022,LG,2022-04-24,@ Doosan,SP,W,0.0,0.6,5,74,0,0,2,0,3,1,0,65.0,Away,잠실 야구장,14:00,24.1
임찬규,2022,LG,2022-04-17,@ Hanwha,SP,,13.5,4.5,1 ⅓,37,2,2,4,0,0,2,0,36.0,Away,대전 한화생명 볼파크,14:00,20.8
임찬규,2022,LG,2022-04-12,vs. SSG,SP,L,7.2,1.6,5,80,4,4,8,1,4,0,1,38.0,Home,잠실 야구장,18:30,17.9
임찬규,2022,LG,2022-04-05,@ Kiwoom,SP,W,5.4,1.4,5,94,3,3,4,0,6,3,1,49.0,Away,고척 스카이돔,18:30,25.5
임찬규,2021,LG,2021-10-29,@ Lotte,SP,,0.0,1.29,4 ⅔,70,0,0,5,0,6,1,0,59.0,Away,사직 야구장,18:30,16.0
임찬규,2021,LG,2021-10-24,@ Doosan,SP,,4.15,2.08,4 ⅓,92,2,2,4,0,1,5,0,43.0,Away,잠실 야구장,14:00,16.7
임찬규,2021,LG,2021-10-19,vs. Kiwoom,SP,L,9.0,1.4,5,71,5,5,6,1,4,1,0,38.0,Home,잠실 야구장,18:30,11.3
임찬규,2021,LG,2021-10-13,@ Lotte,SP,,3.6,1.6,5,90,2,2,7,0,3,1,0,47.0,Away,사직 야구장,18:30,20.2
임찬규,2021,LG,2021-10-06,vs. SSG,SP,L,4.05,0.9,6 ⅔,103,3,3,4,0,7,2,1,58.0,Home,잠실 야구장,18:30,19.2
임찬규,2021,LG,2021-10-01,vs. Doosan,SP,L,3.18,0.88,5 ⅔,85,2,2,3,0,5,2,0,58.0,Home,잠실 야구장,18:30,23.9
임찬규,2021,LG,2021-09-25,@ KT,SP,,0.0,0.57,7,92,0,0,3,0,3,1,0,73.0,Away,수원 KT 위즈파크,17:00,24.5
임찬규,2021,LG,2021-09-19,vs. Kia,SP,,2.57,1.0,7,94,3,2,5,1,6,2,0,61.0,Home,잠실 야구장,14:00,27.0
임찬규,2021,LG,2021-09-14,@ Samsung,SP,,3.18,0.88,5 ⅔,89,2,2,4,1,4,1,0,56.0,Away,대구 삼성 라이온즈 파크,18:30,24.4
임찬규,2021,LG,2021-09-08,@ SSG,SP,L,6.75,1.69,5 ⅓,102,4,4,4,1,5,5,1,43.0,Away,인천 SSG 랜더스필드,18:30,25.2
임찬규,2021,LG,2021-08-26,vs. Samsung,SP,,2.08,1.62,4 ⅓,77,1,1,5,1,4,2,0,51.0,Home,잠실 야구장,18:30,29.5
임찬규,2021,LG,2021-08-19,@ KT,SP,,0.0,0.79,6 ⅓,92,0,0,3,0,4,2,0,69.0,Away,수원 KT 위즈파크,18:30,29.2
임찬규,2021,LG,2021-08-13,vs. Lotte,SP,L,1.5,0.83,6,78,2,1,4,0,5,1,0,62.0,Home,잠실 야구장,18:30,29.6
임찬규,2021,LG,2021-07-01,vs. KT,SP,L,4.5,1.67,6,87,6,3,7,1,4,3,0,41.0,Home,잠실 야구장,18:30,30.3
임찬규,2021,LG,2021-06-22,@ SSG,SP,W,1.29,0.86,7,92,1,1,2,1,4,4,1,68.0,Away,인천 SSG 랜더스필드,18:30,23.5
임찬규,2021,LG,2021-04-24,@ Hanwha,SP,L,47.25,7.5,1 ⅓,65,8,7,5,0,2,5,0,11.0,Away,대전 한화생명 볼파크,17:00,22.9
임찬규,2021,LG,2021-04-13,@ Kiwoom,SP,L,10.8,2.4,3 ⅓,67,4,4,5,0,0,3,0,31.0,Away,고척 스카이돔,18:30,25.5
임찬규,2020,LG,2020-10-28,vs. Hanwha,SP,,7.71,2.57,4 ⅔,111,4,4,9,0,6,3,0,33.0,Home,잠실 야구장,18:30,14.4
임찬규,2020,LG,2020-10-20,@ KT,SP,W,3.18,1.59,5 ⅔,94,2,2,7,0,5,2,0,50.0,Away,수원 KT 위즈파크,18:30,17.9
임찬규,2020,LG,2020-10-14,@ Lotte,SP,L,1.5,1.67,6,95,1,1,8,0,6,2,0,56.0,Away,사직 야구장,18:30,18.2
임찬규,2020,LG,2020-10-07,vs. Samsung,SP,,0.0,0.71,7,110,1,0,4,0,6,1,1,71.0,Home,잠실 야구장,18:30,19.7
임찬규,2020,LG,2020-10-01,vs. Lotte,SP,L,4.26,1.42,6 ⅓,101,3,3,6,0,3,3,0,49.0,Home,잠실 야구장,18:30,20.5
임찬규,2020,LG,2020-09-25,@ NC,SP,L,5.4,2.0,5,98,5,3,7,1,5,3,0,39.0,Away,창원 NC 파크,18:30,23.0
임찬규,2020,LG,2020-09-19,@ Doosan,SP,,13.5,2.0,4,92,6,6,6,2,4,2,0,28.0,Away,잠실 야구장,17:00,24.1
임찬규,2020,LG,2020-09-12,vs. Samsung,SP,L,7.2,1.4,5,97,4,4,4,2,6,3,0,46.0,Home,잠실 야구장,17:00,24.5
임찬규,2020,LG,2020-09-06,@ Lotte,SP,W,1.5,1.17,6,95,1,1,3,0,3,4,0,61.0,Away,사직 야구장,14:00,23.8
임찬규,2020,LG,2020-08-29,vs. Doosan,SP,,6.0,1.33,3,48,2,2,3,1,2,1,0,46.0,Home,잠실 야구장,18:00,30.4
임찬규,2020,LG,2020-08-23,vs. Hanwha,SP,L,1.5,1.17,6,104,3,1,3,0,5,4,0,59.0,Home,잠실 야구장,17:00,30.1
임찬규,2020,LG,2020-08-18,vs. Kia,SP,,11.25,2.75,4,99,5,5,6,0,5,5,0,30.0,Home,잠실 야구장,18:30,31.1
임찬규,2020,LG,2020-08-12,vs. Kia,SP,W,0.0,0.8,5,96,0,0,0,0,9,4,0,72.0,Home,잠실 야구장,18:30,31.6
임찬규,2020,LG,2020-08-06,@ Kia,SP,L,10.38,2.31,4 ⅓,97,5,5,5,2,3,5,0,31.0,Away,광주 기아 챔피언스 필드,18:30,29.3
임찬규,2020,LG,2020-07-30,@ SK,SP,W,1.59,1.06,5 ⅔,103,1,1,3,0,6,3,1,61.0,Away,인천 SSG 랜더스필드,18:30,26.8
임찬규,2020,LG,2020-07-24,@ Doosan,RP,W,0.0,1.24,5 ⅔,92,0,0,4,0,2,3,0,,Away,잠실 야구장,18:30,26.3
임찬규,2020,LG,2020-07-17,vs. Hanwha,SP,W,0.0,0.67,6,93,0,0,2,0,5,2,0,71.0,Home,잠실 야구장,18:30,29.3
임찬규,2020,LG,2020-07-10,vs. NC,SP,L,9.0,1.75,4,72,4,4,6,0,3,1,0,36.0,Home,잠실 야구장,18:30,27.8
임찬규,2020,LG,2020-07-04,@ Samsung,SP,,5.14,1.57,7,109,4,4,9,1,4,2,0,45.0,Away,대구 삼성 라이온즈 파크,18:00,22.2
임찬규,2020,LG,2020-06-28,@ SK,SP,W,0.0,0.57,7,92,0,0,3,0,8,1,0,78.0,Away,인천 SSG 랜더스필드,17:00,26.9
임찬규,2020,LG,2020-06-17,@ Hanwha,SP,W,1.5,1.17,6,115,1,1,5,0,8,2,3,61.0,Away,대전 한화생명 볼파크,18:30,25.5
임찬규,2020,LG,2020-06-11,vs. SK,SP,,4.5,1.17,6,104,3,3,6,2,5,1,0,52.0,Home,잠실 야구장,18:30,29.5
임찬규,2020,LG,2020-06-05,@ Kiwoom,SP,L,9.0,1.67,6,101,6,6,8,2,6,2,0,36.0,Away,고척 스카이돔,18:30,25.5
임찬규,2020,LG,2020-05-30,@ Kia,SP,L,4.15,2.77,4 ⅓,95,6,2,8,0,2,4,0,29.0,Away,광주 기아 챔피언스 필드,17:00,24.8
임찬규,2020,LG,2020-05-24,vs. KT,SP,,6.0,1.17,6,95,4,4,6,0,8,1,0,51.0,Home,잠실 야구장,14:00,19.5
임찬규,2020,LG,2020-05-19,@ Samsung,SP,W,6.0,1.33,6,99,4,4,7,1,6,1,0,47.0,Away,대구 삼성 라이온즈 파크,18:30,17.3
임찬규,2020,LG,2020-05-13,vs. SK,SP,W,1.5,0.83,6,94,1,1,5,0,7,0,0,65.0,Home,잠실 야구장,18:30,20.0
김진성,2024,LG,2024-09-26,vs. Kiwoom,RP,H,0.0,2.0,1,13,0,0,2,0,1,0,0,,Home,잠실 야구장,18:30,26.5
김진성,2024,LG,2024-09-24,@ SSG,RP,,0.0,0.0,1,7,0,0,0,0,0,0,0,,Away,인천 SSG 랜더스필드,18:30,24.0
김진성,2024,LG,2024-09-22,vs. Doosan,RP,H,0.0,0.0,1,14,0,0,0,0,1,0,0,,Home,잠실 야구장,14:00,25.6
김진성,2024,LG,2024-09-21,vs. Doosan,RP,,0.0,0.0,1,13,0,0,0,0,0,0,0,,Home,잠실 야구장,17:00,23.1
김진성,2024,LG,2024-09-18,@ Lotte,RP,W,9.0,2.0,1,15,1,1,1,1,0,1,0,,Away,사직 야구장,18:30,31.3
김진성,2024,LG,2024-09-17,@ Lotte,RP,,0.0,1.0,1,17,0,0,1,0,0,0,0,,Away,사직 야구장,18:30,32.5
김진성,2024,LG,2024-09-14,@ NC,RP,H,13.5,1.5,1 ⅓,18,2,2,1,0,0,1,0,,Away,창원 NC 파크,17:00,32.2
김진성,2024,LG,2024-09-11,vs. Kiwoom,RP,,0.0,1.0,1,18,0,0,1,0,1,0,0,,Home,잠실 야구장,18:30,30.6
김진성,2024,LG,2024-09-10,vs. Lotte,RP,,0.0,1.0,1,12,0,0,1,0,0,0,0,,Home,잠실 야구장,18:30,32.4
김진성,2024,LG,2024-09-07,vs. Hanwha,RP,H,0.0,0.75,1 ⅓,23,0,0,0,0,3,1,0,,Home,잠실 야구장,17:00,30.7
김진성,2024,LG,2024-09-05,vs. SSG,RP,,0.0,0.0,1 ⅓,21,0,0,0,0,2,0,0,,Home,잠실 야구장,18:30,28.6
김진성,2024,LG,2024-08-28,vs. KT,RP,,27.0,3.0,1,19,3,3,3,2,1,0,0,,Home,잠실 야구장,18:30,31.7
김진성,2024,LG,2024-08-27,vs. KT,RP,,0.0,2.0,1,18,1,0,2,0,0,0,0,,Home,잠실 야구장,18:30,29.6
김진성,2024,LG,2024-08-25,@ Kiwoom,RP,L,18.0,5.0,1,19,2,2,4,0,2,1,0,,Away,고척 스카이돔,14:00,25.5
김진성,2024,LG,2024-08-23,@ Kiwoom,RP,,40.5,4.5,0 ⅔,15,3,3,3,1,0,0,0,,Away,고척 스카이돔,18:30,25.5
김진성,2024,LG,2024-08-20,vs. SSG,RP,,0.0,0.0,1 ⅓,17,0,0,0,0,2,0,0,,Home,잠실 야구장,18:30,34.4
김진성,2024,LG,2024-08-16,vs. Kia,RP,H,0.0,1.0,1,13,0,0,1,0,1,0,0,,Home,잠실 야구장,18:30,33.0
김진성,2024,LG,2024-08-14,@ Hanwha,RP,H,9.0,3.0,1,21,1,1,3,0,0,0,0,,Away,대전 한화생명 볼파크,18:30,32.0
김진성,2024,LG,2024-08-13,@ Hanwha,RP,W,0.0,0.0,1,10,0,0,0,0,0,0,0,,Away,대전 한화생명 볼파크,18:30,34.1
김진성,2024,LG,2024-08-11,vs. NC,RP,,0.0,0.0,2,20,0,0,0,0,2,0,0,,Home,잠실 야구장,17:00,33.4
김진성,2024,LG,2024-08-09,vs. NC,RP,H,0.0,0.0,1 ⅔,14,0,0,0,0,0,0,0,,Home,잠실 야구장,18:30,33.1
김진성,2024,LG,2024-08-08,@ Doosan,RP,H,0.0,0.0,0 ⅔,8,0,0,0,0,0,0,0,,Away,잠실 야구장,18:30,31.8
김진성,2024,LG,2024-08-06,@ Doosan,RP,,0.0,1.2,1 ⅔,24,0,0,1,0,2,1,0,,Away,잠실 야구장,18:30,33.7
김진성,2024,LG,2024-08-03,@ Lotte,RP,,0.0,3.0,0 ⅓,9,0,0,1,0,0,0,0,,Away,사직 야구장,18:00,33.0
김진성,2024,LG,2024-07-21,vs. Doosan,RP,,0.0,1.5,0 ⅔,14,0,0,1,0,1,0,0,,Home,잠실 야구장,17:00,30.8
김진성,2024,LG,2024-07-17,vs. SSG,RP,H,0.0,1.0,1,15,0,0,0,0,0,1,0,,Home,잠실 야구장,18:30,27.6
김진성,2024,LG,2024-07-14,@ Hanwha,RP,H,0.0,0.0,1,9,0,0,0,0,1,0,0,,Away,대전 한화생명 볼파크,17:00,28.7
김진성,2024,LG,2024-07-13,@ Hanwha,RP,,0.0,0.0,0 ⅓,4,0,0,0,0,0,0,0,,Away,대전 한화생명 볼파크,18:00,29.6
김진성,2024,LG,2024-07-12,@ Hanwha,RP,,81.0,9.0,0 ⅓,20,3,3,3,0,0,0,0,,Away,대전 한화생명 볼파크,18:30,30.4
김진성,2024,LG,2024-07-10,vs. Kia,RP,H,0.0,0.0,0 ⅔,10,0,0,0,0,1,0,0,,Home,잠실 야구장,18:30,30.8
김진성,2024,LG,2024-07-04,@ Kiwoom,RP,H,0.0,1.0,1,18,0,0,0,0,2,1,0,,Away,고척 스카이돔,18:30,25.5
김진성,2024,LG,2024-07-02,@ Kiwoom,RP,H,0.0,0.0,1,13,0,0,0,0,1,0,1,,Away,고척 스카이돔,18:30,25.5
김진성,2024,LG,2024-06-30,@ NC,RP,,54.0,9.0,0 ⅓,19,2,2,2,0,1,1,0,,Away,창원 NC 파크,17:00,27.5
김진성,2024,LG,2024-06-26,vs. Samsung,RP,,0.0,2.0,1,22,1,0,1,0,1,1,1,,Home,잠실 야구장,18:30,28.6
김진성,2024,LG,2024-06-23,vs. KT,RP,,0.0,1.0,1,14,1,0,1,0,2,0,0,,Home,잠실 야구장,17:00,28.6
김진성,2024,LG,2024-06-20,@ Kia,RP,L,18.0,2.0,1,24,2,2,2,2,0,0,0,,Away,광주 기아 챔피언스 필드,18:30,26.0
김진성,2024,LG,2024-06-19,@ Kia,RP,,9.0,1.0,1,18,1,1,1,1,0,0,0,,Away,광주 기아 챔피언스 필드,18:30,29.7
김진성,2024,LG,2024-06-15,vs. Lotte,RP,,18.0,4.0,1,30,2,2,3,1,0,1,0,,Home,잠실 야구장,17:00,28.2
김진성,2024,LG,2024-06-14,vs. Lotte,RP,H,0.0,0.0,1,9,0,0,0,0,0,0,0,,Home,잠실 야구장,18:30,27.3
김진성,2024,LG,2024-06-12,@ Samsung,RP,H,0.0,0.0,0 ⅔,7,0,0,0,0,0,0,0,,Away,대구 삼성 라이온즈 파크,18:30,25.3
김진성,2024,LG,2024-06-11,@ Samsung,RP,,6.75,0.75,1 ⅓,24,1,1,1,1,1,0,0,,Away,대구 삼성 라이온즈 파크,18:30,24.2
김진성,2024,LG,2024-06-06,vs. Kiwoom,RP,,0.0,0.0,1,10,0,0,0,0,2,0,0,,Home,잠실 야구장,18:30,26.7
김진성,2024,LG,2024-06-05,vs. Kiwoom,RP,,0.0,1.0,1,12,0,0,0,0,1,1,0,,Home,잠실 야구장,18:30,26.2
김진성,2024,LG,2024-06-01,@ Doosan,RP,,40.5,6.0,0 ⅔,24,3,3,4,1,1,0,0,,Away,잠실 야구장,17:00,23.7
김진성,2024,LG,2024-05-31,@ Doosan,RP,H,0.0,0.0,1 ⅔,18,0,0,0,0,2,0,0,,Away,잠실 야구장,18:30,21.4
김진성,2024,LG,2024-05-26,vs. NC,RP,H,0.0,1.0,1,20,0,0,0,0,3,1,0,,Home,잠실 야구장,14:00,20.2
김진성,2024,LG,2024-05-23,@ Hanwha,RP,H,0.0,1.5,1 ⅓,23,0,0,1,0,1,1,0,,Away,대전 한화생명 볼파크,18:30,27.9
김진성,2024,LG,2024-05-22,@ Hanwha,RP,,0.0,0.0,1 ⅔,17,0,0,0,0,1,0,0,,Away,대전 한화생명 볼파크,18:30,25.3
김진성,2024,LG,2024-05-18,@ KT,RP,SV,0.0,0.0,1,8,0,0,0,0,0,0,0,,Away,수원 KT 위즈파크,17:00,24.1
김진성,2024,LG,2024-05-17,@ KT,RP,H,0.0,1.5,0 ⅔,14,0,0,0,0,1,1,0,,Away,수원 KT 위즈파크,18:30,22.1
김진성,2024,LG,2024-05-16,vs. Kiwoom,RP,,0.0,0.0,1 ⅓,17,0,0,0,0,1,0,0,,Home,잠실 야구장,18:30,18.8
김진성,2024,LG,2024-05-12,@ Lotte,RP,W,0.0,2.0,2,26,0,0,2,0,0,2,0,,Away,사직 야구장,14:00,22.2
김진성,2024,LG,2024-05-11,@ Lotte,RP,H,0.0,1.0,1,14,0,0,1,0,1,0,1,,Away,사직 야구장,17:00,19.9
김진성,2024,LG,2024-05-09,vs. SSG,RP,H,0.0,0.0,0 ⅓,3,0,0,0,0,0,0,0,,Home,잠실 야구장,18:30,19.1
김진성,2024,LG,2024-05-08,vs. SSG,RP,H,0.0,1.0,1,17,0,0,1,0,2,0,0,,Home,잠실 야구장,18:30,18.6
김진성,2024,LG,2024-05-04,vs. Doosan,RP,,0.0,3.0,0 ⅔,14,0,0,1,0,0,1,0,,Home,잠실 야구장,17:00,25.9
김진성,2024,LG,2024-05-02,@ NC,RP,H,0.0,1.5,0 ⅔,24,0,0,0,0,2,1,2,,Away,창원 NC 파크,18:30,15.8
김진성,2024,LG,2024-04-28,vs. Kia,RP,,0.0,0.0,0 ⅔,12,0,0,0,0,1,0,0,,Home,잠실 야구장,14:00,27.6
김진성,2024,LG,2024-04-26,vs. Kia,RP,H,0.0,1.5,0 ⅔,10,0,0,1,0,2,0,0,,Home,잠실 야구장,18:30,23.8
김진성,2024,LG,2024-04-25,@ Samsung,RP,,18.0,3.0,1,21,2,2,2,1,1,1,0,,Away,대구 삼성 라이온즈 파크,18:30,17.6
김진성,2024,LG,2024-04-13,@ Doosan,RP,,13.5,3.0,0 ⅔,17,1,1,2,0,1,0,0,,Away,잠실 야구장,17:00,26.2
김진성,2024,LG,2024-04-10,@ Kia,RP,H,13.5,4.5,0 ⅔,22,1,1,2,0,1,1,0,,Away,광주 기아 챔피언스 필드,18:30,19.9
김진성,2024,LG,2024-04-07,vs. KT,RP,H,0.0,1.5,1 ⅓,27,0,0,1,0,0,1,0,,Home,잠실 야구장,14:00,22.0
김진성,2024,LG,2024-04-05,vs. KT,RP,,0.0,0.0,1,9,0,0,0,0,1,0,0,,Home,잠실 야구장,18:30,16.4
김진성,2024,LG,2024-04-04,vs. NC,RP,,0.0,0.0,1 ⅔,27,0,0,0,0,0,0,2,,Home,잠실 야구장,18:30,17.5
김진성,2024,LG,2024-04-02,vs. NC,RP,L,0.0,,0,19,1,1,2,0,0,2,0,,Home,잠실 야구장,18:30,20.0
김진성,2024,LG,2024-03-31,@ Kiwoom,RP,,0.0,0.0,1,13,0,0,0,0,0,0,0,,Away,고척 스카이돔,14:00,25.5
김진성,2024,LG,2024-03-29,@ Kiwoom,RP,H,0.0,2.0,1,25,0,0,2,0,2,0,0,,Away,고척 스카이돔,18:30,25.5
김진성,2024,LG,2024-03-27,vs. Samsung,RP,,0.0,0.0,1,11,0,0,0,0,1,0,0,,Home,잠실 야구장,18:30,13.1
김진성,2024,LG,2024-03-24,vs. Hanwha,RP,,0.0,0.0,1,13,0,0,0,0,2,0,0,,Home,잠실 야구장,14:00,21.7
김진성,2024,LG,2024-03-23,vs. Hanwha,RP,,0.0,0.0,1,9,0,0,0,0,2,0,0,,Home,잠실 야구장,14:00,15.9
김진성,2023,LG,2023-10-15,vs. Doosan,RP,SV,0.0,2.0,1,14,0,0,1,0,1,1,0,,Home,잠실 야구장,14:00,20.7
김진성,2023,LG,2023-10-10,vs. Lotte,RP,,0.0,0.0,1,7,0,0,0,0,2,0,0,,Home,잠실 야구장,18:30,20.5
김진성,2023,LG,2023-10-05,@ Lotte,RP,H,0.0,0.0,0 ⅔,9,0,0,0,0,1,0,0,,Away,사직 야구장,18:30,18.8
김진성,2023,LG,2023-10-02,@ KT,RP,W,0.0,1.0,2,24,0,0,0,0,1,2,0,,Away,수원 KT 위즈파크,18:30,20.8
김진성,2023,LG,2023-10-01,@ Doosan,RP,,9.0,1.0,1,16,1,1,1,1,0,0,0,,Away,잠실 야구장,14:00,22.6
김진성,2023,LG,2023-09-29,@ Doosan,RP,,0.0,1.0,1,12,0,0,1,0,0,0,0,,Away,잠실 야구장,18:30,22.8
김진성,2023,LG,2023-09-27,vs. KT,RP,H,0.0,0.0,0 ⅔,9,0,0,0,0,1,0,0,,Home,잠실 야구장,18:30,25.0
김진성,2023,LG,2023-09-27,vs. KT,RP,H,0.0,0.0,0 ⅔,9,0,0,0,0,1,0,0,,Home,잠실 야구장,18:30,25.0
김진성,2023,LG,2023-09-24,vs. Hanwha,RP,SV,0.0,0.0,0 ⅓,2,0,0,0,0,0,0,0,,Home,잠실 야구장,14:00,24.5
김진성,2023,LG,2023-09-23,vs. Hanwha,RP,SV,0.0,0.0,0 ⅔,7,0,0,0,0,1,0,0,,Home,잠실 야구장,17:00,26.0
김진성,2023,LG,2023-09-21,@ SSG,RP,H,0.0,3.0,0 ⅔,24,0,0,1,0,0,1,0,,Away,인천 SSG 랜더스필드,18:30,21.5
김진성,2023,LG,2023-09-19,@ Kia,RP,,9.0,1.0,1,8,1,1,1,1,0,0,0,,Away,광주 기아 챔피언스 필드,18:30,28.0
김진성,2023,LG,2023-09-17,vs. SSG,RP,H,0.0,6.0,0 ⅓,12,0,0,1,0,0,1,0,,Home,잠실 야구장,14:00,28.1
김진성,2023,LG,2023-09-16,vs. SSG,RP,W,0.0,1.5,0 ⅔,6,0,0,1,0,0,0,0,,Home,잠실 야구장,17:00,27.7
김진성,2023,LG,2023-09-15,@ Hanwha,RP,SV,0.0,0.0,1,13,0,0,0,0,2,0,0,,Away,대전 한화생명 볼파크,18:30,25.1
김진성,2023,LG,2023-09-10,@ Kia,RP,,0.0,4.5,0 ⅔,15,0,0,1,0,0,2,0,,Away,광주 기아 챔피언스 필드,14:00,29.4
김진성,2023,LG,2023-09-09,@ Kia,RP,H,0.0,0.0,1,11,0,0,0,0,2,0,0,,Away,광주 기아 챔피언스 필드,17:00,29.1
김진성,2023,LG,2023-09-06,@ KT,RP,H,0.0,1.5,0 ⅔,15,0,0,0,0,1,1,0,,Away,수원 KT 위즈파크,18:30,30.3
김진성,2023,LG,2023-09-05,@ KT,RP,H,0.0,0.0,1,17,0,0,0,0,3,0,0,,Away,수원 KT 위즈파크,18:30,31.2
김진성,2023,LG,2023-09-03,vs. Hanwha,RP,,0.0,1.0,1,14,0,0,1,0,0,0,0,,Home,잠실 야구장,14:00,29.9
김진성,2023,LG,2023-09-02,vs. Hanwha,RP,,0.0,0.0,1,11,0,0,0,0,1,0,0,,Home,잠실 야구장,17:00,28.8
김진성,2023,LG,2023-08-31,vs. Doosan,RP,W,0.0,0.0,1,18,0,0,0,0,2,0,0,,Home,잠실 야구장,18:30,27.6
김진성,2023,LG,2023-08-27,@ NC,RP,,0.0,1.0,1,5,0,0,1,0,0,0,0,,Away,창원 NC 파크,17:00,30.8
김진성,2023,LG,2023-08-26,@ NC,RP,H,9.0,1.0,1,16,1,1,1,1,1,0,0,,Away,창원 NC 파크,18:00,30.0
김진성,2023,LG,2023-08-25,@ NC,RP,,0.0,1.0,1,20,0,0,1,0,1,0,0,,Away,창원 NC 파크,18:30,29.8
김진성,2023,LG,2023-08-19,@ SSG,RP,,0.0,0.0,1,7,0,0,0,0,1,0,0,,Away,인천 SSG 랜더스필드,18:00,30.1
김진성,2023,LG,2023-08-18,@ SSG,RP,,0.0,1.0,1,24,0,0,1,0,1,0,0,,Away,인천 SSG 랜더스필드,18:30,30.5
김진성,2023,LG,2023-08-16,@ Samsung,RP,H,0.0,0.0,1,9,0,0,0,0,2,0,0,,Away,대구 삼성 라이온즈 파크,18:30,27.6
김진성,2023,LG,2023-08-12,vs. Kiwoom,RP,H,0.0,0.0,1,9,0,0,0,0,0,0,0,,Home,잠실 야구장,18:00,26.4
김진성,2023,LG,2023-08-11,vs. Kiwoom,RP,,0.0,3.0,0 ⅓,5,0,0,0,0,0,1,0,,Home,잠실 야구장,18:30,27.4
김진성,2023,LG,2023-08-09,@ Kia,RP,,54.0,9.0,0 ⅓,14,2,2,2,1,0,1,0,,Away,광주 기아 챔피언스 필드,18:30,29.2
김진성,2023,LG,2023-08-06,@ Samsung,RP,,0.0,0.0,1,15,0,0,0,0,1,0,0,,Away,대구 삼성 라이온즈 파크,17:00,33.0
김진성,2023,LG,2023-08-04,@ Samsung,RP,,6.75,1.5,1 ⅓,23,1,1,2,0,1,0,0,,Away,대구 삼성 라이온즈 파크,18:30,32.4
김진성,2023,LG,2023-08-02,vs. Kiwoom,RP,,0.0,1.0,1,18,0,0,1,0,1,0,0,,Home,잠실 야구장,18:30,31.7
김진성,2023,LG,2023-08-01,vs. Kiwoom,RP,H,0.0,0.0,0 ⅓,3,0,0,0,0,1,0,0,,Home,잠실 야구장,18:30,33.9
김진성,2023,LG,2023-07-29,@ Doosan,RP,H,0.0,1.5,0 ⅔,5,0,0,1,0,0,0,0,,Away,잠실 야구장,18:00,32.3
김진성,2023,LG,2023-07-27,@ KT,RP,H,0.0,1.0,1,12,0,0,1,0,0,0,0,,Away,수원 KT 위즈파크,18:30,32.5
김진성,2023,LG,2023-07-26,@ KT,RP,,0.0,0.0,0 ⅔,5,0,0,0,0,0,0,0,,Away,수원 KT 위즈파크,18:30,29.0
김진성,2023,LG,2023-07-21,vs. SSG,RP,,0.0,1.0,1,23,0,0,1,0,3,0,0,,Home,잠실 야구장,18:30,33.3
김진성,2023,LG,2023-07-09,@ Lotte,RP,,0.0,1.0,1,18,0,0,0,0,0,1,0,,Away,사직 야구장,17:00,28.2
김진성,2023,LG,2023-07-08,@ Lotte,RP,,0.0,0.0,1,22,0,0,0,0,1,0,0,,Away,사직 야구장,18:00,24.9
김진성,2023,LG,2023-07-05,vs. KT,RP,,0.0,2.0,1,32,0,0,0,0,1,2,0,,Home,잠실 야구장,18:30,27.5
김진성,2023,LG,2023-07-01,vs. Kia,RP,,0.0,0.0,1,9,0,0,0,0,2,0,0,,Home,잠실 야구장,18:00,31.6
김진성,2023,LG,2023-06-30,vs. Kia,RP,,0.0,0.0,1,14,0,0,0,0,2,0,0,,Home,잠실 야구장,18:30,29.9
김진성,2023,LG,2023-06-27,@ SSG,RP,,0.0,0.0,1,12,0,0,0,0,1,0,0,,Away,인천 SSG 랜더스필드,18:30,27.8
김진성,2023,LG,2023-06-25,vs. Lotte,RP,W,0.0,1.0,1,14,0,0,1,0,1,0,0,,Home,잠실 야구장,17:00,31.2
김진성,2023,LG,2023-06-24,vs. Lotte,RP,,0.0,0.0,1,14,0,0,0,0,2,0,0,,Home,잠실 야구장,17:00,30.9
김진성,2023,LG,2023-06-20,@ NC,RP,,0.0,3.0,0 ⅓,9,0,0,1,0,1,0,0,,Away,창원 NC 파크,18:30,24.3
김진성,2023,LG,2023-06-15,vs. Samsung,RP,,0.0,6.0,0 ⅓,14,0,0,1,0,0,1,0,,Home,잠실 야구장,18:30,26.9
김진성,2023,LG,2023-06-14,vs. Samsung,RP,H,0.0,1.0,1,16,0,0,1,0,1,0,0,,Home,잠실 야구장,18:30,25.0
김진성,2023,LG,2023-06-11,@ Hanwha,RP,H,0.0,0.0,0 ⅓,7,0,0,0,0,0,0,0,,Away,대전 한화생명 볼파크,17:00,27.3
김진성,2023,LG,2023-06-09,@ Hanwha,RP,,0.0,0.0,0 ⅓,2,0,0,0,0,0,0,0,,Away,대전 한화생명 볼파크,18:30,25.3
김진성,2023,LG,2023-06-07,@ Kiwoom,RP,,0.0,0.0,1,11,0,0,0,0,1,0,0,,Away,고척 스카이돔,18:30,25.5
김진성,2023,LG,2023-06-06,@ Kiwoom,RP,,0.0,0.0,1,11,0,0,0,0,1,0,0,,Away,고척 스카이돔,18:30,25.5
김진성,2023,LG,2023-06-03,vs. NC,RP,,0.0,0.75,1 ⅓,26,0,0,0,0,0,1,0,,Home,잠실 야구장,17:00,25.5
김진성,2023,LG,2023-06-02,vs. NC,RP,,9.0,2.0,1,17,1,1,2,1,1,0,0,,Home,잠실 야구장,18:30,25.1
김진성,2023,LG,2023-05-31,vs. Lotte,RP,,27.0,3.0,0 ⅓,9,1,1,1,1,1,0,0,,Home,잠실 야구장,18:30,26.4
김진성,2023,LG,2023-05-30,vs. Lotte,RP,H,0.0,0.0,1,10,0,0,0,0,3,0,0,,Home,잠실 야구장,18:30,25.6
김진성,2023,LG,2023-05-28,@ Kia,RP,,0.0,0.0,1,12,0,0,0,0,1,0,0,,Away,광주 기아 챔피언스 필드,14:00,24.6
김진성,2023,LG,2023-05-25,@ SSG,RP,,0.0,0.0,1,12,0,0,0,0,0,0,0,,Away,인천 SSG 랜더스필드,18:30,20.6
김진성,2023,LG,2023-05-24,@ SSG,RP,,0.0,2.0,1,23,0,0,0,0,1,2,0,,Away,인천 SSG 랜더스필드,18:30,20.5
김진성,2023,LG,2023-05-21,vs. Hanwha,RP,,9.0,1.0,1,9,1,1,1,1,0,0,0,,Home,잠실 야구장,14:00,21.2
김진성,2023,LG,2023-05-20,vs. Hanwha,RP,,0.0,0.0,1,10,0,0,0,0,1,0,0,,Home,잠실 야구장,17:00,23.9
김진성,2023,LG,2023-05-18,vs. KT,RP,W,0.0,1.0,1,12,0,0,0,0,1,1,0,,Home,잠실 야구장,18:30,22.5
김진성,2023,LG,2023-05-16,vs. KT,RP,L,20.25,3.0,1 ⅓,25,3,3,1,0,1,3,0,,Home,잠실 야구장,18:30,28.8
김진성,2023,LG,2023-05-09,vs. Kiwoom,RP,,27.0,3.0,0 ⅓,13,1,1,0,0,1,1,0,,Home,잠실 야구장,18:30,21.9
김진성,2023,LG,2023-04-30,vs. Kia,RP,,0.0,0.0,1,18,0,0,0,0,1,0,0,,Home,잠실 야구장,14:00,16.9
김진성,2023,LG,2023-04-28,vs. Kia,RP,,0.0,1.0,1,17,0,0,1,0,1,0,0,,Home,잠실 야구장,18:30,17.8
김진성,2023,LG,2023-04-26,vs. SSG,RP,,0.0,1.0,1,21,0,0,1,0,1,0,0,,Home,잠실 야구장,18:30,12.6
김진성,2023,LG,2023-04-23,@ Hanwha,RP,,0.0,1.0,1,11,0,0,1,0,1,0,0,,Away,대전 한화생명 볼파크,14:00,20.2
김진성,2023,LG,2023-04-21,@ Hanwha,RP,H,0.0,3.0,0 ⅓,13,0,0,1,0,1,0,0,,Away,대전 한화생명 볼파크,18:30,21.6
김진성,2023,LG,2023-04-20,vs. NC,RP,,0.0,2.0,1,25,0,0,0,0,2,2,0,,Home,잠실 야구장,18:30,16.0
김진성,2023,LG,2023-04-18,vs. NC,RP,,9.0,2.0,1,21,1,1,2,0,0,0,0,,Home,잠실 야구장,18:30,18.2
김진성,2023,LG,2023-04-16,vs. Doosan,RP,,27.0,3.0,1,22,3,3,2,1,0,1,0,,Home,잠실 야구장,14:00,14.4
김진성,2023,LG,2023-04-15,vs. Doosan,RP,H,0.0,0.0,1,11,0,0,0,0,2,0,0,,Home,잠실 야구장,17:00,16.3
김진성,2023,LG,2023-04-12,@ Lotte,RP,H,0.0,2.0,1,22,0,0,2,0,1,0,0,,Away,사직 야구장,18:30,15.2
김진성,2023,LG,2023-04-09,vs. Samsung,RP,,0.0,0.0,0 ⅔,8,0,0,0,0,1,0,0,,Home,잠실 야구장,14:00,17.4
김진성,2023,LG,2023-04-08,vs. Samsung,RP,H,0.0,2.0,1,26,0,0,1,0,0,1,0,,Home,잠실 야구장,17:00,13.3
김진성,2023,LG,2023-04-06,@ Kiwoom,RP,,0.0,0.0,1,12,0,0,0,0,1,0,0,,Away,고척 스카이돔,18:30,25.5
김진성,2023,LG,2023-04-02,@ KT,RP,,0.0,0.0,1,9,0,0,0,0,0,0,0,,Away,수원 KT 위즈파크,14:00,23.1
김진성,2022,LG,2022-10-01,vs. NC,RP,,0.0,1.5,1 ⅓,24,0,0,0,0,1,2,0,,Home,잠실 야구장,17:00,25.1
김진성,2022,LG,2022-09-29,vs. KT,RP,,0.0,0.0,1,10,0,0,0,0,2,0,0,,Home,잠실 야구장,18:30,24.3
김진성,2022,LG,2022-09-28,@ Hanwha,RP,,0.0,6.0,0 ⅓,12,0,0,2,0,1,0,0,,Away,대전 한화생명 볼파크,18:30,23.0
김진성,2022,LG,2022-09-25,@ SSG,RP,,0.0,0.0,1 ⅓,8,0,0,0,0,0,0,0,,Away,인천 SSG 랜더스필드,14:00,22.5
김진성,2022,LG,2022-09-23,vs. Lotte,RP,H,0.0,3.0,0 ⅓,8,0,0,1,0,0,0,0,,Home,잠실 야구장,18:30,18.5
김진성,2022,LG,2022-09-22,vs. Lotte,RP,,0.0,0.0,0 ⅓,2,0,0,0,0,0,0,0,,Home,잠실 야구장,18:30,22.7
김진성,2022,LG,2022-09-17,vs. Hanwha,RP,,0.0,,0,6,0,0,0,0,0,1,0,,Home,잠실 야구장,17:00,30.0
김진성,2022,LG,2022-09-15,vs. KT,RP,,0.0,,0,7,0,0,0,0,0,1,0,,Home,잠실 야구장,18:30,27.9
김진성,2022,LG,2022-09-13,@ Doosan,RP,,0.0,1.0,1,14,0,0,1,0,2,0,0,,Away,잠실 야구장,18:30,26.9
김진성,2022,LG,2022-09-11,@ Samsung,RP,,0.0,1.5,0 ⅔,13,0,0,0,0,1,1,0,,Away,대구 삼성 라이온즈 파크,14:00,28.7
김진성,2022,LG,2022-09-09,@ Kiwoom,RP,W,0.0,0.0,1 ⅓,20,0,0,0,0,1,0,0,,Away,고척 스카이돔,18:30,25.5
김진성,2022,LG,2022-09-07,vs. SSG,RP,,0.0,0.0,0 ⅓,4,0,0,0,0,1,0,0,,Home,잠실 야구장,18:30,25.0
김진성,2022,LG,2022-09-06,vs. SSG,RP,,81.0,9.0,0 ⅓,16,3,3,1,1,1,2,0,,Home,잠실 야구장,18:30,25.2
김진성,2022,LG,2022-09-04,@ Lotte,RP,,0.0,0.0,1,9,0,0,0,0,0,0,0,,Away,사직 야구장,14:00,30.9
김진성,2022,LG,2022-08-27,vs. Kiwoom,RP,H,0.0,0.0,1,16,0,0,0,0,1,0,0,,Home,잠실 야구장,18:00,24.0
김진성,2022,LG,2022-08-24,@ Hanwha,RP,,0.0,0.0,0 ⅔,7,0,0,0,0,1,0,0,,Away,대전 한화생명 볼파크,18:30,24.5
김진성,2022,LG,2022-08-21,vs. Doosan,RP,,0.0,0.0,0 ⅔,14,0,0,0,0,2,0,0,,Home,잠실 야구장,17:00,32.2
김진성,2022,LG,2022-08-18,@ SSG,RP,,0.0,0.0,1,14,0,0,0,0,0,0,0,,Away,인천 SSG 랜더스필드,18:30,27.5
김진성,2022,LG,2022-08-17,vs. Samsung,RP,H,0.0,0.0,0 ⅓,1,0,0,0,0,0,0,0,,Home,잠실 야구장,18:30,29.3
김진성,2022,LG,2022-08-16,vs. Samsung,RP,,0.0,1.0,1,15,0,0,1,0,1,0,0,,Home,잠실 야구장,18:30,30.0
김진성,2022,LG,2022-08-12,@ Hanwha,RP,H,0.0,4.5,0 ⅔,25,0,0,1,0,0,2,0,,Away,대전 한화생명 볼파크,18:30,30.9
김진성,2022,LG,2022-08-05,vs. Kiwoom,RP,,6.75,0.75,1 ⅓,18,1,1,0,0,1,1,0,,Home,잠실 야구장,18:30,32.4
김진성,2022,LG,2022-08-03,@ Lotte,RP,H,0.0,0.0,0 ⅔,15,0,0,0,0,0,0,0,,Away,사직 야구장,18:30,30.9
김진성,2022,LG,2022-08-02,@ Lotte,RP,,0.0,0.0,0 ⅔,9,0,0,0,0,0,0,0,,Away,사직 야구장,18:30,30.4
김진성,2022,LG,2022-07-30,vs. KT,RP,H,0.0,0.0,0 ⅓,1,0,0,0,0,0,0,0,,Home,잠실 야구장,18:00,33.0
김진성,2022,LG,2022-07-29,vs. KT,RP,,0.0,0.0,1,17,0,0,0,0,0,0,0,,Home,잠실 야구장,18:30,33.5
김진성,2022,LG,2022-07-26,@ SSG,RP,,0.0,0.0,1,8,0,0,0,0,0,0,0,,Away,인천 SSG 랜더스필드,18:30,30.2
김진성,2022,LG,2022-07-23,@ NC,RP,,0.0,2.0,1,18,0,0,0,0,0,2,0,,Away,창원 NC 파크,18:00,26.2
김진성,2022,LG,2022-07-14,vs. Kia,RP,,27.0,3.0,0 ⅔,15,2,2,1,0,1,1,0,,Home,잠실 야구장,18:30,29.8
김진성,2022,LG,2022-07-09,@ Doosan,RP,W,0.0,1.5,0 ⅔,12,0,0,1,0,0,0,0,,Away,잠실 야구장,18:00,31.6
김진성,2022,LG,2022-07-07,@ Samsung,RP,,0.0,0.0,1,13,0,0,0,0,1,0,0,,Away,대구 삼성 라이온즈 파크,18:30,30.6
김진성,2022,LG,2022-07-06,@ Samsung,RP,W,0.0,2.0,1,17,0,0,1,0,1,1,0,,Away,대구 삼성 라이온즈 파크,18:30,30.6
김진성,2022,LG,2022-07-03,vs. Lotte,RP,H,0.0,0.0,1,16,0,0,0,0,3,0,0,,Home,잠실 야구장,17:00,33.2
김진성,2022,LG,2022-07-01,vs. Lotte,RP,W,0.0,1.0,1,11,0,0,1,0,1,0,0,,Home,잠실 야구장,18:30,30.9
김진성,2022,LG,2022-06-28,vs. NC,RP,,0.0,0.0,1,9,0,0,0,0,0,0,0,,Home,잠실 야구장,18:30,29.2
김진성,2022,LG,2022-06-24,@ KT,RP,,54.0,6.0,0 ⅓,16,2,2,2,2,0,0,0,,Away,수원 KT 위즈파크,18:30,25.6
김진성,2022,LG,2022-06-17,@ Kiwoom,RP,W,0.0,1.5,0 ⅔,10,0,0,0,0,2,1,0,,Away,고척 스카이돔,18:30,25.5
김진성,2022,LG,2022-06-12,vs. Doosan,RP,H,0.0,0.0,1,10,0,0,0,0,1,0,0,,Home,잠실 야구장,17:00,28.6
김진성,2022,LG,2022-06-11,vs. Doosan,RP,,0.0,0.0,1,15,0,0,0,0,1,0,0,,Home,잠실 야구장,17:00,30.3
김진성,2022,LG,2022-06-04,vs. SSG,RP,,0.0,0.0,1 ⅓,19,0,0,0,0,2,0,0,,Home,잠실 야구장,17:00,28.4
김진성,2022,LG,2022-06-02,@ Lotte,RP,,0.0,1.0,2,22,0,0,0,0,1,2,1,,Away,사직 야구장,18:30,22.6
김진성,2022,LG,2022-05-31,@ Lotte,RP,,0.0,0.0,1,11,0,0,0,0,0,0,0,,Away,사직 야구장,18:30,23.9
김진성,2022,LG,2022-05-29,vs. Samsung,RP,H,0.0,1.2,1 ⅔,22,0,0,2,0,1,0,0,,Home,잠실 야구장,14:00,28.1
김진성,2022,LG,2022-05-27,vs. Samsung,RP,,0.0,1.0,1,17,0,0,1,0,2,0,0,,Home,잠실 야구장,18:30,22.8
김진성,2022,LG,2022-05-26,vs. Kiwoom,RP,,0.0,0.0,1,7,0,0,0,0,0,0,0,,Home,잠실 야구장,18:30,21.2
김진성,2022,LG,2022-05-24,vs. Kiwoom,RP,,0.0,0.0,0 ⅓,2,0,0,0,0,0,0,0,,Home,잠실 야구장,18:30,27.2
김진성,2022,LG,2022-05-22,@ SSG,RP,L,54.0,6.0,0 ⅓,12,2,2,2,1,0,0,0,,Away,인천 SSG 랜더스필드,14:00,20.0
김진성,2022,LG,2022-05-21,@ SSG,RP,H,0.0,0.75,1 ⅓,16,0,0,1,0,2,0,0,,Away,인천 SSG 랜더스필드,17:00,18.4
김진성,2022,LG,2022-05-18,@ KT,RP,,0.0,1.0,1,16,0,0,1,0,2,0,0,,Away,수원 KT 위즈파크,18:30,24.3
김진성,2022,LG,2022-05-17,@ KT,RP,L,27.0,6.0,0 ⅓,8,1,1,2,0,0,0,0,,Away,수원 KT 위즈파크,18:30,23.5
김진성,2022,LG,2022-05-13,vs. Kia,RP,,0.0,1.0,1,22,0,0,1,0,2,0,0,,Home,잠실 야구장,18:30,21.6
김진성,2022,LG,2022-05-12,vs. Hanwha,RP,,27.0,3.0,1,21,3,3,3,0,0,0,0,,Home,잠실 야구장,18:30,25.2
김진성,2022,LG,2022-05-08,@ NC,RP,H,13.5,3.0,0 ⅔,10,1,1,1,0,0,1,0,,Away,창원 NC 파크,14:00,19.8
김진성,2022,LG,2022-05-06,@ NC,RP,,18.0,2.0,1,17,2,2,2,1,2,0,0,,Away,창원 NC 파크,18:30,22.2
김진성,2022,LG,2022-05-03,vs. Doosan,RP,W,0.0,1.0,1,10,0,0,1,0,2,0,0,,Home,잠실 야구장,18:30,18.8
김진성,2022,LG,2022-05-01,vs. Lotte,RP,,0.0,2.0,1,19,0,0,2,0,0,0,0,,Home,잠실 야구장,14:00,18.5
김진성,2022,LG,2022-04-29,vs. Lotte,RP,L,13.5,2.25,1 ⅓,24,2,2,3,1,2,0,0,,Home,잠실 야구장,18:30,15.0
김진성,2022,LG,2022-04-26,@ Samsung,RP,,9.0,3.0,1,25,1,1,2,0,1,1,0,,Away,대구 삼성 라이온즈 파크,18:30,17.7
김진성,2022,LG,2022-04-24,@ Doosan,RP,,0.0,3.0,0 ⅔,14,0,0,1,0,1,1,0,,Away,잠실 야구장,14:00,24.1
김진성,2022,LG,2022-04-22,@ Doosan,RP,,0.0,0.0,0 ⅓,5,0,0,0,0,0,0,0,,Away,잠실 야구장,18:30,14.9
김진성,2022,LG,2022-04-21,vs. KT,RP,,0.0,0.75,1 ⅓,21,0,0,1,0,3,0,0,,Home,잠실 야구장,18:30,18.8
김진성,2022,LG,2022-04-19,vs. KT,RP,,0.0,0.6,1 ⅔,29,0,0,1,0,0,0,0,,Home,잠실 야구장,18:30,18.9
김진성,2022,LG,2022-04-16,@ Hanwha,RP,,0.0,1.0,1,8,0,0,1,0,1,0,0,,Away,대전 한화생명 볼파크,17:00,20.2
김진성,2022,LG,2022-04-13,vs. SSG,RP,,0.0,4.5,0 ⅔,25,0,0,2,0,0,1,0,,Home,잠실 야구장,18:30,12.3
김진성,2022,LG,2022-04-09,vs. NC,RP,,0.0,6.0,0 ⅓,14,1,0,1,0,0,1,0,,Home,잠실 야구장,17:00,22.5
김진성,2022,LG,2022-04-06,@ Kiwoom,RP,,0.0,0.0,1 ⅔,17,0,0,0,0,1,0,0,,Away,고척 스카이돔,18:30,25.5
김진성,2022,LG,2022-04-05,@ Kiwoom,RP,H,0.0,0.0,1,11,0,0,0,0,2,0,0,,Away,고척 스카이돔,18:30,25.5
김진성,2021,NC,2021-10-28,@ KT,RP,L,54.0,6.0,0 ⅓,5,2,2,2,0,1,0,0,,Away,수원 KT 위즈파크,18:30,16.2
김진성,2021,NC,2021-10-26,vs. SSG,RP,,27.0,3.0,0 ⅓,6,1,1,1,0,0,0,0,,Home,창원 NC 파크,18:30,15.1
김진성,2021,NC,2021-10-22,vs. Kia,RP,,13.5,4.5,0 ⅔,17,1,1,2,0,0,1,0,,Home,창원 NC 파크,18:30,14.4
김진성,2021,NC,2021-10-20,@ SSG,RP,,54.0,6.0,0 ⅓,11,2,2,1,0,0,1,0,,Away,인천 SSG 랜더스필드,18:30,11.3
김진성,2021,NC,2021-10-19,vs. KT,RP,H,0.0,1.0,1,19,0,0,1,0,1,0,0,,Home,창원 NC 파크,18:30,14.0
김진성,2021,NC,2021-10-17,vs. LG,RP,,0.0,1.0,1,12,0,0,1,0,0,0,0,,Home,창원 NC 파크,14:00,13.2
김진성,2021,NC,2021-10-16,vs. LG,RP,,0.0,1.5,0 ⅔,11,0,0,1,0,2,0,0,,Home,창원 NC 파크,17:00,15.4
김진성,2021,NC,2021-10-14,@ Kiwoom,RP,,54.0,6.0,0 ⅓,9,2,2,2,0,0,0,0,,Away,고척 스카이돔,18:30,25.5
김진성,2021,NC,2021-10-10,vs. Doosan,RP,,0.0,0.0,0 ⅓,2,0,0,0,0,0,0,0,,Home,창원 NC 파크,14:00,29.0
김진성,2021,NC,2021-10-08,vs. Samsung,RP,,0.0,1.0,1,13,0,0,0,0,0,1,0,,Home,창원 NC 파크,18:30,23.4
김진성,2021,NC,2021-10-07,vs. Samsung,RP,H,0.0,0.0,1,11,0,0,0,0,2,0,0,,Home,창원 NC 파크,18:30,23.5
김진성,2021,NC,2021-10-03,@ Lotte,RP,L,9.0,4.0,1,23,3,1,2,0,0,2,0,,Away,사직 야구장,14:00,27.2
김진성,2021,NC,2021-10-02,@ Lotte,RP,H,0.0,0.0,1,14,0,0,0,0,1,0,0,,Away,사직 야구장,17:00,25.1
김진성,2021,NC,2021-09-30,vs. SSG,RP,,9.0,2.0,1,25,1,1,1,1,1,1,0,,Home,창원 NC 파크,18:30,24.3
김진성,2021,NC,2021-09-28,vs. Kia,RP,W,0.0,1.5,0 ⅔,16,0,0,1,0,2,0,0,,Home,창원 NC 파크,18:30,24.6
김진성,2021,NC,2021-09-24,@ Kiwoom,RP,,0.0,1.0,1,19,0,0,1,0,0,0,0,,Away,고척 스카이돔,18:30,25.5
김진성,2021,NC,2021-06-19,vs. Kiwoom,RP,,0.0,,0,3,1,1,1,1,0,0,0,,Home,창원 NC 파크,17:00,25.1
김진성,2021,NC,2021-06-16,vs. KT,RP,,10.8,1.8,1 ⅔,35,2,2,2,1,4,1,0,,Home,창원 NC 파크,18:30,23.1
김진성,2021,NC,2021-06-13,@ Samsung,RP,,0.0,0.0,0 ⅔,5,0,0,0,0,0,0,0,,Away,대구 삼성 라이온즈 파크,17:00,27.2
김진성,2021,NC,2021-06-12,@ Samsung,RP,,0.0,1.0,1,16,0,0,0,0,2,1,0,,Away,대구 삼성 라이온즈 파크,17:00,24.6
김진성,2021,NC,2021-06-09,@ LG,RP,,9.0,1.5,2,21,2,2,3,1,1,0,0,,Away,잠실 야구장,18:30,29.6
김진성,2021,NC,2021-05-19,@ LG,RP,,27.0,3.0,1,20,3,3,3,0,1,0,1,,Away,잠실 야구장,18:30,25.3
김진성,2021,NC,2021-05-18,@ LG,RP,,0.0,0.0,1,10,0,0,0,0,1,0,0,,Away,잠실 야구장,18:30,22.6
김진성,2021,NC,2021-05-15,vs. Kia,RP,SV,0.0,0.0,0 ⅓,4,0,0,0,0,0,0,0,,Home,창원 NC 파크,17:00,20.1
김진성,2021,NC,2021-05-13,@ Hanwha,RP,H,0.0,0.75,1 ⅓,27,0,0,1,0,3,0,0,,Away,대전 한화생명 볼파크,18:30,29.1
김진성,2021,NC,2021-05-12,@ Hanwha,RP,,4.5,0.5,2,17,1,1,1,1,1,0,0,,Away,대전 한화생명 볼파크,18:30,25.3
김진성,2021,NC,2021-05-09,@ KT,RP,H,0.0,1.2,1 ⅔,32,2,0,2,0,2,0,0,,Away,수원 KT 위즈파크,14:00,20.1
김진성,2021,NC,2021-05-08,@ KT,RP,W,0.0,3.0,1,31,0,0,1,0,1,2,0,,Away,수원 KT 위즈파크,17:00,18.9
김진성,2021,NC,2021-05-05,vs. SSG,RP,L,36.0,5.0,1,31,4,4,4,1,1,1,0,,Home,창원 NC 파크,14:00,23.7
김진성,2021,NC,2021-05-02,vs. Kiwoom,RP,,0.0,1.0,1,6,0,0,1,0,0,0,0,,Home,창원 NC 파크,14:00,16.0
김진성,2021,NC,2021-04-30,vs. Kiwoom,RP,,0.0,1.0,1,17,0,0,1,0,2,0,0,,Home,창원 NC 파크,18:30,19.9
김진성,2021,NC,2021-04-28,@ Samsung,RP,L,40.5,4.5,0 ⅔,25,3,3,1,0,0,2,0,,Away,대구 삼성 라이온즈 파크,18:30,17.2
김진성,2021,NC,2021-04-24,@ Doosan,RP,,0.0,0.0,0 ⅓,1,0,0,0,0,0,0,0,,Away,잠실 야구장,17:00,20.9
김진성,2021,NC,2021-04-21,vs. KT,RP,H,0.0,0.0,1,10,0,0,0,0,2,0,0,,Home,창원 NC 파크,18:30,19.9
김진성,2021,NC,2021-04-20,vs. KT,RP,,9.0,2.0,1,23,1,1,1,0,2,1,0,,Home,창원 NC 파크,18:30,20.0
김진성,2021,NC,2021-04-18,vs. Hanwha,RP,,27.0,3.0,1,20,3,3,3,1,1,0,0,,Home,창원 NC 파크,14:00,16.7
김진성,2021,NC,2021-04-14,@ SSG,RP,H,0.0,0.0,1,23,0,0,0,0,1,0,0,,Away,인천 SSG 랜더스필드,18:30,7.7
김진성,2021,NC,2021-04-13,@ SSG,RP,H,0.0,2.0,1,14,0,0,0,0,0,2,0,,Away,인천 SSG 랜더스필드,18:30,6.8
김진성,2021,NC,2021-04-11,@ Kia,RP,,0.0,1.0,1,21,0,0,1,0,0,0,0,,Away,광주 기아 챔피언스 필드,14:00,21.6
김진성,2021,NC,2021-04-09,@ Kia,RP,,0.0,3.0,0 ⅓,7,0,0,1,0,1,0,0,,Away,광주 기아 챔피언스 필드,18:30,17.6
김진성,2021,NC,2021-04-07,vs. Lotte,RP,H,0.0,1.0,1,13,0,0,0,0,0,1,0,,Home,창원 NC 파크,18:30,15.0
김진성,2021,NC,2021-04-04,vs. LG,RP,,0.0,1.0,1,18,0,0,0,0,1,1,0,,Home,창원 NC 파크,14:00,11.2
김진성,2020,NC,2020-10-30,@ Samsung,RP,,0.0,0.75,1 ⅓,17,0,0,1,0,3,0,0,,Away,대구 삼성 라이온즈 파크,18:30,14.4
김진성,2020,NC,2020-10-24,vs. LG,RP,,18.0,3.0,1,30,2,2,3,0,2,0,0,,Home,창원 NC 파크,17:00,15.7
김진성,2020,NC,2020-10-23,@ Hanwha,RP,,0.0,1.0,1,18,0,0,1,0,0,0,0,,Away,대전 한화생명 볼파크,18:30,10.9
김진성,2020,NC,2020-10-16,vs. Lotte,RP,H,0.0,0.0,1,8,0,0,0,0,1,0,0,,Home,창원 NC 파크,18:30,15.1
김진성,2020,NC,2020-10-15,vs. Kia,RP,,0.0,0.0,0 ⅓,1,0,0,0,0,0,0,0,,Home,창원 NC 파크,18:30,17.2
김진성,2020,NC,2020-10-14,vs. Kia,RP,H,0.0,1.5,1 ⅓,25,0,0,0,0,0,2,0,,Home,창원 NC 파크,18:30,17.9
김진성,2020,NC,2020-10-11,@ LG,RP,H,0.0,0.6,1 ⅔,16,0,0,1,0,0,0,0,,Away,잠실 야구장,14:00,20.3
김진성,2020,NC,2020-10-10,@ LG,RP,,0.0,,0,7,1,1,1,0,0,1,0,,Away,잠실 야구장,17:00,20.1
김진성,2020,NC,2020-10-09,@ LG,RP,,0.0,1.5,0 ⅔,5,0,0,1,0,0,0,0,,Away,잠실 야구장,18:30,20.0
김진성,2020,NC,2020-10-07,@ Kiwoom,RP,H,0.0,3.0,0 ⅔,10,0,0,1,0,0,1,0,,Away,고척 스카이돔,18:30,25.5
김진성,2020,NC,2020-10-06,@ Kiwoom,RP,,0.0,0.0,1 ⅓,18,0,0,0,0,1,0,0,,Away,고척 스카이돔,18:30,25.5
김진성,2020,NC,2020-10-04,vs. Samsung,RP,H,0.0,0.0,0 ⅓,6,0,0,0,0,1,0,0,,Home,창원 NC 파크,14:00,24.8
김진성,2020,NC,2020-10-03,vs. Samsung,RP,,0.0,3.0,0 ⅓,8,0,0,1,0,1,0,0,,Home,창원 NC 파크,17:00,23.2
김진성,2020,NC,2020-10-03,vs. Samsung,RP,,0.0,0.0,1 ⅔,14,0,0,0,0,0,0,0,,Home,창원 NC 파크,17:00,23.2
김진성,2020,NC,2020-10-01,vs. SK,RP,H,0.0,0.0,1,11,0,0,0,0,0,0,0,,Home,창원 NC 파크,18:30,20.2
김진성,2020,NC,2020-09-27,@ Hanwha,RP,,0.0,0.0,0 ⅓,5,0,0,0,0,0,0,0,,Away,대전 한화생명 볼파크,14:00,24.4
김진성,2020,NC,2020-09-24,vs. LG,RP,W,0.0,0.75,1 ⅓,20,0,0,0,0,1,1,0,,Home,창원 NC 파크,18:30,23.1
김진성,2020,NC,2020-09-22,vs. Samsung,RP,W,0.0,0.0,1,8,0,0,0,0,1,0,0,,Home,창원 NC 파크,18:30,20.8
김진성,2020,NC,2020-09-20,@ Lotte,RP,,0.0,0.0,0 ⅔,5,0,0,0,0,0,0,0,,Away,사직 야구장,14:00,24.6
김진성,2020,NC,2020-09-20,@ Lotte,RP,,0.0,1.0,1,16,1,0,1,0,1,0,0,,Away,사직 야구장,14:00,24.6
김진성,2020,NC,2020-09-18,@ SK,RP,W,0.0,1.5,1 ⅓,26,0,0,2,0,2,0,0,,Away,인천 SSG 랜더스필드,18:30,23.5
김진성,2020,NC,2020-09-15,@ Doosan,RP,,0.0,0.0,1,12,0,0,0,0,0,0,0,,Away,잠실 야구장,18:30,26.3
김진성,2020,NC,2020-09-13,vs. Kia,RP,,0.0,0.0,1,15,0,0,0,0,2,0,0,,Home,창원 NC 파크,14:00,23.0
김진성,2020,NC,2020-09-12,vs. Kia,RP,,0.0,0.0,2,17,0,0,0,0,1,0,0,,Home,창원 NC 파크,17:00,24.0
김진성,2020,NC,2020-09-10,vs. KT,RP,,0.0,0.0,1,11,0,0,0,0,1,0,0,,Home,창원 NC 파크,18:30,26.6
김진성,2020,NC,2020-09-09,vs. Lotte,RP,,0.0,0.0,1,11,0,0,0,0,2,0,0,,Home,창원 NC 파크,18:30,25.9
김진성,2020,NC,2020-09-06,@ Samsung,RP,,0.0,0.0,1,14,0,0,0,0,2,0,0,,Away,대구 삼성 라이온즈 파크,14:00,23.8
김진성,2020,NC,2020-09-04,@ LG,RP,,0.0,1.0,1,13,0,0,1,0,3,0,0,,Away,잠실 야구장,18:30,25.5
김진성,2020,NC,2020-09-02,@ Kiwoom,RP,,0.0,1.0,1,20,0,0,0,0,2,1,0,,Away,고척 스카이돔,18:30,25.5
김진성,2020,NC,2020-08-27,vs. Doosan,RP,,0.0,3.0,1,21,0,0,3,0,1,0,0,,Home,창원 NC 파크,18:30,29.5
김진성,2020,NC,2020-08-25,vs. Hanwha,RP,,9.0,2.0,1,18,1,1,1,0,2,1,0,,Home,창원 NC 파크,18:30,31.3
김진성,2020,NC,2020-08-23,@ KT,RP,,18.0,2.0,1,14,2,2,2,1,2,0,0,,Away,수원 KT 위즈파크,17:00,30.0
김진성,2020,NC,2020-08-20,@ Kia,RP,,0.0,0.5,2,26,0,0,1,0,3,0,0,,Away,광주 기아 챔피언스 필드,18:30,33.0
김진성,2020,NC,2020-08-19,vs. Kiwoom,RP,,0.0,1.0,1,18,1,0,1,0,1,0,0,,Home,창원 NC 파크,18:30,33.3
김진성,2020,NC,2020-08-14,vs. LG,RP,,18.0,4.0,1,32,2,2,3,1,0,1,0,,Home,창원 NC 파크,18:30,30.8
김진성,2020,NC,2020-08-12,@ Lotte,RP,,0.0,2.0,1,27,0,0,2,0,3,0,0,,Away,사직 야구장,18:30,29.6
김진성,2020,NC,2020-08-09,@ Kia,RP,,0.0,0.0,1,13,0,0,0,0,2,0,0,,Away,광주 기아 챔피언스 필드,17:00,32.0
김진성,2020,NC,2020-08-05,@ Hanwha,RP,,9.0,3.0,1,20,1,1,3,0,2,0,0,,Away,대전 한화생명 볼파크,18:30,31.2
김진성,2020,NC,2020-08-02,vs. Doosan,RP,,0.0,3.0,0 ⅓,8,0,0,0,0,0,1,0,,Home,창원 NC 파크,17:00,30.4
김진성,2020,NC,2020-08-01,vs. Doosan,RP,,0.0,0.0,1,12,0,0,0,0,2,0,0,,Home,창원 NC 파크,18:00,29.2
김진성,2020,NC,2020-07-25,@ KT,RP,,0.0,0.0,0 ⅔,6,0,0,0,0,1,0,0,,Away,수원 KT 위즈파크,18:00,27.6
김진성,2020,NC,2020-07-19,vs. KT,RP,,0.0,0.0,1,18,0,0,0,0,0,0,0,,Home,창원 NC 파크,17:00,26.8
김진성,2020,NC,2020-07-16,@ Kiwoom,RP,,9.0,2.0,1,22,1,1,2,0,3,0,0,,Away,고척 스카이돔,18:30,25.5
김진성,2020,NC,2020-07-14,@ Kiwoom,RP,,0.0,2.0,1,14,0,0,1,0,0,1,0,,Away,고척 스카이돔,18:30,25.5
김진성,2020,NC,2020-07-11,@ LG,RP,,9.0,3.0,1,16,1,1,3,1,2,0,0,,Away,잠실 야구장,18:00,28.6
김진성,2020,NC,2020-07-10,@ LG,RP,,0.0,0.0,1,8,0,0,0,0,1,0,0,,Away,잠실 야구장,18:30,27.8
김진성,2020,NC,2020-06-11,vs. Doosan,RP,,27.0,3.0,1,26,3,3,3,1,1,0,0,,Home,창원 NC 파크,18:30,27.2
김진성,2020,NC,2020-06-09,vs. Doosan,RP,,0.0,2.0,1,21,0,0,2,0,3,0,0,,Home,창원 NC 파크,18:30,25.6
김유영,2024,LG,2024-09-28,@ Samsung,RP,,0.0,0.0,1,7,0,0,0,0,0,0,0,,Away,대구 삼성 라이온즈 파크,17:00,26.8
김유영,2024,LG,2024-09-25,vs. Hanwha,RP,,0.0,0.0,1,6,0,0,0,0,0,0,0,,Home,잠실 야구장,18:30,26.4
김유영,2024,LG,2024-09-21,vs. Doosan,RP,,18.0,3.0,1,25,2,2,2,1,0,1,0,,Home,잠실 야구장,17:00,23.1
김유영,2024,LG,2024-09-14,@ NC,RP,,0.0,3.0,0 ⅓,4,1,0,1,0,0,0,0,,Away,창원 NC 파크,17:00,32.2
김유영,2024,LG,2024-09-04,vs. SSG,RP,,0.0,1.0,1,15,0,0,1,0,1,0,0,,Home,잠실 야구장,18:30,31.7
김유영,2024,LG,2024-08-23,@ Kiwoom,RP,,54.0,6.0,0 ⅓,17,2,2,2,0,0,0,1,,Away,고척 스카이돔,18:30,25.5
김유영,2024,LG,2024-08-21,vs. SSG,RP,,13.5,1.5,0 ⅔,8,1,1,1,0,0,0,0,,Home,잠실 야구장,18:30,31.8
김유영,2024,LG,2024-08-20,vs. SSG,RP,,0.0,,0,6,0,0,0,0,0,1,0,,Home,잠실 야구장,18:30,34.4
김유영,2024,LG,2024-08-18,vs. Kia,RP,,0.0,2.0,1,15,0,0,2,0,2,0,0,,Home,잠실 야구장,17:00,32.5
김유영,2024,LG,2024-08-14,@ Hanwha,RP,,0.0,1.5,0 ⅔,12,0,0,1,0,0,0,0,,Away,대전 한화생명 볼파크,18:30,32.0
김유영,2024,LG,2024-08-10,vs. NC,RP,,0.0,6.0,0 ⅓,14,0,0,1,0,0,1,0,,Home,잠실 야구장,18:00,33.0
김유영,2024,LG,2024-08-09,vs. NC,RP,H,0.0,0.0,1,14,0,0,0,0,1,0,0,,Home,잠실 야구장,18:30,33.1
김유영,2024,LG,2024-08-08,@ Doosan,RP,,0.0,0.0,1,11,0,0,0,0,1,0,0,,Away,잠실 야구장,18:30,31.8
김유영,2024,LG,2024-08-06,@ Doosan,RP,,0.0,6.0,0 ⅓,13,0,0,2,0,1,0,0,,Away,잠실 야구장,18:30,33.7
김유영,2024,LG,2024-08-01,vs. Samsung,RP,,0.0,3.0,0 ⅔,26,0,0,2,0,1,0,0,,Home,잠실 야구장,18:30,33.7
김유영,2024,LG,2024-07-28,vs. Hanwha,RP,,0.0,1.5,0 ⅔,17,0,0,1,0,0,0,0,,Home,잠실 야구장,17:00,31.7
김유영,2024,LG,2024-07-25,@ Lotte,RP,,0.0,0.0,1,16,1,0,0,0,0,0,0,,Away,사직 야구장,18:30,31.0
김유영,2024,LG,2024-07-23,@ Lotte,RP,H,0.0,0.0,1,9,0,0,0,0,0,0,0,,Away,사직 야구장,18:30,31.0
김유영,2024,LG,2024-07-19,vs. Doosan,RP,,0.0,1.0,1,16,0,0,0,0,1,1,0,,Home,잠실 야구장,18:30,30.5
김유영,2024,LG,2024-06-23,vs. KT,RP,,0.0,3.0,0 ⅓,8,0,0,1,0,0,0,0,,Home,잠실 야구장,17:00,28.6
김유영,2024,LG,2024-06-21,vs. KT,RP,,0.0,3.0,0 ⅓,6,0,0,1,0,0,0,0,,Home,잠실 야구장,18:30,29.5
김유영,2024,LG,2024-06-20,@ Kia,RP,,0.0,0.0,1,11,0,0,0,0,1,0,0,,Away,광주 기아 챔피언스 필드,18:30,26.0
김유영,2024,LG,2024-06-16,vs. Lotte,RP,,13.5,1.5,0 ⅔,13,1,1,0,0,0,1,0,,Home,잠실 야구장,17:00,27.6
김유영,2024,LG,2024-06-15,vs. Lotte,SP,,9.0,3.0,1,26,1,1,3,0,1,0,0,44.0,Home,잠실 야구장,17:00,28.2
김유영,2024,LG,2024-06-11,@ Samsung,SP,L,0.0,0.86,2 ⅓,37,2,0,2,0,4,0,0,53.0,Away,대구 삼성 라이온즈 파크,18:30,24.2
김유영,2024,LG,2024-06-08,@ KT,RP,,0.0,0.0,1,9,0,0,0,0,1,0,0,,Away,수원 KT 위즈파크,17:00,25.1
김유영,2024,LG,2024-06-07,@ KT,RP,,27.0,3.0,0 ⅓,11,1,1,0,0,1,1,0,,Away,수원 KT 위즈파크,18:30,25.1
김유영,2024,LG,2024-06-04,vs. Kiwoom,RP,,4.5,2.5,2,31,1,1,4,0,1,1,0,,Home,잠실 야구장,18:30,25.9
김유영,2024,LG,2024-06-02,@ Doosan,RP,H,0.0,0.0,0 ⅓,5,0,0,0,0,1,0,0,,Away,잠실 야구장,17:00,23.9
김유영,2024,LG,2024-05-31,@ Doosan,RP,,27.0,6.0,0 ⅓,11,1,1,2,1,1,0,0,,Away,잠실 야구장,18:30,21.4
김유영,2024,LG,2024-05-28,@ SSG,RP,,0.0,1.5,0 ⅔,18,0,0,0,0,1,1,1,,Away,인천 SSG 랜더스필드,18:30,24.6
김유영,2024,LG,2024-05-24,vs. NC,RP,,0.0,1.0,1,12,0,0,1,0,0,0,0,,Home,잠실 야구장,18:30,24.2
김유영,2024,LG,2024-05-22,@ Hanwha,RP,L,13.5,1.5,0 ⅔,8,1,1,1,0,0,0,0,,Away,대전 한화생명 볼파크,18:30,25.3
김유영,2024,LG,2024-05-19,@ KT,RP,,13.5,1.5,0 ⅔,15,1,1,1,0,1,0,0,,Away,수원 KT 위즈파크,14:00,26.5
김유영,2024,LG,2024-05-17,@ KT,RP,,27.0,9.0,0 ⅓,26,1,1,1,0,0,2,0,,Away,수원 KT 위즈파크,18:30,22.1
김유영,2024,LG,2024-05-16,vs. Kiwoom,RP,,0.0,0.75,1 ⅓,16,0,0,1,0,1,0,1,,Home,잠실 야구장,18:30,18.8
김유영,2024,LG,2024-05-12,@ Lotte,RP,,9.0,2.0,1,23,1,1,2,0,2,0,0,,Away,사직 야구장,14:00,22.2
김유영,2024,LG,2024-05-11,@ Lotte,RP,H,27.0,9.0,0 ⅓,12,1,1,2,0,0,1,0,,Away,사직 야구장,17:00,19.9
김유영,2024,LG,2024-05-08,vs. SSG,RP,H,0.0,0.0,1,9,0,0,0,0,2,0,0,,Home,잠실 야구장,18:30,18.6
김유영,2024,LG,2024-05-07,vs. SSG,RP,,0.0,1.5,1 ⅓,21,0,0,0,0,1,2,0,,Home,잠실 야구장,18:30,14.5
김유영,2024,LG,2024-05-04,vs. Doosan,RP,,0.0,1.0,1,18,0,0,0,0,1,1,0,,Home,잠실 야구장,17:00,25.9
김유영,2024,LG,2024-05-02,@ NC,RP,,27.0,3.0,0 ⅔,17,2,2,2,0,1,0,0,,Away,창원 NC 파크,18:30,15.8
김유영,2024,LG,2024-05-01,@ NC,RP,,0.0,0.0,1,7,0,0,0,0,1,0,0,,Away,창원 NC 파크,18:30,17.0
김유영,2024,LG,2024-04-27,vs. Kia,RP,H,0.0,0.0,2,28,0,0,0,0,4,0,0,,Home,잠실 야구장,17:00,24.8
김유영,2024,LG,2024-04-25,@ Samsung,RP,SV,0.0,0.5,2,29,0,0,1,0,2,0,1,,Away,대구 삼성 라이온즈 파크,18:30,17.6
김유영,2024,LG,2024-04-21,@ SSG,RP,,0.0,0.0,2,23,0,0,0,0,1,0,0,,Away,인천 SSG 랜더스필드,14:00,19.8
김유영,2024,LG,2024-04-18,vs. Lotte,RP,,0.0,,0,18,4,1,1,0,0,0,0,,Home,잠실 야구장,18:30,21.2
김유영,2024,LG,2024-04-11,@ Kia,RP,,9.0,2.0,1,13,1,1,2,0,0,0,0,,Away,광주 기아 챔피언스 필드,18:30,19.5
김유영,2024,LG,2024-04-07,vs. KT,RP,,0.0,0.0,1,9,0,0,0,0,1,0,0,,Home,잠실 야구장,14:00,22.0
김유영,2024,LG,2024-04-04,vs. NC,RP,W,0.0,1.5,2,39,0,0,1,0,1,2,0,,Home,잠실 야구장,18:30,17.5
김유영,2024,LG,2024-03-31,@ Kiwoom,RP,,0.0,2.0,1,22,0,0,2,0,2,0,0,,Away,고척 스카이돔,14:00,25.5
김유영,2024,LG,2024-03-28,vs. Samsung,RP,,0.0,1.0,1,22,0,0,1,0,1,0,0,,Home,잠실 야구장,18:30,11.8
김유영,2024,LG,2024-03-24,vs. Hanwha,RP,,9.0,2.0,1,23,1,1,2,0,0,0,0,,Home,잠실 야구장,14:00,21.7
김유영,2022,Lotte,2022-10-05,@ NC,RP,,9.0,3.0,1,22,1,1,3,0,1,0,0,,Away,창원 NC 파크,18:30,17.7
김유영,2022,Lotte,2022-10-03,vs. Doosan,RP,,0.0,,0,14,0,0,1,0,0,1,0,,Home,사직 야구장,18:30,24.7
김유영,2022,Lotte,2022-09-24,@ Kiwoom,RP,,13.5,3.0,0 ⅔,12,1,1,2,1,0,0,0,,Away,고척 스카이돔,17:00,25.5
김유영,2022,Lotte,2022-09-23,@ LG,RP,,0.0,1.5,0 ⅔,13,0,0,0,0,1,1,0,,Away,잠실 야구장,18:30,18.5
김유영,2022,Lotte,2022-09-21,@ Hanwha,RP,,0.0,1.0,1,25,0,0,0,0,2,1,0,,Away,대전 한화생명 볼파크,18:30,20.9
김유영,2022,Lotte,2022-09-18,@ KT,RP,,0.0,,0,4,0,0,1,0,0,0,0,,Away,수원 KT 위즈파크,14:00,31.7
김유영,2022,Lotte,2022-09-15,vs. Kiwoom,RP,W,0.0,0.0,0 ⅔,7,0,0,0,0,1,0,0,,Home,사직 야구장,18:30,26.1
김유영,2022,Lotte,2022-09-13,vs. SSG,RP,,0.0,1.5,1 ⅓,19,0,0,2,0,1,0,0,,Home,사직 야구장,18:30,25.9
김유영,2022,Lotte,2022-09-11,vs. NC,RP,,0.0,1.0,1,17,0,0,0,0,1,1,0,,Home,사직 야구장,14:00,28.7
김유영,2022,Lotte,2022-09-09,@ Samsung,RP,,0.0,1.5,0 ⅔,16,0,0,1,0,1,0,0,,Away,대구 삼성 라이온즈 파크,18:30,24.6
김유영,2022,Lotte,2022-09-04,vs. LG,RP,,54.0,7.5,0 ⅔,27,4,4,5,0,0,0,0,,Home,사직 야구장,14:00,30.9
김유영,2022,Lotte,2022-08-30,@ Kiwoom,RP,,0.0,1.0,1,16,0,0,0,0,0,1,0,,Away,고척 스카이돔,18:30,25.5
김유영,2022,Lotte,2022-08-27,@ SSG,RP,,40.5,4.5,0 ⅔,23,3,3,2,0,0,1,0,,Away,인천 SSG 랜더스필드,18:00,23.1
김유영,2022,Lotte,2022-08-26,vs. Samsung,RP,H,0.0,1.5,1 ⅓,22,0,0,1,0,2,1,0,,Home,사직 야구장,18:30,26.4
김유영,2022,Lotte,2022-08-20,vs. Hanwha,RP,,81.0,9.0,0 ⅓,12,3,3,2,0,1,1,0,,Home,사직 야구장,18:00,28.0
김유영,2022,Lotte,2022-08-19,vs. KT,RP,L,54.0,6.0,0 ⅓,13,2,2,1,1,0,1,0,,Home,사직 야구장,18:30,30.3
김유영,2022,Lotte,2022-08-14,@ Kia,RP,H,0.0,0.0,1,17,0,0,0,0,1,0,0,,Away,광주 기아 챔피언스 필드,17:00,33.7
김유영,2022,Lotte,2022-08-11,@ Kiwoom,RP,,0.0,3.0,0 ⅔,19,0,0,1,0,0,1,0,,Away,고척 스카이돔,18:30,25.5
김유영,2022,Lotte,2022-08-10,@ Kiwoom,RP,W,0.0,1.0,1,15,0,0,1,0,2,0,0,,Away,고척 스카이돔,18:30,25.5
김유영,2022,Lotte,2022-08-07,vs. NC,RP,,0.0,2.0,1,20,0,0,2,0,0,0,0,,Home,사직 야구장,17:00,32.1
김유영,2022,Lotte,2022-08-05,vs. NC,RP,,9.0,3.0,1,21,1,1,2,0,1,1,0,,Home,사직 야구장,18:30,32.1
김유영,2022,Lotte,2022-08-03,vs. LG,RP,,0.0,3.0,0 ⅓,7,0,0,1,0,1,0,0,,Home,사직 야구장,18:30,30.9
김유영,2022,Lotte,2022-08-02,vs. LG,RP,W,6.75,0.75,1 ⅓,18,1,1,1,1,1,0,0,,Home,사직 야구장,18:30,30.4
김유영,2022,Lotte,2022-07-31,@ Samsung,RP,,0.0,1.0,1,15,0,0,0,0,1,1,1,,Away,대구 삼성 라이온즈 파크,17:00,29.8
김유영,2022,Lotte,2022-07-30,@ Samsung,RP,,0.0,3.0,0 ⅓,7,0,0,1,0,0,0,0,,Away,대구 삼성 라이온즈 파크,18:00,30.2
김유영,2022,Lotte,2022-07-27,@ Doosan,RP,,0.0,0.0,1,8,0,0,0,0,1,0,0,,Away,잠실 야구장,18:30,32.0
김유영,2022,Lotte,2022-07-23,vs. Kia,RP,,0.0,6.0,0 ⅓,14,0,0,2,0,0,0,0,,Home,사직 야구장,18:00,27.0
김유영,2022,Lotte,2022-07-22,vs. Kia,RP,,9.0,2.0,1,12,1,1,2,0,0,0,0,,Home,사직 야구장,18:30,26.8
김유영,2022,Lotte,2022-07-14,vs. Hanwha,RP,W,0.0,0.0,0 ⅔,12,0,0,0,0,1,0,0,,Home,사직 야구장,18:30,29.6
김유영,2022,Lotte,2022-07-07,@ SSG,RP,,27.0,6.0,0 ⅓,10,1,1,2,1,0,0,0,,Away,인천 SSG 랜더스필드,18:30,29.3
김유영,2022,Lotte,2022-07-06,@ SSG,RP,,0.0,3.0,0 ⅓,8,0,0,0,0,0,1,0,,Away,인천 SSG 랜더스필드,18:30,32.5
김유영,2022,Lotte,2022-07-02,@ LG,RP,,0.0,1.5,1 ⅓,20,0,0,2,0,0,0,0,,Away,잠실 야구장,18:00,33.3
김유영,2022,Lotte,2022-07-01,@ LG,RP,,0.0,0.0,0 ⅓,3,0,0,0,0,0,0,0,,Away,잠실 야구장,18:30,30.9
김유영,2022,Lotte,2022-06-25,vs. Kiwoom,RP,,27.0,7.5,0 ⅔,32,2,2,1,0,0,4,0,,Home,사직 야구장,17:00,25.6
김유영,2022,Lotte,2022-06-23,@ Kia,RP,,0.0,,0,10,2,2,2,0,0,0,0,,Away,광주 기아 챔피언스 필드,18:30,29.7
김유영,2022,Lotte,2022-06-22,@ Kia,RP,,0.0,3.0,1,14,0,0,3,0,0,0,0,,Away,광주 기아 챔피언스 필드,18:30,32.2
김유영,2022,Lotte,2022-06-19,vs. SSG,RP,,13.5,3.0,0 ⅔,16,1,1,2,0,1,0,0,,Home,사직 야구장,17:00,27.4
김유영,2022,Lotte,2022-06-17,vs. SSG,RP,,0.0,,0,5,0,0,1,0,0,0,0,,Home,사직 야구장,18:30,25.2
김유영,2022,Lotte,2022-06-16,@ Hanwha,RP,H,0.0,3.0,0 ⅓,10,0,0,0,0,0,1,0,,Away,대전 한화생명 볼파크,18:30,25.6
김유영,2022,Lotte,2022-06-09,vs. Samsung,RP,W,0.0,0.5,2,21,0,0,1,0,0,0,0,,Home,사직 야구장,18:30,21.8
김유영,2022,Lotte,2022-06-07,vs. Samsung,RP,H,0.0,1.0,1,9,0,0,1,0,0,0,0,,Home,사직 야구장,18:30,19.0
김유영,2022,Lotte,2022-06-04,@ NC,RP,W,0.0,0.43,2 ⅓,25,0,0,0,0,3,1,0,,Away,창원 NC 파크,17:00,22.9
김유영,2022,Lotte,2022-06-02,vs. LG,RP,,0.0,1.0,1,18,1,0,1,0,1,0,0,,Home,사직 야구장,18:30,22.6
김유영,2022,Lotte,2022-05-27,vs. Kiwoom,RP,,27.0,4.5,0 ⅔,9,2,2,3,0,0,0,0,,Home,사직 야구장,18:30,25.4
김유영,2022,Lotte,2022-05-26,@ SSG,RP,L,54.0,9.0,0 ⅓,9,2,2,1,0,0,2,0,,Away,인천 SSG 랜더스필드,18:30,18.1
김유영,2022,Lotte,2022-05-24,@ SSG,RP,,0.0,,0,1,0,0,0,0,0,0,1,,Away,인천 SSG 랜더스필드,18:30,23.8
김유영,2022,Lotte,2022-05-19,vs. Kia,RP,,0.0,0.0,1,9,0,0,0,0,1,0,0,,Home,사직 야구장,18:30,20.1
김유영,2022,Lotte,2022-05-18,vs. Kia,RP,,0.0,6.0,0 ⅓,8,0,0,2,0,0,0,0,,Home,사직 야구장,18:30,20.6
김유영,2022,Lotte,2022-05-17,vs. Kia,RP,,0.0,,0,8,1,0,1,0,0,1,0,,Home,사직 야구장,18:30,20.4
김유영,2022,Lotte,2022-05-14,@ Hanwha,RP,H,0.0,1.0,1,18,0,0,0,0,3,1,0,,Away,대전 한화생명 볼파크,17:00,20.6
김유영,2022,Lotte,2022-05-11,vs. NC,RP,,0.0,,0,11,0,0,1,0,0,0,1,,Home,사직 야구장,18:30,19.4
김유영,2022,Lotte,2022-05-08,vs. Samsung,RP,,0.0,0.0,0 ⅓,5,0,0,0,0,1,0,0,,Home,사직 야구장,14:00,19.1
김유영,2022,Lotte,2022-05-07,vs. Samsung,RP,,0.0,6.0,0 ⅓,9,0,0,1,0,0,1,0,,Home,사직 야구장,17:00,20.0
김유영,2022,Lotte,2022-05-06,vs. Samsung,RP,,9.0,3.0,1,21,1,1,2,0,1,1,0,,Home,사직 야구장,18:30,20.8
김유영,2022,Lotte,2022-05-03,@ KT,RP,,27.0,6.0,0 ⅓,19,1,1,2,0,0,0,0,,Away,수원 KT 위즈파크,18:30,18.8
김유영,2022,Lotte,2022-05-01,@ LG,RP,,0.0,1.0,1,17,0,0,1,0,0,0,0,,Away,잠실 야구장,14:00,18.5
김유영,2022,Lotte,2022-04-29,@ LG,RP,H,0.0,2.0,1,28,0,0,1,0,2,1,0,,Away,잠실 야구장,18:30,15.0
김유영,2022,Lotte,2022-04-27,vs. SSG,RP,,0.0,0.75,1 ⅓,23,0,0,0,0,2,1,0,,Home,사직 야구장,18:30,16.0
김유영,2022,Lotte,2022-04-24,@ Samsung,RP,H,0.0,1.0,1,13,0,0,1,0,2,0,0,,Away,대구 삼성 라이온즈 파크,14:00,21.2
김유영,2022,Lotte,2022-04-23,@ Samsung,RP,H,0.0,0.0,1 ⅓,18,0,0,0,0,2,0,0,,Away,대구 삼성 라이온즈 파크,17:00,17.7
김유영,2022,Lotte,2022-04-21,vs. Hanwha,RP,,27.0,12.0,0 ⅓,25,1,1,2,0,0,2,0,,Home,사직 야구장,18:30,14.4
김유영,2022,Lotte,2022-04-14,@ Kia,RP,H,0.0,0.75,1 ⅓,15,0,0,1,0,0,0,0,,Away,광주 기아 챔피언스 필드,18:30,18.4
김유영,2022,Lotte,2022-04-12,@ Kia,RP,,6.75,0.75,1 ⅓,18,1,1,1,0,3,0,0,,Away,광주 기아 챔피언스 필드,18:30,24.6
김유영,2022,Lotte,2022-04-10,vs. Doosan,RP,H,0.0,2.0,1,17,0,0,1,0,1,1,0,,Home,사직 야구장,14:00,21.5
김유영,2022,Lotte,2022-04-09,vs. Doosan,RP,H,0.0,0.0,1,10,0,0,0,0,1,0,0,,Home,사직 야구장,17:00,19.3
김유영,2022,Lotte,2022-04-07,@ NC,RP,H,0.0,0.0,0 ⅓,2,0,0,0,0,0,0,0,,Away,창원 NC 파크,18:30,19.9
김유영,2022,Lotte,2022-04-03,@ Kiwoom,RP,,27.0,6.0,0 ⅓,13,1,1,2,0,0,0,0,,Away,고척 스카이돔,14:00,25.5
김유영,2022,Lotte,2022-04-02,@ Kiwoom,RP,H,0.0,0.0,1,12,0,0,0,0,0,0,0,,Away,고척 스카이돔,14:00,25.5
김유영,2021,Lotte,2021-10-29,vs. LG,RP,,0.0,0.0,1 ⅔,16,0,0,0,0,2,0,1,,Home,사직 야구장,18:30,16.0
김유영,2021,Lotte,2021-10-27,vs. Kia,RP,,0.0,0.0,0 ⅓,2,0,0,0,0,0,0,0,,Home,사직 야구장,18:30,18.1
김유영,2021,Lotte,2021-10-24,vs. Hanwha,RP,,0.0,3.0,0 ⅓,10,0,0,0,0,0,1,0,,Home,사직 야구장,14:00,20.1
김유영,2021,Lotte,2021-10-23,vs. Hanwha,RP,,40.5,4.5,0 ⅔,25,3,3,0,0,0,3,0,,Home,사직 야구장,17:00,17.2
김유영,2021,Lotte,2021-10-16,vs. SSG,RP,,0.0,0.0,1,14,0,0,0,0,1,0,0,,Home,사직 야구장,17:00,14.8
김유영,2021,Lotte,2021-10-14,vs. LG,RP,,0.0,0.0,1,16,0,0,0,0,1,0,0,,Home,사직 야구장,18:30,22.2
김유영,2021,Lotte,2021-10-13,vs. LG,RP,,0.0,0.0,0 ⅔,13,0,0,0,0,1,0,1,,Home,사직 야구장,18:30,20.2
김유영,2021,Lotte,2021-10-08,@ Doosan,RP,,81.0,9.0,0 ⅓,11,3,3,2,0,0,1,0,,Away,잠실 야구장,18:30,19.3
김유영,2021,Lotte,2021-10-06,vs. Kia,RP,,0.0,1.5,0 ⅔,7,0,0,0,0,0,1,0,,Home,사직 야구장,18:30,23.4
김유영,2021,Lotte,2021-10-05,vs. Kia,RP,,0.0,0.0,0 ⅔,12,0,0,0,0,1,0,0,,Home,사직 야구장,18:30,24.9
김유영,2021,Lotte,2021-10-03,vs. NC,RP,,0.0,0.0,0 ⅔,7,0,0,0,0,0,0,0,,Home,사직 야구장,14:00,27.2
김유영,2021,Lotte,2021-10-02,vs. NC,RP,,0.0,0.0,0 ⅓,3,0,0,0,0,0,0,0,,Home,사직 야구장,17:00,25.1
김유영,2021,Lotte,2021-09-25,@ Kiwoom,RP,,0.0,2.0,1,25,0,0,2,0,1,0,0,,Away,고척 스카이돔,17:00,25.5
김유영,2021,Lotte,2021-09-24,@ SSG,RP,,0.0,0.0,0 ⅓,10,0,0,0,0,1,0,0,,Away,인천 SSG 랜더스필드,18:30,24.3
김유영,2021,Lotte,2021-09-22,vs. Samsung,RP,,9.0,4.0,1,21,1,1,3,0,0,1,0,,Home,사직 야구장,18:30,25.2
김유영,2021,Lotte,2021-09-18,@ Hanwha,RP,,9.0,4.0,1,23,2,1,3,0,3,1,0,,Away,대전 한화생명 볼파크,17:00,27.2
김유영,2021,Lotte,2021-09-14,@ Kia,RP,W,0.0,0.0,1,12,0,0,0,0,0,0,0,,Away,광주 기아 챔피언스 필드,18:30,25.3
김유영,2021,Lotte,2021-09-12,vs. Kiwoom,RP,,0.0,0.0,1 ⅓,11,0,0,0,0,1,0,0,,Home,사직 야구장,14:00,29.1
김유영,2021,Lotte,2021-09-11,vs. Kiwoom,RP,,0.0,,0,2,1,1,1,0,0,0,0,,Home,사직 야구장,17:00,28.4
김유영,2021,Lotte,2021-05-14,vs. KT,RP,,0.0,,0,11,2,2,3,0,0,1,0,,Home,사직 야구장,18:30,20.2
김유영,2021,Lotte,2021-05-13,vs. SSG,RP,,0.0,0.0,0 ⅓,1,0,0,0,0,0,0,0,,Home,사직 야구장,18:30,19.8
김유영,2021,Lotte,2021-05-12,vs. SSG,RP,,0.0,6.0,0 ⅓,17,0,0,1,0,1,1,0,,Home,사직 야구장,18:30,18.8
김유영,2021,Lotte,2021-05-08,@ Samsung,RP,,3.86,1.29,2 ⅓,43,1,1,2,1,2,1,0,,Away,대구 삼성 라이온즈 파크,17:00,18.1
김유영,2021,Lotte,2021-05-07,@ Samsung,RP,,0.0,0.0,0 ⅓,4,0,0,0,0,1,0,0,,Away,대구 삼성 라이온즈 파크,18:30,18.8
김유영,2021,Lotte,2021-05-05,vs. Kia,RP,,6.75,2.25,1 ⅓,19,1,1,3,0,1,0,0,,Home,사직 야구장,14:00,20.7
김유영,2021,Lotte,2021-04-07,@ NC,RP,,0.0,,0,16,2,2,1,0,0,3,0,,Away,창원 NC 파크,18:30,15.0
김유영,2020,Lotte,2020-10-30,vs. Kia,RP,,0.0,1.0,1,12,0,0,1,0,0,0,0,,Home,사직 야구장,18:30,14.4
김유영,2020,Lotte,2020-10-29,vs. NC,RP,,0.0,0.0,1,12,0,0,0,0,2,0,0,,Home,사직 야구장,18:30,16.1
김유영,2020,Lotte,2020-10-28,vs. NC,RP,,0.0,0.0,1,7,0,0,0,0,0,0,0,,Home,사직 야구장,18:30,17.6
김유영,2020,Lotte,2020-10-25,@ KT,RP,,0.0,,0,2,1,1,0,0,0,1,0,,Away,수원 KT 위즈파크,14:00,17.0
김유영,2020,Lotte,2020-10-24,@ Doosan,RP,,0.0,0.0,1,5,0,0,0,0,0,0,0,,Away,잠실 야구장,17:00,13.3
김유영,2020,Lotte,2020-07-26,@ Kiwoom,RP,,9.0,3.0,1,25,1,1,1,0,0,2,0,,Away,고척 스카이돔,14:00,25.5
김유영,2020,Lotte,2020-07-25,@ Kiwoom,RP,,0.0,,0,11,2,2,0,0,0,2,0,,Away,고척 스카이돔,18:00,25.5
김유영,2020,Lotte,2020-07-21,@ SK,RP,,0.0,3.0,0 ⅓,9,0,0,1,0,1,0,0,,Away,인천 SSG 랜더스필드,18:30,26.6
김유영,2020,Lotte,2020-07-18,@ Samsung,RP,,0.0,0.0,0 ⅓,2,0,0,0,0,0,0,0,,Away,대구 삼성 라이온즈 파크,18:00,25.0
김유영,2020,Lotte,2020-07-02,@ NC,RP,,0.0,1.5,0 ⅔,8,0,0,1,0,1,0,0,,Away,창원 NC 파크,18:30,24.1
김유영,2020,Lotte,2020-07-01,@ NC,RP,,0.0,1.0,1,14,0,0,0,0,1,1,0,,Away,창원 NC 파크,18:30,24.3
김유영,2020,Lotte,2020-06-30,@ NC,RP,,0.0,,0,2,0,0,0,0,0,1,0,,Away,창원 NC 파크,18:30,25.8
이우찬,2024,LG,2024-09-21,vs. Doosan,RP,,0.0,1.0,1,16,0,0,0,0,0,1,0,,Home,잠실 야구장,17:00,23.1
이우찬,2024,LG,2024-09-08,vs. Hanwha,RP,,9.0,3.0,1,14,1,1,3,0,0,0,0,,Home,잠실 야구장,14:00,31.0
이우찬,2024,LG,2024-08-23,@ Kiwoom,RP,,0.0,0.0,0 ⅔,8,0,0,0,0,1,0,0,,Away,고척 스카이돔,18:30,25.5
이우찬,2024,LG,2024-08-21,vs. SSG,RP,,27.0,3.0,0 ⅓,8,1,1,0,0,0,1,0,,Home,잠실 야구장,18:30,31.8
이우찬,2024,LG,2024-08-07,@ Doosan,RP,,0.0,,0,9,1,1,2,0,0,1,0,,Away,잠실 야구장,18:30,32.7
이우찬,2024,LG,2024-08-06,@ Doosan,RP,,0.0,1.0,1,13,0,0,1,0,0,0,0,,Away,잠실 야구장,18:30,33.7
이우찬,2024,LG,2024-06-30,@ NC,RP,,54.0,6.0,0 ⅓,12,2,2,0,0,0,2,0,,Away,창원 NC 파크,17:00,27.5
이우찬,2024,LG,2024-06-28,@ NC,RP,,0.0,0.0,1,14,0,0,0,0,1,0,0,,Away,창원 NC 파크,18:30,27.3
이우찬,2024,LG,2024-06-27,vs. Samsung,RP,,0.0,2.0,1,18,0,0,0,0,2,2,0,,Home,잠실 야구장,18:30,29.1
이우찬,2024,LG,2024-06-15,vs. Lotte,RP,,13.5,4.5,0 ⅔,26,1,1,2,1,1,1,0,,Home,잠실 야구장,17:00,28.2
이우찬,2024,LG,2024-06-11,@ Samsung,RP,,9.0,2.0,1,17,1,1,1,0,1,1,0,,Away,대구 삼성 라이온즈 파크,18:30,24.2
이우찬,2024,LG,2024-06-09,@ KT,SP,L,108.0,15.0,0 ⅓,26,4,4,2,0,1,3,0,29.0,Away,수원 KT 위즈파크,17:00,25.8
이우찬,2024,LG,2024-05-28,@ SSG,RP,,81.0,9.0,0 ⅓,21,3,3,1,0,1,2,0,,Away,인천 SSG 랜더스필드,18:30,24.6
이우찬,2024,LG,2024-05-25,vs. NC,RP,,9.0,3.0,1,26,1,1,1,0,1,2,0,,Home,잠실 야구장,17:00,23.9
이우찬,2024,LG,2024-05-23,@ Hanwha,RP,H,0.0,3.0,0 ⅓,9,0,0,0,0,0,1,0,,Away,대전 한화생명 볼파크,18:30,27.9
이우찬,2024,LG,2024-05-19,@ KT,RP,,81.0,9.0,0 ⅓,15,3,3,2,0,1,1,0,,Away,수원 KT 위즈파크,14:00,26.5
이우찬,2024,LG,2024-05-18,@ KT,RP,,0.0,0.0,1,11,0,0,0,0,1,0,0,,Away,수원 KT 위즈파크,17:00,24.1
이우찬,2024,LG,2024-05-16,vs. Kiwoom,RP,,0.0,1.0,1,19,0,0,1,0,1,0,1,,Home,잠실 야구장,18:30,18.8
이우찬,2024,LG,2024-05-14,vs. Kiwoom,RP,,54.0,9.0,0 ⅓,17,2,2,2,0,0,1,0,,Home,잠실 야구장,18:30,22.7
이우찬,2024,LG,2024-05-12,@ Lotte,RP,,0.0,1.8,1 ⅔,24,0,0,2,0,1,1,0,,Away,사직 야구장,14:00,22.2
이우찬,2024,LG,2024-05-09,vs. SSG,RP,H,0.0,3.0,0 ⅔,19,0,0,1,0,1,1,0,,Home,잠실 야구장,18:30,19.1
이우찬,2024,LG,2024-05-08,vs. SSG,RP,W,0.0,1.0,1,15,0,0,0,0,1,1,0,,Home,잠실 야구장,18:30,18.6
이우찬,2024,LG,2024-05-03,vs. Doosan,RP,,0.0,1.0,2,24,0,0,1,0,1,1,0,,Home,잠실 야구장,18:30,26.2
이우찬,2024,LG,2024-05-02,@ NC,RP,,54.0,6.0,0 ⅓,15,2,2,1,0,1,1,0,,Away,창원 NC 파크,18:30,15.8
이우찬,2024,LG,2024-04-27,vs. Kia,RP,W,0.0,2.0,1,17,0,0,2,0,1,0,0,,Home,잠실 야구장,17:00,24.8
이우찬,2024,LG,2024-04-26,vs. Kia,RP,W,0.0,0.75,1 ⅓,15,0,0,1,0,0,0,0,,Home,잠실 야구장,18:30,23.8
이우찬,2024,LG,2024-04-23,@ Samsung,RP,L,0.0,,0,15,4,4,4,1,0,1,0,,Away,대구 삼성 라이온즈 파크,18:30,14.6
이우찬,2024,LG,2024-04-21,@ SSG,RP,,0.0,1.0,1,12,0,0,1,0,1,0,0,,Away,인천 SSG 랜더스필드,14:00,19.8
이우찬,2024,LG,2024-04-21,@ SSG,RP,H,0.0,0.0,1,11,0,0,0,0,1,0,0,,Away,인천 SSG 랜더스필드,14:00,19.8
이우찬,2024,LG,2024-04-17,vs. Lotte,RP,,0.0,1.0,1,6,0,0,1,0,0,0,0,,Home,잠실 야구장,18:30,19.0
이우찬,2024,LG,2024-04-16,vs. Lotte,RP,H,0.0,0.0,0 ⅔,10,0,0,0,0,2,0,0,,Home,잠실 야구장,18:30,16.2
이우찬,2024,LG,2024-04-14,@ Doosan,RP,,9.0,2.0,1,22,2,1,1,0,1,1,0,,Away,잠실 야구장,14:00,28.9
이우찬,2024,LG,2024-04-12,@ Doosan,RP,H,0.0,1.0,1,16,0,0,0,0,1,1,0,,Away,잠실 야구장,18:30,21.7
이우찬,2024,LG,2024-04-10,@ Kia,RP,,9.0,1.0,1,15,1,1,1,0,1,0,0,,Away,광주 기아 챔피언스 필드,18:30,19.9
이우찬,2024,LG,2024-04-06,vs. KT,RP,,13.5,3.0,0 ⅔,18,1,1,1,0,1,1,0,,Home,잠실 야구장,17:00,16.7
이우찬,2024,LG,2024-04-05,vs. KT,RP,,27.0,6.0,0 ⅔,33,3,2,3,0,2,1,0,,Home,잠실 야구장,18:30,16.4
이우찬,2024,LG,2024-04-03,vs. NC,RP,,0.0,0.0,1,11,0,0,0,0,0,0,0,,Home,잠실 야구장,18:30,18.5
이우찬,2024,LG,2024-04-02,vs. NC,RP,,27.0,4.5,0 ⅔,25,2,2,3,0,0,0,0,,Home,잠실 야구장,18:30,20.0
이우찬,2024,LG,2024-03-29,@ Kiwoom,RP,H,0.0,0.0,0 ⅓,5,0,0,0,0,0,0,0,,Away,고척 스카이돔,18:30,25.5
이우찬,2024,LG,2024-03-27,vs. Samsung,RP,,0.0,1.0,1,15,0,0,1,0,2,0,0,,Home,잠실 야구장,18:30,13.1
이우찬,2024,LG,2024-03-26,vs. Samsung,RP,,0.0,1.0,1,21,0,0,0,0,1,1,0,,Home,잠실 야구장,18:30,10.9
이우찬,2024,LG,2024-03-23,vs. Hanwha,RP,,0.0,0.0,1,15,0,0,0,0,0,0,0,,Home,잠실 야구장,14:00,15.9
이우찬,2023,LG,2023-10-13,@ NC,RP,,0.0,0.0,1,17,0,0,0,0,3,0,0,,Away,창원 NC 파크,18:30,19.8
이우찬,2023,LG,2023-10-09,vs. Lotte,RP,,0.0,0.6,1 ⅔,18,0,0,0,0,1,1,0,,Home,잠실 야구장,18:30,19.8
이우찬,2023,LG,2023-10-06,vs. Kia,RP,,0.0,2.0,1,11,0,0,1,0,0,1,0,,Home,잠실 야구장,18:30,18.8
이우찬,2023,LG,2023-10-05,@ Lotte,RP,,0.0,0.0,1,14,0,0,0,0,1,0,0,,Away,사직 야구장,18:30,18.8
이우찬,2023,LG,2023-10-02,@ KT,RP,H,0.0,3.0,0 ⅓,8,0,0,1,0,0,0,0,,Away,수원 KT 위즈파크,18:30,20.8
이우찬,2023,LG,2023-09-30,@ Doosan,RP,,6.75,1.5,1 ⅓,34,1,1,1,0,3,1,0,,Away,잠실 야구장,17:00,23.9
이우찬,2023,LG,2023-09-28,vs. Samsung,RP,,0.0,0.0,1 ⅔,22,0,0,0,0,2,0,0,,Home,잠실 야구장,18:30,25.3
이우찬,2023,LG,2023-09-17,vs. SSG,RP,,27.0,9.0,0 ⅓,20,1,1,1,0,0,2,0,,Home,잠실 야구장,14:00,28.1
이우찬,2023,LG,2023-09-16,vs. SSG,RP,,0.0,0.0,1,12,0,0,0,0,2,0,0,,Home,잠실 야구장,17:00,27.7
이우찬,2023,LG,2023-09-10,@ Kia,RP,,0.0,1.5,1 ⅓,13,0,0,2,0,0,0,0,,Away,광주 기아 챔피언스 필드,14:00,29.4
이우찬,2023,LG,2023-09-09,@ Kia,RP,L,0.0,,0,8,3,3,3,0,0,0,0,,Away,광주 기아 챔피언스 필드,17:00,29.1
이우찬,2023,LG,2023-09-07,@ KT,RP,H,0.0,0.0,1,12,0,0,0,0,1,0,0,,Away,수원 KT 위즈파크,18:30,28.3
이우찬,2023,LG,2023-09-02,vs. Hanwha,RP,,0.0,0.0,0 ⅓,5,0,0,0,0,1,0,0,,Home,잠실 야구장,17:00,28.8
이우찬,2023,LG,2023-08-17,@ Samsung,RP,,0.0,2.0,1,8,0,0,2,0,0,0,0,,Away,대구 삼성 라이온즈 파크,18:30,28.4
이우찬,2023,LG,2023-08-13,vs. Kiwoom,RP,,27.0,1.5,0 ⅔,17,2,2,0,0,1,1,1,,Home,잠실 야구장,17:00,31.2
이우찬,2023,LG,2023-08-04,@ Samsung,RP,L,27.0,3.0,0 ⅔,16,2,2,2,0,0,0,0,,Away,대구 삼성 라이온즈 파크,18:30,32.4
이우찬,2023,LG,2023-08-03,vs. Kiwoom,RP,,0.0,1.0,1,15,0,0,0,0,2,1,0,,Home,잠실 야구장,18:30,32.8
이우찬,2023,LG,2023-07-30,@ Doosan,RP,,0.0,1.0,1,22,0,0,0,0,1,1,0,,Away,잠실 야구장,17:00,33.6
이우찬,2023,LG,2023-07-27,@ KT,RP,H,0.0,2.0,1,13,0,0,2,0,0,0,0,,Away,수원 KT 위즈파크,18:30,32.5
이우찬,2023,LG,2023-07-21,vs. SSG,RP,,0.0,0.0,0 ⅓,4,0,0,0,0,0,0,0,,Home,잠실 야구장,18:30,33.3
이우찬,2023,LG,2023-07-09,@ Lotte,RP,,0.0,2.0,1,14,0,0,2,0,0,0,0,,Away,사직 야구장,17:00,28.2
이우찬,2023,LG,2023-07-08,@ Lotte,RP,,0.0,2.0,1,15,0,0,1,0,1,1,0,,Away,사직 야구장,18:00,24.9
이우찬,2023,LG,2023-07-02,vs. Kia,RP,H,0.0,1.0,2,21,0,0,2,0,0,0,0,,Home,잠실 야구장,17:00,31.3
이우찬,2023,LG,2023-06-25,vs. Lotte,RP,,0.0,2.0,1,26,0,0,0,0,1,2,0,,Home,잠실 야구장,17:00,31.2
이우찬,2023,LG,2023-06-24,vs. Lotte,RP,,0.0,1.0,1,13,0,0,0,0,0,1,0,,Home,잠실 야구장,17:00,30.9
이우찬,2023,LG,2023-06-03,vs. NC,RP,,0.0,6.0,0 ⅓,14,0,0,0,0,0,2,0,,Home,잠실 야구장,17:00,25.5
이우찬,2023,LG,2023-06-02,vs. NC,RP,,13.5,3.0,0 ⅔,13,1,1,2,0,0,0,0,,Home,잠실 야구장,18:30,25.1
이우찬,2023,LG,2023-05-31,vs. Lotte,RP,,13.5,1.5,0 ⅔,15,1,1,0,0,2,1,0,,Home,잠실 야구장,18:30,26.4
이우찬,2023,LG,2023-05-27,@ Kia,RP,,0.0,1.0,1,13,0,0,1,0,1,0,0,,Away,광주 기아 챔피언스 필드,17:00,24.1
이우찬,2023,LG,2023-04-29,vs. Kia,RP,,13.5,3.0,2,44,3,3,5,1,3,1,0,,Home,잠실 야구장,17:00,13.1
이우찬,2023,LG,2023-04-26,vs. SSG,RP,,0.0,1.5,2,28,0,0,3,0,2,0,0,,Home,잠실 야구장,18:30,12.6
이우찬,2023,LG,2023-04-23,@ Hanwha,RP,,0.0,1.2,1 ⅔,24,0,0,1,0,1,1,0,,Away,대전 한화생명 볼파크,14:00,20.2
이우찬,2023,LG,2023-04-22,@ Hanwha,RP,H,0.0,0.0,1,12,0,0,0,0,0,0,0,,Away,대전 한화생명 볼파크,17:00,20.0
이우찬,2023,LG,2023-04-19,vs. NC,RP,W,0.0,1.0,1,15,0,0,1,0,0,0,0,,Home,잠실 야구장,18:30,25.6
이우찬,2023,LG,2023-04-18,vs. NC,RP,L,0.0,,0,5,1,1,0,0,0,1,0,,Home,잠실 야구장,18:30,18.2
이우찬,2023,LG,2023-04-16,vs. Doosan,RP,,0.0,0.0,1 ⅔,19,0,0,0,0,1,0,1,,Home,잠실 야구장,14:00,14.4
이우찬,2023,LG,2023-04-14,vs. Doosan,RP,,0.0,1.5,0 ⅔,11,0,0,1,0,0,0,0,,Home,잠실 야구장,18:30,19.5
이우찬,2023,LG,2023-04-12,@ Lotte,RP,,0.0,0.5,2,17,0,0,1,0,0,0,0,,Away,사직 야구장,18:30,15.2
이우찬,2022,LG,2022-10-11,vs. KT,RP,,0.0,0.5,2,35,0,0,0,0,2,1,0,,Home,잠실 야구장,18:30,14.4
이우찬,2022,LG,2022-10-07,@ NC,RP,H,0.0,1.0,1,9,0,0,0,0,0,1,0,,Away,창원 NC 파크,18:30,18.0
이우찬,2022,LG,2022-10-05,@ Kia,RP,,0.0,1.0,1,17,0,0,1,0,0,0,0,,Away,광주 기아 챔피언스 필드,18:30,17.2
이우찬,2022,LG,2022-10-01,vs. NC,RP,,0.0,1.2,1 ⅔,26,0,0,2,0,0,0,0,,Home,잠실 야구장,17:00,25.1
이우찬,2022,LG,2022-09-29,vs. KT,RP,,0.0,1.8,1 ⅔,35,0,0,3,0,4,0,0,,Home,잠실 야구장,18:30,24.3
이우찬,2022,LG,2022-09-25,@ SSG,RP,,0.0,0.0,0 ⅔,8,0,0,0,0,1,0,0,,Away,인천 SSG 랜더스필드,14:00,22.5
이우찬,2022,LG,2022-09-24,vs. Hanwha,RP,,0.0,0.0,2,23,0,0,0,0,2,0,0,,Home,잠실 야구장,17:00,22.9
이우찬,2022,LG,2022-09-21,@ Kia,RP,,0.0,3.0,0 ⅓,6,0,0,1,0,1,0,0,,Away,광주 기아 챔피언스 필드,18:30,22.1
이우찬,2022,LG,2022-09-18,vs. Hanwha,RP,,0.0,1.0,1,15,0,0,0,0,0,1,0,,Home,잠실 야구장,14:00,31.6
이우찬,2022,LG,2022-09-14,@ Doosan,RP,,9.0,2.0,1,18,1,1,2,0,0,0,0,,Away,잠실 야구장,18:30,24.7
이우찬,2022,LG,2022-09-11,@ Samsung,RP,,0.0,6.0,0 ⅓,8,0,0,1,0,0,1,0,,Away,대구 삼성 라이온즈 파크,14:00,28.7
이우찬,2022,LG,2022-09-09,@ Kiwoom,RP,,13.5,1.5,0 ⅔,16,1,1,0,0,0,1,0,,Away,고척 스카이돔,18:30,25.5
이우찬,2022,LG,2022-09-06,vs. SSG,RP,,0.0,3.0,1,26,0,0,1,0,1,2,0,,Home,잠실 야구장,18:30,25.2
이우찬,2022,LG,2022-08-31,vs. NC,RP,W,0.0,0.6,1 ⅔,28,0,0,0,0,2,1,0,,Home,잠실 야구장,18:30,26.0
이우찬,2022,LG,2022-08-28,vs. Kiwoom,RP,,0.0,0.0,1,17,0,0,0,0,1,0,0,,Home,잠실 야구장,17:00,26.7
이우찬,2022,LG,2022-08-21,vs. Doosan,RP,,9.0,3.0,1,17,1,1,2,0,0,1,0,,Home,잠실 야구장,17:00,32.2
이우찬,2022,LG,2022-08-20,vs. Doosan,RP,,0.0,2.0,1,15,0,0,1,0,2,1,0,,Home,잠실 야구장,18:00,32.0
이우찬,2022,LG,2022-08-17,vs. Samsung,RP,H,0.0,1.0,2,21,0,0,2,0,0,0,0,,Home,잠실 야구장,18:30,29.3
이우찬,2022,LG,2022-08-14,@ NC,RP,,9.0,1.0,2,26,2,2,2,1,1,0,0,,Away,창원 NC 파크,17:00,31.9
이우찬,2022,LG,2022-08-12,@ Hanwha,RP,,0.0,,0,10,1,1,0,0,0,2,0,,Away,대전 한화생명 볼파크,18:30,30.9
이우찬,2022,LG,2022-08-05,vs. Kiwoom,RP,,0.0,2.4,1 ⅔,33,0,0,1,0,1,3,0,,Home,잠실 야구장,18:30,32.4
이우찬,2022,LG,2022-08-02,@ Lotte,RP,,0.0,0.0,1,13,0,0,0,0,2,0,0,,Away,사직 야구장,18:30,30.4
이우찬,2022,LG,2022-07-27,@ SSG,RP,,27.0,9.0,0 ⅓,15,1,1,1,0,0,2,0,,Away,인천 SSG 랜더스필드,18:30,30.7
이우찬,2022,LG,2022-07-23,@ NC,RP,W,0.0,0.33,3,35,0,0,0,0,1,1,0,,Away,창원 NC 파크,18:00,26.2
이우찬,2022,LG,2022-07-12,vs. Kia,RP,,0.0,0.75,1 ⅓,21,0,0,0,0,2,1,0,,Home,잠실 야구장,18:30,30.5
이우찬,2022,LG,2022-07-10,@ Doosan,RP,,0.0,0.0,1,13,0,0,0,0,1,0,0,,Away,잠실 야구장,17:00,33.5
이우찬,2022,LG,2022-07-08,@ Doosan,RP,,6.75,1.5,1 ⅓,21,2,1,2,0,2,0,0,,Away,잠실 야구장,18:30,29.3
이우찬,2022,LG,2022-07-06,@ Samsung,RP,,0.0,3.0,0 ⅔,17,0,0,2,0,2,0,0,,Away,대구 삼성 라이온즈 파크,18:30,30.6
이우찬,2022,LG,2022-05-18,@ KT,RP,W,0.0,0.0,1 ⅓,18,0,0,0,0,0,0,0,,Away,수원 KT 위즈파크,18:30,24.3
이우찬,2022,LG,2022-05-15,vs. Kia,RP,,9.0,1.0,1,16,1,1,1,1,1,0,0,,Home,잠실 야구장,14:00,22.2
이우찬,2022,LG,2022-05-12,vs. Hanwha,RP,W,0.0,0.5,2,33,0,0,0,0,4,1,0,,Home,잠실 야구장,18:30,25.2
이우찬,2022,LG,2022-05-06,@ NC,RP,W,0.0,0.0,2 ⅔,43,0,0,0,0,5,0,1,,Away,창원 NC 파크,18:30,22.2
이우찬,2022,LG,2022-05-04,vs. Doosan,RP,,0.0,0.0,2,19,0,0,0,0,1,0,0,,Home,잠실 야구장,18:30,22.3
이우찬,2022,LG,2022-05-01,vs. Lotte,RP,,0.0,6.0,0 ⅓,10,0,0,1,0,0,1,0,,Home,잠실 야구장,14:00,18.5
이우찬,2022,LG,2022-04-30,vs. Lotte,RP,,0.0,1.0,1,7,0,0,1,0,1,0,0,,Home,잠실 야구장,17:00,14.8
이우찬,2022,LG,2022-04-23,@ Doosan,RP,,0.0,2.0,1,20,0,0,2,0,2,0,0,,Away,잠실 야구장,17:00,24.7
이우찬,2021,LG,2021-10-27,@ Hanwha,RP,,9.0,4.0,1,25,1,1,1,0,1,3,0,,Away,대전 한화생명 볼파크,18:30,14.7
이우찬,2021,LG,2021-10-06,vs. SSG,SP,,5.4,3.6,1 ⅔,55,1,1,3,0,3,3,1,44.0,Home,잠실 야구장,18:30,19.2
이우찬,2021,LG,2021-09-30,vs. Doosan,SP,,6.75,1.5,2 ⅔,47,2,2,2,0,2,2,0,46.0,Home,잠실 야구장,18:30,25.4
이우찬,2021,LG,2021-09-24,vs. Samsung,SP,,3.86,1.71,2 ⅓,47,3,1,2,0,1,2,0,44.0,Home,잠실 야구장,18:30,25.5
이우찬,2021,LG,2021-09-18,vs. Kia,SP,L,9.82,1.91,3 ⅔,62,4,4,5,1,3,2,0,36.0,Home,잠실 야구장,17:00,27.2
이우찬,2021,LG,2021-09-12,@ Doosan,RP,,6.75,2.25,1 ⅓,26,1,1,1,0,0,2,0,,Away,잠실 야구장,14:00,28.6
이우찬,2021,LG,2021-09-11,@ Doosan,RP,,4.5,1.5,2,33,1,1,1,0,2,2,0,,Away,잠실 야구장,17:00,27.9
이우찬,2021,LG,2021-09-04,vs. KT,RP,,8.1,1.5,3 ⅓,56,3,3,4,2,3,1,0,,Home,잠실 야구장,17:00,26.8
이우찬,2021,LG,2021-07-01,vs. KT,RP,,0.0,1.0,2,31,0,0,1,0,1,1,0,,Home,잠실 야구장,18:30,30.3
이우찬,2021,LG,2021-06-26,@ Samsung,RP,,18.0,3.0,1,29,2,2,2,0,2,1,0,,Away,대구 삼성 라이온즈 파크,17:00,26.6
이우찬,2021,LG,2021-06-09,vs. NC,SP,,0.0,1.67,3,68,2,0,4,0,4,1,0,50.0,Home,잠실 야구장,18:30,29.6
이우찬,2021,LG,2021-06-05,@ Kia,RP,,0.0,3.0,0 ⅓,14,0,0,0,0,1,1,0,,Away,광주 기아 챔피언스 필드,17:00,26.5
이우찬,2021,LG,2021-06-01,vs. KT,RP,,15.0,2.33,3,51,5,5,7,0,0,0,0,,Home,잠실 야구장,18:30,23.5
이우찬,2021,LG,2021-05-29,vs. Kiwoom,RP,,0.0,0.75,2 ⅔,42,0,0,0,0,2,2,0,,Home,잠실 야구장,17:00,15.8
이우찬,2021,LG,2021-05-21,@ SSG,RP,,0.0,1.25,4,62,0,0,3,0,2,2,0,,Away,인천 SSG 랜더스필드,18:30,17.5
이우찬,2020,LG,2020-09-20,@ Doosan,SP,,4.91,2.45,3 ⅔,80,2,2,6,1,3,3,2,39.0,Away,잠실 야구장,14:00,23.8
이우찬,2020,LG,2020-07-17,vs. Hanwha,RP,,0.0,,0,11,0,0,1,0,0,1,0,,Home,잠실 야구장,18:30,29.3
이우찬,2020,LG,2020-06-19,vs. Doosan,RP,,27.0,3.0,0 ⅔,19,2,2,0,0,0,2,0,,Home,잠실 야구장,18:30,28.7
이우찬,2020,LG,2020-06-16,@ Hanwha,RP,,54.0,9.0,0 ⅓,23,2,2,2,0,1,1,0,,Away,대전 한화생명 볼파크,18:30,28.1
박명근,2024,LG,2024-09-14,@ NC,RP,,0.0,,0,19,3,3,3,0,0,0,0,,Away,창원 NC 파크,17:00,32.2
박명근,2024,LG,2024-09-08,vs. Hanwha,RP,,0.0,1.0,1,9,0,0,0,0,0,1,0,,Home,잠실 야구장,14:00,31.0
박명근,2024,LG,2024-08-28,vs. KT,RP,L,0.0,,0,3,2,1,2,0,0,0,0,,Home,잠실 야구장,18:30,31.7
박명근,2024,LG,2024-08-24,@ Kiwoom,RP,,0.0,1.0,1,12,0,0,0,0,1,1,0,,Away,고척 스카이돔,18:00,25.5
박명근,2024,LG,2024-08-20,vs. SSG,RP,W,9.0,1.0,1,8,1,1,1,0,0,0,0,,Home,잠실 야구장,18:30,34.4
박명근,2024,LG,2024-08-17,vs. Kia,RP,,0.0,,0,10,3,3,2,2,0,1,0,,Home,잠실 야구장,18:00,32.6
박명근,2024,LG,2024-08-15,@ Hanwha,RP,,0.0,2.0,1,27,1,0,2,0,2,0,0,,Away,대전 한화생명 볼파크,18:30,32.7
박명근,2024,LG,2024-05-31,@ Doosan,RP,,0.0,0.0,0 ⅔,9,0,0,0,0,1,0,0,,Away,잠실 야구장,18:30,21.4
박명근,2024,LG,2024-05-28,@ SSG,RP,,0.0,0.0,0 ⅓,5,0,0,0,0,1,0,0,,Away,인천 SSG 랜더스필드,18:30,24.6
박명근,2024,LG,2024-05-26,vs. NC,RP,H,0.0,0.0,1,11,0,0,0,0,0,0,1,,Home,잠실 야구장,14:00,20.2
박명근,2024,LG,2024-05-25,vs. NC,RP,H,0.0,1.2,1 ⅔,23,0,0,2,0,1,0,0,,Home,잠실 야구장,17:00,23.9
박명근,2024,LG,2024-05-22,@ Hanwha,RP,,27.0,3.0,0 ⅓,8,1,1,0,0,0,1,0,,Away,대전 한화생명 볼파크,18:30,25.3
박명근,2024,LG,2024-05-17,@ KT,RP,H,13.5,3.0,0 ⅔,20,1,1,0,0,0,2,0,,Away,수원 KT 위즈파크,18:30,22.1
박명근,2024,LG,2024-05-16,vs. Kiwoom,RP,,0.0,0.0,1,13,0,0,0,0,0,0,0,,Home,잠실 야구장,18:30,18.8
박명근,2024,LG,2024-05-12,@ Lotte,RP,,0.0,1.0,1,13,0,0,1,0,0,0,0,,Away,사직 야구장,14:00,22.2
박명근,2024,LG,2024-05-09,vs. SSG,RP,W,0.0,1.0,1,20,0,0,0,0,0,1,0,,Home,잠실 야구장,18:30,19.1
박명근,2024,LG,2024-05-04,vs. Doosan,RP,,0.0,0.0,1 ⅓,10,0,0,0,0,0,0,0,,Home,잠실 야구장,17:00,25.9
박명근,2024,LG,2024-05-02,@ NC,RP,SV,0.0,1.0,1,17,0,0,0,0,1,1,0,,Away,창원 NC 파크,18:30,15.8
박명근,2024,LG,2024-04-28,vs. Kia,RP,L,0.0,,0,15,3,3,2,0,0,1,0,,Home,잠실 야구장,14:00,27.6
박명근,2024,LG,2024-04-21,@ SSG,RP,H,0.0,4.5,0 ⅔,13,0,0,2,0,0,1,0,,Away,인천 SSG 랜더스필드,14:00,19.8
박명근,2024,LG,2024-04-19,@ SSG,RP,H,0.0,0.0,1,20,0,0,0,0,0,0,0,,Away,인천 SSG 랜더스필드,18:30,17.3
박명근,2024,LG,2024-04-17,vs. Lotte,RP,H,0.0,3.0,0 ⅔,21,0,0,2,0,0,0,0,,Home,잠실 야구장,18:30,19.0
박명근,2024,LG,2024-04-16,vs. Lotte,RP,,9.0,1.0,1,19,1,1,1,1,0,0,0,,Home,잠실 야구장,18:30,16.2
박명근,2024,LG,2024-04-14,@ Doosan,RP,,0.0,1.0,1,16,0,0,1,0,1,0,0,,Away,잠실 야구장,14:00,28.9
박명근,2024,LG,2024-04-09,@ Kia,RP,,27.0,3.0,0 ⅔,7,2,2,2,1,0,0,0,,Away,광주 기아 챔피언스 필드,18:30,17.6
박명근,2024,LG,2024-04-07,vs. KT,RP,H,0.0,3.0,0 ⅓,4,0,0,1,0,0,0,0,,Home,잠실 야구장,14:00,22.0
박명근,2024,LG,2024-04-05,vs. KT,RP,,0.0,0.0,0 ⅔,15,0,0,0,0,1,0,1,,Home,잠실 야구장,18:30,16.4
박명근,2024,LG,2024-04-03,vs. NC,RP,,0.0,1.0,1,13,0,0,1,0,1,0,0,,Home,잠실 야구장,18:30,18.5
박명근,2024,LG,2024-04-02,vs. NC,RP,,0.0,1.5,0 ⅔,12,0,0,0,0,1,1,1,,Home,잠실 야구장,18:30,20.0
박명근,2024,LG,2024-03-31,@ Kiwoom,RP,,18.0,2.0,1,10,2,2,2,2,0,0,0,,Away,고척 스카이돔,14:00,25.5
박명근,2024,LG,2024-03-29,@ Kiwoom,RP,H,0.0,3.0,0 ⅔,20,0,0,2,0,1,0,0,,Away,고척 스카이돔,18:30,25.5
박명근,2024,LG,2024-03-26,vs. Samsung,RP,,0.0,1.0,1,17,0,0,0,0,1,1,0,,Home,잠실 야구장,18:30,10.9
박명근,2024,LG,2024-03-23,vs. Hanwha,RP,,0.0,0.0,1,7,0,0,0,0,0,0,0,,Home,잠실 야구장,14:00,15.9
박명근,2023,LG,2023-10-09,vs. Lotte,RP,,0.0,,0,15,3,3,3,1,0,0,1,,Home,잠실 야구장,18:30,19.8
박명근,2023,LG,2023-10-06,vs. Kia,RP,L,0.0,,0,16,3,3,2,0,0,1,0,,Home,잠실 야구장,18:30,18.8
박명근,2023,LG,2023-10-04,@ Lotte,RP,,81.0,12.0,0 ⅓,19,3,3,3,1,1,1,0,,Away,사직 야구장,18:30,22.8
박명근,2023,LG,2023-10-02,@ KT,RP,H,0.0,1.0,1,19,0,0,1,0,1,0,0,,Away,수원 KT 위즈파크,18:30,20.8
박명근,2023,LG,2023-09-30,@ Doosan,RP,,0.0,3.0,0 ⅔,27,0,0,1,0,1,1,0,,Away,잠실 야구장,17:00,23.9
박명근,2023,LG,2023-09-29,@ Doosan,RP,,0.0,0.0,1,11,0,0,0,0,0,0,0,,Away,잠실 야구장,18:30,22.8
박명근,2023,LG,2023-09-27,vs. KT,RP,H,0.0,1.5,1 ⅓,24,0,0,1,0,1,1,0,,Home,잠실 야구장,18:30,25.0
박명근,2023,LG,2023-09-24,vs. Hanwha,RP,,0.0,3.0,0 ⅔,19,0,0,0,0,0,2,0,,Home,잠실 야구장,14:00,24.5
박명근,2023,LG,2023-09-17,vs. SSG,RP,,0.0,1.5,0 ⅔,11,0,0,1,0,1,0,0,,Home,잠실 야구장,14:00,28.1
박명근,2023,LG,2023-09-17,vs. SSG,RP,H,0.0,0.0,1,8,0,0,0,0,0,0,0,,Home,잠실 야구장,14:00,28.1
박명근,2023,LG,2023-09-10,@ Kia,RP,,0.0,0.0,1,15,0,0,0,0,2,0,0,,Away,광주 기아 챔피언스 필드,14:00,29.4
박명근,2023,LG,2023-09-09,@ Kia,RP,,18.0,2.0,1,11,2,2,2,1,0,0,0,,Away,광주 기아 챔피언스 필드,17:00,29.1
박명근,2023,LG,2023-09-08,@ Kia,RP,,0.0,0.0,0 ⅓,3,0,0,0,0,0,0,0,,Away,광주 기아 챔피언스 필드,18:30,28.2
박명근,2023,LG,2023-09-05,@ KT,RP,H,0.0,6.0,0 ⅓,10,0,0,1,0,0,1,0,,Away,수원 KT 위즈파크,18:30,31.2
박명근,2023,LG,2023-09-02,vs. Hanwha,RP,,0.0,0.0,1,10,0,0,0,0,1,0,0,,Home,잠실 야구장,17:00,28.8
박명근,2023,LG,2023-08-27,@ NC,RP,L,9.0,3.0,1,20,1,1,2,0,0,1,0,,Away,창원 NC 파크,17:00,30.8
박명근,2023,LG,2023-08-25,@ NC,RP,,9.0,1.0,1,25,1,1,1,1,2,0,0,,Away,창원 NC 파크,18:30,29.8
박명근,2023,LG,2023-08-20,@ SSG,RP,L,13.5,3.0,0 ⅔,17,1,1,2,0,0,0,0,,Away,인천 SSG 랜더스필드,17:00,31.3
박명근,2023,LG,2023-08-19,@ SSG,RP,,0.0,0.0,1,16,0,0,0,0,0,0,0,,Away,인천 SSG 랜더스필드,18:00,30.1
박명근,2023,LG,2023-08-17,@ Samsung,RP,,0.0,0.0,1,11,0,0,0,0,1,0,0,,Away,대구 삼성 라이온즈 파크,18:30,28.4
박명근,2023,LG,2023-08-15,@ Samsung,RP,,54.0,9.0,0 ⅓,14,2,2,0,0,0,3,0,,Away,대구 삼성 라이온즈 파크,18:30,30.0
박명근,2023,LG,2023-07-06,vs. KT,RP,,0.0,,0,17,2,2,1,0,0,1,1,,Home,잠실 야구장,18:30,30.9
박명근,2023,LG,2023-06-30,vs. Kia,RP,W,0.0,2.0,1,11,0,0,2,0,1,0,0,,Home,잠실 야구장,18:30,29.9
박명근,2023,LG,2023-06-28,@ SSG,RP,W,0.0,0.5,2,28,0,0,0,0,1,1,0,,Away,인천 SSG 랜더스필드,18:30,26.5
박명근,2023,LG,2023-06-25,vs. Lotte,RP,,0.0,1.0,1,18,0,0,1,0,0,0,0,,Home,잠실 야구장,17:00,31.2
박명근,2023,LG,2023-06-22,@ NC,RP,W,0.0,0.33,3,40,0,0,1,0,1,0,1,,Away,창원 NC 파크,18:30,27.3
박명근,2023,LG,2023-06-21,@ NC,RP,,0.0,1.0,1,17,0,0,1,0,2,0,0,,Away,창원 NC 파크,18:30,24.6
박명근,2023,LG,2023-06-17,vs. Doosan,RP,,108.0,12.0,0 ⅓,13,4,4,1,0,0,3,0,,Home,잠실 야구장,17:00,27.7
박명근,2023,LG,2023-06-16,vs. Doosan,RP,,0.0,0.0,1,15,0,0,0,0,2,0,0,,Home,잠실 야구장,18:30,27.2
박명근,2023,LG,2023-06-14,vs. Samsung,RP,H,0.0,1.0,1,29,0,0,0,0,1,1,0,,Home,잠실 야구장,18:30,25.0
박명근,2023,LG,2023-06-11,@ Hanwha,RP,,5.4,1.8,1 ⅔,36,1,1,2,0,1,1,0,,Away,대전 한화생명 볼파크,17:00,27.3
박명근,2023,LG,2023-06-09,@ Hanwha,RP,,0.0,3.0,1,22,0,0,2,0,1,1,0,,Away,대전 한화생명 볼파크,18:30,25.3
박명근,2023,LG,2023-06-07,@ Kiwoom,RP,,0.0,2.0,1,21,0,0,0,0,1,2,0,,Away,고척 스카이돔,18:30,25.5
박명근,2023,LG,2023-06-04,vs. NC,RP,,0.0,0.75,1 ⅓,21,0,0,0,0,0,1,0,,Home,잠실 야구장,17:00,25.2
박명근,2023,LG,2023-05-30,vs. Lotte,RP,SV,0.0,0.0,1,8,0,0,0,0,1,0,0,,Home,잠실 야구장,18:30,25.6
박명근,2023,LG,2023-05-26,@ Kia,RP,SV,0.0,3.0,0 ⅓,9,0,0,1,0,1,0,0,,Away,광주 기아 챔피언스 필드,18:30,23.0
박명근,2023,LG,2023-05-25,@ SSG,RP,,0.0,1.0,1,13,0,0,1,0,0,0,0,,Away,인천 SSG 랜더스필드,18:30,20.6
박명근,2023,LG,2023-05-21,vs. Hanwha,RP,SV,0.0,1.0,1,20,0,0,1,0,1,0,0,,Home,잠실 야구장,14:00,21.2
박명근,2023,LG,2023-05-20,vs. Hanwha,RP,,0.0,1.5,0 ⅔,15,0,0,0,0,1,1,0,,Home,잠실 야구장,17:00,23.9
박명근,2023,LG,2023-05-18,vs. KT,RP,,9.0,3.0,1,20,1,1,3,0,0,0,1,,Home,잠실 야구장,18:30,22.5
박명근,2023,LG,2023-05-17,vs. KT,RP,H,0.0,1.0,1,12,0,0,0,0,1,1,0,,Home,잠실 야구장,18:30,25.3
박명근,2023,LG,2023-05-14,@ Samsung,RP,H,0.0,0.0,1,14,0,0,0,0,1,0,0,,Away,대구 삼성 라이온즈 파크,14:00,20.6
박명근,2023,LG,2023-05-11,vs. Kiwoom,RP,SV,0.0,1.0,1,23,0,0,1,0,1,0,0,,Home,잠실 야구장,18:30,24.2
박명근,2023,LG,2023-05-09,vs. Kiwoom,RP,,0.0,1.0,1,18,0,0,1,0,1,0,1,,Home,잠실 야구장,18:30,21.9
박명근,2023,LG,2023-05-03,@ NC,RP,SV,0.0,0.0,1,9,0,0,0,0,1,0,0,,Away,창원 NC 파크,18:30,18.3
박명근,2023,LG,2023-05-02,@ NC,RP,W,0.0,0.0,1,13,0,0,0,0,1,0,0,,Away,창원 NC 파크,18:30,18.3
박명근,2023,LG,2023-04-30,vs. Kia,RP,,0.0,1.5,0 ⅔,13,0,0,1,0,0,0,0,,Home,잠실 야구장,14:00,16.9
박명근,2023,LG,2023-04-28,vs. Kia,RP,H,0.0,0.0,0 ⅔,4,0,0,0,0,0,0,0,,Home,잠실 야구장,18:30,17.8
박명근,2023,LG,2023-04-25,vs. SSG,RP,,0.0,1.5,0 ⅔,13,0,0,1,0,1,0,0,,Home,잠실 야구장,18:30,11.0
박명근,2023,LG,2023-04-23,@ Hanwha,RP,,0.0,0.0,1,14,0,0,0,0,2,0,0,,Away,대전 한화생명 볼파크,14:00,20.2
박명근,2023,LG,2023-04-18,vs. NC,RP,,0.0,6.0,0 ⅓,10,0,0,0,0,0,2,1,,Home,잠실 야구장,18:30,18.2
박명근,2023,LG,2023-04-16,vs. Doosan,RP,H,0.0,2.0,1,15,0,0,2,0,0,0,0,,Home,잠실 야구장,14:00,14.4
박명근,2023,LG,2023-04-14,vs. Doosan,RP,,0.0,0.0,1,15,0,0,0,0,2,0,0,,Home,잠실 야구장,18:30,19.5
박명근,2023,LG,2023-04-11,@ Lotte,SP,,6.0,1.0,3,47,2,2,3,0,2,0,0,47.0,Away,사직 야구장,18:30,17.6
박명근,2023,LG,2023-04-04,@ Kiwoom,RP,,0.0,1.0,1,18,0,0,0,0,1,1,0,,Away,고척 스카이돔,18:30,25.5
박명근,2023,LG,2023-04-02,@ KT,RP,,0.0,3.0,0 ⅓,12,2,0,1,0,0,0,0,,Away,수원 KT 위즈파크,14:00,23.1
박명근,2023,LG,2023-04-01,@ KT,RP,,0.0,,0,8,3,3,2,0,0,1,0,,Away,수원 KT 위즈파크,14:00,24.0
손주영,2024,LG,2024-09-26,vs. Kiwoom,RP,H,0.0,1.0,1,23,0,0,1,0,1,0,0,,Home,잠실 야구장,18:30,26.5
손주영,2024,LG,2024-09-21,vs. Doosan,SP,W,0.0,0.57,7,99,0,0,4,0,9,0,1,77.0,Home,잠실 야구장,17:00,23.1
손주영,2024,LG,2024-09-15,@ NC,SP,L,7.2,2.0,5,75,4,4,8,1,3,2,0,36.0,Away,창원 NC 파크,14:00,32.5
손주영,2024,LG,2024-09-06,vs. Hanwha,SP,L,1.29,1.14,7,100,2,1,7,0,5,1,0,61.0,Home,잠실 야구장,18:30,25.3
손주영,2024,LG,2024-08-29,vs. KT,SP,,4.5,1.67,6,94,3,3,8,0,3,2,0,45.0,Home,잠실 야구장,18:30,31.7
손주영,2024,LG,2024-08-23,@ Kiwoom,SP,L,6.75,2.25,5 ⅓,99,4,4,8,0,1,4,0,33.0,Away,고척 스카이돔,18:30,25.5
손주영,2024,LG,2024-08-17,vs. Kia,SP,L,8.44,1.88,5 ⅓,98,5,5,8,1,4,2,1,33.0,Home,잠실 야구장,18:00,32.6
손주영,2024,LG,2024-08-11,vs. NC,SP,,1.5,1.0,6,90,1,1,4,1,3,2,0,61.0,Home,잠실 야구장,17:00,33.4
손주영,2024,LG,2024-08-06,@ Doosan,SP,L,18.0,3.33,3,89,7,6,7,0,3,3,1,18.0,Away,잠실 야구장,18:30,33.7
손주영,2024,LG,2024-07-31,vs. Samsung,SP,W,1.5,0.67,6,92,1,1,4,0,7,0,0,67.0,Home,잠실 야구장,18:30,33.1
손주영,2024,LG,2024-07-21,vs. Doosan,SP,W,2.57,0.86,7,87,3,2,6,0,5,0,1,59.0,Home,잠실 야구장,17:00,30.8
손주영,2024,LG,2024-07-13,@ Hanwha,SP,W,0.0,1.0,6,99,0,0,5,0,3,1,0,64.0,Away,대전 한화생명 볼파크,18:00,29.6
손주영,2024,LG,2024-06-30,@ NC,SP,,1.8,1.4,5,101,1,1,5,0,3,2,1,53.0,Away,창원 NC 파크,17:00,27.5
손주영,2024,LG,2024-06-23,vs. KT,SP,L,5.4,1.6,5,101,3,3,3,0,6,5,0,50.0,Home,잠실 야구장,17:00,28.6
손주영,2024,LG,2024-06-18,@ Kia,SP,L,8.31,2.54,4 ⅓,104,6,4,7,0,4,4,1,28.0,Away,광주 기아 챔피언스 필드,18:30,28.5
손주영,2024,LG,2024-06-12,@ Samsung,SP,,1.69,1.31,5 ⅓,98,3,1,6,1,4,1,0,51.0,Away,대구 삼성 라이온즈 파크,18:30,25.3
손주영,2024,LG,2024-06-06,vs. Kiwoom,SP,W,4.5,1.5,6,106,3,3,7,0,4,2,1,47.0,Home,잠실 야구장,18:30,26.7
손주영,2024,LG,2024-05-31,@ Doosan,SP,W,1.69,0.94,5 ⅓,92,1,1,3,0,4,2,1,59.0,Away,잠실 야구장,18:30,21.4
손주영,2024,LG,2024-05-25,vs. NC,SP,W,3.6,2.0,5,92,2,2,7,1,6,3,0,48.0,Home,잠실 야구장,17:00,23.9
손주영,2024,LG,2024-05-19,@ KT,SP,L,9.0,1.6,5,91,5,5,6,1,5,2,0,38.0,Away,수원 KT 위즈파크,14:00,26.5
손주영,2024,LG,2024-05-11,@ Lotte,SP,W,0.0,0.83,6,89,0,0,4,0,7,1,0,70.0,Away,사직 야구장,17:00,19.9
손주영,2024,LG,2024-05-04,vs. Doosan,SP,L,4.5,1.67,6,97,3,3,9,1,2,1,0,43.0,Home,잠실 야구장,17:00,25.9
손주영,2024,LG,2024-04-28,vs. Kia,SP,,9.0,1.6,5,87,5,5,7,1,5,1,1,36.0,Home,잠실 야구장,14:00,27.6
손주영,2024,LG,2024-04-21,@ SSG,SP,,12.0,3.0,3,81,4,4,8,2,2,1,0,28.0,Away,인천 SSG 랜더스필드,14:00,19.8
손주영,2024,LG,2024-04-14,@ Doosan,SP,L,4.5,1.5,4,84,5,2,5,1,3,1,0,40.0,Away,잠실 야구장,14:00,28.9
손주영,2024,LG,2024-04-09,@ Kia,SP,,0.0,1.4,5,90,0,0,4,0,4,3,0,60.0,Away,광주 기아 챔피언스 필드,18:30,17.6
손주영,2024,LG,2024-04-03,vs. NC,SP,,0.0,2.25,4,91,0,0,3,0,3,6,0,53.0,Home,잠실 야구장,18:30,18.5
손주영,2024,LG,2024-03-28,vs. Samsung,SP,W,0.0,0.83,6,83,0,0,3,0,3,2,1,66.0,Home,잠실 야구장,18:30,11.8
손주영,2023,LG,2023-10-10,vs. Lotte,SP,W,0.0,0.8,5,84,0,0,2,0,3,2,0,64.0,Home,잠실 야구장,18:30,20.5
손주영,2023,LG,2023-09-28,vs. Samsung,RP,,18.0,4.0,2,59,4,4,6,0,1,2,0,,Home,잠실 야구장,18:30,25.3
손주영,2023,LG,2023-09-09,@ Kia,SP,,5.4,3.6,1 ⅔,46,3,1,4,0,1,2,0,38.0,Away,광주 기아 챔피언스 필드,17:00,29.1
손주영,2022,LG,2022-04-21,vs. KT,SP,L,18.0,3.5,2,51,4,4,3,0,1,4,0,31.0,Home,잠실 야구장,18:30,18.8
손주영,2022,LG,2022-04-13,vs. SSG,SP,,3.86,1.5,4 ⅔,93,2,2,5,0,5,2,1,48.0,Home,잠실 야구장,18:30,12.3
손주영,2022,LG,2022-04-06,@ Kiwoom,SP,,1.5,0.67,6,97,1,1,2,0,2,2,2,62.0,Away,고척 스카이돔,18:30,25.5
손주영,2021,LG,2021-10-03,@ Kiwoom,SP,,9.0,2.5,2,58,2,2,2,0,2,3,0,43.0,Away,고척 스카이돔,14:00,25.5
손주영,2021,LG,2021-09-12,@ Doosan,SP,L,15.75,3.25,4,77,7,7,10,0,4,3,1,14.0,Away,잠실 야구장,14:00,28.6
손주영,2021,LG,2021-09-04,vs. KT,SP,L,14.73,2.18,3 ⅔,89,6,6,6,2,3,2,0,26.0,Home,잠실 야구장,17:00,26.8
손주영,2021,LG,2021-08-29,vs. Kiwoom,SP,W,3.0,0.5,6,81,2,2,1,1,5,2,0,65.0,Home,잠실 야구장,17:00,27.2
손주영,2021,LG,2021-08-20,@ NC,SP,L,5.4,1.8,5,82,3,3,6,1,4,3,0,44.0,Away,창원 NC 파크,18:30,27.9
손주영,2021,LG,2021-08-14,vs. Lotte,SP,,6.75,1.5,4,82,3,3,3,0,3,3,0,44.0,Home,잠실 야구장,18:00,28.6
손주영,2021,LG,2021-06-10,vs. NC,RP,,9.0,3.5,2,46,2,2,3,0,0,4,0,,Home,잠실 야구장,18:30,27.3
송승기,2023,LG,2023-04-01,@ KT,RP,,0.0,2.0,1,18,0,0,1,0,0,1,0,,Away,수원 KT 위즈파크,14:00,24.0
송승기,2022,LG,2022-10-08,@ Lotte,RP,,0.0,3.0,0 ⅓,11,0,0,0,0,1,1,0,,Away,사직 야구장,17:00,18.9
송승기,2022,LG,2022-10-06,@ Kia,RP,,27.0,6.0,0 ⅓,12,1,1,2,0,0,0,0,,Away,광주 기아 챔피언스 필드,18:30,17.5
송승기,2022,LG,2022-10-04,vs. Kia,RP,,0.0,0.0,1,15,0,0,0,0,1,0,0,,Home,잠실 야구장,18:30,17.4
송승기,2022,LG,2022-10-02,vs. NC,RP,L,9.0,3.0,1,25,1,1,2,0,2,1,0,,Home,잠실 야구장,14:00,21.3
송승기,2022,LG,2022-07-24,@ NC,RP,,4.5,0.5,2,23,1,1,1,1,3,0,0,,Away,창원 NC 파크,17:00,30.3
송승기,2022,LG,2022-05-26,vs. Kiwoom,RP,,0.0,2.0,1,29,0,0,0,0,1,2,0,,Home,잠실 야구장,18:30,21.2
송승기,2022,LG,2022-04-21,vs. KT,RP,,6.75,2.25,2 ⅔,64,2,2,4,0,2,2,0,,Home,잠실 야구장,18:30,18.8
김대현,2024,LG,2024-09-28,@ Samsung,RP,,0.0,0.0,1,7,0,0,0,0,1,0,0,,Away,대구 삼성 라이온즈 파크,17:00,26.8
김대현,2024,LG,2024-09-25,vs. Hanwha,RP,,0.0,1.0,1,10,0,0,1,0,1,0,0,,Home,잠실 야구장,18:30,26.4
김대현,2024,LG,2024-07-28,vs. Hanwha,RP,,0.0,,0,4,0,0,0,0,0,1,0,,Home,잠실 야구장,17:00,31.7
김대현,2024,LG,2024-07-25,@ Lotte,RP,,0.0,2.0,1,18,0,0,2,0,1,0,0,,Away,사직 야구장,18:30,31.0
김대현,2024,LG,2024-06-30,@ NC,RP,,0.0,,0,8,1,1,0,0,0,1,1,,Away,창원 NC 파크,17:00,27.5
김대현,2024,LG,2024-06-27,vs. Samsung,RP,,0.0,1.0,1,14,0,0,0,0,1,1,0,,Home,잠실 야구장,18:30,29.1
김대현,2024,LG,2024-06-23,vs. KT,RP,,0.0,0.0,0 ⅔,9,0,0,0,0,1,0,0,,Home,잠실 야구장,17:00,28.6
김대현,2024,LG,2024-06-21,vs. KT,RP,,54.0,6.0,0 ⅓,9,2,2,1,0,0,1,0,,Home,잠실 야구장,18:30,29.5
김대현,2024,LG,2024-06-16,vs. Lotte,RP,,10.8,1.2,1 ⅔,25,2,2,1,1,0,1,0,,Home,잠실 야구장,17:00,27.6
김대현,2024,LG,2024-06-15,vs. Lotte,RP,,13.5,4.5,0 ⅔,24,1,1,1,1,1,2,0,,Home,잠실 야구장,17:00,28.2
김대현,2024,LG,2024-06-09,@ KT,RP,,13.5,6.0,0 ⅔,23,1,1,3,1,0,1,0,,Away,수원 KT 위즈파크,17:00,25.8
김대현,2024,LG,2024-06-07,@ KT,RP,,20.25,2.25,1 ⅓,26,3,3,2,1,1,1,1,,Away,수원 KT 위즈파크,18:30,25.1
김대현,2024,LG,2024-06-05,vs. Kiwoom,RP,W,0.0,1.0,1,9,0,0,1,0,1,0,0,,Home,잠실 야구장,18:30,26.2
김대현,2024,LG,2024-06-02,@ Doosan,RP,SV,0.0,0.75,1 ⅓,23,0,0,1,0,0,0,0,,Away,잠실 야구장,17:00,23.9
김대현,2024,LG,2024-06-01,@ Doosan,RP,W,0.0,0.0,2,18,0,0,0,0,2,0,0,,Away,잠실 야구장,17:00,23.7
김대현,2024,LG,2024-05-30,@ SSG,RP,,54.0,7.5,0 ⅔,20,4,4,5,0,0,0,0,,Away,인천 SSG 랜더스필드,18:30,21.3
김대현,2024,LG,2024-05-29,@ SSG,RP,,0.0,0.0,1,14,0,0,0,0,1,0,0,,Away,인천 SSG 랜더스필드,18:30,22.4
김대현,2024,LG,2024-05-25,vs. NC,RP,,9.0,1.0,1,17,1,1,1,1,1,0,0,,Home,잠실 야구장,17:00,23.9
김대현,2024,LG,2024-05-24,vs. NC,RP,,9.0,2.0,1,16,1,1,1,0,1,1,0,,Home,잠실 야구장,18:30,24.2
김대현,2024,LG,2024-05-22,@ Hanwha,RP,,13.5,3.0,0 ⅔,18,1,1,2,1,1,0,0,,Away,대전 한화생명 볼파크,18:30,25.3
김대현,2024,LG,2024-05-17,@ KT,RP,,5.4,1.2,1 ⅔,19,1,1,2,0,2,0,0,,Away,수원 KT 위즈파크,18:30,22.1
김대현,2024,LG,2024-05-16,vs. Kiwoom,RP,,0.0,6.0,0 ⅓,15,0,0,1,0,1,1,0,,Home,잠실 야구장,18:30,18.8
김대현,2024,LG,2024-05-14,vs. Kiwoom,RP,,0.0,0.0,0 ⅔,2,0,0,0,0,0,0,0,,Home,잠실 야구장,18:30,22.7
김대현,2024,LG,2024-05-12,@ Lotte,RP,,0.0,0.0,1,14,0,0,0,0,1,0,0,,Away,사직 야구장,14:00,22.2
김대현,2024,LG,2024-05-10,@ Lotte,RP,,0.0,0.0,0 ⅔,7,0,0,0,0,0,0,0,,Away,사직 야구장,18:30,20.0
김대현,2024,LG,2024-05-07,vs. SSG,RP,,0.0,0.0,1 ⅓,16,0,0,0,0,3,0,0,,Home,잠실 야구장,18:30,14.5
김대현,2024,LG,2024-05-02,@ NC,RP,,0.0,4.0,1,29,0,0,1,0,1,3,0,,Away,창원 NC 파크,18:30,15.8
김대현,2024,LG,2024-04-27,vs. Kia,RP,H,0.0,0.0,1,12,0,0,0,0,1,0,0,,Home,잠실 야구장,17:00,24.8
김대현,2024,LG,2024-04-26,vs. Kia,RP,,9.0,4.0,1,24,1,1,2,0,0,2,0,,Home,잠실 야구장,18:30,23.8
김대현,2024,LG,2024-04-24,@ Samsung,RP,,0.0,0.0,1 ⅓,12,0,0,0,0,0,0,0,,Away,대구 삼성 라이온즈 파크,18:30,18.6
김대현,2024,LG,2024-04-23,@ Samsung,RP,,0.0,1.5,0 ⅔,6,0,0,0,0,0,1,0,,Away,대구 삼성 라이온즈 파크,18:30,14.6
김대현,2024,LG,2024-04-21,@ SSG,RP,,0.0,1.0,1,20,0,0,1,0,2,0,0,,Away,인천 SSG 랜더스필드,14:00,19.8
김대현,2024,LG,2024-04-18,vs. Lotte,RP,,0.0,0.75,1 ⅓,20,0,0,1,0,2,0,0,,Home,잠실 야구장,18:30,21.2
김대현,2024,LG,2024-04-14,@ Doosan,RP,,18.0,3.0,1,11,2,2,3,0,0,0,0,,Away,잠실 야구장,14:00,28.9
김대현,2024,LG,2024-04-13,@ Doosan,RP,,0.0,1.0,1,19,0,0,0,0,0,1,0,,Away,잠실 야구장,17:00,26.2
김대현,2024,LG,2024-04-11,@ Kia,RP,,0.0,0.0,1,11,0,0,0,0,1,0,0,,Away,광주 기아 챔피언스 필드,18:30,19.5
김대현,2024,LG,2024-04-07,vs. KT,RP,,0.0,0.0,1,11,0,0,0,0,2,0,0,,Home,잠실 야구장,14:00,22.0
김대현,2023,LG,2023-10-02,@ KT,RP,,0.0,,0,9,2,2,2,0,0,1,0,,Away,수원 KT 위즈파크,18:30,20.8
김대현,2023,LG,2023-09-30,@ Doosan,RP,,0.0,3.0,0 ⅓,9,0,0,0,0,1,1,0,,Away,잠실 야구장,17:00,23.9
김대현,2023,LG,2023-09-28,vs. Samsung,RP,,0.0,0.0,1,10,0,0,0,0,1,0,0,,Home,잠실 야구장,18:30,25.3
김대현,2023,LG,2023-05-28,@ Kia,RP,,0.0,,0,8,1,1,3,1,0,0,0,,Away,광주 기아 챔피언스 필드,14:00,24.6
김대현,2023,LG,2023-05-16,vs. KT,RP,,4.5,1.5,2,53,2,1,3,0,1,0,1,,Home,잠실 야구장,18:30,28.8
김대현,2021,LG,2021-05-01,@ Samsung,RP,,0.0,0.0,1,9,0,0,0,0,0,0,0,,Away,대구 삼성 라이온즈 파크,17:00,14.9
김대현,2021,LG,2021-04-30,@ Samsung,RP,,13.5,3.0,0 ⅔,16,1,1,1,1,1,1,1,,Away,대구 삼성 라이온즈 파크,18:30,18.3
김대현,2021,LG,2021-04-28,vs. Lotte,RP,,0.0,0.0,0 ⅓,6,0,0,0,0,0,0,0,,Home,잠실 야구장,18:30,17.2
김대현,2021,LG,2021-04-24,@ Hanwha,RP,,21.6,4.8,1 ⅔,49,7,4,6,1,3,2,0,,Away,대전 한화생명 볼파크,17:00,22.9
김대현,2020,LG,2020-09-20,@ Doosan,RP,,0.0,,0,10,0,0,0,0,0,2,0,,Away,잠실 야구장,14:00,23.8
김대현,2020,LG,2020-09-13,vs. Samsung,RP,,9.0,3.0,2,47,3,2,3,0,0,3,0,,Home,잠실 야구장,14:00,25.2
김대현,2020,LG,2020-09-11,vs. Kiwoom,RP,,0.0,1.0,1,10,0,0,1,0,0,0,0,,Home,잠실 야구장,18:30,23.9
김대현,2020,LG,2020-09-07,@ Lotte,RP,,9.0,3.0,1,31,1,1,1,0,1,2,1,,Away,사직 야구장,18:30,25.3
김대현,2020,LG,2020-09-04,vs. NC,RP,,0.0,1.5,1 ⅓,28,0,0,2,0,2,0,0,,Home,잠실 야구장,18:30,25.5
김대현,2020,LG,2020-08-28,vs. KT,RP,W,0.0,0.0,0 ⅔,4,0,0,0,0,0,0,0,,Home,잠실 야구장,18:30,30.9
김대현,2020,LG,2020-08-24,vs. Hanwha,RP,,5.4,1.8,1 ⅔,38,1,1,2,0,2,1,0,,Home,잠실 야구장,18:30,30.8
김대현,2020,LG,2020-08-18,vs. Kia,RP,,0.0,0.75,1 ⅓,18,0,0,1,0,1,0,0,,Home,잠실 야구장,18:30,31.1
김대현,2020,LG,2020-07-21,@ KT,RP,,0.0,,0,8,3,3,3,0,0,0,0,,Away,수원 KT 위즈파크,18:30,28.1
김대현,2020,LG,2020-07-19,vs. Hanwha,RP,W,0.0,3.0,0 ⅔,8,0,0,1,0,0,1,0,,Home,잠실 야구장,17:00,27.5
김대현,2020,LG,2020-07-15,@ Lotte,RP,,0.0,1.5,1 ⅓,17,0,0,2,0,3,0,0,,Away,사직 야구장,18:30,21.7
김대현,2020,LG,2020-07-11,vs. NC,RP,,27.0,3.0,1,17,3,3,3,2,1,0,0,,Home,잠실 야구장,18:00,28.6
김대현,2020,LG,2020-07-08,@ Doosan,RP,,0.0,6.0,0 ⅓,9,0,0,1,0,0,1,0,,Away,잠실 야구장,18:30,29.6
김대현,2020,LG,2020-07-05,@ Samsung,RP,,9.0,2.0,1,15,1,1,2,0,0,0,0,,Away,대구 삼성 라이온즈 파크,17:00,24.9
김대현,2020,LG,2020-07-04,@ Samsung,RP,,4.5,0.5,2,24,1,1,1,1,3,0,0,,Away,대구 삼성 라이온즈 파크,18:00,22.2
김대현,2020,LG,2020-07-02,vs. KT,RP,H,0.0,1.0,1,20,0,0,1,0,1,0,0,,Home,잠실 야구장,18:30,28.7
김대현,2020,LG,2020-06-30,vs. KT,RP,,13.5,3.0,0 ⅔,13,1,1,1,0,1,1,0,,Home,잠실 야구장,18:30,22.6
김대현,2020,LG,2020-06-28,@ SK,RP,H,0.0,0.0,0 ⅓,3,0,0,0,0,0,0,0,,Away,인천 SSG 랜더스필드,17:00,26.9
김대현,2020,LG,2020-06-25,vs. Kiwoom,RP,H,0.0,0.75,1 ⅓,21,0,0,0,0,2,1,0,,Home,잠실 야구장,18:30,24.4
김대현,2020,LG,2020-06-21,vs. Doosan,RP,,0.0,1.5,1 ⅓,30,0,0,1,0,0,1,0,,Home,잠실 야구장,17:00,29.8
김대현,2020,LG,2020-06-19,vs. Doosan,RP,,0.0,1.0,1,14,0,0,1,0,1,0,0,,Home,잠실 야구장,18:30,28.7
김대현,2020,LG,2020-06-17,@ Hanwha,RP,,0.0,0.86,2 ⅓,39,0,0,0,0,3,2,0,,Away,대전 한화생명 볼파크,18:30,25.5
김대현,2020,LG,2020-06-14,vs. Lotte,RP,,0.0,,0,5,2,2,2,0,0,0,0,,Home,잠실 야구장,17:00,28.3
김대현,2020,LG,2020-06-12,vs. Lotte,RP,,0.0,0.0,1,10,0,0,0,0,2,0,0,,Home,잠실 야구장,18:30,26.8
김대현,2020,LG,2020-06-11,vs. SK,RP,W,0.0,0.0,0 ⅓,3,0,0,0,0,1,0,0,,Home,잠실 야구장,18:30,29.5
김대현,2020,LG,2020-06-05,@ Kiwoom,RP,,0.0,1.0,1,9,0,0,0,0,0,1,0,,Away,고척 스카이돔,18:30,25.5
김대현,2020,LG,2020-06-03,vs. Samsung,RP,,9.0,2.0,2,37,2,2,2,1,1,2,0,,Home,잠실 야구장,18:30,26.6
김대현,2020,LG,2020-05-31,@ Kia,RP,,9.0,2.0,1,18,1,1,1,1,1,1,0,,Away,광주 기아 챔피언스 필드,14:00,22.0
김대현,2020,LG,2020-05-29,@ Kia,RP,,27.0,9.0,0 ⅓,15,1,1,1,1,0,2,0,,Away,광주 기아 챔피언스 필드,18:30,26.9
김대현,2020,LG,2020-05-24,vs. KT,RP,,0.0,3.0,0 ⅓,13,2,0,1,0,0,0,0,,Home,잠실 야구장,14:00,19.5
김대현,2020,LG,2020-05-22,vs. KT,RP,W,0.0,1.0,1,10,0,0,1,0,0,0,0,,Home,잠실 야구장,18:30,19.9
김대현,2020,LG,2020-05-20,@ Samsung,RP,,0.0,1.0,1,18,0,0,1,0,1,0,0,,Away,대구 삼성 라이온즈 파크,18:30,15.1
김대현,2020,LG,2020-05-08,@ NC,RP,,18.0,3.0,1,37,2,2,1,0,1,2,0,,Away,창원 NC 파크,18:30,19.9
이상영,2024,LG,2024-07-30,vs. Samsung,RP,,0.0,6.0,0 ⅓,20,0,0,2,0,1,0,1,,Home,잠실 야구장,18:30,32.4
이상영,2024,LG,2024-07-11,vs. Kia,RP,,9.0,2.0,1,29,1,1,1,0,0,1,0,,Home,잠실 야구장,18:30,29.5
이상영,2024,LG,2024-07-09,vs. Kia,RP,,13.5,1.5,0 ⅔,9,1,1,1,1,0,0,0,,Home,잠실 야구장,18:30,27.4
이상영,2024,LG,2024-07-04,@ Kiwoom,RP,H,27.0,3.0,0 ⅓,10,1,1,0,0,0,1,1,,Away,고척 스카이돔,18:30,25.5
이상영,2024,LG,2024-07-03,@ Kiwoom,RP,,0.0,0.0,1,16,0,0,0,0,2,0,0,,Away,고척 스카이돔,18:30,25.5
이상영,2024,LG,2024-06-27,vs. Samsung,SP,L,3.38,1.13,5 ⅓,74,2,2,5,0,1,1,1,49.0,Home,잠실 야구장,18:30,29.1
이상영,2024,LG,2024-06-21,vs. KT,SP,,0.0,1.75,4,88,0,0,3,0,4,4,1,55.0,Home,잠실 야구장,18:30,29.5
이상영,2024,LG,2024-06-16,vs. Lotte,SP,,2.45,1.09,3 ⅔,56,1,1,3,0,0,1,0,50.0,Home,잠실 야구장,17:00,27.6
이상영,2023,LG,2023-10-13,@ NC,RP,,0.0,1.13,2 ⅔,37,0,0,3,0,2,0,0,,Away,창원 NC 파크,18:30,19.8
이상영,2023,LG,2023-10-09,vs. Lotte,RP,,0.0,1.5,2,35,0,0,2,0,0,1,1,,Home,잠실 야구장,18:30,19.8
이상영,2023,LG,2023-10-07,@ Kiwoom,RP,,0.0,1.0,1,16,0,0,1,0,0,0,0,,Away,고척 스카이돔,17:00,25.5
이상영,2023,LG,2023-09-16,vs. SSG,RP,,0.0,,0,9,0,0,0,0,0,2,0,,Home,잠실 야구장,17:00,27.7
이상영,2023,LG,2023-06-20,@ NC,SP,L,13.5,4.5,1 ⅓,46,3,2,2,0,1,4,0,37.0,Away,창원 NC 파크,18:30,24.3
이상영,2023,LG,2023-06-14,vs. Samsung,SP,,4.5,1.25,4,65,2,2,4,0,1,1,2,44.0,Home,잠실 야구장,18:30,25.0
이상영,2021,LG,2021-10-24,@ Doosan,SP,,6.75,2.63,2 ⅔,52,2,2,4,0,0,3,0,39.0,Away,잠실 야구장,14:00,16.7
이상영,2021,LG,2021-10-06,vs. SSG,RP,,6.75,1.5,1 ⅓,25,1,1,2,1,3,0,0,,Home,잠실 야구장,18:30,19.2
이상영,2021,LG,2021-10-05,vs. SSG,RP,,9.0,1.0,1,17,1,1,1,1,1,0,0,,Home,잠실 야구장,18:30,23.5
이상영,2021,LG,2021-09-30,vs. Doosan,RP,,0.0,2.0,1,23,0,0,2,0,1,0,0,,Home,잠실 야구장,18:30,25.4
이상영,2021,LG,2021-09-21,@ Hanwha,RP,,6.75,2.25,1 ⅓,25,1,1,1,0,1,2,0,,Away,대전 한화생명 볼파크,18:30,25.8
이상영,2021,LG,2021-09-18,vs. Kia,RP,,0.0,0.38,2 ⅔,26,0,0,0,0,3,1,0,,Home,잠실 야구장,17:00,27.2
이상영,2021,LG,2021-09-12,@ Doosan,SP,,9.0,2.5,2,45,2,2,2,1,0,3,0,41.0,Away,잠실 야구장,14:00,28.6
이상영,2021,LG,2021-08-31,@ Lotte,RP,,9.0,5.0,1,31,3,1,4,0,1,1,0,,Away,사직 야구장,18:30,28.4
이상영,2021,LG,2021-08-29,vs. Kiwoom,RP,,0.0,1.0,1,17,0,0,0,0,1,1,0,,Home,잠실 야구장,17:00,27.2
이상영,2021,LG,2021-08-20,@ NC,RP,,9.0,2.0,1,19,1,1,2,0,1,0,0,,Away,창원 NC 파크,18:30,27.9
이상영,2021,LG,2021-06-23,@ SSG,RP,,4.5,1.0,2,31,1,1,1,0,0,1,1,,Away,인천 SSG 랜더스필드,18:30,24.2
이상영,2021,LG,2021-06-16,@ Kiwoom,SP,,2.08,1.38,4 ⅓,84,2,1,1,0,0,5,0,50.0,Away,고척 스카이돔,18:30,25.5
이상영,2021,LG,2021-06-12,vs. Doosan,RP,,0.0,3.0,0 ⅔,13,0,0,1,0,1,1,0,,Home,잠실 야구장,17:00,29.5
이상영,2021,LG,2021-06-09,vs. NC,RP,W,0.0,1.0,2,38,0,0,2,0,0,0,1,,Home,잠실 야구장,18:30,29.6
이상영,2021,LG,2021-06-06,@ Kia,RP,,0.0,1.0,2,27,0,0,2,0,1,0,0,,Away,광주 기아 챔피언스 필드,17:00,26.3
이상영,2021,LG,2021-06-01,vs. KT,SP,L,6.75,2.25,4,81,3,3,7,1,2,2,0,36.0,Home,잠실 야구장,18:30,23.5
이상영,2021,LG,2021-05-26,@ Lotte,SP,,5.4,1.0,5,72,3,3,4,1,4,1,0,50.0,Away,사직 야구장,18:30,18.7
이상영,2021,LG,2021-05-19,vs. NC,SP,,7.2,1.8,5,97,4,4,7,1,5,2,2,38.0,Home,잠실 야구장,18:30,25.3
이상영,2021,LG,2021-05-13,@ Kia,SP,,0.0,1.38,4 ⅓,83,1,0,2,0,2,4,2,53.0,Away,광주 기아 챔피언스 필드,18:30,26.9
이상영,2021,LG,2021-05-02,@ Samsung,SP,,9.0,1.0,3,51,3,3,2,1,1,1,1,42.0,Away,대구 삼성 라이온즈 파크,14:00,14.1
이상영,2021,LG,2021-04-08,@ KT,SP,,0.0,1.88,2 ⅔,67,0,0,1,0,2,4,1,53.0,Away,수원 KT 위즈파크,18:30,15.0
김영준,2024,LG,2024-08-17,vs. Kia,RP,,27.0,5.0,1,30,3,3,3,0,0,2,0,,Home,잠실 야구장,18:00,32.6
김영준,2024,LG,2024-08-14,@ Hanwha,RP,L,108.0,12.0,0 ⅓,24,4,4,3,0,0,1,0,,Away,대전 한화생명 볼파크,18:30,32.0
김영준,2024,LG,2024-08-10,vs. NC,RP,,0.0,1.0,1,26,0,0,0,0,2,1,0,,Home,잠실 야구장,18:00,33.0
김영준,2024,LG,2024-08-08,@ Doosan,RP,,13.5,3.0,0 ⅔,20,1,1,2,1,0,0,0,,Away,잠실 야구장,18:30,31.8
김영준,2024,LG,2024-08-07,@ Doosan,RP,,4.5,1.0,2,25,1,1,2,0,2,0,0,,Away,잠실 야구장,18:30,32.7
김영준,2024,LG,2024-08-01,vs. Samsung,RP,,13.5,6.0,0 ⅔,24,3,1,4,0,0,0,0,,Home,잠실 야구장,18:30,33.7
김영준,2024,LG,2024-07-30,vs. Samsung,RP,,9.0,1.0,1,15,1,1,1,1,1,0,0,,Home,잠실 야구장,18:30,32.4
김영준,2024,LG,2024-07-28,vs. Hanwha,RP,,0.0,0.0,1 ⅓,17,0,0,0,0,1,0,0,,Home,잠실 야구장,17:00,31.7
김영준,2024,LG,2024-07-25,@ Lotte,RP,,0.0,1.5,1 ⅓,37,1,0,2,0,2,0,0,,Away,사직 야구장,18:30,31.0
김영준,2024,LG,2024-07-11,vs. Kia,RP,,0.0,1.0,1,10,0,0,0,0,0,1,0,,Home,잠실 야구장,18:30,29.5
김영준,2024,LG,2024-07-09,vs. Kia,RP,,81.0,9.0,0 ⅓,12,3,3,2,0,0,1,0,,Home,잠실 야구장,18:30,27.4
김영준,2024,LG,2024-07-03,@ Kiwoom,RP,,0.0,1.0,1,14,0,0,1,0,0,0,0,,Away,고척 스카이돔,18:30,25.5
김영준,2024,LG,2024-06-28,@ NC,RP,,0.0,3.0,0 ⅔,24,0,0,0,0,1,2,0,,Away,창원 NC 파크,18:30,27.3
김영준,2024,LG,2024-06-16,vs. Lotte,RP,W,0.0,0.67,3,47,0,0,1,0,2,1,0,,Home,잠실 야구장,17:00,27.6
김영준,2023,LG,2023-04-12,@ Lotte,RP,W,27.0,6.0,0 ⅓,16,1,1,1,0,0,1,0,,Away,사직 야구장,18:30,15.2
김영준,2022,LG,2022-10-08,@ Lotte,SP,,4.91,1.36,3 ⅔,49,2,2,4,1,2,1,1,45.0,Away,사직 야구장,17:00,18.9
김영준,2022,LG,2022-10-02,vs. NC,SP,,0.0,1.17,6,87,0,0,4,0,5,3,2,64.0,Home,잠실 야구장,14:00,21.3
이믿음,2024,LG,2024-06-04,vs. Kiwoom,SP,L,15.75,3.75,4,96,7,7,11,0,2,4,0,10.0,Home,잠실 야구장,18:30,25.9
이종준,2024,LG,2024-09-28,@ Samsung,RP,W,0.0,1.0,1,16,0,0,0,0,0,1,0,,Away,대구 삼성 라이온즈 파크,17:00,26.8
이종준,2024,LG,2024-09-24,@ SSG,RP,,9.0,1.0,1,11,1,1,1,1,1,0,0,,Away,인천 SSG 랜더스필드,18:30,24.0
이종준,2024,LG,2024-09-21,vs. Doosan,RP,,0.0,,0,13,5,5,4,1,0,1,0,,Home,잠실 야구장,17:00,23.1
이종준,2024,LG,2024-09-19,@ Lotte,RP,H,0.0,1.0,1,19,0,0,0,0,0,1,0,,Away,사직 야구장,18:30,32.4
이종준,2024,LG,2024-09-17,@ Lotte,RP,L,13.5,4.5,0 ⅔,23,1,1,1,1,1,2,0,,Away,사직 야구장,18:30,32.5
이종준,2024,LG,2024-09-15,@ NC,RP,,0.0,1.0,1,16,0,0,0,0,0,1,0,,Away,창원 NC 파크,14:00,32.5
이종준,2024,LG,2024-09-10,vs. Lotte,RP,L,9.0,3.0,1,31,1,1,2,0,1,1,0,,Home,잠실 야구장,18:30,32.4
이종준,2024,LG,2024-09-06,vs. Hanwha,RP,,0.0,0.0,1,20,0,0,0,0,2,0,0,,Home,잠실 야구장,18:30,25.3
이종준,2024,LG,2024-09-04,vs. SSG,RP,,0.0,2.0,1,20,0,0,1,0,1,1,0,,Home,잠실 야구장,18:30,31.7
이종준,2024,LG,2024-08-30,@ KT,RP,,0.0,1.0,1,20,1,0,1,0,1,0,0,,Away,수원 KT 위즈파크,18:30,30.1
이종준,2024,LG,2024-08-29,vs. KT,RP,,0.0,0.0,1 ⅓,16,0,0,0,0,2,0,0,,Home,잠실 야구장,18:30,31.7
이종준,2024,LG,2024-08-24,@ Kiwoom,RP,,0.0,1.0,1,18,0,0,0,0,0,1,0,,Away,고척 스카이돔,18:00,25.5
이종준,2024,LG,2024-08-22,vs. SSG,RP,,0.0,0.5,2,21,0,0,1,0,3,0,0,,Home,잠실 야구장,18:30,30.5
이종준,2024,LG,2024-08-21,vs. SSG,RP,,0.0,0.0,0 ⅓,3,0,0,0,0,0,0,0,,Home,잠실 야구장,18:30,31.8
이종준,2024,LG,2024-08-17,vs. Kia,RP,,0.0,1.0,1,14,0,0,1,0,1,0,0,,Home,잠실 야구장,18:00,32.6
이종준,2024,LG,2024-08-15,@ Hanwha,RP,,0.0,1.5,1 ⅓,23,0,0,1,0,1,1,0,,Away,대전 한화생명 볼파크,18:30,32.7
이종준,2024,LG,2024-08-10,vs. NC,RP,,0.0,0.0,1,12,0,0,0,0,1,0,0,,Home,잠실 야구장,18:00,33.0
이종준,2024,LG,2024-05-21,@ Hanwha,RP,,0.0,3.75,1 ⅓,47,0,0,1,0,3,4,0,,Away,대전 한화생명 볼파크,18:30,24.9
이종준,2024,LG,2024-05-17,@ KT,RP,,27.0,9.0,0 ⅓,19,1,1,1,0,1,2,0,,Away,수원 KT 위즈파크,18:30,22.1
이종준,2024,LG,2024-05-14,vs. Kiwoom,RP,,0.0,1.0,1,17,0,0,1,0,0,0,0,,Home,잠실 야구장,18:30,22.7
이종준,2024,LG,2024-05-10,@ Lotte,RP,,0.0,1.0,1,12,0,0,1,0,2,0,0,,Away,사직 야구장,18:30,20.0
이종준,2024,LG,2024-05-03,vs. Doosan,RP,,9.0,2.0,1,21,1,1,2,0,2,0,0,,Home,잠실 야구장,18:30,26.2
이종준,2024,LG,2024-04-30,@ NC,RP,,6.75,1.5,1 ⅓,18,1,1,2,1,2,0,0,,Away,창원 NC 파크,18:30,18.1
이종준,2024,LG,2024-04-28,vs. Kia,RP,,27.0,9.0,0 ⅓,19,1,1,3,0,0,0,0,,Home,잠실 야구장,14:00,27.6
이종준,2024,LG,2024-04-24,@ Samsung,RP,,0.0,0.0,1,14,0,0,0,0,1,0,0,,Away,대구 삼성 라이온즈 파크,18:30,18.6
이종준,2024,LG,2024-04-21,@ SSG,RP,,0.0,1.0,1,13,0,0,1,0,1,0,0,,Away,인천 SSG 랜더스필드,14:00,19.8
이종준,2024,LG,2024-04-18,vs. Lotte,RP,,0.0,1.0,1,13,0,0,1,0,1,0,0,,Home,잠실 야구장,18:30,21.2
김진수,2024,LG,2024-07-09,vs. Kia,RP,,0.0,2.0,1,18,0,0,2,0,0,0,0,,Home,잠실 야구장,18:30,27.4
김진수,2024,LG,2024-06-28,@ NC,RP,,6.0,1.0,3,47,2,2,2,1,0,1,0,,Away,창원 NC 파크,18:30,27.3
김진수,2024,LG,2024-06-27,vs. Samsung,RP,,0.0,1.0,1,8,0,0,1,0,0,0,0,,Home,잠실 야구장,18:30,29.1
김진수,2024,LG,2024-06-18,@ Kia,RP,,2.7,2.1,3 ⅓,52,1,1,6,0,2,1,0,,Away,광주 기아 챔피언스 필드,18:30,28.5
김진수,2024,LG,2024-06-15,vs. Lotte,RP,,10.8,1.8,1 ⅔,40,2,2,2,0,2,1,0,,Home,잠실 야구장,17:00,28.2
김진수,2024,LG,2024-06-12,@ Samsung,RP,L,54.0,6.0,0 ⅓,14,2,2,1,0,1,1,0,,Away,대구 삼성 라이온즈 파크,18:30,25.3
김진수,2024,LG,2024-06-09,@ KT,RP,,9.0,1.0,3,41,3,3,3,2,1,0,0,,Away,수원 KT 위즈파크,17:00,25.8
김진수,2024,LG,2024-04-23,@ Samsung,RP,,0.0,,0,0,0,0,0,0,0,0,0,,Away,대구 삼성 라이온즈 파크,18:30,14.6
김진수,2021,LG,2021-04-30,@ Samsung,RP,,0.0,0.0,0 ⅔,6,0,0,0,0,0,0,0,,Away,대구 삼성 라이온즈 파크,18:30,18.3
김진수,2021,LG,2021-04-28,vs. Lotte,RP,,13.5,3.0,0 ⅔,20,1,1,2,0,2,0,0,,Home,잠실 야구장,18:30,17.2
김진수,2021,LG,2021-04-25,@ Hanwha,RP,,0.0,0.0,1,8,0,0,0,0,0,0,0,,Away,대전 한화생명 볼파크,14:00,23.7
진우영,2024,LG,2024-07-19,vs. Doosan,RP,,18.0,2.0,1,15,2,2,2,1,0,0,0,,Home,잠실 야구장,18:30,30.5
진우영,2024,LG,2024-07-12,@ Hanwha,RP,,0.0,1.0,1,14,0,0,1,0,0,0,0,,Away,대전 한화생명 볼파크,18:30,30.4
진우영,2024,LG,2024-07-09,vs. Kia,RP,,0.0,1.0,1,17,0,0,1,0,2,0,0,,Home,잠실 야구장,18:30,27.4
진우영,2024,LG,2024-05-24,vs. NC,RP,,0.0,1.0,1,22,0,0,0,0,1,1,0,,Home,잠실 야구장,18:30,24.2
진우영,2024,LG,2024-04-30,@ NC,RP,,0.0,0.6,1 ⅔,21,0,0,1,0,1,0,0,,Away,창원 NC 파크,18:30,18.1
진우영,2024,LG,2024-04-09,@ Kia,RP,,9.0,3.0,2,53,2,2,3,0,2,3,0,,Away,광주 기아 챔피언스 필드,18:30,17.6
정지헌,2024,LG,2024-08-10,vs. NC,RP,,13.5,1.5,0 ⅔,21,2,1,1,1,1,0,1,,Home,잠실 야구장,18:00,33.0
정지헌,2024,LG,2024-08-07,@ Doosan,RP,,18.0,2.0,1,26,2,2,0,0,2,2,0,,Away,잠실 야구장,18:30,32.7
정지헌,2024,LG,2024-07-31,vs. Samsung,RP,,0.0,3.0,0 ⅔,17,0,0,1,0,0,1,0,,Home,잠실 야구장,18:30,33.1
정지헌,2024,LG,2024-07-30,vs. Samsung,RP,,0.0,0.0,0 ⅔,9,0,0,0,0,2,0,0,,Home,잠실 야구장,18:30,32.4
정지헌,2024,LG,2024-07-17,vs. SSG,RP,,0.0,,0,7,0,0,0,0,0,1,0,,Home,잠실 야구장,18:30,27.6
정지헌,2024,LG,2024-07-14,@ Hanwha,RP,,54.0,6.0,0 ⅓,11,2,2,2,1,1,0,0,,Away,대전 한화생명 볼파크,17:00,28.7
정지헌,2024,LG,2024-07-13,@ Hanwha,RP,,0.0,1.5,0 ⅔,15,0,0,0,0,2,1,0,,Away,대전 한화생명 볼파크,18:00,29.6
정지헌,2024,LG,2024-07-11,vs. Kia,RP,,0.0,1.0,1,13,0,0,1,0,0,0,0,,Home,잠실 야구장,18:30,29.5
정지헌,2024,LG,2024-06-16,vs. Lotte,RP,,81.0,9.0,0 ⅓,14,4,3,3,0,0,0,1,,Home,잠실 야구장,17:00,27.6
정지헌,2024,LG,2024-06-15,vs. Lotte,RP,,0.0,0.0,0 ⅓,3,0,0,0,0,0,0,0,,Home,잠실 야구장,17:00,28.2
정지헌,2024,LG,2024-06-11,@ Samsung,RP,,13.5,6.0,0 ⅔,21,1,1,2,0,1,2,0,,Away,대구 삼성 라이온즈 파크,18:30,24.2
정지헌,2024,LG,2024-06-09,@ KT,RP,,27.0,3.0,1,25,3,3,3,0,1,0,0,,Away,수원 KT 위즈파크,17:00,25.8
정지헌,2024,LG,2024-06-08,@ KT,RP,,0.0,1.0,1,14,0,0,0,0,0,1,0,,Away,수원 KT 위즈파크,17:00,25.1
정지헌,2024,LG,2024-06-04,vs. Kiwoom,RP,,9.0,3.0,2,39,2,2,4,0,0,2,0,,Home,잠실 야구장,18:30,25.9
정지헌,2024,LG,2024-06-02,@ Doosan,RP,H,0.0,1.0,1,13,0,0,1,0,1,0,0,,Away,잠실 야구장,17:00,23.9
정지헌,2024,LG,2024-05-30,@ SSG,RP,,0.0,0.0,0 ⅓,4,0,0,0,0,0,0,0,,Away,인천 SSG 랜더스필드,18:30,21.3
정지헌,2024,LG,2024-04-18,vs. Lotte,RP,,27.0,3.0,0 ⅔,20,2,2,1,0,0,1,1,,Home,잠실 야구장,18:30,21.2
이지강,2024,LG,2024-09-28,@ Samsung,SP,,12.0,2.0,3,60,4,4,6,2,1,0,0,32.0,Away,대구 삼성 라이온즈 파크,17:00,26.8
이지강,2024,LG,2024-09-21,vs. Doosan,RP,,9.0,2.0,2,50,2,2,2,0,2,2,1,,Home,잠실 야구장,17:00,23.1
이지강,2024,LG,2024-09-18,@ Lotte,RP,,0.0,0.0,0 ⅓,1,0,0,0,0,0,0,0,,Away,사직 야구장,18:30,31.3
이지강,2024,LG,2024-09-15,@ NC,RP,,0.0,1.0,1,11,0,0,1,0,2,0,0,,Away,창원 NC 파크,14:00,32.5
이지강,2024,LG,2024-09-14,@ NC,RP,,0.0,,0,7,0,0,0,0,0,1,0,,Away,창원 NC 파크,17:00,32.2
이지강,2024,LG,2024-09-11,vs. Kiwoom,RP,,0.0,3.0,0 ⅓,8,0,0,1,0,0,0,0,,Home,잠실 야구장,18:30,30.6
이지강,2024,LG,2024-09-07,vs. Hanwha,RP,,0.0,4.5,0 ⅔,29,0,0,1,0,1,2,0,,Home,잠실 야구장,17:00,30.7
이지강,2024,LG,2024-09-05,vs. SSG,RP,,0.0,1.0,1,14,0,0,1,0,0,0,0,,Home,잠실 야구장,18:30,28.6
이지강,2024,LG,2024-09-03,@ Kia,RP,,0.0,1.0,1,10,0,0,1,0,0,0,0,,Away,광주 기아 챔피언스 필드,18:30,29.6
이지강,2024,LG,2024-08-28,vs. KT,RP,,0.0,4.0,1,27,2,0,2,0,0,2,0,,Home,잠실 야구장,18:30,31.7
이지강,2024,LG,2024-08-27,vs. KT,RP,,0.0,2.0,1,17,0,0,2,0,0,0,0,,Home,잠실 야구장,18:30,29.6
이지강,2024,LG,2024-08-23,@ Kiwoom,RP,,0.0,1.0,1,14,0,0,1,0,0,0,0,,Away,고척 스카이돔,18:30,25.5
이지강,2024,LG,2024-08-21,vs. SSG,RP,,0.0,0.75,1 ⅓,24,0,0,1,0,1,0,0,,Home,잠실 야구장,18:30,31.8
이지강,2024,LG,2024-08-20,vs. SSG,RP,,0.0,1.0,1,17,0,0,1,0,1,0,0,,Home,잠실 야구장,18:30,34.4
이지강,2024,LG,2024-08-18,vs. Kia,RP,,0.0,1.0,1,7,0,0,1,0,0,0,0,,Home,잠실 야구장,17:00,32.5
이지강,2024,LG,2024-08-17,vs. Kia,RP,,0.0,0.75,1 ⅓,13,0,0,1,0,1,0,0,,Home,잠실 야구장,18:00,32.6
이지강,2024,LG,2024-08-14,@ Hanwha,RP,,0.0,,0,9,2,2,1,0,0,1,0,,Away,대전 한화생명 볼파크,18:30,32.0
이지강,2024,LG,2024-08-13,@ Hanwha,RP,,0.0,1.0,1,14,0,0,0,0,0,1,0,,Away,대전 한화생명 볼파크,18:30,34.1
이지강,2024,LG,2024-08-09,vs. NC,RP,W,13.5,2.25,1 ⅓,34,2,2,3,1,1,0,0,,Home,잠실 야구장,18:30,33.1
이지강,2024,LG,2024-08-08,@ Doosan,RP,,27.0,12.0,0 ⅓,21,1,1,2,0,1,2,0,,Away,잠실 야구장,18:30,31.8
이지강,2024,LG,2024-08-06,@ Doosan,RP,,0.0,0.0,1,16,0,0,0,0,2,0,0,,Away,잠실 야구장,18:30,33.7
이지강,2024,LG,2024-08-03,@ Lotte,RP,L,5.4,0.6,1 ⅔,19,1,1,1,0,1,0,0,,Away,사직 야구장,18:00,33.0
이지강,2024,LG,2024-07-31,vs. Samsung,RP,,0.0,0.0,1,16,0,0,0,0,2,0,0,,Home,잠실 야구장,18:30,33.1
이지강,2024,LG,2024-07-30,vs. Samsung,RP,,0.0,1.5,0 ⅔,9,0,0,1,0,0,0,0,,Home,잠실 야구장,18:30,32.4
이지강,2024,LG,2024-07-28,vs. Hanwha,RP,,0.0,0.6,1 ⅔,21,0,0,0,0,2,1,0,,Home,잠실 야구장,17:00,31.7
이지강,2024,LG,2024-07-25,@ Lotte,RP,,0.0,1.13,2 ⅔,38,0,0,3,0,1,0,0,,Away,사직 야구장,18:30,31.0
이지강,2024,LG,2024-07-09,vs. Kia,RP,,54.0,9.0,0 ⅓,22,2,2,2,0,0,1,0,,Home,잠실 야구장,18:30,27.4
이지강,2024,LG,2024-06-28,@ NC,SP,L,3.0,1.67,3,57,3,1,3,0,2,2,0,45.0,Away,창원 NC 파크,18:30,27.3
이지강,2024,LG,2024-06-23,vs. KT,RP,SV,3.0,0.67,3,47,1,1,2,1,3,0,0,,Home,잠실 야구장,17:00,28.6
이지강,2024,LG,2024-06-21,vs. KT,RP,,0.0,0.0,1 ⅓,17,0,0,0,0,2,0,0,,Home,잠실 야구장,18:30,29.5
이지강,2024,LG,2024-06-19,@ Kia,RP,,0.0,,0,11,2,2,2,0,0,1,0,,Away,광주 기아 챔피언스 필드,18:30,29.7
이지강,2024,LG,2024-06-18,@ Kia,RP,,0.0,9.0,0 ⅓,24,4,0,1,0,0,2,0,,Away,광주 기아 챔피언스 필드,18:30,28.5
이지강,2024,LG,2024-06-15,vs. Lotte,RP,,5.4,2.4,1 ⅔,39,1,1,3,0,2,1,0,,Home,잠실 야구장,17:00,28.2
이지강,2024,LG,2024-06-14,vs. Lotte,RP,H,0.0,6.0,0 ⅓,7,0,0,2,0,0,0,0,,Home,잠실 야구장,18:30,27.3
이지강,2024,LG,2024-06-12,@ Samsung,RP,,0.0,0.6,1 ⅔,17,0,0,1,0,2,0,0,,Away,대구 삼성 라이온즈 파크,18:30,25.3
이지강,2024,LG,2024-06-11,@ Samsung,RP,,0.0,0.0,0 ⅔,6,0,0,0,0,1,0,0,,Away,대구 삼성 라이온즈 파크,18:30,24.2
이지강,2024,LG,2024-06-09,@ KT,RP,,0.0,1.0,1,16,0,0,0,0,2,1,0,,Away,수원 KT 위즈파크,17:00,25.8
이지강,2024,LG,2024-06-07,@ KT,RP,,0.0,1.0,1,13,0,0,1,0,0,0,0,,Away,수원 KT 위즈파크,18:30,25.1
이지강,2024,LG,2024-06-05,vs. Kiwoom,RP,,0.0,1.0,1,12,0,0,0,0,1,1,1,,Home,잠실 야구장,18:30,26.2
이지강,2024,LG,2024-04-09,@ Kia,RP,L,81.0,9.0,0 ⅓,21,3,3,1,0,0,2,0,,Away,광주 기아 챔피언스 필드,18:30,17.6
이지강,2024,LG,2024-04-07,vs. KT,RP,,81.0,12.0,0 ⅓,22,3,3,3,1,0,1,0,,Home,잠실 야구장,14:00,22.0
이지강,2024,LG,2024-04-05,vs. KT,RP,,0.0,0.75,1 ⅓,18,0,0,1,0,2,0,0,,Home,잠실 야구장,18:30,16.4
이지강,2024,LG,2024-04-03,vs. NC,RP,W,0.0,0.5,2,23,0,0,1,0,2,0,0,,Home,잠실 야구장,18:30,18.5
이지강,2024,LG,2024-04-02,vs. NC,RP,,0.0,0.0,1,15,0,0,0,0,0,0,0,,Home,잠실 야구장,18:30,20.0
이지강,2024,LG,2024-03-30,@ Kiwoom,RP,,6.75,1.88,2 ⅔,42,2,2,5,0,1,0,0,,Away,고척 스카이돔,17:00,25.5
이지강,2024,LG,2024-03-27,vs. Samsung,RP,,0.0,0.86,2 ⅓,38,0,0,0,0,0,2,0,,Home,잠실 야구장,18:30,13.1
이지강,2023,LG,2023-10-13,@ NC,SP,L,13.5,3.0,3 ⅓,80,8,5,8,0,2,2,0,18.0,Away,창원 NC 파크,18:30,19.8
이지강,2023,LG,2023-10-07,@ Kiwoom,SP,L,7.2,1.8,5,87,4,4,5,0,1,4,1,37.0,Away,고척 스카이돔,17:00,25.5
이지강,2023,LG,2023-10-01,@ Doosan,SP,W,0.0,0.83,6,101,3,0,3,0,3,2,1,60.0,Away,잠실 야구장,14:00,22.6
이지강,2023,LG,2023-09-27,vs. KT,RP,H,0.0,2.0,1,11,0,0,2,0,0,0,0,,Home,잠실 야구장,18:30,25.0
이지강,2023,LG,2023-09-19,@ Kia,SP,W,0.0,1.0,5,72,0,0,4,0,1,1,0,59.0,Away,광주 기아 챔피언스 필드,18:30,28.0
이지강,2023,LG,2023-09-09,@ Kia,RP,H,0.0,1.29,2 ⅓,40,0,0,1,0,2,2,0,,Away,광주 기아 챔피언스 필드,17:00,29.1
이지강,2023,LG,2023-09-08,@ Kia,RP,,0.0,0.0,1,19,0,0,0,0,2,0,0,,Away,광주 기아 챔피언스 필드,18:30,28.2
이지강,2023,LG,2023-09-01,vs. Hanwha,RP,,0.0,0.0,1,15,0,0,0,0,1,0,0,,Home,잠실 야구장,18:30,27.8
이지강,2023,LG,2023-08-13,vs. Kiwoom,RP,,0.0,1.2,1 ⅔,25,0,0,2,0,1,0,0,,Home,잠실 야구장,17:00,31.2
이지강,2023,LG,2023-08-04,@ Samsung,SP,,3.18,0.88,5 ⅔,76,2,2,4,1,2,1,0,54.0,Away,대구 삼성 라이온즈 파크,18:30,32.4
이지강,2023,LG,2023-07-29,@ Doosan,SP,,6.23,0.92,4 ⅓,86,3,3,4,0,4,0,2,45.0,Away,잠실 야구장,18:00,32.3
이지강,2023,LG,2023-07-05,vs. KT,RP,,0.0,1.0,1,19,0,0,1,0,0,0,1,,Home,잠실 야구장,18:30,27.5
이지강,2023,LG,2023-06-28,@ SSG,SP,,10.8,1.5,3 ⅓,65,4,4,3,0,1,2,2,35.0,Away,인천 SSG 랜더스필드,18:30,26.5
이지강,2023,LG,2023-06-22,@ NC,RP,,0.0,0.6,5,74,0,0,1,0,2,2,0,,Away,창원 NC 파크,18:30,27.3
이지강,2023,LG,2023-06-08,@ Kiwoom,RP,,13.5,3.0,1 ⅓,37,3,2,3,0,3,1,0,,Away,고척 스카이돔,18:30,25.5
이지강,2023,LG,2023-06-04,vs. NC,SP,L,9.0,2.0,2,42,2,2,3,0,1,1,0,42.0,Home,잠실 야구장,17:00,25.2
이지강,2023,LG,2023-05-24,@ SSG,SP,L,2.45,0.82,3 ⅔,57,5,1,3,2,3,0,0,46.0,Away,인천 SSG 랜더스필드,18:30,20.5
이지강,2023,LG,2023-05-18,vs. KT,SP,,6.0,2.33,3,89,2,2,2,0,3,5,0,45.0,Home,잠실 야구장,18:30,22.5
이지강,2023,LG,2023-05-12,@ Samsung,SP,L,7.2,1.6,5,86,4,4,6,1,3,2,1,39.0,Away,대구 삼성 라이온즈 파크,18:30,18.1
이지강,2023,LG,2023-05-02,@ NC,SP,,1.8,1.0,5,69,2,1,4,0,2,1,1,53.0,Away,창원 NC 파크,18:30,18.3
이지강,2023,LG,2023-04-14,vs. Doosan,RP,,0.0,2.25,1 ⅓,37,3,0,1,0,1,2,0,,Home,잠실 야구장,18:30,19.5
이지강,2023,LG,2023-04-12,@ Lotte,RP,,0.0,0.0,1,9,0,0,0,0,0,0,0,,Away,사직 야구장,18:30,15.2
이지강,2022,LG,2022-10-06,@ Kia,SP,,1.8,1.6,5,85,1,1,5,0,1,3,0,51.0,Away,광주 기아 챔피언스 필드,18:30,17.5
이지강,2022,LG,2022-06-15,vs. Samsung,RP,,0.0,2.0,2,36,0,0,3,0,1,1,0,,Home,잠실 야구장,18:30,22.2
이지강,2022,LG,2022-05-13,vs. Kia,RP,,15.0,3.67,3,72,5,5,4,0,2,7,0,,Home,잠실 야구장,18:30,21.6
이지강,2022,LG,2022-05-10,vs. Hanwha,RP,,0.0,2.0,1,27,0,0,0,0,2,2,0,,Home,잠실 야구장,18:30,24.2
유영찬,2024,LG,2024-09-28,@ Samsung,RP,,0.0,0.0,1,17,0,0,0,0,3,0,0,,Away,대구 삼성 라이온즈 파크,17:00,26.8
유영찬,2024,LG,2024-09-26,vs. Kiwoom,RP,SV,0.0,0.0,1,14,0,0,0,0,1,0,0,,Home,잠실 야구장,18:30,26.5
유영찬,2024,LG,2024-09-24,@ SSG,RP,,9.0,2.0,1,16,1,1,2,0,2,0,0,,Away,인천 SSG 랜더스필드,18:30,24.0
유영찬,2024,LG,2024-09-22,vs. Doosan,RP,,0.0,0.0,1,6,0,0,0,0,0,0,0,,Home,잠실 야구장,14:00,25.6
유영찬,2024,LG,2024-09-19,@ Lotte,RP,SV,0.0,1.0,1,15,0,0,0,0,1,1,0,,Away,사직 야구장,18:30,32.4
유영찬,2024,LG,2024-09-18,@ Lotte,RP,SV,9.0,2.0,1,27,1,1,0,0,2,2,0,,Away,사직 야구장,18:30,31.3
유영찬,2024,LG,2024-09-14,@ NC,RP,SV,0.0,1.5,1 ⅓,26,0,0,2,0,1,0,0,,Away,창원 NC 파크,17:00,32.2
유영찬,2024,LG,2024-09-11,vs. Kiwoom,RP,,27.0,3.0,0 ⅓,11,1,1,1,0,1,0,0,,Home,잠실 야구장,18:30,30.6
유영찬,2024,LG,2024-09-10,vs. Lotte,RP,,0.0,1.0,1,8,0,0,1,0,0,0,0,,Home,잠실 야구장,18:30,32.4
유영찬,2024,LG,2024-09-06,vs. Hanwha,RP,,9.0,3.0,1,27,1,1,2,0,1,1,0,,Home,잠실 야구장,18:30,25.3
유영찬,2024,LG,2024-08-29,vs. KT,RP,L,0.0,,0,15,3,3,3,0,0,1,0,,Home,잠실 야구장,18:30,31.7
유영찬,2024,LG,2024-08-28,vs. KT,RP,,0.0,0.0,1,17,0,0,0,0,1,0,0,,Home,잠실 야구장,18:30,31.7
유영찬,2024,LG,2024-08-20,vs. SSG,RP,SV,0.0,0.0,1,8,0,0,0,0,1,0,0,,Home,잠실 야구장,18:30,34.4
유영찬,2024,LG,2024-08-16,vs. Kia,RP,L,27.0,3.0,1,26,3,3,2,1,0,1,0,,Home,잠실 야구장,18:30,33.0
유영찬,2024,LG,2024-08-13,@ Hanwha,RP,SV,0.0,1.0,1,18,0,0,0,0,2,1,0,,Away,대전 한화생명 볼파크,18:30,34.1
유영찬,2024,LG,2024-08-11,vs. NC,RP,W,0.0,1.0,1,30,2,0,1,0,1,0,1,,Home,잠실 야구장,17:00,33.4
유영찬,2024,LG,2024-08-09,vs. NC,RP,SV,0.0,0.75,1 ⅓,18,0,0,1,0,3,0,0,,Home,잠실 야구장,18:30,33.1
유영찬,2024,LG,2024-08-08,@ Doosan,RP,,0.0,0.0,0 ⅓,4,0,0,0,0,1,0,0,,Away,잠실 야구장,18:30,31.8
유영찬,2024,LG,2024-07-25,@ Lotte,RP,,0.0,1.0,1,12,0,0,1,0,2,0,0,,Away,사직 야구장,18:30,31.0
유영찬,2024,LG,2024-07-23,@ Lotte,RP,W,0.0,3.0,1 ⅓,38,0,0,1,0,2,3,0,,Away,사직 야구장,18:30,31.0
유영찬,2024,LG,2024-07-21,vs. Doosan,RP,SV,0.0,0.0,1 ⅓,17,0,0,0,0,3,0,0,,Home,잠실 야구장,17:00,30.8
유영찬,2024,LG,2024-07-17,vs. SSG,RP,,0.0,3.0,1,22,1,0,2,0,0,1,0,,Home,잠실 야구장,18:30,27.6
유영찬,2024,LG,2024-07-14,@ Hanwha,RP,,0.0,2.0,1,19,0,0,1,0,1,1,0,,Away,대전 한화생명 볼파크,17:00,28.7
유영찬,2024,LG,2024-07-13,@ Hanwha,RP,,9.0,3.0,1,18,1,1,2,0,0,1,1,,Away,대전 한화생명 볼파크,18:00,29.6
유영찬,2024,LG,2024-07-10,vs. Kia,RP,,18.0,3.0,1,21,2,2,3,0,0,0,0,,Home,잠실 야구장,18:30,30.8
유영찬,2024,LG,2024-07-04,@ Kiwoom,RP,SV,0.0,0.6,1 ⅔,24,0,0,0,0,1,1,0,,Away,고척 스카이돔,18:30,25.5
유영찬,2024,LG,2024-06-30,@ NC,RP,SV,0.0,0.6,1 ⅔,26,0,0,1,0,4,0,0,,Away,창원 NC 파크,17:00,27.5
유영찬,2024,LG,2024-06-26,vs. Samsung,RP,W,0.0,0.0,1,17,0,0,0,0,1,0,0,,Home,잠실 야구장,18:30,28.6
유영찬,2024,LG,2024-06-23,vs. KT,RP,,0.0,1.0,1,19,0,0,1,0,1,0,0,,Home,잠실 야구장,17:00,28.6
유영찬,2024,LG,2024-06-21,vs. KT,RP,L,9.0,4.0,1,22,1,1,0,0,1,4,0,,Home,잠실 야구장,18:30,29.5
유영찬,2024,LG,2024-06-19,@ Kia,RP,SV,0.0,1.0,2,33,0,0,2,0,0,0,0,,Away,광주 기아 챔피언스 필드,18:30,29.7
유영찬,2024,LG,2024-06-15,vs. Lotte,RP,L,9.0,3.0,1,19,1,1,2,0,2,1,0,,Home,잠실 야구장,17:00,28.2
유영찬,2024,LG,2024-06-14,vs. Lotte,RP,SV,0.0,0.0,1 ⅔,17,0,0,0,0,2,0,0,,Home,잠실 야구장,18:30,27.3
유영찬,2024,LG,2024-06-06,vs. Kiwoom,RP,SV,0.0,0.0,1 ⅓,12,0,0,0,0,1,0,0,,Home,잠실 야구장,18:30,26.7
유영찬,2024,LG,2024-06-05,vs. Kiwoom,RP,SV,0.0,1.0,1,14,0,0,0,0,0,1,0,,Home,잠실 야구장,18:30,26.2
유영찬,2024,LG,2024-06-01,@ Doosan,RP,,0.0,1.0,1,19,0,0,0,0,0,1,0,,Away,잠실 야구장,17:00,23.7
유영찬,2024,LG,2024-05-31,@ Doosan,RP,,9.0,4.0,1,30,1,1,4,0,2,0,0,,Away,잠실 야구장,18:30,21.4
유영찬,2024,LG,2024-05-28,@ SSG,RP,SV,0.0,1.5,0 ⅔,10,0,0,1,0,1,0,0,,Away,인천 SSG 랜더스필드,18:30,24.6
유영찬,2024,LG,2024-05-26,vs. NC,RP,SV,0.0,0.0,1,7,0,0,0,0,1,0,0,,Home,잠실 야구장,14:00,20.2
유영찬,2024,LG,2024-05-23,@ Hanwha,RP,,0.0,0.0,1,14,0,0,0,0,2,0,0,,Away,대전 한화생명 볼파크,18:30,27.9
유영찬,2024,LG,2024-05-22,@ Hanwha,RP,,0.0,6.0,0 ⅓,13,0,0,2,0,1,0,0,,Away,대전 한화생명 볼파크,18:30,25.3
유영찬,2024,LG,2024-05-18,@ KT,RP,H,27.0,21.0,0 ⅓,30,1,1,4,0,1,3,0,,Away,수원 KT 위즈파크,17:00,24.1
유영찬,2024,LG,2024-05-12,@ Lotte,RP,SV,0.0,1.0,1,22,0,0,0,0,2,1,0,,Away,사직 야구장,14:00,22.2
유영찬,2024,LG,2024-05-11,@ Lotte,RP,SV,0.0,0.6,1 ⅔,22,0,0,1,0,2,0,0,,Away,사직 야구장,17:00,19.9
유영찬,2024,LG,2024-05-09,vs. SSG,RP,SV,0.0,0.0,1,6,0,0,0,0,0,0,0,,Home,잠실 야구장,18:30,19.1
유영찬,2024,LG,2024-05-08,vs. SSG,RP,SV,0.0,0.0,1,12,0,0,0,0,3,0,0,,Home,잠실 야구장,18:30,18.6
유영찬,2024,LG,2024-05-02,@ NC,RP,W,0.0,1.5,1 ⅓,29,0,0,2,0,1,0,0,,Away,창원 NC 파크,18:30,15.8
유영찬,2024,LG,2024-04-27,vs. Kia,RP,SV,0.0,2.0,1,21,0,0,2,0,1,0,0,,Home,잠실 야구장,17:00,24.8
유영찬,2024,LG,2024-04-26,vs. Kia,RP,SV,0.0,1.5,1 ⅓,25,0,0,1,0,2,1,0,,Home,잠실 야구장,18:30,23.8
유영찬,2024,LG,2024-04-21,@ SSG,RP,,0.0,0.0,1,10,0,0,0,0,2,0,0,,Away,인천 SSG 랜더스필드,14:00,19.8
유영찬,2024,LG,2024-04-21,@ SSG,RP,SV,0.0,0.0,1 ⅓,16,0,0,0,0,2,0,0,,Away,인천 SSG 랜더스필드,14:00,19.8
유영찬,2024,LG,2024-04-19,@ SSG,RP,SV,0.0,1.0,1,16,0,0,1,0,1,0,0,,Away,인천 SSG 랜더스필드,18:30,17.3
유영찬,2024,LG,2024-04-17,vs. Lotte,RP,W,13.5,3.75,1 ⅓,35,2,2,2,0,2,3,0,,Home,잠실 야구장,18:30,19.0
유영찬,2024,LG,2024-04-12,@ Doosan,RP,SV,0.0,0.0,1,12,0,0,0,0,2,0,0,,Away,잠실 야구장,18:30,21.7
유영찬,2024,LG,2024-04-10,@ Kia,RP,L,27.0,6.0,0 ⅓,8,1,1,2,0,0,0,0,,Away,광주 기아 챔피언스 필드,18:30,19.9
유영찬,2024,LG,2024-04-06,vs. KT,RP,W,0.0,1.5,1 ⅓,19,0,0,2,0,1,0,0,,Home,잠실 야구장,17:00,16.7
유영찬,2024,LG,2024-04-04,vs. NC,RP,,0.0,1.0,1,21,0,0,1,0,2,0,1,,Home,잠실 야구장,18:30,17.5
유영찬,2024,LG,2024-04-03,vs. NC,RP,,0.0,2.0,1,16,0,0,2,0,2,0,0,,Home,잠실 야구장,18:30,18.5
유영찬,2024,LG,2024-03-29,@ Kiwoom,RP,SV,0.0,1.0,1,14,0,0,0,0,1,1,0,,Away,고척 스카이돔,18:30,25.5
유영찬,2024,LG,2024-03-27,vs. Samsung,RP,,0.0,1.0,1,8,0,0,1,0,1,0,0,,Home,잠실 야구장,18:30,13.1
유영찬,2024,LG,2024-03-26,vs. Samsung,RP,W,0.0,1.0,1,8,0,0,1,0,0,0,0,,Home,잠실 야구장,18:30,10.9
유영찬,2024,LG,2024-03-24,vs. Hanwha,RP,,27.0,3.0,0 ⅓,9,1,1,1,1,0,0,0,,Home,잠실 야구장,14:00,21.7
유영찬,2023,LG,2023-10-15,vs. Doosan,RP,,9.0,1.0,1,13,1,1,1,1,1,0,0,,Home,잠실 야구장,14:00,20.7
유영찬,2023,LG,2023-10-14,vs. Doosan,RP,,0.0,0.0,1,8,0,0,0,0,0,0,0,,Home,잠실 야구장,17:00,17.1
유영찬,2023,LG,2023-10-10,vs. Lotte,RP,,0.0,1.0,1,15,0,0,1,0,1,0,0,,Home,잠실 야구장,18:30,20.5
유영찬,2023,LG,2023-10-06,vs. Kia,RP,H,0.0,0.0,0 ⅔,9,0,0,0,0,1,0,0,,Home,잠실 야구장,18:30,18.8
유영찬,2023,LG,2023-10-04,@ Lotte,RP,H,0.0,1.0,1,19,0,0,1,0,2,0,0,,Away,사직 야구장,18:30,22.8
유영찬,2023,LG,2023-10-01,@ Doosan,RP,,0.0,1.0,1,25,0,0,0,0,1,1,1,,Away,잠실 야구장,14:00,22.6
유영찬,2023,LG,2023-09-29,@ Doosan,RP,L,13.5,6.0,0 ⅔,21,1,1,2,0,0,2,0,,Away,잠실 야구장,18:30,22.8
유영찬,2023,LG,2023-09-27,vs. KT,RP,SV,0.0,2.0,1,24,0,0,0,0,0,2,0,,Home,잠실 야구장,18:30,25.0
유영찬,2023,LG,2023-09-27,vs. KT,RP,,0.0,1.0,1,22,0,0,1,0,1,0,0,,Home,잠실 야구장,18:30,25.0
유영찬,2023,LG,2023-09-24,vs. Hanwha,RP,,0.0,1.0,1,20,0,0,1,0,0,0,1,,Home,잠실 야구장,14:00,24.5
유영찬,2023,LG,2023-09-21,@ SSG,RP,H,13.5,6.0,0 ⅔,20,1,1,1,0,1,3,0,,Away,인천 SSG 랜더스필드,18:30,21.5
유영찬,2023,LG,2023-09-17,vs. SSG,RP,,0.0,0.0,0 ⅔,6,0,0,0,0,0,0,0,,Home,잠실 야구장,14:00,28.1
유영찬,2023,LG,2023-09-17,vs. SSG,RP,W,0.0,0.0,1,7,0,0,0,0,0,0,0,,Home,잠실 야구장,14:00,28.1
유영찬,2023,LG,2023-09-16,vs. SSG,RP,,0.0,6.0,0 ⅓,15,0,0,0,0,0,2,0,,Home,잠실 야구장,17:00,27.7
유영찬,2023,LG,2023-09-10,@ Kia,RP,,0.0,2.0,1,19,0,0,0,0,1,2,0,,Away,광주 기아 챔피언스 필드,14:00,29.4
유영찬,2023,LG,2023-09-09,@ Kia,RP,L,27.0,4.5,0 ⅔,18,2,2,3,0,0,0,0,,Away,광주 기아 챔피언스 필드,17:00,29.1
유영찬,2023,LG,2023-09-05,@ KT,RP,,18.0,3.0,1,20,2,2,2,1,1,1,0,,Away,수원 KT 위즈파크,18:30,31.2
유영찬,2023,LG,2023-09-02,vs. Hanwha,RP,,18.0,3.0,1,22,2,2,3,1,0,0,0,,Home,잠실 야구장,17:00,28.8
유영찬,2023,LG,2023-08-31,vs. Doosan,RP,,9.0,2.0,1,10,1,1,2,0,0,0,0,,Home,잠실 야구장,18:30,27.6
유영찬,2023,LG,2023-08-27,@ NC,RP,,0.0,2.0,1,30,0,0,1,0,1,1,0,,Away,창원 NC 파크,17:00,30.8
유영찬,2023,LG,2023-08-26,@ NC,RP,,0.0,1.0,1,17,0,0,1,0,2,0,0,,Away,창원 NC 파크,18:00,30.0
유영찬,2023,LG,2023-08-24,vs. Lotte,RP,H,0.0,0.0,1 ⅓,14,0,0,0,0,1,0,0,,Home,잠실 야구장,18:30,29.0
유영찬,2023,LG,2023-08-19,@ SSG,RP,H,0.0,1.0,1,17,0,0,1,0,1,0,1,,Away,인천 SSG 랜더스필드,18:00,30.1
유영찬,2023,LG,2023-08-18,@ SSG,RP,,0.0,0.0,1,18,0,0,0,0,3,0,0,,Away,인천 SSG 랜더스필드,18:30,30.5
유영찬,2023,LG,2023-08-15,@ Samsung,RP,,0.0,1.0,1,12,0,0,1,0,2,0,0,,Away,대구 삼성 라이온즈 파크,18:30,30.0
유영찬,2023,LG,2023-08-12,vs. Kiwoom,RP,,9.0,2.0,1,14,1,1,2,0,1,0,0,,Home,잠실 야구장,18:00,26.4
유영찬,2023,LG,2023-08-11,vs. Kiwoom,RP,W,0.0,0.0,1,13,0,0,0,0,0,0,0,,Home,잠실 야구장,18:30,27.4
유영찬,2023,LG,2023-08-09,@ Kia,RP,H,0.0,0.0,0 ⅔,6,0,0,0,0,0,0,0,,Away,광주 기아 챔피언스 필드,18:30,29.2
유영찬,2023,LG,2023-08-06,@ Samsung,RP,H,0.0,0.0,0 ⅔,8,0,0,0,0,0,0,0,,Away,대구 삼성 라이온즈 파크,17:00,33.0
유영찬,2023,LG,2023-08-04,@ Samsung,RP,,0.0,3.0,0 ⅓,11,0,0,1,0,0,0,0,,Away,대구 삼성 라이온즈 파크,18:30,32.4
유영찬,2023,LG,2023-08-03,vs. Kiwoom,RP,,0.0,1.0,1,12,0,0,1,0,1,0,0,,Home,잠실 야구장,18:30,32.8
유영찬,2023,LG,2023-08-01,vs. Kiwoom,RP,H,0.0,0.0,1,6,0,0,0,0,0,0,0,,Home,잠실 야구장,18:30,33.9
유영찬,2023,LG,2023-07-29,@ Doosan,RP,,0.0,1.0,1,23,0,0,1,0,1,0,0,,Away,잠실 야구장,18:00,32.3
유영찬,2023,LG,2023-07-26,@ KT,RP,,0.0,1.5,1 ⅓,28,0,0,0,0,3,2,0,,Away,수원 KT 위즈파크,18:30,29.0
유영찬,2023,LG,2023-07-25,@ KT,RP,,0.0,1.0,1,16,1,0,1,0,0,0,0,,Away,수원 KT 위즈파크,18:30,29.7
유영찬,2023,LG,2023-06-20,@ NC,RP,,10.13,1.5,2 ⅔,41,3,3,4,1,3,0,1,,Away,창원 NC 파크,18:30,24.3
유영찬,2023,LG,2023-06-16,vs. Doosan,RP,W,0.0,2.4,1 ⅔,33,0,0,3,0,1,1,1,,Home,잠실 야구장,18:30,27.2
유영찬,2023,LG,2023-06-14,vs. Samsung,RP,W,0.0,0.0,1,14,0,0,0,0,1,0,0,,Home,잠실 야구장,18:30,25.0
유영찬,2023,LG,2023-06-11,@ Hanwha,RP,W,0.0,1.5,1 ⅓,28,0,0,2,0,1,0,0,,Away,대전 한화생명 볼파크,17:00,27.3
유영찬,2023,LG,2023-06-07,@ Kiwoom,RP,,0.0,2.0,1,20,0,0,1,0,0,1,1,,Away,고척 스카이돔,18:30,25.5
유영찬,2023,LG,2023-06-06,@ Kiwoom,RP,,0.0,1.0,1,16,0,0,0,0,2,1,0,,Away,고척 스카이돔,18:30,25.5
유영찬,2023,LG,2023-06-04,vs. NC,RP,,27.0,6.0,0 ⅓,14,1,1,1,0,0,1,0,,Home,잠실 야구장,17:00,25.2
유영찬,2023,LG,2023-06-02,vs. NC,RP,,0.0,2.0,1,22,0,0,0,0,2,2,0,,Home,잠실 야구장,18:30,25.1
유영찬,2023,LG,2023-05-30,vs. Lotte,RP,W,0.0,0.6,1 ⅔,25,0,0,0,0,1,1,0,,Home,잠실 야구장,18:30,25.6
유영찬,2023,LG,2023-05-27,@ Kia,RP,,0.0,0.0,0 ⅔,6,0,0,0,0,2,0,0,,Away,광주 기아 챔피언스 필드,17:00,24.1
유영찬,2023,LG,2023-05-26,@ Kia,RP,,27.0,4.5,0 ⅔,20,2,2,2,0,1,1,0,,Away,광주 기아 챔피언스 필드,18:30,23.0
유영찬,2023,LG,2023-05-24,@ SSG,RP,,0.0,0.0,1 ⅓,11,0,0,0,0,1,0,0,,Away,인천 SSG 랜더스필드,18:30,20.5
유영찬,2023,LG,2023-05-23,@ SSG,RP,,0.0,1.0,1,12,0,0,0,0,0,1,0,,Away,인천 SSG 랜더스필드,18:30,21.8
유영찬,2023,LG,2023-05-20,vs. Hanwha,RP,,0.0,6.0,0 ⅓,9,0,0,1,0,0,1,0,,Home,잠실 야구장,17:00,23.9
유영찬,2023,LG,2023-05-17,vs. KT,RP,,0.0,2.0,1,17,0,0,1,0,1,1,0,,Home,잠실 야구장,18:30,25.3
유영찬,2023,LG,2023-05-14,@ Samsung,RP,H,0.0,1.5,0 ⅔,8,0,0,0,0,0,1,0,,Away,대구 삼성 라이온즈 파크,14:00,20.6
유영찬,2023,LG,2023-05-11,vs. Kiwoom,RP,H,0.0,2.0,1,17,0,0,0,0,0,2,0,,Home,잠실 야구장,18:30,24.2
유영찬,2023,LG,2023-05-10,vs. Kiwoom,RP,,0.0,,0,12,3,3,2,0,0,1,0,,Home,잠실 야구장,18:30,24.6
유영찬,2023,LG,2023-05-03,@ NC,RP,H,0.0,1.0,1,8,0,0,1,0,1,0,0,,Away,창원 NC 파크,18:30,18.3
유영찬,2023,LG,2023-05-02,@ NC,RP,H,0.0,0.0,1 ⅓,11,0,0,0,0,0,0,0,,Away,창원 NC 파크,18:30,18.3
유영찬,2023,LG,2023-04-29,vs. Kia,RP,,0.0,0.6,1 ⅔,20,0,0,0,0,1,1,0,,Home,잠실 야구장,17:00,13.1
유영찬,2023,LG,2023-04-28,vs. Kia,RP,L,13.5,4.5,0 ⅔,21,1,1,2,0,0,1,0,,Home,잠실 야구장,18:30,17.8
유영찬,2023,LG,2023-04-26,vs. SSG,RP,,0.0,0.0,2,25,0,0,0,0,3,0,0,,Home,잠실 야구장,18:30,12.6
유영찬,2023,LG,2023-04-23,@ Hanwha,RP,,0.0,1.2,1 ⅔,25,0,0,1,0,0,1,0,,Away,대전 한화생명 볼파크,14:00,20.2
유영찬,2023,LG,2023-04-20,vs. NC,RP,,18.0,3.0,1,21,2,2,3,0,0,0,0,,Home,잠실 야구장,18:30,16.0
유영찬,2023,LG,2023-04-18,vs. NC,RP,,0.0,0.0,1,9,0,0,0,0,2,0,0,,Home,잠실 야구장,18:30,18.2
유영찬,2023,LG,2023-04-16,vs. Doosan,RP,,0.0,,0,19,3,3,1,0,0,3,0,,Home,잠실 야구장,14:00,14.4
유영찬,2023,LG,2023-04-13,@ Lotte,RP,,0.0,1.8,1 ⅔,30,0,0,1,0,3,2,0,,Away,사직 야구장,18:30,16.9
유영찬,2023,LG,2023-04-11,@ Lotte,RP,,0.0,0.6,1 ⅔,22,0,0,0,0,1,1,1,,Away,사직 야구장,18:30,17.6
유영찬,2023,LG,2023-04-07,vs. Samsung,RP,,0.0,0.5,2,20,0,0,1,0,1,0,0,,Home,잠실 야구장,18:30,11.7
유영찬,2023,LG,2023-04-04,@ Kiwoom,RP,,0.0,0.0,1,12,0,0,0,0,0,0,0,,Away,고척 스카이돔,18:30,25.5
유영찬,2023,LG,2023-04-01,@ KT,RP,,0.0,0.0,1,8,0,0,0,0,1,0,0,,Away,수원 KT 위즈파크,14:00,24.0
성동현,2024,LG,2024-05-30,@ SSG,RP,,0.0,2.0,1,14,0,0,0,0,0,2,0,,Away,인천 SSG 랜더스필드,18:30,21.3
성동현,2024,LG,2024-05-21,@ Hanwha,RP,,0.0,1.0,1,22,0,0,0,0,1,1,0,,Away,대전 한화생명 볼파크,18:30,24.9
성동현,2023,LG,2023-05-31,vs. Lotte,RP,,9.0,3.0,1,20,1,1,2,0,1,1,0,,Home,잠실 야구장,18:30,26.4
함덕주,2024,LG,2024-09-28,@ Samsung,RP,,0.0,1.0,1,17,0,0,1,0,1,0,0,,Away,대구 삼성 라이온즈 파크,17:00,26.8
함덕주,2024,LG,2024-09-25,vs. Hanwha,RP,,27.0,12.0,0 ⅓,10,1,1,4,0,0,0,0,,Home,잠실 야구장,18:30,26.4
함덕주,2024,LG,2024-09-22,vs. Doosan,RP,H,0.0,1.0,1,13,0,0,1,0,0,0,0,,Home,잠실 야구장,14:00,25.6
함덕주,2024,LG,2024-09-19,@ Lotte,RP,H,0.0,1.0,1,6,0,0,1,0,1,0,0,,Away,사직 야구장,18:30,32.4
함덕주,2024,LG,2024-09-15,@ NC,RP,,0.0,,0,10,0,0,2,0,0,0,0,,Away,창원 NC 파크,14:00,32.5
함덕주,2024,LG,2024-09-11,vs. Kiwoom,RP,L,81.0,6.0,0 ⅓,16,3,3,0,0,0,2,1,,Home,잠실 야구장,18:30,30.6
함덕주,2024,LG,2024-09-10,vs. Lotte,RP,,0.0,0.0,1,12,0,0,0,0,0,0,0,,Home,잠실 야구장,18:30,32.4
함덕주,2024,LG,2024-09-05,vs. SSG,RP,,0.0,0.0,1,17,0,0,0,0,2,0,0,,Home,잠실 야구장,18:30,28.6
함덕주,2024,LG,2024-08-30,@ KT,RP,H,9.0,1.0,1,24,1,1,1,1,3,0,0,,Away,수원 KT 위즈파크,18:30,30.1
함덕주,2024,LG,2024-08-29,vs. KT,RP,,54.0,6.0,0 ⅓,12,2,2,1,1,0,1,0,,Home,잠실 야구장,18:30,31.7
함덕주,2024,LG,2024-08-27,vs. KT,RP,,0.0,0.0,1,8,0,0,0,0,0,0,0,,Home,잠실 야구장,18:30,29.6
함덕주,2024,LG,2024-08-24,@ Kiwoom,RP,,0.0,0.0,1,8,0,0,0,0,0,0,0,,Away,고척 스카이돔,18:00,25.5
함덕주,2024,LG,2024-08-20,vs. SSG,RP,,0.0,3.0,0 ⅔,17,0,0,0,0,1,2,0,,Home,잠실 야구장,18:30,34.4
함덕주,2024,LG,2024-08-18,vs. Kia,RP,,0.0,3.0,1,21,0,0,2,0,0,1,0,,Home,잠실 야구장,17:00,32.5
함덕주,2024,LG,2024-08-13,@ Hanwha,RP,,0.0,1.0,1,14,0,0,0,0,0,1,0,,Away,대전 한화생명 볼파크,18:30,34.1
함덕주,2023,LG,2023-08-26,@ NC,RP,H,0.0,1.0,1,23,0,0,0,0,1,1,0,,Away,창원 NC 파크,18:00,30.0
함덕주,2023,LG,2023-08-24,vs. Lotte,RP,,13.5,3.0,0 ⅔,19,1,1,2,0,2,0,0,,Home,잠실 야구장,18:30,29.0
함덕주,2023,LG,2023-08-19,@ SSG,RP,H,0.0,2.0,1,15,0,0,2,0,0,0,0,,Away,인천 SSG 랜더스필드,18:00,30.1
함덕주,2023,LG,2023-08-18,@ SSG,RP,,0.0,1.0,1,18,0,0,0,0,0,1,1,,Away,인천 SSG 랜더스필드,18:30,30.5
함덕주,2023,LG,2023-08-15,@ Samsung,RP,,0.0,0.0,0 ⅔,4,0,0,0,0,1,0,0,,Away,대구 삼성 라이온즈 파크,18:30,30.0
함덕주,2023,LG,2023-08-12,vs. Kiwoom,RP,H,0.0,0.0,1,10,0,0,0,0,1,0,0,,Home,잠실 야구장,18:00,26.4
함덕주,2023,LG,2023-08-11,vs. Kiwoom,RP,,0.0,0.0,0 ⅔,13,0,0,0,0,2,0,0,,Home,잠실 야구장,18:30,27.4
함덕주,2023,LG,2023-08-09,@ Kia,RP,H,0.0,0.0,1,12,0,0,0,0,2,0,0,,Away,광주 기아 챔피언스 필드,18:30,29.2
함덕주,2023,LG,2023-08-06,@ Samsung,RP,,0.0,1.0,1,16,0,0,1,0,2,0,0,,Away,대구 삼성 라이온즈 파크,17:00,33.0
함덕주,2023,LG,2023-08-03,vs. Kiwoom,RP,,0.0,0.0,1,17,0,0,0,0,2,0,0,,Home,잠실 야구장,18:30,32.8
함덕주,2023,LG,2023-08-02,vs. Kiwoom,RP,W,0.0,2.0,1,24,0,0,1,0,0,1,0,,Home,잠실 야구장,18:30,31.7
함덕주,2023,LG,2023-07-29,@ Doosan,RP,,54.0,9.0,0 ⅓,12,2,2,2,0,0,1,0,,Away,잠실 야구장,18:00,32.3
함덕주,2023,LG,2023-07-27,@ KT,RP,SV,0.0,1.0,1,16,0,0,1,0,1,0,0,,Away,수원 KT 위즈파크,18:30,32.5
함덕주,2023,LG,2023-07-26,@ KT,RP,,0.0,2.0,1,19,0,0,0,0,0,2,0,,Away,수원 KT 위즈파크,18:30,29.0
함덕주,2023,LG,2023-07-21,vs. SSG,RP,,9.0,2.0,1,18,1,1,1,0,1,1,0,,Home,잠실 야구장,18:30,33.3
함덕주,2023,LG,2023-07-12,vs. Hanwha,RP,,0.0,1.0,1,20,0,0,0,0,2,1,0,,Home,잠실 야구장,18:30,30.0
함덕주,2023,LG,2023-07-09,@ Lotte,RP,,9.0,2.0,1,25,1,1,1,0,1,1,0,,Away,사직 야구장,17:00,28.2
함덕주,2023,LG,2023-07-06,vs. KT,RP,,0.0,3.0,1 ⅓,33,0,0,3,0,2,1,0,,Home,잠실 야구장,18:30,30.9
함덕주,2023,LG,2023-07-02,vs. Kia,RP,H,0.0,1.2,1 ⅔,23,0,0,2,0,2,0,0,,Home,잠실 야구장,17:00,31.3
함덕주,2023,LG,2023-06-30,vs. Kia,RP,,0.0,0.0,1,14,0,0,0,0,1,0,1,,Home,잠실 야구장,18:30,29.9
함덕주,2023,LG,2023-06-28,@ SSG,RP,,9.0,1.0,1,11,1,1,1,1,2,0,0,,Away,인천 SSG 랜더스필드,18:30,26.5
함덕주,2023,LG,2023-06-25,vs. Lotte,RP,,0.0,0.0,2,29,0,0,0,0,2,0,0,,Home,잠실 야구장,17:00,31.2
함덕주,2023,LG,2023-06-22,@ NC,RP,,0.0,0.0,1,14,0,0,0,0,1,0,0,,Away,창원 NC 파크,18:30,27.3
함덕주,2023,LG,2023-06-21,@ NC,RP,,0.0,0.0,1,9,0,0,0,0,1,0,0,,Away,창원 NC 파크,18:30,24.6
함덕주,2023,LG,2023-06-17,vs. Doosan,RP,,0.0,0.0,1,10,0,0,0,0,0,0,0,,Home,잠실 야구장,17:00,27.7
함덕주,2023,LG,2023-06-16,vs. Doosan,RP,H,0.0,0.0,0 ⅓,1,0,0,0,0,0,0,0,,Home,잠실 야구장,18:30,27.2
함덕주,2023,LG,2023-06-14,vs. Samsung,RP,H,0.0,6.0,0 ⅓,23,0,0,0,0,0,2,0,,Home,잠실 야구장,18:30,25.0
함덕주,2023,LG,2023-06-13,vs. Samsung,RP,W,0.0,2.0,1,16,0,0,1,0,1,1,0,,Home,잠실 야구장,18:30,23.9
함덕주,2023,LG,2023-06-11,@ Hanwha,RP,H,0.0,0.0,1,15,0,0,0,0,2,0,0,,Away,대전 한화생명 볼파크,17:00,27.3
함덕주,2023,LG,2023-06-09,@ Hanwha,RP,,0.0,4.5,0 ⅔,29,1,0,1,0,0,2,0,,Away,대전 한화생명 볼파크,18:30,25.3
함덕주,2023,LG,2023-06-04,vs. NC,RP,,0.0,1.5,1 ⅓,22,0,0,2,0,2,0,0,,Home,잠실 야구장,17:00,25.2
함덕주,2023,LG,2023-06-01,vs. Lotte,RP,,0.0,0.0,1,15,0,0,0,0,1,0,0,,Home,잠실 야구장,18:30,26.0
함덕주,2023,LG,2023-05-30,vs. Lotte,RP,H,0.0,0.0,1,11,0,0,0,0,0,0,0,,Home,잠실 야구장,18:30,25.6
함덕주,2023,LG,2023-05-26,@ Kia,RP,H,0.0,0.75,1 ⅓,18,0,0,0,0,2,1,0,,Away,광주 기아 챔피언스 필드,18:30,23.0
함덕주,2023,LG,2023-05-25,@ SSG,RP,H,0.0,1.0,1,16,0,0,1,0,2,0,0,,Away,인천 SSG 랜더스필드,18:30,20.6
함덕주,2023,LG,2023-05-20,vs. Hanwha,RP,,0.0,0.0,2,24,0,0,0,0,3,0,0,,Home,잠실 야구장,17:00,23.9
함덕주,2023,LG,2023-05-19,vs. Hanwha,RP,SV,0.0,0.0,1,15,0,0,0,0,1,0,0,,Home,잠실 야구장,18:30,25.6
함덕주,2023,LG,2023-05-17,vs. KT,RP,,0.0,0.0,1,10,0,0,0,0,1,0,0,,Home,잠실 야구장,18:30,25.3
함덕주,2023,LG,2023-05-14,@ Samsung,RP,SV,0.0,0.0,1 ⅓,18,0,0,0,0,1,0,0,,Away,대구 삼성 라이온즈 파크,14:00,20.6
함덕주,2023,LG,2023-05-11,vs. Kiwoom,RP,H,0.0,0.0,1,9,0,0,0,0,1,0,0,,Home,잠실 야구장,18:30,24.2
함덕주,2023,LG,2023-05-09,vs. Kiwoom,RP,W,0.0,0.0,1,10,0,0,0,0,1,0,0,,Home,잠실 야구장,18:30,21.9
함덕주,2023,LG,2023-05-02,@ NC,RP,SV,0.0,1.0,1,16,0,0,1,0,1,0,0,,Away,창원 NC 파크,18:30,18.3
함덕주,2023,LG,2023-04-29,vs. Kia,RP,,6.75,2.25,1 ⅓,24,1,1,2,0,2,1,0,,Home,잠실 야구장,17:00,13.1
함덕주,2023,LG,2023-04-27,vs. SSG,RP,H,0.0,0.0,1,10,0,0,0,0,1,0,0,,Home,잠실 야구장,18:30,18.5
함덕주,2023,LG,2023-04-25,vs. SSG,RP,,27.0,6.0,0 ⅓,12,1,1,0,0,0,2,0,,Home,잠실 야구장,18:30,11.0
함덕주,2023,LG,2023-04-23,@ Hanwha,RP,,0.0,0.75,1 ⅓,14,0,0,1,0,0,0,0,,Away,대전 한화생명 볼파크,14:00,20.2
함덕주,2023,LG,2023-04-21,@ Hanwha,RP,H,0.0,0.0,1,15,0,0,0,0,0,0,0,,Away,대전 한화생명 볼파크,18:30,21.6
함덕주,2023,LG,2023-04-20,vs. NC,RP,H,0.0,0.0,0 ⅔,6,0,0,0,0,1,0,0,,Home,잠실 야구장,18:30,16.0
함덕주,2023,LG,2023-04-18,vs. NC,RP,,9.0,1.0,1,14,1,1,1,0,0,0,0,,Home,잠실 야구장,18:30,18.2
함덕주,2023,LG,2023-04-15,vs. Doosan,RP,,0.0,3.0,0 ⅔,12,1,0,2,0,0,0,0,,Home,잠실 야구장,17:00,16.3
함덕주,2023,LG,2023-04-12,@ Lotte,RP,,27.0,3.0,0 ⅓,12,1,1,0,0,0,1,0,,Away,사직 야구장,18:30,15.2
함덕주,2023,LG,2023-04-11,@ Lotte,RP,,0.0,1.5,0 ⅔,17,0,0,1,0,1,0,0,,Away,사직 야구장,18:30,17.6
함덕주,2023,LG,2023-04-09,vs. Samsung,RP,,0.0,,0,4,0,0,0,0,0,1,0,,Home,잠실 야구장,14:00,17.4
함덕주,2023,LG,2023-04-08,vs. Samsung,RP,H,0.0,3.0,0 ⅔,20,0,0,1,0,0,1,0,,Home,잠실 야구장,17:00,13.3
함덕주,2023,LG,2023-04-06,@ Kiwoom,RP,,0.0,0.0,1,9,0,0,0,0,1,0,0,,Away,고척 스카이돔,18:30,25.5
함덕주,2023,LG,2023-04-04,@ Kiwoom,RP,,0.0,1.0,1,20,0,0,1,0,1,0,0,,Away,고척 스카이돔,18:30,25.5
함덕주,2023,LG,2023-04-02,@ KT,RP,W,0.0,0.0,2,29,0,0,0,0,4,0,0,,Away,수원 KT 위즈파크,14:00,23.1
함덕주,2022,LG,2022-05-05,vs. Doosan,RP,,0.0,0.0,1,16,0,0,0,0,0,0,0,,Home,잠실 야구장,14:00,24.8
함덕주,2022,LG,2022-05-04,vs. Doosan,RP,,13.5,3.0,0 ⅔,11,1,1,1,0,0,1,1,,Home,잠실 야구장,18:30,22.3
함덕주,2022,LG,2022-05-01,vs. Lotte,RP,,13.5,3.0,0 ⅔,13,1,1,1,0,0,1,0,,Home,잠실 야구장,14:00,18.5
함덕주,2022,LG,2022-04-29,vs. Lotte,RP,,0.0,0.5,2,27,0,0,1,0,2,0,0,,Home,잠실 야구장,18:30,15.0
함덕주,2022,LG,2022-04-27,@ Samsung,RP,,0.0,3.0,1,24,0,0,2,0,2,1,0,,Away,대구 삼성 라이온즈 파크,18:30,16.0
함덕주,2022,LG,2022-04-23,@ Doosan,RP,,0.0,0.0,1 ⅓,18,0,0,0,0,1,0,0,,Away,잠실 야구장,17:00,24.7
함덕주,2022,LG,2022-04-20,vs. KT,RP,,0.0,2.0,1,19,0,0,1,0,0,1,0,,Home,잠실 야구장,18:30,20.2
함덕주,2022,LG,2022-04-16,@ Hanwha,RP,,0.0,,0,19,1,1,0,0,0,3,0,,Away,대전 한화생명 볼파크,17:00,20.2
함덕주,2022,LG,2022-04-14,vs. SSG,RP,,0.0,1.0,1,17,0,0,0,0,1,1,0,,Home,잠실 야구장,18:30,15.0
함덕주,2022,LG,2022-04-12,vs. SSG,RP,,0.0,0.5,2,27,0,0,0,0,4,1,0,,Home,잠실 야구장,18:30,17.9
함덕주,2022,LG,2022-04-08,vs. NC,RP,,0.0,2.0,1,18,0,0,2,0,1,0,0,,Home,잠실 야구장,18:30,18.4
함덕주,2022,LG,2022-04-05,@ Kiwoom,RP,,0.0,1.0,1,18,0,0,0,0,2,1,0,,Away,고척 스카이돔,18:30,25.5
함덕주,2022,LG,2022-04-03,@ Kia,RP,,0.0,,0,10,0,0,1,0,0,1,0,,Away,광주 기아 챔피언스 필드,14:00,16.9
함덕주,2021,LG,2021-10-25,vs. Lotte,RP,,0.0,,0,3,0,0,1,0,0,0,0,,Home,잠실 야구장,18:30,14.3
함덕주,2021,LG,2021-10-24,@ Doosan,RP,,0.0,1.0,1,14,1,0,1,0,1,0,0,,Away,잠실 야구장,14:00,16.7
함덕주,2021,LG,2021-10-20,vs. Kiwoom,RP,,0.0,1.5,2,26,0,0,2,0,1,1,0,,Home,잠실 야구장,18:30,12.3
함덕주,2021,LG,2021-10-17,@ NC,RP,,0.0,1.0,1,14,0,0,1,0,2,0,0,,Away,창원 NC 파크,14:00,13.2
함덕주,2021,LG,2021-10-14,@ Lotte,RP,,0.0,0.0,1,11,0,0,0,0,0,0,0,,Away,사직 야구장,18:30,22.2
함덕주,2021,LG,2021-10-11,vs. KT,RP,L,13.5,1.5,0 ⅔,13,1,1,0,0,0,1,0,,Home,잠실 야구장,18:30,16.7
함덕주,2021,LG,2021-09-21,@ Hanwha,RP,,9.0,1.0,1,15,1,1,1,1,0,0,0,,Away,대전 한화생명 볼파크,18:30,25.8
함덕주,2021,LG,2021-09-17,@ NC,RP,,13.5,1.5,0 ⅔,9,1,1,1,1,1,0,0,,Away,창원 NC 파크,18:30,22.8
함덕주,2021,LG,2021-09-14,@ Samsung,RP,H,0.0,3.0,0 ⅔,11,0,0,2,0,0,0,0,,Away,대구 삼성 라이온즈 파크,18:30,24.4
함덕주,2021,LG,2021-05-09,vs. Hanwha,RP,L,6.75,1.5,1 ⅓,35,1,1,0,0,1,2,0,,Home,잠실 야구장,14:00,20.9
함덕주,2021,LG,2021-05-06,@ Doosan,RP,,0.0,1.0,1,14,0,0,0,0,0,1,0,,Away,잠실 야구장,18:30,19.8
함덕주,2021,LG,2021-05-02,@ Samsung,RP,,0.0,0.0,1,14,0,0,0,0,1,0,0,,Away,대구 삼성 라이온즈 파크,14:00,14.1
함덕주,2021,LG,2021-04-21,vs. Kia,SP,,7.71,3.86,2 ⅓,59,2,2,7,0,2,2,0,35.0,Home,잠실 야구장,18:30,26.1
함덕주,2021,LG,2021-04-15,@ Kiwoom,SP,,3.0,1.0,3,49,1,1,3,0,3,0,0,52.0,Away,고척 스카이돔,18:30,25.5
함덕주,2021,LG,2021-04-09,vs. SSG,SP,,9.0,1.67,3,72,3,3,1,0,3,4,3,41.0,Home,잠실 야구장,18:30,18.0
함덕주,2021,LG,2021-04-04,@ NC,RP,W,0.0,1.5,1 ⅓,32,0,0,0,0,3,2,0,,Away,창원 NC 파크,14:00,11.2
함덕주,2020,Doosan,2020-10-29,@ Kia,RP,,0.0,0.0,1,20,0,0,0,0,1,0,0,,Away,광주 기아 챔피언스 필드,18:30,14.1
함덕주,2020,Doosan,2020-10-10,@ KT,SP,,13.5,3.75,1 ⅓,44,2,2,4,0,1,1,0,38.0,Away,수원 KT 위즈파크,17:00,19.6
함덕주,2020,Doosan,2020-10-04,vs. Kia,SP,W,1.8,0.8,5,75,1,1,3,1,6,1,0,62.0,Home,잠실 야구장,14:00,21.3
함덕주,2020,Doosan,2020-09-27,vs. Kiwoom,SP,,1.93,1.71,4 ⅔,78,1,1,6,0,4,2,0,50.0,Home,잠실 야구장,14:00,24.6
함덕주,2020,Doosan,2020-09-19,vs. LG,SP,,11.25,2.5,4,77,5,5,9,1,2,1,0,25.0,Home,잠실 야구장,17:00,24.1
함덕주,2020,Doosan,2020-09-13,@ Kiwoom,SP,,6.23,2.08,4 ⅓,91,3,3,5,0,6,4,0,43.0,Away,고척 스카이돔,14:00,25.5
함덕주,2020,Doosan,2020-09-06,vs. SK,SP,W,0.0,0.17,6,62,0,0,1,0,5,0,0,75.0,Home,잠실 야구장,14:00,24.7
함덕주,2020,Doosan,2020-08-20,vs. Lotte,RP,,0.0,3.0,0 ⅓,6,0,0,0,0,0,1,0,,Home,잠실 야구장,18:30,31.0
함덕주,2020,Doosan,2020-08-01,@ NC,RP,,27.0,6.0,0 ⅔,28,2,2,3,0,0,1,0,,Away,창원 NC 파크,18:00,29.2
함덕주,2020,Doosan,2020-07-31,@ NC,RP,L,0.0,,0,13,3,3,4,0,0,0,0,,Away,창원 NC 파크,18:30,30.7
함덕주,2020,Doosan,2020-07-25,vs. LG,RP,,0.0,1.0,1,17,0,0,1,0,3,0,0,,Home,잠실 야구장,18:00,26.9
함덕주,2020,Doosan,2020-07-19,@ Kia,RP,,0.0,2.0,1,29,0,0,0,0,1,2,0,,Away,광주 기아 챔피언스 필드,17:00,30.5
함덕주,2020,Doosan,2020-07-16,vs. SK,RP,SV,0.0,1.0,1,12,0,0,1,0,1,0,0,,Home,잠실 야구장,18:30,29.3
함덕주,2020,Doosan,2020-07-15,vs. SK,RP,SV,0.0,0.0,1 ⅓,18,0,0,0,0,2,0,0,,Home,잠실 야구장,18:30,27.4
함덕주,2020,Doosan,2020-07-07,vs. LG,RP,,9.0,2.0,1,23,1,1,2,0,1,0,0,,Home,잠실 야구장,18:30,28.0
함덕주,2020,Doosan,2020-07-05,vs. Hanwha,RP,SV,0.0,0.0,1,12,0,0,0,0,3,0,0,,Home,잠실 야구장,17:00,26.9
함덕주,2020,Doosan,2020-07-03,vs. Hanwha,RP,W,0.0,1.5,1 ⅓,26,0,0,1,0,1,1,0,,Home,잠실 야구장,18:30,26.5
함덕주,2020,Doosan,2020-06-27,vs. NC,RP,W,0.0,1.5,0 ⅔,15,0,0,0,0,2,1,0,,Home,잠실 야구장,17:00,28.4
함덕주,2020,Doosan,2020-06-20,@ LG,RP,SV,9.0,1.5,2,40,2,2,3,0,2,0,0,,Away,잠실 야구장,17:00,28.2
함덕주,2020,Doosan,2020-06-18,vs. Samsung,RP,,0.0,0.0,1,10,0,0,0,0,0,0,0,,Home,잠실 야구장,18:30,26.1
함덕주,2020,Doosan,2020-06-13,@ Hanwha,RP,,0.0,3.0,0 ⅔,11,0,0,1,0,0,1,0,,Away,대전 한화생명 볼파크,17:00,30.2
함덕주,2020,Doosan,2020-06-12,@ Hanwha,RP,,13.5,4.5,0 ⅔,24,2,1,2,0,0,1,0,,Away,대전 한화생명 볼파크,18:30,27.8
함덕주,2020,Doosan,2020-06-07,vs. Kia,RP,H,0.0,1.5,0 ⅔,8,0,0,0,0,0,1,0,,Home,잠실 야구장,17:00,27.8
함덕주,2020,Doosan,2020-06-05,vs. Kia,RP,SV,0.0,0.0,1 ⅔,20,0,0,0,0,4,0,0,,Home,잠실 야구장,18:30,27.4
함덕주,2020,Doosan,2020-06-02,@ KT,RP,SV,0.0,0.0,0 ⅓,15,0,0,0,0,2,0,0,,Away,수원 KT 위즈파크,18:30,21.8
함덕주,2020,Doosan,2020-05-30,vs. Lotte,RP,,0.0,1.2,1 ⅔,27,0,0,2,0,1,0,0,,Home,잠실 야구장,17:00,28.5
함덕주,2020,Doosan,2020-05-29,vs. Lotte,RP,SV,0.0,0.0,1,10,0,0,0,0,0,0,0,,Home,잠실 야구장,18:30,25.9
함덕주,2020,Doosan,2020-05-27,vs. SK,RP,SV,0.0,0.5,2,23,0,0,1,0,1,0,0,,Home,잠실 야구장,18:30,21.6
함덕주,2020,Doosan,2020-05-23,@ Samsung,RP,,0.0,2.0,1,19,0,0,2,0,1,0,0,,Away,대구 삼성 라이온즈 파크,17:00,20.0
함덕주,2020,Doosan,2020-05-22,@ Samsung,RP,SV,0.0,0.0,1 ⅔,16,0,0,0,0,1,0,0,,Away,대구 삼성 라이온즈 파크,18:30,17.4
함덕주,2020,Doosan,2020-05-20,vs. NC,RP,W,0.0,0.0,1,13,0,0,0,0,1,0,0,,Home,잠실 야구장,18:30,17.7
함덕주,2020,Doosan,2020-05-17,@ Kia,RP,SV,0.0,3.0,0 ⅓,10,0,0,0,0,0,1,0,,Away,광주 기아 챔피언스 필드,14:00,26.6
함덕주,2020,Doosan,2020-05-13,@ Lotte,RP,,13.5,2.25,1 ⅓,29,2,2,1,0,1,2,0,,Away,사직 야구장,18:30,21.0
함덕주,2020,Doosan,2020-05-12,@ Lotte,RP,,0.0,0.0,1,9,0,0,0,0,1,0,0,,Away,사직 야구장,18:30,17.8
함덕주,2020,Doosan,2020-05-10,vs. KT,RP,,0.0,,0,14,1,1,2,0,0,0,0,,Home,잠실 야구장,14:00,16.5
함덕주,2020,Doosan,2020-05-06,@ LG,RP,H,0.0,0.6,1 ⅔,28,0,0,1,0,1,0,0,,Away,잠실 야구장,18:30,25.9
정우영,2024,LG,2024-09-25,vs. Hanwha,RP,,0.0,0.0,0 ⅔,1,0,0,0,0,0,0,0,,Home,잠실 야구장,18:30,26.4
정우영,2024,LG,2024-09-21,vs. Doosan,RP,,10.8,1.2,1 ⅔,26,2,2,2,0,2,0,1,,Home,잠실 야구장,17:00,23.1
정우영,2024,LG,2024-09-08,vs. Hanwha,RP,,0.0,3.0,1,21,0,0,2,0,2,1,0,,Home,잠실 야구장,14:00,31.0
정우영,2024,LG,2024-09-03,@ Kia,RP,,13.5,3.0,0 ⅔,11,1,1,2,0,0,0,0,,Away,광주 기아 챔피언스 필드,18:30,29.6
정우영,2024,LG,2024-08-17,vs. Kia,RP,,81.0,9.0,0 ⅓,18,3,3,1,0,1,2,0,,Home,잠실 야구장,18:00,32.6
정우영,2024,LG,2024-08-09,vs. NC,RP,H,0.0,3.0,1,22,0,0,0,0,0,3,0,,Home,잠실 야구장,18:30,33.1
정우영,2024,LG,2024-08-08,@ Doosan,RP,,0.0,1.0,1,12,0,0,0,0,0,1,0,,Away,잠실 야구장,18:30,31.8
정우영,2024,LG,2024-08-06,@ Doosan,RP,,0.0,3.0,1,20,0,0,3,0,1,0,0,,Away,잠실 야구장,18:30,33.7
정우영,2024,LG,2024-07-28,vs. Hanwha,RP,,13.5,1.5,0 ⅔,16,1,1,1,0,1,0,1,,Home,잠실 야구장,17:00,31.7
정우영,2024,LG,2024-07-25,@ Lotte,RP,W,0.0,2.0,1,24,0,0,1,0,0,1,0,,Away,사직 야구장,18:30,31.0
정우영,2024,LG,2024-07-23,@ Lotte,RP,,13.5,1.5,0 ⅔,9,1,1,1,0,0,0,0,,Away,사직 야구장,18:30,31.0
정우영,2024,LG,2024-07-17,vs. SSG,RP,H,0.0,1.0,1,8,0,0,1,0,0,0,0,,Home,잠실 야구장,18:30,27.6
정우영,2024,LG,2024-07-13,@ Hanwha,RP,,0.0,0.0,0 ⅔,7,0,0,0,0,0,0,1,,Away,대전 한화생명 볼파크,18:00,29.6
정우영,2024,LG,2024-07-12,@ Hanwha,RP,,0.0,1.0,1,15,0,0,1,0,1,0,0,,Away,대전 한화생명 볼파크,18:30,30.4
정우영,2024,LG,2024-07-10,vs. Kia,RP,,0.0,3.0,0 ⅓,8,0,0,1,0,0,0,0,,Home,잠실 야구장,18:30,30.8
정우영,2024,LG,2024-07-02,@ Kiwoom,RP,L,0.0,,0,7,3,3,3,0,0,0,0,,Away,고척 스카이돔,18:30,25.5
정우영,2024,LG,2024-06-30,@ NC,RP,W,0.0,1.0,1,11,0,0,1,0,0,0,0,,Away,창원 NC 파크,17:00,27.5
정우영,2024,LG,2024-06-28,@ NC,RP,,0.0,6.0,0 ⅓,21,3,0,1,0,0,1,0,,Away,창원 NC 파크,18:30,27.3
정우영,2024,LG,2024-06-26,vs. Samsung,RP,,0.0,1.0,1,13,0,0,1,0,1,0,0,,Home,잠실 야구장,18:30,28.6
정우영,2024,LG,2024-06-23,vs. KT,RP,,0.0,1.0,1,10,0,0,1,0,0,0,0,,Home,잠실 야구장,17:00,28.6
정우영,2024,LG,2024-06-21,vs. KT,RP,H,0.0,0.0,1,10,0,0,0,0,2,0,0,,Home,잠실 야구장,18:30,29.5
정우영,2024,LG,2024-05-10,@ Lotte,RP,,0.0,1.0,1,15,0,0,1,0,1,0,1,,Away,사직 야구장,18:30,20.0
정우영,2024,LG,2024-05-07,vs. SSG,RP,,13.5,3.0,0 ⅔,17,1,1,2,0,0,0,1,,Home,잠실 야구장,18:30,14.5
정우영,2024,LG,2024-05-03,vs. Doosan,RP,,0.0,1.0,1,14,0,0,1,0,2,0,0,,Home,잠실 야구장,18:30,26.2
정우영,2024,LG,2024-05-01,@ NC,RP,,0.0,2.0,1,22,0,0,2,0,2,0,1,,Away,창원 NC 파크,18:30,17.0
정우영,2024,LG,2024-04-28,vs. Kia,RP,,0.0,2.0,1,12,0,0,2,0,0,0,0,,Home,잠실 야구장,14:00,27.6
정우영,2024,LG,2024-04-26,vs. Kia,RP,,0.0,2.0,1,19,0,0,0,0,1,2,0,,Home,잠실 야구장,18:30,23.8
정우영,2023,LG,2023-10-15,vs. Doosan,RP,,0.0,0.0,0 ⅓,5,0,0,0,0,0,0,1,,Home,잠실 야구장,14:00,20.7
정우영,2023,LG,2023-10-14,vs. Doosan,RP,L,9.0,2.0,1,23,1,1,1,0,0,1,0,,Home,잠실 야구장,17:00,17.1
정우영,2023,LG,2023-10-10,vs. Lotte,RP,,0.0,0.0,1,15,0,0,0,0,2,0,0,,Home,잠실 야구장,18:30,20.5
정우영,2023,LG,2023-09-10,@ Kia,RP,L,27.0,3.0,0 ⅓,12,1,1,1,0,0,0,0,,Away,광주 기아 챔피언스 필드,14:00,29.4
정우영,2023,LG,2023-09-09,@ Kia,RP,,27.0,6.0,0 ⅓,15,1,1,1,0,0,1,0,,Away,광주 기아 챔피언스 필드,17:00,29.1
정우영,2023,LG,2023-09-07,@ KT,RP,,0.0,0.0,1,10,0,0,0,0,0,0,0,,Away,수원 KT 위즈파크,18:30,28.3
정우영,2023,LG,2023-09-05,@ KT,RP,W,0.0,0.0,1,12,0,0,0,0,0,0,1,,Away,수원 KT 위즈파크,18:30,31.2
정우영,2023,LG,2023-09-01,vs. Hanwha,RP,,0.0,0.0,1,12,0,0,0,0,2,0,0,,Home,잠실 야구장,18:30,27.8
정우영,2023,LG,2023-08-27,@ NC,RP,,4.5,2.0,2,35,1,1,3,0,1,1,0,,Away,창원 NC 파크,17:00,30.8
정우영,2023,LG,2023-08-25,@ NC,RP,,18.0,3.0,1,25,2,2,2,1,2,1,0,,Away,창원 NC 파크,18:30,29.8
정우영,2023,LG,2023-08-12,vs. Kiwoom,RP,,0.0,,0,9,1,1,1,0,0,0,1,,Home,잠실 야구장,18:00,26.4
정우영,2023,LG,2023-08-06,@ Samsung,RP,,54.0,12.0,0 ⅓,21,2,2,2,0,1,2,0,,Away,대구 삼성 라이온즈 파크,17:00,33.0
정우영,2023,LG,2023-08-05,@ Samsung,RP,,0.0,2.0,1,7,0,0,2,0,0,0,0,,Away,대구 삼성 라이온즈 파크,18:00,31.9
정우영,2023,LG,2023-08-03,vs. Kiwoom,RP,W,0.0,2.0,1,17,0,0,1,0,1,1,1,,Home,잠실 야구장,18:30,32.8
정우영,2023,LG,2023-08-02,vs. Kiwoom,RP,,13.5,4.5,0 ⅔,24,3,1,3,0,0,0,0,,Home,잠실 야구장,18:30,31.7
정우영,2023,LG,2023-07-29,@ Doosan,RP,,9.0,3.0,1,19,1,1,2,0,0,1,0,,Away,잠실 야구장,18:00,32.3
정우영,2023,LG,2023-07-27,@ KT,RP,W,0.0,0.75,1 ⅓,24,0,0,1,0,2,0,0,,Away,수원 KT 위즈파크,18:30,32.5
정우영,2023,LG,2023-07-26,@ KT,RP,,0.0,1.0,1,15,0,0,1,0,2,0,0,,Away,수원 KT 위즈파크,18:30,29.0
정우영,2023,LG,2023-07-21,vs. SSG,RP,,0.0,1.0,1,17,0,0,1,0,0,0,0,,Home,잠실 야구장,18:30,33.3
정우영,2023,LG,2023-07-09,@ Lotte,RP,,0.0,3.0,0 ⅓,8,0,0,0,0,0,1,1,,Away,사직 야구장,17:00,28.2
정우영,2023,LG,2023-07-06,vs. KT,RP,W,0.0,2.0,1,17,0,0,2,0,1,0,0,,Home,잠실 야구장,18:30,30.9
정우영,2023,LG,2023-07-02,vs. Kia,RP,W,0.0,0.0,1,15,0,0,0,0,0,0,0,,Home,잠실 야구장,17:00,31.3
정우영,2023,LG,2023-07-01,vs. Kia,RP,,0.0,0.75,1 ⅓,20,0,0,1,0,3,0,0,,Home,잠실 야구장,18:00,31.6
정우영,2023,LG,2023-06-28,@ SSG,RP,,0.0,1.0,1,13,0,0,1,0,1,0,0,,Away,인천 SSG 랜더스필드,18:30,26.5
정우영,2023,LG,2023-06-25,vs. Lotte,RP,,0.0,1.5,0 ⅔,19,0,0,1,0,1,0,1,,Home,잠실 야구장,17:00,31.2
정우영,2023,LG,2023-06-22,@ NC,RP,,0.0,1.0,1,23,0,0,1,0,1,0,2,,Away,창원 NC 파크,18:30,27.3
정우영,2023,LG,2023-06-18,vs. Doosan,RP,,18.0,5.0,1,26,2,2,5,0,0,0,0,,Home,잠실 야구장,17:00,30.8
정우영,2023,LG,2023-06-16,vs. Doosan,RP,,0.0,,0,9,2,0,2,0,0,1,0,,Home,잠실 야구장,18:30,27.2
정우영,2023,LG,2023-06-14,vs. Samsung,RP,H,0.0,1.0,1,18,0,0,1,0,0,0,0,,Home,잠실 야구장,18:30,25.0
정우영,2023,LG,2023-06-13,vs. Samsung,RP,,0.0,1.0,1,17,0,0,1,0,1,0,0,,Home,잠실 야구장,18:30,23.9
정우영,2023,LG,2023-06-11,@ Hanwha,RP,,0.0,1.0,1,12,0,0,0,0,0,1,0,,Away,대전 한화생명 볼파크,17:00,27.3
정우영,2023,LG,2023-06-07,@ Kiwoom,RP,,0.0,1.0,1,18,0,0,1,0,3,0,0,,Away,고척 스카이돔,18:30,25.5
정우영,2023,LG,2023-06-06,@ Kiwoom,RP,,0.0,2.0,1,17,0,0,1,0,1,1,0,,Away,고척 스카이돔,18:30,25.5
정우영,2023,LG,2023-06-04,vs. NC,RP,,0.0,0.0,1,11,0,0,0,0,0,0,1,,Home,잠실 야구장,17:00,25.2
정우영,2023,LG,2023-06-02,vs. NC,RP,,108.0,9.0,0 ⅓,18,4,4,2,0,0,1,1,,Home,잠실 야구장,18:30,25.1
정우영,2023,LG,2023-06-01,vs. Lotte,RP,,9.0,2.0,1,22,1,1,1,0,1,1,0,,Home,잠실 야구장,18:30,26.0
정우영,2023,LG,2023-05-30,vs. Lotte,RP,H,0.0,1.0,1,8,0,0,1,0,0,0,0,,Home,잠실 야구장,18:30,25.6
정우영,2023,LG,2023-05-28,@ Kia,RP,,0.0,1.0,1,12,0,0,1,0,1,0,0,,Away,광주 기아 챔피언스 필드,14:00,24.6
정우영,2023,LG,2023-05-26,@ Kia,RP,H,0.0,0.0,1,9,0,0,0,0,0,0,0,,Away,광주 기아 챔피언스 필드,18:30,23.0
정우영,2023,LG,2023-05-24,@ SSG,RP,,0.0,1.0,1,8,0,0,1,0,0,0,1,,Away,인천 SSG 랜더스필드,18:30,20.5
정우영,2023,LG,2023-05-21,vs. Hanwha,RP,H,0.0,0.0,1,16,0,0,0,0,3,0,1,,Home,잠실 야구장,14:00,21.2
정우영,2023,LG,2023-05-19,vs. Hanwha,RP,H,0.0,1.0,1,20,0,0,1,0,2,0,0,,Home,잠실 야구장,18:30,25.6
정우영,2023,LG,2023-05-18,vs. KT,RP,,0.0,0.0,1,14,0,0,0,0,0,0,0,,Home,잠실 야구장,18:30,22.5
정우영,2023,LG,2023-05-16,vs. KT,RP,,13.5,3.0,0 ⅔,23,1,1,1,0,1,1,0,,Home,잠실 야구장,18:30,28.8
정우영,2023,LG,2023-05-13,@ Samsung,RP,,0.0,0.0,1,13,0,0,0,0,2,0,0,,Away,대구 삼성 라이온즈 파크,17:00,15.6
정우영,2023,LG,2023-05-10,vs. Kiwoom,RP,L,81.0,9.0,0 ⅓,24,3,3,2,0,0,1,0,,Home,잠실 야구장,18:30,24.6
정우영,2023,LG,2023-05-07,@ Doosan,RP,,0.0,0.0,1,15,0,0,0,0,1,0,0,,Away,잠실 야구장,14:00,17.2
정우영,2023,LG,2023-04-30,vs. Kia,RP,,0.0,3.0,0 ⅔,17,3,0,2,0,1,0,0,,Home,잠실 야구장,14:00,16.9
정우영,2023,LG,2023-04-28,vs. Kia,RP,H,0.0,0.0,1,12,0,0,0,0,1,0,0,,Home,잠실 야구장,18:30,17.8
정우영,2023,LG,2023-04-23,@ Hanwha,RP,L,0.0,,0,9,3,2,3,0,0,0,0,,Away,대전 한화생명 볼파크,14:00,20.2
정우영,2023,LG,2023-04-22,@ Hanwha,RP,H,0.0,0.0,1 ⅓,17,0,0,0,0,0,0,0,,Away,대전 한화생명 볼파크,17:00,20.0
정우영,2023,LG,2023-04-20,vs. NC,RP,,27.0,6.0,0 ⅓,11,1,1,2,0,0,0,0,,Home,잠실 야구장,18:30,16.0
정우영,2023,LG,2023-04-19,vs. NC,RP,H,0.0,2.0,1,16,0,0,2,0,0,0,0,,Home,잠실 야구장,18:30,25.6
정우영,2023,LG,2023-04-16,vs. Doosan,RP,L,0.0,1.5,0 ⅔,11,3,0,1,0,0,0,1,,Home,잠실 야구장,14:00,14.4
정우영,2023,LG,2023-04-15,vs. Doosan,RP,H,0.0,0.0,1,8,0,0,0,0,0,0,1,,Home,잠실 야구장,17:00,16.3
정우영,2023,LG,2023-04-11,@ Lotte,RP,L,27.0,9.0,0 ⅓,14,2,1,2,0,0,1,0,,Away,사직 야구장,18:30,17.6
정우영,2023,LG,2023-04-09,vs. Samsung,RP,,0.0,0.0,1,8,0,0,0,0,0,0,0,,Home,잠실 야구장,14:00,17.4
정우영,2023,LG,2023-04-08,vs. Samsung,RP,H,0.0,0.0,1 ⅓,13,0,0,0,0,0,0,0,,Home,잠실 야구장,17:00,13.3
정우영,2023,LG,2023-04-04,@ Kiwoom,RP,H,9.0,1.0,1,20,1,1,1,0,2,0,1,,Away,고척 스카이돔,18:30,25.5
정우영,2023,LG,2023-04-02,@ KT,RP,,0.0,1.0,1,18,0,0,1,0,1,0,0,,Away,수원 KT 위즈파크,14:00,23.1
정우영,2022,LG,2022-10-11,vs. KT,RP,,0.0,0.6,1 ⅔,22,0,0,0,0,1,1,0,,Home,잠실 야구장,18:30,14.4
정우영,2022,LG,2022-10-05,@ Kia,RP,H,0.0,0.0,0 ⅔,9,0,0,0,0,2,0,0,,Away,광주 기아 챔피언스 필드,18:30,17.2
정우영,2022,LG,2022-10-01,vs. NC,RP,,0.0,0.0,1,12,0,0,0,0,0,0,0,,Home,잠실 야구장,17:00,25.1
정우영,2022,LG,2022-09-30,vs. NC,RP,H,0.0,0.0,1,11,0,0,0,0,1,0,0,,Home,잠실 야구장,18:30,24.3
정우영,2022,LG,2022-09-27,@ Hanwha,RP,H,0.0,0.0,0 ⅔,12,0,0,0,0,2,0,0,,Away,대전 한화생명 볼파크,18:30,22.9
정우영,2022,LG,2022-09-25,@ SSG,RP,,0.0,1.5,0 ⅔,11,0,0,0,0,0,1,0,,Away,인천 SSG 랜더스필드,14:00,22.5
정우영,2022,LG,2022-09-23,vs. Lotte,RP,H,0.0,1.5,0 ⅔,10,0,0,0,0,1,1,0,,Home,잠실 야구장,18:30,18.5
정우영,2022,LG,2022-09-20,@ Kia,RP,H,0.0,0.0,0 ⅔,6,0,0,0,0,0,0,0,,Away,광주 기아 챔피언스 필드,18:30,22.6
정우영,2022,LG,2022-09-17,vs. Hanwha,RP,,13.5,3.0,0 ⅔,21,1,1,1,0,1,1,0,,Home,잠실 야구장,17:00,30.0
정우영,2022,LG,2022-09-15,vs. KT,RP,H,0.0,1.5,0 ⅔,7,0,0,1,0,0,0,0,,Home,잠실 야구장,18:30,27.9
정우영,2022,LG,2022-09-14,@ Doosan,RP,,0.0,3.0,0 ⅓,12,1,0,1,0,0,0,0,,Away,잠실 야구장,18:30,24.7
정우영,2022,LG,2022-09-08,@ Kiwoom,RP,,0.0,1.5,0 ⅔,5,0,0,1,0,1,0,0,,Away,고척 스카이돔,18:30,25.5
정우영,2022,LG,2022-09-07,vs. SSG,RP,,0.0,1.5,0 ⅔,13,0,0,0,0,0,1,1,,Home,잠실 야구장,18:30,25.0
정우영,2022,LG,2022-09-02,@ KT,RP,,13.5,3.0,0 ⅔,21,1,1,1,0,2,1,0,,Away,수원 KT 위즈파크,18:30,27.5
정우영,2022,LG,2022-08-31,vs. NC,RP,H,0.0,0.0,0 ⅓,6,0,0,0,0,1,0,1,,Home,잠실 야구장,18:30,26.0
정우영,2022,LG,2022-08-28,vs. Kiwoom,RP,H,0.0,0.75,1 ⅓,23,0,0,0,0,1,1,1,,Home,잠실 야구장,17:00,26.7
정우영,2022,LG,2022-08-27,vs. Kiwoom,RP,H,0.0,0.0,0 ⅓,3,0,0,0,0,0,0,0,,Home,잠실 야구장,18:00,24.0
정우영,2022,LG,2022-08-23,@ Hanwha,RP,,0.0,3.0,0 ⅔,16,0,0,2,0,0,0,0,,Away,대전 한화생명 볼파크,18:30,26.9
정우영,2022,LG,2022-08-21,vs. Doosan,RP,,0.0,0.0,1,9,0,0,0,0,0,0,0,,Home,잠실 야구장,17:00,32.2
정우영,2022,LG,2022-08-17,vs. Samsung,RP,H,27.0,6.0,0 ⅓,9,1,1,2,1,0,0,0,,Home,잠실 야구장,18:30,29.3
정우영,2022,LG,2022-08-16,vs. Samsung,RP,H,0.0,0.0,1,10,0,0,0,0,1,0,0,,Home,잠실 야구장,18:30,30.0
정우영,2022,LG,2022-08-12,@ Hanwha,RP,H,9.0,1.0,1,27,1,1,1,0,1,0,1,,Away,대전 한화생명 볼파크,18:30,30.9
정우영,2022,LG,2022-08-07,vs. Kiwoom,RP,H,0.0,3.0,0 ⅓,6,0,0,1,0,0,0,0,,Home,잠실 야구장,17:00,32.4
정우영,2022,LG,2022-08-05,vs. Kiwoom,RP,,0.0,3.0,0 ⅓,4,0,0,1,0,0,0,0,,Home,잠실 야구장,18:30,32.4
정우영,2022,LG,2022-08-02,@ Lotte,RP,L,81.0,9.0,0 ⅓,12,3,3,2,0,0,1,0,,Away,사직 야구장,18:30,30.4
정우영,2022,LG,2022-07-30,vs. KT,RP,H,0.0,1.0,1,11,0,0,1,0,1,0,0,,Home,잠실 야구장,18:00,33.0
정우영,2022,LG,2022-07-29,vs. KT,RP,,0.0,0.0,0 ⅔,8,0,0,0,0,0,0,0,,Home,잠실 야구장,18:30,33.5
정우영,2022,LG,2022-07-24,@ NC,RP,,0.0,1.5,0 ⅔,8,0,0,1,0,0,0,0,,Away,창원 NC 파크,17:00,30.3
정우영,2022,LG,2022-07-22,@ NC,RP,L,9.0,4.0,1,13,1,1,3,0,1,1,0,,Away,창원 NC 파크,18:30,26.7
정우영,2022,LG,2022-07-14,vs. Kia,RP,,0.0,0.0,0 ⅓,7,0,0,0,0,1,0,0,,Home,잠실 야구장,18:30,29.8
정우영,2022,LG,2022-07-09,@ Doosan,RP,H,0.0,0.0,1,15,0,0,0,0,0,0,0,,Away,잠실 야구장,18:00,31.6
정우영,2022,LG,2022-07-05,@ Samsung,RP,H,0.0,3.0,1,14,0,0,1,0,0,2,0,,Away,대구 삼성 라이온즈 파크,18:30,28.6
정우영,2022,LG,2022-07-03,vs. Lotte,RP,W,9.0,2.0,1,20,1,1,2,0,0,0,0,,Home,잠실 야구장,17:00,33.2
정우영,2022,LG,2022-07-01,vs. Lotte,RP,H,0.0,0.75,1 ⅓,13,0,0,1,0,0,0,0,,Home,잠실 야구장,18:30,30.9
정우영,2022,LG,2022-06-26,@ KT,RP,H,0.0,2.0,1,22,0,0,1,0,1,1,0,,Away,수원 KT 위즈파크,17:00,29.1
정우영,2022,LG,2022-06-25,@ KT,RP,H,0.0,1.0,1,8,0,0,1,0,0,0,0,,Away,수원 KT 위즈파크,17:00,29.5
정우영,2022,LG,2022-06-24,@ KT,RP,L,81.0,15.0,0 ⅓,18,3,3,3,0,0,2,0,,Away,수원 KT 위즈파크,18:30,25.6
정우영,2022,LG,2022-06-22,vs. Hanwha,RP,H,0.0,0.0,1 ⅔,25,0,0,0,0,2,0,0,,Home,잠실 야구장,18:30,29.0
정우영,2022,LG,2022-06-16,vs. Samsung,RP,H,0.0,1.5,0 ⅔,9,0,0,1,0,0,0,0,,Home,잠실 야구장,18:30,24.6
정우영,2022,LG,2022-06-12,vs. Doosan,RP,H,9.0,3.0,1,27,1,1,3,0,0,0,1,,Home,잠실 야구장,17:00,28.6
정우영,2022,LG,2022-06-11,vs. Doosan,RP,H,0.0,1.5,0 ⅔,9,0,0,0,0,1,1,0,,Home,잠실 야구장,17:00,30.3
정우영,2022,LG,2022-06-08,@ Kia,RP,H,0.0,1.5,0 ⅔,15,0,0,0,0,0,1,0,,Away,광주 기아 챔피언스 필드,18:30,23.5
정우영,2022,LG,2022-06-05,vs. SSG,RP,,0.0,0.0,1,13,0,0,0,0,1,0,0,,Home,잠실 야구장,17:00,22.8
정우영,2022,LG,2022-06-02,@ Lotte,RP,,0.0,1.5,1 ⅓,17,0,0,1,0,1,1,0,,Away,사직 야구장,18:30,22.6
정우영,2022,LG,2022-05-29,vs. Samsung,RP,,0.0,3.0,0 ⅔,10,0,0,2,0,0,0,0,,Home,잠실 야구장,14:00,28.1
정우영,2022,LG,2022-05-27,vs. Samsung,RP,H,0.0,0.75,1 ⅓,18,0,0,0,0,1,1,0,,Home,잠실 야구장,18:30,22.8
정우영,2022,LG,2022-05-22,@ SSG,RP,,0.0,,0,12,1,1,2,0,0,1,0,,Away,인천 SSG 랜더스필드,14:00,20.0
정우영,2022,LG,2022-05-20,@ SSG,RP,,5.4,1.2,1 ⅔,23,1,1,2,0,2,0,0,,Away,인천 SSG 랜더스필드,18:30,20.3
정우영,2022,LG,2022-05-19,@ KT,RP,H,0.0,0.0,0 ⅓,3,0,0,0,0,1,0,0,,Away,수원 KT 위즈파크,18:30,22.1
정우영,2022,LG,2022-05-17,@ KT,RP,,13.5,4.5,0 ⅔,21,1,1,2,1,0,1,0,,Away,수원 KT 위즈파크,18:30,23.5
정우영,2022,LG,2022-05-15,vs. Kia,RP,H,0.0,3.0,1,26,0,0,1,0,1,2,0,,Home,잠실 야구장,14:00,22.2
정우영,2022,LG,2022-05-14,vs. Kia,RP,H,0.0,0.0,1,8,0,0,0,0,0,0,0,,Home,잠실 야구장,17:00,18.5
정우영,2022,LG,2022-05-11,vs. Hanwha,RP,H,0.0,1.0,1,14,0,0,0,0,0,1,0,,Home,잠실 야구장,18:30,21.2
정우영,2022,LG,2022-05-08,@ NC,RP,H,0.0,2.0,1,15,0,0,2,0,0,0,0,,Away,창원 NC 파크,14:00,19.8
정우영,2022,LG,2022-05-06,@ NC,RP,,0.0,0.75,1 ⅓,20,0,0,0,0,0,1,0,,Away,창원 NC 파크,18:30,22.2
정우영,2022,LG,2022-05-03,vs. Doosan,RP,,0.0,2.0,1,20,0,0,1,0,1,1,0,,Home,잠실 야구장,18:30,18.8
정우영,2022,LG,2022-04-30,vs. Lotte,RP,,0.0,0.0,1,12,0,0,0,0,1,0,0,,Home,잠실 야구장,17:00,14.8
정우영,2022,LG,2022-04-28,@ Samsung,RP,W,0.0,0.0,0 ⅔,10,0,0,0,0,1,0,0,,Away,대구 삼성 라이온즈 파크,18:30,16.6
정우영,2022,LG,2022-04-27,@ Samsung,RP,H,0.0,0.75,1 ⅓,19,0,0,0,0,2,1,0,,Away,대구 삼성 라이온즈 파크,18:30,16.0
정우영,2022,LG,2022-04-24,@ Doosan,RP,,0.0,1.5,0 ⅔,5,0,0,1,0,0,0,0,,Away,잠실 야구장,14:00,24.1
정우영,2022,LG,2022-04-22,@ Doosan,RP,,0.0,0.0,1,14,0,0,0,0,1,0,0,,Away,잠실 야구장,18:30,14.9
정우영,2022,LG,2022-04-17,@ Hanwha,RP,,0.0,0.75,1 ⅓,26,0,0,0,0,1,1,0,,Away,대전 한화생명 볼파크,14:00,20.8
정우영,2022,LG,2022-04-13,vs. SSG,RP,,0.0,0.5,2,27,0,0,0,0,1,1,0,,Home,잠실 야구장,18:30,12.3
정우영,2022,LG,2022-04-10,vs. NC,RP,H,0.0,3.0,1,19,0,0,1,0,1,2,0,,Home,잠실 야구장,14:00,24.1
정우영,2022,LG,2022-04-05,@ Kiwoom,RP,H,9.0,1.0,1,12,1,1,1,1,1,0,0,,Away,고척 스카이돔,18:30,25.5
정우영,2022,LG,2022-04-03,@ Kia,RP,H,0.0,1.5,0 ⅔,9,0,0,0,0,0,1,0,,Away,광주 기아 챔피언스 필드,14:00,16.9
정우영,2022,LG,2022-04-02,@ Kia,RP,H,0.0,0.75,1 ⅓,22,0,0,0,0,1,1,1,,Away,광주 기아 챔피언스 필드,14:00,16.2
정우영,2021,LG,2021-10-30,@ Lotte,RP,,0.0,0.0,1,11,0,0,0,0,1,0,0,,Away,사직 야구장,17:00,17.9
정우영,2021,LG,2021-10-29,@ Lotte,RP,H,0.0,0.5,2,24,0,0,1,0,0,0,0,,Away,사직 야구장,18:30,16.0
정우영,2021,LG,2021-10-28,@ Hanwha,RP,,0.0,3.0,0 ⅓,9,0,0,1,0,0,0,0,,Away,대전 한화생명 볼파크,18:30,15.1
정우영,2021,LG,2021-10-26,@ Hanwha,RP,H,0.0,1.0,1,14,0,0,0,0,0,1,1,,Away,대전 한화생명 볼파크,18:30,15.5
정우영,2021,LG,2021-10-24,@ Doosan,RP,H,0.0,0.75,1 ⅓,20,0,0,0,0,0,1,0,,Away,잠실 야구장,14:00,16.7
정우영,2021,LG,2021-10-23,@ Doosan,RP,,0.0,1.0,1,20,0,0,0,0,1,1,0,,Away,잠실 야구장,17:00,16.0
정우영,2021,LG,2021-10-21,vs. Kiwoom,RP,,0.0,0.0,1 ⅔,16,0,0,0,0,1,0,0,,Home,잠실 야구장,18:30,12.3
정우영,2021,LG,2021-10-17,@ NC,RP,H,0.0,0.75,1 ⅓,20,0,0,1,0,1,0,0,,Away,창원 NC 파크,14:00,13.2
정우영,2021,LG,2021-10-16,@ NC,RP,,4.5,1.0,2,25,1,1,2,0,1,0,0,,Away,창원 NC 파크,17:00,15.4
정우영,2021,LG,2021-10-12,@ SSG,RP,,0.0,0.5,2,35,0,0,1,0,1,0,0,,Away,인천 SSG 랜더스필드,18:30,18.9
정우영,2021,LG,2021-10-09,vs. KT,RP,H,0.0,0.6,1 ⅔,24,0,0,1,0,1,0,0,,Home,잠실 야구장,17:00,24.0
정우영,2021,LG,2021-10-08,@ Kia,RP,,0.0,0.0,0 ⅔,12,0,0,0,0,1,0,0,,Away,광주 기아 챔피언스 필드,18:30,23.2
정우영,2021,LG,2021-10-06,vs. SSG,RP,H,0.0,0.0,1,13,0,0,0,0,0,0,0,,Home,잠실 야구장,18:30,19.2
정우영,2021,LG,2021-10-03,@ Kiwoom,RP,H,0.0,3.0,0 ⅓,8,0,0,0,0,1,1,0,,Away,고척 스카이돔,14:00,25.5
정우영,2021,LG,2021-10-01,vs. Doosan,RP,,0.0,3.0,0 ⅓,6,0,0,1,0,0,0,0,,Home,잠실 야구장,18:30,23.9
정우영,2021,LG,2021-09-28,vs. Lotte,RP,H,0.0,0.0,1,10,0,0,0,0,1,0,0,,Home,잠실 야구장,18:30,24.0
정우영,2021,LG,2021-09-25,@ KT,RP,,0.0,1.0,1,17,0,0,0,0,0,1,0,,Away,수원 KT 위즈파크,17:00,24.5
정우영,2021,LG,2021-09-24,vs. Samsung,RP,,0.0,0.0,1,7,0,0,0,0,1,0,0,,Home,잠실 야구장,18:30,25.5
정우영,2021,LG,2021-09-19,vs. Kia,RP,W,0.0,0.0,1,16,0,0,0,0,1,0,0,,Home,잠실 야구장,14:00,27.0
정우영,2021,LG,2021-09-15,@ Samsung,RP,H,0.0,1.5,0 ⅔,11,0,0,1,0,1,0,1,,Away,대구 삼성 라이온즈 파크,18:30,24.3
정우영,2021,LG,2021-09-14,@ Samsung,RP,,0.0,1.0,1,13,0,0,1,0,1,0,0,,Away,대구 삼성 라이온즈 파크,18:30,24.4
정우영,2021,LG,2021-09-10,vs. Hanwha,RP,H,0.0,2.0,1,22,0,0,1,0,1,1,0,,Home,잠실 야구장,18:30,27.3
정우영,2021,LG,2021-09-08,@ SSG,RP,,0.0,0.0,0 ⅓,4,0,0,0,0,0,0,0,,Away,인천 SSG 랜더스필드,18:30,25.2
정우영,2021,LG,2021-09-03,vs. NC,RP,L,40.5,6.0,0 ⅔,29,3,3,3,0,0,1,1,,Home,잠실 야구장,18:30,27.0
정우영,2021,LG,2021-09-02,vs. NC,RP,,0.0,0.0,0 ⅔,5,0,0,0,0,0,0,0,,Home,잠실 야구장,18:30,26.3
정우영,2021,LG,2021-08-28,vs. Kiwoom,RP,SV,0.0,0.0,1,14,0,0,0,0,2,0,0,,Home,잠실 야구장,18:00,27.3
정우영,2021,LG,2021-08-26,vs. Samsung,RP,W,0.0,1.5,0 ⅔,13,0,0,0,0,0,1,1,,Home,잠실 야구장,18:30,29.5
정우영,2021,LG,2021-08-25,vs. Samsung,RP,H,0.0,0.0,1,5,0,0,0,0,0,0,0,,Home,잠실 야구장,18:30,27.9
정우영,2021,LG,2021-08-22,@ NC,RP,,0.0,1.5,0 ⅔,8,0,0,0,0,0,1,0,,Away,창원 NC 파크,17:00,29.9
정우영,2021,LG,2021-08-19,@ KT,RP,W,0.0,1.2,1 ⅔,28,0,0,0,0,0,2,1,,Away,수원 KT 위즈파크,18:30,29.2
정우영,2021,LG,2021-08-17,@ KT,RP,H,0.0,0.0,1 ⅓,14,0,0,0,0,2,0,0,,Away,수원 KT 위즈파크,18:30,29.1
정우영,2021,LG,2021-08-14,vs. Lotte,RP,,0.0,0.0,1 ⅓,13,0,0,0,0,1,0,0,,Home,잠실 야구장,18:00,28.6
정우영,2021,LG,2021-08-10,vs. SSG,RP,,0.0,1.5,0 ⅔,14,0,0,1,0,0,0,0,,Home,잠실 야구장,18:30,29.9
정우영,2021,LG,2021-07-05,vs. Hanwha,RP,,0.0,1.5,0 ⅔,8,0,0,1,0,0,0,0,,Home,잠실 야구장,18:30,27.2
정우영,2021,LG,2021-07-04,vs. Hanwha,RP,,0.0,1.5,0 ⅔,11,0,0,0,0,0,1,0,,Home,잠실 야구장,17:00,24.4
정우영,2021,LG,2021-06-30,vs. KT,RP,,0.0,0.0,0 ⅔,6,0,0,0,0,1,0,0,,Home,잠실 야구장,18:30,28.5
정우영,2021,LG,2021-06-27,@ Samsung,RP,H,0.0,0.0,1,13,0,0,0,0,0,0,0,,Away,대구 삼성 라이온즈 파크,17:00,27.1
정우영,2021,LG,2021-06-26,@ Samsung,RP,,13.5,4.5,0 ⅔,23,1,1,2,0,1,1,0,,Away,대구 삼성 라이온즈 파크,17:00,26.6
정우영,2021,LG,2021-06-24,@ SSG,RP,,27.0,3.0,0 ⅔,10,2,2,2,0,0,0,0,,Away,인천 SSG 랜더스필드,18:30,24.0
정우영,2021,LG,2021-06-22,@ SSG,RP,,0.0,0.0,1,15,0,0,0,0,1,0,0,,Away,인천 SSG 랜더스필드,18:30,23.5
정우영,2021,LG,2021-06-17,@ Kiwoom,RP,W,0.0,1.8,1 ⅔,23,0,0,3,0,0,0,0,,Away,고척 스카이돔,18:30,25.5
정우영,2021,LG,2021-06-16,@ Kiwoom,RP,,0.0,,0,10,0,0,1,0,0,0,0,,Away,고척 스카이돔,18:30,25.5
정우영,2021,LG,2021-06-13,vs. Doosan,RP,H,0.0,0.0,1,12,0,0,0,0,0,0,0,,Home,잠실 야구장,17:00,29.2
정우영,2021,LG,2021-06-12,vs. Doosan,RP,,54.0,6.0,0 ⅓,8,2,2,2,0,1,0,0,,Home,잠실 야구장,17:00,29.5
정우영,2021,LG,2021-06-11,vs. Doosan,RP,W,0.0,0.0,0 ⅓,2,0,0,0,0,0,0,0,,Home,잠실 야구장,18:30,25.6
정우영,2021,LG,2021-06-09,vs. NC,RP,H,0.0,1.0,1,19,0,0,1,0,0,0,0,,Home,잠실 야구장,18:30,29.6
정우영,2021,LG,2021-06-06,@ Kia,RP,,0.0,2.0,1,20,0,0,0,0,0,2,0,,Away,광주 기아 챔피언스 필드,17:00,26.3
정우영,2021,LG,2021-06-04,@ Kia,RP,,54.0,6.0,0 ⅓,11,2,2,1,0,0,1,1,,Away,광주 기아 챔피언스 필드,18:30,21.7
정우영,2021,LG,2021-05-28,vs. Kiwoom,RP,H,0.0,1.5,0 ⅔,25,0,0,0,0,1,1,0,,Home,잠실 야구장,18:30,18.2
정우영,2021,LG,2021-05-27,@ Lotte,RP,H,0.0,0.0,1,10,0,0,0,0,1,0,0,,Away,사직 야구장,18:30,20.2
정우영,2021,LG,2021-05-26,@ Lotte,RP,W,0.0,0.0,0 ⅔,12,0,0,0,0,1,0,0,,Away,사직 야구장,18:30,18.7
정우영,2021,LG,2021-05-23,@ SSG,RP,,0.0,0.0,1,8,0,0,0,0,1,0,0,,Away,인천 SSG 랜더스필드,14:00,21.4
정우영,2021,LG,2021-05-18,vs. NC,RP,H,0.0,1.5,0 ⅔,12,0,0,1,0,0,0,0,,Home,잠실 야구장,18:30,22.6
정우영,2021,LG,2021-05-17,vs. Samsung,RP,H,0.0,0.0,0 ⅔,8,0,0,0,0,0,0,0,,Home,잠실 야구장,18:30,16.5
정우영,2021,LG,2021-05-14,vs. Samsung,RP,H,0.0,0.0,0 ⅔,8,0,0,0,0,0,0,0,,Home,잠실 야구장,18:30,29.4
정우영,2021,LG,2021-05-13,@ Kia,RP,H,0.0,1.0,1,12,0,0,1,0,1,0,0,,Away,광주 기아 챔피언스 필드,18:30,26.9
정우영,2021,LG,2021-05-09,vs. Hanwha,RP,,9.0,2.0,1,14,1,1,2,0,0,0,0,,Home,잠실 야구장,14:00,20.9
정우영,2021,LG,2021-05-05,@ Doosan,RP,H,0.0,2.0,1,21,0,0,1,0,2,1,0,,Away,잠실 야구장,14:00,17.9
정우영,2021,LG,2021-05-02,@ Samsung,RP,,6.75,0.75,1 ⅓,16,1,1,1,0,0,0,0,,Away,대구 삼성 라이온즈 파크,14:00,14.1
정우영,2021,LG,2021-04-29,vs. Lotte,RP,W,0.0,1.0,1,7,0,0,1,0,1,0,0,,Home,잠실 야구장,18:30,18.7
정우영,2021,LG,2021-04-27,vs. Lotte,RP,,0.0,9.0,0 ⅓,19,0,0,0,0,1,3,0,,Home,잠실 야구장,18:30,16.5
정우영,2021,LG,2021-04-23,@ Hanwha,RP,SV,9.0,4.0,1,27,1,1,2,0,3,2,0,,Away,대전 한화생명 볼파크,18:30,19.6
정우영,2021,LG,2021-04-21,vs. Kia,RP,,0.0,0.0,1,12,0,0,0,0,2,0,0,,Home,잠실 야구장,18:30,26.1
정우영,2021,LG,2021-04-16,vs. Doosan,RP,H,0.0,1.5,0 ⅔,8,0,0,1,0,1,0,0,,Home,잠실 야구장,18:30,13.8
정우영,2021,LG,2021-04-15,@ Kiwoom,RP,H,0.0,0.0,1,17,0,0,0,0,1,0,1,,Away,고척 스카이돔,18:30,25.5
정우영,2021,LG,2021-04-10,vs. SSG,RP,L,9.0,1.0,1,15,1,1,1,0,0,0,1,,Home,잠실 야구장,17:00,17.0
정우영,2021,LG,2021-04-09,vs. SSG,RP,H,0.0,1.0,1,19,0,0,0,0,0,1,0,,Home,잠실 야구장,18:30,18.0
정우영,2021,LG,2021-04-07,@ KT,RP,L,27.0,9.0,0 ⅓,14,1,1,2,0,0,1,0,,Away,수원 KT 위즈파크,18:30,16.7
정우영,2021,LG,2021-04-06,@ KT,RP,H,0.0,2.0,1,21,0,0,1,0,0,1,0,,Away,수원 KT 위즈파크,18:30,15.1
정우영,2021,LG,2021-04-04,@ NC,RP,H,0.0,0.6,1 ⅔,8,0,0,1,0,1,0,0,,Away,창원 NC 파크,14:00,11.2
정우영,2020,LG,2020-10-30,@ SK,RP,,0.0,0.0,2,18,0,0,0,0,3,0,0,,Away,인천 SSG 랜더스필드,18:30,13.9
정우영,2020,LG,2020-10-28,vs. Hanwha,RP,,0.0,0.0,0 ⅔,11,0,0,0,0,2,0,1,,Home,잠실 야구장,18:30,14.4
정우영,2020,LG,2020-10-24,@ NC,RP,,0.0,1.5,1 ⅓,25,0,0,2,0,2,0,0,,Away,창원 NC 파크,17:00,15.7
정우영,2020,LG,2020-10-23,@ Kia,RP,H,0.0,0.0,1 ⅓,15,0,0,0,0,1,0,0,,Away,광주 기아 챔피언스 필드,18:30,11.5
정우영,2020,LG,2020-10-20,@ KT,RP,H,0.0,2.0,1,29,0,0,1,0,0,1,1,,Away,수원 KT 위즈파크,18:30,17.9
정우영,2020,LG,2020-10-15,@ Lotte,RP,,13.5,4.5,0 ⅔,23,1,1,1,0,0,2,0,,Away,사직 야구장,18:30,17.9
정우영,2020,LG,2020-10-10,vs. NC,RP,,5.4,0.6,1 ⅔,23,1,1,1,1,1,0,0,,Home,잠실 야구장,17:00,20.1
정우영,2020,LG,2020-10-08,vs. Samsung,RP,W,0.0,0.0,0 ⅓,3,0,0,0,0,0,0,0,,Home,잠실 야구장,18:30,20.2
정우영,2020,LG,2020-10-06,vs. Samsung,RP,H,0.0,0.0,1,10,0,0,0,0,0,0,0,,Home,잠실 야구장,18:30,17.1
정우영,2020,LG,2020-10-04,@ KT,RP,,9.0,2.0,1,16,1,1,1,0,3,1,0,,Away,수원 KT 위즈파크,14:00,21.7
정우영,2020,LG,2020-10-02,@ KT,RP,L,13.5,3.0,0 ⅔,20,1,1,0,0,1,2,0,,Away,수원 KT 위즈파크,18:30,20.5
정우영,2020,LG,2020-09-30,vs. Lotte,RP,H,0.0,2.0,1,21,0,0,0,0,1,2,0,,Home,잠실 야구장,18:30,22.7
정우영,2020,LG,2020-09-27,@ KT,RP,H,0.0,1.5,0 ⅔,8,0,0,1,0,0,0,0,,Away,수원 KT 위즈파크,14:00,24.6
정우영,2020,LG,2020-09-26,@ KT,RP,,0.0,0.0,1 ⅔,22,0,0,0,0,1,0,0,,Away,수원 KT 위즈파크,17:00,23.0
정우영,2020,LG,2020-09-24,@ NC,RP,,40.5,3.0,0 ⅔,18,3,3,1,0,0,1,1,,Away,창원 NC 파크,18:30,23.1
정우영,2020,LG,2020-09-23,vs. SK,RP,,0.0,1.0,1,21,0,0,1,0,2,0,0,,Home,잠실 야구장,18:30,21.2
정우영,2020,LG,2020-09-20,@ Doosan,RP,H,0.0,6.0,0 ⅓,9,0,0,1,0,1,1,0,,Away,잠실 야구장,14:00,23.8
정우영,2020,LG,2020-09-18,vs. Lotte,RP,L,18.0,3.0,1,26,2,2,2,0,0,1,0,,Home,잠실 야구장,18:30,23.9
정우영,2020,LG,2020-09-15,@ Hanwha,RP,,13.5,2.25,1 ⅓,19,2,2,2,0,0,1,1,,Away,대전 한화생명 볼파크,18:30,26.7
정우영,2020,LG,2020-09-10,vs. Kiwoom,RP,H,0.0,0.75,1 ⅓,13,0,0,0,0,0,1,0,,Home,잠실 야구장,18:30,26.1
정우영,2020,LG,2020-09-08,@ Kia,RP,,0.0,0.0,1 ⅓,12,0,0,0,0,1,0,0,,Away,광주 기아 챔피언스 필드,18:30,27.9
정우영,2020,LG,2020-09-04,vs. NC,RP,,0.0,3.0,0 ⅓,15,0,0,0,0,1,1,0,,Home,잠실 야구장,18:30,25.5
정우영,2020,LG,2020-09-01,@ SK,RP,H,0.0,0.0,1 ⅓,10,0,0,0,0,0,0,0,,Away,인천 SSG 랜더스필드,18:30,29.0
정우영,2020,LG,2020-08-27,vs. KT,RP,H,0.0,0.75,1 ⅓,31,0,0,0,0,1,1,2,,Home,잠실 야구장,18:30,30.0
정우영,2020,LG,2020-08-26,@ Samsung,RP,H,0.0,2.0,1,16,0,0,2,0,1,0,0,,Away,대구 삼성 라이온즈 파크,18:30,30.9
정우영,2020,LG,2020-08-25,@ Samsung,RP,,0.0,0.0,0 ⅓,5,0,0,0,0,0,0,0,,Away,대구 삼성 라이온즈 파크,18:30,31.8
정우영,2020,LG,2020-08-20,@ Kiwoom,RP,L,18.0,2.0,1,23,2,2,1,0,2,1,1,,Away,고척 스카이돔,18:30,25.5
정우영,2020,LG,2020-08-18,vs. Kia,RP,W,0.0,1.0,1,11,0,0,1,0,0,0,0,,Home,잠실 야구장,18:30,31.1
정우영,2020,LG,2020-08-15,@ NC,RP,,0.0,0.0,0 ⅔,7,0,0,0,0,1,0,0,,Away,창원 NC 파크,18:00,31.8
정우영,2020,LG,2020-08-13,vs. Kia,RP,H,0.0,1.5,0 ⅔,10,0,0,1,0,0,0,0,,Home,잠실 야구장,18:30,31.5
정우영,2020,LG,2020-08-12,vs. Kia,RP,,0.0,0.75,1 ⅓,21,0,0,1,0,1,0,0,,Home,잠실 야구장,18:30,31.6
정우영,2020,LG,2020-08-09,@ Kiwoom,RP,,0.0,0.5,2,24,0,0,1,0,1,0,0,,Away,고척 스카이돔,14:00,25.5
정우영,2020,LG,2020-08-07,@ Kiwoom,RP,H,0.0,0.0,0 ⅔,9,0,0,0,0,1,0,0,,Away,고척 스카이돔,18:30,25.5
정우영,2020,LG,2020-08-05,@ Kia,RP,H,0.0,1.0,1,23,0,0,0,0,3,1,0,,Away,광주 기아 챔피언스 필드,18:30,31.6
정우영,2020,LG,2020-08-01,vs. Hanwha,RP,H,0.0,0.0,2,22,0,0,0,0,3,0,0,,Home,잠실 야구장,18:00,28.7
정우영,2020,LG,2020-07-29,@ SK,RP,H,0.0,0.0,2 ⅓,20,0,0,0,0,2,0,0,,Away,인천 SSG 랜더스필드,18:30,27.1
정우영,2020,LG,2020-07-26,@ Doosan,RP,W,0.0,0.75,1 ⅓,13,0,0,0,0,1,1,0,,Away,잠실 야구장,17:00,28.9
정우영,2020,LG,2020-07-21,@ KT,RP,,5.4,1.2,1 ⅔,20,1,1,2,0,1,0,0,,Away,수원 KT 위즈파크,18:30,28.1
정우영,2020,LG,2020-07-18,vs. Hanwha,RP,SV,5.4,2.4,1 ⅔,33,1,1,3,0,0,1,0,,Home,잠실 야구장,18:00,29.3
정우영,2020,LG,2020-07-11,vs. NC,RP,,0.0,0.0,1 ⅔,29,0,0,0,0,2,0,0,,Home,잠실 야구장,18:00,28.6
정우영,2020,LG,2020-07-08,@ Doosan,RP,,18.0,4.0,1,22,2,2,3,0,1,1,0,,Away,잠실 야구장,18:30,29.6
정우영,2020,LG,2020-07-05,@ Samsung,RP,,0.0,1.0,1,11,0,0,1,0,0,0,0,,Away,대구 삼성 라이온즈 파크,17:00,24.9
정우영,2020,LG,2020-07-04,@ Samsung,RP,,0.0,0.6,1 ⅔,19,0,0,1,0,1,0,0,,Away,대구 삼성 라이온즈 파크,18:00,22.2
정우영,2020,LG,2020-07-02,vs. KT,RP,,0.0,1.0,1,16,0,0,1,0,2,0,0,,Home,잠실 야구장,18:30,28.7
정우영,2020,LG,2020-06-30,vs. KT,RP,,0.0,0.75,1 ⅓,21,0,0,1,0,0,0,1,,Home,잠실 야구장,18:30,22.6
정우영,2020,LG,2020-06-28,@ SK,RP,,0.0,1.0,1,16,0,0,1,0,1,0,0,,Away,인천 SSG 랜더스필드,17:00,26.9
정우영,2020,LG,2020-06-25,vs. Kiwoom,RP,L,108.0,12.0,0 ⅓,16,4,4,1,1,0,3,0,,Home,잠실 야구장,18:30,24.4
정우영,2020,LG,2020-06-18,@ Hanwha,RP,SV,20.25,1.5,1 ⅓,32,3,3,2,0,0,0,2,,Away,대전 한화생명 볼파크,18:30,23.4
정우영,2020,LG,2020-06-16,@ Hanwha,RP,SV,0.0,0.0,0 ⅓,5,0,0,0,0,1,0,0,,Away,대전 한화생명 볼파크,18:30,28.1
정우영,2020,LG,2020-06-14,vs. Lotte,RP,,0.0,1.0,1,17,0,0,1,0,1,0,0,,Home,잠실 야구장,17:00,28.3
정우영,2020,LG,2020-06-12,vs. Lotte,RP,,0.0,1.0,1,19,0,0,1,0,1,0,1,,Home,잠실 야구장,18:30,26.8
정우영,2020,LG,2020-06-11,vs. SK,RP,SV,0.0,0.0,1 ⅔,21,0,0,0,0,1,0,0,,Home,잠실 야구장,18:30,29.5
정우영,2020,LG,2020-06-09,vs. SK,RP,,0.0,2.25,1 ⅓,17,0,0,2,0,1,1,0,,Home,잠실 야구장,18:30,29.2
정우영,2020,LG,2020-06-07,@ Kiwoom,RP,,0.0,0.0,1,8,0,0,0,0,2,0,0,,Away,고척 스카이돔,14:00,25.5
정우영,2020,LG,2020-06-06,@ Kiwoom,RP,H,6.75,2.25,1 ⅓,20,1,1,2,1,0,1,0,,Away,고척 스카이돔,17:00,25.5
정우영,2020,LG,2020-06-04,vs. Samsung,RP,,0.0,0.0,0 ⅔,5,0,0,0,0,0,0,0,,Home,잠실 야구장,18:30,24.5
정우영,2020,LG,2020-05-29,@ Kia,RP,,0.0,0.0,1,9,0,0,0,0,0,0,0,,Away,광주 기아 챔피언스 필드,18:30,26.9
정우영,2020,LG,2020-05-28,@ Hanwha,RP,H,0.0,0.0,1,11,0,0,0,0,1,0,0,,Away,대전 한화생명 볼파크,18:30,23.8
정우영,2020,LG,2020-05-26,@ Hanwha,RP,H,0.0,0.6,1 ⅔,17,0,0,0,0,0,1,0,,Away,대전 한화생명 볼파크,18:30,22.8
정우영,2020,LG,2020-05-24,vs. KT,RP,,0.0,1.5,1 ⅓,18,0,0,2,0,0,0,0,,Home,잠실 야구장,14:00,19.5
정우영,2020,LG,2020-05-21,@ Samsung,RP,H,0.0,0.43,2 ⅓,26,0,0,1,0,2,0,0,,Away,대구 삼성 라이온즈 파크,18:30,15.4
정우영,2020,LG,2020-05-16,vs. Kiwoom,RP,SV,6.75,2.25,1 ⅓,19,1,1,2,0,1,1,0,,Home,잠실 야구장,17:00,20.3
정우영,2020,LG,2020-05-14,vs. SK,RP,,0.0,0.0,1 ⅓,14,0,0,0,0,1,0,0,,Home,잠실 야구장,18:30,22.6
정우영,2020,LG,2020-05-10,@ NC,RP,W,0.0,1.2,1 ⅔,35,0,0,0,0,1,2,0,,Away,창원 NC 파크,14:00,21.1
정우영,2020,LG,2020-05-05,vs. Doosan,RP,H,0.0,0.0,1,11,0,0,0,0,1,0,0,,Home,잠실 야구장,14:00,17.7
장현식,2024,Kia,2024-09-30,vs. NC,RP,,0.0,0.0,1,14,0,0,0,0,0,0,0,,Home,광주 기아 챔피언스 필드,18:30,26.0
장현식,2024,Kia,2024-09-28,@ Lotte,RP,,27.0,9.0,0 ⅓,21,2,1,2,0,0,1,0,,Away,사직 야구장,17:00,26.8
장현식,2024,Kia,2024-09-23,vs. Samsung,RP,H,0.0,0.0,0 ⅓,4,0,0,0,0,1,0,0,,Home,광주 기아 챔피언스 필드,18:30,24.2
장현식,2024,Kia,2024-09-17,@ SSG,RP,,6.75,1.5,1 ⅓,21,1,1,2,1,2,0,0,,Away,인천 SSG 랜더스필드,18:30,30.5
장현식,2024,Kia,2024-09-16,@ KT,RP,H,5.4,0.6,1 ⅔,15,1,1,1,0,0,0,0,,Away,수원 KT 위즈파크,18:30,31.3
장현식,2024,Kia,2024-09-14,vs. Kiwoom,RP,,0.0,1.5,1 ⅓,27,0,0,1,0,3,1,0,,Home,광주 기아 챔피언스 필드,17:00,33.4
장현식,2024,Kia,2024-09-12,vs. Lotte,RP,,0.0,0.0,1,9,0,0,0,0,1,0,0,,Home,광주 기아 챔피언스 필드,18:30,31.8
장현식,2024,Kia,2024-09-08,vs. Kiwoom,RP,,13.5,3.0,0 ⅔,12,1,1,2,0,2,0,0,,Home,광주 기아 챔피언스 필드,14:00,32.0
장현식,2024,Kia,2024-09-07,vs. Kiwoom,RP,,0.0,0.0,1,9,0,0,0,0,1,0,0,,Home,광주 기아 챔피언스 필드,17:00,28.8
장현식,2024,Kia,2024-09-05,vs. Hanwha,RP,W,0.0,1.0,1,22,0,0,0,0,2,1,0,,Home,광주 기아 챔피언스 필드,18:30,30.7
장현식,2024,Kia,2024-09-04,vs. Hanwha,RP,L,0.0,2.0,1,18,1,0,2,0,3,0,0,,Home,광주 기아 챔피언스 필드,18:30,29.5
장현식,2024,Kia,2024-08-21,vs. Lotte,RP,,0.0,2.0,1,17,0,0,1,0,0,1,0,,Home,광주 기아 챔피언스 필드,18:30,32.4
장현식,2024,Kia,2024-08-18,@ LG,RP,,0.0,0.0,1,8,0,0,0,0,0,0,0,,Away,잠실 야구장,17:00,32.5
장현식,2024,Kia,2024-08-16,@ LG,RP,,9.0,2.0,1,24,1,1,2,0,1,0,0,,Away,잠실 야구장,18:30,33.0
장현식,2024,Kia,2024-08-14,@ Kiwoom,RP,H,0.0,1.0,1,9,0,0,1,0,0,0,0,,Away,고척 스카이돔,18:30,25.5
장현식,2024,Kia,2024-08-13,@ Kiwoom,RP,H,0.0,0.0,1,11,0,0,0,0,2,0,0,,Away,고척 스카이돔,18:30,25.5
장현식,2024,Kia,2024-08-11,vs. Samsung,RP,,0.0,1.0,1,16,0,0,1,0,1,0,0,,Home,광주 기아 챔피언스 필드,17:00,32.2
장현식,2024,Kia,2024-08-09,vs. Samsung,RP,W,0.0,1.5,1 ⅓,19,0,0,1,0,1,1,0,,Home,광주 기아 챔피언스 필드,18:30,30.0
장현식,2024,Kia,2024-08-08,vs. KT,RP,,0.0,0.0,2,26,0,0,0,0,2,0,0,,Home,광주 기아 챔피언스 필드,18:30,31.1
장현식,2024,Kia,2024-08-06,vs. KT,RP,H,0.0,1.2,1 ⅔,32,0,0,1,0,0,1,0,,Home,광주 기아 챔피언스 필드,18:30,32.6
장현식,2024,Kia,2024-08-03,@ Hanwha,RP,H,0.0,1.0,2,20,0,0,2,0,1,0,0,,Away,대전 한화생명 볼파크,18:00,34.6
장현식,2024,Kia,2024-08-01,vs. Doosan,RP,,0.0,1.0,1,14,0,0,0,0,1,1,0,,Home,광주 기아 챔피언스 필드,18:30,33.1
장현식,2024,Kia,2024-07-31,vs. Doosan,RP,,0.0,2.0,1,16,0,0,2,0,1,0,0,,Home,광주 기아 챔피언스 필드,18:30,32.4
장현식,2024,Kia,2024-07-26,@ Kiwoom,RP,,0.0,2.0,1,13,0,0,2,0,0,0,0,,Away,고척 스카이돔,18:30,25.5
장현식,2024,Kia,2024-07-25,vs. NC,RP,,0.0,1.5,0 ⅔,14,0,0,0,0,0,1,0,,Home,광주 기아 챔피언스 필드,18:30,31.7
장현식,2024,Kia,2024-07-19,@ Hanwha,RP,,18.0,2.0,1,19,2,2,1,1,1,1,0,,Away,대전 한화생명 볼파크,18:30,29.0
장현식,2024,Kia,2024-07-14,vs. SSG,RP,W,0.0,2.25,1 ⅓,24,0,0,3,0,3,0,0,,Home,광주 기아 챔피언스 필드,17:00,29.5
장현식,2024,Kia,2024-07-13,vs. SSG,RP,L,135.0,12.0,0 ⅓,22,5,5,3,0,0,1,0,,Home,광주 기아 챔피언스 필드,18:00,29.3
장현식,2024,Kia,2024-07-11,@ LG,RP,H,0.0,0.0,1 ⅓,19,0,0,0,0,2,0,0,,Away,잠실 야구장,18:30,29.5
장현식,2024,Kia,2024-07-10,@ LG,RP,,0.0,1.0,1,11,0,0,1,0,1,0,0,,Away,잠실 야구장,18:30,30.8
장현식,2024,Kia,2024-07-03,@ Samsung,RP,W,0.0,0.86,2 ⅓,32,0,0,2,0,1,0,0,,Away,대구 삼성 라이온즈 파크,18:30,28.2
장현식,2024,Kia,2024-07-02,@ Samsung,RP,,0.0,1.0,1,24,0,0,1,0,0,0,0,,Away,대구 삼성 라이온즈 파크,18:30,27.0
장현식,2024,Kia,2024-06-25,@ Lotte,RP,,0.0,1.0,3,39,0,0,2,0,3,1,0,,Away,사직 야구장,18:30,24.2
장현식,2024,Kia,2024-06-23,vs. Hanwha,RP,,9.0,4.0,1,28,1,1,2,0,1,2,0,,Home,광주 기아 챔피언스 필드,17:00,30.2
장현식,2024,Kia,2024-06-20,vs. LG,RP,,0.0,,0,5,1,1,3,1,0,0,0,,Home,광주 기아 챔피언스 필드,18:30,26.0
장현식,2024,Kia,2024-06-19,vs. LG,RP,,0.0,0.0,0 ⅓,2,0,0,0,0,0,0,0,,Home,광주 기아 챔피언스 필드,18:30,29.7
장현식,2024,Kia,2024-06-18,vs. LG,RP,,0.0,0.0,1,17,0,0,0,0,2,0,0,,Home,광주 기아 챔피언스 필드,18:30,28.5
장현식,2024,Kia,2024-06-16,@ KT,RP,H,0.0,0.0,0 ⅔,6,0,0,0,0,0,0,0,,Away,수원 KT 위즈파크,17:00,26.9
장현식,2024,Kia,2024-06-15,@ KT,RP,H,0.0,1.2,1 ⅔,24,0,0,0,0,0,2,0,,Away,수원 KT 위즈파크,17:00,26.4
장현식,2024,Kia,2024-06-12,@ SSG,RP,,9.0,2.0,1,22,1,1,0,0,0,2,0,,Away,인천 SSG 랜더스필드,18:30,23.9
장현식,2024,Kia,2024-06-11,@ SSG,RP,,0.0,1.0,1,17,0,0,1,0,2,0,0,,Away,인천 SSG 랜더스필드,18:30,24.6
장현식,2024,Kia,2024-06-08,@ Doosan,RP,,27.0,6.0,0 ⅔,27,2,2,2,0,1,2,0,,Away,잠실 야구장,17:00,24.7
장현식,2024,Kia,2024-06-07,@ Doosan,RP,,0.0,1.5,1 ⅓,20,0,0,2,0,1,0,0,,Away,잠실 야구장,18:30,26.4
장현식,2024,Kia,2024-06-05,vs. Lotte,RP,,13.5,3.0,0 ⅔,18,1,1,2,0,0,0,0,,Home,광주 기아 챔피언스 필드,18:30,25.6
장현식,2024,Kia,2024-05-29,@ NC,RP,H,0.0,0.75,1 ⅓,25,0,0,0,0,2,1,0,,Away,창원 NC 파크,18:30,23.2
장현식,2024,Kia,2024-05-26,vs. Doosan,RP,,13.5,3.0,0 ⅔,11,1,1,2,0,1,0,0,,Home,광주 기아 챔피언스 필드,14:00,22.8
장현식,2024,Kia,2024-05-24,vs. Doosan,RP,L,27.0,3.0,0 ⅔,18,2,2,2,1,1,0,0,,Home,광주 기아 챔피언스 필드,18:30,26.7
장현식,2024,Kia,2024-05-21,@ Lotte,RP,,13.5,0.0,0 ⅔,14,1,1,0,0,2,0,1,,Away,사직 야구장,18:30,19.0
장현식,2024,Kia,2024-05-19,@ NC,RP,W,0.0,0.0,1,11,0,0,0,0,2,0,0,,Away,창원 NC 파크,14:00,29.9
장현식,2024,Kia,2024-05-18,@ NC,RP,,0.0,2.0,1,19,0,0,2,0,0,0,1,,Away,창원 NC 파크,17:00,25.5
장현식,2024,Kia,2024-05-16,vs. Doosan,RP,,0.0,0.6,1 ⅔,23,1,0,0,0,1,1,0,,Home,광주 기아 챔피언스 필드,18:30,18.9
장현식,2024,Kia,2024-05-15,vs. Doosan,RP,H,27.0,9.0,0 ⅓,20,1,1,2,0,0,1,0,,Home,광주 기아 챔피언스 필드,18:30,11.6
장현식,2024,Kia,2024-05-12,vs. SSG,RP,,0.0,1.5,1 ⅓,26,2,0,1,0,2,1,0,,Home,광주 기아 챔피언스 필드,14:00,22.6
장현식,2024,Kia,2024-05-12,vs. SSG,RP,,9.0,2.0,1,15,1,1,1,0,1,1,0,,Home,광주 기아 챔피언스 필드,14:00,22.6
장현식,2024,Kia,2024-05-10,vs. SSG,RP,,0.0,1.0,1,16,0,0,1,0,0,0,0,,Home,광주 기아 챔피언스 필드,18:30,22.0
장현식,2024,Kia,2024-05-08,@ Samsung,RP,,13.5,1.5,0 ⅔,14,1,1,1,1,1,0,0,,Away,대구 삼성 라이온즈 파크,18:30,14.3
장현식,2024,Kia,2024-05-03,vs. Hanwha,RP,,0.0,0.0,0 ⅔,4,0,0,0,0,0,0,0,,Home,광주 기아 챔피언스 필드,18:30,24.0
장현식,2024,Kia,2024-05-02,vs. KT,RP,,0.0,,0,12,3,3,1,0,0,2,0,,Home,광주 기아 챔피언스 필드,18:30,21.0
장현식,2024,Kia,2024-04-28,@ LG,RP,,0.0,0.0,0 ⅔,7,0,0,0,0,0,0,0,,Away,잠실 야구장,14:00,27.6
장현식,2024,Kia,2024-04-26,@ LG,RP,,0.0,0.75,1 ⅓,16,0,0,1,0,0,0,0,,Away,잠실 야구장,18:30,23.8
장현식,2024,Kia,2024-04-24,@ Kiwoom,RP,H,27.0,6.0,0 ⅓,8,1,1,1,0,0,1,0,,Away,고척 스카이돔,18:30,25.5
장현식,2024,Kia,2024-04-21,vs. NC,RP,,18.0,3.0,1,29,2,2,3,2,2,0,0,,Home,광주 기아 챔피언스 필드,14:00,16.4
장현식,2024,Kia,2024-04-19,vs. NC,RP,,0.0,1.0,1,15,0,0,0,0,2,1,0,,Home,광주 기아 챔피언스 필드,18:30,24.1
장현식,2024,Kia,2024-04-18,@ SSG,RP,L,13.5,3.0,0 ⅔,13,2,1,1,0,0,1,0,,Away,인천 SSG 랜더스필드,18:30,17.8
장현식,2024,Kia,2024-04-16,@ SSG,RP,,0.0,1.2,1 ⅔,29,0,0,1,0,4,1,0,,Away,인천 SSG 랜더스필드,18:30,11.5
장현식,2024,Kia,2024-04-13,@ Hanwha,RP,H,0.0,3.0,0 ⅓,13,0,0,1,0,1,0,0,,Away,대전 한화생명 볼파크,17:00,27.7
장현식,2024,Kia,2024-04-12,@ Hanwha,RP,H,0.0,2.0,1,15,0,0,1,0,1,1,0,,Away,대전 한화생명 볼파크,18:30,23.3
장현식,2024,Kia,2024-04-10,vs. LG,RP,,0.0,1.5,0 ⅔,13,0,0,1,0,1,0,0,,Home,광주 기아 챔피언스 필드,18:30,19.9
장현식,2024,Kia,2024-04-07,vs. Samsung,RP,,9.0,1.0,1,12,1,1,1,1,1,0,0,,Home,광주 기아 챔피언스 필드,14:00,24.5
장현식,2024,Kia,2024-04-06,vs. Samsung,RP,,0.0,2.0,1,24,0,0,1,0,2,1,0,,Home,광주 기아 챔피언스 필드,17:00,19.2
장현식,2024,Kia,2024-04-04,@ KT,RP,H,0.0,0.0,1 ⅓,15,1,0,0,0,1,0,0,,Away,수원 KT 위즈파크,18:30,16.5
장현식,2024,Kia,2024-04-03,@ KT,RP,,0.0,1.0,1,17,0,0,1,0,1,0,0,,Away,수원 KT 위즈파크,18:30,16.1
장현식,2024,Kia,2024-03-31,@ Doosan,RP,H,0.0,0.0,0 ⅔,7,0,0,0,0,1,0,0,,Away,잠실 야구장,14:00,16.1
장현식,2024,Kia,2024-03-29,@ Doosan,RP,,0.0,1.5,0 ⅔,18,0,0,0,0,0,1,0,,Away,잠실 야구장,18:30,11.2
장현식,2024,Kia,2024-03-27,vs. Lotte,RP,,0.0,2.0,1,23,1,0,1,0,2,1,0,,Home,광주 기아 챔피언스 필드,18:30,13.6
장현식,2023,Kia,2023-10-13,@ Doosan,RP,,0.0,1.0,1,12,0,0,1,0,1,0,0,,Away,잠실 야구장,18:30,19.6
장현식,2023,Kia,2023-10-10,vs. SSG,RP,,0.0,1.0,1,13,0,0,1,0,3,0,0,,Home,광주 기아 챔피언스 필드,18:30,19.6
장현식,2023,Kia,2023-10-04,@ KT,RP,,0.0,3.0,1,25,0,0,1,0,2,2,0,,Away,수원 KT 위즈파크,18:30,20.4
장현식,2023,Kia,2023-09-29,@ Kiwoom,RP,,0.0,2.0,1,23,0,0,1,0,2,1,0,,Away,고척 스카이돔,18:30,25.5
장현식,2023,Kia,2023-09-27,@ NC,RP,,9.0,2.0,1,18,1,1,2,1,0,0,0,,Away,창원 NC 파크,18:30,26.5
장현식,2023,Kia,2023-09-26,@ NC,RP,W,9.0,1.0,1,6,1,1,1,1,0,0,0,,Away,창원 NC 파크,18:30,25.7
장현식,2023,Kia,2023-09-23,vs. KT,RP,,6.75,0.75,1 ⅓,16,1,1,1,0,1,0,0,,Home,광주 기아 챔피언스 필드,17:00,24.6
장현식,2023,Kia,2023-09-21,@ Hanwha,RP,,0.0,1.0,1,16,0,0,1,0,1,0,0,,Away,대전 한화생명 볼파크,18:30,22.0
장현식,2023,Kia,2023-09-18,vs. Doosan,RP,,0.0,0.0,1,10,0,0,0,0,2,0,0,,Home,광주 기아 챔피언스 필드,18:30,29.7
장현식,2023,Kia,2023-09-17,vs. Doosan,RP,,5.4,0.6,1 ⅔,11,1,1,1,1,1,0,0,,Home,광주 기아 챔피언스 필드,14:00,30.1
장현식,2023,Kia,2023-09-15,vs. Doosan,RP,,0.0,1.5,0 ⅔,11,0,0,0,0,0,1,0,,Home,광주 기아 챔피언스 필드,18:30,29.5
장현식,2023,Kia,2023-09-10,vs. LG,RP,,27.0,4.5,0 ⅔,14,2,2,2,0,0,1,0,,Home,광주 기아 챔피언스 필드,14:00,29.4
장현식,2023,Kia,2023-09-09,vs. LG,RP,,0.0,1.0,1,9,0,0,1,0,1,0,0,,Home,광주 기아 챔피언스 필드,17:00,29.1
장현식,2023,Kia,2023-09-07,@ Doosan,RP,,0.0,3.0,0 ⅓,9,0,0,1,0,1,0,0,,Away,잠실 야구장,18:30,28.8
장현식,2023,Kia,2023-09-03,@ SSG,RP,,0.0,1.0,1,12,0,0,1,0,1,0,0,,Away,인천 SSG 랜더스필드,14:00,29.7
장현식,2023,Kia,2023-09-02,@ SSG,RP,,13.5,3.0,0 ⅔,12,1,1,2,0,1,0,0,,Away,인천 SSG 랜더스필드,17:00,28.6
장현식,2023,Kia,2023-08-31,vs. NC,RP,,0.0,0.0,1,15,0,0,0,0,1,0,0,,Home,광주 기아 챔피언스 필드,18:30,29.1
장현식,2023,Kia,2023-08-27,vs. Hanwha,RP,,0.0,1.0,1,11,0,0,1,0,1,0,0,,Home,광주 기아 챔피언스 필드,17:00,31.9
장현식,2023,Kia,2023-08-24,@ KT,RP,,0.0,,0,11,0,0,1,0,0,1,0,,Away,수원 KT 위즈파크,18:30,30.0
장현식,2023,Kia,2023-08-22,@ KT,RP,,0.0,1.0,1,17,0,0,1,0,0,0,0,,Away,수원 KT 위즈파크,18:30,30.5
장현식,2023,Kia,2023-08-18,@ Samsung,RP,,18.0,4.0,1,23,2,2,4,0,0,0,0,,Away,대구 삼성 라이온즈 파크,18:30,30.3
장현식,2023,Kia,2023-08-15,vs. Kiwoom,RP,,0.0,1.0,1,16,0,0,1,0,0,0,0,,Home,광주 기아 챔피언스 필드,18:30,32.9
장현식,2023,Kia,2023-08-11,@ Lotte,RP,,0.0,1.8,1 ⅔,12,0,0,2,0,1,1,0,,Away,사직 야구장,18:30,29.6
장현식,2023,Kia,2023-08-06,vs. Hanwha,RP,,0.0,3.0,0 ⅓,17,0,0,1,0,0,0,1,,Home,광주 기아 챔피언스 필드,17:00,34.6
장현식,2023,Kia,2023-08-05,vs. Hanwha,RP,H,0.0,0.0,1 ⅓,9,0,0,0,0,1,0,0,,Home,광주 기아 챔피언스 필드,18:00,35.1
장현식,2023,Kia,2023-08-03,@ Samsung,RP,H,54.0,6.0,0 ⅓,6,2,2,2,0,0,0,0,,Away,대구 삼성 라이온즈 파크,18:30,32.2
장현식,2023,Kia,2023-07-30,vs. Lotte,RP,,27.0,6.0,0 ⅔,21,2,2,3,1,0,1,0,,Home,광주 기아 챔피언스 필드,17:00,31.1
장현식,2023,Kia,2023-07-26,@ NC,RP,,0.0,0.0,2,24,0,0,0,0,1,0,0,,Away,창원 NC 파크,18:30,31.5
장현식,2023,Kia,2023-07-12,vs. Samsung,RP,H,0.0,4.5,0 ⅔,21,0,0,2,0,0,1,0,,Home,광주 기아 챔피언스 필드,18:30,30.3
장현식,2023,Kia,2023-07-08,@ KT,RP,,0.0,0.0,1,14,0,0,0,0,1,0,0,,Away,수원 KT 위즈파크,18:00,29.5
장현식,2023,Kia,2023-07-06,@ SSG,RP,SV,0.0,0.75,1 ⅓,18,0,0,0,0,0,1,0,,Away,인천 SSG 랜더스필드,18:30,29.7
장현식,2023,Kia,2023-07-05,@ SSG,RP,,0.0,1.0,1,11,0,0,1,0,1,0,0,,Away,인천 SSG 랜더스필드,18:30,26.0
장현식,2023,Kia,2023-06-30,@ LG,RP,,27.0,4.5,0 ⅔,20,2,2,1,0,0,2,0,,Away,잠실 야구장,18:30,29.9
장현식,2023,Kia,2023-06-28,vs. Kiwoom,RP,,0.0,,0,16,0,0,0,0,0,3,0,,Home,광주 기아 챔피언스 필드,18:30,27.9
장현식,2023,Kia,2023-06-21,@ Hanwha,RP,,0.0,0.0,1,12,0,0,0,0,1,0,0,,Away,대전 한화생명 볼파크,18:30,25.0
장현식,2023,Kia,2023-06-18,vs. NC,RP,,27.0,3.0,0 ⅔,16,2,2,2,0,2,0,0,,Home,광주 기아 챔피언스 필드,17:00,30.0
장현식,2023,Kia,2023-06-17,vs. NC,RP,,9.0,3.0,1,27,1,1,3,0,1,0,0,,Home,광주 기아 챔피언스 필드,17:00,27.5
장현식,2023,Kia,2023-06-15,@ Kiwoom,RP,W,0.0,0.75,1 ⅓,19,0,0,1,0,2,0,0,,Away,고척 스카이돔,18:30,25.5
장현식,2023,Kia,2023-06-13,@ Kiwoom,RP,,0.0,1.5,0 ⅔,13,0,0,1,0,1,0,0,,Away,고척 스카이돔,18:30,25.5
장현식,2023,Kia,2023-06-10,@ Doosan,RP,SV,0.0,0.0,1,21,0,0,0,0,0,0,0,,Away,잠실 야구장,17:00,24.3
장현식,2023,Kia,2023-06-09,@ Doosan,RP,H,0.0,1.0,1,27,0,0,0,0,0,1,0,,Away,잠실 야구장,18:30,26.2
장현식,2023,Kia,2023-06-07,vs. SSG,RP,,6.75,1.5,1 ⅓,19,1,1,2,0,1,0,0,,Home,광주 기아 챔피언스 필드,18:30,26.0
장현식,2023,Kia,2023-06-03,@ Lotte,RP,,0.0,6.0,0 ⅓,11,0,0,1,0,1,1,0,,Away,사직 야구장,17:00,22.6
장현식,2023,Kia,2023-06-02,@ Lotte,RP,,0.0,1.0,1,21,0,0,1,0,1,0,0,,Away,사직 야구장,18:30,25.2
장현식,2023,Kia,2023-05-28,vs. LG,RP,,0.0,0.0,1,12,0,0,0,0,0,0,0,,Home,광주 기아 챔피언스 필드,14:00,24.6
장현식,2023,Kia,2023-05-25,@ Hanwha,RP,L,0.0,2.0,1,20,1,0,2,0,3,0,0,,Away,대전 한화생명 볼파크,18:30,24.4
장현식,2023,Kia,2023-05-21,vs. Kiwoom,RP,,0.0,1.0,1,22,0,0,0,0,1,1,0,,Home,광주 기아 챔피언스 필드,14:00,22.9
장현식,2023,Kia,2023-05-19,vs. Kiwoom,RP,,0.0,0.0,1,7,0,0,0,0,0,0,0,,Home,광주 기아 챔피언스 필드,18:30,24.2
장현식,2023,Kia,2023-05-16,@ Samsung,RP,,0.0,1.0,1,8,0,0,0,0,0,1,0,,Away,대구 삼성 라이온즈 파크,18:30,20.9
장현식,2023,Kia,2023-05-14,@ Doosan,RP,L,54.0,9.0,0 ⅓,16,4,2,1,1,0,2,0,,Away,잠실 야구장,14:00,23.8
장현식,2023,Kia,2023-05-13,@ Doosan,RP,,0.0,2.0,1,12,0,0,1,0,1,1,0,,Away,잠실 야구장,17:00,20.9
장현식,2023,Kia,2023-05-10,vs. SSG,RP,,27.0,3.0,0 ⅓,9,1,1,1,1,1,0,0,,Home,광주 기아 챔피언스 필드,18:30,24.0
장현식,2023,Kia,2023-05-03,vs. Lotte,RP,,13.5,6.0,0 ⅔,33,1,1,1,0,2,3,0,,Home,광주 기아 챔피언스 필드,18:30,18.8
장현식,2023,Kia,2023-04-29,@ LG,RP,SV,0.0,1.0,1,19,0,0,1,0,1,0,0,,Away,잠실 야구장,17:00,13.1
장현식,2023,Kia,2023-04-27,vs. NC,RP,,0.0,3.0,1,19,0,0,2,0,1,1,0,,Home,광주 기아 챔피언스 필드,18:30,20.7
장현식,2023,Kia,2023-04-23,vs. Samsung,RP,H,0.0,1.0,1,14,0,0,1,0,0,0,0,,Home,광주 기아 챔피언스 필드,14:00,20.2
장현식,2022,Kia,2022-10-07,vs. KT,RP,,0.0,3.0,0 ⅔,13,0,0,1,0,1,1,0,,Home,광주 기아 챔피언스 필드,18:30,16.6
장현식,2022,Kia,2022-10-06,vs. LG,RP,,0.0,2.0,1,16,0,0,2,0,1,0,0,,Home,광주 기아 챔피언스 필드,18:30,17.5
장현식,2022,Kia,2022-10-05,vs. LG,RP,,0.0,3.0,0 ⅔,12,0,0,1,0,0,1,0,,Home,광주 기아 챔피언스 필드,18:30,17.2
장현식,2022,Kia,2022-10-02,@ Hanwha,RP,,0.0,0.0,1,11,0,0,0,0,0,0,0,,Away,대전 한화생명 볼파크,14:00,26.6
장현식,2022,Kia,2022-09-29,vs. Lotte,RP,H,0.0,1.5,0 ⅔,10,0,0,1,0,1,0,0,,Home,광주 기아 챔피언스 필드,18:30,23.3
장현식,2022,Kia,2022-09-25,@ Samsung,RP,H,0.0,0.0,0 ⅔,4,0,0,0,0,0,0,0,,Away,대구 삼성 라이온즈 파크,14:00,22.8
장현식,2022,Kia,2022-09-24,@ NC,RP,,0.0,1.5,0 ⅔,9,0,0,1,0,1,0,0,,Away,창원 NC 파크,17:00,21.4
장현식,2022,Kia,2022-09-22,@ NC,RP,H,0.0,0.6,1 ⅔,15,0,0,1,0,0,0,1,,Away,창원 NC 파크,18:30,23.0
장현식,2022,Kia,2022-09-20,vs. LG,RP,L,0.0,2.0,1,16,1,0,1,0,0,1,0,,Home,광주 기아 챔피언스 필드,18:30,22.6
장현식,2022,Kia,2022-09-18,@ Samsung,RP,,0.0,1.0,1,21,0,0,0,0,0,1,0,,Away,대구 삼성 라이온즈 파크,14:00,30.9
장현식,2022,Kia,2022-09-16,vs. Hanwha,RP,,5.4,2.4,1 ⅔,26,1,1,2,0,1,2,0,,Home,광주 기아 챔피언스 필드,18:30,29.0
장현식,2022,Kia,2022-09-15,vs. Hanwha,RP,,0.0,0.0,1,8,0,0,0,0,0,0,0,,Home,광주 기아 챔피언스 필드,18:30,28.9
장현식,2022,Kia,2022-09-10,@ Doosan,RP,H,0.0,1.0,1,9,0,0,1,0,0,0,0,,Away,잠실 야구장,17:00,26.7
장현식,2022,Kia,2022-07-28,vs. NC,RP,,0.0,6.0,0 ⅓,16,0,0,0,0,0,2,0,,Home,광주 기아 챔피언스 필드,18:30,32.2
장현식,2022,Kia,2022-07-23,@ Lotte,RP,,0.0,6.0,0 ⅓,15,0,0,1,0,1,1,0,,Away,사직 야구장,18:00,27.0
장현식,2022,Kia,2022-07-22,@ Lotte,RP,H,0.0,1.0,1,17,0,0,1,0,0,0,0,,Away,사직 야구장,18:30,26.8
장현식,2022,Kia,2022-07-12,@ LG,RP,,0.0,0.0,1,12,0,0,0,0,1,0,0,,Away,잠실 야구장,18:30,30.5
장현식,2022,Kia,2022-07-10,vs. Hanwha,RP,W,0.0,2.0,1,21,0,0,1,0,2,1,0,,Home,광주 기아 챔피언스 필드,17:00,32.8
장현식,2022,Kia,2022-06-25,@ Doosan,RP,H,0.0,4.5,0 ⅔,19,0,0,1,0,0,2,0,,Away,잠실 야구장,17:00,31.2
장현식,2022,Kia,2022-06-24,@ Doosan,RP,SV,0.0,3.0,1 ⅓,27,0,0,2,0,0,2,0,,Away,잠실 야구장,18:30,26.7
장현식,2022,Kia,2022-06-22,vs. Lotte,RP,,0.0,0.0,1,17,0,0,0,0,1,0,0,,Home,광주 기아 챔피언스 필드,18:30,32.2
장현식,2022,Kia,2022-06-21,vs. Lotte,RP,,27.0,4.5,0 ⅔,20,2,2,1,0,0,2,0,,Home,광주 기아 챔피언스 필드,18:30,30.9
장현식,2022,Kia,2022-06-17,vs. Samsung,RP,H,0.0,2.0,1,23,0,0,1,0,0,1,0,,Home,광주 기아 챔피언스 필드,18:30,28.0
장현식,2022,Kia,2022-06-16,@ NC,RP,H,0.0,0.0,1,13,0,0,0,0,0,0,0,,Away,창원 NC 파크,18:30,24.9
장현식,2022,Kia,2022-06-11,vs. Kiwoom,RP,H,0.0,0.0,1,15,0,0,0,0,2,0,0,,Home,광주 기아 챔피언스 필드,17:00,28.7
장현식,2022,Kia,2022-06-09,vs. LG,RP,H,0.0,1.0,1,21,0,0,1,0,2,0,0,,Home,광주 기아 챔피언스 필드,18:30,25.5
장현식,2022,Kia,2022-06-05,@ KT,RP,,6.75,0.75,1 ⅓,20,1,1,1,0,0,0,0,,Away,수원 KT 위즈파크,17:00,21.2
장현식,2022,Kia,2022-06-04,@ KT,RP,,0.0,1.0,1,23,0,0,0,0,2,1,0,,Away,수원 KT 위즈파크,17:00,27.0
장현식,2022,Kia,2022-06-01,@ Doosan,RP,,0.0,0.0,1,10,0,0,0,0,1,0,0,,Away,잠실 야구장,18:30,24.2
장현식,2022,Kia,2022-05-31,@ Doosan,RP,H,0.0,2.0,1,15,0,0,2,0,2,0,0,,Away,잠실 야구장,18:30,24.0
장현식,2022,Kia,2022-05-29,vs. SSG,RP,L,18.0,3.0,1,16,2,2,3,2,1,0,0,,Home,광주 기아 챔피언스 필드,14:00,29.3
장현식,2022,Kia,2022-05-28,vs. SSG,RP,,0.0,0.0,1,10,0,0,0,0,0,0,0,,Home,광주 기아 챔피언스 필드,17:00,28.3
장현식,2022,Kia,2022-05-26,@ Samsung,RP,,13.5,3.0,0 ⅔,15,1,1,2,1,1,0,0,,Away,대구 삼성 라이온즈 파크,18:30,20.9
장현식,2022,Kia,2022-05-25,@ Samsung,RP,,0.0,0.0,1,14,0,0,0,0,0,0,0,,Away,대구 삼성 라이온즈 파크,18:30,22.3
장현식,2022,Kia,2022-05-20,vs. NC,RP,H,13.5,4.5,0 ⅔,15,1,1,3,0,1,0,0,,Home,광주 기아 챔피언스 필드,18:30,24.3
장현식,2022,Kia,2022-05-18,@ Lotte,RP,,0.0,1.5,0 ⅔,12,0,0,1,0,0,0,0,,Away,사직 야구장,18:30,20.6
장현식,2022,Kia,2022-05-17,@ Lotte,RP,W,18.0,4.0,1,23,2,2,3,0,1,1,0,,Away,사직 야구장,18:30,20.4
장현식,2022,Kia,2022-05-14,@ LG,RP,,9.0,3.0,1,25,1,1,2,0,1,1,0,,Away,잠실 야구장,17:00,18.5
장현식,2022,Kia,2022-05-12,vs. KT,RP,H,0.0,3.0,1,29,0,0,1,0,0,2,0,,Home,광주 기아 챔피언스 필드,18:30,22.5
장현식,2022,Kia,2022-05-10,vs. KT,RP,,0.0,0.0,1,13,0,0,0,0,2,0,0,,Home,광주 기아 챔피언스 필드,18:30,21.1
장현식,2022,Kia,2022-05-08,@ Hanwha,RP,H,0.0,1.0,1,15,0,0,1,0,0,0,0,,Away,대전 한화생명 볼파크,14:00,22.4
장현식,2022,Kia,2022-05-07,@ Hanwha,RP,H,0.0,2.0,1,12,0,0,2,0,1,0,0,,Away,대전 한화생명 볼파크,17:00,23.3
장현식,2022,Kia,2022-05-04,vs. Kiwoom,RP,,0.0,2.0,1,18,0,0,1,0,0,1,0,,Home,광주 기아 챔피언스 필드,18:30,22.6
장현식,2022,Kia,2022-04-30,vs. Samsung,RP,L,40.5,4.5,0 ⅔,29,3,3,2,1,2,1,0,,Home,광주 기아 챔피언스 필드,17:00,16.1
장현식,2022,Kia,2022-04-29,vs. Samsung,RP,,18.0,3.0,1,27,2,2,2,0,1,1,0,,Home,광주 기아 챔피언스 필드,18:30,17.4
장현식,2022,Kia,2022-04-26,@ KT,RP,,9.0,2.0,1,16,1,1,2,0,0,0,0,,Away,수원 KT 위즈파크,18:30,20.9
장현식,2022,Kia,2022-04-22,@ Kiwoom,RP,H,0.0,0.75,1 ⅓,22,0,0,0,0,2,1,0,,Away,고척 스카이돔,18:30,25.5
장현식,2022,Kia,2022-04-20,vs. Doosan,RP,,9.0,3.0,1,22,2,1,3,0,0,0,0,,Home,광주 기아 챔피언스 필드,18:30,21.2
장현식,2022,Kia,2022-04-19,vs. Doosan,RP,H,0.0,0.0,1,13,0,0,0,0,0,0,0,,Home,광주 기아 챔피언스 필드,18:30,20.2
장현식,2022,Kia,2022-04-17,@ NC,RP,H,0.0,0.0,1,18,0,0,0,0,1,0,0,,Away,창원 NC 파크,14:00,21.5
장현식,2022,Kia,2022-04-14,vs. Lotte,RP,,0.0,0.75,1 ⅓,23,0,0,1,0,2,0,0,,Home,광주 기아 챔피언스 필드,18:30,18.4
장현식,2022,Kia,2022-04-07,vs. Hanwha,RP,,0.0,0.0,1,16,0,0,0,0,1,0,0,,Home,광주 기아 챔피언스 필드,18:30,16.9
장현식,2022,Kia,2022-04-06,vs. Hanwha,RP,H,0.0,1.5,1 ⅓,22,0,0,2,0,1,0,0,,Home,광주 기아 챔피언스 필드,18:30,18.1
장현식,2022,Kia,2022-04-03,vs. LG,RP,,0.0,0.0,1,10,0,0,0,0,3,0,0,,Home,광주 기아 챔피언스 필드,14:00,16.9
장현식,2021,Kia,2021-10-23,@ NC,RP,H,0.0,0.0,1,13,0,0,0,0,1,0,0,,Away,창원 NC 파크,17:00,16.9
장현식,2021,Kia,2021-10-22,@ NC,RP,H,0.0,1.0,1,12,0,0,1,0,1,0,0,,Away,창원 NC 파크,18:30,14.4
장현식,2021,Kia,2021-10-20,vs. KT,RP,H,0.0,1.0,1,7,0,0,1,0,0,0,0,,Home,광주 기아 챔피언스 필드,18:30,12.1
장현식,2021,Kia,2021-10-19,vs. SSG,RP,H,0.0,0.0,1,18,0,0,0,0,1,0,0,,Home,광주 기아 챔피언스 필드,18:30,13.9
장현식,2021,Kia,2021-10-16,@ Doosan,RP,H,0.0,1.0,1,14,0,0,1,0,1,0,0,,Away,잠실 야구장,17:00,5.9
장현식,2021,Kia,2021-10-14,vs. Samsung,RP,H,0.0,0.0,0 ⅓,9,0,0,0,0,1,0,0,,Home,광주 기아 챔피언스 필드,18:30,23.0
장현식,2021,Kia,2021-10-10,@ Hanwha,RP,H,0.0,1.0,1,13,0,0,1,0,2,0,0,,Away,대전 한화생명 볼파크,14:00,28.2
장현식,2021,Kia,2021-10-10,@ Hanwha,RP,H,0.0,3.0,1,15,0,0,2,0,0,1,0,,Away,대전 한화생명 볼파크,14:00,28.2
장현식,2021,Kia,2021-10-09,@ Hanwha,RP,H,9.0,1.0,1,15,1,1,1,1,1,0,0,,Away,대전 한화생명 볼파크,17:00,26.7
장현식,2021,Kia,2021-10-08,vs. LG,RP,,0.0,3.0,1,18,0,0,2,0,1,1,0,,Home,광주 기아 챔피언스 필드,18:30,23.2
장현식,2021,Kia,2021-10-06,@ Lotte,RP,H,0.0,0.0,1,10,0,0,0,0,0,0,0,,Away,사직 야구장,18:30,23.4
장현식,2021,Kia,2021-10-03,vs. Hanwha,RP,H,0.0,0.0,0 ⅔,2,0,0,0,0,0,0,0,,Home,광주 기아 챔피언스 필드,14:00,29.3
장현식,2021,Kia,2021-10-02,vs. Hanwha,RP,,0.0,2.0,1,20,0,0,2,0,2,0,0,,Home,광주 기아 챔피언스 필드,17:00,28.0
장현식,2021,Kia,2021-09-26,vs. SSG,RP,H,0.0,1.5,2,33,0,0,2,0,3,1,0,,Home,광주 기아 챔피언스 필드,14:00,26.5
장현식,2021,Kia,2021-09-25,vs. SSG,RP,,0.0,0.0,1,14,0,0,0,0,0,0,0,,Home,광주 기아 챔피언스 필드,17:00,26.1
장현식,2021,Kia,2021-09-19,@ LG,RP,L,9.0,1.0,1,15,1,1,1,0,0,0,0,,Away,잠실 야구장,14:00,27.0
장현식,2021,Kia,2021-09-16,@ Samsung,RP,H,9.0,1.0,1,15,1,1,1,1,1,0,0,,Away,대구 삼성 라이온즈 파크,18:30,24.7
장현식,2021,Kia,2021-09-15,vs. Lotte,RP,H,0.0,1.8,1 ⅔,34,0,0,2,0,3,1,0,,Home,광주 기아 챔피언스 필드,18:30,26.9
장현식,2021,Kia,2021-09-11,vs. NC,RP,H,0.0,2.0,1,10,0,0,1,0,0,1,0,,Home,광주 기아 챔피언스 필드,17:00,29.8
장현식,2021,Kia,2021-09-09,@ Kiwoom,RP,L,81.0,12.0,0 ⅓,14,3,3,4,1,0,0,0,,Away,고척 스카이돔,18:30,25.5
장현식,2021,Kia,2021-09-08,@ KT,RP,,0.0,1.2,1 ⅔,23,0,0,2,0,2,0,0,,Away,수원 KT 위즈파크,18:30,25.4
장현식,2021,Kia,2021-09-05,@ Hanwha,RP,H,0.0,0.5,2,32,0,0,1,0,4,0,0,,Away,대전 한화생명 볼파크,14:00,25.9
장현식,2021,Kia,2021-09-01,@ Doosan,RP,W,0.0,0.0,1,12,0,0,0,0,1,0,0,,Away,잠실 야구장,18:30,25.1
장현식,2021,Kia,2021-08-26,vs. Lotte,RP,,0.0,0.0,1,7,0,0,0,0,0,0,0,,Home,광주 기아 챔피언스 필드,18:30,30.3
장현식,2021,Kia,2021-08-25,vs. Lotte,RP,H,0.0,1.8,1 ⅔,27,0,0,2,0,2,1,0,,Home,광주 기아 챔피언스 필드,18:30,30.4
장현식,2021,Kia,2021-08-20,vs. Kiwoom,RP,H,0.0,0.0,1,16,0,0,0,0,2,0,0,,Home,광주 기아 챔피언스 필드,18:30,28.3
장현식,2021,Kia,2021-08-19,@ Doosan,RP,,0.0,1.0,1,13,0,0,0,0,1,1,0,,Away,잠실 야구장,18:30,28.7
장현식,2021,Kia,2021-08-18,@ Doosan,RP,,0.0,0.0,1,16,0,0,0,0,1,0,0,,Away,잠실 야구장,18:30,28.6
장현식,2021,Kia,2021-08-14,@ SSG,RP,H,0.0,1.0,1,15,0,0,0,0,2,1,0,,Away,인천 SSG 랜더스필드,18:00,27.6
장현식,2021,Kia,2021-08-11,vs. Hanwha,RP,,0.0,0.0,1,10,0,0,0,0,1,0,0,,Home,광주 기아 챔피언스 필드,18:30,30.1
장현식,2021,Kia,2021-08-10,vs. Hanwha,RP,H,0.0,0.0,1,15,0,0,0,0,2,0,0,,Home,광주 기아 챔피언스 필드,18:30,30.2
장현식,2021,Kia,2021-07-11,vs. KT,RP,H,0.0,0.0,2,24,0,0,0,0,3,0,0,,Home,광주 기아 챔피언스 필드,17:00,32.3
장현식,2021,Kia,2021-07-07,@ Hanwha,RP,,0.0,2.4,1 ⅔,29,0,0,2,0,1,2,0,,Away,대전 한화생명 볼파크,18:30,30.8
장현식,2021,Kia,2021-07-02,vs. Doosan,RP,H,13.5,4.5,0 ⅔,21,1,1,3,0,0,0,0,,Home,광주 기아 챔피언스 필드,18:30,29.8
장현식,2021,Kia,2021-07-01,vs. NC,RP,H,0.0,4.0,1,24,0,0,2,0,1,2,0,,Home,광주 기아 챔피언스 필드,18:30,29.7
장현식,2021,Kia,2021-06-27,@ Kiwoom,RP,,4.5,0.5,2,22,1,1,1,1,2,0,0,,Away,고척 스카이돔,14:00,25.5
장현식,2021,Kia,2021-06-23,@ KT,RP,H,0.0,0.6,1 ⅔,30,0,0,1,0,3,0,1,,Away,수원 KT 위즈파크,18:30,25.6
장현식,2021,Kia,2021-06-20,@ LG,RP,,0.0,0.0,1,12,0,0,0,0,0,0,0,,Away,잠실 야구장,17:00,27.0
장현식,2021,Kia,2021-06-16,vs. SSG,RP,H,0.0,1.0,1,18,0,0,0,0,2,1,0,,Home,광주 기아 챔피언스 필드,18:30,26.3
장현식,2021,Kia,2021-06-13,@ Lotte,RP,H,0.0,2.4,1 ⅔,28,0,0,2,0,2,2,0,,Away,사직 야구장,17:00,27.2
장현식,2021,Kia,2021-06-09,@ Samsung,RP,,40.5,4.5,0 ⅔,27,3,3,2,1,2,1,1,,Away,대구 삼성 라이온즈 파크,18:30,24.2
장현식,2021,Kia,2021-06-04,vs. LG,RP,,0.0,1.0,1,13,0,0,1,0,1,0,0,,Home,광주 기아 챔피언스 필드,18:30,21.7
장현식,2021,Kia,2021-06-02,@ Hanwha,RP,H,0.0,0.5,2,30,0,0,0,0,3,1,0,,Away,대전 한화생명 볼파크,18:30,27.9
장현식,2021,Kia,2021-05-30,vs. KT,RP,L,4.5,1.5,2,27,1,1,2,0,0,1,0,,Home,광주 기아 챔피언스 필드,14:00,28.7
장현식,2021,Kia,2021-05-28,vs. KT,RP,,108.0,12.0,0 ⅓,24,4,4,2,0,1,2,0,,Home,광주 기아 챔피언스 필드,18:30,21.3
장현식,2021,Kia,2021-05-27,vs. Kiwoom,RP,H,0.0,1.0,1,10,0,0,0,0,0,1,0,,Home,광주 기아 챔피언스 필드,18:30,20.9
장현식,2021,Kia,2021-05-26,vs. Kiwoom,RP,H,0.0,1.0,1,18,0,0,0,0,0,1,0,,Home,광주 기아 챔피언스 필드,18:30,21.0
장현식,2021,Kia,2021-05-23,@ Samsung,RP,,20.25,2.25,1 ⅓,31,3,3,2,0,2,1,0,,Away,대구 삼성 라이온즈 파크,14:00,23.5
장현식,2021,Kia,2021-05-21,@ Samsung,RP,,0.0,0.0,1,18,0,0,0,0,2,0,0,,Away,대구 삼성 라이온즈 파크,18:30,20.1
장현식,2021,Kia,2021-05-19,vs. SSG,RP,L,18.0,2.0,1,28,2,2,1,0,0,1,1,,Home,광주 기아 챔피언스 필드,18:30,25.0
장현식,2021,Kia,2021-05-14,@ NC,RP,,54.0,12.0,0 ⅓,14,2,2,1,0,0,3,0,,Away,창원 NC 파크,18:30,19.7
장현식,2021,Kia,2021-05-12,vs. LG,RP,H,0.0,2.0,1,31,0,0,0,0,2,2,0,,Home,광주 기아 챔피언스 필드,18:30,26.5
장현식,2021,Kia,2021-05-09,vs. Doosan,RP,,0.0,1.0,1,11,0,0,1,0,0,0,0,,Home,광주 기아 챔피언스 필드,14:00,23.6
장현식,2021,Kia,2021-05-08,vs. Doosan,RP,,13.5,3.0,0 ⅔,12,1,1,2,1,1,0,0,,Home,광주 기아 챔피언스 필드,17:00,22.2
장현식,2021,Kia,2021-05-05,@ Lotte,RP,H,0.0,4.5,0 ⅔,16,0,0,3,0,1,0,0,,Away,사직 야구장,14:00,20.7
장현식,2021,Kia,2021-04-29,vs. Hanwha,RP,,0.0,0.5,2,31,0,0,0,0,2,1,0,,Home,광주 기아 챔피언스 필드,18:30,20.6
장현식,2021,Kia,2021-04-27,vs. Hanwha,RP,H,0.0,6.0,0 ⅓,14,0,0,1,0,1,1,0,,Home,광주 기아 챔피언스 필드,18:30,19.2
장현식,2021,Kia,2021-04-25,vs. Samsung,RP,L,5.4,1.8,1 ⅔,36,1,1,2,0,1,1,0,,Home,광주 기아 챔피언스 필드,14:00,25.7
장현식,2021,Kia,2021-04-23,vs. Samsung,RP,SV,0.0,0.0,1,10,0,0,0,0,2,0,0,,Home,광주 기아 챔피언스 필드,18:30,23.4
장현식,2021,Kia,2021-04-22,@ LG,RP,,0.0,3.0,1,21,0,0,1,0,0,2,0,,Away,잠실 야구장,18:30,23.7
장현식,2021,Kia,2021-04-20,@ LG,RP,H,0.0,3.0,1,23,0,0,1,0,0,2,0,,Away,잠실 야구장,18:30,18.3
장현식,2021,Kia,2021-04-17,@ SSG,RP,,0.0,3.0,0 ⅔,18,0,0,2,0,0,0,0,,Away,인천 SSG 랜더스필드,17:00,12.0
장현식,2021,Kia,2021-04-16,@ SSG,RP,H,0.0,1.0,1,21,0,0,0,0,3,1,0,,Away,인천 SSG 랜더스필드,18:30,11.4
장현식,2021,Kia,2021-04-14,vs. Lotte,RP,,0.0,0.6,1 ⅔,20,0,0,0,0,1,1,0,,Home,광주 기아 챔피언스 필드,18:30,13.8
장현식,2021,Kia,2021-04-13,vs. Lotte,RP,,0.0,2.0,1,24,0,0,1,0,1,1,0,,Home,광주 기아 챔피언스 필드,18:30,7.8
장현식,2021,Kia,2021-04-10,vs. NC,RP,,6.75,2.25,1 ⅓,25,1,1,3,0,1,0,0,,Home,광주 기아 챔피언스 필드,17:00,19.2
장현식,2021,Kia,2021-04-07,@ Kiwoom,RP,,9.0,2.0,1,22,1,1,0,0,1,2,0,,Away,고척 스카이돔,18:30,25.5
장현식,2021,Kia,2021-04-06,@ Kiwoom,RP,,0.0,0.0,1 ⅔,24,0,0,0,0,2,0,0,,Away,고척 스카이돔,18:30,25.5
장현식,2021,Kia,2021-04-04,@ Doosan,RP,,27.0,6.0,0 ⅓,13,1,1,1,1,0,1,0,,Away,잠실 야구장,14:00,15.4
장현식,2020,Kia,2020-10-27,vs. KT,SP,,15.43,3.0,2 ⅓,61,4,4,6,1,2,1,0,30.0,Home,광주 기아 챔피언스 필드,18:30,18.0
장현식,2020,Kia,2020-10-20,vs. NC,SP,L,32.4,4.2,1 ⅔,50,7,6,7,1,1,0,1,15.0,Home,광주 기아 챔피언스 필드,18:30,19.9
장현식,2020,Kia,2020-10-15,@ NC,RP,,81.0,12.0,0 ⅓,23,3,3,3,0,0,1,0,,Away,창원 NC 파크,18:30,17.2
장현식,2020,Kia,2020-10-13,@ NC,RP,H,0.0,0.0,0 ⅔,9,0,0,0,0,0,0,0,,Away,창원 NC 파크,18:30,18.6
장현식,2020,Kia,2020-10-11,vs. SK,RP,,0.0,1.0,2,33,0,0,1,0,1,1,0,,Home,광주 기아 챔피언스 필드,14:00,22.0
장현식,2020,Kia,2020-10-08,vs. Hanwha,RP,L,13.5,2.0,2,45,3,3,0,0,2,4,0,,Home,광주 기아 챔피언스 필드,18:30,20.5
장현식,2020,Kia,2020-10-06,vs. Hanwha,RP,,0.0,6.0,0 ⅓,16,0,0,1,0,0,1,0,,Home,광주 기아 챔피언스 필드,18:30,17.8
장현식,2020,Kia,2020-10-04,@ Doosan,RP,,27.0,4.5,0 ⅔,16,2,2,2,0,0,1,0,,Away,잠실 야구장,14:00,21.3
장현식,2020,Kia,2020-10-02,@ Doosan,RP,,54.0,6.0,0 ⅓,13,2,2,1,0,0,1,0,,Away,잠실 야구장,18:30,20.1
장현식,2020,Kia,2020-10-01,@ Kiwoom,RP,H,0.0,0.0,1,17,0,0,0,0,2,0,0,,Away,고척 스카이돔,18:30,25.5
장현식,2020,Kia,2020-09-29,@ Kiwoom,RP,,18.0,2.0,1,18,2,2,2,0,2,0,0,,Away,고척 스카이돔,18:30,25.5
장현식,2020,Kia,2020-09-25,@ KT,SP,L,15.43,3.43,2 ⅓,54,4,4,6,1,0,2,0,27.0,Away,수원 KT 위즈파크,18:30,22.8
장현식,2020,Kia,2020-09-20,vs. Hanwha,RP,,4.5,1.0,2,37,1,1,2,0,2,0,0,,Home,광주 기아 챔피언스 필드,14:00,24.0
장현식,2020,Kia,2020-09-18,@ Samsung,RP,W,0.0,0.6,1 ⅔,13,0,0,1,0,1,0,0,,Away,대구 삼성 라이온즈 파크,18:30,21.9
장현식,2020,Kia,2020-09-16,vs. SK,RP,H,0.0,2.25,1 ⅓,24,0,0,2,0,0,1,0,,Home,광주 기아 챔피언스 필드,18:30,26.8
장현식,2020,Kia,2020-09-12,@ NC,RP,,9.0,3.0,1,25,1,1,2,0,3,1,0,,Away,창원 NC 파크,17:00,24.0
장현식,2020,Kia,2020-09-10,vs. Doosan,RP,,13.5,3.0,0 ⅔,13,1,1,2,0,1,0,0,,Home,광주 기아 챔피언스 필드,18:30,25.6
장현식,2020,Kia,2020-09-08,vs. LG,RP,,0.0,0.5,2,16,0,0,1,0,0,0,0,,Home,광주 기아 챔피언스 필드,18:30,27.9
장현식,2020,Kia,2020-09-04,@ Lotte,RP,,54.0,6.0,0 ⅓,8,2,2,2,1,0,0,0,,Away,사직 야구장,18:30,26.7
장현식,2020,Kia,2020-09-04,@ Lotte,RP,W,0.0,0.0,1,12,0,0,0,0,0,0,1,,Away,사직 야구장,18:30,26.7
장현식,2020,Kia,2020-08-30,vs. KT,RP,H,0.0,1.5,1 ⅓,32,1,0,2,0,1,0,0,,Home,광주 기아 챔피언스 필드,17:00,32.5
장현식,2020,Kia,2020-08-28,@ SK,RP,H,0.0,0.0,0 ⅓,4,0,0,0,0,0,0,0,,Away,인천 SSG 랜더스필드,18:30,29.7
장현식,2020,Kia,2020-08-25,@ Doosan,RP,,0.0,,0,7,1,1,2,1,0,0,0,,Away,잠실 야구장,18:30,32.3
장현식,2020,Kia,2020-08-23,@ Kiwoom,RP,,54.0,9.0,0 ⅓,12,2,2,2,0,0,1,0,,Away,고척 스카이돔,14:00,25.5
장현식,2020,Kia,2020-08-22,@ Kiwoom,RP,L,54.0,7.5,0 ⅔,23,4,4,4,1,1,1,0,,Away,고척 스카이돔,18:00,25.5
장현식,2020,Kia,2020-08-18,@ LG,RP,H,0.0,0.0,1,14,0,0,0,0,2,0,0,,Away,잠실 야구장,18:30,31.1
장현식,2020,Kia,2020-08-15,vs. SK,RP,W,0.0,0.0,2,19,0,0,0,0,1,0,0,,Home,광주 기아 챔피언스 필드,18:00,31.6
장현식,2020,Kia,2020-08-13,@ LG,RP,,9.0,1.0,1,13,1,1,1,1,0,0,0,,Away,잠실 야구장,18:30,31.5
장현식,2020,Kia,2020-06-13,vs. Kiwoom,RP,,13.5,2.0,2,50,4,3,2,1,1,2,1,,Home,광주 기아 챔피언스 필드,17:00,28.7
장현식,2020,Kia,2020-06-10,vs. Doosan,RP,,27.0,6.0,0 ⅔,24,2,2,2,0,1,2,0,,Home,광주 기아 챔피언스 필드,18:30,24.7
장현식,2020,Kia,2020-06-06,@ Hanwha,RP,,0.0,2.0,1,17,0,0,2,0,0,0,0,,Away,대전 한화생명 볼파크,17:00,29.8
장현식,2020,Kia,2020-06-04,vs. SK,RP,,0.0,0.0,1,15,0,0,0,0,0,0,0,,Home,광주 기아 챔피언스 필드,18:30,28.4
장현식,2020,Kia,2020-06-02,vs. SK,RP,,0.0,0.0,1,10,0,0,0,0,0,0,0,,Home,광주 기아 챔피언스 필드,18:30,24.6
장현식,2020,Kia,2020-05-31,@ Samsung,RP,,0.0,,0,16,3,3,3,0,0,1,0,,Away,대구 삼성 라이온즈 파크,14:00,22.9
장현식,2020,Kia,2020-05-27,vs. Kiwoom,RP,,0.0,0.0,1,12,0,0,0,0,2,0,0,,Home,광주 기아 챔피언스 필드,18:30,22.1
장현식,2020,Kia,2020-05-24,vs. Hanwha,RP,,0.0,2.0,1,18,0,0,1,0,0,1,0,,Home,광주 기아 챔피언스 필드,14:00,19.1
장현식,2020,Kia,2020-05-21,@ Doosan,RP,W,9.0,1.0,2,32,2,2,2,0,0,0,0,,Away,잠실 야구장,18:30,21.9
최채흥,2024,Samsung,2024-09-28,vs. LG,SP,,12.0,1.67,3,50,4,4,4,2,1,1,0,35.0,Home,대구 삼성 라이온즈 파크,17:00,26.8
최채흥,2024,Samsung,2024-09-24,@ Kia,RP,,0.0,1.0,2,38,0,0,0,0,2,2,0,,Away,광주 기아 챔피언스 필드,18:30,25.9
최채흥,2024,Samsung,2024-08-28,@ Kiwoom,RP,,0.0,,0,7,3,3,3,2,0,0,0,,Away,고척 스카이돔,18:30,25.5
최채흥,2024,Samsung,2024-08-21,vs. Doosan,RP,,0.0,0.0,1 ⅓,15,0,0,0,0,0,0,0,,Home,대구 삼성 라이온즈 파크,18:30,31.9
최채흥,2024,Samsung,2024-08-17,@ NC,RP,,0.0,1.0,1,20,1,0,1,0,1,0,0,,Away,창원 NC 파크,18:00,31.1
최채흥,2024,Samsung,2024-08-16,@ NC,RP,H,0.0,0.0,0 ⅔,10,0,0,0,0,0,0,0,,Away,창원 NC 파크,18:30,31.1
최채흥,2024,Samsung,2024-08-13,vs. KT,RP,,0.0,1.5,0 ⅔,14,0,0,0,0,2,1,0,,Home,대구 삼성 라이온즈 파크,18:30,31.7
최채흥,2024,Samsung,2024-08-03,vs. SSG,RP,,13.5,2.25,1 ⅓,24,2,2,3,0,2,0,0,,Home,대구 삼성 라이온즈 파크,18:00,33.0
최채흥,2024,Samsung,2024-07-31,@ LG,RP,,5.4,3.6,1 ⅔,42,1,1,3,0,1,3,0,,Away,잠실 야구장,18:30,33.1
최채흥,2024,Samsung,2024-07-26,vs. KT,RP,,0.0,0.0,1 ⅓,15,0,0,0,0,1,0,0,,Home,대구 삼성 라이온즈 파크,18:30,31.5
최채흥,2024,Samsung,2024-07-18,@ Kia,RP,,3.38,2.25,2 ⅔,46,1,1,3,0,2,3,0,,Away,광주 기아 챔피언스 필드,18:30,29.2
최채흥,2024,Samsung,2024-07-17,@ Kia,RP,,6.75,2.25,1 ⅓,26,1,1,3,0,1,0,0,,Away,광주 기아 챔피언스 필드,18:30,30.1
최채흥,2024,Samsung,2024-07-13,@ Doosan,RP,,3.86,1.71,2 ⅓,39,1,1,2,0,1,2,0,,Away,잠실 야구장,18:00,31.5
최채흥,2024,Samsung,2024-07-02,vs. Kia,RP,,13.5,3.0,0 ⅔,13,1,1,2,0,0,0,0,,Home,대구 삼성 라이온즈 파크,18:30,27.0
최채흥,2023,Samsung,2023-09-28,@ LG,SP,W,0.0,1.17,6,94,1,0,6,0,4,1,0,61.0,Away,잠실 야구장,18:30,25.3
최채흥,2023,Samsung,2023-09-22,vs. Doosan,SP,L,3.6,0.8,5,70,3,2,3,0,4,1,0,54.0,Home,대구 삼성 라이온즈 파크,18:30,23.2
최채흥,2023,Samsung,2023-09-15,@ NC,RP,,13.5,1.5,1 ⅓,23,2,2,1,0,0,1,0,,Away,창원 NC 파크,18:30,27.0
최채흥,2023,Samsung,2023-09-10,@ Doosan,SP,L,8.31,1.85,4 ⅓,87,4,4,7,0,1,1,0,33.0,Away,잠실 야구장,14:00,29.2
최채흥,2023,Samsung,2023-09-05,@ Lotte,SP,L,11.25,2.75,4,82,5,5,9,1,0,2,1,21.0,Away,사직 야구장,18:30,27.3
최채흥,2023,Samsung,2023-09-01,vs. NC,SP,L,18.0,3.0,2,55,4,4,6,1,1,0,1,28.0,Home,대구 삼성 라이온즈 파크,18:30,26.3
최채흥,2023,Samsung,2023-08-19,vs. Kia,SP,,3.0,1.17,6,80,2,2,6,0,4,1,0,55.0,Home,대구 삼성 라이온즈 파크,18:00,28.9
최채흥,2023,Samsung,2023-08-08,@ Doosan,SP,L,7.2,1.6,5,105,5,4,8,1,2,0,0,35.0,Away,잠실 야구장,18:30,34.9
최채흥,2023,Samsung,2023-08-02,vs. Kia,SP,,7.2,1.2,5,75,4,4,4,1,3,2,0,44.0,Home,대구 삼성 라이온즈 파크,18:30,31.8
최채흥,2023,Samsung,2023-07-26,vs. SSG,SP,,5.4,1.4,5,90,4,3,7,1,3,0,1,41.0,Home,대구 삼성 라이온즈 파크,18:30,30.7
최채흥,2023,Samsung,2023-07-06,vs. Doosan,SP,L,9.0,2.67,3,75,3,3,7,0,2,1,0,34.0,Home,대구 삼성 라이온즈 파크,18:30,26.6
최채흥,2023,Samsung,2023-06-30,vs. Hanwha,SP,L,13.5,2.5,2,45,4,3,4,2,1,1,0,34.0,Home,대구 삼성 라이온즈 파크,18:30,25.6
최채흥,2023,Samsung,2023-06-24,@ SSG,SP,,11.57,2.14,4 ⅔,93,6,6,9,2,3,1,0,24.0,Away,인천 SSG 랜더스필드,17:00,28.6
최채흥,2023,Samsung,2023-06-18,@ KT,SP,,9.64,2.57,4 ⅔,101,5,5,10,0,3,2,0,25.0,Away,수원 KT 위즈파크,17:00,27.6
최채흥,2023,Samsung,2023-06-13,@ LG,SP,,0.0,0.94,5 ⅓,92,0,0,3,0,2,2,0,62.0,Away,잠실 야구장,18:30,23.9
최채흥,2021,Samsung,2021-10-30,@ NC,RP,W,0.0,0.46,4 ⅓,62,0,0,2,0,4,0,0,,Away,창원 NC 파크,17:00,16.6
최채흥,2021,Samsung,2021-10-29,@ NC,RP,,0.0,1.5,0 ⅔,8,0,0,0,0,1,1,0,,Away,창원 NC 파크,18:30,15.7
최채흥,2021,Samsung,2021-10-23,vs. KT,RP,H,0.0,0.0,1,17,0,0,0,0,3,0,0,,Home,대구 삼성 라이온즈 파크,17:00,17.2
최채흥,2021,Samsung,2021-10-22,vs. KT,RP,H,0.0,0.0,0 ⅓,5,0,0,0,0,1,0,0,,Home,대구 삼성 라이온즈 파크,18:30,14.6
최채흥,2021,Samsung,2021-10-19,vs. Doosan,RP,,10.8,1.8,1 ⅔,36,2,2,3,1,2,0,0,,Home,대구 삼성 라이온즈 파크,18:30,14.9
최채흥,2021,Samsung,2021-10-15,vs. Kiwoom,SP,L,3.0,1.33,6,107,2,2,7,1,5,1,0,54.0,Home,대구 삼성 라이온즈 파크,18:30,22.0
최채흥,2021,Samsung,2021-10-08,@ NC,RP,,0.0,0.38,2 ⅔,44,0,0,1,0,1,0,1,,Away,창원 NC 파크,18:30,23.4
최채흥,2021,Samsung,2021-10-02,@ Doosan,SP,L,7.2,2.4,5,96,4,4,9,0,4,3,0,34.0,Away,잠실 야구장,17:00,25.2
최채흥,2021,Samsung,2021-09-26,vs. NC,SP,,0.0,0.75,8,113,0,0,5,0,7,1,0,78.0,Home,대구 삼성 라이온즈 파크,14:00,25.1
최채흥,2021,Samsung,2021-09-21,@ Lotte,SP,W,5.68,1.58,6 ⅓,90,4,4,9,0,3,1,0,41.0,Away,사직 야구장,18:30,26.3
최채흥,2021,Samsung,2021-09-15,vs. LG,SP,L,5.4,1.6,5,105,3,3,5,1,3,3,1,44.0,Home,대구 삼성 라이온즈 파크,18:30,24.3
최채흥,2021,Samsung,2021-09-09,vs. KT,SP,,2.7,1.35,6 ⅔,105,3,2,8,1,3,1,0,50.0,Home,대구 삼성 라이온즈 파크,18:30,26.1
최채흥,2021,Samsung,2021-09-03,@ Kia,SP,W,0.0,0.8,5,81,0,0,2,0,2,2,0,63.0,Away,광주 기아 챔피언스 필드,18:30,27.6
최채흥,2021,Samsung,2021-08-28,@ KT,SP,,4.5,1.17,6,97,3,3,7,1,5,0,0,51.0,Away,수원 KT 위즈파크,18:00,27.0
최채흥,2021,Samsung,2021-08-22,vs. SSG,SP,,6.35,1.41,5 ⅔,90,4,4,6,1,5,2,0,44.0,Home,대구 삼성 라이온즈 파크,17:00,29.3
최채흥,2021,Samsung,2021-08-14,@ KT,SP,L,10.38,1.85,4 ⅓,81,5,5,7,2,1,1,0,29.0,Away,수원 KT 위즈파크,18:00,29.1
최채흥,2021,Samsung,2021-07-09,vs. Lotte,SP,,3.6,2.0,5,91,2,2,7,0,0,3,0,42.0,Home,대구 삼성 라이온즈 파크,18:30,28.5
최채흥,2021,Samsung,2021-06-29,@ SSG,SP,L,5.68,1.74,6 ⅓,93,4,4,9,3,2,2,0,39.0,Away,인천 SSG 랜더스필드,18:30,26.2
최채흥,2021,Samsung,2021-06-23,vs. Hanwha,SP,W,0.0,0.83,6,103,0,0,4,0,4,1,0,67.0,Home,대구 삼성 라이온즈 파크,18:30,23.0
최채흥,2021,Samsung,2021-06-17,@ Doosan,SP,L,4.5,1.67,6,81,4,3,8,0,4,2,0,44.0,Away,잠실 야구장,18:30,24.4
최채흥,2021,Samsung,2021-06-11,vs. NC,SP,,3.6,1.6,5,100,2,2,7,1,4,1,0,48.0,Home,대구 삼성 라이온즈 파크,18:30,23.9
최채흥,2021,Samsung,2021-06-05,@ Kiwoom,SP,L,9.0,2.2,5,98,5,5,11,1,4,0,0,29.0,Away,고척 스카이돔,17:00,25.5
최채흥,2021,Samsung,2021-05-29,vs. Doosan,SP,W,5.4,2.2,5,91,3,3,8,0,1,3,0,37.0,Home,대구 삼성 라이온즈 파크,17:00,22.0
최채흥,2021,Samsung,2021-05-22,vs. Kia,SP,L,6.35,1.76,5 ⅔,113,6,4,8,2,7,2,0,38.0,Home,대구 삼성 라이온즈 파크,17:00,20.9
최채흥,2021,Samsung,2021-05-15,@ LG,SP,L,13.5,1.93,4 ⅔,94,7,7,5,0,3,4,0,25.0,Away,잠실 야구장,17:00,21.1
최채흥,2021,Samsung,2021-05-09,vs. Lotte,SP,,5.4,1.6,5,91,3,3,5,1,3,3,0,45.0,Home,대구 삼성 라이온즈 파크,14:00,20.5
최채흥,2020,Samsung,2020-10-27,@ NC,SP,W,2.57,0.86,7,93,2,2,5,1,4,1,0,62.0,Away,창원 NC 파크,18:30,15.8
최채흥,2020,Samsung,2020-10-20,@ SK,SP,W,2.45,0.82,7 ⅓,105,2,2,5,2,8,1,0,67.0,Away,인천 SSG 랜더스필드,18:30,17.5
최채흥,2020,Samsung,2020-10-14,vs. SK,SP,,1.17,0.78,7 ⅔,120,1,1,4,1,6,2,0,71.0,Home,대구 삼성 라이온즈 파크,18:30,18.2
최채흥,2020,Samsung,2020-10-08,@ LG,SP,,0.0,1.0,5,99,0,0,3,0,3,2,0,62.0,Away,잠실 야구장,18:30,20.2
최채흥,2020,Samsung,2020-10-02,@ NC,SP,W,1.5,0.83,6,112,1,1,2,0,7,3,0,68.0,Away,창원 NC 파크,18:30,21.8
최채흥,2020,Samsung,2020-09-25,@ Doosan,SP,W,3.86,1.0,7,113,3,3,5,0,5,2,0,58.0,Away,잠실 야구장,18:30,22.5
최채흥,2020,Samsung,2020-09-19,vs. Kiwoom,SP,L,12.6,2.6,5,106,7,7,10,0,6,3,0,22.0,Home,대구 삼성 라이온즈 파크,17:00,23.5
최채흥,2020,Samsung,2020-09-13,@ LG,SP,W,0.0,0.56,9,110,0,0,4,0,10,1,0,88.0,Away,잠실 야구장,14:00,25.2
최채흥,2020,Samsung,2020-09-08,vs. Hanwha,SP,,1.59,1.24,5 ⅔,107,1,1,5,0,5,2,0,58.0,Home,대구 삼성 라이온즈 파크,18:30,26.9
최채흥,2020,Samsung,2020-09-01,@ Kia,SP,L,3.86,1.71,4 ⅔,100,2,2,7,0,7,1,0,48.0,Away,광주 기아 챔피언스 필드,18:30,30.3
최채흥,2020,Samsung,2020-08-23,vs. Lotte,SP,L,6.75,0.75,2 ⅔,40,2,2,1,0,1,1,0,48.0,Home,대구 삼성 라이온즈 파크,17:00,30.6
최채흥,2020,Samsung,2020-08-18,vs. KT,SP,,0.0,1.06,5 ⅔,101,1,0,3,0,6,3,0,64.0,Home,대구 삼성 라이온즈 파크,18:30,30.7
최채흥,2020,Samsung,2020-08-12,vs. Doosan,SP,L,19.8,3.6,5,96,11,11,17,2,0,1,0,-12.0,Home,대구 삼성 라이온즈 파크,18:30,29.6
최채흥,2020,Samsung,2020-08-05,@ Doosan,SP,,0.0,2.5,2,59,2,0,3,0,2,2,1,45.0,Away,잠실 야구장,18:30,30.0
최채흥,2020,Samsung,2020-07-30,vs. Hanwha,SP,,0.0,0.33,6,87,1,0,1,0,7,1,2,72.0,Home,대구 삼성 라이온즈 파크,18:30,26.0
최채흥,2020,Samsung,2020-07-17,vs. Lotte,SP,W,2.7,1.2,6 ⅔,113,5,2,7,0,4,1,0,49.0,Home,대구 삼성 라이온즈 파크,18:30,24.7
최채흥,2020,Samsung,2020-07-11,@ KT,SP,,15.75,3.0,4,89,7,7,9,1,3,3,0,16.0,Away,수원 KT 위즈파크,18:00,29.0
최채흥,2020,Samsung,2020-07-05,vs. LG,SP,,0.0,0.8,5,89,0,0,2,0,4,2,1,64.0,Home,대구 삼성 라이온즈 파크,17:00,24.9
최채흥,2020,Samsung,2020-06-30,vs. SK,SP,W,0.0,0.83,6,108,0,0,4,0,6,1,0,69.0,Home,대구 삼성 라이온즈 파크,18:30,25.2
최채흥,2020,Samsung,2020-06-23,vs. Hanwha,SP,W,1.5,1.0,6,88,1,1,5,1,5,1,1,61.0,Home,대구 삼성 라이온즈 파크,18:30,26.9
최채흥,2020,Samsung,2020-06-06,@ SK,SP,L,11.57,2.36,4 ⅔,93,6,6,6,2,1,5,1,23.0,Away,인천 SSG 랜더스필드,17:00,26.5
최채흥,2020,Samsung,2020-05-31,vs. NC,SP,L,11.25,2.5,4,85,7,5,9,1,4,1,0,23.0,Home,대구 삼성 라이온즈 파크,14:00,22.9
최채흥,2020,Samsung,2020-05-26,@ Lotte,SP,,0.0,0.86,7,105,0,0,3,0,5,3,0,73.0,Away,사직 야구장,18:30,18.4
최채흥,2020,Samsung,2020-05-20,vs. LG,SP,W,1.5,0.83,6,105,1,1,4,1,2,1,1,60.0,Home,대구 삼성 라이온즈 파크,18:30,15.1
최채흥,2020,Samsung,2020-05-14,@ Kiwoom,SP,W,6.0,1.33,6,106,4,4,6,0,7,2,0,49.0,Away,고척 스카이돔,18:30,25.5
최채흥,2020,Samsung,2020-05-08,vs. Kia,SP,W,0.0,1.2,5,87,0,0,1,0,5,5,0,65.0,Home,대구 삼성 라이온즈 파크,18:30,19.3
김강률,2024,Doosan,2024-09-26,@ Lotte,RP,,13.5,1.5,0 ⅔,10,1,1,1,0,0,0,0,,Away,사직 야구장,18:30,27.2
김강률,2024,Doosan,2024-09-23,vs. SSG,RP,H,0.0,1.5,1 ⅓,28,0,0,1,0,1,1,0,,Home,잠실 야구장,18:30,23.4
김강률,2024,Doosan,2024-09-21,@ LG,RP,H,0.0,0.0,0 ⅓,3,0,0,0,0,1,0,0,,Away,잠실 야구장,17:00,23.1
김강률,2024,Doosan,2024-09-17,vs. Samsung,RP,,27.0,3.0,0 ⅓,6,1,1,1,0,0,0,1,,Home,잠실 야구장,18:30,31.2
김강률,2024,Doosan,2024-09-16,vs. Kiwoom,RP,,0.0,0.0,1,10,0,0,0,0,0,0,0,,Home,잠실 야구장,18:30,31.5
김강률,2024,Doosan,2024-09-03,@ Hanwha,RP,,54.0,6.0,0 ⅓,11,2,2,2,0,0,0,0,,Away,대전 한화생명 볼파크,18:30,29.1
김강률,2024,Doosan,2024-08-31,vs. Lotte,RP,,0.0,0.0,1,14,0,0,0,0,1,0,1,,Home,잠실 야구장,18:00,30.8
김강률,2024,Doosan,2024-08-28,@ NC,RP,,0.0,1.0,1,20,0,0,0,0,1,1,0,,Away,창원 NC 파크,18:30,29.8
김강률,2024,Doosan,2024-08-27,@ NC,RP,W,0.0,1.0,1,18,0,0,1,0,2,0,0,,Away,창원 NC 파크,18:30,30.2
김강률,2024,Doosan,2024-08-25,vs. Hanwha,RP,,0.0,0.0,0 ⅔,5,0,0,0,0,1,0,0,,Home,잠실 야구장,17:00,32.5
김강률,2024,Doosan,2024-08-23,vs. Hanwha,RP,,27.0,6.0,0 ⅓,12,1,1,1,0,0,1,0,,Home,잠실 야구장,18:30,31.2
김강률,2024,Doosan,2024-08-20,@ Samsung,RP,,0.0,,0,6,1,1,1,0,0,1,0,,Away,대구 삼성 라이온즈 파크,18:30,31.4
김강률,2024,Doosan,2024-08-18,@ KT,RP,,0.0,3.0,0 ⅓,9,0,0,1,0,0,0,0,,Away,수원 KT 위즈파크,17:00,29.9
김강률,2024,Doosan,2024-08-16,@ KT,RP,,0.0,0.0,1,12,0,0,0,0,0,0,0,,Away,수원 KT 위즈파크,18:30,32.6
김강률,2024,Doosan,2024-08-15,vs. Lotte,RP,H,0.0,0.0,1,11,0,0,0,0,1,0,0,,Home,잠실 야구장,18:30,30.5
김강률,2024,Doosan,2024-08-10,@ SSG,RP,W,0.0,0.0,1 ⅓,23,0,0,0,0,1,0,0,,Away,인천 SSG 랜더스필드,18:00,32.1
김강률,2024,Doosan,2024-08-09,@ SSG,RP,,0.0,1.0,1,14,0,0,0,0,0,1,0,,Away,인천 SSG 랜더스필드,18:30,31.8
김강률,2024,Doosan,2024-08-07,vs. LG,RP,SV,0.0,0.75,1 ⅓,16,0,0,1,0,1,0,0,,Home,잠실 야구장,18:30,32.7
김강률,2024,Doosan,2024-08-02,vs. Kiwoom,RP,L,18.0,2.0,1,21,2,2,1,0,1,1,0,,Home,잠실 야구장,18:30,33.3
김강률,2024,Doosan,2024-07-30,@ Kia,RP,,5.4,1.2,1 ⅔,27,1,1,1,0,0,1,0,,Away,광주 기아 챔피언스 필드,18:30,32.1
김강률,2024,Doosan,2024-07-28,@ SSG,RP,,0.0,2.0,1,18,0,0,1,0,1,1,0,,Away,인천 SSG 랜더스필드,17:00,31.8
김강률,2024,Doosan,2024-07-27,@ SSG,RP,H,27.0,3.0,0 ⅓,4,1,1,1,0,0,0,0,,Away,인천 SSG 랜더스필드,18:00,32.0
김강률,2024,Doosan,2024-07-24,vs. Kiwoom,RP,H,0.0,1.5,0 ⅔,17,0,0,1,0,1,0,0,,Home,잠실 야구장,18:30,31.7
김강률,2024,Doosan,2024-07-11,@ KT,RP,,0.0,1.5,0 ⅔,14,0,0,1,0,2,0,0,,Away,수원 KT 위즈파크,18:30,27.8
김강률,2024,Doosan,2024-07-10,@ KT,RP,,0.0,6.0,0 ⅓,19,0,0,1,0,0,1,0,,Away,수원 KT 위즈파크,18:30,29.1
김강률,2024,Doosan,2024-07-03,vs. Lotte,RP,,0.0,,0,7,1,0,2,0,0,0,0,,Home,잠실 야구장,18:30,26.9
김강률,2024,Doosan,2024-06-30,vs. SSG,RP,,0.0,1.0,1,12,0,0,1,0,0,0,0,,Home,잠실 야구장,17:00,26.9
김강률,2024,Doosan,2024-06-26,@ Hanwha,RP,H,0.0,3.0,0 ⅓,10,0,0,0,0,0,1,0,,Away,대전 한화생명 볼파크,18:30,27.4
김강률,2024,Doosan,2024-06-23,@ Samsung,RP,L,54.0,6.0,0 ⅓,19,2,2,0,0,1,2,0,,Away,대구 삼성 라이온즈 파크,17:00,26.5
김강률,2024,Doosan,2024-06-20,vs. NC,RP,H,0.0,0.0,0 ⅔,9,0,0,0,0,2,0,0,,Home,잠실 야구장,18:30,31.2
김강률,2024,Doosan,2024-06-18,vs. NC,RP,,0.0,6.0,0 ⅓,11,0,0,2,0,0,0,0,,Home,잠실 야구장,18:30,28.9
김강률,2024,Doosan,2024-06-16,@ Kiwoom,RP,,0.0,2.25,1 ⅓,28,0,0,1,0,0,2,0,,Away,고척 스카이돔,14:00,25.5
김강률,2024,Doosan,2024-06-15,@ Kiwoom,RP,H,0.0,1.5,0 ⅔,6,0,0,1,0,1,0,0,,Away,고척 스카이돔,17:00,25.5
김강률,2024,Doosan,2024-06-12,vs. Hanwha,RP,,0.0,0.0,1,13,0,0,0,0,1,0,0,,Home,잠실 야구장,18:30,27.6
김강률,2024,Doosan,2024-06-08,vs. Kia,RP,H,0.0,3.0,0 ⅓,9,0,0,1,0,0,0,0,,Home,잠실 야구장,17:00,24.7
김강률,2024,Doosan,2024-06-05,@ NC,RP,,0.0,0.0,0 ⅓,10,0,0,0,0,0,0,0,,Away,창원 NC 파크,18:30,21.4
김강률,2024,Doosan,2024-06-04,@ NC,RP,H,0.0,2.0,1,18,0,0,2,0,1,0,0,,Away,창원 NC 파크,18:30,22.3
김강률,2024,Doosan,2024-06-02,vs. LG,RP,,0.0,0.0,1,15,0,0,0,0,0,0,0,,Home,잠실 야구장,17:00,23.9
김강률,2024,Doosan,2024-06-01,vs. LG,RP,,13.5,4.5,0 ⅔,18,1,1,2,1,0,1,0,,Home,잠실 야구장,17:00,23.7
김강률,2024,Doosan,2024-05-29,vs. KT,RP,,0.0,1.5,1 ⅓,26,0,0,0,0,1,2,0,,Home,잠실 야구장,18:30,25.4
김강률,2024,Doosan,2024-05-28,vs. KT,RP,,0.0,2.0,1,16,0,0,1,0,1,1,0,,Home,잠실 야구장,18:30,25.5
김강률,2024,Doosan,2024-05-26,@ Kia,RP,,0.0,1.0,1,16,0,0,0,0,0,1,0,,Away,광주 기아 챔피언스 필드,14:00,22.8
김강률,2024,Doosan,2024-05-22,vs. SSG,RP,H,0.0,3.0,0 ⅓,6,0,0,1,0,0,0,0,,Home,잠실 야구장,18:30,24.4
김강률,2024,Doosan,2024-05-17,vs. Lotte,RP,,0.0,0.0,1,15,0,0,0,0,2,0,0,,Home,잠실 야구장,18:30,23.3
김강률,2024,Doosan,2024-05-16,@ Kia,RP,,0.0,0.0,1,14,0,0,0,0,1,0,0,,Away,광주 기아 챔피언스 필드,18:30,18.9
김강률,2024,Doosan,2024-05-14,@ Kia,RP,,0.0,4.5,0 ⅔,28,0,0,2,0,1,1,0,,Away,광주 기아 챔피언스 필드,18:30,23.6
김강률,2024,Doosan,2024-05-12,vs. KT,RP,,0.0,3.0,0 ⅔,20,1,0,2,0,0,0,0,,Home,잠실 야구장,14:00,20.5
김강률,2024,Doosan,2024-05-09,@ Kiwoom,RP,,0.0,6.0,0 ⅓,11,0,0,1,0,1,1,0,,Away,고척 스카이돔,18:30,25.5
김강률,2024,Doosan,2024-05-08,@ Kiwoom,RP,H,0.0,0.0,1,6,0,0,0,0,0,0,0,,Away,고척 스카이돔,18:30,25.5
김강률,2024,Doosan,2024-05-03,@ LG,RP,,5.4,0.6,1 ⅔,21,1,1,1,0,0,0,0,,Away,잠실 야구장,18:30,26.2
김강률,2024,Doosan,2024-05-02,vs. Samsung,RP,,0.0,1.0,1,14,0,0,1,0,1,0,0,,Home,잠실 야구장,18:30,21.7
김강률,2024,Doosan,2024-04-30,vs. Samsung,RP,,0.0,2.0,1,17,0,0,2,0,2,0,0,,Home,잠실 야구장,18:30,19.6
김강률,2024,Doosan,2024-04-28,@ Hanwha,RP,,0.0,0.75,1 ⅓,26,0,0,1,0,2,0,0,,Away,대전 한화생명 볼파크,14:00,28.3
김강률,2023,Doosan,2023-10-14,@ LG,RP,,0.0,,0,7,0,0,1,0,0,1,0,,Away,잠실 야구장,17:00,17.1
김강률,2023,Doosan,2023-10-13,vs. Kia,RP,SV,0.0,0.0,1,13,0,0,0,0,1,0,0,,Home,잠실 야구장,18:30,19.6
김강률,2023,Doosan,2023-10-10,@ KT,RP,H,0.0,2.0,1,26,0,0,0,0,2,2,0,,Away,수원 KT 위즈파크,18:30,18.3
김강률,2023,Doosan,2023-10-08,vs. Lotte,RP,,0.0,,0,5,0,0,1,0,0,0,0,,Home,잠실 야구장,14:00,18.7
김강률,2023,Doosan,2023-09-30,vs. LG,RP,H,0.0,0.0,1 ⅓,15,0,0,0,0,2,0,0,,Home,잠실 야구장,17:00,23.9
김강률,2023,Doosan,2023-09-29,vs. LG,RP,,13.5,1.5,0 ⅔,14,1,1,1,0,0,0,0,,Home,잠실 야구장,18:30,22.8
김강률,2023,Doosan,2023-09-24,@ NC,RP,,27.0,3.0,0 ⅓,7,1,1,1,0,1,0,1,,Away,창원 NC 파크,14:00,24.9
김강률,2023,Doosan,2023-09-22,@ Samsung,RP,H,0.0,3.0,0 ⅓,11,0,0,0,0,0,1,0,,Away,대구 삼성 라이온즈 파크,18:30,23.2
김강률,2023,Doosan,2023-09-21,@ Samsung,RP,H,0.0,0.0,1,10,0,0,0,0,1,0,0,,Away,대구 삼성 라이온즈 파크,18:30,21.9
김강률,2023,Doosan,2023-09-19,vs. NC,RP,,0.0,0.0,1,19,0,0,0,0,0,0,1,,Home,잠실 야구장,18:30,27.0
김강률,2023,Doosan,2023-09-17,@ Kia,RP,,0.0,1.5,0 ⅔,8,0,0,1,0,0,0,0,,Away,광주 기아 챔피언스 필드,14:00,30.1
김강률,2023,Doosan,2023-09-15,@ Kia,RP,,0.0,0.0,1,13,0,0,0,0,1,0,0,,Away,광주 기아 챔피언스 필드,18:30,29.5
김강률,2023,Doosan,2023-09-12,vs. Hanwha,RP,H,0.0,0.0,1,10,0,0,0,0,2,0,0,,Home,잠실 야구장,18:30,28.0
김강률,2023,Doosan,2023-09-10,vs. Samsung,RP,,0.0,0.0,0 ⅔,10,0,0,0,0,1,0,0,,Home,잠실 야구장,14:00,29.2
김강률,2023,Doosan,2023-09-08,vs. Samsung,RP,,13.5,3.0,0 ⅔,14,1,1,2,0,0,0,0,,Home,잠실 야구장,18:30,28.5
김강률,2023,Doosan,2023-09-07,vs. Kia,RP,H,0.0,0.0,1,12,0,0,0,0,1,0,0,,Home,잠실 야구장,18:30,28.8
김강률,2023,Doosan,2023-08-24,@ Kiwoom,RP,W,0.0,1.0,1,18,0,0,0,0,1,1,0,,Away,고척 스카이돔,18:30,25.5
김강률,2023,Doosan,2023-08-22,@ Kiwoom,RP,,0.0,0.0,1,11,0,0,0,0,2,0,0,,Away,고척 스카이돔,18:30,25.5
김강률,2023,Doosan,2023-08-20,vs. NC,RP,,0.0,0.0,1 ⅓,19,0,0,0,0,1,0,0,,Home,잠실 야구장,17:00,31.8
김강률,2023,Doosan,2023-08-16,vs. KT,RP,,0.0,2.0,1,29,0,0,1,0,2,1,0,,Home,잠실 야구장,18:30,30.3
김강률,2023,Doosan,2023-08-13,@ Hanwha,RP,,0.0,4.5,0 ⅔,24,1,0,2,0,1,1,0,,Away,대전 한화생명 볼파크,17:00,31.9
김강률,2023,Doosan,2023-08-12,@ Hanwha,RP,,0.0,1.5,1 ⅓,20,1,0,2,0,1,0,0,,Away,대전 한화생명 볼파크,18:00,28.6
김강률,2023,Doosan,2023-08-05,vs. KT,RP,,13.5,3.0,0 ⅔,20,1,1,1,1,0,1,0,,Home,잠실 야구장,18:00,34.3
김강률,2023,Doosan,2023-08-03,@ Hanwha,RP,,0.0,1.0,1,17,0,0,0,0,0,1,0,,Away,대전 한화생명 볼파크,18:30,33.4
김강률,2023,Doosan,2023-07-28,vs. LG,RP,,5.4,1.8,1 ⅔,42,1,1,1,0,0,2,0,,Home,잠실 야구장,18:30,32.7
김강률,2023,Doosan,2023-07-26,vs. Lotte,RP,,27.0,6.0,0 ⅓,14,1,1,2,0,0,0,0,,Home,잠실 야구장,18:30,31.3
김강률,2023,Doosan,2023-07-07,vs. Kiwoom,RP,,0.0,1.0,1,18,0,0,1,0,1,0,0,,Home,잠실 야구장,18:30,28.2
김강률,2023,Doosan,2023-07-05,@ Samsung,RP,H,0.0,0.0,0 ⅓,3,0,0,0,0,0,0,0,,Away,대구 삼성 라이온즈 파크,18:30,28.7
김강률,2023,Doosan,2023-05-18,@ Kiwoom,RP,,54.0,6.0,0 ⅓,20,2,2,2,1,0,0,0,,Away,고척 스카이돔,18:30,25.5
김강률,2023,Doosan,2023-05-17,@ Kiwoom,RP,,9.0,1.0,1,14,1,1,1,0,0,0,0,,Away,고척 스카이돔,18:30,25.5
김강률,2023,Doosan,2023-05-14,vs. Kia,RP,,81.0,9.0,0 ⅓,13,3,3,2,0,0,1,0,,Home,잠실 야구장,14:00,23.8
김강률,2023,Doosan,2023-05-13,vs. Kia,RP,,0.0,1.0,1,13,0,0,1,0,0,0,0,,Home,잠실 야구장,17:00,20.9
김강률,2022,Doosan,2022-10-08,vs. Kiwoom,RP,,40.5,6.0,0 ⅔,20,3,3,4,0,0,0,1,,Home,잠실 야구장,17:00,19.6
김강률,2022,Doosan,2022-10-07,vs. Samsung,RP,,0.0,0.0,0 ⅔,6,0,0,0,0,0,0,0,,Home,잠실 야구장,18:30,16.7
김강률,2022,Doosan,2022-10-01,@ Samsung,RP,L,5.4,2.4,1 ⅔,28,1,1,1,0,0,3,0,,Away,대구 삼성 라이온즈 파크,17:00,25.6
김강률,2022,Doosan,2022-09-28,@ KT,RP,,0.0,1.0,1,10,0,0,1,0,1,0,0,,Away,수원 KT 위즈파크,18:30,23.9
김강률,2022,Doosan,2022-09-22,@ Kiwoom,RP,H,0.0,0.0,1,12,0,0,0,0,0,0,0,,Away,고척 스카이돔,18:30,25.5
김강률,2022,Doosan,2022-09-20,vs. NC,RP,,0.0,0.0,1,10,0,0,0,0,0,0,0,,Home,잠실 야구장,18:30,21.9
김강률,2022,Doosan,2022-06-04,@ Samsung,RP,,0.0,,0,15,3,2,4,0,0,0,0,,Away,대구 삼성 라이온즈 파크,17:00,23.1
김강률,2022,Doosan,2022-05-31,vs. Kia,RP,L,0.0,,0,10,2,2,2,1,0,0,0,,Home,잠실 야구장,18:30,24.0
김강률,2022,Doosan,2022-05-26,@ Hanwha,RP,,0.0,0.0,1,23,0,0,0,0,2,0,0,,Away,대전 한화생명 볼파크,18:30,24.0
김강률,2022,Doosan,2022-05-22,vs. Lotte,RP,L,27.0,6.0,0 ⅓,12,1,1,2,1,1,0,0,,Home,잠실 야구장,14:00,25.0
김강률,2022,Doosan,2022-05-07,vs. KT,RP,,13.5,6.0,0 ⅔,23,1,1,3,0,0,1,0,,Home,잠실 야구장,17:00,21.9
김강률,2022,Doosan,2022-05-04,@ LG,RP,SV,0.0,1.0,1,13,0,0,0,0,0,1,0,,Away,잠실 야구장,18:30,22.3
김강률,2022,Doosan,2022-05-03,@ LG,RP,L,18.0,3.0,1,23,2,2,2,0,0,1,0,,Away,잠실 야구장,18:30,18.8
김강률,2022,Doosan,2022-04-29,@ SSG,RP,,0.0,0.0,1 ⅓,15,0,0,0,0,2,0,0,,Away,인천 SSG 랜더스필드,18:30,14.5
김강률,2022,Doosan,2022-04-27,vs. NC,RP,SV,0.0,0.0,1,13,0,0,0,0,0,0,0,,Home,잠실 야구장,18:30,21.3
김강률,2022,Doosan,2022-04-23,vs. LG,RP,SV,0.0,1.0,1,11,0,0,1,0,0,0,0,,Home,잠실 야구장,17:00,24.7
김강률,2022,Doosan,2022-04-21,@ Kia,RP,SV,0.0,1.0,1,16,0,0,0,0,0,1,0,,Away,광주 기아 챔피언스 필드,18:30,19.2
김강률,2022,Doosan,2022-04-20,@ Kia,RP,W,0.0,1.2,1 ⅔,9,0,0,2,0,0,0,0,,Away,광주 기아 챔피언스 필드,18:30,21.2
김강률,2022,Doosan,2022-04-16,vs. Kiwoom,RP,SV,0.0,1.0,1,21,0,0,1,0,2,0,0,,Home,잠실 야구장,17:00,18.7
김강률,2022,Doosan,2022-04-14,@ KT,RP,W,0.0,0.75,1 ⅓,17,0,0,1,0,2,0,0,,Away,수원 KT 위즈파크,18:30,13.7
김강률,2022,Doosan,2022-04-12,@ KT,RP,SV,0.0,0.0,1,11,0,0,0,0,1,0,0,,Away,수원 KT 위즈파크,18:30,16.2
김강률,2022,Doosan,2022-04-10,@ Lotte,RP,W,0.0,1.5,2,33,0,0,3,0,1,0,1,,Away,사직 야구장,14:00,21.5
김강률,2022,Doosan,2022-04-09,@ Lotte,RP,,0.0,0.0,0 ⅓,2,0,0,0,0,0,0,0,,Away,사직 야구장,17:00,19.3
김강률,2022,Doosan,2022-04-07,vs. Samsung,RP,SV,0.0,1.0,1,17,0,0,1,0,1,0,0,,Home,잠실 야구장,18:30,12.2
김강률,2022,Doosan,2022-04-03,vs. Hanwha,RP,SV,0.0,0.0,1,9,0,0,0,0,0,0,0,,Home,잠실 야구장,14:00,16.0
김강률,2022,Doosan,2022-04-02,vs. Hanwha,RP,SV,0.0,1.0,1,16,0,0,0,0,2,1,0,,Home,잠실 야구장,14:00,14.0
김강률,2021,Doosan,2021-10-30,@ Hanwha,RP,H,0.0,1.0,1,13,0,0,1,0,1,0,0,,Away,대전 한화생명 볼파크,17:00,17.0
김강률,2021,Doosan,2021-10-27,@ SSG,RP,SV,0.0,2.0,1,20,0,0,2,0,0,0,0,,Away,인천 SSG 랜더스필드,18:30,15.4
김강률,2021,Doosan,2021-10-24,vs. LG,RP,W,9.0,4.0,1,27,1,1,1,0,1,3,0,,Home,잠실 야구장,14:00,16.7
김강률,2021,Doosan,2021-10-23,vs. LG,RP,,0.0,0.75,1 ⅓,21,0,0,0,0,1,1,1,,Home,잠실 야구장,17:00,16.0
김강률,2021,Doosan,2021-10-19,@ Samsung,RP,,0.0,0.0,1,10,0,0,0,0,1,0,0,,Away,대구 삼성 라이온즈 파크,18:30,14.9
김강률,2021,Doosan,2021-10-17,vs. Kia,RP,,0.0,2.0,1,21,0,0,1,0,1,1,0,,Home,잠실 야구장,14:00,8.1
김강률,2021,Doosan,2021-10-16,vs. Kia,RP,,0.0,1.0,1,10,0,0,1,0,0,0,0,,Home,잠실 야구장,17:00,5.9
김강률,2021,Doosan,2021-10-13,vs. KT,RP,SV,0.0,1.0,1,16,0,0,0,0,2,1,0,,Home,잠실 야구장,18:30,22.4
김강률,2021,Doosan,2021-10-12,vs. KT,RP,SV,0.0,1.0,1,21,0,0,1,0,1,0,0,,Home,잠실 야구장,18:30,19.3
김강률,2021,Doosan,2021-10-06,@ Hanwha,RP,SV,0.0,1.0,1,13,0,0,1,0,0,0,0,,Away,대전 한화생명 볼파크,18:30,24.7
김강률,2021,Doosan,2021-10-01,@ LG,RP,SV,0.0,2.0,1,14,0,0,2,0,1,0,0,,Away,잠실 야구장,18:30,23.9
김강률,2021,Doosan,2021-09-26,vs. Hanwha,RP,SV,0.0,0.0,1,11,0,0,0,0,0,0,0,,Home,잠실 야구장,14:00,26.2
김강률,2021,Doosan,2021-09-23,@ Kia,RP,SV,9.0,3.0,1,27,1,1,2,0,1,1,0,,Away,광주 기아 챔피언스 필드,18:30,23.2
김강률,2021,Doosan,2021-09-19,@ Kiwoom,RP,,0.0,1.0,1,19,0,0,1,0,1,0,0,,Away,고척 스카이돔,14:00,25.5
김강률,2021,Doosan,2021-09-18,@ Kiwoom,RP,,0.0,1.0,1,13,0,0,1,0,0,0,0,,Away,고척 스카이돔,17:00,25.5
김강률,2021,Doosan,2021-09-16,vs. SSG,RP,,0.0,1.0,1,7,0,0,1,0,0,0,0,,Home,잠실 야구장,18:30,25.4
김강률,2021,Doosan,2021-09-15,vs. KT,RP,,0.0,2.0,1,23,0,0,2,0,1,0,0,,Home,잠실 야구장,18:30,25.4
김강률,2021,Doosan,2021-09-12,vs. LG,RP,,9.0,2.0,1,17,1,1,2,0,0,0,0,,Home,잠실 야구장,14:00,28.6
김강률,2021,Doosan,2021-09-12,vs. LG,RP,SV,0.0,1.0,1,19,0,0,1,0,2,0,0,,Home,잠실 야구장,14:00,28.6
김강률,2021,Doosan,2021-09-11,vs. LG,RP,,6.75,1.5,1 ⅓,20,1,1,2,0,0,0,0,,Home,잠실 야구장,17:00,27.9
김강률,2021,Doosan,2021-09-05,@ Samsung,RP,SV,0.0,0.75,1 ⅓,4,0,0,1,0,0,0,0,,Away,대구 삼성 라이온즈 파크,14:00,25.4
김강률,2021,Doosan,2021-09-01,vs. Kia,RP,H,0.0,3.0,0 ⅓,7,0,0,0,0,0,1,0,,Home,잠실 야구장,18:30,25.1
김강률,2021,Doosan,2021-08-28,@ Lotte,RP,,0.0,1.0,1,19,1,0,1,0,0,0,0,,Away,사직 야구장,18:00,29.7
김강률,2021,Doosan,2021-08-26,@ NC,RP,W,0.0,1.8,1 ⅔,29,0,0,1,0,3,2,0,,Away,창원 NC 파크,18:30,29.3
김강률,2021,Doosan,2021-08-24,vs. Hanwha,RP,SV,0.0,1.0,1,16,0,0,0,0,0,1,0,,Home,잠실 야구장,18:30,27.6
김강률,2021,Doosan,2021-08-19,vs. Kia,RP,,0.0,0.75,1 ⅓,14,0,0,1,0,1,0,0,,Home,잠실 야구장,18:30,28.7
김강률,2021,Doosan,2021-08-11,@ Samsung,RP,,9.0,3.0,1,21,2,1,2,0,1,1,0,,Away,대구 삼성 라이온즈 파크,18:30,27.6
김강률,2021,Doosan,2021-06-27,vs. Lotte,RP,,0.0,,0,14,2,2,3,0,0,0,0,,Home,잠실 야구장,17:00,29.6
김강률,2021,Doosan,2021-06-01,@ NC,RP,H,0.0,3.0,0 ⅓,12,0,0,1,0,0,0,0,,Away,창원 NC 파크,18:30,21.6
김강률,2021,Doosan,2021-05-30,@ Samsung,RP,SV,9.0,3.0,1,27,1,1,2,0,1,1,0,,Away,대구 삼성 라이온즈 파크,14:00,23.5
김강률,2021,Doosan,2021-05-27,vs. Hanwha,RP,,13.5,3.0,0 ⅔,13,2,1,2,0,1,0,0,,Home,잠실 야구장,18:30,17.7
김강률,2021,Doosan,2021-05-23,vs. Lotte,RP,,0.0,2.0,1,7,0,0,2,0,0,0,0,,Home,잠실 야구장,14:00,24.8
김강률,2021,Doosan,2021-05-22,vs. Lotte,RP,W,0.0,1.0,2,26,0,0,1,0,2,1,0,,Home,잠실 야구장,17:00,23.3
김강률,2021,Doosan,2021-05-17,@ SSG,RP,,0.0,0.0,1,12,0,0,0,0,1,0,0,,Away,인천 SSG 랜더스필드,18:30,17.4
김강률,2021,Doosan,2021-05-14,@ SSG,RP,SV,0.0,1.0,1,11,0,0,0,0,1,1,0,,Away,인천 SSG 랜더스필드,18:30,24.0
김강률,2021,Doosan,2021-05-13,vs. Kiwoom,RP,,0.0,0.0,1,5,0,0,0,0,0,0,0,,Home,잠실 야구장,18:30,27.2
김강률,2021,Doosan,2021-05-11,vs. Kiwoom,RP,SV,0.0,1.0,1,12,0,0,1,0,1,0,0,,Home,잠실 야구장,18:30,24.3
김강률,2021,Doosan,2021-05-09,@ Kia,RP,SV,0.0,2.0,1,20,0,0,0,0,1,2,0,,Away,광주 기아 챔피언스 필드,14:00,23.6
김강률,2021,Doosan,2021-05-08,@ Kia,RP,,0.0,1.0,1,9,0,0,1,0,1,0,0,,Away,광주 기아 챔피언스 필드,17:00,22.2
김강률,2021,Doosan,2021-05-02,vs. SSG,RP,SV,0.0,1.0,1,20,0,0,0,0,0,1,0,,Home,잠실 야구장,14:00,17.9
김강률,2021,Doosan,2021-05-01,vs. SSG,RP,,4.5,2.5,2,38,1,1,4,1,2,1,0,,Home,잠실 야구장,17:00,10.4
김강률,2021,Doosan,2021-04-28,@ Kiwoom,RP,,5.4,2.4,1 ⅔,31,1,1,3,0,1,1,0,,Away,고척 스카이돔,18:30,25.5
김강률,2021,Doosan,2021-04-24,vs. NC,RP,SV,0.0,1.5,1 ⅓,18,0,0,1,0,1,1,0,,Home,잠실 야구장,17:00,20.9
김강률,2021,Doosan,2021-04-23,vs. NC,RP,,9.0,3.0,1,23,1,1,2,1,1,1,0,,Home,잠실 야구장,18:30,20.5
김강률,2021,Doosan,2021-04-17,@ LG,RP,SV,0.0,1.0,1,17,0,0,0,0,2,1,0,,Away,잠실 야구장,17:00,10.6
김강률,2021,Doosan,2021-04-14,vs. KT,RP,SV,0.0,0.0,1,19,0,0,0,0,2,0,0,,Home,잠실 야구장,18:30,11.1
김강률,2021,Doosan,2021-04-11,@ Hanwha,RP,,0.0,6.0,0 ⅓,7,0,0,1,0,1,1,0,,Away,대전 한화생명 볼파크,14:00,22.1
김강률,2021,Doosan,2021-04-07,vs. Samsung,RP,SV,0.0,0.6,1 ⅔,22,0,0,1,0,1,0,0,,Home,잠실 야구장,18:30,17.5
김강률,2021,Doosan,2021-04-06,vs. Samsung,RP,SV,0.0,0.0,0 ⅓,4,0,0,0,0,1,0,0,,Home,잠실 야구장,18:30,17.4
김강률,2021,Doosan,2021-04-04,vs. Kia,RP,SV,0.0,2.0,1,19,0,0,1,0,1,1,0,,Home,잠실 야구장,14:00,15.4
김강률,2020,Doosan,2020-10-22,vs. KT,RP,,0.0,10.0,1,51,8,0,8,0,1,2,0,,Home,잠실 야구장,18:30,14.4
김강률,2020,Doosan,2020-10-16,@ Kiwoom,RP,,0.0,6.0,0 ⅓,11,0,0,1,0,1,1,0,,Away,고척 스카이돔,18:30,25.5
김강률,2020,Doosan,2020-10-13,vs. Hanwha,RP,,0.0,1.0,1,11,0,0,0,0,0,1,0,,Home,잠실 야구장,18:30,16.7
김강률,2020,Doosan,2020-10-10,@ KT,RP,W,0.0,0.86,2 ⅓,50,0,0,1,0,4,1,1,,Away,수원 KT 위즈파크,17:00,19.6
김강률,2020,Doosan,2020-10-08,@ SK,RP,,0.0,0.0,1,9,0,0,0,0,1,0,0,,Away,인천 SSG 랜더스필드,18:30,20.9
김강률,2020,Doosan,2020-10-04,vs. Kia,RP,,0.0,6.0,0 ⅓,15,0,0,1,0,1,1,0,,Home,잠실 야구장,14:00,21.3
김강률,2020,Doosan,2020-10-01,@ Hanwha,RP,,3.38,1.13,2 ⅔,35,1,1,3,0,3,0,0,,Away,대전 한화생명 볼파크,18:30,22.9
김강률,2020,Doosan,2020-09-27,vs. Kiwoom,RP,,27.0,4.5,0 ⅔,19,2,2,2,1,1,1,0,,Home,잠실 야구장,14:00,24.6
김강률,2020,Doosan,2020-09-22,@ Hanwha,RP,,9.0,3.0,1,26,1,1,2,0,2,1,0,,Away,대전 한화생명 볼파크,18:30,22.2
김강률,2020,Doosan,2020-09-20,vs. LG,RP,,0.0,0.0,1,7,0,0,0,0,0,0,0,,Home,잠실 야구장,14:00,23.8
김강률,2020,Doosan,2020-09-17,@ KT,RP,,0.0,2.0,1,23,0,0,1,0,1,1,0,,Away,수원 KT 위즈파크,18:30,22.6
김강률,2020,Doosan,2020-08-16,vs. KT,RP,,0.0,0.0,0 ⅓,3,0,0,0,0,0,0,0,,Home,잠실 야구장,17:00,31.1
김강률,2020,Doosan,2020-08-14,vs. KT,RP,,0.0,0.0,1,15,0,0,0,0,1,0,0,,Home,잠실 야구장,18:30,29.6
김강률,2020,Doosan,2020-08-13,@ Samsung,RP,,0.0,1.0,1,11,0,0,1,0,0,0,0,,Away,대구 삼성 라이온즈 파크,18:30,30.5
김강률,2020,Doosan,2020-08-12,@ Samsung,RP,,0.0,1.5,0 ⅔,18,0,0,1,0,1,0,0,,Away,대구 삼성 라이온즈 파크,18:30,29.6
김강률,2020,Doosan,2020-08-07,vs. Lotte,RP,,0.0,0.0,0 ⅔,9,0,0,0,0,2,0,0,,Home,잠실 야구장,18:30,27.2
김강률,2020,Doosan,2020-08-02,@ NC,RP,W,0.0,0.75,1 ⅓,22,0,0,0,0,1,1,1,,Away,창원 NC 파크,17:00,30.4
김강률,2020,Doosan,2020-07-30,vs. Kiwoom,RP,,5.4,2.4,1 ⅔,26,1,1,2,0,0,2,1,,Home,잠실 야구장,18:30,28.3
김강률,2020,Doosan,2020-07-24,vs. LG,RP,,0.0,1.0,1,15,0,0,0,0,0,1,0,,Home,잠실 야구장,18:30,26.3
김강률,2020,Doosan,2020-07-03,vs. Hanwha,RP,,0.0,3.0,0 ⅓,13,0,0,0,0,0,1,0,,Home,잠실 야구장,18:30,26.5
김강률,2020,Doosan,2020-07-01,@ Kiwoom,RP,,18.0,4.0,1,22,4,2,4,0,1,0,0,,Away,고척 스카이돔,18:30,25.5
김강률,2020,Doosan,2020-06-26,vs. NC,RP,,54.0,6.0,0 ⅓,12,2,2,1,0,0,1,0,,Home,잠실 야구장,18:30,25.6
김강률,2020,Doosan,2020-06-25,@ SK,RP,,27.0,9.0,0 ⅓,24,1,1,1,0,1,2,0,,Away,인천 SSG 랜더스필드,18:30,23.5
김강률,2020,Doosan,2020-06-23,@ SK,RP,,0.0,2.0,1,22,0,0,2,0,1,0,0,,Away,인천 SSG 랜더스필드,18:30,25.2
김강률,2020,Doosan,2020-06-19,@ LG,RP,,0.0,0.0,0 ⅓,3,0,0,0,0,0,0,0,,Away,잠실 야구장,18:30,28.7
김강률,2020,Doosan,2020-06-18,vs. Samsung,RP,,0.0,,0,12,0,0,1,0,0,1,0,,Home,잠실 야구장,18:30,26.1
김강률,2020,Doosan,2020-06-16,vs. Samsung,RP,L,0.0,1.0,1,20,1,0,1,0,1,0,1,,Home,잠실 야구장,18:30,27.8
김강률,2020,Doosan,2020-06-14,@ Hanwha,RP,,0.0,1.0,1,10,0,0,1,0,1,0,0,,Away,대전 한화생명 볼파크,17:00,26.7
김강률,2020,Doosan,2020-06-13,@ Hanwha,RP,L,9.0,2.0,1,14,1,1,1,0,1,1,0,,Away,대전 한화생명 볼파크,17:00,30.2
김강률,2020,Doosan,2020-06-09,@ NC,RP,,0.0,1.2,1 ⅔,24,0,0,1,0,2,1,0,,Away,창원 NC 파크,18:30,25.6
에르난데스,2024,LG,2024-09-26,vs. Kiwoom,SP,,1.8,1.2,5,101,1,1,5,0,10,1,0,62.0,Home,잠실 야구장,18:30,26.5
에르난데스,2024,LG,2024-09-21,vs. Doosan,RP,SV,0.0,0.0,2,29,0,0,0,0,3,0,0,,Home,잠실 야구장,17:00,23.1
에르난데스,2024,LG,2024-09-21,vs. Doosan,SP,L,0.0,,0,5,2,2,1,0,0,0,1,39.0,Home,잠실 야구장,17:00,23.1
에르난데스,2024,LG,2024-09-14,@ NC,SP,W,1.5,1.17,6,87,1,1,4,0,7,3,0,64.0,Away,창원 NC 파크,17:00,32.2
에르난데스,2024,LG,2024-09-08,vs. Hanwha,SP,W,3.6,1.4,5,99,2,2,3,1,4,4,0,53.0,Home,잠실 야구장,14:00,31.0
에르난데스,2024,LG,2024-09-03,@ Kia,SP,L,9.0,1.83,6,91,6,6,9,0,3,2,1,30.0,Away,광주 기아 챔피언스 필드,18:30,29.6
에르난데스,2024,LG,2024-08-29,vs. KT,RP,H,0.0,1.0,1,16,0,0,1,0,3,0,0,,Home,잠실 야구장,18:30,31.7
에르난데스,2024,LG,2024-08-25,@ Kiwoom,SP,,5.14,1.0,7,97,4,4,6,2,6,1,0,54.0,Away,고척 스카이돔,14:00,25.5
에르난데스,2024,LG,2024-08-20,vs. SSG,SP,,4.5,2.0,4,96,2,2,4,0,3,4,0,45.0,Home,잠실 야구장,18:30,34.4
에르난데스,2024,LG,2024-08-14,@ Hanwha,SP,,3.0,1.0,6,93,2,2,6,1,9,0,0,61.0,Away,대전 한화생명 볼파크,18:30,32.0
에르난데스,2024,LG,2024-08-08,@ Doosan,SP,W,1.8,0.6,5,78,1,1,2,1,7,1,0,65.0,Away,잠실 야구장,18:30,31.8
김영준,2024,LG,2024-08-17,vs. Kia,RP,,27.0,5.0,1,30,3,3,3,0,0,2,0,,Home,잠실 야구장,18:00,32.6
김영준,2024,LG,2024-08-14,@ Hanwha,RP,L,108.0,12.0,0 ⅓,24,4,4,3,0,0,1,0,,Away,대전 한화생명 볼파크,18:30,32.0
김영준,2024,LG,2024-08-10,vs. NC,RP,,0.0,1.0,1,26,0,0,0,0,2,1,0,,Home,잠실 야구장,18:00,33.0
김영준,2024,LG,2024-08-08,@ Doosan,RP,,13.5,3.0,0 ⅔,20,1,1,2,1,0,0,0,,Away,잠실 야구장,18:30,31.8
김영준,2024,LG,2024-08-07,@ Doosan,RP,,4.5,1.0,2,25,1,1,2,0,2,0,0,,Away,잠실 야구장,18:30,32.7
김영준,2024,LG,2024-08-01,vs. Samsung,RP,,13.5,6.0,0 ⅔,24,3,1,4,0,0,0,0,,Home,잠실 야구장,18:30,33.7
김영준,2024,LG,2024-07-30,vs. Samsung,RP,,9.0,1.0,1,15,1,1,1,1,1,0,0,,Home,잠실 야구장,18:30,32.4
김영준,2024,LG,2024-07-28,vs. Hanwha,RP,,0.0,0.0,1 ⅓,17,0,0,0,0,1,0,0,,Home,잠실 야구장,17:00,31.7
김영준,2024,LG,2024-07-25,@ Lotte,RP,,0.0,1.5,1 ⅓,37,1,0,2,0,2,0,0,,Away,사직 야구장,18:30,31.0
김영준,2024,LG,2024-07-11,vs. Kia,RP,,0.0,1.0,1,10,0,0,0,0,0,1,0,,Home,잠실 야구장,18:30,29.5
김영준,2024,LG,2024-07-09,vs. Kia,RP,,81.0,9.0,0 ⅓,12,3,3,2,0,0,1,0,,Home,잠실 야구장,18:30,27.4
김영준,2024,LG,2024-07-03,@ Kiwoom,RP,,0.0,1.0,1,14,0,0,1,0,0,0,0,,Away,고척 스카이돔,18:30,25.5
김영준,2024,LG,2024-06-28,@ NC,RP,,0.0,3.0,0 ⅔,24,0,0,0,0,1,2,0,,Away,창원 NC 파크,18:30,27.3
김영준,2024,LG,2024-06-16,vs. Lotte,RP,W,0.0,0.67,3,47,0,0,1,0,2,1,0,,Home,잠실 야구장,17:00,27.6
김영준,2023,LG,2023-04-12,@ Lotte,RP,W,27.0,6.0,0 ⅓,16,1,1,1,0,0,1,0,,Away,사직 야구장,18:30,15.2
김영준,2022,LG,2022-10-08,@ Lotte,SP,,4.91,1.36,3 ⅔,49,2,2,4,1,2,1,1,45.0,Away,사직 야구장,17:00,18.9
김영준,2022,LG,2022-10-02,vs. NC,SP,,0.0,1.17,6,87,0,0,4,0,5,3,2,64.0,Home,잠실 야구장,14:00,21.3
김주온,2024,LG,2024-05-19,@ Kiwoom,RP,,27.0,4.0,1,27,3,3,4,1,0,0,0,,Away,고척 스카이돔,14:00,25.5
김주온,2024,LG,2024-05-03,vs. NC,RP,,12.27,1.91,3 ⅔,71,5,5,4,1,4,3,0,,Home,잠실 야구장,18:30,26.2
김주온,2023,SSG,2023-08-25,@ Doosan,RP,,81.0,9.0,0 ⅓,14,3,3,2,0,1,1,1,,Away,잠실 야구장,18:30,29.5
김주온,2022,SSG,2022-06-21,vs. Doosan,RP,,0.0,,0,15,3,3,0,0,0,3,0,,Home,인천 SSG 랜더스필드,18:30,27.6
김주온,2022,SSG,2022-06-10,vs. Hanwha,RP,,0.0,1.0,1,15,0,0,0,0,2,1,0,,Home,인천 SSG 랜더스필드,18:30,21.7
김주온,2022,SSG,2022-06-04,@ LG,RP,,0.0,1.0,1,9,0,0,1,0,0,0,0,,Away,잠실 야구장,17:00,28.4
김주온,2022,SSG,2022-06-03,@ LG,RP,,0.0,1.0,1,18,0,0,0,0,1,1,0,,Away,잠실 야구장,18:30,27.9
김주온,2022,SSG,2022-05-01,vs. Doosan,RP,,18.0,2.0,1,18,2,2,2,1,1,0,0,,Home,인천 SSG 랜더스필드,14:00,15.4
김주온,2021,SSG,2021-09-17,@ Doosan,RP,,0.0,1.0,1,21,0,0,1,0,1,0,0,,Away,잠실 야구장,18:30,25.9
김주온,2021,SSG,2021-09-14,vs. Hanwha,RP,,0.0,2.0,1,28,0,0,0,0,2,2,1,,Home,인천 SSG 랜더스필드,18:30,26.1
김주온,2020,SK,2020-10-08,vs. Doosan,RP,,45.0,6.0,1,36,5,5,3,0,0,3,1,,Home,인천 SSG 랜더스필드,18:30,20.9
김주온,2020,SK,2020-10-02,vs. Kiwoom,RP,,0.0,3.0,1 ⅓,43,0,0,1,0,1,3,1,,Home,인천 SSG 랜더스필드,18:30,20.4
김주온,2020,SK,2020-09-30,@ NC,RP,,0.0,0.0,1,11,0,0,0,0,1,0,0,,Away,창원 NC 파크,18:30,21.9
김주온,2020,SK,2020-09-26,@ Samsung,RP,,27.0,6.0,0 ⅓,7,1,1,2,1,0,0,0,,Away,대구 삼성 라이온즈 파크,17:00,23.6
김주온,2020,SK,2020-09-06,@ Doosan,RP,,18.0,5.0,1,35,2,2,4,0,1,1,0,,Away,잠실 야구장,14:00,24.7
김주온,2020,SK,2020-09-04,@ KT,RP,,36.0,5.0,1,37,4,4,4,1,0,1,0,,Away,수원 KT 위즈파크,18:30,26.2
김주온,2020,SK,2020-09-01,vs. LG,RP,,9.0,3.0,1,31,2,1,1,0,0,2,0,,Home,인천 SSG 랜더스필드,18:30,29.0
김주온,2020,SK,2020-08-29,@ NC,RP,,6.75,0.75,1 ⅓,18,1,1,1,1,2,0,0,,Away,창원 NC 파크,18:00,31.0
김주온,2020,SK,2020-08-28,vs. Kia,RP,,0.0,1.0,1,15,0,0,0,0,1,1,0,,Home,인천 SSG 랜더스필드,18:30,29.7
김주온,2020,SK,2020-08-23,vs. Doosan,RP,,0.0,3.0,1,19,0,0,1,0,0,2,0,,Home,인천 SSG 랜더스필드,17:00,28.2
김주온,2020,SK,2020-08-20,vs. Samsung,RP,,0.0,0.0,1,13,0,0,0,0,0,0,0,,Home,인천 SSG 랜더스필드,18:30,29.0
김주온,2020,SK,2020-08-19,vs. Hanwha,RP,,0.0,2.0,1,11,0,0,2,0,0,0,0,,Home,인천 SSG 랜더스필드,18:30,29.2
김주온,2020,SK,2020-08-16,@ Kia,RP,,0.0,2.0,2,39,0,0,4,0,2,0,0,,Away,광주 기아 챔피언스 필드,17:00,33.6
김주온,2020,SK,2020-08-15,@ Kia,RP,,0.0,1.0,1,8,0,0,1,0,0,0,0,,Away,광주 기아 챔피언스 필드,18:00,31.6
김주온,2020,SK,2020-08-11,@ KT,RP,,0.0,2.0,1,27,0,0,1,0,1,1,0,,Away,수원 KT 위즈파크,18:30,28.6
김주온,2020,SK,2020-07-28,vs. LG,RP,,32.4,3.6,1 ⅔,39,6,6,5,1,1,1,1,,Home,인천 SSG 랜더스필드,18:30,27.3
김주온,2020,SK,2020-07-16,@ Doosan,RP,,0.0,2.0,1,25,0,0,1,0,2,1,0,,Away,잠실 야구장,18:30,29.3
김주온,2020,SK,2020-07-15,@ Doosan,RP,,0.0,3.0,1,18,0,0,3,0,1,0,0,,Away,잠실 야구장,18:30,27.4
김주온,2020,SK,2020-07-10,@ Hanwha,RP,,0.0,0.0,1,14,0,0,0,0,0,0,0,,Away,대전 한화생명 볼파크,18:30,30.0
김주온,2020,SK,2020-06-12,vs. Kia,RP,,0.0,2.0,1,12,0,0,2,0,1,0,0,,Home,인천 SSG 랜더스필드,18:30,24.5
김주온,2020,SK,2020-06-04,@ NC,RP,,18.0,5.0,1,46,2,2,2,1,0,3,2,,Away,창원 NC 파크,18:30,26.1
김주온,2020,SK,2020-06-03,@ NC,RP,,0.0,1.0,2,19,0,0,1,0,0,1,0,,Away,창원 NC 파크,18:30,25.6
김주온,2020,SK,2020-05-22,vs. Kia,RP,,0.0,1.0,1,11,0,0,1,0,0,0,0,,Home,인천 SSG 랜더스필드,18:30,17.7
김주온,2020,SK,2020-05-21,@ Kiwoom,RP,L,0.0,,0,4,1,1,0,0,0,1,0,,Away,고척 스카이돔,18:30,25.5
김주온,2020,SK,2020-05-17,vs. NC,RP,,0.0,0.0,1 ⅓,10,0,0,0,0,1,0,0,,Home,인천 SSG 랜더스필드,14:00,20.6
김주온,2020,SK,2020-05-16,vs. NC,RP,L,0.0,,0,11,2,2,2,0,0,0,0,,Home,인천 SSG 랜더스필드,17:00,16.7
김주온,2020,SK,2020-05-14,@ LG,RP,L,6.75,2.25,1 ⅓,20,1,1,3,0,1,0,0,,Away,잠실 야구장,18:30,22.6
김주온,2020,SK,2020-05-10,@ Lotte,RP,,0.0,3.0,0 ⅔,15,0,0,1,0,1,1,0,,Away,사직 야구장,14:00,19.1
김주온,2020,SK,2020-05-07,vs. Hanwha,RP,,0.0,0.0,2,25,0,0,0,0,1,0,0,,Home,인천 SSG 랜더스필드,18:30,21.5
심창민,2023,NC,2023-05-09,@ KT,RP,,0.0,9.0,0 ⅓,23,1,0,0,0,2,3,0,,Away,수원 KT 위즈파크,18:30,20.8
심창민,2023,NC,2023-05-03,vs. LG,RP,,0.0,1.0,1,15,0,0,1,0,1,0,1,,Home,창원 NC 파크,18:30,18.3
심창민,2023,NC,2023-04-04,@ Doosan,RP,L,0.0,,0,6,1,1,0,0,0,1,0,,Away,잠실 야구장,18:30,20.1
심창민,2023,NC,2023-04-02,@ Samsung,RP,,0.0,2.0,1,24,0,0,1,0,1,1,0,,Away,대구 삼성 라이온즈 파크,14:00,20.3
심창민,2023,NC,2023-04-01,@ Samsung,RP,,0.0,0.0,1,11,0,0,0,0,1,0,0,,Away,대구 삼성 라이온즈 파크,14:00,21.3
심창민,2022,NC,2022-05-14,@ SSG,RP,L,0.0,,0,7,1,1,1,0,0,0,1,,Away,인천 SSG 랜더스필드,17:00,16.1
심창민,2022,NC,2022-05-11,@ Lotte,RP,,27.0,0.0,0 ⅓,8,1,1,0,0,0,0,1,,Away,사직 야구장,18:30,19.4
심창민,2022,NC,2022-05-07,vs. LG,RP,,0.0,2.0,1,23,0,0,1,0,2,1,0,,Home,창원 NC 파크,17:00,25.4
심창민,2022,NC,2022-05-05,@ Samsung,RP,,0.0,2.0,1,20,0,0,1,0,1,1,0,,Away,대구 삼성 라이온즈 파크,14:00,20.6
심창민,2022,NC,2022-05-04,@ Samsung,RP,,0.0,,0,7,3,3,3,0,0,0,0,,Away,대구 삼성 라이온즈 파크,18:30,17.8
심창민,2022,NC,2022-05-03,@ Samsung,RP,W,0.0,3.0,0 ⅔,17,0,0,1,0,1,1,0,,Away,대구 삼성 라이온즈 파크,18:30,16.8
심창민,2022,NC,2022-04-29,vs. Hanwha,RP,,9.0,3.0,1,29,1,1,1,0,1,2,0,,Home,창원 NC 파크,18:30,12.0
심창민,2022,NC,2022-04-26,@ Doosan,RP,,0.0,0.0,1,12,0,0,0,0,0,0,0,,Away,잠실 야구장,18:30,25.6
심창민,2022,NC,2022-04-24,@ KT,RP,,0.0,0.0,1,14,0,0,0,0,1,0,0,,Away,수원 KT 위즈파크,14:00,23.5
심창민,2022,NC,2022-04-05,vs. Lotte,RP,,0.0,,0,12,3,3,1,0,0,1,1,,Home,창원 NC 파크,18:30,14.5
심창민,2022,NC,2022-04-02,vs. SSG,RP,L,27.0,3.0,0 ⅓,9,1,1,0,0,0,1,0,,Home,창원 NC 파크,14:00,14.3
심창민,2021,Samsung,2021-10-27,@ Kiwoom,RP,,54.0,9.0,0 ⅓,13,2,2,2,0,0,1,0,,Away,고척 스카이돔,18:30,25.5
심창민,2021,Samsung,2021-10-19,vs. Doosan,RP,,0.0,6.0,0 ⅓,7,0,0,1,0,0,1,0,,Home,대구 삼성 라이온즈 파크,18:30,14.9
심창민,2021,Samsung,2021-10-16,vs. Kiwoom,RP,,13.5,4.5,0 ⅔,21,1,1,1,0,1,2,0,,Home,대구 삼성 라이온즈 파크,17:00,14.8
심창민,2021,Samsung,2021-10-14,@ Kia,RP,,0.0,1.0,1,16,0,0,0,0,0,1,0,,Away,광주 기아 챔피언스 필드,18:30,23.0
심창민,2021,Samsung,2021-10-06,@ Kiwoom,RP,,18.0,4.0,1,26,2,2,4,1,0,0,0,,Away,고척 스카이돔,18:30,25.5
심창민,2021,Samsung,2021-10-03,@ Doosan,RP,,0.0,0.0,1,9,0,0,0,0,1,0,0,,Away,잠실 야구장,14:00,28.6
심창민,2021,Samsung,2021-09-30,vs. Hanwha,RP,,0.0,3.0,0 ⅔,18,0,0,0,0,0,2,0,,Home,대구 삼성 라이온즈 파크,18:30,24.9
심창민,2021,Samsung,2021-09-25,vs. NC,RP,H,0.0,0.0,1,8,0,0,0,0,1,0,0,,Home,대구 삼성 라이온즈 파크,17:00,24.3
심창민,2021,Samsung,2021-09-23,@ LG,RP,,54.0,9.0,0 ⅓,16,2,2,2,0,0,1,0,,Away,잠실 야구장,18:30,23.8
심창민,2021,Samsung,2021-09-21,@ Lotte,RP,H,0.0,0.0,0 ⅔,8,0,0,0,0,0,0,0,,Away,사직 야구장,18:30,26.3
심창민,2021,Samsung,2021-09-19,@ SSG,RP,H,0.0,0.0,0 ⅔,9,0,0,0,0,0,0,0,,Away,인천 SSG 랜더스필드,14:00,26.2
심창민,2021,Samsung,2021-09-17,vs. Kia,RP,H,0.0,0.0,0 ⅔,8,0,0,0,0,1,0,0,,Home,대구 삼성 라이온즈 파크,18:30,21.8
심창민,2021,Samsung,2021-09-15,vs. LG,RP,,0.0,0.0,0 ⅔,11,0,0,0,0,1,0,0,,Home,대구 삼성 라이온즈 파크,18:30,24.3
심창민,2021,Samsung,2021-09-12,@ Hanwha,RP,,0.0,1.0,1,21,0,0,1,0,2,0,0,,Away,대전 한화생명 볼파크,14:00,28.7
심창민,2021,Samsung,2021-09-11,@ Hanwha,RP,W,0.0,0.0,1,13,0,0,0,0,3,0,0,,Away,대전 한화생명 볼파크,17:00,29.5
심창민,2021,Samsung,2021-08-28,@ KT,RP,,0.0,,0,6,2,2,0,0,0,1,1,,Away,수원 KT 위즈파크,18:00,27.0
심창민,2021,Samsung,2021-08-24,vs. SSG,RP,,0.0,0.5,2,29,0,0,0,0,2,1,0,,Home,대구 삼성 라이온즈 파크,18:30,29.5
심창민,2021,Samsung,2021-08-17,@ Hanwha,RP,,27.0,9.0,0 ⅓,11,1,1,2,0,0,1,0,,Away,대전 한화생명 볼파크,18:30,29.5
심창민,2021,Samsung,2021-08-15,@ KT,RP,,0.0,1.5,1 ⅓,30,0,0,0,0,2,2,0,,Away,수원 KT 위즈파크,17:00,30.4
심창민,2021,Samsung,2021-08-14,@ KT,RP,,0.0,0.6,1 ⅔,25,0,0,0,0,1,1,0,,Away,수원 KT 위즈파크,18:00,29.1
심창민,2021,Samsung,2021-08-12,vs. Doosan,RP,,18.0,1.0,1,21,2,2,1,1,1,0,1,,Home,대구 삼성 라이온즈 파크,18:30,28.8
심창민,2021,Samsung,2021-07-10,vs. Lotte,RP,H,0.0,0.0,1,6,0,0,0,0,0,0,0,,Home,대구 삼성 라이온즈 파크,18:00,28.6
심창민,2021,Samsung,2021-07-08,vs. KT,RP,,0.0,0.0,1,16,0,0,0,0,2,0,0,,Home,대구 삼성 라이온즈 파크,18:30,25.3
심창민,2021,Samsung,2021-06-30,@ SSG,RP,L,18.0,2.0,2,42,4,4,3,1,2,1,0,,Away,인천 SSG 랜더스필드,18:30,27.5
심창민,2021,Samsung,2021-06-27,vs. LG,RP,L,27.0,4.5,1 ⅓,30,4,4,5,2,1,1,0,,Home,대구 삼성 라이온즈 파크,17:00,27.1
심창민,2021,Samsung,2021-06-26,vs. LG,RP,H,9.0,3.0,1,32,1,1,2,1,2,1,1,,Home,대구 삼성 라이온즈 파크,17:00,26.6
심창민,2021,Samsung,2021-06-23,vs. Hanwha,RP,H,0.0,0.0,1,12,0,0,0,0,2,0,0,,Home,대구 삼성 라이온즈 파크,18:30,23.0
심창민,2021,Samsung,2021-06-18,@ Lotte,RP,,0.0,1.0,1,15,0,0,0,0,1,1,0,,Away,사직 야구장,18:30,23.2
심창민,2021,Samsung,2021-06-16,@ Doosan,RP,H,0.0,1.0,1,17,0,0,1,0,2,0,0,,Away,잠실 야구장,18:30,27.2
심창민,2021,Samsung,2021-06-15,@ Doosan,RP,H,0.0,1.0,1,18,0,0,0,0,3,1,0,,Away,잠실 야구장,18:30,26.4
심창민,2021,Samsung,2021-06-13,vs. NC,RP,,0.0,7.5,0 ⅔,31,0,0,3,0,0,2,0,,Home,대구 삼성 라이온즈 파크,17:00,27.2
심창민,2021,Samsung,2021-06-12,vs. NC,RP,H,0.0,0.0,0 ⅓,4,0,0,0,0,1,0,0,,Home,대구 삼성 라이온즈 파크,17:00,24.6
심창민,2021,Samsung,2021-06-10,vs. Kia,RP,,0.0,0.0,1,15,0,0,0,0,2,0,0,,Home,대구 삼성 라이온즈 파크,18:30,24.6
심창민,2021,Samsung,2021-06-09,vs. Kia,RP,,0.0,1.0,1,17,0,0,1,0,0,0,0,,Home,대구 삼성 라이온즈 파크,18:30,24.2
심창민,2021,Samsung,2021-06-08,vs. Kia,RP,H,0.0,0.0,0 ⅓,13,0,0,0,0,0,0,1,,Home,대구 삼성 라이온즈 파크,18:30,24.4
심창민,2021,Samsung,2021-06-06,@ Kiwoom,RP,H,0.0,3.0,0 ⅓,7,0,0,0,0,1,1,0,,Away,고척 스카이돔,14:00,25.5
심창민,2021,Samsung,2021-06-04,@ Kiwoom,RP,,0.0,,0,8,2,2,2,0,0,1,0,,Away,고척 스카이돔,18:30,25.5
심창민,2021,Samsung,2021-06-02,@ SSG,RP,H,0.0,0.0,1,14,0,0,0,0,1,0,1,,Away,인천 SSG 랜더스필드,18:30,24.2
심창민,2021,Samsung,2021-05-30,vs. Doosan,RP,,0.0,1.0,1,25,0,0,0,0,1,1,0,,Home,대구 삼성 라이온즈 파크,14:00,23.5
심창민,2021,Samsung,2021-05-29,vs. Doosan,RP,,0.0,0.0,1,13,0,0,0,0,1,0,0,,Home,대구 삼성 라이온즈 파크,17:00,22.0
심창민,2021,Samsung,2021-05-26,@ NC,RP,,0.0,0.0,1 ⅔,28,0,0,0,0,5,0,0,,Away,창원 NC 파크,18:30,19.3
심창민,2021,Samsung,2021-05-21,vs. Kia,RP,,54.0,9.0,0 ⅓,26,2,2,3,0,0,0,0,,Home,대구 삼성 라이온즈 파크,18:30,20.1
심창민,2021,Samsung,2021-05-17,@ LG,RP,,0.0,2.0,1,23,0,0,0,0,2,2,0,,Away,잠실 야구장,18:30,16.5
심창민,2021,Samsung,2021-05-12,@ KT,RP,H,0.0,1.5,0 ⅔,20,0,0,1,0,1,0,1,,Away,수원 KT 위즈파크,18:30,26.3
심창민,2021,Samsung,2021-05-09,vs. Lotte,RP,W,0.0,1.5,1 ⅓,26,0,0,0,0,2,2,0,,Home,대구 삼성 라이온즈 파크,14:00,20.5
심창민,2021,Samsung,2021-05-08,vs. Lotte,RP,H,0.0,0.0,0 ⅔,4,0,0,0,0,0,0,0,,Home,대구 삼성 라이온즈 파크,17:00,18.1
심창민,2021,Samsung,2021-05-06,@ Hanwha,RP,,0.0,0.0,1,16,0,0,0,0,0,0,0,,Away,대전 한화생명 볼파크,18:30,21.7
심창민,2021,Samsung,2021-05-05,@ Hanwha,RP,W,0.0,0.0,0 ⅓,4,0,0,0,0,1,0,0,,Away,대전 한화생명 볼파크,14:00,20.2
심창민,2021,Samsung,2021-05-01,vs. LG,RP,,0.0,0.0,1,15,0,0,0,0,1,0,0,,Home,대구 삼성 라이온즈 파크,17:00,14.9
심창민,2021,Samsung,2021-04-29,vs. NC,RP,,9.0,2.0,1,19,1,1,2,1,2,0,0,,Home,대구 삼성 라이온즈 파크,18:30,17.3
심창민,2021,Samsung,2021-04-27,vs. NC,RP,,0.0,1.0,1,14,0,0,1,0,0,0,0,,Home,대구 삼성 라이온즈 파크,18:30,16.1
심창민,2021,Samsung,2021-04-22,vs. SSG,RP,,0.0,3.0,1,33,3,0,1,0,2,2,0,,Home,대구 삼성 라이온즈 파크,18:30,19.4
심창민,2021,Samsung,2021-04-21,vs. SSG,RP,,0.0,1.0,1,20,0,0,1,0,2,0,0,,Home,대구 삼성 라이온즈 파크,18:30,20.4
심창민,2021,Samsung,2021-04-18,@ Lotte,RP,,0.0,1.0,1,16,0,0,1,0,0,0,0,,Away,사직 야구장,14:00,16.2
심창민,2021,Samsung,2021-04-13,vs. Hanwha,RP,H,0.0,2.0,1,23,0,0,2,0,1,0,0,,Home,대구 삼성 라이온즈 파크,18:30,19.0
심창민,2021,Samsung,2021-04-10,vs. KT,RP,,5.4,1.2,1 ⅔,35,1,1,2,1,0,0,0,,Home,대구 삼성 라이온즈 파크,17:00,13.6
심창민,2021,Samsung,2021-04-08,@ Doosan,RP,,0.0,0.0,1,10,0,0,0,0,1,0,0,,Away,잠실 야구장,18:30,16.8
심창민,2021,Samsung,2021-04-06,@ Doosan,RP,,54.0,6.0,0 ⅓,12,2,2,1,0,0,1,0,,Away,잠실 야구장,18:30,17.4
심창민,2021,Samsung,2021-04-04,@ Kiwoom,RP,,0.0,,0,13,0,0,1,0,0,1,0,,Away,고척 스카이돔,14:00,25.5
심창민,2020,Samsung,2020-10-30,vs. NC,RP,,0.0,1.0,1,19,0,0,0,0,1,1,0,,Home,대구 삼성 라이온즈 파크,18:30,14.4
심창민,2020,Samsung,2020-10-25,@ Kia,RP,,0.0,0.0,1,9,0,0,0,0,0,0,0,,Away,광주 기아 챔피언스 필드,14:00,19.6
심창민,2020,Samsung,2020-10-18,@ Hanwha,RP,H,13.5,4.5,0 ⅔,20,1,1,1,0,1,2,0,,Away,대전 한화생명 볼파크,14:00,19.6
심창민,2020,Samsung,2020-10-17,@ Hanwha,RP,H,0.0,0.0,0 ⅔,5,0,0,0,0,1,0,0,,Away,대전 한화생명 볼파크,17:00,17.7
심창민,2020,Samsung,2020-10-15,vs. SK,RP,,54.0,6.0,0 ⅔,21,4,4,3,0,0,1,0,,Home,대구 삼성 라이온즈 파크,18:30,17.9
심창민,2020,Samsung,2020-10-11,vs. Lotte,RP,,13.5,1.5,0 ⅔,7,1,1,1,1,1,0,0,,Home,대구 삼성 라이온즈 파크,14:00,20.3
심창민,2020,Samsung,2020-10-09,vs. Lotte,RP,,0.0,6.0,0 ⅓,11,0,0,0,0,0,2,0,,Home,대구 삼성 라이온즈 파크,18:30,19.2
심창민,2020,Samsung,2020-10-08,@ LG,RP,,0.0,3.0,0 ⅔,22,0,0,1,0,1,1,0,,Away,잠실 야구장,18:30,20.2
심창민,2020,Samsung,2020-10-04,@ NC,RP,,27.0,3.0,0 ⅔,19,2,2,1,1,0,1,0,,Away,창원 NC 파크,14:00,24.8
심창민,2020,Samsung,2020-10-03,@ NC,RP,,0.0,1.5,1 ⅓,28,0,0,0,0,1,2,0,,Away,창원 NC 파크,17:00,23.2
심창민,2020,Samsung,2020-10-01,vs. KT,RP,H,6.75,0.75,1 ⅓,15,1,1,1,1,0,0,0,,Home,대구 삼성 라이온즈 파크,18:30,20.3
심창민,2020,Samsung,2020-09-29,vs. KT,RP,L,13.5,2.25,1 ⅓,30,2,2,2,0,2,1,0,,Home,대구 삼성 라이온즈 파크,18:30,21.5
심창민,2020,Samsung,2020-09-26,vs. SK,RP,W,0.0,1.0,1,17,0,0,1,0,1,0,0,,Home,대구 삼성 라이온즈 파크,17:00,23.6
심창민,2020,Samsung,2020-09-22,@ NC,RP,L,0.0,,0,10,3,0,1,0,1,0,1,,Away,창원 NC 파크,18:30,20.8
심창민,2020,Samsung,2020-09-20,vs. Kiwoom,RP,,54.0,9.0,0 ⅓,14,2,2,3,0,1,0,0,,Home,대구 삼성 라이온즈 파크,14:00,24.6
심창민,2020,Samsung,2020-09-18,vs. Kia,RP,,0.0,0.5,2,16,0,0,0,0,1,1,1,,Home,대구 삼성 라이온즈 파크,18:30,21.9
심창민,2020,Samsung,2020-09-15,@ KT,RP,,0.0,0.0,1,15,0,0,0,0,3,0,0,,Away,수원 KT 위즈파크,18:30,25.9
심창민,2020,Samsung,2020-09-11,@ Lotte,RP,,0.0,1.0,1,19,0,0,0,0,3,1,0,,Away,사직 야구장,18:30,25.1
심창민,2020,Samsung,2020-09-09,vs. Hanwha,RP,,0.0,1.0,1,20,0,0,1,0,0,0,0,,Home,대구 삼성 라이온즈 파크,18:30,26.0
심창민,2020,Samsung,2020-09-08,vs. Hanwha,RP,,0.0,0.0,1,17,0,0,0,0,2,0,0,,Home,대구 삼성 라이온즈 파크,18:30,26.9
심창민,2020,Samsung,2020-09-04,vs. Doosan,RP,,54.0,7.5,0 ⅔,38,4,4,2,0,1,3,0,,Home,대구 삼성 라이온즈 파크,18:30,26.7
심창민,2020,Samsung,2020-09-01,@ Kia,RP,,0.0,2.0,1,28,0,0,0,0,0,2,0,,Away,광주 기아 챔피언스 필드,18:30,30.3
심창민,2020,Samsung,2020-08-29,@ Kiwoom,RP,W,0.0,0.0,1,12,0,0,0,0,0,0,0,,Away,고척 스카이돔,18:00,25.5
우강훈,2024,LG,2024-09-21,vs. Doosan,RP,,0.0,0.0,1,8,0,0,0,0,0,0,0,,Home,잠실 야구장,17:00,23.1
우강훈,2024,LG,2024-06-11,@ Samsung,RP,,0.0,1.5,0 ⅔,16,0,0,1,0,2,0,1,,Away,대구 삼성 라이온즈 파크,18:30,24.2
우강훈,2024,LG,2024-06-09,@ KT,RP,,0.0,1.5,2,27,0,0,3,0,2,0,0,,Away,수원 KT 위즈파크,17:00,25.8
우강훈,2024,LG,2024-05-19,@ KT,RP,,9.0,1.0,1,20,1,1,1,0,1,0,0,,Away,수원 KT 위즈파크,14:00,26.5
우강훈,2024,LG,2024-05-14,vs. Kiwoom,RP,,0.0,3.0,1,27,1,0,2,0,1,1,0,,Home,잠실 야구장,18:30,22.7
우강훈,2024,LG,2024-05-07,vs. SSG,RP,,0.0,0.0,1,18,0,0,0,0,1,0,0,,Home,잠실 야구장,18:30,14.5
우강훈,2024,LG,2024-04-30,@ NC,RP,,0.0,1.0,1,12,0,0,0,0,1,1,0,,Away,창원 NC 파크,18:30,18.1
우강훈,2024,LG,2024-04-28,vs. Kia,RP,,0.0,2.0,1,21,1,0,1,0,1,1,1,,Home,잠실 야구장,14:00,27.6
우강훈,2024,LG,2024-04-26,vs. Kia,RP,,13.5,3.0,0 ⅔,19,1,1,2,0,1,0,2,,Home,잠실 야구장,18:30,23.8
우강훈,2024,LG,2024-04-23,@ Samsung,RP,,0.0,1.0,1,14,0,0,0,0,0,1,0,,Away,대구 삼성 라이온즈 파크,18:30,14.6
우강훈,2024,LG,2024-04-21,@ SSG,RP,,0.0,,0,10,1,1,1,0,0,0,1,,Away,인천 SSG 랜더스필드,14:00,19.8
우강훈,2024,LG,2024-04-21,@ SSG,RP,W,0.0,1.0,1,11,0,0,0,0,0,1,0,,Away,인천 SSG 랜더스필드,14:00,19.8
우강훈,2024,LG,2024-04-05,vs. KT,RP,,0.0,3.0,0 ⅓,9,0,0,0,0,0,1,0,,Home,잠실 야구장,18:30,16.4
우강훈,2024,LG,2024-03-24,@ SSG,RP,,0.0,,0,13,1,1,0,0,0,2,1,,Away,인천 SSG 랜더스필드,14:00,20.3
우강훈,2023,Lotte,2023-10-12,@ Kia,SP,,12.0,2.67,3,73,5,4,5,0,2,3,1,29.0,Away,광주 기아 챔피언스 필드,18:30,20.4
우강훈,2023,Lotte,2023-10-09,@ LG,RP,,0.0,2.0,1,16,0,0,1,0,1,1,0,,Away,잠실 야구장,18:30,19.8
우강훈,2023,Lotte,2023-10-05,vs. LG,RP,,0.0,0.0,2,28,0,0,0,0,2,0,0,,Home,사직 야구장,18:30,18.8
이종준,2024,LG,2024-09-28,@ Samsung,RP,W,0.0,1.0,1,16,0,0,0,0,0,1,0,,Away,대구 삼성 라이온즈 파크,17:00,26.8
이종준,2024,LG,2024-09-24,@ SSG,RP,,9.0,1.0,1,11,1,1,1,1,1,0,0,,Away,인천 SSG 랜더스필드,18:30,24.0
이종준,2024,LG,2024-09-21,vs. Doosan,RP,,0.0,,0,13,5,5,4,1,0,1,0,,Home,잠실 야구장,17:00,23.1
이종준,2024,LG,2024-09-19,@ Lotte,RP,H,0.0,1.0,1,19,0,0,0,0,0,1,0,,Away,사직 야구장,18:30,32.4
이종준,2024,LG,2024-09-17,@ Lotte,RP,L,13.5,4.5,0 ⅔,23,1,1,1,1,1,2,0,,Away,사직 야구장,18:30,32.5
이종준,2024,LG,2024-09-15,@ NC,RP,,0.0,1.0,1,16,0,0,0,0,0,1,0,,Away,창원 NC 파크,14:00,32.5
이종준,2024,LG,2024-09-10,vs. Lotte,RP,L,9.0,3.0,1,31,1,1,2,0,1,1,0,,Home,잠실 야구장,18:30,32.4
이종준,2024,LG,2024-09-06,vs. Hanwha,RP,,0.0,0.0,1,20,0,0,0,0,2,0,0,,Home,잠실 야구장,18:30,25.3
이종준,2024,LG,2024-09-04,vs. SSG,RP,,0.0,2.0,1,20,0,0,1,0,1,1,0,,Home,잠실 야구장,18:30,31.7
이종준,2024,LG,2024-08-30,@ KT,RP,,0.0,1.0,1,20,1,0,1,0,1,0,0,,Away,수원 KT 위즈파크,18:30,30.1
이종준,2024,LG,2024-08-29,vs. KT,RP,,0.0,0.0,1 ⅓,16,0,0,0,0,2,0,0,,Home,잠실 야구장,18:30,31.7
이종준,2024,LG,2024-08-24,@ Kiwoom,RP,,0.0,1.0,1,18,0,0,0,0,0,1,0,,Away,고척 스카이돔,18:00,25.5
이종준,2024,LG,2024-08-22,vs. SSG,RP,,0.0,0.5,2,21,0,0,1,0,3,0,0,,Home,잠실 야구장,18:30,30.5
이종준,2024,LG,2024-08-21,vs. SSG,RP,,0.0,0.0,0 ⅓,3,0,0,0,0,0,0,0,,Home,잠실 야구장,18:30,31.8
이종준,2024,LG,2024-08-17,vs. Kia,RP,,0.0,1.0,1,14,0,0,1,0,1,0,0,,Home,잠실 야구장,18:00,32.6
이종준,2024,LG,2024-08-15,@ Hanwha,RP,,0.0,1.5,1 ⅓,23,0,0,1,0,1,1,0,,Away,대전 한화생명 볼파크,18:30,32.7
이종준,2024,LG,2024-08-10,vs. NC,RP,,0.0,0.0,1,12,0,0,0,0,1,0,0,,Home,잠실 야구장,18:00,33.0
이종준,2024,LG,2024-05-21,@ Hanwha,RP,,0.0,3.75,1 ⅓,47,0,0,1,0,3,4,0,,Away,대전 한화생명 볼파크,18:30,24.9
이종준,2024,LG,2024-05-17,@ KT,RP,,27.0,9.0,0 ⅓,19,1,1,1,0,1,2,0,,Away,수원 KT 위즈파크,18:30,22.1
이종준,2024,LG,2024-05-14,vs. Kiwoom,RP,,0.0,1.0,1,17,0,0,1,0,0,0,0,,Home,잠실 야구장,18:30,22.7
이종준,2024,LG,2024-05-10,@ Lotte,RP,,0.0,1.0,1,12,0,0,1,0,2,0,0,,Away,사직 야구장,18:30,20.0
이종준,2024,LG,2024-05-03,vs. Doosan,RP,,9.0,2.0,1,21,1,1,2,0,2,0,0,,Home,잠실 야구장,18:30,26.2
이종준,2024,LG,2024-04-30,@ NC,RP,,6.75,1.5,1 ⅓,18,1,1,2,1,2,0,0,,Away,창원 NC 파크,18:30,18.1
이종준,2024,LG,2024-04-28,vs. Kia,RP,,27.0,9.0,0 ⅓,19,1,1,3,0,0,0,0,,Home,잠실 야구장,14:00,27.6
이종준,2024,LG,2024-04-24,@ Samsung,RP,,0.0,0.0,1,14,0,0,0,0,1,0,0,,Away,대구 삼성 라이온즈 파크,18:30,18.6
이종준,2024,LG,2024-04-21,@ SSG,RP,,0.0,1.0,1,13,0,0,1,0,1,0,0,,Away,인천 SSG 랜더스필드,14:00,19.8
이종준,2024,LG,2024-04-18,vs. Lotte,RP,,0.0,1.0,1,13,0,0,1,0,1,0,0,,Home,잠실 야구장,18:30,21.2
임준형,2024,LG,2024-09-28,@ Samsung,RP,,0.0,0.0,1,18,0,0,0,0,3,0,0,,Away,대구 삼성 라이온즈 파크,17:00,26.8
임준형,2024,LG,2024-09-21,vs. Doosan,RP,,9.0,1.0,1,26,1,1,1,1,1,0,1,,Home,잠실 야구장,17:00,23.1
임준형,2024,LG,2024-09-19,@ Lotte,SP,,0.0,3.0,0 ⅔,16,0,0,2,0,0,0,1,47.0,Away,사직 야구장,18:30,32.4
임준형,2024,LG,2024-09-17,@ Lotte,RP,,0.0,3.0,0 ⅔,15,0,0,1,0,1,1,0,,Away,사직 야구장,18:30,32.5
임준형,2024,LG,2024-09-11,vs. Kiwoom,RP,,27.0,6.0,0 ⅓,12,1,1,2,0,0,0,0,,Home,잠실 야구장,18:30,30.6
임준형,2024,LG,2024-09-08,vs. Hanwha,RP,,0.0,1.0,1,8,0,0,1,0,0,0,0,,Home,잠실 야구장,14:00,31.0
임준형,2024,LG,2024-09-05,vs. SSG,RP,,0.0,1.5,0 ⅔,14,0,0,1,0,0,0,0,,Home,잠실 야구장,18:30,28.6
임준형,2024,LG,2024-09-03,@ Kia,RP,,0.0,0.0,0 ⅓,5,0,0,0,0,1,0,0,,Away,광주 기아 챔피언스 필드,18:30,29.6
임준형,2024,LG,2024-08-29,vs. KT,RP,,0.0,0.0,0 ⅓,5,0,0,0,0,1,0,0,,Home,잠실 야구장,18:30,31.7
임준형,2024,LG,2024-08-24,@ Kiwoom,RP,,0.0,0.0,1,13,0,0,0,0,1,0,0,,Away,고척 스카이돔,18:00,25.5
임준형,2024,LG,2024-08-22,vs. SSG,RP,,0.0,1.0,1,10,0,0,1,0,1,0,0,,Home,잠실 야구장,18:30,30.5
임준형,2024,LG,2024-08-10,vs. NC,RP,,0.0,1.0,1,17,0,0,0,0,1,1,0,,Home,잠실 야구장,18:00,33.0
임준형,2024,LG,2024-08-03,@ Lotte,RP,,81.0,6.0,0 ⅓,9,3,3,2,1,0,0,1,,Away,사직 야구장,18:00,33.0
임준형,2024,LG,2024-07-31,vs. Samsung,RP,,0.0,1.0,1,15,0,0,1,0,1,0,0,,Home,잠실 야구장,18:30,33.1
임준형,2024,LG,2024-07-30,vs. Samsung,RP,,54.0,6.0,0 ⅓,9,2,2,1,0,0,1,0,,Home,잠실 야구장,18:30,32.4
임준형,2024,LG,2024-07-28,vs. Hanwha,RP,,0.0,0.75,1 ⅓,20,0,0,1,0,0,0,0,,Home,잠실 야구장,17:00,31.7
임준형,2024,LG,2024-07-25,@ Lotte,RP,,0.0,0.0,1 ⅔,18,0,0,0,0,2,0,0,,Away,사직 야구장,18:30,31.0
임준형,2024,LG,2024-07-17,vs. SSG,RP,,0.0,,0,10,3,3,2,0,0,1,0,,Home,잠실 야구장,18:30,27.6
임준형,2022,LG,2022-10-07,@ NC,RP,H,0.0,3.0,1,28,0,0,1,0,2,2,0,,Away,창원 NC 파크,18:30,18.0
임준형,2022,LG,2022-06-12,vs. Doosan,SP,,27.0,5.0,1,32,3,3,4,0,2,1,0,34.0,Home,잠실 야구장,17:00,28.6
임준형,2022,LG,2022-06-05,vs. SSG,SP,L,3.0,1.0,6,83,2,2,4,0,4,2,0,58.0,Home,잠실 야구장,17:00,22.8
임준형,2022,LG,2022-05-31,@ Lotte,SP,L,18.0,3.33,3,70,7,6,8,1,2,2,0,17.0,Away,사직 야구장,18:30,23.9
임준형,2022,LG,2022-04-29,vs. Lotte,SP,,9.0,2.5,4,81,4,4,6,0,2,4,0,32.0,Home,잠실 야구장,18:30,15.0
임준형,2022,LG,2022-04-23,@ Doosan,SP,L,7.36,0.82,3 ⅔,61,4,3,2,1,1,1,2,41.0,Away,잠실 야구장,17:00,24.7
임준형,2022,LG,2022-04-17,@ Hanwha,RP,,6.75,2.25,2 ⅔,56,2,2,5,0,1,1,1,,Away,대전 한화생명 볼파크,14:00,20.8
임준형,2022,LG,2022-04-15,@ Hanwha,RP,,0.0,1.2,1 ⅔,17,0,0,2,0,3,0,0,,Away,대전 한화생명 볼파크,18:30,16.9
임준형,2022,LG,2022-04-09,vs. NC,RP,W,0.0,0.8,5,62,0,0,3,0,7,1,0,,Home,잠실 야구장,17:00,22.5
임준형,2022,LG,2022-04-07,@ Kiwoom,RP,,0.0,0.5,2,30,0,0,1,0,2,0,0,,Away,고척 스카이돔,18:30,25.5
임준형,2021,LG,2021-10-26,@ Hanwha,SP,W,0.0,0.67,6,83,0,0,3,0,5,1,1,69.0,Away,대전 한화생명 볼파크,18:30,15.5
임준형,2021,LG,2021-10-21,vs. Kiwoom,SP,,18.0,3.0,2,55,4,4,5,0,3,1,0,32.0,Home,잠실 야구장,18:30,12.3
임준형,2021,LG,2021-10-16,@ NC,SP,,0.0,0.8,5,73,0,0,4,0,4,0,1,62.0,Away,창원 NC 파크,17:00,15.4
임준형,2021,LG,2021-10-09,vs. KT,SP,,2.45,1.36,3 ⅔,61,1,1,3,0,1,2,1,49.0,Home,잠실 야구장,17:00,24.0
임준형,2021,LG,2021-09-05,vs. KT,RP,,5.06,1.69,5 ⅓,82,3,3,9,0,6,0,0,,Home,잠실 야구장,14:00,26.8
임준형,2021,LG,2021-09-03,vs. NC,RP,,0.0,0.0,1,13,0,0,0,0,2,0,0,,Home,잠실 야구장,18:30,27.0
허준혁,2022,LG,2022-08-04,@ Lotte,RP,,0.0,2.0,1,16,0,0,2,0,0,0,0,,Away,사직 야구장,18:30,31.0
허준혁,2022,LG,2022-05-26,vs. Kiwoom,RP,,6.75,1.5,1 ⅓,23,2,1,2,0,2,0,0,,Home,잠실 야구장,18:30,21.2
허준혁,2022,LG,2022-05-12,vs. Hanwha,RP,,54.0,12.0,0 ⅓,17,2,2,4,1,1,0,0,,Home,잠실 야구장,18:30,25.2
허준혁,2022,LG,2022-05-06,@ NC,RP,,13.5,6.0,0 ⅔,26,1,1,2,1,1,2,0,,Away,창원 NC 파크,18:30,22.2
허준혁,2022,LG,2022-05-05,vs. Doosan,RP,,9.0,1.0,1,11,1,1,1,1,0,0,0,,Home,잠실 야구장,14:00,24.8
허준혁,2022,LG,2022-05-04,vs. Doosan,RP,,0.0,0.0,0 ⅓,2,0,0,0,0,0,0,0,,Home,잠실 야구장,18:30,22.3
