PlayerName,Year,Team,Date,Opp,Role,Dec,ERA,WHIP,IP,NP,R,ER,H,HR,SO,BB,HB,GS,Venue,Stadium,Time,Temp
조동욱,2024,Hanwha,2024-09-28,vs. SSG,RP,,0.0,,0,17,1,1,2,0,0,1,0,,Home,대전 한화생명 볼파크,17:00,26.2
조동욱,2024,Hanwha,2024-09-25,@ LG,SP,,6.0,1.67,3,52,2,2,4,0,2,1,1,43.0,Away,잠실 야구장,18:30,26.4
조동욱,2024,Hanwha,2024-09-18,@ NC,SP,,13.5,2.25,1 ⅓,25,2,2,3,1,1,0,0,41.0,Away,창원 NC 파크,18:30,31.3
조동욱,2024,Hanwha,2024-09-12,vs. Samsung,RP,,7.36,1.09,3 ⅔,60,3,3,4,1,3,0,0,,Home,대전 한화생명 볼파크,18:30,28.8
조동욱,2024,Hanwha,2024-09-08,@ LG,SP,L,4.5,2.0,2,49,2,1,2,0,3,2,1,46.0,Away,잠실 야구장,14:00,31.0
조동욱,2024,Hanwha,2024-08-01,@ KT,RP,,27.0,9.0,0 ⅓,20,4,1,3,0,1,0,0,,Away,수원 KT 위즈파크,18:30,33.1
조동욱,2024,Hanwha,2024-07-31,@ KT,RP,,0.0,0.0,1,10,0,0,0,0,0,0,0,,Away,수원 KT 위즈파크,18:30,32.7
조동욱,2024,Hanwha,2024-07-20,vs. Kia,RP,,6.75,3.0,1 ⅓,30,1,1,4,0,0,0,0,,Home,대전 한화생명 볼파크,18:00,31.9
조동욱,2024,Hanwha,2024-07-19,vs. Kia,RP,,18.0,3.0,1,29,2,2,2,1,2,1,0,,Home,대전 한화생명 볼파크,18:30,29.0
조동욱,2024,Hanwha,2024-07-17,@ NC,RP,,0.0,0.0,1,10,0,0,0,0,1,0,0,,Away,창원 NC 파크,18:30,30.2
조동욱,2024,Hanwha,2024-07-14,vs. LG,RP,,0.0,6.0,0 ⅓,16,0,0,2,0,0,0,0,,Home,대전 한화생명 볼파크,17:00,28.7
조동욱,2024,Hanwha,2024-07-12,vs. LG,RP,,0.0,0.0,1,16,0,0,0,0,1,0,0,,Home,대전 한화생명 볼파크,18:30,30.4
조동욱,2024,Hanwha,2024-07-10,@ Kiwoom,RP,,0.0,1.0,1,14,0,0,1,0,1,0,0,,Away,고척 스카이돔,18:30,25.5
조동욱,2024,Hanwha,2024-07-04,vs. KT,RP,,0.0,1.0,1,21,0,0,1,0,1,0,0,,Home,대전 한화생명 볼파크,18:30,31.8
조동욱,2024,Hanwha,2024-07-02,vs. KT,RP,,0.0,1.5,0 ⅔,11,0,0,1,0,1,0,0,,Home,대전 한화생명 볼파크,18:30,27.6
조동욱,2024,Hanwha,2024-06-27,vs. Doosan,RP,,9.0,2.0,1,15,1,1,2,1,2,0,0,,Home,대전 한화생명 볼파크,18:30,26.8
조동욱,2024,Hanwha,2024-06-09,vs. NC,SP,,2.25,2.0,4,68,1,1,5,0,3,3,1,47.0,Home,대전 한화생명 볼파크,17:00,28.7
조동욱,2024,Hanwha,2024-06-01,@ Samsung,SP,L,9.64,1.93,4 ⅔,95,5,5,6,1,5,3,0,34.0,Away,대구 삼성 라이온즈 파크,17:00,24.0
조동욱,2024,Hanwha,2024-05-24,@ SSG,SP,,12.27,2.18,3 ⅔,77,5,5,7,0,4,1,2,28.0,Away,인천 SSG 랜더스필드,18:30,20.8
조동욱,2024,Hanwha,2024-05-18,@ Samsung,SP,,12.0,2.0,3,49,4,4,5,0,1,1,1,32.0,Away,대구 삼성 라이온즈 파크,17:00,22.1
조동욱,2024,Hanwha,2024-05-12,vs. Kiwoom,SP,W,0.0,0.67,6,70,1,0,3,0,0,1,0,63.0,Home,대전 한화생명 볼파크,14:00,22.2
한승혁,2024,Hanwha,2024-09-29,vs. NC,RP,,0.0,2.0,1,20,0,0,1,0,1,1,0,,Home,대전 한화생명 볼파크,14:00,26.4
한승혁,2024,Hanwha,2024-09-27,vs. Kia,RP,,0.0,2.0,1,17,0,0,1,0,1,1,0,,Home,대전 한화생명 볼파크,18:30,24.4
한승혁,2024,Hanwha,2024-09-25,@ LG,RP,H,0.0,1.0,1,14,0,0,1,0,1,0,0,,Away,잠실 야구장,18:30,26.4
한승혁,2024,Hanwha,2024-09-22,vs. Lotte,RP,H,0.0,0.0,1,14,0,0,0,0,0,0,0,,Home,대전 한화생명 볼파크,14:00,25.7
한승혁,2024,Hanwha,2024-09-19,@ NC,RP,H,9.0,1.0,1,14,1,1,1,1,1,0,0,,Away,창원 NC 파크,18:30,31.9
한승혁,2024,Hanwha,2024-09-17,@ NC,RP,,27.0,9.0,0 ⅓,18,1,1,3,0,0,0,0,,Away,창원 NC 파크,18:30,31.9
한승혁,2024,Hanwha,2024-09-15,@ Lotte,RP,,0.0,,0,5,2,2,2,0,0,0,0,,Away,사직 야구장,14:00,32.7
한승혁,2024,Hanwha,2024-09-14,@ Lotte,RP,,54.0,6.0,0 ⅓,13,2,2,1,0,1,1,0,,Away,사직 야구장,17:00,32.2
한승혁,2024,Hanwha,2024-09-06,@ LG,RP,H,0.0,1.0,1,16,0,0,1,0,1,0,1,,Away,잠실 야구장,18:30,25.3
한승혁,2024,Hanwha,2024-09-05,@ Kia,RP,,0.0,1.0,1,13,0,0,1,0,1,0,0,,Away,광주 기아 챔피언스 필드,18:30,30.7
한승혁,2024,Hanwha,2024-09-03,vs. Doosan,RP,,0.0,0.0,1,16,0,0,0,0,1,0,1,,Home,대전 한화생명 볼파크,18:30,29.1
한승혁,2024,Hanwha,2024-08-31,vs. KT,RP,,27.0,7.5,0 ⅔,36,2,2,2,0,0,3,0,,Home,대전 한화생명 볼파크,18:00,29.7
한승혁,2024,Hanwha,2024-08-28,@ Lotte,RP,,0.0,0.0,1,9,0,0,0,0,1,0,0,,Away,사직 야구장,18:30,30.1
한승혁,2024,Hanwha,2024-08-27,@ Lotte,RP,L,81.0,9.0,0 ⅓,15,3,3,2,0,0,1,0,,Away,사직 야구장,18:30,28.2
한승혁,2024,Hanwha,2024-08-24,@ Doosan,RP,H,0.0,0.0,1,13,0,0,0,0,1,0,0,,Away,잠실 야구장,18:00,31.2
한승혁,2024,Hanwha,2024-08-23,@ Doosan,RP,H,0.0,0.75,1 ⅓,20,0,0,0,0,0,1,0,,Away,잠실 야구장,18:30,31.2
한승혁,2024,Hanwha,2024-08-20,vs. NC,RP,,0.0,,0,4,0,0,0,0,0,1,0,,Home,대전 한화생명 볼파크,18:30,31.0
한승혁,2024,Hanwha,2024-08-17,@ SSG,RP,H,0.0,2.0,1,25,0,0,0,0,2,2,0,,Away,인천 SSG 랜더스필드,18:00,32.0
한승혁,2024,Hanwha,2024-08-16,@ SSG,RP,H,0.0,0.75,1 ⅓,19,0,0,1,0,1,0,0,,Away,인천 SSG 랜더스필드,18:30,32.3
한승혁,2024,Hanwha,2024-08-14,vs. LG,RP,W,0.0,3.0,1,17,0,0,2,0,2,1,0,,Home,대전 한화생명 볼파크,18:30,32.0
한승혁,2024,Hanwha,2024-08-09,vs. Kiwoom,RP,W,0.0,0.75,1 ⅓,23,0,0,1,0,0,0,0,,Home,대전 한화생명 볼파크,18:30,32.4
한승혁,2024,Hanwha,2024-08-08,@ Samsung,RP,H,0.0,0.0,1,17,0,0,0,0,3,0,0,,Away,대구 삼성 라이온즈 파크,18:30,30.6
한승혁,2024,Hanwha,2024-08-06,@ Samsung,RP,,9.0,3.0,1,26,1,1,2,0,0,1,0,,Away,대구 삼성 라이온즈 파크,18:30,31.2
한승혁,2024,Hanwha,2024-08-02,vs. Kia,RP,,0.0,1.0,1,12,0,0,1,0,1,0,0,,Home,대전 한화생명 볼파크,18:30,33.8
한승혁,2024,Hanwha,2024-07-30,@ KT,RP,H,0.0,0.0,1,13,0,0,0,0,2,0,0,,Away,수원 KT 위즈파크,18:30,32.4
한승혁,2024,Hanwha,2024-07-28,@ LG,RP,H,9.0,2.0,1,28,1,1,1,0,0,1,2,,Away,잠실 야구장,17:00,31.7
한승혁,2024,Hanwha,2024-07-23,vs. Samsung,RP,W,0.0,2.0,1,19,2,0,1,0,0,1,0,,Home,대전 한화생명 볼파크,18:30,29.7
한승혁,2024,Hanwha,2024-07-21,vs. Kia,RP,H,0.0,0.0,1,15,0,0,0,0,2,0,0,,Home,대전 한화생명 볼파크,17:00,32.4
한승혁,2024,Hanwha,2024-07-18,@ NC,RP,,0.0,1.0,1,16,0,0,1,0,1,0,0,,Away,창원 NC 파크,18:30,29.9
한승혁,2024,Hanwha,2024-07-14,vs. LG,RP,,40.5,4.5,0 ⅔,25,3,3,0,0,0,3,0,,Home,대전 한화생명 볼파크,17:00,28.7
한승혁,2024,Hanwha,2024-07-11,@ Kiwoom,RP,,0.0,4.5,0 ⅔,17,0,0,1,0,1,2,0,,Away,고척 스카이돔,18:30,25.5
한승혁,2024,Hanwha,2024-07-09,@ Kiwoom,RP,,0.0,3.0,0 ⅔,15,1,0,1,0,1,1,0,,Away,고척 스카이돔,18:30,25.5
한승혁,2024,Hanwha,2024-07-04,vs. KT,RP,H,0.0,1.0,1,15,0,0,1,0,2,0,0,,Home,대전 한화생명 볼파크,18:30,31.8
한승혁,2024,Hanwha,2024-07-02,vs. KT,RP,,0.0,2.0,1,23,0,0,2,0,1,0,0,,Home,대전 한화생명 볼파크,18:30,27.6
한승혁,2024,Hanwha,2024-06-28,@ Lotte,RP,,0.0,1.0,1,19,0,0,1,0,2,0,1,,Away,사직 야구장,18:30,26.9
한승혁,2024,Hanwha,2024-06-27,vs. Doosan,RP,,0.0,0.0,1,8,0,0,0,0,1,0,0,,Home,대전 한화생명 볼파크,18:30,26.8
한승혁,2024,Hanwha,2024-06-25,vs. Doosan,RP,,81.0,9.0,0 ⅓,11,3,3,2,1,0,1,0,,Home,대전 한화생명 볼파크,18:30,25.8
한승혁,2024,Hanwha,2024-06-23,@ Kia,RP,,0.0,0.0,0 ⅔,15,0,0,0,0,1,0,0,,Away,광주 기아 챔피언스 필드,17:00,30.2
한승혁,2024,Hanwha,2024-06-23,@ Kia,RP,,0.0,0.0,1,7,0,0,0,0,1,0,0,,Away,광주 기아 챔피언스 필드,17:00,30.2
한승혁,2024,Hanwha,2024-06-19,vs. Kiwoom,RP,W,0.0,0.0,1,9,0,0,0,0,1,0,0,,Home,대전 한화생명 볼파크,18:30,31.1
한승혁,2024,Hanwha,2024-06-16,vs. SSG,RP,,0.0,1.5,0 ⅔,15,0,0,0,0,2,1,0,,Home,대전 한화생명 볼파크,17:00,27.4
한승혁,2024,Hanwha,2024-06-15,vs. SSG,RP,,0.0,1.0,1,17,0,0,0,0,1,1,0,,Home,대전 한화생명 볼파크,17:00,28.4
한승혁,2024,Hanwha,2024-06-12,@ Doosan,RP,W,0.0,0.0,1,13,0,0,0,0,2,0,0,,Away,잠실 야구장,18:30,27.6
한승혁,2024,Hanwha,2024-06-11,@ Doosan,RP,,0.0,1.0,1,12,0,0,1,0,2,0,0,,Away,잠실 야구장,18:30,27.8
한승혁,2024,Hanwha,2024-06-09,vs. NC,RP,H,0.0,2.0,1,23,0,0,1,0,1,1,0,,Home,대전 한화생명 볼파크,17:00,28.7
한승혁,2024,Hanwha,2024-06-07,vs. NC,RP,,0.0,0.0,1,18,0,0,0,0,0,0,0,,Home,대전 한화생명 볼파크,18:30,25.3
한승혁,2024,Hanwha,2024-06-05,@ KT,RP,H,0.0,1.0,1,21,0,0,1,0,3,0,0,,Away,수원 KT 위즈파크,18:30,22.8
한승혁,2024,Hanwha,2024-06-04,@ KT,RP,,9.0,1.0,1,10,1,1,1,0,1,0,0,,Away,수원 KT 위즈파크,18:30,23.2
한승혁,2024,Hanwha,2024-05-31,@ Samsung,RP,H,0.0,1.5,1 ⅓,29,0,0,1,0,0,1,0,,Away,대구 삼성 라이온즈 파크,18:30,21.8
한승혁,2024,Hanwha,2024-05-30,vs. Lotte,RP,,0.0,0.0,1,14,0,0,0,0,2,0,0,,Home,대전 한화생명 볼파크,18:30,23.9
한승혁,2024,Hanwha,2024-05-28,vs. Lotte,RP,,0.0,1.0,1,17,0,0,1,0,0,0,0,,Home,대전 한화생명 볼파크,18:30,23.5
한승혁,2024,Hanwha,2024-05-23,vs. LG,RP,,0.0,0.5,2,28,0,0,1,0,1,0,0,,Home,대전 한화생명 볼파크,18:30,27.9
한승혁,2024,Hanwha,2024-05-17,@ Samsung,RP,,27.0,6.0,0 ⅔,26,2,2,4,0,1,0,0,,Away,대구 삼성 라이온즈 파크,18:30,21.0
한승혁,2024,Hanwha,2024-05-15,vs. NC,RP,,54.0,15.0,0 ⅓,20,2,2,4,0,0,1,0,,Home,대전 한화생명 볼파크,18:30,11.1
한승혁,2024,Hanwha,2024-04-26,vs. Doosan,RP,,6.75,2.25,1 ⅓,27,2,1,3,0,3,0,0,,Home,대전 한화생명 볼파크,18:30,22.9
한승혁,2024,Hanwha,2024-04-23,@ KT,RP,L,40.5,7.5,0 ⅔,26,3,3,3,0,0,2,0,,Away,수원 KT 위즈파크,18:30,19.2
한승혁,2024,Hanwha,2024-04-21,vs. Samsung,RP,L,20.25,2.25,1 ⅓,31,3,3,0,0,2,3,0,,Home,대전 한화생명 볼파크,14:00,17.2
한승혁,2024,Hanwha,2024-04-19,vs. Samsung,RP,,0.0,0.0,1,14,0,0,0,0,1,0,0,,Home,대전 한화생명 볼파크,18:30,23.6
한승혁,2024,Hanwha,2024-04-16,@ NC,RP,,13.5,3.0,0 ⅔,17,1,1,2,0,0,0,0,,Away,창원 NC 파크,18:30,21.0
한승혁,2024,Hanwha,2024-04-14,vs. Kia,RP,,0.0,1.5,1 ⅓,32,0,0,1,0,1,1,1,,Home,대전 한화생명 볼파크,14:00,27.7
한승혁,2024,Hanwha,2024-04-11,@ Doosan,RP,H,0.0,0.0,1,15,0,0,0,0,1,0,0,,Away,잠실 야구장,18:30,20.1
한승혁,2024,Hanwha,2024-04-09,@ Doosan,RP,L,54.0,6.0,0 ⅓,13,2,2,0,0,0,2,0,,Away,잠실 야구장,18:30,19.7
한승혁,2024,Hanwha,2024-04-07,@ Kiwoom,RP,,0.0,1.0,1,21,0,0,1,0,1,0,0,,Away,고척 스카이돔,14:00,25.5
한승혁,2024,Hanwha,2024-04-04,vs. Lotte,RP,H,0.0,0.0,1,14,0,0,0,0,0,0,0,,Home,대전 한화생명 볼파크,18:30,14.3
한승혁,2024,Hanwha,2024-04-02,vs. Lotte,RP,L,27.0,6.0,0 ⅓,15,1,1,1,0,1,1,0,,Home,대전 한화생명 볼파크,18:30,22.9
한승혁,2024,Hanwha,2024-03-30,vs. KT,RP,,0.0,1.0,1,13,0,0,0,0,1,1,0,,Home,대전 한화생명 볼파크,17:00,16.1
한승혁,2024,Hanwha,2024-03-29,vs. KT,RP,,0.0,2.25,1 ⅓,27,0,0,2,0,0,1,0,,Home,대전 한화생명 볼파크,18:30,11.7
한승혁,2024,Hanwha,2024-03-27,@ SSG,RP,H,0.0,3.0,0 ⅓,11,0,0,1,0,0,0,0,,Away,인천 SSG 랜더스필드,18:30,10.4
한승혁,2024,Hanwha,2024-03-26,@ SSG,RP,,0.0,0.0,1,16,0,0,0,0,1,0,0,,Away,인천 SSG 랜더스필드,18:30,7.8
한승혁,2024,Hanwha,2024-03-23,@ LG,RP,,0.0,0.0,0 ⅓,4,0,0,0,0,1,0,0,,Away,잠실 야구장,14:00,15.9
한승혁,2023,Hanwha,2023-08-11,vs. Doosan,SP,L,18.0,3.5,2,53,5,4,5,1,0,2,0,26.0,Home,대전 한화생명 볼파크,18:30,28.1
한승혁,2023,Hanwha,2023-08-05,@ Kia,SP,L,12.0,3.33,3,76,4,4,6,0,3,4,0,30.0,Away,광주 기아 챔피언스 필드,18:00,35.1
한승혁,2023,Hanwha,2023-07-30,@ SSG,SP,,2.25,1.25,4,60,1,1,3,0,4,2,0,54.0,Away,인천 SSG 랜더스필드,17:00,33.6
한승혁,2023,Hanwha,2023-07-25,@ Kiwoom,SP,,10.13,2.25,2 ⅔,55,3,3,4,0,2,2,1,37.0,Away,고척 스카이돔,18:30,25.5
한승혁,2023,Hanwha,2023-07-21,vs. NC,RP,,0.0,3.0,0 ⅓,9,0,0,1,0,0,0,1,,Home,대전 한화생명 볼파크,18:30,29.2
한승혁,2023,Hanwha,2023-06-28,vs. KT,SP,,12.0,2.67,3,61,4,4,8,0,2,0,0,29.0,Home,대전 한화생명 볼파크,18:30,28.0
한승혁,2023,Hanwha,2023-06-22,vs. Kia,SP,,0.0,0.75,4,64,0,0,1,0,4,2,0,62.0,Home,대전 한화생명 볼파크,18:30,26.5
한승혁,2023,Hanwha,2023-06-17,vs. Kiwoom,SP,,3.0,1.33,3,50,1,1,3,0,0,1,0,48.0,Home,대전 한화생명 볼파크,17:00,28.8
한승혁,2023,Hanwha,2023-06-11,vs. LG,RP,,6.75,2.25,1 ⅓,28,1,1,2,1,1,1,0,,Home,대전 한화생명 볼파크,17:00,27.3
한승혁,2023,Hanwha,2023-06-08,@ Doosan,RP,,0.0,0.0,1,13,0,0,0,0,1,0,0,,Away,잠실 야구장,18:30,24.5
한승혁,2023,Hanwha,2023-06-06,@ Doosan,RP,,0.0,1.0,2,28,0,0,2,0,1,0,0,,Away,잠실 야구장,18:30,23.4
한승혁,2023,Hanwha,2023-04-26,@ Lotte,RP,,13.5,3.75,1 ⅓,32,2,2,4,0,3,1,0,,Away,사직 야구장,18:30,16.0
한승혁,2023,Hanwha,2023-04-21,vs. LG,RP,,0.0,9.0,0 ⅓,19,0,0,0,0,0,3,0,,Home,대전 한화생명 볼파크,18:30,21.6
한승혁,2023,Hanwha,2023-04-19,vs. Doosan,RP,,0.0,1.0,1,17,0,0,1,0,2,0,0,,Home,대전 한화생명 볼파크,18:30,25.2
한승혁,2023,Hanwha,2023-04-16,@ KT,RP,,0.0,0.38,2 ⅔,38,0,0,0,0,0,1,0,,Away,수원 KT 위즈파크,14:00,14.6
한승혁,2023,Hanwha,2023-04-14,@ KT,RP,H,13.5,3.0,0 ⅔,14,1,1,2,0,1,0,0,,Away,수원 KT 위즈파크,18:30,19.5
한승혁,2023,Hanwha,2023-04-12,@ Kia,RP,,0.0,3.0,0 ⅔,16,0,0,1,0,2,1,0,,Away,광주 기아 챔피언스 필드,18:30,16.2
한승혁,2023,Hanwha,2023-04-09,vs. SSG,RP,,0.0,0.0,1,3,0,0,0,0,0,0,0,,Home,대전 한화생명 볼파크,14:00,18.0
한승혁,2023,Hanwha,2023-04-07,vs. SSG,RP,L,0.0,,0,14,4,4,3,0,0,1,1,,Home,대전 한화생명 볼파크,18:30,11.9
한승혁,2023,Hanwha,2023-04-04,@ Samsung,RP,,6.75,0.75,1 ⅓,18,1,1,1,1,0,0,0,,Away,대구 삼성 라이온즈 파크,18:30,16.5
한승혁,2023,Hanwha,2023-04-02,@ Kiwoom,RP,,0.0,1.0,1,16,0,0,1,0,2,0,0,,Away,고척 스카이돔,14:00,25.5
한승혁,2022,Kia,2022-10-08,vs. KT,SP,,0.0,0.0,2,21,0,0,0,0,2,0,0,58.0,Home,광주 기아 챔피언스 필드,17:00,19.8
한승혁,2022,Kia,2022-10-05,vs. LG,RP,,27.0,5.0,1,32,3,3,5,0,2,0,0,,Home,광주 기아 챔피언스 필드,18:30,17.2
한승혁,2022,Kia,2022-09-23,@ NC,RP,,9.0,2.0,1,16,1,1,1,0,0,1,0,,Away,창원 NC 파크,18:30,23.4
한승혁,2022,Kia,2022-09-07,@ Lotte,SP,,11.57,3.43,2 ⅓,51,3,3,5,0,2,3,0,34.0,Away,사직 야구장,18:30,24.9
한승혁,2022,Kia,2022-08-10,@ Samsung,RP,L,0.0,,0,12,1,1,1,0,0,0,1,,Away,대구 삼성 라이온즈 파크,18:30,30.1
한승혁,2022,Kia,2022-08-07,vs. Doosan,RP,W,0.0,1.2,1 ⅔,33,0,0,0,0,2,2,0,,Home,광주 기아 챔피언스 필드,17:00,33.8
한승혁,2022,Kia,2022-08-05,vs. Doosan,RP,,0.0,3.0,1,27,0,0,2,0,0,1,0,,Home,광주 기아 챔피언스 필드,18:30,33.3
한승혁,2022,Kia,2022-08-03,@ Hanwha,RP,,0.0,3.0,1,30,0,0,1,0,1,2,0,,Away,대전 한화생명 볼파크,18:30,32.4
한승혁,2022,Kia,2022-07-30,vs. SSG,RP,,18.0,4.0,1,24,2,2,2,0,0,2,0,,Home,광주 기아 챔피언스 필드,18:00,31.5
한승혁,2022,Kia,2022-07-27,vs. NC,RP,W,0.0,1.0,2,29,0,0,1,0,0,1,0,,Home,광주 기아 챔피언스 필드,18:30,30.6
한승혁,2022,Kia,2022-07-10,vs. Hanwha,SP,,3.6,1.8,5,87,3,2,8,1,4,1,0,44.0,Home,광주 기아 챔피언스 필드,17:00,32.8
한승혁,2022,Kia,2022-06-30,@ Kiwoom,SP,,5.4,1.4,5,82,3,3,3,1,6,4,1,50.0,Away,고척 스카이돔,18:30,25.5
한승혁,2022,Kia,2022-06-24,@ Doosan,SP,,1.8,1.2,5,91,2,1,3,0,3,3,1,54.0,Away,잠실 야구장,18:30,26.7
한승혁,2022,Kia,2022-06-18,vs. Samsung,SP,L,10.13,3.0,2 ⅔,58,3,3,6,0,1,2,0,33.0,Home,광주 기아 챔피언스 필드,17:00,28.3
한승혁,2022,Kia,2022-06-12,vs. Kiwoom,SP,L,11.57,2.14,4 ⅔,86,6,6,7,1,2,3,0,25.0,Home,광주 기아 챔피언스 필드,17:00,26.2
한승혁,2022,Kia,2022-05-29,vs. SSG,SP,,13.5,2.63,2 ⅔,55,4,4,6,0,0,1,0,29.0,Home,광주 기아 챔피언스 필드,14:00,29.3
한승혁,2022,Kia,2022-05-24,@ Samsung,SP,,5.4,2.0,5,88,3,3,9,0,3,1,0,39.0,Away,대구 삼성 라이온즈 파크,18:30,24.1
한승혁,2022,Kia,2022-05-18,@ Lotte,SP,,27.0,4.2,1 ⅔,43,5,5,6,0,2,1,0,24.0,Away,사직 야구장,18:30,20.6
한승혁,2022,Kia,2022-05-12,vs. KT,SP,,4.5,1.17,6,87,4,3,5,1,8,2,0,54.0,Home,광주 기아 챔피언스 필드,18:30,22.5
한승혁,2022,Kia,2022-05-06,@ Hanwha,SP,W,1.5,1.17,6,94,2,1,5,0,7,2,1,60.0,Away,대전 한화생명 볼파크,18:30,24.3
한승혁,2022,Kia,2022-04-30,vs. Samsung,SP,,3.0,1.17,6,99,2,2,6,0,9,1,2,58.0,Home,광주 기아 챔피언스 필드,17:00,16.1
한승혁,2022,Kia,2022-04-24,@ Kiwoom,SP,W,2.57,1.14,7,95,2,2,7,0,6,1,0,60.0,Away,고척 스카이돔,14:00,25.5
한승혁,2022,Kia,2022-04-19,vs. Doosan,SP,,1.8,1.8,5,82,1,1,6,0,3,3,0,51.0,Home,광주 기아 챔피언스 필드,18:30,20.2
한승혁,2022,Kia,2022-04-07,vs. Hanwha,SP,,1.59,1.41,5 ⅔,93,2,1,5,0,6,3,0,56.0,Home,광주 기아 챔피언스 필드,18:30,16.9
한승혁,2021,Kia,2021-10-09,@ Hanwha,SP,,6.0,2.0,3,60,2,2,2,0,1,4,0,44.0,Away,대전 한화생명 볼파크,17:00,26.7
한승혁,2021,Kia,2021-10-03,vs. Hanwha,SP,,4.91,1.36,3 ⅔,80,4,2,4,0,1,1,1,40.0,Home,광주 기아 챔피언스 필드,14:00,29.3
한승혁,2021,Kia,2021-09-23,vs. Doosan,SP,L,0.0,1.2,5,82,1,0,5,0,5,1,1,58.0,Home,광주 기아 챔피언스 필드,18:30,23.2
한승혁,2021,Kia,2021-09-17,@ Samsung,SP,L,5.79,1.5,4 ⅔,75,3,3,6,0,3,1,0,42.0,Away,대구 삼성 라이온즈 파크,18:30,21.8
한승혁,2021,Kia,2021-09-12,vs. NC,SP,L,9.82,1.64,3 ⅔,57,4,4,5,0,3,1,0,37.0,Home,광주 기아 챔피언스 필드,14:00,29.7
한승혁,2021,Kia,2021-09-05,@ Hanwha,RP,,0.0,1.8,1 ⅔,30,0,0,1,0,2,2,0,,Away,대전 한화생명 볼파크,14:00,25.9
한승혁,2021,Kia,2021-09-03,vs. Samsung,RP,,0.0,0.0,1,10,0,0,0,0,1,0,0,,Home,광주 기아 챔피언스 필드,18:30,27.6
한승혁,2021,Kia,2021-09-01,@ Doosan,RP,,9.0,2.0,1,10,1,1,2,0,1,0,0,,Away,잠실 야구장,18:30,25.1
김범수,2024,Hanwha,2024-08-09,vs. Kiwoom,RP,,0.0,,0,13,1,1,1,1,0,1,0,,Home,대전 한화생명 볼파크,18:30,32.4
김범수,2024,Hanwha,2024-08-08,@ Samsung,RP,H,0.0,1.0,1,17,0,0,1,0,1,0,0,,Away,대구 삼성 라이온즈 파크,18:30,30.6
김범수,2024,Hanwha,2024-08-06,@ Samsung,RP,,0.0,1.5,0 ⅔,16,0,0,0,0,2,1,0,,Away,대구 삼성 라이온즈 파크,18:30,31.2
김범수,2024,Hanwha,2024-08-02,vs. Kia,RP,,9.0,1.0,1,17,1,1,1,1,1,0,0,,Home,대전 한화생명 볼파크,18:30,33.8
김범수,2024,Hanwha,2024-06-23,@ Kia,RP,,0.0,3.0,0 ⅓,9,0,0,1,0,1,0,0,,Away,광주 기아 챔피언스 필드,17:00,30.2
김범수,2024,Hanwha,2024-06-21,@ Kia,RP,,9.0,1.5,2,20,2,2,3,1,0,0,0,,Away,광주 기아 챔피언스 필드,18:30,29.8
김범수,2024,Hanwha,2024-06-19,vs. Kiwoom,RP,,0.0,4.5,0 ⅔,17,0,0,2,0,0,1,0,,Home,대전 한화생명 볼파크,18:30,31.1
김범수,2024,Hanwha,2024-06-14,vs. SSG,RP,,0.0,6.0,0 ⅓,16,0,0,0,0,0,2,0,,Home,대전 한화생명 볼파크,18:30,29.2
김범수,2024,Hanwha,2024-06-11,@ Doosan,RP,,0.0,1.0,1,16,0,0,1,0,2,0,0,,Away,잠실 야구장,18:30,27.8
김범수,2024,Hanwha,2024-06-09,vs. NC,RP,,0.0,1.0,1,25,0,0,0,0,1,1,0,,Home,대전 한화생명 볼파크,17:00,28.7
김범수,2024,Hanwha,2024-06-07,vs. NC,RP,,0.0,0.0,1,11,0,0,0,0,0,0,0,,Home,대전 한화생명 볼파크,18:30,25.3
김범수,2024,Hanwha,2024-06-04,@ KT,RP,,0.0,6.0,0 ⅓,15,0,0,0,0,1,2,0,,Away,수원 KT 위즈파크,18:30,23.2
김범수,2024,Hanwha,2024-06-01,@ Samsung,RP,,9.0,1.0,1,12,1,1,1,1,1,0,0,,Away,대구 삼성 라이온즈 파크,17:00,24.0
김범수,2024,Hanwha,2024-05-31,@ Samsung,RP,,6.75,2.25,1 ⅓,29,1,1,2,1,1,1,0,,Away,대구 삼성 라이온즈 파크,18:30,21.8
김범수,2024,Hanwha,2024-05-25,@ SSG,RP,H,0.0,2.0,1,21,0,0,1,0,1,1,0,,Away,인천 SSG 랜더스필드,17:00,19.6
김범수,2024,Hanwha,2024-05-24,@ SSG,RP,H,0.0,0.6,1 ⅔,26,0,0,0,0,1,1,0,,Away,인천 SSG 랜더스필드,18:30,20.8
김범수,2024,Hanwha,2024-05-22,vs. LG,RP,,0.0,0.0,1,11,0,0,0,0,1,0,0,,Home,대전 한화생명 볼파크,18:30,25.3
김범수,2024,Hanwha,2024-05-21,vs. LG,RP,,0.0,1.0,1,16,0,0,1,0,1,0,0,,Home,대전 한화생명 볼파크,18:30,24.9
김범수,2024,Hanwha,2024-05-18,@ Samsung,RP,,40.5,4.5,0 ⅔,33,3,3,2,1,2,1,0,,Away,대구 삼성 라이온즈 파크,17:00,22.1
김범수,2024,Hanwha,2024-05-16,vs. NC,RP,,0.0,1.2,1 ⅔,33,0,0,0,0,1,2,0,,Home,대전 한화생명 볼파크,18:30,18.2
김범수,2024,Hanwha,2024-05-14,vs. NC,RP,,0.0,2.0,1,21,0,0,1,0,1,1,0,,Home,대전 한화생명 볼파크,18:30,24.3
김범수,2024,Hanwha,2024-05-11,vs. Kiwoom,RP,,9.0,2.0,1,18,1,1,2,0,2,0,0,,Home,대전 한화생명 볼파크,17:00,23.9
김범수,2024,Hanwha,2024-05-09,@ Lotte,RP,,0.0,1.5,0 ⅔,15,0,0,0,0,0,1,0,,Away,사직 야구장,18:30,18.9
김범수,2024,Hanwha,2024-05-08,@ Lotte,RP,,0.0,0.0,0 ⅔,12,0,0,0,0,0,0,0,,Away,사직 야구장,18:30,14.3
김범수,2024,Hanwha,2024-05-04,@ Kia,RP,,9.0,1.0,1,19,1,1,1,1,2,0,0,,Away,광주 기아 챔피언스 필드,17:00,24.2
김범수,2024,Hanwha,2024-05-01,vs. SSG,RP,,9.0,2.0,1,26,1,1,2,0,1,0,0,,Home,대전 한화생명 볼파크,18:30,19.5
김범수,2024,Hanwha,2024-04-28,vs. Doosan,RP,,0.0,0.0,1,11,0,0,0,0,0,0,1,,Home,대전 한화생명 볼파크,14:00,28.3
김범수,2024,Hanwha,2024-04-26,vs. Doosan,RP,,10.8,2.4,1 ⅔,29,2,2,3,0,2,1,0,,Home,대전 한화생명 볼파크,18:30,22.9
김범수,2024,Hanwha,2024-04-25,@ KT,RP,,0.0,1.0,1,20,0,0,0,0,1,1,0,,Away,수원 KT 위즈파크,18:30,19.4
김범수,2024,Hanwha,2024-04-23,@ KT,RP,,13.5,3.0,0 ⅔,18,1,1,1,1,2,1,0,,Away,수원 KT 위즈파크,18:30,19.2
김범수,2024,Hanwha,2024-04-21,vs. Samsung,RP,,0.0,1.0,1,19,0,0,1,0,3,0,0,,Home,대전 한화생명 볼파크,14:00,17.2
김범수,2024,Hanwha,2024-04-09,@ Doosan,RP,,0.0,,0,2,1,1,1,1,0,0,0,,Away,잠실 야구장,18:30,19.7
김범수,2024,Hanwha,2024-04-06,@ Kiwoom,RP,,0.0,,0,8,1,1,1,1,0,0,2,,Away,고척 스카이돔,17:00,25.5
김범수,2024,Hanwha,2024-04-04,vs. Lotte,RP,,0.0,0.0,1,14,0,0,0,0,1,0,0,,Home,대전 한화생명 볼파크,18:30,14.3
김범수,2024,Hanwha,2024-04-02,vs. Lotte,RP,,0.0,0.0,0 ⅓,3,0,0,0,0,1,0,0,,Home,대전 한화생명 볼파크,18:30,22.9
김범수,2024,Hanwha,2024-03-31,vs. KT,RP,,0.0,0.0,1,10,0,0,0,0,1,0,0,,Home,대전 한화생명 볼파크,14:00,17.9
김범수,2024,Hanwha,2024-03-28,@ SSG,RP,,27.0,3.0,1,18,3,3,3,1,2,0,0,,Away,인천 SSG 랜더스필드,18:30,10.9
김범수,2024,Hanwha,2024-03-26,@ SSG,RP,,0.0,0.0,1,18,0,0,0,0,0,0,2,,Away,인천 SSG 랜더스필드,18:30,7.8
김범수,2024,Hanwha,2024-03-24,@ LG,RP,H,0.0,3.0,0 ⅓,15,0,0,0,0,1,1,0,,Away,잠실 야구장,14:00,21.7
김범수,2023,Hanwha,2023-10-16,vs. Lotte,RP,,0.0,0.0,0 ⅔,6,0,0,0,0,0,0,0,,Home,대전 한화생명 볼파크,18:30,15.7
김범수,2023,Hanwha,2023-10-15,vs. Lotte,RP,SV,0.0,0.0,0 ⅓,2,0,0,0,0,0,0,0,,Home,대전 한화생명 볼파크,14:00,19.0
김범수,2023,Hanwha,2023-10-14,vs. Lotte,RP,H,0.0,0.0,0 ⅔,9,0,0,0,0,1,0,0,,Home,대전 한화생명 볼파크,17:00,19.3
김범수,2023,Hanwha,2023-10-09,@ NC,RP,L,81.0,12.0,0 ⅓,16,3,3,3,1,0,1,0,,Away,창원 NC 파크,18:30,20.3
김범수,2023,Hanwha,2023-10-05,@ Samsung,RP,,0.0,0.0,1,16,0,0,0,0,2,0,0,,Away,대구 삼성 라이온즈 파크,18:30,18.8
김범수,2023,Hanwha,2023-09-29,@ Lotte,RP,,0.0,4.5,0 ⅔,18,2,0,2,0,1,1,0,,Away,사직 야구장,18:30,24.6
김범수,2023,Hanwha,2023-09-27,vs. Samsung,RP,H,0.0,1.0,1,21,0,0,0,0,0,1,0,,Home,대전 한화생명 볼파크,18:30,24.2
김범수,2023,Hanwha,2023-09-27,vs. Samsung,RP,,0.0,0.0,0 ⅓,4,0,0,0,0,1,0,0,,Home,대전 한화생명 볼파크,18:30,24.2
김범수,2023,Hanwha,2023-09-23,@ LG,RP,,0.0,1.0,1,14,0,0,1,0,1,0,0,,Away,잠실 야구장,17:00,26.0
김범수,2023,Hanwha,2023-09-22,vs. Kiwoom,RP,,0.0,6.0,0 ⅓,12,0,0,1,0,0,1,0,,Home,대전 한화생명 볼파크,18:30,21.8
김범수,2023,Hanwha,2023-09-19,vs. SSG,RP,,13.5,6.0,0 ⅔,21,1,1,2,0,0,2,0,,Home,대전 한화생명 볼파크,18:30,26.2
김범수,2023,Hanwha,2023-09-17,vs. KT,RP,,0.0,0.0,1,16,0,0,0,0,1,0,0,,Home,대전 한화생명 볼파크,14:00,29.3
김범수,2023,Hanwha,2023-09-15,vs. LG,RP,,0.0,3.0,0 ⅓,6,0,0,0,0,0,1,0,,Home,대전 한화생명 볼파크,18:30,25.1
김범수,2023,Hanwha,2023-09-10,@ Kiwoom,RP,H,9.0,2.0,1,19,1,1,2,0,2,0,0,,Away,고척 스카이돔,14:00,25.5
김범수,2023,Hanwha,2023-09-09,@ Kiwoom,RP,H,0.0,2.0,1,13,0,0,1,0,1,1,0,,Away,고척 스카이돔,17:00,25.5
김범수,2023,Hanwha,2023-09-08,@ Kiwoom,RP,H,0.0,0.0,1,12,0,0,0,0,0,0,0,,Away,고척 스카이돔,18:30,25.5
김범수,2023,Hanwha,2023-09-06,vs. SSG,RP,,18.0,2.0,1,22,2,2,1,0,0,1,1,,Home,대전 한화생명 볼파크,18:30,28.2
김범수,2023,Hanwha,2023-09-05,vs. SSG,RP,,9.0,3.0,1,19,1,1,2,0,0,1,0,,Home,대전 한화생명 볼파크,18:30,29.2
김범수,2023,Hanwha,2023-09-03,@ LG,RP,W,0.0,0.6,1 ⅔,28,0,0,1,0,1,0,0,,Away,잠실 야구장,14:00,29.9
김범수,2023,Hanwha,2023-09-02,@ LG,RP,W,0.0,1.0,1,15,0,0,1,0,1,0,0,,Away,잠실 야구장,17:00,28.8
김범수,2023,Hanwha,2023-08-31,vs. Lotte,RP,,0.0,6.0,0 ⅓,9,0,0,2,0,0,0,0,,Home,대전 한화생명 볼파크,18:30,26.1
김범수,2023,Hanwha,2023-08-27,@ Kia,RP,,0.0,6.0,0 ⅓,9,0,0,1,0,0,1,0,,Away,광주 기아 챔피언스 필드,17:00,31.9
김범수,2023,Hanwha,2023-08-26,@ Kia,RP,,0.0,0.0,1,12,0,0,0,0,0,0,0,,Away,광주 기아 챔피언스 필드,18:00,30.6
김범수,2023,Hanwha,2023-08-22,vs. Samsung,RP,,0.0,0.0,1,16,0,0,0,0,3,0,0,,Home,대전 한화생명 볼파크,18:30,29.9
김범수,2023,Hanwha,2023-08-20,vs. KT,RP,,0.0,1.5,0 ⅔,12,0,0,0,0,0,1,0,,Home,대전 한화생명 볼파크,17:00,32.9
김범수,2023,Hanwha,2023-08-18,vs. KT,RP,,9.0,2.0,1,20,1,1,2,1,3,0,0,,Home,대전 한화생명 볼파크,18:30,32.2
김범수,2023,Hanwha,2023-08-16,@ NC,RP,H,0.0,0.0,1,15,0,0,0,0,1,0,0,,Away,창원 NC 파크,18:30,28.8
김범수,2023,Hanwha,2023-08-15,@ NC,RP,,0.0,1.0,1,22,0,0,1,0,1,0,0,,Away,창원 NC 파크,18:30,29.8
김범수,2023,Hanwha,2023-08-13,vs. Doosan,RP,,0.0,0.0,1,12,0,0,0,0,2,0,0,,Home,대전 한화생명 볼파크,17:00,31.9
김범수,2023,Hanwha,2023-08-12,vs. Doosan,RP,,0.0,1.0,1,21,0,0,1,0,0,0,0,,Home,대전 한화생명 볼파크,18:00,28.6
김범수,2023,Hanwha,2023-08-06,@ Kia,RP,H,0.0,0.0,0 ⅔,10,0,0,0,0,0,0,0,,Away,광주 기아 챔피언스 필드,17:00,34.6
김범수,2023,Hanwha,2023-08-05,@ Kia,RP,,27.0,3.75,1 ⅓,22,4,4,3,0,1,2,0,,Away,광주 기아 챔피언스 필드,18:00,35.1
김범수,2023,Hanwha,2023-08-03,vs. Doosan,RP,H,0.0,1.5,0 ⅔,9,0,0,0,0,0,1,0,,Home,대전 한화생명 볼파크,18:30,33.4
김범수,2023,Hanwha,2023-08-02,vs. Doosan,RP,L,10.8,1.2,1 ⅔,20,2,2,2,0,1,0,0,,Home,대전 한화생명 볼파크,18:30,32.8
김범수,2023,Hanwha,2023-07-30,@ SSG,RP,L,18.0,4.0,1,27,3,2,3,0,2,1,0,,Away,인천 SSG 랜더스필드,17:00,33.6
김범수,2023,Hanwha,2023-07-28,@ SSG,RP,H,0.0,1.0,1,14,0,0,1,0,2,0,0,,Away,인천 SSG 랜더스필드,18:30,31.7
김범수,2023,Hanwha,2023-07-26,@ Kiwoom,RP,,54.0,6.0,0 ⅓,10,2,2,2,0,1,0,0,,Away,고척 스카이돔,18:30,25.5
김범수,2023,Hanwha,2023-07-25,@ Kiwoom,RP,,0.0,0.0,0 ⅓,7,0,0,0,0,0,0,0,,Away,고척 스카이돔,18:30,25.5
김범수,2023,Hanwha,2023-07-22,vs. NC,RP,,0.0,2.0,1,16,0,0,2,0,0,0,0,,Home,대전 한화생명 볼파크,18:00,26.7
김범수,2023,Hanwha,2023-07-12,@ LG,RP,H,0.0,1.5,0 ⅔,13,0,0,0,0,0,1,0,,Away,잠실 야구장,18:30,30.0
김범수,2023,Hanwha,2023-07-09,vs. SSG,RP,,0.0,0.0,1,13,0,0,0,0,0,0,0,,Home,대전 한화생명 볼파크,17:00,31.5
김범수,2023,Hanwha,2023-07-05,vs. Lotte,RP,H,0.0,1.0,1,18,0,0,0,0,0,1,0,,Home,대전 한화생명 볼파크,18:30,26.6
김범수,2023,Hanwha,2023-07-01,@ Samsung,RP,,0.0,1.0,1,19,0,0,1,0,2,0,0,,Away,대구 삼성 라이온즈 파크,18:00,26.1
김범수,2023,Hanwha,2023-06-28,vs. KT,RP,W,0.0,0.0,1,18,0,0,0,0,1,0,0,,Home,대전 한화생명 볼파크,18:30,28.0
김범수,2023,Hanwha,2023-06-22,vs. Kia,RP,H,0.0,3.0,0 ⅓,9,0,0,0,0,0,1,0,,Home,대전 한화생명 볼파크,18:30,26.5
김범수,2023,Hanwha,2023-06-21,vs. Kia,RP,H,0.0,0.0,0 ⅔,1,0,0,0,0,0,0,0,,Home,대전 한화생명 볼파크,18:30,25.0
김범수,2023,Hanwha,2023-06-18,vs. Kiwoom,RP,,0.0,6.0,0 ⅓,13,0,0,1,0,1,1,0,,Home,대전 한화생명 볼파크,17:00,30.6
김범수,2023,Hanwha,2023-06-16,vs. Kiwoom,RP,,0.0,1.5,0 ⅔,7,0,0,0,0,1,1,0,,Home,대전 한화생명 볼파크,18:30,28.9
김범수,2023,Hanwha,2023-06-15,@ Lotte,RP,H,9.0,2.0,1,19,1,1,2,0,0,0,0,,Away,사직 야구장,18:30,23.9
김범수,2023,Hanwha,2023-06-14,@ Lotte,RP,,0.0,0.0,1,11,0,0,0,0,0,0,0,,Away,사직 야구장,18:30,24.6
김범수,2023,Hanwha,2023-06-09,vs. LG,RP,,0.0,3.0,0 ⅓,8,0,0,1,0,0,0,0,,Home,대전 한화생명 볼파크,18:30,25.3
김범수,2023,Hanwha,2023-06-07,@ Doosan,RP,L,54.0,6.0,0 ⅓,12,2,2,1,0,1,1,0,,Away,잠실 야구장,18:30,26.0
김범수,2023,Hanwha,2023-06-04,vs. Samsung,RP,W,0.0,1.5,0 ⅔,13,0,0,0,0,1,1,0,,Home,대전 한화생명 볼파크,17:00,24.7
김범수,2023,Hanwha,2023-06-02,vs. Samsung,RP,,0.0,1.0,1,18,0,0,1,0,0,0,0,,Home,대전 한화생명 볼파크,18:30,23.9
김범수,2023,Hanwha,2023-06-01,vs. Kiwoom,RP,,0.0,3.0,0 ⅓,5,0,0,1,0,0,0,0,,Home,대전 한화생명 볼파크,18:30,24.7
김범수,2023,Hanwha,2023-05-27,@ NC,RP,H,0.0,0.0,0 ⅓,4,0,0,0,0,1,0,0,,Away,창원 NC 파크,17:00,25.1
김범수,2023,Hanwha,2023-05-25,vs. Kia,RP,,0.0,1.5,0 ⅔,12,0,0,0,0,1,1,0,,Home,대전 한화생명 볼파크,18:30,24.4
김범수,2023,Hanwha,2023-05-20,@ LG,RP,H,0.0,0.0,0 ⅓,5,0,0,0,0,0,0,0,,Away,잠실 야구장,17:00,23.9
김범수,2023,Hanwha,2023-05-19,@ LG,RP,,0.0,1.0,1,18,0,0,1,0,0,0,0,,Away,잠실 야구장,18:30,25.6
김범수,2023,Hanwha,2023-05-17,vs. Lotte,RP,,0.0,1.0,1,7,0,0,1,0,0,0,0,,Home,대전 한화생명 볼파크,18:30,27.9
김범수,2023,Hanwha,2023-05-14,@ SSG,RP,,0.0,1.0,1,16,0,0,0,0,1,1,0,,Away,인천 SSG 랜더스필드,14:00,20.8
김범수,2023,Hanwha,2023-05-12,@ SSG,RP,H,0.0,1.5,0 ⅔,9,0,0,1,0,0,0,0,,Away,인천 SSG 랜더스필드,18:30,19.8
김범수,2023,Hanwha,2023-05-07,vs. KT,RP,,0.0,3.0,0 ⅔,25,1,0,1,0,2,1,0,,Home,대전 한화생명 볼파크,14:00,15.0
김범수,2023,Hanwha,2023-05-02,@ Doosan,RP,,27.0,3.0,0 ⅓,4,1,1,1,0,0,0,1,,Away,잠실 야구장,18:30,22.2
김범수,2023,Hanwha,2023-04-29,vs. NC,RP,,0.0,1.0,1,21,0,0,0,0,1,1,0,,Home,대전 한화생명 볼파크,17:00,12.6
김범수,2023,Hanwha,2023-04-26,@ Lotte,RP,,27.0,3.0,0 ⅔,12,2,2,2,0,1,0,0,,Away,사직 야구장,18:30,16.0
김범수,2023,Hanwha,2023-04-23,vs. LG,RP,,0.0,1.0,1,13,0,0,0,0,1,1,0,,Home,대전 한화생명 볼파크,14:00,20.2
김범수,2023,Hanwha,2023-04-22,vs. LG,RP,,0.0,2.0,1,12,0,0,2,0,0,0,1,,Home,대전 한화생명 볼파크,17:00,20.0
김범수,2023,Hanwha,2023-04-19,vs. Doosan,RP,H,0.0,3.0,0 ⅓,8,0,0,0,0,0,1,0,,Home,대전 한화생명 볼파크,18:30,25.2
김범수,2023,Hanwha,2023-04-18,vs. Doosan,RP,L,18.0,4.0,1,35,2,2,2,0,0,2,0,,Home,대전 한화생명 볼파크,18:30,13.8
김범수,2023,Hanwha,2023-04-14,@ KT,RP,,4.5,1.0,2,25,1,1,1,1,1,1,0,,Away,수원 KT 위즈파크,18:30,19.5
김범수,2023,Hanwha,2023-04-11,@ Kia,RP,W,4.5,2.0,2,41,1,1,3,0,4,1,0,,Away,광주 기아 챔피언스 필드,18:30,16.9
김범수,2023,Hanwha,2023-04-07,vs. SSG,RP,,0.0,0.0,1,14,0,0,0,0,1,0,0,,Home,대전 한화생명 볼파크,18:30,11.9
김범수,2023,Hanwha,2023-04-06,@ Samsung,RP,,0.0,0.0,1,16,0,0,0,0,1,0,0,,Away,대구 삼성 라이온즈 파크,18:30,13.8
김범수,2023,Hanwha,2023-04-02,@ Kiwoom,RP,,0.0,1.5,0 ⅔,11,0,0,1,0,1,0,0,,Away,고척 스카이돔,14:00,25.5
김범수,2023,Hanwha,2023-04-01,@ Kiwoom,RP,,0.0,3.0,1,20,0,0,3,0,0,0,0,,Away,고척 스카이돔,14:00,25.5
김범수,2022,Hanwha,2022-10-08,@ NC,RP,,0.0,3.0,0 ⅓,7,0,0,1,0,1,0,0,,Away,창원 NC 파크,17:00,18.7
김범수,2022,Hanwha,2022-10-06,vs. Kiwoom,RP,H,0.0,3.0,0 ⅔,15,0,0,1,0,1,1,0,,Home,대전 한화생명 볼파크,18:30,17.8
김범수,2022,Hanwha,2022-10-03,vs. SSG,RP,H,0.0,0.0,1,15,0,0,0,0,1,0,0,,Home,대전 한화생명 볼파크,18:30,25.2
김범수,2022,Hanwha,2022-09-30,vs. Lotte,RP,L,81.0,12.0,0 ⅓,20,3,3,2,0,1,2,0,,Home,대전 한화생명 볼파크,18:30,22.7
김범수,2022,Hanwha,2022-09-29,vs. Doosan,RP,,0.0,0.0,1,10,0,0,0,0,2,0,0,,Home,대전 한화생명 볼파크,18:30,21.9
김범수,2022,Hanwha,2022-09-27,vs. LG,RP,,0.0,2.0,1,21,0,0,0,0,1,2,0,,Home,대전 한화생명 볼파크,18:30,22.9
김범수,2022,Hanwha,2022-09-24,@ LG,RP,H,0.0,0.0,0 ⅓,2,0,0,0,0,0,0,0,,Away,잠실 야구장,17:00,22.9
김범수,2022,Hanwha,2022-09-21,vs. Lotte,RP,,13.5,1.5,0 ⅔,9,1,1,1,1,1,0,0,,Home,대전 한화생명 볼파크,18:30,20.9
김범수,2022,Hanwha,2022-09-18,@ LG,RP,,0.0,2.0,1,23,0,0,0,0,1,2,0,,Away,잠실 야구장,14:00,31.6
김범수,2022,Hanwha,2022-09-16,@ Kia,RP,,40.5,6.0,0 ⅔,20,3,3,3,0,0,1,0,,Away,광주 기아 챔피언스 필드,18:30,29.0
김범수,2022,Hanwha,2022-09-14,vs. KT,RP,H,0.0,3.0,0 ⅔,18,1,0,2,0,0,0,0,,Home,대전 한화생명 볼파크,18:30,25.3
김범수,2022,Hanwha,2022-09-13,vs. KT,RP,,13.5,3.0,0 ⅔,14,1,1,2,0,1,0,0,,Home,대전 한화생명 볼파크,18:30,26.8
김범수,2022,Hanwha,2022-09-10,vs. SSG,RP,,0.0,1.0,1,17,0,0,1,0,1,0,0,,Home,대전 한화생명 볼파크,17:00,24.6
김범수,2022,Hanwha,2022-09-08,@ Doosan,RP,H,0.0,1.0,1,14,0,0,0,0,0,1,0,,Away,잠실 야구장,18:30,27.8
김범수,2022,Hanwha,2022-09-03,vs. NC,RP,,0.0,0.0,1,8,0,0,0,0,0,0,0,,Home,대전 한화생명 볼파크,17:00,25.6
김범수,2022,Hanwha,2022-09-02,@ Kiwoom,RP,,0.0,2.0,1,20,0,0,1,0,0,1,0,,Away,고척 스카이돔,18:30,25.5
김범수,2022,Hanwha,2022-08-31,vs. Kia,RP,,0.0,1.0,1,22,0,0,0,0,0,1,0,,Home,대전 한화생명 볼파크,18:30,24.3
김범수,2022,Hanwha,2022-08-28,@ Samsung,RP,,0.0,2.0,1,19,0,0,2,0,0,0,0,,Away,대구 삼성 라이온즈 파크,17:00,25.5
김범수,2022,Hanwha,2022-08-26,vs. Doosan,RP,H,0.0,2.0,1,16,0,0,1,0,0,1,0,,Home,대전 한화생명 볼파크,18:30,27.1
김범수,2022,Hanwha,2022-08-25,vs. Doosan,RP,H,0.0,0.0,1,13,0,0,0,0,1,0,0,,Home,대전 한화생명 볼파크,18:30,24.1
김범수,2022,Hanwha,2022-08-23,vs. LG,RP,H,0.0,0.0,1,15,0,0,0,0,0,0,0,,Home,대전 한화생명 볼파크,18:30,26.9
김범수,2022,Hanwha,2022-08-20,@ Lotte,RP,H,0.0,0.0,0 ⅔,6,0,0,0,0,0,0,0,,Away,사직 야구장,18:00,28.0
김범수,2022,Hanwha,2022-08-19,vs. Samsung,RP,,54.0,6.0,0 ⅓,10,2,2,2,0,1,0,0,,Home,대전 한화생명 볼파크,18:30,30.7
김범수,2022,Hanwha,2022-08-17,@ NC,RP,,0.0,0.0,1,16,0,0,0,0,1,0,0,,Away,창원 NC 파크,18:30,27.0
김범수,2022,Hanwha,2022-08-13,vs. Kiwoom,RP,,0.0,0.0,1,16,0,0,0,0,1,0,0,,Home,대전 한화생명 볼파크,18:00,28.6
김범수,2022,Hanwha,2022-08-12,vs. LG,RP,,0.0,2.0,1,18,0,0,1,0,1,1,0,,Home,대전 한화생명 볼파크,18:30,30.9
김범수,2022,Hanwha,2022-08-07,@ KT,RP,,0.0,0.0,1 ⅓,23,0,0,0,0,1,0,0,,Away,수원 KT 위즈파크,17:00,32.4
김범수,2022,Hanwha,2022-08-03,vs. Kia,RP,H,0.0,3.0,0 ⅔,12,0,0,0,0,1,2,0,,Home,대전 한화생명 볼파크,18:30,32.4
김범수,2022,Hanwha,2022-08-02,vs. Kia,RP,H,0.0,0.0,1,10,0,0,0,0,1,0,0,,Home,대전 한화생명 볼파크,18:30,30.6
김범수,2022,Hanwha,2022-07-28,@ Samsung,RP,,0.0,1.0,1,10,0,0,1,0,0,0,0,,Away,대구 삼성 라이온즈 파크,18:30,30.7
김범수,2022,Hanwha,2022-07-27,@ Samsung,RP,L,27.0,9.0,0 ⅓,17,2,1,2,0,1,1,0,,Away,대구 삼성 라이온즈 파크,18:30,29.0
김범수,2022,Hanwha,2022-07-26,@ Samsung,RP,H,0.0,2.0,1,13,0,0,1,0,0,1,0,,Away,대구 삼성 라이온즈 파크,18:30,28.6
김범수,2022,Hanwha,2022-07-24,vs. KT,RP,,0.0,2.0,1,25,0,0,0,0,3,2,0,,Home,대전 한화생명 볼파크,17:00,28.5
김범수,2022,Hanwha,2022-07-14,@ Lotte,RP,,0.0,0.0,1,17,0,0,0,0,0,0,1,,Away,사직 야구장,18:30,29.6
김범수,2022,Hanwha,2022-07-12,@ Lotte,RP,,0.0,0.0,0 ⅔,11,0,0,0,0,2,0,0,,Away,사직 야구장,18:30,26.7
김범수,2022,Hanwha,2022-07-10,@ Kia,RP,,0.0,,0,4,2,2,2,0,0,1,0,,Away,광주 기아 챔피언스 필드,17:00,32.8
김범수,2022,Hanwha,2022-07-08,@ Kia,RP,L,0.0,,0,12,4,3,2,0,0,1,1,,Away,광주 기아 챔피언스 필드,18:30,31.5
김범수,2022,Hanwha,2022-07-06,vs. NC,RP,,0.0,2.0,1,23,0,0,1,0,2,1,0,,Home,대전 한화생명 볼파크,18:30,32.7
김범수,2022,Hanwha,2022-07-05,vs. NC,RP,,0.0,0.0,0 ⅔,8,0,0,0,0,0,0,0,,Home,대전 한화생명 볼파크,18:30,32.4
김범수,2022,Hanwha,2022-07-03,@ Kiwoom,RP,,0.0,0.0,1,11,0,0,0,0,0,0,0,,Away,고척 스카이돔,14:00,25.5
김범수,2022,Hanwha,2022-07-01,@ Kiwoom,RP,H,0.0,1.0,1,12,0,0,0,0,0,1,0,,Away,고척 스카이돔,18:30,25.5
김범수,2022,Hanwha,2022-06-28,vs. SSG,RP,H,0.0,0.0,1,13,0,0,0,0,2,0,0,,Home,대전 한화생명 볼파크,18:30,30.4
김범수,2022,Hanwha,2022-06-26,vs. Samsung,RP,,27.0,3.0,0 ⅔,12,2,2,1,0,1,1,0,,Home,대전 한화생명 볼파크,17:00,31.4
김범수,2022,Hanwha,2022-06-24,vs. Samsung,RP,H,0.0,1.0,1,18,0,0,1,0,1,0,0,,Home,대전 한화생명 볼파크,18:30,27.6
김범수,2022,Hanwha,2022-06-22,@ LG,RP,,0.0,0.0,1,10,0,0,0,0,1,0,0,,Away,잠실 야구장,18:30,29.0
김범수,2022,Hanwha,2022-06-18,@ NC,RP,,9.0,3.0,1,18,1,1,2,0,1,1,0,,Away,창원 NC 파크,17:00,27.8
김범수,2022,Hanwha,2022-06-17,@ NC,RP,,0.0,3.0,0 ⅓,8,1,0,0,0,0,1,0,,Away,창원 NC 파크,18:30,25.6
김범수,2022,Hanwha,2022-06-16,vs. Lotte,RP,,0.0,2.0,1,15,0,0,2,0,0,0,0,,Home,대전 한화생명 볼파크,18:30,25.6
김범수,2022,Hanwha,2022-06-12,@ SSG,RP,,0.0,0.0,1,13,0,0,0,0,2,0,0,,Away,인천 SSG 랜더스필드,17:00,24.9
김범수,2022,Hanwha,2022-06-11,@ SSG,RP,,0.0,1.0,1,8,0,0,1,0,1,0,0,,Away,인천 SSG 랜더스필드,17:00,28.1
김범수,2022,Hanwha,2022-06-08,@ Doosan,RP,H,0.0,1.0,1,14,0,0,1,0,1,0,0,,Away,잠실 야구장,18:30,24.9
김범수,2022,Hanwha,2022-06-04,vs. Kiwoom,RP,H,0.0,1.0,1,16,0,0,0,0,0,1,0,,Home,대전 한화생명 볼파크,17:00,28.5
김범수,2022,Hanwha,2022-06-02,vs. NC,RP,,0.0,0.0,1,14,0,0,0,0,1,0,0,,Home,대전 한화생명 볼파크,18:30,27.0
김범수,2022,Hanwha,2022-06-01,vs. NC,RP,H,0.0,3.0,0 ⅓,9,0,0,1,0,0,0,0,,Home,대전 한화생명 볼파크,18:30,25.2
김범수,2022,Hanwha,2022-05-28,@ KT,RP,H,0.0,1.0,1,22,0,0,1,0,2,0,0,,Away,수원 KT 위즈파크,17:00,27.1
김범수,2022,Hanwha,2022-05-27,@ KT,RP,H,0.0,2.0,1,17,0,0,1,0,1,1,0,,Away,수원 KT 위즈파크,18:30,21.3
김범수,2022,Hanwha,2022-05-22,@ Kiwoom,RP,H,0.0,0.0,1,10,0,0,0,0,2,0,0,,Away,고척 스카이돔,14:00,25.5
김범수,2022,Hanwha,2022-05-19,vs. Samsung,RP,,0.0,3.0,0 ⅔,14,0,0,1,0,0,1,0,,Home,대전 한화생명 볼파크,18:30,23.3
김범수,2022,Hanwha,2022-05-17,vs. Samsung,RP,H,0.0,3.0,0 ⅓,9,0,0,1,0,0,0,0,,Home,대전 한화생명 볼파크,18:30,25.7
김범수,2022,Hanwha,2022-05-14,vs. Lotte,RP,,0.0,0.75,1 ⅓,22,0,0,1,0,1,0,0,,Home,대전 한화생명 볼파크,17:00,20.6
김범수,2022,Hanwha,2022-05-13,vs. Lotte,RP,,0.0,1.0,1,20,0,0,0,0,2,1,0,,Home,대전 한화생명 볼파크,18:30,20.5
김범수,2022,Hanwha,2022-05-10,@ LG,RP,L,81.0,9.0,0 ⅓,16,3,3,3,1,1,0,0,,Away,잠실 야구장,18:30,24.2
김범수,2022,Hanwha,2022-05-07,vs. Kia,RP,,0.0,1.0,1,17,0,0,1,0,0,0,0,,Home,대전 한화생명 볼파크,17:00,23.3
김범수,2022,Hanwha,2022-05-03,@ SSG,RP,L,27.0,6.0,0 ⅔,12,2,2,4,0,1,0,0,,Away,인천 SSG 랜더스필드,18:30,14.5
김범수,2022,Hanwha,2022-05-01,@ NC,RP,W,0.0,0.0,1,14,0,0,0,0,1,0,0,,Away,창원 NC 파크,14:00,19.6
김범수,2022,Hanwha,2022-04-30,@ NC,RP,H,0.0,0.0,1,16,0,0,0,0,1,0,1,,Away,창원 NC 파크,17:00,16.7
김범수,2022,Hanwha,2022-04-28,vs. Kiwoom,RP,,0.0,1.0,1,21,0,0,1,0,1,0,0,,Home,대전 한화생명 볼파크,18:30,20.1
김범수,2022,Hanwha,2022-04-26,vs. Kiwoom,RP,W,0.0,0.0,1,7,0,0,0,0,1,0,0,,Home,대전 한화생명 볼파크,18:30,23.0
김범수,2022,Hanwha,2022-04-22,vs. SSG,RP,H,0.0,1.0,1,17,0,0,0,0,0,1,0,,Home,대전 한화생명 볼파크,18:30,19.0
김범수,2022,Hanwha,2022-04-21,@ Lotte,RP,W,0.0,3.0,0 ⅔,17,0,0,1,0,2,1,0,,Away,사직 야구장,18:30,14.4
김범수,2022,Hanwha,2022-04-19,@ Lotte,RP,H,0.0,1.0,1,12,0,0,1,0,1,0,0,,Away,사직 야구장,18:30,17.4
김범수,2022,Hanwha,2022-04-17,vs. LG,RP,H,0.0,1.0,1,10,0,0,1,0,0,0,0,,Home,대전 한화생명 볼파크,14:00,20.8
김범수,2022,Hanwha,2022-04-16,vs. LG,RP,,0.0,1.0,1,20,0,0,0,0,1,1,0,,Home,대전 한화생명 볼파크,17:00,20.2
김범수,2022,Hanwha,2022-04-14,@ Samsung,RP,L,27.0,4.0,1,16,3,3,4,2,0,0,0,,Away,대구 삼성 라이온즈 파크,18:30,11.1
김범수,2022,Hanwha,2022-04-10,vs. KT,RP,H,0.0,0.0,1,9,0,0,0,0,0,0,0,,Home,대전 한화생명 볼파크,14:00,26.7
김범수,2022,Hanwha,2022-04-07,@ Kia,RP,L,36.0,4.0,1,22,4,4,4,1,0,0,0,,Away,광주 기아 챔피언스 필드,18:30,16.9
김범수,2022,Hanwha,2022-04-05,@ Kia,RP,,13.5,3.0,0 ⅔,22,1,1,0,0,1,2,0,,Away,광주 기아 챔피언스 필드,18:30,15.2
김범수,2022,Hanwha,2022-04-03,@ Doosan,RP,,0.0,1.0,1,15,0,0,1,0,1,0,0,,Away,잠실 야구장,14:00,16.0
김범수,2021,Hanwha,2021-10-07,vs. SSG,RP,,27.0,7.5,0 ⅔,29,2,2,2,0,1,3,0,,Home,대전 한화생명 볼파크,18:30,20.1
김범수,2021,Hanwha,2021-09-26,@ Doosan,RP,,0.0,0.0,0 ⅓,5,0,0,0,0,0,0,0,,Away,잠실 야구장,14:00,26.2
김범수,2021,Hanwha,2021-09-25,@ Doosan,RP,,0.0,0.0,0 ⅔,7,0,0,0,0,0,0,0,,Away,잠실 야구장,17:00,24.1
김범수,2021,Hanwha,2021-09-23,@ KT,RP,,0.0,0.0,0 ⅔,9,0,0,0,0,1,0,0,,Away,수원 KT 위즈파크,18:30,23.4
김범수,2021,Hanwha,2021-09-21,vs. LG,RP,,0.0,1.5,0 ⅔,16,0,0,0,0,0,1,0,,Home,대전 한화생명 볼파크,18:30,25.8
김범수,2021,Hanwha,2021-09-19,vs. Lotte,RP,L,6.75,1.5,1 ⅓,20,1,1,2,0,0,0,0,,Home,대전 한화생명 볼파크,14:00,27.0
김범수,2021,Hanwha,2021-09-15,@ SSG,RP,L,16.2,1.8,1 ⅔,41,3,3,1,0,3,2,0,,Away,인천 SSG 랜더스필드,18:30,24.9
김범수,2021,Hanwha,2021-09-12,vs. Samsung,RP,,0.0,0.0,0 ⅓,5,0,0,0,0,0,0,0,,Home,대전 한화생명 볼파크,14:00,28.7
김범수,2021,Hanwha,2021-09-11,vs. Samsung,RP,H,0.0,0.0,2 ⅔,36,0,0,0,0,5,0,0,,Home,대전 한화생명 볼파크,17:00,29.5
김범수,2021,Hanwha,2021-09-08,@ NC,RP,H,0.0,0.0,1,11,0,0,0,0,1,0,0,,Away,창원 NC 파크,18:30,26.1
김범수,2021,Hanwha,2021-09-05,vs. Kia,RP,,18.0,2.0,1,17,2,2,1,1,0,1,0,,Home,대전 한화생명 볼파크,14:00,25.9
김범수,2021,Hanwha,2021-09-03,@ Lotte,RP,,9.0,3.0,1,24,1,1,2,0,0,1,0,,Away,사직 야구장,18:30,24.4
김범수,2021,Hanwha,2021-08-31,vs. KT,RP,,0.0,1.0,1,13,0,0,1,0,1,0,0,,Home,대전 한화생명 볼파크,18:30,26.9
김범수,2021,Hanwha,2021-08-29,vs. NC,RP,W,0.0,0.0,2,29,0,0,0,0,3,0,0,,Home,대전 한화생명 볼파크,17:00,27.0
김범수,2021,Hanwha,2021-08-26,@ Kiwoom,RP,H,0.0,3.0,0 ⅔,16,0,0,1,0,0,1,0,,Away,고척 스카이돔,18:30,25.5
김범수,2021,Hanwha,2021-08-25,@ Kiwoom,RP,,9.0,1.5,2,31,2,2,2,0,1,1,1,,Away,고척 스카이돔,18:30,25.5
김범수,2021,Hanwha,2021-08-21,@ Doosan,RP,SV,0.0,0.6,1 ⅔,18,0,0,1,0,2,0,0,,Away,잠실 야구장,18:00,26.7
김범수,2021,Hanwha,2021-08-20,@ Doosan,RP,,0.0,0.0,1,16,0,0,0,0,1,0,0,,Away,잠실 야구장,18:30,29.0
김범수,2021,Hanwha,2021-08-17,vs. Samsung,RP,H,0.0,0.6,1 ⅔,23,0,0,1,0,5,0,0,,Home,대전 한화생명 볼파크,18:30,29.5
김범수,2021,Hanwha,2021-08-15,vs. NC,RP,H,0.0,1.0,1,16,0,0,1,0,2,0,0,,Home,대전 한화생명 볼파크,17:00,30.7
김범수,2021,Hanwha,2021-08-14,vs. NC,RP,H,0.0,0.0,1,17,0,0,0,0,0,0,0,,Home,대전 한화생명 볼파크,18:00,29.1
김범수,2021,Hanwha,2021-08-11,@ Kia,RP,,13.5,3.0,0 ⅔,22,2,1,0,0,1,2,0,,Away,광주 기아 챔피언스 필드,18:30,30.1
김범수,2021,Hanwha,2021-08-10,@ Kia,RP,L,0.0,3.0,0 ⅔,21,2,0,2,0,0,0,1,,Away,광주 기아 챔피언스 필드,18:30,30.2
김범수,2021,Hanwha,2021-07-11,@ SSG,RP,L,0.0,,0,20,4,4,3,0,0,1,0,,Away,인천 SSG 랜더스필드,17:00,27.4
김범수,2021,Hanwha,2021-07-09,@ SSG,RP,,0.0,1.5,1 ⅓,24,0,0,0,0,1,2,0,,Away,인천 SSG 랜더스필드,18:30,26.1
김범수,2021,Hanwha,2021-07-05,@ LG,RP,H,0.0,0.67,3,44,0,0,1,0,1,1,0,,Away,잠실 야구장,18:30,27.2
김범수,2021,Hanwha,2021-07-01,vs. Doosan,RP,,0.0,0.75,2 ⅔,36,0,0,1,0,2,1,0,,Home,대전 한화생명 볼파크,18:30,31.1
김범수,2021,Hanwha,2021-06-27,vs. KT,RP,,9.0,3.0,1,22,1,1,3,0,2,0,0,,Home,대전 한화생명 볼파크,17:00,29.4
김범수,2021,Hanwha,2021-06-24,@ Samsung,RP,,0.0,1.29,2 ⅓,43,0,0,2,0,3,1,0,,Away,대구 삼성 라이온즈 파크,18:30,24.0
김범수,2021,Hanwha,2021-06-22,@ Samsung,RP,,9.0,3.0,1,27,1,1,2,0,0,1,0,,Away,대구 삼성 라이온즈 파크,18:30,23.0
김범수,2021,Hanwha,2021-06-18,vs. SSG,RP,,13.5,3.0,0 ⅔,15,1,1,2,0,0,0,0,,Home,대전 한화생명 볼파크,18:30,25.5
김범수,2021,Hanwha,2021-06-16,vs. Lotte,RP,,13.5,2.25,1 ⅓,20,2,2,2,0,2,1,0,,Home,대전 한화생명 볼파크,18:30,27.2
김범수,2021,Hanwha,2021-06-13,@ KT,RP,,0.0,1.0,1,22,0,0,0,0,1,1,0,,Away,수원 KT 위즈파크,17:00,27.4
김범수,2021,Hanwha,2021-06-12,@ KT,RP,,18.0,3.0,1,27,2,2,2,0,2,1,0,,Away,수원 KT 위즈파크,17:00,28.5
김범수,2021,Hanwha,2021-06-10,vs. Kiwoom,RP,,0.0,1.0,1,12,0,0,0,0,0,1,0,,Home,대전 한화생명 볼파크,18:30,27.9
김범수,2021,Hanwha,2021-06-05,@ NC,RP,,0.0,1.0,1,11,0,0,1,0,0,0,0,,Away,창원 NC 파크,17:00,24.5
김범수,2021,Hanwha,2021-06-01,vs. Kia,RP,W,5.4,3.0,1 ⅔,48,1,1,4,0,1,1,0,,Home,대전 한화생명 볼파크,18:30,26.0
김범수,2021,Hanwha,2021-05-29,vs. SSG,RP,,18.0,3.0,1,27,2,2,2,0,0,1,0,,Home,대전 한화생명 볼파크,17:00,23.2
김범수,2021,Hanwha,2021-05-26,@ Doosan,SP,L,3.0,1.33,3,52,1,1,2,0,2,2,0,51.0,Away,잠실 야구장,18:30,20.7
김범수,2021,Hanwha,2021-05-23,vs. KT,RP,,0.0,0.0,0 ⅔,9,0,0,0,0,0,0,0,,Home,대전 한화생명 볼파크,14:00,26.4
김범수,2021,Hanwha,2021-05-21,vs. KT,RP,,0.0,9.0,0 ⅓,16,0,0,2,0,1,1,0,,Home,대전 한화생명 볼파크,18:30,16.2
김범수,2021,Hanwha,2021-05-18,vs. Lotte,RP,,0.0,1.0,1,26,0,0,0,0,1,1,0,,Home,대전 한화생명 볼파크,18:30,23.8
김범수,2021,Hanwha,2021-05-12,vs. NC,RP,,27.0,3.0,0 ⅔,19,2,2,1,0,1,1,0,,Home,대전 한화생명 볼파크,18:30,25.3
김범수,2021,Hanwha,2021-05-09,@ LG,RP,W,3.0,1.33,3,45,1,1,3,0,1,1,0,,Away,잠실 야구장,14:00,20.9
김범수,2021,Hanwha,2021-05-06,vs. Samsung,RP,,18.0,3.0,1,28,2,2,2,0,1,1,0,,Home,대전 한화생명 볼파크,18:30,21.7
김범수,2021,Hanwha,2021-05-05,vs. Samsung,RP,L,81.0,9.0,0 ⅓,10,3,3,3,0,0,0,0,,Home,대전 한화생명 볼파크,14:00,20.2
김범수,2021,Hanwha,2021-04-30,@ Lotte,RP,H,0.0,0.75,2 ⅔,48,0,0,1,0,5,1,0,,Away,사직 야구장,18:30,18.3
김범수,2021,Hanwha,2021-04-29,@ Kia,RP,,0.0,0.0,1,11,0,0,0,0,1,0,0,,Away,광주 기아 챔피언스 필드,18:30,20.6
김범수,2021,Hanwha,2021-04-27,@ Kia,RP,L,13.5,3.0,0 ⅔,23,1,1,2,0,0,0,0,,Away,광주 기아 챔피언스 필드,18:30,19.2
김범수,2021,Hanwha,2021-04-24,vs. LG,RP,W,0.0,1.5,1 ⅓,34,0,0,1,0,2,1,0,,Home,대전 한화생명 볼파크,17:00,22.9
김범수,2021,Hanwha,2021-04-21,vs. Kiwoom,RP,H,6.75,3.0,1 ⅓,35,1,1,3,0,3,1,0,,Home,대전 한화생명 볼파크,18:30,26.9
김범수,2021,Hanwha,2021-04-17,@ NC,SP,L,10.13,2.63,2 ⅔,67,3,3,2,1,5,5,0,42.0,Away,창원 NC 파크,17:00,16.4
김범수,2021,Hanwha,2021-04-14,@ Samsung,RP,,0.0,1.0,1,11,0,0,1,0,0,0,0,,Away,대구 삼성 라이온즈 파크,18:30,13.2
김범수,2021,Hanwha,2021-04-11,vs. Doosan,RP,,0.0,0.75,1 ⅓,16,0,0,1,0,1,0,0,,Home,대전 한화생명 볼파크,14:00,22.1
김범수,2021,Hanwha,2021-04-08,@ SSG,RP,,0.0,0.43,2 ⅓,26,0,0,1,0,3,0,0,,Away,인천 SSG 랜더스필드,18:30,15.4
김범수,2021,Hanwha,2021-04-04,@ KT,RP,L,9.0,3.0,1,21,1,1,1,0,1,2,0,,Away,수원 KT 위즈파크,14:00,15.4
김범수,2020,Hanwha,2020-10-30,vs. KT,SP,,3.38,3.0,2 ⅔,86,1,1,4,0,5,4,0,47.0,Home,대전 한화생명 볼파크,18:30,14.8
김범수,2020,Hanwha,2020-07-29,@ Samsung,SP,,31.5,4.5,2,72,7,7,4,2,2,5,0,17.0,Away,대구 삼성 라이온즈 파크,18:30,26.9
김범수,2020,Hanwha,2020-07-21,vs. Kia,SP,L,12.27,3.0,3 ⅔,95,5,5,7,1,3,4,1,25.0,Home,대전 한화생명 볼파크,18:30,29.7
김범수,2020,Hanwha,2020-07-15,@ KT,SP,W,1.59,1.24,5 ⅔,103,1,1,5,0,9,2,0,62.0,Away,수원 KT 위즈파크,18:30,26.3
김범수,2020,Hanwha,2020-07-09,vs. Lotte,SP,L,6.0,1.0,6,93,4,4,4,2,4,2,1,49.0,Home,대전 한화생명 볼파크,18:30,30.6
김범수,2020,Hanwha,2020-07-03,@ Doosan,SP,,0.0,1.33,6,103,0,0,4,0,4,4,0,64.0,Away,잠실 야구장,18:30,26.5
김범수,2020,Hanwha,2020-06-25,@ Samsung,SP,W,3.0,1.5,6,112,2,2,6,0,7,3,0,56.0,Away,대구 삼성 라이온즈 파크,18:30,25.1
김범수,2020,Hanwha,2020-06-19,@ NC,SP,L,6.23,1.62,4 ⅓,77,3,3,5,1,4,2,0,43.0,Away,창원 NC 파크,18:30,24.3
김범수,2020,Hanwha,2020-06-13,vs. Doosan,RP,,2.7,2.1,3 ⅓,57,1,1,4,1,2,3,0,,Home,대전 한화생명 볼파크,17:00,30.2
김범수,2020,Hanwha,2020-06-11,@ Lotte,RP,,7.71,2.57,2 ⅓,65,2,2,2,0,3,4,1,,Away,사직 야구장,18:30,26.1
김범수,2020,Hanwha,2020-06-10,@ Lotte,RP,,0.0,1.0,1,18,0,0,0,0,2,1,0,,Away,사직 야구장,18:30,26.0
김범수,2020,Hanwha,2020-06-07,vs. NC,RP,,0.0,1.0,1,14,0,0,0,0,1,1,0,,Home,대전 한화생명 볼파크,17:00,29.3
김범수,2020,Hanwha,2020-06-06,vs. NC,RP,,0.0,0.0,1 ⅓,11,0,0,0,0,0,0,0,,Home,대전 한화생명 볼파크,17:00,29.8
김범수,2020,Hanwha,2020-06-04,vs. Kiwoom,RP,,0.0,3.0,0 ⅓,12,1,0,0,0,1,1,0,,Home,대전 한화생명 볼파크,18:30,28.9
김범수,2020,Hanwha,2020-06-03,vs. Kiwoom,RP,,0.0,0.0,1 ⅓,12,0,0,0,0,1,0,0,,Home,대전 한화생명 볼파크,18:30,27.5
김범수,2020,Hanwha,2020-05-31,@ SK,RP,,13.5,3.0,0 ⅔,16,1,1,2,0,0,0,0,,Away,인천 SSG 랜더스필드,14:00,22.6
김범수,2020,Hanwha,2020-05-30,@ SK,RP,,0.0,2.0,1,23,0,0,0,0,2,2,0,,Away,인천 SSG 랜더스필드,17:00,25.7
김범수,2020,Hanwha,2020-05-28,vs. LG,RP,,0.0,1.5,0 ⅔,12,0,0,1,0,0,0,0,,Home,대전 한화생명 볼파크,18:30,23.8
김범수,2020,Hanwha,2020-05-27,vs. LG,RP,,13.5,1.5,0 ⅔,6,1,1,1,1,0,0,0,,Home,대전 한화생명 볼파크,18:30,24.3
김범수,2020,Hanwha,2020-05-24,@ NC,RP,L,27.0,3.0,0 ⅔,17,2,2,1,0,1,1,0,,Away,창원 NC 파크,14:00,24.2
김범수,2020,Hanwha,2020-05-23,@ NC,RP,,0.0,0.75,1 ⅓,18,0,0,1,0,2,0,0,,Away,창원 NC 파크,17:00,19.7
김범수,2020,Hanwha,2020-05-21,@ KT,RP,W,4.5,1.5,2,40,1,1,2,1,2,1,0,,Away,수원 KT 위즈파크,18:30,21.7
김범수,2020,Hanwha,2020-05-09,@ Kiwoom,RP,L,0.0,,0,7,1,0,1,0,0,1,0,,Away,고척 스카이돔,17:00,25.5
김범수,2020,Hanwha,2020-05-08,@ Kiwoom,RP,L,9.0,2.0,1,22,1,1,1,0,0,1,0,,Away,고척 스카이돔,18:30,25.5
김종수,2022,Hanwha,2022-09-07,@ KT,RP,,0.0,1.0,1,17,0,0,0,0,0,1,0,,Away,수원 KT 위즈파크,18:30,25.5
김종수,2022,Hanwha,2022-09-03,vs. NC,RP,,40.5,6.0,0 ⅔,25,3,3,2,1,0,2,0,,Home,대전 한화생명 볼파크,17:00,25.6
김종수,2022,Hanwha,2022-08-27,@ Samsung,RP,,0.0,0.0,1,7,0,0,0,0,0,0,0,,Away,대구 삼성 라이온즈 파크,18:00,26.6
김종수,2022,Hanwha,2022-08-24,vs. LG,RP,,0.0,1.0,1,16,0,0,1,0,1,0,0,,Home,대전 한화생명 볼파크,18:30,24.5
김종수,2022,Hanwha,2022-08-21,@ Lotte,RP,,9.0,3.0,1,24,1,1,2,0,0,1,0,,Away,사직 야구장,17:00,28.5
김종수,2022,Hanwha,2022-08-19,vs. Samsung,RP,,0.0,,0,6,3,3,3,2,0,0,0,,Home,대전 한화생명 볼파크,18:30,30.7
김종수,2022,Hanwha,2022-08-14,vs. Kiwoom,RP,,0.0,0.75,1 ⅓,21,0,0,1,0,0,0,0,,Home,대전 한화생명 볼파크,17:00,31.3
김종수,2022,Hanwha,2022-08-06,@ KT,RP,L,27.0,4.5,0 ⅔,24,2,2,2,0,1,1,0,,Away,수원 KT 위즈파크,18:00,33.0
김종수,2022,Hanwha,2022-08-04,vs. Kia,RP,SV,0.0,0.0,1,8,0,0,0,0,1,0,0,,Home,대전 한화생명 볼파크,18:30,32.8
김종수,2022,Hanwha,2022-08-03,vs. Kia,RP,,0.0,0.0,0 ⅓,3,0,0,0,0,0,0,0,,Home,대전 한화생명 볼파크,18:30,32.4
김종수,2022,Hanwha,2022-08-02,vs. Kia,RP,,0.0,1.5,0 ⅔,9,0,0,1,0,0,0,0,,Home,대전 한화생명 볼파크,18:30,30.6
김종수,2022,Hanwha,2022-07-28,@ Samsung,RP,,0.0,0.0,1,14,0,0,0,0,2,0,0,,Away,대구 삼성 라이온즈 파크,18:30,30.7
김종수,2022,Hanwha,2022-07-23,vs. KT,RP,,0.0,0.0,0 ⅓,8,0,0,0,0,0,0,0,,Home,대전 한화생명 볼파크,18:00,27.8
김종수,2022,Hanwha,2022-07-14,@ Lotte,RP,,0.0,,0,10,2,2,1,0,0,2,0,,Away,사직 야구장,18:30,29.6
김종수,2022,Hanwha,2022-07-09,@ Kia,RP,H,0.0,6.0,0 ⅓,20,1,0,1,0,0,1,0,,Away,광주 기아 챔피언스 필드,18:00,31.7
김종수,2022,Hanwha,2022-07-07,vs. NC,RP,,13.5,4.5,0 ⅔,30,1,1,2,0,0,1,0,,Home,대전 한화생명 볼파크,18:30,31.5
김종수,2022,Hanwha,2022-07-05,vs. NC,RP,,0.0,6.0,0 ⅓,12,0,0,1,0,0,1,0,,Home,대전 한화생명 볼파크,18:30,32.4
김종수,2022,Hanwha,2022-07-01,@ Kiwoom,RP,L,0.0,4.5,0 ⅔,33,5,0,3,0,1,0,1,,Away,고척 스카이돔,18:30,25.5
김종수,2022,Hanwha,2022-06-28,vs. SSG,RP,W,0.0,0.0,0 ⅓,3,0,0,0,0,0,0,0,,Home,대전 한화생명 볼파크,18:30,30.4
김종수,2022,Hanwha,2022-06-26,vs. Samsung,RP,,0.0,0.0,1,12,0,0,0,0,1,0,0,,Home,대전 한화생명 볼파크,17:00,31.4
김종수,2022,Hanwha,2022-06-25,vs. Samsung,RP,,0.0,0.0,1,17,0,0,0,0,0,0,0,,Home,대전 한화생명 볼파크,17:00,31.7
김종수,2022,Hanwha,2022-06-22,@ LG,RP,,9.0,2.0,1,16,1,1,2,0,1,0,1,,Away,잠실 야구장,18:30,29.0
김종수,2022,Hanwha,2022-06-18,@ NC,RP,L,27.0,3.0,0 ⅓,7,1,1,1,1,1,0,0,,Away,창원 NC 파크,17:00,27.8
김종수,2022,Hanwha,2022-06-17,@ NC,RP,,0.0,0.0,0 ⅔,6,0,0,0,0,1,0,0,,Away,창원 NC 파크,18:30,25.6
김종수,2022,Hanwha,2022-06-16,vs. Lotte,RP,,0.0,0.0,1,10,0,0,0,0,1,0,0,,Home,대전 한화생명 볼파크,18:30,25.6
김종수,2022,Hanwha,2022-06-12,@ SSG,RP,,0.0,0.0,1,19,0,0,0,0,1,0,0,,Away,인천 SSG 랜더스필드,17:00,24.9
김종수,2022,Hanwha,2022-06-11,@ SSG,RP,,0.0,1.0,1,10,0,0,1,0,0,0,0,,Away,인천 SSG 랜더스필드,17:00,28.1
김종수,2022,Hanwha,2022-06-04,vs. Kiwoom,RP,H,0.0,1.0,1,27,0,0,0,0,2,1,0,,Home,대전 한화생명 볼파크,17:00,28.5
김종수,2022,Hanwha,2022-06-02,vs. NC,RP,,0.0,1.0,1,14,0,0,1,0,1,0,0,,Home,대전 한화생명 볼파크,18:30,27.0
김종수,2022,Hanwha,2022-05-28,@ KT,RP,H,18.0,3.0,1,28,2,2,3,0,1,0,0,,Away,수원 KT 위즈파크,17:00,27.1
김종수,2022,Hanwha,2022-05-27,@ KT,RP,H,0.0,0.0,1,12,0,0,0,0,3,0,0,,Away,수원 KT 위즈파크,18:30,21.3
김종수,2022,Hanwha,2022-05-25,vs. Doosan,RP,,0.0,0.0,1,12,0,0,0,0,1,0,0,,Home,대전 한화생명 볼파크,18:30,25.9
김종수,2022,Hanwha,2022-05-22,@ Kiwoom,RP,W,4.5,1.0,2,28,1,1,1,0,2,1,0,,Away,고척 스카이돔,14:00,25.5
김종수,2022,Hanwha,2022-05-18,vs. Samsung,RP,,0.0,1.0,1,15,0,0,0,0,0,1,0,,Home,대전 한화생명 볼파크,18:30,25.5
김종수,2022,Hanwha,2022-05-17,vs. Samsung,RP,H,0.0,0.0,1,8,0,0,0,0,2,0,0,,Home,대전 한화생명 볼파크,18:30,25.7
김종수,2022,Hanwha,2022-05-15,vs. Lotte,RP,,0.0,0.0,1,10,0,0,0,0,1,0,0,,Home,대전 한화생명 볼파크,14:00,20.7
김종수,2022,Hanwha,2022-05-13,vs. Lotte,RP,,0.0,0.0,1,11,0,0,0,0,2,0,0,,Home,대전 한화생명 볼파크,18:30,20.5
김종수,2022,Hanwha,2022-05-11,@ LG,RP,,0.0,0.6,1 ⅔,28,0,0,1,0,2,0,0,,Away,잠실 야구장,18:30,21.2
김종수,2022,Hanwha,2022-05-08,vs. Kia,RP,,0.0,0.75,1 ⅓,16,0,0,0,0,1,1,0,,Home,대전 한화생명 볼파크,14:00,22.4
김종수,2022,Hanwha,2022-05-07,vs. Kia,RP,,0.0,1.0,1,21,0,0,1,0,1,0,0,,Home,대전 한화생명 볼파크,17:00,23.3
김종수,2022,Hanwha,2022-05-04,@ SSG,RP,,0.0,1.5,0 ⅔,12,0,0,1,0,1,0,0,,Away,인천 SSG 랜더스필드,18:30,18.1
김종수,2022,Hanwha,2022-05-03,@ SSG,RP,,0.0,3.0,0 ⅓,9,0,0,0,0,1,1,0,,Away,인천 SSG 랜더스필드,18:30,14.5
김종수,2022,Hanwha,2022-04-29,@ NC,RP,,0.0,3.0,1,27,2,0,1,0,1,2,0,,Away,창원 NC 파크,18:30,12.0
김종수,2022,Hanwha,2022-04-28,vs. Kiwoom,RP,,0.0,1.0,1,9,0,0,1,0,0,0,0,,Home,대전 한화생명 볼파크,18:30,20.1
김종수,2022,Hanwha,2022-04-24,vs. SSG,RP,,0.0,0.0,1 ⅓,18,0,0,0,0,2,0,0,,Home,대전 한화생명 볼파크,14:00,26.5
김종수,2022,Hanwha,2022-04-22,vs. SSG,RP,,0.0,0.0,1,18,0,0,0,0,3,0,0,,Home,대전 한화생명 볼파크,18:30,19.0
김종수,2022,Hanwha,2022-04-17,vs. LG,RP,L,18.0,2.0,1,23,2,2,2,1,1,0,0,,Home,대전 한화생명 볼파크,14:00,20.8
김종수,2022,Hanwha,2022-04-14,@ Samsung,RP,,40.5,6.0,0 ⅔,22,3,3,3,0,0,1,0,,Away,대구 삼성 라이온즈 파크,18:30,11.1
김종수,2022,Hanwha,2022-04-10,vs. KT,RP,W,0.0,0.0,1,17,0,0,0,0,2,0,0,,Home,대전 한화생명 볼파크,14:00,26.7
김종수,2022,Hanwha,2022-04-07,@ Kia,RP,,0.0,1.0,1,24,0,0,0,0,2,1,0,,Away,광주 기아 챔피언스 필드,18:30,16.9
김종수,2022,Hanwha,2022-04-05,@ Kia,RP,H,0.0,6.0,0 ⅓,13,0,0,0,0,0,2,0,,Away,광주 기아 챔피언스 필드,18:30,15.2
김종수,2022,Hanwha,2022-04-02,@ Doosan,RP,,0.0,0.0,1 ⅓,14,0,0,0,0,1,0,0,,Away,잠실 야구장,14:00,14.0
김종수,2021,Hanwha,2021-10-30,vs. Doosan,RP,,9.0,1.0,1,15,1,1,0,0,0,1,0,,Home,대전 한화생명 볼파크,17:00,17.0
김종수,2021,Hanwha,2021-10-28,vs. LG,RP,,0.0,0.0,1,13,0,0,0,0,1,0,0,,Home,대전 한화생명 볼파크,18:30,15.1
김종수,2021,Hanwha,2021-10-26,vs. LG,RP,,6.75,1.5,1 ⅓,31,1,1,2,0,0,0,0,,Home,대전 한화생명 볼파크,18:30,15.5
김종수,2021,Hanwha,2021-10-23,@ Lotte,RP,,27.0,4.5,0 ⅔,27,4,2,2,0,1,1,0,,Away,사직 야구장,17:00,17.2
김종수,2021,Hanwha,2021-10-22,@ Lotte,RP,,0.0,0.0,1,14,0,0,0,0,2,0,0,,Away,사직 야구장,18:30,14.6
김종수,2021,Hanwha,2021-10-10,vs. Kia,RP,,0.0,0.0,1,22,0,0,0,0,2,0,0,,Home,대전 한화생명 볼파크,14:00,28.2
김종수,2021,Hanwha,2021-10-09,vs. Kia,RP,,0.0,1.0,1,24,0,0,1,0,1,0,0,,Home,대전 한화생명 볼파크,17:00,26.7
김종수,2021,Hanwha,2021-10-06,vs. Doosan,RP,H,0.0,3.0,0 ⅓,7,0,0,1,0,1,0,0,,Home,대전 한화생명 볼파크,18:30,24.7
김종수,2021,Hanwha,2021-10-05,vs. Doosan,RP,H,0.0,0.0,0 ⅓,7,0,0,0,0,0,0,0,,Home,대전 한화생명 볼파크,18:30,25.5
김종수,2021,Hanwha,2021-10-02,@ Kia,RP,H,0.0,0.0,1,10,0,0,0,0,0,0,1,,Away,광주 기아 챔피언스 필드,17:00,28.0
김종수,2021,Hanwha,2021-09-28,vs. Kiwoom,RP,,0.0,0.0,0 ⅓,6,0,0,0,0,1,0,0,,Home,대전 한화생명 볼파크,18:30,25.1
김종수,2021,Hanwha,2021-09-25,@ Doosan,RP,W,0.0,1.5,0 ⅔,9,0,0,1,0,0,0,0,,Away,잠실 야구장,17:00,24.1
김종수,2021,Hanwha,2021-09-23,@ KT,RP,,0.0,,0,6,0,0,0,0,0,1,0,,Away,수원 KT 위즈파크,18:30,23.4
김종수,2021,Hanwha,2021-09-21,vs. LG,RP,H,27.0,3.0,0 ⅓,8,1,1,1,1,0,0,0,,Home,대전 한화생명 볼파크,18:30,25.8
김종수,2021,Hanwha,2021-09-19,vs. Lotte,RP,,13.5,1.5,0 ⅔,7,1,1,1,0,1,0,0,,Home,대전 한화생명 볼파크,14:00,27.0
김종수,2021,Hanwha,2021-09-17,@ Kiwoom,RP,,0.0,1.0,1,15,0,0,0,0,0,1,0,,Away,고척 스카이돔,18:30,25.5
김종수,2021,Hanwha,2021-09-15,@ SSG,RP,,0.0,,0,6,0,0,0,0,0,1,0,,Away,인천 SSG 랜더스필드,18:30,24.9
김종수,2021,Hanwha,2021-09-12,vs. Samsung,RP,H,0.0,0.0,1,21,0,0,0,0,1,0,0,,Home,대전 한화생명 볼파크,14:00,28.7
김종수,2021,Hanwha,2021-09-12,vs. Samsung,RP,,0.0,6.0,0 ⅓,14,0,0,0,0,0,2,0,,Home,대전 한화생명 볼파크,14:00,28.7
김종수,2021,Hanwha,2021-09-10,@ LG,RP,,0.0,0.0,1,15,0,0,0,0,1,0,0,,Away,잠실 야구장,18:30,27.3
김종수,2021,Hanwha,2021-09-05,vs. Kia,RP,H,0.0,0.0,2,19,0,0,0,0,2,0,0,,Home,대전 한화생명 볼파크,14:00,25.9
김종수,2021,Hanwha,2021-09-03,@ Lotte,RP,,0.0,0.0,1,11,0,0,0,0,0,0,0,,Away,사직 야구장,18:30,24.4
김종수,2021,Hanwha,2021-09-01,vs. KT,RP,,0.0,0.0,0 ⅔,8,0,0,0,0,0,0,0,,Home,대전 한화생명 볼파크,18:30,26.4
김종수,2021,Hanwha,2021-08-31,vs. KT,RP,,0.0,0.0,1,15,0,0,0,0,1,0,0,,Home,대전 한화생명 볼파크,18:30,26.9
김종수,2021,Hanwha,2021-08-27,@ Kiwoom,RP,,0.0,,0,6,1,1,1,0,0,0,1,,Away,고척 스카이돔,18:30,25.5
김종수,2021,Hanwha,2021-08-24,@ Doosan,RP,,0.0,0.0,1 ⅔,13,0,0,0,0,1,0,0,,Away,잠실 야구장,18:30,27.6
김종수,2021,Hanwha,2021-08-22,@ Doosan,RP,,0.0,0.0,1,16,0,0,0,0,1,0,0,,Away,잠실 야구장,17:00,27.3
김종수,2021,Hanwha,2021-08-19,vs. Samsung,RP,,0.0,1.5,1 ⅓,24,0,0,1,0,1,1,0,,Home,대전 한화생명 볼파크,18:30,29.1
김종수,2021,Hanwha,2021-08-13,vs. NC,RP,,9.0,2.0,1,12,1,1,2,0,1,0,0,,Home,대전 한화생명 볼파크,18:30,29.4
김종수,2021,Hanwha,2021-08-11,@ Kia,RP,,13.5,6.0,0 ⅔,29,1,1,1,0,0,3,0,,Away,광주 기아 챔피언스 필드,18:30,30.1
김종수,2021,Hanwha,2021-07-11,@ SSG,RP,,9.0,3.0,1,24,1,1,2,0,2,1,0,,Away,인천 SSG 랜더스필드,17:00,27.4
김종수,2021,Hanwha,2021-07-09,@ SSG,RP,,6.75,2.25,1 ⅓,35,3,1,2,0,1,1,0,,Away,인천 SSG 랜더스필드,18:30,26.1
김종수,2021,Hanwha,2021-07-07,vs. Kia,RP,,0.0,1.5,0 ⅔,9,0,0,1,0,0,0,0,,Home,대전 한화생명 볼파크,18:30,30.8
김종수,2021,Hanwha,2021-07-05,@ LG,RP,,0.0,3.0,0 ⅓,6,0,0,0,0,0,1,0,,Away,잠실 야구장,18:30,27.2
김종수,2021,Hanwha,2021-07-04,@ LG,RP,,0.0,1.0,1,18,0,0,1,0,0,0,0,,Away,잠실 야구장,17:00,24.4
김종수,2021,Hanwha,2021-06-30,vs. Doosan,RP,,0.0,0.0,0 ⅔,15,0,0,0,0,1,0,0,,Home,대전 한화생명 볼파크,18:30,29.9
김종수,2021,Hanwha,2021-06-04,@ NC,RP,,5.4,3.0,1 ⅔,40,1,1,1,0,0,4,0,,Away,창원 NC 파크,18:30,22.7
김종수,2021,Hanwha,2021-06-01,vs. Kia,RP,,0.0,0.6,1 ⅔,30,0,0,0,0,1,1,0,,Home,대전 한화생명 볼파크,18:30,26.0
김종수,2021,Hanwha,2021-05-29,vs. SSG,RP,,13.5,3.0,1 ⅓,36,2,2,2,0,1,2,1,,Home,대전 한화생명 볼파크,17:00,23.2
김종수,2021,Hanwha,2021-05-26,@ Doosan,RP,,10.8,1.2,1 ⅔,35,2,2,1,1,2,1,0,,Away,잠실 야구장,18:30,20.7
김종수,2021,Hanwha,2021-05-23,vs. KT,RP,,5.4,0.6,1 ⅔,22,1,1,1,1,1,0,0,,Home,대전 한화생명 볼파크,14:00,26.4
김종수,2021,Hanwha,2021-05-15,@ Kiwoom,RP,,0.0,0.75,2 ⅔,46,0,0,0,0,3,2,0,,Away,고척 스카이돔,17:00,25.5
김종수,2021,Hanwha,2021-05-12,vs. NC,RP,,0.0,1.5,0 ⅔,15,0,0,0,0,0,1,0,,Home,대전 한화생명 볼파크,18:30,25.3
김종수,2021,Hanwha,2021-05-11,vs. NC,RP,,0.0,0.0,1 ⅓,17,0,0,0,0,3,0,0,,Home,대전 한화생명 볼파크,18:30,18.3
김종수,2021,Hanwha,2021-05-08,@ LG,RP,,0.0,6.0,0 ⅓,15,0,0,1,0,0,1,0,,Away,잠실 야구장,17:00,18.0
김종수,2021,Hanwha,2021-04-17,@ NC,RP,,135.0,18.0,0 ⅓,37,5,5,5,2,1,1,0,,Away,창원 NC 파크,17:00,16.4
김종수,2021,Hanwha,2021-04-15,@ Samsung,RP,,0.0,4.5,0 ⅔,29,0,0,0,0,1,3,0,,Away,대구 삼성 라이온즈 파크,18:30,14.7
김종수,2021,Hanwha,2021-04-10,vs. Doosan,RP,,9.0,2.0,2,44,2,2,2,1,0,2,0,,Home,대전 한화생명 볼파크,17:00,19.0
김종수,2021,Hanwha,2021-04-06,@ SSG,RP,L,6.75,0.75,1 ⅓,22,1,1,1,1,2,0,0,,Away,인천 SSG 랜더스필드,18:30,14.0
김종수,2020,Hanwha,2020-10-30,vs. KT,RP,H,5.4,2.4,1 ⅔,47,1,1,4,0,3,0,0,,Home,대전 한화생명 볼파크,18:30,14.8
김종수,2020,Hanwha,2020-10-28,@ LG,RP,SV,0.0,0.0,0 ⅔,7,0,0,0,0,1,0,0,,Away,잠실 야구장,18:30,14.4
김종수,2020,Hanwha,2020-10-27,@ Doosan,RP,,0.0,1.0,1,12,0,0,1,0,1,0,0,,Away,잠실 야구장,18:30,16.6
김종수,2020,Hanwha,2020-10-22,vs. Kia,RP,,0.0,1.0,1,11,0,0,1,0,0,0,0,,Home,대전 한화생명 볼파크,18:30,14.5
김종수,2020,Hanwha,2020-10-18,vs. Samsung,RP,,0.0,0.0,1,11,0,0,0,0,0,0,0,,Home,대전 한화생명 볼파크,14:00,19.6
김종수,2020,Hanwha,2020-10-17,vs. Samsung,RP,,0.0,0.0,0 ⅓,6,0,0,0,0,1,0,0,,Home,대전 한화생명 볼파크,17:00,17.7
김종수,2020,Hanwha,2020-10-15,@ Doosan,RP,,0.0,,0,20,4,4,4,0,0,1,0,,Away,잠실 야구장,18:30,15.0
김종수,2020,Hanwha,2020-10-10,vs. Kiwoom,RP,,0.0,0.0,1,12,0,0,0,0,1,0,0,,Home,대전 한화생명 볼파크,17:00,20.9
김종수,2020,Hanwha,2020-10-08,@ Kia,RP,,0.0,1.0,1,19,0,0,1,0,3,0,0,,Away,광주 기아 챔피언스 필드,18:30,20.5
김종수,2020,Hanwha,2020-10-07,@ Kia,RP,,0.0,1.0,1,16,0,0,1,0,2,0,0,,Away,광주 기아 챔피언스 필드,18:30,20.8
김종수,2020,Hanwha,2020-10-04,@ Lotte,RP,,162.0,24.0,0 ⅓,37,6,6,6,1,1,2,0,,Away,사직 야구장,14:00,24.7
김종수,2020,Hanwha,2020-10-01,vs. Doosan,RP,,9.0,2.0,1,14,1,1,2,1,0,0,0,,Home,대전 한화생명 볼파크,18:30,22.9
김종수,2020,Hanwha,2020-09-29,vs. Doosan,RP,,0.0,0.0,1,13,0,0,0,0,1,0,0,,Home,대전 한화생명 볼파크,18:30,22.3
김종수,2020,Hanwha,2020-09-26,vs. NC,RP,,0.0,1.0,2,34,0,0,1,0,2,1,0,,Home,대전 한화생명 볼파크,17:00,23.4
김종수,2020,Hanwha,2020-09-24,vs. Lotte,RP,,0.0,0.6,1 ⅔,27,0,0,0,0,0,1,0,,Home,대전 한화생명 볼파크,18:30,23.3
김종수,2020,Hanwha,2020-09-19,@ Kia,RP,,108.0,9.0,0 ⅓,21,4,4,2,0,0,1,1,,Away,광주 기아 챔피언스 필드,17:00,24.1
김종수,2020,Hanwha,2020-09-17,@ Kiwoom,RP,,0.0,2.0,1,22,0,0,0,0,2,2,0,,Away,고척 스카이돔,18:30,25.5
김종수,2020,Hanwha,2020-09-16,vs. LG,RP,,0.0,3.0,1,17,0,0,1,0,0,2,0,,Home,대전 한화생명 볼파크,18:30,25.2
김종수,2020,Hanwha,2020-09-13,@ KT,RP,H,0.0,0.0,1 ⅓,21,0,0,0,0,1,0,0,,Away,수원 KT 위즈파크,14:00,26.1
김종수,2020,Hanwha,2020-09-12,@ KT,RP,,0.0,0.0,1 ⅓,17,0,0,0,0,0,0,0,,Away,수원 KT 위즈파크,17:00,24.5
김종수,2020,Hanwha,2020-09-09,@ Samsung,RP,,9.0,2.0,1,19,1,1,1,0,1,1,1,,Away,대구 삼성 라이온즈 파크,18:30,26.0
김종수,2020,Hanwha,2020-09-08,@ Samsung,RP,,0.0,0.0,1,12,0,0,0,0,1,0,0,,Away,대구 삼성 라이온즈 파크,18:30,26.9
김종수,2020,Hanwha,2020-09-05,vs. Kia,RP,,0.0,3.0,0 ⅔,18,0,0,0,0,0,2,0,,Home,대전 한화생명 볼파크,17:00,25.0
김종수,2020,Hanwha,2020-09-03,vs. Kiwoom,RP,,0.0,0.0,0 ⅔,6,0,0,0,0,0,0,0,,Home,대전 한화생명 볼파크,18:30,26.0
김종수,2020,Hanwha,2020-08-30,@ Lotte,RP,,5.4,1.8,1 ⅔,32,1,1,2,0,2,1,0,,Away,사직 야구장,17:00,31.7
김종수,2020,Hanwha,2020-08-24,@ LG,RP,,0.0,3.0,0 ⅓,7,0,0,1,0,0,0,0,,Away,잠실 야구장,18:30,30.8
김종수,2020,Hanwha,2020-08-23,@ LG,RP,H,0.0,1.0,1,15,0,0,0,0,1,1,0,,Away,잠실 야구장,17:00,30.1
김종수,2020,Hanwha,2020-08-21,vs. KT,RP,,0.0,1.0,1,21,0,0,0,0,2,1,0,,Home,대전 한화생명 볼파크,18:30,33.2
김종수,2020,Hanwha,2020-08-20,vs. KT,RP,,18.0,3.0,1,24,2,2,1,0,0,2,0,,Home,대전 한화생명 볼파크,18:30,33.6
김종수,2020,Hanwha,2020-08-16,vs. Samsung,RP,H,0.0,0.0,1,12,0,0,0,0,2,0,0,,Home,대전 한화생명 볼파크,17:00,32.9
김종수,2020,Hanwha,2020-08-15,vs. Samsung,RP,,0.0,1.0,1,21,0,0,0,0,0,1,0,,Home,대전 한화생명 볼파크,18:00,32.7
김종수,2020,Hanwha,2020-08-12,@ Kiwoom,RP,L,27.0,3.0,0 ⅓,7,1,1,1,1,1,0,0,,Away,고척 스카이돔,18:30,25.5
김종수,2020,Hanwha,2020-08-11,@ Kiwoom,RP,,0.0,3.0,0 ⅔,18,0,0,0,0,1,2,0,,Away,고척 스카이돔,18:30,25.5
김종수,2020,Hanwha,2020-08-09,vs. KT,RP,,9.0,2.0,1,23,1,1,2,0,1,0,0,,Home,대전 한화생명 볼파크,17:00,31.1
김종수,2020,Hanwha,2020-08-05,vs. NC,RP,W,27.0,6.0,0 ⅓,12,1,1,1,0,0,1,0,,Home,대전 한화생명 볼파크,18:30,31.2
김종수,2020,Hanwha,2020-08-01,@ LG,RP,,0.0,0.0,0 ⅓,6,0,0,0,0,0,0,0,,Away,잠실 야구장,18:00,28.7
김종수,2020,Hanwha,2020-07-30,@ Samsung,RP,,0.0,0.0,1,15,0,0,0,0,1,0,0,,Away,대구 삼성 라이온즈 파크,18:30,26.0
김종수,2020,Hanwha,2020-07-29,@ Samsung,RP,,0.0,1.0,1,13,0,0,1,0,1,0,0,,Away,대구 삼성 라이온즈 파크,18:30,26.9
김종수,2020,Hanwha,2020-07-26,vs. SK,RP,,13.5,3.0,0 ⅔,28,1,1,2,0,0,0,1,,Home,대전 한화생명 볼파크,17:00,28.8
김종수,2020,Hanwha,2020-07-22,vs. Kia,RP,,0.0,1.0,1,18,0,0,1,0,1,0,0,,Home,대전 한화생명 볼파크,18:30,26.0
김종수,2020,Hanwha,2020-07-19,@ LG,RP,,0.0,6.0,0 ⅓,15,0,0,1,0,0,1,0,,Away,잠실 야구장,17:00,27.5
김종수,2020,Hanwha,2020-07-18,@ LG,RP,,0.0,2.0,1,15,1,0,2,0,0,0,0,,Away,잠실 야구장,18:00,29.3
김종수,2020,Hanwha,2020-07-15,@ KT,RP,,0.0,0.0,0 ⅔,8,0,0,0,0,1,0,0,,Away,수원 KT 위즈파크,18:30,26.3
김종수,2020,Hanwha,2020-07-13,vs. SK,RP,H,0.0,0.75,1 ⅓,25,0,0,0,0,1,1,0,,Home,대전 한화생명 볼파크,18:30,22.6
김종수,2020,Hanwha,2020-07-10,vs. SK,RP,H,0.0,0.75,1 ⅓,18,0,0,1,0,2,0,0,,Home,대전 한화생명 볼파크,18:30,30.0
김종수,2020,Hanwha,2020-07-09,vs. Lotte,RP,,13.5,1.5,0 ⅔,6,1,1,1,0,0,0,0,,Home,대전 한화생명 볼파크,18:30,30.6
김종수,2020,Hanwha,2020-07-07,vs. Lotte,RP,H,9.0,1.0,1,21,1,1,1,1,3,0,0,,Home,대전 한화생명 볼파크,18:30,28.9
김종수,2020,Hanwha,2020-07-05,@ Doosan,RP,,18.0,2.0,1,18,2,2,2,0,0,0,0,,Away,잠실 야구장,17:00,26.9
김종수,2020,Hanwha,2020-07-04,@ Doosan,RP,,0.0,0.0,1 ⅓,15,0,0,0,0,0,0,0,,Away,잠실 야구장,18:00,26.9
김종수,2020,Hanwha,2020-06-28,vs. KT,RP,,0.0,0.0,1,6,0,0,0,0,0,0,0,,Home,대전 한화생명 볼파크,17:00,29.7
김종수,2020,Hanwha,2020-05-27,vs. LG,RP,,18.0,3.5,2,45,4,4,5,2,1,2,0,,Home,대전 한화생명 볼파크,18:30,24.3
김종수,2020,Hanwha,2020-05-23,@ NC,RP,,27.0,6.0,0 ⅓,17,1,1,2,0,0,0,0,,Away,창원 NC 파크,17:00,19.7
김종수,2020,Hanwha,2020-05-19,@ KT,RP,,0.0,1.0,1,14,0,0,1,0,1,0,0,,Away,수원 KT 위즈파크,18:30,16.0
김종수,2020,Hanwha,2020-05-16,vs. Lotte,RP,,0.0,1.5,0 ⅔,7,0,0,1,0,0,0,0,,Home,대전 한화생명 볼파크,17:00,19.6
김서현,2024,Hanwha,2024-09-28,vs. SSG,RP,,9.0,3.0,1,20,1,1,2,0,1,1,0,,Home,대전 한화생명 볼파크,17:00,26.2
김서현,2024,Hanwha,2024-09-27,vs. Kia,RP,H,0.0,3.0,1,19,0,0,2,0,3,1,0,,Home,대전 한화생명 볼파크,18:30,24.4
김서현,2024,Hanwha,2024-09-24,@ Kiwoom,RP,L,18.0,3.0,1,21,2,2,3,0,1,0,0,,Away,고척 스카이돔,18:30,25.5
김서현,2024,Hanwha,2024-09-22,vs. Lotte,RP,W,0.0,0.0,1,9,0,0,0,0,0,0,0,,Home,대전 한화생명 볼파크,14:00,25.7
김서현,2024,Hanwha,2024-09-19,@ NC,RP,H,6.75,2.25,1 ⅓,29,1,1,2,0,2,1,0,,Away,창원 NC 파크,18:30,31.9
김서현,2024,Hanwha,2024-09-17,@ NC,RP,H,0.0,0.0,1,14,0,0,0,0,3,0,0,,Away,창원 NC 파크,18:30,31.9
김서현,2024,Hanwha,2024-09-15,@ Lotte,RP,,18.0,4.0,1,23,2,2,1,0,0,3,0,,Away,사직 야구장,14:00,32.7
김서현,2024,Hanwha,2024-09-13,@ Lotte,RP,H,0.0,0.0,1 ⅔,14,0,0,0,0,1,0,0,,Away,사직 야구장,18:30,31.7
김서현,2024,Hanwha,2024-09-07,@ LG,RP,,18.0,4.0,1,32,2,2,2,0,1,2,0,,Away,잠실 야구장,17:00,30.7
김서현,2024,Hanwha,2024-09-05,@ Kia,RP,,0.0,0.0,2,23,0,0,0,0,3,0,0,,Away,광주 기아 챔피언스 필드,18:30,30.7
김서현,2024,Hanwha,2024-08-31,vs. KT,RP,,0.0,0.0,1,12,0,0,0,0,1,0,0,,Home,대전 한화생명 볼파크,18:00,29.7
김서현,2024,Hanwha,2024-08-27,@ Lotte,RP,,0.0,3.0,0 ⅔,9,0,0,2,0,1,0,0,,Away,사직 야구장,18:30,28.2
김서현,2024,Hanwha,2024-08-24,@ Doosan,RP,,108.0,12.0,0 ⅓,28,4,4,0,0,0,4,0,,Away,잠실 야구장,18:00,31.2
김서현,2024,Hanwha,2024-08-23,@ Doosan,RP,,0.0,4.5,0 ⅔,25,3,0,1,0,2,2,1,,Away,잠실 야구장,18:30,31.2
김서현,2024,Hanwha,2024-08-20,vs. NC,RP,,0.0,0.0,1,10,0,0,0,0,2,0,0,,Home,대전 한화생명 볼파크,18:30,31.0
김서현,2024,Hanwha,2024-08-17,@ SSG,RP,H,9.0,2.0,1,22,1,1,2,0,1,0,0,,Away,인천 SSG 랜더스필드,18:00,32.0
김서현,2024,Hanwha,2024-08-13,vs. LG,RP,H,0.0,2.0,1,19,0,0,1,0,2,1,0,,Home,대전 한화생명 볼파크,18:30,34.1
김서현,2024,Hanwha,2024-08-09,vs. Kiwoom,RP,,0.0,1.0,1,17,0,0,0,0,2,1,0,,Home,대전 한화생명 볼파크,18:30,32.4
김서현,2024,Hanwha,2024-08-08,@ Samsung,RP,H,0.0,1.0,1,14,0,0,1,0,1,0,0,,Away,대구 삼성 라이온즈 파크,18:30,30.6
김서현,2024,Hanwha,2024-08-06,@ Samsung,RP,H,0.0,0.0,1,15,0,0,0,0,1,0,0,,Away,대구 삼성 라이온즈 파크,18:30,31.2
김서현,2024,Hanwha,2024-08-03,vs. Kia,RP,,0.0,1.0,1,16,0,0,1,0,1,0,1,,Home,대전 한화생명 볼파크,18:00,34.6
김서현,2024,Hanwha,2024-08-01,@ KT,RP,,0.0,9.0,0 ⅓,24,0,0,0,0,1,3,0,,Away,수원 KT 위즈파크,18:30,33.1
김서현,2024,Hanwha,2024-07-31,@ KT,RP,H,0.0,0.0,1 ⅓,17,0,0,0,0,2,0,0,,Away,수원 KT 위즈파크,18:30,32.7
김서현,2024,Hanwha,2024-07-28,@ LG,RP,H,0.0,2.0,1,19,0,0,1,0,1,1,0,,Away,잠실 야구장,17:00,31.7
김서현,2024,Hanwha,2024-07-24,vs. Samsung,RP,,0.0,1.0,1,14,0,0,1,0,1,0,0,,Home,대전 한화생명 볼파크,18:30,32.6
김서현,2024,Hanwha,2024-07-21,vs. Kia,RP,,0.0,3.0,0 ⅓,7,0,0,1,0,0,0,0,,Home,대전 한화생명 볼파크,17:00,32.4
김서현,2024,Hanwha,2024-07-19,vs. Kia,RP,,0.0,0.0,1 ⅓,18,0,0,0,0,1,0,0,,Home,대전 한화생명 볼파크,18:30,29.0
김서현,2024,Hanwha,2024-07-17,@ NC,RP,,0.0,0.0,1,10,0,0,0,0,1,0,0,,Away,창원 NC 파크,18:30,30.2
김서현,2024,Hanwha,2024-07-13,vs. LG,RP,,0.0,1.0,2,28,0,0,1,0,3,1,0,,Home,대전 한화생명 볼파크,18:00,29.6
김서현,2024,Hanwha,2024-07-11,@ Kiwoom,RP,L,27.0,9.0,0 ⅓,11,1,1,2,0,0,1,0,,Away,고척 스카이돔,18:30,25.5
김서현,2024,Hanwha,2024-07-03,vs. KT,RP,,0.0,1.0,1,8,0,0,0,0,0,1,0,,Home,대전 한화생명 볼파크,18:30,28.2
김서현,2024,Hanwha,2024-05-19,@ Samsung,RP,,9.0,4.0,1,26,1,1,1,0,1,3,0,,Away,대구 삼성 라이온즈 파크,14:00,24.4
김서현,2024,Hanwha,2024-04-12,vs. Kia,RP,,6.75,4.5,1 ⅓,44,1,1,2,0,0,4,0,,Home,대전 한화생명 볼파크,18:30,23.3
김서현,2024,Hanwha,2024-04-10,@ Doosan,RP,,0.0,1.0,1,25,0,0,0,0,2,1,1,,Away,잠실 야구장,18:30,15.2
김서현,2024,Hanwha,2024-04-06,@ Kiwoom,RP,,0.0,1.0,1,9,0,0,1,0,0,0,0,,Away,고척 스카이돔,17:00,25.5
김서현,2024,Hanwha,2024-04-05,@ Kiwoom,RP,,0.0,3.0,0 ⅔,32,1,0,1,0,1,1,1,,Away,고척 스카이돔,18:30,25.5
김서현,2024,Hanwha,2024-03-31,vs. KT,RP,,0.0,0.0,2,16,0,0,0,0,0,0,0,,Home,대전 한화생명 볼파크,14:00,17.9
김서현,2023,Hanwha,2023-08-17,@ NC,SP,,13.5,3.5,2,44,3,3,3,0,1,4,0,35.0,Away,창원 NC 파크,18:30,29.8
김서현,2023,Hanwha,2023-08-11,vs. Doosan,RP,,13.5,3.38,2 ⅔,81,4,4,3,0,2,6,2,,Home,대전 한화생명 볼파크,18:30,28.1
김서현,2023,Hanwha,2023-06-07,@ Doosan,RP,,54.0,3.0,0 ⅓,8,2,2,0,0,0,1,1,,Away,잠실 야구장,18:30,26.0
김서현,2023,Hanwha,2023-06-04,vs. Samsung,RP,,0.0,3.0,1 ⅓,31,0,0,1,0,1,3,1,,Home,대전 한화생명 볼파크,17:00,24.7
김서현,2023,Hanwha,2023-06-03,vs. Samsung,RP,,0.0,1.5,0 ⅔,6,0,0,1,0,0,0,0,,Home,대전 한화생명 볼파크,17:00,24.1
김서현,2023,Hanwha,2023-06-01,vs. Kiwoom,RP,,81.0,12.0,0 ⅓,27,3,3,1,0,1,3,0,,Home,대전 한화생명 볼파크,18:30,24.7
김서현,2023,Hanwha,2023-05-27,@ NC,RP,,0.0,3.0,0 ⅔,14,0,0,1,0,0,1,1,,Away,창원 NC 파크,17:00,25.1
김서현,2023,Hanwha,2023-05-23,vs. Kia,RP,,20.25,2.25,1 ⅓,25,3,3,3,0,2,0,0,,Home,대전 한화생명 볼파크,18:30,24.2
김서현,2023,Hanwha,2023-05-20,@ LG,RP,,0.0,2.0,1,26,0,0,1,0,2,1,0,,Away,잠실 야구장,17:00,23.9
김서현,2023,Hanwha,2023-05-17,vs. Lotte,RP,,0.0,0.0,1,16,0,0,0,0,2,0,1,,Home,대전 한화생명 볼파크,18:30,27.9
김서현,2023,Hanwha,2023-05-14,@ SSG,RP,,0.0,3.0,1,32,0,0,2,0,2,1,0,,Away,인천 SSG 랜더스필드,14:00,20.8
김서현,2023,Hanwha,2023-05-12,@ SSG,RP,SV,0.0,0.0,1,15,0,0,0,0,1,0,1,,Away,인천 SSG 랜더스필드,18:30,19.8
김서현,2023,Hanwha,2023-05-11,vs. Samsung,RP,,0.0,1.0,1,14,0,0,1,0,2,0,0,,Home,대전 한화생명 볼파크,18:30,24.7
김서현,2023,Hanwha,2023-05-07,vs. KT,RP,,0.0,1.0,1,22,0,0,0,0,2,1,0,,Home,대전 한화생명 볼파크,14:00,15.0
김서현,2023,Hanwha,2023-05-03,@ Doosan,RP,,0.0,0.0,1,11,0,0,0,0,1,0,0,,Away,잠실 야구장,18:30,22.7
김서현,2023,Hanwha,2023-04-30,vs. NC,RP,,0.0,0.0,0 ⅔,4,0,0,0,0,0,0,0,,Home,대전 한화생명 볼파크,14:00,19.1
김서현,2023,Hanwha,2023-04-28,vs. NC,RP,,13.5,1.5,1 ⅓,26,2,2,1,1,1,1,0,,Home,대전 한화생명 볼파크,18:30,20.8
김서현,2023,Hanwha,2023-04-23,vs. LG,RP,,4.5,1.0,2,37,1,1,1,0,4,1,0,,Home,대전 한화생명 볼파크,14:00,20.2
김서현,2023,Hanwha,2023-04-21,vs. LG,RP,,0.0,3.0,1,20,2,0,3,0,0,0,0,,Home,대전 한화생명 볼파크,18:30,21.6
김서현,2023,Hanwha,2023-04-19,vs. Doosan,RP,,0.0,0.0,1,17,0,0,0,0,2,0,0,,Home,대전 한화생명 볼파크,18:30,25.2
이상규,2024,Hanwha,2024-09-29,vs. NC,RP,,0.0,0.75,1 ⅓,19,0,0,1,0,2,0,0,,Home,대전 한화생명 볼파크,14:00,26.4
이상규,2024,Hanwha,2024-09-28,vs. SSG,RP,L,6.75,1.5,1 ⅓,27,1,1,2,0,2,0,0,,Home,대전 한화생명 볼파크,17:00,26.2
이상규,2024,Hanwha,2024-09-24,@ Kiwoom,SP,,6.23,2.08,4 ⅓,83,3,3,6,0,2,3,0,38.0,Away,고척 스카이돔,18:30,25.5
이상규,2024,Hanwha,2024-09-18,@ NC,RP,L,10.13,1.88,2 ⅔,44,3,3,5,0,2,0,0,,Away,창원 NC 파크,18:30,31.3
이상규,2024,Hanwha,2024-09-14,@ Lotte,SP,L,108.0,15.0,0 ⅓,23,4,4,5,2,0,0,0,25.0,Away,사직 야구장,17:00,32.2
이상규,2024,Hanwha,2024-09-11,vs. Samsung,RP,,0.0,1.5,1 ⅓,27,0,0,1,0,2,1,0,,Home,대전 한화생명 볼파크,18:30,29.2
이상규,2024,Hanwha,2024-09-07,@ LG,SP,L,3.0,1.67,3,55,1,1,4,0,1,1,0,47.0,Away,잠실 야구장,17:00,30.7
이상규,2024,Hanwha,2024-09-05,@ Kia,RP,,0.0,,0,9,0,0,1,0,0,1,0,,Away,광주 기아 챔피언스 필드,18:30,30.7
이상규,2024,Hanwha,2024-08-29,@ Lotte,RP,,0.0,1.2,1 ⅔,39,0,0,1,0,1,1,0,,Away,사직 야구장,18:30,31.0
이상규,2024,Hanwha,2024-08-28,@ Lotte,RP,,0.0,1.0,1,16,0,0,1,0,0,0,0,,Away,사직 야구장,18:30,30.1
이상규,2024,Hanwha,2024-08-24,@ Doosan,RP,W,0.0,0.5,2,21,0,0,0,0,2,1,0,,Away,잠실 야구장,18:00,31.2
이상규,2024,Hanwha,2024-08-21,vs. NC,RP,,4.5,0.5,2,36,1,1,1,1,2,0,0,,Home,대전 한화생명 볼파크,18:30,32.4
이상규,2024,Hanwha,2024-08-18,@ SSG,RP,,0.0,1.0,1,23,0,0,1,0,1,0,0,,Away,인천 SSG 랜더스필드,17:00,32.3
이상규,2024,Hanwha,2024-08-15,vs. LG,RP,,0.0,1.0,2,35,0,0,0,0,4,2,0,,Home,대전 한화생명 볼파크,18:30,32.7
이상규,2024,Hanwha,2024-08-13,vs. LG,RP,,0.0,,0,9,1,1,2,0,0,0,0,,Home,대전 한화생명 볼파크,18:30,34.1
이상규,2024,Hanwha,2024-08-11,vs. Kiwoom,RP,,0.0,2.0,1,17,0,0,1,0,1,1,1,,Home,대전 한화생명 볼파크,17:00,33.5
이상규,2024,Hanwha,2024-08-10,vs. Kiwoom,RP,,0.0,1.0,1,20,0,0,0,0,0,1,0,,Home,대전 한화생명 볼파크,18:00,31.0
이상규,2024,Hanwha,2024-08-07,@ Samsung,RP,,18.0,3.0,1,20,2,2,3,0,2,0,0,,Away,대구 삼성 라이온즈 파크,18:30,32.7
이상규,2024,Hanwha,2024-08-03,vs. Kia,RP,,0.0,1.0,1,13,0,0,0,0,0,1,0,,Home,대전 한화생명 볼파크,18:00,34.6
이상규,2024,Hanwha,2024-06-26,vs. Doosan,RP,,13.5,2.0,2,52,3,3,2,1,2,2,0,,Home,대전 한화생명 볼파크,18:30,27.4
이상규,2024,Hanwha,2024-06-21,@ Kia,RP,,4.5,1.0,2,26,1,1,2,1,1,0,0,,Away,광주 기아 챔피언스 필드,18:30,29.8
이상규,2023,LG,2023-10-09,vs. Lotte,RP,,0.0,0.0,1,9,0,0,0,0,1,0,0,,Home,잠실 야구장,18:30,19.8
이상규,2023,LG,2023-06-24,vs. Lotte,RP,,0.0,,0,13,1,1,2,0,0,1,0,,Home,잠실 야구장,17:00,30.9
이상규,2023,LG,2023-06-20,@ NC,RP,,0.0,1.0,1,24,0,0,0,0,1,1,0,,Away,창원 NC 파크,18:30,24.3
이상규,2023,LG,2023-06-03,vs. NC,RP,,0.0,0.0,1 ⅔,19,0,0,0,0,0,0,0,,Home,잠실 야구장,17:00,25.5
이상규,2023,LG,2023-05-31,vs. Lotte,RP,,13.5,4.5,0 ⅔,24,1,1,2,0,1,1,0,,Home,잠실 야구장,18:30,26.4
이상규,2023,LG,2023-05-27,@ Kia,RP,,0.0,1.5,1 ⅓,28,0,0,0,0,2,2,0,,Away,광주 기아 챔피언스 필드,17:00,24.1
이상규,2023,LG,2023-05-23,@ SSG,RP,,0.0,2.0,1,24,0,0,2,0,1,0,0,,Away,인천 SSG 랜더스필드,18:30,21.8
이상규,2023,LG,2023-05-20,vs. Hanwha,RP,,0.0,1.0,1,11,0,0,1,0,0,0,0,,Home,잠실 야구장,17:00,23.9
이상규,2021,LG,2021-10-14,@ Lotte,RP,,27.0,4.0,1,29,3,3,3,0,0,1,0,,Away,사직 야구장,18:30,22.2
이상규,2021,LG,2021-10-11,vs. KT,RP,,0.0,1.0,1,16,0,0,1,0,0,0,0,,Home,잠실 야구장,18:30,16.7
이상규,2021,LG,2021-10-07,@ Kia,RP,,0.0,0.0,1,21,0,0,0,0,1,0,1,,Away,광주 기아 챔피언스 필드,18:30,22.8
이상규,2021,LG,2021-08-11,vs. SSG,RP,,81.0,9.0,0 ⅓,7,3,3,3,1,0,0,0,,Home,잠실 야구장,18:30,30.7
이상규,2021,LG,2021-07-02,vs. Hanwha,RP,,0.0,0.0,0 ⅔,8,0,0,0,0,1,0,0,,Home,잠실 야구장,18:30,30.3
이상규,2021,LG,2021-07-01,vs. KT,RP,,0.0,0.0,1,12,0,0,0,0,1,0,0,,Home,잠실 야구장,18:30,30.3
이상규,2021,LG,2021-05-09,vs. Hanwha,RP,,0.0,2.0,1,17,0,0,1,0,1,1,0,,Home,잠실 야구장,14:00,20.9
이상규,2020,LG,2020-10-13,@ Lotte,RP,,12.0,3.0,3,60,4,4,7,1,1,2,0,,Away,사직 야구장,18:30,18.5
이상규,2020,LG,2020-10-06,vs. Samsung,RP,L,4.5,1.0,2,16,1,1,2,1,0,0,0,,Home,잠실 야구장,18:30,17.1
이상규,2020,LG,2020-10-04,@ KT,RP,,27.0,9.0,0 ⅓,17,1,1,2,0,1,1,0,,Away,수원 KT 위즈파크,14:00,21.7
이상규,2020,LG,2020-10-03,@ KT,RP,,13.5,4.5,0 ⅔,16,1,1,3,0,0,0,0,,Away,수원 KT 위즈파크,17:00,21.7
이상규,2020,LG,2020-10-01,vs. Lotte,RP,,0.0,0.0,1,12,0,0,0,0,0,0,0,,Home,잠실 야구장,18:30,20.5
이상규,2020,LG,2020-09-29,vs. Lotte,RP,,4.5,2.0,2,36,1,1,2,0,3,2,0,,Home,잠실 야구장,18:30,22.0
이상규,2020,LG,2020-09-25,@ NC,RP,,0.0,2.0,1,19,0,0,1,0,1,1,0,,Away,창원 NC 파크,18:30,23.0
이상규,2020,LG,2020-07-10,vs. NC,RP,,19.29,3.0,2 ⅓,48,5,5,5,0,0,2,0,,Home,잠실 야구장,18:30,27.8
이상규,2020,LG,2020-07-07,@ Doosan,RP,,13.5,3.0,0 ⅔,16,1,1,2,0,0,0,0,,Away,잠실 야구장,18:30,28.0
이상규,2020,LG,2020-07-04,@ Samsung,RP,,0.0,6.0,0 ⅓,12,0,0,1,0,1,1,0,,Away,대구 삼성 라이온즈 파크,18:00,22.2
이상규,2020,LG,2020-07-01,vs. KT,RP,,4.5,2.0,2,30,1,1,4,1,0,0,0,,Home,잠실 야구장,18:30,25.3
이상규,2020,LG,2020-06-25,vs. Kiwoom,RP,,13.5,6.0,0 ⅔,28,1,1,1,0,0,3,0,,Home,잠실 야구장,18:30,24.4
이상규,2020,LG,2020-06-11,vs. SK,RP,,0.0,3.0,0 ⅔,12,0,0,2,0,1,0,1,,Home,잠실 야구장,18:30,29.5
이상규,2020,LG,2020-06-09,vs. SK,RP,L,81.0,9.0,0 ⅓,17,3,3,2,0,0,1,0,,Home,잠실 야구장,18:30,29.2
이상규,2020,LG,2020-06-06,@ Kiwoom,RP,L,27.0,6.0,0 ⅔,23,2,2,2,0,1,2,0,,Away,고척 스카이돔,17:00,25.5
이상규,2020,LG,2020-06-04,vs. Samsung,RP,,0.0,2.0,1,22,0,0,1,0,1,1,0,,Home,잠실 야구장,18:30,24.5
이상규,2020,LG,2020-05-29,@ Kia,RP,SV,0.0,0.0,0 ⅔,7,0,0,0,0,0,0,0,,Away,광주 기아 챔피언스 필드,18:30,26.9
이상규,2020,LG,2020-05-28,@ Hanwha,RP,SV,0.0,1.0,1,12,0,0,1,0,0,0,0,,Away,대전 한화생명 볼파크,18:30,23.8
이상규,2020,LG,2020-05-26,@ Hanwha,RP,SV,0.0,0.0,1,13,0,0,0,0,0,0,0,,Away,대전 한화생명 볼파크,18:30,22.8
이상규,2020,LG,2020-05-24,vs. KT,RP,W,0.0,3.0,0 ⅓,10,0,0,0,0,1,1,0,,Home,잠실 야구장,14:00,19.5
이상규,2020,LG,2020-05-21,@ Samsung,RP,SV,0.0,1.0,1,10,0,0,0,0,0,1,0,,Away,대구 삼성 라이온즈 파크,18:30,15.4
이상규,2020,LG,2020-05-19,@ Samsung,RP,,5.4,1.2,1 ⅔,22,1,1,2,1,0,0,0,,Away,대구 삼성 라이온즈 파크,18:30,17.3
이상규,2020,LG,2020-05-16,vs. Kiwoom,RP,H,0.0,0.6,1 ⅔,24,0,0,0,0,1,1,0,,Home,잠실 야구장,17:00,20.3
이상규,2020,LG,2020-05-14,vs. SK,RP,W,0.0,0.0,1 ⅔,22,0,0,0,0,3,0,0,,Home,잠실 야구장,18:30,22.6
이상규,2020,LG,2020-05-12,vs. SK,RP,,9.0,2.0,1,32,1,1,1,0,1,1,0,,Home,잠실 야구장,18:30,18.1
이상규,2020,LG,2020-05-10,@ NC,RP,,0.0,3.0,0 ⅔,14,0,0,1,0,2,1,0,,Away,창원 NC 파크,14:00,21.1
이상규,2020,LG,2020-05-08,@ NC,RP,,0.0,1.5,0 ⅔,8,0,0,1,0,0,0,0,,Away,창원 NC 파크,18:30,19.9
이상규,2020,LG,2020-05-06,vs. Doosan,RP,,0.0,2.0,1,16,0,0,2,0,0,0,0,,Home,잠실 야구장,18:30,25.9
문동주,2024,Hanwha,2024-09-03,vs. Doosan,SP,W,1.5,0.83,6,84,1,1,4,0,8,1,0,67.0,Home,대전 한화생명 볼파크,18:30,29.1
문동주,2024,Hanwha,2024-08-27,@ Lotte,SP,,0.0,1.17,6,91,0,0,7,0,5,0,0,63.0,Away,사직 야구장,18:30,28.2
문동주,2024,Hanwha,2024-08-20,vs. NC,SP,,3.0,0.83,6,91,2,2,5,2,9,0,0,63.0,Home,대전 한화생명 볼파크,18:30,31.0
문동주,2024,Hanwha,2024-08-14,vs. LG,SP,,3.6,1.2,5,99,4,2,4,1,6,2,0,51.0,Home,대전 한화생명 볼파크,18:30,32.0
문동주,2024,Hanwha,2024-08-08,@ Samsung,SP,W,3.6,1.6,5,94,3,2,6,0,8,2,1,50.0,Away,대구 삼성 라이온즈 파크,18:30,30.6
문동주,2024,Hanwha,2024-08-01,@ KT,SP,W,3.6,1.8,5,79,2,2,8,0,4,1,0,46.0,Away,수원 KT 위즈파크,18:30,33.1
문동주,2024,Hanwha,2024-07-19,vs. Kia,SP,L,7.2,1.6,5,91,4,4,8,1,5,0,0,40.0,Home,대전 한화생명 볼파크,18:30,29.0
문동주,2024,Hanwha,2024-07-12,vs. LG,SP,W,0.0,1.57,7,101,0,0,8,0,5,3,0,63.0,Home,대전 한화생명 볼파크,18:30,30.4
문동주,2024,Hanwha,2024-06-26,vs. Doosan,SP,L,15.75,3.0,4,90,7,7,8,1,1,4,1,14.0,Home,대전 한화생명 볼파크,18:30,27.4
문동주,2024,Hanwha,2024-06-20,vs. Kiwoom,SP,L,4.5,2.0,6,94,4,3,8,1,3,4,0,41.0,Home,대전 한화생명 볼파크,18:30,26.2
문동주,2024,Hanwha,2024-06-14,vs. SSG,SP,L,12.0,2.17,6,96,8,8,10,2,6,3,0,23.0,Home,대전 한화생명 볼파크,18:30,29.2
문동주,2024,Hanwha,2024-06-08,vs. NC,SP,L,6.35,2.12,5 ⅔,96,4,4,11,0,0,1,0,30.0,Home,대전 한화생명 볼파크,17:00,26.2
문동주,2024,Hanwha,2024-06-02,@ Samsung,SP,,0.0,1.29,7,105,0,0,6,0,7,3,0,69.0,Away,대구 삼성 라이온즈 파크,17:00,21.6
문동주,2024,Hanwha,2024-05-28,vs. Lotte,SP,W,4.5,1.33,6,101,3,3,8,0,4,0,0,48.0,Home,대전 한화생명 볼파크,18:30,23.5
문동주,2024,Hanwha,2024-05-21,vs. LG,SP,W,0.0,0.4,5,66,0,0,1,0,4,1,0,68.0,Home,대전 한화생명 볼파크,18:30,24.9
문동주,2024,Hanwha,2024-04-28,vs. Doosan,SP,L,24.3,3.3,3 ⅓,75,9,9,10,3,1,1,1,3.0,Home,대전 한화생명 볼파크,14:00,28.3
문동주,2024,Hanwha,2024-04-23,@ KT,SP,,7.71,1.93,4 ⅔,106,5,4,7,0,4,2,1,33.0,Away,수원 KT 위즈파크,18:30,19.2
문동주,2024,Hanwha,2024-04-16,@ NC,SP,,1.69,1.69,5 ⅓,95,3,1,7,1,6,2,0,50.0,Away,창원 NC 파크,18:30,21.0
문동주,2024,Hanwha,2024-04-10,@ Doosan,SP,L,16.2,2.7,3 ⅓,75,6,6,6,1,2,3,0,23.0,Away,잠실 야구장,18:30,15.2
문동주,2024,Hanwha,2024-04-04,vs. Lotte,SP,,7.2,2.6,5,90,4,4,10,1,3,3,0,31.0,Home,대전 한화생명 볼파크,18:30,14.3
문동주,2024,Hanwha,2024-03-28,@ SSG,SP,W,3.6,1.6,5,80,2,2,6,0,5,2,0,50.0,Away,인천 SSG 랜더스필드,18:30,10.9
문동주,2023,Hanwha,2023-09-03,@ LG,SP,,6.23,3.0,4 ⅓,105,3,3,11,1,2,2,0,29.0,Away,잠실 야구장,14:00,29.9
문동주,2023,Hanwha,2023-08-27,@ Kia,SP,L,9.0,1.2,5,76,5,5,5,0,3,1,1,38.0,Away,광주 기아 챔피언스 필드,17:00,31.9
문동주,2023,Hanwha,2023-08-18,vs. KT,SP,W,5.4,1.8,5,95,4,3,6,1,2,3,0,40.0,Home,대전 한화생명 볼파크,18:30,32.2
문동주,2023,Hanwha,2023-08-12,vs. Doosan,SP,W,1.5,0.83,6,102,1,1,4,0,5,1,0,64.0,Home,대전 한화생명 볼파크,18:00,28.6
문동주,2023,Hanwha,2023-08-06,@ Kia,SP,,1.69,1.13,5 ⅓,91,2,1,3,0,1,3,0,54.0,Away,광주 기아 챔피언스 필드,17:00,34.6
문동주,2023,Hanwha,2023-08-01,vs. Doosan,SP,L,3.6,1.0,5,89,2,2,5,1,4,0,0,53.0,Home,대전 한화생명 볼파크,18:30,32.9
문동주,2023,Hanwha,2023-07-26,@ Kiwoom,SP,,3.6,1.6,5,84,2,2,6,1,1,2,0,46.0,Away,고척 스카이돔,18:30,25.5
문동주,2023,Hanwha,2023-07-12,@ LG,SP,W,1.23,0.82,7 ⅓,108,1,1,5,0,5,1,0,68.0,Away,잠실 야구장,18:30,30.0
문동주,2023,Hanwha,2023-07-06,vs. Lotte,SP,L,6.75,1.75,4,89,3,3,6,1,5,1,0,42.0,Home,대전 한화생명 볼파크,18:30,28.6
문동주,2023,Hanwha,2023-06-30,@ Samsung,SP,W,0.0,0.83,6,92,0,0,3,0,7,2,0,71.0,Away,대구 삼성 라이온즈 파크,18:30,25.6
문동주,2023,Hanwha,2023-06-24,@ NC,SP,W,0.0,0.25,8,90,0,0,2,0,7,0,0,85.0,Away,창원 NC 파크,17:00,24.6
문동주,2023,Hanwha,2023-06-18,vs. Kiwoom,SP,,4.5,2.0,4,94,2,2,6,0,6,2,0,46.0,Home,대전 한화생명 볼파크,17:00,30.6
문동주,2023,Hanwha,2023-06-13,@ Lotte,SP,L,20.25,4.5,2 ⅔,79,6,6,9,1,2,3,0,15.0,Away,사직 야구장,18:30,25.2
문동주,2023,Hanwha,2023-06-07,@ Doosan,SP,,0.0,1.17,6,101,1,0,7,0,5,0,0,61.0,Away,잠실 야구장,18:30,26.0
문동주,2023,Hanwha,2023-06-01,vs. Kiwoom,SP,W,0.0,0.43,7,87,0,0,2,0,4,1,0,76.0,Home,대전 한화생명 볼파크,18:30,24.7
문동주,2023,Hanwha,2023-05-25,vs. Kia,SP,,6.75,2.0,4,87,3,3,5,0,2,3,0,39.0,Home,대전 한화생명 볼파크,18:30,24.4
문동주,2023,Hanwha,2023-05-19,@ LG,SP,L,6.75,2.0,4,86,3,3,4,0,4,4,0,42.0,Away,잠실 야구장,18:30,25.6
문동주,2023,Hanwha,2023-05-13,@ SSG,SP,L,27.0,4.29,2 ⅓,73,7,7,7,0,0,3,2,10.0,Away,인천 SSG 랜더스필드,17:00,18.2
문동주,2023,Hanwha,2023-05-07,vs. KT,SP,W,1.8,1.2,5,86,1,1,3,0,5,3,0,59.0,Home,대전 한화생명 볼파크,14:00,15.0
문동주,2023,Hanwha,2023-04-30,vs. NC,SP,L,6.0,1.5,6,93,4,4,8,0,7,1,0,46.0,Home,대전 한화생명 볼파크,14:00,19.1
문동주,2023,Hanwha,2023-04-18,vs. Doosan,SP,,0.0,1.06,5 ⅔,98,0,0,2,0,8,4,0,69.0,Home,대전 한화생명 볼파크,18:30,13.8
문동주,2023,Hanwha,2023-04-12,@ Kia,SP,L,3.0,0.83,6,92,2,2,3,0,6,2,0,62.0,Away,광주 기아 챔피언스 필드,18:30,16.2
문동주,2023,Hanwha,2023-04-06,@ Samsung,SP,W,0.0,0.2,5,70,0,0,1,0,4,0,1,68.0,Away,대구 삼성 라이온즈 파크,18:30,13.8
문동주,2022,Hanwha,2022-10-03,vs. SSG,SP,W,5.4,1.8,5,80,4,3,7,1,8,2,0,45.0,Home,대전 한화생명 볼파크,18:30,25.2
문동주,2022,Hanwha,2022-09-27,vs. LG,SP,L,1.8,1.6,5,80,1,1,3,0,4,5,0,56.0,Home,대전 한화생명 볼파크,18:30,22.9
문동주,2022,Hanwha,2022-09-21,vs. Lotte,SP,L,1.8,1.0,5,76,1,1,4,0,8,1,0,62.0,Home,대전 한화생명 볼파크,18:30,20.9
문동주,2022,Hanwha,2022-06-09,@ Doosan,SP,L,18.0,2.0,2,49,4,4,1,0,4,3,1,38.0,Away,잠실 야구장,18:30,24.6
문동주,2022,Hanwha,2022-06-03,vs. Kiwoom,RP,,0.0,1.0,2,33,0,0,1,0,3,1,0,,Home,대전 한화생명 볼파크,18:30,29.3
문동주,2022,Hanwha,2022-05-31,vs. NC,RP,,4.5,1.0,2,30,1,1,2,1,3,0,0,,Home,대전 한화생명 볼파크,18:30,26.4
문동주,2022,Hanwha,2022-05-26,vs. Doosan,RP,,18.0,2.5,2,38,4,4,5,3,2,0,0,,Home,대전 한화생명 볼파크,18:30,24.0
문동주,2022,Hanwha,2022-05-22,@ Kiwoom,RP,H,0.0,1.0,1,20,0,0,0,0,1,1,0,,Away,고척 스카이돔,14:00,25.5
문동주,2022,Hanwha,2022-05-20,@ Kiwoom,RP,,0.0,0.0,1,9,0,0,0,0,0,0,0,,Away,고척 스카이돔,18:30,25.5
문동주,2022,Hanwha,2022-05-18,vs. Samsung,RP,H,0.0,1.0,1,11,0,0,1,0,1,0,0,,Home,대전 한화생명 볼파크,18:30,25.5
문동주,2022,Hanwha,2022-05-15,vs. Lotte,RP,,0.0,0.0,1,17,0,0,0,0,1,0,0,,Home,대전 한화생명 볼파크,14:00,20.7
문동주,2022,Hanwha,2022-05-13,vs. Lotte,RP,,0.0,0.0,1,13,0,0,0,0,0,0,0,,Home,대전 한화생명 볼파크,18:30,20.5
문동주,2022,Hanwha,2022-05-10,@ LG,RP,,54.0,7.5,0 ⅔,26,4,4,4,0,1,1,0,,Away,잠실 야구장,18:30,24.2
박상원,2024,Hanwha,2024-09-29,vs. NC,RP,,0.0,4.5,0 ⅔,24,2,0,2,0,0,1,0,,Home,대전 한화생명 볼파크,14:00,26.4
박상원,2024,Hanwha,2024-09-28,vs. SSG,RP,,0.0,0.0,1,8,0,0,0,0,1,0,0,,Home,대전 한화생명 볼파크,17:00,26.2
박상원,2024,Hanwha,2024-09-25,@ LG,RP,H,0.0,0.5,2,20,0,0,1,0,3,0,0,,Away,잠실 야구장,18:30,26.4
박상원,2024,Hanwha,2024-09-23,vs. Lotte,RP,H,0.0,1.0,1,16,0,0,0,0,2,1,0,,Home,대전 한화생명 볼파크,18:30,22.6
박상원,2024,Hanwha,2024-09-22,vs. Lotte,RP,,0.0,1.0,1,14,0,0,1,0,0,0,0,,Home,대전 한화생명 볼파크,14:00,25.7
박상원,2024,Hanwha,2024-09-19,@ NC,RP,W,0.0,0.38,2 ⅔,35,0,0,0,0,2,1,1,,Away,창원 NC 파크,18:30,31.9
박상원,2024,Hanwha,2024-09-17,@ NC,RP,H,0.0,1.0,1,9,0,0,1,0,1,0,0,,Away,창원 NC 파크,18:30,31.9
박상원,2024,Hanwha,2024-09-13,@ Lotte,RP,,54.0,12.0,0 ⅓,30,3,2,2,0,1,2,0,,Away,사직 야구장,18:30,31.7
박상원,2024,Hanwha,2024-09-10,@ SSG,RP,,9.0,2.0,1,19,1,1,2,0,2,0,0,,Away,인천 SSG 랜더스필드,18:30,30.5
박상원,2024,Hanwha,2024-09-06,@ LG,RP,H,0.0,0.0,1,21,0,0,0,0,1,0,2,,Away,잠실 야구장,18:30,25.3
박상원,2024,Hanwha,2024-09-04,@ Kia,RP,H,18.0,2.0,1,23,2,2,2,0,1,0,0,,Away,광주 기아 챔피언스 필드,18:30,29.5
박상원,2024,Hanwha,2024-09-03,vs. Doosan,RP,,0.0,1.0,1,8,0,0,1,0,0,0,0,,Home,대전 한화생명 볼파크,18:30,29.1
박상원,2024,Hanwha,2024-08-31,vs. KT,RP,,0.0,0.0,1,11,0,0,0,0,1,0,0,,Home,대전 한화생명 볼파크,18:00,29.7
박상원,2024,Hanwha,2024-08-28,@ Lotte,RP,H,0.0,0.0,0 ⅓,3,0,0,0,0,0,0,0,,Away,사직 야구장,18:30,30.1
박상원,2024,Hanwha,2024-08-27,@ Lotte,RP,H,0.0,2.0,1,18,0,0,1,0,1,1,0,,Away,사직 야구장,18:30,28.2
박상원,2024,Hanwha,2024-08-25,@ Doosan,RP,SV,0.0,0.0,2,20,0,0,0,0,2,0,0,,Away,잠실 야구장,17:00,32.5
박상원,2024,Hanwha,2024-08-24,@ Doosan,RP,,0.0,1.0,1,14,0,0,1,0,3,0,0,,Away,잠실 야구장,18:00,31.2
박상원,2024,Hanwha,2024-08-20,vs. NC,RP,,0.0,1.0,1,18,0,0,0,0,2,1,0,,Home,대전 한화생명 볼파크,18:30,31.0
박상원,2024,Hanwha,2024-08-18,@ SSG,RP,,0.0,1.5,0 ⅔,12,0,0,0,0,1,1,0,,Away,인천 SSG 랜더스필드,17:00,32.3
박상원,2024,Hanwha,2024-08-17,@ SSG,RP,H,0.0,1.0,1,22,0,0,1,0,1,0,0,,Away,인천 SSG 랜더스필드,18:00,32.0
박상원,2024,Hanwha,2024-08-14,vs. LG,RP,,0.0,0.0,1,17,0,0,0,0,1,0,0,,Home,대전 한화생명 볼파크,18:30,32.0
박상원,2024,Hanwha,2024-08-13,vs. LG,RP,H,0.0,0.0,1,13,0,0,0,0,2,0,0,,Home,대전 한화생명 볼파크,18:30,34.1
박상원,2024,Hanwha,2024-08-09,vs. Kiwoom,RP,H,0.0,0.75,1 ⅓,20,0,0,1,0,3,0,0,,Home,대전 한화생명 볼파크,18:30,32.4
박상원,2024,Hanwha,2024-08-07,@ Samsung,RP,,0.0,0.0,1,14,0,0,0,0,0,0,0,,Away,대구 삼성 라이온즈 파크,18:30,32.7
박상원,2024,Hanwha,2024-08-06,@ Samsung,RP,W,0.0,1.0,1,16,0,0,0,0,0,1,0,,Away,대구 삼성 라이온즈 파크,18:30,31.2
박상원,2024,Hanwha,2024-08-02,vs. Kia,RP,H,0.0,0.6,1 ⅔,21,0,0,1,0,2,0,0,,Home,대전 한화생명 볼파크,18:30,33.8
박상원,2024,Hanwha,2024-07-31,@ KT,RP,,0.0,1.0,1,13,0,0,1,0,1,0,0,,Away,수원 KT 위즈파크,18:30,32.7
박상원,2024,Hanwha,2024-07-30,@ KT,RP,H,0.0,0.75,1 ⅓,25,0,0,1,0,1,0,1,,Away,수원 KT 위즈파크,18:30,32.4
박상원,2024,Hanwha,2024-07-28,@ LG,RP,W,0.0,0.0,1,14,0,0,0,0,1,0,0,,Away,잠실 야구장,17:00,31.7
박상원,2024,Hanwha,2024-07-23,vs. Samsung,RP,,0.0,0.0,2,18,0,0,0,0,2,0,0,,Home,대전 한화생명 볼파크,18:30,29.7
박상원,2024,Hanwha,2024-07-20,vs. Kia,RP,,13.5,1.5,2,32,3,3,3,1,2,0,1,,Home,대전 한화생명 볼파크,18:00,31.9
박상원,2024,Hanwha,2024-07-18,@ NC,RP,,0.0,0.0,1,14,0,0,0,0,1,0,0,,Away,창원 NC 파크,18:30,29.9
박상원,2024,Hanwha,2024-07-13,vs. LG,RP,,0.0,0.0,3 ⅓,32,0,0,0,0,1,0,0,,Home,대전 한화생명 볼파크,18:00,29.6
박상원,2024,Hanwha,2024-07-11,@ Kiwoom,RP,,27.0,3.0,0 ⅓,6,1,1,0,0,0,1,0,,Away,고척 스카이돔,18:30,25.5
박상원,2024,Hanwha,2024-07-02,vs. KT,RP,L,81.0,12.0,0 ⅓,17,3,3,4,0,0,0,0,,Home,대전 한화생명 볼파크,18:30,27.6
박상원,2024,Hanwha,2024-06-28,@ Lotte,RP,,0.0,1.0,1,15,0,0,1,0,0,0,0,,Away,사직 야구장,18:30,26.9
박상원,2024,Hanwha,2024-06-26,vs. Doosan,RP,,54.0,6.0,0 ⅓,12,2,2,1,0,0,1,0,,Home,대전 한화생명 볼파크,18:30,27.4
박상원,2024,Hanwha,2024-06-25,vs. Doosan,RP,H,0.0,0.0,0 ⅔,5,0,0,0,0,0,0,0,,Home,대전 한화생명 볼파크,18:30,25.8
박상원,2024,Hanwha,2024-06-23,@ Kia,RP,,0.0,0.0,1 ⅓,15,0,0,0,0,1,0,0,,Away,광주 기아 챔피언스 필드,17:00,30.2
박상원,2024,Hanwha,2024-06-23,@ Kia,RP,,0.0,,0,14,3,3,3,0,0,1,0,,Away,광주 기아 챔피언스 필드,17:00,30.2
박상원,2024,Hanwha,2024-06-19,vs. Kiwoom,RP,,0.0,2.0,1,18,0,0,2,0,1,0,0,,Home,대전 한화생명 볼파크,18:30,31.1
박상원,2024,Hanwha,2024-06-14,vs. SSG,RP,,27.0,6.0,0 ⅓,12,1,1,1,0,0,1,0,,Home,대전 한화생명 볼파크,18:30,29.2
박상원,2024,Hanwha,2024-06-11,@ Doosan,RP,,0.0,2.0,1,20,0,0,1,0,2,1,0,,Away,잠실 야구장,18:30,27.8
박상원,2024,Hanwha,2024-06-09,vs. NC,RP,H,6.75,0.75,1 ⅓,28,1,1,1,0,0,0,0,,Home,대전 한화생명 볼파크,17:00,28.7
박상원,2024,Hanwha,2024-06-08,vs. NC,RP,,0.0,0.0,1,18,0,0,0,0,2,0,0,,Home,대전 한화생명 볼파크,17:00,26.2
박상원,2024,Hanwha,2024-06-05,@ KT,RP,,0.0,0.0,1,13,0,0,0,0,2,0,0,,Away,수원 KT 위즈파크,18:30,22.8
박상원,2024,Hanwha,2024-06-04,@ KT,RP,H,0.0,0.0,0 ⅔,6,0,0,0,0,1,0,0,,Away,수원 KT 위즈파크,18:30,23.2
박상원,2024,Hanwha,2024-06-02,@ Samsung,RP,,0.0,0.0,1,6,0,0,0,0,0,0,0,,Away,대구 삼성 라이온즈 파크,17:00,21.6
박상원,2024,Hanwha,2024-05-31,@ Samsung,RP,L,20.25,3.75,1 ⅓,29,3,3,4,0,2,1,1,,Away,대구 삼성 라이온즈 파크,18:30,21.8
박상원,2024,Hanwha,2024-05-30,vs. Lotte,RP,,0.0,1.0,1,20,0,0,0,0,2,1,0,,Home,대전 한화생명 볼파크,18:30,23.9
박상원,2024,Hanwha,2024-05-28,vs. Lotte,RP,,0.0,0.0,1,18,0,0,0,0,1,0,0,,Home,대전 한화생명 볼파크,18:30,23.5
박상원,2024,Hanwha,2024-05-11,vs. Kiwoom,RP,,54.0,6.0,0 ⅔,21,4,4,4,1,0,0,1,,Home,대전 한화생명 볼파크,17:00,23.9
박상원,2024,Hanwha,2024-05-09,@ Lotte,RP,,0.0,0.75,1 ⅓,17,0,0,1,0,2,0,0,,Away,사직 야구장,18:30,18.9
박상원,2024,Hanwha,2024-05-04,@ Kia,RP,,0.0,0.0,1,13,0,0,0,0,1,0,0,,Away,광주 기아 챔피언스 필드,17:00,24.2
박상원,2024,Hanwha,2024-05-01,vs. SSG,RP,L,54.0,12.0,0 ⅓,17,3,2,3,0,0,1,0,,Home,대전 한화생명 볼파크,18:30,19.5
박상원,2024,Hanwha,2024-04-27,vs. Doosan,RP,,0.0,1.0,1,15,0,0,0,0,0,1,0,,Home,대전 한화생명 볼파크,17:00,26.7
박상원,2024,Hanwha,2024-04-23,@ KT,RP,,0.0,0.0,1,13,0,0,0,0,1,0,0,,Away,수원 KT 위즈파크,18:30,19.2
박상원,2024,Hanwha,2024-04-12,vs. Kia,RP,,81.0,9.0,0 ⅓,26,3,3,1,0,0,2,0,,Home,대전 한화생명 볼파크,18:30,23.3
박상원,2024,Hanwha,2024-04-10,@ Doosan,RP,,0.0,1.0,1,7,0,0,1,0,0,0,0,,Away,잠실 야구장,18:30,15.2
박상원,2024,Hanwha,2024-04-06,@ Kiwoom,RP,,0.0,0.0,1,14,0,0,0,0,2,0,0,,Away,고척 스카이돔,17:00,25.5
박상원,2024,Hanwha,2024-04-04,vs. Lotte,RP,H,27.0,3.0,0 ⅓,12,1,1,1,0,0,0,0,,Home,대전 한화생명 볼파크,18:30,14.3
박상원,2024,Hanwha,2024-04-02,vs. Lotte,RP,,0.0,3.0,0 ⅔,24,0,0,1,0,1,1,0,,Home,대전 한화생명 볼파크,18:30,22.9
박상원,2024,Hanwha,2024-03-28,@ SSG,RP,,0.0,2.0,1,25,0,0,2,0,1,0,0,,Away,인천 SSG 랜더스필드,18:30,10.9
박상원,2024,Hanwha,2024-03-27,@ SSG,RP,SV,0.0,2.0,1,21,0,0,1,0,0,1,0,,Away,인천 SSG 랜더스필드,18:30,10.4
박상원,2024,Hanwha,2024-03-24,@ LG,RP,,18.0,2.0,1,24,2,2,2,0,1,0,0,,Away,잠실 야구장,14:00,21.7
박상원,2023,Hanwha,2023-10-16,vs. Lotte,RP,,40.5,7.5,0 ⅔,31,3,3,4,0,2,1,0,,Home,대전 한화생명 볼파크,18:30,15.7
박상원,2023,Hanwha,2023-10-15,vs. Lotte,RP,,13.5,4.5,0 ⅔,21,2,1,3,0,0,0,0,,Home,대전 한화생명 볼파크,14:00,19.0
박상원,2023,Hanwha,2023-10-10,@ NC,RP,,0.0,0.0,0 ⅓,1,0,0,0,0,0,0,0,,Away,창원 NC 파크,18:30,20.5
박상원,2023,Hanwha,2023-10-09,@ NC,RP,,13.5,4.5,0 ⅔,26,4,1,1,0,0,2,0,,Away,창원 NC 파크,18:30,20.3
박상원,2023,Hanwha,2023-10-04,@ Samsung,RP,,0.0,1.0,1,14,0,0,1,0,2,0,0,,Away,대구 삼성 라이온즈 파크,18:30,22.8
박상원,2023,Hanwha,2023-10-01,vs. NC,RP,SV,0.0,0.0,1,12,0,0,0,0,2,0,0,,Home,대전 한화생명 볼파크,14:00,22.9
박상원,2023,Hanwha,2023-09-27,vs. Samsung,RP,,0.0,1.0,1,14,0,0,1,0,2,0,0,,Home,대전 한화생명 볼파크,18:30,24.2
박상원,2023,Hanwha,2023-09-27,vs. Samsung,RP,,0.0,9.0,0 ⅓,22,1,0,2,0,0,1,0,,Home,대전 한화생명 볼파크,18:30,24.2
박상원,2023,Hanwha,2023-09-22,vs. Kiwoom,RP,,67.5,6.0,0 ⅔,19,5,5,3,0,1,1,0,,Home,대전 한화생명 볼파크,18:30,21.8
박상원,2023,Hanwha,2023-09-18,vs. KT,RP,,0.0,1.0,1,20,0,0,1,0,1,0,0,,Home,대전 한화생명 볼파크,18:30,27.4
박상원,2023,Hanwha,2023-09-10,@ Kiwoom,RP,SV,0.0,3.0,1,19,0,0,2,0,0,1,0,,Away,고척 스카이돔,14:00,25.5
박상원,2023,Hanwha,2023-09-09,@ Kiwoom,RP,SV,0.0,0.75,1 ⅓,17,0,0,1,0,1,0,0,,Away,고척 스카이돔,17:00,25.5
박상원,2023,Hanwha,2023-09-07,vs. SSG,RP,SV,0.0,0.0,1,16,0,0,0,0,2,0,0,,Home,대전 한화생명 볼파크,18:30,26.9
박상원,2023,Hanwha,2023-09-06,vs. SSG,RP,,0.0,1.5,2,33,0,0,3,0,4,0,0,,Home,대전 한화생명 볼파크,18:30,28.2
박상원,2023,Hanwha,2023-09-03,@ LG,RP,SV,0.0,1.0,1,16,0,0,1,0,0,0,0,,Away,잠실 야구장,14:00,29.9
박상원,2023,Hanwha,2023-09-02,@ LG,RP,SV,0.0,1.0,1,11,0,0,1,0,1,0,0,,Away,잠실 야구장,17:00,28.8
박상원,2023,Hanwha,2023-08-22,vs. Samsung,RP,L,0.0,4.0,1,34,4,0,4,0,0,0,0,,Home,대전 한화생명 볼파크,18:30,29.9
박상원,2023,Hanwha,2023-08-19,vs. KT,RP,L,4.5,1.5,2,36,1,1,3,0,2,0,0,,Home,대전 한화생명 볼파크,18:00,32.4
박상원,2023,Hanwha,2023-08-16,@ NC,RP,SV,18.0,2.0,1,15,2,2,1,0,0,1,0,,Away,창원 NC 파크,18:30,28.8
박상원,2023,Hanwha,2023-08-15,@ NC,RP,,0.0,1.8,1 ⅔,16,0,0,1,0,2,2,0,,Away,창원 NC 파크,18:30,29.8
박상원,2023,Hanwha,2023-08-12,vs. Doosan,RP,,0.0,1.0,1,22,0,0,0,0,3,1,0,,Home,대전 한화생명 볼파크,18:00,28.6
박상원,2023,Hanwha,2023-08-06,@ Kia,RP,,5.4,1.8,1 ⅔,33,1,1,2,0,2,1,0,,Away,광주 기아 챔피언스 필드,17:00,34.6
박상원,2023,Hanwha,2023-08-03,vs. Doosan,RP,SV,0.0,1.5,1 ⅓,18,0,0,2,0,0,0,0,,Home,대전 한화생명 볼파크,18:30,33.4
박상원,2023,Hanwha,2023-08-02,vs. Doosan,RP,,0.0,0.0,2,25,0,0,0,0,2,0,0,,Home,대전 한화생명 볼파크,18:30,32.8
박상원,2023,Hanwha,2023-07-28,@ SSG,RP,SV,0.0,1.0,1,16,0,0,1,0,1,0,0,,Away,인천 SSG 랜더스필드,18:30,31.7
박상원,2023,Hanwha,2023-07-26,@ Kiwoom,RP,W,0.0,1.0,2,28,0,0,1,0,0,1,0,,Away,고척 스카이돔,18:30,25.5
박상원,2023,Hanwha,2023-07-22,vs. NC,RP,L,27.0,5.0,1,40,3,3,4,1,0,1,0,,Home,대전 한화생명 볼파크,18:00,26.7
박상원,2023,Hanwha,2023-07-12,@ LG,RP,SV,0.0,1.0,1,25,0,0,0,0,1,1,0,,Away,잠실 야구장,18:30,30.0
박상원,2023,Hanwha,2023-07-05,vs. Lotte,RP,W,0.0,0.75,1 ⅓,22,0,0,1,0,2,0,0,,Home,대전 한화생명 볼파크,18:30,26.6
박상원,2023,Hanwha,2023-07-02,@ Samsung,RP,,0.0,0.0,1,17,0,0,0,0,1,0,0,,Away,대구 삼성 라이온즈 파크,17:00,27.7
박상원,2023,Hanwha,2023-06-28,vs. KT,RP,SV,0.0,0.0,1,11,0,0,0,0,0,0,0,,Home,대전 한화생명 볼파크,18:30,28.0
박상원,2023,Hanwha,2023-06-27,vs. KT,RP,SV,0.0,2.0,1,20,0,0,1,0,1,1,0,,Home,대전 한화생명 볼파크,18:30,29.2
박상원,2023,Hanwha,2023-06-22,vs. Kia,RP,SV,0.0,0.0,1,16,0,0,0,0,0,0,0,,Home,대전 한화생명 볼파크,18:30,26.5
박상원,2023,Hanwha,2023-06-21,vs. Kia,RP,,0.0,2.0,1,27,1,0,1,0,0,1,0,,Home,대전 한화생명 볼파크,18:30,25.0
박상원,2023,Hanwha,2023-06-18,vs. Kiwoom,RP,,0.0,0.0,2,21,0,0,0,0,1,0,0,,Home,대전 한화생명 볼파크,17:00,30.6
박상원,2023,Hanwha,2023-06-17,vs. Kiwoom,RP,,0.0,0.75,1 ⅓,14,0,0,1,0,0,0,0,,Home,대전 한화생명 볼파크,17:00,28.8
박상원,2023,Hanwha,2023-06-15,@ Lotte,RP,W,4.5,1.0,2,29,1,1,2,0,3,0,0,,Away,사직 야구장,18:30,23.9
박상원,2023,Hanwha,2023-06-14,@ Lotte,RP,,0.0,0.0,1,9,0,0,0,0,1,0,0,,Away,사직 야구장,18:30,24.6
박상원,2023,Hanwha,2023-06-09,vs. LG,RP,W,9.0,2.0,1,29,1,1,0,0,1,2,1,,Home,대전 한화생명 볼파크,18:30,25.3
박상원,2023,Hanwha,2023-06-04,vs. Samsung,RP,,0.0,0.0,1,13,0,0,0,0,1,0,0,,Home,대전 한화생명 볼파크,17:00,24.7
박상원,2023,Hanwha,2023-06-03,vs. Samsung,RP,,54.0,9.0,0 ⅓,21,2,2,2,0,0,1,0,,Home,대전 한화생명 볼파크,17:00,24.1
박상원,2023,Hanwha,2023-06-01,vs. Kiwoom,RP,SV,0.0,0.0,0 ⅓,4,0,0,0,0,0,0,1,,Home,대전 한화생명 볼파크,18:30,24.7
박상원,2023,Hanwha,2023-05-27,@ NC,RP,,0.0,2.0,1,14,0,0,2,0,1,0,0,,Away,창원 NC 파크,17:00,25.1
박상원,2023,Hanwha,2023-05-25,vs. Kia,RP,SV,0.0,0.0,1,9,0,0,0,0,1,0,0,,Home,대전 한화생명 볼파크,18:30,24.4
박상원,2023,Hanwha,2023-05-23,vs. Kia,RP,,18.0,4.0,1,32,2,2,2,1,3,2,0,,Home,대전 한화생명 볼파크,18:30,24.2
박상원,2023,Hanwha,2023-05-20,@ LG,RP,,0.0,1.0,2,25,0,0,2,0,0,0,0,,Away,잠실 야구장,17:00,23.9
박상원,2023,Hanwha,2023-05-16,vs. Lotte,RP,,0.0,3.0,1,25,0,0,1,0,1,2,0,,Home,대전 한화생명 볼파크,18:30,29.3
박상원,2023,Hanwha,2023-05-14,@ SSG,RP,,0.0,1.0,2,37,0,0,0,0,3,2,1,,Away,인천 SSG 랜더스필드,14:00,20.8
박상원,2023,Hanwha,2023-05-11,vs. Samsung,RP,,0.0,1.0,1,10,0,0,1,0,0,0,0,,Home,대전 한화생명 볼파크,18:30,24.7
박상원,2023,Hanwha,2023-05-10,vs. Samsung,RP,,0.0,0.0,1,12,0,0,0,0,1,0,0,,Home,대전 한화생명 볼파크,18:30,23.4
박상원,2023,Hanwha,2023-05-07,vs. KT,RP,,0.0,1.0,1,21,0,0,0,0,2,1,0,,Home,대전 한화생명 볼파크,14:00,15.0
박상원,2023,Hanwha,2023-05-03,@ Doosan,RP,,18.0,2.0,1,18,2,2,1,0,1,1,0,,Away,잠실 야구장,18:30,22.7
박상원,2023,Hanwha,2023-04-29,vs. NC,RP,,0.0,1.0,1,14,0,0,1,0,1,0,0,,Home,대전 한화생명 볼파크,17:00,12.6
박상원,2023,Hanwha,2023-04-23,vs. LG,RP,W,0.0,2.4,1 ⅔,31,0,0,2,0,1,2,0,,Home,대전 한화생명 볼파크,14:00,20.2
박상원,2023,Hanwha,2023-04-19,vs. Doosan,RP,SV,0.0,0.0,0 ⅓,2,0,0,0,0,0,0,0,,Home,대전 한화생명 볼파크,18:30,25.2
박상원,2022,Hanwha,2022-09-18,@ LG,RP,,0.0,1.0,1,17,0,0,1,0,3,0,0,,Away,잠실 야구장,14:00,31.6
박상원,2022,Hanwha,2022-09-15,@ Kia,RP,,0.0,2.0,1,21,0,0,1,0,2,1,0,,Away,광주 기아 챔피언스 필드,18:30,28.9
박상원,2022,Hanwha,2022-09-14,vs. KT,RP,H,0.0,0.0,0 ⅓,5,0,0,0,0,1,0,0,,Home,대전 한화생명 볼파크,18:30,25.3
박상원,2022,Hanwha,2022-09-08,@ Doosan,RP,,27.0,6.0,0 ⅔,23,2,2,2,0,0,2,0,,Away,잠실 야구장,18:30,27.8
박상원,2022,Hanwha,2022-09-06,@ KT,RP,,0.0,1.0,1,13,0,0,0,0,0,1,0,,Away,수원 KT 위즈파크,18:30,25.1
박상원,2022,Hanwha,2022-09-03,vs. NC,RP,,0.0,0.0,0 ⅓,8,0,0,0,0,1,0,0,,Home,대전 한화생명 볼파크,17:00,25.6
박상원,2022,Hanwha,2022-08-31,vs. Kia,RP,,0.0,1.0,1,16,0,0,1,0,3,0,0,,Home,대전 한화생명 볼파크,18:30,24.3
박상원,2022,Hanwha,2022-08-28,@ Samsung,RP,,0.0,0.0,1,21,0,0,0,0,0,0,0,,Away,대구 삼성 라이온즈 파크,17:00,25.5
박상원,2022,Hanwha,2022-08-25,vs. Doosan,RP,H,0.0,1.0,1,15,0,0,1,0,2,0,0,,Home,대전 한화생명 볼파크,18:30,24.1
박상원,2022,Hanwha,2022-08-23,vs. LG,RP,H,0.0,0.0,1,12,0,0,0,0,0,0,0,,Home,대전 한화생명 볼파크,18:30,26.9
박상원,2022,Hanwha,2022-08-20,@ Lotte,RP,H,0.0,1.0,1,9,0,0,1,0,0,0,0,,Away,사직 야구장,18:00,28.0
박상원,2022,Hanwha,2022-08-19,vs. Samsung,RP,,9.0,3.0,1,22,1,1,2,0,2,1,0,,Home,대전 한화생명 볼파크,18:30,30.7
박상원,2022,Hanwha,2022-08-14,vs. Kiwoom,RP,,0.0,0.0,0 ⅔,5,0,0,0,0,0,0,0,,Home,대전 한화생명 볼파크,17:00,31.3
박상원,2022,Hanwha,2022-08-12,vs. LG,RP,,0.0,3.0,1,30,1,0,2,0,2,1,0,,Home,대전 한화생명 볼파크,18:30,30.9
박상원,2020,Hanwha,2020-10-30,vs. KT,RP,H,27.0,3.0,0 ⅓,7,1,1,1,0,0,0,0,,Home,대전 한화생명 볼파크,18:30,14.8
박상원,2020,Hanwha,2020-10-28,@ LG,RP,,0.0,0.0,1,15,0,0,0,0,0,0,0,,Away,잠실 야구장,18:30,14.4
박상원,2020,Hanwha,2020-10-27,@ Doosan,RP,,13.5,4.5,0 ⅔,26,1,1,3,0,0,0,0,,Away,잠실 야구장,18:30,16.6
박상원,2020,Hanwha,2020-10-17,vs. Samsung,RP,,27.0,3.0,0 ⅓,6,1,1,1,1,0,0,0,,Home,대전 한화생명 볼파크,17:00,17.7
박상원,2020,Hanwha,2020-10-17,vs. Samsung,RP,,0.0,0.0,1,11,0,0,0,0,0,0,0,,Home,대전 한화생명 볼파크,17:00,17.7
박상원,2020,Hanwha,2020-10-15,@ Doosan,RP,,0.0,2.0,1,17,0,0,1,0,0,1,0,,Away,잠실 야구장,18:30,15.0
박상원,2020,Hanwha,2020-10-11,vs. Kiwoom,RP,,9.0,2.0,1,22,1,1,2,0,1,0,0,,Home,대전 한화생명 볼파크,14:00,20.6
박상원,2020,Hanwha,2020-10-09,vs. Kiwoom,RP,,0.0,2.0,1,13,0,0,1,0,1,1,0,,Home,대전 한화생명 볼파크,18:30,19.7
박상원,2020,Hanwha,2020-10-07,@ Kia,RP,,0.0,0.0,1,11,0,0,0,0,1,0,0,,Away,광주 기아 챔피언스 필드,18:30,20.8
박상원,2020,Hanwha,2020-10-02,@ Lotte,RP,,0.0,0.0,1,14,0,0,0,0,1,0,0,,Away,사직 야구장,18:30,21.9
박상원,2020,Hanwha,2020-09-29,vs. Doosan,RP,,0.0,1.5,0 ⅔,14,0,0,1,0,0,0,0,,Home,대전 한화생명 볼파크,18:30,22.3
박상원,2020,Hanwha,2020-09-27,vs. NC,RP,,9.0,2.0,1,16,1,1,2,0,1,0,0,,Home,대전 한화생명 볼파크,14:00,24.4
박상원,2020,Hanwha,2020-09-24,vs. Lotte,RP,SV,0.0,0.0,1,18,0,0,0,0,1,0,0,,Home,대전 한화생명 볼파크,18:30,23.3
박상원,2020,Hanwha,2020-09-23,vs. Doosan,RP,,81.0,12.0,0 ⅓,17,3,3,3,0,1,1,0,,Home,대전 한화생명 볼파크,18:30,22.2
박상원,2020,Hanwha,2020-09-20,@ Kia,RP,,0.0,1.0,1,19,0,0,0,0,2,1,0,,Away,광주 기아 챔피언스 필드,14:00,24.0
박상원,2020,Hanwha,2020-09-18,@ Kiwoom,RP,H,0.0,0.0,1 ⅓,13,0,0,0,0,1,0,0,,Away,고척 스카이돔,18:30,25.5
박상원,2020,Hanwha,2020-09-17,@ Kiwoom,RP,,0.0,0.0,1,8,0,0,0,0,0,0,0,,Away,고척 스카이돔,18:30,25.5
박상원,2020,Hanwha,2020-09-15,vs. LG,RP,W,0.0,0.0,1,14,0,0,0,0,1,0,0,,Home,대전 한화생명 볼파크,18:30,26.7
박상원,2020,Hanwha,2020-09-13,@ KT,RP,,0.0,1.0,2,25,0,0,2,0,4,0,0,,Away,수원 KT 위즈파크,14:00,26.1
박상원,2020,Hanwha,2020-09-11,vs. SK,RP,,0.0,0.0,1 ⅓,16,0,0,0,0,1,0,0,,Home,대전 한화생명 볼파크,18:30,24.8
박상원,2020,Hanwha,2020-09-09,@ Samsung,RP,,0.0,2.0,1,18,0,0,1,0,1,1,0,,Away,대구 삼성 라이온즈 파크,18:30,26.0
박상원,2020,Hanwha,2020-09-06,vs. Kia,RP,,81.0,9.0,0 ⅓,20,4,3,3,1,1,0,1,,Home,대전 한화생명 볼파크,14:00,26.3
박상원,2020,Hanwha,2020-09-05,vs. Kia,RP,,0.0,1.0,1,17,0,0,1,0,1,0,0,,Home,대전 한화생명 볼파크,17:00,25.0
박상원,2020,Hanwha,2020-09-03,vs. Kiwoom,RP,,0.0,1.5,0 ⅔,13,0,0,1,0,1,0,0,,Home,대전 한화생명 볼파크,18:30,26.0
박상원,2020,Hanwha,2020-09-01,@ Doosan,RP,,0.0,1.0,1,14,0,0,1,0,1,0,0,,Away,잠실 야구장,18:30,29.5
박상원,2020,Hanwha,2020-08-29,@ Lotte,RP,,0.0,0.0,0 ⅔,3,0,0,0,0,0,0,0,,Away,사직 야구장,18:00,30.9
박상원,2020,Hanwha,2020-08-26,@ NC,RP,,0.0,0.0,1,15,0,0,0,0,2,0,0,,Away,창원 NC 파크,18:30,30.1
박상원,2020,Hanwha,2020-08-24,@ LG,RP,H,0.0,1.0,1,19,0,0,1,0,0,0,0,,Away,잠실 야구장,18:30,30.8
박상원,2020,Hanwha,2020-08-20,vs. KT,RP,,0.0,0.0,1,17,0,0,0,0,3,0,0,,Home,대전 한화생명 볼파크,18:30,33.6
박상원,2020,Hanwha,2020-08-18,@ SK,RP,,0.0,0.0,1,12,0,0,0,0,1,0,1,,Away,인천 SSG 랜더스필드,18:30,29.2
박상원,2020,Hanwha,2020-07-27,vs. SK,RP,,0.0,3.0,0 ⅓,8,0,0,1,0,0,0,0,,Home,대전 한화생명 볼파크,18:30,28.3
박상원,2020,Hanwha,2020-07-26,vs. SK,RP,,0.0,2.0,1,28,0,0,1,0,1,1,0,,Home,대전 한화생명 볼파크,17:00,28.8
박상원,2020,Hanwha,2020-07-24,vs. SK,RP,,9.0,1.0,1,11,1,1,1,1,2,0,0,,Home,대전 한화생명 볼파크,18:30,26.0
박상원,2020,Hanwha,2020-07-21,vs. Kia,RP,,6.75,2.25,1 ⅓,24,1,1,2,0,1,1,0,,Home,대전 한화생명 볼파크,18:30,29.7
박상원,2020,Hanwha,2020-07-15,@ KT,RP,,18.0,3.0,1,22,2,2,3,0,2,0,0,,Away,수원 KT 위즈파크,18:30,26.3
박상원,2020,Hanwha,2020-07-14,@ KT,RP,,0.0,0.0,0 ⅓,1,0,0,0,0,0,0,0,,Away,수원 KT 위즈파크,18:30,23.9
박상원,2020,Hanwha,2020-07-10,vs. SK,RP,H,13.5,2.25,1 ⅓,22,2,2,3,0,1,0,0,,Home,대전 한화생명 볼파크,18:30,30.0
박상원,2020,Hanwha,2020-07-07,vs. Lotte,RP,,6.75,1.5,1 ⅓,22,1,1,1,1,1,1,0,,Home,대전 한화생명 볼파크,18:30,28.9
박상원,2020,Hanwha,2020-07-04,@ Doosan,RP,,0.0,2.0,1,23,1,0,1,0,1,1,0,,Away,잠실 야구장,18:00,26.9
박상원,2020,Hanwha,2020-07-03,@ Doosan,RP,H,0.0,1.0,1,12,0,0,0,0,0,1,0,,Away,잠실 야구장,18:30,26.5
박상원,2020,Hanwha,2020-07-01,@ Kia,RP,,0.0,9.0,0 ⅓,10,0,0,2,0,1,1,0,,Away,광주 기아 챔피언스 필드,18:30,24.8
박상원,2020,Hanwha,2020-06-26,vs. KT,RP,,9.0,3.0,1,22,1,1,2,0,1,1,0,,Home,대전 한화생명 볼파크,18:30,27.2
박상원,2020,Hanwha,2020-06-24,@ Samsung,RP,H,0.0,1.0,1,16,0,0,1,0,1,0,0,,Away,대구 삼성 라이온즈 파크,18:30,25.2
박상원,2020,Hanwha,2020-06-21,@ NC,RP,,13.5,1.5,0 ⅔,13,1,1,1,1,1,0,0,,Away,창원 NC 파크,17:00,23.5
박상원,2020,Hanwha,2020-06-19,@ NC,RP,,0.0,0.0,1,14,0,0,0,0,1,0,0,,Away,창원 NC 파크,18:30,24.3
박상원,2020,Hanwha,2020-06-18,vs. LG,RP,,0.0,2.0,1,17,0,0,1,0,1,1,0,,Home,대전 한화생명 볼파크,18:30,23.4
박상원,2020,Hanwha,2020-06-14,vs. Doosan,RP,H,0.0,1.0,1,18,0,0,1,0,0,0,0,,Home,대전 한화생명 볼파크,17:00,26.7
박상원,2020,Hanwha,2020-06-12,vs. Doosan,RP,,9.0,1.0,1,15,1,1,1,1,0,0,0,,Home,대전 한화생명 볼파크,18:30,27.8
박상원,2020,Hanwha,2020-06-11,@ Lotte,RP,,0.0,0.0,0 ⅓,1,0,0,0,0,0,0,0,,Away,사직 야구장,18:30,26.1
박상원,2020,Hanwha,2020-06-10,@ Lotte,RP,,108.0,12.0,0 ⅓,21,4,4,4,0,0,0,1,,Away,사직 야구장,18:30,26.0
박상원,2020,Hanwha,2020-06-07,vs. NC,RP,,0.0,2.0,1,21,1,0,2,0,1,0,0,,Home,대전 한화생명 볼파크,17:00,29.3
박상원,2020,Hanwha,2020-06-06,vs. NC,RP,,9.0,1.0,1,11,1,1,1,0,1,0,0,,Home,대전 한화생명 볼파크,17:00,29.8
박상원,2020,Hanwha,2020-06-04,vs. Kiwoom,RP,,0.0,3.0,0 ⅔,15,2,0,1,0,0,1,0,,Home,대전 한화생명 볼파크,18:30,28.9
박상원,2020,Hanwha,2020-05-31,@ SK,RP,,0.0,1.5,1 ⅓,23,0,0,0,0,1,2,0,,Away,인천 SSG 랜더스필드,14:00,22.6
박상원,2020,Hanwha,2020-05-22,@ NC,RP,H,0.0,0.0,1,11,0,0,0,0,1,0,0,,Away,창원 NC 파크,18:30,17.8
박상원,2020,Hanwha,2020-05-21,@ KT,RP,,0.0,1.0,1,16,0,0,1,0,1,0,1,,Away,수원 KT 위즈파크,18:30,21.7
박상원,2020,Hanwha,2020-05-17,vs. Lotte,RP,H,18.0,3.0,1,26,2,2,2,1,2,1,0,,Home,대전 한화생명 볼파크,14:00,26.3
박상원,2020,Hanwha,2020-05-15,vs. Lotte,RP,H,0.0,0.0,2,19,0,0,0,0,1,0,0,,Home,대전 한화생명 볼파크,18:30,15.8
박상원,2020,Hanwha,2020-05-12,vs. Kia,RP,,9.0,2.0,1,14,1,1,2,1,0,0,0,,Home,대전 한화생명 볼파크,18:30,19.7
박상원,2020,Hanwha,2020-05-10,@ Kiwoom,RP,,9.0,3.0,1,22,1,1,1,0,0,2,0,,Away,고척 스카이돔,14:00,25.5
박상원,2020,Hanwha,2020-05-09,@ Kiwoom,RP,,0.0,0.0,1,16,0,0,0,0,1,0,0,,Away,고척 스카이돔,17:00,25.5
박상원,2020,Hanwha,2020-05-07,@ SK,RP,,0.0,2.0,1,17,0,0,1,0,1,1,0,,Away,인천 SSG 랜더스필드,18:30,21.5
류현진,2024,Hanwha,2024-09-19,@ NC,SP,,12.0,2.67,3,67,4,4,7,1,3,1,0,31.0,Away,창원 NC 파크,18:30,31.9
류현진,2024,Hanwha,2024-09-13,@ Lotte,SP,W,1.5,1.17,6,99,1,1,6,0,3,1,0,58.0,Away,사직 야구장,18:30,31.7
류현진,2024,Hanwha,2024-09-06,@ LG,SP,W,1.5,1.33,6,99,1,1,6,0,8,2,0,62.0,Away,잠실 야구장,18:30,25.3
류현진,2024,Hanwha,2024-08-31,vs. KT,SP,L,5.4,1.6,5,84,3,3,7,3,4,1,0,44.0,Home,대전 한화생명 볼파크,18:00,29.7
류현진,2024,Hanwha,2024-08-25,@ Doosan,SP,W,1.29,0.71,7,95,1,1,5,1,4,0,1,66.0,Away,잠실 야구장,17:00,32.5
류현진,2024,Hanwha,2024-08-18,@ SSG,SP,W,1.42,1.11,6 ⅓,92,1,1,6,0,8,1,0,64.0,Away,인천 SSG 랜더스필드,17:00,32.3
류현진,2024,Hanwha,2024-08-13,vs. LG,SP,,0.0,0.8,5,87,0,0,2,0,6,2,0,67.0,Home,대전 한화생명 볼파크,18:30,34.1
류현진,2024,Hanwha,2024-08-07,@ Samsung,SP,L,12.6,2.8,5,100,7,7,12,1,3,2,0,16.0,Away,대구 삼성 라이온즈 파크,18:30,32.7
류현진,2024,Hanwha,2024-07-31,@ KT,SP,W,9.0,2.6,5,111,6,5,12,1,3,1,0,23.0,Away,수원 KT 위즈파크,18:30,32.7
류현진,2024,Hanwha,2024-07-24,vs. Samsung,SP,,2.57,1.0,7,96,2,2,7,0,5,0,1,59.0,Home,대전 한화생명 볼파크,18:30,32.6
류현진,2024,Hanwha,2024-07-18,@ NC,SP,L,5.4,1.2,5,83,4,3,5,0,5,1,0,47.0,Away,창원 NC 파크,18:30,29.9
류현진,2024,Hanwha,2024-07-11,@ Kiwoom,SP,,4.5,1.17,6,93,3,3,6,0,3,1,0,50.0,Away,고척 스카이돔,18:30,25.5
류현진,2024,Hanwha,2024-07-03,vs. KT,SP,L,2.57,1.0,7,104,2,2,7,1,8,0,0,63.0,Home,대전 한화생명 볼파크,18:30,28.2
류현진,2024,Hanwha,2024-06-23,@ Kia,SP,,9.0,2.0,5,104,5,5,8,3,5,2,0,34.0,Away,광주 기아 챔피언스 필드,17:00,30.2
류현진,2024,Hanwha,2024-06-18,vs. Kiwoom,SP,W,0.0,0.63,8,101,0,0,5,0,8,0,0,80.0,Home,대전 한화생명 볼파크,18:30,30.1
류현진,2024,Hanwha,2024-06-12,@ Doosan,SP,,0.0,1.5,6,83,2,0,9,0,1,0,0,51.0,Away,잠실 야구장,18:30,27.6
류현진,2024,Hanwha,2024-06-06,@ KT,SP,W,0.0,1.0,6,99,0,0,5,0,3,1,0,64.0,Away,수원 KT 위즈파크,18:30,25.6
류현진,2024,Hanwha,2024-05-25,@ SSG,SP,,1.5,1.5,6,98,1,1,7,0,4,2,0,56.0,Away,인천 SSG 랜더스필드,17:00,19.6
류현진,2024,Hanwha,2024-05-19,@ Samsung,SP,W,0.0,0.8,5,80,0,0,3,0,4,1,0,64.0,Away,대구 삼성 라이온즈 파크,14:00,24.4
류현진,2024,Hanwha,2024-05-14,vs. NC,SP,,3.0,1.5,6,110,2,2,8,0,8,1,1,54.0,Home,대전 한화생명 볼파크,18:30,24.3
류현진,2024,Hanwha,2024-05-08,@ Lotte,SP,L,9.0,1.6,5,84,5,5,8,0,7,0,0,38.0,Away,사직 야구장,18:30,14.3
류현진,2024,Hanwha,2024-04-30,vs. SSG,SP,W,1.5,1.5,6,103,2,1,7,0,1,2,0,51.0,Home,대전 한화생명 볼파크,18:30,17.2
류현진,2024,Hanwha,2024-04-24,@ KT,SP,L,9.0,1.8,5,79,7,5,7,0,4,2,0,31.0,Away,수원 KT 위즈파크,18:30,14.0
류현진,2024,Hanwha,2024-04-17,@ NC,SP,,3.86,0.71,7,98,3,3,3,1,8,2,0,65.0,Away,창원 NC 파크,18:30,18.0
류현진,2024,Hanwha,2024-04-11,@ Doosan,SP,W,0.0,0.5,6,94,0,0,1,0,8,2,0,76.0,Away,잠실 야구장,18:30,20.1
류현진,2024,Hanwha,2024-04-05,@ Kiwoom,SP,L,18.69,2.54,4 ⅓,81,9,9,9,0,2,2,0,9.0,Away,고척 스카이돔,18:30,25.5
류현진,2024,Hanwha,2024-03-29,vs. KT,SP,,3.0,1.33,6,89,2,2,8,0,9,0,0,57.0,Home,대전 한화생명 볼파크,18:30,11.7
류현진,2024,Hanwha,2024-03-23,@ LG,SP,L,4.91,2.45,3 ⅔,86,5,2,6,0,0,3,0,32.0,Away,잠실 야구장,14:00,15.9
라이언 와이스,2024,Hanwha,2024-09-27,vs. Kia,SP,W,0.0,0.5,6,82,0,0,3,0,6,0,0,72.0,Home,대전 한화생명 볼파크,18:30,24.4
라이언 와이스,2024,Hanwha,2024-09-22,vs. Lotte,SP,,3.86,2.14,4 ⅔,109,3,2,5,0,4,5,1,42.0,Home,대전 한화생명 볼파크,14:00,25.7
라이언 와이스,2024,Hanwha,2024-09-15,@ Lotte,SP,L,24.55,3.0,3 ⅔,81,10,10,10,1,3,1,0,3.0,Away,사직 야구장,14:00,32.7
라이언 와이스,2024,Hanwha,2024-09-10,@ SSG,SP,L,3.0,0.83,6,85,2,2,4,1,8,1,0,63.0,Away,인천 SSG 랜더스필드,18:30,30.5
라이언 와이스,2024,Hanwha,2024-09-04,@ Kia,SP,,1.17,0.39,7 ⅔,92,1,1,3,1,8,0,0,77.0,Away,광주 기아 챔피언스 필드,18:30,29.5
라이언 와이스,2024,Hanwha,2024-08-28,@ Lotte,SP,W,0.0,0.6,6 ⅔,94,0,0,1,0,10,3,0,79.0,Away,사직 야구장,18:30,30.1
라이언 와이스,2024,Hanwha,2024-08-23,@ Doosan,SP,W,1.5,0.67,6,87,1,1,3,0,6,1,0,67.0,Away,잠실 야구장,18:30,31.2
라이언 와이스,2024,Hanwha,2024-08-16,@ SSG,SP,W,1.35,0.6,6 ⅔,108,1,1,2,1,12,2,0,76.0,Away,인천 SSG 랜더스필드,18:30,32.3
라이언 와이스,2024,Hanwha,2024-08-10,vs. Kiwoom,SP,L,2.57,1.0,7,111,3,2,5,0,7,2,0,62.0,Home,대전 한화생명 볼파크,18:00,31.0
라이언 와이스,2024,Hanwha,2024-08-03,vs. Kia,SP,L,7.2,2.0,5,89,4,4,9,1,2,1,0,34.0,Home,대전 한화생명 볼파크,18:00,34.6
라이언 와이스,2024,Hanwha,2024-07-28,@ LG,SP,,27.0,4.0,1,30,3,3,2,1,0,2,0,35.0,Away,잠실 야구장,17:00,31.7
라이언 와이스,2024,Hanwha,2024-07-21,vs. Kia,SP,,4.5,1.67,6,106,5,3,7,1,7,3,1,45.0,Home,대전 한화생명 볼파크,17:00,32.4
라이언 와이스,2024,Hanwha,2024-07-14,vs. LG,SP,L,7.11,1.74,6 ⅓,97,5,5,9,0,7,2,0,40.0,Home,대전 한화생명 볼파크,17:00,28.7
라이언 와이스,2024,Hanwha,2024-07-09,@ Kiwoom,SP,,1.29,1.0,7,97,2,1,5,0,6,2,1,64.0,Away,고척 스카이돔,18:30,25.5
라이언 와이스,2024,Hanwha,2024-07-02,vs. KT,SP,,4.5,1.17,6,97,3,3,5,1,5,2,0,53.0,Home,대전 한화생명 볼파크,18:30,27.6
라이언 와이스,2024,Hanwha,2024-06-25,vs. Doosan,SP,W,0.0,1.0,6,98,0,0,4,0,7,2,0,69.0,Home,대전 한화생명 볼파크,18:30,25.8
윤대경,2024,Hanwha,2024-09-15,@ Lotte,RP,,0.0,1.0,1,11,0,0,1,0,1,0,0,,Away,사직 야구장,14:00,32.7
윤대경,2024,Hanwha,2024-09-11,vs. Samsung,RP,,18.0,4.0,1,24,2,2,3,0,0,1,0,,Home,대전 한화생명 볼파크,18:30,29.2
윤대경,2024,Hanwha,2024-05-23,vs. LG,RP,,40.5,4.5,0 ⅔,16,3,3,1,0,1,2,0,,Home,대전 한화생명 볼파크,18:30,27.9
윤대경,2024,Hanwha,2024-05-21,vs. LG,RP,,40.5,6.0,0 ⅔,27,3,3,3,0,1,1,1,,Home,대전 한화생명 볼파크,18:30,24.9
윤대경,2024,Hanwha,2024-05-19,@ Samsung,RP,,9.0,1.0,1,14,1,1,1,1,2,0,0,,Away,대구 삼성 라이온즈 파크,14:00,24.4
윤대경,2024,Hanwha,2024-05-18,@ Samsung,RP,,0.0,0.75,1 ⅓,25,0,0,1,0,0,0,0,,Away,대구 삼성 라이온즈 파크,17:00,22.1
윤대경,2024,Hanwha,2024-05-16,vs. NC,RP,,0.0,1.0,2,32,0,0,0,0,2,2,0,,Home,대전 한화생명 볼파크,18:30,18.2
윤대경,2023,Hanwha,2023-10-16,vs. Lotte,RP,,0.0,,0,5,0,0,0,0,0,1,0,,Home,대전 한화생명 볼파크,18:30,15.7
윤대경,2023,Hanwha,2023-10-14,vs. Lotte,RP,W,0.0,0.0,1,20,0,0,0,0,1,0,0,,Home,대전 한화생명 볼파크,17:00,19.3
윤대경,2023,Hanwha,2023-10-10,@ NC,RP,,0.0,0.0,1,9,0,0,0,0,1,0,0,,Away,창원 NC 파크,18:30,20.5
윤대경,2023,Hanwha,2023-10-08,@ KT,RP,,0.0,9.0,0 ⅓,22,4,0,1,0,0,2,0,,Away,수원 KT 위즈파크,14:00,19.4
윤대경,2023,Hanwha,2023-10-06,@ SSG,RP,,0.0,1.0,1,16,0,0,0,0,0,1,0,,Away,인천 SSG 랜더스필드,18:30,19.1
윤대경,2023,Hanwha,2023-10-04,@ Samsung,RP,,54.0,9.0,0 ⅓,9,3,2,3,1,0,0,0,,Away,대구 삼성 라이온즈 파크,18:30,22.8
윤대경,2023,Hanwha,2023-10-02,vs. NC,RP,,0.0,0.0,0 ⅔,5,0,0,0,0,0,0,0,,Home,대전 한화생명 볼파크,18:30,20.1
윤대경,2023,Hanwha,2023-09-29,@ Lotte,RP,,0.0,0.5,2,25,0,0,1,0,2,0,0,,Away,사직 야구장,18:30,24.6
윤대경,2023,Hanwha,2023-09-27,vs. Samsung,RP,,0.0,1.5,0 ⅔,15,0,0,0,0,2,1,0,,Home,대전 한화생명 볼파크,18:30,24.2
윤대경,2023,Hanwha,2023-09-23,@ LG,RP,,0.0,0.0,1,14,0,0,0,0,0,0,0,,Away,잠실 야구장,17:00,26.0
윤대경,2023,Hanwha,2023-09-21,vs. Kia,RP,,0.0,1.0,1,13,0,0,1,0,2,0,0,,Home,대전 한화생명 볼파크,18:30,22.0
윤대경,2023,Hanwha,2023-09-19,vs. SSG,RP,,0.0,1.0,1,12,0,0,0,0,0,1,0,,Home,대전 한화생명 볼파크,18:30,26.2
윤대경,2023,Hanwha,2023-09-17,vs. KT,RP,,18.0,3.0,1,14,2,2,3,0,0,0,0,,Home,대전 한화생명 볼파크,14:00,29.3
윤대경,2023,Hanwha,2023-09-12,@ Doosan,RP,L,18.0,2.0,1,22,2,2,2,0,1,0,1,,Away,잠실 야구장,18:30,28.0
윤대경,2023,Hanwha,2023-09-10,@ Kiwoom,RP,W,0.0,2.0,1,18,0,0,1,0,0,1,0,,Away,고척 스카이돔,14:00,25.5
윤대경,2023,Hanwha,2023-09-09,@ Kiwoom,RP,,0.0,0.0,0 ⅔,9,0,0,0,0,0,0,0,,Away,고척 스카이돔,17:00,25.5
윤대경,2023,Hanwha,2023-09-07,vs. SSG,RP,W,0.0,2.0,1,13,0,0,1,0,0,1,0,,Home,대전 한화생명 볼파크,18:30,26.9
윤대경,2023,Hanwha,2023-09-06,vs. SSG,RP,,0.0,0.0,1,15,0,0,0,0,2,0,1,,Home,대전 한화생명 볼파크,18:30,28.2
윤대경,2023,Hanwha,2023-08-01,vs. Doosan,RP,,0.0,1.5,1 ⅓,21,0,0,2,0,1,0,1,,Home,대전 한화생명 볼파크,18:30,32.9
윤대경,2023,Hanwha,2023-07-29,@ SSG,RP,,0.0,1.5,0 ⅔,18,0,0,0,0,1,1,0,,Away,인천 SSG 랜더스필드,18:00,30.8
윤대경,2023,Hanwha,2023-07-21,vs. NC,RP,,9.0,3.0,1,26,1,1,1,0,1,2,0,,Home,대전 한화생명 볼파크,18:30,29.2
윤대경,2023,Hanwha,2023-07-08,vs. SSG,RP,,3.38,1.13,2 ⅔,43,1,1,3,1,1,0,1,,Home,대전 한화생명 볼파크,18:00,29.9
윤대경,2023,Hanwha,2023-07-06,vs. Lotte,RP,,9.0,1.0,1,18,1,1,1,1,1,0,0,,Home,대전 한화생명 볼파크,18:30,28.6
윤대경,2023,Hanwha,2023-06-30,@ Samsung,RP,,0.0,1.0,1,22,0,0,1,0,0,0,0,,Away,대구 삼성 라이온즈 파크,18:30,25.6
윤대경,2023,Hanwha,2023-06-23,@ NC,RP,,0.0,1.0,1,13,0,0,1,0,0,0,0,,Away,창원 NC 파크,18:30,24.6
윤대경,2023,Hanwha,2023-06-22,vs. Kia,RP,H,0.0,1.5,0 ⅔,12,0,0,0,0,0,1,0,,Home,대전 한화생명 볼파크,18:30,26.5
윤대경,2023,Hanwha,2023-06-18,vs. Kiwoom,RP,,0.0,3.0,0 ⅓,10,0,0,1,0,0,0,0,,Home,대전 한화생명 볼파크,17:00,30.6
윤대경,2023,Hanwha,2023-06-17,vs. Kiwoom,RP,,9.0,2.0,1,19,1,1,1,0,0,1,0,,Home,대전 한화생명 볼파크,17:00,28.8
윤대경,2023,Hanwha,2023-05-30,vs. Kiwoom,RP,,0.0,0.0,1,12,0,0,0,0,2,0,0,,Home,대전 한화생명 볼파크,18:30,23.8
윤대경,2023,Hanwha,2023-05-25,vs. Kia,RP,W,0.0,0.0,1 ⅓,21,0,0,0,0,2,0,0,,Home,대전 한화생명 볼파크,18:30,24.4
윤대경,2023,Hanwha,2023-05-20,@ LG,RP,H,0.0,1.0,1,14,0,0,1,0,1,0,0,,Away,잠실 야구장,17:00,23.9
윤대경,2023,Hanwha,2023-05-19,@ LG,RP,,0.0,1.0,1,17,0,0,1,0,1,0,0,,Away,잠실 야구장,18:30,25.6
윤대경,2023,Hanwha,2023-05-17,vs. Lotte,RP,W,0.0,0.0,1,13,0,0,0,0,0,0,0,,Home,대전 한화생명 볼파크,18:30,27.9
윤대경,2023,Hanwha,2023-05-14,@ SSG,RP,,9.0,1.0,1,19,1,1,1,1,0,0,0,,Away,인천 SSG 랜더스필드,14:00,20.8
윤대경,2023,Hanwha,2023-05-13,@ SSG,RP,,0.0,0.0,1,9,0,0,0,0,1,0,0,,Away,인천 SSG 랜더스필드,17:00,18.2
윤대경,2023,Hanwha,2023-05-12,@ SSG,RP,,13.5,1.5,0 ⅔,18,1,1,1,0,0,0,2,,Away,인천 SSG 랜더스필드,18:30,19.8
윤대경,2023,Hanwha,2023-05-09,vs. Samsung,RP,,0.0,0.0,1 ⅔,16,0,0,0,0,0,0,0,,Home,대전 한화생명 볼파크,18:30,22.9
윤대경,2023,Hanwha,2023-05-04,@ Doosan,RP,,0.0,2.0,1,24,0,0,2,0,0,0,0,,Away,잠실 야구장,18:30,25.0
윤대경,2023,Hanwha,2023-05-02,@ Doosan,RP,,0.0,3.0,1,28,0,0,1,0,0,2,0,,Away,잠실 야구장,18:30,22.2
윤대경,2023,Hanwha,2023-04-29,vs. NC,RP,,0.0,3.0,0 ⅓,7,0,0,0,0,0,1,0,,Home,대전 한화생명 볼파크,17:00,12.6
윤대경,2023,Hanwha,2023-04-27,@ Lotte,RP,,0.0,3.0,1,29,0,0,1,0,0,2,0,,Away,사직 야구장,18:30,16.8
윤대경,2023,Hanwha,2023-04-23,vs. LG,RP,,0.0,1.0,1,13,0,0,0,0,1,1,0,,Home,대전 한화생명 볼파크,14:00,20.2
윤대경,2023,Hanwha,2023-04-20,vs. Doosan,RP,,0.0,0.33,3,39,0,0,1,0,0,0,0,,Home,대전 한화생명 볼파크,18:30,24.5
윤대경,2023,Hanwha,2023-04-16,@ KT,RP,,9.0,2.0,1,19,1,1,2,0,1,0,0,,Away,수원 KT 위즈파크,14:00,14.6
윤대경,2023,Hanwha,2023-04-15,@ KT,RP,,0.0,0.0,1,8,0,0,0,0,0,0,0,,Away,수원 KT 위즈파크,17:00,13.8
윤대경,2023,Hanwha,2023-04-14,@ KT,RP,,0.0,0.0,1 ⅓,17,0,0,0,0,2,0,0,,Away,수원 KT 위즈파크,18:30,19.5
윤대경,2023,Hanwha,2023-04-09,vs. SSG,RP,,0.0,1.0,1,14,0,0,1,0,1,0,0,,Home,대전 한화생명 볼파크,14:00,18.0
윤대경,2022,Hanwha,2022-10-08,@ NC,RP,L,27.0,6.0,0 ⅓,12,1,1,2,0,0,0,0,,Away,창원 NC 파크,17:00,18.7
윤대경,2022,Hanwha,2022-10-06,vs. Kiwoom,RP,W,0.0,1.0,1,23,0,0,1,0,2,0,0,,Home,대전 한화생명 볼파크,18:30,17.8
윤대경,2022,Hanwha,2022-10-02,vs. Kia,RP,,0.0,0.75,2 ⅔,28,0,0,2,0,1,0,0,,Home,대전 한화생명 볼파크,14:00,26.6
윤대경,2022,Hanwha,2022-08-07,@ KT,RP,,27.0,6.0,0 ⅓,12,1,1,2,0,0,0,0,,Away,수원 KT 위즈파크,17:00,32.4
윤대경,2022,Hanwha,2022-08-04,vs. Kia,RP,,0.0,6.0,0 ⅓,19,0,0,2,0,0,0,0,,Home,대전 한화생명 볼파크,18:30,32.8
윤대경,2022,Hanwha,2022-07-30,vs. Doosan,RP,,0.0,1.0,1,18,0,0,1,0,2,0,0,,Home,대전 한화생명 볼파크,18:00,30.6
윤대경,2022,Hanwha,2022-07-27,@ Samsung,RP,,81.0,12.0,0 ⅓,26,3,3,4,0,0,0,1,,Away,대구 삼성 라이온즈 파크,18:30,29.0
윤대경,2022,Hanwha,2022-07-24,vs. KT,RP,,0.0,1.0,1,14,0,0,1,0,1,0,0,,Home,대전 한화생명 볼파크,17:00,28.5
윤대경,2022,Hanwha,2022-07-14,@ Lotte,RP,,0.0,2.0,1,13,0,0,2,0,0,0,0,,Away,사직 야구장,18:30,29.6
윤대경,2022,Hanwha,2022-07-12,@ Lotte,RP,,9.0,1.0,1,10,1,1,1,1,1,0,0,,Away,사직 야구장,18:30,26.7
윤대경,2022,Hanwha,2022-06-29,vs. SSG,SP,L,63.0,9.0,1,54,7,7,8,0,1,1,1,8.0,Home,대전 한화생명 볼파크,18:30,29.3
윤대경,2022,Hanwha,2022-06-22,@ LG,SP,L,9.0,1.6,5,78,5,5,6,1,1,2,0,34.0,Away,잠실 야구장,18:30,29.0
윤대경,2022,Hanwha,2022-06-15,vs. Lotte,SP,L,21.0,3.33,3,65,7,7,9,0,2,1,0,14.0,Home,대전 한화생명 볼파크,18:30,24.4
윤대경,2022,Hanwha,2022-06-08,@ Doosan,SP,W,1.5,0.5,6,84,1,1,3,0,3,0,1,64.0,Away,잠실 야구장,18:30,24.9
윤대경,2022,Hanwha,2022-06-01,vs. NC,SP,W,0.0,0.9,6 ⅔,79,0,0,4,0,2,2,0,66.0,Home,대전 한화생명 볼파크,18:30,25.2
윤대경,2022,Hanwha,2022-05-26,vs. Doosan,SP,L,121.5,12.0,0 ⅔,37,9,9,7,0,0,1,1,0.0,Home,대전 한화생명 볼파크,18:30,24.0
윤대경,2022,Hanwha,2022-05-20,@ Kiwoom,SP,L,7.2,1.8,5,87,4,4,8,0,5,1,0,39.0,Away,고척 스카이돔,18:30,25.5
윤대경,2022,Hanwha,2022-05-14,vs. Lotte,SP,L,9.53,2.12,5 ⅔,89,6,6,10,2,3,2,0,26.0,Home,대전 한화생명 볼파크,17:00,20.6
윤대경,2022,Hanwha,2022-05-08,vs. Kia,SP,L,13.5,2.5,4,92,6,6,8,1,3,2,2,21.0,Home,대전 한화생명 볼파크,14:00,22.4
윤대경,2022,Hanwha,2022-05-03,@ SSG,SP,,1.5,0.83,6,89,1,1,3,0,4,2,0,64.0,Away,인천 SSG 랜더스필드,18:30,14.5
윤대경,2022,Hanwha,2022-04-27,vs. Kiwoom,SP,L,11.25,2.5,4,86,5,5,9,0,2,1,0,25.0,Home,대전 한화생명 볼파크,18:30,23.1
윤대경,2022,Hanwha,2022-04-21,@ Lotte,SP,,4.5,1.0,6,79,3,3,6,0,5,0,0,53.0,Away,사직 야구장,18:30,14.4
윤대경,2022,Hanwha,2022-04-15,vs. LG,SP,W,1.5,0.5,6,81,1,1,3,1,6,0,0,68.0,Home,대전 한화생명 볼파크,18:30,16.9
윤대경,2022,Hanwha,2022-04-09,vs. KT,RP,,0.0,0.0,2 ⅓,25,0,0,0,0,6,0,0,,Home,대전 한화생명 볼파크,17:00,24.9
윤대경,2022,Hanwha,2022-04-05,@ Kia,SP,,3.6,1.2,5,68,2,2,4,0,1,2,1,49.0,Away,광주 기아 챔피언스 필드,18:30,15.2
윤대경,2021,Hanwha,2021-10-30,vs. Doosan,RP,,0.0,2.0,1,12,0,0,2,0,0,0,0,,Home,대전 한화생명 볼파크,17:00,17.0
윤대경,2021,Hanwha,2021-10-25,vs. Kiwoom,SP,,0.0,1.33,3,60,0,0,3,0,1,1,1,52.0,Home,대전 한화생명 볼파크,18:30,13.7
윤대경,2021,Hanwha,2021-10-23,@ Lotte,RP,,0.0,3.0,0 ⅔,21,1,0,1,0,0,1,0,,Away,사직 야구장,17:00,17.2
윤대경,2021,Hanwha,2021-10-10,vs. Kia,RP,L,4.5,1.5,2,28,1,1,3,0,1,0,0,,Home,대전 한화생명 볼파크,14:00,28.2
윤대경,2021,Hanwha,2021-10-07,vs. SSG,RP,H,0.0,1.0,1,20,0,0,0,0,0,1,0,,Home,대전 한화생명 볼파크,18:30,20.1
윤대경,2021,Hanwha,2021-10-05,vs. Doosan,RP,H,18.0,3.0,1,19,2,2,3,0,0,0,0,,Home,대전 한화생명 볼파크,18:30,25.5
윤대경,2021,Hanwha,2021-10-03,@ Kia,RP,,13.5,4.5,0 ⅔,20,1,1,3,0,0,0,0,,Away,광주 기아 챔피언스 필드,14:00,29.3
윤대경,2021,Hanwha,2021-10-01,@ Samsung,RP,,0.0,0.75,1 ⅓,16,0,0,1,0,1,0,0,,Away,대구 삼성 라이온즈 파크,18:30,23.1
윤대경,2021,Hanwha,2021-09-24,@ KT,RP,H,0.0,0.0,1,17,0,0,0,0,2,0,0,,Away,수원 KT 위즈파크,18:30,25.2
윤대경,2021,Hanwha,2021-09-23,@ KT,RP,,0.0,0.5,2,27,0,0,1,0,2,0,0,,Away,수원 KT 위즈파크,18:30,23.4
윤대경,2021,Hanwha,2021-09-18,vs. Lotte,RP,W,0.0,0.43,2 ⅓,31,0,0,1,0,1,0,0,,Home,대전 한화생명 볼파크,17:00,27.2
윤대경,2021,Hanwha,2021-09-16,@ Kiwoom,RP,,5.4,0.6,1 ⅔,30,1,1,1,0,2,0,0,,Away,고척 스카이돔,18:30,25.5
윤대경,2021,Hanwha,2021-09-12,vs. Samsung,SP,,0.0,0.67,3,33,0,0,2,0,1,0,0,56.0,Home,대전 한화생명 볼파크,14:00,28.7
윤대경,2021,Hanwha,2021-09-09,@ LG,RP,,0.0,3.0,1,27,0,0,2,0,0,1,0,,Away,잠실 야구장,18:30,27.8
윤대경,2021,Hanwha,2021-09-07,@ NC,RP,,81.0,9.0,0 ⅓,17,3,3,1,1,0,2,1,,Away,창원 NC 파크,18:30,27.5
윤대경,2021,Hanwha,2021-07-11,@ SSG,SP,,1.8,1.2,5,92,1,1,4,0,0,2,2,51.0,Away,인천 SSG 랜더스필드,17:00,27.4
윤대경,2021,Hanwha,2021-07-04,@ LG,SP,L,12.27,2.45,3 ⅔,66,5,5,8,1,4,1,0,28.0,Away,잠실 야구장,17:00,24.4
윤대경,2021,Hanwha,2021-06-27,vs. KT,SP,L,4.5,1.5,4,72,2,2,3,1,4,3,0,49.0,Home,대전 한화생명 볼파크,17:00,29.4
윤대경,2021,Hanwha,2021-06-22,@ Samsung,SP,L,13.5,2.25,4,73,6,6,8,2,0,1,0,21.0,Away,대구 삼성 라이온즈 파크,18:30,23.0
윤대경,2021,Hanwha,2021-06-16,vs. Lotte,SP,W,0.0,0.6,5,67,0,0,2,0,6,1,0,68.0,Home,대전 한화생명 볼파크,18:30,27.2
윤대경,2021,Hanwha,2021-06-10,vs. Kiwoom,SP,,0.0,0.75,4,65,0,0,2,0,3,1,1,59.0,Home,대전 한화생명 볼파크,18:30,27.9
윤대경,2021,Hanwha,2021-06-05,@ NC,RP,,18.0,3.0,1,31,2,2,2,1,0,1,0,,Away,창원 NC 파크,17:00,24.5
윤대경,2021,Hanwha,2021-06-01,vs. Kia,SP,,0.0,1.33,3,49,0,0,2,0,2,2,0,55.0,Home,대전 한화생명 볼파크,18:30,26.0
윤대경,2021,Hanwha,2021-05-29,vs. SSG,RP,,0.0,0.0,0 ⅔,5,0,0,0,0,1,0,0,,Home,대전 한화생명 볼파크,17:00,23.2
윤대경,2021,Hanwha,2021-05-28,vs. SSG,RP,,0.0,3.0,0 ⅓,10,0,0,0,0,1,1,0,,Home,대전 한화생명 볼파크,18:30,19.6
윤대경,2021,Hanwha,2021-05-22,vs. KT,RP,,0.0,0.0,1,13,0,0,0,0,3,0,0,,Home,대전 한화생명 볼파크,17:00,25.1
윤대경,2021,Hanwha,2021-05-21,vs. KT,RP,H,0.0,0.0,1 ⅔,13,0,0,0,0,2,0,0,,Home,대전 한화생명 볼파크,18:30,16.2
윤대경,2021,Hanwha,2021-05-18,vs. Lotte,RP,,0.0,1.0,1,13,0,0,0,0,0,1,0,,Home,대전 한화생명 볼파크,18:30,23.8
윤대경,2021,Hanwha,2021-05-14,@ Kiwoom,RP,H,0.0,0.5,2,21,0,0,1,0,2,0,0,,Away,고척 스카이돔,18:30,25.5
윤대경,2021,Hanwha,2021-05-12,vs. NC,RP,,0.0,0.6,1 ⅔,22,0,0,1,0,0,0,0,,Home,대전 한화생명 볼파크,18:30,25.3
윤대경,2021,Hanwha,2021-05-09,@ LG,RP,,10.8,3.0,1 ⅔,35,2,2,4,1,1,1,0,,Away,잠실 야구장,14:00,20.9
윤대경,2021,Hanwha,2021-05-06,vs. Samsung,RP,,0.0,1.5,2 ⅔,29,0,0,3,0,1,1,0,,Home,대전 한화생명 볼파크,18:30,21.7
윤대경,2021,Hanwha,2021-05-02,@ Lotte,RP,H,0.0,0.0,2,25,0,0,0,0,2,0,0,,Away,사직 야구장,14:00,14.1
윤대경,2021,Hanwha,2021-04-29,@ Kia,RP,L,27.0,6.0,0 ⅓,12,1,1,0,0,0,2,1,,Away,광주 기아 챔피언스 필드,18:30,20.6
윤대경,2021,Hanwha,2021-04-25,vs. LG,RP,,27.0,3.0,1,26,3,3,0,0,1,3,0,,Home,대전 한화생명 볼파크,14:00,23.7
윤대경,2021,Hanwha,2021-04-23,vs. LG,RP,,0.0,4.5,0 ⅔,18,0,0,1,0,1,2,0,,Home,대전 한화생명 볼파크,18:30,19.6
윤대경,2021,Hanwha,2021-04-21,vs. Kiwoom,RP,H,0.0,0.6,1 ⅔,34,0,0,0,0,2,1,0,,Home,대전 한화생명 볼파크,18:30,26.9
윤대경,2021,Hanwha,2021-04-17,@ NC,RP,,0.0,1.0,2,29,0,0,1,0,2,1,0,,Away,창원 NC 파크,17:00,16.4
윤대경,2021,Hanwha,2021-04-15,@ Samsung,RP,,0.0,0.5,2,19,0,0,1,0,1,0,0,,Away,대구 삼성 라이온즈 파크,18:30,14.7
윤대경,2021,Hanwha,2021-04-14,@ Samsung,RP,,27.0,3.0,0 ⅓,8,1,1,1,0,1,0,0,,Away,대구 삼성 라이온즈 파크,18:30,13.2
윤대경,2021,Hanwha,2021-04-10,vs. Doosan,RP,,20.25,3.75,1 ⅓,45,3,3,3,1,3,2,0,,Home,대전 한화생명 볼파크,17:00,19.0
윤대경,2021,Hanwha,2021-04-09,vs. Doosan,RP,,0.0,1.0,1,9,0,0,1,0,0,0,0,,Home,대전 한화생명 볼파크,18:30,15.8
윤대경,2021,Hanwha,2021-04-06,@ SSG,RP,,0.0,2.0,1,12,0,0,1,0,0,1,0,,Away,인천 SSG 랜더스필드,18:30,14.0
윤대경,2020,Hanwha,2020-10-30,vs. KT,RP,,0.0,1.5,0 ⅔,17,0,0,0,0,1,1,0,,Home,대전 한화생명 볼파크,18:30,14.8
윤대경,2020,Hanwha,2020-10-28,@ LG,RP,,0.0,2.0,1,26,0,0,1,0,0,1,1,,Away,잠실 야구장,18:30,14.4
윤대경,2020,Hanwha,2020-10-27,@ Doosan,RP,,0.0,2.0,1,15,0,0,2,0,2,0,0,,Away,잠실 야구장,18:30,16.6
윤대경,2020,Hanwha,2020-10-23,vs. NC,RP,H,13.5,1.5,0 ⅔,9,1,1,1,0,1,0,0,,Home,대전 한화생명 볼파크,18:30,10.9
윤대경,2020,Hanwha,2020-10-17,vs. Samsung,RP,,0.0,0.0,1,11,0,0,0,0,1,0,0,,Home,대전 한화생명 볼파크,17:00,17.7
윤대경,2020,Hanwha,2020-10-16,vs. Samsung,RP,,0.0,1.0,1,6,0,0,1,0,0,0,0,,Home,대전 한화생명 볼파크,18:30,14.0
윤대경,2020,Hanwha,2020-10-14,@ Doosan,RP,,0.0,0.0,1,12,0,0,0,0,1,0,0,,Away,잠실 야구장,18:30,12.7
윤대경,2020,Hanwha,2020-10-11,vs. Kiwoom,RP,,0.0,0.0,1,10,0,0,0,0,0,0,0,,Home,대전 한화생명 볼파크,14:00,20.6
윤대경,2020,Hanwha,2020-10-09,vs. Kiwoom,RP,W,0.0,1.0,1,14,0,0,1,0,1,0,0,,Home,대전 한화생명 볼파크,18:30,19.7
윤대경,2020,Hanwha,2020-10-06,@ Kia,RP,H,27.0,9.0,0 ⅓,15,1,1,3,0,0,0,0,,Away,광주 기아 챔피언스 필드,18:30,17.8
윤대경,2020,Hanwha,2020-10-01,vs. Doosan,RP,W,0.0,2.25,1 ⅓,18,0,0,2,0,0,1,0,,Home,대전 한화생명 볼파크,18:30,22.9
윤대경,2020,Hanwha,2020-09-29,vs. Doosan,RP,,13.5,3.0,0 ⅔,24,1,1,1,0,1,1,0,,Home,대전 한화생명 볼파크,18:30,22.3
윤대경,2020,Hanwha,2020-09-25,vs. Lotte,RP,,0.0,1.0,1,13,0,0,1,0,0,0,0,,Home,대전 한화생명 볼파크,18:30,23.6
윤대경,2020,Hanwha,2020-09-23,vs. Doosan,RP,H,0.0,0.0,1,12,0,0,0,0,1,0,0,,Home,대전 한화생명 볼파크,18:30,22.2
윤대경,2020,Hanwha,2020-09-22,vs. Doosan,RP,H,0.0,0.0,1,12,0,0,0,0,3,0,0,,Home,대전 한화생명 볼파크,18:30,22.2
윤대경,2020,Hanwha,2020-09-20,@ Kia,RP,W,0.0,1.0,1,13,0,0,0,0,1,1,0,,Away,광주 기아 챔피언스 필드,14:00,24.0
윤대경,2020,Hanwha,2020-09-18,@ Kiwoom,RP,W,0.0,0.0,0 ⅔,7,0,0,0,0,1,0,0,,Away,고척 스카이돔,18:30,25.5
윤대경,2020,Hanwha,2020-09-17,@ Kiwoom,RP,,0.0,0.75,1 ⅓,24,0,0,0,0,2,1,0,,Away,고척 스카이돔,18:30,25.5
윤대경,2020,Hanwha,2020-09-15,vs. LG,RP,,9.0,2.0,1,24,1,1,2,0,1,0,0,,Home,대전 한화생명 볼파크,18:30,26.7
윤대경,2020,Hanwha,2020-09-13,@ KT,RP,H,0.0,6.0,0 ⅓,12,0,0,2,0,0,0,0,,Away,수원 KT 위즈파크,14:00,26.1
윤대경,2020,Hanwha,2020-09-12,@ KT,RP,,0.0,1.5,0 ⅔,12,0,0,1,0,2,0,0,,Away,수원 KT 위즈파크,17:00,24.5
윤대경,2020,Hanwha,2020-09-10,vs. SK,RP,,0.0,1.5,0 ⅔,15,0,0,1,0,1,0,0,,Home,대전 한화생명 볼파크,18:30,26.4
윤대경,2020,Hanwha,2020-09-08,@ Samsung,RP,,0.0,2.0,1,21,0,0,0,0,0,2,0,,Away,대구 삼성 라이온즈 파크,18:30,26.9
윤대경,2020,Hanwha,2020-09-04,vs. Kiwoom,RP,,0.0,3.0,0 ⅔,15,0,0,0,0,0,2,0,,Home,대전 한화생명 볼파크,18:30,27.0
윤대경,2020,Hanwha,2020-09-03,vs. Kiwoom,RP,,0.0,0.0,1,14,0,0,0,0,1,0,0,,Home,대전 한화생명 볼파크,18:30,26.0
윤대경,2020,Hanwha,2020-09-01,@ Doosan,RP,,0.0,1.0,1,16,0,0,0,0,0,1,0,,Away,잠실 야구장,18:30,29.5
윤대경,2020,Hanwha,2020-08-30,@ Lotte,RP,,0.0,1.0,1,15,0,0,1,0,0,0,0,,Away,사직 야구장,17:00,31.7
윤대경,2020,Hanwha,2020-08-26,@ NC,RP,,0.0,0.0,1,17,0,0,0,0,0,0,0,,Away,창원 NC 파크,18:30,30.1
윤대경,2020,Hanwha,2020-08-24,@ LG,RP,,0.0,0.0,1,9,0,0,0,0,0,0,0,,Away,잠실 야구장,18:30,30.8
윤대경,2020,Hanwha,2020-08-23,@ LG,RP,H,0.0,1.5,0 ⅔,6,0,0,1,0,0,0,0,,Away,잠실 야구장,17:00,30.1
윤대경,2020,Hanwha,2020-08-18,@ SK,RP,,0.0,4.5,0 ⅔,21,3,0,2,1,0,1,0,,Away,인천 SSG 랜더스필드,18:30,29.2
윤대경,2020,Hanwha,2020-08-13,@ Kiwoom,RP,,0.0,2.0,1,17,0,0,1,0,2,1,0,,Away,고척 스카이돔,18:30,25.5
윤대경,2020,Hanwha,2020-08-11,@ Kiwoom,RP,W,0.0,1.0,2,27,0,0,1,0,1,1,0,,Away,고척 스카이돔,18:30,25.5
윤대경,2020,Hanwha,2020-08-09,vs. KT,RP,,0.0,1.0,1,18,0,0,1,0,3,0,0,,Home,대전 한화생명 볼파크,17:00,31.1
윤대경,2020,Hanwha,2020-08-06,vs. NC,RP,,0.0,0.0,0 ⅓,3,0,0,0,0,0,0,0,,Home,대전 한화생명 볼파크,18:30,29.1
윤대경,2020,Hanwha,2020-08-01,@ LG,RP,,0.0,0.0,1,16,0,0,0,0,2,0,1,,Away,잠실 야구장,18:00,28.7
윤대경,2020,Hanwha,2020-07-30,@ Samsung,RP,,0.0,0.75,1 ⅓,20,0,0,0,0,1,1,1,,Away,대구 삼성 라이온즈 파크,18:30,26.0
윤대경,2020,Hanwha,2020-07-27,vs. SK,RP,H,0.0,1.0,1,17,0,0,0,0,0,1,0,,Home,대전 한화생명 볼파크,18:30,28.3
윤대경,2020,Hanwha,2020-07-24,vs. SK,RP,,0.0,0.0,1,15,0,0,0,0,1,0,0,,Home,대전 한화생명 볼파크,18:30,26.0
윤대경,2020,Hanwha,2020-07-21,vs. Kia,RP,,9.0,3.0,1,33,2,1,3,1,2,0,0,,Home,대전 한화생명 볼파크,18:30,29.7
윤대경,2020,Hanwha,2020-07-17,@ LG,RP,,9.0,3.0,1,18,1,1,2,0,1,1,0,,Away,잠실 야구장,18:30,29.3
윤대경,2020,Hanwha,2020-07-15,@ KT,RP,,0.0,3.0,0 ⅓,8,0,0,1,0,0,0,0,,Away,수원 KT 위즈파크,18:30,26.3
윤대경,2020,Hanwha,2020-07-11,vs. SK,RP,,0.0,1.2,1 ⅔,16,0,0,0,0,1,2,0,,Home,대전 한화생명 볼파크,18:00,29.2
윤대경,2020,Hanwha,2020-07-07,vs. Lotte,RP,,5.4,1.8,1 ⅔,26,1,1,2,0,0,1,0,,Home,대전 한화생명 볼파크,18:30,28.9
윤대경,2020,Hanwha,2020-07-05,@ Doosan,RP,,0.0,0.0,0 ⅓,3,0,0,0,0,0,0,0,,Away,잠실 야구장,17:00,26.9
윤대경,2020,Hanwha,2020-07-02,@ Kia,RP,,0.0,6.0,0 ⅓,13,0,0,2,0,0,0,0,,Away,광주 기아 챔피언스 필드,18:30,27.2
윤대경,2020,Hanwha,2020-06-27,vs. KT,RP,,0.0,4.5,0 ⅔,14,1,0,1,0,1,2,0,,Home,대전 한화생명 볼파크,17:00,29.8
윤대경,2020,Hanwha,2020-06-24,@ Samsung,RP,,0.0,,0,11,0,0,1,0,0,0,0,,Away,대구 삼성 라이온즈 파크,18:30,25.2
윤대경,2020,Hanwha,2020-06-23,@ Samsung,RP,,0.0,1.0,1,12,0,0,0,0,0,1,0,,Away,대구 삼성 라이온즈 파크,18:30,26.9
윤대경,2020,Hanwha,2020-06-18,vs. LG,RP,,0.0,2.0,1,27,2,0,2,0,1,0,0,,Home,대전 한화생명 볼파크,18:30,23.4
윤대경,2020,Hanwha,2020-06-16,vs. LG,RP,,0.0,1.29,2 ⅓,29,0,0,2,0,0,1,0,,Home,대전 한화생명 볼파크,18:30,28.1
윤대경,2020,Hanwha,2020-06-11,@ Lotte,RP,,9.0,2.0,1,16,1,1,2,0,0,0,0,,Away,사직 야구장,18:30,26.1
윤대경,2020,Hanwha,2020-06-06,vs. NC,RP,,27.0,3.0,0 ⅓,12,1,1,1,1,1,0,0,,Home,대전 한화생명 볼파크,17:00,29.8
윤대경,2020,Hanwha,2020-06-05,vs. NC,RP,,0.0,1.8,1 ⅔,29,0,0,2,0,3,1,0,,Home,대전 한화생명 볼파크,18:30,28.9
윤대경,2020,Hanwha,2020-06-03,vs. Kiwoom,RP,,0.0,1.5,0 ⅔,14,0,0,1,0,1,0,0,,Home,대전 한화생명 볼파크,18:30,27.5
김기중,2024,Hanwha,2024-09-28,vs. SSG,SP,,6.75,1.88,2 ⅔,44,2,2,4,0,3,1,0,44.0,Home,대전 한화생명 볼파크,17:00,26.2
김기중,2024,Hanwha,2024-09-24,@ Kiwoom,RP,,0.0,0.6,1 ⅔,20,0,0,0,0,2,1,0,,Away,고척 스카이돔,18:30,25.5
김기중,2024,Hanwha,2024-09-23,vs. Lotte,RP,,0.0,4.5,0 ⅔,18,0,0,2,0,0,1,0,,Home,대전 한화생명 볼파크,18:30,22.6
김기중,2024,Hanwha,2024-09-18,@ NC,RP,,0.0,0.0,0 ⅓,4,0,0,0,0,0,0,0,,Away,창원 NC 파크,18:30,31.3
김기중,2024,Hanwha,2024-09-14,@ Lotte,RP,,0.0,1.29,2 ⅓,29,0,0,2,0,1,1,0,,Away,사직 야구장,17:00,32.2
김기중,2024,Hanwha,2024-09-12,vs. Samsung,SP,L,108.0,18.0,0 ⅓,25,4,4,5,1,0,1,0,24.0,Home,대전 한화생명 볼파크,18:30,28.8
김기중,2024,Hanwha,2024-09-08,@ LG,RP,,27.0,3.6,1 ⅔,38,5,5,4,1,2,2,0,,Away,잠실 야구장,14:00,31.0
김기중,2024,Hanwha,2024-09-07,@ LG,RP,,0.0,2.0,1,16,0,0,1,0,2,1,0,,Away,잠실 야구장,17:00,30.7
김기중,2024,Hanwha,2024-08-15,vs. LG,SP,L,22.5,2.75,4,87,10,10,9,2,0,2,1,1.0,Home,대전 한화생명 볼파크,18:30,32.7
김기중,2024,Hanwha,2024-08-09,vs. Kiwoom,SP,,7.36,2.18,3 ⅔,85,3,3,5,0,3,3,0,39.0,Home,대전 한화생명 볼파크,18:30,32.4
김기중,2024,Hanwha,2024-08-02,vs. Kia,SP,W,3.38,1.13,5 ⅓,82,2,2,5,0,3,1,2,50.0,Home,대전 한화생명 볼파크,18:30,33.8
김기중,2024,Hanwha,2024-07-20,vs. Kia,SP,L,13.5,4.0,2,45,4,3,5,2,1,3,0,30.0,Home,대전 한화생명 볼파크,18:00,31.9
김기중,2024,Hanwha,2024-07-13,vs. LG,SP,L,16.2,3.0,1 ⅔,36,3,3,5,1,2,0,0,35.0,Home,대전 한화생명 볼파크,18:00,29.6
김기중,2024,Hanwha,2024-07-04,vs. KT,RP,W,0.0,1.0,2,36,0,0,1,0,0,1,0,,Home,대전 한화생명 볼파크,18:30,31.8
김기중,2024,Hanwha,2024-06-27,vs. Doosan,SP,W,1.8,1.2,5,81,1,1,6,0,4,0,0,55.0,Home,대전 한화생명 볼파크,18:30,26.8
김기중,2024,Hanwha,2024-06-19,vs. Kiwoom,SP,,6.0,2.67,3,66,2,2,6,0,1,2,0,38.0,Home,대전 한화생명 볼파크,18:30,31.1
김기중,2024,Hanwha,2024-06-14,vs. SSG,RP,,0.0,1.5,2,31,0,0,3,0,2,0,1,,Home,대전 한화생명 볼파크,18:30,29.2
김기중,2024,Hanwha,2024-06-07,vs. NC,RP,,54.0,6.0,0 ⅓,17,2,2,2,1,0,0,0,,Home,대전 한화생명 볼파크,18:30,25.3
김기중,2024,Hanwha,2024-06-05,@ KT,RP,W,0.0,0.0,2,23,0,0,0,0,0,0,0,,Away,수원 KT 위즈파크,18:30,22.8
김기중,2024,Hanwha,2024-05-30,vs. Lotte,SP,W,0.0,0.33,6,88,0,0,2,0,6,0,0,74.0,Home,대전 한화생명 볼파크,18:30,23.9
김기중,2024,Hanwha,2024-05-22,vs. LG,SP,,4.5,1.75,4,75,2,2,4,0,3,3,1,45.0,Home,대전 한화생명 볼파크,18:30,25.3
김기중,2024,Hanwha,2024-05-15,vs. NC,RP,,4.91,1.91,3 ⅔,66,2,2,5,0,2,2,0,,Home,대전 한화생명 볼파크,18:30,11.1
김기중,2024,Hanwha,2024-05-14,vs. NC,RP,,0.0,1.5,0 ⅔,14,0,0,0,0,0,1,1,,Home,대전 한화생명 볼파크,18:30,24.3
김기중,2024,Hanwha,2024-05-11,vs. Kiwoom,RP,,0.0,0.0,1,9,0,0,0,0,1,0,0,,Home,대전 한화생명 볼파크,17:00,23.9
김기중,2024,Hanwha,2024-04-05,@ Kiwoom,RP,,9.0,3.0,1,13,1,1,3,0,0,0,0,,Away,고척 스카이돔,18:30,25.5
김기중,2024,Hanwha,2024-03-30,vs. KT,RP,,27.0,9.0,0 ⅓,26,1,1,3,0,0,0,0,,Home,대전 한화생명 볼파크,17:00,16.1
김기중,2024,Hanwha,2024-03-23,@ LG,RP,,0.0,3.0,0 ⅔,16,0,0,1,0,1,1,0,,Away,잠실 야구장,14:00,15.9
김기중,2023,Hanwha,2023-10-16,vs. Lotte,SP,,3.6,0.8,5,70,2,2,3,0,4,1,0,56.0,Home,대전 한화생명 볼파크,18:30,15.7
김기중,2023,Hanwha,2023-10-10,@ NC,SP,L,6.0,1.67,3,60,2,2,4,0,4,1,0,46.0,Away,창원 NC 파크,18:30,20.5
김기중,2023,Hanwha,2023-10-05,@ Samsung,SP,L,4.5,1.75,4,84,3,2,6,1,4,1,0,43.0,Away,대구 삼성 라이온즈 파크,18:30,18.8
김기중,2023,Hanwha,2023-09-27,vs. Samsung,SP,,3.6,1.2,5,76,2,2,5,0,3,1,0,51.0,Home,대전 한화생명 볼파크,18:30,24.2
김기중,2023,Hanwha,2023-09-19,vs. SSG,SP,,3.6,1.4,5,83,2,2,5,1,6,2,1,52.0,Home,대전 한화생명 볼파크,18:30,26.2
김기중,2023,Hanwha,2023-09-09,@ Kiwoom,SP,W,3.6,1.4,5,83,2,2,7,0,2,0,0,47.0,Away,고척 스카이돔,17:00,25.5
김기중,2023,Hanwha,2023-09-05,vs. SSG,RP,H,13.5,1.5,1 ⅓,25,2,2,1,1,0,1,1,,Home,대전 한화생명 볼파크,18:30,29.2
김기중,2023,Hanwha,2023-06-23,@ NC,RP,,54.0,6.0,0 ⅓,16,2,2,1,0,0,1,0,,Away,창원 NC 파크,18:30,24.6
김기중,2023,Hanwha,2023-06-20,vs. Kia,RP,,0.0,1.0,1,21,0,0,0,0,3,1,0,,Home,대전 한화생명 볼파크,18:30,26.3
김기중,2023,Hanwha,2023-06-18,vs. Kiwoom,RP,,0.0,0.0,0 ⅔,8,1,0,0,0,0,0,0,,Home,대전 한화생명 볼파크,17:00,30.6
김기중,2023,Hanwha,2023-06-16,vs. Kiwoom,RP,,0.0,2.0,1,24,0,0,1,0,0,1,1,,Home,대전 한화생명 볼파크,18:30,28.9
김기중,2023,Hanwha,2023-06-14,@ Lotte,RP,,0.0,,0,6,0,0,0,0,0,1,0,,Away,사직 야구장,18:30,24.6
김기중,2023,Hanwha,2023-06-13,@ Lotte,RP,,0.0,3.0,0 ⅓,13,0,0,1,0,0,0,2,,Away,사직 야구장,18:30,25.2
김기중,2023,Hanwha,2023-06-11,vs. LG,RP,L,67.5,7.5,0 ⅔,27,5,5,2,0,1,3,1,,Home,대전 한화생명 볼파크,17:00,27.3
김기중,2023,Hanwha,2023-06-08,@ Doosan,RP,,0.0,1.0,1,14,0,0,1,0,0,0,0,,Away,잠실 야구장,18:30,24.5
김기중,2023,Hanwha,2023-06-06,@ Doosan,RP,,0.0,3.0,0 ⅔,14,0,0,2,0,1,0,0,,Away,잠실 야구장,18:30,23.4
김기중,2023,Hanwha,2023-06-03,vs. Samsung,RP,,0.0,1.0,1,15,1,0,1,0,0,0,1,,Home,대전 한화생명 볼파크,17:00,24.1
김기중,2023,Hanwha,2023-05-31,vs. Kiwoom,RP,,11.57,2.14,2 ⅓,45,3,3,4,0,2,1,0,,Home,대전 한화생명 볼파크,18:30,26.9
김기중,2023,Hanwha,2023-05-26,@ NC,RP,,0.0,2.0,1,24,0,0,1,0,0,1,0,,Away,창원 NC 파크,18:30,20.6
김기중,2023,Hanwha,2023-05-23,vs. Kia,RP,,0.0,1.0,1,23,0,0,1,0,1,0,1,,Home,대전 한화생명 볼파크,18:30,24.2
김기중,2023,Hanwha,2023-05-21,@ LG,RP,,13.5,3.0,0 ⅔,22,1,1,1,0,0,1,0,,Away,잠실 야구장,14:00,21.2
김기중,2023,Hanwha,2023-05-20,@ LG,RP,,27.0,9.0,0 ⅓,18,1,1,2,0,1,1,0,,Away,잠실 야구장,17:00,23.9
김기중,2023,Hanwha,2023-05-18,vs. Lotte,RP,,0.0,3.0,1 ⅓,26,0,0,3,0,1,1,0,,Home,대전 한화생명 볼파크,18:30,18.4
김기중,2023,Hanwha,2023-05-16,vs. Lotte,RP,,0.0,1.0,1,13,0,0,0,0,1,1,0,,Home,대전 한화생명 볼파크,18:30,29.3
김기중,2023,Hanwha,2023-05-13,@ SSG,RP,,0.0,0.0,2 ⅔,32,0,0,0,0,2,0,1,,Away,인천 SSG 랜더스필드,17:00,18.2
김기중,2023,Hanwha,2023-05-09,vs. Samsung,RP,,27.0,3.0,0 ⅔,18,2,2,1,1,1,1,0,,Home,대전 한화생명 볼파크,18:30,22.9
김기중,2023,Hanwha,2023-05-04,@ Doosan,RP,,9.0,4.0,1,28,1,1,3,0,1,1,0,,Away,잠실 야구장,18:30,25.0
김기중,2023,Hanwha,2023-04-30,vs. NC,RP,,0.0,6.0,0 ⅓,11,0,0,0,0,0,2,0,,Home,대전 한화생명 볼파크,14:00,19.1
김기중,2023,Hanwha,2023-04-28,vs. NC,RP,,0.0,1.0,1,10,0,0,1,0,1,0,0,,Home,대전 한화생명 볼파크,18:30,20.8
김기중,2023,Hanwha,2023-04-26,@ Lotte,RP,,0.0,1.0,1,17,0,0,0,0,0,1,0,,Away,사직 야구장,18:30,16.0
김기중,2023,Hanwha,2023-04-22,vs. LG,RP,,0.0,2.0,1,18,1,0,0,0,0,2,0,,Home,대전 한화생명 볼파크,17:00,20.0
김기중,2023,Hanwha,2023-04-21,vs. LG,RP,,0.0,0.0,0 ⅔,3,0,0,0,0,0,0,0,,Home,대전 한화생명 볼파크,18:30,21.6
김기중,2023,Hanwha,2023-04-19,vs. Doosan,RP,,0.0,3.0,0 ⅓,4,0,0,1,0,0,0,0,,Home,대전 한화생명 볼파크,18:30,25.2
김기중,2023,Hanwha,2023-04-15,@ KT,RP,,0.0,0.0,1,16,0,0,0,0,2,0,0,,Away,수원 KT 위즈파크,17:00,13.8
김기중,2023,Hanwha,2023-04-14,@ KT,RP,,0.0,0.0,0 ⅔,9,0,0,0,0,0,0,0,,Away,수원 KT 위즈파크,18:30,19.5
김기중,2023,Hanwha,2023-04-12,@ Kia,RP,,0.0,1.5,1 ⅓,23,0,0,0,0,3,2,0,,Away,광주 기아 챔피언스 필드,18:30,16.2
김기중,2023,Hanwha,2023-04-09,vs. SSG,RP,,0.0,0.0,2,23,0,0,0,0,2,0,0,,Home,대전 한화생명 볼파크,14:00,18.0
김기중,2022,Hanwha,2022-09-29,vs. Doosan,SP,,22.5,3.5,2,49,5,5,6,3,2,1,0,25.0,Home,대전 한화생명 볼파크,18:30,21.9
김기중,2022,Hanwha,2022-09-23,@ SSG,SP,L,6.0,2.0,3,67,4,2,4,1,3,2,1,39.0,Away,인천 SSG 랜더스필드,18:30,18.3
김기중,2022,Hanwha,2022-09-17,@ LG,SP,L,2.25,1.25,4,61,1,1,3,0,1,2,0,51.0,Away,잠실 야구장,17:00,30.0
김기중,2022,Hanwha,2022-05-21,@ Kiwoom,RP,,0.0,1.88,2 ⅔,56,0,0,0,0,2,5,0,,Away,고척 스카이돔,17:00,25.5
김기중,2022,Hanwha,2022-05-19,vs. Samsung,RP,,0.0,6.0,0 ⅓,15,0,0,1,0,0,1,0,,Home,대전 한화생명 볼파크,18:30,23.3
김기중,2021,Hanwha,2021-09-25,@ Doosan,SP,,1.93,1.07,4 ⅔,79,1,1,2,0,3,3,1,55.0,Away,잠실 야구장,17:00,24.1
김기중,2021,Hanwha,2021-09-17,@ Kiwoom,SP,,9.0,3.5,2,47,4,2,3,0,0,4,0,34.0,Away,고척 스카이돔,18:30,25.5
김기중,2021,Hanwha,2021-09-11,vs. Samsung,SP,,6.23,1.85,4 ⅓,87,3,3,7,1,2,1,0,38.0,Home,대전 한화생명 볼파크,17:00,29.5
김기중,2021,Hanwha,2021-09-05,vs. Kia,SP,,6.75,2.25,4,81,3,3,7,0,3,2,0,37.0,Home,대전 한화생명 볼파크,14:00,25.9
김기중,2021,Hanwha,2021-08-31,vs. KT,SP,W,1.5,0.67,6,103,1,1,2,1,6,2,0,68.0,Home,대전 한화생명 볼파크,18:30,26.9
김기중,2021,Hanwha,2021-08-25,@ Kiwoom,SP,W,0.0,1.2,5,87,0,0,3,0,4,3,1,61.0,Away,고척 스카이돔,18:30,25.5
김기중,2021,Hanwha,2021-08-19,vs. Samsung,SP,L,7.36,3.27,3 ⅔,74,5,3,8,0,2,4,0,27.0,Home,대전 한화생명 볼파크,18:30,29.1
김기중,2021,Hanwha,2021-08-14,vs. NC,RP,,0.0,2.14,2 ⅓,50,0,0,2,0,3,3,0,,Home,대전 한화생명 볼파크,18:00,29.1
김기중,2021,Hanwha,2021-07-11,@ SSG,RP,,9.0,2.0,1,18,1,1,2,0,1,0,1,,Away,인천 SSG 랜더스필드,17:00,27.4
김기중,2021,Hanwha,2021-07-05,@ LG,SP,,10.8,3.6,1 ⅔,51,2,2,3,0,1,3,1,38.0,Away,잠실 야구장,18:30,27.2
김기중,2021,Hanwha,2021-06-30,vs. Doosan,RP,,0.0,0.5,2,31,0,0,0,0,2,1,0,,Home,대전 한화생명 볼파크,18:30,29.9
김기중,2021,Hanwha,2021-06-23,@ Samsung,SP,L,4.91,2.45,3 ⅔,78,2,2,5,0,1,4,0,40.0,Away,대구 삼성 라이온즈 파크,18:30,23.0
김기중,2021,Hanwha,2021-06-17,vs. Lotte,SP,L,9.0,2.0,5,93,5,5,8,2,3,2,0,32.0,Home,대전 한화생명 볼파크,18:30,25.4
김기중,2021,Hanwha,2021-06-11,@ KT,SP,,8.31,1.85,4 ⅓,92,4,4,5,0,2,3,0,36.0,Away,수원 KT 위즈파크,18:30,26.0
김기중,2021,Hanwha,2021-06-05,@ NC,SP,L,2.25,1.75,4,69,1,1,6,0,3,1,0,48.0,Away,창원 NC 파크,17:00,24.5
이충호,2024,Hanwha,2024-05-09,@ Lotte,RP,,27.0,9.0,0 ⅓,21,1,1,1,0,1,2,0,,Away,사직 야구장,18:30,18.9
이충호,2024,Hanwha,2024-05-04,@ Kia,RP,,0.0,2.25,1 ⅓,14,0,0,3,0,1,0,0,,Away,광주 기아 챔피언스 필드,17:00,24.2
이충호,2024,Hanwha,2024-05-02,vs. SSG,RP,,0.0,1.5,0 ⅔,10,0,0,0,0,1,1,0,,Home,대전 한화생명 볼파크,18:30,22.4
이충호,2023,Hanwha,2023-09-05,vs. SSG,RP,,0.0,3.0,0 ⅔,19,0,0,1,0,1,1,0,,Home,대전 한화생명 볼파크,18:30,29.2
이충호,2023,Hanwha,2023-09-01,@ LG,RP,,135.0,15.0,0 ⅓,21,5,5,3,0,0,2,0,,Away,잠실 야구장,18:30,27.8
이충호,2023,Hanwha,2023-08-31,vs. Lotte,RP,,0.0,3.0,0 ⅓,7,0,0,1,0,0,0,0,,Home,대전 한화생명 볼파크,18:30,26.1
이충호,2023,Hanwha,2023-08-25,@ Kia,RP,,54.0,6.0,0 ⅓,6,2,2,2,1,0,0,0,,Away,광주 기아 챔피언스 필드,18:30,30.5
이충호,2023,Hanwha,2023-08-18,vs. KT,RP,,9.0,1.0,1,17,1,1,1,1,1,0,0,,Home,대전 한화생명 볼파크,18:30,32.2
이충호,2023,Hanwha,2023-08-17,@ NC,RP,,0.0,2.0,1,13,0,0,2,0,0,0,0,,Away,창원 NC 파크,18:30,29.8
이충호,2023,Hanwha,2023-08-11,vs. Doosan,RP,,0.0,0.75,1 ⅓,20,0,0,0,0,2,1,0,,Home,대전 한화생명 볼파크,18:30,28.1
이충호,2023,Hanwha,2023-08-09,@ KT,RP,,0.0,1.0,1,8,0,0,1,0,0,0,0,,Away,수원 KT 위즈파크,18:30,31.1
이충호,2023,Hanwha,2023-08-08,@ KT,RP,,0.0,0.0,1,10,0,0,0,0,1,0,0,,Away,수원 KT 위즈파크,18:30,34.1
이충호,2023,Hanwha,2023-08-04,@ Kia,RP,,13.5,3.0,0 ⅔,13,1,1,1,0,1,1,0,,Away,광주 기아 챔피언스 필드,18:30,33.9
이충호,2023,Hanwha,2023-07-09,vs. SSG,RP,,0.0,0.0,1,11,0,0,0,0,1,0,1,,Home,대전 한화생명 볼파크,17:00,31.5
이충호,2022,Hanwha,2022-09-22,@ SSG,RP,,0.0,,0,9,2,2,0,0,0,1,1,,Away,인천 SSG 랜더스필드,18:30,21.2
이충호,2022,Hanwha,2022-06-03,vs. Kiwoom,RP,,0.0,2.0,1,18,0,0,1,0,0,1,0,,Home,대전 한화생명 볼파크,18:30,29.3
이충호,2022,Hanwha,2022-06-02,vs. NC,RP,,0.0,3.0,0 ⅓,11,0,0,0,0,1,1,0,,Home,대전 한화생명 볼파크,18:30,27.0
이충호,2022,Hanwha,2022-05-31,vs. NC,RP,,6.75,2.25,1 ⅓,24,1,1,2,1,1,1,0,,Home,대전 한화생명 볼파크,18:30,26.4
이충호,2022,Hanwha,2022-05-28,@ KT,RP,W,9.0,2.5,2,39,2,2,4,0,2,1,0,,Away,수원 KT 위즈파크,17:00,27.1
이충호,2021,Hanwha,2021-10-27,vs. LG,RP,,0.0,0.0,1,11,0,0,0,0,1,0,0,,Home,대전 한화생명 볼파크,18:30,14.7
이충호,2021,Hanwha,2021-10-25,vs. Kiwoom,RP,,9.0,3.0,1,29,2,1,2,0,1,1,1,,Home,대전 한화생명 볼파크,18:30,13.7
이충호,2021,Hanwha,2021-10-21,@ Kia,RP,,9.0,2.0,1,23,1,1,1,0,0,1,0,,Away,광주 기아 챔피언스 필드,18:30,13.5
이충호,2021,Hanwha,2021-10-16,@ KT,RP,,0.0,1.0,1,16,0,0,1,0,0,0,0,,Away,수원 KT 위즈파크,17:00,6.6
이충호,2021,Hanwha,2021-09-12,vs. Samsung,RP,,0.0,,0,4,1,1,0,0,0,1,0,,Home,대전 한화생명 볼파크,14:00,28.7
이충호,2021,Hanwha,2021-09-07,@ NC,RP,,13.5,2.5,2,37,3,3,2,0,3,3,0,,Away,창원 NC 파크,18:30,27.5
이충호,2021,Hanwha,2021-08-24,@ Doosan,RP,,13.5,2.25,1 ⅓,30,2,2,3,0,0,0,1,,Away,잠실 야구장,18:30,27.6
이충호,2021,Hanwha,2021-06-23,@ Samsung,RP,,6.75,1.5,1 ⅓,27,1,1,2,1,0,0,0,,Away,대구 삼성 라이온즈 파크,18:30,23.0
이충호,2021,Hanwha,2021-06-20,vs. SSG,RP,,0.0,1.5,0 ⅔,8,0,0,1,0,1,0,0,,Home,대전 한화생명 볼파크,17:00,28.1
이충호,2021,Hanwha,2021-06-18,vs. SSG,RP,W,0.0,2.0,1,21,1,0,1,0,1,1,0,,Home,대전 한화생명 볼파크,18:30,25.5
이충호,2021,Hanwha,2021-06-16,vs. Lotte,RP,,0.0,1.5,2,30,0,0,2,0,1,1,0,,Home,대전 한화생명 볼파크,18:30,27.2
이충호,2021,Hanwha,2021-06-12,@ KT,RP,,27.0,9.0,0 ⅓,19,2,1,1,0,1,2,0,,Away,수원 KT 위즈파크,17:00,28.5
이충호,2021,Hanwha,2021-06-09,vs. Kiwoom,RP,,0.0,0.0,1,17,0,0,0,0,0,0,1,,Home,대전 한화생명 볼파크,18:30,30.6
이충호,2021,Hanwha,2021-06-06,@ NC,RP,,0.0,,0,16,4,4,2,0,0,2,0,,Away,창원 NC 파크,17:00,24.6
이충호,2021,Hanwha,2021-06-01,vs. Kia,RP,,0.0,0.75,1 ⅓,15,0,0,1,0,1,0,0,,Home,대전 한화생명 볼파크,18:30,26.0
이충호,2021,Hanwha,2021-05-30,vs. SSG,RP,,0.0,3.0,0 ⅓,6,0,0,1,0,0,0,0,,Home,대전 한화생명 볼파크,14:00,27.0
이충호,2021,Hanwha,2021-05-29,vs. SSG,RP,,0.0,1.0,1,23,0,0,0,0,1,1,0,,Home,대전 한화생명 볼파크,17:00,23.2
이민우,2024,Hanwha,2024-09-28,vs. SSG,RP,,0.0,1.0,1,19,0,0,1,0,1,0,0,,Home,대전 한화생명 볼파크,17:00,26.2
이민우,2024,Hanwha,2024-09-25,@ LG,RP,W,0.0,1.0,2,30,0,0,1,0,1,1,0,,Away,잠실 야구장,18:30,26.4
이민우,2024,Hanwha,2024-09-23,vs. Lotte,RP,,0.0,0.0,0 ⅔,10,0,0,0,0,1,0,0,,Home,대전 한화생명 볼파크,18:30,22.6
이민우,2024,Hanwha,2024-09-22,vs. Lotte,RP,,27.0,3.0,0 ⅓,9,1,1,1,0,0,0,0,,Home,대전 한화생명 볼파크,14:00,25.7
이민우,2024,Hanwha,2024-09-18,@ NC,RP,,0.0,4.5,0 ⅔,23,0,0,1,0,1,2,0,,Away,창원 NC 파크,18:30,31.3
이민우,2024,Hanwha,2024-09-15,@ Lotte,RP,,0.0,0.75,1 ⅓,20,0,0,0,0,1,1,0,,Away,사직 야구장,14:00,32.7
이민우,2024,Hanwha,2024-09-14,@ Lotte,RP,,54.0,6.0,0 ⅓,20,2,2,1,0,0,1,0,,Away,사직 야구장,17:00,32.2
이민우,2024,Hanwha,2024-09-12,vs. Samsung,RP,,0.0,0.0,1,13,0,0,0,0,0,0,0,,Home,대전 한화생명 볼파크,18:30,28.8
이민우,2024,Hanwha,2024-09-10,@ SSG,RP,,18.0,3.0,1,27,2,2,3,1,2,0,0,,Away,인천 SSG 랜더스필드,18:30,30.5
이민우,2024,Hanwha,2024-09-07,@ LG,RP,,9.0,2.0,1,20,1,1,2,0,0,0,0,,Away,잠실 야구장,17:00,30.7
이민우,2024,Hanwha,2024-09-05,@ Kia,RP,,6.75,3.0,1 ⅓,36,1,1,1,0,2,3,0,,Away,광주 기아 챔피언스 필드,18:30,30.7
이민우,2024,Hanwha,2024-08-31,vs. KT,RP,,0.0,0.0,0 ⅔,8,0,0,0,0,1,0,0,,Home,대전 한화생명 볼파크,18:00,29.7
이민우,2024,Hanwha,2024-08-29,@ Lotte,RP,,13.5,2.0,2,36,3,3,4,1,3,0,0,,Away,사직 야구장,18:30,31.0
이민우,2024,Hanwha,2024-08-24,@ Doosan,RP,,0.0,,0,4,0,0,0,0,0,1,0,,Away,잠실 야구장,18:00,31.2
이민우,2024,Hanwha,2024-08-09,vs. Kiwoom,RP,,27.0,3.0,0 ⅓,3,1,1,1,0,0,0,0,,Home,대전 한화생명 볼파크,18:30,32.4
이민우,2024,Hanwha,2024-08-07,@ Samsung,RP,,9.0,1.0,1,7,1,1,1,0,0,0,0,,Away,대구 삼성 라이온즈 파크,18:30,32.7
이민우,2024,Hanwha,2024-08-06,@ Samsung,RP,H,0.0,0.0,0 ⅓,1,0,0,0,0,0,0,0,,Away,대구 삼성 라이온즈 파크,18:30,31.2
이민우,2024,Hanwha,2024-08-03,vs. Kia,RP,,18.0,3.0,1,20,2,2,3,0,1,0,0,,Home,대전 한화생명 볼파크,18:00,34.6
이민우,2024,Hanwha,2024-08-01,@ KT,RP,,0.0,6.0,0 ⅓,9,0,0,1,0,0,1,0,,Away,수원 KT 위즈파크,18:30,33.1
이민우,2024,Hanwha,2024-07-31,@ KT,RP,,13.5,3.0,0 ⅔,19,1,1,1,0,1,1,0,,Away,수원 KT 위즈파크,18:30,32.7
이민우,2024,Hanwha,2024-07-28,@ LG,RP,H,0.0,1.5,1 ⅓,26,0,0,0,0,0,2,1,,Away,잠실 야구장,17:00,31.7
이민우,2024,Hanwha,2024-07-23,vs. Samsung,RP,H,0.0,1.0,1,17,0,0,1,0,1,0,0,,Home,대전 한화생명 볼파크,18:30,29.7
이민우,2024,Hanwha,2024-07-21,vs. Kia,RP,H,0.0,0.0,1,9,0,0,0,0,0,0,0,,Home,대전 한화생명 볼파크,17:00,32.4
이민우,2024,Hanwha,2024-07-18,@ NC,RP,,0.0,1.0,1,10,0,0,0,0,0,1,0,,Away,창원 NC 파크,18:30,29.9
이민우,2024,Hanwha,2024-07-14,vs. LG,RP,,0.0,1.5,0 ⅔,11,0,0,1,0,0,0,0,,Home,대전 한화생명 볼파크,17:00,28.7
이민우,2024,Hanwha,2024-07-12,vs. LG,RP,,0.0,0.0,1,19,0,0,0,0,2,0,0,,Home,대전 한화생명 볼파크,18:30,30.4
이민우,2024,Hanwha,2024-07-10,@ Kiwoom,RP,,0.0,3.0,0 ⅓,7,0,0,1,0,0,0,0,,Away,고척 스카이돔,18:30,25.5
이민우,2024,Hanwha,2024-07-03,vs. KT,RP,,0.0,,0,13,1,1,3,0,0,0,0,,Home,대전 한화생명 볼파크,18:30,28.2
이민우,2024,Hanwha,2024-07-02,vs. KT,RP,,0.0,1.0,1,16,0,0,1,0,1,0,0,,Home,대전 한화생명 볼파크,18:30,27.6
이민우,2024,Hanwha,2024-06-28,@ Lotte,RP,,0.0,1.5,1 ⅓,26,2,0,1,0,1,1,0,,Away,사직 야구장,18:30,26.9
이민우,2024,Hanwha,2024-06-27,vs. Doosan,RP,,0.0,1.0,1,15,0,0,1,0,2,0,0,,Home,대전 한화생명 볼파크,18:30,26.8
이민우,2024,Hanwha,2024-06-25,vs. Doosan,RP,,0.0,0.0,1,10,0,0,0,0,0,0,0,,Home,대전 한화생명 볼파크,18:30,25.8
이민우,2024,Hanwha,2024-06-23,@ Kia,RP,,0.0,0.0,1,11,0,0,0,0,0,0,0,,Away,광주 기아 챔피언스 필드,17:00,30.2
이민우,2024,Hanwha,2024-06-19,vs. Kiwoom,RP,,0.0,0.0,1,20,0,0,0,0,1,0,0,,Home,대전 한화생명 볼파크,18:30,31.1
이민우,2024,Hanwha,2024-06-06,@ KT,RP,,0.0,,0,9,0,0,1,0,0,1,0,,Away,수원 KT 위즈파크,18:30,25.6
이민우,2024,Hanwha,2024-06-02,@ Samsung,RP,L,0.0,,0,14,1,1,2,0,0,0,0,,Away,대구 삼성 라이온즈 파크,17:00,21.6
이민우,2024,Hanwha,2024-06-01,@ Samsung,RP,,0.0,2.0,1,23,0,0,1,0,0,1,0,,Away,대구 삼성 라이온즈 파크,17:00,24.0
이민우,2024,Hanwha,2024-05-29,vs. Lotte,RP,H,0.0,1.0,1,20,0,0,1,0,2,0,0,,Home,대전 한화생명 볼파크,18:30,26.7
이민우,2024,Hanwha,2024-05-25,@ SSG,RP,H,0.0,1.0,1,11,0,0,1,0,1,0,0,,Away,인천 SSG 랜더스필드,17:00,19.6
이민우,2024,Hanwha,2024-05-24,@ SSG,RP,H,0.0,0.0,1,12,0,0,0,0,2,0,0,,Away,인천 SSG 랜더스필드,18:30,20.8
이민우,2024,Hanwha,2024-05-22,vs. LG,RP,W,0.0,1.0,1,20,0,0,1,0,1,0,0,,Home,대전 한화생명 볼파크,18:30,25.3
이민우,2024,Hanwha,2024-05-18,@ Samsung,RP,,5.4,0.6,1 ⅔,29,1,1,1,1,2,0,0,,Away,대구 삼성 라이온즈 파크,17:00,22.1
이민우,2024,Hanwha,2024-05-16,vs. NC,RP,,0.0,1.0,1,10,0,0,1,0,1,0,0,,Home,대전 한화생명 볼파크,18:30,18.2
이민우,2024,Hanwha,2024-05-14,vs. NC,RP,,0.0,3.0,0 ⅓,10,0,0,1,0,0,0,0,,Home,대전 한화생명 볼파크,18:30,24.3
이민우,2024,Hanwha,2024-05-12,vs. Kiwoom,RP,,0.0,2.0,1,15,0,0,1,0,1,1,0,,Home,대전 한화생명 볼파크,14:00,22.2
이민우,2024,Hanwha,2024-05-10,vs. Kiwoom,RP,,0.0,1.0,1,12,0,0,1,0,2,0,0,,Home,대전 한화생명 볼파크,18:30,23.4
이민우,2024,Hanwha,2024-05-03,@ Kia,RP,,0.0,1.0,1,15,0,0,1,0,2,0,0,,Away,광주 기아 챔피언스 필드,18:30,24.0
이민우,2024,Hanwha,2024-05-02,vs. SSG,RP,,0.0,0.0,1 ⅓,17,0,0,0,0,2,0,0,,Home,대전 한화생명 볼파크,18:30,22.4
이민우,2024,Hanwha,2024-04-30,vs. SSG,RP,H,0.0,0.0,1,16,0,0,0,0,0,0,0,,Home,대전 한화생명 볼파크,18:30,17.2
이민우,2024,Hanwha,2024-04-27,vs. Doosan,RP,,0.0,1.0,1,18,0,0,0,0,0,1,0,,Home,대전 한화생명 볼파크,17:00,26.7
이민우,2024,Hanwha,2024-04-26,vs. Doosan,RP,,0.0,0.0,1,18,0,0,0,0,1,0,0,,Home,대전 한화생명 볼파크,18:30,22.9
이민우,2024,Hanwha,2024-04-21,vs. Samsung,RP,,0.0,4.5,0 ⅔,23,0,0,2,0,0,1,0,,Home,대전 한화생명 볼파크,14:00,17.2
이민우,2024,Hanwha,2024-04-19,vs. Samsung,RP,,9.0,2.0,1,17,1,1,2,0,1,0,0,,Home,대전 한화생명 볼파크,18:30,23.6
이민우,2024,Hanwha,2024-04-16,@ NC,RP,,0.0,0.0,0 ⅔,7,0,0,0,0,1,0,0,,Away,창원 NC 파크,18:30,21.0
이민우,2024,Hanwha,2024-04-13,vs. Kia,RP,,0.0,3.0,0 ⅓,8,0,0,0,0,0,1,0,,Home,대전 한화생명 볼파크,17:00,27.7
이민우,2024,Hanwha,2024-04-12,vs. Kia,RP,,0.0,3.0,0 ⅓,10,0,0,1,0,0,0,0,,Home,대전 한화생명 볼파크,18:30,23.3
이민우,2024,Hanwha,2024-04-09,@ Doosan,RP,H,9.0,3.0,1,20,1,1,2,1,1,1,0,,Away,잠실 야구장,18:30,19.7
이민우,2024,Hanwha,2024-04-06,@ Kiwoom,RP,,0.0,0.0,1,9,0,0,0,0,0,0,0,,Away,고척 스카이돔,17:00,25.5
이민우,2024,Hanwha,2024-04-04,vs. Lotte,RP,SV,0.0,0.0,0 ⅔,5,0,0,0,0,0,0,0,,Home,대전 한화생명 볼파크,18:30,14.3
이민우,2024,Hanwha,2024-04-02,vs. Lotte,RP,,0.0,0.0,0 ⅔,7,0,0,0,0,1,0,0,,Home,대전 한화생명 볼파크,18:30,22.9
이민우,2024,Hanwha,2024-03-30,vs. KT,RP,,18.0,2.0,1,23,2,2,2,1,2,0,0,,Home,대전 한화생명 볼파크,17:00,16.1
이민우,2024,Hanwha,2024-03-28,@ SSG,RP,,0.0,1.0,1,16,0,0,1,0,1,0,0,,Away,인천 SSG 랜더스필드,18:30,10.9
이민우,2024,Hanwha,2024-03-27,@ SSG,RP,H,0.0,0.0,1,9,0,0,0,0,2,0,0,,Away,인천 SSG 랜더스필드,18:30,10.4
이민우,2024,Hanwha,2024-03-23,@ LG,RP,,13.5,4.5,0 ⅔,22,1,1,2,0,0,1,0,,Away,잠실 야구장,14:00,15.9
이민우,2023,Hanwha,2023-10-16,vs. Lotte,RP,L,54.0,9.0,0 ⅓,22,2,2,2,0,0,1,0,,Home,대전 한화생명 볼파크,18:30,15.7
이민우,2023,Hanwha,2023-10-14,vs. Lotte,RP,,0.0,3.0,0 ⅓,10,0,0,0,0,1,1,0,,Home,대전 한화생명 볼파크,17:00,19.3
이민우,2023,Hanwha,2023-10-10,@ NC,RP,,0.0,0.6,1 ⅔,31,0,0,0,0,1,1,0,,Away,창원 NC 파크,18:30,20.5
이민우,2023,Hanwha,2023-10-09,@ NC,RP,,0.0,1.0,1,19,0,0,1,0,1,0,0,,Away,창원 NC 파크,18:30,20.3
이민우,2023,Hanwha,2023-10-04,@ Samsung,RP,,0.0,1.0,1,17,0,0,0,0,1,1,0,,Away,대구 삼성 라이온즈 파크,18:30,22.8
이민우,2023,Hanwha,2023-10-01,vs. NC,RP,W,0.0,0.0,1,11,0,0,0,0,1,0,0,,Home,대전 한화생명 볼파크,14:00,22.9
이민우,2023,Hanwha,2023-09-28,@ Lotte,RP,,0.0,1.5,0 ⅔,15,0,0,0,0,0,1,0,,Away,사직 야구장,18:30,27.1
이민우,2023,Hanwha,2023-09-27,vs. Samsung,RP,,0.0,0.0,0 ⅓,5,0,0,0,0,0,0,0,,Home,대전 한화생명 볼파크,18:30,24.2
이민우,2023,Hanwha,2023-09-24,@ LG,RP,,0.0,,0,5,2,2,2,2,0,0,0,,Away,잠실 야구장,14:00,24.5
이민우,2023,Hanwha,2023-09-23,@ LG,RP,,0.0,0.0,1,12,0,0,0,0,2,0,0,,Away,잠실 야구장,17:00,26.0
이민우,2023,Hanwha,2023-09-19,vs. SSG,RP,H,0.0,0.0,1,7,0,0,0,0,1,0,0,,Home,대전 한화생명 볼파크,18:30,26.2
이민우,2023,Hanwha,2023-09-18,vs. KT,RP,,0.0,0.0,1,11,0,0,0,0,0,0,0,,Home,대전 한화생명 볼파크,18:30,27.4
이민우,2023,Hanwha,2023-09-17,vs. KT,RP,,0.0,2.0,1,17,0,0,2,0,2,0,0,,Home,대전 한화생명 볼파크,14:00,29.3
이민우,2023,Hanwha,2023-09-12,@ Doosan,RP,,0.0,1.0,1,20,0,0,0,0,1,1,0,,Away,잠실 야구장,18:30,28.0
이민우,2023,Hanwha,2023-09-10,@ Kiwoom,RP,H,0.0,0.0,1,17,0,0,0,0,0,0,0,,Away,고척 스카이돔,14:00,25.5
이민우,2023,Hanwha,2023-09-09,@ Kiwoom,RP,W,0.0,0.0,1,11,0,0,0,0,0,0,0,,Away,고척 스카이돔,17:00,25.5
이민우,2023,Hanwha,2023-09-08,@ Kiwoom,RP,,0.0,3.0,0 ⅓,9,2,0,1,0,0,0,0,,Away,고척 스카이돔,18:30,25.5
이민우,2022,Hanwha,2022-09-11,vs. SSG,RP,,18.0,3.0,1,24,2,2,2,1,1,1,0,,Home,대전 한화생명 볼파크,14:00,27.0
이민우,2022,Hanwha,2022-09-09,@ Doosan,RP,,0.0,0.0,1 ⅓,12,0,0,0,0,2,0,0,,Away,잠실 야구장,18:30,27.0
이민우,2022,Hanwha,2022-08-07,@ KT,RP,,0.0,3.0,0 ⅔,20,0,0,0,0,0,2,0,,Away,수원 KT 위즈파크,17:00,32.4
이민우,2022,Hanwha,2022-08-05,@ KT,RP,,0.0,1.0,1,12,0,0,1,0,1,0,1,,Away,수원 KT 위즈파크,18:30,32.5
이민우,2022,Hanwha,2022-07-30,vs. Doosan,RP,,0.0,1.0,1,13,0,0,1,0,0,0,0,,Home,대전 한화생명 볼파크,18:00,30.6
이민우,2022,Hanwha,2022-07-29,vs. Doosan,RP,,0.0,2.0,1,14,1,0,2,0,0,0,0,,Home,대전 한화생명 볼파크,18:30,33.0
이민우,2022,Hanwha,2022-07-27,@ Samsung,RP,,0.0,0.0,1,19,0,0,0,0,1,0,0,,Away,대구 삼성 라이온즈 파크,18:30,29.0
이민우,2022,Hanwha,2022-07-09,@ Kia,RP,,0.0,0.0,1,17,0,0,0,0,1,0,0,,Away,광주 기아 챔피언스 필드,18:00,31.7
이민우,2022,Hanwha,2022-07-07,vs. NC,RP,,0.0,,0,21,5,5,5,0,0,0,0,,Home,대전 한화생명 볼파크,18:30,31.5
이민우,2022,Hanwha,2022-07-01,@ Kiwoom,RP,,0.0,3.0,0 ⅓,9,0,0,0,0,0,1,0,,Away,고척 스카이돔,18:30,25.5
이민우,2022,Hanwha,2022-06-29,vs. SSG,RP,,0.0,0.5,2,30,0,0,1,0,3,0,0,,Home,대전 한화생명 볼파크,18:30,29.3
이민우,2022,Hanwha,2022-06-25,vs. Samsung,RP,,0.0,1.0,1,13,0,0,0,0,0,1,0,,Home,대전 한화생명 볼파크,17:00,31.7
이민우,2022,Hanwha,2022-06-19,@ NC,RP,,0.0,0.67,3,39,0,0,2,0,1,0,0,,Away,창원 NC 파크,17:00,28.7
이민우,2022,Hanwha,2022-06-09,@ Doosan,RP,,36.0,7.0,1,43,4,4,6,0,0,1,0,,Away,잠실 야구장,18:30,24.6
이민우,2022,Hanwha,2022-06-03,vs. Kiwoom,SP,,4.91,1.91,3 ⅔,77,2,2,5,1,0,2,0,41.0,Home,대전 한화생명 볼파크,18:30,29.3
이민우,2022,Hanwha,2022-05-28,@ KT,SP,,12.0,3.33,3,73,4,4,8,0,1,2,0,26.0,Away,수원 KT 위즈파크,17:00,27.1
이민우,2022,Hanwha,2022-05-22,@ Kiwoom,SP,,9.0,2.33,3,68,3,3,5,0,1,2,0,36.0,Away,고척 스카이돔,14:00,25.5
이민우,2022,Hanwha,2022-05-17,vs. Samsung,SP,W,1.8,0.8,5,72,1,1,4,0,2,0,0,57.0,Home,대전 한화생명 볼파크,18:30,25.7
이민우,2022,Hanwha,2022-05-12,@ LG,RP,,0.0,1.0,3,48,0,0,2,0,5,1,0,,Away,잠실 야구장,18:30,25.2
이민우,2022,Hanwha,2022-05-10,@ LG,RP,,0.0,0.0,0 ⅔,7,0,0,0,0,0,0,0,,Away,잠실 야구장,18:30,24.2
이민우,2022,Hanwha,2022-05-05,@ SSG,RP,,8.1,1.8,3 ⅓,59,4,3,5,1,0,1,0,,Away,인천 SSG 랜더스필드,14:00,21.0
이민우,2022,Hanwha,2022-05-01,@ NC,RP,,0.0,0.0,1,8,0,0,0,0,1,0,0,,Away,창원 NC 파크,14:00,19.6
이민우,2022,Hanwha,2022-04-29,@ NC,RP,,0.0,0.0,0 ⅔,7,0,0,0,0,1,0,0,,Away,창원 NC 파크,18:30,12.0
이민우,2022,Hanwha,2022-04-27,vs. Kiwoom,RP,,0.0,0.5,2,23,0,0,1,0,1,0,0,,Home,대전 한화생명 볼파크,18:30,23.1
이민우,2022,Hanwha,2022-04-09,@ SSG,SP,L,15.75,3.25,4,79,7,7,10,0,1,3,2,10.0,Away,인천 SSG 랜더스필드,17:00,18.3
이민우,2021,Kia,2021-10-23,@ NC,SP,,0.0,1.4,5,75,0,0,6,0,3,1,0,57.0,Away,창원 NC 파크,17:00,16.9
이민우,2021,Kia,2021-10-17,@ Doosan,SP,,6.0,2.33,3,71,2,2,3,0,0,4,0,41.0,Away,잠실 야구장,14:00,8.1
이민우,2021,Kia,2021-10-10,@ Hanwha,SP,,2.25,1.75,4,71,1,1,5,0,1,2,1,46.0,Away,대전 한화생명 볼파크,14:00,28.2
이민우,2021,Kia,2021-10-05,@ Lotte,RP,,27.0,4.0,1,31,3,3,3,0,1,1,0,,Away,사직 야구장,18:30,24.9
이민우,2021,Kia,2021-09-29,@ NC,SP,L,9.0,2.25,4,76,4,4,6,1,1,3,0,32.0,Away,창원 NC 파크,18:30,26.6
이민우,2021,Kia,2021-09-21,vs. KT,RP,,2.25,1.25,4,54,3,1,3,1,1,2,0,,Home,광주 기아 챔피언스 필드,18:30,26.5
이민우,2021,Kia,2021-09-15,vs. Lotte,SP,,9.0,2.33,3,48,3,3,6,0,2,1,0,36.0,Home,광주 기아 챔피언스 필드,18:30,26.9
이민우,2021,Kia,2021-09-12,vs. NC,RP,,0.0,0.0,3,40,0,0,0,0,2,0,0,,Home,광주 기아 챔피언스 필드,14:00,29.7
이민우,2021,Kia,2021-06-25,@ Kiwoom,SP,L,21.0,3.67,3,70,7,7,8,1,1,3,0,13.0,Away,고척 스카이돔,18:30,25.5
이민우,2021,Kia,2021-06-19,@ LG,SP,L,15.75,2.25,4,71,7,7,6,1,1,3,1,19.0,Away,잠실 야구장,17:00,27.1
이민우,2021,Kia,2021-06-13,@ Lotte,SP,W,3.6,1.8,5,83,2,2,5,1,5,4,0,50.0,Away,사직 야구장,17:00,27.2
이민우,2021,Kia,2021-06-06,vs. LG,SP,L,17.18,2.45,3 ⅔,73,7,7,6,1,1,3,1,18.0,Home,광주 기아 챔피언스 필드,17:00,26.3
이민우,2021,Kia,2021-05-30,vs. KT,SP,,4.5,1.0,6,95,3,3,5,0,4,1,1,52.0,Home,광주 기아 챔피언스 필드,14:00,28.7
이민우,2021,Kia,2021-04-24,vs. Samsung,SP,L,11.25,2.0,4,79,5,5,8,2,0,0,0,26.0,Home,광주 기아 챔피언스 필드,17:00,21.9
이민우,2021,Kia,2021-04-13,vs. Lotte,SP,L,27.0,5.0,2,56,6,6,7,0,2,3,0,17.0,Home,광주 기아 챔피언스 필드,18:30,7.8
이민우,2021,Kia,2021-04-07,@ Kiwoom,RP,,0.0,0.43,2 ⅓,46,0,0,1,0,3,0,1,,Away,고척 스카이돔,18:30,25.5
이민우,2020,Kia,2020-10-08,vs. Hanwha,SP,,13.5,3.38,2 ⅔,68,4,4,7,0,0,2,0,26.0,Home,광주 기아 챔피언스 필드,18:30,20.5
이민우,2020,Kia,2020-10-03,@ Doosan,SP,L,27.0,5.0,1,46,3,3,3,0,1,2,0,34.0,Away,잠실 야구장,17:00,21.4
이민우,2020,Kia,2020-09-26,vs. Lotte,SP,L,94.5,12.0,0 ⅔,41,7,7,6,0,0,2,0,10.0,Home,광주 기아 챔피언스 필드,17:00,23.8
이민우,2020,Kia,2020-09-15,vs. SK,SP,L,13.5,3.0,3 ⅓,75,6,5,6,0,3,4,0,25.0,Home,광주 기아 챔피언스 필드,18:30,25.8
이민우,2020,Kia,2020-09-05,@ Hanwha,SP,W,4.05,1.2,6 ⅔,90,3,3,5,0,4,3,0,53.0,Away,대전 한화생명 볼파크,17:00,25.0
이민우,2020,Kia,2020-08-30,vs. KT,SP,W,7.2,1.4,5,76,4,4,6,1,4,1,0,42.0,Home,광주 기아 챔피언스 필드,17:00,32.5
이민우,2020,Kia,2020-08-25,@ Doosan,SP,,1.93,1.71,4 ⅔,91,3,1,5,1,2,3,0,45.0,Away,잠실 야구장,18:30,32.3
이민우,2020,Kia,2020-08-19,@ LG,SP,L,13.5,3.6,3 ⅓,89,5,5,8,0,2,4,0,22.0,Away,잠실 야구장,18:30,30.6
이민우,2020,Kia,2020-08-13,@ LG,SP,L,4.5,1.5,6,94,3,3,7,1,5,2,1,48.0,Away,잠실 야구장,18:30,31.5
이민우,2020,Kia,2020-08-04,vs. LG,SP,L,10.8,1.6,5,95,6,6,6,2,5,2,1,33.0,Home,광주 기아 챔피언스 필드,18:30,31.4
이민우,2020,Kia,2020-07-19,vs. Doosan,SP,,6.0,1.17,6,79,4,4,7,1,1,0,1,42.0,Home,광주 기아 챔피언스 필드,17:00,30.5
이민우,2020,Kia,2020-07-14,@ Samsung,SP,L,7.2,1.6,5,87,4,4,7,1,3,1,0,39.0,Away,대구 삼성 라이온즈 파크,18:30,22.4
이민우,2020,Kia,2020-07-08,vs. KT,SP,L,7.2,1.6,5,92,4,4,6,0,2,2,0,39.0,Home,광주 기아 챔피언스 필드,18:30,28.6
이민우,2020,Kia,2020-07-02,vs. Hanwha,SP,W,1.5,1.67,6,100,1,1,6,1,5,4,0,57.0,Home,광주 기아 챔피언스 필드,18:30,27.2
이민우,2020,Kia,2020-06-17,vs. NC,SP,,5.4,1.2,5,86,3,3,4,1,2,2,2,45.0,Home,광주 기아 챔피언스 필드,18:30,25.1
이민우,2020,Kia,2020-06-11,@ KT,SP,L,18.9,3.6,3 ⅓,72,8,7,11,2,2,1,0,9.0,Away,수원 KT 위즈파크,18:30,28.9
이민우,2020,Kia,2020-06-05,@ Doosan,SP,L,6.75,1.05,6 ⅔,93,5,5,6,0,3,1,0,44.0,Away,잠실 야구장,18:30,27.4
이민우,2020,Kia,2020-05-30,vs. LG,SP,W,1.29,0.71,7,97,2,1,3,0,8,2,0,71.0,Home,광주 기아 챔피언스 필드,17:00,24.8
이민우,2020,Kia,2020-05-24,@ SK,SP,,1.29,0.71,7,102,3,1,3,0,2,2,1,62.0,Away,인천 SSG 랜더스필드,14:00,16.0
이민우,2020,Kia,2020-05-19,vs. Lotte,SP,W,3.0,1.17,6,83,2,2,4,0,6,3,0,59.0,Home,광주 기아 챔피언스 필드,18:30,14.5
이민우,2020,Kia,2020-05-13,@ Hanwha,SP,W,5.4,1.8,5,83,3,3,8,0,3,1,0,41.0,Away,대전 한화생명 볼파크,18:30,20.6
이민우,2020,Kia,2020-05-07,vs. Kiwoom,SP,,6.35,1.41,5 ⅔,92,4,4,5,0,4,3,0,44.0,Home,광주 기아 챔피언스 필드,18:30,22.5
장시환,2024,Hanwha,2024-08-21,vs. NC,RP,,0.0,6.0,0 ⅔,28,4,0,2,1,0,2,0,,Home,대전 한화생명 볼파크,18:30,32.4
장시환,2024,Hanwha,2024-08-18,@ SSG,RP,,0.0,2.0,1,19,0,0,1,0,2,1,0,,Away,인천 SSG 랜더스필드,17:00,32.3
장시환,2024,Hanwha,2024-06-21,@ Kia,RP,,21.6,2.4,1 ⅔,29,4,4,3,1,0,1,0,,Away,광주 기아 챔피언스 필드,18:30,29.8
장시환,2024,Hanwha,2024-06-19,vs. Kiwoom,RP,,9.0,3.0,1,28,4,1,3,1,0,0,0,,Home,대전 한화생명 볼파크,18:30,31.1
장시환,2024,Hanwha,2024-06-15,vs. SSG,RP,,0.0,2.0,1,24,1,0,1,0,1,1,0,,Home,대전 한화생명 볼파크,17:00,28.4
장시환,2024,Hanwha,2024-06-13,@ Doosan,RP,,18.0,3.0,1,22,2,2,3,0,2,0,0,,Away,잠실 야구장,18:30,29.2
장시환,2024,Hanwha,2024-06-09,vs. NC,RP,,0.0,2.0,2,35,0,0,3,0,3,1,0,,Home,대전 한화생명 볼파크,17:00,28.7
장시환,2024,Hanwha,2024-06-07,vs. NC,RP,,0.0,0.6,1 ⅔,32,0,0,1,0,2,0,0,,Home,대전 한화생명 볼파크,18:30,25.3
장시환,2024,Hanwha,2024-06-05,@ KT,RP,,0.0,1.0,1,14,0,0,0,0,1,1,0,,Away,수원 KT 위즈파크,18:30,22.8
장시환,2024,Hanwha,2024-05-31,@ Samsung,RP,,4.5,1.0,2,32,1,1,2,0,3,0,0,,Away,대구 삼성 라이온즈 파크,18:30,21.8
장시환,2024,Hanwha,2024-05-29,vs. Lotte,RP,H,0.0,2.0,1,27,0,0,0,0,0,2,0,,Home,대전 한화생명 볼파크,18:30,26.7
장시환,2024,Hanwha,2024-05-23,vs. LG,RP,,27.0,5.0,1,39,3,3,3,0,2,2,0,,Home,대전 한화생명 볼파크,18:30,27.9
장시환,2024,Hanwha,2024-05-22,vs. LG,RP,,0.0,0.6,1 ⅔,25,0,0,1,0,1,0,0,,Home,대전 한화생명 볼파크,18:30,25.3
장시환,2024,Hanwha,2024-05-19,@ Samsung,RP,,0.0,1.0,1,15,0,0,0,0,0,1,0,,Away,대구 삼성 라이온즈 파크,14:00,24.4
장시환,2024,Hanwha,2024-05-18,@ Samsung,RP,,0.0,0.0,1,13,0,0,0,0,1,0,0,,Away,대구 삼성 라이온즈 파크,17:00,22.1
장시환,2024,Hanwha,2024-05-16,vs. NC,RP,,0.0,0.75,1 ⅓,19,0,0,1,0,1,0,0,,Home,대전 한화생명 볼파크,18:30,18.2
장시환,2024,Hanwha,2024-05-14,vs. NC,RP,,0.0,0.0,1,16,0,0,0,0,0,0,1,,Home,대전 한화생명 볼파크,18:30,24.3
장시환,2024,Hanwha,2024-05-11,vs. Kiwoom,RP,,0.0,1.0,1,21,0,0,0,0,2,1,0,,Home,대전 한화생명 볼파크,17:00,23.9
장시환,2024,Hanwha,2024-05-09,@ Lotte,RP,,54.0,6.0,0 ⅓,9,2,2,1,0,0,1,0,,Away,사직 야구장,18:30,18.9
장시환,2024,Hanwha,2024-05-04,@ Kia,RP,,0.0,2.0,1,20,0,0,2,0,0,0,0,,Away,광주 기아 챔피언스 필드,17:00,24.2
장시환,2024,Hanwha,2024-05-01,vs. SSG,RP,,40.5,4.5,0 ⅔,19,3,3,1,0,0,2,0,,Home,대전 한화생명 볼파크,18:30,19.5
장시환,2024,Hanwha,2024-04-27,vs. Doosan,RP,W,0.0,1.2,1 ⅔,19,0,0,2,0,0,0,0,,Home,대전 한화생명 볼파크,17:00,26.7
장시환,2024,Hanwha,2024-04-23,@ KT,RP,,0.0,3.0,0 ⅓,9,0,0,0,0,0,1,0,,Away,수원 KT 위즈파크,18:30,19.2
장시환,2024,Hanwha,2024-04-20,vs. Samsung,RP,,0.0,2.0,1,22,0,0,2,0,0,0,0,,Home,대전 한화생명 볼파크,17:00,14.4
장시환,2024,Hanwha,2024-04-17,@ NC,RP,L,13.5,3.0,0 ⅔,15,1,1,0,0,0,2,0,,Away,창원 NC 파크,18:30,18.0
장시환,2024,Hanwha,2024-04-16,@ NC,RP,W,0.0,1.5,1 ⅓,23,0,0,1,0,2,1,0,,Away,창원 NC 파크,18:30,21.0
장시환,2024,Hanwha,2024-04-14,vs. Kia,RP,L,27.0,3.0,0 ⅔,14,2,2,1,0,0,1,0,,Home,대전 한화생명 볼파크,14:00,27.7
장시환,2024,Hanwha,2024-04-13,vs. Kia,RP,,0.0,0.0,1,8,0,0,0,0,1,0,0,,Home,대전 한화생명 볼파크,17:00,27.7
장시환,2024,Hanwha,2024-04-11,@ Doosan,RP,H,0.0,1.0,1,15,0,0,0,0,0,1,0,,Away,잠실 야구장,18:30,20.1
장시환,2024,Hanwha,2024-04-09,@ Doosan,RP,,0.0,0.0,1 ⅔,29,0,0,0,0,4,0,0,,Away,잠실 야구장,18:30,19.7
장시환,2023,Hanwha,2023-10-15,vs. Lotte,RP,,0.0,1.0,1,6,0,0,1,0,0,0,0,,Home,대전 한화생명 볼파크,14:00,19.0
장시환,2023,Hanwha,2023-10-14,vs. Lotte,RP,H,0.0,0.0,0 ⅓,2,0,0,0,0,0,0,0,,Home,대전 한화생명 볼파크,17:00,19.3
장시환,2023,Hanwha,2023-10-08,@ KT,RP,,0.0,1.2,1 ⅔,21,0,0,2,0,0,0,0,,Away,수원 KT 위즈파크,14:00,19.4
장시환,2023,Hanwha,2023-10-06,@ SSG,RP,,0.0,1.5,0 ⅔,15,0,0,0,0,1,1,0,,Away,인천 SSG 랜더스필드,18:30,19.1
장시환,2023,Hanwha,2023-10-04,@ Samsung,RP,,0.0,3.0,0 ⅓,8,0,0,1,0,0,0,0,,Away,대구 삼성 라이온즈 파크,18:30,22.8
장시환,2023,Hanwha,2023-10-02,vs. NC,RP,,0.0,3.0,1,26,0,0,1,0,1,2,0,,Home,대전 한화생명 볼파크,18:30,20.1
장시환,2023,Hanwha,2023-09-29,@ Lotte,RP,,0.0,3.0,1,21,0,0,2,0,1,1,0,,Away,사직 야구장,18:30,24.6
장시환,2023,Hanwha,2023-09-27,vs. Samsung,RP,L,54.0,6.0,0 ⅓,12,2,2,1,0,0,1,0,,Home,대전 한화생명 볼파크,18:30,24.2
장시환,2023,Hanwha,2023-09-24,@ LG,RP,,0.0,1.0,1,23,0,0,1,0,0,0,0,,Away,잠실 야구장,14:00,24.5
장시환,2023,Hanwha,2023-09-22,vs. Kiwoom,RP,,0.0,6.0,0 ⅓,14,0,0,1,0,1,1,0,,Home,대전 한화생명 볼파크,18:30,21.8
장시환,2023,Hanwha,2023-09-18,vs. KT,RP,,0.0,1.0,1,22,0,0,0,0,2,1,0,,Home,대전 한화생명 볼파크,18:30,27.4
장시환,2023,Hanwha,2023-09-17,vs. KT,RP,,0.0,2.0,1,21,0,0,2,0,0,0,0,,Home,대전 한화생명 볼파크,14:00,29.3
장시환,2023,Hanwha,2023-09-15,vs. LG,RP,,0.0,,0,0,0,0,0,0,0,0,0,,Home,대전 한화생명 볼파크,18:30,25.1
장시환,2023,Hanwha,2023-09-08,@ Kiwoom,RP,,0.0,9.0,0 ⅓,18,0,0,1,0,0,2,0,,Away,고척 스카이돔,18:30,25.5
장시환,2023,Hanwha,2023-09-06,vs. SSG,RP,W,0.0,1.0,1,16,0,0,0,0,0,1,0,,Home,대전 한화생명 볼파크,18:30,28.2
장시환,2023,Hanwha,2023-09-05,vs. SSG,RP,H,13.5,3.0,1 ⅓,22,2,2,2,0,0,2,0,,Home,대전 한화생명 볼파크,18:30,29.2
장시환,2023,Hanwha,2023-09-02,@ LG,RP,,0.0,,0,6,3,3,2,1,0,0,1,,Away,잠실 야구장,17:00,28.8
장시환,2023,Hanwha,2023-08-31,vs. Lotte,RP,,9.0,2.0,1,28,1,1,2,0,1,0,1,,Home,대전 한화생명 볼파크,18:30,26.1
장시환,2023,Hanwha,2023-08-27,@ Kia,RP,,0.0,0.0,1,9,0,0,0,0,2,0,0,,Away,광주 기아 챔피언스 필드,17:00,31.9
장시환,2023,Hanwha,2023-08-22,vs. Samsung,RP,H,0.0,0.0,1,13,0,0,0,0,1,0,0,,Home,대전 한화생명 볼파크,18:30,29.9
장시환,2023,Hanwha,2023-08-19,vs. KT,RP,,0.0,1.0,1,16,0,0,1,0,2,0,0,,Home,대전 한화생명 볼파크,18:00,32.4
장시환,2023,Hanwha,2023-08-18,vs. KT,RP,H,0.0,0.0,1,13,0,0,0,0,0,0,0,,Home,대전 한화생명 볼파크,18:30,32.2
장시환,2023,Hanwha,2023-08-16,@ NC,RP,H,0.0,1.0,1,13,0,0,0,0,0,1,0,,Away,창원 NC 파크,18:30,28.8
장시환,2023,Hanwha,2023-08-15,@ NC,RP,,0.0,0.0,1 ⅔,21,0,0,0,0,1,0,0,,Away,창원 NC 파크,18:30,29.8
장시환,2023,Hanwha,2023-08-13,vs. Doosan,RP,,0.0,1.0,1,13,0,0,1,0,1,0,0,,Home,대전 한화생명 볼파크,17:00,31.9
장시환,2023,Hanwha,2023-08-12,vs. Doosan,RP,H,0.0,0.0,1,13,0,0,0,0,2,0,0,,Home,대전 한화생명 볼파크,18:00,28.6
장시환,2023,Hanwha,2023-08-06,@ Kia,RP,H,0.0,1.0,1,18,0,0,0,0,0,1,0,,Away,광주 기아 챔피언스 필드,17:00,34.6
장시환,2023,Hanwha,2023-08-05,@ Kia,RP,,0.0,0.5,2,23,0,0,0,0,0,1,0,,Away,광주 기아 챔피언스 필드,18:00,35.1
장시환,2023,Hanwha,2023-08-02,vs. Doosan,RP,,0.0,2.0,1,25,0,0,1,0,3,1,0,,Home,대전 한화생명 볼파크,18:30,32.8
장시환,2023,Hanwha,2023-07-30,@ SSG,RP,,54.0,3.0,0 ⅓,8,2,2,1,0,0,0,1,,Away,인천 SSG 랜더스필드,17:00,33.6
장시환,2023,Hanwha,2023-07-29,@ SSG,RP,,0.0,1.0,1,5,0,0,1,0,0,0,0,,Away,인천 SSG 랜더스필드,18:00,30.8
장시환,2023,Hanwha,2023-07-26,@ Kiwoom,RP,SV,0.0,1.0,1,17,0,0,0,0,1,1,0,,Away,고척 스카이돔,18:30,25.5
장시환,2023,Hanwha,2023-07-25,@ Kiwoom,RP,W,0.0,0.0,1,7,0,0,0,0,0,0,0,,Away,고척 스카이돔,18:30,25.5
장시환,2023,Hanwha,2023-07-21,vs. NC,RP,,0.0,0.0,1,14,0,0,0,0,1,0,0,,Home,대전 한화생명 볼파크,18:30,29.2
장시환,2023,Hanwha,2023-07-08,vs. SSG,RP,,0.0,1.5,1 ⅓,16,0,0,1,0,1,1,0,,Home,대전 한화생명 볼파크,18:00,29.9
장시환,2023,Hanwha,2023-07-06,vs. Lotte,RP,,0.0,1.0,1,15,0,0,0,0,1,1,0,,Home,대전 한화생명 볼파크,18:30,28.6
장시환,2023,Hanwha,2023-04-07,vs. SSG,RP,,54.0,6.0,0 ⅓,10,2,2,2,0,0,0,1,,Home,대전 한화생명 볼파크,18:30,11.9
장시환,2023,Hanwha,2023-04-06,@ Samsung,RP,,0.0,3.0,1,26,0,0,2,0,1,1,0,,Away,대구 삼성 라이온즈 파크,18:30,13.8
장시환,2023,Hanwha,2023-04-01,@ Kiwoom,RP,L,13.5,6.0,0 ⅔,22,1,1,3,0,0,1,0,,Away,고척 스카이돔,14:00,25.5
장시환,2022,Hanwha,2022-10-08,@ NC,RP,,0.0,1.0,1,11,0,0,1,0,0,0,0,,Away,창원 NC 파크,17:00,18.7
장시환,2022,Hanwha,2022-10-06,vs. Kiwoom,RP,H,0.0,0.0,1,15,0,0,0,0,1,0,0,,Home,대전 한화생명 볼파크,18:30,17.8
장시환,2022,Hanwha,2022-10-03,vs. SSG,RP,H,0.0,1.0,1,12,0,0,1,0,2,0,0,,Home,대전 한화생명 볼파크,18:30,25.2
장시환,2022,Hanwha,2022-09-30,vs. Lotte,RP,,0.0,1.5,0 ⅔,17,0,0,0,0,1,1,0,,Home,대전 한화생명 볼파크,18:30,22.7
장시환,2022,Hanwha,2022-09-29,vs. Doosan,RP,,0.0,1.0,1,12,0,0,1,0,1,0,0,,Home,대전 한화생명 볼파크,18:30,21.9
장시환,2022,Hanwha,2022-09-24,@ LG,RP,H,0.0,2.0,1,31,0,0,0,0,1,2,0,,Away,잠실 야구장,17:00,22.9
장시환,2022,Hanwha,2022-09-22,@ SSG,RP,L,40.5,4.5,0 ⅔,16,3,3,2,0,0,1,0,,Away,인천 SSG 랜더스필드,18:30,21.2
장시환,2022,Hanwha,2022-09-20,vs. Lotte,RP,H,0.0,0.6,1 ⅔,26,0,0,1,0,2,0,0,,Home,대전 한화생명 볼파크,18:30,20.7
장시환,2022,Hanwha,2022-09-16,@ Kia,RP,,0.0,1.2,1 ⅔,36,1,0,2,0,3,0,0,,Away,광주 기아 챔피언스 필드,18:30,29.0
장시환,2022,Hanwha,2022-09-15,@ Kia,RP,,0.0,3.0,0 ⅓,9,0,0,0,0,0,1,0,,Away,광주 기아 챔피언스 필드,18:30,28.9
장시환,2022,Hanwha,2022-09-14,vs. KT,RP,H,0.0,0.0,0 ⅓,7,0,0,0,0,0,0,0,,Home,대전 한화생명 볼파크,18:30,25.3
장시환,2022,Hanwha,2022-09-10,vs. SSG,RP,,0.0,0.0,1,12,0,0,0,0,2,0,0,,Home,대전 한화생명 볼파크,17:00,24.6
장시환,2022,Hanwha,2022-09-06,@ KT,RP,,0.0,,0,17,4,1,2,0,0,2,0,,Away,수원 KT 위즈파크,18:30,25.1
장시환,2022,Hanwha,2022-09-03,vs. NC,RP,,0.0,1.0,1,14,0,0,0,0,0,1,0,,Home,대전 한화생명 볼파크,17:00,25.6
장시환,2022,Hanwha,2022-08-31,vs. Kia,RP,,0.0,1.0,1,20,0,0,1,0,0,0,0,,Home,대전 한화생명 볼파크,18:30,24.3
장시환,2022,Hanwha,2022-08-28,@ Samsung,RP,,0.0,2.0,1,26,0,0,1,0,3,1,0,,Away,대구 삼성 라이온즈 파크,17:00,25.5
장시환,2022,Hanwha,2022-08-26,vs. Doosan,RP,H,0.0,0.0,1,13,0,0,0,0,2,0,0,,Home,대전 한화생명 볼파크,18:30,27.1
장시환,2022,Hanwha,2022-08-20,@ Lotte,RP,,9.0,2.0,1,16,1,1,2,1,1,0,0,,Away,사직 야구장,18:00,28.0
장시환,2022,Hanwha,2022-08-19,vs. Samsung,RP,,18.0,2.0,1,23,2,2,1,1,1,1,0,,Home,대전 한화생명 볼파크,18:30,30.7
장시환,2022,Hanwha,2022-08-14,vs. Kiwoom,RP,,6.75,1.5,1 ⅓,27,1,1,2,0,0,0,0,,Home,대전 한화생명 볼파크,17:00,31.3
장시환,2022,Hanwha,2022-08-12,vs. LG,RP,,0.0,1.0,1,12,0,0,0,0,1,1,0,,Home,대전 한화생명 볼파크,18:30,30.9
장시환,2022,Hanwha,2022-08-07,@ KT,RP,,0.0,0.0,1 ⅔,17,0,0,0,0,2,0,0,,Away,수원 KT 위즈파크,17:00,32.4
장시환,2022,Hanwha,2022-08-06,@ KT,RP,,0.0,0.0,0 ⅓,5,0,0,0,0,1,0,0,,Away,수원 KT 위즈파크,18:00,33.0
장시환,2022,Hanwha,2022-08-04,vs. Kia,RP,H,0.0,2.0,1,19,0,0,1,0,0,1,0,,Home,대전 한화생명 볼파크,18:30,32.8
장시환,2022,Hanwha,2022-07-29,vs. Doosan,RP,L,135.0,18.0,0 ⅓,17,5,5,3,0,0,3,0,,Home,대전 한화생명 볼파크,18:30,33.0
장시환,2022,Hanwha,2022-07-28,@ Samsung,RP,,9.0,2.0,1,22,1,1,1,0,2,1,0,,Away,대구 삼성 라이온즈 파크,18:30,30.7
장시환,2022,Hanwha,2022-07-26,@ Samsung,RP,SV,0.0,1.0,1,22,1,0,1,0,2,0,0,,Away,대구 삼성 라이온즈 파크,18:30,28.6
장시환,2022,Hanwha,2022-07-24,vs. KT,RP,,9.0,3.0,1,30,1,1,2,0,1,1,0,,Home,대전 한화생명 볼파크,17:00,28.5
장시환,2022,Hanwha,2022-07-10,@ Kia,RP,L,27.0,3.75,1 ⅓,37,4,4,3,0,2,2,0,,Away,광주 기아 챔피언스 필드,17:00,32.8
장시환,2022,Hanwha,2022-07-06,vs. NC,RP,L,9.0,3.0,1,21,1,1,2,0,2,1,0,,Home,대전 한화생명 볼파크,18:30,32.7
장시환,2022,Hanwha,2022-07-05,vs. NC,RP,,0.0,0.0,1,21,0,0,0,0,0,0,0,,Home,대전 한화생명 볼파크,18:30,32.4
장시환,2022,Hanwha,2022-07-03,@ Kiwoom,RP,,0.0,0.75,1 ⅓,19,0,0,0,0,2,1,0,,Away,고척 스카이돔,14:00,25.5
장시환,2022,Hanwha,2022-06-28,vs. SSG,RP,SV,0.0,1.0,1,12,0,0,1,0,1,0,0,,Home,대전 한화생명 볼파크,18:30,30.4
장시환,2022,Hanwha,2022-06-24,vs. Samsung,RP,SV,0.0,1.0,1,14,0,0,1,0,1,0,0,,Home,대전 한화생명 볼파크,18:30,27.6
장시환,2022,Hanwha,2022-06-19,@ NC,RP,,0.0,6.0,0 ⅓,10,0,0,2,0,0,0,0,,Away,창원 NC 파크,17:00,28.7
장시환,2022,Hanwha,2022-06-17,@ NC,RP,,0.0,0.0,1,16,0,0,0,0,1,0,0,,Away,창원 NC 파크,18:30,25.6
장시환,2022,Hanwha,2022-06-16,vs. Lotte,RP,,0.0,1.0,1,25,1,0,1,0,2,0,0,,Home,대전 한화생명 볼파크,18:30,25.6
장시환,2022,Hanwha,2022-06-12,@ SSG,RP,,0.0,2.0,1,23,0,0,1,0,1,1,0,,Away,인천 SSG 랜더스필드,17:00,24.9
장시환,2022,Hanwha,2022-06-08,@ Doosan,RP,,0.0,1.0,1,18,0,0,1,0,0,0,0,,Away,잠실 야구장,18:30,24.9
장시환,2022,Hanwha,2022-06-04,vs. Kiwoom,RP,,18.0,2.0,1,27,2,2,2,1,0,0,0,,Home,대전 한화생명 볼파크,17:00,28.5
장시환,2022,Hanwha,2022-06-01,vs. NC,RP,SV,0.0,0.0,1,13,0,0,0,0,2,0,0,,Home,대전 한화생명 볼파크,18:30,25.2
장시환,2022,Hanwha,2022-05-28,@ KT,RP,SV,0.0,0.75,1 ⅓,20,0,0,0,0,1,1,0,,Away,수원 KT 위즈파크,17:00,27.1
장시환,2022,Hanwha,2022-05-27,@ KT,RP,,0.0,1.0,1,14,0,0,1,0,2,0,0,,Away,수원 KT 위즈파크,18:30,21.3
장시환,2022,Hanwha,2022-05-24,vs. Doosan,RP,SV,0.0,3.0,0 ⅓,10,0,0,0,0,0,1,0,,Home,대전 한화생명 볼파크,18:30,29.7
장시환,2022,Hanwha,2022-05-22,@ Kiwoom,RP,SV,9.0,2.0,1,18,1,1,2,0,2,0,0,,Away,고척 스카이돔,14:00,25.5
장시환,2022,Hanwha,2022-05-19,vs. Samsung,RP,,0.0,0.0,1 ⅓,19,0,0,0,0,0,0,0,,Home,대전 한화생명 볼파크,18:30,23.3
장시환,2022,Hanwha,2022-05-17,vs. Samsung,RP,SV,18.0,3.0,1,26,2,2,3,0,2,0,0,,Home,대전 한화생명 볼파크,18:30,25.7
장시환,2022,Hanwha,2022-05-15,vs. Lotte,RP,,5.4,1.2,1 ⅔,27,1,1,2,0,2,0,0,,Home,대전 한화생명 볼파크,14:00,20.7
장시환,2022,Hanwha,2022-05-14,vs. Lotte,RP,,18.0,2.0,1,20,2,2,2,1,1,0,0,,Home,대전 한화생명 볼파크,17:00,20.6
장시환,2022,Hanwha,2022-05-12,@ LG,RP,,0.0,2.0,1,17,0,0,1,0,2,1,0,,Away,잠실 야구장,18:30,25.2
장시환,2022,Hanwha,2022-05-07,vs. Kia,RP,,0.0,1.0,1,18,0,0,0,0,1,1,0,,Home,대전 한화생명 볼파크,17:00,23.3
장시환,2022,Hanwha,2022-05-04,@ SSG,RP,SV,0.0,0.0,1,9,0,0,0,0,0,0,0,,Away,인천 SSG 랜더스필드,18:30,18.1
장시환,2022,Hanwha,2022-05-01,@ NC,RP,SV,0.0,1.0,1,16,0,0,0,0,1,1,0,,Away,창원 NC 파크,14:00,19.6
장시환,2022,Hanwha,2022-04-30,@ NC,RP,SV,0.0,0.0,1,14,0,0,0,0,0,0,0,,Away,창원 NC 파크,17:00,16.7
장시환,2022,Hanwha,2022-04-26,vs. Kiwoom,RP,SV,0.0,0.0,1,12,0,0,0,0,1,0,0,,Home,대전 한화생명 볼파크,18:30,23.0
장시환,2022,Hanwha,2022-04-22,vs. SSG,RP,SV,0.0,0.0,1,11,0,0,0,0,0,0,0,,Home,대전 한화생명 볼파크,18:30,19.0
장시환,2022,Hanwha,2022-04-21,@ Lotte,RP,SV,0.0,0.0,1,11,0,0,0,0,0,0,0,,Away,사직 야구장,18:30,14.4
장시환,2022,Hanwha,2022-04-19,@ Lotte,RP,,0.0,3.0,1,32,0,0,1,0,0,2,0,,Away,사직 야구장,18:30,17.4
장시환,2022,Hanwha,2022-04-17,vs. LG,RP,,0.0,1.0,1,7,0,0,0,0,0,1,0,,Home,대전 한화생명 볼파크,14:00,20.8
장시환,2022,Hanwha,2022-04-15,vs. LG,RP,,18.0,3.0,1,27,2,2,3,0,2,0,0,,Home,대전 한화생명 볼파크,18:30,16.9
장시환,2022,Hanwha,2022-04-10,vs. KT,RP,H,0.0,2.0,1,27,0,0,0,0,1,2,1,,Home,대전 한화생명 볼파크,14:00,26.7
장시환,2022,Hanwha,2022-04-08,vs. KT,RP,H,0.0,0.5,2,38,0,0,0,0,5,1,0,,Home,대전 한화생명 볼파크,18:30,20.8
장시환,2022,Hanwha,2022-04-05,@ Kia,RP,L,9.0,2.0,1,15,1,1,2,0,0,0,0,,Away,광주 기아 챔피언스 필드,18:30,15.2
장시환,2022,Hanwha,2022-04-03,@ Doosan,RP,,0.0,1.0,1,14,0,0,1,0,1,0,0,,Away,잠실 야구장,14:00,16.0
장시환,2021,Hanwha,2021-09-16,@ Kiwoom,RP,,0.0,,0,7,2,1,2,0,0,0,1,,Away,고척 스카이돔,18:30,25.5
장시환,2021,Hanwha,2021-09-12,vs. Samsung,RP,H,9.0,1.0,1,15,1,1,1,0,1,0,0,,Home,대전 한화생명 볼파크,14:00,28.7
장시환,2021,Hanwha,2021-09-07,@ NC,SP,L,22.09,2.73,3 ⅔,89,9,9,6,1,4,4,1,12.0,Away,창원 NC 파크,18:30,27.5
장시환,2021,Hanwha,2021-09-01,vs. KT,SP,L,8.31,2.08,4 ⅓,89,4,4,6,0,5,3,1,36.0,Home,대전 한화생명 볼파크,18:30,26.4
장시환,2021,Hanwha,2021-08-26,@ Kiwoom,SP,,2.57,0.86,7,93,2,2,5,1,4,1,0,62.0,Away,고척 스카이돔,18:30,25.5
장시환,2021,Hanwha,2021-08-20,@ Doosan,SP,L,6.0,1.33,6,105,4,4,8,0,2,0,1,41.0,Away,잠실 야구장,18:30,29.0
장시환,2021,Hanwha,2021-08-14,vs. NC,SP,,22.5,3.5,2,53,5,5,4,1,0,3,1,24.0,Home,대전 한화생명 볼파크,18:00,29.1
장시환,2021,Hanwha,2021-07-01,vs. Doosan,SP,L,10.8,2.4,3 ⅓,68,6,4,6,1,2,2,0,28.0,Home,대전 한화생명 볼파크,18:30,31.1
장시환,2021,Hanwha,2021-06-25,vs. KT,SP,L,3.6,1.8,5,97,2,2,4,0,5,5,0,51.0,Home,대전 한화생명 볼파크,18:30,29.4
장시환,2021,Hanwha,2021-06-18,vs. SSG,SP,,1.8,1.8,5,99,1,1,5,0,4,4,1,52.0,Home,대전 한화생명 볼파크,18:30,25.5
장시환,2021,Hanwha,2021-06-12,@ KT,SP,L,0.0,2.06,5 ⅓,104,2,0,6,0,5,5,0,52.0,Away,수원 KT 위즈파크,17:00,28.5
장시환,2021,Hanwha,2021-06-06,@ NC,SP,,5.06,1.31,5 ⅓,85,3,3,4,0,3,3,0,48.0,Away,창원 NC 파크,17:00,24.6
장시환,2021,Hanwha,2021-05-30,vs. SSG,SP,L,6.75,3.0,4,91,3,3,7,0,2,5,0,33.0,Home,대전 한화생명 볼파크,14:00,27.0
장시환,2021,Hanwha,2021-05-09,@ LG,SP,,4.5,2.5,2,54,1,1,3,0,0,2,0,44.0,Away,잠실 야구장,14:00,20.9
장시환,2021,Hanwha,2021-05-01,@ Lotte,RP,,0.0,1.0,1,13,0,0,0,0,0,1,0,,Away,사직 야구장,17:00,14.9
장시환,2021,Hanwha,2021-04-28,@ Kia,SP,L,6.0,1.33,3,50,2,2,2,0,1,2,0,46.0,Away,광주 기아 챔피언스 필드,18:30,20.1
장시환,2021,Hanwha,2021-04-22,vs. Kiwoom,SP,L,9.0,2.25,4,73,6,4,6,0,2,3,0,29.0,Home,대전 한화생명 볼파크,18:30,25.5
장시환,2021,Hanwha,2021-04-16,@ NC,SP,L,6.75,1.75,4,75,3,3,5,0,2,2,0,40.0,Away,창원 NC 파크,18:30,16.8
장시환,2021,Hanwha,2021-04-10,vs. Doosan,SP,L,15.0,3.33,3,69,6,5,7,0,5,3,0,25.0,Home,대전 한화생명 볼파크,17:00,19.0
장시환,2020,Hanwha,2020-10-09,vs. Kiwoom,SP,,11.25,2.0,4,91,6,5,3,1,4,5,1,32.0,Home,대전 한화생명 볼파크,18:30,19.7
장시환,2020,Hanwha,2020-10-03,@ Lotte,SP,L,11.25,2.25,4,87,6,5,4,2,2,5,0,29.0,Away,사직 야구장,17:00,23.0
장시환,2020,Hanwha,2020-09-27,vs. NC,SP,L,5.4,1.6,5,91,4,3,6,1,2,2,1,40.0,Home,대전 한화생명 볼파크,14:00,24.4
장시환,2020,Hanwha,2020-09-22,vs. Doosan,SP,W,1.5,1.17,6,90,1,1,5,1,1,2,1,56.0,Home,대전 한화생명 볼파크,18:30,22.2
장시환,2020,Hanwha,2020-09-17,@ Kiwoom,SP,L,12.27,2.45,3 ⅔,82,5,5,4,0,3,5,0,31.0,Away,고척 스카이돔,18:30,25.5
장시환,2020,Hanwha,2020-09-11,vs. SK,SP,L,4.05,1.5,6 ⅔,110,4,3,8,0,4,2,0,46.0,Home,대전 한화생명 볼파크,18:30,24.8
장시환,2020,Hanwha,2020-09-06,vs. Kia,SP,,1.5,1.0,6,103,1,1,3,0,6,3,0,65.0,Home,대전 한화생명 볼파크,14:00,26.3
장시환,2020,Hanwha,2020-09-01,@ Doosan,SP,L,6.75,2.5,4,82,4,3,9,0,1,1,0,30.0,Away,잠실 야구장,18:30,29.5
장시환,2020,Hanwha,2020-08-26,@ NC,SP,L,15.0,2.67,3,55,5,5,7,1,2,1,0,26.0,Away,창원 NC 파크,18:30,30.1
장시환,2020,Hanwha,2020-08-20,vs. KT,SP,L,1.29,1.0,7,103,1,1,5,1,2,2,0,63.0,Home,대전 한화생명 볼파크,18:30,33.6
장시환,2020,Hanwha,2020-08-14,vs. Samsung,SP,L,11.25,2.25,4,93,5,5,7,0,4,2,0,30.0,Home,대전 한화생명 볼파크,18:30,32.8
장시환,2020,Hanwha,2020-08-06,vs. NC,SP,,0.0,1.17,6,104,0,0,3,0,2,4,0,64.0,Home,대전 한화생명 볼파크,18:30,29.1
장시환,2020,Hanwha,2020-07-31,@ LG,SP,W,0.0,0.43,7,101,0,0,1,0,8,2,0,81.0,Away,잠실 야구장,18:30,29.7
장시환,2020,Hanwha,2020-07-24,vs. SK,SP,L,11.57,1.93,4 ⅔,94,6,6,5,2,7,4,0,33.0,Home,대전 한화생명 볼파크,18:30,26.0
장시환,2020,Hanwha,2020-07-18,@ LG,SP,L,3.0,1.17,6,98,2,2,3,1,6,4,0,60.0,Away,잠실 야구장,18:00,29.3
장시환,2020,Hanwha,2020-07-13,vs. SK,SP,W,1.5,0.83,6,94,1,1,2,0,5,3,0,66.0,Home,대전 한화생명 볼파크,18:30,22.6
장시환,2020,Hanwha,2020-07-07,vs. Lotte,SP,,1.8,1.6,5,97,1,1,6,0,3,2,0,52.0,Home,대전 한화생명 볼파크,18:30,28.9
장시환,2020,Hanwha,2020-07-01,@ Kia,SP,,1.29,0.71,7,95,1,1,5,0,7,0,1,69.0,Away,광주 기아 챔피언스 필드,18:30,24.8
장시환,2020,Hanwha,2020-06-24,@ Samsung,SP,,1.8,1.8,5,116,1,1,7,0,9,2,0,56.0,Away,대구 삼성 라이온즈 파크,18:30,25.2
장시환,2020,Hanwha,2020-06-18,vs. LG,SP,,3.6,1.4,5,70,2,2,5,1,3,2,0,50.0,Home,대전 한화생명 볼파크,18:30,23.4
장시환,2020,Hanwha,2020-06-05,vs. NC,SP,L,12.0,3.33,3,77,4,4,7,2,3,3,0,29.0,Home,대전 한화생명 볼파크,18:30,28.9
장시환,2020,Hanwha,2020-05-30,@ SK,SP,L,5.79,1.5,4 ⅔,105,4,3,4,1,8,3,1,46.0,Away,인천 SSG 랜더스필드,17:00,25.7
장시환,2020,Hanwha,2020-05-24,@ NC,SP,,7.2,2.0,5,102,4,4,6,0,7,4,1,41.0,Away,창원 NC 파크,14:00,24.2
장시환,2020,Hanwha,2020-05-19,@ KT,SP,L,21.0,4.0,3,79,7,7,8,1,3,4,0,14.0,Away,수원 KT 위즈파크,18:30,16.0
장시환,2020,Hanwha,2020-05-13,vs. Kia,SP,L,4.5,2.17,6,117,4,3,7,0,7,6,0,45.0,Home,대전 한화생명 볼파크,18:30,20.6
장시환,2020,Hanwha,2020-05-07,@ SK,SP,W,3.0,1.67,6,98,2,2,9,0,6,1,2,49.0,Away,인천 SSG 랜더스필드,18:30,21.5
황준서,2024,Hanwha,2024-09-29,vs. NC,RP,,0.0,0.0,0 ⅓,1,0,0,0,0,0,0,0,,Home,대전 한화생명 볼파크,14:00,26.4
황준서,2024,Hanwha,2024-09-24,@ Kiwoom,RP,,0.0,,0,8,0,0,2,0,0,0,0,,Away,고척 스카이돔,18:30,25.5
황준서,2024,Hanwha,2024-09-18,@ NC,RP,,0.0,0.0,0 ⅓,2,0,0,0,0,0,0,0,,Away,창원 NC 파크,18:30,31.3
황준서,2024,Hanwha,2024-09-14,@ Lotte,RP,,3.86,2.14,2 ⅓,49,1,1,5,0,2,0,0,,Away,사직 야구장,17:00,32.2
황준서,2024,Hanwha,2024-09-12,vs. Samsung,RP,,0.0,2.0,1,21,0,0,1,0,0,1,0,,Home,대전 한화생명 볼파크,18:30,28.8
황준서,2024,Hanwha,2024-09-11,vs. Samsung,RP,,18.0,2.0,1,19,2,2,1,1,2,1,0,,Home,대전 한화생명 볼파크,18:30,29.2
황준서,2024,Hanwha,2024-09-08,@ LG,RP,,0.0,2.25,1 ⅓,17,0,0,3,0,0,0,0,,Away,잠실 야구장,14:00,31.0
황준서,2024,Hanwha,2024-09-07,@ LG,RP,,9.0,2.0,1,13,1,1,2,0,1,0,0,,Away,잠실 야구장,17:00,30.7
황준서,2024,Hanwha,2024-08-31,vs. KT,RP,,13.5,1.5,0 ⅔,12,1,1,1,1,0,0,0,,Home,대전 한화생명 볼파크,18:00,29.7
황준서,2024,Hanwha,2024-08-29,@ Lotte,RP,,27.0,4.0,1,43,3,3,3,0,2,1,0,,Away,사직 야구장,18:30,31.0
황준서,2024,Hanwha,2024-08-24,@ Doosan,RP,,0.0,3.0,0 ⅓,10,0,0,0,0,0,1,0,,Away,잠실 야구장,18:00,31.2
황준서,2024,Hanwha,2024-08-21,vs. NC,RP,,3.86,1.29,2 ⅓,42,1,1,1,1,1,2,0,,Home,대전 한화생명 볼파크,18:30,32.4
황준서,2024,Hanwha,2024-08-01,@ KT,RP,,13.5,4.5,0 ⅔,12,1,1,3,0,1,0,0,,Away,수원 KT 위즈파크,18:30,33.1
황준서,2024,Hanwha,2024-07-28,@ LG,RP,H,0.0,2.0,1,21,0,0,1,0,1,1,0,,Away,잠실 야구장,17:00,31.7
황준서,2024,Hanwha,2024-07-20,vs. Kia,RP,,0.0,2.0,1,19,0,0,2,0,3,0,0,,Home,대전 한화생명 볼파크,18:00,31.9
황준서,2024,Hanwha,2024-07-19,vs. Kia,RP,,13.5,4.5,0 ⅔,21,1,1,2,0,1,1,0,,Home,대전 한화생명 볼파크,18:30,29.0
황준서,2024,Hanwha,2024-07-17,@ NC,RP,,0.0,0.0,1,11,0,0,0,0,3,0,0,,Away,창원 NC 파크,18:30,30.2
황준서,2024,Hanwha,2024-07-13,vs. LG,RP,,18.0,3.0,1,27,2,2,2,0,1,1,0,,Home,대전 한화생명 볼파크,18:00,29.6
황준서,2024,Hanwha,2024-07-09,@ Kiwoom,RP,L,27.0,6.0,0 ⅓,12,2,1,0,0,0,2,0,,Away,고척 스카이돔,18:30,25.5
황준서,2024,Hanwha,2024-07-04,vs. KT,RP,,0.0,1.0,1,18,0,0,0,0,2,1,0,,Home,대전 한화생명 볼파크,18:30,31.8
황준서,2024,Hanwha,2024-06-26,vs. Doosan,RP,,0.0,,0,10,3,3,3,0,0,0,0,,Home,대전 한화생명 볼파크,18:30,27.4
황준서,2024,Hanwha,2024-06-21,@ Kia,SP,L,3.86,3.86,2 ⅓,76,1,1,1,0,2,8,0,45.0,Away,광주 기아 챔피언스 필드,18:30,29.8
황준서,2024,Hanwha,2024-06-15,vs. SSG,SP,L,9.0,1.75,4,70,4,4,6,1,2,1,0,35.0,Home,대전 한화생명 볼파크,17:00,28.4
황준서,2024,Hanwha,2024-06-04,@ KT,SP,,3.0,3.0,3,91,1,1,4,0,2,5,1,43.0,Away,수원 KT 위즈파크,18:30,23.2
황준서,2024,Hanwha,2024-05-29,vs. Lotte,SP,W,0.0,1.17,6,94,0,0,2,0,6,5,0,69.0,Home,대전 한화생명 볼파크,18:30,26.7
황준서,2024,Hanwha,2024-05-23,vs. LG,SP,L,3.6,1.4,5,89,2,2,3,0,4,4,0,53.0,Home,대전 한화생명 볼파크,18:30,27.9
황준서,2024,Hanwha,2024-05-17,@ Samsung,SP,L,8.44,1.31,5 ⅓,79,5,5,5,2,7,2,0,43.0,Away,대구 삼성 라이온즈 파크,18:30,21.0
황준서,2024,Hanwha,2024-05-11,vs. Kiwoom,SP,L,4.5,2.0,4,96,2,2,5,0,6,3,2,45.0,Home,대전 한화생명 볼파크,17:00,23.9
황준서,2024,Hanwha,2024-05-02,vs. SSG,SP,,5.79,1.93,4 ⅔,99,3,3,8,0,2,1,0,37.0,Home,대전 한화생명 볼파크,18:30,22.4
황준서,2024,Hanwha,2024-04-26,vs. Doosan,SP,L,14.73,3.0,3 ⅔,87,6,6,6,2,2,5,0,22.0,Home,대전 한화생명 볼파크,18:30,22.9
황준서,2024,Hanwha,2024-04-20,vs. Samsung,SP,L,1.8,1.0,5,64,1,1,4,0,5,1,0,59.0,Home,대전 한화생명 볼파크,17:00,14.4
황준서,2024,Hanwha,2024-04-14,vs. Kia,RP,,0.0,0.0,1,14,0,0,0,0,1,0,0,,Home,대전 한화생명 볼파크,14:00,27.7
황준서,2024,Hanwha,2024-04-12,vs. Kia,RP,,0.0,0.5,2,41,0,0,0,0,2,1,0,,Home,대전 한화생명 볼파크,18:30,23.3
황준서,2024,Hanwha,2024-04-10,@ Doosan,RP,,0.0,3.0,0 ⅔,19,0,0,1,0,2,1,0,,Away,잠실 야구장,18:30,15.2
황준서,2024,Hanwha,2024-04-06,@ Kiwoom,RP,,0.0,1.0,2,32,0,0,0,0,2,2,0,,Away,고척 스카이돔,17:00,25.5
황준서,2024,Hanwha,2024-03-31,vs. KT,SP,W,1.8,0.6,5,73,1,1,3,1,5,0,2,60.0,Home,대전 한화생명 볼파크,14:00,17.9
장민재,2024,Hanwha,2024-09-29,vs. NC,RP,,0.0,0.0,0 ⅔,9,0,0,0,0,1,0,0,,Home,대전 한화생명 볼파크,14:00,26.4
장민재,2024,Hanwha,2024-09-24,@ Kiwoom,RP,,0.0,1.0,1,13,0,0,1,0,0,0,0,,Away,고척 스카이돔,18:30,25.5
장민재,2024,Hanwha,2024-09-18,@ NC,RP,,0.0,0.75,1 ⅓,14,0,0,1,0,0,0,0,,Away,창원 NC 파크,18:30,31.3
장민재,2024,Hanwha,2024-09-14,@ Lotte,RP,,0.0,1.2,1 ⅔,28,0,0,2,0,1,0,0,,Away,사직 야구장,17:00,32.2
장민재,2024,Hanwha,2024-09-12,vs. Samsung,RP,,0.0,2.0,1,13,0,0,2,0,0,0,0,,Home,대전 한화생명 볼파크,18:30,28.8
장민재,2024,Hanwha,2024-09-11,vs. Samsung,RP,,0.0,3.0,1,25,0,0,2,0,0,1,0,,Home,대전 한화생명 볼파크,18:30,29.2
장민재,2024,Hanwha,2024-06-15,vs. SSG,RP,,18.0,4.0,1,25,2,2,4,0,0,0,0,,Home,대전 한화생명 볼파크,17:00,28.4
장민재,2024,Hanwha,2024-06-13,@ Doosan,RP,,0.0,0.0,2,18,0,0,0,0,1,0,0,,Away,잠실 야구장,18:30,29.2
장민재,2024,Hanwha,2024-06-07,vs. NC,RP,,6.75,2.25,1 ⅓,20,1,1,3,1,1,0,0,,Home,대전 한화생명 볼파크,18:30,25.3
장민재,2024,Hanwha,2024-06-04,@ KT,RP,W,0.0,1.5,2,34,0,0,2,0,1,1,0,,Away,수원 KT 위즈파크,18:30,23.2
장민재,2024,Hanwha,2024-05-31,@ Samsung,RP,,0.0,1.0,1,21,0,0,1,0,2,0,1,,Away,대구 삼성 라이온즈 파크,18:30,21.8
장민재,2024,Hanwha,2024-05-30,vs. Lotte,RP,,0.0,3.0,1,20,0,0,2,0,1,1,0,,Home,대전 한화생명 볼파크,18:30,23.9
장민재,2024,Hanwha,2024-05-23,vs. LG,RP,,0.0,3.0,0 ⅓,7,0,0,1,0,0,0,0,,Home,대전 한화생명 볼파크,18:30,27.9
장민재,2024,Hanwha,2024-05-22,vs. LG,RP,,54.0,12.0,0 ⅓,17,2,2,4,0,0,0,0,,Home,대전 한화생명 볼파크,18:30,25.3
장민재,2024,Hanwha,2024-05-19,@ Samsung,RP,,0.0,1.0,1,17,0,0,1,0,2,0,0,,Away,대구 삼성 라이온즈 파크,14:00,24.4
장민재,2024,Hanwha,2024-05-17,@ Samsung,RP,,0.0,1.5,0 ⅔,17,0,0,0,0,0,1,0,,Away,대구 삼성 라이온즈 파크,18:30,21.0
장민재,2024,Hanwha,2024-05-15,vs. NC,RP,,0.0,3.0,0 ⅔,13,0,0,2,0,0,0,0,,Home,대전 한화생명 볼파크,18:30,11.1
장민재,2024,Hanwha,2024-05-14,vs. NC,RP,,0.0,1.0,1,14,0,0,1,0,0,0,0,,Home,대전 한화생명 볼파크,18:30,24.3
장민재,2024,Hanwha,2024-05-11,vs. Kiwoom,RP,,0.0,0.0,0 ⅓,3,0,0,0,0,0,0,0,,Home,대전 한화생명 볼파크,17:00,23.9
장민재,2024,Hanwha,2024-05-09,@ Lotte,RP,,13.5,2.25,1 ⅓,23,2,2,3,1,1,0,0,,Away,사직 야구장,18:30,18.9
장민재,2024,Hanwha,2024-05-08,@ Lotte,RP,,0.0,2.0,1,20,0,0,1,0,1,1,0,,Away,사직 야구장,18:30,14.3
장민재,2024,Hanwha,2024-05-04,@ Kia,RP,,0.0,1.0,1,15,0,0,1,0,2,0,0,,Away,광주 기아 챔피언스 필드,17:00,24.2
장민재,2024,Hanwha,2024-05-02,vs. SSG,RP,L,27.0,6.0,0 ⅓,11,1,1,2,0,0,0,0,,Home,대전 한화생명 볼파크,18:30,22.4
장민재,2024,Hanwha,2024-04-28,vs. Doosan,RP,,9.0,3.0,2,40,2,2,5,0,2,1,0,,Home,대전 한화생명 볼파크,14:00,28.3
장민재,2024,Hanwha,2024-04-24,@ KT,RP,,0.0,1.67,3,55,0,0,5,0,0,0,0,,Away,수원 KT 위즈파크,18:30,14.0
장민재,2024,Hanwha,2024-04-20,vs. Samsung,RP,,0.0,1.0,1,17,0,0,0,0,1,1,0,,Home,대전 한화생명 볼파크,17:00,14.4
장민재,2023,Hanwha,2023-10-16,vs. Lotte,RP,,0.0,0.0,0 ⅔,5,0,0,0,0,1,0,0,,Home,대전 한화생명 볼파크,18:30,15.7
장민재,2023,Hanwha,2023-10-14,vs. Lotte,RP,,0.0,0.0,1,10,0,0,0,0,0,0,0,,Home,대전 한화생명 볼파크,17:00,19.3
장민재,2023,Hanwha,2023-10-07,@ KT,RP,,0.0,1.0,1,12,0,0,1,0,0,0,0,,Away,수원 KT 위즈파크,17:00,19.7
장민재,2023,Hanwha,2023-10-06,@ SSG,RP,,9.0,1.0,1,14,1,1,1,1,0,0,0,,Away,인천 SSG 랜더스필드,18:30,19.1
장민재,2023,Hanwha,2023-09-29,@ Lotte,RP,,0.0,0.0,0 ⅔,9,0,0,0,0,2,0,0,,Away,사직 야구장,18:30,24.6
장민재,2023,Hanwha,2023-09-27,vs. Samsung,RP,,13.5,3.0,0 ⅔,15,1,1,1,0,1,1,0,,Home,대전 한화생명 볼파크,18:30,24.2
장민재,2023,Hanwha,2023-09-21,vs. Kia,RP,,0.0,2.0,1,21,0,0,2,0,1,0,0,,Home,대전 한화생명 볼파크,18:30,22.0
장민재,2023,Hanwha,2023-09-19,vs. SSG,RP,L,54.0,6.0,0 ⅓,8,2,2,1,0,0,1,0,,Home,대전 한화생명 볼파크,18:30,26.2
장민재,2023,Hanwha,2023-09-17,vs. KT,RP,,0.0,0.0,1,22,0,0,0,0,3,0,0,,Home,대전 한화생명 볼파크,14:00,29.3
장민재,2023,Hanwha,2023-09-12,@ Doosan,RP,,0.0,0.0,1,12,0,0,0,0,3,0,0,,Away,잠실 야구장,18:30,28.0
장민재,2023,Hanwha,2023-09-08,@ Kiwoom,RP,W,0.0,2.67,3,58,0,0,4,0,4,4,0,,Away,고척 스카이돔,18:30,25.5
장민재,2023,Hanwha,2023-09-07,vs. SSG,RP,H,0.0,0.0,0 ⅔,4,0,0,0,0,0,0,0,,Home,대전 한화생명 볼파크,18:30,26.9
장민재,2023,Hanwha,2023-08-04,@ Kia,SP,L,8.1,2.7,3 ⅓,86,4,3,7,1,5,2,0,35.0,Away,광주 기아 챔피언스 필드,18:30,33.9
장민재,2023,Hanwha,2023-07-29,@ SSG,SP,L,18.0,3.0,2,46,5,4,6,0,1,0,0,27.0,Away,인천 SSG 랜더스필드,18:00,30.8
장민재,2023,Hanwha,2023-06-11,vs. LG,SP,,0.0,3.0,1,30,4,0,3,0,2,0,1,40.0,Home,대전 한화생명 볼파크,17:00,27.3
장민재,2023,Hanwha,2023-06-06,@ Doosan,SP,L,10.8,2.1,3 ⅓,54,4,4,5,2,0,2,0,32.0,Away,잠실 야구장,18:30,23.4
장민재,2023,Hanwha,2023-05-31,vs. Kiwoom,SP,L,16.2,2.0,5,96,10,9,9,1,6,1,1,15.0,Home,대전 한화생명 볼파크,18:30,26.9
장민재,2023,Hanwha,2023-05-24,vs. Kia,SP,,1.5,0.83,6,82,1,1,5,1,7,0,1,64.0,Home,대전 한화생명 볼파크,18:30,23.6
장민재,2023,Hanwha,2023-05-18,vs. Lotte,SP,L,6.75,1.88,5 ⅓,108,4,4,6,2,6,4,0,42.0,Home,대전 한화생명 볼파크,18:30,18.4
장민재,2023,Hanwha,2023-05-12,@ SSG,SP,W,0.0,1.31,5 ⅓,95,1,0,5,0,6,2,0,60.0,Away,인천 SSG 랜더스필드,18:30,19.8
장민재,2023,Hanwha,2023-05-02,@ Doosan,SP,L,1.59,0.88,5 ⅔,92,1,1,4,1,3,1,2,57.0,Away,잠실 야구장,18:30,22.2
장민재,2023,Hanwha,2023-04-26,@ Lotte,SP,L,4.5,1.5,4,73,2,2,5,0,2,1,0,45.0,Away,사직 야구장,18:30,16.0
장민재,2023,Hanwha,2023-04-19,vs. Doosan,SP,,7.2,1.2,5,72,5,4,6,2,1,0,0,38.0,Home,대전 한화생명 볼파크,18:30,25.2
장민재,2023,Hanwha,2023-04-13,@ Kia,SP,W,0.0,1.17,6,78,0,0,6,0,6,1,0,65.0,Away,광주 기아 챔피언스 필드,18:30,22.0
장민재,2023,Hanwha,2023-04-07,vs. SSG,SP,,1.8,0.8,5,75,1,1,2,1,1,2,0,58.0,Home,대전 한화생명 볼파크,18:30,11.9
장민재,2022,Hanwha,2022-09-30,vs. Lotte,SP,,4.5,1.0,6,97,3,3,6,1,4,0,0,52.0,Home,대전 한화생명 볼파크,18:30,22.7
장민재,2022,Hanwha,2022-09-24,@ LG,SP,W,0.0,1.41,5 ⅔,94,0,0,3,0,1,5,0,59.0,Away,잠실 야구장,17:00,22.9
장민재,2022,Hanwha,2022-09-18,@ LG,SP,W,0.0,1.4,5,104,0,0,4,0,5,3,0,61.0,Away,잠실 야구장,14:00,31.6
장민재,2022,Hanwha,2022-09-13,vs. KT,SP,L,1.69,0.94,5 ⅓,82,3,1,4,1,3,1,0,54.0,Home,대전 한화생명 볼파크,18:30,26.8
장민재,2022,Hanwha,2022-09-07,@ KT,SP,L,7.2,1.0,5,60,4,4,5,2,4,0,0,45.0,Away,수원 KT 위즈파크,18:30,25.5
장민재,2022,Hanwha,2022-09-01,@ Kiwoom,SP,L,22.5,3.5,2,49,5,5,7,1,0,0,0,22.0,Away,고척 스카이돔,18:30,25.5
장민재,2022,Hanwha,2022-08-25,vs. Doosan,SP,W,0.0,1.0,6,107,0,0,5,0,6,1,2,65.0,Home,대전 한화생명 볼파크,18:30,24.1
장민재,2022,Hanwha,2022-08-19,vs. Samsung,SP,L,1.8,1.0,5,82,1,1,2,0,3,3,0,59.0,Home,대전 한화생명 볼파크,18:30,30.7
장민재,2022,Hanwha,2022-08-13,vs. Kiwoom,RP,,5.4,1.2,1 ⅔,23,1,1,2,1,0,0,0,,Home,대전 한화생명 볼파크,18:00,28.6
장민재,2022,Hanwha,2022-08-07,@ KT,SP,,6.75,1.5,4,80,3,3,3,1,1,3,0,42.0,Away,수원 KT 위즈파크,17:00,32.4
장민재,2022,Hanwha,2022-08-02,vs. Kia,SP,,1.8,2.0,5,96,1,1,9,0,1,1,0,45.0,Home,대전 한화생명 볼파크,18:30,30.6
장민재,2022,Hanwha,2022-07-26,@ Samsung,SP,W,1.5,0.67,6,85,1,1,4,0,5,0,0,65.0,Away,대구 삼성 라이온즈 파크,18:30,28.6
장민재,2022,Hanwha,2022-07-12,@ Lotte,SP,,0.0,0.94,5 ⅓,82,1,0,3,0,1,2,0,59.0,Away,사직 야구장,18:30,26.7
장민재,2022,Hanwha,2022-07-07,vs. NC,SP,,3.6,1.2,5,92,2,2,3,1,4,3,1,53.0,Home,대전 한화생명 볼파크,18:30,31.5
장민재,2022,Hanwha,2022-07-01,@ Kiwoom,SP,,3.6,0.6,5,72,2,2,3,1,2,0,0,55.0,Away,고척 스카이돔,18:30,25.5
장민재,2022,Hanwha,2022-06-24,vs. Samsung,SP,W,0.0,1.13,5 ⅓,76,0,0,4,0,2,2,1,59.0,Home,대전 한화생명 볼파크,18:30,27.6
장민재,2022,Hanwha,2022-06-16,vs. Lotte,SP,L,3.6,1.2,5,83,2,2,5,0,4,1,0,52.0,Home,대전 한화생명 볼파크,18:30,25.6
장민재,2022,Hanwha,2022-06-10,@ SSG,SP,L,10.38,2.54,4 ⅓,90,5,5,9,1,5,2,0,28.0,Away,인천 SSG 랜더스필드,18:30,21.7
장민재,2022,Hanwha,2022-06-02,vs. NC,SP,,3.6,1.2,5,86,2,2,5,2,2,1,0,50.0,Home,대전 한화생명 볼파크,18:30,27.0
장민재,2022,Hanwha,2022-05-27,@ KT,SP,W,0.0,1.0,5,78,0,0,4,0,3,1,0,61.0,Away,수원 KT 위즈파크,18:30,21.3
장민재,2022,Hanwha,2022-05-21,@ Kiwoom,SP,L,23.14,3.43,2 ⅓,48,6,6,8,0,0,0,0,17.0,Away,고척 스카이돔,17:00,25.5
장민재,2022,Hanwha,2022-05-15,vs. Lotte,SP,W,5.4,1.6,5,76,3,3,8,1,3,0,0,42.0,Home,대전 한화생명 볼파크,14:00,20.7
장민재,2022,Hanwha,2022-05-10,@ LG,SP,,1.8,1.4,5,85,1,1,4,0,2,3,0,54.0,Away,잠실 야구장,18:30,24.2
장민재,2022,Hanwha,2022-05-04,@ SSG,SP,,9.0,2.25,4,72,4,4,8,1,3,1,0,32.0,Away,인천 SSG 랜더스필드,18:30,18.1
장민재,2022,Hanwha,2022-04-28,vs. Kiwoom,SP,L,3.6,1.0,5,84,3,2,2,1,4,3,0,54.0,Home,대전 한화생명 볼파크,18:30,20.1
장민재,2022,Hanwha,2022-04-22,vs. SSG,SP,,0.0,0.5,4,69,0,0,1,0,3,1,0,62.0,Home,대전 한화생명 볼파크,18:30,19.0
장민재,2022,Hanwha,2022-04-16,vs. LG,RP,,0.0,0.0,0 ⅓,3,0,0,0,0,0,0,0,,Home,대전 한화생명 볼파크,17:00,20.2
장민재,2022,Hanwha,2022-04-13,@ Samsung,RP,,5.4,1.8,1 ⅔,29,1,1,2,0,1,1,0,,Away,대구 삼성 라이온즈 파크,18:30,12.0
장민재,2022,Hanwha,2022-04-10,vs. KT,RP,,0.0,3.0,0 ⅔,11,0,0,1,0,0,1,0,,Home,대전 한화생명 볼파크,14:00,26.7
장민재,2022,Hanwha,2022-04-08,vs. KT,RP,,0.0,0.0,0 ⅔,6,0,0,0,0,1,0,0,,Home,대전 한화생명 볼파크,18:30,20.8
장민재,2022,Hanwha,2022-04-07,@ Kia,RP,,0.0,0.0,0 ⅓,3,0,0,0,0,1,0,0,,Away,광주 기아 챔피언스 필드,18:30,16.9
장민재,2022,Hanwha,2022-04-06,@ Kia,RP,,0.0,0.0,1,13,0,0,0,0,1,0,0,,Away,광주 기아 챔피언스 필드,18:30,18.1
장민재,2021,Hanwha,2021-10-30,vs. Doosan,SP,L,0.0,1.67,3,44,3,0,4,1,1,1,0,45.0,Home,대전 한화생명 볼파크,17:00,17.0
장민재,2021,Hanwha,2021-10-24,@ Lotte,SP,,3.0,1.17,6,69,2,2,7,1,3,0,0,53.0,Away,사직 야구장,14:00,20.1
장민재,2021,Hanwha,2021-10-10,vs. Kia,SP,L,1.93,1.29,4 ⅔,70,2,1,5,0,1,1,0,48.0,Home,대전 한화생명 볼파크,14:00,28.2
장민재,2021,Hanwha,2021-10-05,vs. Doosan,SP,,2.08,0.92,4 ⅓,63,1,1,4,1,3,0,0,54.0,Home,대전 한화생명 볼파크,18:30,25.5
장민재,2021,Hanwha,2021-09-22,vs. LG,RP,,0.0,1.5,0 ⅔,14,0,0,0,0,2,1,0,,Home,대전 한화생명 볼파크,18:30,24.8
장민재,2021,Hanwha,2021-09-21,vs. LG,RP,,0.0,1.5,0 ⅔,13,0,0,0,0,0,1,0,,Home,대전 한화생명 볼파크,18:30,25.8
장민재,2021,Hanwha,2021-09-18,vs. Lotte,SP,,9.0,2.0,2,30,2,2,3,0,0,1,0,41.0,Home,대전 한화생명 볼파크,17:00,27.2
장민재,2021,Hanwha,2021-09-12,vs. Samsung,SP,,2.45,1.09,3 ⅔,64,1,1,2,0,3,2,0,54.0,Home,대전 한화생명 볼파크,14:00,28.7
장민재,2021,Hanwha,2021-05-15,@ Kiwoom,RP,,0.0,3.75,1 ⅓,46,4,0,5,0,0,0,0,,Away,고척 스카이돔,17:00,25.5
장민재,2021,Hanwha,2021-05-09,@ LG,RP,,0.0,2.0,1,16,0,0,1,0,0,1,0,,Away,잠실 야구장,14:00,20.9
장민재,2021,Hanwha,2021-05-08,@ LG,RP,,18.0,2.0,1,16,2,2,2,1,0,0,0,,Away,잠실 야구장,17:00,18.0
장민재,2021,Hanwha,2021-05-01,@ Lotte,RP,,0.0,1.0,1,8,0,0,1,0,0,0,0,,Away,사직 야구장,17:00,14.9
장민재,2020,Hanwha,2020-10-22,vs. Kia,SP,L,15.0,3.0,3,76,5,5,7,0,3,2,0,26.0,Home,대전 한화생명 볼파크,18:30,14.5
장민재,2020,Hanwha,2020-10-15,@ Doosan,SP,L,15.0,2.0,3,53,5,5,5,0,1,1,0,29.0,Away,잠실 야구장,18:30,15.0
장민재,2020,Hanwha,2020-10-07,@ Kia,SP,,4.5,1.33,6,88,3,3,8,1,2,0,0,46.0,Away,광주 기아 챔피언스 필드,18:30,20.8
장민재,2020,Hanwha,2020-10-03,@ Lotte,RP,,0.0,1.0,1,16,0,0,1,0,2,0,0,,Away,사직 야구장,17:00,23.0
장민재,2020,Hanwha,2020-09-29,vs. Doosan,RP,,0.0,1.0,1,20,0,0,0,0,2,1,0,,Home,대전 한화생명 볼파크,18:30,22.3
장민재,2020,Hanwha,2020-09-27,vs. NC,RP,,0.0,1.0,1,7,0,0,1,0,1,0,0,,Home,대전 한화생명 볼파크,14:00,24.4
장민재,2020,Hanwha,2020-09-25,vs. Lotte,RP,,0.0,1.29,2 ⅓,28,0,0,3,0,0,0,0,,Home,대전 한화생명 볼파크,18:30,23.6
장민재,2020,Hanwha,2020-09-19,@ Kia,SP,L,1.8,1.0,5,78,2,1,4,0,1,1,0,53.0,Away,광주 기아 챔피언스 필드,17:00,24.1
장민재,2020,Hanwha,2020-09-10,vs. SK,RP,,0.0,2.0,1,12,0,0,2,0,1,0,0,,Home,대전 한화생명 볼파크,18:30,26.4
장민재,2020,Hanwha,2020-09-09,@ Samsung,RP,,0.0,1.0,1,17,0,0,0,0,0,1,0,,Away,대구 삼성 라이온즈 파크,18:30,26.0
장민재,2020,Hanwha,2020-09-06,vs. Kia,RP,,0.0,0.0,1 ⅓,10,0,0,0,0,0,0,0,,Home,대전 한화생명 볼파크,14:00,26.3
장민재,2020,Hanwha,2020-09-01,@ Doosan,RP,,0.0,0.0,1,12,0,0,0,0,1,0,0,,Away,잠실 야구장,18:30,29.5
장민재,2020,Hanwha,2020-08-27,vs. Samsung,RP,,0.0,0.0,1,13,0,0,0,0,0,0,0,,Home,대전 한화생명 볼파크,18:30,33.1
장민재,2020,Hanwha,2020-08-25,@ NC,RP,,9.0,3.0,1,17,1,1,2,0,0,1,0,,Away,창원 NC 파크,18:30,31.3
장민재,2020,Hanwha,2020-07-08,vs. Lotte,RP,,27.0,7.5,0 ⅔,31,2,2,4,1,1,1,0,,Home,대전 한화생명 볼파크,18:30,30.1
장민재,2020,Hanwha,2020-07-07,vs. Lotte,RP,W,9.0,3.0,1,19,1,1,2,0,1,1,0,,Home,대전 한화생명 볼파크,18:30,28.9
장민재,2020,Hanwha,2020-07-05,@ Doosan,RP,,0.0,3.0,0 ⅓,5,0,0,1,0,0,0,0,,Away,잠실 야구장,17:00,26.9
장민재,2020,Hanwha,2020-07-04,@ Doosan,RP,,0.0,1.5,0 ⅔,7,0,0,1,0,0,0,0,,Away,잠실 야구장,18:00,26.9
장민재,2020,Hanwha,2020-06-16,vs. LG,SP,L,13.5,2.14,4 ⅔,88,7,7,9,0,2,1,1,18.0,Home,대전 한화생명 볼파크,18:30,28.1
장민재,2020,Hanwha,2020-06-11,@ Lotte,SP,L,7.71,1.71,2 ⅓,40,2,2,4,0,1,0,0,42.0,Away,사직 야구장,18:30,26.1
장민재,2020,Hanwha,2020-05-27,vs. LG,SP,L,18.0,2.67,3,63,6,6,8,2,3,0,0,22.0,Home,대전 한화생명 볼파크,18:30,24.3
장민재,2020,Hanwha,2020-05-20,@ KT,SP,L,13.5,3.25,4,91,6,6,12,0,1,1,0,14.0,Away,수원 KT 위즈파크,18:30,17.3
장민재,2020,Hanwha,2020-05-14,vs. Kia,SP,W,1.29,0.71,7,94,1,1,5,0,5,0,0,68.0,Home,대전 한화생명 볼파크,18:30,24.7
장민재,2020,Hanwha,2020-05-08,@ Kiwoom,SP,,5.4,1.8,5,90,3,3,7,1,4,2,1,42.0,Away,고척 스카이돔,18:30,25.5
배민서,2024,Hanwha,2024-04-13,vs. Kia,RP,,16.2,4.2,1 ⅔,41,3,3,4,0,1,3,0,,Home,대전 한화생명 볼파크,17:00,27.7
배민서,2023,NC,2023-07-08,vs. Samsung,RP,,27.0,4.0,1,27,3,3,4,0,1,0,0,,Home,창원 NC 파크,18:00,26.2
배민서,2023,NC,2023-07-04,@ Kiwoom,RP,,0.0,0.0,1,9,0,0,0,0,0,0,0,,Away,고척 스카이돔,18:30,25.5
배민서,2023,NC,2023-07-02,@ KT,RP,,18.0,2.0,1,17,2,2,2,0,1,0,0,,Away,수원 KT 위즈파크,17:00,31.2
배민서,2023,NC,2023-06-24,vs. Hanwha,RP,,0.0,0.0,1,8,0,0,0,0,0,0,1,,Home,창원 NC 파크,17:00,24.6
배민서,2023,NC,2023-06-23,vs. Hanwha,RP,,0.0,0.5,2,32,0,0,0,0,2,1,0,,Home,창원 NC 파크,18:30,24.6
배민서,2023,NC,2023-06-21,vs. LG,RP,,0.0,7.5,0 ⅔,34,3,0,4,0,0,1,0,,Home,창원 NC 파크,18:30,24.6
배민서,2021,NC,2021-09-22,@ Doosan,RP,,4.5,1.5,2,39,1,1,3,0,2,0,0,,Away,잠실 야구장,18:30,23.3
배민서,2021,NC,2021-09-21,@ Doosan,RP,,9.0,1.5,2,27,2,2,2,1,1,1,1,,Away,잠실 야구장,18:30,25.4
배민서,2021,NC,2021-09-12,@ Kia,SP,,0.0,3.0,1 ⅔,47,0,0,3,0,1,2,0,48.0,Away,광주 기아 챔피언스 필드,14:00,29.7
배민서,2021,NC,2021-09-08,vs. Hanwha,RP,,0.0,1.0,1,15,0,0,1,0,1,0,0,,Home,창원 NC 파크,18:30,26.1
배민서,2021,NC,2021-09-05,vs. Lotte,SP,,0.0,1.5,2 ⅔,50,0,0,3,0,0,1,0,51.0,Home,창원 NC 파크,14:00,24.8
배민서,2021,NC,2021-09-01,@ SSG,RP,,18.0,2.0,1,22,2,2,1,0,0,1,1,,Away,인천 SSG 랜더스필드,18:30,23.8
배민서,2021,NC,2021-09-01,@ SSG,RP,,0.0,0.0,0 ⅓,1,0,0,0,0,0,0,0,,Away,인천 SSG 랜더스필드,18:30,23.8
배민서,2021,NC,2021-08-26,vs. Doosan,RP,,108.0,18.0,0 ⅓,28,4,4,2,0,0,4,0,,Home,창원 NC 파크,18:30,29.3
배민서,2021,NC,2021-08-18,@ SSG,RP,,18.0,3.0,1,17,2,2,3,0,0,0,0,,Away,인천 SSG 랜더스필드,18:30,26.7
배민서,2021,NC,2021-08-14,@ Hanwha,RP,,0.0,0.0,1,15,0,0,0,0,0,0,0,,Away,대전 한화생명 볼파크,18:00,29.1
배민서,2021,NC,2021-08-10,vs. Lotte,RP,,9.0,3.0,1,26,1,1,3,0,1,0,0,,Home,창원 NC 파크,18:30,28.8
배민서,2021,NC,2021-07-07,@ Doosan,RP,,0.0,1.0,1,21,0,0,0,0,2,1,0,,Away,잠실 야구장,18:30,29.7
배민서,2021,NC,2021-07-01,@ Kia,RP,,0.0,1.0,1,10,0,0,1,0,1,0,0,,Away,광주 기아 챔피언스 필드,18:30,29.7
배민서,2021,NC,2021-06-29,@ Kia,RP,,0.0,1.0,1,14,0,0,1,0,1,0,0,,Away,광주 기아 챔피언스 필드,18:30,27.4
배민서,2021,NC,2021-06-26,vs. SSG,RP,,0.0,0.6,1 ⅔,20,0,0,0,0,2,1,0,,Home,창원 NC 파크,17:00,25.6
배민서,2021,NC,2021-06-25,vs. SSG,RP,W,0.0,2.0,1,21,0,0,1,0,0,1,0,,Home,창원 NC 파크,18:30,24.4
배민서,2021,NC,2021-06-22,@ Lotte,RP,,0.0,,0,5,2,2,2,1,0,0,0,,Away,사직 야구장,18:30,23.0
배민서,2021,NC,2021-06-20,vs. Kiwoom,RP,,0.0,1.0,2,37,0,0,2,0,1,0,0,,Home,창원 NC 파크,17:00,27.2
배민서,2021,NC,2021-05-22,@ Kiwoom,RP,,9.0,5.0,1,28,5,1,5,0,0,0,1,,Away,고척 스카이돔,17:00,25.5
배민서,2021,NC,2021-05-21,@ Kiwoom,RP,,0.0,1.0,1,15,0,0,1,0,0,0,0,,Away,고척 스카이돔,18:30,25.5
배민서,2021,NC,2021-05-11,@ Hanwha,RP,,18.0,4.0,1,31,2,2,2,0,1,2,0,,Away,대전 한화생명 볼파크,18:30,18.3
배민서,2021,NC,2021-05-09,@ KT,RP,,108.0,15.0,0 ⅓,20,4,4,4,1,0,1,0,,Away,수원 KT 위즈파크,14:00,20.1
배민서,2021,NC,2021-05-06,vs. SSG,RP,,0.0,0.0,0 ⅔,8,0,0,0,0,1,0,0,,Home,창원 NC 파크,18:30,17.7
배민서,2021,NC,2021-04-30,vs. Kiwoom,RP,,0.0,1.13,2 ⅔,49,0,0,1,0,3,2,0,,Home,창원 NC 파크,18:30,19.9
배민서,2021,NC,2021-04-27,@ Samsung,RP,,0.0,0.6,1 ⅔,25,0,0,1,0,2,0,0,,Away,대구 삼성 라이온즈 파크,18:30,16.1
배민서,2021,NC,2021-04-25,@ Doosan,RP,,0.0,2.0,1,24,0,0,2,0,0,0,0,,Away,잠실 야구장,14:00,22.5
배민서,2021,NC,2021-04-23,@ Doosan,RP,,0.0,0.0,1 ⅔,10,0,0,0,0,0,0,0,,Away,잠실 야구장,18:30,20.5
배민서,2021,NC,2021-04-22,vs. KT,RP,,0.0,1.0,1,19,0,0,1,0,1,0,0,,Home,창원 NC 파크,18:30,19.0
배민서,2021,NC,2021-04-16,vs. Hanwha,RP,,0.0,2.0,1,14,0,0,2,0,2,0,0,,Home,창원 NC 파크,18:30,16.8
배민서,2021,NC,2021-04-15,@ SSG,RP,,0.0,1.0,1,7,0,0,1,0,0,0,0,,Away,인천 SSG 랜더스필드,18:30,12.8
배민서,2021,NC,2021-04-10,@ Kia,RP,,4.5,1.5,2,22,1,1,3,0,0,0,0,,Away,광주 기아 챔피언스 필드,17:00,19.2
배민서,2021,NC,2021-04-08,vs. Lotte,RP,,0.0,0.0,2 ⅓,31,0,0,0,0,0,0,1,,Home,창원 NC 파크,18:30,13.9
배민서,2020,NC,2020-10-20,@ Kia,RP,,0.0,2.0,1,18,1,0,1,0,0,1,0,,Away,광주 기아 챔피언스 필드,18:30,19.9
배민서,2020,NC,2020-10-08,@ Kiwoom,RP,,0.0,1.0,1,7,0,0,1,0,0,0,0,,Away,고척 스카이돔,18:30,25.5
배민서,2020,NC,2020-10-03,vs. Samsung,RP,,9.0,1.0,1,13,1,1,1,1,0,0,0,,Home,창원 NC 파크,17:00,23.2
배민서,2020,NC,2020-10-01,vs. SK,RP,,0.0,1.0,1,18,0,0,0,0,2,1,0,,Home,창원 NC 파크,18:30,20.2
배민서,2020,NC,2020-09-26,@ Hanwha,RP,,0.0,2.0,1,20,0,0,2,0,3,0,0,,Away,대전 한화생명 볼파크,17:00,23.4
배민서,2020,NC,2020-09-20,@ Lotte,RP,,9.0,1.0,1,10,1,1,1,1,0,0,0,,Away,사직 야구장,14:00,24.6
배민서,2020,NC,2020-09-19,@ Lotte,RP,,0.0,0.0,0 ⅔,5,0,0,0,0,1,0,0,,Away,사직 야구장,17:00,23.5
배민서,2020,NC,2020-09-12,vs. Kia,RP,,27.0,3.0,1,26,3,3,3,1,0,0,0,,Home,창원 NC 파크,17:00,24.0
배민서,2020,NC,2020-09-11,vs. KT,RP,,0.0,3.0,0 ⅓,9,0,0,0,0,0,1,0,,Home,창원 NC 파크,18:30,25.2
배민서,2020,NC,2020-09-09,vs. Lotte,RP,,0.0,0.0,0 ⅓,5,0,0,0,0,1,0,0,,Home,창원 NC 파크,18:30,25.9
배민서,2020,NC,2020-08-28,vs. Doosan,RP,,18.0,3.0,2,50,4,4,4,0,0,2,0,,Home,창원 NC 파크,18:30,30.1
배민서,2020,NC,2020-08-24,@ KT,RP,,0.0,1.0,1,17,0,0,0,0,1,1,0,,Away,수원 KT 위즈파크,18:30,31.3
배민서,2020,NC,2020-06-10,vs. Doosan,RP,,9.0,2.5,2,40,2,2,4,1,1,1,0,,Home,창원 NC 파크,18:30,25.2
장지수,2024,Hanwha,2024-08-15,vs. LG,RP,,9.0,2.0,2,32,2,2,4,0,1,0,1,,Home,대전 한화생명 볼파크,18:30,32.7
장지수,2024,Hanwha,2024-08-11,vs. Kiwoom,RP,,0.0,2.0,1,25,0,0,1,0,2,1,0,,Home,대전 한화생명 볼파크,17:00,33.5
장지수,2024,Hanwha,2024-06-26,vs. Doosan,RP,,0.0,1.0,1,8,0,0,1,0,0,0,0,,Home,대전 한화생명 볼파크,18:30,27.4
장지수,2024,Hanwha,2024-06-23,@ Kia,RP,,0.0,6.0,0 ⅓,12,0,0,2,0,1,0,0,,Away,광주 기아 챔피언스 필드,17:00,30.2
장지수,2024,Hanwha,2024-05-09,@ Lotte,RP,,54.0,7.0,1,43,7,6,5,0,1,2,0,,Away,사직 야구장,18:30,18.9
장지수,2024,Hanwha,2024-05-04,@ Kia,RP,,36.0,5.0,1,27,4,4,2,0,0,3,0,,Away,광주 기아 챔피언스 필드,17:00,24.2
장지수,2024,Hanwha,2024-05-01,vs. SSG,RP,,0.0,2.0,1,19,0,0,1,0,2,1,0,,Home,대전 한화생명 볼파크,18:30,19.5
장지수,2024,Hanwha,2024-04-30,vs. SSG,RP,,0.0,0.0,1,13,0,0,0,0,1,0,1,,Home,대전 한화생명 볼파크,18:30,17.2
장지수,2024,Hanwha,2024-04-28,vs. Doosan,RP,,27.0,3.0,1 ⅓,36,4,4,3,0,2,1,0,,Home,대전 한화생명 볼파크,14:00,28.3
장지수,2024,Hanwha,2024-04-25,@ KT,RP,,4.5,1.5,2,39,1,1,2,0,0,1,0,,Away,수원 KT 위즈파크,18:30,19.4
장지수,2024,Hanwha,2024-04-23,@ KT,RP,,0.0,0.0,0 ⅓,4,0,0,0,0,0,0,0,,Away,수원 KT 위즈파크,18:30,19.2
장지수,2024,Hanwha,2024-04-20,vs. Samsung,RP,,0.0,3.0,1,15,0,0,2,0,1,1,0,,Home,대전 한화생명 볼파크,17:00,14.4
장지수,2024,Hanwha,2024-04-14,vs. Kia,RP,,0.0,0.0,1,11,0,0,0,0,0,0,0,,Home,대전 한화생명 볼파크,14:00,27.7
장지수,2023,Hanwha,2023-04-16,@ KT,RP,,18.0,3.0,2,44,5,4,4,0,0,2,0,,Away,수원 KT 위즈파크,14:00,14.6
장지수,2022,Kia,2022-10-08,vs. KT,RP,,0.0,1.5,2,29,0,0,2,0,1,1,0,,Home,광주 기아 챔피언스 필드,17:00,19.8
장지수,2021,Kia,2021-10-29,vs. Doosan,RP,,11.57,2.14,2 ⅓,40,3,3,2,1,1,3,0,,Home,광주 기아 챔피언스 필드,18:30,17.5
장지수,2021,Kia,2021-10-21,vs. Hanwha,RP,,0.0,1.33,3,55,1,0,1,0,1,3,0,,Home,광주 기아 챔피언스 필드,18:30,13.5
장지수,2021,Kia,2021-10-17,@ Doosan,RP,,0.0,1.0,1,14,0,0,1,0,0,0,0,,Away,잠실 야구장,14:00,8.1
장지수,2021,Kia,2021-10-15,@ KT,RP,,0.0,2.0,1,17,0,0,0,0,1,2,0,,Away,수원 KT 위즈파크,18:30,20.4
장지수,2021,Kia,2021-10-07,vs. LG,RP,,0.0,1.0,1,17,0,0,1,0,0,0,0,,Home,광주 기아 챔피언스 필드,18:30,22.8
장지수,2021,Kia,2021-09-14,vs. Lotte,RP,,6.0,1.33,3,42,2,2,1,0,1,3,1,,Home,광주 기아 챔피언스 필드,18:30,25.3
장지수,2021,Kia,2021-09-10,@ Kiwoom,RP,,0.0,3.0,1,23,0,0,2,0,0,1,1,,Away,고척 스카이돔,18:30,25.5
장지수,2021,Kia,2021-09-04,@ Hanwha,RP,,0.0,2.0,1,25,0,0,1,0,1,1,1,,Away,대전 한화생명 볼파크,17:00,27.1
장지수,2021,Kia,2021-09-02,vs. Samsung,RP,,0.0,0.0,1,11,0,0,0,0,0,0,0,,Home,광주 기아 챔피언스 필드,18:30,24.6
이태양,2024,Hanwha,2024-05-04,@ Kia,SP,L,67.5,10.5,0 ⅔,34,5,5,6,1,0,1,0,19.0,Away,광주 기아 챔피언스 필드,17:00,24.2
이태양,2024,Hanwha,2024-05-02,vs. SSG,RP,,0.0,0.0,1,5,0,0,0,0,0,0,0,,Home,대전 한화생명 볼파크,18:30,22.4
이태양,2024,Hanwha,2024-04-28,vs. Doosan,RP,,54.0,6.0,0 ⅓,15,2,2,1,1,0,1,0,,Home,대전 한화생명 볼파크,14:00,28.3
이태양,2024,Hanwha,2024-04-10,@ Doosan,RP,,9.0,2.0,1,25,1,1,2,0,0,0,0,,Away,잠실 야구장,18:30,15.2
이태양,2024,Hanwha,2024-04-07,@ Kiwoom,RP,L,0.0,,0,6,1,1,1,1,0,0,0,,Away,고척 스카이돔,14:00,25.5
이태양,2024,Hanwha,2024-04-05,@ Kiwoom,RP,,0.0,0.0,2,26,0,0,0,0,2,0,0,,Away,고척 스카이돔,18:30,25.5
이태양,2024,Hanwha,2024-03-31,vs. KT,RP,,18.0,4.0,1,22,2,2,4,1,0,0,0,,Home,대전 한화생명 볼파크,14:00,17.9
이태양,2024,Hanwha,2024-03-28,@ SSG,RP,,0.0,1.0,1,19,1,0,1,0,0,0,0,,Away,인천 SSG 랜더스필드,18:30,10.9
이태양,2024,Hanwha,2024-03-26,@ SSG,RP,,0.0,1.0,1,12,0,0,1,0,0,0,0,,Away,인천 SSG 랜더스필드,18:30,7.8
이태양,2024,Hanwha,2024-03-23,@ LG,RP,,6.75,0.75,1 ⅓,16,1,1,1,0,0,0,0,,Away,잠실 야구장,14:00,15.9
이태양,2023,Hanwha,2023-10-15,vs. Lotte,SP,,0.0,1.0,5,76,2,0,4,1,4,1,0,58.0,Home,대전 한화생명 볼파크,14:00,19.0
이태양,2023,Hanwha,2023-10-06,@ SSG,SP,L,19.29,3.43,2 ⅓,52,6,5,7,2,3,1,0,23.0,Away,인천 SSG 랜더스필드,18:30,19.1
이태양,2023,Hanwha,2023-10-01,vs. NC,SP,,4.5,1.17,6,91,3,3,6,1,1,1,0,48.0,Home,대전 한화생명 볼파크,14:00,22.9
이태양,2023,Hanwha,2023-09-24,@ LG,SP,L,3.6,0.8,5,62,2,2,4,1,3,0,0,54.0,Away,잠실 야구장,14:00,24.5
이태양,2023,Hanwha,2023-09-18,vs. KT,SP,W,3.6,1.0,5,77,2,2,3,0,3,2,0,54.0,Home,대전 한화생명 볼파크,18:30,27.4
이태양,2023,Hanwha,2023-09-12,@ Doosan,SP,,13.5,3.5,2,38,3,3,6,1,0,1,0,31.0,Away,잠실 야구장,18:30,28.0
이태양,2023,Hanwha,2023-09-06,vs. SSG,SP,,5.4,1.6,5,83,3,3,7,0,5,1,0,45.0,Home,대전 한화생명 볼파크,18:30,28.2
이태양,2023,Hanwha,2023-08-31,vs. Lotte,SP,L,2.08,1.38,4 ⅓,69,3,1,6,0,2,0,0,45.0,Home,대전 한화생명 볼파크,18:30,26.1
이태양,2023,Hanwha,2023-08-22,vs. Samsung,SP,,1.8,0.6,5,69,1,1,3,0,4,0,1,60.0,Home,대전 한화생명 볼파크,18:30,29.9
이태양,2023,Hanwha,2023-08-16,@ NC,SP,W,1.8,0.8,5,63,1,1,4,0,1,0,0,56.0,Away,창원 NC 파크,18:30,28.8
이태양,2023,Hanwha,2023-08-11,vs. Doosan,RP,,0.0,2.0,1,25,2,0,1,0,1,1,0,,Home,대전 한화생명 볼파크,18:30,28.1
이태양,2023,Hanwha,2023-08-09,@ KT,RP,,27.0,6.0,0 ⅔,18,2,2,4,0,0,0,0,,Away,수원 KT 위즈파크,18:30,31.1
이태양,2023,Hanwha,2023-08-06,@ Kia,RP,,0.0,0.33,3,34,0,0,0,0,2,1,0,,Away,광주 기아 챔피언스 필드,17:00,34.6
이태양,2023,Hanwha,2023-08-04,@ Kia,RP,,18.0,4.0,1,15,2,2,3,0,1,1,0,,Away,광주 기아 챔피언스 필드,18:30,33.9
이태양,2023,Hanwha,2023-08-01,vs. Doosan,RP,,0.0,1.0,2,34,0,0,2,0,3,0,0,,Home,대전 한화생명 볼파크,18:30,32.9
이태양,2023,Hanwha,2023-07-29,@ SSG,RP,,0.0,1.5,0 ⅔,15,0,0,1,0,1,0,0,,Away,인천 SSG 랜더스필드,18:00,30.8
이태양,2023,Hanwha,2023-07-27,@ Kiwoom,RP,,0.0,2.0,1,10,0,0,2,0,0,0,0,,Away,고척 스카이돔,18:30,25.5
이태양,2023,Hanwha,2023-07-25,@ Kiwoom,RP,,0.0,0.0,2 ⅓,28,0,0,0,0,2,0,1,,Away,고척 스카이돔,18:30,25.5
이태양,2023,Hanwha,2023-07-21,vs. NC,RP,,0.0,3.0,1,11,0,0,2,0,0,1,0,,Home,대전 한화생명 볼파크,18:30,29.2
이태양,2023,Hanwha,2023-07-06,vs. Lotte,RP,,0.0,0.0,1,14,0,0,0,0,1,0,0,,Home,대전 한화생명 볼파크,18:30,28.6
이태양,2023,Hanwha,2023-07-05,vs. Lotte,RP,,0.0,0.0,1,14,0,0,0,0,2,0,0,,Home,대전 한화생명 볼파크,18:30,26.6
이태양,2023,Hanwha,2023-07-02,@ Samsung,RP,,0.0,0.0,1,13,0,0,0,0,2,0,0,,Away,대구 삼성 라이온즈 파크,17:00,27.7
이태양,2023,Hanwha,2023-06-30,@ Samsung,RP,,0.0,0.0,1,15,0,0,0,0,2,0,0,,Away,대구 삼성 라이온즈 파크,18:30,25.6
이태양,2023,Hanwha,2023-06-28,vs. KT,RP,,0.0,0.0,1,13,0,0,0,0,0,0,0,,Home,대전 한화생명 볼파크,18:30,28.0
이태양,2023,Hanwha,2023-06-24,@ NC,RP,,9.0,3.0,1,26,1,1,1,0,0,2,0,,Away,창원 NC 파크,17:00,24.6
이태양,2023,Hanwha,2023-06-22,vs. Kia,RP,W,0.0,1.0,1,17,0,0,1,0,2,0,0,,Home,대전 한화생명 볼파크,18:30,26.5
이태양,2023,Hanwha,2023-06-18,vs. Kiwoom,RP,,13.5,2.25,1 ⅓,26,2,2,3,0,1,0,0,,Home,대전 한화생명 볼파크,17:00,30.6
이태양,2023,Hanwha,2023-06-16,vs. Kiwoom,RP,,0.0,0.86,2 ⅓,33,0,0,0,0,2,2,0,,Home,대전 한화생명 볼파크,18:30,28.9
이태양,2023,Hanwha,2023-06-13,@ Lotte,RP,,0.0,0.75,1 ⅓,26,0,0,1,0,2,0,0,,Away,사직 야구장,18:30,25.2
이태양,2023,Hanwha,2023-06-11,vs. LG,RP,,0.0,2.0,1,19,0,0,1,0,1,1,0,,Home,대전 한화생명 볼파크,17:00,27.3
이태양,2023,Hanwha,2023-06-09,vs. LG,RP,,13.5,1.5,0 ⅔,8,1,1,1,0,0,0,0,,Home,대전 한화생명 볼파크,18:30,25.3
이태양,2023,Hanwha,2023-06-06,@ Doosan,RP,,0.0,0.0,0 ⅔,6,0,0,0,0,0,0,0,,Away,잠실 야구장,18:30,23.4
이태양,2023,Hanwha,2023-06-02,vs. Samsung,RP,,6.0,2.0,3,49,2,2,6,1,2,0,0,,Home,대전 한화생명 볼파크,18:30,23.9
이태양,2023,Hanwha,2023-05-30,vs. Kiwoom,RP,,0.0,0.0,1,24,0,0,0,0,2,0,0,,Home,대전 한화생명 볼파크,18:30,23.8
이태양,2023,Hanwha,2023-05-26,@ NC,RP,,4.5,1.0,2,28,1,1,2,0,0,0,0,,Away,창원 NC 파크,18:30,20.6
이태양,2023,Hanwha,2023-05-24,vs. Kia,RP,,0.0,0.0,1,14,0,0,0,0,2,0,0,,Home,대전 한화생명 볼파크,18:30,23.6
이태양,2023,Hanwha,2023-05-20,@ LG,SP,,0.0,0.55,3 ⅔,58,0,0,1,0,2,1,0,60.0,Away,잠실 야구장,17:00,23.9
이태양,2023,Hanwha,2023-05-16,vs. Lotte,RP,,0.0,1.0,1,16,0,0,1,0,1,0,0,,Home,대전 한화생명 볼파크,18:30,29.3
이태양,2023,Hanwha,2023-05-14,@ SSG,RP,,0.0,0.6,1 ⅔,20,0,0,1,0,1,0,0,,Away,인천 SSG 랜더스필드,14:00,20.8
이태양,2023,Hanwha,2023-05-12,@ SSG,RP,H,0.0,0.0,1,15,0,0,0,0,2,0,0,,Away,인천 SSG 랜더스필드,18:30,19.8
이태양,2023,Hanwha,2023-05-04,@ Doosan,RP,,0.0,1.0,1,16,0,0,0,0,1,1,0,,Away,잠실 야구장,18:30,25.0
이태양,2023,Hanwha,2023-04-28,vs. NC,RP,,0.0,1.0,2,21,0,0,2,0,0,0,0,,Home,대전 한화생명 볼파크,18:30,20.8
이태양,2023,Hanwha,2023-04-23,vs. LG,SP,,0.0,1.0,2,32,0,0,2,0,3,0,0,55.0,Home,대전 한화생명 볼파크,14:00,20.2
이태양,2023,Hanwha,2023-04-20,vs. Doosan,RP,,0.0,0.5,2,22,0,0,1,0,0,0,1,,Home,대전 한화생명 볼파크,18:30,24.5
이태양,2023,Hanwha,2023-04-16,@ KT,RP,,4.5,1.5,2,34,1,1,2,0,1,1,0,,Away,수원 KT 위즈파크,14:00,14.6
이태양,2023,Hanwha,2023-04-15,@ KT,RP,,9.0,2.0,1,24,1,1,2,0,1,0,0,,Away,수원 KT 위즈파크,17:00,13.8
이태양,2023,Hanwha,2023-04-13,@ Kia,RP,,0.0,2.0,1,22,1,0,2,0,1,0,0,,Away,광주 기아 챔피언스 필드,18:30,22.0
이태양,2023,Hanwha,2023-04-08,vs. SSG,RP,H,9.0,4.0,1,27,1,1,2,0,1,2,0,,Home,대전 한화생명 볼파크,17:00,14.7
이태양,2023,Hanwha,2023-04-06,@ Samsung,RP,,9.0,2.0,1,16,1,1,2,0,1,0,0,,Away,대구 삼성 라이온즈 파크,18:30,13.8
이태양,2023,Hanwha,2023-04-01,@ Kiwoom,RP,,0.0,0.75,1 ⅓,22,0,0,1,0,0,0,0,,Away,고척 스카이돔,14:00,25.5
이태양,2022,SSG,2022-10-06,@ NC,RP,,4.5,1.0,2,32,1,1,1,0,1,1,0,,Away,창원 NC 파크,18:30,17.4
이태양,2022,SSG,2022-09-29,vs. Kiwoom,RP,,27.0,4.5,0 ⅔,23,2,2,3,1,0,0,0,,Home,인천 SSG 랜더스필드,18:30,22.3
이태양,2022,SSG,2022-09-24,vs. Doosan,SP,W,1.8,1.2,5,79,1,1,5,1,2,1,0,54.0,Home,인천 SSG 랜더스필드,17:00,21.9
이태양,2022,SSG,2022-09-21,vs. KT,RP,,0.0,0.0,0 ⅔,12,0,0,0,0,2,0,0,,Home,인천 SSG 랜더스필드,18:30,21.2
이태양,2022,SSG,2022-09-17,vs. Doosan,RP,,9.0,1.0,1,11,1,1,1,1,1,0,0,,Home,인천 SSG 랜더스필드,17:00,28.5
이태양,2022,SSG,2022-09-16,@ NC,RP,,0.0,0.0,1,6,0,0,0,0,0,0,0,,Away,창원 NC 파크,18:30,28.3
이태양,2022,SSG,2022-09-09,vs. Kia,RP,,3.0,1.33,3,42,1,1,3,0,0,1,0,,Home,인천 SSG 랜더스필드,18:30,26.9
이태양,2022,SSG,2022-09-08,vs. Kia,RP,,0.0,0.0,1,15,0,0,0,0,1,0,0,,Home,인천 SSG 랜더스필드,18:30,25.7
이태양,2022,SSG,2022-08-24,vs. Samsung,SP,W,0.0,1.0,5,74,0,0,5,0,1,0,0,58.0,Home,인천 SSG 랜더스필드,18:30,26.4
이태양,2022,SSG,2022-08-04,@ Kiwoom,SP,,81.0,15.0,0 ⅓,29,4,3,4,0,0,1,0,28.0,Away,고척 스카이돔,18:30,25.5
이태양,2022,SSG,2022-07-29,@ Kia,SP,L,18.9,3.6,3 ⅓,62,7,7,11,1,0,1,1,8.0,Away,광주 기아 챔피언스 필드,18:30,33.9
이태양,2022,SSG,2022-07-09,@ Samsung,SP,,9.0,2.2,5,96,9,5,11,2,1,0,1,17.0,Away,대구 삼성 라이온즈 파크,18:00,30.1
이태양,2022,SSG,2022-07-03,vs. Kia,SP,W,1.29,0.86,7,97,1,1,5,0,6,1,0,68.0,Home,인천 SSG 랜더스필드,17:00,31.0
이태양,2022,SSG,2022-06-26,vs. NC,SP,W,2.57,1.14,7,105,2,2,6,2,4,2,0,59.0,Home,인천 SSG 랜더스필드,17:00,28.0
이태양,2022,SSG,2022-06-19,@ Lotte,SP,,2.57,1.0,7,83,2,2,5,0,3,2,0,60.0,Away,사직 야구장,17:00,27.4
이태양,2022,SSG,2022-06-14,@ KT,SP,,3.0,0.83,6,94,2,2,4,1,4,1,0,59.0,Away,수원 KT 위즈파크,18:30,20.8
이태양,2022,SSG,2022-06-08,@ NC,SP,,1.42,0.95,6 ⅓,87,1,1,6,0,3,0,0,60.0,Away,창원 NC 파크,18:30,20.1
이태양,2022,SSG,2022-06-02,vs. KT,SP,L,9.0,1.8,5,99,5,5,6,1,3,3,0,35.0,Home,인천 SSG 랜더스필드,18:30,23.0
이태양,2022,SSG,2022-05-27,@ Kia,SP,W,0.0,0.86,7,85,0,0,5,0,4,1,0,70.0,Away,광주 기아 챔피언스 필드,18:30,25.7
이태양,2022,SSG,2022-05-21,vs. LG,SP,L,7.2,1.8,5,95,4,4,8,2,6,1,1,39.0,Home,인천 SSG 랜더스필드,17:00,18.4
이태양,2022,SSG,2022-05-15,vs. NC,SP,,1.5,0.83,6,85,1,1,4,1,2,1,0,61.0,Home,인천 SSG 랜더스필드,14:00,18.2
이태양,2022,SSG,2022-05-10,@ Samsung,SP,W,1.5,1.17,6,87,1,1,6,0,4,1,0,59.0,Away,대구 삼성 라이온즈 파크,18:30,17.1
이태양,2022,SSG,2022-05-04,vs. Hanwha,SP,,3.6,0.8,5,75,2,2,4,1,5,0,1,55.0,Home,인천 SSG 랜더스필드,18:30,18.1
이태양,2022,SSG,2022-04-28,@ Lotte,RP,,0.0,0.5,4,43,0,0,1,0,0,1,0,,Away,사직 야구장,18:30,16.6
이태양,2022,SSG,2022-04-27,@ Lotte,RP,,0.0,6.0,0 ⅓,8,0,0,1,0,0,1,0,,Away,사직 야구장,18:30,16.0
이태양,2022,SSG,2022-04-24,@ Hanwha,RP,H,0.0,6.0,0 ⅓,15,0,0,1,0,0,1,0,,Away,대전 한화생명 볼파크,14:00,26.5
이태양,2022,SSG,2022-04-19,vs. Kiwoom,RP,,9.0,2.0,2,35,2,2,3,0,3,1,0,,Home,인천 SSG 랜더스필드,18:30,13.8
이태양,2022,SSG,2022-04-16,vs. Samsung,RP,,0.0,1.8,1 ⅔,30,0,0,2,0,1,1,0,,Home,인천 SSG 랜더스필드,17:00,12.9
이태양,2022,SSG,2022-04-13,@ LG,RP,W,0.0,0.86,2 ⅓,25,0,0,1,0,0,1,0,,Away,잠실 야구장,18:30,12.3
이태양,2022,SSG,2022-04-07,@ KT,SP,W,1.5,0.67,6,83,1,1,4,1,4,0,1,63.0,Away,수원 KT 위즈파크,18:30,11.2
이태양,2021,SSG,2021-10-30,vs. KT,RP,,0.0,3.0,1,23,0,0,2,0,0,1,0,,Home,인천 SSG 랜더스필드,17:00,17.3
이태양,2021,SSG,2021-10-20,vs. NC,RP,,5.4,3.0,1 ⅔,38,1,1,3,1,1,2,0,,Home,인천 SSG 랜더스필드,18:30,11.3
이태양,2021,SSG,2021-10-17,@ Lotte,RP,,27.0,4.0,1,26,3,3,4,0,0,0,0,,Away,사직 야구장,14:00,15.9
이태양,2021,SSG,2021-10-06,@ LG,SP,L,6.0,1.5,6,96,4,4,7,2,3,2,0,43.0,Away,잠실 야구장,18:30,19.2
이태양,2021,SSG,2021-09-30,@ NC,SP,L,9.0,1.5,6,73,6,6,8,4,3,1,0,34.0,Away,창원 NC 파크,18:30,24.3
이태양,2021,SSG,2021-09-24,vs. Lotte,SP,W,3.86,1.0,7,88,3,3,7,1,2,0,0,53.0,Home,인천 SSG 랜더스필드,18:30,24.3
이태양,2021,SSG,2021-09-18,vs. Samsung,SP,L,15.75,3.5,4,80,7,7,11,3,2,3,0,11.0,Home,인천 SSG 랜더스필드,17:00,26.1
이태양,2021,SSG,2021-09-12,@ KT,SP,L,1.8,1.2,5,80,1,1,4,0,1,2,0,54.0,Away,수원 KT 위즈파크,14:00,28.4
이태양,2021,SSG,2021-09-01,vs. NC,SP,L,9.0,1.67,6,105,6,6,8,1,1,2,0,31.0,Home,인천 SSG 랜더스필드,18:30,23.8
이태양,2021,SSG,2021-08-26,@ KT,SP,L,7.2,1.6,5,78,4,4,7,1,5,1,0,41.0,Away,수원 KT 위즈파크,18:30,29.7
이태양,2021,SSG,2021-08-20,@ Samsung,SP,L,4.5,1.0,6,94,3,3,5,2,5,1,1,53.0,Away,대구 삼성 라이온즈 파크,18:30,29.0
이태양,2021,SSG,2021-08-14,vs. Kia,SP,,1.5,1.0,6,82,1,1,5,0,1,1,0,58.0,Home,인천 SSG 랜더스필드,18:00,27.6
이태양,2021,SSG,2021-07-09,vs. Hanwha,SP,L,5.79,1.93,4 ⅔,92,3,3,6,1,9,3,0,46.0,Home,인천 SSG 랜더스필드,18:30,26.1
이태양,2021,SSG,2021-07-04,vs. Lotte,SP,,3.6,1.6,5,90,2,2,5,0,2,3,0,48.0,Home,인천 SSG 랜더스필드,17:00,22.7
이태양,2021,SSG,2021-06-27,@ NC,SP,,0.0,0.17,6,70,0,0,1,0,3,0,0,73.0,Away,창원 NC 파크,17:00,26.6
이태양,2021,SSG,2021-06-22,vs. LG,SP,L,16.2,2.2,5,71,9,9,10,5,2,1,0,12.0,Home,인천 SSG 랜더스필드,18:30,23.5
이태양,2021,SSG,2021-06-16,@ Kia,SP,W,1.8,1.2,5,64,1,1,5,1,3,1,0,55.0,Away,광주 기아 챔피언스 필드,18:30,26.3
이태양,2021,SSG,2021-06-08,vs. KT,RP,,18.0,4.0,1,25,2,2,2,0,0,2,0,,Home,인천 SSG 랜더스필드,18:30,24.2
이태양,2021,SSG,2021-05-26,@ KT,RP,,27.0,6.0,0 ⅓,9,1,1,2,0,0,0,0,,Away,수원 KT 위즈파크,18:30,21.9
이태양,2021,SSG,2021-05-22,vs. LG,RP,,9.0,1.0,1,14,1,1,1,1,1,0,0,,Home,인천 SSG 랜더스필드,17:00,20.0
이태양,2021,SSG,2021-05-19,@ Kia,RP,,54.0,12.0,0 ⅓,20,2,2,1,0,0,3,0,,Away,광주 기아 챔피언스 필드,18:30,25.0
이태양,2021,SSG,2021-05-18,@ Kia,RP,,27.0,6.0,0 ⅔,27,2,2,2,0,0,2,0,,Away,광주 기아 챔피언스 필드,18:30,22.4
이태양,2021,SSG,2021-05-14,vs. Doosan,RP,,0.0,3.0,0 ⅔,16,0,0,2,0,1,0,0,,Home,인천 SSG 랜더스필드,18:30,24.0
이태양,2021,SSG,2021-05-13,@ Lotte,RP,L,6.75,1.5,1 ⅓,25,1,1,2,0,1,0,0,,Away,사직 야구장,18:30,19.8
이태양,2021,SSG,2021-05-09,vs. Kiwoom,RP,H,0.0,0.5,2,28,0,0,1,0,1,0,0,,Home,인천 SSG 랜더스필드,14:00,19.4
이태양,2021,SSG,2021-05-09,vs. Kiwoom,RP,H,0.0,1.0,1,16,0,0,1,0,2,0,0,,Home,인천 SSG 랜더스필드,14:00,19.4
이태양,2021,SSG,2021-05-05,@ NC,RP,W,0.0,0.0,1,14,0,0,0,0,0,0,0,,Away,창원 NC 파크,14:00,23.7
이태양,2021,SSG,2021-05-02,@ Doosan,RP,,0.0,0.0,1,10,0,0,0,0,0,0,0,,Away,잠실 야구장,14:00,17.9
이태양,2021,SSG,2021-05-01,@ Doosan,RP,,0.0,0.0,1 ⅔,22,0,0,0,0,1,0,0,,Away,잠실 야구장,17:00,10.4
이태양,2021,SSG,2021-04-29,vs. KT,RP,,0.0,1.0,1,15,0,0,1,0,0,0,0,,Home,인천 SSG 랜더스필드,18:30,16.1
이태양,2021,SSG,2021-04-24,@ Kiwoom,RP,,0.0,0.0,1,12,0,0,0,0,2,0,0,,Away,고척 스카이돔,17:00,25.5
이태양,2021,SSG,2021-04-23,@ Kiwoom,RP,,0.0,0.75,1 ⅓,19,0,0,1,0,2,0,0,,Away,고척 스카이돔,18:30,25.5
이태양,2021,SSG,2021-04-20,@ Samsung,RP,,9.0,1.0,1,9,1,1,1,1,1,0,0,,Away,대구 삼성 라이온즈 파크,18:30,19.7
이태양,2021,SSG,2021-04-17,vs. Kia,RP,W,0.0,1.0,1,16,0,0,0,0,1,1,0,,Home,인천 SSG 랜더스필드,17:00,12.0
이태양,2021,SSG,2021-04-16,vs. Kia,RP,,0.0,3.0,0 ⅔,18,0,0,2,0,2,0,0,,Home,인천 SSG 랜더스필드,18:30,11.4
이태양,2021,SSG,2021-04-13,vs. NC,RP,,6.75,1.5,1 ⅓,18,1,1,2,1,1,0,0,,Home,인천 SSG 랜더스필드,18:30,6.8
이태양,2021,SSG,2021-04-09,@ LG,RP,,9.0,3.0,1,22,1,1,3,0,1,0,0,,Away,잠실 야구장,18:30,18.0
이태양,2021,SSG,2021-04-08,vs. Hanwha,RP,W,0.0,1.0,1,18,0,0,1,0,1,0,0,,Home,인천 SSG 랜더스필드,18:30,15.4
이태양,2021,SSG,2021-04-06,vs. Hanwha,RP,H,0.0,0.0,1,14,0,0,0,0,1,0,0,,Home,인천 SSG 랜더스필드,18:30,14.0
이태양,2021,SSG,2021-04-04,vs. Lotte,RP,H,0.0,0.0,1,7,0,0,0,0,0,0,0,,Home,인천 SSG 랜더스필드,14:00,15.0
이태양,2020,SK,2020-10-30,vs. LG,RP,H,0.0,1.0,1,13,0,0,1,0,1,0,0,,Home,인천 SSG 랜더스필드,18:30,13.9
이태양,2020,SK,2020-10-27,@ Lotte,RP,L,9.0,1.0,1,15,1,1,1,1,2,0,0,,Away,사직 야구장,18:30,17.4
이태양,2020,SK,2020-10-23,vs. Lotte,RP,,0.0,0.67,3,34,0,0,2,0,0,0,1,,Home,인천 SSG 랜더스필드,18:30,10.3
이태양,2020,SK,2020-10-21,vs. Lotte,RP,,0.0,1.5,0 ⅔,15,0,0,1,0,2,0,0,,Home,인천 SSG 랜더스필드,18:30,16.5
이태양,2020,SK,2020-10-18,vs. KT,RP,,0.0,0.0,1,10,0,0,0,0,0,0,0,,Home,인천 SSG 랜더스필드,14:00,18.3
이태양,2020,SK,2020-10-17,vs. KT,RP,,18.0,3.0,1,15,2,2,2,0,0,1,0,,Home,인천 SSG 랜더스필드,17:00,16.7
이태양,2020,SK,2020-10-15,@ Samsung,RP,,0.0,0.0,1,24,0,0,0,0,3,0,0,,Away,대구 삼성 라이온즈 파크,18:30,17.9
이태양,2020,SK,2020-10-13,@ Samsung,RP,H,0.0,0.0,2,24,0,0,0,0,1,0,0,,Away,대구 삼성 라이온즈 파크,18:30,18.5
이태양,2020,SK,2020-10-10,@ Kia,RP,W,0.0,0.43,2 ⅓,35,0,0,1,0,2,0,0,,Away,광주 기아 챔피언스 필드,17:00,22.1
이태양,2020,SK,2020-10-06,vs. Doosan,RP,,4.5,0.5,2,25,1,1,1,1,1,0,0,,Home,인천 SSG 랜더스필드,18:30,16.5
이태양,2020,SK,2020-10-03,vs. Kiwoom,RP,,0.0,,0,11,1,1,2,0,0,0,0,,Home,인천 SSG 랜더스필드,17:00,20.9
이태양,2020,SK,2020-10-02,vs. Kiwoom,RP,,13.5,3.0,0 ⅔,16,1,1,2,1,0,0,0,,Home,인천 SSG 랜더스필드,18:30,20.4
이태양,2020,SK,2020-09-27,@ Samsung,RP,,0.0,0.0,2,21,0,0,0,0,1,0,0,,Away,대구 삼성 라이온즈 파크,14:00,23.4
이태양,2020,SK,2020-09-25,@ Kiwoom,RP,W,0.0,1.5,1 ⅓,10,0,0,2,0,0,0,0,,Away,고척 스카이돔,18:30,25.5
이태양,2020,SK,2020-09-23,@ LG,RP,,0.0,0.0,1,10,0,0,0,0,1,0,0,,Away,잠실 야구장,18:30,21.2
이태양,2020,SK,2020-09-18,vs. NC,RP,,0.0,1.0,1,14,0,0,1,0,0,0,0,,Home,인천 SSG 랜더스필드,18:30,23.5
이태양,2020,SK,2020-09-16,@ Kia,RP,,0.0,1.0,1,20,0,0,1,0,0,0,0,,Away,광주 기아 챔피언스 필드,18:30,26.8
이태양,2020,SK,2020-09-12,vs. Lotte,RP,H,9.0,2.0,1,11,1,1,2,0,0,0,0,,Home,인천 SSG 랜더스필드,17:00,24.0
이태양,2020,SK,2020-09-09,vs. Kiwoom,RP,,0.0,3.0,0 ⅓,4,0,0,1,0,0,0,0,,Home,인천 SSG 랜더스필드,18:30,22.0
이태양,2020,SK,2020-09-08,vs. Kiwoom,RP,,0.0,2.0,1,11,0,0,2,0,0,0,0,,Home,인천 SSG 랜더스필드,18:30,25.5
이태양,2020,SK,2020-09-05,@ Doosan,RP,,0.0,1.0,1,15,0,0,1,0,1,0,0,,Away,잠실 야구장,17:00,27.0
이태양,2020,SK,2020-09-03,@ KT,RP,,0.0,2.0,1,31,0,0,1,0,1,1,0,,Away,수원 KT 위즈파크,18:30,26.0
이태양,2020,SK,2020-09-01,vs. LG,RP,,27.0,3.0,0 ⅓,9,1,1,1,1,0,0,0,,Home,인천 SSG 랜더스필드,18:30,29.0
이태양,2020,SK,2020-08-27,vs. Kia,RP,,27.0,4.5,0 ⅔,16,2,2,3,0,2,0,0,,Home,인천 SSG 랜더스필드,18:30,28.7
이태양,2020,SK,2020-08-25,@ Lotte,RP,,0.0,3.0,0 ⅔,18,0,0,2,0,1,0,0,,Away,사직 야구장,18:30,31.8
이태양,2020,SK,2020-08-23,vs. Doosan,RP,,0.0,1.0,1,11,0,0,1,0,0,0,0,,Home,인천 SSG 랜더스필드,17:00,28.2
이태양,2020,SK,2020-08-20,vs. Samsung,RP,,27.0,3.0,0 ⅔,19,2,2,0,0,1,2,0,,Home,인천 SSG 랜더스필드,18:30,29.0
이태양,2020,SK,2020-08-18,vs. Hanwha,RP,,0.0,0.0,1,13,0,0,0,0,3,0,0,,Home,인천 SSG 랜더스필드,18:30,29.2
이태양,2020,SK,2020-08-16,@ Kia,RP,,0.0,0.0,1,10,0,0,0,0,0,0,0,,Away,광주 기아 챔피언스 필드,17:00,33.6
이태양,2020,SK,2020-08-15,@ Kia,RP,,0.0,1.2,1 ⅔,21,0,0,1,0,2,1,0,,Away,광주 기아 챔피언스 필드,18:00,31.6
이태양,2020,SK,2020-08-13,@ KT,RP,,0.0,,0,10,0,0,2,0,0,1,0,,Away,수원 KT 위즈파크,18:30,32.2
이태양,2020,SK,2020-08-06,vs. Lotte,RP,,0.0,1.0,1,11,0,0,1,0,1,0,0,,Home,인천 SSG 랜더스필드,18:30,26.1
이태양,2020,SK,2020-08-04,vs. Lotte,RP,,0.0,1.0,1,20,0,0,1,0,0,0,0,,Home,인천 SSG 랜더스필드,18:30,28.7
이태양,2020,SK,2020-07-31,@ KT,RP,,40.5,4.5,0 ⅔,31,3,3,1,1,2,2,0,,Away,수원 KT 위즈파크,18:30,29.6
이태양,2020,SK,2020-07-28,vs. LG,RP,,81.0,9.0,0 ⅔,38,6,6,5,1,0,1,0,,Home,인천 SSG 랜더스필드,18:30,27.3
이태양,2020,SK,2020-07-27,@ Hanwha,RP,,0.0,0.0,1,11,0,0,0,0,1,0,0,,Away,대전 한화생명 볼파크,18:30,28.3
이태양,2020,SK,2020-07-10,@ Hanwha,RP,,0.0,3.0,0 ⅓,8,0,0,0,0,0,1,0,,Away,대전 한화생명 볼파크,18:30,30.0
이태양,2020,SK,2020-07-09,vs. NC,RP,,0.0,2.0,1,20,0,0,2,0,2,0,0,,Home,인천 SSG 랜더스필드,18:30,29.0
이태양,2020,SK,2020-07-07,vs. NC,RP,,27.0,3.0,1,18,3,3,3,0,0,0,0,,Home,인천 SSG 랜더스필드,18:30,26.4
이태양,2020,SK,2020-07-03,@ Lotte,RP,H,0.0,0.0,0 ⅔,5,0,0,0,0,0,0,0,,Away,사직 야구장,18:30,23.2
이태양,2020,SK,2020-07-02,@ Samsung,RP,,0.0,0.0,0 ⅔,5,0,0,0,0,0,0,0,,Away,대구 삼성 라이온즈 파크,18:30,23.4
이태양,2020,SK,2020-06-28,vs. LG,RP,,9.0,3.0,1,23,1,1,3,0,2,0,0,,Home,인천 SSG 랜더스필드,17:00,26.9
이태양,2020,SK,2020-06-27,vs. LG,RP,,0.0,1.2,1 ⅔,21,1,0,2,0,1,0,0,,Home,인천 SSG 랜더스필드,17:00,26.0
이태양,2020,SK,2020-06-25,vs. Doosan,RP,,13.5,2.25,1 ⅓,14,2,2,3,1,0,0,0,,Home,인천 SSG 랜더스필드,18:30,23.5
이태양,2020,SK,2020-06-23,vs. Doosan,RP,,0.0,2.0,1,26,0,0,1,0,2,1,0,,Home,인천 SSG 랜더스필드,18:30,25.2
이태양,2020,SK,2020-06-18,vs. KT,RP,,0.0,1.0,1,15,0,0,1,0,1,0,0,,Home,인천 SSG 랜더스필드,18:30,24.7
이태양,2020,SK,2020-06-06,vs. NC,RP,,4.5,1.0,2,30,1,1,2,0,3,0,0,,Home,인천 SSG 랜더스필드,17:00,26.5
이태양,2020,SK,2020-06-04,vs. Kiwoom,RP,,0.0,1.0,1,15,0,0,1,0,1,0,0,,Home,인천 SSG 랜더스필드,18:30,21.4
이태양,2020,SK,2020-06-02,vs. Kiwoom,RP,,0.0,1.0,1,13,0,0,1,0,0,0,0,,Home,인천 SSG 랜더스필드,18:30,19.8
이태양,2020,SK,2020-05-30,@ SK,RP,,20.25,4.5,1 ⅓,36,3,3,3,0,0,3,0,,Away,인천 SSG 랜더스필드,17:00,25.7
이태양,2020,SK,2020-05-28,vs. LG,RP,,0.0,0.0,1 ⅓,14,0,0,0,0,2,0,0,,Home,인천 SSG 랜더스필드,18:30,20.3
이태양,2020,SK,2020-05-09,@ Kiwoom,RP,,6.75,0.75,1 ⅓,22,1,1,1,1,2,0,0,,Away,고척 스카이돔,17:00,25.5
이태양,2020,SK,2020-05-07,@ SK,RP,,27.0,7.5,0 ⅔,32,2,2,3,0,0,2,0,,Away,인천 SSG 랜더스필드,18:30,21.5
김민우,2024,Hanwha,2024-04-13,vs. Kia,SP,,0.0,3.0,0 ⅓,4,0,0,0,0,0,1,0,50.0,Home,대전 한화생명 볼파크,17:00,27.7
김민우,2024,Hanwha,2024-04-07,@ Kiwoom,SP,,3.86,1.0,7,91,3,3,5,2,7,2,0,60.0,Away,고척 스카이돔,14:00,25.5
김민우,2024,Hanwha,2024-03-26,@ SSG,SP,W,0.0,1.0,5,91,0,0,2,0,6,3,0,66.0,Away,인천 SSG 랜더스필드,18:30,7.8
김민우,2023,Hanwha,2023-06-14,@ Lotte,SP,,0.0,1.0,1,22,0,0,0,0,3,1,0,55.0,Away,사직 야구장,18:30,24.6
김민우,2023,Hanwha,2023-06-08,@ Doosan,SP,L,3.6,1.2,5,92,2,2,5,0,3,1,1,54.0,Away,잠실 야구장,18:30,24.5
김민우,2023,Hanwha,2023-06-02,vs. Samsung,SP,L,15.0,2.67,3,66,5,5,7,0,3,1,0,27.0,Home,대전 한화생명 볼파크,18:30,23.9
김민우,2023,Hanwha,2023-05-26,@ NC,SP,L,27.0,4.0,3,85,9,9,8,0,2,4,0,5.0,Away,창원 NC 파크,18:30,20.6
김민우,2023,Hanwha,2023-05-14,@ SSG,SP,,5.4,1.2,3 ⅓,59,2,2,4,1,2,0,0,46.0,Away,인천 SSG 랜더스필드,14:00,20.8
김민우,2023,Hanwha,2023-05-09,vs. Samsung,SP,L,8.44,2.25,5 ⅓,101,5,5,9,0,5,3,1,31.0,Home,대전 한화생명 볼파크,18:30,22.9
김민우,2023,Hanwha,2023-05-03,@ Doosan,SP,W,0.0,0.83,6,92,1,0,1,0,6,4,0,70.0,Away,잠실 야구장,18:30,22.7
김민우,2023,Hanwha,2023-04-27,@ Lotte,SP,L,4.5,1.33,6,95,3,3,5,1,5,3,0,52.0,Away,사직 야구장,18:30,16.8
김민우,2023,Hanwha,2023-04-20,vs. Doosan,SP,L,9.0,2.75,4,86,5,4,6,2,5,5,0,32.0,Home,대전 한화생명 볼파크,18:30,24.5
김민우,2023,Hanwha,2023-04-14,@ KT,SP,,7.2,2.0,5,94,4,4,9,1,3,1,0,35.0,Away,수원 KT 위즈파크,18:30,19.5
김민우,2023,Hanwha,2023-04-08,vs. SSG,SP,,5.4,1.6,5,86,3,3,5,1,4,3,0,46.0,Home,대전 한화생명 볼파크,17:00,14.7
김민우,2023,Hanwha,2023-04-02,@ Kiwoom,SP,,5.4,1.6,5,81,4,3,6,0,2,2,0,41.0,Away,고척 스카이돔,14:00,25.5
김민우,2022,Hanwha,2022-10-06,vs. Kiwoom,SP,,0.0,1.33,6,101,0,0,5,0,2,3,0,61.0,Home,대전 한화생명 볼파크,18:30,17.8
김민우,2022,Hanwha,2022-09-28,vs. LG,SP,L,3.6,2.0,5,93,2,2,5,0,2,5,0,46.0,Home,대전 한화생명 볼파크,18:30,23.0
김민우,2022,Hanwha,2022-09-22,@ SSG,SP,,1.29,0.43,7,105,1,1,1,1,6,2,0,75.0,Away,인천 SSG 랜더스필드,18:30,21.2
김민우,2022,Hanwha,2022-09-16,@ Kia,SP,,3.0,1.33,6,92,2,2,7,2,7,1,0,56.0,Away,광주 기아 챔피언스 필드,18:30,29.0
김민우,2022,Hanwha,2022-09-10,vs. SSG,SP,W,0.0,1.33,6,101,0,0,6,0,6,2,0,64.0,Home,대전 한화생명 볼파크,17:00,24.6
김민우,2022,Hanwha,2022-09-04,vs. NC,SP,W,1.0,0.56,9,106,1,1,3,1,5,2,0,80.0,Home,대전 한화생명 볼파크,14:00,28.8
김민우,2022,Hanwha,2022-08-28,@ Samsung,SP,,7.2,1.6,5,99,4,4,3,1,4,5,0,44.0,Away,대구 삼성 라이온즈 파크,17:00,25.5
김민우,2022,Hanwha,2022-08-23,vs. LG,SP,W,6.0,1.5,6,99,4,4,8,0,6,1,1,44.0,Home,대전 한화생명 볼파크,18:30,26.9
김민우,2022,Hanwha,2022-08-17,@ NC,SP,L,10.8,2.0,5,85,6,6,6,0,1,4,0,28.0,Away,창원 NC 파크,18:30,27.0
김민우,2022,Hanwha,2022-08-05,@ KT,SP,L,7.5,1.33,6,97,5,5,5,1,6,3,0,45.0,Away,수원 KT 위즈파크,18:30,32.5
김민우,2022,Hanwha,2022-07-29,vs. Doosan,SP,,1.5,1.0,6,96,1,1,5,0,8,1,0,65.0,Home,대전 한화생명 볼파크,18:30,33.0
김민우,2022,Hanwha,2022-07-23,vs. KT,SP,L,4.5,2.17,6,111,4,3,10,0,7,3,0,42.0,Home,대전 한화생명 볼파크,18:00,27.8
김민우,2022,Hanwha,2022-07-08,@ Kia,SP,,1.8,1.4,5,100,1,1,4,0,6,3,1,57.0,Away,광주 기아 챔피언스 필드,18:30,31.5
김민우,2022,Hanwha,2022-07-02,@ Kiwoom,SP,L,3.86,1.57,7,100,3,3,7,0,2,4,1,48.0,Away,고척 스카이돔,18:00,25.5
김민우,2022,Hanwha,2022-06-25,vs. Samsung,SP,L,7.2,1.8,5,97,4,4,4,1,2,5,1,39.0,Home,대전 한화생명 볼파크,17:00,31.7
김민우,2022,Hanwha,2022-06-17,@ NC,SP,,0.0,1.71,7,103,0,0,6,0,3,6,1,61.0,Away,창원 NC 파크,18:30,25.6
김민우,2022,Hanwha,2022-06-11,@ SSG,SP,,3.6,1.6,5,86,2,2,4,1,5,4,0,52.0,Away,인천 SSG 랜더스필드,17:00,28.1
김민우,2022,Hanwha,2022-06-04,vs. Kiwoom,SP,,1.5,0.83,6,109,1,1,1,0,7,4,0,69.0,Home,대전 한화생명 볼파크,17:00,28.5
김민우,2022,Hanwha,2022-05-29,@ KT,SP,,6.75,1.31,5 ⅓,104,4,4,4,1,3,3,0,44.0,Away,수원 KT 위즈파크,14:00,26.6
김민우,2022,Hanwha,2022-05-24,vs. Doosan,SP,W,1.29,0.43,7,87,1,1,2,0,5,1,0,73.0,Home,대전 한화생명 볼파크,18:30,29.7
김민우,2022,Hanwha,2022-05-18,vs. Samsung,SP,,1.5,1.17,6,98,1,1,5,1,10,2,0,66.0,Home,대전 한화생명 볼파크,18:30,25.5
김민우,2022,Hanwha,2022-05-12,@ LG,SP,L,24.0,3.33,3,79,8,8,9,1,2,1,0,10.0,Away,잠실 야구장,18:30,25.2
김민우,2022,Hanwha,2022-05-06,vs. Kia,SP,L,18.69,2.31,4 ⅓,85,10,9,8,1,4,2,1,10.0,Home,대전 한화생명 볼파크,18:30,24.3
김민우,2022,Hanwha,2022-04-30,@ NC,SP,W,0.0,1.8,5,104,0,0,5,0,4,4,1,56.0,Away,창원 NC 파크,17:00,16.7
김민우,2022,Hanwha,2022-04-24,vs. SSG,SP,L,4.5,1.33,6,95,3,3,3,1,5,5,0,54.0,Home,대전 한화생명 볼파크,14:00,26.5
김민우,2022,Hanwha,2022-04-19,@ Lotte,SP,W,1.8,1.2,5,94,1,1,3,1,4,3,0,58.0,Away,사직 야구장,18:30,17.4
김민우,2022,Hanwha,2022-04-13,@ Samsung,SP,L,10.8,1.4,5,90,6,6,5,1,3,2,0,34.0,Away,대구 삼성 라이온즈 파크,18:30,12.0
김민우,2022,Hanwha,2022-04-08,vs. KT,SP,,2.7,0.6,3 ⅓,52,1,1,1,0,2,1,1,54.0,Home,대전 한화생명 볼파크,18:30,20.8
김민우,2022,Hanwha,2022-04-02,@ Doosan,SP,L,9.0,2.0,5,84,6,5,8,1,2,2,0,29.0,Away,잠실 야구장,14:00,14.0
김민우,2021,Hanwha,2021-10-26,vs. LG,SP,L,3.86,1.14,7,115,3,3,5,0,4,3,0,56.0,Home,대전 한화생명 볼파크,18:30,15.5
김민우,2021,Hanwha,2021-10-21,@ Kia,SP,W,1.69,1.69,5 ⅓,90,1,1,7,0,3,2,0,51.0,Away,광주 기아 챔피언스 필드,18:30,13.5
김민우,2021,Hanwha,2021-10-17,@ KT,RP,W,0.0,1.0,1,12,0,0,0,0,1,1,0,,Away,수원 KT 위즈파크,14:00,8.4
김민우,2021,Hanwha,2021-10-07,vs. SSG,SP,,1.8,1.0,5,90,1,1,2,0,3,3,0,59.0,Home,대전 한화생명 볼파크,18:30,20.1
김민우,2021,Hanwha,2021-10-01,@ Samsung,SP,W,2.7,1.35,6 ⅔,101,2,2,6,0,6,3,0,57.0,Away,대구 삼성 라이온즈 파크,18:30,23.1
김민우,2021,Hanwha,2021-09-26,@ Doosan,SP,L,6.14,1.09,7 ⅓,97,5,5,7,0,5,1,1,47.0,Away,잠실 야구장,14:00,26.2
김민우,2021,Hanwha,2021-09-21,vs. LG,SP,W,5.4,2.0,5,83,3,3,5,0,2,5,0,42.0,Home,대전 한화생명 볼파크,18:30,25.8
김민우,2021,Hanwha,2021-09-15,@ SSG,SP,,7.2,2.0,5,97,4,4,6,1,4,4,0,39.0,Away,인천 SSG 랜더스필드,18:30,24.9
김민우,2021,Hanwha,2021-09-10,@ LG,SP,L,3.0,1.17,6,104,2,2,3,0,4,4,0,58.0,Away,잠실 야구장,18:30,27.3
김민우,2021,Hanwha,2021-09-04,vs. Kia,SP,W,1.17,0.78,7 ⅔,101,1,1,5,0,4,1,0,68.0,Home,대전 한화생명 볼파크,17:00,27.1
김민우,2021,Hanwha,2021-08-29,vs. NC,SP,,3.86,1.93,4 ⅔,89,2,2,6,1,3,3,1,43.0,Home,대전 한화생명 볼파크,17:00,27.0
김민우,2021,Hanwha,2021-08-18,vs. Samsung,SP,L,12.0,2.67,3,70,4,4,6,0,3,2,1,31.0,Home,대전 한화생명 볼파크,18:30,27.8
김민우,2021,Hanwha,2021-08-13,vs. NC,SP,L,7.36,2.45,3 ⅔,84,3,3,6,1,4,3,0,38.0,Home,대전 한화생명 볼파크,18:30,29.4
김민우,2021,Hanwha,2021-07-10,@ SSG,SP,W,1.5,0.83,6,100,1,1,2,1,9,3,0,70.0,Away,인천 SSG 랜더스필드,18:00,27.2
김민우,2021,Hanwha,2021-07-02,@ LG,SP,W,0.0,0.82,7 ⅓,102,0,0,3,0,4,3,0,73.0,Away,잠실 야구장,18:30,30.3
김민우,2021,Hanwha,2021-06-19,vs. SSG,SP,L,9.53,1.41,5 ⅔,89,6,6,6,4,5,2,0,36.0,Home,대전 한화생명 볼파크,17:00,28.4
김민우,2021,Hanwha,2021-06-13,@ KT,SP,L,11.25,2.0,4,76,6,5,6,2,3,2,0,29.0,Away,수원 KT 위즈파크,17:00,27.4
김민우,2021,Hanwha,2021-06-08,vs. Kiwoom,SP,W,3.0,1.0,6,105,2,2,4,0,5,2,0,59.0,Home,대전 한화생명 볼파크,18:30,29.0
김민우,2021,Hanwha,2021-06-02,vs. Kia,SP,L,7.2,2.2,5,96,4,4,8,0,5,3,1,36.0,Home,대전 한화생명 볼파크,18:30,27.9
김민우,2021,Hanwha,2021-05-27,@ Doosan,SP,W,0.0,0.86,7,107,0,0,3,0,6,3,0,74.0,Away,잠실 야구장,18:30,17.7
김민우,2021,Hanwha,2021-05-21,vs. KT,SP,W,0.0,0.8,5,92,0,0,1,0,3,3,0,65.0,Home,대전 한화생명 볼파크,18:30,16.2
김민우,2021,Hanwha,2021-05-14,@ Kiwoom,SP,W,0.0,1.0,6,100,0,0,5,0,9,1,1,69.0,Away,고척 스카이돔,18:30,25.5
김민우,2021,Hanwha,2021-05-09,@ LG,SP,L,16.2,1.8,3 ⅓,90,6,6,4,1,2,2,1,27.0,Away,잠실 야구장,14:00,20.9
김민우,2021,Hanwha,2021-05-02,@ Lotte,SP,W,7.2,2.0,5,106,4,4,6,2,8,4,0,43.0,Away,사직 야구장,14:00,14.1
김민우,2021,Hanwha,2021-04-27,@ Kia,SP,,2.84,0.95,6 ⅓,103,3,2,4,0,6,2,0,59.0,Away,광주 기아 챔피언스 필드,18:30,19.2
김민우,2021,Hanwha,2021-04-21,vs. Kiwoom,SP,W,3.6,1.8,5,96,2,2,3,0,3,6,1,49.0,Home,대전 한화생명 볼파크,18:30,26.9
김민우,2021,Hanwha,2021-04-15,@ Samsung,SP,L,6.75,1.31,5 ⅓,96,4,4,3,1,1,4,0,43.0,Away,대구 삼성 라이온즈 파크,18:30,14.7
김민우,2021,Hanwha,2021-04-09,vs. Doosan,SP,W,0.0,0.83,6,98,0,0,5,0,7,0,0,69.0,Home,대전 한화생명 볼파크,18:30,15.8
김민우,2021,Hanwha,2021-04-04,@ KT,SP,,3.6,1.0,5,77,2,2,4,1,3,1,0,53.0,Away,수원 KT 위즈파크,14:00,15.4
김민우,2020,Hanwha,2020-10-14,@ Doosan,SP,L,2.57,1.14,7,105,2,2,4,0,3,4,0,60.0,Away,잠실 야구장,18:30,12.7
김민우,2020,Hanwha,2020-10-08,@ Kia,SP,W,5.4,1.4,5,104,4,3,4,0,5,3,0,47.0,Away,광주 기아 챔피언스 필드,18:30,20.5
김민우,2020,Hanwha,2020-10-02,@ Lotte,SP,,1.8,1.6,5,98,1,1,3,1,4,5,0,56.0,Away,사직 야구장,18:30,21.9
김민우,2020,Hanwha,2020-09-26,vs. NC,SP,L,18.0,4.0,3,84,6,6,9,1,4,3,0,18.0,Home,대전 한화생명 볼파크,17:00,23.4
김민우,2020,Hanwha,2020-09-20,@ Kia,SP,,3.6,1.6,5,91,2,2,6,0,2,2,0,47.0,Away,광주 기아 챔피언스 필드,14:00,24.0
김민우,2020,Hanwha,2020-09-15,vs. LG,SP,,5.4,1.4,5,104,4,3,4,1,9,3,0,51.0,Home,대전 한화생명 볼파크,18:30,26.7
김민우,2020,Hanwha,2020-09-09,@ Samsung,SP,,4.5,1.17,6,111,3,3,6,1,7,1,0,54.0,Away,대구 삼성 라이온즈 파크,18:30,26.0
김민우,2020,Hanwha,2020-09-04,vs. Kiwoom,SP,W,1.5,1.17,6,100,1,1,5,0,7,2,0,63.0,Home,대전 한화생명 볼파크,18:30,27.0
김민우,2020,Hanwha,2020-08-23,@ LG,SP,W,1.69,0.94,5 ⅓,95,1,1,1,0,7,4,1,64.0,Away,잠실 야구장,17:00,30.1
김민우,2020,Hanwha,2020-08-18,@ SK,SP,L,10.8,2.7,3 ⅓,75,6,4,5,1,3,4,0,29.0,Away,인천 SSG 랜더스필드,18:30,29.2
김민우,2020,Hanwha,2020-08-12,@ Kiwoom,SP,,1.8,1.8,5,93,1,1,5,0,0,4,1,48.0,Away,고척 스카이돔,18:30,25.5
김민우,2020,Hanwha,2020-08-05,vs. NC,SP,,4.76,1.24,5 ⅔,97,3,3,2,0,3,5,2,49.0,Home,대전 한화생명 볼파크,18:30,31.2
김민우,2020,Hanwha,2020-07-30,@ Samsung,SP,,1.8,1.2,5,104,1,1,3,0,6,3,0,60.0,Away,대구 삼성 라이온즈 파크,18:30,26.0
김민우,2020,Hanwha,2020-07-22,vs. Kia,SP,L,3.6,1.2,5,97,2,2,4,0,6,2,1,54.0,Home,대전 한화생명 볼파크,18:30,26.0
김민우,2020,Hanwha,2020-07-16,@ KT,SP,L,6.35,1.59,5 ⅔,93,4,4,6,1,1,3,0,39.0,Away,수원 KT 위즈파크,18:30,26.8
김민우,2020,Hanwha,2020-07-10,vs. SK,SP,W,0.0,1.31,5 ⅓,93,0,0,4,0,3,3,0,60.0,Home,대전 한화생명 볼파크,18:30,30.0
김민우,2020,Hanwha,2020-07-04,@ Doosan,SP,W,1.8,1.8,5,107,1,1,7,0,6,2,1,52.0,Away,잠실 야구장,18:00,26.9
김민우,2020,Hanwha,2020-06-27,vs. KT,SP,L,3.6,1.2,5,102,3,2,2,0,8,4,0,57.0,Home,대전 한화생명 볼파크,17:00,29.8
김민우,2020,Hanwha,2020-06-21,@ NC,SP,,6.23,1.85,4 ⅓,75,5,3,7,0,4,1,0,36.0,Away,창원 NC 파크,17:00,23.5
김민우,2020,Hanwha,2020-06-10,@ Lotte,SP,L,19.29,3.0,2 ⅓,65,6,5,6,2,1,1,0,23.0,Away,사직 야구장,18:30,26.0
김민우,2020,Hanwha,2020-06-04,vs. Kiwoom,SP,L,6.0,1.5,6,110,4,4,8,2,8,1,0,47.0,Home,대전 한화생명 볼파크,18:30,28.9
김민우,2020,Hanwha,2020-05-29,@ SK,SP,L,14.73,2.45,3 ⅔,84,6,6,7,2,2,2,0,23.0,Away,인천 SSG 랜더스필드,18:30,22.6
김민우,2020,Hanwha,2020-05-23,@ NC,SP,L,3.18,1.76,5 ⅔,103,2,2,7,0,6,3,1,49.0,Away,창원 NC 파크,17:00,19.7
김민우,2020,Hanwha,2020-05-17,vs. Lotte,SP,,1.29,0.71,7,98,1,1,2,1,6,3,0,72.0,Home,대전 한화생명 볼파크,14:00,26.3
김민우,2020,Hanwha,2020-05-12,vs. Kia,SP,,0.0,0.57,7,101,0,0,1,0,8,3,0,80.0,Home,대전 한화생명 볼파크,18:30,19.7
김민우,2020,Hanwha,2020-05-06,@ SK,RP,,6.23,0.92,4 ⅓,71,3,3,3,2,5,1,0,,Away,인천 SSG 랜더스필드,18:30,23.0
배동현,2021,Hanwha,2021-10-30,vs. Doosan,RP,,27.0,9.0,0 ⅓,24,1,1,1,0,1,2,0,,Home,대전 한화생명 볼파크,17:00,17.0
배동현,2021,Hanwha,2021-10-24,@ Lotte,RP,,0.0,0.0,0 ⅔,5,0,0,0,0,0,0,0,,Away,사직 야구장,14:00,20.1
배동현,2021,Hanwha,2021-10-23,@ Lotte,RP,,0.0,0.0,1 ⅓,14,0,0,0,0,1,0,0,,Away,사직 야구장,17:00,17.2
배동현,2021,Hanwha,2021-10-10,vs. Kia,RP,,0.0,0.0,1,9,0,0,0,0,0,0,0,,Home,대전 한화생명 볼파크,14:00,28.2
배동현,2021,Hanwha,2021-10-09,vs. Kia,RP,,0.0,2.0,1,19,0,0,2,0,2,0,0,,Home,대전 한화생명 볼파크,17:00,26.7
배동현,2021,Hanwha,2021-10-05,vs. Doosan,RP,W,0.0,1.0,2,35,0,0,0,0,3,2,0,,Home,대전 한화생명 볼파크,18:30,25.5
배동현,2021,Hanwha,2021-09-30,@ Samsung,RP,,0.0,1.0,1,12,0,0,1,0,1,0,0,,Away,대구 삼성 라이온즈 파크,18:30,24.9
배동현,2021,Hanwha,2021-09-26,@ Doosan,RP,,0.0,0.0,0 ⅓,1,0,0,0,0,0,0,0,,Away,잠실 야구장,14:00,26.2
배동현,2021,Hanwha,2021-09-22,vs. LG,RP,,0.0,2.0,1,25,0,0,1,0,1,1,0,,Home,대전 한화생명 볼파크,18:30,24.8
배동현,2021,Hanwha,2021-09-18,vs. Lotte,RP,,0.0,0.0,2,32,0,0,0,0,4,0,0,,Home,대전 한화생명 볼파크,17:00,27.2
배동현,2021,Hanwha,2021-09-14,@ SSG,RP,,0.0,4.5,0 ⅔,20,0,0,3,0,1,0,0,,Away,인천 SSG 랜더스필드,18:30,26.1
배동현,2021,Hanwha,2021-06-05,@ NC,RP,,27.0,3.0,1,31,3,3,1,0,1,2,1,,Away,창원 NC 파크,17:00,24.5
배동현,2021,Hanwha,2021-05-29,vs. SSG,SP,L,9.0,3.0,2,63,2,2,2,0,2,4,0,42.0,Home,대전 한화생명 볼파크,17:00,23.2
배동현,2021,Hanwha,2021-05-23,vs. KT,RP,,6.0,2.0,3,76,2,2,4,0,3,2,0,,Home,대전 한화생명 볼파크,14:00,26.4
배동현,2021,Hanwha,2021-05-18,vs. Lotte,SP,L,5.79,2.14,4 ⅔,96,4,3,7,2,2,3,0,35.0,Home,대전 한화생명 볼파크,18:30,23.8
배동현,2021,Hanwha,2021-05-12,vs. NC,SP,L,6.23,1.15,4 ⅓,59,3,3,4,0,2,1,2,42.0,Home,대전 한화생명 볼파크,18:30,25.3
배동현,2021,Hanwha,2021-05-06,vs. Samsung,SP,,9.0,2.0,3,63,3,3,4,1,0,2,0,37.0,Home,대전 한화생명 볼파크,18:30,21.7
배동현,2021,Hanwha,2021-04-28,@ Kia,RP,,1.93,1.29,4 ⅔,69,2,1,3,0,1,3,0,,Away,광주 기아 챔피언스 필드,18:30,20.1
배동현,2021,Hanwha,2021-04-24,vs. LG,RP,,0.0,0.0,2,37,0,0,0,0,0,0,1,,Home,대전 한화생명 볼파크,17:00,22.9
배동현,2021,Hanwha,2021-04-22,vs. Kiwoom,RP,,4.5,2.0,2,41,1,1,1,0,1,3,0,,Home,대전 한화생명 볼파크,18:30,25.5
김도빈,2024,Hanwha,2024-08-21,vs. NC,SP,L,54.0,12.0,0 ⅓,20,2,2,1,0,1,3,0,39.0,Home,대전 한화생명 볼파크,18:30,32.4
박성웅,2021,Hanwha,2021-04-13,@ Samsung,SP,L,36.0,8.0,1,49,4,4,2,0,1,6,0,28.0,Away,대구 삼성 라이온즈 파크,18:30,19.0
박성웅,2021,Hanwha,2021-04-07,@ SSG,RP,W,0.0,1.5,2,41,0,0,0,0,2,3,0,,Away,인천 SSG 랜더스필드,18:30,15.3
박성웅,2020,Hanwha,2020-10-29,vs. KT,RP,,0.0,1.29,2 ⅓,34,0,0,1,0,3,2,0,,Home,대전 한화생명 볼파크,18:30,12.7
박성웅,2020,Hanwha,2020-10-16,vs. Samsung,SP,L,12.0,2.33,3,60,4,4,4,1,3,3,0,35.0,Home,대전 한화생명 볼파크,18:30,14.0
박성웅,2020,Hanwha,2020-10-10,vs. Kiwoom,SP,L,6.75,2.0,4,76,3,3,5,0,1,3,0,38.0,Home,대전 한화생명 볼파크,17:00,20.9
박성웅,2020,Hanwha,2020-10-04,@ Lotte,SP,L,13.5,3.0,2,56,3,3,4,0,1,2,0,35.0,Away,사직 야구장,14:00,24.7
박성웅,2020,Hanwha,2020-09-30,vs. Doosan,RP,,0.0,0.0,2,28,0,0,0,0,2,0,0,,Home,대전 한화생명 볼파크,18:30,22.6
박성웅,2020,Hanwha,2020-09-27,vs. NC,RP,,0.0,0.0,1,6,0,0,0,0,0,0,0,,Home,대전 한화생명 볼파크,14:00,24.4
박성웅,2020,Hanwha,2020-08-19,@ SK,SP,L,23.63,3.38,2 ⅔,74,7,7,5,3,3,4,0,19.0,Away,인천 SSG 랜더스필드,18:30,29.2
박성웅,2020,Hanwha,2020-08-13,@ Kiwoom,SP,L,7.2,1.6,5,80,4,4,6,1,2,2,0,39.0,Away,고척 스카이돔,18:30,25.5
박성웅,2020,Hanwha,2020-05-24,@ NC,RP,,0.0,,0,2,1,0,0,0,0,0,0,,Away,창원 NC 파크,14:00,24.2
박성웅,2020,Hanwha,2020-05-23,@ NC,RP,,0.0,0.0,0 ⅓,3,0,0,0,0,1,0,0,,Away,창원 NC 파크,17:00,19.7
박성웅,2020,Hanwha,2020-05-20,@ KT,RP,,7.71,2.14,2 ⅓,46,2,2,5,0,3,0,0,,Away,수원 KT 위즈파크,18:30,17.3
주현상,2024,Hanwha,2024-09-29,vs. NC,RP,,0.0,,0,19,3,2,4,0,0,0,0,,Home,대전 한화생명 볼파크,14:00,26.4
주현상,2024,Hanwha,2024-09-25,@ LG,RP,SV,0.0,0.0,1,8,0,0,0,0,0,0,0,,Away,잠실 야구장,18:30,26.4
주현상,2024,Hanwha,2024-09-23,vs. Lotte,RP,L,18.0,3.0,1,19,2,2,3,0,2,0,0,,Home,대전 한화생명 볼파크,18:30,22.6
주현상,2024,Hanwha,2024-09-22,vs. Lotte,RP,,0.0,0.0,1,14,0,0,0,0,1,0,0,,Home,대전 한화생명 볼파크,14:00,25.7
주현상,2024,Hanwha,2024-09-19,@ NC,RP,SV,0.0,0.0,1,13,0,0,0,0,1,0,0,,Away,창원 NC 파크,18:30,31.9
주현상,2024,Hanwha,2024-09-17,@ NC,RP,SV,0.0,0.0,1 ⅔,17,0,0,0,0,0,0,1,,Away,창원 NC 파크,18:30,31.9
주현상,2024,Hanwha,2024-09-13,@ Lotte,RP,,0.0,0.0,1,8,0,0,0,0,0,0,0,,Away,사직 야구장,18:30,31.7
주현상,2024,Hanwha,2024-09-06,@ LG,RP,SV,0.0,0.0,1,11,0,0,0,0,0,0,0,,Away,잠실 야구장,18:30,25.3
주현상,2024,Hanwha,2024-09-04,@ Kia,RP,W,6.75,1.5,1 ⅓,17,1,1,2,1,1,0,0,,Away,광주 기아 챔피언스 필드,18:30,29.5
주현상,2024,Hanwha,2024-09-03,vs. Doosan,RP,,0.0,0.0,1,13,0,0,0,0,2,0,0,,Home,대전 한화생명 볼파크,18:30,29.1
주현상,2024,Hanwha,2024-08-29,@ Lotte,RP,,0.0,3.0,0 ⅓,4,0,0,1,0,0,0,0,,Away,사직 야구장,18:30,31.0
주현상,2024,Hanwha,2024-08-24,@ Doosan,RP,,0.0,6.0,0 ⅓,15,0,0,1,0,0,1,0,,Away,잠실 야구장,18:00,31.2
주현상,2024,Hanwha,2024-08-23,@ Doosan,RP,SV,0.0,0.0,1,18,0,0,0,0,1,0,0,,Away,잠실 야구장,18:30,31.2
주현상,2024,Hanwha,2024-08-20,vs. NC,RP,W,0.0,0.0,1,18,0,0,0,0,0,0,0,,Home,대전 한화생명 볼파크,18:30,31.0
주현상,2024,Hanwha,2024-08-17,@ SSG,RP,,18.0,2.0,1,12,2,2,2,1,0,0,0,,Away,인천 SSG 랜더스필드,18:00,32.0
주현상,2024,Hanwha,2024-08-16,@ SSG,RP,SV,0.0,0.0,1,10,0,0,0,0,1,0,0,,Away,인천 SSG 랜더스필드,18:30,32.3
주현상,2024,Hanwha,2024-08-13,vs. LG,RP,L,5.4,1.8,1 ⅔,23,1,1,2,0,1,1,0,,Home,대전 한화생명 볼파크,18:30,34.1
주현상,2024,Hanwha,2024-08-09,vs. Kiwoom,RP,SV,0.0,0.0,1 ⅓,29,0,0,0,0,1,0,0,,Home,대전 한화생명 볼파크,18:30,32.4
주현상,2024,Hanwha,2024-08-08,@ Samsung,RP,SV,9.0,1.0,1,10,1,1,1,1,1,0,0,,Away,대구 삼성 라이온즈 파크,18:30,30.6
주현상,2024,Hanwha,2024-08-06,@ Samsung,RP,SV,0.0,1.0,1,10,0,0,1,0,1,0,0,,Away,대구 삼성 라이온즈 파크,18:30,31.2
주현상,2024,Hanwha,2024-08-01,@ KT,RP,,0.0,0.0,1,21,0,0,0,0,2,0,0,,Away,수원 KT 위즈파크,18:30,33.1
주현상,2024,Hanwha,2024-07-30,@ KT,RP,SV,0.0,0.0,1,18,0,0,0,0,3,0,0,,Away,수원 KT 위즈파크,18:30,32.4
주현상,2024,Hanwha,2024-07-28,@ LG,RP,SV,0.0,0.75,1 ⅓,20,0,0,1,0,1,0,0,,Away,잠실 야구장,17:00,31.7
주현상,2024,Hanwha,2024-07-24,vs. Samsung,RP,W,0.0,0.0,1,13,0,0,0,0,2,0,0,,Home,대전 한화생명 볼파크,18:30,32.6
주현상,2024,Hanwha,2024-07-23,vs. Samsung,RP,SV,0.0,1.0,1,19,0,0,0,0,1,1,0,,Home,대전 한화생명 볼파크,18:30,29.7
주현상,2024,Hanwha,2024-07-21,vs. Kia,RP,L,40.5,6.0,0 ⅔,30,3,3,3,1,1,1,0,,Home,대전 한화생명 볼파크,17:00,32.4
주현상,2024,Hanwha,2024-07-20,vs. Kia,RP,,0.0,0.0,0 ⅔,6,0,0,0,0,0,0,0,,Home,대전 한화생명 볼파크,18:00,31.9
주현상,2024,Hanwha,2024-07-14,vs. LG,RP,,0.0,0.0,1,12,0,0,0,0,0,0,0,,Home,대전 한화생명 볼파크,17:00,28.7
주현상,2024,Hanwha,2024-07-11,@ Kiwoom,RP,,0.0,1.0,2,26,0,0,2,0,2,0,0,,Away,고척 스카이돔,18:30,25.5
주현상,2024,Hanwha,2024-07-02,vs. KT,RP,,0.0,0.0,2,22,0,0,0,0,0,0,0,,Home,대전 한화생명 볼파크,18:30,27.6
주현상,2024,Hanwha,2024-06-27,vs. Doosan,RP,,9.0,1.0,1,15,1,1,1,1,2,0,0,,Home,대전 한화생명 볼파크,18:30,26.8
주현상,2024,Hanwha,2024-06-25,vs. Doosan,RP,SV,9.0,2.0,1,14,1,1,2,0,1,0,0,,Home,대전 한화생명 볼파크,18:30,25.8
주현상,2024,Hanwha,2024-06-23,@ Kia,RP,W,0.0,0.0,1 ⅔,14,0,0,0,0,0,0,0,,Away,광주 기아 챔피언스 필드,17:00,30.2
주현상,2024,Hanwha,2024-06-19,vs. Kiwoom,RP,SV,6.75,2.25,1 ⅓,29,1,1,3,0,2,0,0,,Home,대전 한화생명 볼파크,18:30,31.1
주현상,2024,Hanwha,2024-06-18,vs. Kiwoom,RP,SV,0.0,1.0,1,20,0,0,1,0,1,0,0,,Home,대전 한화생명 볼파크,18:30,30.1
주현상,2024,Hanwha,2024-06-16,vs. SSG,RP,SV,0.0,0.0,1 ⅓,14,0,0,0,0,2,0,0,,Home,대전 한화생명 볼파크,17:00,27.4
주현상,2024,Hanwha,2024-06-12,@ Doosan,RP,SV,0.0,1.0,1,16,0,0,0,0,0,1,0,,Away,잠실 야구장,18:30,27.6
주현상,2024,Hanwha,2024-06-09,vs. NC,RP,,5.4,0.6,1 ⅔,30,1,1,1,1,3,0,0,,Home,대전 한화생명 볼파크,17:00,28.7
주현상,2024,Hanwha,2024-06-08,vs. NC,RP,,0.0,1.0,1,11,0,0,1,0,1,0,0,,Home,대전 한화생명 볼파크,17:00,26.2
주현상,2024,Hanwha,2024-06-06,@ KT,RP,,0.0,0.0,1,9,0,0,0,0,1,0,0,,Away,수원 KT 위즈파크,18:30,25.6
주현상,2024,Hanwha,2024-05-29,vs. Lotte,RP,SV,0.0,0.0,1,13,0,0,0,0,2,0,0,,Home,대전 한화생명 볼파크,18:30,26.7
주현상,2024,Hanwha,2024-05-25,@ SSG,RP,W,4.5,0.5,2,32,1,1,1,0,1,0,0,,Away,인천 SSG 랜더스필드,17:00,19.6
주현상,2024,Hanwha,2024-05-24,@ SSG,RP,SV,0.0,3.0,1,23,0,0,2,0,2,1,0,,Away,인천 SSG 랜더스필드,18:30,20.8
주현상,2024,Hanwha,2024-05-22,vs. LG,RP,SV,0.0,1.0,1,17,0,0,1,0,2,0,0,,Home,대전 한화생명 볼파크,18:30,25.3
주현상,2024,Hanwha,2024-05-21,vs. LG,RP,,0.0,1.0,1,18,0,0,0,0,0,1,0,,Home,대전 한화생명 볼파크,18:30,24.9
주현상,2024,Hanwha,2024-05-18,@ Samsung,RP,L,0.0,,0,5,1,1,1,1,0,0,0,,Away,대구 삼성 라이온즈 파크,17:00,22.1
주현상,2024,Hanwha,2024-05-14,vs. NC,RP,,0.0,0.0,1,15,0,0,0,0,1,0,0,,Home,대전 한화생명 볼파크,18:30,24.3
주현상,2024,Hanwha,2024-05-12,vs. Kiwoom,RP,SV,0.0,0.75,1 ⅓,22,0,0,1,0,1,0,0,,Home,대전 한화생명 볼파크,14:00,22.2
주현상,2024,Hanwha,2024-05-10,vs. Kiwoom,RP,W,0.0,0.5,2,33,0,0,1,0,2,0,0,,Home,대전 한화생명 볼파크,18:30,23.4
주현상,2024,Hanwha,2024-05-03,@ Kia,RP,,18.0,3.0,1,24,2,2,3,1,3,0,0,,Away,광주 기아 챔피언스 필드,18:30,24.0
주현상,2024,Hanwha,2024-05-02,vs. SSG,RP,,0.0,1.0,1,12,0,0,1,0,0,0,0,,Home,대전 한화생명 볼파크,18:30,22.4
주현상,2024,Hanwha,2024-04-27,vs. Doosan,RP,,0.0,1.0,1,16,0,0,1,0,0,0,0,,Home,대전 한화생명 볼파크,17:00,26.7
주현상,2024,Hanwha,2024-04-19,vs. Samsung,RP,,0.0,0.0,1,17,0,0,0,0,1,0,0,,Home,대전 한화생명 볼파크,18:30,23.6
주현상,2024,Hanwha,2024-04-16,@ NC,RP,SV,0.0,0.0,1,10,0,0,0,0,1,0,0,,Away,창원 NC 파크,18:30,21.0
주현상,2024,Hanwha,2024-04-14,vs. Kia,RP,,0.0,,0,8,1,1,1,1,0,0,0,,Home,대전 한화생명 볼파크,14:00,27.7
주현상,2024,Hanwha,2024-04-13,vs. Kia,RP,,0.0,1.0,1,15,0,0,1,0,0,0,0,,Home,대전 한화생명 볼파크,17:00,27.7
주현상,2024,Hanwha,2024-04-11,@ Doosan,RP,SV,0.0,0.0,1,11,0,0,0,0,1,0,0,,Away,잠실 야구장,18:30,20.1
주현상,2024,Hanwha,2024-04-07,@ Kiwoom,RP,,0.0,1.0,2,28,0,0,1,0,1,1,0,,Away,고척 스카이돔,14:00,25.5
주현상,2024,Hanwha,2024-04-04,vs. Lotte,RP,W,0.0,0.0,1,15,0,0,0,0,1,0,0,,Home,대전 한화생명 볼파크,18:30,14.3
주현상,2024,Hanwha,2024-04-02,vs. Lotte,RP,,0.0,0.75,1 ⅓,20,0,0,1,0,3,0,0,,Home,대전 한화생명 볼파크,18:30,22.9
주현상,2024,Hanwha,2024-03-30,vs. KT,RP,H,0.0,1.2,1 ⅔,20,0,0,2,0,1,0,0,,Home,대전 한화생명 볼파크,17:00,16.1
주현상,2024,Hanwha,2024-03-29,vs. KT,RP,W,0.0,0.0,1 ⅔,10,0,0,0,0,1,0,0,,Home,대전 한화생명 볼파크,18:30,11.7
주현상,2024,Hanwha,2024-03-27,@ SSG,RP,H,0.0,0.0,1,14,0,0,0,0,1,0,0,,Away,인천 SSG 랜더스필드,18:30,10.4
주현상,2024,Hanwha,2024-03-26,@ SSG,RP,,0.0,0.0,1,13,0,0,0,0,1,0,0,,Away,인천 SSG 랜더스필드,18:30,7.8
주현상,2024,Hanwha,2024-03-24,@ LG,RP,,0.0,2.0,1,16,0,0,2,0,0,0,0,,Away,잠실 야구장,14:00,21.7
주현상,2023,Hanwha,2023-10-16,vs. Lotte,RP,,0.0,0.0,1,12,0,0,0,0,1,0,0,,Home,대전 한화생명 볼파크,18:30,15.7
주현상,2023,Hanwha,2023-10-15,vs. Lotte,RP,W,0.0,0.0,1,15,0,0,0,0,1,0,0,,Home,대전 한화생명 볼파크,14:00,19.0
주현상,2023,Hanwha,2023-10-14,vs. Lotte,RP,,0.0,0.6,1 ⅔,16,0,0,1,0,0,0,1,,Home,대전 한화생명 볼파크,17:00,19.3
주현상,2023,Hanwha,2023-10-10,@ NC,RP,,0.0,1.0,2,20,0,0,2,0,0,0,0,,Away,창원 NC 파크,18:30,20.5
주현상,2023,Hanwha,2023-10-09,@ NC,RP,,0.0,0.0,1 ⅔,17,0,0,0,0,0,0,0,,Away,창원 NC 파크,18:30,20.3
주현상,2023,Hanwha,2023-10-04,@ Samsung,RP,,0.0,0.0,1 ⅓,11,0,0,0,0,0,0,0,,Away,대구 삼성 라이온즈 파크,18:30,22.8
주현상,2023,Hanwha,2023-10-01,vs. NC,RP,H,0.0,0.0,1,8,0,0,0,0,1,0,0,,Home,대전 한화생명 볼파크,14:00,22.9
주현상,2023,Hanwha,2023-09-27,vs. Samsung,RP,H,0.0,0.0,1,9,0,0,0,0,0,0,0,,Home,대전 한화생명 볼파크,18:30,24.2
주현상,2023,Hanwha,2023-09-27,vs. Samsung,RP,,0.0,0.0,0 ⅓,5,0,0,0,0,1,0,0,,Home,대전 한화생명 볼파크,18:30,24.2
주현상,2023,Hanwha,2023-09-24,@ LG,RP,,9.0,1.0,1,20,1,1,1,1,1,0,0,,Away,잠실 야구장,14:00,24.5
주현상,2023,Hanwha,2023-09-23,@ LG,RP,,0.0,0.0,1,16,0,0,0,0,2,0,0,,Away,잠실 야구장,17:00,26.0
주현상,2023,Hanwha,2023-09-18,vs. KT,RP,,0.0,1.0,1,13,0,0,1,0,1,0,0,,Home,대전 한화생명 볼파크,18:30,27.4
주현상,2023,Hanwha,2023-09-17,vs. KT,RP,,0.0,0.0,1,12,0,0,0,0,1,0,0,,Home,대전 한화생명 볼파크,14:00,29.3
주현상,2023,Hanwha,2023-09-15,vs. LG,RP,,0.0,3.0,0 ⅔,23,0,0,0,0,1,2,0,,Home,대전 한화생명 볼파크,18:30,25.1
주현상,2023,Hanwha,2023-09-10,@ Kiwoom,RP,H,0.0,1.0,1,9,0,0,1,0,2,0,0,,Away,고척 스카이돔,14:00,25.5
주현상,2023,Hanwha,2023-09-09,@ Kiwoom,RP,H,0.0,3.0,0 ⅔,13,0,0,1,0,0,1,0,,Away,고척 스카이돔,17:00,25.5
주현상,2023,Hanwha,2023-09-08,@ Kiwoom,RP,H,0.0,1.0,1,17,0,0,1,0,2,0,0,,Away,고척 스카이돔,18:30,25.5
주현상,2023,Hanwha,2023-09-06,vs. SSG,RP,H,0.0,1.0,1,10,0,0,1,0,0,0,0,,Home,대전 한화생명 볼파크,18:30,28.2
주현상,2023,Hanwha,2023-09-05,vs. SSG,RP,L,27.0,3.0,0 ⅔,20,2,2,2,0,0,0,1,,Home,대전 한화생명 볼파크,18:30,29.2
주현상,2023,Hanwha,2023-09-03,@ LG,RP,H,0.0,0.5,2,21,0,0,1,0,0,0,0,,Away,잠실 야구장,14:00,29.9
주현상,2023,Hanwha,2023-09-02,@ LG,RP,H,0.0,0.0,1,16,0,0,0,0,1,0,0,,Away,잠실 야구장,17:00,28.8
주현상,2023,Hanwha,2023-08-31,vs. Lotte,RP,,6.75,0.75,1 ⅓,20,1,1,1,0,0,0,0,,Home,대전 한화생명 볼파크,18:30,26.1
주현상,2023,Hanwha,2023-08-27,@ Kia,RP,,0.0,0.0,1 ⅔,28,0,0,0,0,1,0,0,,Away,광주 기아 챔피언스 필드,17:00,31.9
주현상,2023,Hanwha,2023-08-22,vs. Samsung,RP,,0.0,1.0,1,18,0,0,1,0,0,0,0,,Home,대전 한화생명 볼파크,18:30,29.9
주현상,2023,Hanwha,2023-08-20,vs. KT,RP,,0.0,0.0,1,11,0,0,0,0,0,0,0,,Home,대전 한화생명 볼파크,17:00,32.9
주현상,2023,Hanwha,2023-08-19,vs. KT,RP,,0.0,0.0,1,12,0,0,0,0,1,0,0,,Home,대전 한화생명 볼파크,18:00,32.4
주현상,2023,Hanwha,2023-08-16,@ NC,RP,H,0.0,1.0,1,18,0,0,0,0,1,1,0,,Away,창원 NC 파크,18:30,28.8
주현상,2023,Hanwha,2023-08-15,@ NC,RP,,0.0,0.75,1 ⅓,20,0,0,0,0,1,1,0,,Away,창원 NC 파크,18:30,29.8
주현상,2023,Hanwha,2023-08-13,vs. Doosan,RP,,0.0,0.0,1,10,0,0,0,0,0,0,0,,Home,대전 한화생명 볼파크,17:00,31.9
주현상,2023,Hanwha,2023-08-09,@ KT,RP,,0.0,0.0,1,9,0,0,0,0,0,0,0,,Away,수원 KT 위즈파크,18:30,31.1
주현상,2023,Hanwha,2023-08-06,@ Kia,RP,,0.0,,0,6,1,1,2,0,0,0,0,,Away,광주 기아 챔피언스 필드,17:00,34.6
주현상,2023,Hanwha,2023-08-05,@ Kia,RP,,13.5,3.0,0 ⅔,16,1,1,2,0,1,0,0,,Away,광주 기아 챔피언스 필드,18:00,35.1
주현상,2023,Hanwha,2023-08-03,vs. Doosan,RP,,13.5,4.5,0 ⅔,27,1,1,3,0,1,0,0,,Home,대전 한화생명 볼파크,18:30,33.4
주현상,2023,Hanwha,2023-08-02,vs. Doosan,RP,,0.0,1.0,1,12,0,0,0,0,0,1,1,,Home,대전 한화생명 볼파크,18:30,32.8
주현상,2023,Hanwha,2023-07-30,@ SSG,RP,,0.0,0.0,1 ⅔,25,0,0,0,0,1,0,0,,Away,인천 SSG 랜더스필드,17:00,33.6
주현상,2023,Hanwha,2023-07-28,@ SSG,RP,W,9.0,1.0,1,22,1,1,1,1,2,0,0,,Away,인천 SSG 랜더스필드,18:30,31.7
주현상,2023,Hanwha,2023-07-26,@ Kiwoom,RP,H,0.0,0.0,1 ⅔,17,0,0,0,0,0,0,0,,Away,고척 스카이돔,18:30,25.5
주현상,2023,Hanwha,2023-07-25,@ Kiwoom,RP,,0.0,0.0,1,7,0,0,0,0,0,0,0,,Away,고척 스카이돔,18:30,25.5
주현상,2023,Hanwha,2023-07-22,vs. NC,RP,,0.0,0.0,0 ⅓,1,0,0,0,0,0,0,0,,Home,대전 한화생명 볼파크,18:00,26.7
주현상,2023,Hanwha,2023-07-08,vs. SSG,RP,,0.0,1.0,1,12,0,0,1,0,1,0,0,,Home,대전 한화생명 볼파크,18:00,29.9
주현상,2023,Hanwha,2023-07-06,vs. Lotte,RP,,0.0,0.0,1,9,0,0,0,0,1,0,0,,Home,대전 한화생명 볼파크,18:30,28.6
주현상,2023,Hanwha,2023-07-05,vs. Lotte,RP,H,0.0,0.0,1,15,0,0,0,0,2,0,0,,Home,대전 한화생명 볼파크,18:30,26.6
주현상,2023,Hanwha,2023-07-01,@ Samsung,RP,,0.0,2.0,1,20,0,0,2,0,1,0,0,,Away,대구 삼성 라이온즈 파크,18:00,26.1
주현상,2023,Hanwha,2023-06-28,vs. KT,RP,,0.0,0.0,1 ⅔,21,0,0,0,0,1,0,0,,Home,대전 한화생명 볼파크,18:30,28.0
주현상,2023,Hanwha,2023-06-23,@ NC,RP,,0.0,1.0,1,14,0,0,1,0,2,0,0,,Away,창원 NC 파크,18:30,24.6
주현상,2023,Hanwha,2023-06-22,vs. Kia,RP,H,0.0,1.0,1,18,0,0,0,0,2,1,0,,Home,대전 한화생명 볼파크,18:30,26.5
주현상,2023,Hanwha,2023-06-20,vs. Kia,RP,,0.0,1.0,1,17,0,0,0,0,0,1,0,,Home,대전 한화생명 볼파크,18:30,26.3
주현상,2023,Hanwha,2023-06-18,vs. Kiwoom,RP,,0.0,0.0,1 ⅓,20,0,0,0,0,2,0,0,,Home,대전 한화생명 볼파크,17:00,30.6
주현상,2023,Hanwha,2023-06-16,vs. Kiwoom,RP,,0.0,0.5,2,25,0,0,0,0,2,1,0,,Home,대전 한화생명 볼파크,18:30,28.9
주현상,2023,Hanwha,2023-05-24,vs. Kia,RP,,9.0,3.0,1,21,1,1,3,0,2,0,0,,Home,대전 한화생명 볼파크,18:30,23.6
주현상,2023,Hanwha,2023-05-21,@ LG,RP,,0.0,0.0,1,14,0,0,0,0,1,0,0,,Away,잠실 야구장,14:00,21.2
주현상,2023,Hanwha,2023-05-18,vs. Lotte,RP,,11.57,2.57,2 ⅓,50,3,3,4,0,2,2,0,,Home,대전 한화생명 볼파크,18:30,18.4
주현상,2023,Hanwha,2023-04-07,vs. SSG,RP,,0.0,2.0,1,26,0,0,0,0,0,2,0,,Home,대전 한화생명 볼파크,18:30,11.9
주현상,2023,Hanwha,2023-04-02,@ Kiwoom,RP,L,0.0,,0,19,1,1,2,0,0,2,0,,Away,고척 스카이돔,14:00,25.5
주현상,2023,Hanwha,2023-04-01,@ Kiwoom,RP,,0.0,0.0,1,14,0,0,0,0,2,0,0,,Away,고척 스카이돔,14:00,25.5
주현상,2022,Hanwha,2022-10-08,@ NC,RP,,0.0,0.0,1,14,0,0,0,0,2,0,0,,Away,창원 NC 파크,17:00,18.7
주현상,2022,Hanwha,2022-10-06,vs. Kiwoom,RP,,0.0,0.0,0 ⅔,10,0,0,0,0,0,0,0,,Home,대전 한화생명 볼파크,18:30,17.8
주현상,2022,Hanwha,2022-09-28,vs. LG,RP,,9.0,2.0,1,30,1,1,2,0,0,0,1,,Home,대전 한화생명 볼파크,18:30,23.0
주현상,2022,Hanwha,2022-09-25,@ Doosan,RP,,0.0,0.0,0 ⅔,4,0,0,0,0,0,0,0,,Away,잠실 야구장,14:00,23.4
주현상,2022,Hanwha,2022-09-24,@ LG,RP,H,0.0,0.0,0 ⅔,11,0,0,0,0,0,0,0,,Away,잠실 야구장,17:00,22.9
주현상,2022,Hanwha,2022-09-21,vs. Lotte,RP,,13.5,1.5,1 ⅓,18,2,2,1,0,0,1,0,,Home,대전 한화생명 볼파크,18:30,20.9
주현상,2022,Hanwha,2022-09-16,@ Kia,RP,SV,0.0,1.0,1,12,0,0,1,0,1,0,0,,Away,광주 기아 챔피언스 필드,18:30,29.0
주현상,2022,Hanwha,2022-09-13,vs. KT,RP,,0.0,0.0,1,14,0,0,0,0,2,0,0,,Home,대전 한화생명 볼파크,18:30,26.8
주현상,2022,Hanwha,2022-09-11,vs. SSG,RP,,0.0,0.0,1,10,0,0,0,0,0,0,0,,Home,대전 한화생명 볼파크,14:00,27.0
주현상,2022,Hanwha,2022-09-09,@ Doosan,RP,,81.0,9.0,0 ⅓,12,3,3,2,0,0,1,0,,Away,잠실 야구장,18:30,27.0
주현상,2022,Hanwha,2022-09-01,@ Kiwoom,RP,,0.0,1.0,1,10,0,0,1,0,0,0,0,,Away,고척 스카이돔,18:30,25.5
주현상,2022,Hanwha,2022-08-24,vs. LG,RP,,0.0,1.0,1,16,0,0,1,0,1,0,0,,Home,대전 한화생명 볼파크,18:30,24.5
주현상,2022,Hanwha,2022-08-21,@ Lotte,RP,,0.0,0.86,2 ⅓,28,0,0,2,0,1,0,1,,Away,사직 야구장,17:00,28.5
주현상,2022,Hanwha,2022-08-17,@ NC,RP,,0.0,0.5,2,17,0,0,1,0,0,0,0,,Away,창원 NC 파크,18:30,27.0
주현상,2022,Hanwha,2022-08-14,vs. Kiwoom,RP,,18.0,2.0,1,20,2,2,2,1,0,0,0,,Home,대전 한화생명 볼파크,17:00,31.3
주현상,2022,Hanwha,2022-08-12,vs. LG,RP,,0.0,1.0,1,11,0,0,1,0,1,0,0,,Home,대전 한화생명 볼파크,18:30,30.9
주현상,2022,Hanwha,2022-07-09,@ Kia,RP,L,27.0,3.0,0 ⅔,14,2,2,1,1,1,1,0,,Away,광주 기아 챔피언스 필드,18:00,31.7
주현상,2022,Hanwha,2022-07-07,vs. NC,RP,,27.0,4.0,1,36,3,3,4,0,1,0,0,,Home,대전 한화생명 볼파크,18:30,31.5
주현상,2022,Hanwha,2022-07-06,vs. NC,RP,,0.0,0.0,0 ⅔,8,0,0,0,0,1,0,0,,Home,대전 한화생명 볼파크,18:30,32.7
주현상,2022,Hanwha,2022-06-29,vs. SSG,RP,,0.0,0.5,4,47,0,0,2,0,4,0,0,,Home,대전 한화생명 볼파크,18:30,29.3
주현상,2022,Hanwha,2022-06-25,vs. Samsung,RP,,9.0,2.0,1,15,1,1,2,0,0,0,0,,Home,대전 한화생명 볼파크,17:00,31.7
주현상,2022,Hanwha,2022-06-21,@ LG,RP,,10.13,1.88,2 ⅔,42,3,3,5,1,2,0,0,,Away,잠실 야구장,18:30,30.9
주현상,2022,Hanwha,2022-06-15,vs. Lotte,RP,,0.0,0.0,1,13,0,0,0,0,1,0,0,,Home,대전 한화생명 볼파크,18:30,24.4
주현상,2022,Hanwha,2022-06-12,@ SSG,RP,,54.0,7.5,0 ⅔,24,4,4,4,0,0,1,0,,Away,인천 SSG 랜더스필드,17:00,24.9
주현상,2022,Hanwha,2022-06-07,@ Doosan,RP,,0.0,1.0,1,13,0,0,1,0,1,0,0,,Away,잠실 야구장,18:30,22.9
주현상,2022,Hanwha,2022-06-02,vs. NC,RP,,9.0,3.0,1,29,1,1,2,0,1,1,0,,Home,대전 한화생명 볼파크,18:30,27.0
주현상,2022,Hanwha,2022-05-29,@ KT,RP,,0.0,1.0,1,16,0,0,1,0,2,0,0,,Away,수원 KT 위즈파크,14:00,26.6
주현상,2022,Hanwha,2022-05-26,vs. Doosan,RP,,33.75,5.25,1 ⅓,43,5,5,6,0,0,1,0,,Home,대전 한화생명 볼파크,18:30,24.0
주현상,2022,Hanwha,2022-05-21,@ Kiwoom,RP,,33.75,3.75,1 ⅓,27,5,5,5,1,0,0,0,,Away,고척 스카이돔,17:00,25.5
주현상,2022,Hanwha,2022-05-18,vs. Samsung,RP,,9.0,2.0,1,15,1,1,1,0,1,1,0,,Home,대전 한화생명 볼파크,18:30,25.5
주현상,2022,Hanwha,2022-05-17,vs. Samsung,RP,H,0.0,0.0,1,10,0,0,0,0,1,0,0,,Home,대전 한화생명 볼파크,18:30,25.7
주현상,2022,Hanwha,2022-05-13,vs. Lotte,RP,,18.0,3.0,1,23,2,2,2,0,1,1,0,,Home,대전 한화생명 볼파크,18:30,20.5
주현상,2022,Hanwha,2022-05-11,@ LG,RP,,0.0,0.5,2,33,0,0,1,0,1,0,2,,Away,잠실 야구장,18:30,21.2
주현상,2022,Hanwha,2022-05-08,vs. Kia,RP,,9.0,2.0,1,19,1,1,2,0,0,0,0,,Home,대전 한화생명 볼파크,14:00,22.4
주현상,2022,Hanwha,2022-05-06,vs. Kia,RP,,0.0,0.6,1 ⅔,14,0,0,1,0,1,0,0,,Home,대전 한화생명 볼파크,18:30,24.3
주현상,2022,Hanwha,2022-05-04,@ SSG,RP,,4.5,1.5,2,24,1,1,3,0,0,0,0,,Away,인천 SSG 랜더스필드,18:30,18.1
주현상,2022,Hanwha,2022-04-30,@ NC,RP,H,0.0,2.0,1,17,0,0,2,0,1,0,0,,Away,창원 NC 파크,17:00,16.7
주현상,2022,Hanwha,2022-04-28,vs. Kiwoom,RP,,0.0,0.0,1,12,0,0,0,0,0,0,0,,Home,대전 한화생명 볼파크,18:30,20.1
주현상,2022,Hanwha,2022-04-23,vs. SSG,RP,,0.0,0.0,1 ⅓,20,0,0,0,0,1,0,0,,Home,대전 한화생명 볼파크,17:00,25.4
주현상,2022,Hanwha,2022-04-21,@ Lotte,RP,,54.0,12.0,0 ⅓,23,3,2,3,0,0,1,0,,Away,사직 야구장,18:30,14.4
주현상,2022,Hanwha,2022-04-19,@ Lotte,RP,,0.0,0.0,1,10,0,0,0,0,0,0,0,,Away,사직 야구장,18:30,17.4
주현상,2022,Hanwha,2022-04-17,vs. LG,RP,,40.5,3.0,0 ⅔,16,3,3,1,1,0,1,1,,Home,대전 한화생명 볼파크,14:00,20.8
주현상,2022,Hanwha,2022-04-15,vs. LG,RP,,0.0,2.0,1,24,0,0,1,0,0,1,0,,Home,대전 한화생명 볼파크,18:30,16.9
주현상,2022,Hanwha,2022-04-14,@ Samsung,RP,,0.0,3.0,0 ⅓,7,0,0,1,0,0,0,0,,Away,대구 삼성 라이온즈 파크,18:30,11.1
주현상,2022,Hanwha,2022-04-12,@ Samsung,RP,,0.0,2.0,1,18,0,0,1,0,1,1,0,,Away,대구 삼성 라이온즈 파크,18:30,17.3
주현상,2022,Hanwha,2022-04-10,vs. KT,RP,,0.0,1.0,1,12,0,0,1,0,0,0,0,,Home,대전 한화생명 볼파크,14:00,26.7
주현상,2022,Hanwha,2022-04-08,vs. KT,RP,,0.0,1.0,1,17,0,0,0,0,2,1,0,,Home,대전 한화생명 볼파크,18:30,20.8
주현상,2022,Hanwha,2022-04-07,@ Kia,RP,,0.0,2.0,1,19,0,0,1,0,0,1,0,,Away,광주 기아 챔피언스 필드,18:30,16.9
주현상,2022,Hanwha,2022-04-02,@ Doosan,RP,,0.0,1.5,0 ⅔,19,0,0,1,0,1,0,0,,Away,잠실 야구장,14:00,14.0
주현상,2021,Hanwha,2021-10-30,vs. Doosan,RP,,0.0,0.0,1 ⅔,19,0,0,0,0,3,0,0,,Home,대전 한화생명 볼파크,17:00,17.0
주현상,2021,Hanwha,2021-10-28,vs. LG,RP,,0.0,2.0,1,28,0,0,0,0,1,2,0,,Home,대전 한화생명 볼파크,18:30,15.1
주현상,2021,Hanwha,2021-10-25,vs. Kiwoom,RP,,5.4,1.8,1 ⅔,44,1,1,2,1,1,1,0,,Home,대전 한화생명 볼파크,18:30,13.7
주현상,2021,Hanwha,2021-10-22,@ Lotte,RP,L,0.0,,0,3,1,1,1,1,0,0,0,,Away,사직 야구장,18:30,14.6
주현상,2021,Hanwha,2021-10-17,@ KT,RP,H,0.0,0.0,1,18,0,0,0,0,1,0,0,,Away,수원 KT 위즈파크,14:00,8.4
주현상,2021,Hanwha,2021-10-10,vs. Kia,RP,,0.0,1.5,1 ⅓,28,1,0,2,0,1,0,0,,Home,대전 한화생명 볼파크,14:00,28.2
주현상,2021,Hanwha,2021-10-07,vs. SSG,RP,W,0.0,1.5,1 ⅓,12,0,0,1,0,0,1,0,,Home,대전 한화생명 볼파크,18:30,20.1
주현상,2021,Hanwha,2021-10-06,vs. Doosan,RP,H,0.0,0.0,0 ⅓,5,0,0,0,0,1,0,0,,Home,대전 한화생명 볼파크,18:30,24.7
주현상,2021,Hanwha,2021-10-02,@ Kia,RP,,0.0,0.5,2,34,0,0,1,0,1,0,0,,Away,광주 기아 챔피언스 필드,17:00,28.0
주현상,2021,Hanwha,2021-09-28,vs. Kiwoom,RP,,0.0,0.0,0 ⅔,9,0,0,0,0,0,0,0,,Home,대전 한화생명 볼파크,18:30,25.1
주현상,2021,Hanwha,2021-09-19,vs. Lotte,RP,,0.0,3.0,0 ⅓,13,0,0,0,0,0,1,0,,Home,대전 한화생명 볼파크,14:00,27.0
주현상,2021,Hanwha,2021-09-17,@ Kiwoom,RP,W,0.0,0.5,2,29,0,0,1,0,0,0,0,,Away,고척 스카이돔,18:30,25.5
주현상,2021,Hanwha,2021-09-14,@ SSG,RP,,9.0,2.0,1,16,1,1,2,0,1,0,0,,Away,인천 SSG 랜더스필드,18:30,26.1
주현상,2021,Hanwha,2021-09-12,vs. Samsung,RP,,13.5,1.5,2,32,3,3,3,1,2,0,0,,Home,대전 한화생명 볼파크,14:00,28.7
주현상,2021,Hanwha,2021-09-09,@ LG,RP,,0.0,1.0,1,18,0,0,1,0,0,0,0,,Away,잠실 야구장,18:30,27.8
주현상,2021,Hanwha,2021-09-07,@ NC,RP,,0.0,0.0,1,12,0,0,0,0,2,0,0,,Away,창원 NC 파크,18:30,27.5
주현상,2021,Hanwha,2021-07-10,@ SSG,RP,H,0.0,0.0,1,13,0,0,0,0,1,0,0,,Away,인천 SSG 랜더스필드,18:00,27.2
주현상,2021,Hanwha,2021-07-07,vs. Kia,RP,,0.0,0.0,1,11,0,0,0,0,1,0,0,,Home,대전 한화생명 볼파크,18:30,30.8
주현상,2021,Hanwha,2021-07-05,@ LG,RP,,0.0,0.0,1,11,0,0,0,0,0,0,0,,Away,잠실 야구장,18:30,27.2
주현상,2021,Hanwha,2021-07-04,@ LG,RP,,0.0,0.0,1,11,0,0,0,0,1,0,0,,Away,잠실 야구장,17:00,24.4
주현상,2021,Hanwha,2021-06-26,vs. KT,RP,,20.25,3.75,1 ⅓,45,3,3,2,1,0,3,0,,Home,대전 한화생명 볼파크,17:00,27.2
주현상,2021,Hanwha,2021-06-22,@ Samsung,RP,,0.0,2.0,1,23,0,0,2,0,1,0,0,,Away,대구 삼성 라이온즈 파크,18:30,23.0
주현상,2021,Hanwha,2021-06-19,vs. SSG,RP,,0.0,0.6,1 ⅔,25,0,0,1,0,0,0,1,,Home,대전 한화생명 볼파크,17:00,28.4
주현상,2021,Hanwha,2021-06-16,vs. Lotte,RP,,0.0,1.5,2,44,0,0,2,0,3,1,0,,Home,대전 한화생명 볼파크,18:30,27.2
주현상,2021,Hanwha,2021-06-11,@ KT,RP,L,9.0,2.0,1,18,1,1,2,0,1,0,0,,Away,수원 KT 위즈파크,18:30,26.0
주현상,2021,Hanwha,2021-06-09,vs. Kiwoom,RP,,0.0,1.5,1 ⅓,22,0,0,2,0,2,0,0,,Home,대전 한화생명 볼파크,18:30,30.6
주현상,2021,Hanwha,2021-06-06,@ NC,RP,,0.0,,0,2,1,1,1,0,0,0,0,,Away,창원 NC 파크,17:00,24.6
주현상,2021,Hanwha,2021-06-01,vs. Kia,RP,H,0.0,0.0,1 ⅓,18,0,0,0,0,0,0,0,,Home,대전 한화생명 볼파크,18:30,26.0
주현상,2021,Hanwha,2021-05-30,vs. SSG,RP,,0.0,0.0,0 ⅔,6,0,0,0,0,0,0,0,,Home,대전 한화생명 볼파크,14:00,27.0
주현상,2021,Hanwha,2021-05-29,vs. SSG,RP,,0.0,0.75,1 ⅓,22,0,0,1,0,2,0,0,,Home,대전 한화생명 볼파크,17:00,23.2
주현상,2021,Hanwha,2021-05-26,@ Doosan,RP,,27.0,12.0,0 ⅓,17,1,1,2,0,0,2,0,,Away,잠실 야구장,18:30,20.7
주현상,2021,Hanwha,2021-05-23,vs. KT,RP,,0.0,2.0,1,28,0,0,0,0,0,2,0,,Home,대전 한화생명 볼파크,14:00,26.4
주현상,2021,Hanwha,2021-05-19,vs. Lotte,RP,,13.5,3.0,0 ⅔,27,1,1,1,0,1,1,0,,Home,대전 한화생명 볼파크,18:30,25.2
주현상,2021,Hanwha,2021-05-15,@ Kiwoom,RP,,0.0,1.5,2,39,0,0,1,0,2,2,0,,Away,고척 스카이돔,17:00,25.5
주현상,2021,Hanwha,2021-05-11,vs. NC,RP,,0.0,2.0,2,50,0,0,2,0,2,2,0,,Home,대전 한화생명 볼파크,18:30,18.3
주현상,2021,Hanwha,2021-05-08,@ LG,RP,,0.0,0.75,1 ⅓,20,0,0,0,0,1,1,0,,Away,잠실 야구장,17:00,18.0
주현상,2021,Hanwha,2021-04-30,@ Lotte,RP,,7.71,2.14,2 ⅓,49,2,2,5,0,1,0,0,,Away,사직 야구장,18:30,18.3
주현상,2021,Hanwha,2021-04-24,vs. LG,RP,,0.0,1.0,1,11,0,0,1,0,0,0,0,,Home,대전 한화생명 볼파크,17:00,22.9
주현상,2021,Hanwha,2021-04-22,vs. Kiwoom,RP,,9.0,2.0,1,16,1,1,2,1,0,0,0,,Home,대전 한화생명 볼파크,18:30,25.5
주현상,2021,Hanwha,2021-04-16,@ NC,RP,,36.0,6.0,1,26,4,4,4,1,0,2,0,,Away,창원 NC 파크,18:30,16.8
주현상,2021,Hanwha,2021-04-13,@ Samsung,RP,,0.0,1.0,1,17,0,0,1,0,0,0,0,,Away,대구 삼성 라이온즈 파크,18:30,19.0
주현상,2021,Hanwha,2021-04-09,vs. Doosan,RP,,0.0,0.0,1,17,0,0,0,0,0,0,0,,Home,대전 한화생명 볼파크,18:30,15.8
주현상,2021,Hanwha,2021-04-07,@ SSG,RP,,0.0,0.0,1 ⅔,17,0,0,0,0,0,0,0,,Away,인천 SSG 랜더스필드,18:30,15.3
김승일,2024,Hanwha,2024-09-28,vs. SSG,RP,,13.5,1.5,0 ⅔,15,1,1,1,0,0,0,1,,Home,대전 한화생명 볼파크,17:00,26.2
김승일,2024,Hanwha,2024-09-27,vs. Kia,RP,,0.0,0.0,1,12,0,0,0,0,0,0,0,,Home,대전 한화생명 볼파크,18:30,24.4
김승일,2024,Hanwha,2024-09-18,@ NC,RP,,0.0,2.25,1 ⅓,27,0,0,3,0,2,0,0,,Away,창원 NC 파크,18:30,31.3
엄상백,2024,KT,2024-09-24,vs. Lotte,SP,,0.0,1.2,5,88,1,0,5,0,3,1,1,56.0,Home,수원 KT 위즈파크,18:30,23.7
엄상백,2024,KT,2024-09-17,@ Kiwoom,SP,W,1.69,1.31,5 ⅓,86,1,1,4,0,5,3,1,57.0,Away,고척 스카이돔,18:30,25.5
엄상백,2024,KT,2024-09-11,vs. NC,SP,W,0.0,1.4,5,99,0,0,5,0,4,2,0,59.0,Home,수원 KT 위즈파크,18:30,29.8
엄상백,2024,KT,2024-08-30,vs. LG,SP,L,12.71,2.29,5 ⅔,114,8,8,11,2,4,2,0,17.0,Home,수원 KT 위즈파크,18:30,30.1
엄상백,2024,KT,2024-08-24,@ SSG,SP,W,3.18,1.24,5 ⅔,97,2,2,6,0,3,1,0,51.0,Away,인천 SSG 랜더스필드,18:00,30.9
엄상백,2024,KT,2024-08-18,vs. Doosan,SP,,4.5,1.17,6,95,3,3,6,2,10,1,0,57.0,Home,수원 KT 위즈파크,17:00,29.9
엄상백,2024,KT,2024-08-13,@ Samsung,SP,L,13.5,2.25,4,93,6,6,9,3,2,0,0,22.0,Away,대구 삼성 라이온즈 파크,18:30,31.7
엄상백,2024,KT,2024-08-07,@ Kia,SP,W,0.0,1.67,6,97,0,0,6,0,2,4,0,58.0,Away,광주 기아 챔피언스 필드,18:30,32.4
엄상백,2024,KT,2024-08-01,vs. Hanwha,SP,L,18.0,2.2,5,102,10,10,11,2,3,0,2,6.0,Home,수원 KT 위즈파크,18:30,33.1
엄상백,2024,KT,2024-07-26,@ Samsung,SP,W,1.29,0.29,7,90,1,1,2,1,9,0,0,78.0,Away,대구 삼성 라이온즈 파크,18:30,31.5
엄상백,2024,KT,2024-07-19,vs. NC,SP,,0.0,0.5,6,94,0,0,1,0,8,2,1,75.0,Home,수원 KT 위즈파크,18:30,30.7
엄상백,2024,KT,2024-07-13,@ Lotte,SP,W,3.68,0.55,7 ⅓,87,3,3,3,0,6,1,1,64.0,Away,사직 야구장,18:00,27.2
엄상백,2024,KT,2024-07-04,@ Hanwha,SP,,10.13,2.25,2 ⅔,68,3,3,5,0,2,1,0,37.0,Away,대전 한화생명 볼파크,18:30,31.8
엄상백,2024,KT,2024-06-23,@ LG,SP,W,3.6,1.4,5,116,2,2,5,1,4,2,0,51.0,Away,잠실 야구장,17:00,28.6
엄상백,2024,KT,2024-06-18,vs. Lotte,SP,W,6.0,1.0,6,101,4,4,5,2,8,1,0,53.0,Home,수원 KT 위즈파크,18:30,27.2
엄상백,2024,KT,2024-06-12,@ NC,SP,W,7.11,1.11,6 ⅓,100,5,5,6,2,9,1,0,49.0,Away,창원 NC 파크,18:30,28.3
엄상백,2024,KT,2024-06-06,vs. Hanwha,SP,L,1.35,0.9,6 ⅔,100,1,1,6,0,7,0,0,65.0,Home,수원 KT 위즈파크,18:30,25.6
엄상백,2024,KT,2024-05-31,@ Kia,SP,W,4.5,1.33,6,96,3,3,6,0,5,2,0,51.0,Away,광주 기아 챔피언스 필드,18:30,24.8
엄상백,2024,KT,2024-05-25,vs. Kiwoom,SP,W,0.0,1.0,5,82,1,0,4,0,7,1,0,63.0,Home,수원 KT 위즈파크,17:00,23.3
엄상백,2024,KT,2024-05-14,vs. Lotte,SP,,3.0,1.0,6,85,2,2,4,1,7,2,0,61.0,Home,수원 KT 위즈파크,18:30,21.7
엄상백,2024,KT,2024-05-08,vs. NC,SP,,6.75,1.31,5 ⅓,104,4,4,6,2,9,1,0,48.0,Home,수원 KT 위즈파크,18:30,17.6
엄상백,2024,KT,2024-05-02,@ Kia,SP,W,5.4,1.4,5,106,3,3,6,2,9,1,0,51.0,Away,광주 기아 챔피언스 필드,18:30,21.0
엄상백,2024,KT,2024-04-26,@ SSG,SP,L,4.05,1.05,6 ⅔,88,4,3,7,1,5,0,0,51.0,Away,인천 SSG 랜더스필드,18:30,20.5
엄상백,2024,KT,2024-04-21,@ Lotte,SP,L,7.5,1.33,6,93,5,5,7,2,7,1,0,44.0,Away,사직 야구장,14:00,17.6
엄상백,2024,KT,2024-04-14,vs. SSG,SP,L,7.2,1.6,5,90,4,4,7,0,5,1,0,41.0,Home,수원 KT 위즈파크,14:00,27.3
엄상백,2024,KT,2024-04-09,@ NC,SP,W,1.8,1.4,5,104,1,1,4,0,5,3,0,57.0,Away,창원 NC 파크,18:30,15.0
엄상백,2024,KT,2024-04-03,vs. Kia,SP,L,5.4,1.4,5,78,3,3,7,1,4,0,0,45.0,Home,수원 KT 위즈파크,18:30,16.1
엄상백,2024,KT,2024-03-30,@ Hanwha,SP,L,12.0,2.33,3,82,4,4,4,2,4,3,1,35.0,Away,대전 한화생명 볼파크,17:00,16.1
엄상백,2024,KT,2024-03-24,vs. Samsung,SP,L,9.0,2.75,4,81,4,4,6,0,3,5,0,32.0,Home,수원 KT 위즈파크,14:00,20.8
엄상백,2023,KT,2023-08-22,vs. Kia,SP,,6.35,1.24,5 ⅔,103,4,4,5,1,4,2,1,44.0,Home,수원 KT 위즈파크,18:30,30.5
엄상백,2023,KT,2023-08-16,@ Doosan,SP,W,0.0,0.67,6,85,0,0,3,0,7,1,1,71.0,Away,잠실 야구장,18:30,30.3
엄상백,2023,KT,2023-08-09,vs. Hanwha,SP,W,6.43,1.14,7,100,5,5,7,3,4,1,0,46.0,Home,수원 KT 위즈파크,18:30,31.1
엄상백,2023,KT,2023-08-03,vs. SSG,SP,W,1.29,1.14,7,95,1,1,6,0,5,2,0,64.0,Home,수원 KT 위즈파크,18:30,32.2
엄상백,2023,KT,2023-07-28,@ NC,SP,W,3.0,1.0,6,95,2,2,6,0,5,0,0,57.0,Away,창원 NC 파크,18:30,32.8
엄상백,2023,KT,2023-07-22,@ Samsung,SP,,2.7,1.05,6 ⅔,93,2,2,5,1,4,2,0,58.0,Away,대구 삼성 라이온즈 파크,18:00,27.1
엄상백,2023,KT,2023-07-07,vs. Kia,SP,,2.57,0.86,7,102,2,2,4,0,6,2,0,65.0,Home,수원 KT 위즈파크,18:30,26.0
엄상백,2023,KT,2023-06-30,vs. NC,RP,,0.0,0.75,1 ⅓,15,0,0,0,0,0,1,0,,Home,수원 KT 위즈파크,18:30,29.5
엄상백,2023,KT,2023-06-24,@ Kia,SP,L,4.5,1.0,6,97,3,3,4,1,5,2,0,55.0,Away,광주 기아 챔피언스 필드,17:00,28.8
엄상백,2023,KT,2023-06-18,vs. Samsung,SP,,9.0,2.0,5,101,5,5,9,0,6,1,0,34.0,Home,수원 KT 위즈파크,17:00,27.6
엄상백,2023,KT,2023-06-13,@ SSG,SP,L,5.4,1.6,5,96,3,3,7,0,1,1,0,41.0,Away,인천 SSG 랜더스필드,18:30,23.7
엄상백,2023,KT,2023-06-07,@ Lotte,SP,,0.0,0.43,7,94,1,0,3,0,4,0,0,73.0,Away,사직 야구장,18:30,22.9
엄상백,2023,KT,2023-05-31,@ Kia,SP,L,10.8,2.4,5,104,6,6,10,0,5,2,0,26.0,Away,광주 기아 챔피언스 필드,18:30,26.7
엄상백,2023,KT,2023-05-25,vs. Kiwoom,SP,W,0.0,0.83,6,88,0,0,4,0,4,1,0,67.0,Home,수원 KT 위즈파크,18:30,21.9
엄상백,2023,KT,2023-05-19,vs. Doosan,SP,W,1.8,1.2,5,102,1,1,4,0,3,2,0,56.0,Home,수원 KT 위즈파크,18:30,24.9
엄상백,2023,KT,2023-05-13,vs. Lotte,SP,L,9.0,1.8,5,98,5,5,7,0,4,2,0,35.0,Home,수원 KT 위즈파크,17:00,20.7
엄상백,2023,KT,2023-05-07,@ Hanwha,SP,L,11.25,2.0,4,83,5,5,6,0,2,2,0,30.0,Away,대전 한화생명 볼파크,14:00,15.0
엄상백,2023,KT,2023-04-30,vs. Samsung,SP,,0.0,0.71,7,84,0,0,4,0,8,1,0,76.0,Home,수원 KT 위즈파크,14:00,18.3
엄상백,2023,KT,2023-04-25,@ Kiwoom,SP,L,1.8,1.4,5,87,1,1,4,0,6,3,0,58.0,Away,고척 스카이돔,18:30,25.5
엄상백,2023,KT,2023-04-19,vs. SSG,SP,W,0.0,0.6,5,68,0,0,2,0,6,1,0,68.0,Home,수원 KT 위즈파크,18:30,20.9
엄상백,2022,KT,2022-10-08,@ Kia,SP,W,0.0,1.31,5 ⅓,97,0,0,4,0,6,3,0,63.0,Away,광주 기아 챔피언스 필드,17:00,19.8
엄상백,2022,KT,2022-09-25,@ NC,SP,W,0.0,0.33,6,80,0,0,1,0,4,1,0,73.0,Away,창원 NC 파크,14:00,21.1
엄상백,2022,KT,2022-09-18,vs. Lotte,SP,,3.0,1.5,6,82,2,2,6,0,1,3,0,50.0,Home,수원 KT 위즈파크,14:00,31.7
엄상백,2022,KT,2022-09-13,@ Hanwha,SP,W,3.0,1.0,6,95,2,2,5,2,7,1,0,60.0,Away,대전 한화생명 볼파크,18:30,26.8
엄상백,2022,KT,2022-09-07,vs. Hanwha,SP,W,3.0,1.17,6,98,2,2,6,0,7,1,0,58.0,Home,수원 KT 위즈파크,18:30,25.5
엄상백,2022,KT,2022-09-01,vs. LG,SP,,0.0,0.57,7,100,0,0,3,0,13,1,1,82.0,Home,수원 KT 위즈파크,18:30,28.7
엄상백,2022,KT,2022-08-25,vs. SSG,SP,,4.5,1.0,6,100,3,3,3,2,7,3,0,58.0,Home,수원 KT 위즈파크,18:30,24.4
엄상백,2022,KT,2022-08-19,@ Lotte,SP,,4.76,1.59,5 ⅔,103,3,3,5,1,7,4,0,50.0,Away,사직 야구장,18:30,30.3
엄상백,2022,KT,2022-08-13,vs. Samsung,SP,W,1.42,1.11,6 ⅓,99,1,1,5,0,7,2,0,64.0,Home,수원 KT 위즈파크,18:00,29.4
엄상백,2022,KT,2022-08-07,vs. Hanwha,SP,,5.4,2.0,5,103,3,3,9,0,7,1,0,43.0,Home,수원 KT 위즈파크,17:00,32.4
엄상백,2022,KT,2022-08-03,@ NC,RP,,0.0,0.0,1,13,0,0,0,0,1,0,0,,Away,창원 NC 파크,18:30,31.5
엄상백,2022,KT,2022-07-27,vs. Kiwoom,SP,,1.5,0.83,6,102,1,1,4,1,5,1,1,63.0,Home,수원 KT 위즈파크,18:30,30.7
엄상백,2022,KT,2022-07-10,vs. Lotte,RP,,7.71,1.29,2 ⅓,38,2,2,2,1,3,1,0,,Home,수원 KT 위즈파크,17:00,34.3
엄상백,2022,KT,2022-07-06,@ Kia,RP,,0.0,0.0,1,12,0,0,0,0,1,0,0,,Away,광주 기아 챔피언스 필드,18:30,33.1
엄상백,2022,KT,2022-07-01,vs. Doosan,RP,,0.0,2.25,2 ⅔,56,2,0,4,0,4,2,0,,Home,수원 KT 위즈파크,18:30,31.2
엄상백,2022,KT,2022-06-30,@ Samsung,RP,,0.0,0.0,1,11,0,0,0,0,1,0,0,,Away,대구 삼성 라이온즈 파크,18:30,29.0
엄상백,2022,KT,2022-06-26,vs. LG,RP,,0.0,2.0,2,35,0,0,3,0,0,1,0,,Home,수원 KT 위즈파크,17:00,29.1
엄상백,2022,KT,2022-06-21,vs. NC,SP,W,1.5,0.83,6,100,1,1,2,0,2,3,0,63.0,Home,수원 KT 위즈파크,18:30,26.8
엄상백,2022,KT,2022-06-15,vs. SSG,SP,,9.0,2.0,3,52,3,3,4,1,2,2,0,39.0,Home,수원 KT 위즈파크,18:30,23.3
엄상백,2022,KT,2022-06-09,@ Kiwoom,RP,W,2.25,0.5,4,54,1,1,2,1,3,0,0,,Away,고척 스카이돔,18:30,25.5
엄상백,2022,KT,2022-06-08,@ Kiwoom,RP,,0.0,1.0,1,17,0,0,0,0,3,1,0,,Away,고척 스카이돔,18:30,25.5
엄상백,2022,KT,2022-06-04,vs. Kia,SP,W,1.59,1.41,5 ⅔,79,1,1,5,0,3,3,0,55.0,Home,수원 KT 위즈파크,17:00,27.0
엄상백,2022,KT,2022-05-29,vs. Hanwha,SP,,6.75,1.31,5 ⅓,91,4,4,6,1,7,1,0,46.0,Home,수원 KT 위즈파크,14:00,26.6
엄상백,2022,KT,2022-05-24,@ NC,SP,,1.69,1.69,5 ⅓,86,1,1,7,0,7,2,0,55.0,Away,창원 NC 파크,18:30,25.6
엄상백,2022,KT,2022-05-18,vs. LG,SP,L,3.86,1.29,4 ⅔,108,4,2,3,1,6,3,0,49.0,Home,수원 KT 위즈파크,18:30,24.3
엄상백,2022,KT,2022-05-11,@ Kia,SP,W,7.94,1.94,5 ⅔,102,5,5,10,2,5,1,0,33.0,Away,광주 기아 챔피언스 필드,18:30,23.5
엄상백,2022,KT,2022-05-05,vs. Lotte,SP,W,3.38,1.31,5 ⅓,97,2,2,4,0,3,3,1,51.0,Home,수원 KT 위즈파크,14:00,23.9
엄상백,2022,KT,2022-04-29,@ Kiwoom,SP,W,3.38,1.13,5 ⅓,92,3,2,6,0,6,0,1,51.0,Away,고척 스카이돔,18:30,25.5
엄상백,2022,KT,2022-04-23,vs. NC,SP,,3.0,1.0,6,83,2,2,5,0,3,1,0,56.0,Home,수원 KT 위즈파크,17:00,24.7
엄상백,2022,KT,2022-04-17,@ Lotte,SP,L,5.4,2.4,3 ⅓,72,2,2,7,1,4,1,0,41.0,Away,사직 야구장,14:00,19.1
엄상백,2022,KT,2022-04-09,@ Hanwha,RP,,0.0,1.5,1 ⅓,25,1,0,2,0,1,0,0,,Away,대전 한화생명 볼파크,17:00,24.9
엄상백,2022,KT,2022-04-07,vs. SSG,RP,,0.0,0.0,1 ⅓,22,0,0,0,0,2,0,0,,Home,수원 KT 위즈파크,18:30,11.2
엄상백,2022,KT,2022-04-05,vs. SSG,RP,,5.4,1.2,1 ⅔,19,1,1,2,0,1,0,0,,Home,수원 KT 위즈파크,18:30,13.5
엄상백,2021,KT,2021-10-15,vs. Kia,SP,,7.2,1.4,5,90,4,4,5,0,3,2,1,41.0,Home,수원 KT 위즈파크,18:30,20.4
엄상백,2021,KT,2021-10-07,vs. Kiwoom,SP,W,3.0,0.83,6,84,2,2,4,1,5,1,0,60.0,Home,수원 KT 위즈파크,18:30,20.3
엄상백,2021,KT,2021-10-01,@ Lotte,SP,L,4.5,1.33,6,92,3,3,6,1,6,2,0,52.0,Away,사직 야구장,18:30,23.1
엄상백,2021,KT,2021-09-22,@ Kia,RP,,0.0,0.9,6 ⅔,91,0,0,2,0,6,4,0,,Away,광주 기아 챔피언스 필드,18:30,26.5
엄상백,2021,KT,2021-09-16,vs. Lotte,SP,W,7.2,1.2,5,85,4,4,4,2,2,2,0,43.0,Home,수원 KT 위즈파크,18:30,25.6
엄상백,2021,KT,2021-09-10,@ Samsung,SP,,4.5,2.25,4,96,2,2,3,1,4,6,0,46.0,Away,대구 삼성 라이온즈 파크,18:30,24.4
엄상백,2021,KT,2021-09-01,@ Hanwha,SP,,6.75,1.75,4,84,3,3,5,0,4,2,1,41.0,Away,대전 한화생명 볼파크,18:30,26.4
엄상백,2021,KT,2021-08-26,vs. SSG,SP,W,3.0,0.83,6,89,2,2,4,2,4,1,0,59.0,Home,수원 KT 위즈파크,18:30,29.7
엄상백,2021,KT,2021-08-20,@ Lotte,SP,W,3.6,1.8,5,100,2,2,4,0,5,5,1,50.0,Away,사직 야구장,18:30,29.0
엄상백,2021,KT,2021-08-12,@ Kiwoom,SP,,3.6,1.4,5,100,2,2,4,0,6,3,0,54.0,Away,고척 스카이돔,18:30,25.5
박준영,2023,Hanwha,2023-09-27,vs. Samsung,RP,,135.0,15.0,0 ⅓,24,5,5,2,0,0,3,0,,Home,대전 한화생명 볼파크,18:30,24.2
박준영,2023,Hanwha,2023-09-21,vs. Kia,RP,,36.0,4.0,1,39,4,4,0,0,3,4,0,,Home,대전 한화생명 볼파크,18:30,22.0
박준영,2023,Hanwha,2023-09-12,@ Doosan,RP,,0.0,0.0,1,12,0,0,0,0,1,0,0,,Away,잠실 야구장,18:30,28.0
박준영,2023,Hanwha,2023-09-09,@ Kiwoom,RP,,0.0,0.5,2,26,0,0,0,0,3,1,0,,Away,고척 스카이돔,17:00,25.5
박준영,2022,Hanwha,2022-10-08,@ NC,SP,,9.64,1.71,4 ⅔,76,5,5,6,1,5,2,0,35.0,Away,창원 NC 파크,17:00,18.7
박준영,2022,Hanwha,2022-10-02,vs. Kia,SP,L,19.29,2.14,2 ⅓,39,5,5,3,0,2,2,0,31.0,Home,대전 한화생명 볼파크,14:00,26.6
박준영,2022,Hanwha,2022-06-07,@ Doosan,RP,,0.0,1.0,1,23,0,0,1,0,0,0,0,,Away,잠실 야구장,18:30,22.9
박준영,2022,Hanwha,2022-05-31,vs. NC,RP,,0.0,1.0,1,14,0,0,0,0,1,1,0,,Home,대전 한화생명 볼파크,18:30,26.4
박준영,2022,Hanwha,2022-05-26,vs. Doosan,RP,,13.5,3.0,2,64,3,3,3,0,2,3,0,,Home,대전 한화생명 볼파크,18:30,24.0
